0066	VP-CAA	MD87
0079	VP-CLR	B737
007F	VP-CVK	GLF5
00D9	VP-BZL	B737
00EE	VP-BBW	B737
00F2	VP-BEJ	CL60
0111	VP-BCL	CRJ7
0143	VP-BWR	B737
0155	VP-BWG	A319
0159	VP-BWH	A320
015D	VP-BWI	A320
015E	VP-BWJ	A319
0165	VP-BDS	C525
0166	VP-BWL	A319
016C	VP-BEL	B737
018B	VP-BRT	B737
01A7	VP-BJM	CL60
01C8	VP-CGO	GLEX
01DB	VP-CLB	F900
0207	VP-CTU	A321
0209	VP-CLU	EC45
020A	VP-CAJ	B738
020D	VP-CFN	A21N
020E	VP-CFQ	A21N
0211	VP-CFS	A321
0215	VP-CMS	GLF5
0216	VP-CIE	A320
0218	VP-CKK	A332
0219	VP-CXO	GLF6
021A	VP-CBA	B734
021B	VP-CDJ	F2TH
021D	VP-CID	A320
021E	VP-CQQ	A20N
021F	VP-CRY	A20N
0220	VP-CSM	A20N
0221	VP-CUE	A20N
0224	VP-CVY	A20N
0225	VP-CWE	A21N
0226	VP-CWF	A20N
0227	VP-CWH	A20N
0228	VP-CUJ	A339
0229	VP-CUM	A339
022C	VP-CAN	A320
022E	VP-CBK	A320
0232	VP-CAU	A320
0234	VP-CHN	A20N
0236	VP-CIQ	A20N
0237	VP-CAR	A20N
0239	VP-CJE	A320
023B	VP-CCI	A320
023C	VP-CCL	A320
023D	VP-CCN	A320
023E	VP-CCO	A320
023F	VP-CCR	A320
0240	VP-CCP	A320
0242	VP-CCS	A320
0249	VP-CEZ	A320
024D	VP-CEQ	A20N
024E	VP-CET	A20N
024F	VP-CEY	A20N
0250	VP-CDW	A20N
0254	VP-CLN	A332
0255	VP-CLO	A332
0258	VP-CDS	A320
0259	VP-CEH	A320
025A	VP-CLI	A332
025C	VP-CNA	C550
025D	VP-CGG	A20N
025F	VP-CIC	FA6X
0264	VP-CNG	B738
0265	VP-CKD	A333
0266	VP-COA	A20N
0267	VP-COB	A20N
0268	VP-COD	A20N
0269	VP-COE	A20N
026A	VP-COI	A20N
026B	VP-COJ	A20N
026F	VP-CRF	C25C
0275	VP-CWS	GLF4
0276	VP-CFL	E190
0277	VP-CFT	E190
0278	VP-CHH	E190
0279	VP-CMG	B738
027A	VP-CMK	B738
027B	VP-CSZ	B738
027D	VP-COV	B738
0284	VP-CML	B738
0286	VP-CMW	B738
0287	VP-CBX	A321
0289	VP-CWM	A332
028D	VP-CMU	GLF6
028E	VP-CHG	A320
0290	VP-CHL	A321
0292	VP-CBF	A320
0294	VP-CZS	H160
0297	VP-CBZ	E190
0298	VP-CTY	GL7T
0299	VP-COR	GA7C
029A	VP-CYX	GA5C
029B	VP-CFR	GA7C
02A0	VP-CHF	EC45
02A4	VP-CDL	GLF6
02A5	VP-CAT	H160
02A7	VP-CAW	DHC6
02A8	VP-CLP	EC45
02AA	VP-CJJ	GLF6
02AC	VP-CWZ	GLF5
02AD	VP-CAY	LJ60
02AF	VP-CBJ	A339
02B0	VP-CCG	GL7T
02B2	VP-CDA	GL7T
02B4	VP-CJM	GL7T
02B5	VP-CHY	FA8X
02B6	VP-CDY	A319
02B7	VP-COY	FA7X
02B8	VP-CSL	GLF6
02B9	VP-CNS	GA7C
02BA	VP-CJV	GLF6
02BB	VP-CXM	GLF5
02BC	VP-CAI	GLF4
02BD	VP-CPM	GLF6
02BF	VP-CBI	GA7C
02C1	VP-CFZ	GLF5
02C2	VP-CYH	E35L
02C3	VP-CNF	GL7T
02C4	VP-CXL	GA7C
02C5	VP-CMV	GLEX
02C6	VP-CPH	B739
02C7	VP-CYG	GA8C
02C9	VP-CFV	G280
02CB	VP-CAH	GL5T
02CD	VP-CKY	GA8C
02CE	VP-CLG	GA6C
02D3	VP-CDI	GLF6
02D6	VP-CUU	GL7T
0347	VQ-TKN	AT45
0380	VQ-TEL	E120
0381	VQ-TVG	E120
0382	VQ-TBC	E120
0383	VQ-TDG	E120
0384	VQ-TMJ	E120
0385	VQ-TPG	E120
0386	VQ-TTL	B190
0389	VQ-TRG	E120
038B	VQ-TIC	E145
038D	VQ-TCE	C402
038E	VQ-TGG	B190
038F	VQ-TIN	C402
0390	VQ-TRF	C402
0391	VQ-TEG	E120
0394	VQ-TWG	DHC6
0395	VQ-TAC	PA31
0396	VQ-TCP	E145
0397	VQ-TLR	E145
0399	VQ-THM	AT45
039A	VQ-TAB	E145
039B	VQ-TCM	C404
039C	VQ-TJM	B190
039D	VQ-TPS	E145
039E	VQ-TCC	DHC6
039F	VQ-THW	AT72
03A0	VQ-TRS	AT45
03A4	VQ-TGD	AT45
03A6	VQ-TBB	AT45
03A8	VQ-TGY	AT45
03AA	VQ-TNS	E170
03AE	VQ-THG	E170
040E	G-BNLO	B744
0428	G-LSAD	B752
0432	G-LSAA	B752
0437	G-LSAJ	B752
04C7	G-BNLY	B744
04FE	G-MACY	B762
054D	G-CIVA	B744
054F	G-BNWX	B763
0550	G-CIVC	B744
0551	G-CIVB	B744
0561	G-JMCB	B734
056E	G-OOBR	B752
057D	G-CIVD	B744
057E	G-CIVE	B744
0589	G-BIKX	B752
058A	G-ZZZA	B772
058B	G-ZZZB	B772
058C	G-ZZZC	B772
05A5	G-CIVF	B744
05A9	G-ETPK	RJ70
05B9	G-VIIA	B772
05BA	G-VIIB	B772
05BB	G-VIIC	B772
05BC	G-VIID	B772
05BD	G-VIIE	B772
05BE	G-VIIF	B772
05BF	G-VIIG	B772
05C0	G-VIIH	B772
05C1	G-RAES	B772
05C2	G-BNWY	B763
05D4	G-DHLL	B763
05E2	G-CIVI	B744
05E3	G-CIVH	B744
0610	G-VIIJ	B772
0612	G-CIVJ	B744
0613	G-CIVK	B744
0614	G-CIVL	B744
0615	G-CIVM	B744
065B	G-BIKP	B752
065C	G-BIKR	B752
0660	G-BIKV	B752
0662	G-BIKZ	B752
0663	G-BMRA	B752
0664	G-BMRB	B752
0666	G-BMRD	B752
0667	G-BMRE	B752
0668	G-BMRF	B752
066B	G-BMRI	B752
066C	G-BMRJ	B752
0678	G-VAST	B744
0682	G-BWWT	D328
0683	G-VIIK	B772
0684	G-VIIL	B772
0685	G-VIIM	B772
068F	G-CIVN	B744
0690	G-CIVO	B744
0691	G-CIVP	B744
0696	G-EMBC	E145
06A8	G-CIVR	B744
06A9	G-CIVS	B744
06AA	G-CIVT	B744
06AB	G-CIVU	B744
06AC	G-CIVV	B744
06AD	G-CIVW	B744
06AE	G-CIVX	B744
06AF	G-CIVY	B744
06B0	G-CIVZ	B744
06B1	G-BYGA	B744
06B2	G-BYGB	B744
06B3	G-BYGC	B744
06B4	G-OBYF	B763
06C0	G-VIIN	B772
06C1	G-VIIO	B772
06C2	G-VIIP	B772
06C3	G-VIIR	B772
06C4	G-VIIS	B772
06C6	G-BZHA	B763
06EB	G-GDFK	B733
06EE	G-GDFT	B733
06F5	G-JMCT	B733
0728	G-MAFA	F406
0729	G-MAFB	F406
072B	G-GDFN	B733
073C	G-BYGD	B744
073D	G-BYGE	B744
073E	G-BYGF	B744
073F	G-BYGG	B744
0771	G-VIIT	B772
0772	G-VIIU	B772
0773	G-VIIV	B772
0774	G-VIIW	B772
0775	G-VIIX	B772
0776	G-VIIY	B772
0778	G-SWRD	B733
0794	G-EMBH	E145
0795	G-SAJG	E145
0796	G-SAJH	E145
07DA	G-SAJL	E145
07DB	G-SAJJ	E145
07DC	G-SAJK	E145
07E4	G-MIDY	A320
07E8	G-TCDZ	A321
07EC	G-YMMA	B772
07ED	G-YMMB	B772
07EE	G-YMMC	B772
07EF	G-YMMD	B772
07F0	G-YMME	B772
07F1	G-YMMF	B772
07F2	G-YMMG	B772
07F3	G-YMMH	B772
07F4	G-YMMI	B772
07F5	G-YMMJ	B772
07F6	G-YMMK	B772
07F7	G-YMML	B772
07F9	G-YMMN	B772
07FA	G-YMMO	B772
07FB	G-YMMP	B772
07FD	G-BYMK	D328
0801	G-EUPA	A319
0802	G-EUPB	A319
0803	G-EUPC	A319
0804	G-EUPD	A319
080F	G-SAJI	E145
081A	G-LUXE	B463
081B	G-OMYT	A332
0834	G-MIDX	A320
083B	G-EUPE	A319
083C	G-EUPF	A319
083F	G-SMLA	B462
0846	G-SAJN	E145
0853	G-LGNC	SF34
0871	G-ETPL	RJ1H
0877	G-EUPG	A319
0878	G-EUPH	A319
0879	G-EUPJ	A319
087A	G-EUPK	A319
087B	G-EUPL	A319
087C	G-EUPM	A319
087D	G-ERJC	E145
0880	G-SAJF	E145
0896	G-SAJC	E145
08A8	G-SCAA	EC35
08AD	G-EUPN	A319
08AE	G-EUPO	A319
08B0	G-EUPV	A319
08B1	G-EUPP	A319
08B2	G-EUPR	A319
08B3	G-EUPS	A319
08B4	G-EUPT	A319
08B5	G-EUPU	A319
08BA	G-OFOM	B461
08BC	G-CFAC	RJ1H
08CB	G-OZBS	A321
08CF	G-SOVB	LJ45
08D0	G-UJET	LJ45
08D1	G-BZRS	EC35
08D3	G-KRNW	EC35
08DE	G-SAJS	E145
08E5	G-MIDT	A320
08E6	G-MIDS	A320
08F1	G-EUPW	A319
08F2	G-EUPY	A319
08F6	G-VROS	B744
08F7	G-VGAL	B744
08F8	G-VLIP	B744
08FC	G-ZIZI	C525
092B	G-SAJE	E145
0934	G-EUPX	A319
0935	G-EUPZ	A319
0936	G-EUOA	A319
0937	G-EUOB	A319
0938	G-EUOC	A319
093B	G-FLYA	M20P
093D	G-EUOD	A319
093E	G-EUOE	A319
093F	G-EUOG	A319
0940	G-EUOH	A319
0942	G-EUOF	A319
0944	G-SAJD	E145
0947	G-RJXJ	E135
0955	G-OZBX	A320
095D	G-TTOB	A320
0960	G-TTOE	A320
0964	G-SIRS	C56X
0965	G-MEDG	A321
0966	G-MEDF	A321
0969	G-SAJU	E135
0976	G-OICU	LJ45
0978	G-FPLD	BE20
0979	G-CHCF	AS3B
097C	G-EUUA	A320
097D	G-EUUB	A320
097E	G-EUUC	A320
097F	G-EUUD	A320
0980	G-EUUE	A320
0981	G-EUUF	A320
0982	G-EUUG	A320
0983	G-MAJA	JS41
0984	G-MAJB	JS41
0985	G-MAJC	JS41
0986	G-MAJD	JS41
0987	G-MAJE	JS41
0988	G-MAJF	JS41
0989	G-MAJG	JS41
098A	G-MAJH	JS41
098C	G-MAJJ	JS41
098D	G-MAJK	JS41
098E	G-MAJL	JS41
0994	G-BSWR	BN2T
09B4	G-WPNS	BN2T
09C5	G-EUUH	A320
09C6	G-EUUI	A320
09C7	G-EUUJ	A320
09C8	G-FFRA	FA20
09C9	G-FRAF	FA20
09CA	G-FRAH	FA20
09CB	G-FRAI	FA20
09CC	G-FRAJ	FA20
09CD	G-FRAK	FA20
09CE	G-FRAL	FA20
09D0	G-FRAO	FA20
09D1	G-FRAP	FA20
09D2	G-FRAR	FA20
09D3	G-FRAS	FA20
09D4	G-FRAT	FA20
09D5	G-FRAU	FA20
09D6	G-FRAW	FA20
09D8	G-EUUK	A320
09D9	G-EUUL	A320
09DA	G-EUUM	A320
09DB	G-EUUN	A320
09DC	G-CBUB	B412
09DD	G-OOBC	B752
09DE	G-OOBD	B752
09E6	G-CBVP	B412
09F9	G-MIDO	A320
09FD	G-SPHU	EC35
0A0E	G-EUUO	A320
0A12	G-CELY	B733
0A17	G-BFIV	C177
0A18	G-NWEM	EC35
0A1C	G-ONAV	PA31
0A22	G-CHCG	AS3B
0A25	G-EUUP	A320
0A26	G-EUUR	A320
0A28	G-BWWW	JS31
0A2A	G-JEDM	DH8D
0A30	G-POWW	A321
0A31	G-YAKN	YK52
0A35	G-CELE	B733
0A38	G-MAIR	PA34
0A45	G-HRYZ	P28A
0A5B	G-DBCA	A319
0A5C	G-BHZR	BDOG
0A5D	G-TALP	C172
0A5F	G-CELR	B733
0A60	G-OOBF	B752
0A62	G-BHTA	P28B
0A63	G-NWAE	EC35
0A64	G-POLJ	EC35
0A66	G-MEDJ	A321
0A6C	G-BCBG	PA27
0A70	G-TENG	E300
0A73	G-VIPA	C182
0A75	G-RAFK	BE20
0A77	G-JEDP	DH8D
0A79	G-JEDT	DH8D
0A7C	G-DBCC	A319
0A7D	G-DBCB	A319
0A80	G-IBFW	P28R
0A84	G-RAFL	BE20
0A86	G-OLIV	BE20
0A8C	G-BMLS	P28R
0A8D	G-BAMV	DR40
0A90	G-ECLM	A346
0A98	G-GAJB	AA5
0A99	G-NEWG	B737
0A9C	G-BTII	AA5
0A9D	G-JANT	P28A
0A9E	G-BFUB	P32T
0AA0	G-EZEH	A319
0AA5	G-PLAZ	AC11
0AAE	G-REDN	AS3B
0AAF	G-MRST	P28T
0AB0	G-GPMW	P28U
0AB2	G-DIXY	P28A
0AB3	G-JACS	P28A
0AB5	G-BONC	P28T
0AB8	G-RIGH	P32R
0ABC	G-NESW	PA34
0ABD	G-JEDU	DH8D
0AC1	G-TWIZ	AC11
0AC5	G-OAJS	PA30
0AC9	G-RVNM	P68
0ACA	G-UILT	C303
0ACC	G-ZLOJ	BT36
0ACF	G-ZZSB	EC25
0AD0	G-CBTT	P28A
0AD2	G-JEDV	DH8D
0AD3	G-BOGM	P28U
0AD4	G-RVIX	RV9
0AD6	G-ATCX	C182
0AD8	G-VONS	P32R
0ADD	G-EZEN	A319
0AE6	G-EZEY	A319
0AE8	G-SENE	PA34
0AE9	G-BNVE	P28A
0AEA	G-PECK	PA32
0AEB	G-DJJA	P28A
0AEC	G-ARJT	PA23
0AF3	G-BRXP	SV4
0AF4	G-DNOP	PA46
0AF7	G-EZAM	A319
0AF9	G-EZMH	A319
0AFB	G-EUXC	A321
0AFC	G-EUXD	A321
0AFD	G-EUXE	A321
0AFE	G-EUXF	A321
0AFF	G-EUXG	A321
0B00	G-EUXH	A321
0B01	G-HMEI	F900
0B02	G-ROKT	C172
0B03	G-CPSS	C208
0B04	G-JEDW	DH8D
0B06	G-GOTH	P28A
0B0C	G-CCYG	R44
0B0D	G-BTZO	TB20
0B0E	G-DENI	PA32
0B0F	G-CSIX	PA32
0B10	G-BNYM	C172
0B13	G-IFUT	BN2P
0B15	G-BHRO	AC11
0B17	G-ISHA	P28A
0B1C	G-BZTN	EUPA
0B1E	G-CBHI	EUPA
0B1F	G-CZNE	BN2T
0B20	G-OCAC	HR20
0B22	G-OMAF	D228
0B24	G-WVIP	BE20
0B25	G-BOHR	P28A
0B28	G-SHRT	R44
0B2A	G-BSDW	C182
0B2C	G-ANNI	DH82
0B2D	G-SHUG	P28S
0B32	G-GVFR	TB20
0B36	G-STUY	R44
0B39	G-JGAR	R44
0B3A	G-IPJF	R44
0B3E	G-AMRA	DC3
0B3F	G-ANAF	DC3
0B40	G-AMPY	DC3
0B49	G-FLOW	C172
0B4A	G-INDX	R44
0B4B	G-DHLM	B763
0B4F	G-SALA	PA32
0B50	G-BRUX	PA44
0B52	G-BBIF	PA27
0B54	G-GATT	R44
0B5B	G-BEUD	HR10
0B5E	G-OLCP	AS55
0B60	G-BCKT	SUBA
0B62	G-DIZY	P28S
0B65	G-BHZT	BDOG
0B68	G-NATT	AC11
0B6A	G-COVA	P28A
0B6E	G-TRIN	TB20
0B6F	G-CPMS	TB20
0B70	G-OJAC	M20P
0B72	G-BYZA	AS55
0B75	G-MLBC	C550
0B76	G-AZOL	PA34
0B7E	G-BAKJ	PA30
0B7F	G-BBRA	PA27
0B80	G-BTRK	P28A
0B82	G-DBCD	A319
0B83	G-DBCE	A319
0B84	G-DBCF	A319
0B86	G-RACO	P28R
0B87	G-CBYU	P28A
0B88	G-BHFH	PA34
0B8E	G-AZOG	P28R
0B8F	G-BJHB	M20P
0B90	G-OART	PA27
0B91	G-CRUZ	C303
0B92	G-PSNI	EC35
0B93	G-SAJT	E135
0BA2	G-CDEA	SB20
0BA3	G-BSGT	T210
0BA4	G-XINE	P28A
0BA8	G-CDCV	R44
0BAD	G-BEIP	P28A
0BB2	G-CDEB	SB20
0BB9	G-ORAY	C182
0BBA	G-GDMW	BE76
0BBB	G-GRYZ	BE33
0BBF	G-VMJM	TOBA
0BC1	G-RVRX	P68
0BC3	G-VIPY	PA31
0BC8	G-BNUN	BE58
0BCB	G-EJTC	R44
0BCD	G-HUEW	EUPA
0BD1	G-RVPH	RV8
0BD2	G-EMDM	DA40
0BD3	G-BUJP	P28A
0BD4	G-GHRW	P28T
0BD6	G-EELS	C208
0BD7	G-EZMK	A319
0BDB	G-EZPG	A319
0BDD	G-CCST	P32R
0BDF	G-BXYO	P28T
0BE1	G-JAJK	PA31
0BE2	G-LIDE	PA31
0BE5	G-MEDK	A320
0BE6	G-SAJR	E135
0BE8	G-WERY	TB20
0BE9	G-OBBO	C182
0BEC	G-THSL	P28R
0BEF	G-MULT	BE76
0BF2	G-BCYR	C172
0BF3	G-BHFE	PA44
0BF4	G-BNUO	BE76
0BF5	G-AWFC	P28R
0BF8	G-BEZL	PA31
0BFE	G-RVRE	P68
0BFF	G-RVRJ	PA27
0C01	G-CBTN	PA31
0C04	G-KENZ	VEZE
0C05	G-OWAL	PA34
0C07	G-MPFC	AA5
0C08	G-DMAH	TB20
0C0B	G-BJVH	C182
0C10	G-RVRW	PA27
0C11	G-MAXI	PA34
0C14	G-REDO	AS3B
0C16	G-TREC	C421
0C18	G-OTUI	TB20
0C19	G-DMCS	P28R
0C1F	G-BGHJ	C172
0C21	G-ISAR	C421
0C22	G-OSCC	PA32
0C24	G-POPA	BT36
0C25	G-BVYF	PA31
0C28	G-LIVS	GLIM
0C29	G-OBAL	M20P
0C2A	G-ATHR	P28A
0C2B	G-BTNT	P28A
0C2C	G-CBAL	P28A
0C2D	G-BNMB	P28A
0C2E	G-UAVA	PA30
0C2F	G-KVIP	BE20
0C31	G-DIPM	PA46
0C32	G-HWAA	EC35
0C33	G-BHLX	AA5
0C35	G-SAPM	TB20
0C37	G-ATSR	BE35
0C41	G-EZNM	A319
0C4A	G-EZIH	A319
0C4B	G-EZII	A319
0C51	G-AVNU	P28A
0C55	G-OSEA	BN2P
0C56	G-TERY	P28A
0C58	G-OAUD	R44
0C5F	G-ECJM	P28S
0C62	G-PXMI	A109
0C67	G-NSUK	PA34
0C6F	G-LINN	EUPA
0C72	G-BAVL	PA27
0C73	G-EFBP	C172
0C77	G-CVXT	GLIM
0C79	G-BTFT	BE58
0C7B	G-VIKE	BL17
0C7F	G-BOIC	P28S
0C81	G-BYBP	C185
0C83	G-BZIT	BE55
0C84	G-JLRW	BE76
0C85	G-BOFC	BE76
0C86	G-UMMI	PA31
0C87	G-FANL	C172
0C88	G-BBXK	PA34
0C89	G-ORVR	P68
0C8B	G-HUBB	P68
0C90	G-SCIP	TB20
0C91	G-VALY	TB21
0CA4	G-OHAM	R44
0CA7	G-GCRM	RF6
0CA9	G-FIND	F406
0CAC	G-NOSE	C402
0CAD	G-MIND	C404
0CB0	G-BODY	C310
0CB4	G-WLDN	R44
0CB5	G-RVRB	PA34
0CB6	G-CALL	PA27
0CB7	G-BTZA	BE33
0CBA	G-INAS	P28A
0CBB	G-JREE	M7
0CBC	G-DSID	PA34
0CBD	G-BJCW	P32R
0CBF	G-ELIS	PA34
0CC3	G-AZWY	PA24
0CC5	G-BMJO	PA34
0CC6	G-CIEL	C56X
0CC9	G-REST	BE35
0CCA	G-BRDO	C177
0CCC	G-BJNZ	PA27
0CCD	G-GSPY	R44
0CCE	G-BXGA	AS50
0CD8	G-EZIY	A319
0CDA	G-BYKP	P28U
0CDB	G-EMCA	AC11
0CDC	G-LARE	PA30
0CE1	G-SLCT	DA42
0CE2	G-SELC	DA42
0CE3	G-ROMT	R44
0CE7	G-HOLA	P28A
0CEA	G-EVEE	R44
0CEB	G-EUXI	A321
0CED	G-BTJA	L8
0CEF	G-LGNK	SF34
0CF1	G-CCPJ	EV97
0CF2	G-CDDG	P28A
0CF3	G-RAGT	PA32
0CF4	G-MLLI	P32T
0CF5	G-AZGL	RALL
0CF8	G-XSFT	PA27
0CFA	G-BSPG	PA34
0D01	G-CTCE	DA42
0D02	G-CTCF	DA42
0D03	G-CTCG	DA42
0D04	G-JKMI	DA42
0D09	G-FJMS	P68
0D0C	G-DHMM	PA34
0D0D	G-BCVY	PA34
0D0E	G-OHLI	R44
0D0F	G-WALI	R44
0D11	G-NICI	R44
0D12	G-BNDR	TOBA
0D14	G-GREY	PA46
0D18	G-PDGN	AS65
0D1A	G-BPRJ	AS55
0D1B	G-BVLG	AS55
0D1C	G-NETR	AS55
0D1E	G-PDGI	AS50
0D23	G-CBBC	BDOG
0D24	G-BJEC	BN2T
0D26	G-BWSG	JPRO
0D27	G-LSAB	B752
0D28	G-STOP	R44
0D29	G-BLFI	P28A
0D2B	G-BBHF	PA27
0D2D	G-RATV	P28U
0D2E	G-OTVR	PA34
0D37	G-NFLA	JS31
0D3A	G-ATSZ	PA30
0D3C	G-OVIN	AC11
0D3D	G-SIGN	PA30
0D41	G-JAKF	R44
0D43	G-SCOF	AS55
0D44	G-BOPA	P28A
0D45	G-OOTT	AS50
0D47	G-DASH	AC11
0D4F	G-BSRR	C182
0D50	G-TCEE	H500
0D53	G-TAMC	S330
0D56	G-BGXD	TOBA
0D58	G-ECLD	A346
0D59	G-OAFS	P32R
0D5A	G-DBCG	A319
0D5B	G-DBCH	A319
0D60	G-DAKT	P28B
0D64	G-PCOP	BE20
0D66	G-KITS	EUPA
0D68	G-RVNO	PA34
0D6D	G-HSTI	R44
0D72	G-SEEK	C210
0D74	G-AWUZ	C172
0D78	G-CHIP	P28A
0D7B	G-BOUM	PA34
0D7E	G-DHCC	DHC1
0D81	G-OPSS	SR20
0D83	G-APBW	AUS5
0D84	G-ELAM	PA30
0D85	G-ARRD	DR10
0D86	G-CCVM	RV7
0D89	G-MEDL	A321
0D8A	G-PEJM	P28A
0D8C	G-EZAB	A319
0D8D	G-EZAC	A319
0D91	G-EZAG	A319
0D93	G-KEEF	AC11
0D94	G-NWAA	EC35
0D95	G-ORPC	EUPA
0D9A	G-ROUS	PA34
0D9C	G-HAFT	DA42
0D9E	G-FCAC	DA42
0D9F	G-DMND	DA42
0DA3	G-ODHB	R44
0DA9	G-VGAG	SR20
0DAB	G-GDSG	A109
0DAD	G-EZAI	A319
0DAE	G-EZAJ	A319
0DB1	G-EZAN	A319
0DB2	G-EZAO	A319
0DB3	G-EZAP	A319
0DB4	G-EZAS	A319
0DB5	G-ENHP	EN48
0DB9	G-BFBR	P28A
0DBA	G-FJET	C550
0DBB	G-GOAC	PA34
0DBC	G-AZHB	HR10
0DBD	G-JANI	R44
0DC2	G-SASC	BE20
0DC3	G-SASD	BE20
0DC4	G-RUES	HR10
0DC5	G-IINI	RV9
0DC7	G-OLFT	AC11
0DCC	G-ZOOL	C152
0DCD	G-CDEO	P28A
0DCE	G-SHAR	C182
0DD0	G-IJAG	C182
0DD3	G-ORCD	A109
0DD4	G-CTCD	DA42
0DD5	G-OPFR	DA42
0DD8	G-CDSF	DA40
0DDF	G-CDTA	EV97
0DE0	G-SAJO	E145
0DE1	G-TESI	SIRA
0DE4	G-EDEE	C42
0DE5	G-HIJK	C421
0DE9	G-XXRS	GLEX
0DEB	G-OBSM	R44
0DED	G-RULE	R44
0DF2	G-IFTE	H25A
0DF9	G-VANA	GA8
0DFA	G-BXOZ	P28A
0DFC	G-EMAA	EC35
0E00	G-JAFS	P32R
0E01	G-OTNA	R44
0E02	G-JKAY	R44
0E04	G-BPKF	G115
0E07	G-MAJT	JS41
0E09	G-ECLB	A346
0E0B	G-PGGY	R44
0E0C	G-CDME	RV7
0E0F	G-TIMC	R44
0E11	G-UURO	EV97
0E13	G-EZAU	A319
0E14	G-EZAV	A319
0E15	G-FRAD	FA20
0E16	G-CTCB	DA42
0E17	G-DSKY	DA42
0E1B	G-HILO	AC11
0E1F	G-OFFO	E300
0E20	G-ZXCL	E300
0E21	G-ZXEL	E300
0E22	G-ZEXL	E300
0E28	G-CBUG	ECHO
0E2A	G-BFZD	C82R
0E2C	G-EGJA	TB20
0E2F	G-BEAG	PA34
0E30	G-BGFT	PA34
0E32	G-BORW	C172
0E33	G-DAVD	C172
0E35	G-JHAC	C150
0E3A	G-CDWK	R44
0E3B	G-JPJR	R44
0E3C	G-LVIE	R44
0E3F	G-ZZSE	EC25
0E43	G-TUCK	RV8
0E46	G-SCOL	GA8
0E48	G-TSDS	P32R
0E4A	G-GDFJ	B738
0E4C	G-ERFS	P28A
0E4E	G-LSAC	B752
0E51	G-MEDM	A321
0E52	G-EUNI	BE20
0E53	G-GRLW	JAB4
0E59	G-EZAW	A319
0E5A	G-EZAX	A319
0E5B	G-EZAY	A319
0E5E	G-AWNT	BN2P
0E5F	G-CDJN	RAF2
0E62	G-JPOT	P32R
0E63	G-DAYD	A109
0E69	G-BAPJ	C150
0E6A	G-HYLL	R44
0E6C	G-PSJS	R22
0E6D	G-XARV	ARV1
0E73	G-BOMS	C172
0E77	G-ZAPX	B752
0E7D	G-BPUM	C82R
0E80	G-IBMS	R44
0E82	G-OCON	R44
0E84	G-ELSE	DA42
0E85	G-DJET	DA42
0E86	G-OFZY	AS55
0E8A	G-ASIT	C180
0E8B	G-LEAH	PNR3
0E8E	G-BYWK	G115
0E8F	G-BYWL	G115
0E90	G-BYWM	G115
0E92	G-BYWO	G115
0E94	G-BYWR	G115
0E95	G-BYWS	G115
0E97	G-BYWU	G115
0E98	G-BYWV	G115
0E99	G-BYWW	G115
0E9B	G-BYWX	G115
0E9C	G-BYWY	G115
0E9D	G-BYWZ	G115
0E9E	G-BYXA	G115
0EA0	G-BYXC	G115
0EA1	G-BYXD	G115
0EA2	G-BYXE	G115
0EA3	G-BYXF	G115
0EA4	G-BYXG	G115
0EA5	G-BYXH	G115
0EA6	G-BYXI	G115
0EA7	G-BYXJ	G115
0EA8	G-BYXK	G115
0EA9	G-BYXL	G115
0EAA	G-BYXM	G115
0EAC	G-BYXO	G115
0EAD	G-BYXP	G115
0EAF	G-BYXS	G115
0EB0	G-BYXT	G115
0EB1	G-BYXX	G115
0EB3	G-BYXZ	G115
0EB4	G-BYYA	G115
0EB5	G-BYYB	G115
0EB6	G-BYWA	G115
0EB7	G-BYWB	G115
0EB8	G-BYWC	G115
0EB9	G-BYWD	G115
0EBB	G-BYWF	G115
0EBC	G-BYWG	G115
0EBD	G-BYWH	G115
0EBE	G-BYWI	G115
0EBF	G-BYWJ	G115
0EC0	G-HURI	HURI
0EC4	G-RAMS	P32R
0EC6	G-BYUB	G115
0EC7	G-BYUC	G115
0EC8	G-BYUD	G115
0EC9	G-BYUE	G115
0ECA	G-BYUF	G115
0ECC	G-BYUH	G115
0ECD	G-BYUI	G115
0ECE	G-BYUJ	G115
0ECF	G-BYUK	G115
0ED0	G-BYUL	G115
0ED1	G-BYUM	G115
0ED2	G-BYUN	G115
0ED3	G-BYUO	G115
0ED5	G-BYUR	G115
0ED6	G-BYUS	G115
0ED8	G-BYUU	G115
0ED9	G-BYUV	G115
0EDA	G-BYUW	G115
0EDB	G-BYUX	G115
0EDC	G-BYUY	G115
0EDD	G-BYUZ	G115
0EDE	G-BYVA	G115
0EDF	G-BYVB	G115
0EE0	G-BYVC	G115
0EE1	G-BYVD	G115
0EE2	G-BYVE	G115
0EE3	G-BYVF	G115
0EE4	G-BYVG	G115
0EE5	G-BYVH	G115
0EE6	G-BYVI	G115
0EE8	G-BYVK	G115
0EE9	G-BYVL	G115
0EEA	G-BYVM	G115
0EEC	G-BYVO	G115
0EED	G-BYVP	G115
0EEE	G-BYVR	G115
0EF1	G-BYVU	G115
0EF3	G-BYVW	G115
0EF5	G-BYVY	G115
0EF6	G-BYVZ	G115
0EF9	G-JURG	AC11
0EFA	G-EEEK	E200
0EFB	G-EZBA	A319
0EFC	G-EZBB	A319
0EFD	G-EZBC	A319
0EFE	G-EZBD	A319
0EFF	G-EZBE	A319
0F00	G-EZBF	A319
0F02	G-EZBH	A319
0F05	G-LOYA	C172
0F06	G-CCVP	BE58
0F0A	G-NTWK	AS55
0F0B	G-ECLC	A346
0F0D	G-RIVE	D150
0F10	G-CLIF	C42
0F11	G-SARM	C42
0F14	G-ARJU	PA23
0F18	G-RASA	DA42
0F1B	G-CBDM	ECHO
0F1E	G-CDYO	C42
0F1F	G-YBAA	C172
0F20	G-CEAU	R44
0F21	G-HDEW	P32R
0F22	G-MAJW	JS41
0F26	G-MAJZ	JS41
0F28	G-MPSA	EC45
0F29	G-MPSB	EC45
0F2A	G-MPSC	EC45
0F2B	G-CDZT	BE20
0F2C	G-YEOM	PA31
0F32	G-SAIG	R44
0F33	G-SICB	BN2P
0F34	G-HTRL	PA34
0F37	G-RLMW	SIRA
0F39	G-CDPZ	FDCT
0F3C	G-CBZX	MCR1
0F45	G-BHCE	D11
0F48	G-RVMB	RV9
0F4C	G-LSAE	B752
0F4D	G-BYTB	TB20
0F4E	G-TAAB	SR22
0F50	G-SMKM	SR20
0F51	G-NESE	SIRA
0F52	G-CDXK	DA42
0F53	G-OWAR	P28A
0F59	G-TIGJ	AS32
0F63	G-ECLN	A346
0F64	G-DOZI	C42
0F65	G-BSPK	C195
0F66	G-DNKS	C42
0F67	G-DOLY	C303
0F68	G-MOOR	TOBA
0F6A	G-CCEJ	EV97
0F6B	G-RVCL	RV6
0F6D	G-CBMP	C82R
0F6F	G-BPGU	P28A
0F71	G-CDWI	C42
0F72	G-DASS	C42
0F73	G-SDOB	SIRA
0F77	G-EEZR	R44
0F7B	G-BEVG	PA34
0F7D	G-CDVS	EUPA
0F81	G-OCCX	DA42
0F83	G-CTCC	DA42
0F86	G-WOFM	A109
0F89	G-IACA	S92
0F8C	G-DAKM	DA40
0F8D	G-VEZE	VEZE
0F8E	G-AEDU	DH90
0F99	G-DBCJ	A319
0F9A	G-DBCK	A319
0F9B	G-CEDE	FDCT
0F9C	G-CDDS	CH60
0F9D	G-TOOZ	EC20
0FA4	G-LCPX	EC55
0FA5	G-BHDX	C172
0FA6	G-INDC	C303
0FAB	G-NDPA	C42
0FAD	G-ORCW	GLIM
0FAE	G-AXZP	PA27
0FB1	G-RVNE	P68
0FB5	G-LLMW	DA42
0FB6	G-JKMH	DA42
0FB7	G-PETS	DA42
0FBA	G-JECP	DH8D
0FBC	G-EFTA	DA42
0FBD	G-OCCF	DA40
0FBE	G-OCCG	DA40
0FC1	G-NALA	C172
0FC3	G-JVBP	EV97
0FC4	G-AZAB	PA30
0FC5	G-BHBG	P32R
0FC6	G-LXUS	PNR3
0FC8	G-TAAC	SR20
0FC9	G-BCJO	P28R
0FCA	G-JARY	PA24
0FCB	G-PURL	P32R
0FD4	G-WTAV	R44
0FDA	G-EZBI	A319
0FDB	G-EZBJ	A319
0FE0	G-EZBO	A319
0FE2	G-EZBR	A319
0FE3	G-EZBT	A319
0FE4	G-SYEL	AAT3
0FE5	G-HECK	R44
0FE6	G-BRME	P28A
0FE8	G-NLSE	AS55
0FEB	G-BUUR	ATP
0FEC	G-DAZZ	RV8
0FEE	G-SARV	RV4
0FEF	G-AIST	SPIT
0FF0	G-OCCH	DA40
0FF4	G-FDZD	B738
0FF5	G-OCCL	DA40
0FF7	G-OCCN	DA40
0FF8	G-TRUE	H500
0FFD	G-BHIB	C182
0FFF	G-SICA	BN2P
1001	G-MRTN	TOBA
1003	G-LGEZ	LGEZ
1004	G-BABG	P28A
1005	G-TEBZ	P28R
1008	G-BIZO	P28R
100A	G-JECR	DH8D
100E	G-VANC	GA8
100F	G-BWNM	P28R
1011	G-USCO	H269
1012	G-BTID	P28A
1013	G-LVDC	B06
1014	G-BGWC	DR40
101B	G-HBBH	C42
101C	G-NANI	R44
101D	G-POPW	C182
101F	G-PDOC	PA44
1023	G-MSVI	A109
1024	G-HOSS	BE33
1031	G-BSLU	P28A
1032	G-LSTR	GLST
1033	G-DTFF	C182
103A	G-BBBN	P28A
103B	G-OCDP	FDCT
103C	G-TVCO	GA8
1040	G-KIII	E300
1041	G-TBSV	TB20
104C	G-OHMS	AS55
104E	G-BUNC	PZ04
104F	G-GDFO	B733
1051	G-ROCH	C303
1053	G-YEHA	GLID
1054	G-OZOI	C82R
1055	G-CECZ	CH60
1057	G-TAYC	GLF4
1059	G-LLOY	PNR3
105B	G-MFMF	B06
105C	G-AVGA	PA24
105D	G-BCCF	P28A
105E	G-BOAI	C152
105F	G-MAFF	BN2T
1065	G-SPTT	DA40
1067	G-LDGC	DA40
1068	G-ZAZU	DA42
106B	G-ROAD	R44
106C	G-RVBC	RV6
106F	G-CEFV	C182
1071	G-RVNK	P68
1073	G-AERV	WHIT
1074	G-BIZF	C172
1075	G-ZZEL	GAZL
1076	G-GPAG	RV6
1078	G-LSAH	B752
1079	G-LSAI	B752
107E	G-DORS	EC35
1081	G-FRYA	R44
1083	G-KTWO	C182
1084	G-ICMT	EV97
1087	G-MEGN	BE20
108A	G-CJLL	R44
108E	G-NESH	R44
1093	G-ZZDG	SR20
109C	G-ATOU	M20P
10A0	G-KIMK	P68
10A2	G-BYSJ	DHC1
10A4	G-FOXL	CH60
10A6	G-BOKA	P28B
10A9	G-DYNA	WT9
10AC	G-EMID	EC35
10AF	G-BWLF	C404
10B0	G-FFWD	C310
10B3	G-WNCH	BE20
10BB	G-MEEP	R44
10BD	G-LYDF	PA31
10BE	G-BKII	C172
10C1	G-CKEY	P28A
10C2	G-DKEY	P28A
10C3	G-PPLG	MT
10C4	G-JENA	M20P
10CA	G-YANK	P28A
10CB	G-BLWF	HR10
10D4	G-VCML	BE58
10D5	G-BMCI	C172
10D6	G-CCZZ	EV97
10DA	G-EUXJ	A321
10DB	G-EUXK	A321
10DC	G-EUXL	A321
10DD	G-EUXM	A321
10DE	G-BMMK	C182
10E0	G-PDGR	AS50
10E1	G-EERY	R22
10E2	G-BXSH	GLIM
10E3	G-EDTO	C172
10E5	G-SEMR	T206
10E8	G-CBBT	BDOG
10E9	G-EZBU	A319
10EA	G-EZBV	A319
10EB	G-EZBW	A319
10EC	G-EZBX	A319
10ED	G-EZBY	A319
10EE	G-EZBZ	A319
10EF	G-OPVM	RV9
10F0	G-CEBF	EV97
10F3	G-VPPL	TB20
10F7	G-BOGO	P32R
10F8	G-SWNS	R44
10FB	G-OASP	AS55
10FC	G-ZEZE	C182
10FD	G-NCFC	PA38
1104	G-GLOC	E200
1107	G-EKIM	PNR3
110B	G-BLPF	C172
110E	G-JOYT	P28A
1110	G-PDGF	AS50
1112	G-CEJD	P28A
1113	G-CSLL	P28R
1116	G-BVJT	F406
1117	G-CGWD	R44
1118	G-TUNL	R44
111A	G-HALS	R44
111C	G-DKNY	R44
111D	G-BBEB	P28R
1123	G-CLOS	PA34
1124	G-BUBN	BN2P
1125	G-SSKY	BN2P
1126	G-SBUS	BN2P
1127	G-BIHO	DHC6
1128	G-CBML	DHC6
1129	G-CSMK	EV97
112A	G-BZRO	PA30
1130	G-SOHO	DA40
1131	G-MEME	P28R
1133	G-VIPW	PA31
1135	G-BOFE	PA34
1136	G-MAPR	BE36
1137	G-CDPV	PA34
1139	G-IACE	S92
113C	G-IACD	S92
113F	G-BAFL	C182
1141	G-NHAE	AS65
1147	G-ASWX	P28A
1148	G-BPYR	PA31
1149	G-BTGZ	P28A
114A	G-MOTI	DR40
1151	G-ETPJ	A109
1158	G-GSMR	B06
1159	G-SYDH	B06
115E	G-SBRK	AAT3
115F	G-IGIA	AS50
1160	G-LARR	AS50
1161	G-HSOO	H500
1164	G-CJSF	P28R
1165	G-HAFG	C340
1166	G-IASC	BE20
116A	G-OETV	PA31
116C	G-CDOK	C42
116D	G-AZJN	DR30
116E	G-PORK	AA5
116F	G-DOLS	P28B
1171	G-HOPE	BE33
1173	G-PAWS	AA5
1176	G-CTAV	EV97
117D	G-BACB	PA34
117F	G-BFXW	AA5
1181	G-JTSA	R44
1182	G-BAGR	DR40
1183	G-NMMC	R44
1185	G-SIZZ	JAB4
1187	G-MACH	F260
1188	G-JAJA	R44
1189	G-BZOL	R300
118B	G-RHYM	PA31
118C	G-NAGG	MT
118F	G-RILA	FDCT
1192	G-ENCE	P68
1196	G-PTRE	TB20
1198	G-BOOG	P28U
119B	G-BTLB	WA50
119D	G-AZNO	C182
11A4	G-BSVP	PA27
11A5	G-CENW	EV97
11A6	G-OECM	AC11
11A7	G-CDSD	PNR3
11AA	G-CDTV	SIRA
11AC	G-ZINC	C182
11AE	G-AYII	P28R
11AF	G-CEGP	BE20
11B4	G-FCUM	R44
11B6	G-LENI	AS55
11B7	G-BRNT	DR40
11BC	G-RAFY	SKRA
11BD	G-BKMA	M20P
11C1	G-CTCH	DA42
11C2	G-JORD	R44
11C3	G-SIRD	R44
11C4	G-DCSI	R44
11C5	G-HVER	R44
11C7	G-EMMM	DA40
11C8	G-MINJ	DA42
11CA	G-CDHC	RF6
11CD	G-UKTV	AS55
11CF	G-BUVO	C182
11D1	G-CDVD	EV97
11D2	G-CIRI	SR20
11D3	G-ZOSA	CH7B
11D4	G-OSUS	M20T
11DC	G-PPLL	RV7
11DD	G-FOZY	RV7
11E0	G-TOPC	AS55
11E1	G-EISG	BT36
11E2	G-BLIT	T18
11E3	G-BJAG	P28A
11E7	G-OVFR	C172
11E8	G-PUSI	C303
11E9	G-BNXU	P28A
11EA	G-AZFM	P28R
11EB	G-AWBC	P28R
11EC	G-SFLY	DA40
11EE	G-MDJE	C208
11F1	G-HRND	C182
11F2	G-TPSL	C182
11F6	G-ECBI	H269
11FA	G-IFIT	PA31
11FF	G-FIJJ	C77R
1200	G-OCLC	HUSK
1202	G-CDHF	PA30
1203	G-BGVY	AA5
1204	G-GAME	C303
1206	G-BXGT	SKAR
1207	G-BDFY	AA5
1209	G-ILUA	HR20
120F	G-ZFZF	RV8
1210	G-BAFT	PA18
1211	G-APFV	PA23
1212	G-ROCT	R44
1214	G-OJCW	P32T
1215	G-JSCB	EC20
1218	G-BXRT	DR40
121A	G-CEHN	MT
121B	G-ASEP	PA27
1221	G-OHAC	C182
1222	G-MPRL	C210
1225	G-BGVN	P28T
1228	G-CCPV	JAB4
1229	G-FBEF	E190
122C	G-WALY	M7
122D	G-CJDB	C525
122E	G-SPVK	AS50
1230	G-AVUZ	PA32
1239	G-DYNM	WT9
123A	G-ANRN	DH82
123B	G-JAKI	M20P
123D	G-CYLS	C303
123F	G-EUUS	A320
1240	G-EUUT	A320
1241	G-IVII	RV7
1245	G-HWKS	R44
1248	G-BMIV	P28S
124E	G-SPEY	B06
124F	G-BERI	AC11
1252	G-MELS	P28A
1255	G-POLF	EC35
1256	G-BGVZ	P28A
1257	G-JBRE	MT
1259	G-HEHE	EC20
125C	G-BNNO	P28A
125E	G-ZANY	DA40
125F	G-ELLA	P32R
1263	G-DOVS	R44
1268	G-BUUJ	RF6
126A	G-EICK	C172
126B	G-TZBW	H25B
1270	G-BNOF	P28A
1271	G-BAYP	C150
1272	G-ROWA	A210
1278	G-WDCL	A109
1279	G-WARP	C182
127C	G-BZDV	GAZL
127D	G-RVJO	RV9
1280	G-WTWO	A210
1282	G-WACW	C172
1283	G-BZFP	DHC6
1287	G-AJWB	MESS
1288	G-AJOE	MESS
128B	G-BSPN	P28S
1291	G-BHWZ	P28A
1292	G-SLNT	FDCT
1298	G-HOLM	EC35
1299	G-RMHE	WT9
129A	G-RVAB	RV7
129B	G-MCLA	R44
12A1	G-VALK	BE20
12A5	G-OKTI	A210
12AC	G-RABS	PNR3
12AD	G-IMEA	BE20
12AF	G-RODD	C310
12B1	G-CFWW	GLIM
12B4	G-KASX	SPIT
12B5	G-LUBY	JAB4
12B7	G-OPUK	P28A
12B9	G-ZHWH	EXEC
12BB	G-VICC	P28A
12BC	G-CDGW	P28A
12BD	G-LBDC	B06
12BE	G-BEMY	C150
12C1	G-TOGO	RV6
12C2	G-BKBF	RALL
12C3	G-MASH	B47G
12C5	G-PSHU	EC35
12C6	G-IFAB	C182
12CA	G-RYNS	PA32
12CB	G-SKRG	SKRA
12D2	G-BVVK	DHC6
12D4	G-BKMT	P32R
12D5	G-CKPY	GLIM
12D6	G-EHMJ	BE35
12D9	G-VAND	GA8
12DA	G-CEWM	DHC6
12DC	G-IDEB	AS55
12DD	G-SDAT	FDCT
12DE	G-AVSB	P28A
12DF	G-FNEY	C177
12E0	G-CEOP	AP22
12E1	G-CESI	AP22
12E2	G-ABLS	DH80
12E3	G-JCWM	R44
12E5	G-MALS	M20T
12F3	G-CESM	TL20
12F7	G-CETZ	C42
12FB	G-CEUJ	SKRA
12FE	G-CEUN	GLIM
1303	G-CEVA	C42
1305	G-CEWL	PNR2
1308	G-CFFB	GLID
130E	G-CGCC	GLID
130F	G-CGDX	GLIM
1310	G-CHHR	GLID
1311	G-CHKA	GLID
1313	G-CHMA	GLID
131A	G-CJJZ	GLIM
131C	G-CJPA	GLID
131E	G-CJTB	GLID
1320	G-CJXT	GLID
1323	G-CKDO	GLIM
1326	G-CKON	GLID
1328	G-CKOY	GLIM
132B	G-CKRC	GLIM
1330	G-BAHJ	PA24
1335	G-DDWU	GLID
1338	G-DEES	GLID
133A	G-DESB	GLID
133B	G-ORMW	C42
133D	G-ECAC	HR20
133E	G-WYLD	T210
133F	G-EFCM	P28A
1340	G-EGIL	EAGL
1341	G-EGWN	CH7A
1344	G-FBEH	E190
1345	G-RYFF	A109
1349	G-GSYS	PA34
1355	G-LSIV	GLID
1359	G-ECDS	DH82
135B	G-CEUU	R44
1365	G-IOSL	RV9
1366	G-CLJR	R44
136A	G-RIIV	RV4
136E	G-OBUP	GLIM
1371	G-OIOB	CP10
1372	G-OMJA	P28A
137A	G-CGPK	MT
137B	G-RODJ	C42
137C	G-RBRI	R44
137D	G-RYPE	GLIM
137E	G-SACX	AAT3
1380	G-SASG	GLID
1381	G-SERE	DA42
1382	G-SHMI	EV97
1383	G-SIXT	P28A
1384	G-OPOT	A109
1385	G-STNG	TL20
1387	G-TVHD	AS55
1388	G-UKPS	C208
1389	G-THIN	C172
138A	G-VBCA	SR22
138C	G-XXIX	GLID
138F	G-CEZA	C42
1393	G-CHKX	GLID
1394	G-CJHP	FDCT
139A	G-KVAN	FDCT
13A5	G-BFEK	C152
13A7	G-GRMN	WT9
13A9	G-LUNG	MT
13AA	G-CJAT	GLID
13AB	G-HOTB	EC55
13AC	G-CJAV	GLID
13AD	G-CJRF	GLID
13B2	G-CGBV	GLID
13B3	G-CJAX	GLID
13B5	G-SKSW	SKRA
13B8	G-AEEG	FALM
13BA	G-AELO	DH87
13C2	G-AEVS	COZY
13C8	G-AFEL	MC90
13CE	G-AFGM	J4
13DF	G-AFYD	L8
13E0	G-AFYO	S10
13E1	G-AFZA	J4
13E2	G-AFZL	CP65
13E8	G-AGLK	AUS5
13EB	G-AGTM	DH89
13F1	G-AGXN	J1
13F9	G-AGYY	PT22
13FB	G-AHAG	DH89
13FE	G-AHAU	J1
13FF	G-AHBL	DH87
1400	G-AHBM	DH87
1401	G-AHCR	PLUS
1403	G-AHGW	PLUS
1405	G-AHHH	J1
1407	G-AHIZ	DH82
1408	G-AHKX	ANSN
1409	G-AHLK	AUS3
140B	G-AHSD	PLUS
140E	G-AHSS	J1
1413	G-AHXE	PLUS
1416	G-AIBW	J1
1419	G-AIDL	DH89
141B	G-AIEK	MESS
141C	G-AIFZ	J1
1420	G-AIJM	AUJ4
1427	G-AISX	J3
142B	G-AIYR	DH89
1432	G-AJAM	AUJ2
1439	G-AJES	J3
143B	G-AJHS	DH82
143C	G-AJIH	J1
143F	G-AJIW	J1
1441	G-AJRB	J1
1444	G-AJRS	MAGI
1446	G-AJUE	J1
1448	G-AJVE	DH82
144B	G-AJYB	AUS4
144E	G-AKHP	GEMI
1450	G-AKIF	DH89
1452	G-TENT	J1
1455	G-AKPF	MAGI
145A	G-AKVZ	MESS
145C	G-AKXP	AUS5
1460	G-ALBK	AUS5
1461	G-ALEH	PA17
1466	G-ALJL	DH82
1467	G-ALNA	DH82
1468	G-ALND	DH82
146B	G-ALUC	DH82
146C	G-ALWB	DHC1
1471	G-AMEN	PA18
1473	G-AMKU	J1
1474	G-AMMS	AIGT
1475	G-AMPI	SV4
1476	G-AMRF	AIGT
1477	G-AMSG	S900
1479	G-AMTM	J1
147A	G-AMUF	DHC1
147E	G-AMYD	AIGT
1480	G-AMZT	AIGT
1487	G-ANEM	DH82
1489	G-ANEZ	DH82
148C	G-ANFM	DH82
148E	G-ANHK	DH82
1491	G-ANHX	AUS5
1494	G-ANJD	DH82
1495	G-ANKK	DH82
1496	G-ANKT	DH82
1497	G-ANKZ	DH82
149E	G-ANON	DH82
14A3	G-ANTE	DH82
14A5	G-ANXR	PROC
14A7	G-ANZZ	DH82
14AB	G-AOBX	DH82
14B1	G-AOEI	DH82
14B4	G-AOFE	DHC1
14BC	G-AOIM	DH82
14BD	G-AOIR	DH82
14BE	G-AOIS	DH82
14C0	G-AOJH	DH83
14C5	G-AORW	DHC1
14C6	G-AOSK	DHC1
14C7	G-AOSY	DHC1
14CB	G-AOTR	DHC1
14CC	G-AOTY	DHC1
14CF	G-AOVW	AUS4
14D1	G-AOZH	DH82
14D3	G-AOZP	DHC1
14D5	G-APAH	AUS5
14D7	G-APAM	DH82
14D8	G-APAO	DH82
14DB	G-APCB	ALPI
14DF	G-APIE	TIPB
14E1	G-APIK	J1
14E5	G-APLO	DHC1
14E6	G-APLU	DH82
14E7	G-APMH	J1
14F2	G-APTY	BE35
14F5	G-APUW	ACAR
14FA	G-APVS	C170
14FC	G-AIJT	AUJ4
1502	G-APXT	PA22
1503	G-APXU	PA22
1506	G-APYG	DHC1
150B	G-APZJ	PA18
1510	G-ARAN	PA18
1513	G-ARAW	C182
1515	G-ARAZ	DH82
151C	G-ARCF	PA22
1520	G-ARDB	PA24
1522	G-AJIT	J1
1524	G-ARDO	D11
152B	G-AREL	PA22
152C	G-AREO	PA18
152F	G-AREX	AR15
1532	G-ARFO	C150
1536	G-ARGV	PA18
1541	G-ARHZ	D6CR
154D	G-ARKJ	BE35
154E	G-ARKK	PA22
154F	G-ARKM	PA22
1551	G-ARKP	PA22
1552	G-ARKS	PA22
1553	G-ARLG	D5
1554	G-ARLK	PA24
155A	G-ARMC	DHC1
155B	G-ARMG	DHC1
155D	G-ARMO	C172
155E	G-ARMR	C172
1562	G-ARNE	PA22
1563	G-ARNJ	PA22
1564	G-ARNK	PA22
1567	G-ARNO	AUS6
1568	G-ARNP	AIRD
1569	G-ARNY	D11
156B	G-AROA	C172
156C	G-ARON	PA22
156E	G-AROW	D140
1571	G-ARRL	J1
1572	G-LIZI	P28A
157C	G-ARTH	PA12
157F	G-ARUG	ACAR
1586	G-JAKS	P28A
1588	G-ARVU	P28A
1589	G-ARVV	P28A
158B	G-ARWB	DHC1
158D	G-ARWR	C172
158E	G-ARWS	C175
1590	G-ARXG	PA24
1594	G-ARXT	DR10
1599	G-ARYK	C172
159A	G-ARYR	P28A
159B	G-ARYS	C172
159C	G-ARYV	PA24
15A4	G-ASAL	BDOG
15A8	G-AMRK	GLAD
15AD	G-ASCM	IFUR
15AF	G-ASDK	AUS6
15B9	G-ASFL	P28A
15BB	G-ASFX	D31
15BF	G-ASHU	PA15
15C0	G-ASHX	P28A
15C2	G-ASII	P28A
15C3	G-ASIJ	P28A
15C4	G-ASIL	P28A
15C6	G-ASIY	PA25
15C7	G-ASJL	BE35
15C8	G-ASJV	SPIT
15CC	G-ASKT	P28A
15D3	G-ASMJ	C172
15D6	G-ASMS	C150
15D9	G-ASMW	C150
15DB	G-ASMZ	AUS6
15DC	G-ASNC	D5
15DE	G-ASNW	C172
15E1	G-ASOK	C172
15E3	G-ASPF	D11
15E5	G-ASPS	J3
15E6	G-ASPV	DH82
15E8	G-ASRC	D6CR
15E9	G-ASRK	AIRD
15EA	G-ASRO	PA30
15ED	G-ASRW	P28A
15EF	G-ASSS	C172
15F1	G-ASSW	P28A
15F4	G-ASTG	ME08
15F6	G-ASUB	M20P
15F7	G-ASUD	P28A
15FA	G-OWRT	C182
15FE	G-ASVG	CP30
15FF	G-ASVM	C172
160C	G-ASXS	DR10
160D	G-ASXU	D11
1610	G-ASYP	C150
1611	G-APBO	D5TU
1612	G-ASZB	C150
1613	G-ASZD	JUNR
1615	G-ASZR	CP30
1617	G-ASZU	C150
1618	G-ASZV	NIPR
161C	G-ATAS	P28A
161D	G-ATAU	D6CR
1624	G-ATBL	DH60
162A	G-ATCC	AIRD
162F	G-ATDA	P28A
1632	G-ATDO	JUNR
1633	G-ATEF	C150
1636	G-ATEW	PA30
1637	G-ATEX	TOUR
1638	G-ATEZ	P28A
1639	G-ATFD	DR10
163E	G-ATFY	C172
1641	G-ATGY	GY80
1647	G-ATHU	AUS6
164B	G-ATIN	D11
164C	G-ATIR	SV4
164D	G-ATIS	P28A
164E	G-ATIZ	D11
164F	G-ATJA	DR10
1652	G-ATJL	PA24
1654	G-ATJN	D11
1656	G-ATJV	PA32
1659	G-ATKI	J3
165A	G-ATKT	C172
165B	G-ATKX	D140
165C	G-ATLA	C182
165D	G-ATLB	DR10
165E	G-ATLM	C172
1661	G-ATLV	D11
1662	G-ATMC	C150
1666	G-ATMT	PA30
1669	G-IMIK	P28A
166A	G-ATNE	C150
1671	G-ATOI	P28A
1673	G-ATOK	P28A
1676	G-ATON	P28A
1677	G-ATOO	P28A
1679	G-ATOR	P28A
167B	G-ATOT	P28A
167D	G-ATPT	C182
167E	G-ATPV	GY20
167F	G-ATRG	PA18
1685	G-ATRW	PA32
1686	G-ATRX	PA32
1687	G-ATSI	JUNR
168E	G-ATTK	P28A
1690	G-ATTR	JUNR
1691	G-ATTV	P28A
1692	G-ATTX	P28A
1699	G-ATUI	JUNR
169B	G-ATVF	DHC1
169C	G-ATVK	P28A
16A0	G-ATVX	JUNR
16A1	G-ATWA	DR10
16A2	G-ATWB	D11
16A3	G-ATWJ	C172
16A4	G-HARY	ERCO
16A5	G-ATXA	PA22
16A6	G-ATXD	PA30
16AA	G-ATXZ	JUNR
16AC	G-ATYS	P28A
16AD	G-RISA	P28A
16AE	G-ATZM	J3
16B2	G-DENC	C150
16B7	G-AVBG	P28A
16B8	G-AVBH	P28A
16BA	G-AVBT	P28A
16BB	G-MFAC	C172
16BC	G-AVCM	PA24
16BE	G-AVCV	C182
16BF	G-AVDA	C182
16C2	G-AVDV	PA22
16C7	G-AVEF	D150
16C8	G-AVEH	S05R
16C9	G-AVEM	C150
16CA	G-AVEN	C150
16CB	G-AVER	C150
16CC	G-AVEU	WA40
16D0	G-AVFR	P28A
16D1	G-AVFU	PA32
16D2	G-AVFX	P28A
16D3	G-AVFZ	P28A
16D4	G-AVGC	P28A
16D8	G-ZZIJ	P28A
16DB	G-AVGZ	DR10
16DC	G-AVHH	C172
16DD	G-AVHL	DR10
16E5	G-AVIL	ERCO
16E6	G-AVIN	RALL
16E8	G-AVIS	C172
16EB	G-AVJF	C172
16EC	G-AVJJ	PA30
16F0	G-KSVB	PA24
16FB	G-AVLB	P28A
16FC	G-AVLC	P28A
16FD	G-AVLE	P28A
16FE	G-AVLF	P28A
16FF	G-AVLG	P28A
1701	G-AVLN	PUP
1702	G-AVLO	JUNR
1705	G-LTFB	P28A
1706	G-AVLY	D11
1708	G-AVMB	D6CR
1709	G-AVMD	C150
170A	G-AVMF	C150
170D	G-SOOT	P28A
170E	G-AVNN	P28A
170F	G-AVNO	P28A
1712	G-AVNW	P28A
1713	G-AVNY	RF4
1716	G-AVOH	D6CR
1717	G-AVOM	DR22
1718	G-AVOO	PA18
1719	G-AVOZ	P28A
1720	G-AVPY	PA25
1721	G-AVRK	P28A
1723	G-AVRS	GY80
1725	G-PAWA	P28A
1726	G-AVRW	GY20
1727	G-CORW	P28A
1728	G-AVRZ	P28A
1729	G-AVSA	P28A
172A	G-AVSC	P28A
172B	G-AVSD	P28A
172D	G-AVSF	P28A
172F	G-AVSI	P28A
1730	G-AVSP	P28A
1731	G-AVSR	D5
1735	G-AVTP	C172
1738	G-AVUG	C150
1739	G-AVUH	C150
173B	G-AVUS	P28A
173E	G-AVVC	C172
1742	G-AVWA	P28A
1744	G-AVWI	P28A
1746	G-AVWL	P28A
1747	G-AVWM	P28A
1749	G-AVWO	P28R
174A	G-AVWR	P28R
174B	G-AVWT	P28R
174C	G-AVWU	P28R
174E	G-AVWY	RF4
1750	G-NIPR	NIPR
1753	G-AVXW	D6CR
1755	G-AVYL	P28A
1756	G-AVYM	P28A
1758	G-AVYS	P28R
1759	G-AVYT	P28R
1761	G-AVZV	C172
1762	G-AVZW	BIPL
1768	G-AWAZ	P28R
176A	G-AWBB	P28R
176C	G-AWBG	P28A
1770	G-AWBN	PA30
1771	G-AWBS	P28A
1774	G-HILS	C172
1775	G-AWCN	C172
1776	G-AWCP	C150
177B	G-KIMZ	P28A
177C	G-AWDR	C172
1780	G-AWEI	D6CR
1783	G-AWEP	GY20
1784	G-AWEV	P28A
1787	G-AWFB	P28R
1789	G-AWFF	C150
178A	G-AWFJ	P28R
1790	G-AWFZ	BE23
1792	G-AWGK	C150
1796	G-AWII	SPIT
179B	G-AWJE	NIPR
179C	G-AWJX	Z26
179E	G-CLAX	MJ5
179F	G-AWKD	PA17
17A0	G-AWKO	PUP
17A5	G-AWLI	PA22
17AB	G-AWMD	D11
17B1	G-AWMR	D31
17B2	G-AWMT	C150
17B3	G-BYBD	C172
17BA	G-AWPH	PPRO
17BB	G-AWPJ	C150
17BE	G-AWPU	C150
17BF	G-AWPW	PA12
17C1	G-AWPZ	JUNR
17C4	G-AWSH	Z26
17C5	G-AWSL	P28A
17C6	G-AWSM	P28B
17C7	G-AWSN	D6CR
17C8	G-AWSP	D6CR
17CA	G-AWST	D6CR
17CD	G-AWTL	P28A
17CE	G-TEWS	P28A
17D0	G-AWTV	BE23
17D4	G-AWUJ	C150
17D6	G-AWUN	C150
17D8	G-AWUT	C150
17DB	G-AWVA	C172
17DD	G-AWVC	PUP
17E1	G-AWVN	CH7A
17E2	G-AWVZ	D11
17E3	G-AWWE	PUP
17E5	G-AWWI	D11
17E7	G-AWWN	DR10
17E9	G-AWWU	C172
17EE	G-AWYJ	PUP
17EF	G-AWYL	D253
17F0	G-AWYO	PUP
17F4	G-AXAN	DH82
17F6	G-AXAT	D11
17F7	G-AXBF	D5
17FA	G-AXBJ	C172
17FB	G-AXBW	DH82
17FD	G-AXCA	P28R
17FE	G-AXCG	D11
1803	G-AXDI	C172
1805	G-AXDV	PUP
1807	G-AXED	PA25
1809	G-AXEV	PUP
180B	G-AXGE	RALL
180D	G-AXGP	J3
180F	G-AXGS	D6CR
1811	G-AXGZ	D6CR
1814	G-AXHO	PUP
1816	G-AXHR	J3
1819	G-AXHV	D11
181A	G-AXIA	PUP
181D	G-AXIO	P28A
181E	G-AXIR	P28A
1822	G-AXJH	PUP
1823	G-AXJI	PUP
1824	G-AXJJ	PUP
1826	G-AXJR	SF25
1827	G-AXJV	P28A
1829	G-AXJX	P28A
1831	G-AXLS	DR10
1833	G-AXMA	PA24
1837	G-AXMX	PUP
1838	G-AXNJ	D11
1839	G-AXNN	PUP
183A	G-AXNP	PUP
183B	G-AXNR	PUP
183C	G-AXNS	PUP
183D	G-AXNW	SV4
183F	G-AXNZ	PTS1
1840	G-AXOH	RALL
1841	G-AXOJ	PUP
1843	G-AXOT	RALL
1844	G-AXOZ	PUP
184A	G-AXPN	PUP
1853	G-AXSG	P28A
1854	G-AXSM	DR10
1855	G-AXSW	C150
1856	G-AXSZ	P28A
1857	G-AXTA	P28A
1858	G-AXTC	P28A
185A	G-AXTJ	P28A
185C	G-AXTO	PA24
185F	G-AXUB	BN2P
1860	G-AXUC	PA12
1862	G-AXUJ	J1
1863	G-AXUK	DR10
1864	G-AXVB	C172
1868	G-SPOG	DR10
1869	G-IANJ	C150
186C	G-AXWV	D253
186D	G-AXWZ	P28R
186F	G-AXXV	DH82
1873	G-AXZD	P28A
1876	G-AXZO	C180
1878	G-AXZU	C182
1879	G-LFSG	P28A
187A	G-AYAB	P28A
187D	G-OTTK	P28A
187E	G-AYAR	P28A
187F	G-AYAT	P28A
1880	G-ONET	P28A
1881	G-DLTR	P28A
1882	G-AYAW	P28A
1885	G-TEMP	P28A
1887	G-AYBP	D11
1889	G-AYCE	CP30
188E	G-AYCO	DR30
1890	G-AYCT	C172
1892	G-AYDI	DH82
1897	G-AYDZ	D250
1898	G-AYEB	D11
189A	G-AYEE	P28A
189B	G-AYEF	P28A
189D	G-AYEH	DR10
189E	G-AYEJ	DR10
18A1	G-AYEW	DR10
18A2	G-AYFC	D6CR
18A9	G-AYGA	D11
18AA	G-AYGC	C150
18AB	G-AYGD	DR10
18AD	G-AYGG	D11
18AE	G-AYGX	C172
18AF	G-AYHA	AA1
18B5	G-AYJA	DR10
18B7	G-AYJD	RF3
18B8	G-AYJP	P28A
18B9	G-AYJR	P28A
18BB	G-RKKT	C172
18BC	G-AYJY	IFUR
18BD	G-AYKD	DR10
18C1	G-AYKT	D11
18C2	G-LFSI	P28A
18C4	G-RVRT	P28A
18C6	G-AYLA	TOUR
18C7	G-AYLC	DR10
18C8	G-AYLF	DR10
18CC	G-BTGS	SA30
18CD	G-AYME	RF5
18CE	G-AYMK	P28A
18D6	G-AYNF	P28A
18D7	G-AYNJ	P28A
18D9	G-AYOW	C182
18DC	G-AYPE	B209
18DE	G-AYPG	C177
18E2	G-AYPO	PA18
18E3	G-LCUB	PA18
18E4	G-AYPS	PA18
18E6	G-AYPU	P28R
18E7	G-AYPV	P28A
18EB	G-AYRI	P28R
18EC	G-AYRM	P28A
18ED	G-AYRO	C150
18EE	G-AYRS	D11
18EF	G-AYRT	C172
18F1	G-AYSB	PA30
18F4	G-AYSX	C77R
18F5	G-AYSY	C177
18F9	G-AYUB	D253
18FA	G-AYUH	P28A
1901	G-AYUT	DR10
1903	G-KOVU	C150
1906	G-AYWD	C182
1907	G-AYWH	D11
1908	G-AYWM	TOUR
190D	G-AYYO	DR10
190E	G-AYYT	DR10
190F	G-AYYU	BE23
1913	G-AYZK	DR10
1917	G-AZAJ	P28R
191B	G-AZBE	TOUR
191C	G-AZBI	D150
191E	G-AZBN	T6
1922	G-AZCK	PUP
1927	G-AZCZ	PUP
1929	G-AZDD	B209
192B	G-AZDK	BE55
192F	G-AZEF	D11
1930	G-AZEG	P28A
1931	G-AZEV	PUP
1932	G-AZEW	PUP
1934	G-AZFC	P28A
1936	G-AZFI	P28R
193E	G-AZHC	D11
1940	G-AZHH	SA02
1941	G-AZHI	TOUR
1942	G-AZHK	HR10
1947	G-AZII	D11
1948	G-AZIJ	DR30
194C	G-AZJC	RF5
194E	G-AZJV	C172
194F	G-PPFS	C150
1952	G-BPRM	C172
1958	G-AZKW	C172
195B	G-AZLF	D11
195D	G-AZLN	P28A
195E	G-AZLV	C172
195F	G-AZLY	C150
1960	G-TEDB	C150
1966	G-AZMZ	RALL
1967	G-HJSS	SV4
1969	G-AZNL	P28R
196B	G-AZOA	B209
196E	G-AZOE	TOUR
196F	G-AZOF	TOUR
1972	G-AZOU	DR10
1973	G-AZOZ	C150
1975	G-AZPC	SF25
1979	G-AZRA	B209
197D	G-AZRK	RF5
197E	G-AZRL	PA18
197F	G-AZRM	RF5
1982	G-AZRS	PA22
1983	G-AZRZ	C206
1986	G-AZSF	P28R
1987	G-WWAL	P28R
1989	G-AZTA	B209
198A	G-AZTF	C77R
198C	G-AZTS	C172
198E	G-RIMR	C177
198F	G-AZUM	C172
1994	G-AZVA	B209
1995	G-AZVB	B209
199B	G-AZVL	D11
199D	G-HFCB	C150
199E	G-AZWB	P28A
19A0	G-AZWF	DR10
19A1	G-AZWT	LYSA
19A3	G-AZXD	C172
19A5	G-AZYD	RALL
19A6	G-AZYF	P28A
19A8	G-AZYU	PA27
19A9	G-AZYY	GLID
19AD	G-AZZR	C150
19B4	G-BAAW	D11
19B9	G-PHOR	C150
19BA	G-BACE	RF5
19BB	G-BACJ	D11
19BC	G-BACL	D150
19BE	G-BACO	C150
19C2	G-BADM	D6CR
19C6	G-BAEM	DR40
19C7	G-BAEN	DR40
19C8	G-BAEP	C150
19CE	G-BAEY	C172
19D1	G-BAFG	DH82
19D2	G-MATB	DR40
19D3	G-BAFU	P28A
19D6	G-BAFX	DR40
19D7	G-BAGB	F260
19D8	G-BAGC	DR40
19DB	G-BAGT	COUR
19DD	G-BAGX	P28A
19E1	G-BAHF	P28A
19E7	G-BAHS	P28R
19E9	G-BAHX	C182
19EB	G-BAIH	P28R
19EE	G-PHUN	C150
19F0	G-BAIS	C177
19F1	G-BAIW	C172
19F5	G-BAJB	C77R
19F7	G-BAJE	C177
19F8	G-BAJN	AA5
19F9	G-BAJO	AA5
19FB	G-BAJZ	DR40
19FD	G-BAKM	DR40
19FE	G-BAKN	SV4
19FF	G-BAKR	D11
1A01	G-BAKW	PUP
1A05	G-BALG	DR40
1A08	G-BALJ	DR40
1A0E	G-BAMR	PA16
1A10	G-BAMU	DR40
1A11	G-BAMY	P28R
1A12	G-BANA	DR22
1A13	G-BANB	DR40
1A16	G-BANU	D11
1A19	G-BANX	C172
1A20	G-BAPB	DHC1
1A21	G-BAPI	C150
1A25	G-HAMI	SUBA
1A27	G-BAPW	P28R
1A28	G-BAPX	DR40
1A2A	G-BARC	C172
1A2B	G-BARF	D11
1A2C	G-BARH	BE23
1A2E	G-BARS	DHC1
1A30	G-PIEL	CP30
1A32	G-PUPP	PUP
1A33	G-BASH	AA5
1A34	G-MATZ	P28A
1A35	G-BASJ	P28A
1A36	G-KALI	P28A
1A38	G-BASN	BE23
1A3A	G-BASP	PUP
1A4C	G-AAUP	KL25
1A4D	G-AAWO	DH60
1A4E	G-AAZP	DH80
1A4F	G-ABAG	DH60
1A5B	G-ACDA	DH82
1A5C	G-ACDC	DH82
1A5E	G-ACMA	DH85
1A61	G-ACSS	DH88
1A63	G-ACUS	DH85
1A67	G-ADGP	M2HK
1A6A	G-ADJJ	DH82
1A6B	G-ADKC	DH87
1A6C	G-ADKK	DH87
1A6D	G-ADKL	DH87
1A6F	G-ADLY	DH87
1A71	G-ADNE	DH87
1A77	G-ADUR	DH87
1A7F	G-BATV	P28A
1A81	G-UNDD	PA27
1A82	G-BAUC	PA25
1A83	G-XLXL	DR40
1A84	G-BAUH	D11
1A85	G-JAGS	C150
1A86	G-BAVB	C172
1A87	G-BAVH	DHC1
1A88	G-BAVO	ST75
1A89	G-BAVR	AA5
1A8A	G-BAWG	P28R
1A8B	G-BAWK	P28A
1A91	G-DSFT	P28R
1A92	G-BAXU	C150
1A93	G-BAXY	C172
1A94	G-BAXZ	P28A
1A99	G-BAZS	C150
1A9C	G-BBAX	DR40
1A9D	G-BBAY	DR40
1AA3	G-BBBY	P28A
1AA7	G-BBCH	DR40
1AAA	G-BBCN	HR10
1AAB	G-BBCS	DR40
1AAF	G-BBDC	P28A
1AB0	G-MIDD	P28A
1AB1	G-BBDE	P28R
1AB5	G-BBDM	AA5
1AB7	G-BBDP	DR40
1ABF	G-BBEO	C150
1AC1	G-BBFD	P28R
1AC3	G-BBFV	PA32
1AC5	G-BBGI	SUBA
1ACA	G-BBHJ	J3
1ACB	G-BBHK	T6
1ACE	G-BBHY	P28A
1AD4	G-BBIX	P28A
1AD7	G-BBJV	C77R
1AD9	G-BBJX	C150
1ADA	G-BBJY	C172
1ADB	G-BBJZ	C172
1ADC	G-BBKA	C150
1ADD	G-BBKB	C150
1ADF	G-BBKG	C172
1AE0	G-BBKI	C172
1AE3	G-BBKX	P28A
1AE5	G-BBKZ	C172
1AE6	G-BBLH	J3
1AE8	G-BBLS	AA5
1AEA	G-BBMB	DR40
1AEB	G-BBMH	BIPL
1AED	G-BBMN	DHC1
1AEE	G-BBMO	DHC1
1AEF	G-BBMT	DHC1
1AF0	G-BBMV	DHC1
1AF1	G-BBMW	DHC1
1AF3	G-BBMZ	DHC1
1AF4	G-BBNA	DHC1
1AF5	G-BBND	DHC1
1AFC	G-BBNZ	C172
1AFD	G-BBOA	C172
1B01	G-BBOL	PA18
1B03	G-BBOR	B06
1B07	G-BBPP	P28A
1B08	G-BBPS	D11
1B0B	G-BBRC	SUBA
1B10	G-BBRZ	AA5
1B11	G-BBSA	AA5
1B14	G-BBSS	DHC1
1B16	G-BBTB	C150
1B1B	G-BBTY	BE23
1B1C	G-TALJ	AA5
1B23	G-BBXB	C150
1B27	G-FMAM	P28A
1B28	G-BBXW	P28A
1B29	G-UCAM	PA31
1B2D	G-BBYH	C182
1B2E	G-BBYP	P28A
1B30	G-FIAT	P28A
1B32	G-BBZH	P28R
1B33	G-ILZZ	PA31
1B34	G-BBZN	SUBA
1B35	G-HECB	SUBA
1B36	G-BBZV	P28R
1B37	G-BCAH	DHC1
1B3A	G-BCBJ	PA25
1B3B	G-BCBL	FA24
1B3D	G-BCBX	C150
1B41	G-BCCE	PA27
1B43	G-BCCK	AA5
1B45	G-BCCX	DHC1
1B48	G-PIPR	PA18
1B4B	G-BCDY	C150
1B4E	G-BCEE	AA5
1B50	G-ITTE	BN2P
1B51	G-BCEP	AA5
1B55	G-BCEY	DHC1
1B59	G-BCFO	PA18
1B5A	G-BCFR	C150
1B5E	G-BCGC	DHC1
1B5F	G-BCGH	NC85
1B60	G-BCGI	P28A
1B61	G-BCGJ	P28A
1B63	G-BCGM	D11
1B64	G-BCGN	P28A
1B65	G-BCGS	P28R
1B6A	G-BCHP	CP13
1B6E	G-BCIH	DHC1
1B71	G-BCIR	P28A
1B73	G-PETR	P28A
1B74	G-BCJM	P28A
1B75	G-BCJN	P28A
1B77	G-BCKN	DHC1
1B78	G-BCKS	SUBA
1B7A	G-BCKV	C150
1B88	G-BCOI	DHC1
1B8A	G-BCOM	J3
1B8B	G-BCOO	DHC1
1B8D	G-BCOU	DHC1
1B8E	G-BCOY	DHC1
1B91	G-BCPG	P28R
1B96	G-BCPU	DHC1
1B97	G-BCRB	C172
1B9A	G-BCRL	P28A
1B9C	G-BCRR	AA5
1B9D	G-COVZ	C150
1B9E	G-BCRX	DHC1
1BA0	G-BCSL	DHC1
1BA4	G-BCTI	AS16
1BA7	G-BCUF	C172
1BA8	G-BCUH	C150
1BA9	G-BCUJ	C150
1BAA	G-RATI	C172
1BAB	G-BMSA	S10
1BAC	G-BCUY	C150
1BAD	G-BCVB	PA17
1BB1	G-BCVH	C150
1BB2	G-BCVJ	C172
1BB3	G-BCWB	C182
1BB4	G-BCWH	SPRT
1BB5	G-BCWK	RF3
1BB7	G-BCXE	DR40
1BB8	G-BCXJ	J3
1BB9	G-BCXN	DHC1
1BBA	G-HIVE	C150
1BBB	G-BPAL	DHC1
1BBD	G-BCYM	DHC1
1BBE	G-NEEE	C172
1BC2	G-BDAI	C150
1BC3	G-BDAK	AC11
1BCE	G-BDBV	D11
1BD0	G-BDCI	CP30
1BDA	G-JDBC	PA34
1BDB	G-BDEH	D11
1BE3	G-DEND	C150
1BE5	G-BDFR	SUBA
1BEA	G-BDGB	GY20
1BEC	G-BDGM	P28A
1BEE	G-BDIE	AC11
1BEF	G-BDIG	C182
1BF5	G-BDKC	C185
1BF7	G-BDKH	CP30
1BFA	G-BDKW	AC11
1BFB	G-BDLO	AA5
1BFC	G-BDLT	AC11
1BFD	G-BDLY	SA02
1BFE	G-YOGI	DR40
1C00	G-BDMW	DR10
1C05	G-BDNU	C172
1C07	G-BDNX	AA1
1C08	G-BDOD	C150
1C0B	G-BDOL	J3
1C0F	G-BDPA	P28A
1C14	G-BDRD	C150
1C18	G-BDSB	P28A
1C1B	G-BDSH	P28A
1C1F	G-BDTB	VP2
1C24	G-BDTX	C150
1C27	G-BDUM	C150
1C28	G-BDUO	C150
1C29	G-BDUY	DR40
1C2B	G-BDVA	PA17
1C2C	G-BDVB	PA15
1C2D	G-BDVC	PA17
1C32	G-BDWJ	SE5R
1C39	G-GDOG	P28R
1C3D	G-BDZA	SF25
1C3F	G-BDZD	C172
1C40	G-BEAC	P28A
1C44	G-BEBN	C177
1C49	G-BEBZ	P28A
1C4E	G-BECN	J3
1C4F	G-CTAB	CH7B
1C50	G-BECT	BU31
1C54	G-BEDF	B17
1C55	G-BEDG	AC11
1C56	G-TECH	AC11
1C57	G-BEDJ	J3
1C5C	G-BEER	IFUR
1C60	G-BEGG	SF25
1C65	G-BEHV	C172
1C69	G-BEII	PA25
1C6F	G-BEKN	C150
1C70	G-BEKO	C182
1C71	G-TALG	P28A
1C72	G-BELT	C150
1C73	G-BEMB	C172
1C76	G-BEMW	P28A
1C78	G-BENJ	AC11
1C79	G-ECAK	C172
1C7C	G-BEOE	C150
1C7D	G-BEOH	P28S
1C7E	G-BEOI	PA18
1C80	G-BEOY	C150
1C86	G-BEPY	AC11
1C8C	G-BERY	AA1
1C8D	G-BETD	HR20
1C8E	G-BETE	BETA
1C90	G-PIII	PTS1
1C92	G-BETM	PA25
1C99	G-BEUP	DR40
1C9A	G-BEUU	PA18
1C9B	G-BEUX	C172
1C9E	G-BEVC	RALL
1C9F	G-BEVO	RF5
1CA4	G-BEWO	Z26
1CA5	G-BEWR	C172
1CA6	G-BEWX	P28R
1CAA	G-CAPI	CP10
1CAB	G-BEXW	P28A
1CAF	G-BEYL	P28A
1CB2	G-BEYV	T210
1CB4	G-BEYZ	DR10
1CB5	G-BEZC	AA5
1CB7	G-BEZF	AA5
1CB8	G-BEZG	AA5
1CBB	G-BEZK	C172
1CBC	G-BEZO	C172
1CBD	G-BEZP	PA32
1CC0	G-BEZV	C172
1CC2	G-BEZZ	D11
1CC8	G-BFAP	S05R
1CCA	G-BFAW	DHC1
1CCB	G-BFAX	DHC1
1CD2	G-BFCT	T206
1CD5	G-ECAY	P28S
1CD6	G-BFDI	P28A
1CD7	G-BFDK	P28A
1CD9	G-BFDO	P28S
1CDB	G-BFEB	D150
1CDD	G-BFEH	D11
1CDF	G-BFEV	PA25
1CE2	G-MFLM	C152
1CE5	G-BFFP	PA18
1CE7	G-BFFW	C152
1CE9	G-BFGD	C172
1CEA	G-BFGG	C150
1CEB	G-BFGH	C337
1CEC	G-BFGK	D11
1CED	G-BFGL	C152
1CF1	G-BFGZ	C150
1CF5	G-BFHR	DR22
1CF6	G-BFHU	C152
1CF9	G-BFID	JT2
1CFA	G-BFIE	C150
1CFB	G-PJTM	C172
1CFF	G-VROE	ANSN
1D01	G-BFIU	C172
1D03	G-BFIY	C150
1D07	G-BFJR	C337
1D09	G-BFKB	C172
1D0D	G-SKAN	C172
1D0F	G-ENTW	C152
1D11	G-BFLU	C152
1D12	G-BFLX	AA5
1D15	G-BFMG	P28A
1D16	G-BFMH	C177
1D17	G-BFMK	C152
1D1A	G-BFMX	C172
1D1C	G-BFNG	D11
1D1D	G-BFNI	P28A
1D1E	G-WNTR	P28A
1D1F	G-BFNK	P28A
1D21	G-BFOE	C152
1D22	G-BFOF	C152
1D24	G-BFOJ	AA1
1D28	G-BFOV	C172
1D29	G-BFPA	SF25
1D2B	G-BFPH	C172
1D2F	G-BFPS	PA25
1D31	G-CHTA	AA5
1D32	G-EFRP	FB1A
1D34	G-BFRR	C150
1D35	G-BFRS	C172
1D36	G-BFRV	C152
1D38	G-BFSA	C182
1D39	G-BFSC	PA25
1D3A	G-BFSD	PA25
1D3C	G-BFSS	C172
1D3D	G-BFSY	P28A
1D3E	G-BFTC	P28S
1D3F	G-BFTF	AA5
1D41	G-BFTH	C172
1D43	G-BFUD	SF25
1D47	G-BFVS	AA5
1D48	G-BFVU	C150
1D49	G-BFWB	P28A
1D4E	G-ICOM	C172
1D4F	G-BFXK	P28A
1D51	G-BFXS	AC11
1D52	G-BFXX	AA5
1D56	G-FIFE	C152
1D58	G-BFZB	J3
1D59	G-WATP	P28R
1D5D	G-TGER	AA5
1D5E	G-OPAM	C152
1D5F	G-TALO	C152
1D60	G-OAFA	C172
1D61	G-BGAA	C152
1D62	G-BGAB	C152
1D66	G-BGAJ	C182
1D67	G-BGAX	P28A
1D6B	G-BGBG	P28A
1D6C	G-BGBI	C150
1D6D	G-BGBK	PA38
1D71	G-BGBW	PA38
1D77	G-BGCM	AA5
1D78	G-BGCO	PA44
1D7C	G-RVRM	PA38
1D84	G-BGFX	C152
1D86	G-BGGB	CH7B
1D87	G-BGGC	CH7B
1D89	G-BGGE	PA38
1D8A	G-BGGI	PA38
1D8D	G-BGGM	PA38
1D8F	G-BGGO	C152
1D96	G-BGHM	R100
1D99	G-BGHU	T6
1D9D	G-BGIB	C152
1D9E	G-BGIG	PA38
1DA1	G-BGIU	C172
1DA3	G-BGIY	C172
1DA9	G-BGKS	P28A
1DAB	G-BGKU	P28R
1DAC	G-BGKV	P28R
1DAD	G-BGKY	PA38
1DAE	G-BGKZ	AIGT
1DB1	G-BGLG	C152
1DB4	G-BGLO	C172
1DB5	G-HFCL	C152
1DB7	G-BGLZ	SA3
1DBA	G-BGMP	C172
1DBB	G-BGMR	GY20
1DBD	G-BGMT	RALL
1DC0	G-BGND	C172
1DC3	G-BGNV	GA7
1DC4	G-OPIC	C150
1DC6	G-BGOG	P28A
1DC8	G-BGOL	P28S
1DC9	G-BGON	GA7
1DCA	G-BGOR	T6
1DCB	G-BGPB	T6
1DCE	G-BGPH	AA5
1DD0	G-BGPJ	P28A
1DD1	G-BGPL	P28A
1DD3	G-BGPN	PA18
1DD8	G-BGRI	DR10
1DD9	G-LFSO	PA38
1DDA	G-BGRO	C172
1DDB	G-BGRR	PA38
1DDD	G-BGRT	BOLT
1DE7	G-BGTF	PA44
1DEA	G-NOCK	C82R
1DEB	G-LFSC	P28A
1DEE	G-BGUB	PA32
1DF1	G-BGVH	BE76
1DF2	G-BGVS	C172
1DF3	G-WIFE	C82R
1DF4	G-BGVV	AA5
1DF5	G-SVAS	PA18
1DF6	G-BGWM	P28A
1DF8	G-BGWO	D11
1DFE	G-BGXC	TOBA
1E00	G-CIGY	B47G
1E01	G-BGXR	HR20
1E02	G-BGXS	P28B
1E03	G-BGXT	TOBA
1E04	G-BGYH	P28A
1E09	G-AVLI	P28A
1E0A	G-RVRK	PA38
1E0B	G-OCTI	PA32
1E0D	G-BHAA	C152
1E0E	G-BHAD	C152
1E10	G-BHAI	C152
1E11	G-BHAJ	DR40
1E12	G-BHAV	C152
1E19	G-BHBT	MA5
1E1A	G-BHCC	C172
1E1B	G-BHCM	C172
1E1C	G-BHCP	C152
1E1D	G-BHCZ	PA38
1E1F	G-BHDE	TOBA
1E20	G-BHDM	C152
1E29	G-BHEG	D150
1E2B	G-BHEL	D11
1E2D	G-BHEN	C152
1E2E	G-PCAT	TOBA
1E30	G-BHEV	P28R
1E33	G-BHFC	C152
1E36	G-BHFI	C152
1E37	G-BHFJ	P28U
1E38	G-BHFK	P28A
1E3A	G-BHGC	PA18
1E3F	G-BHGO	PA32
1E40	G-BHGY	P28R
1E43	G-BHHG	C152
1E45	G-ENTT	C152
1E49	G-ROLY	C172
1E4B	G-BHIJ	GLID
1E4D	G-BHIN	C152
1E50	G-BHIY	C150
1E51	G-BHJF	TOBA
1E52	G-BHJI	M20P
1E53	G-BHJK	M5
1E55	G-BHJO	P28A
1E56	G-BHJS	P68
1E57	G-BHJU	DR40
1E59	G-BHLE	DR40
1E5A	G-BHLH	DR40
1E5E	G-BHLW	C120
1E60	G-ECAD	C152
1E61	G-BHMG	C152
1E64	G-STSN	S108
1E68	G-BHNK	D11
1E6B	G-BHNO	P28A
1E6F	G-BHOA	DR40
1E75	G-BHOR	P28A
1E77	G-BHOZ	TAMP
1E78	G-BHPK	J3
1E7A	G-BHPS	D11
1E7D	G-BHPZ	C172
1E7E	G-ZIPA	AC11
1E80	G-BHRC	P28A
1E82	G-TALD	C152
1E84	G-BHRR	CP30
1E87	G-BHSB	C172
1E8D	G-BHTC	DR10
1E90	G-TEXN	T6
1E92	G-EGLT	C310
1E94	G-BHUG	C172
1E95	G-BHUI	C152
1E9B	G-BHVF	D150
1E9C	G-OBEN	C152
1E9D	G-BHVP	C182
1E9E	G-BHVR	C172
1E9F	G-BHVV	J3
1EA0	G-BHWA	C152
1EA4	G-BHWY	P28R
1EA7	G-BHXS	D11
1EAB	G-BHYC	C172
1EAD	G-BHYI	SV4
1EAF	G-BHYP	C172
1EB0	G-BHYR	C172
1EB3	G-BHZE	P28A
1EB4	G-BHZH	C152
1EB5	G-BHZK	AA5
1EB7	G-BHZU	J3
1EB8	G-BHZV	D11
1EBA	G-BIAC	RALL
1EBC	G-IANC	TOBA
1EC1	G-BIBA	TAMP
1EC5	G-ELYS	C150
1EC8	G-BIBT	AA5
1ECB	G-BICD	AUS5
1ECE	G-BICG	C152
1ED5	G-BICW	P28A
1ED9	G-BIDH	C152
1EDA	G-BIDI	P28R
1EDC	G-BIDK	PA18
1EE0	G-BIEN	D11
1EE1	G-BIEO	D11
1EE2	G-BIES	M5
1EE4	G-BIEY	P28A
1EE8	G-FINA	C150
1EE9	G-BIFY	C150
1EF1	G-BIHD	DR40
1EF8	G-BIIA	RF3
1EF9	G-OPMJ	C172
1EFA	G-BIID	PA18
1EFC	G-BIIK	RALL
1EFE	G-BIIT	P28A
1F01	G-BIJB	PA18
1F02	G-BIJD	JUNR
1F06	G-BIJV	C152
1F07	G-BIJW	C152
1F08	G-BIKE	P28R
1F0F	G-BILR	C152
1F10	G-BILS	C152
1F11	G-BILU	C172
1F14	G-BIMM	PA18
1F17	G-BIMT	C152
1F19	G-BIMZ	BE76
1F21	G-BIOA	H500
1F22	G-BIOB	C172
1F26	G-BIOK	C152
1F2C	G-BIPN	RF3
1F2F	G-BIPV	AA5
1F37	G-BIRT	R100
1F3E	G-BITA	PA18
1F3F	G-BITE	TOBA
1F40	G-BITF	C152
1F41	G-ODAC	C152
1F42	G-BITH	C152
1F4A	G-BIUP	NC85
1F4D	G-BIUY	P28A
1F4E	G-BIVA	HR20
1F4F	G-BIVB	D11
1F51	G-BIVF	CP30
1F54	G-OSII	C172
1F5D	G-BIWR	M20P
1F62	G-BIXA	TAMP
1F63	G-BIXB	TAMP
1F65	G-BIXL	P51
1F67	G-MISH	C182
1F68	G-IRIS	AA5
1F6C	G-FRAN	J3
1F6D	G-BIXZ	G109
1F70	G-BIYK	IFUR
1F71	G-IIIX	PTS1
1F73	G-BIYR	PA18
1F76	G-BIYW	D11
1F7A	G-BIZG	C152
1F7C	G-BIZR	TAMP
1F80	G-BIZY	D11
1F83	G-BJAF	J3
1F84	G-BJAJ	AA5
1F85	G-BJAL	BU31
1F87	G-BJAP	DH82
1F8C	G-BJBK	PA18
1F8E	G-BJBO	D250
1F8F	G-BJBW	P28A
1F91	G-BJCA	P28A
1F93	G-BJCI	PA18
1F94	G-BJDE	C172
1F98	G-BJDW	C172
1F99	G-BJEI	PA18
1F9A	G-BJEL	NC85
1F9B	G-BJEV	AR11
1FA3	G-BJGY	C172
1FA9	G-BJIV	PA18
1FB4	G-BJML	C120
1FB6	G-BJMR	C310
1FC1	G-TALE	P28A
1FC2	G-BJOB	D140
1FC3	G-BJOE	D11
1FC5	G-BJOT	D11
1FC6	G-BJOV	C150
1FCF	G-GUSS	P28A
1FD1	G-BJST	T6
1FD2	G-BJSV	P28A
1FD9	G-BJTP	PA18
1FDD	G-BJUD	DR40
1FE0	G-BJUS	PA38
1FE4	G-BJVJ	C152
1FE5	G-BJVK	G109
1FE8	G-PTTA	C152
1FEC	G-BJWI	C172
1FF0	G-BJWW	C172
1FF2	G-BJWZ	PA18
1FF3	G-GFAA	RF6
1FF5	G-BJXK	RF5
1FF9	G-BJXZ	C172
1FFA	G-BJYD	C152
1FFC	G-BJYK	D11
2000	G-BJZN	RF6
2002	G-WACU	C152
2005	G-BKAM	RF6
2006	G-BKAO	D11
2008	G-BKAY	AC11
2009	G-BKAZ	C152
2010	G-BKBV	TOBA
2011	G-BKBW	TOBA
2012	G-BKCC	P28A
2013	G-BKCE	C172
2017	G-BKCV	ACR2
201A	G-BKCZ	D11
201D	G-HELN	PA18
2020	G-BKDJ	DR40
2023	G-BKDR	PTS1
2027	G-BKER	SE5R
202A	G-BKEV	C172
202B	G-BKEW	B06
202E	G-BKFC	C152
2034	G-BKFR	CP30
2038	G-BKGA	RALL
2039	G-BKGB	D11
203A	G-BKGC	M6
203E	G-BKGW	C152
2040	G-BKHG	J3
2047	G-BKIJ	C172
2049	G-BKIS	TOBA
204A	G-BKIT	TAMP
204B	G-BKJB	PA18
204F	G-BKJS	D11
2050	G-BKJW	PA27
2051	G-BKKN	C182
2052	G-BKKO	C182
2054	G-BKLO	C172
2058	G-BKMB	M20P
205A	G-BKMI	SPIT
205B	G-RVRU	PA38
2061	G-BKOB	Z26
2062	G-BKOU	JPRO
2063	G-BKPA	DIMO
206A	G-BKPX	D11
206B	G-BKPZ	PTS1
2070	G-BKRK	SV4
2077	G-LDWS	D150
207A	G-BKTA	PA18
2080	G-BKUE	TAMP
2087	G-BKVG	SF25
2088	G-BKVK	AUS9
2089	G-BKVL	DR40
208A	G-BKVM	PA18
208D	G-MKAS	P28A
2096	G-BKXA	HR20
2097	G-BKXF	P28R
20B1	G-BLCT	DR22
20BC	G-SKYC	RF6
20BD	G-BLDV	BN2P
20BF	G-EGLL	P28A
20C1	G-BLES	SA75
20C5	G-BLGH	DR30
20C7	G-BLGV	B06
20C9	G-BLHH	DR30
20CA	G-BLHJ	C172
20CD	G-OCAM	AA5
20CF	G-BLHS	CH7A
20D0	G-BLHW	MOR2
20D3	G-DRGL	PA18
20D8	G-JROO	B06
20DA	G-BLJM	BE55
20DB	G-BLJO	C152
20DC	G-MABE	C150
20DD	G-BLKM	DR10
20E5	G-BLLO	PA18
20E8	G-BLLS	RF6
20EB	G-BLMA	Z26
20EC	G-BLMG	G109
20EE	G-BLMN	LGEZ
20EF	G-BLMP	PA17
20F0	G-BLMR	PA18
20F1	G-BLMT	PA18
20F3	G-BZVB	C172
20F8	G-AYRG	C172
20FA	G-BPCA	BN2P
20FC	G-BLOS	C185
2101	G-BLPE	PA18
2106	G-OPLC	DOVE
2108	G-EMHK	B209
210B	G-BLRL	CP30
210E	G-BLTC	D31
2118	G-BLUV	G109
211A	G-BLVI	RF6
211C	G-BLVL	P28A
211D	G-ISZA	PTS2
2122	G-BMFD	PA27
2124	G-BMID	D11
2125	G-BMIP	D11
2126	G-BMKR	P28A
2127	G-BMSB	SPIT
2129	G-OFFS	PA38
212B	G-BMYU	D11
212D	G-BOLT	AC11
2132	G-IEJH	D150
2137	G-BPYN	J3
213B	G-BRGW	GY20
213C	G-BRIK	NIPR
2142	G-LFSA	PA38
2143	G-RVRZ	PA27
2144	G-LYND	PA25
2145	G-BSPE	C172
2146	G-BTAL	C152
2149	G-BTFC	C152
214C	G-BTUG	RALL
214D	G-BUCC	BU31
2150	G-BUMP	P28A
2151	G-NWFT	C172
2155	G-BUZZ	B06
215A	G-BWMB	D11
215B	G-BWSI	SA02
215C	G-GMAX	SV4
215D	G-BYSE	B06
2160	G-CBIL	C182
2164	G-CCUB	J3
216A	G-CJBC	P28A
216D	G-CLEA	P28A
216F	G-BVIE	PA18
2171	G-CLUX	C172
2174	G-COIN	B06
2177	G-COMB	PA30
217F	G-CRIL	AC11
2182	G-TOML	C150
2183	G-FOZO	C150
2186	G-CTKL	T6
2189	G-CUBB	PA18
218A	G-CUBI	PA18
218B	G-CUBJ	PA18
218E	G-GSYL	P28U
2190	G-DAND	TOBA
2193	G-DCKK	C172
2194	G-DEVS	P28A
2195	G-RVNA	PA38
2198	G-DINA	AA5
219B	G-DODD	C172
219C	G-DOVE	C182
219E	G-DUVL	C172
21A0	G-OHWK	B06
21A1	G-ECGC	C172
21A4	G-MOTO	PA24
21AB	G-EGLE	EAGL
21AD	G-EHMM	DR40
21AF	G-DIZO	D11
21B1	G-EMMY	VEZE
21B2	G-ENIE	NIPR
21B3	G-CIGD	C172
21B4	G-ENOA	C172
21B6	G-EORG	PA38
21BB	G-EWIZ	PTS2
21BC	G-EXEC	PA34
21BD	G-EXIT	RALL
21C2	G-FARR	D150
21C3	G-FBWH	P28R
21C4	G-FFEN	C150
21C5	G-FHAS	SF25
21C7	G-FLEA	TOBA
21CA	G-FLIP	C152
21CB	G-FLPI	AC11
21CD	G-FRAG	PA32
21CF	G-FULL	P28R
21D5	G-GBLP	C172
21D6	G-GBSL	BE76
21D7	G-GCAT	P28A
21D8	G-GCKI	M20T
21DA	G-GEEP	R100
21DD	G-GFLY	C150
21E5	G-LEGG	C182
21E8	G-GWYN	C172
21EA	G-HALL	PA22
21EC	G-HANS	DR40
21EE	G-HEWI	J3
21F0	G-HFCT	C152
21F6	G-HUFF	C182
21F7	G-HULL	C150
21FA	G-IFLI	AA5
21FF	G-IOSI	DR10
2203	G-IVOR	AR11
2204	G-JANS	C172
220A	G-ASOM	AUS6
220B	G-JFWI	C172
2210	G-DATR	B06
2211	G-JOLY	C120
2215	G-JUDY	AA5
2216	G-JWIV	DR10
2217	G-KAIR	P28A
221C	G-KCIG	RF5
221E	G-KEEN	SA30
221F	G-KEMC	G109
2223	G-CCAT	AA5
222C	G-LAKI	DR10
222E	G-LANE	C172
222F	G-LASS	VEZE
2231	G-LEAM	P28B
2236	G-LFIX	SPIT
2238	G-LION	PA18
223A	G-LOCH	J3
2241	G-PATN	TOBA
2243	G-LUCK	C150
2244	G-LUKE	LGEZ
2247	G-LUSC	L8
2248	G-NROY	P32T
224D	G-TSAS	P28A
224E	G-MALC	AA5
2252	G-MCOX	SUBA
2256	G-MICK	C172
225D	G-MOTH	DH82
2261	G-MUSO	LGEZ
2265	G-NEAL	PA32
226B	G-NNAC	PA18
226D	G-NORD	NC85
226F	G-TOTO	C177
2271	G-OBMS	C172
2273	G-OCPC	C152
2274	G-OCUB	J3
227F	G-AHCL	J1
2284	G-OALI	AS55
2285	G-OMHC	P28T
2286	G-OMNI	P28R
2288	G-OODE	SV4
228B	G-OPAT	BE76
228C	G-OPIK	GLIM
228E	G-OPSF	PA38
228F	G-OPUP	PUP
2291	G-OSKY	C172
2292	G-OSND	C150
2294	G-MUDY	PA18
2295	G-OVMC	C152
2298	G-OWEN	JUN1
2299	G-PACE	R100
229A	G-PARI	C172
229C	G-PAXX	PA20
229D	G-CIMM	C182
229E	G-OTIG	AA5
22AF	G-PLAN	C150
22B4	G-POOH	J3
22B5	G-POPE	GLIM
22B6	G-POWL	C182
22B9	G-PRXI	SPIT
22BD	G-PURR	AA5
22C3	G-RAFT	LGEZ
22C4	G-RAFW	M20P
22C7	G-RATE	AA5
22CA	G-REES	D140
22CB	G-JESS	P28S
22CE	G-RAZY	P28A
22D2	G-RIGS	AEST
22D4	G-ROBN	R100
22D7	G-FBFB	P32R
22D8	G-ROLL	PTS2
22DA	G-ROOK	C172
22DE	G-ROVE	PA18
22DF	G-ROWL	AA5
22E0	G-ROWS	P28A
22E1	G-BNZC	DHC1
22E3	G-RUBB	AA5
22E5	G-RUIA	C172
22E6	G-RUMN	AA1
22E9	G-SABA	P28S
22ED	G-SAHI	SAH1
22EF	G-SAMG	G109
22F1	G-SARA	P28A
22F6	G-SEJW	P28A
22F7	G-SELL	DR40
22FC	G-GAZA	GAZL
22FE	G-OPUB	RF6
22FF	G-SFTZ	RF6
2302	G-EJOC	AS50
2304	G-SLEA	CP10
2306	G-AXSI	C172
2309	G-SONA	TOBA
230B	G-SPIT	SPIT
230F	G-SUPA	PA18
2313	G-SYFW	WFOC
2314	G-TACK	G109
2316	G-PIPB	AS55
2319	G-TBIO	TOBA
231A	G-TBXX	TB20
231B	G-TBZO	TB20
2323	G-TIMK	P28A
2328	G-TOUR	HR20
232B	G-CCCA	SPIT
232C	G-TRUK	GLAS
232D	G-TSIX	T6
232E	G-TUGG	PA18
232F	G-TWEL	P28A
2330	G-TYGA	AA5
2331	G-TYRE	C172
2332	G-DROP	C206
2334	G-VAGA	PA15
2336	G-VARG	MOR2
233B	G-VITE	R100
2345	G-WEND	P28T
2347	G-WGCS	PA18
2349	G-WOLF	P28A
234A	G-WOOD	BE55
234E	G-PING	AA5
2350	G-XCUB	PA18
2355	G-YULL	P28A
2356	G-ZAZA	PA18
2357	G-ZERO	AA5
2358	G-ZIPI	DR40
2375	G-AZWS	P28R
239D	G-BLXI	CP13
23A0	G-BLUZ	DH82
23B1	G-BCTK	C172
23D3	G-BEAB	DR10
2424	G-HELE	B06
2426	G-CTIX	SPIT
2470	G-BHDP	C182
24BD	G-AAHI	DH60
24CD	G-ACDI	DH82
24D0	G-ACGZ	DH60
24D2	G-BTXI	T6
24DB	G-ADMT	DH87
24DD	G-JCBS	J3
24DE	G-ADPC	DH82
24E3	G-BLWY	HR20
24E6	G-BLXH	RF3
24E9	G-AEZJ	VGUL
24EC	G-AFDO	J3
24F8	G-BLYD	TB20
24FA	G-BIJU	CP30
2500	G-TGRE	R22
250B	G-BKTZ	RF6
2510	G-OKLY	C150
251B	G-IOOI	DR40
2526	G-AZDG	PUP
252D	G-BLXO	D150
252F	G-AZEY	PUP
253B	G-DKDP	G109
253F	G-BAMC	C150
2540	G-BLZP	C152
2542	G-SUET	B06
254A	G-BLOR	PA30
2556	G-BMCG	G109
2562	G-BMBB	C150
2563	G-WAVE	G109
2567	G-BMCN	C152
256B	G-EJGO	Z26
2571	G-BMDB	SE5R
2573	G-BMDS	D11
2579	G-ERNI	P28A
257A	G-EFTF	AS50
257D	G-LIBS	H500
257E	G-OALC	AS55
2583	G-GOTC	GA7
2586	G-TSGA	P28R
258A	G-BMCS	PA22
258F	G-BMBJ	GLID
2593	G-BMEX	C150
259A	G-HMPT	B06
259C	G-HANY	B06
259D	G-HILT	TOBA
25A1	G-BKGM	BE18
25A6	G-YARV	ARV1
25A9	G-BHXA	BDOG
25AA	G-BHXB	BDOG
25AC	G-BMFG	DO27
25AE	G-AVEO	C150
25B5	G-BFPR	PA25
25BA	G-BEOL	SC7
25BD	G-BMCV	C152
25C5	G-BDPJ	PA25
25C9	G-EMLS	C210
25CB	G-RNHF	FURY
25CD	G-BCUO	BDOG
25CE	G-BCUS	BDOG
25D2	G-ODOG	P28R
25D3	G-BAEO	C172
25D9	G-BBMR	DHC1
25E0	G-AVWD	P28A
25E2	G-BMFY	G109
25E9	G-BMGG	C152
25F2	G-AIGD	J1
25F3	G-AIKE	AUS5
25F9	G-AKAT	MAGI
25FC	G-AKIU	PROC
25FF	G-AKSY	AUS5
2601	G-AKTK	AR11
2604	G-AKTR	CH7A
2606	G-AKUH	L8
2608	G-AKUJ	L8
260C	G-AKUO	AR11
2610	G-BTOL	FOX
2613	G-ALWS	DH82
2614	G-IBED	R22
261D	G-AMTV	DH82
2620	G-AMUI	AIGT
2623	G-ANEN	DH82
2629	G-ANMO	DH82
262E	G-BMFP	P28A
2632	G-BMGB	P28R
2634	G-OSMD	B06
2639	G-BMHT	P28U
263C	G-DENS	CP30
263E	G-BMJD	C152
263F	G-BMJM	VP2
2640	G-NEWT	BE35
2641	G-BIZM	N320
2643	G-BMIO	GLAS
2645	G-BMGR	G109
2646	G-BMHL	TAIL
264C	G-BMIX	TB20
2651	G-BMIW	P28A
2656	G-BMKB	PA18
265A	G-BMJA	P32R
265F	G-BUDS	KR2
266B	G-BMJL	AC11
2678	G-BMJY	YK18
2681	G-EIWT	C82R
2682	G-UILD	G109
2693	G-XPII	C172
269D	G-OCST	B06
26A3	G-IPSI	G109
26A4	G-BMLK	G109
26BB	G-BRUM	C152
26BC	G-BMLL	G109
26CF	G-RVNG	P68
26D2	G-BMHS	C172
26DF	G-BMOK	ARV1
26E1	G-TIDS	D150
26E3	G-BMOF	C206
26E9	G-BMPR	P28R
26EB	G-BMPC	P28A
26ED	G-HYLT	P32R
26F2	G-JODL	DR10
2701	G-HAIG	LGEZ
2702	G-BMSE	TFUN
2703	G-BMOE	P28R
2705	G-BMLX	C150
2706	G-CHAR	G109
2707	G-BXDB	C206
2708	G-BVTM	C152
2710	G-BMUO	C152
271E	G-OFAS	R22
2723	G-BMTJ	C152
2727	G-EKTN	BE55
2733	G-MERL	P28T
2734	G-BMMP	G109
2738	G-BMWF	ARV1
2739	G-BMSD	P28A
2748	G-BMXB	C152
2749	G-BMXC	C152
274A	G-BMXA	C152
274B	G-JKAT	R22
2752	G-BMUZ	P28A
2759	G-ULHI	BDOG
275C	G-AZCV	PUP
2774	G-BMTB	C152
2776	G-AZCN	PUP
2777	G-AZDJ	PA32
2779	G-AZHX	BDOG
277B	G-OWOW	C152
2798	G-BMVB	C152
279B	G-BMMM	C152
27A4	G-BVXE	BOLT
27A5	G-WACB	C152
27A8	G-RGUS	FA24
27A9	G-BYFA	C152
27AA	G-WACE	C152
27AE	G-FIFI	TB20
27B0	G-DIRK	GLIM
27B9	G-OARC	P28T
27BD	G-WACY	C172
27C4	G-ZIGI	DR40
27D8	G-BMYG	C152
27EE	G-WACG	C152
27EF	G-BNCR	P28A
27F6	G-AWUB	GY20
27FC	G-OSPS	PA18
2800	G-AWAX	C150
280E	G-ASYG	AUS6
2813	G-EMSY	DH82
2819	G-ARRX	AUS6
281A	G-GTHM	PA38
281D	G-ONHH	ERCO
281E	G-ARHB	ERCO
2822	G-ARMF	DHC1
2823	G-ARMN	C175
2824	G-ARNG	PA22
282B	G-CSCS	C172
282D	G-AOJK	DH82
283A	G-DISO	D150
2846	G-RNRM	C185
2852	G-AJJS	C120
2854	G-WACF	C152
285A	G-HRIO	HR10
2863	G-BNEE	P28R
286C	G-JANA	P28A
2872	G-BKOT	WA80
2880	G-BNFV	DR40
289D	G-BNHK	C152
28A8	G-BNFR	C152
28BB	G-BNHT	RF3
28BC	G-BNIO	L8
28BD	G-BNIP	L8
28C0	G-BNIK	HR20
28C3	G-MTHT	STST
28C6	G-BNIV	C152
28C7	G-BNID	C152
28CB	G-BNEL	P28A
28CE	G-BNGT	P28A
28D8	G-BNKH	PA38
28D9	G-OIMC	C152
28DB	G-BNKR	C152
28DC	G-BNKP	C152
28DD	G-BNKS	C152
28DE	G-CLAC	P28A
28E2	G-BNKV	C152
28E5	G-BNKI	C152
28E7	G-BNKE	C172
28EB	G-BNKC	C152
28F6	G-AKTI	L8
28F8	G-CBOR	C172
2900	G-TALR	C152
2901	G-BNHJ	C152
2908	G-BNJT	P28A
2909	G-RVRA	P28A
290A	G-BNNU	PA38
290B	G-BNNT	P28A
290C	G-TREE	B06
2916	G-OEAT	R22
2917	G-GFIG	C152
2919	G-SMON	C152
291D	G-ESME	C82R
2923	G-EGBJ	P28A
2924	G-BNOP	P28A
2925	G-BNON	P28A
2926	G-BNOM	P28A
2927	G-BNOJ	P28A
2928	G-BNOH	P28A
292B	G-BNPY	C152
292C	G-TALA	C152
2932	G-AOJR	DHC1
2939	G-BNRG	P28A
293A	G-OTAL	ARV1
293B	G-POOL	ARV1
293C	G-BNHB	ARV1
293F	G-OBYT	B06
2941	G-BNRL	C152
2944	G-SEMT	C172
2948	G-OODW	P28A
2949	G-BNRA	TOBA
2951	G-JHEW	R22
2952	G-BNRY	C182
2953	G-BNJH	C152
2954	G-BNMF	C152
2955	G-BNSL	PA38
2956	G-BNSN	C152
295C	G-BNSM	C152
295D	G-BNNZ	P28A
295F	G-BNPM	PA38
2960	G-BNPO	P28A
2961	G-LVRS	P28A
2964	G-BNSG	P28R
2965	G-PRDH	AS55
2966	G-TCUB	J3
2967	G-OONE	M20P
296F	G-OZJX	P28A
2975	G-GFRA	P28T
2981	G-VOID	P28T
2982	G-BNSY	P28A
2987	G-BNSZ	P28A
2988	G-ECRM	RF6
2989	G-BNSR	RF6
298C	G-DOFY	B06
298F	G-BNUT	C152
2990	G-BNUX	DIMO
2991	G-GYAV	C172
2995	G-BNVB	AA5
2998	G-BNNY	P28A
299C	G-BNTP	C172
29AD	G-BNST	C172
29BA	G-BNXE	P28A
29BD	G-BNME	C152
29C4	G-BNYD	B06
29C9	G-BNXL	GLIM
29CC	G-PITZ	PTS2
29CD	G-BNUL	C152
29CF	G-BNYL	C152
29D1	G-SVIP	C421
29DB	G-LGCC	DR40
29E1	G-BNYP	P28A
29E2	G-OKEN	P28S
29FB	G-BOLO	B06
2A00	G-MDAC	P28A
2A0C	G-LFSN	PA38
2A10	G-BNZZ	P28A
2A14	G-BOCI	C140
2A16	G-BNZB	P28A
2A17	G-OPSL	P32R
2A18	G-BNXM	PA18
2A1B	G-SKYV	P28U
2A1D	G-BNRP	P28A
2A1E	G-BNRX	PA34
2A1F	G-BNSU	C152
2A39	G-BOBT	SA30
2A3A	G-BOBA	P28R
2A3B	G-IFLP	PA34
2A3C	G-BOEH	DR30
2A3D	G-PDSI	C172
2A3F	G-BODR	P28A
2A40	G-BOCM	RF6
2A43	G-SIMY	PA32
2A44	G-BODZ	R22
2A45	G-SPOK	R22
2A4C	G-BODT	D18
2A57	G-BODU	SF25
2A5D	G-BOEE	P28A
2A5F	G-BOAH	P28A
2A60	G-BOER	P28A
2A6C	G-BNVT	P28S
2A6E	G-BOCK	STRI
2A6F	G-AJJT	C120
2A74	G-BOET	P28T
2A7A	G-BODO	C152
2A7B	G-TRUU	PA34
2A7F	G-BOFY	P28A
2A81	G-LRNC	P28A
2A8E	G-BOFW	C150
2A90	G-BOGI	DR40
2A9B	G-BOHM	P28A
2A9C	G-BOHH	C172
2A9E	G-BODB	P28A
2AA0	G-BODD	P28A
2AA1	G-BODE	P28A
2AA2	G-BOHO	P28A
2AAD	G-EVIE	P28A
2AB3	G-BOHJ	C152
2AB4	G-BOIG	P28A
2AB5	G-RARB	C172
2AB6	G-BOIL	C172
2AC2	G-BOIR	C152
2AC3	G-BOIO	C152
2AC6	G-DIME	AC11
2AC8	G-BOIY	C172
2AC9	G-BOIX	C172
2ACA	G-OGEM	P28A
2ACC	G-FTIL	DR40
2ACD	G-BOIT	TOBA
2AE1	G-BOHA	P28A
2AE2	G-OALD	TB20
2AE5	G-BOJM	P28A
2AE8	G-BOIV	C150
2AE9	G-MTXR	STST
2AEC	G-BOLC	RF6
2AED	G-BOKX	P28A
2AEE	G-BOJW	P28A
2AEF	G-BOJZ	P28A
2AF0	G-JJAN	P28A
2AF2	G-FTAF	P28A
2AF3	G-BOJS	C172
2AF8	G-BOLI	C172
2B04	G-BOJI	P28T
2B05	G-BOLY	C172
2B07	G-BONZ	BE35
2B08	G-MOVI	P32R
2B0B	G-BOMU	P28A
2B0F	G-BOMP	P28A
2B12	G-BOLV	C152
2B1D	G-JRCR	B06
2B1E	G-BONW	C152
2B1F	G-BONR	C172
2B21	G-SGSE	P28A
2B23	G-JLCA	PA34
2B26	G-BONG	EN28
2B27	G-BOOL	C172
2B29	G-BOOC	PA18
2B2A	G-OVFM	C120
2B2D	G-BOOX	LGEZ
2B2F	G-BONT	RF6
2B32	G-ETDC	C172
2B33	G-RSKR	P28A
2B3B	G-LORD	PA34
2B3C	G-ZAPY	R22
2B3E	G-BOPC	P28A
2B47	G-ZACH	DR40
2B54	G-OBIL	R22
2B5B	G-BONY	FOX
2B5C	G-BOPH	C82R
2B60	G-BOOH	D11
2B61	G-BOLB	TAYB
2B62	G-BOSE	P28A
2B7B	G-BOSM	D253
2B7D	G-CDON	P28A
2B7E	G-BOPD	BD4
2B81	G-BOSO	C152
2B83	G-AKTS	C120
2B86	G-OOLE	C172
2B89	G-TALB	C152
2B98	G-BOTF	P28A
2B9D	G-IBIG	B06
2BA0	G-BOTO	CH7A
2BA2	G-BOTG	C152
2BA3	G-BOTH	C182
2BA5	G-BOLW	C152
2BA6	G-BOTN	P28A
2BAB	G-BORK	P28A
2BAC	G-OASH	R22
2BB6	G-BOOF	P28A
2BB7	G-OPST	C182
2BB8	G-OEAC	M20P
2BC3	G-LAMS	C152
2BC5	G-BRAK	C172
2BC8	G-TUNE	R22
2BD2	G-BWEF	SV4
2BD3	G-BOMY	P28A
2BD6	G-BOMZ	PA38
2BEB	G-OJWS	P28A
2BEC	G-BOLE	PA38
2BF6	G-LBRC	P28T
2BF7	G-BYEE	M20T
2C01	G-RVRO	PA38
2C04	G-BOWP	D11
2C0D	G-EITE	L8
2C13	G-BOYB	C152
2C19	G-BRDD	CP10
2C1A	G-FNLD	C172
2C23	G-BOWY	P28T
2C24	G-BOUE	C172
2C25	G-BOYI	P28A
2C26	G-BOYH	P28A
2C2A	G-BOZV	DR30
2C31	G-MVFH	STST
2C37	G-VILL	LAKR
2C40	G-BOYL	C152
2C42	G-BOZO	AA5
2C44	G-BOXC	P28A
2C48	G-BOSN	AS55
2C49	G-BOZZ	AA5
2C57	G-LFSH	PA38
2C61	G-BOUK	PA34
2C68	G-BOYV	P28S
2C70	G-BPAW	C150
2C73	G-BPAF	P28A
2C74	G-ETIN	R22
2C75	G-BOVK	P28A
2C7A	G-BPBK	C152
2C7B	G-BPBJ	C152
2C7C	G-TSGJ	P28A
2C7D	G-BPAY	P28A
2C7E	G-BPBM	P28A
2C7F	G-EDGE	D150
2C83	G-TALC	C152
2C86	G-BPCL	BDOG
2C87	G-BULL	BDOG
2C89	G-RAML	PA34
2C8C	G-KNOW	PA32
2C97	G-BPCK	P28A
2C9A	G-NBDD	DR40
2CA0	G-LEEZ	B06
2CA1	G-BORL	P28A
2CA2	G-BPBO	P28T
2CA4	G-XBOX	B06
2CA5	G-SNUZ	P28A
2CAC	G-BZNI	B06
2CB0	G-BPEO	C152
2CB4	G-GZDO	C172
2CB5	G-KFOX	FOX
2CB9	G-BPFM	CH7A
2CBB	G-ISMO	R22
2CC5	G-JUDE	DR40
2CD6	G-BPEM	C150
2CDB	G-ZSDB	P28B
2CDC	G-APBI	DH82
2CE7	G-BPFL	DA2
2CE8	G-BPFZ	C152
2CE9	G-AGPK	DH82
2CEF	G-BPFH	P28A
2CF0	G-BPFD	D11
2CF2	G-DLEE	TAMP
2CF3	G-BPJB	H269
2CF4	G-BPGE	C206
2D01	G-BPGZ	C150
2D03	G-CSGT	P28A
2D18	G-AGMI	L8
2D20	G-OETI	B06
2D22	G-BPHI	PA38
2D23	G-MWIZ	STST
2D2C	G-BPHG	DR40
2D2D	G-LEOS	DR40
2D35	G-RFSB	RF5
2D3F	G-OFRY	C152
2D40	G-FPSA	P28A
2D54	G-BPDT	P28A
2D60	G-KOTA	P28B
2D61	G-LFSJ	P28A
2D62	G-BPIU	P28A
2D66	G-BPHR	DH82
2D67	G-JDPB	P28S
2D68	G-BPCI	C172
2D6A	G-TINK	R22
2D6D	G-AJKB	L8
2D6E	G-BPFI	P28A
2D6F	G-GLED	C150
2D70	G-IIII	PTS2
2D72	G-BPKM	P28A
2D75	G-AJJU	L8
2D76	G-AKVO	TAYB
2D77	G-AKVM	C120
2D8B	G-OCFD	B06
2D8C	G-GFIB	C152
2D8F	G-BPME	C152
2D90	G-WFWA	P28A
2D98	G-NZSS	ST75
2D9A	G-ONAF	N3N
2D9B	G-BPMF	P28A
2D9C	G-HART	C152
2DA0	G-EFSM	RF6
2DA3	G-SACR	P28A
2DA4	G-SACS	P28A
2DA5	G-SACT	P28A
2DAB	G-SUKI	PA38
2DB1	G-BPOT	P28A
2DB4	G-BPLM	SV4
2DB9	G-OTAM	C172
2DBA	G-BPIZ	AA5
2DBD	G-IIIL	PTS1
2DBE	G-BPIV	BLEN
2DC0	G-BPPF	PA38
2DC1	G-BPOM	P28A
2DC2	G-BPPO	L8
2DC6	G-IGIS	B06
2DCD	G-MXVI	SPIT
2DCE	G-BPOS	C150
2DDB	G-KHCG	AS55
2DDC	G-BPRI	AS55
2DDE	G-GJCD	R22
2DE8	G-RAFB	G115
2DE9	G-RAFA	G115
2DEA	G-BPRY	P28A
2DEB	G-BPRX	AR11
2DEF	G-BPTE	P28A
2DFE	G-OSLO	H269
2E01	G-RVRN	P28A
2E03	G-JBDH	DR40
2E05	G-BPTA	S108
2E06	G-BPTL	C172
2E1A	G-BPTG	AC11
2E1C	G-MVRO	STST
2E21	G-EGTB	P28A
2E29	G-BPWG	C150
2E30	G-BPUL	PA18
2E3A	G-BPVA	C172
2E3B	G-BPVO	CASS
2E3D	G-BPVN	P32R
2E47	G-BPWK	RF5
2E48	G-BPWM	C150
2E54	G-OSHL	R22
2E57	G-SCPL	P28A
2E59	G-BPTI	TB20
2E5A	G-BPWR	C172
2E5B	G-BPWS	C172
2E5D	G-BPXJ	P28U
2E63	G-BPVI	P32R
2E65	G-GFCA	P28A
2E6D	G-XXIV	B06
2E70	G-BPWE	P28A
2E71	G-MKVB	SPIT
2E74	G-BPVK	MOR2
2E80	G-BPVZ	L8
2E83	G-HUKA	H500
2E90	G-BPYJ	TAIL
2E91	G-BPCF	J3
2E92	G-BPXA	P28A
2E93	G-MUNI	M20P
2E9A	G-IXII	EAGL
2E9B	G-BPTS	BU31
2E9D	G-MOAC	BE33
2E9F	G-BPZB	C120
2EA3	G-BRBA	P28A
2EA4	G-SHED	P28A
2EAE	G-BRBK	DR40
2EAF	G-SACO	P28A
2EB6	G-BRBG	P28A
2EB9	G-DAVH	C150
2EC9	G-BRAR	CH7A
2ECB	G-BUCT	C150
2ECC	G-BRBP	C152
2ECD	G-BPUR	J3
2EDC	G-BXLY	P28A
2EE0	G-JANN	PA34
2EE2	G-BRCT	FOX
2EE3	G-BRDG	P28A
2EE4	G-BRDF	P28A
2EE6	G-BRBD	P28A
2EE7	G-OOMA	P28A
2EE8	G-BRDJ	L8
2EE9	G-BRDM	P28A
2EEB	G-BRBW	P28A
2EF3	G-NIKE	P28A
2EF4	G-BRBL	DR40
2EF5	G-BRBM	DR40
2EF9	G-BRBI	C172
2F04	G-BRER	CH7A
2F0E	G-BRFB	LGEZ
2F10	G-BREY	TAYA
2F16	G-TGRS	R22
2F1B	G-LUSK	L8
2F1D	G-BRBX	P28A
2F24	G-BRGI	P28A
2F2A	G-OONY	P28A
2F2E	G-SACI	P28A
2F2F	G-XAVI	P28A
2F34	G-BRHA	P32T
2F38	G-PEKT	TB20
2F3F	G-BRIL	J5
2F47	G-TILE	R22
2F4F	G-BRHX	L8
2F50	G-BRHY	L8
2F60	G-BRHR	PA38
2F62	G-BRJL	PA15
2F63	G-BRJC	C120
2F6A	G-OXVI	SPIT
2F72	G-BTIM	P28A
2F73	G-JAMP	P28A
2F74	G-BRIV	TAMP
2F75	G-OFIT	TOBA
2F76	G-ECGO	JUNR
2F77	G-BRJV	P28A
2F7B	G-BRKH	P28B
2F7F	G-BRKC	J1
2F81	G-AIYG	SV4
2F89	G-SRWN	P28A
2F90	G-BRLG	P28U
2F91	G-BRJA	L8
2F95	G-BRCV	CH7A
2F9A	G-BROZ	PA18
2F9E	G-BRNN	C152
2F9F	G-BRNK	C152
2FB3	G-EGSF	R22
2FB4	G-JONZ	C172
2FB5	G-BROO	L8
2FBC	G-OPJD	P28U
2FBF	G-LUSI	L8
2FC3	G-BRLP	PA38
2FCD	G-BRPF	C120
2FCF	G-BRPH	C120
2FD0	G-BROX	R22
2FD7	G-BRFM	P28A
2FD8	G-BRPR	AR6T
2FDE	G-BRPY	PA15
2FDF	G-BRPS	C177
2FE9	G-OFTI	P28A
2FEF	G-KYTE	P28A
2FF0	G-BRRK	C182
2FF4	G-VELA	S05R
2FF5	G-BRNU	DR40
2FF8	G-BRRP	PTS1
2FFC	G-RAFG	RF6
2FFF	G-BRPV	C152
3003	G-BRND	C152
300A	G-TAYI	G115
3012	G-MKXI	SPIT
3017	G-KKRN	R22
301A	G-BRSW	L8
301D	G-PHTG	TOBA
3020	G-OCTU	P28A
3026	G-BRPK	P28A
3027	G-FOXA	P28A
3028	G-BPML	C172
302D	G-BRSF	SPIT
3033	G-OXOM	P28A
3034	G-OLSF	P28A
3036	G-PEGI	PA34
3037	G-LBMM	P28A
3038	G-BRTP	C152
3048	G-RAAM	P28A
304B	G-BRPX	TAYA
3050	G-BRUG	L8
3059	G-ROTS	STST
305D	G-BRTW	GLIM
305F	G-BRUB	P28A
3060	G-BRTX	P28A
3067	G-OFER	PA18
3070	G-BRVO	AS50
3071	G-EFTE	KL07
3074	G-SOOH	H500
3075	G-LASR	GLAS
307A	G-BRVL	PTS1
307D	G-SEVE	C172
307E	G-BRTD	C152
3081	G-OLEM	D18
3085	G-BRWR	AR11
3091	G-CDRU	BU31
3093	G-OTOE	CH7A
309A	G-BRVG	T6
309B	G-BRXF	AR11
309C	G-BRXE	TAYA
309D	G-BRXH	C120
309F	G-OGAR	SZ45
30A8	G-BSAI	GLAS
30A9	G-SOKO	KRAG
30B0	G-EEPJ	PTS1
30B1	G-BRXY	CAMP
30B8	G-BRUD	P28A
30BD	G-BRXD	P28A
30CD	G-FFTI	TB20
30D6	G-BSAW	P28A
30D9	G-BSBA	P28A
30E2	G-BSBG	T6
30E7	G-ILLE	ST75
30EC	G-BRVE	BE17
3100	G-BSCP	C152
3101	G-BRWA	CH7A
310B	G-BSCY	P28A
310C	G-BSCV	P28A
310D	G-BSCZ	C152
310E	G-BSCW	TAYB
310F	G-TVAM	B105
3110	G-KIMB	DR30
3114	G-BSCN	TB20
3123	G-GOSL	DR40
3125	G-MZIZ	RENE
312D	G-BSCS	P28A
3130	G-BSDZ	EN28
313E	G-GORE	STST
3140	G-LEVI	CH7A
3144	G-BSDH	DR40
3147	G-WHRL	H269
314A	G-BSFF	DR40
3152	G-USAA	C150
3155	G-BSFE	PA38
315D	G-DDMV	T6
3161	G-MOUL	M6
3162	G-ENNA	P28A
3163	G-BSEU	P28A
3164	G-BSGF	R22
3166	G-OERS	C172
3169	G-BSGD	P28A
316A	G-BSEJ	C150
316B	G-MWHP	COY2
316F	G-BSFR	C152
3170	G-BSFP	C152
3173	G-LFSW	P28A
3174	G-PSRT	P28A
3176	G-BSHH	L8
317C	G-MASS	C152
3180	G-MOUR	GNAT
3182	G-BSII	PA34
3186	G-BSEY	BE36
3190	G-BSIM	P28A
3193	G-BSDO	C152
3197	G-KIKI	P28A
319D	G-BSJX	P28A
31A0	G-BSHP	P28A
31A1	G-SSWV	RF5
31A2	G-BSKW	P28A
31AD	G-DRSV	DR30
31AE	G-BSED	PA22
31BC	G-BSDP	C152
31BD	G-IRPC	C182
31BF	G-LACB	P28A
31C3	G-BSJU	C150
31C4	G-IOCJ	P28R
31C6	G-LILY	B06
31C9	G-BSLK	P28A
31CD	G-CTCL	TOBA
31CE	G-BSLT	P28A
31CF	G-CMPA	P28T
31D3	G-KITI	PTS2
31D4	G-BSLA	DR40
31D9	G-BSME	JUNR
31E3	G-NLEE	C182
31E5	G-OZAM	P28A
31E6	G-SAGA	G109
31E9	G-BSMV	PA17
31F1	G-BUTZ	P28A
31F8	G-BRXG	CH7A
31F9	G-BSOM	GLIM
3201	G-IKBP	P28A
3203	G-BSOG	C172
3204	G-BSLW	CH7A
320A	G-VFAS	P28R
320C	G-BSOO	C172
320F	G-BSNX	P28A
3214	G-KOLI	RALL
3220	G-BSKA	C150
322A	G-PIPS	RV4
322C	G-BSOX	L8
3233	G-BSRI	LNC2
323B	G-BSOZ	P28A
323C	G-IJOE	P28U
323E	G-BSSA	L8
323F	G-BSSB	C150
3240	G-BSSC	P28A
3245	G-FOXS	FOX
325E	G-BSTP	C152
3261	G-DHZF	DH82
3263	G-BSTL	KR2
3267	G-BSVB	P28A
3269	G-RWIN	SKYR
326A	G-BSTX	L8
326E	G-BSUD	L8
3274	G-UROP	BE55
327F	G-BSSP	DR40
3281	G-BSTM	C172
3287	G-HIGA	C172
3288	G-BSAX	J3
3289	G-BSVE	CP30
328A	G-BSVG	P28A
328D	G-HALC	P28R
3291	G-LADS	AC11
3297	G-RVRY	PA38
3299	G-BSVK	FOX
329D	G-NIOS	P32R
329F	G-BSTR	AA5
32A1	G-BSTZ	P28A
32A2	G-ORMB	R22
32A3	G-BSVM	P28A
32A5	G-GASP	P28A
32B2	G-BSVS	DR40
32B3	G-VMCG	PA38
32BB	G-BSWC	ST75
32C9	G-BSWG	PA15
32CE	G-BAGG	PA32
32CF	G-CPCD	DR22
32D0	G-WLAC	PA18
32D2	G-BSWM	GLID
32D3	G-BSWF	PA16
32D5	G-BSWL	SF25
32DB	G-BSXA	P28A
32DD	G-BSXC	P28A
32E2	G-BSXD	KRAG
32E4	G-FCSP	DR40
32E8	G-JLHS	BT36
32EA	G-IMPX	AC11
32EE	G-DLOM	TB20
3301	G-OOTC	P28S
3303	G-JAVO	P28A
3310	G-BSYF	L8
3316	G-BSYH	L8
331B	G-YAWW	P28U
331C	G-BSYO	J3
331D	G-BSYV	C150
331F	G-BSZT	P28A
3321	G-BSYY	P28A
3324	G-BSYU	DR40
3325	G-KENM	L8
332B	G-SWEL	H500
3333	G-BSZJ	P28A
3334	G-EGEL	EAGL
3337	G-BSZO	C152
3339	G-FORG	AA5
333A	G-WINS	PA32
333C	G-BSZV	C150
333D	G-BSZW	C152
333F	G-MWSC	COY2
3341	G-BSUO	SF25
3343	G-VIPH	A109
3344	G-RVND	PA38
3348	G-BTAK	ACR2
334A	G-BYLS	BD4
334B	G-JASE	P28A
3350	G-BTAW	P28A
3351	G-BTBA	R22
3352	G-BTBC	P28A
335A	G-OVNR	R22
3362	G-BTDE	CMAS
3366	G-BTBU	PA18
3367	G-BTCH	L8
3369	G-BTCJ	L8
336B	G-BTBY	PA17
336E	G-WMTM	AA5
3373	G-GOUP	R22
3374	G-PPPP	FOX
337C	G-WAIR	PA32
3381	G-JSCA	P28T
3388	G-BTDN	FOX
3390	G-STUA	PTS2
3392	G-BTDV	P28A
3393	G-BTDW	C152
3394	G-NFNF	DR40
3396	G-MCPR	PA32
33A3	G-BTES	C150
33A7	G-LARA	DR40
33A8	G-TMHK	PA38
33AB	G-BTEW	C120
33AD	G-BTFO	P28A
33AE	G-BTFG	ST75
33BB	G-OMAS	C150
33BC	G-BTFX	B06
33BD	G-BTGO	P28A
33BE	G-CHAS	P28A
33C8	G-BTGJ	DSA1
33CA	G-BXAB	P28A
33D5	G-BTGM	CH7A
33D7	G-BTDA	GLID
33D8	G-BTGW	C152
33DA	G-BTGY	P28A
33DE	G-BTHE	C150
33E8	G-BUVR	HUSK
33EF	G-BTHY	B06
33F3	G-OPWS	M20T
33F6	G-HANC	R22
3400	G-BTIJ	L8
3405	G-BXES	PEMB
3406	G-BYYG	RF6
3408	G-BTJL	PA38
3409	G-RVNC	PA38
3415	G-OSTC	AA5
3419	G-BTKA	J5
341B	G-BTON	P28A
341E	G-RWSS	FOX
3421	G-BTKL	B105
3424	G-LEED	FOX
342F	G-BTKT	P28A
3431	G-BTKX	P28A
3434	G-BTLG	P28R
3438	G-BTMA	C172
3441	G-BTLP	AA1
3445	G-MLHI	M7
3446	G-BTMR	C172
344D	G-BTNV	P28A
344E	G-BTUR	PA18
3450	G-NIKL	R22
3454	G-BTOT	PA15
3458	G-RCED	AC11
3459	G-BTNH	P28A
345E	G-ZIPY	TAIL
345F	G-TECC	CH7A
3460	G-MIFF	DR40
3461	G-BTNO	CH7A
3467	G-BTMK	C172
3468	G-TXAS	C150
3476	G-BTOG	DH82
3479	G-KART	P28A
347D	G-CPTM	P28A
3492	G-IIAC	AR11
3497	G-BTRI	AR11
349B	G-BTRU	DR40
349C	G-RONS	DR40
34A0	G-BTRY	P28A
34A2	G-BTRS	P28A
34A3	G-BTRT	P28R
34A5	G-BTSP	J3
34AE	G-TOWS	PA25
34B1	G-BTSJ	P28A
34B9	G-BTTY	FOX
34BB	G-OAHC	BE33
34BE	G-BTTR	PTS2
34BF	G-OWGC	SF25
34CB	G-MSFT	P28A
34D5	G-BTUB	YK11
34DD	G-BTUK	PTS2
34E2	G-DRZF	DR30
34E9	G-BTUW	P28A
34EB	G-DHAH	CH7A
34ED	G-DIWY	PA32
34EE	G-LAIR	GLAS
34F2	G-BTUZ	AA5
34F5	G-BTWD	GLID
34F6	G-BTWE	GLID
34F7	G-BTWC	SF25
34FF	G-BTVW	C152
3500	G-BTVX	C152
3503	G-BTWI	ACRO
3505	G-BTXX	BL8
350E	G-BTXT	M7
350F	G-OJCL	R22
3510	G-FGID	CORS
351C	G-BTWY	PULS
351F	G-BUAB	AR11
3523	G-BVAH	FOX
352D	G-BTYT	C152
352E	G-BTZB	YK50
353D	G-DLDL	R22
3546	G-BTZZ	STST
355E	G-BUAO	L8
3563	G-BUCH	RELI
3565	G-ULZE	R22
3573	G-YRIL	L8
3574	G-BUDE	PA22
3576	G-HEBS	BN2P
357D	G-BUCO	CAMP
3588	G-DCXI	SF25
3589	G-BUDA	SF25
3590	G-ZAIR	CH60
35A0	G-BUDI	PULS
35A8	G-DHCZ	DHC2
35AA	G-BUDL	AUS3
35B1	G-BUEF	C152
35B2	G-BUEG	C152
35BF	G-BUDR	FOX
35C0	G-LIDA	DIMO
35C1	G-BUEK	GLID
35C4	G-BUEC	RV6
35CE	G-BUEP	M7
35DA	G-XPXP	PULS
35E1	G-BUFY	P28A
35E8	G-BUGV	SF25
35EB	G-BUGZ	GLID
35EC	G-BUFH	P28A
35FC	G-BUHR	SF25
35FD	G-BUJA	GLID
3600	G-SOOM	GLIM
3601	G-BUHZ	C120
360E	G-BUJB	GLID
3610	G-OJAN	R22
3611	G-BUKF	FOX
3618	G-BUJI	SF25
3619	G-BUJO	P28A
361A	G-BUJM	C120
361B	G-BUJN	C172
361C	G-BUIK	P28A
361F	G-BUIJ	P28A
3623	G-BUIH	SF25
3625	G-BUIF	P28A
362F	G-OCAD	F8L
3637	G-BUJE	C177
364E	G-BULG	RV4
3667	G-BUKO	C120
366B	G-TIMP	CH7A
366C	G-ELMH	T6
3671	G-BUKP	FOX
3679	G-BUNB	SF25
367E	G-BUKU	L8
368B	G-BULJ	STST
3691	G-BULO	L8
369B	G-BUOS	SPIT
36AA	G-BWLY	EXEC
36BC	G-SIIE	PTS2
36C3	G-BUOF	D6CR
36C5	G-BURP	EXEC
36C7	G-RSSF	FOX
36CB	G-BUON	AVID
36CC	G-OMJT	LGEZ
36D5	G-DACF	C152
36EE	G-BUPR	D18
36F2	G-CONB	DR40
36FF	G-BUSW	AC11
3704	G-BUTX	BU33
370E	G-BUVA	PA22
3711	G-BUTH	DR22
3718	G-BUTB	STST
3719	G-BUTM	COY2
3720	G-DWIA	CDW1
3721	G-BUUA	RF6
3722	G-OCRM	RF6
3723	G-BUUC	RF6
3724	G-BUUE	RF6
3725	G-BUUF	RF6
3726	G-BUUI	RF6
3728	G-BUUL	RF6
372A	G-RVVI	RV6
372E	G-OKED	C150
3735	G-GKKI	CP23
3738	G-RVEE	RV6
3739	G-BUUX	P28A
3743	G-EYAS	FOX
3749	G-HIPE	SNS7
374A	G-BUXI	BOLT
374B	G-ORIX	ARV1
3767	G-BUWK	COY2
3769	G-RUMM	BCAT
3774	G-MEOW	STST
377E	G-OPJK	EUPA
3787	G-CHER	PA38
3799	G-PKPK	H269
37A4	G-BUYK	FOX
37A5	G-BVAC	CH60
37B1	G-BUZA	FOX
37C1	G-PETO	H500
37C3	G-BUYS	DR40
37C5	G-SHUC	COY2
37C6	G-EWAN	WAIX
37C9	G-BVDC	RV3
37CC	G-IIRG	GLAS
37D8	G-BVAI	RALL
37DE	G-BVEH	D11
37DF	G-VANZ	RV6
37E3	G-OAAA	P28A
37E4	G-BWFZ	RBEL
37E5	G-VPSJ	EUPA
37F5	G-BVCG	RV6
37F6	G-OAGI	SAH1
37F8	G-BVCL	COY2
3800	G-ODIN	CP10
380A	G-BVDI	RV4
380B	G-BVFO	AVID
3811	G-BVDP	F8L
381A	G-BVEP	L8
381B	G-RORI	GNAT
382A	G-CROL	M7
382D	G-BVEZ	JPRO
3833	G-BVEY	FOX
3834	G-MYMH	COY2
3842	G-BVFR	STST
3845	G-LYFA	YK52
3847	G-BVFZ	M5
384F	G-BVGA	B06
3851	G-SPUT	YK52
3855	G-BVGO	FOX
3856	G-DURO	EUPA
385C	G-BVGY	L8
385D	G-BVGT	J1
3870	G-DOGI	R22
3875	G-BVHC	G115
3876	G-BVHD	G115
3877	G-BVHE	G115
3878	G-ROBA	G115
3879	G-BVHG	G115
387B	G-BVHI	SAKO
3888	G-BVHS	RBEL
388C	G-OBJT	EUPA
388D	G-MYON	STST
3896	G-BVIZ	EUPA
389B	G-BVIK	M7
389D	G-BVIW	PA18
38A2	G-SCLX	SAH1
38AA	G-BVJK	GLIM
38B9	G-RUMW	WCAT
38BC	G-LIVH	J3
38C0	G-LABS	EUPA
38CD	G-FLAV	P28A
38D2	G-BVLV	EUPA
38D5	G-BVKU	SF25
38D8	G-ICRM	RF6
38E3	G-BVOS	EUPA
38ED	G-BVOR	STST
38EE	G-BVLT	CH7B
38F0	G-LYDA	DIMO
38F1	G-EVLE	CLDS
38F2	G-BVNS	P28A
38F8	G-BVLR	RV4
38FC	G-KSIR	GLAS
38FE	G-OZEE	AVID
390D	G-BVTV	EXEC
3919	G-BVWZ	PA32
391A	G-LFVB	SPIT
3928	G-CZCZ	CP10
392A	G-BVNU	SAH1
392D	G-PCAF	CAMP
393C	G-OWWW	EUPA
3954	G-NEAT	EUPA
3957	G-BVVP	EUPA
395D	G-MYTY	STST
3968	G-OIIO	R22
396C	G-BVRA	EUPA
396E	G-BVTX	DHC1
396F	G-OGAN	EUPA
3972	G-TOYZ	B06
3978	G-YAKI	YK52
397B	G-ROBT	HURI
397D	G-BVST	D150
3984	G-REAS	RV6
3986	2-BVSD	ALO2
3987	G-BVSS	D150
3989	G-YAKE	YK52
398F	G-BVTC	JPRO
3995	G-BWEG	EUPA
39A0	G-OSIS	PTS1
39A1	G-BVUZ	C120
39A5	G-BVUV	EUPA
39A7	G-ELKA	EAGL
39A8	G-EIKY	EUPA
39B3	G-ISDN	ST75
39B6	G-BVVM	CH60
39B7	G-KTTY	FOX
39BE	G-BWAB	D140
39C1	G-BVUM	COY2
39C4	G-BVUN	RV4
39CF	G-BVVH	EUPA
39DF	G-BVVS	RV4
39E0	G-MYUF	RENE
39E9	G-SIII	E300
39EC	G-VIVM	JPRO
39EE	G-BVYM	DR30
39F0	G-UAPA	DR40
39F4	G-BVXK	YK52
3A00	G-BVYO	HR20
3A0D	G-RONA	EUPA
3A16	G-REDX	BKUT
3A20	G-SDII	AS50
3A2C	G-RRGN	SPIT
3A2F	G-TOTN	C210
3A33	G-UAPO	R90R
3A3C	G-BVZO	COY2
3A3D	G-BVZR	CH60
3A5B	G-MYVP	COY2
3A66	G-BWBI	TAYA
3A68	G-ORAR	P28A
3A6A	G-ITII	PTS2
3A71	G-BWCT	NIPR
3A76	G-ZGTK	GLIM
3A80	G-RVIT	RV6
3A81	G-YELL	RBEL
3A83	G-DSGC	PA25
3A94	G-BWCY	RBEL
3A97	G-KELL	RV6
3AA6	G-OSZB	PTS2
3AA8	G-BWDS	JPRO
3AAC	G-BWDP	EUPA
3AAF	G-BWDX	EUPA
3AB5	G-BWEB	JPRO
3ABB	G-ISDB	P28A
3AC3	G-FLOX	EUPA
3AC4	G-BWGO	RF6
3AC9	G-LOFM	M7
3AD1	G-FMGG	M5
3AD2	G-MERF	G115
3AD7	G-BWFG	HR20
3AD8	G-NETY	PA18
3ADA	G-BWFH	EUPA
3ADE	G-ZEIN	RF6
3ADF	G-PATS	EUPA
3AEB	G-SNOP	EUPA
3AED	G-RIVT	RV6
3AF7	G-BWGF	JPRO
3B11	G-MIII	E300
3B12	G-RIFN	CP10
3B1A	G-BWHU	SCOU
3B1B	G-BWHK	COY2
3B1E	G-BWHR	NIPR
3B35	G-VOAR	P28A
3B3C	G-BWJG	M20P
3B41	G-YAKU	YK50
3B46	G-YAAK	YK50
3B4C	G-BWJH	EUPA
3B53	G-KAXF	HUNT
3B57	G-JOYZ	P28A
3B5A	G-OKMA	KIS4
3B64	G-HOPY	RV6
3B6A	G-YAKX	YK52
3B6F	G-SCTA	SCOU
3B82	G-BWLL	RBEL
3B88	G-BWMC	C182
3B8C	G-BWPH	P28A
3B8D	G-LFSM	PA38
3B93	G-BWMI	P28U
3B96	G-OANN	CH60
3B99	G-BWNI	PA24
3B9B	G-BWOH	P28A
3B9C	G-BWOI	P28A
3B9F	G-MYZP	STST
3BA8	G-BWMX	DHC1
3BAA	G-BWMN	CRER
3BAB	G-LEAF	F406
3BAD	G-BWNB	C152
3BAE	G-BWNC	C152
3BAF	G-BWND	C152
3BB0	G-ONUN	RV6
3BB7	G-BYJI	EUPA
3BB8	G-MYZV	COY2
3BB9	G-BWNK	DHC1
3BBB	G-BWNT	DHC1
3BC1	G-TCBX	CRER
3BC5	G-LORR	P28A
3BC6	G-BWNY	RF10
3BC7	G-IZIT	COY2
3BC8	G-BZAR	FOX
3BD7	G-BWOR	PA18
3BDA	G-IDAY	FOX
3BDB	G-BWOT	JPRO
3BDF	G-BWXA	RF6
3BE0	G-BWXB	RF6
3BE3	G-BWXF	RF6
3BE7	G-BWXJ	RF6
3BF1	G-BWXP	RF6
3BF2	G-BWXV	RF6
3BF4	G-BWXS	RF6
3BF5	G-BWXT	RF6
3C0B	G-PASH	AS55
3C0C	G-INTV	AS55
3C16	G-PMNF	SPIT
3C1C	G-ODJG	EUPA
3C21	G-ZTED	EUPA
3C2E	G-BWSH	JPRO
3C34	G-BWSJ	FOX
3C38	G-BWTW	M20P
3C3B	G-HMEC	R22
3C41	G-BWTG	DHC1
3C4F	G-SKYT	SKAR
3C50	G-BWUT	DHC1
3C51	G-CLAY	B06
3C57	G-ULAS	DHC1
3C67	G-AWHK	ME09
3C73	G-WHST	AS50
3C75	G-BWUH	P28A
3C7A	G-BWUP	EUPA
3C7B	G-BWUJ	EXEC
3C7C	G-HAPY	DHC1
3C82	G-BWUN	DHC1
3C88	G-BWVZ	DHC1
3C93	G-SELY	B06
3C94	G-IFFR	PA32
3C97	G-CHUG	EUPA
3C9C	G-OJAB	JABI
3CAE	G-MRED	CHR1
3CB7	G-BWVT	DH82
3CB8	G-LAZZ	GLST
3CBA	G-BWYD	EUPA
3CBD	G-BWVY	DHC1
3CC1	G-RMIT	RV4
3CC5	G-BWWA	PELI
3CC7	G-HUNI	CH7B
3CEB	G-OTAN	PA18
3CED	G-BXBK	CP10
3CEF	G-BXFE	CP10
3CF3	G-BWZG	HR20
3CF6	G-BWZA	EUPA
3CF9	G-BWYO	F8L
3D06	G-OHAL	CAMP
3D0E	G-OABB	D150
3D20	G-BXAY	B06
3D22	G-OPHT	GLIM
3D33	G-RITZ	C182
3D36	G-BXCA	SF2
3D39	G-OMUM	AC11
3D43	G-JEDH	DR40
3D44	G-JIMH	C152
3D46	G-TOSH	R22
3D47	G-BXCC	P28B
3D4A	G-CROY	EUPA
3D51	G-ONTV	B06
3D55	G-HIZZ	R22
3D56	G-BXCG	D250
3D60	G-BXLT	TOBA
3D68	G-MIKI	COY2
3D74	G-BXDG	DHC1
3D75	G-BXDI	DHC1
3D77	G-BXCU	COY2
3D78	G-BXCW	FOX
3D79	G-ILDA	SPIT
3D7A	G-DGST	BE55
3D7B	G-BXDN	DHC1
3D80	G-BXDH	DHC1
3D87	G-MZFY	COY2
3D89	G-FKNH	PA15
3D8A	G-BXIO	DR10
3D8D	G-BXDO	COZY
3D8E	G-ECAG	HR20
3D91	G-BXDU	PULS
3D97	G-BXDY	EUPA
3D9D	G-BXEX	P28A
3DA1	G-BXIF	P28A
3DA2	G-TALH	P28A
3DAE	G-BXEZ	C182
3DAF	G-GDER	R100
3DB2	G-BXFC	D18
3DB3	G-BXFG	EUPA
3DB4	G-BXGV	C172
3DB5	G-BXII	EUPA
3DBC	G-RVAN	RV6
3DC3	G-BXGG	EUPA
3DC9	G-JTPC	RF10
3DD1	G-IMOK	DIMO
3DD4	G-BXGM	DHC1
3DD6	G-GRRR	BDOG
3DD7	G-BXGP	DHC1
3DD8	G-BXGO	DHC1
3DD9	G-BXGL	DHC1
3DDB	G-OJHL	EUPA
3DDC	G-BXIM	DHC1
3DE1	G-BXHH	AA5
3DE2	G-BXGZ	GLIM
3DE5	G-KEES	P28A
3DE7	G-BXHA	DHC1
3DE8	G-BXGX	DHC1
3DED	G-PVET	DHC1
3DEE	G-IVET	EUPA
3DF2	G-JFER	AC11
3DF3	G-BXHF	DHC1
3DFD	G-BXHY	EUPA
3E00	G-BXIA	DHC1
3E03	G-BXKW	RF6
3E04	G-OKEV	EUPA
3E0B	G-BXIG	CH70
3E12	G-ELLI	B06
3E13	G-BXJD	P28A
3E15	G-EDVL	P28R
3E17	G-BXJB	YK52
3E28	G-TGRD	R22
3E2F	G-BXJS	GLID
3E31	G-KEVB	P28A
3E32	G-HMED	P28A
3E36	G-BXJM	C152
3E42	G-ELEN	DR40
3E49	G-TERN	EUPA
3E4C	G-BXLN	RF4
3E4D	G-CIAO	SKAR
3E52	G-WARO	P28A
3E53	G-WARS	P28A
3E54	G-WARU	P28A
3E55	G-WARY	P28A
3E59	G-VALS	CAMP
3E5A	G-RMAC	EUPA
3E5C	G-BXKL	B06
3E65	G-PILL	AVID
3E66	G-BXLS	RALL
3E6A	G-BXLO	JPRO
3E74	G-PMGG	B06
3E78	G-HIND	M7
3E7C	G-OBHE	R44
3E80	G-CLNV	P51
3E82	G-HACK	PA18
3E87	G-NOTE	P28A
3E8A	G-CBCL	GLST
3E8D	G-SKYL	C182
3E8E	G-THOT	JABI
3E8F	G-BXLK	EUPA
3E91	G-BXOA	R22
3E96	G-RVSX	RV6
3EA0	G-KAPW	PPRO
3EA2	G-MZLL	COY2
3EA5	G-JCKT	GLIM
3EA7	G-OOGO	GA7
3EB3	G-PUDS	EUPA
3EBA	G-NEWZ	B06
3EBB	G-OWAP	P28A
3EBD	G-DUDZ	DR40
3EBF	G-TYNE	TB20
3EC4	G-KAXW	SCOU
3EC8	G-MZJI	COY2
3ED2	G-MFHI	EUPA
3ED3	G-BXOJ	P28A
3ED4	G-BXOI	C172
3EDA	G-RVAW	RV6
3EDE	G-ECAR	HR20
3EE0	G-RVIN	RV6
3EE1	G-RVDX	RV4
3EE2	G-BXPC	DV20
3EE3	G-BXPD	DV20
3EE4	G-GMKB	P28U
3EE6	G-BXPI	RV4
3EE8	G-WIXI	CP10
3EEC	G-BXRB	CP10
3EED	G-CPIO	CP10
3EF0	G-PTTE	C152
3EFA	G-BYEH	D250
3EFC	G-BXST	PA25
3EFF	G-HARN	P28A
3F03	G-RVIV	RV4
3F0F	G-OMIK	EUPA
3F10	G-BXRV	RV4
3F1C	G-BXSG	R22
3F20	G-FMLY	AC11
3F27	G-EPAR	R22
3F2A	G-CXSM	C172
3F2B	G-BXSD	C172
3F2D	G-GHZJ	TAMP
3F2F	G-BXRO	C206
3F30	G-BXWH	FOX
3F31	G-BXRZ	COY2
3F35	G-BXSI	JABI
3F36	G-WOOF	EN48
3F39	G-BXSE	C172
3F3A	G-NPKJ	RV6
3F3B	G-BXTS	DV20
3F3F	G-DIKY	RBEL
3F44	G-TUGY	DR40
3F47	G-BXSP	G109
3F58	G-LSFT	P28A
3F5E	G-KOKL	DIMO
3F6A	G-RVET	RV6
3F6C	G-BXTW	P28A
3F6E	G-BXUC	R22
3F71	G-BXVA	TOBA
3F72	G-ODNM	H500
3F73	G-FELL	EUPA
3F74	G-SIXD	PA32
3F76	G-BXWP	PA32
3F7A	G-OPAZ	PL2
3F83	G-BXUI	GLIM
3F86	G-GEHP	P28T
3F88	G-BXVB	C152
3F8F	G-XLTG	C182
3F95	G-PTIX	SPIT
3F96	G-OABR	AA5
3F97	G-SHSH	EUPA
3F9C	G-FOLI	R22
3F9E	G-BXVY	C152
3F9F	G-FIZY	EUPA
3FA0	G-BXWB	HR10
3FA4	G-GROL	M7
3FA5	G-RADI	P28A
3FA9	G-SSCL	H500
3FAD	G-TOLY	R22
3FAF	G-EPTR	P28R
3FB2	G-BXVO	RV6
3FBB	G-BXVU	P28A
3FC5	G-BXXI	G109
3FC8	G-RVGA	RV6
3FCA	G-BXWO	P28A
3FCF	G-BXWK	COY2
3FD2	G-MZOZ	COY2
3FD7	G-XENA	P28A
3FDE	G-BXWV	SAH1
3FDF	G-OTRV	RV6
3FE0	G-KIMY	DR40
3FEA	G-IJBB	EN48
3FEC	G-OMIA	RALL
3FED	G-MZMU	COY2
3FF1	G-WARB	P28A
3FF3	G-WARV	P28A
3FF4	G-WARX	P28A
3FF5	G-OBFS	P28A
3FF6	G-OJGT	M5
3FF8	G-WARW	P28A
3FFD	G-INXS	R22
3FFE	G-BXXT	BE76
3FFF	G-CAHA	PA34
4004	G-IVES	EUPA
4005	G-BYCT	L29
4006	G-MAIE	P32R
400A	G-EKOS	C82R
4017	G-IIDI	E300
4018	G-OBDA	DV20
401F	G-OPUS	JABI
4023	G-BXZO	CAMP
4027	G-KEMI	P28A
402A	G-RVST	RV6
402E	G-ROOV	EUPA
4035	G-FBRN	P28A
403A	G-BXYM	P28B
403E	G-BXYP	P28T
403F	G-BXYT	P28T
4047	G-BXZB	CJ6
4048	G-TGRZ	B06
4057	G-BYBK	RBEL
406A	G-ORSM	B06
406D	G-SBOY	P28A
406E	G-BYBZ	JABI
4073	G-BYEK	GLST
4075	G-BYBI	B06
4076	G-GHER	AS55
4078	G-DRAM	C172
4079	G-PHYL	FOX
4080	G-PDOG	O1
4081	G-DIGI	PA32
4083	G-EOHL	C182
4088	G-BYBL	GY80
408C	G-BYBF	HR20
408D	G-SHSP	C172
408E	G-OARA	P28R
4090	G-BYEA	C172
4094	G-SMDH	EUPA
4098	G-BYDB	G115
409B	G-LYNK	STST
409C	G-DRGS	C182
40A2	G-DMAC	JABI
40A8	G-BYCS	DR10
40AB	G-SKUA	GLST
40AF	G-FORZ	PTS1
40B3	G-CONL	TOBA
40B7	G-IGGL	TOBA
40BA	G-FLOR	EUPA
40BB	G-ONGC	DR40
40C5	G-EERV	RV6
40C6	G-ODUD	P28A
40C9	G-BYJS	TB20
40CC	G-BYEM	C82R
40CE	G-BYDV	RV6
40D5	G-BYPM	EUPA
40D7	G-BYHI	P28A
40DB	G-BYEO	CH60
40E2	G-BYEL	RV6
40E5	G-LORC	P28A
40E7	G-RIZZ	P28A
40E8	G-LAVE	C172
40ED	G-OJBB	EN28
40F2	G-BYIN	RAF2
40F3	G-EDGI	P28A
40F4	G-WUFF	EUPA
40F5	G-GIRY	AA5
40F6	G-IDII	RODS
40FF	G-UJAB	JABI
4104	G-GFTA	P28A
4106	G-BYIK	EUPA
4107	G-XSDJ	EUPA
410B	G-CSDJ	JABI
4110	G-RVDJ	RV6
4118	G-BYIA	JABI
411C	G-JPMA	JABI
411D	G-BYFR	P32R
4125	G-BYLB	DH82
4128	G-LORN	CP10
412B	G-BYJO	COY2
4131	G-OGUN	AS50
4132	G-BYKF	EN28
4133	G-RIMM	WASP
4135	G-BYHL	DHC1
413A	G-BYHK	P28A
413C	G-BYHJ	P28R
413D	G-EKKL	P28A
4140	G-BYHH	P28A
4145	G-BYHP	D253
414A	G-BYMD	PA38
4151	G-BYHT	DR40
4157	G-ECAP	HR20
4158	G-CORB	TB20
415B	G-BYIE	R22
415D	G-RODG	JABI
415F	G-RICO	AA5
4162	G-SCHZ	AS55
4164	G-LADD	EN48
4166	G-ELZY	P28A
4168	G-HKHM	H500
416E	G-BYJD	JABI
4172	G-OSAI	P28A
4175	G-SAWI	P32T
4176	G-BYJH	G109
4177	G-MSIX	GLIM
417B	G-BYJL	PULS
417C	G-ICBM	GLAS
4181	G-TRAC	R44
4182	G-LDGU	RF6
4187	G-SENZ	EC20
4188	G-BYJT	CH60
418A	G-JACB	P28A
418D	G-BYKB	AC11
4190	G-MIRA	JAB4
4195	G-MICI	C182
4196	G-RVSA	RV6
419A	G-BYLZ	COZY
41A2	G-RACY	C182
41A5	G-GHKX	P28A
41A7	G-CROI	HR20
41A8	G-TKAY	EUPA
41AD	G-ETME	ME08
41B2	G-LAZL	P28A
41B4	G-BYOB	RF6
41B5	G-SKYO	RF6
41B6	G-BYOD	RF6
41C5	G-UKOZ	JABI
41C7	G-BYMJ	C152
41C9	G-CGGG	R44
41CF	G-JSAK	R22
41D1	G-RVIB	RV6
41D8	G-PWBE	DH82
41D9	G-WAGG	R22
41DA	G-BYNK	HR20
41DB	G-PSFG	R200
41E7	G-JADJ	P28A
41E8	G-KOFM	GLIM
41EA	G-DAKO	P28B
41ED	G-ELZN	P28A
41EE	G-BYPZ	COY2
41EF	G-KGAO	SF25
41F0	G-BYNF	YALE
41F4	G-DUDE	RV8
41F5	G-VTGE	B06
41F6	G-EZMA	R22
41FB	G-KIMM	EUPA
41FE	G-EORJ	EUPA
4205	G-BYNS	JABI
420C	G-BYOT	COY2
4211	G-KTOM	EUPA
4213	G-ODGS	JABI
4216	G-GBRB	P28A
421C	G-BYOO	STST
4221	G-GLUC	RV6
4226	G-EDRV	RV6
422B	G-BYPH	IP06
422D	G-BYTI	PA24
4235	G-BYPR	CH60
423A	G-SACH	GLST
423B	G-BYPU	P32R
4244	G-BYRG	COY2
4256	G-KSSH	EXPL
425C	G-NWAG	P28A
425D	G-LAOL	P28T
4263	G-NHRJ	EUPA
4266	G-RWAY	EXEC
4268	G-PUGS	C182
426E	G-JBSP	JABI
4271	G-ZBED	R22
4273	G-EYOR	RV6
4279	G-TRCY	R44
427B	G-CPXC	CP10
4281	G-LMLV	MCR1
4282	G-NESY	PA18
4284	G-PGSI	R200
4289	G-EHLX	P28A
428B	G-BZBF	C172
428C	G-WARH	P28A
4298	G-RVMZ	RV8
429C	G-BYYT	JABI
42A0	G-RUFS	JABI
42A2	G-BYYC	SF2
42AA	G-JEFA	R44
42AC	G-UFCB	C172
42B2	G-KNYT	R44
42B3	G-RRCU	DR22
42B9	G-BYYL	JABI
42BA	G-BZIJ	DR40
42BB	G-BZAP	JABI
42BD	G-BYYO	P28R
42BE	G-NINC	P28A
42C1	G-UANO	DHC1
42C5	G-WAVV	HR20
42CF	G-BZEA	C152
42D0	G-BZEB	C152
42D1	G-BZEC	C152
42D7	G-BYZO	COY2
42DC	G-IANH	TOBA
42E0	G-MAXV	RV4
42E2	G-BZAH	C208
42E5	G-BYZR	SKAR
42E9	G-TYER	DR40
42EB	G-ODAK	P28B
42ED	G-BZBX	COY2
42EF	G-GCYC	C182
42F1	G-IMAB	EUPA
42F3	G-HINZ	JABI
4302	G-OGSA	JABI
4303	G-BZLH	P28A
4308	G-MRKS	R44
4309	G-LYNC	R22
430D	G-BZDR	KIS2
430F	G-EGEG	C172
4310	G-MGWI	R44
431B	G-BZBS	P28A
431C	G-BZDA	P28A
431D	G-EOLD	P28A
4322	G-BZDH	P28R
4327	G-CROW	R44
4328	G-EGLS	P28A
432A	G-DABS	R22
432E	G-LLEW	RF10
4330	G-BZDP	BDOG
4333	G-SIJW	BDOG
4337	G-BZGA	DHC1
433B	G-NEON	PA32
4342	G-BZKL	P28R
4343	G-OBIC	DR40
4346	G-TAMR	C172
4348	G-BZFN	BDOG
4349	G-CBKA	GAZL
434E	G-BZEN	JABI
434F	G-XRAF	XAIR
4353	G-MPAC	PELI
4354	G-CBEI	PA22
435A	G-BZFT	RBEL
435B	G-ECAF	HR20
435C	G-BZFB	HR20
435D	G-BZGO	R44
4360	G-XMGO	RF10
4363	G-BZMB	P28R
436A	G-UJGK	JABI
436D	G-XXHP	E300
436F	G-JJEN	P28A
4371	G-BZHE	C152
4372	G-BZHF	C152
4376	G-SOBI	P28A
437A	G-BZGF	COY2
437D	G-BZHG	ECHO
437E	G-BZJW	C150
437F	G-BZGR	COY2
4382	G-BZGT	JABI
4385	G-BZGY	CR10
438D	G-GYTO	P28A
4390	G-RVDR	RV6
4395	G-PLPM	EUPA
4397	G-BZHU	J3
4398	G-KNEK	G109
439E	G-BZHV	P28A
43A1	G-WAVA	HR20
43AD	G-EHMS	EXPL
43B0	G-CBAR	GLST
43B4	G-IOSO	DR10
43B6	G-ETIV	DR40
43B7	G-HGRB	R44
43B8	G-BZIO	P28A
43BA	G-MEGG	EUPA
43C3	G-GALB	P28A
43C6	G-DWMS	JABI
43C7	G-BZJB	YK52
43CB	G-TAMS	BE23
43D2	G-CIDD	CH7A
43D9	G-BZLG	HR20
43DC	G-JUST	BE33
43DD	G-IIID	RODS
43E0	G-BZLP	R44
43E1	G-FLKS	SF25
43E5	G-BZLE	COY2
43E8	G-BZMM	DR40
43F8	G-SASR	EXPL
4407	G-BZMY	YK11
4409	G-TOLL	P28R
440D	G-PFSL	C152
440F	G-JUDD	JAB4
4413	G-BZML	BDOG
4415	G-BZLY	G109
4416	G-IVER	EUPA
4417	G-OSLD	EUPA
4418	G-ENEE	STST
4419	G-BZLV	JABI
441E	G-BZME	BDOG
4421	G-LOIS	JABI
4425	G-BZMF	LGEZ
4428	G-PBEE	R44
4429	G-BZPH	RV4
4432	G-RJWX	EUPA
4433	G-BZOZ	RV6
4436	G-MFEF	C172
4446	G-KIRB	EUPA
444A	G-KNIB	R22
444E	G-BZNN	BE76
444F	G-MULE	CH70
4450	G-BZNH	COY2
4452	G-EHGF	P28A
4462	G-EWBC	JABI
446B	G-BZNW	IFUR
446E	G-GULP	SKAR
4470	G-BZNY	EUPA
4471	G-RAWS	EXEC
4474	G-ENGO	BOLT
4477	G-BZOB	STOR
4479	G-BZTA	R44
447E	G-GHOW	C182
447F	G-BZPI	TB20
4484	G-JAJP	JABI
4486	G-TECM	ECHO
448A	G-STAY	C172
448C	G-CBJZ	GAZL
448D	G-DAWG	BDOG
448E	G-CBKD	GAZL
448F	G-DFKI	GAZL
4491	G-SMAT	BDOG
4495	G-BZON	BDOG
449F	G-ORVG	RV6
44A2	G-JSPL	JABI
44A7	G-BZSC	CAML
44A8	G-JAMY	EUPA
44AB	G-BZPG	BE23
44B8	G-IICP	H500
44C0	G-NELI	P28R
44C1	G-OTGA	P28R
44C4	G-IIMI	E300
44CB	G-BZSB	PTS1
44CD	G-SCHI	AS50
44CF	G-RVMT	RV6
44D1	G-URMS	EUPA
44D4	G-JABY	JAB4
44DA	G-WHEN	ECHO
44DD	G-TICH	JT2
44EF	G-BZTF	YK52
44F3	G-BZVM	COY2
4500	G-TBLY	EC20
4507	G-RAVN	R44
4509	G-BZUY	RV6
450A	G-OMST	P28A
450D	G-BZVT	SKAR
4512	G-SKYF	TOBA
4515	G-ZZOE	EC20
4516	G-IBII	PTS2
4520	G-GIWT	EUPA
4523	G-JOBS	C182
4524	G-OPCG	C182
4525	G-RYSE	C82R
4528	G-UART	Z42
4529	G-ISAX	P28A
4535	G-BZXY	R44
453B	G-IANI	EUPA
453D	G-LLCH	C172
4543	G-BZVN	RV6
4544	G-BZWZ	RV6
454B	G-MAXG	PTS1
454C	G-CBEE	P28R
4550	G-USHI	P28A
4557	G-BZWN	RV8
455A	G-ZBLT	C182
455E	G-BZWT	ECHO
455F	G-LEBE	EUPA
4560	G-GNJW	C42
4561	G-OCOV	R22
4562	G-WIZG	A109
4565	G-BZWV	BOLT
456B	G-BZXB	RV6
4570	G-WHOO	EXEC
4571	G-FIII	E300
4573	G-OJRM	C182
4576	G-BZXK	HR20
4577	G-GGRR	BDOG
4578	G-CBEH	BDOG
4579	G-UWAS	BDOG
457A	G-BZYD	GAZL
457B	G-EZZL	GAZL
4580	G-BZXN	JAB4
4582	G-TYKE	JABI
4584	G-KDOG	BDOG
4586	G-IHCI	EUPA
458C	G-OALH	ECHO
458F	G-FLKE	SF25
4595	G-BZXS	BDOG
4598	G-BZXZ	BDOG
459B	G-RVCE	RV6
459C	G-TANJ	XAIR
459D	G-BZYK	JABI
45A2	G-OPRC	EUPA
45A3	G-HENT	RALL
45A7	G-CBAX	ECHO
45AA	G-ENRE	JABI
45B3	G-CBAK	R44
45B4	G-CBAS	COY2
45B5	G-POGO	FDCT
45B6	G-PRAH	FDCT
45BC	G-LHCB	R22
45BE	G-CBAN	BDOG
45C5	G-CBAZ	COY2
45C8	G-OMEZ	CH60
45CB	G-CBCB	BDOG
45CC	G-CBBH	XAIR
45D1	G-HBOS	SF25
45D3	G-CBBM	SVNH
45DA	G-RVAL	RV8
45DD	G-HXTD	DR40
45E2	G-CBBS	BDOG
45E6	G-CBBW	BDOG
45E7	G-IKRS	C42
45EA	G-JGBI	B06
45EB	G-CBEL	FURY
45ED	G-WLGC	P28A
45EE	G-CBCP	RV6
45F0	G-HUPW	HURI
45F2	G-OIHC	P32R
45F7	G-WINI	BDOG
45FA	G-OSIT	PTS1
45FB	G-CBCR	BDOG
45FF	G-OFBU	C42
4600	G-TDOG	BDOG
4601	G-IDID	BDOG
4605	G-CBFA	DA40
4607	G-FLYY	JPRO
4609	G-CBDG	CH60
460D	G-CBHA	TOBA
460E	G-CBGC	TOBA
4611	G-CBDJ	FDCT
4614	G-CBDK	BDOG
4618	G-RVII	RV7
461B	G-HAZZ	AS50
461E	G-VGMC	AS55
4625	G-ECUB	PA18
462B	G-CBEK	BDOG
462E	G-CBEF	BDOG
4631	G-DOGG	BDOG
4632	G-HERC	C172
4633	G-MSKY	C42
4634	G-GBET	C42
4638	G-CBEZ	DR40
463A	G-CBEX	FDCT
463C	G-SUMX	R22
463E	G-OOIO	AS50
463F	G-RVNS	RV4
4640	G-CBFO	C172
4642	G-ONES	RF6
4644	G-CBGZ	GAZL
4648	G-JACA	P28A
464A	G-CBFJ	R44
464B	G-PGFG	ECHO
464C	G-CBFP	BDOG
4658	G-CBGE	ECHO
4659	G-IZZI	C182
465B	G-CBGB	CH60
465D	G-OPET	P28A
465E	G-GDRV	RV6
4660	G-CBGJ	AP22
4661	G-CBIT	RAF2
4663	G-CBGP	C42
4664	G-CBGR	JABI
4669	G-CBGX	BDOG
467C	G-CBID	BDOG
467F	G-CBHR	AKRO
4688	G-GHEE	EV97
468A	G-OSJT	P32R
468C	G-RODC	BOLT
468E	G-CBIB	FDCT
4691	G-CBIE	FDCT
4694	G-CBIF	JABI
4698	G-RUVY	RV9
4699	G-CBII	XAIR
46AB	G-CBIV	SKRA
46AD	G-GURU	P28A
46AF	G-CBIY	EV97
46B4	G-LEXS	A109
46B6	G-UANT	P28A
46B8	G-IGIE	F260
46BA	G-NYMF	PA25
46BB	G-CBJH	AP22
46BC	G-LTZY	EC20
46BF	G-CBLA	PULS
46C0	G-CBJN	RAF2
46C1	G-CBJP	CH60
46C3	G-CBJR	EV97
46C4	G-RVEM	RV7
46C6	G-FXBT	AP22
46CC	G-CBJW	C42
46CD	G-CBJX	XAIR
46D4	G-ISMA	RV7
46D6	G-CBME	C172
46D7	G-CBMT	DR40
46D9	G-KELS	RV7
46DA	G-KAXT	WASP
46DB	G-CBKR	P28A
46DE	G-CBLY	G109
46DF	G-JBKA	R44
46E4	G-JAJB	AA5
46E6	G-CBKY	JAB4
46E7	G-ZUMI	RV8
46E8	G-CBNO	STST
46E9	G-CBLB	ECHO
46EA	G-ICRS	C42
46EC	G-OBEI	TOBA
46FB	G-RIET	DIMO
4708	G-TRNG	A109
470C	G-EKIR	P28A
470F	G-CBMO	P28A
4711	G-SPCI	C182
4714	G-POLH	EC35
4715	G-POLC	EC35
471F	G-CBMZ	EV97
4720	G-CTZO	TB20
4721	G-CBNL	MCR1
4726	G-CBNF	CRER
4728	G-CBNG	R200
472A	G-WIZI	EN28
472B	G-OTYE	EV97
472C	G-POLU	EC35
472E	G-IKRK	EUPA
4731	G-JEEP	EV97
4733	G-EGGI	C42
4736	G-HRLI	HURI
4737	G-FCUK	PTS1
473D	G-KEVH	JABI
4742	G-GOLX	EUPA
4745	G-CHAD	AP22
474A	G-CBOE	HURI
474C	G-CBOZ	YK52
474E	G-EEGU	P28A
4750	G-OARU	P28R
4751	G-RAFZ	RAF2
4753	G-CBOS	COY2
4758	G-HELA	TOBA
4759	G-EZZA	EUPA
475F	G-CBPD	C42
4763	G-OTUN	EV97
4769	G-YAKZ	YK50
476A	G-YAKM	YK50
476B	G-CBPE	TOBA
4770	G-CTFS	GAZL
4772	G-ZZLE	GAZL
4776	G-CBSI	GAZL
4778	G-CBSK	GAZL
477A	G-YAKH	YK52
477C	G-ELUN	DR40
4781	G-CBPI	P28R
4788	G-CBPM	YK50
478A	G-YAKC	YK52
4790	G-YKSS	YK55
4792	G-OUGH	YK52
4793	G-RDHS	EUPA
4796	G-CBRD	D18
479E	G-STEA	P28R
47AE	G-CBRR	EV97
47AF	G-ILRS	C42
47B6	G-CBRW	YK52
47B7	G-CBRX	CH60
47BE	G-CBSO	P28A
47BF	G-CBTB	SKAR
47C1	G-JABS	JABI
47C6	G-RIXS	EUPA
47C9	G-PWUL	RV6
47CA	G-OBAK	P28S
47CB	G-CEEN	P28A
47CC	G-CEEU	P28A
47CD	G-CBZR	P28R
47D2	G-GBGA	SF25
47D3	G-OLDG	C182
47D4	G-ELDR	PA32
47D5	G-CBSU	JABI
47D7	G-HIGB	R200
47D8	G-CBTO	COY2
47DE	G-RROB	R44
47E9	G-CBUF	FDCT
47EB	G-CBUI	WASP
47ED	G-NULA	FDCT
47F1	G-CBUA	E230
47F3	G-ZACE	C172
47F8	G-CBVM	EV97
47FD	G-TCNM	ECHO
4804	G-CBVC	XAIR
4807	G-MODE	EC20
480D	G-CBVX	C182
480E	G-CBVU	P28R
4811	G-GCAC	EUPA
4813	G-SDFM	EV97
4817	G-CBWD	P28A
481D	G-CBWW	SKRA
481E	G-POLG	EC35
4820	G-CBVY	C42
4821	G-GSCV	C42
4822	G-CBVZ	FDCT
4825	G-UNGO	CAMP
4826	G-PUPY	EUPA
482B	G-CBWE	EV97
482C	G-JAEE	RV6
482F	G-XSAM	RV9
4830	G-CBWG	EV97
4831	G-SRYY	EUPA
4833	G-RVSH	RV6
4837	G-CEYE	P32R
4839	G-CBWO	EXEC
483C	G-CBWP	EUPA
483D	G-HDAE	DHC1
4840	G-FACE	C172
4845	G-CTIO	TB20
4847	G-LDAH	SKRA
484A	G-XBJT	EV97
484B	G-RDCO	JAB4
4854	G-GYAT	GY80
485E	G-CBXC	C42
4864	G-LESZ	FOX
4865	G-PBYA	CAT
4866	G-SEXX	P28A
4867	G-OJVL	RV6
486D	G-PROW	EV97
4879	G-CBXS	SKRA
487D	G-JMKE	C172
487F	G-CBXW	EUPA
488A	G-CUBW	PA18
488C	G-CCAC	EV97
488F	G-CBYH	AP22
4892	G-CBZE	R44
4896	G-OJEH	P28A
489A	G-PAYD	DR40
489B	G-CCAL	ECHO
489E	G-CCAK	CH60
48A1	G-CBYZ	ECHO
48A3	G-KWAK	SF25
48A5	G-DAAZ	P28U
48AB	G-OOON	PA34
48AC	G-RNDD	DR40
48AD	G-SIJJ	P51
48B0	G-CBZM	JABI
48B4	G-PACT	P28A
48B8	G-CCEM	EV97
48BA	G-CCCE	AP22
48BC	G-FINZ	SKAR
48BF	G-JBBZ	AS50
48C5	G-OSKR	SKRA
48CA	G-CCAV	P28A
48CE	G-CCAE	JABI
48D0	G-CCAP	R22
48D2	G-IGLZ	BL8
48D4	G-CCBH	P28B
48D5	G-VTAL	BE35
48D8	G-CCBA	SKRA
48DC	G-CCBG	SKRA
48E3	G-CCBJ	SKRA
48E4	G-OVLA	C42
48E5	G-CCBK	EV97
48E6	G-TOPM	B06
48E8	G-CCDH	SKRA
48E9	G-CCBM	EV97
48ED	G-KENW	DR40
48F1	G-DDIG	AC11
48F2	G-DDBD	EUPA
48F4	G-RVRH	RV3
48F9	G-CCDX	EV97
48FE	G-PHYS	JAB4
4900	G-UFCE	C172
4903	G-TJAL	JABI
4905	G-SULU	SKRA
490B	G-CCCJ	HN70
4913	G-CCCO	EV97
4915	G-CCDS	HN70
4917	G-YOTS	YK52
4918	G-EGCD	C172
4920	G-CCCT	C42
4922	G-ORAE	RV7
4923	G-IOIA	SKAR
4931	G-IVAL	CP10
4932	G-CCDG	SKRA
4933	G-CTDH	FDCT
4934	G-CHOX	EUPA
4937	G-VAAC	P28A
493A	G-CCED	CH60
493D	G-CCFG	MCR1
4941	G-CCDY	SKRA
4947	G-SAZY	JAB4
494A	G-ROYC	JABI
494B	G-IBNH	GAZL
494D	G-CCDU	ECHO
4950	G-CCEF	EUPA
4953	G-INJA	C42
4957	G-MDAY	C170
495A	G-CCEH	SKRA
495C	G-ONIG	RBEL
495D	G-TEDI	SKRA
4966	G-CCEU	RAF2
496A	G-CCGG	JAB4
496B	G-JLAT	EV97
4973	G-KAOS	RV7
4975	G-CVST	D140
497C	G-CCFI	PA32
497E	G-CCFO	PTS1
4981	G-GEHL	C172
4984	G-CCFK	EUPA
4985	G-KUBE	R44
4987	G-IIXI	E300
4990	G-LIMO	B06
4994	G-CCFU	DA40
4998	G-CCGF	R22
499A	G-POLB	EC35
499D	G-RVIS	RV8
49A5	G-SDOI	AP22
49A6	G-NPPL	C42
49A7	G-CCFY	EXEC
49AB	G-CCIT	CH70
49AF	G-CCJI	RV6
49B1	G-CCGU	RV9
49B6	G-CCFC	R44
49BF	G-TOMJ	FDCT
49C1	G-UFCG	C172
49C4	G-CCHL	P28A
49C6	G-FJTH	AP22
49C8	G-RVRP	RV7
49C9	G-CCIJ	P28R
49CB	G-TORC	P28R
49CF	G-FARL	PTS1
49D3	G-EUSO	DR40
49D6	G-CCHX	SF25
49DC	G-MHGS	GLST
49DD	G-CCJT	SKRA
49E0	G-SEXE	SF25
49E3	G-ORDM	C182
49E9	G-CCJA	SKRA
49EA	G-CCIR	RV8
49EC	G-CCLJ	P28A
49F0	G-CCKR	CAMP
49F1	G-CCIY	SKRA
49F5	G-CERI	EUPA
49FA	G-CCJK	YK52
49FB	G-OSPD	EV97
49FD	G-CCMW	STST
49FE	G-CCKG	SKRA
4A01	G-CCLR	GLIM
4A09	G-JUGE	EV97
4A0B	G-CCJV	AP22
4A0D	G-YRUS	D140
4A0E	G-NAPP	RV7
4A0F	G-CCJW	SKRA
4A11	G-DTOY	C42
4A15	G-CCMM	MCR1
4A16	G-CCJX	EUPA
4A17	G-CCMC	JABI
4A1A	G-CCNH	COY2
4A1B	G-PUKA	JAB4
4A1C	G-CCKH	DA40
4A1F	G-CCKL	EV97
4A20	G-FROM	C42
4A21	G-FLYB	C42
4A23	G-KELZ	RV8
4A25	G-CCLS	C42
4A29	G-JAYK	R44
4A2C	G-SPAT	AAT3
4A2E	G-POLD	EC35
4A30	G-KEVX	JAB4
4A36	G-CCMR	R22
4A3D	G-CCKV	IFUR
4A3E	G-HAYE	CP23
4A42	G-EHMF	IFUR
4A43	G-JFRV	RV7
4A44	G-IKUS	C42
4A45	G-LWLW	DA40
4A47	G-RCKT	HROC
4A49	G-KETH	B06
4A4B	G-CCLF	SKRA
4A4C	G-RPRV	RV9
4A4E	G-VVWW	EN28
4A4F	G-XYJY	SKRA
4A50	G-CWTD	AP22
4A52	G-IFBP	AS50
4A58	G-CCMZ	SKRA
4A59	G-LGCA	DR40
4A5B	G-OSSA	C206
4A5F	G-CCNX	CP10
4A62	G-JHKP	EUPA
4A64	G-GBUN	C182
4A66	G-CCMO	EV97
4A67	G-EGUR	D140
4A68	G-CCLU	SKRA
4A6B	G-CCOM	LYSA
4A6C	G-CCLW	DA40
4A74	G-JABJ	JAB4
4A77	G-OBAZ	SKRA
4A78	G-CCMK	XAIR
4A79	G-CZMI	SKRA
4A7A	G-SUEY	B06
4A7C	G-ORBK	R44
4A7E	G-CCMU	EXEC
4A8A	G-CCOX	J3
4A8B	G-CCNT	C42
4A8C	G-CCPN	MCR1
4A90	G-CCND	RV9
4A92	G-CCNR	SKRA
4A93	G-CCNG	FDCT
4A9B	G-CCOR	F8L
4A9D	G-CCPE	BOLT
4AA9	G-OTYP	P28A
4AAA	G-FBII	C42
4AAB	G-LOSY	EV97
4AAD	G-WHGA	R44
4AAF	G-KARK	MCR1
4AB1	G-CCNP	FDCT
4AB2	G-OKIM	SKRA
4AB5	G-SLNW	R22
4AB6	G-REGL	R44
4AB7	G-MUTZ	JAB4
4ABA	G-NUKA	P28A
4ABC	G-SOCT	YK50
4ABF	G-NSBB	C42
4AC0	G-OSFS	C177
4AC1	G-VVRV	RV9
4AC6	G-JACH	P28A
4AC7	G-KAEW	GANT
4ACC	G-PDGP	AS55
4AD0	G-OGGY	HUSK
4AE0	G-CCOV	EUPA
4AE1	G-ESCP	ESCP
4AE2	G-KEAM	GLIM
4AE5	G-NICC	EV97
4AE7	G-OGBF	R44
4AED	G-CCPF	SKRA
4AF1	G-OAJL	C42
4AF4	G-XLNT	CH60
4AF8	G-CCPL	SKRA
4AFB	G-SCPD	ESCP
4AFC	G-CCTT	C172
4B05	G-CCRK	L8
4B0A	G-MUSH	R44
4B10	G-CVMI	PA18
4B12	G-XIII	RV7
4B16	G-CCRV	SKRA
4B17	G-CCNS	SKRA
4B19	G-POLL	SKRA
4B1A	G-UPFS	WACO
4B1C	G-CCTH	EV97
4B21	G-CCRI	XAIR
4B22	G-OWST	C172
4B2B	G-CCTR	SKRA
4B30	G-EXLL	CH60
4B31	G-MOAN	RF10
4B35	G-HIJN	C42
4B38	G-CCTG	RV3
4B39	G-DSPZ	R44
4B3B	G-COXS	AP22
4B3D	G-PJCC	P28A
4B3E	G-TOPK	EUPA
4B40	G-CCZD	RV7
4B42	G-TORI	CH70
4B47	G-IHOT	EV97
4B4C	G-CCXX	AA5
4B4D	G-CCTE	MCR1
4B53	G-CCTO	EV97
4B54	G-CCSR	EV97
4B59	G-WWAY	P28A
4B5D	G-CCTF	PTS2
4B5F	G-CCSX	SKRA
4B60	G-TWTW	FOX
4B62	G-CZAC	CH60
4B66	G-RCHY	EV97
4B68	G-PCCC	PNR3
4B69	G-PIXX	R44
4B6A	G-OCDW	JABI
4B6B	G-CCUI	MCR1
4B6C	G-FOFO	R44
4B73	G-CCXC	CP10
4B78	G-IRON	EUPA
4B79	G-JEZZ	SKRA
4B7B	G-JONG	EXEC
4B7D	G-IPAT	JABI
4B81	G-CCWM	DR40
4B82	G-IMCD	RV7
4B83	G-CCUF	SKRA
4B84	G-WAMS	P28R
4B85	G-SELB	P28A
4B89	G-CCUL	EUPA
4B8C	G-EJRS	P28A
4B90	G-CCVL	CH60
4B92	G-CCVA	EV97
4B93	G-FLDG	SKRA
4B95	G-EFOF	R22
4B99	G-DOIN	SKRA
4B9D	G-RVJG	RV7
4BA1	G-CCVR	SKRA
4BA4	G-CCXP	SVNH
4BA8	G-CCVI	CH70
4BB0	G-CCWP	EV97
4BB2	G-LSCM	C172
4BB3	G-CCVN	JABI
4BB7	G-HARR	R22
4BB8	G-ESKA	ESCP
4BBA	G-OKER	RV7
4BC0	G-DTUG	PA18
4BC1	G-TAPS	P28T
4BC2	G-CCYY	P28A
4BC5	G-CIBO	C180
4BCB	G-VVBR	R22
4BCD	G-GLHI	SKRA
4BD0	G-DONT	CH60
4BD1	G-IMNY	ESCP
4BD5	G-CCXB	ST75
4BD7	G-SHWK	C172
4BD8	G-OHGC	SF25
4BD9	G-ZODY	CH60
4BDB	G-RBSN	C42
4BDE	G-CHAH	EUPA
4BE2	G-RASH	G109
4BE9	G-CCXH	SKRA
4BEB	G-CCXN	SKRA
4BEC	G-CDAL	CH60
4BF0	G-EMLE	EV97
4BF3	G-OVAL	C42
4BF4	G-WAZP	SKRA
4BF6	G-CCYC	R44
4BF7	G-DODG	EV97
4BF8	G-RVIC	RV6
4BF9	G-NGLZ	B06
4BFD	G-CCXM	SKRA
4BFE	G-TECS	SIRA
4C03	G-ULSY	C42
4C04	G-GRPA	C42
4C07	G-ROZZ	C42
4C0C	G-IFLE	EV97
4C0D	G-CCXO	CJ1
4C12	G-DOMS	EV97
4C16	G-FEAB	P28A
4C17	G-UACA	SKRA
4C18	G-DSKI	EV97
4C1B	G-TSOB	COY2
4C1D	G-IKEV	JABI
4C1E	G-CCZM	SKRA
4C20	G-NONE	MCR1
4C21	G-CCZV	P28A
4C22	G-SUNN	R44
4C24	G-VANN	RV7
4C27	G-CDAB	GLAS
4C29	G-CDAY	SKRA
4C2A	G-CDAP	EV97
4C2B	G-TGGR	EC20
4C2C	G-CCZX	DR40
4C2D	G-RVSE	RV6
4C32	G-JIMM	EUPA
4C35	G-CCYM	SKRA
4C39	G-CKJB	GLIM
4C3C	G-PETH	PA24
4C3F	G-NOXY	R44
4C41	G-PJSY	RV6
4C47	G-CCYR	C42
4C48	G-CCYS	C182
4C4C	G-MHRV	RV6
4C4D	G-CDAI	DR40
4C4F	G-CDBM	DR40
4C50	G-FIFT	C42
4C52	G-IBAZ	C42
4C54	G-NIOG	R44
4C55	G-GBVX	DR40
4C56	G-CCZT	RV9
4C58	G-CDAE	RV6
4C5A	G-RVPL	RV8
4C5E	G-CCZK	CH60
4C60	G-CDBD	JAB4
4C63	G-CCZL	C42
4C64	G-CCZY	RV9
4C65	G-CDCC	EV97
4C67	G-CDAC	EV97
4C68	G-SDOZ	ECHO
4C6A	G-CDBO	SKRA
4C70	G-CDCM	C42
4C71	G-CDBY	MCR1
4C72	G-CDJB	RV4
4C7B	G-LONE	B06
4C80	G-CDBX	EUPA
4C85	G-CDBG	R22
4C87	G-CDDW	AP22
4C8B	G-OHOV	EXEC
4C8D	G-EZUB	CH60
4C8F	G-DECO	MCR1
4C92	G-CDCT	EV97
4C97	G-CDCS	PA12
4C99	G-CDBU	C42
4C9B	G-JFMK	CH70
4C9D	G-CDDY	RV8
4CA0	G-EHIC	D140
4CA2	G-CDCH	SKRA
4CA3	G-VORN	EV97
4CA5	G-CDCW	ESCP
4CAA	G-RAFR	SKRA
4CAB	G-OVII	RV7
4CAD	G-COLS	RV7
4CB0	G-ESCC	ESCP
4CB2	G-CDCO	C42
4CB4	G-CDCP	JAB4
4CB7	G-RSKY	SKRA
4CB8	G-IRYC	H269
4CBB	G-CDDA	TB20
4CBD	G-CKJF	GLID
4CC2	G-KEVI	JAB4
4CC4	G-SKKY	C172
4CC6	G-CDEX	EUPA
4CC9	G-CDBA	SKRA
4CD3	G-JAME	CH60
4CDC	G-TWOO	E200
4CDD	G-RAZZ	M7
4CDE	G-CDEF	P28A
4CE0	G-HPSF	AC11
4CE2	G-RDNS	COY2
4CE3	G-CDDP	LAKR
4CE6	G-TYGR	SKRA
4CE7	G-PATO	CH60
4CEA	G-RVSG	RV9
4CEB	G-CDDU	SKRA
4CF8	G-CDEP	EV97
4CF9	G-CDDK	C172
4CFA	G-KMRV	RV9
4CFB	G-ROMP	E230
4CFC	G-EWES	PNR3
4D02	G-WAVY	G109
4D06	G-OPFA	PNR3
4D0A	G-RMMT	EUPA
4D0B	G-ORCA	RV4
4D10	G-CDFD	SF25
4D15	G-TREX	PNR3
4D18	G-CFWR	SKRA
4D19	G-CDFK	JABI
4D1A	G-CDFM	XAIR
4D1B	G-CDFJ	SKRA
4D22	G-OTCV	SKRA
4D26	G-JAYS	SKRA
4D27	G-VVVV	SKRA
4D2F	G-GECO	H500
4D30	G-EIZO	EC20
4D31	G-EFON	R22
4D35	G-PIGI	EV97
4D37	G-CDPL	EV97
4D3E	G-CDGV	B06
4D43	G-CFRY	CH60
4D46	G-LCPL	AS65
4D47	G-RVDG	RV9
4D48	G-CDGR	CH70
4D4A	G-CDGS	AA5
4D4E	G-MUMY	RV4
4D4F	G-CKKB	GLID
4D53	G-CKJZ	GLIM
4D58	G-GGJK	DR40
4D59	G-CDHA	SKRA
4D5C	G-CDHR	C42
4D63	G-RTMY	C42
4D64	G-FDPS	PTS2
4D65	G-CDHE	SKRA
4D6D	G-CDJF	FDCT
4D6F	G-OSTL	C42
4D78	G-CDJR	EV97
4D7B	G-IPKA	PNR3
4D7C	G-CDJJ	YK52
4D82	G-RISY	RV7
4D83	G-SOAF	JPRO
4D84	G-RSAF	STRK
4D8D	G-CDKP	JABI
4D92	G-CDHU	SKRA
4D93	G-CDIG	EV97
4D94	G-FLYC	C42
4D97	G-CMOR	SKRA
4D99	G-CDHX	AP22
4D9C	G-CDRV	RV9
4DA0	G-CDIJ	SKRA
4DA2	G-EINI	EUPA
4DA6	G-CDJG	CH60
4DA8	G-CDLS	JAB4
4DA9	G-CDIX	C42
4DAE	G-CDIU	SKRA
4DB0	G-RISH	EXEC
4DB9	G-OVON	PA18
4DBC	G-CDJD	SVNH
4DBD	G-EETG	C172
4DBF	G-SYWL	AAT3
4DC0	G-CDJK	C42
4DCB	G-OJAG	C172
4DCC	G-LGCB	DR40
4DD9	G-ETIM	EC20
4DDA	G-XWEB	SKRA
4DDB	G-EGBS	RV9
4DDE	G-CDKE	COY2
4DE0	G-UMMS	EV97
4DE5	G-KELX	RV6
4DE7	G-CDKO	SVNH
4DE8	G-ERTE	SKRA
4DEA	G-CDMA	P28A
4DED	G-EXAM	P28T
4DF0	G-CKLC	GLID
4DF1	G-CDNG	EV97
4DF2	G-GAOH	DR40
4DF4	G-DUOT	GLIM
4DF5	G-SOUT	RV8
4DF8	G-CDMD	DR40
4E00	G-CDKX	SKRA
4E04	G-WILT	C42
4E05	G-JBUZ	DR40
4E07	G-CDLG	SKRA
4E0A	G-CNCN	AC11
4E0D	G-EFAM	C182
4E0F	G-OVOL	SKRA
4E10	G-CDLK	SKRA
4E11	G-CKKX	GLID
4E15	G-EEKY	P28A
4E16	G-MPAA	P28A
4E17	G-PION	PNR3
4E18	G-CDMN	RV9
4E19	G-CDMS	C42
4E1A	G-GNRV	RV9
4E1E	G-ETAT	C172
4E1F	G-CDMT	CH60
4E22	G-VOLO	PNR3
4E24	G-EVTO	P28A
4E25	G-MURG	RV6
4E27	G-CDLW	CH60
4E2C	G-GAOM	DR40
4E2F	G-OONA	R44
4E31	G-MAUS	EUPA
4E33	G-SATN	PA25
4E34	G-SELA	C152
4E35	G-OZIE	JAB4
4E36	G-CDMF	RV9
4E38	G-RRSR	J3
4E39	G-CDNA	G109
4E3A	G-HSKI	HUSK
4E3B	G-CDND	GA7
4E3C	G-CDNM	EV97
4E3D	G-ZZMM	EN48
4E3E	G-CDMH	C10T
4E40	G-MAGZ	DR40
4E46	G-CDMX	P28A
4E47	G-CDMY	P28A
4E4A	G-CDNW	C42
4E4B	G-JLIN	P28A
4E4C	G-CKLT	GLIM
4E4D	G-MRLL	P51
4E50	G-NORA	C42
4E51	G-CDMV	SKRA
4E52	G-LBUZ	EV97
4E5A	G-ECMC	R22
4E5B	G-CDNE	SKRA
4E5D	G-UMMY	SKRA
4E5F	G-CDNO	GAZL
4E61	G-IAJS	C42
4E67	G-EEZZ	CH60
4E69	G-TIVV	EV97
4E6B	G-CDOA	EV97
4E6C	G-CDRO	C42
4E6D	G-TSUE	EUPA
4E70	G-KCIN	P28A
4E72	G-EDGA	P28A
4E75	G-XSEA	RV8
4E76	G-KESS	GLIM
4E77	G-REBB	RBEL
4E78	G-CDPA	PNR3
4E79	G-WIGY	PTS1
4E7D	G-JSRV	RV6
4E7F	G-JWDB	C42
4E81	G-RVJW	RV4
4E82	G-OROS	C42
4E85	G-CDOZ	EV97
4E86	G-HHII	HURI
4E87	G-RVAC	RV7
4E89	G-RFOX	FOX
4E8B	G-CDOY	DR40
4E8F	G-CDPB	SKRA
4E92	G-KHOP	CH60
4E93	G-CDPE	SKRA
4E94	G-LYNI	EV97
4E9A	G-CKKF	GLIM
4EA2	G-CKGC	GLIM
4EA4	G-CKGD	GLIM
4EA7	G-CKME	GLID
4EAC	G-VNON	ESCP
4EB1	G-SMRS	C172
4EB2	G-KEPE	GLID
4EBF	G-CKLD	GLIM
4EC1	G-FFAF	C150
4EC6	G-KOYY	GLIM
4EC8	G-CDSB	PNR2
4ECA	G-RVJP	RV9
4ECB	G-CDUK	C42
4ECC	G-MRVL	RV7
4ED0	G-CDSC	SF25
4ED1	G-CICT	GLIM
4ED5	G-OHIO	MCR1
4ED6	G-CKMO	GLID
4EDB	G-CMBE	WASP
4EE3	G-CKJM	GLIM
4EE6	G-HUMH	RV9
4EEC	G-OOSH	CH60
4EED	G-SKLR	EC20
4EEF	G-FCKD	EC20
4EF0	G-CDTX	C152
4EF2	G-SKRA	SKRA
4EF5	G-NIKK	DV20
4EF6	G-WLSN	SKRA
4EFC	G-CKKR	GLID
4F04	G-OTCZ	GLIM
4F07	G-CKJH	GLID
4F09	G-WEBS	CH7A
4F0B	G-CKHC	GLID
4F0C	G-NHAB	AS65
4F0E	G-CKJP	GLID
4F0F	G-CKMW	GLID
4F10	G-CKGK	GLID
4F15	G-CDTL	JAB4
4F16	G-CDVA	SKRA
4F17	G-CDVV	BDOG
4F1A	G-CDWM	SKRA
4F1C	G-CKHS	GLID
4F1D	G-CDTZ	AP22
4F1F	G-XLAM	SKRA
4F21	G-CDTU	EV97
4F22	G-CDUE	R44
4F23	G-CDTP	SKRA
4F24	G-ZAVI	C42
4F25	G-CDVT	RV6
4F28	G-CKMZ	GLID
4F2A	G-CJJS	P28A
4F2B	G-RIDG	RV7
4F2C	G-CDTY	SVNH
4F2E	G-SAAA	FDCT
4F30	G-CDVL	PNR3
4F31	G-JABU	JAB4
4F32	G-RHAM	SKRA
4F37	G-WEEK	SKRA
4F3F	G-CDVK	SVNH
4F41	G-CKKY	GLIM
4F42	G-CDWT	FDCT
4F43	G-CDWJ	FDCT
4F46	G-CDWB	SKRA
4F48	G-TAZZ	RODS
4F4A	G-ZVKO	EDGE
4F4C	G-LSGM	GLID
4F51	G-CDUL	SKRA
4F54	G-CKJV	GLID
4F56	G-CDUS	SKRA
4F59	G-CDUT	JAB4
4F5E	G-CKKE	GLIM
4F61	G-CDYZ	RV7
4F64	G-CFTJ	EV97
4F65	G-CDWG	MCR1
4F67	G-WYVN	GLIM
4F68	G-CDVI	C42
4F6C	G-LUDM	RV8
4F71	G-CDVU	EV97
4F74	G-CDXI	C182
4F75	G-CDYY	PNR3
4F76	G-RNCH	P28A
4F77	G-UPTA	SKRA
4F79	G-CKML	GLIM
4F7B	G-CDXS	EV97
4F7E	G-IKON	RV4
4F7F	G-CDXY	FOX
4F85	G-TWOC	GLIM
4F87	G-CVII	RODS
4F8B	G-CDYT	C42
4F8E	G-RIEF	GLIM
4F90	G-CDWU	CH60
4F92	G-CDZZ	MT
4F94	G-OASW	GLID
4F95	G-CKJS	GLID
4F97	G-KHCC	GLIM
4F9B	G-OOMF	PA18
4F9D	G-CKLP	GLIM
4FA0	G-KCHG	GLIM
4FA1	G-CKHH	GLID
4FA3	G-CDZA	PNR3
4FA4	G-KIMA	CH60
4FA7	G-CDZG	C42
4FA8	G-CDYM	MAVR
4FAB	G-JBCB	A109
4FAE	G-CDXJ	JAB4
4FAF	G-GLID	GLID
4FB0	G-CKJJ	GLID
4FB1	G-JAAB	JABI
4FB2	G-CKHB	GLID
4FB5	G-GCUF	DR40
4FB6	G-NJSP	JAB4
4FB9	G-CDXP	EV97
4FBA	G-OSUT	SF25
4FBB	G-CDYD	C42
4FC1	G-CDXL	FDCT
4FC2	G-CDYP	EV97
4FC3	G-CKNO	GLIM
4FC4	G-CDXT	RV9
4FC7	G-CEDB	ESCP
4FCF	G-IIIM	SA10
4FD1	G-CFOG	C42
4FD6	G-CEBA	CH60
4FDA	G-CKGA	GLIM
4FDC	G-PROS	RV7
4FDF	G-CECJ	RF10
4FE0	G-CKGX	GLID
4FE6	G-FOWR	B06
4FE9	G-CKKC	GLID
4FEA	G-CDZB	CH60
4FEB	G-TSLC	H269
4FEF	G-CKNM	GLID
4FF0	G-DAVS	GLID
4FF4	G-CEAT	CH60
4FF5	G-CEBZ	CH60
4FF6	G-CDZR	HN70
4FF7	G-CEAK	C42
4FF8	G-INTS	RV4
4FF9	G-HACE	RV6
4FFB	G-CDZU	SVNH
4FFC	G-CEAM	EV97
4FFD	G-CEAR	PNR3
4FFE	G-CEAN	C42
4FFF	G-JABE	JABI
5000	G-NUTA	EAGL
5001	G-CEAO	MJ5
5003	G-KIDD	JAB4
500C	G-CKLS	GLID
500D	G-CECV	RV7
500E	G-RATC	RV4
5011	G-CECC	C42
5012	G-OBAS	H500
5014	G-GDKR	DR40
5019	G-CKHK	GLIM
501C	G-CECE	JABI
501D	G-CECF	ESCP
501E	G-CECL	C42
5020	G-RVUK	RV7
5021	G-CEDC	C42
5023	G-CEBP	EV97
5024	G-CKLN	GLID
5025	G-UZUP	EV97
5027	G-CMFA	RV8
502A	G-PIXL	R44
502B	G-TORN	FDCT
502C	G-VDOG	O1
502F	G-TRBO	GLIM
5033	G-IPOD	EUPA
503E	G-PTAR	SKRA
5040	G-CECG	JABI
5041	G-CECK	SVNH
5047	G-RVIO	RV10
5048	G-RVNH	RV9
504A	G-CVAL	C42
504C	G-CEEP	RV9
504E	G-JIMZ	RV4
504F	G-CEGI	RV8
5051	G-HAMR	P28A
5052	G-EGAG	TB20
5058	G-CEDI	SKRA
505C	G-STUE	EUPA
505F	G-CEDX	EV97
5060	G-EZZY	EV97
5066	G-OYIO	DR40
506B	G-CEDV	EV97
506D	G-SUTD	JABI
506E	G-CKMJ	GLID
506F	G-CHPK	RV8
5076	G-GFSA	C172
5078	G-HNGE	C42
507C	G-DFUN	RV6
507E	G-RINZ	RV7
507F	G-CEGO	EV97
5083	G-SAXT	GLIM
5084	G-CEFA	C42
5085	G-CEGH	RV9
5086	G-REJP	EUPA
508B	G-FIXX	RV7
508C	G-IDOL	EV97
5091	G-NJTC	AP22
5097	G-CEEO	FDCT
5098	G-PYPE	RV7
5099	G-WEEV	RV8
509B	G-OPTI	P28A
50A3	G-CEFM	C152
50A4	G-XALT	PA38
50A5	G-KITH	PNR3
50AB	G-CEGL	C42
50AD	G-PVCV	DR40
50AF	G-CEFC	SASP
50B2	G-HOXN	RV9
50B6	G-CEHV	C42
50B7	G-CEFJ	SONX
50BC	G-TDYN	WT9
50BD	G-UPHI	SKRA
50BE	G-CEFK	EV97
50C0	G-CIFY	P28A
50C1	G-CEIB	YK18
50C2	G-IUII	YK52
50C5	G-CEFP	JAB4
50C6	G-ZADA	SKRA
50C7	G-CEFZ	EV97
50C8	G-CKOH	GLIM
50C9	G-CKHR	GLID
50D2	G-WSSX	C42
50D9	G-HIYA	SKRA
50DA	G-CEIW	EUPA
50DB	G-CYLL	F8L
50DC	G-CEGU	P28A
50E0	G-EEEZ	BL8
50E3	G-CEGK	SVNH
50E4	G-CEGS	P28A
50E7	G-XRVX	RV10
50E9	G-CEHG	C42
50EC	G-CEJW	C42
50EE	G-OORV	RV6
50EF	G-CEHS	CP10
50F2	G-CEKJ	EV97
50F3	G-CEIA	MT
50F4	G-ESSL	C182
50F5	G-CEIE	FDCT
50F8	G-CKOT	GLID
50FA	G-KOBH	GLIM
50FB	G-MROD	RV7
50FC	G-CEHL	EV97
50FD	G-CKOI	GLID
50FE	G-CEIG	RV7
50FF	G-TEMB	SIRA
5100	G-CEID	RV7
5102	G-KFLY	FDCT
5106	G-CKOD	GLIM
5108	G-RRVX	RV10
510C	G-CEHR	AUS9
510D	G-CEHT	KR2
510E	G-GEZZ	B06
510F	G-CMOS	C303
511D	G-CEIO	BN2P
511E	G-CEIP	BN2P
511F	G-CEIR	BN2P
5121	G-HVRZ	EC20
5122	G-CEIS	DR10
5123	G-CKOK	GLID
5126	G-IOOP	EAGL
5128	G-CEIZ	P28A
5129	G-DAMB	F8L
512E	G-CKHE	GLIM
512F	G-KENG	MT
5133	G-CKOW	GLID
5135	G-CEKW	JAB4
5136	G-CEJE	TAIL
5137	G-TBGO	TOBA
513E	G-CEJN	M20P
5149	G-CSPR	RV6
514C	G-NWFS	C172
5153	G-SAOC	GLID
5155	G-EVIG	EV97
5157	G-RAYZ	SIRA
5159	G-CHPA	R22
515A	G-EDYO	PA32
515C	G-CEJY	WT9
515E	G-CTEE	FDCT
515F	G-CEKD	FDCT
5160	G-XKKA	DIMO
5164	G-CEKK	SKRA
5165	G-CKPA	GLIM
5167	G-ICDM	JABI
5169	G-SORA	GLID
516B	G-CEKO	DR40
516E	G-TEGS	B06
5171	G-CEME	EV97
5173	G-NUFC	SKRA
5174	G-EVAJ	SKRA
5176	G-EHCB	GLID
5178	G-SKPP	EC20
5179	G-IRAR	RV9
517A	G-CEKI	C172
517B	G-HABI	SKRA
517D	G-CENA	MCR1
517E	G-CSAM	RV9
517F	G-CEMA	PNR2
5180	G-HLEE	SKRA
5181	G-POPY	SKRA
5183	G-CEKT	FDCT
5189	G-IIJC	MIMU
518A	G-ROBZ	G109
518B	G-IIXF	RV7
518E	G-CEKV	EUPA
5193	G-CENB	EV97
5197	G-CJBX	GLID
5198	G-FKOS	P28A
519E	G-CKPJ	GLID
51A0	G-SFAR	C42
51A2	G-CEMI	EUPA
51A6	G-SIRE	SKRA
51AB	G-NFLY	SIRA
51AF	G-CEIX	PNR3
51B1	G-SFLA	C42
51B6	G-CEMY	PNR3
51B8	G-UNNA	JABI
51BC	G-CENE	FDCT
51BF	G-CFHO	GLID
51C0	G-TPSY	BL8
51C4	G-CEND	EV97
51C5	G-FAJC	PNR3
51C9	G-DUNK	C172
51CD	G-CENG	SKRA
51CE	G-CENH	SIRA
51D3	G-RVLC	RV9
51D8	G-MCLY	C172
51D9	G-VIXX	PNR3
51DB	G-CEPM	JAB4
51E2	G-CGXL	DR40
51E3	G-CENO	WT9
51E4	G-JFDI	WT9
51E7	G-CENS	SKRA
51EB	G-EWEW	GLID
51F2	G-CKPO	GLID
51F4	G-CEPX	C152
51F8	G-RVTN	RV10
51F9	G-GDEF	DR40
51FD	G-RVSR	RV8
5200	G-XVIP	BE20
5201	G-LCKY	FDCT
5202	G-CEOG	P28R
5204	G-RMRV	RV7
5205	G-CTED	RV7
5209	G-CERE	EV97
520C	G-EGSJ	JAB4
520F	G-NIND	P28A
5210	G-CERB	SKRA
5211	G-CEOC	SIRA
5214	G-SPMM	SKRA
5215	G-YADA	C42
5216	G-OJHC	C182
5219	G-CTDW	FDCT
521A	G-CEOW	EUPA
521B	G-CEOM	JAB4
521D	G-ORAU	EV97
5224	G-CEPY	C42
5225	G-ITBT	PNR3
5227	G-DCBI	H269
5228	G-IWIN	XA85
522A	G-NWFG	C172
522B	G-NWFC	C172
522C	G-CERD	DHC1
522D	G-XIXI	EV97
5233	G-RODZ	RV3
5234	G-CEPL	SASP
5236	G-CESW	FDCT
5237	G-ZSKY	SKRA
523E	G-GLII	G2T1
5240	G-CETV	SKRA
5241	G-ORVE	RV6
5244	G-CETS	RV7
5247	G-CETB	DR40
524F	G-CERK	RV9
5254	G-CESA	DR10
5257	G-SASI	CRUZ
5259	G-CETR	C42
525B	G-CEVC	RV4
525E	G-VRVB	RV8
5262	G-DDGJ	BL8
5264	G-CETO	SKRA
5265	G-CROE	HR20
5266	G-CETY	COY2
5268	G-CWAY	C42
5269	G-DMCI	C42
526E	G-RBCT	GLIM
526F	G-PAWZ	SKRA
5270	G-CETX	PNR3
5272	G-LREE	G109
5274	G-CHZE	GLIM
5275	G-CEVM	SIRA
5281	G-CESZ	CRUZ
5282	G-DCZD	GLID
5284	G-CETF	FDCT
5289	G-PBEC	RV7
528B	G-DDTU	GLID
528D	G-VNTS	GLIM
528F	G-CKHW	GLID
5292	G-CESV	EV97
5297	G-GBOB	PNR3
5299	G-CGCL	GLID
529B	G-ESGA	ESCP
529E	G-CHHU	GLID
52A3	G-CHWH	GLIM
52A9	G-CHGW	GLID
52B2	G-CJPP	GLIM
52B9	G-SCRZ	CRUZ
52BA	G-REVE	RV6
52BC	G-LSPH	RV8
52BD	G-CHBD	GLID
52C1	G-CFBN	GLID
52C4	G-DDHK	GLID
52C9	G-CJVW	GLID
52CA	G-CETP	RV9
52CB	G-CJCG	GLID
52CE	G-EFLY	GLID
52D0	G-CJRE	GLID
52D2	G-DELD	GLID
52D5	G-MEEE	GLID
52D7	G-CFDE	GLIM
52D9	G-CFUU	GLID
52DA	G-CHUT	GLID
52DD	G-DEDM	GLID
52E2	G-JNUS	GLID
52EB	G-ORVS	RV9
52ED	G-WONE	GLIM
52EF	G-DCOY	GLID
52F0	G-CETU	SKRA
52F5	G-DCCB	GLID
52F6	G-CJZH	GLID
52F7	G-CKRB	GLID
52F8	G-CHYE	GLID
52F9	G-CKCB	GLID
52FB	G-CJDS	GLID
52FC	G-XJON	GLID
52FD	G-CJJP	GLIM
52FF	G-CEZZ	FDCT
5301	G-MUTT	CRUZ
5302	G-SINK	GLIM
5308	G-DDST	GLID
530B	G-FELX	CRUZ
5311	G-DDDA	GLID
5312	G-CHNU	GLIM
5319	G-CJOD	GLID
531B	G-TJDM	RV6
5321	G-CKCV	GLIM
5325	G-CFNT	GLID
532B	G-CKBF	GLID
532C	G-CJCD	GLID
5334	G-CJMN	GLIM
5336	G-LLLL	GLID
5338	G-DCYM	GLID
5339	G-CFBB	GLID
533C	G-TVAB	AS55
533D	G-CJEX	GLID
5342	G-CEUW	CH60
5344	G-DHCE	GLID
5346	G-CHUJ	GLID
5349	G-AIDN	SPIT
534C	G-CJPO	GLID
534D	G-MOPS	SKRA
534E	G-OLAA	PNR3
5355	G-DFRA	GLID
5358	ZJ165	AS65
535A	G-PHAB	SR22
535B	G-DDNK	GLID
5360	G-CHTM	GLID
5361	G-CFGF	GLID
5372	G-CHRC	GLID
5375	G-CJMW	GLID
5377	G-CJVA	GLIM
537D	G-CJVB	GLIM
5380	G-VTUS	GLIM
5382	G-IAJJ	R44
5385	G-SFLB	C42
5386	G-CHUD	GLID
5388	G-LSVI	GLID
538E	G-CJRR	GLIM
5391	G-CHNK	GLID
5395	G-CKBU	GLID
5397	G-DDCC	GLID
5398	G-OLAD	E300
53AC	G-CHJF	GLID
53AF	G-DDDR	GLID
53B0	G-DDVG	GLID
53B6	G-DELZ	GLID
53BD	G-DDJD	GLID
53BF	G-PHVM	RV8
53C1	G-DHKL	GLIM
53C4	G-ECOA	DH8D
53C6	G-DHAL	GLID
53CB	G-YAKF	YK52
53CC	G-CJKG	GLID
53CF	G-CJKZ	GLID
53D5	G-CHXV	GLID
53D6	G-DCWF	GLID
53D7	G-MAGK	GLID
53DC	G-LSED	GLID
53DD	G-EPIM	C172
53EB	G-CHOY	GLID
53ED	G-DDRT	GLIM
53EF	G-CEVO	G109
53F3	G-CJZN	GLID
53F8	G-CFNR	GLIM
53F9	G-DEVF	GLIM
53FE	G-LSLS	GLID
5402	G-ZZZS	EC20
5403	G-CJEB	GLID
5404	G-DBSA	GLID
5405	G-SWAK	BLKS
540B	G-CJCJ	GLID
540C	G-CHBC	GLID
540D	G-CEVS	EV97
540F	G-DEEC	GLID
5415	G-CHDD	GLID
5417	G-DDVS	GLID
541A	G-CHNW	GLIM
541D	G-TIAB	GLID
541E	G-GBPP	GLID
541F	G-DEGE	GLID
5422	G-CJDV	GLID
5425	G-CHTS	GLID
5426	G-LULV	DA42
542A	G-PDGT	AS55
542D	G-CFWM	GLID
542F	G-CEVN	GLID
5432	G-CKEV	GLIM
5433	G-CJLN	GLID
5434	G-CKEZ	GLID
5436	G-DCNW	GLID
5437	G-CFNM	GLID
5439	G-DDXB	GLID
543A	G-DEHU	GLID
5440	G-CEVU	SVNH
5445	G-CJVC	GLID
5449	G-CHPD	GLID
544A	G-DKFU	GLIM
544B	G-DDFK	GLID
544D	G-CJKY	GLIM
544F	G-DHGL	GLIM
5454	G-CJDE	GLID
5455	G-EUUU	A320
5456	G-EUUV	A320
5457	G-EUUW	A320
5459	G-LSFR	GLID
545A	G-CEVY	MT
545D	G-CJRA	GLID
5468	G-CJBH	GLIM
5469	G-CJNP	GLID
5472	G-EVII	GLIM
5473	G-CKDS	GLID
5478	G-CFGW	GLID
547C	G-DSPL	DA40
5480	G-CKFP	GLIM
548B	G-CEXM	SKRA
548D	G-CKBM	GLID
5490	G-CEWC	GLID
5493	G-FEBJ	GLID
5494	G-CFZH	GLIM
5495	G-CHNV	GLID
5496	G-CHFF	GLID
5498	G-CJBK	GLID
549D	G-CJRU	GLID
54A1	G-CHPW	GLID
54A9	G-EEAD	GLID
54AB	G-IXXI	GLIM
54AC	G-CJXA	GLIM
54AD	G-CJZL	GLID
54AE	G-CFRV	GLID
54B2	G-CJKN	GLID
54B3	G-CKBV	GLID
54BC	G-CEWT	FDCT
54C4	G-GUMM	HUSK
54C5	G-DDWC	GLID
54C6	G-CHXE	GLID
54C9	G-CFYV	GLID
54CA	G-CKED	GLID
54CB	G-EECC	WT9
54CC	G-JFLO	WT9
54CE	G-OTIV	WT9
54CF	G-JKPF	C172
54D0	G-MLZZ	SKRA
54D4	G-YODA	GLIM
54D5	G-CJVZ	GLID
54D8	G-CHZM	GLID
54DB	G-CGBJ	GLID
54DC	G-DESU	GLID
54DD	G-CHZY	GLID
54E0	G-DCSR	GLID
54E2	G-CHFX	GLIM
54E3	G-CJSL	GLIM
54EB	G-CHYY	GLIM
54ED	G-UNIN	GLIM
54EE	G-CFYA	GLID
54EF	G-YROV	MT
54F3	G-WIGS	WT9
54F5	G-IFWD	GLIM
54F7	G-DDVB	GLID
54F8	G-DETM	GLID
54FB	G-CHNC	GLID
54FC	G-RVCH	RV8
54FD	G-CEZE	SKRA
5501	G-CHPL	GLID
5503	G-CHLP	GLID
550B	G-CFFS	GLID
550C	G-CFAX	C42
5510	G-CHBE	GLID
5514	G-CHXH	GLID
551D	G-RVTT	RV7
551F	G-CFYN	GLIM
5520	G-DELG	GLIM
5521	G-CHPH	GLIM
5525	G-CFAR	MT
5528	G-CFAV	C42
552B	G-DCUJ	GLID
5533	G-DEBX	GLID
5534	G-NSYS	EC35
5535	G-KUPP	FDCT
5537	G-LSKV	GLID
553D	G-ODUO	GLIM
5540	G-RSHI	PA34
5541	G-CEWR	AP22
5542	G-CHPX	GLIM
5546	G-EUAN	JABI
554A	G-DCGB	GLID
554B	G-CHMB	GLID
554D	G-ECLW	GLID
554F	G-DDJN	GLID
5550	G-CHWS	GLID
5558	G-DCWE	GLID
555C	G-CHMU	GLID
5565	G-DDAS	GLID
5567	G-CJXW	GLIM
556E	G-DEKG	GLID
556F	G-CEZI	P28A
5572	G-CEZO	P28A
557F	G-SMMA	F406
5580	G-SMMB	F406
5583	G-DCCW	GLID
5588	G-RIDA	AS55
5589	G-JAPK	GLID
558A	G-BREZ	C172
558C	G-CKAN	GLID
5592	G-CJEU	GLID
55B2	G-DHET	GLID
55B7	G-JASS	BE20
55B8	G-IACF	S92
55BB	G-TGTT	R44
55BE	G-EENW	GLID
55C2	G-CJLY	GLID
55C3	G-CHPO	GLID
55C6	G-CKES	GLID
55C9	G-YUGE	GLIM
55CF	G-OJNE	GLIM
55D2	G-DEHP	GLIM
55D6	G-WZOY	COY2
55D9	G-ORKY	AS50
55DA	G-CFKL	GLID
55DD	G-DEMT	GLID
55DE	G-ZGZG	C182
55DF	G-CFVE	GLIM
55E0	G-OZOZ	GLIM
55E2	G-CKFN	GLID
55E5	G-CJSD	GLID
55E9	G-CJZZ	GLID
55EC	G-CRWZ	CRUZ
55F2	G-DDLB	GLID
55F7	G-CHZU	GLID
55F9	G-DDTV	GLID
55FE	G-DCNC	GLID
5603	G-DFOG	GLID
5605	G-CHKK	GLID
5609	G-CHHK	GLID
560B	G-MEDN	A321
560C	G-CHEO	GLID
560D	G-LSGB	GLID
560E	G-CHXO	GLID
5612	G-CJBM	GLID
5614	G-CHSO	GLIM
5618	G-CHNM	GLID
561B	G-CHLV	GLID
561C	G-CHUR	GLID
5620	G-DEWR	GLID
5626	G-CHUZ	GLIM
5627	G-CHNA	GLID
5629	G-CHVX	GLID
562A	G-CEYN	G109
562C	G-CEYY	EV97
562E	G-CEYG	C152
562F	G-CEYH	C152
5631	G-EZDA	A319
5633	G-EZDD	A319
5635	G-EZDF	A319
5636	G-EZDH	A319
5637	G-EZDI	A319
5638	G-EZDJ	A319
5639	G-DDMS	GLID
563A	G-DCXM	GLID
563B	G-DELA	GLID
563C	G-CHXD	GLID
563D	G-DDHJ	GLID
563E	G-CFGP	GLID
563F	G-DDXW	GLID
5642	G-CJUU	GLID
564C	G-CFVM	GLID
564F	G-CJVL	GLID
5650	G-HAAH	GLIM
5651	G-CFVW	GLIM
5652	G-CFJK	GLID
565A	G-DEGJ	GLID
565F	G-FICS	FDCT
5660	G-DJGG	GLID
5661	G-DDTK	GLID
5664	G-XYZT	RF10
5666	G-CEZM	C152
5667	G-SBOL	BOLT
566E	G-RYDR	MT
5670	G-CFBC	GLID
5671	G-CGBG	GLID
5673	G-DCOJ	GLID
5675	G-CUGC	GLID
5677	G-TTRL	RV9
5678	G-CJXX	GLID
567D	G-DDHT	GLID
5688	G-JCOP	AS50
568A	G-CEYK	EUPA
568B	G-HORK	PNR3
568D	G-CJKU	GLID
568E	G-ORVX	RV10
568F	G-DEON	GLID
5694	G-CHWW	GLID
5697	G-OKAY	PTS1
56A2	G-RAJV	GLEX
56A5	G-JNSC	GLID
56AB	G-CEYM	RV6
56AF	G-DDGA	GLID
56B1	G-CHKC	GLID
56B2	G-CHUF	GLID
56B3	G-CJKV	GLID
56B4	G-GZIP	GLID
56B7	G-CHRH	GLIM
56B8	G-ROBJ	DR40
56BA	G-CKFB	GLIM
56C1	G-DEUJ	GLIM
56C3	G-DDTA	GLID
56CB	G-GRZZ	R44
56CE	G-CEZB	SVNH
56D0	G-DEOV	GLID
56D1	G-DDTM	GLID
56D5	G-DCWR	GLID
56DA	G-CFEJ	GLIM
56E0	G-CHBT	GLID
56E1	G-CHFH	GLID
56E2	G-CJVE	GLIM
56E6	G-MANZ	R44
56E7	G-CJZK	GLIM
56E8	G-CFSR	GLID
56EC	G-DDEO	GLID
56F2	G-CJWR	GLID
56F9	G-DBYX	GLID
56FD	G-CHXW	GLID
56FE	G-CEYR	MT
5701	G-CJKW	GLID
5703	G-TSAC	SIRA
570E	G-CHEN	GLID
5711	G-DHCW	GLID
5712	G-CFJM	GLID
5716	G-CFWU	GLID
571F	G-CJLK	GLID
5728	G-CEZF	EV97
5729	G-XWON	GLID
572B	G-SCNN	GLID
572D	G-EUFO	GLID
572F	G-DDMR	GLID
5731	G-DEPP	GLID
5739	G-CJGR	GLID
574B	G-CJVP	GLID
574E	G-TESR	SIRA
5751	G-EEBR	GLID
5753	G-DDJX	GLID
5755	G-RIEV	GLID
5761	G-DERH	GLID
5763	G-CJZM	GLID
5767	G-CHDR	GLID
576D	G-CJMK	GLID
5773	G-CEZL	P28A
5776	G-CFWK	GLID
577A	G-CJCX	GLIM
577B	G-LSCP	GLID
5782	G-CJWK	GLID
5783	G-CJWD	GLID
5784	G-CFBV	GLID
578B	G-DCTO	GLID
578E	G-CGDS	GLID
578F	G-DDGE	GLID
5793	G-DERS	GLID
5794	G-UIRO	MT
5798	G-DDSV	GLID
579D	G-DEDU	GLID
57A0	G-CKAS	GLIM
57A1	G-CJCT	GLIM
57A2	G-CFZW	GLID
57A8	G-DJBC	C42
57AD	G-JONM	P28A
57B3	G-ZECH	CRUZ
57B5	G-CJWJ	GLID
57B9	G-EKEY	GLID
57BD	G-CKFE	GLID
57C0	G-DDPA	GLID
57C3	G-GOES	R44
57C6	G-SWCT	FDCT
57D2	G-CFTY	GLID
57D6	G-DEHT	GLIM
57DB	G-WINN	SA30
57DE	G-TNGO	RV6
57DF	G-OCRZ	CRUZ
57E1	G-RGZT	SR20
57E3	G-LEXY	RV8
57E4	G-IIAI	CP23
57E5	G-DCSF	GLID
57E9	G-CHMX	GLID
57EB	G-CHSE	GLID
57F0	G-AJXC	AUS5
57F4	G-DEHO	GLID
57F5	G-CGAF	GLID
57F7	G-DDVP	GLID
57F8	G-CFTS	GLID
57FB	G-CFFY	GLID
5804	G-XERO	CRUZ
5806	G-CJGL	GLIM
580B	G-CJTO	GLID
5814	G-CJRC	GLID
5817	G-CKCZ	GLID
5819	G-CFVH	GLID
581B	G-CJKO	GLID
581C	G-CHOZ	GLID
581D	G-CJMP	GLID
5824	G-SPRI	A109
5827	G-CJKS	GLID
5829	G-CJPX	GLID
582B	G-CFBA	GLID
582F	G-KRUZ	CRUZ
5835	G-DCZJ	GLID
5836	G-KNCG	PA32
5837	G-ORRG	DR40
5839	G-DZKY	DA40
583A	G-CEZR	DA40
583D	G-CJTK	GLID
583E	G-CJUV	GLIM
5841	G-CJSU	GLID
5842	G-CJHO	GLID
5847	G-CFSH	GLID
5848	G-CGCU	GLID
5850	G-CGCP	GLID
5851	G-CHDX	GLID
5853	G-DEXA	GLID
5855	G-DHTG	GLID
5858	G-KKEV	DH8D
5859	G-CFCM	R44
585B	G-AWEK	RF4
585C	G-ECPA	GLID
585D	G-CJOO	GLID
5870	G-CHGG	GLID
5871	G-DDLH	GLID
5872	G-DCMS	GLID
5873	G-DDXH	GLID
5879	G-CHDE	GLID
587F	G-CFLH	GLID
5887	G-DETZ	GLID
5888	G-CJFU	GLID
5889	G-DCGY	GLID
588D	G-CJLJ	GLID
588E	G-CHYT	GLID
5891	G-CJFJ	GLID
58A1	G-CFZP	GLID
58AC	G-DDUK	GLID
58B0	G-CJJH	GLIM
58B8	G-CKFD	GLID
58BD	G-LSFB	GLID
58BE	G-CGBO	GLID
58C0	G-ENST	CRUZ
58C1	G-LUBB	C525
58C7	G-ZAAP	CRUZ
58CD	G-CHXU	GLID
58CE	G-DDRW	GLID
58D3	G-CJMY	GLID
58D4	G-CJTH	GLID
58DA	G-CJLP	GLIM
58DB	G-KEVG	MT
58DD	G-CEZS	CH60
58DF	G-DCSN	GLID
58E2	G-CKFG	GLID
58E3	G-DAXA	R44
58E5	G-BGBV	GLID
58E9	G-CFOB	GLID
58F1	G-DEAH	GLID
58FA	G-DCMG	GLID
58FE	G-DBNH	GLID
58FF	G-CFUY	GLID
5901	G-CHKS	GLID
5904	G-DDND	GLID
5905	G-XELL	GLIM
5907	G-CJXM	GLID
5908	G-CFHR	GLIM
5911	G-VANX	GA8
5913	G-OOWS	AS50
5918	G-CJYP	GLID
5921	G-BTBJ	C195
5925	G-DHAD	GLID
5926	G-CKFA	GLID
592A	G-CKHV	GLID
592E	G-CFFV	GLID
592F	G-CHTU	GLID
5931	G-CJEL	GLID
5933	G-DDKW	GLID
5934	G-CHHS	GLID
5935	G-CJTU	GLIM
5939	G-CJRJ	GLID
593B	G-CHEE	GLID
593C	G-DEVW	GLID
593D	G-DEVX	GLID
5944	G-CJTP	GLID
5948	G-EDDS	CRUZ
594B	G-CKFT	GLIM
5955	G-CFCT	EV97
5958	G-CJDM	GLID
595D	G-CJSE	GLIM
5964	G-XBGA	GLID
5967	G-CGCT	GLIM
596D	G-CHLM	GLID
5975	G-CKBX	GLID
5976	G-CFMN	GLID
5977	G-CFYU	GLID
5978	G-CFTP	GLID
5979	G-DCLT	GLID
597A	G-IRLE	GLIM
597B	G-CHJR	GLID
597C	G-CFCW	MT
5981	G-CFEZ	CRUZ
5987	G-CFCI	C172
5988	G-CFBE	C42
598E	G-LINJ	R44
5993	G-LSJE	ESCP
5995	G-CGDT	GLID
599A	G-INGS	BL8
59A1	G-DEPD	GLID
59A3	G-CGEE	GLID
59A5	G-CJPT	GLID
59AA	G-CJHL	GLID
59AD	G-CFCE	XA85
59B4	G-CHMY	GLID
59B8	G-HAYS	SKRA
59BA	G-DCPD	GLID
59C2	G-CFEE	EV97
59C4	G-ENVO	B105
59C8	G-CHLC	GLID
59CD	G-CFXY	GLID
59CF	G-DCCE	GLID
59D2	G-CKRX	GLID
59D3	G-CKRU	GLID
59DA	G-CFBY	SKRA
59DD	G-CJLA	GLID
59DE	G-CJFH	GLID
59DF	G-CJGM	GLID
59E1	G-CFCK	SKRA
59EC	G-CFPE	GLIM
59F1	G-RTFM	JAB4
59F4	G-DADJ	GLID
59F6	G-CFOT	GLID
59F7	G-CGBY	GLID
59F8	G-CJXR	GLIM
59FA	G-FBEK	E190
59FC	G-CFCV	GLID
59FD	G-SJBI	PTS2
5A01	G-CFCL	MT
5A09	G-CHBO	GLID
5A0A	G-CJJL	GLID
5A0D	G-CHBK	GLID
5A0E	G-CFRC	GLIM
5A12	G-CKRW	GLID
5A19	G-CKCE	GLIM
5A22	G-CFDI	RV6
5A23	G-CFCX	COY2
5A24	G-DFMG	GLIM
5A2D	G-BMIZ	R22
5A2E	G-CJOE	GLID
5A30	G-CHGF	GLID
5A31	G-CJGE	GLIM
5A32	G-CKAR	GLIM
5A35	G-GRSR	GLIM
5A3B	G-DADA	MT
5A3D	G-COLI	MT
5A42	G-DDUB	GLID
5A43	G-DFCM	GLID
5A44	G-CHWF	GLID
5A45	G-CHEW	GLID
5A46	G-EUUX	A320
5A47	G-EUUY	A320
5A48	G-EUUZ	A320
5A49	G-EUYA	A320
5A4A	G-EUYB	A320
5A4B	G-CFCY	SKRA
5A4D	G-CHGP	GLID
5A4E	G-CFRE	GLID
5A4F	G-CHSZ	GLID
5A58	G-DDFR	GLID
5A5A	G-DEEO	GLID
5A6F	G-CFYY	GLID
5A72	G-CJJD	GLIM
5A76	G-TVLY	EC35
5A78	G-CKRV	GLIM
5A7B	G-CHVR	GLIM
5A7D	G-PPOD	EUPA
5A80	G-DCTV	GLID
5A83	G-STVT	CRUZ
5A84	G-SHHH	GLID
5A86	G-DDXG	GLID
5A87	G-ODCH	GLID
5A8C	G-JMOS	PA34
5A8D	G-YROC	MT
5A8F	G-CHDV	GLID
5A90	G-CJAR	GLID
5A95	G-CFEL	EV97
5A98	G-DEFZ	GLID
5A9B	G-HSKE	HUSK
5AA1	G-TCHI	SPIT
5AA6	G-DDRN	GLID
5AAB	G-CFDO	FDCT
5AAC	G-CFDP	FDCT
5AB9	G-CJKB	GLID
5ABA	G-CMBR	C172
5ABB	G-CFDJ	EV97
5ABE	G-DETA	GLID
5ABF	G-SRAH	GLID
5AC0	G-DDSP	GLID
5AC1	G-HBJT	EC55
5AC2	G-KBOS	FDCT
5AC4	G-CKAE	GLID
5ACD	G-CFYX	GLIM
5ACF	G-CFDN	SKRA
5AD1	G-CFPW	GLID
5AD2	G-DDXF	GLID
5ADB	G-DESC	GLID
5ADD	G-RZEE	GLID
5AE4	G-CFDS	TL20
5AE5	G-TUGI	CRUZ
5AEB	G-CGDR	GLIM
5AF3	G-DCTT	GLID
5AF5	G-CJKF	GLID
5AF6	G-RAYY	SR22
5AF8	G-CJPM	GLID
5AF9	G-MAKS	SR22
5AFB	G-LCMW	TL20
5B00	G-CHBM	GLID
5B0E	G-CHHN	GLIM
5B13	G-DCTL	GLID
5B14	G-CKJT	GLID
5B17	G-DECJ	GLID
5B18	G-DCJY	GLID
5B19	G-MOOV	CRUZ
5B1F	G-CJCW	GLID
5B20	G-CJNB	GLID
5B25	G-FSZY	TOBA
5B26	G-DADZ	CRUZ
5B28	G-TDSA	F406
5B2A	G-NADO	TRDO
5B2B	G-OTRT	R44
5B31	G-DEGT	GLID
5B32	G-DDWS	GLIM
5B33	G-DERJ	GLID
5B37	G-CKEJ	GLID
5B38	G-CFED	RV9
5B39	G-CFHI	RV9
5B3A	G-IIRW	RV8
5B3B	G-EGBP	CH7A
5B3E	G-EEBA	GLID
5B41	G-CFMM	C172
5B44	G-AYFE	D6CR
5B46	G-ORVI	RV6
5B47	G-EEBL	GLID
5B49	G-DDOU	GLIM
5B56	G-IMMY	R44
5B58	G-CFGM	C42
5B5A	G-CFXC	GLID
5B5C	G-CFEO	EV97
5B5D	G-DCHB	GLID
5B5F	G-CJOZ	GLID
5B62	G-CJYX	GLID
5B63	G-CKFR	GLID
5B64	G-EZDK	A319
5B65	G-EZDL	A319
5B66	G-EZDM	A319
5B67	G-EZDN	A319
5B68	G-EZDO	A319
5B6A	G-EZDR	A319
5B6C	G-DFCY	GLID
5B6D	G-CGEH	GLID
5B6E	G-CHMS	GLID
5B73	G-CFET	RV7
5B74	G-FCSL	PA31
5B78	G-CRZA	CRUZ
5B7A	G-DEKF	GLID
5B7B	G-DDHX	GLID
5B7D	G-CKDP	GLID
5B81	G-CFIT	C42
5B87	G-CJVV	GLID
5B9E	G-MRDS	CRUZ
5BA9	G-DDLC	GLID
5BAB	G-CFGH	JAB2
5BAC	G-CFFE	EV97
5BAE	G-DCMW	GLID
5BB7	G-CJNK	GLID
5BBE	G-CTFL	R44
5BC0	G-CKSD	GLID
5BC3	G-OCOK	BL8
5BC7	G-DEAE	GLID
5BC9	G-CFKM	GLIM
5BCA	G-CFUP	GLIM
5BCB	G-DFEB	GLID
5BCC	G-CJSH	GLID
5BD3	G-CJKK	GLID
5BD4	G-CHYS	GLID
5BD7	G-FRDY	WT9
5BD8	G-SJPI	WT9
5BE4	G-CLGC	GLIM
5BEA	G-CJAL	GLID
5BED	G-DEOE	GLID
5BEF	G-SACM	TL20
5BF4	G-XLII	GLIM
5BFA	G-DDBC	GLID
5BFB	G-YMMR	B772
5BFC	G-YMMS	B772
5BFD	G-YMMT	B772
5BFE	G-YMMU	B772
5BFF	G-SCZR	CRUZ
5C01	G-KLYE	SKRA
5C02	G-DRAT	GLID
5C03	G-ECOE	DH8D
5C06	G-NMRV	RV6
5C08	G-CFFJ	FDCT
5C09	G-SWAY	PA18
5C14	G-CGAT	GLID
5C15	G-CHZB	GLID
5C16	G-DCCM	GLID
5C26	G-CHXM	GLID
5C27	G-DDLJ	GLIM
5C29	G-DEFA	GLID
5C30	G-GCJA	GLID
5C39	G-DOZZ	SKRA
5C3B	G-JAYZ	CRUZ
5C3E	G-CJHN	GLID
5C40	G-MUZY	T51
5C42	G-CFYF	GLID
5C43	G-CFIA	SKRA
5C46	G-EWAD	R44
5C47	G-EXGC	E300
5C4C	G-ODDZ	GLIM
5C51	G-TIPR	AS50
5C53	G-DEWG	GLID
5C56	G-CFGZ	FDCT
5C61	G-PTEA	PA46
5C6B	G-YPDN	MT
5C6C	G-DJMC	GLID
5C71	G-CGBS	GLID
5C74	G-CHWA	GLIM
5C76	G-GLAB	EC35
5C78	G-SMEG	C172
5C79	G-DDYH	GLID
5C7A	G-DDKR	GLID
5C7B	G-CJKE	GLID
5C82	G-CFYZ	GLID
5C83	G-CFIF	EAGL
5C85	G-GCIY	DR40
5C93	G-RACK	C42
5C97	G-CFGG	MT
5C9C	G-KSIX	GLID
5C9E	G-DCSJ	GLID
5CA2	G-CFGO	SKRA
5CA5	G-CGCD	GLID
5CA6	G-CFKZ	EUPA
5CAA	G-CHJV	GLID
5CAF	G-CHZV	GLID
5CB0	G-CFZK	GLID
5CB3	G-DCTR	GLID
5CB5	G-PHYZ	JAB4
5CB9	G-CFKD	XAIR
5CBE	G-DJAH	GLIM
5CC1	G-UCLU	GLID
5CC7	G-DBOL	GLID
5CD9	G-NICS	SKRA
5CDD	G-CFIC	DR10
5CE0	G-DHOP	RV9
5CE2	G-CZSC	CRUZ
5CE4	G-CFHP	C42
5CE5	G-DCWD	GLID
5CEB	G-CFGJ	SPIT
5CED	G-CFGX	EV97
5CF0	G-DCWT	GLID
5CF5	G-WINH	EV97
5D00	G-DCLO	GLID
5D03	G-CHVH	GLID
5D04	G-DCTX	GLID
5D07	G-DDNV	GLID
5D08	G-DCLM	GLID
5D09	G-DEVO	GLID
5D0B	G-RAEF	GLID
5D0F	G-EZDV	A319
5D11	G-EZDX	A319
5D19	G-DDMU	GLID
5D1E	G-REMH	B06
5D2C	G-GTOM	PNR3
5D2F	G-BFYW	GLID
5D30	G-CFIO	C172
5D33	G-CJFM	GLID
5D36	G-RFLY	E300
5D38	G-DCDA	GLID
5D3E	G-JMAL	JABI
5D3F	G-CFRZ	GLID
5D44	G-CFLG	CRUZ
5D4C	G-CFJG	SKRA
5D4D	G-MESH	CRUZ
5D4F	G-CFIH	SAPH
5D50	G-HOCA	R44
5D52	G-CFRP	GLID
5D54	G-ECMK	PA18
5D58	G-OCZA	CRUZ
5D59	G-CFKB	CRUZ
5D61	G-CFXB	GLID
5D62	G-JENK	C42
5D63	G-CFKW	PNR2
5D64	G-CFLO	MT
5D68	G-LDVO	EUPA
5D69	G-CFIU	CRUZ
5D6D	G-ZENY	CH60
5D6E	G-ZATG	DA42
5D6F	G-DOSB	DA42
5D72	G-DGDJ	GLID
5D76	G-DDMH	GLID
5D7B	G-CHWB	GLIM
5D7D	G-CJMS	GLID
5D7E	G-CKCM	GLID
5D87	G-DCZU	GLID
5D8B	G-CFJB	MT
5D8C	G-BPMM	CH7A
5D8D	G-CKSF	GLIM
5D8E	G-BWPO	BN2T
5D91	G-CFLL	EV97
5D94	G-NYNA	RV9
5D97	G-DFBY	GLIM
5D98	G-SPED	PNR3
5D9A	G-DOLI	SR20
5D9B	G-CKCP	GLID
5D9C	G-DECW	GLID
5DA1	G-HAGL	R44
5DA3	G-DTSM	EV97
5DB2	G-CFJO	DA40
5DB8	G-CFKE	XA85
5DC1	G-CKSL	GLID
5DC5	G-CKSM	GLIM
5DC9	G-CFLI	EUPA
5DCD	G-CFKA	MT
5DCE	G-IGHT	RV8
5DD0	G-CFKH	CH60
5DD1	G-IIHZ	CP23
5DDA	G-CFLD	C42
5DE0	G-DDSJ	GLID
5DE2	G-DDLM	GLID
5DE3	G-CJUB	GLIM
5DE4	G-CMWK	GLID
5DE5	G-CJGU	GLID
5DEB	G-DECS	GLID
5DF2	G-JHPC	C182
5E09	G-CJMA	GLID
5E0C	G-FEVS	GLID
5E10	G-TALN	A600
5E17	G-DCPU	GLID
5E18	G-JEJH	DR10
5E1E	G-CJPW	GLID
5E1F	G-CJON	GLID
5E22	G-DDSL	GLID
5E23	G-FDZR	B738
5E24	G-FDZS	B738
5E25	G-RRED	P28A
5E27	G-DDHW	GLIM
5E29	G-CHUE	GLID
5E31	G-CFKS	FDCT
5E34	G-DCFF	GLID
5E35	G-GMIB	DR40
5E38	G-FINT	J3
5E3B	G-OEKS	C42
5E40	G-OBUZ	RV6
5E47	G-DCSP	GLID
5E4A	G-DCNP	GLID
5E4D	G-DEGN	GLID
5E4F	G-CFTX	JAB2
5E52	G-DFHS	GLIM
5E56	G-IBUZ	CRUZ
5E58	G-IITC	CP23
5E5B	G-CFRJ	GLID
5E5C	G-REGC	CH60
5E5D	G-CFRT	EV97
5E60	G-NYNE	GLID
5E61	G-DFKH	GLID
5E62	G-CRAR	CRUZ
5E68	G-DEDG	GLID
5E6B	G-DEWZ	GLID
5E6D	G-LEZE	LGEZ
5E6E	G-SNAL	C182
5E74	G-TWSS	TWST
5E7B	G-IIGL	EAGL
5E7C	G-CKAC	GLID
5E7F	G-CFWH	GLID
5E82	G-CRJW	GLIM
5E8B	G-IENN	SR20
5E8E	G-CGCO	GLID
5E90	G-CFNF	R44
5E93	G-CKBC	GLID
5E94	G-KSHI	BT36
5E9C	G-CJML	GLID
5E9D	G-CFNO	SKRA
5EA0	G-UHGB	UH1
5EA7	G-HHDR	C182
5EAB	G-DTCP	P32R
5EAD	G-NMBS	GLID
5EB0	G-XRVB	RV8
5EB1	G-CJOV	GLID
5EB2	G-ENIO	PTS2
5EB3	G-CFTO	C42
5EB5	G-SPCZ	CRUZ
5EB8	G-DEVJ	GLID
5EBB	G-CJSV	GLID
5EC0	G-DDCW	GLID
5EC1	G-CFLN	SKRA
5EC2	G-FATE	F8L
5EC3	G-CFMC	RV9
5EC4	G-DOSC	DA42
5EC6	G-CHTJ	GLID
5ECB	G-OMRP	FDCT
5ED2	G-BOXH	PTS1
5ED6	G-TFAM	PA46
5ED7	G-PBIX	SPIT
5ED8	G-CFMP	EUPA
5EDF	G-SCSC	CRUZ
5EE0	G-EUYC	A320
5EE1	G-EUYD	A320
5EE2	G-MAVV	AAT3
5EE3	G-CJHW	GLID
5EE4	G-CFMI	SKRA
5EE9	G-CFMW	SF25
5EEA	G-MIRN	G3
5EEB	G-CFMX	P28A
5EEE	G-CFNV	CRUZ
5EEF	G-RCHE	C182
5EF2	G-LIST	E35L
5EF3	G-ECOJ	DH8D
5EF6	G-CHWG	GLID
5EFD	G-DOTY	RV7
5EFE	G-EFJD	B209
5F01	G-CYPM	SR22
5F05	G-SCCZ	CRUZ
5F11	G-EZTA	A320
5F12	G-EZTB	A320
5F13	G-EZTC	A320
5F15	G-IIOO	GLID
5F16	G-OHJE	PNR3
5F1B	G-DOIG	CRUZ
5F1D	G-SUFK	EC35
5F1E	G-CFPJ	CRUZ
5F20	G-EOID	AP22
5F26	G-IRPW	EUPA
5F27	G-WEAT	R44
5F28	G-CTLS	FDCT
5F30	G-CFNW	EV97
5F32	G-DHLE	B763
5F33	G-DHLG	B763
5F35	ZR325	A109
5F38	G-TEZZ	CRUZ
5F3D	G-SONX	SONX
5F47	G-CFPA	CRUZ
5F49	G-CFOW	SKRA
5F52	G-CFSB	SIRA
5F56	G-JADW	C42
5F5A	G-HITT	HURI
5F5C	G-LEEK	ESCP
5F5F	G-CKSY	GLID
5F61	G-MELL	CRUZ
5F63	G-BURR	AUS9
5F64	G-HOTA	EV97
5F66	G-CFRM	SKRA
5F67	G-FLYW	BE20
5F6E	G-LEGY	FDCT
5F6F	G-SCPI	CRUZ
5F70	G-ITAF	F260
5F76	G-CFUZ	CRUZ
5F7A	G-MXMX	PA46
5F81	G-GWAC	EC35
5F82	G-GIGZ	RV8
5F83	G-TOMX	MCR1
5F85	G-IASM	BE20
5F88	G-CFRN	MT
5F8A	G-RMPS	RV12
5F8C	G-CFUD	SKRA
5F96	G-OFIX	G109
5F9B	G-RUVE	RV8
5F9C	G-MENU	R44
5F9E	G-OMAO	TB20
5FA1	G-WWZZ	CRUZ
5FA2	G-CFSW	SKRA
5FA3	G-GRYN	CDUS
5FA4	G-XXRV	RV9
5FA6	G-CFTT	RV7
5FA8	G-ZSIX	GLIM
5FA9	G-CFUG	G109
5FAB	G-COSF	P28A
5FAC	G-CFTZ	EV97
5FB0	G-GORV	RV8
5FB1	G-MISJ	CRUZ
5FB2	G-CJEZ	GLID
5FB3	G-CFTI	EV97
5FB4	G-KRIB	R44
5FB7	G-HMHM	MT
5FBA	G-CFVJ	CA65
5FBD	G-CFSJ	JAB2
5FCC	G-REDF	AS65
5FD0	G-OSRL	LJ45
5FD2	G-IIRP	CP23
5FD5	G-ECOT	DH8D
5FDC	G-IMEL	RAF2
5FE0	G-CJUF	GLIM
5FE2	G-JBRS	RV8
5FE3	G-CFUA	RV9
5FE4	G-CFVK	SKRA
5FE9	G-XXEB	S76
5FEA	G-GULZ	EAGL
5FF2	G-FXCT	S92
5FF3	G-CFUE	PNR3
5FF8	G-ETPI	A109
5FFE	G-DDMN	GLID
6001	G-CWIS	DA40
6002	G-SRRA	SIRA
6004	G-HFLT	S76
6007	G-CFYD	AP22
600B	G-WASS	EC35
600D	G-EZFI	A319
600E	G-EZTD	A320
6010	G-EZTF	A320
6011	G-EZTG	A320
6012	G-EZTH	A320
6013	G-EZTI	A320
6014	G-EZTJ	A320
6015	G-EZTK	A320
6016	G-EZTM	A320
6017	G-EZTN	A320
6019	G-JAOC	SKRA
601A	G-VBPM	SR22
601B	G-CFUW	MT
601E	G-CFVG	MT
6022	G-CFWD	MT
6024	G-CGCH	CRUZ
6026	G-CKTB	GLIM
602D	G-GCDA	SR20
602F	G-WOOO	CRUZ
6031	G-HMCA	EV97
6035	G-CFVR	EUPA
603F	G-KUTI	FDCT
6042	G-DEED	GLID
604A	G-CGCV	XA85
604B	G-FLBA	DH8D
604C	G-CFXF	MM16
604D	G-GRVY	RV8
604E	G-HOWI	C182
6050	G-RYIX	SPIT
6052	G-SXIV	SPIT
6054	G-DJNE	GLIM
605B	G-OLEW	RV7
605C	G-EGGZ	SKRA
6060	G-CGEZ	XA85
6062	G-RIPA	P68
6063	G-CFWV	RV7
6066	G-CGAI	XA85
606E	G-IVIP	A109
6071	G-OGJC	R44
6073	G-DFDW	GLID
6078	G-CFXN	CRUZ
607A	G-CTNG	SR20
607F	G-CFXT	N3N
6086	G-LEDE	CH60
6088	G-MKEV	EV97
608C	G-CFYS	WT9
608F	G-EUNA	A318
6090	G-EUNB	A318
6091	G-EUYE	A320
6093	G-RAAF	SPIT
6094	G-CFZD	JAB4
60A0	G-SENS	EC35
60AC	G-CGEC	FDCT
60AD	G-CONA	FDCT
60AE	G-OSFB	DIMO
60BA	G-LSMB	F2TH
60BF	G-FITY	EUPA
60C0	G-STUN	TL20
60C3	G-CFOJ	EC55
60CA	G-CGEW	MT
60CC	G-MAHY	C182
60D3	G-CGKD	G115
60D4	G-CGKE	G115
60D6	G-CGKG	G115
60D7	G-CGKH	G115
60DA	G-CGKK	G115
60DB	G-CGKL	G115
60DD	G-CGKN	G115
60DF	G-CGKP	G115
60E0	G-CGKR	G115
60E1	G-CGKS	G115
60E3	G-CGKU	G115
60E5	G-CGKW	G115
60F2	G-ZTWO	FLIZ
60F8	G-KOCO	SR22
60F9	G-YROH	MT
60FB	G-CTAM	SR22
60FC	G-ETVS	PNR3
6100	G-DCPB	EC45
6101	G-OESC	A210
6105	G-MXPI	R44
6107	G-KEVK	FDCT
610D	G-CGAJ	PNR4
610E	G-FLBD	DH8D
610F	G-FLBE	DH8D
6112	G-SEBN	SKRA
6113	G-CGAK	ACR2
6114	G-SUEI	DA42
6115	G-CGDI	EV97
6116	G-CGFG	C152
6118	G-ZPPY	PA18
611A	G-DDEP	GLID
611C	G-SANT	GLIM
6124	G-SPTR	R44
6127	G-GCDB	SR20
6131	G-EZFO	A319
6133	G-EZFR	A319
6135	G-EZFT	A319
6137	G-NEBO	A109
6138	G-CGAO	DHC1
613B	G-CGBH	XA85
613C	G-WEFR	PNR2
613E	G-HAEF	EV97
613F	G-SSVB	SPIT
6141	G-CGBM	FDCT
6142	G-HLOB	C172
6148	G-CGDN	GLID
614A	G-RKAI	DA40
614C	G-TWRL	PTS1
614D	G-EVSL	EV97
614F	G-NFON	RV8
6150	G-CGDV	CRUZ
6156	G-CGCI	S92
6157	G-CGCE	MM16
6158	G-PTOO	B06
6159	G-CGCN	MCR1
615B	G-EUYF	A320
615C	G-EFVS	WA50
615D	G-YROP	MM16
615F	G-CFZX	MT
6162	G-CGDC	MT
616C	G-CMBC	C55B
616E	G-CGEJ	PNR2
616F	G-TTAT	SVNH
6170	G-TSKS	EV97
6176	G-HEOI	EC35
6178	G-JONL	CRUZ
617A	G-DAME	RV7
617B	G-CGEO	CRUZ
6182	G-ZZSI	EC25
6185	G-BHKT	D11
6188	G-CGGO	DR40
618A	G-CGEV	BU81
618B	G-RATD	RV8
6190	G-CGFH	C182
6191	G-TWLV	RV12
6192	G-PHAT	SR20
619A	G-EGLA	C172
61A0	G-JHDD	CRUZ
61A1	G-RXTV	A109
61A3	G-POWD	B763
61A4	G-KLAW	EAGL
61A6	G-GCFM	DA40
61AC	G-KJBS	CRUZ
61AF	G-DKTA	P28B
61BB	G-DEFS	GLID
61C2	G-OPYO	PNR3
61C5	G-ULUL	CDUS
61D0	G-OASA	FDCT
61D1	G-DDZW	GLID
61D7	G-LUON	GLIM
61D8	G-CGGD	AS65
61E2	G-KBOJ	MT
61E4	G-CPAO	EC35
61E5	G-JUGS	MT
61E9	G-CGGF	R44
61EA	G-CGGP	MT
61EC	G-CLES	GLIM
61F7	G-CGGM	EV97
61FA	G-SBDB	G3
61FC	G-CGLJ	TL20
61FE	G-CGGS	R44
61FF	G-WSMW	R44
6201	G-CGHL	MT
6205	G-STIN	TL20
6206	G-RSCU	A109
6207	G-PSNO	EC45
6208	G-HEMZ	A109
620A	G-CGML	TL20
620D	G-HMPS	CRUZ
620F	G-JARM	R44
6214	G-CGHK	PNR3
6215	G-OFSP	CRUZ
6216	G-CGGV	MT
621A	G-CGGW	MT
621B	G-STBA	B77W
621C	G-STBB	B77W
621D	G-STBC	B77W
6221	G-CGHS	GLIM
6222	G-LCYJ	E190
6225	G-DMPI	A109
6229	G-EZTR	A320
622B	G-EZTT	A320
622D	G-EZTV	A320
622F	G-EZTX	A320
6230	G-LCYK	E190
6231	G-LCYL	E190
6235	G-IIFM	EDGE
623A	G-PBAT	CRUZ
623C	G-OSZS	PTS2
623E	G-OMSA	FDCT
623F	G-CGJT	CRUZ
6242	G-CGJM	SKRA
6243	G-LUEK	C182
6245	G-JONT	SR22
6246	G-DDSG	GLID
6247	G-CGLK	MM16
6248	G-CGHD	C172
624C	G-CLEU	GLID
624E	G-EUYG	A320
624F	G-EUYH	A320
6250	G-EUYI	A320
6251	G-CGLF	MM16
6252	G-CGLM	MT
6254	G-CGID	PA31
6256	G-OCGC	DR40
6259	G-HAVI	EC30
625B	G-CGIX	MT
625C	G-YRRO	CDUS
6266	G-LEAX	C56X
626A	G-OJLD	RV7
626D	G-CGHW	CRUZ
626E	G-GKRC	C180
6270	G-ROKO	NG4
6271	G-CKZT	P28B
6275	G-KNSL	EC35
6279	G-LCYM	E190
627A	G-YROZ	CDUS
6280	G-CGLR	CRUZ
6283	G-CGIC	MT
6286	G-IROS	CDUS
6287	G-HAYY	CRUZ
6288	G-CGIP	CRUZ
6289	G-ISCD	CRUZ
628B	G-RVAT	RV8
628C	G-JOHA	SR20
628D	G-KASW	CDUS
628E	G-OTTY	CDUS
6291	G-CGIK	ISPT
6292	G-CGIL	CRUZ
6293	G-EJWI	FDCT
6294	G-DUDI	MT
6295	G-EMSA	CRUZ
6298	G-MOSA	MS31
629C	G-YYRO	MM16
629D	G-SAUO	C185
629F	G-CGIZ	FDCT
62A0	G-ENBW	DR40
62A2	G-NISH	RV8
62A6	G-PLAR	RV9
62A7	G-CGJC	MT
62AB	G-CGIR	G3
62B0	G-REAF	JAB4
62B3	G-DRCC	EV97
62B5	G-IROI	MT
62B6	G-XCRJ	RV9
62BA	G-CKSC	CRUZ
62BD	G-OTEC	SIRA
62BE	G-CGIY	J3
62BF	G-DAVM	CP10
62C1	G-CGLZ	TL20
62C2	G-CGJD	CDUS
62C5	G-FELD	MT
62C6	G-PULR	PTS2
62C7	G-JFLY	GLID
62CF	G-APRO	AUS6
62D1	G-KUIP	CRUZ
62D2	G-POLA	EC35
62D5	G-LSAK	B752
62D6	G-CGJL	CRUZ
62D7	G-RVEI	RV8
62D8	G-TVHB	EC35
62D9	G-CGLY	CDUS
62DB	G-MAKE	CDUS
62DC	G-CGJS	CRUZ
62DD	G-IGLI	GLIM
62DE	G-ELUE	P28A
62E0	G-OBOF	G3
62E2	G-CGJN	RV7
62E4	G-CGJP	RV10
62E5	G-LOOC	C172
62E6	G-CGJX	GAZL
62E7	G-RBIL	GAZL
62E9	G-CGKY	C182
62ED	G-POET	R44
62F3	G-CGMP	CRUZ
62F6	G-JDRD	PNR3
62F9	G-DDWZ	GLID
62FB	G-YROA	MT
62FC	G-JWNW	MM16
62FF	G-OTAY	P06T
6300	G-CIDT	GLIM
6301	G-THNG	JAB4
6304	G-CGLT	CRUZ
6305	G-CGMH	D150
6306	G-VVBO	B06
6307	G-CGLC	CRUZ
630A	G-MOGS	CRUZ
630D	G-DBTF	GLID
630E	G-PUNT	R44
6313	G-SHMN	PNR3
6316	G-TWTR	R44
6318	G-DFJO	GLIM
6319	G-EZFU	A319
631A	G-EZFV	A319
631B	G-EZFW	A319
631C	G-EZFX	A319
631D	G-EZFY	A319
631E	G-EZFZ	A319
631F	G-EZGA	A319
6320	G-EZGB	A319
6321	G-EZGC	A319
6326	G-JKEL	RV7
6327	G-SKAZ	AAT3
6329	G-CGPG	MT
632C	G-DBOD	C172
632D	G-NXOE	C172
632F	G-OCMS	EV97
6333	G-DGSC	CRUZ
633E	G-SWIG	R44
633F	G-GDFB	B733
6342	G-CGKZ	SKRA
6343	G-NWOI	EC35
6344	G-CGMD	CDUS
6346	G-CGLP	CRUZ
6348	G-CGLI	PNR2
634A	G-CGMM	CRUZ
634D	G-CGLN	JAB4
6354	G-RVNI	RV6
6357	G-CGMG	RV9
6358	G-CGOG	EV97
635D	G-GMCM	AS50
6361	G-DVOY	CRUZ
6369	G-UNES	RV6
636F	G-OESP	R44
6370	G-CGNE	R44
6371	G-CGMV	NG4
6376	G-CGMN	SKRA
6377	G-CGOS	P28A
6381	G-DGFD	R44
6383	G-TONE	PL4
6384	G-CGNG	CRUZ
638A	G-MIHD	A109
638B	G-HPWA	RV8
638F	G-TECI	SIRA
6390	G-CGNI	C42
6391	G-LHER	CRUZ
6392	G-NSKB	AP22
6393	G-PALI	CRUZ
6397	G-CJAP	C42
6398	G-MRVK	CRUZ
6399	G-OPAR	RV6
639A	G-CGNM	MM16
639D	G-CPAS	EC35
639F	G-WHYS	SVNH
63A1	G-SRZZ	SR22
63A2	G-YROR	MM24
63AB	G-CGNC	MT
63AF	G-DKEM	B407
63B0	G-CGPR	CRUZ
63B1	G-CJSA	CJ6
63B2	G-GIBP	Z26
63B3	G-OAWM	SR20
63B6	G-TMAX	EVSS
63BC	G-CZOS	SR20
63C3	G-LCYN	E190
63C9	G-CLFX	GLIM
63CA	G-CGNV	ESCP
63CC	G-CGNW	SF25
63CD	G-CGNX	MT
63CE	G-CGNZ	EUPA
63D2	G-CGOM	FDMC
63D4	G-WOWI	RV7
63D5	G-KUGG	GLIM
63DA	G-OOUK	SR22
63DB	G-HEWZ	H500
63DC	G-CGOJ	D11
63DD	G-RDFX	AAT3
63DE	G-EUYJ	A320
63DF	G-CGSJ	GLEX
63E0	G-DCDO	C42
63E2	G-CGOU	S76
63E3	G-OARS	C172
63E4	G-AKBO	MESS
63E5	G-SNSA	A139
63E6	G-VSXY	A333
63E7	G-VKSS	A333
63E9	G-JKKK	C172
63F1	G-ASCH	AUS6
63F4	G-STOD	SVNH
63F6	G-IIIK	E300
63F8	G-CGOX	XA85
63FA	G-TIFG	C42
63FC	G-CGPB	MM24
63FE	G-BADZ	PTS2
6407	G-CGPJ	DR40
6408	G-CIXB	G109
640F	G-CGRB	FDCT
6410	G-EZZE	CRUZ
6414	G-MAKK	AP22
6415	G-PACO	S76
6416	G-DCAM	AS55
6417	G-HUEZ	H500
6419	G-EHEM	EXPL
641A	G-LIBI	GLID
641B	G-EXIL	E300
641C	G-DANL	BE76
641D	G-VLUV	A333
641E	G-EXII	E300
641F	G-CGPL	SONX
6420	G-STZZ	TL20
6421	ZR283	A139
6424	G-CGTT	EV97
6425	G-ENEA	C182
6427	G-NIPS	NIPR
6428	G-CGPO	TL20
642C	G-IMPS	SKRA
642D	G-JONX	EFOX
6433	G-CGRZ	MM24
6436	G-RVIW	RV9
6437	G-EJBI	KL07
643A	G-EZTZ	A320
643B	G-EZTY	A320
643C	G-EZUA	A320
643D	G-EZUC	A320
6440	G-EZUF	A320
6441	G-EZUG	A320
6442	G-EZGE	A319
6443	G-EZGF	A319
6444	G-EZGG	A319
6445	G-EZGH	A319
6446	G-EZGI	A319
6447	G-JIIL	PTS2
6448	G-DHGS	R22
6449	G-FLIS	MM16
644A	G-GAST	RV8
644B	G-XSRF	EUPA
644F	G-CGSH	EV97
6466	G-CGSZ	GLIM
6467	G-CGRV	GLID
6469	G-RUCK	B06
646A	G-GBCC	C42
646C	G-NETT	C172
6471	G-FDZT	B738
6472	G-UPID	FB1A
6475	G-CNHB	RV7
647A	G-RVBI	RV8
6481	G-PMIZ	PTMS
6482	G-EJIM	GLID
6487	G-CGUY	CDUS
648D	G-KCWJ	GLIM
6496	G-MUDD	H500
6499	G-CGSD	MM16
649A	G-VZIM	HR20
649C	G-CGRY	MM24
649D	G-CGSG	C421
649E	G-WIKI	EUPA
649F	G-EUYK	A320
64A2	G-NLMB	CH60
64A4	G-FDZX	B738
64A7	G-CHBY	A139
64AA	G-DUFF	KR2
64AC	G-DZZY	BL8
64AD	G-DMBO	RV7
64AE	G-CGTM	C172
64B2	G-POTR	A109
64B3	G-CGSP	C152
64B6	G-TUGZ	DR40
64BB	G-GDFC	B738
64BC	G-FELM	P28A
64BD	G-CGTC	BN2T
64C2	G-CGTD	EV97
64C4	G-CGTE	BX2
64C5	G-RPPO	TRAL
64C6	G-FLKY	C172
64CD	G-MPAT	EV97
64D1	G-MILF	HROC
64D5	G-CLGL	GLID
64D9	G-COTH	EXPL
64DA	G-EFOX	EFOX
64DF	G-PLIP	DA40
64E2	G-CGSX	AP22
64EA	G-CGVG	FDCT
64EC	G-CGTF	MT
64EE	G-TRJB	BT36
64EF	G-CGVA	AP22
64F2	G-STIX	RV7
64F4	G-CGTK	MM24
64F5	G-YRAX	MM24
64F7	G-RVIZ	RV12
64FD	G-CGWE	EV97
6501	G-PLOP	MM24
6503	G-CGTL	PNR3
6506	G-CGWA	C42
6509	G-OFGC	AP22
650B	G-LCYO	E190
650D	G-CVET	FDCT
650E	G-EXLT	E300
6510	G-CGVZ	CH60
6515	G-CHCX	EC25
6516	G-TSHO	C42
6517	G-CGVB	BN2T
6519	G-JEMM	DR10
651B	G-GIPC	P32R
651C	G-CGUE	AP22
6522	G-ISBD	PNR3
6523	G-UMPY	EUPA
6525	G-LEMI	RV8
6526	G-MPHY	C42
6528	G-DXLT	GLIM
6529	G-CGUK	SPIT
652C	G-CGUU	SKRA
652E	G-CGUO	DH83
6531	G-EUYL	A320
6532	G-EUYM	A320
6533	G-RVGO	RV10
6534	G-CGVT	EV97
6535	G-KMFW	GLIM
6536	G-FFBG	C182
6539	G-EZGJ	A319
653A	G-EZGK	A319
653D	G-EZGN	A319
653E	G-EZGO	A319
6540	G-EZGR	A319
6542	G-EZUI	A320
6544	G-EZUK	A320
6545	G-CGWL	SKRA
654C	G-WCKM	SKRA
654E	G-CLGT	GLID
6550	G-DREI	DR1
6552	G-FELC	SR22
6554	G-CGWK	C42
6555	G-XVAX	P06T
655A	G-ZXLL	E300
655B	G-GDFD	B738
655E	G-HICU	GLID
655F	G-OAWL	A139
6560	G-SVNX	FA7X
6564	G-CGUW	SIRA
6565	G-CGVP	EV97
6566	G-CGTR	SKRA
656C	G-VYAK	Y18T
656D	G-OCDC	SKRA
656E	G-IGLL	MT
6572	G-CGWT	SKRA
6575	G-CGVC	P28A
6577	G-CGVE	XAIR
657A	G-CGWP	AP22
657E	G-CGYY	SVNH
657F	G-CGXB	GLAS
6580	G-CGVD	RV12
6581	G-CGWG	RV7
6582	G-CLGZ	GLIM
6585	G-OVIV	BREZ
6588	G-SIBK	BE36
658A	G-LCYP	E190
658C	G-PINO	MT
658E	G-OBZR	BREZ
6590	G-STBD	B77W
6591	G-STBE	B77W
6592	G-DVMI	RV7
6594	G-CJYW	GLID
6595	G-CJYV	GLID
6596	G-CGVJ	EUPA
659B	G-TTGV	B06
659C	G-JTJT	R44
659D	G-HMCD	C42
659E	G-HMCE	C42
65A2	G-CGVK	CDUS
65A3	G-ROOO	JAB4
65A4	G-NHAC	AS65
65AB	G-PAFF	MT
65AC	G-TPTP	R44
65AF	G-DIGA	R66
65B0	G-OATZ	RV12
65B1	G-CJBZ	GLID
65B2	G-SEHK	C182
65B4	G-CLGU	GLID
65B5	G-NIME	T206
65B6	G-CGVX	EUPA
65B7	G-TECT	P06T
65B8	G-CGWO	SIRA
65BA	G-IBSY	SPIT
65BD	G-CGWH	CRUZ
65CB	G-YTLY	COY2
65D1	G-CGYG	EFOX
65D3	G-NORK	B06
65D5	G-KGRP	A109
65DC	G-CGYB	EV97
65DE	G-STBF	B77W
65E1	G-MLXP	EUPA
65E9	G-HTFU	GA8
65EA	G-BRRA	SPIT
65EE	G-CGXI	C42
65F2	G-IIRI	XA41
65F4	G-EMOL	H269
65F6	G-OGGM	SR22
65FA	G-EJHH	GLID
65FC	G-KMKM	MT
65FD	G-CGXN	J3
6601	G-CGZG	MT
6604	G-FBJC	E170
6607	G-JPBA	RV6
6608	G-RDAY	RV9
660B	G-CGXP	G109
660C	G-FDZY	B738
660D	G-CGXR	RV9
660E	G-FDZZ	B738
660F	G-CGZI	TB21
6613	G-ECAM	ACR2
6614	G-AWEA	PUP
6615	G-JIMP	ME09
6617	G-CYRL	C182
661A	G-NEWB	A109
661D	G-TPWX	BU81
661E	G-JAFT	DA42
6621	G-FURZ	SKRA
6622	G-LISS	CDUS
6625	G-YRON	MM16
662B	G-DEHC	GLID
662F	G-RVER	RV4
6630	G-KAMY	T6
6632	G-CGYI	RV12
6633	G-PHCJ	VM1
6634	G-SYLV	C208
6636	G-CGXW	G109
6637	G-UIMB	G2CA
663D	G-SNSB	A139
663F	G-CGZM	MT
6640	G-CGXZ	MT
6641	G-CGZV	EUPA
6645	G-EXXL	CH60
6646	G-FXII	SPIT
664E	G-CGYH	MM24
6650	G-YCKF	F900
6653	G-CGYJ	SPIT
6654	G-JKRV	GLIM
6656	G-DMON	XA42
6659	G-CGYO	RV6
665A	G-CGYP	SKRA
665B	G-COBS	DA42
665C	G-MRSS	C42
665E	G-TAWC	B738
665F	G-TAWB	B738
6660	G-TAWA	B738
6661	G-EMPP	DA42
6662	G-EVIL	XA41
6663	G-CRSR	CRUZ
6666	G-EZUL	A320
6668	G-EZUN	A320
6669	G-EZUO	A320
666A	G-EZUP	A320
666B	G-EZUR	A320
666C	G-EZUS	A320
666D	G-EZUT	A320
6670	G-EZUW	A320
6673	G-EZUZ	A320
6674	G-EUYN	A320
6676	G-CGYV	RJ85
6678	G-MOVR	E300
667A	G-CGZY	EV97
667B	G-MUKY	RV8
667C	G-EMAC	R22
6682	G-ONIC	EVSS
6683	G-CGYW	S92
6684	G-CGYC	EFOX
6686	G-XASH	GLIM
6687	G-CHHI	RV7
6688	G-CGYX	CLON
668A	G-STMT	FA7X
668B	G-WPDA	EC35
668C	G-WPDB	EC35
6693	G-CGZE	MT
6695	G-CGZF	EV97
6696	G-TAWD	B738
6697	G-ELWK	RV12
66A1	G-UFOE	G115
66A3	G-KBWP	GLIM
66A8	G-RCUS	GLID
66A9	G-CGZP	P40
66AA	G-WALZ	SKRA
66AB	G-VRAY	A333
66AC	G-ONAA	V10
66B7	G-JIMC	RV7
66B9	G-GDFF	B738
66BC	G-CGZU	SPIT
66BE	G-AKDF	MESS
66C1	G-CGZW	SF25
66C2	G-RTRV	RV9
66C6	G-PAIG	G109
66C8	G-CHAJ	SR22
66CA	G-IIRV	RV7
66CC	G-NMCL	EFOX
66CE	G-TAWG	B738
66D0	G-TAWI	B738
66D2	G-PSNR	EC45
66D5	G-RRRZ	RV8
66D6	G-CUBA	P32R
66D8	G-FMBS	PTMS
66DB	G-WAPA	R44
66DE	G-KEMD	GAZL
66E5	G-KLNE	H25B
66E8	G-PTCC	P28T
66EC	G-CLJE	GLIM
66ED	G-SIIX	PA32
66F2	G-ROZE	MM24
66F3	G-CHDK	MM16
66F5	G-YROK	MM16
66F6	G-XBAL	SKRA
66FA	G-GDFG	B733
66FC	G-MPLA	C182
66FD	G-MPLB	C182
6703	G-PERD	A139
6713	G-AKPI	AUS5
6722	G-HACS	SIRA
6723	G-LBAC	EV97
6725	G-MGFC	EFOX
6726	G-PAPE	DA42
6727	G-MRLS	CDUS
672F	G-CMPC	T51
6735	G-LSAN	B752
6736	G-OPPO	TRAL
6737	G-CHID	EFOX
6738	G-CHFD	A109
673B	G-JOTR	RJ85
673C	G-CHFG	RV6
673D	G-OBSR	P68
6742	G-CHFL	SF25
674A	G-JOID	SR20
674D	G-FBSS	AP22
674E	G-JRVB	RV8
6751	G-DGPS	DA42
6752	G-EZWA	A320
6753	G-EZWB	A320
6754	G-EZWC	A320
6755	G-EZWD	A320
6756	G-EZWE	A320
675C	G-TIDY	SKRA
6763	G-RVNP	P68	A
6764	G-CHGY	GLID
6765	G-EVSW	EVSS
6767	G-INVN	FURY
676A	G-LCYR	E190
676B	G-FTAI	B752
676C	G-CHFZ	SKRA
676F	G-JMCM	B733
6774	G-MAOL	A109
6778	G-MPLC	C182
6779	G-MPLD	C182
677A	G-CHGE	EV97
6783	G-VLTT	DA42
6787	G-CHGI	BT36
678F	G-KHEA	SF25
6792	G-RVAH	RV7
6793	G-RVNP	P68	A
6796	G-CHLD	MT
6798	G-AWWO	DR10
679B	G-CHGM	TRAL
679C	G-SAZM	J3
67A3	G-DHLJ	B763
67A4	G-DHLK	B763
67A7	G-DLFN	L29
67AB	G-CHIJ	C42
67AE	G-OFRO	CP23
67AF	G-CHME	GLID
67B1	G-OPSG	EFOX
67B2	G-ETUG	EFOX
67B3	G-EMEE	S92
67B4	G-RVTW	RV12
67B7	G-CHHB	AP22
67B9	G-IBEN	RV7
67BC	G-MOLA	EV97
67BF	G-HEMN	EC35
67C4	G-GDFL	B733
67C6	G-CHHJ	EFOX
67CA	G-HEBO	BN2P
67CD	G-WPDC	EC35
67CE	G-WPDD	EC35
67D4	G-CHLZ	SKRA
67D6	G-VGBR	A333
67D7	G-CHIA	T6
67DE	G-DGKB	GLID
67E0	G-CHIT	MT
67E2	G-CLJZ	GLIM
67E3	G-IEEF	XA85
67E6	G-TDJN	T6
67E8	G-OMBE	BE23
67E9	G-CHIH	EFOX
67EA	G-ITAR	MM16
67EE	G-TAWK	B738
67F0	G-TAWM	B738
67F2	G-TAWO	B738
67F3	G-TAWP	B738
67F5	G-TUIA	B788
67F6	G-TUIB	B788
67F7	G-TUIC	B788
67F8	G-TUID	B788
67FC	G-CHSH	GLID
6802	G-GOHI	C208
6805	G-CHIG	G109
6806	G-NYKS	C182
6808	G-XDEA	DA42
6809	G-ZDEA	DA42
680E	G-CHJK	T206
680F	G-CHOO	C42
6810	G-CHJG	EV97
6812	G-OMCH	P28A
6814	G-VGEM	A333
6816	G-BUAR	SPIT
6817	G-SAMC	C42
6818	G-CHMR	E145
681F	G-KMBB	SF25
6821	G-ORCC	CDUS
6822	G-RPAX	BU33
6825	G-JEWL	RV7
6826	G-OPRM	CL60
6827	G-OSPH	C42
682B	G-PSCA	EC35
6831	G-UFOX	EFOX
6832	G-VWAG	A333
6833	G-CHOE	DR40
6834	G-DGBE	GLID
6837	G-IRED	C42
6839	G-JEBS	C172
683A	G-WNSI	S92
683C	G-IIDR	C42
683D	G-CMEW	WT9
683E	G-VUFO	A333
6841	G-WNSF	S92
6842	G-WNSG	S92
6843	G-CGDH	EUPA
6844	G-CHKF	G109
6845	G-RVWJ	RV9
6846	G-CHKG	SKRA
6848	G-UKAL	F406
6849	G-VFDS	RV8
684A	G-CHMD	GLID
684B	G-CHKH	GLID
684C	G-OWBA	PNR3
684D	G-CHOA	B06
684F	G-MFOX	EFOX
6854	G-CHKO	SKRA
6855	G-CHRM	C42
6858	G-VINB	A139
685A	G-CHPG	SR20
685E	G-DOBS	RV8
6861	G-ANKV	DH82
6862	G-DAYA	CL60
6863	G-FBJI	E170
6869	G-UMBY	H500
686A	G-FADF	PA18
686B	G-GAAL	C56X
686D	G-NTVE	AUS6
686F	G-YDEA	DA42
6870	G-PEEK	DA42
6871	G-ERKN	AS50
687C	G-CMDK	P51
687F	G-MAGN	MM24
6880	G-FOXO	EFOX
6883	G-IAGL	EC20
6884	G-EFCG	EFOX
6887	G-SAXL	GLIM
6888	G-SHLE	A109
688A	G-EUYO	A320
688B	G-XLEA	A388
688C	G-XLEB	A388
688D	G-XLEC	A388
688E	G-ZBJA	B788
688F	G-ZBJB	B788
6890	G-ZBJC	B788
6891	G-ZBJD	B788
6892	G-SMLI	TRAL
6893	G-TECA	SIRA
6894	G-JTHU	A109
6895	G-COLY	EFOX
6897	G-RIDB	B429
6899	G-CPII	CP23
689E	G-CHNI	MM24
68A1	G-CHSS	C42
68A2	G-EDZZ	C42
68A4	G-NIKS	EFOX
68A5	G-DGAL	C42
68A6	G-CLKG	GLID
68A7	G-PFKD	YK12
68AA	G-MCGB	S92
68B3	G-SHBA	C152
68BC	G-CHWM	CLON
68BE	G-OMRC	RV10
68BF	G-EGVA	P28R
68C8	G-CHNS	A139
68CA	G-ESET	EC30
68CB	G-GDFM	B733
68CD	G-MRVN	GLID
68CE	G-FLBY	C42
68CF	G-DAAN	EC35
68D0	G-CHOU	EV97
68D2	G-CLKK	GLIM
68D7	G-CHRV	RV7
68D8	G-LUKA	BE58
68DA	G-HMDX	EXPL
68E0	G-KGAW	SF25
68E1	G-ISSG	DHC6
68E2	G-ROPP	TRAL
68E8	G-NLDR	AS55
68E9	G-SPCY	E35L
68F0	G-JAGA	E55P
68F1	G-RARA	MT
68F4	G-CHTO	CRER
68F5	G-GDFP	B738
68F6	G-GDFR	B738
68F7	G-IASA	BE20
68FC	G-CHTI	RV12
68FE	G-NIPL	AS50
68FF	G-NEDS	SKRA
6900	G-GDFV	B738
6901	G-ILBT	C182
6904	G-KINL	WCAT
6906	G-PBWS	GLID
6908	G-DASG	GLID
6909	G-EZWH	A320
690A	G-EZWI	A320
690C	G-EZWK	A320
690D	G-EZWL	A320
6916	G-CHPS	SKRA
6917	G-KIRT	GLST
6921	G-CHRT	EV97
6922	G-CHRE	HN70
6926	G-MAUX	XA85
6927	G-MDMX	H500
692C	G-RWOD	RODS
692E	G-TTEN	TWEN
6930	G-CHTL	GLIM
6935	G-DADD	ESCP
6936	G-CVLN	CLON
693A	G-CHWN	C42
693F	G-RVNJ	P68
6942	G-SNSI	A139
6943	G-PSMS	EFOX
6947	G-STBG	B77W
6948	G-STBH	B77W
694A	G-WNSE	S92
694B	G-CHVY	C42
694C	G-IAHS	EV97
694E	G-CHST	RV9
694F	G-MACI	RV7
6950	G-FOXV	AP22
6955	G-OKTA	C42
6956	G-CHUC	FOX
6958	G-CIAM	P28A
6959	G-CHTH	CH70
695B	G-ZBAG	A321
695C	G-CJLX	GLID
695E	G-CIAZ	EFOX
6960	G-CIAI	GLIM
6968	G-SMAR	GLIM
696D	G-JODE	D150
6970	G-CHUP	EFOX
6973	G-DBNK	EC20
6974	G-MCLK	RV10
6975	G-TAAS	A109
697A	G-CIAK	TRAL
697B	G-EUYP	A320
697C	G-EUYR	A320
697D	G-ELVN	RV7
697E	G-MPLF	C182
697F	G-MPLE	C182
6980	G-TDJP	RV8
6986	G-CHXG	CRUZ
6987	G-ENAA	SPIT
6988	G-XFOX	EFOX
698C	G-RRRV	RV6
698D	G-ICLC	C150
698F	G-CHZS	CH60
6991	G-TRDS	G2CA
6993	G-CLLB	GLIM
6994	G-ZION	C177
6998	G-SACW	AAT3
6999	G-CIAW	C42
69A0	G-KEAY	MT
69A5	G-VINF	S92
69AB	G-NRFK	RV8
69B0	G-CIBC	EFOX
69B3	G-IPLY	C55B
69B4	G-CHXL	RV6
69B6	G-RATT	EFOX
69B7	G-NJPG	SKRA
69BC	G-CHYB	G109
69BE	G-TPPW	RV7
69BF	G-MRJC	CLON
69C6	G-CLLH	GLID
69C7	G-OTJT	GLID
69C9	G-YAKJ	Y18T
69CA	G-CICG	C42
69CB	G-LOWE	SRAI
69CD	G-OSVN	CLON
69CE	G-IRAK	TOBA
69CF	G-CICF	C42
69D0	G-CPPG	PNR4
69D5	G-CHYN	T6
69D6	G-RRVV	RV8
69D7	G-GCJH	WT9
69DC	G-CICC	C152
69E3	G-IIJI	XA42
69E6	G-SDRY	C25C
69E7	G-OSRA	B722
69E9	G-OWTN	E145
69EC	G-WJET	GLID
69ED	G-CIBL	CLON
69EF	G-ODSA	B429
69F4	G-CHYZ	FOX
69F9	G-ZIZY	TL20
69FA	G-CRZR	CRUZ
69FD	G-SUEO	DA40
6A00	G-ZASH	C42
6A01	G-JMCO	B733
6A02	G-EUYS	A320
6A03	G-XLED	A388
6A04	G-XLEE	A388
6A05	G-XLEF	A388
6A06	G-TRVR	RV7
6A0B	G-CHZL	CH60
6A0D	G-CIAC	DV20
6A0F	G-ETWO	G2CA
6A10	G-CIBH	RV8
6A13	G-CLLL	GLIM
6A14	G-WNSP	EC25
6A15	G-NATI	CJ1
6A1B	G-UCAN	SIRA
6A1C	G-CIAF	TL30
6A1E	G-MRLX	GLF5
6A20	G-HAHU	Y18T
6A21	G-JSKY	C42
6A23	G-JOZI	AS50
6A24	G-SHRD	AS50
6A27	G-ISLH	AT43
6A2C	G-VINI	S92
6A2D	G-VING	S92
6A2E	G-GMAD	B350
6A31	G-IZOB	EC20
6A34	G-STBI	B77W
6A35	G-STBJ	B77W
6A36	G-ZNSF	GLF5
6A38	G-VINA	AP22
6A39	G-BGEF	D11
6A3B	G-MUJD	RV12
6A3C	G-EOMI	HR20
6A3D	G-EUYT	A320
6A3E	G-EUYU	A320
6A40	G-TTUG	EFOX
6A41	G-EGSR	RV7
6A44	G-VETT	G2CA
6A4C	G-CIBF	EFOX
6A4E	G-BLXT	SE5A
6A4F	G-FBJJ	E170
6A51	G-UFCN	C152
6A58	G-CLLC	GLID
6A59	G-GDFS	B738
6A5A	G-TTOM	CH60
6A5B	G-CIBM	RV8
6A5C	G-COPP	GLID
6A60	G-KFCA	C42
6A61	G-YOLO	AP22
6A62	G-GDFX	B738
6A63	G-GDFW	B738
6A66	G-DLAF	NG5
6A6B	G-EEKK	C152
6A6C	G-CIDS	C42
6A6D	G-CIBU	JAB2
6A6E	G-CIBV	SKRA
6A70	G-CIBW	SCOU
6A71	G-REGZ	AP22
6A72	G-WTSN	RV8
6A73	G-MEGZ	C42
6A75	G-KTOW	C42
6A77	G-CIBZ	EFOX
6A79	G-CICH	S92
6A7A	G-CICJ	S92
6A7C	G-STEL	NG5
6A7F	G-RVOM	RV8
6A80	G-CICA	EUPA
6A82	G-CIDX	SONX
6A83	G-CIDC	Y18T
6A84	G-ICUT	M7
6A86	G-SNCA	PA34
6A87	G-CIFO	EFOX
6A89	G-CICU	XA85
6A8B	G-NYNJ	SKRA
6A8C	G-DVIP	A109
6A8F	G-TORO	SKRA
6A91	G-EZWP	A320
6A92	G-EZWR	A320
6A93	G-EZWS	A320
6A95	G-EZWU	A320
6A97	G-CICK	SPIT
6A98	G-OXFA	PA34
6A99	G-OXFB	PA34
6A9A	G-OXFC	PA34
6A9B	G-OXFD	PA34
6A9C	G-ZBJE	B788
6A9D	G-ZBJF	B788
6A9E	G-ZBJG	B788
6A9F	G-ZBJH	B788
6AA1	G-OMPH	RV7
6AA3	G-KFVG	GLIM
6AA7	G-OXFE	PA34
6AA8	G-OXFF	PA34
6AA9	G-OXFG	PA34
6AAA	G-IIHX	MIMU
6AAC	G-CIEE	C42
6AAD	G-CICM	CDUS
6AAF	G-CICN	B47G
6AB0	G-CICP	DHC2
6AB1	G-CICR	AUS9
6AB8	G-CLLX	GLIM
6ABA	G-CICV	MT
6ABE	G-ZTUG	EFOX
6ABF	G-OMAA	EC35
6AC0	G-CIFZ	C42
6AC2	G-JMCP	B733
6AC3	G-GDFY	B738
6AC4	G-GDFZ	B738
6AC5	G-MUZZ	A109
6AC6	G-CIEA	GLID
6AC7	G-GPSX	G115
6AC9	G-DJSM	AS50
6ACB	G-CIDF	MT
6ACC	G-XARA	CRUZ
6ACD	G-TBYD	XAIR
6AD0	G-FFMV	DA42
6AD1	G-OJER	C56X
6AD2	G-VSOZ	Y18T
6AD3	G-VOUS	C172
6AD5	G-SASF	SF25
6AD9	G-AREZ	D31
6ADA	G-GORD	DR40
6ADB	G-CLLY	GLID
6ADD	G-HLYA	A321
6ADE	G-HLYB	A321
6AE0	G-TCDG	A321
6AE2	G-EUYV	A320
6AE3	G-EUYW	A320
6AE4	G-CIEF	EFOX
6AE5	G-CRGD	PA34
6AE7	G-DFTF	GLID
6AE8	G-TAWS	B738
6AE9	G-TAWU	B738
6AEA	G-HCCF	RV8
6AEB	G-IILL	RV7
6AF1	G-OSGU	EFOX
6AF5	G-CIDI	E190
6AF6	G-MAXA	PA32
6AFB	G-CIGS	MT
6B02	G-CVBA	GLID
6B04	G-CLME	GLIM
6B05	G-STBL	B77W
6B0A	G-STBK	B77W
6B0C	G-MRGT	SKRA
6B0E	G-CIDW	EV97
6B11	G-CIDP	SONX
6B12	G-TUIE	B788
6B13	G-TUIF	B788
6B1B	G-JMCS	B734
6B1E	G-CIOS	EXPL
6B20	G-XLEG	A388
6B21	G-XLEH	A388
6B22	G-XLEI	A388
6B23	G-CIDZ	EV97
6B24	G-CIIM	C172
6B25	G-YROL	CLON
6B26	G-GPSR	G115
6B27	G-GPSI	G115
6B28	G-OOCP	TOBA
6B29	G-CIEB	MT
6B2C	G-ROOG	E300
6B2D	G-CIEC	SB20
6B2E	G-RDAS	C172
6B31	G-OSEM	R44
6B33	G-CIEH	EFOX
6B34	G-UDIX	GLIM
6B39	G-TERO	RV7
6B3D	G-NTPS	NG5
6B3E	G-VINK	S92
6B45	G-CIFA	EFOX
6B46	G-SCMG	C42
6B47	G-RIZK	GLID
6B48	G-VAHH	B789
6B49	G-VNEW	B789
6B4A	G-VOOH	B789
6B4B	G-REFO	GLF6
6B4D	G-NIAA	BE20
6B4E	G-CIEN	SASP
6B53	G-JMNN	BU31
6B54	G-JRSH	S22T
6B55	G-DCOE	RV6
6B58	G-GATH	A320
6B59	G-GATJ	A320
6B5A	G-GATK	A320
6B5B	G-GATL	A320
6B5C	G-GATM	A320
6B5F	G-DTFT	CRUZ
6B62	G-EUYX	A320
6B64	G-IIIY	ST75
6B65	G-CTSL	FDCT
6B66	G-ITOR	R44
6B67	G-TIPY	CRUZ
6B68	G-ANJK	DH82
6B69	G-CIHF	GLID
6B6B	G-CIJT	SKRA
6B6C	G-LCYS	E190
6B6D	G-LCYT	E190
6B70	G-CIFD	T51
6B71	G-EGLK	CRUZ
6B75	G-YPSI	AS50
6B76	G-SHRU	G2CA
6B79	G-VYGJ	A332
6B7B	G-CIHW	CLON
6B7D	G-KRWR	GLIM
6B7E	G-SUGR	E35L
6B80	G-GATN	A320
6B82	G-GATP	A320
6B83	G-GATR	A320
6B84	G-GATS	A320
6B85	G-DJBX	EFOX
6B86	G-TFSI	P51
6B87	G-RVSK	RV9
6B8A	G-CIEW	CLON
6B8C	G-CLMV	GLID
6B90	G-EZWX	A320
6B91	G-EZWY	A320
6B92	G-CIEX	GAZL
6B96	G-VARK	RV7
6B97	G-CIFN	C42
6B99	G-CIIT	SKRA
6B9A	G-OWPS	C42
6B9B	G-GGRV	RV8
6B9C	G-WNSD	S92
6B9F	G-RANN	B350
6BA1	G-SKFY	R44
6BA2	G-FOKX	EFOX
6BA7	G-CIFC	TOBA
6BB0	G-OTWS	GLIM
6BB1	G-PTFE	NG5
6BB3	G-PCCM	PNR2
6BB4	G-NSEY	E195
6BB7	SP-SPY	CRUZ
6BB9	G-EIAP	DR10
6BBB	G-EUYY	A320
6BBF	G-ICDP	C150
6BC1	G-PAPI	C42
6BC3	G-GWFT	COY2
6BC5	G-CIFK	XA85
6BC6	G-XXEC	A109
6BC7	G-CSHB	CRUZ
6BC9	G-CIFL	RV6
6BCA	G-CIJK	CH75
6BCE	G-IDYL	CLON
6BD4	G-PIPZ	NG5
6BD7	G-ROAT	R44
6BD9	G-ODGC	EFOX
6BDA	G-CIIC	PA18
6BDD	G-CJCH	GLIM
6BE0	G-CIGE	DHC1
6BE5	G-CIGH	BROU
6BE6	G-EPYW	P28A
6BE8	G-CLNG	GLID
6BE9	G-OHDK	GLID
6BEE	G-GTFB	MM24
6BEF	G-DSRV	RV7
6BF0	G-KIAU	SF25
6BF4	G-TRBN	GLID
6BF7	G-IHAR	C172
6BF8	G-CLMY	GLID
6BF9	G-DHAM	R44
6BFB	G-AHAO	J1
6C01	G-YRTE	A109
6C03	G-CIHE	JS41
6C09	G-OHAS	R66
6C0D	G-CIGW	NG5
6C10	G-SACN	SF25
6C14	G-SAEA	SPIT
6C17	G-IOOK	A109
6C1A	G-FOKZ	EFOX
6C1B	G-CNWL	EXPL
6C1D	G-DHYS	T51
6C20	G-EGSL	C152
6C23	G-NILT	EV97
6C24	G-NINJ	SKRA
6C26	G-RAYM	TB20
6C27	G-RMAR	R66
6C28	G-CIGZ	S92
6C29	G-CIJE	GLID
6C2A	G-SYES	R66
6C2B	G-NBOX	C42
6C31	G-JSPR	GLIM
6C32	G-CIHH	MT
6C38	G-RVEA	NG5
6C39	G-VWHO	B789
6C3A	G-VYUM	B789
6C3B	G-VZIG	B789
6C41	G-OTTS	C42
6C42	G-CIIN	C42
6C43	G-LCYU	E190
6C4C	G-CNEL	C152
6C4D	G-SINN	EV97
6C4E	G-CILS	GLID
6C4F	G-PWAL	EFOX
6C50	G-HMCF	EV97
6C54	G-JCIH	RV7
6C55	G-WNSL	S92
6C56	G-WVEN	E200
6C5D	G-OSRB	B722
6C60	G-LSCW	GLF5
6C63	G-JVET	EFOX
6C65	G-JWMA	METR
6C6A	G-CIIL	NG5
6C6B	G-BKKP	C182
6C6C	G-CIIK	YK55
6C70	G-BLXS	AS32
6C71	G-EZOA	A320
6C72	G-EZWZ	A320
6C73	G-KFBA	TFUN
6C74	G-DAKA	P28B
6C75	G-DFUF	GLID
6C76	G-JMCU	B733
6C78	G-CILA	EFOX
6C79	G-MCGE	S92
6C7B	G-CIKT	EV97
6C7C	G-CILL	NG5
6C7E	G-FOOT	R44
6C80	G-JZHB	B738
6C81	G-JZHC	B738
6C82	G-MCGF	S92
6C83	G-CIJC	S92
6C84	G-CILG	RV7
6C86	G-CIIR	C150
6C88	G-CXTE	NG5
6C89	G-EFAO	CP30
6C8D	G-CILT	C42
6C8E	G-MCGG	S92
6C91	G-SGFE	XL2
6C92	G-ALAH	MESS
6C93	G-CIIW	J3
6C94	G-MRVP	RV6
6C95	G-CILY	C42
6C96	G-GIAS	C42
6C98	G-DAFC	NG5
6C99	G-ELKE	SR20
6C9A	G-CIJF	GLIM
6C9B	G-IIYY	C421
6CA0	G-HEMC	EC45
6CA1	G-TOPP	RV10
6CA2	G-HKCC	R66
6CA3	G-POWK	A320
6CA6	G-HYUK	BN2P
6CAA	G-GDFU	B738
6CAB	G-JZHA	B738
6CAC	G-FLYO	EV97
6CAD	G-UUUU	C42
6CAE	G-ORIB	EFOX
6CB0	G-CIJN	ST75
6CB2	G-GDIA	C152
6CB3	G-OTME	ME08
6CB4	G-CIMS	EFOX
6CB5	G-HCEN	G2CA
6CB8	G-CIJS	C152
6CBA	G-CIKR	SKRA
6CBB	G-KIMI	P46T
6CBC	G-WLTS	B429
6CBD	G-GVSL	EV97
6CBE	G-CIJU	C177
6CC3	G-CIJX	A139
6CCA	G-CIKP	RV8
6CCB	G-CIJZ	CH75
6CCD	G-LARD	R66
6CD1	G-EZOE	A320
6CD2	G-EZOF	A320
6CD6	G-CIKX	R66
6CD7	G-EGCA	COY2
6CDA	G-YROD	MM24
6CDB	G-ETPM	DA42
6CDC	G-SASS	EC45
6CDD	G-POWM	A320
6CDE	G-CIKE	AP22
6CE3	G-JRBC	P28A
6CE4	G-CIMV	TRAL
6CE5	G-JSFC	P208
6CE6	G-CIKM	DA42
6CE9	G-CINM	G109
6CEA	G-BVSG	BN2P
6CEB	G-GALI	A109
6CF2	G-HWKW	H500
6CF9	G-DMPL	RV7
6CFA	G-CLOG	GLID
6CFB	G-CIKG	CDUS
6CFD	G-CINO	G109
6CFE	G-RMAV	C42
6CFF	G-CIKH	EFOX
6D00	G-CIMX	SCOU
6D06	G-OBAD	EV97
6D0C	G-CIKO	A139
6D0D	G-CIKS	RF6
6D10	G-SNSE	A139
6D11	G-CLOL	GLID
6D13	G-CINA	C152
6D15	G-ILEW	GLIM
6D18	G-CMTO	C25M
6D1A	G-XLEJ	A388
6D20	G-OZZT	S22T
6D21	G-MCGM	A189
6D22	G-CIKY	FOX
6D26	G-VYGK	A332
6D27	G-VYGL	A332
6D2A	G-FLYJ	EV97
6D2B	G-BDGY	P28A
6D2C	G-MCGH	S92
6D2D	G-MCGI	S92
6D2E	G-CINC	SKAR
6D30	G-CILB	GLID
6D32	G-DAMS	SKRA
6D34	G-WSTO	AS55
6D36	G-YCMI	SONX
6D41	G-HOON	PTS1
6D42	G-ARDZ	D140
6D43	G-COXI	XA42
6D44	G-CLOO	GLID
6D47	G-CLON	GLID
6D48	G-MATW	C182
6D4C	G-VCRU	B789
6D4D	G-VSPY	B789
6D4E	G-LCYV	E190
6D50	G-CIMP	SF25
6D52	G-OLEG	YAK3
6D55	G-YETI	EUPA
6D56	G-JLSP	E300
6D59	G-SCCA	C510
6D5B	G-CIOO	RV7
6D5E	G-CIPP	CDUS
6D63	G-CINX	RV7
6D65	G-DLOT	GLID
6D67	G-OLEC	GLID
6D68	G-SASN	EC45
6D6A	G-IFIK	C421
6D6C	G-IDMG	R44
6D6D	G-ISAC	ISPT
6D6E	G-AHUJ	MAGI
6D6F	G-TUIH	B788
6D70	G-TUII	B788
6D71	G-TKHE	P28U
6D72	G-SAWG	SF25
6D74	G-SARP	C82R
6D77	G-ZBKA	B789
6D78	G-ZBKB	B789
6D79	G-ZBKC	B789
6D7A	G-ZBKD	B789
6D7B	G-ZBKE	B789
6D7C	G-CIPS	EFOX
6D7E	G-CINI	CRER
6D7F	G-CPLH	G2CA
6D80	G-CIPL	RV9
6D83	G-CILU	G2CA
6D86	G-PLJR	CAMP
6D87	G-FCTK	DH82
6D88	G-GMGH	R66
6D89	G-GTNA	R66
6D8D	G-EZOH	A320
6D8E	G-EZOI	A320
6D90	G-EZOK	A320
6D92	G-EZOM	A320
6D95	G-EZOP	A320
6D99	G-PRPC	DH8D
6D9E	G-ARAP	CH7A
6D9F	G-PCPC	CDUS
6DA1	G-CIMB	C177
6DA2	G-ARXN	NIPR
6DA3	G-CIMD	PNR4
6DA7	G-CIPO	C42
6DA8	G-JDOG	O1
6DAA	G-SPRK	RV4
6DAB	G-SPRX	RV4
6DAD	G-CIMT	CLON
6DB0	G-FIBT	R44
6DB1	G-CINK	G109
6DB2	G-HRDB	A109
6DB4	G-REYE	R44
6DB6	G-UFCO	C152
6DB7	G-MCAZ	R44
6DB9	G-CIML	EFOX
6DBB	G-TERD	CH75
6DBC	G-CIOZ	C42
6DBD	G-FPEH	G2CA
6DBF	G-SNUG	SKRA
6DC2	G-CIRV	RV7
6DC6	G-CIPG	NG5
6DCD	G-CIMU	A139
6DCE	G-LMRD	AT45
6DD0	G-CIMY	SAVA
6DD1	G-KISP	GLID
6DDA	G-KXMS	GLIM
6DDB	G-MCGJ	S92
6DDC	G-MCGK	S92
6DDF	G-OOPY	CRUZ
6DE3	G-CINL	SKRA
6DE4	G-WNSR	S92
6DE5	G-MCGO	A149
6DE6	G-MCGP	A189
6DE7	G-MCGR	A189
6DE8	G-MCGS	A189
6DE9	G-MCGT	A189
6DEA	G-MCGU	A189
6DEB	G-MCGV	A189
6DEC	G-MCGW	A189
6DED	G-MCGX	A189
6DEF	G-GEJS	E300
6DF4	G-HIAL	DHC6
6DF5	G-SGTS	DHC6
6DF8	G-CINV	AP22
6DFA	G-GLSA	EV97
6DFD	G-HOTC	MT
6DFE	G-CIOA	RBEL
6E01	G-JBRD	M20T
6E02	G-HELL	SONX
6E06	G-TSFC	P208
6E08	G-CWDW	C182
6E0E	G-CIOF	EFOX
6E0F	G-VBZZ	B789
6E10	G-VDIA	B789
6E11	G-VOWS	B789
6E12	G-DFOV	GLID
6E15	G-STDO	NG5
6E18	G-CISS	C42
6E1A	G-RAPL	GLIM
6E1B	G-WPDE	EC35
6E21	G-JMBJ	MM24
6E23	G-ICEJ	G2CA
6E24	G-XFTF	NG5
6E25	G-DCII	A139
6E26	G-KINT	SF25
6E2D	G-CLOV	GLID
6E2E	G-JZHD	B738
6E2F	G-MAMM	C42
6E32	G-CIPR	SKRA
6E33	G-EVAA	CLON
6E36	G-CIOR	HN70
6E37	G-CIOK	SKRA
6E39	G-CIOM	MM24
6E3C	G-CITM	MM16
6E3F	G-EFFH	T210
6E45	G-OZON	P32R
6E48	G-BLNI	BN2P
6E49	G-CITE	GLID
6E4D	G-CIRH	MM16
6E51	G-ZOOB	P208
6E52	G-VINP	S92
6E53	G-ONIK	EFOX
6E57	G-CIRK	GLID
6E58	G-CIRW	C150
6E5A	G-IWFC	A109
6E5E	G-ILLZ	EUPA
6E5F	G-GODV	CP23
6E60	G-CIOY	BT36
6E62	G-GGRN	P28R
6E65	G-EZOT	A320
6E66	G-EZOU	A320
6E69	G-EZOX	A320
6E6D	G-ORSE	C42
6E75	G-CIRB	EV97
6E76	G-CIPE	ST75
6E77	G-SDTL	G2CA
6E7B	G-CIRT	MT
6E7D	G-ORDA	C172
6E7F	G-HFZA	D228
6E80	G-CISE	PULS
6E81	G-CITH	COY2
6E83	G-TIPP	AP22
6E89	G-CIPJ	DH83
6E8C	G-SACP	AAT3
6E8D	G-RVDC	RV8
6E8E	G-NELS	R44
6E8F	G-OMCB	TL20
6E90	G-CITX	MT
6E91	G-CIPN	R22
6E92	G-CIPY	C152
6E94	G-CIPT	NG5
6E96	G-NEWA	COY2
6E97	G-DHHF	T6
6E98	G-ELXE	C182
6E9B	G-GOXC	GLID
6E9D	G-PNGB	P68
6E9F	G-VYGM	A332
6EA0	G-CIRY	EV97
6EA1	G-CIPW	A139
6EA2	G-CIPX	A139
6EA4	G-GAXC	HR20
6EA9	G-CISG	C42
6EAA	G-CIWT	C42
6EAB	G-SJEF	CLON
6EAC	G-CITF	EV97
6EAD	G-RVTB	RV7
6EAE	G-LOTE	P28A
6EAF	G-OJDB	AS50
6EB0	G-CIRJ	E300
6EB1	G-RCMP	P28U
6EB2	G-FOXW	EFOX
6EB3	G-JKEE	DA42
6EB5	G-KAYD	ST75
6EB6	G-TZED	TOBA
6EB7	G-HUXY	C152
6EB8	G-JETV	GLID
6EB9	G-CITV	CLON
6EBB	G-SPCM	M20T
6EBD	G-CIRM	RV12
6EC1	G-HCBW	F8L
6EC5	G-HIOW	EC35
6EC6	G-CIRP	EFOX
6EC7	G-XLEL	A388
6EC9	G-XLEK	A388
6ECB	G-CIRZ	C42
6ECC	G-VFAN	B789
6ECD	G-VMAP	B789
6ED0	G-MOSH	P28R
6ED3	G-RWCA	PA18
6ED7	G-CLSJ	GLID
6EDB	G-CISK	E145
6EE1	G-MCVE	C42
6EE5	G-GDAC	AA5
6EE7	G-MCGY	S92
6EEB	G-CISX	C172
6EEE	G-GLAA	EC35
6EEF	G-HATB	MT
6EF1	G-CISZ	RV7
6EF2	G-LNDN	EXPL
6EF3	G-CIWA	SKRA
6EF4	G-CITD	RF5
6EF5	G-CITG	SKRA
6EF7	G-VCUB	PA18
6EFC	G-LLOO	TB20
6EFF	G-KIAN	P28R
6F02	G-CIWG	EFOX
6F03	G-CITP	AA1
6F04	G-PPLS	C152
6F05	G-CIWI	EV97
6F07	G-ULCC	GLID
6F08	G-CITW	E400
6F11	G-EGTF	EV97
6F12	G-LINZ	R44
6F15	G-OFDR	P28A
6F1A	G-MAXD	R44
6F1D	G-YFOX	F2TH
6F1F	G-NDJS	GLID
6F22	G-FOXU	EFOX
6F23	G-CIXS	CH70
6F24	G-XCID	SB91
6F27	G-JUFS	TAMP
6F28	G-THYA	C172
6F2A	G-CMKL	RV12
6F2B	G-RESU	EC45
6F2C	G-CIWC	XA85
6F2D	G-MCGZ	S92
6F2E	G-RBEK	F2TH
6F2F	G-CLRA	GLID
6F33	G-GCVV	SR22
6F34	G-FEGN	P28B
6F35	G-CIWB	RV6
6F36	G-OFES	GLID
6F38	G-DAGN	C42
6F39	G-PATJ	C42
6F3B	G-TUIJ	B789
6F3C	G-KARE	PC12
6F3E	G-NHAD	AS65
6F42	G-BIIO	BN2T
6F43	G-EMHE	A109
6F44	G-TREB	C182
6F47	G-CIUE	BU31
6F48	G-IMBO	D250
6F4A	G-WINO	EFOX
6F4C	G-TGLG	CDUS
6F4E	G-SAAR	A189
6F4F	G-FSAR	A189
6F50	GZ100	A109
6F51	G-CIUH	C152
6F52	G-HPIN	B429
6F53	G-COVC	P28A
6F56	G-CIUI	SKRA
6F59	G-HEVR	C42
6F5A	G-CMXZ	C42
6F5B	G-CIWP	C42
6F5C	G-EEKI	GLIM
6F5E	G-LXWD	C56X
6F5F	G-TCXC	A332
6F61	G-CIUM	PA12
6F63	G-IIDD	RV8
6F65	G-KSST	A169
6F66	G-YROG	MM24
6F69	G-LXVI	GLIM
6F6A	G-WECG	AS55
6F72	G-ZBKF	B789
6F73	G-ZBKG	B789
6F74	G-ZBKH	B789
6F75	G-ZBKI	B789
6F76	G-ZBKJ	B789
6F77	G-ZBKK	B789
6F78	G-ZBKL	B789
6F79	G-ZBKM	B789
6F7A	G-ZBKN	B789
6F7B	G-ZBKO	B789
6F7C	G-ZBKP	B789
6F7D	G-GSVI	GLF6
6F82	G-CIZO	P28A
6F85	G-NWFX	C152
6F86	G-JZHE	B738
6F87	G-JZHF	B738
6F8A	G-CLRC	GLID
6F8B	G-MCGL	S92
6F8D	G-OODD	R44
6F8E	G-CIXH	GLIM
6F90	G-PYAK	Y18T
6F92	G-CIYP	EFOX
6F93	G-EROE	A504
6F96	G-EFSD	EFOX
6F97	G-NFOX	EFOX
6F98	G-ODIP	HUSK
6F99	G-CLRF	GLIM
6F9A	G-PRPE	DH8D
6F9B	G-PRPF	DH8D
6F9C	G-LGIS	D228
6F9D	G-DSJT	C182
6F9F	G-OAUR	D228
6FA1	G-FLOE	R66
6FA3	G-FICH	G2CA
6FA5	G-CIUW	T6
6FA7	G-GAID	C182
6FA9	G-VNER	A109
6FAB	G-CIXX	CLON
6FAC	G-MOOD	C42
6FAD	G-EXCC	PA11
6FAF	G-CIUY	B06
6FB1	G-FSBW	EFOX
6FB2	G-PTEK	RV9
6FB5	G-PRBB	GLID
6FB6	G-RDDM	C182
6FB7	G-IISC	E300
6FBC	G-TIMO	EC20
6FBD	G-TSDA	A210
6FBE	G-TSDB	A210
6FBF	G-EGEN	CP30
6FC0	G-CJAM	C42
6FC2	G-CJBA	GLID
6FC5	G-KMIR	GLIM
6FC6	G-CIZR	RV9
6FC9	G-CIWF	EC25
6FCC	G-TSDE	A210
6FCD	G-TSDC	A210
6FCF	G-SPVI	TB20
6FD0	G-FIDO	SKRA
6FD2	G-EVMK	DHC2
6FD3	G-MSCL	CLON
6FD8	G-EZPB	A320
6FDA	G-EZPD	A320
6FDB	G-EZPE	A320
6FDD	G-OTZZ	CLON
6FDE	G-CJAF	C182
6FDF	G-ODAL	PA24
6FE1	G-CIWO	AS50
6FE5	G-GPWE	C42
6FE6	G-CJBE	C42
6FE9	G-CIWU	H500
6FEA	G-CIWV	RV7
6FEB	G-ENSX	R44
6FED	G-IHHI	E300
6FF0	G-CIZG	R66
6FF5	G-CIXY	C42
6FFE	G-AVAV	SPIT
7002	G-CIXM	SASP
7005	G-CIZB	MM24
7008	G-CIXE	Z26
7009	G-UKCS	PA31
700A	G-POWN	A321
7011	G-CJDW	MM16
7014	G-CIYO	TRAL
7015	G-GOMS	R66
7016	G-CJAK	SKRA
7017	G-DGRE	G2CA
7019	G-RVHD	RV7
701A	G-DLRL	GLID
7021	G-CIYN	SKRA
7022	G-GATU	A320
7024	G-OVPM	EUPA
7026	G-ZAST	HUSK
702D	G-CIXP	C152
702E	G-JZHH	B738
7030	G-CJBU	NG5
7031	G-JZHG	B738
7032	G-OGTC	G2CA
703B	G-JWDW	C42
7041	G-CORY	G2CA
7042	G-RTKT	R44
7044	G-OXIV	RV14
7045	G-LOYW	EC45
7046	G-WYDN	EC45
7047	G-HSDL	GAZL
704C	G-LAUD	C208
704E	G-GSGS	GLID
7053	G-GYRA	CDUS
7054	G-CIZS	NIPR
7055	G-GFZG	P28A
7059	G-CIYL	EFOX
705B	G-BMFN	QUIC
705D	G-GMOX	C152
705E	G-JMCY	B734
705F	G-NJOY	P28A
7060	G-CLPX	GLID
7063	G-CODA	H500
7066	G-DISP	CDUS
7067	G-UZZI	COL4
706B	G-JSRK	GLID
706E	G-LITO	A109
7070	G-CJDA	C42
7071	G-STFO	TL20
7072	G-DIGZ	H500
7073	G-IDTO	P28U
7074	G-JANF	NG5
7076	G-DFDO	EV97
7078	G-FION	T51
707C	G-EENO	T210
707D	G-DAYF	A109
707E	G-CPLG	CLON
707F	G-CIYV	RV9
7080	G-LIKY	HUSK
7081	G-PIFZ	A109
7083	G-POLS	EC35
7084	G-WTFH	RV6
7088	G-ONVG	G2CA
708A	G-EHZT	Z26
708C	G-XERK	RV7
708E	G-GREC	F8L
7090	G-ZGAB	NG5
7092	G-DANP	RV7
7096	G-HOWD	MM24
7097	G-SNGZ	SLG2
7098	G-BRCD	C152
7099	G-CIZU	EV97
709D	G-LNAC	A169
709E	G-RFCA	P208
709F	G-OEDY	NG5
70A2	G-SAPI	P28A
70AB	G-CJBI	EFOX
70AD	G-CLSH	GLID
70B0	G-CJCO	C42
70B3	G-EDGK	C82R
70B4	G-CJBV	YK52
70B5	G-GBHB	TOBA
70B8	G-CLSO	GLIM
70BE	G-HOUR	BROU
70C1	G-CLSR	GLID
70C4	G-KMJK	GLIM
70C9	G-EZPP	A320
70CD	G-CJPE	SKRA
70D5	G-OYGC	EFOX
70D6	G-CJEJ	SKRA
70D7	G-ROVA	HUSK
70D9	G-CJEK	G2CA
70DB	G-CJGT	GLID
70DC	G-ERBE	C10T
70DE	G-OTPL	PC12
70DF	G-PIVI	PIVI
70E0	G-CIYS	AS50
70E1	G-JZHM	B738
70E2	G-JZHN	B738
70E3	G-JZHO	B738
70E4	G-JZHP	B738
70E5	G-JZHR	B738
70E6	G-JZHS	B738
70E7	G-JZHT	B738
70E8	G-JZHU	B738
70E9	G-JZHV	B738
70EA	G-JZHW	B738
70EB	G-JZHX	B738
70EC	G-JZHY	B738
70ED	G-JZHZ	B738
70EE	G-JZHJ	B738
70EF	G-JZHK	B738
70F0	G-JZHL	B738
70F2	G-OLIC	P208
70F4	G-GBAS	DA62
70F8	G-WNST	S92
70F9	G-WNSU	S92
70FD	G-MCSB	S92
70FF	G-VINT	S92
7100	G-CJFD	AS50
7103	G-DAZO	DV20
7106	G-OLPE	AS50
7108	G-CJRS	NG5
710A	G-NSKY	PNR4
710D	G-WADD	EC20
710E	G-PRPI	DH8D
710F	G-SAJM	DA42
7110	G-OSPP	R44
7113	G-PODD	R66
7115	G-CJDL	GLID
7116	G-RVLW	F406
7117	G-RVLX	F406
7118	G-RVLY	F406
7119	G-FAEJ	C182
711B	G-SMSM	F2TH
711E	G-MIAN	SKRA
711F	G-TXTV	A109
7120	G-SACL	P06T
7124	G-JWRN	R44
7126	G-BIGB	B212
7127	G-TBUC	EC55
712A	G-KENC	C42
712B	G-SRBM	B350
7130	G-RECW	P28A
7131	G-VBOW	B789
7132	G-CJOT	C42
7133	G-KLNH	A109
7134	G-CJOY	CH60
7135	G-LOUS	EV97
7138	G-CJGP	BREZ
713C	G-CJHT	EFOX
713E	G-LLLY	EN48
7140	G-ANOK	SB91
7143	G-PECX	EFOX
7145	G-HYND	R44
7147	G-TRON	R66
714A	G-IRAY	SKRA
714D	G-LDSA	SLG4
714E	G-OREZ	C25M
714F	G-DRDR	S22T
7150	G-CJHF	EFOX
7151	G-USHA	LJ75
7152	G-DSAA	A169
7153	G-NICX	EUPA
7154	G-MCSD	A139
7155	G-MCSC	A139
7156	G-THYB	C172
715E	G-CLSW	GLID
715F	G-SMLE	R44
7160	G-RJVH	G2CA
7161	G-CJIB	GLID
7162	G-LLNT	GLID
7163	G-CJIC	RV12
7165	G-WILN	P06T
716D	G-DFXE	GLID
7170	G-CJJA	EV97
7171	G-ZNTH	LJ75
7173	G-NEVE	C42
7174	G-WHPG	C42
7175	G-CJIT	C42
7176	G-JZBI	B738
7177	G-JZBJ	B738
7178	G-JZBK	B738
7179	G-JZBL	B738
717A	G-JZBM	B738
717B	G-JZBN	B738
717C	G-JZBH	B738
717D	G-JZBA	B738
717E	G-JZBB	B738
717F	G-JZBC	B738
7180	G-JZBD	B738
7181	G-JZBE	B738
7182	G-JZBF	B738
7183	G-JZBG	B738
7185	G-HNPN	E55P
7186	G-BKCJ	BLKS
7187	G-CLTA	GLID
7189	G-UKRV	RV7
718B	G-CJIN	ST75
718C	G-CJOK	GLID
718D	G-HUMM	B407
718F	G-CJIO	COY2
7191	G-DAYO	BE36
7193	G-COGS	B407
7194	G-CJSM	RV8
7195	G-OZIP	EAGL
7198	G-CLSY	GLID
719B	G-KJTT	C182
719C	G-JBBB	EC20
719D	G-UPIZ	NG5
719E	G-CJJN	HR10
719F	G-CJVK	SKRA
71A2	G-WNSV	S92
71A4	G-DVTA	T206
71A5	G-CLTD	GLID
71A9	G-WROL	EC45
71AA	G-WENU	EC45
71AB	G-WOBR	EC45
71AC	G-ISLK	AT75
71AD	G-DPER	GLID
71AF	G-HSVI	C172
71B0	G-ELSB	DR40
71B9	G-PRPH	DH8D
71BA	G-PRPG	DH8D
71BB	G-IRTY	SPIT
71BD	G-CJTA	MT
71BE	G-FEST	AS50
71C1	G-CJMF	NG5
71C3	G-OJSD	EFOX
71C6	G-HLCM	A109
71C7	G-CLBA	B744
71C8	G-TIBS	TB20
71C9	G-CMCL	A169
71CE	G-JMCK	B734
71CF	G-CJJV	RV12
71D0	G-EMEK	EC75
71D1	G-MCSF	EC75
71D3	G-SPWP	SR22
71D5	G-CLTG	GLID
71D7	G-EZPV	A320
71D9	G-EZPX	A320
71DE	G-EZRD	A320
71E1	G-MKHB	EFOX
71E2	G-IDRS	RV8
71E5	G-ROON	S76
71E6	G-CLAL	C42
71E8	G-LENZ	SR20
71EA	G-CJRZ	C42
71EC	G-RIFD	GLID
71ED	G-KWFL	EV97
71EE	G-LOUD	GLID
71EF	G-MLAP	A169
71F0	G-CMNK	DHC1
71F1	G-MARL	CDUS
71F8	G-DVOR	DA62
71FA	G-CJLI	P28A
71FB	G-CJOL	EFOX
7204	G-TAAT	PA32
7205	G-CJOM	EFOX
7208	G-ZBEN	YK52
7209	G-KIAB	SF25
720A	G-MATO	FA7X
720B	G-RVTX	RV8
720D	G-TENN	RV10
720E	G-JEMP	NG5
7214	G-NHVB	A139
7216	G-AWHC	ME09
7217	G-AWHM	ME09
721A	G-CJNI	A139
721B	G-TOOO	G2CA
721D	G-MFLT	AS65
721E	G-HITI	AS50
721F	G-VALG	EV97
7220	G-CJNL	DR10
7226	G-PDGO	AS65
7227	G-CORS	T6
722C	G-CJTG	DIMO
722D	G-CJPN	C152
722E	G-SBSB	DA40
7230	G-CLTN	GLID
7231	G-OSAR	B06
7233	G-ORYG	CLON
7234	G-CJTC	CDUS
7235	G-MUDX	CLON
7237	G-KKTG	C182
7238	G-PCTW	PC12
7239	G-OTUM	SKRA
723E	G-ULFM	GLF4
7241	G-ISLL	AT75
724F	G-CLTO	GLID
725C	G-PORG	GLID
725F	G-CLTS	GLIM
7260	G-CJTE	EFOX
7261	G-FXCR	BE40
7265	G-CJYG	G120
7266	G-CJYB	G120
7267	G-DRTA	B738
7272	G-BDAM	T6
7274	G-CJTX	EV97
7275	G-UIII	E300
7277	G-NIAB	BE20
7279	G-DENY	R44
727E	G-SSTL	SSTL
727F	G-CLTW	GLID
7280	G-RJRC	AC11
7281	G-EMHN	A109
7287	G-MSOF	C172
728E	G-MILR	AP22
728F	G-CRSS	G2CA
7293	G-WINX	TWEN
7294	G-CJWE	T6
7296	G-OTNM	P208
729C	G-SCIR	PA31
729D	G-SCTR	PA31
729E	G-SCMR	PA31
729F	G-SEFA	PA38
72A0	G-PRPN	DH8D
72A1	G-CJZD	EFOX
72A4	G-TAWV	B738
72A5	G-TAWW	B738
72A8	G-AVDF	PUP
72A9	G-CJWW	SASP
72AD	G-CJUT	SKRA
72AF	G-BVSK	BN2T
72B1	G-FLIA	CDUS
72B3	G-IROX	MM24
72B4	G-MSGI	MM24
72B7	G-PRPO	DH8D
72B8	G-PRPM	DH8D
72BB	G-CJXF	SKRA
72C7	G-UZHA	A20N
72C8	G-UZHB	A20N
72C9	G-JRER	P06T
72CE	G-TGPG	B733
72CF	G-CKAB	EFOX
72D2	G-CJYI	P28A
72D3	G-EEHA	SONX
72D4	G-CJYK	ST75
72D6	G-OSOR	GLID
72D7	G-IROB	TOBA
72D8	G-DLTY	GLID
72D9	G-HMCH	EV97
72DA	G-HHEM	A169
72DB	G-PBIG	EC30
72DC	G-DRTB	B738
72DD	G-KIMS	C42
72DE	G-RAHA	GLID
72E1	G-RVTA	RV7
72E2	G-STMA	P28U
72E3	G-FLAX	EFOX
72E4	G-TRTL	SKRA
72E5	G-OLEA	P28A
72E9	G-YACC	Y18T
72EA	G-VWOO	B789
72EB	G-DPRV	RV7
72EC	G-CKBE	RV8
72EE	G-IRJA	F50
72F2	G-TIJL	AS55
72F6	G-NGII	NG5
72F8	G-TOES	P28A
7305	G-IPAV	P32R
730A	G-IAGO	TRAL
730C	G-CJZU	D150
7310	G-CJZW	RV12
7313	G-ICRV	RV7
7315	G-IIIF	XA41
7316	G-IIFI	XA41
7318	G-CKDD	EFOX
7319	G-ETGO	TRAL
731B	G-SNXA	SONX
731C	G-ZBJI	B788
7322	G-HONO	SSTL
7324	G-EGIB	P28A
7325	G-RVDB	RV7
7326	G-CKCF	CP30
7327	G-OCXI	RV8
732C	G-CPMW	P32R
732E	G-JOTS	RJ1H
732F	G-KELP	AP22
7330	G-HAAR	EFOX
7331	G-CKBY	AS65
7332	G-FRRN	A109
7334	G-CKCI	G2CA
7335	G-GRLS	SKRA
7336	G-RHOD	SSTL
7337	G-CKCL	C182
7338	G-FBAR	DA40
7339	G-SWYF	SKRA
733B	G-MAPY	PA31
7340	G-CKDE	G109
7342	G-XTAZ	RV7
7343	G-SGSG	GL5T
7347	G-HEDL	E300
7349	G-IPII	BOLT
734A	G-TTEC	PA32
734C	G-SAUL	HR20
734D	G-OEFT	PA38
7350	G-CLUD	GLID
7351	G-CKDM	CH75
7352	G-CKDJ	SONX
7355	G-CKEI	DA40
7356	G-MCSN	EC75
7358	G-SFCM	PULR
735A	G-OALP	PNR3
7361	G-CLJP	C172
7362	G-CKGG	G109
7364	G-CKFF	CH70
7365	G-CKGS	C42
7367	G-RKBD	DA42
7368	G-GNSS	DA62
7369	G-USAI	B47J
736A	G-NBCA	PC12
736B	G-MCSG	EC75
736C	G-GERI	R44
736E	G-CKFO	RJ1H
7371	G-VNYL	B789
7372	G-CKIP	C172
7373	G-LYZA	G2CA
7377	G-IASB	BE20
737B	G-CKGJ	HN70
7381	G-MRLI	S92
7382	G-BSAH	BN2T
7383	G-PALT	MT
7384	G-RFCB	P208
7386	G-PICU	A169
7387	G-NJNH	R66
7389	G-GETU	A169
738A	G-ETPC	G12T
738B	G-ETPD	G12T
738F	G-JSAW	R66
7391	G-CKIS	PULS
7392	G-ILHR	SR22
7395	G-OGRL	RV7
7396	G-CKIE	C172
7397	G-CKIF	C172
7399	G-CKLI	P28R
739A	G-VRRV	RV12
739D	G-ETBT	PA38
73A0	G-UZHC	A20N
73A1	G-UZHD	A20N
73A3	G-CKHO	FDCT
73A4	G-POPG	EFOX
73A8	G-GBNZ	EFOX
73A9	G-CKIH	A109
73AB	G-YSIR	RV8
73AC	G-CKIO	P28A
73B0	G-PCGC	GLID
73B1	G-OSNX	G109
73B3	G-CKIX	EFOX
73B4	G-FAZT	GLAS
73B5	G-GARE	C56X
73B6	G-CKIU	SF25
73BA	G-JMRT	C42
73BC	G-VONY	C182
73BD	G-ITST	EUPA
73C0	G-CKJI	SKRA
73C4	G-ZOMB	C42
73CA	G-TVGB	AS50
73CD	G-PCIZ	PC12
73CE	G-VBEL	B789
73D0	G-HAPA	E550
73D1	G-JBVP	EFOX
73D2	G-IINK	SR22
73D9	G-CLUJ	GLID
73DC	G-HAMW	EFOX
73DD	G-RKID	RV6
73DE	G-BJOH	BN2T
73E0	G-GMAE	BE20
73E4	G-FOKS	EFOX
73E6	G-CKLE	MT
73E7	G-CKLK	MT
73EB	G-AWHH	ME09
73EC	G-CKIY	SKRA
73EE	G-ZZOT	PA34
73EF	G-CKMX	RV7
73F0	G-KRBY	RV8
73F1	G-RTEN	PIAT
73F2	G-HODR	SKRA
73F5	G-MGNI	MM16
73F6	G-INES	CH65
73F7	G-WXYZ	CH75
73FA	G-BVZY	M20P
73FD	G-HAZA	DA42
73FF	G-VNAM	O1
7401	G-EVIB	SR22
7404	G-SLNG	SLG4
740C	G-ETPE	AS50
740D	G-ETPF	AS50
740E	G-ETPG	AS50
740F	G-ETPH	AS50
7415	G-OVEG	DV20
7419	G-GUAR	P28A
7423	G-CLUP	GLIM
7424	G-RMAA	EC45
7425	G-KITO	PA24
742A	G-YROF	MM22
742E	G-CKOF	B789
7432	G-IIYI	ST75
7433	G-LHAB	SLG2
7436	G-HUME	ACR2
7437	G-DLMH	TWEN
7438	G-OASK	EFOX
7439	G-GDSO	CLON
743A	G-XILM	TL30
743F	G-LEGZ	AC90
7441	G-CKPF	CH7B
7444	G-LINY	R44
7446	G-SHUI	C68A
744B	G-CKPS	AS50
7453	G-CKRK	G2CA
7455	G-CSPT	GA8
745A	G-ZACK	SR20
745B	G-NIAC	TL20
745C	G-UNAC	P32R
745D	G-CLUZ	GLIM
745E	G-TUIL	B789
7460	G-EMEB	EC75
7462	G-TTNC	A20N
7463	G-TTNB	A20N
7464	G-TTNA	A20N
7466	G-MIRV	RV8
7467	G-CKVX	BREZ
7468	G-NJCZ	CRUZ
746A	G-CKUR	SKRA
746B	G-CKRZ	SKRA
746F	G-CKSE	C208
7471	G-ELKO	DA42
7472	G-UKPB	C208
7473	G-LDGD	DA40
7474	G-TAMI	DA40
7475	G-CLUV	GLID
7476	G-ELKI	DA40
7477	G-NPTA	B738
747A	G-MERR	C55B
747E	G-CYPC	C208
747F	G-FLYK	BE20
7481	G-CKTE	EFOX
7482	G-CWTT	C182
7489	G-OCAK	GLEX
748A	G-CKSR	ST75
748B	G-FRDM	ST75
748C	G-CKST	ST75
748D	G-CKSU	ST75
7494	G-DHKO	B752
749A	G-ZBKS	B789
749B	G-ZBKR	B789
749C	G-JPIT	PTS2
749D	G-SUTE	RV8
749E	G-WZAP	E55P
749F	G-ETLX	P28R
74A0	G-JHMP	TB20
74A1	G-YARD	R44
74A4	G-RVIL	RV4
74A5	G-SMKR	EFOX
74A8	G-CKVT	GLIM
74B1	G-EZRS	A320
74B2	G-EZRT	A320
74B5	G-UZHE	A20N
74B6	G-UZHF	A20N
74B8	G-UZHH	A20N
74B9	G-SATM	DA42
74BA	G-CKTK	FOX
74BB	G-SUEM	DA42
74BE	G-CKTN	NG5
74BF	G-KSSC	A169
74C1	G-ORST	EC35
74C3	G-DORO	DR40
74C4	G-BXGB	AS50
74C5	G-CKTR	P06T
74C7	G-CKTX	RV7
74C9	G-ETPA	PC21
74CA	G-ETPB	PC21
74CC	G-YROT	MT
74CD	G-CKUE	SPIT
74CE	G-LSZA	DA42
74CF	G-CKVM	EFOX
74D0	G-MDDE	H500
74D4	G-CKWD	B789
74D7	G-ROYP	R22
74DD	G-DOUZ	RV12
74E0	G-SPRC	RV8
74E1	G-CKTY	RJ1H
74E2	G-ZBJJ	B788
74E3	G-ZBJK	B788
74E4	G-ZBJM	B788
74E6	G-SUUK	SU29
74E7	G-RBWW	NG5
74E9	G-ICEI	A169
74EC	G-BXCE	AS50
74F0	G-FDHS	A109
74F2	G-OCTO	RV8
74F4	G-DHKR	B752
74F7	G-CKVC	CLON
74FC	G-VMIK	A332
74FE	G-VWND	A332
7501	G-KYLA	SR22
7502	G-BOCU	PA34
7503	G-YROU	MM24
7504	G-CKUZ	B734
7506	G-UCCY	A109
7509	G-CKVP	CDUS
750A	G-JBOB	GLIM
750E	G-WUKE	A320
7510	G-WUKG	A321
7511	G-CKWZ	G109
7512	G-TUIM	B789
7515	G-CLVD	GLIM
7517	G-CKUH	CRUZ
7519	G-WILI	P32R
751B	G-DRTC	B738
751C	G-DRTD	B738
7520	G-SLIV	SLG4
7522	G-PPBZ	CDUS
7523	G-CKVV	P28A
7524	G-PCJS	DA42
7525	G-IROJ	MM16
7528	G-FFFF	CH75
752B	G-CLVJ	GLIM
752C	G-CKWR	MM16
752D	G-SEZA	GLID
752F	G-PDGV	P68
7530	G-PDGX	P68
7532	G-CKUO	AP22
7533	G-DONE	B505
7534	G-TTND	A20N
7535	G-TTNE	A20N
7536	G-TTNF	A20N
7537	G-TTNG	A20N
7538	G-NGAA	NG5
7539	G-PKHA	PC12
753B	G-OOEG	CL35
753C	G-JZBO	B738
753D	G-TUMA	B38M
753E	G-CKVG	C42
753F	G-JZBP	B738
7540	G-EMEC	EC75
7542	G-CKVF	AP22
7544	G-LSKS	R66
7545	G-VMNK	A332
7546	G-CKUU	PA27
7548	G-IZRV	RV12
7549	G-CLBZ	C172
754A	G-NGCC	NG5
754B	G-STUU	NG5
754F	G-CKUT	EC55
7551	G-CKVB	EC55
7552	G-LOGN	P28A
7553	G-CLVL	GLIM
7554	G-CKWM	RV8
7557	G-GBTV	AS55
755C	G-KOKO	S22T
755D	G-COPR	R44
755E	G-CTSA	DA40
755F	G-POWU	A321
7561	G-LXAA	WT9
7563	G-CKXI	M20P
7564	G-CKVD	GLID
7567	G-UZHM	A20N
7568	G-UZHI	A20N
7569	G-UZHJ	A20N
756A	G-UZHK	A20N
756B	G-UZHL	A20N
756C	G-UZHN	A20N
756D	G-UZHO	A20N
756E	G-EZGX	A320
756F	G-EZGY	A320
7571	G-FXRS	BE40
7573	G-EZRX	A320
7574	G-EZRY	A320
7575	G-EZRZ	A320
7576	G-CTSB	DA40
7577	G-SUMM	SKRA
7578	G-CKVZ	CLON
757A	G-GLLY	B505
757B	G-DFES	GLIM
757D	G-CKVJ	T51
757F	G-UZHP	A20N
7582	G-BXKR	AS50
7590	G-OPUG	CRUZ
7591	G-ULAG	PA34
7593	G-CKWI	ECHO
7595	G-THUN	P47
7597	G-MACR	S22T
7598	G-ZNTJ	LJ75
759B	G-WKTG	DA42
759E	G-VCRZ	GLID
75A0	G-CTSD	DA40
75A1	G-CTSC	DA40
75A2	G-LCYZ	E190
75A4	G-CKWO	EFOX
75A8	G-XFYF	G2CA
75A9	G-DVIO	A139
75AA	G-CKYG	EFOX
75AB	G-CTSE	DA40
75AC	G-CTSF	DA40
75AD	G-WSEX	WESX
75AE	G-DYUP	EUPA
75AF	G-DRTE	B738
75B1	G-CMON	RV7
75B3	G-VLUX	A35K
75B4	G-VPOP	A35K
75B5	G-MROS	PIAT
75B7	G-XIVA	RV14
75B8	G-VZED	MM16
75B9	G-LAVA	EC35
75BA	G-HECT	FDCT
75BB	G-DRTF	B738
75BC	G-CLVO	GLID
75BE	G-EXPO	PA46
75BF	G-CLVP	GLID
75C1	G-CKWN	B789
75C2	G-CKWP	B789
75C3	G-CKWS	B789
75C4	G-CKWT	B789
75C7	G-CKZZ	MM16
75C9	G-PTXC	TBM7
75CB	G-CKWX	C42
75CF	G-VLNM	A332
75D0	G-WOWS	S22T
75D3	G-SPTX	FA7X
75D4	G-GBRI	SKRA
75D5	G-CKYV	CLON
75D6	G-IZZT	S22T
75D8	G-CLVS	GLID
75DA	G-CKXB	G109
75DB	G-CKXD	GLID
75DE	G-CKXC	SKRA
75DF	G-UZMA	A21N
75E0	G-UZMB	A21N
75E1	G-DDVA	GLIM
75E2	G-BXBF	B412
75E3	G-KAYX	SKRA
75E5	G-CKZY	GLID
75E7	G-CKXF	ACAR
75F2	G-CTUK	SR20
75F3	G-TUMB	B38M
75F4	G-TUMC	B38M
75F5	G-OATY	PIAT
75F7	G-DMCP	P208
75F9	G-CYFR	PA46
75FD	G-TTNH	A20N
75FE	G-NEOS	A21N
75FF	G-NEOR	A21N
7600	G-NEOP	A21N
7601	G-FOCX	EFOX
7602	G-CKXM	EFOX
7603	G-CKXX	P32R
7604	G-IPGL	A109
7605	G-CKXJ	C172
7607	G-CKXL	S92
7608	G-CKYA	MT
7609	G-CKYB	MT
760A	G-CKYD	MT
760C	G-LEPR	EFOX
760E	G-EMAT	DA62
760F	G-LSTA	GLST
7610	G-CKYT	CLON
7612	G-IGGI	B505
7613	G-CTSG	DA40
7614	G-CTSJ	DA40
7615	G-CTSK	DA40
7616	G-CTSH	DA40
7618	G-CTSV	DA42
761A	G-NPTX	B734
761E	G-CTSN	DA40
761F	G-CTSO	DA40
7620	G-CTSP	DA40
7621	G-CTSM	DA40
7622	G-CRED	EFOX
7623	G-GFOA	P28A
7626	G-OASM	GLID
7627	G-CKZP	TL20
762A	G-CKYO	GLIM
762C	G-NPTB	B738
762D	G-TSBY	R44
7630	G-JZBR	B738
7631	G-JZBS	B738
7635	G-MAMZ	C42
7636	G-CLAP	C152
7637	G-WKTH	DA62
763B	G-SHLS	A109
763C	G-KTCH	MM16
763D	G-CLAI	C42
7642	G-TUMD	B38M
7643	G-CKXU	P28A
7646	G-KFTI	PC12
7648	G-PBII	RODS
7649	G-CTSS	DA40
764A	G-CTSR	DA40
764B	G-RAZI	F260
764D	G-JACL	TWEN
764F	G-FLXI	PC12
7651	G-CTST	DA40
7652	G-CTSX	DA40
7654	G-PAPJ	RV8
7656	G-FXBA	AP22
7657	G-MCSJ	S92
765A	G-CLVZ	GLID
765D	G-OMCM	AS50
765E	G-IPSE	EC30
765F	G-CKYJ	P28T
7661	G-CKYK	RV10
7662	G-CLBG	RV7
7663	G-ERGP	PC12
7665	G-CLWA	GLID
7666	G-UZMC	A21N
7667	G-UZMD	A21N
7668	G-HENZ	CLON
7669	G-DBEE	JAB4
766A	G-CKYL	C42
766B	G-JMAW	BE20
766D	G-DRTN	B738
766E	G-SDTO	SA30
7672	G-CKYP	A139
7673	G-SAPA	R66
7675	G-ETAC	D228
7677	G-CKZD	EFOX
7678	G-IFES	GLID
7679	G-CLAJ	DR40
767A	G-TUMF	B38M
767E	G-HOGB	EC30
7682	G-RVDD	RV14
7683	G-CWFT	C172
7685	G-EMSS	EC45
7686	G-UZHR	A20N
7687	G-UZHS	A20N
7688	G-UZHT	A20N
7689	G-UZHU	A20N
768A	G-UZHV	A20N
768B	G-UZHW	A20N
768C	G-UZME	A21N
768D	G-UZMF	A21N
768E	G-SDOA	EFOX
768F	G-CLWJ	GLIM
7690	G-FFRV	RV10
7691	G-NBPL	AS55
7692	G-KTEA	DR40
7697	G-TCCI	A332
7698	G-VJAM	A35K
7699	G-VPRD	A35K
769A	G-TUMG	B38M
769B	G-JACM	P208
769C	G-JACN	P208
76A2	G-HAKA	DA42
76A3	G-LAVN	G2CA
76A4	G-CLEI	EFOX
76A5	G-JWNI	SSTL
76A6	G-ELAK	GLID
76A7	G-IBEA	P28A
76A8	G-CKZH	RV12
76B0	G-TAWY	B738
76B1	G-TAWX	B738
76B3	G-CKZL	P28T
76B9	G-HKHK	R66
76BB	G-GNMM	A109
76BD	G-UBOO	GLID
76BE	G-CLBJ	C172
76BF	G-UKPA	C208
76C0	G-RVBP	RV7
76C3	G-CLAZ	CLON
76C5	G-MCSH	EC75
76C8	G-ICEL	R66
76C9	G-HKPC	R66
76CA	G-OSGC	EFOX
76CB	G-CKZV	P28A
76CC	G-TTNI	A20N
76CD	G-TTNJ	A20N
76CE	G-HBRB	C42
76D0	G-OGEZ	R44
76D1	G-RMYD	R44
76D2	G-CLAO	RV7
76D4	G-CKZX	GLST
76D5	G-DTOF	GLIM
76D6	G-CLCL	RV7
76D9	G-CLBI	E300
76DA	G-DRTG	B738
76DC	G-DSUE	EFOX
76DD	G-DRTH	B738
76DE	G-CLAU	AS50
76E0	G-NPTD	B738
76E1	G-CLWL	GLIM
76E2	G-NEOT	A21N
76E3	G-NEOU	A21N
76E4	G-NEOV	A21N
76E5	G-KELT	A20N
76E8	G-XWBA	A35K
76EA	G-BWZS	AS50
76ED	G-DRTO	B738
76EF	G-CLBT	NG5
76F0	G-HIDE	AS50
76F2	G-MADZ	B505
76F3	G-CLDD	P32R
76F4	G-KCMI	P46T
76FC	G-OWLS	MM24
76FD	G-WWLK	ST75
76FE	G-REXA	BE20
7701	G-OCAF	R44
7706	G-ZOFG	P28A
7708	G-EECY	P28A
770A	G-TWWC	ST75
770C	G-CLBU	PA34
770F	G-BXME	AS50
7716	G-JRXV	B505
7717	G-ECET	C182
7718	G-CLEV	C42
7719	G-WLKR	E550
771A	G-VDOT	A35K
771B	G-CLDI	SSTL
771D	G-PWEF	MM24
771F	G-HITA	AS50
7723	G-CLWP	GLID
7726	G-SRCB	RV12
772C	G-AGOY	MESS
772D	G-UZHX	A20N
772E	G-UZHY	A20N
772F	G-UZHZ	A20N
7731	G-DRTT	B738
7732	G-WIGI	AP22
7733	G-GGGR	AS50
7734	G-MGPS	A169
7735	G-CLDN	SKRA
7736	G-DTPC	RV9
7737	G-HWOW	R44
7738	G-KRAN	SF25
7739	G-TUMH	B38M
773B	G-TUMK	B38M
773C	G-VIVE	A109
773D	G-VKRP	P32R
773E	G-EMED	EC75
7740	G-LIKK	R66
7741	G-MEMS	DA42
7744	G-ELCH	AC11
7746	G-UNNR	GLIM
774A	G-CTSY	DA42
774C	G-KLUB	SF25
774D	G-BJYT	BN2T
774E	G-CLBY	R44
774F	G-SHAZ	G2CA
7750	G-HFCF	TB20
7752	G-CLDZ	CDUS
7753	G-VXXN	AP32
7754	G-MSAV	SVNH
7755	G-KDEN	C42
7756	G-CLCA	E300
7757	G-OUEG	GLEX
7758	G-ASEJ	P28A
7759	G-CLDT	EFOX
775B	G-OKPS	SKRA
775C	G-RUKA	B738
775E	G-CLCB	AS50
7760	G-WAFI	RV12
7761	G-KGKG	E35L
7763	G-RNTB	HAR
7764	G-TROW	C42
7765	G-YVIP	BE20
7766	G-OGZZ	RV8
7769	G-CLCJ	T6
776B	G-ISLN	AT75
776C	G-ZEVS	C172
776D	G-OFLX	E145
776E	G-RFGB	RF6
776F	G-OGOL	P06T
7770	G-UKRO	EVSS
7771	G-CLDL	DR40
7772	G-IGET	SKRA
7773	G-CLWR	GLID
7774	G-CBHE	RF6
7775	G-SEDC	FA24
7777	G-LCAB	E190
7778	G-CLEL	XAIR
777B	G-KEMJ	GLID
777C	G-DRTI	B738
7780	G-MCSI	S92
7781	G-CLDW	CDUS
7782	G-KEMH	GAZL
7785	G-CLCP	B505
778C	G-CLWZ	GLIM
778D	G-LAWA	A139
778E	G-CLDB	EV97
7790	G-CLCT	SPIT
7791	G-CLCU	R44
7792	G-CLCW	CH70
7793	G-UZLA	A20N
7794	G-UZLB	A20N
7795	G-UZLC	A20N
7796	G-UZLD	A20N
7797	G-UZLF	A20N
7798	G-XWBB	A35K
7799	G-XWBC	A35K
779A	G-XWBD	A35K
779C	G-SCAP	A109
779E	G-SISX	PTS1
779F	G-WTWT	R44
77A0	G-IRJE	DA62
77A1	G-CLFM	WAIX
77A2	G-MLSY	NG5
77A3	G-SIIO	GLIM
77A5	G-DCDI	DR40
77A6	G-PHIZ	PA30
77A8	G-NALD	AP32
77AA	G-XXSF	B505
77AB	G-CLDC	EV97
77AC	G-GIAN	C42
77AD	G-CLEY	SKRA
77AE	G-OSOX	G109
77B0	G-IIHL	E300
77B3	G-MCSK	S92
77B4	G-MCSL	S92
77B5	G-CLDM	SKRA
77B7	G-CLDV	CLON
77B9	G-STRV	RV14
77BA	G-DRTU	B738
77BB	G-DRTW	B738
77BC	G-CLDP	CDUS
77BD	G-RVMM	RV7
77BE	G-SMHA	FA7X
77C2	G-EIMS	B505
77C4	G-FOMO	GLEX
77C5	G-EEWA	BE33
77C6	G-GMAH	EC45
77C7	G-GSAS	EC45
77C8	G-ISAS	EC45
77CC	G-CLDH	CAMP
77CD	G-ENKY	SKRA
77CF	G-KUBY	PA18
77D3	G-VTEA	A35K
77D4	G-VRNB	A35K
77D6	G-OTAW	NG5
77D7	G-ILLD	R44
77D8	G-VBMD	AS50
77D9	G-KKCT	FDCT
77DA	G-CLDK	P28A
77DB	G-GAVV	FDCT
77DC	G-GGEM	P28A
77E0	G-NEOW	A21N
77E1	G-KMOS	R44
77E4	G-SKNG	S61
77E6	G-LCTA	P28A
77E8	G-LCTC	P28A
77E9	G-LCTD	P28A
77EA	G-LCTE	P28A
77EB	G-LKAM	SLG2
77EC	G-LKSM	SLG2
77EE	G-IOVE	NG5
77F0	G-CLXH	GLID
77F2	G-LKVA	TWEN
77F3	G-ISMC	C152
77F5	G-FOXH	GLIM
77F6	G-SUMO	SKRA
77F9	G-SXSX	R66
77FA	G-CLFG	TL30
77FB	G-POLX	P68
77FC	G-POLZ	P68
77FD	G-CLGG	CLON
77FE	G-DBDM	EFOX
77FF	G-RVBZ	RV7
7803	G-WILC	R66
7805	G-CLEH	AP32
7807	G-ENVV	AP32
7808	G-IDFE	B505
7809	G-DREW	AP32
780A	G-CLEN	ST75
780B	G-GSIX	PA32
780C	G-HOGC	EC30
780D	G-NEOX	A21N
780E	G-NEOY	A21N
780F	G-FOTN	RV7
7810	G-CLEZ	R44
7812	G-KION	C525
7814	G-HMGA	BE20
7815	G-ORWS	RV14
7818	G-CLFD	BX2
7819	G-LNDA	NG5
781A	G-NRST	C182
781B	G-NICB	BE20
781E	G-TADI	MM24
781F	G-SANJ	G2CA
7821	G-EZMT	E200
7822	G-CLFY	P28A
7824	G-CLFK	EFOX
782B	G-OATR	AT76
7830	G-OAFG	PIAT
7831	G-CLGA	P28A
7837	G-UZMG	A21N
7838	G-UZMH	A21N
7839	G-EGPF	P28R
783A	G-CLGD	AP32
783C	G-IWPI	A109
783D	G-CLGF	S92
783E	G-CLGH	S92
7840	G-DBSB	TL20
7842	G-EMET	SPIT
7844	G-NEOZ	A21N
7846	G-CLFA	TL20
7847	G-REVV	RV7
7848	G-IIBB	B505
784B	G-RAYN	A109
784D	G-EKBA	TOBA
784F	G-LUSO	PC12
7850	G-CLIX	HUSK
7852	G-SEKR	WAIX
7855	G-VMSO	CLON
7856	G-CLGO	GAZL
7857	G-TSTR	GAZL
7859	G-RVFT	RV8
785A	G-ELBE	RV7
785C	G-MSPR	R66
785F	G-WENY	CH75
7862	G-DRTM	B738
7864	G-CLIA	G109
786C	G-CLHI	EFOX
786D	G-CMDO	S61R
7870	G-RVJL	RV6
7872	G-ROMK	MM16
7873	G-CLGS	SPIT
7877	G-CLIM	DIMO
787A	G-TUIN	B789
787B	G-TUIO	B789
787C	G-MDAM	SUBA
787E	G-ORBT	NG5
787F	G-SKAL	C56X
7880	G-HETY	EFOX
7886	G-RGAL	DA40
7888	G-KDHI	P28A
788C	G-OGFC	AT76
788D	G-EEMX	PA25
788E	G-CLXO	GLIM
788F	G-CLHN	C150
7891	G-WKDB	C42
7892	G-CLJA	C42
7894	G-EEKE	SKRA
7895	G-JSMD	GLID
7898	G-ZBLA	B78X
789C	G-TESC	DA40
789E	G-CLHW	S92
789F	G-PSZB	PTS2
78A3	G-POLV	P68
78A4	G-POLW	P68
78A5	G-CLXK	DIMO
78A6	G-ETOY	BU31
78A7	G-OOAK	JAB4
78A8	G-ZAKA	DA40
78AA	G-BSKP	SPIT
78AB	G-CLID	SKRA
78AD	G-ILBG	C25A
78AE	G-DRTR	B738
78AF	G-NMCC	HUSK
78B2	G-EUFX	EFOX
78B3	G-FXRJ	BE40
78B4	G-CLIZ	RV8
78B5	G-LCTG	P28A
78B6	G-LCTF	P28A
78B7	G-PMCM	P46T
78B8	G-XWBE	A35K
78B9	G-SHMB	L39
78BB	G-KADS	GLIM
78BE	G-OLOU	B06
78C0	G-OHRA	JAB4
78C4	G-RVBH	RV8
78C9	G-TBDI	C42
78CD	G-LBRR	AS50
78CF	G-RMBH	A109
78D1	G-CLIW	C208
78D3	G-STES	EUPA
78D4	G-CLJD	BDOG
78D7	G-RVLG	F406
78D8	G-CLKM	JT2
78D9	G-NHVP	A139
78DA	G-NHVR	EC75
78DB	G-ORAI	AT76
78DD	G-XWBF	A35K
78DE	G-ZBLB	B78X
78E2	G-XIIO	GLID
78E3	G-EKHW	P28U
78E9	G-RBFX	EFOX
78EB	G-GWMB	CRES
78ED	G-CLJH	CRJ9
78EF	G-UZMI	A21N
78F0	G-UZMJ	A21N
78F2	G-OTSI	SLG4
78F3	G-JEOL	RF6
78F5	G-CLMX	C172
78F6	G-NHVE	EC75
78F7	G-NHVN	A139
78F8	G-NHVV	EC75
78F9	G-NHVF	EC75
78FA	G-NHVU	EC75
78FB	G-NHVI	EC75
78FC	G-CLYC	GLID
78FD	G-DRTL	B738
78FE	G-DRTP	B738
78FF	G-SLZT	SLG2
7905	G-CLXW	GLIM
7906	G-JBVW	BL8
7907	G-KLLY	AS50
7908	G-VNAV	DA62
7909	G-JBIB	DA62
790B	G-TAUT	PIAT
790D	G-LCTI	P28A
790E	G-LCTH	P28A
7910	G-NCKS	LYNX
7911	G-LMRZ	AT75
7913	G-DRTY	B738
7914	G-DRTZ	B738
7915	G-CLYE	GLID
7916	G-CLMW	M108
7917	G-CLXN	GLIM
7919	G-MOGN	NG5
791A	G-JRHH	DA42
791B	G-TMRL	CH75
791C	G-CLYF	GLID
791D	G-XSCP	P46T
791E	G-TIZY	SLG4
791F	G-CLJS	P32R
7920	G-CLYD	GLIM
7921	G-CLJU	WA40
7924	G-TAJB	EC45
7925	G-CLMZ	FA24
7926	G-ERYN	C42
7929	G-YELA	RV8
792C	G-CLJX	UT66
792D	G-LDGA	DA42
792E	G-TTNK	A20N
792F	G-TTNL	A20N
7930	G-TTNM	A20N
7932	G-CLJY	SIRA
7933	G-CRWL	A169
7935	G-CLKB	C172
7936	G-LHXA	DA42
7937	G-LHXB	DA42
7939	G-RVNR	P68
793C	G-HAMD	EFOX
793D	G-DAAS	EC45
793E	G-KPEM	GLIM
793F	G-FEBU	GLID
7941	G-AWGB	SPIT
7943	G-XWBG	A35K
7944	G-XWBH	A35K
7945	G-SPRG	R44
7948	G-GTWL	EFOX
794E	G-CLLA	SKRA
794F	G-FITC	PC12
7954	G-HASS	H25B
7959	G-UZLK	A20N
795F	G-KALM	AP22
7962	G-LDGB	DA40
7963	G-LCTJ	P28A
7964	G-LCTK	P28A
7965	G-LCTL	P28A
7966	G-ICRR	AR11
7968	G-HCNX	EC55
796A	G-TUML	B38M
796B	G-TUMM	B38M
796C	G-TUMN	B38M
796E	G-HLYF	A321
796F	G-HLYG	A321
7975	G-CLYL	GLID
7977	G-MCSM	EC75
7978	G-SNDS	SR20
7979	G-ZBLC	B78X
797A	G-ZBLD	B78X
797B	G-MRMA	C182
797C	G-ZBLE	B78X
797E	G-KZEN	GLID
7980	G-YBES	EC30
7981	G-LMRA	AT45
7983	G-LHXD	DA42
7984	G-CLMB	GLIM
7986	G-SVAN	C208
7988	G-CLLE	GLID
7989	G-LATO	C68A
798D	G-CLNC	C152
798E	G-CLNB	C152
798F	G-CLNA	C152
7990	G-SADB	DA42
7991	G-CLMA	RV12
7992	G-STBM	B77W
7993	G-STBN	B77W
7994	G-STBO	B77W
7995	G-STBP	B77W
7997	G-LHXC	DA42
7998	G-CLMJ	B505
7999	G-DAZW	CH75
799B	G-LCAC	E190
799C	G-LCAD	E190
799E	G-KBEB	C182
799F	G-VASS	MT
79A9	G-TUKF	B738
79AA	G-LSIO	GLIM
79AC	G-IFDA	RV6
79AD	G-CLLK	BROU
79AE	G-ICAN	CH75
79B2	G-FLNT	RV8
79B3	G-RNGS	EC45
79B4	G-RIDC	B429
79B6	G-PWFW	TWEN
79BB	G-JKBN	STST
79BC	G-FPRD	SR22
79BD	G-CLLO	NG5
79BE	G-SCHW	H269
79BF	G-DLAD	C208
79C0	G-HAWC	HAWK
79C1	G-CLMC	ISPT
79C3	G-LLYN	EFOX
79C4	G-IPCE	G2CA
79C7	G-CLLR	P28A
79C9	G-VLET	C42
79CA	G-CLML	FOX
79CB	G-OVEY	RV7
79CC	G-VLIB	A35K
79CD	G-VEVE	A35K
79CF	G-OLED	EFOX
79D0	G-LCAE	E190
79D1	G-LCAF	E190
79D2	G-LCAG	E190
79D3	G-LCAH	E190
79D5	G-WLLW	S330
79D6	G-EGBW	P28A
79D7	G-DPAI	DA62
79D9	G-JJMM	MM24
79DA	G-NEIO	DA40
79DD	G-SJBB	DR40
79DE	G-CLOZ	KFAB
79DF	G-ELSR	DR40
79E2	G-LYFT	MM24
79E3	G-LGAN	P28A
79E6	G-GPOT	A109
79E9	G-GHSV	BE20
79EA	G-YNJA	SKRA
79EB	G-OMTX	GL5T
79F1	G-CLMH	PIAT
79F2	G-JOET	EFOX
79F3	G-RTNA	B350
79F4	G-LDGF	DA42
79F5	G-OATL	A109
79F6	G-TTNO	A20N
79F7	G-TTNN	A20N
79F8	G-FRNS	B407
79F9	G-RVBJ	RV8
79FA	G-BMGC	SWOR
79FB	G-CLNI	DHC1
79FD	G-JKSN	SKRA
79FE	G-CLMI	PIAT
7A00	G-CLOU	SKRA
7A01	G-LMRB	AT45
7A03	G-CLYM	GLID
7A04	G-NCDC	SKRA
7A05	G-UZLL	A20N
7A06	G-UZLM	A20N
7A08	G-FREY	SR20
7A0F	G-EGZM	C172
7A10	G-JGRV	RV14
7A12	G-VONI	P32R
7A15	G-CLPT	C42
7A16	G-CLNO	KFAS
7A17	G-LCTN	P28A
7A18	G-LCTM	P28A
7A1A	G-CLZB	GLID
7A1D	G-OGAL	RV14
7A1E	G-CLSS	GLIM
7A20	G-ETET	P46T
7A21	G-SBVT	GLID
7A22	G-CLPY	RV7
7A23	G-SFSA	BL8
7A24	G-TESD	DA40
7A25	G-SADK	DA40
7A27	G-CLMT	DH8D
7A28	G-CLPS	SKRA
7A29	G-COCG	EFOX
7A2D	G-LMRC	AT45
7A2E	G-CMJO	PC9
7A31	G-KIND	SR20
7A32	G-IMGP	H25B
7A36	G-CLNF	EC35
7A37	G-CLNH	S92
7A38	G-CLNK	AT73
7A39	G-CLSC	EVSS
7A3A	G-NHVC	A139
7A3B	G-CLNN	SKRA
7A3E	G-XATW	A21N
7A3F	G-OATW	A21N
7A40	G-GVOE	FA8X
7A42	G-VIXY	AP32
7A43	G-JDUN	R66
7A44	G-KATO	SONX
7A4A	G-AVDJ	SPIT
7A4B	G-CLOI	SKRA
7A4F	G-SGWA	C42
7A5C	G-COBN	C525
7A5D	G-ELBB	PIAT
7A68	G-CMGU	G109
7A7E	G-CMHR	G109
7A96	G-BDNR	C150
7A97	G-CLZG	GLIM
7A98	G-HIBB	JAB4
7A99	G-LHPM	R44
7A9A	G-CLVG	GLIM
7AA6	G-LDMC	GLIM
7AA9	G-SEAK	S61
7AAA	G-FLKI	S61
7AAC	G-KFFD	GLIM
7AAE	G-NJAA	C56X
7AAF	G-NJAB	C56X
7AB0	G-NJAC	C56X
7AB2	G-CLZH	GLID
7AB8	G-DCAR	MM24
7ABE	G-CLPP	RV7
7ABF	G-VIDA	EFOX
7AC0	G-CLPM	DR40
7AC1	G-TUMO	B38M
7AC2	G-MOEL	GLIM
7AC3	G-TUMP	B38M
7AC4	G-TUKM	B738
7AC6	G-TUKO	B738
7AC8	G-PTPA	PIVI
7ACB	G-GFCE	P28A
7ACC	G-MFAB	P46T
7ACD	EI-SOA	AT72
7ACE	G-OBTO	CC19
7AD3	G-CLRI	CH75
7AD4	G-RAZE	B407
7AD5	G-OGRN	VL3
7AD7	G-MADX	A119
7AD9	G-HZRD	A119
7ADA	G-WHIP	A119
7ADB	G-THDR	A109
7ADC	G-FXFX	E550
7ADD	G-CLRX	S92
7ADE	G-KOSC	SPIT
7AE1	G-FHFX	E550
7AE2	G-ICEZ	R44
7AE3	G-VXXY	AP32
7AE4	G-CLXX	EFOX
7AE5	G-RVZZ	RV7
7AE7	G-RVJS	RV8
7AE8	G-CLSE	SKRA
7AE9	G-CLSF	RV12
7AEB	G-CLWM	GLID
7AED	G-NGBB	NG5
7AEE	G-MACC	PA11
7AEF	G-CNDL	CH75
7AF0	G-JRZE	SKRA
7AF1	G-ZBLF	B78X
7AF2	G-ZBLG	B78X
7AF3	G-XWBI	A35K
7AF4	G-XWBK	A35K
7AF5	G-XWBJ	A35K
7AF6	G-DRLA	A109
7AF7	G-WNAS	A109
7AF8	G-HITB	A109
7AF9	G-HCUP	MM22
7AFD	G-ENKH	SR22
7AFF	G-RDAR	RV7
7B00	G-DPAZ	DA40
7B01	G-EXNG	EXNG
7B02	G-NHVD	A169
7B03	G-HAZL	SKRA
7B04	G-CLSN	E190
7B08	G-OVSI	PIVI
7B0C	G-TTRE	GLID
7B0E	G-LCTO	P28A
7B0F	G-LCTP	P28A
7B10	G-LCTS	P28A
7B11	G-LCTR	P28A
7B12	G-KDRZ	P28A
7B14	G-UNJA	PIAT
7B16	G-CLVI	GLST
7B17	G-EDWA	A109
7B18	G-STVO	B505
7B19	G-RVMS	RV7
7B1B	G-LAPL	SF25
7B1C	G-GCCM	CL60
7B1E	G-CLWB	P28A
7B20	G-MSCB	SKRA
7B21	G-DIIO	GLID
7B23	G-JSUE	RV7
7B24	G-EMEI	EC75
7B25	G-CLTE	MM24
7B26	G-FLXY	P28A
7B28	G-CLUO	GLIM
7B29	G-LAMO	GL5T
7B2A	G-RJMC	EFOX
7B2B	G-TLMI	R66
7B2C	G-NHVG	EC75
7B31	G-CLUI	NG5
7B32	G-CLVR	SKRA
7B36	G-CLUH	P28A
7B38	G-CLZS	GLID
7B39	G-XCAP	CP23
7B3A	G-HAPZ	PIAT
7B3C	G-TTEA	SR20
7B3D	G-FTAD	P28A
7B3E	G-FTAC	P28A
7B40	G-CPJB	GLID
7B42	G-DUNO	B505
7B43	G-FCTY	DHC1
7B44	G-GMAF	BE20
7B46	G-CLVE	EFOX
7B47	G-MCLJ	S22T
7B49	G-FRSB	FA20
7B4A	G-VGMP	AS50
7B4B	G-COMS	DA42
7B4C	G-JUNR	JUNR
7B4D	G-NHVJ	EC75
7B4E	G-NFLB	SF34
7B4F	G-CLZK	GLIM
7B51	G-KARL	G2CA
7B52	G-MCSO	EC75
7B54	G-WUKM	A21N
7B55	G-WUKN	A21N
7B56	G-KSOH	C25M
7B57	G-WKTO	BE9L
7B5A	G-BVVO	YK50
7B5B	G-SJPC	RV8
7B5D	G-CLVB	C172
7B60	G-ENTO	AA5
7B62	G-JWPP	EFOX
7B63	G-OVLX	PIVI
7B64	G-OVIR	PIVI
7B65	G-OORB	DA40
7B66	G-CLRW	P28R
7B68	G-CLVH	E75S
7B69	G-CLVK	E75S
7B6A	G-CLVN	E75S
7B6B	G-CLVT	E75S
7B6F	G-SMBA	P210
7B70	G-WUKO	A21N
7B71	G-OCLV	R44
7B74	G-CLWK	DHC1
7B75	G-CLZZ	MM24
7B77	G-IANM	GLID
7B78	G-DIYA	SLG4
7B79	G-CLWO	PIVI
7B7A	G-CLWW	PIVI
7B7C	G-CLWV	ST75
7B7D	G-MRKM	PA11
7B7E	G-CLYA	C42
7B7F	G-CLYP	C42
7B80	G-CLYJ	C42
7B81	G-GBVN	DR40
7B82	G-SVNP	B429
7B83	G-CLYY	MCR1
7B84	G-CLWY	SKRA
7B86	G-DVII	A139
7B87	G-GGBD	P32R
7B8B	G-WUKP	A21N
7B8E	G-TTNR	A20N
7B8F	G-TTNP	A20N
7B90	G-SPLU	NNJA
7B93	G-OMUD	C185
7B96	G-EKTP	SB91
7B97	G-CLWX	R66
7B9B	G-TIMA	RV7
7B9C	G-CLZA	CH60
7B9D	G-ULTB	EC45
7B9E	G-ULTC	EC45
7B9F	G-LEGD	SPIT
7BA0	G-ENKO	Y18T
7BA1	G-CLYG	RV14
7BA3	G-XGAB	NG5
7BA4	G-FBPS	C208
7BA5	G-FLOH	C208
7BA6	G-LNKX	LYNX
7BA8	G-CLXB	SPIT
7BA9	G-FLBX	EFOX
7BAA	G-EHLW	HUNT
7BAE	G-CMDM	RV9
7BB1	G-FOXR	EFOX
7BB3	G-VBDT	C172
7BB4	G-CMAA	EFOX
7BB6	G-CLZO	EVSS
7BB7	G-CMAH	C152
7BB8	G-CMAI	C152
7BBA	G-CMAK	C152
7BBD	G-NGTC	EXNG
7BBE	G-CLYH	RV12
7BC0	G-CLZV	CLON
7BC1	G-DUDP	KFAS
7BC2	G-FAMG	GL5T
7BC3	G-CMAP	RV7
7BC4	G-LOBX	GL7T
7BC8	G-WEPW	SKRA
7BCA	G-CMAX	EFOX
7BCC	G-IZEN	GLID
7BD2	G-EEAH	JUNR
7BD3	G-EIGT	RV8
7BD9	G-ELNA	TL20
7BDC	G-RUKB	B738
7BDD	G-CMJL	AT76
7BDE	G-CMFL	AT76
7BDF	G-WKTS	BE9L
7BE0	G-BKSK	QIC2
7BE9	G-HYPE	SLG4
7BEC	G-ETPO	A109
7BED	G-EIRH	A21N
7BEE	G-ETPN	A109
7BEF	G-ETPP	A139
7BF4	G-CLXU	EUPA
7BF5	G-FTFX	E550
7BF6	G-RODW	EFOX
7BFC	G-WDST	SCOU
7BFE	G-EGHW	B209
7C01	G-OAHS	AS50
7C02	G-VTLY	GLEX
7C03	G-CLYI	PA18
7C05	G-LIFB	AP32
7C0A	G-TUMS	B38M
7C0B	G-TUMT	B38M
7C0E	G-EMEG	S92
7C0F	G-EMEF	S92
7C11	G-CLYU	E190
7C12	G-MLKA	AP32
7C13	G-EFOE	KL07
7C14	G-UNNN	EFOX
7C16	G-JAAM	DA62
7C17	G-BLNU	BN2T
7C18	G-BLNT	BN2T
7C1A	G-LAMU	DA62
7C1B	G-FUJE	SUBA
7C1C	G-CLZE	SKRA
7C1D	G-GAMB	GB1
7C1E	G-NHVT	A169
7C20	G-CLZJ	AS50
7C22	G-HOMA	C172
7C23	G-CMBH	S92
7C26	G-TUMU	B38M
7C28	G-SORG	DA50
7C29	G-CLZP	SKRA
7C2A	G-HAYZ	AS50
7C2C	G-MCLE	S22T
7C2D	G-LDGG	DA42
7C32	G-PLOT	EFOX
7C37	G-NNJA	SKRA
7C3A	G-PAUK	AS55
7C3C	G-RDMS	CH60
7C41	G-PEEE	RV7
7C4A	G-CMAG	GLID
7C4C	G-PKUP	C42
7C52	G-YEAS	GLIM
7C53	G-CMAW	C42
7C54	G-CMBD	MT
7C59	G-CMCB	EFOX
7C5E	G-EODS	A333
7C62	G-FCNC	SLG2
7C63	G-CMBG	C42
7C64	G-KEVJ	SLG4
7C68	G-MCSP	EC75
7C6C	G-CMRG	C170
7C6D	G-DRTJ	B738
7C6E	G-RBHB	C42
7C70	G-CMEE	C42
7C71	G-OCOL	EVSS
7C74	G-MOFO	C172
7C77	G-IMPT	EFOX
7C7A	G-CMDV	NNJA
7C7C	G-MIIL	EXNG
7C7D	G-ICET	R44
7C7E	G-RNJW	R66
7C7F	G-BSWO	BN2P
7C83	G-HITJ	AS50
7C87	G-CMBO	AP32
7C88	G-LMRE	AT45
7C89	G-LMSA	AT46
7C8A	G-DHLY	B77L
7C8C	G-WOFT	A109
7C91	G-JKJA	A109
7C94	G-MPAS	A109
7C95	G-PPEM	SR22
7C9C	G-SHRS	B738
7C9D	G-CMDW	EFOX
7CA0	G-CMEG	EVSS
7CA1	G-DKSK	TL20
7CA3	G-BWPR	BN2T
7CA4	G-BWPV	BN2T
7CA5	G-BWPX	BN2T
7CA6	G-SURV	BN2T
7CA7	G-BLNY	BN2T
7CA9	G-SNSL	A139
7CAB	G-CMCF	C182
7CAC	G-CMCG	TWEN
7CAF	G-RUKC	B738
7CB0	G-RUKD	B738
7CB1	G-RUKE	B738
7CB2	G-RUKF	B738
7CB3	G-RUKG	B738
7CB4	G-RUKH	B738
7CBA	G-DOUN	A109
7CBB	G-ZOLA	DA42
7CBC	G-DOOG	TL20
7CBF	G-LNCC	A169
7CC0	G-CMDD	NNJA
7CC4	G-LDGH	DA40
7CC7	G-SLPC	SLG4
7CC8	G-ULLI	NNJA
7CC9	G-HWPK	SLG4
7CCB	G-UXLA	LJ40
7CCC	G-OEKO	PIVI
7CCD	G-DDAD	R44
7CD1	G-XWBL	A35K
7CD2	G-XWBM	A35K
7CD3	G-MUON	GLID
7CD4	G-DHLA	B763
7CD5	G-DOGA	DA50
7CD7	G-LMTA	AT76
7CD8	G-LMTC	AT76
7CD9	G-LDNG	DA62
7CDA	G-CMRC	C152
7CDB	G-EGPD	P28A
7CDF	G-YPSE	EC30
7CE0	G-ZDEE	EFOX
7CE4	G-DRTK	B738
7CE5	G-CMDZ	R44
7CE8	G-CMFR	EFOX
7CEF	G-EFGT	EFOX
7CF1	G-NCLA	RV12
7CF2	G-CMCS	C177
7CF4	G-NPTE	AT73
7CF5	G-HJDP	B505
7CF6	G-IFMI	GL5T
7CF7	G-DHLX	B77L
7CFA	G-CROS	RJ85
7CFB	G-CMDY	C42
7CFC	G-RJAP	C42
7CFE	G-ILMC	AP32
7CFF	G-DAAW	B209
7D00	G-WUKR	A21N
7D01	G-IFRV	RV8
7D02	G-ICER	A169
7D05	G-CMCY	P212
7D06	G-GSCD	D140
7D07	G-ORGI	HURI
7D09	G-FOXP	C208
7D0A	G-OVLS	PIVI
7D0B	G-OELC	PIVI
7D0C	G-CMEL	NNJA
7D0D	G-CMCZ	P28A
7D0F	G-RICE	R22
7D10	G-TAWZ	B738
7D14	G-PTSI	SLG4
7D16	G-CMDJ	R44
7D1B	G-OFTR	PIVI
7D1C	G-OFWD	PIVE
7D1E	G-RVSP	RV7
7D22	G-UZLO	A20N
7D23	G-PEVA	AP32
7D24	G-IDUL	PNR3
7D25	G-HCIF	P28A
7D26	G-PGDG	RV10
7D27	G-CXBH	A139
7D2A	G-CMEZ	EFOX
7D2D	G-CMDP	EUPA
7D2E	G-ILFF	A109
7D2F	G-OAHL	AS55
7D30	G-MSBI	F406
7D33	G-SRTW	SR22
7D36	G-NICU	A169
7D37	G-FROB	DA40
7D3B	G-MRTJ	EN28
7D3E	G-OWEE	B505
7D40	G-HITK	AS50
7D42	G-CMGB	EVSS
7D43	G-CMEV	EFOX
7D44	G-WUKS	A21N
7D45	G-LMTD	AT76
7D46	G-LMTE	AT76
7D47	G-SNDZ	S22T
7D4A	G-PWII	RV8
7D4B	G-VIXI	AP32
7D4C	G-TUMW	B38M
7D4D	G-NULL	AS50
7D4E	G-DWYP	NNJA
7D4F	G-MDEM	E300
7D52	G-UNET	B744
7D53	G-PFTB	P208
7D54	G-PFTC	P208
7D55	G-PFTD	P208
7D56	G-PFTE	P208
7D5B	G-WUKU	A21N
7D5C	G-WUKT	A21N
7D5D	G-CMEP	P28A
7D5E	G-PMCW	P32R
7D5F	G-ISJE	PC12
7D60	G-OJFA	PC12
7D61	G-HTSI	SLG4
7D65	G-CMEU	B461
7D6C	G-EMLG	GLEX
7D70	G-SLGG	SLG4
7D71	G-OHII	RV7
7D73	G-IMLW	CLON
7D74	G-TTNT	A20N
7D75	G-TTNS	A20N
7D7E	G-ZDCL	CH65
7D80	G-DKNB	L159
7D81	G-DKNC	L159
7D82	G-DKNA	L159
7D83	G-DKND	L159
7D84	G-LMRY	AT75
7D89	G-HUXX	H500
7D8A	G-GBSD	TL20
7D8C	G-BDNK	S61
7D8F	G-ZAHS	F900
7D90	G-ZABH	F900
7D91	G-UNIB	A169
7D94	G-NMCF	AS55
7D97	G-UNIA	A169
7D99	G-JFPG	A109
7D9A	G-CMFF	P28A
7D9C	G-CMFG	RV12
7D9D	G-HAII	NG5
7D9E	G-CMIR	EC35
7DA0	G-CMIT	EC35
7DA1	G-CMIU	EC35
7DA4	G-IIXA	XA41
7DA5	G-VJAZ	A339
7DA6	G-BLNE	BN2T
7DA7	G-BLNV	BN2T
7DA8	G-MOPP	R44
7DAA	G-REXB	BE20
7DAC	G-CMFD	NG5
7DB1	G-POYA	C525
7DB3	G-CMFH	P06T
7DB4	G-CMFJ	P28A
7DB5	G-HFAV	P28A
7DB8	G-SOVH	C525
7DBB	G-LUAS	F260
7DBE	G-EPWR	PIVE
7DBF	G-DHLW	B77L
7DC0	G-YAAA	EC45
7DC1	G-YORX	EC45
7DC3	G-CMLM	RV7
7DC5	G-VTOM	A339
7DCA	G-HMGC	BE20
7DCE	G-TLFR	TL20
7DCF	G-NPTH	B734
7DD1	G-SPUN	G115
7DD2	G-SUEG	DA40
7DD3	G-XXTH	B505
7DD5	G-EMMR	RV10
7DD8	G-KFCN	NNJA
7DD9	G-YNWA	DA50
7DDC	G-ESGC	EFOX
7DDE	G-CMLY	EFOX
7DE1	G-VVMC	SR22
7DE4	G-LMRX	AT75
7DE5	G-ZYDA	DA40
7DE8	G-WHSA	EC45
7DE9	G-BRPC	BN2T
7DED	G-LOGI	R66
7DF0	G-PODZ	TL30
7DF2	G-DRAK	CL60
7DF3	G-ISLR	S22T
7DF6	G-GSAR	A139
7DF7	G-SECS	C42
7DFC	G-GBNI	A21N
7DFD	G-CPTZ	A169
7DFE	G-TEMU	S22T
7E00	G-EWOK	PTSS
7E01	G-JINT	R44
7E03	G-CMFZ	RV10
7E04	G-YYES	SR20
7E05	G-DKDK	C25M
7E0B	G-KMTE	SR22
7E0F	G-IIZE	EDGE
7E10	G-NHVL	EC75
7E11	G-SZTD	SLG2
7E12	G-TLDI	TL30
7E13	G-HMGD	DA62
7E17	G-STJP	TL20
7E1C	G-GIMT	DA62
7E21	G-VLDY	A339
7E22	G-CMIZ	J3
7E24	G-ULPY	M20T
7E26	G-EGSX	P28A
7E29	G-CMEH	AS50
7E2B	G-CMJH	EFOX
7E2E	G-SAVI	B505
7E30	G-CMJI	C42
7E31	G-CMJJ	AT76
7E32	G-CMJM	AT76
7E33	G-CMJN	AT76
7E34	G-CMMY	C42
7E36	G-KANF	B505
7E37	G-FNOT	SF25
7E38	G-YOGA	AC11
7E39	G-NADE	B505
7E3A	G-SOLE	C25M
7E3B	G-RANL	A109
7E3C	G-NAPS	GLIM
7E3D	G-URGH	E300
7E3F	G-ECLH	A346
7E40	G-CMLL	RV12
7E42	G-LLWP	AP32
7E43	G-CMJP	TL30
7E44	G-MSVO	A109
7E45	G-SUNB	A21N
7E46	G-SUNC	A21N
7E4E	G-JZBT	B738
7E4F	G-CMJU	C42
7E53	G-SUNE	A21N
7E54	G-SUND	A21N
7E56	G-ONEE	B744
7E57	G-VAZE	R44
7E58	G-CMJX	SIRA
7E59	G-CMJZ	DA50
7E5A	G-PAAL	PA32
7E5F	G-EJCA	A320
7E60	G-EJCC	A320
7E61	G-EJCE	A320
7E63	G-EJCR	A320
7E66	G-DKNE	L159
7E67	G-DKNF	L159
7E68	G-JZBU	B738
7E69	G-JZBW	B738
7E6A	G-NGSA	EXNG
7E6D	G-CMKE	RV8
7E6E	G-REWS	B505
7E6F	G-RNDX	E550
7E70	G-IROK	MM16
7E71	G-JZBV	B738
7E72	G-PNZE	S76
7E73	G-IOSH	S76
7E74	G-LMRV	AT75
7E75	G-LMSB	AT46
7E78	G-OLOV	EFOX
7E7A	G-XITE	B505
7E7B	G-TUMX	B38M
7E7D	G-JZBX	B738
7E7E	G-JZBY	B738
7E82	G-RUKI	B738
7E84	G-FXVA	S76
7E85	G-BUUG	RF6
7E86	G-CMKI	C152
7E87	G-CMKJ	P28A
7E88	G-CMLB	EFOX
7E89	G-CMMZ	EFOX
7E8A	G-LKDM	SLG2
7E8B	G-JJSN	R44
7E8C	G-MLML	SR22
7E8E	G-SBNM	GLEX
7E8F	G-RAWM	R44
7E90	G-CMKN	C42
7E92	G-DMBC	GLIM
7E97	G-JTBL	TWEN
7E99	G-KEVF	NG5
7E9A	G-MUZI	MM24
7E9B	G-JPHH	TWEN
7E9C	G-GNEE	C42
7E9D	G-CMTZ	PIAT
7E9F	G-CMLI	E170
7EA0	G-DHLP	B763
7EA1	G-DHLO	B763
7EA4	G-CMKR	C42
7EA5	G-CMNI	NNJA
7EA8	G-CMLX	NNJA
7EAC	G-KLNA	A109
7EAE	G-PJWW	EC30
7EAF	G-OKOK	DR40
7EB0	G-IIGB	GB1
7EB2	G-TTNU	A20N
7EB5	G-DHLV	B77L
7EB7	G-CMLV	TL20
7EB8	G-LILB	RV3
7EBF	G-FOOJ	SUBA
7EC0	G-ORNG	MM16
7EC1	G-CMML	EVSS
7EC3	G-SCOP	TAMP
7EC6	G-COXE	CC19
7EC8	G-NIIX	NNJA
7ECB	G-SHDF	A139
7ECD	G-GJIM	DA62
7ECE	G-NJAE	F2TH
7ECF	G-CMKV	C42
7ED0	G-ENDG	C42
7ED2	G-CMLG	SKRA
7ED4	G-PPPT	A109
7ED8	G-VEII	A339
7ED9	G-HMGE	DA62
7EE3	G-IROH	MM24
7EE4	G-TJPK	A109
7EE7	G-CMKY	BE76
7EE8	G-MCAD	T206
7EEB	G-SUNF	A21N
7EEC	G-UZLP	A20N
7EED	G-CMLJ	EUPA
7EF0	G-CMNO	ESCP
7EF2	G-KDLO	GLIM
7EF3	G-MAKO	SHRK
7EF6	G-IVYY	C42
7EF7	G-ETPR	B350
7EF9	G-WBRN	R66
7EFE	G-DKNG	L159
7EFF	G-DKNH	L159
7F00	G-LZRI	E550
7F02	G-CMOM	P28A
7F08	G-RIFZ	GLIM
7F0A	G-CMOT	EFOX
7F0B	G-MCME	TL20
7F0C	G-EHLE	C42
7F0D	G-RUKK	B738
7F0E	G-RUKJ	B738
7F11	G-MDSZ	PC12
7F12	G-CMNG	C42
7F13	G-ECLJ	A342
7F16	G-CMPE	C42
7F17	G-CMMG	GLIM
7F19	G-VBOB	A35K
7F1A	G-MCAW	SLG4
7F1C	G-RAVT	GLIM
7F1D	G-OUTY	DA50
7F1F	G-RUKM	B738
7F24	G-CMOB	EFOX
7F25	G-NGLL	NG5
7F27	G-FORB	NG5
7F2A	G-SGCA	EFOX
7F2B	G-XWBN	A35K
7F2C	G-XWBO	A35K
7F2D	G-XWBP	A35K
7F31	G-NEEV	TL30
7F35	G-EJCP	A320
7F38	G-SUNG	A21N
7F40	G-KSMC	C42
7F41	G-CMMK	AT76
7F42	G-CMMN	AT76
7F43	G-CMMT	AT76
7F46	G-DPBL	A109
7F48	G-PFLY	S22T
7F49	G-CMOG	SLG2
7F4C	G-LMTF	AT76
7F4E	G-TJAE	DA42
7F4F	G-RASP	AP32
7F53	G-LXBB	WT9
7F56	G-EMEH	EC75
7F58	G-HMGF	BE30
7F5A	G-GLCM	P32R
7F5F	G-EJCO	A320
7F60	G-EJCG	A320
7F61	G-EJCH	A320
7F62	G-EJCV	A320
7F63	G-EJCK	A320
7F64	G-EJCD	A320
7F65	G-EJCF	A320
7F66	G-EJCI	A320
7F67	G-EJCJ	A320
7F6C	G-KDKD	PIVE
7F6E	G-OHJK	B738
7F6F	G-YOLT	MM16
7F71	G-ZEAA	DA62
7F72	G-GOAT	AS50
7F74	G-VALH	DR40
7F75	G-DMBT	GLIM
7F76	G-LAAA	EC35
7F77	G-CMPM	NNJA
7F79	G-UJEA	A20N
7F7A	G-UJEB	A20N
7F7B	G-JZDA	B738
7F7C	G-JZDB	B738
7F7D	G-JZDC	B738
7F83	G-GNHL	EFOX
7F84	G-GHST	C42
7F85	G-LMTB	AT76
7F86	G-HMGG	B350
7F88	G-GXVV	SR20
7F89	G-FGRP	A109
7F8B	G-FERO	CH70
7F8C	G-DRTV	B738
7F8D	G-DRTX	B738
7F8E	G-SOVR	C25A
7F8F	G-CMNL	SKRA
7F90	G-VRAB	RV8
7F93	G-HCKT	CH60
7F94	G-DHLR	B763
7F96	G-TUKR	B738
7F97	G-LZZI	EC45
7F99	G-CMNS	PIVI
7F9B	G-XMDM	E300
7F9C	G-ESKR	SKRA
7F9D	G-GAPC	S22T
7F9F	G-LJMJ	S22T
7FA0	G-RORE	E550
7FA1	G-OBOE	NNJA
7FA2	G-VXGC	AP32
7FA3	G-KLYM	SLG4
7FA4	G-CMNU	KFAS
7FA5	G-GWOW	S22T
7FA6	G-RVXA	RV10
7FA7	G-DOGR	EC35
7FA8	G-HJBM	HDJT
7FAA	G-OFFC	A109
7FAC	G-TUOB	B38M
7FAD	G-TUOA	B38M
7FAE	G-TUMZ	B38M
7FAF	G-TUMY	B38M
7FB0	G-CMNW	DA62
7FB5	G-DBSD	GL7T
7FB9	G-PJCD	A139
7FC0	G-CMOA	C152
7FC1	G-WUKW	A21N
7FC2	G-WUKV	A21N
7FC3	G-WORD	B505
7FC5	G-CMOC	SIRA
7FC6	G-CMOF	SIRA
7FC7	G-UJEC	A20N
7FC8	G-DBHI	B505
7FC9	G-TNEA	A21N
7FCA	G-TNEB	A21N
7FCB	G-TNEC	A21N
7FCC	G-XWBR	A35K
7FCD	G-XWBS	A35K
7FD1	G-CMRE	C42
7FD2	G-DHLU	B77L
7FD5	G-CMOE	DA50
7FD6	G-CMRD	C42
7FD7	G-RESA	A139
7FD8	G-RESB	A139
7FD9	G-OTST	DA42
7FDA	G-WUKX	A21N
7FDD	G-LAAB	EC35
7FDF	G-KORU	RV9
7FE3	G-TLDM	TL30
7FE4	G-EMHF	A109
7FE8	G-MIIO	GLIM
7FEA	G-WUKY	A21N
7FEC	G-CMPO	MM24
7FED	G-CMRJ	MM24
7FEF	G-CMPL	C42
7FF1	G-OASB	AT75
7FF2	G-RRJR	EFOX
7FF3	G-HITC	AS50
7FF4	G-WUKZ	A21N
7FF6	G-UAUK	AP32
7FF8	G-JERK	P51
7FF9	G-CMPV	NG5
7FFB	G-GOST	P28A
7FFD	G-TUGD	EFOX
7FFE	G-SRXX	SR20
7FFF	G-UZLS	A20N
8002	G-XXMB	GA8
8008	G-MBMM	SLG4
8009	G-DPAE	DA40
800A	G-SIRT	A109
800C	G-WNGM	PC12
800D	G-HMGH	B350
800F	G-LITT	B407
8010	G-CMPF	C42
8011	G-UZLT	A20N
8013	G-CMTV	NG5
8015	G-AXSC	PUP
8016	G-DHLS	B763
8017	G-JGLG	TWEN
801B	G-CMSA	AS50
801C	G-LXRY	A139
8020	G-CMSM	NG5
8026	G-TUKS	B738
8027	G-TUKT	B738
802A	G-SLAY	DA40
802B	G-RVBK	RV8
802D	G-MDTC	AS50
8030	G-YEBO	SR22
8032	G-SUNH	A21N
8033	G-SUNJ	A21N
8034	G-SUNL	A21N
8036	G-IIJM	EXNG
803A	G-OMTM	S22T
803B	G-OBBI	G2CA
803C	G-JZDD	B738
803D	G-DITW	P06T
803F	G-TUKW	B738
8040	G-TUKX	B738
8041	G-WUNA	A21N
8044	G-MPDF	TL20
8045	G-OPTH	RV7
8047	G-EDII	ST75
8049	G-DHMA	B77L
804A	G-DHMB	B77L
804B	G-GOMC	S22T
804C	G-LRMJ	SR22
804D	G-WUNB	A21N
804E	G-WUNC	A21N
8050	G-ONOA	P28R
8051	G-UZLW	A20N
8052	G-UZLV	A20N
8053	G-UZLX	A20N
8058	G-FHJT	HDJT
8059	G-JZDE	B738
805D	G-WUND	A21N
8062	G-VSRB	A339
8063	G-RGSK	S22T
8064	G-WUNE	A21N
8066	G-LMTG	AT76
8067	G-JZBZ	B738
806A	G-ENRG	E550
806B	G-GEEK	DA42
8071	G-MDSE	PC12
8077	G-GFUN	EFOX
807A	G-HODL	B738
8084	G-CMTG	P28A
8086	G-TUOD	B38M
8087	G-LMTI	AT76
8088	G-HNEY	GL7T
8089	G-YKED	YK50
808A	G-YAIR	EC45
808B	G-VRIF	A339
808C	G-VNVR	A35K
8091	G-KAVI	C182
8092	G-ZBLH	B78X
8095	G-EHAT	A169
8096	G-MSMK	AP32
8097	G-IOOS	A109
8098	G-VERO	M600
8099	G-PJCM	A139
809A	G-PJCN	A139
809B	G-PJCS	A139
809C	G-FTRO	C152
80A0	G-SGCB	EFOX
80A2	G-VELJ	A35K
80A3	G-DMCF	GLIM
80A4	G-JZDF	B738
80A5	G-LOBY	GL5T
80AB	G-CMTD	EFOX
80AD	G-UZLY	A20N
80B1	G-OLGE	SR20
80B2	G-JADN	PC12
80B4	G-CMSG	TWEN
80B6	G-ZBLI	B78X
80BB	G-ZBLJ	B78X
80BC	G-CMTB	DA50
80BF	G-ZBLK	B78X
80C0	G-ZBLL	B78X
80C1	G-RUKO	B738
80C2	G-RUKN	B738
80C6	G-RESE	A139
80C7	G-RESF	A139
80C8	G-TESG	DA42
80C9	G-ZEAB	DA62
80CA	G-ECLK	A346
80CB	G-NJAF	F2TH
80CC	G-HMGI	BE30
80CE	G-WAZE	A109
80CF	G-WEAH	B38M
80D2	G-ESHR	RV12
80D8	G-GRUN	A109
80D9	G-CSAC	EFOX
80DA	G-COSA	SLG4
80DB	G-TTNV	A20N
80DD	G-PSPT	TL20
80DE	G-SUNM	A21N
80DF	G-SUNO	A21N
80E0	G-TTNW	A20N
80E1	G-TTNX	A20N
80E2	G-JZDG	B738
80E3	G-TTNY	A20N
80E4	G-TTNZ	A20N
80E6	G-HFLW	EC45
80E7	G-STUM	DA50
80E8	G-XDCB	B505
80E9	G-TNED	A21N
80EA	G-TNEE	A21N
80ED	G-DKNI	L159
80EE	G-DKNJ	L159
80F1	G-ONEG	B77L
80F2	G-WASF	MM22
80F4	G-CMVE	NNJA
80F5	G-LUFC	B407
80F6	G-EJCL	A320
80F7	G-EJCM	A320
80F9	G-ONEH	B77L
80FD	G-YAYA	R66
80FE	G-NHVX	A139
80FF	G-CMTK	C152
8100	G-HITD	AS50
8102	G-GVII	GA7C
8106	G-VXNN	AP32
810D	G-MOES	RV8
8110	G-OSAX	PIVI
8111	G-LMTH	AT76
8112	G-NYMP	EFOX
8114	G-LYRA	R44
8117	G-RDRD	CLON
811A	G-TMCF	A109
811B	G-OALZ	YK52
811C	G-KIGL	NG5
8120	G-VEYR	A339
8121	G-VPIE	A339
8124	G-JZDH	B738
8127	G-MACZ	B762
8129	G-CMWG	DA62
812C	G-CNLL	A169
812D	G-UZMK	A21N
812E	G-UZLZ	A20N
8133	G-LAKA	GLEX
8134	G-TTSA	A20N
8135	G-STKM	JPRO
8137	G-SOVJ	C525
8139	G-CMVV	RV9
813A	G-CMVK	EFOX
813B	G-CMVD	C42
813E	G-CMUP	EFOX
8140	G-OKDM	TL30
8142	G-DHMC	B77L
8143	G-DHMD	B77L
8144	G-SVNT	LJ45
8148	G-TESH	DA40
814A	G-PEMB	AT76
814C	G-LMHA	GLEX
814F	G-CMWC	PIAT
8150	G-CMWT	PIAT
815B	G-UZED	A20N
815C	G-UZEE	A20N
8160	G-MUZM	E300
8162	G-RESH	A139
8163	G-RESI	A139
8165	G-CMUV	A109
8166	G-PAMH	PC24
8168	G-GJOA	EFOX
816A	G-CMXB	GAZL
816B	G-CMXC	EC45
816D	G-CMXE	EC45
816E	G-CMXF	EC45
816F	G-HMAA	EC45
8170	G-PBOT	AT76
8171	G-MRSB	R44
8177	G-NJAH	C56X
8178	G-NJAI	C56X
8179	G-HJUK	HDJT
817A	G-NALC	AS55
817C	G-SPMI	FA6X
817D	G-RDWN	A109
8180	G-FXVB	S76
8181	G-UZEF	A20N
8183	G-UZEG	A20N
8184	G-UZEH	A20N
8186	G-MEDY	PC12
8188	G-SPJT	C55B
818A	G-TBEZ	G2CA
818F	G-CMVT	EFOX
8191	G-DBLU	A139
8194	G-POWX	E190
8195	G-TESM	DA42
8196	G-TESK	DA40
8197	G-TESJ	DA40
8198	G-TESN	DA42
819B	G-KKRV	RV7
819C	G-CSLG	R66
819E	G-PEEP	NNJA
81A1	G-TTSB	A20N
81A3	G-TTSC	A20N
81A4	G-KFCW	NNJA
81A7	G-CMWO	EFOX
81A9	G-HLYH	A21N
81AA	G-HLYI	A21N
81B2	G-CMXV	AP32
81B4	G-IGRT	TL20
81BA	G-PCTF	PC24
81BB	G-TNEF	A21N
81BC	G-TNEG	A21N
81BD	G-TTSD	A20N
81BE	G-PEMD	DA50
81BF	G-TTSF	A20N
81C0	G-TTSE	A20N
81C4	G-HAGI	B738
81C5	G-MGKG	A109
81CA	G-CMYA	J400
81CD	G-XPLR	PIVI
81CF	G-XLRA	A21N
81D6	G-OJDG	R44
81DA	G-SIXE	CRUZ
81DC	G-CMYM	EFOX
81E1	G-CMWI	E190
81E2	G-FLIE	TL20
81E6	G-OTTR	FOX
81E8	G-LIMR	NG5
81E9	G-EMCS	GLIM
81EA	G-DKNL	L159
81EB	G-DKNK	L159
81EC	G-DKNM	L159
81ED	G-MRRL	A109
81EF	G-RLXA	LXR
81F1	G-CMXH	GAZL
81F2	G-CMXJ	GAZL
81F3	G-CMXK	GAZL
81F4	G-CMXL	GAZL
81F5	G-CMXM	GAZL
81F6	G-CMXN	GAZL
81F7	G-CMXO	GAZL
81F8	G-CMXP	GAZL
81FA	G-XXEE	A139
81FB	G-XXEF	A139
81FC	G-DWGI	A139
81FD	G-UNIH	A139
8202	G-CMZI	E190
8208	G-CMYH	EFOX
820A	G-KLCK	AS50
820E	G-SUNP	A21N
820F	G-SUNR	A21N
8210	G-SUNS	A21N
8213	G-HLYJ	A21N
8217	G-VNEA	SIRA
8218	G-VNEB	SIRA
8219	G-MCSW	P51
821B	G-LYNJ	B407
821D	G-LYZY	LYSA
821F	G-TOKN	DA62
8222	G-EMCW	GLIM
8223	G-VJTA	C56X
8225	G-TOPE	SHRK
8227	G-TNEH	A21N
8228	G-TNEI	A21N
8229	G-TNEJ	A21N
822B	G-VJTB	C56X
822D	G-TTSH	A20N
822E	G-TTSG	A20N
8230	G-ECHL	SR20
8238	G-KALE	DA62
8239	G-EPEE	J400
823A	G-CMZA	AC11
823B	G-IRRB	TOBA
823C	G-HLYK	A21N
823D	G-HLYL	A21N
823F	G-HLYM	A21N
8243	G-CXDE	EFOX
8244	G-CMXS	AS50
8245	G-SVNN	SR22
8247	G-CMYT	EFOX
8248	G-GWVV	SR20
824C	G-DMAB	GLIM
824D	G-OOZE	DA62
8251	G-LMTJ	AT76
8253	G-RGAM	DA40
8254	G-RGAH	DA40
8257	G-NSCA	EC45
8259	G-HUWW	PA34
825F	G-SUNU	A21N
8260	G-SUNV	A21N
8261	G-CWAW	J400
8262	G-SUNW	A21N
8263	G-SPYZ	R66
8264	G-YSAR	A139
8268	G-OEND	A189
826B	G-GSTN	EC30
826E	G-XXLB	B407
8270	G-DMDM	TL30
8271	G-MDYG	DA40
8276	G-OHSE	EC75
8280	G-OENE	A189
8281	G-ISLP	AT76
8284	G-SYLA	BE20
8289	G-GGWP	GLIM
828F	G-WHTE	SHRK
8295	G-CMZD	AP32
8296	G-ENLI	TWEN
8298	G-MULR	B38M
829A	G-YSSS	PC24
829E	G-SLVA	PC24
82A0	G-HITG	AS50
82A3	G-EJMX	B505
82AB	G-UZML	A21N
82AC	G-UZMM	A21N
82AD	G-CMYL	SIRA
82AF	G-CMYJ	SIRA
82B1	G-BTLY	BN2P
82B5	G-PMMC	A139
82BB	G-FHJS	HDJT
82BC	G-VNOR	CL60
82BD	G-NIKA	C525
82C0	G-NOLR	A109
82C5	G-TLAG	AC4
82C8	G-DMDE	GLIM
82CB	G-TUPB	B38M
82CC	G-TUPA	B38M
82CD	G-TUPC	B38M
82D0	G-DLTZ	B505
82D6	G-MCFC	A139
82DB	G-UBIX	R44
82DE	G-VIFF	HAR
82E5	G-VMMV	SHRK
82E6	G-TUPD	B38M
82E7	G-RYMA	B38M
82E9	G-HOOF	BE20
82EF	G-FOST	A139
82F0	G-ESAR	A139
82F2	G-NJAJ	C56X
82F3	G-NJAK	C56X
82F4	G-NPTG	B738
82F5	G-ZEAC	DA62
82F6	G-ULFD	GA7C
82F7	G-LILM	EXNG
82F8	G-EMCY	LJ45
82F9	G-EMCZ	LJ45
82FD	G-GGPC	B407
8302	G-CNAG	SIRA
8303	G-CNAX	SIRA
8304	G-KILL	GAZL
8305	G-HLYN	A21N
8306	G-RRPL	GA8C
8309	G-SALW	DA42
830A	G-THUD	B505
8314	G-TUPE	B38M
8315	G-NPTI	B738
8319	G-DSCC	A169
831A	G-SWOW	SR22
831D	G-DKNO	L159
831E	G-DKNN	L159
831F	G-DKNT	L159
8320	G-DKNR	L159
8323	G-IPDP	PC12
8324	G-LKZZ	SPAR
8325	G-IMTT	E55P
8329	G-TUPF	B38M
832A	G-TUPG	B38M
832B	G-TUPH	B38M
832C	G-TUPI	B38M
832D	G-CMZP	TWEN
8330	G-ETHO	A109
8331	G-SCLN	PC12
8332	G-SAMB	DA42
8334	G-SETG	P28T
8336	G-NETS	DHC6
8337	G-YSAS	B350
833C	G-XLRD	A21N
8341	G-WOWO	SR22
8342	G-NRLR	SHRK
8345	G-MILS	PC12
8346	G-SUNX	A21N
8347	G-SUNZ	A21N
8348	G-CNAI	EC45
834D	G-SEEU	R44
834E	G-TGMG	R44
834F	G-FLXZ	P28A
8352	G-JZEA	A21N
8353	G-SUEV	DA40
8354	G-HDSP	A109
8355	G-SHNC	SHRK
8356	G-JZEB	A21N
8357	G-JZEC	A21N
8360	G-DRAA	LJ60
8362	G-RPAR	AP32
8364	G-JDSP	B505
8366	G-ZBXA	B78X
8368	G-ODMT	KFAS
836A	G-MLLR	B505
836B	G-ZXIB	A21N
836C	G-ZXIC	A21N
836D	G-ZXIA	A21N
836F	G-COVR	DA62
8376	G-KNSH	C182
837A	G-FABV	E50P
837B	G-HLYO	A21N
837C	G-HLYP	A21N
837F	G-CNDC	MM24
8385	G-ISPM	A109
8386	G-ZXID	A21N
8387	G-ZXIE	A21N
8388	G-ZXIF	A21N
8389	G-ZXIG	A21N
838A	G-ZXIH	A21N
838B	G-TTSI	A20N
838D	G-TTSK	A20N
838E	G-THDA	A109
8390	G-CNEW	AP22
8395	G-JMES	DA62
8396	G-RMCD	S22T
8398	G-KVRB	M700
839A	G-HTGL	B350
839E	G-KWAT	TL30
83A0	G-DRAD	LJ60
83A1	G-WKTT	BE9L
83A2	G-LUMI	SR22
83A3	G-LILO	B505
83A4	G-RESS	C82S
83A7	G-DIMC	EFOX
83A8	G-TOUS	C172
83AA	G-OJFB	PC12
83AD	G-TUIP	B788
83B1	G-EMCX	LJ45
83B2	G-EMCV	LJ45
83B5	G-ZEAD	DA62
83B7	G-SSNA	C82S
83B8	G-NOWT	EFOX
83B9	G-CNBJ	B505
83C0	G-ZONA	A20N
83C1	G-PCCI	J400
83C4	G-IXDZ	RV9
83C5	G-SSCR	EXNG
83C6	G-HAZR	A109
83D0	G-LMTK	AT76
83D1	G-LMTL	AT76
83DB	G-MAAZ	J400
83E6	G-ZONB	A20N
83E8	G-CNEA	ELSP
83EB	G-OENF	A189
83EC	G-OENG	A189
83F2	G-CNVC	R44
83F3	G-CNCY	R44
840A	G-WKTV	BE9L
840F	G-DHMH	B77L
8418	G-HMNI	A109
8423	G-LZIE	E550
842E	G-FRZT	BN2P
8435	G-OATH	DA42
843A	G-FGFG	GLEX
845C	G-DVSC	PC24
846F	G-DOYL	DHC6
