0002	B-1655	A320
0005	B-6091	A332
0006	B-1840	A320
0007	B-3013	CRJ2
000A	B-6103	B738
000F	B-2445	B744
0010	B-2447	B744
0011	B-5130	B738
0012	B-6208	A319
0013	B-6937	A320
0015	B-6339	A321
0016	B-1970	B738
0019	B-6092	A332
001B	B-5372	B738
001D	B-7088	B737
0020	B-5167	B738
0022	B-2089	B77W
0026	B-5456	B738
0027	B-2820	B752
0028	B-2821	B752
002C	B-2825	B752
002D	B-2826	B752
002F	B-6402	A319
0031	B-2830	B752
0032	B-2831	B752
0033	B-2832	B752
0034	B-8293	GLF4
0035	B-1960	B738
003D	B-7922	C172
003E	B-9643	C172
003F	B-8289	A321
0040	B-7756	BE9L
0041	B-5670	B738
0043	B-8295	GLF4
0046	B-7923	C172
0048	B-7925	C172
0049	B-7926	C172
004A	B-7927	C172
004E	B-6196	A319
004F	B-6197	A319
0050	B-5151	B738
0051	B-5152	B738
0052	B-5208	B737
0055	B-5209	B737
0057	B-5210	B737
0058	B-5223	B737
0059	B-5225	B737
005A	B-2827	B752
005B	B-1856	A320
005C	B-8303	G280
005D	B-5131	B738
005E	B-5132	B738
005F	B-2404	A319
0060	B-3459	MA60
0062	B-9706	DA40
0063	B-2364	A319
0065	B-6004	A319
0066	B-6014	A319
0067	B-6044	A319
0068	B-6046	A319
0069	B-6047	A319
006A	B-5633	B738
006C	B-5207	B737
006F	B-7022	C650
0070	B-2298	A319
0071	B-2299	A319
0072	B-2300	A319
0073	B-6054	A319
0074	B-4061	CRJ7
0078	B-5112	B738
0079	B-5113	B738
007A	B-8077	A320
007C	B-6200	A319
007D	B-6201	A319
007E	B-2475	B744
007F	B-2476	B744
0081	B-6575	A320
0082	B-6202	A319
0083	B-8346	A320
0084	B-6245	A319
0085	B-6203	A319
0086	B-6251	A320
0089	B-2528	B733
008A	B-6342	A321
008B	B-8970	A333
008C	B-6343	A321
008E	B-2112	B733
008F	B-6252	A320
0090	B-1992	B738
0092	B-6090	A332
0094	B-6095	A333
0096	B-6173	A319
0097	B-1652	A320
0098	B-1832	A321
0099	B-5793	B738
009A	B-7353	S92
009B	B-1878	A321
009C	B-9957	A321
009D	B-8967	A333
009E	B-6253	A320
00A2	B-2584	B733
00A3	B-5571	B738
00A5	B-9963	A320
00A7	B-5371	B738
00A8	B-8279	GLF4
00A9	B-2099	B77W
00AA	B-2598	B733
00AB	B-1961	B738
00AC	B-5382	B738
00AD	B-6601	A320
00AF	B-2417	A321
00B0	B-2578	B733
00B1	B-1866	A320
00B2	B-2418	A321
00B3	B-3644	C525
00B4	B-3645	C525
00B5	B-3647	C525
00B6	B-3648	C525
00B7	B-3649	C525
00B8	B-3650	C525
00B9	B-5211	B737
00BA	B-5213	B737
00BB	B-5214	B737
00BF	B-5470	B738
00C0	B-5542	B738
00C1	B-5468	B738
00C2	B-6657	A321
00C8	B-6048	A319
00C9	B-4063	CRJ7
00CA	B-4064	CRJ7
00CB	B-001A	C919
00CC	B-5543	B738
00CE	B-8498	A320
00CF	B-6997	B738
00D0	B-8975	A320
00D1	B-6866	B738
00D2	B-6210	A319
00D5	B-6215	A319
00D6	B-6209	A319
00D7	B-6255	A320
00D8	B-5135	B738
00D9	B-6338	A320
00DA	B-5373	B738
00DC	B-5202	B737
00DE	B-5220	B737
00DF	B-6213	A319
00E0	B-6216	A319
00E4	B-6848	A321
00E5	B-5819	B737
00E6	B-1971	B738
00E7	B-6653	A320
00E8	B-5935	A333
00E9	B-6198	A319
00EB	B-2010	B77L
00EC	B-6119	A333
00EF	B-6122	A332
00F6	B-5833	B738
00F7	B-5676	B738
00FD	B-5147	B738
00FE	B-5149	B738
00FF	B-8971	A333
0101	B-6523	A333
0106	B-6217	A319
0107	B-6218	A319
0108	B-9876	DA40
010B	B-6265	A321
010C	B-6267	A321
010E	B-6270	A321
0111	B-6273	A321
0116	B-5140	B738
0127	B-HLD	A333
0128	B-HLE	A333
0129	B-HLF	A333
012A	B-HLG	A333
012B	B-HLH	A333
012C	B-HLI	A333
012D	B-HLJ	A333
012E	B-HLK	A333
0158	LH96926	AS65
0162	B-HYB	A333
016D	B-HNE	B773
016E	B-HNF	B773
016F	B-HNG	B773
0170	B-HNH	B773
0171	B-HNI	B773
0172	B-HNJ	B773
0173	B-HNK	B773
0179	B-HLL	A333
017C	B-HSD	A320
017F	B-HSG	A320
0181	B-HYF	A333
0183	B-HSI	A320
0184	B-HSJ	A320
018A	B-HTF	A321
018D	B-HLM	A333
018E	B-HLN	A333
018F	B-HLO	A333
0190	B-HLP	A333
0191	B-HLQ	A333
0192	B-HLR	A333
0193	B-HLS	A333
0195	B-HYG	A333
019C	B-HLT	A333
019D	B-HRL	AS3B
019E	B-HRM	AS3B
019F	B-HRN	AS3B
01A1	B-HSK	A320
01A3	B-HYI	A333
01AA	B-HRW	EC55
01AC	B-HRY	EC55
01AD	B-HYJ	A333
01AF	B-HNM	B773
01B0	B-HNN	B773
01B1	B-HTH	A321
01B2	B-HTI	A321
01B4	B-HLU	A333
01B5	B-HLV	A333
01B6	B-HLW	A333
01B7	B-HNO	B773
01B9	B-HYQ	A333
01BB	B-LDA	A306
01BC	B-LDB	A306
01BD	B-LDC	A306
01BE	B-LDD	A306
01C1	B-HSL	A320
01C2	B-HSM	A320
01C6	B-LAA	A333
01C7	B-LAB	A333
01C9	B-LAD	A333
01CA	B-LAE	A333
01CB	B-LAF	A333
01CC	B-HNP	B773
01D4	B-HSN	A320
01DC	B-HNQ	B773
01E3	B-LDH	A306
0201	B-KPA	B77W
0204	B-KPD	B77W
0205	B-KPE	B77W
0212	B-KPF	B77W
0217	B-LIA	B744
0218	B-LIB	B744
0219	B-LIC	B744
021A	B-LID	B744
021B	B-LIE	B744
021C	B-LIF	B744
0220	B-KPI	B77W
0224	LH993763	WZ10
0227	B-KPK	B77W
022D	B-KPN	B77W
022E	B-KPO	B77W
0231	B-LJA	B748
0232	B-LJB	B748
0233	B-LJC	B748
0235	B-LAJ	A333
0236	B-LAK	A333
0237	B-LAL	A333
023A	B-KVC	GLF5
023C	B-KPP	B773
023D	B-KPQ	B77W
023E	B-KPR	B77W
023F	B-KCK	GLF5
0244	LH93796	MI8
0245	B-5145	B738
0246	B-1752	B738
0248	B-6279	A320
024A	B-6277	A320
024E	B-5226	B737
024F	B-5400	B738
0250	B-6153	A319
0252	B-6222	A319
0253	B-5227	B737
0254	B-5228	B737
0255	B-5229	B737
0256	B-5159	B738
0257	B-5160	B738
0258	B-5161	B738
0259	B-5162	B738
025A	B-5705	B738
025E	B-3250	CRJ9
025F	B-6281	A320
0260	B-6282	A320
0261	B-6283	A320
0262	B-1401	B738
0263	B-5163	B738
0264	B-5165	B738
0265	B-5166	B738
0267	B-5156	B738
0268	B-5157	B738
0269	B-7928	C172
026A	B-7929	C172
026B	B-7930	C172
026C	B-7931	C172
026D	B-7932	C172
026E	B-6070	A332
0273	B-9716	DA40
0275	B-6075	A332
0276	B-6076	A332
0277	B-6223	A319
0278	B-6225	A319
0279	B-6226	A319
027A	B-6227	A319
027B	B-6228	A319
027C	B-6711	A321
027D	B-1729	B738
027E	B-1751	B738
027F	B-7933	C172
0280	B-7934	C172
0281	B-7935	C172
0282	B-7936	C172
0283	B-7937	C172
0284	B-7938	C172
0285	B-7939	C172
0286	B-7940	C172
0287	B-7941	C172
0288	B-7942	C172
0289	B-7943	C172
028A	B-7944	C172
028B	B-6071	A332
028C	B-6072	A332
028E	B-8226	A332
028F	B-5170	B738
0290	B-6069	B738
0291	B-8561	A321
0292	B-1416	B738
0293	B-1582	B738
0294	B-1583	B738
0295	B-7668	B738
0296	B-1407	B738
0297	B-1408	B738
029C	B-5179	B738
029D	B-6286	A320
029E	B-2425	B744
02A0	B-5487	B738
02A1	B-5231	B737
02A2	B-6231	A319
02A3	B-2419	A321
02A4	B-2420	A321
02A5	B-5232	B737
02A6	B-5233	B737
02A7	B-5236	B737
02A8	B-5238	B737
02A9	B-6287	A320
02AA	B-6288	A320
02AB	B-6289	A320
02AC	B-6290	A320
02AD	B-6291	A320
02AE	B-6292	A320
02AF	B-6293	A320
02B0	B-1400	B738
02B1	B-8569	A321
02B3	B-8586	A320
02B5	B-5180	B738
02B6	B-5181	B738
02B8	B-10AU	C172
02B9	B-8081	GALX
02BA	B-8347	A320
02BB	B-1867	A320
02BD	B-6472	A319
02BE	B-6296	A320
02BF	B-6297	A320
02C1	B-1651	A320
02C3	B-5182	B738
02C5	B-5617	B738
02C8	B-8563	A320
02C9	B-5185	B738
02CB	B-6301	A320
02CC	B-2113	B733
02D1	B-2115	B733
02D3	B-6080	A332
02D4	B-6081	A332
02D5	B-6302	A321
02D6	B-2117	B733
02D8	B-6305	A321
02D9	B-3247	E195
02DA	B-1323	B738
02DB	B-1910	B738
02DD	B-1328	B738
02E0	B-5239	B737
02E1	B-5189	B738
02E2	B-5190	B738
02E3	B-5191	B738
02E4	B-5301	B738
02E5	B-5302	B738
02E6	B-5303	B738
02E7	B-5305	B738
02E8	B-5306	B738
02E9	B-5307	B738
02EC	B-5311	B738
02ED	B-6306	A321
02EF	B-6308	A321
02F0	B-5240	B737
02F1	B-5241	B737
02F2	B-5192	B738
02F3	B-5193	B738
02F4	B-5195	B738
02F6	B-5310	B738
02F7	B-3609	PA44
02F8	B-3670	PA44
02F9	B-3671	PA44
02FA	B-3672	PA44
02FB	B-1750	B738
02FD	B-2422	B744
02FE	B-2423	B744
02FF	B-6082	A332
0300	B-6083	A333
0301	B-6085	A333
0302	B-6167	A319
0303	B-8078	A320
0304	B-6309	A320
0305	B-6310	A320
0306	B-5317	B738
0308	B-5249	B737
030B	B-5315	B738
030C	B-5316	B738
030D	B-5320	B738
030E	B-6542	A332
030F	B-6843	A320
0310	B-6845	A321
0314	B-5312	B738
0315	B-5313	B738
0317	B-5322	B738
031D	B-5326	B738
031E	B-5327	B738
031F	B-5328	B738
0320	B-5329	B738
0343	B-MAO	A319
034A	B-5820	B738
034E	B-3666	C56X
034F	B-3667	C56X
0350	B-6235	A319
0351	B-6236	A319
0352	B-6237	A319
0354	B-5548	B738
0355	B-6730	A320
0356	B-6238	A319
0358	B-5688	B738
035C	B-5332	B738
035E	B-3006	CRJ2
0361	B-3007	CRJ2
0362	B-3008	CRJ2
0363	B-3009	CRJ2
0364	B-5335	B738
0366	B-5333	B738
0367	B-5336	B738
0368	B-MCA	A321
036D	B-6317	A321
036E	B-6319	A321
036F	B-6318	A321
0372	B-5337	B738
0373	B-5338	B738
0374	B-1585	B738
0375	B-6171	A319
0376	B-5250	B737
0377	B-5251	B737
0378	B-5339	B738
0379	B-5340	B738
037B	B-6093	A332
037C	B-2426	B744
037D	B-8169	A320
037E	B-6328	A320
037F	B-9191	DA42
0384	B-9348	C172
0385	B-9349	C172
0386	B-9350	C172
0388	B-9251	C172
0389	B-9252	C172
038A	B-9253	C172
038B	B-9254	C172
038C	B-9255	C172
038D	B-9256	C172
038E	B-9257	C172
038F	B-9258	C172
0390	B-9259	C172
0391	B-9260	C172
0392	B-9261	C172
0393	B-9262	C172
0394	B-3098	E35L
0395	B-9264	C172
0396	B-9265	C172
0397	B-9266	C172
0399	B-9268	C172
039A	B-9269	C172
039B	B-9270	C172
039C	B-9271	C172
039D	B-9272	C172
039E	B-9273	C172
039F	B-9274	C172
03A4	B-9275	C172
03A5	B-9276	C172
03A7	B-1325	B738
03A8	B-3369	CRJ9
03AB	B-5285	B737
03AE	B-6512	A333
03AF	B-5477	B738
03B0	B-6908	A320
03B1	B-6909	A320
03B2	B-9278	C172
03B6	B-5401	B738
03BE	B-6545	A332
03BF	B-5975	A332
03C3	B-1686	A320
03C5	B-1982	B738
03C8	B-8027	FA7X
03CC	B-8847	A320
03CD	B-7371	B738
03CE	B-4060	CRJ7
03D0	B-3642	C56X
03D1	B-3643	C56X
03D3	B-9281	C172
03D4	B-9282	C172
03D5	B-9283	C172
03D6	B-9284	C172
03D7	B-9285	C172
03D8	B-9286	C172
03D9	B-9287	C172
03DA	B-9288	C172
03DB	B-9289	C172
03DC	B-9290	C172
03DD	B-9291	C172
03DE	B-9292	C172
03DF	B-9293	C172
03E0	B-9294	C172
03E1	B-9295	C172
03E2	B-6321	A320
03E3	B-6322	A320
03E4	B-6323	A320
03E5	B-6325	A320
03E6	B-6096	A333
03E7	B-6097	A333
03E8	B-6172	A319
03E9	B-6333	A320
03EA	B-6335	A320
03EB	B-5242	B737
03EC	B-5243	B737
03ED	B-6329	A321
03EE	B-6330	A321
03EF	B-6331	A321
03F0	B-6332	A321
03F1	B-7755	BE9L
03F2	B-6175	A319
03F3	B-6176	A319
03F4	B-6326	A321
03F5	B-6327	A321
03F6	B-5341	B738
03F7	B-5342	B738
03F8	B-5343	B738
03F9	B-9331	C172
03FA	B-9332	C172
03FB	B-9333	C172
03FC	B-9325	C172
03FD	B-9336	C172
03FF	B-9338	C172
0400	B-9339	C172
0402	B-9341	C172
0404	B-9343	C172
0405	B-9345	C172
0406	B-9346	C172
0407	B-9347	C172
0408	B-5345	B738
0409	B-6609	A320
040A	B-6610	A320
040B	B-5347	B738
040C	B-5348	B738
040E	B-9730	SR20
040F	B-9740	SR20
0410	B-8848	A321
0412	B-9193	DA42
0414	B-9196	DA42
0415	B-9197	DA42
0417	B-5346	B738
041B	B-MBA	A321
041C	B-MBB	A321
041D	B-MBC	A320
0420	B-5478	B738
0421	B-5479	B738
0423	B-8318	A321
0425	B-7180	B738
0426	B-7181	B738
0428	B-8655	A320
0429	B-1520	B738
042C	B-5319	B738
042D	B-5355	B738
042E	B-6340	A320
0430	B-9715	DA40
0431	B-5356	B738
0436	B-9315	C172
0437	B-6647	A320
0438	B-9311	C172
0439	B-9302	C172
043A	B-9303	C172
043B	B-9305	C172
043D	B-9307	C172
043E	B-9308	C172
043F	B-9309	C172
0440	B-9310	C172
0442	B-2662	B733
0443	B-6116	A332
0444	B-6118	A332
044A	B-5363	B738
044C	B-5539	B738
044D	B-5367	B738
044E	B-6115	A332
044F	B-6117	A332
0450	B-6113	A332
0452	B-7355	S92
0456	B-8562	A321
0457	B-1308	B738
0458	B-1322	B738
0459	B-7399	B738
045A	B-5370	B738
045B	B-5368	B738
045C	B-5369	B738
045D	B-6099	A332
045E	B-6100	A333
045F	B-6345	A321
0460	B-6346	A320
0461	B-5375	B738
0462	B-6088	A332
0464	B-2656	B733
0465	B-5821	B737
0467	B-6347	A320
0468	B-6348	A320
0469	B-6351	A320
046A	B-6352	A320
046B	B-5357	B738
046E	B-6357	A320
046F	B-6358	A320
0470	B-5377	B738
0471	B-5378	B738
0472	B-5379	B738
0474	B-5380	B738
0475	B-6360	A320
0476	B-5381	B738
0477	B-5383	B738
0478	B-5385	B738
0479	B-5386	B738
047A	B-5388	B738
047B	B-5389	B738
047C	B-5349	B738
047D	B-5350	B738
047E	B-5351	B738
047F	B-5352	B738
0481	B-5393	B738
0482	B-5395	B738
0483	B-5396	B738
0486	B-6353	A321
0487	B-6355	A321
0488	B-6356	A321
0489	B-10DD	DA40
048A	B-10TL	DA40
048B	B-6585	A320
048C	B-6130	A332
048E	B-6131	A332
048F	B-6361	A321
0490	B-5390	B738
0491	B-5391	B738
0492	B-5392	B738
0493	B-2432	B744
0495	B-9322	C172
0496	B-9323	C172
049D	B-5402	B738
049E	B-5405	B738
049F	B-6377	A320
04A0	B-5406	B738
04A1	B-5403	B738
04A3	B-3120	E190
04A5	B-3251	CRJ9
04A7	B-2003	B77W
04AC	B-6373	A320
04AD	B-6375	A320
04AE	B-6376	A320
04AF	B-5245	B737
04B0	B-3252	CRJ9
04B1	B-6506	A333
04B2	B-6507	A333
04B3	B-6366	A321
04B4	B-6367	A321
04B5	B-6368	A321
04B6	B-6369	A321
04B7	B-6370	A320
04B8	B-6371	A320
04B9	B-6372	A320
04BA	B-6132	A332
04BB	B-5398	B738
04BC	B-6362	A321
04BD	B-6363	A321
04BE	B-6365	A321
04BF	B-5397	B738
04C0	B-3122	E190
04C1	B-3123	E190
04C2	B-3125	E190
04C3	B-5199	B738
04C4	B-6378	A321
04C5	B-6379	A321
04C6	B-2071	B77L
04C7	B-2072	B77L
04C8	B-6481	A319
04C9	B-8849	A321
04CA	B-6505	A332
04CB	B-5387	B738
04CC	B-5198	B738
04CD	B-5197	B738
04CE	B-5196	B738
04CF	B-7695	CRJ2
04D3	B-6186	A318
04D4	B-6178	A319
04D5	B-6179	A319
04D6	B-6180	A319
04D7	B-6181	A319
04D8	B-6182	A319
04D9	B-6387	A321
04DA	B-9400	C172
04DB	B-9401	C172
04DC	B-9402	C172
04DD	B-9403	C172
04DE	B-9405	C172
04DF	B-9406	C172
04E0	B-9407	C172
04E1	B-9408	C172
04E2	B-9409	C172
04E3	B-9410	C172
04E4	B-9411	C172
04E5	B-9412	C172
04E6	B-6381	A320
04E7	B-6382	A321
04E8	B-6383	A321
04E9	B-6385	A321
04EA	B-6386	A321
04F1	B-1969	B738
04F2	B-5410	B738
04F3	B-6392	A320
04F4	B-5822	B737
04F5	B-6399	A320
04F6	B-3127	E190
04F7	B-3237	CRJ9
04F8	B-9330	C56X
04F9	B-7867	B738
04FA	B-5416	B738
04FB	B-5417	B738
04FC	B-5418	B738
04FE	B-6611	A320
0502	B-8227	A320
0504	B-2001	B77W
0505	B-3128	E190
0507	B-6389	A321
0508	B-6397	A321
0509	B-6398	A321
050A	B-6183	A319
050B	B-6550	A320
050C	B-5411	B738
050D	B-5412	B738
050E	B-5413	B738
050F	B-6185	A319
0510	B-6551	A321
0512	B-5428	B738
0513	B-5429	B738
0514	B-5430	B738
0518	B-6725	A320
0519	B-5419	B738
051A	B-5420	B738
051B	B-5421	B738
051C	B-5247	B737
051D	B-5252	B737
051E	B-5253	B737
051F	B-6190	A319
0520	B-6191	A319
0521	B-6552	A321
0522	B-6553	A321
0523	B-6187	A319
0524	B-5422	B738
0525	B-6555	A321
0526	B-6556	A321
0527	B-5423	B738
0528	B-5425	B738
0529	B-5426	B738
052B	B-2891	B734
052C	B-2892	B734
052F	B-5435	B738
0531	B-5137	B738
0533	B-1646	A321
0534	B-1608	A320
0538	B-3129	E190
0539	B-6192	A319
053A	B-6193	A319
053C	B-000A	A20N
053D	B-000C	A20N
053E	B-000D	A20N
053F	B-000E	A20N
0540	B-000F	A20N
0541	B-000G	A20N
0542	B-000H	A20N
0543	B-000J	A20N
0544	B-000K	A20N
0545	B-000L	A20N
0546	B-000M	A20N
0547	B-000N	A20N
0548	B-000P	A20N
0549	B-000Q	A20N
054A	B-000R	A20N
054B	B-000S	A20N
054C	B-000T	A20N
054D	B-000U	A20N
054E	B-000V	A20N
054F	B-000W	A20N
0550	B-6133	A332
0551	B-6561	A320
0552	B-6562	A320
0553	B-9365	DA40
0556	B-6558	A320
0557	B-6559	A320
0558	B-6560	A320
0559	B-5255	B737
055A	B-5256	B737
055B	B-5257	B737
055C	B-5258	B737
055E	B-5407	B738
055F	B-5409	B738
0560	B-2002	B77W
0561	B-2005	B77W
0565	B-3151	E190
0566	B-5439	B738
0567	B-5449	B738
0568	B-6569	A320
0569	B-6566	A320
056A	B-5441	B738
056B	B-5440	B738
056C	B-6567	A320
056D	B-6568	A320
056E	B-6565	A320
056F	B-6563	A320
0570	B-6570	A320
0571	B-6571	A320
0572	B-6246	A319
0573	B-6247	A319
0574	B-6248	A319
0575	B-5450	B738
0576	B-5451	B738
0577	B-5452	B738
0578	B-5453	B738
057A	B-3152	E190
057B	B-5260	B737
057C	B-5458	B738
057D	B-5459	B738
057E	B-2135	B734
057F	B-6599	A321
0580	B-5442	B738
0581	B-5443	B738
0582	B-6591	A321
0583	B-6592	A321
0584	B-5460	B738
0585	B-5461	B738
0586	B-5465	B738
0587	B-5261	B737
0588	B-9279	C172
0589	B-6572	A320
058A	B-6590	A321
058B	B-3153	E190
058C	B-8221	A332
058D	B-5467	B738
058E	B-5466	B738
058F	B-6195	A319
0590	B-6576	A320
0591	B-6577	A320
0592	B-6578	A321
0593	B-6579	A321
0594	B-6580	A321
0595	B-6581	A321
059B	B-6582	A320
059C	B-6583	A320
059E	B-4081	B738
059F	B-6593	A321
05A0	B-6595	A321
05A1	B-6388	A320
05A2	B-3155	E190
05A3	B-6586	A320
05A4	B-6587	A320
05A5	B-5482	B738
05A6	B-5480	B738
05A7	B-5481	B738
05A8	B-5483	B738
05A9	B-2073	B77L
05AA	B-2075	B77L
05AB	B-5469	B738
05AC	B-6588	A320
05AD	B-6407	A319
05AE	B-6408	A319
05AF	B-6409	A319
05B0	B-6596	A321
05B1	B-6597	A321
05B2	B-5471	B738
05B3	B-2899	B752
05B4	B-8099	GLF4
05B5	B-6589	A320
05B7	B-001N	AJ27
05B8	B-001P	AJ27
05B9	B-6406	A319
05BA	B-6598	A321
05BB	B-6600	A320
05BC	B-5259	B737
05BD	B-5262	B737
05BE	B-5472	B738
05BF	B-5473	B738
05C0	B-5475	B738
05C1	B-3157	E190
05C2	B-5476	B738
05C3	B-6603	A321
05C4	B-6605	A321
05C5	B-5485	B738
05C6	B-5486	B738
05C9	B-8973	A320
05CA	B-2881	B734
05CB	B-2882	B734
05CC	B-1653	A320
05CE	B-3158	E190
05D0	B-6410	A319
05D1	B-6612	A320
05D2	B-3159	E190
05D3	B-5462	B738
05D5	B-5488	B738
05D6	B-5489	B738
05D8	B-6616	A320
05D9	B-6617	A320
05DA	B-5263	B737
05DC	B-2076	B77L
05DD	B-2077	B77L
05DE	B-8100	GLF5
05E0	B-5499	B738
05E1	B-6613	A320
05E2	B-6615	A320
05E5	B-3160	E190
05E9	B-8012	A320
05EA	B-6621	A320
05EB	B-6620	A320
05EC	B-5445	B738
05ED	B-5446	B738
05EE	B-5495	B738
05EF	B-5492	B738
05F0	B-5493	B738
05F1	B-5496	B738
05F2	B-5497	B738
05F3	B-6631	A321
05F4	B-3161	E190
05F5	B-6619	A320
05F6	B-6135	A332
05F7	B-6622	A321
05F8	B-6623	A320
05F9	B-6625	A321
05FA	B-6626	A321
05FB	B-6627	A320
05FC	B-6628	A321
05FD	B-6629	A321
05FE	B-6630	A321
0601	B-6635	A320
0602	B-6636	A320
0603	B-6637	A320
0604	B-6638	A320
0605	B-6639	A320
0606	B-5265	B737
0607	B-5501	B738
0608	B-5500	B738
0609	B-6632	A321
060A	B-6633	A321
060B	B-6645	A320
060C	B-6646	A320
060D	B-3162	E190
060F	B-0420	C525
0611	B-6642	A321
0612	B-6643	A321
0613	B-5269	B737
0615	B-6640	A320
0616	B-6648	A320
0617	B-6649	A320
0618	B-6650	A320
0619	B-2513	B734
061B	B-5503	B738
061C	B-5511	B738
061D	B-5512	B738
061F	B-6667	A320
0620	B-7697	CRJ2
0622	B-3165	E190
0624	B-6641	A320
0625	B-6651	A320
0626	B-6652	A320
0627	B-6655	A320
0628	B-6656	A320
0629	B-6658	A321
062A	B-6659	A321
062B	B-6660	A321
062C	B-6661	A321
062D	B-6662	A321
062E	B-6663	A321
0630	B-2079	B77L
0631	B-5507	B738
0632	B-5508	B738
0634	B-5510	B738
0635	B-6665	A321
0637	B-3926	LJ60
0638	B-1307	B738
0639	B-6511	A333
063A	B-6513	A333
063B	B-5513	B738
0640	B-1310	B738
0643	B-6515	A332
0644	B-6516	A332
0645	B-7696	CL60
0647	B-5518	B738
0649	B-6675	A321
064B	B-6677	A320
064C	B-6671	A320
064D	B-6672	A320
064E	B-6673	A320
064F	B-5267	B737
0650	B-5515	B738
0651	B-5516	B738
0652	B-5517	B738
0653	B-6670	A320
0654	B-2081	B77L
0656	B-5521	B738
0657	B-5520	B738
0659	B-6668	A321
065A	B-5523	B738
065B	B-001Q	AJ27
065D	B-3166	E190
0660	B-3167	E190
0661	B-3168	E190
0662	B-5528	B738
0663	B-5529	B738
0665	B-6690	A320
0666	B-6691	A320
0667	B-6692	A320
0668	B-6693	A320
0669	B-6695	A320
066A	B-6696	A320
066B	B-5270	B737
066C	B-5527	B738
066E	B-6678	A320
066F	B-6679	A320
0670	B-6680	A320
0671	B-6681	A320
0672	B-6682	A320
0673	B-6683	A321
0674	B-6685	A321
0675	B-6686	A321
0676	B-6687	A321
0677	B-6697	A320
067A	B-6700	A320
067B	B-5536	B738
067C	B-5537	B738
067D	B-6705	A320
067E	B-6706	A320
067F	B-6707	A320
0680	B-6708	A320
0681	B-3169	E190
0682	B-3170	E190
0683	B-5533	B738
0684	B-5535	B738
0685	B-5532	B738
0686	B-5541	B738
0687	B-5538	B738
0688	B-5540	B738
0689	B-6702	A320
068A	B-6703	A320
068C	B-6701	A321
068D	B-6712	A321
068E	B-6412	A319
068F	B-6413	A319
0692	B-6709	A320
0693	B-6710	A320
0694	B-1687	A320
0695	B-5545	B738
0698	B-1909	B738
0699	B-1956	B738
069B	B-6713	A320
069C	B-6715	A320
069D	B-6716	A320
069E	B-5271	B737
069F	B-5546	B738
06A0	B-5547	B738
06A1	B-5549	B738
06A2	B-5550	B738
06A4	B-3457	MA60
06A5	B-6717	A320
06A6	B-5551	B738
06A7	B-5552	B738
06A9	B-6718	A321
06AA	B-6719	A320
06AB	B-3171	E190
06AC	B-3172	E190
06AD	B-6720	A320
06AE	B-6721	A320
06AF	B-6722	A320
06B1	B-9300	C680
06B2	B-9301	C680
06B3	B-9329	C680
06B4	B-6519	A332
06B5	B-6520	A333
06BC	B-6723	A320
06BD	B-6726	A320
06BE	B-6727	A320
06BF	B-5447	B738
06C0	B-6731	A320
06C2	B-8125	GLF5
06C3	B-6417	A319
06C4	B-6415	A319
06C5	B-6416	A319
06C6	B-5491	B738
06C7	B-5490	B738
06C8	B-3077	CL60
06CA	B-6732	A320
06CD	B-3173	E190
06D0	B-9390	DA40
06D6	B-9482	DA40
06D7	B-9483	DA40
06D9	B-6436	A319
06DA	B-6437	A319
06DB	B-6438	A319
06DC	B-8978	A321
06DE	B-6525	A333
06DF	B-5553	B738
06E0	B-6733	A320
06E1	B-6527	A333
06E2	B-6529	A333
06E3	B-6736	A320
06E4	B-6735	A320
06E5	B-9433	DA42
06E6	B-9435	DA42
06E8	B-3175	E190
06E9	B-5560	B738
06EA	B-5561	B738
06ED	B-5565	B738
06EE	B-5566	B738
06EF	B-6741	A321
06F0	B-6742	A321
06F1	B-9436	DA42
06F4	B-5576	B738
06F5	B-6746	A320
06F6	B-6747	A320
06F7	B-6748	A320
06F8	B-5570	B738
06F9	B-5572	B738
06FA	B-6745	A320
06FB	B-6743	A320
06FC	B-6737	A320
06FD	B-6738	A320
06FE	B-6739	A320
0703	B-6530	A333
0704	B-8132	GLF5
0705	B-8131	GLF5
0707	B-7667	B789
0708	B-2725	B788
0709	B-2726	B788
070A	B-2727	B788
070B	B-6740	A320
070D	B-6526	A332
070E	B-6528	A332
0711	B-3176	E190
0712	B-3177	E190
0713	B-6751	A320
0714	B-6752	A320
0719	B-6749	A320
071A	B-6750	A320
071B	B-2082	B77L
071D	B-6753	A321
071E	B-6755	A321
071F	B-6756	A320
0720	B-6757	A320
0721	B-6758	A320
0722	B-6759	A320
0723	B-6760	A320
0724	B-8387	A320
0725	B-6763	A320
0726	B-6765	A320
0728	B-5273	B737
0729	B-3909	H25B
072A	B-2437	B744
072D	B-5578	B738
072F	B-3570	CRJ2
0730	B-8869	A321
0731	B-7595	B738
0732	B-3178	E190
0733	B-6770	A320
0734	B-6771	A320
0735	B-6772	A320
0738	B-5579	B738
0739	B-5580	B738
073A	B-5581	B738
073B	B-7699	GLEX
073C	B-7795	CRJ2
073D	B-9489	DA40
0740	B-8228	A320
0741	B-5590	B738
0742	B-5591	B738
0743	B-5592	B738
0744	B-5593	B738
0745	B-6761	A320
0746	B-6762	A320
0747	B-6531	A332
0749	B-6775	A320
074A	B-6776	A320
074B	B-5586	B738
074C	B-5587	B738
074E	B-7137	EC25
074F	B-5595	B738
0750	B-6780	A320
0751	B-6781	A320
0752	B-2945	B733
0753	B-6787	A320
0754	B-6788	A320
0756	B-9381	DA40
0758	B-9383	DA40
075A	B-9386	DA40
075B	B-9396	DA40
075D	B-6778	A320
075E	B-6779	A320
075F	B-6773	A320
0760	B-5582	B738
0761	B-5583	B738
0762	B-5585	B738
0763	B-6790	A320
0764	B-9493	DA40
0765	B-9495	DA40
0766	B-8166	GLF4
0767	B-6782	A320
0768	B-6783	A320
0769	B-6785	A320
076A	B-6786	A320
076B	B-2085	B77W
076C	B-2086	B77W
076D	B-2087	B77W
076E	B-2088	B77W
076F	B-6767	A320
0770	B-5275	B737
0771	B-5596	B738
0772	B-5597	B738
0773	B-5598	B738
0777	B-3179	E190
0778	B-3180	E190
0779	B-6795	A320
077C	B-5448	B738
077D	B-5298	B737
077E	B-8229	A320
0780	B-6791	A321
0781	B-6792	A321
0782	B-6793	A320
0783	B-6533	A332
0784	B-3935	LJ60
0785	B-8158	GLF4
0786	B-5606	B738
0787	B-5607	B738
0788	B-5608	B738
0789	B-6796	A320
078A	B-6797	A320
078B	B-6798	A320
078C	B-6799	A320
078D	B-6801	A320
078E	B-6802	A320
078F	B-6803	A320
0790	B-6805	A320
0791	B-5276	B737
0792	B-5601	B738
0793	B-5602	B738
0794	B-5603	B738
0795	B-5605	B738
0796	B-9472	DA40
0797	B-9477	DA40
0798	B-9473	DA40
079B	B-9432	DA42
079C	B-9395	DA40
079E	B-5610	B738
079F	B-6811	A320
07A1	B-5277	B737
07A2	B-5278	B737
07A3	B-5279	B737
07A4	B-5280	B737
07A8	B-6806	A320
07A9	B-6807	A320
07AA	B-5612	B738
07AB	B-5613	B738
07AC	B-5615	B738
07AD	B-5616	B738
07AE	B-5618	B738
07AF	B-5619	B738
07B0	B-6810	A321
07B1	B-6820	A320
07B2	B-6821	A320
07B3	B-5611	B738
07B4	B-5620	B738
07B6	B-3181	E190
07B7	B-3182	E190
07B8	B-3183	E190
07B9	B-3185	E190
07BA	B-3186	E190
07BB	B-2080	B77L
07BC	B-6138	A388
07BD	B-6535	A332
07BE	B-6419	A319
07C0	B-8870	A333
07C1	B-6812	A320
07C3	B-6815	A320
07C4	B-6816	A320
07C5	B-6817	A320
07C6	B-5609	B738
07C9	B-5621	B738
07CA	B-5622	B738
07CB	B-6822	A320
07CC	B-6823	A321
07CD	B-6825	A321
07CE	B-6536	A332
07D1	B-6829	A320
07D2	B-6830	A320
07D3	B-6831	A320
07D4	B-6832	A320
07D5	B-6537	A332
07D6	B-6538	A332
07D7	B-5282	B737
07D8	B-6768	A320
07DA	B-5281	B737
07DB	B-6826	A320
07DC	B-6827	A320
07E1	B-9570	SR20
07E2	B-9571	SR20
07E4	B-9573	SR20
07E5	B-9575	SR20
07E7	B-9577	SR20
07E8	B-9578	SR20
07E9	B-9579	SR20
07EA	B-9580	SR20
07EB	B-9581	SR20
07ED	B-9583	SR20
07EE	B-9585	SR20
07EF	B-9586	SR20
07F2	B-9589	SR20
07F3	B-9520	SR20
07F5	B-3675	PA44
07F6	B-3676	PA44
07F7	B-3677	PA44
07F8	B-3678	PA44
07F9	B-3679	PA44
07FA	B-3680	PA44
07FB	B-3681	PA44
07FC	B-3999	B737
07FD	B-8066	A320
07FE	B-6833	A320
07FF	B-6835	A320
0800	B-6828	A320
0805	B-6789	A320
0806	B-6837	A320
0809	B-6836	A321
080A	B-6839	A321
080B	B-6838	A321
080D	B-6840	A320
080E	B-6841	A320
080F	B-9439	DA42
0810	B-9440	DA42
0811	B-8277	GALX
0813	B-7797	CRJ2
0816	B-5625	B738
0817	B-5623	B738
0818	B-6539	A333
0819	B-8196	GLEX
081A	B-7766	CL60
081B	B-3187	E190
081C	B-3188	E190
081E	B-8288	GLF5
0820	B-5626	B738
0821	B-5627	B738
0822	B-5628	B738
0823	B-5629	B738
0824	B-5630	B738
0825	B-5631	B738
0826	B-5632	B738
0827	B-5635	B738
082C	B-6851	A320
082D	B-6852	A320
082E	B-2090	B77W
082F	B-6540	A332
0830	B-6846	A320
0831	B-6847	A320
0838	B-5641	B738
0839	B-6856	A320
083A	B-6855	A320
083B	B-6857	A320
083C	B-6853	A320
083D	B-6860	A320
083E	B-6861	A320
083F	B-5637	B738
0840	B-5638	B738
0841	B-5636	B738
0843	B-9446	DA42
0844	B-9511	DA40
0845	B-9512	DA40
0846	B-9513	DA40
0847	B-9515	DA40
0848	B-9516	DA40
0849	B-7761	CL60
084A	B-6421	A319
084C	B-6877	A320
084D	B-6878	A320
084E	B-6879	A320
084F	B-6880	A320
0850	B-6543	A332
0851	B-6546	A332
0852	B-6870	A320
0853	B-6871	A320
0854	B-6872	A320
0855	B-6873	A320
085A	B-6898	A320
085B	B-6858	A320
085C	B-6859	A320
085D	B-6769	A320
085E	B-6467	A319
085F	B-6863	A320
0860	B-6862	A320
0861	B-5640	B738
0862	B-5283	B737
0863	B-6766	A320
0867	B-6881	A320
0868	B-6882	A320
0869	B-6883	A321
086A	B-6885	A321
086B	B-5642	B738
086C	B-2031	B77W
086D	B-6890	A320
086E	B-6891	A320
0871	B-5647	B738
0872	B-5639	B738
0873	B-6541	A332
0875	B-9552	DA40
0877	B-9556	DA40
0878	B-3189	E190
0879	B-3190	E190
087A	B-6420	A319
087B	B-6900	A320
087C	B-6865	A320
0882	B-6901	A320
0889	B-6895	A320
088A	B-6896	A320
088B	B-6897	A320
088C	B-5643	B738
088D	B-5645	B738
088E	B-5646	B738
088F	B-6907	A320
0890	B-7170	B738
0891	B-5648	B738
0892	B-5649	B738
0893	B-5650	B738
0894	B-5651	B738
0895	B-5652	B738
0896	B-3913	BE9L
0897	B-5665	B738
0898	B-3191	E190
0899	B-3192	E190
089A	B-6903	A320
089B	B-8950	A332
089D	B-8136	GLF5
089F	B-2728	B788
08A0	B-2729	B788
08A1	B-5661	B738
08A2	B-5663	B738
08A3	B-5662	B738
08A5	B-6915	A320
08A6	B-6916	A320
08A7	B-6917	A321
08A8	B-6549	A332
08A9	B-6503	A333
08AA	B-5679	B738
08AB	B-5680	B738
08AC	B-2032	B77W
08AD	B-6935	A320
08AE	B-6547	A332
08AF	B-6548	A332
08B1	B-8159	GALX
08B3	B-5671	B738
08B4	B-5672	B738
08B5	B-5673	B738
08B7	B-6906	A321
08B8	B-6905	A320
08B9	B-7186	EC35
08BC	B-1995	B738
08BD	B-6910	A320
08BE	B-6911	A320
08BF	B-6912	A321
08C0	B-6913	A321
08C1	B-5290	B737
08C2	B-5291	B737
08C3	B-5675	B738
08C4	B-5677	B738
08C5	B-5678	B738
08C6	B-6918	A320
08C7	B-6919	A321
08C8	B-5901	A333
08C9	B-5681	B738
08CA	B-5682	B738
08CB	B-2033	B77W
08CC	B-2035	B77W
08CD	B-6902	A320
08CE	B-3203	E190
08CF	B-5286	B737
08D0	B-5656	B738
08D1	B-5655	B738
08D2	B-5657	B738
08D3	B-5653	B738
08D4	B-5660	B738
08D5	B-5658	B738
08D6	B-5659	B738
08D7	B-6940	A320
08D8	B-8260	GLF5
08D9	B-9609	C172
08DA	B-9610	C172
08DC	B-9612	C172
08DD	B-9613	C172
08DF	B-5685	B738
08E0	B-5686	B738
08E1	B-5687	B738
08E2	B-5905	A333
08E3	B-6921	A320
08E4	B-6922	A320
08E6	B-5902	A332
08E7	B-5903	A332
08E8	B-6923	A321
08E9	B-6925	A321
08EA	B-6926	A321
08EB	B-6927	A321
08EC	B-6928	A320
08ED	B-6929	A320
08EE	B-6930	A320
08EF	B-6423	A319
08F0	B-6427	A319
08F3	B-6920	A321
08F4	B-6422	A319
08F5	B-6936	A318
08F6	B-8160	GLF5
08F7	B-3227	CRJ9
08FA	B-8252	GLF4
08FC	B-5690	B738
08FD	B-6939	A320
08FE	B-6938	A320
0900	B-6426	A319
0901	B-3208	E190
0902	B-3207	E190
0904	B-6943	A320
0905	B-5589	B738
0906	B-5683	B738
0907	B-9559	DA40
0908	B-9498	DA40
090A	B-9562	DA40
090B	B-9560	DA40
090D	B-6941	A320
090E	B-6942	A321
090F	B-5906	A333
0911	B-5696	B738
0913	B-6947	A320
0914	B-9466	C208
0918	B-5697	B738
0919	B-5698	B738
091A	B-5699	B738
091B	B-6945	A320
091C	B-6946	A320
091D	B-5691	B738
091E	B-5692	B738
0920	B-7187	EC55
0923	B-7191	EC25
0924	B-7192	EC25
0925	B-3212	E190
0926	B-8255	GLF5
0927	B-6931	A320
0928	B-6932	A320
092A	B-5293	B737
092B	B-5295	B737
092C	B-5701	B738
092E	B-6105	B738
092F	B-6899	A321
0932	B-5908	A332
0933	B-6886	A321
0934	B-6950	A320
0935	B-6951	A320
0936	B-6428	A319
0937	B-6429	A319
0938	B-6430	A319
0939	B-6431	A319
093A	B-6432	A319
093C	B-9624	C172
093D	B-9623	C172
093E	B-9622	C172
093F	B-9625	C172
0940	B-9626	C172
0941	B-9627	C172
094A	B-9702	DA40
094E	B-8250	GLF4
0952	B-6433	A319
0953	B-6953	A320
0955	B-6435	A319
0956	B-8258	GLF5
0957	B-5703	B738
0958	B-6957	A321
0959	B-6956	A320
095A	B-6955	A320
095B	B-8256	GLF5
095C	B-6959	A320
095E	B-6949	A320
095F	B-6948	A320
0961	B-3193	E190
0962	B-3213	E190
0963	B-2887	B734
0965	B-2883	B734
0966	B-5702	B738
0968	B-8319	A319
0969	B-6869	A320
096A	B-6867	A320
096B	B-6958	A320
096D	B-6961	A321
096E	B-5296	B737
096F	B-5297	B737
0970	B-2036	B77W
0971	B-5916	A333
0975	B-6965	A320
0976	B-6963	A320
0977	B-6962	A320
0978	B-6966	A320
0979	B-8259	GLF5
097A	B-2722	B788
097D	B-5712	B738
097E	B-5711	B738
097F	B-5713	B738
0980	B-5709	B738
0981	B-5722	B738
0983	B-9732	SR20
0985	B-9734	SR20
0986	B-9735	SR20
0988	B-9737	SR20
0989	B-9738	SR20
098A	B-9739	SR20
098D	B-9743	SR20
098E	B-9744	SR20
098F	B-9745	SR20
0990	B-9746	SR20
0991	B-9747	SR20
0995	B-5917	A333
0996	B-5719	B738
0997	B-5721	B738
0998	B-5715	B738
0999	B-5716	B738
099A	B-5717	B738
099B	B-5718	B738
099C	B-5720	B738
099F	B-5723	B738
09A0	B-5725	B738
09A1	B-5726	B738
09A2	B-5727	B738
09A3	B-6967	A320
09A4	B-6973	A321
09A5	B-5918	A332
09A6	B-5919	A333
09A7	B-5729	B738
09A8	B-5728	B738
09A9	B-2037	B77W
09AA	B-2038	B77W
09AB	B-6972	A320
09AC	B-6971	A320
09AD	B-6970	A320
09AE	B-3195	E190
09AF	B-3215	E190
09B0	B-6977	A320
09B1	B-6976	A320
09B2	B-6975	A320
09B3	B-5801	B737
09B4	B-5730	B738
09B5	B-5708	B738
09B6	B-5707	B738
09B7	B-5706	B738
09B8	B-5920	A332
09B9	B-5921	A332
09BA	B-9900	A320
09BD	B-9903	A321
09BE	B-9905	A321
09BF	B-9906	A321
09C0	B-9907	A321
09C1	B-6439	A319
09C2	B-5731	B738
09C6	B-9707	DA40
09C7	B-9708	DA40
09C9	B-9710	DA40
09CA	B-9711	DA40
09CD	B-7765	GL5T
09CE	B-7691	CRJ9
09CF	B-5735	B738
09D0	B-5733	B738
09D1	B-6440	A319
09D2	B-6441	A319
09D3	B-7199	EC35
09D4	B-8202	FA7X
09D5	B-9908	A320
09D6	B-9909	A320
09D7	B-5736	B738
09D8	B-5737	B738
09D9	B-9910	A320
09DA	B-2525	B734
09DB	B-2731	B788
09DC	B-2730	B788
09DD	B-6443	A319
09DE	B-7758	BE9L
09DF	B-5922	A333
09E2	B-5739	B738
09E3	B-5742	B738
09E4	B-5740	B738
09E5	B-5741	B738
09E6	B-5738	B738
09E7	B-5745	B738
09E8	B-5749	B738
09E9	B-5748	B738
09EA	B-5746	B738
09EB	B-5743	B738
09EC	B-5747	B738
09EE	B-6442	A319
09EF	B-5923	A333
09F0	B-2017	B734
09F1	B-3588	B350
09F2	B-3586	B350
09F4	B-8262	GLF4
09F5	B-5753	B738
09F6	B-9911	A320
09F7	B-9912	A320
09F8	B-9913	A320
09F9	B-9915	A320
09FA	B-9916	A320
09FB	B-9917	A320
09FC	B-6978	A321
09FD	B-6979	A321
09FE	B-8263	GLF4
0A00	B-5752	B738
0A0A	B-LAM	A333
0A0B	B-LAN	A333
0A0C	B-LAO	A333
0A0D	B-LAP	A333
0A0E	B-LAQ	A333
0A12	B-LNE	A332
0A13	B-LNZ	A332
0A14	B-KPS	B77W
0A15	B-KPT	B77W
0A16	B-KPU	B77W
0A17	B-KPV	B77W
0A18	B-KPW	B77W
0A19	B-KPX	B77W
0A1C	B-LJD	B748
0A1D	B-LJE	B748
0A1E	B-LNY	A332
0A1F	B-LNG	A332
0A24	B-LNI	A332
0A25	B-KHJ	GLF5
0A27	B-LNX	A332
0A28	B-LJF	B748
0A29	B-LJG	B748
0A2A	B-KPY	B77W
0A2B	B-KPZ	B77W
0A31	B-LNK	A332
0A35	B-KQC	B77W
0A36	B-KQD	B77W
0A37	B-KQE	B77W
0A38	B-KQF	B77W
0A39	B-KQG	B77W
0A3A	B-KQH	B77W
0A3B	B-KQI	B77W
0A3C	B-KQJ	B77W
0A3D	B-LJH	B748
0A3E	B-LJI	B748
0A3F	B-LJJ	B748
0A43	B-LNW	A332
0A44	B-LPC	A320
0A46	B-LPD	A320
0A47	B-LNL	A332
0A49	B-LAR	A333
0A4A	B-LAX	A333
0A4B	B-LAZ	A333
0A4E	B-LPE	A320
0A54	B-LPI	A320
0A57	B-LBA	A333
0A58	B-LBB	A333
0A59	B-LBC	A333
0A5A	B-HWM	A333
0A5B	B-KQK	B77W
0A5C	B-KQL	B77W
0A5D	B-LNM	A333
0A5E	B-LNN	A333
0A61	B-KQM	B77W
0A62	B-KQN	B77W
0A63	B-KQO	B77W
0A64	B-KQP	B77W
0A65	B-KQQ	B77W
0A66	B-KQR	B77W
0A67	B-KQS	B77W
0A68	B-LVC	DA42
0A6A	B-LPJ	A320
0A6B	B-LPK	A320
0A6C	B-LNO	A333
0A6D	B-LNP	A333
0A6E	B-LJK	B748
0A6F	B-LJL	B748
0A70	B-LJM	B748
0A71	B-LCJ	A320
0A72	B-LCF	A320
0A73	B-LCG	A320
0A74	B-LVA	CL60
0A75	B-LVB	CL60
0A7A	B-LPL	A320
0A7B	B-LNV	A332
0A7C	B-HTJ	A321
0A7E	B-LBD	A333
0A7F	B-LBE	A333
0A80	B-LBF	A333
0A81	B-LBG	A333
0A82	B-LBH	A333
0A89	B-KQU	B77W
0A8A	B-KQV	B77W
0A8B	B-KQW	B77W
0A8D	B-KQT	B77W
0A8F	B-LPM	A320
0A93	B-LBI	A333
0A94	B-LBJ	A333
0A95	B-LBK	A333
0A96	B-KQX	B77W
0A97	B-KQY	B77W
0A98	B-KQZ	B77W
0A99	B-LPN	A320
0A9A	B-KEY	GLF6
0A9B	B-LRA	A359
0A9C	B-HNR	B77W
0A9E	B-LPO	A320
0A9F	B-LNQ	A333
0AA0	B-LCH	A320
0AA1	B-LCI	A320
0AA2	B-LRB	A359
0AA3	B-LRC	A359
0AA4	B-LRD	A359
0AA5	B-LRE	A359
0AA6	B-LPP	A320
0AA7	B-LPQ	A320
0AA8	B-LJN	B748
0AAA	B-LRF	A359
0AAB	B-LRG	A359
0AAC	B-LRI	A359
0AAD	B-LRJ	A359
0AAE	B-LNR	A333
0AAF	B-LNS	A333
0AB1	B-LNU	A333
0AB2	B-LCL	A20N
0AB3	B-LCM	A20N
0AB6	B-LRK	A359
0AB7	B-LRL	A359
0AB8	B-LRM	A359
0AB9	B-LRN	A359
0ABA	B-LRO	A359
0ABB	B-LRP	A359
0ABC	B-LRQ	A359
0ABD	B-LRR	A359
0ABE	B-LCN	A20N
0ABF	B-LCO	A20N
0AC0	B-LCP	A20N
0AC1	B-LEC	A321
0AC2	B-LHD	A333
0AC5	B-LEE	A321
0AC6	B-LEF	A321
0AC8	B-LRS	A359
0AC9	B-5750	B738
0ACA	B-5751	B738
0ACC	B-9919	A321
0ACD	B-9918	A320
0ACE	B-9923	A320
0ACF	B-9925	A320
0AD0	B-9926	A320
0AD1	B-5925	A332
0AD2	B-5927	A332
0AD3	B-5755	B738
0AD5	B-9927	A320
0AD8	B-9920	A320
0AD9	B-9928	A320
0ADA	B-5926	A332
0ADB	B-9921	A320
0ADC	B-5802	B737
0ADD	B-5756	B738
0ADE	B-5928	A333
0AE2	B-5288	B737
0AE3	B-5289	B737
0AE4	B-5803	B737
0AE5	B-2039	B77W
0AE6	B-2040	B77W
0AE7	B-5757	B738
0AE8	B-5758	B738
0AEA	B-3360	CRJ9
0AEB	B-2041	B77L
0AEC	B-2042	B77L
0AED	B-5766	B738
0AEE	B-5767	B738
0AEF	B-5768	B738
0AF0	B-5769	B738
0AF1	B-5770	B738
0AF2	B-9931	A320
0AF3	B-9932	A320
0AF4	B-9929	A320
0AF5	B-9930	A320
0AF6	B-9933	A321
0AF7	B-5779	B738
0AF8	B-5780	B738
0AF9	B-8203	FA7X
0AFB	B-9717	DA40
0AFD	B-5805	B737
0AFE	B-3140	E190
0AFF	B-9949	A320
0B00	B-5806	B737
0B01	B-6968	A321
0B02	B-6445	A319
0B03	B-3539	B350
0B04	B-5781	B738
0B05	B-5782	B738
0B06	B-5783	B738
0B07	B-5785	B738
0B08	B-5786	B738
0B09	B-5787	B738
0B0A	B-7136	EC25
0B0C	B-706G	EC25
0B0D	B-5759	B738
0B0E	B-5760	B738
0B0F	B-5761	B738
0B10	B-5762	B738
0B11	B-2732	B788
0B12	B-2733	B788
0B13	B-2735	B788
0B14	B-2736	B788
0B15	B-2737	B788
0B16	B-5807	B737
0B17	B-5795	B738
0B18	B-5796	B738
0B1A	B-5797	B738
0B1B	B-5798	B738
0B1C	B-5771	B738
0B1D	B-9938	A320
0B1E	B-5772	B738
0B1F	B-5773	B738
0B20	B-9939	A320
0B21	B-5775	B738
0B22	B-5776	B738
0B23	B-5778	B738
0B26	B-9950	A320
0B27	B-8105	GLEX
0B2A	B-8271	GLF4
0B2B	B-5838	B738
0B2C	B-5839	B738
0B2D	B-5840	B738
0B2E	B-5832	B738
0B2F	B-5799	B738
0B30	B-5808	B737
0B31	B-5831	B738
0B32	B-9948	A320
0B33	B-5930	A332
0B34	B-5931	A332
0B35	B-9947	A321
0B36	B-9941	A320
0B37	B-9942	A320
0B38	B-9943	A320
0B39	B-9945	A320
0B3A	B-9946	A320
0B3B	B-6446	A319
0B3C	B-2505	B733
0B3D	B-3361	CRJ9
0B3E	B-3362	CRJ9
0B3F	B-5790	B738
0B40	B-5792	B738
0B41	B-5791	B738
0B42	B-5788	B738
0B43	B-5789	B738
0B44	B-2043	B77W
0B45	B-5932	A332
0B46	B-5933	A332
0B47	B-9641	C525
0B48	B-9718	DA40
0B4B	B-9636	C208
0B4C	B-7759	BE9L
0B4D	B-8275	GLF5
0B4E	B-5841	B738
0B4F	B-5842	B738
0B50	B-5843	B738
0B53	B-3099	E135
0B54	B-9751	SR20
0B57	B-9940	A320
0B58	B-8290	GLF4
0B59	B-9642	C172
0B5A	B-5848	B738
0B5B	B-5849	B738
0B5C	B-5850	B738
0B5D	B-5851	B738
0B5E	B-5852	B738
0B5F	B-5853	B738
0B60	B-5855	B738
0B62	B-7483	B429
0B63	B-5846	B738
0B64	B-5847	B738
0B65	B-5845	B738
0B66	B-9935	A320
0B67	B-9937	A321
0B68	B-9936	A321
0B69	B-5929	A333
0B6A	B-7193	EC25
0B6B	B-5856	B738
0B6E	B-9961	A320
0B6F	B-9962	A320
0B71	B-9965	A320
0B72	B-9958	A320
0B73	B-9959	A320
0B74	B-9960	A321
0B75	B-1979	B738
0B79	B-9972	A320
0B7A	B-9971	A321
0B7B	B-9975	A320
0B7C	B-9973	A320
0B7D	B-5937	A332
0B7E	B-5936	A332
0B7F	B-5938	A332
0B80	B-6450	A319
0B81	B-5858	B738
0B82	B-5857	B738
0B83	B-9970	A320
0B84	B-7158	EC35
0B85	B-6447	A319
0B86	B-6448	A319
0B87	B-9967	A321
0B88	B-6449	A319
0B89	B-9976	A320
0B8A	B-9977	A320
0B8C	B-9979	A320
0B8D	B-9980	A320
0B8E	B-5860	B738
0B8F	B-5859	B738
0B90	B-5818	B737
0B91	B-9978	A320
0B92	B-2506	B734
0B96	B-1906	B738
0B97	B-1903	B738
0B98	B-1902	B738
0B99	B-1905	B738
0B9E	B-9648	C172
0B9F	B-9951	A320
0BA0	B-9952	A320
0BA1	B-9953	A320
0BA2	B-2787	B788
0BA4	B-5836	B738
0BA5	B-5837	B738
0BA6	B-9982	A320
0BA7	B-9981	A320
0BA8	B-1900	B738
0BA9	B-1901	B738
0BAA	B-9060	E55P
0BAB	B-5809	B737
0BAC	B-1907	B738
0BAD	B-1908	B738
0BAE	B-2817	B752
0BAF	B-8218	FA7X
0BB4	B-9983	A320
0BB6	B-2095	B77L
0BB7	B-2096	B77L
0BB8	B-2097	B77L
0BB9	B-2098	B77L
0BBA	B-8306	GLF5
0BBB	B-9985	A320
0BBE	B-9801	C172
0BBF	B-8316	GLF4
0BC1	B-8292	GLF5
0BC2	B-9987	A320
0BC5	B-1912	B738
0BC6	B-1915	B738
0BC7	B-1911	B738
0BC8	B-1913	B738
0BC9	B-9986	A320
0BCA	B-1920	B738
0BCB	B-1921	B738
0BCC	B-1922	B738
0BCD	B-1923	B738
0BCE	B-1925	B738
0BCF	B-1916	B738
0BD0	B-1917	B738
0BD1	B-1918	B738
0BD2	B-1919	B738
0BD3	B-1800	A320
0BD4	B-1801	A320
0BD5	B-1802	A320
0BD6	B-1803	A320
0BD7	B-1805	A320
0BD8	B-1806	A321
0BD9	B-5939	A333
0BDA	B-5940	A333
0BDE	B-2738	B788
0BDF	B-2739	B788
0BE0	B-8951	A332
0BE1	B-1927	B738
0BE2	B-1928	B738
0BE3	B-1929	B738
0BE4	B-9650	DA42
0BE6	B-6451	A319
0BE7	B-1808	A321
0BE8	B-1931	B738
0BE9	B-1932	B738
0BEA	B-9790	BE9L
0BEB	B-1935	B738
0BEC	B-1936	B738
0BED	B-1937	B738
0BEE	B-1938	B738
0BEF	B-1939	B738
0BF0	B-1940	B738
0BF1	B-1941	B738
0BF2	B-1942	B738
0BF3	B-1945	B738
0BF4	B-1946	B738
0BF5	B-1947	B738
0BF6	B-2045	B77W
0BF7	B-2046	B77W
0BF8	B-2047	B77W
0BF9	B-5912	A333
0BFA	B-5913	A333
0BFB	B-1816	A321
0BFC	B-5810	B737
0BFD	B-1926	B738
0BFF	B-5941	A332
0C00	B-5942	A332
0C01	B-5943	A332
0C02	B-6452	A319
0C03	B-1812	A321
0C04	B-1813	A321
0C05	B-1815	A320
0C06	B-1807	A320
0C07	B-9768	SR20
0C0A	B-1809	A320
0C0B	B-1810	A320
0C0C	B-1811	A320
0C0D	B-1930	B738
0C0F	B-1817	A320
0C10	B-5811	B737
0C11	B-5812	B737
0C12	B-8298	GLF5
0C13	B-8280	G280
0C15	B-9728	DA40
0C17	B-1948	B738
0C18	B-1949	B738
0C1A	B-8301	GLF4
0C20	B-9808	C208
0C22	B-7692	CRJ9
0C23	B-7693	CRJ9
0C25	B-6456	A319
0C26	B-6457	A319
0C27	B-1820	A320
0C28	B-1818	A320
0C29	B-1819	A320
0C2A	B-1822	A320
0C2B	B-1823	A321
0C2C	B-1821	A320
0C2D	B-6453	A319
0C2E	B-6455	A319
0C2F	B-5945	A333
0C31	B-8953	A320
0C35	B-1950	B738
0C36	B-1951	B738
0C37	B-1952	B738
0C38	B-1953	B738
0C39	B-1955	B738
0C3A	B-1826	A320
0C3B	B-1827	A320
0C3C	B-1828	A320
0C3D	B-1829	A320
0C3E	B-1830	A321
0C3F	B-1831	A321
0C40	B-1957	B738
0C41	B-1958	B738
0C42	B-1959	B738
0C43	B-5946	A333
0C44	B-5947	A333
0C45	B-5948	A333
0C46	B-1833	A321
0C47	B-5813	B737
0C48	B-5950	A333
0C49	B-8300	GLF4
0C4C	B-1933	B738
0C4D	B-5949	A332
0C4E	B-1835	A320
0C4F	B-1836	A320
0C50	B-1837	A321
0C51	B-1838	A321
0C52	B-6458	A319
0C57	B-1963	B738
0C58	B-6969	B789
0C59	B-8210	F2TH
0C5A	B-8302	GLF5
0C5B	B-2091	B77L
0C5C	B-2092	B77L
0C5D	B-2093	B77L
0C5F	B-5816	B737
0C60	B-5815	B737
0C61	B-1968	B738
0C62	B-1967	B738
0C63	B-8211	FA7X
0C64	B-1839	A320
0C68	B-1841	A320
0C69	B-1842	A320
0C6A	B-1993	B738
0C6B	B-1972	B738
0C6C	B-1973	B738
0C6D	B-1849	A320
0C6E	B-1850	A320
0C6F	B-1851	A320
0C71	B-3363	CRJ9
0C72	B-5823	B737
0C73	B-5825	B737
0C74	B-2048	B77W
0C75	B-5951	A333
0C76	B-1843	A321
0C77	B-1845	A321
0C78	B-1846	A321
0C79	B-1847	A321
0C7A	B-1848	A321
0C7F	B-2768	B788
0C80	B-2769	B788
0C82	B-8952	A20N
0C85	B-8213	FA7X
0C86	B-1989	B738
0C87	B-1990	B738
0C8A	B-1868	A320
0C8B	B-1869	A320
0C8E	B-1985	B738
0C8F	B-1983	B738
0C90	B-1986	B738
0C91	B-1987	B738
0C92	B-1988	B738
0C94	B-7352	S92
0C97	B-1975	B738
0C98	B-1976	B738
0C99	B-1977	B738
0C9A	B-1978	B738
0C9B	B-1852	A320
0C9C	B-1853	A320
0C9D	B-1855	A321
0C9E	B-2006	B77W
0C9F	B-1859	A320
0CA0	B-1860	A320
0CA1	B-1861	A320
0CA2	B-1862	A320
0CA3	B-1863	A320
0CA5	B-1858	A321
0CA6	B-6459	A319
0CA7	B-6460	A319
0CA8	B-6461	A319
0CA9	B-5952	A332
0CAA	B-5953	A333
0CAB	B-1981	B738
0CAC	B-1965	B738
0CAD	B-5689	B738
0CAF	B-1980	B738
0CB0	B-2007	B77W
0CB1	B-2008	B77W
0CB2	B-2009	B77W
0CB3	B-1996	B738
0CB4	B-1997	B738
0CB5	B-5955	A332
0CB6	B-2485	B748
0CB7	B-2486	B748
0CB8	B-2487	B748
0CB9	B-5956	A333
0CBA	B-5957	A333
0CBC	B-1873	A320
0CBD	B-1875	A320
0CBE	B-1876	A321
0CBF	B-1877	A321
0CC0	B-1879	A321
0CC1	B-1991	B738
0CC2	B-1857	A321
0CC3	B-1870	A320
0CC4	B-1871	A320
0CC5	B-1872	A321
0CC8	B-1898	A320
0CC9	B-1897	A320
0CCA	B-9969	A320
0CCB	B-1700	B738
0CCC	B-1701	B738
0CCD	B-5959	A333
0CCE	B-1880	A321
0CD1	B-9879	DA40
0CD4	B-9882	DA40
0CD5	B-9883	DA40
0CD6	B-5817	B737
0CD7	B-1702	B738
0CD8	B-1703	B738
0CD9	B-1705	B738
0CDA	B-6462	A319
0CDB	B-6463	A319
0CDC	B-1708	B738
0CDD	B-1707	B738
0CDE	B-1706	B738
0CDF	B-1709	B738
0CE0	B-1892	A320
0CE1	B-1893	A320
0CE2	B-1895	A320
0CE3	B-1896	A320
0CE5	B-3366	CRJ9
0CE6	B-3293	E35L
0CE7	B-3295	E35L
0CE8	B-1881	A320
0CE9	B-1882	A320
0CEA	B-1883	A320
0CEB	B-1890	A321
0CEC	B-1891	A321
0CED	B-1887	A320
0CEE	B-1885	A320
0CEF	B-1886	A320
0CF0	B-5960	A333
0CF1	B-1603	A320
0CF2	B-0209	DA40
0CFA	B-0206	DA40
0CFB	B-1601	A320
0CFC	B-1602	A320
0CFD	B-1710	B738
0CFE	B-1711	B738
0CFF	B-1712	B738
0D00	B-1713	B738
0D01	B-1715	B738
0D02	B-1716	B738
0D03	B-1719	B738
0D0A	B-1731	B738
0D0B	B-1730	B738
0D0C	B-1717	B738
0D0D	B-1718	B738
0D0E	B-1605	A321
0D0F	B-1606	A321
0D10	B-1725	B738
0D11	B-1726	B738
0D12	B-1728	B738
0D13	B-1727	B738
0D14	B-5963	A332
0D15	B-1617	A320
0D16	B-9792	BE9L
0D19	B-1607	A320
0D1A	B-1609	A320
0D1B	B-1610	A320
0D1C	B-1611	A320
0D1D	B-1612	A320
0D1E	B-1613	A320
0D1F	B-1615	A321
0D20	B-1722	B738
0D21	B-1723	B738
0D22	B-5961	A332
0D23	B-5962	A332
0D24	B-6465	A319
0D25	B-6466	A319
0D28	B-0211	DA40
0D29	B-2479	B748
0D2A	B-2482	B748
0D2B	B-2480	B748
0D2C	B-2481	B748
0D2D	B-1720	B738
0D2E	B-1721	B738
0D2F	B-1733	B738
0D30	B-1735	B738
0D31	B-1618	A320
0D32	B-1619	A320
0D33	B-1620	A320
0D36	B-3726	MA60
0D37	B-1738	B738
0D38	B-1621	A320
0D39	B-1622	A320
0D3C	B-8309	GLF5
0D3D	B-71433	EC25
0D3E	B-5965	A333
0D3F	B-1616	A321
0D40	B-1736	B738
0D41	B-1737	B738
0D43	B-1732	B738
0D44	B-8373	GLF5
0D45	B-1629	A320
0D46	B-1623	A320
0D47	B-0217	DA40
0D48	B-0218	DA40
0D49	B-7169	EC35
0D4A	B-MBM	A321
0D4B	B-8435	A320
0D4C	B-5829	B737
0D4D	B-5830	B737
0D4F	B-3368	CRJ9
0D50	B-1625	A321
0D51	B-1626	A321
0D52	B-1747	B738
0D53	B-1748	B738
0D54	B-1740	B738
0D55	B-1741	B738
0D56	B-1742	B738
0D58	B-1739	B739
0D59	B-1743	B738
0D5A	B-1745	B738
0D5B	B-1746	B738
0D5C	B-1966	B738
0D5D	B-1749	B738
0D5E	B-1630	A320
0D5F	B-1631	A320
0D61	B-0402	PC6T
0D62	B-1753	B738
0D63	B-5979	A332
0D64	B-2759	B788
0D65	B-2750	B788
0D66	B-1755	B738
0D67	B-1756	B738
0D68	B-1757	B738
0D69	B-1758	B738
0D6A	B-1759	B738
0D6B	B-1632	A320
0D6C	B-1633	A320
0D6D	B-0408	C510
0D6E	B-0225	DA40
0D73	B-1627	A320
0D74	B-1628	A320
0D75	B-2760	B788
0D76	B-2761	B788
0D77	B-2762	B788
0D79	B-1636	A320
0D7A	B-1635	A320
0D7B	B-5826	B737
0D7C	B-5827	B737
0D7D	B-1643	A320
0D7E	B-1642	A320
0D7F	B-1760	B738
0D80	B-1761	B738
0D81	B-1762	B738
0D82	B-1763	B738
0D83	B-1764	B738
0D84	B-1765	B738
0D85	B-1766	B738
0D86	B-1767	B738
0D87	B-1768	B738
0D88	B-1769	B738
0D89	B-1637	A321
0D8A	B-1638	A321
0D8B	B-1639	A321
0D8C	B-6468	A319
0D8D	B-1770	B738
0D8E	B-1771	B738
0D8F	B-2094	B77L
0D90	B-1645	A321
0D91	B-1647	A321
0D92	B-5968	A332
0D93	B-5969	A333
0D94	B-1640	A321
0D95	B-1641	A320
0D96	B-6469	A319
0D97	B-6470	A319
0D98	B-6471	A319
0D99	B-1772	B738
0D9A	B-1773	B738
0D9B	B-1775	B738
0D9C	B-2020	B77W
0D9D	B-2021	B77W
0D9E	B-2022	B77W
0D9F	B-2023	B77W
0DA0	B-2025	B77W
0DA1	B-1648	A320
0DA2	B-1649	A320
0DA3	B-8217	FA7X
0DA4	B-0413	PC12
0DA5	B-3370	CRJ2
0DA6	B-1658	A320
0DA7	B-3692	PA44
0DA8	B-2026	B77L
0DA9	B-2027	B77L
0DAA	B-2028	B77L
0DAB	B-1776	B738
0DAC	B-1780	B738
0DAD	B-1781	B738
0DAE	B-1782	B738
0DAF	B-5966	A333
0DB0	B-5967	A333
0DB1	B-5970	A333
0DB2	B-MHM	A139
0DB3	B-6473	A319
0DB4	B-6475	A319
0DB5	B-1788	B738
0DB6	B-1789	B738
0DB7	B-1790	B738
0DB8	B-1791	B738
0DB9	B-1792	B738
0DBA	B-5828	B738
0DBB	B-1659	A320
0DBC	B-1783	B738
0DBD	B-1785	B738
0DBE	B-1786	B738
0DBF	B-1787	B738
0DC0	B-5971	A333
0DC1	B-5972	A333
0DC2	B-3260	C208
0DC3	B-3261	C208
0DC4	B-3262	C208
0DC5	B-1656	A320
0DC6	B-1657	A320
0DC7	B-1670	A320
0DC8	B-1671	A320
0DC9	B-1672	A320
0DCA	B-0228	DA40
0DCE	B-1501	B738
0DCF	B-1502	B738
0DD0	B-1503	B738
0DD1	B-1795	B738
0DD2	B-1799	B738
0DD3	B-1798	B738
0DD4	B-1793	B738
0DD5	B-1797	B738
0DD6	B-1505	B738
0DD7	B-1796	B738
0DD8	B-1515	B738
0DD9	B-1513	B738
0DDA	B-1677	A321
0DDB	B-1662	A320
0DDC	B-1660	A320
0DDD	B-1663	A321
0DDE	B-1665	A320
0DDF	B-1661	A320
0DE0	B-6477	A319
0DE1	B-6476	A319
0DE2	B-1680	A321
0DE3	B-1678	A320
0DE4	B-1679	A321
0DE5	B-5973	A332
0DE6	B-5976	A333
0DE7	B-1507	B738
0DE8	B-1506	B738
0DEB	B-1508	B738
0DEC	B-1509	B738
0DED	B-1510	B738
0DEE	B-1511	B738
0DEF	B-7168	EC35
0DF1	B-1691	A320
0DF2	B-1650	A321
0DF3	B-1690	A320
0DF4	B-6480	A319
0DF5	B-1681	A320
0DF6	B-3371	CRJ9
0DF7	B-3372	CRJ9
0DF8	B-1512	B738
0DF9	B-6478	A319
0DFA	B-6479	A319
0DFB	B-5977	A333
0DFC	B-5978	A333
0DFD	B-6101	A333
0DFE	B-6102	A333
0DFF	B-7306	S92
0E00	B-1523	B738
0E01	B-1521	B739
0E02	B-1522	B739
0E03	B-3377	CRJ9
0E04	B-3378	CRJ9
0E05	B-2029	B77W
0E06	B-2049	B77W
0E07	B-1525	B738
0E08	B-1696	A320
0E09	B-1697	A320
0E0B	B-3281	E35L
0E0C	B-3282	E135
0E0D	B-1518	B738
0E0E	B-1517	B738
0E0F	B-1516	B738
0E10	B-1519	B738
0E11	B-1598	B738
0E12	B-1685	A320
0E13	B-1683	A320
0E15	B-1673	A320
0E16	B-1676	A320
0E17	B-1675	A320
0E18	B-3367	CRJ2
0E1D	B-1526	B738
0E1E	B-1527	B738
0E1F	B-1528	B738
0E20	B-1529	B738
0E21	B-1530	B738
0E22	B-1531	B738
0E24	B-1692	A320
0E26	B-7362	S92
0E27	B-7116	S92
0E28	B-6062	B738
0E29	B-6060	B738
0E2A	B-6061	B738
0E2B	B-6063	B738
0E2C	B-6065	B738
0E2D	B-6066	B738
0E2E	B-8015	A333
0E30	B-6106	B738
0E31	B-6015	B738
0E32	B-6016	B738
0E33	B-1695	A320
0E34	B-1693	A320
0E36	B-MCB	A320
0E37	B-6017	B738
0E38	B-8035	A320
0E39	B-8036	A321
0E3A	B-8230	A321
0E3B	B-8231	A332
0E3C	B-8232	A321
0E3D	B-6026	B738
0E3E	B-8017	A319
0E3F	B-8018	A320
0E40	B-6067	B738
0E41	B-6068	B738
0E42	B-8000	A320
0E43	B-6485	B738
0E44	B-6483	B738
0E45	B-6482	B738
0E46	B-1964	B738
0E47	B-6487	B738
0E48	B-6486	B738
0E49	B-6489	B738
0E4A	B-6490	B738
0E4B	B-6488	B738
0E4D	B-8325	A320
0E4E	B-8328	A321
0E4F	B-8326	A320
0E50	B-8323	A320
0E51	B-8331	A320
0E52	B-8330	A320
0E53	B-8329	A320
0E54	B-8332	A332
0E55	B-8145	A320
0E56	B-8146	A320
0E57	B-8147	A320
0E58	B-8148	A320
0E59	B-6987	B738
0E5A	B-6986	B738
0E5B	B-6988	B738
0E5C	B-6985	B738
0E5E	B-9820	C208
0E5F	B-10AY	DA40
0E60	B-10AX	DA40
0E61	B-10AW	DA40
0E63	B-6983	B738
0E64	B-6982	B738
0E66	B-8072	A320
0E67	B-8019	A332
0E68	B-6299	B738
0E69	B-8079	A320
0E6A	B-3379	CRJ9
0E6B	B-3380	CRJ9
0E6C	B-3381	CRJ9
0E6D	B-3382	CRJ9
0E6E	B-6107	B738
0E6F	B-6108	B738
0E75	B-6496	B738
0E76	B-6497	B738
0E77	B-6498	B738
0E78	B-6499	B738
0E79	B-8068	A321
0E7A	B-6109	B737
0E7B	B-6110	B737
0E7C	B-6268	B738
0E7D	B-6141	B737
0E7E	B-6142	B737
0E7F	B-6143	B738
0E80	B-6145	B738
0E81	B-6146	B738
0E82	B-6147	B738
0E83	B-6148	B738
0E84	B-6149	B738
0E85	B-6249	B738
0E86	B-8102	A320
0E87	B-10CD	K100
0E88	B-10CE	K100
0E89	B-6991	B738
0E8A	B-6989	B738
0E8B	B-6992	B738
0E8C	B-6990	B738
0E8E	B-8170	A320
0E8F	B-8171	A320
0E90	B-3383	E190
0E92	B-6491	B738
0E93	B-6492	B738
0E94	B-6493	B738
0E95	B-6495	B738
0E96	B-6808	B738
0E97	B-6809	B738
0E9A	B-6800	B738
0E9B	B-8110	A320
0E9C	B-6150	B752
0E9D	B-8062	A320
0E9E	B-8075	A320
0E9F	B-8069	A320
0EA0	B-8107	A321
0EA8	B-7398	B738
0EAA	B-6887	B738
0EAB	B-6889	B738
0EAC	B-6849	B738
0EAD	B-6842	B738
0EAE	B-6819	B738
0EAF	B-6818	B738
0EB0	B-7082	B752
0EB1	B-6698	B738
0EB2	B-6993	B738
0EB3	B-MCC	A321
0EB4	B-8162	A320
0EB5	B-8186	A320
0EB6	B-8185	A320
0EB7	B-8220	A320
0EB8	B-8219	A320
0EB9	B-7083	B738
0EBA	B-8163	A321
0EBB	B-8167	A321
0EBC	B-8165	A321
0EBD	B-8172	A321
0EBE	B-8111	A320
0EBF	B-8119	A320
0EC0	B-6166	B738
0EC1	B-3028	CL60
0EC2	B-MCD	A321
0EC3	B-MCE	A321
0EC4	B-MCF	A320
0EC5	B-8200	A321
0EC7	B-8187	A321
0ECB	B-6995	B738
0ED0	B-8358	A333
0ED1	B-7085	B738
0ED2	B-7086	B738
0ED3	B-7087	B738
0EDA	B-8276	A320
0EDB	B-8281	A320
0EDC	B-8237	A320
0EDD	B-8247	A320
0EDE	B-8248	A320
0EDF	B-10DC	DA40
0EE3	B-7031	B738
0EE4	B-8235	A320
0EE5	B-8236	A320
0EE6	B-10DK	SR22
0EE7	B-7100	B738
0EE8	B-1999	F2TH
0EEB	B-7167	B738
0EEC	B-8282	A320
0EED	B-8283	A320
0EEE	B-7105	B738
0EEF	B-7113	B738
0EF0	B-8222	A320
0EF1	B-8249	A320
0EF2	B-8286	A320
0EF3	B-8285	A321
0EF4	B-3100	E195
0EF5	B-3108	E195
0EF6	B-8342	A320
0EF7	B-8345	A320
0EF8	B-8287	A333
0EFA	B-7171	B738
0EFC	B-7175	B738
0EFD	B-9806	C208
0EFE	B-9807	C208
0EFF	B-0406	C208
0F00	B-3520	B350
0F01	B-10EJ	C208
0F02	B-10DZ	B350
0F03	B-10EH	B350
0F04	B-8327	A320
0F05	B-8336	A320
0F06	B-8243	A320
0F07	B-8335	A320
0F08	B-8320	A320
0F09	B-8315	A321
0F0A	B-8317	A321
0F0B	B-7177	B738
0F0C	B-7176	B738
0F0D	B-7179	B738
0F0E	B-7178	B738
0F0F	B-7198	B738
0F10	B-3112	G280
0F11	B-8359	A333
0F12	B-8339	A320
0F13	B-8341	A320
0F14	B-8357	A320
0F15	B-7183	B77W
0F16	B-7185	B77W
0F18	B-7370	B738
0F19	B-7372	B738
0F1A	B-3115	E190
0F1B	B-3116	E190
0F1C	B-7182	B738
0F1D	B-8337	A320
0F1E	B-8338	A320
0F1F	B-7196	B738
0F20	B-7197	B738
0F21	B-7195	B738
0F22	B-7342	B752
0F23	B-3117	E190
0F24	B-3119	E195
0F27	B-70FN	R44
0F29	B-70FQ	R44
0F2A	B-3321	AJ27
0F2B	B-8370	A320
0F2C	B-8371	A320
0F2E	B-7393	B738
0F2F	B-7376	B738
0F30	B-7375	B738
0F31	B-8375	A320
0F32	B-8376	A321
0F33	B-8378	A321
0F34	B-8372	A320
0F35	B-8407	A321
0F36	B-10ET	B350
0F37	B-10EV	DA40
0F38	B-10EU	DA40
0F39	B-7343	B77W
0F3A	B-7347	B77W
0F3B	B-7368	B77W
0F3C	B-7369	B77W
0F3D	B-7349	B77W
0F3E	B-7365	B77W
0F3F	B-7367	B77W
0F40	B-8396	A321
0F41	B-8397	A321
0F42	B-8398	A321
0F43	B-8405	A321
0F44	B-8406	A321
0F45	B-8391	A320
0F46	B-8395	A320
0F47	B-8392	A320
0F48	B-8393	A320
0F49	B-8379	A319
0F4A	B-8390	A319
0F4B	B-7301	B738
0F4C	B-8415	A320
0F4D	B-3226	GLF5
0F4E	B-3196	GLF5
0F50	B-70GD	A139
0F51	B-8422	A320
0F52	B-8421	A320
0F53	B-7561	B738
0F54	B-7562	B738
0F55	B-7563	B738
0F56	B-7557	B738
0F57	B-7558	B738
0F58	B-7559	B738
0F59	B-7560	B738
0F5A	B-7395	B738
0F5B	B-10EY	C208
0F5E	B-70GG	B407
0F61	B-7227	B738
0F62	B-7596	B738
0F63	B-7597	B738
0F64	B-7598	B738
0F65	B-8429	A320
0F66	B-7565	B738
0F67	B-7566	B738
0F68	B-7567	B738
0F69	B-7568	B738
0F6A	B-7569	B738
0F6B	B-8408	A320
0F6C	B-7590	B738
0F6D	B-7591	B738
0F71	B-7593	B763
0F72	B-3118	CRJ9
0F73	B-8427	A320
0F74	B-8409	A320
0F75	B-8413	A320
0F76	B-8411	A320
0F77	B-7588	B77W
0F78	B-8426	A333
0F79	B-8423	A321
0F7A	B-8425	A321
0F7C	B-10AS	B350
0F7D	B-8430	A320
0F7E	B-7630	B738
0F7F	B-7631	B738
0F81	B-10FE	DA40
0F83	B-8433	A320
0F84	B-7861	B738
0F85	B-7632	B738
0F86	B-8417	A320
0F87	B-8418	A320
0F88	B-8419	A320
0F89	B-8420	A332
0F8C	B-3141	CRJ9
0F8D	B-3142	CRJ9
0F8E	B-70GS	B429
0F8F	B-7862	B738
0F90	B-7863	B738
0F91	B-8496	A320
0F92	B-8497	A320
0F93	B-7633	B738
0F94	B-7635	B738
0F95	B-7636	B738
0F96	B-7637	B738
0F97	B-7638	B738
0F98	B-3322	AJ27
0F99	B-8537	A321
0F9A	B-8539	A321
0F9B	B-8536	A320
0F9C	B-8538	A320
0F9D	B-8540	A321
0F9E	B-7846	B738
0F9F	B-7847	B738
0FA0	B-7848	B738
0FA1	B-7849	B738
0FA2	B-7865	B738
0FA3	B-7866	B738
0FA4	B-8541	A321
0FA5	B-8542	A321
0FA6	B-8543	A321
0FA9	B-10FA	C208
0FAA	B-10FC	C208
0FAC	B-10FP	PC6T
0FB2	B-8490	A320
0FB3	B-8491	A320
0FB4	B-8492	A321
0FB5	B-8493	A320
0FB6	B-8495	A321
0FB7	B-8505	A320
0FB8	B-7870	B737
0FB9	B-7871	B737
0FBA	B-7872	B737
0FBB	B-7873	B738
0FBC	B-7396	B738
0FBD	B-7397	B738
0FBE	B-3988	GLF5
0FBF	B-7875	B738
0FC0	B-7876	B738
0FC4	B-8545	A20N
0FC5	B-8546	A320
0FC6	B-8547	A320
0FC7	B-8548	A321
0FC8	B-8442	A320
0FC9	B-8443	A320
0FCD	B-8552	A321
0FCE	B-8553	A321
0FD1	B-7749	B738
0FD2	B-7750	B738
0FD3	B-7967	B738
0FD4	B-7968	B738
0FD5	B-7969	B738
0FD6	B-7970	B738
0FD7	B-7971	B738
0FD8	B-7972	B738
0FD9	B-7877	B789
0FDA	B-7878	B789
0FDB	B-7879	B789
0FDC	B-7890	B738
0FDD	B-7891	B738
0FDE	B-7892	B738
0FDF	B-7893	B738
0FE0	B-7895	B738
0FE1	B-7896	B738
0FE2	B-7897	B738
0FE3	B-8503	A321
0FE4	B-8452	A320
0FE5	B-8453	A320
0FE6	B-8451	A320
0FE7	B-8556	A320
0FE8	B-8557	A320
0FE9	B-8558	A320
0FEA	B-8559	A321
0FEB	B-8570	A321
0FEC	B-8571	A321
0FED	B-8572	A321
0FEE	B-8573	A321
0FEF	B-3225	E190
0FF0	B-7886	B738
0FF1	B-7880	B789
0FF2	B-7975	B738
0FF3	B-7976	B738
0FF4	B-7977	B738
0FF5	B-7978	B738
0FF6	B-7979	B738
0FF7	B-8575	A321
0FF8	B-8576	A321
0FF9	B-7966	B738
0FFA	B-7689	B752
0FFB	B-7987	B738
0FFC	B-7986	B738
0FFD	B-7619	B738
0FFE	B-7639	B738
0FFF	B-7616	B738
1000	B-7618	B738
1001	B-7835	B789
1002	B-7837	B789
1003	B-7839	B789
1004	B-8636	A320
1005	B-8635	A320
1006	B-8632	A320
1007	B-8633	A320
1008	B-7899	B789
1009	B-7800	B789
100A	B-7832	B789
100B	B-7898	B789
100D	B-8578	A321
1010	B-10GU	DA40
1011	B-8436	A320
1012	B-8601	A321
1013	B-8602	A321
1014	B-8603	A321
1015	B-8605	A321
1016	B-7589	B738
1017	B-7592	B738
1018	B-7599	B738
1019	B-7600	B738
101A	B-7988	B738
101B	B-7989	B738
101C	B-7990	B738
101D	B-7991	B738
101E	B-7992	B738
101F	B-7993	B738
1021	B-8606	A320
1022	B-8607	A320
1023	B-8608	A320
1024	B-8610	A320
1025	B-8609	A320
1026	B-1553	B738
1027	B-1552	B738
1028	B-1551	B738
1029	B-1556	B738
102A	B-1550	B738
102B	B-7995	B738
102C	B-7996	B738
102D	B-7997	B738
102E	B-8637	A20N
102F	B-8638	A321
1030	B-8639	A321
1031	B-8640	A321
1032	B-8641	A321
1035	B-1559	B738
1036	B-1560	B738
1037	B-1561	B738
1038	B-8642	A320
1039	B-8643	A320
103A	B-8577	A333
103B	B-8579	A333
103C	B-7869	B77W
103D	B-7952	B77W
103E	B-7973	B77W
103F	B-8502	A321
1040	B-1568	B738
1043	B-1535	B738
1044	B-1536	B738
1045	B-1537	B738
1046	B-3143	E190
1047	B-1557	B738
1048	B-1558	B738
1049	B-1532	B738
104A	B-1533	B738
104E	B-1570	B738
104F	B-1569	B738
1050	B-8446	A320
1051	B-8445	A320
1052	B-1563	B737
1053	B-1565	B737
1054	B-6996	B763
1055	B-8457	A321
1056	B-8458	A321
1057	B-8459	A321
1059	B-1538	B738
105A	B-1539	B789
105B	B-1540	B789
105C	B-1541	B738
105D	B-1542	B738
105E	B-1543	B789
105F	B-1545	B738
1060	B-1546	B789
1061	B-1547	B738
1062	B-1548	B738
1063	B-1549	B738
1064	B-3228	CRJ9
1065	B-3229	CRJ9
1066	B-3230	CRJ9
1067	B-3231	CRJ9
106A	B-7089	B738
106F	B-1562	B738
1070	B-70JL	A109
1071	B-70JM	A109
1072	B-8432	A320
1073	B-8731	A320
1074	B-8732	A320
1076	B-10JA	DA42
1077	B-8470	A320
1078	B-8499	A320
1079	B-8438	A321
107A	B-8468	A332
107B	B-8500	A320
107C	B-3232	E195
1080	B-10HU	DA40
1084	B-8645	A320
1085	B-8646	A320
1086	B-8647	A320
1087	B-8648	A321
1088	B-8649	A321
1089	B-8733	A320
108A	B-8650	A321
108B	B-8651	A321
108C	B-8652	A321
108D	B-8653	A321
1092	B-1571	B738
1093	B-1566	B789
1094	B-8678	A333
1095	B-8679	A333
1096	B-8670	A20N
1097	B-8671	A20N
1098	B-8672	A20N
1099	B-8673	A20N
109A	B-8675	A321
109B	B-8676	A321
109C	B-8677	A321
10A0	B-1572	B738
10A1	B-1573	B738
10A2	B-8842	A320
10A3	B-1567	B789
10A5	B-3240	E190
10A6	B-3241	E190
10A7	B-3242	E190
10A8	B-3233	GLF4
10A9	B-1576	B763
10AA	B-1577	B738
10AB	B-8841	A320
10AC	B-8843	A320
10AD	B-1575	B738
10AF	B-1578	B752
10B0	B-1579	B738
10B1	B-3243	E195
10B2	B-3245	E195
10B3	B-1580	B738
10B4	B-8846	A320
10B5	B-8845	A320
10B6	B-1581	B739
10B7	B-10KQ	DA42
10B8	B-1591	B789
10B9	B-8743	A320
10BB	B-8799	A321
10BC	B-8689	A333
10BD	B-8800	A321
10BE	B-8511	A320
10BF	B-1587	B738
10C0	B-1586	B738
10C1	B-1588	B738
10C2	B-10LX	BE9L
10C4	B-1589	B763
10C5	B-3246	GLEX
10C6	B-8776	A332
10C7	B-8659	A332
10CA	B-1597	B738
10CB	B-1593	B738
10CC	B-1596	B738
10CD	B-1595	B738
10D1	B-1590	B738
10D2	B-8656	A320
10D3	B-8657	A320
10D4	B-8658	A321
10D5	B-8871	A320
10D6	B-8872	A320
10D7	B-8873	A320
10DF	B-3248	CRJ2
10E1	B-10MC	C172
10E2	B-10MD	C172
10E3	B-10ME	C172
10E4	B-3355	E55P
10E5	B-3356	E55P
10E6	B-8817	A320
10E7	B-8181	A320
10E8	B-8798	A319
10E9	B-8955	A321
10EA	B-8956	A321
10EB	B-8957	A321
10EC	B-8876	A320
10ED	B-8877	A320
10EE	B-8878	A320
10EF	B-8879	A320
10F0	B-8875	A320
10F1	B-7887	B738
10F2	B-10MS	GA8
10F5	B-6868	B738
10F6	B-6998	B789
10F7	B-1417	B738
10F8	B-1419	B738
10F9	B-1418	B738
10FB	B-8959	A332
10FC	B-8963	A320
1100	B-7868	B77W
1101	B-7881	B77W
1102	B-7882	B77W
1103	B-7883	B77W
1104	B-8968	A333
1105	B-8972	A333
1106	B-8976	A321
1107	B-8977	A321
1108	B-8979	A321
1109	B-7377	B738
110A	B-7378	B738
110B	B-7379	B738
110C	B-7400	B738
110D	B-7302	B789
110E	B-7836	B789
110F	B-7825	B738
1110	B-7831	B738
1111	B-7818	B738
1112	B-7838	B789
1113	B-7821	B738
1114	B-7816	B738
1115	B-7819	B738
1116	B-7823	B738
1117	B-7826	B738
1118	B-8980	A320
1119	B-7669	B738
111A	B-7885	B738
111B	B-7805	B738
111C	B-7806	B738
111D	B-7808	B738
111E	B-7809	B738
111F	B-8965	A20N
1120	B-8966	A321
1121	B-1402	B738
1122	B-1403	B738
1123	B-1405	B738
1124	B-1406	B738
1125	B-1409	B738
1126	B-1410	B738
1127	B-1411	B738
1128	B-1412	B738
1129	B-1413	B738
112A	B-8961	A321
112B	B-8960	A321
112C	B-8962	A332
112D	B-8948	A320
112E	B-8958	A20N
112F	B-8949	A20N
1130	B-1415	B738
1131	B-8983	A320
1132	B-8985	A320
1133	B-8981	A332
1134	B-8982	A332
1138	B-70PK	A119
113A	B-10GM	PA44
113C	B-8986	A320
113D	B-70PP	A119
113E	B-70PQ	A119
1140	B-1423	B763
1141	B-1421	B738
1142	B-1422	B738
1143	B-8381	A20N
1144	B-8382	A320
1145	B-3238	E195
1146	B-8360	A333
1147	B-8361	A333
1148	B-8362	A333
1149	B-8363	A333
114A	B-8365	A333
114B	B-8366	A333
114C	B-8367	A21N
114D	B-8368	A21N
114E	B-8369	A21N
114F	B-8380	A21N
1150	B-8987	A320
1151	B-8989	A320
1152	B-8990	A320
1153	B-8991	A320
1154	B-8992	A321
1155	B-8993	A321
1156	B-8995	A321
1157	B-8996	A321
1158	B-8582	A320
1159	B-8583	A321
115A	B-8585	A321
115B	B-8383	A333
115C	B-8385	A333
115D	B-8386	A333
115E	B-1428	B77W
115F	B-1429	B77W
1160	B-1430	B77W
1161	B-1431	B789
1162	B-1425	B738
1163	B-1426	B738
1164	B-1427	B738
1165	B-8580	A320
1166	B-8581	A320
1167	B-3253	GLF4
1168	B-3239	GLF5
1169	B-1445	B738
116A	B-1446	B738
116B	B-1447	B738
116C	B-1436	B738
116D	B-1437	B738
116E	B-1438	B738
116F	B-1439	B738
1170	B-1440	B738
1171	B-1441	B738
1172	B-1442	B738
1173	B-1443	B738
1174	B-1433	B738
1175	B-1435	B738
1176	B-10NR	DA40
1181	B-1420	B739
1184	B-3255	GLF6
1188	B-3695	PA44
1189	B-3696	PA44
118B	B-2571	B733
118C	B-1459	B738
118D	B-1460	B737
118E	B-1461	B737
1192	B-1455	B738
1193	B-1456	B738
1194	B-1457	B738
1195	B-3256	G280
1196	B-8593	A320
1197	B-10NF	GA8
1199	B-1462	B738
119A	B-8565	A320
119B	B-8566	A320
119C	B-8567	A321
119D	B-8568	A321
119E	B-8560	A320
119F	B-8663	A320
11A0	B-1472	B738
11A1	B-1473	B738
11A2	B-1466	B789
11A3	B-1467	B789
11A4	B-1468	B789
11A5	B-1469	B789
11A6	B-8595	A321
11A7	B-1458	B738
11A8	B-1475	B738
11A9	B-1476	B738
11AA	B-1477	B738
11AB	B-1478	B738
11AC	B-1479	B738
11AD	B-8665	A319
11AE	B-8667	A319
11B0	B-8591	A320
11B1	B-8590	A320
11B2	B-8592	A320
11B3	B-1465	B738
11B4	B-1470	B738
11B5	B-1471	B738
11B6	B-1449	B738
11B7	B-3269	GLF6
11BA	B-005A	A20N
11BB	B-005C	A20N
11BC	B-005D	A20N
11BD	B-005E	A20N
11BE	B-005F	A20N
11BF	B-005G	A20N
11C0	B-005H	A20N
11C1	B-005J	A20N
11C2	B-005K	A20N
11C3	B-005L	A20N
11C4	B-005M	A20N
11C5	B-005N	A20N
11C6	B-005P	A20N
11C7	B-005Q	A359
11C8	B-005R	A20N
11C9	B-005S	A20N
11CA	B-005T	A359
11CB	B-005U	A359
11CC	B-005V	A359
11CD	B-005W	A359
11CE	B-1451	B738
11CF	B-1448	B738
11D0	B-1452	B738
11D1	B-1453	B738
11D2	B-1450	B738
11D3	B-1481	B738
11D4	B-1482	B738
11D5	B-3277	GLF6
11D6	B-1480	B738
11D7	B-8587	A321
11D8	B-MCG	A321
11DA	B-1463	B752
11DB	B-1483	B738
11DC	B-8691	A319
11DD	B-8692	A319
11DE	B-8683	A20N
11DF	B-8682	A21N
11E0	B-8681	A20N
11E1	B-8680	A20N
11E2	B-8686	A321
11E3	B-8687	A321
11E4	B-8685	A320
11E5	B-8690	A333
11EA	B-8388	A320
11EE	B-1487	B738
11EF	B-1489	B738
11F0	B-1488	B738
11F1	B-1491	B738
11F2	B-1490	B738
11F3	B-1492	B738
11F4	B-1493	B738
11F5	B-1495	B738
11F6	B-1496	B738
11F7	B-1497	B738
11F8	B-1498	B738
11F9	B-1499	B789
11FD	B-8596	A332
11FE	B-8389	A321
11FF	B-3257	E195
1200	B-3259	E190
1201	B-3263	E195
1202	B-3265	E195
1203	B-3267	E195
1204	B-10NN	B350
1207	B-8851	A320
1208	B-1300	B738
1209	B-1301	B738
120A	B-1302	B738
120B	B-1303	B738
120C	B-1305	B738
120D	B-70SS	B06
120F	B-70SR	B429
1210	B-3276	GLF6
1213	B-1306	B738
1214	B-1309	B738
121E	B-8700	A320
121F	B-1313	B738
1220	B-1315	B738
1221	B-8695	A320
1222	B-8696	A320
1223	B-8697	A320
1224	B-001R	AJ27
1225	B-8865	A333
1226	B-8693	A319
1227	B-10QK	SR20
1228	B-8855	A320
1229	B-8856	A320
122A	B-8857	A320
122B	B-8858	A320
122C	B-8859	A320
122D	B-8860	A321
122E	B-8861	A321
122F	B-8862	A333
1230	B-8863	A333
1231	B-1316	B738
1232	B-1317	B738
1233	B-1318	B738
1234	B-1319	B738
1235	B-1320	B738
1236	B-1321	B738
1237	B-1311	B738
1238	B-1312	B738
123C	B-1326	B738
123D	B-1327	B738
123E	B-7300	B738
123F	B-8892	A320
1240	B-8893	A320
1241	B-8867	A20N
1243	B-1329	B737
1244	B-1331	B738
1245	B-1330	B738
1246	B-8891	A20N
1247	B-8890	A20N
124A	B-1332	B738
124B	B-1335	B738
124C	B-1336	B738
124E	B-1001	A321
124F	B-1002	A321
1250	B-1003	A321
1251	B-1005	A321
1252	B-1006	A321
1259	B-8895	A320
125A	B-8898	A320
125B	B-8896	A320
125C	B-8868	A320
125D	B-8897	A320
125E	B-8900	A321
125F	B-8997	A321
1260	B-001C	C919
1261	B-8597	A20N
1266	B-1007	A319
1267	B-1008	A319
1273	B-1340	B744
1274	B-3386	AJ27
1275	B-3387	AJ27
1276	B-3388	AJ27
1277	B-8852	A319
1278	B-8853	A319
1279	B-1011	A319
127B	B-1337	B738
127C	B-1338	B738
1283	B-1016	A319
1284	B-1017	A333
1286	B-70VG	AS50
1289	B-70VK	AS50
128C	B-10MF	BE58
128D	B-10MG	BE58
128E	B-3869	FA7X
128F	B-3273	E190
1290	B-70MN	G2CA
1297	B-1012	A321
1298	B-1013	A321
1299	B-1015	A321
129A	B-001S	AJ27
129C	B-1347	B738
129D	B-1346	B738
129E	B-1345	B789
129F	B-1342	B789
12A0	B-1341	B789
12A1	B-1343	B789
12A2	B-1022	A333
12A3	B-1021	A333
12A4	B-1020	A333
12A5	B-1018	A320
12A6	B-1019	A320
12A8	B-1432	B752
12A9	B-001T	AJ27
12AA	B-1348	B738
12AB	B-1350	B738
12AC	B-1351	B738
12AD	B-10RU	PC12
12B0	B-10SL	PC6T
12B3	B-10SJ	PC6T
12B4	B-1028	A320
12B5	B-1029	A320
12B7	B-1349	A20N
12B9	B-70VP	B407
12BA	B-1030	A320
12BB	B-1031	A320
12BC	B-3271	GLF6
12BD	B-1357	B789
12BE	B-1356	B789
12BF	B-1352	B738
12C0	B-1355	B738
12C1	B-1353	B738
12C3	B-1025	A320
12C4	B-1026	A320
12C5	B-1027	A320
12C6	B-1361	A20N
12CB	B-1366	B738
12CF	B-1368	B789
12D0	B-1068	A20N
12D1	B-3333	FA7X
12D2	B-1032	A320
12D3	B-10SX	M20P
12D5	B-1358	B738
12D6	B-1359	B738
12D7	B-1360	B738
12D8	B-1362	B738
12D9	B-1363	B738
12DA	B-1365	B738
12DB	B-1367	B738
12DC	B-1392	B38M
12DD	B-1393	B38M
12DE	B-1395	B38M
12DF	B-1396	B38M
12E0	B-1397	B38M
12E1	B-1398	B38M
12E2	B-1399	B38M
12E3	B-5999	GLF5
12E4	B-1372	B738
12E5	B-1375	B738
12E6	B-1373	B738
12E7	B-1036	A333
12E8	B-1377	B738
12E9	B-1376	B738
12EA	B-1386	B738
12EB	B-1390	B38M
12EC	B-1389	B38M
12ED	B-1387	B38M
12EE	B-1388	B38M
12EF	B-3285	E190
12F0	B-1391	B738
12F1	B-1369	B738
12F2	B-1370	B738
12F3	B-1371	B738
12F4	B-1383	B38M
12F5	B-1380	B38M
12F6	B-1385	B38M
12FA	B-1378	B752
12FC	B-001U	AJ27
12FE	B-1379	B38M
12FF	B-1381	B38M
1300	B-1382	B38M
1301	B-1039	A320
1303	B-1037	A320
1304	B-1040	A320
1305	B-1208	B738
1306	B-1209	B738
1307	B-MCH	A320
1308	B-1200	B38M
1309	B-1201	B38M
130A	B-1202	B38M
130B	B-1203	B38M
130C	B-1205	B38M
130D	B-1206	B38M
130E	B-1207	B38M
130F	B-1210	B738
1314	B-1212	A20N
1315	B-1059	A333
1316	B-1213	B738
1317	B-1215	B738
1318	B-1048	A333
1319	B-1046	A332
131A	B-1047	A332
131B	B-3320	E190
131C	B-1229	B737
131D	B-1042	A333
131E	B-1043	A332
1321	B-1045	A333
1322	B-1052	A320
1324	B-1217	B738
1325	B-1218	B738
1326	B-1219	B738
1327	B-1220	B38M
1328	B-1221	B738
1329	B-1223	B38M
132A	B-1225	B38M
132B	B-1050	A20N
132C	B-1060	A320
132D	B-1061	A320
132E	B-1035	A320
132F	B-1231	B752
1332	B-3297	CRJ9
1333	B-3298	CRJ9
1334	B-1051	A320
1335	B-1041	A333
1336	B-1049	A333
1338	B-102T	DA42
133C	B-001V	AJ27
133D	B-1232	A20N
133F	B-1233	B738
1340	B-3325	GLF6
1341	B-3326	GLF6
1342	B-1228	B738
1343	B-1080	A359
1344	B-1081	A359
1345	B-1082	A359
1346	B-1083	A359
1347	B-1085	A359
1348	B-1086	A359
1349	B-1067	A21N
134C	B-1211	A20N
134D	B-1235	B738
134E	B-1226	B738
134F	B-1227	B738
1350	B-1230	B738
1351	B-10UC	SR20
1352	B-10UA	SR20
1354	B-10TY	SR20
1355	B-10TX	SR20
1356	B-10SZ	K100
1357	B-10QZ	K100
135A	B-1236	B738
135B	B-1237	B738
135C	B-1238	B38M
135D	B-1239	B738
135E	B-1240	B738
135F	B-1241	B738
1360	B-1242	B789
1361	B-1243	B789
1362	B-1062	A333
1363	B-1063	A333
1364	B-1065	A333
1365	B-10TS	C525
1368	B-1253	B738
1369	B-1255	B738
136A	B-1256	B738
136B	B-1072	A333
136C	B-1071	A320
136D	B-1252	B752
136E	B-1257	B752
136F	B-1259	B38M
1370	B-1260	B38M
1371	B-1261	B38M
1372	B-1262	B738
1373	B-1263	B38M
1374	B-1265	B738
1375	B-1268	B738
1376	B-1269	B738
1377	B-1270	B738
1378	B-1069	A359
137A	B-1245	A20N
137B	B-1246	A20N
137C	B-1247	A20N
137D	B-1248	A20N
137E	B-1249	A20N
1381	B-001W	AJ27
1382	B-1287	B738
1383	B-1288	B738
1384	B-1289	B38M
1385	B-1290	B38M
1386	B-1276	B738
1387	B-1277	B738
1388	B-1278	B738
1389	B-1279	B738
138A	B-1280	B738
138B	B-1281	B738
138C	B-1258	B738
138D	B-1271	B38M
138E	B-1272	B738
138F	B-1273	B738
1390	B-1275	B38M
1391	B-1033	A20N
1392	B-1066	A333
1393	B-1073	A333
1398	B-1267	B738
139F	B-1096	A333
13A0	B-1097	A333
13A1	B-1098	A333
13A2	B-1100	B38M
13A3	B-1101	B738
13A4	B-1102	B738
13A5	B-1103	B738
13A6	B-1292	A20N
13A7	B-10VC	C56X
13A8	B-10VD	C56X
13A9	B-10VE	C56X
13AA	B-1075	A20N
13AB	B-1077	A20N
13AC	B-1078	A20N
13AD	B-1079	A20N
13AE	B-1296	B738
13AF	B-1299	B738
13B0	B-1283	B738
13B1	B-1285	B738
13B2	B-1286	B738
13B3	B-1087	A21N
13B4	B-1089	A21N
13B5	B-1090	A21N
13B7	B-1105	B738
13B8	B-1104	B738
13B9	B-1004	A333
13BA	B-1014	A333
13BB	B-1091	A21N
13BC	B-1293	B789
13BD	B-1297	B789
13BE	B-1295	B38M
13BF	B-1298	B738
13C0	B-1092	A21N
13C1	B-1266	B77W
13C2	B-1282	B77W
13D6	B-1106	B737
13D7	B-1107	B738
13D9	B-1088	A21N
13DC	B-1108	B738
13DD	B-3346	CRJ9
13DE	B-10UN	K100
13DF	B-1291	B739
13E4	B-1109	B733
13E5	B-1110	B733
13E6	B-1486	B738
13E7	B-1076	A20N
13EA	B-1095	A320
13EC	B-3328	AJ27
13ED	B-3329	AJ27
13EE	B-1093	A319
13F0	B-3345	E195
13F2	B-1120	B38M
13F3	B-001X	AJ27
13F4	B-3327	GLF5
13F5	B-1121	B38M
13F6	B-1122	B38M
13F7	B-1126	B38M
13F8	B-1127	B38M
13F9	B-1128	B789
13FA	B-1123	B738
13FC	B-1129	B738
13FD	B-1057	A321
13FE	B-1056	A21N
13FF	B-1055	A21N
1400	B-1053	A21N
1401	B-1125	B738
1402	B-2977	GLF6
1403	B-8589	A333
1404	B-300A	A321
1405	B-8599	A21N
1406	B-300D	A21N
1407	B-300C	A321
1408	B-8598	A21N
140B	B-1130	B738
140C	B-1135	B789
140D	B-1131	B738
140E	B-1133	B789
140F	B-1132	B789
1410	B-300F	A321
1411	B-300G	A321
1412	B-300E	A321
1416	B-1111	B789
1417	B-1112	B789
1418	B-1113	B789
141B	B-10DE	DA40
141C	B-1141	B738
141D	B-1142	B38M
141E	B-1119	B789
141F	B-1138	B789
1424	B-104M	FDCT
1425	B-12JN	FDCT
1427	B-300K	A20N
1428	B-300L	A20N
1429	B-300S	A320
142A	B-300T	A320
142B	B-3358	GLF5
142C	B-1143	B38M
142E	B-1147	B738
142F	B-1148	B738
1430	B-2928	CRJ9
1431	B-1146	B38M
1432	B-300N	A20N
1433	B-300M	A20N
1435	B-10WC	C172
1437	B-1115	B789
143A	B-1116	B38M
143B	B-1117	B38M
143C	B-1118	B38M
143D	B-1136	B38M
143E	B-1137	B38M
143F	B-1139	B38M
1444	B-10UR	C172
1446	B-10UQ	C172
1447	B-1185	B738
1448	B-1186	B738
144A	B-1188	B738
144B	B-1189	B738
144F	B-1156	B734
1452	B-1149	B38M
1453	B-1150	B38M
1454	B-1151	B738
1455	B-1152	B38M
1456	B-10VH	GA8
1457	B-1158	B738
145A	B-1145	B752
145B	B-1161	B738
145C	B-1162	B738
145D	B-1163	B738
145E	B-1159	B738
145F	B-300W	A319
1462	B-300P	A333
1463	B-300Q	A333
1464	B-300R	A20N
1469	B-10KL	B350
1476	B-10KN	B350
1477	B-10JJ	C208
1478	B-1160	B38M
1479	B-300V	A333
147A	B-300U	A333
147B	B-1153	B738
147C	B-1155	B738
147D	B-007A	A20N
147E	B-007C	A20N
147F	B-007D	A20N
1480	B-007E	A20N
1481	B-007F	A20N
1482	B-007G	A20N
1483	B-007H	A20N
1484	B-007J	A20N
1485	B-007K	A20N
1486	B-007L	A20N
1487	B-007M	A20N
1488	B-007N	A20N
1489	B-007P	A20N
148A	B-007Q	A20N
148B	B-007R	A20N
148C	B-007S	A20N
148D	B-007T	A20N
148E	B-007U	A20N
148F	B-007V	A20N
1490	B-007W	A20N
1491	B-007X	A20N
1492	B-007Y	A20N
1494	B-300Z	A320
1495	B-001Y	AJ27
1496	B-1171	B738
1498	B-300Y	A320
1499	B-300X	A320
149A	B-1165	B38M
149B	B-1166	B38M
149C	B-1170	B38M
149D	B-1167	B789
149E	B-1168	B789
149F	B-1169	B789
14A0	B-1172	B738
14A1	B-301C	A320
14A4	B-10XH	DA42
14A5	B-10XC	DA42
14A6	B-10XP	DA42
14A7	B-10WT	DA42
14A8	B-10XU	DA42
14A9	B-10XJ	DA42
14AA	B-10WW	DA42
14AB	B-10XA	DA42
14AC	B-10XQ	DA42
14AD	B-10WU	DA42
14AE	B-1173	B752
14B1	B-710J	G2CA
14B3	B-1177	B752
14B5	B-301G	A20N
14B6	B-301H	A20N
14B7	B-301J	A20N
14B8	B-301K	A20N
14B9	B-301L	A20N
14BA	B-1178	B38M
14BB	B-1179	B38M
14BC	B-1180	B38M
14BD	B-301F	A320
14BE	B-301E	A21N
14BF	B-301Z	A20N
14C2	B-601Z	CRJ9
14C3	B-302D	A333
14C4	B-302E	A333
14CE	B-302F	A20N
14CF	B-205T	B738
14D0	B-205S	B752
14D1	B-710U	B407
14D2	B-205U	B738
14D3	B-205V	B738
14D4	B-102U	PC12
14D5	B-302H	A20N
14D6	B-001Z	AJ27
14D7	B-302G	A20N
14D8	B-102Y	DA42
14D9	B-205W	B738
14DA	B-205X	B738
14DC	B-1175	B38M
14DD	B-1176	B38M
14DE	B-301A	A20N
14E1	B-205R	B738
14E3	B-10VU	SR20
14E4	B-10VV	SR20
14E5	B-302M	A20N
14E7	B-302J	A320
14E8	B-302L	A20N
14E9	B-302K	A20N
14F9	B-10VS	SR20
14FA	B-10VT	SR20
14FB	B-301Y	A20N
14FC	B-301W	A20N
14FD	B-301U	A21N
14FE	B-301V	A21N
14FF	B-205K	B38M
1500	B-205J	B38M
1502	B-206E	B738
1503	B-205L	B38M
1504	B-205M	B38M
1505	B-205N	B38M
1506	B-205P	B38M
1507	B-206A	B738
1508	B-206C	B738
1509	B-205Y	B738
150A	B-205Z	B738
150B	B-302N	A20N
150C	B-302P	A20N
150D	B-206H	B738
150E	B-206F	B738
150F	B-206G	B738
1511	B-704S	A139
1513	B-001D	C919
1514	B-001E	C919
1515	B-001F	C919
1516	B-001G	C919
1517	B-001H	AJ27
1518	B-001J	C919
1519	B-001K	AJ27
151A	B-001L	AJ27
151C	B-206J	B38M
151E	B-206K	B789
1520	B-704Z	A109
1521	B-302W	A20N
1526	B-302X	A321
1528	B-302Y	A320
152E	B-602L	GL5T
1530	B-103E	J600
1533	B-205C	B38M
1534	B-302Z	A20N
1535	B-206M	B38M
1536	B-206N	B38M
1537	B-303A	A20N
1538	B-302U	A321
1539	B-302V	A321
153A	B-602M	GLF6
1540	B-303D	A333
1541	B-303E	A20N
1542	B-303F	A20N
1543	B-206S	B738
1545	B-103K	B350
1549	B-206T	B738
154E	B-303G	A21N
154F	B-303H	A21N
1550	B-303K	A21N
1551	B-303L	A21N
1552	B-303J	A21N
1553	B-206Q	B38M
1555	B-303C	A333
155A	B-206U	B738
155B	B-206X	B738
155C	B-206Z	B38M
155D	B-207A	B738
155E	B-206Y	B38M
155F	B-206W	B738
1560	B-10VY	K100
1561	B-303M	A320
1562	B-206P	B738
1563	B-207D	B38M
1564	B-207E	B38M
1565	B-303N	A333
1566	B-602P	CRJ9
1567	B-303P	A320
1568	B-207F	B38M
1569	B-206L	B38M
156A	B-303U	A20N
156B	B-207C	B38M
156C	B-303V	A20N
156D	B-303T	A319
156F	B-303W	A21N
1570	B-303X	A21N
1571	B-303Y	A21N
1578	B-207H	B38M
1579	B-303Z	A333
157C	B-207G	B738
157D	B-207J	B789
157E	B-207K	B38M
157F	B-304A	A333
1580	B-304C	A20N
1581	B-304D	A359
1582	B-104C	C172
1585	B-304G	A320
1586	B-304H	A320
1587	B-304E	A320
1588	B-304F	A320
1589	B-302Q	A21N
158A	B-207N	B789
158B	B-302S	A321
158C	B-207S	B38M
158D	B-207T	B38M
158E	B-207U	B789
158F	B-207V	B789
1590	B-304K	A333
1591	B-304L	A333
1594	B-207P	B38M
1595	B-207L	B738
1596	B-207M	B38M
159A	B-304M	A319
159B	B-207W	B738
159D	B-304Q	A20N
159E	B-304R	A20N
159F	B-207X	B738
15A0	B-304P	A20N
15A1	B-304N	A359
15A2	B-302T	A21N
15A3	B-204N	B738
15A4	B-207Z	B738
15A5	B-207Y	B752
15A9	B-208A	B789
15AA	B-304S	A320
15AB	B-304T	A320
15AE	B-208C	B789
15AF	B-208D	B738
15B0	B-602T	AJ27
15B1	B-602S	AJ27
15B2	B-304J	A321
15B3	B-602V	GLEX
15B4	B-304Y	A20N
15B5	B-602W	AJ27
15B6	B-602A	AJ27
15B7	B-602C	AJ27
15BA	B-105F	C172
15BB	B-105G	C172
15BC	B-105H	C172
15BD	B-105J	C172
15C0	B-707F	A109
15C1	B-305F	A21N
15C2	B-305G	A21N
15C3	B-305H	A21N
15C4	B-305J	A20N
15C5	B-305K	A20N
15C7	B-105R	PA44
15C8	B-208H	B38M
15C9	B-208G	B38M
15CA	B-304W	A20N
15CB	B-304X	A20N
15CD	B-305L	A319
15D0	B-305C	A20N
15D1	B-305D	A20N
15D2	B-305E	A20N
15D7	B-603J	GL5T
15D9	B-305R	A333
15DC	B-305M	A20N
15DD	B-305N	A20N
15DE	B-305P	A20N
15DF	B-305Q	A20N
15E0	B-302A	A20N
15E1	B-302C	A20N
15E2	B-208K	B738
15E6	B-208L	B38M
15E7	B-105S	DA42
15E8	B-305T	A321
15E9	B-305S	A21N
15EA	B-305U	A321
15EB	B-305V	A20N
15EC	B-208M	B38M
15ED	B-208N	B38M
15F4	B-305W	A333
15F5	B-208P	B789
15F7	B-208Q	B752
15F8	B-208R	B763
15F9	B-208S	B789
15FA	B-208T	B789
15FD	B-707N	A109
15FE	B-306A	A20N
1600	B-MCI	A320
1601	B-MCJ	A320
1602	B-305X	A359
1603	B-305Y	A20N
1604	B-305Z	A20N
1605	B-208U	B738
1607	B-00D1	FDCT
160A	B-208Y	B738
160B	B-208Z	B738
160E	B-208X	B789
160F	B-306C	A319
1610	B-306N	A359
1611	B-707X	A109
1617	B-306D	A20N
1618	B-306E	A20N
1619	B-306F	A20N
161A	B-209A	B38M
161B	B-209C	B38M
161C	B-209D	B789
161D	B-209E	B789
161E	B-306G	A20N
161F	B-306H	A21N
1620	B-306J	A21N
1621	B-306K	A21N
1622	B-306L	A21N
1623	B-306M	A20N
1624	B-306P	A20N
1625	B-209G	B738
1626	B-209F	B738
1627	B-306S	A319
162A	B-105Z	PC12
162B	B-306U	A20N
162C	B-306T	A20N
162D	B-306V	A20N
162E	B-306W	A20N
1633	B-306X	A320
1634	B-306Y	A359
1636	B-707T	B505
1637	B-707U	B505
1638	B-106Y	GA8
1639	B-306Z	A20N
163A	B-209H	B738
163B	B-708M	A139
163D	B-306Q	A20N
163E	B-306R	A20N
163F	B-307D	A21N
1640	B-307E	A21N
1641	B-307A	A359
1642	B-307C	A359
1643	B-104X	AJ27
1644	B-209K	B38M
1645	B-307G	A20N
1646	B-307H	A20N
1649	B-MCK	A20N
164A	B-MCL	A20N
164B	B-209M	B738
164C	B-307J	A20N
164D	B-307F	A20N
164E	B-603Q	AJ27
164F	B-603M	AJ27
1650	B-603N	AJ27
1651	B-603P	AJ27
1652	B-209N	B789
165C	B-209Q	B38M
165D	B-307K	A20N
165E	B-209R	B789
165F	B-307M	A20N
1661	B-209W	B38M
1662	B-209S	B38M
1663	B-209T	B38M
1664	B-209U	B38M
1665	B-307L	A21N
1666	B-209X	B789
1667	B-209Y	B77W
1668	B-107A	DA40
166A	B-106X	P06T
166B	B-20A0	B38M
166D	B-602K	MA60
166E	B-602J	MA60
166F	B-108K	OSCR
1672	B-307N	A20N
1673	B-307P	A20N
1674	B-307Q	A20N
1675	B-209Z	B738
1676	B-20A1	B738
1677	B-20A2	B763
1678	B-5732	B738
1679	B-307U	A20N
167B	B-603R	GLF6
167D	B-307V	A20N
167E	B-307W	A20N
167F	B-20A3	B38M
1680	B-1010	A319
1682	B-20A7	B38M
1683	B-20A8	B738
1684	B-307Y	A359
1685	B-307Z	A20N
1686	B-308A	A20N
1687	B-20A9	B738
1688	B-20AG	B38M
1689	B-307X	A320
168A	B-307T	A320
168C	B-308E	A359
168D	B-20AD	B738
168E	B-20AE	B738
168F	B-20AA	B789
1690	B-308D	A21N
1691	B-20AC	B77W
1692	B-108F	PA44
1696	B-308C	A359
1697	B-603S	C56X
1698	B-308F	A333
169A	B-105U	C172
169D	B-109P	PA44
169E	B-308K	A20N
169F	B-307R	A20N
16A0	B-307S	A20N
16A1	B-308L	A332
16A2	B-20AJ	B789
16A3	B-20AK	B38M
16A4	B-10J5	P750
16A5	B-107W	KP5
16A6	B-107X	J600
16A7	B-107Y	J600
16A8	B-107Z	KP5
16AB	B-108D	KP5
16AD	B-108H	KP5
16AE	B-108J	J600
16AF	B-MBO	A20N
16B0	B-308G	A359
16B3	B-20AL	B789
16B4	B-308N	A20N
16B5	B-308M	A359
16B9	B-20AQ	B38M
16BD	B-308P	A332
16BE	B-308Q	A332
16C1	B-709G	C172
16C3	B-308R	A20N
16C4	B-308S	A20N
16C6	B-308T	A359
16C7	B-20AT	B38M
16C8	B-20AU	B38M
16C9	B-308U	A21N
16CC	B-20AV	B763
16D1	B-308V	A20N
16D3	B-109Y	OSCR
16D5	B-20AW	B752
16DB	B-109L	P28A
16DE	B-20AY	B38M
16E1	B-107C	PA44
16E2	B-108V	C172
16E3	B-308W	A20N
16E4	B-308X	A20N
16E5	B-309C	A21N
16E6	B-108Y	C172
16E7	B-108W	C172
16E9	B-308Y	A20N
16EA	B-308Z	A20N
16EB	B-309A	A20N
16EC	B-108X	C172
16ED	B-108Z	C172
16F1	B-603T	E35L
16F4	B-309F	A20N
16F5	B-309G	A20N
16F6	B-309H	A20N
16F7	B-709W	C172
16F8	B-709X	C172
16F9	B-709Y	C172
16FC	B-20C9	B38M
16FD	B-20C8	B38M
16FE	B-20CA	B38M
16FF	B-106D	PC12
1700	B-106C	PC12
1701	B-106A	PC12
1702	B-20C7	B38M
1703	B-20C5	B77W
1704	B-20C6	B789
1705	B-309K	A20N
1706	B-309J	A21N
1707	B-309M	A20N
1708	B-309L	A20N
170A	B-0502	K100
170B	B-0501	K100
170C	B-0503	K100
170E	B-309N	A20N
1710	B-309P	A20N
1711	B-309Q	A20N
1714	B-707J	EC25
1716	B-20CC	B38M
1717	B-20CD	B789
1719	B-309R	A20N
171A	B-309S	A20N
171C	B-708X	C172
171F	B-709A	C172
1721	B-709D	C172
1724	B-309T	A333
1728	B-70C0	A169
172A	B-309V	A319
172D	B-MHI	A139
172E	B-MHK	A139
172F	B-MHL	A139
1732	B-106T	C172
1735	B-106W	C172
1736	B-309X	A20N
1737	B-309W	A359
1738	B-20CK	B77W
1739	B-20CJ	B789
173C	B-70D6	B505
173D	B-70D7	B505
173E	B-70D8	B505
173F	B-70D9	B505
1740	B-20CS	B38M
1741	B-309Y	A20N
1742	B-20CU	B38M
1743	B-20CT	B38M
174F	B-20CQ	B38M
1750	B-20CR	B38M
1754	B-30A1	A20N
1755	B-603V	GLF6
1757	B-109E	DA40
1758	B-30A2	A20N
1759	B-109F	DA40
175A	B-606R	GLF5
175C	B-109M	DHC6
175D	B-30A3	A20N
175E	B-0DMG	ANGL
175F	B-109J	SHRK
1762	B-7900	C172
1763	B-7901	C172
1764	B-7902	C172
1766	B-7905	C172
1767	B-7906	C172
1768	B-7907	C172
1769	B-7908	C172
176A	B-7909	C172
176B	B-7910	C172
176C	B-7911	C172
176D	B-7912	C172
176F	B-7915	C172
1770	B-7916	C172
1771	B-7918	C172
1772	B-7919	C172
1773	B-7920	C172
1774	B-7921	C172
1775	B-3598	PA44
1779	B-3608	PA44
177B	B-7267	R44
177C	B-7509	R44
177D	B-7530	R44
1782	B-20D0	B38M
1783	B-20D1	B789
1784	B-30A5	A20N
1786	B-10JN	DA40
1787	B-7917	C172
178A	B-3599	PA44
178B	B-MBP	A20N
178C	B-MBQ	A21N
178D	B-603X	C56X
178E	B-603Y	C56X
1790	B-30A6	A20N
1791	B-30A7	A20N
1793	B-30AA	A20N
1794	B-30A8	A20N
1795	B-20D7	B789
1796	B-20D6	B38M
1797	B-20D5	B38M
1798	B-20D3	B38M
1799	B-30A9	A359
179A	B-10F5	C208
179B	B-20CX	B752
179D	B-70D1	EC35
17A0	B-30AC	A21N
17A1	B-3809	Y12
17A2	B-20D8	B789
17A4	B-10A9	DA42
17A5	B-30AD	A20N
17A7	B-30AE	A20N
17AB	B-20DH	B38M
17AC	B-20DJ	B38M
17AD	B-30AF	A21N
17AE	B-30AG	A21N
17AF	B-30AH	A20N
17B4	B-20DM	B77W
17B5	B-30AJ	A20N
17B6	B-30AK	A20N
17B7	B-30AL	A359
17B8	B-30AM	A20N
17B9	B-10H5	PC12
17BA	B-30AN	A20N
17BB	B-30AP	A20N
17BC	B-605A	G280
17C0	B-30AQ	A20N
17C2	B-30AR	A20N
17C3	B-106E	PC12
17C4	B-106F	PC12
17C5	B-106G	PC12
17C6	B-106H	PC12
17C7	B-106J	PC12
17C8	B-106K	PC12
17CB	B-30AT	A20N
17CC	B-30AU	A20N
17CD	B-30AS	A20N
17CE	B-20DN	B38M
17CF	B-20DP	B38M
17D0	B-30AV	A20N
17D1	B-30AW	A20N
17D2	B-30AX	A20N
17D3	B-70L6	EC35
17D4	B-70L7	EC35
17D6	B-30AY	A320
17D7	B-30AZ	A320
17D8	B-30C0	A359
17D9	B-703S	EC45
17DA	B-104Z	FM25
17DB	B-3762	Y12
17DE	B-20DQ	B38M
17DF	B-20DR	B38M
17E0	B-20DS	B38M
17E1	B-30C1	A20N
17E2	B-30C2	A20N
17E4	B-603Z	AJ27
17E5	B-604A	AJ27
17E6	B-604C	AJ27
17E7	B-604D	AJ27
17E9	B-604F	AJ27
17EA	B-3763	Y12
17EC	B-10E5	B350
17ED	B-9163	DA42
17EF	B-9171	DA42
17F0	B-709Z	B429
17F1	B-70A0	B429
17F2	B-30C3	A20N
17F3	B-10FF	DA40
17F4	B-10F8	DA40
17F5	B-10F9	DA40
17F6	B-30C5	A21N
17F7	B-30C6	A21N
17F8	B-30C7	A20N
17F9	B-30C8	A20N
17FA	B-30C9	A20N
17FB	B-20DT	B789
17FC	B-70K1	EC25
17FD	B-30CA	A20N
17FE	B-20DU	B38M
17FF	B-20DV	B38M
1800	B-20DW	B38M
1801	B-20DX	B38M
1802	B-20DY	B38M
1803	B-10J8	DA40
1806	B-70A1	C172
1807	B-70A2	C172
1808	B-30CC	A20N
1809	B-30CD	A20N
180A	B-30CE	A359
180B	B-70A3	C172
180C	B-70A5	C172
180D	B-70A6	C172
180E	B-70A7	C172
180F	B-70A8	C172
1810	B-70A9	C172
1811	B-099T	AJ27
1812	B-70F8	C172
1813	B-70F9	C172
1814	B-70G0	C172
1815	B-70G1	C172
1816	B-70G2	C172
1817	B-70G3	C172
1818	B-70H6	C172
1819	B-70H7	C172
181A	B-70H8	C172
181B	B-70H9	C172
181C	B-70J0	C172
181D	B-70J1	C172
181E	B-70J2	C172
181F	B-70J3	C172
1820	B-70J5	C172
1821	B-70K6	C172
1822	B-70KT	C172
1823	B-70K8	C172
1824	B-70K9	C172
1825	B-70L0	C172
1826	B-70L1	C172
1827	B-70M5	C172
1828	B-70M6	C172
1829	B-70M7	C172
182A	B-70M8	C172
182B	B-70M9	C172
182C	B-70N0	C172
182D	B-70N1	C172
182E	B-70N2	C172
182F	B-70N3	C172
1831	B-70M1	EC25
1832	B-10J9	FDCT
1833	B-30CH	A20N
1834	B-30CJ	A21N
1835	B-10E6	B350
1836	B-30CK	A20N
1837	B-30CL	A20N
183D	B-10CA	PA44
183E	B-605C	AJ27
183F	B-20DZ	B38M
1841	B-30CM	A20N
1842	B-30CN	A20N
1843	B-70Q0	A139
1848	B-30CR	A20N
1849	B-30CS	A21N
184A	B-30CP	A320
184B	B-30CQ	A320
184C	B-30CT	A20N
184F	B-20E0	B38M
1850	B-20E1	B38M
1851	B-30CU	A20N
1852	B-30CV	A20N
1853	B-605D	GLEX
1855	B-30D3	A20N
1856	B-30D5	A20N
1857	B-30D6	A20N
1858	B-30CW	A359
1859	B-30CX	A20N
185A	B-30CY	A20N
185B	B-30CZ	A20N
185C	B-30D0	A20N
185D	B-30D1	A20N
185E	B-30D2	A20N
1860	B-30D7	A20N
1861	B-20E3	B38M
1862	B-30D9	A21N
1863	B-30DA	A21N
1864	B-30DC	A20N
1865	B-20E2	B38M
1866	B-30D8	A20N
1867	B-9280	C172
1869	B-10A1	TWEN
186B	B-30DD	A20N
186D	B-9156	DA42
186F	B-30DE	A20N
1870	B-30DF	A20N
1871	B-20E5	B738
1872	B-20E6	B738
1873	B-10P5	HDJT
1875	B-10H0	DA40
1877	B-10H2	DA40
1878	B-MBR	A21N
1879	B-20E7	B77W
187C	B-70Q8	B429
187E	B-10K6	PC12
187F	B-10K7	PC12
1880	B-10K8	PC12
1881	B-10K9	PC12
1882	B-10KH	PC12
1883	B-10KJ	PC12
1888	B-30DG	A20N
188A	B-20E8	B789
188D	B-20E9	B752
188E	B-10Q9	OSCR
1896	B-30DH	A20N
1897	B-9770	SR20
1898	B-9765	P06T
1899	B-9787	P06T
189A	B-30DJ	A20N
189B	B-30DK	A20N
189C	B-30DL	A20N
18A0	B-605M	AJ27
18A1	B-605N	AJ27
18A2	B-30DN	A20N
18A6	B-30DQ	A20N
18A8	B-20EC	B789
18AB	B-30DR	A20N
18AC	B-30DS	A20N
18AD	B-30DT	A20N
18B4	B-7950	C172
18B7	B-9603	C172
18B8	B-9605	C172
18BA	B-9607	C172
18BD	B-9672	C172
18BF	B-9675	C172
18C0	B-9676	C172
18C1	B-9677	C172
18C4	B-70T1	A139
18C5	B-10U1	PC12
18C7	B-20EA	B38M
18C8	B-605E	GLF6
18CF	B-10JQ	B350
18D3	B-10K3	DA40
18D6	B-10M7	DA40
18D9	B-605Q	AJ27
18DA	B-30DY	A20N
18DB	B-30DX	A320
18DC	B-30DW	A320
18DD	B-30DZ	A20N
18DE	B-30E0	A20N
18DF	B-10N1	K100
18E1	B-20EF	B752
18E4	B-10S5	DA42
18E5	B-10S6	DA42
18E6	B-10S7	DA42
18E7	B-10S9	DA42
18E8	B-10T1	DA42
18E9	B-10T2	DA42
18ED	B-10U6	DA42
18F1	B-10LV	FDCT
18F2	B-30E1	A21N
18F3	B-30E2	A21N
18F4	B-30E5	A21N
18F5	B-30E6	A21N
18F6	B-30E7	A21N
18F8	B-10S8	DA42
18F9	B-10T0	DA42
18FA	B-30E3	A21N
18FB	B-30E8	A21N
18FF	B-70P0	C172
1900	B-70P1	C172
1901	B-70P2	C172
1902	B-70P3	C172
1903	B-70P5	C172
1904	B-70P6	C172
1905	B-70P7	C172
1906	B-70P8	C172
1907	B-70T3	C172
1908	B-70T5	C172
1909	B-70T6	C172
190A	B-70T7	C172
190B	B-70T8	C172
190C	B-70T9	C172
190D	B-70U0	C172
190E	B-70U1	C172
190F	B-70U2	C172
1910	B-70U3	C172
1911	B-70U6	C172
1912	B-70P9	C172
1913	B-70I7	C172
1915	B-20EH	B789
1916	B-30EA	A359
1917	B-30EC	A21N
1918	B-30ED	A21N
1919	B-30EE	A20N
191C	B-3685	PA44
191E	B-605V	AJ27
191F	B-605T	AJ27
1920	B-30EJ	A20N
1921	B-30EK	A20N
1922	B-30EH	A20N
1923	B-605U	AJ27
1926	B-605W	AJ27
1927	B-30EP	A20N
1929	B-30EQ	A21N
192A	B-20EK	B38M
192B	B-30ER	A319
192D	B-10W2	DA62
192E	B-30ET	A20N
192F	B-30EU	A21N
1930	B-10K2	K100
1931	B-30ES	A20N
1933	B-708Q	B505
1934	B-20EL	B789
1935	B-30EV	A21N
1936	B-30EW	A21N
1937	B-30EX	A21N
1938	B-30EY	A21N
1939	B-30EZ	A20N
193A	B-30F0	A359
193B	B-30F1	A21N
193E	B-30F2	A20N
193F	B-30F3	A20N
1940	B-20EM	B77L
1941	B-20EN	B77L
1942	B-20EQ	B789
1943	B-30FA	A20N
1944	B-605X	AJ27
1945	B-20EP	B789
1946	B-30F6	A21N
1947	B-30F7	A20N
1948	B-30F8	A20N
1949	B-30F9	A359
194A	B-30FC	A20N
194B	B-30F5	A20N
194C	B-30FD	A20N
194D	B-30FE	A20N
194E	B-30FF	A20N
194F	B-10U0	AURA
1950	B-30FG	A20N
1952	B-20ER	B38M
1953	B-20ES	B38M
1955	B-605Y	AJ27
1956	B-30FJ	A20N
1957	B-30FK	A20N
1958	B-10XS	C56X
1959	B-10XT	C56X
195A	B-30EL	A21N
195B	B-30FL	A20N
195C	B-20EU	B38M
195F	B-30FM	A359
1960	B-30FN	A20N
196C	B-10YL	OSCR
1973	B-30FP	A21N
1977	B-30FQ	A20N
1978	B-30FU	A20N
197A	B-30FV	A20N
197C	B-30FR	A21N
197D	B-30FS	A21N
197E	B-30FT	A20N
197F	B-606A	AJ27
1980	B-606C	AJ27
1983	B-10VQ	K100
1984	B-10VX	K100
1986	B-20EV	B789
1987	B-70Y6	R44
1988	B-70Y7	R44
1989	B-70Y8	R44
198A	B-70Y9	R44
198D	B-20EW	B789
198E	B-30FW	A21N
198F	B-30FX	A20N
1992	B-10YV	AURA
1994	B-10YX	P06T
199C	B-30FY	A21N
199D	B-30FZ	A21N
199E	B-3838	Y12
199F	B-3839	Y12
19A0	B-123A	AJ27
19A5	B-20F1	B737
19AA	B-10YC	DA40
19B2	B-10CW	C172
19B3	B-10CN	C206
19B5	B-10CX	T206
19B7	B-20EY	B738
19B8	B-20EZ	B738
19B9	B-20F0	B738
19C2	B-606E	GLF6
19C4	B-10Z5	Y12F
19C5	B-70Y1	EC25
19CD	B-1962	B738
19D2	B-320D	A20N
19D3	B-230E	A20N
19D4	B-220A	B752
19D5	B-220C	B752
19D6	B-220D	B789
19D7	B-320A	A20N
19D8	B-320C	A20N
19D9	B-320F	A19N
19DA	B-320G	A19N
19DB	B-72CK	EC35
19DD	B-320H	A20N
19DE	B-320J	A21N
19EC	B-321W	A20N
19ED	B-10ZD	AURA
19EE	B-120R	DA40
19EF	B-320M	A20N
19F0	B-320L	A20N
19F2	B-320N	A20N
19F3	B-120M	AURA
19F4	B-320P	A20N
19F5	B-10P7	P28A
19F6	B-10P8	P28A
19FC	B-10ZG	AURA
1A01	B-099A	AJ27
1A02	B-099C	AJ27
1A03	B-099D	AJ27
1A04	B-099E	AJ27
1A05	B-099F	AJ27
1A06	B-099G	AJ27
1A07	B-099H	AJ27
1A08	B-099J	AJ27
1A09	B-099K	AJ27
1A0A	B-099L	AJ27
1A0B	B-099M	AJ27
1A0C	B-099N	AJ27
1A0D	B-099P	AJ27
1A0E	B-099Q	AJ27
1A0F	B-099R	AJ27
1A10	B-099S	AJ27
1A11	B-00T	AJ27
1A12	B-099U	AJ27
1A13	B-099V	AJ27
1A14	B-099W	AJ27
1A16	B-099Y	AJ27
1A17	B-099Z	AJ27
1A1B	B-620D	AJ27
1A1C	B-620E	AJ27
1A1D	B-320Q	A319
1A1E	B-70Y0	EC25
1A1F	B-220E	B77L
1A24	B-10ZL	DA42
1A25	B-121S	AURA
1A27	B-10M0	DHC6
1A2A	B-9319	C172
1A2D	B-9418	C172
1A2F	B-9420	C172
1A33	B-9192	DA42
1A34	B-9195	DA42
1A38	B-9452	C172
1A42	B-10DA	C172
1A46	B-122L	DA40
1A47	B-723S	B505
1A4A	B-721E	A139
1A4B	B-220F	B77L
1A4E	B-320R	A20N
1A50	B-620C	GLF6
1A52	B-721K	EC35
1A53	B-320S	A359
1A54	B-9296	C172
1A60	B-220G	B789
1A61	B-620H	AJ27
1A62	B-720Q	C172
1A63	B-720R	C172
1A64	B-720S	C172
1A65	B-720T	C172
1A6B	B-320T	A20N
1A6C	B-320U	A20N
1A70	B-122Y	AURA
1A71	B-124C	DA40
1A73	B-320V	A20N
1A76	B-120S	SHRK
1A77	B-320W	A20N
1A78	B-320X	A20N
1A7A	B-220H	B763
1A7E	B-124M	B350
1A82	B-650J	GLF6
1A86	B-3761	Y12
1A87	B-3853	Y12
1A89	B-320Y	A21N
1A8A	B-650L	AJ27
1A8C	B-10EQ	P750
1A8D	B-650K	AJ27
1A8E	B-220J	B752
1A8F	B-124N	DA42
1A92	B-122F	SR20
1A94	B-320Z	A20N
1A95	B-321A	A20N
1A96	B-321C	A20N
1A97	B-321D	A20N
1A98	B-321E	A20N
1A99	B-124J	FDCT
1A9B	B-321F	A21N
1A9C	B-321G	A21N
1A9D	B-321H	A21N
1AA6	B-321J	A359
1AA8	B-220K	B789
1AA9	B-124F	AURA
1AAA	B-721F	R66
1AAB	B-721G	R66
1AAC	B-722D	A109
1AAD	B-122Z	DA42
1AAE	B-123C	DA42
1AAF	B-123D	DA42
1AB0	B-123E	DA42
1AB1	B-123F	DA42
1AB2	B-123G	DA42
1AB3	B-123H	DA42
1AB4	B-123J	DA42
1AB5	B-124Q	DA42
1AB6	B-124R	DA42
1AB7	B-321K	A20N
1ABE	B-122V	AURA
1ABF	B-121U	DA40
1AC2	B-123Z	AURA
1AC3	B-321L	A20N
1AC4	B-321M	A359
1AC5	B-321N	A359
1AC9	B-321P	A20N
1ACA	B-321Q	A20N
1ACB	B-125E	AURA
1ACC	B-125L	DA42
1ACD	B-321R	A321
1ACE	B-321S	A321
1ACF	B-321T	A321
1AD3	B-3688	PA44
1AD5	B-3690	PA44
1AD6	B-321V	A20N
1AD7	B-620G	AJ27
1AD8	B-620F	AJ27
1ADA	B-723L	B505
1ADC	B-723N	B505
1AE0	B-125W	AURA
1AE1	B-320K	A20N
1AE2	B-321X	A20N
1AE4	B-220L	B738
1AE6	B-650P	AJ27
1AE7	B-650N	MA60
1AE8	B-321Y	A320
1AE9	B-220M	B738
1AEA	B-220N	B738
1AF6	B-723R	B505
1AFA	B-723U	B505
1AFB	B-125T	FDCT
1AFC	B-125U	FDCT
1AFD	B-322A	A21N
1AFE	B-321Z	A21N
1AFF	B-322D	A19N
1B02	B-650Q	AJ27
1B03	B-650M	GLEX
1B05	B-10YR	PIVI
1B07	B-10ZE	C25M
1B08	B-10ZF	C25M
1B09	B-121L	C25M
1B0A	B-121M	C25M
1B0B	B-126N	AURA
1B0D	B-127E	DA42
1B0F	B-322E	A21N
1B10	B-322F	A20N
1B12	B-322G	A20N
1B13	B-322H	A359
1B14	B-650R	AJ27
1B15	B-10ZC	SR20
1B16	B-124E	SR20
1B17	B-124G	SR20
1B18	B-124K	SR20
1B19	B-124L	SR20
1B1A	B-126X	SR20
1B1B	B-126Y	SR20
1B1C	B-126Z	SR20
1B1D	B-127A	SR20
1B1E	B-127C	SR20
1B1F	B-127U	SR20
1B20	B-127V	SR20
1B21	B-127W	SR20
1B22	B-127X	SR20
1B23	B-127Y	SR20
1B24	B-127Z	SR20
1B25	B-128A	SR20
1B26	B-322J	A20N
1B29	B-650S	AJ27
1B2A	B-650T	AJ27
1B2B	B-125X	AURA
1B2C	B-125F	C25M
1B2D	B-322C	A20N
1B2E	B-322K	A20N
1B2F	B-321U	A20N
1B30	B-126W	AURA
1B31	B-9616	PC6T
1B34	B-128T	DA42
1B37	B-10Y5	Y12
1B38	B-322P	A21N
1B39	B-322M	A20N
1B3A	B-322N	A20N
1B3B	B-322Q	A20N
1B3C	B-322R	A20N
1B3D	B-322S	A20N
1B3E	B-322L	A21N
1B40	B-650U	AJ27
1B41	B-322T	A21N
1B42	B-322U	A20N
1B43	B-127R	AN2
1B44	B-127S	AN2
1B45	B-127T	AN2
1B46	B-126V	AURA
1B47	B-MBS	A21N
1B48	B-MBT	A21N
1B4B	B-220R	B763
1B4C	B-9427	C208
1B50	B-721M	C172
1B51	B-721N	C172
1B57	B-322V	A20N
1B58	B-650W	AJ27
1B59	B-322W	A21N
1B5A	B-322X	A20N
1B5B	B-322Y	A359
1B5C	B-322Z	A359
1B60	B-10HF	K100
1B61	B-10G8	P750
1B63	B-10WX	GA8
1B64	B-323A	A20N
1B65	B-323C	A20N
1B66	B-129P	AURA
1B67	B-129Q	AURA
1B69	B-128S	AURA
1B6A	B-323D	A20N
1B6B	B-129U	FDCT
1B6D	B-9425	C208
1B6E	B-323E	A20N
1B6F	B-323F	A21N
1B70	B-0ETP	CJ6
1B73	B-650V	AJ27
1B75	B-323G	A20N
1B76	B-220S	B738
1B77	B-323J	A19N
1B78	B-323K	A20N
1B79	B-323L	A20N
1B7A	B-323M	A20N
1B7B	B-323H	A359
1B7C	B-724F	B412
1B7D	B-323N	A21N
1B7E	B-323P	A20N
1B7F	B-220U	B738
1B80	B-220T	B763
1B87	B-323Q	A21N
1B88	B-129X	C56X
1B89	B-129Z	C56X
1B8A	B-129Y	C56X
1B8B	B-323R	A21N
1B8D	B-323S	A21N
1B8E	B-12A3	DA40
1B8F	B-12A5	DA40
1B90	B-12A6	DA40
1B91	B-12A8	DA40
1B92	B-12A9	DA40
1B94	B-323T	A20N
1B95	B-323U	A21N
1B96	B-129V	AURA
1B98	B-12C3	DA40
1B9A	B-323W	A20N
1B9B	B-650X	AJ27
1B9C	B-12A7	AURA
1B9E	B-323X	A320
1BA1	B-12CF	DV20
1BA2	B-12P8	DV20
1BA3	B-12CD	DV20
1BA4	B-12CE	DV20
1BA5	B-12C9	DV20
1BA6	B-70X9	EC25
1BA7	B-323Y	A20N
1BA8	B-323Z	A20N
1BA9	B-324A	A20N
1BAA	B-324C	A21N
1BAB	B-324D	A20N
1BAD	B-724P	C172
1BAE	B-12AP	SR20
1BB2	B-324H	A20N
1BB3	B-324J	A20N
1BB4	B-650Z	AJ27
1BB5	B-324F	A20N
1BB6	B-324G	A20N
1BB7	B-12AG	SR20
1BB8	B-12AH	SR20
1BBA	B-12AK	SR20
1BBB	B-12AL	SR20
1BBF	B-12AQ	SR20
1BC0	B-12AR	SR20
1BC1	B-12AX	SR20
1BC2	B-12AY	SR20
1BC6	B-128Y	SR20
1BC7	B-128Z	SR20
1BC8	B-129C	SR20
1BC9	B-129D	SR20
1BCA	B-129J	SR20
1BCB	B-129K	SR20
1BCE	B-650Y	AJ27
1BCF	B-324E	A20N
1BD0	B-70Y2	EC25
1BD1	B-70Y5	EC25
1BD2	B-220V	B738
1BD3	B-220W	B738
1BD4	B-220X	B738
1BD5	B-128N	FDCT
1BD6	B-129A	FDCT
1BDA	B-725J	C172
1BDB	B-220Y	B738
1BDC	B-12AV	AURA
1BDD	B-651A	AJ27
1BDE	B-725P	C172
1BDF	B-725Q	C172
1BE0	B-725R	C172
1BE2	B-725T	C172
1BE3	B-725U	C172
1BE4	B-725V	C172
1BE5	B-725W	C172
1BE6	B-324K	A21N
1BE7	B-324L	A21N
1BE8	B-324M	A20N
1BE9	B-12CP	DA42
1BEB	B-12AC	AURA
1BED	B-12CA	AURA
1BEE	B-324N	A20N
1BEF	B-651C	AJ27
1BF0	B-651D	GLF6
1BF1	B-70Y3	EC25
1BF4	B-324P	A21N
1BF5	B-324Q	A21N
1BF6	B-324R	A359
1BF7	B-324S	A359
1BF8	B-324T	A20N
1BF9	B-12CG	AURA
1BFE	B-324U	A20N
1BFF	B-324V	A20N
1C06	B-651J	AJ27
1C07	B-324Y	A21N
1C09	B-325A	A21N
1C0A	B-325C	A20N
1C0B	B-651H	GLEX
1C0C	B-324W	A359
1C0D	B-324X	A359
1C0E	B-324Z	A20N
1C0F	B-651E	AJ27
1C10	B-651G	AJ27
1C11	B-651F	AJ27
1C14	37023	EC35
1C15	B-651K	GLF6
1C16	B-325D	A20N
1C17	B-651W	AJ27
1C18	B-651M	AJ27
1C19	B-651P	AJ27
1C1A	B-651Q	AJ27
1C1B	B-651R	AJ27
1C1C	B-651S	AJ27
1C1E	B-651T	AJ27
1C1F	B-220Z	B752
1C20	B-651X	AJ27
1C22	B-651N	MA60
1C23	B-12C0	FDCT
1C27	B-12DM	B350
1C2A	B-325F	A21N
1C2B	B-325G	A20N
1C2C	B-325H	A21N
1C2D	B-325J	A359
1C2E	B-726P	C172
1C31	B-325K	A21N
1C32	B-325L	A20N
1C33	B-651Y	AJ27
1C34	B-651Z	AJ27
1C3A	B-12HT	DA42
1C3D	B-12HS	DA42
1C3E	B-325M	A21N
1C3F	B-325N	A21N
1C40	B-221D	B763
1C44	B-221E	B738
1C48	B-221G	B738
1C49	B-12DW	DA40
1C4B	B-12DY	DA40
1C4E	B-325R	A20N
1C4F	B-325S	A20N
1C50	B-325T	A20N
1C51	B-325U	A20N
1C52	B-325V	A20N
1C53	B-325X	A21N
1C54	B-70X5	EC25
1C55	B-12D6	SR20
1C57	B-12D8	SR20
1C58	B-12D9	SR20
1C59	B-12DA	SR20
1C5A	B-12DC	SR20
1C5B	B-12DD	SR20
1C5C	B-12DE	SR20
1C60	B-325P	A20N
1C61	B-12D1	DA42
1C63	B-12DF	AURA
1C64	B-325Q	A20N
1C6B	B-12CZ	AURA
1C6C	B-325Y	A20N
1C6D	B-325Z	A20N
1C6E	B-326A	A20N
1C6F	B-326C	A21N
1C70	B-326D	A21N
1C75	B-326E	A20N
1C77	B-326F	A20N
1C78	B-326G	A20N
1C7D	B-12C5	DA40
1C7E	B-12C6	DA40
1C7F	B-12DL	PA44
1C82	B-12DU	PIVI
1C86	B-326H	A20N
1C87	B-326J	A20N
1C88	B-221C	B738
1C8A	B-727V	A139
1C8B	B-326K	A20N
1C8C	B-12DR	AURA
1C91	B-653A	GLF6
1C93	B-326M	A21N
1C94	B-653C	AJ27
1C95	B-326L	A21N
1C98	B-326N	A20N
1C99	B-326P	A20N
1C9A	B-12EH	FDCT
1C9B	B-0DGS	AG10
1C9C	B-326Q	A21N
1C9D	B-326R	A20N
1C9E	B-326S	A21N
1C9F	B-326T	A20N
1CA5	B-652D	AJ27
1CA6	B-326U	A21N
1CA7	B-326V	A20N
1CA8	B-326W	A20N
1CA9	B-326X	A21N
1CAA	B-326Y	A359
1CAD	B-652C	FA7X
1CAF	B-0GSH	MA60
1CB1	B-728H	EC35
1CB2	B-221K	B763
1CB6	B-12F1	DA40
1CB7	B-12E7	DA40
1CB8	B-327C	A21N
1CBC	B-327A	A20N
1CC0	B-326Z	A20N
1CC5	B-12FQ	DA42
1CC6	B-327D	A20N
1CC7	B-12EW	AURA
1CCE	B-12AD	B350
1CD0	B-327E	A20N
1CD1	B-327F	A20N
1CD3	B-327G	A21N
1CD4	B-327H	A21N
1CD5	B-327J	A20N
1CD6	B-327N	A20N
1CD7	B-327L	A20N
1CD8	B-327M	A21N
1CDA	B-327P	A21N
1CDB	B-327Q	A20N
1CDC	B-10EW	ECHO
1CDD	B-10EX	SIRA
1CDE	B-221F	B763
1CDF	B-221A	B752
1CE0	B-221M	B738
1CE1	B-652H	AJ27
1CE2	B-327R	A21N
1CE3	B-327S	A21N
1CE4	B-327T	A21N
1CE5	B-327U	A21N
1CE6	B-327V	A359
1CE8	B-728C	C172
1CE9	B-728D	C172
1CEA	B-728E	C172
1CEB	B-728F	C172
1CED	B-12EZ	AURA
1CF1	B-652F	AJ27
1CF2	B-652G	AJ27
1CF5	B-12G9	DV20
1CF6	B-327W	A20N
1CF7	B-12GA	DV20
1CF8	B-12FW	AURA
1CF9	B-12FM	AURA
1CFA	B-12FL	AURA
1CFB	B-0AXY	AN2
1CFD	B-221N	B763
1CFF	B-10F1	TWEN
1D00	B-728R	C172
1D01	11009	A139
1D03	B-12EM	DA42
1D05	B-327Z	A20N
1D06	B-123S	PA44
1D07	B-121R	PA44
1D0C	B-12EY	DA40
1D0E	B-12FZ	DA42
1D10	B-10NG	C172
1D11	B-100A	C172
1D12	B-12G1	AURA
1D13	B-328A	A19N
1D14	B-328C	A19N
1D17	B-12G7	P06T
1D19	B-12F8	SR20
1D1A	B-12F9	SR20
1D1B	B-12FD	SR20
1D1C	B-12FF	SR20
1D1D	B-12FG	SR20
1D1E	B-12FH	SR20
1D1F	B-12FJ	SR20
1D20	B-12FN	SR20
1D21	B-12FP	SR20
1D22	B-12FS	SR20
1D23	B-12FT	SR20
1D24	B-12FU	SR20
1D25	B-12G0	SR20
1D26	B-12G2	SR20
1D27	B-12G3	SR20
1D28	B-12GF	SR20
1D29	B-12GG	SR20
1D2A	B-12GH	SR20
1D2B	B-12GM	SR20
1D2C	B-12GN	SR20
1D2D	B-12GP	SR20
1D2E	B-12GQ	SR20
1D2F	B-12GV	SR20
1D30	B-12GW	SR20
1D31	B-12GX	SR20
1D32	B-12H3	SR20
1D33	B-12H5	SR20
1D34	B-12H6	SR20
1D35	B-12FE	SR20
1D36	B-328E	A20N
1D37	B-328F	A20N
1D38	B-327X	A20N
1D39	B-327Y	A20N
1D3A	B-12F6	DA40
1D3C	B-221H	B763
1D3D	B-221J	B752
1D3E	B-12GC	AURA
1D3F	B-328H	A20N
1D40	B-328J	A20N
1D41	B-328G	A20N
1D42	B-328K	A20N
1D43	B-328L	A20N
1D44	B-328M	A20N
1D48	B-328N	A21N
1D49	B-328P	A20N
1D4A	B-12HA	DA42
1D50	B-328Q	A359
1D53	B-625J	GLF4
1D57	B-221L	B738
1D60	B-10DJ	C208
1D63	B-652K	AJ27
1D64	B-652E	GLF6
1D67	B-328T	A20N
1D68	B-328U	A20N
1D69	B-3759	Y12
1D6D	B-221S	B77L
1D6E	B-328S	A20N
1D71	B-729F	C172
1D72	B-729G	C172
1D73	B-729H	C172
1D76	B-328V	A21N
1D77	B-328W	A20N
1D7A	B-328X	A21N
1D7B	B-729L	EC35
1D7D	B-12HP	AURA
1D85	B-729N	EC35
1D86	B-221V	B738
1D87	B-12JK	DA40
1D88	B-12JL	DA40
1D89	B-12JM	DA40
1D8A	B-12HV	DV20
1D8B	B-12HW	DV20
1D8C	B-12HX	DV20
1D8D	B-221W	B77L
1D8E	B-221U	B752
1D91	B-12GS	DA40
1D92	B-12GT	DA40
1D98	B-12K9	DA42
1D99	B-328Y	A20N
1D9A	B-329J	A20N
1D9B	B-329H	A19N
1D9C	B-329E	A359
1D9D	B-328Z	A20N
1D9E	B-329A	A20N
1D9F	B-329C	A20N
1DA0	B-12HG	AURA
1DA1	B-12HU	FDCT
1DA2	B-329F	A20N
1DA3	B-329G	A20N
1DA4	B-0EJP	AN2
1DA5	B-329K	A359
1DA6	B-329N	A20N
1DA7	B-329P	A20N
1DA8	B-329M	A20N
1DA9	B-329L	A20N
1DAA	B-329Q	A21N
1DAB	B-329R	A21N
1DAC	B-329S	A359
1DAE	B-12HQ	AURA
1DB4	B-221Q	B738
1DB5	B-329T	A20N
1DB7	B-12HY	DV20
1DB8	B-652M	AJ27
1DB9	B-329Y	A19N
1DBA	B-329Z	A21N
1DBB	B-729T	C172
1DBC	B-729U	C172
1DBD	B-329U	A20N
1DBE	B-222C	B763
1DC0	B-329V	A21N
1DC1	B-32A0	A20N
1DC2	B-12J2	DA42
1DC3	B-222A	B738
1DC4	B-329W	A320
1DC5	B-329X	A320
1DC6	B-221X	B77L
1DC7	B-221Y	B77L
1DC8	B-12JC	AURA
1DCE	B-12J0	AURA
1DCF	B-12JQ	SR20
1DD1	B-651U	AJ27
1DD2	B-651V	AJ27
1DD4	B-12J6	DA40
1DD5	B-652N	AJ27
1DD6	B-32A1	A21N
1DD7	B-32A2	A21N
1DD8	B-32A3	A20N
1DD9	B-12J3	AURA
1DDB	B-12HC	J600
1DE0	B-32A5	A20N
1DE1	B-32A6	A20N
1DE4	B-12D0	AURA
1DE5	B-32A8	A359
1DE6	B-32A9	A20N
1DE7	B-32AA	A20N
1DE8	B-32AC	A20N
1DE9	B-32AD	A20N
1DEC	B-12H7	AURA
1DEE	B-32AE	A320
1DEF	B-32AF	A320
1DF0	B-12KA	DA42
1DF2	B-221T	B752
1DF5	B-12JY	AURA
1DF6	B-32AG	A359
1DF7	B-32AH	A20N
1DF8	B-12K6	AURA
1DF9	B-222D	B763
1DFA	B-32AJ	A19N
1DFB	B-32AK	A19N
1DFC	B-12K5	AURA
1DFE	B-12K3	AURA
1DFF	B-12K2	AURA
1E01	B-12KE	AURA
1E02	B-32AL	A359
1E04	B-12KL	AURA
1E06	B-32AM	A20N
1E07	B-12JH	C42
1E0A	B-32AN	A21N
1E0D	B-32AP	A20N
1E0F	B-222E	B752
1E10	B-12KK	AURA
1E11	B-32AQ	A20N
1E12	B-32AR	A20N
1E13	B-32AS	A359
1E14	B-652X	AJ27
1E15	B-32AT	A20N
1E17	B-12JE	DA40
1E1B	B-12KN	AURA
1E1D	B-652Y	AJ27
1E1E	B-32AU	A19N
1E1F	B-32AV	A359
1E21	B-652Q	GLF4
1E22	B-652R	GLF4
1E23	B-652S	GLF4
1E24	44005	EC35
1E25	B-72AN	EC35
1E26	B-72AP	EC35
1E2A	B-222H	B77L
1E2B	B-222J	B77L
1E2C	B-12KU	DA42
1E2E	B-0DCC	AG60
1E30	B-32AW	A21N
1E32	B-32AX	A20N
1E34	B-222K	B77L
1E35	B-32AY	A20N
1E36	B-32AZ	A20N
1E37	B-32C0	A19N
1E38	B-32C1	A19N
1E3C	B-652P	GLF6
1E3D	B-32C2	A20N
1E3E	B-32C3	A20N
1E3F	B-32C5	A20N
1E40	B-32C6	A20N
1E41	B-32C7	A20N
1E42	B-32C8	A20N
1E44	B-72AE	B505
1E45	B-72AF	B505
1E49	B-32CA	A359
1E4A	B-652Z	AJ27
1E4B	B-32CC	A21N
1E4C	B-33CD	A21N
1E4D	B-32CE	A359
1E4E	B-653D	AJ27
1E4F	B-32C9	A21N
1E50	B-12L2	AURA
1E51	B-32CF	A21N
1E52	B-32CG	A21N
1E5A	B-12L3	AURA
1E5B	B-222L	B738
1E5C	B-105X	AURA
1E5E	B-32CH	A20N
1E5F	B-32CJ	A21N
1E60	B-72AR	C172
1E61	B-72AS	C172
1E63	B-72AU	C172
1E64	B-72AV	C172
1E65	B-72AW	C172
1E66	B-12KY	DA40
1E67	B-12KZ	DA40
1E68	B-12L5	DA40
1E69	B-12L6	DA40
1E6C	B-32CL	A20N
1E6D	B-32CK	A320
1E6E	B-222M	B752
1E71	B-32CM	A320
1E74	B-0CMX	CH75
1E79	B-12LS	FDCT
1E7A	B-32CN	A20N
1E7E	B-32CP	A20N
1E7F	B-12LR	AURA
1E80	B-72C5	S92
1E81	B-32CS	A21N
1E82	B-32CQ	A359
1E83	B-32CR	A359
1E84	B-635F	AJ27
1E85	B-653G	AJ27
1E86	B-653E	AJ27
1E87	B-12LU	AURA
1E88	B-12KV	AURA
1E8A	B-222N	B77L
1E8B	B-12LW	AURA
1E8C	B-222P	B738
1E8D	B-12M5	DA40
1E8E	B-222R	B738
1E90	B-32CT	A20N
1E91	B-12M1	AURA
1E93	B-32CU	A21N
1E94	B-72CJ	S92
1E95	B-222S	B77L
1E9B	B-222Q	B763
1E9C	B-12MC	AURA
1E9D	B-12M8	DA42
1E9E	B-12LV	DA40
1E9F	B-12LX	DA42
1EA0	B-72C9	C172
1EA1	B-72CA	C172
1EA2	B-72CC	C172
1EA4	B-72CE	C172
1EA5	B-72CF	C172
1EA6	B-32CW	A20N
1EA7	B-32CX	A20N
1EA9	B-12M2	AURA
1EAD	B-32CY	A21N
1EB5	B-12MX	DA42
1EB7	B-32CZ	A359
1EB8	B-32D0	A359
1EBB	B-222V	B77L
1EBC	B-222W	B77L
1EBD	B-653J	AJ27
1EBE	B-653K	AJ27
1EBF	B-12MD	AURA
1EC0	B-32D1	A21N
1EC1	B-32D2	A333
1EC3	B-32D3	A359
1EC4	B-653L	AJ27
1EC5	B-635M	AJ27
1EC7	B-32D5	A20N
1EC8	B-32D6	A20N
1EC9	B-222F	B752
1ECA	B-222G	B752
1ECD	B-653N	AJ27
1ECE	B-653R	AJ27
1ECF	B-32D7	A320
1ED0	B-32D8	A20N
1ED1	B-12N8	Y12
1ED2	B-12N9	Y12
1ED3	B-222Z	B77L
1ED4	B-223A	B77L
1ED5	B-12N1	AURA
1ED6	B-32D9	A21N
1ED7	B-72CW	A139
1ED8	B-72CV	A139
1ED9	B-72CX	A139
1EDA	B-32DA	A20N
1EDB	B-72CY	C172
1EDC	B-72CZ	C172
1EDE	B-72D1	C172
1EE0	B-72D3	C172
1EE3	B-653P	AJ27
1EE4	B-653S	AJ27
1EE5	B-653Q	AJ27
1EE6	B-653T	AJ27
1EE7	B-653U	AJ27
1EE8	B-653V	AJ27
1EE9	B-12MZ	AURA
1EEA	B-223C	B752
1EEB	B-653H	AJ27
1EED	B-222Y	B738
1EEE	B-32DC	A20N
1EEF	B-223D	B763
1EF0	B-919A	C919
1EF1	B-12LN	SR20
1EF2	B-12LP	SR20
1EFB	B-222X	B763
1EFC	B-32CV	A320
1EFD	B-12MJ	SR20
1EFE	B-12MK	SR20
1EFF	B-12ML	SR20
1F00	B-223F	B77L
1F01	B-12M3	AURA
1F02	B-12NJ	AURA
1F03	B-223G	B77L
1F04	B-91A0	AJ27
1F05	B-91A1	AJ27
1F06	B-223E	B738
1F08	B-12N3	SR20
1F09	B-12N5	SR20
1F0A	B-12NC	AURA
1F0B	B-222T	B738
1F0C	B-223J	B738
1F0E	B-12MT	SR20
1F11	B-12NH	AURA
1F12	B-12M7	DA42
1F14	B-223H	B738
1F16	B-32DF	A21N
1F1A	B-32DE	A20N
1F1B	B-12NQ	AURA
1F1C	B-12NR	AURA
1F23	B-223L	B763
1F24	B-223M	B752
1F25	B-32DG	A21N
1F26	B-91A2	AJ27
1F27	B-91A3	AJ27
1F28	B-32DH	A20N
1F29	B-32DJ	A359
1F2A	B-32DK	A20N
1F2B	B-91A5	AJ27
1F2C	B-91A6	AJ27
1F2D	B-32DL	A359
1F2E	B-32DM	A359
1F2F	B-32DN	A359
1F32	B-12NV	AURA
1F34	B-32DP	A21N
1F35	B-32DQ	A21N
1F36	B-32DR	A21N
1F37	B-32DV	A21N
1F38	B-32DU	A21N
1F39	B-32DT	A21N
1F3A	B-32DS	A21N
1F41	B-32DW	A359
1F42	B-32DX	A20N
1F43	B-32DY	A20N
1F44	B-32DZ	A20N
1F45	B-32E0	A20N
1F46	B-32E1	A20N
1F47	B-32E2	A21N
1F48	B-32E3	A20N
1F49	B-12MQ	DA42
1F4A	B-72DM	C172
1F4B	B-32E5	A21N
1F4C	B-223N	B77L
1F4D	B-32E6	A19N
1F4E	B-32E7	A19N
1F4F	B-91A7	GLF6
1F51	B-91A8	CRJ2
1F5A	B-32E9	A21N
1F5B	B-32E8	A20N
1F5E	B-32EC	A21N
1F5F	B-32EA	A20N
1F65	B-223P	B752
1F66	B-12P9	DA40
1F68	B-12NX	AURA
1F6A	B-223Q	B763
1F6C	B-91A9	AJ27
1F6D	B-91AA	AJ27
1F6E	B-91AC	AJ27
1F6F	B-91AD	AJ27
1F70	B-91AE	AJ27
1F71	B-91AF	AJ27
1F72	B-12PJ	DA42
1F73	B-32ED	A359
1F74	B-32EE	A359
1F75	B-91AG	AJ27
1F76	B-32EF	A21N
1F78	B-32EG	A21N
1F79	B-32EH	A21N
1F7A	B-32EJ	A21N
1F7B	B-12PQ	FDCT
1F7C	B-32EK	A21N
1F7D	B-32EL	A21N
1F7E	B-32EM	A20N
1F7F	B-32EN	A20N
1F80	B-32EP	A20N
1F81	B-72DX	EC25
1F82	B-72DY	EC25
1F83	B-223R	B738
1F84	B-12LH	AURA
1F85	B-12PD	AURA
1F86	B-12PP	AURA
1F8A	B-12PH	AURA
1F8F	B-12PW	B350
1F90	B-32EQ	A20N
1F91	B-12PN	AURA
1F95	B-0CRT	MA60
1F97	B-12PY	AURA
1F98	B-12PX	AURA
1F99	B-12PV	PC12
1F9A	B-12PS	AURA
1F9D	B-12Q9	AURA
1F9F	B-32DD	A320
1FA0	B-12PR	SR20
1FA2	B-32ER	A20N
1FA3	B-32ES	A20N
1FA4	B-32EX	A20N
1FA5	B-32EW	A359
1FA6	B-32ET	A20N
1FA7	B-32EU	A20N
1FA8	B-32EV	A20N
1FA9	B-653X	AJ27
1FAA	B-653Y	AJ27
1FAB	B-653Z	AJ27
1FB1	B-32EY	A20N
1FB2	B-32EZ	A359
1FB3	B-32F0	A359
1FB4	B-32F1	A359
1FB5	B-32F3	A21N
1FB6	B-32F2	A21N
1FB7	B-32F5	A20N
1FB8	B-32F6	A20N
1FB9	B-32F7	A20N
1FBA	B-72DT	A189
1FBB	B-72DU	A189
1FBC	B-72DV	A189
1FBE	B-32F8	A359
1FC1	B-919C	C919
1FC2	B-72E5	A139
1FC3	B-223T	B77L
1FC4	B-223S	B77L
1FC5	B-12QA	AURA
1FC6	B-12QF	AURA
1FC8	B-32FA	A20N
1FC9	B-32F9	A21N
1FCB	B-12Q3	DA42
1FCD	B-32FC	A20N
1FCE	B-32FD	A20N
1FD0	B-12QQ	AURA
1FD4	B-12QT	AURA
1FD5	B-32FF	A19N
1FD6	B-233W	B763
1FDA	B-32FE	A333
1FDB	B-223U	B38M
1FDC	B-223V	B38M
1FE4	B-9810	C208
1FE5	B-654C	AJ27
1FE6	B-32FG	A20N
1FE7	B-32FH	A20N
1FE8	B-32FJ	A20N
1FE9	B-32FK	A20N
1FEA	B-223X	B38M
1FEB	B-223Y	B38M
1FEE	B-32FL	A20N
1FEF	B-12QW	AURA
1FF0	B-32FM	A20N
1FF1	B-50CG	Y12
1FF2	B-223Z	B763
1FF3	B-12R0	AURA
1FF5	B-12QZ	AURA
1FF6	B-32FP	A359
1FF7	B-32FQ	A359
1FF8	B-32FN	A21N
1FFA	B-224D	B38M
1FFB	B-224E	B38M
1FFC	B-32FU	A20N
1FFD	B-32FV	A20N
1FFE	B-32FW	A20N
1FFF	B-32FX	A20N
2000	B-32FY	A20N
2001	B-32FS	A21N
2002	B32-FT	A21N
2003	B-32FR	A359
2004	B-655A	AJ27
2005	B-224A	B38M
2006	B-224C	B38M
2007	B-32FZ	A321
200A	B-12R3	PC12
200B	B-12R5	PC12
200C	B-12R6	PC12
200D	B-72CR	A189
200E	B-72CS	A189
200F	B-72CT	A189
2010	B-32G0	A20N
2011	B-224K	B38M
2012	B-72EN	C172
2013	B-72EP	C172
2014	B-72EQ	C172
2015	B-72ER	C172
2018	B-655K	GLF6
2019	B-224F	B38M
201A	B-224G	B38M
201B	B-224H	B38M
201C	B-224J	B38M
201E	B-655N	GLF6
201F	B-12RE	AURA
2020	B-655P	AJ27
2021	B-12RD	AURA
2022	B-224L	B38M
2025	B-655R	AJ27
2027	B-32G1	A21N
2028	B-224M	B38M
2029	B-919D	C919
202A	B-12CK	SREY
202C	B-3831	Y12
202D	B-0AWT	AG60
202E	B-0FAS	AG60
202F	B-224P	B738
2030	B-224Q	B738
2031	B-1592	B738
2032	B-653W	MA60
2033	B-3833	Y12
2034	B-224N	B738
2036	B-0HEH	AG60
2038	B-655S	GLF6
2039	B-12RG	AURA
203A	B-3862	Y12
203B	B-224R	B38M
203C	B-224S	B38M
203D	B-32G3	A20N
203E	B-32G2	A359
2040	B-224T	B38M
2042	B-224U	B38M
2043	B-224V	B38M
204B	B-12RU	FDCT
204C	B-002C	C919
204D	B-002D	C919
204E	B-002E	C919
204F	B-002F	C919
2050	B-002G	C919
2051	B-002H	C919
2053	B-002K	C919
2054	B-002L	C919
2055	B-002M	C919
2056	B-002N	C919
2057	B-002P	C919
2058	B-002Q	C919
205A	B-002S	C919
205B	B-002T	C919
205C	B-002U	C919
205D	B-002V	C919
205E	B-002W	C919
205F	B-002X	C919
2060	B-002Y	C919
2064	B-12SR	DA42
2065	B-12RW	AURA
2069	B-12RT	AURA
206A	B-224X	B38M
206B	B-655T	AJ27
206C	B-655U	AJ27
206D	B-32G6	A359
206E	B-224Y	B38M
206F	B-10Y2	SR20
2075	B-224Z	B38M
2076	B-32G7	A320
2078	B-225A	B77L
2079	B-225C	B77L
207D	B-32G5	A21N
207E	B-12S5	FDCT
207F	B-32G8	A21N
2080	B-32G9	A21N
2081	B-32GA	A21N
2083	B-9673	C172
2086	B-12S9	AURA
2087	B-665V	AJ27
2088	B-32GE	A21N
2089	B-32GD	A20N
208A	B-32GC	A20N
208B	B-12SN	AURA
208C	B-12SM	AURA
208D	B-655W	AJ27
2092	B-12SL	FDCT
2095	B-12SU	DA42
2096	B-919E	C919
2099	B-72EW	S92
209D	B-72FA	EC75
209E	B-72F9	S92
20A0	B-656C	AJ27
20A1	B-656D	AJ27
20A2	B-656E	AJ27
20A3	B-225F	B38M
20A4	B-12S6	AURA
20A5	B-225E	B38M
20A6	B-225D	B38M
20A7	B-32GG	A20N
20A8	B-32GH	A21N
20A9	B-656A	AJ27
20AB	B-32GJ	A19N
20AF	B-12SX	FDCT
20B1	B-9467	C208
20B5	B-225G	B38M
20B6	B-32GM	A21N
20B7	B-32GK	A20N
20B8	B-32GL	A20N
20B9	B-225H	B38M
20BA	B-225J	B38M
20BB	B-32GN	A20N
20BC	B-225K	B38M
20BD	B-225L	B38M
20BE	B-656G	AJ27
20BF	B-32GP	A21N
20C0	B-32GR	A21N
20C1	B-32GQ	A21N
20C2	B-32GS	A20N
20C3	B-655C	AJ27
20C4	B-655D	AJ27
20C5	B-12T9	AURA
20C6	B-656H	AJ27
20C7	B-656J	AJ27
20C8	B-656K	AJ27
20C9	B-656L	AJ27
20CA	B-656M	AJ27
20CC	B-32GU	A21N
20CD	B-32GT	A21N
20CE	B-32GW	A20N
20CF	B-32GV	A20N
20D0	B-325W	A21N
20D1	B-225M	B738
20D2	B-919F	C919
20D4	B-12TD	FDCT
20D6	B-12T8	AURA
20D7	B-32GX	A333
20D9	B-32GY	A332
20DB	B-225N	B38M
20DC	B-225P	B38M
20DD	B-225Q	B38M
20DE	B-32GZ	A20N
20DF	B-72FP	EC45
20E0	B-32A7	A21N
20E1	B-32H0	A21N
20E2	B-655E	AJ27
20E3	B-12TK	DA42
20E6	B-12TF	SR20
20E7	B-32H2	A321
20E8	B-32H1	A21N
20EA	B-32H3	A20N
20EB	B-656W	AJ27
20EC	B-656X	AJ27
20ED	B-655G	AJ27
20EE	B-655H	AJ27
20EF	B-655F	AJ27
20F0	B-655J	AJ27
20F2	B-12TJ	AURA
20F3	B-32H5	A20N
20F4	B-32H6	A20N
20F5	B-32H7	A20N
20F6	B-32H8	A20N
20F7	B-225R	B38M
20F8	B-225S	B38M
20F9	B-225T	B38M
20FA	B-225U	B38M
20FB	B-225V	B38M
20FC	B-227W	B38M
20FD	B-225X	B38M
2100	B-12TM	AURA
2101	B-225Y	B38M
2103	B-655Z	GLF5
2105	B-32HD	A20N
2106	B-225Z	B38M
2107	B-226A	B38M
2108	B-657A	AJ27
2109	B-657C	AJ27
210A	B-657D	AJ27
210C	B-710N	B407
210E	B-72DP	S92
210F	B-72FF	S92
2113	B-12U1	AURA
2114	B-656V	GLF6
2115	B-32HF	A20N
2117	B-12TY	AURA
2118	B-12TZ	AURA
2119	B-12U0	AURA
211A	B-32HE	A321
211F	B-226E	B38M
2121	B-656Y	AJ27	A
2122	B-656Y	AJ27	A
2123	B-72FT	EC25
2124	B-72FU	S92
2125	B-226F	B38M
2126	B-226G	B38M
2127	B-32HH	A20N
2128	B-12TX	AURA
2129	B-657F	GLF6
212A	B-657G	AJ27
212B	B-226H	B38M
212C	B-226J	B38M
212E	B-9679	C172
2132	B-32HJ	A20N
2133	B-32HK	A20N
2134	B-919G	C919
2135	B-32HC	A20N
2136	B-32HL	A20N
2137	B-32HM	A20N
2139	B-32HN	A21N
213B	B-226L	B38M
213C	B-226K	B38M
213D	B-657K	AJ27
213E	B-32HP	A19N
213F	B-32HQ	A20N
2140	B-657J	C919
2142	B-12U9	DA50
2144	B-226C	B77L
2148	B-32HS	A21N
2149	B-32HR	A21N
214B	B-12U8	SR22
214C	B-657L	MA60
214D	B-32HT	A21N
214E	B-32HU	A21N
214F	B-32HV	A20N
2150	B-32HW	A20N
2151	B-32HX	A21N
2152	B-32HY	A21N
2153	B-12SY	B350
2156	B-32HZ	A20N
2157	B-32J0	A20N
2158	B-226M	B789
2159	B-226N	B789
215D	B-32J3	A20N
215E	B-12UE	AURA
215F	B-32J5	A21N
2160	B-32J6	A20N
2161	B-657N	AJ27
2162	B-32J7	A19N
2163	B-32J8	A19N
2165	B-919H	C919
2166	B-12UL	AURA
2167	B-32J2	A20N
2168	B-32J1	A20N
216A	B-226D	B77L
216B	B-72G6	EC25
216C	B-72FZ	EC75
216E	B-12UR	AURA
2171	B-12UQ	FDCT
2174	B-72GA	S92
2175	B-226R	B738
2176	B-32JE	A21N
2177	B-226S	B738
2178	B-226T	B738
2179	B-226U	B38M
217A	B-919J	C919
217B	B-32JD	A20N
217F	B-919X	C919
2180	B-919Y	C919
2181	B-919Z	C919
2183	B-32JG	A321
2184	B-32JH	A20N
2185	B-657R	AJ27
2186	B-32JJ	A19N
2187	B-32JK	A21N
2188	B-32JL	A20N
2189	B-226V	B77L
218A	B-12V5	AURA
218B	B-32JM	A19N
218C	B-32JP	A21N
218E	B-12V7	AURA
2191	B-226W	B77L
2193	B-32JQ	A20N
2194	B-32JR	A20N
2195	B-12VG	AURA
2198	B-32J9	A20N
219A	B-226Y	B77L
219B	B-657U	AJ27
219D	B-657P	MA60
219E	B-657Q	MA60
219F	B-32JT	A20N
21A0	B-226X	B763
21A2	B-72G5	A139
21A3	B-72G3	A139
21A4	B-12V3	AURA
21A5	B-32JU	A20N
21A6	B-32JS	A318
21A8	B-32JV	A20N
21A9	B-226Q	B789
21AA	B-657S	C919
21AB	B-657T	C919
21AE	B32JX	A21N
21AF	B-32JW	A20N
21B0	B-657V	AJ27
21B1	B-657W	AJ27
21B3	B-32JY	A19N
21B4	B-32JZ	A21N
21B5	B-32K0	A21N
21B6	B-32K1	A21N
21B7	B-32K2	A21N
21B8	B-32K3	A21N
21BB	B-32K6	A20N
21BC	B-32K5	A20N
21BD	B-32K7	A20N
21C0	B-12VM	AURA
21C1	B-32JF	A20N
21C2	B-32K8	A20N
21C4	B-657X	C919
21C5	B-12VQ	AURA
21C6	B-226Z	B38M
21C7	B-227A	B38M
21C8	B-227C	B38M
21C9	B-12VK	FDCT
21CB	B-12W0	Y12
21CC	B-10RP	BE9L
21CD	B-32K9	A20N
21CE	B-32KA	A21N
21CF	B-32KC	A21N
21D0	B-32KD	A21N
21D2	B-657Y	AJ27
21D4	B-12VX	AURA
21D5	B-227D	B738
21DC	B-12VY	AG10
21DD	B-12VZ	AG10
21DE	B-12VW	AURA
21DF	B-32KE	A20N
21E0	B-32KF	A21N
21E1	B-32KG	A20N
21E2	B-32KH	A20N
21E4	B-32KJ	A19N
21E5	B-32KK	A19N
21E7	B-657Z	MA60
21E9	B-32KL	A20N
21EC	B-658A	AJ27
21ED	B-658C	AJ27
21EE	B-227E	B763
21EF	B-32KM	A20N
21F0	B-32KN	A20N
21F1	B-32KP	A21N
21F2	B-32KQ	A20N
21F3	B-32KR	A20N
21F4	B-32KS	A20N
21F6	B-12WE	AURA
21FA	B-12WH	AURA
21FB	B-658E	C919
21FC	B-32KT	A21N
21FD	B-32KU	A21N
21FE	B-32KV	A20N
21FF	B-32KW	A20N
2202	B-32KX	A19N
2203	B-32KY	A21N
2204	B-32KZ	A21N
2205	B-32L0	A21N
2206	B-32L1	A21N
2207	B-32L2	A20N
2208	B-32L3	A21N
2209	B-32L5	A21N
220A	B-32L6	A21N
220B	B-32L7	A21N
220F	B-658F	AJ27
2210	B-685G	AJ27
2211	B-658H	C919
2212	B-658J	C919
2213	B-32LD	A19N
2214	B-32LE	A21N
2215	B-32LC	A20N
2216	B-32L8	A21N
2217	B-32L9	A21N
2218	B-32LA	A21N
221B	B-227F	B738
221C	B-12WF	AURA
2220	B-12W3	AURA
2221	B-32LJ	A19N
2223	B-12WA	AURA
2226	B-32LF	A20N
2227	B-32LG	A20N
2228	B-32LH	A21N
2229	B-32LK	A20N
2231	B-658K	AJ27
2232	B-32LL	A20N
2233	B-32LM	A19N
2234	B-32LN	A20N
2235	B-32LP	A20N
2236	B-32LQ	A21N
2237	B-32LR	A20N
223A	B-658L	GLF6
2240	B-227G	B77L
2241	B-12WW	AURA
2242	B-32LT	A21N
2243	B-32LU	A21N
2244	B-32LV	A20N
2245	B-32LW	A21N
2246	B-32LX	A21N
2247	B-32JC	A20N
224D	B-32LY	A21N
2251	B-32LZ	A20N
2253	B-32M0	A21N
2255	B-658M	C919
2259	B-32M1	A19N
225A	B-72HG	A139
225B	B-658N	C919
225C	B-658P	C919
225D	B-32M3	A21N
225E	B-32M5	A21N
225F	B-32M6	A21N
2260	B-32M7	A21N
2261	B-32M8	A20N
2262	B-32M9	A21N
2263	B-32MA	A21N
2264	B-32MC	A21N
2267	B-32M2	A20N
2268	B-3275	Y12
2271	B-32MD	A20N
2272	B-227J	B789
2275	B-72HQ	EC45
2277	B-227K	B77L
2278	B-658Q	C919
2279	B-658R	C919
227A	B-32ME	A21N
227C	B-MBU	A21N
227D	B-32MH	A20N
2280	B-32MF	A19N
2281	B-32MR	A321
2282	B-227L	B789
2283	B-658Z	AJ27
2284	B-658W	C919
2285	B-658X	C919
2286	B-658Y	C919
2287	B-32ML	A20N
2288	B-32MQ	A20N
2289	B-32MN	A21N
228A	B-32MM	A21N
228B	B-32MP	A21N
228C	B-32MG	A332
228D	B-12Y3	AURA
2292	B-32MS	A20N
2293	B-227M	B77L
2296	B-658U	C919
2297	B-658V	C919
2298	B-658S	AJ27
2299	B-658T	AJ27
229A	B-659A	AJ27
229C	B-32MT	A21N
229D	B-32MU	A339
22A1	B-12Y5	AURA
22A2	B-32MX	A20N
22A5	B-0HKQ	AG60
22A6	B-32MW	A20N
22A7	B-659C	AJ27
22A8	B-659D	AJ27
22A9	B-659E	AJ27
22AB	B-227N	B738
22AD	B-32MY	A20N
22B5	B-659F	C919
22B6	B-659G	C919
22B7	B-32N2	A20N
22B8	B-32N3	A20N
22B9	B-32N5	A21N
22BA	B-32N6	A20N
22BB	B-32N7	A21N
22BC	B-32N8	A21N
22C0	B-12YH	AURA
22C2	B-12WK	Y12
22C4	B-659H	AJ27
22C5	B-32MZ	A21N
22C6	B-32N0	A21N
22C7	B-32N1	A21N
22CB	B-227S	B38M
22CC	B-227R	B38M
22D0	B-72J5	H160
22D3	B-32N9	A20N
22D4	B-32NA	A20N
22D5	B-659J	C919
22D6	B-659K	C919
22D7	B-32NC	A21N
22D8	B-32ND	A21N
22D9	B-32NE	A21N
22DA	B-32NF	A21N
22DB	B-32NG	A19N
22DC	B-32NH	A19N
22DD	B-32NJ	A19N
22DE	B-32MJ	A320
22DF	B-12YV	DA50
22E0	B-72JC	EC45
22E2	B-659L	CL60
22E3	B-12YN	AURA
22E4	B-32MK	A320
22E5	B-130P	AG60
22EB	B-12Z3	AURA
22F1	B-32NL	A20N
22F2	B-32NM	A333
22F3	B-32NN	A333
22F4	B-227T	B789
22F5	B-32NP	A21N
22F6	B-32NK	A21N
22F8	B-659M	AJ27
22FD	B-12ZH	FDCT
22FF	B-659P	AJ27
2300	B-659Q	AJ27
2301	B-659R	AJ27
2304	B-32NQ	A21N
2305	B-32NR	A21N
2306	B-32NS	A20N
2307	B-227U	B77L
2309	B-12ZJ	AG10
230C	B-12YW	AURA
230D	B-12ZM	AURA
230E	B-12ZE	AURA
230F	B-227V	B38M
2310	B-32NT	A20N
2311	B-659S	C919
2312	B-659T	C919
2313	B-659U	C919
2315	B-32NU	A21N
2316	B-32NV	A21N
2317	B-32NW	A21N
2318	B-32NX	A19N
2319	B-12ZC	DA42
231D	B-72JK	A139
231E	B-12ZU	FDCT
2320	B227W	B77L
2324	B-32NZ	A20N
2325	B-32P0	A20N
2326	B-32P1	A20N
2327	B-32P2	A20N
2328	B-32P3	A21N
2329	B-659W	C919
232A	B-659X	C919
232F	B-227X	B77L
2331	B-32P5	A21N
2332	B-32P6	A21N
2333	B-32P7	A21N
2334	B-32P8	A21N
2336	B-32P9	A20N
2339	B-32PA	A21N
233A	B-32PC	A20N
233B	B-32PD	A20N
233D	B-72JG	S92
233E	B-12ZF	Y12
2341	B-12ZY	AURA
2346	B-9490	DA40
234C	B-32PE	A20N
2353	B-659Z	C919
2354	B-65A0	C919
2355	B-65A1	AJ27
2356	B-65A2	AJ27
2358	B-32PF	A20N
2359	B-32PG	A21N
235B	B-0DSJ	AG60
235D	B-228A	B38M
235E	B-32PH	A21N
235F	B-32PJ	A21N
2360	B-32PK	A21N
2361	B-32PL	A21N
2362	B-32PM	A21N
2366	B-32P	A20N
2367	B-32PP	A20N
2368	B-32PQ	A20N
2369	B-32PR	A20N
236A	B-32PS	A21N
236B	B-32PT	A21N
236C	B-32PU	A21N
236E	B-131G	AURA
2370	B-32PV	A20N
2371	B-131D	AURA
2375	B-228D	B38M
2376	B-32PY	A20N
2377	B-228C	B77L
2379	B-32PZ	A20N
237A	B-32PX	A320
237B	B-32PW	A20N
237D	B-32Q0	A19N
237F	B-65A5	AJ27
2380	B-65A6	AJ27
2381	B-136H	AG60
2383	B-32Q2	A20N
2384	B-228E	B38M
2385	B-228F	B38M
2386	B-228G	B38M
2387	B-32Q3	A20N
2388	B-32Q5	A20N
2389	B-107V	K100
238C	B-32Q6	A20N
238F	B-32Q7	A20N
2394	B-65A7	GLF6
2396	B-32Q9	A21N
2397	B-32QA	A21N
2398	B-227Y	B738
2399	B-227Z	B738
239A	B-32QD	A20N
239B	B-32QE	A20N
239C	B-32QF	A20N
239D	B-32QG	A20N
239E	B-32QC	A20N
23A4	B-228H	B738
23A5	B-228K	B38M
23A6	B-228J	B789
23A7	B-32QK	A21N
23A8	B-32QL	A21N
23A9	B-32QM	A21N
23AA	B-32QN	A21N
23AB	B-32QP	A19N
23AC	B-32QQ	A19N
23AD	B-228L	B789
23AE	B-32Q1	A320
23B2	B-32QR	A20N
23B7	B-32QS	A20N
23BA	B-32QW	A21N
23BB	B-32QX	A20N
23BC	B-32QY	A20N
23BF	B-32QT	A20N
23C0	B-72JE	EC75
23C2	B-228P	B38M
23C3	B-228N	B38M
23C4	B-228M	B38M
23C5	B-32QZ	A20N
23C6	B-32R0	A20N
23C8	B-32R2	A21N
23C9	B-32R3	A21N
23CD	B-228Q	B38M
23D0	B-32R5	A20N
23D2	B-32QU	A320
23D3	B-32QV	A320
23D4	B-132K	FDCT
23D6	B-32R8	A20N
23D7	B-32R9	A20N
23D8	B-32R7	A20N
23DA	B-32Q8	A332
23DC	B-659N	AJ27
23DF	B-32RC	A20N
23E4	B-65A9	AJ27
23E6	B-32RA	A20N
23E8	B-72JU	H160
23E9	B-32RD	A21N
23EA	B-228R	B789
23F0	B-3766	Y12
23F1	B-65AA	AJ27
23F5	B-72JW	A139
23F6	B-32RH	A20N
23F9	B-32RE	A20N
23FD	B-32RF	A21N
23FE	B-32RG	A21N
2401	B-65AH	C919
2402	B-65AJ	C919
2403	B-65AK	C919
2404	B-32RK	A20N
2405	B-32RL	A21N
2409	B-228S	B77L
240B	B-228T	B77L
240F	B-65AM	AJ27
2416	B-32RS	A21N
2417	B-32RT	A21N
2418	B-32RU	A21N
2419	B-32RP	A20N
241A	B-32RQ	A20N
241B	B-32RR	A21N
241F	B-72KQ	EC25
2420	B-72K1	EC75
2421	B-72K2	EC75
2422	B-134E	AURA
2424	B-32RV	A20N
2425	B-72KV	A139
2426	B-32RX	A20N
2427	B-32RY	A20N
2428	B-32RW	A20N
2429	B-228U	B38M
242A	B-65AP	GLF4
242C	B-228V	B38M
242E	B-228W	B38M
242F	B-228X	B38M
2430	B-228Y	B38M
2431	B-228Z	B38M
2437	B-229A	B38M
243A	B-32S0	A20N
2442	B-32S2	A19N
2444	B-32S5	A20N
2445	B-32S6	A20N
2453	B-32S9	A20N
2454	B-32SA	A21N
2455	B-229G	B38M
2456	B-229H	B38M
2457	B-229J	B38M
245D	B-134U	AURA
245E	B-32SC	A20N
245F	B-32SD	A21N
2460	B-32SE	A21N
2461	B-32SF	A21N
2462	B-32SG	A20N
2463	B-32SH	A20N
2464	B-229M	B38M
2465	B-229N	B38M
2467	B-229P	B38M
2468	B-65C1	GLEX
2471	B-134T	AURA
2472	B-32SK	PA27
2479	B-32SQ	A21N
247A	B-32SR	A21N
247B	B-32SS	A20N
247F	B-229V	B38M
2484	B-0GYZ	AG60
248B	B-32SX	A21N
248C	B-32SY	A21N
249C	B-32SZZ	A20N
249D	B-32T0	A20N
24A2	B-32SJ	A20N
24A3	B-32T3	A20N
24B9	B-32T5	A20N
24C0	B-32TF	A20N
3070	LH951135	WZ10
3605	33005	A139
3606	33006	A139
9201	B-LRT	A359
9202	B-LRU	A359
9203	B-LRV	A359
9204	B-LRX	A359
9205	B-LEG	A321
9206	B-LEH	A321
9207	B-LEI	A321
9208	B-LVD	EC75
9209	B-LVE	EC75
920A	B-LVF	EC75
920B	B-LVG	EC75
920C	B-LVH	EC75
920D	B-LVI	EC75
920E	B-LVJ	EC75
9210	B-LGC	A359
9211	B-LHA	A332
9212	B-LHB	A332
9213	B-LXA	A35K
9214	B-LXB	A35K
9215	B-LXC	A35K
9216	B-LXD	A35K
9217	B-LXE	A35K
9218	B-LXF	A35K
9219	B-LXG	A35K
921A	B-LXH	A35K
921B	B-HNS	B773
921C	B-HNU	B773
921D	B-LEJ	A321
9223	B-LGE	A359
9224	B-LGF	A359
9228	B-LEK	A321
9229	B-LEL	A321
922B	B-LCQ	A20N
922C	B-LCR	A20N
922E	B-HUT	EXPL
922F	B-LXI	A35K
9230	B-LXJ	A35K
9231	B-LXK	A35K
9232	B-LXL	A35K
9233	B-LQA	A359
9234	B-LQB	A359
9235	B-HNV	B773
9236	B-HNW	B773
9237	B-HNX	B773
9238	B-LDO	A333
9239	B-LDP	A332
923A	B-HCZ	R44
923B	B-KHM	A139
923C	B-KHN	A139
923D	B-HNT	EXPL
923F	B-LDQ	A333
9240	B-LDR	A333
9241	B-LQD	A359
9242	B-LQE	A359
9243	B-LQC	A359
9244	B-LQF	A359
9245	B-LXM	A35K
9246	B-LXN	A35K
9247	B-LXO	A35K
9248	B-HPB	A21N
9249	B-HPD	A21N
924A	B-HPE	A21N
924B	B-HPF	A21N
924C	B-HPG	A21N
924D	B-HPH	A21N
924E	B-LCS	A20N
924F	B-LCU	A20N
9250	B-HUM	EXPL
9251	B-LDS	A332
9252	B-LDT	A333
9253	B-LCV	A20N
9254	B-KJA	B738
9256	B-KHW	R44
9260	B-KJB	B738
9261	B-HJT	H500
9262	B-HEK	EXPL
9263	B-HPI	A21N
9264	B-HPN	A21N
9265	B-HPO	A21N
9266	B-HPP	A21N
9267	B-HPJ	A21N
9268	B-HPK	A21N
9269	B-LXP	A35K
926A	B-LXQ	A35K
926B	B-LXR	A35K
926C	B-LDU	A333
926D	B-LDV	A333
926E	B-LDW	A333
926F	B-LDX	A333
9270	B-KJC	B738
9271	B-KKA	A21N
9272	B-HMK	MD82
9273	B-HVL	R66
9274	B-LUA	R66
9275	B-LQG	A359
9276	B-LQH	A359
9277	B-KJD	B738
9278	B-LDY	A333
9279	B-LDZ	A333
927A	B-LKA	A333
927B	B-LHG	A333
927C	B-LHI	A333
927D	B-LHH	A333
927E	B-KKB	A21N
927F	B-KKC	A21N
9280	B-KKD	A21N
9281	B-LKB	A332
9282	B-LKC	A332
9284	B-KKE	A21N
9285	B-KKF	A21N
9286	B-KKG	A21N
9287	B-KKH	A21N
9288	B-KJE	B738
9289	B-KJF	B738
928A	B-LHJ	A333
928B	B-LHL	A333
928C	B-LPR	A321
928D	B-KJG	B738
928E	B-KJH	B738
928F	B-HPQ	A21N
9290	B-HPR	A21N
9291	B-HPS	A21N
9292	B-HPT	A21N
9293	B-KKI	A21N
9294	B-KKJ	A21N
9295	B-KKL	A21N
9296	B-KKM	A21N
9297	B-LPT	A320
9298	B-KWA	B39M
9299	B-KWB	B39M
929A	B-LPS	A320
929B	B-LHP	A333
929C	B-LHR	A333
929D	B-LPY	A320
929E	B-LPW	A321
929F	B-LPX	A321
92A0	B-LPV	A320
92A2	B-LPU	A320
92A3	B-KKN	A21N
92A4	B-KKO	A21N
92A5	B-KKP	A21N
92A6	B-KKQ	A21N
92A7	B-HTX	EC35
92A8	B-HTY	EC35
92A9	B-LMA	A332
92AB	B-HQD	A21N
C74C	B-4186	LJ35
CF95	LH94007	AN12
