0000	VH-AAA	DH83
0002	VH-AAC	PC12
0004	VH-AAE	J1
0006	VH-AAG	C185
0007	VH-AAH	STOR
0008	VH-AAI	C421
0009	VH-AAJ	B06
000B	VH-AAL	C190
000C	VH-AAM	P208
000D	VH-AAN	RV6
000E	VH-AAO	DHC2
0011	VH-AAR	DH82
0012	VH-AAS	B350
0013	VH-AAT	FALM
0015	VH-AAV	PTS1
0016	VH-AAW	C206
0017	VH-AAX	DHC2
0018	VH-AAY	TRF1
0019	VH-AAZ	BL8
0024	VH-ABA	AUS5
0025	VH-ABB	B06
0026	VH-ABC	DH82
0027	VH-ABD	DV20
0028	VH-ABE	J1
002A	VH-ABG	CH70
002C	VH-ABI	C172
002F	VH-ABL	DH82
0030	VH-ABM	R22
0031	VH-ABN	AS50
0033	VH-ABP	BE58
0034	VH-ABQ	P28B
0035	VH-ABR	DC3
0036	VH-ABS	J1
0037	VH-ABT	PTS1
0038	VH-ABU	R22
003A	VH-ABW	C172
003B	VH-ABX	P68
003C	VH-ABY	C172
003D	VH-ABZ	FA24
0040	VH-AB2	R22
0041	VH-AB3	AS50
0049	VH-ACB	C150
004A	VH-ACC	C560
004B	VH-ACD	H269
004C	VH-ACE	EAGL
004D	VH-ACF	R22
004F	VH-ACH	C510
0050	VH-ACI	C150
0052	VH-ACK	D150
0054	VH-ACM	C172
0055	VH-ACN	R44
0056	VH-ACO	C150
0057	VH-ACP	P28A
005A	VH-ACS	DH94
005B	VH-ACT	R44
005D	VH-ACV	JS32
005E	VH-ACW	R44
0060	VH-ACY	AP32
0061	VH-ACZ	PA32
0066	VH-AC4	SLG4
0068	VH-AC6	SLG4
006C	VH-ADA	BL8
006D	VH-ADB	G164
006E	VH-ADC	R44
006F	VH-ADD	PA24
0070	VH-ADE	PA31
0071	VH-ADF	C182
0074	VH-ADI	C172
0075	VH-ADJ	M20P
0076	VH-ADK	CP30
0077	VH-ADL	H269
0079	VH-ADN	DHA3
007A	VH-ADO	H269
007B	VH-ADP	PA22
007D	VH-ADR	C172
007E	VH-ADS	ADVE
007F	VH-ADT	AIGT
0080	VH-ADU	P28T
0081	VH-ADV	S22T
0082	VH-ADW	DH82
0083	VH-ADX	C172
0084	VH-ADY	MG15
0085	VH-ADZ	C172
0091	VH-AEB	P28A
0092	VH-AEC	BN2P
0093	VH-AED	RV10
0094	VH-AEE	C206
0095	VH-AEF	C337
0096	VH-AEG	R44
0097	VH-AEH	C206
0098	VH-AEI	C206
009A	VH-AEK	C175
009B	VH-AEL	M7
009C	VH-AEM	BE95
009D	VH-AEN	P28A
009E	VH-AEO	B47G
00A0	VH-AEQ	EXEC
00A1	VH-AER	FOX
00A2	VH-AES	DC3
00A3	VH-AET	B47G
00A4	VH-AEU	BN2P
00A5	VH-AEV	C337
00A6	VH-AEW	J1
00A7	VH-AEX	C206
00A8	VH-AEY	C310
00B4	VH-AFA	P28B
00B5	VH-AFB	C172
00B6	VH-AFC	C172
00B7	VH-AFD	AUJ2
00B8	VH-AFE	T18
00BA	VH-AFG	RV6
00BB	VH-AFH	P28A
00BC	VH-AFI	PA38
00BD	VH-AFJ	EXEC
00BE	VH-AFK	SLG4
00BF	VH-AFL	DHC1
00C0	VH-AFM	C172
00C1	VH-AFN	FU24
00C2	VH-AFO	P28A
00C4	VH-AFQ	C172
00C5	VH-AFR	C172
00C6	VH-AFS	P28A
00C8	VH-AFU	FU24
00C9	VH-AFV	B06
00CA	VH-AFW	PA31
00CC	VH-AFY	PA31
00CD	VH-AFZ	P208
00D0	VH-AF2	PA34
00D8	VH-AGA	J3
00D9	VH-AGB	B47G
00DA	VH-AGC	PA11
00DB	VH-AGD	P28A
00DC	VH-AGE	C310
00DD	VH-AGF	C185
00DE	VH-AGG	G2CA
00E0	VH-AGI	RV8
00E1	VH-AGJ	P51
00E2	VH-AGK	B06
00E4	VH-AGM	CJ1
00E5	VH-AGN	HROC
00E6	VH-AGO	DH94
00E7	VH-AGP	C150
00E9	VH-AGR	CA25
00EA	VH-AGS	ULTS
00EB	VH-AGT	C150
00EC	VH-AGU	DC3
00EE	VH-AGW	RYST
00EF	VH-AGX	C172
00F0	VH-AGY	DH82
00F1	VH-AGZ	STRK
00F4	VH-AG2	AT5T
00FC	VH-AHA	PA25
00FD	VH-AHB	BE23
00FE	VH-AHC	C182
00FF	VH-AHD	RYST
0100	VH-AHE	C206
0102	VH-AHG	PA22
0103	VH-AHH	C172
0105	VH-AHJ	R22
0106	VH-AHK	BE58
0107	VH-AHL	P28A
0108	VH-AHM	BE36
0109	VH-AHN	PA22
010B	VH-AHP	BE23
010C	VH-AHQ	B47G
010D	VH-AHR	P28S
010E	VH-AHS	PA18
0110	VH-AHU	GLAS
0111	VH-AHV	H269
0112	VH-AHW	S108
0113	VH-AHX	BE36
0114	VH-AHY	BE76
0115	VH-AHZ	BE23
0120	VH-AIA	R44
0121	VH-AIB	DH94
0122	VH-AIC	MR35
0123	VH-AID	B47G
0124	VH-AIE	C182
0125	VH-AIF	C150
0126	VH-AIG	KIS2
0127	VH-AIH	R44
0128	VH-AII	C402
0129	VH-AIJ	DH82
012A	VH-AIK	J1
012B	VH-AIL	C172
012C	VH-AIM	C172
012D	VH-AIN	P40
012E	VH-AIO	BE23
012F	VH-AIP	R22
0131	VH-AIR	C172
0132	VH-AIS	TPIN
0134	VH-AIU	R44
0135	VH-AIV	C182
0136	VH-AIW	R22
0137	VH-AIX	C72R
0138	VH-AIY	C210
0139	VH-AIZ	P28R
013C	VH-AI2	DA40
013D	VH-AI3	DA40
013E	VH-AI4	DA40
0143	VH-AI9	DA42
0145	VH-AJB	P28B
0146	VH-AJC	R44
0147	VH-AJD	CH7A
0148	VH-AJE	J1
014B	VH-AJH	ADVN
014D	VH-AJJ	WW24
014E	VH-AJK	RV6
014F	VH-AJL	C172
0151	VH-AJN	P28A
0152	VH-AJO	C172
0153	VH-AJP	P28R
0154	VH-AJQ	PETR
0155	VH-AJR	C177
0157	VH-AJT	B429
0158	VH-AJU	B06
0159	VH-AJV	WW24
015A	VH-AJW	P28A
015C	VH-AJY	P40
015D	VH-AJZ	GA8
0163	VH-AJ5	C560
0168	VH-AKA	P28A
0169	VH-AKB	DHC1
016A	VH-AKC	C182
016B	VH-AKD	PA11
016C	VH-AKE	DH82
016D	VH-AKF	M20P
016F	VH-AKH	BE58
0170	VH-AKI	EXEC
0172	VH-AKK	RV4
0173	VH-AKL	C172
0174	VH-AKM	C182
0175	VH-AKN	B47G
0176	VH-AKO	T18
0177	VH-AKP	BE24
0178	VH-AKQ	DH82
0179	VH-AKR	C182
017B	VH-AKT	R22
017C	VH-AKU	C172
017D	VH-AKV	PA22
017E	VH-AKW	DHC1
0180	VH-AKY	T210
0181	VH-AKZ	AT8T
0184	VH-AK2	AT72
0185	VH-AK3	AT73
0186	VH-AK4	P40
018C	VH-ALA	PA25
018D	VH-ALB	TAIL
018E	VH-ALC	R22
018F	VH-ALD	PA25
0190	VH-ALE	BE55
0192	VH-ALG	MG17
0193	VH-ALH	C152
0194	VH-ALI	C82R
0196	VH-ALK	C182
0197	VH-ALL	PA32
0198	VH-ALM	RV8
0199	VH-ALN	PA27
019A	VH-ALO	CJ6
019B	VH-ALP	LEG2
019C	VH-ALQ	PA36
019D	VH-ALR	BE55
019E	VH-ALS	AUS3
019F	VH-ALT	PA30
01A0	VH-ALU	JAB4
01A2	VH-ALW	C182
01A3	VH-ALX	C210
01A4	VH-ALY	CJ1
01A5	VH-ALZ	C170
01A8	VH-AL2	F406
01A9	VH-AL3	F406
01AA	VH-AL4	PC12
01B1	VH-AMB	GA8
01B2	VH-AMC	C172
01B3	VH-AMD	PC24
01B4	VH-AME	BE17
01B5	VH-AMF	BE20
01B6	VH-AMG	C210
01B7	VH-AMH	H269
01B8	VH-AMI	PA24
01BA	VH-AMK	J1
01BC	VH-AMM	PC24
01BD	VH-AMN	P28A
01BE	VH-AMO	C170
01BF	VH-AMP	P28A
01C0	VH-AMQ	B350
01C1	VH-AMR	B350
01C2	VH-AMS	B350
01C3	VH-AMT	P28A
01C5	VH-AMV	DHC1
01C6	VH-AMW	DH82
01C7	VH-AMX	TOUR
01C8	VH-AMY	DH82
01C9	VH-AMZ	PA25
01D4	VH-ANA	R44
01D5	VH-ANB	P32T
01D6	VH-ANC	B06
01D7	VH-AND	LJ60
01D8	VH-ANE	GA8
01DA	VH-ANG	B47G
01DB	VH-ANH	CT4
01DC	VH-ANI	AT8T
01DE	VH-ANK	E120
01DF	VH-ANL	B06
01E0	VH-ANM	C404
01E1	VH-ANN	E120
01E2	VH-ANO	E170
01E3	VH-ANP	C404
01E4	VH-ANQ	E120
01E5	VH-ANR	BE55
01E6	VH-ANS	C210
01E7	VH-ANT	E170
01E8	VH-ANU	RV6
01EB	VH-ANX	BE36
01ED	VH-ANZ	E120
01F0	VH-AN2	B738
01F8	VH-AOA	C182
01F9	VH-AOB	R22
01FA	VH-AOC	LWIN
01FB	VH-AOD	RV10
01FC	VH-AOE	JPRO
01FD	VH-AOF	CT4
01FE	VH-AOG	ALPI
01FF	VH-AOH	C152
0200	VH-AOI	C210
0202	VH-AOK	C182
0203	VH-AOL	SA3
0204	VH-AOM	C180
0206	VH-AOO	P28U
0208	VH-AOQ	PA34
0209	VH-AOR	FOXT
020A	VH-AOS	C72R
020B	VH-AOT	AT5T
020C	VH-AOU	DH82
020D	VH-AOV	C303
0210	VH-AOY	PTS1
0211	VH-AOZ	C172
021A	VH-AO8	DH8B
021B	VH-A09	DH8C
021D	VH-APB	DH82
021F	VH-APD	H269
0220	VH-APE	DH82
0221	VH-APF	H269
0222	VH-APG	BE36
0223	VH-APH	P68
0224	VH-API	RV6
0225	VH-APJ	C525
0226	VH-APK	C170
0227	VH-APL	BE55
0228	VH-APM	R44
0229	VH-APN	C182
022A	VH-APO	J3
022C	VH-APQ	DH82
022F	VH-APT	P28A
0230	VH-APU	RV10
0231	VH-APV	CT4
0232	VH-APW	C180
0233	VH-APX	AA1
0234	VH-APY	C182
0235	VH-APZ	P28A
0238	VH-AP2	H500
0239	VH-AP3	PTS1
023A	VH-AP4	H500
023C	VH-AP6	H500
023D	VH-AP7	GLEX
023E	VH-AP8	AT8T
0240	VH-AQA	C185
0241	VH-AQB	AT8T
0243	VH-AQD	AT5T
0244	VH-AQE	RLU1
0245	VH-AQF	ST75
0246	VH-AQG	T206
0247	VH-AQH	AT8T
0249	VH-AQJ	DH82
024A	VH-AQK	PA32
024B	VH-AQL	GA8
024C	VH-AQM	R44
024D	VH-AQN	DH82
024F	VH-AQP	CT4
0250	VH-AQQ	C210
0251	VH-AQR	C172
0252	VH-AQS	R22
0253	VH-AQT	R44
0254	VH-AQU	CORS
0255	VH-AQV	DHC2
0256	VH-AQW	AT5T
0257	VH-AQX	PZ04
0258	VH-AQY	CT4
0259	VH-AQZ	H269
0264	VH-ARA	AT8T
0265	VH-ARB	SEAW
0266	VH-ARC	PC12
0267	VH-ARD	P28A
0268	VH-ARE	M20T
0269	VH-ARF	BE55
026B	VH-ARH	C210
026C	VH-ARI	C402
026D	VH-ARJ	C402
026F	VH-ARL	AUS3
0270	VH-ARM	DH82
0271	VH-ARN	C310
0272	VH-ARO	P28R
0274	VH-ARQ	TWEN
0276	VH-ARS	C206
0277	VH-ART	DH82
0278	VH-ARU	DH82
0279	VH-ARV	AM3
027A	VH-ARW	CAMP
027B	VH-ARX	D5
027C	VH-ARY	R44
0288	VH-ASA	BE76
0289	VH-ASB	DH82
028A	VH-ASC	P32R
028B	VH-ASD	PA31
028C	VH-ASE	C421
028D	VH-ASF	RV6
028E	VH-ASG	PTS1
028F	VH-ASH	PA27
0290	VH-ASI	GA8
0291	VH-ASJ	C206
0292	VH-ASK	R44
0294	VH-ASM	PA34
0295	VH-ASN	E120
0296	VH-ASO	M20P
0297	VH-ASP	C180
0299	VH-ASR	EAGX
029A	VH-ASS	LA4
029B	VH-AST	C172
029C	VH-ASU	P28R
029D	VH-ASV	AT5T
029E	VH-ASW	AT5T
029F	VH-ASX	C172
02A0	VH-ASY	P28A
02A1	VH-ASZ	RBEL
02A5	VH-AS3	C402
02AA	VH-AS8	EC30
02AD	VH-ATB	R44
02AF	VH-ATD	L39
02B0	VH-ATE	AT3T
02B1	VH-ATF	AC90
02B2	VH-ATG	FOUG
02B3	VH-ATH	DHC1
02B4	VH-ATI	AT5T
02B5	VH-ATJ	DH82
02B6	VH-ATK	H269
02B8	VH-ATM	DH82
02B9	VH-ATN	DH82
02BA	VH-ATO	NOMA
02BB	VH-ATP	PA31
02BC	VH-ATQ	AT5T
02BD	VH-ATR	C182
02BE	VH-ATS	AUS5
02BF	VH-ATT	C182
02C0	VH-ATU	B47G
02C1	VH-ATV	AT5T
02C2	VH-ATW	CJ1
02C3	VH-ATX	BE18
02C4	VH-ATY	B06
02C5	VH-ATZ	BK17
02D0	VH-AUA	DH82
02D1	VH-AUB	P51
02D2	VH-AUC	C172
02D3	VH-AUD	BE33
02D4	VH-AUE	C180
02D5	VH-AUF	H500
02D6	VH-AUG	PA31
02D7	VH-AUH	DHC2
02D9	VH-AUJ	C82R
02DA	VH-AUK	PA22
02DB	VH-AUL	PL12
02DC	VH-AUM	GA8
02DE	VH-AUO	J1
02E1	VH-AUR	P28A
02E2	VH-AUS	DH82
02E3	VH-AUT	R66
02E5	VH-AUV	M18
02E6	VH-AUW	C188
02E7	VH-AUX	PA22
02E8	VH-AUY	C172
02F2	VH-AU8	AT8T
02F5	VH-AVB	C172
02F6	VH-AVC	T28
02F7	VH-AVD	AA5
02F8	VH-AVE	GLAS
02F9	VH-AVF	PA31
02FA	VH-AVG	C152
02FB	VH-AVH	PA32
02FD	VH-AVJ	C172
02FE	VH-AVK	C182
02FF	VH-AVL	LJ60
0300	VH-AVM	AT5T
0301	VH-AVN	AT5T
0303	VH-AVP	GA8
0304	VH-AVQ	P28A
0305	VH-AVR	R22
0306	VH-AVS	C172
0307	VH-AVT	C172
0308	VH-AVU	EXEC
0309	VH-AVV	A109
030A	VH-AVW	R44
030C	VH-AVY	M7
030D	VH-AVZ	C195
0318	VH-AWA	DH82
0319	VH-AWB	PA32
031A	VH-AWC	RV7
031B	VH-AWD	DHC2
031C	VH-AWE	BE36
031D	VH-AWF	BE33
031E	VH-AWG	RYST
031F	VH-AWH	AT5T
0320	VH-AWI	DHC2
0321	VH-AWJ	D11
0322	VH-AWK	AS50
0323	VH-AWL	BE36
0324	VH-AWM	H500
0325	VH-AWN	C150
0326	VH-AWO	C150
0327	VH-AWP	C150
0328	VH-AWQ	A109
0329	VH-AWR	DHC2
032A	VH-AWS	PA38
032B	VH-AWT	RV6
032C	VH-AWU	AT8T
032D	VH-AWV	C182
032E	VH-AWW	PA31
032F	VH-AWX	G115
0330	VH-AWY	DHC2
0331	VH-AWZ	DHC2
0335	VH-AW3	PC12
0360	VH-AYA	C182
0361	VH-AYB	R66
0362	VH-AYC	SLG2
0363	VH-AYD	PA38
0364	VH-AYE	GLAS
0365	VH-AYF	C182
0366	VH-AYG	RV10
0367	VH-AYH	AC11
0368	VH-AYI	DH82
0369	VH-AYJ	J1
036A	VH-AYK	CH7A
036B	VH-AYL	PA46
036C	VH-AYM	C172
036E	VH-AYO	T6
036F	VH-AYP	B06
0371	VH-AYR	C172
0373	VH-AYT	PA31
0374	VH-AYU	CJ6
0375	VH-AYV	BE58
0376	VH-AYW	DH82
0377	VH-AYX	G115
0379	VH-AYZ	C172
037F	VH-AY5	PA18
0384	VH-AZA	RV6
0385	VH-AZB	C182
0386	VH-AZC	C206
0388	VH-AZE	PA24
0389	VH-AZF	DH82
038A	VH-AZG	C206
038B	VH-AZH	GA8
038C	VH-AZI	D5
038D	VH-AZJ	PA31
038E	VH-AZK	PA24
038F	VH-AZL	FA24
0392	VH-AZO	C402
0393	VH-AZP	G115
0394	VH-AZQ	C172
0395	VH-AZR	DH82
0396	VH-AZS	DHA3
0397	VH-AZT	DH82
0398	VH-AZU	C404
0399	VH-AZV	C150
039A	VH-AZW	C441
039B	VH-AZX	BE76
039C	VH-AZY	R22
03F0	VH-A2A	E190
03F1	VH-A2B	E190
03F2	VH-A2C	E190
03F5	VH-A2F	E190
03F8	VH-A2I	E190
03F9	VH-A2J	E190
03FA	VH-A2K	E190
0402	VH-A2S	E190
0403	VH-A2T	E190
0404	VH-A2U	E190
0405	VH-A2V	E190
040C	VH-A22	R22
040D	VH-A23	B06
0428	VH-A3U	E190
0432	VH-A34	AS55
0454	VH-A42	AT3T
045C	VH-A5A	A20N
045D	VH-A5B	A20N
045E	VH-A5C	A20N
045F	VH-A5D	A20N
0460	VH-A5E	A20N
0461	VH-A5F	A20N
047A	VH-A54	AT5T
047F	VH-A59	GLID
049C	VH-A62	DA62
04A4	VH-A66	R66
04A7	VH-A69	T206
04BB	VH-A7X	FA7X
04C3	VH-A75	C25A
04D2	VH-A8K	PC12
04D6	VH-A8O	A660
0510	VH-BAA	EC30
0511	VH-BAB	GLAS
0512	VH-BAC	C172
0513	VH-BAD	R22
0514	VH-BAE	C82R
0515	VH-BAF	AIRD
0517	VH-BAH	DH85
0518	VH-BAI	C180
0519	VH-BAJ	MUS2
051A	VH-BAK	BE58
051B	VH-BAL	DH82
051C	VH-BAM	B06
051D	VH-BAN	PA18
051E	VH-BAO	C172
051F	VH-BAP	C172
0522	VH-BAS	DH82
0523	VH-BAT	C182
0524	VH-BAU	P28A
0525	VH-BAV	DH82
0526	VH-BAW	G115
0527	VH-BAX	EXEC
0528	VH-BAY	C72R
0529	VH-BAZ	C172
0534	VH-BBA	BE36
0535	VH-BBB	BE33
0536	VH-BBC	DH82
0537	VH-BBD	BE36
0538	VH-BBE	C185
053A	VH-BBG	BE36
053C	VH-BBI	BE36
053D	VH-BBJ	G115
053E	VH-BBK	DHC1
053F	VH-BBL	BE17
0540	VH-BBM	BE33
0541	VH-BBN	C210
0542	VH-BBO	BD4
0543	VH-BBP	BE58
0544	VH-BBQ	PTS2
0545	VH-BBR	R44
0546	VH-BBS	JAB4
0548	VH-BBU	RV7
054A	VH-BBW	AS50
054B	VH-BBX	G115
054C	VH-BBY	B06
054D	VH-BBZ	PA30
0558	VH-BCA	DHC1
0559	VH-BCB	G115
055A	VH-BCC	DH82
055B	VH-BCD	C72R
055C	VH-BCE	GA20
055D	VH-BCF	AUS3
055E	VH-BCG	AUS3
055F	VH-BCH	BE33
0561	VH-BCJ	R44
0562	VH-BCK	PA25
0563	VH-BCL	G115
0564	VH-BCM	P28T
0565	VH-BCN	DH82
0567	VH-BCP	R66
0568	VH-BCQ	PA31
0569	VH-BCR	C208
056A	VH-BCS	CJ1
056B	VH-BCT	C188
056C	VH-BCU	SREY
056E	VH-BCW	P28A
056F	VH-BCX	B06
0570	VH-BCY	C210
0571	VH-BCZ	DH82
057C	VH-BDA	BD4
057D	VH-BDB	R44
057E	VH-BDC	BE36
057F	VH-BDD	C210
0581	VH-BDF	P28A
0582	VH-BDG	P28A
0583	VH-BDH	DH82
0584	VH-BDI	C172
0585	VH-BDJ	TAIL
0586	VH-BDK	LA4
0587	VH-BDL	R44
0588	VH-BDM	AUS3
058B	VH-BDP	G115
058C	VH-BDQ	J1
058D	VH-BDR	C210
058E	VH-BDS	SLG2
058F	VH-BDT	PA34
0590	VH-BDU	C172
0591	VH-BDV	C210
0592	VH-BDW	BD4
0593	VH-BDX	DH82
0594	VH-BDY	C310
05A0	VH-BEA	C172
05A1	VH-BEB	PA31
05A2	VH-BEC	C210
05A3	VH-BED	AUS3
05A4	VH-BEE	LNC2
05A5	VH-BEF	R22
05A6	VH-BEG	R44
05A7	VH-BEH	C210
05A8	VH-BEI	R22
05A9	VH-BEJ	PA24
05AB	VH-BEL	RV14
05AC	VH-BEM	C402
05AD	VH-BEN	DH82
05AE	VH-BEO	BE23
05AF	VH-BEP	J1
05B0	VH-BEQ	C172
05B1	VH-BER	P28A
05B2	VH-BES	P28A
05B3	VH-BET	BE23
05B4	VH-BEU	B47G
05B5	VH-BEV	PC12
05B6	VH-BEW	C172
05B7	VH-BEX	BR60
05B8	VH-BEY	MUS2
05B9	VH-BEZ	BU81
05C4	VH-BFA	B47G
05C5	VH-BFB	BE36
05C6	VH-BFC	C152
05C7	VH-BFD	DH82
05C8	VH-BFE	C170
05C9	VH-BFF	WIRR
05CB	VH-BFH	R22
05CD	VH-BFJ	C206
05CE	VH-BFK	C172
05CF	VH-BFL	GA8
05D0	VH-BFM	C172
05D1	VH-BFN	C210
05D2	VH-BFO	C152
05D3	VH-BFP	BE76
05D4	VH-BFQ	C72R
05D5	VH-BFR	L5
05D6	VH-BFS	GA8
05D7	VH-BFT	C152
05D8	VH-BFU	TB20
05DA	VH-BFW	G115
05DB	VH-BFX	CA25
05E9	VH-BGB	EC20
05EA	VH-BGC	DH82
05EB	VH-BGD	C172
05EC	VH-BGE	GLID
05ED	VH-BGF	LNC2
05EE	VH-BGG	DH82
05EF	VH-BGH	T210
05F0	VH-BGI	S22T
05F1	VH-BGJ	DH82
05F2	VH-BGK	PA46
05F4	VH-BGM	DHC1
05F5	VH-BGN	C172
05F7	VH-BGP	DH89
05F8	VH-BGQ	G115
05F9	VH-BGR	DH82
05FB	VH-BGT	AA1
05FC	VH-BGU	ACAR
05FD	VH-BGV	R22
05FE	VH-BGW	BD4
05FF	VH-BGX	C172
0600	VH-BGY	BE76
0601	VH-BGZ	BE55
060E	VH-BHC	C150
060F	VH-BHD	C172
0610	VH-BHE	P28A
0611	VH-BHF	B06
0612	VH-BHG	SB91
0613	VH-BHH	AS32
0614	VH-BHI	RBEL
0615	VH-BHJ	R22
0616	VH-BHK	P28A
0618	VH-BHM	GLID
061A	VH-BHO	B06
061B	VH-BHP	C182
061C	VH-BHQ	RV10
061D	VH-BHR	PA46
061F	VH-BHT	B06
0620	VH-BHU	ONEX
0621	VH-BHV	R44
0622	VH-BHW	P32R
0623	VH-BHX	AS32
0624	VH-BHY	AS32
0625	VH-BHZ	P28B
0630	VH-BIA	BL8
0631	VH-BIB	P28R
0632	VH-BIC	PA32
0633	VH-BID	RALL
0634	VH-BIE	P28A
0635	VH-BIF	BK17
0636	VH-BIG	BE36
0637	VH-BIH	T18
0638	VH-BII	AS50
0639	VH-BIJ	DH82
063A	VH-BIK	BL8
063B	VH-BIL	C210
063D	VH-BIN	B06
063E	VH-BIO	C172
063F	VH-BIP	CJ1
0641	VH-BIR	C310
0642	VH-BIS	C190
0644	VH-BIU	P28A
0645	VH-BIV	C210
0646	VH-BIW	C82R
0648	VH-BIY	CJ6
0649	VH-BIZ	C402
0654	VH-BJA	P28R
0655	VH-BJB	P28A
0656	VH-BJC	PA44
0657	VH-BJD	C180
0658	VH-BJE	DH82
065A	VH-BJG	B06
065B	VH-BJH	BE36
065C	VH-BJI	PA44
065D	VH-BJJ	R22
065E	VH-BJK	BE36
065F	VH-BJL	C182
0660	VH-BJM	PA32
0661	VH-BJN	PA27
0662	VH-BJO	P28B
0663	VH-BJP	C210
0664	VH-BJQ	PA34
0665	VH-BJR	C182
0666	VH-BJS	C150
0667	VH-BJT	PA24
0668	VH-BJU	DH82
066A	VH-BJW	T18
066B	VH-BJX	B06
066C	VH-BJY	R22
066D	VH-BJZ	PA44
067A	VH-BKC	DH82
067B	VH-BKD	C210
067C	VH-BKE	AT5T
067D	VH-BKF	PA27
067E	VH-BKG	PTS1
067F	VH-BKH	BL8
0680	VH-BKI	C172
0681	VH-BKJ	PA27
0682	VH-BKK	RV10
0683	VH-BKL	PA44
0684	VH-BKM	P28A
0685	VH-BKN	BE60
0686	VH-BKO	C172
0687	VH-BKP	EUPA
0688	VH-BKQ	AA5
068A	VH-BKS	TMOT
068B	VH-BKT	BE36
068C	VH-BKU	AS50
068E	VH-BKW	C182
068F	VH-BKX	AA5
0690	VH-BKY	C182
0691	VH-BKZ	PA32
069C	VH-BLA	AS50
069D	VH-BLB	FA24
069E	VH-BLC	P28A
069F	VH-BLD	P28A
06A0	VH-BLE	B407
06A1	VH-BLF	P28A
06A2	VH-BLG	P28A
06A3	VH-BLH	SLG4
06A4	VH-BLI	C170
06A5	VH-BLJ	B06
06A6	VH-BLK	C82R
06A7	VH-BLL	B06
06A8	VH-BLM	CL60
06A9	VH-BLN	B06
06AA	VH-BLO	SU29
06AB	VH-BLP	B06
06AD	VH-BLR	B06
06AE	VH-BLS	PA24
06AF	VH-BLT	B58T
06B1	VH-BLV	B06
06B2	VH-BLW	BE58
06B3	VH-BLX	P28A
06B4	VH-BLY	R22
06C1	VH-BMB	C152
06C2	VH-BMC	OPCA
06C3	VH-BMD	PA22
06C4	VH-BME	P28R
06C5	VH-BMF	C182
06C6	VH-BMG	KR2
06C7	VH-BMH	R44
06C8	VH-BMI	P28T
06C9	VH-BMJ	C182
06CB	VH-BML	C210
06CC	VH-BMM	C172
06CD	VH-BMN	GEMI
06CE	VH-BMO	BE58
06CF	VH-BMP	CH30
06D0	VH-BMQ	H269
06D1	VH-BMR	EXEC
06D2	VH-BMS	C182
06D3	VH-BMT	R22
06D4	VH-BMU	R44
06D5	VH-BMV	C175
06D6	VH-BMW	H25B
06D7	VH-BMX	C182
06D8	VH-BMY	C182
06D9	VH-BMZ	P28R
06E4	VH-BNA	ACAR
06E5	VH-BNB	C175
06E6	VH-BNC	BN2P
06E7	VH-BND	C172
06E8	VH-BNE	A210
06EA	VH-BNG	BN2P
06EB	VH-BNH	C182
06EC	VH-BNI	DH82
06ED	VH-BNJ	AT5T
06EE	VH-BNK	B06
06EF	VH-BNL	D150
06F0	VH-BNM	C150
06F1	VH-BNN	P32R
06F2	VH-BNO	P28U
06F3	VH-BNP	JAB4
06F5	VH-BNR	AT5T
06F6	VH-BNS	C172
06F7	VH-BNT	PA38
06F8	VH-BNU	P28A
06FA	VH-BNW	P28A
06FB	VH-BNX	GA8
06FC	VH-BNY	PA38
06FD	VH-BNZ	C210
0708	VH-BOA	R22
0709	VH-BOB	P51
070A	VH-BOC	M20P
070B	VH-BOD	BE55
070C	VH-BOE	PA36
070D	VH-BOF	C172
070E	VH-BOG	M7
070F	VH-BOH	C182
0711	VH-BOJ	DH82
0712	VH-BOK	R22
0714	VH-BOM	C182
0715	VH-BON	C172
0716	VH-BOO	M6
0718	VH-BOQ	AUS3
0719	VH-BOR	DH82
071B	VH-BOT	PA25
071C	VH-BOU	C210
071D	VH-BOV	R44
071E	VH-BOW	PA32
0720	VH-BOY	C72R
0721	VH-BOZ	P51
072C	VH-BPA	ACAR
072E	VH-BPC	PA30
072F	VH-BPD	SASP
0732	VH-BPG	MG15
0733	VH-BPH	RV4
0736	VH-BPK	DH82
0737	VH-BPL	R44
0739	VH-BPN	DC3
073E	VH-BPS	S108
073F	VH-BPT	AT5T
0740	VH-BPU	DH82
0742	VH-BPW	BL8
0743	VH-BPX	RV7
0744	VH-BPY	C310
0745	VH-BPZ	C402
0750	VH-BQA	BE36
0751	VH-BQB	E110
0753	VH-BQD	PA36
0754	VH-BQE	AT8T
0756	VH-BQG	C182
0757	VH-BQH	AT8T
0758	VH-BQI	H269
075A	VH-BQK	TOUR
075C	VH-BQM	BE36
075D	VH-BQN	H269
075E	VH-BQO	EAGL
075F	VH-BQP	GA8
0760	VH-BQQ	B06
0761	VH-BQR	R22
0762	VH-BQS	C172
0763	VH-BQT	B06
0764	VH-BQU	PA22
0765	VH-BQV	SR22
0766	VH-BQW	TOUR
0768	VH-BQY	H269
0774	VH-BRA	C182
0775	VH-BRB	A109
0776	VH-BRC	BD4
0778	VH-BRE	C172
077B	VH-BRH	BE50
077C	VH-BRI	C182
077D	VH-BRJ	T210
077F	VH-BRL	PA31
0780	VH-BRM	DH82
0781	VH-BRN	COZY
0783	VH-BRP	GLAS
0786	VH-BRS	C152
0787	VH-BRT	SREY
0789	VH-BRV	RV7
078A	VH-BRW	M5
078C	VH-BRY	RV7
078D	VH-BRZ	PA31
0798	VH-BSA	C172
0799	VH-BSB	C172
079A	VH-BSC	GLID
079B	VH-BSD	DH82
079C	VH-BSE	R44
079D	VH-BSF	B06
079E	VH-BSG	P32R
079F	VH-BSH	C172
07A0	VH-BSI	BE36
07A1	VH-BSJ	C182
07A2	VH-BSK	C172
07A4	VH-BSM	C425
07A5	VH-BSN	RV6
07A9	VH-BSR	DHC1
07AA	VH-BSS	GLID
07AB	VH-BST	SONX
07AC	VH-BSU	DHC1
07AD	VH-BSV	C172
07B0	VH-BSY	P28A
07B1	VH-BSZ	C182
07BC	VH-BTA	SLG4
07BD	VH-BTB	BE55
07BE	VH-BTC	EC30
07BF	VH-BTD	PA31
07C1	VH-BTF	R22
07C2	VH-BTG	PA34
07C3	VH-BTH	DH82
07C4	VH-BTI	PA31
07C5	VH-BTJ	BE76
07C6	VH-BTK	C152
07C7	VH-BTL	C185
07C8	VH-BTM	C152
07C9	VH-BTN	P28A
07CA	VH-BTO	BE76
07CB	VH-BTP	DH82
07CC	VH-BTQ	AIGT
07CD	VH-BTR	C172
07CF	VH-BTT	C206
07D1	VH-BTV	AS50
07D2	VH-BTW	PA34
07D3	VH-BTX	EN28
07D4	VH-BTY	PA25
07D5	VH-BTZ	AM3
07E0	VH-BUA	C172
07E1	VH-BUB	T18
07E2	VH-BUC	C182
07E3	VH-BUD	C402
07E4	VH-BUE	C152
07E5	VH-BUF	C172
07E6	VH-BUG	DH82
07E7	VH-BUH	ST75
07E8	VH-BUI	C310
07E9	VH-BUJ	P28B
07EA	VH-BUK	AS50
07EC	VH-BUM	CA25
07ED	VH-BUN	P28A
07EE	VH-BUO	JAB4
07F0	VH-BUQ	C152
07F2	VH-BUS	CH7B
07F3	VH-BUT	P32R
07F6	VH-BUW	PAY3
07F7	VH-BUX	C170
07F8	VH-BUY	RV10
07F9	VH-BUZ	D31
0804	VH-BVA	BE55
0805	VH-BVB	DH82
0806	VH-BVC	C182
0807	VH-BVD	C195
0808	VH-BVE	C180
0809	VH-BVF	C182
080A	VH-BVG	C210
080B	VH-BVH	C170
080C	VH-BVI	C180
080E	VH-BVK	S211
080F	VH-BVL	P28A
0810	VH-BVM	P28A
0811	VH-BVN	PTS2
0812	VH-BVO	T18
0813	VH-BVP	DHC1
0814	VH-BVQ	C180
0816	VH-BVS	DHC6
0817	VH-BVT	Y18T
0818	VH-BVU	SV4
0819	VH-BVV	TOUR
081B	VH-BVX	B06
081C	VH-BVY	B06
081D	VH-BVZ	DH82
0828	VH-BWA	TOUR
0829	VH-BWB	TOUR
082A	VH-BWC	BE58
082B	VH-BWD	B47G
082C	VH-BWE	P28A
082E	VH-BWG	TOUR
0830	VH-BWI	EUPA
0831	VH-BWJ	P28A
0832	VH-BWK	C182
0833	VH-BWL	P28B
0834	VH-BWM	BL8
0835	VH-BWN	R44
0837	VH-BWP	P32R
0838	VH-BWQ	C310
0839	VH-BWR	CH7B
083B	VH-BWT	BE35
083C	VH-BWU	P28A
083D	VH-BWV	C182
083E	VH-BWW	C172
083F	VH-BWX	P28A
0840	VH-BWY	P28B
0841	VH-BWZ	BE55
084C	VH-BXA	TOBA
084D	VH-BXB	C150
084E	VH-BXC	GLID
0851	VH-BXF	C206
0853	VH-BXH	TOBA
0854	VH-BXI	TOBA
0855	VH-BXJ	PA31
0856	VH-BXK	GA8
0857	VH-BXL	C182
0858	VH-BXM	AP22
0859	VH-BXN	RV4
085A	VH-BXO	C182
085B	VH-BXP	PA25
085C	VH-BXQ	R22
085D	VH-BXR	C172
085E	VH-BXS	EXEJ
085F	VH-BXT	PA32
0862	VH-BXW	C182
0863	VH-BXX	DH82
0864	VH-BXY	BN2P
0865	VH-BXZ	C206
0870	VH-BYA	P28A
0871	VH-BYB	GC1
0872	VH-BYC	C182
0873	VH-BYD	ACAR
0874	VH-BYE	P28A
0875	VH-BYF	AIGT
0876	VH-BYG	PA31
0877	VH-BYH	ACAR
0879	VH-BYJ	B06
087A	VH-BYK	C210
087B	VH-BYL	AUJ4
087C	VH-BYM	D5
087D	VH-BYN	C195
087E	VH-BYO	RV6
0881	VH-BYR	C172
0882	VH-BYS	AUS3
0885	VH-BYV	P28A
0886	VH-BYW	ACAR
0887	VH-BYX	AIGT
0888	VH-BYY	ADVE
0889	VH-BYZ	AUJ2
0894	VH-BZA	P28A
0895	VH-BZB	M18
0896	VH-BZC	AS32
0897	VH-BZD	R44
0898	VH-BZE	P28A
089A	VH-BZG	B505
089B	VH-BZH	SV4
089C	VH-BZI	P28A
089D	VH-BZJ	P28A
089E	VH-BZK	C310
089F	VH-BZL	RV7
08A0	VH-BZM	C182
08A1	VH-BZN	RV7
08A2	VH-BZO	RV6
08A3	VH-BZP	BE23
08A4	VH-BZQ	BE33
08A5	VH-BZR	SPIT
08A6	VH-BZS	BE36
08A7	VH-BZT	PA27
08A9	VH-BZV	GLIM
08AA	VH-BZW	SR20
08AB	VH-BZX	R44
08AC	VH-BZY	BE36
08AD	VH-BZZ	BL8
0A20	VH-CAA	C182
0A21	VH-CAB	BE35
0A22	VH-CAC	DHC1
0A23	VH-CAD	F900
0A25	VH-CAF	P28A
0A26	VH-CAG	PA18
0A27	VH-CAH	BE33
0A28	VH-CAI	M20P
0A29	VH-CAJ	C402
0A2A	VH-CAK	RV7
0A2B	VH-CAL	C172
0A2C	VH-CAM	RV6
0A2E	VH-CAO	P28A
0A2F	VH-CAP	R44
0A30	VH-CAQ	BE36
0A31	VH-CAR	C172
0A32	VH-CAS	C170
0A33	VH-CAT	CAT
0A34	VH-CAU	AC56
0A35	VH-CAV	P28S
0A36	VH-CAW	S22T
0A37	VH-CAX	AC68
0A38	VH-CAY	P28A
0A39	VH-CAZ	C182
0A44	VH-CBA	M20P
0A45	VH-CBB	C172
0A47	VH-CBD	C172
0A48	VH-CBE	C172
0A4A	VH-CBG	BE55
0A4B	VH-CBH	C172
0A4C	VH-CBI	P28A
0A4D	VH-CBJ	PA32
0A4E	VH-CBK	P28R
0A4F	VH-CBL	S211
0A50	VH-CBM	RV7
0A51	VH-CBN	P28A
0A52	VH-CBO	RV6
0A53	VH-CBP	PA27
0A55	VH-CBR	BE35
0A56	VH-CBS	CJ1
0A57	VH-CBT	C414
0A58	VH-CBU	PA34
0A59	VH-CBV	C172
0A5A	VH-CBW	C172
0A5B	VH-CBX	P28A
0A5C	VH-CBY	P28A
0A5D	VH-CBZ	BE20
0A68	VH-CCA	RV6
0A69	VH-CCB	BE76
0A6B	VH-CCD	GLEX
0A6C	VH-CCE	AN2
0A6D	VH-CCF	G164
0A6E	VH-CCG	GLAS
0A6F	VH-CCH	R44
0A70	VH-CCI	SLG2
0A71	VH-CCJ	C550
0A72	VH-CCK	G164
0A73	VH-CCL	PA31
0A74	VH-CCM	VGUL
0A75	VH-CCN	C404
0A76	VH-CCO	L5
0A77	VH-CCP	C170
0A78	VH-CCQ	P28A
0A7A	VH-CCS	C182
0A7B	VH-CCT	G164
0A7C	VH-CCU	C172
0A7D	VH-CCV	S22T
0A7F	VH-CCX	R44
0A80	VH-CCY	BE36
0A81	VH-CCZ	C210
0A8C	VH-CDA	PA24
0A8D	VH-CDB	PA24
0A8E	VH-CDC	PA24
0A8F	VH-CDD	PA24
0A90	VH-CDE	BE50
0A91	VH-CDF	L5
0A92	VH-CDG	C525
0A93	VH-CDH	C182
0A94	VH-CDI	C182
0A95	VH-CDJ	C182
0A96	VH-CDK	PA32
0A97	VH-CDL	CC19
0A98	VH-CDM	DH82
0A99	VH-CDN	C182
0A9A	VH-CDO	CJ6
0A9B	VH-CDP	AA5
0A9D	VH-CDR	AS14
0A9F	VH-CDT	RV7
0AA0	VH-CDU	G2CA
0AA1	VH-CDV	C182
0AA2	VH-CDW	C150
0AA3	VH-CDX	C180
0AA4	VH-CDY	C172
0AA5	VH-CDZ	P28A
0AB0	VH-CEA	TBM9
0AB1	VH-CEB	P28R
0AB2	VH-CEC	DH82
0AB3	VH-CED	C188
0AB4	VH-CEE	DH82
0AB5	VH-CEF	BE33
0AB6	VH-CEG	C182
0AB7	VH-CEH	BE33
0AB8	VH-CEI	C170
0AB9	VH-CEJ	DH82
0ABA	VH-CEK	P28A
0ABB	VH-CEL	BE36
0ABC	VH-CEM	P28U
0ABD	VH-CEN	BE55
0ABE	VH-CEO	C172
0ABF	VH-CEP	SR20
0AC0	VH-CEQ	C210
0AC1	VH-CER	P28A
0AC2	VH-CES	DH82
0AC3	VH-CET	C152
0AC4	VH-CEU	P28B
0AC5	VH-CEV	C172
0AC6	VH-CEW	RV7
0AC7	VH-CEX	PTS1
0AC8	VH-CEY	C172
0AC9	VH-CEZ	P28R
0AD4	VH-CFA	BE55
0AD5	VH-CFB	BE55
0AD6	VH-CFC	C182
0AD7	VH-CFD	SR22
0AD8	VH-CFE	P68
0AD9	VH-CFF	BE19
0ADA	VH-CFG	C172
0ADB	VH-CFH	BL8
0ADC	VH-CFI	C172
0ADD	VH-CFJ	BL8
0ADE	VH-CFK	BE35
0ADF	VH-CFL	C208
0AE0	VH-CFM	BE19
0AE1	VH-CFN	BE23
0AE2	VH-CFO	BE9L
0AE3	VH-CFP	SR22
0AE4	VH-CFQ	BE95
0AE5	VH-CFR	PA38
0AE6	VH-CFS	P28R
0AE7	VH-CFT	P68
0AE8	VH-CFU	BE33
0AE9	VH-CFV	BE35
0AEA	VH-CFW	BE23
0AEB	VH-CFX	BL8
0AEC	VH-CFY	BE19
0AED	VH-CFZ	BL8
0AF8	VH-CGA	SR20
0AF9	VH-CGB	P210
0AFA	VH-CGC	GY20
0AFB	VH-CGD	GY20
0AFD	VH-CGF	GLF4
0AFE	VH-CGG	C182
0B00	VH-CGI	PA38
0B01	VH-CGJ	M20P
0B02	VH-CGK	P28A
0B03	VH-CGL	EVSS
0B04	VH-CGM	RV7
0B05	VH-CGN	P32T
0B06	VH-CGO	P28A
0B07	VH-CGP	C172
0B08	VH-CGQ	S22T
0B09	VH-CGR	P28A
0B0A	VH-CGS	PA34
0B0B	VH-CGT	DA40
0B0C	VH-CGU	C180
0B0D	VH-CGV	P28A
0B0E	VH-CGW	A119
0B0F	VH-CGX	K100
0B11	VH-CGZ	P28A
0B1C	VH-CHA	GLIM
0B1D	VH-CHB	BE35
0B1E	VH-CHC	P28R
0B1F	VH-CHD	SR22
0B20	VH-CHE	P28B
0B21	VH-CHF	P28A
0B22	VH-CHG	P28A
0B23	VH-CHH	P28A
0B24	VH-CHI	R66
0B25	VH-CHJ	P28A
0B26	VH-CHK	C182
0B27	VH-CHL	C210
0B29	VH-CHN	L5
0B2A	VH-CHO	AS50
0B2B	VH-CHP	TOUR
0B2C	VH-CHQ	H269
0B2E	VH-CHS	C182
0B2F	VH-CHT	R22
0B30	VH-CHU	BDOG
0B31	VH-CHV	B06
0B32	VH-CHW	BE35
0B33	VH-CHX	R22
0B34	VH-CHY	C182
0B35	VH-CHZ	C172
0B40	VH-CIA	T28
0B41	VH-CIB	CT4
0B43	VH-CID	BL8
0B44	VH-CIE	PA24
0B45	VH-CIF	C152
0B46	VH-CIG	P28A
0B47	VH-CIH	SPIT
0B48	VH-CII	BE18
0B49	VH-CIJ	BE18
0B4A	VH-CIK	C510
0B4B	VH-CIL	TB20
0B4C	VH-CIM	PA24
0B4E	VH-CIO	C340
0B4F	VH-CIP	SPIT
0B50	VH-CIQ	SPIT
0B51	VH-CIR	C310
0B52	VH-CIS	R22
0B53	VH-CIT	C182
0B54	VH-CIU	EXEC
0B56	VH-CIW	CH7A
0B57	VH-CIX	P28A
0B58	VH-CIY	C172
0B59	VH-CIZ	E300
0B64	VH-CJA	CJ6
0B65	VH-CJB	CC11
0B66	VH-CJC	AT5T
0B67	VH-CJD	RV4
0B68	VH-CJE	CJ6
0B69	VH-CJF	C180
0B6A	VH-CJG	CJ6
0B6B	VH-CJH	C172
0B6C	VH-CJI	C210
0B6D	VH-CJJ	P68
0B6E	VH-CJK	SR22
0B6F	VH-CJL	EXEC
0B70	VH-CJM	R44
0B71	VH-CJN	RV10
0B72	VH-CJO	T18
0B74	VH-CJQ	PA31
0B75	VH-CJR	P28A
0B76	VH-CJS	CJ6
0B77	VH-CJT	RV8
0B78	VH-CJU	EC20
0B79	VH-CJV	P28R
0B7A	VH-CJW	DH82
0B7B	VH-CJX	CJ6
0B7C	VH-CJY	P46T
0B7D	VH-CJZ	PA32
0B88	VH-CKA	PTS1
0B89	VH-CKB	AC11
0B8A	VH-CKC	B06
0B8B	VH-CKD	D5
0B8C	VH-CKE	TOUR
0B8E	VH-CKG	C182
0B8F	VH-CKH	ACR2
0B90	VH-CKI	B06
0B92	VH-CKK	C175
0B93	VH-CKL	B06
0B94	VH-CKM	CJ1
0B95	VH-CKN	B06
0B96	VH-CKO	C208
0B97	VH-CKP	B06
0B98	VH-CKQ	C82R
0B99	VH-CKR	GLIM
0B9A	VH-CKS	AT8T
0B9B	VH-CKT	B06
0B9C	VH-CKU	CT4
0B9D	VH-CKV	C175
0B9E	VH-CKW	P28A
0B9F	VH-CKX	BE36
0BA0	VH-CKY	RV6
0BAC	VH-CLA	BE55
0BAD	VH-CLB	P28A
0BAE	VH-CLC	LNC4
0BAF	VH-CLD	EN28
0BB0	VH-CLE	BE58
0BB1	VH-CLF	PA32
0BB2	VH-CLG	RV8
0BB3	VH-CLH	EXEC
0BB4	VH-CLI	EN28
0BB5	VH-CLJ	KR2
0BB6	VH-CLK	R22
0BB7	VH-CLL	B06
0BB8	VH-CLM	SR22
0BB9	VH-CLN	SR22
0BBA	VH-CLO	GLID
0BBB	VH-CLP	COL4
0BBC	VH-CLQ	R44
0BBD	VH-CLR	R44
0BBE	VH-CLS	R44
0BBF	VH-CLT	AC90
0BC0	VH-CLU	DA2
0BC1	VH-CLV	B06
0BC2	VH-CLW	LNC2
0BC3	VH-CLX	R44
0BC4	VH-CLY	B06
0BC5	VH-CLZ	C182
0BD0	VH-CMA	C310
0BD1	VH-CMB	FA24
0BD2	VH-CMC	T18
0BD4	VH-CME	RV9
0BD5	VH-CMF	DV20
0BD6	VH-CMG	C172
0BD7	VH-CMH	BE58
0BD8	VH-CMI	B407
0BD9	VH-CMJ	C180
0BDA	VH-CMK	C510
0BDB	VH-CML	C310
0BDC	VH-CMM	C182
0BDD	VH-CMN	C182
0BDE	VH-CMO	M20P
0BDF	VH-CMP	C172
0BE0	VH-CMQ	C172
0BE1	VH-CMR	R44
0BE2	VH-CMS	R44
0BE3	VH-CMT	R44
0BE4	VH-CMU	BE76
0BE6	VH-CMW	R44
0BE7	VH-CMX	C172
0BE8	VH-CMY	SS2T
0BE9	VH-CMZ	C172
0BF4	VH-CNA	C172
0BF5	VH-CNB	P28A
0BF6	VH-CNC	CH7A
0BF7	VH-CND	TOUR
0BF9	VH-CNF	P28A
0BFB	VH-CNH	SW4
0BFC	VH-CNI	AC11
0BFD	VH-CNJ	BE23
0BFE	VH-CNK	P28A
0BFF	VH-CNL	P28A
0C00	VH-CNM	P28A
0C01	VH-CNN	BE58
0C02	VH-CNO	TOUR
0C03	VH-CNP	P28A
0C04	VH-CNQ	C150
0C05	VH-CNR	RV12
0C06	VH-CNS	P28A
0C07	VH-CNT	R44
0C09	VH-CNV	PA38
0C0A	VH-CNW	C172
0C0B	VH-CNX	JAB4
0C0C	VH-CNY	C172
0C0D	VH-CNZ	CT4
0C18	VH-COA	DH82
0C19	VH-COB	RV8
0C1A	VH-COC	EXEC
0C1B	VH-COD	PA25
0C1C	VH-COE	PA34
0C1D	VH-COF	C182
0C1E	VH-COG	RV7
0C1F	VH-COH	RV9
0C20	VH-COI	TOUR
0C21	VH-COJ	P208
0C22	VH-COK	R44
0C23	VH-COL	R22
0C24	VH-COM	PA24
0C25	VH-CON	PA30
0C26	VH-COO	C140
0C27	VH-COP	PA34
0C28	VH-COQ	C310
0C29	VH-COR	BE36
0C2A	VH-COS	C170
0C2B	VH-COT	R44
0C2C	VH-COU	PA34
0C2D	VH-COV	CH20
0C2E	VH-COW	C185
0C2F	VH-COX	AT5T
0C30	VH-COY	SIRA
0C31	VH-COZ	COZY
0C3C	VH-CPA	B47G
0C3D	VH-CPB	C340
0C3E	VH-CPC	C172
0C3F	VH-CPD	R44
0C40	VH-CPE	SR22
0C41	VH-CPF	P28A
0C42	VH-CPG	BABY
0C43	VH-CPH	S76
0C44	VH-CPI	DHC1
0C45	VH-CPJ	C337
0C46	VH-CPK	S22T
0C47	VH-CPL	BE33
0C48	VH-CPM	P28A
0C49	VH-CPN	C172
0C4B	VH-CPP	P28R
0C4C	VH-CPQ	C172
0C4D	VH-CPR	C340
0C4E	VH-CPS	J3
0C4F	VH-CPT	P28A
0C50	VH-CPU	PA25
0C51	VH-CPV	PA25
0C52	VH-CPW	P28A
0C53	VH-CPX	CJ6
0C54	VH-CPY	C182
0C55	VH-CPZ	SR22
0C60	VH-CQA	G73
0C61	VH-CQB	GLID
0C62	VH-CQC	GLID
0C63	VH-CQD	GLID
0C64	VH-CQE	MXS
0C65	VH-CQF	GLID
0C66	VH-CQG	R22
0C67	VH-CQH	R22
0C68	VH-CQI	GLID
0C69	VH-CQJ	B412
0C6B	VH-CQL	GLID
0C6C	VH-CQM	GLID
0C6D	VH-CQN	GLID
0C6E	VH-CQO	GLID
0C6F	VH-CQP	GLID
0C70	VH-CQQ	GLID
0C71	VH-CQR	GLID
0C72	VH-CQS	GLID
0C73	VH-CQT	SR22
0C74	VH-CQU	GLID
0C75	VH-CQV	GLID
0C76	VH-CQW	GLID
0C77	VH-CQX	GLID
0C78	VH-CQY	GLID
0C79	VH-CQZ	GLID
0C84	VH-CRA	SREY
0C85	VH-CRB	C180
0C86	VH-CRC	T6
0C87	VH-CRD	C77R
0C88	VH-CRE	PA24
0C89	VH-CRF	SR20
0C8A	VH-CRG	C182
0C8B	VH-CRH	P28A
0C8C	VH-CRI	MC10
0C8D	VH-CRJ	P28A
0C8E	VH-CRK	TOUR
0C8F	VH-CRL	T210
0C90	VH-CRM	C152
0C91	VH-CRN	C208
0C92	VH-CRO	L5
0C93	VH-CRP	C152
0C94	VH-CRQ	R44
0C95	VH-CRR	AUJ4
0C96	VH-CRS	C205
0C97	VH-CRT	RV7
0C98	VH-CRU	C175
0C99	VH-CRV	RV6
0C9A	VH-CRW	FA7X
0C9C	VH-CRY	JAB4
0C9D	VH-CRZ	FU24
0CA8	VH-CSA	C82R
0CA9	VH-CSB	P28A
0CAA	VH-CSC	C205
0CAB	VH-CSD	C210
0CAC	VH-CSE	CH60
0CAE	VH-CSG	R66
0CAF	VH-CSH	GLAS
0CB0	VH-CSI	R22
0CB1	VH-CSJ	JAB4
0CB2	VH-CSK	BE55
0CB3	VH-CSL	C182
0CB4	VH-CSM	B47G
0CB5	VH-CSN	PA25
0CB6	VH-CSO	C310
0CB7	VH-CSP	C501
0CB8	VH-CSQ	CAML
0CB9	VH-CSR	C172
0CBA	VH-CSS	SR20
0CBB	VH-CST	RV4
0CBC	VH-CSU	C182
0CBD	VH-CSV	COL4
0CBE	VH-CSW	S22T
0CBF	VH-CSX	C310
0CC0	VH-CSY	H500
0CC1	VH-CSZ	C152
0CCC	VH-CTA	PA25
0CCE	VH-CTC	EC30
0CCF	VH-CTD	RV7
0CD0	VH-CTE	KR2
0CD1	VH-CTF	P28A
0CD2	VH-CTG	GLID
0CD3	VH-CTH	C182
0CD4	VH-CTI	P28A
0CD5	VH-CTJ	P28A
0CD6	VH-CTK	CT4
0CD7	VH-CTL	P28A
0CD8	VH-CTM	TOUR
0CD9	VH-CTN	CT4
0CDA	VH-CTO	BE23
0CDB	VH-CTP	FDCT
0CDC	VH-CTQ	CT4
0CDD	VH-CTR	BE23
0CDE	VH-CTS	CH7B
0CDF	VH-CTT	R44
0CE0	VH-CTU	FDCT
0CE1	VH-CTV	CT4
0CE2	VH-CTW	PA18
0CE3	VH-CTX	CH7B
0CE4	VH-CTY	P28A
0CE5	VH-CTZ	CT4
0CF0	VH-CUA	EUPA
0CF1	VH-CUB	PA18
0CF2	VH-CUC	P28A
0CF3	VH-CUD	EXEC
0CF4	VH-CUE	P28A
0CF5	VH-CUF	P28A
0CF6	VH-CUG	PA24
0CF7	VH-CUH	P28R
0CF8	VH-CUI	EXEC
0CF9	VH-CUJ	AC11
0CFA	VH-CUK	C172
0CFB	VH-CUL	C152
0CFC	VH-CUM	BL8
0CFD	VH-CUN	R44
0CFF	VH-CUP	C172
0D00	VH-CUQ	C150
0D02	VH-CUS	C150
0D03	VH-CUT	P28A
0D04	VH-CUU	SR22
0D05	VH-CUV	P28R
0D06	VH-CUW	PA27
0D07	VH-CUX	SA30
0D08	VH-CUY	C208
0D09	VH-CUZ	M20P
0D14	VH-CVA	KR2
0D15	VH-CVB	M20P
0D16	VH-CVC	C182
0D18	VH-CVE	PA30
0D19	VH-CVF	AT8T
0D1A	VH-CVG	C77R
0D1B	VH-CVH	BMAN
0D1C	VH-CVI	BL8
0D1D	VH-CVJ	C205
0D1E	VH-CVK	P28B
0D1F	VH-CVL	C77R
0D20	VH-CVM	P28A
0D21	VH-CVN	C208
0D22	VH-CVO	P28B
0D23	VH-CVP	P28R
0D24	VH-CVQ	P28A
0D25	VH-CVR	C206
0D26	VH-CVS	PA30
0D27	VH-CVT	C172
0D28	VH-CVU	P28R
0D29	VH-CVV	P28A
0D2D	VH-CVZ	P28R
0D38	VH-CWA	C172
0D39	VH-CWB	PA24
0D3A	VH-CWC	P28A
0D3B	VH-CWD	P28A
0D3C	VH-CWE	R22
0D3D	VH-CWF	P28A
0D3E	VH-CWG	SR22
0D3F	VH-CWH	C185
0D40	VH-CWI	P28A
0D42	VH-CWK	PA32
0D43	VH-CWL	C205
0D44	VH-CWM	C77R
0D45	VH-CWN	C210
0D46	VH-CWO	BE20
0D48	VH-CWQ	B06
0D49	VH-CWR	BE35
0D4B	VH-CWT	AP22
0D4C	VH-CWU	BL8
0D4D	VH-CWV	BE58
0D4E	VH-CWW	P28A
0D4F	VH-CWX	P28R
0D50	VH-CWY	P28A
0D51	VH-CWZ	C310
0D5C	VH-CXA	C180
0D5D	VH-CXB	PA24
0D5E	VH-CXC	C172
0D5F	VH-CXD	RV7
0D60	VH-CXE	AC11
0D61	VH-CXF	P28A
0D62	VH-CXG	C180
0D63	VH-CXH	P28A
0D65	VH-CXJ	LJ45
0D66	VH-CXK	R44
0D67	VH-CXL	DH82
0D68	VH-CXM	DH82
0D6A	VH-CXO	C182
0D6B	VH-CXP	PA24
0D6D	VH-CXR	RV9
0D6E	VH-CXS	DHC2
0D6F	VH-CXT	C210
0D70	VH-CXU	CP30
0D71	VH-CXV	DH82
0D72	VH-CXW	C172
0D73	VH-CXX	AEST
0D74	VH-CXY	DH82
0D75	VH-CXZ	C182
0D81	VH-CYB	C182
0D83	VH-CYD	C150
0D84	VH-CYE	C182
0D85	VH-CYF	C172
0D86	VH-CYG	M20P
0D87	VH-CYH	H269
0D88	VH-CYI	BR60
0D89	VH-CYJ	SR22
0D8A	VH-CYK	B738
0D8B	VH-CYL	C182
0D8C	VH-CYM	R22
0D8D	VH-CYN	FU24
0D8E	VH-CYO	C150
0D8F	VH-CYP	C172
0D90	VH-CYQ	C172
0D91	VH-CYR	C182
0D92	VH-CYS	R44
0D93	VH-CYT	C402
0D94	VH-CYU	RV7
0D95	VH-CYV	PA31
0D96	VH-CYW	R44
0D97	VH-CYX	C182
0D98	VH-CYY	PA31
0D99	VH-CYZ	C182
0DA4	VH-CZA	C172
0DA5	VH-CZB	DH94
0DA6	VH-CZC	EC20
0DA7	VH-CZD	PA44
0DA8	VH-CZE	CA25
0DA9	VH-CZF	C208
0DAA	VH-CZG	PA44
0DAB	VH-CZH	PA44
0DAC	VH-CZI	PA44
0DAD	VH-CZJ	LNC2
0DAE	VH-CZK	EN28
0DAF	VH-CZL	H269
0DB0	VH-CZM	R22
0DB1	VH-CZN	AS50
0DB2	VH-CZO	R22
0DB3	VH-CZP	S22T
0DB5	VH-CZR	SR22
0DB6	VH-CZS	CASS
0DB7	VH-CZT	A109
0DB8	VH-CZU	XL2
0DB9	VH-CZV	XL2
0DBA	VH-CZW	XL2
0DBD	VH-CZZ	C172
0F30	VH-DAA	C525
0F31	VH-DAB	CRER
0F32	VH-DAC	C175
0F33	VH-DAD	DH82
0F34	VH-DAE	P28A
0F35	VH-DAF	AUJ2
0F36	VH-DAG	P28A
0F37	VH-DAH	P32R
0F38	VH-DAI	C310
0F39	VH-DAJ	PTS2
0F3A	VH-DAK	P28B
0F3B	VH-DAL	SR22
0F3C	VH-DAM	P28S
0F3D	VH-DAN	RV8
0F3E	VH-DAO	R22
0F3F	VH-DAP	CT4
0F40	VH-DAQ	P28A
0F41	VH-DAR	P28A
0F42	VH-DAS	R22
0F43	VH-DAT	TRF1
0F44	VH-DAU	PA25
0F46	VH-DAW	C310
0F47	VH-DAX	RV4
0F48	VH-DAY	CH7B
0F54	VH-DBA	C310
0F55	VH-DBB	C172
0F56	VH-DBC	DH82
0F57	VH-DBD	RYST
0F58	VH-DBE	DH82
0F59	VH-DBF	R44
0F5A	VH-DBG	C210
0F5B	VH-DBH	C172
0F5D	VH-DBJ	AS50
0F5E	VH-DBK	PA34
0F60	VH-DBM	C182
0F61	VH-DBN	C182
0F62	VH-DBO	BE36
0F63	VH-DBP	C182
0F64	VH-DBQ	AT8T
0F65	VH-DBR	C172
0F66	VH-DBS	DHC1
0F67	VH-DBT	AC50
0F68	VH-DBU	C210
0F69	VH-DBV	R44
0F6A	VH-DBW	LNC2
0F6B	VH-DBX	RV7
0F6C	VH-DBY	C172
0F6D	VH-DBZ	BE55
0F78	VH-DCA	R44
0F79	VH-DCB	SR22
0F7A	VH-DCC	P28B
0F7C	VH-DCE	C172
0F7D	VH-DCF	R44
0F7E	VH-DCG	C182
0F7F	VH-DCH	C182
0F80	VH-DCI	SR22
0F81	VH-DCJ	C180
0F82	VH-DCK	C172
0F83	VH-DCL	C182
0F84	VH-DCM	RV9
0F85	VH-DCN	R44
0F86	VH-DCO	C172
0F87	VH-DCP	AIRD
0F88	VH-DCQ	B47G
0F89	VH-DCR	AIRD
0F8A	VH-DCS	C337
0F8B	VH-DCT	RALL
0F8C	VH-DCU	AUS3
0F8D	VH-DCV	C182
0F8E	VH-DCW	C182
0F8F	VH-DCX	C210
0F90	VH-DCY	C182
0F91	VH-DCZ	DHC1
0F9C	VH-DDA	DH82
0F9D	VH-DDB	BE33
0F9E	VH-DDC	BE33
0F9F	VH-DDD	BE35
0FA0	VH-DDE	BE33
0FA1	VH-DDF	BE35
0FA2	VH-DDG	BE55
0FA3	VH-DDH	GLID
0FA4	VH-DDI	P28A
0FA5	VH-DDJ	PA32
0FA6	VH-DDK	P28A
0FA7	VH-DDL	C172
0FA8	VH-DDM	P28A
0FA9	VH-DDN	C172
0FAA	VH-DDO	BOLT
0FAB	VH-DDP	S22T
0FAC	VH-DDQ	C150
0FAD	VH-DDR	MUS2
0FAE	VH-DDS	C182
0FAF	VH-DDT	P28R
0FB0	VH-DDU	M20P
0FB1	VH-DDV	C172
0FB2	VH-DDW	AT3P
0FB3	VH-DDX	P28A
0FB4	VH-DDY	AC11
0FB5	VH-DDZ	TOUR
0FC1	VH-DEB	PA22
0FC2	VH-DEC	BL8
0FC4	VH-DEE	RV6
0FC6	VH-DEG	C421
0FC8	VH-DEI	PA24
0FC9	VH-DEJ	C180
0FCA	VH-DEK	C180
0FCB	VH-DEL	DH82
0FCC	VH-DEM	BE35
0FCE	VH-DEO	C180
0FCF	VH-DEP	PA31
0FD0	VH-DEQ	PA31
0FD1	VH-DER	PA31
0FD2	VH-DES	T211
0FD3	VH-DET	C150
0FD4	VH-DEU	BE23
0FD5	VH-DEV	BE35
0FD7	VH-DEX	C182
0FD8	VH-DEY	BE33
0FD9	VH-DEZ	C172
0FE4	VH-DFA	P28T
0FE5	VH-DFB	C150
0FE7	VH-DFD	C150
0FE8	VH-DFE	C172
0FE9	VH-DFF	BE55
0FEA	VH-DFG	C172
0FEB	VH-DFH	LNCE
0FEC	VH-DFI	C150
0FED	VH-DFJ	DH82
0FEE	VH-DFK	C172
0FEF	VH-DFL	C172
0FF0	VH-DFM	C150
0FF1	VH-DFN	B06
0FF2	VH-DFO	C180
0FF3	VH-DFP	C182
0FF4	VH-DFQ	C140
0FF5	VH-DFR	R22
0FF7	VH-DFT	C172
0FF9	VH-DFV	C208
0FFA	VH-DFW	C172
0FFB	VH-DFX	C182
0FFC	VH-DFY	DEFI
0FFD	VH-DFZ	C152
1008	VH-DGA	GLID
1009	VH-DGB	P28A
100A	VH-DGC	C182
100B	VH-DGD	BE36
100C	VH-DGE	C182
100D	VH-DGF	C182
100E	VH-DGG	C182
100F	VH-DGH	PA22
1011	VH-DGJ	C172
1012	VH-DGK	C172
1013	VH-DGL	G2CA
1014	VH-DGM	C172
1017	VH-DGP	T6
1018	VH-DGQ	C182
1019	VH-DGR	C180
101A	VH-DGS	C182
101B	VH-DGT	PTS2
101C	VH-DGU	GLID
101D	VH-DGV	C150
101E	VH-DGW	RV6
101F	VH-DGX	C172
1020	VH-DGY	CT4
1021	VH-DGZ	GLID
102C	VH-DHA	DH82
102D	VH-DHB	BE33
102E	VH-DHC	PA30
1033	VH-DHH	AS50
1034	VH-DHI	DOVE
1035	VH-DHJ	BE35
1036	VH-DHK	DH82
1037	VH-DHL	BE33
1038	VH-DHM	DHA3
103A	VH-DHO	C182
103B	VH-DHP	AEST
103C	VH-DHQ	DHC2
103D	VH-DHR	DH82
103E	VH-DHS	C172
103F	VH-DHT	BE33
1040	VH-DHU	DHC1
1041	VH-DHV	DH82
1042	VH-DHW	DHC1
1043	VH-DHX	N320
1044	VH-DHY	UH1
1045	VH-DHZ	C172
1050	VH-DIA	C152
1051	VH-DIB	R44
1052	VH-DIC	AS50
1053	VH-DID	C172
1054	VH-DIE	MG15
1055	VH-DIF	C172
1056	VH-DIG	PA34
1057	VH-DIH	P210
1058	VH-DII	C182
1059	VH-DIJ	C182
105A	VH-DIK	B06
105B	VH-DIL	E120
105C	VH-DIM	C150
105D	VH-DIN	C172
105E	VH-DIO	C172
105F	VH-DIP	PTS1
1060	VH-DIQ	C150
1061	VH-DIR	C172
1062	VH-DIS	C172
1063	VH-DIT	GLIM
1065	VH-DIV	DA40
1066	VH-DIW	C182
1067	VH-DIX	C172
1068	VH-DIY	CH20
1069	VH-DIZ	C172
1074	VH-DJA	P28A
1075	VH-DJB	C172
1076	VH-DJC	C172
1077	VH-DJD	F8L
1078	VH-DJE	CH30
1079	VH-DJF	RV4
107A	VH-DJG	C208
107D	VH-DJJ	C172
107E	VH-DJK	C177
107F	VH-DJL	PA32
1080	VH-DJM	C182
1082	VH-DJO	PA38
1083	VH-DJP	C182
1085	VH-DJR	P28A
1086	VH-DJS	C206
1087	VH-DJT	RV6
1089	VH-DJV	C208
108A	VH-DJW	B06
108B	VH-DJX	PA30
108C	VH-DJY	C172
108D	VH-DJZ	C185
1098	VH-DKA	AS50
1099	VH-DKB	C172
109A	VH-DKC	C182
109B	VH-DKD	PA18
109C	VH-DKE	C182
109D	VH-DKF	C182
109E	VH-DKG	B407
109F	VH-DKH	C172
10A0	VH-DKI	C172
10A1	VH-DKJ	C172
10A2	VH-DKK	CA25
10A3	VH-DKL	C182
10A4	VH-DKM	EXEC
10A5	VH-DKN	C182
10A6	VH-DKO	C182
10A7	VH-DKP	C172
10A8	VH-DKQ	C172
10A9	VH-DKR	C182
10AA	VH-DKS	C172
10AB	VH-DKT	AS50
10AC	VH-DKU	B407
10AD	VH-DKV	C208
10AE	VH-DKW	SS2P
10AF	VH-DKX	C172
10B0	VH-DKY	C310
10B1	VH-DKZ	C150
10BC	VH-DLA	C172
10BD	VH-DLB	C180
10BF	VH-DLD	R22
10C0	VH-DLE	C172
10C1	VH-DLF	C404
10C2	VH-DLG	C150
10C3	VH-DLH	SASP
10C4	VH-DLI	C188
10C5	VH-DLJ	GLID
10C7	VH-DLL	C150
10C8	VH-DLM	C180
10C9	VH-DLN	C172
10CA	VH-DLO	A37
10CB	VH-DLP	BE23
10CC	VH-DLQ	BE33
10CD	VH-DLR	PA18
10CE	VH-DLS	S22T
10CF	VH-DLT	FOX
10D0	VH-DLU	BE35
10D1	VH-DLV	AA5
10D2	VH-DLW	BE23
10D3	VH-DLX	BE33
10D5	VH-DLZ	P32R
10E0	VH-DMA	C182
10E1	VH-DMB	C82R
10E2	VH-DMC	JAB4
10E3	VH-DMD	BE58
10E4	VH-DME	C172
10E5	VH-DMF	B407
10E6	VH-DMG	PA27
10E7	VH-DMH	PA22
10E8	VH-DMI	CT4
10E9	VH-DMJ	C150
10EA	VH-DMK	C150
10EB	VH-DML	C150
10EC	VH-DMM	C172
10ED	VH-DMN	BE58
10EE	VH-DMO	C182
10EF	VH-DMP	C172
10F0	VH-DMQ	C172
10F1	VH-DMR	R44
10F2	VH-DMS	PC24
10F3	VH-DMT	C182
10F4	VH-DMU	C150
10F6	VH-DMW	C172
10F7	VH-DMX	B427
10F8	VH-DMY	C172
10F9	VH-DMZ	C172
1104	VH-DNA	DC3
1105	VH-DNB	C182
1106	VH-DNC	GLID
1107	VH-DND	C337
1108	VH-DNE	SF25
1109	VH-DNF	C172
110A	VH-DNG	PC12
110B	VH-DNH	C172
110C	VH-DNI	C172
110D	VH-DNJ	GLAS
110E	VH-DNK	C208
110F	VH-DNL	C182
1110	VH-DNM	ACAR
1111	VH-DNN	ST75
1112	VH-DNO	LNC2
1113	VH-DNP	C210
1114	VH-DNQ	C172
1115	VH-DNR	C172
1116	VH-DNS	C172
1117	VH-DNT	C172
1118	VH-DNU	R44
1119	VH-DNV	C172
111A	VH-DNW	PA22
111B	VH-DNX	C182
111C	VH-DNY	C150
111D	VH-DNZ	R44
1129	VH-DOB	BR23
112A	VH-DOC	DH82
112B	VH-DOD	JAB4
112C	VH-DOE	PA24
112D	VH-DOF	C182
112E	VH-DOG	C182
112F	VH-DOH	GLIM
1130	VH-DOI	C172
1131	VH-DOJ	B06
1132	VH-DOK	C172
1133	VH-DOL	C172
1134	VH-DOM	C72R
1135	VH-DON	C182
1136	VH-DOO	C182
1137	VH-DOP	C182
1138	VH-DOQ	C150
1139	VH-DOR	C150
113A	VH-DOS	RS12
113B	VH-DOT	C150
113C	VH-DOU	RV10
113D	VH-DOV	C172
113E	VH-DOW	RV7
113F	VH-DOX	C172
1140	VH-DOY	C182
1141	VH-DOZ	C172
114C	VH-DPA	C172
114D	VH-DPB	BE23
114F	VH-DPD	C172
1150	VH-DPE	C172
1151	VH-DPF	C172
1152	VH-DPG	C180
1153	VH-DPH	C182
1154	VH-DPI	C182
1156	VH-DPK	JAB4
1157	VH-DPL	C182
1158	VH-DPM	C188
1159	VH-DPN	C182
115B	VH-DPP	C172
115C	VH-DPQ	C172
115D	VH-DPR	UH1
115E	VH-DPS	B06
115F	VH-DPT	T28
1160	VH-DPU	R66
1161	VH-DPV	CT4
1162	VH-DPW	C206
1164	VH-DPY	C337
1165	VH-DPZ	R44
1170	VH-DQA	R44
1171	VH-DQB	C172
1172	VH-DQC	C206
1173	VH-DQD	C182
1174	VH-DQE	P28A
1175	VH-DQF	R22
1176	VH-DQG	C182
1177	VH-DQH	R22
1179	VH-DQJ	S211
117A	VH-DQK	C172
117B	VH-DQL	C172
117C	VH-DQM	BE36
117D	VH-DQN	LA4
117E	VH-DQO	C182
1180	VH-DQQ	C182
1181	VH-DQR	R22
1182	VH-DQS	C182
1184	VH-DQU	SPIT
1185	VH-DQV	C208
1186	VH-DQW	SIDE
1187	VH-DQX	C182
1188	VH-DQY	T51
1189	VH-DQZ	C210
1194	VH-DRA	C340
1195	VH-DRB	PA24
1196	VH-DRC	BE23
1197	VH-DRD	RV10
1198	VH-DRE	H207
1199	VH-DRF	P28A
119A	VH-DRG	P28A
119B	VH-DRH	P28A
119C	VH-DRI	M7
119D	VH-DRJ	M20P
119E	VH-DRK	SR20
11A0	VH-DRM	C172
11A1	VH-DRN	C414
11A2	VH-DRO	M18
11A3	VH-DRP	R66
11A5	VH-DRR	PA23
11A6	VH-DRS	M7
11A7	VH-DRT	R22
11A8	VH-DRU	SREY
11A9	VH-DRV	RV9
11AA	VH-DRW	P28B
11AB	VH-DRX	BE33
11AC	VH-DRY	BE23
11AD	VH-DRZ	BE23
11B8	VH-DSA	GLSP
11B9	VH-DSB	SR22
11BA	VH-DSC	PA30
11BB	VH-DSD	R22
11BC	VH-DSE	A109
11BD	VH-DSF	C177
11BF	VH-DSH	PA36
11C0	VH-DSI	C182
11C1	VH-DSJ	AUS3
11C2	VH-DSK	C182
11C3	VH-DSL	C182
11C4	VH-DSM	R44
11C5	VH-DSN	C182
11C6	VH-DSO	M20T
11C7	VH-DSP	C206
11C8	VH-DSQ	C182
11C9	VH-DSR	DA42
11CA	VH-DSS	C172
11CB	VH-DST	C182
11CC	VH-DSU	C182
11CD	VH-DSV	C210
11CF	VH-DSX	C150
11D0	VH-DSY	AA5
11D1	VH-DSZ	C150
11DC	VH-DTA	R22
11DD	VH-DTB	P28T
11DE	VH-DTC	M20P
11DF	VH-DTD	C150
11E0	VH-DTE	C150
11E1	VH-DTF	PA31
11E2	VH-DTG	T210
11E3	VH-DTH	C150
11E4	VH-DTI	C150
11E5	VH-DTJ	M7
11E6	VH-DTK	PA22
11E7	VH-DTL	PA27
11E8	VH-DTM	C150
11E9	VH-DTN	C150
11EA	VH-DTO	BE36
11EB	VH-DTP	C150
11EC	VH-DTQ	BE36
11EE	VH-DTS	AS50
11EF	VH-DTT	C150
11F1	VH-DTV	MU2
11F2	VH-DTW	C150
11F3	VH-DTX	C210
11F4	VH-DTY	AS50
11F5	VH-DTZ	R44
1200	VH-DUA	AT8T
1201	VH-DUB	B06
1202	VH-DUC	L40
1204	VH-DUE	L40
1205	VH-DUF	PA32
1206	VH-DUG	TRF1
1207	VH-DUH	AE45
1208	VH-DUI	PA30
1209	VH-DUJ	AT8T
120A	VH-DUK	SREY
120B	VH-DUL	R44
120C	VH-DUM	SS2T
120D	VH-DUN	AT8T
120E	VH-DUO	RV6
120F	VH-DUP	R44
1210	VH-DUQ	AT8T
1211	VH-DUR	C150
1212	VH-DUS	B47G
1213	VH-DUT	L40
1214	VH-DUU	RV10
1215	VH-DUV	M20P
1216	VH-DUW	AT8T
1218	VH-DUY	AP22
1219	VH-DUZ	C182
1224	VH-DVA	C150
1225	VH-DVB	C150
1226	VH-DVC	C150
1227	VH-DVD	C150
1228	VH-DVE	C150
1229	VH-DVF	BE76
122A	VH-DVG	DV20
122B	VH-DVH	BE76
122C	VH-DVI	C150
122D	VH-DVJ	C150
122E	VH-DVK	C150
122F	VH-DVL	C150
1230	VH-DVM	AS50
1231	VH-DVN	C310
1232	VH-DVO	C182
1233	VH-DVP	C182
1234	VH-DVQ	C182
1235	VH-DVR	PA31
1236	VH-DVS	C208
1237	VH-DVT	C206
1238	VH-DVU	C150
1239	VH-DVV	C208
123A	VH-DVW	PA31
123B	VH-DVX	BE76
123D	VH-DVZ	C150
1248	VH-DWA	GLIM
1249	VH-DWB	SR22
124A	VH-DWC	RV6
124B	VH-DWD	DH82
124C	VH-DWE	C172
124D	VH-DWF	WBOO
124E	VH-DWG	P28R
124F	VH-DWH	P32R
1250	VH-DWI	WBOO
1251	VH-DWJ	C172
1252	VH-DWK	P28A
1253	VH-DWL	PA32
1254	VH-DWM	PA44
1255	VH-DWN	C182
1256	VH-DWO	C172
1257	VH-DWP	DH82
1258	VH-DWQ	P28A
1259	VH-DWR	P28A
125A	VH-DWS	C310
125B	VH-DWT	P28R
125C	VH-DWU	C182
125D	VH-DWV	P28A
125E	VH-DWW	P28R
125F	VH-DWX	PA31
1260	VH-DWY	C172
1261	VH-DWZ	P28A
126C	VH-DXA	EXEC
126D	VH-DXB	EXEC
126E	VH-DXC	C182
126F	VH-DXD	RV6
1270	VH-DXE	C172
1271	VH-DXF	P28A
1272	VH-DXG	P28R
1273	VH-DXH	BE33
1274	VH-DXI	R22
1275	VH-DXJ	C182
1277	VH-DXL	BL8
1278	VH-DXM	BL8
1279	VH-DXN	WISP
127A	VH-DXO	C172
127B	VH-DXP	C172
127D	VH-DXR	DA40
127E	VH-DXS	M20P
127F	VH-DXT	R44
1280	VH-DXU	BL8
1282	VH-DXW	WBOO
1283	VH-DXX	C172
1284	VH-DXY	R200
1285	VH-DXZ	BL8
1290	VH-DYA	BE23
1291	VH-DYB	BE55
1292	VH-DYC	BE35
1293	VH-DYD	PA31
1294	VH-DYE	CH20
1295	VH-DYF	BE33
1296	VH-DYG	C182
1297	VH-DYH	BE36
1298	VH-DYI	PIVI
1299	VH-DYJ	RV7
129A	VH-DYK	BE35
129B	VH-DYL	BE23
129C	VH-DYM	C172
129D	VH-DYN	BE20
129E	VH-DYO	PA18
129F	VH-DYP	VJ22
12A0	VH-DYQ	BE33
12A1	VH-DYR	B06
12A2	VH-DYS	B47G
12A3	VH-DYT	R22
12A4	VH-DYU	BE35
12A5	VH-DYV	RV9
12A6	VH-DYW	BE23
12A7	VH-DYX	BE35
12A8	VH-DYY	BE23
12A9	VH-DYZ	GLID
12B4	VH-DZA	C172
12B5	VH-DZB	C177
12B6	VH-DZC	AC50
12B7	VH-DZD	C177
12B8	VH-DZE	C172
12B9	VH-DZF	C177
12BA	VH-DZG	C177
12BB	VH-DZH	C210
12BC	VH-DZI	C177
12BD	VH-DZJ	S211
12BE	VH-DZK	C72R
12BF	VH-DZL	C182
12C0	VH-DZM	C177
12C1	VH-DZN	CC11
12C2	VH-DZO	C177
12C3	VH-DZP	C177
12C4	VH-DZQ	C208
12C5	VH-DZR	C177
12C6	VH-DZS	C177
12C7	VH-DZT	C177
12C8	VH-DZU	C310
12C9	VH-DZV	C177
12CA	VH-DZW	C172
12CB	VH-DZX	C310
12CC	VH-DZY	YK50
12CD	VH-DZZ	C208
1440	VH-EAA	C152
1441	VH-EAB	RV9
1442	VH-EAC	EAGX
1443	VH-EAD	CA25
1444	VH-EAE	DC3
1445	VH-EAF	DC3
1446	VH-EAG	CONI
1447	VH-EAH	C150
1448	VH-EAI	C150
1449	VH-EAJ	LNC4
144B	VH-EAL	C206
144C	VH-EAM	C182
144D	VH-EAN	B06
144E	VH-EAO	B06
144F	VH-EAP	C172
1450	VH-EAQ	TOUR
1451	VH-EAR	R44
1452	VH-EAS	C172
1453	VH-EAT	GLID
1454	VH-EAU	PA30
1455	VH-EAV	C150
1456	VH-EAW	P32R
1458	VH-EAY	DC4
1464	VH-EBA	A332
1465	VH-EBB	A332
1466	VH-EBC	A332
1467	VH-EBD	A332
1468	VH-EBE	A332
1469	VH-EBF	A332
146A	VH-EBG	A332
146D	VH-EBJ	A332
146E	VH-EBK	A332
146F	VH-EBL	A332
1470	VH-EBM	A332
1471	VH-EBN	A332
1472	VH-EBO	A332
1473	VH-EBP	A332
1474	VH-EBQ	A332
1475	VH-EBR	A332
1476	VH-EBS	A332
1478	VH-EBU	A600
1479	VH-EBV	A332
1488	VH-ECA	C152
1489	VH-ECB	PA31
148B	VH-ECD	DV20
148C	VH-ECE	RV6
148D	VH-ECF	C421
148E	VH-ECG	BE36
148F	VH-ECH	JAB4
1490	VH-ECI	TOUR
1491	VH-ECJ	C210
1492	VH-ECK	R44
1493	VH-ECL	BE58
1494	VH-ECM	C172
1495	VH-ECN	PA18
1496	VH-ECO	VM1
1497	VH-ECP	EC20
1499	VH-ECR	PA24
149A	VH-ECS	C210
149B	VH-ECT	SR22
149C	VH-ECU	C172
149D	VH-ECV	C185
149E	VH-ECW	C206
149F	VH-ECX	PA22
14A0	VH-ECY	R66
14A1	VH-ECZ	C150
14AC	VH-EDA	CA25
14AD	VH-EDB	P28B
14AE	VH-EDC	BE55
14AF	VH-EDD	C172
14B0	VH-EDE	C210
14B1	VH-EDF	ACAR
14B2	VH-EDG	AT8T
14B3	VH-EDH	SR22
14B4	VH-EDI	DH82
14B5	VH-EDJ	JAB4
14B6	VH-EDK	C310
14B7	VH-EDL	JAB4
14B8	VH-EDM	PA24
14B9	VH-EDN	BE24
14BA	VH-EDO	AEST
14BB	VH-EDP	EC20
14BD	VH-EDR	BE58
14BE	VH-EDS	PA30
14C0	VH-EDU	AA1
14C1	VH-EDV	PA31
14C2	VH-EDW	PA30
14C3	VH-EDX	R44
14C4	VH-EDY	LA4
14C5	VH-EDZ	C210
14D0	VH-EEA	C172
14D1	VH-EEB	R22
14D2	VH-EEC	H269
14D3	VH-EED	C206
14D4	VH-EEE	C550
14D5	VH-EEF	C172
14D7	VH-EEH	C210
14D8	VH-EEI	DH82
14DA	VH-EEK	BE33
14DB	VH-EEL	BE20
14DC	VH-EEM	R44
14DD	VH-EEN	C172
14DE	VH-EEO	C210
14DF	VH-EEP	C172
14E0	VH-EEQ	R44
14E1	VH-EER	R44
14E3	VH-EET	SR22
14E4	VH-EEU	AS50
14E6	VH-EEW	C182
14E8	VH-EEY	ST75
14E9	VH-EEZ	CH7A
14F4	VH-EFA	SR22
14F5	VH-EFB	SR22
14F6	VH-EFC	C172
14F7	VH-EFD	C172
14F8	VH-EFE	C172
14F9	VH-EFF	C172
14FA	VH-EFG	C172
14FB	VH-EFH	A109
14FC	VH-EFI	DA40
14FD	VH-EFJ	C177
14FE	VH-EFK	C182
14FF	VH-EFL	COL3
1500	VH-EFM	C182
1502	VH-EFO	G2CA
1503	VH-EFP	C210
1504	VH-EFQ	C172
1505	VH-EFR	B763
1506	VH-EFS	SR22
1507	VH-EFT	AS50
1508	VH-EFU	T28
1509	VH-EFV	P28B
150A	VH-EFW	FA24
150B	VH-EFX	RV7
150C	VH-EFY	C182
150D	VH-EFZ	DH82
1518	VH-EGA	PA27
1519	VH-EGB	C210
151A	VH-EGC	WACC
151B	VH-EGD	B06
151C	VH-EGE	R22
151D	VH-EGF	A139
151E	VH-EGG	C206
151F	VH-EGH	AS50
1520	VH-EGI	AS50
1521	VH-EGJ	AS50
1522	VH-EGK	A139
1523	VH-EGL	C172
1524	VH-EGM	SREY
1525	VH-EGN	R22
1526	VH-EGO	C172
1527	VH-EGP	SONX
1528	VH-EGQ	R22
1529	VH-EGR	R22
152A	VH-EGS	H269
152B	VH-EGT	RODS
152C	VH-EGU	AS50
152D	VH-EGV	C210
152E	VH-EGW	C210
1530	VH-EGY	YK52
1531	VH-EGZ	C182
153C	VH-EHA	EC20
153D	VH-EHB	C182
153E	VH-EHC	C182
153F	VH-EHD	RV6
1540	VH-EHE	C182
1541	VH-EHF	C182
1542	VH-EHG	C182
1543	VH-EHH	R22
1544	VH-EHI	C182
1545	VH-EHJ	AS50
1546	VH-EHK	P28R
1547	VH-EHL	P28A
1548	VH-EHM	C82R
1549	VH-EHN	BE55
154A	VH-EHO	C172
154B	VH-EHP	J1
154C	VH-EHQ	BK17
154D	VH-EHR	PA25
154E	VH-EHS	SLG4
154F	VH-EHT	C182
1550	VH-EHU	C182
1551	VH-EHV	R44
1552	VH-EHW	C182
1553	VH-EHX	C182
1554	VH-EHY	EC30
1555	VH-EHZ	SR22
1560	VH-EIA	C182
1561	VH-EIB	C172
1562	VH-EIC	C210
1563	VH-EID	B350
1564	VH-EIE	DH82
1566	VH-EIG	SR22
1567	VH-EIH	R22
1568	VH-EII	C150
1569	VH-EIJ	AS50
156A	VH-EIK	LNC2
156B	VH-EIL	C182
156C	VH-EIM	C182
156D	VH-EIN	DR1
156E	VH-EIO	C182
156F	VH-EIP	C182
1571	VH-EIR	C172
1572	VH-EIS	C150
1573	VH-EIT	C177
1574	VH-EIU	C172
1576	VH-EIW	C172
1577	VH-EIX	RV9
1578	VH-EIY	C208
1579	VH-EIZ	C182
1584	VH-EJA	T210
1585	VH-EJB	C77R
1587	VH-EJD	JABI
1589	VH-EJF	P28A
158A	VH-EJG	CH30
158B	VH-EJH	P28A
158C	VH-EJI	C77R
158D	VH-EJJ	SA02
158E	VH-EJK	AT8T
158F	VH-EJL	UH1
1590	VH-EJM	SREY
1591	VH-EJN	C172
1592	VH-EJO	C172
1593	VH-EJP	J1
1594	VH-EJQ	C172
1595	VH-EJR	C172
1596	VH-EJS	C172
1597	VH-EJT	C25A
1598	VH-EJU	R44
1599	VH-EJV	BE10
159A	VH-EJW	C182
159B	VH-EJX	R44
159C	VH-EJY	SLG2
159D	VH-EJZ	B06
15A8	VH-EKA	ECHO
15A9	VH-EKB	PA24
15AA	VH-EKC	P28A
15AC	VH-EKE	AS50
15AE	VH-EKG	B190
15AF	VH-EKH	SF34
15B0	VH-EKI	MG15
15B1	VH-EKJ	C206
15B2	VH-EKK	RV6
15B3	VH-EKL	C150
15B4	VH-EKM	C185
15B6	VH-EKO	C150
15B8	VH-EKQ	C177
15B9	VH-EKR	C177
15BA	VH-EKS	DIMO
15BC	VH-EKU	C172
15BD	VH-EKV	C172
15BF	VH-EKX	SF34
15C0	VH-EKY	C182
15C1	VH-EKZ	C172
15CC	VH-ELA	VO10
15CD	VH-ELB	C210
15CE	VH-ELC	AS50
15CF	VH-ELD	P28R
15D0	VH-ELE	R22
15D1	VH-ELF	B06
15D2	VH-ELG	RV7
15D4	VH-ELI	LA60
15D5	VH-ELJ	NNJA
15D6	VH-ELK	PA22
15D7	VH-ELL	C172
15D8	VH-ELM	PA24
15D9	VH-ELN	PA18
15DA	VH-ELO	HR10
15DB	VH-ELP	AS55
15DC	VH-ELQ	C185
15DD	VH-ELR	AS50
15DE	VH-ELS	C210
15DF	VH-ELT	R22
15E0	VH-ELU	RV10
15E1	VH-ELV	DA40
15E2	VH-ELW	C182
15E3	VH-ELX	R22
15E4	VH-ELY	B47G
15E5	VH-ELZ	ALIG
15F0	VH-EMA	M4
15F1	VH-EMB	M7
15F2	VH-EMC	P28A
15F4	VH-EME	CH75
15F5	VH-EMF	RV6
15F6	VH-EMG	RV6
15F8	VH-EMI	B190
15F9	VH-EMJ	BE9L
15FB	VH-EML	RV6
15FC	VH-EMM	PA23
15FD	VH-EMN	C340
15FE	VH-EMO	C550
15FF	VH-EMP	BE58
1600	VH-EMQ	FU24
1601	VH-EMR	C177
1602	VH-EMS	BK17
1603	VH-EMT	P28A
1604	VH-EMU	P28A
1605	VH-EMV	L200
1606	VH-EMW	PA22
1607	VH-EMX	R22
1608	VH-EMY	RV12
1609	VH-EMZ	BE58
1614	VH-ENA	C182
1615	VH-ENB	EN28
1616	VH-ENC	AS50
1617	VH-END	DA40
1618	VH-ENE	A109
1619	VH-ENF	C185
161A	VH-ENG	L40
161B	VH-ENH	R22
161C	VH-ENI	MUS2
161D	VH-ENJ	SLG4
161E	VH-ENK	C150
161F	VH-ENL	P28A
1620	VH-ENM	EN28
1621	VH-ENN	C182
1623	VH-ENP	P28A
1624	VH-ENQ	C172
1625	VH-ENR	B47G
1626	VH-ENS	C150
1627	VH-ENT	C404
1628	VH-ENU	BE33
1629	VH-ENV	CH60
162A	VH-ENW	R22
162B	VH-ENX	AS50
162C	VH-ENY	C172
162D	VH-ENZ	BE36
1639	VH-EOB	DOVE
163A	VH-EOC	C210
163B	VH-EOD	C172
163C	VH-EOE	C172
163D	VH-EOF	B06
163E	VH-EOG	AT8T
163F	VH-EOH	PA24
1640	VH-EOI	ACAR
1641	VH-EOJ	BE33
1642	VH-EOK	C172
1643	VH-EOL	GY80
1644	VH-EOM	P28A
1645	VH-EON	PA22
1646	VH-EOO	C172
1647	VH-EOP	C172
1648	VH-EOQ	C172
1649	VH-EOR	C172
164A	VH-EOS	DIMO
164B	VH-EOT	C172
164C	VH-EOU	C172
164D	VH-EOV	C172
164E	VH-EOW	FU24
164F	VH-EOX	C172
1650	VH-EOY	C206
1651	VH-EOZ	C172
165C	VH-EPA	PUP
165D	VH-EPB	C172
165E	VH-EPC	GLIM
165F	VH-EPD	C172
1662	VH-EPG	S22T
1663	VH-EPH	B412
1664	VH-EPI	PUP
1666	VH-EPK	B412
1667	VH-EPL	C206
1668	VH-EPM	C337
1669	VH-EPN	EP9
166B	VH-EPP	C182
166C	VH-EPQ	SLG4
166D	VH-EPR	B412
166E	VH-EPS	SLG4
166F	VH-EPT	GLIM
1672	VH-EPW	C188
1673	VH-EPX	P68
1674	VH-EPY	SLG2
1675	VH-EPZ	SLG4
1680	VH-EQA	TOUR
1683	VH-EQD	PA27
1684	VH-EQE	GA20
1685	VH-EQF	DA40
1686	VH-EQG	TOUR
1687	VH-EQH	DA40
1688	VH-EQI	LA4
1689	VH-EQJ	DA40
168A	VH-EQK	DA40
168B	VH-EQL	DA40
168C	VH-EQM	PA30
168D	VH-EQN	DA40
168E	VH-EQO	DA40
168F	VH-EQP	AS50
1690	VH-EQQ	PA24
1691	VH-EQR	FU24
1692	VH-EQS	PA30
1693	VH-EQT	B06
1694	VH-EQU	C441
1695	VH-EQV	DA40
1696	VH-EQW	UH1
1697	VH-EQX	DA40
1699	VH-EQZ	C421
16A4	VH-ERA	CH7B
16A5	VH-ERB	BE36
16A6	VH-ERC	ERCO
16A7	VH-ERD	RV8
16A8	VH-ERE	DA40
16A9	VH-ERF	M20P
16AA	VH-ERG	M20P
16AB	VH-ERH	R44
16AC	VH-ERI	R44
16AD	VH-ERJ	M20P
16AE	VH-ERK	M20P
16AF	VH-ERL	M20P
16B0	VH-ERM	C206
16B1	VH-ERN	C172
16B2	VH-ERO	AA1
16B3	VH-ERP	AA5
16B4	VH-ERQ	RV7
16B5	VH-ERR	P28A
16B8	VH-ERU	C210
16B9	VH-ERV	C180
16BA	VH-ERW	PA18
16BB	VH-ERX	M20P
16BD	VH-ERZ	M20P
16C8	VH-ESA	C172
16C9	VH-ESB	B412
16CA	VH-ESC	AA5
16CB	VH-ESD	B412
16CC	VH-ESE	C185
16CD	VH-ESF	P28A
16CE	VH-ESG	R22
16CF	VH-ESH	A139
16D0	VH-ESI	EUPA
16D1	VH-ESJ	R66
16D2	VH-ESK	R44
16D3	VH-ESL	PA30
16D4	VH-ESM	LJ35
16D6	VH-ESO	C172
16D7	VH-ESP	AT5T
16D8	VH-ESQ	C172
16D9	VH-ESR	C182
16DA	VH-ESS	C182
16DB	VH-EST	GLIM
16DC	VH-ESU	C206
16DD	VH-ESV	RV10
16DE	VH-ESW	LJ35
16DF	VH-ESX	AT5T
16E0	VH-ESY	PA34
16E1	VH-ESZ	A139
16ED	VH-ETB	CC11
16EE	VH-ETC	PL2
16F0	VH-ETE	R22
16F1	VH-ETF	C208
16F2	VH-ETG	J3
16F3	VH-ETH	C182
16F4	VH-ETI	P28A
16F5	VH-ETJ	T18
16F6	VH-ETK	AA1
16F7	VH-ETL	RV7
16F8	VH-ETM	AA1
16F9	VH-ETN	AA5
16FA	VH-ETO	AA5
16FB	VH-ETP	P32R
16FC	VH-ETQ	AA5
16FD	VH-ETR	AA1
16FE	VH-ETS	AA1
16FF	VH-ETT	RV12
1700	VH-ETU	AA5
1701	VH-ETV	CT4
1702	VH-ETW	PA31
1703	VH-ETX	YK52
1704	VH-ETY	LA4
1705	VH-ETZ	R22
1711	VH-EUB	BE36
1712	VH-EUC	R44
1713	VH-EUD	J1
1714	VH-EUE	C172
1715	VH-EUF	BE33
1716	VH-EUG	PTS2
1717	VH-EUH	C172
1718	VH-EUI	C172
1719	VH-EUJ	C150
171B	VH-EUL	C182
171C	VH-EUM	R66
171D	VH-EUN	C182
171E	VH-EUO	FU24
171F	VH-EUP	C182
1720	VH-EUQ	C182
1721	VH-EUR	EC30
1722	VH-EUS	BE24
1723	VH-EUT	C206
1724	VH-EUU	DA40
1726	VH-EUW	C206
1727	VH-EUX	SREY
1728	VH-EUY	C182
1729	VH-EUZ	BE55
1734	VH-EVA	GLAS
1735	VH-EVB	C207
1736	VH-EVC	C182
1737	VH-EVD	BE23
1738	VH-EVE	SA02
1739	VH-EVF	RV9
173A	VH-EVG	GLAS
173B	VH-EVH	RV4
173C	VH-EVI	MAJR
173D	VH-EVJ	SR22
173E	VH-EVK	EVSS
173F	VH-EVL	P28B
1742	VH-EVO	C188
1744	23-8796	AP22
1745	VH-EVR	C172
1746	VH-EVS	PA30
1747	VH-EVT	PA38
1748	VH-EVU	R22
1749	VH-EVV	GLID
174A	VH-EVW	D18
174B	VH-EVX	EVSS
174C	VH-EVY	C172
174D	VH-EVZ	RV7
1758	VH-EWA	B412
1759	VH-EWB	F2TH
175A	VH-EWC	C172
175B	VH-EWD	R44
175C	VH-EWE	T18
175D	VH-EWF	C172
175E	VH-EWG	BE20
1760	VH-EWI	B06
1761	VH-EWJ	BE20
1763	VH-EWL	BE76
1764	VH-EWM	R44
1765	VH-EWN	C152
1766	VH-EWO	R44
1767	VH-EWP	BL8
1768	VH-EWQ	B350
1769	VH-EWR	DH82
176A	VH-EWS	RV7
176C	VH-EWU	C172
176D	VH-EWV	BL8
176E	VH-EWW	C172
176F	VH-EWX	C172
1770	VH-EWY	SW4
1771	VH-EWZ	RBEL
177C	VH-EXA	A139
177D	VH-EXB	R22
177E	VH-EXC	AC50
177F	VH-EXD	R44
1780	VH-EXE	B06
1781	VH-EXF	AC50
1782	VH-EXG	C680
1783	VH-EXH	A139
1784	VH-EXI	A139
1785	VH-EXJ	A139
1786	VH-EXK	A139
1787	VH-EXL	VO10
1789	VH-EXN	AP22
178A	VH-EXO	PTS1
178B	VH-EXP	GLAS
178D	VH-EXR	E300
178E	VH-EXS	P32R
1790	VH-EXU	B407
1791	VH-EXV	B407
1793	VH-EXX	PTS1
1794	VH-EXY	B407
1795	VH-EXZ	B763
17A0	VH-EYA	RV7
17A1	VH-EYB	ST75
17A2	VH-EYC	ST75
17A3	VH-EYD	R44
17A4	VH-EYE	RV7
17A5	VH-EYF	PA31
17A6	VH-EYG	BE80
17A7	VH-EYH	BE58
17A8	VH-EYI	R22
17A9	VH-EYJ	C550
17AB	VH-EYL	C82R
17AC	VH-EYM	P28R
17AD	VH-EYN	COL4
17AE	VH-EYO	C188
17B0	VH-EYQ	F406
17B1	VH-EYR	C207
17B2	VH-EYS	SR22
17B3	VH-EYT	TAIL
17B4	VH-EYU	C150
17B5	VH-EYV	ST75
17B8	VH-EYY	BE36
17B9	VH-EYZ	SR22
17C4	VH-EZA	R44
17C7	VH-EZD	BE58
17C8	VH-EZE	LGEZ
17C9	VH-EZF	BE55
17CA	VH-EZG	SR22
17CB	VH-EZH	VEZE
17CC	VH-EZI	LNC2
17CD	VH-EZJ	A139
17CE	VH-EZK	LGEZ
17CF	VH-EZL	LGEZ
17D0	VH-EZM	RV3
17D1	VH-EZN	BE58
17D2	VH-EZO	R22
17D3	VH-EZP	VEZE
17D4	VH-EZQ	RV6
17D5	VH-EZR	BE58
17D6	VH-EZS	LGEZ
17D8	VH-EZU	BE36
17D9	VH-EZV	VEZE
17DA	VH-EZW	BE36
17DB	VH-EZX	VEZE
17DC	VH-EZY	BE36
17E8	VH-FAA	P32R
17EA	VH-FAC	O1
17EB	VH-FAD	PA23
1830	VH-E2A	E290
1831	VH-E2B	E290
1832	VH-EZC	E290
1833	VH-E2D	E290
184C	VH-E22	R22
1924	VH-E82	PA44
1925	VH-E83	PA44
192C	VH-E9A	E190
192E	VH-E9C	E190
1954	VH-FAE	C182
1955	VH-FAF	M20P
1956	VH-FAG	DH82
1957	VH-FAH	DH82
1958	VH-FAI	AT3T
195A	VH-FAK	RV6
195B	VH-FAL	PA46
195C	VH-FAM	C152
195D	VH-FAN	R22
195E	VH-FAO	AT6T
195F	VH-FAP	P68
1960	VH-FAQ	BE20
1961	VH-FAR	P28B
1962	VH-FAS	DH82
1963	VH-FAT	R22
1964	VH-FAU	B47G
1965	VH-FAV	C172
1967	VH-FAX	B06
1969	VH-FAZ	P68
1974	VH-FBA	G164
1975	VH-FBB	PA25
1976	VH-FBC	YA1
1977	VH-FBD	C172
1978	VH-FBE	GLID
1979	VH-FBF	P28A
197A	VH-FBG	C182
197B	VH-FBH	H269
197C	VH-FBI	PA25
197D	VH-FBJ	BU31
197E	VH-FBK	P28A
197F	VH-FBL	C172
1980	VH-FBM	C310
1981	VH-FBN	PA25
1982	VH-FBO	DH82
1983	VH-FBP	CH7A
1984	VH-FBQ	AS50
1985	VH-FBR	R44
1987	VH-FBT	SR22
1988	VH-FBU	FW44
1989	VH-FBV	R22
198A	VH-FBW	BE23
198B	VH-FBX	AT8T
198C	VH-FBY	AT8T
198D	VH-FBZ	AT8T
1998	VH-FCA	R44
199A	VH-FCC	C172
199C	VH-FCE	CJ6
199D	VH-FCF	CJ6
199E	VH-FCG	R44
199F	VH-FCH	R44
19A0	VH-FCI	C72R
19A1	VH-FCJ	C182
19A2	VH-FCK	R22
19A3	VH-FCL	EUPA
19A4	VH-FCM	C172
19A5	VH-FCN	SS2P
19A6	VH-FCO	AT8T
19A7	VH-FCP	C182
19A8	VH-FCQ	R66
19A9	VH-FCR	P28A
19AA	VH-FCS	C501
19AB	VH-FCT	BE36
19AC	VH-FCU	R44
19AD	VH-FCV	C72R
19AE	VH-FCW	C82R
19B0	VH-FCY	CJ6
19B1	VH-FCZ	C414
19BC	VH-FDA	B350
19BD	VH-FDB	B350
19BE	VH-FDC	B350
19BF	VH-FDD	B350
19C0	VH-FDE	PC12
19C1	VH-FDF	B350
19C2	VH-FDG	BE20
19C3	VH-FDH	C180
19C4	VH-FDI	BE20
19C5	VH-FDJ	PC12
19C6	VH-FDK	PC12
19C7	VH-FDL	BE20
19C8	VH-FDM	BE20
19C9	VH-FDN	B350
19CA	VH-FDO	BE20
19CC	VH-FDQ	PA31
19CD	VH-FDR	B350
19CE	VH-FDS	BE20
19CF	VH-FDT	BE20
19D0	VH-FDU	DHA3
19D1	VH-FDV	BE65
19D2	VH-FDW	B350
19D3	VH-FDX	BE95
19D4	VH-FDY	PA32
19D5	VH-FDZ	BE20
19E0	VH-FEA	C172
19E1	VH-FEB	AT3P
19E2	VH-FEC	AT5T
19E3	VH-FED	AT8T
19E4	VH-FEE	PA46
19E5	VH-FEF	P28A
19E6	VH-FEG	C206
19E7	VH-FEH	C182
19E8	VH-FEI	AT3P
19EA	VH-FEK	TB20
19EB	VH-FEL	BE36
19EC	VH-FEM	BE55
19ED	VH-FEN	C206
19EE	VH-FEO	CVLT
19EF	VH-FEP	AT8T
19F1	VH-FER	AT5T
19F2	VH-FES	P28A
19F3	VH-FET	C182
19F4	VH-FEU	PA36
19F5	VH-FEV	P28A
19F6	VH-FEW	C150
19F7	VH-FEX	PA36
19F9	VH-FEZ	P28A
1A04	VH-FFA	C310
1A05	VH-FFB	AT8T
1A06	VH-FFC	C185
1A07	VH-FFD	P28A
1A08	VH-FFE	PA24
1A0A	VH-FFG	PA34
1A0B	VH-FFH	C172
1A0E	VH-FFK	P28A
1A0F	VH-FFL	P28T
1A10	VH-FFM	AT8T
1A12	VH-FFO	G109
1A13	VH-FFP	G109
1A14	VH-FFQ	G109
1A15	VH-FFR	GLID
1A16	VH-FFS	AT5T
1A17	VH-FFT	FOX
1A18	VH-FFU	AT8T
1A1A	VH-FFW	PTS1
1A1B	VH-FFX	AT5T
1A1C	VH-FFY	CP10
1A1D	VH-FFZ	SLG2
1A28	VH-FGA	FOUG
1A29	VH-FGB	F100
1A2B	VH-FGD	BE36
1A2C	VH-FGE	P28S
1A2D	VH-FGF	C185
1A2E	VH-FGG	P32R
1A2F	VH-FGH	GA8
1A31	VH-FGJ	GLEX
1A33	VH-FGL	SUBA
1A34	VH-FGM	PC12
1A36	VH-FGO	AT8T
1A37	VH-FGP	SR22
1A38	VH-FGQ	C208
1A39	VH-FGR	PC12
1A3A	VH-FGS	PC12
1A3B	VH-FGT	PC12
1A3C	VH-FGU	FOUG
1A3E	VH-FGW	T210
1A3F	VH-FGX	C210
1A40	VH-FGY	C210
1A4C	VH-FHA	AT6T
1A4D	VH-FHB	BK17
1A4E	VH-FHC	PA18
1A4F	VH-FHD	BK17
1A50	VH-FHE	AT5T
1A51	VH-FHF	BK17
1A52	VH-FHG	C210
1A53	VH-FHH	C182
1A54	VH-FHI	AT8T
1A55	VH-FHJ	PA31
1A56	VH-FHK	R44
1A57	VH-FHL	C182
1A58	VH-FHM	C182
1A5A	VH-FHO	BK17
1A5B	VH-FHP	DW1
1A5C	VH-FHQ	PA31
1A5D	VH-FHR	R22
1A5E	VH-FHS	B06
1A5F	VH-FHT	PA27
1A60	VH-FHU	HR10
1A62	VH-FHW	B06
1A63	VH-FHX	B06
1A65	VH-FHZ	BK17
1A70	VH-FIA	PA31
1A71	VH-FIB	C185
1A72	VH-FIC	PA32
1A73	VH-FID	BE18
1A75	VH-FIF	SR22
1A76	VH-FIG	GLIM
1A77	VH-FIH	PA34
1A78	VH-FII	DA42
1A79	VH-FIJ	PA27
1A7A	VH-FIK	BL8
1A7B	VH-FIL	M18
1A7C	VH-FIM	BE36
1A7D	VH-FIN	AT5T
1A7E	VH-FIO	RV10
1A7F	VH-FIP	B06
1A80	VH-FIQ	GLAS
1A82	VH-FIS	L39
1A83	VH-FIT	R44
1A85	VH-FIV	ACAR
1A86	VH-FIW	BE20
1A87	VH-FIX	B350
1A88	VH-FIY	B350
1A89	VH-FIZ	B350
1A94	VH-FJA	SUBA
1A95	VH-FJB	B06
1A96	VH-FJC	B06
1A97	VH-FJD	SR22
1A99	VH-FJF	BE33
1A9A	VH-FJG	SUBA
1A9B	VH-FJH	SUBA
1A9C	VH-FJI	SUBA
1A9D	VH-FJJ	SUBA
1A9E	VH-FJK	C206
1A9F	VH-FJL	SUBA
1AA0	VH-FJM	SUBA
1AA1	VH-FJN	R44
1AA2	VH-FJO	C172
1AA4	VH-FJQ	FA50
1AA5	VH-FJR	B06
1AA6	VH-FJS	GLIM
1AA7	VH-FJT	SS2P
1AA8	VH-FJU	SUBA
1AA9	VH-FJV	SUBA
1AAA	VH-FJW	VAMP
1AAB	VH-FJX	SUBA
1AAC	VH-FJY	SUBA
1AAD	VH-FJZ	SUBA
1AB8	VH-FKA	F100
1AB9	VH-FKB	BE20
1ABA	VH-FKC	F100
1ABB	VH-FKD	F100
1ABC	VH-FKE	CC11
1ABD	VH-FKF	F100
1ABE	VH-FKG	F100
1ABF	VH-FKH	C414
1AC0	VH-FKI	BE58
1AC1	VH-FKJ	F100
1AC2	VH-FKK	F100
1AC3	VH-FKL	C152
1AC4	VH-FKM	BL8
1AC5	VH-FKN	P28A
1AC7	VH-FKP	AP22
1AC8	VH-FKQ	BL8
1AC9	VH-FKR	KR2
1ACA	VH-FKS	PTS1
1ACB	VH-FKT	B06
1ACC	VH-FKU	P28A
1ACF	VH-FKX	B763
1AD0	VH-FKY	RODS
1AD1	VH-FKZ	B505
1ADC	VH-FLA	RV9
1ADD	VH-FLB	FU24
1ADE	VH-FLC	DHC1
1ADF	VH-FLD	AT5T
1AE0	VH-FLE	AT3T
1AE1	VH-FLF	FLE2
1AE2	VH-FLG	PA24
1AE3	VH-FLH	AT5T
1AE5	VH-FLJ	R44
1AE6	VH-FLK	SF25
1AE7	VH-FLL	C208
1AE8	VH-FLM	BE95
1AE9	VH-FLN	C310
1AEA	VH-FLO	GLAS
1AEC	VH-FLQ	PA38
1AEE	VH-FLS	C180
1AEF	VH-FLT	C150
1AF0	VH-FLU	C185
1AF1	VH-FLV	P28A
1AF2	VH-FLW	C172
1AF4	VH-FLY	TRF1
1AF5	VH-FLZ	BE58
1B00	VH-FMA	PA44
1B02	VH-FMC	RV9
1B03	VH-FMD	BE36
1B04	VH-FME	TOUR
1B05	VH-FMF	AS50
1B06	VH-FMG	GL7T
1B07	VH-FMH	S22T
1B08	VH-FMI	C152
1B09	VH-FMJ	FU24
1B0A	VH-FMK	ACRO
1B0B	VH-FML	PA31
1B0C	VH-FMM	PC12
1B0D	VH-FMN	BL8
1B0E	VH-FMO	PA31
1B0F	VH-FMP	PC24
1B10	VH-FMQ	C441
1B11	VH-FMR	BL8
1B12	VH-FMS	BE55
1B13	VH-FMT	C210
1B14	VH-FMU	PA31
1B15	VH-FMV	AT5T
1B16	VH-FMW	PC12
1B17	VH-FMX	C208
1B18	VH-FMY	BE36
1B19	VH-FMZ	C510
1B24	VH-FNA	AT8T
1B25	VH-FNB	T206
1B26	VH-FNC	F100
1B27	VH-FND	R44
1B28	VH-FNE	RV14
1B29	VH-FNF	R44
1B2A	VH-FNG	DA40
1B2B	VH-FNH	PC12
1B2C	VH-FNI	C510
1B2D	VH-FNJ	F100
1B2E	VH-FNK	P28S
1B2F	VH-FNL	AT5T
1B30	VH-FNM	C190
1B31	VH-FNN	F100
1B33	VH-FNP	AT5T
1B34	VH-FNQ	EC20
1B35	VH-FNR	F100
1B36	VH-FNS	BE17
1B37	VH-FNT	F100
1B39	VH-FNV	A660
1B3A	VH-FNW	C182
1B3B	VH-FNX	AT5T
1B3C	VH-FNY	PC12
1B3D	VH-FNZ	R44
1B48	VH-FOA	R44
1B49	VH-FOB	C172
1B4A	VH-FOC	C210
1B4B	VH-FOD	P28A
1B4C	VH-FOE	SR20
1B4D	VH-FOF	R44
1B4E	VH-FOG	BE36
1B4F	VH-FOH	SR22
1B50	VH-FOI	A119
1B51	VH-FOJ	BE20
1B52	VH-FOK	C210
1B53	VH-FOL	SR20
1B55	VH-FON	BE20
1B56	VH-FOO	PA25
1B57	VH-FOP	B06
1B58	VH-FOQ	PTS1
1B59	VH-FOR	UH12
1B5A	VH-FOS	M18
1B5B	VH-FOT	SR22
1B5C	VH-FOU	RV4
1B5D	VH-FOV	C208
1B5E	VH-FOW	PA44
1B5F	VH-FOX	A169
1B60	VH-FOY	PTS1
1B61	VH-FOZ	RV9
1B6C	VH-FPA	C172
1B6D	VH-FPB	G164
1B6E	VH-FPC	C172
1B6F	VH-FPD	C182
1B70	VH-FPE	SA7
1B71	VH-FPF	PA18
1B72	VH-FPG	P28R
1B73	VH-FPH	P28A
1B74	VH-FPI	PA44
1B75	VH-FPJ	P28R
1B76	VH-FPK	PA18
1B77	VH-FPL	BL8
1B78	VH-FPM	PA18
1B79	VH-FPN	PA18
1B7A	VH-FPO	GLST
1B7B	VH-FPP	DA40
1B7C	VH-FPQ	M20P
1B7D	VH-FPR	BL8
1B7E	VH-FPS	P28A
1B7F	VH-FPT	C172
1B80	VH-FPU	C150
1B81	VH-FPV	C172
1B82	VH-FPW	EAGX
1B83	VH-FPX	BK17
1B84	VH-FPY	EAGX
1B85	VH-FPZ	BK17
1B90	VH-FQA	GLID
1B91	VH-FQB	GLID
1B92	VH-FQC	GLID
1B93	VH-FQD	GLID
1B94	VH-FQE	DA40
1B95	VH-FQF	GLIM
1B97	VH-FQH	GLID
1B98	VH-FQI	GLID
1B99	VH-FQJ	DA40
1B9A	VH-FQK	GLID
1B9B	VH-FQL	GLID
1B9C	VH-FQM	GLID
1B9D	VH-FQN	GLID
1B9E	VH-FQO	GLID
1B9F	VH-FQP	GLID
1BA0	VH-FQQ	GLID
1BA1	VH-FQR	GLID
1BA2	VH-FQS	GLID
1BA3	VH-FQT	GLID
1BA4	VH-FQU	GLID
1BA5	VH-FQV	GLID
1BA6	VH-FQW	SF25
1BA7	VH-FQX	SF25
1BA8	VH-FQY	G109
1BA9	VH-FQZ	G109
1BB4	VH-FRA	MUS2
1BB5	VH-FRB	FB1A
1BB6	VH-FRC	AT3P
1BB9	VH-FRF	P28A
1BBA	VH-FRG	EXPR
1BBB	VH-FRH	A119
1BBC	VH-FRI	YK52
1BBD	VH-FRJ	C172
1BBE	VH-FRK	RV4
1BBF	VH-FRL	R44
1BC0	VH-FRM	C182
1BC2	VH-FRO	M20P
1BC3	VH-FRP	EC20
1BC4	VH-FRQ	C206
1BC5	VH-FRR	C182
1BC6	VH-FRS	C172
1BC8	VH-FRU	C150
1BC9	VH-FRV	RV6
1BCA	VH-FRW	BE36
1BCD	VH-FRZ	AT3P
1BD8	VH-FSA	C337
1BD9	VH-FSB	M18
1BDA	VH-FSC	SR20
1BDB	VH-FSD	P28R
1BDC	VH-FSE	C182
1BDD	VH-FSF	SR22
1BDE	VH-FSG	M5
1BDF	VH-FSH	P68
1BE0	VH-FSI	RV8
1BE1	VH-FSJ	PA25
1BE2	VH-FSK	MUS2
1BE3	VH-FSL	R22
1BE4	VH-FSM	RV6
1BE5	VH-FSN	C150
1BE6	VH-FSO	PA34
1BE7	VH-FSP	EN28
1BE8	VH-FSQ	F100
1BEA	VH-FSS	DH82
1BEB	VH-FST	P51
1BEC	VH-FSU	Y18T
1BED	VH-FSV	AT3T
1BEE	VH-FSW	F100
1BEF	VH-FSX	RV8
1BF0	VH-FSY	C150
1BFC	VH-FTA	BL8
1BFD	VH-FTB	DW1
1BFE	VH-FTC	C170
1BFF	VH-FTD	H269
1C00	VH-FTE	JAB4
1C02	VH-FTG	PA38
1C03	VH-FTH	P28R
1C04	VH-FTI	PA38
1C05	VH-FTJ	PA27
1C06	VH-FTK	JAB4
1C07	VH-FTL	PA22
1C08	VH-FTM	C210
1C09	VH-FTN	PA38
1C0A	VH-FTO	P32R
1C0B	VH-FTP	PA32
1C0D	VH-FTR	H269
1C0E	VH-FTS	CA25
1C0F	VH-FTT	C208
1C10	VH-FTU	P28A
1C11	VH-FTV	P32R
1C12	VH-FTW	BE55
1C13	VH-FTX	H269
1C14	VH-FTY	H269
1C15	VH-FTZ	LNC4
1C20	VH-FUA	C182
1C21	VH-FUB	B105
1C22	VH-FUC	PTS1
1C23	VH-FUD	PA44
1C24	VH-FUE	PA36
1C25	VH-FUF	R22
1C26	VH-FUG	R44
1C27	VH-FUH	C172
1C29	VH-FUJ	C182
1C2B	VH-FUL	C180
1C2D	VH-FUN	M20P
1C2E	VH-FUO	PA38
1C2F	VH-FUP	C182
1C30	VH-FUQ	B06
1C31	VH-FUR	C152
1C32	VH-FUS	R22
1C33	VH-FUT	GLST
1C34	VH-FUU	P28R
1C35	VH-FUV	C152
1C36	VH-FUW	R22
1C37	VH-FUX	R44
1C38	VH-FUY	LN27
1C39	VH-FUZ	C182
1C44	VH-FVA	PC12
1C45	VH-FVB	PC12
1C46	VH-FVC	C152
1C47	VH-FVD	PC12
1C48	VH-FVE	PC12
1C49	VH-FVF	PC12
1C4A	VH-FVG	C182
1C4B	VH-FVH	AT75
1C4C	VH-FVI	AT75
1C4D	VH-FVJ	R22
1C4E	VH-FVK	D11
1C4F	VH-FVL	AT75
1C50	VH-FVM	AT75
1C51	VH-FVN	AT76
1C52	VH-FVO	A660
1C53	VH-FVP	AT75
1C55	VH-FVR	AT75
1C56	VH-FVS	JAB4
1C57	VH-FVT	C310
1C59	VH-FVV	TOUR
1C5B	VH-FVX	AT75
1C5C	VH-FVY	AT75
1C5D	VH-FVZ	AT45
1C68	VH-FWA	P46T
1C69	VH-FWB	FW90
1C6A	VH-FWC	C172
1C6B	VH-FWD	BE23
1C6C	VH-FWE	BE35
1C6D	VH-FWF	BE35
1C6E	VH-FWG	PA46
1C6F	VH-FWH	F100
1C70	VH-FWI	C208
1C71	VH-FWJ	PA31
1C72	VH-FWK	BE23
1C73	VH-FWL	AP22
1C74	VH-FWM	C152
1C76	VH-FWO	BE33
1C77	VH-FWP	MUS2
1C79	VH-FWR	LNC2
1C7A	VH-FWS	P149
1C7B	VH-FWT	BE33
1C7C	VH-FWU	BE23
1C7D	VH-FWV	BE33
1C7E	VH-FWW	BE33
1C7F	VH-FWX	C208
1C80	VH-FWY	BE35
1C8C	VH-FXA	CP60
1C8D	VH-FXB	DW1
1C8E	VH-FXC	C210
1C8F	VH-FXD	SR22
1C90	VH-FXE	R44
1C91	VH-FXF	B06
1C92	VH-FXG	C206
1C93	VH-FXH	PA18
1C95	VH-FXJ	PC12
1C96	VH-FXK	C205
1C97	VH-FXL	XL2
1C98	VH-FXM	CRUZ
1C99	VH-FXN	PC12
1C9A	VH-FXO	AA5
1C9B	VH-FXP	DR1
1C9C	VH-FXQ	AA5
1C9E	VH-FXS	AA5
1C9F	VH-FXT	AA5
1CA1	VH-FXV	AA5
1CA2	VH-FXW	PC12
1CA4	VH-FXY	O1
1CA5	VH-FXZ	PC12
1CB0	VH-FYA	C172
1CB1	VH-FYB	C172
1CB2	VH-FYC	C208
1CB3	VH-FYD	C172
1CB4	VH-FYE	C177
1CB5	VH-FYF	SR22
1CB6	VH-FYG	G164
1CB7	VH-FYH	B06
1CB8	VH-FYI	C172
1CB9	VH-FYJ	C150
1CBA	VH-FYK	YK52
1CBB	VH-FYL	RV10
1CBC	VH-FYM	C172
1CBD	VH-FYN	TBM7
1CBE	VH-FYO	C177
1CBF	VH-FYP	C550
1CC0	VH-FYQ	C182
1CC1	VH-FYR	C210
1CC3	VH-FYT	RV8
1CC4	VH-FYU	PA34
1CC5	VH-FYV	C340
1CC6	VH-FYW	C310
1CC7	VH-FYX	CH7B
1CC8	VH-FYY	C150
1CC9	VH-FYZ	C310
1CD4	VH-FZA	C150
1CD5	VH-FZB	M74
1CD6	VH-FZC	RV7
1CD8	VH-FZE	T210
1CD9	VH-FZF	P28A
1CDA	VH-FZG	C172
1CDB	VH-FZH	PC12
1CDC	VH-FZI	DA40
1CDD	VH-FZJ	P28A
1CDE	VH-FZK	C182
1CDF	VH-FZL	C182
1CE0	VH-FZM	RV7
1CE1	VH-FZN	C172
1CE2	VH-FZO	AT8T
1CE3	VH-FZP	AT3T
1CE4	VH-FZQ	PC24
1CE5	VH-FZR	C182
1CE6	VH-FZS	P28B
1CE7	VH-FZT	P28A
1CE8	VH-FZU	AT8T
1CE9	VH-FZV	AT8T
1CEA	VH-FZW	P28A
1CEB	VH-FZX	AT8T
1CEC	VH-FZY	J3
1CED	VH-FZZ	BE36
1E60	VH-GAA	GLIM
1E61	VH-GAB	GLID
1E62	VH-GAC	GLID
1E63	VH-GAD	GLID
1E64	VH-GAE	GLID
1E65	VH-GAF	C182
1E66	VH-GAG	GLIM
1E67	VH-GAH	GLID
1E68	VH-GAI	GLID
1E69	VH-GAJ	GLIM
1E6A	VH-GAK	GLID
1E6B	VH-GAL	GLID
1E6C	VH-GAM	GLID
1E6D	VH-GAN	GLID
1E6E	VH-GAO	PA32
1E6F	VH-GAP	GLID
1E70	VH-GAQ	GLID
1E71	VH-GAR	GLID
1E72	VH-GAS	GLID
1E73	VH-GAT	PA24
1E74	VH-GAU	GLID
1E75	VH-GAV	DH82
1E76	VH-GAW	GLID
1E77	VH-GAX	GLID
1E78	VH-GAY	GLID
1E79	VH-GAZ	GLID
1E84	VH-GBA	GLID
1E85	VH-GBB	GLIM
1E86	VH-GBC	GLID
1E87	VH-GBD	GLID
1E88	VH-GBE	GLID
1E89	VH-GBF	GLID
1E8B	VH-GBH	SF25
1E8C	VH-GBI	GLID
1E8D	VH-GBJ	GLID
1E8E	VH-GBK	GLID
1E8F	VH-GBL	GLID
1E90	VH-GBM	GLID
1E91	VH-GBN	GLID
1E92	VH-GBO	GLID
1E93	VH-GBP	GLID
1E94	VH-GBQ	GLID
1E96	VH-GBS	TOUR
1E97	VH-GBT	GLID
1E98	VH-GBU	GLID
1E99	VH-GBV	GLID
1E9A	VH-GBW	GLID
1E9B	VH-GBX	GLID
1E9C	VH-GBY	GLIM
1E9D	VH-GBZ	GLID
1EA8	VH-GCA	RF5
1EA9	VH-GCB	RF5
1EAA	VH-GCC	GLID
1EAB	VH-GCD	GLID
1EAC	VH-GCE	GLID
1EAD	VH-GCF	GLID
1EAE	VH-GCG	GLIM
1EAF	VH-GCH	DIMO
1EB0	VH-GCI	GLID
1EB1	VH-GCJ	GLID
1EB2	VH-GCK	GLID
1EB3	VH-GCL	GLID
1EB5	VH-GCN	GLID
1EB6	VH-GCO	GLID
1EB7	VH-GCP	GLID
1EB8	VH-GCQ	GLID
1EB9	VH-GCR	GLID
1EBA	VH-GCS	GLID
1EBB	VH-GCT	GLID
1EBC	VH-GCU	GLID
1EBD	VH-GCV	GLID
1EBE	VH-GCW	Z42
1EBF	VH-GCX	GLID
1EC0	VH-GCY	GLID
1EC1	VH-GCZ	GLID
1ECC	VH-GDA	GLID
1ECD	VH-GDB	GLID
1ECE	VH-GDC	GLID
1ECF	VH-GDD	GLID
1ED0	VH-GDE	GLIM
1ED1	VH-GDF	GLID
1ED2	VH-GDG	GLID
1ED3	VH-GDH	GLID
1ED5	VH-GDJ	GLID
1ED6	VH-GDK	GLID
1ED8	VH-GDM	BE36
1ED9	VH-GDN	GLID
1EDA	VH-GDO	GLID
1EDB	VH-GDP	GLID
1EDC	VH-GDQ	GLID
1EDD	VH-GDR	GLID
1EDE	VH-GDS	GLID
1EDF	VH-GDT	GLID
1EE0	VH-GDU	GLID
1EE1	VH-GDV	GLIM
1EE2	VH-GDW	GLID
1EE3	VH-GDX	GLID
1EE4	VH-GDY	GLID
1EE5	VH-GDZ	GLID
1EF0	VH-GEA	GLID
1EF1	VH-GEB	GLID
1EF2	VH-GEC	GLID
1EF3	VH-GED	PA24
1EF4	VH-GEE	GLID
1EF5	VH-GEF	GLID
1EF6	VH-GEG	GLID
1EF7	VH-GEH	GLID
1EF8	VH-GEI	GLID
1EF9	VH-GEJ	GLID
1EFA	VH-GEK	PA22
1EFB	VH-GEL	GLID
1EFC	VH-GEM	GLIM
1EFD	VH-GEN	GLID
1EFE	VH-GEO	DIMO
1EFF	VH-GEP	GLID
1F00	VH-GEQ	GLID
1F01	VH-GER	GLID
1F02	VH-GES	GLID
1F03	VH-GET	GLID
1F06	VH-GEW	GLIM
1F07	VH-GEX	GLID
1F09	VH-GEZ	GLID
1F14	VH-GFA	GLID
1F15	VH-GFB	GLID
1F16	VH-GFC	GLID
1F17	VH-GFD	GLID
1F18	VH-GFE	GLID
1F1A	VH-GFG	DIMO
1F1B	VH-GFH	GLID
1F1C	VH-GFI	GLID
1F1D	VH-GFJ	GLID
1F1E	VH-GFK	GLID
1F20	VH-GFM	GLID
1F21	VH-GFN	GLID
1F23	VH-GFP	GLID
1F24	VH-GFQ	GLID
1F26	VH-GFS	GLID
1F27	VH-GFT	GLID
1F28	VH-GFU	RF10
1F29	VH-GFV	GLID
1F2A	VH-GFW	GLID
1F2B	VH-GFX	GLID
1F2C	VH-GFY	GLID
1F2D	VH-GFZ	GLID
1F38	VH-GGA	GLID
1F39	VH-GGB	GLID
1F3A	VH-GGC	GLID
1F3B	VH-GGD	GLID
1F3C	VH-GGE	GLID
1F3D	VH-GGF	GLID
1F3E	VH-GGG	GLID
1F3F	VH-GGH	GLID
1F41	VH-GGJ	GLID
1F42	VH-GGK	RF5
1F43	VH-GGL	GLIM
1F44	VH-GGM	GLID
1F45	VH-GGN	GLID
1F46	VH-GGO	GLID
1F48	VH-GGQ	GLID
1F49	VH-GGR	GLID
1F4A	VH-GGS	GLID
1F4B	VH-GGT	GLID
1F4C	VH-GGU	GLID
1F4D	VH-GGV	GLID
1F4E	VH-GGW	GLID
1F4F	VH-GGX	GLIM
1F50	VH-GGY	GLID
1F51	VH-GGZ	GLID
1F5C	VH-GHA	GLID
1F5D	VH-GHB	GLID
1F5E	VH-GHC	GLIM
1F5F	VH-GHD	GLID
1F60	VH-GHE	GLID
1F61	VH-GHF	GLID
1F63	VH-GHH	GLID
1F64	VH-GHI	GLIM
1F65	VH-GHJ	GLID
1F66	VH-GHK	GLID
1F67	VH-GHL	GLID
1F68	VH-GHM	DIMO
1F69	VH-GHN	GLID
1F6A	VH-GHO	GLID
1F6B	VH-GHP	GLID
1F6C	VH-GHQ	GLID
1F6D	VH-GHR	GLID
1F6E	VH-GHS	GLID
1F6F	VH-GHT	GLID
1F70	VH-GHU	GLID
1F71	VH-GHV	GLID
1F72	VH-GHW	GLID
1F73	VH-GHX	U15
1F74	VH-GHY	RF5
1F75	VH-GHZ	GLID
1F80	VH-GIA	GLID
1F81	VH-GIB	GLID
1F82	VH-GIC	GLID
1F83	VH-GID	GLID
1F84	VH-GIE	GLID
1F85	VH-GIF	GLID
1F86	VH-GIG	GLID
1F87	VH-GIH	GLID
1F88	VH-GII	GLID
1F8A	VH-GIK	SF25
1F8B	VH-GIL	C150
1F8D	VH-GIN	GLID
1F8F	VH-GIP	BE33
1F90	VH-GIQ	GLID
1F91	VH-GIR	GLID
1F92	VH-GIS	GLID
1F93	VH-GIT	GLID
1F94	VH-GIU	GLID
1F95	VH-GIV	GLIM
1F96	VH-GIW	GLID
1F97	VH-GIX	GLID
1F98	VH-GIY	SF25
1F99	VH-GIZ	GLID
1FA4	VH-GJA	C182
1FA5	VH-GJB	C172
1FA6	VH-GJC	GLID
1FA7	VH-GJD	DIMO
1FA8	VH-GJE	GLID
1FA9	VH-GJF	GLID
1FAA	VH-GJG	DIMO
1FAB	VH-GJH	GLID
1FAC	VH-GJI	GLID
1FAD	VH-GJJ	GLID
1FAE	VH-GJK	GLID
1FAF	VH-GJL	PA22
1FB0	VH-GJM	GLID
1FB1	VH-GJN	GLID
1FB3	VH-GJP	GLID
1FB5	VH-GJR	GLID
1FB6	VH-GJS	GLID
1FB7	VH-GJT	GLID
1FB9	VH-GJV	GLID
1FBA	VH-GJW	GLID
1FBB	VH-GJX	GLIM
1FBC	VH-GJY	GLID
1FBD	VH-GJZ	BE58
1FC8	VH-GKA	C310
1FC9	VH-GKB	BE55
1FCA	VH-GKC	GLID
1FCB	VH-GKD	GLID
1FCC	VH-GKE	GLIM
1FCD	VH-GKF	P32R
1FCE	VH-GKG	M20T
1FCF	VH-GKH	C182
1FD0	VH-GKI	C185
1FD1	VH-GKJ	GLID
1FD2	VH-GKK	GLID
1FD3	VH-GKL	GLID
1FD4	VH-GKM	GLID
1FD6	VH-GKO	GLID
1FD7	VH-GKP	GLID
1FD8	VH-GKQ	GLID
1FD9	VH-GKR	GLID
1FDA	VH-GKS	GLID
1FDB	VH-GKT	GLID
1FDD	VH-GKV	GLID
1FDE	VH-GKW	GLID
1FDF	VH-GKX	GLIM
1FE0	VH-GKY	GLID
1FE1	VH-GKZ	GLIM
1FEC	VH-GLA	GLID
1FED	VH-GLB	GLID
1FEE	VH-GLC	SF25
1FEF	VH-GLD	RV6
1FF0	VH-GLE	GLID
1FF1	VH-GLF	GLID
1FF2	VH-GLG	DH82
1FF3	VH-GLH	GLID
1FF4	VH-GLI	GLIM
1FF5	VH-GLJ	GLID
1FF6	VH-GLK	GLID
1FF7	VH-GLL	GLIM
1FF8	VH-GLM	GLID
1FFA	VH-GLO	C180
1FFB	VH-GLP	GLID
1FFD	VH-GLR	GLIM
1FFE	VH-GLS	GLID
1FFF	VH-GLT	GLID
2000	VH-GLU	GLID
2001	VH-GLV	GLID
2003	VH-GLX	GLID
2004	VH-GLY	GLID
2005	VH-GLZ	GLID
2010	VH-GMA	GLID
2011	VH-GMB	C172
2012	VH-GMC	DH82
2013	VH-GMD	GLIM
2014	VH-GME	GLID
2015	VH-GMF	GLID
2016	VH-GMG	GLID
2017	VH-GMH	C404
2018	VH-GMI	GLID
2019	VH-GMJ	GLID
201A	VH-GMK	GLID
201B	VH-GML	GLID
201D	VH-GMN	GLID
201E	VH-GMO	GLID
201F	VH-GMP	GLID
2021	VH-GMR	GLID
2022	VH-GMS	GLID
2023	VH-GMT	GLID
2024	VH-GMU	GLID
2025	VH-GMV	GLID
2026	VH-GMW	GLID
2027	VH-GMX	GLID
2028	VH-GMY	GLID
2029	VH-GMZ	GLID
2034	VH-GNA	GLID
2035	VH-GNB	GLID
2036	VH-GNC	GLID
2037	VH-GND	GLID
2039	VH-GNF	GLID
203A	VH-GNG	GLID
203B	VH-GNH	GLID
203D	VH-GNJ	GLID
203E	VH-GNK	GLID
203F	VH-GNL	GLID
2042	VH-GNO	GLID
2043	VH-GNP	GLID
2044	VH-GNQ	GLID
2045	VH-GNR	GLID
2046	VH-GNS	GLID
2047	VH-GNT	GLID
2048	VH-GNU	GLID
2049	VH-GNV	GLID
204B	VH-GNX	GLIM
204C	VH-GNY	GLID
204D	VH-GNZ	GLID
2058	VH-GOA	GLID
2059	VH-GOB	GLID
205A	VH-GOC	GLID
205B	VH-GOD	GLID
205C	VH-GOE	DIMO
205D	VH-GOF	GLID
205E	VH-GOG	GLID
205F	VH-GOH	GLID
2060	VH-GOI	GLID
2061	VH-GOJ	GLID
2062	VH-GOK	GLID
2063	VH-GOL	GLID
2064	VH-GOM	GLID
2065	VH-GON	GLID
2066	VH-GOO	GLID
2067	VH-GOP	GLID
2068	VH-GOQ	GLID
2069	VH-GOR	GLID
206A	VH-GOS	GLID
206B	VH-GOT	GLID
206C	VH-GOU	GLID
206E	VH-GOW	GLID
206F	VH-GOX	GLID
2070	VH-GOY	GLID
2071	VH-GOZ	GLID
207C	VH-GPA	BE35
207D	VH-GPB	GLID
207E	VH-GPC	GLID
207F	VH-GPD	GLID
2080	VH-GPE	GLID
2081	VH-GPF	GLID
2082	VH-GPG	GLID
2083	VH-GPH	GLIM
2084	VH-GPI	GLID
2085	VH-GPJ	GLID
2088	VH-GPM	SF25
2089	VH-GPN	GLID
208A	VH-GPO	GLID
208B	VH-GPP	SR22
208C	VH-GPQ	GLID
208D	VH-GPR	GLID
208E	VH-GPS	GLID
208F	VH-GPT	GLID
2090	VH-GPU	GLID
2091	VH-GPV	GLID
2092	VH-GPW	GLID
2093	VH-GPX	GLID
2094	VH-GPY	GLID
2095	VH-GPZ	GLID
20A0	VH-GQA	GLID
20A1	VH-GQB	GLID
20A2	VH-GQC	GLID
20A3	VH-GQD	GLID
20A4	VH-GQE	GLIM
20A5	VH-GQF	GLID
20A6	VH-GQG	GLID
20A7	VH-GQH	GLID
20A8	VH-GQI	GLID
20A9	VH-GQJ	GLID
20AA	VH-GQK	GLID
20AB	VH-GQL	GLID
20AD	VH-GQN	GLID
20AE	VH-GQO	GLID
20AF	VH-GQP	GLID
20B1	VH-GQR	GLIM
20B2	VH-GQS	GLID
20B3	VH-GQT	GLID
20B4	VH-GQU	GLID
20B5	VH-GQV	GLID
20B7	VH-GQX	GLID
20B8	VH-GQY	GLID
20B9	VH-GQZ	GLID
20C4	VH-GRA	GLID
20C5	VH-GRB	GLID
20C6	VH-GRC	GLID
20C7	VH-GRD	GLIM
20C8	VH-GRE	DIMO
20C9	VH-GRF	GLID
20CA	VH-GRG	GLIM
20CB	VH-GRH	GLID
20CC	VH-GRI	GLID
20CD	VH-GRJ	GLID
20CE	VH-GRK	IS28
20CF	VH-GRL	GLID
20D0	VH-GRM	GLID
20D1	VH-GRN	GLID
20D2	VH-GRO	GLID
20D3	VH-GRP	GLID
20D4	VH-GRQ	GLID
20D5	VH-GRR	GLID
20D6	VH-GRS	GLID
20D7	VH-GRT	GLID
20D8	VH-GRU	GLID
20D9	VH-GRV	GLID
20DA	VH-GRW	GLID
20DB	VH-GRX	GLID
20DC	VH-GRY	GLID
20DD	VH-GRZ	GLID
20E8	VH-GSA	GLID
20E9	VH-GSB	GLID
20EA	VH-GSC	GLID
20EB	VH-GSD	GLID
20EC	VH-GSE	GLID
20EE	VH-GSG	GLID
20EF	VH-GSH	GLID
20F0	VH-GSI	GLIM
20F1	VH-GSJ	GLIM
20F2	VH-GSK	GLID
20F3	VH-GSL	GLID
20F4	VH-GSM	GLID
20F5	VH-GSN	GLID
20F6	VH-GSO	GLID
20F7	VH-GSP	GLID
20F8	VH-GSQ	GLID
20F9	VH-GSR	GLID
20FA	VH-GSS	SF25
20FB	VH-GST	GLID
20FC	VH-GSU	GLID
20FD	VH-GSV	GLID
20FE	VH-GSW	GLID
20FF	VH-GSX	GLID
2100	VH-GSY	GLID
2101	VH-GSZ	GLID
210C	VH-GTA	BE35
210D	VH-GTB	GLID
210E	VH-GTC	GLID
210F	VH-GTD	GLID
2110	VH-GTE	GLID
2112	VH-GTG	GLID
2113	VH-GTH	R66
2114	VH-GTI	BE9L
2115	VH-GTJ	GLID
2116	VH-GTK	GLID
2117	VH-GTL	GLID
2118	VH-GTM	GLID
2119	VH-GTN	GLID
211A	VH-GTO	GLID
211B	VH-GTP	GLID
211C	VH-GTQ	GLID
211D	VH-GTR	GLID
211E	VH-GTS	GLIM
211F	VH-GTT	GLID
2120	VH-GTU	GLID
2122	VH-GTW	GLID
2123	VH-GTX	GLID
2124	VH-GTY	GLID
2125	VH-GTZ	GLID
2130	VH-GUA	SF25
2131	VH-GUB	GLID
2132	VH-GUC	GLID
2133	VH-GUD	G109
2134	VH-GUE	GLIM
2135	VH-GUF	GLID
2136	VH-GUG	GLID
2137	VH-GUH	GLID
2138	VH-GUI	GLID
2139	VH-GUJ	GLID
213A	VH-GUK	GLID
213B	VH-GUL	GLID
213C	VH-GUM	G109
213D	VH-GUN	GLID
213E	VH-GUO	GLID
213F	VH-GUP	GLIM
2140	VH-GUQ	GLID
2141	VH-GUR	GLID
2142	VH-GUS	TOUR
2144	VH-GUU	GLID
2145	VH-GUV	GLID
2146	VH-GUW	GLID
2147	VH-GUX	GLIM
2148	VH-GUY	C152
2154	VH-GVA	GLID
2155	VH-GVB	GLID
2156	VH-GVC	P28B
2157	VH-GVD	GLID
2158	VH-GVE	GLID
2159	VH-GVF	GLID
215A	VH-GVG	GLID
215B	VH-GVH	GLID
215C	VH-GVI	GLID
215E	VH-GVK	GLID
215F	VH-GVL	GLIM
2160	VH-GVM	GLIM
2161	VH-GVN	GLID
2163	VH-GVP	GLID
2164	VH-GVQ	DIMO
2165	VH-GVR	GLID
2166	VH-GVS	GLIM
2167	VH-GVT	GLIM
2168	VH-GVU	GLID
2169	VH-GVV	GLID
216B	VH-GVX	GLIM
216C	VH-GVY	GLID
216D	VH-GVZ	SF25
2178	VH-GWA	GLID
2179	VH-GWB	GLID
217A	VH-GWC	GLID
217B	VH-GWD	P28A
217D	VH-GWF	C182
217E	VH-GWG	DH82
217F	VH-GWH	G21
2180	VH-GWI	GLID
2181	VH-GWJ	GLID
2182	VH-GWK	GLID
2183	VH-GWL	GLID
2184	VH-GWM	PA22
2185	VH-GWN	GLID
2186	VH-GWO	GLID
2187	VH-GWP	GLIM
2188	VH-GWQ	GLID
2189	VH-GWR	GLID
218A	VH-GWS	GLIM
218B	VH-GWT	PA30
218C	VH-GWU	GLID
218D	VH-GWV	GLID
218E	VH-GWW	P32R
218F	VH-GWX	GLID
2190	VH-GWY	GLID
2191	VH-GWZ	GLID
219C	VH-GXA	GLID
219D	VH-GXB	GLID
219E	VH-GXC	GLID
219F	VH-GXD	DIMO
21A0	VH-GXE	GLID
21A1	VH-GXF	GLID
21A2	VH-GXG	DIMO
21A3	VH-GXH	GLID
21A4	VH-GXI	GLID
21A5	VH-GXJ	GLID
21A6	VH-GXK	GLID
21A7	VH-GXL	GLID
21A8	VH-GXM	GLIM
21A9	VH-GXN	GLIM
21AA	VH-GXO	GLID
21AB	VH-GXP	GLID
21AC	VH-GXQ	GLID
21AE	VH-GXS	GLID
21AF	VH-GXT	GLID
21B1	VH-GXV	GLID
21B2	VH-GXW	GLID
21B3	VH-GXX	GLID
21B4	VH-GXY	GLIM
21B5	VH-GXZ	GLID
21C1	VH-GYB	GLID
21C2	VH-GYC	GLID
21C3	VH-GYD	GLID
21C4	VH-GYE	GLID
21C5	VH-GYF	GLID
21C6	VH-GYG	GLID
21C7	VH-GYH	GLIM
21C9	VH-GYJ	GLID
21CA	VH-GYK	GLID
21CB	VH-GYL	GLIM
21CC	VH-GYM	GLID
21CD	VH-GYN	GLID
21CE	VH-GYO	GLIM
21CF	VH-GYP	AS14
21D1	VH-GYR	GLID
21D3	VH-GYT	DIMO
21D4	VH-GYU	GLID
21D5	VH-GYV	GLID
21D6	VH-GYW	GLID
21D7	VH-GYX	GLIM
21D8	VH-GYY	GLID
21D9	VH-GYZ	GLID
21E4	VH-GZA	GLID
21E5	VH-GZB	GLID
21E6	VH-GZC	GLID
21E7	VH-GZD	GLID
21E8	VH-GZE	GLID
21E9	VH-GZF	GLID
21EA	VH-GZG	GLID
21EB	VH-GZH	GLID
21EC	VH-GZI	GLID
21ED	VH-GZJ	GLID
21EE	VH-GZK	GLID
21EF	VH-GZL	GLID
21F0	VH-GZM	GLID
21F1	VH-GZN	GLID
21F2	VH-GZO	GLID
21F3	VH-GZP	GLID
21F4	VH-GZQ	GLID
21F5	VH-GZR	GLID
21F6	VH-GZS	GLID
21F7	VH-GZT	GLID
21F8	VH-GZU	GLID
21F9	VH-GZV	GLID
21FA	VH-GZW	GLID
21FB	VH-GZX	GLID
21FC	VH-GZY	GLID
21FD	VH-GZZ	GLIM
2371	VH-HAB	P28T
2372	VH-HAC	R22
2374	VH-HAE	C82R
2375	VH-HAF	DFLY
2376	VH-HAG	P28T
2377	VH-HAH	SS2T
2378	VH-HAI	R44
2379	VH-HAJ	T6
237A	VH-HAK	RV7
237C	VH-HAM	C208
237D	VH-HAN	AURA
237F	VH-HAP	R22
2380	VH-HAQ	SS2T
2381	VH-HAR	T6
2382	VH-HAS	R22
2383	VH-HAT	PA38
2384	VH-HAU	GLID
2385	VH-HAV	PA38
2386	VH-HAW	PA38
2387	VH-HAX	C172
2388	VH-HAY	R22
2389	VH-HAZ	C404
2395	VH-HBB	AS50
2396	VH-HBC	R44
2397	VH-HBD	R22
2398	VH-HBE	R22
2399	VH-HBF	R22
239A	VH-HBG	R22
239B	VH-HBH	R22
239C	VH-HBI	R22
239D	VH-HBJ	BE77
239E	VH-HBK	R44
239F	VH-HBL	R22
23A0	VH-HBM	MUS2
23A1	VH-HBN	R22
23A2	VH-HBO	R44
23A3	VH-HBP	R22
23A4	VH-HBQ	R22
23A5	VH-HBR	R22
23A6	VH-HBS	R22
23A7	VH-HBT	R44
23A8	VH-HBU	R22
23A9	VH-HBV	R22
23AA	VH-HBW	R22
23AB	VH-HBX	R44
23AC	VH-HBY	B47G
23AD	VH-HBZ	R44
23B8	VH-HCA	R44
23B9	VH-HCB	GLID
23BA	VH-HCC	C152
23BB	VH-HCD	C182
23BC	VH-HCE	R22
23BD	VH-HCF	R22
23BE	VH-HCG	C152
23BF	VH-HCH	BD4
23C0	VH-HCI	DH82
23C1	VH-HCJ	ST75
23C3	VH-HCL	R22
23C5	VH-HCN	R44
23C6	VH-HCO	T206
23C7	VH-HCP	R22
23C8	VH-HCQ	R44
23C9	VH-HCR	R44
23CA	VH-HCS	P28A
23CB	VH-HCT	P32R
23CC	VH-HCU	R22
23CD	VH-HCV	B06
23CE	VH-HCW	B47G
23CF	VH-HCX	R22
23D0	VH-HCY	P28A
23D1	VH-HCZ	EC35
23DC	VH-HDA	GLID
23DD	VH-HDB	R44
23DE	VH-HDC	R44
23DF	VH-HDD	GLID
23E0	VH-HDE	GLIM
23E2	VH-HDG	GLID
23E3	VH-HDH	GLID
23E4	VH-HDI	GLID
23E5	VH-HDJ	GLID
23E6	VH-HDK	GLID
23E7	VH-HDL	GLID
23E8	VH-HDM	GLID
23E9	VH-HDN	RF5
23EA	VH-HDO	RF4
23EB	VH-HDP	GLID
23EC	VH-HDQ	R22
23ED	VH-HDR	GLID
23EE	VH-HDS	G109
23EF	VH-HDT	GLID
23F0	VH-HDU	GLID
23F2	VH-HDW	GLID
23F3	VH-HDX	GLID
23F4	VH-HDY	GLID
23F5	VH-HDZ	GLID
2400	VH-HEA	R22
2401	VH-HEB	AS50
2402	VH-HEC	C310
2403	VH-HED	R44
2405	VH-HEF	R44
2406	VH-HEG	R22
2407	VH-HEH	B06
2408	VH-HEI	R44
2409	VH-HEJ	R44
240A	VH-HEK	R66
240C	VH-HEM	R44
240E	VH-HEO	R22
240F	VH-HEP	R44
2411	VH-HER	C210
2412	VH-HES	C182
2413	VH-HET	SPIT
2414	VH-HEU	R22
2415	VH-HEV	R44
2417	VH-HEX	C206
2418	VH-HEY	B47G
2419	VH-HEZ	C152
2424	VH-HFA	R22
2425	VH-HFB	BE55
2426	VH-HFC	R22
2427	VH-HFD	R22
2428	VH-HFE	CA25
2429	VH-HFF	R22
242A	VH-HFG	B06
242B	VH-HFH	B06
242C	VH-HFI	BE58
242D	VH-HFJ	R22
242E	VH-HFK	R22
242F	VH-HFL	R22
2430	VH-HFM	CA25
2431	VH-HFN	R44
2432	VH-HFO	R44
2433	VH-HFP	R22
2434	VH-HFQ	R22
2435	VH-HFR	R44
2436	VH-HFS	R44
2437	VH-HFT	PA18
2438	VH-HFU	R22
2439	VH-HFV	R22
243A	VH-HFW	R22
243B	VH-HFX	C208
243C	VH-HFY	AS50
243D	VH-HFZ	R22
2448	VH-HGA	R22
244A	VH-HGC	R22
244C	VH-HGE	R22
244E	VH-HGG	R44
244F	VH-HGH	AS50
2450	VH-HGI	R44
2451	VH-HGJ	RV7
2452	VH-HGK	SR22
2456	VH-HGO	C310
2457	VH-HGP	R22
2458	VH-HGQ	T206
2459	VH-HGR	PA32
245A	VH-HGS	LGEZ
245B	VH-HGT	SS2P
245C	VH-HGU	B06
245D	VH-HGV	AT5T
245E	VH-HGW	PC12
245F	VH-HGX	R44
2460	VH-HGY	R22
2461	VH-HGZ	R44
246C	VH-HHA	C340
246D	VH-HHB	R22
246E	VH-HHC	R22
246F	VH-HHD	R22
2470	VH-HHE	R22
2471	VH-HHF	B06
2472	VH-HHG	R22
2473	VH-HHH	SS2T
2475	VH-HHJ	C210
2476	VH-HHK	P32R
2477	VH-HHL	R22
2478	VH-HHM	R22
2479	VH-HHN	R22
247A	VH-HHO	R22
247B	VH-HHP	C172
247C	VH-HHQ	R22
247D	VH-HHR	R22
247E	VH-HHS	R44
247F	VH-HHT	P28U
2480	VH-HHU	B06
2481	VH-HHV	R44
2482	VH-HHW	R22
2483	VH-HHX	BE58
2484	VH-HHY	R22
2485	VH-HHZ	R44
2490	VH-HIA	R44
2491	VH-HIB	R44
2493	VH-HID	P212
2494	VH-HIE	R44
2495	VH-HIF	R22
2496	VH-HIG	PC12
2497	VH-HIH	R44
2498	VH-HII	RV6
2499	VH-HIJ	R22
249A	VH-HIK	R22
249B	VH-HIL	EC20
249C	VH-HIM	RV7
249D	VH-HIN	LNC2
249E	VH-HIO	R22
249F	VH-HIP	R44
24A0	VH-HIQ	R22
24A1	VH-HIR	P28B
24A2	VH-HIS	RV7
24A3	VH-HIT	G164
24A4	VH-HIU	R22
24A5	VH-HIV	DH82
24A6	VH-HIW	R22
24A7	VH-HIX	R44
24A8	VH-HIY	SR22
24A9	VH-HIZ	BE33
24B4	VH-HJA	R44
24B5	VH-HJB	R22
24B6	VH-HJC	R22
24B7	VH-HJD	R22
24B8	VH-HJE	PA31
24B9	VH-HJF	C82R
24BA	VH-HJG	B06
24BB	VH-HJH	PA31
24BC	VH-HJI	AEST
24BD	VH-HJJ	R44
24BE	VH-HJK	PA31
24BF	VH-HJL	R22
24C0	VH-HJM	BE55
24C3	VH-HJP	C206
24C4	VH-HJQ	R22
24C5	VH-HJR	PA31
24C6	VH-HJS	BE20
24C7	VH-HJT	R44
24C8	VH-HJU	R22
24C9	VH-HJV	SR20
24CA	VH-HJW	R44
24CB	VH-HJX	R44
24CC	VH-HJY	R22
24CD	VH-HJZ	C172
24D8	VH-HKA	P28A
24D9	VH-HKB	B06
24DA	VH-HKC	B06
24DB	VH-HKD	R44
24DC	VH-HKE	R22
24DE	VH-HKG	DH82
24DF	VH-HKH	EXEC
24E0	VH-HKI	R22
24E1	VH-HKJ	AS50
24E2	VH-HKK	RV8
24E4	VH-HKM	R22
24E5	VH-HKN	R22
24E6	VH-HKO	R22
24E7	VH-HKP	R22
24E8	VH-HKQ	PA34
24E9	VH-HKR	GLIM
24EA	VH-HKS	QUIC
24EB	VH-HKT	R22
24EC	VH-HKU	R22
24ED	VH-HKV	R22
24EE	VH-HKW	R22
24EF	VH-HKX	C500
24F0	VH-HKY	CH20
24F1	VH-HKZ	P28S
24FC	VH-HLA	R22
24FD	VH-HLB	R44
24FE	VH-HLC	R22
24FF	VH-HLD	R44
2500	VH-HLE	P28A
2501	VH-HLF	C182
2502	VH-HLG	R44
2503	VH-HLH	B06
2504	VH-HLI	R22
2505	VH-HLJ	BE20
2506	VH-HLK	R44
2507	VH-HLL	C208
2508	VH-HLM	R44
2509	VH-HLN	PA25
250B	VH-HLP	LNCE
250C	VH-HLQ	R22
250E	VH-HLS	BE58
250F	VH-HLT	R22
2510	VH-HLU	R22
2511	VH-HLV	R22
2512	VH-HLW	PA36
2513	VH-HLX	R44
2514	VH-HLY	R22
2515	VH-HLZ	R22
2520	VH-HMA	C404
2521	VH-HMB	PA44
2522	VH-HMC	C172
2523	VH-HMD	C310
2524	VH-HME	C182
2525	VH-HMF	BE58
2526	VH-HMG	C402
2527	VH-HMH	P28A
2528	VH-HMI	B47G
2529	VH-HMJ	R22
252A	VH-HMK	B47G
252B	VH-HML	R22
252C	VH-HMM	PA30
252D	VH-HMN	R44
252E	VH-HMO	C310
252F	VH-HMP	P28A
2530	VH-HMQ	PA44
2531	VH-HMR	R22
2532	VH-HMS	HUNT
2533	VH-HMT	R44
2534	VH-HMU	R22
2535	VH-HMV	AEST
2536	VH-HMW	R22
2537	VH-HMX	R22
2538	VH-HMY	C206
2539	VH-HMZ	C441
2544	VH-HNA	GLID
2545	VH-HNB	GLID
2546	VH-HNC	GLID
2547	VH-HND	GLID
2548	VH-HNE	GLID
254A	VH-HNG	R44
254B	VH-HNH	GLID
254C	VH-HNI	GLID
254D	VH-HNJ	GLID
254E	VH-HNK	G109
254F	VH-HNL	GLID
2550	VH-HNM	SF25
2551	VH-HNN	GLID
2552	VH-HNO	SF25
2553	VH-HNP	R22
2554	VH-HNQ	R44
2555	VH-HNR	GLID
2556	VH-HNS	GLID
2557	VH-HNT	GLID
2559	VH-HNV	GLID
255A	VH-HNW	GLID
255B	VH-HNX	GLID
255C	VH-HNY	GLID
255D	VH-HNZ	GLID
2568	VH-HOA	R22
2569	VH-HOB	R44
256A	VH-HOC	RV4
256B	VH-HOD	BE55
256C	VH-HOE	PA22
256E	VH-HOG	R44
256F	VH-HOH	R22
2570	VH-HOI	P28A
2572	VH-HOK	EC30
2573	VH-HOL	C210
2574	VH-HOM	BE36
2575	VH-HON	R44
2576	VH-HOO	EXEC
2578	VH-HOQ	R44
2579	VH-HOR	C402
257A	VH-HOS	P32R
257C	VH-HOU	R44
257F	VH-HOX	R44
2580	VH-HOY	CA25
2581	VH-HOZ	B06
258C	VH-HPA	C206
258D	VH-HPB	FURY
258E	VH-HPC	R22
258F	VH-HPD	R22
2590	VH-HPE	SW4
2592	VH-HPG	R22
2593	VH-HPH	R22
2594	VH-HPI	R22
2595	VH-HPJ	R44
2596	VH-HPK	C185
2597	VH-HPL	EC45
2598	VH-HPM	AUS4
2599	VH-HPN	M6
259A	VH-HPO	AS50
259B	VH-HPP	BE20
259C	VH-HPQ	BE24
259D	VH-HPR	PA30
259E	VH-HPS	P28A
259F	VH-HPT	DA40
25A0	VH-HPU	C150
25A1	VH-HPV	R22
25A2	VH-HPW	R44
25A3	VH-HPX	R44
25A4	VH-HPY	AC95
25A5	VH-HPZ	R22
25B0	VH-HQA	C180
25B1	VH-HQB	R44
25B2	VH-HQC	R22
25B3	VH-HQD	B06
25B4	VH-HQE	GA8
25B6	VH-HQG	R44
25B7	VH-HQH	R22
25B8	VH-HQI	P28A
25BA	VH-HQK	E50P
25BB	VH-HQL	EC30
25BC	VH-HQM	R44
25BE	VH-HQO	AS50
25BF	VH-HQP	C188
25C0	VH-HQQ	SR20
25C2	VH-HQS	BE36
25C3	VH-HQT	EC30
25C4	VH-HQU	R22
25C6	VH-HQW	R44
25C7	VH-HQX	R22
25C8	VH-HQY	R22
25C9	VH-HQZ	PA44
25D4	VH-HRA	R22
25D5	VH-HRB	R44
25D6	VH-HRC	C182
25D7	VH-HRD	AS50
25D8	VH-HRE	R44
25DA	VH-HRG	AS50
25DB	VH-HRH	B505
25DC	VH-HRI	R44
25DD	VH-HRJ	R22
25DE	VH-HRK	R22
25DF	VH-HRL	R44
25E0	VH-HRM	R22
25E1	VH-HRN	C210
25E3	VH-HRP	AEST
25E4	VH-HRQ	R22
25E5	VH-HRR	R22
25E6	VH-HRS	R22
25E7	VH-HRT	BK17
25E8	VH-HRU	AS55
25E9	VH-HRV	RV6
25EA	VH-HRW	R22
25EB	VH-HRX	B06
25EC	VH-HRY	R22
25ED	VH-HRZ	R22
25F8	VH-HSA	R22
25F9	VH-HSB	R22
25FA	VH-HSC	R44
25FB	VH-HSD	R22
25FC	VH-HSE	C337
25FD	VH-HSF	R22
25FE	VH-HSG	R22
25FF	VH-HSH	DH82
2600	VH-HSI	R22
2601	VH-HSJ	C82T
2602	VH-HSK	HUSK
2603	VH-HSL	C310
2604	VH-HSM	C172
2605	VH-HSN	P28T
2606	VH-HSO	P28A
2607	VH-HSP	R22
2608	VH-HSQ	U16
2609	VH-HSR	AS50
260B	VH-HST	B06
260C	VH-HSU	PA38
260D	VH-HSV	AS50
260E	VH-HSW	R22
260F	VH-HSX	T206
2611	VH-HSZ	R44
261C	VH-HTA	R44
261D	VH-HTB	R44
261E	VH-HTC	PA30
261F	VH-HTD	R22
2620	VH-HTE	AS50
2621	VH-HTF	R44
2622	VH-HTG	R22
2623	VH-HTH	C182
2624	VH-HTI	C172
2625	VH-HTJ	R22
2626	VH-HTK	P28A
2627	VH-HTL	PA44
2628	VH-HTM	P28A
2629	VH-HTN	AS50
262A	VH-HTO	C206
262B	VH-HTP	C72R
262E	VH-HTS	R22
262F	VH-HTT	R44
2630	VH-HTU	B06
2631	VH-HTV	AS50
2632	VH-HTW	P337
2633	VH-HTX	R22
2634	VH-HTY	AS50
2635	VH-HTZ	R22
2640	VH-HUA	AT5T
2642	VH-HUC	R22
2643	VH-HUD	GLAS
2644	VH-HUE	UH1
2645	VH-HUF	C72R
2646	VH-HUG	R22
2647	VH-HUH	C172
2648	VH-HUI	P28A
2649	VH-HUJ	AA5
264A	VH-HUK	C188
264B	VH-HUL	R44
264C	VH-HUM	C210
264D	VH-HUN	F156
264E	VH-HUO	PA31
264F	VH-HUP	H269
2651	VH-HUR	PA31
2652	VH-HUS	R22
2653	VH-HUT	P28A
2654	VH-HUU	DV20
2655	VH-HUV	C310
2656	VH-HUW	PA31
2657	VH-HUX	R22
2659	VH-HUZ	C152
2664	VH-HVA	R22
2665	VH-HVB	R22
2666	VH-HVC	R22
2667	VH-HVD	T6
2668	VH-HVE	R44
2669	VH-HVF	R44
266A	VH-HVG	M5
266B	VH-HVH	SW4
266C	VH-HVI	SLG4
266D	VH-HVJ	RV7
266E	VH-HVK	AS50
266F	VH-HVL	R22
2670	VH-HVM	C550
2671	VH-HVN	C150
2672	VH-HVO	R22
2673	VH-HVP	R22
2674	VH-HVQ	LNC2
2675	VH-HVR	C404
2676	VH-HVS	C170
2677	VH-HVT	AS50
2678	VH-HVU	C150
2679	VH-HVV	M20P
267B	VH-HVX	R22
267C	VH-HVY	AS50
267D	VH-HVZ	R22
2688	VH-HWA	AS50
2689	VH-HWB	H500
268A	VH-HWC	C172
268B	VH-HWD	R44
268C	VH-HWE	R22
268D	VH-HWF	JAB4
268E	VH-HWG	M7
268F	VH-HWH	P32R
2690	VH-HWI	R22
2691	VH-HWJ	R22
2692	VH-HWK	P40
2693	VH-HWL	R44
2695	VH-HWN	P28A
2696	VH-HWO	R22
2697	VH-HWP	C210
2698	VH-HWQ	A660
2699	VH-HWR	SW4
269A	VH-HWS	B06
269B	VH-HWT	R44
269C	VH-HWU	PA34
269D	VH-HWV	C82R
269E	VH-HWW	C82T
269F	VH-HWX	C172
26A0	VH-HWY	R22
26A1	VH-HWZ	C172
26AC	VH-HXA	R44
26AD	VH-HXB	R44
26AE	VH-HXC	R44
26AF	VH-HXD	R22
26B1	VH-HXF	R22
26B2	VH-HXG	C172
26B3	VH-HXH	C210
26B4	VH-HXI	C182
26B5	VH-HXJ	P28R
26B6	VH-HXK	P28A
26B7	VH-HXL	R22
26B8	VH-HXM	R22
26B9	VH-HXN	PA31
26BA	VH-HXO	R44
26BB	VH-HXP	C172
26BE	VH-HXS	R44
26BF	VH-HXT	R44
26C0	VH-HXU	R22
26C1	VH-HXV	R22
26C2	VH-HXW	R22
26C3	VH-HXX	DV20
26C4	VH-HXY	R44
26C5	VH-HXZ	LNC2
26D0	VH-HYA	R22
26D1	VH-HYB	R22
26D2	VH-HYC	R44
26D3	VH-HYD	H269
26D4	VH-HYE	H269
26D5	VH-HYF	R22
26D6	VH-HYG	R22
26D7	VH-HYH	R22
26D8	VH-HYI	R44
26D9	VH-HYJ	R22
26DA	VH-HYK	R22
26DB	VH-HYL	R22
26DC	VH-HYM	P32R
26DD	VH-HYN	R44
26DE	VH-HYO	B06
26DF	VH-HYP	R44
26E0	VH-HYQ	R22
26E1	VH-HYR	R44
26E2	VH-HYS	EXEC
26E3	VH-HYT	R22
26E4	VH-HYU	ST75
26E5	VH-HYV	C188
26E6	VH-HYW	C182
26E7	VH-HYX	R44
26E8	VH-HYY	R22
26E9	VH-HYZ	R22
26F4	VH-HZA	R22
26F5	VH-HZB	R22
26F6	VH-HZC	R44
26F7	VH-HZD	BE76
26F8	VH-HZE	P210
26F9	VH-HZF	M20P
26FA	VH-HZG	R44
26FB	VH-HZH	R44
26FC	VH-HZI	R22
26FD	VH-HZJ	P32T
26FE	VH-HZK	PA44
26FF	VH-HZL	C210
2700	VH-HZM	M20P
2701	VH-HZN	C210
2702	VH-HZO	R44
2703	VH-HZP	R22
2706	VH-HZS	C172
2707	VH-HZT	C172
2708	VH-HZU	B462
2709	VH-HZV	C82R
270A	VH-HZW	R44
270B	VH-HZX	C150
270C	VH-HZY	PA25
270D	VH-HZZ	RV4
2880	VH-IAA	PA34
2881	VH-IAB	BE36
2882	VH-IAC	RODS
2883	VH-IAD	PA38
2885	VH-IAF	M20P
2886	VH-IAG	BE36
2887	VH-IAH	C182
2888	VH-IAI	P28A
2889	VH-IAJ	PA34
288A	VH-IAK	P28A
288B	VH-IAL	P28A
288C	VH-IAM	RV6
288D	VH-IAN	DH82
288E	VH-IAO	C172
288F	VH-IAP	DV20
2890	VH-IAQ	C172
2891	VH-IAR	GLIM
2892	VH-IAS	TUCR
2893	VH-IAT	PA20
2894	VH-IAU	SW4
2895	VH-IAV	P28A
2896	VH-IAW	R44
2897	VH-IAX	P28A
2899	VH-IAZ	ANGL
28A5	VH-IBB	P28R
28A6	VH-IBC	SR22
28A7	VH-IBD	M7
28A8	VH-IBE	GLIM
28A9	VH-IBF	B407
28AA	VH-IBG	C172
28AB	VH-IBH	R22
28AC	VH-IBI	R22
28AD	VH-IBJ	HUSK
28AE	VH-IBK	C310
28AF	VH-IBL	C152
28B0	VH-IBM	C188
28B1	VH-IBN	R44
28B2	VH-IBO	R44
28B3	VH-IBP	C152
28B4	VH-IBQ	C188
28B5	VH-IBR	GLIM
28B6	VH-IBS	R44
28B7	VH-IBT	Y18T
28B8	VH-IBU	P28A
28B9	VH-IBV	RV8
28BA	VH-IBW	C82R
28BB	VH-IBX	P28A
28BC	VH-IBY	C210
28BD	VH-IBZ	C182
28C8	VH-ICA	TBM7
28C9	VH-ICB	BE58
28CA	VH-ICC	PA32
28CB	VH-ICD	R22
28CC	VH-ICE	SR22
28CD	VH-ICF	SR22
28CE	VH-ICG	C172
28CF	VH-ICH	C172
28D0	VH-ICI	EV97
28D1	VH-ICJ	BL8
28D2	VH-ICK	P180
28D3	VH-ICL	RV7
28D4	VH-ICM	AS50
28D6	VH-ICO	G2CA
28D7	VH-ICP	SS2T
28D9	VH-ICR	PA30
28DA	VH-ICS	PA30
28DB	VH-ICT	PA24
28DC	VH-ICU	C182
28DD	VH-ICV	G2CA
28DE	VH-ICW	C175
28DF	VH-ICX	P28U
28E0	VH-ICY	AS50
28E1	VH-ICZ	K100
28EC	VH-IDA	JAB4
28ED	VH-IDB	P06T
28EE	VH-IDC	GLAS
28EF	VH-IDD	R44
28F0	VH-IDE	BE36
28F1	VH-IDF	C206
28F2	VH-IDG	AS50
28F3	VH-IDH	AR11
28F4	VH-IDI	B06
28F6	VH-IDK	PA22
28F7	VH-IDL	C182
28F8	VH-IDM	GA8
28F9	VH-IDN	P32R
28FA	VH-IDO	DHC2
28FB	VH-IDP	AEST
28FD	VH-IDR	C182
28FE	VH-IDS	EC20
28FF	VH-IDT	C172
2900	VH-IDU	B47G
2901	VH-IDV	C72R
2902	VH-IDW	R44
2903	VH-IDX	NG5
2904	VH-IDY	C172
2905	VH-IDZ	C210
2910	VH-IEA	C172
2911	VH-IEB	C172
2912	VH-IEC	P28B
2913	VH-IED	C210
2914	VH-IEE	Y18T
2915	VH-IEF	C172
2916	VH-IEG	C206
2917	VH-IEH	C172
2918	VH-IEI	C172
291A	VH-IEK	PA31
291B	VH-IEL	C172
291C	VH-IEM	C172
291D	VH-IEN	C172
291E	VH-IEO	C182
291F	VH-IEP	GLID
2920	VH-IEQ	C510
2921	VH-IER	WW24
2922	VH-IES	C172
2923	VH-IET	C172
2924	VH-IEU	R66
2925	VH-IEV	C337
2926	VH-IEW	MUS2
2927	VH-IEX	G109
2928	VH-IEY	C182
2934	VH-IFA	GLIM
2935	VH-IFB	AA1
2936	VH-IFC	RV14
2937	VH-IFD	P28U
2938	VH-IFE	G164
2939	VH-IFF	R44
293A	VH-IFG	AA5
293B	VH-IFH	AA5
293C	VH-IFI	AA5
293D	VH-IFJ	C182
293E	VH-IFK	AA5
293F	VH-IFL	AA5
2940	VH-IFM	R44
2941	VH-IFN	AA5
2942	VH-IFO	AA5
2943	VH-IFP	AA1
2944	VH-IFQ	AA5
2945	VH-IFR	C82R
2946	VH-IFS	AA5
2947	VH-IFT	AA5
2948	VH-IFU	AA1
294A	VH-IFW	COZY
294B	VH-IFX	LGEZ
294C	VH-IFY	AA5
294D	VH-IFZ	G164
2958	VH-IGA	C172
2959	VH-IGB	BE55
295A	VH-IGC	GLIM
295B	VH-IGD	C172
295C	VH-IGE	C172
295D	VH-IGF	R22
295E	VH-IGG	AA5
2960	VH-IGI	AA5
2961	VH-IGJ	E290
2962	VH-IGK	PA31
2963	VH-IGL	P28R
2964	VH-IGM	PA25
2965	VH-IGN	AEST
2966	VH-IGO	PA32
2967	VH-IGP	R66
2968	VH-IGQ	PA27
2969	VH-IGR	PA25
296A	VH-IGS	C172
296B	VH-IGT	TB20
296C	VH-IGU	C402
296D	VH-IGV	R22
296E	VH-IGW	GA8
296F	VH-IGX	C152
2970	VH-IGY	C172
2971	VH-IGZ	PTS1
297C	VH-IHA	PA31
297D	VH-IHB	DHC1
297E	VH-IHC	B06
297F	VH-IHD	C337
2981	VH-IHF	BE36
2982	VH-IHG	C180
2983	VH-IHH	B505
2984	VH-IHI	C185
2985	VH-IHJ	C210
2986	VH-IHK	C172
2987	VH-IHL	R44
2988	VH-IHM	BE55
2989	VH-IHN	C82S
298A	VH-IHO	RV3
298B	VH-IHP	BE23
298C	VH-IHQ	C208
298D	VH-IHR	C210
298E	VH-IHS	S92
298F	VH-IHT	B06
2990	VH-IHU	DH82
2991	VH-IHV	EUPA
2992	VH-IHW	H269
2994	VH-IHY	P46T
2995	VH-IHZ	BE55
29A0	VH-IIA	BE55
29A1	VH-IIB	GLID
29A2	VH-IIC	GLID
29A3	VH-IID	GLID
29A4	VH-IIE	GLID
29A5	VH-IIF	GLIM
29A6	VH-IIG	EDGE
29A8	VH-III	CORS
29AA	VH-IIK	GLIM
29AB	VH-IIL	GLIM
29AC	VH-IIM	M18
29AD	VH-IIN	M18
29AE	VH-IIO	C414
29AF	VH-IIP	R44
29B0	VH-IIQ	R44
29B2	VH-IIS	S52
29B3	VH-IIT	GLID
29B4	VH-IIU	GLID
29B5	VH-IIV	G109
29B6	VH-IIW	GLID
29B7	VH-IIX	GLID
29B9	VH-IIZ	BFIT
29C4	VH-IJA	GLID
29C5	VH-IJB	GLIM
29C6	VH-IJC	PA32
29C7	VH-IJD	P28A
29C8	VH-IJE	PTSS
29C9	VH-IJF	PA25
29CA	VH-IJG	LJ35
29CB	VH-IJH	M7
29CD	VH-IJJ	R44
29CE	VH-IJK	P28A
29CF	VH-IJL	M20P
29D0	VH-IJM	BE95
29D1	VH-IJN	M20P
29D2	VH-IJO	M20P
29D3	VH-IJP	GLAS
29D4	VH-IJQ	B738
29D5	VH-IJR	P28A
29D6	VH-IJS	C172
29D7	VH-IJT	P28A
29D8	VH-IJU	B738
29D9	VH-IJV	RV10
29DA	VH-IJW	B738
29DB	VH-IJX	EN28
29DC	VH-IJY	BE20
29DD	VH-IJZ	B462
29E8	VH-IKA	GLID
29E9	VH-IKB	GLIM
29EA	VH-IKC	GLID
29EB	VH-IKD	GLID
29EC	VH-IKE	GLID
29ED	VH-IKF	GLID
29EE	VH-IKG	GLID
29EF	VH-IKH	B06
29F0	VH-IKI	GLID
29F1	VH-IKJ	E290
29F2	VH-IKK	GLID
29F3	VH-IKL	GLID
29F4	VH-IKM	GLID
29F5	VH-IKN	GLID
29F6	VH-IKO	GLID
29F7	VH-IKP	GLID
29F8	VH-IKQ	GLID
29F9	VH-IKR	GLID
29FA	VH-IKS	GLID
29FB	VH-IKT	GLID
29FC	VH-IKU	GLID
29FD	VH-IKV	GLID
29FE	VH-IKW	GLID
29FF	VH-IKX	GLID
2A00	VH-IKY	DA40
2A01	VH-IKZ	GLID
2A0C	VH-ILA	BE55
2A0D	VH-ILB	SU26
2A0E	VH-ILC	BE35
2A0F	VH-ILD	BE55
2A10	VH-ILE	BE35
2A11	VH-ILF	T18
2A12	VH-ILG	BE36
2A13	VH-ILH	BE36
2A14	VH-ILI	M18
2A15	VH-ILJ	LJ60
2A16	VH-ILK	JAB4
2A17	VH-ILL	JAB4
2A18	VH-ILM	P68
2A19	VH-ILN	BE9L
2A1B	VH-ILP	BE33
2A1C	VH-ILQ	BE9L
2A1D	VH-ILR	RV8
2A1E	VH-ILS	B06
2A1F	VH-ILT	BE35
2A21	VH-ILV	BE55
2A22	VH-ILW	ST75
2A24	VH-ILY	BE35
2A25	VH-ILZ	RV7
2A31	VH-IMB	PA23
2A32	VH-IMC	C182
2A33	VH-IMD	P32R
2A34	VH-IME	BK17
2A35	VH-IMF	DHC2
2A36	VH-IMG	C82S
2A37	VH-IMH	BEAR
2A38	VH-IMI	PC7
2A39	VH-IMJ	R22
2A3A	VH-IMK	R66
2A3B	VH-IML	CH7B
2A3C	VH-IMM	P28B
2A3D	VH-IMN	P28R
2A3E	VH-IMO	C182
2A3F	VH-IMP	CP32
2A40	VH-IMQ	PL2
2A41	VH-IMR	RV7
2A42	VH-IMS	C172
2A43	VH-IMT	P28B
2A44	VH-IMU	DHC2
2A45	VH-IMV	C172
2A46	VH-IMW	C172
2A47	VH-IMX	P28A
2A48	VH-IMY	C172
2A49	VH-IMZ	RV10
2A54	VH-INA	P28R
2A55	VH-INB	P28A
2A56	VH-INC	C152
2A57	VH-IND	C152
2A59	VH-INF	RALL
2A5A	VH-ING	SLG2
2A5B	VH-INH	P28A
2A5C	VH-INI	C172
2A5E	VH-INK	ST75
2A5F	VH-INL	S92
2A60	VH-INM	MD52
2A61	VH-INN	C182
2A62	VH-INO	B06
2A63	VH-INP	BE55
2A64	VH-INQ	C152
2A65	VH-INR	P32R
2A66	VH-INS	P28R
2A68	VH-INU	B737
2A69	VH-INV	BE55
2A6A	VH-INW	S22T
2A6B	VH-INX	RV6
2A6C	VH-INY	H500
2A6D	VH-INZ	R22
2A78	VH-IOA	BN2P
2A79	VH-IOB	S108
2A7A	VH-IOC	PA34
2A7B	VH-IOD	PA31
2A7C	VH-IOE	AC50
2A7D	VH-IOF	TOUR
2A7E	VH-IOG	E300
2A7F	VH-IOH	BN2P
2A80	VH-IOI	SKAR
2A81	VH-IOJ	C150
2A82	VH-IOK	C337
2A83	VH-IOL	BE36
2A84	VH-IOM	BE35
2A85	VH-ION	BE58
2A86	VH-IOO	PTS1
2A87	VH-IOP	GA8
2A89	VH-IOR	CP30
2A8A	VH-IOS	BN2P
2A8B	VH-IOT	L39
2A8C	VH-IOU	C182
2A8D	VH-IOV	C208
2A8E	VH-IOW	C182
2A8F	VH-IOX	CA25
2A90	VH-IOY	P2
2A91	VH-IOZ	P68
2A9C	VH-IPA	C182
2A9D	VH-IPB	PTS1
2A9E	VH-IPC	SR22
2A9F	VH-IPD	P28A
2AA0	VH-IPE	S92
2AA1	VH-IPF	TB20
2AA3	VH-IPH	BE76
2AA4	VH-IPI	CH7B
2AA5	VH-IPJ	PA24
2AA6	VH-IPK	S92
2AA7	VH-IPL	GLIM
2AA8	VH-IPM	C82R
2AA9	VH-IPN	F86
2AAA	VH-IPO	P28A
2AAB	VH-IPP	SR20
2AAC	VH-IPQ	S92
2AAD	VH-IPR	R44
2AAE	VH-IPS	R44
2AAF	VH-IPT	CH60
2AB0	VH-IPU	PTS2
2AB1	VH-IPV	P28R
2AB3	VH-IPX	S92
2AB5	VH-IPZ	S92
2AC0	VH-IQA	E190
2AC1	VH-IQB	AS50
2AC2	VH-IQC	C172
2AC3	VH-IQD	C150
2AC4	VH-IQE	C172
2AC5	VH-IQF	C182
2AC6	VH-IQG	S76
2AC7	VH-IQH	A139
2AC8	VH-IQI	C188
2AC9	VH-IQJ	C150
2ACA	VH-IQK	C172
2ACB	VH-IQL	C172
2ACC	VH-IQM	C172
2ACD	VH-IQN	GLID
2ACE	VH-IQO	C182
2ACF	VH-IQP	C182
2AD0	VH-IQQ	C77R
2AD1	VH-IQR	GLEX
2AD4	VH-IQU	E190
2AD5	VH-IQV	C182
2AD6	VH-IQW	C182
2AD7	VH-IQX	C150
2AD8	VH-IQY	E190
2AD9	VH-IQZ	C210
2AE4	VH-IRA	R44
2AE5	VH-IRB	B06
2AE6	VH-IRC	C172
2AE7	VH-IRD	C172
2AE8	VH-IRE	PA38
2AE9	VH-IRF	C182
2AEA	VH-IRG	S12
2AEB	VH-IRH	C172
2AEC	VH-IRI	C206
2AEE	VH-IRK	C172
2AEF	VH-IRL	AT3T
2AF0	VH-IRM	C182
2AF1	VH-IRN	R200
2AF2	VH-IRO	RV14
2AF3	VH-IRP	SR22
2AF4	VH-IRQ	C150
2AF5	VH-IRR	R22
2AF7	VH-IRT	PA32
2AF8	VH-IRU	C150
2AF9	VH-IRV	RV14
2AFA	VH-IRW	PA22
2AFB	VH-IRX	C182
2AFD	VH-IRZ	R66
2B08	VH-ISA	BE55
2B09	VH-ISB	PA32
2B0A	VH-ISC	C152
2B0B	VH-ISD	C172
2B0C	VH-ISE	BE76
2B0F	VH-ISH	C337
2B10	VH-ISI	PTS1
2B12	VH-ISK	R22
2B13	VH-ISL	R22
2B14	VH-ISM	BE24
2B15	VH-ISN	R200
2B16	VH-ISO	P28A
2B17	VH-ISP	S92
2B18	VH-ISQ	RV8
2B19	VH-ISR	RELI
2B1A	VH-ISS	BE20
2B1B	VH-IST	T18
2B1C	VH-ISU	C140
2B1D	VH-ISV	S92
2B1E	VH-ISW	CAD4
2B1F	VH-ISX	PTSS
2B20	VH-ISY	TS11
2B21	VH-ISZ	TS11
2B2C	VH-ITA	EAGL
2B2D	VH-ITB	GLID
2B2E	VH-ITC	C182
2B2F	VH-ITD	P28A
2B30	VH-ITE	P28A
2B31	VH-ITF	PA31
2B32	VH-ITG	BL8
2B33	VH-ITH	BE20
2B34	VH-ITI	CASS
2B35	VH-ITJ	P32R
2B36	VH-ITK	P28A
2B37	VH-ITL	BE58
2B38	VH-ITM	B06
2B3A	VH-ITO	C182
2B3B	VH-ITP	SS2T
2B3C	VH-ITQ	P28A
2B3D	VH-ITR	RV6
2B3E	VH-ITS	C82R
2B3F	VH-ITT	CJ1
2B40	VH-ITU	S92
2B41	VH-ITV	C206
2B42	VH-ITW	P28A
2B43	VH-ITX	C172
2B44	VH-ITY	C172
2B45	VH-ITZ	AC11
2B50	VH-IUA	GLID
2B51	VH-IUB	A139
2B52	VH-IUC	GLID
2B53	VH-IUD	GLID
2B54	VH-IUE	GLID
2B55	VH-IUF	GLID
2B56	VH-IUG	GLID
2B57	VH-IUH	GLID
2B58	VH-IUI	B429
2B59	VH-IUJ	A139
2B5A	VH-IUK	SPIT
2B5B	VH-IUL	GLID
2B5C	VH-IUM	GLID
2B5D	VH-IUN	GLID
2B5F	VH-IUP	GLID
2B60	VH-IUQ	GLIM
2B61	VH-IUR	GLID
2B62	VH-IUS	GLID
2B63	VH-IUT	GLID
2B64	VH-IUU	DA42
2B65	VH-IUV	GLID
2B66	VH-IUW	GLID
2B67	VH-IUX	GLID
2B68	VH-IUY	GLID
2B69	VH-IUZ	GLID
2B74	VH-IVA	C152
2B77	VH-IVD	RV7
2B78	VH-IVE	C72R
2B79	VH-IVF	C172
2B7A	VH-IVG	C185
2B7B	VH-IVH	P28A
2B7C	VH-IVI	R44
2B7D	VH-IVJ	RV7
2B7E	VH-IVK	PIVI
2B7F	VH-IVL	C82T
2B80	VH-IVM	C172
2B82	VH-IVO	LNC2
2B83	VH-IVP	LNC4
2B84	VH-IVQ	AP32
2B85	VH-IVR	C172
2B86	VH-IVS	WIRR
2B87	VH-IVT	C152
2B88	VH-IVU	C172
2B89	VH-IVV	C150
2B8A	VH-IVW	C172
2B8C	VH-IVY	C182
2B98	VH-IWA	BETA
2B99	VH-IWB	C337
2B9A	VH-IWC	PTS1
2B9B	VH-IWD	N320
2B9C	VH-IWE	C182
2B9D	VH-IWF	VEZE
2B9E	VH-IWG	BD5
2B9F	VH-IWH	C150
2BA0	VH-IWI	SS2T
2BA1	VH-IWJ	RV10
2BA2	VH-IWK	C210
2BA3	VH-IWL	P32R
2BA4	VH-IWM	RV6
2BA5	VH-IWN	M20P
2BA6	VH-IWO	PC12
2BA7	VH-IWP	GLID
2BA8	VH-IWQ	B738
2BA9	VH-IWR	R44
2BAA	VH-IWS	R22
2BAB	VH-IWT	R22
2BAC	VH-IWU	AT8T
2BAD	VH-IWV	B429
2BAE	VH-IWW	LNC2
2BAF	VH-IWX	B738
2BB0	VH-IWY	B738
2BB1	VH-IWZ	SR22
2BBC	VH-IXA	AEST
2BBD	VH-IXB	SR22
2BBE	VH-IXC	E300
2BBF	VH-IXD	P68
2BC0	VH-IXE	P68
2BC1	VH-IXF	SPIT
2BC2	VH-IXG	RV10
2BC3	VH-IXH	RV9
2BC4	VH-IXI	T18
2BC5	VH-IXJ	B738
2BC6	VH-IXK	B738
2BC7	VH-IXL	KR2
2BC8	VH-IXM	R22
2BC9	VH-IXN	E300
2BCA	VH-IXO	EV97
2BCB	VH-IXP	PA31
2BCC	VH-IXQ	C180
2BCD	VH-IXR	R22
2BCE	VH-IXS	EUPA
2BCF	VH-IXT	C560
2BD1	VH-IXV	RV9
2BD3	VH-IXX	EC30
2BD4	VH-IXY	GLIM
2BD5	VH-IXZ	GLIM
2BE0	VH-IYA	BL8
2BE1	VH-IYB	P68
2BE2	VH-IYC	P68
2BE3	VH-IYD	P32R
2BE4	VH-IYE	C182
2BE5	VH-IYF	P68
2BE6	VH-IYG	C25A
2BE7	VH-IYH	DH8D
2BE8	VH-IYI	AS50
2BE9	VH-IYJ	DH8D
2BEA	VH-IYK	DH8D
2BEB	VH-IYL	P68
2BEC	VH-IYM	P68
2BEE	VH-IYO	DH8D
2BEF	VH-IYP	DH8D
2BF0	VH-IYQ	S92
2BF1	VH-IYR	EN28
2BF2	VH-IYS	AS65
2BF3	VH-IYT	EN48
2BF4	VH-IYU	S92
2BF5	VH-IYV	DH8D
2BF6	VH-IYW	DH8D
2BF8	VH-IYY	PA32
2BF9	VH-IYZ	DH8D
2C04	VH-IZA	GLID
2C05	VH-IZB	GLID
2C06	VH-IZC	GLID
2C07	VH-IZD	GLID
2C09	VH-IZF	G164
2C0A	VH-IZG	GLID
2C0B	VH-IZH	BN2P
2C0D	VH-IZJ	GLID
2C0F	VH-IZL	GLID
2C11	VH-IZN	GLID
2C12	VH-IZO	GLID
2C13	VH-IZP	R44
2C14	VH-IZQ	GLID
2C15	VH-IZR	GLID
2C16	VH-IZS	GLID
2C17	VH-IZT	GLID
2C18	VH-IZU	GLID
2C19	VH-IZV	GLID
2C1A	VH-IZW	GLID
2C1B	VH-IZX	GLID
2C1C	VH-IZY	GLID
2C1D	VH-IZZ	GLID
2D90	VH-JAA	P32R
2D91	VH-JAB	MUS2
2D92	VH-JAC	C72R
2D93	VH-JAD	AKRO
2D94	VH-JAE	PA36
2D95	VH-JAF	C303
2D96	VH-JAG	C182
2D98	VH-JAI	AT3P
2D99	VH-JAJ	AC50
2D9A	VH-JAK	B06
2D9B	VH-JAL	SLG2
2D9C	VH-JAM	PA38
2D9D	VH-JAN	C82R
2D9E	VH-JAO	E300
2D9F	VH-JAP	PA18
2DA0	VH-JAQ	B06
2DA3	VH-JAT	M20P
2DA4	VH-JAU	DH82
2DA6	VH-JAW	C170
2DA7	VH-JAX	C210
2DA8	VH-JAY	SS2T
2DA9	VH-JAZ	P28A
2DB4	VH-JBA	C207
2DB5	VH-JBB	GLAS
2DB6	VH-JBC	C172
2DB7	VH-JBD	C170
2DB8	VH-JBE	RV8
2DB9	VH-JBF	R22
2DBA	VH-JBG	PA44
2DBB	VH-JBH	BE80
2DBC	VH-JBI	RV10
2DBD	VH-JBJ	GLAS
2DBF	VH-JBL	T18
2DC0	VH-JBM	C185
2DC1	VH-JBN	B47G
2DC2	VH-JBO	PC12
2DC3	VH-JBP	PA34
2DC4	VH-JBQ	EC30
2DC5	VH-JBR	RV14
2DC6	VH-JBS	SS2T
2DC7	VH-JBT	B47G
2DC8	VH-JBU	JABI
2DC9	VH-JBV	C152
2DCA	VH-JBW	R22
2DCB	VH-JBX	C152
2DCC	VH-JBY	EC20
2DCD	VH-JBZ	P32R
2DD8	VH-JCA	C206
2DD9	VH-JCB	H269
2DDA	VH-JCC	R44
2DDB	VH-JCD	SR22
2DDC	VH-JCE	SP55
2DDD	VH-JCF	DH82
2DDE	VH-JCG	FA24
2DDF	VH-JCH	PA31
2DE0	VH-JCI	C310
2DE1	VH-JCJ	BE58
2DE2	VH-JCK	C172
2DE3	VH-JCL	C182
2DE4	VH-JCM	PA24
2DE6	VH-JCO	C185
2DE8	VH-JCQ	C182
2DE9	VH-JCR	C210
2DEA	VH-JCS	C172
2DEB	VH-JCT	JAB4
2DEC	VH-JCU	C82R
2DED	VH-JCV	C310
2DEE	VH-JCW	G164
2DF0	VH-JCY	BE58
2DF1	VH-JCZ	C172
2DFC	VH-JDA	C206
2DFD	VH-JDB	PA24
2DFE	VH-JDC	P28A
2DFF	VH-JDD	P28A
2E00	VH-JDE	D18
2E01	VH-JDF	PA44
2E02	VH-JDG	C72R
2E03	VH-JDH	C172
2E05	VH-JDJ	R44
2E06	VH-JDK	C182
2E08	VH-JDM	DHC1
2E09	VH-JDN	PC12
2E0B	VH-JDP	C172
2E0C	VH-JDQ	C210
2E0D	VH-JDR	RV9
2E0E	VH-JDS	AT5T
2E0F	VH-JDT	C172
2E10	VH-JDU	M20P
2E11	VH-JDV	P28A
2E12	VH-JDW	EXEC
2E13	VH-JDX	C206
2E14	VH-JDY	C210
2E15	VH-JDZ	EC20
2E21	VH-JEB	CA19
2E23	VH-JED	C182
2E24	VH-JEE	RV6
2E25	VH-JEF	B06
2E26	VH-JEG	B47G
2E27	VH-JEH	B06
2E28	VH-JEI	C210
2E29	VH-JEJ	COL4
2E2A	VH-JEK	B407
2E2C	VH-JEM	PA38
2E2D	VH-JEN	YK52
2E2E	VH-JEO	BE9L
2E2F	VH-JEP	EUPA
2E30	VH-JEQ	FU24
2E31	VH-JER	C172
2E32	VH-JES	C208
2E33	VH-JET	B350
2E34	VH-JEU	M20P
2E35	VH-JEV	B407
2E37	VH-JEX	EXEJ
2E38	VH-JEY	SREY
2E39	VH-JEZ	M20T
2E44	VH-JFA	C172
2E45	VH-JFB	F70
2E46	VH-JFC	PA32
2E47	VH-JFD	C172
2E48	VH-JFE	F70
2E49	VH-JFF	P28A
2E4A	VH-JFG	R44
2E4E	VH-JFK	R44
2E4F	VH-JFL	LGEZ
2E51	VH-JFN	AS50
2E52	VH-JFO	C441
2E53	VH-JFP	BE36
2E54	VH-JFQ	EC45
2E55	VH-JFR	C172
2E56	VH-JFS	P32R
2E57	VH-JFT	C210
2E58	VH-JFU	C441
2E59	VH-JFV	EC45
2E5A	VH-JFW	HURI
2E5B	VH-JFX	PA38
2E5C	VH-JFY	P28A
2E5D	VH-JFZ	JPRO
2E68	VH-JGA	C210
2E69	VH-JGB	O1
2E6A	VH-JGC	M20P
2E6B	VH-JGD	M20P
2E6C	VH-JGE	B06
2E6D	VH-JGF	C172
2E6E	VH-JGG	P28A
2E6F	VH-JGH	PA32
2E70	VH-JGI	CH80
2E71	VH-JGJ	C150
2E72	VH-JGK	C340
2E73	VH-JGL	ACAR
2E74	VH-JGM	P32R
2E75	VH-JGN	C172
2E76	VH-JGO	B06
2E77	VH-JGP	BR60
2E78	VH-JGQ	M20P
2E79	VH-JGR	E145
2E7A	VH-JGS	E145
2E7B	VH-JGT	B06
2E7C	VH-JGU	C210
2E7D	VH-JGV	C172
2E7E	VH-JGW	PA24
2E7F	VH-JGX	P32R
2E80	VH-JGY	C172
2E81	VH-JGZ	B06
2E8C	VH-JHA	DHC1
2E8D	VH-JHB	C82R
2E8E	VH-JHC	R22
2E8F	VH-JHD	C182
2E90	VH-JHE	AS50
2E91	VH-JHF	C210
2E92	VH-JHG	R44
2E93	VH-JHH	DA40
2E94	VH-JHI	R22
2E95	VH-JHJ	C82R
2E96	VH-JHK	C152
2E97	VH-JHL	C182
2E98	VH-JHM	R22
2E99	VH-JHN	DHC1
2E9A	VH-JHO	C172
2E9B	VH-JHP	BE20
2E9D	VH-JHR	C188
2E9E	VH-JHS	P28A
2E9F	VH-JHT	C182
2EA0	VH-JHU	DH82
2EA1	VH-JHV	P28A
2EA2	VH-JHW	P28A
2EA3	VH-JHX	P28A
2EA4	VH-JHY	C172
2EA5	VH-JHZ	R22
2EB0	VH-JIA	C206
2EB1	VH-JIB	R44
2EB2	VH-JIC	S52
2EB3	VH-JID	AT8T
2EB4	VH-JIE	HUSK
2EB7	VH-JIH	P32R
2EB8	VH-JII	CL60
2EB9	VH-JIJ	P28A
2EBA	VH-JIK	C182
2EBB	VH-JIL	C210
2EBC	VH-JIM	C182
2EBD	VH-JIN	J1
2EBE	VH-JIO	P28A
2EBF	VH-JIP	AP22
2EC0	VH-JIQ	P28S
2EC1	VH-JIR	BL8
2EC2	VH-JIS	BE77
2EC3	VH-JIT	P28B
2EC4	VH-JIU	B06
2EC5	VH-JIV	R22
2EC6	VH-JIW	B407
2EC7	VH-JIX	C72R
2EC9	VH-JIZ	C77R
2ED4	VH-JJA	SR22
2ED5	VH-JJB	R44
2ED6	VH-JJC	C72R
2ED7	VH-JJD	SS2T
2ED8	VH-JJE	GLST
2ED9	VH-JJF	M5
2EDA	VH-JJG	C172
2EDB	VH-JJH	RV7
2EDC	VH-JJI	C188
2EDD	VH-JJJ	AA5
2EDE	VH-JJK	JAB4
2EDF	VH-JJL	C182
2EE0	VH-JJM	DR10
2EE1	VH-JJN	BE58
2EE2	VH-JJO	C206
2EE3	VH-JJP	B06
2EE4	VH-JJQ	RV7
2EE5	VH-JJR	B212
2EE7	VH-JJT	TB21
2EE9	VH-JJV	RV6
2EEA	VH-JJW	DH82
2EEB	VH-JJX	BE55
2EEC	VH-JJY	B212
2EF8	VH-JKA	C150
2EF9	VH-JKB	GLIM
2EFA	VH-JKC	RV6
2EFB	VH-JKD	S108
2EFC	VH-JKE	C82R
2EFD	VH-JKF	R44
2EFE	VH-JKG	P28A
2EFF	VH-JKH	R22
2F00	VH-JKI	C177
2F01	VH-JKJ	R22
2F02	VH-JKK	B06
2F03	VH-JKL	BE36
2F04	VH-JKM	G2CA
2F05	VH-JKN	C172
2F06	VH-JKO	R44
2F07	VH-JKP	C188
2F08	VH-JKQ	H500
2F09	VH-JKR	AKRO
2F0A	VH-JKS	R22
2F0B	VH-JKT	P28R
2F0C	VH-JKU	PC12
2F0D	VH-JKV	VALI
2F0E	VH-JKW	SM19
2F0F	VH-JKX	AS50
2F11	VH-JKZ	BE36
2F1C	VH-JLA	ST75
2F1E	VH-JLC	C210
2F1F	VH-JLD	C72R
2F20	VH-JLE	C172
2F21	VH-JLF	BE33
2F23	VH-JLH	PA18
2F24	VH-JLI	C77R
2F25	VH-JLJ	C501
2F26	VH-JLK	C208
2F27	VH-JLL	DIMO
2F28	VH-JLM	C182
2F29	VH-JLN	C208
2F2A	VH-JLO	M6
2F2B	VH-JLP	C180
2F2C	VH-JLQ	C182
2F2D	VH-JLR	LNC2
2F2E	VH-JLS	C182
2F2F	VH-JLT	C441
2F30	VH-JLU	C550
2F31	VH-JLV	C152
2F32	VH-JLW	ST75
2F33	VH-JLX	RODS
2F34	VH-JLY	C182
2F40	VH-JMA	M7
2F42	VH-JMC	GLID
2F43	VH-JMD	PA31
2F44	VH-JME	DH82
2F45	VH-JMF	C82R
2F46	VH-JMG	C210
2F47	VH-JMH	PA31
2F48	VH-JMI	R44
2F49	VH-JMJ	C182
2F4A	VH-JMK	PA30
2F4B	VH-JML	BE58
2F4C	VH-JMM	B06
2F4F	VH-JMP	C310
2F50	VH-JMQ	PA30
2F51	VH-JMR	M20T
2F52	VH-JMS	C210
2F54	VH-JMU	PC12
2F55	VH-JMV	N320
2F56	VH-JMW	C310
2F57	VH-JMX	C172
2F58	VH-JMY	H269
2F59	VH-JMZ	WIRR
2F64	VH-JNA	CH80
2F66	VH-JNC	C182
2F67	VH-JND	FOX
2F68	VH-JNE	C182
2F69	VH-JNF	SLG4
2F6A	VH-JNG	P32R
2F6B	VH-JNH	C182
2F6C	VH-JNI	PA32
2F6D	VH-JNJ	C172
2F6E	VH-JNK	R22
2F6F	VH-JNL	R22
2F70	VH-JNM	R22
2F71	VH-JNN	R22
2F72	VH-JNO	R22
2F73	VH-JNP	R22
2F74	VH-JNQ	R22
2F75	VH-JNR	S22T
2F76	VH-JNS	B212
2F77	VH-JNT	SR22
2F78	VH-JNU	C72R
2F79	VH-JNV	P32R
2F7A	VH-JNW	AT8T
2F7B	VH-JNX	G2CA
2F7C	VH-JNY	C172
2F7D	VH-JNZ	C310
2F88	VH-JOA	B06
2F89	VH-JOB	C310
2F8A	VH-JOC	C337
2F8B	VH-JOD	PA34
2F8C	VH-JOE	C337
2F8F	VH-JOH	C402
2F90	VH-JOI	C310
2F91	VH-JOJ	PA38
2F92	VH-JOK	C172
2F93	VH-JOL	BOLT
2F94	VH-JOM	T210
2F95	VH-JON	SASP
2F96	VH-JOO	PZ4M
2F97	VH-JOP	C172
2F98	VH-JOQ	C210
2F99	VH-JOR	C404
2F9B	VH-JOT	R22
2F9C	VH-JOU	C182
2F9D	VH-JOV	C402
2F9E	VH-JOW	B06
2FA0	VH-JOY	RV6
2FA1	VH-JOZ	C208
2FAC	VH-JPA	R66
2FAD	VH-JPB	TAIL
2FAE	VH-JPC	BE23
2FAF	VH-JPD	SR22
2FB0	VH-JPE	JPRO
2FB1	VH-JPF	AP22
2FB4	VH-JPI	C180
2FB5	VH-JPJ	BE36
2FB6	VH-JPK	P28A
2FB7	VH-JPL	P28A
2FB8	VH-JPM	P28A
2FB9	VH-JPN	C82R
2FBA	VH-JPO	AC50
2FBB	VH-JPP	R44
2FBD	VH-JPR	PA32
2FBE	VH-JPS	T18
2FBF	VH-JPT	GLID
2FC0	VH-JPU	R44
2FC1	VH-JPV	JPRO
2FC3	VH-JPX	PTS1
2FC5	VH-JPZ	R22
2FD1	VH-JQB	B222
2FD2	VH-JQC	C182
2FD3	VH-JQD	PA44
2FD6	VH-JQG	A320
2FD7	VH-JQH	GLAS
2FD8	VH-JQI	PA38
2FD9	VH-JQJ	PA38
2FDA	VH-JQK	C310
2FDB	VH-JQL	A320
2FDC	VH-JQM	P68
2FDD	VH-JQN	B06
2FDE	VH-JQO	P28A
2FDF	VH-JQP	C172
2FE0	VH-JQQ	C172
2FE1	VH-JQR	B412
2FE2	VH-JQS	PA31
2FE3	VH-JQT	P28R
2FE5	VH-JQV	P28A
2FE6	VH-JQW	AT8T
2FE7	VH-JQX	A320
2FE8	VH-JQY	ST75
2FE9	VH-JQZ	R22
2FF4	VH-JRA	PA31
2FF5	VH-JRB	RV8
2FF6	VH-JRC	C172
2FF7	VH-JRD	S76
2FF8	VH-JRE	B06
2FF9	VH-JRF	B06
2FFA	VH-JRG	GLID
2FFB	VH-JRH	CH30
2FFC	VH-JRI	B06
2FFD	VH-JRJ	AS50
2FFE	VH-JRK	C414
2FFF	VH-JRL	SR22
3001	VH-JRN	M18
3002	VH-JRO	B06
3003	VH-JRP	P28A
3004	VH-JRQ	R44
3005	VH-JRR	WT9
3006	VH-JRS	DH82
3007	VH-JRT	BE76
3009	VH-JRV	RV10
300B	VH-JRX	B505
300C	VH-JRY	R44
300D	VH-JRZ	B06
3018	VH-JSA	MAMB
3019	VH-JSB	PA27
301A	VH-JSC	C210
301B	VH-JSD	M20P
301C	VH-JSE	C150
301D	VH-JSF	C182
301E	VH-JSG	ACAR
301F	VH-JSH	C182
3020	VH-JSI	R44
3021	VH-JSJ	R22
3022	VH-JSK	AA5
3023	VH-JSL	LGEZ
3024	VH-JSM	AS50
3025	VH-JSN	C152
3026	VH-JSO	C525
3027	VH-JSP	RV9
3028	VH-JSQ	SR22
3029	VH-JSR	GLIM
302A	VH-JSS	M18
302B	VH-JST	TB20
302C	VH-JSU	B06
302D	VH-JSV	B06
302F	VH-JSX	RV8
3030	VH-JSY	C182
3031	VH-JSZ	C525
303C	VH-JTA	C182
303D	VH-JTB	TB20
303E	VH-JTC	HUSK
303F	VH-JTD	C182
3040	VH-JTE	AT5T
3041	VH-JTF	TOBA
3042	VH-JTG	LJ35
3044	VH-JTI	B06
3045	VH-JTJ	M18
3046	VH-JTK	TB20
3047	VH-JTL	SREY
3048	VH-JTM	C195
3049	VH-JTN	TB20
304A	VH-JTO	RV14
304B	VH-JTP	TB20
304C	VH-JTQ	AS50
304D	VH-JTR	GLST
304E	VH-JTS	L39
304F	VH-JTT	TB20
3050	VH-JTU	RV7
3051	VH-JTV	C310
3052	VH-JTW	TB20
3053	VH-JTX	TB20
3054	VH-JTY	TB20
3062	VH-JUC	P51
3063	VH-JUD	T28
3064	VH-JUE	C152
3065	VH-JUF	B407
3066	VH-JUG	PA36
3067	VH-JUH	R44
3068	VH-JUI	R22
3069	VH-JUJ	B47G
306B	VH-JUL	PA31
306C	VH-JUM	R22
306D	VH-JUN	P28U
306E	VH-JUO	P28A
306F	VH-JUP	C337
3070	VH-JUQ	SS2T
3072	VH-JUS	GLID
3073	VH-JUT	C150
3074	VH-JUU	R44
3075	VH-JUV	CRBN
3076	VH-JUW	BE77
3077	VH-JUX	ST75
3078	VH-JUY	C172
3079	VH-JUZ	P28B
3084	VH-JVA	P32R
3085	VH-JVB	C441
3086	VH-JVC	AS50
3087	VH-JVD	PA31
3088	VH-JVE	C441
3089	VH-JVF	BE76
308A	VH-JVG	C72R
308B	VH-JVH	B06
308C	VH-JVI	H269
308D	VH-JVJ	P28S
308E	VH-JVK	C77R
308F	VH-JVL	C441
3090	VH-JVM	G115
3091	VH-JVN	C441
3092	VH-JVO	C310
3093	VH-JVP	ST75
3094	VH-JVQ	C172
3095	VH-JVR	C206
3096	VH-JVS	AS50
3097	VH-JVT	G115
3098	VH-JVU	C72R
309A	VH-JVW	R22
309B	VH-JVX	PA46
309C	VH-JVY	C441
309D	VH-JVZ	C180
30A8	VH-JWA	C207
30AA	VH-JWC	RV7
30AB	VH-JWD	AS50
30AC	VH-JWE	B06
30AD	VH-JWF	B06
30AE	VH-JWG	BE36
30AF	VH-JWH	PA31
30B0	VH-JWI	GLST
30B1	VH-JWJ	H500
30B3	VH-JWL	RV7
30B4	VH-JWM	HUSK
30B5	VH-JWN	R44
30B7	VH-JWP	BE58
30B8	VH-JWQ	B47G
30B9	VH-JWR	GA20
30BA	VH-JWS	B06
30BB	VH-JWT	R22
30BC	VH-JWU	C150
30BD	VH-JWV	B212
30BE	VH-JWW	DA40
30BF	VH-JWX	P28A
30C0	VH-JWY	P28A
30C1	VH-JWZ	R22
30CC	VH-JXA	C188
30CD	VH-JXB	C208
30CE	VH-JXC	M20P
30CF	VH-JXD	C185
30D0	VH-JXE	R22
30D1	VH-JXF	R22
30D3	VH-JXH	C188
30D4	VH-JXI	C172
30D5	VH-JXJ	R22
30D6	VH-JXK	C188
30D8	VH-JXM	C182
30D9	VH-JXN	RV9
30DA	VH-JXO	H269
30DB	VH-JXP	C172
30DC	VH-JXQ	R44
30DD	VH-JXR	P28A
30DE	VH-JXS	AP22
30DF	VH-JXT	R22
30E0	VH-JXU	R22
30E1	VH-JXV	C182
30E2	VH-JXW	M7
30E3	VH-JXX	R22
30E4	VH-JXY	R200
30E5	VH-JXZ	R22
30F0	VH-JYA	B190
30F1	VH-JYB	M7
30F2	VH-JYC	CH75
30F3	VH-JYD	C182
30F4	VH-JYE	R44
30F5	VH-JYF	R44
30F6	VH-JYG	C82R
30F7	VH-JYH	C77R
30F8	VH-JYI	C82R
30F9	VH-JYJ	P28A
30FA	VH-JYK	P28A
30FE	VH-JYO	PA27
30FF	VH-JYP	C150
3100	VH-JYQ	C150
3101	VH-JYR	R44
3102	VH-JYS	B105
3103	VH-JYT	R44
3104	VH-JYU	BE58
3105	VH-JYV	EC20
3106	VH-JYW	C172
3107	VH-JYX	EC20
3108	VH-JYY	C414
3109	VH-JYZ	RV6
3114	VH-JZA	R22
3115	VH-JZB	B06
3116	VH-JZC	PA38
3117	VH-JZD	R22
3118	VH-JZE	LGEZ
3119	VH-JZF	C182
311B	VH-JZH	B06
311C	VH-JZI	C150
311D	VH-JZJ	C172
311E	VH-JZK	P28A
311F	VH-JZL	C206
3120	VH-JZM	R22
3121	VH-JZN	B06
3122	VH-JZO	GLID
3125	VH-JZR	R22
3126	VH-JZS	R22
3127	VH-JZT	R44
3128	VH-JZU	C172
3129	VH-JZV	LJ35
312A	VH-JZW	C310
312B	VH-JZX	AS55
312C	VH-JZY	R22
312D	VH-JZZ	C150
32A0	VH-KAA	R44
32A1	VH-KAB	J1
32A2	VH-KAC	B412
32A3	VH-KAD	C206
32A4	VH-KAE	EUPA
32A5	VH-KAF	PA30
32A6	VH-KAG	BE36
32A7	VH-KAH	BE36
32A8	VH-KAI	DA40
32A9	VH-KAJ	PA38
32AA	VH-KAK	AC50
32AB	VH-KAL	ACAR
32AC	VH-KAM	C82S
32AD	VH-KAN	T28
32AE	VH-KAO	P28R
32AF	VH-KAP	ADVE
32B0	VH-KAQ	J1
32B1	VH-KAR	BL8
32B2	VH-KAS	ACAR
32B3	VH-KAT	C182
32B4	VH-KAU	BE36
32B5	VH-KAV	AC50
32B6	VH-KAW	B47G
32B7	VH-KAX	RV7
32B8	VH-KAY	C182
32B9	VH-KAZ	J1
32C4	VH-KBA	ADVE
32C5	VH-KBB	C82R
32C6	VH-KBC	J1
32C7	VH-KBD	P28T
32C8	VH-KBE	J1
32C9	VH-KBF	C152
32CA	VH-KBG	J1
32CB	VH-KBH	R44
32CC	VH-KBI	J1
32CD	VH-KBJ	J1
32CE	VH-KBK	J1
32CF	VH-KBL	C172
32D0	VH-KBM	C206
32D1	VH-KBN	C206
32D2	VH-KBO	P68
32D3	VH-KBP	ACAR
32D4	VH-KBQ	J1
32D5	VH-KBR	M20P
32D6	VH-KBS	C150
32D7	VH-KBT	ACAR
32D8	VH-KBU	J1
32D9	VH-KBV	ALPI
32DA	VH-KBW	P28A
32DB	VH-KBX	F70
32DD	VH-KBZ	SR22
32E9	VH-KCB	ACAR
32EA	VH-KCC	GLST
32EC	VH-KCE	AS50
32ED	VH-KCF	E300
32EF	VH-KCH	R44
32F0	VH-KCI	BE36
32F1	VH-KCJ	J1
32F2	VH-KCK	BE35
32F3	VH-KCL	C402
32F4	VH-KCM	J1
32F5	VH-KCN	BE58
32F7	VH-KCP	J1
32F8	VH-KCQ	M20P
32F9	VH-KCR	J1
32FA	VH-KCS	A660
32FB	VH-KCT	J1
32FC	VH-KCU	J1
32FD	VH-KCV	JAB4
32FE	VH-KCW	J1
32FF	VH-KCX	J1
3300	VH-KCY	ACAR
3301	VH-KCZ	J1
330C	VH-KDA	J1
330E	VH-KDC	M20P
330F	VH-KDD	C182
3310	VH-KDE	C150
3311	VH-KDF	P32T
3312	VH-KDG	C82R
3313	VH-KDH	C182
3314	VH-KDI	C172
3315	VH-KDJ	C172
3316	VH-KDK	SF34
3317	VH-KDL	BE23
3318	VH-KDM	C210
3319	VH-KDN	AT3T
331A	VH-KDO	RV4
331B	VH-KDP	RV7
331C	VH-KDQ	SF34
331D	VH-KDR	AT5T
331F	VH-KDT	BE36
3320	VH-KDU	C182
3321	VH-KDV	SF34
3322	VH-KDW	C182
3323	VH-KDX	GLID
3324	VH-KDY	C172
3325	VH-KDZ	C182
3330	VH-KEA	RV7
3331	VH-KEB	T51
3332	VH-KEC	M20P
3333	VH-KED	M20P
3334	VH-KEE	C182
3335	VH-KEF	AC11
3336	VH-KEG	BE55
3337	VH-KEH	DH82
3338	VH-KEI	C182
333A	VH-KEK	P32R
333B	VH-KEL	RV7
333C	VH-KEM	BE36
333E	VH-KEO	PA32
333F	VH-KEP	P28A
3340	VH-KEQ	C172
3341	VH-KER	PA32
3342	VH-KES	C195
3343	VH-KET	BE55
3344	VH-KEU	C172
3345	VH-KEV	ACAR
3346	VH-KEW	BE58
3347	VH-KEX	R44
3348	VH-KEY	BE36
3349	VH-KEZ	C402
3354	VH-KFA	C172
3355	VH-KFB	PA22
3356	VH-KFC	PA22
3357	VH-KFD	C82R
3358	VH-KFE	BE20
3359	VH-KFF	PA31
335A	VH-KFG	C185
335B	VH-KFH	BE20
335C	VH-KFI	C206
335D	VH-KFJ	PA22
335E	VH-KFK	BE58
335F	VH-KFL	C337
3361	VH-KFN	C172
3362	VH-KFO	PA44
3363	VH-KFP	G109
3364	VH-KFQ	PA31
3365	VH-KFR	C182
3366	VH-KFS	C182
3367	VH-KFT	R66
3368	VH-KFU	PA31
3369	VH-KFV	R22
336A	VH-KFW	PA31
336B	VH-KFX	BE20
336C	VH-KFY	P28A
3378	VH-KGA	R44
3379	VH-KGB	RODS
337A	VH-KGC	C172
337B	VH-KGD	CH7B
337C	VH-KGE	PA31
337D	VH-KGF	P28S
337E	VH-KGG	C182
337F	VH-KGH	P28A
3380	VH-KGI	C210
3381	VH-KGJ	C172
3382	VH-KGK	BE58
3383	VH-KGL	BE33
3384	VH-KGM	C172
3385	VH-KGN	RV7
3386	VH-KGO	K100
3387	VH-KGP	P28R
3389	VH-KGR	TOUR
338A	VH-KGS	DH82
338B	VH-KGT	C82T
338C	VH-KGU	Y18T
338D	VH-KGV	YK52
338E	VH-KGW	CP60
338F	VH-KGX	SW4
3390	VH-KGY	YK52
3391	VH-KGZ	AKRO
339C	VH-KHA	RV6
339D	VH-KHB	PA32
339E	VH-KHC	C172
33A0	VH-KHE	C172
33A1	VH-KHF	PA38
33A2	VH-KHG	PA44
33A5	VH-KHJ	GLID
33A6	VH-KHK	B06
33A8	VH-KHM	R44
33A9	VH-KHN	P28A
33AB	VH-KHP	TOUR
33AC	VH-KHQ	B06
33AD	VH-KHR	EC20
33AE	VH-KHS	R22
33AF	VH-KHT	C172
33B0	VH-KHU	B412
33B1	VH-KHV	C172
33B2	VH-KHW	B412
33B3	VH-KHX	R22
33B4	VH-KHY	B212
33B5	VH-KHZ	C206
33C0	VH-KIA	C172
33C1	VH-KIB	PA31
33C2	VH-KIC	PA18
33C3	VH-KID	P28A
33C4	VH-KIE	B212
33C5	VH-KIF	P28B
33C6	VH-KIG	PA31
33C7	VH-KIH	C172
33C8	VH-KII	C172
33C9	VH-KIJ	B212
33CA	VH-KIK	C172
33CB	VH-KIL	BU31
33CC	VH-KIM	PA15
33CE	VH-KIO	PA31
33CF	VH-KIP	B47G
33D0	VH-KIQ	GA8
33D1	VH-KIR	RF10
33D2	VH-KIS	R22
33D3	VH-KIT	C172
33D4	VH-KIU	B47G
33D5	VH-KIV	GLAS
33D6	VH-KIW	LA25
33D7	VH-KIX	GLAS
33D8	VH-KIY	PA31
33D9	VH-KIZ	MR35
33E4	VH-KJA	C172
33E6	VH-KJC	GY80
33E7	VH-KJD	RV8
33E9	VH-KJF	PTS1
33EA	VH-KJG	LJ35
33EB	VH-KJH	PA25
33EC	VH-KJI	C182
33ED	VH-KJJ	C206
33EE	VH-KJK	C172
33EF	VH-KJL	C210
33F0	VH-KJM	PA44
33F1	VH-KJN	SR22
33F2	VH-KJO	P28T
33F3	VH-KJP	RV6
33F4	VH-KJQ	JAB4
33F5	VH-KJR	C172
33F6	VH-KJS	RV8
33F9	VH-KJV	SR22
33FA	VH-KJW	P28R
33FB	VH-KJX	GLAS
33FC	VH-KJY	C182
33FD	VH-KJZ	RV10
3408	VH-KKA	C172
3409	VH-KKB	C152
340C	VH-KKE	C152
340D	VH-KKF	M20P
340F	VH-KKH	KR2
3410	VH-KKI	R22
3411	VH-KKJ	H269
3412	VH-KKK	BE35
3413	VH-KKL	BR61
3414	VH-KKM	R44
3415	VH-KKN	M20P
3416	VH-KKO	PA22
3417	VH-KKP	R22
3418	VH-KKQ	P28B
3419	VH-KKR	PA18
341B	VH-KKT	PTS1
341C	VH-KKU	EAGX
341D	VH-KKV	C82R
341E	VH-KKW	K100
341F	VH-KKX	R22
3420	VH-KKY	SR22
3421	VH-KKZ	BL8
342C	VH-KLA	PA25
342E	VH-KLC	SR20
3430	VH-KLE	CH7B
3431	VH-KLF	P28A
3432	VH-KLG	PA25
3433	VH-KLH	LNC2
3434	VH-KLI	PA18
3435	VH-KLJ	C182
3436	VH-KLK	CJ1
3437	VH-KLL	PA22
3439	VH-KLN	RV10
343A	VH-KLO	C170
343B	VH-KLP	R22
343D	VH-KLR	P28A
343E	VH-KLS	PA31
343F	VH-KLT	M20P
3440	VH-KLU	P28A
3441	VH-KLV	RV9
3442	VH-KLW	R44
3443	VH-KLX	P28B
3444	VH-KLY	R22
3445	VH-KLZ	PA25
3450	VH-KMA	AT3T
3451	VH-KMB	WBOO
3452	VH-KMC	C150
3453	VH-KMD	AC11
3454	VH-KME	RV4
3455	VH-KMF	DHC1
3456	VH-KMG	C182
3457	VH-KMH	C172
3458	VH-KMI	AS50
3459	VH-KMJ	C150
345A	VH-KMK	C150
345B	VH-KML	C150
345C	VH-KMM	YK52
345D	VH-KMN	PA34
345E	VH-KMO	P28A
345F	VH-KMP	P28A
3460	VH-KMQ	SLG4
3461	VH-KMR	RV7
3463	VH-KMT	BE36
3464	VH-KMU	BE36
3465	VH-KMV	PA30
3466	VH-KMW	PA31
3467	VH-KMX	GLAS
3468	VH-KMY	RV10
3469	VH-KMZ	BE55
3475	VH-KNB	GA8
3476	VH-KNC	C205
3477	VH-KND	R44
3478	VH-KNE	GA8
3479	VH-KNF	R44
347B	VH-KNH	C182
347C	VH-KNI	PA34
347E	VH-KNK	R44
347F	VH-KNL	HRNT
3480	VH-KNM	P28R
3482	VH-KNO	AT5T
3483	VH-KNP	P68
3484	VH-KNQ	C208
3485	VH-KNR	WW24
3486	VH-KNS	WW24
3487	VH-KNT	R22
3488	VH-KNU	WW24
3489	VH-KNV	PA46
348A	VH-KNW	C182
348B	VH-KNX	DH82
348C	VH-KNY	PA27
348D	VH-KNZ	C82R
3498	VH-KOA	C150
349A	VH-KOC	C210
349B	VH-KOD	C172
349C	VH-KOE	C172
349E	VH-KOG	C172
349F	VH-KOH	RV4
34A0	VH-KOI	C182
34A1	VH-KOJ	C172
34A2	VH-KOK	JAB4
34A3	VH-KOL	A119
34A4	VH-KOM	C310
34A5	VH-KON	C182
34A6	VH-KOO	P28A
34A7	VH-KOP	C182
34A8	VH-KOQ	C172
34A9	VH-KOR	C172
34AA	VH-KOS	C72R
34AB	VH-KOT	C172
34AC	VH-KOU	C172
34AE	VH-KOW	C172
34AF	VH-KOX	C150
34B0	VH-KOY	L14
34B1	VH-KOZ	RALL
34BF	VH-KPD	C150
34C0	VH-KPE	C150
34C1	VH-KPF	C185
34C2	VH-KPG	C206
34C3	VH-KPH	RV6
34C4	VH-KPI	C150
34C5	VH-KPJ	C150
34C6	VH-KPK	S76
34C8	VH-KPM	C150
34CA	VH-KPO	C150
34CB	VH-KPP	RV6
34CC	VH-KPQ	DH82
34CD	VH-KPR	C172
34CE	VH-KPS	C150
34CF	VH-KPT	SF25
34D0	VH-KPU	C150
34D1	VH-KPV	C182
34D3	VH-KPX	C150
34D4	VH-KPY	CRES
34D5	VH-KPZ	C185
34E0	VH-KQA	C402
34E2	VH-KQC	C188
34E3	VH-KQD	CT4
34E4	VH-KQE	CT4
34E5	VH-KQF	B350
34E6	VH-KQG	CT4
34E7	VH-KQH	R44
34E8	VH-KQI	CT4
34E9	VH-KQJ	CT4
34EA	VH-KQK	C150
34EB	VH-KQL	S76
34EC	VH-KQM	T206
34ED	VH-KQN	C150
34EE	VH-KQO	C150
34EF	VH-KQP	CT4
34F0	VH-KQQ	BR61
34F1	VH-KQR	C150
34F2	VH-KQS	C150
34F3	VH-KQT	C150
34F4	VH-KQU	C150
34F5	VH-KQV	C150
34F6	VH-KQW	CT4
34F8	VH-KQY	C150
34F9	VH-KQZ	C188
3504	VH-KRA	R22
3505	VH-KRB	C182
3506	VH-KRC	C182
3507	VH-KRD	P28A
3508	VH-KRE	C182
3509	VH-KRF	GLID
350A	VH-KRG	AS50
350B	VH-KRH	C182
350C	VH-KRI	C182
350D	VH-KRJ	GLIM
350E	VH-KRK	R44
350F	VH-KRL	AUS3
3510	VH-KRM	Y18T
3511	VH-KRN	PIVI
3512	VH-KRO	GLID
3513	VH-KRP	RV8
3514	VH-KRQ	C182
3515	VH-KRR	C172
3517	VH-KRT	KR2
3518	VH-KRU	C182
351A	VH-KRW	C180
351B	VH-KRX	SF34
351D	VH-KRZ	KR2
3528	VH-KSA	C208
3529	VH-KSB	R22
352A	VH-KSC	M18
352B	VH-KSD	B06
352C	VH-KSE	C210
352D	VH-KSF	FU24
352F	VH-KSH	R44
3530	VH-KSI	AS32
3531	VH-KSJ	R44
3532	VH-KSK	ADVE
3534	VH-KSM	S108
3535	VH-KSN	ADVE
3536	VH-KSO	B47G
3537	VH-KSP	J1
3538	VH-KSQ	C510
3539	VH-KSR	C172
353A	VH-KSS	C210
353B	VH-KST	C210
353C	VH-KSU	PC12
353D	VH-KSV	B06
353E	VH-KSW	AC11
353F	VH-KSX	M20P
3540	VH-KSY	B06
3541	VH-KSZ	ADVE
354C	VH-KTA	EXEC
354D	VH-KTB	BE76
354E	VH-KTC	GLID
354F	VH-KTD	RV7
3550	VH-KTE	C210
3551	VH-KTF	BE76
3552	VH-KTG	BL8
3553	VH-KTH	RV4
3554	VH-KTI	EUPA
3555	VH-KTJ	AC11
3556	VH-KTK	RV10
3557	VH-KTL	C152
3558	VH-KTM	C152
3559	VH-KTN	P28A
355A	VH-KTO	PA25
355B	VH-KTP	PA38
355C	VH-KTQ	PA34
355D	VH-KTR	C172
355E	VH-KTS	RV6
3560	VH-KTU	R22
3561	VH-KTV	C172
3563	VH-KTX	PA31
3564	VH-KTY	P40
3565	VH-KTZ	R44
3570	VH-KUA	T210
3571	VH-KUB	C150
3572	VH-KUC	C150
3573	VH-KUD	C150
3574	VH-KUE	BL8
3575	VH-KUF	C150
3576	VH-KUG	PA30
3577	VH-KUH	C172
3578	VH-KUI	R44
3579	VH-KUJ	C150
357A	VH-KUK	C150
357B	VH-KUL	C150
357C	VH-KUM	C150
357D	VH-KUN	AUS6
357E	VH-KUO	C150
357F	VH-KUP	C172
3581	VH-KUR	C172
3582	VH-KUS	C150
3583	VH-KUT	BE35
3584	VH-KUU	C150
3585	VH-KUV	C150
3586	VH-KUW	C172
3587	VH-KUX	C337
3588	VH-KUY	C172
3589	VH-KUZ	GA8
3594	VH-KVA	C188
3595	VH-KVB	DIMO
3596	VH-KVC	DR10
3597	VH-KVD	C182
3598	VH-KVE	S22T
3599	VH-KVF	RV7
359A	VH-KVG	P28S
359B	VH-KVH	DH82
359C	VH-KVI	RV8
359D	VH-KVJ	R22
359F	VH-KVL	EXEC
35A0	VH-KVM	R44
35A1	VH-KVN	GLSP
35A2	VH-KVO	C150
35A3	VH-KVP	RV8
35A4	VH-KVQ	C150
35A5	VH-KVR	C210
35A6	VH-KVS	C150
35A7	VH-KVT	C206
35A8	VH-KVU	C150
35AA	VH-KVW	C185
35AB	VH-KVX	R44
35AC	VH-KVY	PA36
35AD	VH-KVZ	L39
35B8	VH-KWA	M20P
35B9	VH-KWB	C172
35BA	VH-KWC	C172
35BB	VH-KWD	C172
35BC	VH-KWE	B47G
35BD	VH-KWF	M20P
35BE	VH-KWG	C172
35BF	VH-KWH	TBM7
35C0	VH-KWI	C172
35C1	VH-KWJ	C172
35C2	VH-KWK	BE35
35C3	VH-KWL	P39
35C4	VH-KWM	GLAS
35C5	VH-KWN	C182
35C6	VH-KWO	PC24
35C7	VH-KWP	AEST
35C8	VH-KWQ	C172
35C9	VH-KWR	PA27
35CA	VH-KWS	C210
35CB	VH-KWT	R44
35CC	VH-KWU	B412
35CE	VH-KWW	R22
35CF	VH-KWX	T206
35D0	VH-KWY	BE35
35D1	VH-KWZ	PC12
35DC	VH-KXA	C172
35DD	VH-KXB	C172
35DE	VH-KXC	C150
35DF	VH-KXD	G164
35E0	VH-KXE	C150
35E1	VH-KXF	C150
35E2	VH-KXG	C310
35E3	VH-KXH	C150
35E4	VH-KXI	C150
35E5	VH-KXJ	PA12
35E6	VH-KXK	BE55
35E7	VH-KXL	C525
35E8	VH-KXM	C510
35E9	VH-KXN	C140
35EA	VH-KXO	CH60
35EB	VH-KXP	C172
35ED	VH-KXR	SR22
35EE	VH-KXS	H500
35EF	VH-KXT	FU24
35F0	VH-KXU	C172
35F1	VH-KXV	SLG4
35F2	VH-KXW	C172
35F3	VH-KXX	EC20
35F4	VH-KXY	XL2
35F5	VH-KXZ	XL2
3601	VH-KYB	GLID
3602	VH-KYC	GLID
3603	VH-KYD	GLID
3604	VH-KYE	GLIM
3605	VH-KYF	GLID
3606	VH-KYG	GLID
3607	VH-KYH	BL8
3609	VH-KYJ	GLID
360A	VH-KYK	GLID
360B	VH-KYL	GLID
360C	VH-KYM	GLID
360D	VH-KYN	GLID
360E	VH-KYO	GLID
360F	VH-KYP	GLID
3610	VH-KYQ	SS2T
3611	VH-KYR	GLID
3612	VH-KYS	GLID
3613	VH-KYT	GLID
3614	VH-KYU	GLID
3615	VH-KYV	GLID
3616	VH-KYW	C172
3617	VH-KYX	GLID
3618	VH-KYY	GLID
3624	VH-KZA	BE33
3625	VH-KZB	C188
3626	VH-KZC	BE33
3627	VH-KZD	A109
3628	VH-KZE	R22
3629	VH-KZF	FOX
362A	VH-KZG	C172
362B	VH-KZH	PA30
362C	VH-KZI	C188
362D	VH-KZJ	PA44
362E	VH-KZK	BE33
362F	VH-KZL	PA44
3631	VH-KZN	PA44
3632	VH-KZO	R22
3633	VH-KZP	PA44
3634	VH-KZQ	BE60
3635	VH-KZR	C172
3636	VH-KZS	C172
3637	VH-KZT	PA44
3638	VH-KZU	PA44
3639	VH-KZV	J1
363B	VH-KZX	A109
363C	VH-KZY	EN28
363D	VH-KZZ	M5
37B0	VH-LAA	F406
37B1	VH-LAB	BE20
37B2	VH-LAC	C72R
37B3	VH-LAD	C404
37B4	VH-LAE	C402
37B5	VH-LAF	EC35
37B6	VH-LAG	RV4
37B7	VH-LAH	CT4
37B8	VH-LAI	AS50
37B9	VH-LAJ	RV7
37BA	VH-LAK	LA4
37BB	VH-LAL	GLF6
37BC	VH-LAM	C404
37BD	VH-LAN	C206
37BE	VH-LAO	O1
37BF	VH-LAP	BE58
37C0	VH-LAQ	GLIM
37C2	VH-LAS	JSX
37C3	VH-LAT	RV9
37C4	VH-LAU	G164
37C5	VH-LAV	C404
37C6	VH-LAW	GLEX
37C7	VH-LAX	B06
37C8	VH-LAY	R22
37C9	VH-LAZ	P32R
37D0	VH-LA6	F406
37D2	VH-LA8	R44
37D4	VH-LBA	C441
37D5	VH-LBB	C402
37D6	VH-LBC	C441
37D7	VH-LBD	C441
37D8	VH-LBE	R22
37D9	VH-LBF	C182
37DA	VH-LBG	R44
37DB	VH-LBH	C150
37DC	VH-LBI	C152
37DE	VH-LBK	C172
37DF	VH-LBL	P28A
37E0	VH-LBM	C172
37E1	VH-LBN	BE58
37E2	VH-LBO	BE77
37E3	VH-LBP	DIMO
37E4	VH-LBQ	S22T
37E5	VH-LBR	CH30
37E6	VH-LBS	C172
37E7	VH-LBT	AS50
37E8	VH-LBU	SR22
37E9	VH-LBV	C177
37EC	VH-LBY	C441
37ED	VH-LBZ	C441
37F8	VH-LCA	P68
37F9	VH-LCB	BE36
37FA	VH-LCC	C182
37FB	VH-LCD	C206
37FC	VH-LCE	PA31
37FD	VH-LCF	A109
37FE	VH-LCG	SREY
37FF	VH-LCH	R44
3800	VH-LCI	G164
3801	VH-LCJ	L39
3803	VH-LCL	C525
3804	VH-LCM	P28R
3805	VH-LCN	B06
3806	VH-LCO	R44
3807	VH-LCP	SRAI
3809	VH-LCR	SF50
380A	VH-LCS	C172
380B	VH-LCT	G164
380C	VH-LCU	COL3
380D	VH-LCV	PA38
380E	VH-LCW	COL4
3810	VH-LCY	C172
3811	VH-LCZ	P208
3817	VH-LC5	CL60
381C	VH-LDA	C152
381D	VH-LDB	R44
381E	VH-LDC	RV6
381F	VH-LDD	CJ1
3821	VH-LDF	GLAS
3822	VH-LDG	BARC
3823	VH-LDH	AS50
3824	VH-LDI	C210
3825	VH-LDJ	LNC4
3826	VH-LDK	C72R
3827	VH-LDL	LGEZ
3828	VH-LDM	TOBA
3829	VH-LDN	ERCO
382B	VH-LDP	B47G
382C	VH-LDQ	SW3
382D	VH-LDR	C182
382E	VH-LDS	H269
382F	VH-LDT	RV14
3830	VH-LDU	BE36
3832	VH-LDW	R22
3833	VH-LDX	RV6
3834	VH-LDY	C82R
3835	VH-LDZ	R22
3840	VH-LEA	C172
3841	VH-LEB	C310
3842	VH-LEC	B407
3843	VH-LED	AS50
3844	VH-LEE	B06
3845	VH-LEF	GLEX
3846	VH-LEG	PA36
3847	VH-LEH	B47G
3848	VH-LEI	C150
3849	VH-LEJ	LGEZ
384A	VH-LEK	R22
384C	VH-LEM	C441
384D	VH-LEN	FOX
384E	VH-LEO	AEST
384F	VH-LEP	GLEX
3850	VH-LEQ	B06
3851	VH-LER	TOBA
3852	VH-LES	P28A
3853	VH-LET	AC50
3854	VH-LEU	J3
3855	VH-LEV	AS50
3856	VH-LEW	BE58
3857	VH-LEX	LGEZ
3858	VH-LEY	AS50
3859	VH-LEZ	LGEZ
3864	VH-LFA	LJ35
3865	VH-LFB	RV7
3866	VH-LFC	C172
3868	VH-LFE	BE76
386A	VH-LFG	R22
386C	VH-LFI	C172
386D	VH-LFJ	J3
386E	VH-LFK	A109
386F	VH-LFL	R44
3870	VH-LFM	C182
3871	VH-LFN	LJ35
3872	VH-LFO	SV4
3873	VH-LFP	P28R
3875	VH-LFR	BE77
3877	VH-LFT	BE77
3878	VH-LFU	C207
3879	VH-LFV	C172
387A	VH-LFW	SLG2
387B	VH-LFX	PA32
387C	VH-LFY	P28A
387D	VH-LFZ	WACF
3880	VH-LF2	A139
3881	VH-LF3	A139
3882	VH-LF4	A139
3883	VH-LF5	A139
3884	VH-LF6	A139
3888	VH-LGA	C172
3889	VH-LGB	TB20
388A	VH-LGC	C310
388B	VH-LGD	P28A
388C	VH-LGE	C172
388D	VH-LGF	GLAS
388E	VH-LGG	AS50
388F	VH-LGH	R44
3890	VH-LGI	C72R
3891	VH-LGJ	AT3P
3892	VH-LGK	C310
3893	VH-LGL	C150
3894	VH-LGM	C210
3895	VH-LGN	R44
3896	VH-LGO	P28A
3897	VH-LGP	C172
3898	VH-LGQ	PA24
3899	VH-LGR	PA25
389A	VH-LGS	PA25
389B	VH-LGT	PA25
389C	VH-LGU	C206
389D	VH-LGV	SS2T
389E	VH-LGW	C210
389F	VH-LGX	PA31
38A0	VH-LGY	SS2T
38A1	VH-LGZ	SS2P
38AC	VH-LHA	C172
38AD	VH-LHB	C182
38AE	VH-LHC	GA8
38AF	VH-LHD	GA8
38B0	VH-LHE	PA31
38B1	VH-LHF	PA31
38B2	VH-LHG	R66
38B3	VH-LHH	SLG2
38B4	VH-LHI	C172
38B5	VH-LHJ	A109
38B6	VH-LHK	R22
38B7	VH-LHL	C210
38B8	VH-LHM	C150
38B9	VH-LHN	R22
38BA	VH-LHO	C82T
38BB	VH-LHP	B06
38BC	VH-LHQ	C206
38BD	VH-LHR	P28B
38BE	VH-LHS	C206
38BF	VH-LHT	R44
38C0	VH-LHU	C560
38C1	VH-LHV	C404
38C2	VH-LHW	AT8T
38C3	VH-LHX	C206
38C4	VH-LHY	M7
38C5	VH-LHZ	EC35
38D0	VH-LIA	CH7A
38D2	VH-LIC	AT8T
38D3	VH-LID	C172
38D4	VH-LIE	C172
38D5	VH-LIF	C150
38D6	VH-LIG	BE36
38D7	VH-LIH	AT8T
38D8	VH-LII	AT8T
38D9	VH-LIJ	GLID
38DA	VH-LIK	SR22
38DC	VH-LIM	AT8T
38DD	VH-LIN	B47G
38DE	VH-LIO	C172
38DF	VH-LIP	R44
38E0	VH-LIQ	UH1
38E1	VH-LIR	AT8T
38E2	VH-LIS	AT8T
38E4	VH-LIU	AT5T
38E5	VH-LIV	C172
38E6	VH-LIW	COUR
38E8	VH-LIY	UH1
38E9	VH-LIZ	DH82
38F4	VH-LJA	LJ35
38F5	VH-LJB	C182
38F6	VH-LJC	P32R
38F7	VH-LJD	R44
38F8	VH-LJE	C182
38F9	VH-LJF	C310
38FA	VH-LJG	LJ35
38FB	VH-LJH	LJ35
38FD	VH-LJJ	LJ35
38FE	VH-LJK	P28B
38FF	VH-LJL	P28A
3900	VH-LJM	DH82
3901	VH-LJN	C170
3903	VH-LJP	M20P
3904	VH-LJQ	LJ35
3905	VH-LJR	P68
3906	VH-LJS	P28A
3907	VH-LJT	AEST
3908	VH-LJU	LJ35
3909	VH-LJV	R22
390A	VH-LJW	LJ31
390B	VH-LJX	LJ45
390C	VH-LJY	PA34
390D	VH-LJZ	LJ60
3918	VH-LKA	LA25
3919	VH-LKB	R44
391A	VH-LKC	C402
391B	VH-LKD	GLID
391C	VH-LKE	G2T1
391D	VH-LKF	BE20
391E	VH-LKG	LNC4
391F	VH-LKH	BE20
3920	VH-LKI	P32R
3921	VH-LKJ	GLID
3922	VH-LKK	R22
3923	VH-LKL	R44
3924	VH-LKM	C340
3925	VH-LKN	G164
3926	VH-LKO	R44
3927	VH-LKP	C172
3929	VH-LKR	BE20
392A	VH-LKS	C172
392B	VH-LKT	LA25
392C	VH-LKU	GLID
392D	VH-LKV	BL8
392E	VH-LKW	C182
3930	VH-LKY	R22
3931	VH-LKZ	P28A
393C	VH-LLA	B06
393D	VH-LLB	B06
393E	VH-LLC	R44
393F	VH-LLD	R22
3940	VH-LLE	R22
3941	VH-LLF	SLG2
3942	VH-LLG	R44
3943	VH-LLH	R44
3944	VH-LLI	R22
3945	VH-LLJ	LJ60
3946	VH-LLK	GLID
3947	VH-LLL	PA30
3948	VH-LLM	T210
3949	VH-LLN	R22
394A	VH-LLO	PA38
394B	VH-LLP	BE55
394C	VH-LLQ	LEG2
394D	VH-LLR	R22
394E	VH-LLS	ALIG
394F	VH-LLT	BE33
3950	VH-LLU	GLID
3951	VH-LLV	PA30
3952	VH-LLW	AV68
3953	VH-LLX	SR20
3954	VH-LLY	B06
3955	VH-LLZ	R44
3960	VH-LMA	BE58
3961	VH-LMB	R22
3962	VH-LMC	AC95
3963	VH-LMD	C208
3964	VH-LME	TB20
3965	VH-LMF	DH82
3966	VH-LMG	C182
3967	VH-LMH	D11
3968	VH-LMI	PA34
3969	VH-LMJ	C82R
396A	VH-LMK	RV6
396B	VH-LML	M20T
396C	VH-LMM	C182
396E	VH-LMO	P28A
396F	VH-LMP	R22
3970	VH-LMQ	GLAS
3971	VH-LMR	C182
3972	VH-LMS	C303
3973	VH-LMT	T210
3974	VH-LMU	C172
3975	VH-LMV	PA38
3976	VH-LMW	B06
3977	VH-LMX	EXEC
3978	VH-LMY	P28A
3979	VH-LMZ	C208
3984	VH-LNA	PA34
3989	VH-LNF	R22
398B	VH-LNH	C208
398C	VH-LNI	C208
398D	VH-LNJ	P28A
398E	VH-LNK	BE20
398F	VH-LNL	RV10
3990	VH-LNM	CJ6
3991	VH-LNN	C208
3992	VH-LNO	C208
3993	VH-LNP	R22
3994	VH-LNQ	C182
3995	VH-LNR	R22
3996	VH-LNS	R22
3997	VH-LNT	T6
399B	VH-LNX	C402
399C	VH-LNY	M7
399D	VH-LNZ	LEG2
39A8	VH-LOA	BE20
39A9	VH-LOB	M7
39AA	VH-LOC	PA32
39AB	VH-LOD	C172
39AC	VH-LOE	PTS2
39AD	VH-LOF	R22
39AE	VH-LOG	C210
39AF	VH-LOH	S92
39B0	VH-LOI	BE58
39B1	VH-LOJ	B47G
39B2	VH-LOK	C172
39B3	VH-LOL	R44
39B4	VH-LOM	LNC4
39B5	VH-LON	GL7T
39B6	VH-LOO	AUS5
39B7	VH-LOP	R22
39B9	VH-LOR	C172
39BA	VH-LOS	R22
39BB	VH-LOT	SS2T
39BC	VH-LOU	P28A
39BE	VH-LOW	DH82
39BF	VH-LOX	R22
39C0	VH-LOY	RV6
39C1	VH-LOZ	C150
39CC	VH-LPA	C150
39CD	VH-LPB	M6
39CE	VH-LPC	C210
39CF	VH-LPD	LNC2
39D0	VH-LPE	PA24
39D3	VH-LPH	O1
39D4	VH-LPI	GLID
39D5	VH-LPJ	LJ60
39D6	VH-LPK	P28R
39D7	VH-LPL	RV9
39D8	VH-LPM	LNC2
39D9	VH-LPN	T18
39DA	VH-LPO	C210
39DB	VH-LPP	RV4
39DC	VH-LPQ	FOX
39DD	VH-LPR	T206
39DE	VH-LPS	LJ35
39DF	VH-LPT	SASY
39E0	VH-LPU	R22
39E1	VH-LPV	O1
39E2	VH-LPW	P32R
39E3	VH-LPX	LJ31
39E4	VH-LPY	P28R
39E5	VH-LPZ	BE55
39F0	VH-LQA	TB20
39F1	VH-LQB	DH8D
39F2	VH-LQC	TB20
39F3	VH-LQD	DH8D
39F4	VH-LQE	TB20
39F5	VH-LQF	DH8D
39F6	VH-LQG	DH8D
39F7	VH-LQH	DH8D
39F8	VH-LQI	C182
39F9	VH-LQJ	DH8D
39FA	VH-LQK	DH8D
39FB	VH-LQL	DH8D
39FC	VH-LQM	DH8D
39FD	VH-LQN	R22
39FE	VH-LQO	S92
39FF	VH-LQP	GLAS
3A00	VH-LQQ	DH8D
3A01	VH-LQR	BE20
3A02	VH-LQS	O1
3A04	VH-LQU	R22
3A05	VH-LQV	C150
3A07	VH-LQX	O1
3A09	VH-LQZ	C182
3A14	VH-LRA	P28A
3A15	VH-LRB	DH82
3A16	VH-LRC	RV9
3A18	VH-LRE	O1
3A19	VH-LRF	LNC2
3A1A	VH-LRG	C182
3A1B	VH-LRH	LJ35
3A1C	VH-LRI	AC50
3A1D	VH-LRJ	SR22
3A1E	VH-LRK	R22
3A1F	VH-LRL	AT5T
3A20	VH-LRM	P28A
3A21	VH-LRN	LJ35
3A22	VH-LRO	RV6
3A23	VH-LRP	BE36
3A24	VH-LRQ	PTS1
3A25	VH-LRR	P2
3A26	VH-LRS	R22
3A27	VH-LRT	P32T
3A28	VH-LRU	J3
3A29	VH-LRV	RV6
3A2A	VH-LRW	AS50
3A2B	VH-LRX	LJ35
3A2D	VH-LRZ	EXEC
3A38	VH-LSA	B412
3A39	VH-LSB	BE58
3A3A	VH-LSC	L8
3A3B	VH-LSD	FE51
3A3C	VH-LSE	C172
3A3D	VH-LSF	P28A
3A3E	VH-LSG	P28T
3A3F	VH-LSH	C172
3A40	VH-LSI	JAB2
3A41	VH-LSJ	ST75
3A42	VH-LSK	DH82
3A43	VH-LSL	GLID
3A44	VH-LSM	P28A
3A45	VH-LSN	R44
3A46	VH-LSO	C206
3A47	VH-LSP	C172
3A48	VH-LSQ	H269
3A49	VH-LSR	AS50
3A4A	VH-LSS	BE23
3A4B	VH-LST	RAV5
3A4D	VH-LSV	B412
3A4E	VH-LSW	R44
3A4F	VH-LSX	BRB2
3A50	VH-LSY	B412
3A51	VH-LSZ	C337
3A5D	VH-LTB	C210
3A5E	VH-LTC	P32R
3A5F	VH-LTD	R22
3A60	VH-LTE	PA11
3A61	VH-LTF	PTS1
3A62	VH-LTG	FOX
3A63	VH-LTH	S22T
3A64	VH-LTI	C172
3A65	VH-LTJ	G2CA
3A66	VH-LTK	AP22
3A67	VH-LTL	B06
3A68	VH-LTM	P210
3A69	VH-LTN	R22
3A6A	VH-LTO	G2CA
3A6B	VH-LTP	AC50
3A6C	VH-LTQ	BE20
3A6D	VH-LTR	C172
3A6E	VH-LTS	LGEZ
3A6F	VH-LTT	C210
3A70	VH-LTU	PA31
3A71	VH-LTV	PA32
3A72	VH-LTW	PA31
3A73	VH-LTX	B06
3A74	VH-LTY	R22
3A75	VH-LTZ	C208
3A80	VH-LUA	L8
3A84	VH-LUE	UH1
3A86	VH-LUG	LA4
3A88	VH-LUI	P51
3A89	VH-LUJ	R44
3A8B	VH-LUL	GLST
3A8C	VH-LUM	R22
3A8D	VH-LUN	GL7T
3A8E	VH-LUO	R22
3A8F	VH-LUP	C210
3A90	VH-LUQ	G164
3A92	VH-LUS	L8
3A94	VH-LUU	CJ6
3A95	VH-LUV	WICH
3A97	VH-LUX	L8
3A98	VH-LUY	UH1
3A99	VH-LUZ	L8
3AA4	VH-LVA	GA8
3AA5	VH-LVB	R44
3AA6	VH-LVC	R44
3AA8	VH-LVE	PTS2
3AA9	VH-LVF	P337
3AAA	VH-LVG	AC90
3AAB	VH-LVH	R44
3AAC	VH-LVI	C172
3AAD	VH-LVJ	R44
3AAE	VH-LVK	C182
3AAF	VH-LVL	BE36
3AB0	VH-LVM	AS50
3AB1	VH-LVN	C208
3AB3	VH-LVP	MUS2
3AB4	VH-LVQ	R22
3AB5	VH-LVR	R22
3AB6	VH-LVS	RV7
3AB7	VH-LVT	C172
3AB8	VH-LVU	TOUR
3AB9	VH-LVV	TOUR
3ABB	VH-LVX	CH7
3ABC	VH-LVY	C182
3ABD	VH-LVZ	R44
3AC8	VH-LWA	C208
3AC9	VH-LWB	LNC4
3ACA	VH-LWC	JAB4
3ACB	VH-LWD	RV7
3ACC	VH-LWE	C172
3ACD	VH-LWF	B412
3ACE	VH-LWG	SR22
3ACF	VH-LWH	C210
3AD0	VH-LWI	B412
3AD2	VH-LWK	C441
3AD3	VH-LWL	LNC4
3AD4	VH-LWM	JAB4
3AD6	VH-LWO	PC12
3AD7	VH-LWP	TOBA
3AD8	VH-LWQ	S92
3AD9	VH-LWR	TOBA
3ADA	VH-LWS	RV7
3ADB	VH-LWT	C182
3ADC	VH-LWU	B06
3ADD	VH-LWV	SR20
3ADE	VH-LWW	PA31
3ADF	VH-LWX	C172
3AE0	VH-LWY	C441
3AE1	VH-LWZ	LNC4
3AEC	VH-LXA	C172
3AEE	VH-LXC	BE58
3AEF	VH-LXD	RV7
3AF0	VH-LXE	P28A
3AF1	VH-LXF	P28A
3AF2	VH-LXG	P28A
3AF3	VH-LXH	P28A
3AF4	VH-LXI	P28R
3AF5	VH-LXJ	P28A
3AF6	VH-LXK	BE76
3AF7	VH-LXL	XL2
3AF8	VH-LXM	B06
3AF9	VH-LXN	BE33
3AFA	VH-LXO	C188
3AFB	VH-LXP	P28A
3AFC	VH-LXQ	P28A
3AFD	VH-LXR	R22
3AFE	VH-LXS	C182
3AFF	VH-LXT	E300
3B00	VH-LXU	PA44
3B01	VH-LXV	BL8
3B02	VH-LXW	C82T
3B04	VH-LXY	DH82
3B05	VH-LXZ	E50P
3B10	VH-LYA	P28S
3B11	VH-LYB	PA34
3B12	VH-LYC	R22
3B13	VH-LYD	R22
3B15	VH-LYF	C172
3B16	VH-LYG	R22
3B17	VH-LYH	R22
3B18	VH-LYI	C208
3B19	VH-LYJ	R22
3B1A	VH-LYK	R22
3B1B	VH-LYL	CASS
3B1C	VH-LYM	C650
3B1D	VH-LYN	BE55
3B1F	VH-LYP	EC30
3B20	VH-LYQ	C182
3B21	VH-LYR	R22
3B22	VH-LYS	EC30
3B23	VH-LYT	P28A
3B25	VH-LYV	R22
3B27	VH-LYX	S92
3B28	VH-LYY	RV10
3B29	VH-LYZ	AEST
3B34	VH-LZA	AKRO
3B35	VH-LZB	SR22
3B36	VH-LZC	SASP
3B37	VH-LZD	F8L
3B38	VH-LZE	LGEZ
3B39	VH-LZF	F8L
3B3A	VH-LZG	R44
3B3B	VH-LZH	AS50
3B3C	VH-LZI	AS50
3B3E	VH-LZK	C208
3B40	VH-LZM	R44
3B41	VH-LZN	C206
3B42	VH-LZO	SR22
3B43	VH-LZP	DA40
3B44	VH-LZQ	DA40
3B45	VH-LZR	R22
3B46	VH-LZS	LNC4
3B47	VH-LZT	P68
3B48	VH-LZU	R22
3B49	VH-LZV	LNC2
3B4A	VH-LZW	R44
3B4B	VH-LZX	LGEZ
3B4D	VH-LZZ	P28S
3BA1	VHL2B	CL60
3BF6	VH-L4O	LJ40
3BFA	VH-L4S	SF50
3C37	VH-L6H	H60
3C3E	VH-L60	H60
3C54	VH-L7A	A319
3C55	VH-L7B	A319
3C75	VH-L77	G2CA
3CC0	VH-MAA	DR10
3CC1	VH-MAB	PA30
3CC2	VH-MAC	PA30
3CC3	VH-MAD	CH20
3CC4	VH-MAE	SS2T
3CC5	VH-MAF	GA8
3CC6	VH-MAG	C182
3CC7	VH-MAH	GA8
3CC8	VH-MAI	RV7
3CC9	VH-MAJ	P28A
3CCA	VH-MAK	C210
3CCB	VH-MAL	T18
3CCC	VH-MAM	P28A
3CCD	VH-MAN	CJ6
3CCE	VH-MAO	C172
3CCF	VH-MAP	PA34
3CD0	VH-MAQ	C152
3CD1	VH-MAR	C152
3CD2	VH-MAS	PA24
3CD3	VH-MAT	R66
3CD4	VH-MAU	P28A
3CD5	VH-MAV	AC50
3CD6	VH-MAW	RV12
3CD8	VH-MAY	R44
3CD9	VH-MAZ	SR22
3CE4	VH-MBA	G21
3CE6	VH-MBC	C172
3CE7	VH-MBD	P28A
3CE8	VH-MBE	C182
3CE9	VH-MBF	SR22
3CEA	VH-MBG	TOUR
3CEB	VH-MBH	P28A
3CEC	VH-MBI	C172
3CED	VH-MBJ	C172
3CEE	VH-MBK	AT5T
3CEF	VH-MBL	C182
3CF0	VH-MBM	AC11
3CF1	VH-MBN	M20P
3CF2	VH-MBO	M20P
3CF3	VH-MBP	GLST
3CF4	VH-MBQ	C208
3CF5	VH-MBR	M20P
3CF6	VH-MBS	P28B
3CF7	VH-MBT	PA22
3CF8	VH-MBU	BE18
3CF9	VH-MBV	PA27
3CFA	VH-MBW	PA32
3CFB	VH-MBX	METR
3CFD	VH-MBZ	PA30
3D08	VH-MCA	BE35
3D09	VH-MCB	BE58
3D0A	VH-MCC	DHC1
3D0B	VH-MCD	PA24
3D0C	VH-MCE	C210
3D0D	VH-MCF	PA25
3D0E	VH-MCG	RV6
3D0F	VH-MCH	GLST
3D10	VH-MCI	RV6
3D11	VH-MCJ	C172
3D12	VH-MCK	PA34
3D13	VH-MCL	PA24
3D14	VH-MCM	BL8
3D15	VH-MCN	SR22
3D16	VH-MCO	PA24
3D17	VH-MCP	M5
3D18	VH-MCQ	C182
3D19	VH-MCR	PTS2
3D1A	VH-MCS	P28B
3D1B	VH-MCT	CT4
3D1C	VH-MCU	P28A
3D1E	VH-MCW	PA24
3D1F	VH-MCX	SR22
3D20	VH-MCY	PA24
3D21	VH-MCZ	BEAR
3D2C	VH-MDA	AA1
3D2D	VH-MDB	C172
3D2E	VH-MDC	PA32
3D2F	VH-MDD	PA24
3D30	VH-MDE	H500
3D31	VH-MDF	C172
3D32	VH-MDG	C210
3D33	VH-MDH	PC12
3D34	VH-MDI	RV6
3D35	VH-MDJ	PA24
3D36	VH-MDK	BE58
3D37	VH-MDL	P28R
3D38	VH-MDM	PA31
3D39	VH-MDN	BE58
3D3A	VH-MDO	M20P
3D3C	VH-MDQ	SVNH
3D3D	VH-MDR	M18
3D3E	VH-MDS	C172
3D3F	VH-MDT	YK52
3D41	VH-MDV	DH82
3D42	VH-MDW	AC50
3D43	VH-MDX	C172
3D45	VH-MDZ	C210
3D50	VH-MEA	AT3P
3D52	VH-MEC	BE50
3D53	VH-MED	H25B
3D54	VH-MEE	P28R
3D55	VH-MEF	BE35
3D56	VH-MEG	PA30
3D57	VH-MEH	AC50
3D58	VH-MEI	MUS2
3D59	VH-MEJ	EAGX
3D5A	VH-MEK	RV6
3D5B	VH-MEL	P28A
3D5C	VH-MEM	P28A
3D5D	VH-MEN	C172
3D5E	VH-MEO	T28
3D5F	VH-MEP	C208
3D60	VH-MEQ	T210
3D61	VH-MER	PA25
3D62	VH-MES	R44
3D64	VH-MEU	M5
3D65	VH-MEV	GLST
3D66	VH-MEW	C210
3D67	VH-MEX	SR22
3D68	VH-MEY	P28A
3D69	VH-MEZ	RV6
3D74	VH-MFA	GA8
3D75	VH-MFB	AT5T
3D76	VH-MFC	C172
3D77	VH-MFD	C208
3D78	VH-MFE	R22
3D79	VH-MFF	GA8
3D7A	VH-MFG	RV7
3D7B	VH-MFH	R22
3D7C	VH-MFI	GA8
3D7D	VH-MFJ	C150
3D7E	VH-MFK	RV6
3D7F	VH-MFL	P28A
3D80	VH-MFM	B738
3D81	VH-MFN	TOUR
3D82	VH-MFO	TOUR
3D83	VH-MFP	TOUR
3D84	VH-MFQ	C172
3D85	VH-MFR	RENE
3D86	VH-MFS	P28A
3D88	VH-MFU	C185
3D89	VH-MFV	P28A
3D8A	VH-MFW	WIRR
3D8C	VH-MFY	P28A
3D8D	VH-MFZ	C152
3D98	VH-MGA	R44
3D99	VH-MGB	PA22
3D9A	VH-MGC	C208
3D9B	VH-MGD	T210
3D9C	VH-MGE	C210
3D9D	VH-MGF	C170
3D9E	VH-MGG	P28A
3D9F	VH-MGH	P28A
3DA0	VH-MGI	AT5T
3DA1	VH-MGJ	BN2P
3DA2	VH-MGK	C206
3DA3	VH-MGL	C172
3DA4	VH-MGM	BE36
3DA5	VH-MGN	PA18
3DA6	VH-MGO	RV9
3DA7	VH-MGP	JAB4
3DA8	VH-MGQ	R44
3DA9	VH-MGR	R44
3DAA	VH-MGS	BE36
3DAB	VH-MGT	RV7
3DAC	VH-MGU	KR2
3DAD	VH-MGV	P28A
3DAE	VH-MGW	RV10
3DAF	VH-MGX	C182
3DB0	VH-MGY	C172
3DB1	VH-MGZ	C172
3DBC	VH-MHA	SR22
3DBD	VH-MHB	CA19
3DBE	VH-MHC	C210
3DC0	VH-MHE	AS50
3DC1	VH-MHF	C172
3DC2	VH-MHG	R22
3DC3	VH-MHH	YK52
3DC4	VH-MHI	P28A
3DC6	VH-MHK	RV7
3DC7	VH-MHL	C207
3DC9	VH-MHN	PA38
3DCB	VH-MHP	WIRR
3DCC	VH-MHQ	BE20
3DCD	VH-MHR	CA19
3DCE	VH-MHS	C172
3DCF	VH-MHT	AUS3
3DD0	VH-MHU	BEAR
3DD1	VH-MHV	BE20
3DD2	VH-MHW	AS50
3DD3	VH-MHX	PA36
3DD4	VH-MHY	PA44
3DE0	VH-MIA	C207
3DE1	VH-MIB	R22
3DE2	VH-MIC	P28A
3DE3	VH-MID	P28A
3DE4	VH-MIE	R22
3DE5	VH-MIF	C208
3DE6	VH-MIG	C182
3DE7	VH-MIH	C182
3DE8	VH-MII	DA40
3DE9	VH-MIJ	C206
3DEB	VH-MIL	C172
3DEC	VH-MIM	BE36
3DED	VH-MIN	DC3
3DEE	VH-MIO	C77R
3DEF	VH-MIP	M20P
3DF0	VH-MIQ	C210
3DF1	VH-MIR	AS50
3DF2	VH-MIS	C172
3DF3	VH-MIT	R22
3DF4	VH-MIU	CH7B
3DF5	VH-MIV	C180
3DF6	VH-MIW	CJ1
3DF7	VH-MIX	C172
3DF8	VH-MIY	M20P
3DF9	VH-MIZ	P28A
3E04	VH-MJA	PA31
3E05	VH-MJB	C182
3E06	VH-MJC	GA20
3E07	VH-MJD	GA7
3E08	VH-MJE	EXNG
3E0A	VH-MJG	C152
3E0B	VH-MJH	RV6
3E0C	VH-MJI	B429
3E0D	VH-MJJ	JAB4
3E0E	VH-MJK	C172
3E10	VH-MJM	C182
3E11	VH-MJN	C210
3E12	VH-MJO	R44
3E13	VH-MJP	P28A
3E14	VH-MJQ	BE19
3E15	VH-MJR	BE19
3E16	VH-MJS	T51
3E17	VH-MJT	P28A
3E19	VH-MJV	R44
3E1A	VH-MJW	DH82
3E1B	VH-MJX	P32R
3E1C	VH-MJY	CH2T
3E1D	VH-MJZ	C182
3E28	VH-MKA	FOX
3E29	VH-MKB	C182
3E2A	VH-MKC	PA31
3E2C	VH-MKE	PTS2
3E2D	VH-MKF	EN28
3E2E	VH-MKG	C72R
3E2F	VH-MKH	BE76
3E30	VH-MKI	C177
3E31	VH-MKJ	C150
3E32	VH-MKK	GA8
3E33	VH-MKL	TOUR
3E34	VH-MKM	C208
3E35	VH-MKN	C206
3E36	VH-MKO	RALL
3E37	VH-MKP	M20P
3E39	VH-MKR	R44
3E3A	VH-MKS	SW4
3E3D	VH-MKV	AUS5
3E3E	VH-MKW	RV4
3E3F	VH-MKX	RV8
3E40	VH-MKY	C207
3E41	VH-MKZ	UH12
3E4C	VH-MLA	C172
3E4D	VH-MLB	BE58
3E4E	VH-MLC	BE55
3E4F	VH-MLD	C182
3E50	VH-MLE	C182
3E51	VH-MLF	P28R
3E52	VH-MLG	AC50
3E53	VH-MLH	C172
3E54	VH-MLI	R44
3E55	VH-MLJ	R66
3E56	VH-MLK	R44
3E57	VH-MLL	AEST
3E58	VH-MLM	SLG2
3E59	VH-MLN	C172
3E5A	VH-MLO	BE36
3E5B	VH-MLP	LNC4
3E5C	VH-MLQ	C172
3E5D	VH-MLR	PA25
3E5E	VH-MLS	PA25
3E5F	VH-MLT	P28A
3E60	VH-MLU	C210
3E61	VH-MLV	C182
3E62	VH-MLW	C210
3E63	VH-MLX	WACF
3E64	VH-MLY	C182
3E65	VH-MLZ	AA5
3E70	VH-MMA	DC3
3E71	VH-MMB	BE36
3E73	VH-MMD	GLID
3E74	VH-MME	MUS2
3E75	VH-MMF	RV6
3E76	VH-MMG	C140
3E77	VH-MMH	BE33
3E78	VH-MMI	GLAS
3E79	VH-MMJ	C182
3E7A	VH-MMK	GLID
3E7B	VH-MML	TBM
3E7C	VH-MMM	BL8
3E7D	VH-MMN	AT8T
3E7E	VH-MMO	MUS2
3E7F	VH-MMP	M20P
3E80	VH-MMQ	RV6
3E81	VH-MMR	BE36
3E82	VH-MMS	DHC1
3E83	VH-MMT	C182
3E84	VH-MMU	P28S
3E85	VH-MMV	C208
3E86	VH-MMW	C175
3E87	VH-MMX	C172
3E88	VH-MMY	BE36
3E89	VH-MMZ	RV6
3E94	VH-MNA	M20P
3E95	VH-MNB	C182
3E96	VH-MNC	SR22
3E97	VH-MND	SONX
3E99	VH-MNF	C172
3E9A	VH-MNG	P28A
3E9B	VH-MNH	BE58
3E9E	VH-MNK	BE36
3E9F	VH-MNL	BE76
3EA0	VH-MNM	R44
3EA1	VH-MNN	DA40
3EA3	VH-MNP	C150
3EA4	VH-MNQ	P32R
3EA5	VH-MNR	PA34
3EA7	VH-MNT	PA31
3EA8	VH-MNU	R44
3EA9	VH-MNV	P32T
3EAA	VH-MNW	ECHO
3EAB	VH-MNX	C82R
3EAC	VH-MNY	M20P
3EAD	VH-MNZ	B47G
3EB8	VH-MOA	TOUR
3EB9	VH-MOB	C210
3EBA	VH-MOC	TOUR
3EBB	VH-MOD	PA24
3EBC	VH-MOE	PA22
3EBD	VH-MOF	TOUR
3EBE	VH-MOG	TOUR
3EBF	VH-MOH	TOUR
3EC0	VH-MOI	TOUR
3EC1	VH-MOJ	JAB4
3EC3	VH-MOL	P28A
3EC4	VH-MOM	PA22
3EC5	VH-MON	C172
3EC7	VH-MOP	M20P
3EC8	VH-MOQ	M20P
3EC9	VH-MOR	SR22
3ECB	VH-MOT	PA24
3ECC	VH-MOU	CL60
3ECD	VH-MOV	C208
3ECE	VH-MOW	C172
3ECF	VH-MOX	C208
3ED0	VH-MOY	C172
3ED1	VH-MOZ	EN48
3EDC	VH-MPA	C206
3EDD	VH-MPB	S52
3EDF	VH-MPD	A9
3EE0	VH-MPE	C210
3EE1	VH-MPF	DH82
3EE2	VH-MPG	A9
3EE3	VH-MPH	M20P
3EE5	VH-MPJ	M7
3EE6	VH-MPK	C172
3EE8	VH-MPM	DA40
3EE9	VH-MPN	PA44
3EEA	VH-MPO	A9
3EEB	VH-MPP	PA22
3EEC	VH-MPQ	C340
3EED	VH-MPR	C172
3EEE	VH-MPS	R44
3EEF	VH-MPT	BE36
3EF0	VH-MPU	A9
3EF1	VH-MPV	C172
3EF2	VH-MPW	C180
3EF3	VH-MPX	C172
3EF4	VH-MPY	PA44
3EF5	VH-MPZ	C182
3F00	VH-MQA	CT4
3F01	VH-MQB	RV9
3F02	VH-MQC	VO10
3F03	VH-MQD	B350
3F05	VH-MQF	RV6
3F06	VH-MQG	C82R
3F07	VH-MQH	LNC2
3F08	VH-MQI	GA8
3F09	VH-MQJ	J3
3F0A	VH-MQK	B350
3F0B	VH-MQL	TOUR
3F0C	VH-MQM	BE58
3F0D	VH-MQN	GLIM
3F0E	VH-MQO	GA8
3F10	VH-MQQ	C180
3F11	VH-MQR	GA8
3F12	VH-MQS	BE36
3F13	VH-MQT	C188
3F14	VH-MQU	GA8
3F15	VH-MQV	C172
3F16	VH-MQW	AA5
3F17	VH-MQX	E50P
3F18	VH-MQY	H25B
3F19	VH-MQZ	BE20
3F24	VH-MRA	C150
3F25	VH-MRB	M20P
3F26	VH-MRC	C152
3F28	VH-MRE	TOUR
3F29	VH-MRF	TOUR
3F2A	VH-MRG	BE23
3F2B	VH-MRH	BE80
3F2C	VH-MRI	TOUR
3F2D	VH-MRJ	TOUR
3F2E	VH-MRK	C206
3F2F	VH-MRL	TOUR
3F30	VH-MRM	BL8
3F31	VH-MRN	BE36
3F32	VH-MRO	C303
3F33	VH-MRP	A9
3F34	VH-MRQ	AT6T
3F36	VH-MRS	FE51
3F37	VH-MRT	P28A
3F38	VH-MRU	C150
3F39	VH-MRV	RV7
3F3A	VH-MRW	PA34
3F3B	VH-MRX	P28A
3F3C	VH-MRY	PA34
3F3D	VH-MRZ	C208
3F48	VH-MSA	PA18
3F49	VH-MSB	BE36
3F4A	VH-MSC	P28A
3F4B	VH-MSD	C172
3F4D	VH-MSF	SR22
3F4E	VH-MSG	P28A
3F4F	VH-MSH	BE20
3F50	VH-MSI	SR22
3F51	VH-MSJ	C172
3F52	VH-MSK	GLST
3F53	VH-MSL	RV7
3F54	VH-MSM	BE20
3F55	VH-MSN	C172
3F56	VH-MSO	C206
3F57	VH-MSP	ADVE
3F58	VH-MSQ	P32R
3F59	VH-MSR	PA32
3F5A	VH-MSS	BE58
3F5B	VH-MST	C182
3F5C	VH-MSU	C510
3F5D	VH-MSV	SRAI
3F5E	VH-MSW	C172
3F5F	VH-MSX	P32T
3F60	VH-MSY	RV6
3F6C	VH-MTA	P28A
3F6D	VH-MTB	P28A
3F6E	VH-MTC	C210
3F6F	VH-MTD	TB21
3F70	VH-MTE	TOUR
3F71	VH-MTF	C180
3F72	VH-MTG	BE35
3F73	VH-MTH	TOUR
3F74	VH-MTI	TOUR
3F75	VH-MTJ	C210
3F76	VH-MTK	TOUR
3F77	VH-MTL	TOUR
3F78	VH-MTM	BE36
3F79	VH-MTN	B47G
3F7A	VH-MTO	P28A
3F7B	VH-MTP	TOUR
3F7C	VH-MTQ	B47G
3F7D	VH-MTR	B429
3F7E	VH-MTS	PA22
3F7F	VH-MTT	GLAS
3F80	VH-MTU	P28A
3F81	VH-MTV	P28A
3F82	VH-MTW	P28A
3F83	VH-MTX	GA8
3F84	VH-MTY	R44
3F85	VH-MTZ	P28A
3F90	VH-MUA	HUSK
3F91	VH-MUB	P28A
3F92	VH-MUC	C210
3F93	VH-MUD	BE35
3F94	VH-MUE	SR20
3F95	VH-MUF	TOUR
3F96	VH-MUG	R22
3F97	VH-MUH	R44
3F98	VH-MUI	C182
3F99	VH-MUJ	TOUR
3F9B	VH-MUL	C182
3F9C	VH-MUM	RV6
3F9D	VH-MUN	TOUR
3F9E	VH-MUO	MR25
3F9F	VH-MUP	TOUR
3FA0	VH-MUQ	R44
3FA1	VH-MUR	PA32
3FA2	VH-MUS	MUS2
3FA3	VH-MUT	MUS2
3FA5	VH-MUV	TOUR
3FA6	VH-MUW	C172
3FA7	VH-MUX	TOUR
3FA8	VH-MUY	TOUR
3FA9	VH-MUZ	TOUR
3FB4	VH-MVA	TOUR
3FB5	VH-MVB	PA31
3FB6	VH-MVC	GLAS
3FB7	VH-MVD	C172
3FB8	VH-MVE	C72R
3FB9	VH-MVF	TOUR
3FBA	VH-MVG	BE76
3FBB	VH-MVH	TOUR
3FBC	VH-MVI	TOUR
3FBD	VH-MVJ	BE20
3FBE	VH-MVK	C172
3FBF	VH-MVL	C182
3FC0	VH-MVM	RV6
3FC1	VH-MVN	C172
3FC2	VH-MVO	M20P
3FC3	VH-MVP	BE20
3FC4	VH-MVQ	C72R
3FC5	VH-MVR	ACSR
3FC6	VH-MVS	R22
3FC7	VH-MVT	BE35
3FC8	VH-MVU	AT5T
3FC9	VH-MVV	C72R
3FCA	VH-MVW	BE20
3FCB	VH-MVX	BE20
3FCC	VH-MVY	EC35
3FCD	VH-MVZ	B06
3FD8	VH-MWA	P28A
3FD9	VH-MWB	P28R
3FDA	VH-MWC	PA31
3FDB	VH-MWD	EXPR
3FDC	VH-MWE	M20P
3FDD	VH-MWF	BE9L
3FDE	VH-MWG	RV10
3FDF	VH-MWH	BE20	A
3FE0	VH-MWI	BE70
3FE1	VH-MWJ	C411
3FE2	VH-MWK	BE20
3FE3	VH-MWL	C82R
3FE4	VH-MWM	RV3
3FE5	VH-MWN	DH82
3FE6	VH-MWO	GLAS
3FE7	VH-MWP	PA31
3FE8	VH-MWQ	PTS1
3FE9	VH-MWR	R22
3FEA	VH-MWS	GLID
3FEB	VH-MWT	T6
3FEC	VH-MWU	R44
3FED	VH-MWV	C182
3FEE	VH-MWW	BE58
3FEF	VH-MWX	BE20
3FF0	VH-MWY	CH7B
3FF1	VH-MWZ	BE20
3FFC	VH-MXA	CASS
3FFD	VH-MXB	MUS2
3FFE	VH-MXC	P28A
3FFF	VH-MXD	C560
4000	VH-MXE	RV7
4001	VH-MXF	PA30
4002	VH-MXG	GLIM
4003	VH-MXH	C188
4005	VH-MXJ	F900
4006	VH-MXK	CL60
4007	VH-MXL	C82R
4008	VH-MXM	MX2
4009	VH-MXN	TB21
400A	VH-MXO	AT5T
400B	VH-MXP	GLIM
400C	VH-MXQ	C188
400D	VH-MXR	R44
400E	VH-MXS	M7
400F	VH-MXT	P28R
4010	VH-MXU	LA4
4011	VH-MXV	RV6
4012	VH-MXW	EC35
4013	VH-MXX	B47G
4015	VH-MXZ	R200
4020	VH-MYA	AEST
4021	VH-MYB	RV6
4022	VH-MYC	M20P
4023	VH-MYD	BE55
4024	VH-MYE	RV12
4025	VH-MYF	M20P
4026	VH-MYG	PA31
4027	VH-MYH	PL12
4028	VH-MYI	SW4
4029	VH-MYJ	PA36
402A	VH-MYK	C182
402B	VH-MYL	FU24
402C	VH-MYM	BE55
402D	VH-MYN	T18
402E	VH-MYO	TRF1
402F	VH-MYP	C180
4030	VH-MYQ	PA31
4031	VH-MYR	RV7
4032	VH-MYS	C206
4033	VH-MYT	C182
4034	VH-MYU	JAB4
4035	VH-MYV	M20T
4036	VH-MYW	T210
4037	VH-MYX	PA31
4038	VH-MYY	GLAS
4039	VH-MYZ	M20P
4044	VH-MZA	B06
4045	VH-MZB	AA5
4046	VH-MZC	GA7
4047	VH-MZD	M5
4048	VH-MZE	GA7
4049	VH-MZF	PA31
404A	VH-MZG	M20T
404B	VH-MZH	PA38
404C	VH-MZI	PA31
404D	VH-MZJ	AA5
404E	VH-MZK	C180
404F	VH-MZL	C206
4050	VH-MZM	PA31
4051	VH-MZN	B06
4052	VH-MZO	M20P
4053	VH-MZP	C182
4054	VH-MZQ	AA5
4055	VH-MZR	RV7
4056	VH-MZS	H269
4057	VH-MZT	C172
4058	VH-MZU	RBEL
4059	VH-MZV	PA31
405A	VH-MZW	R22
405B	VH-MZX	M20P
405C	VH-MZY	M20T
405D	VH-MZZ	M20P
41D0	VH-NAA	C182
41D1	VH-NAB	C188
41D2	VH-NAC	C72R
41D3	VH-NAD	PA31
41D4	VH-NAE	C172
41D5	VH-NAF	PA36
41D6	VH-NAG	T6
41D7	VH-NAH	T6
41D8	VH-NAI	P68
41D9	VH-NAJ	B350
41DA	VH-NAK	RV7
41DB	VH-NAL	PA36
41DC	VH-NAM	C172
41DD	VH-NAN	M20P
41DE	VH-NAO	B350
41DF	VH-NAP	DR10
41E0	VH-NAQ	C172
41E2	VH-NAS	C303
41E3	VH-NAT	M5
41E4	VH-NAU	B06
41E5	VH-NAV	P68
41E6	VH-NAW	T28
41E7	VH-NAX	PTS1
41E8	VH-NAY	C72R
41E9	VH-NAZ	C182
41F4	VH-NBA	PA44
41F5	VH-NBB	C172
41F6	VH-NBC	PA24
41F7	VH-NBD	J3
41F8	VH-NBE	GLIM
41F9	VH-NBF	P28A
41FA	VH-NBG	WIRR
41FB	VH-NBH	P32R
41FC	VH-NBI	C310
41FD	VH-NBJ	DA40
41FF	VH-NBL	C340
4201	VH-NBN	B212
4202	VH-NBO	BE35
4203	VH-NBP	B737
4204	VH-NBQ	RV6
4205	VH-NBR	A660
4206	VH-NBS	SV4
4207	VH-NBT	AC80
4208	VH-NBU	R22
4209	VH-NBV	B737
420A	VH-NBW	TRF1
420B	VH-NBX	TOBA
420D	VH-NBZ	RODS
4219	VH-NCB	AT3P
421A	VH-NCC	C185
421B	VH-NCD	RV6
421C	VH-NCE	PA44
421E	VH-NCG	T210
421F	VH-NCH	C72R
4220	VH-NCI	L39
4221	VH-NCJ	SS2T
4222	VH-NCK	C208
4223	VH-NCL	R22
4224	VH-NCM	P32R
4225	VH-NCN	C140
4226	VH-NCO	C172
4228	VH-NCQ	C82R
4229	VH-NCR	EXEC
422A	VH-NCS	PA27
422B	VH-NCT	CT4
422C	VH-NCU	C182
422D	VH-NCV	C140
422E	VH-NCW	L8
422F	VH-NCX	ST75
4230	VH-NCY	LNC2
4231	VH-NCZ	L8
423C	VH-NDA	C182
423D	VH-NDB	C182
423E	VH-NDC	C208
423F	VH-NDD	HUSK
4240	VH-NDE	B06
4241	VH-NDF	DFLY
4242	VH-NDG	GLID
4243	VH-NDH	BE76
4244	VH-NDI	SR20
4245	VH-NDJ	SS2T
4246	VH-NDK	B06
4247	VH-NDL	B06
4248	VH-NDM	C72R
4249	VH-NDN	AP22
424A	VH-NDO	AS50
424B	VH-NDP	C82R
424C	VH-NDQ	GLID
424D	VH-NDR	P28A
424E	VH-NDS	GLID
4250	VH-NDU	GLID
4251	VH-NDV	B06
4252	VH-NDW	SR20
4253	VH-NDX	RV10
4254	VH-NDY	B06
4255	VH-NDZ	C140
4260	VH-NEA	PT22
4261	VH-NEB	P28R
4262	VH-NEC	PA24
4263	VH-NED	P32R
4264	VH-NEE	PA30
4265	VH-NEF	FBA2
4266	VH-NEG	PA30
4267	VH-NEH	LNC4
4268	VH-NEI	DH82
4269	VH-NEJ	R66
426A	VH-NEK	RV8
426B	VH-NEL	BL8
426C	VH-NEM	R44
426D	VH-NEN	B212
426E	VH-NEO	GLAS
426F	VH-NEP	P2
4270	VH-NEQ	C510
4271	VH-NER	GY80
4272	VH-NES	PA32
4275	VH-NEV	TOUR
4277	VH-NEX	M7
4279	VH-NEZ	CJ1
4284	VH-NFA	SS2T
4285	VH-NFB	SS2T
4286	VH-NFC	C206
4287	VH-NFD	AT8T
4288	VH-NFE	C310
4289	VH-NFF	SS2T
428A	VH-NFG	SS2T
428B	VH-NFH	C182
428C	VH-NFI	SS2T
428D	VH-NFJ	SS2T
428E	VH-NFK	SS2T
428F	VH-NFL	AS50
4290	VH-NFM	SS2T
4291	VH-NFN	SS2T
4292	VH-NFO	AS50
4293	VH-NFP	C510
4294	VH-NFQ	SS2T
4295	VH-NFR	P28A
4296	VH-NFS	SS2T
4297	VH-NFT	C208
4298	VH-NFU	SS2T
4299	VH-NFV	SS2T
429B	VH-NFX	SS2T
429C	VH-NFY	AT8T
429D	VH-NFZ	SS2T
42A8	VH-NGA	GLID
42A9	VH-NGB	GLID
42AA	VH-NGC	C208
42AB	VH-NGD	P210
42AC	VH-NGE	P210
42AD	VH-NGF	GLID
42AE	VH-NGG	PA46
42AF	VH-NGH	GLID
42B0	VH-NGI	DA42
42B1	VH-NGJ	GLID
42B2	VH-NGK	C208
42B3	VH-NGL	R22
42B4	VH-NGM	FOX
42B5	VH-NGN	GLID
42B7	VH-NGP	C402
42B8	VH-NGQ	GLID
42B9	VH-NGR	PA38
42BA	VH-NGS	C208
42BB	VH-NGT	TB20
42BC	VH-NGU	R44
42BD	VH-NGV	GLID
42BE	VH-NGW	M5
42BF	VH-NGX	SW4
42C1	VH-NGZ	GLID
42CC	VH-NHA	F100
42CD	VH-NHB	DIMO
42D0	VH-NHE	C172
42D1	VH-NHF	F100
42D2	VH-NHG	F100
42D3	VH-NHH	B47G
42D4	VH-NHI	F100
42D5	VH-NHJ	F100
42D6	VH-NHK	F100
42D7	VH-NHL	A660
42D8	VH-NHM	F100
42D9	VH-NHN	F100
42DA	VH-NHO	F100
42DB	VH-NHP	F100
42DC	VH-NHQ	F100
42DD	VH-NHR	B47J
42DE	VH-NHS	R44
42DF	VH-NHT	B06
42E0	VH-NHU	C182
42E1	VH-NHV	F100
42E2	VH-NHW	B737
42E3	VH-NHX	AT5T
42E4	VH-NHY	F100
42E5	VH-NHZ	F100
42F0	VH-NIA	GLID
42F1	VH-NIB	P28A
42F2	VH-NIC	EC30
42F3	VH-NID	AT8T
42F4	VH-NIE	NPOR
42F5	VH-NIF	SR22
42F6	VH-NIG	DH82
42F8	VH-NII	GLID
42F9	VH-NIJ	C172
42FA	VH-NIK	R44
42FD	VH-NIN	AT8T
42FE	VH-NIO	M18
42FF	VH-NIP	AT8T
4300	VH-NIQ	P32R
4301	VH-NIR	P28T
4302	VH-NIS	R44
4303	VH-NIT	GLID
4304	VH-NIU	C172
4305	VH-NIV	C207
4306	VH-NIW	C172
4307	VH-NIX	R44
4309	VH-NIZ	AT6T
4314	VH-NJA	R22
4315	VH-NJB	PTS1
4316	VH-NJC	E55P
4317	VH-NJD	P32R
4319	VH-NJF	B463
431B	VH-NJH	R44
431C	VH-NJI	B463
431D	VH-NJJ	PTS1
431E	VH-NJK	P28U
431F	VH-NJL	C172
4320	VH-NJM	B463
4321	VH-NJN	CAD2
4322	VH-NJO	M20T
4323	VH-NJP	RJ1H
4325	VH-NJR	E55P
4326	VH-NJS	P32R
4327	VH-NJT	AC6L
4329	VH-NJV	B737
432A	VH-NJW	SR22
432B	VH-NJX	GLAS
432D	VH-NJZ	B463
4338	VH-NKA	P32R
4339	VH-NKB	PA18
433A	VH-NKC	GLID
433B	VH-NKD	C172
433C	VH-NKE	B47G
433D	VH-NKF	CB1
433E	VH-NKG	RV6
433F	VH-NKH	B06
4341	VH-NKJ	C152
4342	VH-NKK	R44
4343	VH-NKL	C152
4344	VH-NKM	SASP
4345	VH-NKN	GLSP
4347	VH-NKP	BE76
4348	VH-NKQ	F70
4349	VH-NKR	R22
434B	VH-NKT	KTOO
434C	VH-NKU	F70
434E	VH-NKW	P46T
434F	VH-NKX	C182
4351	VH-NKZ	C172
435C	VH-NLA	PA22
435E	VH-NLC	P28A
435F	VH-NLD	L39
4360	VH-NLE	PA27
4361	VH-NLF	GA8
4362	VH-NLG	C206
4363	VH-NLH	R22
4364	VH-NLI	C172
4365	VH-NLJ	AT3T
4366	VH-NLK	CH7B
4367	VH-NLL	R22
4368	VH-NLM	PA22
4369	VH-NLN	C182
436A	VH-NLO	PA44
436B	VH-NLP	GLIM
436C	VH-NLQ	C172
436D	VH-NLR	L5
436E	VH-NLS	C172
436F	VH-NLT	A139
4370	VH-NLU	A139
4372	VH-NLW	C172
4373	VH-NLX	PA31
4374	VH-NLY	C172
4375	VH-NLZ	C210
4380	VH-NMA	PAY3
4381	VH-NMB	R22
4382	VH-NMC	BE55
4383	VH-NMD	DH82
4384	VH-NME	BE20
4385	VH-NMF	C152
4386	VH-NMG	RV7
4387	VH-NMH	M18
4388	VH-NMI	R22
4389	VH-NMJ	C180
438A	VH-NMK	PA31
438B	VH-NML	C182
438C	VH-NMM	C180
438D	VH-NMN	C172
438E	VH-NMO	U16
438F	VH-NMP	PA31
4390	VH-NMQ	C402
4391	VH-NMR	C182
4392	VH-NMS	EAGX
4393	VH-NMT	RV9
4394	VH-NMU	C172
4395	VH-NMV	C208
4396	VH-NMW	BE20
4397	VH-NMX	CT4
4398	VH-NMY	CT4
43A4	VH-NNA	E55P
43A5	VH-NNB	CJ6
43A6	VH-NNC	CJ6
43A9	VH-NNF	CJ6
43AA	VH-NNG	CJ6
43AB	VH-NNH	CJ6
43AC	VH-NNI	CJ6
43AD	VH-NNJ	CJ6
43AE	VH-NNK	S108
43AF	VH-NNL	CJ6
43B0	VH-NNM	CJ6
43B1	VH-NNN	B212
43B2	VH-NNO	CJ6
43B3	VH-NNP	CJ6
43B4	VH-NNQ	C188
43B5	VH-NNR	M20P
43B6	VH-NNS	C206
43B7	VH-NNT	P32R
43B9	VH-NNV	CJ6
43BA	VH-NNW	C120
43BB	VH-NNX	R22
43BC	VH-NNY	CJ6
43BD	VH-NNZ	CJ6
43C8	VH-NOA	R44
43C9	VH-NOB	GLAS
43CA	VH-NOC	B06
43CB	VH-NOD	P32R
43CC	VH-NOE	C172
43CD	VH-NOF	RV6
43CE	VH-NOG	RV6
43D0	VH-NOI	R44
43D1	VH-NOJ	RV4
43D2	VH-NOK	C210
43D3	VH-NOL	R44
43D4	VH-NOM	R22
43D5	VH-NON	CA25
43D6	VH-NOO	DA40
43D7	VH-NOP	SR20
43D9	VH-NOR	P28A
43DA	VH-NOS	S52
43DB	VH-NOT	R22
43DC	VH-NOU	C501
43DD	VH-NOV	DH82
43DE	VH-NOW	AT3P
43DF	VH-NOX	RV7
43E0	VH-NOY	L5
43E1	VH-NOZ	SR22
43EC	VH-NPA	PA31
43ED	VH-NPB	PA31
43EF	VH-NPD	AS50
43F0	VH-NPE	C182
43F1	VH-NPF	C172
43F2	VH-NPG	PA34
43F4	VH-NPI	B06
43F5	VH-NPJ	PTS1
43F6	VH-NPK	R22
43F7	VH-NPL	C210
43F8	VH-NPM	R44
43F9	VH-NPN	C172
43FA	VH-NPO	SS2T
43FB	VH-NPP	LJ60
43FC	VH-NPQ	R44
43FE	VH-NPS	C172
43FF	VH-NPT	BE58
4400	VH-NPU	F100
4401	VH-NPV	B412
4402	VH-NPW	C185
4403	VH-NPX	AS50
4404	VH-NPY	B06
4405	VH-NPZ	C208
4411	VH-NQB	PC12
4412	VH-NQC	C208
4413	VH-NQD	C208
4414	VH-NQE	F100
4415	VH-NQF	BE20
4417	VH-NQH	PC12
4418	VH-NQI	B737
441A	VH-NQK	GLIM
441B	VH-NQL	PA24
441C	VH-NQM	GLIM
441F	VH-NQP	C210
4420	VH-NQQ	C182
4421	VH-NQR	PTS1
4422	VH-NQS	GLIM
4423	VH-NQT	BE20
4424	VH-NQU	GLIM
4425	VH-NQV	GLIM
4426	VH-NQW	CORS
4427	VH-NQX	BL8
4428	VH-NQY	B737
4429	VH-NQZ	F100
4434	VH-NRA	P28A
4435	VH-NRB	P28A
4436	VH-NRC	C172
4437	VH-NRD	P28A
4438	VH-NRE	C337
4439	VH-NRF	P28A
443A	VH-NRG	R22
443B	VH-NRH	P28A
443C	VH-NRI	P28A
443D	VH-NRJ	BE58
443E	VH-NRK	EXEC
443F	VH-NRL	P28A
4440	VH-NRM	P28A
4441	VH-NRN	P28A
4442	VH-NRO	T6
4443	VH-NRP	P28A
4444	VH-NRQ	BL8
4445	VH-NRR	RV6
4446	VH-NRS	RV9
4447	VH-NRT	RV7
4448	VH-NRU	GLSP
4449	VH-NRV	RV4
444A	VH-NRW	AS50
444B	VH-NRX	SF34
444D	VH-NRZ	P28A
4458	VH-NSA	C441
4459	VH-NSB	R44
445A	VH-NSC	B412
445C	VH-NSE	GLIM
445D	VH-NSF	SLG4
445E	VH-NSG	CJ1
4460	VH-NSI	EC30
4461	VH-NSJ	CA25
4462	VH-NSK	BE58
4463	VH-NSL	C182
4464	VH-NSM	BE58
4465	VH-NSN	BE20
4466	VH-NSO	GLID
4467	VH-NSP	RV7
4468	VH-NSQ	E55P
4469	VH-NSR	LA4
446A	VH-NSS	BE58
446B	VH-NST	R22
446C	VH-NSU	CH7
446D	VH-NSV	B06
446E	VH-NSW	C421
446F	VH-NSX	R44
4470	VH-NSY	B212
447E	VH-NTC	C208
447F	VH-NTD	C150
4480	VH-NTE	BE20
4482	VH-NTG	BE20
4483	VH-NTH	R44
4485	VH-NTJ	CA25
4486	VH-NTK	C206
4487	VH-NTL	JS32
4488	VH-NTM	SASP
4489	VH-NTN	CA25
448B	VH-NTP	P28A
448C	VH-NTQ	C208
448D	VH-NTR	SS2T
448E	VH-NTS	BE20
448F	VH-NTT	GLIM
4490	VH-NTU	SRAI
4492	VH-NTW	C182
4493	VH-NTX	BE9L
4495	VH-NTZ	AT8T
44A0	VH-NUA	A139
44A1	VH-NUB	A139
44A2	VH-NUC	C182
44A5	VH-NUF	B06
44A6	VH-NUG	R22
44A7	VH-NUH	T51
44A8	VH-NUI	RV7
44A9	VH-NUJ	AT5T
44AA	VH-NUK	P28B
44AB	VH-NUL	R44
44AC	VH-NUM	GLST
44AD	VH-NUN	R44
44AE	VH-NUO	F70
44AF	VH-NUP	C172
44B0	VH-NUQ	C208
44B1	VH-NUR	HRNT
44B3	VH-NUT	PA32
44B4	VH-NUU	F70
44B7	VH-NUX	C208
44B8	VH-NUY	F70
44B9	VH-NUZ	F70
44C4	VH-NVA	F8L
44C5	VH-NVB	C182
44C7	VH-NVD	C172
44C8	VH-NVE	A139
44C9	VH-NVF	EC35
44CA	VH-NVG	EC35
44CB	VH-NVH	B105
44CC	VH-NVI	B105
44CD	VH-NVJ	T210
44CE	VH-NVK	B105
44CF	VH-NVL	RV10
44D0	VH-NVM	R44
44D1	VH-NVN	B212
44D2	VH-NVO	P06T
44D3	VH-NVP	C172
44D5	VH-NVR	UH1
44D6	VH-NVS	B412
44D7	VH-NVT	DH82
44D8	VH-NVU	S92
44D9	VH-NVV	UH1
44DA	VH-NVW	B737
44DB	VH-NVX	S2P
44DC	VH-NVY	ACAR
44DD	VH-NVZ	RV9
44E9	VH-NWB	C195
44EA	VH-NWC	RV7
44EB	VH-NWD	RV10
44EC	VH-NWE	S22T
44ED	VH-NWF	M20P
44EE	VH-NWG	SR22
44EF	VH-NWH	PA24
44F0	VH-NWI	PC12
44F1	VH-NWJ	C208
44F2	VH-NWK	S108
44F4	VH-NWM	DH82
44F5	VH-NWN	PA31
44F6	VH-NWO	PC24
44F8	VH-NWQ	C172
44F9	VH-NWR	BE36
44FA	VH-NWS	B06
44FB	VH-NWT	C208
44FC	VH-NWU	AT8T
44FD	VH-NWV	S92
44FE	VH-NWW	C172
44FF	VH-NWX	P28U
4500	VH-NWY	P28S
4501	VH-NWZ	C172
450C	VH-NXA	C310
450D	VH-NXB	B06
450E	VH-NXC	B06
4510	VH-NXE	B712
4511	VH-NXF	DHC2
4512	VH-NXG	B712
4514	VH-NXI	B712
4516	VH-NXK	B712
4517	VH-NXL	B712
4519	VH-NXN	B712
451A	VH-NXO	B712
451C	VH-NXQ	B712
451E	VH-NXS	C310
451F	VH-NXT	P32R
4520	VH-NXU	C208
4522	VH-NXW	B06
4523	VH-NXX	EC30
4524	VH-NXY	R200
4525	VH-NXZ	B06
4530	VH-NYA	B190
4531	VH-NYB	PA18
4532	VH-NYC	AS50
4533	VH-NYD	R44
4534	VH-NYE	RV6
4535	VH-NYF	RV7
4536	VH-NYG	PA46
4537	VH-NYH	R44
4538	VH-NYI	EC75
4539	VH-NYJ	EC75
453A	VH-NYK	C172
453B	VH-NYL	BE36
453D	VH-NYN	C188
453E	VH-NYO	C188
453F	VH-NYP	PA46
4541	VH-NYR	C150
4542	VH-NYS	VTUR
4543	VH-NYT	P28S
4544	VH-NYU	R22
4545	VH-NYV	C172
4546	VH-NYW	S92
4547	VH-NYX	AS50
4548	VH-NYY	R44
4549	VH-NYZ	AS50
4554	VH-NZA	AT5T
4555	VH-NZB	SS2T
4556	VH-NZC	C180
4557	VH-NZD	C172
4558	VH-NZE	GLID
4559	VH-NZF	C182
455B	VH-NZH	T6
455C	VH-NZI	H269
455D	VH-NZJ	C172
455E	VH-NZK	JAB4
455F	VH-NZL	Z42
4560	VH-NZM	R22
4561	VH-NZN	GLAS
4562	VH-NZO	R22
4563	VH-NZP	CT4
4564	VH-NZQ	A109
4565	VH-NZR	SR22
4566	VH-NZS	B47G
4567	VH-NZT	R200
4568	VH-NZU	A109
4569	VH-NZV	C172
456A	VH-NZW	A109
456B	VH-NZX	T6
456C	VH-NZY	H500
456D	VH-NZZ	RV8
46E0	VH-OAA	F900
46E1	VH-OAB	C182
46E2	VH-OAC	H269
46E3	VH-OAD	C402
46E4	VH-OAE	B06
46E6	VH-OAG	C182
46E7	VH-OAH	B47G
46E8	VH-OAI	C208
46EA	VH-OAK	C210
46EB	VH-OAL	S22T
46EC	VH-OAM	R22
46ED	VH-OAN	PA31
46EE	VH-OAO	GLST
46EF	VH-OAP	P68
46F1	VH-OAR	P28R
46F2	VH-OAS	B06
46F3	VH-OAT	C210
46F4	VH-OAU	R22
46F5	VH-OAV	P68
46F6	VH-OAW	AC56
46F7	VH-OAX	R44
46F8	VH-OAY	C210
46F9	VH-OAZ	P32R
4704	VH-OBA	R44
4705	VH-OBB	PTS1
4706	VH-OBC	GLAS
4707	VH-OBD	C206
4708	VH-OBE	C441
4709	VH-OBF	C182
470B	VH-OBH	GLID
470C	VH-OBI	DOVE
470D	VH-OBJ	R44
470E	VH-OBK	H269
470F	VH-OBL	R44
4710	VH-OBM	C170
4711	VH-OBN	R66
4712	VH-OBO	AP22
4713	VH-OBP	SSTL
4714	VH-OBQ	PA31
4715	VH-OBR	SR22
4716	VH-OBS	DIMO
4717	VH-OBT	SR22
4718	VH-OBU	B429
4719	VH-OBV	COZY
471A	VH-OBW	C182
471C	VH-OBY	RV10
471D	VH-OBZ	RV10
4728	VH-OCA	B06
4729	VH-OCB	RV6
472A	VH-OCC	BE58
472B	VH-OCD	UH1
472C	VH-OCE	RV7
472D	VH-OCF	PA31
472E	VH-OCG	C182
472F	VH-OCH	RV7
4731	VH-OCJ	R22
4732	VH-OCK	GLAS
4733	VH-OCL	R44
4734	VH-OCM	R22
4735	VH-OCN	C172
4736	VH-OCO	EXEC
4737	VH-OCP	C172
4738	VH-OCQ	AT3T
4739	VH-OCR	RV6
473B	VH-OCT	SR20
473C	VH-OCU	G164
473D	VH-OCV	SR20
473E	VH-OCW	C182
473F	VH-OCX	EN28
4740	VH-OCY	AC11
4741	VH-OCZ	R44
474C	VH-ODA	BE76
474D	VH-ODB	AT3P
474E	VH-ODC	EUPA
474F	VH-ODD	C172
4750	VH-ODE	PA31
4751	VH-ODF	C72R
4752	VH-ODG	AT5T
4753	VH-ODH	AT8T
4755	VH-ODJ	PA31
4756	VH-ODK	AT3P
4757	VH-ODL	C206
4758	VH-ODM	COL4
4759	VH-ODN	AT5T
475A	VH-ODO	AT6T
475B	VH-ODP	AT8T
475C	VH-ODQ	AT8T
475D	VH-ODR	AT5T
475E	VH-ODS	AT3P
475F	VH-ODT	AT5T
4760	VH-ODU	C208
4761	VH-ODV	AT8T
4762	VH-ODW	AT8T
4763	VH-ODX	AT8T
4765	VH-ODZ	AT8T
4779	VH-OEJ	SR22
477A	VH-OEK	BE55
477B	VH-OEL	P32R
477C	VH-OEM	RV9
477D	VH-OEN	C206
4789	VH-OEZ	C208
4794	VH-OFA	CL60
4795	VH-OFB	CL60
4796	VH-OFC	CL60
4797	VH-OFD	C206
4798	VH-OFE	A21N
4799	VH-OFF	AS55
479D	VH-OFJ	H25B
479E	VH-OFK	P208
479F	VH-OFL	A21N
47A0	VH-OFM	TFUN
47A1	VH-OFN	AC11
47A2	VH-OFO	C140
47A3	VH-OFP	A21N
47A4	VH-OFQ	A21N
47A5	VH-OFR	JAB4
47A6	VH-OFS	A21N
47A7	VH-OFT	C150
47A8	VH-OFU	A21N
47A9	VH-OFV	A21N
47AA	VH-OFW	A21N
47AB	VH-OFX	GLEX
47AC	VH-OFY	A21N
47B8	VH-OGA	A21N
47B9	VH-OGB	A21N
47BA	VH-OGC	A21N
47BB	VH-OGD	A21N
47BC	VH-OGE	A21N
47BD	VH-OGF	A21N
47BE	VH-OGG	A21N
47CE	VH-OGW	PA31
47CF	VH-OGX	SW4
47D1	VH-OGZ	GLST
47DD	VH-OHB	RV7
47DE	VH-OHC	RV9
47DF	VH-OHD	DHC2
47E0	VH-OHE	C560
47E2	VH-OHG	GLST
47E3	VH-OHH	SR22
47E5	VH-OHJ	JAB4
47E6	VH-OHK	P32R
47E7	VH-OHL	RV7
47E8	VH-OHM	P32R
47E9	VH-OHN	C560
47EA	VH-OHO	P28A
47EB	VH-OHP	R22
47ED	VH-OHR	P28A
47EE	VH-OHS	RV7
47EF	VH-OHT	HRNT
47F0	VH-OHU	DHC2
47F1	VH-OHV	RV7
47F3	VH-OHX	CC11
47F4	VH-OHY	RV7
47F5	VH-OHZ	C172
4800	VH-OIA	O1
4802	VH-OIC	R22
4803	VH-OID	M20P
4804	VH-OIE	C172
4806	VH-OIG	O1
4807	VH-OIH	PA31
4808	VH-OII	C337
4809	VH-OIJ	B06
480B	VH-OIL	C182
480C	VH-OIM	T18
480E	VH-OIO	LNC2
480F	VH-OIP	SR22
4810	VH-OIQ	C337
4811	VH-OIR	A21N
4812	VH-OIS	SWAK
4813	VH-OIT	A210
4814	VH-OIU	A210
4816	VH-OIW	GAZL
4817	VH-OIX	GAZL
4819	VH-OIZ	GAZL
482B	VH-OJH	PA18
482F	VH-OJL	SR22
4849	VH-OKB	BE58
484A	VH-OKC	M20P
484B	VH-OKD	P32R
484D	VH-OKF	R44
484E	VH-OKG	TOBA
484F	VH-OKH	PISI
4850	VH-OKI	BE58
4851	VH-OKJ	C210
4852	VH-OKK	RV6
4853	VH-OKL	BE33
4855	VH-OKN	GLID
4856	VH-OKO	B06
4857	VH-OKP	L200
4858	VH-OKQ	R44
4859	VH-OKR	GLID
485A	VH-OKS	B06
485B	VH-OKT	GLID
485C	VH-OKU	C172
485D	VH-OKV	BOLT
485E	VH-OKW	SS2T
4860	VH-OKY	P28A
4861	VH-OKZ	GLID
486C	VH-OLA	R44
486E	VH-OLC	C82R
486F	VH-OLD	PA22
4870	VH-OLE	RV6
4871	VH-OLF	F8L
4872	VH-OLG	R44
4873	VH-OLH	R66
4874	VH-OLI	C185
4875	VH-OLJ	LJ60
4876	VH-OLK	RV10
4877	VH-OLL	SF34
4878	VH-OLM	SF34
4879	VH-OLN	T210
487A	VH-OLO	C152
487C	VH-OLQ	A21N
487D	VH-OLR	R44
487E	VH-OLS	SR22
487F	VH-OLT	JAB4
4880	VH-OLU	A21N
4881	VH-OLV	P68
4882	VH-OLW	C150
4883	VH-OLX	PISI
4884	VH-OLY	C72R
4885	VH-OLZ	J1
4890	VH-OMA	RV6
4891	VH-OMB	RV7
4892	VH-OMC	RV6
4893	VH-OMD	BE55
4896	VH-OMG	SR22
4897	VH-OMH	RV6
4898	VH-OMI	C82S
4899	VH-OMJ	C208
489A	VH-OMK	R22
489B	VH-OML	GLAS
489C	VH-OMM	PA31
489D	VH-OMN	PA31
489E	VH-OMO	RV6
489F	VH-OMP	GA8
48A0	VH-OMQ	P28A
48A1	VH-OMR	B06
48A3	VH-OMT	RV6
48A4	VH-OMU	C172
48A5	VH-OMV	C82R
48A7	VH-OMX	CP30
48A9	VH-OMZ	ACAM
48B4	VH-ONA	C190
48B7	VH-OND	RODS
48B8	VH-ONE	S12
48B9	VH-ONF	C195
48BA	VH-ONG	R44
48BB	VH-ONH	C182
48BC	VH-ONI	B06
48BD	VH-ONJ	C150
48BE	VH-ONK	C172
48BF	VH-ONL	M20P
48C0	VH-ONM	B06
48C2	VH-ONO	R44
48C3	VH-ONP	JPRO
48C5	VH-ONR	B06
48C6	VH-ONS	AS50
48C8	VH-ONU	B733
48C9	VH-ONV	C195
48CA	VH-ONW	C172
48CB	VH-ONX	AT3T
48CC	VH-ONY	WACF
48CD	VH-ONZ	UH1
48D8	VH-OOA	GLAS
48D9	VH-OOB	FBA2
48DA	VH-OOC	C182
48DB	VH-OOD	BE36
48DC	VH-OOE	R44
48DD	VH-OOF	RV6
48DE	VH-OOG	RV6
48E1	VH-OOJ	C77R
48E3	VH-OOL	LNC2
48E4	VH-OOM	C77R
48E5	VH-OON	LAKR
48E6	VH-OOO	GLAS
48E8	VH-OOQ	R44
48E9	VH-OOR	R44
48EA	VH-OOS	G164
48EC	VH-OOU	DEFI
48ED	VH-OOV	BE36
48EF	VH-OOX	BOLT
48F0	VH-OOY	JAB4
48F1	VH-OOZ	YK18
48FC	VH-OPA	C182
48FD	VH-OPB	RV7
48FE	VH-OPC	PA31
48FF	VH-OPD	R44
4902	VH-OPG	S22T
4903	VH-OPH	C208
4905	VH-OPJ	CA25
4906	VH-OPK	EXNG
4907	VH-OPL	GLAS
4908	VH-OPM	CH75
490A	VH-OPO	R44
490C	VH-OPQ	R44
490D	VH-OPR	LNP4
490E	VH-OPS	SS2T
490F	VH-OPT	B06
4910	VH-OPU	SR22
4912	VH-OPW	GLID
4914	VH-OPY	J3
4915	VH-OPZ	R44
4920	VH-OQA	A388
4921	VH-OQB	A388
4922	VH-OQC	A388
4923	VH-OQD	A388
4926	VH-OQG	A388
4927	VH-OQH	A388
4928	VH-OQI	A388
4929	VH-OQJ	A388
492A	VH-OQK	A388
492B	VH-OQL	A388
4944	VH-ORA	LNC4
4945	VH-ORB	RV7
4946	VH-ORC	B47G
4947	VH-ORD	C82R
4948	VH-ORE	RV6
4949	VH-ORF	RV7
494A	VH-ORG	RV6
494B	VH-ORH	R44
494C	VH-ORI	P3
494E	VH-ORK	BE36
494F	VH-ORL	PA25
4950	VH-ORM	B47G
4951	VH-ORN	RV10
4952	VH-ORO	RV4
4953	VH-ORP	C172
4954	VH-ORQ	R22
4955	VH-ORR	C210
4956	VH-ORS	R44
4957	VH-ORT	AEST
4958	VH-ORU	P46T
4959	VH-ORV	RV4
495A	VH-ORW	P32R
495B	VH-ORX	SF34
495C	VH-ORY	GLAS
495D	VH-ORZ	SASP
4968	VH-OSA	EC30
4969	VH-OSB	SREY
496C	VH-OSE	A21N
496D	VH-OSF	TF21
496E	VH-OSG	GLAS
496F	VH-OSH	RV10
4971	VH-OSJ	AT6T
4973	VH-OSL	B06
4974	VH-OSM	JAB4
4975	VH-OSN	RV7
4976	VH-OSO	B06
4977	VH-OSP	SASY
4978	VH-OSQ	B06
497A	VH-OSS	B06
497D	VH-OSV	BE58
497E	VH-OSW	GLAS
497F	VH-OSX	B06
4981	VH-OSZ	C170
498C	VH-OTA	R66
498D	VH-OTB	C210
498E	VH-OTC	P28R
498F	VH-OTD	JS32
4990	VH-OTE	JS32
4992	VH-OTG	RV8
4993	VH-OTH	R44
4994	VH-OTI	R44
4995	VH-OTJ	R22
4996	VH-OTK	H25B
4997	VH-OTL	A660
4998	VH-OTM	T18
4999	VH-OTN	GLID
499A	VH-OTO	C337
499B	VH-OTP	GLID
499C	VH-OTQ	JS32
49A0	VH-OTU	C337
49A1	VH-OTV	R44
49A2	VH-OTW	RV7
49A3	VH-OTX	AEST
49A4	VH-OTY	RV7
49B0	VH-OUA	C72R
49B1	VH-OUB	AT8T
49B2	VH-OUC	AT8T
49B3	VH-OUD	BE36
49B4	VH-OUE	AT8T
49B5	VH-OUF	AT8T
49B6	VH-OUG	AT8T
49B7	VH-OUH	E190
49B8	VH-OUI	C150
49B9	VH-OUJ	AT8T
49BB	VH-OUL	E190
49BC	VH-OUM	AT8T
49BD	VH-OUN	AT8T
49BE	VH-OUO	R44
49C0	VH-OUQ	E190
49C1	VH-OUR	A109
49C2	VH-OUS	C208
49C3	VH-OUT	B47G
49C4	VH-OUU	AP22
49C5	VH-OUV	SR22
49C8	VH-OUY	A660
49C9	VH-OUZ	PA24
49D4	VH-OVA	M20P
49D6	VH-OVC	SW3
49D7	VH-OVD	RV9
49D9	VH-OVF	G150
49DA	VH-OVG	G150
49DB	VH-OVH	M20P
49DD	VH-OVJ	CH7B
49DE	VH-OVK	BK17
49DF	VH-OVL	DH82
49E0	VH-OVM	DC3
49E1	VH-OVN	M20P
49E2	VH-OVO	T6
49E3	VH-OVP	BE58
49E5	VH-OVR	G200
49E6	VH-OVS	BE40
49E7	VH-OVT	SONX
49E8	VH-OVU	C402
49EB	VH-OVX	LJ31
49EC	VH-OVY	C340
49F0	VH-OWC	C337
49F8	VH-OWA	PC12
49F9	VH-OWB	PC12
49FB	VH-OWD	PC12
49FD	VH-OWF	PA32
49FE	VH-OWG	PC12
49FF	VH-OWH	R44
4A00	VH-OWI	PC12
4A01	VH-OWJ	PC12
4A02	VH-OWK	C172
4A03	VH-OWL	GLID
4A04	VH-OWM	R44
4A05	VH-OWN	BE20
4A06	VH-OWO	P28A
4A07	VH-OWP	PC12
4A08	VH-OWQ	PC12
4A09	VH-OWR	PC12
4A0A	VH-OWS	PC12
4A0B	VH-OWT	RV6
4A0C	VH-OWU	PC12
4A0D	VH-OWV	PC12
4A0E	VH-OWW	P06T
4A0F	VH-OWX	PC12
4A10	VH-OWY	PC12
4A11	VH-OWZ	PC12
4A1D	VH-OXB	R66
4A1E	VH-OXC	GLIM
4A1F	VH-OXD	RODS
4A20	VH-OXE	UH1
4A21	VH-OXF	B350
4A22	VH-OXG	PA44
4A25	VH-OXJ	PA44
4A26	VH-OXK	PA44
4A27	VH-OXL	C182
4A28	VH-OXM	PA44
4A29	VH-OXN	ONEX
4A2A	VH-OXO	R44
4A2B	VH-OXP	PA44
4A2D	VH-OXR	PA34
4A2E	VH-OXS	R44
4A2F	VH-OXT	RV7
4A30	VH-OXU	UH1
4A31	VH-OXV	PA44
4A32	VH-OXW	PA44
4A34	VH-OXY	C441
4A40	VH-OYA	SLG4
4A41	VH-OYB	SW4
4A42	VH-OYC	A21N
4A43	VH-OYD	A21N
4A44	VH-OYE	GLIM
4A45	VH-OYF	A21N
4A46	VH-OYG	SW4
4A47	VH-OYH	R22
4A48	VH-OYI	M20P
4A49	VH-OYJ	C180
4A4A	VH-OYK	A21N
4A4B	VH-OYL	PA24
4A4C	VH-OYM	PA31
4A4D	VH-OYN	SW4
4A4E	VH-OYO	RV7
4A4F	VH-OYP	A21N
4A50	VH-OYQ	A21N
4A51	VH-OYR	A21N
4A52	VH-OYS	C182
4A53	VH-OYT	A21N
4A54	VH-OYU	A21N
4A55	VH-OYV	B190
4A56	VH-OYW	A21N
4A57	VH-OYX	A21N
4A58	VH-OYY	R22
4A59	VH-OYZ	AP32
4A64	VH-OZA	C185
4A66	VH-OZC	B06
4A67	VH-OZD	BE36
4A68	VH-OZE	C206
4A69	VH-OZF	E110
4A6A	VH-OZG	PA31
4A6B	VH-OZH	C208
4A6C	VH-OZI	R22
4A6D	VH-OZJ	R44
4A70	VH-OZM	SLG4
4A71	VH-OZN	R44
4A72	VH-OZO	C404
4A73	VH-OZP	A119
4A74	VH-OZQ	C208
4A78	VH-OZU	R22
4A79	VH-OZV	SW4
4A7A	VH-OZW	R22
4A7B	VH-OZX	C185
4A7C	VH-OZY	C172
4A7D	VH-OZZ	QIC2
4BF0	VH-PAA	PA38
4BF2	VH-PAC	C510
4BF4	VH-PAE	YK52
4BF5	VH-PAF	C182
4BF6	VH-PAG	B738
4BF8	VH-PAI	SM19
4BF9	VH-PAJ	RV6
4BFA	VH-PAK	P28A
4BFB	VH-PAL	TB20
4BFC	VH-PAM	P28B
4BFE	VH-PAO	PA24
4C01	VH-PAR	P28R
4C02	VH-PAS	SR22
4C03	VH-PAT	C172
4C04	VH-PAU	C188
4C05	VH-PAV	JABI
4C06	VH-PAW	C205
4C08	VH-PAY	PA27
4C09	VH-PAZ	SREY
4C14	VH-PBA	P28R
4C15	VH-PBB	P28R
4C16	VH-PBC	P28A
4C17	VH-PBD	P28B
4C18	VH-PBE	P28A
4C19	VH-PBF	P28A
4C1A	VH-PBG	PA32
4C1B	VH-PBH	PA30
4C1C	VH-PBI	C310
4C1D	VH-PBJ	P28A
4C1E	VH-PBK	B47G
4C1F	VH-PBL	PA34
4C20	VH-PBM	P28A
4C21	VH-PBN	PA38
4C22	VH-PBO	PA38
4C23	VH-PBP	PA44
4C25	VH-PBR	P28A
4C27	VH-PBT	EXEC
4C28	VH-PBU	EDGE
4C29	VH-PBV	C210
4C2A	VH-PBW	R44
4C2B	VH-PBX	C172
4C2C	VH-PBY	C210
4C2D	VH-PBZ	CAT
4C38	VH-PCA	P28B
4C39	VH-PCB	P28B
4C3A	VH-PCC	TOUR
4C3B	VH-PCD	AT8T
4C3C	VH-PCE	TB20
4C3D	VH-PCF	DHC2
4C3E	VH-PCG	DH82
4C3F	VH-PCH	GLAS
4C40	VH-PCI	DH82
4C41	VH-PCJ	PA18
4C42	VH-PCK	PA22
4C43	VH-PCL	DH82
4C45	VH-PCN	P28A
4C46	VH-PCO	AS50
4C47	VH-PCP	PA34
4C48	VH-PCQ	AS55
4C49	VH-PCR	PA22
4C4A	VH-PCS	AC11
4C4B	VH-PCT	AC11
4C4C	VH-PCU	AC11
4C4D	VH-PCV	AC90
4C4E	VH-PCW	AC11
4C4F	VH-PCX	P68
4C50	VH-PCY	J1
4C51	VH-PCZ	M20P
4C5C	VH-PDA	P28A
4C5F	VH-PDD	PA32
4C60	VH-PDE	PC12
4C61	VH-PDF	PA32
4C63	VH-PDH	C182
4C64	VH-PDI	ALIG
4C65	VH-PDJ	T210
4C66	VH-PDK	G2CA
4C67	VH-PDL	PA24
4C68	VH-PDM	RV7
4C69	VH-PDN	PA31
4C6A	VH-PDO	P28A
4C6B	VH-PDP	T210
4C6C	VH-PDQ	RV7
4C6D	VH-PDR	FOX
4C6E	VH-PDS	BE36
4C70	VH-PDU	PTS2
4C71	VH-PDV	G2CA
4C72	VH-PDW	RV14
4C73	VH-PDX	SR20
4C74	VH-PDY	P32R
4C75	VH-PDZ	PA24
4C80	VH-PEA	C150
4C81	VH-PEB	P28R
4C82	VH-PEC	P28U
4C84	VH-PEE	TAYB
4C85	VH-PEF	P28A
4C86	VH-PEG	PA25
4C87	VH-PEH	C402
4C88	VH-PEI	P28A
4C89	VH-PEJ	RV7
4C8A	VH-PEK	AT8T
4C8B	VH-PEL	P28A
4C8C	VH-PEM	T6
4C8D	VH-PEN	C182
4C8E	VH-PEO	GLIM
4C8F	VH-PEP	PA22
4C90	VH-PEQ	P28A
4C91	VH-PER	P28A
4C92	VH-PES	P28A
4C93	VH-PET	M20P
4C94	VH-PEU	B06
4C95	VH-PEV	BL8
4C96	VH-PEW	PL2
4C97	VH-PEX	LNC2
4C98	VH-PEY	P28A
4C99	VH-PEZ	C310
4CA4	VH-PFA	LJ35
4CA5	VH-PFB	P28R
4CA6	VH-PFC	PA38
4CA7	VH-PFD	PA27
4CA8	VH-PFE	PA32
4CA9	VH-PFF	R66
4CAA	VH-PFG	PTS2
4CAB	VH-PFH	BE33
4CAC	VH-PFI	B190
4CAD	VH-PFJ	AP22
4CAE	VH-PFK	BE9L
4CAF	VH-PFL	GLF5
4CB0	VH-PFM	T28
4CB1	VH-PFN	M20P
4CB2	VH-PFO	P40
4CB3	VH-PFP	C421
4CB4	VH-PFQ	PA27
4CB5	VH-PFR	SR22
4CB6	VH-PFS	LJ45
4CB7	VH-PFT	BE20
4CB8	VH-PFU	C172
4CB9	VH-PFV	G150
4CBA	VH-PFW	G150
4CBD	VH-PFZ	C82R
4CC8	VH-PGA	TBM7
4CC9	VH-PGB	C208
4CCA	VH-PGC	C182
4CCB	VH-PGD	PA32
4CCC	VH-PGE	CRES
4CCD	VH-PGF	C206
4CCE	VH-PGG	BE36
4CCF	VH-PGH	CT4
4CD0	VH-PGI	BE36
4CD1	VH-PGJ	R22
4CD2	VH-PGK	PA34
4CD3	VH-PGL	C172
4CD4	VH-PGM	AC50
4CD5	VH-PGN	P68
4CD6	VH-PGO	PA31
4CD7	VH-PGP	PA32
4CD8	VH-PQG	SLG4	A
4CD9	VH-PGR	GLIM
4CDA	VH-PGS	PA24
4CDB	VH-PGT	C208
4CDC	VH-PGU	EC45
4CDD	VH-PGV	B06
4CDE	VH-PGW	EC45
4CDF	VH-PGX	RV10
4CE0	VH-PGY	P28A
4CE1	VH-PGZ	PTS2
4CEC	VH-PHA	R22
4CED	VH-PHB	B429
4CEE	VH-PHC	EXEC
4CEF	VH-PHD	PA27
4CF0	VH-PHE	AS50
4CF1	VH-PHF	B06
4CF2	VH-PHG	ECHO
4CF3	VH-PHH	R44
4CF4	VH-PHI	R22
4CF5	VH-PHJ	H269
4CF6	VH-PHK	R22
4CF7	VH-PHL	B06
4CF8	VH-PHM	B429
4CF9	VH-PHN	AS55
4CFA	VH-PHO	B06
4CFC	VH-PHQ	H269
4CFD	VH-PHR	RV7
4CFE	VH-PHS	C180
4CFF	VH-PHT	R22
4D00	VH-PHU	AS50
4D01	VH-PHV	C172
4D02	VH-PHW	B429
4D03	VH-PHX	SR22
4D04	VH-PHY	B06
4D05	VH-PHZ	B412
4D10	VH-PIA	C172
4D11	VH-PIB	PA22
4D12	VH-PIC	PA22
4D13	VH-PID	PC12
4D14	VH-PIE	PA44
4D15	VH-PIF	R22
4D16	VH-PIG	RV7
4D17	VH-PIH	AS50
4D18	VH-PII	GLID
4D19	VH-PIJ	PA25
4D1A	VH-PIK	GLIM
4D1B	VH-PIL	PC24
4D1C	VH-PIM	P28A
4D1D	VH-PIN	PA22
4D1E	VH-PIO	RV4
4D1F	VH-PIP	EDGE
4D20	VH-PIQ	PINO
4D22	VH-PIS	C172
4D23	VH-PIT	PA25
4D24	VH-PIU	PC12
4D25	VH-PIV	RV7
4D26	VH-PIW	AS50
4D27	VH-PIX	C172
4D28	VH-PIY	C25C
4D29	VH-PIZ	BE36
4D34	VH-PJA	C172
4D35	VH-PJB	C182
4D36	VH-PJC	SR20
4D37	VH-PJD	R44
4D38	VH-PJE	C180
4D3A	VH-PJG	C150
4D3B	VH-PJH	CJ6
4D3C	VH-PJI	DH82
4D3E	VH-PJK	P210
4D3F	VH-PJL	B190
4D40	VH-PJM	PA24
4D41	VH-PJN	MUS2
4D42	VH-PJO	AC11
4D43	VH-PJP	C501
4D44	VH-PJQ	B190
4D45	VH-PJR	TOUR
4D46	VH-PJS	ST75
4D47	VH-PJT	C205
4D48	VH-PJU	PA31
4D49	VH-PJV	C182
4D4A	VH-PJW	PA22
4D4B	VH-PJX	P28A
4D4C	VH-PJY	C550
4D4D	VH-PJZ	C82R
4D58	VH-PKA	C182
4D59	VH-PKB	DH82
4D5A	VH-PKC	DH82
4D5B	VH-PKD	C182
4D5C	VH-PKE	C182
4D5D	VH-PKF	C172
4D5E	VH-PKG	C182
4D5F	VH-PKH	C72R
4D60	VH-PKI	C182
4D61	VH-PKJ	PAY2
4D62	VH-PKK	GLST
4D63	VH-PKL	C150
4D64	VH-PKM	C182
4D65	VH-PKN	C172
4D66	VH-PKO	C172
4D68	VH-PKQ	D11
4D69	VH-PKR	KR2
4D6A	VH-PKS	C172
4D6B	VH-PKT	C150
4D6C	VH-PKU	AS50
4D6D	VH-PKV	C182
4D6E	VH-PKW	C180
4D6F	VH-PKX	GLST
4D70	VH-PKY	C172
4D71	VH-PKZ	PA24
4D7C	VH-PLA	C182
4D7D	VH-PLB	C182
4D7E	VH-PLC	C182
4D7F	VH-PLD	H500
4D80	VH-PLE	PC12
4D81	VH-PLF	H500
4D82	VH-PLG	BR23
4D83	VH-PLH	C182
4D84	VH-PLI	B06
4D85	VH-PLJ	H500
4D86	VH-PLK	SRAI
4D87	VH-PLL	C150
4D88	VH-PLM	AP22
4D89	VH-PLN	C172
4D8A	VH-PLO	C172
4D8B	VH-PLP	P28A
4D8C	VH-PLQ	M20P
4D8D	VH-PLR	C172
4D8E	VH-PLS	C172
4D90	VH-PLU	R44
4D91	VH-PLV	C172
4D92	VH-PLW	C188
4D93	VH-PLX	RV9
4D94	VH-PLY	H500
4D95	VH-PLZ	C172
4DA0	VH-PMA	C172
4DA1	VH-PMB	P28A
4DA2	VH-PMC	C172
4DA3	VH-PMD	A660
4DA4	VH-PME	DH82
4DA5	VH-PMF	P28R
4DA6	VH-PMG	PA30
4DA7	VH-PMH	R44
4DA8	VH-PMI	B47G
4DA9	VH-PMJ	P28A
4DAA	VH-PMK	PA22
4DAB	VH-PML	LNC2
4DAC	VH-PMM	C172
4DAD	VH-PMN	C182
4DAE	VH-PMO	M18
4DAF	VH-PMP	BE36
4DB0	VH-PMQ	M20P
4DB1	VH-PMR	M18
4DB2	VH-PMS	ACR2
4DB3	VH-PMT	R22
4DB4	VH-PMU	P28A
4DB5	VH-PMV	P28A
4DB6	VH-PMW	P28A
4DB7	VH-PMX	SIRA
4DB8	VH-PMY	PL4
4DB9	VH-PMZ	P28A
4DC4	VH-PNA	C82R
4DC5	VH-PNB	SR22
4DC6	VH-PNC	T210
4DC7	VH-PND	GLAS
4DC8	VH-PNE	ALIG
4DC9	VH-PNF	R22
4DCA	VH-PNG	C82R
4DCC	VH-PNI	B733
4DCD	VH-PNJ	RV7
4DCE	VH-PNK	EXPR
4DD0	VH-PNM	E50P
4DD3	VH-PNP	P28A
4DD4	VH-PNQ	RV6
4DD5	VH-PNR	P68
4DD6	VH-PNS	P68
4DD7	VH-PNT	P68
4DD8	VH-PNU	P68
4DD9	VH-PNV	P68
4DDA	VH-PNW	P68
4DDB	VH-PNX	P68
4DDC	VH-PNY	R44
4DDD	VH-PNZ	P68
4DE8	VH-POA	PA32
4DE9	VH-POB	TOUR
4DEA	VH-POC	RV6
4DEB	VH-POD	P28A
4DEC	VH-POE	C180
4DED	VH-POF	EC35
4DEE	VH-POG	PA18
4DEF	VH-POH	P28B
4DF1	VH-POJ	GLIM
4DF2	VH-POK	C206
4DF3	VH-POL	R22
4DF5	VH-PON	AS55
4DF6	VH-POO	BEAR
4DF7	VH-POP	C177
4DF8	VH-POQ	P28A
4DF9	VH-POR	DHC1
4DFB	VH-POT	BE36
4DFC	VH-POU	B06
4DFD	VH-POV	C208
4DFE	VH-POW	YK52
4DFF	VH-POX	CH30
4E00	VH-POY	SR22
4E01	VH-POZ	EXEC
4E0C	VH-PPA	M20P
4E0D	VH-PPB	P28A
4E0E	VH-PPC	PA25
4E0F	VH-PPD	F900
4E10	VH-PPE	G73T
4E11	VH-PPF	D328
4E13	VH-PPH	AS50
4E14	VH-PPI	G73T
4E15	VH-PPJ	D328
4E16	VH-PPK	PA32
4E17	VH-PPL	P28A
4E18	VH-PPM	P28A
4E19	VH-PPN	P28A
4E1A	VH-PPO	P28A
4E1B	VH-PPP	J3
4E1D	VH-PPR	P28A
4E1E	VH-PPS	CJ6
4E1F	VH-PPT	G73T
4E20	VH-PPU	P28A
4E21	VH-PPV	D328
4E22	VH-PPW	PA24
4E23	VH-PPX	C172
4E24	VH-PPY	SLG2
4E30	VH-PQA	DA40
4E31	VH-PQB	C182
4E32	VH-PQC	C206
4E33	VH-PQD	R22
4E34	VH-PQE	DA40
4E35	VH-PQF	RV10
4E36	VH-PQG	DA40	A
4E37	VH-PQH	C182
4E38	VH-PQI	C172
4E39	VH-PQJ	C206
4E3A	VH-PQK	C172
4E3B	VH-PQL	C172
4E3C	VH-PQM	DA40
4E3D	VH-PQN	C172
4E3E	VH-PQO	C182
4E3F	VH-PQP	C182
4E40	VH-PQQ	C182
4E41	VH-PQR	DA40
4E42	VH-PQS	DA40
4E43	VH-PQT	C206
4E44	VH-PQU	DA40
4E45	VH-PQV	SR22
4E46	VH-PQW	RV12
4E47	VH-PQX	C208
4E48	VH-PQY	C210
4E49	VH-PQZ	B412
4E54	VH-PRA	RV7
4E55	VH-PRB	BE58
4E56	VH-PRC	R44
4E57	VH-PRD	C175
4E58	VH-PRE	PA32
4E59	VH-PRF	P28R
4E5A	VH-PRG	BE58
4E5B	VH-PRH	BE58
4E5C	VH-PRI	BE36
4E5D	VH-PRJ	C172
4E5E	VH-PRK	C208
4E5F	VH-PRL	C172
4E60	VH-PRM	PA32
4E61	VH-PRN	C182
4E62	VH-PRO	P28A
4E63	VH-PRP	PA32
4E64	VH-PRQ	B230
4E65	VH-PRR	PELI
4E66	VH-PRS	PA22
4E69	VH-PRV	RV4
4E6A	VH-PRW	B06
4E6B	VH-PRX	SF34
4E6C	VH-PRY	C172
4E6D	VH-PRZ	C172
4E78	VH-PSA	C182
4E79	VH-PSB	RV7
4E7A	VH-PSC	R22
4E7B	VH-PSD	DH82
4E7D	VH-PSF	C206
4E7F	VH-PSH	B47G
4E80	VH-PSI	C310
4E81	VH-PSJ	PTS1
4E82	VH-PSK	B190
4E83	VH-PSL	P28A
4E84	VH-PSM	C180
4E85	VH-PSN	C172
4E86	VH-PSO	C182
4E88	VH-PSQ	C208
4E8A	VH-PSS	C185
4E8B	VH-PST	P28A
4E8C	VH-PSU	SR22
4E8D	VH-PSV	C208
4E8E	VH-PSW	RV7
4E8F	VH-PSX	BN2P
4E90	VH-PSY	C208
4E91	VH-PSZ	PZ04
4E9C	VH-PTA	C414
4E9D	VH-PTB	BE23
4E9E	VH-PTC	C152
4E9F	VH-PTD	PTS2
4EA0	VH-PTE	AT5T
4EA1	VH-PTF	AT5T
4EA2	VH-PTG	AT5T
4EA3	VH-PTH	AS50
4EA4	VH-PTI	C172
4EA5	VH-PTJ	C172
4EA6	VH-PTK	AT3T
4EA7	VH-PTL	B47G
4EA8	VH-PTM	CT4
4EA9	VH-PTN	C180
4EAA	VH-PTO	C340
4EAC	VH-PTQ	AT5T
4EAD	VH-PTR	AT5T
4EAE	VH-PTS	AT3T
4EAF	VH-PTT	RV4
4EB0	VH-PTU	AT6T
4EB2	VH-PTW	P28A
4EB3	VH-PTX	CT4
4EB4	VH-PTY	P32R
4EB5	VH-PTZ	RV10
4EC0	VH-PUA	C172
4EC1	VH-PUB	RV8
4EC2	VH-PUC	C206
4EC3	VH-PUD	ST75
4EC4	VH-PUE	DHC1
4EC5	VH-PUF	C82R
4EC6	VH-PUG	VEZE
4EC7	VH-PUH	C172
4EC8	VH-PUI	DH82
4EC9	VH-PUJ	C172
4ECA	VH-PUK	C210
4ECB	VH-PUL	AUJ2
4ECC	VH-PUM	R22
4ECD	VH-PUN	RV10
4ECE	VH-PUO	P28A
4ECF	VH-PUP	BE33
4ED1	VH-PUR	TOUR
4ED2	VH-PUS	CRES
4ED3	VH-PUT	PA22
4ED6	VH-PUW	DHC1
4ED7	VH-PUX	P28A
4ED8	VH-PUY	BE20
4ED9	VH-PUZ	P68
4EE4	VH-PVA	RV7
4EE7	VH-PVD	CT4
4EE8	VH-PVE	B350
4EE9	VH-PVF	DA40
4EEA	VH-PVG	PA44
4EEB	VH-PVH	PA44
4EEC	VH-PVI	C182
4EED	VH-PVJ	R22
4EEE	VH-PVK	R22
4EEF	VH-PVL	P28R
4EF0	VH-PVM	TBM7
4EF2	VH-PVO	A139
4EF4	VH-PVQ	A139
4EF5	VH-PVR	A139
4EF6	VH-PVS	CJ1
4EF7	VH-PVT	PA34
4EF8	VH-PVU	RV7
4EF9	VH-PVV	C152
4EFA	VH-PVW	C210
4EFC	VH-PVY	C172
4EFD	VH-PVZ	DH82
4F08	VH-PWA	PA31
4F09	VH-PWB	P28A
4F0A	VH-PWC	BL8
4F0B	VH-PWD	ST75
4F0C	VH-PWE	P28A
4F0E	VH-PWG	GLID
4F0F	VH-PWH	LNC4
4F10	VH-PWI	PA32
4F11	VH-PWJ	P28A
4F12	VH-PWK	RV7
4F13	VH-PWL	BL8
4F14	VH-PWM	AT8T
4F15	VH-PWN	DC3
4F16	VH-PWO	GLID
4F17	VH-PWP	T206
4F18	VH-PWQ	PA34
4F19	VH-PWR	P32T
4F1A	VH-PWS	ST75
4F1B	VH-PWT	BE33
4F1C	VH-PWU	B06
4F1D	VH-PWV	AEST
4F1E	VH-PWW	P28R
4F1F	VH-PWX	C510
4F20	VH-PWY	BL8
4F21	VH-PWZ	PA31
4F2D	VH-PXB	P28A
4F2E	VH-PXC	P28A
4F2F	VH-PXD	P28B
4F30	VH-PXE	A139
4F31	VH-PXF	A139
4F32	VH-PXG	PA32
4F33	VH-PXH	P28R
4F34	VH-PXI	PA25
4F35	VH-PXJ	P28A
4F36	VH-PXK	P210
4F37	VH-PXL	P28R
4F38	VH-PXM	CJ1
4F39	VH-PXN	P28A
4F3A	VH-PXO	PA25
4F3B	VH-PXP	RV7
4F3C	VH-PXQ	PA18
4F3D	VH-PXR	P28A
4F3E	VH-PXS	P28A
4F3F	VH-PXT	DA42
4F41	VH-PXV	P28A
4F42	VH-PXW	C172
4F43	VH-PXX	AS50
4F44	VH-PXY	B412
4F45	VH-PXZ	RV7
4F50	VH-PYA	E110
4F51	VH-PYB	P28B
4F52	VH-PYC	PA32
4F53	VH-PYD	AP32
4F54	VH-PYE	P28B
4F55	VH-PYF	RV12
4F56	VH-PYG	C207
4F57	VH-PYH	T210
4F58	VH-PYI	P28A
4F59	VH-PYJ	RV7
4F5A	VH-PYK	PA18
4F5B	VH-PYL	RV4
4F5C	VH-PYM	PA24
4F5D	VH-PYN	C680
4F5E	VH-PYO	C208
4F5F	VH-PYP	PA30
4F61	VH-PYR	C172
4F62	VH-PYS	R44
4F63	VH-PYT	C172
4F64	VH-PYU	PA24
4F65	VH-PYV	PA32
4F66	VH-PYW	C172
4F67	VH-PYX	P28A
4F68	VH-PYY	R44
4F69	VH-PYZ	P28B
4F74	VH-PZA	R22
4F75	VH-PZB	CH7A
4F76	VH-PZC	P28A
4F77	VH-PZD	P28A
4F78	VH-PZE	P28A
4F79	VH-PZF	P28A
4F7A	VH-PZG	P28A
4F7B	VH-PZH	P28A
4F7C	VH-PZI	C172
4F7D	VH-PZJ	PA18
4F80	VH-PZM	P28A
4F81	VH-PZN	P28A
4F82	VH-PZO	C210
4F83	VH-PZP	P32R
4F84	VH-PZQ	PZ04
4F85	VH-PZR	P28A
4F86	VH-PZS	P28A
4F87	VH-PZT	P28A
4F88	VH-PZU	PL9
4F89	VH-PZV	T210
4F8A	VH-PZW	P28A
4F8B	VH-PZX	P28S
4F8C	VH-PZY	P28T
4F8D	VH-PZZ	PZ04
52F8	VH-QOA	DH8D
52F9	VH-QOB	DH8D
52FA	VH-QOC	DH8D
52FB	VH-QOD	DH8D
52FC	VH-QOE	DH8D
52FD	VH-QOF	DH8D
52FF	VH-QOH	DH8D
5300	VH-QOI	DH8D
5301	VH-QOJ	DH8D
5302	VH-QOK	DH8D
5303	VH-QOL	SR20
5304	VH-QOM	DH8D
5305	VH-QON	DH8D
5307	VH-QOP	DH8D
5308	VH-QOQ	P28A
5309	VH-QOR	DH8D
530A	VH-QOS	DH8D
530B	VH-QOT	DH8D
530C	VH-QOU	DH8D
530D	VH-QOV	DH8D
530E	VH-QOW	DH8D
530F	VH-QOX	DH8D
5310	VH-QOY	DH8D
531C	VH-QPA	A333
531D	VH-QPB	A333
531E	VH-QPC	A333
531F	VH-QPD	A333
5320	VH-QPE	A333
5321	VH-QPF	A333
5322	VH-QPG	A333
5323	VH-QPH	A333
5324	VH-QPI	A333
5325	VH-QPJ	A333
5326	VH-QPK	A333
5327	VH-QPL	A333
5328	VH-QPM	A333
5341	VH-QQB	DH8A
5342	VH-QQC	DH8A
5343	VH-QQD	DH8A
5344	VH-QQE	DH8C
5345	VH-QQF	DH8A
5346	VH-QQG	DH8A
5348	VH-QQI	DH8A
534B	VH-QQL	DH8C
534C	VH-QQM	DH8C
534D	VH-QQN	DH8C
534E	VH-QQO	PTS1
534F	VH-QQP	DH8C
5350	VH-QQQ	RV6
5351	VH-QQR	F70
5353	VH-QQT	SR22
5355	VH-QQV	F70
5356	VH-QQW	F70
5357	VH-QQX	F70
5358	VH-QQY	F70
5359	VH-QQZ	C550
5610	VH-RAA	C182
5612	VH-RAC	ST75
5613	VH-RAD	B06
5614	VH-RAE	C150
5616	VH-RAG	C182
5617	VH-RAH	EXEC
5618	VH-RAI	RS21
5619	VH-RAJ	R22
561A	VH-RAK	C182
561B	VH-RAL	RV6
561D	VH-RAN	B738
561F	VH-RAP	C206
5620	VH-RAQ	C172
5621	VH-RAR	RV4
5622	VH-RAS	R22
5623	VH-RAT	C210
5625	VH-RAV	C77R
5626	VH-RAW	DH82
5627	VH-RAX	P28A
5628	VH-RAY	DH82
5629	VH-RAZ	C206
5634	VH-RBA	RV7
5635	VH-RBB	C172
5636	VH-RBC	C182
5637	VH-RBD	RV14
5638	VH-RBE	J3
5639	VH-RBF	C172
563A	VH-RBG	GLID
563B	VH-RBH	C340
563C	VH-RBI	R22
563D	VH-RBJ	R22
563E	VH-RBK	C182
5640	VH-RBM	C175
5641	VH-RBN	C172
5642	VH-RBO	C150
5643	VH-RBP	C182
5644	VH-RBQ	R44
5645	VH-RBR	R22
5646	VH-RBS	C172
5647	VH-RBT	AS50
5648	VH-RBU	C182
5649	VH-RBV	C172
564A	VH-RBW	C182
564C	VH-RBY	R44
564D	VH-RBZ	C150
5658	VH-RCA	SR22
565A	VH-RCC	B47G
565B	VH-RCD	T18
565C	VH-RCE	C182
565D	VH-RCF	C152
565E	VH-RCG	C310
565F	VH-RCH	C182
5660	VH-RCI	SW3
5661	VH-RCJ	CB1
5662	VH-RCK	C172
5663	VH-RCL	R44
5664	VH-RCM	R44
5665	VH-RCN	C182
5666	VH-RCO	C206
5667	VH-RCP	C303
5668	VH-RCQ	C182
5669	VH-RCR	P28A
566A	VH-RCS	R22
566B	VH-RCT	C402
566D	VH-RCV	PA31
566E	VH-RCW	L40
566F	VH-RCX	PA38
5670	VH-RCY	C337
5671	VH-RCZ	PA46
567C	VH-RDA	AS50
567D	VH-RDB	PA22
567E	VH-RDC	C182
567F	VH-RDD	C172
5680	VH-RDE	C150
5681	VH-RDF	C172
5682	VH-RDG	C150
5683	VH-RDH	C210
5684	VH-RDI	LJ60
5685	VH-RDJ	C150
5686	VH-RDK	C172
5687	VH-RDL	R22
5688	VH-RDM	C172
5689	VH-RDN	C172
568A	VH-RDO	C150
568B	VH-RDP	C172
568C	VH-RDQ	C182
568D	VH-RDR	S108
568E	VH-RDS	C210
568F	VH-RDT	C210
5691	VH-RDV	C182
5692	VH-RDW	RV7
5693	VH-RDX	C210
5694	VH-RDY	SR22
5695	VH-RDZ	C402
56A0	VH-REA	C182
56A1	VH-REB	RBEL
56A2	VH-REC	C172
56A3	VH-RED	YK52
56A4	VH-REE	R22
56A5	VH-REF	C172
56A6	VH-REG	R22
56A7	VH-REH	MG15
56A8	VH-REI	C180
56A9	VH-REJ	C77R
56AA	VH-REK	C310
56AB	VH-REL	EXEC
56AC	VH-REM	M20P
56AD	VH-REN	R22
56AE	VH-REO	C182
56AF	VH-REP	BE55
56B0	VH-REQ	PA24
56B1	VH-RER	LNC2
56B2	VH-RES	R44
56B3	VH-RET	C182
56B4	VH-REU	C172
56B5	VH-REV	C172
56B6	VH-REW	C182
56B7	VH-REX	B738
56B8	VH-REY	SR22
56B9	VH-REZ	C182
56C4	VH-RFA	C310
56C5	VH-RFB	C175
56C6	VH-RFC	C150
56C7	VH-RFD	BE20
56C8	VH-RFE	B47G
56C9	VH-RFF	C180
56CA	VH-RFG	C182
56CB	VH-RFH	C172
56CC	VH-RFI	C182
56CE	VH-RFK	C182
56CF	VH-RFL	C175
56D0	VH-RFM	AT8T
56D1	VH-RFN	DA40
56D2	VH-RFO	C182
56D3	VH-RFP	C150
56D4	VH-RFQ	C172
56D5	VH-RFR	C180
56D6	VH-RFS	C175
56D8	VH-RFU	C175
56D9	VH-RFV	C172
56DA	VH-RFW	C160
56DC	VH-RFY	B47G
56DD	VH-RFZ	C150
56E8	VH-RGA	T18
56E9	VH-RGB	C337
56EA	VH-RGC	C180
56EB	VH-RGD	P28B
56EC	VH-RGE	C206
56ED	VH-RGF	C175
56EE	VH-RGG	C172
56EF	VH-RGH	C172
56F0	VH-RGI	C175
56F2	VH-RGK	SS2P
56F6	VH-RGO	C182
56F7	VH-RGP	C150
56F8	VH-RGQ	C150
56F9	VH-RGR	RV6
56FA	VH-RGS	SR22
56FB	VH-RGT	S22T
56FC	VH-RGU	R22
56FD	VH-RGV	C180
56FF	VH-RGX	C82R
5700	VH-RGY	B06
5701	VH-RGZ	C210
570C	VH-RHA	C172
570D	VH-RHB	C182
570E	VH-RHC	R22
570F	VH-RHD	C175
5710	VH-RHE	P32R
5711	VH-RHF	C210
5712	VH-RHG	PA30
5713	VH-RHH	BE35
5714	VH-RHI	C182
5715	VH-RHJ	B412
5716	VH-RHK	RV7
5717	VH-RHL	R22
5718	VH-RHM	RS21
5719	VH-RHN	C182
571A	VH-RHO	PC12
571B	VH-RHP	C172
571C	VH-RHQ	R22
571D	VH-RHR	C182
571E	VH-RHS	B47G
571F	VH-RHT	EXEC
5720	VH-RHU	C175
5721	VH-RHV	RV6
5722	VH-RHW	DHC1
5723	VH-RHX	C172
5724	VH-RHY	C175
5725	VH-RHZ	C150
5730	VH-RIA	C150
5731	VH-RIB	R44
5732	VH-RIC	TOUR
5733	VH-RID	AT3P
5734	VH-RIE	AIGT
5735	VH-RIF	R44
5736	VH-RIG	C82R
5737	VH-RIH	C206
5738	VH-RII	C172
5739	VH-RIJ	R44
573B	VH-RIL	R22
573C	VH-RIM	AT8T
573D	VH-RIN	DH82
573E	VH-RIO	H25B
5740	VH-RIQ	C150
5741	VH-RIR	C172
5743	VH-RIT	R22
5744	VH-RIU	H25B
5745	VH-RIV	C172
5746	VH-RIW	DHC1
5747	VH-RIX	R44
5748	VH-RIY	R22
5754	VH-RJA	DH82
5755	VH-RJB	R44
5756	VH-RJC	RV9
5757	VH-RJD	R22
5758	VH-RJE	LNC2
5759	VH-RJF	C172
575A	VH-RJG	P28A
575C	VH-RJI	GLID
575D	VH-RJJ	R44
575E	VH-RJK	DHC1
575F	VH-RJL	C172
5760	VH-RJM	PA22
5761	VH-RJN	R44
5762	VH-RJO	C210
5763	VH-RJP	ADVE
5764	VH-RJQ	P28A
5766	VH-RJS	BE76
5767	VH-RJT	P28A
5768	VH-RJU	BE60
5769	VH-RJV	PA32
576A	VH-RJW	C172
576B	VH-RJX	C210
5778	VH-RKA	AUS3
5779	VH-RKB	C182
577B	VH-RKD	PA31
577C	VH-RKE	C172
577D	VH-RKF	M20P
577E	VH-RKG	C182
5780	VH-RKI	B06
5781	VH-RKJ	C182
5782	VH-RKK	R44
5783	VH-RKL	TOUR
5784	VH-RKM	C172
5785	VH-RKN	R22
5786	VH-RKO	C172
5788	VH-RKQ	R44
5789	VH-RKR	AT8T
578A	VH-RKS	C340
578B	VH-RKT	C172
578C	VH-RKU	P32R
578D	VH-RKV	C182
578E	VH-RKW	C182
578F	VH-RKX	RV8
5790	VH-RKY	CJ1
5791	VH-RKZ	C185
579C	VH-RLA	C172
579D	VH-RLB	PA23
579E	VH-RLC	AS55
579F	VH-RLD	C172
57A0	VH-RLE	AC68
57A1	VH-RLF	C172
57A2	VH-RLG	C172
57A3	VH-RLH	C182
57A5	VH-RLJ	C172
57A6	VH-RLK	C172
57A7	VH-RLL	C172
57A8	VH-RLM	C172
57A9	VH-RLN	C172
57AA	VH-RLO	R22
57AB	VH-RLP	C205
57AC	VH-RLQ	C182
57AD	VH-RLR	AS55
57AE	VH-RLS	R22
57AF	VH-RLT	C172
57B0	VH-RLU	R22
57B1	VH-RLV	B06
57B2	VH-RLW	P32R
57B3	VH-RLX	C402
57B4	VH-RLY	B222
57B5	VH-RLZ	C172
57C0	VH-RMA	BE77
57C1	VH-RMB	C525
57C2	VH-RMC	P32R
57C3	VH-RMD	R44
57C4	VH-RME	DHC1
57C5	VH-RMF	C182
57C7	VH-RMH	B06
57C8	VH-RMI	BE76
57C9	VH-RMJ	GA20
57CA	VH-RMK	PA30
57CB	VH-RML	R22
57CC	VH-RMM	BE36
57CD	VH-RMN	R44
57CE	VH-RMO	EXEJ
57CF	VH-RMP	P32R
57D1	VH-RMR	P32R
57D2	VH-RMS	H500
57D3	VH-RMT	R22
57D4	VH-RMU	LNC2
57D5	VH-RMV	RV14
57D6	VH-RMW	P28S
57D7	VH-RMX	BE36
57D8	VH-RMY	ST75
57D9	VH-RMZ	P28A
57E4	VH-RNA	R44
57E5	VH-RNB	C182
57E6	VH-RNC	C152
57E7	VH-RND	C172
57E8	VH-RNE	C152
57E9	VH-RNF	R44
57EA	VH-RNG	PA31
57EB	VH-RNH	PA31
57EC	VH-RNI	DH82
57ED	VH-RNJ	C172
57EE	VH-RNK	R44
57F0	VH-RNM	BE36
57F1	VH-RNN	P28A
57F2	VH-RNO	C152
57F3	VH-RNP	P28A
57F4	VH-RNQ	C152
57F5	VH-RNR	B06
57F6	VH-RNS	AC11
57F7	VH-RNT	T28
57F8	VH-RNU	P28A
57F9	VH-RNV	TOUR
57FA	VH-RNW	C182
57FB	VH-RNX	C172
57FC	VH-RNY	C172
57FD	VH-RNZ	R44
5808	VH-ROA	S108
5809	VH-ROB	GLAS
580A	VH-ROC	C182
580B	VH-ROD	C182
580C	VH-ROE	S108
580D	VH-ROF	C150
580E	VH-ROG	R44
580F	VH-ROH	C210
5811	VH-ROJ	C150
5812	VH-ROK	TRF1
5813	VH-ROL	RV7
5814	VH-ROM	RYST
5815	VH-RON	PA32
5816	VH-ROO	R44
5817	VH-ROP	C182
5818	VH-ROQ	R22
5819	VH-ROR	C150
581A	VH-ROS	C402
581B	VH-ROT	EXEC
581C	VH-ROU	AS50
581D	VH-ROV	DA42
581E	VH-ROW	C206
581F	VH-ROX	C402
5820	VH-ROY	DH82
5821	VH-ROZ	C150
582C	VH-RPA	DA40
582D	VH-RPB	B06
582E	VH-RPC	BE35
582F	VH-RPD	C172
5830	VH-RPE	C177
5831	VH-RPF	C172
5832	VH-RPG	C177
5834	VH-RPI	M20P
5835	VH-RPJ	R66
5836	VH-RPK	B06
5837	VH-RPL	C172
5838	VH-RPM	C182
5839	VH-RPN	R22
583A	VH-RPO	C77R
583B	VH-RPP	C182
583C	VH-RPQ	R44
583D	VH-RPR	C160
583E	VH-RPS	RV12
583F	VH-RPT	PT22
5841	VH-RPV	PA31
5842	VH-RPW	DHC1
5843	VH-RPX	T28
5844	VH-RPY	C337
5845	VH-RPZ	P28A
5850	VH-RQA	P28A
5851	VH-RQB	P28A
5852	VH-RQC	B738
5853	VH-RQD	C210
5854	VH-RQE	C172
5855	VH-RQF	P28A
5856	VH-RQG	B738
5857	VH-RQH	TOUR
5858	VH-RQI	SS2P
5859	VH-RQJ	R44
585A	VH-RQK	P28A
585B	VH-RQL	TOUR
585C	VH-RQM	P28A
585D	VH-RQN	P28R
585E	VH-RQO	P28A
585F	VH-RQP	B738
5860	VH-RQQ	EAGX
5861	VH-RQR	C172
5863	VH-RQT	C152
5864	VH-RQU	C72R
5865	VH-RQV	RV7
5866	VH-RQW	A139
5867	VH-RQX	BE76
5868	VH-RQY	A139
5869	VH-RQZ	A139
5874	VH-RRA	RV7
5875	VH-RRB	SS2P
5876	VH-RRC	RV6
5877	VH-RRD	PA22
5878	VH-RRE	P28A
5879	VH-RRF	P28B
587A	VH-RRG	C77R
587C	VH-RRI	AT3P
587D	VH-RRJ	P28A
587E	VH-RRK	P28A
587F	VH-RRL	P28B
5880	VH-RRM	PA31
5881	VH-RRN	P28B
5882	VH-RRO	P28A
5884	VH-RRQ	P28A
5885	VH-RRR	AC11
5886	VH-RRS	C310
5887	VH-RRT	P28R
5888	VH-RRU	P28A
5889	VH-RRV	P28A
588A	VH-RRW	CH7B
588B	VH-RRX	P28A
588C	VH-RRY	P28A
588D	VH-RRZ	SLG4
5898	VH-RSA	P28A
5899	VH-RSB	C172
589A	VH-RSC	P28A
589C	VH-RSE	P28A
589E	VH-RSG	P28A
589F	VH-RSH	P28A
58A0	VH-RSI	H269
58A1	VH-RSJ	TOUR
58A2	VH-RSK	DHC1
58A3	VH-RSL	UH1
58A4	VH-RSM	R44
58A5	VH-RSN	P28A
58A6	VH-RSO	R44
58A7	VH-RSP	DHC1
58A8	VH-RSQ	BK17
58A9	VH-RSR	P28A
58AA	VH-RSS	P28A
58AB	VH-RST	P28R
58AC	VH-RSU	R44
58AD	VH-RSV	P28A
58AE	VH-RSW	RODS
58AF	VH-RSX	PA24
58B0	VH-RSY	RYST
58B1	VH-RSZ	PA24
58BC	VH-RTA	DH82
58BD	VH-RTB	R44
58BE	VH-RTC	C208
58C0	VH-RTE	AA5
58C1	VH-RTF	PA24
58C2	VH-RTG	PA27
58C4	VH-RTI	PA24
58C5	VH-RTJ	RV6
58C6	VH-RTK	B47G
58C7	VH-RTL	P28A
58C8	VH-RTM	PA18
58CA	VH-RTO	B47G
58CC	VH-RTQ	R44
58CD	VH-RTR	BABY
58CE	VH-RTS	GA8
58CF	VH-RTT	AA1
58D0	VH-RTU	C182
58D1	VH-RTV	AS50
58D2	VH-RTW	DHC1
58D3	VH-RTX	AA1
58D4	VH-RTY	AA5
58D5	VH-RTZ	AA5
58E0	VH-RUA	A109
58E1	VH-RUB	PA32
58E2	VH-RUC	G2CA
58E3	VH-RUD	C172
58E4	VH-RUE	B190
58E5	VH-RUF	C172
58E6	VH-RUG	DH82
58E7	VH-RUH	PA31
58E8	VH-RUI	ACAR
58E9	VH-RUJ	R44
58EA	VH-RUK	PA24
58EB	VH-RUL	PA32
58EC	VH-RUM	C152
58ED	VH-RUN	C150
58EE	VH-RUO	AT5T
58EF	VH-RUP	RV9
58F0	VH-RUQ	R22
58F1	VH-RUR	YK55
58F2	VH-RUS	PA24
58F3	VH-RUT	BN2P
58F4	VH-RUU	R22
58F5	VH-RUV	BE33
58F6	VH-RUW	RV9
58F7	VH-RUX	P28A
58F8	VH-RUY	C402
58F9	VH-RUZ	YK52
5904	VH-RVA	P28A
5905	VH-RVB	P28A
5906	VH-RVC	BE33
5907	VH-RVD	BE33
5908	VH-RVE	DH82
5909	VH-RVF	R44
590A	VH-RVG	C172
590B	VH-RVH	C172
590C	VH-RVI	DH82
590D	VH-RVJ	RV7
590E	VH-RVK	P28A
590F	VH-RVL	P28A
5910	VH-RVM	P28A
5911	VH-RVN	RV6
5912	VH-RVO	P28A
5913	VH-RVP	RV3
5914	VH-RVQ	P28A
5915	VH-RVR	P28A
5916	VH-RVS	RV6
5917	VH-RVT	P28A
5918	VH-RVU	RV4
5919	VH-RVV	P28A
591A	VH-RVW	RV6
591B	VH-RVX	P28A
591C	VH-RVY	DHC1
591D	VH-RVZ	P28A
5928	VH-RWA	BE23
5929	VH-RWB	C182
592A	VH-RWC	SLG4
592B	VH-RWD	BE23
592C	VH-RWE	P32R
592D	VH-RWF	C152
592E	VH-RWG	C172
592F	VH-RWH	C172
5930	VH-RWI	DHC1
5931	VH-RWJ	C152
5932	VH-RWK	AP22
5933	VH-RWL	C205
5934	VH-RWM	C150
5935	VH-RWN	PA32
5936	VH-RWO	C150
5937	VH-RWP	P28R
5938	VH-RWQ	C152
5939	VH-RWR	P28A
593A	VH-RWS	C421
593B	VH-RWT	C172
593C	VH-RWU	C182
593D	VH-RWV	SLG2
593E	VH-RWW	C172
593F	VH-RWX	P28S
5940	VH-RWY	C152
5941	VH-RWZ	C150
594C	VH-RXA	P28A
594D	VH-RXB	C182
594E	VH-RXC	EXEC
594F	VH-RXD	R44
5950	VH-RXE	SF34
5951	VH-RXF	C172
5952	VH-RXG	C172
5953	VH-RXH	C150
5954	VH-RXI	HR10
5955	VH-RXJ	C150
5956	VH-RXK	C150
5958	VH-RXM	C150
5959	VH-RXN	SF34
595A	VH-RXO	C150
595B	VH-RXP	R22
595C	VH-RXQ	SF34
595D	VH-RXR	C340
595E	VH-RXS	SF34
5960	VH-RXU	C182
5961	VH-RXV	RV6
5962	VH-RXW	P28A
5963	VH-RXX	SF34
5964	VH-RXY	C172
5965	VH-RXZ	C150
5970	VH-RYA	R22
5971	VH-RYB	C205
5972	VH-RYC	C172
5973	VH-RYD	C172
5974	VH-RYE	R22
5975	VH-RYF	C172
5976	VH-RYG	C172
5977	VH-RYH	C172
5978	VH-RYI	C152
5979	VH-RYJ	C182
597A	VH-RYK	GLAS
597B	VH-RYL	PA34
597C	VH-RYM	C172
597D	VH-RYN	C172
597E	VH-RYO	R22
597F	VH-RYP	C172
5980	VH-RYQ	C172
5981	VH-RYR	GLST
5982	VH-RYS	RYST
5983	VH-RYT	R22
5984	VH-RYU	B738
5985	VH-RYV	C172
5987	VH-RYX	C172
5988	VH-RYY	C77R
5989	VH-RYZ	C182
5994	VH-RZA	R22
5995	VH-RZB	C150
5996	VH-RZC	R44
5997	VH-RZD	R22
5998	VH-RZE	C150
5999	VH-RZF	C172
599A	VH-RZG	C150
599B	VH-RZH	R22
599C	VH-RZI	C150
599D	VH-RZJ	C150
599E	VH-RZK	R22
599F	VH-RZL	C150
59A0	VH-RZM	R44
59A1	VH-RZN	C150
59A2	VH-RZO	R22
59A3	VH-RZP	C150
59A4	VH-RZQ	R22
59A5	VH-RZR	C150
59A6	VH-RZS	R22
59A7	VH-RZT	H269
59A8	VH-RZU	R22
59A9	VH-RZV	RV7
59AA	VH-RZW	SREY
59AB	VH-RZX	C172
59AC	VH-RZY	R44
59AD	VH-RZZ	R44
5B21	VH-SAB	AA5
5B22	VH-SAC	DH82
5B23	VH-SAD	M18
5B24	VH-SAE	S22T
5B25	VH-SAF	R44
5B26	VH-SAG	CH7A
5B27	VH-SAH	J1
5B28	VH-SAI	AP32
5B29	VH-SAJ	B463
5B2A	VH-SAK	BE23
5B2B	VH-SAL	M4
5B2C	VH-SAM	P28S
5B2D	VH-SAN	SR22
5B2F	VH-SAP	M18
5B30	VH-SAQ	RV7
5B31	VH-SAR	PA31
5B32	VH-SAS	PA24
5B33	VH-SAT	C172
5B34	VH-SAU	BE18
5B35	VH-SAV	FN33
5B36	VH-SAW	CH7A
5B37	VH-SAX	CH7B
5B39	VH-SAZ	B462
5B44	VH-SBA	SF34
5B45	VH-SBB	DH8C
5B46	VH-SBC	R44
5B47	VH-SBD	F8L
5B48	VH-SBE	AC11
5B49	VH-SBF	P28A
5B4A	VH-SBG	DH8C
5B4B	VH-SBH	R44
5B4C	VH-SBI	DH8C
5B4D	VH-SBJ	DH8C
5B4E	VH-SBK	P32R
5B4F	VH-SBL	DC3
5B51	VH-SBN	PA31
5B52	VH-SBO	R44
5B53	VH-SBP	C182
5B55	VH-SBR	F86
5B56	VH-SBS	BE58
5B57	VH-SBT	DH8C
5B58	VH-SBU	C172
5B59	VH-SBV	DH8C
5B5A	VH-SBW	DH8C
5B5B	VH-SBX	BOLT
5B5C	VH-SBY	SRAI
5B5D	VH-SBZ	B462
5B68	VH-SCA	C172
5B69	VH-SCB	O1
5B6A	VH-SCC	C550
5B6B	VH-SCD	C150
5B6C	VH-SCE	DH8C
5B6D	VH-SCF	P28A
5B6E	VH-SCG	P28A
5B6F	VH-SCH	C185
5B70	VH-SCI	C207
5B71	VH-SCJ	BE36
5B72	VH-SCK	E300
5B73	VH-SCL	PA25
5B74	VH-SCM	R44
5B75	VH-SCN	C172
5B76	VH-SCO	AS50
5B77	VH-SCP	C172
5B78	VH-SCQ	B350
5B79	VH-SCR	CL60
5B7B	VH-SCT	CT4
5B7C	VH-SCU	C172
5B7D	VH-SCV	GA20
5B7F	VH-SCX	PA25
5B80	VH-SCY	R22
5B8C	VH-SDA	SR22
5B8D	VH-SDB	C180
5B8E	VH-SDC	BE23
5B8F	VH-SDD	SA30
5B91	VH-SDF	DFLY
5B92	VH-SDG	AS55
5B93	VH-SDH	CH7B
5B94	VH-SDI	RV7
5B95	VH-SDJ	AT8T
5B96	VH-SDK	BL8
5B97	VH-SDL	BE58
5B98	VH-SDM	BE33
5B99	VH-SDN	C182
5B9A	VH-SDO	PA22
5B9B	VH-SDP	P28A
5B9C	VH-SDQ	C172
5B9D	VH-SDR	DH82
5B9E	VH-SDS	C210
5B9F	VH-SDT	F900
5BA0	VH-SDU	T210
5BA1	VH-SDV	TL20
5BA2	VH-SDW	P28A
5BA3	VH-SDX	C82R
5BA5	VH-SDZ	C182
5BB0	VH-SEA	C172
5BB2	VH-SEC	DH82
5BB3	VH-SED	AUS5
5BB4	VH-SEE	JABI
5BB5	VH-SEF	SW4
5BB6	VH-SEG	R44
5BB7	VH-SEH	PA25
5BB8	VH-SEI	EC20
5BB9	VH-SEJ	CAMP
5BBA	VH-SEK	B214
5BBB	VH-SEL	P28A
5BBC	VH-SEM	P28A
5BBD	VH-SEN	PA34
5BBF	VH-SEP	P28B
5BC0	VH-SEQ	C510
5BC1	VH-SER	PA30
5BC2	VH-SES	AS50
5BC4	VH-SEU	P28A
5BC5	VH-SEV	AS55
5BC6	VH-SEW	P28A
5BC7	VH-SEX	PA30
5BC8	VH-SEY	SREY
5BC9	VH-SEZ	SW4
5BD4	VH-SFA	P28A
5BD5	VH-SFB	BE55
5BD6	VH-SFC	BE58
5BD7	VH-SFD	AS55
5BD8	VH-SFE	C172
5BD9	VH-SFF	FLIZ
5BDB	VH-SFH	C182
5BDC	VH-SFI	C172
5BDD	VH-SFJ	P28R
5BDE	VH-SFK	P28A
5BDF	VH-SFL	RV6
5BE0	VH-SFM	P28A
5BE1	VH-SFN	P32R
5BE2	VH-SFO	BL8
5BE3	VH-SFP	CP90
5BE4	VH-SFQ	C310
5BE5	VH-SFR	P28A
5BE6	VH-SFS	C82T
5BE7	VH-SFT	C210
5BE8	VH-SFU	FOX
5BE9	VH-SFV	B462
5BEA	VH-SFW	B462
5BEB	VH-SFX	SASP
5BEC	VH-SFY	T210
5BED	VH-SFZ	C337
5BF8	VH-SGA	GLF6
5BF9	VH-SGB	S211
5BFA	VH-SGC	GLST
5BFB	VH-SGD	B47G
5BFC	VH-SGE	P28R
5BFD	VH-SGF	PA34
5BFE	VH-SGG	PA31
5BFF	VH-SGH	C172
5C00	VH-SGI	M20P
5C01	VH-SGJ	M20P
5C02	VH-SGK	AS50
5C03	VH-SGL	P28A
5C04	VH-SGM	C182
5C05	VH-SGN	C172
5C06	VH-SGO	BE58
5C07	VH-SGP	C172
5C08	VH-SGQ	B350
5C09	VH-SGR	C182
5C0A	VH-SGS	SR22
5C0B	VH-SGT	R22
5C0C	VH-SGU	C182
5C0D	VH-SGV	SV4
5C0E	VH-SGW	P28A
5C0F	VH-SGX	C210
5C11	VH-SGZ	PA30
5C1C	VH-SHA	B06
5C1D	VH-SHB	C182
5C1E	VH-SHC	HUCO
5C1F	VH-SHD	AS50
5C20	VH-SHE	EN28
5C21	VH-SHF	BK17
5C22	VH-SHG	C182
5C23	VH-SHH	B06
5C24	VH-SHI	C510
5C25	VH-SHJ	C182
5C27	VH-SHL	P28A
5C28	VH-SHM	PTMS
5C29	VH-SHN	C182
5C2A	VH-SHO	C206
5C2B	VH-SHP	R22
5C2C	VH-SHQ	C172
5C2D	VH-SHR	TOUR
5C2E	VH-SHS	RV6
5C2F	VH-SHT	R22
5C30	VH-SHU	C172
5C31	VH-SHV	C172
5C32	VH-SHW	C208
5C33	VH-SHX	DHC1
5C34	VH-SHY	C182
5C35	VH-SHZ	C206
5C40	VH-SIA	F260
5C41	VH-SIB	BE33
5C42	VH-SIC	L39
5C43	VH-SID	B06
5C45	VH-SIF	B462
5C47	VH-SIH	C172
5C48	VH-SII	GLAS
5C49	VH-SIJ	B06
5C4A	VH-SIK	PA31
5C4B	VH-SIL	L8
5C4C	VH-SIM	RV7
5C4D	VH-SIN	PA31
5C4E	VH-SIO	GLIM
5C4F	VH-SIP	MCR1
5C50	VH-SIQ	BE33
5C51	VH-SIR	C206
5C52	VH-SIS	BL8
5C53	VH-SIT	PA36
5C54	VH-SIU	BE33
5C55	VH-SIV	L8
5C57	VH-SIX	RV6
5C58	VH-SIY	C525
5C59	VH-SIZ	C172
5C64	VH-SJA	SR20
5C65	VH-SJB	C172
5C66	VH-SJC	DH82
5C67	VH-SJD	PA31
5C68	VH-SJE	B463
5C69	VH-SJF	C172
5C6A	VH-SJG	C210
5C6C	VH-SJI	R22
5C6D	VH-SJJ	C208
5C6E	VH-SJK	R44
5C6F	VH-SJL	J1
5C70	VH-SJM	PA46
5C72	VH-SJO	SS2T
5C73	VH-SJP	PA31
5C74	VH-SJQ	C441
5C75	VH-SJR	J1
5C76	VH-SJS	RV6
5C77	VH-SJT	M20P
5C78	VH-SJU	BE55
5C79	VH-SJV	RV6
5C7A	VH-SJW	C210
5C7B	VH-SJX	R44
5C7C	VH-SJY	PA18
5C7D	VH-SJZ	T51
5C88	VH-SKA	C180
5C89	VH-SKB	C172
5C8B	VH-SKD	C172
5C8C	VH-SKE	M20P
5C8D	VH-SKF	BE77
5C8E	VH-SKG	NG5
5C8F	VH-SKH	SR22
5C90	VH-SKI	P28A
5C93	VH-SKL	PA30
5C94	VH-SKM	C172
5C95	VH-SKN	C310
5C96	VH-SKO	C172
5C97	VH-SKP	C182
5C98	VH-SKQ	C210
5C99	VH-SKR	C208
5C9A	VH-SKS	C172
5C9B	VH-SKT	C310
5C9C	VH-SKU	B06
5C9D	VH-SKV	C404
5C9E	VH-SKW	C404
5C9F	VH-SKX	C310
5CA0	VH-SKY	C172
5CA1	VH-SKZ	SLG4
5CAC	VH-SLA	EC75
5CAE	VH-SLC	C185
5CAF	VH-SLD	LJ35
5CB0	VH-SLE	LJ35
5CB1	VH-SLF	LJ35
5CB2	VH-SLG	PA32
5CB4	VH-SLI	C172
5CB5	VH-SLJ	LJ35
5CB6	VH-SLK	LNC2
5CB7	VH-SLL	C150
5CB8	VH-SLM	BN2P
5CB9	VH-SLN	AC11
5CBA	VH-SLO	CH7A
5CBB	VH-SLP	PA30
5CBC	VH-SLQ	EC35
5CBD	VH-SLR	P32R
5CBF	VH-SLT	B06
5CC1	VH-SLV	SR22
5CC3	VH-SLX	PA30
5CC4	VH-SLY	C170
5CC5	VH-SLZ	SA02
5CD0	VH-SMA	P28R
5CD1	VH-SMB	TOBA
5CD2	VH-SMC	C210
5CD3	VH-SMD	R44
5CD5	VH-SMF	R66
5CD6	VH-SMG	C172
5CD7	VH-SMH	Y18T
5CD8	VH-SMI	B214
5CD9	VH-SMJ	PA24
5CDA	VH-SMK	C205
5CDB	VH-SML	C172
5CDD	VH-SMN	C310
5CDE	VH-SMO	C441
5CDF	VH-SMP	C210
5CE0	VH-SMQ	S05F
5CE1	VH-SMR	PA25
5CE2	VH-SMS	PA25
5CE3	VH-SMT	C206
5CE4	VH-SMU	C206
5CE5	VH-SMV	C82R
5CE7	VH-SMX	C414
5CE8	VH-SMY	P32R
5CE9	VH-SMZ	BE36
5CF4	VH-SNA	PA32
5CF5	VH-SNB	AT3P
5CF6	VH-SNC	AT3P
5CF7	VH-SND	R22
5CF8	VH-SNE	C82T
5CF9	VH-SNF	AT3T
5CFA	VH-SNG	PA32
5CFB	VH-SNH	BE24
5CFC	VH-SNI	AUS3
5CFD	VH-SNJ	T6
5CFE	VH-SNK	ACAR
5CFF	VH-SNL	SM19
5D00	VH-SNM	ST75
5D01	VH-SNN	C182
5D02	VH-SNO	M20P
5D03	VH-SNP	BE58
5D04	VH-SNQ	C172
5D05	VH-SNR	DH82
5D06	VH-SNS	AUS3
5D07	VH-SNT	DH82
5D08	VH-SNU	C172
5D09	VH-SNV	SM19
5D0A	VH-SNW	C172
5D0B	VH-SNX	SONX
5D0C	VH-SNY	C175
5D0D	VH-SNZ	BE58
5D18	VH-SOA	RV8
5D19	VH-SOB	CA25
5D1B	VH-SOD	BOLT
5D1C	VH-SOE	R22
5D1D	VH-SOF	B462
5D1E	VH-SOG	PA46
5D1F	VH-SOH	C180
5D20	VH-SOI	P28U
5D21	VH-SOJ	GLID
5D23	VH-SOL	RV6
5D24	VH-SOM	M20P
5D25	VH-SON	B47G
5D26	VH-SOO	C337
5D27	VH-SOP	C206
5D2B	VH-SOT	PA36
5D2C	VH-SOU	AC90
5D2D	VH-SOV	C210
5D2E	VH-SOW	AT3P
5D2F	VH-SOX	C152
5D30	VH-SOY	C188
5D31	VH-SOZ	RV9
5D3C	VH-SPA	PA25
5D3D	VH-SPB	RV7
5D3E	VH-SPC	C206
5D3F	VH-SPD	P28A
5D40	VH-SPE	PA25
5D41	VH-SPF	C182
5D42	VH-SPG	GLAS
5D43	VH-SPH	RV7
5D44	VH-SPI	C206
5D46	VH-SPK	C172
5D47	VH-SPL	C172
5D48	VH-SPM	C182
5D49	VH-SPN	M20P
5D4B	VH-SPP	C172
5D4C	VH-SPQ	C172
5D4D	VH-SPR	C152
5D4E	VH-SPS	C340
5D4F	VH-SPT	RV8
5D50	VH-SPU	C172
5D51	VH-SPV	C182
5D52	VH-SPW	C172
5D53	VH-SPX	C182
5D55	VH-SPZ	C172
5D60	VH-SQA	BE19
5D61	VH-SQB	BE19
5D62	VH-SQC	BE58
5D63	VH-SQD	RYST
5D64	VH-SQE	BE35
5D65	VH-SQF	BK17
5D66	VH-SQG	BE58
5D67	VH-SQH	BE9L
5D68	VH-SQI	BE36
5D69	VH-SQJ	P28A
5D6A	VH-SQK	C172
5D6B	VH-SQL	C402
5D6C	VH-SQM	C550
5D6E	VH-SQO	C172
5D6F	VH-SQP	PA18
5D70	VH-SQQ	PA18
5D71	VH-SQR	B463
5D72	VH-SQS	AT8T
5D73	VH-SQT	C210
5D75	VH-SQV	C510
5D76	VH-SQW	PA25
5D77	VH-SQX	T206
5D78	VH-SQY	C510
5D84	VH-SRA	SR20
5D85	VH-SRB	AS50
5D86	VH-SRC	PA25
5D87	VH-SRD	PA22
5D88	VH-SRE	C182
5D89	VH-SRF	BK17
5D8A	VH-SRG	P32R
5D8C	VH-SRI	SR22
5D8D	VH-SRJ	C210
5D8E	VH-SRK	C172
5D8F	VH-SRL	SR20
5D90	VH-SRM	T210
5D91	VH-SRN	B06
5D92	VH-SRO	BE76
5D93	VH-SRP	F8L
5D94	VH-SRQ	SW4
5D95	VH-SRR	C150
5D96	VH-SRS	SRAI
5D97	VH-SRT	PA34
5D98	VH-SRU	SW4
5D99	VH-SRV	RV7
5D9A	VH-SRW	C180
5D9C	VH-SRY	SR22
5D9D	VH-SRZ	SR20
5DA8	VH-SSA	C404
5DA9	VH-SSB	DH82
5DAA	VH-SSC	DH60
5DAB	VH-SSD	B06
5DAC	VH-SSE	C182
5DAF	VH-SSH	DH82
5DB0	VH-SSI	DH82
5DB1	VH-SSJ	DHC1
5DB2	VH-SSK	DH82
5DB3	VH-SSL	SW3
5DB4	VH-SSM	PA18
5DB5	VH-SSN	SS2P
5DB6	VH-SSO	PA25
5DB7	VH-SSP	SONX
5DB8	VH-SSQ	IS28
5DB9	VH-SSR	GLID
5DBA	VH-SSS	C206
5DBB	VH-SST	VEZE
5DBC	VH-SSU	IS28
5DBD	VH-SSV	SW4
5DBE	VH-SSW	SR22
5DBF	VH-SSX	BL8
5DC1	VH-SSZ	C650
5DCC	VH-STA	C182
5DCD	VH-STB	C210
5DCE	VH-STC	PA22
5DCF	VH-STD	C182
5DD0	VH-STE	PC12
5DD1	VH-STF	PA24
5DD2	VH-STG	C172
5DD3	VH-STH	C172
5DD4	VH-STI	PA34
5DD5	VH-STJ	PA34
5DD7	VH-STL	HUSK
5DD8	VH-STM	R44
5DD9	VH-STN	S108
5DDA	VH-STO	R44
5DDB	VH-STP	R22
5DDC	VH-STQ	R22
5DDD	VH-STR	P28A
5DDE	VH-STS	CH60
5DDF	VH-STT	PA34
5DE0	VH-STU	AS55
5DE1	VH-STV	PA32
5DE2	VH-STW	SVNH
5DE3	VH-STX	RV6
5DE5	VH-STZ	C150
5DF0	VH-SUA	R22
5DF1	VH-SUB	C182
5DF2	VH-SUC	B47G
5DF3	VH-SUD	RV7
5DF4	VH-SUE	C310
5DF5	VH-SUF	B214
5DF6	VH-SUG	BE23
5DF7	VH-SUH	B214
5DF8	VH-SUI	T210
5DF9	VH-SUJ	C182
5DFA	VH-SUK	EXEC
5DFB	VH-SUL	R44
5DFC	VH-SUM	PA34
5DFD	VH-SUN	BE23
5DFE	VH-SUO	GLIM
5DFF	VH-SUP	P210
5E00	VH-SUQ	EAGL
5E01	VH-SUR	UH1
5E03	VH-SUT	C172
5E04	VH-SUU	P32R
5E05	VH-SUV	B429
5E06	VH-SUW	BE20
5E08	VH-SUY	C25A
5E16	VH-SVC	C206
5E18	VH-SVE	PA24
5E19	VH-SVF	PA30
5E1A	VH-SVG	RV9
5E1B	VH-SVH	P28A
5E1C	VH-SVI	PA32
5E1D	VH-SVJ	P28A
5E1E	VH-SVK	P28A
5E1F	VH-SVL	PA27
5E21	VH-SVN	RV7
5E22	VH-SVO	PA36
5E23	VH-SVP	P28R
5E24	VH-SVQ	GLID
5E25	VH-SVR	P28A
5E26	VH-SVS	SR20
5E28	VH-SVU	P51
5E29	VH-SVV	EUPA
5E2A	VH-SVW	B06
5E2B	VH-SVX	P28R
5E2C	VH-SVY	C206
5E2D	VH-SVZ	P28A
5E38	VH-SWA	PA25
5E39	VH-SWB	DHC2
5E3A	VH-SWC	PA22
5E3B	VH-SWD	C150
5E3C	VH-SWE	P210
5E3D	VH-SWF	F8L
5E3E	VH-SWG	C182
5E3F	VH-SWH	AS50
5E40	VH-SWI	C25A
5E41	VH-SWJ	P06T
5E42	VH-SWK	SW4
5E43	VH-SWL	AS50
5E44	VH-SWM	RV6
5E45	VH-SWN	SEAW
5E46	VH-SWO	E170
5E49	VH-SWR	PA25
5E4A	VH-SWS	M5
5E4B	VH-SWT	B06
5E4C	VH-SWU	P28A
5E4D	VH-SWV	SW4
5E4E	VH-SWW	P28A
5E4F	VH-SWX	AS50
5E50	VH-SWY	C172
5E51	VH-SWZ	C172
5E5C	VH-SXA	M20P
5E5D	VH-SXB	P28A
5E5E	VH-SXC	R44
5E5F	VH-SXD	M20P
5E60	VH-SXE	TAMP
5E61	VH-SXF	C208
5E62	VH-SXG	C172
5E63	VH-SXH	C172
5E64	VH-SXI	C172
5E65	VH-SXJ	P32R
5E66	VH-SXK	GA8
5E67	VH-SXL	C172
5E68	VH-SXM	PA24
5E69	VH-SXN	P28B
5E6A	VH-SXO	SX30
5E6B	VH-SXP	R44
5E6C	VH-SXQ	GLID
5E6D	VH-SXR	SR22
5E6E	VH-SXS	BE58
5E6F	VH-SXT	ST75
5E70	VH-SXU	M20P
5E71	VH-SXV	C206
5E72	VH-SXW	PTS1
5E73	VH-SXX	P32T
5E74	VH-SXY	R200
5E75	VH-SXZ	RV7
5E80	VH-SYA	C172
5E81	VH-SYB	BL8
5E82	VH-SYC	B06
5E83	VH-SYD	PA34
5E84	VH-SYE	C172
5E85	VH-SYF	AA5
5E86	VH-SYG	R22
5E87	VH-SYH	C172
5E88	VH-SYI	C182
5E89	VH-SYJ	A139
5E8A	VH-SYK	AA5
5E8B	VH-SYL	RV8
5E8C	VH-SYM	C182
5E8D	VH-SYN	AA5
5E8E	VH-SYO	B462
5E8F	VH-SYP	C172
5E90	VH-SYQ	SS2P
5E92	VH-SYS	TPIN
5E93	VH-SYT	C210
5E95	VH-SYV	A139
5E96	VH-SYW	AA5
5E97	VH-SYX	C172
5E98	VH-SYY	AA5
5E99	VH-SYZ	A139
5EA4	VH-SZA	C404
5EA5	VH-SZB	P28A
5EA6	VH-SZC	RV9
5EA7	VH-SZD	C404
5EA8	VH-SZE	PTS2
5EA9	VH-SZF	SB7
5EAA	VH-SZG	AA1
5EAC	VH-SZI	AA5
5EAD	VH-SZJ	AA5
5EAE	VH-SZK	CT4
5EAF	VH-SZL	AA5
5EB0	VH-SZM	RV8
5EB1	VH-SZN	S108
5EB2	VH-SZO	C210
5EB3	VH-SZP	C404
5EB4	VH-SZQ	JAB4
5EB5	VH-SZR	AA1
5EB6	VH-SZS	AS50
5EB9	VH-SZV	B214
5EBA	VH-SZW	C206
5EBB	VH-SZX	AA1
5EBC	VH-SZY	CP10
5EBD	VH-SZZ	BL8
6030	VH-TAA	T18
6031	VH-TAB	HROC
6032	VH-TAC	R22
6033	VH-TAD	SREY
6034	VH-TAE	P28A
6035	VH-TAF	C172
6036	VH-TAG	R44
6038	VH-TAI	R66
6039	VH-TAJ	P28A
603B	VH-TAL	PA46
603C	VH-TAM	SW4
603D	VH-TAN	C402
603E	VH-TAO	RV12
603F	VH-TAP	BE58
6040	VH-TAQ	RV6
6041	VH-TAR	PA31
6042	VH-TAS	PA31
6043	VH-TAT	PA32
6044	VH-TAU	P28A
6045	VH-TAV	P68
6046	VH-TAW	C206
6047	VH-TAX	P28A
6049	VH-TAZ	C441
6054	VH-TBA	TOBA
6055	VH-TBB	P28R
6056	VH-TBC	P28A
6057	VH-TBD	C82T
6058	VH-TBE	C310
6059	VH-TBF	C172
605A	VH-TBG	C310
605B	VH-TBH	RV6
605C	VH-TBI	C310
605D	VH-TBJ	PA31
605E	VH-TBK	C152
605F	VH-TBL	C172
6060	VH-TBM	TBM8
6062	VH-TBO	SR22
6063	VH-TBP	B06
6064	VH-TBQ	TB20
6065	VH-TBR	TB20
6066	VH-TBS	B722
6067	VH-TBT	R44
6068	VH-TBU	GA8
6069	VH-TBV	SS2T
606B	VH-TBX	R44
606C	VH-TBY	C206
606D	VH-TBZ	TB20
6077	VH-TB9	TBM9
6078	VH-TCA	SLG4
6079	VH-TCB	C172
607A	VH-TCC	C172
607B	VH-TCD	BE55
607C	VH-TCE	PA31
607D	VH-TCF	R44
607E	VH-TCG	R22
607F	VH-TCH	C182
6080	VH-TCI	C210
6081	VH-TCJ	C182
6082	VH-TCK	C185
6084	VH-TCM	C172
6085	VH-TCN	AS50
6086	VH-TCO	C150
6087	VH-TCP	PC12
6088	VH-TCQ	SR20
6089	VH-TCR	C210
608A	VH-TCS	C25B
608B	VH-TCT	C182
608C	VH-TCU	SR20
608D	VH-TCV	C182
608E	VH-TCW	C210
608F	VH-TCX	R22
6090	VH-TCY	C172
6091	VH-TCZ	C206
609C	VH-TDA	R22
609D	VH-TDB	LNC4
609E	VH-TDC	GLAS
609F	VH-TDD	PA24
60A0	VH-TDE	BE36
60A1	VH-TDF	C182
60A2	VH-TDG	C150
60A3	VH-TDH	DHC1
60A4	VH-TDI	GLST
60A5	VH-TDJ	RV7
60A6	VH-TDK	C172
60A7	VH-TDL	PA30
60A8	VH-TDM	C182
60A9	VH-TDN	C180
60AA	VH-TDO	C182
60AB	VH-TDP	BE58
60AC	VH-TDQ	C206
60AD	VH-TDR	C180
60AE	VH-TDS	SR22
60AF	VH-TDT	C182
60B3	VH-TDX	C150
60B4	VH-TDY	C210
60B5	VH-TDZ	C150
60C0	VH-TEA	PA44
60C1	VH-TEB	C152
60C2	VH-TEC	BE35
60C3	VH-TED	C175
60C5	VH-TEF	C206
60C6	VH-TEG	C182
60C7	VH-TEH	PA36
60C8	VH-TEI	C172
60C9	VH-TEJ	LNCE
60CA	VH-TEK	P28A
60CB	VH-TEL	SR20
60CC	VH-TEM	R44
60CD	VH-TEN	R22
60CE	VH-TEO	R44
60CF	VH-TEP	C172
60D1	VH-TER	M5
60D2	VH-TES	B06
60D3	VH-TET	C210
60D4	VH-TEU	R22
60D5	VH-TEV	C210
60D6	VH-TEW	PA24
60D7	VH-TEX	T6
60D8	VH-TEY	C25A
60D9	VH-TEZ	PL1
60DF	VH-TE5	C182
60E0	VH-TE6	P06T
60E4	VH-TFA	C303
60E5	VH-TFB	C208
60E7	VH-TFD	BE60
60E8	VH-TFE	C210
60E9	VH-TFF	C210
60EA	VH-TFG	SW4
60EB	VH-TFH	AT5T
60EC	VH-TFI	R22
60ED	VH-TFJ	C310
60EE	VH-TFK	C402
60EF	VH-TFL	C210
60F0	VH-TFM	C402
60F1	VH-TFN	C210
60F2	VH-TFO	C404
60F3	VH-TFP	C310
60F4	VH-TFQ	C208
60F6	VH-TFS	C208
60F7	VH-TFT	R22
60F8	VH-TFU	C404
60F9	VH-TFV	C208
60FA	VH-TFW	C525
60FB	VH-TFX	C208
60FC	VH-TFY	C310
60FD	VH-TFZ	C402
6108	VH-TGA	RV7
610D	VH-TGF	R22
610E	VH-TGG	GL7T
6110	VH-TGI	R44
6112	VH-TGK	HIGH
6113	VH-TGL	G115
6114	VH-TGM	RV7
6115	VH-TGN	BEAR
6116	VH-TGO	P28B
6117	VH-TGP	R22
6119	VH-TGR	DH82
611A	VH-TGS	R44
611B	VH-TGT	JAB4
611C	VH-TGU	G115
611D	VH-TGV	G115
611E	VH-TGW	G115
611F	VH-TGX	C208
6120	VH-TGY	M18
6121	VH-TGZ	R44
6126	VH-TG4	GLF4
612C	VH-THA	UH12
612D	VH-THB	PA38
612E	VH-THC	C182
612F	VH-THD	C172
6130	VH-THE	RV7
6131	VH-THF	C152
6132	VH-THG	C210
6133	VH-THH	RV6
6134	VH-THI	R22
6135	VH-THJ	AS50
6136	VH-THK	GLAS
6137	VH-THL	C172
6138	VH-THM	R22
6139	VH-THN	H269
613A	VH-THO	C172
613B	VH-THP	R22
613C	VH-THQ	R22
613D	VH-THR	SS2T
613E	VH-THS	C210
613F	VH-THT	C182
6140	VH-THU	C182
6141	VH-THV	AS50
6142	VH-THW	M20P
6143	VH-THX	C402
6144	VH-THY	AS50
6150	VH-TIA	C150
6151	VH-TIB	R44
6152	VH-TIC	C182
6153	VH-TID	R44
6154	VH-TIE	C152
6155	VH-TIF	C172
6156	VH-TIG	DH82
6157	VH-TIH	EC30
6158	VH-TII	C206
6159	VH-TIJ	GLAS
615A	VH-TIK	FUSI
615B	VH-TIL	R44
615C	VH-TIM	BE33
615D	VH-TIN	C182
615E	VH-TIO	C182
615F	VH-TIP	R44
6160	VH-TIQ	C182
6161	VH-TIR	T18
6162	VH-TIS	C182
6163	VH-TIT	C160
6164	VH-TIU	C210
6165	VH-TIV	C402
6166	VH-TIW	C150
6167	VH-TIX	C172
6168	VH-TIY	C208
6169	VH-TIZ	C210
6174	VH-TJA	PTS2
6175	VH-TJB	C207
6176	VH-TJC	GLID
6177	VH-TJD	T206
6178	VH-TJE	A139
6179	VH-TJF	A139
617A	VH-TJG	A139
617B	VH-TJH	A139
617C	VH-TJI	A139
617D	VH-TJJ	A139
617E	VH-TJK	A139
617F	VH-TJL	RV7
6180	VH-TJM	R22
6181	VH-TJN	BE58
6182	VH-TJO	A139
6183	VH-TJP	JAB4
6184	VH-TJQ	P210
6185	VH-TJR	SV4
6186	VH-TJS	C210
6187	VH-TJT	B06
6188	VH-TJU	ST75
6189	VH-TJV	AEST
618A	VH-TJW	RV7
618B	VH-TJX	JAB4
618D	VH-TJZ	DA42
6198	VH-TKA	C208
6199	VH-TKB	P28A
619A	VH-TKC	C152
619B	VH-TKD	BK17
619C	VH-TKE	BABY
619D	VH-TKF	C172
619E	VH-TKG	SR22
619F	VH-TKH	B47G
61A0	VH-TKI	R44
61A2	VH-TKK	C182
61A3	VH-TKL	C172
61A4	VH-TKM	C172
61A5	VH-TKN	C172
61A6	VH-TKO	R44
61A7	VH-TKP	R44
61A8	VH-TKQ	C210
61A9	VH-TKR	C150
61AA	VH-TKS	AT3P
61AB	VH-TKT	PA36
61AC	VH-TKU	PA38
61AD	VH-TKV	PTS2
61AE	VH-TKW	PA38
61AF	VH-TKX	P28B
61B0	VH-TKY	PA38
61BC	VH-TLA	PA38
61BD	VH-TLB	BE36
61BE	VH-TLC	PA27
61BF	VH-TLD	C208
61C0	VH-TLE	M18
61C2	VH-TLG	P32T
61C3	VH-TLH	C208
61C4	VH-TLI	C182
61C5	VH-TLJ	C210
61C6	VH-TLK	C172
61C7	VH-TLL	P46T
61C8	VH-TLM	C172
61C9	VH-TLN	C152
61CA	VH-TLO	R22
61CB	VH-TLP	BE55
61CC	VH-TLQ	R22
61CD	VH-TLR	C210
61CE	VH-TLS	M20T
61CF	VH-TLT	PA32
61D1	VH-TLV	B505
61D2	VH-TLW	TAIL
61D3	VH-TLX	RV14
61D4	VH-TLY	P28A
61D5	VH-TLZ	B505
61DA	VH-TL4	B429
61E0	VH-TMA	R22
61E1	VH-TMB	C182
61E2	VH-TMC	GLST
61E3	VH-TMD	RV8
61E4	VH-TME	C150
61E5	VH-TMF	T18
61E6	VH-TMG	SIRA
61E7	VH-TMH	M20P
61E8	VH-TMI	STRM
61E9	VH-TMJ	C82R
61EA	VH-TMK	R22
61EB	VH-TML	M4
61EC	VH-TMM	P28A
61ED	VH-TMN	CH7B
61EE	VH-TMO	C140
61EF	VH-TMP	C172
61F0	VH-TMQ	DC3
61F1	VH-TMR	LNC2
61F2	VH-TMS	C172
61F3	VH-TMT	C172
61F4	VH-TMU	JAB4
61F5	VH-TMV	C182
61F6	VH-TMW	PA24
61F7	VH-TMX	EUPA
61F8	VH-TMY	AS50
61F9	VH-TMZ	PA24
6204	VH-TNA	PA25
6205	VH-TNB	P28B
6206	VH-TNC	PA25
6207	VH-TND	GLIM
6208	VH-TNE	PA25
6209	VH-TNF	C182
620A	VH-TNG	EC45
620B	VH-TNH	P28A
620C	VH-TNI	P28A
620D	VH-TNJ	P28A
620E	VH-TNK	P28A
620F	VH-TNL	R22
6210	VH-TNM	C172
6211	VH-TNN	HRNT
6212	VH-TNO	C152
6214	VH-TNQ	GA8
6215	VH-TNR	BE58
6216	VH-TNS	SR22
6217	VH-TNT	C206
6218	VH-TNU	C152
6219	VH-TNV	C152
621A	VH-TNW	L29
621B	VH-TNX	GLAS
621C	VH-TNY	C152
621D	VH-TNZ	RV7
6228	VH-TOA	T6
6229	VH-TOB	CA25
622A	VH-TOC	C206
622B	VH-TOD	GLAS
622C	VH-TOE	C182
622D	VH-TOF	P28A
622E	VH-TOG	C172
622F	VH-TOH	C172
6230	VH-TOI	TOBA
6231	VH-TOJ	PA25
6232	VH-TOK	RBEL
6233	VH-TOL	SR22
6234	VH-TOM	PA38
6236	VH-TOO	R66
6237	VH-TOP	BL8
6239	VH-TOR	B427
623B	VH-TOT	PA31
623C	VH-TOU	C150
623E	VH-TOW	C172
623F	VH-TOX	C182
6240	VH-TOY	P28B
6241	VH-TOZ	PA24
624C	VH-TPA	C150
624D	VH-TPB	M20P
624E	VH-TPC	C182
624F	VH-TPD	P28A
6250	VH-TPE	PA25
6251	VH-TPF	M20P
6252	VH-TPG	C180
6253	VH-TPH	PA20
6254	VH-TPI	PA24
6255	VH-TPJ	PA32
6256	VH-TPK	C206
6257	VH-TPL	P28A
6258	VH-TPM	P46T
625A	VH-TPO	PA30
625B	VH-TPP	CAMP
625D	VH-TPR	TAIL
625E	VH-TPS	SR20
625F	VH-TPT	RV6
6260	VH-TPU	P28A
6261	VH-TPV	C150
6262	VH-TPW	P28A
6263	VH-TPX	C172
6264	VH-TPY	TOUR
6265	VH-TPZ	RV9
6270	VH-TQA	AC50
6271	VH-TQB	C208
6272	VH-TQC	C210
6273	VH-TQD	DH8C
6274	VH-TQE	DH8C
6275	VH-TQF	C208
6276	VH-TQG	DH8B
6277	VH-TQH	DH8C
6278	VH-TQI	C208
6279	VH-TQJ	BE33
627A	VH-TQK	DH8C
627B	VH-TQL	DH8C
627C	VH-TQM	DH8C
627E	VH-TQO	BL8
627F	VH-TQP	P46T
6280	VH-TQQ	RV7
6281	VH-TQR	C172
6282	VH-TQS	DH8B
6284	VH-TQU	C208
6285	VH-TQV	C208
6286	VH-TQW	C208
6287	VH-TQX	DH8B
6288	VH-TQY	DH8C
6289	VH-TQZ	DH8C
6294	VH-TRA	PA31
6295	VH-TRB	R22
6296	VH-TRC	C404
6298	VH-TRE	C182
6299	VH-TRF	CT4
629A	VH-TRG	CH80
629B	VH-TRH	PL12
629C	VH-TRI	KIS2
629D	VH-TRJ	PL12
629E	VH-TRK	R22
629F	VH-TRL	SR22
62A0	VH-TRM	GLAS
62A1	VH-TRN	R22
62A2	VH-TRO	T28
62A3	VH-TRP	TB20
62A4	VH-TRQ	R22
62A5	VH-TRR	P28A
62A6	VH-TRS	BN2P
62A7	VH-TRT	PL12
62A8	VH-TRU	PL12
62A9	VH-TRV	RV14
62AA	VH-TRW	BE9L
62AB	VH-TRX	SF34
62AC	VH-TRY	M20P
62AD	VH-TRZ	JAB4
62B8	VH-TSA	C182
62BA	VH-TSC	R44
62BB	VH-TSD	C206
62BC	VH-TSE	C182
62BD	VH-TSF	C185
62BE	VH-TSG	LJ35
62C0	VH-TSI	SLG4
62C1	VH-TSJ	PA30
62C2	VH-TSK	R22
62C3	VH-TSL	R22
62C4	VH-TSM	R44
62C5	VH-TSN	C82S
62C6	VH-TSO	C185
62C7	VH-TSP	C172
62C8	VH-TSQ	C172
62C9	VH-TSR	C172
62CA	VH-TSS	C182
62CB	VH-TST	RV4
62CC	VH-TSU	C182
62CD	VH-TSV	AS50
62CE	VH-TSW	PA31
62CF	VH-TSX	C82R
62D0	VH-TSY	PA22
62D1	VH-TSZ	R22
62DC	VH-TTA	C182
62DD	VH-TTB	BE76
62DE	VH-TTC	C182
62DF	VH-TTD	FU24
62E0	VH-TTE	CH7
62E1	VH-TTF	C206
62E2	VH-TTG	AT3P
62E4	VH-TTI	C182
62E5	VH-TTJ	C182
62E6	VH-TTK	SLG2
62E7	VH-TTL	BE55
62E8	VH-TTM	PA31
62E9	VH-TTN	C182
62EA	VH-TTO	C182
62EB	VH-TTP	C182
62EC	VH-TTQ	BE58
62ED	VH-TTR	P28A
62EE	VH-TTS	PA30
62F0	VH-TTU	C188
62F1	VH-TTV	SR22
62F2	VH-TTW	C180
62F3	VH-TTX	PA31
62F4	VH-TTY	C310
62F5	VH-TTZ	C404
62FB	VH-TT5	PA30
6300	VH-TUA	C172
6301	VH-TUB	VJ22
6302	VH-TUC	BPAT
6304	VH-TUE	C172
6305	VH-TUF	PA24
6306	VH-TUG	PA25
6307	VH-TUH	C182
6308	VH-TUI	C210
6309	VH-TUJ	C182
630A	VH-TUK	C182
630B	VH-TUL	C77R
630C	VH-TUM	C188
630D	VH-TUN	C188
630E	VH-TUO	C172
630F	VH-TUP	RV6
6310	VH-TUQ	C172
6311	VH-TUR	GLAS
6312	VH-TUS	C172
6313	VH-TUT	P28R
6314	VH-TUU	C150
6315	VH-TUV	C180
6316	VH-TUW	P210
6317	VH-TUX	C172
6318	VH-TUY	R22
6319	VH-TUZ	BE60
6324	VH-TVA	C180
6325	VH-TVB	TB21
6326	VH-TVC	C72R
6327	VH-TVD	C180
6328	VH-TVE	P28A
6329	VH-TVF	P28A
632A	VH-TVG	AS50
632B	VH-TVH	P28A
632C	VH-TVI	PA32
632D	VH-TVJ	TWEN
632E	VH-TVK	P28A
632F	VH-TVL	R44
6330	VH-TVM	P28A
6331	VH-TVN	P32R
6332	VH-TVO	P28A
6333	VH-TVP	P28A
6334	VH-TVQ	PA44
6335	VH-TVR	P28A
6336	VH-TVS	R44
6337	VH-TVT	PA32
6339	VH-TVV	P28A
633A	VH-TVW	P28A
633B	VH-TVX	DA40
633C	VH-TVY	P28A
633D	VH-TVZ	PA34
6342	VH-TV4	R44
6343	VH-TV5	R66
6348	VH-TWA	E300
6349	VH-TWB	C172
634A	VH-TWC	C210
634B	VH-TWD	RV12
634C	VH-TWE	TOUR
634D	VH-TWF	CJ6
634E	VH-TWG	TOUR
634F	VH-TWH	C206
6350	VH-TWI	PA22
6351	VH-TWJ	PA30
6352	VH-TWK	PA30
6353	VH-TWL	SSTL
6354	VH-TWM	C182
6355	VH-TWN	C310
6356	VH-TWO	B06
6357	VH-TWP	YK52
6358	VH-TWQ	TAIL
6359	VH-TWR	PA31
635A	VH-TWS	R66
635B	VH-TWT	P28R
635C	VH-TWU	PA31
635D	VH-TWV	M20P
635E	VH-TWW	R44
635F	VH-TWX	C208
6360	VH-TWY	C310
6361	VH-TWZ	BE58
6366	VH-TW4	R44
636C	VH-TXA	AA5
636D	VH-TXB	C207
636E	VH-TXC	PA30
636F	VH-TXD	P28A
6370	VH-TXE	AC50
6371	VH-TXF	T6
6372	VH-TXG	C77R
6373	VH-TXH	P28A
6374	VH-TXI	AS50
6375	VH-TXJ	C182
6376	VH-TXK	PA31
6377	VH-TXL	P28A
6378	VH-TXM	P28R
6379	VH-TXN	T6
637A	VH-TXO	C152
637B	VH-TXP	C182
637C	VH-TXQ	GY20
637D	VH-TXR	R22
637E	VH-TXS	C208
637F	VH-TXT	BE20
6380	VH-TXU	P28A
6381	VH-TXV	P28A
6382	VH-TXW	P28A
6383	VH-TXX	C177
6384	VH-TXY	C172
6385	VH-TXZ	SS2P
6390	VH-TYA	AP32
6391	VH-TYB	C182
6392	VH-TYC	BE23
6393	VH-TYD	P28A
6394	VH-TYE	BE35
6395	VH-TYF	BE23
6396	VH-TYG	C210
6397	VH-TYH	C208
6398	VH-TYI	P28T
639A	VH-TYK	BE23
639B	VH-TYL	BE33
639C	VH-TYM	C210
639D	VH-TYN	C182
639E	VH-TYO	BE33
639F	VH-TYP	BE58
63A0	VH-TYQ	C208
63A2	VH-TYS	PA44
63A3	VH-TYT	C180
63A4	VH-TYU	BE35
63A5	VH-TYV	C208
63A6	VH-TYW	R44
63A7	VH-TYX	BE35
63A8	VH-TYY	BE23
63A9	VH-TYZ	BE36
63B5	VH-TZB	C172
63B6	VH-TZC	C172
63B7	VH-TZD	GLID
63B8	VH-TZE	R44
63B9	VH-TZF	PA34
63BA	VH-TZG	BE24
63BB	VH-TZH	C402
63BC	VH-TZI	DA62
63BE	VH-TZK	RV8
63BF	VH-TZL	PZ04
63C0	VH-TZM	AC11
63C1	VH-TZN	P68
63C2	VH-TZO	R22
63C3	VH-TZP	C206
63C4	VH-TZQ	C210
63C5	VH-TZR	RV3
63C6	VH-TZS	AC50
63C7	VH-TZT	LA4
63C8	VH-TZU	LA4
63C9	VH-TZV	PL12
63CA	VH-TZW	B47G
63CB	VH-TZX	C182
63CC	VH-TZY	PA31
63CD	VH-TZZ	PL12
642C	VH-T2M	R22
6433	VH-T2T	SLG4
6443	VH-T29	GLEX
6448	VH-T3E	PC12
6449	VH-T3F	PC12
6481	VH-T4Z	DA62
6485	VH-T43	M600
64CC	VH-T62	DA62
64F5	VH-T77	G2CA
6540	VH-UAA	PA31
6541	VH-UAB	PA22
6542	VH-UAC	C172
6543	VH-UAD	PA22
6544	VH-UAE	DH60
6546	VH-UAG	SR22
6547	VH-UAH	AS50
6548	VH-UAI	B06
6549	VH-UAJ	BE95
654A	VH-UAK	AS50
654B	VH-UAL	PA38
654C	VH-UAM	P32R
654D	VH-UAN	BK17
654E	VH-UAO	DH60
6550	VH-UAQ	P28A
6551	VH-UAR	C82R
6552	VH-UAS	AS50
6553	VH-UAT	TAIL
6554	VH-UAU	GC1
6556	VH-UAW	PA30
6557	VH-UAX	BK17
6558	VH-UAY	BK17
6559	VH-UAZ	AS50
6565	VH-UBB	RV7
6566	VH-UBC	SA75
6567	VH-UBD	BD5
6569	VH-UBF	C402
656A	VH-UBG	C172
656B	VH-UBH	GLEX
656C	VH-UBI	R22
656D	VH-UBJ	C177
656E	VH-UBK	C210
656F	VH-UBL	C210
6570	VH-UBM	P28A
6572	VH-UBO	GA8
6573	VH-UBP	C206
6574	VH-UBQ	CL60
6575	VH-UBR	C206
6576	VH-UBS	C206
6577	VH-UBT	C207
6578	VH-UBU	R44
6579	VH-UBV	AT5T
657A	VH-UBW	C207
657B	VH-UBX	B407
657C	VH-UBY	R22
657D	VH-UBZ	C402
6588	VH-UCA	C182
6589	VH-UCB	C182
658A	VH-UCC	RV9
658B	VH-UCD	C402
658C	VH-UCE	C68A
658D	VH-UCF	C182
658F	VH-UCH	B412
6590	VH-UCI	C402
6591	VH-UCJ	GLIM
6592	VH-UCK	BLKS
6594	VH-UCM	C402
6596	VH-UCO	IFUR
6597	VH-UCP	CAMP
6598	VH-UCQ	C82R
6599	VH-UCR	GLID
659A	VH-UCS	C182
659B	VH-UCT	C210
659C	VH-UCU	DH87
659D	VH-UCV	C182
659E	VH-UCW	C182
659F	VH-UCX	C82R
65A0	VH-UCY	C206
65AC	VH-UDA	RV7
65AD	VH-UDB	C172
65AE	VH-UDC	C82S
65AF	VH-UDD	M20P
65B0	VH-UDE	BE36
65B1	VH-UDF	T18
65B2	VH-UDG	RV6
65B3	VH-UDH	DH87
65B4	VH-UDI	C188
65B6	VH-UDK	PTS2
65B7	VH-UDL	TNDR
65B8	VH-UDM	EAGX
65B9	VH-UDN	BOLT
65BB	VH-UDP	PTS1
65BC	VH-UDQ	M20P
65BE	VH-UDS	GLID
65BF	VH-UDT	C172
65C0	VH-UDU	Y18T
65C1	VH-UDV	R44
65C2	VH-UDW	C172
65C3	VH-UDX	AEST
65C4	VH-UDY	R22
65D1	VH-UEB	J1
65D2	VH-UEC	B212
65D5	VH-UEF	DH82
65D6	VH-UEG	C150
65D7	VH-UEH	AIRD
65D8	VH-UEI	UH1
65D9	VH-UEJ	DA40
65DB	VH-UEL	DA40
65DC	VH-UEM	DA40
65DD	VH-UEN	PA22
65DE	VH-UEO	DA40
65DF	VH-UEP	DA40
65E0	VH-UEQ	DH82
65E1	VH-UER	RV7
65E2	VH-UES	C172
65E4	VH-UEU	DHC1
65E5	VH-UEV	C172
65E6	VH-UEW	DA40
65E7	VH-UEX	DA40
65E8	VH-UEY	C150
65E9	VH-UEZ	DA40
65F4	VH-UFA	PA38
65F5	VH-UFB	N320
65F6	VH-UFC	C150
65F8	VH-UFE	C172
65F9	VH-UFF	C182
65FB	VH-UFH	C172
65FC	VH-UFI	CRES
65FD	VH-UFJ	C172
65FE	VH-UFK	H269
65FF	VH-UFL	P28A
6600	VH-UFM	R44
6601	VH-UFN	R44
6602	VH-UFO	STOR
6604	VH-UFQ	C172
6605	VH-UFR	P28A
6606	VH-UFS	RV6
6608	VH-UFU	C152
6609	VH-UFV	DH60
660C	VH-UFY	P28A
6619	VH-UGB	RV7
661B	VH-UGD	C172
661C	VH-UGE	C182
661D	VH-UGF	C150
661E	VH-UGG	PIVI
661F	VH-UGH	RV7
6622	VH-UGK	C172
6624	VH-UGM	AC11
6625	VH-UGN	DH60
6627	VH-UGP	CRUZ
6628	VH-UGQ	C172
6629	VH-UGR	RV7
662A	VH-UGS	C177
662B	VH-UGT	C150
662C	VH-UGU	C150
662D	VH-UGV	C188
662E	VH-UGW	C150
662F	VH-UGX	C172
6630	VH-UGY	C182
663C	VH-UHA	B47G
663E	VH-UHC	JAB4
663F	VH-UHD	AS50
6640	VH-UHE	UH1
6641	VH-UHF	UH1
6642	VH-UHG	H60
6643	VH-UHH	UH1
6644	VH-UHI	B06
6645	VH-UHJ	AS50
6646	VH-UHK	AS50
6648	VH-UHM	GLIM
6649	VH-UHN	AT5T
664A	VH-UHO	YK52
664B	VH-UHP	C177
664C	VH-UHQ	R44
664D	VH-UHR	H60
664E	VH-UHS	H60
664F	VH-UHT	BE33
6651	VH-UHV	B06
6654	VH-UHY	R22
6655	VH-UHZ	AS50
6660	VH-UIA	C180
6661	VH-UIB	C170
6662	VH-UIC	R22
6663	VH-UID	R44
666A	VH-UIK	B38M
666B	VH-UIL	GLID
666C	VH-UIM	GLID
666D	VH-UIN	GLID
666E	VH-UIO	GLID
666F	VH-UIP	GLID
6670	VH-UIQ	GLID
6671	VH-UIR	GLID
6672	VH-UIS	GLIM
6673	VH-UIT	GLID
6674	VH-UIU	GLID
6675	VH-UIV	GLID
6676	VH-UIW	GLID
6678	VH-UIY	GLID
6679	VH-UIZ	GLID
6684	VH-UJA	AC6L
6685	VH-UJB	EC35
6686	VH-UJC	T18
6687	VH-UJD	C206
6688	VH-UJE	AC50
668A	VH-UJG	LJ35
668B	VH-UJH	C185
668C	VH-UJI	AC50
668D	VH-UJJ	C188
668E	VH-UJK	B38M
668F	VH-UJL	AC50
6690	VH-UJM	PC12
6691	VH-UJN	AC50
6692	VH-UJO	ST75
6693	VH-UJP	DA40
6694	VH-UJQ	C188
6695	VH-UJR	AC50
6696	VH-UJS	AC50
6697	VH-UJT	B38M
6698	VH-UJU	AC50
6699	VH-UJV	AC50
669A	VH-UJW	DH82
669B	VH-UJX	AC50
669C	VH-UJY	AC50
66A8	VH-UKA	GLID
66A9	VH-UKB	GLIM
66AB	VH-UKD	GLID
66AD	VH-UKF	GLID
66AE	VH-UKG	GLIM
66B0	VH-UKI	GLID
66B1	VH-UKJ	A139
66B3	VH-UKL	BE58
66B4	VH-UKM	GLID
66B6	VH-UKO	GLID
66B9	VH-UKR	L39
66BA	VH-UKS	S108
66BB	VH-UKT	GLID
66BC	VH-UKU	GLID
66BE	VH-UKW	GLID
66BF	VH-UKX	GLID
66C0	VH-UKY	GLID
66C1	VH-UKZ	GLID
66CD	VH-ULB	E190
66CE	VH-ULC	DH82
66CF	VH-ULD	A321
66D0	VH-ULE	C172
66D1	VH-ULF	C310
66D3	VH-ULH	E190
66D4	VH-ULI	TERR
66D5	VH-ULJ	LJ60
66D7	VH-ULL	RV12
66D8	VH-ULM	DH60
66D9	VH-ULN	SR22
66DA	VH-ULO	DA42
66DB	VH-ULP	DH60
66DC	VH-ULQ	E190
66DD	VH-ULR	DH82
66DF	VH-ULT	AS50
66E0	VH-ULU	DH60
66E2	VH-ULW	A321
66E3	VH-ULX	CH2T
66E4	VH-ULY	A321
66E5	VH-ULZ	GLID
66F0	VH-UMA	C175
66F1	VH-UMB	P28A
66F2	VH-UMC	GLIM
66F3	VH-UMD	C172
66F4	VH-UME	C206
66F6	VH-UMG	C182
66F8	VH-UMI	DH60
66F9	VH-UMJ	R22
66FA	VH-UMK	DH60
66FB	VH-UML	BE23
66FC	VH-UMM	BE23
66FD	VH-UMN	A169
66FE	VH-UMO	DH60
66FF	VH-UMP	CH7A
6701	VH-UMR	C182
6702	VH-UMS	BE24
6703	VH-UMT	R44
6705	VH-UMV	C208
6706	VH-UMW	R22
6708	VH-UMY	P46T
6709	VH-UMZ	CH75
6714	VH-UNA	PA44
6715	VH-UNB	PA44
6717	VH-UND	C152
6718	VH-UNE	C152
6719	VH-UNF	DA40
671A	VH-UNG	PA44
671B	VH-UNH	DA40
671C	VH-UNI	C82R
671D	VH-UNJ	DA40
671F	VH-UNL	P28A
6720	VH-UNM	C206
6721	VH-UNN	C152
6722	VH-UNO	C152
6723	VH-UNP	C152
6724	VH-UNQ	DA40
6725	VH-UNR	DA40
6726	VH-UNS	C152
6727	VH-UNT	BL8
6728	VH-UNU	DA40
6729	VH-UNV	DA40
672A	VH-UNW	P28A
672B	VH-UNX	C152
672C	VH-UNY	DA40
672D	VH-UNZ	C152
6738	VH-UOA	B06
6739	VH-UOB	B06
673A	VH-UOC	C208
673C	VH-UOE	C82R
673D	VH-UOF	C208
673E	VH-UOG	C177
673F	VH-UOH	EVSS
6740	VH-UOI	DH60
6741	VH-UOJ	C208
6742	VH-UOK	CJ1
6743	VH-UOL	C208
6744	VH-UOM	JAB4
6746	VH-UOO	BL8
6747	VH-UOP	C208
6748	VH-UOQ	C177
6749	VH-UOR	C172
674A	VH-UOS	YK55
674B	VH-UOT	C208
674C	VH-UOU	P28T
674E	VH-UOW	GLIM
6751	VH-UOZ	C208
675C	VH-UPA	C150
675D	VH-UPB	C150
675E	VH-UPC	BE35
6760	VH-UPE	C182
6761	VH-UPF	C180
6762	VH-UPG	BL8
6764	VH-UPI	C185
6766	VH-UPK	C206
6768	VH-UPM	PA31
6769	VH-UPN	C210
676B	VH-UPP	RV6
676C	VH-UPQ	DC3
676F	VH-UPT	C182
6770	VH-UPU	PTS2
6771	VH-UPV	C206
6772	VH-UPW	PA32
6773	VH-UPX	P28A
6774	VH-UPY	PA46
6775	VH-UPZ	C310
6780	VH-UQA	F100
6781	VH-UQB	F100
6782	VH-UQC	F100
6783	VH-UQD	F100
6784	VH-UQE	AVIN
6785	VH-UQF	F100
6786	VH-UQG	F100
6787	VH-UQH	DH60
6789	VH-UQJ	P28A
678A	VH-UQK	P28A
678B	VH-UQL	C182
678C	VH-UQM	P28A
678D	VH-UQN	F100
678E	VH-UQO	C150
6790	VH-UQQ	C172
6791	VH-UQR	PA30
6792	VH-UQS	C152
6793	VH-UQT	C150
6794	VH-UQU	C172
6795	VH-UQV	DH60
6796	VH-UQW	F100
6797	VH-UQX	TOUR
6799	VH-UQZ	DH82
67A4	VH-URA	DH60
67A5	VH-URB	GA8
67A6	VH-URC	ST75
67A7	VH-URD	P28A
67A8	VH-URE	R44
67A9	VH-URF	GLIM
67AA	VH-URG	P32R
67AB	VH-URH	M20P
67AC	VH-URI	GLID
67AD	VH-URJ	BN2P
67AE	VH-URK	P28A
67AF	VH-URL	PTS2
67B0	VH-URM	C206
67B1	VH-URN	P28A
67B2	VH-URO	C182
67B3	VH-URP	PTS1
67B4	VH-URQ	C206
67B5	VH-URR	CL60
67B6	VH-URS	UH1
67B7	VH-URT	BE20
67B8	VH-URU	BE20
67B9	VH-URV	RV4
67BA	VH-URW	C210
67BB	VH-URX	C210
67BC	VH-URY	R22
67C8	VH-USA	C77R
67C9	VH-USB	DH82
67CB	VH-USD	R44
67CC	VH-USE	ST75
67CD	VH-USF	M20P
67CE	VH-USG	H269
67CF	VH-USH	C421
67D0	VH-USI	C172
67D1	VH-USJ	DH83
67D2	VH-USK	DH85
67D3	VH-USL	C172
67D4	VH-USM	C172
67D5	VH-USN	T6
67D6	VH-USO	P28R
67D7	VH-USP	C172
67D8	VH-USQ	C172
67D9	VH-USR	T6
67DA	VH-USS	T6
67DB	VH-UST	PA32
67DD	VH-USV	P28A
67DE	VH-USW	SR22
67DF	VH-USX	C172
67E0	VH-USY	JAB4
67E1	VH-USZ	AT3P
67EC	VH-UTA	B47G
67ED	VH-UTB	B06
67EE	VH-UTC	C421
67EF	VH-UTD	DH82
67F0	VH-UTE	DH87
67F1	VH-UTF	B47G
67F3	VH-UTH	R22
67F5	VH-UTJ	B06
67F6	VH-UTK	BL8
67F7	VH-UTL	B06
67F8	VH-UTM	AS50
67F9	VH-UTN	AS50
67FA	VH-UTO	C182
67FC	VH-UTQ	C206
67FD	VH-UTR	B105
67FE	VH-UTS	B06
67FF	VH-UTT	H269
6800	VH-UTU	R44
6801	VH-UTV	DH89
6802	VH-UTW	P750
6803	VH-UTX	R22
6804	VH-UTY	B47G
6805	VH-UTZ	B47J
6810	VH-UUA	R22
6811	VH-UUB	SW4
6812	VH-UUC	C182
6813	VH-UUD	SLG2
6814	VH-UUE	DH85
6815	VH-UUF	AS50
6816	VH-UUG	AS50
6817	VH-UUH	AS50
6818	VH-UUI	AS50
681B	VH-UUL	DH85
681C	VH-UUM	RC3
681D	VH-UUN	SW4
681F	VH-UUP	P68
6820	VH-UUQ	SLG2
6821	VH-UUR	KL25
6822	VH-UUS	DH83
6823	VH-UUT	SLG2
6824	VH-UUU	AC11
6825	VH-UUV	DA40
6826	VH-UUW	DH60
6827	VH-UUX	DH60
6828	VH-UUY	SREY
6829	VH-UUZ	DH60
6834	VH-UVA	AS50
6835	VH-UVB	DH82
6837	VH-UVD	DH82
6838	VH-UVE	CH7A
6839	VH-UVF	DH85
683A	VH-UVG	AT5T
683B	VH-UVH	B350
683C	VH-UVI	DH82
683D	VH-UVJ	A320
683E	VH-UVK	A320
683F	VH-UVL	DH83
6840	VH-UVM	GLIM
6841	VH-UVN	C172
6842	VH-UVO	A320
6843	VH-UVP	A320
6844	VH-UVQ	A320
6846	VH-UVS	C172
6847	VH-UVT	A320
6848	VH-UVU	R66
6849	VH-UVV	DH87
684A	VH-UVW	GLIM
684B	VH-UVX	AVIN
684D	VH-UVZ	DH82
6858	VH-UWA	C172
6859	VH-UWB	P28A
685A	VH-UWC	C152
685B	VH-UWD	C172
685C	VH-UWE	RV6
685D	VH-UWF	RV7
685E	VH-UWG	RV6
685F	VH-UWH	GLIM
6860	VH-UWI	C172
6861	VH-UWJ	DHC2
6862	VH-UWK	DHC2
6863	VH-UWL	PC9
6864	VH-UWM	PA46
6865	VH-UWN	PTS1
6866	VH-UWO	P28A
6867	VH-UWP	GLID
6868	VH-UWQ	RV7
6869	VH-UWR	C150
686A	VH-UWS	C150
686B	VH-UWT	AS50
686C	VH-UWU	C182
686D	VH-UWV	B429
686E	VH-UWW	M20P
686F	VH-UWX	C150
6870	VH-UWY	BD4
687C	VH-UXA	R22
687D	VH-UXB	JAGR
687E	VH-UXC	DH87
687F	VH-UXD	DH82
6880	VH-UXE	HUNT
6881	VH-UXF	B350
6883	VH-UXH	R22
6887	VH-UXL	RELI
6888	VH-UXM	R22
688A	VH-UXO	PA25
688B	VH-UXP	BE17
688D	VH-UXR	R22
688E	VH-UXS	PROC
6890	VH-UXU	R66
6891	VH-UXV	BE35
6892	VH-UXW	R44
6893	VH-UXX	O1
6894	VH-UXY	DH87
6895	VH-UXZ	DH89
68A0	VH-UYA	R44
68A1	VH-UYB	E190
68A2	VH-UYC	E190
68A3	VH-UYD	WACC
68A4	VH-UYE	E190
68A5	VH-UYF	E190
68A6	VH-UYG	CMAS
68A7	VH-UYH	UH1
68A8	VH-UYI	E190
68A9	VH-UYJ	E190
68AA	VH-UYK	E190
68AB	VH-UYL	J2
68AC	VH-UYM	J2
68AD	VH-UYN	E190
68AE	VH-UYO	E190
68B0	VH-UYQ	DH82
68B1	VH-UYR	E190
68B2	VH-UYS	PA22
68B3	VH-UYT	J2
68B4	VH-UYU	E190
68B5	VH-UYV	AEST
68B6	VH-UYW	E190
68B7	VH-UYX	E55P
68B8	VH-UYY	E190
68B9	VH-UYZ	E190
68C4	VH-UZA	TRF1
68C5	VH-UZB	DH82
68C6	VH-UZC	C208
68C7	VH-UZD	E190
68C8	VH-UZE	C152
68C9	VH-UZF	E190
68CA	VH-UZG	SW4
68CB	VH-UZH	E190
68CC	VH-UZI	E190
68CD	VH-UZJ	C172
68CE	VH-UZK	E190
68CF	VH-UZL	C152
68D0	VH-UZM	C72R
68D1	VH-UZN	SW4
68D2	VH-UZO	BE58
68D3	VH-UZP	SW4
68D4	VH-UZQ	E190
68D5	VH-UZR	P28A
68D6	VH-UZS	SW4
68D7	VH-UZT	SR20
68D8	VH-UZU	CMAS
68D9	VH-UZV	DH82
68DA	VH-UZW	SW4
68DB	VH-UZX	C303
68DC	VH-UZY	C208
68DD	VH-UZZ	BOLT
6A50	VH-VAA	B412
6A51	VH-VAB	B412
6A52	VH-VAC	C206
6A53	VH-VAD	BE20
6A54	VH-VAE	BE20
6A55	VH-VAF	RV7
6A56	VH-VAG	RV8
6A57	VH-VAH	BE20
6A58	VH-VAI	BE20
6A59	VH-VAJ	R22
6A5A	VH-VAK	PA24
6A5B	VH-VAL	RV6
6A5C	VH-VAM	VAMP
6A5D	VH-VAN	RV7
6A5E	VH-VAO	B412
6A5F	VH-VAP	RV9
6A60	VH-VAQ	BE20
6A61	VH-VAR	EXEC
6A62	VH-VAS	B412
6A63	VH-VAT	PC12
6A64	VH-VAU	B412
6A65	VH-VAV	R44
6A66	VH-VAW	GLID
6A67	VH-VAX	C172
6A68	VH-VAY	RV7
6A74	VH-VBA	DHC4
6A75	VH-VBB	DHC4
6A76	VH-VBC	C182
6A77	VH-VBD	C337
6A79	VH-VBF	T18
6A7A	VH-VBG	CH80
6A7B	VH-VBH	R44
6A7C	VH-VBI	H269
6A7D	VH-VBJ	GLIM
6A7E	VH-VBK	PA44
6A7F	VH-VBL	MU2
6A81	VH-VBN	RV8
6A82	VH-VBO	BE35
6A83	VH-VBP	PTS1
6A84	VH-VBQ	AT8T
6A85	VH-VBR	R22
6A86	VH-VBS	BE35
6A87	VH-VBT	T28
6A88	VH-VBU	C208
6A89	VH-VBV	AT8T
6A8A	VH-VBW	RV6
6A8B	VH-VBX	B06
6A8C	VH-VBY	B737
6A8D	VH-VBZ	B737
6A98	VH-VCA	GLAS
6A99	VH-VCB	BK17
6A9A	VH-VCC	AS50
6A9B	VH-VCD	SR22
6A9C	VH-VCE	BE55
6A9D	VH-VCF	R200
6A9E	VH-VCG	RV6
6A9F	VH-VCH	R22
6AA0	VH-VCI	C152
6AA1	VH-VCJ	A319
6AA2	VH-VCK	C208
6AA3	VH-VCL	C182
6AA4	VH-VCM	GLIM
6AA7	VH-VCP	C182
6AA8	VH-VCQ	S1
6AA9	VH-VCR	DH82
6AAA	VH-VCS	GLID
6AAB	VH-VCT	BE36
6AAC	VH-VCU	B06
6AAD	VH-VCV	B407
6AAE	VH-VCW	C208
6AAF	VH-VCX	GLIM
6AB0	VH-VCY	C152
6AB1	VH-VCZ	AS50
6ABC	VH-VDA	PA44
6ABD	VH-VDB	BE36
6ABE	VH-VDC	JAB4
6ABF	VH-VDD	BE33
6AC0	VH-VDE	PA44
6AC1	VH-VDF	C550
6AC2	VH-VDG	RV9
6AC3	VH-VDH	M20P
6AC4	VH-VDI	PA44
6AC5	VH-VDJ	PA44
6AC6	VH-VDK	R44
6AC8	VH-VDM	RV10
6AC9	VH-VDN	P28A
6ACA	VH-VDO	AS50
6ACB	VH-VDP	C182
6ACC	VH-VDQ	P28A
6ACD	VH-VDR	SR20
6ACE	VH-VDS	C150
6ACF	VH-VDT	R44
6AD1	VH-VDV	RV12
6AD2	VH-VDW	RV6
6AD3	VH-VDX	P28A
6AD4	VH-VDY	RV7
6AD5	VH-VDZ	T206
6AE0	VH-VEA	SF34
6AE1	VH-VEB	SF34
6AE2	VH-VEC	SF34
6AE3	VH-VED	SF34
6AE4	VH-VEE	RV6
6AE5	VH-VEF	SF34
6AE7	VH-VEH	C441
6AE9	VH-VEJ	C441
6AEA	VH-VEK	SW4
6AEC	VH-VEM	SF34
6AED	VH-VEN	GLID
6AEE	VH-VEO	SF34
6AEF	VH-VEP	SF34
6AF0	VH-VEQ	SF34
6AF1	VH-VER	SF34
6AF2	VH-VES	C182
6AF3	VH-VET	SW4
6AF4	VH-VEU	SW4
6AF5	VH-VEV	R44
6AF6	VH-VEW	BE9L
6AF7	VH-VEX	GA8
6AF8	VH-VEY	C441
6AF9	VH-VEZ	SF34
6B04	VH-VFA	PA34
6B05	VH-VFB	RV14
6B06	VH-VFC	P28A
6B07	VH-VFD	A320
6B08	VH-VFE	RV9
6B09	VH-VFF	A320
6B0B	VH-VFH	A320
6B0C	VH-VFI	A320
6B0D	VH-VFJ	A320
6B0E	VH-VFK	A320
6B0F	VH-VFL	A320
6B10	VH-VFM	T6
6B12	VH-VFO	A320
6B13	VH-VFP	A320
6B14	VH-VFQ	A320
6B15	VH-VFR	C150
6B16	VH-VFS	RV7
6B17	VH-VFT	A320
6B18	VH-VFU	A320
6B19	VH-VFV	A320
6B1B	VH-VFX	A320
6B1C	VH-VFY	A320
6B1D	VH-VFZ	B06
6B28	VH-VGA	A320
6B29	VH-VGB	RV7
6B2A	VH-VGC	C172
6B2B	VH-VGD	A320
6B2C	VH-VGE	J3
6B2D	VH-VGF	A320
6B2E	VH-VGG	SR22
6B2F	VH-VGH	A320
6B30	VH-VGI	A320
6B31	VH-VGJ	A320
6B32	VH-VGK	R22
6B33	VH-VGL	AP22
6B35	VH-VGN	A320
6B36	VH-VGO	A320
6B37	VH-VGP	A320
6B38	VH-VGQ	A320
6B39	VH-VGR	A320
6B3A	VH-VGS	PTS1
6B3B	VH-VGT	A320
6B3C	VH-VGU	A320
6B3D	VH-VGV	A320
6B3E	VH-VGW	C180
6B3F	VH-VGX	GLEX
6B40	VH-VGY	A320
6B41	VH-VGZ	A320
6B4C	VH-VHA	C212
6B4D	VH-VHB	C212
6B4E	VH-VHC	B06
6B4F	VH-VHD	A319
6B50	VH-VHE	R22
6B51	VH-VHF	RV7
6B52	VH-VHG	R44
6B53	VH-VHH	R44
6B54	VH-VHI	GLID
6B55	VH-VHJ	S22T
6B56	VH-VHK	B105
6B57	VH-VHL	B06
6B58	VH-VHM	B06
6B59	VH-VHN	R44
6B5A	VH-VHO	BE55
6B5B	VH-VHP	A319
6B5C	VH-VHQ	R22
6B5D	VH-VHR	R44
6B5E	VH-VHS	C182
6B5F	VH-VHT	C404
6B60	VH-VHU	B407
6B61	VH-VHV	YK52
6B62	VH-VHW	C182
6B63	VH-VHX	RV10
6B64	VH-VHY	R22
6B65	VH-VHZ	G2CA
6B70	VH-VIA	SR22
6B71	VH-VIB	ULTS
6B72	VH-VIC	R44
6B73	VH-VID	C402
6B74	VH-VIE	LNC4
6B76	VH-VIG	C210
6B77	VH-VIH	H269
6B78	VH-VII	RV7
6B79	VH-VIJ	RV3
6B7A	VH-VIK	AP32
6B7B	VH-VIL	RV6
6B7C	VH-VIM	AS50
6B7E	VH-VIO	RV10
6B7F	VH-VIP	ST75
6B80	VH-VIQ	P28A
6B81	VH-VIR	JSX
6B82	VH-VIS	R22
6B83	VH-VIT	R22
6B84	VH-VIU	C182
6B85	VH-VIV	LEG2
6B87	VH-VIX	RV9
6B88	VH-VIY	S22T
6B89	VH-VIZ	ACAM
6B94	VH-VJA	P28A
6B95	VH-VJB	EC35
6B96	VH-VJC	AEST
6B97	VH-VJD	B412
6B98	VH-VJE	D228
6B99	VH-VJF	B412
6B9A	VH-VJG	B06
6B9B	VH-VJH	SR20
6B9C	VH-VJI	B06
6B9D	VH-VJJ	D228
6B9E	VH-VJK	DA42
6B9F	VH-VJL	C441
6BA0	VH-VJM	R66
6BA1	VH-VJN	D228
6BA2	VH-VJO	C560
6BA3	VH-VJP	B06
6BA4	VH-VJQ	DA42
6BA5	VH-VJR	C182
6BA7	VH-VJT	C560
6BA8	VH-VJU	BE20
6BA9	VH-VJV	SLG4
6BAA	VH-VJW	BE20
6BAB	VH-VJX	BE20
6BAC	VH-VJY	BE20
6BAD	VH-VJZ	BE20
6BB8	VH-VKA	B788
6BB9	VH-VKB	B788
6BBA	VH-VKC	GLID
6BBB	VH-VKD	B788
6BBC	VH-VKE	B788
6BBD	VH-VKF	B788
6BBE	VH-VKG	B788
6BBF	VH-VKH	B788
6BC0	VH-VKI	B788
6BC1	VH-VKJ	B788
6BC2	VH-VKK	B788
6BC3	VH-VKL	B788
6BC4	VH-VKM	R44
6BC5	VH-VKN	C206
6BC6	VH-VKO	RS21
6BC7	VH-VKP	LNCE
6BC9	VH-VKR	G109
6BCA	VH-VKS	P208
6BCB	VH-VKT	P208
6BCC	VH-VKU	P208
6BCD	VH-VKV	PA32
6BCE	VH-VKW	RBEL
6BCF	VH-VKX	E55P
6BD0	VH-VKY	RV7
6BD1	VH-VKZ	SR22
6BDC	VH-VLA	C208
6BDE	VH-VLC	R44
6BDF	VH-VLD	C195
6BE0	VH-VLE	C182
6BE1	VH-VLF	BOLT
6BE2	VH-VLG	P28R
6BE3	VH-VLH	SR22
6BE5	VH-VLJ	LJ35
6BE6	VH-VLK	R22
6BE7	VH-VLL	P28U
6BE8	VH-VLM	R22
6BE9	VH-VLN	EAGX
6BEA	VH-VLO	RF10
6BEB	VH-VLP	R44
6BEC	VH-VLQ	PC12
6BED	VH-VLR	R44
6BEE	VH-VLS	C210
6BEF	VH-VLT	E35L
6BF0	VH-VLU	AS50
6BF1	VH-VLV	BE36
6BF2	VH-VLW	BE58
6BF3	VH-VLX	R66
6BF4	VH-VLY	RV8
6BF5	VH-VLZ	CL60
6C00	VH-VMA	C182
6C01	VH-VMB	M20P
6C02	VH-VMC	RV8
6C03	VH-VMD	RV7
6C04	VH-VME	P68
6C05	VH-VMF	GLID
6C06	VH-VMG	PZ04
6C07	VH-VMH	C172
6C08	VH-VMI	YK52
6C09	VH-VMJ	R44
6C0A	VH-VMK	C82S
6C0B	VH-VML	C172
6C0C	VH-VMM	C172
6C0D	VH-VMN	C206
6C0E	VH-VMO	CC11
6C0F	VH-VMP	AP22
6C10	VH-VMQ	M20P
6C11	VH-VMR	C182
6C12	VH-VMS	CH7B
6C13	VH-VMT	C177
6C14	VH-VMU	GA8
6C15	VH-VMV	P68
6C17	VH-VMX	DA42
6C18	VH-VMY	C172
6C19	VH-VMZ	GLIM
6C24	VH-VNA	SF34
6C25	VH-VNB	A320
6C26	VH-VNC	R22
6C27	VH-VND	A320
6C28	VH-VNE	RV6
6C29	VH-VNF	A320
6C2A	VH-VNG	EC30
6C2B	VH-VNH	A320
6C2C	VH-VNI	B26
6C2D	VH-VNJ	A320
6C2E	VH-VNK	GLIM
6C2F	VH-VNL	GLIM
6C30	VH-VNM	RV7
6C31	VH-VNN	RV9
6C32	VH-VNO	RV4
6C33	VH-VNP	A320
6C34	VH-VNQ	TWEN
6C35	VH-VNR	A320
6C36	VH-VNS	RV6
6C37	VH-VNT	R22
6C38	VH-VNU	R44
6C39	VH-VNV	P212
6C3A	VH-VNW	C185
6C3B	VH-VNX	DA42
6C3D	VH-VNZ	RV7
6C48	VH-VOA	C404
6C49	VH-VOB	JSX
6C4B	VH-VOD	L39
6C4C	VH-VOE	C404
6C4D	VH-VOF	C525
6C4E	VH-VOG	GLIM
6C4F	VH-VOH	B06
6C50	VH-VOI	OSCR
6C51	VH-VOJ	GLIM
6C52	VH-VOK	B738
6C53	VH-VOL	B738
6C54	VH-VOM	SR22
6C55	VH-VON	B738
6C56	VH-VOO	B738
6C57	VH-VOP	GLIM
6C58	VH-VOQ	BE20
6C59	VH-VOR	SLG4
6C5A	VH-VOS	CH75
6C5B	VH-VOT	B407
6C5C	VH-VOU	P28A
6C5D	VH-VOV	R44
6C5F	VH-VOX	AS50
6C6C	VH-VPA	RV8
6C6D	VH-VPB	GLIM
6C6E	VH-VPC	BN2P
6C6F	VH-VPD	R66
6C70	VH-VPE	B407
6C71	VH-VPF	P28R
6C72	VH-VPG	GLIM
6C73	VH-VPH	B773
6C75	VH-VPJ	AT76
6C76	VH-VPK	SR20
6C77	VH-VPL	C441
6C78	VH-VPM	C25A
6C79	VH-VPN	P28A
6C7A	VH-VPO	P28A
6C7B	VH-VPP	C172
6C7C	VH-VPQ	B350
6C7D	VH-VPR	CJ6
6C7E	VH-VPS	R22
6C7F	VH-VPT	FOX
6C80	VH-VPU	P28A
6C81	VH-VPV	BE35
6C82	VH-VPW	BL8
6C83	VH-VPX	B350
6C84	VH-VPY	C421
6C85	VH-VPZ	SR22
6C90	VH-VQA	A320
6C91	VH-VQB	B412
6C92	VH-VQC	A320
6C93	VH-VQD	BE20
6C94	VH-VQE	A320
6C95	VH-VQF	A320
6C96	VH-VQG	A320
6C97	VH-VQH	A320
6C99	VH-VQJ	A320
6C9A	VH-VQK	A320
6C9B	VH-VQL	A320
6C9C	VH-VQM	A320
6C9D	VH-VQN	GLEX
6C9E	VH-VQO	R22
6C9F	VH-VQP	A320
6CA0	VH-VQQ	A320
6CA1	VH-VQR	A320
6CA2	VH-VQS	A320
6CA4	VH-VQU	A320
6CA5	VH-VQV	R22
6CA6	VH-VQW	A320
6CA7	VH-VQX	EC45
6CA8	VH-VQY	EC45
6CA9	VH-VQZ	A320
6CB5	VH-VRB	SKIM
6CB6	VH-VRC	UH1
6CB7	VH-VRD	EC30
6CB8	VH-VRE	RV7
6CB9	VH-VRF	RV7
6CBA	VH-VRG	DIMO
6CBB	VH-VRH	RV9
6CBC	VH-VRI	P68
6CBD	VH-VRJ	M20P
6CBE	VH-VRK	R66
6CBF	VH-VRL	R44
6CC0	VH-VRM	B06
6CC1	VH-VRN	R66
6CC2	VH-VRO	RV7
6CC3	VH-VRP	BK17
6CC4	VH-VRQ	BK17
6CC5	VH-VRR	RV6
6CC7	VH-VRT	TOUR
6CC8	VH-VRU	RV10
6CC9	VH-VRV	RV8
6CCA	VH-VRW	R22
6CCB	VH-VRX	RV10
6CCC	VH-VRY	GLST
6CCD	VH-VRZ	GLID
6CD8	VH-VSA	BE58
6CD9	VH-VSB	B505
6CDA	VH-VSC	C172
6CDB	VH-VSD	C172
6CDC	VH-VSE	C172
6CDD	VH-VSF	SASP
6CDE	VH-VSG	RV9
6CDF	VH-VSH	C172
6CE0	VH-VSI	JAB4
6CE1	VH-VSJ	C172
6CE2	VH-VSK	GLEX
6CE3	VH-VSL	GLID
6CE4	VH-VSM	R22
6CE5	VH-VSN	PA32
6CE6	VH-VSO	B190
6CE7	VH-VSP	C172
6CE8	VH-VSQ	C510
6CE9	VH-VSR	RV7
6CEA	VH-VSS	PA34
6CEB	VH-VST	RV6
6CEC	VH-VSU	R66
6CED	VH-VSV	TBM7
6CEE	VH-VSW	RV8
6CEF	VH-VSX	SR20
6CF1	VH-VSZ	CL60
6CFC	VH-VTA	C172
6CFD	VH-VTB	B505
6CFE	VH-VTC	M20P
6CFF	VH-VTD	C172
6D00	VH-VTE	C172
6D01	VH-VTF	PC12
6D02	VH-VTG	CL60
6D03	VH-VTH	C172
6D04	VH-VTI	GLID
6D05	VH-VTJ	C172
6D06	VH-VTK	C172
6D07	VH-VTL	RV7
6D08	VH-VTM	GLID
6D09	VH-VTN	AS50
6D0A	VH-VTO	B06
6D0B	VH-VTP	GLID
6D0C	VH-VTQ	BE20
6D0D	VH-VTR	PA31
6D0F	VH-VTT	GLIM
6D10	VH-VTU	B06
6D13	VH-VTX	R44
6D14	VH-VTY	AS50
6D15	VH-VTZ	RV7
6D24	VH-VUE	B738
6D26	VH-VUG	B738
6D27	VH-VUH	B738
6D28	VH-VUI	B738
6D29	VH-VUJ	B738
6D2A	VH-VUK	B738
6D2B	VH-VUL	B738
6D2E	VH-VUO	B738
6D2F	VH-VUP	B738
6D30	VH-VUQ	B738
6D31	VH-VUR	B738
6D32	VH-VUS	B738
6D33	VH-VUT	B738
6D36	VH-VUW	B738
6D37	VH-VUX	B738
6D38	VH-VUY	B738
6D39	VH-VUZ	B738
6D44	VH-VVA	M20P
6D45	VH-VVB	BE9L
6D46	VH-VVC	RV6
6D47	VH-VVD	RV10
6D48	VH-VVE	C152
6D49	VH-VVF	RV7
6D4A	VH-VVG	M5
6D4B	VH-VVH	CA25
6D4C	VH-VVI	LJ45
6D4D	VH-VVJ	CL60
6D4E	VH-VVK	C340
6D4F	VH-VVL	BE36
6D50	VH-VVM	RV7
6D51	VH-VVN	R66
6D52	VH-VVO	C172
6D53	VH-VVP	C172
6D54	VH-VVQ	C150
6D55	VH-VVR	RV4
6D56	VH-VVS	YK52
6D57	VH-VVT	T210
6D58	VH-VVU	R66
6D59	VH-VVV	M20P
6D5A	VH-VVW	R44
6D5C	VH-VVY	R66
6D5D	VH-VVZ	TOUR
6D68	VH-VWA	AS50
6D69	VH-VWB	PA32
6D6B	VH-VWD	SLG4
6D6C	VH-VWE	C152
6D6D	VH-VWF	M18
6D6E	VH-VWG	BE9L
6D6F	VH-VWH	AS50
6D70	VH-VWI	RV9
6D71	VH-VWJ	R44
6D72	VH-VWK	DA42
6D73	VH-VWL	R44
6D74	VH-VWM	RV7
6D75	VH-VWN	A321
6D76	VH-VWO	PC24
6D77	VH-VWP	GLIM
6D78	VH-VWQ	A321
6D79	VH-VWR	GLID
6D7A	VH-VWS	SONX
6D7B	VH-VWT	A321
6D7C	VH-VWU	A321
6D7D	VH-VWV	GLID
6D7E	VH-VWW	A321
6D7F	VH-VWX	A321
6D80	VH-VWY	SLG4
6D81	VH-VWZ	VIPJ
6D8C	VH-VXA	B738
6D8D	VH-VXB	B738
6D8E	VH-VXC	B738
6D8F	VH-VXD	B738
6D90	VH-VXE	B738
6D91	VH-VXF	B738
6D92	VH-VXG	B738
6D93	VH-VXH	B738
6D94	VH-VXI	B738
6D95	VH-VXJ	B738
6D96	VH-VXK	B738
6D97	VH-VXL	B738
6D98	VH-VXM	B738
6D99	VH-VXN	B738
6D9A	VH-VXO	B738
6D9B	VH-VXP	B738
6D9C	VH-VXQ	B738
6D9D	VH-VXR	B738
6D9E	VH-VXS	B738
6D9F	VH-VXT	B738
6DA0	VH-VXU	B738
6DB0	VH-VYA	B738
6DB1	VH-VYB	B738
6DB2	VH-VYC	B738
6DB3	VH-VYD	B738
6DB4	VH-VYE	B738
6DB5	VH-VYF	B738
6DB6	VH-VYG	B738
6DB7	VH-VYH	B738
6DB8	VH-VYI	B738
6DB9	VH-VYJ	B738
6DBA	VH-VYK	B738
6DBB	VH-VYL	B738
6DC0	VH-CPO	UH1
6DC9	VH-VYZ	B738
6DD4	VH-VZA	B738
6DD5	VH-VZB	B738
6DD6	VH-VZC	B738
6DD7	VH-VZD	B738
6DD8	VH-VZE	B738
6DD9	VH-VZF	B738
6DDA	VH-VZG	B738
6DDB	VH-VZH	B738
6DDC	VH-VZI	B738
6DDD	VH-VZJ	B738
6DDE	VH-VZK	B738
6DDF	VH-VZL	B738
6DE0	VH-VZM	B738
6DE2	VH-VZO	B738
6DE3	VH-VZP	B738
6DE4	VH-VZQ	B738
6DE5	VH-VZR	B738
6DE6	VH-VZS	B738
6DE7	VH-VZT	B738
6DE8	VH-VZU	B738
6DE9	VH-VZV	B738
6DEA	VH-VZW	B738
6DEB	VH-VZX	B738
6DEC	VH-VZY	B738
6DED	VH-VZZ	B738
6F60	VH-WAA	C180
6F61	VH-WAB	R22
6F62	VH-WAC	C152
6F63	VH-WAD	PA31
6F64	VH-WAE	P28B
6F65	VH-WAF	P28A
6F66	VH-WAG	M7
6F67	VH-WAH	BK17
6F68	VH-WAI	SW4
6F69	VH-WAJ	SW4
6F6A	VH-WAK	AA5
6F6B	VH-WAL	C150
6F6C	VH-WAM	AC50
6F6D	VH-WAN	SS2P
6F6E	VH-WAO	P28A
6F6F	VH-WAP	DH82
6F70	VH-WAQ	C172
6F71	VH-WAR	R44
6F72	VH-WAS	M18
6F73	VH-WAT	R22
6F74	VH-WAU	TOUR
6F75	VH-WAV	C206
6F76	VH-WAW	P28A
6F77	VH-WAX	SW4
6F78	VH-WAY	C207
6F79	VH-WAZ	J1
6F84	VH-WBA	SW4
6F85	VH-WBB	C175
6F86	VH-WBC	C82R
6F87	VH-WBD	PA38
6F88	VH-WBE	SS2T
6F89	VH-WBF	P28A
6F8A	VH-WBG	P28A
6F8B	VH-WBH	M20P
6F8D	VH-WBJ	P28A
6F8E	VH-WBK	SS2T
6F8F	VH-WBL	D11
6F90	VH-WBM	P28B
6F91	VH-WBN	PA25
6F92	VH-WBO	BE36
6F93	VH-WBP	BE36
6F94	VH-WBQ	SW4
6F95	VH-WBR	E110
6F96	VH-WBS	M18
6F97	VH-WBT	C188
6F98	VH-WBU	C188
6F99	VH-WBV	SS2T
6F9A	VH-WBW	SS2P
6F9B	VH-WBX	C172
6F9C	VH-WBY	R22
6F9D	VH-WBZ	C210
6FA8	VH-WCA	P28A
6FA9	VH-WCB	C182
6FAA	VH-WCC	C182
6FAC	VH-WCE	SONX
6FAD	VH-WCF	B06
6FAE	VH-WCG	B06
6FAF	VH-WCH	C150
6FB0	VH-WCI	C172
6FB1	VH-WCJ	SLG4
6FB2	VH-WCK	R44
6FB3	VH-WCL	ACAR
6FB4	VH-WCM	C175
6FB5	VH-WCN	PA32
6FB6	VH-WCO	SASP
6FB7	VH-WCP	C210
6FB8	VH-WCQ	R22
6FB9	VH-WCR	DHC1
6FBA	VH-WCS	B06
6FBB	VH-WCT	CT4
6FBC	VH-WCU	B06
6FBD	VH-WCV	C180
6FBE	VH-WCW	G109
6FBF	VH-WCX	R44
6FC0	VH-WCY	C172
6FC1	VH-WCZ	P28A
6FCC	VH-WDA	C172
6FCD	VH-WDB	R44
6FCE	VH-WDC	C182
6FCF	VH-WDD	SS2T
6FD0	VH-WDE	C208
6FD1	VH-WDF	C310
6FD2	VH-WDG	AT8T
6FD4	VH-WDI	R44
6FD5	VH-WDJ	AA5
6FD6	VH-WDK	M20P
6FD7	VH-WDL	R22
6FD8	VH-WDM	P28R
6FD9	VH-WDN	BE36
6FDA	VH-WDO	RV7
6FDB	VH-WDP	PA34
6FDC	VH-WDQ	RV4
6FDD	VH-WDR	R44
6FDE	VH-WDS	AS50
6FDF	VH-WDT	C182
6FE0	VH-WDU	P28A
6FE1	VH-WDV	BE36
6FE2	VH-WDW	BE36
6FE3	VH-WDX	C82R
6FE5	VH-WDZ	C206
6FF0	VH-WEA	W201
6FF1	VH-WEB	AS50
6FF2	VH-WEC	BE76
6FF3	VH-WED	ACAR
6FF4	VH-WEE	SR22
6FF5	VH-WEF	SV4
6FF6	VH-WEG	M7
6FF7	VH-WEH	C182
6FF8	VH-WEI	BE24
6FF9	VH-WEJ	A139
6FFA	VH-WEK	A139
6FFB	VH-WEL	PA22
6FFC	VH-WEM	DH82
6FFD	VH-WEN	C206
6FFF	VH-WEP	R22
7001	VH-WER	PA22
7002	VH-WES	P28A
7003	VH-WET	RS21
7004	VH-WEU	BE76
7005	VH-WEV	A189
7006	VH-WEW	C182
7007	VH-WEX	A189
7009	VH-WEZ	LGEZ
7014	VH-WFA	AC11
7015	VH-WFB	J1
7016	VH-WFC	CH7B
7017	VH-WFD	SR22
7018	VH-WFE	BE58
701A	VH-WFG	PA22
701B	VH-WFH	DHC1
701C	VH-WFI	C152
701D	VH-WFJ	JAB4
701F	VH-WFL	ST75
7020	VH-WFM	AUS6
7021	VH-WFN	DH82
7022	VH-WFO	C172
7023	VH-WFP	H269
7024	VH-WFQ	C152
7025	VH-WFR	C82R
7026	VH-WFS	P28A
7027	VH-WFT	R22
7028	VH-WFU	C172
702A	VH-WFW	DH82
702B	VH-WFX	E300
702C	VH-WFY	L39
702D	VH-WFZ	C180
7038	VH-WGA	BE35
7039	VH-WGB	EVOT
703A	VH-WGC	PA25
703B	VH-WGD	C180
703C	VH-WGE	C180
703D	VH-WGF	PA31
703E	VH-WGG	C210
703F	VH-WGH	C82S
7040	VH-WGI	DHC1
7041	VH-WGJ	SSTL
7042	VH-WGK	R44
7043	VH-WGL	C172
7044	VH-WGM	PA32
7045	VH-WGN	C180
7046	VH-WGO	R44
7047	VH-WGP	C206
7048	VH-WGQ	GLID
7049	VH-WGR	R44
704A	VH-WGS	C404
704B	VH-WGT	RV7
704C	VH-WGU	BE58
704D	VH-WGV	R22
704E	VH-WGW	C172
704F	VH-WGX	R22
7050	VH-WGY	R22
7051	VH-WGZ	C172
705C	VH-WHA	P28A
705D	VH-WHB	C172
705E	VH-WHC	RV4
705F	VH-WHD	EC30
7060	VH-WHE	PA31
7061	VH-WHF	T6
7062	VH-WHG	P32R
7063	VH-WHH	R44
7064	VH-WHI	C208
7066	VH-WHK	C172
7067	VH-WHL	C172
7069	VH-WHN	CH7B
706A	VH-WHO	TOUR
706B	VH-WHP	AS50
706C	VH-WHQ	R22
706D	VH-WHR	M18
706F	VH-WHT	PA22
7070	VH-WHU	R66
7071	VH-WHV	PA44
7072	VH-WHW	AS50
7073	VH-WHX	R22
7074	VH-WHY	AT8T
7075	VH-WHZ	RV7
7080	VH-WIA	P28A
7082	VH-WIC	C182
7083	VH-WID	SR22
7085	VH-WIF	RV4
7086	VH-WIG	C182
7087	VH-WIH	C152
7089	VH-WIJ	CA25
708A	VH-WIK	FE51
708B	VH-WIL	P28A
708C	VH-WIM	YK52
708D	VH-WIN	P28R
708E	VH-WIO	F2TH
708F	VH-WIP	C182
7090	VH-WIQ	TAIL
7091	VH-WIR	WIRR
7092	VH-WIS	GLIM
7093	VH-WIT	C180
7094	VH-WIU	CA25
7095	VH-WIV	P32R
7096	VH-WIW	SREY
7097	VH-WIX	P32R
7098	VH-WIY	R44
7099	VH-WIZ	R44
70A4	VH-WJA	PC12
70A5	VH-WJB	SR22
70A6	VH-WJC	C402
70A7	VH-WJD	PA30
70A8	VH-WJE	CA25
70A9	VH-WJF	P28R
70AA	VH-WJG	P28R
70AC	VH-WJI	DA42
70AD	VH-WJJ	RV6
70AE	VH-WJK	R22
70AF	VH-WJL	C150
70B0	VH-WJM	P28A
70B1	VH-WJN	P28B
70B2	VH-WJO	P28R
70B3	VH-WJP	PA30
70B5	VH-WJR	C188
70B6	VH-WJS	P28A
70B7	VH-WJT	CH25
70B8	VH-WJU	PA27
70B9	VH-WJV	P28T
70BA	VH-WJW	SLG4
70BB	VH-WJX	PA38
70BC	VH-WJY	EC30
70BD	VH-WJZ	P28A
70C8	VH-WKA	R66
70C9	VH-WKB	C172
70CA	VH-WKC	CH7B
70CB	VH-WKD	B06
70CC	VH-WKE	P28A
70CD	VH-WKF	R22
70CE	VH-WKG	P32T
70CF	VH-WKH	CRER
70D0	VH-WKI	GLID
70D1	VH-WKJ	P28B
70D2	VH-WKK	C182
70D3	VH-WKL	C172
70D4	VH-WKM	CH7B
70D6	VH-WKO	YK52
70D7	VH-WKP	SSTL
70D8	VH-WKQ	BE36
70D9	VH-WKR	GLID
70DA	VH-WKS	MUS2
70DC	VH-WKU	RV12
70DD	VH-WKV	T18
70DE	VH-WKW	C172
70DF	VH-WKX	R22
70E0	VH-WKY	AIGT
70E1	VH-WKZ	R22
70EC	VH-WLA	C152
70ED	VH-WLB	J1
70EE	VH-WLC	BE58
70EF	VH-WLD	HRNT
70F0	VH-WLE	R44
70F2	VH-WLG	C172
70F4	VH-WLI	R22
70F5	VH-WLJ	PA22
70F6	VH-WLK	TOUR
70F7	VH-WLL	P28A
70F8	VH-WLM	H500
70F9	VH-WLN	C182
70FA	VH-WLO	WHIL
70FB	VH-WLP	R22
70FC	VH-WLQ	C182
70FD	VH-WLR	C182
70FE	VH-WLS	P32R
70FF	VH-WLT	C172
7100	VH-WLU	C172
7101	VH-WLV	R44
7102	VH-WLW	C185
7103	VH-WLX	C182
7104	VH-WLY	C172
7105	VH-WLZ	C182
7110	VH-WMA	BE36
7111	VH-WMB	BE58
7112	VH-WMC	C172
7113	VH-WMD	CA25
7114	VH-WME	P46T
7116	VH-WMG	P28A
7117	VH-WMH	C172
7118	VH-WMI	BE23
7119	VH-WMJ	P28R
711A	VH-WMK	CA25
711B	VH-WML	C182
711C	VH-WMM	AC11
711D	VH-WMN	CA25
711E	VH-WMO	P32R
711F	VH-WMP	C210
7121	VH-WMR	P28A
7122	VH-WMS	R44
7123	VH-WMT	C182
7124	VH-WMU	P28R
7125	VH-WMV	RV6
7126	VH-WMW	AS50
7127	VH-WMX	MXS
7128	VH-WMY	C525
7129	VH-WMZ	BE55
7136	VH-WNC	PA31
7139	VH-WNF	C172
713A	VH-WNG	C172
713B	VH-WNH	R22
713D	VH-WNJ	C182
713E	VH-WNK	C210
713F	VH-WNL	C180
7140	VH-WNM	C177
7141	VH-WNN	SS2T
7142	VH-WNO	C172
7143	VH-WNP	M20T
7144	VH-WNQ	C172
7145	VH-WNR	C182
7146	VH-WNS	C150
7147	VH-WNT	EXEC
7148	VH-WNU	C150
714A	VH-WNW	C172
714C	VH-WNY	M20P
7158	VH-WOA	CJ6
7159	VH-WOB	RV7
715A	VH-WOC	UH1
715B	VH-WOD	R44
715C	VH-WOE	A139
715D	VH-WOF	HUSK
715F	VH-WOH	R44
7160	VH-WOI	P28R
7161	VH-WOJ	C172
7162	VH-WOK	AS50
7164	VH-WOM	C172
7165	VH-WON	C182
7166	VH-WOO	PA18
7167	VH-WOP	AS50
7168	VH-WOQ	PTMS
716A	VH-WOS	GA8
716B	VH-WOT	C207
716C	VH-WOU	C207
716D	VH-WOV	PA22
716E	VH-WOW	C172
716F	VH-WOX	C207
7170	VH-WOY	C207
717C	VH-WPA	C182
717D	VH-WPB	P28A
717E	VH-WPC	T206
717F	VH-WPD	NG5
7180	VH-WPE	PC12
7181	VH-WPF	PC24
7182	VH-WPG	C182
7183	VH-WPH	PC12
7184	VH-WPI	C172
7186	VH-WPK	PA25
7187	VH-WPL	C172
7188	VH-WPM	AA5
7189	VH-WPN	C206
718A	VH-WPO	DHC1
718B	VH-WPP	GLIM
718C	VH-WPQ	PC12
718D	VH-WPR	C182
718E	VH-WPS	PA25
718F	VH-WPT	GLIM
7190	VH-WPU	AA5
7191	VH-WPV	AA5
7192	VH-WPW	POLI
7193	VH-WPX	R66
7194	VH-WPY	PC12
7195	VH-WPZ	AA5
71A0	VH-WQA	BN2P
71A1	VH-WQB	GLID
71A2	VH-WQC	GLID
71A3	VH-WQD	GLID
71A4	VH-WQE	BE58
71A5	VH-WQF	GLID
71A6	VH-WQG	GLID
71A7	VH-WQH	GLID
71A8	VH-WQI	GLID
71A9	VH-WQJ	GLID
71AA	VH-WQK	GLID
71AB	VH-WQL	GLID
71AC	VH-WQM	GLID
71AD	VH-WQN	GLID
71AE	VH-WQO	R66
71AF	VH-WQP	GLID
71B0	VH-WQQ	GLID
71B1	VH-WQR	GLID
71B2	VH-WQS	GLID
71B3	VH-WQT	GLID
71B4	VH-WQU	GLID
71B5	VH-WQV	GLID
71B6	VH-WQW	G2T1
71B7	VH-WQX	GLID
71B9	VH-WQZ	GLID
71C4	VH-WRA	GA8
71C5	VH-WRB	J1
71C6	VH-WRC	P28A
71C7	VH-WRD	C210
71C8	VH-WRE	C172
71C9	VH-WRF	R44
71CA	VH-WRG	AC50
71CC	VH-WRI	P28U
71CD	VH-WRJ	P28A
71CE	VH-WRK	C72R
71CF	VH-WRL	DH82
71D0	VH-WRM	NAVI
71D1	VH-WRN	C172
71D2	VH-WRO	C182
71D3	VH-WRP	C172
71D4	VH-WRQ	C152
71D5	VH-WRR	R44
71D6	VH-WRS	C172
71D7	VH-WRT	BE58
71D8	VH-WRU	GA8
71D9	VH-WRV	RV7
71DA	VH-WRW	C182
71DC	VH-WRY	C172
71DD	VH-WRZ	C182
71E8	VH-WSA	C172
71E9	VH-WSB	GA8
71EA	VH-WSC	C172
71EB	VH-WSD	C180
71EC	VH-WSE	C77R
71ED	VH-WSF	BE58
71EE	VH-WSG	C182
71EF	VH-WSH	P28A
71F0	VH-WSI	P28A
71F1	VH-WSJ	T18
71F2	VH-WSK	C210
71F3	VH-WSL	R44
71F4	VH-WSM	GA8
71F5	VH-WSN	R44
71F6	VH-WSO	R44
71F7	VH-WSP	C172
71F8	VH-WSQ	C210
71F9	VH-WSR	R44
71FA	VH-WSS	GLIM
71FB	VH-WST	GA20
71FC	VH-WSU	GA8
71FD	VH-WSV	C152
71FE	VH-WSW	BE55
71FF	VH-WSX	P32R
7200	VH-WSY	C82R
7201	VH-WSZ	R22
720C	VH-WTA	M20P
720D	VH-WTB	M20P
720E	VH-WTC	M20P
720F	VH-WTD	C182
7210	VH-WTE	C172
7212	VH-WTG	R44
7213	VH-WTH	C182
7214	VH-WTI	C182
7215	VH-WTJ	AT8T
7216	VH-WTK	R22
7217	VH-WTL	C172
7219	VH-WTN	M20P
721A	VH-WTO	C182
721B	VH-WTP	C182
721C	VH-WTQ	C172
721D	VH-WTR	C182
721E	VH-WTS	AS50
721F	VH-WTT	R44
7220	VH-WTU	C172
7221	VH-WTV	C182
7222	VH-WTW	BE36
7223	VH-WTX	C210
7224	VH-WTY	C208
7225	VH-WTZ	JAB4
7230	VH-WUA	GLID
7231	VH-WUB	P28A
7232	VH-WUC	GLID
7233	VH-WUD	GLID
7234	VH-WUE	GLID
7235	VH-WUF	GLID
7236	VH-WUG	GLID
7237	VH-WUH	GLID
7238	VH-WUI	GLID
7239	VH-WUJ	C182
723A	VH-WUK	GLID
723B	VH-WUL	GLID
723C	VH-WUM	GLID
723D	VH-WUN	GLID
723E	VH-WUO	GLID
723F	VH-WUP	GLID
7241	VH-WUR	GLID
7242	VH-WUS	GLID
7243	VH-WUT	MONI
7244	VH-WUU	GLID
7245	VH-WUV	GLID
7247	VH-WUX	GLID
7248	VH-WUY	GLID
7249	VH-WUZ	GLID
7254	VH-WVA	GLID
7255	VH-WVB	C172
7256	VH-WVC	GLID
7257	VH-WVD	SLG4
7258	VH-WVE	GLID
7259	VH-WVF	GLID
725A	VH-WVG	GLID
725B	VH-WVH	GLID
725D	VH-WVJ	GLID
725E	VH-WVK	GLID
725F	VH-WVL	PA30
7260	VH-WVM	GLID
7261	VH-WVN	GLID
7262	VH-WVO	GLID
7263	VH-WVP	GLID
7265	VH-WVR	GLID
7266	VH-WVS	GLID
7267	VH-WVT	BE36
7268	VH-WVU	C182
7269	VH-WVV	EC30
726A	VH-WVW	R22
726B	VH-WVX	GLID
726C	VH-WVY	R44
726D	VH-WVZ	GLID
7278	VH-WWA	T6
7279	VH-WWB	C82R
727A	VH-WWC	C337
727B	VH-WWD	C152
727C	VH-WWE	RANG
727D	VH-WWF	FW90
727E	VH-WWG	J1
727F	VH-WWH	C172
7280	VH-WWI	P28R
7281	VH-WWJ	C172
7282	VH-WWK	BE35
7283	VH-WWL	C172
7284	VH-WWM	C152
7285	VH-WWN	R22
7286	VH-WWO	C150
7287	VH-WWP	C150
7288	VH-WWQ	C150
7289	VH-WWR	C150
728A	VH-WWS	C150
728C	VH-WWU	C150
728D	VH-WWV	C150
728E	VH-WWW	TOBA
728F	VH-WWX	C150
7290	VH-WWY	WIRR
7291	VH-WWZ	AT5T
729C	VH-WXA	C172
729D	VH-WXB	BE20
729E	VH-WXC	C172
729F	VH-WXD	C182
72A0	VH-WXE	AT5T
72A1	VH-WXF	AT8T
72A2	VH-WXG	BE36
72A3	VH-WXH	AT8T
72A4	VH-WXI	C172
72A5	VH-WXJ	C206
72A7	VH-WXL	C206
72A8	VH-WXM	C182
72A9	VH-WXN	BE20
72AA	VH-WXO	BE20
72AB	VH-WXP	R44
72AC	VH-WXQ	C182
72AD	VH-WXR	C150
72AE	VH-WXS	C150
72AF	VH-WXT	C150
72B0	VH-WXU	C172
72B1	VH-WXV	C172
72B2	VH-WXW	C172
72B3	VH-WXX	C172
72B4	VH-WXY	C182
72B5	VH-WXZ	C172
72C0	VH-WYA	C172
72C1	VH-WYB	C172
72C2	VH-WYC	C172
72C3	VH-WYD	C172
72C4	VH-WYE	C172
72C5	VH-WYF	C172
72C6	VH-WYG	R44
72C7	VH-WYH	EC30
72C8	VH-WYI	C172
72C9	VH-WYJ	C172
72CA	VH-WYK	R22
72CB	VH-WYL	C172
72CC	VH-WYM	C210
72CD	VH-WYN	C206
72CE	VH-WYO	R44
72CF	VH-WYP	CC11
72D0	VH-WYQ	JAB4
72D1	VH-WYR	R44
72D2	VH-WYS	R44
72D3	VH-WYT	RV6
72D4	VH-WYU	R44
72D5	VH-WYV	R44
72D6	VH-WYW	B06
72D7	VH-WYX	WAIX
72D8	VH-WYY	PA31
72D9	VH-WYZ	C172
72E4	VH-WZA	BE76
72E5	VH-WZB	BE76
72E6	VH-WZC	R44
72E8	VH-WZE	CH65
72E9	VH-WZF	R44
72EA	VH-WZG	P68
72EB	VH-WZH	H269
72EC	VH-WZI	AC50
72ED	VH-WZJ	C208
72EE	VH-WZK	BN2P
72EF	VH-WZL	PA25
72F0	VH-WZM	C404
72F1	VH-WZN	BE20
72F2	VH-WZO	BE55
72F3	VH-WZP	BN2P
72F4	VH-WZQ	AC50
72F5	VH-WZR	BE58
72F6	VH-WZS	PA31
72F7	VH-WZT	BE58
72F8	VH-WZU	R44
72F9	VH-WZV	R22
72FA	VH-WZW	C310
72FB	VH-WZX	C206
72FC	VH-WZY	C208
72FD	VH-WZZ	PA31
7470	VH-XAA	H500
7471	VH-XAB	B06
7472	VH-XAC	C182
7473	VH-XAD	RV6
7475	VH-XAF	CT4
7476	VH-XAG	GA20
7478	VH-XAI	BE80
7479	VH-XAJ	AT8T
747A	VH-XAK	M20P
747B	VH-XAL	T210
747C	VH-XAM	C210
747D	VH-XAN	T6
747F	VH-XAP	SR22
7480	VH-XAQ	PC12
7482	VH-XAS	AC50
7483	VH-XAT	AT8T
7484	VH-XAU	GLSP
7485	VH-XAV	AT8T
7486	VH-XAW	AT8T
7487	VH-XAX	B06
7488	VH-XAY	AT8T
7489	VH-XAZ	H269
748C	VH-XA2	C208
748D	VH-XA3	C208
748F	VH-XA5	C208
7494	VH-XBA	RV8
7495	VH-XBB	C310
7496	VH-XBC	C441
7497	VH-XBD	BD4
7498	VH-XBE	GLIM
749B	VH-XBH	R22
749E	VH-XBK	PTS2
749F	VH-XBL	CA19
74A0	VH-XBM	C172
74A1	VH-XBN	AS50
74A2	VH-XBO	AS50
74A3	VH-XBP	C550
74A4	VH-XBQ	B06
74A5	VH-XBR	B06
74A6	VH-XBS	DHC1
74A7	VH-XBT	R44
74A8	VH-XBU	PA27
74A9	VH-XBV	AS50
74AA	VH-XBW	BE33
74AB	VH-XBX	AS50
74AC	VH-XBY	GLID
74AD	VH-XBZ	BE20
74B8	VH-XCA	R22
74B9	VH-XCB	BE20
74BA	VH-XCC	EXEC
74BB	VH-XCD	CJ1
74BC	VH-XCE	AS50
74BD	VH-XCF	BE20
74BE	VH-XCG	LNC4
74BF	VH-XCH	GLID
74C0	VH-XCI	B412
74C1	VH-XCJ	C750
74C2	VH-XCK	B412
74C3	VH-XCL	GLID
74C4	VH-XCM	M5
74C5	VH-XCN	B412
74C6	VH-XCO	AS50
74C7	VH-XCP	RV8
74C8	VH-XCQ	RF10
74C9	VH-XCR	GLIM
74CA	VH-XCS	PA36
74CC	VH-XCU	C56X
74CD	VH-XCV	BE55
74CE	VH-XCW	P28A
74CF	VH-XCX	P28R
74D0	VH-XCY	B412
74D1	VH-XCZ	COZY
74D7	VH-XC5	SR22
74DC	VH-XDA	C404
74DD	VH-XDB	AS50
74DE	VH-XDC	P28T
74DF	VH-XDD	P28A
74E0	VH-XDE	P28A
74E1	VH-XDF	P28A
74E2	VH-XDG	P28A
74E3	VH-XDH	P28A
74E4	VH-XDI	P28A
74E5	VH-XDJ	RV8
74E6	VH-XDK	P28A
74E7	VH-XDL	P28A
74E8	VH-XDM	P28T
74E9	VH-XDN	EC35
74EA	VH-XDO	R44
74EB	VH-XDP	C404
74EC	VH-XDQ	PA44
74EE	VH-XDS	PA44
74EF	VH-XDT	RV6
74F0	VH-XDU	C208
74F1	VH-XDV	BE20
74F2	VH-XDW	BE20
74F3	VH-XDX	M20T
74F4	VH-XDY	RV14
74F5	VH-XDZ	R44
74FB	VH-XD5	SR22
74FE	VH-XD8	PA44
7500	VH-XEA	P28A
7501	VH-XEB	P28A
7502	VH-XEC	EXEC
7503	VH-XED	B06
7504	VH-XEE	RV6
7505	VH-XEF	P28A
7506	VH-XEG	P28A
7507	VH-XEH	P28A
7508	VH-XEI	P28A
7509	VH-XEJ	P28A
750A	VH-XEK	P28A
750B	VH-XEL	PA44
750C	VH-XEM	PA44
750F	VH-XEP	SLG4
7512	VH-XES	SR22
7513	VH-XET	L29
7514	VH-XEU	EUPA
7515	VH-XEV	EC30
7517	VH-XEX	R44
7518	VH-XEY	PTS1
7519	VH-XEZ	LGEZ
7524	VH-XFA	J3
7525	VH-XFB	C208
7526	VH-XFC	E190
7528	VH-XFE	A332
7529	VH-XFF	GLID
752C	VH-XFI	TRF1
752E	VH-XFK	E300
752F	VH-XFL	E190
7530	VH-XFM	E190
7531	VH-XFN	B407
7532	VH-XFO	PTS2
7533	VH-XFP	DH8A
7534	VH-XFQ	DH8A
7535	VH-XFR	CT4
7536	VH-XFS	BE36
7537	VH-XFT	DH8A
7538	VH-XFU	DH8A
7539	VH-XFV	DH8C
753A	VH-XFW	DH8C
753B	VH-XFX	DH8C
753C	VH-XFY	P28A
753D	VH-XFZ	DH8C
7542	VH-XF4	A321
7543	VH-XF5	A321
7544	VH-XF6	A321
7545	VH-XF7	A21N
7548	VH-XGA	GA8
7549	VH-XGB	B412
754A	VH-XGC	AS50
754B	VH-XGD	C206
754C	VH-XGE	DIMO
754D	VH-XGF	BE58
754F	VH-XGH	C340
7550	VH-XGI	GA20
7551	VH-XGJ	C210
7552	VH-XGK	GLID
7553	VH-XGL	PA31
7554	VH-XGM	C210
7555	VH-XGN	P28A
7556	VH-XGO	GLID
7557	VH-XGP	GP4
7558	VH-XGQ	C208
7559	VH-XGR	SR22
755A	VH-XGS	RV6
755B	VH-XGT	C210
755C	VH-XGU	AS50
755D	VH-XGV	BE20
755E	VH-XGW	PA31
755F	VH-XGX	PA31
7560	VH-XGY	GA10
7561	VH-XGZ	NOMA
756C	VH-XHA	AEST
756E	VH-XHC	GLID
756F	VH-XHD	SLG2
7570	VH-XHE	P28A
7571	VH-XHF	AS65
7572	VH-XHG	RV6
7574	VH-XHI	C206
7575	VH-XHJ	H60
7576	VH-XHK	R22
7577	VH-XHL	SLG4
7578	VH-XHM	PTS1
7579	VH-XHN	DA42
757A	VH-XHO	E300
757D	VH-XHR	C82R
757E	VH-XHS	C172
757F	VH-XHT	BE76
7580	VH-XHU	SR22
7581	VH-XHV	GA8
7582	VH-XHW	CT4
7583	VH-XHX	R22
7584	VH-XHY	GLID
7585	VH-XHZ	DFLY
758F	VH-XH9	EC30
7590	VH-XIA	A139
7591	VH-XIB	A139
7592	VH-XIC	R44
7593	VH-XID	P32T
7594	VH-XIE	RV7
7595	VH-XIF	GLID
7596	VH-XIG	MG15
7597	VH-XIH	A139
7598	VH-XII	PTS1
7599	VH-XIJ	A139
759A	VH-XIK	BL11
759B	VH-XIL	A139
759C	VH-XIM	RF10
759D	VH-XIN	C210
759E	VH-XIO	RV10
759F	VH-XIP	SONX
75A0	VH-XIQ	SR20
75A1	VH-XIR	A139
75A4	VH-XIU	A139
75A5	VH-XIV	RV14
75A6	VH-XIW	A139
75A7	VH-XIX	R44
75A8	VH-XIY	PTS1
75B4	VH-XJA	R22
75B5	VH-XJB	GLID
75B6	VH-XJC	GLIM
75B7	VH-XJD	GLIM
75B9	VH-XJF	GLID
75BA	VH-XJG	GLIM
75BB	VH-XJH	RF10
75BC	VH-XJI	GLID
75BD	VH-XJJ	GLID
75BE	VH-XJK	B06
75BF	VH-XJL	RV7
75C0	VH-XJM	MONI
75C1	VH-XJN	B06
75C2	VH-XJO	GLID
75C3	VH-XJP	C172
75C4	VH-XJQ	B06
75C5	VH-XJR	GLID
75C6	VH-XJS	GLID
75C7	VH-XJT	GLID
75C8	VH-XJU	GLID
75C9	VH-XJV	GLID
75CA	VH-XJW	GLID
75CB	VH-XJX	SF25
75CC	VH-XJY	GLID
75CD	VH-XJZ	GLIM
75D5	VH-XJ7	EC30
75D8	VH-XKA	AUS6
75D9	VH-XKB	GLIM
75DA	VH-XKC	SR22
75DB	VH-XKD	GLID
75DC	VH-XKE	GLID
75DD	VH-XKF	R22
75DE	VH-XKG	RV6
75DF	VH-XKH	B06
75E0	VH-XKI	DH8C
75E1	VH-XKJ	DH8C
75E2	VH-XKK	EC30
75E3	VH-XKL	C152
75E4	VH-XKM	F100
75E5	VH-XKN	F100
75E6	VH-XKO	R44
75E7	VH-XKP	AVTR
75E8	VH-XKQ	EC30
75E9	VH-XKR	S52
75EA	VH-XKS	P32R
75EC	VH-XKU	R44
75ED	VH-XKV	P28A
75EE	VH-XKW	E300
75EF	VH-XKX	P28A
75F0	VH-XKY	B06
75F1	VH-XKZ	Y18T
75FC	VH-XLA	RV7
75FD	VH-XLB	PA31
75FE	VH-XLC	P750
75FF	VH-XLD	RV10
7600	VH-XLE	C172
7601	VH-XLF	C208
7602	VH-XLG	GLID
7603	VH-XLH	XL2
7604	VH-XLI	P68
7605	VH-XLJ	EUPA
7606	VH-XLK	C650
7607	VH-XLL	R22
7608	VH-XLM	AS50
7609	VH-XLN	C180
760A	VH-XLO	C172
760B	VH-XLP	GLID
760C	VH-XLQ	RV7
760D	VH-XLR	C172
760F	VH-XLT	C172
7610	VH-XLU	PA24
7611	VH-XLV	C208
7612	VH-XLW	C82R
7613	VH-XLX	R22
7614	VH-XLY	XL2
7615	VH-XLZ	XL2
761D	VH-XL7	LNC4
7620	VH-XMA	C310
7621	VH-XMB	R22
7622	VH-XMC	PA31
7623	VH-XMD	C441
7624	VH-XME	T18
7625	VH-XMF	C152
7626	VH-XMG	C441
7628	VH-XMI	P46T
7629	VH-XMJ	C441
762A	VH-XMK	P32T
762B	VH-XML	B733
762C	VH-XMM	PA31
762D	VH-XMN	CRES
762F	VH-XMP	R44
7631	VH-XMR	B733
7632	VH-XMS	C72R
7636	VH-XMW	RV6
7637	VH-XMX	LGEZ
7644	VH-XNA	T6
7645	VH-XNB	GLIM
7646	VH-XNC	CL60
7647	VH-XND	CL60
7648	VH-XNE	CL60
7649	VH-XNF	CL60
764A	VH-XNG	F28
764B	VH-XNH	B734
764C	VH-XNI	A320
764D	VH-XNJ	A320
764F	VH-XNL	R22
7652	VH-XNO	RF10
7653	VH-XNP	A320
7654	VH-XNQ	GA8
7655	VH-XNR	A109
7656	VH-XNS	XNOS
7657	VH-XNT	R44
7658	VH-XNU	B733
7659	VH-XNV	DA40
765A	VH-XNW	A320
765B	VH-XNX	R44
765D	VH-XNZ	T6
7668	VH-XOA	GLID
7669	VH-XOB	GLID
766A	VH-XOC	GLID
766B	VH-XOD	GLID
766C	VH-XOE	GLIM
766D	VH-XOF	GLID
766E	VH-XOG	GLID
766F	VH-XOH	GLID
7670	VH-XOI	GLIM
7671	VH-XOJ	GLID
7672	VH-XOK	GLID
7673	VH-XOL	GLID
7674	VH-XOM	GLID
7675	VH-XON	GLIM
7676	VH-XOO	DIMO
7677	VH-XOP	GLID
7678	VH-XOQ	GLID
767A	VH-XOS	RF4
767B	VH-XOT	GLID
767C	VH-XOU	GLID
767D	VH-XOV	DIMO
767E	VH-XOW	GLID
767F	VH-XOX	RV6
7680	VH-XOY	GLID
7681	VH-XOZ	GLIM
768C	VH-XPA	CL60
768D	VH-XPB	AT8T
768E	VH-XPC	C172
768F	VH-XPD	RV7
7690	VH-XPE	C172
7691	VH-XPF	GLSP
7692	VH-XPG	C152
7693	VH-XPH	C172
7694	VH-XPI	C172
7695	VH-XPJ	RV7
7696	VH-XPK	C172
7697	VH-XPL	R44
7698	VH-XPM	GLIM
769B	VH-XPP	DA40
769D	VH-XPR	C177
769E	VH-XPS	PTSS
769F	VH-XPT	M20P
76A2	VH-XPW	RV7
76A3	VH-XPX	RV7
76A4	VH-XPY	R22
76A5	VH-XPZ	C172
76AB	VH-XP5	AT5T
76AD	VH-XP7	B429
76AE	VH-XP8	B429
76AF	VH-XP9	B429
76B0	VH-XQA	GLIM
76B1	VH-XQB	GLID
76B3	VH-XQD	GLID
76B4	VH-XQE	GLID
76B5	VH-XQF	JAB4
76B6	VH-XQG	G109
76B7	VH-XQH	GLID
76B8	VH-XQI	GLID
76B9	VH-XQJ	B06
76BA	VH-XQK	GLIM
76BB	VH-XQL	L13S
76BC	VH-XQM	GLIM
76BD	VH-XQN	GLID
76BE	VH-XQO	GLID
76BF	VH-XQP	GLID
76C0	VH-XQQ	RV14
76C1	VH-XQR	GLID
76C2	VH-XQS	GLID
76C3	VH-XQT	GLID
76C4	VH-XQU	B763
76C5	VH-XQV	GLID
76C6	VH-XQW	GLID
76C7	VH-XQX	G109
76C8	VH-XQY	GLID
76C9	VH-XQZ	GLID
76D1	VH-XQ7	A139
76D2	VH-XQ8	A139
76D4	VH-XRA	B105
76D5	VH-XRB	E300
76D6	VH-XRC	RV7
76D7	VH-XRD	AEST
76DA	VH-XRG	B105
76DB	VH-XRH	A119
76DD	VH-XRJ	C182
76DE	VH-XRK	RV10
76DF	VH-XRL	R44
76E0	VH-XRM	RV10
76E2	VH-XRO	YK52
76E3	VH-XRP	RV7
76E4	VH-XRQ	H269
76E5	VH-XRR	T206
76E6	VH-XRS	SA30
76E7	VH-XRT	RV10
76E8	VH-XRU	B105
76E9	VH-XRV	RV6
76EB	VH-XRX	B105
76EC	VH-XRY	PTS1
76ED	VH-XRZ	SR20
76F2	VH-XR4	R44
76F4	VH-XR6	R22
76F5	VH-XR7	RV7
76F6	VH-XR8	SS2T
76F8	VH-XSA	T6
76F9	VH-XSB	P28A
76FB	VH-XSD	EUPA
76FC	VH-XSE	EUPA
76FD	VH-XSF	G202
76FE	VH-XSG	RODS
76FF	VH-XSH	EUPA
7700	VH-XSI	EUPA
7701	VH-XSJ	A320
7704	VH-XSM	BE55
7705	VH-XSN	P28A
7706	VH-XSO	R44
7707	VH-XSP	C172
7708	VH-XSQ	B427
7709	VH-XSR	R44
770A	VH-XSS	C182
770B	VH-XST	RV8
770C	VH-XSU	YK52
770D	VH-XSV	EC30
770E	VH-XSW	SEAW
7711	VH-XSZ	YK55
771C	VH-XTA	C337
771E	VH-XTC	LGEZ
771F	VH-XTD	YK52
7720	VH-XTE	RV10
7721	VH-XTF	B47G
7722	VH-XTG	GC1
7724	VH-XTI	O1
7726	VH-XTK	GLID
7727	VH-XTL	RV7
7728	VH-XTM	DIMO
7729	VH-XTN	DV20
772A	VH-XTO	DFLY
772D	VH-XTR	E300
772E	VH-XTS	BE9L
772F	VH-XTT	GLIM
7730	VH-XTU	COL3
7731	VH-XTV	R44
7732	VH-XTW	BE33
7733	VH-XTX	C182
7734	VH-XTY	H269
7735	VH-XTZ	LEG2
773A	VH-XT4	G2CA
773C	VH-XT6	B06
7740	VH-XUA	E120
7741	VH-XUB	E120
7742	VH-XUC	E120
7743	VH-XUD	E120
7744	VH-XUE	E120
7745	VH-XUF	E120
7746	VH-XUG	B505
7748	VH-XUI	C172
7749	VH-XUJ	BE20
774A	VH-XUK	RV4
774B	VH-XUL	B505
774C	VH-XUM	A109
774D	VH-XUN	R44
774E	VH-XUO	BE20
7750	VH-XUQ	B350
7751	VH-XUR	B350
7752	VH-XUS	T34P
7753	VH-XUT	GLIM
7754	VH-XUU	AP22
7755	VH-XUV	EC35
7756	VH-XUW	EC35
7757	VH-XUX	B06
7758	VH-XUY	EC35
7759	VH-XUZ	RV7
7764	VH-XVA	A37
7765	VH-XVB	E190
7766	VH-XVC	SLG4
7767	VH-XVD	HUNT
7768	VH-XVE	HUNT
7769	VH-XVF	HUNT
776A	VH-XVG	RV10
776B	VH-XVH	RV9
776C	VH-XVI	SPIT
776F	VH-XVL	E190
7770	VH-XVM	E190
7771	VH-XVN	O1
7772	VH-XVO	E190
7773	VH-XVP	E190
7774	VH-XVQ	E190
7775	VH-XVR	RV10
7776	VH-XVS	E190
7777	VH-XVT	E190
7778	VH-XVU	E190
7779	VH-XVV	TOUR
777B	VH-XVX	E190
7788	VH-XWA	C172
7789	VH-XWB	GLID
778A	VH-XWC	BK17
778B	VH-XWD	EC30
778C	VH-XWE	BK17
778D	VH-XWF	C172
778E	VH-XWG	RODS
778F	VH-XWH	AT8T
7790	VH-XWI	RV7
7791	VH-XWJ	DA62
7793	VH-XWL	DH82
7794	VH-XWM	F100
7795	VH-XWN	F100
7796	VH-XWO	F100
7797	VH-XWP	F100
7798	VH-XWQ	F100
7799	VH-XWR	F100
779A	VH-XWS	F100
779B	VH-XWT	F100
779E	VH-XWW	SREY
779F	VH-XWX	B06
77A0	VH-XWY	R44
77A1	VH-XWZ	R44
77AB	VH-XW9	WT9
77AC	VH-XXA	GLID
77AD	VH-XXB	CJ6
77AE	VH-XXC	PA38
77AF	VH-XXD	CA25
77B0	VH-XXE	CA25
77B1	VH-XXF	GLIM
77B2	VH-XXG	G202
77B3	VH-XXH	T6
77B4	VH-XXI	C210
77B5	VH-XXJ	B06
77B6	VH-XXK	CJ6
77B7	VH-XXL	MUS2
77B8	VH-XXM	AS50
77B9	VH-XXN	BE77
77BA	VH-XXO	S22T
77BB	VH-XXP	C182
77BC	VH-XXQ	B06
77BD	VH-XXR	EC20
77BE	VH-XXS	RV7
77BF	VH-XXT	C310
77C0	VH-XXU	AS50
77C1	VH-XXV	CA25
77C2	VH-XXW	AS50
77C4	VH-XXY	R200
77C5	VH-XXZ	C172
77D0	VH-XYA	RV4
77D1	VH-XYB	TOBA
77D2	VH-XYC	TOBA
77D3	VH-XYD	TOBA
77D4	VH-XYE	TOBA
77D5	VH-XYF	TOBA
77D6	VH-XYG	TOBA
77D7	VH-XYH	TOBA
77D8	VH-XYI	TOBA
77D9	VH-XYJ	BE20
77DA	VH-XYK	Y18T
77DB	VH-XYL	GLIM
77DC	VH-XYM	CC11
77DD	VH-XYN	TWST
77DE	VH-XYO	BE20
77E1	VH-XYR	BE20
77E2	VH-XYS	SREY
77E4	VH-XYU	BE20
77E5	VH-XYV	PA18
77E7	VH-XYX	CH7A
77E8	VH-XYY	GLID
77E9	VH-XYZ	C182
77F3	VH-XY9	PA18
77F4	VH-XZA	B738
77F5	VH-XZB	B738
77F6	VH-XZC	B738
77F7	VH-XZD	B738
77F8	VH-XZE	B738
77F9	VH-XZF	B738
77FA	VH-XZG	B738
77FB	VH-XZH	B738
77FC	VH-XZI	B738
77FD	VH-XZJ	B738
77FE	VH-XZK	B738
77FF	VH-XZL	B738
7800	VH-XZM	B738
7801	VH-XZN	B738
7802	VH-XZO	B738
7803	VH-XZP	B738
7804	VH-XZQ	B738
7805	VH-XZR	B738
7806	VH-XZS	B738
7807	VH-XZT	R22
780C	VH-XZY	RV8
780D	VH-XZZ	GLIM
7860	VH-X2A	R22
7864	VH-X2E	AS50
7866	VH-X2G	G2CA
7867	VH-X2H	BE36
786C	VH-X2M	MX2
786D	VH-X2N	R44
7871	VH-X2R	R22
7875	VH-X2V	EC20
7877	VH-X2X	C208
7884	VH-X3A	A320
7885	VH-X3B	EFOX
7886	VH-X3C	A320
7887	VH-X3D	A320
7888	VH-X3E	A320
7889	VH-X3F	A320
788A	VH-X3G	G2CA
788B	VH-X3H	A20N
788D	VH-X3J	A320
788F	VH-X3L	A320
7891	VH-X3N	A320
7899	VH-X3V	EC20
78A8	VH-X4A	BCS3
78A9	VH-X4B	BCS3
78AA	VH-X4C	BCS3
78AB	VH-X4D	BCS3
78AC	VH-X4E	BCS1
78AD	VH-X4F	BCS3
78AE	VH-X4G	BCS3
78AF	VH-X4H	BCS3
78B0	VH-X4I	A20N
78B1	VH-X4J	BCS3
78B2	VH-X4K	BCS3
78B3	VH-X4L	BCS3
78B4	VH-X4M	BCS3
78B5	VH-X4N	BCS3
78C4	VH-X42	DA40
78C7	VH-X45	H269
78D8	VH-X5M	STAL
78DF	VH-X5T	LGEZ
78EC	VH-X56	PC12
78F6	VH-X6G	G2CA
78F8	VH-X6I	A119
790C	VH-X62	DA62
7910	VH-X66	R66
7911	VH-X67	SR22
7914	VH-X7A	RV7
7925	VH-X7R	RV7
7929	VH-X7V	RV7
7936	VH-X78	FA7X
794F	VH-X8X	C25B
796A	VH-X9O	EXEC
796E	VH-X9S	UH1
7973	VH-X9X	AS55
7978	VH-X92	ECHO
797F	VH-X99	RV12
7980	VH-YAA	YK52
7981	VH-YAB	CT4
7982	VH-YAC	AT5T
7983	VH-YAD	PISI
7984	VH-YAE	YK52
7985	VH-YAF	YK52
7986	VH-YAG	AT5T
7987	VH-YAH	RV7
7989	VH-YAJ	YK52
798B	VH-YAL	YK50
798C	VH-YAM	B06
798D	VH-YAN	CP10
798E	VH-YAO	CP10
798F	VH-YAP	O1
7990	VH-YAQ	YK54
7991	VH-YAR	B06
7992	VH-YAS	AS50
7993	VH-YAT	BK17
7994	VH-YAU	YK52
7995	VH-YAV	YK52
7996	VH-YAW	B06
7997	VH-YAX	YK50
7999	VH-YAZ	Y18T
79A4	VH-YBA	GA8
79A5	VH-YBB	B06
79A6	VH-YBC	B14A
79A7	VH-YBD	CT4
79A8	VH-YBE	GLIM
79A9	VH-YBF	A139
79AA	VH-YBG	A139
79AB	VH-YBH	R22
79AC	VH-YBI	R44
79AE	VH-YBK	GLIM
79AF	VH-YBL	R44
79B0	VH-YBM	R44
79B1	VH-YBN	F8L
79B2	VH-YBO	B06
79B3	VH-YBP	BE36
79B4	VH-YBQ	DA42
79B5	VH-YBR	DA42
79B6	VH-YBS	DA42
79B7	VH-YBT	DA42
79B8	VH-YBU	DA42
79B9	VH-YBV	DA42
79BA	VH-YBW	DA42
79BB	VH-YBX	DA42
79BC	VH-YBY	C140
79BD	VH-YBZ	YK52
79C9	VH-YCB	SLG4
79CA	VH-YCC	CT4
79CB	VH-YCD	CT4
79CD	VH-YCF	CT4
79CE	VH-YCG	RV8
79CF	VH-YCH	CT4
79D1	VH-YCJ	CT4
79D2	VH-YCK	CT4
79D3	VH-YCL	CT4
79D4	VH-YCM	CT4
79D5	VH-YCN	CT4
79D6	VH-YCO	CT4
79D7	VH-YCP	CT4
79D8	VH-YCQ	CT4
79D9	VH-YCR	CT4
79DA	VH-YCS	CT4
79DB	VH-YCT	CT4
79DC	VH-YCU	CT4
79DD	VH-YCV	CT4
79DE	VH-YCW	CT4
79DF	VH-YCX	CT4
79E0	VH-YCY	R22
79E1	VH-YCZ	RV8
79EC	VH-YDA	S22T
79ED	VH-YDB	YK52
79EE	VH-YDC	BE58
79EF	VH-YDD	BE36
79F1	VH-YDF	ST75
79F2	VH-YDG	BE36
79F3	VH-YDH	GLIM
79F4	VH-YDI	GLST
79F5	VH-YDJ	R44
79F6	VH-YDK	R44
79F7	VH-YDL	R44
79F8	VH-YDM	SR22
79F9	VH-YDN	PC12
79FA	VH-YDO	R44
79FB	VH-YDP	C182
79FC	VH-YDQ	BE20
79FD	VH-YDR	PC12
79FE	VH-YDS	AT8T
79FF	VH-YDT	JAB4
7A00	VH-YDU	R44
7A01	VH-YDV	BE33
7A02	VH-YDW	C182
7A03	VH-YDX	R44
7A04	VH-YDY	R44
7A05	VH-YDZ	DA42
7A10	VH-YEA	AEST
7A11	VH-YEB	R22
7A13	VH-YED	C185
7A14	VH-YEE	M20P
7A15	VH-YEF	C210
7A16	VH-YEG	E120
7A17	VH-YEH	YK52
7A18	VH-YEI	E120
7A1B	VH-YEL	SA75
7A1C	VH-YEM	SREY
7A1D	VH-YEN	BE36
7A1E	VH-YEO	R44
7A1F	VH-YEP	B47G
7A20	VH-YEQ	NG5
7A21	VH-YER	PA24
7A22	VH-YES	SREY
7A23	VH-YET	C210
7A24	VH-YEU	AS55
7A25	VH-YEV	YK55
7A26	VH-YEW	C182
7A27	VH-YEX	R22
7A28	VH-YEY	YK52
7A29	VH-YEZ	P28A
7A34	VH-YFA	GLIM
7A35	VH-YFB	FB1A
7A36	VH-YFC	B738
7A37	VH-YFD	C441
7A38	VH-YFE	B738
7A39	VH-YFF	B738
7A3B	VH-YFH	B738
7A3D	VH-YFJ	B738
7A3E	VH-YFK	B738
7A3F	VH-YFL	B738
7A40	VH-YFM	LNC4
7A42	VH-YFO	YK52
7A45	VH-YFR	B738
7A46	VH-YFS	B738
7A47	VH-YFT	B738
7A48	VH-YFU	B738
7A49	VH-YFV	B738
7A4A	VH-YFW	B738
7A4B	VH-YFX	B738
7A4C	VH-YFY	B738
7A4D	VH-YFZ	B738
7A58	VH-YGA	C172
7A59	VH-YGB	R44
7A5A	VH-YGC	YK52
7A5B	VH-YGD	CJ6
7A5C	VH-YGE	CJ6
7A5D	VH-YGF	C172
7A5E	VH-YGG	C206
7A5F	VH-YGH	PTS1
7A60	VH-YGI	C172
7A62	VH-YGK	YK52
7A63	VH-YGL	B407
7A64	VH-YGM	BE36
7A65	VH-YGN	C172
7A66	VH-YGO	PC12
7A67	VH-YGP	C172
7A68	VH-YGQ	C172
7A69	VH-YGR	YK52
7A6A	VH-YGS	TRDO
7A6B	VH-YGT	TB20
7A6C	VH-YGU	C172
7A6E	VH-YGW	C172
7A6F	VH-YGX	G202
7A70	VH-YGY	RV8
7A71	VH-YGZ	C172
7A7C	VH-YHA	Y18T
7A7D	VH-YHB	SF25
7A7E	VH-YHC	RV7
7A7F	VH-YHD	M5
7A80	VH-YHE	TOBA
7A81	VH-YHF	A139
7A82	VH-YHG	PA32
7A83	VH-YHH	DA40
7A84	VH-YHI	R22
7A85	VH-YHJ	C172
7A86	VH-YHK	GLID
7A87	VH-YHL	DA40
7A8C	VH-YHQ	AS50
7A8F	VH-YHT	C172
7A90	VH-YHU	C172
7A91	VH-YHV	C441
7A92	VH-YHW	C180
7A93	VH-YHX	B407
7A94	VH-YHY	C152
7A95	VH-YHZ	C172
7AA0	VH-YIA	B738
7AA1	VH-YIB	B738
7AA2	VH-YIC	BE55
7AA3	VH-YID	B738
7AA4	VH-YIE	B738
7AA5	VH-YIF	B738
7AA6	VH-YIG	B738
7AA7	VH-YIH	B738
7AA8	VH-YII	PTS2
7AA9	VH-YIJ	B738
7AAA	VH-YIK	YK52
7AAB	VH-YIL	B738
7AAC	VH-YIM	B738
7AAD	VH-YIN	C172
7AAE	VH-YIO	B738
7AB0	VH-YIQ	B738
7AB1	VH-YIR	B738
7AB2	VH-YIS	B738
7AB3	VH-YIT	B738
7AB4	VH-YIU	B738
7AB5	VH-YIV	B738
7AB6	VH-YIW	B738
7AB7	VH-YIX	YAK9
7AB8	VH-YIY	B738
7AB9	VH-YIZ	B738
7AC4	VH-YJA	AC6L
7AC5	VH-YJB	AS50
7AC6	VH-YJC	AC50
7AC7	VH-YJD	R44
7AC8	VH-YJE	AC50
7AC9	VH-YJF	AC90
7ACA	VH-YJG	AC90
7ACC	VH-YJI	AC50
7ACD	VH-YJJ	AC50
7ACF	VH-YJL	AC50
7AD0	VH-YJM	AC50
7AD1	VH-YJN	PUP
7AD2	VH-YJO	AC50
7AD3	VH-YJP	DA40
7AD4	VH-YJQ	B190
7AD5	VH-YJR	AC50
7AD6	VH-YJS	AC50
7AD7	VH-YJT	GLID
7AD8	VH-YJU	AC50
7ADC	VH-YJY	SR22
7ADD	VH-YJZ	BE55
7AE8	VH-YKA	YK55
7AE9	VH-YKB	DA42
7AEA	VH-YKC	R22
7AEB	VH-YKD	DV20
7AEC	VH-YKE	AT5T
7AED	VH-YKF	DV20
7AEE	VH-YKG	PC12
7AEF	VH-YKH	DA40
7AF0	VH-YKI	DA40
7AF1	VH-YKJ	MR35
7AF2	VH-YKK	YK52
7AF3	VH-YKL	YK50
7AF4	VH-YKM	C182
7AF6	VH-YKO	YK52
7AF7	VH-YKP	DA40
7AF8	VH-YKQ	DA40
7AF9	VH-YKR	SR22
7AFA	VH-YKS	WACC
7AFB	VH-YKT	RV7
7AFC	VH-YKU	DA42
7AFD	VH-YKV	Y18T
7AFE	VH-YKW	YK52
7AFF	VH-YKX	WACC
7B00	VH-YKY	RV8
7B01	VH-YKZ	SRAI
7B0C	VH-YLA	SR22
7B0D	VH-YLB	RV6
7B0E	VH-YLC	RV6
7B0F	VH-YLD	CJ1
7B10	VH-YLE	COY2
7B11	VH-YLF	G202
7B12	VH-YLG	YK52
7B13	VH-YLH	R44
7B14	VH-YLI	AC11
7B17	VH-YLL	BE36
7B18	VH-YLM	R22
7B19	VH-YLN	RV9
7B1A	VH-YLO	CP10
7B1B	VH-YLP	PA18
7B1D	VH-YLR	M5
7B1E	VH-YLS	P210
7B1F	VH-YLT	RV7
7B20	VH-YLU	C182
7B21	VH-YLV	BE36
7B22	VH-YLW	PA14
7B23	VH-YLX	RV7
7B24	VH-YLY	R22
7B25	VH-YLZ	RV6
7B30	VH-YMA	R44
7B31	VH-YMB	M20T
7B32	VH-YMC	R44
7B33	VH-YMD	R44
7B34	VH-YME	C185
7B35	VH-YMF	WACF
7B36	VH-YMG	RV7
7B38	VH-YMI	SR22
7B39	VH-YMJ	R44
7B3A	VH-YMK	PC9
7B3C	VH-YMM	R44
7B3D	VH-YMN	R44
7B3E	VH-YMO	RV4
7B3F	VH-YMP	PTS1
7B40	VH-YMQ	SR22
7B41	VH-YMR	YK52
7B42	VH-YMS	R22
7B43	VH-YMT	M7
7B44	VH-YMU	R22
7B45	VH-YMV	C208
7B46	VH-YMW	GLID
7B47	VH-YMX	RODS
7B48	VH-YMY	R22
7B49	VH-YMZ	R22
7B54	VH-YNA	DA40
7B55	VH-YNB	DA40
7B56	VH-YNC	DA40
7B58	VH-YNE	C525
7B59	VH-YNF	PA14
7B5A	VH-YNG	DA40
7B5B	VH-YNH	DA40
7B5C	VH-YNI	DA40
7B5D	VH-YNJ	DA40
7B5E	VH-YNK	DA40
7B5F	VH-YNL	DA40
7B60	VH-YNM	DA40
7B61	VH-YNN	DA40
7B62	VH-YNO	YK52
7B63	VH-YNP	DA40
7B64	VH-YNQ	DA40
7B65	VH-YNR	DA40
7B66	VH-YNS	R44
7B67	VH-YNT	AN2
7B68	VH-YNU	B733
7B69	VH-YNV	DA40
7B6A	VH-YNW	DA40
7B6B	VH-YNX	AA1
7B6D	VH-YNZ	NG5
7B78	VH-YOA	C172
7B79	VH-YOB	G202
7B7A	VH-YOC	R22
7B7B	VH-YOD	RV7
7B7C	VH-YOE	R44
7B7D	VH-YOF	C172
7B7E	VH-YOG	GY80
7B7F	VH-YOH	RV7
7B80	VH-YOI	C172
7B81	VH-YOJ	C172
7B82	VH-YOK	YK52
7B83	VH-YOL	R44
7B84	VH-YOM	VELO
7B85	VH-YON	B105
7B86	VH-YOO	EXEC
7B87	VH-YOP	C172
7B88	VH-YOQ	C172
7B89	VH-YOR	RV12
7B8A	VH-YOS	AS50
7B8B	VH-YOT	RV12
7B8C	VH-YOU	B412
7B8E	VH-YOW	WACF
7B8F	VH-YOX	C172
7B90	VH-YOY	RV6
7B91	VH-YOZ	RV7
7B9C	VH-YPA	B47G
7B9D	VH-YPB	C182
7B9F	VH-YPD	SWAK
7BA0	VH-YPE	R22
7BA1	VH-YPF	DA40
7BA2	VH-YPG	DA40
7BA3	VH-YPH	DA40
7BA5	VH-YPJ	DA40
7BA7	VH-YPL	SF25
7BA8	VH-YPM	C172
7BA9	VH-YPN	DA40
7BAB	VH-YPP	C150
7BAC	VH-YPQ	YA1
7BAD	VH-YPR	DA40
7BAE	VH-YPS	R22
7BB0	VH-YPU	SASP
7BB1	VH-YPV	ACAR
7BB2	VH-YPW	GLID
7BB4	VH-YPY	R22
7BC1	VH-YQB	SR20
7BC2	VH-YQC	A139
7BC3	VH-YQD	C152
7BC4	VH-YQE	C152
7BC5	VH-YQF	SR22
7BC6	VH-YQG	B738
7BC7	VH-YQH	B738
7BC9	VH-YQJ	A139
7BCA	VH-YQK	AS50
7BCB	VH-YQL	SR20
7BCC	VH-YQM	B738
7BCE	VH-YQO	B738
7BCF	VH-YQP	DA42
7BD0	VH-YQQ	WACF
7BD1	VH-YQR	B738
7BD2	VH-YQS	B712
7BD3	VH-YQT	B712
7BD4	VH-YQU	B712
7BD6	VH-YQW	B712
7BD7	VH-YQX	B712
7BD8	VH-YQY	B712
7BD9	VH-YQZ	DA42
7BE4	VH-YRA	C182
7BE5	VH-YRB	WACF
7BE6	VH-YRC	R22
7BE7	VH-YRD	AEST
7BE8	VH-YRE	C172
7BE9	VH-YRF	RV8
7BEA	VH-YRG	C82R
7BEB	VH-YRH	SR22
7BED	VH-YRJ	M20T
7BEE	VH-YRK	C421
7BEF	VH-YRL	B58T
7BF2	VH-YRO	YK52
7BF3	VH-YRP	SR22
7BF4	VH-YRQ	C172
7BF5	VH-YRR	C206
7BF6	VH-YRS	EXEC
7BF7	VH-YRT	RV12
7BF8	VH-YRU	R44
7BF9	VH-YRV	RV4
7BFA	VH-YRW	M600
7BFB	VH-YRX	SF34
7BFC	VH-YRY	AT8T
7BFD	VH-YRZ	R22
7C08	VH-YSA	PA34
7C09	VH-YSB	RV6
7C0A	VH-YSC	PA34
7C0B	VH-YSD	R22
7C0C	VH-YSE	R66
7C0E	VH-YSG	R22
7C0F	VH-YSH	SR22
7C10	VH-YSI	PA34
7C11	VH-YSJ	PA34
7C12	VH-YSK	C172
7C13	VH-YSL	R44
7C14	VH-YSM	ST75
7C16	VH-YSO	B190
7C17	VH-YSP	PA34
7C18	VH-YSQ	PA34
7C19	VH-YSR	R44
7C1A	VH-YSS	BE58
7C1B	VH-YST	ST75
7C1D	VH-YSV	RV7
7C1E	VH-YSW	RV10
7C1F	VH-YSX	SONX
7C20	VH-YSY	ST75
7C21	VH-YSZ	YK52
7C2C	VH-YTA	P28S
7C2D	VH-YTB	DA40
7C2E	VH-YTC	DA40
7C2F	VH-YTD	TOBA
7C30	VH-YTE	DA40
7C31	VH-YTF	DA40
7C32	VH-YTG	DA40
7C33	VH-YTH	DA40
7C34	VH-YTI	DA40
7C35	VH-YTJ	DA40
7C36	VH-YTK	DA40
7C37	VH-YTL	DA40
7C38	VH-YTM	R44
7C39	VH-YTN	DA40
7C3A	VH-YTO	AP22
7C3B	VH-YTP	DA40
7C3D	VH-YTR	DA40
7C3E	VH-YTS	DA40
7C3F	VH-YTT	EC20
7C40	VH-YTU	DA40
7C41	VH-YTV	DA40
7C42	VH-YTW	DA40
7C43	VH-YTX	DA40
7C44	VH-YTY	C182
7C45	VH-YTZ	DA40
7C50	VH-YUA	GA8
7C51	VH-YUB	C172
7C52	VH-YUC	YK52
7C53	VH-YUD	A139
7C54	VH-YUE	NG5
7C55	VH-YUF	G2GL
7C56	VH-YUG	AS55
7C57	VH-YUH	C172
7C58	VH-YUI	C172
7C59	VH-YUJ	C172
7C5A	VH-YUK	YK55
7C5B	VH-YUL	C680
7C5C	VH-YUM	CJ6
7C5D	VH-YUN	C172
7C5E	VH-YUO	C172
7C5F	VH-YUP	PA18
7C60	VH-YUQ	AS55
7C61	VH-YUR	AS55
7C62	VH-YUS	C172
7C63	VH-YUT	J1
7C64	VH-YUU	EC20
7C65	VH-YUV	NG5
7C66	VH-YUW	B47G
7C67	VH-YUX	BU31
7C68	VH-YUY	RV6
7C69	VH-YUZ	B427
7C74	VH-YVA	B738
7C75	VH-YVB	R44
7C76	VH-YVC	B738
7C77	VH-YVD	B738
7C78	VH-YVE	M22
7C79	VH-YVF	M7
7C7A	VH-YVG	BE20
7C7B	VH-YVH	R22
7C7C	VH-YVI	T6
7C7E	VH-YVK	YK52
7C7F	VH-YVL	BEAR
7C80	VH-YVM	AS50
7C81	VH-YVN	NG5
7C82	VH-YVO	YK50
7C83	VH-YVP	NG5
7C84	VH-YVQ	AP32
7C85	VH-YVR	SR22
7C86	VH-YVS	Y18T
7C88	VH-YVU	R22
7C89	VH-YVV	CT4
7C8A	VH-YVW	GLIM
7C8B	VH-YVX	NG5
7C8C	VH-YVY	RV14
7C8D	VH-YVZ	NG5
7C98	VH-YWA	B738
7C9A	VH-YWC	C150
7C9B	VH-YWD	B738
7C9C	VH-YWE	B738
7C9D	VH-YWF	DA40
7C9E	VH-YWG	RV9
7C9F	VH-YWH	CH75
7CA0	VH-YWI	DA40
7CA1	VH-YWJ	H269
7CA2	VH-YWK	RV12
7CA3	VH-YWL	R22
7CA4	VH-YWM	NG5
7CA6	VH-YWO	SR22
7CA7	VH-YWP	AP32
7CA8	VH-YWQ	DA40
7CA9	VH-YWR	DA40
7CAB	VH-YWT	R44
7CAC	VH-YWU	AT43
7CAD	VH-YWV	R22
7CAE	VH-YWW	C206
7CAF	VH-YWX	R22
7CB1	VH-YWZ	R44
7CBC	VH-YXA	BE58
7CBD	VH-YXB	R22
7CBE	VH-YXC	RV7
7CBF	VH-YXD	C172
7CC0	VH-YXE	EXEC
7CC1	VH-YXF	A139
7CC2	VH-YXG	A139
7CC3	VH-YXH	A139
7CC4	VH-YXI	A139
7CC5	VH-YXJ	A139
7CC6	VH-YXK	A139
7CC7	VH-YXL	XL2
7CC8	VH-YXM	GLID
7CC9	VH-YXN	E300
7CCA	VH-YXO	YK52
7CCB	VH-YXP	EXPR
7CCD	VH-YXR	A139
7CCE	VH-YXS	A320
7CCF	VH-YXT	A320
7CD0	VH-YXU	A320
7CD1	VH-YXV	A320
7CD2	VH-YXW	A320
7CD3	VH-YXX	AS50
7CD5	VH-YXZ	C172
7CE0	VH-YYA	YK52
7CE1	VH-YYB	YK52
7CE3	VH-YYD	YK52
7CE4	VH-YYE	R22
7CE6	VH-YYG	R44
7CE7	VH-YYH	C182
7CE8	VH-YYI	DH82
7CE9	VH-YYJ	R66
7CEA	VH-YYK	YK52
7CEB	VH-YYL	R44
7CEC	VH-YYM	R22
7CED	VH-YYN	PP3
7CEE	VH-YYO	R22
7CEF	VH-YYP	R44
7CF0	VH-YYQ	AS50
7CF1	VH-YYR	RV7
7CF2	VH-YYS	SR22
7CF3	VH-YYT	S22T
7CF4	VH-YYU	PTS2
7CF5	VH-YYV	R44
7CF6	VH-YYW	B06
7CF7	VH-YYX	C172
7CF8	VH-YYY	M20P
7CF9	VH-YYZ	Y18T
7D04	VH-YZA	AT5T
7D05	VH-YZB	JPRO
7D06	VH-YZC	S22T
7D07	VH-YZD	R44
7D08	VH-YZE	RV14
7D09	VH-YZF	R22
7D0A	VH-YZG	T210
7D0B	VH-YZH	Y18T
7D0C	VH-YZI	RV14
7D0D	VH-YZJ	GLIM
7D0E	VH-YZK	R22
7D0F	VH-YZL	R44
7D10	VH-YZM	R44
7D11	VH-YZN	SR22
7D12	VH-YZO	R22
7D13	VH-YZP	H269
7D14	VH-YZQ	R22
7D15	VH-YZR	SS2T
7D16	VH-YZS	R22
7D17	VH-YZT	GLIM
7D18	VH-YZU	PA44
7D19	VH-YZV	PA44
7D1A	VH-YZW	PA44
7D1B	VH-YZX	CH64
7D1C	VH-YZY	C182
7D1D	VH-YZZ	TBM7
7E90	VH-ZAA	GLIM
7E91	VH-ZAB	GLIM
7E92	VH-ZAC	C210
7E93	VH-ZAD	GLIM
7E94	VH-ZAE	GLID
7E95	VH-ZAF	GLID
7E96	VH-ZAG	GLID
7E97	VH-ZAH	R44
7E98	VH-ZAI	GLID
7E99	VH-ZAJ	GLID
7E9A	VH-ZAK	G109
7E9B	VH-ZAL	R44
7E9C	VH-ZAM	GLIM
7E9D	VH-ZAN	RF10
7E9E	VH-ZAO	RF10
7E9F	VH-ZAP	C188
7EA1	VH-ZAR	GLIM
7EA2	VH-ZAS	GLID
7EA3	VH-ZAT	AS50
7EA5	VH-ZAV	GLIM
7EA6	VH-ZAW	GLID
7EA7	VH-ZAX	GLIM
7EA8	VH-ZAY	GLID
7EA9	VH-ZAZ	DHC1
7EB4	VH-ZBA	GLID
7EB5	VH-ZBB	B06
7EB7	VH-ZBD	BE36
7EB8	VH-ZBE	GLIM
7EB9	VH-ZBF	RF10
7EBA	VH-ZBG	GLID
7EBB	VH-ZBH	R22
7EBC	VH-ZBI	AT8T
7EBD	VH-ZBJ	R44
7EBE	VH-ZBK	GLID
7EBF	VH-ZBL	GLID
7EC0	VH-ZBM	R44
7EC1	VH-ZBN	RF10
7EC2	VH-ZBO	J3
7EC3	VH-ZBP	C140
7EC4	VH-ZBQ	AS50
7EC5	VH-ZBR	SF25
7EC7	VH-ZBT	G109
7EC8	VH-ZBU	R44
7EC9	VH-ZBV	GLIM
7ECA	VH-ZBW	GLIM
7ECB	VH-ZBX	GLIM
7ECC	VH-ZBY	GLIM
7ECD	VH-ZBZ	BE33
7ED8	VH-ZCA	CH7B
7ED9	VH-ZCB	CH7B
7EDA	VH-ZCC	GLST
7EDB	VH-ZCD	SR20
7EDC	VH-ZCE	C182
7EDD	VH-ZCF	A109
7EDE	VH-ZCG	GLST
7EDF	VH-ZCH	C182
7EE0	VH-ZCI	BE20
7EE1	VH-ZCJ	BE20
7EE2	VH-ZCK	C172
7EE3	VH-ZCL	AE45
7EE4	VH-ZCM	DHC1
7EE5	VH-ZCN	BE20
7EE6	VH-ZCO	BE20
7EE7	VH-ZCP	B407
7EE9	VH-ZCR	S22T
7EEA	VH-ZCS	SR22
7EEB	VH-ZCT	CT4
7EEC	VH-ZCU	C182
7EED	VH-ZCV	C182
7EEE	VH-ZCW	C182
7EEF	VH-ZCX	BE20
7EF0	VH-ZCY	BE20
7EF1	VH-ZCZ	RV6
7EFC	VH-ZDA	DHC2
7EFD	VH-ZDB	RV7
7EFE	VH-ZDC	P28A
7EFF	VH-ZDD	DIMO
7F00	VH-ZDE	R44
7F01	VH-ZDF	C414
7F02	VH-ZDG	GLID
7F03	VH-ZDH	R44
7F04	VH-ZDI	B06
7F05	VH-ZDJ	PA46
7F06	VH-ZDK	G202
7F07	VH-ZDL	RV9
7F08	VH-ZDM	C25A
7F09	VH-ZDN	AP32
7F0A	VH-ZDO	C172
7F0B	VH-ZDP	R44
7F0C	VH-ZDQ	GLSP
7F0D	VH-ZDR	C172
7F0E	VH-ZDS	GLID
7F0F	VH-ZDT	B06
7F10	VH-ZDU	C172
7F11	VH-ZDV	C172
7F12	VH-ZDW	GLID
7F13	VH-ZDX	C172
7F14	VH-ZDY	SR22
7F15	VH-ZDZ	GLID
7F20	VH-ZEA	CH2T
7F21	VH-ZEB	CH2T
7F22	VH-ZEC	EC35
7F23	VH-ZED	AT8T
7F24	VH-ZEE	RV7
7F25	VH-ZEF	C172
7F26	VH-ZEG	RV10
7F27	VH-ZEH	C172
7F28	VH-ZEI	CH75
7F29	VH-ZEJ	C172
7F2A	VH-ZEK	C680
7F2B	VH-ZEL	SR20
7F2C	VH-ZEM	G164
7F2D	VH-ZEN	SS2T
7F2E	VH-ZEO	P337
7F31	VH-ZER	C172
7F32	VH-ZES	C172
7F33	VH-ZET	C206
7F34	VH-ZEU	C206
7F35	VH-ZEV	C337
7F36	VH-ZEW	C172
7F37	VH-ZEX	Y18T
7F38	VH-ZEY	C172
7F39	VH-ZEZ	C152
7F44	VH-ZFA	SR20
7F45	VH-ZFB	C182
7F46	VH-ZFC	C182
7F47	VH-ZFD	EC35
7F48	VH-ZFE	C172
7F49	VH-ZFF	R22
7F4B	VH-ZFH	C172
7F4C	VH-ZFI	C172
7F4D	VH-ZFJ	C182
7F4E	VH-ZFK	RV8
7F4F	VH-ZFL	R22
7F50	VH-ZFM	EC45
7F51	VH-ZFN	P28A
7F52	VH-ZFO	C172
7F53	VH-ZFP	P28A
7F54	VH-ZFQ	C172
7F55	VH-ZFR	TRF1
7F56	VH-ZFS	C172
7F57	VH-ZFT	BL8
7F58	VH-ZFU	C172
7F59	VH-ZFV	R44
7F5A	VH-ZFW	C172
7F5B	VH-ZFX	P28A
7F5C	VH-ZFY	P28A
7F5D	VH-ZFZ	C172
7F68	VH-ZGA	S22T
7F69	VH-ZGB	PTS1
7F6A	VH-ZGC	P32R
7F6B	VH-ZGD	BE20
7F6C	VH-ZGE	GLIM
7F6D	VH-ZGF	R44
7F6E	VH-ZGG	R44
7F6F	VH-ZGH	EC35
7F70	VH-ZGI	C172
7F71	VH-ZGJ	RV8
7F72	VH-ZGK	B212
7F73	VH-ZGL	JAB4
7F74	VH-ZGM	P28T
7F75	VH-ZGN	R22
7F76	VH-ZGO	RV7
7F77	VH-ZGP	EC35
7F78	VH-ZGQ	AP22
7F79	VH-ZGR	R44
7F7A	VH-ZGS	R22
7F7B	VH-ZGT	AS50
7F7C	VH-ZGU	C172
7F7D	VH-ZGV	C182
7F7E	VH-ZGW	R44
7F7F	VH-ZGX	SW3
7F80	VH-ZGY	KFAS
7F81	VH-ZGZ	EC35
7F8C	VH-ZHA	C172
7F8D	VH-ZHB	C172
7F8E	VH-ZHC	C172
7F8F	VH-ZHD	C182
7F90	VH-ZHE	PA44
7F91	VH-ZHF	R44
7F92	VH-ZHG	AS50
7F93	VH-ZHH	C172
7F94	VH-ZHI	A660
7F95	VH-ZHJ	C172
7F96	VH-ZHK	GLIM
7F97	VH-ZHL	GLIM
7F98	VH-ZHM	AS50
7F99	VH-ZHN	PISI
7F9B	VH-ZHP	B06
7F9C	VH-ZHQ	C172
7F9D	VH-ZHR	R22
7F9E	VH-ZHS	AS50
7F9F	VH-ZHT	C172
7FA0	VH-ZHU	C172
7FA1	VH-ZHV	R22
7FA2	VH-ZHW	AS50
7FA4	VH-ZHY	HUSK
7FA5	VH-ZHZ	PA27
7FB0	VH-ZIA	AA5
7FB1	VH-ZIB	G115
7FB2	VH-ZIC	RV7
7FB3	VH-ZID	C210
7FB4	VH-ZIE	C172
7FB5	VH-ZIF	PA14
7FB6	VH-ZIG	AVID
7FB7	VH-ZIH	C310
7FB9	VH-ZIJ	G115
7FBA	VH-ZIK	C210
7FBB	VH-ZIL	G115
7FBC	VH-ZIM	G115
7FBD	VH-ZIN	AT8T
7FBE	VH-ZIO	C210
7FBF	VH-ZIP	WISP
7FC0	VH-ZIQ	C172
7FC1	VH-ZIR	SR22
7FC2	VH-ZIS	DH82
7FC4	VH-ZIU	DA42
7FC5	VH-ZIV	G115
7FC6	VH-ZIW	DA42
7FC7	VH-ZIX	RV6
7FC9	VH-ZIZ	DHC1
7FD4	VH-ZJA	C172
7FD5	VH-ZJB	C182
7FD6	VH-ZJC	GLIM
7FD7	VH-ZJD	C182
7FD9	VH-ZJF	C172
7FDB	VH-ZJH	C172
7FDC	VH-ZJI	C172
7FDD	VH-ZJJ	C188
7FDF	VH-ZJL	C182
7FE0	VH-ZJM	RV10
7FE1	VH-ZJN	GLIM
7FE2	VH-ZJO	C172
7FE3	VH-ZJP	AS50
7FE4	VH-ZJQ	C172
7FE5	VH-ZJR	LNC2
7FE6	VH-ZJS	SF34
7FE7	VH-ZJT	GLID
7FE8	VH-ZJU	C172
7FE9	VH-ZJV	C182
7FEA	VH-ZJW	BE36
7FEB	VH-ZJX	C172
7FEC	VH-ZJY	C172
7FED	VH-ZJZ	AT8T
7FF8	VH-ZKA	C208
7FFA	VH-ZKC	F260
7FFB	VH-ZKD	CH80
7FFC	VH-ZKE	GLID
7FFD	VH-ZKF	DHC6
7FFE	VH-ZKG	C208
7FFF	VH-ZKH	GLID
8000	VH-ZKI	PA20
8001	VH-ZKJ	C172
8002	VH-ZKK	AS55
8003	VH-ZKL	C210
8005	VH-ZKN	C172
8006	VH-ZKO	R22
8007	VH-ZKP	FDCT
8008	VH-ZKQ	BN2P
800A	VH-ZKS	C172
800B	VH-ZKT	GLID
800D	VH-ZKV	RV6
800E	VH-ZKW	B505
8010	VH-ZKY	C172
8011	VH-ZKZ	CP23
801C	VH-ZLA	SF34
801D	VH-ZLB	PL2
801E	VH-ZLC	SF34
801F	VH-ZLD	PZ4M
8020	VH-ZLE	C550
8021	VH-ZLF	SF34
8022	VH-ZLG	SF34
8023	VH-ZLH	SF34
8024	VH-ZLI	C172
8025	VH-ZLJ	SF34
8026	VH-ZLK	SF34
8028	VH-ZLM	R22
802A	VH-ZLO	SF34
802B	VH-ZLP	R22
802C	VH-ZLQ	SF34
802D	VH-ZLR	SF34
802E	VH-ZLS	SF34
802F	VH-ZLT	C550
8030	VH-ZLU	SR22
8031	VH-ZLV	SF34
8032	VH-ZLW	SF34
8033	VH-ZLX	SF34
8034	VH-ZLY	XL2
8035	VH-ZLZ	RV6
8040	VH-ZMA	CRER
8041	VH-ZMB	C310
8042	VH-ZMC	MONI
8043	VH-ZMD	SLG4
8044	VH-ZME	GLST
8045	VH-ZMF	B06
8046	VH-ZMG	C402
8047	VH-ZMH	AS50
8049	VH-ZMJ	PA31
804A	VH-ZMK	B412
804B	VH-ZML	C210
804C	VH-ZMM	PA46
804F	VH-ZMP	BE20
8050	VH-ZMQ	C172
8051	VH-ZMR	C210
8052	VH-ZMS	TOBA
8053	VH-ZMT	C210
8055	VH-ZMV	C208
8056	VH-ZMW	BE20
8057	VH-ZMX	MX2
8058	VH-ZMY	PA34
8059	VH-ZMZ	PA18
8064	VH-ZNA	B789
8065	VH-ZNB	B789
8066	VH-ZNC	B789
8067	VH-ZND	B789
8068	VH-ZNE	B789
8069	VH-ZNF	B789
806A	VH-ZNG	B789
806B	VH-ZNH	B789
806C	VH-ZNI	B789
806D	VH-ZNJ	B789
806E	VH-ZNK	B789
806F	VH-ZNL	B789
8070	VH-ZNM	B789
8071	VH-ZNN	B789
807D	VH-ZNZ	R44
8089	VH-ZOB	C172
808B	VH-ZOD	BE55
808C	VH-ZOE	SS2T
808D	VH-ZOF	R22
808E	VH-ZOG	SM19
808F	VH-ZOH	A109
8090	VH-ZOI	CH7B
8091	VH-ZOJ	C172
8092	VH-ZOK	BE20
8096	VH-ZOO	PA30
8097	VH-ZOP	C172
8098	VH-ZOQ	C182
8099	VH-ZOR	BE20
809A	VH-ZOS	BE20
809B	VH-ZOT	GLIM
809C	VH-ZOU	BN2P
809F	VH-ZOX	C180
80A0	VH-ZOY	SREY
80AC	VH-ZPA	SF34
80AD	VH-ZPB	SF34
80AE	VH-ZPC	SF34
80B0	VH-ZPE	DAKH
80B1	VH-ZPF	C172
80B2	VH-ZPG	C172
80B3	VH-ZPH	EC30
80B4	VH-ZPI	EC30
80B5	VH-ZPJ	C172
80B6	VH-ZPK	C172
80B7	VH-ZPL	C172
80B8	VH-ZPM	L39
80B9	VH-ZPN	SF34
80BA	VH-ZPO	SF34
80BB	VH-ZPP	R22
80BD	VH-ZPR	E190
80BE	VH-ZPS	SPIT
80BF	VH-ZPT	RS21
80C1	VH-ZPV	C172
80C2	VH-ZPW	C172
80C3	VH-ZPX	SPIT
80C4	VH-ZPY	BE20
80C5	VH-ZPZ	SR20
80F4	VH-ZRA	SREY
80F5	VH-ZRB	SF34
80F6	VH-ZRC	SF34
80F8	VH-ZRE	SF34
80F9	VH-ZRF	B06
80FA	VH-ZRG	B06
80FB	VH-ZRH	SF34
80FC	VH-ZRI	SF34
80FD	VH-ZRJ	SF34
80FE	VH-ZRK	SF34
80FF	VH-ZRL	SF34
8100	VH-ZRM	SF34
8101	VH-ZRN	SF34
8102	VH-ZRO	AT8T
8103	VH-ZRP	B212
8104	VH-ZRQ	R44
8105	VH-ZRR	C82S
8106	VH-ZRS	BE76
8107	VH-ZRT	R22
8108	VH-ZRU	R44
8109	VH-ZRV	RV4
810A	VH-ZRW	R44
810B	VH-ZRX	R22
810C	VH-ZRY	SF34
810D	VH-ZRZ	SF34
8118	VH-ZSA	DH82
8119	VH-ZSB	C175
811A	VH-ZSC	RV7
811B	VH-ZSD	SLG2
811C	VH-ZSE	MC10
811D	VH-ZSF	ACR2
811E	VH-ZSG	PA22
811F	VH-ZSH	GLIM
8120	VH-ZSI	DA40
8122	VH-ZSK	B06
8123	VH-ZSL	GLIM
8124	VH-ZSM	AS50
8125	VH-ZSN	C172
8126	VH-ZSO	SLG2
8127	VH-ZSP	RV10
8128	VH-ZSQ	CNBR
812A	VH-ZSS	G2CA
812B	VH-ZST	AS50
812C	VH-ZSU	BE20
812D	VH-ZSV	SV4
812E	VH-ZSW	RV8
812F	VH-ZSX	C172
8130	VH-ZSY	BE20
8131	VH-ZSZ	SR20
813C	VH-ZTA	G115
813E	VH-ZTC	SS2T
813F	VH-ZTD	G115
8140	VH-ZTE	G115
8141	VH-ZTF	G115
8144	VH-ZTI	RV4
8145	VH-ZTJ	G115
8146	VH-ZTK	G115
8147	VH-ZTL	G115
8148	VH-ZTM	G115
8149	VH-ZTN	G115
814A	VH-ZTO	G115
814B	VH-ZTP	G115
814E	VH-ZTS	G115
814F	VH-ZTT	G115
8151	VH-ZTV	G115
8152	VH-ZTW	C82T
8153	VH-ZTX	G115
8154	VH-ZTY	G115
8160	VH-ZUA	BE76
8161	VH-ZUB	RV6
8162	VH-ZUC	T28
8163	VH-ZUD	PA44
8165	VH-ZUF	R44
8168	VH-ZUI	PA44
8169	VH-ZUJ	R44
816C	VH-ZUM	PA31
816D	VH-ZUN	B47G
816E	VH-ZUO	C172
816F	VH-ZUP	DH82
8170	VH-ZUQ	BL8
8171	VH-ZUR	RV8
8173	VH-ZUT	R44
8174	VH-ZUU	R44
8175	VH-ZUV	RV7
8177	VH-ZUX	B06
8178	VH-ZUY	B06
8179	VH-ZUZ	CULP
8184	VH-ZVA	EC30
8185	VH-ZVB	EC30
8186	VH-ZVC	EC30
8187	VH-ZVD	EC30
8188	VH-ZVE	EC30
8189	VH-ZVF	R44
818A	VH-ZVG	SR22
818B	VH-ZVH	R44
818C	VH-ZVI	GLIM
818D	VH-ZVJ	B505
818E	VH-ZVK	C206
818F	VH-ZVL	RV8
8190	VH-ZVM	P750
8191	VH-ZVN	B505
8192	VH-ZVO	EC30
8193	VH-ZVP	B412
8194	VH-ZVQ	R66
8195	VH-ZVR	RV12
8196	VH-ZVS	P28B
8197	VH-ZVT	M20P
8198	VH-ZVU	R44
8199	VH-ZVV	RV6
819A	VH-ZVW	GLST
819B	VH-ZVX	EC30
819C	VH-ZVY	EC30
819D	VH-ZVZ	VAMP
81A9	VH-ZWB	BE33
81AA	VH-ZWC	R44
81AB	VH-ZWD	P28A
81AC	VH-ZWE	P28A
81AD	VH-ZWF	P28A
81AE	VH-ZWG	PA38
81AF	VH-ZWH	C208
81B0	VH-ZWI	PA44
81B1	VH-ZWJ	P68
81B2	VH-ZWK	R44
81B3	VH-ZWL	R44
81B4	VH-ZWM	AC11
81B5	VH-ZWN	C182
81B6	VH-ZWO	BE58
81B7	VH-ZWP	C182
81B8	VH-ZWQ	R44
81B9	VH-ZWR	RV7
81BA	VH-ZWS	R44
81BB	VH-ZWT	R44
81BC	VH-ZWU	R44
81BD	VH-ZWV	B06
81BE	VH-ZWW	P28A
81BF	VH-ZWX	AS50
81C0	VH-ZWY	C172
81C1	VH-ZWZ	LGEZ
81CC	VH-ZXA	A139
81CD	VH-ZXB	A139
81CE	VH-ZXC	A139
81CF	VH-ZXD	A139
81D0	VH-ZXE	BPAT
81D1	VH-ZXF	SF34
81D2	VH-ZXG	SF34
81D4	VH-ZXI	R200
81D5	VH-ZXJ	PA46
81D6	VH-ZXK	SF34
81D7	VH-ZXL	CH65
81D8	VH-ZXM	BE20
81D9	VH-ZXN	SS2T
81DB	VH-ZXP	CH62
81DC	VH-ZXQ	SF34
81DD	VH-ZXR	GLID
81DE	VH-ZXS	SF34
81DF	VH-ZXT	GLID
81E0	VH-ZXU	SF34
81E1	VH-ZXV	GLID
81E2	VH-ZXW	B105
81E3	VH-ZXX	AS55
81E4	VH-ZXY	R200
81E5	VH-ZXZ	R44
81F0	VH-ZYA	LEG2
81F1	VH-ZYB	B06
81F2	VH-ZYC	MJ77
81F3	VH-ZYD	PA18
81F4	VH-ZYE	GLIM
81F5	VH-ZYF	AT3T
81F7	ZH-ZYH	WW24
81F8	VH-ZYI	WW24
81F9	VH-ZYJ	C172
81FA	VH-ZYK	PC9
81FB	VH-ZYL	R22
81FC	VH-ZYM	G115
81FD	VH-ZYN	CH60
81FF	VH-ZYP	SREY
8201	VH-ZYR	PA46
8203	VH-ZYT	R44
8204	VH-ZYU	RV7
8205	VH-ZYV	G115
8207	VH-ZYX	BE24
8208	VH-ZYY	C206
8209	VH-ZYZ	ST75
8214	VH-ZZA	DH8B
8215	VH-ZZB	DH8B
8216	VH-ZZC	DH8B
8217	VH-ZZD	SR22
8218	VH-ZZE	DH8C
8219	VH-ZZF	DH8C
821A	VH-ZZG	DH8C
821C	VH-ZZI	DH8B
821D	VH-ZZJ	DH8B
821E	VH-ZZK	C172
821F	VH-ZZL	LNC2
8220	VH-ZZM	R44
8221	VH-ZZN	DH8C
8222	VH-ZZO	PA38
8223	VH-ZZP	DH8B
8224	VH-ZZQ	QIC2
8225	VH-ZZR	LNC2
8226	VH-ZZS	RV8
8227	VH-ZZT	G2CA
8228	VH-ZZU	GLID
8229	VH-ZZV	P28T
822A	VH-ZZW	P28A
822B	VH-ZZX	VEZE
822C	VH-ZZY	B06
822D	VH-ZZZ	PTS2
86B2	VH-XQC	GLID
91B0	VH-22A	SR22
91B8	VH-221	SF34
A4DE	VH-8IO	B38M
A7CF	VH-8CX	M700
AC20	VH-8AA	DA40
AC22	VH-8AC	SR22
AC27	VH-8AH	C208
AC29	VH-8AJ	YK52
AC2A	VH-8AK	SR22
AC2C	VH-8AM	B350
AC2D	VH-8AN	P46T
AC2F	VH-8AP	RV12
AC31	VH-8AR	A139
AC32	VH-8AS	SR22
AC33	VH-8AT	S22T
AC34	VH-8AU	A139
AC36	VH-8AW	A139
AC37	VH-8AX	C206
AC44	VH-8BA	AT3T
AC45	VH-8BB	GLID
AC46	VH-8BC	GLIM
AC47	VH-8BD	C208
AC48	VH-8BE	C441
AC4B	VH-8BH	B06
AC4D	VH-8BJ	RV8
AC57	VH-8BT	R44
AC58	VH-8BU	B407
AC5A	VH-8BW	R22
AC66	VH-8B8	RV14
AC68	VH-8CA	BL8
AC69	VH-8CB	RV8
AC6A	VH-8CC	R22
AC6B	VH-8CD	DA40
AC6C	VH-8CE	R44
AC6F	VH-8CH	RV14
AC72	VH-8CK	R22
AC73	VH-8CL	R22
AC79	VH-8CR	R66
AC7A	VH-8CS	M20P
AC7B	VH-8CT	CH75
AC7C	VH-8CU	A320
AC7E	VH-8CW	BE55
AC8A	VH-8C8	R66
AC8C	VH-8DA	AT8T
AC8D	VH-8DB	AT8T
AC8E	VH-8DC	BE58
AC8F	VH-8DD	C510
AC90	VH-8DE	E545
AC9D	VH-8DR	AT3T
AC9E	VH-8DS	SR22
ACA9	VH-8D3	EC45
ACAE	VH-8D8	BE55
ACB0	VH-8EA	E190
ACB1	VH-8EB	E190
ACB5	VH-8EF	RV8
ACB7	VH-8EH	R44
ACB9	VH-8EJ	BE20
ACC1	VH-8ER	SR22
ACC2	VH-8ES	B06
ACC5	VH-8EV	EV97
ACD4	VH-8FA	AT8T
ACD7	VH-8FD	B350
ACD8	VH-8FE	A320
ACE4	VH-8FQ	B350
ACE5	VH-8FR	AT8T
ACE8	VH-8FU	EC30
ACE9	VH-8FV	K100
ACF9	VH-8GB	G2CA
ACFA	VH-8GC	R22
ACFC	VH-8GE	S22T
AD03	VH-8GL	TWEN
AD04	VH-8GM	S22T
AD06	VH-8GO	AT6T
AD07	VH-8GP	R44
AD09	VH-8GR	RODS
AD0B	VH-8GT	SR22
AD14	VH-8G2	G2CA
AD1C	VH-8HA	B350
AD1E	VH-8HC	R44
AD22	VH-8HG	PC12
AD23	VH-8HW	SLG4
AD24	VH-8HI	R44
AD26	VH-8HK	AS50
AD27	VH-8HL	H60
AD28	VH-8HM	R22
AD2B	VH-8HP	PC12
AD2D	VH-8HR	R44
AD38	VH-8H2	BE36
AD3E	VH-8H8	R22
AD40	VH-8IA	B38M
AD41	VH-8IB	B38M
AD42	VH-8IC	B38M
AD43	VH-8ID	B38M
AD44	VH-8IE	B38M
AD45	VH-8IF	B38M
AD46	VH-8IG	B38M
AD47	VH-8IH	B38M
AD48	VH-8II	B38M
AD49	VH-8IJ	B38M
AD4A	VH-8IK	B38M
AD4B	VH-8IL	B38M
AD4C	VH-8IM	B38M
AD4D	VH-8IN	PTSS
AD4F	VH-8IP	B38M
AD62	VH-8I8	RODS
AD64	VH-8JA	EC35
AD65	VH-8JB	EC45
AD66	VH-8JC	EC35
AD67	VH-8JD	SLG4
AD6A	VH-8JG	SR22
AD6B	VH-8JH	R22
AD73	VH-8JP	RV7
AD75	VH-8JR	S22T
AD76	VH-8JS	B738
AD77	VH-8JT	SLG2
AD79	VH-8JV	VL3
AD7A	VH-8JW	R44
AD89	VH-8KB	AT8T
AD8F	VH-8KH	B738
AD94	VH-8KM	AS50
AD9A	VH-8KS	ECHO
ADA4	VH-8K2	GLID
ADAC	VH-8LA	GL7T
ADB4	VH-8LI	A20N
ADB7	VH-8LL	B429
ADBE	VH-8LS	R22
ADCE	VH-8L8	SF50
ADD1	VH-8MB	AT8T
ADD2	VH-8MC	RV8
ADD5	VH-8MF	PC12
ADD6	VH-8MG	PC12
ADD8	VH-8MI	PC12
ADD9	VH-8MJ	GLEX
ADDA	VH-8MK	SR22
ADDB	VH-8ML	PC12
ADDC	VH-8MM	PA46
ADDD	VH-8MN	PA30
ADDF	VH-8MP	AT8T
ADE1	VH-8MR	GLEX
ADE3	VH-8MT	BE20
ADE8	VH-8MY	C25M
ADEC	VH-8M2	C25M
ADF2	VH-8M8	SR22
ADF7	VH-8ND	AT8T
AE03	VH-8NP	A319
AE04	VH-8NQ	A319
AE05	VH-8NR	A319
AE06	VH-8NS	A319
AE07	VH-8NT	R44
AE08	VH-8NU	A319
AE09	VH-8NV	A319
AE0A	VH-8NW	A319
AE0B	VH-8NX	TBM7
AE0C	VH-8NY	A319
AE0D	VH-8NZ	A319
AE18	VH-8OA	C180
AE1A	VH-8OC	RENE
AE1E	VH-8OG	R22
AE20	VH-8OI	CH80
AE27	VH-8OP	R44
AE2B	VH-8OT	C180
AE2E	VH-8OW	DA40
AE31	VH-8OZ	AT8T
AE34	VH-8O2	AT8T
AE3A	VH-8O8	R22
AE3F	VH-8PD	B350
AE40	VH-8PE	B350
AE41	VH-8TY	B350	A
AE42	VH-8PG	DH8C
AE43	VH-8PH	B350
AE45	VH-8PJ	B190
AE48	VH-8PM	AT8T
AE4A	VH-8PO	BE20
AE4B	VH-8PP	R44
AE4D	VH-8PR	DA40
AE5A	VH-8P4	SR20
AE60	VH-8QA	DH8D
AE61	VH-8QB	DH8D
AE62	VH-8QC	DH8D
AE63	VH-8QD	DH8D
AE64	VH-8QE	DH8D
AE8D	VH-8RJ	AP32
AE93	VH-8RP	EC45
AE97	VH-8RT	C525
AE99	VH-8RV	RV8
AE9A	VH-8RW	GLIM
AEA0	VH-8R2	R22
AEA2	VH-8R4	R44
AEA6	VH-8R8	DA62
AEA9	VH-8SB	PA14
AEAB	VH-8SD	SLG4
AEB4	VH-8SM	AT8T
AEB9	VH-8SR	SR22
AECD	VH-8TB	RS21
AECE	VH-8TC	SR22
AECF	VH-8TD	TB20
AED2	VH-8TG	B738
AED3	VH-8TH	GLID
AED7	VH-8TL	C208
AED9	VH-8TN	SR20
AEDA	VH-8TO	EV97
AEDB	VH-8TP	PC24
AEDF	VH-8TT	B350
AEE4	VH-8TY	C208	A
AEE8	VH-8T2	C441
AEEE	VH-8T8	AT8T
AEF7	VH-8UH	H60
AEFB	VH-8UL	H60
AEFF	VH-8UP	GLIM
AF14	VH-8VA	B38M
AF15	VH-8VB	B38M
AF16	VH-8VC	B38M
AF17	VH-8VD	B38M
AF18	VH-8VE	B38M
AF19	VH-8VF	B38M
AF1A	VH-8VG	B38M
AF1B	VH-8VH	B38M
AF1C	VH-8VI	B38M
AF23	VH-8VP	R22
AF25	VH-8VR	RV8
AF36	VH-8V8	RV8
AF37	VH-8V9	R44
AF38	VH-8WA	R44
AF3A	VH-8WC	G2CA
AF3B	VH-8WD	PZ04
AF3E	VH-8WG	A109
AF42	VH-8WK	LJ45
AF43	VH-8WL	PA34
AF45	VH-8WN	R44
AF47	VH-8WP	H500
AF4E	VH-8WW	H269
AF5C	VH-8XA	DH8D
AF5D	VH-8XB	DH8D
AF5E	VH-8XC	DH8D
AF5F	VH-8XD	DH8D
AF69	VH-8XN	DH8D
AF6A	VH-8XO	AT8T
AF6E	VH-8XS	DH8D
AF73	VH-8XX	AS50
AF7E	VH-8X8	C150
AF8C	VH-8YM	R44
AF8D	VH-8YN	R22
AF92	VH-8YS	PC24
AFA5	VH-8ZB	M18
AFAB	VH-8ZH	SLG4
AFAF	VH-8ZL	B738
AFBD	VH-8ZZ	R22
AFC1	VH-8Z3	EC35
AFC2	VH-8Z4	EC35
AFC6	VH-8Z8	PISI
B010	VH-82A	AT8T
B012	VH-82C	SR22
B015	VH-82F	RV6
B016	VH-82G	C182
B018	VH-82I	B412
B019	VH-82J	B412
B01A	VH-82K	B412
B01E	VH-82O	G202
B01F	VH-82P	SW4
B020	VH-82Q	C208
B021	VH-82R	C182
B023	VH-82T	R44
B024	VH-82U	P28A
B025	VH-82V	R44
B028	VH-82Y	R44
B029	VH-82Z	R66
B034	VH-83A	SR22
B035	VH-83B	P28A
B036	VH-83C	P28A
B040	VH-83M	R66
B044	VH-83Q	AS50
B058	VH-84A	DH8D
B059	VH-84B	DH8D
B05C	VH-84E	DH8D
B05D	VH-84F	DH8D
B05E	VH-84G	DH8D
B061	VH-84J	DH8D
B062	VH-84K	B407
B063	VH-84L	DH8D
B064	VH-84M	K100
B065	VH-84N	DH8D
B066	VH-84O	DH8D
B067	VH-84P	DH8D
B06B	VH-84T	SR22
B06C	VH-84U	EAGX
B083	VH-85H	BE20
B08F	VH-85T	B350
B0A1	VH-86B	R44
B0AB	VH-86L	H60
B0C4	VH-87A	RV7
B0D0	VH-87M	A109
B0DB	VH-87X	E55P
B0E8	VH-88A	SR20
B0F2	VH-88K	PC24
B0F4	VH-88M	PC24
B0F5	VH-88N	GA8
B0F9	VH-88R	DA50
B10C	VH-89A	G2CA
B118	VH-89M	BN2P
B123	VH-89X	R22
B124	VH-89Y	R22
B125	VH-89Z	R22
B9A6	G-1820	CLON
B9A7	G-2376	SPGY
B9AD	G-0915	MM24
B9AF	G-6007	ELA7
BBAA	19-8207	WACO
BBAD	19-8650	NNJA
BBAE	19-8316	CH60
BBAF	19-8194	MAGC
BBB3	19-7781	RV9
BBB5	19-3360	ZEPH
BBB8	19-9112	RV12
BBB9	19-8645	WACO
BBBC	19-8402	SVNH
BBBD	19-4046	JAB4
BBBE	19-8694	WACO
BBBF	19-8536	WACO
BBC2	24-8808	WACO
BBC3	19-8399	WACO
BBC6	19--9000	RV9
BBCC	19-1203	ALIG
BBD2	19-4295	SVNH
BBD6	19-1048	TAIL
BBDF	19-1636	RV12
BBE9	19-3284	CJ1
BBEB	19-3393	SF2
BBEC	19-1533	CJ1
BBEE	19-3813	CH60
BBEF	19-4630	CH60
BBF2	19-8776	SONX
BBF5	19-7035	JABI
BBF9	19-1703	CH75
BBFA	19-5054	SASP
BBFD	19-2511	HIGH
BBFE	19-1722	EUPA
BC01	19-5321	JABI
BC05	19-8459	EUPA
BC0A	19-8706	SONX
BC0C	19-7368	ALIG
BC0F	19-1676	RS20
BC10	19-2723	BUSH
BC11	19-4214	JAB4
BC13	19-5562	ALIG
BC14	19-9330	SONX
BC15	19-7888	SVNH
BC18	19-7380	ALIG
BC19	19-1504	ALIG
BC1C	19-1770	SVNH
BC1D	19-4342	ALGR
BC1E	19-3856	JABI
BC1F	19-5396	JAB2
BC21	19-2053	BR61
BC22	19-7068	SVNH
BC23	19-3815	CJ1
BC24	19-4564	CAD2
BC28	19-4079	JAB4
BC2A	19-2374	MCR4
BC2C	19-1738	JAB4
BC2E	19-8321	SVNH
BC33	19-1641	SVNH
BC35	19-2060	RV12
BC3A	198091	JAB4
BC3E	19-7150	JAB4
BC46	19-2065	BR60
BC49	19-2220	BUSH
BC4A	19-2464	BUSH
BC4B	19-3517	JABI
BC4C	19-2525	CH60
BC4E	19-7124	CH60
BC50	19-4949	JAB4
BC51	19-7646	MAGC
BC54	??-1077	WACO
BC58	19-8298	CJ1
BC5A	19-4907	JAB4
BC5B	19-3774	JAB4
BC61	19-8559	JAB2
BC62	19-8475	JAB4
BC65	19-7872	APUP
BC67	19-3918	JAB4
BC6C	19-3881	ZEPH
BC70	23-8687	CH60
BC71	19-7376	RV4
BC72	19-2706	ALIG
BC74	19-3740	JABI
BC75	19-1890	JABI
BC7B	19-2086	JAB4
BC7C	19-2098	SLG2
BC80	19-8861	RV3
BC82	19-7549	JAB2
BC83	19-2020	SVNH
BC86	19-2104	SVNH
BC8B	19-7012	JAB4
BC96	19-7717	CH60
BC97	19-1614	WAIX
BC99	19-8819	VTRA
BCA1	19-3905	JABI
BCB6	19-8595	JAB2
BCBF	19-8135	JAB2
BCC6	19-3535	FUSI
BCC7	19-3580	JABI
BCC9	19-8705	SVNH
BCCD	19-5297	SVNH
BCCE	19-9595	PULS
BCD5	19-4293	EUPA
BCD6	24-7897	ECHO
BCDE	19-4301	EUPA
BCE3	19-8044	SKRA
BCE4	19-2097	JABI
BCE6	19-4627	APUP
BCE7	R8576	CH60
BCE8	19-2150	CH70
BCEA	19-55-25	CH60
BCF7	??-7604	WACO
BD04	19-2185	RV12
BD0A	19-4491	D11
BD22	19-5335	WACO
C377	24-7572	EFOX
C37A	24-7909	EFOX
C37D	24-8038	PIVI
C37F	24-8118	AP22
C385	24-8063	AP22
C388	24-4175	WACO
C38A	24-8003	FDCT
C38E	24-7469	FDCT
C391	24-8110	CRUZ
C392	24-8245	AP22
C395	24-7916	NG5
C396	24-8344	AP22
C397	24-8379	AP22
C399	24-8300	AP22
C39A	24-8292	FDCT
C39B	24-8340	SLG2
C39E	24-8406	AP22
C3A8	24-8476	JAB2
C3AC	24-8517	AP22
C3AD	??-3132	WACO
C3AE	24-8516	AP22
C3AF	24-8526	WACO
C3B0	24-8538	WACO	A
C3B2	24-8543	AP22
C3B3	24-8317	PIVI
C3B4	24-8560	JABI
C3B5	24-5353	JAB4
C3B7	24-8563	EVSS
C3BB	24-8566	NG5
C3BE	24-8589	AP22
C3C0	24-8620	ECHO
C3C1	24-8541	PISI
C3C3	24-8611	MX1T
C3C4	24-8605	SVNH
C3C6	24-8606	JAB4
C3C7	24-8618	AP22
C3C8	24-8398	P208
C3C9	24-8626	ECHO
C3CC	24-8631	WACO
C3CD	24-8637	JAB4
C3CE	24-8387	ECHO
C3D0	24-8788	P208
C3D1	24-8641	FK9
C3D5	24-9090	TL20
C3D7	24-8655	NG5
C3DC	24-8657	PIVI
C3DD	24-8704	AP32
C3DE	24-8708	RV12
C3DF	24-8699	JAB2
C3E1	24-8697	NG5
C3E2	24-8698	NG5
C3E5	24-5219	SIRA
C3E6	24-8577	MX1T
C3E7	24-8357	ECHO
C3E8	23-8744	AP22
C3E9	23-8745	AP22
C3EA	24-8569	SLG2
C3ED	24-8679	WACO
C3EE	24-8693	SLG2
C3EF	24-8735	NG5
C3F0	23-8766	JAB4
C3F4	24-8755	NG5
C3F5	24-8820	TL20
C3F6	23-8770	AP32
C3F7	24-4844	EFOX
C3F8	24-8515	SLG2
C3F9	24-8592	SLG2
C3FA	24-8514	SLG2
C3FB	24-8668	SLG2
C3FC	24-8629	SLG2
C3FD	24-8489	SLG2
C402	23-8129	BR61
C404	24-8761	NG5
C405	24-8762	NG5
C407	24-9100	AP22
C408	24-8667	SLG2
C40B	23-9610	AP32
C40C	24-8470	SLG2
C410	24-8572	ECHO
C411	24-5481	JAB4
C414	24-7163	JAB4
C415	23-8807	JAB4
C418	23-8823	ECHO
C419	23-8822	P208
C41A	23-8901	NG5
C41B	23-0004	NG5
C41D	23-8778	P208
C41E	23-0799	AP22
C421	24-4311	KP2
C425	23-0903	JAB2
C426	23-8639	AP32
C427	23-8666	AP32
C428	24-4442	TEXA
C429	24-0685	PRIM
C42A	24-0650	PRIM
C42C	23-2008	P208
C42D	24-8818	EFOX
C42E	24-8828	EFOX
C431	23-8835	AP22
C434	24-8642	P208
C43A	24-8026	PNR3
C43B	23-1131	NG5
C43C	23-1132	SLG2
C43D	23-6568	NG5
C43E	23-8827	NG5
C440	23-1160	NG5
C442	23-1156	NG5
C443	23-1515	NG5
C446	24-8638	SLG2
C447	23-1696	AP32
C448	23-1127	AP22
C449	23-1314	AP32
C44B	23-0938	PIAT
C44C	23-5584	AP32
C44D	24-4574	SIRA
C44E	23-8333	FDCT
C44F	23-9747	FDCT
C451	23-8842	AP22
C452	23-8305	JAB2
C453	23-6200	AP22
C455	24-5117	PNR2
C456	23-8844	AP32
C457	23-2467	AP32
C458	23-1510	SIRA
C45B	23-8791	AP22
C45C	23-9081	AP22
C45F	24-8415	EFOX
C466	24-8800	L8
C468	23-9151	NG5
C469	23-1539	AP22
C46A	23-1550	P208
C46B	24-5015	JAB4
C46C	23-1552	P208
C46F	23-1560	P208
C470	23-9994	NG5
C473	23-1564	NG5
C474	23-1565	NG5
C476	24-7509	TL30
C477	24-4715	JAB2
C478	23-1569	JAB4
C47A	23-1580	P208
C47E	23-1594	AP32
C47F	23-1587	TL20
C481	24-5310	AP22
C482	23-1559	P208
C483	23-1613	MCR1
C484	23-1625	SLG2
C485	23-1630	AP32
C486	23-8989	AP32
C487	24-1912	WACO
C488	24-8219	PIVI
C48A	23-2912	P208
C48B	23-1640	ASTO
C48D	24-5955	ECHO
C48F	23-2508	CTAH
C491	23-1626	KR30
C492	23-0000	FDCT
C493	24-8801	J3
C494	24-7649	JAB2
C495	23-1650	EV97
C496	24-8234	AP22
C499	24-1660	NG5
C49A	24-7891	PETR
C49E	23-1670	SIRA
C49F	23-1661	JAB4
C4A1	24-5348	EFOX
C4A2	23-8855	NG5
C4A4	23-6188	TL30
C4A6	24-5508	JAB4
C4A7	23-1647	JAB2
C4A8	23-1680	JAB4
C4A9	24-7623	JAB4
C4AB	23-1681	JAB4
C4AC	24-7957	BR61
C4AD	24-5051	EFOX
C4AE	24-5500	JAB2
C4AF	24-4871	JAB2
C4B0	24-7002	JAB2
C4B2	23-0001	FDCT
C4B3	24-4927	JAB4
C4B4	24-7530	JAB4
C4B6	23-8768	AP22
C4B9	24-4616	JAB2
C4BA	23-0832	AP22
C4BB	23-5595	ALTO
C4BC	24-8676	ECHO
C4BE	24-8395	ECHO
C4C0	24-5016	JAB4
C4C1	24-4222	GOLF
C4C5	24-7628	FDCT
C4C7	23-2233	ALTO
C4C8	24-7929	AP22
C4C9	24-5200	AP22
C4CA	24-8085	AP22
C4CB	23-1693	JAB4
C4CD	24-8169	PIVI
C4CE	24-7900	ALIG
C4CF	24-4651	SIRA
C4D0	23-1712	ECHO
C4D2	24-8023	SIRA
C4D3	24-7277	AP22
C4D4	23-9340	SLG2
C4D6	24-7349	JAB4
C4D7	24-8014	CC11
C4D9	24-4037	KP5
C4DA	24-5336	JAB2
C4DB	24-8164	JAB2
C4DC	24-7026	JAB2
C4DD	24-7244	JAB2
C4DF	24-4205	ALGR
C4E0	24-4508	ALGR
C4E2	24-7225	AP22
C4E4	24-7597	JAB4
C4E5	22-7455	AP22
C4E7	24-7456	JAB4
C4E9	23-2087	SLG2
C4EA	24-4199	ECHO
C4EB	24-5441	AP22
C4ED	23-1727	AP32
C4EF	24-4944	PNR3
C4F0	24-8240	NG5
C4F1	24-7950	C162
C4F3	23-8882	EFOX
C4F4	23-8881	EFOX
C4F6	23-8852	AP32
C4F7	23-8848	AP32
C4F8	23-6933	P208
C4FB	24-7532	JAB4
C4FC	23-8790	AP22
C4FD	23-1737	AP22
C500	23-2181	ALTO
C501	23-1736	JAB2
C502	23-8845	PA18
C505	23-1742	NG5
C507	24-4466	FDCT
C508	23-1760	P208
C509	24-8544	AP22
C50A	24-1765	NG5
C50B	24-7600	ECHO
C50C	24-8078	P208
C50D	24-8431	AP22
C50E	23-1780	ECHO
C50F	23-1769	ECHO
C514	23-1740	AP32
C516	23-1762	AP32
C517	23-5964	AP32
C518	24-7963	AP22
C51A	23-1768	AP32
C51B	24-7770	AP22
C51C	24-8283	AP22
C51E	23-1746	P208
C51F	23-6872	SLG2
C520	23-2890	SLG2
C522	23-1783	WT9
C523	23-1784	TL20
C524	23-2007	TL30
C525	24-4258	STCH
C526	23-1766	JAB4
C528	24-7511	TL30
C529	23-7788	SLG2
C52A	24-8102	JAB2
C52C	24-8665	SLG2
C52D	23-2015	SIRA
C52F	23-2017	SVNH
C530	23-1787	BR61
C533	23-9200	ALTO
C537	23-2047	JAB4
C538	24-7601	JAB2
C539	24-9153	VL3
C53A	23-1755	KR30
C53C	23-1764	FDCT
C540	24-1651	TL20
C541	24-8136	PNR2
C542	23-1588	P208
C544	23-2018	AP32
C545	24-7167	EV97
C546	24-4691	AP22
C548	24-7253	JAB2
C54A	24-5564	PNR3
C54B	24-5521	ECHO
C54C	23-2055	PIAE
C54D	24-5360	SAVG
C54E	24-7013	JAB4
C554	24-4852	ECHO
C555	24-5420	ECHO
C556	24-4703	PNR3
C557	23-2066	EV97
C558	24-4784	JAB4
C55C	24-4486	JAB2
C562	24-4090	FOX
C565	24-2074	NG5
C566	24-5198	JAB2
C568	23-1720	EVSS
C56C	24-7571	EFOX
C56E	24-3789	ECHO
C570	24-5522	EVSS
C572	24-7293	JAB2
C573	24-5134	JAB4
C574	24-4223	MX80
C576	24-5197	JAB4
C577	24-2473	L8
C57A	23-2079	DV1
C57D	24-7189	JAB4
C57E	24-7258	JAB4
C581	23-2088	JAB4
C582	23-4545	FAET
C583	23-6020	AP22
C584	24-4796	JAB4
C587	24-5427	JABI
C588	24-4824	JAB2
C58C	23-2095	ECHO
C594	23-2092	PIAE
C596	24-4308	FOX
C598	24-7753	SVNH
C599	23-9954	SLG2
C59C	24-3626	FOX
C59E	R8394	ECHO
C5A0	24-5530	ECHO
C5A4	24-7495	JAB4
C5A5	24-8274	BR60
C5A6	24-7599	FDCT
C5A8	23-2044	EFOX
C5A9	24-8001	P208
C5AB	23-2117	JAB4
C5AE	24-7348	JAB2
C5B0	24-7671	ECHO
C5B1	24-8388	ECHO
C5B5	24-7918	JAB4
C5BA	24-3901	ECHO
C5BE	24-8858	RISN
C5BF	24-4498	JAB2
C5C0	24-4766	JAB2
C5C3	24-4783	JAB4
C5C6	23-2130	ECHO
C5CA	24-8239	NG5
C5CB	24-7238	JAB4
C5CE	24-3964	ECHO
C5CF	23-2128	AP32
C5D2	24-4848	FDCT
C5D6	24-8228	ECHO
C5E6	24-7693	JAB2
C5E7	24-8538	JAB2	A
C5E8	24-7385	JAB2
C5E9	24-7252	JAB2
C5EA	24-5086	JAB4
C5EC	24-7010	ECHO
C5EF	23-6010	AP32
C5F5	23-2129	SVNH
C5F6	23-2812	AP32
C5F9	23-2157	SLG2
C5FD	23-2141	NG5
C5FF	24-7821	JAB4
C601	24-2131	EFOX
C602	24-2133	EFOX
C606	24-7844	CRUZ
C607	24-4525	EVSS
C608	23-9451	J3
C609	24-8473	PIVI
C60B	24-8582	SLG2
C60D	19-1696	AP32
C60F	23-1675	SLG2
C610	23-2167	EV97
C612	24-2947	AR11
C615	R4597	WACO
C618	23-2550	AP32
C621	24-7533	JABI
C622	24-2318	NG5
C624	23-2134	NG5
C625	23-2136	NG5
C627	24-6810	NG5
C629	24-2176	NG5
C62A	24-9011	NG5
C62C	24-8562	SIRA
C62E	24-7217	JAB4
C631	23-1648	PIAT
C632	24-5436	JAB4
C633	24-5558	JAB4
C634	24-7455	AP22
C640	23-1529	LGND
C642	23-9555	AP32
C64D	23-6969	NG5
C651	??-8210	PIVI
C657	24-4497	JAB2
C65E	24-7384	JAB4
C662	24-5260	AP22
C668	23-2295	LGND
C66C	24-4940	JAB2
C66D	24-5013	JAB4
C66E	??-7499	WACO
C674	24-2216	NNJA
C67B	23-2009	P208
C67E	23-7476	JAB4
C681	24-4113	EVSS
C686	23-2238	AURA
C687	23-2178	JAB4
C690	24-5462	CRUZ
C6A1	23-2707	AP32
C6A9	R2260	WACO
C6AA	24-5356	AP22
C6B1	24-5214	JAB2
C6B2	24-5077	JAB4
C6B8	24-8303	AP22
C6BA	23-2267	JAB2
C6C6	24-8624	AP22
CC71	25-0037	LWIN
CC75	25-0460	DRIF
CC76	25-0787	DRIF
CE65	28-0918	AVID
CE67	28-3301	FOX
CE68	28-1987	RS12
CF35	32-9120	EDGE
CF3E	32-7931	LWIN
D317	55-3558	JABI
D322	55-1837	JABI
DEFB	VH-AG8	SLG4
F077	CAR 12	CAR
F07F	VH-TGE	DH82
F447	CAR 11	CAR
F44E	CAR 5	CAR
F456	CAR 46	CAR
F4BC	VH-TGB	C180
F4BD	VH-TGC	H269
F4C1	VH-TGH	M18
F81B	55-1875	JABI
F830	A97-440	C30J
F831	A97-441	C30J
F832	A97-442	C30J
F833	A97-447	C30J
F834	A97-448	C30J
F835	A97-449	C30J
F836	A97-450	C30J
F837	A97-464	C30J
F838	A97-465	C30J
F839	A97-466	C130
F83A	A97-467	C30J
F83B	A97-468	C30J
F83C	A27-002	HAWK
F83D	A27-003	HAWK
F83E	A27-004	HAWK
F83F	A27-005	HAWK
F840	A27-006	HAWK
F841	A27-007	HAWK
F842	A27-008	HAWK
F843	A27-009	HAWK
F844	A27-010	HAWK
F845	A27-011	HAWK
F846	A27-012	HAWK
F847	A27-013	HAWK
F848	A27-014	HAWK
F849	A27-015	HAWK
F84A	A27-016	HAWK
F84B	A27-017	HAWK
F84C	A27-018	HAWK
F84D	A27-019	HAWK
F84E	A27-020	HAWK
F84F	A27-021	HAWK
F850	A27-18	HAWK
F851	A27-023	HAWK
F852	A27-024	HAWK
F853	A27-026	HAWK
F854	A27-027	HAWK
F855	A27-028	HAWK
F856	A27-029	HAWK
F857	A27-030	HAWK
F858	A27-031	HAWK
F859	A27-032	HAWK
F85A	A27-033	HAWK
F85B	A27-034	HAWK
F85C	A36-001	B737
F85D	A36-002	B737
F864	A39-001	A332
F865	A39-002	A332
F866	A39-003	A332
F867	A39-004	A332
F868	A39-005	A332
F869	A41-206	C17
F86A	A41-207	C17
F86B	A41-208	C17
F86C	A41-209	C17
F86D	A32-426	B350
F86E	A32-437	B350
F86F	A32-439	B350
F870	A40-001	NH90
F871	A40-003	NH90	A
F872	A40-003	NH90	A
F873	A40-004	NH90
F874	A40-005	NH90
F875	A40-006	NH90
F876	A40-007	NH90
F877	A40-008	NH90
F878	A40-009	NH90
F879	A40-002	NH90
F87A	A40-011	NH90
F87B	A40-012	NH90
F87C	A40-013	NH90
F87D	A40-014	NH90
F87E	A40-015	NH90
F87F	A40-016	NH90
F880	A40-017	NH90
F881	A40-018	NH90
F882	A40-019	NH90
F883	A40-020	NH90
F884	A40-021	NH90
F885	A40-022	NH90
F886	A40-023	NH90
F887	A40-024	NH90
F888	A40-025	NH90
F889	A40-026	NH90
F88A	A40-027	NH90
F88B	A40-028	NH90
F88C	A40-029	NH90
F88D	A40-030	NH90
F88E	A40-031	NH90
F88F	A40-032	NH90
F890	A40-033	NH90
F891	A40-034	NH90
F892	A40-035	NH90
F893	A40-036	NH90
F894	A40-037	NH90
F895	A40-038	NH90
F896	A40-039	NH90
F897	A40-040	NH90
F898	A40-041	NH90
F899	A40-042	NH90
F89A	A40-043	NH90
F89B	A40-044	NH90
F89C	A40-046	NH90
F89D	A40-045	NH90
F89E	A40-047	NH90
F8C1	A51-001	GLF5
F8C3	A51-003	GLF5
F8C4	A51-004	GLF5
F8C8	A44-204	F18S
F8CC	A44-208	F18S
F8D0	A44-212	F18S
F8D7	A44-219	F18S
F8D8	A44-220	F18S
F8D9	A44-221	F18S
F8DB	A44-223	F18S
F8DD	A17-011	B06
F8DF	VH-HQR	B06
F8E7	A17-017	B06
F8EB	A32-651	B350
F8EC	A32-670	B350
F8ED	A32-671	B350
F8EE	A32-673	B350
F8EF	A32-675	B350
F8F0	A30-001	E737
F8F1	A30-002	E737
F8F2	A30-003	E737
F8F3	A30-004	E737
F8F4	A30-005	E737
F8F5	A30-006	E737
F91A	A9-657	P3
F91D	A9-660	P3
F922	A41-210	C17
F924	A17-018	B06
F925	A41-211	C17
F98D	A34-001	C27J
F98E	A34-002	C27J
F98F	A34-003	C27J
F990	A34-004	C27J
F991	A34-005	C27J
F992	A34-006	C27J
F993	A34-007	G222
F994	A34-008	G222
F995	A34-009	C27J
F996	A34-010	C27J
F999	A15-301	H47
F99A	A15-302	H47
F99B	A15-303	H47
F99C	A15-304	H47
F99D	A15-305	H47
F99E	A15-306	H47
F99F	A15-307	H47
F9A0	N48-001	H60
F9A1	N48-002	H60
F9A2	N48-003	H60
F9A3	N48-004	H60
F9A4	N48-005	H60
F9A5	N48-006	H60
F9A6	N48-007	H60
F9A7	N48-008	H60
F9A8	N48-009	H60
F9A9	N48-010	H60
F9AA	N48-011	H60
F9AB	N48-012	H60
F9AC	N48-013	H60
F9AD	N48-014	H60
F9AE	N48-015	H60
F9AF	N48-016	H60
F9B0	N48-017	H60
F9B1	N48-018	H60
F9B2	N48-019	H60
F9B3	N48-020	H60
F9B4	N48-021	H60
F9B5	N48-022	H60
F9B6	N48-023	H60
F9B7	N48-024	H60
F9C4	A41-212	C17
F9C5	A41-213	C17
F9C8	A39-006	A332
F9C9	A39-007	A332
F9CB	A47-001	P8
F9CC	A47-002	P8
F9CD	A47-003	P8
F9CE	A47-004	P8
F9CF	A47-005	P8
F9D0	A47-006	P8
F9D1	A47-007	P8
F9D2	A47-008	P8
F9D3	A47-009	P8
F9D4	A47-010	P8
F9D5	A47-011	P8
F9D6	A47-012	P8
F9D8	A54-001	PC21
F9D9	A54-002	PC21
F9DA	A54-003	PC21
F9DB	A54-004	PC21
F9DC	A54-005	PC21
F9DD	A54-006	PC21
F9DE	A54-007	PC21
F9DF	A54-008	PC21
F9E0	A54-009	PC21
F9E1	A54-010	PC21
F9E2	A54-011	PC21
F9E3	A54-012	PC21
F9E4	A54-013	PC12
F9E5	A54-014	PC21
F9E6	A54-015	PC21
F9E7	A54-016	PC21
F9E8	A54-017	PC21
F9E9	A54-018	PC21
F9EA	A54-019	PC21
F9EB	A54-020	PC21
F9EC	A54-021	PC21
F9ED	A54-022	PC21
F9EE	A54-023	PC21
F9EF	A54-024	PC21
F9F0	A54-025	PC21
F9F1	A54-026	PC21
F9F2	A54-027	PC21
F9F3	A54-028	PC21
F9F4	A54-029	PC21
F9F5	A54-030	PC21
F9F6	A54-031	PC21
F9F7	A54-032	PC21
F9F8	A54-033	PC21
F9F9	A54-034	PC21
F9FA	A54-035	PC21
F9FB	A54-036	PC21
F9FC	A54-037	PC21
F9FD	A54-038	PC21
F9FE	A54-039	PC21
F9FF	A54-040	PC21
FA00	A54-041	PC21
FA01	A54-042	PC21
FA02	A54-043	PC21
FA03	A54-044	PC21
FA04	A54-045	PC21
FA05	A54-046	PC21
FA06	A54-047	PC21
FA07	A54-048	PC21
FA08	A54-049	PC21
FA09	N52-001	EC35
FA0A	N52-002	EC35
FA0B	N52-003	EC35
FA0C	N52-004	EC35
FA0D	N52-005	EC35
FA0E	N52-006	EC35
FA0F	N52-007	EC35
FA10	N52-008	EC35
FA11	N52-009	EC35
FA12	N52-010	EC35
FA13	N52-011	EC35
FA14	N52-012	EC35
FA15	N52-013	EC35
FA16	N52-014	EC35
FA17	N52-015	EC35
FA19	A38-002	TIGR
FA1B	A38-004	TIGR
FA1E	A38-007	TIGR
FA1F	A38-008	TIGR
FA26	A38-009	TIGR
FA27	A38-016	TIGR
FA28	A38-017	TIGR
FA2C	A38-021	TIGR
FA2D	A38-022	TIGR
FA2E	A15-308	H47
FA2F	A15-309	H47
FA30	A15-310	H47
FA31	A32-988	B350
FA32	A32-003	B350
FA33	A32-008	B350
FA34	A32-021	B350
FA35	A32-006	B350
FA71	A56-001	FA7X
FA72	A56-002	FA7X
FA73	A56-003	FA7X
FA75	A57-002	Q4
FA93	A62-001	B38M
FA94	A62-002	B38M
FA97	A47-013	P8
FA98	A47-014	P8
FA9F	A60-001	H60
FAA0	A60-002	H60
FAA1	A60-003	H60
FAA2	A60-004	H60
FAA3	A60-005	H60
FAA4	A60-006	H60
FAA5	A60-007	H60
FAA6	A60-008	H60
FAA7	A60-009	H60
FAA8	A60-010	H60	A
FAA9	A60-011	H60
FAAA	A60-012	H60
FAAB	A60-013	H60
FAAC	A60-014	H60
FAAE	A60-016	H60
FAAF	A60-017	H60
FAB0	A60-018	H60
FAB1	A60-019	H60
FAD2	A15-311	H47
FAD3	A15-312	H47
FAD4	A15-313	H47
FAD5	A15-314	H47
FAE5	N48-025	H60
FAE6	N48-026	H60
FAFE	N52-103	EC35
FAFF	N52-104	EC35
FC1E	G-5070	CLON
FC20	G-81626	CLON
FC23	24-5201	ECHO
FC29	24-5059	EVSS
FC37	23-0943	EVSS
FC53	24-7404	JAB2
FC6E	24-8057	CC11
FC73	VH-VLI	R22
FC7D	24-7071	EVSS
