0001	N1	C680
0005	N1AC	BIPL
0006	N1AD	RV8
0009	N1AG	BE40
000A	N1AH	RLU1
000B	N1AJ	PTS1
000D	N1AL	GLF6
000E	N1AM	GLF5
0010	N1AP	C750
0012	N1AR	GLEX
0013	N1AS	G44
0014	N1AT	PA31
0017	N1AW	BE35
0018	N1AX	C172
0019	N1AY	SR22
001A	N1AZ	FA7X
001C	N1BA	A5
001D	N1BB	GLF5
001F	N1BD	T34P
0021	N1BF	BE55
0022	N1BG	GLF4
0024	N1BJ	EUPA
0026	N1BL	C25C
0028	N1BN	GA6C
0029	N1BP	C182
002C	N1BS	C750
002D	N1BT	GLIM
002E	N1BU	BU31
0030	N1BW	BE35
0031	N1BX	GLF5
0032	N1BY	HROC
0033	N1BZ	C25A
0034	N1C	GA5C
0035	N1CA	CL30
0037	N1CC	GLF5
0038	N1CD	GLF5
0039	N1CE	C25B
003A	N1CF	CL30
003E	N1CK	BE35
0040	N1CM	DHC2
0041	N1CN	BE95
0042	N1CP	CL60
0043	N1CQ	AA1
0044	N1CR	AS50
0045	N1CS	NAVI
0046	N1CT	P337
0047	N1CU	CL60
0048	N1CV	GLF6
0049	N1CW	PC12
004C	N1CZ	C190
004D	N1D	GLF4
004E	N1DA	C500
004F	N1DB	BE40
0050	N1DC	GLF5
0052	N1DE	LJ31
0053	N1DF	BCAT
0055	N1DH	CL60
0056	N1DJ	BE33
0058	N1DL	SAKO
0059	N1DM	GA6C
005A	N1DN	BE35
005D	N1DR	GA7C
005E	N1DS	GLF6
0060	N1DU	BE50
0063	N1DX	R66
0067	N1EA	EA50
0069	N1EC	ST75
006A	N1ED	G150
006B	N1EE	RV12
006D	N1EG	PRM1
006F	N1EJ	C501
0070	N1EK	HDJT
0071	N1EL	SF50
0074	N1EP	CB1
0076	N1ER	BE58
0077	N1ES	CL60
0078	N1ET	TBM9
007A	N1EV	BE36
007B	N1EW	NAVI
007C	N1EX	BOLT
007E	N1EZ	RLU1
007F	N1F	GLF6
0080	N1FA	BE35
0081	N1FB	RV7
0082	N1FC	G280
0083	N1FD	TOBA
0084	N1FE	GLEX
0086	N1FG	G280
008B	N1FM	C25A
008C	N1FN	GL7T
008D	N1FP	J3
008F	N1FR	C82S
0091	N1FT	F86
0095	N1FX	BE95
0098	N1G	DSA1
009A	N1GB	PTS1
009D	N1GE	PTS2
009E	N1GF	BE9L
009F	N1GG	SF50
00A6	N1GP	WAIX
00A7	N1GQ	C421
00A9	N1GS	FA7X
00AA	N1GT	SF50
00AB	N1GU	ERCO
00AC	N1GV	RV6
00AD	N1GW	RV4
00AE	N1GX	C177
00B1	N1H	C25B
00B3	N1HB	BE95
00B4	N1HC	GLF5
00B8	N1HG	GLF4
00B9	N1HH	BE33
00BD	N1HM	PTS2
00BF	N1HP	CL30
00C2	N1HS	C750
00C3	N1HT	LA4
00C4	N1HU	C337
00C6	N1HW	BOLT
00C7	N1HX	BE20
00C9	N1HZ	CL60
00CA	N1J	TBM9
00CC	N1JB	LJ60
00CD	N1JC	C560
00CE	N1JD	PA34
00CF	N1JE	PTS1
00D0	N1JF	GLF4
00D2	N1JH	C182
00D3	N1JJ	BL17
00D4	N1JK	F2TH
00D5	N1JL	PA18
00D6	N1JM	CL60
00D8	N1JP	BE40
00D9	N1JQ	PA24
00DA	N1JR	PRM1
00DB	N1JS	BE35
00DF	N1JW	FA10
00E1	N1JY	C182
00E3	N1K	C25C
00E4	N1KA	E55P
00E5	N1KB	C150
00E7	N1KD	C56X
00E8	N1KE	GLF6
00EA	N1KG	GLIM
00EC	N1KJ	RV6
00ED	N1KK	TAIL
00F1	N1KP	T210
00F5	N1KT	WW24
00F6	N1KU	C172
00F7	N1KV	COL3
00FA	N1KY	BE33
00FB	N1KZ	PA18
00FC	N1L	GA5C
00FD	N1LA	GLF6
00FF	N1LC	LNC2
0101	N1LE	C195
0102	N1LF	C25B
0103	N1LG	GLIM
0105	N1LJ	BE35
0106	N1LK	GLID
0107	N1LL	M20P
010A	N1LP	P28A
010B	N1LQ	T210
010C	N1LR	PA24
010E	N1LT	BE60
010F	N1LU	PTS2
0110	N1LV	BE35
0113	N1LY	C82S
0114	N1LZ	LGEZ
0116	N1MA	BE9T
0119	N1MD	ST75
011A	N1ME	PA30
011B	N1MF	BE58
011C	N1MG	C25C
011D	N1MH	B407
0120	N1ML	GLAS
0121	N1MM	C56X
0122	N1MN	SW3
0123	N1MP	P28A
0124	N1MQ	BE58
0125	N1MR	E55P
0126	N1MS	CASS
0127	N1MT	G44
0128	N1MU	CL35
012B	N1MX	UH1
012C	N1MY	RV7
0131	N1NC	F2TH
0135	N1NG	PC7
0136	N1NH	RLU1
0137	N1NJ	A139
0138	N1NK	GLF5
0139	N1NL	C550
013A	N1NM	BE35
013C	N1NP	BE20
013F	N1NS	C150
0140	N1NT	PA30
0143	N1NW	SA10
0144	N1NX	BE95
0146	N1NZ	GLID
0147	N1P	FLE2
0148	N1PA	PA18
014E	N1PG	GLF6
014F	N1PH	BE33
0150	N1PJ	CLON
0152	N1PL	S22T
0153	N1PM	GLID
0154	N1PN	RV7
0157	N1PR	C680
0158	N1PS	PA11
0159	N1PT	BE30
015A	N1PU	H25B
015B	N1PV	BE35
015C	N1PW	PTS2
015D	N1PX	C56X
015F	N1PZ	BE55
0161	N1QA	P28R
0162	N1QB	RV12
0164	N1QD	VEZE
0165	N1QE	C680
0167	N1QG	BE35
016C	N1QM	C421
016E	N1QP	C182
016F	N1QQ	BOLT
0170	N1QR	VELO
0171	N1QS	C172
0173	N1QU	C414
0175	N1QW	LA4
0177	N1QY	BE35
0179	N1R	AEST
017B	N1RB	CL30
017C	N1RC	CL35
017D	N1RD	C25A
0180	N1RG	C510
0181	N1RH	GLF6
0182	N1RJ	HDJT
0183	N1RK	TBM9
0185	N1RM	C185
0186	N1RN	GLIM
0187	N1RP	GLF5
0188	N1RQ	P46T
0189	N1RR	C82T
018A	N1RS	C510
018B	N1RT	BE95
0191	N1RZ	HDJT
0192	N1S	FA8X
0193	N1SA	C750
0194	N1SB	C185
0196	N1SD	AS50
0197	N1SE	PA12
0198	N1SF	GA6C
0199	N1SG	CL30
019A	N1SH	PRM1
019B	N1SJ	S22T
019C	N1SK	BE35
019D	N1SL	T206
019E	N1SM	BE9L
01A0	N1SP	B429
01A2	N1SR	PA23
01A3	N1SS	AEST
01A4	N1ST	LJ45
01A6	N1SV	C550
01A7	N1SW	G44
01A8	N1SX	AA5
01A9	N1SY	PA23
01AA	N1SZ	SKAR
01AB	N1T	AEST
01AC	N1TA	C172
01AD	N1TB	C195
01AE	N1TC	PC12
01AF	N1TD	GLF4
01B0	N1TE	MUS2
01B1	N1TF	GLF6
01B3	N1TH	C510
01B4	N1TJ	TBM7
01B5	N1TK	LJ45
01B6	N1TL	C150
01B7	N1TM	GLF4
01B8	N1TN	B06
01BB	N1TR	B350
01BC	N1TS	B38M
01C1	N1TX	E50P
01C2	N1TY	C550
01C5	N1UA	C680
01C7	N1UC	BE9L
01C8	N1UD	GLID
01CA	N1UF	P337
01CB	N1UG	P32R
01CE	N1UK	P28A
01D0	N1UM	C560
01D4	N1UR	SF50
01DC	N1UZ	BE35
01DD	N1V	AS50
01DE	N1VA	B350
01DF	N1VB	BLKS
01E0	N1VC	TBM9
01E4	N1VG	LJ55
01E6	N1VJ	LA4
01E7	N1VK	BE95
01E9	N1VM	F2TH
01ED	N1VR	CL60
01F1	N1VV	C510
01F2	N1VW	EPIC
01F5	N1VZ	BE36
01F6	N1W	GL7T
01F7	N1WA	SF50
01F9	N1WC	E55P
01FA	N1WD	BE95
01FC	N1WF	BE35
01FE	N1WH	BOLT
0201	N1WL	PA46
0203	N1WN	BE36
0204	N1WP	C700
0206	N1WR	VEZE
0207	N1WS	GC1
0208	N1WT	AS50
0209	N1WU	PA30
020A	N1WV	B350
020B	N1WW	GLEX
020C	N1WX	BE36
020D	N1WY	PA24
020E	N1WZ	AEST
020F	N1X	C172
0210	N1XA	PA24
0212	N1XC	DHC1
0213	N1XD	BE35
0214	N1XE	GLID
0216	N1XG	G2T1
0217	N1XH	PRM1
0218	N1XJ	WAIX
021B	N1XM	CA61
021C	N1XN	WAIX
021D	N1XP	DC3
0221	N1XT	PRM1
0225	N1XX	PTS1
0228	N1Y	E550
0229	N1YA	C421
022A	N1YB	GLAS
022B	N1YC	C310
022C	N1YD	C210
0236	N1YP	NAVI
0238	N1YR	BE35
023A	N1YT	C182
023D	N1YW	SA30
023E	N1YX	GLAS
023F	N1YY	ERCO
0240	N1YZ	CC11
0241	N1Z	GLF4
0242	N1ZA	PA18
0243	N1ZB	C195
0244	N1ZC	C680
0245	N1ZD	CC11
0246	N1ZE	RV6
024B	N1ZK	P337
024C	N1ZL	M20P
024D	N1ZM	P337
024E	N1ZN	RV8
024F	N1ZP	BE36
0251	N1ZR	P337
0253	N1ZT	C180
0256	N1ZW	SR22
0257	N1ZX	P337
0258	N1ZY	RV4
0259	N1ZZ	CH7A
025C	N10AA	C320
025D	N10AB	AEST
025F	N10AD	M20P
0260	N10AE	HUSK
0261	N10AF	R44
0262	N10AG	BE10
0264	N10AJ	B06
0265	N10AK	BE55
0267	N10AM	C750
0268	N10AN	CH7A
026B	N10AR	T206
026C	N10AS	P28R
0273	N10AZ	F900
0275	N10BA	CC11
0276	N10BB	C208
0277	N10BC	PA11
0279	N10BE	GLID
027A	N10BF	C172
027B	N10BG	AEST
027C	N10BH	GLID
027D	N10BJ	PTS1
027F	N10BL	A109
0280	N10BM	SA6
0281	N10BN	PA34
0282	N10BP	BE35
0284	N10BR	GLID
0285	N10BS	BE55
0286	N10BT	SA30
0288	N10BV	BE35
028A	N10BX	SR22
028B	N10BY	CH7B
028E	N10CA	BE36
0290	N10CC	C206
0291	N10CD	S22T
0293	N10CF	LNC2
0295	N10CH	M20P
0296	N10CJ	COUR
0297	N10CK	LGEZ
0298	N10CL	S108
0299	N10CM	PA11
029A	N10CN	VELO
029D	N10CR	C182
029E	N10CS	PA31
02A1	B-10CV	P750
02A3	N10CX	C206
02A5	N10CZ	COZY
02A6	N10D	GA6C
02A8	N10DB	C210
02A9	N10DC	T206
02AA	N10DD	RLU1
02AB	N10DE	BL17
02AC	N10DF	PC12
02AE	N10DH	BE9T
02AF	N10DJ	C172
02B0	N10DK	PA46
02B1	N10DL	P46T
02B4	N10DP	B47G
02B6	N10DR	PA34
02B8	N10DT	BOLT
02B9	N10DU	PA18
02BA	N10DV	GLID
02BB	N10DW	RV9
02C0	N10EA	DHC6
02C2	N10EC	BE20
02C3	N10ED	SONX
02C4	N10EE	BE35
02C5	N10EF	CL35
02C6	N10EG	C550
02C7	N10EH	CL35
02C8	N10EJ	AEST
02CF	N10ER	JACE
02D1	N10ET	C310
02D3	N10EV	BE35
02D5	N10EX	M20P
02D8	N10F	FA10
02DA	N10FB	PC12
02DB	N10FC	C310
02DE	N10FF	C421
02E2	N10FK	BOLT
02E3	N10FL	T210
02E5	N10FN	LJ35
02E6	N10FP	C150
02E7	N10FQ	MT
02EA	N10FT	MA5
02EC	N10FV	B350
02ED	N10FW	BE23
02EF	N10FY	GLID
02F0	N10FZ	C425
02F1	N10G	C182
02F2	N10GA	GLAS
02F3	N10GB	EPIC
02F4	N10GC	C180
02F7	N10GF	BE9L
02F8	N10GG	BE35
02F9	N10GH	P28A
02FA	N10GJ	LJ35
02FB	N10GK	GLID
02FC	N10GL	C82R
02FE	N10GN	U16
02FF	N10GP	HUSK
0302	N10GS	C150
0303	N10GT	RV10
0304	N10GU	C25C
0305	N10GV	GLIM
0307	N10GX	L39
030D	N10HC	E35L
0311	N10HG	C210
0312	N10HH	C750
0313	N10HJ	RV6
0314	N10HK	AEST
0316	N10HM	T210
0317	N10HN	CH7B
0318	N10HP	C82T
031C	N10HT	MU2
031D	N10HU	HUSK
031E	N10HV	M20P
031F	N10HW	RV10
0320	N10HX	T210
0321	N10HY	HUSK
0323	N10J	LJ45
0324	N10JA	C208
0325	N10JB	GLIM
0326	N10JC	EFOX
0329	N10JF	NAVI
032A	N10JG	AEST
032B	N10JH	SA30
032C	N10JJ	RS12
032D	N10JK	P32R
032E	N10JL	TAYB
0331	N10JP	GLF4
0333	N10JR	RV4
0334	N10JS	PUSH
0337	N10JV	C185
0338	N10JW	RV10
0339	N10JX	DHC2
033B	N10JZ	CH7B
033D	N10KA	KMAX
0342	N10KF	FOX
0343	N10KG	M20P
0344	N10KH	BE58
0345	N10KJ	CL60
0346	N10KK	S22T
0347	N10KL	BU31
034A	N10KP	ST75
034B	N10KQ	RV10
034C	N10KR	KR2
034D	N10KS	GC1
0350	N10KV	P32R
0352	N10KX	B06
0353	N10KY	C185
0355	N10L	BE36
0356	N10LA	GLID
0357	N10LB	BOLT
0359	N10LD	PTS1
035A	N10LE	B407
035B	N10LF	ST75
035E	N10LJ	BT36
0366	N10LS	GLID
0367	N10LT	GLID
036A	N10LW	L39
036B	N10LX	BE40
036C	N10LY	C550
036D	N10LZ	LGEZ
036E	N10M	F900
0370	N10MB	LJ60
0371	N10MC	SR22
0372	N10MD	C525
0375	N10MG	GLIM
0376	N10MH	EAGL
0377	N10MJ	VEZE
0378	N10MK	ALBU
037A	N10MM	CL60
037B	N10MN	BE55
037D	N10MQ	VTUR
037F	N10MS	B06
0382	N10MV	PC24
0383	N10MW	R66
0384	N10MX	IR23
0385	N10MY	AS55
0387	N10N	C195
0388	N10NA	T28
0389	N10NB	RV6
038A	N10NC	FA10
038D	N10NF	BE58
038E	N10NG	LGEZ
038F	N10NH	FOX
0392	N10NL	LJ45
0393	N10NM	A109
0394	N10NN	BE36
0395	N10NP	RV10
0397	N10NR	BE23
0398	N10NS	MX2
0399	N10NT	AS50
039C	N10NW	PA24
039D	N10NX	GLAS
039F	N10NZ	PA34
03A2	N10PB	PA34
03A3	N10PC	PA18
03A5	N10PE	RV4
03A6	N10PF	C25A
03A7	N10PG	FOX
03A8	N10PH	C56X
03A9	N10PJ	PA32
03AE	N10PP	PA46
03B0	N10PR	C310
03B1	N10PS	PA22
03B4	N10PV	P180
03B5	N10PW	BE36
03B6	N10PX	S22T
03B8	N10PZ	M7
03B9	N10Q	ST75
03BB	N10QB	PA31
03C1	N10QH	R44
03C2	N10QJ	C25A
03C4	N10QL	GLAS
03CA	N10QS	C56X
03CE	N10QW	BE20
03D3	N10RA	SR22
03D4	N10RB	SA30
03D8	N10RF	UH1
03DA	N10RH	C150
03DC	N10RK	PA23
03E0	N10RP	T210
03E2	N10RR	BE35
03E4	N10RT	AC50
03E6	N10RV	C210
03E8	N10RX	ONEX
03EA	N10RZ	G150
03ED	N10SB	T210
03F0	N10SE	CL35
03F2	N10SG	PA24
03F3	N10SH	TBM7
03F6	N10SL	GL5T
03F9	N10SP	B06
03FA	N10SQ	RV4
03FC	N10SS	GC1
03FD	N10ST	P46T
03FE	N10SU	MRAI
0400	N10SW	GLIM
0401	N10SX	AA5
0403	N10SZ	GLIM
0405	N10TA	CC11
0406	N10TB	BE30
0407	N10TC	C550
0408	N10TD	C560
040A	N10TF	AT6T
040B	N10TG	R22
040C	N10TH	RV4
040D	N10TJ	EAGL
040E	N10TK	T18
0411	N10TN	H25B
0412	N10TP	AT8T
0414	N10TR	C25B
0416	N10TT	P210
0417	N10TU	C82S
0418	N10TV	B06
041B	N10TY	GLID
041D	N10U	J3
041E	N10UA	S22T
0421	N10UD	BE35
0423	N10UF	LJ35
0425	N10UH	C550
0426	N10UJ	GLID
0428	N10UL	BE35
042B	N10UP	R44
042D	N10UR	C180
0436	N10V	B25
0438	N10VB	GLAS
0439	N10VC	RV10
043A	N10VD	V1
043C	N10VF	C152
043D	N10VG	LJ25
043F	N10VJ	LJ31
0443	N10VN	GLIM
044B	N10VW	TBM9
044C	N10VX	COY2
044E	N10VZ	BE30
0450	N10WA	PC12
0451	N10WB	SAKO
0452	N10WC	DSA1
0453	N10WD	NAVI
0454	N10WE	BE60
0456	N10WG	BE9L
0457	N10WH	GLID
0458	N10WJ	CH80
0459	N10WK	GLID
045C	N10WN	M20P
045E	N10WQ	C182
045F	N10WR	BE35
0461	N10WT	MM24
0462	N10WU	UH1
0465	N10WX	T28
0466	N10WY	CP10
0467	N10WZ	C25A
0468	N10X	F900
046B	N10XC	C172
046C	N10XD	SAKO
046D	N10XE	C340
046F	N10XG	GLF5
0471	N10XJ	BE9L
0475	N10XN	HDJT
0477	N10XQ	GALX
0479	N10XS	J3
047A	N10XT	C750
047C	N10XV	B06
047E	N10XX	CB1
0481	N10Y	C210
0483	N10YB	BEAR
0484	N10YC	PA31
0485	N10YD	PA23
048B	N10YK	CJ6
048D	N10YM	M20P
048F	N10YP	C208
0491	N10YR	T206
0492	N10YS	RV10
0493	N10YT	T210
0494	N10YU	GLF4
0495	N10YV	PA18
0496	N10YW	QUIC
0497	N10YX	WAIX
049A	N10Z	S22T
049C	N10ZB	RV8
049F	N10ZE	CH75
04A0	N10ZF	GLIM
04A1	N10ZG	PIVI
04A2	N10ZH	R66
04A8	N10ZP	S108
04AB	N10ZS	RV3
04AC	N10ZT	C172
04AE	N10ZV	P32R
04AF	N10ZW	SR22
04B3	N100	J3
04B4	N100A	GLF6
04B6	N100AB	COUR
04B7	N100AC	CL60
04B9	N100AE	P32R
04BA	N100AF	PC12
04BB	N100AG	H25B
04BC	N100AH	C182
04BD	N100AJ	C421
04BE	N100AK	G280
04BF	N100AL	GLF6
04C0	N100AM	K100
04C1	N100AN	BE35
04C2	N100AP	DHC6
04C4	N100AR	C56X
04C5	N100AS	FA20
04CA	N100AX	F900
04CC	N100AZ	C421
04CD	N100B	C210
04CE	N100BA	BE99
04CF	N100BB	C172
04D0	N100BC	WW24
04D1	N100BD	GL7T
04D2	N100BE	BE30
04D3	N100BF	DC3S
04D4	N100BG	T210
04D5	N100BH	BE95
04D6	N100BJ	PA32
04D7	N100BK	BE23
04D9	N100BM	GLF4
04DD	N100BR	BE9T
04DE	N100BS	PA23
04E0	N100BU	BU33
04E1	N100BV	PA38
04E2	N100BW	DHC3
04E4	N100BY	MU2
04E5	N100BZ	BE30
04E6	N100C	LNP4
04E7	N100CA	C182
04E8	N100CB	C25B
04E9	N100CC	C425
04EA	N100CD	COZY
04EB	N100CE	DC6
04EC	N100CF	MU2
04ED	N100CG	C172
04EF	N100CJ	C56X
04F2	N100CM	PA31
04F3	N100CN	PA23
04F6	N100CR	L8
04F9	N100CU	FA10
04FB	N100CW	MUS2
04FC	N100CX	C414
0500	N100DA	DA62
0501	N100DB	T210
0503	N100DD	NAVI
0504	N100DE	B06
0505	N100DF	RV4
050D	N100DP	BL8
050E	N100DQ	LNC4
050F	N100DR	B58T
0510	N100DS	C550
0515	N100DX	M20P
0517	N100DZ	T206
051B	N100EC	B350
051C	N100ED	GA6C
051D	N100EE	R44
051E	N100EF	FOX
0524	N100EM	PA31
0525	N100EN	EN28
0526	N100EP	COZY
0528	N100ER	BE58
0529	N100ES	GLF6
052B	N100EU	P28A
052C	N100EV	P180
052E	N100EX	E50P
0531	N100F	G164
0532	N100FA	C150
0537	N100FF	E50P
0538	N100FG	E55P
053A	N100FJ	FA10
053C	N100FL	CL60
053D	N100FM	BE55
053E	N100FN	BE40
053F	N100FP	C182
0541	N100FR	SR22
0547	N100FX	GA7C
0549	N100FZ	E50P
054A	N100G	ASTR
0550	N100GF	PA46
0551	N100GG	C501
0552	N100GH	HIGH
0553	N100GJ	WACF
0554	N100GK	T210
0555	N100GL	G2T1
0556	N100GM	BE95
0557	N100GN	EC55
0558	N100GP	BE9L
055B	N100GS	BE60
055C	N100GT	SR22
0560	N100GX	G150
0562	N100GZ	C68A
0565	N100HB	GLF5
0567	N100HD	PA46
056A	N100HG	GLF5
056C	N100HJ	C340
056D	N100HK	DFLY
056E	N100HL	H25B
056F	N100HM	C340
0570	N100HN	EC35
0571	N100HP	B58T
0573	N100HR	P28A
0574	N100HS	BE36
0575	N100HT	B47G
0576	N100HU	HUSK
0579	N100HX	C82T
057A	N100HY	HUSK
057C	N100J	PC24
057D	N100JA	PC12
057F	N100JC	S22T
0580	N100JD	C414
0582	N100JF	CRES
0583	N100JG	P32R
0584	N100JH	C310
0588	N100JM	MITE
0589	N100JN	RELI
058A	N100JP	BE58
058C	N100JR	PA31
058D	N100JS	GA5C
0590	N100JV	RV10
0591	N100JW	C25B
0595	N100K	C172
0596	N100KA	T206
0597	N100KB	BE9L
059A	N100KE	MU2
059B	N100KF	C182
059D	N100KH	C172
059E	N100KJ	BE35
05A0	N100KL	DHC2
05A1	N100KM	GLIM
05A6	N100KS	M20P
05A8	N100KU	FA10
05AA	N100KW	BE35
05AC	N100KY	RV4
05AD	N100KZ	LJ45
05AE	N100L	C421
05B1	N100LC	E55P
05B2	N100LD	C177
05B5	N100LG	P28B
05B7	N100LJ	E55P
05B8	N100LK	BE33
05B9	N100LL	C414
05BA	N100LM	UH12
05BE	N100LR	CL60
05BF	N100LS	BE60
05C3	N100LW	PA32
05C5	N100LY	PA31
05C7	N100M	C172
05C8	N100MA	C750
05C9	N100MB	F2TH
05CB	N100MD	C340
05CE	N100MG	CRER
05CF	N100MH	DH82
05D0	N100MJ	SR22
05D2	N100ML	BE58
05D5	N100MP	PTS1
05D7	N100MR	BE95
05D9	N100MT	C340
05DA	N100MU	MU2
05DC	N100MW	BE9L
05DF	N100MZ	E50P
05E1	N100NA	P32R
05E4	N100ND	FA10
05E5	N100NE	PA31
05E7	N100NG	EXNG
05E8	N100NH	PISI
05E9	N100NJ	B06
05EA	N100NK	BE55
05ED	N100NN	BE35
05EE	N100NP	MU2
05F0	N100NR	GLID
05F2	N100NT	RV6
05F3	N100NU	SRAI
05F4	N100NV	E50P
05F7	N100NY	M20P
05F9	N100P	PA31
05FA	N100PA	EA50
05FB	N100PB	AEST
05FC	N100PC	C207
05FE	N100PE	C680
05FF	N100PF	C25A
0605	N100PM	C172
0607	N100PP	AC11
0609	N100PR	BE35
060A	N100PS	BE33
060B	N100PT	RV4
060C	N100PU	E50P
060F	N100PX	SR22
0610	N100PY	BE20
0611	N100PZ	BE58
0612	N100Q	PTS1
0614	N100QB	C82R
0623	N100QS	GL5T
0624	N100QT	BE9L
062C	N100RA	BE60
062D	N100RB	BE33
0630	N100RE	BE60
0631	N100RF	BE19
0632	N100RG	BE36
0635	N100RK	C172
0636	N100RL	O1
0637	N100RM	H60
0639	N100RP	C172
063D	N100RT	PA31
063F	N100RV	M7
0643	N100RZ	S22T
0646	N100SB	C25C
0647	N100SC	C56X
0648	N100SD	C182
064A	N100SF	BE95
064F	N100SL	C182
0652	N100SP	BE35
0653	N100SQ	RV9
0654	N100SR	G150
0655	N100SS	BE95
0657	N100SU	C172
065A	N100SX	PA18
065B	N100SY	C560
065E	N100TA	CC11
065F	N100TB	BE35
0660	N100TC	P28R
0662	N100TE	M20P
0663	N100TF	F3F
0664	N100TG	C310
0665	N100TH	BIPL
0668	N100TL	SF50
0669	N100TM	BOLT
066A	N100TN	COOT
066B	N100TP	C510
066E	N100TS	PC24
0672	N100TW	BE10
0673	N100TX	BE35
0674	N100TY	C82T
067A	N100UD	C150
067F	N100UJ	D328
0680	N100UK	RV10
0681	N100UL	C150
0684	N100UP	F900
0687	N100US	SONX
068A	N100UV	DA40
068B	N100UW	C340
068C	N100UX	B190
068F	N100V	BE9L
0690	N100VA	EA50
0691	N100VB	B47G
0694	N100VE	CRJ2
0695	N100VF	P32R
06A0	N100VS	BE58
06A3	N100VV	BOLT
06A6	N100VY	WAIX
06A9	N100WA	C172
06AA	N100WB	BE65
06AC	N100WD	PA32
06AD	N100WE	PRM1
06AF	N100WG	B429
06B0	N100WH	RV6
06B3	N100WL	RV8
06B5	N100WN	LJ25
06B6	N100WP	C560
06B8	N100WR	R22
06B9	N100WS	BE33
06BA	N100WT	C550
06BD	N100WW	P28A
06BE	N100WX	E50P
06BF	N100WY	C175
06C9	N100XH	BE36
06CB	N100XK	T6
06CC	N100XL	GLID
06CF	N100XP	BE33
06D1	N100XR	PA31
06D2	N100XS	GLF5
06D3	N100XT	LNC2
06D5	N100XV	CL60
06D6	N100XW	PA18
06D7	N100XX	AA1
06DA	N100Y	C25C
06DB	N100YA	AA5
06DC	N100YB	C56X
06DD	N100YC	PC12
06E8	N100YP	FA10
06EB	N100YS	C172
06EF	N100YW	S22T
06F1	N100YY	SR20
06F2	N100YZ	SR22
06F4	N100ZA	FOX
0701	N100ZP	BE18
0705	N100ZT	C25C
0708	N100ZW	SR22
070B	N100ZZ	BE95
070D	N1000A	GLID
0711	N1000E	C550
0714	N1000H	AR15
0715	N1000J	BE23
0716	N1000K	C320
0717	N1000L	BE95
0719	N1000N	C310
071A	N1000P	P28A
071B	N1000Q	C310
071E	N1000T	BE35
071F	N1000U	C152
0720	N1000V	SR22
0721	N1000W	CC11
0723	N1000Y	C180
0724	N1000Z	GLID
0726	N10001	WACO
0729	N10004	C82S
072B	N10006	T34P
072C	N10007	C210
072E	N10009	B47G
072F	N1001	DG15
0733	N1001D	C195
0734	N1001E	CH7A
0735	N1001F	B47G
0738	N1001J	M20P
0739	N1001K	FDCT
073A	N1001L	YK55
073B	N1001M	C172
073D	N1001P	SS2T
073E	N1001Q	C310
0740	N1001S	SPHA
0743	N1001V	C172
0744	N1001W	RV6
0745	N1001X	LNP4
0749	N10011	GLID
074B	N10013	C150
074C	N10014	O1
074D	N10015	KR31
0751	N10019	U16
0757	N1002E	CH7A
0759	N1002G	M20P
075A	N1002H	M7
075E	N1002M	C172
075F	N1002N	M7
0761	N1002Q	C310
0763	N1002S	M7
0765	N1002U	C150
076A	N1002Z	GLID
076B	N10020	M7
076C	N10021	M20P
0771	N10026	RS12
0776	N1003A	P210
0778	N1003C	P28A
0779	N1003D	C195
077A	N1003E	CH7A
077B	N1003F	M20P
077D	N1003H	AR15
077E	N1003J	VO10
077F	N1003K	L8
0780	N1003L	M20P
0784	N1003Q	P32R
078B	N1003X	COL4
078D	N1003Z	FOX
078F	N10031	M20P
0790	N10032	C150
0791	N10033	C172
0792	N10034	M7
0794	N10036	J3
0795	N10037	COY2
0797	N10039	RV6
079A	N1004B	AT5T
079C	N1004D	M7
079D	N1004E	C172
079E	N1004F	AT5T
079F	N1004G	AT3P
07A0	N1004H	P28A
07A1	N1004J	VO10
07A4	N1004M	C172
07A5	N1004N	BDOG
07A6	N1004P	PA23
07A7	N1004Q	M20P
07A9	N1004S	M20P
07AC	N1004V	C172
07AE	N1004X	P28A
07B6	N10045	M20P
07B9	N10048	M20P
07BB	N1005	SSTL
07BD	N1005B	PA46
07BF	N1005D	C195
07C0	N1005E	BL8
07C1	N1005F	C185
07C3	N1005H	AR15
07C5	N1005K	L8
07C6	N1005L	LA4
07C8	N1005N	AT3P
07CE	N1005U	M20P
07CF	N1005V	AT3T
07D1	N1005X	M20P
07D5	N10051	C150
07D7	N10053	ST75
07DF	N1006A	M20P
07E2	N1006D	C190
07E3	N1006E	BL8
07EC	N1006P	GLID
07ED	N1006Q	BOLT
07F1	N1006U	M20P
07F2	N1006V	C172
07F3	N1006W	M20P
07F5	N1006Y	AT5T
07F6	N1006Z	GLID
07F7	N10060	DC10
07FC	N10065	B47G
07FE	N10067	LAMA
07FF	N10068	C150
0800	N10069	M7
0801	N1007	MR35
0803	N1007B	JSX
0807	N1007F	BE95
080C	N1007L	P28R
080E	N1007N	M20P
0811	N1007R	M20P
0812	N1007S	PRM1
0813	N1007T	C182
0814	N1007U	M7
0816	N1007W	AT5T
0817	N1007X	PA34
0818	N1007Y	QIC2
081A	N10070	C150
081C	N10072	C150
081D	N10073	C150
081E	N10074	M20P
081F	N10075	C150
0820	N10076	C150
0821	N10077	C150
0822	N10078	AT5T
0823	N10079	M20P
0824	N1008	C501
0825	N1008A	C402
0827	N1008C	M20P
0828	N1008D	C195
082A	N1008F	AT5T
082E	N1008K	AA5
082F	N1008L	M20P
0830	N1008M	C172
0831	N1008N	PA23
0833	N1008Q	AT3P
0834	N1008R	M20P
0839	N1008W	M7
083A	N1008X	P28A
083C	N1008Z	DSA1
083D	N10080	C150
083F	N10082	C150
0842	N10085	C150
0843	N10086	C150
0846	N10089	C150
0847	N1009	RV7
0848	N1009A	PA18
084A	N1009C	M20P
084B	N1009D	C195
084C	N1009E	CH7B
084D	N1009F	SS2T
084F	N1009H	AR15
0852	N1009L	AT5T
0853	N1009M	M20P
0855	N1009P	C182
0856	N1009Q	C310
085D	N1009X	P28A
085F	N1009Z	TAIL
0862	N10092	C150
0866	N10096	C150
0867	N10097	C150
0868	N10098	C150
086A	N101	C172
086B	N101A	C180
086E	N101AC	BL8
0870	N101AE	B06
0871	N101AF	C82T
0872	N101AG	GLIM
0873	N101AH	CASS
0874	N101AJ	LJ35
0875	N101AK	T206
0877	N101AM	C82S
0878	N101AN	LGEZ
0879	N101AP	H269
087B	N101AR	B772
087C	N101AS	L13M
087D	N101AT	C152
0880	N101AW	HUSK
0881	N101AX	BE60
0886	N101BB	BE35
0887	N101BC	BL8
0889	N101BE	SR22
088C	N101BH	VELO
088D	N101BJ	EAGL
088E	N101BK	BE30
0890	N101BM	BE55
0894	N101BR	EAGL
0895	N101BS	BE9L
0896	N101BT	RV4
0899	N101BW	T6
089B	N101BY	BL8
089D	N101C	MITE
089E	N101CA	C425
089F	N101CB	DHC2
08A0	N101CC	E55P
08A1	N101CD	SR22
08A2	N101CE	P32R
08A4	N101CG	C208
08A5	N101CH	E55P
08A8	N101CL	GAZL
08A9	N101CM	BE24
08AA	N101CN	CRJ2
08B2	N101CW	C77R
08B3	N101CX	GLID
08B5	N101CZ	P28R
08B7	N101DA	DA42
08B8	N101DB	BOLT
08B9	N101DC	BE95
08BC	N101DF	GLAS
08BD	N101DG	B06
08BE	N101DH	PA24
08BF	N101DJ	VEZE
08C0	N101DK	BOLT
08C1	N101DL	AS50
08C2	N101DM	AC11
08C3	N101DN	TUCR
08C4	N101DP	C150
08C5	N101DQ	A321
08C6	N101DR	P32R
08C8	N101DT	BOLT
08C9	N101DU	BCS1
08CB	N101DW	P32R
08CC	N101DX	M20P
08CD	N101DY	C82S
08D0	N101EA	WAIX
08D1	N101EB	PA18
08D2	N101EC	M20P
08D3	N101ED	SR20
08D4	N101EE	T206
08D5	N101EF	C680
08D6	N101EG	BE50
08DA	N101EL	GLIM
08DB	N101EM	RV6
08DD	N101EP	BPAT
08DF	N101ER	C56X
08E5	N101EX	E300
08E8	N101F	CH7A
08EA	N101FB	T206
08EB	N101FC	C680
08ED	N101FE	B763
08EF	N101FG	E50P
08F0	N101FH	GLID
08F2	N101FK	SR22
08F3	N101FL	C150
08F4	N101FM	PA34
08F8	N101FR	C240
08F9	N101FS	VELO
08FA	N101FT	T6
08FB	N101FU	C510
08FE	N101FX	GA7C
0901	N101G	C310
0904	N101GC	SONX
0905	N101GD	R44
0906	N101GE	GLAS
090A	N101GJ	KR1
090B	N101GK	P28R
090C	N101GL	G2T1
090D	N101GM	GLID
090E	N101GN	P28A
0910	N101GQ	TBM9
0911	N101GR	C140
0915	N101GV	C172
0916	N101GW	SR22
0917	N101GX	GX
091D	N101HC	RV8
0920	N101HF	B407
0922	N101HH	PA23
0925	N101HL	C425
0929	N101HQ	E75L
092B	N101HS	FA10
092C	N101HT	BE35
0930	N101HX	B412
0933	N101J	P28A
0936	N101JC	RV6
0938	N101JE	PC12
0939	N101JF	DHC1
093A	N101JG	T6
093B	N101JH	C210
093C	N101JJ	B429
093D	N101JK	P28R
093E	N101JL	C550
093F	N101JM	BE35
0941	N101JP	DA40
0945	N101JT	HDJT
0948	N101JW	C525
094C	N101K	PZ01
094F	N101KC	PA18
0952	N101KF	CL60
0953	N101KG	BT36
0956	N101KK	LJ45
0958	N101KM	BE36
095A	N101KP	C560
095B	N101KQ	K100
095C	N101KR	PA12
095D	N101KS	C172
095E	N101KT	C182
095F	N101KU	M20P
0961	N101KW	P28A
0965	N101L	PC12
0968	N101LC	BL17
096A	N101LE	GLID
096E	N101LJ	C172
0970	N101LL	P28A
0973	N101LP	C82S
0978	N101LU	C72R
0979	N101LV	GLID
097A	N101LW	NG5
097E	N101M	PA31
097F	N101MA	PA31
0980	N101MB	C175
0981	N101MC	SW3
0982	N101MD	TBM9
0983	N101ME	C402
0984	N101MF	B47G
0986	N101MH	GA6C
0987	N101MJ	C150
0989	N101ML	PA34
098C	N101MP	SONX
098E	N101MR	SR20
098F	N101MS	P28A
0990	N101MT	T206
0991	N101MU	M20P
0992	N101MV	BL17
0993	N101MW	SR22
0994	N101MX	GLF5
0995	N101MY	CH75
0996	N101MZ	AS55
099B	N101ND	LJ60
099C	N101NE	BN2P
09A2	N101NL	P28A
09A3	N101NM	P32R
09A4	N101NN	A321
09A8	N101NS	SR20
09AC	N101NW	PA23
09AD	N101NX	TBM7
09AE	N101NY	GLF4
09AF	N101NZ	T6
09B1	N101PA	BT36
09B5	N101PE	G44
09B6	N101PF	FOX
09B7	N101PG	C680
09B9	N101PJ	L39
09BA	N101PK	PC12
09BB	N101PL	PA23
09BC	N101PM	COL3
09C0	N101PR	RV6
09C1	N101PS	C425
09C2	N101PT	BE36
09C4	N101PV	F2TH
09C8	N101PZ	G202
09DA	N101QS	GL5T
09E2	N101R	GC1
09E3	N101RA	BL8
09E4	N101RB	C421
09E5	N101RC	PA31
09E7	N101RE	CL60
09E8	N101RF	T6
09E9	N101RG	C182
09EA	N101RH	BOLT
09EC	N101RK	C172
09ED	N101RL	PA23
09EE	N101RM	P28A
09EF	N101RN	SBOY
09F0	N101RP	GLID
09F2	N101RR	C501
09F4	N101RT	P28R
09F6	N101RV	RV3
09F7	N101RW	GLID
09FA	N101RZ	MIMU
09FC	N101SA	PA34
09FE	N101SC	PA18
0A00	N101SE	C414
0A02	N101SG	BE20
0A03	N101SH	VEZE
0A06	N101SL	PA23
0A07	N101SM	C210
0A08	N101SN	BE10
0A09	N101SP	C82R
0A0C	N101SS	LJ60
0A0D	N101ST	RV4
0A0E	N101SU	R44
0A11	N101SX	CB1
0A12	N101SY	H500
0A14	N101T	M20P
0A15	N101TA	C421
0A16	N101TB	SAKO
0A17	N101TC	C182
0A18	N101TD	B737
0A1A	N101TF	C172
0A1C	N101TH	BL8
0A1D	N101TJ	SA30
0A1E	N101TK	P32R
0A23	N101TQ	SR22
0A25	N101TS	C208
0A26	N101TT	CJ6
0A28	N101TV	R44
0A29	N101TW	BOLT
0A2A	N101TX	GLID
0A2D	N101U	C25A
0A2E	N101UA	PA23
0A31	N101UD	GL5T
0A32	N101UE	B190
0A37	N101UK	M20P
0A3E	N101US	CL60
0A3F	N101UT	C172
0A41	N101UV	SC7
0A46	N101V	VO10
0A48	N101VB	C82S
0A50	N101VK	C172
0A52	N101VM	SR22
0A54	N101VP	P28A
0A56	N101VR	M7
0A57	N101VS	LJ24
0A58	N101VT	T6
0A59	N101VU	EC45
0A5B	N101VW	C750
0A5F	N101W	P32R
0A60	N101WA	SC7
0A62	N101WC	P32R
0A63	N101WD	C56X
0A64	N101WE	BE35
0A65	N101WF	F900
0A67	N101WH	EAGL
0A68	N101WJ	C25A
0A69	N101WK	RS20
0A6D	N101WP	C182
0A6F	N101WR	BE40
0A70	N101WS	C172
0A74	N101WW	SA10
0A76	N101WY	C560
0A77	N101WZ	GLST
0A78	N101X	T6
0A83	N101XL	FOX
0A84	N101XM	SR22
0A86	N101XP	PULS
0A8A	N101XT	G280
0A8D	N101XW	C208
0A91	N101Y	WACF
0A93	N101YB	PA31
0AA3	N101YT	P28B
0AA7	N101YX	WAIX
0AB8	N101ZP	TRDO
0ABF	N101ZW	H269
0AC1	N101ZY	PA12
0AC4	N1010A	M20P
0AC7	N1010D	C195
0AC8	N1010E	RV10
0AC9	N1010F	AC50
0ACA	N1010G	M20P
0ACB	N1010H	AR15
0ACE	N1010L	AT3P
0ACF	N1010M	GLAS
0AD2	N1010Q	CH7B
0AD3	N1010R	CH7A
0AD7	N1010V	SW3
0AD8	N1010W	FA24
0AD9	N1010X	TAIL
0ADA	N1010Y	P28R
0ADB	N1010Z	HIGH
0ADC	N10100	GLF6
0ADD	N10101	C150
0AE0	N10104	T211
0AE1	N10105	C150
0AE6	N1011	T210
0AE7	N1011A	PA18
0AEB	N1011E	MG21
0AEE	N1011H	AR15
0AEF	N1011J	VO10
0AF0	N1011K	PA18
0AF1	N1011L	LA4
0AF2	N1011M	NAVI
0AF3	N1011N	C172
0AF6	N1011R	M20P
0AF7	N1011S	C310
0AF8	N1011T	CH7A
0AF9	N1011U	JACE
0AFA	N1011V	CH70
0AFB	N1011W	BE35
0B00	N10111	COL4
0B03	N10114	AT5T
0B06	N10117	AT5T
0B09	N1012	AR11
0B0A	N1012A	PA18
0B0B	N1012B	AT3T
0B0C	N1012C	M20P
0B0E	N1012E	AT3T
0B11	N1012H	FOX
0B15	N1012M	M7
0B17	N1012P	M20P
0B1B	N1012T	AT3P
0B1F	N1012X	P28R
0B20	N1012Y	C82T
0B21	N1012Z	AT5T
0B22	N10120	COY2
0B24	N10122	AT8T
0B25	N10123	GLF2
0B27	N10125	AT5T
0B28	N10126	AT5T
0B2B	N10129	AT5T
0B2C	N1013	CL30
0B2D	N1013A	B763
0B30	N1013D	C195
0B31	N1013E	CH7B
0B32	N1013F	AT3P
0B34	N1013H	AR15
0B35	N1013J	VO10
0B36	N1013K	L8
0B37	N1013L	M20P
0B3B	N1013Q	M7
0B3D	N1013S	AT3P
0B3F	N1013U	M20P
0B42	N1013X	P28R
0B43	N1013Y	C82T
0B45	N10130	CH7A
0B46	N10131	C150
0B48	N10133	NAVI
0B49	N10134	C150
0B4B	N10136	C150
0B50	N1014A	S22T
0B54	N1014E	CH7A
0B56	N1014G	M7
0B5A	N1014L	AT3P
0B5B	N1014M	C150
0B5C	N1014N	AT3P
0B5D	N1014P	FOX
0B5E	N1014Q	M7
0B62	N1014U	M20P
0B64	N1014W	BE55
0B66	N1014Y	ESCP
0B67	N1014Z	T18
0B68	N10140	C82T
0B69	N10141	C150
0B6B	N10143	M20P
0B6C	N10144	C150
0B6D	N10145	NAVI
0B6E	N10146	C150
0B70	N10148	C150
0B71	N10149	SA3
0B73	N1015A	AT3P
0B75	N1015C	VELO
0B76	N1015D	C195
0B77	N1015E	BE58
0B78	N1015F	C185
0B7C	N1015K	L8
0B7D	N1015L	AT3P
0B7E	N1015M	C150
0B81	N1015Q	C310
0B83	N1015S	M20P
0B84	N1015T	DA40
0B86	N1015V	C172
0B87	N1015W	BE55
0B8B	N10150	C150
0B90	N10155	M20P
0B91	N10156	E45X
0B92	N10157	M4
0B93	N10158	SA3
0B95	N1016	RV7
0B97	N1016B	M20P
0B98	N1016C	M20P
0B99	N1016D	C195
0B9A	N1016E	M20P
0B9E	N1016J	C150
0BA2	N1016N	C82T
0BA7	N1016T	C82S
0BA8	N1016U	M20P
0BA9	N1016V	C172
0BAA	N1016W	BE35
0BAB	N1016X	M20P
0BB0	N10162	M20P
0BB3	N10165	M20P
0BB5	N10167	M20P
0BB7	N10169	COUG
0BB8	N1017	GLID
0BB9	N1017A	PA18
0BBB	N1017C	M20P
0BBD	N1017E	CH7B
0BBF	N1017G	M20P
0BC0	N1017H	RV10
0BC1	N1017J	VO10
0BC3	N1017L	M20P
0BC4	N1017M	M20P
0BC6	N1017P	PA23
0BC7	N1017Q	COY2
0BC9	N1017S	PA18
0BCA	N1017T	VO10
0BCB	N1017U	BU31
0BCD	N1017W	J3
0BCE	N1017X	AT3T
0BD2	N10171	C177
0BD6	N10175	B47G
0BD7	N10176	C182
0BD8	N10177	C150
0BDC	N1018A	DHC2
0BDD	N1018B	DHC3
0BDE	N1018C	M20P
0BDF	N1018D	DHC2
0BE0	N1018E	BL8
0BE1	N1018F	DHC2
0BE2	N1018G	RS12
0BE3	N1018H	C182
0BE4	N1018J	AT45
0BE7	N1018M	M20P
0BE9	N1018P	DHC2
0BEA	N1018Q	COL3
0BEB	N1018R	FOX
0BED	N1018T	PA24
0BEE	N1018U	DHC2
0BEF	N1018V	M20P
0BF0	N1018W	BE35
0BF4	N10180	CN35
0BF7	N10183	SA3
0BF9	N10185	AT5T
0BFA	N10186	C150
0BFC	N10188	CH7A
0BFD	N10189	AT3T
0C01	N1019C	M20P
0C03	N1019E	CH7A
0C04	N1019F	C172
0C07	N1019J	VO10
0C08	N1019K	COL3
0C09	N1019L	GLEX
0C0A	N1019M	M7
0C0B	N1019N	G21
0C0E	N1019R	C82T
0C0F	N1019S	AT5T
0C10	N1019T	PA44
0C12	N1019V	R44
0C16	N1019Z	M20P
0C18	N10191	C150
0C19	N10192	AT3P
0C1B	N10194	M20P
0C1D	N10196	UH12
0C1F	N10198	RC3
0C20	N10199	GA6C
0C23	N102AA	HUSK
0C25	N102AC	C172
0C26	N102AD	C441
0C27	N102AE	B407
0C28	N102AF	R44
0C29	N102AG	M20P
0C2A	N102AH	EC35
0C2B	N102AJ	C525
0C2C	N102AK	C206
0C2D	N102AL	RV6
0C2E	N102AM	HUSK
0C30	N102AP	P46T
0C32	N102AR	S22T
0C33	N102AS	AA5
0C34	N102AT	M20P
0C3B	N102B	C337
0C3C	N102BA	A5
0C3D	N102BB	UH12
0C40	N102BE	CH60
0C42	N102BG	GA6C
0C43	N102BH	AR11
0C45	N102BK	GLID
0C48	N102BN	T206
0C4B	N102BR	C82T
0C53	N102BZ	E190
0C54	N102C	C180
0C55	N102CA	HUSK
0C57	N102CC	BE36
0C58	N102CD	SR20
0C59	N102CE	CL35
0C5B	N102CG	H500
0C5D	N102CJ	SR20
0C63	N102CQ	H500
0C66	N102CT	FDCT
0C68	N102CV	R44
0C69	N102CW	H500
0C6C	N102CZ	BE58
0C6E	N102DA	B762
0C6F	N102DB	BE20
0C71	N102DD	RV9
0C72	N102DE	P28A
0C74	N102DG	FOX
0C78	N102DL	BT36
0C79	N102DM	TAIL
0C7A	N102DN	A321
0C7D	N102DR	C551
0C7E	N102DS	C510
0C80	N102DU	BCS1
0C81	N102DV	GLID
0C82	N102DW	SR22
0C85	N102DZ	GLF5
0C87	N102EA	P32R
0C89	N102EC	BL8
0C8A	N102ED	GLID
0C94	N102EP	E50P
0C96	N102ER	P28R
0C98	N102ET	GLIM
0C9A	N102EV	EVSS
0C9C	N102EX	E300
0CA1	N102FB	P28A
0CA4	N102FE	B763
0CA9	N102FK	BE9L
0CAB	N102FM	RV10
0CAD	N102FP	COL4
0CB3	N102FV	C72R
0CB4	N102FW	UH1
0CB5	N102FX	GA7C
0CBA	N102GB	GLID
0CBF	N102GG	SR20
0CC4	N102GM	ONEX
0CC6	N102GP	BE99
0CC9	N102GS	BE9L
0CCD	N102GW	RV4
0CCE	N102GX	GX
0CD3	N102HB	C550
0CDC	N102HL	BE36
0CDE	N102HN	EC35
0CE0	N102HQ	E75L
0CE2	N102HS	GLIM
0CE6	N102HW	C72R
0CE8	N102HY	HUSK
0CEF	N102JE	GLF4
0CF0	N102JF	C82S
0CF2	N102JH	FOX
0CF3	N102JJ	T210
0CF4	N102JK	E300
0CF5	N102JL	SF50
0CF6	N102JM	BE35
0CF8	N102JP	RV4
0CFA	N102JR	C310
0CFE	N102JV	BL8
0D02	N102JZ	A119
0D03	N102K	GLID
0D06	N102KC	RV3
0D09	N102KF	R44
0D0F	N102KM	FOX
0D14	N102KS	C172
0D15	N102KT	RV10
0D16	N102KU	RV9
0D18	N102KW	SR22
0D1A	N102KY	P210
0D1F	N102LC	P28A
0D21	N102LE	LGEZ
0D22	N102LF	TBM7
0D23	N102LG	FOX
0D25	N102LJ	LJ60
0D27	N102LL	PA34
0D2A	N102LP	C82T
0D2D	N102LS	RV4
0D2E	N102LT	SR22
0D2F	N102LU	H269
0D31	N102LW	PA18
0D33	N102LY	RV9
0D35	N102M	LNC2
0D36	N102MA	C82S
0D38	N102MC	T6
0D39	N102MD	M4
0D3B	N102MF	K100
0D3C	N102MG	FDCT
0D40	N102ML	VEZE
0D41	N102MM	GC1
0D45	N102MR	M7
0D48	N102MU	C72R
0D57	N102NJ	B06
0D5A	N102NM	RV12
0D5B	N102NN	A321
0D5F	N102NS	BE40
0D65	N102NY	GLF4
0D68	N102PA	M20P
0D69	N102PB	SR22
0D6A	N102PC	SA30
0D6C	N102PE	CH60
0D6D	N102PF	P28A
0D6E	N102PG	M20P
0D6F	N102PH	CH70
0D70	N102PJ	J3
0D71	N102PK	RV7
0D72	N102PL	M20P
0D77	N102PR	C172
0D78	N102PS	T34P
0D80	N102Q	BE95
0D9A	N102RA	B733
0D9B	N102RB	BE35
0D9C	N102RC	RV6
0D9E	N102RE	GLST
0D9F	N102RF	AS50
0DA1	N102RH	T18
0DA5	N102RM	PA34
0DAA	N102RS	T206
0DAD	N102RV	RV8
0DB2	N102S	BE36
0DB3	N102SA	BE18
0DB4	N102SB	BE60
0DB7	N102SE	E190
0DBA	N102SH	B47G
0DBB	N102SJ	C172
0DBF	N102SN	BE60
0DC0	N102SP	PETR
0DC2	N102SR	SR22
0DC3	N102SS	RV7
0DC5	N102SU	H500
0DC7	N102SW	R66
0DC8	N102SX	SONX
0DC9	N102SY	DHC2
0DCB	N102T	PA18
0DCE	N102TC	PA18
0DD2	N102TG	XNON
0DD3	N102TH	WAIX
0DD6	N102TL	GLID
0DD7	N102TM	PA31
0DD8	N102TN	M20T
0DD9	N102TP	PC12
0DDC	N102TS	FOX
0DE0	N102TW	GLID
0DE1	N102TX	DV20
0DE2	N102TY	SONX
0DE4	N102U	DV20
0DE7	N102UC	C152
0DF0	N102UM	AS55
0DF8	N102UV	DA40
0DF9	N102UW	A320
0E0B	N102VP	C560
0E0D	N102VR	C750
0E0E	N102VS	LJ25
0E12	N102VW	PA18
0E17	N102WA	PA11
0E18	N102WB	C337
0E19	N102WC	C340
0E1E	N102WH	PA31
0E20	N102WK	BE9T
0E21	N102WL	WHIL
0E22	N102WM	PA31
0E24	N102WP	H269
0E26	N102WR	PA20
0E2B	N102WW	FOX
0E2D	N102WY	C560
0E2E	N102WZ	RV7
0E2F	N102X	C310
0E3D	N102XP	HIGH
0E45	N102XX	L39
0E48	N102Y	YAK3
0E4A	N102YB	FOX
0E52	N102YK	YK52
0E54	N102YM	M20P
0E61	N102Z	PA18
0E76	N102ZW	FOX
0E7B	N1020A	M20P
0E7E	N1020D	P28A
0E81	N1020G	AS50
0E82	N1020H	PA30
0E86	N1020M	C182
0E88	N1020P	SR22
0E89	N1020Q	H269
0E8C	N1020T	H269
0E8D	N1020U	C170
0E8E	N1020V	T206
0E8F	N1020W	BE35
0E90	N1020X	SONX
0E92	N1020Z	H269
0E98	N10205	C150
0E9A	N10207	C150
0E9B	N10208	C150
0E9D	N1021	AC80
0E9F	N1021B	AT5T
0EA0	N1021C	C182
0EA2	N1021E	CH7A
0EA4	N1021G	SONX
0EA6	N1021J	VO10
0EA7	N1021K	M20P
0EA9	N1021M	C150
0EAB	N1021P	C82S
0EAC	N1021Q	M7
0EB0	N1021U	M20P
0EB2	N1021W	BE36
0EB3	N1021X	P28R
0EB6	N10210	G164
0EB7	N10211	G164
0EB9	N10213	C177
0EBB	N10215	G164
0EBE	N10218	G164
0EC2	N1022B	PA18
0EC4	N1022D	C195
0EC6	N1022F	C185
0EC7	N1022G	C525
0ECB	N1022L	LA4
0ECC	N1022M	C182
0ECD	N1022N	AT5T
0ECF	N1022Q	UH1
0ED1	N1022S	DHC6
0ED2	N1022T	BE35
0ED3	N1022U	M20T
0ED6	N1022X	P28R
0EDB	N10222	COL4
0EDE	N10225	CH75
0EE3	N1023	SONX
0EE4	N1023A	PA18
0EE5	N1023B	C172
0EE6	N1023C	E135
0EE7	N1023D	TAYB
0EE8	N1023E	CH7A
0EE9	N1023F	C185
0EEA	N1023G	UH12
0EED	N1023K	PA18
0EEF	N1023M	SF50
0EF0	N1023N	PA18
0EF8	N1023W	BE33
0EF9	N1023X	P28B
0EFB	N1023Z	HIGH
0F01	N10235	M7
0F02	N10236	GP3
0F06	N1024	C210
0F09	N1024C	M20P
0F0C	N1024F	A321
0F0E	N1024H	P28A
0F11	N1024L	BE60
0F12	N1024M	C182
0F13	N1024N	VELO
0F15	N1024Q	P28A
0F16	N1024R	RV6
0F17	N1024S	TBM7
0F18	N1024T	BE35
0F19	N1024U	PA34
0F1B	N1024W	RS12
0F1E	N1024Z	COL4
0F1F	N10240	M7
0F21	N10242	C210
0F26	N10247	G164
0F27	N10248	PUMA
0F2A	N1025A	AT5T
0F2C	N1025C	M20P
0F2E	N1025E	CH7A
0F30	N1025G	RV8
0F35	N1025M	C182
0F36	N1025N	M7
0F3D	N1025V	C172
0F3E	N1025W	BE35
0F3F	N1025X	P28A
0F42	N10250	G164
0F45	N10253	G164
0F46	N10254	G164
0F47	N10255	C150
0F48	N10256	G164
0F4D	N1026A	M20P
0F4E	N1026B	BE50
0F4F	N1026C	M20P
0F51	N1026E	CH7A
0F52	N1026F	M20P
0F54	N1026H	P28A
0F55	N1026J	VO10
0F58	N1026M	C172
0F59	N1026N	M20P
0F5E	N1026T	BE35
0F5F	N1026U	M20P
0F60	N1026V	C208
0F61	N1026W	RV7
0F62	N1026X	P28A
0F63	N1026Y	B412
0F67	N10262	C82S
0F6F	N1027	SASY
0F71	N1027B	P28A
0F72	N1027C	BE36
0F73	N1027D	C421
0F74	N1027E	CH7A
0F75	N1027F	PA32
0F7A	N1027L	CULV
0F7B	N1027M	C172
0F7D	N1027P	C680
0F81	N1027T	M20P
0F85	N1027X	C180
0F8C	N10274	GLF5
0F93	N1028A	JACE
0F97	N1028E	CH7A
0F98	N1028F	C185
0F99	N1028G	C82S
0F9A	N1028H	AR15
0F9E	N1028M	C182
0FA1	N1028Q	BLKS
0FA2	N1028R	P210
0FA3	N1028S	B407
0FA6	N1028V	PL1
0FA7	N1028W	BE95
0FAF	N10284	M7
0FB1	N10286	G164
0FB6	N1029A	PA18
0FB7	N1029B	M20P
0FBA	N1029E	CH7B
0FBC	N1029G	ACAM
0FBD	N1029H	P28A
0FBF	N1029K	L8
0FC1	N1029M	M20P
0FC2	N1029N	M7
0FC3	N1029P	ST75
0FC5	N1029R	BE36
0FCA	N1029W	COY2
0FCB	N1029X	PA32
0FCC	N1029Y	C208
0FCE	N10290	KR31
0FD1	N10293	PA18
0FD2	N10294	G164
0FDA	N103AA	HUSK
0FDC	N103AC	BL8
0FDE	N103AE	B06
0FE3	N103AK	GLF5
0FE5	N103AM	C185
0FE6	N103AN	C208
0FE7	N103AP	C25M
0FE9	N103AR	C82T
0FEA	N103AS	C182
0FEB	N103AT	PA32
0FED	N103AV	P28A
0FEE	N103AW	DFLY
0FF3	N103BA	BE65
0FF4	N103BB	HUSK
0FF5	N103BC	BL8
0FFA	N103BH	BEAR
0FFE	N103BM	PA44
1000	N103BP	GLIM
1003	N103BS	PA12
1005	N103BU	PA31
1007	N103BW	RV6
100A	N103BZ	C560
100B	N103C	SR22
100E	N103CC	P28R
1012	N103CG	H500
1014	N103CJ	RS12
1016	N103CL	C25A
1019	N103CP	H269
101B	N103CR	GLIM
101C	N103CS	C182
101D	N103CT	C172
1020	N103CW	BE30
1021	N103CX	C550
1027	N103DC	C150
1029	N103DE	E55P
102A	N103DF	CH75
102B	N103DG	MAGN
1030	N103DM	SF50
1032	N103DP	A660
1035	N103DS	C25B
1036	N103DT	C320
1037	N103DU	BCS1
103A	N103DX	M20T
103B	N103DY	A321
103D	N103E	CRER
103E	N103EA	P32R
1040	N103EC	C402
1042	N103EE	SR22
1049	N103EM	C310
104A	N103EN	PA46
104D	N103ER	SR20
104E	N103ES	CH70
1054	N103EY	BE36
1055	N103EZ	LJ45
1058	N103FB	GLIM
105B	N103FE	B763
105C	N103FF	TAIL
105F	N103FJ	F2TH
1064	N103FP	COL4
1066	N103FR	C150
1067	N103FS	C310
106A	N103FV	C72R
106C	N103FX	GA7C
106F	N103G	BE18
1072	N103GC	SPHA
1074	N103GE	FOX
1076	N103GG	SR22
1077	N103GH	GLIM
107A	N103GL	PA31
107B	N103GM	FOX
107F	N103GR	C56X
1080	N103GS	M5
1081	N103GT	GLID
1083	N103GV	GLID
1084	N103GW	MRAI
108B	N103HC	MU30
108C	N103HD	CAMP
1091	N103HJ	HDJT
1094	N103HM	LEG2
1096	N103HP	PA24
1097	N103HQ	E75L
1099	N103HS	M7
109F	N103HY	HUSK
10A1	N103J	GLIM
10A2	N103JA	UH12
10A4	N103JC	FA62
10A5	N103JD	TBM7
10A7	N103JF	ERCO
10AA	N103JJ	RV7
10AB	N103JK	P28A
10AC	N103JL	LJ31
10AD	N103JM	GLIM
10AF	N103JP	B407
10B2	N103JS	LGEZ
10B3	N103JT	HDJT
10BA	N103K	S22T
10BB	N103KA	BE30
10BD	N103KC	P28B
10C0	N103KF	C172
10C4	N103KK	C25B
10CB	N103KS	C172
10D4	N103LA	AT3T
10D6	N103LC	S22T
10D9	N103LF	RV9
10DB	N103LH	BE58
10DE	N103LL	LEG2
10DF	N103LM	GLIM
10E0	N103LN	AS50
10E4	N103LS	GLIM
10E5	N103LT	T6
10E6	N103LU	C72R
10ED	N103MA	HUSK
10EE	N103MB	RV6
10F0	N103MD	LNC2
10F3	N103MG	GLIM
10F5	N103MJ	WAIX
10F6	N103MK	SR22
10F7	N103ML	C56X
10F8	N103MM	VELO
10F9	N103MN	RV6
10FC	N103MR	T206
10FE	N103MT	EC45
1105	N103N	BU33
1106	N103NA	DC3
1108	N103NC	C82S
110E	N103NJ	B06
1112	N103NN	A321
1116	N103NS	GLIM
1120	N103PB	C182
1124	N103PF	COL4
1125	N103PG	PA30
1128	N103PK	COY2
112E	N103PR	GLIM
112F	N103PS	RV8
1130	N103PT	M20P
1133	N103PW	GLID
1136	N103PZ	M7
1151	N103RA	T206
1153	N103RC	C404
1155	N103RE	CAML
1156	N103RF	GLIM
1159	N103RJ	PA18
115C	N103RM	C310
1160	N103RR	PA32
1161	N103RS	PA23
116A	N103SA	P28A
116E	N103SE	BE36
116F	N103SF	B190
1170	N103SG	C150
1171	N103SH	GLIM
1172	N103SJ	C206
1174	N103SL	AC90
1175	N103SM	BE36
1177	N103SP	RV6
117B	N103ST	DFLY
117C	N103SU	H500
117D	N103SV	C72R
117E	N103SW	GLEX
1180	N103SY	E75L
1182	N103T	GLIM
1184	N103TB	HUSK
1186	N103TD	LJ31
1187	N103TE	DHC2
1189	N103TG	GLIM
118D	N103TL	RV12
118F	N103TN	M20T
1194	N103TT	P28A
1198	N103TX	C82T
119B	N103U	TB20
119E	N103UC	C152
11AC	N103US	A320
11AF	N103UV	DA40
11B4	N103V	RV8
11BE	N103VK	C172
11C5	N103VS	MI24
11C7	N103VU	EC45
11C8	N103VV	GLF2
11C9	N103VW	PA18
11CD	N103W	NAVI
11D0	N103WC	B06
11D2	N103WE	J3
11D4	N103WG	GL7T
11D5	N103WH	GLIM
11E2	N103WW	BE35
11E6	N103X	GLID
11F7	N103XS	GLIM
11FC	N103XX	RF6
1209	N103YK	YK52
1230	N103ZZ	GL5T
1231	N1030	BE17
123E	N1030N	P32R
1241	N1030R	M20P
1246	N1030W	BE35
1249	N1030Z	M7
124A	N10300	C150
124F	N10305	C177
1256	N1031B	BLKS
125C	N1031H	AR15
1262	N1031P	C208
1264	N1031R	M20P
1265	N1031S	C152
1268	N1031V	T206
1269	N1031W	BE36
126A	N1031X	C82S
126D	N10310	C150
126F	N10312	C150
1271	N10314	CH7A
1276	N10319	BE18
127B	N1032D	C195
127C	N1032E	CH7A
127D	N1032F	B06
127E	N1032G	P46T
127F	N1032H	P46T
1280	N1032J	VO10
1283	N1032M	C150
1288	N1032S	PTS1
128B	N1032V	C172
128C	N1032W	BE35
128D	N1032X	M20T
128F	N1032Z	M20P
1299	N10329	M7
129A	N1033	PA18
129B	N1033A	C72R
129D	N1033C	M7
12A8	N1033P	PA23
12A9	N1033Q	M20P
12AC	N1033T	PA23
12AF	N1033W	BE35
12B0	N1033X	P28A
12B1	N1033Y	C172
12B3	N10330	GLID
12B5	N10332	COL4
12B7	N10334	WACF
12BC	N10339	M7
12BD	N1034	CN12
12BE	N1034A	PA18
12C2	N1034E	CH7A
12C5	N1034H	AR15
12C7	N1034K	L8
12C9	N1034M	ST75
12CE	N1034S	M20P
12D7	N10341	PA18
12DF	N10349	DHC2
12E5	N1035E	CH7B
12E8	N1035H	AR15
12EA	N1035K	L8
12EB	N1035L	AT5T
12ED	N1035N	M20P
12F1	N1035S	BE30
12F2	N1035T	RV4
12F6	N1035X	P28R
12FB	N10352	GLID
12FD	N10354	GLID
12FF	N10356	GLID
1300	N10357	GLID
1301	N10358	GLID
1306	N1036C	RS12
1308	N1036E	CH7A
130D	N1036K	AS14
130E	N1036L	PA23
130F	N1036M	C172
1310	N1036N	M7
1311	N1036P	COL4
1312	N1036Q	P28A
1313	N1036R	M20P
1315	N1036T	BE36
1316	N1036U	M20P
1318	N1036W	AT5T
1319	N1036X	PA32
1321	N10365	PA18
1322	N10366	GLID
1323	N10367	GLID
1324	N10368	M20P
1328	N1037B	BE35
132D	N1037G	AVID
132F	N1037J	VO10
1331	N1037L	PULS
1332	N1037M	C150
1333	N1037N	C208
1335	N1037Q	C310
1338	N1037T	C182
133A	N1037V	C180
133B	N1037W	P180
133E	N1037Z	NORS
1340	N10371	GLID
1341	N10372	GLID
1343	N10374	GLID
1344	N10375	H269
1347	N10378	GLID
1348	N10379	GLID
134A	N1038A	T6
134B	N1038B	S108
134D	N1038D	AR11
134E	N1038E	CH7B
134F	N1038F	P28A
1351	N1038H	P28A
1352	N1038J	VO10
1356	N1038N	H269
135E	N1038W	M20P
1362	N10380	C150
1366	N10384	GLID
1367	N10385	GLID
1369	N10387	GLID
136A	N10388	GLID
136B	N10389	GLID
136D	N1039A	BE35
136E	N1039B	M20P
1370	N1039D	CP30
1373	N1039G	T210
1375	N1039J	VO10
1376	N1039K	M20P
1378	N1039M	LNC2
137A	N1039P	C82T
137D	N1039S	M20P
137E	N1039T	BE36
137F	N1039U	PA34
1382	N1039X	P28A
1387	N10392	GLID
138A	N10395	DHC2
138F	N104	F104
1390	N104A	BU31
1392	N104AB	C82S
1393	N104AC	BL8
1395	N104AE	B407
1396	N104AF	C177
1397	N104AG	AP22
1398	N104AH	EC45
139B	N104AL	RV10
139C	N104AM	HUSK
139E	N104AP	B06
13A0	N104AR	GA5C
13A1	N104AS	H500
13A5	N104AW	PZ04
13A8	N104AZ	RV10
13A9	N104B	ERCO
13AA	N104BA	BE65
13AC	N104BC	PTS1
13AD	N104BD	GLID
13AE	N104BE	BE99
13B3	N104BK	RV10
13B5	N104BM	DHC3
13B6	N104BN	RV10
13B7	N104BP	RV10
13B9	N104BR	RV10
13BA	N104BS	RV10
13BC	N104BU	C182
13BD	N104BV	CH7B
13BE	N104BW	C185
13C0	N104BY	BE20
13C1	N104BZ	SR22
13C3	N104CA	HUSK
13C5	N104CC	PA18
13C6	N104CD	RV10
13C8	N104CF	S2P
13CA	N104CH	ALIG
13CD	N104CL	DV20
13CE	N104CM	H269
13D0	N104CP	PA30
13D6	N104CV	BABY
13D8	N104CX	BE20
13DB	N104D	TAIL
13DC	N104DA	GLEX
13DD	N104DB	BE24
13DE	N104DC	T6
13DF	N104DD	VELO
13E0	N104DE	C185
13E1	N104DF	PTS2
13E2	N104DG	FOX
13E4	N104DJ	GLIM
13E7	N104DM	BOLT
13E8	N104DN	A321
13E9	N104DP	GLAS
13ED	N104DT	AC95
13EE	N104DU	BCS1
13EF	N104DV	DOVE
13F4	N104E	TB20
13F8	N104ED	C172
13F9	N104EE	RV10
13FB	N104EG	R44
13FD	N104EJ	H25B
13FE	N104EK	RV8
1402	N104EP	RV10
1404	N104ER	P28R
1406	N104ET	SR22
1408	N104EV	B190
1409	N104EW	RV10
1411	N104FD	C150
1412	N104FE	B763
1413	N104FF	SUBA
1419	N104FM	BE36
141B	N104FP	COL4
141D	N104FR	C150
141E	N104FS	C172
1429	N104GC	Z26
142C	N104GF	EAGL
142E	N104GH	SR22
1430	N104GK	P32R
1432	N104GM	PA15
1434	N104GP	GLST
1436	N104GR	RV10
1438	N104GT	MAME
143C	N104GX	GX
143F	N104H	ST75
1444	N104HE	C185
1445	N104HF	UH1
1447	N104HH	UH12
1448	N104HJ	HDJT
144D	N104HP	EAGL
144E	N104HQ	E75L
1450	N104HS	C182
1454	N104HW	C550
1456	N104HY	HUSK
1459	N104JA	DA40
145A	N104JB	C172
145B	N104JC	RV6
145C	N104JD	PA18
145E	N104JF	C208
145F	N104JG	RV10
1460	N104JH	PA34
1462	N104JK	RV6
1469	N104JS	C182
146D	N104JW	BL8
1471	N104K	C207
1478	N104KG	C82S
147D	N104KM	C150
147F	N104KP	BE9L
1485	N104KV	SR20
148B	N104LA	BE33
148E	N104LD	RV10
1491	N104LG	RV10
1493	N104LJ	RV10
1497	N104LN	AS50
149A	N104LR	H25B
149D	N104LU	C72R
149E	N104LV	C56X
149F	N104LW	C25A
14A4	N104MA	CLON
14A8	N104ME	RV10
14A9	N104MF	RV10
14AC	N104MJ	PTS1
14AF	N104MM	BE95
14B0	N104MN	RV4
14B2	N104MQ	PA31
14B3	N104MR	BDOG
14B5	N104MT	FA7X
14B9	N104MX	MX2
14BC	N104N	RV10
14C9	N104NN	A321
14CC	N104NR	C180
14CD	N104NS	GLID
14D5	N104P	C182
14D6	N104PA	A119
14D7	N104PB	M20P
14D8	N104PC	F2TH
14D9	N104PD	C172
14DB	N104PF	C72R
14DD	N104PH	LJ35
14DE	N104PJ	LNP4
14DF	N104PK	LA4
14E1	N104PM	C182
14E3	N104PP	COL4
14E6	N104PS	T206
14E7	N104PT	PTS1
14EA	N104PW	GLID
14ED	N104PZ	PZ04
14EE	N104Q	J3
14FF	N104QS	GL5T
1500	N104QT	F2TH
1507	N104R	C750
1509	N104RB	F104
150A	N104RC	C185
150B	N104RD	F104
150D	N104RF	H25B
1510	N104RJ	LJ60
1514	N104RN	F104
1515	N104RP	C750
1518	N104RS	WW24
1519	N104RT	B06
151B	N104RV	RV4
1523	N104SC	PC12
1525	N104SE	COY2
1526	N104SF	T28
1527	N104SG	GALX
1528	N104SH	AVID
1529	N104SJ	RV8
152A	N104SK	C150
152E	N104SP	C182
1530	N104SR	SREY
1532	N104ST	RV10
1533	N104SU	H500
1535	N104SW	FDCT
1539	N104T	PA18
153B	N104TB	P28A
153D	N104TD	RV10
153E	N104TE	R44
1545	N104TM	RV4
1547	N104TP	C421
1548	N104TQ	SR22
1549	N104TR	C185
154B	N104TT	RV6
154D	N104TV	B06
1552	N104U	GLST
1555	N104UC	C152
1563	N104US	PTS1
1566	N104UV	DA40
1567	N104UW	A320
156C	N104VA	P28A
1579	N104VP	C560
157E	N104VU	EC35
157F	N104VV	GLF2
1586	N104WB	DHC2
1588	N104WD	P210
158C	N104WH	PA32
158F	N104WL	PZ04
1590	N104WM	C421
1592	N104WP	PA34
1595	N104WS	BE30
1596	N104WT	PA34
1599	N104WW	BE36
159B	N104WY	C208
159D	N104X	T18
15AB	N104XP	RV10
15B6	N104Y	FOX
15C0	N104YK	YK52
15E7	N104ZZ	CH65
15EB	N1040C	GL7T
15EC	N1040D	C208
15EE	N1040F	C185
15F0	N1040H	P32R
15F1	N1040J	VO10
15F2	N1040K	L8
15F6	N1040P	C82R
15F8	N1040R	M7
15FA	N1040T	BE95
15FB	N1040U	PA34
15FC	N1040V	C172
15FD	N1040W	BE35
15FE	N1040X	P28A
1600	N1040Z	PA32
1604	N10403	C150
1605	N10404	PA18
160B	N1041	C337
160C	N1041A	PA18
160E	N1041C	M20P
1612	N1041G	M20P
1613	N1041H	P32R
1616	N1041L	C208
1617	N1041M	C182
161A	N1041Q	P28A
161C	N1041S	C172
161E	N1041U	BU31
1620	N1041W	AT8T
1621	N1041X	P28A
1624	N10410	C177
162A	N10416	J4
162D	N10419	T210
162F	N1042A	PA18
1630	N1042B	B25
1631	N1042C	UH12
1632	N1042D	RV8
1633	N1042E	CH7A
1634	N942SP	CL30
1635	N1042G	C172
1638	N1042K	L8
163A	N1042M	ST75
163C	N1042P	H269
163E	N1042R	BE95
163F	N1042S	C172
1640	N1042T	BE58
1641	N1042U	PA34
1644	N1042X	P28R
1646	N1042Z	M7
1647	N10420	C177
1648	N10421	M7
1649	N10422	M20P
164C	N10425	C150
1653	N1043B	M7
1654	N1043C	T6
1655	N1043D	C195
1657	N1043F	C185
1659	N1043H	M20T
165A	N1043J	VO10
165B	N1043K	PA18
1660	N1043Q	P28R
1662	N1043S	C172
1663	N1043T	S61
1664	N1043U	GC1
1666	N1043W	BE33
1667	N1043X	P28R
1668	N1043Y	C414
1669	N1043Z	M20P
166C	N10432	UH1
166D	N10433	C170
1672	N10438	M7
1673	N10439	C150
1678	N1044D	C190
1679	N1044E	CH7A
167A	N1044F	M7
167B	N1044G	C140
167C	N1044H	PA34
167D	N1044J	VO10
167F	N1044L	M7
1680	N1044M	BE30
1681	N1044N	M7
1683	N1044Q	UH1
1685	N1044S	C180
1686	N1044T	J5
1688	N1044V	M20P
1689	N1044W	BE35
168D	N10440	J3
168F	N10442	O1
1691	N10444	O1
1692	N10445	O1
1693	N10446	C172
1695	N10448	CH7A
1698	N1045A	PA18
169A	N1045C	B06
169C	N1045E	CH7A
169D	N1045F	M20P
16A1	N1045K	L8
16A2	N1045L	LA4
16A6	N1045Q	C310
16A7	N1045R	M7
16A8	N1045S	TAYD
16AC	N1045W	BE95
16AD	N1045X	M20P
16AE	N1045Y	C82T
16B0	N10450	CH7A
16B2	N10452	C150
16B3	N10453	L5
16B4	N10454	C150
16B5	N10455	C150
16B7	N10457	C206
16B8	N10458	VALI
16B9	N10459	C150
16BC	N1046B	M20P
16BF	N1046E	BL8
16C4	N1046K	L8
16C6	N1046M	ST75
16CD	N1046U	M20P
16CE	N1046V	T206
16CF	N1046W	NAVI
16D0	N1046X	P28A
16D1	N1046Y	T6
16D3	N10460	L5
16D9	N10466	C150
16DC	N10469	M20P
16DE	N1047A	M20P
16DF	N1047B	BE18
16E0	N1047C	T6
16E2	N1047E	CH7B
16E5	N1047H	P28A
16E6	N1047J	VO10
16E8	N1047L	M20P
16E9	N1047M	P28A
16EA	N1047N	M7
16EC	N1047Q	P28R
16F0	N1047U	M7
16F1	N1047V	PA18
16F2	N1047W	BE95
16F3	N1047X	AA1
16F4	N1047Y	M7
16F5	N1047Z	GLID
16F6	N10470	PA18
16F9	N10473	C150
16FA	N10474	C150
16FB	N10475	H269
16FD	N10477	CH75
16FE	N10478	C150
1701	N1048A	PA18
1703	N1048C	CH7B
1704	N1048D	M20P
1705	N1048E	CH7B
1706	N1048F	M7
170B	N1048L	LA4
170C	N1048M	ST75
170F	N1048Q	M7
1712	N1048T	M7
1716	N1048X	M7
1717	N1048Y	S61
1719	N10480	PA32
171A	N10481	M7
171E	N10485	M7
1720	N10487	C150
1721	N10488	C150
1723	N1049	J3
1724	N1049A	B763
1726	N1049C	PA11
1727	N1049D	P337
172B	N1049H	AR15
172C	N1049J	VO10
172D	N1049K	RLU1
1731	N1049P	PA18
1735	N1049T	M20P
1738	N1049W	CH7A
1739	N1049X	PA32
173B	N1049Z	M7
173E	N10492	J3
173F	N10493	CH7A
1741	N10495	C150
1744	N10498	C150
1745	N10499	L5
1746	N105	B105
1748	N105AA	C82R
174A	N105AC	H500
174B	N105AD	C25C
174D	N105AF	F2TH
1753	N105AM	B407
1755	N105AP	B06
1758	N105AS	C150
1759	N105AT	B06
175B	N105AV	P28A
175D	N105AX	BE40
1760	N105B	BE35
1761	N105BA	B105
1762	N105BB	HUSK
1763	N105BC	C310
1764	N105BD	BD5
1767	N105BG	C560
1768	N105BH	BL8
176A	N105BK	F900
176E	N105BP	PULS
1775	N105BW	COZY
177A	N105CA	DC3
177B	N105CB	BL17
177C	N105CC	PA18
177D	N105CD	C680
1781	N105CH	PA23
1783	N105CK	SR22
1785	N105CM	H269
178E	N105CW	C310
178F	N105CX	GLF5
1793	N105DA	AT3P
1794	N105DB	EAGL
1798	N105DF	T210
179E	N105DM	CH60
17A0	N105DP	C150
17A5	N105DU	BCS1
17A7	N105DW	BABY
17A8	N105DX	A321
17A9	N105DY	PA32
17AC	N105EA	LGEZ
17AD	N105EB	PA23
17AE	N105EC	L29
17AF	N105ED	C172
17B7	N105EM	RELI
17BB	N105ER	NAVI
17C4	N105F	J5
17C5	N105FA	BE35
17C7	N105FC	C425
17C9	N105FE	B763
17D2	N105FP	M7
17D4	N105FR	B105
17DD	N105G	MA5
17E1	N105GD	GLIM
17EB	N105GP	P180
17ED	N105GR	SONX
17EE	N105GS	RV9
17F3	N105GX	GX
17F9	N105HC	SR22
17FC	N105HF	C172
17FE	N105HH	UH12
1804	N105HP	P32R
1805	N105HQ	E75L
180F	N105J	C510
1812	N105JC	PA18
1813	N105JD	B06
1815	N105JF	C208
1816	N105JG	RV6
1817	N105JH	PA12
1819	N105JK	C172
181B	N105JM	C82T
181F	N105JR	PA18
1820	N105JS	B38M
1824	N105JW	RV4
1829	N105KA	C402
1833	N105KL	SR22
1841	N105L	C310
1842	N105LA	SR22
1843	N105LB	EA50
1844	N105LC	B105
184B	N105LK	SF50
184F	N105LP	B06
1854	N105LU	C172
1855	N105LV	CH65
185A	N105M	GLID
185B	N105MA	PA31
185D	N105MC	C310
1866	N105MM	E300
186A	N105MR	BDOG
186C	N105MT	C182
186D	N105MU	SR20
186F	N105MW	TAIL
1874	N105NA	AA5
187C	N105NJ	UH1
187D	N105NK	EC45
1880	N105NN	A321
1883	N105NR	C185
1884	N105NS	GLID
188D	N105PA	M20P
1890	N105PD	C172
1893	N105PG	S22T
189D	N105PS	EXEJ
18A1	N105PW	GLID
18A4	N105PZ	LEG2
18C1	N105RC	GLAS
18C2	N105RD	C172
18C4	N105RF	C208
18C5	N105RG	C240
18C6	N105RH	C650
18C7	N105RJ	HUSK
18C8	N105RK	B58T
18D2	N105RV	RV4
18D6	N105RZ	RV6
18D7	N105S	GLID
18DD	N105SF	T28
18E1	N105SK	C150
18E5	N105SP	C82R
18E9	N105ST	GLF5
18EA	N105SU	H500
18ED	N105SX	SONX
18EE	N105SY	E75L
18F0	N105T	PA18
18F2	N105TB	GLF2
18F4	N105TD	C560
18FB	N105TL	C82S
18FC	N105TM	TBM7
1901	N105TS	B738
1902	N105TT	SR22
1904	N105TV	C182
1905	N105TW	E190
1906	N105TX	COLT
1909	N105U	TOBA
190C	N105UC	C152
1917	N105UP	CL60
191A	N105US	GLID
191D	N105UV	DA40
191E	N105UW	A320
1924	N105VB	C82R
1925	N105VC	ERCO
1927	N105VE	C208
1930	N105VP	VELO
1935	N105VU	EC35
1936	N105VV	UH1
193C	N105WA	PA11
1945	N105WK	RV7
1946	N105WL	SR22
1947	N105WM	MU2
1949	N105WP	VELO
194B	N105WR	GLIM
194C	N105WS	GLID
1954	N105X	BE35
196A	N105XX	L39
19A0	N1050A	PA18
19A1	N1050B	M20P
19A2	N1050C	C150
19A5	N1050F	C185
19A9	N1050K	L8
19AE	N1050Q	M20P
19AF	N1050R	M7
19B1	N1050T	BE36
19B3	N1050V	C180
19B8	N10500	CH7A
19BC	N10504	CH7A
19BD	N10505	C150
19BF	N10507	C150
19C0	N10508	CH7A
19C1	N10509	C150
19C3	N1051A	PA18
19C7	N1051E	CH7B
19CA	N1051H	AR15
19CC	N1051K	M20P
19D1	N1051Q	T18
19D3	N1051S	M7
19D4	N1051T	M7
19D6	N1051V	T206
19D7	N1051W	M7
19D9	N1051Y	M20P
19DA	N1051Z	M7
19DB	N10510	J3
19DC	N10511	J3
19E3	N10518	C150
19E6	N1052A	S22T
19EA	N1052E	CH7A
19EB	N1052F	C185
19ED	N1052H	AR15
19F0	N1052L	P46T
19F1	N1052M	C182
19F4	N1052Q	C310
19F7	N1052T	M7
19FA	N1052W	GLID
19FC	N1052Y	IS28
19FE	N10520	CH7A
1A00	N10522	PA46
1A02	N10524	C150
1A03	N10525	CH7A
1A04	N10526	CH7A
1A08	N1053	DHC2
1A0A	N1053B	C82T
1A0C	N1053D	C195
1A10	N1053H	P28A
1A13	N1053L	M20P
1A1A	N1053T	M7
1A1D	N1053W	C82S
1A1E	N1053X	C172
1A25	N10534	C140
1A2E	N1054C	M20P
1A2F	N1054D	C195
1A30	N1054E	CH7A
1A31	N1054F	AR15
1A35	N1054K	M20P
1A37	N1054M	T6
1A3A	N1054Q	PA32
1A3D	N1054T	M7
1A3E	N1054U	PA34
1A3F	N1054V	C172
1A40	N1054W	BE58
1A41	N1054X	PA34
1A4C	N10548	C150
1A4E	N1055	C402
1A4F	N1055A	KR2
1A51	N1055C	M7
1A53	N1055E	CH7A
1A54	N1055F	AT5T
1A56	N1055H	AR15
1A57	N1055J	M7
1A5A	N1055M	C182
1A60	N1055T	M7
1A62	N1055V	C172
1A63	N1055W	GLID
1A64	N1055X	M7
1A66	N1055Z	M7
1A67	N10550	M7
1A68	N10551	G2T1
1A69	N10552	NAVI
1A6B	N10554	T34P
1A6C	N10555	M7
1A6E	N10557	C150
1A73	N1056B	PC12
1A75	N1056D	C195
1A76	N1056E	CH7B
1A77	N1056F	C185
1A79	N1056H	P28R
1A7A	N1056J	VO10
1A7C	N1056L	LA4
1A80	N1056Q	C310
1A83	N1056T	M20P
1A8C	N10562	RV6
1A8F	N10565	C150
1A90	N10566	GLF4
1A92	N10568	C150
1A93	N10569	L5
1A98	N1057D	C195
1A9A	N1057F	C172
1A9B	N1057G	PTS2
1A9C	N1057H	P32R
1A9D	N1057J	VO10
1A9E	N1057K	L8
1AA1	N1057N	VEZE
1AA3	N1057Q	C82S
1AA4	N1057R	C172
1AA6	N1057T	C82T
1AA9	N1057W	BE36
1AAA	N1057X	P28A
1AAC	N1057Z	C82S
1AAE	N10571	ST75
1AAF	N10572	PA18
1AB1	N10574	C150
1AB4	N10577	C150
1AB6	N10579	DUCE
1AB9	N1058B	M20P
1ABB	N1058D	C190
1ABD	N1058F	DHC4
1AC0	N1058J	VO10
1AC2	N1058L	LA4
1AC3	N1058M	C150
1AC4	N1058N	C208
1AC7	N1058R	BE58
1AC9	N1058T	M7
1ACB	N1058V	C172
1ACF	N1058Z	COL4
1AD0	N10580	COL4
1AD2	N10582	COL4
1AD3	N10583	ST75
1AD4	N10584	ST75
1ADB	N1059A	PA18
1ADE	N1059D	GLID
1AE0	N1059F	P28A
1AE2	N1059H	AR15
1AE3	N1059J	VO10
1AEA	N1059R	C175
1AF5	N10592	C150
1AF6	N10593	PA18
1AFA	N10597	T6
1B01	N106AC	BL8
1B03	N106AE	B06
1B04	N106AF	C72R
1B05	N106AG	B06
1B06	N106AH	EC45
1B09	N106AL	ALIG
1B0A	N106AM	B06
1B0B	N106AN	C208
1B0E	N106AR	GLID
1B0F	N106AS	RV4
1B10	N106AT	P32R
1B17	N106B	BE35
1B18	N106BA	BE65
1B1A	N106BC	P28A
1B20	N106BJ	RV7
1B27	N106BR	GLIM
1B31	N106CA	C402
1B32	N106CB	BL17
1B33	N106CC	CC11
1B34	N106CD	SR20
1B39	N106CJ	C25A
1B3A	N106CK	F900
1B3C	N106CM	HROC
1B3E	N106CP	UH1
1B42	N106CT	FDCT
1B45	N106CW	C185
1B4A	N106DA	EN28
1B4D	N106DD	BE9L
1B4E	N106DE	GLIM
1B53	N106DK	GLID
1B54	N106DL	B105
1B56	N106DN	A321
1B5A	N106DS	GLID
1B5C	N106DU	BCS1
1B62	N106E	RV8
1B64	N106EB	BL8
1B65	N106EC	E35L
1B66	N106ED	C172
1B6B	N106EJ	RV6
1B6E	N106EM	P28A
1B73	N106ES	C172
1B74	N106ET	C172
1B78	N106EX	F900
1B7A	N106EZ	SR22
1B7B	N106F	TOBA
1B7E	N106FC	R44
1B80	N106FE	B763
1B81	N106FF	LJ60
1B87	N106FM	P28A
1B8C	N106FS	DHC2
1B90	N106FW	AC50
1B95	N106GA	BE58
1B96	N106GB	BE20
1B97	N106GC	C172
1B9B	N106GG	DG15
1B9E	N106GK	LJ45
1B9F	N106GL	GLST
1BA5	N106GS	SSTL
1BA6	N106GT	C172
1BA9	N106GW	PA32
1BAA	N106GX	GX
1BB5	N106HH	UH12
1BBB	N106HP	P28A
1BBC	N106HQ	E75L
1BBE	N106HS	B06
1BC6	N106J	PA24
1BC8	N106JB	F86
1BC9	N106JC	B06
1BD1	N106JL	PA23
1BD2	N106JM	RV6
1BD4	N106JP	EAGL
1BD8	N106JT	C25B
1BDB	N106JW	FOX
1BDF	N106K	BE36
1BE0	N106KA	C172
1BE7	N106KH	BE40
1BE9	N106KK	E55P
1BF0	N106KS	RV6
1BF1	N106KT	H269
1BF9	N106LA	AT8T
1BFA	N106LB	PA46
1C03	N106LL	ACAM
1C09	N106LS	SIRA
1C0B	N106LU	SR20
1C0D	N106LW	GLID
1C12	N106MA	HUSK
1C13	N106MB	BE58
1C14	N106MC	S22T
1C17	N106MF	K100
1C19	N106MH	H21
1C1A	N106MJ	C525
1C1C	N106ML	BE9L
1C1D	N106MM	RV6
1C21	N106MR	PA32
1C22	N106MS	P28A
1C24	N106MU	SR20
1C2A	N106N	BE35
1C33	N106NJ	UH1
1C34	N106NK	C172
1C37	N106NN	A321
1C44	N106PA	BE20
1C45	N106PB	FB1A
1C46	N106PC	C750
1C48	N106PE	P28R
1C49	N106PF	DFLY
1C4A	N106PG	C650
1C4D	N106PK	C172
1C54	N106PS	C182
1C57	N106PV	SSTL
1C58	N106PW	GLID
1C5C	N106Q	M20P
1C76	N106RA	C172
1C77	N106RB	RV4
1C78	N106RC	GLIM
1C79	N106RD	R22
1C7B	N106RF	C208
1C7C	N106RG	C182
1C7D	N106RH	BE20
1C81	N106RM	C182
1C86	N106	BE30
1C87	N106RT	RV6
1C89	N106RV	RV6
1C95	N106SG	H60
1C96	N106SH	EC35
1C9A	N106SM	RV4
1C9C	N106SP	E545
1C9E	N106SR	C550
1C9F	N106SS	P46T
1CA0	N106ST	C56X
1CA1	N106SU	H500
1CA4	N106SX	BE99
1CA5	N106SY	E75L
1CA7	N106T	GLID
1CAB	N106TD	GLF4
1CAE	N106TG	PA31
1CAF	N106TH	RS12
1CB0	N106TJ	SR22
1CB2	N106TL	C82S
1CB4	N106TN	M20T
1CB6	N106TQ	SR22
1CB7	N106TR	COY2
1CBA	N106TU	RV6
1CBC	N106TW	PC12
1CBD	N106TX	DV20
1CC0	N106U	C180
1CC3	N106UC	C152
1CD4	N106UV	DA40
1CD9	N106V	BE35
1CDA	N106VA	RV10
1CDE	N106VE	C208
1CE3	N106VK	C172
1CE7	N106VP	C560
1CEA	N106VS	MI24
1CEB	N106VT	VELT
1CEC	N106VU	EC30
1CF2	N106W	RV7
1CFD	N106WL	CH60
1D00	N106WP	RV6
1D03	N106WS	C172
1D04	N106WT	PA18
1D21	N106XX	L39
1D3D	N106Z	B06
1D5B	N1060E	CH7A
1D5C	N1060F	C185
1D5E	N1060H	AR15
1D66	N1060R	BE36
1D68	N1060T	P28A
1D6B	N1060W	BE95
1D70	N10601	P51
1D71	N10602	T6
1D73	N10604	C150
1D76	N10607	P51
1D7D	N1061D	BE36
1D7E	N1061E	CH7B
1D7F	N1061F	BE58
1D87	N1061P	T206
1D88	N1061Q	PA32
1D8B	N1061T	P46T
1D8E	N1061W	BE33
1D8F	N1061X	C172
1D90	N1061Y	NAVI
1D94	N10612	C150
1D97	N10615	C150
1D99	N10617	C150
1D9A	N10618	C150
1DA2	N1062F	C185
1DA9	N1062N	FEST
1DAF	N1062U	PA32
1DB1	N1062W	BE36
1DB6	N10621	C150
1DB9	N10624	C172
1DBB	N10626	P40
1DBD	N10628	C150
1DC1	N1063B	M20P
1DC2	N1063C	P32T
1DC4	N1063E	CH7A
1DC6	N1063G	RV8
1DC7	N1063H	P32R
1DCA	N1063L	P28A
1DCE	N1063Q	P32R
1DD4	N1063W	BE36
1DDA	N10632	C72R
1DE0	N10638	C150
1DE4	N1064B	C82S
1DE5	N1064C	BE58
1DE6	N1064D	C195
1DE7	N1064E	CH7A
1DE8	N1064F	BD4
1DEC	N1064K	L8
1DF3	N1064S	PA46
1DF5	N1064U	M20P
1DF6	N1064V	C172
1DF7	N1064W	BE60
1DF8	N1064X	P28A
1DFF	N10644	C150
1E00	N10645	C150
1E02	N10647	C150
1E04	N10649	C150
1E06	N1065A	PA18
1E07	N1065B	BE58
1E09	N1065D	PA46
1E0A	N1065E	C210
1E11	N1065M	ST75
1E12	N1065N	M20P
1E13	N1065P	PA23
1E16	N1065S	M20P
1E17	N1065T	EXEC
1E18	N1065U	C82T
1E1A	N1065W	M20P
1E1B	N1065X	M20P
1E1C	N1065Y	P46T
1E1F	N10651	C150
1E21	N10653	C150
1E26	N10658	C150
1E28	N1066	WAC9
1E29	N1066A	PA18
1E2A	N1066B	P32T
1E2B	N1066C	M20P
1E2D	N1066E	P32R
1E30	N1066H	BE58
1E33	N1066L	LA4
1E34	N1066M	ST75
1E35	N1066N	ST75
1E36	N1066P	BE36
1E37	N1066Q	PA20
1E39	N1066S	P32T
1E3B	N1066U	M20P
1E3D	N1066W	GLF4
1E3F	N1066Y	TAIL
1E42	N10661	C150
1E43	N10662	C82T
1E44	N10663	C150
1E47	N10666	GLF5
1E4A	N10669	C150
1E4C	N1067A	SLG2
1E50	N1067E	CH7A
1E52	N1067G	M20P
1E56	N1067L	C150
1E57	N1067M	C210
1E58	N1067N	ST75
1E5A	N1067Q	P28A
1E5C	N1067S	RV6
1E60	N1067W	M20P
1E61	N1067X	P28A
1E62	N1067Y	P28A
1E68	N10674	J3
1E6F	N1068A	M20P
1E71	N1068C	C82S
1E72	N1068D	C195
1E74	N1068F	C172
1E75	N1068G	M20P
1E76	N1068H	P28A
1E78	N1068K	BE9L
1E79	N1068L	LA4
1E7A	N1068M	C172
1E7B	N1068N	ST75
1E7E	N1068R	M20P
1E7F	N1068S	J3
1E83	N1068W	DG15
1E84	N1068X	M20P
1E85	PT-JCX	BE35
1E88	N10681	C150
1E89	N10682	C150
1E8A	N10683	C150
1E8E	N10687	C150
1E8F	N10688	C150
1E90	N10689	C150
1E92	N1069A	PA18
1E95	N1069D	C195
1E96	N1069E	CH7A
1E97	N1069F	BE33
1E98	N1069G	M20P
1E9A	N1069J	VO10
1E9C	N1069L	C182
1E9F	N1069P	NAVI
1EA5	N1069V	C172
1EA6	N1069W	BE36
1EA7	N1069X	PA32
1EAB	N10691	PA34
1EAD	N10693	C150
1EAE	N10694	P46T
1EB3	N10699	B06
1EB7	N107AB	PA34
1EB8	N107AC	BL8
1EBA	N107AE	B407
1EBB	N107AF	C72R
1EBD	N107AH	EC30
1EBF	N107AK	M7
1EC1	N107AM	HUSK
1EC3	N107AP	T206
1EC9	N107AV	C750
1ECA	N107AW	BL8
1ECB	N107AX	S22T
1ECD	N107AZ	RS12
1ECE	N107B	DHC2
1ECF	N107BA	C172
1ED0	N107BB	S22T
1ED1	N107BC	SR22
1ED3	N107BE	BE30
1ED4	N107BF	B505
1ED6	N107BH	C212
1ED7	N107BJ	PTS2
1ED8	N107BK	CRUZ
1ED9	N107BL	C337
1EDA	N107BM	CH60
1EDB	N107BN	H500
1EE6	N107BZ	UH1
1EE7	N107C	GLAS
1EE8	N107CA	SS2P
1EE9	N107CB	SR22
1EEB	N107CD	SR20
1EEE	N107CG	C172
1EEF	N107CH	UH1
1EF2	N107CL	DV20
1EF3	N107CM	BE76
1EF9	N107CT	FOX
1EFB	N107CV	FA50
1EFD	N107CX	HDJT
1EFF	N107CZ	BE40
1F01	N107DA	C680
1F04	N107DD	RODS
1F06	N107DF	AC50
1F07	N107DG	RV14
1F09	N107DJ	RODS
1F0A	N107DK	COY2
1F0C	N107DM	CHR1
1F0D	N107DN	A321
1F11	N107DS	GLID
1F13	N107DU	BCS1
1F19	N107E	DA62
1F1E	N107EE	C550
1F21	N107EH	R44
1F24	N107EL	C172
1F2A	N107ES	C172
1F2F	N107EX	PA11
1F32	N107F	TOBA
1F35	N107FC	PA31
1F37	N107FE	B763
1F39	N107FG	T6
1F3A	N107FH	R22
1F44	N107FT	C340
1F4B	N107G	RV7
1F4C	N107GA	RF6
1F4E	N107GC	YK52
1F52	N107GG	B06
1F55	N107GK	S22T
1F56	N107GL	F900
1F57	N107GM	CH70
1F5D	N107GT	GLIM
1F64	N107H	BE95
1F6D	N107HJ	FOX
1F70	N107HM	PC12
1F72	N107HP	SNS7
1F73	N107HQ	E75L
1F81	N107JD	VELO
1F83	N107JF	T211
1F84	N107JG	C525
1F85	N107JH	B350
1F88	N107JL	RS12
1F89	N107JM	CH60
1F8B	N107JP	T206
1F8E	N107JS	BE33
1F92	N107JW	GLIM
1F97	N107KA	C208
1F98	N107KB	E300
1F99	N107KC	DA40
1FA2	N107KM	COL4
1FA5	N107KQ	K100
1FA6	N107KR	R44
1FAA	N107KV	CASS
1FAF	N107L	C185
1FB8	N107LJ	R44
1FC0	N107LS	ECHO
1FC1	N107LT	H25B
1FC2	N107LU	BE36
1FC8	N107M	KR2
1FCA	N107MB	DFLY
1FCB	N107MC	PA46
1FCD	N107ME	GLST
1FCF	N107MG	M20P
1FD3	N107ML	AT3T
1FD4	N107MM	BE36
1FD8	N107MR	P28A
1FD9	N107MS	C172
1FDA	N107MT	SR22
1FDB	N107MU	SR20
1FDD	N107MW	KMAX
1FDF	N107MY	S22T
1FE2	N107NA	T28
1FE5	N107ND	P28A
1FE8	N107NG	DA42
1FEA	N107NJ	UH1
1FEE	N107NN	A321
1FFB	N107PA	PA23
1FFC	N107PB	SR22
1FFD	N107PC	PA31
2000	N107PF	C82S
2001	N107PG	FOX
2002	N107PH	B06
2003	N107PJ	PC24
2006	N107PM	PA46
200A	N107PR	ST75
200B	N107PS	C172
200C	N107PT	C25B
202D	N107RA	C172
202E	N107RB	DFLY
202F	N107RC	C550
2032	N107RF	C172
2033	N107RG	F2TH
2034	N107RH	C82R
2038	N107RM	LJ25
2040	N107RV	RV4
2041	N107RW	CH60
2044	N107RZ	LGEZ
2045	N107S	NAVI
2047	N107SB	BE40
2049	N107SD	LNC2
204A	N107SE	GLIM
204B	N107SF	H500
204D	N107SH	RV4
204F	N107SK	C177
2053	N107SP	C82R
2057	N107ST	MC45
205B	N107SX	BE99
205C	N107SY	E75L
205F	N107TA	PA32
2060	N107TB	COZY
2062	N107TD	GLF4
2064	N107TF	RV12
2065	N107TG	LEG2
2069	N107TL	C82S
206C	N107TP	GLID
206D	N107TQ	SR22
206F	N107TS	C72R
2070	N107TT	C310
2071	N107TU	SIRA
2072	N107TV	B752
2073	N107TW	PC12
2074	N107TX	DV20
2088	N107US	A320
208B	N107UV	DA40
2090	N107V	TOBA
2091	N107VA	RV10
2093	N107VC	AC50
209B	N107VL	LJ75
20A1	N107VS	GLF5
20A3	N107VU	EC30
20A5	N107VW	BE35
20AF	N107WF	C182
20B3	N107WK	S61
20BA	N107WS	BE50
20BE	N107WW	FDCT
20D2	N107XR	RODS
20D3	N107XS	GNAT
20D8	N107XX	RV7
20DB	N107Y	WACF
20E5	N107YK	YK52
20F2	N107YY	C310
20F4	N107Z	HUCO
20F5	N107ZA	L39
20F7	N107ZC	CH7A
210F	N1070B	PA24
2112	N1070E	AT5T
2115	N1070H	AR15
2118	N1070L	LA4
2119	N1070M	C210
211B	N1070P	PA23
2121	N1070V	C172
2122	N1070W	BE33
2123	N1070X	PA34
2125	N1070Z	M20P
2131	N1071A	PA31
2133	N1071C	P28A
2134	N1071D	C195
2135	N1071E	CH7A
2138	N1071H	AR15
2139	N1071J	VO10
213A	N1071K	L8
213B	N1071L	LA4
213C	N1071M	T210
213D	N1071N	J3
213E	N1071P	PA23
2141	N1071S	P46T
2142	N1071T	BE95
2143	N1071U	M20P
2144	N1071V	C172
2145	N1071W	BE36
2146	N1071X	P28A
2148	N1071Z	C172
214B	N10712	BE95
214D	N10714	O1
214E	N10715	O1
2152	N10719	M20P
2154	N1072A	PA18
2158	N1072E	CH7B
2159	N1072F	BE36
215B	N1072H	AR15
215C	N1072J	VO10
215E	N1072L	LA4
2160	N1072N	M20P
2162	N1072Q	P28A
2167	N1072V	C172
2169	N1072X	P28A
216A	N1072Y	M20P
216B	N1072Z	M20P
2171	N10725	M20P
2174	N10728	UH12
2177	N1073A	PA18
2179	N1073C	M20P
217B	N1073E	CH7A
217C	N1073F	C172
217D	N1073G	M20P
2181	N1073L	LA4
2182	N1073M	C182
2185	N1073Q	C310
2187	N1073S	BE58
2188	N1073T	P28R
2189	N1073U	M20P
218B	N1073W	B214
218C	N1073X	P28R
218D	N1073Y	C172
2191	N10732	C150
2196	N10737	C150
2197	N10738	C150
219C	N1074C	C82T
219D	N1074D	C195
219F	N1074F	C185
21A0	N1074G	BE20
21A2	N1074J	VO10
21A3	N1074K	L8
21A4	N1074L	CH7B
21A5	N1074M	M20P
21A6	N1074N	ST75
21AA	N1074S	M20P
21AB	N1074T	C172
21AC	N1074U	PA34
21AE	N1074W	BE33
21AF	N1074X	C206
21B0	N1074Y	M20P
21B3	N10741	C150
21B4	N10742	C150
21B9	N10747	C150
21BA	N10748	C150
21BB	N10749	C150
21BC	N1075	RV9
21BD	N1075A	PA18
21BE	N1075B	H60
21BF	N1075C	M20P
21C0	N1075D	C195
21C1	N1075E	CH7A
21C4	N1075H	AR15
21C5	N1075J	VO10
21C7	N1075L	LA4
21C8	N1075M	C77R
21CC	N1075R	P28A
21D1	N1075W	B06
21D2	N1075X	BE58
21D3	N1075Y	B06
21D5	N10750	C150
21D7	N10752	C150
21D9	N10754	C150
21DD	N10758	C150
21DF	N1076	PA18
21E3	N1076D	RBEL
21E5	N1076F	C185
21E6	N1076G	B06
21E8	N1076J	VO10
21E9	N1076K	BE9L
21EC	N1076N	M20P
21EE	N1076Q	P28A
21F3	N1076V	C172
21F5	N1076X	P28A
21FA	N10762	C150
21FB	N10763	C150
21FC	N10764	M20P
21FE	N10766	C150
21FF	N10767	PA46
2201	N10769	C175
2203	N1077A	C185
2204	N1077B	BE35
2205	N1077C	M20P
2206	N1077D	C195
2207	N1077E	CH7B
2208	N1077F	C185
2209	N1077G	M20P
220A	N1077H	AR15
220B	N1077J	VO10
220D	N1077L	M20P
2215	N1077U	M20P
2216	N1077V	M20P
2217	N1077W	BE36
2218	N1077X	P28R
2219	N1077Y	M20P
221E	N10773	C150
221F	N10774	C150
2222	N10777	C150
2225	N1078	SKAR
2226	N1078A	PA18
222A	N1078E	CH7A
222B	N1078F	C185
222E	N1078J	FOX
2231	N1078M	C172
2232	N1078N	B06
2233	N1078P	FOX
2234	N1078Q	B06
2236	N1078S	BE58
2237	N1078T	S58T
2238	N1078U	PA34
223D	N1078Z	HCAT
2240	N10782	T206
2242	N10784	C150
2245	N10787	C150
2249	N1079A	B06
224A	N1079B	M20P
224C	N1079D	BE9L
224D	N1079E	CH7A
224E	N1079F	T210
224F	N1079G	H60
2250	N1079H	P28A
2251	N1079J	VO10
2252	N1079K	M20P
2253	N1079L	LA4
2254	N1079M	C172
2256	N1079P	M20P
2257	N1079Q	C310
2259	N1079S	M20P
225B	N1079U	B212
225C	N1079V	M20P
225F	N1079Y	P28A
2264	N10793	C150
2268	N10797	T206
2269	N10798	BUCA
226A	N10799	TAIL
226C	N108A	GLID
226E	N108AB	S108
226F	N108AC	PA31
2270	N108AD	CL60
2271	N108AE	B06
2272	N108AF	R44
2273	N108AG	A119
2274	N108AH	EC30
2277	N108AL	BE20
2278	N108AM	HUSK
2279	N108AN	C208
227E	N108AT	C77R
2280	N108AV	P28A
2285	N108B	BE35
2286	N108BA	BE99
2289	N108BD	BDOG
228C	N108BG	VELO
228E	N108BJ	RV7
228F	N108BK	FA50
2291	N108BM	C68A
2297	N108BT	S108
229D	N108BZ	E190
22A0	N108CB	RV4
22A1	N108CC	C337
22A4	N108CF	DA40
22A5	N108CG	AKRO
22A6	N108CH	G2T1
22A7	N108CJ	C25A
22A9	N108CL	DV20
22AA	N108CM	S108
22AC	N108CP	SR22
22AE	N108CR	TBM7
22AF	N108CS	PA22
22B9	N108DB	GA6C
22BA	N108DC	H269
22BB	N108DD	BE20
22BD	N108DF	S108
22C4	N108DN	A321
22C5	N108DP	B763
22C6	N108DQ	BCS1
22C8	N108DS	AVID
22CA	N108DU	GLF4
22D0	N108E	C25B
22D2	N108EB	BE10
22D3	N108EC	H500
22D4	N108ED	C172
22D5	N108EE	C180
22D8	N108EH	R44
22E2	N108ET	CL30
22E5	N108EW	GLF4
22E8	N108EZ	SR22
22E9	N108F	B350
22EB	N108FB	M7
22EE	N108FE	B763
22F2	N108FJ	F900
22F4	N108FL	LJ25
22F7	N108FP	COL4
2302	N108G	S108
2304	N108GB	BE35
2305	N108GC	YK52
2309	N108GG	BD4
2310	N108GP	SR22
2317	N108GW	C180
2318	N108GX	GX
231B	N108H	FOX
2321	N108HF	C172
2322	N108HG	M7
2329	N108HP	AS50
232A	N108HQ	E75L
232C	N108HS	BL8
2334	N108J	FBA2
2335	N108JA	E50P
2336	N108JB	PA11
2337	N108JC	PC12
233A	N108JF	GLID
233B	N108JG	BL8
233C	N108JH	BE95
233F	N108JL	PA31
2340	N108JM	C172
2341	N108JN	LJ35
2345	N108JS	H269
234F	N108KB	GLST
2350	N108KC	FA10
2351	N108KD	S108
2356	N108KJ	C25A
2357	N108KK	P46T
235A	N108KN	LJ45
235B	N108KP	BE36
235E	N108KS	DHC2
2362	N108KW	ME09
2367	N108LA	C25B
2368	N108LB	S108
2369	N108LC	S22T
236B	N108LE	BE58
236C	N108LF	RV8
236D	N108LG	B505
236F	N108LJ	C560
2371	N108LL	RV8
2373	N108LN	AS50
2379	N108LU	DA42
237A	N108LV	C414
237B	N108LW	S22T
237E	N108LZ	P28R
237F	N108M	M200
2380	N108MA	PC6T
2381	N108MB	M20P
2382	N108MC	C500
2383	N108MD	SAKO
2387	N108MH	MAGN
2389	N108MK	EVOT
238D	N108MP	E190
238E	N108MQ	R44
238F	N108MR	RV8
2390	N108MS	B737
2398	N108N	TNAV
239A	N108NB	FOX
239C	N108ND	P28A
239F	N108NG	DA42
23A4	N108NM	S108
23A5	N108NN	A321
23A9	N108NS	P32R
23B3	N108PB	GLF6
23B4	N108PC	PA16
23B7	N108PF	C82S
23B9	N108PH	F900
23BD	N108PM	SR22
23BF	N108PP	H500
23C2	N108PS	GLID
23C3	N108PT	C172
23E5	N108RB	LJ35
23E6	N108RC	S108
23E7	N108RD	S108
23E9	N108RF	C208
23EB	N108RH	J3
23EC	N108RJ	BE20
23ED	N108RK	BE36
23EE	N108RL	H25B
23EF	N108RM	S108
23F1	N108RP	RV8
23F5	N108RT	GLF4
23FD	N108SA	AC90
23FF	N108SC	B407
2402	N108SF	ECHO
2403	N108SG	PA24
2404	N108SH	CJ6
2408	N108SM	COZY
240A	N108SP	C182
240C	N108SR	SREY
2410	N108SV	S108
2411	N108SW	S108
2412	N108SX	BE99
2413	N108SY	E75L
2415	N108T	PA18
2416	N108TA	AS50
2417	N108TB	CH70
2418	N108TC	C172
2419	N108TD	S108
241B	N108TF	AT5T
2420	N108TL	C82S
2426	N108TS	C170
242A	N108TW	RV8
2430	N108UB	H60
2431	N108UC	PA31
243F	N108US	S108
2442	N108UV	DA40
2443	N108UW	A320
2447	N108V	CC11
2457	N108VR	C560
245A	N108VU	EC35
245B	N108VV	R44
245E	N108VY	CC11
2460	N108W	B06
2467	N108WG	S108
2468	N108WH	S108
246C	N108WM	PA32
2470	N108WR	GLIM
2471	N108WS	S108
2475	N108WW	S108
2477	N108WY	S108
248F	N108XX	CH70
2492	N108Y	TB20
249C	N108YK	YK52
24C4	N1080	SREY
24C8	N1080D	C190
24CA	N1080F	C172
24CC	N1080H	P28A
24CD	N1080J	RV4
24CE	N1080K	L8
24D0	N1080M	C182
24D1	N1080N	B06
24D2	N1080P	M20P
24D5	N1080S	BE58
24D8	N1080V	BDOG
24D9	N1080W	BE33
24DA	N1080X	P28A
24E2	N10805	P28A
24E5	N10808	C150
24E8	N1081A	PA18
24EB	N1081D	C190
24ED	N1081F	COY2
24F0	N1081J	VO10
24F1	N1081K	B06
24FC	N1081W	C150
24FD	N1081X	P28A
24FE	N1081Y	BE36
2504	N10814	B06
2505	N10815	C150
2506	N10816	PA24
2507	N10817	J3
250A	N1082	TVLB
250E	N1082D	C195
250F	N1082E	CH7A
2510	N1082F	C172
2511	N1082G	J3
2513	N1082J	T206
2514	N1082K	L8
2518	N1082P	C182
251D	N1082U	M20P
251E	N1082V	C172
2520	N1082X	P28A
2521	N1082Y	M20P
2522	N1082Z	AA5
2523	N10820	C150
252C	N10829	C150
2531	N1083D	C195
2532	N1083E	BL8
2533	N1083F	M20P
2535	N1083H	AR15
2536	N1083J	S108
2538	N1083L	M20P
253C	N1083Q	C310
253E	N1083S	BE9L
253F	N1083T	M20P
2541	N1083V	T206
2542	N1083W	BE58
2546	N10830	C150
2548	N10832	C150
254C	N10836	C150
254E	N10838	C150
254F	N10839	C150
2555	N1084E	CH7A
2556	N1084F	C185
2557	N1084G	M20P
255B	N1084L	M20P
255C	N1084M	SONX
255E	N1084P	LNP4
2563	N1084U	M20P
2564	N1084V	M20P
2565	N1084W	SE5A
2566	N1084X	B06
256B	N10842	PA18
256C	N10843	C150
256D	N10844	C150
256F	N10846	C150
2570	N10847	C150
2571	N10848	C150
2575	N1085B	B06
2576	N1085C	M20P
2579	N1085F	C172
257A	N1085G	M20P
257C	N1085J	VO10
257D	N1085K	M20P
257E	N1085L	LA4
257F	N1085M	C182
2580	N1085N	M20P
2581	N1085P	RV4
2584	N1085S	M20P
2585	N1085T	B06
2588	N1085W	M20P
2589	N1085X	M20P
258A	N1085Y	GLID
258B	N1085Z	M20P
258D	N10851	M20P
258F	N10853	PA23
2592	N10856	C150
2595	N10859	C150
2596	N1086	GLF4
2597	N1086A	PA18
2599	N1086C	SR22
259B	N1086E	CH7A
259C	N1086F	C208
259E	N1086H	P28R
259F	N1086J	VO10
25A1	N1086L	C180
25A2	N1086M	C182
25A5	N1086Q	M20P
25A7	N1086S	M20P
25A8	N1086T	M20P
25A9	N1086U	C172
25AA	N1086V	C172
25AB	N1086W	BT36
25B5	N10866	TTWO
25B9	N1087	GLID
25BA	N1087A	PA18
25BC	N1087C	C172
25BE	N1087E	CH7A
25C2	N1087J	VO10
25C3	N1087K	L8
25C8	N1087Q	M20P
25CA	N1087S	BT36
25CB	N1087T	COL4
25D6	N10874	GLID
25D8	N10876	DC93
25D9	N10877	C150
25DC	N1088	CL60
25E0	N1088D	COL3
25E1	N1088E	CH7A
25E2	N1088F	M20P
25E4	N1088H	AR15
25E5	N1088J	VO10
25E6	N1088K	L8
25E7	N1088L	BE36
25E8	N1088M	M20P
25E9	N1088N	H500
25EC	N1088R	C56X
25ED	N1088S	M20P
25EE	N1088T	M20P
25EF	N1088U	C172
25F0	N1088V	C172
25F3	N1088Y	B505
25F5	N10880	C150
25F6	N10881	C150
25FD	N10888	C150
25FE	N10889	C150
25FF	N1089	GL7T
2601	N1089B	M20P
2602	N1089C	BE36
2603	N1089D	C172
2604	N1089E	BE36
2605	N1089F	C185
2606	N1089G	M20P
2608	N1089J	VO10
260B	N1089M	C182
260D	N1089P	PA23
260E	N1089Q	P28R
2612	N1089U	C172
2614	N1089W	BE36
2615	N1089X	P28R
2617	N1089Z	DSA1
2619	N10891	C150
261C	N10894	NAVI
261D	N10895	C150
261F	N10897	C172
2621	N10899	C150
2622	N109	GLIM
2624	N109AA	HUSK
2626	N109AC	RV4
2629	N109AF	BE33
262A	N109AG	A109
262B	N109AH	A109
262D	N109AK	BE35
262E	N109AL	A109
262F	N109AM	HUSK
2631	N109AP	C25A
2634	N109AS	B737
2635	N109AT	PA32
263B	N109AZ	A109
263C	N109B	R44
263D	N109BA	BE33
263F	N109BC	EC35
2643	N109BG	H25B
2644	N109BH	C212
2645	N109BJ	RV7
2647	N109BL	T18
2648	N109BM	A109
264C	N109BR	G109
264D	N109BS	CH60
2651	N109BW	G109
2654	N109BZ	GLST
2655	N109C	C501
2656	N109CA	C25C
2658	N109CC	PA23
265B	N109CF	C152
265C	N109CG	A109
265D	N109CH	GLF6
2662	N109CN	G109
2663	N109CP	T206
2664	N109CQ	C82T
2665	N109CR	C82S
2667	N109CT	FDCT
266B	N109CX	A109
266C	N109CY	A109
266D	N109CZ	BE99
266E	N109D	GLAS
266F	N109DA	SONX
2671	N109DC	C550
2676	N109DH	SM19
2677	N109DJ	RV10
2678	N109DK	RV9
2679	N109DL	C82S
267A	N109DM	RV6
267B	N109DN	A321
267E	N109DR	A139
267F	N109DS	NAVI
2681	N109DU	BCS1
2682	N109DV	DUR5
2683	N109DW	BE58
2688	N109EA	BE36
268F	N109EH	DUR5
2690	N109EJ	DHC2
2697	N109ER	C172
2698	N109ES	A109
269B	N109EV	ME09
269D	N109EX	A109
269F	N109EZ	LJ45
26A0	N109F	NAVI
26A2	N109FB	A109
26A3	N109FC	PA31
26A5	N109FE	B763
26A8	N109FH	G109
26B2	N109FT	SR22
26BA	N109GA	C550
26BB	N109GB	G109
26BC	N109GC	GB1
26C1	N109GH	H60
26C4	N109GL	A109
26C7	N109GP	P28A
26CF	N109GX	ASTR
26D0	N109GY	ME09
26D2	N109H	C210
26D4	N109HB	G109
26D8	N109HF	A109
26DB	N109HJ	RV9
26DF	N109HN	A109
26E0	N109HP	C208
26E1	N109HQ	E75L
26E2	N109HR	R22
26E7	N109HW	LNC2
26E9	N109HY	LJ60
26EB	N109J	ME09
26ED	N109JB	SRAI
26EE	N109JC	C550
26F2	N109JG	BL8
26F3	N109JH	EN28
26F6	N109JL	GLAS
26F8	XA-KMJ	A109
26FC	N109JS	B38M
2700	N109JW	AC11
2704	N109K	TBM
2706	N109KB	P28R
2707	N109KC	SF50
270A	N109KF	FOX
2710	N109KM	GLIM
2715	N109KS	DHC2
271F	N109LB	H500
2721	N109LD	P28A
2722	N109LE	E50P
2728	N109LL	BE36
272A	N109LN	AS50
272D	N109LR	A109
272E	N109LS	BRAV
2730	N109LU	C72R
2737	N109MA	UH1
2738	N109MB	P32R
2739	N109MC	R44
273A	N109MD	BE20
273D	N109MG	MM16
273E	N109MH	A109
273F	N109MJ	CL30
2741	N109ML	BE36
2742	N109MM	A109
2746	N109MR	MM24
2747	N109MS	P180
2748	N109MT	G109
274D	N109MY	R109
274F	N109N	J4
2750	N109NA	T6
275A	N109NL	A109
275C	N109NN	A321
276A	N109PB	A109
276B	N109PC	BL8
2781	N109Q	BE35
2792	N109QS	GL5T
279A	N109R	H25B
279B	N109RA	B06
279C	N109RB	P28A
279D	N109RC	T206
279E	N109RD	R109
27A0	N109RF	M20P
27A3	N109RJ	RV9
27A5	N109RL	S51D
27A6	N109RM	GLID
27AB	N109RS	T206
27AC	N109RT	CH60
27AE	N109RV	RV9
27AF	N109RW	AA1
27B3	N109S	BE95
27B5	N109SB	SBR1
27B6	N109SC	PA18
27B7	N109SD	S22T
27B9	N109SF	A109
27BA	N109SG	R109
27BC	N109SJ	A109
27C8	N109SW	T206
27CA	N109SY	E75L
27CC	N109T	PA18
27CD	N109TA	AS50
27CE	N109TB	CAMP
27CF	N109TC	RV8
27D2	N109TF	A109
27D3	N109TG	A109
27D5	N109TJ	C72R
27D6	N109TK	A109
27DE	N109TT	FA20
27E1	N109TW	C25B
27E3	N109TY	BE36
27F6	N109US	B06
27F9	N109UV	DA40
27FA	N109UW	A320
27FE	N109V	BE35
2818	N109WA	ST75
281A	N109WC	GLAS
281C	N109WE	PA34
281F	N109WH	A109
2820	N109WJ	A109
2825	N109WP	SPHA
2827	N109WR	ME09
2829	N109WT	K100
282C	N109WW	HUSK
2830	N109X	T33
283E	N109XP	A109
2853	N109YK	YK52
2862	N109Z	HUCO
2863	N109ZA	L39
2874	N109ZT	A109
287B	N1090	PTS1
2880	N1090E	CH7A
2881	N1090F	C172
2882	N1090G	EXEC
2883	N1090H	PA32
2884	N1090J	C172
2886	N1090L	M20P
2887	N1090M	C182
2889	N1090P	M20P
288A	N1090Q	P28R
288E	N1090U	C172
288F	N1090V	C172
2890	N1090W	C172
2897	N10903	C150
289A	N10906	C150
289C	N10908	T6
289D	N10909	C82S
289F	N1091A	M20P
28A1	N1091C	M20P
28A2	N1091D	C195
28A5	N1091G	BE36
28A6	N1091H	AR15
28A8	N1091K	L8
28A9	N1091L	M20P
28AA	N1091M	C172
28AB	N1091N	M20P
28AC	N1091P	H500
28AF	N1091S	H500
28B2	N1091V	C172
28B8	N10911	C150
28BC	N10915	C150
28BF	N10918	C150
28C2	N1092A	C172
28C5	N1092D	C195
28CC	N1092L	H500
28D4	N1092U	C82S
28D6	N1092W	BE95
28D7	N1092X	P28R
28D8	N1092Y	BE36
28DB	N10921	C150
28DC	N10922	C150
28DD	N10923	C150
28DE	N10924	C150
28DF	N10925	C150
28E1	N10927	C150
28E4	N1093	T18
28E5	N1093A	B763
28E9	N1093E	BL8
28EB	N1093G	BE58
28EF	N1093L	LA4
28F8	N1093V	C172
28FA	N1093X	P28A
28FB	N1093Y	H269
28FC	N1093Z	BE20
2901	N10934	C150
2903	N10936	C82S
2904	N10937	C150
290B	N1094D	SR22
290C	N1094E	CH7A
290D	N1094F	C172
290E	N1094G	BE58
2910	N1094J	VO10
2913	N1094M	FA62
2919	N1094T	P28R
291A	N1094U	C172
291C	N1094W	BE35
2920	N10940	C150
2921	N10941	C150
2922	N10942	C150
2924	N10944	C150
2926	N10946	C150
2927	N10947	C150
2928	N10948	C182
292A	N1095	COY2
292B	N1095A	BE36
292C	N1095B	M20P
292F	N1095E	CH7B
2930	N1095F	C185
2931	N1095G	GLID
2933	N1095J	CH60
293C	N1095T	H500
293D	N1095U	C172
293F	N1095W	BE9L
2940	N1095X	P28R
2944	N10951	C150
2948	N10955	C150
2949	N10956	C150
294A	N10957	V10
294D	N1096	MM16
2952	N1096E	CH7A
2955	N1096H	AR15
2956	N1096J	VO10
2957	N1096K	B36T
295F	N1096T	P28A
2960	N1096U	C172
2967	N10961	C150
296B	N10965	C82T
2971	N1097A	PA18
2974	N1097D	C195
2975	N1097E	CH7A
2977	N1097G	BE36
2978	N1097H	AR15
2979	N1097J	H500
297A	N1097K	L8
297B	N1097L	COL3
297C	N1097M	C172
297D	N1097N	C172
2982	N1097T	P28A
2985	N1097W	BE36
2987	N1097Y	C172
2988	N1097Z	BE36
298A	N10971	C150
298E	N10975	C150
2994	N1098A	PA18
2997	N1098D	C195
2998	N1098E	CH7B
299E	N1098L	GLEX
299F	N1098M	C172
29A0	N1098N	H269
29A3	N1098R	SR22
29A6	N1098U	C172
29A8	N1098W	BE36
29AC	N10980	C150
29AE	N10982	CH7A
29AF	N10983	CH7A
29B3	N10987	CH7B
29B5	N10989	CH7B
29B6	N1099	C525
29B7	N1099A	BE36
29B9	N1099C	M20P
29BC	N1099F	C185
29BE	N1099H	AR15
29BF	N1099J	PA32
29C2	N1099M	BE36
29CB	N1099W	BE36
29CD	N1099Y	PA18
29CE	N1099Z	CH70
29CF	N10990	CH7B
29D1	N10992	C150
29D2	N10993	C150
29D6	N10997	C150
29D9	N11	BE9L
29DB	N11AA	GLID
29DD	N11AC	BE95
29DF	N11AE	PA23
29E0	N11AF	GA7C
29E1	N11AG	PC12
29E2	N11AH	HUSK
29E3	N11AJ	TAYD
29E4	N11AK	C25C
29E5	N11AL	SF50
29E6	N11AM	LJ60
29EA	N11AR	GLF5
29EB	N11AS	H500
29EC	N11AT	C185
29EF	N11AW	LNP4
29F0	N11AX	BE35
29F1	N11AY	PA18
29F4	N11BA	PA38
29F6	N11BC	BT36
29F8	N11BE	RV9
29FD	N11BK	PA17
29FE	N11BL	B407
2A00	N11BN	C414
2A01	N11BP	PTS1
2A04	N11BS	PTS1
2A05	N11BT	C182
2A09	N11BX	BE33
2A0A	N11BY	PC12
2A0B	N11BZ	PA22
2A0C	N11C	C185
2A0D	N11CA	P28A
2A0E	N11CB	RV6
2A0F	N11CC	RV8
2A11	N11CE	BE35
2A12	N11CF	BE50
2A13	N11CG	PA24
2A14	N11CH	DHC1
2A15	N11CJ	J3
2A16	N11CK	EAGL
2A18	N11CM	FA62
2A19	N11CN	GLID
2A1A	N11CP	C56X
2A1B	N11CQ	B06
2A1C	N11CR	E50P
2A1E	N11CT	SR22
2A1F	N11CU	UH12
2A20	N11CV	PA24
2A21	N11CW	P28R
2A23	N11CY	AA1
2A24	N11CZ	YK11
2A28	N11DC	T18
2A2A	N11DE	C310
2A2C	N11DG	EPIC
2A2D	N11DH	C180
2A2F	N11DK	GLAS
2A30	N11DL	AEST
2A31	N11DM	SA30
2A36	N11DS	H269
2A37	N11DT	BE9L
2A38	N11DU	PA22
2A3A	N11DW	SX30
2A3D	N11DZ	C182
2A3F	N11EA	CRJ7
2A40	N11EB	BE9L
2A41	N11EC	BE58
2A44	N11EF	CL35
2A46	N11EH	C56X
2A48	N11EK	GLID
2A4A	N11EM	BE35
2A4D	N11EQ	EC30
2A50	N11ET	PTS1
2A51	N11EU	EUPA
2A52	N11EV	BE58
2A53	N11EW	BOLT
2A56	N11EZ	VEZE
2A58	N11FA	S22T
2A5A	N11FC	BE35
2A5D	N11FF	BE55
2A5F	N11FH	B06
2A60	N11FJ	C182
2A62	N11FL	P28R
2A64	N11FN	C150
2A65	N11FP	BE35
2A66	N11FQ	EC30
2A67	N11FR	C182
2A6A	N11FU	PA25
2A6B	N11FV	C303
2A6C	N11FW	VALI
2A6D	N11FX	HUCO
2A6E	N11FY	D7
2A6F	N11FZ	NAVI
2A70	N11G	EXNG
2A74	N11GD	J3
2A75	N11GE	P28A
2A76	N11GF	CH7B
2A77	N11GG	BE35
2A79	N11GJ	LJ35
2A7A	N11GK	P28A
2A7C	N11GM	BE35
2A7D	N11GN	P28A
2A7E	N11GP	C25C
2A81	N11GS	C150
2A83	N11GU	C680
2A84	N11GV	GLID
2A85	N11GW	GLF5
2A86	N11GX	C310
2A87	N11GY	SA30
2A88	N11GZ	PA34
2A89	N11H	SX30
2A8A	N11HA	P28A
2A8B	N11HB	PTS1
2A8C	N11HC	GLAS
2A8F	N11HF	GC1
2A90	N11HG	T211
2A91	N11HH	C180
2A93	N11HK	P32R
2A94	N11HL	HIGH
2A95	N11HM	GALX
2A96	N11HN	R44
2A97	N11HP	T6
2A98	N11HQ	EC30
2A99	N11HR	PA34
2A9B	N11HT	BE35
2A9E	N11HW	M20P
2A9F	N11HX	SREY
2AA0	N11HY	HUSK
2AA3	N11JA	C340
2AA4	N11JB	BE35
2AA5	N11JC	PTS2
2AA7	N11JE	C182
2AA9	N11JG	SRAS
2AAA	N11JH	PA11
2AB0	N11JP	PTS1
2AB1	N11JQ	BE35
2AB3	N11JS	HIGH
2AB4	N11JT	C150
2AB5	N11JU	P28R
2AB6	N11JV	AA5
2AB7	N11JW	CH7B
2ABB	N11K	P28A
2ABC	N11KA	PTS2
2ABD	N11KB	GLIM
2AC1	N11KF	BE95
2AC2	N11KG	BE36
2AC4	N11KJ	GLIM
2AC5	N11KK	M20P
2ACA	N11KQ	EC30
2ACB	N11KR	T210
2ACC	N11KS	BE35
2ACD	N11KT	C172
2AD0	N11KW	LEG2
2AD1	N11KX	PA32
2AD3	N11KZ	HUSK
2AD4	N11L	AC50
2AD5	N11LA	C210
2AD8	N11LD	EAGL
2ADB	N11LG	C25C
2ADC	N11LH	CASS
2ADD	N11LJ	T206
2ADE	N11LK	RV10
2ADF	N11LL	LEG2
2AE3	N11LQ	EC30
2AE4	N11LR	RV10
2AE6	N11LT	AA5
2AE9	N11LW	EVOT
2AEA	N11LX	SBR1
2AEB	N11LY	P28B
2AED	N11M	WAIX
2AEE	N11MA	TBM7
2AEF	N11MB	C172
2AF0	N11MC	EAGL
2AF3	N11MF	BL8
2AF5	N11MH	M20P
2AF7	N11MK	J3
2AF9	N11MM	C441
2AFA	N11MN	C500
2AFB	N11MP	PA23
2AFC	N11MQ	EC30
2AFD	N11MR	S22T
2AFE	N11MS	CAMP
2B00	N11MU	S22T
2B05	N11MZ	SR22
2B06	N11N	PTS1
2B09	N11NC	GLID
2B0A	N11ND	ACR2
2B0B	N11NE	UH1
2B0C	N11NF	LJ45
2B0D	N11NG	BE95
2B11	N11NL	LGEZ
2B13	N11NN	C172
2B15	N11NQ	EC30
2B17	N11NS	JAB4
2B18	N11NT	P28A
2B1C	N11NX	PC12
2B1D	N11NY	PC12
2B1E	N11NZ	M20P
2B20	N11PA	PA22
2B24	N11PE	P337
2B25	N11PF	DHC2
2B26	N11PG	C240
2B27	N11PH	C182
2B29	N11PK	T18
2B2C	N11PN	S22T
2B2D	N11PP	B412
2B2E	N11PQ	SA50
2B2F	N11PR	SR22
2B33	N11PV	J3
2B34	N11PW	PTS1
2B36	N11PY	PA30
2B37	N11PZ	PA23
2B39	N11QA	EC30
2B3B	N11QC	EC30
2B3C	N11QD	EC30
2B3D	N11QE	EC30
2B3E	N11QF	EC30
2B3F	N11QG	EC30
2B40	N11QH	EC30
2B41	N11QJ	EC30
2B42	N11QK	EC30
2B43	N11QL	EC30
2B44	N11QM	EC30
2B45	N11QN	EC30
2B46	N11QP	EC30
2B48	N11QR	EC30
2B49	N11QS	GLID
2B4A	N11QT	PA30
2B4B	N11QU	EC30
2B4C	N11QV	VTUR
2B4D	N11QW	EC30
2B4E	N11QX	EC30
2B4F	N11QY	EC30
2B50	N11QZ	EC30
2B51	N11R	C195
2B52	N11RA	R44
2B53	N11RB	RV7
2B55	N11RD	GLID
2B58	N11RG	PTS1
2B5C	N11RL	BT36
2B5D	N11RM	BT36
2B60	N11RQ	GLID
2B62	N11RS	MA5
2B63	N11RT	BE35
2B64	N11RU	YK11
2B66	N11RW	T18
2B68	N11RY	M20P
2B6A	N11S	PA11
2B6B	N11SA	GLID
2B6C	N11SB	PA31
2B6D	N11SC	BE95
2B6E	N11SD	SR22
2B6F	N11SE	PTS2
2B71	N11SG	C25B
2B72	N11SH	T6
2B73	N11SJ	MU2
2B75	N11SL	C310
2B77	N11SN	BE9L
2B78	N11SP	B407
2B7B	N11SS	PTS1
2B7C	N11ST	SONX
2B7D	N11SU	SR20
2B7F	N11SW	GLID
2B80	N11SX	SONX
2B81	N11SY	BE95
2B82	N11SZ	GLIM
2B83	N11T	TBM9
2B84	N11TA	GLIM
2B86	N11TC	T210
2B87	N11TD	PA23
2B88	N11TE	E55P
2B8B	N11TH	C25B
2B8C	N11TJ	C310
2B8D	N11TK	EVOP
2B91	N11TP	GLAS
2B92	N11TQ	EC30
2B94	N11TS	F2TH
2B96	N11TU	RV4
2B97	N11TV	B06
2B99	N11TX	GLID
2B9A	N11TY	FOX
2B9B	N11TZ	TAYB
2B9C	N11U	GLID
2B9E	N11UB	BE40
2B9F	N11UC	GLID
2BA0	N11UD	C680
2BA3	N11UG	M7
2BAB	N11UQ	EC30
2BAE	N11UT	PA31
2BAF	N11UU	GLID
2BB4	N11UZ	P32R
2BB5	N11V	C175
2BB6	N11VA	IR23
2BB7	N11VB	BE35
2BB8	N11VC	BE60
2BB9	N11VD	TB20
2BBA	N11VE	GLID
2BBB	N11VF	RV14
2BBC	N11VG	BE35
2BBD	N11VH	C25B
2BBF	N11VK	BE95
2BC0	N11VL	DSA1
2BC1	N11VM	GLIM
2BC3	N11VP	RV8
2BC8	N11VU	TBM7
2BC9	N11VV	M20P
2BCB	N11VX	SWAK
2BCC	N11VY	C182
2BCD	N11VZ	BE36
2BCE	N11W	SR22
2BD1	N11WC	CB1
2BD6	N11WH	C182
2BD8	N11WK	S22T
2BD9	N11WL	SIRA
2BDA	N11WM	F900
2BDB	N11WN	BE9T
2BDC	N11WP	BE36
2BDE	N11WR	MUS2
2BDF	N11WS	P337
2BE0	N11WT	CC11
2BE4	N11WX	GLIM
2BE5	N11WY	YK11
2BE7	N11X	PT22
2BE8	N11XA	L11
2BEC	N11XE	L11
2BF3	N11XM	BE36
2BF4	N11XN	L39
2BF6	N11XQ	EC30
2BF9	N11XT	SR20
2BFB	N11XV	CH70
2BFE	N11XY	PTS1
2BFF	N11XZ	RV4
2C00	N11Y	CORS
2C01	N11YA	DHC2
2C03	N11YC	PA18
2C04	N11YD	TBM7
2C05	N11YE	M20P
2C06	N11YF	FOX
2C0A	N11YK	YK50
2C0C	N11YM	GLST
2C0D	N11YN	PA34
2C0E	N11YP	BE58
2C0F	N11YQ	EC30
2C11	N11YS	C150
2C12	N11YT	PA32
2C14	N11YV	GLID
2C15	N11YW	C150
2C16	N11YX	RV8
2C17	N11YY	PA30
2C18	N11YZ	C182
2C1A	N11ZA	M7
2C1D	N11ZD	M20P
2C1E	N11ZE	LGEZ
2C20	N11ZG	R66
2C21	N11ZH	RV7
2C25	N11ZM	DA40
2C2B	N11ZT	BE33
2C2D	N11ZV	M7
2C2E	N11ZW	ST75
2C2F	N11ZX	H500
2C36	N110AC	DUCE
2C39	N110AF	M18
2C40	N110AN	A321
2C41	N110AP	E55P
2C43	N110AR	RS12
2C44	N110AS	WACF
2C46	N110AU	C172
2C49	N110AX	B190
2C4B	N110AZ	SVNH
2C4D	N110BA	BE65
2C4F	N110BC	C310
2C50	N110BD	C210
2C54	N110BH	AT3T
2C55	N110BJ	GLST
2C56	N110BK	PTS2
2C57	N110BL	GLIM
2C58	N110BM	BE9L
2C5E	N110BT	PL2
2C61	N110BW	SR20
2C62	N110BX	C172
2C64	N110BZ	E190
2C66	N110CA	PA34
2C67	N110CB	BL17
2C68	N110CC	BE35
2C69	N110CD	COY2
2C6B	N110CF	PA32
2C6C	N110CG	M20P
2C72	N110CN	BE20
2C73	N110CP	CL60
2C75	N110CR	AEST
2C76	N110CS	C310
2C77	N110CT	DV20
2C7A	N110CW	B58T
2C7B	N110CX	C750
2C7E	N110D	PA18
2C80	N110DB	BE35
2C84	N110DF	B350
2C85	N110DG	PTS1
2C86	N110DH	C421
2C89	N110DL	CAMP
2C8A	N110DM	M600
2C8B	N110DN	CHR4
2C8C	N110DP	RV10
2C90	N110DT	C56X
2C91	N110DU	BCS1
2C93	N110DW	C77R
2C94	N110DX	A321
2C97	N110E	EFOX
2C98	N110EA	C150
2C9A	N110EC	B350
2C9C	N110EE	HROC
2C9F	N110EH	A169
2CA2	N110EL	BE65
2CA9	N110ET	LJ55
2CAB	N110EV	PISI
2CAD	N110EX	F900
2CAF	N110EZ	LGEZ
2CB0	N110F	PA22
2CB2	N110FB	BE95
2CB3	N110FC	B06
2CB4	N110FD	C25A
2CB5	N110FE	B763
2CBB	N110FL	SR22
2CBC	N110FM	C150
2CBE	N110FP	COL4
2CC9	N110G	BE20
2CCC	N110GC	C82T
2CCD	N110GD	H25B
2CD3	N110GK	SR22
2CD5	N110GM	EAGL
2CDA	N110GS	RV10
2CDE	N110GW	PC12
2CE2	N110H	C208
2CE3	N110HA	GALX
2CE4	N110HB	L39
2CEA	N110HH	RV10
2CEB	N110HJ	HDJT
2CED	N110HL	SLG4
2CEF	N110HN	EC45
2CF1	N110HQ	E75L
2CF2	N110HR	C182
2CF3	N110HS	M7
2CFC	N110JA	P28A
2CFD	N110JB	C501
2CFF	N110JD	WW24
2D01	N110JF	ST75
2D09	N110JP	RV8
2D0C	N110JS	B38M
2D10	N110JW	GLF4
2D12	N110JY	YK11
2D16	N110KB	RV6
2D20	N110KM	T210
2D26	N110KT	PZ4M
2D29	N110KW	RV4
2D2E	N110LA	B412
2D30	N110LC	J3
2D32	N110LE	C680
2D33	N110LF	PA24
2D38	N110LL	PA30
2D39	N110LM	P28A
2D3E	N110LS	CAMP
2D3F	N110LT	B06
2D40	N110LU	C72R
2D41	N110LV	RV10
2D46	N110M	MAGN
2D47	N110MA	HUSK
2D4B	N110ME	BT36
2D4C	N110MF	SYMP
2D54	N110MP	M20P
2D56	N110MR	BOLT
2D57	N110MS	P28R
2D5A	N110MV	S22T
2D5C	N110MX	S22T
2D68	N110NJ	T206
2D6D	N110NP	P337
2D70	N110NS	GLID
2D74	N110NW	UH1
2D75	N110NX	ONEX
2D78	N110P	SA02
2D7C	N110PD	EN28
2D7D	N110PE	C208
2D7E	N110PF	C177
2D82	N110PK	C750
2D83	N110PL	MI2
2D84	N110PM	BE9L
2D88	N110PR	PRM1
2D89	N110PS	PTS2
2D8A	N110PT	CAD2
2D90	N110PZ	J3
2D91	N110Q	L8
2DA2	N110QS	GL5T
2DAA	N110R	LGEZ
2DAE	N110RD	RV9
2DB2	N110RH	PA15
2DB3	N110RJ	C172
2DB4	N110RK	RV8
2DB5	N110RL	P337
2DB6	N110RM	PTS1
2DB8	N110RP	TBM9
2DBA	N110RR	J3
2DBE	N110RV	PA34
2DC3	N110S	L8
2DC5	N110SB	C172
2DC6	N110SC	RV10
2DC7	N110SD	UH1
2DC8	N110SE	LJ31
2DCA	N110SG	CH7B
2DCC	N110SJ	SJ30
2DCE	N110SL	C82T
2DCF	N110SM	C337
2DD0	N110SN	GLF4
2DD2	N110SQ	C172
2DD4	N110SS	C150
2DD5	N110ST	PA46
2DD6	N110SU	BE76
2DD9	N110SX	R44
2DDA	N110SY	E75L
2DDC	N110T	PTS1
2DDD	N110TA	SR22
2DDE	N110TB	FOX
2DDF	N110TC	J3
2DE2	N110TF	M20P
2DE5	N110TJ	CB1
2DE9	N110TN	P28A
2DED	N110TS	SA75
2DEE	N110TT	GLAS
2DEF	N110TU	P208
2DF5	N110U	TB20
2DFD	N110UH	RV12
2E06	N110US	C182
2E09	N110UV	DA40
2E0A	N110UW	A320
2E0E	N110V	C140
2E13	N110VE	C414
2E1C	N110VP	P28A
2E20	N110VT	S22T
2E21	N110VU	EC35
2E27	N110W	LA25
2E28	N110WA	GALX
2E29	N110WB	AC50
2E2D	N110WF	SR22
2E2E	N110WG	B06
2E2F	N110WH	C172
2E31	N110WK	SR20
2E37	N110WR	P32R
2E38	N110WS	H25B
2E39	N110WT	PA32
2E3C	N110WW	PA30
2E40	N110X	C140
2E4E	N110XP	RV10
2E56	N110XX	EVOP
2E58	N110XZ	M110
2E59	N110Y	WACF
2E5A	N110YA	YK50
2E5D	N110YD	C210
2E63	N110YK	YK52
2E6F	N110YX	WAIX
2E72	N110Z	SH36
2E8B	N1100	C172
2E8E	N1100C	PA20
2E92	N1100G	BE36
2E93	N1100H	HDJT
2E95	N1100K	L8
2E96	N1100L	PA30
2E9C	N1100S	C175
2E9D	N1100T	O1
2E9E	N1100U	C172
2EA1	N1100X	VP2
2EA8	N11004	RV6
2EAE	N1101	DG15
2EAF	N1101A	CL60
2EB0	N1101B	L8
2EB1	N1101C	C177
2EB2	N1101D	TAIL
2EB3	N1101E	CH7A
2EB4	N1101F	SA6
2EB5	N1101G	M20P
2EBA	N1101M	CRER
2EBB	N1101N	H500
2EBE	N1101R	SREY
2EC2	N1101V	B47G
2EC8	N11011	PTS1
2ECF	N11018	TAIL
2ED0	N11019	C172
2ED2	N1102A	C337
2ED4	N1102C	C177
2ED5	N1102D	H500
2ED6	N1102E	CH7A
2ED7	N1102F	C172
2ED8	N1102G	C185
2EDA	N1102J	VO10
2EDC	N1102L	LA4
2EDD	N1102M	C172
2EDE	N1102N	PA32
2EE2	N1102S	GLID
2EE3	N1102T	TWEN
2EE5	N1102V	NAVI
2EE6	N1102W	BE35
2EE7	N1102X	P28A
2EE8	N1102Y	C150
2EEC	N11022	CH7A
2EED	N11023	CH7A
2EEF	N11025	CH7A
2EF0	N11026	CH7A
2EF2	N11028	CH7A
2EF3	N11029	CH7A
2EF4	N1103	CH7A
2EF5	N1103A	PA18
2EF7	N1103C	AT75
2EF8	N1103D	C140
2EF9	N1103E	CH7A
2EFB	N1103G	BE9L
2EFC	N1103H	C82S
2EFF	N1103L	H500
2F00	N1103M	C172
2F03	N1103Q	C310
2F05	N1103S	S76
2F06	N1103T	H269
2F08	N1103V	H500
2F0A	N1103X	P28A
2F0B	N1103Y	SA30
2F0E	N11031	CH7A
2F10	N11033	CH7A
2F18	N1104A	PA18
2F19	N1104B	L8
2F1B	N1104D	C140
2F1C	N1104E	CH7A
2F1D	N1104F	C172
2F1E	N1104G	J3
2F20	N1104J	VO10
2F21	N1104K	L8
2F23	N1104M	C172
2F24	N1104N	PA18
2F28	N1104S	GLID
2F29	N1104T	LNP4
2F2D	N1104X	C172
2F2F	N1104Z	H269
2F31	N11041	CH7A
2F32	N11042	CH7A
2F39	N11049	CH7A
2F3B	N1105A	PA18
2F3C	N1105B	CH7A
2F3D	N1105C	C177
2F3E	N1105D	C140
2F40	N1105F	C172
2F41	N1105G	E120
2F42	N1105H	AR15
2F43	N1105J	VO10
2F49	N1105Q	C310
2F4B	N1105S	GLID
2F4E	N1105V	T206
2F50	N1105X	C82T
2F52	N1105Z	S22T
2F53	N11050	CH7A
2F55	N11052	CH7A
2F56	N11053	CH7A
2F57	N11054	H500
2F58	N11055	CH7A
2F59	N11056	H500
2F5C	N11059	CH7A
2F5E	N1106A	PA18
2F61	N1106D	C140
2F62	N1106E	BL8
2F64	N1106G	H500
2F6B	N1106P	YK52
2F6E	N1106S	GLID
2F6F	N1106T	PA11
2F73	N1106X	PA34
2F75	N1106Z	H500
2F77	N11061	CH7A
2F78	N11062	CH7A
2F79	N11063	CH7A
2F7B	N11065	CH7A
2F7C	N11066	CH7A
2F7D	N11067	CH7A
2F7E	N11068	M20P
2F82	N1107B	L8
2F83	N1107C	PA22
2F85	N1107E	CH7A
2F86	N1107F	C172
2F87	N1107G	C172
2F88	N1107H	P28A
2F8A	N1107K	L8
2F8D	N1107N	H500
2F8E	N1107P	H500
2F8F	N1107Q	C310
2F90	N1107R	WAIX
2F91	N1107S	GLID
2F92	N1107T	H500
2F93	N1107U	BE36
2F94	N1107V	H269
2F96	N1107X	WAIX
2F9A	N11071	CH7A
2F9B	N11072	CH7A
2F9C	N11073	CH7A
2F9E	N11075	CH7A
2FA0	N11077	CH7A
2FA1	N11078	CH7A
2FA5	N1108B	L8
2FA6	N1108C	S22T
2FA7	N1108D	C140
2FA8	N1108E	CH7B
2FA9	N1108F	C172
2FAB	N1108H	P28A
2FAC	N1108J	VO10
2FAF	N1108M	GLF6
2FB0	N1108N	BE36
2FB1	N1108P	C82S
2FB2	N1108Q	DHC2
2FB4	N1108S	GLID
2FB5	N1108T	SR20
2FB8	N1108W	B36T
2FB9	N1108X	P28A
2FBD	N11081	CH7A
2FBE	N11082	H500
2FC1	N11085	CH7A
2FC2	N11086	CH7A
2FC3	N11087	CH7B
2FC7	N1109A	PA18
2FC8	N1109B	L8
2FCA	N1109D	C140
2FCF	N1109J	PA18
2FD0	N1109K	L8
2FD2	N1109M	C337
2FD7	N1109S	GLID
2FD9	N1109U	C172
2FDB	N1109W	PA18
2FDC	N1109X	P28A
2FDD	N1109Y	C150
2FDF	N11090	CH7B
2FE1	N11092	C150
2FE4	N11095	CH7A
2FE6	N11097	C150
2FE7	N11098	CH7A
2FE8	N11099	CH7A
2FE9	N111	GLF5
2FEB	N111AA	BE9T
2FED	N111AC	CH7A
2FEE	N111AD	H500
2FEF	N111AE	P28R
2FF0	N111AF	C550
2FF1	N111AG	G164
2FF2	N111AH	R22
2FF3	N111AJ	PA32
2FF4	N111AK	AS50
2FF5	N111AL	BE58
2FF6	N111AM	GLF5
2FF7	N111AN	SF50
2FFC	N111AT	C337
2FFF	N111AW	BE58
3000	N111AX	B190
3002	N111AZ	P28A
3005	N111BB	C500
3007	N111BD	TBM7
3008	N111BE	CH7B
300A	N111BG	GLID
300D	N111BK	CC19
300E	N111BL	C185
3010	N111BN	RV6
3015	N111BT	SBOY
3018	N111BW	BE35
3019	N111BX	C414
301B	N111BZ	RLU1
301C	N111C	C185
301D	N111CA	BE9T
301F	N111CC	CL60
3020	N111CD	S22T
3022	N111CF	PA31
3023	N111CG	SA30
3025	N111CJ	C182
3026	N111CK	AEST
3028	N111CM	E55P
302A	N111CP	P28R
302C	N111CR	GLID
302D	N111CS	PA18
302E	N111CT	RV9
3030	N111CV	BE35
3032	N111CX	A319
3033	N111CY	C182
3035	N111D	HDJT
3037	N111DB	PA18
3038	N111DC	A321
3039	N111DD	M20P
303A	N111DE	C182
303C	N111DG	DHC2
303D	N111DH	LGEZ
303E	N111DJ	P28R
3040	N111DL	PA23
3041	N111DM	SA30
3043	N111DP	B763
3044	N111DQ	GLAS
3045	N111DR	UH1
3046	N111DS	AEST
3047	N111DT	PA24
3048	N111DU	SR22
3049	N111DV	PA46
304A	N111DW	EDGE
304B	N111DX	B350
304C	N111DY	EPIC
304F	N111EA	C310
3050	N111EB	DHC2
3051	N111EC	BE35
3053	N111EE	EN28
3056	N111EH	GLST
3059	N111EL	CL30
305A	N111EM	P28A
305B	N111EN	BE9T
305C	N111EP	RV7
3060	N111ET	SR22
3061	N111EU	EUPA
3064	N111EX	C172
3065	N111EY	C185
3066	N111EZ	C185
3067	N111F	C650
3069	N111FB	P28R
306A	N111FC	PA32
306B	N111FD	BE95
306C	N111FE	B763
306D	N111FF	C182
306E	N111FG	BE95
3070	N111FJ	F900
3071	N111FK	GLEX
3074	N111FN	LJ25
3075	N111FP	P28R
3077	N111FR	P28A
307A	N111FU	GLF2
307C	N111FW	BE40
307E	N111FY	AT8T
307F	N111FZ	AT8T
3080	N111G	C185
3081	N111GA	PA31
3082	N111GB	MUS2
3083	N111GC	YK52
3085	N111GE	C25C
3086	N111GF	C182
3087	N111GG	C182
3088	N111GH	B407
3089	N111GJ	C550
308A	N111GK	BE33
308B	N111GL	GLST
308C	N111GM	BE35
308E	N111GP	M20P
3091	N111GS	BE35
3092	N111GT	C340
3093	N111GU	C56X
3095	N111GW	BL8
3096	N111GX	GX
3098	N111GZ	C140
3099	N111H	RV7
30A1	N111HH	LNP4
30A3	N111HK	C82T
30A5	N111HM	CH7B
30A6	N111HN	EC35
30A7	N111HP	C72R
30A8	N111HQ	E75L
30A9	N111HR	E55P
30AA	N111HS	C172
30AB	N111HT	SR22
30AD	N111HV	C172
30B0	N111HY	AC11
30B1	N111HZ	FA7X
30B3	N111JA	BE9L
30B6	N111JD	R66
30B8	N111JF	PA31
30BA	N111JH	RV4
30BC	N111JK	VEZE
30BE	N111JM	C510
30C2	N111JR	M200
30C3	N111JS	B06
30C6	N111JV	BE95
30C7	N111JW	PA11
30CA	N111JZ	BE95
30CB	N111K	BE35
30CC	N111KA	BE9L
30CD	N111KB	C182
30CE	N111KC	BE9L
30D1	N111KF	BE95
30D2	N111KG	GLIM
30D5	N111KK	E550
30D6	N111KL	GLID
30D7	N111KM	NAVI
30D8	N111KN	RV6
30D9	N111KP	GLIM
30DB	N111KR	LJ35
30DC	N111KS	C175
30DD	N111KT	R22
30DE	N111KU	C425
30E4	N111L	C170
30E5	N111LA	AA5
30E6	N111LB	PA11
30E8	N111LD	PA11
30EA	N111LF	PA24
30EC	N111LH	C172
30ED	N111LJ	C550
30EE	N111LK	T34P
30F0	N111LM	RAF2
30F1	N111LN	AS50
30F2	N111LP	C680
30F5	N111LS	BL8
30F7	N111LU	P28B
30F9	N111LW	AVID
30FA	N111LX	C140
30FD	N111M	BE30
30FE	N111MA	BE55
30FF	N111MB	P28B
3101	N111MD	H25B
3103	N111MF	R44
3106	N111MJ	M20P
3107	N111MK	C501
3109	N111MM	M20P
310C	N111MQ	BE20
310D	N111MR	M20P
310E	N111MS	BE35
310F	N111MT	GLF5
3111	N111MV	RV6
3114	N111MY	PA23
3115	N111MZ	BE30
3116	N111N	S22T
3119	N111NC	C310
311A	N111ND	GLID
311B	N111NE	SR22
311C	N111NF	GLST
311D	N111NG	BCS1
311E	N111NH	E190
311F	N111NJ	T206
3122	N111NM	PA46
3123	N111NN	PTMS
3124	N111NP	P28A
3126	N111NR	LNC2
3127	N111NS	BE20
312B	N111NW	P32R
312C	N111NX	ONEX
312E	N111NZ	C140
312F	N111P	F900
3130	N111PA	R44
3131	N111PB	R22
3132	N111PC	B36T
3133	N111PD	BE95
3135	N111PF	BE35
3137	N111PH	PA34
3138	N111PJ	C340
3139	N111PK	PA31
313A	N111PL	PA30
313B	N111PM	B06
313E	N111PQ	BE95
3140	N111PS	VELO
3142	N111PU	PTSS
3143	N111PV	BE20
3144	N111PW	T210
3147	N111PZ	SRAI
3154	N111QM	BE95
3159	N111QS	GL5T
3163	N111RB	C340
3164	N111RC	P46T
3166	N111RE	MD87
3169	N111RH	CH75
316A	N111RJ	CJ6
316B	N111RK	C152
316C	N111RL	GLIM
316D	N111RM	BE33
316E	N111RN	P28A
316F	N111RP	GLID
3171	N111RR	C182
3173	N111RT	SR20
3175	N111RV	BE95
3176	N111RW	P32R
3178	N111RY	CH7A
3179	N111RZ	CL60
317B	N111SA	C172
317D	N111SC	BE35
317E	N111SD	C310
317F	N111SE	PA24
3181	N111SG	C550
3182	N111SH	T210
3183	N111SJ	GA5C
3184	N111SK	AC80
3186	N111SM	PA34
3187	N111SN	P32R
3188	N111SP	B06
318A	N111SR	C82R
318B	N111SS	BE30
3190	N111SX	PA46
3192	045	B350	A
3193	N111T	EXEC
3195	N111TB	C150
3196	N111TC	BE9L
3199	N111TF	C421
319C	N111TJ	RV6
319D	N111TK	C172
319E	N111TL	C421
319F	N111TM	BE35
31A0	N111TN	SF50
31A2	N111TQ	HUSK
31A5	N111TT	SR22
31A7	N111TV	R66
31A9	N111TX	BE95
31AA	N111TY	LA4
31AB	N111TZ	CH60
31AE	N111UB	GLF6
31AF	N111UC	PA31
31B4	N111UH	R22
31B7	N111UL	BE9L
31BD	N111US	A320
31C3	N111UY	HUSK
31C6	N111VA	S55P
31CB	N111VF	T210
31CC	N111VG	R44
31CD	N111VH	GLID
31CF	N111VK	PC12
31D1	N111VM	BE95
31D2	N111VN	T34P
31D6	N111VS	M20P
31DB	N111VX	VELO
31DE	N111W	G44
31E0	N111WB	LJ35
31E1	N111WC	RV8
31E2	N111WD	BE95
31E4	N111WF	C180
31E5	N111WG	PC12
31E6	N111WH	FA10
31E8	N111WK	BE60
31E9	N111WL	C180
31EA	N111WM	P28R
31EC	N111WP	B350
31EF	N111WS	M20P
31F3	N111WW	FA50
31F5	N111WY	C82S
31F7	N111X	C310
31F8	N111XA	EVOP
31FA	N111XC	PA18
31FC	N111XE	GLAS
31FD	N111XF	RV6
3200	N111XJ	HUSK
3202	N111XL	BE60
3207	N111XR	PTS2
3209	N111XT	E300
320C	N111XW	E300
320D	N111XX	BE58
3210	N111Y	C700
3212	N111YB	BE35
3216	N111YF	BE10
3217	N111YG	C240
3224	N111YV	B190
3225	N111YW	C650
3226	N111YX	WAIX
3228	N111YZ	R22
3229	N111Z	T206
3235	N111ZM	A321
323E	N111ZW	BE36
323F	N111ZX	M20P
3240	N111ZY	C172
3243	N1110A	BE56
3245	N1110C	BE35
3247	N1110E	BL8
3248	N1110F	C172
324B	7Q-YES	E120
324C	N1110K	BE9L
3251	N1110Q	H500
3252	N1110R	FA62
3257	N1110W	BE35
325D	N11102	B47G
325E	N11103	C177
325F	N11104	C150
3261	N11106	E45X
3262	N11107	E45X
3264	N11109	E45X
3265	N1111	ST75
3266	N1111A	PA18
3268	N1111C	PA18
326C	N1111G	GL7T
326E	N1111J	E55P
3271	N1111M	P32R
3273	N1111P	GLF5
3276	N1111S	C25M
3277	N1111T	CH7A
327B	N1111X	E50P
327C	N1111Y	C150
327D	N1111Z	BE35
327E	N11110	S76
327F	N11111	AEST
3281	N11113	E45X
3282	N11114	BE35
3286	N11118	C180
3287	N11119	E45X
3289	N1112A	PA18
328A	N1112B	BE30
328C	N1112D	C140
328D	N1112E	CH7A
328F	N1112G	AT75
3291	N1112J	BE58
3292	N1112K	L8
3293	N1112L	COL3
3294	N1112M	BE17
3297	N1112Q	C310
329A	N1112T	C180
329B	N1112U	YK55
329D	N1112W	BIPL
329E	N1112X	P28R
32A2	N11121	E45X
32A6	N11125	ST75
32A7	N11126	C150
32A8	N11127	E45X
32AC	N1113A	GLIM
32AD	N1113B	L8
32AE	N1113C	PA18
32B2	N1113G	GLID
32B7	N1113M	T210
32BB	N1113R	GLF6
32BC	N1113S	GLID
32BD	N1113T	C310
32BE	N1113U	P28A
32C1	N1113X	BE58
32C5	N11131	C82R
32C6	N11132	P28A
32C7	N11133	C82R
32C9	N11135	C150
32CB	N11137	E45X
32CC	N11138	C150
32CD	N11139	C150
32CF	N1114A	C208
32D0	N1114B	L8
32D1	N1114C	GLIM
32D3	N1114E	CH7A
32D4	N1114F	C172
32D6	N1114H	AR15
32D7	N1114J	BE36
32D8	N1114K	BE20
32D9	N1114L	LA4
32DB	N1114N	GLIM
32DE	N1114R	PTS1
32E0	N1114T	C150
32E2	N1114V	DHC1
32E4	N1114X	BE36
32E5	N1114Y	C150
32E6	N1114Z	BE9L
32E7	N11140	E45X
32E8	N11141	BE60
32E9	N11142	C150
32EB	N11144	C150
32EC	N11145	C150
32ED	N11146	C150
32EE	N11147	EXEC
32F1	N1115	J3
32F3	N1115B	L8
32F7	N1115F	R22
32F9	N1115H	AR15
32FD	N1115M	C208
3301	N1115R	C150
3302	N1115S	GLID
3303	N1115T	P208
3304	N1115U	C172
3308	N1115Y	BE35
3309	N1115Z	BE36
330A	N11150	E45X
330B	N11151	PA24
330D	N11153	SM60
330F	N11155	E45X
3310	N11156	C150
3311	N11157	C150
3314	N1116	CH7A
3315	N1116A	BE36
3316	N1116B	L8
3319	N1116E	CH7B
331B	N1116G	C208
331F	N1116L	LA4
3321	N1116N	C208
3322	N1116P	PA23
3324	N1116R	BE40
3325	N1116S	B505
3326	N1116T	BE95
3329	N1116W	C208
332C	N1116Z	B36T
332E	N11161	FA62
3331	N11164	E45X
3332	N11165	E45X
3336	N11169	C150
3337	N1117	GLID
3339	N1117B	L8
333A	N1117C	PA18
333C	N1117E	BL8
333D	N1117F	DHC2
333E	N1117G	C208
333F	N1117H	PA15
3345	N1117P	C82T
3347	N1117R	GC1
3349	N1117T	C172
334A	N1117U	C172
334C	N1117W	AS14
334D	N1117X	P28R
3350	N11170	SM60
3351	N11171	T6
3352	N11172	C177
3353	N11173	C150
3356	N11176	E45X
3357	N11177	CH7A
3359	N11179	C185
335B	N1118A	AA5
335C	N1118B	L8
3366	N1118M	T18
3367	N1118N	R22
3368	N1118P	T206
3369	N1118Q	P28A
336B	N1118S	GLID
336C	N1118T	BE95
336E	N1118V	PA18
3370	N1118X	P28R
3372	N1118Z	P28A
3374	N11181	E45X
3375	N11182	C182
3376	N11183	C150
3377	N11184	E45X
3378	N11185	C185
3379	N11186	C150
337A	N11187	E45X
337C	N11189	E45X
337D	N1119	LNC2
337E	N1119A	RV9
3380	N1119C	SR22
3381	N1119D	C140
3382	N1119E	BL8
3387	N1119K	HA4T
338C	N1119Q	C310
338F	N1119T	B36T
3391	N1119V	C208
3394	N1119Y	C150
3396	N11190	J3
3397	N11191	E45X
3398	N11192	E45X
3399	N11193	E45X
339A	N11194	E45X
339B	N11195	C150
339C	N11196	C150
339F	N11199	E45X
33A1	N112A	TB20
33A2	N112AA	AC50
33A3	N112AB	RV12
33A4	N112AC	BE95
33A5	N112AD	RV7
33A6	N112AE	L29
33A9	N112AH	EC45
33AC	N112AL	C421
33AD	N112AM	SIDE
33AE	N112AN	A321
33B2	N112AS	H500
33B6	N112AW	CH7A
33B9	N112AZ	AC11
33BA	N112B	RV7
33BB	N112BA	VO10
33BC	N112BB	BE36
33BE	N112BD	LJ60
33C0	N112BF	PA18
33C1	N112BG	RV12
33C2	N112BH	C212
33C3	N112BJ	BE40
33C4	N112BK	UH12
33C6	N112BM	VO10
33C8	N112BP	GLAS
33CC	N112BT	RV6
33D2	N112BZ	E190
33D3	N112C	GLID
33D4	N112CA	VO10
33D6	N112CC	GL7T
33DD	N112CK	SF50
33DF	N112CM	C68A
33E1	N112CP	M7
33E3	N112CR	AC11
33E4	N112CS	GLF6
33E8	N112CW	C56X
33EB	N112CZ	C441
33EC	N112D	N3N
33EE	N112DB	M20P
33F2	N112DF	GLIM
33F3	N112DG	VO10
33F8	N112DM	DA62
33F9	N112DN	A321
33FD	N112DS	C182
33FF	N112DU	BCS1
3401	N112DW	R66
3404	N112DZ	PTMS
3405	N112E	BE36
3406	N112EA	EA50
3409	N112ED	H25B
340A	N112EE	AC90
340E	N112EJ	EA50
3411	N112EM	ASTR
3413	N112EP	B06
3415	N112ER	TAMP
3417	N112ET	XNON
3419	N112EV	NPOR
341A	N112EW	T210
341B	N112EX	EXPR
3420	N112FB	U16
3422	N112FD	AS50
3423	N112FE	B763
3427	N112FJ	F2TH
3430	N112FT	AA5
3438	N112GA	GA7C
3439	N112GB	BE35
343A	N112GC	C180
3440	N112GJ	R44
3442	N112GL	EXEC
3448	N112GS	C25A
3449	N112GT	VO10
3452	N112HB	AT5T
3453	N112HC	H60
3454	N112HD	PA46
3457	N112HG	BE9L
345E	N112HP	C310
345F	N112HQ	E75L
3460	N112HR	C310
3462	N112HT	AC11
3465	N112HW	B350
3467	N112HY	HUSK
3469	N112J	RV12
346A	N112JA	AC11
346C	N112JC	PA18
3471	N112JH	PTMS
3472	N112JJ	R44
3474	N112JL	GLIM
3475	N112JM	P28A
3479	N112JR	P28R
347D	N112JV	RV10
3486	N112KD	BE36
3488	N112KF	PA18
348C	N112KK	RV12
3491	N112KQ	K100
3493	N112KS	RV6
3496	N112KV	PTMS
3497	N112KW	RV4
349B	N112L	EFOX
349C	N112LA	LA25
349D	N112LB	AC11
349E	N112LC	M7
349F	N112LD	C150
34A1	N112LF	S22T
34A6	N112LL	BK17
34A8	N112LN	C150
34A9	N112LP	B06
34AB	N112LR	SA30
34AC	N112LS	AC11
34AD	N112LT	C208
34AF	N112LV	AC11
34B7	N112MC	O1
34BA	N112MF	BE65
34BB	N112MG	VO10
34BC	N112MH	BE36
34BD	N112MJ	C421
34C6	N112MT	EC35
34CB	N112MY	GLEX
34CD	N112N	C172
34CF	N112NB	C150
34D0	N112NC	C177
34D4	N112NG	DA42
34D8	N112NL	C182
34DD	N112NR	S22T
34DF	N112NT	RV12
34E2	N112NW	GLST
34E7	N112PA	PA12
34E9	N112PC	BE58
34EC	N112PF	C72R
34EE	N112PH	M20P
34EF	N112PJ	S22T
34F0	N112PK	CH70
34F2	N112PM	FOX
34F6	N112PR	BEAR
34F7	N112PS	DC91
34F8	N112PT	G2T1
34FB	N112PW	GLID
34FE	N112PZ	C172
3501	N112QB	C170
3510	N112QS	GL5T
3519	N112RA	CH7B
351A	N112RB	J3
351B	N112RC	VO10
351D	N112RE	G3
3521	N112RJ	HUSK
3523	N112RL	C421
3526	N112RP	C170
3528	N112RR	AR11
3529	N112RS	RV6
3531	N112S	BE35
3532	N112SA	L13M
3533	N112SB	RV9
3534	N112SC	CH7B
3537	N112SF	BE58
3538	N112SG	RV6
3539	N112SH	B47G
353A	N112SJ	VO10
353B	N112SK	SR22
353D	N112SM	RV10
353F	N112SP	C82T
3543	N112ST	PISI
3545	N112SV	C172
3547	N112SX	SONX
354A	N112T	T211
354C	N112TB	J3
354D	N112TC	AC11
3550	N112TF	RV12
3551	N112TG	LGEZ
3556	N112TM	Z26
3558	N112TP	P28A
355A	N112TR	SR22
355B	N112TS	AC11
355C	N112TT	RV4
355F	N112TW	BE35
3574	N112US	A320
3577	N112UV	DA40
357C	N112V	TOBA
357D	N112VA	RV12
357E	N112VB	C182
3582	N112VF	PC12
3590	N112VV	RV9
3593	N112VY	RV4
3597	N112WB	RV12
359B	N112WF	R44
359D	N112WH	SONX
35A1	N112WM	PA32
35A2	N112WN	VO10
35A6	N112WS	PA24
35A7	N112WT	WAIX
35AA	N112WW	C310
35AE	N112X	BE35
35BA	N112XM	RV12
35BC	N112XP	RV12
35BE	N112XR	COY2
35BF	N112XS	XNOS
35C7	N112Y	RV9
35C9	N112YB	WAIX
35D8	N112YS	RV12
35DB	N112YV	B190
35DD	N112YX	WAIX
35E0	N112Z	AC11
35F9	N1120	N3N
35FC	N1120C	BE36
35FD	N1120D	C172
35FF	N1120F	C172
3600	N1120G	GLF5
3604	N1120L	LA4
3605	N1120M	BE35
360A	N1120S	GLID
360C	N1120U	PA18
360D	N1120V	T206
360E	N1120W	C208
3610	N1120Y	C150
3611	N1120Z	C172
3612	N11200	WACF
3613	N11201	M20P
3614	N11202	WACF
3615	N11203	WACF
3616	N11204	C150
3618	N11206	B738
361A	N11208	C150
361B	N11209	C150
361C	N1121	CH7A
361F	N1121C	PA18
3620	N1121D	C140
3621	N1121E	FOX
3628	N1121M	MG21
362B	N1121Q	C310
362C	N1121R	JCOM
362E	N1121T	C182
3631	N1121W	PA12
3633	N1121Y	C150
3634	N1121Z	CH75
3635	N11210	WACF
3636	N11211	WACO
363B	N11216	JAB2
363E	N11219	SR22
363F	N1122	VEZE
3640	N1122A	P28A
3643	N1122D	C140
3644	N1122E	P32R
3646	N1122G	RV9
3647	N1122H	AR15
364A	N1122L	LA4
364D	N1122P	BE35
364F	N1122R	AT8T
3651	N1122T	C172
3654	N1122W	GC1
3655	N1122X	P28A
3656	N1122Y	BT36
3657	N1122Z	BE36
3658	N11220	C310
3659	N11221	WACF
365A	N11222	PA46
365D	N11225	JAB4
365E	N11226	C177
365F	N11227	C150
3660	N11228	C150
3661	N11229	WACF
3663	N1123A	PA18
3664	N1123B	GLST
3665	N1123C	PA22
3667	N1123E	PA18
3668	N1123F	C206
366E	N1123M	C182
3670	N1123P	PA23
3673	N1123S	B06
3675	N1123U	T210
3676	N1123V	BE36
3677	N1123W	P28A
367C	N11231	C150
367F	N11234	C150
3680	N11235	M20P
3681	N11236	C150
3682	N11237	WACF
3683	N11238	C150
3685	N1124	PA18
3686	N1124A	BE36
3687	N1124B	C182
3688	N1124C	PA22
368A	N1124E	M20P
368D	N1124H	AR15
3690	N1124L	S22T
3691	N1124M	C172
3694	N1124Q	C150
3697	N1124T	GLID
3698	N1124U	M20P
369A	N1124W	GLID
369B	N1124X	E55P
369F	N11241	WACF
36A0	N11242	C150
36A1	N11243	C150
36A3	N11245	WACF
36A4	N11246	P51
36A5	N11247	WACF
36A8	N1125	RV6
36A9	N1125A	ASTR
36AA	N1125B	L8
36AB	N1125C	PA20
36AC	N1125D	C140
36AE	N1125F	C172
36B0	N1125H	AR15
36B1	N1125J	ASTR
36B9	N1125S	SMAX
36BA	N1125T	P28R
36BE	N1125X	P28R
36C2	N11251	C150
36C4	N11253	WACO
36C5	N11254	WACF
36C6	N11255	WACF
36C7	N11256	WACF
36C8	N11257	C150
36CA	N11259	WACF
36CC	N1126A	C182
36CF	N1126D	C140
36D0	N1126E	BL8
36D3	N1126H	P28A
36D4	N1126J	BE9L
36D5	N1126K	L8
36D7	N1126M	C172
36D9	N1126P	GLID
36DA	N1126Q	P28A
36DC	N1126S	MUS2
36DD	N1126T	CH70
36E1	N1126X	P28R
36E4	N11260	WACF
36E6	N11262	C150
36E8	N11264	WACF
36EB	N11267	WACF
36EC	N11268	C150
36EE	N1127	DSA1
36EF	N1127A	PA18
36F2	N1127D	C172
36F3	N1127E	CH7A
36F5	N1127G	S22T
36F7	N1127J	BE36
36F8	N1127K	C25A
36FA	N1127M	LJ60
36FB	N1127N	CH7A
36FC	N1127P	E55P
36FE	N1127R	SR22
3705	N1127Y	C150
3708	N11271	C177
3709	N11272	C150
370A	N11273	WACF
370B	N11274	WACF
3711	N1128	PTS1
3712	N1128A	PA18
3714	N1128C	T210
3716	N1128E	CH7A
3717	N1128F	C172
371B	N1128K	L8
371C	N1128L	C208
371D	N1128M	LJ60
3720	N1128Q	P28R
3721	N1128R	S22T
3722	N1128S	B105
3723	N1128T	BE36
3724	N1128U	C172
3726	N1128W	T206
3727	N1128X	PA34
3728	N1128Y	C150
372D	N11283	C150
372E	N11284	PA18
372F	N11285	C150
3730	N11286	RBEL
3732	N11288	C650
3733	N11289	C150
3734	N1129	PA18
3735	N1129A	PA18
3737	N1129C	C172
3738	N1129D	C140
373A	N1129F	C172
373B	N1129G	C208
373E	N1129K	C172
3741	N1129N	L5
3742	N1129P	C82T
3743	N1129Q	C310
3745	N1129S	BE58
3746	N1129T	BE35
3747	N1129U	C172
3748	N1129V	J3
3749	N1129W	BE58
374C	N1129Z	FA62
374D	N11290	C150
3752	N11295	C150
3754	N11297	C150
3756	N11299	C150
375A	N113AB	BE95
375B	N113AC	TB20
375C	N113AD	GLIM
375D	N113AE	B06
375E	N113AF	R44
375F	N113AG	T206
3760	N113AH	EC45
3762	N113AK	C172
3763	N113AL	CH75
3764	N113AM	B407
3765	N113AN	A321
3769	N113AS	PZ04
376A	N113AT	PA38
376C	N113AV	L29
376D	N113AW	BT36
376E	N113AX	B190
3770	N113AZ	ASTR
3771	N113B	H60
3772	N113BA	C172
3773	N113BB	SR20
3776	N113BE	C175
3778	N113BG	C25A
3779	N113BH	C180
377D	N113BM	RV6
377F	N113BP	PA46
3782	N113BS	C182
3783	N113BT	VALI
378B	N113CA	C501
378C	N113CB	DHC2
378D	N113CC	GLST
3793	N113CJ	C182
3794	N113CK	RV6
3795	N113CL	DV20
3796	N113CM	C182
3798	N113CP	T206
379E	N113CV	A139
379F	N113CW	PA11
37A0	N113CX	CLON
37A3	N113D	BE35
37A7	N113DD	GLAS
37A9	N113DF	PA34
37AB	N113DH	DH82
37AC	N113DJ	LJ60
37AE	N113DL	PTS1
37B1	N113DP	VELO
37B2	N113DQ	BCS1
37B3	N113DR	C172
37B4	N113DS	SR22
37B5	N113DT	RV6
37B6	N113DU	RV8
37B9	N113DX	A321
37BD	N113EA	EA50
37BE	N113EB	SLG4
37BF	N113EC	VELO
37C0	N113ED	SR22
37C5	N113EJ	P28A
37D0	N113EV	EC30
37D4	N113EZ	LGEZ
37D5	N113F	C182
37D7	N113FB	U16
37D8	N113FC	BE23
37D9	N113FD	UH1
37DA	N113FE	B763
37E3	N113FP	COL4
37E6	N113FS	C172
37E7	N113FT	P46T
37EE	N113G	P28A
37F9	N113GL	C414
37FF	N113GS	SR22
3809	N113HB	C82R
3811	N113HK	P46T
3813	N113HM	PA32
3815	N113HP	C82T
3816	N113HQ	E75L
3818	N113HS	S22T
381D	N113HX	HDJT
3820	N113J	TOBA
3822	N113JB	PA23
3823	N113JC	P28B
3824	N113JD	EA50
3827	N113JG	VELO
3829	N113JJ	BL8
382B	N113JL	BE35
3830	N113JR	BE23
3831	N113JS	GLAS
3832	N113JT	BE36
3834	N113JV	S22T
3835	N113JW	RV6
3837	N113JY	GLAS
3839	N113K	C310
383A	N113KA	B350
383C	N113KC	RV10
3843	N113KK	SR22
3855	N113LC	C185
385E	N113LM	LNC2
3862	N113LR	CLON
3863	N113LS	BE58
386C	N113MA	MC45
386E	N113MC	PA46
3870	N113ME	CH7B
3872	N113MG	L13M
3873	N113MH	SW3
3874	N113MJ	T211
3875	N113MK	AVTR
3879	N113MP	C421
387B	N113MR	S22T
387C	N113MS	CH7B
387D	N113MT	EC35
387F	N113MV	TB21
3884	N113N	HUSK
3888	N113ND	C150
388B	N113NG	DA40
389D	N113P	AVID
389E	N113PA	PA14
389F	N113PB	C150
38A0	N113PC	DR1
38A1	N113PD	B06
38A3	N113PF	C72R
38A4	N113PG	GLF4
38A5	N113PH	AS50
38A6	N113PJ	PA18
38B1	N113PV	EAGL
38B6	N113Q	BE17
38C7	N113QS	GL5T
38CF	N113R	EFOX
38D2	N113RC	PA31
38D4	N113RE	RV12
38D5	N113RF	C208
38DA	N113RL	B06
38DB	N113RM	GLID
38E3	N113RV	RV4
38E9	N113SA	GLIM
38EB	N113SC	PA18
38EF	N113SG	C182
38F0	N113SH	BE10
38F1	N113SJ	RV6
38F6	N113SP	C182
38F7	N113SQ	RV9
38F8	N113SR	CL60
38F9	N113SS	C150
38FC	N113SV	C172
38FD	N113SW	P28A
38FF	N113SY	E75L
3901	N113T	P46T
3902	N113TA	M20P
3909	N113TH	D7
390C	N113TL	C82S
390E	N113TN	M20T
3911	N113TR	P32R
3912	N113TS	SE5A
3913	N113TT	P210
3916	N113TW	BE35
391E	N113UD	RV8
392B	N113US	C560
392E	N113UV	DA40
3933	N113V	BE35
3935	N113VB	FOX
3939	N113VF	VEZE
393A	N113VG	R22
393D	N113VK	P28R
394D	N113WA	E110
3953	N113WG	S22T
3956	N113WK	S61
3961	N113WW	J3
3963	N113WY	P28R
3965	N113X	BE35
397A	N113XW	PA18
397E	N113Y	WACF
3988	N113YK	YK52
3994	N113YX	WAIX
3996	N113YZ	GLID
39B0	N1130	PA18
39B1	N1130A	PA18
39B2	N1130B	F900
39B3	N1130C	PA22
39B4	N1130D	PC12
39B6	N1130F	C172
39B8	N1130H	G2T1
39B9	N1130J	BE9L
39BC	N1130M	BE35
39BF	N1130Q	B36T
39C1	N1130S	GLID
39C2	N1130T	C172
39C3	N1130U	C172
39C9	N11300	JABI
39CE	N11305	C150
39D1	N11308	C150
39D4	N1131A	PA18
39D5	N1131B	L8
39DB	N1131H	AR15
39DC	N1131J	BU31
39DD	N1131K	COL4
39DE	N1131L	LA4
39DF	N1131M	C182
39E1	N1131P	PA23
39E2	N1131Q	P28R
39E4	N1131S	BU31
39E5	N1131T	RV3
39E7	N1131V	COL4
39E8	N1131W	C182
39EB	N1131Z	FA62
39F2	N11316	GLAS
39F8	N1132B	L8
39F9	N1132C	PA22
39FA	N1132D	A332
39FB	N1132E	CH7A
39FC	N1132F	C208
39FE	N1132H	AR15
3A00	N1132K	L8
3A01	N1132L	LA4
3A03	N1132N	FA62
3A04	N1132P	PA23
3A05	N1132Q	PA32
3A08	N1132T	BE55
3A09	N1132U	T210
3A0B	N1132W	C172
3A0C	N1132X	C172
3A0E	N1132Z	FA62
3A11	N11322	C150
3A12	N11323	C150
3A13	N11324	G2T1
3A14	N11325	C150
3A15	N11326	G2T1
3A18	N11329	C150
3A19	N1133	PA18
3A1A	N1133A	BE33
3A1C	N1133C	H500
3A1D	N1133D	C140
3A1E	N1133E	CH7A
3A1F	N1133F	C172
3A20	N1133G	COL4
3A23	N1133K	RV6
3A25	N1133M	C150
3A28	N1133Q	C310
3A2C	N1133U	C172
3A2F	N1133X	M20P
3A30	N1133Y	C150
3A32	N11330	C177
3A33	N11331	C150
3A35	N11333	G2T1
3A36	N11334	G2T1
3A37	N11335	G2T1
3A39	N11337	G2T1
3A3A	N11338	G2T1
3A3B	N11339	G2T1
3A3C	N1134	RLU1
3A3D	N1134A	BE36
3A40	N1134D	C82T
3A42	N1134F	C172
3A43	N93310	B350
3A44	N1134H	AR15
3A49	N1134N	COL4
3A4A	N1134P	PA23
3A4B	N1134Q	P32R
3A4D	N1134S	GLID
3A4E	N1134T	GLID
3A4F	N1134U	C172
3A50	N1134V	CH7A
3A51	N1134W	BE36
3A52	N1134X	BE36
3A5A	N11345	T206
3A61	N1135B	L8
3A63	N1135D	C140
3A64	N1135E	CH7A
3A65	N1135F	C172
3A69	N1135K	C25M
3A6B	N1135M	C150
3A6F	N1135R	FOX
3A70	N1135S	GLID
3A76	N1135Y	C150
3A79	N11351	C150
3A7A	N11352	C150
3A7E	N11356	C150
3A80	N11358	C150
3A81	N11359	GLST
3A82	N1136	PA18
3A83	N1136A	BE36
3A84	N1136B	L8
3A85	N1136C	PA22
3A86	N1136D	C140
3A87	N1136E	CH7A
3A89	N1136G	C182
3A8A	N1136H	AR15
3A8E	N1136M	C150
3A8F	N1136N	BE36
3A90	N1136P	BE36
3A93	N1136S	BE36
3A96	N1136V	B36T
3A99	N1136Y	BE36
3A9F	N11364	R22
3AA0	N11365	C150
3AA1	N11366	C150
3AA2	N11367	C150
3AA3	N11368	C177
3AA4	N11369	C150
3AA5	N1137	A320
3AA6	N1137A	COL4
3AA7	N1137B	L8
3AAB	N1137F	C172
3AAE	N1137J	VO10
3AAF	N1137K	L8
3AB1	N1137M	C210
3AB2	N1137N	ST75
3AB7	N1137T	BE55
3AB8	N1137U	C172
3ABC	N1137Y	C82T
3ABD	N1137Z	M20P
3ABF	N11371	C150
3AC1	N11373	C150
3AC6	N11378	C177
3AC7	N11379	C206
3ACA	N1138B	L8
3ACB	N1138C	PA22
3ACC	N1138D	CAMP
3ACD	N1138E	CH7B
3ACE	N1138F	P28R
3AD0	N1138H	AR15
3AD1	N1138J	M20P
3AD3	N1138L	LA4
3AD5	N1138N	M20P
3AD6	N1138P	M20P
3AD9	N1138S	GLID
3ADE	N1138X	P28R
3ADF	N1138Y	C172
3AE0	N1138Z	C150
3AE1	N11380	C150
3AE3	N11382	LJ35
3AE8	N11387	C150
3AEA	N11389	C150
3AED	N1139B	L8
3AEF	N1139D	C140
3AF1	N1139F	C172
3AF2	N1139G	M20P
3AF5	N1139K	L8
3AF6	N1139L	P32R
3AF7	N1139M	C182
3AF9	N1139P	M20P
3AFA	N1139Q	YK52
3AFC	N1139S	GLID
3AFE	N1139U	C172
3B00	N1139W	B47G
3B01	N1139X	YK52
3B02	N1139Y	M20P
3B03	N1139Z	M20P
3B04	N11390	COL4
3B06	N11392	C150
3B07	N11393	C150
3B09	N11395	C150
3B0A	N11396	C150
3B0B	N11397	C150
3B0E	N114	PA18
3B0F	N114A	RV8
3B11	N114AB	RV14
3B12	N114AC	VELT
3B13	N114AD	AC11
3B16	N114AG	T206
3B18	N114AJ	C421
3B1B	N114AM	C310
3B1C	N114AN	AC11
3B1F	N114AR	CH60
3B21	N114AT	AC11
3B24	N114AW	AC11
3B25	N114AX	B190
3B27	N114AZ	RV14
3B28	N114B	AC11
3B29	N114BA	PAY3
3B2A	N114BB	M20P
3B2B	N114BC	TAIL
3B2C	N114BD	FA7X
3B2F	N114BG	SNS7
3B30	N114BH	C340
3B31	N114BJ	AA5
3B33	N114BL	AC11
3B34	N114BM	AC11
3B38	N114BR	P32R
3B39	N114BS	SR20
3B3A	N114BT	AC11
3B3D	N114BW	AC11
3B3E	N114BX	AC11
3B40	N114BZ	E190
3B45	N114CD	PA30
3B46	N114CE	AC11
3B47	N114CF	P28A
3B48	N114CG	AC11
3B4D	N114CM	PA18
3B4E	N114CN	SR22
3B5C	N114DB	S22T
3B5D	N114DC	RV4
3B5F	N114DE	S22T
3B60	N114DF	AC11
3B63	N114DJ	ACR2
3B64	N114DK	TB20
3B66	N114DM	GLID
3B67	N114DN	A321
3B68	N114DP	AC11
3B6A	N114DR	UH1
3B6B	N114DS	RV8
3B6C	N114DT	AC11
3B6D	N114DU	BCS1
3B6E	N114DV	A139
3B6F	N114DW	AC11
3B72	N114DZ	CJ6
3B73	N114E	NAVI
3B74	N114EA	EA50
3B76	N114EC	BDOG
3B78	N114EE	AC11
3B7E	N114EL	PA32
3B7F	N114EM	F2TH
3B81	N114EP	AT6T
3B85	N114ET	AC11
3B8C	N114F	BE95
3B8D	N114FA	C172
3B8E	N114FB	C172
3B8F	N114FC	B06
3B90	N114FD	UH1
3B91	N114FE	B763
3B92	N114FF	AC11
3B93	N114FG	SONX
3BA8	N114GC	T210
3BA9	N114GD	RV14
3BAC	N114GG	AC11
3BAD	N114GH	DHC2
3BB2	N114GN	FB1A
3BB7	N114GT	AC11
3BBE	N114H	BE17
3BBF	N114HA	PC24
3BC0	N114HB	BE20
3BC1	N114HC	FA50
3BC2	N114HD	H500
3BC6	N114HH	AC11
3BC8	N114HK	Q9
3BC9	N114HL	C425
3BCC	N114HP	AC11
3BCD	N114HQ	E75L
3BCF	N114HS	M7
3BD2	N114HV	C421
3BD7	N114J	EFOX
3BD8	N114JA	AC11
3BDA	N114JC	MIMU
3BDB	N114JD	BE35
3BDE	N114JG	AC11
3BE1	N114JK	WAIX
3BE2	N114JL	GLAS
3BE3	N114JM	BL8
3BE5	N114JP	SS2T
3BE8	N114JS	GLIM
3BE9	N114JT	AC11
3BF0	N114K	AC11
3BF1	N114KA	MOSQ
3BF2	N114KB	RV14
3BF8	N114KH	RV12
3BF9	N114KJ	AC11
3BFA	N114KK	AC11
3BFB	N114KL	AC11
3BFD	N114KN	C560
3BFE	N114KP	PA18
3C09	N114L	LNP4
3C0C	N114LC	J3
3C11	N114LH	SC7
3C12	YV3146	LJ60
3C14	N114LL	SF50
3C15	N114LM	S22T
3C1B	N114LT	BE36
3C1E	N114LW	AC11
3C23	N114MA	MC45
3C24	N114MB	AC11
3C25	N114MC	PA23
3C26	N114MD	AC11
3C29	N114MG	AC11
3C2A	N114MH	C414
3C2B	N114MJ	CH75
3C2C	N114MK	M7
3C2D	N114ML	SR22
3C2E	N114MM	AC11
3C2F	N114MN	AC80
3C33	N114MS	GLID
3C34	N114MT	AC11
3C36	N114MV	VELO
3C38	N114MX	AS50
3C3B	N114N	PA44
3C3E	N114NC	PA31
3C43	N114NH	RV8
3C4B	N114NR	CH60
3C4C	N114NS	AS50
3C55	N114PA	RV14
3C56	N114PB	AC11
3C57	N114PC	BE58
3C5B	N114PG	BL17
3C5C	N114PH	C208
3C5D	N114PJ	BE58
3C5F	N114PL	BE33
3C60	N114PM	AC11
3C64	N114PR	PA31
3C65	N114PS	PTS2
3C69	N114PW	AC11
3C7E	N114QS	GL5T
3C86	N114R	BE95
3C87	N114RA	PA11
3C89	N114RC	AC11
3C8C	N114RF	C208
3C8D	N114RG	S22T
3C91	N114RL	AVID
3C92	N114RM	PTS2
3C94	N114RP	K100
3C96	N114RR	AC11
3C97	N114RS	PA30
3C98	N114RT	RV6
3C9A	N114RV	RV4
3C9B	N114RW	AC11
3C9F	N114S	BE35
3CA0	N114SA	PA31
3CA2	N114SC	CP75
3CA3	N114SD	AC11
3CA4	N114SE	AC11
3CA5	N114SF	B06
3CA6	N114SG	AC11
3CA8	N114SJ	AC11
3CAA	N114SL	AC11
3CAB	N114SM	AC11
3CAC	N114SN	ASTR
3CAD	N114SP	C82R
3CAF	N114SR	AC11
3CB0	N114SS	AC11
3CB1	N114ST	NAVI
3CB6	N114SY	E75L
3CB7	N114SZ	GLID
3CB8	N114T	PA18
3CBA	N114TB	AC11
3CBB	N114TC	AC11
3CBE	N114TF	RV12
3CC1	N114TJ	BL8
3CC3	N114TL	C82S
3CC4	N114TM	RV14
3CC6	N114TP	BE35
3CCC	N114TV	TAMP
3CCD	N114TW	GLIM
3CCE	N114TX	T206
3CE2	N114US	AC11
3CE5	N114UV	DA40
3CE6	N114UW	A320
3CEB	N114VA	VELO
3CED	N114VC	AC11
3CF0	N114VF	AEST
3CF1	N114VG	R22
3CF4	N114VK	C172
3CFA	N114VR	C550
3CFB	N114VS	MI24
3CFE	N114VV	VVIG
3D03	N114W	C25A
3D04	N114WA	BE9L
3D06	N114WC	AC11
3D08	N114WE	AC11
3D0B	N114WH	B407
3D0E	N114WL	AT5T
3D0F	N114WM	M7
3D11	N114WP	C172
3D13	N114WR	BE35
3D15	N114WT	FOX
3D1C	N114X	PA24
3D2A	N114XP	SRAI
3D4E	N114Z	SH36
3D67	N1140	BE18
3D68	N1140A	LJ35
3D69	N1140B	L8
3D6A	N1140C	PA22
3D70	N1140J	VO10
3D72	N1140L	M20P
3D75	N1140P	PA23
3D76	N1140Q	P28A
3D79	N1140T	M20P
3D7D	N1140X	PA32
3D7E	N1140Y	C150
3D82	N11402	C150
3D84	N11404	M20P
3D85	N11405	C150
3D87	N11407	C150
3D89	N11409	C150
3D8A	N1141	RELI
3D8B	N1141A	M20P
3D8C	N1141B	M20P
3D8D	N1141C	H60
3D8E	N1141D	C140
3D8F	N1141E	CH7A
3D94	N1141K	M20P
3D96	N1141M	C172
3D97	N1141N	M20P
3D9B	N1141S	GLID
3D9D	N1141U	C172
3D9E	N1141V	J3
3DA0	N1141X	C414
3DA1	N1141Y	COL4
3DA2	N1141Z	M20P
3DA4	N11411	TAIL
3DA7	N11414	C82S
3DA9	N11416	C150
3DAF	N1142B	L8
3DB1	N1142D	C140
3DB2	N1142E	CH7A
3DB3	N1142F	C172
3DB4	N1142G	M20P
3DB5	N1142H	AR15
3DB8	N1142L	M20P
3DB9	N1142M	M20P
3DBA	N1142N	ST75
3DBB	N1142P	RV6
3DBC	N1142Q	P28A
3DBE	N1142S	GLID
3DBF	N1142T	M20P
3DC3	N1142X	PA34
3DC5	N1142Z	M20P
3DC6	N11420	A320
3DC7	N11421	BE36
3DC9	N11423	M20P
3DCC	N11426	WACF
3DCD	N11427	WACF
3DCF	N11429	C177
3DD0	N1143	GLID
3DD1	N1143A	M20P
3DD2	N1143B	L8
3DD4	N1143D	C140
3DD5	N1143E	CH7A
3DD6	N1143F	C172
3DD7	N1143G	M20P
3DD8	N1143H	TRDO
3DD9	N1143J	VO10
3DDA	N1143K	M20P
3DDB	N1143L	H60
3DDC	N1143M	C172
3DDD	N1143N	M20P
3DE1	N1143S	GLID
3DE3	N1143U	C140
3DE4	N1143V	CH7A
3DE5	N1143W	M20P
3DE6	N1143X	C82S
3DE8	N1143Z	COL4
3DE9	N11430	C150
3DEB	N11432	WACC
3DEC	N11433	C150
3DED	N11434	DFLY
3DF4	N1144A	PA18
3DF6	N1144C	H60
3DF8	N1144E	CH7A
3DF9	N1144F	C182
3DFA	N1144G	SR20
3DFC	N1144J	VO10
3DFD	N1144K	M20P
3DFE	N1144L	LA4
3DFF	N1144M	C172
3E00	N1144N	M20P
3E01	N1144P	M20P
3E08	N1144W	M20P
3E09	N1144X	P28A
3E0A	N1144Y	C150
3E0B	N1144Z	P28A
3E0C	N11440	WACF
3E0E	N11442	C150
3E0F	N11443	WACC
3E10	N11444	WACF
3E13	N11447	C150
3E15	N11449	C150
3E16	N1145	FOX
3E18	N1145B	C82S
3E1B	N1145E	CH7A
3E1C	N1145F	C185
3E1F	N1145J	VO10
3E20	N1145K	L8
3E22	N1145M	C182
3E25	N1145Q	UH1
3E26	N1145R	SA30
3E28	N1145T	M20P
3E29	N1145U	M20P
3E2F	N11450	WACF
3E31	N11452	C150
3E32	N11453	WACF
3E33	N11454	C150
3E36	N11457	WACF
3E38	N11459	WACF
3E3E	N1146E	CH7A
3E3F	N1146F	C172
3E41	N1146H	PA32
3E42	N1146J	M20P
3E44	N1146L	M20P
3E45	N1146M	C337
3E47	N1146P	M20P
3E4A	N1146S	GLID
3E4B	N1146T	M20P
3E4D	N1146V	RV4
3E4F	N1146X	GLID
3E52	N11460	C150
3E56	N11464	WACF
3E57	N11465	WACF
3E58	N11466	WACF
3E5B	N11469	WACF
3E5D	N1147A	M20P
3E60	N1147D	M20P
3E62	N1147F	C172
3E63	N1147G	M20P
3E64	N1147H	P32R
3E65	N1147J	VO10
3E66	N1147K	L8
3E67	N1147L	LA4
3E69	N1147N	RV7
3E6B	N1147Q	C140
3E70	N1147V	C172
3E72	N1147X	P28R
3E75	N11470	WACC
3E78	N11473	WACC
3E7B	N11476	C177
3E7D	N11478	WACF
3E7E	N11479	C150
3E80	N1148A	PA18
3E81	N1148B	M20P
3E83	N1148D	C140
3E84	N1148E	CH7A
3E85	N1148F	C172
3E86	N1148G	M20P
3E87	N1148H	AR15
3E8C	N1148N	M20P
3E90	N1148S	GLID
3E91	N1148T	BE35
3E92	N1148U	M20P
3E97	N1148Z	B06
3E98	N11480	WACF
3E99	N11481	WACF
3E9A	N11482	WACF
3E9D	N11485	C150
3EA0	N11488	C150
3EA1	N11489	WACC
3EA3	N1149A	PA18
3EA4	N1149B	M20P
3EA5	N1149C	SR22
3EA8	N1149F	C172
3EA9	N1149G	M20P
3EAA	N1149H	M20P
3EAB	N1149J	WACF
3EAD	N1149L	M20P
3EB0	N1149P	M20P
3EB3	N1149S	GLID
3EB5	N1149U	M20P
3EB6	N1149V	DG15
3EB8	N1149X	M20P
3EB9	N1149Y	C150
3EBB	N11490	WACF
3EBC	N11491	C150
3EBD	N11492	C150
3EBE	N11493	C150
3EC0	N11495	M20P
3EC5	N115	H60
3EC6	N115A	BE17
3EC7	N115AA	AT6T
3EC8	N115AB	BE9L
3EC9	N115AC	H269
3ECA	N115AD	CL30
3ECB	N115AE	PTS1
3ECD	N115AG	G115
3ECE	N115AH	AS50
3ECF	N115AJ	AJET
3ED0	N115AK	G115
3ED1	N115AL	CH65
3ED2	N115AM	B39M
3ED4	N115AP	SR20
3ED6	N115AR	CH60
3EDB	N115AW	C185
3EDC	N115AX	B190
3EDF	N115B	PTMS
3EE0	N115BA	C25C
3EE1	N115BB	C25A
3EE6	N115BG	CH75
3EE7	N115BH	C340
3EEB	N115BM	PA31
3EEF	N115BR	C82T
3EF4	N115BW	RV6
3EF6	N115BY	CH7B
3EF7	N115BZ	E190
3EF8	N115C	SR22
3EF9	N115CA	BE35
3EFB	N115CC	BL17
3EFC	N115CD	SR22
3EFD	N115CE	AC11
3EFE	N115CF	C152
3EFF	N115CG	CH75
3F01	N115CJ	C25A
3F03	N115CL	C208
3F05	N115CN	SR22
3F06	N115CP	C172
3F09	N115CS	P32R
3F0A	N115CT	BE20
3F0D	N115CW	C210
3F11	N115D	CH60
3F14	N115DC	P28R
3F15	N115DD	R22
3F1A	N115DJ	SR22
3F1B	N115DK	GLAS
3F1C	N115DL	BE95
3F1D	N115DM	SONX
3F1E	N115DN	A321
3F1F	N115DP	DFLY
3F22	N115DS	TB20
3F24	N115DU	BCS1
3F25	N115DV	F5
3F2B	N115EA	C340
3F2D	N115EC	H500
3F35	N115EL	T206
3F38	N115EP	PULS
3F3B	N115ES	S22T
3F43	N115F	EPIC
3F45	N115FB	U16
3F47	N115FD	UH1
3F48	N115FE	B763
3F4C	N115FJ	C172
3F4F	N115FM	HROC
3F51	N115FP	COL4
3F5C	N115G	BE35
3F5F	N115GC	YK52
3F64	N115GH	A109
3F66	N115GK	C208
3F6E	N115GT	AC11
3F72	N115GX	GX
3F75	N115H	BE30
3F79	N115HD	H500
3F83	N115HP	P32R
3F84	N115HQ	E75L
3F8E	N115J	TOBA
3F8F	N115JA	P28A
3F91	N115JC	BOLT
3F93	N115JE	AA5
3F94	N115JF	C140
3F96	N115JH	AVID
3F98	N115JK	EVOT
3F99	N115JL	GLAS
3F9E	N115JR	TOBA
3F9F	N115JS	GLEX
3FA3	N115JW	AC11
3FA8	N115KA	B350
3FA9	N115KB	SREY
3FAD	N115KF	C182
3FAE	N115KG	F900
3FB3	N115KM	ALBU
3FB8	N115KS	C72R
3FB9	N115KT	AC11
3FC0	N115L	RV7
3FC1	N115LA	AT3T
3FC3	N115LC	GLID
3FC5	N115LE	R22
3FC6	N115LF	CL30
3FC9	N115LJ	LJ45
3FD0	N115LR	GLF4
3FD5	N115LW	C172
3FD9	N115M	EFOX
3FDB	N115MB	C172
3FDC	N115MC	S10
3FDD	N115MD	AC11
3FDF	N115MF	FA50
3FE0	N115MG	MG15
3FE1	N115MH	GLEX
3FE2	N115MJ	MG15
3FE3	N115MK	AC11
3FE4	N115ML	SR22
3FE5	N115MM	SR22
3FE9	N115MR	BE35
3FEA	N115MS	M20P
3FEE	N115MW	G115
3FF2	N115N	TOBA
3FF3	N115NA	DC3
3FF8	N115NF	RV8
3FFB	N115NJ	C182
3FFF	N115NN	A321
4003	N115NS	PA18
400B	N115P	DG15
400C	N115PA	BE65
400E	N115PC	PA31
4011	N115PF	C82S
4012	N115PG	GLAS
4013	N115PH	C208
4014	N115PJ	C208
4015	N115PK	A388
4017	N115PM	RV6
401C	N115PS	R44
4035	N115QS	GL5T
403E	N115RA	M18
403F	N115RB	RV12
4043	N115RF	C175
4045	N115RH	R44
4046	N115RJ	ASTR
404B	N115RP	T210
404E	N115RS	AGSH
4051	N115RV	RV6
4053	N115RX	T18
4055	N115RZ	SREY
4058	N115SB	RV7
4059	N115SC	AR11
405A	N115SD	M20P
405B	N115SE	CL35
405C	N115SF	B407
405D	N115SG	CH7B
405E	N115SH	EC35
405F	N115SJ	AC11
4062	N115SM	C25B
4064	N115SP	SR22
4066	N115SR	B06
4067	N115SS	C152
4069	N115SU	H500
406A	N115SV	C172
406E	N115SZ	AC11
406F	N115T	AC11
4070	N115TA	C172
4071	N115TB	F900
4075	N115TF	RV12
407A	N115TL	C56X
407D	N115TP	HROC
407F	N115TR	GLEX
4080	N115TS	TS11
4081	N115TT	B350
4088	N115U	DC3
4099	N115US	CRUZ
409A	N115UT	MG15
409C	N115UV	DA40
40A4	N115VC	R44
40B1	N115VR	RV7
40B2	N115VS	HROC
40BA	N115W	CASS
40BB	N115WA	E110
40BD	N115WC	PTS1
40BE	N115WD	BE55
40BF	N115WE	B58T
40C0	N115WF	TBM9
40C4	N115WK	S61
40C6	N115WM	GLST
40CB	N115WS	SA30
40CC	N115WT	TAIL
40CF	N115WW	GLAS
40E1	N115XP	BE40
40E5	N115XT	HUSK
40FA	N115YP	LEG2
40FD	N115YS	BE9L
4105	N115Z	BE20
4112	N115ZN	F900
411F	N1150A	PA18
4120	N1150B	L8
4122	N1150D	C140
4123	N1150E	EA50
4126	N1150H	PC12
4127	N1150J	AC11
4128	N1150K	L8
412C	N1150P	PA23
412F	N1150S	RV6
4131	N1150U	M20P
4133	N1150W	B47G
4134	N1150X	P28A
4135	N1150Y	C150
4136	N1150Z	BE19
4137	N11500	C177
4138	N11501	C150
413D	N11506	C177
413E	N11507	C150
4140	N11509	CH65
4142	N1151A	PA18
4145	N1151D	C140
4146	N1151E	CH7A
4149	N1151H	M20P
414A	N1151J	VO10
414C	N1151L	UH12
414E	N1151N	M20P
4154	N1151U	M20P
4155	N1151V	M20P
4157	N1151X	BE35
4158	N1151Y	C150
4159	N1151Z	AC50
415A	N11510	C150
415D	N11513	C150
4160	N11516	C150
4161	N11517	C150
4162	N11518	C150
4163	N11519	C150
4164	N1152	KMAX
4167	N1152C	PA18
4169	N1152E	CH7A
416B	N1152G	M20P
416C	N1152H	AR15
416E	N1152K	M20P
416F	N1152L	M20P
4170	N1152M	C172
4171	N1152N	M20P
4173	N1152Q	M20P
4175	N1152S	RV12
4178	N1152V	C172
417C	N1152Z	C172
417D	N11520	M20P
4180	N11523	M20P
4183	N11526	E135
4184	N11527	C150
4185	N11528	C150
4186	N11529	C150
4188	N1153A	PA18
418B	N1153D	C140
4191	N1153K	M20P
4192	N1153L	LA4
4194	N1153N	ST75
4196	N1153Q	M20P
4197	N1153R	FOX
4198	N1153S	BE60
4199	N1153T	BE95
419C	N1153W	M20P
41A1	N11531	C150
41A3	N11533	C150
41A5	N11535	E145
41A6	N11536	E145
41A8	N11538	C150
41A9	N11539	E145
41AC	N1154B	L8
41AD	N1154C	PA18
41AF	N1154E	CH7A
41B0	N1154F	C208
41B1	N1154G	C172
41B2	N1154H	AR15
41BD	N1154U	M20P
41BF	N1154W	C172
41C0	N1154X	PA32
41C1	N1154Y	LNC2
41C2	N1154Z	SR22
41C3	N11540	C150
41C4	N11541	C82R
41C7	N11544	E145
41C9	N11546	C150
41CA	N11547	E145
41CF	N1155B	L8
41D2	N1155E	BL8
41D3	N1155F	C172
41D4	N1155G	M20P
41D9	N1155M	T206
41DB	N1155P	C206
41DE	N1155S	GLID
41DF	N1155T	BE60
41E2	N1155W	PA18
41E4	N1155Y	M20P
41E8	N11552	C150
41EA	N11554	C150
41EB	N11555	M20P
41EE	N11558	C150
41EF	N11559	MAGN
41F0	N1156	C337
41F1	N1156A	G2CA
41F2	N1156B	M20P
41F5	N1156E	CH7B
41F7	N1156G	M20P
41F9	N1156J	VO10
41FA	N1156K	M20P
41FC	N1156M	M20P
41FD	N1156N	M20P
41FE	N1156P	M20P
4201	N1156S	GLID
4202	N1156T	BE35
4203	N1156U	M20P
4204	N1156V	L5
4208	N1156Z	M20P
420C	N11563	C150
420D	N11564	C177
420E	N11565	E145
420F	N11566	C177
4214	N1157A	M20P
4215	N1157B	PA11
4216	N1157C	PA18
4217	N1157D	YK52
421A	N1157G	M20P
421B	N1157H	YAK9
421C	N1157J	M20P
421D	N1157K	M20P
421E	N1157L	M20P
421F	N1157M	C182
4221	N1157P	M20P
4222	N1157Q	T206
4224	N1157S	PA31
4225	N1157T	BE36
4226	N1157U	M20P
4227	N1157V	C172
4228	N1157W	T206
4229	N1157X	P28A
422A	N1157Y	C150
422B	N1157Z	M20P
422C	N11570	C150
422D	N11571	C150
422F	N11573	C150
4230	N11574	GLID
4231	N11575	C170
4233	N11577	C150
4236	N1158	SC7
4238	N1158B	B06
4239	N1158C	SR22
423A	N1158D	M20P
423C	N1158F	C172
423E	N1158H	P28A
423F	N1158J	M20P
4240	N1158K	M20P
4241	N1158L	LA4
4243	N1158N	M20P
4244	N1158P	PA23
4245	N1158Q	C172
424A	N1158V	C172
424D	N1158Y	C150
424E	N1158Z	T206
4250	N11581	M20P
4253	N11584	C150
4254	N11585	C177
4256	N11587	C150
4258	N11589	C150
425D	N1159D	M20P
425E	N1159E	BL8
4261	N1159H	AR15
4263	N1159K	C172
4267	N1159P	M20P
4268	N1159Q	COL4
426B	N1159T	BE95
426D	N1159V	C172
426E	N1159W	B47G
4270	N1159Y	C150
4271	N1159Z	C172
4274	N11592	C150
4276	N11594	C150
427C	N116	H60
427D	N116A	H60
427E	N116AA	C25B
427F	N116AB	BE55
4281	N116AD	BE40
4284	N116AG	U16
4285	N116AH	C82R
4287	N116AK	C180
428A	N116AN	A321
428B	N116AP	BE40
428D	N116AR	RV6
428E	N116AS	LJ45
428F	N116AT	PA38
4291	N116AV	P28A
4297	N116BA	A5
429A	N116BD	BE36
429D	N116BG	C310
429E	N116BH	PA18
42A7	N116BS	M18
42AB	N116BW	RV6
42AE	N116BZ	E190
42B2	N116CC	LGEZ
42B7	N116CH	SREY
42B8	N116CJ	EXEC
42BA	N116CL	DV20
42BD	N116CP	C82T
42BF	N116CR	C172
42C1	N116CT	FDCT
42C4	N116CW	RV7
42C5	N116CX	DHC2
42CC	N116DD	T206
42CD	N116DE	S22T
42CF	N116DG	BE10
42D0	N116DH	EAGL
42D2	N116DK	E55P
42D4	N116DM	GLID
42D5	N116DN	A321
42D6	N116DP	RV7
42DB	N116DU	BCS1
42DD	N116DW	RV6
42E2	N116EA	C340
42E4	N116EC	H500
42E5	N116ED	CC11
42F1	N116ER	P28R
42FA	N116F	BE35
42FC	N116FB	U16
42FE	N116FD	UH1
42FF	N116FE	GALX
4305	N116FL	PA18
4308	N116FP	C172
430C	N116FT	COL4
4313	N116G	M7
4316	N116GC	MI2
431B	N116GH	RV10
4324	N116GS	SHEK
4328	N116GW	PA31
4329	N116GX	GX
432C	N116H	BE95
4332	N116HF	CL30
4337	N116HL	CL60
433A	N116HP	B350
433B	N116HQ	E75L
433C	N116HR	C82R
4346	N116JA	ESCP
4348	N116JC	ASTR
434A	N116JE	C172
434E	N116JJ	C421
434F	N116JK	ERCO
4351	N116JM	RV6
4353	N116JP	PAY3
4357	N116JT	RV8
435A	N116JW	C335
435F	N116KA	BE20
4361	N116KC	C550
4367	N116KJ	RV12
436A	N116KM	PULS
436B	N116KN	AT3T
436C	N116KP	AT6T
436F	N116KS	C72R
4373	N116KW	SR22
4377	N116L	BE95
437F	N116LH	C188
4382	N116LL	PA11
4385	N116LP	COY2
4389	N116LT	PTS2
438B	N116LV	RV8
438C	N116LW	C680
4391	N116MA	LJ35
4392	N116MB	C650
4393	N116MC	C510
4399	N116MJ	FDCT
439A	N116MK	GLF4
439B	N116ML	C525
439C	N116MM	COY2
43A1	N116MS	MA5
43A5	N116MW	A169
43A8	N116MZ	C525
43A9	N116N	BE30
43AA	N116NA	E190
43AC	N116NC	G280
43B0	N116NG	DA40
43B2	N116NJ	PA18
43C2	N116P	PTS1
43C3	N116PA	C414
43C4	N116PB	SF50
43C5	N116PC	CH7B
43C9	N116PG	R22
43CB	N116PJ	LJ45
43CC	N116PK	CRER
43CE	N116PM	CC11
43D3	N116PS	SF50
43D7	N116PW	LEG2
43DB	N116Q	HUSK
43EC	N116QS	GL5T
43F5	N116RA	CH7A
43F6	N116RB	GLID
43F7	N116RC	AC11
43FC	N116RH	T34P
43FD	N116RJ	HUSK
4405	N116RS	R22
4408	N116RV	RV6
4409	N116RW	F900
440F	N116SB	AC11
4410	N116SC	CRUZ
4411	N116SD	CH7B
4412	N116SE	T6
4413	N116SF	GLEX
4417	N116SK	PC12
4418	N116SL	C82T
4419	N116SM	C82S
441D	N116SR	BK17
4421	N116SV	C172
4424	N116SY	E75L
4426	N116T	PA18
4427	N116TA	C25C
4428	N116TB	EN28
4431	N116TL	DHC3
4434	N116TP	RV8
4437	N116TS	RV6
4438	N116TT	B350
4439	N116TU	P208
443B	N116TW	BE35
443C	N116TX	BE20
4450	N116US	CRUZ
4453	N116UV	DA40
445F	N116VG	C82S
4462	N116VK	R44
4472	N116WA	E110
4473	N116WB	C82S
4474	N116WC	RV4
447B	N116WK	PA18
44B9	N116YX	WAIX
44D2	N116ZX	C82S
44D6	N1160A	PA18
44D7	N1160B	L8
44DA	N1160E	CH7A
44DD	N1160H	DSA1
44DE	N1160J	VO10
44DF	N1160K	L8
44E2	N1160N	M20P
44E6	N1160S	GLID
44E9	N1160V	NAVI
44EB	N1160X	P28R
44EE	N11600	C177
44F2	N11604	C150
44F3	N11605	C150
44F4	N11606	M20P
44F5	N11607	C150
44F6	N11608	C177
44F9	N1161A	PA18
44FA	N1161B	M20P
44FC	N1161D	C140
44FD	N1161E	CH7A
44FE	N1161F	C172
4500	N1161H	P28A
4501	N1161J	VO10
4504	N1161M	M20P
4506	N1161P	M20P
4509	N1161S	GLID
450C	N1161V	COL4
450E	N1161X	PA32
4510	N1161Z	M20P
4511	N11610	C150
4515	N11614	C172
4516	N11615	M20P
4517	N11616	C150
451A	N11619	C150
451B	N1162	KMAX
451D	N1162B	L8
451E	N1162C	C177
451F	N1162D	M20P
4520	N1162E	CH7A
4522	N1162G	M20P
4523	N1162H	AR15
4525	N1162K	L8
4529	N1162P	AVTR
452E	N1162U	C82T
452F	N1162V	BE20
4531	N1162X	PA34
4532	N1162Y	C150
4535	N11621	C150
4539	N11625	C177
453A	N11626	C150
453C	N11628	C150
453F	N1163A	M20P
4540	N1163B	M20P
4542	N1163D	M20P
4543	N1163E	CH7B
4544	N1163F	C172
4545	N1163G	M20P
4546	N1163H	AR15
4547	N1163J	VO10
454A	N1163M	C550
4550	N1163T	BE55
4551	N1163U	M20P
4555	N1163Y	C150
4556	N1163Z	M20P
455B	N11634	C150
455D	N11636	P51
455E	N11637	B350
4560	N11639	C150
4564	N1164C	PA22
4565	N1164D	CH7A
4567	N1164F	MU2
4568	N1164G	M20P
4569	N1164H	AR15
456B	N1164K	L8
456C	N1164L	LA4
4572	N1164S	GLID
4576	N1164W	BE95
4577	N1164X	P28R
457C	N11642	CH7A
457D	N11643	CH7B
457F	N11645	CH7B
4580	N11646	CH7B
4581	N11647	CH7B
4582	N11648	CH7A
4584	N1165	MG21
4586	N1165B	L8
4588	N1165D	M20P
4589	N1165E	CH7A
458A	N1165F	C172
458B	N1165G	M20P
458E	N1165K	RS12
458F	N1165L	M20P
4591	N1165N	M20P
4595	N1165S	AR65
4596	N1165T	BE35
4597	N1165U	C172
4598	N1165V	RV3
4599	N1165W	M20P
459A	N1165X	PA32
459B	N1165Y	T206
459C	N1165Z	AC50
459D	N11650	CH7A
45A2	N11655	A109
45A4	N11657	CH7B
45A5	N11658	CH7B
45A6	N11659	CH7B
45A9	N1166B	C337
45AA	N1166C	PA22
45AB	N1166D	M20P
45AC	N1166E	BL8
45AD	N1166F	C172
45B2	N1166L	LA4
45B3	N1166M	C182
45B5	N1166P	PA23
45B8	N1166S	GLID
45BB	N1166V	C172
45BC	N1166W	C172
45BD	N1166X	PA34
45BE	N1166Y	C150
45BF	N1166Z	M20P
45C0	N11660	CH7B
45C3	N11663	CH7A
45C4	N11664	CH7A
45C7	N11667	CH7A
45CA	N1167	PL1
45CB	N1167A	BE30
45CC	N1167B	L8
45CD	N1167C	PA22
45CF	N1167E	CH7A
45D0	N1167F	C172
45D2	N1167H	M20P
45D4	N1167K	L8
45D6	N1167M	BE23
45D7	N1167N	M20P
45D8	N1167P	PA23
45DB	N1167S	GLID
45DD	N1167U	M20P
45DE	N1167V	C172
45E0	N1167X	P28A
45E1	N1167Y	M20P
45E3	N11670	CH7A
45E5	N11672	CH7A
45E6	N11673	CH7B
45E8	N11675	CH7A
45E9	N11676	CH7B
45EA	N11677	CH7B
45EC	N11679	CH7B
45EF	N1168B	M20P
45F0	N1168C	PA22
45F3	N1168F	C172
45F5	N1168H	P28R
45F8	N1168L	LA4
45FA	N1168N	M20P
45FB	N1168P	RV4
45FD	N1168R	RV8
45FE	N1168S	M20P
45FF	N1168T	BE55
4600	N1168U	S58T
4601	N1168V	C172
4603	N1168X	P28A
4604	N1168Y	M20P
4606	N11680	BL8
4607	N11681	CH7B
4608	N11682	C172
4609	N11683	CH7A
460A	N11684	CH7B
460C	N11686	CH7B
460D	N11687	CH7B
460F	N11689	CH7B
4610	N1169	AC50
4611	N1169A	PA18
4614	N1169D	AVID
4616	N1169F	C172
4617	N1169G	LNCE
461B	N1169L	M20P
461C	N1169M	PA18
461D	N1169N	M20P
461F	N1169Q	C185
4621	N1169S	GLID
4622	N1169T	BE35
4625	N1169W	B47G
4627	N1169Y	C150
4628	N1169Z	M20P
4629	N11690	CH7B
462B	N11692	BE9L
462E	N11695	CH7A
4633	N117	AS55
4634	N117A	TAIL
4635	N117AA	CL60
4636	N117AB	C172
4637	N117AC	C182
463A	N117AF	AVID
463E	N117AK	S22T
4640	N117AM	BK17
4641	N117AN	A321
4642	N117AP	C82S
4645	N117AS	B06
4646	N117AT	PA38
4649	N117AW	RV7
464A	N117AX	B190
464D	N117B	C25B
464E	N117BA	R44
464F	N117BB	DHC2
4650	N117BC	P28A
4653	N117BF	CRUZ
4654	N117BG	C650
4655	N117BH	C212
4659	N117BM	PA46
465B	N117BP	RV7
465F	N117BT	SR22
4666	N117C	BE9L
4667	N117CA	CH7A
4669	N117CC	SW3
466E	N117CH	BK17
4671	N117CL	PTS2
4672	N117CM	RV4
4674	N117CP	CH7B
4677	N117CS	P32R
4678	N117CT	FDCT
467F	N117D	BEAR
4681	N117DB	P28A
4682	N117DC	FOX
4684	N117DE	XNON
4685	N117DF	M20P
4687	N117DH	MAME
4688	N117DJ	B429
468A	N117DL	B212
468B	N117DM	BE19
468C	N117DN	D228
468D	N117DP	BE35
468F	N117DR	UH1
4692	N117DU	BCS1
4694	N117DW	P28A
4695	N117DX	A321
4699	N117EA	EA50
469A	N117EB	GLF4
469B	N117EC	BE36
469C	N117ED	VEZE
469D	N117EE	E50P
469F	N117EG	K100
46A4	N117EM	B190
46A8	N117ER	P28R
46B1	N117F	AEST
46B2	N117FA	CH60
46B4	N117FC	A119
46B6	N117FE	B763
46B7	N117FF	C182
46BC	N117FL	BE95
46BF	N117FP	COL4
46C3	N117FT	B06
46C5	N117FV	BE4W
46CA	N117G	SR22
46CB	N117GA	C97
46CC	N117GB	RV12
46D2	N117GH	P32R
46D3	N117GJ	SRAI
46D5	N117GL	A320
46DB	N117GS	C170
46DE	N117GV	GLIM
46E0	N117GX	GX
46E3	N117H	MU2
46E7	N117HD	AS50
46EB	N117HH	H25B
46EC	N117HJ	SVNH
46ED	N117HK	B06
46EE	N117HL	T210
46F2	N117HQ	E75L
46F4	N117HS	WAIX
46F8	N117HW	HUSK
46FC	N117J	BK17
46FD	N117JA	BE76
46FE	N117JB	C172
46FF	N117JC	PA32
4700	N117JD	C310
4703	N117JG	SREY
4704	N117JH	AVID
4708	N117JM	BEAR
470A	N117JP	PA31
470D	N117JS	RV4
470E	N117JT	H25B
4716	N117KA	BE55
4717	N117KB	LJ60
4718	N117KC	SR22
4719	N117KD	SR20
471C	N117KG	F900
4721	N117KM	FOX
4725	N117KR	PA46
4726	N117KS	C72R
4731	N117LC	BK17
4733	N117LE	R44
4734	N117LF	SR20
4736	N117LH	LNP4
4737	N117LJ	GLID
473E	N117LR	LJ55
4743	N117LW	AA5
4748	N117MA	C501
474A	N117MC	BN2P
474D	N117MF	BE9L
4750	N117MJ	MUS2
4751	N117MK	BK17
4752	N117ML	EVOP
4753	N117MM	C177
4756	N117MQ	RF10
4758	N117MS	GL5T
4759	N117MT	P28A
475B	N117MV	TBM9
4763	N117NC	BK17
4765	N117NE	GA5C
4767	N117NG	BK17
476A	N117NK	RV9
476E	N117NP	NPOR
4772	N117NT	E550
4773	N117NU	PA46
4779	N117P	T210
477A	N117PA	C240
477B	N117PB	C72R
477C	N117PC	B407
4781	N117PH	C182
4782	N117PJ	VEZE
4785	N117PM	EN48
4789	N117PR	P46T
478A	N117PS	C510
478D	N117PV	CLON
478E	N117PW	P46T
4792	N117Q	PTS1
47A3	N117QS	GL5T
47AB	N117R	S22T
47AD	N117RB	M700
47AF	N117RD	B350
47B1	N117RF	LA4
47B2	N117RG	PTS1
47B3	N117RH	MG17
47B5	N117RK	P28R
47BC	N117RS	BE58
47BD	N117RT	GLID
47BF	N117RV	ST75
47C0	N117RW	M20P
47C5	N117SA	GLST
47C7	N117SC	P28R
47C8	N117SD	C82S
47CC	N117SH	EC35
47CD	N117SJ	SREY
47D4	N117SR	BK17
47D5	N117SS	C150
47D7	N117SU	S22T
47D8	N117SV	C172
47DB	N117SY	E75L
47DC	N117SZ	GLIM
47DD	N117T	TWEN
47DE	N117TA	RV7
47DF	N117TB	GLIM
47E0	N117TC	C310
47E1	N117TD	M20P
47E4	N117TG	C130
47E5	N117TH	PTS1
47E6	N117TJ	BE9T
47E7	N117TK	P28A
47E8	N117TL	PA18
47E9	N117TM	BL8
47EA	N117TN	AA1
47EB	N117TP	GLEX
47ED	N117TR	RV7
47EE	N117TS	C150
47EF	N117TT	C182
47F1	N117TV	AS50
47F3	N117TX	CH75
47FE	N117UH	EA50
4802	N117UM	P210
4804	N117UP	BK17
480B	N117UW	A320
4810	N117VA	OSCR
4819	N117VK	PC24
481F	N117VR	P28R
4823	N117VV	CRUZ
4829	N117WA	E110
482A	N117WB	BE50
482B	N117WC	BK17
4830	N117WH	H25B
4831	N117WJ	C150
4833	N117WL	CC11
4836	N117WP	COY2
4838	N117WR	GLF4
483C	N117WV	GLAS
483D	N117WW	C320
4871	N117YY	SMAX
4873	N117Z	BEAR
488C	N1170	B407
488D	N1170A	PA18
488E	N1170B	COL4
4892	N1170F	C172
4893	N1170G	M20P
4894	N1170H	AR15
4895	N1170J	VO10
4896	N1170K	L8
4897	N1170L	LA4
4898	N1170M	C172
489D	N1170S	GLID
489E	N1170T	BE35
489F	N1170U	M20P
48A0	N1170V	C172
48A2	N1170X	M20P
48A3	N1170Y	C150
48A7	N11702	CH7B
48A9	N11704	CH7A
48AB	N11706	CH7B
48AC	N11707	BL8
48AE	N11709	CH7A
48AF	N1171	B06
48B0	N1171A	M20P
48B1	N1171B	C172
48B2	N1171C	PA20
48B5	N1171F	C172
48B6	N1171G	M20P
48B8	N1171J	C82T
48B9	N1171K	L8
48BA	N1171L	M20P
48BB	N1171M	M20P
48BC	N1171N	M20P
48BD	N1171P	M20P
48BF	N1171R	M20P
48C4	N1171W	M20P
48C6	N1171Y	V1
48D1	N11719	M20P
48D5	N1172C	C175
48D6	N1172D	O1
48D8	N1172F	C172
48D9	N1172G	C172
48DC	N1172K	M20P
48DE	N1172M	C172
48E0	N1172P	PA23
48E3	N1172S	GLID
48E7	N1172W	M20P
48E9	N1172Y	C150
48EB	N11720	CH7A
48EC	N11721	CH7B
48EE	N11723	C177
48EF	N11724	M20P
48F6	N1173A	M20P
48F7	N1173B	M20P
48F8	N1173C	C177
48F9	N1173D	O1
48FB	N1173F	C172
48FC	N1173G	M20P
48FD	N1173H	AR15
48FE	N1173J	VO10
4901	N1173M	C172
4902	N1173N	M20P
4904	N1173Q	T210
4906	N1173S	GLID
490A	N1173W	M20P
490B	N1173X	C172
490E	N11730	C177
490F	N11731	C150
4910	N11732	C150
4912	N11734	RV12
491A	N1174B	FB1B
491B	N1174C	C82T
491D	N1174E	CH7A
491F	N1174G	J3
4920	N1174H	C82T
4921	N1174J	AC11
4922	N1174K	L8
4924	N1174M	C172
4926	N1174P	PA23
4927	N1174Q	T210
492A	N1174T	BE55
492B	N1174U	BK17
492C	N1174V	BE17
492E	N1174X	C240
492F	N1174Y	AR11
4931	N11740	C150
4937	N11746	C150
4939	N11748	C150
493A	N11749	C150
493C	N1175A	PA18
4940	N1175E	BL8
4943	N1175H	AR15
4945	N1175K	C82S
4947	N1175M	C182
4948	N1175N	FA62
494D	N1175T	BE58
495A	N11756	C177
495F	N1176A	C82S
4963	N1176E	CH7B
4965	N1176G	J3
496E	N1176R	C82T
496F	N1176S	GLID
4970	N1176T	C82T
4971	N1176U	C172
4974	N1176X	PA34
4975	N1176Y	C150
4976	N1176Z	AC50
497D	N11766	C150
4981	N1177	ST75
4982	N1177A	P32R
4983	N1177B	BL8
4986	N1177E	BL8
4987	N1177F	C172
498E	N1177N	LGEZ
4991	N1177R	C182
4992	N1177S	C180
4997	N1177X	P28B
4998	N1177Y	J3
499B	N11771	C177
499C	N11772	C150
499F	N11775	C150
49A3	N11779	C150
49A5	N1178A	SPST
49A7	N1178C	C177
49A9	N1178E	CH7A
49AA	N1178F	C172
49AB	N1178G	AR11
49AC	N1178H	AR15
49AE	N1178K	AR6T
49B0	N1178M	C172
49B1	N1178N	FA62
49B4	N1178R	DHC2
49B5	N1178S	GLID
49B6	N1178T	BE36
49B7	N1178U	T210
49B8	N1178V	BE17
49BA	N1178X	P28A
49BE	N11781	C150
49C3	N11786	C150
49C9	N1179B	L8
49CA	N1179C	RV9
49CC	N1179E	CH7A
49CF	N1179H	AR15
49D0	N1179J	RV9
49D1	N1179K	L8
49D3	N1179M	C172
49D9	N1179T	BE36
49DA	N1179U	C172
49DD	N1179X	P28R
49E9	N11799	C177
49EB	N118A	C185
49EC	N118AA	NAVI
49ED	N118AB	GLIM
49EE	N118AC	BL8
49F0	N118AE	B06
49F2	N118AG	PA46
49F3	N118AH	C185
49F4	N118AJ	AT8T
49F6	N118AL	S22T
49F7	N118AM	SONX
49F9	N118AP	PC12
49FB	N118AR	SR22
49FD	N118AT	PA44
4A01	N118AX	B190
4A05	N118BA	B06
4A06	N118BB	GLID
4A07	N118BC	T18
4A08	N118BD	BDOG
4A0A	N118BF	CRUZ
4A0B	N118BG	VALI
4A0C	N118BH	C340
4A0D	N118BJ	P28A
4A0F	N118BL	PA30
4A12	N118BP	SSTL
4A1C	N118BZ	PA18
4A1D	N118C	MITE
4A1E	N118CA	PA11
4A1F	N118CB	CH7B
4A20	N118CC	PA18
4A21	N118CD	H25B
4A23	N118CF	BE58
4A24	N118CG	SSTL
4A25	N118CH	SR22
4A26	N118CJ	C25A
4A27	N118CK	T18
4A28	N118CL	DV20
4A29	N118CM	BE33
4A2D	N118CR	BEAR
4A2E	N118CS	PA18
4A33	N118CX	HDJT
4A34	N118CY	DA62
4A3A	N118DD	EXEC
4A3B	N118DE	RV6
4A3F	N118DJ	BE18
4A40	N118DK	PA18
4A41	N118DL	H25B
4A43	N118DN	T18
4A46	N118DR	UH1
4A47	N118DS	B77W
4A48	N118DT	T18
4A49	N118DU	BCS1
4A4D	N118DY	A321
4A51	N118EB	S22T
4A53	N118ED	BE55
4A54	N118EE	GLIM
4A56	N118EG	T206
4A59	N118EK	T18
4A5B	N118EM	PA18
4A5F	N118ER	TAMP
4A60	N118ES	P32R
4A61	N118ET	C72R
4A63	N118EV	S22T
4A68	N118F	C170
4A6A	N118FB	U16
4A6D	N118FE	B763
4A79	N118FS	C72R
4A7D	N118FW	B06
4A81	N118G	M7
4A83	N118GB	BE24
4A84	N118GC	SR22
4A87	N118GF	P337
4A8D	N118GM	DA40
4A91	N118GR	T18
4A92	N118GS	SR22
4A93	N118GT	BE9L
4A97	N118GX	GX
4A9B	N118HA	B190
4A9C	N118HB	PA31
4AA2	N118HH	SR22
4AA9	N118HQ	E75L
4AAA	N118HR	C82R
4AB6	N118JC	T18
4ABA	N118JG	PA46
4ABB	N118JH	MUS2
4ABD	N118JK	GLF2
4ABF	N118JM	A139
4AC3	N118JR	RV8
4AC7	N118JV	P46T
4ACC	N118K	C501
4ACD	N118KA	B350
4ACE	N118KB	RV8
4AD8	N118KM	T18
4ADD	N118KS	C72R
4ADE	N118KT	C208
4AE5	N118L	SREY
4AE6	N118LA	BE55
4AE8	N118LC	GLAS
4AF1	N118LM	FB1A
4AF2	N118LN	AS50
4AF7	N118LT	B505
4AFA	N118LW	T18
4AFE	N118M	SONX
4AFF	N118MA	M20P
4B00	N118MB	AS50
4B01	N118MC	PA31
4B02	N118MD	BE99
4B05	N118MG	T18
4B07	N118MJ	GLEX
4B0A	N118MM	C650
4B0F	N118MS	RV8
4B10	N118MT	CL60
4B14	N118MX	S22T
4B17	N118N	BE35
4B1E	N118NG	PC12
4B1F	N118NH	BE33
4B22	N118NL	BE10
4B24	N118NN	A321
4B2D	N118NX	MI24
4B2F	N118NZ	A139
4B31	N118PA	SF34
4B37	N118PG	SR22
4B3E	N118PP	RV12
4B40	N118PR	RV6
4B42	N118PT	C82T
4B45	N118PW	AC50
4B62	N118R	EFOX
4B63	N118RA	C180
4B65	N118RC	M20P
4B66	N118RD	RV8
4B68	N118RF	C208
4B6B	N118RJ	WW24
4B6C	N118RK	LJ45
4B6E	N118RM	C340
4B70	N118RP	GLAS
4B73	N118RS	T210
4B75	N118RU	YK18
4B77	N118RW	C560
4B7C	N118SA	BE18
4B7D	N118SB	BE20
4B7E	N118SC	C82R
4B7F	N118SD	B06
4B82	N118SG	C82R
4B84	N118SJ	VEZE
4B86	N118SL	C82T
4B87	N118SM	PA18
4B89	N118SP	B407
4B8C	N118SS	C150
4B8E	N118SU	CH7B
4B8F	N118SV	C172
4B92	N118SY	E75L
4B94	N118T	TWEN
4B96	N118TB	BE36
4B9B	N118TG	C130
4BA0	N118TM	CH7B
4BA4	N118TR	C68A
4BA8	N118TV	B06
4BA9	N118TW	BE36
4BAA	N118TX	T18
4BB3	N118UF	H25B
4BBE	N118US	A320
4BC1	N118UV	DA40
4BC6	N118V	BE35
4BC7	N118VA	OSCR
4BD6	N118VR	J3
4BD9	N118VU	AA5
4BDF	N118W	RV8
4BE0	N118WA	E110
4BE2	N118WC	PA31
4BE7	N118WH	SR22
4BEB	N118WM	RV8
4BF6	N118WY	HUSK
4BF8	N118X	PTS1
4C1C	N118YL	R44
4C25	N118YV	GLIM
4C45	N1180B	C180
4C49	N1180F	C172
4C4C	N1180J	VO10
4C4D	N1180K	L8
4C4F	N1180M	C172
4C50	N1180N	C172
4C59	N1180X	PA32
4C5E	N11802	C172
4C67	N1181A	B763
4C6B	N1181E	EAGL
4C6C	N1181F	C310
4C6E	N1181H	P28A
4C6F	N1181J	VO10
4C72	N1181M	C172
4C75	N1181Q	T210
4C79	N1181U	C172
4C7A	N1181V	BE17
4C7B	N1181W	B47G
4C7D	N1181Y	PA18
4C80	N11811	BL17
4C83	N11814	J3
4C84	N11815	C150
4C85	N11816	C150
4C8A	N1182A	C182
4C91	N1182H	AR15
4C92	N1182J	VO10
4C93	N1182K	TAYB
4C95	N1182M	C172
4C9A	N1182S	GLID
4C9C	N1182U	C172
4C9F	N1182X	FOX
4CA3	N11821	C150
4CA5	N11823	C177
4CA6	N11824	C150
4CA7	N11825	C177
4CA8	N11826	C150
4CAA	N11828	C177
4CAC	N1183	BE55
4CAD	N1183A	BE35
4CAF	N1183C	C177
4CB1	N1183E	BL8
4CB2	N1183F	C172
4CB3	N1183G	PA31
4CB4	N1183H	AR15
4CB6	N1183K	L8
4CB8	N1183M	C82T
4CBB	N1183Q	T210
4CBF	N1183U	C172
4CC3	N1183Y	C150
4CCE	N11839	C150
4CCF	N1184	WAC9
4CD1	N1184B	L8
4CD2	N1184C	PA18
4CD4	N1184E	CH7A
4CD5	N1184F	C172
4CD6	N1184G	B350
4CD8	N1184J	BE36
4CD9	N1184K	L8
4CDC	N1184N	C82S
4CDE	N1184Q	T210
4CE3	N1184V	BE17
4CE4	N1184W	B47G
4CE5	N1184X	P28A
4CE8	N11840	C150
4CE9	N11841	C150
4CED	N11845	C177
4CEE	N11846	C150
4CF1	N11849	C150
4CF2	N1185	C185
4CF3	N1185A	PA18
4CF4	N1185B	L8
4CF6	N1185D	RV4
4CF8	N1185F	C172
4CFA	N1185H	P28A
4CFB	N1185J	VO10
4CFE	N1185M	C172
4D03	N1185S	GLID
4D04	N1185T	C185
4D06	N1185V	BE17
4D08	N1185X	P28A
4D09	N1185Y	C150
4D0C	N11851	ACAM
4D0F	N11854	CH7A
4D1A	N1186E	BL8
4D1B	N1186F	C172
4D1D	N1186H	AR15
4D1F	N1186J	B350
4D26	N1186S	GLID
4D27	N1186T	C82T
4D2F	N11861	CH7A
4D31	N11863	BE18
4D36	N11868	CH7B
4D3B	N1187C	C177
4D3D	N1187E	CH7A
4D42	N1187K	PA31
4D44	N1187M	C172
4D49	N1187S	GLID
4D4A	N1187T	C82S
4D4B	N1187U	C172
4D4C	N1187V	RELI
4D51	N11870	BL8
4D57	N11876	C150
4D5B	N1188	C310
4D5D	N1188B	L8
4D5E	N1188C	RV10
4D61	N1188F	C172
4D62	N1188G	C425
4D63	N1188H	AR15
4D66	N1188L	C172
4D67	N1188M	C172
4D68	N1188N	C82R
4D6C	N1188S	GLID
4D6D	N1188T	P28A
4D6E	N1188U	C172
4D71	N1188X	P28R
4D72	N1188Y	PA30
4D74	N11880	C150
4D77	N11883	C150
4D7A	N11886	C150
4D7E	N1189	R44
4D81	N1189C	PA18
4D83	N1189E	CH7A
4D87	N1189J	VO10
4D8A	N1189M	C310
4D8C	N1189P	PA23
4D8F	N1189S	GLID
4D93	N1189W	C82S
4D95	N1189Y	C82S
4D98	N11891	C150
4D99	N11892	C150
4D9A	N11893	C150
4D9D	N11896	C180
4D9F	N11898	PC12
4DA0	N11899	C150
4DA1	N119	CC19
4DA4	N119AB	BE95
4DA5	N119AC	BE58
4DA7	N119AE	B06
4DA8	N119AF	GLF4
4DAD	N119AL	SR22
4DAE	N119AM	SSTL
4DAF	N119AN	SR20
4DB0	N119AP	GLIM
4DB2	N119AR	BE20
4DB4	N119AT	PA38
4DB6	N119AV	P28A
4DB7	N119AW	L29
4DB8	N119AX	B190
4DBE	N119BC	BL8
4DBF	N119BD	O1
4DC1	N119BF	CRUZ
4DC4	N119BJ	DA42
4DC5	N119BK	S22T
4DD0	N119BW	VTRA
4DD4	N119C	MITE
4DD5	N119CA	C82S
4DD6	N119CB	CAML
4DD7	N119CC	PA18
4DDB	N119CG	J3
4DDD	N119CJ	C25A
4DDE	N119CK	ACAM
4DDF	N119CL	WAIX
4DE0	N119CM	EAGL
4DE4	N119CR	C82S
4DE5	N119CS	C82S
4DE6	N119CT	LA4
4DED	N119D	BE55
4DEE	N119DA	DA62
4DEF	N119DB	E300
4DF0	N119DC	C172
4DF1	N119DD	BE35
4DF5	N119DH	C172
4DF8	N119DL	GLST
4DFA	N119DN	A321
4DFB	N119DP	T6
4DFF	N119DT	CL35
4E00	N119DU	BCS1
4E06	N119E	PA24
4E09	N119EC	FA62
4E0A	N119ED	BE35
4E10	N119EK	AA5
4E14	N119EP	E55P
4E1B	N119EW	BE36
4E21	N119FB	U16
4E22	N119FC	A119
4E24	N119FE	B763
4E2B	N119FM	GLF4
4E2F	N119FR	C172
4E30	N119FS	FOX
4E3F	N119GG	P28R
4E49	N119GS	P32R
4E4E	N119GX	GX
4E51	N119H	P51
4E5C	N119HL	PULS
4E5F	N119HP	P28A
4E60	N119HQ	E75L
4E6A	N119J	JAB4
4E6C	N119JB	BE35
4E6E	N119JD	P28A
4E6F	N119JE	GLF4
4E71	N119JG	GLID
4E73	N1199JJ	GL5T
4E75	N119JL	C182
4E76	N119JM	PTS2
4E78	N119JP	PIAT
4E7A	N119JR	S22T
4E7B	N119JS	BE35
4E7C	N119JT	SRAI
4E7F	N119JW	AT8T
4E83	N119K	C82S
4E84	N119KA	BE20
4E85	N119KB	CH60
4E91	N119KP	AT6T
4E92	N119KQ	K100
4E94	N119KS	C72R
4E95	N119KT	RV10
4E9F	N119LC	C550
4EA4	N119LH	O1
4EA6	N119LK	SR22
4EA8	N119LM	M20P
4EAD	N119LS	C82T
4EAE	N119LT	GLID
4EB1	N119LW	A119
4EB6	N119MA	NG5
4EB7	N119MB	M20P
4EB8	N119MC	BE20
4EBB	N119MF	B407
4EBD	N119MH	RV8
4EBE	N119MJ	R44
4EBF	N119MK	SR20
4EC0	N119ML	H25B
4EC6	N119MS	C210
4EC7	N119MT	EC35
4ECA	N119MW	A139
4ECF	N119NA	B752
4EDB	N119NN	A321
4EDE	N119NR	UH12
4EE4	N119NX	ONEX
4EE5	N119NY	A119
4EE7	N119P	C172
4EE8	N119PA	C402
4EE9	N119PB	BIPL
4EEA	N119PC	M20P
4EEC	N119PE	COL4
4EF0	N119PJ	WAIX
4EF3	N119PM	P46T
4EF5	N119PP	O1
4EF7	N119PR	VTRA
4EF8	N119PS	GALX
4EFC	N119PW	C172
4F04	N119QD	PC12
4F19	N119R	AA1
4F1A	N119RA	Z37P
4F1B	N119RB	BE35
4F1F	N119RF	C208
4F20	N119RG	RV12
4F23	N119RK	C182
4F25	N119RM	C750
4F27	N119RP	SR20
4F2A	N119RS	VTRA
4F2B	N119RT	T28
4F2D	N119RV	RV9
4F2E	N119RW	A119
4F33	N119SA	BE9L
4F39	N119SG	CH7B
4F3C	N119SK	C414
4F3D	N119SL	B350
4F3E	N119SM	R44
4F40	N119SP	B407
4F42	N119SR	SREY
4F43	N119SS	C150
4F44	N119ST	AA5
4F45	N119SU	CH7B
4F47	N119SW	WACF
4F48	N119SX	A119
4F49	N119SY	E75L
4F4B	N119T	H500
4F4D	N119TB	RV7
4F4E	N119TC	BE40
4F56	N119TL	BE20
4F59	N119TP	P46T
4F5C	N119TS	PTS1
4F5D	N119TT	BE35
4F5F	N119TV	AS50
4F60	N119TW	BE58
4F61	N119TX	CH7A
4F64	N119U	H25C
4F75	N119US	A320
4F76	N119UT	PC12
4F78	N119UV	DA40
4F7E	PT-TCG	AS50
4F83	N119VF	P51
4F8F	N119VT	VELT
4F96	N119W	BE35
4F97	N119WA	E110
4F98	N119WB	RV9
4F99	N119WC	C180
4F9D	N119WG	A119
4FA0	N119WK	PA46
4FA4	N119WP	HUSK
4FAB	N119WW	O1
4FAD	N119WY	HUSK
4FAE	N119WZ	SR22
4FC8	N119Y	WACO
4FFD	N1190C	PA18
4FFE	N1190D	C82S
5000	N1190F	C172
5001	N1190G	AA5
5002	N1190H	P28A
5003	N1190J	VO10
5004	N1190K	L8
5006	N1190M	C172
5009	N1190Q	C210
500A	N1190R	HDJT
500B	N1190S	GLID
500C	N1190T	AA5
5015	N11902	AA5
5018	N11905	AA5
5019	N11906	C150
501A	N11907	C177
501C	N11909	C150
501E	N1191A	BE56
501F	N1191B	L8
5020	N1191C	C177
5021	N1191D	BE58
5022	N1191E	CH7A
5023	N1191F	C172
5025	N1191H	P28A
5026	N1191J	VO10
5028	N1191L	AA5
5029	N1191M	C172
502A	N1191N	AA5
502C	N1191Q	T206
502E	N1191S	GLID
5031	N1191V	T206
5035	N1191Z	AA5
5037	N11911	DSA1
5039	N11913	C150
503C	N11916	CH7A
5041	N1192A	PA18
5042	N1192B	L8
5043	N1192C	PA18
5044	N1192D	AA5
5045	N1192E	AA5
5048	N1192H	AR15
5049	N1192J	AA5
504B	N1192L	AA5
504C	N1192M	C172
504D	N1192N	AA5
504E	N1192P	AA5
5051	N1192S	C82T
5052	N1192T	AA5
5054	N1192V	BE17
5056	N1192X	PA32
5057	N1192Y	AA5
5060	N11927	C150
5064	N1193A	AA5
5065	N1193B	L8
5067	N1193D	AA5
5068	N1193E	AA5
5069	N1193F	C172
506C	N1193J	VO10
506F	N1193M	C172
5070	N1193N	ST75
5073	N1193R	C82T
5077	N1193V	AA5
507F	N11933	AA5
5080	N11934	AA5
5081	N11935	C150
5082	N11936	C150
5084	N11938	C150
5086	N1194	GLID
5087	N1194A	BE36
5088	N1194B	L8
508A	N1194D	AA5
508D	N1194G	TRDO
508E	N1194H	P28R
508F	N1194J	VO10
5092	N1194M	C172
5093	N1194N	AA5
5095	N1194Q	T206
5096	N1194R	C82T
5098	N1194T	AA5
509B	N1194W	C82T
509C	N1194X	PA34
509E	N1194Z	AA5
509F	N11940	C150
50A1	N11942	C150
50A3	N11944	C150
50A4	N11945	AA5
50A5	N11946	C150
50AA	N1195A	PA18
50B0	N1195G	AA5
50B3	N1195K	AA5
50B4	N1195L	AA5
50B5	N1195M	C182
50B6	N1195N	P40
50B7	N1195P	R44
50BB	N1195T	BE36
50BC	N1195U	C172
50BD	N1195V	BE17
50C2	N11950	C177
50C4	N11952	C150
50C5	N11953	C150
50C9	N11957	C150
50CB	N11959	C150
50CC	N1196	GLID
50CD	N1196A	AA5
50CF	N1196C	AA5
50D0	N1196D	C152
50D1	N1196E	CH7A
50D3	N1196G	AA5
50D5	N1196J	AA5
50D6	N1196K	L8
50D7	N1196L	AA5
50DD	N1196S	GLID
50DE	N1196T	AA5
50DF	N1196U	C172
50E0	N1196V	BE17
50E1	N1196W	AA5
50E2	N1196X	P28A
50E3	N1196Y	C150
50E7	N11962	C150
50ED	N11968	C177
50EE	N11969	AA5
50F0	N1197A	PA18
50F1	N1197B	L8
50F2	N1197C	PA18
50F4	N1197E	CH7A
50F5	N1197F	C185
50F6	N1197G	AA5
50F9	N1197K	L8
50FA	N1197L	T206
50FB	N1197M	C182
50FD	N1197P	PA23
50FE	N1197Q	AA5
5102	N1197U	C172
5103	N1197V	C172
5105	N1197X	P28A
5106	N1197Y	EXEC
5107	N1197Z	AA5
5108	N11970	C150
5109	N11971	C150
510C	N11974	C150
5112	N1198	PA18
5118	N1198F	C172
5119	N1198G	GAZL
511A	N1198H	P32R
511C	N1198K	L8
511E	N1198M	C172
5125	N1198U	AA5
5128	N1198X	P28A
512A	N1198Z	COL4
5135	N1199	AT75
5137	N1199B	L8
5139	N1199D	C172
513A	N1199E	BL8
513D	N1199H	C172
5143	N1199P	KR2
5144	N1199Q	C185
5148	N1199U	T210
514D	N1199Z	S22T
5150	N11992	SA3
5153	N11995	C182
5157	N11999	M20P
5158	N12	BE9L
515C	N12AC	RV8
515D	N12AD	RV4
515E	N12AE	B06
5161	N12AH	H25B
5162	N12AJ	PC24
5163	N12AK	GLST
5164	N12AL	PTS1
5165	N12AM	C56X
5169	N12AR	PC12
516A	N12AS	C185
516B	N12AT	B06
516D	N12AV	BE33
516E	N12AW	T206
516F	N12AX	BE9L
5170	N12AY	EUPA
5172	N12B	BE36
5173	N12BA	C750
5174	N12BB	RV12
5175	N12BC	C182
5177	N12BE	M5
5178	N12BF	AEST
517A	N12BH	DHC1
517B	N12BJ	C172
517D	N12BL	PISI
517F	N12BN	VEZE
5181	N12BQ	B06
5182	N12BR	BE35
5185	N12BU	BE55
5187	N12BW	RV7
518F	N12CD	SR20
5191	N12CF	DA40
5192	N12CG	LGEZ
5193	N12CH	C182
5194	N12CJ	S05R
5195	N12CK	PTS2
5197	N12CM	RV8
5199	N12CP	ACED
519B	N12CR	C421
519C	N12CS	RV12
519F	N12CV	C501
51A1	N12CX	RC3
51A2	N12CY	C310
51A5	N12DA	AT8T
51A7	N12DC	HDJT
51AA	N12DF	CH7A
51AC	N12DH	PC12
51AD	N12DJ	BIPL
51AE	N12DK	BE95
51B0	N12DM	C185
51B2	N12DP	SA30
51B5	N12DS	RV4
51B7	N12DU	T206
51BA	N12DX	RS12
51BB	N12DY	PTMS
51BC	N12DZ	PC12
51BE	N12EA	C152
51BF	N12EB	SF50
51C0	N12EC	CL35
51C2	N12EE	C82S
51C5	N12EH	SA11
51C7	N12EK	ST75
51C8	N12EL	GLID
51C9	N12EM	BE35
51CD	N12ER	P28A
51CF	N12ET	LGEZ
51D1	N12EV	PA46
51D2	N12EW	B06
51D6	N12F	C680
51D7	N12FA	PC12
51D9	N12FC	BE77
51DB	N12FE	LNC2
51DC	N12FF	P28R
51DD	N12FG	BE36
51DE	N12FH	BE50
51DF	N12FJ	C182
51E2	N12FM	P28A
51E4	N12FP	VO10
51E5	N12FQ	AS50
51E6	N12FR	ST75
51E7	N12FS	PA30
51E8	N12FT	GLIM
51EE	N12FZ	SR20
51F0	N12GA	AA5
51F1	N12GB	BE35
51F2	N12GC	RV4
51F4	N12GE	PA23
51F5	N12GF	PA31
51F8	N12GJ	BE9L
51FA	N12GL	G2T1
51FB	N12GM	FOX
51FC	N12GN	PTS1
51FF	N12GR	HUSK
5200	N12GS	C25B
5201	N12GT	S22T
5202	N12GU	GLID
5206	N12GY	C25A
5207	N12GZ	C188
5209	N12HA	GLIM
520A	N12HB	C77R
520B	N12HC	LA4
520D	N12HE	RV9
5210	N12HH	SA30
5211	N12HJ	BE36
5214	N12HM	BE35
5215	N12HN	RV12
5216	N12HP	C82T
5218	N12HR	RV4
5219	N12HS	SF28
521A	N12HT	GLST
521B	N12HU	HUSK
521D	N12HW	M20P
521E	N12HX	B407
521F	N12HY	HUSK
5220	N12HZ	C172
5225	N12JD	PC12
5226	N12JE	BE36
5228	N12JG	P210
522B	N12JK	C56X
522C	N12JL	PA23
522D	N12JM	C172
5231	N12JR	CH75
5232	N12JS	LJ75
5233	N12JT	C150
5235	N12JV	RV3
5236	N12JW	B06
5237	N12JX	PTS2
5239	N12JZ	M20P
523B	N12KA	FOX
523C	N12KB	C172
523E	N12KD	BL8
5240	N12KF	C210
5245	N12KL	GLIM
5246	N12KM	C182
5247	N12KN	C421
524B	N12KS	BE55
524C	N12KT	RV7
524F	N12KW	PA46
5251	N12KY	T6
5254	N12LA	BE9L
5255	N12LB	SRAI
5256	N12LC	SR22
5257	N12LD	C560
525A	N12LG	RV6
525F	N12LM	PTS2
5261	N12LP	M7
5262	N12LQ	C560
5263	N12LR	C182
5266	N12LU	SS2T
5267	N12LV	AEST
5269	N12LX	F2TH
526B	N12LZ	LGEZ
526C	N12M	RV6
526D	N12MA	TBM7
526F	N12MC	DHC2
5270	N12MD	BE95
5272	N12MF	SW3
5273	N12MG	C25C
5275	N12MJ	C172
5276	N12MK	C421
5277	N12ML	E55P
5278	N12MM	C150
527A	N12MP	PA30
527E	N12MT	BE95
5280	N12MV	RV4
5281	N12MW	FA7X
5282	N12MX	SRAI
5283	N12MY	K100
5285	N12N	WAIX
5288	N12NC	LGEZ
528B	N12NF	PC12
528C	N12NG	BE20
528D	N12NH	ERCO
5292	N12NN	AS50
5293	N12NP	B06
5296	N12NS	C525
5297	N12NT	EVOT
5299	N12NV	PC12
529A	N12NW	AEST
529C	N12NY	EC20
529E	N12P	SA30
52A2	N12PD	RV12
52A4	N12PF	T210
52A5	N12PG	M7
52A6	N12PH	DSA1
52A7	N12PJ	P28R
52AA	N12PM	BE35
52AB	N12PN	CH7B
52AC	N12PP	BE60
52AF	N12PS	PA44
52B2	N12PV	BE36
52B3	N12PW	C210
52B4	N12PX	AEST
52B5	N12PY	BABY
52B6	N12PZ	AA5
52B7	N12Q	C402
52C5	N12QP	FA50
52C7	N12QR	HUSK
52C8	N12QS	C56X
52CC	N12QW	PTS2
52D0	N12R	G2T1
52D3	N12RC	BE35
52D5	N12RE	EAGL
52D6	N12RF	C210
52D8	N12RH	R44
52D9	N12RJ	C421
52DB	N12RL	C25M
52DC	N12RM	C510
52DE	N12RP	LJ35
52E1	N12RS	SONX
52E3	N12RU	GLID
52E8	N12RZ	GLST
52E9	N12S	C550
52EA	N12SA	C172
52EB	N12SB	C340
52ED	N12SD	SA30
52EE	N12SE	EAGL
52EF	N12SF	LA4
52F5	N12SM	RV12
52F6	N12SN	M20T
52F7	N12SP	B430
52F9	N12SR	BE60
52FA	N12SS	C25C
52FB	N12ST	P32R
52FC	N12SU	SU26
52FE	N12SW	DSA1
52FF	N12SX	SONX
5300	N12SY	H25B
5302	N12T	T206
5303	N12TA	PA22
5304	N12TB	COUR
5305	N12TC	P28A
5307	N12TE	HUSK
5308	N12TF	S22T
530A	N12TH	H500
530B	N12TJ	RV8
530F	N12TN	BL8
5310	N12TP	BE35
5311	N12TQ	HUSK
5312	N12TR	AA5
5313	N12TS	LGEZ
5316	N12TV	EC20
5319	N12TY	C172
531A	N12TZ	AEST
531C	N12UA	DHC2
5321	N12UF	GLIM
5325	N12UK	P337
532F	N12UV	EN28
5334	N12V	T6
5335	N12VA	AC95
5336	N12VB	C501
5339	N12VE	VEZE
533A	N12VF	GLIM
533B	N12VG	AA1
533D	N12VJ	SF50
533F	N12VL	C310
5340	N12VM	C210
5341	N12VN	RV12
5342	N12VP	B350
5343	N12VQ	LJ45
5344	N12VR	M7
5345	N12VS	RV7
5347	N12VU	C680
534B	N12VY	GLID
534D	N12W	GLID
5351	N12WD	C210
5355	N12WH	C501
5356	N12WJ	RS12
5357	N12WK	T18
5358	N12WL	BE95
535A	N12WN	RV6
535D	N12WR	C182
535E	N12WS	VELO
535F	N12WT	C421
5364	N12WY	SSTL
5365	N12WZ	TB21
5366	N12X	PC12
5368	N12XB	RV12
5369	N12XC	SRAI
536B	N12XE	RC3
536D	N12XG	AC11
5370	N12XK	RV12
5371	N12XL	M20P
5373	N12XN	PC12
5374	N12XP	BE40
5377	N12XS	PTMS
537A	N12XV	C208
537C	N12XX	YK52
537D	N12XY	COL4
537F	N12Y	M20P
5380	N12YA	B505
5381	N12YB	RV4
5383	N12YD	COY2
5384	N12YE	RV12
5388	N12YJ	AS50
5389	N12YK	YK12
538F	N12YR	GLST
5390	N12YS	RV10
5397	N12YZ	G73
5398	N12Z	SA70
5399	N12ZA	Z43
539A	N12ZB	GLIM
539B	N12ZC	RV12
539E	N12ZF	PA18
539F	N12ZG	SR20
53A0	N12ZH	R66
53A6	N12ZP	RV7
53A8	N12ZR	M20T
53AE	N12ZX	M20P
53B0	N12ZZ	S22T
53B1	N120	GLIM
53B4	N120AB	R44
53B8	N120AF	R44
53B9	N120AG	M5
53BA	N120AH	PC12
53BB	N120AJ	EC20
53BF	N120AN	RV9
53C5	N120AU	AJET
53CB	N120B	BE55
53CC	N120BA	A5
53CD	N120BB	GLID
53CE	N120BC	P210
53CF	N120BD	M20P
53D0	N120BE	EC20
53D1	N120BF	CRUZ
53D3	N120BH	N3N
53D4	N120BJ	P28A
53D6	N120BL	GLIM
53D7	N120BM	C120
53DC	N120BS	WAIX
53E1	N120BX	B06
53E3	N120BZ	E190
53E4	N120C	MITE
53E5	N120CA	CH7A
53E6	N120CB	C680
53E7	N120CC	JAB4
53E8	N120CD	P28R
53E9	N120CE	C120
53EA	N120CF	PA18
53EC	N120CH	EC20
53F0	N120CM	C120
53F2	N120CP	RV8
53F4	N120CR	EC20
53F6	N120CT	RV12
53F7	N120CU	EC20
53F9	N120CW	C120
53FD	N120D	PA23
53FF	N120DB	BE36
5400	N120DC	C120
5401	N120DD	FOX
5402	N120DE	EC20
5403	N120DF	RV7
5404	N120DG	P32R
5405	N120DH	C172
5408	N120DL	EC20
5409	N120DM	PA32
540A	N120DN	A321
540E	N120DS	DA40
540F	N120DT	S76
5410	N120DU	BCS1
5412	N120DW	GLIM
5413	N120DX	RV12
5416	N120E	PTS1
5419	N120EC	EC20
541B	N120EE	A321
5432	N120FC	UH1
5434	N120FE	B763
5440	N120FS	BE20
5441	N120FT	C510
5444	N120FW	PA46
5448	N120G	M7
5449	N120GA	G280
544D	N120GE	HDJT
544E	N120GF	HDJT
5458	N120GR	C82S
545E	N120GX	M20P
5462	N120HA	C340
5463	N120HB	RV12
5467	N120HF	HDJT
546C	N120HL	E120
546F	N120HP	C82T
5470	N120HQ	E75L
5473	N120HT	C120
547A	N120J	SX30
547D	N120JC	CL30
547E	N120JD	PA31
5480	N120JF	S22T
5482	N120JH	T206
5483	N120JJ	GLF4
5487	N120JN	C120
5488	N120JP	C550
548F	N120JW	H25B
5494	N120KA	HDJT
5499	N120KF	C120
549B	N120KH	PA18
54A1	N120KP	AT6T
54A2	N120KQ	K100
54A5	N120KT	RV4
54AC	N120L	C120
54AD	N120LA	B412
54AF	N120LC	PA11
54B0	N120LD	NAVI
54B7	N120LL	RV12
54B8	N120LM	RV9
54BA	N120LP	PA31
54BD	N120LS	ECHO
54C1	N120LW	GLF5
54C5	N120M	WAIX
54C6	N120MA	C120
54C7	N120MB	RV14
54C8	N120MC	TAMP
54CB	N120MF	SYMP
54CD	N120MH	EC20
54CF	N120MK	RV12
54D0	N120ML	PA31
54D1	N120MM	HDJT
54D3	N120MP	BE35
54D7	N120MT	SF50
54DA	N120MW	GLID
54DB	N120MX	SR20
54DD	N120MZ	C120
54E1	N120NC	BE20
54E3	N120NE	DC91
54E5	N120NG	DA40
54EC	N120NP	RLU1
54EF	N120NS	YK52
54F4	N120NX	MI24
54F5	N120NY	A119
54F7	N120P	BE20
54F8	N120PA	BE58
54FA	N120PC	C402
54FB	N120PD	EC20
54FC	N120PE	PC12
54FD	N120PF	PA44
54FE	N120PG	C120
5509	N120PT	PA46
550B	N120PV	GLIM
550C	N120PW	P28A
5514	N120QD	PC12
5521	N120QS	GL5T
5529	N120R	RV12
552A	N120RA	FA20
552D	N120RD	BE50
552F	N120RF	EC20
5531	N120RH	PA44
5534	N120RL	BE20
5535	N120RM	PTMS
5537	N120RP	BE9L
553A	N120RS	GLID
553D	N120RV	RV12
553E	N120RW	C120
5542	N120S	PA24
5543	N120SA	C310
5544	N120SB	GLF4
5548	N120SF	ECHO
5549	N120SG	CH7A
554A	N120SH	UH1
554B	N120SJ	RV8
554C	PR-FUZ	PAY2
5550	N120SP	BE60
5552	N120SR	SA30
5553	N120SS	C150
5555	N120SU	C172
5559	N120SY	E75L
555B	N120T	PA18
555C	N120TA	GLIM
555F	N120TD	PC6T
5562	N120TG	C130
5565	N120TK	SR20
5566	N120TL	CH75
5567	N120TM	SW3
556E	N120TU	C120
5570	N120TW	M20T
5575	N120UA	B744
5577	N120UC	B190
5582	N120UP	A306
558E	PP-MLM	AS50
5598	N120VL	BOLT
559F	N120VT	EC20
55A2	N120VW	C120
55A7	N120WA	E110
55A8	N120WB	GLIM
55A9	N120WC	WACF
55AB	N120WE	C82T
55AF	N120WJ	GLF4
55B1	N120WL	PC12
55B2	N120WM	BE35
55B4	N120WP	SR22
55B8	N120WT	BT36
55BB	N120WW	P46T
55BF	N120X	C120
55D8	N120Y	C120
5609	N120ZZ	PA18
560A	N1200	GLID
560B	N1200A	PA18
560D	N1200C	PA22
560F	N1200E	CH7A
5611	N1200G	C150
5612	N1200H	FOX
5614	N1200K	B763
5615	N1200L	C150
5617	N1200N	C550
561A	N1200R	KMAX
561B	N1200S	GLID
561D	N1200U	C172
561E	N1200V	C172
561F	N1200W	KMAX
5620	N1200X	M20P
5621	N1200Y	C150
5623	N12000	C182
5624	N12001	KMAX
5625	N12002	WACF
5626	N12003	B78X
5627	N12004	B78X
5628	N12005	B78X
5629	N12006	B78X
562B	N12008	M4
562D	N1201	GLIM
5632	N1201E	C172
5633	N1201F	C172
5636	N1201J	M20P
5637	N1201K	L8
563B	N1201P	B763
563E	N1201S	M20P
563F	N1201T	M20P
5641	N1201V	M20P
5642	N1201W	B47G
5645	N1201Z	B47G
5646	N12010	B78X
5647	N12011	M4
5648	N12012	B78X
564B	N12015	M4
564C	N12016	M4
564D	N12017	M4
564E	N12018	M4
5650	N1202	GLID
5651	N1202A	PA18
5653	N1202C	GA5C
5655	N1202E	CH7A
5657	N1202G	C310
5659	N1202J	VO10
565B	N1202L	LA4
565E	N1202P	P212
5665	N1202W	B47G
5666	N1202X	M20P
5668	N1202Z	GLIM
5669	N12020	B78X
566A	N12021	B78X
566F	N12026	M4
5670	N12027	M4
5671	N12028	A319
5672	N12029	M4
5676	N1203C	C177
5679	N1203F	C172
567A	N1203G	C414
567E	N1203L	LA4
567F	N1203M	ST75
5680	N1203N	AC80
5682	N1203Q	C150
5685	N1203T	P28A
5686	N1203U	C210
5688	N1203W	C310
5689	N1203X	M20P
568A	N1203Y	C150
568D	N12031	M4
568E	N12032	M4
568F	N12033	RV6
5690	N12034	TAIL
5694	N12038	TAIL
5696	N1204	P51
5699	N1204C	C82S
569E	N1204H	AR15
569F	N1204J	VO10
56A1	N1204L	LA4
56A4	N1204P	PA23
56A5	N1204Q	T206
56A8	N1204T	P28A
56AC	N1204X	M20P
56AE	N1204Z	BE35
56B4	N12045	RV6
56BB	N1205B	C210
56BC	N1205C	C177
56BE	N1205E	CH7A
56C0	N1205G	C310
56C2	N1205J	C162
56C5	N1205M	F2TH
56C7	N1205P	J3
56CA	N1205S	BE9L
56CB	N1205T	P28A
56CC	N1205U	C172
56CF	N1205X	M20P
56D1	N1205Z	C525
56D4	N12052	GLID
56D7	N12055	T18
56DC	N1206	T206
56DD	N1206A	PA30
56E0	N1206D	S22T
56E1	N1206E	CH7B
56E2	N1206F	C185
56E3	N1206G	UH1
56E7	N1206L	B06
56E8	N1206M	ST75
56E9	N1206N	C421
56EA	N1206P	RS20
56ED	N1206S	SS2P
56EE	N1206T	P28A
56EF	N1206U	C172
56F2	N1206X	M20P
56F8	N12063	N3N
56F9	N12064	C172
56FB	N12066	GLAS
56FF	N1207	ST75
5702	N1207C	SR22
5704	N1207E	BL8
5707	N1207H	P28A
5709	N1207K	L8
570D	N1207P	PA23
5712	N1207U	C172
5715	N1207X	ALBU
571B	N12073	PTS1
571E	N12076	L39
571F	N12077	C182
5726	N1208D	C170
5727	N1208E	CH7A
572A	N1208H	P28A
572C	N1208K	L8
5730	N1208P	COY2
5731	N1208Q	CRER
5735	N1208U	NAVI
5738	N1208X	M20P
5739	N1208Y	C150
573A	N1208Z	BE95
573D	N12082	C172
5746	N1209A	PA18
5749	N1209D	H60
574A	N1209E	CH7A
574C	N1209G	GL7T
574D	N1209H	AR15
5750	N1209L	LA4
5751	N1209M	C182
5752	N1209N	ST75
575E	N12090	C172
575F	N12091	C172
5761	N12093	EXEC
5763	N12095	C177
5765	N12097	C172
5766	N12098	C172
5767	N12099	RV12
5768	N121	COZY
5769	N121A	RV4
576A	N121AA	AT6T
576C	N121AC	S22T
576F	N121AF	BE58
5770	N121AG	E400
5771	N121AH	R44
5773	N121AK	DHC2
5775	N121AM	BE33
5776	N121AN	A321
5777	N121AP	GLF4
5778	N121AQ	C421
5779	N121AR	IR23
577A	N121AS	M20P
577B	N121AT	C750
577D	N121AV	P28A
577E	N121AW	FOX
5782	N121B	BE9L
5784	N121BB	PA18
5785	N121BC	T34P
5786	N121BD	C414
5787	N121BE	BE35
578C	N121BK	C310
578D	N121BL	BE58
578E	N121BM	FOX
5790	N121BP	PUP
5792	N121BR	SR22
5794	N121BT	B06
5797	N121BW	BE95
579A	N121BZ	FA50
579B	N121C	SLG4
579D	N121CB	C340
57A0	N121CE	C210
57A4	N121CJ	DA40
57A6	N121CL	GL7T
57A7	N121CM	C208
57A8	N121CN	C550
57AB	N121CR	GLAS
57B0	N121CW	C172
57B3	N121CZ	E120
57B4	N121D	BE33
57B5	N121DA	S22T
57B6	N121DB	P28R
57B7	N121DC	TLEG
57B8	N121DD	MUS2
57BC	N121DH	BOLT
57BE	N121DK	BE20
57C2	N121DP	GLIM
57C4	N121DR	C310
57C5	N121DS	RV6
57C6	N121DT	LGEZ
57C7	N121DU	BCS1
57C9	N121DW	BN2P
57CC	N121DZ	A321
57CD	N121E	M20P
57D0	N121EC	C177
57D1	N121ED	BL17
57D2	N121EE	C185
57D3	N121EF	GLF6
57D5	N121EH	SSTL
57D9	N121EM	C182
57DB	N121EP	SR22
57DD	N121ER	TAMP
57DE	N121ES	P28A
57E2	N121EW	P337
57E6	N121F	C180
57E7	N121FA	C82S
57E8	N121FB	U16
57E9	N121FC	UH1
57EB	N121FE	B763
57ED	N121FG	HIGH
57F1	N121FL	GLIM
57F8	N121FT	P28A
57F9	N121FU	HIGH
57FB	N121FW	CRER
57FF	N121G	EA50
5800	N121GA	SR22
5801	N121GB	C172
5802	N121GC	YK50
5803	N121GD	H60
5807	N121GH	P32R
5808	N121GJ	BE58
5809	N121GK	RV4
580A	N121GL	B738
580D	N121GP	PA46
580F	N121GR	PTS2
5810	N121GS	C82S
5814	N121GW	GLIM
5815	N121GX	GX
5818	N121H	RV12
5819	N121HA	C208
581A	N121HB	TBM7
581B	N121HC	SR22
581D	N121HE	PA32
5820	N121HH	HUSK
5821	N121HJ	HDJT
5823	N121HL	C550
5826	N121HP	GC1
5827	N121HQ	E75L
5829	N121HS	VELO
582A	N121HT	SR22
5832	N121JA	GLAS
5833	N121JB	S22T
5834	N121JC	HROC
5837	N121JF	BE33
5838	N121JG	BE9L
583C	N121JL	EAGL
583F	N121JP	BE9L
5841	N121JR	T210
5843	N121JT	P32R
5845	N121JV	WACF
5846	N121JW	AC90
5849	N121JZ	MAGN
584A	N121K	MIMU
584B	N121KA	C172
5856	N121KM	C550
585B	N121KS	C180
585C	N121KT	DHC2
5861	N1203P	P212
5864	N121LA	C310
5865	N121LB	BE20
5866	N121LC	RV6
5867	N121LD	C82T
5869	N121LF	FDCT
586A	N121LG	BE95
586B	N121LH	PAY3
586C	N121LJ	LJ31
586E	N121LL	T206
5871	N121LP	B06
5878	N121LW	S22T
587C	N121M	C182
587D	N121MA	P46T
587F	N121MC	L5
5880	N121MD	P28A
5881	N121ME	R44
5882	N121MF	BE9L
5883	N121MG	MG21
5885	N121MJ	C550
5889	N121MN	RV6
588A	N121MP	AA1
588D	N121MS	C172
5891	N121MW	GLID
5892	N121MX	H60
5895	N121N	S108
5898	N121NC	S76
589C	N121NG	DA40
589D	N121NH	FOX
58A6	N121NS	P46T
58A8	N121NU	GLF6
58AA	N121NW	SLG4
58AF	N121PA	M20P
58B0	N121PB	C402
58B2	N121PD	EC20
58B3	N121PE	BT36
58B4	N121PF	RV4
58B5	N121PG	RV7
58B6	N121PH	M20T
58B7	N121PJ	SVNH
58B8	N121PK	GLST
58BA	N121PM	DHC6
58BE	N121PR	RV7
58BF	N121PS	PA11
58C0	N121PT	UH1
58C3	N121PW	P28A
58C6	N121PZ	E50P
58D8	N121QS	GL5T
58E0	N121R	ST75
58E1	N121RA	C182
58E2	N121RB	SR22
58E4	N121RD	C180
58E7	N121RG	AS50
58E9	N121RJ	T210
58EA	N121RK	FOX
58EB	N121RL	M20P
58EC	N121RM	SA75
58EE	N121RP	M20P
58F1	N121RS	GL7T
58F2	N121RT	SF50
58F4	N121RV	RV6
58F5	N121RW	BE33
58F9	N121S	PA32
58FA	N121SA	GLEX
58FC	N121SC	BE18
58FE	N121SE	R22
5900	N121SG	BL8
5902	N121SJ	FOX
5903	N121SK	M20P
5904	N121SL	PA23
5905	N121SM	C182
5907	N121SP	AC50
5909	N121SR	G21
590A	N121SS	C150
590C	N121SU	B350
590F	N121SX	R44
5910	N121SY	E75L
5912	N121T	M20P
5913	N121TA	B505
5915	N121TC	PA32
5916	N121TD	BE20
5917	N121TE	ECHO
5918	N121TF	P32R
5919	N121TG	C130
591C	N121TK	RV12
5922	N121TR	P46T
5923	N121TS	C25B
5926	N121TV	R44
5927	N121TW	P32R
5928	N121TX	SF50
592C	N121UA	H60
592E	N121UC	C72R
5939	N121UP	A306
5940	N121UW	A320
5945	N121VA	OSCR
5946	N121VB	C82S
594E	N121VK	C172
5950	N121VM	C25A
5954	N121VR	RV10
5956	N121VT	TAIL
5957	N121VU	AA5
5958	N121VV	ERCO
595D	N121W	C172
595E	N121WA	PA34
5960	N121WC	GLIM
5965	N121WH	SSTL
5969	N121WM	BL8
596E	N121WS	P28R
596F	N121WT	GLIM
5972	N121WW	SA30
5974	N121WY	AVID
5987	N121XS	H60
598F	N121Y	TAIL
599D	N121YP	BE36
59A1	N121YT	FDCT
59A5	N121YX	WAIX
59C2	N1210A	PA18
59C3	N1210B	RV8
59C9	N1210H	ERCO
59CA	N1210J	VO10
59CE	N1210N	F900
59CF	N1210P	PA23
59D7	N1210X	M20P
59D8	N1210Y	G200
59D9	N1210Z	RV12
59DA	N12100	C172
59DE	N12104	C172
59DF	N12105	C172
59E2	N12108	SA30
59E3	N12109	B752
59E5	N1211A	PC12
59E6	N1211B	L8
59E7	N1211C	PA11
59E8	N1211D	COL4
59EA	N1211F	C185
59EC	N1211H	AR15
59ED	N1211J	VO10
59F0	N1211M	M7T
59FB	N1211Y	C150
59FD	N12110	C172
5A00	N12113	C172
5A01	N12114	B752
5A02	N12115	C172
5A03	N12116	B752
5A09	N1212B	SONX
5A0A	N1212C	C441
5A0B	N1212D	C170
5A0C	N1212E	P32R
5A0E	N1212G	BE36
5A0F	N1212H	GLAS
5A11	N1212K	RV12
5A13	N1212M	C172
5A16	N1212Q	RV12
5A18	N1212S	RS12
5A19	N1212T	E545
5A1A	N1212U	C172
5A1B	N1212V	E55P
5A1C	N1212W	BE9L
5A1D	N1212X	M20P
5A1E	N1212Y	C150
5A20	N12120	FA24
5A22	N12122	E45X
5A23	N12123	C172
5A25	N12125	B752
5A26	N12126	E45X
5A28	N12128	C172
5A29	N12129	C172
5A2F	N1213E	CH7A
5A35	N1213L	C182
5A36	N1213M	COL4
5A38	N1213P	BE30
5A3A	N1213R	C150
5A3B	N1213S	C208
5A41	N1213Y	C150
5A46	N12133	C172
5A47	N12134	PA24
5A48	N12135	E45X
5A49	N12136	E45X
5A4B	N12138	C172
5A4D	N1214	SA30
5A4E	N1214A	PA18
5A52	N1214E	CH7A
5A54	N1214G	C414
5A59	N1214M	SONX
5A5B	N1214P	P212
5A5C	N1214Q	C150
5A5F	N1214T	P28A
5A60	N1214U	C172
5A63	N1214X	M20P
5A67	N12141	C172
5A68	N12142	E45X
5A6A	N12144	C310
5A6B	N12145	E45X
5A6D	N12147	C172
5A6E	N12148	C172
5A71	N1215A	L8
5A72	N1215B	LGEZ
5A74	N1215D	C170
5A75	N1215E	CH7A
5A76	N1215F	UH1
5A77	N1215G	T206
5A78	N1215H	PA32
5A79	N1215J	VO10
5A7B	N1215L	SA30
5A7C	N1215M	T210
5A7D	N1215N	J3
5A7E	N1215P	PA23
5A81	N1215S	RV10
5A82	N1215T	BE95
5A83	N1215U	C172
5A86	N1215X	M20P
5A87	N1215Y	C150
5A89	N12150	C172
5A8C	N12153	C172
5A8E	N12155	C208
5A90	N12157	E45X
5A98	N1216E	CH7A
5A9A	N1216G	C414
5A9E	N1216L	LA4
5A9F	N1216M	C182
5AA0	N1216N	SR22
5AA1	N1216P	P212
5AA4	N1216S	GLID
5AA5	N1216T	P28R
5AA6	N96JS	C500
5AA7	N1216V	C172
5AAC	N12160	E45X
5AAD	N12161	C172
5AAF	N12163	E45X
5AB2	N12166	E45X
5AB3	N12167	E45X
5AB4	N12168	C172
5AB5	N12169	C172
5AB6	N1217	PA23
5AB7	N1217A	B763
5AB9	N1217C	PA22
5ABC	N1217F	C185
5AC0	N1217K	L8
5AC2	N1217M	C77R
5AC4	N1217P	AEST
5AC8	N1217T	P28R
5ACC	N1217X	M20P
5ACE	N1217Z	BE35
5ACF	N12170	C172
5AD1	N12172	E45X
5AD2	N12173	J3
5AD4	N12175	E45X
5AD5	N12176	C172
5AD9	N1218	BE18
5ADB	N1218B	RV7
5ADC	N1218C	GLF2
5ADE	N1218E	BL8
5AE0	N1218G	RV6
5AE1	N1218H	BE30
5AE2	N1218J	VO10
5AE7	N1218P	SR20
5AE8	N1218Q	C150
5AEA	N1218S	C172
5AEE	N1218W	PA32
5AEF	N1218X	M20P
5AF1	N1218Z	BE35
5AF2	N12180	C172
5AF5	N12183	C172
5AF9	N12187	C172
5AFA	N12188	C172
5AFB	N12189	C172
5AFC	N1219	RAF2
5AFD	N1219A	PA18
5AFE	N1219B	L8
5B00	N1219D	C172
5B01	N1219E	CH7A
5B03	N1219G	C82T
5B06	N1219K	L8
5B08	N1219M	C68A
5B09	N1219N	CH70
5B0A	N1219P	C182
5B0B	N1219Q	C150
5B0D	N1219S	S22T
5B0E	N1219T	PA34
5B0F	N1219U	C172
5B11	N1219W	B06
5B15	N12190	J3
5B17	N12192	C172
5B19	N12194	C172
5B1A	N12195	E45X
5B1B	N12196	C172
5B1C	N12197	C172
5B20	N122A	F900
5B21	N122AA	R44
5B22	N122AB	GLIM
5B24	N122AD	RV8
5B28	N122AH	EC45
5B29	N122AJ	SR22
5B2A	N122AK	R22
5B2C	N122AM	C310
5B30	N122AR	SR22
5B31	N122AS	SR22
5B35	N122AW	PA31
5B39	N122B	RV12
5B3C	N122BC	C172
5B3E	N122BE	PA18
5B3F	N122BF	GLIM
5B40	N122BG	MONI
5B41	N122BH	ST75
5B45	N122BM	SR22
5B46	N122BN	GLEX
5B47	N122BP	RV6
5B49	N122BR	BE95
5B4B	N122BT	B06
5B4E	N122BW	RS20
5B51	N122BZ	RV7
5B52	N122C	ST75
5B53	N122CA	E190
5B57	N122CE	BE36
5B58	N122CF	C152
5B59	N122CG	SR22
5B5C	N122CK	MU2
5B5D	N122CL	SR22
5B60	N122CP	M7
5B62	N122CR	E50P
5B64	N122CT	BE55
5B66	N122CV	SR22
5B6B	N122D	SF50
5B6C	N122DA	MONI
5B6D	N122DB	ACR2
5B6E	N122DC	FOX
5B6F	N122DD	PA23
5B71	N122DF	FOX
5B76	N122DL	CRUZ
5B78	N122DN	A321
5B79	N122DP	FOX
5B7B	N122DR	S22T
5B7C	N122DS	PRM1
5B7D	N122DT	C82S
5B7E	N122DU	BCS1
5B83	N122DZ	SR20
5B84	N122E	C310
5B85	N122EA	RV6
5B86	N122EB	FOX
5B89	N122EE	BE58
5B8A	N122EF	RV7
5B92	N122EP	SR22
5B94	N122ER	C25B
5B95	N122ES	SR22
5B96	N122ET	HIGH
5B9E	N122FA	SR20
5B9F	N122FB	U16
5BA2	N122FE	B763
5BAE	N122FS	YK52
5BB6	N122G	SR22
5BB7	N122GA	GA7C
5BB8	N122GB	F900
5BB9	N122GC	YK52
5BBE	N122GH	SR22
5BC1	N122GL	B738
5BC4	N122GP	VELO
5BC6	N122GR	LNC4
5BC7	N122GS	BE18
5BC8	N122GT	BE36
5BCC	N122GX	PC12
5BCF	N122H	CH7B
5BD3	N122HD	SR22
5BDA	N122HL	E120
5BDD	N122HP	P2
5BDE	N122HQ	E75L
5BDF	N122HR	GLID
5BE0	N122HS	P28A
5BE8	N122J	B06
5BEA	N122JB	C208
5BEB	N122JC	EAGL
5BEC	N122JD	CH7B
5BEF	N122JG	R44
5BF0	N122JH	C172
5BF2	N122JK	S22T
5BF6	N122JP	AEST
5BF9	N122JS	C182
5BFA	N122JT	J3
5BFC	N122JV	FDCT
5C01	N122K	BE9L
5C04	N122KC	LGEZ
5C09	N122KH	C25A
5C0D	N122KM	SR22
5C0F	N122KP	HROC
5C11	N122KR	GLAS
5C12	N122KS	C172
5C13	N122KT	PA32
5C18	N122KY	PA25
5C1A	N122L	BE35
5C1E	N122LD	RV12
5C21	N122LG	BE36
5C22	N122LH	RAF2
5C23	N122LJ	H25B
5C24	N122LK	RS12
5C25	N122LL	LEG2
5C34	N122MA	MU2
5C36	N122MC	P28R
5C37	N122MD	GLIM
5C38	N122ME	T206
5C3A	N122MG	SR22
5C3C	N122MJ	C172
5C3E	N122ML	ACR2
5C43	N122MR	RV8
5C45	N122MT	S22T
5C48	N122MW	C82R
5C4D	N122NA	P28A
5C4E	N122NB	C550
5C50	N122ND	PC12
5C53	N122NG	DA40
5C58	N122NM	GLIM
5C59	N122NN	A321
5C65	N122P	ST75
5C66	N122PA	C25B
5C67	N122PB	SR22
5C6B	N122PF	RV12
5C6C	N122PG	BE95
5C6D	N122PH	C680
5C6E	N122PJ	P46T
5C70	N122PL	R22
5C73	N122PP	GLAS
5C75	N122PR	F2TH
5C77	N122PT	LEG2
5C7A	N122PW	C172
5C7E	N122Q	ST75
5C8F	N122QS	GL5T
5C97	N122R	LNP4
5C9A	N122RC	T210
5C9D	N122RF	R22
5C9E	N122RG	BE30
5C9F	N122RH	BL17
5CA2	N122RL	BE95
5CA3	N122RM	BE58
5CA5	N122RP	C172
5CA7	N122RR	BE35
5CA8	N122RS	SR22
5CB1	N122SA	SR22
5CB8	N122SH	PTS1
5CB9	N122SJ	BE35
5CBA	N122SK	GLST
5CBC	N122SM	S22T
5CBD	N122SN	BE35
5CC0	N122SR	SREY
5CC1	N122SS	C172
5CC5	N122SW	C421
5CC7	N122SY	E75L
5CC8	N122SZ	S22T
5CC9	N122T	PA18
5CCB	N122TB	SREY
5CCE	N122TE	PA32
5CD0	N122TG	C182
5CD1	N122TH	EC20
5CD3	N122TK	RV7
5CD4	N122TL	G2T1
5CDB	N122TT	C182
5CDE	N122TW	BE35
5CDF	N122TX	SR22
5CE2	N122U	BE10
5CE3	N122UA	B744
5CF0	N122UP	A306
5CF3	N122US	A320
5CF8	N122UX	B190
5CFC	N122VA	S22T
5CFE	N122VC	C185
5D05	N122VK	C172
5D0B	N122VR	F2TH
5D0C	N122VS	SR22
5D0D	N122VT	SA30
5D10	N122VW	BE35
5D14	N122W	J4
5D15	N122WA	M7
5D16	N122WB	P337
5D18	N122WD	PA46
5D20	N122WM	P28R
5D24	N122WR	C77R
5D26	N122WT	C182
5D27	N122WU	S61
5D29	N122WW	C550
5D43	N122XX	GLST
5D46	N122Y	LEG2
5D48	N122YB	R22
5D5D	N122YY	PA11
5D61	N122ZB	NG5
5D6B	N122ZM	S22T
5D71	N122ZT	SR22
5D78	N1220	BE35
5D79	N1220A	PC12
5D7A	N1220B	PA23
5D7B	N1220C	C182
5D7F	N1220G	T206
5D80	N1220H	AR15
5D81	N1220J	CASS
5D82	N1220K	SR22
5D83	N1220L	LA4
5D84	N1220M	C182
5D88	N1220R	C82T
5D8B	N1220U	MA5
5D8D	N1220W	C25A
5D8E	N1220X	M20P
5D90	N1220Z	PA24
5D91	N12200	C172
5D92	N12201	E45X
5D93	N12202	CH7B
5D96	N12205	CH7A
5D97	N12206	CH7B
5D99	N12208	CH7B
5D9A	N12209	C172
5D9B	N1221	T206
5D9C	N1221A	PA18
5D9D	N1221B	L8
5D9E	N1221C	PA11
5D9F	N1221D	C170
5DA0	N1221E	CH7A
5DA1	N1221F	BE30
5DA2	N1221G	GLF4
5DA3	N1221H	AR15
5DA4	N1221J	CL30
5DA5	N1221K	PA44
5DA6	N1221L	AA5
5DA7	N1221M	LJ60
5DAA	N1221Q	GALX
5DAD	N1221T	C172
5DAE	N1221U	C172
5DAF	N1221V	C172
5DB3	N1221Z	SR22
5DB4	N12210	C172
5DB5	N12211	C172
5DB6	N12212	C172
5DB7	N12213	C172
5DB9	N12215	C172
5DBA	N12216	B738
5DBC	N12218	B738
5DBF	N1222A	PA18
5DC0	N1222B	C425
5DC1	N1222C	SONX
5DC3	N1222E	CH7A
5DC4	N1222F	C185
5DC5	N1222G	COL4
5DC8	N1222K	LNC2
5DC9	N1222L	C172
5DCA	N1222M	BE35
5DCB	N1222N	ST75
5DCC	N1222P	GLF5
5DD0	N1222T	P28R
5DD1	N1222U	C150
5DD3	N1222W	C150
5DD5	N1222Y	C150
5DD6	N1222Z	AEST
5DD7	N12220	B47G
5DD8	N12221	B738
5DD9	N12222	C82T
5DDC	N12225	B738
5DDD	N12226	C172
5DE0	N12229	C172
5DE1	N1223	PA24
5DE2	N1223A	SR22
5DE3	N1223B	C425
5DE6	N1223E	BL8
5DE9	N1223H	C421
5DED	N1223M	C77R
5DF0	N1223Q	C150
5DF3	N1223T	BE23
5DF4	N1223U	C172
5DF7	N1223X	M20P
5DF9	N1223Z	BE95
5DFC	N12232	C172
5DFE	N12234	C172
5E00	N12236	C172
5E02	N12238	B738
5E03	N12239	C172
5E04	N1224	BE50
5E05	N1224A	HDJT
5E07	N1224C	PA22
5E08	N1224D	C170
5E0C	N1224H	AR15
5E0D	N1224J	C425
5E0E	N1224K	CH60
5E0F	N1224L	LA4
5E10	N1224M	G280
5E12	N1224P	C82T
5E13	N1224Q	C150
5E16	N1224T	P32R
5E17	N1224U	C172
5E18	N1224V	C170
5E19	N1224W	AT5T
5E1A	N1224X	M20P
5E1C	N1224Z	BE35
5E1D	N12240	C172
5E20	N12243	C172
5E22	N12245	C172
5E23	N12246	C172
5E24	N12247	C172
5E29	N1225B	L8
5E2A	N1225C	PA22
5E2B	N1225D	EN28
5E31	N1225K	L8
5E33	N1225M	C337
5E35	N1225P	SR22
5E36	N1225Q	C185
5E3C	N1225W	BL8
5E3D	N1225X	M20P
5E3F	N1225Z	BE35
5E40	N12250	T34P
5E42	N12252	T34P
5E43	N12253	T34P
5E45	N12255	T34P
5E48	N12258	T34P
5E4A	N1226	GL5T
5E4B	N1226A	PA18
5E4C	N1226B	RV6
5E4D	N1226C	PA22
5E4F	N1226E	CH7A
5E50	N1226F	C172
5E51	N1226G	CC11
5E52	N1226H	AR15
5E53	N1226J	VO10
5E57	N1226N	P40
5E5C	N1226T	P28A
5E5D	N1226U	C172
5E61	N1226Y	C150
5E63	N12260	WCAT
5E64	N12261	C172
5E67	N12264	T34P
5E6B	N12268	C425
5E6D	N1227	DG15
5E70	N1227C	PA22
5E71	N1227D	C170
5E72	N1227E	CH7A
5E73	N1227F	C185
5E75	N1227H	AR15
5E76	N1227J	C425
5E78	N1227L	LA4
5E7A	N1227N	J3
5E7C	N1227Q	PC12
5E7D	N1227R	C150
5E7E	N1227S	GLID
5E7F	N1227T	P28R
5E80	N1227U	C172
5E82	N1227W	S22T
5E83	N1227X	M20P
5E84	N1227Y	C150
5E8B	N12275	T34P
5E90	N1228	PA46
5E91	N1228A	NG5
5E92	N1228B	L8
5E93	N1228C	BE30
5E94	N1228D	C170
5E95	N1228E	LNC4
5E97	N1228G	C310
5E9A	N1228K	ASTO
5E9C	N1228M	C182
5E9E	N1228P	BE36
5EA0	N1228R	P28A
5EA1	N1228S	GLID
5EA2	N1228T	P28R
5EA3	N1228U	C172
5EA8	N1228Z	BE35
5EAA	N12281	T34P
5EB3	N1229	PTS1
5EB4	N1229A	B763
5EB6	N1229C	C208
5EB8	N1229E	CH7A
5EBA	N1229G	CH60
5EBB	N1229H	AR15
5EC4	N1229S	GLID
5EC5	N1229T	PA34
5EC6	N1229U	C172
5EC7	N1229V	COL4
5EC8	N1229W	GLST
5EC9	N1229X	C208
5ECA	N1229Y	C150
5ECB	N1229Z	C208
5ECC	N12290	C172
5ECD	N12291	C172
5ED6	HS-SKR	C208
5EDA	N123AC	C172
5EDB	N123AD	C25A
5EDD	N123AF	ACAM
5EDE	N123AG	SS2P
5EE0	N123AJ	GLAS
5EE1	N123AK	BE95
5EE2	N123AL	BL17
5EE3	N123AM	C340
5EE4	N123AN	SR20
5EE5	N123AP	PA34
5EE7	N123AR	C82S
5EEB	N123AV	BE36
5EED	N123AX	P32R
5EEF	N123AZ	BT36
5EF0	N123B	BE35
5EF1	N123BA	C414
5EF2	N123BB	M20P
5EF3	N123BC	B58T
5EF9	N123BJ	SRAI
5EFA	N123BK	CH7A
5EFB	N123BL	BE10
5EFC	N123BM	SR22
5F00	N123BR	TBEE
5F01	N123BS	BL17
5F02	N123BT	C421
5F04	N123BV	PA22
5F05	N123BW	J3
5F06	N123BX	RV6
5F07	N123BY	BL8
5F09	N123C	MITE
5F0A	N123CA	DO28
5F0B	N123CB	C172
5F0C	N123CC	M20P
5F0E	N123CE	C210
5F0F	N123CF	PC12
5F10	N123CG	SR20
5F11	N123CH	BE9T
5F12	N123CJ	C25B
5F13	N123CK	C162
5F14	N123CL	C172
5F15	N123CM	P28A
5F1B	N123CT	BE35
5F1C	N123CU	M200
5F1D	N123CV	RV10
5F1E	N123CW	C310
5F1F	N123CX	RV7
5F20	N123CY	FOX
5F21	N123CZ	C25B
5F22	N123D	BE35
5F23	N123DA	CH7A
5F24	N123DB	C182
5F26	N123DD	T210
5F27	N123DE	C310
5F29	N123DG	LJ24
5F2A	N123DH	S22T
5F2B	N123DJ	FOX
5F2C	N123DK	SA30
5F2D	N123DL	C182
5F2E	N123DM	T210
5F30	N123DP	GLIM
5F31	N123DQ	BCS1
5F33	N123DS	C177
5F37	N123DW	A321
5F38	N123DX	LNC2
5F3B	N123E	C182
5F3D	N123EB	GLEX
5F3E	N123EC	BE35
5F3F	N123ED	H25B
5F40	N123EE	GLID
5F41	N123EF	DHC2
5F42	N123EG	WW24
5F44	N123EJ	M20P
5F49	N123EP	C185
5F4B	N123ER	EV97
5F4C	N123ES	AA5
5F50	N123EW	GLID
5F55	N123FA	M20P
5F56	N123FB	FB1A
5F57	N123FC	C172
5F59	N123FE	B763
5F5A	N123FF	C550
5F5E	N123FK	M20P
5F62	N123FP	RV6
5F64	N123FR	RF6
5F66	N123FT	GLF5
5F67	N123FU	S22T
5F69	N123FW	BE9L
5F6A	N123FX	DHC6
5F6E	N123GA	GLID
5F6F	N123GB	BE55
5F71	N123GD	FOX
5F72	N123GE	P28A
5F74	N123GG	C172
5F75	N123GH	C82S
5F76	N123GJ	C172
5F77	N123GK	P28A
5F78	N123GL	C182
5F7E	N123GS	BE36
5F87	N123HA	C172
5F88	N123HB	SR22
5F89	N123HC	G2T1
5F8C	N123HF	SONX
5F8D	N123HG	B350
5F8E	N123HH	GLIM
5F90	N123HK	H25B
5F91	N123HL	C441
5F92	N123HM	PA24
5F94	N123HP	B06
5F95	N123HQ	E75L
5F98	N123HT	AC50
5F99	N123HU	HUSK
5F9C	N123HX	SNS7
5FA0	N123JA	PC12
5FA1	N123JB	BE35
5FA2	N123JC	P28A
5FA5	N123JF	BE60
5FA6	N123JG	SREY
5FA7	N123JH	PA31
5FA8	N123JJ	BE95
5FAA	N123JL	DHC2
5FAB	N123JM	VEZE
5FAF	N123JR	M20P
5FB0	N123JS	C82S
5FB1	N123JT	T210
5FB3	N123JV	BE35
5FB4	N123JW	PA34
5FB8	N123K	C123
5FBB	N123KC	P32R
5FBC	N123KD	C501
5FBF	N123KG	GLID
5FC0	N123KH	F2TH
5FC1	N123KJ	C123
5FC2	N123KK	A388
5FC3	N123KL	C182
5FC6	N123KP	PIAT
5FC8	N123KR	P28A
5FC9	N123KS	C172
5FCA	N123KT	C210
5FCD	N123KW	PA31
5FD1	N123L	M20P
5FD3	N123LB	SONX
5FD6	N123LE	LGEZ
5FD8	N123LG	C172
5FD9	N123LH	SW3
5FDA	N123LJ	C180
5FDD	N123LM	PA24
5FDF	N123LP	CRER
5FE2	N123LS	C77R
5FE3	N123LT	O3
5FE4	N123LU	PA32
5FEA	N123M	RV12
5FEB	N123MA	PA31
5FEC	N123MB	C172
5FED	N123MC	T210
5FEF	N123ME	GLST
5FF0	N123MF	PA32
5FF1	N123MG	M7T
5FF2	N123MH	BE9L
5FF4	N123MK	PA24
5FF5	N123ML	BE20
5FF6	N123MM	BE9L
5FF7	N123MN	C310
5FF8	N123MP	R44
5FFA	N123MR	PA11
5FFB	N123MS	CAMP
5FFE	N123MV	R44
5FFF	N123MW	GLID
6001	N123MY	BDOG
6002	N123MZ	DA40
6004	N123NA	DA40
6006	N123NC	B06
600A	N123NG	DA40
600D	N123NK	BE60
600F	N123NM	B47G
6010	N123NN	A321
6011	N123NP	C421
6014	N123NS	BOLT
6015	N123NT	T18
6019	N123NX	PC12
601C	N123P	PA23
601D	N123PA	M20P
601F	N123PC	S22T
6020	N123PD	F2TH
6021	N123PE	EC20
6022	N123PF	C172
6023	N123PG	M20P
6025	N123PJ	EPIC
6026	N123PK	LNCE
6027	N123PL	C501
6028	N123PM	HDJT
602A	N123PP	M7
602C	N123PR	LNCE
602D	N123PS	MM24
602E	N123PT	PA31
6030	N123PV	PA23
6031	N123PW	GLID
6032	N123PX	SLG4
6033	N123PY	C172
6034	N123PZ	M20T
6035	N123Q	CL35
6038	N123QC	WACF
6046	N123QS	GL5T
6048	N123QU	G150
604E	N123R	R66
604F	N123RA	FA20
6050	N123RB	RV9
6051	N123RC	WW24
6053	N123RE	SR22
6054	N123RF	B350
6055	N123RG	BE35
6057	N123RJ	B06
6058	N123RK	BE33
6059	N123RL	M200
605E	N123RR	RV12
6060	N123RT	EC30
6062	N123RV	RV4
6063	N123RW	J3
6065	N123RY	GLID
6067	N123S	E55P
6068	N123SA	PA18
606D	N123SF	CH7B
606E	N123SG	GLST
606F	N123SH	BK17
6072	N123SL	PC12
6073	N123SM	C421
6075	N123SP	M7
6078	N123SS	RV8
607A	N123SU	R44
607B	N123SV	RV7
607C	N123SW	P28A
607E	N123SY	BDOG
6080	N123T	PZ4M
6081	N123TA	RODS
6082	N123TB	C340
6083	N123TC	BE50
6084	N123TD	C340
6085	N123TE	PA46
6089	N123TJ	PA44
608B	N123TL	C550
608C	N123TM	T206
608E	N123TP	GLST
6090	N123TR	PTS1
6091	N123TS	P46T
6092	N123TT	C172
6094	N123TV	DA40
6095	N123TW	BE36
6096	N123TX	P28B
6097	N123TY	S108
6098	N123TZ	C82T
6099	N123U	C210
609A	N123UA	P28A
609C	N123UC	C172
60A3	N123UK	M20P
60A7	N123UP	C182
60A9	N123UR	GLID
60AB	N123UT	T210
60AE	N123UW	A320
60B3	N123VA	M7
60B4	N123VB	AA5
60B7	N123VE	RV9
60B9	N123VG	SR22
60BB	N123VJ	C182
60BC	N123VK	C172
60C0	N123VP	S22T
60C2	N123VR	T210
60C4	N123VT	SPHA
60C6	N123VV	S211
60CC	N123WA	BL8
60CD	N123WB	BE58
60CE	N123WC	PA22
60CF	N123WD	CP30
60D0	N123WE	C77R
60D1	N123WF	B06
60D2	N123WG	C182
60D3	N123WH	COY2
60D5	N123WK	RV6
60D6	N123WL	ALIG
60D9	N123WP	MUS2
60DB	N123WR	AVID
60DC	N123WS	RV6
60E7	N123XC	SR22
60EF	N123XL	CH60
60F0	N123XM	SREY
60F2	N123XP	CH70
60F6	N123XT	TTWO
60FD	N123Y	RV10
60FE	N123YA	PA32
6100	N123YC	GLAS
610B	N123YP	ERCO
610F	N123YT	SREY
6112	N123YW	R44
6115	N123YZ	SREY
6117	N123ZA	C172
6119	N123ZC	TBM7
6122	N123ZM	SR20
612F	N1230	SE5A
6131	N1230B	C82S
6132	N1230C	PA22
6136	N1230G	C172
6139	N1230K	L8
613B	N1230M	CH7B
613D	N1230P	BE20
613F	N1230R	ACAM
6140	N1230S	BL8
6141	N1230T	PA34
6145	N1230X	M20P
6147	N1230Z	BE36
6153	N1231A	AS50
6154	N1231B	S22T
6155	N1231C	PA20
6156	N1231D	C170
6158	N1231F	C185
615B	N1231J	AC11
615C	N1231K	L8
615D	N1231L	LA4
6160	N1231P	PA23
6161	N1231Q	C150
6167	N1231W	M20P
6168	N1231X	ONEX
616A	N1231Z	BE35
616D	N12312	DSA1
6177	N1232B	BE30
6178	N1232C	PA22
617A	N1232E	C82S
617B	N1232F	C185
617C	N1232G	C172
617F	N1232K	C340
6184	N1232Q	C150
6186	N1232S	GLID
6187	N1232T	P28A
6188	N1232U	C172
6189	N1232V	EPIC
618A	N1232W	M20P
618B	N1232X	C82S
618C	N1232Y	C208
6192	N12324	WAIX
6199	N1233A	PA18
619A	N1233B	C182
619B	N1233C	NG5
619C	N1233D	C170
619D	N1233E	CH7A
619E	N1233F	C182
61A0	N1233H	AR15
61A2	N1233K	BE30
61A4	N1233M	C182
61A9	N1233S	GLID
61AA	N1233T	RV10
61AB	N1233U	C172
61AC	N1233V	C172
61AD	N1233W	C182
61AF	N1233Y	C150
61B1	N12330	C172
61B2	N12331	C172
61B6	N12335	C172
61B7	N12336	C172
61BC	N1234A	BE60
61BD	N1234B	BE35
61BE	N1234C	J2
61BF	N1234D	AA5
61C0	N1234E	CH7A
61C1	N1234F	C182
61C3	N1234H	AR15
61C5	N1234K	M20P
61C6	N1234L	BE60
61C7	N1234M	M20P
61C9	N1234P	PA23
61CA	N1234Q	BE36
61CB	N1234R	RV4
61CC	N1234S	C172
61CD	N1234T	BE35
61CE	N1234U	PA34
61CF	N1234V	BE35
61D0	N1234W	C414
61D2	N1234Y	C185
61D3	N1234Z	BE35
61D5	N12341	C172
61D6	N12342	C172
61D7	N12343	C172
61DA	N12346	C172
61E1	N1235C	BE33
61E2	N1235D	C170
61E4	N1235F	PA18
61E6	N1235H	AR15
61E8	N1235K	L8
61E9	N1235L	COL4
61EA	N1235M	BE50
61EF	N1235S	P28A
61F1	N1235U	C210
61F4	N1235X	M20P
61FB	N12354	P28R
61FC	N12355	B17
6201	N1236	PA30
6207	N1236F	C185
620D	N1236M	C182
6210	N1236Q	C150
6213	N1236T	P28R
6214	N1236U	C172
6217	N1236X	M20P
6219	N1236Z	BE35
621A	N12360	C172
621B	N12361	MC90
621F	N12365	C172
6220	N12366	C172
6223	N12369	CH70
6224	N1237	C185
6226	N1237B	L8
622B	N1237G	C414
622C	N1237H	P28A
622E	N1237K	L8
6230	N1237M	T210
6233	N1237Q	C150
6235	N1237S	GLID
6237	N1237U	C172
623B	N1237Y	C150
623C	N1237Z	BE35
6242	N12375	C172
6243	N12376	C172
6246	N12379	C172
6248	N1238A	PA18
6249	N1238B	DHC2
624A	N1238C	PA22
6254	N1238N	T50
6257	N1238R	C340
625B	N1238V	FINC
625D	N1238X	M20P
625E	N1238Y	C150
6261	N12381	PA18
6262	N12382	C172
6266	N12386	C172
6267	N12387	C172
6268	N12388	C172
6270	N1239F	C185
6273	N1239J	AC11
6276	N1239M	C182
6279	N1239Q	C150
627B	N1239S	GLID
627C	N1239T	PA34
627F	N1239W	CRER
6280	N1239X	M20P
6281	N1239Y	FOX
6282	N1239Z	COL4
6283	N12390	C172
6284	N12391	C172
6287	N12394	C172
6288	N12395	C172
6289	N12396	R22
628B	N12398	C172
628E	N124A	SREY
628F	N124AA	A321
6290	N124AB	G200
6293	N124AE	B06
6294	N124AF	PC24
6295	N124AG	PA31
6296	N124AH	EC35
629A	N124AM	B429
629F	N124AS	R44
62A0	N124AT	QIC2
62A3	N124AW	BE95
62A4	N124AX	B190
62A7	N124B	RS12
62AB	N124BD	BD4
62AC	N124BE	RV4
62AD	N124BF	CRUZ
62AE	N124BG	C25A
62AF	N124BH	ST75
62B0	N124BJ	RV12
62B1	N124BK	BE9T
62B2	N124BL	C25B
62B3	N124BM	SE5A
62B8	N124BS	C82T
62BD	N124BX	RV12
62BF	N124BZ	BE95
62C0	N124C	EVOP
62C2	N124CB	S22T
62C3	N124CC	PA46
62C6	N124CF	EXEC
62C7	N124CG	GLIM
62C8	N124CH	M4
62CA	N124CK	C172
62CC	N124CM	BE30
62D0	N124CR	SR20
62D1	N124CS	RV12
62D2	N124CT	RV7
62D5	N124CW	EXEC
62DC	N124DC	CH75
62E1	N124DH	RV12
62E5	N124DM	RV12
62E6	N124DN	C337
62E7	N124DP	C310
62E9	N124DR	C340
62EC	N124DU	BCS1
62EF	N124DX	A321
62F2	N124E	M20P
62F4	N124EB	B350
62F5	N124EC	SR22
62F6	N124ED	PA46
62F7	N124EE	C172
62F8	N124EF	C82S
62FC	N124EK	E55P
62FD	N124EL	RV12
6302	N124ER	C172
6306	N124EV	M20P
630B	N124F	RV4
630C	N124FA	EFUS
630E	N124FC	UH1
6310	N124FE	B763
6312	N124FG	E55P
6318	N124FN	RV12
631B	N124FR	C172
631F	N124FV	P28R
6324	N124G	GLEX
6325	N124GA	BE20
6326	N124GB	GLID
6327	N124GC	YK52
6328	N124GD	F900
632B	N124GG	M20T
632C	N124GH	LNC4
6332	N124GP	B190
6335	N124GS	PA18
633A	N124GX	GX
633D	N124H	C25A
6340	N124HC	GLIM
6343	N124HF	C172
6346	N124HJ	HDJT
6347	N124HK	C82R
6348	N124HL	E120
634C	N124HQ	E75L
6350	N124HU	HUSK
6351	N124HV	RV12
6352	N124HW	ACR2
6358	N124JB	LGEZ
6359	N124JC	P28A
635C	N124JF	SR22
635D	N124JG	RV12
635F	N124JJ	RV6
6360	N124JK	M20P
6364	N124JP	AC50
6366	N124JR	C172
6368	N124JT	RV12
636B	N124JW	C25B
636F	N124K	C182
6370	N124KA	C177
6373	N124KD	RV12
6378	N124KJ	RV12
6379	N124KK	EA50
637A	N124KL	RV12
6381	N124KT	BE20
6384	N124KW	SR22
6386	N124KY	C82S
6388	N124L	LA25
638B	N124LC	BE36
638E	N124LF	RV12
6394	N124LM	ECHO
6395	N124LN	AS50
6396	N124LP	RS12
6398	N124LR	C185
639A	N124LT	PC12
63A2	N124MA	C182
63A4	N124MC	BL8
63A5	N124MD	BE58
63A6	N124ME	C172
63A9	N124MH	CN12
63AA	N124MJ	EFOX
63AB	N124MK	GLST
63AC	N124ML	EC20
63AD	N124MM	GLIM
63AE	N124MN	BE35
63B2	N124MS	PZ04
63B3	N124MT	P28R
63B5	N124MV	C750
63B6	N124MW	SF50
63BA	N124N	PC12
63C6	N124NM	GLID
63CA	N124NR	PA24
63D3	N124P	RV6
63D4	N124PA	JS31
63D6	N124PC	MU2
63D7	N124PD	H500
63DB	N124PH	C172
63DC	N124PJ	C172
63DE	N124PL	C172
63DF	N124PM	C550
63E1	N124PP	BE40
63E4	N124PS	PC12
63E5	N124PT	UH1
63EC	N124Q	C170
63FD	N124QS	GLEX
6405	N124R	PC12
6406	N124RA	Z37P
6408	N124RC	C172
6409	N124RD	CH7B
640C	N124RG	T210
640D	N124RH	DHC1
640F	N124RK	S22T
6410	N124RL	RV12
6411	N124RM	NAVI
6412	N124RN	RV12
6413	N124RP	C152
6415	N124RR	SR20
6416	N124RS	BE35
6417	N124RT	FOX
641A	N124RW	CRUZ
641E	N124S	LNC2
6420	N124SB	BOLT
6421	N124SC	BL8
6424	N124SF	SR22
6425	N124SG	BL8
6426	N124SH	B47G
6429	N124SL	HUSK
642C	N124SP	SF50
642E	N124SR	RV4
642F	N124SS	GLID
6430	N124ST	GLEX
6435	N124SY	E75L
6437	N124T	PA18
6438	N124TA	H269
6440	N124TJ	BE58
6441	N124TK	RV12
6443	N124TM	C421
6447	N124TR	J3
6448	N124TS	SF50
6449	N124TT	RV4
644C	N124TW	C172
644D	N124TX	AS50
6450	N124U	PC12
6451	N124UA	C185
6453	N124UC	C172
645E	N124UP	A306
6461	N124US	A320
6464	N124UV	PC12
6469	N124V	BE95
6474	N124VL	SR20
647C	N124VU	AA5
6482	N124W	SSTL
6484	N124WB	RV12
6485	N124WC	C421
6486	N124WD	CH7B
6488	N124WF	PC24
6489	N124WG	RV12
648A	N124WH	T206
648B	N124WJ	C82T
648D	N124WL	C172
648E	N124WM	C82T
648F	N124WN	T206
6490	N124WP	EFOX
6492	N124WR	BE20
6494	N124WT	MAGN
649B	N124X	RV10
649F	N124XD	RV12
64AC	N124XS	RF10
64B4	N124Y	WACF
64DE	N124ZS	GLID
64DF	N124ZT	LJ35
64E7	N1240A	BE35
64E8	N1240B	CH70
64EA	N1240D	C170
64EB	N1240E	CH7A
64ED	N1240G	C310
64EE	N1240H	AR15
64EF	N1240J	VO10
64F7	N1240S	ONEX
64FA	N1240V	C172
64FB	N1240W	EC20
64FC	N1240X	M20P
64FD	N1240Y	C150
6503	N12404	C172
650B	N1241B	L8
650C	N1241C	PA22
650E	N1241E	CH7A
6510	N1241G	COL4
6518	N1241Q	C150
651B	N1241T	P28A
651C	N1241U	C172
6521	N1241Z	BE35
6522	N12410	C172
6523	N12411	CH60
6529	N12417	T33
652B	N12419	C172
652C	N1242	RV9
652D	N1242A	CH75
652E	N1242B	C172
6530	N1242D	C170
6533	N1242G	C310
6534	N1242H	P28A
6535	N1242J	VO10
6539	N1242N	C172
653D	N1242S	GLID
653E	N1242T	P28A
653F	N1242U	C172
6541	N1242W	RLU1
6543	N1242Y	C208
6549	N12424	R22
654D	N12428	WACF
6550	N1243A	RV7
6552	N1243C	PA22
6557	N1243H	P28A
655A	N1243L	LA4
655B	N1243M	C182
655C	N1243N	C82S
6560	N1243S	C172
6563	N1243V	C172
6565	N1243X	COL4
6568	N12430	WACF
656C	N12434	C414
656D	N12435	RV12
6570	N12438	WACC
6571	N12439	C172
6572	N1244	GLEX
6573	N1244A	PA18
6574	N1244B	L8
6576	N1244D	C170
6577	N1244E	CH7A
6579	N1244G	WACF
6584	N1244T	DA40
6588	N1244X	M20P
6589	N1244Y	BE95
658B	N12440	C172
658C	N12441	C172
658D	N12442	C172
658E	N12443	WACF
658F	N12444	WACA
6590	N12445	WACA
6592	N12447	C172
6593	N12448	C172
6594	N12449	WACA
6596	N1245A	C414
6597	N1245B	C182
6599	N1245D	C170
659F	N1245K	BE30
65A0	N1245L	LJ45
65A6	N1245S	C182
65A7	N1245T	P208
65A8	N1245U	C172
65AB	N1245X	PC12
65B0	N12452	C172
65B1	N12453	WACA
65B4	N12456	C172
65B5	N12457	WACC
65B7	N12459	C172
65B8	N1246	PA18
65B9	N1246A	PA18
65BB	N1246C	C177
65C1	N1246J	AC11
65CA	N1246T	PA32
65CB	N1246U	C172
65CC	N1246V	C172
65CF	N1246Y	C150
65D1	N12460	C172
65D5	N12464	PA12
65D6	N12465	PA22
65D7	N12466	C172
65D8	N12467	WACC
65D9	N12468	C172
65DA	N12469	C172
65DE	N1247C	PA20
65DF	N1247D	C170
65E0	N1247E	PC12
65E2	N1247G	C310
65E4	N1247J	VO10
65EC	N1247S	C182
65EE	N1247U	C172
65EF	N1247V	C82S
65F2	N1247Y	C150
65F4	N12470	C172
65F5	N12471	WACC
65F6	N12472	WACC
65F7	N12473	C172
65F8	N12474	C172
65F9	N12475	R22
65FB	N12477	C172
65FD	N12479	C172
65FE	N1248	FOX
65FF	N1248A	PA18
6601	N1248C	PA22
6602	N1248D	BE33
6603	N1248E	C82T
6605	N1248G	PA34
6609	N1248L	LA4
660A	N1248M	C210
660D	N1248Q	C150
660F	N1248S	C182
661A	N12483	C172
661B	N12484	C172
661C	N12485	C172
661F	N12488	C172
6622	N1249A	PA18
6623	N1249B	BE30
6624	N1249C	SR20
6625	N1249D	C170
662E	N1249N	FA24
662F	N1249P	C550
6632	N1249S	C182
6634	N1249U	C172
6635	N1249V	PA23
663C	N12492	C172
663D	N12493	C172
6644	N125	ASTO
6646	N125AA	A321
6647	N125AB	M7
6648	N125AC	ACAM
664B	N125AF	PC24
664C	N125AG	MT
664D	N125AH	C82S
664F	N125AK	C82S
6650	N125AL	T206
6651	N125AM	RV10
6653	N125AP	AS50
6655	N125AR	BT36
665A	N125AW	C150
665B	N125AX	B190
665D	N125AZ	B25
665E	N125B	BE35
665F	N125BA	B190
6661	N125BC	H269
6666	N125BH	BEAR
6667	N125BJ	C25A
6668	N125BK	BE20
666A	N125BM	T210
666E	N125BR	SR22
6670	N125BT	COL4
6673	N125BW	PC12
6677	N125C	MITE
667A	N125CC	GLIM
667B	N125CD	C25B
667D	N125CF	C210
667F	N125CH	GLEX
6682	N125CL	AS50
6683	N125CM	CH7A
6685	N125CP	C340
6688	N125CS	A319
6689	N125CT	GLID
668D	N125CX	HDJT
668F	N125CZ	E120
6691	N125DA	AS50
6694	N125DD	GLIM
6695	N125DE	EA50
6697	N125DG	C25B
6699	N125DJ	BE40
669A	N125DK	AP22
669C	N125DM	C310
669D	N125DN	A321
669E	N125DP	PC24
66A2	N125DT	F2TH
66A3	N125DU	BCS1
66A5	N125DW	C525
66A6	N125DX	GLID
66A8	N125DZ	C750
66A9	N125E	BE95
66AA	N125EA	C501
66AB	N125EB	RV4
66B3	N125EK	H25B
66B7	N125EP	AS50
66BB	N125ET	C310
66BF	N125EX	E300
66C4	N125FB	U16
66C5	N125FC	UH1
66C7	N125FE	B763
66C9	N125FG	PA18
66CA	N125FH	H60
66CD	N125FL	PA34
66D2	N125FR	TB30
66D3	N125FS	LJ31
66DB	N125G	HUSK
66DE	N125GC	HR20
66DF	N125GD	ALIG
66E2	N125GG	GLF5
66E3	N125GH	GLF6
66E7	N125GM	RV6
66EB	N125GR	ASTR
66EC	N125GS	GLST
66F1	N125GX	GX
66F5	N125HA	DA40
66F6	N125HB	PA36
66F8	N125HD	AS50
66FA	N125HF	WW24
66FE	N125HK	S108
66FF	N125HL	DA40
6703	N125HQ	E75L
6705	N125HS	M7
6707	N125HU	HUSK
670E	N125JA	C82T
670F	N125JB	MIMU
6711	N125JD	C177
6712	N125JE	RV12
6716	N125JJ	C680
6717	N125JK	CP30
6718	N125JL	JAB4
6719	N125JM	EXEC
671E	N125JS	RV4
6726	N125K	PA18
6727	N125KA	BE30
6728	N125KB	RV10
6729	N125KC	C82R
672A	N125KD	DHC3
672C	N125KF	FOX
672F	N125KJ	AS50
6737	N125KS	BE20
6738	N125KT	C185
673B	N125KW	H500
673D	N125KY	C208
673F	N125L	P28A
6740	N125LA	C182
6741	N125LB	LA4
6742	N125LC	SR22
6744	N125LE	PC12
6746	N125LG	C82S
674A	N125LL	BE58
674C	N125LN	AS50
6750	N125LS	SIRA
675A	N125MB	BE18
675C	N125MD	C206
675D	N125ME	SF50
675F	N125MG	PA44
6762	N125MK	RV10
6763	N125ML	PA44
6764	N125MM	AC90
6768	N125MR	B47G
6769	N125MS	HUSK
676A	N125MT	P28R
676D	N125MW	C182
676E	N125MX	EVSS
6770	N125MZ	GLID
6778	N125NG	DA40
677A	N125NJ	BE9L
6781	N125NR	B06
6782	N125NS	AS50
6788	N125NY	AS50
678C	N125PB	C182
678D	N125PC	BE35
678E	N125PD	AS50
678F	N125PE	GLIM
6790	N125PF	AVID
6791	N125PG	C425
6793	N125PJ	BEAR
6794	N125PK	C550
6795	N125PL	C25B
6796	N125PM	DHC6
679F	N125PW	GLID
67A2	N125PZ	PC12
67A3	N125Q	LJ45
67B4	N125QS	GL5T
67BC	N125R	PA18
67BD	N125RA	PTS1
67BF	N125RC	PA20
67C3	N125RG	C550
67C4	N125RH	C750
67C5	N125RJ	PA30
67C7	N125RL	S22T
67C8	N125RM	AA5
67CC	N125RR	COY2
67CD	N125RS	BL8
67CE	N125RT	A139
67D0	N125RV	RV6
67D1	N125RW	GLST
67D5	N125S	C172
67D6	N125SA	DHC6
67D7	N125SB	H25B
67D8	N125SC	AS50
67DA	N125SE	AEST
67DB	N125SF	SR20
67DD	N125SH	CRER
67E0	N125SL	C82T
67E6	N125SS	GLID
67EB	N125SX	SONX
67EC	N125SY	E75L
67EE	N125T	BE35
67EF	N125TA	B06
67F1	N125TC	BE58
67F3	N125TE	BE20
67F5	N125TG	AS50
67F6	N125TH	C750
67F8	N125TK	FA50
67F9	N125TL	C182
67FA	N125TM	CL30
67FB	N125TN	C650
67FE	N125TR	G280
67FF	N125TS	BE20
6802	N125TV	PA31
6804	N125TX	RF10
6805	N125TY	FOX
6815	N125UP	A306
681C	N125UW	A320
6821	N125VA	VELO
6831	N125VS	P28A
683A	N125WA	C182
683B	N125WB	BL8
683C	N125WC	BE36
683F	N125WF	R44
6841	N125WH	RV6
6845	N125WM	MUS2
6847	N125WP	T51
684A	N125WS	FOX
684E	N125WW	C82S
6850	N125WY	HUSK
6860	N125XP	H25B
686B	N125Y	PA23
687C	N125YS	SONX
687E	N125YU	GA7C
6881	N125YX	SONX
6884	N125Z	K100
68A1	N1250D	C170
68A4	N1250G	C310
68A5	N1250H	AR15
68A6	N1250J	VO10
68A9	N1250M	C180
68AB	N1250P	RV6
68AC	N1250Q	C150
68AE	N1250S	C182
68AF	N1250T	P28A
68B1	N1250V	C550
68B2	N1250W	C180
68B4	N1250Y	BE35
68B7	N12501	C172
68B8	N12502	C172
68B9	N12503	C172
68BC	N12506	C172
68BF	N12509	C172
68C0	N1251	C172
68C1	N1251A	PA18
68C2	N1251B	C180
68C4	N1251D	C82T
68C5	N1251E	CH7A
68C9	N1251J	VR7
68D1	N1251S	C182
68D2	N1251T	P28A
68D3	N1251U	C172
68D6	N1251X	M20P
68D7	N1251Y	C150
68DF	N12516	C172
68E0	N12517	C172
68E3	N1252	L5
68E6	N1252C	PA18
68E7	N1252D	C551
68E8	N1252E	C82S
68EA	N1252G	C414
68EB	N1252H	AR15
68EF	N1252M	C182
68F3	N1252R	B14A
68F4	N1252S	SSTL
68F6	N1252U	C172
68F8	N1252W	WACE
68F9	N1252X	SHRK
68FC	N12520	C172
68FD	N12521	C172
68FE	N12522	T206
6901	N12525	C172
6902	N12526	C172
6903	N12527	C172
6905	N12529	C172
6907	N1253A	PA18
6909	N1253C	TBM9
690E	N1253H	AR15
6911	N1253L	LA4
6913	N1253N	BEAR
6914	N1253P	R44
6915	N1253Q	C185
6917	N1253S	C182
6918	N1253T	P28R
691A	N1253V	BE30
691B	N1253W	B350
691D	N1253Y	COL4
6920	N12531	C172
6925	N12536	R22
6926	N12537	C172
6929	N1254	T6
692C	N1254C	S22T
692D	N1254D	C172
692E	N1254E	CH7A
6931	N1254H	P28R
6932	N1254J	VO10
6934	N1254L	LA4
6937	N1254P	CAMP
6938	N1254Q	C150
6939	N1254R	B14A
693A	N1254S	C182
693B	N1254T	P28R
693F	N1254X	C550
6942	N12540	E145
6943	N12541	C172
6947	N12545	C172
6948	N12546	C172
694B	N12549	C550
694C	N1255	T18
694F	N1255C	C177
6951	N1255E	CH7A
6956	N1255K	C550
6958	N1255M	C182
695B	N1255Q	C150
695D	N1255S	C182
695E	N1255T	S55P
695F	N1255U	C172
6960	N1255V	T206
6962	N1255X	M20P
6964	N1255Z	BE35
6965	N12550	C172
6967	N12552	E145
696A	N12555	C172
696B	N12556	C172
696C	N12557	ST75
696D	N12558	TAIL
696E	N12559	C172
696F	N1256	SR22
6972	N1256C	C177
6973	N1256D	C170
6974	N1256E	CH7A
6978	N1256J	AC11
697B	N1256M	C182
697D	N1256P	C208
697E	N1256Q	C150
6980	N1256S	C182
6982	N1256U	C172
6988	N12560	C172
6989	N12561	C172
698A	N12562	C172
698B	N12563	E145
6991	N12569	E145
6992	N1257	PA18
6994	N1257B	C550
6996	N1257D	C170
6997	N1257E	RV6
69A2	N1257R	B14A
69A3	N1257S	C182
69A8	N1257X	M20P
69AC	N12571	C172
69AD	N12572	C172
69AE	N12573	C172
69AF	N12574	C172
69B2	N12577	C172
69B4	N12579	C172
69B6	N1258A	PA18
69B7	N1258B	C208
69B8	N1258C	PA18
69B9	N1258D	C170
69BA	N1258E	CH7A
69BB	N1258F	T206
69BC	N1258G	C310
69BF	N1258K	BE30
69C4	N1258Q	PA46
69C6	N1258S	C337
69C9	N1258V	C172
69CC	N1258Y	C150
69CD	N1258Z	BE35
69CE	N12580	C180
69D2	N12584	C172
69D6	N12588	C172
69D7	N12589	BE17
69D9	N1259A	PA18
69DB	N1259C	PA18
69DC	N1259D	C170
69E0	N1259H	AR15
69E2	N1259K	C208
69E3	N1259L	LA4
69E4	N1259M	BE35
69EE	N1259X	M20P
69F1	N12590	BE17
69F2	N12591	C172
69F3	N12592	BE17
69F5	N12594	C172
69F6	N12595	PA23
69F9	N12598	C172
69FA	N12599	CMAS
69FC	N126A	GLID
69FE	N126AB	SR22
69FF	N126AC	SR20
6A02	N126AF	PC24
6A06	N126AK	C180
6A07	N126AL	PC12
6A09	N126AN	A321
6A10	N126AV	C172
6A11	N126AW	L29
6A12	N126AX	B190
6A15	N126B	GLID
6A17	N126BB	PTS2
6A1A	N126BE	M20P
6A1B	N126BF	PIVI
6A1D	N126BH	AS50
6A1E	N126BJ	RV12
6A1F	N126BK	LJ45
6A26	N126BS	C172
6A27	N126BT	C414
6A29	N126BV	GLID
6A2D	N126BZ	E190
6A2E	N126C	CC11
6A2F	N126CA	BE60
6A34	N126CF	FOX
6A35	N126CG	A109
6A38	N126CK	CB1
6A3A	N126CM	M7
6A3C	N126CP	GLID
6A3E	N126CR	GLID
6A46	N126CZ	E120
6A47	N126D	GLID
6A48	N126DA	C172
6A49	N126DB	GLID
6A4B	N126DD	CRUZ
6A4D	N126DF	SR22
6A4E	N126DG	AA5
6A54	N126DN	A321
6A55	N126DP	M7
6A57	N126DR	PA31
6A58	N126DS	OSCR
6A5A	N126DU	BCS1
6A60	N126E	GLID
6A62	N126EB	GLF5
6A63	N126EC	LJ45
6A65	N126EE	VELO
6A70	N126ER	GLID
6A71	N126ES	C208
6A7E	N126FE	B763
6A97	N126GE	SR22
6A9D	N126GL	BE36
6AA3	N126GS	PA12
6AA7	N126GW	S58T
6AA8	N126GX	GX
6AAB	N126H	BE35
6AAD	N126HB	AT5T
6AB1	N126HF	C172
6AB4	N126HJ	PA24
6AB5	N126HK	B26
6AB6	N126HL	RV10
6AB9	N126HP	B26
6ABA	N126HQ	E75L
6ABB	N126HR	GLF5
6AC0	N126HW	GLID
6AC4	N126J	EFOX
6AC6	N126JB	RV6
6AC7	N126JC	C182
6AC8	N126JD	C195
6ACB	N126JG	FW90
6ACC	N126JH	BE20
6ACD	N126JJ	A109
6ACF	N126JL	GLID
6AD4	N126JR	RV4
6ADD	N126K	C172
6ADF	N126KB	GLST
6AE0	N126KC	H25B
6AE6	N126KJ	RV9
6AE8	N126KL	LJ55
6AE9	N126KM	C82S
6AEF	N126KT	T206
6AF2	N126KW	H500
6AF7	N126LA	AT6T
6AF9	N126LC	C195
6AFC	N126LF	BE58
6B02	N126LM	P32R
6B03	N126LN	AS50
6B07	N126LS	C210
6B0B	N126LW	C56X
6B0F	N126M	NG5
6B10	N126MA	PA30
6B12	N126MC	B350
6B13	N126MD	GLID
6B14	N126ME	C172
6B17	N126MH	GLID
6B1A	N126ML	PA44
6B1B	N126MM	BE9L
6B1C	N126MN	GLID
6B1D	N126MP	C182
6B20	N126MS	C180
6B25	N126MX	S22T
6B2F	N126NG	DA42
6B32	N126NK	GLID
6B39	N126NS	R22
6B3E	N126NX	C195
6B43	N126PB	EXEC
6B44	N126PC	P32R
6B45	N126PD	CH60
6B47	N126PF	PA30
6B48	N126PG	E55P
6B49	N126PH	CL30
6B4B	N126PK	P32R
6B52	N126PS	RV9
6B53	N126PT	SR22
6B6B	N126QS	GL5T
6B75	N126RB	C162
6B79	N126RF	C208
6B7A	N126RG	ST30
6B7B	N126RH	LNC2
6B7F	N126RM	GLID
6B84	N126RS	DHC2
6B87	N126RV	RV4
6B8C	N126S	C182
6B8D	N126SA	BE35
6B8F	N126SC	M20P
6B90	N126SD	RV9
6B92	N126SF	GLID
6B93	N126SG	GLID
6B94	N126SH	B06
6B96	N126SK	R44
6B9D	N126SS	GLID
6B9E	N126ST	P46T
6BA5	N126T	PA18
6BA6	N126TA	GLIM
6BA9	N126TD	GLID
6BAB	N126TF	C550
6BAF	N126TK	B58T
6BB1	N126TM	C310
6BB6	N126TS	PC12
6BB8	N126TU	GLID
6BBA	N126TW	C172
6BBE	N126U	T206
6BC8	N126UK	RV10
6BCC	N126UP	A306
6BCF	N126US	DA40
6BD3	N126UW	A320
6BD8	N126VA	R22
6BEA	N126VU	AA5
6BF0	N126W	GLID
6BF1	N126WA	BE9L
6BF2	N126WB	BL8
6BF5	N126WE	GLID
6BF7	N126WG	BE35
6BFA	N126WK	CRUZ
6C02	N126WT	C182
6C05	N126WW	M20P
6C38	N126YX	WAIX
6C56	N1260B	AC50
6C5D	N1260J	AC11
6C5F	N1260L	T206
6C60	N1260M	C182
6C64	N1260R	B14A
6C66	N1260T	P28A
6C67	N1260U	C172
6C6A	N1260X	M20P
6C6B	N1260Y	C150
6C6C	N1260Z	BE35
6C6D	N12600	C172
6C6F	N12602	C172
6C71	N12604	C172
6C77	N1261	C172
6C7B	N1261D	C170
6C7F	N1261H	AR15
6C84	N1261N	T50
6C86	N1261Q	C150
6C87	N1261R	BL17
6C88	N1261S	C182
6C89	N1261T	P28A
6C8A	N1261U	C172
6C93	N12613	C172
6C95	N12615	R22
6C97	N12617	C172
6C9A	N1262	S10
6C9E	N1262D	C170
6CA3	N1262J	AC11
6CA4	N1262K	BE30
6CA6	N1262M	C182
6CA9	N1262Q	C150
6CAA	N1262R	B14A
6CAB	N1262S	C182
6CAC	N1262T	C425
6CAD	N1262U	C172
6CB0	N1262X	M20P
6CB3	N12620	COUR
6CB5	N12622	C172
6CB6	N12623	C172
6CB7	N12624	C172
6CB8	N12625	C172
6CBD	N1263	GLID
6CBE	N1263A	PA18
6CC0	N1263C	PA22
6CC1	N1263D	C170
6CC3	N1263F	AT8T
6CCE	N1263S	C182
6CD6	N12630	C172
6CD7	N12631	C172
6CD8	N12632	C172
6CD9	N12633	O1
6CDB	N12635	C172
6CE1	N1264A	PA18
6CE3	N1264C	PA22
6CE4	N1264D	C170
6CE8	N1264H	AR15
6CEA	N1264K	L8
6CEF	N1264Q	C150
6CF2	N1264T	P28A
6CF3	N1264U	C172
6CF6	N1264X	M20P
6CF7	N1264Y	C150
6CF8	N1264Z	BE35
6CFA	N12641	C172
6D01	N12648	C172
6D02	N12649	C172
6D04	N1265A	PA18
6D05	N1265B	BE30
6D06	N1265C	SR20
6D07	N1265D	C170
6D08	N1265E	C172
6D11	N1265P	C152
6D12	N1265Q	C150
6D14	N1265S	C182
6D17	N1265V	AR6T
6D1B	N1265Z	BE95
6D1C	N12650	C172
6D1D	N12651	C172
6D1E	N12652	P38
6D1F	N12653	C172
6D21	N12655	C172
6D23	N12657	C172
6D26	N1266	J3
6D2A	N1266D	C170
6D2E	N1266H	AR15
6D32	N1266M	C337
6D33	N1266N	GLID
6D34	N1266P	COL4
6D36	N1266R	BL17
6D37	N1266S	C182
6D39	N1266U	C172
6D3D	N1266Y	COL4
6D40	N12661	C172
6D45	N12666	C208
6D47	N12668	C172
6D48	N12669	C172
6D49	N1267	E55P
6D4B	N1267B	PA18
6D4C	N1267C	PA22
6D4E	N1267E	CH7A
6D50	N1267G	C310
6D51	N1267H	AR15
6D52	N1267J	COL4
6D56	N1267N	C140
6D58	N1267Q	C150
6D59	N1267R	BL17
6D5A	N1267S	C182
6D5B	N1267T	CH7B
6D5C	N1267U	C172
6D61	N1267Z	BE35
6D63	N12671	C172
6D68	N12676	C172
6D6A	N12678	C172
6D6B	N12679	C172
6D6D	N1268A	PA18
6D6E	N1268B	L8
6D6F	N1268C	SR20
6D71	N1268E	CH7A
6D72	N1268F	COL4
6D74	N1268H	AR15
6D75	N1268J	AC11
6D76	N1268K	L8
6D78	N1268M	C182
6D7B	N1268Q	C150
6D7C	N1268R	COL4
6D7E	N1268T	P28A
6D80	N1268V	C172
6D84	N1268Z	BE95
6D85	N12680	PA18
6D87	N12682	C172
6D88	N12683	C172
6D89	N12684	C172
6D8C	N12687	C172
6D90	N1269A	PA18
6D92	N1269C	C177
6D93	N1269D	COL4
6D94	N1269E	COL4
6D9B	N1269M	C182
6D9F	N1269R	C177
6DA0	N1269S	C182
6DA2	N1269U	SA3
6DA7	N1269Z	BE95
6DAA	N12692	C172
6DAC	N12694	C172
6DB0	N12698	C172
6DB1	N12699	R22
6DB3	N127A	PTS1
6DB4	N127AA	A321
6DB5	N127AB	AS50
6DBB	N127AH	EC30
6DBD	N127AK	HUSK
6DBF	N127AM	A109
6DC1	N127AP	B06
6DC3	N127AR	C208
6DC5	N127AT	PA44
6DC7	N127AV	P28A
6DC9	N127AX	B190
6DCA	N127AY	GLIM
6DCC	N127B	BE35
6DCD	N127BA	B190
6DCE	N127BB	C425
6DD1	N127BE	EXEC
6DD2	N127BF	CRUZ
6DD4	N127BH	AS50
6DDD	N127BS	M20P
6DE4	N127BZ	BE36
6DE5	N127C	PA46
6DE7	N127CB	C700
6DE8	N127CC	PA18
6DE9	N127CD	SR20
6DEA	N127CE	P208
6DEB	N127CF	C82T
6DED	N127CH	EC30
6DF0	N127CL	C550
6DF1	N127CM	RV7
6DF3	N127CP	M7
6DF5	N127CR	GLF5
6DF7	N127CT	FDCT
6DFD	N127CZ	E120
6E00	N127DB	L8
6E01	N127DC	SR22
6E04	N127DF	S22T
6E05	N127DG	GLIM
6E07	N127DJ	PTMS
6E0A	N127DM	R44
6E0B	N127DN	A321
6E0E	N127DR	COL3
6E0F	N127DS	DA40
6E10	N127DT	PA18
6E11	N127DU	BCS1
6E17	N127E	HUSK
6E1B	N127ED	C152
6E20	N127EJ	BE40
6E21	N127EK	RV8
6E23	N127EM	LNC2
6E29	N127ET	C82R
6E2F	N127EZ	VEZE
6E30	N127F	BE95
6E35	N127FE	B763
6E39	N127FJ	C25A
6E3E	N127FP	GLIM
6E40	N127FR	C172
6E49	N127G	ERCO
6E4A	N127GA	BE20
6E4C	N127GC	Z42
6E53	N127GK	GLF2
6E55	N127GM	C195
6E5A	N127GS	PA12
6E5B	N127GT	P32R
6E5F	N127GX	GX
6E68	N127HF	C172
6E6A	N127HH	TWEN
6E6B	N127HJ	AC90
6E70	N127HP	F27
6E71	N127HQ	E75L
6E74	N127HT	S22T
6E7D	N127JB	KR2
6E7E	N127JC	GLID
6E80	N127JE	T206
6E86	N127JL	EC35
6E87	N127JM	C550
6E88	N127JN	RV6
6E89	N127JP	J3
6E8B	N127JR	AVTR
6E90	N127JW	AT8T
6E94	N127K	C172
6E95	N127KA	SF50
6E97	N127KC	DA40
6E98	N127KD	C172
6E9B	N127KG	SF50
6E9C	N127KH	AC50
6E9D	N127KJ	AA5
6EA0	N127KM	AR65
6EA3	N127KQ	K100
6EA5	N127KS	GLIM
6EA6	N127KT	RV8
6EA9	N127KW	C172
6EAD	N127L	LA25
6EAE	N127LA	CH70
6EB0	N127LC	J3
6EB3	N127LF	ACR2
6EB6	N127LJ	GLIM
6EC6	N127M	RV8
6EC7	N127MA	M20P
6EC8	N127MB	C310
6ECA	N127MD	P28A
6ECC	N127MF	PA18
6ECD	N127MG	GLIM
6ECE	N127MH	RV7
6ECF	N127MJ	C25A
6ED1	N127ML	BE18
6ED2	N127MM	GLIM
6ED4	N127MP	FA62
6ED7	N127MS	GLID
6ED9	N127MU	BE9L
6EE9	N127NK	DC92
6EF4	N127NW	SONX
6EF8	N127P	RV6
6EF9	N127PA	GLIM
6EFA	N127PB	SS2T
6F02	N127PK	CH75
6F08	N127PR	GLIM
6F09	N127PS	PTS2
6F0A	N127PT	WW24
6F0E	N127PX	GLIM
6F21	N127QR	B350
6F22	N127QS	GL5T
6F2C	N127RB	RV7
6F2D	N127RC	GLID
6F31	N127RG	C550
6F33	N127RJ	GLIM
6F35	N127RL	C182
6F36	N127RM	LNC2
6F3A	N127RR	GLF4
6F3B	N127RS	RV8
6F3E	N127RV	RV12
6F3F	N127RW	BE95
6F43	N127S	EFOX
6F44	N127SA	BL8
6F48	N127SE	GLID
6F49	N127SF	G280
6F4B	N127SH	R22
6F4D	N127SK	SR22
6F4E	N127SL	C82T
6F4F	N127SM	GLIM
6F53	N127SR	CL60
6F54	N127SS	GLID
6F55	N127ST	C172
6F5A	N127SY	E75L
6F5C	N127T	PA18
6F5D	N127TA	BE20
6F5E	N127TB	BE35
6F62	N127TF	RV8
6F63	N127TG	RV6
6F65	N127TJ	C182
6F68	N127TM	BL8
6F6D	N127TS	S22T
6F6E	N127TT	FOX
6F71	N127TW	PC12
6F72	N127TX	BE10
6F74	N127TZ	HUSK
6F7D	N127UH	PC24
6F83	N127UP	A306
6F86	N127US	DA42
6F8A	N127UW	A320
6F8F	N127VA	RV9
6F91	N127VC	C182
6F94	N127VF	T6
6F95	N127VG	P32R
6F99	N127VL	LJ31
6FA0	N127VT	S22T
6FAA	N127WC	GLIM
6FB3	N127WM	T18
6FC0	N127X	DA40
6FD7	N127XY	AC11
6FD9	N127Y	WACF
6FEB	N127YT	SGRA
6FF3	N127ZA	C550
7007	N127ZW	BE9L
700C	N1270A	PA18
700E	N1270C	PA22
7010	N1270E	CH7A
7013	N1270H	AR15
7014	N1270J	AC11
7018	N1270N	FB1A
701A	N1270Q	C150
701B	N1270R	B14A
701D	N1270T	P28A
701E	N1270U	C172
7021	N1270X	M20P
7025	N12701	C172
7026	N12702	C172
7028	N12704	C172
702A	N12706	C172
702B	N12707	C172
7030	N1271B	COL4
7035	N1271G	C310
7036	N1271H	AR15
7037	N1271J	AC11
703A	N1271M	GLF5
703C	N1271P	PA23
7040	N1271T	COL4
7041	N1271U	C172
7042	N1271V	C172
7046	N1271Z	BE35
7048	N12711	BE35
704A	N12713	C172
704C	N12715	R22
704D	N12716	C172
704F	N12718	BE18
7050	N12719	BE18
7051	N1272	E55P
7052	N1272A	PA18
705E	N1272N	COL4
7062	N1272S	C182
7063	N1272T	P28R
7067	N1272X	M20P
706B	N12721	C172
706E	N12724	C172
706F	N12725	C172
7071	N12727	COL4
7072	N12728	C172
7073	N12729	C172
7074	N1273	R44
7075	N1273A	PC12
7076	N1273B	L8
7077	N1273C	PA22
7078	N1273D	C170
707C	N1273H	P28R
707E	N1273K	L8
7082	N1273P	PA23
7085	N1273S	BE35
7086	N1273T	P28A
7087	N1273U	C172
7088	N1273V	J3
708B	N1273Y	C150
708D	N12730	C206
708E	N12731	DH82
708F	N12732	C172
7090	N12733	C172
7093	N12736	C172
7094	N12737	C172
7095	N12738	C172
7096	N12739	DH83
7098	N1274A	COL4
709C	N1274E	CH7A
709E	N1274G	C310
70A0	N1274J	AC11
70A3	N1274M	C182
70A7	N1274R	BL17
70A8	N1274S	C182
70A9	N1274T	C208
70AA	N1274U	C172
70AB	N1274V	C82S
70AD	N1274X	COL4
70B0	N12740	C172
70B1	N12741	C172
70B4	N12744	COL4
70B5	N12745	C172
70B7	N12747	SR22
70B8	N12748	SONX
70B9	N12749	C172
70BA	N1275	GLID
70BC	N1275B	HUSK
70C3	N1275J	AC11
70C4	N1275K	L8
70C6	N1275M	C337
70CA	N1275R	BL17
70CC	N1275T	P208
70D1	N1275Y	C150
70D3	N12750	C172
70D4	N12751	C172
70D6	N12753	C172
70D7	N12754	B737
70D8	N12755	O1
70DA	N12757	P28A
70DE	N1276A	T206
70E1	N1276D	C170
70E4	N1276G	C310
70E8	N1276L	COL4
70EA	N1276N	FA24
70EF	N1276T	P28A
70F0	N1276U	C172
70F1	N1276V	C303
70F4	N1276Y	C208
70F5	N1276Z	COL4
70F6	N12760	C172
70FC	N12766	C172
70FD	N12767	C177
70FE	N12768	C172
7101	N1277A	PA18
7102	N1277B	L8
7104	N1277D	C170
7105	N1277E	C25A
7106	N1277F	C172
7108	N1277H	AR15
710A	N1277K	AAT4
710C	N1277M	C337
7110	N1277R	BL17
7116	N1277X	M20P
7118	N1277Z	BE35
711B	N12772	C172
711F	N12776	C172
7120	N12777	C172
7122	N12779	C172
7124	N1278A	PA18
7127	N1278D	COL4
7128	N1278E	CH7A
712B	N1278H	PA34
712C	N1278J	AC11
712D	N1278K	L8
7134	N1278S	C182
7135	N1278T	P28A
713B	N1278Z	COL4
713E	N12782	C177
713F	N12783	C172
7145	N12789	C172
7146	N1279	CB1
7148	N1279B	L8
714A	N1279D	BE9L
714D	N1279G	C310
714E	N1279H	AR15
7150	N1279K	L8
7152	N1279M	C182
7155	N1279Q	C150
7156	N1279R	BL17
7157	N1279S	C182
715C	N1279X	M20P
715F	N12790	C172
7160	N12791	C172
7162	N12793	C172
7163	N12794	C172
7164	N12795	C172
7165	N12796	C172
716D	N128AC	AEST
716F	N128AE	BE36
7170	N128AF	R44
7171	N128AG	CLON
7172	N128AH	AS50
7174	N128AK	CB1
7175	N128AL	RV6
7176	N128AM	B789
7177	N128AN	A321
717A	N128AR	PA44
717B	N128AS	BE20
717E	N128AV	P28A
7183	N128B	SIRA
7186	N128BC	T28
7187	N128BD	GLST
718A	N128BG	LJ31
718E	N128BL	J3
7193	N128BR	C414
7194	N128BS	T28
7195	N128BT	CB1
7197	N128BV	SR22
7198	N128BW	C182
719C	N128C	P46T
719D	N128CA	LJ35
71A0	N128CD	SR20
71A1	N128CE	RV9
71A3	N128CG	C172
71A5	N128CJ	FOX
71A7	N128CL	BE36
71A8	N128CM	AT6T
71AA	N128CP	M7
71AC	N128CR	CRER
71B1	N128CW	SR22
71B7	N128DB	S22T
71B9	N128DD	FOX
71BC	N128DG	RV12
71BD	N128DH	M7
71C1	N128DM	CH7A
71C2	N128DN	A321
71C3	N128DP	P28A
71C6	N128DS	C208
71C8	N128DU	BCS1
71C9	N128DV	PA18
71CE	N128E	M20P
71D3	N128EE	P210
71D6	N128EH	R44
71D9	N128EL	SSTL
71DA	N128EM	T28
71DC	N128EP	C172
71E6	N128EZ	C441
71E8	N128FA	SR20
71EA	N128FC	UH1
71EC	N128FE	B763
71F9	N128FT	SR22
7203	N128GC	B105
7210	N128GR	P28R
7212	N128GT	KR2
7214	N128GV	GA6C
7216	N128GX	GX
721B	N128HB	P32T
7223	N128HK	CRER
7224	N128HL	E120
7227	N128HP	P2
7228	N128HQ	E75L
7229	N128HR	C172
7235	N128JC	T28
7236	N128JD	RV6
7238	N128JF	SR20
723B	N128JJ	PA18
723D	N128JL	F900
7240	N128JP	BE9T
7242	N128JR	C182
724B	N128K	BE95
724C	N128KA	T28
7253	N128KH	H25B
7257	N128KM	RV8
725B	N128KR	R44
725C	N128KS	GLIM
725D	N128KT	PA18
7264	N128L	WACF
7266	N128LB	PA30
726A	N128LF	RV8
726C	N128LH	RV8
726D	N128LJ	EUPA
726F	N128LL	AVID
7271	N128LN	AS50
7274	N128LR	LJ28
727E	N128MA	C172
727F	N128MB	AEST
7280	N128MC	C340
7281	N128MD	T28
7282	N128ME	J3
7283	N128MF	DV20
7284	N128MG	PA31
7289	N128MM	GLAS
728D	N128MR	RV8
728E	N128MS	RV12
728F	N128MT	PA44
7292	N128MW	VALI
72A6	N128NR	CLON
72A7	N128NS	B06
72AF	N128P	BE23
72B0	N128PA	P06T
72B1	N128PB	M20P
72B5	N128PF	SR22
72B8	N128PJ	PC24
72BD	N128PP	S22T
72C0	N128PS	DO28
72C1	N128PT	FA62
72C4	N128PW	AP22
72D9	N128QS	GLEX
72E1	N128R	C172
72E3	N128RB	TAIL
72E4	N128RC	T28
72E7	N128RF	GLIM
72F1	N128RR	C150
72F2	N128RS	RV6
72FB	N128SA	EN28
72FD	N128SC	C172
7300	N128SF	BE99
7302	N128SH	C172
7303	N128SJ	C421
7304	N128SK	FA8X
7306	N128SM	CH7B
730A	N128SR	SREY
730B	N128SS	GLID
730C	N128ST	C208
730F	N128SW	C180
7311	N128SY	E75L
7313	N128T	EN28
7314	N128TA	A4
731E	N128TL	RV12
7325	N128TT	T206
7334	N128UH	GLIM
733A	N128UP	A306
733D	N128US	DA40
7341	N128UW	A320
7351	N128VM	BL8
7357	N128VT	BE20
7358	N128VU	AA5
7360	N128WB	BE36
7361	N128WC	SR20
7364	N128WF	TBM7
7367	N128WJ	DHC6
7368	N128WK	T6
736A	N128WM	BE36
736C	N128WP	PA32
736E	N128WR	ST75
736F	N128WS	BE58
7373	N128WW	AT5T
7376	N128WZ	EAGL
7377	N128X	BE35
73A9	N128Z	TAYB
73C3	N1280A	F900
73C4	N1280B	L8
73C5	N1280C	PA22
73C6	N1280D	AVID
73C9	N1280G	C310
73D4	N1280T	P28R
73D9	N1280Y	C150
73DA	N1280Z	COL4
73DC	N12801	C172
73E0	N12805	C172
73E5	N1281	SR20
73E9	N1281D	C170
73EA	N1281E	CH7A
73EF	N1281K	RV6
73F1	N1281M	C337
73F4	N1281Q	C172
73F6	N1281S	C182
7401	N12813	C208
7407	N12819	C172
740A	N1282B	L8
740B	N1282C	PA22
740C	N1282D	COL4
740D	N1282E	CH7A
740E	N1282F	C185
7414	N1282M	COL4
7419	N1282S	R44
741B	N1282U	C172
741F	N1282Y	C150
7420	N1282Z	BE35
7421	N12820	C172
7422	N12821	C172
7423	N12822	C172
7429	N12828	DO28
742B	N1283	HUSK
742C	N1283A	PA18
742E	N1283C	PA22
7430	N1283E	CH7A
743A	N1283Q	C150
743B	N1283R	B14A
743E	N1283U	C172
7443	N1283Z	BE35
7444	N12830	C172
7445	N12831	C172
7447	N12833	C172
7448	N12834	C172
744A	N12836	C172
744E	N1284	T6
7450	N1284B	B350
7451	N1284C	SR20
7458	N1284K	L8
745C	N1284P	BE36
745D	N1284Q	C150
745E	N1284R	BL17
7460	N1284T	C182
7465	N1284Y	C150
7466	N1284Z	BE95
7467	N12840	C172
746E	N12847	G2T1
7470	N12849	C172
7475	N1285D	COL4
7477	N1285F	C185
7479	N1285H	AR15
7480	N1285Q	C150
7481	N1285R	BL17
7483	N1285T	C150
7485	N1285V	COL4
7486	N1285W	M20T
7488	N1285Y	C172
7489	N1285Z	BE95
7491	N12857	R22
7497	N1286C	COL4
7498	N1286D	C170
749A	N1286F	C185
749B	N1286G	P28A
749D	N1286J	AC11
74A6	N1286T	P28A
74AB	N1286Y	C150
74AD	N12860	C172
74B2	N12865	C172
74B3	N12866	C172
74B4	N12867	C172
74B5	N12868	C177
74B7	N1287	P210
74BA	N1287C	SR20
74BB	N1287D	COL4
74BC	N1287E	C172
74BE	N1287G	C208
74BF	N1287H	AR15
74C9	N1287T	PA32
74D1	N12871	C172
74D2	N12872	C172
74D4	N12874	C172
74D5	N12875	C172
74D6	N12876	C172
74D8	N12878	C172
74DB	N1288A	M20P
74DE	N1288D	C170
74E2	N1288H	P28A
74E7	N1288N	COL4
74E9	N1288Q	C150
74EB	N1288S	C182
74F2	N1288Z	BE35
74F3	N12880	C172
74F6	N12883	C172
74F7	N12884	C172
74F8	N12885	C172
74F9	N12886	C172
74FA	N12887	C172
74FB	N12888	B47G
74FD	N1289	AS14
7505	N1289H	AR15
750C	N1289Q	C150
750D	N1289R	BL17
7510	N1289U	T210
7513	N1289X	M20P
7514	N1289Y	C172
7519	N12893	C172
751C	N12896	R22
751D	N12897	C172
751E	N12898	C172
751F	N12899	C172
7522	N129AA	A321
7523	N129AB	BT36
7524	N129AC	B734
7527	N129AF	R44
7528	N129AG	PA44
7529	N129AH	C172
752B	N129AK	GLEX
7531	N129AR	A109
7532	N129AS	C310
7533	N129AT	A4
7535	N129AV	PA34
7537	N129AX	RV6
753A	N129B	BE35
753B	N129BA	C82T
753C	N129BB	PA31
753F	N129BE	BE36
7540	N129BF	B407
7542	N129BH	STOR
754A	N129BR	RV9
754B	N129BS	L29
7552	N129BZ	CH65
7553	N129C	TBM7
7554	N129CA	EXEC
7556	N129CC	PA18
7559	N129CF	GLAS
755A	N129CG	C208
755D	N129CK	C25A
755F	N129CM	C310
7561	N129CP	M7
7564	N129CS	C182
7565	N129CT	FDCT
756B	N129CZ	E120
756C	N129D	ACR2
756F	N129DC	SREY
7570	N129DD	LGEZ
7571	N129DE	FOX
7573	N129DG	C25B
7579	N129DN	A321
757A	N129DP	C310
757D	N129DS	GLAS
757F	N129DU	BCS1
7581	N129DW	MU2
758A	N129EE	BE33
758E	N129EJ	P46T
7590	N129EL	T206
7596	N129ES	R44
759A	N129EW	P28R
75A3	N129FE	B763
75AE	N129FR	C172
75B7	N129G	O1
75B9	N129GB	C650
75BA	N129GC	IR23
75BB	N129GD	E55P
75BD	N129GF	P208
75C5	N129GP	SR22
75C7	N129GR	COZY
75CC	N129GW	C172
75D0	N129H	DC3
75D1	N129HA	UH12
75D6	N129HF	C172
75DF	N129HQ	E75L
75EB	N129JB	CH60
75EE	N129JE	FA20
75F3	N129JK	J3
75F5	N129JM	M700
75FE	N129JW	PC12
7601	N129JZ	RV6
7604	N129KB	SREY
7613	N129KS	GLIM
7614	N129KT	C185
761B	N129L	ST75
761C	N129LA	BE65
761E	N129LC	PA31
7628	N129LN	AS50
7629	N129LP	C185
762C	N129LS	BRAV
762D	N129LT	C550
7634	N129M	C185
7635	N129MA	P28A
7636	N129MB	AC50
7638	N129MD	C175
763A	N129MF	RV4
763B	N129MG	GLIM
763F	N129ML	RAF2
7640	N129MM	L29
7645	N129MS	RV4
7646	N129MT	PA44
764F	N129NB	AS50
7655	N129NH	S58T
765A	N129NN	GLIM
765E	N129NS	GLF4
7667	N129PA	GLIM
7668	N129PB	C550
766D	N129PG	GLIM
766F	N129PJ	FDCT
7670	N129PK	PC12
7672	N129PM	DHC6
7676	N129PR	C185
7678	N129PT	FA62
767B	N129PW	RV12
767F	N129Q	BE95
7690	N129QS	GL5T
769A	N129RB	PA18
769B	N129RC	M20P
769C	N129RD	VELO
769E	N129RF	GLIM
76A1	N129RJ	BE36
76A6	N129RP	C550
76AC	N129RV	RV9
76B1	N129S	C172
76B2	N129SA	P28R
76B4	N129SC	PA32
76B5	N129SD	H500
76B6	N129SE	C82S
76BA	N129SJ	E300
76BC	N129SL	C172
76BF	N129SP	UH1
76C1	N129SR	SR22
76C3	N129ST	BE95
76C6	N129SW	C172
76C7	N129SX	SONX
76C8	N129SY	C172
76CC	N129TB	RV8
76D3	N129TJ	S22T
76D4	N129TK	LJ35
76D5	N129TL	FOX
76D7	N129TN	BE9L
76D8	N129TP	PC12
76DA	N129TR	BE36
76DE	N129TV	AS50
76DF	N129TW	B741
76E0	N129TX	L29
76E3	N129U	L29
76F1	N129UP	A306
76FC	N129V	C182
76FD	N129VA	VELO
7715	N129W	ECHO
771C	N129WG	A119
7721	N129WM	R44
7726	N129WS	C172
7727	N129WT	TAIL
772B	N129WX	GLIM
772C	N129WY	GLID
772E	N129X	BE35
7731	N129XC	CC19
7744	N129XX	MG29
7747	N129Y	WACF
774C	N129YE	R22
777C	N1290C	SR22
777D	N1290D	AT6T
777F	N1290F	C82T
7781	N1290H	P28A
7782	N1290J	AC11
7783	N1290K	C182
7785	N1290M	C182
7789	N1290R	B14A
778F	N1290X	M20P
7792	N12900	E145
7793	N12901	C172
7794	N12902	C172
779D	N1291A	PA18
779E	N1291B	L8
77A0	N1291D	C170
77A2	N1291F	C172
77A8	N1291M	C182
77A9	N1291N	COL4
77AA	N1291P	C182
77AD	N1291S	C182
77AE	N1291T	B350
77BA	N12915	C172
77BB	N12916	C172
77BC	N12917	C172
77BD	N12918	C172
77BE	N12919	C172
77C2	N1292C	C177
77C3	N1292D	C170
77C5	N1292F	C185
77C6	N1292G	C310
77C7	N1292H	CH7A
77C8	N1292J	AC11
77CB	N1292M	C182
77CD	N1292P	PA23
77CF	N1292R	B14A
77D2	N1292U	C172
77D3	N1292V	C208
77D5	N1292X	M20P
77D6	N1292Y	C150
77DB	N12923	C172
77DE	N12926	C172
77E4	N1293B	L8
77E5	N1293C	SR22
77E6	N1293D	C170
77E7	N1293E	C208
77E8	N1293F	C172
77EA	N1293H	AR15
77EC	N1293K	B350
77F1	N1293Q	C150
77F3	N1293S	C182
77F4	N1293T	PA34
77F6	N1293V	C310
77FC	N12931	C172
77FE	N12933	C172
7800	N12935	C172
7801	N12936	C172
7803	N12938	CAMP
7804	N12939	CAMP
7806	N1294A	PA18
7808	N1294C	C177
780A	N1294E	CH7A
780B	N1294F	C172
780D	N1294H	AR15
7811	N1294M	L8
7813	N1294P	COL4
7814	N1294Q	C150
7815	N1294R	BL17
7816	N1294S	C182
781B	N1294X	M20P
781E	N12940	C172
7825	N12947	C172
7829	N1295A	PA18
782C	N1295D	C170
7830	N1295H	AR15
7831	N1295J	COL4
783A	N1295T	P28A
783B	N1295U	C172
783E	N1295X	M20P
7842	N12951	C172
7843	N12952	C172
7844	N12953	C172
7846	N12955	C172
784B	N1296	WAIX
784C	N1296A	BE35
784E	N1296C	C177
7850	N1296E	CH7A
7851	N1296F	C185
7852	N1296G	C310
7857	N1296M	T206
785A	N1296Q	C150
785C	N1296S	C182
785E	N1296U	C172
7862	N1296Y	C208
7864	N12960	C172
7868	N12964	H500
786C	N12968	C172
786D	N12969	CAMP
786E	N1297	GLID
786F	N1297A	PA18
7872	N1297D	C170
7873	N1297E	COL4
7874	N1297F	C172
7875	N1297G	C310
7876	N1297H	PA32
7877	N1297J	AC11
7878	N1297K	L8
7879	N1297L	SR22
7880	N1297T	PA32
7884	N1297X	M20P
7887	N12970	C172
788A	N12973	C172
788B	N12974	C172
788D	N12976	C172
7893	N1298B	L8
7895	N1298D	C170
7898	N1298G	COL4
789D	N1298M	C182
78A1	N1298R	BL17
78A2	N1298S	C182
78A9	N1298Z	BE35
78AA	N12980	C172
78AC	N12982	C172
78AD	N12983	C172
78AE	N12984	C177
78AF	N12985	C172
78B2	N12988	CAMP
78B4	N1299	ERCO
78B5	N1299A	RV8
78B7	N1299C	PA18
78BC	N1299H	COL4
78BE	N1299K	COL4
78C0	N1299M	C210
78C2	N1299P	WAIX
78C5	N1299S	C182
78C7	N1299U	C172
78CA	N1299X	M20P
78CC	N1299Z	BE95
78CE	N12991	C172
78D0	HZ-135	C55B
78D1	N12994	C172
78D4	N12997	C172
78D7	N13	BE9L
78D8	N13A	DHC1
78D9	N13AA	T34P
78DE	N13AF	CP30
78DF	N13AG	PA34
78E0	N13AH	RV4
78E2	N13AK	BE58
78E3	N13AL	PA31
78E4	N13AM	COZY
78E7	N13AQ	PA11
78E8	N13AR	BE35
78E9	N13AS	B47G
78EA	N13AT	B06
78EC	N13AV	GA8
78F2	N13BA	C150
78F3	N13BB	C140
78F4	N13BC	SF50
78F5	N13BD	SA30
78F7	N13BF	HUSK
78FA	N13BJ	C210
78FC	N13BL	BE36
78FD	N13BM	GLID
78FF	N13BP	C320
7901	N13BR	PA23
7903	N13BT	VALI
7905	N13BV	RV3
7906	N13BW	RV6
7909	N13BZ	RS12
790A	N13C	C210
790B	N13CA	PA31
790C	N13CB	C172
7910	N13CF	VEZE
7914	N13CK	P28A
7915	N13CL	ERCO
7916	N13CM	EN28
7919	N13CQ	L8
791A	N13CR	C560
791C	N13CT	FOX
791D	N13CU	TBM9
791E	N13CV	RV6
7921	N13CY	GLID
7923	N13D	GLID
7924	N13DA	DA40
7925	N13DB	PA12
7926	N13DC	C25B
7927	N13DD	MA5
7928	N13DE	RV7
7929	N13DF	LGEZ
792E	N13DL	C501
7932	N13DQ	C208
7933	N13DR	C150
7934	N13DS	C82R
7938	N13DW	DHC1
793C	N13E	BE35
793D	N13EA	C152
7942	N13EF	C337
7943	N13EG	ACR2
7944	N13EH	WHIL
7945	N13EJ	BE33
7946	N13EK	RV4
7949	N13EN	RV6
794C	N13ER	C56X
794D	N13ES	PA31
794E	N13ET	S22T
7950	N13EV	RV6
7952	N13EX	E300
7959	N13FD	F260
795B	N13FF	PA18
795C	N13FG	C182
795D	N13FH	H60
7961	N13FM	O1
7965	N13FR	R66
7966	N13FS	PA31
7967	N13FT	P337
796C	N13FY	T6
796E	N13G	GA6C
7970	N13GB	PTMS
7973	N13GE	R44
7975	N13GG	BE9L
7976	N13GH	R22
7979	N13GL	MUS2
797C	N13GP	PA30
797E	N13GR	T18
7984	N13GX	EPIC
7985	N13GY	RV8
7986	N13GZ	BE9L
7987	N13H	DSA1
7988	N13HA	RV4
7989	N13HB	BK17
798B	N13HD	B06
798C	N13HE	COL4
798D	N13HF	S76
798F	N13HH	GLID
7991	N13HK	C177
7992	N13HL	C421
7993	N13HM	BE55
7997	N13HR	R22
7998	N13HS	TF19
7999	N13HT	R66
799B	N13HV	BRAV
799C	N13HW	C185
799E	N13HY	HUSK
79A0	N13J	GLF5
79A1	N13JA	SF50
79A2	N13JB	AEST
79A3	N13JC	BE18
79A5	N13JE	BE36
79A6	N13JF	CH75
79A7	N13JG	T34P
79A8	N13JH	BL8
79A9	N13JJ	BOLT
79AC	N13JM	CH75
79AE	N13JP	RV7
79B0	N13JR	GLEX
79B1	N13JS	GL7T
79B2	N13JT	C172
79B6	N13JX	J3
79BA	N13KA	GLAS
79BD	N13KD	C501
79BE	N13KE	RV3
79BF	N13KF	P28A
79C0	N13KG	C340
79C2	N13KJ	H500
79C3	N13KK	C172
79C5	N13KM	MG15
79C9	N13KR	P28A
79CA	N13KS	T210
79CB	N13KT	PTS2
79D3	N13LA	GLID
79D6	N13LD	EAGL
79D7	N13LE	J3
79D8	N13LF	RV7
79D9	N13LG	CH7B
79DE	N13LM	PA34
79DF	N13LN	ALIG
79E0	N13LP	PTS2
79E2	N13LR	GLIM
79E3	N13LS	HUSK
79E6	N13LV	M20P
79E8	N13LX	SF50
79ED	N13MB	JSX
79EE	N13MC	C180
79EF	N13MD	M20P
79F1	N13MF	C421
79F4	N13MJ	RV4
79F5	N13MK	BE55
79F6	N13ML	SR22
79FB	N13MR	RV4
79FC	N13MS	GLF6
7A00	N13MW	VEZE
7A01	N13MX	B407
7A02	N13MY	SR20
7A03	N13MZ	G164
7A04	N13N	RBEL
7A08	N13ND	AEST
7A09	N13NE	PA31
7A0A	N13NF	CRER
7A10	N13NM	PA18
7A11	N13NN	B06
7A12	N13NP	C180
7A15	N13NS	M20P
7A19	N13NW	C441
7A1D	N13P	PC12
7A20	N13PC	PA46
7A21	N13PD	RV7
7A22	N13PE	BE58
7A23	N13PF	EVOP
7A24	N13PG	C421
7A25	N13PH	SP7
7A27	N13PK	C310
7A28	N13PL	RV3
7A29	N13PM	BL8
7A2A	N13PN	BE35
7A2B	N13PP	SACE
7A2C	N13PQ	ERCO
7A2D	N13PR	E300
7A2F	N13PT	ST75
7A31	N13PV	EC30
7A32	N13PW	GLID
7A33	N13PX	SONX
7A34	N13PY	SR22
7A35	N13PZ	M7
7A37	N13QA	S22T
7A42	N13QM	HUSK
7A52	N13RC	P46T
7A54	N13RE	CB1
7A57	N13RH	CH7A
7A58	N13RJ	BE55
7A59	N13RK	BE36
7A5B	N13RM	B505
7A5C	N13RN	J2
7A61	N13RT	BE35
7A63	N13RV	RV3
7A66	N13RY	PA18
7A67	N13RZ	LA4
7A69	N13SA	GLF4
7A6C	N13SD	H500
7A6F	N13SG	GLIM
7A70	N13SH	PTS1
7A71	N13SJ	GLAS
7A72	N13SK	C172
7A73	N13SL	PA11
7A74	N13SM	SCOR
7A75	N13SN	HUSK
7A76	N13SP	C172
7A78	N13SR	SA30
7A79	N13SS	ST75
7A7A	N13ST	C501
7A7E	N13SX	SONX
7A7F	N13SY	C750
7A81	N13T	T34P
7A83	N13TB	GLID
7A86	N13TE	M20P
7A8B	N13TK	PL4
7A8D	N13TM	M20P
7A8E	N13TN	T210
7A8F	N13TP	C172
7A91	N13TR	IS28
7A93	N13TT	PA23
7A96	N13TW	BE58
7A97	N13TX	RV4
7A99	N13TZ	B105
7A9B	N13UA	PC12
7A9C	N13UB	RV10
7AA8	N13UP	WACF
7AB4	N13VA	RV9
7AB6	N13VC	PA18
7AB8	N13VE	SF50
7AB9	N13VF	RV8
7ABE	N13VL	EC45
7ABF	N13VM	BE33
7AC4	N13VS	RV3
7AC5	N13VT	VELT
7ACC	N13W	P32R
7ACE	N13WB	BE18
7AD0	N13WD	H500
7AD1	N13WE	COY2
7AD4	N13WH	WACF
7AD7	N13WL	BL8
7ADA	N13WP	PA31
7ADC	N13WR	P32R
7ADD	N13WS	C185
7ADE	N13WT	C182
7ADF	N13WU	VEZE
7AE1	N13WW	C185
7AE5	N13X	N3
7AE7	N13XB	RV8
7AEF	N13XK	GLST
7AF0	N13XL	J3
7AF1	N13XM	EAGL
7AF6	N13XS	LNC4
7AF9	N13XV	MIMU
7AFB	N13XX	BE35
7AFD	N13XZ	TAIL
7B04	N13YF	PA12
7B08	N13YK	YK52
7B0A	N13YM	PA18
7B0C	N13YP	C172
7B0F	N13YS	MU2
7B12	N13YV	LGEZ
7B16	N13YZ	BE36
7B17	N13Z	GLID
7B1D	N13ZF	M7
7B1E	N13ZG	FOX
7B23	N13ZM	HDJT
7B2F	N13ZZ	BE36
7B30	N130	EC30
7B32	N130AA	M600
7B34	N130AC	BL8
7B35	N130AD	EC30
7B36	N130AE	B06
7B39	N130AH	EC30
7B3D	N130AM	YAK3
7B3E	N130AN	A321
7B3F	N130AP	AFOX
7B41	N130AR	C130
7B43	N130AT	A4
7B46	N130AW	CH60
7B49	N130AZ	BE50
7B4B	N130BA	BE99
7B4C	N130BB	BOLT
7B50	N130BF	CRUZ
7B52	N130BH	B06
7B56	N130BM	AT8T
7B57	N130BN	RV6
7B5A	N130BR	RV4
7B5B	N130BS	GLST
7B5C	N130BT	VALI
7B5D	N130BU	EC30
7B5E	N130BV	PA31
7B5F	N130BW	PA32
7B61	N130BY	RV6
7B62	N130BZ	RV6
7B64	N130CA	GLID
7B66	N130CC	B06
7B69	N130CF	C152
7B6A	N130CG	C130
7B6E	N130CL	EC30
7B71	N130CP	T206
7B73	N130CR	EC30
7B74	N130CS	EC30
7B75	N130CT	TRDO
7B78	N130CW	GLIM
7B7B	N130CZ	EC30
7B7C	N130D	DC3
7B7D	N130DA	C172
7B7E	N130DB	PA18
7B7F	N130DC	GLID
7B83	N130DG	P28R
7B88	N130DM	BE9L
7B8D	N130DS	DA40
7B8F	N130DU	BCS1
7B91	N130DW	T206
7B95	N130E	B14A
7B98	N130EC	E50P
7B9A	N130EE	EC30
7BA3	N130EP	TB30
7BA5	N130ER	TAMP
7BAB	N130EX	SA75
7BB0	N130FB	G73
7BB3	N130FE	B763
7BC7	N130G	RV8
7BC9	N130GB	EC30
7BCA	N130GC	EC30
7BCD	N130GF	R44
7BCF	N130GH	PA32
7BD2	N130GL	GLID
7BD3	N130GM	EC30
7BD5	N130GP	BE99
7BD8	N130GS	H25B
7BDB	N130GV	GLF5
7BDC	N130GW	AA5
7BDD	N130GX	GX
7BDE	N130GY	RV4
7BE1	N130HA	UH12
7BE2	N130HB	EC30
7BE9	N130HJ	C150
7BEB	N130HL	C414
7BED	N130HN	EC30
7BEF	N130HQ	E75L
7BFA	N130JA	C172
7BFB	N130JB	GLIM
7BFE	N130JE	GLF4
7C01	N130JH	B06
7C03	N130JK	RV8
7C05	N130JM	P28A
7C0D	N130JV	EC30
7C0F	N130JX	SONX
7C12	N130K	P32R
7C13	N130KA	BE30
7C1A	N130KH	EC30
7C1B	N130KJ	EC30
7C1D	N130KL	TB30
7C22	N130KR	EC30
7C27	N130KW	RV9
7C2C	N130LA	M20P
7C33	N130LH	EC30
7C35	N130LK	SREY
7C36	N130LL	EC30
7C45	N130MA	RV7
7C46	N130MB	SR20
7C48	N130MD	EC30
7C49	N130ME	C82S
7C4A	N130MF	C700
7C4C	N130MH	SF50
7C4F	N130ML	CTAH
7C50	N130MM	PA30
7C55	N130MS	MU2
7C56	N130MT	PA44
7C57	N130MU	EC30
7C5F	N130NB	EC30
7C62	N130NE	EC30
7C64	N130NG	P46T
7C72	N130NW	EC30
7C79	N130PC	BN2P
7C7C	N130PF	EC30
7C7F	N130PJ	RV6
7C82	N130PM	RV6
7C86	N130PR	BE58
7C87	N130PS	AVID
7C88	N130PT	FA62
7C8B	N130PW	RV8
7C8F	N130Q	DC3
7CA9	N130RA	C340
7CAB	N130RC	P210
7CAF	N130RG	SR22
7CB0	N130RH	L8
7CB3	N130RL	BE20
7CB8	N130RR	P28A
7CBC	N130RV	C150
7CC3	N130SB	EC30
7CC4	N130SC	CH65
7CC7	N130SF	B190
7CCA	N130SJ	T206
7CCB	N130SK	R44
7CCF	N130SP	RV4
7CD1	N130SR	RV4
7CD2	N130SS	GLID
7CD8	N130SY	E75L
7CDA	N130T	P28R
7CDC	N130TB	RV12
7CDD	N130TC	C182
7CDE	N130TD	T28
7CE2	N130TH	AA5
7CE6	N130TM	TBM7
7CE8	N130TP	EC30
7CEF	N130TW	TAIL
7CF3	N130U	P46T
7D01	N130UP	A306
7D0C	N130V	B47G
7D18	N130VM	FOX
7D2A	N130WE	C56X
7D2D	N130WH	GLAS
7D36	N130WS	EC30
7D3A	N130WW	BE40
7D4E	N130XR	P32R
7D57	N130Y	WACF
7D59	N130YB	H25B
7D5B	N130YD	RV10
7D68	N130YS	RV8
7D6E	N130YY	RV6
7D89	N1300	SAVG
7D8A	N1300A	M20P
7D8C	N1300C	PA22
7D8D	N1300D	DH82
7D8E	N1300E	CH7A
7D93	N1300K	L8
7D97	N1300P	M7
7D98	N1300Q	C150
7D9A	N1300S	SA30
7D9B	N1300T	C172
7D9D	N1300V	SVNH
7DA1	N1300Z	BE35
7DA6	N13004	C172
7DA7	N13005	C172
7DAA	N13008	C172
7DAB	N13009	C172
7DAF	N1301C	PA22
7DB3	N1301G	GLIM
7DB4	N1301H	AR15
7DB5	N1301J	AC11
7DB7	N1301L	C207
7DB9	N1301N	T206
7DBF	N1301U	P28A
7DC8	N13013	B78X
7DC9	N13014	B78X
7DCD	N13018	B78X
7DCE	N13019	C177
7DD2	N1302C	COL4
7DD4	N1302E	CH7A
7DD6	N1302G	C182
7DD8	N1302J	AC11
7DDA	N1302L	C182
7DDE	N1302Q	C150
7DE0	N1302S	C182
7DE2	N1302U	C172
7DE6	N1302Y	C172
7DE7	N1302Z	BE95
7DE8	N13020	C172
7DEE	N13026	WACF
7DEF	N13027	WACF
7DF0	N13028	WACF
7DF1	N13029	WACF
7DF2	N1303	ZERO
7DF3	N1303A	SR22
7DF5	N1303C	PA22
7DF6	N1303D	C170
7DF7	N1303E	CH7A
7DFA	N1303H	SR22
7DFC	N1303K	L8
7DFE	N1303M	RV7
7E01	N1303Q	C150
7E05	N1303U	C172
7E07	N1303W	M20P
7E09	N1303Y	C172
7E0B	N13030	C172
7E0C	N13031	L39
7E0D	N13032	WACA
7E0E	N13033	C172
7E11	N13036	C172
7E12	N13037	WACC
7E14	N13039	C172
7E16	N1304A	PA18
7E19	N1304D	C170
7E1B	N1304F	C172
7E1D	N1304H	AR15
7E1F	N1304K	L8
7E21	N1304M	C150
7E26	N1304S	SONX
7E27	N1304T	GLID
7E28	N1304U	C172
7E2A	N1304W	M20P
7E2B	N1304X	UH1
7E2C	N1304Y	C172
7E2F	N13041	WACA
7E34	N13046	WACF
7E36	N13048	GLAS
7E39	N1305A	PA18
7E3A	N1305B	C172
7E3E	N1305F	C172
7E41	N1305J	AC11
7E46	N1305P	PA23
7E47	N1305Q	C150
7E49	N1305S	RV4
7E4F	N1305Y	C172
7E50	N1305Z	BE95
7E51	N13050	WACC
7E54	N13053	C172
7E57	N13056	C172
7E58	N13057	WACA
7E59	N13058	C172
7E5A	N13059	C172
7E5E	N1306C	C172
7E62	N1306G	C310
7E65	N1306K	L8
7E67	N1306M	C172
7E68	N1306N	ST75
7E70	N1306W	M20P
7E72	N1306Y	C172
7E75	N13061	C177
7E79	N13065	C172
7E7D	N13069	C172
7E7E	N1307	BE95
7E81	N1307C	C172
7E85	N1307G	C172
7E86	N1307H	P28A
7E8B	N1307N	ST75
7E94	N1307X	FA7X
7E95	N1307Y	C172
7E96	N1307Z	BE35
7E98	N13071	WACF
7E99	N13072	WACC
7E9B	N13074	WACF
7E9C	N13075	WACF
7E9D	N13076	C172
7E9E	N13077	C172
7E9F	N13078	C172
7EA0	N13079	C172
7EA1	N1308	S76
7EA3	N1308B	PA23
7EA4	N1308C	PA22
7EA8	N1308G	C310
7EA9	N1308H	AR15
7EAC	N1308L	COL4
7EB2	N1308S	C182
7EB4	N1308U	C150
7EB8	N1308Y	C172
7EB9	N1308Z	BE35
7EBB	N13081	C172
7EBD	N13083	C172
7EBE	N13084	C177
7EC6	N1309B	C550
7EC8	N1309D	C170
7ECB	N1309G	C172
7ECC	N1309H	AR15
7ED0	N1309M	C82T
7ED3	N1309Q	C150
7ED5	N1309S	C182
7ED7	N1309U	C172
7ED9	N1309W	M20P
7EDB	N1309Y	C172
7EDC	N1309Z	BE95
7EDF	N13092	C560
7EE0	N13093	C172
7EE2	N13095	C172
7EE3	N13096	C172
7EE6	N13099	C172
7EE7	N131	AA1
7EE9	N131AA	P46T
7EEA	N131AB	PA25
7EEC	N131AD	EFOX
7EED	N131AE	B105
7EEE	N131AF	PC12
7EF1	N131AJ	LJ35
7EF3	N131AL	H500
7EF4	N131AM	SR22
7EFA	N131AT	SREY
7EFD	N131AW	CH60
7F00	N131AZ	C172
7F01	N131B	BE35
7F02	N131BA	BE65
7F04	N131BC	D328
7F0B	N131BK	BU31
7F0C	N131BL	BE9L
7F0F	N131BP	CH60
7F13	N131BT	SU31
7F15	N131BV	E50P
7F1A	N131C	CRUZ
7F1B	N131CA	P28A
7F1C	N131CB	GLAS
7F1D	N131CC	SONX
7F1E	N131CD	SR20
7F1F	N131CE	SS2P
7F20	N131CF	C152
7F21	N131CG	C130
7F25	N131CL	C208
7F26	N131CM	RV8
7F28	N131CP	M7
7F2A	N131CR	CVLP
7F2C	N131CT	FDCT
7F2F	N131CW	CVLP
7F30	N131CX	GLIM
7F33	N131D	MIMU
7F34	N131DA	DA40
7F35	N131DB	LGEZ
7F37	N131DD	BE35
7F3E	N131DL	C82S
7F41	N131DP	PA23
7F43	N131DR	BU31
7F44	N131DS	GLF6
7F45	N131DT	T206
7F46	N131DU	BCS1
7F48	N131DW	BL8
7F49	N131DX	S22T
7F4C	N131E	C180
7F4D	N131EA	SR22
7F4F	N131EC	C130
7F53	N131EG	SR20
7F57	N131EL	RV10
7F5A	N131EP	F2TH
7F5D	N131ES	RV6
7F60	N131EV	CRJ9
7F65	N131F	BE95
7F66	N131FA	PA23
7F67	N131FB	E550
7F6A	N131FE	B763
7F6D	N131FH	BU31
7F6E	N131FJ	COZY
7F70	N131FL	CVLP
7F75	N131FR	C172
7F7E	N131G	BU31
7F81	N131GC	EC30
7F8C	N131GP	BE99
7F8F	N131GS	BL8
7F90	N131GT	SU31
7F9D	N131HF	S22T
7F9F	N131HH	BU31
7FA2	N131HL	P46T
7FA4	N131HN	EC45
7FA5	N131HP	PA31
7FA6	N131HQ	E75L
7FA8	N131HS	RV4
7FB1	N131JA	AVID
7FB2	N131JB	CC19
7FB3	N131JC	BU31
7FB4	N131JD	C172
7FB5	N131JE	GLF4
7FB6	N131JF	LGEZ
7FB8	N131JH	GLST
7FBA	N131JK	BU31
7FBB	N131JL	BN2P
7FBC	N131JM	HUSK
7FC0	N131JR	CL35
7FC1	N131JS	SONX
7FC2	N131JT	AC50
7FC6	N131JX	LJ45
7FCA	N131KA	KMAX
7FCF	N131KF	BE30
7FD0	N131KG	BE30
7FD9	N131KR	CL35
7FDA	N131KS	CL30
7FE0	N131KY	AA5
7FE5	N131LC	RV7
7FE6	N131LD	RV6
7FE8	N131LF	EC45
7FE9	N131LG	F900
7FEA	N131LH	RV6
7FED	N131LL	P28A
7FEF	N131LN	EC30
7FF2	N131LR	P28A
7FF4	N131LT	S22T
7FF6	N131LV	BU31
7FFC	N131MA	M20P
7FFF	N131MD	BE35
8000	N131ME	BE58
8002	N131MG	SR22
8003	N131MH	CC11
8004	N131MJ	C25B
8005	N131MK	LEG2
8006	N131ML	C525
8007	N131MM	VELO
8009	N131MP	PA31
800B	N131MR	BU31
800C	N131MS	C25C
800D	N131MT	C172
8010	N131MW	COL4
8021	N131NN	A321
8029	N131NW	H500
802F	N131PB	C310
8030	N131PC	PA31
8034	N131PG	C650
8035	N131PH	M7
8038	N131PL	C25A
803D	N131PR	DC3
803E	N131PS	QIC2
805F	N131R	RV4
8060	N131RA	CH7A
8061	N131RB	RV4
8062	N131RC	BL8
8065	N131RF	C208
8066	N131RG	TAGO
8067	N131RH	CH7A
8068	N131RJ	P28A
806A	N131RL	PA46
806B	N131RM	PA23
806F	N131RR	C560
8070	N131RS	FOX
8071	N131SA	M700
8073	N131RV	RV7
8074	N131RW	CLON
807B	N131SC	PA18
807C	N131SD	B06
807D	N131SE	BL8
807E	N131SF	B190
807F	N131SG	CH7B
8080	N131SH	EC35
8081	N131SJ	BE20
8086	N131SP	BE9T
8088	N131SR	SR22
8089	N131SS	GLID
808E	N131SX	RF10
808F	N131SY	E75L
8091	N131T	P46T
8095	N131TD	EC30
8098	N131TG	GLID
8099	N131TH	H60
809A	N131TJ	SR22
809C	N131TL	EC30
809D	N131TM	E300
80A4	N131TU	P208
80A5	N131TV	PA23
80A6	N131TW	BE55
80A9	N131TZ	H500
80AA	N131U	AA5
80B8	N131UP	A306
80BB	N131US	M20P
80D3	N131VR	VR7
80D6	N131VU	C72R
80DC	N131W	GC1
80DE	N131WB	HUSK
80E6	N131WK	PA18
80E7	N131WL	S61
80E8	N131WM	B06
80ED	N131WS	EC30
80F1	N131WW	BU31
810E	N131Y	C180
8114	N131YF	GA5C
8141	N1310A	BE35
8143	N1310C	BOLT
8145	N1310E	CH7A
8146	N1310F	C172
8149	N1310J	AC11
814A	N1310K	P28A
814C	N1310M	COL4
8152	N1310T	BE9L
8154	N1310V	C172
8156	N1310X	B47G
8159	N13100	C172
815A	N13101	C172
815D	N13104	C172
815F	N13106	COL4
8161	N13108	C177
8162	N13109	C172
8163	N1311	EC35
8167	N1311D	C170
8168	N1311E	CH7A
8169	N1311F	C172
816A	N1311G	C310
816C	N1311J	AC11
816E	N1311L	P337
816F	N1311M	DG15
8174	N1311S	C182
8179	N1311X	B47G
817B	N1311Z	BE95
817F	N13113	B752
8183	N13117	C172
8184	N13118	E45X
8185	N13119	C172
8187	N1312A	PA18
8189	N1312C	PA22
818B	N1312E	C172
818C	N1312F	C172
818D	N1312G	RV12
818E	N1312H	AR15
8191	N1312L	P337
8192	N1312M	C210
8193	N1312N	ST75
8197	N1312S	C182
8199	N1312U	C172
819B	N1312W	M20P
819D	N1312Y	C172
81A1	N13122	G44
81A2	N13123	E45X
81A3	N13124	E45X
81A6	N13127	C172
81A7	N13128	C177
81A8	N13129	C172
81AB	N1313B	B14A
81AD	N1313D	C170
81AE	N1313E	CH7A
81B3	N1313K	L8
81B6	N1313N	ST75
81B7	N1313P	PA18
81B9	N1313R	C310
81BE	N1313W	BE36
81BF	N1313X	B14A
81C0	N1313Y	C172
81C3	N13131	BE95
81C4	N13132	E45X
81C5	N13133	E45X
81CA	N13138	B752
81CC	N1314	D11
81CD	N1314A	PA18
81CE	N1314B	L8
81CF	N1314C	SR22
81D0	N1314D	C170
81D2	N1314F	C172
81D3	N1314G	C310
81D9	N1314N	ST75
81DD	N1314S	C337
81DF	N1314U	C210
81E1	N1314W	M20P
81E2	N1314X	C208
81E4	N1314Z	BE35
81E5	N13140	C172
81E8	N13143	C172
81E9	N13144	C172
81EC	N13147	C172
81EE	N13149	C170
81F0	N1315A	B350
81F1	N1315B	C82S
81F3	N1315D	E50P
81F4	N1315E	C172
81F5	N1315F	C172
81F9	N1315K	L8
81FB	N1315M	C182
81FC	N1315N	ST75
81FE	N1315Q	C150
8201	N1315T	RV6
8202	N1315U	C172
8204	N1315W	M20P
8205	N1315X	B47G
8207	N1315Z	BE95
8209	N13151	C172
820A	N13152	C172
820C	N13154	C172
820E	N13156	C172
820F	N13157	C172
8211	N13159	C180
8212	N1316	SA3
8213	N1316A	PA34
8219	N1316G	B350
821B	N1316J	AC11
821C	N1316K	L8
821F	N1316N	BEAR
8220	N1316P	PA23
8222	N1316R	BE36
8223	N1316S	P40
8226	N1316V	CH7A
8227	N1316W	M20P
8229	N1316Y	C172
822A	N1316Z	BE35
822B	N13160	C172
822C	N13161	E45X
822F	N13164	C172
8234	N13169	C172
8236	N1317A	PA18
823A	N1317E	C172
823D	N1317H	P28A
823F	N1317K	B350
8241	N1317M	C182
8242	N1317N	ST75
8243	N1317P	PA23
8245	N1317R	AA5
8246	N1317S	C182
8247	N1317T	P28A
8248	N1317U	C172
824A	N1317W	M20P
824F	N13171	C172
8256	N13178	C172
825C	N1318D	C170
8260	N1318H	P28R
8262	N1318K	L8
8266	N1318P	C185
8267	N1318Q	C172
8268	N1318R	AA5
826A	N1318T	P28A
8271	N13180	C177
8273	N13182	C172
8275	N13184	C172
8276	N13185	C172
8278	N13187	C172
8279	N13188	C172
8280	N1319E	C82R
8283	N1319H	AR15
8285	N1319K	L8
8286	N1319L	P337
8289	N1319P	PA23
828A	N1319Q	C150
828B	N1319R	AA5
8292	N1319Y	C172
8293	N1319Z	BE35
8294	N13190	C172
829A	N13196	C172
829E	N132	TBM9
829F	N132A	CLON
82A1	N132AB	EN28
82A2	N132AC	BL8
82A4	N132AE	B06
82AB	N132AM	P28A
82AC	N132AN	A321
82B0	N132AS	PC12
82B4	N132AW	CH60
82B8	N132B	BE55
82B9	N132BA	BE65
82BB	N132BC	P28A
82BF	N132BG	M20P
82C0	N132BH	AS50
82C3	N132BL	GA5C
82C5	N132BN	CH60
82C8	N132BR	B47G
82D1	N132C	PA30
82D2	N132CA	P28A
82D6	N132CE	C650
82D8	N132CG	C130
82D9	N132CH	P32R
82DC	N132CL	BEAR
82DD	N132CM	HUSK
82DF	N132CP	SR20
82E2	N132CS	C240
82EA	N132D	EFOX
82ED	N132DC	SRAI
82EE	N132DD	BE9L
82F6	N132DM	C180
82F8	N132DP	BL8
82FA	N132DR	P32R
82FB	N132DS	DA40
82FD	N132DU	BCS1
82FF	N132DW	PA44
8317	N132EV	CRJ9
831C	N132F	B14A
831E	N132FB	BE36
8321	N132FE	B763
8327	N132FL	F8L
8328	N132FM	RV3
8336	N132GA	RF6
8338	N132GC	EC30
8341	N132GM	P32R
8346	N132GS	C550
8347	N132GT	P32T
834B	N132GX	GX
834F	N132HA	UH12
8350	N132HB	WAIX
8352	N132HD	B06
835A	N132HM	C82R
835B	N132HN	EC35
835D	N132HQ	E75L
835F	N132HS	BE9L
8365	N132HY	HUSK
836A	N132JC	GALX
836C	N132JE	GLF4
836D	N132JF	GLST
8375	N132JP	PTS1
8379	N132JT	VEZE
837C	N132JW	AT6T
8383	N132KC	B190
8386	N132KF	FOX
838C	N132KM	PA32
838F	N132KQ	K100
8391	N132KS	WACF
8399	N132L	PA18
839C	N132LC	J3
839E	N132LE	PA32
83A4	N132LL	ALBU
83A6	N132LN	EC30
83AA	N132LS	RS12
83AB	N132LT	PA46
83B3	N132MA	M20P
83B7	N132ME	C82S
83BA	N132MH	R22
83BC	N132MK	T51
83C2	N132MR	PA18
83C4	N132MT	PA44
83CB	N132N	BE20
83D1	N132NF	LJ45
83D5	N132NK	E190
83E5	N132PA	BL8
83E7	N132PC	M20P
83ED	N132PJ	BL8
83EF	N132PL	SONX
83F5	N132PS	C206
83FD	N132Q	S108
840E	N132QS	GL5T
8418	N132RB	CH70
841A	N132RD	RV7
841C	N132RF	SR22
8420	N132RK	MUS2
8422	N132RM	C172
8427	N132RS	EXEC
842A	N132RV	RV7
842C	N132RX	C402
842F	N132S	GLID
8433	N132SD	GLF5
8436	N132SG	SAKO
843B	N132SM	C177
843F	N132SR	GLAS
8440	N132SS	GLID
8441	N132ST	PA32
8445	N132SX	RF10
8446	N132SY	E75L
8449	N132TA	VELO
844A	N132TB	GLST
844B	N132TC	R44
8450	N132TH	H500
8451	N132TJ	CRES
8456	N132TP	PC12
8459	N132TS	DA42
845A	N132TT	SR20
845D	N132TW	BE95
8464	N132UC	GLIM
848A	N132VR	VR7
848C	N132VT	RV7
848D	N132VU	C72R
849F	N132WM	SONX
84A4	N132WS	EC30
84AC	N132X	LEG2
84C5	N132Y	BE35
84DB	N132YX	WAIX
84F7	N1320	GLID
84F8	N1320A	PA18
84FA	N1320C	PA22
84FB	N1320D	C170
84FF	N1320H	AR15
8500	N1320J	AC11
8501	N1320K	B350
8508	N1320S	C182
850C	N1320W	M20P
850D	N1320X	SONX
850E	N1320Y	C172
8510	N13200	C172
8512	N13202	E45X
8513	N13203	C172
8515	N13205	C172
8516	N13206	C172
8518	N13208	C172
851A	N1321	RV8
851B	N1321A	B763
851C	N1321B	L8
851D	N1321C	COL4
851F	N1321E	CH7A
8521	N1321G	C310
8522	N1321H	P32R
852A	N1321R	AA5
852B	N1321S	C182
8531	N1321Y	C172
8534	N13211	C172
8535	N13212	C172
853C	N13219	C172
853D	N1322	AC11
853E	N1322A	PA18
853F	NAF205	B360
8541	N1322D	RV4
8542	N1322E	C172
8543	N1322F	C185
8544	N1322G	C310
8545	N1322H	AR15
8546	N1322J	AC11
8547	N1322K	C172
8548	N1322L	SR22
854C	N1322Q	C150
854D	N1322R	C185
854F	N1322T	K100
8552	N1322W	TEAL
8553	N1322X	BL8
8554	N1322Y	C82S
8557	N13221	C172
855C	N13226	C172
855D	N13227	B738
855E	N13228	C172
8560	N1323	RV4
8561	N1323A	B350
8562	N1323B	L8
8564	N1323D	T206
8565	N1323E	C82R
8568	N1323H	AR15
856A	N1323K	C172
856C	N1323M	C182
856D	N1323N	C82S
8570	N1323R	C208
8576	N1323X	C172
8577	N1323Y	C208
857A	N13231	C172
857B	N13232	C172
857C	N13233	GLID
857E	N13235	B14A
857F	N13236	C172
8581	N13238	C172
8582	N13239	C172
8584	N1324A	PA18
8586	N1324C	PA22
8588	N1324E	C172
8589	N1324F	C172
858A	N1324G	C208
858B	N1324H	AR15
858C	N1324J	RV8
8592	N1324Q	COL4
8596	N1324U	C172
8597	N1324V	C172
8598	N1324W	M20P
859A	N1324Y	C172
859B	N1324Z	BE35
859C	N13240	C172
859F	N13243	C172
85A0	N13244	ST75
85A4	N13248	B738
85A5	N13249	C172
85A6	N1325	RV8
85A7	N1325A	PA18
85A8	N1325B	L8
85AA	N1325D	C82S
85AC	N1325F	C172
85AF	N1325J	AC11
85B6	N1325R	AA1
85B7	N1325S	C182
85BA	N1325V	C172
85BD	N1325Y	C82S
85C3	N13254	C172
85C4	N13255	C172
85C6	N13257	C172
85C7	N13258	C172
85C8	N13259	C82S
85CA	N1326A	C68A
85CB	N1326B	B350
85CC	N1326C	S22T
85CE	N1326E	CH7A
85CF	N1326F	C172
85D3	N1326K	PTS2
85D6	N1326N	J3
85D8	N1326Q	C150
85DA	N1326S	F2TH
85DB	N1326T	P28A
85DD	N1326V	C172
85E0	N1326Y	C172
85E1	N1326Z	BE35
85E3	N13261	C172
85E4	N13262	C172
85E5	N13263	C172
85E8	N13266	C172
85EB	N13269	C172
85EC	N1327	L8
85ED	N1327A	B763
85F1	N1327E	T206
85F2	N1327F	C172
85F3	N1327G	COL4
85F5	N1327J	C25A
85F6	N1327K	T206
85F8	N1327M	ST75
85F9	N1327N	C172
85FC	N1327R	AA5
85FD	N1327S	C182
85FE	N1327T	PA32
8601	N1327W	M20P
8603	N1327Y	C172
8608	N13273	C172
860A	N13275	C172
860B	N13276	C172
860C	N13277	C172
860D	N13278	C172
8611	N1328B	T28
8613	N1328D	RV6
8614	N1328E	C172
8615	N1328F	C172
8618	N1328J	AC11
861C	N1328N	C82S
861F	N1328R	AA5
8622	N1328U	C172
8623	N1328V	FINC
8627	N1328Z	BE35
8628	N13280	C185
862A	N13282	C177
862B	N13283	C172
862D	N13285	C177
862E	N13286	C172
862F	N13287	C172
8633	N1329A	PA18
8635	N1329C	PA22
8636	N1329D	C82S
863A	N1329H	AR15
863C	N1329K	L8
863E	N1329M	ST75
8640	N1329P	PA23
8641	N1329Q	C172
8645	N1329U	C210
8646	N1329V	C172
8647	N1329W	M20P
864A	N1329Z	BE35
864C	N13291	T206
864E	N13293	C172
864F	N13294	C172
8650	N13295	C172
8651	N13296	C172
8652	N13297	C180
8655	N133	UH1
865B	N133AE	B06
865F	N133AJ	C172
8660	N133AK	B350
8661	N133AL	MT
8663	N133AN	A321
8664	N133AP	FOX
8666	N133AR	TTWO
8668	N133AT	T33
866B	N133AW	LEG2
866F	N133B	EFOX
8670	N133BA	B190
8677	N133BH	H500
8678	N133BJ	BU33
867D	N133BP	WAIX
8680	N133BS	BE33
8681	N133BT	VALI
8682	N133BU	BU33
8688	N133C	T33
8689	N133CA	P212
868A	N133CB	P28R
868B	N133CC	R44
868C	N133CD	SR20
868F	N133CG	BE33
8692	N133CK	T33
8693	N133CL	M20P
8695	N133CN	T33
8696	N133CP	C172
8698	N133CR	T33
869D	N133CW	C310
86A1	N133D	DC3
86A2	N133DA	DV20
86A3	N133DB	M20P
86A4	N133DC	AVID
86A6	N133DE	AT5T
86A7	N133DF	E300
86AD	N133DM	K100
86AF	N133DP	FOX
86B1	N133DR	PA32
86B2	N133DS	C182
86B4	N133DU	BCS1
86B5	N133DV	T33
86B6	N133DW	RV6
86B7	N133DX	BU33
86BA	N133E	BU33
86BD	N133EC	BE33
86C2	N133EH	B105
86C3	N133EJ	LJ35
86C6	N133EM	BE36
86CC	N133ET	RV7
86CE	N133EV	CRJ9
86D3	N133F	PA22
86D6	N133FC	BE35
86D8	N133FE	B763
86D9	N133FF	C130
86E5	N133FT	PA11
86EC	N133G	S22T
86ED	N133GA	BE20
86F7	N133GL	C25A
86F8	N133GM	BE33
8702	N133GX	GX
8705	N133H	EXEC
8706	N133HA	UH12
870B	N133HF	AT5T
870C	N133HG	BU33
870D	N133HH	T33
8712	N133HN	EC30
8714	N133HQ	E75L
8716	N133HS	RV8
8722	N133JD	BU33
8724	N133JF	BL8
8725	N133JG	EC35
8726	N133JH	BU33
8729	N133JL	RV6
872C	N133JP	C175
8733	N133JW	BU33
8739	N133KB	PA46
873D	N133KF	FOX
8741	N133KK	T33
8746	N133KQ	K100
8748	N133KS	H25B
8750	N133L	BE35
8752	N133LB	GLID
8753	N133LC	J3
875B	N133LL	NG5
875C	N133LM	RV3
875D	N133LN	EC30
8761	N133LS	G3
8769	N133M	BE35
876A	N133MA	CH7B
876B	N133MB	R44
876C	N133MC	SR20
876D	N133MD	BE33
8771	N133MH	T33
8774	N133ML	NG5
8779	N133MR	BE95
877B	N133MT	RV7
877E	N133MW	BE33
8782	N133N	BL8
8785	N133NC	RV8
8786	N133ND	P337
878E	N133NM	F900
879B	N133P	EFOX
879E	N133PC	C340
87A0	N133PE	PC12
87A3	N133PH	EC30
87A4	N133PJ	BL8
87A5	N133PK	P46T
87AB	N133PR	M20P
87AC	N133PS	PTS2
87AD	N133PT	PA32
87B4	N133Q	BE35
87C5	N133QS	GL5T
87CD	N133R	ST75
87D0	N133RC	GLF4
87D1	N133RD	SREY
87D3	N138RF	C208
87D4	N133RG	WACF
87D6	N133RJ	M20P
87D8	N133RL	FA6X
87D9	N133RM	KR2
87DB	N133RP	SA75
87DE	N133RS	J3
87E8	N133SB	BE33
87E9	N133SC	C501
87EC	N133SF	P28A
87F2	N133SM	M20P
87F6	N133SR	P46T
87F7	N133SS	GLID
87FA	N133SV	VELO
87FD	N133SY	E75L
87FF	N133T	PA18
8801	N133TB	LNC2
8803	N133TD	BE33
8805	N133TF	C510
8807	N133TH	H60
8810	N133TS	C182
8812	N133TU	P208
8815	N133TX	RS21
8818	N133U	AA5
8826	N133UP	A306
8831	N133V	BU33
883D	N133VM	BE33
8842	N133VS	LJ45
8844	N133VU	C72R
8846	N133VW	C182
884D	N133WC	PA46
8852	N133WH	UH12
8858	N133WP	EAGL
8862	N133WZ	SSTL
88AF	N1330A	PA18
88B0	N1330B	L8
88B3	N1330E	CH7A
88B5	N1330G	T206
88B6	N1330H	AR15
88B8	N1330K	L8
88BB	N1330N	C172
88C0	N1330T	P28A
88C2	N1330V	C172
88C3	N1330W	M20P
88C5	N1330Y	C172
88C8	N13301	C172
88CA	N13303	C172
88CC	N13305	C177
88CE	N13307	C177
88D2	N1331A	PA18
88D4	N1331C	C212
88D5	N1331D	C170
88D6	N1331E	CH7A
88D7	N1331F	C172
88D9	N1331H	AR15
88DA	N1331J	AC11
88DC	N1331L	P28B
88DD	N1331M	T210
88E1	N1331R	AA5
88E2	N1331S	C182
88E3	N1331T	P28A
88E8	N1331Y	C172
88E9	N1331Z	BE35
88EB	N13311	SREY
88EC	N13312	C172
88EE	N13314	C177
88F3	N13319	C172
88F6	N1332B	B350
88FA	N1332F	F9F
8903	N1332Q	C150
8905	N1332S	C182
8906	N1332T	P28A
8909	N1332W	M20P
890C	N1332Z	BE95
890D	N13320	C172
890F	N13322	FA62
8910	N13323	C172
8912	N13325	RELI
8914	N13327	C172
8917	N1333	BE95
891A	N1333C	C177
891B	N1333D	WACF
891C	N1333E	C172
891D	N1333F	SR22
891F	N1333H	P32R
8921	N1333K	L8
8923	N1333M	C172
8925	N1333P	C182
8927	N1333R	AA5
8928	N1333S	BL17
8929	N1333T	C210
892A	N1333U	C172
892C	N1333W	M20P
892D	N1333X	B47G
8930	N13330	C172
8931	N13331	COL4
8933	N13333	C172
8934	N13334	C172
8937	N13337	C172
893B	N1334A	PA18
893F	N1334E	CH7A
8940	N1334F	C172
8942	N1334H	PA34
8948	N1334P	PA23
894B	N1334S	C182
894C	N1334T	P28R
894F	N1334W	M20P
8950	N1334X	COL4
8951	N1334Y	C172
8955	N13342	C177
8959	N13346	C172
8960	N1335C	PA22
8965	N1335H	P28A
8969	N1335M	DG15
896C	N1335Q	C150
896D	N1335R	AA5
8972	N1335W	M20P
8973	N1335X	B47G
8979	N13353	C172
897C	N13356	C172
8981	N1336A	PA18
8982	N1336B	L8
8983	N1336C	SR22
8984	N1336D	GLST
8986	N1336F	C172
8989	N1336J	AR6T
898C	N1336M	DG15
8990	N1336R	AA5
8991	N1336S	C182
8993	N1336U	C172
8995	N1336W	M20P
899B	N13362	C177
899D	N13364	C172
899E	N13365	C172
899F	N13366	C172
89A0	N13367	C172
89A4	N1337A	CORS
89A5	N1337B	L8
89A7	N1337D	C170
89A8	N1337E	CH7A
89AB	N1337H	AR15
89AE	N1337L	C337
89B2	N1337Q	C150
89B3	N1337R	AA5
89B5	N1337T	P28A
89B8	N1337W	M20P
89BB	N1337Z	BE35
89BC	N13370	C172
89BE	N13372	T6
89BF	N13373	C172
89C1	N13375	CHR1
89C2	N13376	C172
89C3	N13377	C172
89C4	N13378	C172
89C5	N13379	C177
89C8	N1338B	C206
89CB	N1338E	CH7A
89CC	N1338F	C172
89CD	N1338G	C310
89CF	N1338J	AC11
89D9	N1338U	C411
89DA	N1338V	C172
89DD	N1338Y	C172
89E2	N13383	C172
89E3	N13384	C172
89E5	N13386	C172
89EC	N1339C	PA22
89EE	N1339E	CH7A
89EF	N1339F	C172
89F0	N1339G	C310
89F5	N1339M	ST75
89F9	N1339R	AA5
89FD	N1339V	C172
89FE	N1339W	M20P
8A00	N1339Y	C172
8A01	N1339Z	BE95
8A03	N13391	C172
8A06	N13394	C172
8A09	N13397	YALE
8A0B	N13399	C172
8A0C	N134	T34P
8A0D	N134A	T34P
8A0E	N134AA	R44
8A10	N134AC	PA34
8A12	N134AE	B06
8A13	N134AF	T34P
8A16	N134AJ	SR22
8A17	N134AK	RV7
8A18	N134AL	CH70
8A19	N134AM	EC35
8A1A	N134AN	A321
8A1D	N134AR	TRDO
8A22	N134AW	V1
8A26	N134B	C172
8A27	N134BA	BE65
8A28	N134BB	BE36
8A29	N134BC	GLID
8A2A	N134BD	T34P
8A2C	N134BF	CRUZ
8A31	N134BL	T34P
8A37	N134BS	T34P
8A3B	N134BW	HUSK
8A3F	N134C	S108
8A42	N134CC	PA18
8A43	N134CD	T34P
8A47	N134CH	P32R
8A48	N134CJ	FA50
8A49	N134CK	SR22
8A4C	N134CN	RV9
8A4D	N134CP	M7
8A51	N134CT	FDCT
8A58	N134D	T34P
8A59	N134DA	H60
8A5A	N134DB	T34P
8A5B	N134DC	RV8
8A5C	N134DD	HUSK
8A60	N134DH	T34P
8A61	N134DJ	C82T
8A64	N134DM	WAIX
8A68	N134DR	BE18
8A69	N134DS	PA34
8A6B	N134DU	BCS1
8A6D	N134DW	PA44
8A7D	N134EM	T33
8A81	N134ER	TAMP
8A85	N134EV	CRJ9
8A8A	N134F	BE95
8A8D	N134FC	P28A
8A8F	N134FE	B763
8A96	N134FM	C56X
8A98	N134FP	BU31
8A9B	N134FS	PA23
8AAA	N134GG	C340
8AAE	N134GL	T34P
8AAF	N134GM	V1
8AB8	N134GW	C82S
8AC2	N134HF	A139
8ACB	N134HQ	E75L
8ACC	N134HR	T34P
8ACD	N134HS	AN2
8AD6	N134JA	CH7A
8AD7	N134JB	RV6
8AD8	N134JC	T34P
8ADB	N134JF	M20P
8AE3	N134JP	VELO
8AE6	N134JS	P28R
8AE7	N134JT	P180
8AE9	N134JV	BE18
8AEF	N134KA	C82S
8AF1	N134KC	T34P
8B0A	N134LC	T34P
8B13	N134LM	T34P
8B14	N134LN	EC30
8B18	N134LS	G3
8B20	N134M	P46T
8B21	N134MA	BL8
8B22	N134MB	T34P
8B23	N134MC	M20P
8B24	N134MD	BE58
8B25	N134ME	RV3
8B27	N134MG	PA34
8B28	N134MH	M7
8B2B	N134ML	PA44
8B2C	N134MM	T34P
8B2D	N134MN	B350
8B2E	N134MP	M20P
8B31	N134MS	B06
8B45	N134NM	RV9
8B52	N134P	BE36
8B54	N134PB	CC11
8B58	N134PF	PC12
8B59	N134PG	SR20
8B5B	N134PJ	C172
8B5E	N134PM	BE99
8B63	N134PS	DA40
8B6B	N134Q	WACF
8B7C	N134QS	GL5T
8B84	N134R	PA11
8B87	N134RC	BL8
8B8A	N134RF	T206
8B8C	N134RH	BE18
8B94	N134RR	T34P
8B95	N134RS	RV4
8B96	N134RT	BEAR
8B98	N134RV	V1
8B99	N134RW	RV4
8B9D	N134S	TRDO
8B9F	N134SB	BE18
8BA1	N134SD	B06
8BA3	N134SF	P28A
8BA9	N134SM	BE18
8BAB	N134SP	B06
8BAD	N134SR	SR22
8BAF	N134ST	P46T
8BB2	N134SW	PRM1
8BB4	N134SY	E75L
8BB6	N134T	GLID
8BB9	N134TC	SR22
8BBA	N134TD	T34P
8BBC	N134TF	BE33
8BBD	N134TG	SREY
8BC2	N134TM	GLID
8BC7	N134TS	AEST
8BCA	N134TV	AS50
8BCB	N134TW	PC12
8BCC	N134TX	T34P
8BDD	N134UP	A306
8BE0	N134US	YAK3
8BEF	N134VG	B06
8BF6	N134VP	P28A
8BF8	N134VR	VR7
8BFB	N134VU	C72R
8C03	N134WB	NAVI
8C05	N134WD	RV6
8C0D	N134WM	CL60
8C19	N134WZ	HIGH
8C2B	N134XS	RF10
8C33	N134Y	T34P
8C65	N1340	FB1A
8C66	N1340A	PA18
8C6A	N1340E	C172
8C6D	N1340H	AR15
8C6E	N1340J	AC11
8C71	N1340M	COL4
8C77	N1340T	P28A
8C79	N1340V	G44
8C7A	N1340W	M20P
8C7B	N1340X	WACC
8C7C	N1340Y	C172
8C7D	N1340Z	BE95
8C7E	N13400	C172
8C7F	N13401	WACA
8C80	N13402	C172
8C82	N13404	C172
8C83	N13405	C172
8C84	N13406	C172
8C86	N13408	WACC
8C8C	N1341D	C170
8C8D	N1341E	CH7A
8C8E	N1341F	C172
8C90	N1341H	P28A
8C96	N1341P	C82T
8C98	N1341R	AA5
8C9A	N1341T	P28R
8C9C	N1341V	BE17
8C9F	N1341Y	C172
8CA0	N1341Z	BE95
8CA1	N13410	WACA
8CA2	N13411	C177
8CA3	N13412	WACC
8CA9	N13418	WACC
8CAA	N13419	WACF
8CAB	N1342	GLID
8CAE	N1342C	PA20
8CAF	N1342D	C170
8CB0	N1342E	SRAI
8CB1	N1342F	C172
8CB2	N1342G	C310
8CB3	N1342H	P28A
8CB7	N1342M	ST75
8CBB	N1342R	AA5
8CBC	N1342S	C182
8CBD	N1342T	P28R
8CBE	N1342U	BD4
8CC1	N1342X	B47G
8CCA	N13426	C172
8CCB	N13427	WACC
8CCD	N13429	C172
8CD0	N1343B	L8
8CD2	N1343D	C170
8CD8	N1343K	L8
8CDA	N1343M	ST75
8CDF	N1343S	C182
8CE0	N1343T	PA32
8CE3	N1343W	M20P
8CE7	N13430	C177
8CE8	N13431	C172
8CEA	N13433	C82T
8CEB	N13434	WACC
8CEC	N13435	C172
8CEE	N13437	C172
8CF4	N1344C	PA22
8CF5	N1344D	C170
8CF6	N1344E	CH7A
8CF9	N1344H	P28A
8CFD	N1344M	ST75
8CFF	N1344P	PA23
8D03	N1344T	LGEZ
8D04	N1344U	C182
8D05	N1344V	ST75
8D0C	N13442	WACF
8D0E	N13444	WACF
8D0F	N13445	C172
8D10	N13446	WACF
8D11	N13447	C172
8D14	N1345	PIVI
8D17	N1345C	C177
8D18	N1345D	C170
8D1C	N1345H	AR15
8D1E	N1345K	L8
8D21	N1345N	COL4
8D22	N1345P	PA23
8D24	N1345R	AA5
8D25	N1345S	C182
8D26	N1345T	T18
8D29	N1345W	M20P
8D2B	N1345Y	C172
8D2D	N13450	C172
8D2E	N13451	C172
8D2F	N13452	C172
8D31	N13454	C177
8D33	N13456	C172
8D38	N1346A	PA18
8D39	N1346B	L8
8D3A	N1346C	PA22
8D3B	N1346D	GLID
8D3C	N1346E	C172
8D3E	N1346G	C310
8D3F	N1346H	AR15
8D40	N1346J	AC11
8D42	N1346L	C337
8D43	N1346M	ST75
8D47	N1346R	AA5
8D49	N1346T	P28A
8D4C	N1346W	M20P
8D4D	N1346X	B47G
8D4F	N1346Z	RV7
8D50	N13460	C172
8D51	N13461	C172
8D54	N13464	C172
8D55	N13465	C172
8D58	N13468	C177
8D59	N13469	C172
8D5B	N1347A	PA18
8D5C	N1347B	L8
8D5D	N1347C	SR22
8D60	N1347F	C172
8D62	N1347H	P28R
8D6A	N1347R	AA5
8D6B	N1347S	C182
8D6C	N1347T	P28A
8D6E	N1347V	ST75
8D70	N1347X	B47G
8D78	N13475	C172
8D7C	N13479	C172
8D82	N1348E	CH7A
8D83	N1348F	C172
8D85	N1348H	AR15
8D87	N1348K	L8
8D88	N1348L	C172
8D8D	N1348R	AA5
8D91	N1348V	C172
8D93	N1348X	UH12
8D94	N1348Y	C172
8D95	N1348Z	UH12
8D97	N13481	C172
8D99	N13483	C172
8D9A	N13484	C177
8D9C	N13486	C172
8D9D	N13487	C172
8D9F	N13489	C172
8DA4	N1349D	C170
8DA6	N1349F	C172
8DA7	N1349G	C310
8DA8	N1349H	AR15
8DB1	N1349S	C182
8DB2	N1349T	P28R
8DB7	N1349Y	C172
8DB8	N1349Z	C152
8DBB	N13492	C172
8DBC	N13493	C177
8DBD	N13494	C172
8DC4	N135A	C185
8DC5	N135AA	BE9L
8DC6	N135AB	BE35
8DC9	N135AE	EC35
8DCD	N135AJ	LJ35
8DCF	N135AL	GLID
8DD0	N135AM	B407
8DD1	N135AN	EC35
8DD4	N135AR	DHC2
8DD6	N135AT	A4
8DD7	N135AU	C150
8DDE	N135BA	BE65
8DE0	N135BC	E55P
8DE1	N135BD	GLID
8DE2	N135BE	BE35
8DE3	N135BF	CRUZ
8DE5	N135BH	H60
8DED	N135BR	EC35
8DEE	N135BS	L13M
8DF0	N135BU	EC35
8DF2	N135BW	BE33
8DF6	N135C	EFOX
8DF7	N135CA	P212
8DF9	N135CC	C208
8DFB	N135CE	BE33
8DFD	N135CG	CL35
8DFE	N135CH	EC35
8DFF	N135CJ	EC35
8E02	N135CM	EC35
8E04	N135CP	EC35
8E07	N135CS	GLID
8E08	N135CT	FDCT
8E0C	N135CX	HDJT
8E10	N135DA	DA42
8E11	N135DB	GLID
8E13	N135DD	TB20
8E16	N135DG	P28R
8E17	N135DH	EC35
8E1B	N135DM	C180
8E1E	N135DQ	BCS1
8E20	N135DS	MR35
8E21	N135DT	SR22
8E24	N135DW	BE35
8E28	N135E	C172
8E2B	N135EC	EC35
8E2C	N135ED	EC35
8E2F	N135EG	P28A
8E34	N135EM	L39
8E39	N135ES	PA18
8E3C	N135EV	CRJ9
8E3E	N135EX	GLID
8E41	N135F	C182
8E43	N135FB	BE58
8E46	N135FE	B763
8E4C	N135FL	P46T
8E53	N135FT	GALX
8E5A	N135G	T206
8E5B	N135GA	RF6
8E60	N135GF	EC35
8E6B	N135GS	GLIM
8E73	N135H	C170
8E7C	N135HJ	BEAR
8E80	N135HN	EC45
8E82	N135HQ	E75L
8E8D	N135JA	BE35
8E8E	N135JB	C170
8E8F	N135JC	M20P
8E90	N135JD	VJ22
8E94	N135JH	AEST
8E95	N135JJ	CAMP
8E97	N135JL	BE35
8E98	N135JM	P46T
8E9C	N135JR	GLID
8E9E	N135JT	C82R
8EA1	N135JW	HUSK
8EA5	N135K	BE95
8EA8	N135KC	BE33
8EA9	N135KD	SR22
8EB6	N135KS	PA18
8EB7	N135KT	R44
8EBE	N135L	PA18
8EC0	N135LB	DO28
8EC1	N135LC	EC35
8EC4	N135LF	EC35
8EC8	N135LK	GLID
8EC9	N135LL	EC35
8ECE	N135LR	LJ55
8ED0	N135LT	LNP4
8ED4	N135LX	EC35
8ED7	N135M	BE9L
8ED8	N135MA	HUSK
8ED9	N135MB	EC20
8EDA	N135MC	AS50
8EDC	N135ME	HA4T
8EDD	N135MF	EC35
8EDE	N135MG	G44
8EDF	N135MH	EC35
8EE0	N135MJ	GLID
8EE1	N135MK	BE30
8EE2	N135ML	EC35
8EE4	N135MN	GLID
8EE8	N135MS	GLID
8EEC	N135MW	EC35
8EF0	N135N	EC35
8EF1	N135NA	GLIM
8EF3	N135NC	C185
8EFA	N135NK	EC35
8EFD	N135NN	A321
8EFE	N135NP	EC35
8F09	N135P	EFOX
8F0B	N135PB	PA31
8F0C	N135PC	PA18
8F0D	N135PD	PP3
8F0F	N135PF	PC12
8F10	N135PG	BE35
8F11	N135PH	EC30
8F12	N135PJ	C172
8F1F	N135PX	LESP
8F21	N135PZ	VJ22
8F33	N135QS	GL5T
8F3D	N135RB	PA18
8F3E	N135RC	GLAS
8F3F	N135RD	GLID
8F41	N135RF	C208
8F43	N135RH	RV7
8F44	N135RJ	PA31
8F47	N135RM	GLID
8F49	N135RP	SR22
8F4B	N135RR	BE35
8F50	N135RW	BE58
8F57	N135SC	E35L
8F5B	N135SG	E35L
8F5C	N135SH	LJ35
8F5E	N135SK	E35L
8F5F	N135SL	E35L
8F60	N135SM	CL60
8F62	N135SP	C56X
8F64	N135SR	SR22
8F65	N135SS	B360
8F6A	N135SX	E135
8F6B	N135SY	E75L
8F6D	N135T	HROC
8F6F	N135TB	BE35
8F71	N135TD	C82T
8F74	N135TG	EC35
8F76	N135TJ	EC35
8F79	N135TM	CH7A
8F7D	N135TR	C82S
8F7E	N135TS	T206
8F7F	N135TT	COL4
8F82	N135TW	PA31
8F86	N135U	PA44
8F94	N135UP	A306
8F97	N135US	PA46
8F98	N135UT	EC35
8FA0	N135VA	G164
8FA1	N135VB	BE35
8FA4	N135VE	PA31
8FAF	N135VR	VR7
8FB2	N135VU	C72R
8FB3	N135VV	EC35
8FB8	N135W	CC11
8FB9	N135WA	C152
8FBA	N135WB	R44
8FBB	N135WC	C560
8FBF	N135WG	PZ04
8FC1	N135WJ	EC35
8FC2	N135WK	PA18
8FC3	N135WL	EC35
8FC4	N135WM	PA18
8FC6	N135WP	PA18
8FCA	N135WT	SLG4
8FCD	N135WW	BE35
8FD0	N135WZ	SSTL
8FE2	N135XS	RF10
8FEA	N135Y	BE35
9000	N135YX	WAIX
901D	N1350A	DC3
901E	N1350B	L8
9020	N1350D	C170
9021	N1350E	CH7A
9022	N1350F	C172
9025	N1350J	AC11
9026	N1350K	L8
902C	N1350R	AA1
902F	N1350U	DHC1
9030	N1350V	C172
9033	N1350Y	C172
9035	N13500	C180
9039	N13504	C172
903B	N13506	C172
903C	N13507	C172
903D	N13508	C172
9042	N1351C	C177
9043	N1351D	C170
9044	N1351E	C172
9046	N1351G	C310
904F	N1351R	BT36
9050	N1351S	C182
9054	N1351W	M20P
9056	N1351Y	C172
9057	N1351Z	BE95
9059	N13511	C177
905B	N13513	C172
905D	N13515	C177
9065	N1352C	PA18
9067	N1352E	C172
9068	N1352F	C172
906A	N1352H	AR15
906B	N1352J	AC11
9070	N1352P	PA23
9073	N1352S	C182
9075	N1352U	C172
9076	N1352V	C172
9077	N1352W	SREY
9079	N1352Y	C172
907C	N13521	C172
907D	N13522	C172
907E	N13523	C172
907F	N13524	C172
9081	N13526	C177
9082	N13527	C172
9084	N13529	C172
9087	N1353B	L8
9088	N1353C	C177
908D	N1353H	AR15
908E	N1353J	AC11
9090	N1353L	C337
9091	N1353M	J3
9095	N1353R	BE77
9096	N1353S	C182
9098	N1353U	C172
909C	N1353Y	P28A
90A3	N13535	C172
90A5	N13537	C172
90A6	N13538	E145
90A7	N13539	C172
90AA	N1354B	L8
90AB	N1354C	PA18
90AC	N1354D	C170
90AD	N1354E	C82R
90B0	N1354H	AR15
90B1	N1354J	RV9
90B2	N1354K	L8
90B7	N1354Q	C150
90BA	N1354T	P28R
90BB	N1354U	C172
90C0	N1354Z	BE35
90C1	N13540	C172
90C2	N13541	C177
90C4	N13543	C172
90C5	N13544	C172
90C9	N13548	C172
90CA	N13549	C172
90CB	N1355	GLID
90CC	N1355A	PA18
90CE	N1355C	COL4
90D0	N1355E	CH7A
90D1	N1355F	C172
90D4	N1355J	AC11
90DB	N1355R	AA5
90DC	N1355S	C182
90DD	N1355T	PA32
90E3	N1355Z	BE35
90E5	N13551	C172
90E6	N13552	C172
90E9	N13555	C172
90EC	N13558	C172
90ED	N13559	C172
90F2	N1356D	C170
90F6	N1356H	AR15
90F8	N1356K	L8
90FD	N1356Q	PTS1
90FF	N1356S	C182
9101	N1356U	C172
9103	N1356W	SA10
9105	N1356Y	SA10
9107	N13560	C177
9108	N13561	WACC
9109	N13562	WACC
910A	N13563	WACC
910B	N13564	C177
910C	N13565	C177
910E	N13567	WACC
9112	N1357A	PA18
9113	N1357B	L8
9119	N1357H	AR15
911E	N1357N	ST75
911F	N1357P	GLID
9120	N1357Q	C150
9122	N1357S	C182
9124	N1357U	C172
9128	N1357Y	C172
9129	N1357Z	BE95
912A	N13570	WACC
912B	N13571	WACF
912C	N13572	WACC
912D	N13573	C172
912E	N13574	C195
9135	N1358A	PA18
9137	N1358C	SR22
9139	N1358E	CH7A
9140	N1358M	ST75
9143	N1358Q	C150
9146	N1358T	P28A
9147	N1358U	C172
9149	N1358W	M20P
9153	N13586	C172
9154	N13587	C172
9158	N1359A	BE33
9159	N1359B	C82T
915A	N1359C	C177
915B	N1359D	C170
915E	N1359G	C310
9161	N1359K	L8
9162	N1359L	RV7
9163	N1359M	C182
9164	N1359N	ST75
9166	N1359Q	RV3
9167	N1359R	AA5
9169	N1359T	P28A
916A	N1359U	C172
916C	N1359W	M20P
9172	N13592	C172
9173	N13593	C172
9174	N13594	C172
9177	N13597	C177
917B	N136A	PA11
917C	N136AA	BE36
917D	N136AB	E190
917E	N136AC	BL8
9181	N136AF	BE36
9185	N136AK	SR22
9187	N136AM	BE36
9188	N136AN	A321
918C	N136AS	S22T
918F	N136AV	P28A
9194	N136B	BE36
9195	N136BA	BE35
9196	N136BB	GLID
9197	N136BC	WAIX
9198	N136BD	RV8
9199	N136BE	BT36
919A	N136BF	BT36
919C	N136BH	H60
919D	N136BJ	BE36
91A4	N136BR	PA23
91AD	N136C	B06
91AE	N136CA	CVLP
91B0	N136CC	PA18
91B4	N136CG	C130
91B5	N136CH	RV4
91B8	N136CL	C208
91B9	N136CM	BT36
91BB	N136CP	M7
91BE	N136CS	LNP4
91BF	N136CT	FDCT
91C2	N136CW	BE36
91C3	N136CX	GLIM
91C6	N136D	AC11
91C9	N136DC	GLAS
91CA	N136DD	BT36
91CB	N136DE	SRAI
91CF	N136DJ	RV7
91D0	N136DK	RV6
91D5	N136DQ	BCS1
91D7	N136DS	DA40
91D8	N136DT	HDJT
91DB	N136DW	PA44
91E0	N136EA	EA50
91E7	N136EH	BE36
91E8	N136EJ	PA38
91EB	N136EM	L39
91F2	N136EU	BE36
91F3	N136EV	CRJ9
91F8	N136F	RV6
91FB	N136FC	P28A
91FD	N136FE	B763
920E	N136FX	GLF5
9213	N136GB	BE35
9219	N136GH	BE36
9221	N136GR	BE36
9222	N136GS	RV10
922A	N136H	PA15
922C	N136HB	BE36
9230	N136HF	C172
9232	N136HH	SR22
9237	N136HN	EC35
9238	N136HP	BE36
9239	N136HQ	E75L
923B	N136HS	M7
9243	N136J	C210
9244	N136JA	RV6
924C	N136JJ	BE18
924E	N136JL	BE36
924F	N136JM	PA22
9251	N136JP	LJ35
9253	N136JR	GLID
9254	N136JS	B06
9258	N136JW	BE36
9259	N136JX	LJ60
925C	N136K	BE36
925D	N136KA	S22T
925F	N136KC	BE36
9262	N136KF	BE30
9273	N136KY	EC35
9276	N136LA	R44
9281	N136LM	C172
928F	N136MA	DV20
9290	N136MB	BE10
9292	N136MD	BE36
9294	N136MF	EC35
929A	N136MM	RV6
929C	N136MP	M20P
92A2	N136MV	FA50
92A7	N136N	DA40
92C1	N136PA	BE9L
92C3	N136PC	BE36
92C6	N136PF	PC12
92C8	N136PH	EC30
92C9	N136PJ	BE36
92D5	N136PW	GLID
92D9	N136Q	C182
92EA	N136QS	GL5T
92F5	N136RC	RV6
92F8	N136RF	BE36
92FC	N136RK	BE36
92FD	N136RL	BE36
9302	N136RR	BE36
9306	N136RV	RV6
9307	N136RW	SR20
930C	N136SA	AA5
9313	N136SH	BE36
9315	N136SK	BE36
9317	N136SM	E300
9319	N136SP	S108
931B	N136SR	SREY
931D	N136ST	C182
9321	N136SX	E135
9322	N136SY	E75L
9324	N136T	M20P
9326	N136TB	BE36
9327	N136TC	BT36
9328	N136TD	PULS
9329	N136TE	EA50
9330	N136TM	RV12
9332	N136TP	BE36
9334	N136TR	RV6
9336	N136TT	COL4
9338	N136TV	C182
9339	N136TW	B06
934B	N136UP	A306
934F	N136UT	EC35
9357	N136VA	EC35
9364	N136VP	P28A
9366	N136VR	VR7
9369	N136VU	C72R
9375	N136WF	RBEL
9388	N136X	BE35
9399	N136XS	RF10
93A1	N136Y	PA24
93AF	N136YP	GLID
93B7	N136YX	WAIX
93BD	N136ZC	GA7C
93D5	N1360B	L8
93D6	N1360C	SR22
93D8	N1360E	C172
93DC	N1360J	AC11
93DD	N1360K	L8
93DE	N1360L	C337
93E3	N1360R	AA1
93E5	N1360T	P28R
93E8	N1360W	M20P
93ED	N13601	C172
93EE	N13602	C172
93F0	N13604	C172
93F1	N13605	C172
93F7	N1361A	B763
93F9	N1361C	C177
93FA	N1361D	C170
93FC	N1361F	C172
93FE	N1361H	AR15
93FF	N1361J	AC11
9402	N1361M	C172
9403	N1361N	ST75
9405	N1361Q	C310
9406	N1361R	AA5
9407	N1361S	COZY
940A	N1361V	T206
940E	N1361Z	BE35
9410	N13611	C172
9411	N13612	C177
9417	N13618	C172
9418	N13619	C172
941A	N1362A	BE35
941B	N1362B	AVID
941C	N1362C	C340
941D	N1362D	C170
941F	N1362F	C185
9421	N1362H	P28A
9422	N1362J	AC11
9429	N1362R	SONX
942B	N1362T	COL4
942F	N1362X	B47G
9430	N1362Y	C172
9433	N13621	C177
9435	N13623	C172
943B	N13629	CH7A
943D	N1363A	PA18
9441	N1363E	CH7A
9444	N1363H	AR15
944B	N1363Q	C150
944D	N1363S	C182
9450	N1363V	ST75
9451	N1363W	UH1
9453	N1363Y	C172
9454	N1363Z	BE35
9457	N13632	C172
9458	N13633	C172
945A	N13635	C172
945C	N13637	SACE
945E	N13639	C172
9460	N1364A	PA18
9462	N1364C	PA18
9463	N1364D	C170
9465	N1364F	C172
9467	N1364H	AR15
9468	N1364J	T6
9469	N1364K	L8
946C	N1364N	COL4
946D	N1364P	PA18
9472	N1364U	C172
9474	N1364W	M20P
9477	N1364Z	BE35
947A	N13642	AT5T
947C	N13644	C172
947D	N13645	C172
947E	N13646	C172
947F	N13647	C177
9483	N1365A	PA18
9484	N1365B	C180
9485	N1365C	PA18
9488	N1365F	C172
948A	N1365H	AR15
948B	N1365J	PA18
948C	N1365K	L8
948D	N1365L	C337
948E	N1365M	C182
948F	N1365N	C97
9495	N1365U	C172
949A	N1365Z	BE95
94A1	N13656	C177
94A3	N13658	C172
94A4	N13659	C172
94A6	N1366A	PA18
94A8	N1366C	PA18
94A9	N1366D	C170
94AB	N1366F	C172
94AC	N1366G	SONX
94B3	N1366P	PA23
94B5	N1366R	AA5
94B8	N1366U	C172
94BC	N1366Y	C172
94BD	N1366Z	BE95
94BE	N13660	C172
94C0	N13662	C172
94C5	N13667	C177
94C6	N13668	C172
94C7	N13669	C177
94C9	N1367A	PA18
94CA	N1367B	EAGL
94CB	N1367C	PA18
94CE	N1367F	C172
94D6	N1367P	PA23
94DA	N1367T	P28R
94DC	N1367V	ST75
94DD	N1367W	M20P
94E3	N13672	C172
94E4	N13673	C172
94E5	N13674	C172
94E6	N13675	C172
94EC	N1368A	PA18
94ED	N1368B	T18
94EE	N1368C	SR22
94F1	N1368F	J3
94F3	N1368H	AR15
94F9	N1368P	G2CA
94FC	N1368S	C182
94FE	N1368U	C172
94FF	N1368V	SF50
9501	N1368X	B06
9502	N1368Y	BD5
9504	N13680	C172
9505	N13681	C177
9506	N13682	C172
9507	N13683	C172
950A	N13686	C172
950E	N1369	T18
9512	N1369D	C170
9513	N1369E	CH7A
9514	N1369F	C172
9517	N1369J	AC11
951D	N1369Q	C172
951E	N1369R	AA5
9520	N1369T	PA34
9525	N1369Y	C172
9526	N1369Z	SRAI
9527	N13690	C177
9528	N13691	CAMP
9529	N13692	C172
952A	N13693	C172
952D	N13696	C172
952F	N13698	C172
9531	N137	C310
9533	N137AA	A321
9535	N137AC	BL8
9539	N137AG	B06
953D	N137AL	C172
953E	N137AM	EC35
9542	N137AR	A332
9543	N137AS	BE76
9544	N137AT	P28A
954A	N137AZ	RV12
954B	N137B	EFOX
954C	N137BA	BE99
954E	N137BC	P28A
9551	N137BF	BE36
9552	N137BG	C25B
9553	N137BH	H60
955B	N137BR	LJ45
9560	N137BW	C56X
9563	N137BZ	E195
9566	N137CB	C172
9567	N137CC	P28R
9568	N137CD	C425
956B	N137CG	B733
9575	N137CS	PA31
9576	N137CT	FDCT
957D	N137D	C310
9580	N137DC	HUSK
9585	N137DH	RV7
9589	N137DM	M20P
958E	N137DS	RV7
958F	N137DT	FOX
9590	N137DU	BCS1
9599	N137EC	CH7A
959A	N137ED	GLIM
95A2	N137EM	L39
95A6	N137ER	TAMP
95A7	N137ES	C150
95AA	N137EV	CRJ9
95AF	N137F	BE95
95B2	N137FC	P28A
95B4	N137FE	B763
95BA	N137FL	BE30
95C0	N137FS	C172
95CA	N137GB	COL4
95D1	N137GJ	GLF2
95DD	N137GW	EC30
95EE	N137HN	EC30
95EF	N137HP	GA8
95F0	N137HQ	E75L
95F2	N137HS	B06
95FC	N137JB	AA1
95FD	N137JC	C560
9602	N137JH	PA31
9606	N137JM	RV9
9608	N137JP	BE58
9609	N137JQ	C25C
960A	N137JR	DHC6
960B	N137JS	H269
960C	N137JT	HDJT
960F	N137JW	BL8
9613	N137K	GLST
9616	N137KC	DA40
961F	N137KM	P46T
9625	N137KT	LNC2
962E	N137LB	JAB4
962F	N137LC	RV9
9634	N137LH	R44
9638	N137LM	ECHO
963D	N137LS	T28
963F	N137LU	SR22
9644	N137LZ	PZ01
9645	N137M	B06
9646	N137MA	C72R
9648	N137MC	C337
964A	N137ME	C172
964B	N137MF	NAVI
964D	N137MH	EC35
9651	N137MM	B06
9655	N137MR	RV8
9656	N137MS	B06
9657	N137MT	R44
965A	N137MW	BN2P
965E	N137N	AEST
965F	N137NA	T28
9677	N137P	C206
9679	N137PB	DC3
967A	N137PC	CH7B
967B	N137PD	B407
967C	N137PE	SR22
967F	N137PH	EC30
9689	N137PT	M20T
96A1	N137QS	GL5T
96A9	N137R	EN28
96AB	N137RB	GLID
96AC	N137RC	XNOS
96B2	N137RJ	C172
96BD	N137RV	RV7
96C2	N137S	RV6
96C5	N137SC	CRUZ
96C6	N137SD	PA32
96C8	N137SF	G280
96C9	N137SG	PC12
96CB	N137SJ	B06
96D2	N137SR	SR22
96D3	N137SS	GLID
96D7	N137SW	CRER
96DB	N137T	PA18
96DF	N137TD	R44
96E5	N137TK	BE20
96E7	N137TM	S22T
96EC	N137TS	T206
96ED	N137TT	PTS1
96F0	N137TW	BE35
96F1	N137TX	RV4
9702	N137UP	A306
9705	N137US	UH1
971B	N137VP	P28A
971D	N137VR	VR7
9720	N137VU	C72R
9726	N137W	GP3
9728	N137WB	GALX
9737	N137WS	GLF4
973E	N137WZ	H60
973F	N137X	LNP4
9749	N137XK	XA42
9750	N137XS	RF10
9758	N137Y	AA1
977D	N137ZM	GL5T
978F	N1370E	C172
9797	N1370N	SA6
9799	N1370Q	C185
979B	N1370S	C182
979D	N1370U	C172
979E	N1370V	ST75
97A4	N13701	C172
97A6	N13703	C172
97A9	N13706	KR2
97AC	N13709	T206
97AE	N1371A	CAMP
97B0	N1371C	PA18
97B1	N1371D	C170
97B3	N1371F	C172
97B4	N1371G	C310
97B6	N1371J	AC11
97B9	N1371M	C77R
97BF	N1371T	P28A
97C0	N1371U	C172
97C1	N1371V	ST75
97C4	N1371Y	C172
97C6	N13710	C177
97C7	N13711	DC2
97CB	N13715	C172
97CC	N13716	B737
97CE	N13718	B737
97CF	N13719	C172
97D0	N1372	GLID
97D1	N1372A	PA18
97D2	N1372B	L8
97D5	N1372E	C172
97D8	N1372H	AR15
97E0	N1372R	AA1
97E2	N1372T	ACR2
97E3	N1372U	C172
97E8	N1372Z	SF50
97E9	N13720	B737
97EA	N13721	C172
97EC	N13723	C172
97EE	N13725	C172
97F0	N13727	C172
97F4	N1373A	B763
97F5	N1373B	L8
97F6	N1373C	C177
97F8	N1373E	C172
97F9	N1373F	C185
97FA	N1373G	C340
9803	N1373R	AA1
9806	N1373U	C172
9808	N1373W	M20P
980B	N1373Z	BE95
980D	N13731	C172
980E	N13732	C172
980F	N13733	C177
9810	N13734	C177
9811	N13735	C180
9813	N13737	C172
9815	N13739	C172
9816	N1374	GLID
981B	N1374E	C172
981C	N1374F	C172
981F	N1374J	AC11
9821	N1374L	COL4
9827	N1374S	C182
9829	N1374U	C172
982B	N1374W	M20P
982C	N1374X	B47G
982D	N1374Y	C172
982F	N13740	C177
9836	N13747	C177
983C	N1375C	C177
983F	N1375F	AT3T
9841	N1375H	GLAS
9842	N1375J	AC11
9843	N1375K	BLKS
9844	N1375L	C337
984E	N1375W	M20P
9852	N13750	B737
9853	N13751	C172
9854	N13752	C172
9855	N13753	C172
9856	N13754	C172
9858	N13756	C177
9859	N13757	C177
985D	N1376A	BE36
9862	N1376F	C172
9865	N1376J	AC11
9868	N1376M	C182
986B	N1376Q	C150
986C	N1376R	AA5
986D	N1376S	C182
986E	N1376T	P28A
9870	N1376V	T206
9871	N1376W	M20P
9875	N13760	PA23
9880	N1377A	PA18
9882	N1377C	C177
9883	N1377D	C170
9884	N1377E	C172
9885	N1377F	C172
9887	N1377H	P28A
988B	N1377M	C172
988F	N1377R	AA5
9890	N1377S	C172
9891	N1377T	P28A
9892	N1377U	C172
9897	N1377Z	BE95
9898	N13770	C172
98A0	N13778	C172
98A3	N1378A	PA18
98A6	N1378D	C170
98AA	N1378H	AR15
98AB	N1378J	WAIX
98AC	N1378K	L8
98AE	N1378M	C172
98B1	N1378Q	C150
98B3	N1378S	C182
98B8	N1378X	LGEZ
98C1	N13786	C172
98C2	N13787	ST75
98C5	N1379	A320
98C7	N1379B	RV3
98C8	N1379C	SR22
98C9	N1379D	C170
98CC	N1379G	C340
98D6	N1379S	C182
98D7	N1379T	P28A
98D8	N1379U	C172
98D9	N1379V	ST75
98E4	N13796	C172
98E9	N138A	LEG2
98EB	N138AB	PA25
98EC	N138AC	BL8
98ED	N138AD	BE33
98EE	N138AE	B06
98EF	N138AF	COL4
98F1	N138AH	EC45
98F5	N138AM	P38
98F6	N138AN	A321
98F9	N138AR	S61
9901	N138AZ	C82S
9902	N138B	FA7X
9903	N138BA	A5
9905	N138BC	P28A
9908	N138BF	CRUZ
9912	N138BR	TAMP
991C	N138CA	C550
991E	N138CC	PA18
9922	N138CG	B733
9925	N138CK	SR22
9926	N138CL	DV20
9927	N138CM	P46T
9929	N138CP	M7
992B	N138CR	SR22
992D	N138CT	FDCT
9934	N138D	DC3
9939	N138DE	E145
993C	N138DH	SONX
9940	N138DM	CL60
9945	N138DS	DA40
9947	N138DU	BCS1
9949	N138DW	RV6
9959	N138EM	L39
995F	N138ET	RV6
9961	N138EV	CRJ9
9965	N138EZ	DEFI
9969	N138FC	P28A
996B	N138FE	B763
996F	N138FJ	F2TH
9976	N138FR	C172
9977	N138FS	DC3
997F	N138G	BE35
9981	N138GB	BL8
998A	N138GL	GLF5
998D	N138GP	GP4
9998	N138H	FOX
99A5	N138HN	EC35
99A7	N138HQ	E75L
99B7	N138JF	RV8
99B8	N138JG	C421
99BA	N138JJ	C140
99BD	N138JM	TBM7
99BF	N138JP	C177
99E3	N138L	DSA1
99F0	N138LN	EC35
99F4	N138LS	FDCT
99F8	N138LW	BN2P
99FC	N138M	FDCT
99FD	N138MA	TBM7
99FE	N138MB	CH7A
99FF	N138MC	SR22
9A01	N138ME	C172
9A02	N138MF	SR20
9A04	N138MH	EC35
9A08	N138MM	B360
9A27	N138NT	RV12
9A2E	N138P	BDOG
9A30	N138PB	BE58
9A32	N138PD	B407
9A35	N138PG	S22T
9A36	N138PH	EC30
9A39	N138PL	BE58
9A3F	N138PS	PC12
9A47	N138Q	BE95
9A60	N138R	PA31
9A63	N138RC	C77R
9A69	N138RJ	TOBA
9A6A	N138RK	AVID
9A70	N138RR	T28
9A74	N138RV	RV8
9A7A	N138SA	C500
9A7F	N138SF	P28A
9A82	N138SJ	PRM1
9A87	N138SP	C750
9A8E	N138SW	C182
9A90	N138SY	E75L
9A92	N138T	BE35
9A9D	N138TL	BE58
9AA0	N138TP	P28A
9AA4	N138TT	PC12
9AA7	N138TW	BE35
9AA8	N138TX	H500
9AAF	N138UD	C172
9AB9	N138UP	A306
9AC4	N138V	SSTL
9AC6	N138VB	C240
9AE5	N138WH	H500
9AEE	N138WS	GLST
9AF2	N138WW	C170
9B0F	N138Y	P46T
9B42	N1380A	PA18
9B44	N1380C	S108
9B48	N1380G	C340
9B49	N1380H	AR15
9B4A	N1380J	AC11
9B4B	N1380K	L8
9B4F	N1380P	KR1
9B51	N1380R	AA1
9B54	N1380U	C172
9B56	N1380W	M20P
9B57	N1380X	B47G
9B5D	N13803	PA23
9B5E	N13804	C177
9B5F	N13805	C172
9B60	N13806	C172
9B61	N13807	C172
9B64	N1381	PTS1
9B65	N1381A	B763
9B67	N1381C	C177
9B6A	N1381F	C172
9B6C	N1381H	AR15
9B6E	N1381K	L8
9B72	N1381P	PA23
9B79	N1381W	M20P
9B7D	N13810	C172
9B7E	N13811	J3
9B81	N13814	PA18
9B84	N13817	PA23
9B86	N13819	C177
9B8A	N1382C	SR22
9B8D	N1382F	C172
9B8F	N1382H	P28A
9B91	N1382K	L8
9B93	N1382M	C182
9B96	N1382Q	C150
9B9B	N1382V	COL4
9BA1	N13821	C172
9BA4	N13824	PA18
9BAD	N1383C	PA18
9BB1	N1383G	C340
9BB3	N1383J	AC11
9BBD	N1383U	C172
9BBE	N1383V	ST75
9BBF	N1383W	PA18
9BC2	N1383Z	S22T
9BC3	N13830	C172
9BC5	N13832	PA23
9BC6	N13833	PA18
9BC7	N13834	C172
9BCC	N13839	PA23
9BD0	N1384C	C177
9BD3	N1384F	AVID
9BD5	N1384H	AR15
9BD8	N1384L	C337
9BDB	N1384P	PA23
9BDE	N1384S	C182
9BE2	N1384W	M20P
9BED	N13847	RELI
9BEF	N13849	C172
9BF3	N1385C	PA18
9BF6	N1385F	C172
9BFB	N1385L	C337
9BFC	N1385M	C182
9BFF	N1385Q	C150
9C00	N1385R	AA5
9C02	N1385T	P28R
9C04	N1385V	C303
9C07	N1385Y	C172
9C08	N1385Z	BE95
9C0C	N13853	RELI
9C0D	N13854	J3
9C0E	N13855	RELI
9C11	N13858	PA18
9C14	N1386A	PA18
9C16	N1386C	P2
9C17	N1386D	C170
9C18	N1386E	C82R
9C1B	N1386H	P28A
9C1C	N1386J	AC11
9C1F	N1386M	C182
9C22	N1386Q	C150
9C24	N1386S	C182
9C25	N1386T	P28R
9C2A	N1386Y	SSTL
9C2E	N13862	PA23
9C2F	N13863	PA18
9C31	N13865	PA23
9C3C	N1387F	C172
9C3D	N1387G	PA18
9C3E	N1387H	AR15
9C40	N1387K	L8
9C42	N1387M	C182
9C45	N1387Q	C150
9C47	N1387S	C182
9C49	N1387U	C172
9C4A	N1387V	ST75
9C4D	N1387Y	C172
9C51	N13872	RELI
9C53	N13874	C172
9C58	N13879	BE18
9C59	N1388	MUS2
9C5B	N1388B	L8
9C5D	N1388D	C170
9C69	N1388R	AA5
9C6A	N1388S	C182
9C6B	N1388T	P28A
9C6C	N1388U	C172
9C6E	N1388W	M20P
9C71	N1388Z	BE35
9C72	N13880	PA18
9C74	N13882	PA23
9C76	N13884	C172
9C79	N13887	C172
9C7B	N13889	C172
9C7D	N1389A	PA18
9C7E	N1389B	C82S
9C81	N1389E	CH7A
9C82	N1389F	C172
9C84	N1389H	P28R
9C8E	N1389T	P28A
9C94	N1389Z	BE35
9C95	N13890	C172
9C97	N13892	C177
9C99	N13894	WACF
9C9A	N13895	PA18
9C9C	N13897	WACC
9CA0	N139A	CH7A
9CA1	N139AA	RALL
9CA3	N139AC	BL8
9CA7	N139AG	R22
9CA8	N139AH	AVID
9CAA	N139AK	A139
9CAD	N139AN	A321
9CB0	N139AR	C170
9CB1	N139AS	GLID
9CBA	N139BA	A5
9CBB	N139BB	T210
9CBC	N139BC	BL8
9CBE	N139BE	BE36
9CBF	N139BF	CRUZ
9CC0	N139BG	GLIM
9CC2	N139BJ	L39
9CCB	N139BT	C172
9CD2	N139C	L39
9CD3	N139CA	PA24
9CD5	N139CC	S76
9CDA	N139CH	A139
9CDB	N139CJ	C25B
9CDC	N139CK	L39
9CDF	N139CN	A139
9CE0	N139CP	M7
9CE3	N139CS	PA31
9CE4	N139CT	FDCT
9CE7	N139CW	A139
9CEB	N139D	DC3
9CEC	N139DA	DV20
9CED	N139DB	PA23
9CEE	N139DC	COL4
9CF0	N139DE	A139
9CF1	N139DF	L39
9CF7	N139DM	P28R
9CFE	N139DU	BCS1
9D03	N139DZ	L39
9D04	N139E	WAC9
9D11	N139EN	L39
9D14	N139ER	C172
9D15	N139ES	L39
9D1A	N139EX	A139
9D1C	N139EZ	VEZE
9D20	N139FC	P28A
9D22	N139FE	B763
9D2B	N139FP	BPAT
9D2E	N139FS	L39
9D32	N139FW	A139
9D36	N139G	T18
9D3D	N139GG	P28B
9D4C	N139GX	L39
9D4F	N139H	A139
9D50	N139HA	UH12
9D52	N139HC	A139
9D55	N139HF	A139
9D5C	N139HN	EC35
9D5D	N139HP	GA8
9D6A	N139JB	BE10
9D6C	N139JD	MT
9D70	N139JH	AT3T
9D72	N139JK	L39
9D73	N139JL	RV8
9D74	N139JM	SR22
9D76	N139JP	A139
9D81	N139K	SR20
9D87	N139KF	FOX
9D9D	N139LC	S22T
9D9F	N139LE	L39
9DA0	N139LF	PA46
9DA3	N139LJ	CL60
9DA5	N139LL	L39
9DAA	N139LR	LJ31
9DAB	N139LS	L39
9DAF	N139LW	L39
9DB2	N139LZ	L39
9DB3	N139M	HUSK
9DB5	N139MB	CL60
9DB7	N139MD	L39
9DB8	N139ME	C172
9DB9	N139MF	L39
9DBB	N139MH	EC35
9DBF	N139MM	L39
9DC4	N139MS	L39
9DCC	N139N	WAIX
9DE5	N139P	GLIM
9DE7	N139PB	B350
9DE8	N139PC	CH7B
9DE9	N139PD	B407
9DEE	N139PJ	L39
9DF0	N139PL	C25B
9DF1	N139PM	L39
9DF5	N139PR	A139
9DF6	N139PS	DA40
9DF7	N139PT	BE95
9DFE	N139Q	BE95
9E0F	N139QS	GL5T
9E17	N139R	BE35
9E18	N139RA	C82S
9E1A	N139RC	PA18
9E1F	N139RH	L39
9E21	N139RK	RV9
9E22	N139RL	P39
9E23	N139RM	L39
9E24	N139RN	C550
9E27	N139RR	BE20
9E28	N139RS	L39
9E29	N139RT	GLF6
9E2B	N139RV	RV9
9E31	N139SA	C206
9E33	N139SC	BE9L
9E36	N139SF	F8L
9E38	N139SH	L39
9E3D	N139SN	P28A
9E40	N139SR	L39
9E47	N139SY	E75L
9E4A	N139TA	BE35
9E4B	N139TB	L39
9E4D	N139TD	L39
9E4F	N139TF	RV8
9E52	N139TJ	EC35
9E57	N139TP	A139
9E5A	N139TS	L39
9E5C	N139TU	P208
9E5E	N139TW	C172
9E5F	N139TX	RV6
9E61	N139TZ	A139
9E66	N139UD	C172
9E6C	N139UK	L39
9E70	N139UP	A306
9E73	N139US	L39
9E87	N139VM	L39
9E8C	N139VS	L39
9E9B	N139WG	A119
9EA5	N139WS	L39
9EA6	N139WT	M20P
9EAD	N139X	SONX
9EB8	N139XL	C56X
9EC3	N139XX	L39
9EC6	N139Y	WACF
9ED4	N139YP	P28R
9EE0	N139ZA	L39
9EF9	N1390A	L39
9EFA	N1390B	L8
9EFD	N1390E	CH7A
9F03	N1390L	C337
9F05	N1390N	ST75
9F07	N1390Q	C150
9F08	N1390R	AA5
9F0A	N1390T	PA34
9F0E	N1390X	B47G
9F0F	N1390Y	C172
9F12	N13901	PA23
9F13	N13902	C172
9F14	N13903	E145
9F15	N13904	PA18
9F16	N13905	C172
9F1C	N1391A	C82S
9F1E	N1391C	PA22
9F23	N1391H	AR15
9F2A	N1391Q	C150
9F2B	N1391R	AA5
9F2C	N1391S	C182
9F2D	N1391T	PA32
9F2E	N1391U	C172
9F30	N1391W	LGEZ
9F34	N13910	PA18
9F35	N13911	PA18
9F37	N13913	E145
9F3A	N13916	PA23
9F3B	N13917	WACO
9F3C	N13918	WACO
9F3F	N1392A	PA18
9F40	N1392B	L8
9F41	N1392C	A139
9F42	N1392D	C170
9F43	N1392E	CH7A
9F4D	N1392Q	C150
9F4F	N1392S	C182
9F53	N1392W	M20P
9F55	N1392Y	C172
9F56	N1392Z	BE35
9F59	N13922	EXEC
9F5A	N13923	C172
9F5C	N13925	PA18
9F5E	N13927	PA18
9F64	N1393C	PA20
9F66	N1393E	C172
9F67	N1393F	C185
9F6A	N1393J	AC11
9F6F	N1393P	PA23
9F70	N1393Q	C150
9F74	N1393U	C172
9F75	N1393V	EAGL
9F76	N1393W	COL4
9F78	N1393Y	C172
9F79	N1393Z	BE35
9F7B	N13931	PA18
9F81	N13937	PA18
9F82	N13938	C172
9F83	N13939	C177
9F84	N1394	S62
9F89	N1394E	CH7A
9F8A	N1394F	C172
9F8B	N1394G	KR2
9F8D	N1394J	AC11
9F8E	N1394K	L8
9F91	N1394N	C119
9F93	N1394Q	C150
9F94	N1394R	PA18
9F95	N1394S	C182
9F99	N1394W	M20P
9F9B	N1394Y	PA18
9F9E	N13941	C172
9F9F	N13942	C172
9FA0	N13943	C172
9FA1	N13944	C172
9FA3	N13946	C172
9FA6	N13949	E145
9FAC	N1395E	C172
9FAD	N1395F	BOLT
9FB0	N1395J	AC11
9FB7	N1395R	AA5
9FB8	N1395S	C182
9FBA	N1395U	C172
9FBB	N1395V	COL4
9FBC	N1395W	M20P
9FBE	N1395Y	C172
9FC0	N13950	PA23
9FC1	N13951	PA18
9FC4	N13954	B789
9FCB	N1396A	BE35
9FCE	N1396D	C170
9FD4	N1396K	L8
9FDA	N1396R	AA5
9FDF	N1396W	M20P
9FE0	N1396X	B47G
9FE2	N1396Z	BE35
9FE3	N13960	PA18
9FE7	N13964	E145
9FE8	N13965	E145
9FE9	N13966	PA23
9FEA	N13967	PA23
9FF0	N1397C	PA22
9FF2	N1397E	CH7A
9FF5	N1397H	PA34
9FF9	N1397M	C210
9FFE	N1397S	C182
A000	N1397U	C172
A002	N1397W	M20P
A003	N1397X	B47G
A004	N1397Y	C172
A005	N1397Z	BE35
A009	N13973	PA18
A00A	N13974	C172
A00B	N13975	E145
A00E	N13978	E145
A00F	N13979	E145
A011	N1398A	PA18
A013	N1398C	C177
A015	N1398E	C172
A018	N1398H	AR15
A019	N1398J	AC11
A01A	N1398K	L8
A01E	N1398P	PA23
A020	N1398R	AA5
A021	N1398S	C182
A029	N13980	PA23
A02B	N13982	PA23
A02D	N13984	PA23
A02F	N13986	C72R
A030	N13987	PA23
A031	N13988	E145
A032	N13989	E145
A033	N1399	RV9
A034	N1399A	B763
A036	N1399C	PA22
A038	N1399E	CH7A
A03D	N1399K	L8
A03F	N1399M	C182
A044	N1399S	C182
A045	N1399T	P28R
A046	N1399U	C172
A047	N1399V	C82T
A04E	N13992	E145
A051	N13995	E145
A054	N13998	PA23
A055	N13999	GLF5
A056	N14	BE9L
A059	N14AB	RV14
A05A	N14AC	M20P
A05B	N14AD	SA30
A05C	N14AE	M7
A05D	N14AF	AC11
A05E	N14AG	G164
A05F	N14AH	HUSK
A060	N14AJ	BE58
A061	N14AK	DHC2
A065	N14AP	PA31
A066	N14AQ	E55P
A067	N14AR	BE33
A06A	N14AU	C150
A06F	N14AZ	C172
A070	N14B	VELO
A073	N14BC	PA46
A074	N14BD	BD4
A075	N14BE	P28B
A076	N14BF	BOLT
A077	N14BG	PTS1
A078	N14BH	CC11
A07B	N14BL	C172
A07C	N14BM	C425
A07D	N14BN	LGEZ
A07F	N14BQ	EAGL
A080	N14BR	C310
A084	N14BV	RV10
A089	N14C	PA18
A08B	N14CB	PTS2
A08E	N14CE	BE58
A08F	N14CF	RV4
A092	N14CJ	C25C
A093	N14CK	PA18
A094	N14CL	LEG2
A095	N14CM	BE35
A096	N14CN	RV14
A09B	N14CT	SRAI
A09E	N14CW	C150
A09F	N14CX	PA46
A0A1	N14CZ	COZY
A0A3	N14DA	BE95
A0A6	N14DD	RV6
A0A8	N14DF	BE35
A0AA	N14DH	SR22
A0AB	N14DJ	P28A
A0AD	N14DL	LGEZ
A0B0	N14DP	P28A
A0B1	N14DQ	RV12
A0B2	N14DR	BE55
A0B3	N14DS	GLAS
A0B4	N14DT	B505
A0B7	N14DW	P32R
A0B8	N14DX	RV14
A0B9	N14DY	GLID
A0C0	N14EE	RALL
A0C1	N14EF	PA46
A0C2	N14EG	RV8
A0C3	N14EH	MUS2
A0C4	N14EJ	BL8
A0C5	N14EK	GLAS
A0C6	N14EL	GLAS
A0C7	N14EM	LNC2
A0C9	N14EP	SREY
A0CB	N14ER	PTS1
A0D0	N14EW	RV10
A0D4	N14F	CL35
A0D5	N14FA	AA1
A0D7	N14FC	PA24
A0DA	N14FF	AC50
A0DB	N14FG	RV6
A0DD	N14FJ	C441
A0DE	N14FK	J3
A0E2	N14FP	PA34
A0E6	N14FT	RV4
A0E9	N14FW	RV4
A0EA	N14FX	CC11
A0EC	N14FZ	PA34
A0EF	N14GB	CX5
A0F0	N14GC	ST75
A0F1	N14GD	F2TH
A0F7	N14GK	RV4
A0F8	N14GL	C150
A0F9	N14GM	T18
A0FA	N14GN	FINC
A0FB	N14GP	GLID
A0FE	N14GS	PA23
A101	N14GV	P46T
A102	N14GW	G280
A108	N14HB	PA18
A10C	N14HF	M7
A10D	N14HG	BE20
A10E	N14HH	BE20
A110	N14HK	C150
A111	N14HL	H500
A112	N14HM	MIMU
A116	N14HR	PA12
A118	N14HT	R22
A11A	N14HV	SIRA
A11B	N14HW	CH7A
A11C	N14HX	B407
A11D	N14HY	HUSK
A122	N14JC	PA18
A123	N14JD	C340
A124	N14JE	T210
A125	N14JF	CASS
A127	N14JH	BE58
A129	N14JK	PTS1
A12A	N14JL	RV4
A12B	N14JM	C180
A12C	N14JN	PA34
A12D	N14JP	BE33
A12F	N14JR	CH7B
A130	N14JS	GLID
A133	N14JV	G2T1
A136	N14JY	CC11
A13B	N14KC	P28R
A13C	N14KD	BL8
A13D	N14KE	SR22
A13E	N14KF	BL8
A142	N14KK	HUSK
A143	N14KL	GA6C
A144	N14KM	C172
A145	N14KN	EDGE
A146	N14KP	LNC4
A14C	N14KV	HIGH
A14D	N14KW	EAGL
A14E	N14KX	PA11
A150	N14KZ	RV14
A152	N14LA	B412
A153	N14LB	MIMU
A154	N14LC	RV14
A155	N14LD	PA18
A156	N14LE	LGEZ
A157	N14LF	CRER
A158	N14LG	J3
A159	N14LH	GLID
A15A	N14LJ	RV4
A15B	N14LK	LNP4
A15D	N14LM	M5
A15E	N14LN	P28A
A15F	N14LP	PTS2
A161	N14LR	BE36
A162	N14LS	J3
A163	N14LT	GLID
A165	N14LV	C210
A16C	N14MB	BE36
A16D	N14MC	C320
A16E	N14MD	C182
A16F	N14ME	BIPL
A170	N14MF	MOR2
A171	N14MG	GLIM
A172	N14MH	UH1
A174	N14MK	SR22
A176	N14MM	SA30
A177	N14MN	BE36
A179	N14MQ	UH12
A17C	N14MT	C182
A17E	N14MV	BE99
A17F	N14MW	RV9
A180	N14MX	RV10
A181	N14MY	R44
A182	N14MZ	RV10
A184	N14NA	F900
A187	N14ND	FOX
A188	N14NE	PA31
A189	N14NF	C172
A18A	N14NG	BE20
A18D	N14NK	CRER
A18E	N14NL	GLID
A18F	N14NM	BE9L
A190	N14NN	T206
A191	N14NP	RV14
A193	N14NR	P28A
A194	N14NS	AS50
A197	N14NV	SS2P
A198	N14NW	C441
A19C	N14P	BE58
A19E	N14PB	H25B
A19F	N14PC	PA46
A1A1	N14PE	GLAS
A1A3	N14PG	S22T
A1A4	N14PH	C185
A1A7	N14PL	C180
A1A9	N14PN	C172
A1AB	N14PQ	CUCA
A1AE	N14PT	GLST
A1B0	N14PV	C172
A1B1	N14PW	BE18
A1B2	N14PX	LNP4
A1B3	N14PY	RV9
A1B4	N14PZ	P28B
A1B5	N14Q	MOSP
A1B6	N14QA	R44
A1B7	N14QB	HDJT
A1C6	N14QS	C56X
A1CA	N14QW	C82T
A1D2	N14RD	PC12
A1D4	N14RF	BE36
A1D5	N14RG	ACRO
A1DA	N14RM	C551
A1DB	N14RN	BLKS
A1DC	N14RP	K100
A1DF	N14RS	ACR2
A1E0	N14RT	C421
A1E1	N14RU	EC45
A1E2	N14RV	RV4
A1E4	N14RX	PULS
A1E8	N14SA	BL8
A1E9	N14SB	BE9L
A1EA	N14SC	TBM7
A1EB	N14SD	UH1
A1EC	N14SE	RV7
A1ED	N14SF	BL17
A1EE	N14SG	AC11
A1EF	N14SH	PA18
A1F0	N14SJ	B06
A1F5	N14SP	AEST
A1F7	N14SR	RV7
A1F9	N14ST	AVID
A1FA	N14SU	SR20
A1FC	N14SW	C150
A1FD	N14SX	NAVI
A1FF	N14SZ	GLIM
A201	N14TA	C441
A202	N14TB	DHC2
A203	N14TC	QUIC
A205	N14TE	FOX
A209	N14TJ	DR1
A20B	N14TL	GLAS
A20C	N14TM	BE33
A20D	N14TN	PA31
A213	N14TU	LJ60
A215	N14TW	M20P
A216	N14TX	C150
A219	N14U	DFLY
A21A	N14UA	C414
A221	N14UH	EC45
A224	N14UL	CC11
A229	N14UR	BE33
A232	N14V	BE9L
A233	N14VA	C501
A234	N14VB	RV14
A235	N14VC	C182
A238	N14VF	RV7
A239	N14VG	PTS1
A23A	N14VH	SR20
A23B	N14VJ	SF50
A23D	N14VL	MU2
A23E	N14VM	AEST
A240	N14VP	BE60
A242	N14VR	LNC2
A243	N14VS	HDJT
A245	N14VU	BE50
A246	N14VV	HUSK
A24B	N14W	RV3
A24C	N14WA	C172
A24D	N14WB	BCAT
A24F	N14WD	RV14
A251	N14WF	BL8
A252	N14WG	C172
A253	N14WH	SR22
A254	N14WJ	RV4
A255	N14WK	SR20
A256	N14WL	WAIX
A257	N14WM	PA18
A258	N14WN	C25C
A25B	N14WR	GLST
A260	N14WW	BE36
A262	N14WY	FOX
A264	N14X	RV14
A268	N14XD	BL8
A270	N14XM	BE58
A276	N14XT	P68
A27F	N14YB	P28A
A280	N14YC	GLIM
A288	N14YL	J5
A28B	N14YP	PA24
A28F	N14YT	RV14
A290	N14YU	AA5
A291	N14YV	M20P
A292	N14YW	EAGL
A294	N14YY	C182
A295	N14YZ	RV14
A297	N14ZA	Z43
A298	N14ZB	RV9
A29D	N14ZG	COZY
A2A2	N14ZM	WAIX
A2A4	N14ZP	RV14
A2A8	N14ZT	RV14
A2AE	N14ZZ	GLIM
A2AF	N140	C140
A2B0	N140A	C140
A2B2	N140AB	C140
A2B3	N140AC	P28A
A2B6	N140AF	SR20
A2B7	N140AG	T28
A2BA	N140AK	GLST
A2BC	N140AM	P28A
A2BD	N140AN	A321
A2C1	N140AS	C208
A2C9	N140B	B47G
A2CB	N140BB	BE36
A2CC	N140BC	P28A
A2CF	N140BF	CRUZ
A2D1	N140BH	GLIM
A2D2	N140BJ	AS50
A2D3	N140BK	P28A
A2D4	N140BL	C140
A2DA	N140BS	PA23
A2DB	N140BT	C140
A2DD	N140BV	SR22
A2DE	N140BW	RV4
A2E0	N140BY	P28A
A2E2	N140C	C140
A2E4	N140CB	C140
A2E7	N140CE	C140
A2E8	N140CF	C140
A2E9	N140CG	C130
A2EA	N140CH	CH70
A2EC	N140CK	P28A
A2ED	N140CL	C140
A2F0	N140CP	MU2
A2F2	N140CR	C140
A2F3	N140CS	C140
A2F4	N140CT	C82T
A2FB	N140D	C140
A2FC	N140DA	C25A
A2FF	N140DD	P28A
A301	N140DF	C140
A303	N140DH	VELO
A305	N140DK	SR20
A306	N140DL	CAMP
A307	N140DM	PULS
A30D	N140DT	C140
A30E	N140DU	BCS1
A310	N140DW	C140
A318	N140ED	C140
A324	N140ER	TAMP
A328	N140EV	A139
A329	N140EW	C140
A32A	N140EX	C140
A32D	N140F	C140
A32F	N140FB	RV8
A330	N140FC	P28A
A332	N140FE	B763
A336	N140FJ	F900
A338	N140FL	P28A
A339	N140FM	BE40
A33B	N140FP	C172
A33E	N140FS	C172
A346	N140G	C140
A348	N140GB	P28A
A358	N140GT	SVNH
A35F	N140H	BE9L
A360	N140HA	P28A
A362	N140HC	P28A
A36A	N140HL	B407
A36B	N140HM	LJ45
A36D	N140HP	GA8
A373	N140HV	GLID
A378	N140J	C414
A379	N140JA	CP10
A37A	N140JB	P28A
A37E	N140JF	P28A
A37F	N140JG	PA32
A380	N140JH	C140
A385	N140JN	P28A
A38A	N140JT	C140
A390	N140JZ	C140
A392	N140KA	BE20
A393	N140KB	BT36
A39D	N140KM	C414
A3A1	N140KR	C140
A3A2	N140KS	RS20
A3A6	N140KW	P28A
A3A8	N140KY	C120
A3AA	N140L	P28A
A3AB	N140LA	C140
A3AC	N140LB	C140
A3AE	N140LD	C140
A3B6	N140LM	C140
A3C3	N140M	PTS2
A3C4	N140MA	C150
A3C6	N140MC	BE30
A3C7	N140MD	P28A
A3C8	N140ME	C140
A3CF	N140MM	P46T
A3D1	N140MP	RV14
A3D2	N140MQ	C140
A3D5	N140MT	C140
A3D8	N140MW	C140
A3DC	N140N	C140
A3DF	N140NC	P28A
A3E0	N140ND	P28A
A3E1	N140NE	EA50
A3ED	N140NS	C140
A3EE	N140NT	C140
A3F5	N140P	C140
A3F6	N140PA	BE65
A3F8	N140PC	C172
A3F9	N140PD	C140
A3FD	N140PH	A139
A400	N140PL	P28A
A403	N140PP	P46T
A405	N140PR	C140
A40E	N140Q	C140
A427	N140R	O1
A428	N140RA	C172
A429	N140RB	C310
A42B	N140RD	PA31
A432	N140RL	BE20
A433	N140RM	M20P
A437	N140RR	SRAI
A43B	N140RV	RV6
A43C	N140RW	C150
A440	N140S	BE58
A442	N140SB	P28A
A443	N140SC	L101
A444	N140SD	P28A
A446	N140SF	EC45
A447	N140SG	C140
A448	N140SH	P28A
A44A	N140SK	C140
A44C	N140SM	RV6
A44D	N140SN	P28A
A450	N140SR	SREY
A451	N140SS	GLID
A453	N140SU	C172
A456	N140SX	PC24
A457	N140SY	E75L
A459	N140T	RV14
A45A	N140TA	C82S
A45C	N140TC	PA18
A460	N140TG	C140
A462	N140TJ	C140
A465	N140TM	C140
A467	N140TP	C340
A46A	N140TS	C650
A46E	N140TW	C140
A46F	N140TX	AS50
A472	N140U	C56X
A475	N140UC	BE35
A476	N140UD	C172
A480	N140UP	A306
A48B	N140V	C140
A49D	N140VT	SAKO
A4A4	N140W	WACF
A4AB	N140WG	GLAS
A4AC	N140WH	C650
A4AF	N140WL	BE95
A4B0	N140WM	P28A
A4B5	N140WS	EC30
A4B9	N140WW	CH75
A4BB	N140WY	C140
A4D6	N140Y	WACF
A4D7	N140YA	C140
A4EF	N140Z	P28A
A508	N1400	P210
A50A	N1400B	L8
A50D	N1400E	BE18
A50F	N1400G	BE35
A510	N1400H	C172
A512	N1400K	L8
A514	N1400M	C650
A515	N1400N	J3
A516	N1400P	LA4
A519	N1400S	BE36
A51B	N1400U	C150
A520	N1400Z	DHC2
A521	N14000	WACC
A522	N14001	B78X
A525	N14004	LA4
A526	N14005	PA23
A528	N14007	C82T
A529	N14008	C172
A52A	N14009	PA23
A52B	N1401	C190
A52D	N1401B	L8
A52F	N1401D	C170
A530	N1401E	C172
A531	N1401F	C172
A533	N1401H	AR15
A536	N1401L	C56X
A538	N1401N	J3
A53E	N1401U	C172
A53F	N1401V	J3
A540	N1401W	COL4
A544	N14010	WACC
A545	N14011	B78X
A546	N14012	PA23
A547	N14013	WACC
A548	N14014	WACC
A549	N14015	WACC
A54A	N14016	B78X
A54D	N14019	B78X
A54E	N1402	RV14
A550	N1402B	L8
A551	N1402C	LA4
A554	N1402F	C172
A557	N1402J	LA25
A559	N1402L	BE23
A55B	N1402N	J3
A55F	N1402S	C182
A564	N1402X	LA25
A565	N1402Y	C172
A567	N14020	WACC
A56E	N14027	WACC
A56F	N14028	PA23
A574	N1403C	SR22
A577	N1403F	C172
A578	N1403G	BE95
A579	N1403H	AR15
A57F	N1403P	LA25
A581	N1403R	C172
A582	N1403S	C182
A585	N1403V	C172
A587	N1403X	PA32
A588	N1403Y	C172
A589	N1403Z	LA25
A58B	N14031	WACF
A58D	N14033	P28A
A58F	N14035	WACC
A590	N14036	PA23
A593	N14039	WACC
A595	N1404A	PA22
A597	N1404C	C177
A59B	N1404G	BE35
A59C	N1404H	P28A
A5A1	N1404N	J3
A5A2	N1404P	LA25
A5A9	N1404W	B06
A5AB	N1404Y	LA25
A5AD	N14040	PA23
A5AE	N14041	WACF
A5B0	N14043	PA18
A5B1	N14044	PA18
A5B4	N14047	WACC
A5B5	N14048	WACD
A5B6	N14049	LA25
A5BA	N1405C	PA22
A5BE	N1405G	BE35
A5C3	N1405M	C182
A5C8	N1405S	C182
A5CA	N1405U	C172
A5CD	N1405X	P28A
A5CE	N1405Y	C172
A5D0	N14050	CH7B
A5D1	N14051	PA23
A5D2	N14052	WACC
A5D3	N14053	C72R
A5D5	N14055	C170
A5D7	N14057	M18
A5DD	N1406C	C177
A5DF	N1406E	CH7A
A5E5	N1406L	BE23
A5E6	N1406M	C180
A5E7	N1406N	J3
A5EA	N1406R	AA1
A5EC	N1406T	P28R
A5EE	N1406V	J3
A5F3	N14060	P28A
A5F7	N14064	PA18
A5F9	N14066	WACC
A5FC	N14069	PA23
A5FF	N1407B	L8
A600	N1407C	PA22
A601	N1407D	C172
A606	N1407J	AC11
A60A	N1407N	J3
A60E	N1407S	C182
A60F	N1407T	PA34
A610	N1407U	C172
A613	N1407X	P28A
A617	N14071	WACC
A619	N14073	WACC
A61C	N14076	WACF
A61E	N14078	PA23
A620	N1408	D11
A622	N1408B	C172
A623	N1408C	C177
A624	N1408D	C170
A625	N1408E	CH7A
A627	N1408G	BE35
A629	N1408J	AC11
A631	N1408S	C182
A632	N1408T	P28A
A633	N1408U	C140
A635	N1408W	SR22
A636	N1408X	SF50
A637	N1408Y	C172
A639	N14080	WACF
A63A	N14081	WACF
A63D	N14084	C150
A63E	N14085	WACF
A63F	N14086	WACC
A640	N14087	WACC
A644	N1409A	B763
A647	N1409D	C170
A648	N1409E	CH7A
A64A	N1409G	BE95
A64B	N1409H	AR15
A64C	N1409J	AC11
A64E	N1409L	BE23
A650	N1409N	J3
A652	N1409Q	C150
A653	N1409R	AA1
A654	N1409S	DHC2
A655	N1409T	P28A
A659	N1409X	PA32
A666	N141	LGEZ
A668	N141AA	C172
A669	N141AB	FOX
A66A	N141AC	AA5
A66C	N141AE	H25B
A66D	N141AF	H269
A66E	N141AG	BRAV
A66F	N141AH	R44
A672	N141AL	H25B
A673	N141AM	COL3
A674	N141AN	PA32
A675	N141AP	B407
A677	N141AR	M5
A678	N141AS	GLID
A67B	N141AV	P28A
A682	N141BB	DV20
A683	N141BC	BL8
A686	N141BF	CRUZ
A68C	N141BM	GLIM
A694	N141BV	FDCT
A69C	N141CC	RV4
A69E	N141CE	BE30
A6A0	N141CG	GLAS
A6A1	N141CH	BL8
A6A4	N141CL	BE95
A6A7	N141CP	T206
A6AA	N141CS	C240
A6AB	N141CT	CRER
A6B3	N141DA	DA42
A6B5	N141DC	R44
A6B6	N141DD	P32R
A6B7	N141DE	C310
A6B8	N141DF	M7
A6BE	N141DM	C210
A6BF	N141DN	G280
A6C0	N141DP	LNP4
A6C2	N141DR	BE40
A6C4	N141DT	EFOX
A6C5	N141DU	BCS1
A6CA	N141DZ	CRES
A6CC	N141EA	EA50
A6CD	N141EB	SAKO
A6CE	N141EC	SR22
A6D7	N141EM	A4
A6DB	N141ER	TAMP
A6E4	N141F	HUSK
A6E5	N141FA	B412
A6E7	N141FC	P28A
A6E8	N141FD	RS18
A6E9	N141FE	B763
A6EF	N141FL	CVLP
A6F3	N141FQ	P28A
A6F9	N141FW	RV6
A6FD	N141G	BE35
A6FE	N141GA	G280
A708	N141GL	C421
A70F	N141GT	SR22
A716	N141H	C185
A719	N141HC	BE35
A721	N141HL	DA40
A724	N141HP	BE36
A728	N141HT	SR22
A72F	N141J	RV6
A730	N141JA	C175
A731	N141JB	EAGL
A734	N141JE	GLF4
A736	N141JG	C177
A73F	N141JR	DC3
A740	N141JS	CH7B
A744	N141JW	S22T
A74A	N141KB	RV14
A74D	N141KE	DA62
A751	N141KJ	S22T
A758	N141KR	P28A
A761	N141L	BE30
A76D	N141LM	CRER
A772	N141LS	R44
A77F	N141ME	PA31
A782	N141MH	S76
A786	N141MM	SRAI
A788	N141MP	M20P
A78A	N141MR	H25B
A78B	N141MS	RV14
A78F	N141MW	BE35
A793	N141N	SA30
A798	N141NE	EC45
A7A0	N141NN	A321
A7AC	N141P	BE76
A7AD	N141PA	HUSK
A7AE	N141PB	COL3
A7AF	N141PC	BE58
A7B2	N141PF	C172
A7B3	N141PG	SR20
A7C8	N141QC	G164
A7D6	N141QS	GLEX
A7DE	N141R	G44
A7E0	N141RB	RV6
A7E2	N141RD	CL60
A7E4	N141RF	C208
A7E6	N141RH	HROC
A7EA	N141RM	RV7
A7EC	N141RP	LNP4
A7F0	N141RT	C25C
A7F9	N141SB	PA46
A7FA	N141SC	CH7B
A7FB	N141SD	EFOX
A7FC	N141SE	BL8
A7FD	N141SF	GLIM
A7FF	N141SH	CRJ2
A802	N141SL	SBR1
A803	N141SM	BE30
A808	N141SS	GLID
A809	N141ST	J3
A80C	N141SW	P28A
A80D	N141SX	SONX
A80E	N141SY	E75L
A810	N141T	PA18
A811	N141TA	P28A
A813	N141TC	PAY3
A814	N141TD	RV14
A815	N141TE	J3
A818	N141TH	AS50
A819	N141TJ	GLST
A81D	N141TN	DV20
A820	N141TR	WAIX
A822	N141TT	M20P
A825	N141TW	BE35
A826	N141TX	SAKO
A837	N141UP	A306
A83A	N141US	HUSK
A849	N141VG	GLID
A85C	N141WA	P28A
A85D	N141WB	C182
A85E	N141WC	RELI
A860	N141WE	DC10
A861	N141WF	M7
A869	N141WP	EVOP
A86C	N141WS	BE35
A870	N141WW	ACR2
A87F	N141XL	VELO
A88D	N141Y	COY2
A8A6	N141Z	DHC6
A8A7	N141ZA	BE18
A8BF	N1410	PTS1
A8C3	N1410D	C170
A8C4	N1410E	C172
A8C5	N1410F	C172
A8C7	N1410H	AR15
A8C8	N1410J	AC11
A8CB	N1410M	C182
A8D1	N1410T	P28R
A8D2	N1410U	T210
A8D6	N1410Y	C172
A8D8	N14100	COL4
A8D9	N14101	ST75
A8DA	N14102	B752
A8DB	N14103	T28
A8DC	N14104	T28
A8DD	N14105	E45X
A8DE	N14106	B752
A8DF	N14107	B752
A8E2	N1411	PTS1
A8E3	N1411A	PA22
A8E4	N1411B	L8
A8E7	N1411E	C337
A8E8	N1411F	C172
A8E9	N1411G	COL4
A8EB	N1411J	AC11
A8EE	N1411M	C25C
A8F2	N1411R	AA1
A8F4	N1411T	P28R
A8F5	N1411U	C172
A8F6	N1411V	C172
A8F8	N1411X	PA34
A8FA	N1411Z	RV8
A8FD	N14112	T28
A8FE	N14113	T28
A8FF	N14114	T28
A900	N14115	B752
A901	N14116	E45X
A902	N14117	E45X
A903	N14118	B752
A908	N1412C	PA22
A909	N1412D	C170
A90C	N1412G	BE35
A90D	N1412H	P28R
A90F	N1412K	L8
A911	N1412M	M20P
A912	N1412N	J3
A914	N1412Q	C150
A916	N1412S	C182
A919	N1412V	C172
A91E	N14120	B752
A91F	N14121	B752
A923	N14125	E45X
A924	N14126	L14
A926	N14128	WACF
A927	N14129	PA23
A929	N1413A	B14A
A92A	N1413B	B14A
A92D	N1413E	CH7A
A92E	N1413F	C172
A930	N1413H	AR15
A932	N1413K	L8
A934	N1413M	C150
A937	N1413Q	C150
A939	N1413S	C182
A93E	N1413X	R44
A93F	N1413Y	C172
A943	N14132	WACF
A945	N14134	WACF
A946	N14135	PA23
A948	N14137	WACC
A94A	N14139	WACC
A94C	N1414A	RV14
A94D	N1414B	L8
A94E	N1414C	C337
A950	N1414E	CH7A
A951	N1414F	C172
A956	N1414L	BE23
A957	N1414M	ST75
A958	N1414N	J3
A959	N1414P	C25A
A95A	N1414Q	C150
A95B	N1414R	AA1
A95F	N1414V	C172
A961	N1414X	SONX
A964	N14140	J3
A966	N14142	T28
A967	N14143	E45X
A96B	N14147	BE35
A96C	N14148	E45X
A96D	N14149	PA23
A96F	N1415A	PA22
A970	N1415B	SHER
A972	N1415D	C170
A973	N1415E	CH7A
A976	N1415H	AR15
A977	N1415J	AC11
A978	N1415K	COL4
A97A	N1415M	C182
A97B	N1415N	GLF6
A981	N1415U	C172
A984	N1415X	RV8
A98A	N14153	E45X
A98F	N14158	E45X
A991	N1416	B407
A993	N1416B	L8
A994	N1416C	S22T
A996	N1416E	C172
A998	N1416G	BE35
A99A	N1416J	AC11
A99D	N1416M	C182
A99E	N1416N	J3
A9A1	N1416R	SR22
A9A3	N1416T	P28A
A9A4	N1416U	C172
A9A5	N1416V	C172
A9A6	N1416W	C172
A9A7	N1416X	PA34
A9A8	N1416Y	C172
A9AC	N14162	E45X
A9AD	N14163	RELI
A9B0	N14166	T6
A9B1	N14167	PA18
A9B2	N14168	E45X
A9B6	N1417B	BE35
A9BB	N1417G	BE35
A9BC	N1417H	AR15
A9BF	N1417L	BE23
A9C0	N1417M	C182
A9C3	N1417Q	C150
A9C5	N1417S	C182
A9C6	N1417T	P28A
A9C7	N1417U	C172
A9CB	N1417Y	C172
A9D0	N14173	E45X
A9D1	N14174	E45X
A9D2	N14175	PA23
A9D4	N14177	E45X
A9D6	N14179	E45X
A9D8	N1418A	C172
A9D9	N1418B	L8
A9DA	N1418C	PA22
A9DB	N1418D	C170
A9DC	N1418E	CH7A
A9DD	N1418F	RV14
A9DF	N1418H	AR15
A9E0	N1418J	AC11
A9E7	N1418R	AA1
A9E9	N1418T	P28A
A9ED	N1418X	P28R
A9EF	N1418Z	SA6
A9F0	N14180	E45X
A9F3	N14183	PA23
A9F6	N14186	E45X
A9F7	N14187	RELI
A9F8	N14188	E45X
A9FC	N1419B	L8
A9FD	N1419C	C177
A9FE	N1419D	C172
AA00	N1419F	C172
AA01	N1419G	BE35
AA06	N1419M	ST75
AA0B	N1419S	C182
AA0C	N1419T	P28R
AA0F	N1419W	FOX
AA10	N1419X	PA32
AA16	N14193	RLU1
AA1B	N14198	E45X
AA1D	N142	ERCO
AA1E	N142A	GLID
AA1F	N142AA	C56X
AA21	N142AC	BL8
AA23	N142AE	AS50
AA25	N142AG	BRAV
AA26	N142AH	EC45
AA29	N142AL	ALIG
AA2A	N142AM	P82
AA2B	N142AN	A321
AA2E	N142AR	E190
AA30	N142AT	PIVI
AA36	N142AZ	VELO
AA3C	N142BE	M7
AA3D	N142BF	CRUZ
AA3E	N142BG	LNCE
AA40	N142BJ	BE36
AA43	N142BM	AT6T
AA44	N142BN	J3
AA48	N142BS	C172
AA4C	N142BW	SEAW
AA50	N142C	SR22
AA51	N142CA	PA24
AA53	N142CC	EN48
AA54	N142CD	MA5
AA55	N142CE	BE30
AA59	N142CJ	RV9
AA5C	N142CM	RV4
AA5E	N142CP	M7
AA61	N142CS	P3
AA62	N142CT	C310
AA65	N142CW	SR22
AA69	N142D	SR22
AA6A	N142DA	C500
AA6B	N142DB	S22T
AA6C	N142DC	GLID
AA6E	N142DE	EXEC
AA70	N142DG	PTS2
AA74	N142DL	C82T
AA75	N142DM	LNC2
AA77	N142DP	B06
AA79	N142DR	BE58
AA7A	N142DS	RV6
AA7C	N142DU	BCS1
AA7D	N142DV	K100
AA7E	N142DW	RV4
AA82	N142E	PA30
AA84	N142EB	BE20
AA87	N142EE	P46T
AA8B	N142EJ	M20P
AA8E	N142EM	A4
AA9A	N142EZ	C150
AA9B	N142F	BE95
AA9E	N142FC	P28A
AAA0	N142FE	B763
AAA6	N142FL	RV14
AAB4	N142G	RV6
AAB8	N142GD	PA34
AABB	N142GG	S22T
AAC5	N142GS	DA42
AACA	N142GX	M20P
AACC	N142GZ	E550
AACD	N142H	C172
AACE	N142HA	C172
AAD0	N142HC	GA5C
AAD4	N142HG	BE35
AADC	N142HQ	GLF4
AAEB	N142JE	CL60
AAED	N142JG	RV4
AAEE	N142JH	RV10
AAF2	N142JM	SF50
AAF4	N142JP	RV6
AAF7	N142JS	GA5C
AAFF	N142K	GLIM
AB00	N142KA	GLID
AB03	N142KD	M20P
AB06	N142KG	G164
AB0A	N142KL	RV12
AB0B	N142KM	COL4
AB0F	N142KR	M20T
AB10	N142KS	RV9
AB14	N142KW	RV10
AB16	N142KY	COUR
AB18	N142L	EN28
AB1A	N142LB	L5
AB1D	N142LE	COZY
AB20	N142LH	PA44
AB21	N142LJ	C82T
AB23	N142LL	HROC
AB24	N142LM	RV10
AB2A	N142LT	PC12
AB2E	N142LX	F2TH
AB31	N142M	BE35
AB32	N142MA	B407
AB34	N142MC	BE95
AB39	N142MH	P28R
AB3A	N142MJ	GLAS
AB3C	N142ML	VELO
AB3F	N142MP	M20P
AB42	N142MS	P28R
AB46	N142MW	C150
AB4A	N142N	RV6
AB4E	N142ND	P28A
AB4F	N142NE	EC45
AB51	N142NG	DA42
AB53	N142NJ	CRER
AB65	N142PB	AVID
AB67	N142PD	J3
AB69	N142PF	FOX
AB6E	N142PL	RV7
AB74	N142PS	PTS2
AB8D	N142QS	GLEX
AB95	N142R	PA23
ABA1	N142RM	GL5T
ABA2	N142RN	BE35
ABA6	N142RS	C182
ABA9	N142RV	RV14
ABAE	N142S	BE58
ABAF	N142SA	DHC6
ABB0	N142SB	C150
ABB1	N142SC	H500
ABB6	N142SH	EC20
ABB8	N142SK	Z42
ABB9	N142SL	EXEC
ABBA	N142SM	CB1
ABBF	N142SS	GLID
ABC0	N142ST	FDCT
ABC2	N142SV	Z42
ABC5	N142SY	E75L
ABC7	N142T	PA18
ABC8	N142TA	H269
ABC9	N142TB	GLIM
ABCF	N142TH	C172
ABD2	N142TL	E50P
ABD3	N142TM	CRER
ABD5	N142TP	BE65
ABD8	N142TS	CH7B
ABDB	N142TV	P28R
ABDC	N142TW	BE58
ABE4	N142UD	C172
ABEE	N142UP	A306
ABF9	N142V	CP30
ABFA	N142VA	R22
AC07	N142VP	PA23
AC12	N142W	M20P
AC14	N142WB	RV6
AC15	N142WC	SAKO
AC18	N142WF	PA34
AC24	N142WT	QUIC
AC41	N142XX	L39
AC5A	N142YX	SONX
AC5D	N142Z	SH36
AC5F	N142ZB	Z42
AC78	N1420B	L8
AC7B	N1420E	C82R
AC7C	N1420F	C172
AC7D	N1420G	BE95
AC7E	N1420H	AR15
AC7F	N1420J	AC11
AC80	N1420K	L8
AC82	N1420M	ST75
AC83	N1420N	C310
AC84	N1420P	C82T
AC85	N1420Q	C150
AC87	N1420S	C182
AC89	N1420U	C172
AC8A	N1420V	AC90
AC8B	N1420W	B47G
AC91	N14202	PA23
AC92	N14203	E45X
AC93	N14204	E45X
AC94	N14205	C82T
AC96	N14207	PA23
AC99	N1421	RS21
AC9A	N1421A	PA22
AC9B	N1421B	PA18
AC9E	N1421E	CH7A
ACA0	N1421G	BE50
ACA1	N1421H	AR15
ACA2	N1421J	AC11
ACA3	N1421K	C82S
ACA5	N1421M	C421
ACA6	N1421N	J3
ACA9	N1421R	AA1
ACAA	N1421S	C182
ACAB	N1421T	PA34
ACAC	N1421U	C421
ACAE	N1421W	RODS
ACB1	N1421Z	TBM7
ACB6	N14214	B738
ACBB	N14219	B738
ACBC	N1422	BIPL
ACC0	N1422D	R44
ACC1	N1422E	C172
ACC7	N1422L	BE35
ACC8	N1422M	LNCE
ACD2	N1422X	P28A
ACD6	N14221	C82S
ACD9	N14224	PA23
ACDB	N14226	PA18
ACDD	N14228	B738
ACDE	N14229	PA23
ACE0	N1423A	COL4
ACE2	N1423C	SR20
ACE5	N1423F	C172
ACE6	N1423G	BE35
ACE7	N1423H	AR15
ACE8	N1423J	AC11
ACE9	N1423K	L8
ACEA	N1423L	BE23
ACEB	N1423M	ST75
ACEC	N1423N	J3
ACED	N1423P	PA14
ACF1	N1423T	P28A
ACF2	N1423U	C172
ACF4	N1423W	T206
ACF5	N1423X	P28A
ACF6	N1423Y	C172
ACF7	N1423Z	PA18
ACF8	N14230	B738
ACF9	N14231	B738
ACFD	N14235	B738
ACFF	N14237	B738
AD03	N1424A	PA22
AD05	N1424C	C82T
AD06	N1424D	C170
AD07	N1424E	C172
AD08	N1424F	C172
AD09	N1424G	BE35
AD0A	N1424H	AR15
AD0B	N1424J	AC11
AD0E	N1424M	PA32
AD0F	N1424N	PA24
AD11	N1424Q	C150
AD12	N1424R	EXEC
AD14	N1424T	P28A
AD15	N1424U	C172
AD16	N1424V	C172
AD18	N1424X	P28A
AD1B	N14240	B738
AD1D	N14242	B738
AD1E	N14243	PA23
AD1F	N14244	PA23
AD24	N14249	B738
AD26	N1425A	C82S
AD27	N1425B	L8
AD31	N1425M	P337
AD32	N1425N	J3
AD35	N1425R	AA1
AD37	N1425T	P28R
AD3B	N1425X	P28A
AD3E	N14250	B738
AD40	N14252	PA23
AD43	N14255	PA18
AD46	N14258	PA34
AD4B	N1426C	RV12
AD4E	N1426F	C172
AD51	N1426J	AC11
AD52	N1426K	L8
AD53	N1426L	BE23
AD54	N1426M	C182
AD57	N1426Q	C150
AD59	N1426S	PA23
AD5A	N1426T	PA32
AD5B	N1426U	C172
AD5E	N1426X	P28A
AD5F	N1426Y	C172
AD69	N14268	PA23
AD6A	N14269	PA18
AD6C	N1427A	B763
AD6E	N1427C	PA22
AD6F	N1427D	C170
AD70	N1427E	CH7A
AD71	N1427F	C172
AD72	N1427G	BE35
AD73	N1427H	AR15
AD75	N1427K	L8
AD7C	N1427S	PA23
AD81	N1427X	P28A
AD82	N1427Y	C172
AD83	N1427Z	VEZE
AD89	N14275	SQ2T
AD90	N1428B	GLIM
AD92	N1428D	CH70
AD94	N1428F	C172
AD96	N1428H	AR15
AD97	N1428J	P28A
AD98	N1428K	L8
AD99	N1428L	GLAS
AD9E	N1428R	AA1
ADA1	N1428U	C172
ADA2	N1428V	C172
ADA8	N14281	PA23
ADB4	N1429C	PA22
ADB6	N1429E	C172
ADB7	N1429F	C172
ADBA	N1429J	AC11
ADC0	N1429Q	C150
ADC3	N1429T	P28A
ADC5	N1429V	PA11
ADC7	N1429X	P28R
ADC8	N1429Y	C172
ADD2	N14298	PA18
ADD3	N14299	PA18
ADD4	N143	GLF6
ADD6	N143AA	DV20
ADD7	N143AB	M20P
ADD8	N143AC	PA23
ADDC	N143AG	SIRA
ADDF	N143AK	C150
ADE0	N143AL	XL2
ADE1	N143AM	LGEZ
ADE2	N143AN	A321
ADE3	N143AP	R44
ADE6	N143AS	PZ04
ADE7	N143AT	A4
ADEE	N143B	RV8
ADF2	N143BD	CRUZ
ADF4	N143BF	CRUZ
ADF6	N143BH	M7
ADF7	N143BJ	VELO
ADF8	N143BK	VTRA
ADFF	N143BS	P28A
AE03	N143BW	CRER
AE07	N143C	QIC2
AE08	N143CA	C208
AE09	N143CB	GALX
AE0A	N143CC	PA18
AE0C	N143CE	B350
AE0E	N143CG	C56X
AE0F	N143CH	RV4
AE11	N143CK	LJ25
AE15	N143CP	C182
AE17	N143CR	BT36
AE18	N143CS	P3
AE19	N143CT	FDCT
AE1C	N143CW	GLAS
AE22	N143DB	C182
AE25	N143DE	BE20
AE26	N143DF	RV6
AE27	N143DG	C162
AE2A	N143DK	C150
AE30	N143DR	C172
AE31	N143DS	BE58
AE32	N143DT	CH60
AE33	N143DU	BCS1
AE34	N143DV	RV10
AE35	N143DW	PA32
AE3B	N143EB	RV10
AE3E	N143EE	HUSK
AE44	N143EL	C421
AE45	N143EM	A4
AE50	N143EY	P28A
AE52	N143F	O1
AE53	N143FA	CRUZ
AE55	N143FC	P28A
AE57	N143FE	B763
AE63	N143FS	GLIM
AE64	N143FT	GALX
AE67	N143FW	BE9L
AE6C	N143GA	G280
AE6D	N143GB	T206
AE75	N143GK	AS50
AE76	N143GL	EAGL
AE77	N143GM	T206
AE7C	N143GS	T206
AE9E	N143JA	MU2
AE9F	N143JB	C337
AEA1	N143JD	M5
AEA5	N143JH	EFOX
AEA6	N143JJ	PA12
AEA8	N143JL	RV7
AEA9	N143JM	P28A
AEAE	N143JS	ST75
AEBC	N143KF	FOX
AEC2	N143KM	C182
AEC8	N143KT	B407
AECD	N143KY	PA31
AED0	N143LA	PA46
AED8	N143LJ	LJ55
AEDB	N143LM	FOX
AEDD	N143LP	GLF4
AEE4	N143LW	C82R
AEEA	N143MB	BE35
AEEB	N143MC	M18
AEED	N143ME	C172
AEEF	N143MG	C310
AEF0	N143MH	EC35
AEF4	N143MM	PA30
AEF8	N143MR	RV12
AEF9	N143MS	RV8
AEFD	N143MW	GLEX
AEFF	N143MY	R44
AF03	N143NB	PULS
AF06	N143NE	EC45
AF08	N143NG	DA40
AF0D	N143NM	WAIX
AF11	N143NR	FOX
AF1A	N143P	DHC1
AF1C	N143PB	P28R
AF1D	N143PC	CH7B
AF1E	N143PD	T34P
AF22	N143PH	B412
AF26	N143PM	S22T
AF28	N143PP	PA46
AF2A	N143PR	RV6
AF2B	N143PS	DEFI
AF2F	N143PW	BLKS
AF36	N143QC	PRM1
AF44	N143QS	GLEX
AF4C	N143R	PA11
AF4F	N143RC	AC11
AF51	N143RE	FA7X
AF54	N143RH	CH60
AF55	N143RJ	SR20
AF58	N143RM	C182
AF59	N143RN	RV6
AF5A	N143RP	HDJT
AF5D	N143RS	S22T
AF5E	N143RT	CH70
AF60	N143RV	RV6
AF61	N143RW	RV10
AF66	N143SA	DHC6
AF67	N143SB	SR20
AF69	N143SD	M7
AF6B	N143SF	CH65
AF6D	N143SH	R22
AF73	N143SP	UH1
AF76	N143SS	GLID
AF7A	N143SW	C310
AF7C	N143SY	E75L
AF7E	N143T	PA18
AF7F	N143TA	BE20
AF80	N143TB	P28B
AF81	N143TC	C210
AF83	N143TE	SR20
AF86	N143TH	AS50
AF87	N143TJ	DA40
AF8A	N143TM	M20P
AF8E	N142TR	HDJT
AF90	N143TT	COL4
AF91	N143TU	TWEN
AF94	N143TX	DV20
AFA5	N143UP	A306
AFB1	N143VA	R44
AFB2	N143VB	C240
AFB8	N143VH	EVOT
AFC9	N143W	J3
AFCA	N143WA	C208
AFCD	N143WD	SREY
AFD1	N143WH	BE36
AFD5	N143WM	RV12
AFDE	N143WW	S22T
AFE2	N143X	BE35
AFF3	N143XS	RF10
AFF8	N143XX	L39
AFFB	N143Y	WACF
B014	N143Z	DHC6
B01F	N143ZL	Z43
B026	N143ZT	CH80
B02F	N1430B	L8
B032	N1430E	CH7A
B034	N1430G	BE35
B035	N1430H	AR15
B039	N1430M	C182
B03C	N1430Q	C150
B03D	N1430R	RV14
B041	N1430V	C172
B043	N1430X	P28R
B044	N1430Y	C172
B046	N14300	WACF
B049	N14303	PA18
B04A	N14304	PA18
B04B	N14305	PA18
B04C	N14306	C82S
B04F	N14309	PA18
B051	N1431A	PA22
B052	N1431B	PA18
B053	N1431C	ST75
B054	N1431D	PA18
B055	N1431E	C185
B056	N1431F	C172
B05B	N1431L	BE23
B05C	N1431M	C182
B063	N1431U	C172
B064	N1431V	C172
B065	N1431W	B06
B069	N14310	PA18
B06B	N14312	PA18
B06C	N14313	PA18
B06D	N14314	PA18
B06E	N14315	PA18
B06F	N14316	PA18
B071	N14318	PA18
B072	N14319	PA18
B075	N1432B	L8
B076	N1432C	SR20
B078	N1432E	C82R
B07C	N1432J	AC11
B07E	N1432L	BE23
B07F	N1432M	PA23
B080	N1432N	J3
B085	N1432T	P28A
B087	N1432V	J3
B08A	N1432Y	C172
B08B	N1432Z	DHC2
B08D	N14321	PA18
B08F	N14323	PA18
B092	N14326	PA18
B093	N14327	PA18
B095	N14329	PA18
B09A	N1433D	C170
B09C	N1433F	C172
B09E	N1433H	AR15
B0A0	N1433K	L8
B0A2	N1433M	C182
B0A6	N1433R	AA1
B0A7	N1433S	C172
B0A8	N1433T	P28R
B0AB	N1433W	GAZL
B0AC	N1433X	P28A
B0AE	N1433Z	DHC2
B0B1	N14332	PA18
B0B2	N14333	PA18
B0BA	N1434A	PC12
B0BB	N1434B	L8
B0BD	N1434D	C170
B0BF	N1434F	C172
B0C0	N1434G	BE35
B0C2	N1434J	AC11
B0C4	N1434L	BE23
B0C5	N1434M	ST75
B0C9	N1434R	AA1
B0CB	N1434T	P28R
B0D0	N1434Y	C172
B0D1	N1434Z	DHC2
B0D2	N14340	PA23
B0EB	N1435Q	C150
B0ED	N1435S	C182
B0EE	N1435T	PA32
B0F3	N1435Y	C172
B0FF	N1436	KR1
B100	N1436A	BE36
B102	N1436C	PA22
B103	N1436D	C170
B104	N1436E	CH7A
B10C	N1436N	J3
B10F	N1436R	RV14
B111	N1436T	PA34
B112	N1436U	C172
B11D	N14365	PA18
B120	N14368	PA23
B123	N1437A	BE35
B128	N1437F	C172
B129	N1437G	BE35
B12A	N1437H	P32R
B12C	N1437K	COL4
B131	N1437Q	C150
B132	N1437R	C82S
B134	N1437T	P28A
B136	N1437V	C172
B144	N14379	PA23
B145	N1438	A321
B148	N1438C	C177
B149	N1438D	C170
B14A	N1438E	CH7A
B14B	N1438F	C172
B14E	N1438J	AC11
B152	N1438N	J3
B153	N1438P	PA23
B154	N1438Q	C150
B155	N1438R	AA1
B156	N1438S	C182
B157	N1438T	PA46
B15C	N1438Y	C172
B164	N14386	PA23
B169	N1439A	B763
B16B	N1439C	COL4
B16E	N1439F	C172
B171	N1439J	AC11
B172	N1439K	L8
B17B	N1439U	C172
B17E	N1439X	P28A
B17F	N1439Y	C172
B185	N14394	PA23
B186	N14395	PA18
B187	N14396	B14A
B188	N14397	FA24
B189	N14398	PA14
B18C	N144A	BE35
B18D	N144AA	DV20
B18E	N144AB	GLF4
B18F	N144AC	CH70
B191	N144AE	COL3
B192	N144AF	R44
B194	N144AH	R44
B196	N144AK	R44
B197	N144AL	C25B
B198	N144AM	P28A
B199	N144AN	A321
B19C	N144AR	C172
B19D	N144AS	PA31
B1A2	N144AX	R44
B1A4	N144AZ	RV6
B1A5	N144B	FDCT
B1A7	N144BB	CRUZ
B1A8	N144BC	CH7B
B1AB	N144BF	C172
B1AD	N144BH	B06
B1AE	N144BJ	FOX
B1B0	N144BL	RV14
B1B5	N144BR	L8
B1B9	N144BV	R44
B1BA	N144BW	R44
B1BC	N144BY	M20P
B1BD	N144BZ	R44
B1BE	N144C	B350
B1BF	N144CA	C650
B1C1	N144CC	AA5
B1C2	N144CD	R44
B1C5	N144CG	CC11
B1C6	N144CH	EC45
B1C9	N144CL	R44
B1CB	N144CN	PA23
B1CE	N144CR	C150
B1CF	N144CS	P3
B1D0	N144CT	P28A
B1D3	N144CW	FOX
B1D7	N144D	C180
B1D9	N144DB	FOX
B1DA	N144DC	B752
B1DC	N144DE	RV7
B1DD	N144DF	RV4
B1DE	N144DG	LNP4
B1DF	N144DH	CH7B
B1E0	N144DJ	R44
B1E1	N144DK	SREY
B1E3	N144DM	R44
B1E4	N144DN	RV4
B1E5	N144DP	RV14
B1E8	N144DS	R44
B1EA	N144DU	BCS1
B1EB	N144DV	RV4
B1ED	N144DX	CH60
B1EF	N144DZ	R44
B1F0	N144E	TF19
B1F2	N144EB	M20P
B1F3	N144EC	RV4
B1F8	N144EH	R44
B1FC	N144EM	A4
B201	N144ES	R44
B206	N144EX	PA11
B208	N144EZ	P32R
B209	N144F	BE35
B20A	N144FA	CRUZ
B20E	N144FE	B763
B222	N144G	T206
B226	N144GD	R44
B229	N144GG	R44
B22A	N144GH	R44
B22E	N144GM	BE35
B230	N144GP	LNCE
B23B	N144H	ACAM
B23C	N144HA	UH12
B249	N144HP	P46T
B24B	N144HR	HROC
B258	N144JD	R44
B25B	N144JG	R44
B25C	N144JH	C180
B25D	N144JJ	R44
B25E	N144JK	PA34
B265	N144JS	BE40
B266	N144JT	TBM7
B269	N144JW	PA22
B26D	N144K	BE36
B26E	N144KA	GLID
B278	N144KL	RV6
B279	N144KM	C560
B27E	N144KS	AT3T
B27F	N144KT	RV4
B282	N144KW	R44
B287	N144LA	PULS
B289	N144LC	COL4
B28A	N144LD	RV4
B28B	N144LE	EXEC
B28E	N144LH	BE50
B292	N144LM	BE35
B294	N144LP	PA11
B296	N144LR	R44
B297	N144LS	GLID
B29B	N144LW	TRDO
B29F	N144M	PA38
B2A0	N144MA	B407
B2A1	N144MB	RV4
B2A2	N144MC	P28A
B2A3	N144MD	LNC4
B2A4	N144ME	C172
B2A6	N144MG	BRAV
B2A7	N144MH	CL60
B2AA	N144ML	LNC4
B2AB	N144MM	RV4
B2AC	N144MN	R44
B2AF	N144MR	RV4
B2BA	N144NB	BE18
B2BD	N144NE	EC45
B2C9	N144NS	CRER
B2D1	N144P	RV14
B2D2	N144PA	C750
B2D4	N144PC	R44
B2D5	N144PD	R44
B2D8	N144PG	R44
B2D9	N144PH	H269
B2DB	N144PK	GLF4
B2DC	N144PL	PAY4
B2DD	N144PM	T34P
B2DF	N144PP	R44
B2E3	N144PT	BE36
B2E6	N144PW	C172
B2E9	N144PZ	WAIX
B2EA	N144Q	DHC2
B2EC	N144QB	SA30
B303	N144R	BE35
B306	N144RC	BE95
B307	N144RD	RV4
B309	N144RF	R44
B30B	N144RH	R44
B30F	N144RM	RV4
B311	N144RP	R44
B316	N144RU	PA44
B317	N144RV	RV6
B318	N144RW	CAMP
B31C	N144S	GA5C
B31E	N144SB	BE33
B320	N144SD	RV14
B323	N144SG	R44
B324	N144SH	RV4
B325	N144SJ	AEST
B327	N144SL	G44
B32C	N144SR	R44
B331	N144SW	B06
B333	N144SY	E75L
B335	N144T	GLIM
B336	N144TA	PC24
B338	N144TC	PA38
B339	N144TD	BE36
B33A	N144TE	SR22
B33D	N144TH	BEAR
B340	N144TL	PA24
B341	N144TM	MUS2
B343	N144TP	AC11
B347	N144TT	R44
B349	N144TV	B06
B34B	N144TX	DV20
B35C	N144UP	A306
B367	N144V	EFOX
B368	N144VA	RV14
B369	N144VB	C240
B36E	N144VG	R44
B36F	N144VH	COZY
B379	N144VT	RV14
B380	N144W	GLID
B381	N144WA	R44
B382	N144WB	R44
B387	N144WG	PA11
B38A	N144WK	R44
B38D	N14567	A21N
B38E	N144WP	T210
B392	N144WT	R44
B399	N144X	HROC
B3A4	N144XL	C56X
B3A7	N144XP	FALC
B3AF	N144XX	L39
B3B2	N144Y	WACF
B3B6	N144YD	C25A
B3DF	N144ZV	C550
B3E7	N1440C	PA22
B3E9	N1440E	C82R
B3EE	N1440K	L8
B3EF	N1440L	R44
B3F0	N1440M	RV14
B3F3	N1440Q	C150
B3F4	N1440R	BE95
B3F5	N1440S	C182
B3FA	N1440X	PA24
B3FC	N1440Z	C56X
B3FE	N14401	PA23
B404	N14407	C185
B406	N14409	BE17
B408	N1441A	ACR2
B409	N1441B	L8
B40A	N1441C	PA20
B40D	N1441F	C172
B40F	N1441H	AR15
B412	N1441L	BE23
B414	N1441N	J3
B415	N1441P	C172
B416	N1441Q	C150
B418	N1441S	C182
B41B	N1441V	C172
B423	N14413	BE17
B427	N14417	BE17
B428	N14418	O1
B42A	N1442	C182
B42C	N1442B	L8
B42D	N1442C	C177
B42E	N1442D	C182
B42F	N1442E	COL4
B434	N1442K	L8
B436	N1442M	C182
B438	N1442P	RV14
B439	N1442Q	C150
B43B	N1442S	C182
B43C	N1442T	P28A
B43D	N1442U	C172
B443	N14420	L13M
B447	N14424	RV4
B44C	N14429	T6
B451	N1443D	F8L
B452	N1443E	C172
B453	N1443F	C172
B454	N1443G	BE35
B459	N1443M	C182
B45C	N1443Q	C150
B45D	N1443R	AA1
B45F	N1443T	COL4
B461	N1443V	C172
B471	N1444A	P337
B473	N1444C	C172
B476	N1444F	C172
B477	N1444G	BE35
B478	N1444H	AR15
B479	N1444J	AC11
B47B	N1444L	BE23
B47C	N1444M	BE35
B47D	N1444N	COL4
B47F	N1444Q	C150
B480	N1444R	AA1
B481	N1444S	C182
B485	N1444W	J3
B486	N1444X	P28R
B487	N1444Y	C172
B48A	N14441	O1
B48B	N14442	O1
B48C	N14443	RV4
B493	N1445	COY2
B498	N1445E	C172
B499	N1445F	C172
B49B	N1445H	P32R
B49D	N1445K	L8
B49E	N1445L	BE23
B4A4	N1445S	C182
B4A5	N1445T	P28R
B4A7	N1445V	C172
B4AA	N1445Y	C172
B4B2	N14456	COL4
B4B3	N14457	C172
B4B4	N14458	BE17
B4B9	N1446C	SR22
B4C0	N1446K	CH65
B4C5	N1446Q	C150
B4CC	N1446X	P28A
B4CD	N1446Y	C172
B4CF	N14460	C172
B4DB	N1447B	L8
B4DC	N1447C	SR22
B4DD	N1447D	C170
B4DF	N1447F	C172
B4E1	N1447H	P28A
B4E2	N1447J	AC11
B4E3	N1447K	L8
B4E4	N1447L	T206
B4EA	N1447S	C182
B4EB	N1447T	P28R
B4EE	N1447W	FOX
B4EF	N1447X	P28A
B4F1	N1447Z	RV7
B4F2	N14470	TAIL
B4F4	N14472	C182
B4FE	N1448B	L8
B501	N1448E	CH7A
B503	N1448G	BE35
B504	N1448H	AR15
B505	N1448J	AC11
B506	N1448K	L8
B50B	N1448Q	C150
B50C	N1448R	AA1
B50D	N1448S	C182
B510	N1448V	C172
B512	N1448X	P28A
B514	N1448Z	C172
B517	N14482	CAMP
B518	N14483	M20P
B51F	N1449	GLST
B521	N1449B	L8
B522	N1449C	C172
B524	N1449E	C172
B525	N1449F	C172
B526	N1449G	BE95
B528	N1449J	AC11
B52E	N1449Q	C150
B532	N1449U	C172
B533	N1449V	C172
B534	N1449W	B47G
B541	N14499	CH7A
B544	N145AA	P28R
B545	N145AB	PA25
B546	N145AC	BL8
B549	N145AF	BE9L
B54B	N145AH	EC45
B54C	N145AJ	SR22
B54E	N145AL	H500
B550	N145AN	A321
B551	N145AP	LJ45
B554	N145AS	RBEL
B558	N145AW	SR20
B55B	N145AZ	BE18
B55C	N145B	BL17
B55F	N145BC	BL8
B562	N145BF	CRUZ
B56F	N145BU	EC45
B575	N145C	PA18
B576	N145CA	EC35
B579	N145CD	SR20
B57C	N145CG	C25B
B57D	N145CH	EC45
B580	N145CL	EC45
B581	N145CM	LJ45
B583	N145CP	C421
B586	N145CS	P3
B587	N145CT	FDCT
B58E	N145D	BE95
B58F	N145DA	A139
B595	N145DG	GLST
B598	N145DK	T28
B599	N145DL	RV8
B59D	N145DQ	BCS1
B5A1	N145DU	EC45
B5A2	N145DV	EC45
B5A8	N145EA	EA50
B5AA	N145EC	EC45
B5B0	N145EJ	SR22
B5B2	N145EL	EC45
B5B3	N145EM	A4
B5B5	N145EP	E145
B5B7	N145ER	RLU1
B5C1	N145FA	E50P
B5C5	N145FE	B763
B5C8	N145FH	EC45
B5D1	N145FS	MU2
B5D9	N145G	EC45
B5DA	N145GA	RS12
B5DB	N145GB	GLAS
B5DF	N145GF	EC45
B5E3	N145GK	RV12
B5F2	N145H	RV4
B5F5	N145HC	EC45
B5F8	N145HF	C172
B5FA	N145HH	EC45
B5FE	N145HM	EC45
B5FF	N145HN	EC45
B600	N145HP	HUSK
B602	N145HR	HROC
B60B	N145J	BE18
B60C	N145JA	LJ45
B612	N145JG	LEG2
B615	N145JK	C180
B617	N145JM	BE35
B61C	N145JS	PRM1
B620	N145JW	S92
B625	N145KA	C208
B62A	N145KF	FOX
B62E	N145KK	C560
B63E	N145LA	AT6T
B640	N145LC	EXEC
B643	N145LF	EC45
B645	N145LH	BE50
B64B	N145LP	ASTR
B64D	N145LR	LJ45
B654	N145LY	P28A
B656	N145M	BE35
B657	N145MA	UH1
B658	N145MB	E55P
B659	N145MC	EC45
B65B	N145ME	C172
B65D	N145MG	GLF5
B65E	N145MH	EC45
B661	N145ML	C172
B666	N145MR	BE9T
B66B	N145MW	LJ45
B66F	N145N	ST75
B672	N145NC	EC45
B674	N145NE	EC45
B676	N145NG	EC45
B679	N145NK	EC45
B67F	N145NR	EN48
B688	N145P	C172
B68B	N145PC	C172
B68C	N145PD	R44
B68F	N145PG	SR20
B691	N145PJ	LJ45
B693	N145PL	T206
B694	N145PM	SR22
B698	N145PR	EC30
B6B2	N145QS	GLEX
B6BD	N145RC	CC11
B6C4	N145RK	TBM7
B6C5	N145RL	J3
B6CC	N145RT	GLF4
B6CE	N145RV	RV10
B6CF	N145RW	CH7A
B6D5	N145SB	T34P
B6D6	N145SC	BE18
B6D7	N145SD	EC45
B6DB	N145SH	C208
B6DC	N145SJ	EC45
B6DE	N145SL	P180
B6DF	N145SM	EC45
B6E4	N145SS	GLID
B6E6	N145SU	EC45
B6E8	N145SW	C310
B6EA	N145SY	E75L
B6EB	N145SZ	EC45
B6EC	N145T	CH60
B6ED	N145TA	C500
B6F4	N145TH	AS50
B6F5	N145TJ	EC45
B6F9	N145TN	EC45
B6FD	N145TS	BE36
B6FE	N145TT	C402
B702	N145TX	EC45
B705	N145U	EC45
B708	N145UC	EC45
B713	N145UP	A306
B71A	N145UW	EC45
B723	N145VE	DH8D
B725	N145VG	LJ45
B738	N145WA	C208
B739	N145WB	TBM
B73A	N145WC	EC45
B73D	N145WF	SW4
B741	N145WK	CHR1
B749	N145WT	CH75
B74C	N145WW	PA44
B75B	N145XL	LJ45
B75E	N145XP	EC45
B761	N145XS	RF10
B769	N145Y	RV12
B782	N145Z	SH36
B79D	N1450B	BE36
B79E	N1450C	T210
B7A3	N1450H	AR15
B7A6	N1450L	BE23
B7A7	N1450M	T206
B7AB	N1450R	P28R
B7AC	N1450S	C182
B7AD	N1450T	P28A
B7AE	N1450U	C172
B7AF	N1450V	C172
B7B0	N1450W	FOX
B7B1	N1450X	PA32
B7B2	N1450Y	C172
B7B5	N14501	GLID
B7B6	N14502	A21N
B7B7	N14503	A21N
B7B8	N14504	A21N
B7BA	N14506	A21N
B7BB	N14507	A21N
B7BD	N14509	A21N
B7BE	N1451	PA18
B7C2	N1451D	P51
B7C4	N1451F	C172
B7C5	N1451G	BE95
B7C6	N1451H	AR15
B7C7	N1451J	AC11
B7C8	N1451K	L8
B7CA	N1451M	C182
B7CF	N1451S	EXEC
B7D1	N1451U	C172
B7D4	N1451X	PA34
B7D7	N14510	C82S
B7D8	N14511	A21N
B7DA	N14513	C82S
B7E4	N1452C	SR22
B7E6	N1452E	CH7A
B7E7	N1452F	C172
B7E8	N1452G	BE35
B7E9	N1452H	AR15
B7EA	N1452J	SONX
B7EE	N1452N	J3
B7EF	N1452P	PA23
B7F1	N1452R	AA1
B7F3	N1452T	PA32
B7F4	N1452U	C172
B7F6	N1452W	COL4
B7F8	N1452Y	C172
B7FA	N14520	A21N
B7FD	N14523	A21N
B7FE	N14524	A21N
B7FF	N14525	SA30
B801	N14527	A21N
B803	N14529	A21N
B806	N1453B	L8
B811	N1453N	J3
B814	N1453R	AA1
B815	N1453S	C182
B817	N1453U	C172
B81B	N1453Y	C172
B81E	N14531	A21N
B820	N14533	A21N
B821	N14534	A21N
B829	N1454B	L8
B82A	N1454C	C177
B82B	N1454D	COL4
B82E	N1454G	BE35
B82F	N1454H	GLF6
B835	N1454P	PA23
B836	N1454Q	T206
B838	N1454S	C182
B83A	N1454U	C172
B83B	N1454V	C172
B83D	N1454X	P28A
B83E	N1454Y	C172
B83F	N1454Z	DHC2
B841	N14541	A21N
B842	N14542	E145
B844	N14544	A21N
B845	N14545	A21N
B848	N14548	A21N
B849	N14549	A21N
B84A	N1455	SA30
B84C	N1455B	L8
B84D	N1455C	C177
B84E	N1455D	C170
B851	N1455G	BE35
B852	N1455H	AR15
B857	N1455N	J3
B858	N1455P	PA23
B859	N1455Q	C150
B85A	N1455R	C82S
B85C	N1455T	DHC2
B85E	N1455V	C172
B860	N1455X	P28R
B862	N1455Z	DHC2
B866	N14553	A21N
B867	N14554	A21N
B86A	N14557	A21N
B86B	N14558	E145
B86C	N14559	A21N
B86D	N1456	SA30
B86E	N1456A	PA22
B86F	N1456B	L8
B870	N1456C	PA18
B871	N1456D	C82S
B873	N1456F	C172
B875	N1456H	AR15
B876	N1456J	AC11
B87A	N1456N	J3
B87E	N1456S	C182
B883	N1456X	P28R
B884	N1456Y	C172
B886	N14560	A21N
B888	N14562	E145
B889	N14563	A21N
B88A	N14564	A21N
B88B	N14565	A21N
B88C	N14566	A21N
B88F	N14569	A21N
B892	N1457B	SREY
B893	N1457C	SR22
B895	N1457E	CH7A
B896	N1457F	C172
B899	N1457J	AC11
B89C	N1457M	T206
B8A2	N1457T	P28A
B8A4	N1457V	C172
B8AA	N14571	PL2
B8AB	N14572	RELI
B8AF	N14576	A21N
B8B3	N1458	RV4T
B8B5	N1458B	L8
B8B6	N1458C	PA18
B8B9	N1458F	C172
B8BA	N1458G	BE35
B8BB	N1458H	T206
B8BC	N1458J	AC11
B8C0	N1458N	J3
B8C1	N1458P	PA23
B8C3	N1458R	AA1
B8C7	N1458V	C172
B8CA	N1458Y	C172
B8CC	N14580	RELI
B8D1	N14585	RELI
B8D4	N14588	VWIT
B8D6	N1459	B350
B8D7	N1459A	GLF4
B8D8	N1459B	L8
B8DB	N1459E	C172
B8DC	N1459F	C172
B8DD	N1459G	BE35
B8DE	N1459H	AR15
B8E2	N1459M	T206
B8E3	N1459N	J3
B8EA	N1459V	C172
B8ED	N1459Y	C172
B8F1	N14592	RELI
B8FB	N146AA	A321
B8FC	N146AB	GLEX
B8FD	N146AC	C172
B901	N146AG	SIRA
B902	N146AH	EC45
B904	N146AK	RV3
B906	N146AM	GLST
B90A	N146AR	C510
B90C	N146AT	A4
B90E	N146AV	P28A
B915	N146BB	SSTL
B917	N146BD	AVID
B919	N146BF	CRUZ
B91A	N146BG	GLF4
B921	N146BP	BE33
B926	N146BU	PA46
B92C	N146C	BE95
B92D	N146CA	LNCE
B92E	N146CB	EC20
B92F	N146CC	PA18
B938	N146CM	ST75
B93A	N146CP	RV8
B93D	N146CS	P3
B93E	N146CT	FDCT
B944	N146CZ	COZY
B947	N146DB	P32R
B948	N146DC	PA31
B94B	N146DF	RV6
B94C	N146DG	PA46
B94F	N146DK	DHC1
B950	N146DL	CH60
B955	N146DR	DV20
B956	N146DS	GLIM
B95E	N146E	C82R
B95F	N146EA	EA50
B961	N146EC	BDOG
B96A	N146EM	A4
B970	N146ET	UH12
B974	N146EX	F900
B977	N146F	C82T
B97A	N146FC	C206
B97C	N146FE	B763
B989	N146FT	C140
B990	N146G	C68A
B9A1	N146GS	SR22
B9A5	N146GW	C425
B9AA	N146HA	EA50
B9AC	N146HC	EC45
B9B0	N146HG	HUSK
B9B1	N146HH	EC45
B9C2	N146J	PA31
B9C4	N146JB	AC11
B9C5	N146JC	GLST
B9C8	N146JF	H25B
B9CB	N146JJ	SR20
B9CD	N146JL	RV6
B9D0	N146JP	DA40
B9D7	N146JW	P28A
B9F7	N146LC	BE20
B9FC	N146LH	P28R
B9FF	N146LL	LEG2
BA09	N146LW	P28B
BA0D	N146M	PA12
BA0E	N146MA	BL8
BA0F	N146MB	PA32
BA19	N146MM	C25A
BA1B	N146MP	SONX
BA1E	N146MS	PA46
BA22	N146MW	TB20
BA29	N146NC	PA46
BA2B	N146NE	C82S
BA3F	N146P	PA24
BA42	N146PC	PC12
BA47	N146PH	A139
BA49	N146PK	EUPA
BA4B	N146PM	P46T
BA4E	N146PQ	CRJ9
BA51	N146PT	P28A
BA69	N146QS	GLEX
BA6A	N146QT	B463
BA75	N146RD	DC3
BA77	N146RF	PA46
BA85	N146RV	RV6
BA8A	N146S	GLAS
BA8B	N146SA	DHC6
BA8C	N146SB	SR22
BA8D	N146SC	PA32
BA8E	N146SD	RV7
BA91	N146SG	R44
BA92	N146SH	B06
BA96	N146SM	C25A
BA98	N146SP	B06
BA9A	N146SR	SREY
BA9B	N146SS	GLID
BA9C	N146ST	PA46
BA9F	N146SW	PA32
BAA1	N146SY	E75L
BAA3	N146T	PA18
BAA4	N146TA	BT36
BAA5	N146TB	BRAV
BAA6	N146TC	C172
BAAB	N146TH	AS50
BAAC	N146TJ	C421
BAAF	N146TM	J3
BAB4	N146TS	DA40
BABC	N146U	CC19
BABD	N146UA	UF13
BACA	N146UP	A306
BAD5	N146V	C120
BAD7	N146VB	C240
BAF0	N146WB	RV6
BAF6	N146WH	C82S
BAFA	N146WM	C208
BB07	N146X	PA32
BB12	N146XL	LJ45
BB20	N146Y	C180
BB31	N146YS	C170
BB36	N146YX	WAIX
BB39	N146Z	BE58
BB3F	N146ZF	PA46
BB55	N1460C	PA18
BB58	N1460F	C172
BB5A	N1460H	AR15
BB5B	N1460J	AC11
BB60	N1460P	PA23
BB64	N1460T	T206
BB66	N1460V	C172
BB68	N1460X	P28A
BB71	N14606	WACC
BB72	N14607	WACF
BB7A	N1461E	C172
BB7B	N1461F	FOX
BB7D	N1461H	P28A
BB7E	N1461J	AC11
BB84	N1461Q	C150
BB85	N1461R	AA1
BB87	N1461T	P28A
BB88	N1461U	C172
BB8A	N1461W	B47G
BB8C	N1461Y	C172
BB8F	N14611	WACC
BB93	N14615	WACC
BB95	N14617	WACC
BB9C	N1462D	C170
BB9E	N1462F	C172
BBA0	N1462H	AR15
BBA1	N1462J	AC11
BBA3	N1462L	BE23
BBA5	N1462N	C82S
BBA9	N1462S	C182
BBAA	N1462T	P28A
BBAE	N1462X	P28A
BBB1	N14620	WACC
BBB2	N14621	O1
BBB4	N14623	C172
BBB8	N14627	WACF
BBBB	N1463	RV14
BBBD	N1463B	L8
BBBE	N1463C	SR20
BBBF	N1463D	C170
BBC0	N1463E	C172
BBC1	N1463F	C172
BBC3	N1463H	P28R
BBC4	N1463J	SRAI
BBC5	N1463K	L8
BBC6	N1463L	BE23
BBC8	N1463N	J3
BBC9	N1463P	PA23
BBCD	N1463T	P28A
BBDB	N14637	UH12
BBE1	N1464C	C172
BBE3	N1464E	C172
BBE5	N1464G	BE35
BBE6	N1464H	AR15
BBE7	N1464J	AC11
BBEB	N1464N	J3
BBEF	N1464S	C182
BBF0	N1464T	P28A
BBF4	N1464X	P28A
BC01	N1465	T6
BC02	N1465A	PA22
BC03	N1465B	C82S
BC05	N1465D	C170
BC06	N1465E	C172
BC09	N1465H	P28B
BC0A	N1465J	AC11
BC0C	N1465L	BE23
BC0D	N1465M	T206
BC0F	N1465P	PA23
BC13	N1465T	PA32
BC23	N14659	DH82
BC24	N1466	T6
BC2A	N1466F	C172
BC2D	N1466J	AC11
BC2F	N1466L	BE23
BC30	N1466M	T206
BC31	N1466N	J3
BC35	N1466S	C182
BC37	N1466U	C172
BC38	N1466V	C172
BC46	N14669	C172
BC47	N1467	T6
BC49	N1467B	L8
BC4A	N1467C	PA18
BC4D	N1467F	C185
BC57	N1467R	AA1
BC59	N1467T	P28A
BC5B	N1467V	C172
BC5D	N1467X	PA34
BC69	N14679	WACC
BC6A	N1468	SA30
BC6D	N1468C	SR22
BC6E	N1468D	C170
BC6F	N1468E	C172
BC75	N1468L	BE23
BC76	N1468M	T206
BC77	N1468N	J3
BC7C	N1468T	P28R
BC7E	N1468V	C172
BC83	N14680	BL17
BC84	N14681	BL17
BC87	N14684	WACC
BC8A	N14687	BL17
BC8E	N1469A	PA22
BC93	N1469F	C185
BC94	N1469G	BE95
BC98	N1469L	BE23
BC9A	N1469N	J3
BC9E	N1469S	C182
BC9F	N1469T	P28R
BCA2	N1469W	COL4
BCA5	N1469Z	RV8
BCA6	N14690	BL17
BCA7	N14691	BL17
BCAB	N14695	BL17
BCB0	N147	GLID
BCB2	N147AA	A321
BCB3	N147AB	FA24
BCB7	N147AF	PC12
BCB8	N147AG	B06
BCBA	N147AJ	C82S
BCBD	N147AM	LGEZ
BCC2	N147AS	AN2
BCC3	N147AT	A4
BCC9	N147AZ	DC3
BCCD	N147BC	BL8
BCCE	N147BD	RV7
BCD0	N147BF	CRUZ
BCD3	N147BJ	BE40
BCD5	N147BL	PA11
BCDA	N147BR	RV4
BCE2	N147BZ	PA34
BCE3	N147C	S108
BCE6	N147CC	P28R
BCE8	N147CE	C82S
BCEA	N147CG	B47G
BCEC	N147CJ	F2TH
BCEF	N147CM	RV7
BCF1	N147CP	RV4
BCF4	N147CS	P3
BCF5	N147CT	FDCT
BCF7	N147CV	RV9
BCF9	N147CX	HDJT
BCFF	N147DC	DC3
BD06	N147DK	SREY
BD07	N147DL	RV4
BD0A	N147DP	B47G
BD0D	N147DS	T18
BD0E	N147DT	BE36
BD11	N147DW	GLST
BD17	N147EB	M20P
BD18	N147EC	PA23
BD21	N147EM	A4
BD27	N147ET	BE35
BD2A	N147EW	RV7
BD2E	N147F	AC50
BD31	N147FC	P28A
BD33	N147FE	B763
BD35	N147FG	T6
BD43	N147FW	RV8
BD47	N147G	P28A
BD4A	N147GC	RV14
BD4E	N147GG	BE95
BD50	N147GJ	BE20
BD59	N147GT	SR22
BD5C	N147GW	T206
BD5D	N147GX	FA10
BD60	N147H	DSA1
BD61	N147HA	C172
BD62	N147HB	C82T
BD63	N147HC	B47G
BD79	N147J	C172
BD7A	N147JA	GLIM
BD7B	N147JB	R66
BD83	N147JK	RV4
BD8A	N147JS	EAGL
BD8B	N147JT	C172
BD92	N147K	C182
BD94	N147KB	SR22
BDAC	N147LA	AT3T
BDAF	N147LD	SR22
BDB3	N147LH	P28R
BDB4	N147LJ	BE9L
BDB5	N147LK	SR22
BDB7	N147LM	AS50
BDB9	N147LP	GLID
BDBB	N147LR	RV7
BDC4	N147M	CJ6
BDC5	N147MA	CH7B
BDC7	N147MC	C182
BDCF	N147ML	C177
BDD0	UP-AW909	A119
BDD6	N147MT	PA18
BDDD	N147N	C208
BDF6	N147P	BE33
BDF8	N147PB	SR22
BDF9	N147PC	CH7B
BDFD	N147PG	SR20
BDFF	N147PJ	PA32
BE01	N147PL	LGEZ
BE05	N147PQ	CRJ9
BE07	N147PS	GLID
BE0B	N147PW	BE36
BE20	N147QS	GLEX
BE29	N147RA	Z37P
BE2B	N147RC	RV12
BE36	N147RP	RV7
BE39	N147RS	B47G
BE3D	N147RW	B47G
BE42	N147SA	T206
BE45	N147SD	RV14
BE47	N147SF	GLF5
BE49	N147SH	C185
BE4D	N147SM	B47G
BE4F	N147SP	AN2
BE51	N147SR	SREY
BE52	N147SS	GLID
BE56	N147SW	ASTR
BE5A	N147T	PA18
BE5C	N147TB	BL17
BE5D	N147TC	R44
BE62	N147TH	AS50
BE68	N147TP	BL8
BE69	N147TQ	BL8
BE6B	N147TS	DA42
BE70	N147TX	T206
BE81	N147UP	A306
BE8F	N147VC	SR22
BEA7	N147WB	B47G
BEA9	N147WD	B58T
BEAB	N147WF	C425
BEAD	N147WH	RV7
BEB0	N147WL	SR22
BEB1	N147WM	M7
BEB7	N147WT	B47G
BEBE	N147X	GLF4
BED4	N147XX	L39
BEF0	N147Z	BE20
BF0C	N1470C	PA18
BF10	N1470G	BE35
BF11	N1470H	P32R
BF12	N1470J	AC11
BF14	N1470L	BE23
BF18	N1470Q	C185
BF1C	N1470U	C172
BF1D	N1470V	C172
BF1E	N1470W	B47G
BF21	N1470Z	BL8
BF26	N14704	B737
BF27	N14705	BL17
BF2B	N14709	BL17
BF2D	N1471A	PA22
BF2F	N1471C	PA18
BF30	N1471D	C170
BF31	N1471E	C172
BF34	N1471H	AR15
BF36	N1471K	L8
BF37	N1471L	BE23
BF3B	N1471Q	C150
BF3C	N1471R	PC12
BF3E	N1471T	P28A
BF3F	N1471U	C172
BF41	N1471W	J3
BF42	N1471X	P28A
BF49	N14714	BL17
BF4C	N14717	GLF4
BF4D	N14718	BL17
BF50	N1472A	PA22
BF54	N1472E	CH7A
BF55	N1472F	C172
BF5A	N1472L	BE23
BF5C	N1472N	J3
BF5D	N1472P	C172
BF61	N1472T	P28R
BF69	N14721	BL17
BF6B	N14723	BL17
BF6D	N14725	FA24
BF6F	N14727	FA24
BF75	N1473C	PA18
BF76	N1473D	C170
BF78	N1473F	C185
BF7A	N1473H	AR15
BF7C	N1473K	COL4
BF7D	N1473L	BE23
BF7E	N1473M	C182
BF83	N1473S	C182
BF89	N1473Y	C172
BF8C	N14731	B737
BF8D	N14732	BL17
BF8F	N14734	BL17
BF90	N14735	B737
BF91	N14736	BL17
BF93	N14738	BL17
BF95	N1474	M7
BF97	N1474B	L8
BF98	N1474C	PA18
BF9A	N1474E	C172
BF9B	N1474F	C172
BFA2	N1474N	J3
BFA3	N1474P	PA23
BFA7	N1474T	PA32
BFA8	N1474U	C172
BFA9	N1474V	C172
BFAB	N1474X	P28A
BFAE	N14740	BL17
BFB3	N14745	BL17
BFB4	N14746	BL17
BFB5	N14747	BL17
BFB7	N14749	FA24
BFB8	N1475	DSA1
BFBD	N1475E	CH7A
BFBE	N1475F	C185
BFC3	N1475L	BE23
BFC5	N1475N	J3
BFC9	N1475S	C182
BFCC	N1475V	C172
BFCF	N1475Y	C172
BFD2	N14751	BL17
BFD5	N14754	BL17
BFD9	N14758	BL17
BFDB	N1476	DFLY
BFDE	N1476C	PA18
BFE0	N1476E	CH7A
BFE4	N1476J	AC11
BFE5	N1476K	L8
BFEA	N1476Q	C150
BFEC	N1476S	C182
BFEE	N1476U	C172
BFF1	N1476X	P28A
BFF2	N1476Y	C172
BFFE	N1477	PA14
C000	N1477B	C240
C004	N1477F	C172
C005	N1477G	BE35
C008	N1477K	L8
C009	N1477L	BE23
C00A	N1477M	RV14
C00E	N1477R	AA1
C010	N1477T	P28A
C012	N1477V	C172
C013	N1477W	PA18
C014	N1477X	P28A
C017	N14770	WACF
C018	N14771	BL17
C019	N14772	BL17
C022	N1478A	PA22
C025	N1478D	C170
C026	N1478E	CH7A
C027	N1478F	C172
C02C	N1478L	BE23
C02D	N1478M	C182
C037	N1478X	P28A
C038	N1478Y	C172
C03C	N14782	BL17
C03D	N14783	BL17
C040	N14786	BL17
C044	N1479	CH60
C045	N1479A	PA22
C047	N1479C	C177
C049	N1479E	C172
C04B	N1479G	DA40
C04D	N1479J	AC11
C054	N1479R	AA1
C056	N1479T	P28R
C057	N1479U	C172
C05A	N1479X	P28A
C060	N14793	BL17
C061	N14794	FA24
C065	N14798	BL17
C066	N14799	FA24
C067	N148	PTS1
C069	N148AA	BE30
C06B	N148AC	BL8
C072	N148AK	BL8
C074	N148AM	HUSK
C075	N148AN	A321
C07D	N148AW	B407
C081	N148B	GLF6
C082	N148BA	A5
C084	N148BC	BL8
C085	N148BD	S22T
C087	N148BF	CRUZ
C096	N148BW	RV8
C09A	N148C	PC12
C09B	N148CA	HUSK
C09D	N148CC	PA18
C09E	N148CD	SR20
C0A8	N148CP	S22T
C0AB	N148CS	P3
C0AC	N148CT	FDCT
C0B2	N148CZ	SR22
C0B4	N148DA	DV20
C0BB	N148DH	GLAS
C0BF	N148DM	FOX
C0C0	N148DN	CH60
C0C1	N148DP	M7
C0C4	N148DS	BE58
C0C8	N148DW	T206
C0D7	N148EL	C150
C0E5	N148F	PTS2
C0E6	N148FA	CRUZ
C0E7	N148FB	C25A
C0E8	N148FC	P28A
C0EA	N148FE	B763
C0FE	N148G	C182
C102	N148GD	CB1
C106	N148GH	C82S
C10C	N148GP	PTS1
C125	N148HP	GA8
C132	N148JB	C182
C13C	N148JM	TB21
C140	N148JR	C56X
C149	N148K	EFOX
C155	N148KM	P28A
C160	N148KY	B06
C162	N148L	GA7C
C165	N148LC	S22T
C169	N148LG	EA50
C16A	N148LH	P28A
C16E	N148LM	GLST
C170	N148LP	C82T
C17B	N148M	PA18
C17C	N148MA	A21N
C17F	N148MD	S22T
C183	N148MH	RV6
C18C	N148MS	SONX
C190	N148MW	E50P
C1B0	N148PC	BL8
C1B3	N148PF	PA34
C1BD	N148PR	BE35
C1BE	N148PS	PTS2
C1D7	N148QS	GLEX
C1DF	N148R	R66
C1E2	N148RC	RV7
C1E5	N148RF	P32R
C1E7	N148RH	R44
C1EF	N148RR	AA5
C1F3	N148RV	WACF
C1F9	N148SA	DHC6
C1FA	N148SB	PA30
C1FB	N148SC	EC20
C202	N148SK	B190
C204	N148SM	C82S
C206	N148SP	J3
C208	N148SR	SREY
C209	N148SS	GLID
C20D	N148SW	SR22
C20F	N148SY	E75L
C211	N148T	PA18
C212	N148TA	PTS2
C219	N148TH	AS50
C21A	N148TJ	RV8
C222	N148TS	SR22
C223	N148TT	PA44
C226	N148TW	FA20
C227	N148TX	C182
C22A	N148U	BE35
C236	N148UM	TBM7
C238	N148UP	A306
C243	N148V	GLF2
C251	N148VP	PA23
C25D	N148WA	WACF
C25E	N148WB	RV7
C26E	N148WT	CH75
C275	N148X	RV8
C2A4	N148YX	WAIX
C2A7	N148Z	SH36
C2BD	N148ZX	CH70
C2C2	N1480B	L8
C2C3	N1480C	PA22
C2C5	N1480E	CH7A
C2CA	N1480K	BE18
C2D1	N1480S	C182
C2D3	N1480U	C172
C2DF	N14806	B47G
C2E0	N14807	B47G
C2E4	N1481A	PA22
C2E8	N1481E	C82R
C2ED	N1481K	L8
C2EE	N1481L	BE23
C2F3	N1481R	AA1
C2F4	N1481S	C182
C2F5	N1481T	PA34
C2F7	N1481V	C172
C2F9	N1481X	P28R
C2FA	N1481Y	C172
C300	N14814	C172
C309	N1482C	PA22
C30A	N1482D	C170
C30D	N1482G	BE35
C315	N1482Q	RV6
C316	N1482R	AA1
C31A	N1482V	C172
C31D	N1482Y	C172
C326	N14827	B47G
C328	N14829	C172
C329	N1483	SA3
C32C	N1483C	C82S
C32E	N1483E	CH7A
C332	N1483J	AC11
C334	N1483L	C82T
C335	N1483M	C182
C338	N1483Q	C150
C339	N1483R	AA1
C33C	N1483U	C172
C33D	N1483V	C172
C349	N14837	B06
C34E	N1484B	C172
C355	N1484J	AC11
C35B	N1484Q	C150
C35C	N1484R	AA1
C35D	N1484S	C182
C35E	N1484T	P28A
C35F	N1484U	C172
C362	N1484X	P28A
C363	N1484Y	C172
C372	N1485C	C82S
C374	N1485E	CH7A
C376	N1485G	BE35
C37F	N1485R	AA1
C380	N1485S	C182
C382	N1485U	C172
C385	N1485X	P28R
C38D	N14855	TAIL
C397	N1486E	CH7A
C399	N1486G	BE35
C39A	N1486H	P28A
C39C	N1486K	L8
C39E	N1486M	C182
C3A2	N1486R	AA1
C3A3	N1486S	C182
C3A4	N1486T	P28A
C3A5	N1486U	C172
C3A7	N1486W	B47G
C3A8	N1486X	P28R
C3A9	N1486Y	C172
C3AC	N14861	B47G
C3B5	N1487	DHC2
C3B6	N1487A	B763
C3B8	N1487C	SR22
C3BE	N1487J	AC11
C3C0	N1487L	BE23
C3C6	N1487S	C182
C3C7	N1487T	P28A
C3C8	N1487U	C172
C3C9	N1487V	C172
C3D0	N14872	T206
C3D8	N1488	T18
C3DD	N1488E	CH7A
C3E0	N1488H	P28A
C3EA	N1488T	T206
C3EB	N1488U	C172
C3F7	N14886	PA31
C3FC	N1489A	B763
C3FF	N1489D	C170
C400	N1489E	C172
C401	N1489F	C172
C406	N1489L	C82T
C407	N1489M	C182
C40B	N1489R	AA1
C40C	N1489S	C182
C40D	N1489T	PA32
C40E	N1489U	C172
C41F	N149A	P149
C421	N149AB	C82S
C422	N149AC	CH7A
C424	N149AE	AS50
C425	N149AF	C421
C427	N149AH	EC45
C429	N149AK	PA12
C42C	N149AN	A321
C42F	N149AR	C414
C438	N149B	BE35
C439	N149BA	MONI
C43B	N149BC	BL8
C43C	N149BD	BE35
C43E	N149BF	CRUZ
C440	N149BH	PA15
C44A	N149BT	FOX
C44D	N149BW	LNP4
C451	N149C	P46T
C454	N149CC	BE30
C455	N149CD	C208
C457	N149CF	BE9L
C458	N149CG	PA18
C45B	N149CK	SR22
C45F	N149CP	C82T
C462	N149CS	P3
C463	N149CT	FDCT
C46A	N149D	SR22
C46B	N149DA	DA62
C46D	N149DC	P28A
C46F	N149DE	RV9
C470	N149DF	P149
C475	N149DL	PC12
C476	N149DM	COZY
C47A	N149DR	P149
C47B	N149DS	BE35
C47C	N149DT	P28R
C47F	N149DW	T206
C484	N149EA	EA50
C48F	N149EM	A4
C493	N149ER	PTS1
C49C	N149F	GLST
C49F	N149FC	C82T
C4A1	N149FE	B763
C4A3	N149FG	LNC4
C4B5	N149G	BE35
C4BE	N149GJ	C208
C4BF	N149GK	E50P
C4C5	N149GR	C82S
C4C7	N149GT	PC12
C4D1	N149HC	C550
C4D4	N149HF	DHC4
C4DE	N149HR	PA11
C4E8	N149JA	C140
C4EA	N149JC	C172
C4F1	N149JK	CHR1
C4F2	N149JL	P28R
C4F8	N149JS	C680
C4F9	N149JT	EAGL
C500	N149K	SNS9
C503	N149KC	RV4
C51B	N149LB	COL4
C51F	N149LF	GLAS
C521	N149LH	P28A
C527	N149LP	GLEX
C52A	N149LS	FDCT
C533	N149MA	MC45
C537	N149ME	C82S
C538	N149MF	BE9L
C53E	N149MM	P46T
C540	N149MP	M20P
C54B	N149N	PA11
C564	N149P	BE23
C567	N149PC	PA23
C568	N149PD	B407
C56C	N149PH	A139
C56E	N149PK	R44
C574	N149PR	RV7
C581	N149QD	PC12
C596	N149R	BE35
C599	N149RC	GLID
C59E	N149RH	T18
C5A1	N149RL	P149
C5A2	N149RM	RV9
C5AA	N149RV	BD4
C5B0	N149SA	BL8
C5B5	N149SF	B190
C5B6	N149SG	BL8
C5BF	N149SR	SREY
C5C0	N149SS	GLID
C5C6	N149SY	E75L
C5C8	N149T	C82R
C5CB	N149TC	RV7
C5CF	N149TG	R22
C5D0	N149TH	AS50
C5D4	N149TM	PTS2
C5D9	N149TS	RV8
C5DE	N149TX	CH70
C5E5	N149UD	C72R
C5EF	N149UP	A306
C5FC	N149VB	SF50
C613	N149W	ST75
C617	N149WD	COY2
C61E	N149WL	BE36
C621	N149WP	FK9
C625	N149WT	DA42
C628	N149WW	C25B
C62C	N149X	WAIX
C62D	N149XA	B734
C65E	N149Z	BE20
C660	N149ZB	RV9
C676	N149ZZ	GLID
C679	N1490B	L8
C67A	N1490C	SR22
C67B	N1490D	C170
C67C	N1490E	C172
C67E	N1490G	BE35
C67F	N1490H	P28A
C681	N1490K	L8
C688	N1490S	C182
C68C	N1490W	P28A
C68D	N1490X	P28B
C692	N14902	E145
C694	N14904	E145
C695	N14905	E145
C697	N14907	E145
C698	N14908	BL17
C699	N14909	BL17
C69A	N1491	C310
C69B	N1491A	PA20
C6AA	N1491R	AA1
C6AC	N1491T	P28A
C6AD	N1491U	C172
C6B1	N1491Y	C172
C6B9	N14916	E145
C6BE	N1492A	PA22
C6C0	N1492C	SR22
C6C1	N1492D	C170
C6C6	N1492J	F2TH
C6CB	N1492P	PA23
C6CC	N1492Q	C150
C6CE	N1492S	C182
C6CF	N1492T	P28R
C6D0	N1492U	C82T
C6E3	N1493C	PA18
C6E4	N1493D	C170
C6E5	N1493E	C172
C6E8	N1493H	PA14
C6EC	N1493M	T206
C6F0	N1493R	C82T
C6F4	N1493V	C172
C6FC	N14933	E145
C6FD	N14934	PA23
C704	N1494A	PA22
C706	N1494C	T210
C707	N1494D	C170
C709	N1494F	C172
C70B	N1494H	P28R
C710	N1494N	J3
C712	N1494Q	C150
C714	N1494S	C182
C715	N1494T	PA32
C717	N1494V	C172
C727	N1495A	PA22
C729	N1495C	C177
C72B	N1495E	CH7A
C739	N1495U	C172
C748	N14959	E145
C74B	N1496B	BE20
C74C	N1496C	C82T
C74E	N1496E	CH7A
C74F	N1496F	C172
C751	N1496H	P32R
C755	N1496M	C182
C757	N1496P	PA23
C758	N1496Q	C150
C760	N1496Y	C172
C763	N14961	CAMP
C76D	N1497A	PA22
C772	N1497F	C172
C773	N1497G	BE35
C77C	N1497R	AA1
C782	N1497X	PA32
C783	N1497Y	C172
C784	N1497Z	SONX
C78C	N14977	E145
C790	N1498A	PA22
C792	N1498C	C177
C79A	N1498L	BE23
C79B	N1498M	C182
C79F	N1498R	AA1
C7A0	N1498S	C182
C7A1	N1498T	P28R
C7A3	N1498V	C172
C7B0	N14988	FA24
C7B3	N1499A	B763
C7B4	N1499B	L8
C7B5	N1499C	C177
C7B7	N1499E	CH7A
C7B9	N1499G	BE35
C7BA	N1499H	P28A
C7BD	N1499L	BE23
C7BF	N1499N	J3
C7C3	N1499S	C182
C7C4	N1499T	FLE2
C7C9	N1499Y	C172
C7CC	N14991	E145
C7D4	N14999	L12
C7D5	N15	BE9L
C7D6	N15A	BE95
C7D7	N15AA	BLKS
C7D9	N15AC	AR15
C7DA	N15AD	PA18
C7DB	N15AE	BE36
C7DC	N15AF	C172
C7DD	N15AG	LA4
C7E1	N15AL	G164
C7E4	N15AP	C182
C7E6	N15AR	B47G
C7E9	N15AU	CH60
C7EA	N15AV	ERCO
C7EE	N15AZ	C182
C7F0	N15BA	ASTR
C7F2	N15BC	P28A
C7F4	N15BE	C182
C7F5	N15BF	C180
C7F8	N15BJ	CH60
C7F9	N15BK	SA30
C7FB	N15BM	SR22
C7FD	N15BP	C182
C7FF	N15BR	P32R
C801	N15BT	GLID
C804	N15BW	LGEZ
C806	N15BY	F2TH
C809	N15CA	P32R
C80A	N15CB	P28R
C80B	N15CC	PC12
C80C	N15CD	AC68
C80F	N15CG	BE95
C810	N15CH	P28A
C811	N15CJ	VEZE
C812	N15CK	M7
C813	N15CL	BE95
C814	N15CM	HUSK
C816	N15CP	NAVI
C818	N15CR	SA75
C819	N15CS	C172
C81A	N15CT	BE65
C81B	N15CU	C150
C81C	N15CV	E545
C81D	N15CW	P210
C81E	N15CX	SR22
C81F	N15CY	C501
C820	N15CZ	COZY
C821	N15D	SA10
C822	N15DA	T210
C823	N15DB	C441
C826	N15DE	SA30
C82B	N15DK	SAKO
C82C	N15DL	BE35
C82D	N15DM	T34P
C82E	N15DN	BE36
C82F	N15DP	C680
C830	N15DQ	BL17
C831	N15DR	SR22
C832	N15DS	C320
C833	N15DT	BE35
C835	N15DV	WAIX
C838	N15DY	BL8
C83B	N15EA	T206
C83F	N15EE	PA34
C840	N15EF	PA46
C841	N15EG	LNC2
C846	N15EM	SA30
C848	N15EP	CH75
C84B	N15ES	PA18
C84F	N15EW	G280
C850	N15EX	GLST
C852	N15EZ	PA11
C853	N15F	WAIX
C854	N15FA	C172
C855	N15FB	E300
C856	N15FC	BE77
C857	N15FD	CB1
C859	N15FF	F5
C85A	N15FG	PA23
C85B	N15FH	B06
C85D	N15FK	P46T
C85F	N15FM	BE60
C861	N15FP	C172
C863	N15FR	C172
C864	N15FS	PA34
C869	N15FX	CC11
C86A	N15FY	RV7
C86D	N15GA	B190
C86F	N15GC	ST75
C871	N15GE	KR2
C872	N15GF	HUSK
C875	N15GJ	C510
C876	N15GK	BE95
C877	N15GL	G2T1
C878	N15GM	BE36
C87C	N15GR	T34T
C87D	N15GS	FDCT
C87E	N15GT	CL30
C880	N15GV	CH7B
C882	N15GX	GLEX
C887	N15HB	T6
C888	N15HC	BE36
C889	N15HD	CL35
C88C	N15HG	DFLY
C88D	N15HH	CASS
C88E	N15HJ	C172
C891	N15HM	CUCA
C893	N15HP	R44
C895	N15HR	CL30
C896	N15HS	BE36
C898	N15HU	HUSK
C899	N15HV	ECHO
C89A	N15HW	RV14
C89B	N15HX	UH1
C89C	N15HY	HUSK
C89E	N15J	MIMU
C8A0	N15JB	RV10
C8A1	N15JC	GLIM
C8A2	N15JD	C310
C8A3	N15JE	PA23
C8A6	N15JH	C500
C8A8	N15JK	PA12
C8AA	N15JM	PA44
C8B0	N15JT	C560
C8B1	N15JU	BE58
C8B2	N15JV	BE33
C8B3	N15JW	BE95
C8B8	N15KA	BE20
C8BA	N15KC	BE35
C8BB	N15KD	SR20
C8BD	N15KF	PA32
C8BE	N15KG	RV8
C8C0	N15KJ	C700
C8C1	N15KK	BE18
C8C2	N15KL	FOX
C8C3	N15KM	SR20
C8C4	N15KN	FOX
C8C8	N15KS	GLID
C8CB	N15KV	CAMP
C8CC	N15KW	PA31
C8CD	N15KX	EFOX
C8CE	N15KY	PA23
C8D1	N15LA	H60
C8D2	N15LB	GLIM
C8D3	N15LC	J3
C8D4	N15LD	KR2
C8D6	N15LF	HUSK
C8D7	N15LG	M20P
C8D8	N15LH	SR22
C8D9	N15LJ	GLID
C8DB	N15LL	VEZE
C8DC	N15LM	AA1
C8DD	N15LN	CL60
C8E0	N15LR	RV4
C8E1	N15LS	BE95
C8E4	N15LV	C680
C8E5	N15LW	RV9
C8E6	N15LX	E300
C8E7	N15LY	RV6
C8E9	N15M	BE35
C8EA	N15MA	DC3
C8EB	N15MB	RLU1
C8EC	N15MC	BE18
C8F0	N15MG	MG15
C8F1	N15MH	AEST
C8F4	N15ML	T210
C8F5	N15MM	BL8
C8F7	N15MP	C56X
C8FC	N15MU	MG15
C8FD	N15MV	C82T
C8FE	N15MW	T210
C8FF	N15MX	B407
C900	N15MY	RLU1
C901	N15MZ	P28R
C904	N15NB	AA5
C905	N15NC	BE35
C907	N15NE	PC12
C908	N15NF	C172
C909	N15NG	HUSK
C90A	N15NH	C72R
C90C	N15NK	FDCT
C90E	N15NM	TBM7
C910	N15NP	CL35
C913	N15NS	AS50
C916	N15NV	SS2P
C91A	N15NZ	GA5C
C91B	N15P	BE50
C91C	N15PA	C180
C91E	N15PC	RV4
C91F	N15PD	M20P
C920	N15PE	PA11
C922	N15PG	C25B
C923	N15PH	BE50
C924	N15PJ	RV6
C927	N15PM	BE36
C92A	N15PQ	PA18
C92C	N15PS	B06
C92D	N15PT	RV10
C92E	N15PU	PTS2
C932	N15PY	TRDO
C935	N15QA	PA24
C936	N15QB	C750
C945	N15QS	C56X
C94D	N15R	TBM7
C94E	N15RA	C172
C94F	N15RB	CL30
C950	N15RC	GLID
C951	N15RD	BE36
C952	N15RE	PA23
C954	N15RG	SF50
C955	N15RH	BE36
C957	N15RK	H25B
C958	N15RL	C750
C959	N15RM	PA18
C95A	A2-MBR	C208
C95B	N15RP	BE36
C95D	N15RR	M200
C95E	N15RS	C182
C95F	N15RT	S22T
C960	N15RU	SF50
C961	N15RV	RV4
C963	N15RX	SR22
C964	N15RY	H25B
C966	N15S	FURY
C967	N15SA	P46T
C969	N15SC	LEG2
C96B	N15SE	CH7B
C96C	N15SF	AC90
C96D	N15SG	BLKS
C96F	N15SJ	DC3
C971	N15SL	C560
C973	N15SN	M7
C974	N15SP	M20T
C976	N15SR	C150
C978	N15ST	C425
C979	N15SU	SR20
C97A	N15SV	C340
C97B	N15SW	C172
C97C	N15SX	SONX
C97D	N15SY	BE60
C980	N15TA	PTS2
C981	N15TB	C210
C982	N15TC	MU2
C983	N15TD	BE60
C985	N15TF	CL35
C987	N15TH	H500
C989	N15TK	SA10
C98A	N15TL	G280
C98B	N15TM	GLF4
C98D	N15TP	RV4
C98F	N15TR	MU2
C990	N15TS	RV6
C993	N15TV	C310
C997	N15TZ	C750
C998	N15U	BE76
C9A6	N15UP	C337
C9A9	N15US	T210
C9AA	N15UT	MG15
C9B1	N15V	M20P
C9B2	N15VA	E145
C9B6	N15VE	SR22
C9B8	N15VG	E50P
C9B9	N15VH	GLIM
C9BA	N15VJ	SF50
C9BC	N15VL	EXEC
C9BD	N15VM	BE35
C9BF	N15VP	RV4
C9C1	N15VR	RV6
C9C5	N15VV	C340
C9C7	N15VX	FA50
C9CB	N15WA	PTS2
C9CD	N15WC	BE30
C9CF	N15WE	C25A
C9D1	N15WG	C182
C9D3	N15WJ	BL8
C9D4	N15WK	PC7
C9D6	N15WM	C340
C9D7	N15WN	BE9L
C9DA	N15WR	C310
C9DC	N15WT	C550
C9DE	N15WV	CH7A
C9E1	N15WY	HUSK
C9E3	N15X	BE58
C9E4	N15XA	BE36
C9E7	N15XD	BL8
C9EC	N15XJ	PA46
C9EE	N15XL	BE95
C9F1	N15XP	GLIM
C9F5	N15XT	BEAR
C9F9	N15XX	PA18
C9FC	N15Y	GLF4
CA02	N15YF	C680
CA03	N15YG	GLIM
CA06	N15YK	YK52
CA08	N15YM	T18
CA0A	N15YP	PA23
CA13	N15YY	MG15
CA1B	N15ZF	C180
CA21	N15ZM	FDCT
CA2D	N15ZZ	C25B
CA2E	N150	C150
CA2F	N150A	T34P
CA30	N150AA	AA1
CA31	N150AB	RALL
CA32	N150AC	SS2T
CA36	N150AG	H500
CA37	N150AH	RALL
CA3B	N150AM	B407
CA3C	N150AN	RALL
CA3E	N150AQ	RALL
CA3F	N150AR	C150
CA40	N150AS	B407
CA41	N150AT	RALL
CA44	N150AW	C150
CA46	N150AY	RALL
CA49	N150BA	DHC3
CA4A	N150BB	CL60
CA4B	N150BC	FA7X
CA4C	N150BD	C150
CA4F	N150BG	C310
CA50	N150BH	SF50
CA51	N150BJ	P28B
CA52	N150BK	C150
CA53	N150BL	C56X
CA55	N150BN	C150
CA56	N150BP	C150
CA58	N150BR	COUG
CA59	N150BS	AR15
CA5D	N150BW	C150
CA66	N150CE	C150
CA67	N150CF	C340
CA68	N150CG	C150
CA6A	N150CJ	RALL
CA6C	N150CL	C150
CA6D	N150CM	C150
CA6E	N150CN	BE9T
CA6F	N150CP	RV10
CA70	N150CQ	C150
CA73	N150CT	G150
CA75	N150CV	C150
CA76	N150CW	PA18
CA7A	N150D	DC3
CA7C	N150DB	C150
CA7E	N150DD	C150
CA7F	N150DE	C150
CA80	N150DF	C150
CA82	N150DH	GLAS
CA84	N150DK	C150
CA88	N150DP	C150
CA8A	N150DR	BE33
CA8B	N150DS	C150
CA8C	N150DT	C150
CA93	N150E	C150
CA94	N150EA	EAGX
CA9A	N150EG	C150
CA9B	N150EH	C150
CA9D	N150EK	WACF
CA9F	N150EM	C150
CAA1	N150EP	PA18
CAA2	N150EQ	C150
CAA7	N150EV	EVSS
CAA8	N150EW	C150
CAA9	N150EX	WW24
CAAC	N150F	B06
CAAD	N150FA	YK50
CAAF	N150FC	M20P
CAB1	N150FE	B763
CAB2	N150FF	C150
CAB5	N150FJ	C150
CAB7	N150FL	C150
CAB8	N150FM	C150
CABE	N150FT	C150
CABF	N150FU	C150
CAC6	N150GA	G150
CAC8	N150GC	C150
CAC9	N150GD	GA6C
CACB	N150GF	H25B
CACD	N150GH	VELO
CAD2	N150GN	C150
CAD3	N150GP	C560
CAD5	N150GR	C150
CAD6	N150GS	CB1
CAD9	N150GV	G150
CADA	N150GW	BE9L
CADB	N150GX	B350
CADE	N150H	C150
CAE0	N150HB	C150
CAE1	N150HC	C150
CAE4	N150HF	C150
CAE6	N150HH	B06
CAE8	N150HK	C150
CAEC	N150HP	LNC2
CAEE	N150HR	C150
CAF2	N150HV	C150
CAF9	N150JB	C172
CAFB	N150JD	H500
CAFE	N150JG	FA50
CAFF	N150JH	R22
CB00	N150JJ	C150
CB03	N150JM	H25B
CB04	N150JN	G150
CB05	N150JP	PA18
CB0B	N150JV	C150
CB0C	N150JW	C150
CB10	N150K	K100
CB13	N150KC	C150
CB16	N150KF	BK17
CB19	N150KJ	B190
CB1C	N150KM	F900
CB1D	N150KN	C150
CB1E	N150KP	C150
CB1F	N150KQ	K100
CB21	N150KS	PA20
CB29	N150L	C150
CB2A	N150LA	C150
CB2C	N150LC	COL4
CB2E	N150LE	R22
CB30	N150LG	C150
CB31	N150LH	P28A
CB32	N150LJ	C150
CB33	N150LK	C150
CB34	N150LL	C150
CB35	N150LM	RV7
CB39	N150LR	H25C
CB3A	N150LS	C150
CB3B	N150LT	PA18
CB42	N150M	D25
CB44	N150MB	CL30
CB47	N150ME	GLIM
CB48	N150MF	SYMP
CB49	N150MG	MG15
CB4C	N150MK	C150
CB4D	N150ML	WAIX
CB4E	N150MM	MIMU
CB54	N150MT	G150
CB56	N150MV	C150
CB57	N150MW	C150
CB5F	N150ND	TAMP
CB60	N150NE	EA50
CB63	N150NH	PA18
CB68	N150NN	A321
CB6D	N150NT	C150
CB6F	N150NV	C150
CB74	N150P	C182
CB75	N150PA	CVLP
CB79	N150PE	C150
CB7C	N150PH	C150
CB7E	N150PK	P28A
CB80	N150PM	C150
CB84	N150PR	BE18
CB85	N150PS	RV8
CB86	N150PT	DA40
CB89	N150PW	C150
CB8E	N150QA	G150
CB9E	N150QS	GLEX
CBA6	N150R	C140
CBA9	N150RC	C25C
CBAA	N150RD	C150
CBAC	N150RF	BE30
CBAD	N150RG	DA50
CBAE	N150RH	C150
CBAF	N150RJ	FA50
CBB0	N150RK	BE9L
CBB1	N150RL	BE20
CBB2	N150RM	C501
CBB6	N150RR	C150
CBB7	N150RS	BE40
CBBA	N150RV	RV4
CBBB	N150RW	C150
CBBE	N150RZ	C150
CBC0	N150SA	SR20
CBC1	N150SB	H25B
CBC2	N150SC	T206
CBC3	N150SD	RV8
CBC5	N150SF	GAZL
CBC7	N150SH	C150
CBCE	N150SQ	C150
CBCF	N150SR	SREY
CBD0	N150SS	FA10
CBD1	N150ST	RALL
CBD2	N150SU	C172
CBD4	N150SW	C150
CBD6	N150SY	E75L
CBD8	N150T	PA18
CBD9	N150TA	C150
CBDA	N150TB	PA18
CBDC	N150TD	C150
CBDD	N150TE	C172
CBDF	N150TG	C680
CBE0	N150TH	C172
CBE1	N150TJ	BE10
CBE2	N150TK	PA31
CBE5	N150TN	C150
CBE6	N150TP	C150
CBEC	N150TV	C150
CBED	N150TW	BE9L
CBEE	N150TX	FA50
CBF1	N150U	T6
CBF4	N150UC	C150
CBFB	N150UK	C150
CBFF	N150UP	A306
CC04	N150UU	BE35
CC06	N150UW	A321
CC0A	N150V	C150
CC0F	N150VE	BE9L
CC15	N150VL	C150
CC16	N150VM	C150
CC1A	N150VR	VR7
CC1C	N150VT	C150
CC23	N150W	RV6
CC2C	N150WJ	GLF5
CC30	N150WN	C150
CC33	N150WR	BE35
CC35	N150WT	C150
CC37	N150WV	C150
CC38	N150WW	C150
CC4A	N150XP	C150
CC4E	N150XT	R44
CC52	N150XX	L39
CC56	N150YA	C150
CC59	N150YD	BE20
CC5F	N150YK	YK50
CC86	N150ZZ	SR22
CC87	N1500	CL60
CC89	N1500B	BE33
CC8B	N1500D	C190
CC8C	N1500E	AT3T
CC8D	N1500F	BE35
CC8E	N1500G	C414
CC90	N1500J	PA18
CC92	N1500L	BE95
CC94	N1500N	J3
CC95	N1500P	PA18
CC96	N1500Q	C150
CC98	N1500S	BE35
CC99	N1500T	C150
CC9B	N1500V	BE35
CCA0	N15000	C172
CCA2	N15002	P28A
CCA3	N15003	P28A
CCA5	N15005	P28A
CCA6	N15006	P28R
CCA7	N15007	P28R
CCA8	N15008	PA34
CCAB	N1501A	PA20
CCAD	N1501C	SR22
CCAF	N1501E	C172
CCB3	N1501J	AC11
CCB5	N1501L	B47G
CCB6	N1501M	C182
CCB7	N1501N	J3
CCBB	N1501S	BE35
CCBC	N1501T	PA32
CCBE	N1501V	C172
CCC0	N1501X	P28A
CCC1	N1501Y	C172
CCC2	N1501Z	BE35
CCC3	N15010	P28A
CCC6	N15013	P28R
CCC8	N15015	PA32
CCCB	N15018	PA34
CCCE	N1502A	PA20
CCCF	N1502B	AT5T
CCD1	N1502D	C190
CCD2	N1502E	C172
CCDA	N1502N	J3
CCDB	N1502P	PA22
CCDD	N1502R	AA5
CCDE	N1502S	BE35
CCE0	N1502U	AT5T
CCE5	N1502Z	BE35
CCE7	N15021	P28R
CCE8	N15022	P28R
CCEA	N15024	PA34
CCEC	N15026	P28A
CCED	N15027	P28R
CCF5	N1503E	CH7A
CCFB	N1503L	B47G
CCFE	N1503P	PA22
CD00	N1503R	AA5
CD03	N1503U	T206
CD08	N1503Z	BE35
CD0A	N15031	T206
CD0B	N15032	P28A
CD0C	N15033	P28A
CD0D	N15034	P28A
CD0E	N15035	PA34
CD0F	N15036	PA32
CD10	N15037	P28A
CD11	N15038	FA24
CD14	N1504A	PA20
CD1C	N1504J	P28A
CD23	N1504R	AA5
CD25	N1504T	P28A
CD27	N1504V	C172
CD29	N1504X	P28R
CD2C	N15040	PA32
CD30	N15044	P28A
CD32	N15046	P28A
CD38	N1505B	L8
CD3A	N1505D	C190
CD42	N1505M	ST75
CD43	N1505N	J3
CD44	N1505P	E55P
CD45	N1505Q	C150
CD47	N1505S	BE35
CD48	N1505T	C206
CD4C	N1505X	P28R
CD4E	N1505Z	BE35
CD4F	N15050	P28A
CD53	N15054	AT3T
CD56	N15057	P28A
CD59	N1506	MIMU
CD5E	N1506E	CH7A
CD61	N1506H	P28A
CD62	N1506J	AC11
CD65	N1506M	C182
CD66	N1506N	J3
CD67	N1506P	PA22
CD68	N1506Q	C150
CD6B	N1506T	P28A
CD6D	N1506V	C172
CD71	N1506Z	BE35
CD72	N15060	C150
CD76	N15064	PA34
CD78	N15066	P28A
CD7B	N15069	MM16
CD81	N1507E	C172
CD85	N1507J	RV12
CD86	N1507K	AT5T
CD8A	N1507P	PA22
CD8B	N1507Q	C150
CD8D	N1507S	BE35
CD8E	N1507T	P28A
CD92	N1507X	C172
CD94	N1507Z	BE35
CD99	N15074	AT3T
CD9B	N15076	FA24
CD9E	N15079	P28A
CDA2	N1508C	C180
CDA4	N1508E	CH7A
CDA8	N1508J	P28A
CDA9	N1508K	S22T
CDB1	N1508T	P28R
CDB2	N1508U	C140
CDB9	N15081	CRJ9
CDC8	N1509F	H269
CDCE	N1509M	C182
CDD1	N1509Q	C150
CDD6	N1509V	DOVE
CDDA	N1509Z	BE95
CDDB	N15090	T6
CDDD	N15092	P28A
CDE9	N151AC	EC30
CDEA	N151AD	AS50
CDEB	N151AE	AS50
CDEC	N151AF	P51
CDEF	N151AJ	VELO
CDF1	N151AL	S22T
CDF2	N151AM	P51
CDF3	N151AN	A321
CDF4	N151AP	J3
CDF6	N151AR	RV8
CDF8	N151AT	T6
CDFA	N151AV	P28A
CDFB	N151AW	PA18
CDFF	N151B	GA6C
CE01	N151BB	LA4
CE02	N151BC	K100
CE03	N151BD	GA6C
CE06	N151BG	BE30
CE07	N151BH	BL8
CE08	N151BJ	RV10
CE0A	N151BL	RV8
CE0C	N151BN	C25B
CE0D	N151BP	P51
CE0F	N151BR	EXEC
CE10	N151BS	C82S
CE14	N151BW	P51
CE16	N151BY	EN28
CE18	N151C	S108
CE19	N151CA	SH36
CE1B	N151CC	AP22
CE1C	N151CD	R44
CE1D	N151CE	KR2
CE1F	N151CG	SR22
CE20	N151CH	P28A
CE24	N151CM	T51
CE2A	N151CT	C82R
CE31	N151D	P51
CE32	N151DA	C150
CE33	N151DB	M20P
CE37	N151DF	RV6
CE38	N151DG	MUS2
CE39	N151DH	RV4
CE3A	N151DJ	P28A
CE3B	N151DK	ONEX
CE3C	N151DL	P28A
CE3D	N151DM	P51
CE3F	N151DP	P51
CE41	N151DR	C650
CE42	N151DS	P28A
CE4A	N151E	RV9
CE4B	N151EA	EAGX
CE4D	N151EC	B06
CE4E	N151ED	C150
CE55	N151EL	BE20
CE5A	N151ER	C150
CE63	N151F	BE95
CE66	N151FC	C82T
CE68	N151FE	B763
CE6E	N151FL	CVLP
CE75	N151FT	P51
CE7C	N151G	P28A
CE7F	N151GC	EC30
CE82	N151GF	H269
CE88	N151GM	C25B
CE8A	N151GP	P51
CE8D	N151GS	E50P
CEA1	N151HM	R44
CEA3	N151HP	B06
CEA5	N151HR	P51
CEAE	N151J	EFOX
CEAF	N151JA	C414
CEB0	N151JB	RV7
CEB2	N151JD	P51
CEB3	N151JE	GLF4
CEB4	N151JF	P28R
CEB9	N151JL	GLAS
CEBA	N151JM	HDJT
CEBC	N151JP	H500
CEBF	N151JS	BL8
CEC0	N151JT	P51
CEC3	N151JW	SAKO
CEC8	N151KA	C150
CECA	N151KC	H269
CED1	N151KK	T51
CED3	N151KM	P51
CEE1	N151LA	AT6T
CEE3	N151LC	COL3
CEE8	N151LH	P28A
CEEC	N151LM	MIMU
CEED	N151LN	EC30
CEEE	N151LP	WACF
CEF2	N151LT	AC50
CEF9	N151M	COZY
CEFC	N151MC	P51
CEFD	N151MD	P51
CEFE	N151ME	C82S
CF01	N151MH	RV12
CF05	N151MM	P28A
CF0A	N151MS	RV10
CF0D	N151MV	PC12
CF0E	N151MW	P51
CF13	N151NA	CP10
CF20	N151NP	BE36
CF28	N151NX	ONEX
CF2B	N151P	P337
CF2C	N151PA	C82S
CF2D	N151PB	C185
CF2E	N151PC	BL8
CF33	N151PH	A139
CF39	N151PP	S51D
CF3B	N151PR	B06
CF3D	N151PT	LEG2
CF40	N151PW	G150
CF43	N151PZ	C150
CF44	N151Q	B350
CF55	N151QS	GLEX
CF5D	N151R	PTS1
CF5E	N151RA	DH8C
CF60	N151RC	KR2
CF64	N151RG	AS50
CF65	N151RH	CJ1
CF66	N151RJ	P51
CF69	N151RM	AS50
CF71	N151RV	RV6
CF72	N151RW	FOX
CF77	N151SA	CH7B
CF78	N151SB	C750
CF79	N151SC	ARES
CF7A	N151SD	GLF4
CF7B	N151SE	P51
CF7C	N151SF	P28A
CF81	N151SL	HUSK
CF84	N151SP	C501
CF86	N151SR	SR22
CF87	N151SS	GLID
CF88	N151ST	PA31
CF8D	N151SY	E75L
CF8F	N151T	EAGL
CF90	N151TA	T51
CF92	N151TC	S22T
CF93	N151TD	T51
CF95	N151TF	P51
CF99	N151TK	RV8
CF9A	N151TL	R44
CF9B	N151TM	PA46
CF9D	N151TP	P51
CFB0	N151UH	J3
CFB6	N151UP	A306
CFBD	N151UW	A321
CFD1	N151VR	VR7
CFD3	N151VT	BE35
CFD4	N151VU	C72R
CFDA	N151W	P51
CFDB	N151WA	BE60
CFDC	N151WB	T51
CFE0	N151WF	A109
CFE1	N151WG	GLID
CFE8	N151WP	RV7
CFEC	N151WT	BE20
D009	N151XX	L39
D010	N151YD	C680
D024	N151YZ	COY2
D025	N151Z	SH36
D02A	N151ZE	DC3
D02C	N151ZG	T206
D045	N1510G	C421
D049	N1510L	B06
D04D	N1510Q	C150
D04F	N1510S	BE35
D050	N1510T	TAYB
D052	N1510V	DH60
D053	N1510W	AP22
D054	N1510X	P28R
D055	N1510Y	C172
D057	N15100	P28A
D058	N15101	P28A
D059	N15102	AT5T
D05B	N15104	P28A
D05C	N15105	P28A
D05D	N15106	P28A
D05E	N15107	P28A
D061	N1511	P28R
D062	N1511A	B763
D064	N1511C	C180
D066	N1511E	CH7A
D06C	N1511L	B06
D06E	N1511N	J3
D076	N1511W	BE58
D07C	N15112	RELI
D07E	N15114	RELI
D07F	N15115	P28A
D081	N15117	RELI
D082	N15118	P28R
D086	N1512B	L8
D087	N1512C	C180
D089	N1512E	UH12
D08A	N1512F	C185
D08D	N1512J	P28A
D093	N1512Q	C150
D095	N1512S	BE35
D099	N1512W	BE35
D09E	N15121	P28A
D09F	N15122	P28A
D0A0	N15123	P28A
D0A2	N15125	P28R
D0A3	N15126	PA32
D0A5	N15128	RELI
D0A9	N1513B	L8
D0AA	N1513C	C180
D0AB	N1513D	C190
D0B8	N1513S	BE35
D0B9	N1513T	PA32
D0BD	N1513X	P28A
D0C2	N15132	P28A
D0C3	N15133	RV6
D0C4	N15134	PA32
D0C7	N15137	PA32
D0C8	N15138	C172
D0CB	N1514A	PA20
D0CC	N1514B	BE33
D0CE	N1514D	C195
D0D3	N1514J	P28A
D0D6	N1514M	C182
D0D9	N1514Q	C150
D0DE	N1514V	C172
D0E0	N1514X	P28R
D0E2	N1514Z	BE35
D0E3	N15140	P28A
D0E4	N15141	P28A
D0E8	N15145	PA34
D0EF	N1515B	GLID
D0F0	N1515C	C180
D0F1	N1515D	C190
D0F3	N1515F	C185
D0F4	N1515G	AT5T
D0F9	N1515M	BE33
D0FC	N1515Q	C150
D0FD	N1515R	AA5
D0FF	N1515T	P28R
D102	N1515W	BE58
D105	N1515Z	BE35
D107	N15151	P28R
D108	N15152	P28B
D109	N15153	P28B
D10A	N15154	PA32
D10F	N15159	P28A
D111	N1516A	PA20
D113	N1516C	C180
D119	N1516J	P28A
D11C	N1516M	BE36
D11E	N1516P	PA22
D11F	N1516Q	C150
D120	N1516R	AA5
D124	N1516V	C172
D126	N1516X	CH7B
D129	N15160	P28A
D12E	N15165	TRMA
D132	N15169	P28R
D134	N1517A	PA20
D135	N1517B	SVNH
D138	N1517E	C172
D139	N1517F	C185
D13A	N1517G	GLF4
D13C	N1517J	P28A
D144	N1517S	SONX
D146	N1517U	C207
D149	N1517X	P28R
D14B	N1517Z	BE33
D14C	N15170	RELI
D14D	N15171	P28B
D14E	N15172	PA32
D14F	N15173	RELI
D152	N15176	P28A
D153	N15177	P28B
D155	N15179	P28A
D156	N1518	WAIX
D15A	N1518D	C195
D15B	N1518E	CH7A
D15D	N1518G	BE20
D165	N1518Q	C150
D169	N1518U	C207
D16E	N1518Z	AT3T
D16F	N15180	T51
D175	N15186	BE36
D177	N15188	C172
D178	N15189	AT5T
D17C	N1519C	C180
D188	N1519Q	C150
D189	N1519R	AA5
D18A	N1519S	BE35
D18B	N1519T	PA34
D18C	N1519U	AT5T
D18D	N1519V	C172
D18F	N1519X	P28A
D190	N1519Y	C172
D191	N1519Z	AT5T
D192	N15190	P28A
D193	N15191	P28R
D196	N15194	C172
D19A	N15198	PA32
D19D	N152A	SIRA
D19E	N152AA	A321
D19F	N152AB	VELO
D1A2	N152AE	S76
D1A3	N152AF	SW4
D1A4	N152AG	ACR2
D1A8	N152AL	P46T
D1A9	N152AM	B407
D1AB	N152AP	C152
D1B2	N152AW	C152
D1B5	N152AZ	C152
D1B6	N152B	BE35
D1B8	N152BB	C152
D1BA	N152BD	BD5
D1BC	N152BF	T206
D1BD	N152BG	BE95
D1BE	N152BH	H60
D1BF	N152BJ	C152
D1C2	N152BM	C152
D1C8	N152BT	P210
D1C9	N152BU	C152
D1CC	N152BX	ONEX
D1CF	N152C	BE18
D1D0	N152CA	B06
D1D3	N152CD	SR22
D1D5	N152CF	C82T
D1D8	N152CJ	C152
D1DB	N152CM	YK52
D1DD	N152CP	C82T
D1DF	N152CR	KR2
D1E0	N152CS	T51
D1E4	N152CW	HUSK
D1E8	N152D	BE9L
D1EA	N152DB	P32R
D1EB	N152DC	P28A
D1F4	N152DM	C152
D1FE	N152DX	C152
D200	N152DZ	C152
D201	N152E	WACF
D207	N152EF	C152
D211	N152ER	C152
D219	N152EZ	GLF5
D21A	N152F	GLID
D21B	N152FA	C152
D21D	N152FC	C152
D21F	N152FE	B763
D223	N152FJ	FA50
D235	N152GB	C152
D236	N152GC	EC30
D239	N152GF	C152
D23B	N152GH	BEAR
D244	N152GS	C152
D245	N152GT	C152
D252	N152HF	C152
D25C	N152HR	C152
D25D	N152HS	M7
D261	N152HW	C152
D265	N152J	C152
D267	N152JB	YK52
D26D	N152JH	C560
D270	N152JL	C152
D271	N152JM	WICH
D273	N152JP	BE35
D277	N152JT	S22T
D27A	N152JW	MRAI
D27E	N152K	AC50
D27F	N152KA	C150
D280	N152KB	R66
D292	N152KV	C25A
D297	N152L	C152
D298	N152LA	AT5T
D29C	N152LE	C152
D29D	N152LF	C152
D29F	N152LH	P28A
D2A9	N152LT	C152
D2B0	N152M	C170
D2B3	N152MC	C152
D2B5	N152ME	C82S
D2B6	N152MF	C152
D2BB	N152ML	C150
D2C2	N152MT	EUPA
D2C7	N152MY	EXEC
D2DA	N152NS	C152
D2E2	N152P	C182
D2E8	N152PF	C152
D2EA	N152PH	A139
D2EC	N152PK	C150
D2ED	N152PG	GLEX
D2F2	N152PR	C152
D2F3	N152PS	CRUZ
D2F4	N152PT	C152
D30C	N152QS	GLEX
D315	N152RA	C172
D319	N152RE	C152
D31A	N152RF	T206
D325	N152RS	YK52
D328	N152RV	RV10
D32A	N152RX	FOX
D32D	N152S	R44
D32E	N152SA	C172
D32F	N152SB	SR22
D330	N152SC	CRUZ
D331	N152SD	SR22
D336	N152SJ	C152
D337	N152SK	C152
D338	N152SL	C152
D33B	N152SP	C152
D33C	N152SQ	C152
D33D	N152SR	SR22
D33E	N152SS	GLID
D33F	N152ST	C152
D342	N152SW	P28B
D344	N152SY	E75L
D346	N152T	BE35
D347	N152TA	C208
D34A	N152TD	YK52
D34E	N152TH	PA11
D34F	N152TJ	CH60
D352	N152TM	C152
D356	N152TR	C152
D359	N152TU	ASTO
D35F	N152U	BE60
D362	N152UC	C152
D365	N152UF	C152
D36D	N152UP	A306
D374	N152UW	A321
D391	N152W	C152
D392	N152WA	C152
D397	N152WF	P46T
D399	N152WH	C152
D39B	N152WK	SR22
D39C	N152WL	BE20
D39D	N152WM	GLID
D3A2	N152WS	YK52
D3A6	N152WW	BE9L
D3BC	N152XT	C152
D3CD	N152YK	YK52
D3F5	N1520	AA5
D3F6	N1520A	PA20
D3FA	N1520E	CH7A
D3FC	N1520G	BE33
D404	N1520Q	AT3T
D405	N1520R	AA5
D407	N1520T	P28A
D409	N1520V	BE35
D40A	N1520W	BE33
D40C	N1520Y	C172
D40E	N15200	P28B
D40F	N15201	P28B
D411	N15203	P28A
D412	N15204	P28A
D413	N15205	WACC
D414	N15206	T206
D415	N15207	P28R
D416	N15208	P28B
D418	N1521	GLID
D41A	N1521B	L8
D41B	N1521C	C180
D420	N1521H	C77R
D428	N1521R	AA5
D42C	N1521V	C172
D431	N15210	AT3T
D432	N15211	WACC
D436	N15215	PA34
D437	N15216	WACC
D43A	N15219	P28B
D43C	N1522A	PA20
D43D	N1522B	L8
D43E	N1522C	C180
D441	N1522F	CH7A
D444	N1522J	P28A
D446	N1522L	BE36
D447	N1522M	ST75
D44B	N1522R	C172
D44C	N1522S	BE35
D44F	N1522V	C172
D451	N1522X	P28R
D452	N1522Y	C172
D456	N15222	C172
D457	N15223	P28A
D458	N15224	P28A
D45A	N15226	P28R
D45B	N15227	P28B
D45C	N15228	P28R
D45E	N1523	A320
D463	N1523E	CH7A
D464	N1523F	C185
D467	N1523J	P28A
D46C	N1523P	BE33
D46D	N1523Q	C150
D46E	N1523R	AA5
D46F	N1523S	BE35
D470	N1523T	UH12
D472	N1523V	C172
D473	N1523W	BE33
D478	N15231	WACC
D479	N15232	WACC
D47A	N15233	WACC
D47C	N15235	P28A
D47F	N15238	PA32
D483	N1524B	L8
D485	N1524D	C195
D486	N1524E	CH7A
D48A	N1524J	P28A
D48F	N1524P	PA22
D490	N1524Q	C150
D492	N1524S	BE35
D493	N1524T	GLID
D499	N1524Z	BE95
D49A	N15240	PA32
D49B	N15241	WACF
D49C	N15242	C82T
D49D	N15243	P28A
D49E	N15244	WACC
D4A0	N15246	P28A
D4A1	N15247	P28A
D4A2	N15248	P28A
D4A3	N15249	WACF
D4A4	N1525	AC80
D4A7	N1525C	RS21
D4A8	N1525D	C190
D4AA	N1525F	H269
D4AC	N1525H	C77R
D4AD	N1525J	P28A
D4B6	N1525T	M20P
D4B9	N1525W	BE36
D4BD	N15250	P28R
D4BE	N15251	P28B
D4C2	N15255	C172
D4C3	N15256	P28R
D4C8	N1526A	PA20
D4CC	N1526E	CH7A
D4CD	N1526F	C185
D4CF	N1526H	C77R
D4D0	N1526J	P28A
D4D3	N1526M	BE58
D4D5	N1526P	PA22
D4D6	N1526Q	C150
D4DB	N1526V	C172
D4DC	N1526W	BE55
D4E4	N15264	P28A
D4E5	N15265	P28B
D4E6	N15266	P28B
D4E8	N15268	PA32
D4ED	N1527C	SR22
D4F1	N1527G	C421
D4FA	N1527R	AA5
D4FF	N1527W	BE35
D501	N1527Y	C172
D503	N15270	P28R
D505	N15272	P28A
D506	N15273	P28A
D507	N15274	P28A
D50A	N15277	P28B
D50B	N15278	BE36
D50F	N1528B	L8
D511	N1528D	C195
D512	N1528E	CH7A
D516	N1528J	P28A
D517	N1528K	BE36
D51E	N1528S	BE35
D523	N1528X	P28A
D524	N1528Y	C172
D528	N15282	P28A
D529	N15283	P28A
D52A	N15284	P28A
D52F	N15289	P28R
D530	N1529	SONX
D532	N1529B	L8
D533	N1529C	C180
D535	N1529E	AT5T
D536	N1529F	C185
D538	N1529H	AT5T
D539	N1529J	P28A
D53B	N1529L	BE33
D53E	N1529P	PA22
D540	N1529R	AA5
D541	N1529S	BE95
D545	N1529W	AT3P
D54A	N15291	P28B
D54C	N15293	PA32
D550	N15297	P28A
D551	N15298	P28A
D552	N15299	P28A
D554	N153A	B47G
D555	N153AA	HUSK
D556	N153AB	CHR1
D557	N153AC	BL8
D559	N153AE	AS50
D560	N153AM	C177
D561	N153AN	A321
D565	N153AS	P28R
D56D	N153B	B47G
D56E	N153BA	CH80
D573	N153BF	EVSS
D575	N153BH	H60
D57B	N153BP	HIGH
D57F	N153BT	FOX
D582	N153BW	SR22
D586	N153C	HUSK
D589	N153CC	PA18
D58A	N153CD	SR20
D58F	N153CJ	C25A
D590	N153CK	SR22
D592	N153CM	COL4
D597	N153CS	C82S
D5AB	N153DM	AVID
D5B0	N153DS	DA40
D5B1	N153DT	SREY
D5B4	N153DW	CH70
D5B8	N153E	SR22
D5BF	N153EG	PIVI
D5C1	N153EJ	PA31
D5C3	N153EL	HUSK
D5D4	N153FC	C82T
D5D6	N153FE	B763
D5EA	N153G	BL8
D5EB	N153GA	B190
D5EC	N153GB	GP3
D5ED	N153GC	EC30
D5F2	N153GH	H269
D5F5	N153GL	B190
D603	N153H	B222
D611	N153HP	GA8
D615	N153HT	H269
D61E	N153JB	J3
D620	N153JD	ERCO
D623	N153JG	BE9L
D624	N153JH	SRAI
D628	N153JM	PA11
D631	N153JW	T51
D638	N153KC	SMAX
D639	N153KD	DHC6
D64F	N153LA	R44
D655	N153LG	PC12
D656	N153LH	P28A
D657	N153LJ	RV12
D659	N153LL	B505
D65A	N153LM	PA23
D667	N153M	RV8
D668	N153MA	DV20
D66A	N153MC	RV6
D671	N153MK	PA32
D679	N153MT	C152
D67C	N153MW	GLID
D681	N153NA	T6
D69B	N153PB	PC12
D69C	N153PC	C172
D69D	N153PD	B06
D6A1	N153PH	A139
D6A5	N153PM	C56X
D6A7	N153PP	C182
D6A8	N153PQ	CRJ9
D6AA	N153PS	CLON
D6C3	N153QS	DHC6
D6CB	N153R	C310
D6CC	N153RA	CH7B
D6CD	N153RB	LJ31
D6D0	N153RE	RV6
D6D4	N153RJ	RV7
D6DB	N153RR	PIAT
D6DC	N153RS	A600
D6DD	N153RT	RV7
D6DF	N153RV	RV9
D6E5	N153SA	B06
D6E8	N153SD	B06
D6EB	N153SG	C680
D6EC	N153SH	R22
D6ED	N153SJ	CH70
D6EE	N153SK	C152
D6F0	N153SM	P28A
D6F4	N153SR	SR22
D6F9	N153SW	FDCT
D6FB	N153SY	E75L
D6FD	N153T	C550
D6FE	N153TA	C82T
D6FF	N153TB	TB30
D700	N153TC	P46T
D701	N153TD	SONX
D706	N153TJ	C25A
D70E	N153TS	DA42
D70F	N153TT	TRDO
D712	N153TW	RV6
D724	N153UP	A306
D72B	N153UW	A321
D72F	N153V	GLID
D74A	N153WB	PA23
D74E	N153WF	R44
D754	N153WM	T206
D759	N153WS	C170
D75D	N153WW	RV7
D761	N153X	PC12
D7AE	N1530B	L8
D7AF	N1530C	C180
D7B5	N1530J	P28A
D7B8	N1530M	C182
D7BD	N1530S	BE35
D7C0	N1530V	C172
D7C1	N1530W	BE35
D7C2	N1530X	P28R
D7C3	N1530Y	C172
D7C7	N15302	P28R
D7C9	N15304	P28B
D7CE	N15309	P28A
D7D1	N1531B	L8
D7D2	N1531C	SR22
D7D5	N1531F	C185
D7D6	N1531G	AT3T
D7D8	N1531J	P28A
D7D9	N1531K	L8
D7DB	N1531M	MIMU
D7DF	N1531R	AA5
D7E0	N1531S	AT8T
D7E3	N1531V	C172
D7E4	N1531W	BE36
D7E7	N1531Z	BE95
D7E8	N15310	P28A
D7E9	N15311	P28A
D7EB	N15313	P28R
D7EE	N15316	PA32
D7EF	N15317	S22T
D7F0	N15318	P28A
D7F1	N15319	P28A
D7F6	N1532D	C195
D7FA	N1532H	AT3T
D7FE	N1532M	P46T
D802	N1532R	AA5
D806	N1532V	PA18
D808	N1532X	PA34
D80A	N1532Z	BE35
D80B	N15320	P28A
D80D	N15322	P28A
D80E	N15323	P28A
D80F	N15324	P28R
D812	N15327	P28A
D816	N1533A	PA20
D817	N1533B	L8
D819	N1533D	C195
D81A	N1533E	PA34
D81E	N1533J	P28A
D81F	N1533K	L8
D823	N1533P	PA22
D825	N1533R	AA5
D826	N1533S	AT3T
D82A	N1533W	BE33
D82B	N1533X	P28A
D832	N15334	P28R
D83A	N1534B	L8
D83C	N1534D	AT3T
D83D	N1534E	C172
D83E	N1534F	C185
D83F	N1534G	C421
D840	N1534H	C77R
D841	N1534J	P28A
D842	N1534K	L8
D845	N1534N	J3
D849	N1534S	SONX
D84F	N1534Y	C172
D851	N15340	PA34
D854	N15343	P28A
D856	N15345	FA24
D85A	N15349	PA32
D85B	N1535	RV4
D85C	N1535A	PA20
D85F	N1535D	C190
D863	N1535H	C77R
D864	N1535J	P28A
D865	N1535K	L8
D867	N1535M	ST75
D86C	N1535S	BE35
D870	N1535W	BE33
D871	N1535X	PA32
D872	N1535Y	C172
D873	N1535Z	BE35
D878	N15354	P28A
D879	N15355	P28B
D87C	N15358	P28B
D87D	N15359	P28A
D87F	N1536A	PA20
D887	N1536J	P28A
D88A	N1536M	GLID
D88E	N1536R	AA5
D894	N1536X	PA34
D895	N1536Y	C172
D896	N1536Z	AT3P
D897	N15360	P28A
D898	N15361	P28A
D89A	N15363	P28B
D89E	N15367	P28A
D8A3	N1537B	GLID
D8A4	N1537C	C180
D8A6	N1537E	CH7A
D8AA	N1537J	P28A
D8AB	N1537K	L8
D8B1	N1537R	COL4
D8B5	N1537V	DHC2
D8B7	N1537X	P28A
D8B8	N1537Y	C172
D8B9	N1537Z	H269
D8BC	N15372	P28A
D8BD	N15373	P28A
D8BE	N15374	P28A
D8C0	N15376	P28A
D8C1	N15377	P28A
D8C2	N15378	P28A
D8C3	N15379	P28R
D8C6	N1538B	L8
D8C9	N1538E	CH7A
D8CB	N1538G	BE36
D8CC	N1538H	BE36
D8D2	N1538P	PA22
D8D4	N1538R	AA5
D8D5	N1538S	BE35
D8D8	N1538V	C172
D8DA	N1538X	P28R
D8DB	N1538Y	C172
D8DC	N1538Z	RV12
D8DD	N15380	P28R
D8DE	N15381	P28B
D8E0	N15383	PA32
D8E4	N15387	FA24
D8E5	N15388	P28A
D8E8	N1539A	PA20
D8EA	N1539C	SR22
D8EC	N1539E	C172
D8EF	N1539H	C77R
D8F3	N1539M	C182
D8FB	N1539V	BE36
D8FC	N1539W	BE36
D8FD	N1539X	AT5T
D8FF	N1539Z	BE35
D901	N15391	P28A
D902	N15392	P28A
D906	N15396	P28B
D907	N15397	P28B
D90A	N154	P28A
D90C	N154AA	A321
D90D	N154AB	RV3
D90E	N154AC	S64
D911	N154AF	PC24
D915	N154AK	LJ60
D917	N154AM	BK17
D91B	N154AR	HIGH
D91C	N154AS	GLID
D91D	N154AT	A4
D91F	N154AV	P28A
D923	N154AZ	GLAS
D927	N154BC	C210
D92A	N154BF	CRUZ
D92D	N154BJ	P32R
D936	N154BT	CH60
D93C	N154BZ	M20P
D93D	N154C	GLF4
D93E	N154CA	PA31
D943	N154CF	T6
D94D	N154CR	S22T
D94E	N154CS	SR22
D94F	N154CT	FDCT
D956	N154D	BE95
D957	N154DA	C150
D958	N154DB	YK54
D959	N154DC	PA32
D95A	N154DD	AEST
D95D	N154DG	C140
D95F	N154DJ	BE40
D960	N154DK	SONX
D964	N154DP	RV6
D966	N154DR	P46T
D967	N154DS	DA40
D96F	N154E	C150
D970	N154EA	CRJ2
D975	N154EF	C210
D977	N154EH	B105
D97F	N154ER	P28A
D98B	N154FC	C82T
D98D	N154FE	B763
D99A	N154FT	P28A
D99C	N154FV	GLF4
D9A1	N154G	GLF4
D9A2	N154GA	B190
D9A4	N154GC	EC30
D9AC	N154GL	B190
D9B1	N154GR	AA5
D9C8	N154HP	P46T
D9CA	N154HR	T206
D9D3	N154J	EFOX
D9D5	N154JB	C152
D9DD	N154JK	C560
D9E0	N154JN	SR22
D9EC	N154K	FOX
D9F2	N154KF	BE30
DA06	N154LA	FA50
DA0D	N154LH	BE50
DA16	N154LS	SR22
DA1E	N154M	BE36
DA1F	N154MA	MC45
DA22	N154MD	COZY
DA26	N154MH	GLF5
DA28	N154MK	SONX
DA2A	N154MM	L29
DA2C	N154MP	M20P
DA33	N154MW	WACF
DA37	N154N	BE50
DA45	N154NP	K100
DA51	N154PA	P28A
DA52	N154PB	BE9L
DA53	N154PC	PA23
DA54	N154PD	B06
DA5A	N154PK	RV4
DA62	N154PT	P28R
DA69	N154Q	BE95
DA7A	N154QS	GLEX
DA83	N154RA	CH7B
DA85	N154RC	CH75
DA8D	N154RL	SMAX
DA90	N154RP	AS50
DA92	N154RR	H25B
DA94	N154RT	LJ31
DA96	N154RV	RV10
DA9C	N154SA	B06
DA9D	N154SB	C208
DA9F	N154SD	SR20
DAA3	N154SH	R22
DAA5	N154SK	C152
DAA9	N154SP	M20P
DAB0	N154SW	C150
DAB2	N154SY	E75L
DAB4	N154T	PA18
DABF	N154TL	UH1
DAC2	N154TP	M326
DAC6	N154TT	C414
DACA	N154TX	VTRA
DADB	N154UP	A306
DAE2	N154UW	A321
DAF6	N154VR	VR7
DAFF	N154W	RV4
DB05	N154WF	SR20
DB09	N154WK	CH7B
DB0D	N154WP	S22T
DB14	N154WW	PA31
DB53	N154ZJ	HUSK
DB63	N1540	G280
DB64	N1540A	PA20
DB65	N1540B	L8
DB66	N1540C	SR22
DB6B	N1540H	C77R
DB6C	N1540J	P28A
DB6F	N1540M	C182
DB73	N1540R	AA5
DB74	N1540S	AT5T
DB7D	N15401	P28A
DB7E	N15402	P28A
DB81	N15405	P28A
DB82	N15406	P28A
DB88	N1541B	L8
DB89	N1541C	P28B
DB8A	N1541D	C195
DB8C	N1541F	C185
DB8E	N1541H	C77R
DB8F	N1541J	P28A
DB94	N1541P	PA22
DB96	N1541R	AA5
DB97	N1541S	GLAS
DB99	N1541U	C172
DB9B	N1541W	BE36
DB9C	N1541X	PA32
DB9F	N15410	P28B
DBA3	N15414	P28A
DBA6	N15417	P28A
DBA9	N1542	BE20
DBB1	N1542H	C77R
DBB5	N1542M	C182
DBB6	N1542N	J3
DBB7	N1542P	PA22
DBB9	N1542R	AA5
DBBC	N1542U	T206
DBC4	N15422	P28A
DBC8	N15426	P28A
DBC9	N15427	MC90
DBCC	N1543	DHC2
DBD3	N1543G	C421
DBD5	N1543J	P28A
DBDC	N1543R	AA5
DBDE	N1543T	C82S
DBEA	N15435	P28A
DBED	N15438	P28A
DBEE	N15439	AT3P
DBEF	N1544	DHC2
DBF0	N1544A	PA20
DBF1	N1544B	L8
DBF2	N1544C	C172
DBF4	N1544E	C172
DBF7	N1544H	C77R
DBF8	N1544J	P28A
DBF9	N1544K	L8
DBFF	N1544R	AT3T
DC00	N1544S	BE35
DC03	N1544V	BE9L
DC0A	N15442	P28B
DC0E	N15446	P28A
DC11	N15449	AT3P
DC12	N1545	DHC2
DC13	N1545A	PA20
DC14	N1545B	L8
DC15	N1545C	C180
DC17	N1545E	C172
DC19	N1545G	T210
DC1B	N1545J	P28A
DC20	N1545P	PA22
DC22	N1545R	AA5
DC23	N1545S	BE35
DC27	N1545W	BE58
DC29	N1545Y	BE33
DC2A	N1545Z	BE95
DC2B	N15450	P28A
DC2E	N15453	V10
DC2F	N15454	BE33
DC37	N1546B	L8
DC38	N1546C	C180
DC3A	N1546E	CH7A
DC3B	N1546F	BE36
DC3D	N1546H	AT8T
DC42	N1546N	J3
DC44	N1546Q	C150
DC45	N1546R	BE33
DC46	N1546S	BE35
DC48	N1546U	AT3P
DC49	N1546V	C172
DC4B	N1546X	AT3P
DC4C	N1546Y	BE33
DC4E	N15460	S76
DC50	N15462	CMAS
DC53	N15465	CMAS
DC5B	N1547C	SR22
DC62	N1547K	COL4
DC64	N1547M	C182
DC67	N1547Q	C150
DC6A	N1547T	ASTO
DC6B	N1547U	AT5T
DC6E	N1547X	P28R
DC6F	N1547Y	C172
DC70	N1547Z	BE35
DC71	N15470	P28A
DC72	N15471	P28A
DC73	N15472	P28A
DC74	N15473	P28R
DC76	N15475	P28B
DC77	N15476	PA32
DC7E	N1548C	C180
DC81	N1548F	BE36
DC82	N1548G	BE36
DC83	N1548H	C77R
DC86	N1548L	AT3P
DC87	N1548M	L5
DC88	N1548N	J3
DC89	N1548P	H269
DC8B	N1548R	AA5
DC8D	N1548T	BE36
DC8F	N1548V	BE36
DC90	N1548W	BE35
DC91	N1548X	PA32
DC97	N15483	P28A
DC98	N15484	P28A
DC99	N15485	BE17
DC9D	N15489	P28A
DC9F	N1549A	PA20
DCA1	N1549C	C180
DCA3	N1549E	F900
DCA6	N1549H	SR22
DCA8	N1549K	BE36
DCB0	N1549T	C310
DCB1	N1549U	C207
DCBA	N15493	P28B
DCBB	N15494	PA32
DCBF	N15498	PA32
DCC0	N15499	P28A
DCC2	N155A	BE9L
DCC3	N155AA	H60
DCC4	N155AB	YK55
DCC5	N155AC	CC11
DCC7	N155AE	M20P
DCC9	N155AG	BE95
DCCB	N155AJ	SR22
DCCF	N155AN	CL60
DCD0	N155AP	P28A
DCD3	N155AS	UH1
DCD6	N155AV	BE20
DCDA	N155AZ	C182
DCDB	N155B	BE35
DCDC	N155BA	A5
DCDD	N155BB	BE20
DCDE	N155BC	BL8
DCE3	N155BH	M5
DCE5	N155BK	RV7
DCE9	N155BP	RV7
DCEC	N155BS	SA11
DCF0	N155BW	C525
DCF7	N155CC	PA11
DCFB	N155CG	C25A
DCFC	N155CH	BE33
DCFE	N155CK	RBEL
DD02	N155CP	R44
DD05	N155CS	AA5
DD06	N155CT	C182
DD09	N155CW	C172
DD0D	N155D	C180
DD0F	N155DB	B412
DD11	N155DD	J3
DD14	N155DG	T210
DD16	N155DJ	C182
DD17	N155DK	TAMP
DD19	N155DM	C340
DD1D	N155DR	RV6
DD1E	N155DS	M20P
DD21	N155DV	T206
DD24	N155DY	H500
DD26	N155E	AA5
DD27	N155EA	EAGX
DD34	N155EP	PA23
DD36	N155ER	LJ55
DD40	N155FA	VELO
DD42	N155FC	C82T
DD44	N155FE	B763
DD4F	N155FR	BE55
DD59	N155GA	GA5C
DD5A	N155GB	BE9L
DD6D	N155GW	S55P
DD71	N155H	R44
DD81	N155HR	SR22
DD8A	N155J	C421
DD8B	N155JA	BE95
DD8C	N155JB	BE95
DD8F	N155JE	EC55
DD90	N155JF	SONX
DD91	N155JG	RV8
DD92	N155JH	BL8
DD94	N155JK	LA4
DD97	N155JN	B47G
DD9B	N155JS	GLID
DD9C	N155JT	RS12
DD9F	N155JW	BE35
DDAD	N155KK	BE55
DDAF	N155KM	S22T
DDB1	N155KP	C182
DDB2	N155KQ	K100
DDBC	N155L	BE55
DDBD	N155LA	AT6T
DDBE	N155LB	YK55
DDBF	N155LC	BE55
DDC3	N155LG	BE65
DDC4	N155LH	P28A
DDC5	N155LJ	EC55
DDCA	N155LP	C25C
DDCD	N155LS	BE9L
DDD5	N155M	EFOX
DDD6	N155MA	PA46
DDD7	N155MB	R22
DDD8	N155MC	PA31
DDDA	N155ME	LJ45
DDDB	N155MF	DUCE
DDDC	N155MG	R44
DDDD	N155MH	RV7
DDE1	N155MM	C510
DDE3	N155MP	M20P
DDE6	N155MS	PTS1
DDE7	N155MT	COY2
DDE9	N155MV	S22T
DDEA	N155MW	CRJ2
DDFB	N155NN	A321
DDFE	N155NR	H500
DE07	N155P	BE50
DE13	N155PM	CH70
DE18	N155PS	PISI
DE19	N155PT	C560
DE1D	N155PX	FA10
DE31	N155QS	GLEX
DE39	N155R	EFOX
DE3A	N155RA	FDCT
DE3C	N155RC	T210
DE3E	N155RE	RV7
DE40	N155RG	BE20
DE41	N155RH	TEX2
DE47	N155RP	C340
DE49	N155RR	S76
DE4A	N155RS	BE9L
DE4D	N155RV	RV4
DE4E	N155RW	C56X
DE52	N155S	EFOX
DE53	N155SA	B06
DE55	N155SC	BK17
DE56	N155SD	B06
DE58	N155SF	T33
DE59	N155SG	SF50
DE5A	N155SH	R22
DE5B	N155SJ	LJ55
DE5C	N155SK	C152
DE5D	N155SL	CL30
DE62	N155SR	SR22
DE63	N155SS	GLID
DE64	N155ST	BE95
DE67	N155SW	TAIL
DE6A	N155SZ	GLID
DE6B	N155T	RV9
DE6E	N155TC	GLIM
DE6F	N155TD	EC55
DE70	N155TE	PA24
DE73	N155TH	SR22
DE76	N155TL	UH1
DE7F	N155TV	B06
DE90	N155UM	EC55
DE99	N155UW	A321
DE9D	N155V	C170
DEA6	N155VJ	SF50
DEAD	N155VR	VR7
DEB8	N155WB	J3
DEB9	N155WC	BE55
DEBC	N155WF	MU2
DEBF	N155WJ	SPUP
DEC7	N155WS	GLIM
DECB	N155WW	HUSK
DECF	N155X	BE95
DEE8	N155Y	WACF
DF01	N155Z	BE58
DF1B	N1550A	PA20
DF1D	N1550C	C180
DF1E	N1550D	BE33
DF1F	N1550E	C172
DF20	N1550F	BE36
DF21	N1550G	BE36
DF24	N1550K	L8
DF26	N1550M	COL4
DF27	N1550N	BE33
DF2C	N1550T	BE36
DF2D	N1550U	BE36
DF2E	N1550V	C172
DF2F	N1550W	BE36
DF30	N1550X	P28R
DF32	N1550Z	BE35
DF34	N15501	C119
DF3C	N15509	E135
DF41	N1551D	C190
DF42	N1551E	CH7A
DF43	N1551F	COL4
DF48	N1551L	BE60
DF49	N1551M	C188
DF4B	N1551P	PA18
DF4C	N1551Q	C185
DF4D	N1551R	AA1
DF4E	N1551S	P28A
DF51	N1551V	C172
DF53	N1551X	PA34
DF56	N15510	P28A
DF58	N15512	BE36
DF5A	N15514	PA32
DF5D	N15517	P28A
DF5E	N15518	P28A
DF60	N1552	PTS1
DF64	N1552D	BE9L
DF65	N1552E	CH7A
DF67	N1552G	BE9L
DF68	N1552H	C77R
DF69	N1552J	P28A
DF6C	N1552M	L5
DF71	N1552S	C82S
DF73	N1552U	BE36
DF75	N1552W	BE95
DF77	N1552Y	C172
DF7C	N15523	P28R
DF7D	N15524	P28R
DF7F	N15526	P28B
DF80	N15527	E135
DF82	N15529	PA34
DF84	N1553A	BE33
DF85	N1553B	L8
DF8A	N1553G	BE9L
DF8B	N1553H	C77R
DF8C	N1553J	P28A
DF8D	N1553K	BE36
DF8F	N1553M	PA12
DF93	N1553R	AA1
DF99	N1553X	P32R
DF9B	N1553Z	BE36
DF9F	N15533	P28A
DFA0	N15534	P28A
DFA3	N15537	P28B
DFA4	N15538	PA32
DFA8	N1554B	L8
DFA9	N1554C	C180
DFAC	N1554F	C185
DFAD	N1554G	COL4
DFAF	N1554J	CH60
DFB0	N1554K	AT3P
DFB3	N1554N	J3
DFB4	N1554P	PA18
DFB8	N1554T	C414
DFBC	N1554X	P28R
DFC3	N15544	P28A
DFC4	N15545	P28R
DFC8	N15549	BE33
DFCB	N1555B	L8
DFCD	N1555D	C195
DFCE	N1555E	COY2
DFD1	N1555H	C185
DFD3	N1555K	L8
DFD4	N1555L	BE36
DFD5	N1555M	P28R
DFD6	N1555N	MUS2
DFD9	N1555R	AA5
DFDD	N1555V	C172
DFDE	N1555W	BE33
DFDF	N1555X	PA34
DFE0	N1555Y	BE36
DFE3	N15551	PA32
DFE4	N15552	PA32
DFE6	N15554	PA32
DFE7	N15555	E145
DFE8	N15556	P28A
DFE9	N15557	P28A
DFEB	N15559	P28A
DFF5	N1556J	SR22
DFF6	N1556K	L8
DFFE	N1556T	C414
E000	N1556V	C172
E001	N1556W	AT5T
E002	N1556X	PA32
E003	N1556Y	BE33
E006	N15561	P28A
E007	N15562	P28R
E00E	N15569	P28A
E010	N1557A	T28
E013	N1557D	BT36
E015	N1557F	C185
E016	N1557G	C421
E017	N1557H	C77R
E018	N1557J	P28A
E01C	N1557N	J3
E01D	N1557P	PA18
E020	N1557S	SONX
E021	N1557T	C414
E024	N1557W	BE58
E028	N15570	AT3T
E029	N15571	P28A
E02A	N15572	E145
E02B	N15573	P28A
E031	N15579	P28A
E034	N1558B	L8
E036	N1558D	C195
E037	N1558E	C172
E041	N1558Q	T206
E042	N1558R	AA5
E045	N1558U	AT5T
E04A	N1558Z	BE35
E04E	N15583	P28A
E053	N15588	AT5T
E054	N15589	PA34
E057	N1559B	L8
E058	N1559C	C180
E059	N1559D	C195
E05A	N1559E	CH7A
E05B	N1559F	C185
E05D	N1559H	C77R
E05E	N1559J	P28A
E060	N1559L	BE33
E061	N1559M	ST75
E065	N1559R	AA5
E068	N1559U	BT36
E070	N15592	P28A
E071	N15593	P28A
E074	N15596	P28A
E075	N15597	P28R
E078	N156	C82S
E079	N156A	B58T
E07A	N156AA	HUSK
E07B	N156AB	YK55
E07E	N156AE	C182
E07F	N156AF	RV14
E080	N156AG	O1
E083	N156AK	S22T
E085	N156AM	GLF4
E086	N156AN	A321
E08A	N156AS	BE19
E08E	N156AW	FA50
E093	N156BA	A5
E094	N156BB	TOBA
E095	N156BC	EC30
E096	N156BD	BD4
E098	N156BF	CL60
E0A0	N156BP	F156
E0A7	N156BW	PC24
E0AA	N156BZ	CH60
E0AC	N156CA	B06
E0AD	N156CB	PTS2
E0B7	N156CM	RV6
E0B9	N156CP	RV6
E0BC	N156CS	SR20
E0BD	N156CT	FDCT
E0C5	N156DA	C150
E0C6	N156DB	B105
E0C7	N156DC	PA24
E0C9	N156DE	RV7
E0CA	N156DF	CH65
E0CC	N156DH	LJ60
E0CD	N156DJ	RV6
E0D0	N156DM	PA18
E0D5	N156DS	M7
E0D9	N156DW	C172
E0DD	N156E	RV9
E0DE	N156EA	EAGX
E0E4	N156EG	RS20
E0F2	N156EW	P28A
E0FB	N156FE	B763
E10B	N156FW	P149
E10F	N156G	BE9L
E112	N156GC	EC30
E124	N156GW	C550
E134	N156HM	B105
E136	N156HP	GA8
E138	N156HR	HROC
E142	N156JA	HDJT
E143	N156JB	COL3
E14D	N156JM	C180
E152	PR-MRT	A139
E15B	N156KA	C150
E15D	N156KC	C185
E166	N156KM	PA11
E16C	N156KT	SR20
E174	N156LA	BE30
E17B	N156LH	P28A
E17F	N156LM	PA30
E18C	N156M	C180
E18D	N156MA	RV6
E191	N156ME	C172
E194	N156MH	B412
E197	N156ML	C25A
E19D	N156MS	FOX
E19E	N156MT	MA5
E1B6	N156NS	H25B
E1BF	N156PA	CVLP
E1C1	N156PC	PC6T
E1C6	N156PH	CL35
E1C8	N156PK	RV6
E1CF	N156PS	DA40
E1D0	N156PT	UH12
E1E8	N156QS	GLEX
E1F1	N156RA	CH7B
E1F3	N156RC	CL60
E1F5	N156RE	FA50
E1F6	N156RF	T206
E1FA	N156RK	BE40
E1FC	N156RM	BEAR
E204	N156RV	RV6
E20A	N156SA	PC12
E20B	N156SB	PC12
E210	N156SG	T6
E211	N156SH	R22
E213	N156SK	C152
E216	N156SN	COY2
E217	N156SP	M20P
E220	N156SY	E75L
E224	N156TB	DHC2
E225	N156TC	RV10
E230	N156TP	M326
E247	N156UM	EC55
E249	N156UP	A306
E250	N156UW	A321
E254	N156V	C180
E262	N156VP	C750
E264	N156VR	VR7
E276	N156WJ	GLF4
E278	N156WL	PC12
E279	N156WM	PA44
E27B	N156WP	FK9
E27F	N156WT	CH60
E286	N156X	PA32
E291	N156XL	C56X
E2D1	N1560	BE20
E2D3	N1560B	L8
E2D6	N1560E	C172
E2D9	N1560H	C77R
E2DA	N1560J	P28A
E2DB	N1560K	L8
E2DD	N1560M	ST75
E2DE	N1560N	J3
E2DF	N1560P	PA18
E2E3	N1560T	BE9L
E2E5	N1560V	C172
E2E6	N1560W	BE36
E2E8	N1560Y	BE58
E2E9	N1560Z	BE35
E2EA	N15600	P28R
E2EB	N15601	P28B
E2EC	N15602	FA24
E2EE	N15604	FA24
E2F0	N15606	FA24
E2F1	N15607	P28A
E2F2	N15608	P28A
E2F6	N1561B	BE36
E2F7	N1561C	C180
E2F8	N1561D	C195
E2FB	N1561G	BE36
E2FC	N1561H	C77R
E2FE	N1561K	L8
E2FF	N1561L	BE36
E300	N1561M	BE33
E304	N1561R	AA5
E306	N1561T	BE33
E308	N1561V	C172
E309	N1561W	BE95
E30B	N1561Y	C172
E30D	N15610	P28A
E30F	N15612	P28B
E313	N15616	P28A
E314	N15617	P28A
E315	N15618	P28A
E316	N15619	P28A
E319	N1562B	BE33
E31C	N1562E	CH7A
E31D	N1562F	BE36
E321	N1562K	L8
E326	N1562Q	C150
E327	N1562R	AA5
E32D	N1562X	P28R
E32E	N1562Y	C172
E330	N15620	GLST
E331	N15621	P28A
E333	N15623	P28R
E334	N15624	P28B
E336	N15626	P28A
E339	N15629	CRER
E33C	N1563B	BE33
E33E	N1563D	C195
E33F	N1563E	BE36
E340	N1563F	BE33
E342	N1563H	C77R
E343	N1563J	P28A
E348	N1563P	PA18
E34A	N1563R	BE36
E34B	N1563S	BE35
E34C	N1563T	C414
E34F	N1563W	BE35
E351	N1563Y	C172
E353	N15630	P28A
E354	N15631	P28A
E356	N15633	P28R
E35A	N15637	P28A
E35D	N1564	NG5
E35E	N1564A	BE33
E360	N1564C	C180
E361	N1564D	BE36
E362	N1564E	C172
E367	N1564K	L8
E368	N1564L	BE58
E36A	N1564N	J3
E36B	N1564P	PA18
E36D	N1564R	BT36
E36E	N1564S	BE95
E373	N1564X	P28A
E374	N1564Y	C172
E376	N15640	P28A
E378	N15642	P28A
E379	N15643	P28R
E37A	N15644	P28R
E37B	N15645	P28B
E37C	N15646	PA32
E37D	N15647	PA34
E37E	N15648	P28A
E37F	N15649	P28A
E383	N1565C	C180
E385	N1565E	CH7A
E388	N1565H	C77R
E389	N1565J	P28A
E38A	N1565K	L8
E38D	N1565N	J3
E38E	N1565P	PA18
E391	N1565S	COL4
E392	N1565T	C310
E395	N1565W	BE36
E396	N1565X	BE36
E398	N1565Z	BE35
E399	N15650	P28A
E39B	N15652	P28A
E39C	N15653	CRER
E39E	N15655	P28B
E3A7	N1566D	C195
E3A8	N1566E	CH7A
E3A9	N1566F	C185
E3AA	N1566G	BE33
E3AB	N1566H	C77R
E3AD	N1566K	BE58
E3AE	N1566L	BE35
E3B1	N1566P	BE33
E3B2	N1566Q	C150
E3B6	N1566U	BE36
E3B8	N1566W	BE58
E3BA	N1566Y	BE33
E3BD	N15661	P28A
E3BF	N15663	P28A
E3C0	N15664	P28A
E3C2	N15666	P28B
E3C7	N1567A	BE95
E3CA	N1567D	C195
E3CD	N1567G	BE9L
E3CE	N1567H	C77R
E3CF	N1567J	P28A
E3D2	N1567M	BE33
E3D3	N1567N	BE58
E3D4	N1567P	BE33
E3D7	N1567S	BE35
E3E0	N15671	P28A
E3E4	N15675	P28A
E3E6	N15677	P28A
E3E7	N15678	P28A
E3F0	N1568G	B190
E3F1	N1568H	C77R
E3F5	N1568M	RV7
E3F6	N1568N	J3
E3F7	N1568P	BE33
E3F9	N1568R	AA5
E401	N1568Z	BE35
E404	N15682	P28A
E406	N15684	P28R
E40A	N15688	BE58
E40E	N1569B	L8
E410	N1569D	C195
E417	N1569L	BE95
E418	N1569M	L5
E41A	N1569P	BE33
E41F	N1569U	T206
E423	N1569Y	C172
E426	N15691	B14A
E429	N15694	P28A
E42A	N15695	P28A
E42B	N15696	BU33
E430	N157A	C550
E431	N157AA	A321
E433	N157AC	CH7A
E435	N157AE	AS50
E439	N157AJ	GLID
E43A	N157AK	DHC2
E43C	N157AM	HUSK
E442	N157AT	SR22
E449	N157B	B47G
E44A	N157BA	BE36
E44B	N157BB	RV7
E44D	N157BD	E55P
E452	N157BJ	PA34
E454	N157BL	PIAT
E459	N157BR	S22T
E465	N157CC	C310
E466	N157CD	SR20
E46D	N157CL	K100
E46E	N157CM	P32R
E470	N157CP	C82T
E47C	N157DA	DA62
E47E	N157DC	T6
E481	N157DF	C172
E486	N157DL	RV6
E490	N157DW	SMAX
E494	N157E	CH7A
E497	N157EC	CH7A
E4A5	N157ES	SR22
E4AC	N157EZ	BEAR
E4AD	N157F	BE35
E4B0	N157FC	C82T
E4B2	N157FE	B763
E4C7	N157GA	ASTR
E4C8	N157GB	RV10
E4D7	N157GS	RV6
E4DB	N157GW	PA18
E4DF	N157H	C208
E4E2	N157HC	BE20
E4E5	N157HF	C206
E4ED	N157HP	R44
E4F0	N157HS	RV10
E500	N157JH	SR22
E506	N157JP	RV4
E508	N157JR	BE58
E50A	N157JT	BE60
E511	N157K	GLIM
E512	N157KA	C150
E514	N157KC	C172
E522	N157KS	FOX
E52B	N157LA	AT8T
E532	N157LH	P28A
E536	N157LM	C210
E53F	N157LW	ACAM
E543	N157M	FB1A
E544	N157MA	HUSK
E547	N157MD	BE35
E548	N157ME	C172
E54A	N157MG	E35L
E54B	N157MH	BE9L
E551	N157MP	M20P
E555	N157MT	CRER
E558	N157MW	LJ45
E55C	N157N	BE58
E564	N157NH	C152
E56D	N157NS	CL60
E576	N157PA	B06
E57D	N157PH	CL35
E57E	N157PJ	PA12
E586	N157PS	M20P
E58A	N157PW	BE40
E59F	N157QS	GLEX
E5A7	N157R	BE33
E5AA	N157RC	C82S
E5AB	N157RD	C82S
E5AC	N157RE	CRER
E5AD	N157RF	CH7B
E5B0	N157RJ	P28B
E5B5	N157RP	EFOX
E5BB	N157RV	RV7
E5C0	N157S	C180
E5C1	N157SA	B06
E5C3	N157SC	PA18
E5C6	N157SF	C172
E5C7	N157SG	C340
E5C8	N157SH	R22
E5C9	N157SJ	B06
E5CA	N157SK	C152
E5CC	N157SM	C82S
E5CD	N157SN	FOX
E5D2	N157ST	M600
E5D6	N157SX	SONX
E5D7	N157SY	E75L
E5D9	N157T	PA18
E5DA	N157TA	P28A
E5DB	N157TB	HUSK
E5DC	N157TC	GC1
E5DF	N157TF	C560
E5EB	N157TT	COL4
E5EE	N157TW	C25B
E5EF	N157TX	SR22
E5FE	N157UM	EC55
E600	N157UP	A306
E607	N157UW	A321
E60B	N157V	SR22
E61B	N157VR	VR7
E625	N157WA	P28A
E626	N157WB	BL8
E62A	N157WF	S22T
E62C	N157WH	BE40
E630	N157WM	PA44
E648	N157XL	C56X
E653	N157XX	L39
E656	N157Y	RLU1
E67A	N157ZL	BE18
E687	N157ZZ	C82S
E68B	N1570C	SR22
E68C	N1570D	C195
E68F	N1570G	BE36
E694	N1570M	L5
E695	N1570N	BE58
E696	N1570P	PA22
E697	N1570Q	C150
E698	N1570R	BE23
E69A	N1570T	BE33
E69B	N1570U	C207
E69C	N1570V	C172
E69E	N1570X	PA34
E69F	N1570Y	C172
E6A0	N1570Z	BE35
E6A1	N15700	WACF
E6A2	N15701	P28A
E6A4	N15703	P28A
E6A6	N15705	WACC
E6A7	N15706	WACC
E6A8	N15707	P28B
E6A9	N15708	PA32
E6AA	N15709	PA34
E6AC	N1571A	PA20
E6AF	N1571D	C195
E6B0	N1571E	C172
E6B3	N1571H	C77R
E6B4	N1571J	P28A
E6B5	N1571K	L8
E6B6	N1571L	WACC
E6BE	N1571U	T206
E6BF	N1571V	C172
E6C0	N1571W	BE35
E6C4	N15710	B737
E6C5	N15711	WACF
E6C6	N15712	B737
E6C7	N15713	P28A
E6C9	N15715	P28A
E6CA	N15716	P28A
E6CC	N15718	WACC
E6D0	N1572B	L8
E6D3	N1572E	PA32
E6D4	N1572F	CC11
E6D9	N1572L	BE95
E6DD	N1572Q	C150
E6DE	N1572R	AA5
E6E0	N1572T	AVID
E6E2	N1572V	C172
E6E4	N1572X	P28A
E6E7	N15720	WACC
E6E9	N15722	WACC
E6EB	N15724	C180
E6EC	N15725	H269
E6ED	N15726	P28A
E6F2	N1573A	PA20
E6F3	N1573B	L8
E6F6	N1573E	CH7A
E6F7	N1573F	C185
E6FE	N1573N	J3
E700	N1573Q	C150
E701	N1573R	AA5
E702	N1573S	BE35
E70B	N15731	P28A
E70E	N15734	P28A
E713	N15739	P28A
E718	N1574D	C195
E71E	N1574K	L8
E71F	N1574L	C150
E722	N1574P	C210
E724	N1574R	AA1
E725	N1574S	BE35
E72C	N1574Z	BE35
E72E	N15741	P28A
E731	N15744	P28R
E73A	N1575C	C180
E73F	N1575H	C77R
E741	N1575K	L8
E746	N1575Q	C150
E747	N1575R	AA5
E748	N1575S	C182
E74B	N1575V	C172
E74D	N1575X	PA32
E751	N15751	B737
E753	N15753	P28A
E755	N15755	P28A
E756	N15756	P28A
E757	N15757	P28A
E759	N15759	P28A
E75B	N1576A	PA20
E75C	N1576B	L8
E75E	N1576D	C195
E75F	N1576E	C172
E760	N1576F	H500
E762	N1576H	C185
E763	N1576J	P28A
E766	N1576M	T210
E767	N1576N	J3
E76F	N1576W	BE35
E772	N1576Z	BE95
E773	N15760	P28A
E775	N15762	P28A
E776	N15763	P28A
E777	N15764	P28R
E778	N15765	P28R
E77B	N15768	P28A
E77D	N1577	UH1
E77E	N1577A	PA20
E780	N1577C	C180
E781	N1577D	C195
E782	N1577E	EN28
E784	N1577G	BE35
E785	N1577H	C185
E788	N1577L	BE36
E78A	N1577N	J3
E78B	N1577P	PA18
E78E	N1577S	BE95
E792	N1577W	BE36
E794	N1577Y	C172
E795	N1577Z	BE35
E796	N15770	P28A
E79C	N15776	PA32
E7A3	N1578C	C180
E7A6	N1578F	H500
E7A8	N1578H	C77R
E7AB	N1578L	BE36
E7AD	N1578N	J3
E7AE	N1578P	PA18
E7AF	N1578Q	C150
E7B1	N1578S	FOX
E7B8	N1578Z	BE35
E7BB	N15782	P28A
E7BC	N15783	P28A
E7C2	N15789	PA34
E7C4	N1579A	PA20
E7C6	N1579C	SONX
E7C8	N1579E	CH7A
E7CD	N1579K	L8
E7CE	N1579L	BE35
E7CF	N1579M	C182
E7D2	N1579Q	C150
E7D3	N1579R	AA5
E7D5	N1579T	GLST
E7D8	N1579W	BE33
E7D9	N1579X	P28B
E7DB	N1579Z	BE35
E7E2	N15796	T6
E7E3	N15797	T6
E7E5	N15799	T6
E7E9	N158AB	B06
E7EC	N158AE	C172
E7ED	N158AF	PC24
E7EE	N158AG	CC19
E7F1	N158AK	DHC2
E7F4	N158AN	A321
E800	N158B	SR22
E802	N158BB	BE58
E803	N158BC	EC35
E804	N158BD	BE58
E808	N158BH	BE58
E809	N158BJ	BE58
E80B	N158BL	FOX
E80C	N158BM	BE58
E80E	N158BP	C182
E819	N158C	PC12
E81A	N158CA	SW4
E81B	N158CB	TRDO
E81C	N158CC	P28R
E824	N158CL	DHC7
E827	N158CP	C82T
E829	N158CR	R44
E82D	N158CV	VELO
E82E	N158CW	C82T
E832	N158D	C185
E834	N158DB	B429
E835	N158DC	CH75
E839	N158DG	BE58
E83E	N158DM	C175
E843	N158DS	J3
E847	N158DW	B06
E84B	N158E	WACF
E84E	N158EC	LJ45
E867	N158FC	C82T
E869	N158FE	B763
E86D	N158FJ	PA18
E87D	N158G	PA23
E87E	N158GA	RF6
E880	N158GC	AA5
E88E	N158GS	B06
E896	N158H	B06
E8AF	N158J	BE9L
E8B3	N158JD	PA31
E8B7	N158JH	HIGH
E8BB	N158JM	RV8
E8BD	N158JP	MD88
E8BF	N158JR	C82S
E8C0	N158JS	C560
E8C7	N158JZ	T6
E8C8	N158K	BE58
E8D7	N158KQ	K100
E8D9	N158KS	BE58
E8E6	N158LE	B06
E8E7	N158LF	BE58
E8FB	N158MA	DV20
E8FD	N158MC	SW4
E902	N158MH	PAY4
E90A	N158MR	BE58
E90B	N158MS	BE58
E913	N158N	BT36
E916	N158NC	BE58
E917	N158ND	P28A
E924	N158NS	E545
E92C	N158P	C206
E92D	N158PA	BE58
E92E	N158PB	BE95
E934	N158PH	CL35
E938	N158PM	C172
E93D	N158PS	B06
E93E	N158PT	P28A
E945	N158Q	QUIC
E956	N158QS	GLEX
E95E	N158R	EFOX
E95F	N158RA	C72R
E960	N158RB	GLID
E964	N158RF	BE58
E965	N158RG	T51
E96A	N158RM	BE58
E972	N158RV	RV8
E973	N158RW	BE58
E974	N158RX	C185
E977	N158S	BE35
E978	N158SA	B06
E979	N158SB	CH7B
E97D	N158SF	C172
E97F	N158SH	R22
E981	N158SK	C56X
E986	N158SQ	BE76
E987	N158SR	RV4
E988	N158SS	GLIM
E98C	N158SW	BE58
E990	N158T	CJ6
E991	N158TA	COL4
E992	N158TB	BE58
E995	N158TE	EA50
E99E	N158TP	M326
E9A0	N158TR	B06
E9A1	N158TS	DA42
E9A5	N158TW	FA20
E9A8	N158TZ	AC11
E9B7	N158UP	A306
E9D2	N158VR	VR7
E9DB	N158W	GLIM
E9DC	N158WA	SW4
E9DE	N158WC	BE58
E9DF	N158WD	PA18
E9EC	N158WS	WACF
E9EE	N158WU	PA44
EA0D	N158Y	D1
EA0F	N158YB	BE58
EA31	N158ZL	BE18
EA3F	N1580	G280
EA44	N1580E	C172
EA47	N1580H	C77R
EA4D	N1580P	PA18
EA53	N1580V	C172
EA55	N1580X	PA34
EA56	N1580Y	C172
EA57	N1580Z	BE35
EA58	N15800	P28A
EA5A	N15802	P28A
EA5C	N15804	P28A
EA5F	N15807	P28A
EA60	N15808	P28A
EA62	N1581	PTS1
EA65	N1581C	C180
EA66	N1581D	C195
EA69	N1581G	C310
EA6A	N1581H	C77R
EA6B	N1581J	P28A
EA77	N1581W	BE35
EA79	N1581Y	C172
EA7B	N15810	BE18
EA7D	N15812	P28A
EA7F	N15814	P28R
EA80	N15815	BE17
EA8A	N1582E	CH7A
EA8D	N1582H	C77R
EA8F	N1582K	L8
EA94	N1582Q	C185
EA97	N1582T	C414
EA9A	N1582W	BE33
EA9D	N1582Z	BE35
EA9F	N15821	CMAS
EAA0	N15822	P28A
EAA2	N15824	P28A
EAA3	N15825	P28A
EAAA	N1583B	L8
EAB1	N1583J	AC11
EAB6	N1583P	PA22
EAB9	N1583S	BE35
EABD	N1583W	BE35
EABE	N1583X	PA32
EABF	N1583Y	C172
EAC3	N15832	P28R
EAC6	N15835	BE17
EACA	N15839	PA34
EACB	N1584	R66
EACE	N1584C	C180
EAD0	N1584E	C172
EAD4	N1584J	P28A
EAD5	N1584K	COL4
EADC	N1584S	BE35
EAE2	N1584Y	COL4
EAE6	N15842	P28A
EAEA	N15846	BE17
EAF0	N1585B	L8
EAF1	N1585C	C180
EAF3	N1585E	CH7A
EAF7	N1585J	P28A
EAF8	N1585K	L8
EAFA	N1585M	WACF
EAFB	N1585N	J3
EAFC	N1585P	PC12
EB05	N1585Y	C172
EB06	N1585Z	BE35
EB08	N15851	P28A
EB0F	N15858	P28A
EB15	N1586D	C195
EB16	N1586E	CH7A
EB1A	N1586J	AC11
EB1B	N1586K	L8
EB1E	N1586N	J3
EB22	N1586S	BE35
EB29	N1586Z	BE35
EB2A	N15860	P28A
EB2B	N15861	P28A
EB2C	N15862	P28R
EB32	N15868	P28A
EB3C	N1587H	C77R
EB40	N1587M	C182
EB45	N1587S	BE95
EB47	N1587U	C207
EB4B	N1587Y	C172
EB4C	N1587Z	BE35
EB4E	N15871	P28A
EB50	N15873	P28A
EB52	N15875	P28A
EB58	N1588A	FOX
EB5C	N1588E	C172
EB60	N1588J	P28A
EB63	N1588M	C188
EB65	N1588P	PA18
EB67	N1588R	AA5
EB68	N1588S	BE35
EB6B	N1588V	C172
EB6D	N1588X	P28B
EB6F	N1588Z	BE35
EB71	N15881	P28A
EB72	N15882	P28A
EB74	N15884	P28B
EB78	N15888	P28A
EB7B	N1589A	PA20
EB7C	N1589B	L8
EB7E	N1589D	C72R
EB82	N1589H	C77R
EB83	N1589J	P28A
EB85	N1589L	BE35
EB8B	N1589S	BE35
EB92	N1589Z	BE35
EB95	N15892	P28A
EB96	N15893	P28R
EB97	N15894	P28R
EB98	N15895	PA32
EB9D	N159	AR15
EB9E	N159A	BE35
EB9F	N159AA	BE36
EBA1	N159AC	S64
EBA3	N159AE	C172
EBA4	N159AF	BL8
EBA6	N159AH	EC45
EBA8	N159AK	DHC2
EBAA	N159AM	B407
EBAB	N159AN	A321
EBAE	N159AR	M4
EBB3	N159AW	PA18
EBB7	N159B	PA23
EBB8	N159BA	A5
EBB9	N159BB	LGEZ
EBBF	N159BH	B407
EBC9	N159BT	SONX
EBD0	N159C	S108
EBD1	N159CA	GLID
EBD3	N159CC	PA11
EBD4	N159CD	SR20
EBDC	N159CM	S76
EBDE	N159CP	C82T
EBE1	N159CS	SR22
EBE2	N159CT	FDCT
EBE9	N159D	PA31
EBEB	N159DB	PA18
EBEE	N159DE	GLF5
EBF5	N159DM	TB21
EBF9	N159DR	C82S
EBFA	N159DS	PTS1
EC05	N159EC	LJ45
EC12	N159ER	P28A
EC1B	N159F	G21
EC1E	N159FC	C82T
EC20	N159FE	B763
EC27	N159FM	H25B
EC2C	N159FS	C72R
EC38	N159GD	R44
EC40	N159GM	BE33
EC4D	N159H	C25C
EC4E	N159HA	SR22
EC5B	N159HP	GA8
EC67	N159JA	GLF6
EC6A	N159JD	M7
EC6E	N159JH	GALX
EC72	N159JM	C172
EC77	N159JS	C25B
EC7F	N159K	AC50
EC87	N159KH	P180
EC8B	N159KM	T206
EC98	N159L	CL60
EC99	N159LA	AT6T
EC9A	N159LB	RV10
ECA0	N159LH	P28A
ECA4	N159LM	BK17
ECB1	N159M	E550
ECB2	N159MA	RV9
ECB4	N159MC	SW4
ECB5	N159MD	BE35
ECB7	N159MF	CH60
ECB9	N159MH	R44
ECC3	N159MT	EC35
ECCE	N159ND	P28A
ECDB	N159NS	E545
ECE6	N159PC	CH7B
ECE7	N159PD	B429
ECEA	N159PG	SR20
ECED	N159PK	BE35
ECF3	N159PR	FOX
ED17	N159RB	A139
ED1E	N159RJ	C177
ED23	N159RP	R44
ED25	N159RR	RV10
ED26	N159RS	PA23
ED27	N159RT	RAF2
ED29	N159RV	RV9
ED2F	N159SA	B06
ED30	N159SB	RV7
ED34	N159SF	B190
ED36	N159SH	R22
ED37	N159SJ	RV3
ED38	N159SK	C152
ED3A	N159SM	BE58
ED3E	N159SR	SR22
ED3F	N159SS	GLID
ED46	N159SZ	GLID
ED47	N159T	PA18
ED49	N159TB	BRAV
ED4A	N159TC	C152
ED4F	N159TH	BE58
ED53	N159TM	CH7B
ED6E	N159UP	A306
ED89	N159VR	VR7
ED9A	N159WH	CL30
ED9E	N159WM	PA44
EDA0	N159WP	RV8
EDB9	N159XP	RV12
EDBC	N159XS	RF10
EDC2	N159XY	AVTR
EDDD	N159Z	BE58
EDF7	N1590A	PA20
EDFE	N1590H	C77R
EDFF	N1590J	P28A
EE00	N1590K	L8
EE04	N1590P	PA18
EE05	N1590Q	C150
EE0A	N1590V	C172
EE0B	N1590W	C72R
EE0C	N1590X	P28R
EE10	N15901	P28B
EE11	N15902	PA32
EE18	N15909	P28R
EE1A	N1591A	PA20
EE1B	N1591B	L8
EE1D	N1591D	C195
EE1E	N1591E	C172
EE1F	N1591F	C185
EE21	N1591H	C77R
EE22	N1591J	P28A
EE23	N1591K	L8
EE26	N1591N	J3
EE28	N1591Q	C150
EE2D	N1591V	C172
EE2E	N1591W	BE33
EE2F	N1591X	PA32
EE32	N15910	E145
EE34	N15912	E145
EE36	N15914	P28A
EE38	N15916	P28A
EE3A	N15918	P28A
EE3B	N15919	P28R
EE3E	N1592B	L8
EE3F	N1592C	C180
EE40	N1592D	C195
EE42	N1592F	C185
EE43	N1592G	C421
EE45	N1592J	P28A
EE47	N1592L	BE36
EE48	N1592M	C182
EE49	N1592N	J3
EE4A	N1592P	PA18
EE4B	N1592Q	C150
EE4C	N1592R	AA5
EE4D	N1592S	BE35
EE50	N1592V	C172
EE51	N1592W	BE33
EE52	N1592X	P28A
EE58	N15923	FA24
EE5A	N15925	PA34
EE5B	N15926	E145
EE5C	N15927	P28A
EE5D	N15928	P28A
EE5E	N15929	P28A
EE62	N1593C	C180
EE66	N1593G	P32R
EE67	N1593H	C77R
EE6A	N1593L	BE33
EE6C	N1593N	J3
EE6F	N1593R	F8L
EE70	N1593S	BE35
EE73	N1593V	C172
EE75	N1593X	P28R
EE76	N1593Y	C172
EE77	N1593Z	BE35
EE78	N15930	P28A
EE79	N15931	P28R
EE7A	N15932	E145
EE7B	N15933	P28A
EE7D	N15935	P28A
EE7E	N15936	P28A
EE81	N15939	PA32
EE84	N1594B	L8
EE85	N1594C	C180
EE8A	N1594H	C77R
EE8D	N1594L	BE36
EE8F	N1594N	J3
EE91	N1594Q	C150
EE95	N1594U	C172
EE96	N1594V	FA62
EE97	N1594W	BE33
EE98	N1594X	P32R
EE9A	N1594Z	BE35
EE9E	N15943	P28A
EE9F	N15944	P28A
EEA0	N15945	P28A
EEA1	N15946	P28A
EEA5	N1595	FA24
EEAB	N1595F	C185
EEAD	N1595H	C77R
EEB0	N1595L	BE35
EEB5	N1595R	AA5
EEB8	N1595U	T206
EEBA	N1595W	BE95
EEC3	N15955	P28A
EEC4	N15956	P28A
EEC5	N15957	P28A
EEC9	N1596A	PA20
EECB	N1596C	C180
EECC	N1596D	BE33
EECD	N1596E	C172
EECF	N1596G	C340
EED1	N1596J	P28A
EED4	N1596M	C182
EED6	N1596P	PA18
EED8	N1596R	AA5
EED9	N1596S	BE35
EEDA	N1596T	C414
EEDB	N1596U	C207
EEE0	N1596Z	BE35
EEE2	N15961	PA32
EEE6	N15965	J2
EEE7	N15966	P28A
EEE9	N15968	P28A
EEEA	N15969	B789
EEEB	N1597	BE18
EEED	N1597B	P28A
EEF0	N1597E	CH7A
EEF3	N1597H	C77R
EEF4	N1597J	P28A
EEF6	N1597L	BE33
EEF7	N1597M	C182
EEF8	N1597N	J3
EEF9	N1597P	PA18
EEFC	N1597S	BE35
EF00	N1597W	BE35
EF02	N1597Y	C172
EF05	N15971	J2
EF09	N15975	P28A
EF0A	N15976	P28A
EF0D	N15979	P28B
EF0F	N1598A	PA20
EF10	N1598B	C82S
EF13	N1598E	CH7A
EF16	N1598H	C185
EF17	N1598J	P28A
EF1A	N1598M	C182
EF1B	N1598N	J3
EF1E	N1598R	AA5
EF1F	N1598S	BE35
EF20	N1598T	BT36
EF23	N1598W	BE35
EF26	N1598Z	BE35
EF27	N15980	E145
EF2A	N15983	E145
EF2B	N15984	P28A
EF31	N1599	GLID
EF32	N1599A	PA20
EF34	N1599C	COL4
EF3D	N1599M	C188
EF3F	N1599P	PA18
EF40	N1599Q	C150
EF41	N1599R	P28A
EF45	N1599V	BE35
EF47	N1599X	P28A
EF49	N1599Z	BE95
EF4E	N15994	P28A
EF4F	N15995	P28A
EF51	N15997	P28A
EF53	N15999	P28B
EF54	N16	BE9L
EF55	N16A	C82R
EF56	N16AA	G164
EF57	N16AB	PA32
EF59	N16AD	RV6
EF5A	N16AE	LGEZ
EF5D	N16AH	GLIM
EF5F	N16AK	P28R
EF60	N16AL	GLIM
EF61	N16AM	PA30
EF66	N16AS	C421
EF67	N16AT	SF50
EF69	N16AV	LGEZ
EF6A	N16AW	BL17
EF6B	N16AX	T210
EF70	N16BB	BE95
EF72	N16BD	BE19
EF77	N16BJ	P32R
EF78	N16BK	BE58
EF79	N16BL	RV9
EF7A	N16BM	SREY
EF7B	N16BN	BE65
EF7D	N16BQ	LNC4
EF7E	N16BR	FINC
EF85	N16BY	CH7A
EF86	N16BZ	CH60
EF87	N16C	DSA1
EF89	N16CB	RV7
EF8A	N16CC	ST75
EF8B	N16CD	GLAS
EF90	N16CJ	T206
EF92	N16CL	BE18
EF93	N16CM	BE20
EF95	N16CP	C680
EF97	N16CR	AA5
EF98	N16CS	LJ60
EF99	N16CT	BE33
EF9B	N16CV	AVTR
EF9D	N16CX	RV6
EF9E	N16CY	L8
EFA1	N16DA	BE58
EFA2	N16DB	C172
EFA5	N16DE	GLIM
EFA6	N16DF	E55P
EFA9	N16DJ	GLF4
EFAA	N16DK	RV7
EFAC	N16DM	PA23
EFAE	N16DP	PA24
EFB0	N16DR	M20P
EFB2	N16DT	LA4
EFB4	N16DV	BL8
EFB6	N16DX	LEG2
EFB7	N16DY	KR2
EFBB	N16EB	BLKS
EFBC	N16EC	P28A
EFBD	N16ED	C72R
EFBE	N16EE	EAGL
EFBF	N16EF	C152
EFC1	N16EH	J3
EFC2	N16EJ	BE36
EFC3	N16EK	C172
EFC4	N16EL	FOX
EFC5	N16EM	P32R
EFC6	N16EN	WAIX
EFC9	N16ER	TAIL
EFCD	N16EV	EVSS
EFD1	N16EZ	C310
EFD2	N16F	C172
EFD3	N16FA	DA42
EFD4	N16FB	RV4
EFD6	N16FD	F260
EFD8	N16FF	T6
EFDA	N16FH	H60
EFDF	N16FN	LJ35
EFE3	N16FS	BE35
EFE7	N16FW	DEFI
EFEC	N16GA	R22
EFED	N16GB	T206
EFEF	N16GD	BE17
EFF2	N16GG	J3
EFF4	N16GJ	GLF4
EFF5	N16GK	BE60
EFF7	N16GM	BE35
EFF8	N16GN	RV9
EFF9	N16GP	T206
EFFC	N16GS	C68A
F000	N16GW	SCOR
F001	N16GX	GX
F002	N16GY	C240
F005	N16HA	FA7X
F006	N16HB	SR22
F00A	N16HF	R22
F00B	N16HG	BE20
F00D	N16HJ	GLID
F00F	N16HL	P28R
F010	N16HM	AEST
F013	N16HQ	PC12
F014	N16HR	R66
F016	N16HT	C206
F017	N16HU	U16
F018	N16HV	ECHO
F019	N16HW	BOLT
F01A	N16HX	UH1
F01D	N16J	G2T1
F01E	N16JA	RV6
F01F	N16JB	LNC2
F021	N16JD	B06
F024	N16JG	T6
F025	N16JH	PA11
F026	N16JJ	GLIM
F029	N16JM	PTS2
F02A	N16JN	GLF4
F02B	N16JP	P28A
F02E	N16JS	P28R
F031	N16JV	T6
F038	N16KB	CL60
F039	N16KC	FOX
F03A	N16KD	B412
F03B	N16KE	SR20
F03C	N16KF	C150
F03E	N16KH	GAZL
F03F	N16KJ	RV6
F042	N16KM	R66
F043	N16KN	C172
F046	N16KR	FOX
F047	N16KS	GLIM
F04B	N16KW	BE9L
F052	N16LC	AA5
F053	N16LD	RV6
F057	N16LH	BE9L
F058	N16LJ	LJ55
F059	N16LK	LA4
F05D	N16LP	GLID
F060	N16LS	B14A
F061	N16LT	PA46
F064	N16LW	PTS1
F065	N16LX	S22T
F068	N16M	BE17
F069	N16MA	GLIM
F06A	N16MB	PA22
F06B	N16MC	AA5
F06D	N16ME	GLAS
F06F	N16MG	GLIM
F070	N16MH	BROU
F071	N16MJ	BE35
F073	N16ML	E55P
F074	N16MM	C82S
F075	N16MN	BE36
F078	N16MR	RV3
F079	N16MS	C182
F07A	N16MT	S22T
F081	N16N	WAIX
F087	N16NF	F900
F089	N16NH	BE36
F08A	N16NJ	PA30
F08C	N16NL	C501
F091	N16NR	UH12
F096	N16NW	C441
F09A	N16P	BE58
F09B	N16PA	CRUZ
F09D	N16PC	LJ45
F09E	N16PD	J3
F09F	N16PE	ST75
F0A0	N16PF	C172
F0A1	N16PG	RV6
F0A2	N16PH	LNC2
F0A4	N16PK	CAMP
F0A5	N16PL	C550
F0A6	N16PM	HUSK
F0AA	N16PR	C750
F0AB	N16PS	M20T
F0AE	N16PV	BE58
F0B0	N16PX	AA5
F0B3	N16Q	H500
F0C4	N16QS	C56X
F0CD	N16RA	LA4
F0CE	N16RB	BE95
F0CF	N16RC	LA4
F0D0	N16RD	CRUZ
F0D1	N16RE	PA22
F0D2	N16RF	RV9
F0D3	N16RG	CH7B
F0D6	N16RK	RV6
F0D7	N16RL	P28A
F0D8	N16RM	M20P
F0D9	N16RN	RV6
F0DA	N16RP	C550
F0DC	N16RR	C152
F0E1	N16RW	CL60
F0E5	N16S	BE17
F0E6	N16SA	GLF6
F0E7	N16SB	C172
F0E8	N16SC	PA31
F0E9	N16SD	ST75
F0EA	N16SE	PA32
F0EB	N16SF	WW24
F0EC	N16SG	C310
F0ED	N16SH	C150
F0EE	N16SJ	E50P
F0F1	N16SM	H25B
F0F3	N16SP	B407
F0FA	N16SW	LNC4
F0FB	N16SX	SX30
F0FD	N16SZ	GLID
F100	N16TB	DHC2
F101	N16TC	PA46
F102	N16TD	GLID
F105	N16TG	RV6
F106	N16TH	BE23
F107	N16TJ	PA32
F108	N16TK	RV8
F10A	N16TM	BE9L
F10C	N16TP	CH7B
F10D	N16TQ	BE55
F10E	N16TR	PA11
F10F	N16TS	C551
F110	N16TT	HUSK
F112	N16TV	UH1
F113	N16TW	PA30
F114	N16TX	RV6
F117	N16U	BE18
F118	N16UA	B222
F11D	N16UF	GLID
F125	N16UP	RV6
F129	N16UT	BE23
F131	N16VA	COL3
F133	N16VC	C172
F137	N16VG	C501
F139	N16VJ	SF50
F13B	N16VL	C82S
F13E	N16VP	GLID
F142	N16VT	GLID
F144	N16VV	C172
F149	N16W	CL60
F14A	N16WA	C25A
F14B	N16WB	C25M
F14E	N16WE	SONX
F14F	N16WF	LGEZ
F150	N16WG	BE9T
F151	N16WH	BOLT
F153	N16WK	PA18
F154	N16WL	C172
F157	N16WP	H269
F15B	N16WT	JACE
F15E	N16WW	B429
F160	N16WY	HUSK
F161	N16WZ	HUSK
F162	N16X	ST75
F16D	N16XL	CH60
F170	N16XP	GLST
F173	N16XS	XNOS
F176	N16XV	HROC
F177	N16XW	RV6
F179	N16XY	F2TH
F17D	N16YB	BE95
F180	N16YE	C700
F181	N16YF	C700
F182	N16YG	GLIM
F185	N16YK	YAK9
F186	N16YL	S58P
F189	N16YP	PA31
F18C	N16YS	RV10
F190	N16YW	C25B
F192	N16YY	ALO2
F193	N16YZ	S22T
F195	N16ZA	T210
F1AD	N160	BE17
F1AF	N160AA	HUSK
F1B3	N160AE	H60
F1B4	N160AF	LNP4
F1BA	N160AM	B407
F1BB	N160AN	A321
F1BC	N160AP	H60
F1BD	N160AQ	H60
F1C0	N160AT	H47
F1C1	N160AU	H60
F1C4	N160AX	H60
F1C7	N160B	B47G
F1CA	N160BC	BL8
F1CB	N160BD	RV12
F1CD	N160BF	H60
F1D1	N160BK	H60
F1D2	N160BL	H60
F1D3	N160BM	RV6
F1D4	N160BN	H60
F1D5	N160BP	LJ60
F1D7	N160BR	C25B
F1D8	N160BS	LJ60
F1DC	N160BW	PA30
F1E1	N160CA	H269
F1E2	N160CB	C150
F1E3	N160CC	AS50
F1E4	N160CD	H60
F1E7	N160CG	H60
F1EC	N160CM	CH7A
F1EE	N160CP	SR20
F1EF	N160CQ	H60
F1F0	N160CR	BE60
F1F1	N160CS	B47G
F1F3	N160CU	H60
F1F4	N160CV	H60
F1F5	N160CW	PA18
F1F8	N160CZ	H60
F1FA	N160DA	H500
F1FB	N160DB	PA23
F1FC	N160DC	C421
F1FE	N160DE	RV4
F205	N160DM	RV6
F206	N160DN	H60
F208	N160DQ	H60
F20A	N160DS	PTSS
F20C	N160DU	H60
F210	N160DY	H47
F217	N160EE	LJ60
F21A	N160EH	H47
F21E	N160EM	LJ60
F21F	N160EN	H60
F221	N160EQ	H60
F224	N160ET	H60
F225	N160EU	SR22
F227	N160EW	H60
F22B	N160F	DSA1
F22C	N160FA	H47
F22E	N160FC	P28A
F230	N160FE	B763
F23E	N160FU	PTS2
F244	N160G	TAIL
F246	N160GB	LGEZ
F247	N160GC	LJ35
F24B	N160GG	LJ60
F250	N160GM	PA18
F256	N160GT	SYMP
F262	N160HE	BE20
F268	N160HL	PA12
F26B	N160HP	RV4
F276	N160J	PULS
F277	N160JA	B06
F279	N160JC	L39
F27B	N160JE	EXEJ
F27D	N160JG	RV12
F27E	N160JH	RV6
F282	N160JM	AVID
F286	N160JR	SA30
F290	N160KA	H60
F29B	N160KM	FOX
F29D	N160KP	PA22
F29E	N160KQ	K100
F2A0	N160KS	C150
F2A1	N160KT	AA5
F2A9	N160LA	H60
F2AB	N160LC	J3
F2AC	N160LD	GLF4
F2B3	N160LL	P28R
F2B4	N160LM	PA24
F2B9	N160LS	G3
F2C2	N160MA	MC45
F2C4	N160MC	COL4
F2C6	N160ME	C172
F2C9	N160MH	VELO
F2CA	N160MJ	PA30
F2CE	N160MN	RV6
F2D1	N160MR	GLAS
F2D3	N160MT	MUS2
F2E2	N160NH	R22
F2EC	N160NT	H60
F2F3	N160P	C182
F2F4	N160PA	H60
F2F5	N160PB	C402
F2F6	N160PC	PA18
F2FA	N160PG	SR22
F305	N160PT	PA44
F31D	N160QS	GLEX
F326	N160RA	C172
F32B	N160RF	P28A
F331	N160RM	TBM7
F339	N160RV	RV6
F33A	N160RW	BE30
F33E	N160S	EFOX
F33F	N160SA	B06
F340	N160SB	CL30
F341	N160SC	GLST
F344	N160SF	BE20
F345	N160SG	SR22
F347	N160SJ	LJ60
F34A	N160SM	BE30
F34C	N160SP	BE35
F34E	N160SR	SR22
F34F	N160SS	GLIM
F350	N160ST	WAIX
F355	N160SY	E75L
F357	N160T	P28A
F359	N160TB	BRAV
F35F	N160TH	B105
F360	N160TJ	PA11
F363	N160TM	TBM7
F364	N160TN	H47
F365	N160TP	P28A
F369	N160TT	T206
F36D	N160TX	AA5
F370	N160U	BE33
F372	N160UB	H60
F373	N160UC	H60
F37D	N160UN	H60
F37E	N160UP	A306
F397	N160VP	T206
F399	N160VR	AVID
F3A3	N160WA	SW4
F3A4	N160WB	C175
F3A5	N160WC	CL30
F3AE	N160WM	PA18
F3B0	N160WP	RV9
F3B7	N160WW	HUSK
F3B9	N160WY	RV8
F3BB	N160X	AC50
F3C9	N160XP	H60
F3ED	N160Z	K100
F40A	N1600D	C150
F40B	N1600E	CH7A
F40D	N1600G	BE50
F410	N1600K	C140
F416	N1600R	AA5
F418	N1600T	C414
F419	N1600U	C172
F41B	N1600W	PC12
F41C	N1600X	T210
F41E	N1600Z	H269
F421	N16002	H500
F422	N16003	C150
F424	N16005	DC3
F425	N16006	C150
F426	N16007	C150
F427	N16008	B78X
F428	N16009	B78X
F429	N1601	RV6
F42C	N1601C	C180
F436	N1601N	FNKB
F438	N1601Q	C150
F43A	N1601S	P28A
F43E	N1601W	BE35
F440	N1601Y	H500
F443	N16011	C150
F444	N16012	C150
F449	N16017	C150
F44A	N16018	C150
F44C	N1602	B763
F450	N1602D	L10
F451	N1602E	CH7A
F452	N1602F	C172
F453	N1602G	CH7A
F457	N1602L	H500
F458	N1602M	C182
F45A	N1602P	PA22
F460	N1602V	C172
F461	N1602W	BE33
F466	N16021	C177
F468	N16023	C177
F46B	N16026	C150
F46E	N16029	C150
F46F	N1603	B763
F472	N1603C	C180
F474	N1603E	C172
F475	N1603F	C172
F476	N1603G	CH7A
F47B	N1603M	AS50
F47C	N1603N	FNKB
F481	N1603T	C414
F493	N1604A	PA18
F494	N1604B	L11
F495	N1604C	COL4
F497	N1604E	CH7A
F498	N1604F	C172
F499	N1604G	CH7A
F4A1	N1604Q	C150
F4A2	N1604R	B763
F4A6	N1604V	C140
F4A7	N1604W	BE58
F4A9	N1604Y	C172
F4AA	N1604Z	H500
F4AD	N16042	C150
F4B0	N16045	C150
F4B1	N16046	C150
F4B3	N16048	C150
F4B4	N16049	C150
F4B5	N1605	B763
F4B8	N1605C	C180
F4BC	N1605G	CH7A
F4BF	N1605K	H500
F4C1	N1605M	T210
F4C5	N1605R	AA1
F4C9	N1605V	C120
F4CE	N16050	H500
F4CF	N16051	C150
F4D1	N16053	C150
F4D5	N16057	C150
F4D6	N16058	C150
F4D9	N1606A	PA18
F4DF	N1606G	CH7A
F4E7	N1606Q	C150
F4E8	N1606R	AA1
F4EC	N1606V	C120
F4ED	N1606W	BE95
F4EF	N1606Y	C172
F4F3	N16062	H500
F4F4	N16063	C150
F4F5	N16064	C150
F4F6	N16065	B763
F4F7	N16066	C177
F4FA	N16069	H500
F4FD	N1607B	B763
F4FE	N1607C	C180
F4FF	N1607D	C170
F501	N1607F	C172
F503	N1607H	C77R
F505	N1607K	L8
F506	N1607L	SF50
F508	N1607N	FNKB
F50B	N1607R	AA1
F514	N16070	DC3
F515	N16071	C150
F517	N16073	C150
F518	N16074	C150
F51D	N16079	C150
F51E	N1608	B763
F521	N1608C	C180
F523	N1608E	CH7A
F524	N1608F	C172
F525	N1608G	CH7A
F528	N1608K	L8
F52B	N1608N	FNKB
F52F	N1608S	C172
F535	N1608Y	C172
F537	N16080	C150
F53B	N16084	C150
F53F	N16088	C150
F541	N1609	B763
F544	N1609C	C180
F546	N1609E	C172
F547	N1609F	C180
F54B	N1609K	L8
F54E	N1609N	FNKB
F551	N1609R	AA1
F557	N1609X	C210
F558	N1609Y	C172
F55B	N16091	C150
F55D	N16093	C150
F561	N16097	C150
F565	N161A	COY2
F566	N161AA	A321
F567	N161AB	BE58
F568	N161AC	B06
F56B	N161AF	GLIM
F56E	N161AJ	PC12
F571	N161AM	HUSK
F573	N161AP	C172
F575	N161AR	CH75
F576	N161AS	L13M
F57A	N161AW	P28A
F57E	N161B	GA6C
F57F	N161BA	A5
F580	N161BB	EA50
F585	N161BG	P28A
F587	N161BJ	P28A
F589	N161BL	AC50
F58F	N161BS	CC11
F590	N161BT	RV3
F593	N161BW	R44
F598	N161CA	DV20
F59A	N161CC	PA11
F59B	N161CD	S22T
F59C	N161CE	E50P
F59E	N161CG	S61
F5A3	N161CM	R44
F5A5	N161CP	FOX
F5A8	N161CS	T206
F5A9	N161CT	C82R
F5B1	N161DA	DA40
F5B2	N161DB	CL30
F5B4	N161DD	R22
F5B5	N161DE	P28A
F5B7	N161DG	EFOX
F5B8	N161DH	C42
F5BB	N161DL	SR22
F5BC	N161DM	GLIM
F5C1	N161DS	PTS2
F5C4	N161DV	PTS2
F5C5	N161DW	CAMP
F5C9	N161E	C180
F5D5	N161EM	A4
F5DF	N161EX	F900
F5E2	N161F	M20P
F5E3	N161FA	VTRA
F5E5	N161FC	E300
F5E7	N161FE	B763
F5EE	N161FM	MR35
F5FB	N161G	TL20
F5FD	N161GB	LGEZ
F606	N161GL	G2T1
F60D	N161GT	C172
F622	N161HP	GLID
F62F	N161JB	FOX
F634	N161JG	CL60
F635	N161JH	PTS2
F637	N161JK	SR22
F638	N161JL	LA4
F646	N161K	BE17
F647	N161KA	KMAX
F649	N161KC	BE36
F651	N161KL	DA62
F652	N161KM	P28A
F655	N161KQ	K100
F658	N161KT	SR20
F65B	N161KW	C172
F65F	N161L	LA4
F660	N161LA	H500
F662	N161LC	PA18
F678	N161M	ST75
F679	N161MA	P32R
F67A	N161MB	P28A
F67B	N161MC	COL4
F684	N161MM	GLF4
F686	N161MP	M20P
F688	N161MR	PA23
F689	N161MS	RV6
F6AA	N161P	PA24
F6AB	N161PA	E50P
F6AC	N161PB	CL60
F6B9	N161PQ	CRJ9
F6BA	N161PR	DC3
F6BB	N161PS	PTS2
F6BC	N161PT	P28A
F6DC	N161R	BE95
F6E0	N161RD	C185
F6E1	N161RE	PA30
F6E4	N161RH	PTS1
F6E6	N161RK	RLU1
F6E7	N161RL	RV8
F6E8	N161RM	C414
F6E9	N161RN	ACAM
F6EA	N161RP	P32R
F6ED	N161RS	FOX
F6F0	N161RV	RV7
F6F1	N161RW	MAGN
F6F5	N161S	GC1
F6F6	N161SA	BL8
F6F7	N161SB	ST75
F6F8	N161SC	CRUZ
F6F9	N161SD	C650
F6FA	N161SE	BL8
F6FB	N161SF	B06
F6FC	N161SG	BL8
F6FD	N161SH	B47G
F701	N161SM	P28A
F703	N161SP	T206
F705	N161SR	SR22
F706	N161SS	GLID
F708	N161SU	R44
F70A	N161SW	P28A
F70C	N161SY	E75L
F711	N161TC	PTS2
F71A	N161TM	C550
F71E	N161TR	BE33
F71F	N161TS	BE36
F720	N161TT	MT
F724	N161TX	SONX
F735	N161UP	A306
F73C	N161UW	A321
F740	N161V	B350
F74E	N161VP	T206
F750	N161VR	VR7
F759	N161W	BE35
F75C	N161WC	EC35
F75F	N161WF	CH7B
F765	N161WM	LGEZ
F767	N161WP	R44
F7A4	N161Z	SH36
F7BE	N1610A	PA18
F7BF	N1610B	H500
F7C1	N1610D	B763
F7C3	N1610F	C172
F7C9	N1610M	C182
F7D1	N1610V	C120
F7D7	N16101	C150
F7DA	N16104	RELI
F7DB	N16105	C150
F7DD	N16107	C150
F7DE	N16108	C150
F7DF	N16109	C150
F7E1	N1611A	PA18
F7E5	N1611E	CH7A
F7E6	N1611F	C172
F7E8	N1611H	C77R
F7EA	N1611K	L8
F7ED	N1611N	FNKB
F7EE	N1611P	PA22
F7F0	N1611R	AA5
F7F1	N1611S	SONX
F7F4	N1611V	C120
F7FB	N16112	E45X
F7FD	N16114	C150
F803	N1612	B407
F804	N1612A	PA18
F806	N1612C	C180
F808	N1612E	C172
F809	N1612F	C172
F80B	N1612H	J3
F80E	N1612L	PA18
F80F	N1612M	ST75
F810	N1612N	FNKB
F815	N1612T	B763
F817	N1612V	C140
F81C	N16120	C150
F81E	N16122	RELI
F821	N16125	C150
F823	N16127	C150
F824	N16128	C150
F825	N16129	C150
F826	N1613	SA7
F828	N1613B	B763
F82C	N1613F	C172
F82D	N1613G	CH7A
F82E	N1613H	C77R
F832	N1613M	C185
F833	N1613N	FNKB
F836	N1613R	AA5
F838	N1613T	C414
F83A	N1613V	C172
F83B	N1613W	AA5
F83D	N1613Y	C172
F83F	N16130	RELI
F843	N16134	C177
F845	N16136	RELI
F846	N16137	C177
F849	N1614	GLID
F84B	N1614B	L11
F84C	N1614C	C180
F84F	N1614F	C172
F850	N1614G	CH7A
F852	N1614J	LGEZ
F864	N16142	RELI
F869	N16147	E45X
F86A	N16148	COY2
F86B	N16149	E45X
F86D	N1615A	C172
F86E	N1615B	L11
F871	N1615E	C172
F872	N1615F	C172
F880	N1615V	C172
F881	N1615W	DA62
F882	N1615X	T210
F886	N16151	E45X
F887	N16152	C150
F88D	N16158	C150
F88F	N1616	PT22
F890	N1616A	RELI
F892	N1616C	C180
F893	N1616D	C170
F894	N1616E	CH7A
F895	N1616F	C172
F896	N1616G	CH7A
F897	N1616H	C77R
F899	N1616K	L8
F89C	N1616N	FNKB
F89D	N1616P	PA22
F89E	N1616Q	C150
F89F	N1616R	AA5
F8A1	N1616T	C414
F8AB	N16163	RELI
F8AC	N16164	RELI
F8AD	N16165	C150
F8AE	N16166	C150
F8B1	N16169	C150
F8B5	N1617C	C180
F8B7	N1617E	CH7A
F8B9	N1617G	CH7A
F8BA	N1617H	C77R
F8BE	N1617M	ST75
F8BF	N1617N	FNKB
F8C6	N1617V	C172
F8CB	N16170	E45X
F8CF	N16174	C150
F8D2	N16177	C150
F8D3	N16178	E45X
F8D4	N16179	C150
F8D5	N1618	GLID
F8D9	N1618D	C170
F8DA	N1618E	CH7A
F8DC	N1618G	CH7A
F8DD	N1618H	C77R
F8DF	N1618K	L8
F8E1	N1618M	C185
F8E2	N1618N	FNKB
F8E7	N1618T	C414
F8EA	N1618W	WAIX
F8EE	N16180	C150
F8EF	N16181	RELI
F8F0	N16182	RELI
F8F1	N16183	E45X
F8F3	N16185	C177
F8F4	N16186	RELI
F8F9	N1619A	B763
F8FE	N1619F	C172
F907	N1619Q	C150
F908	N1619R	AA1
F90C	N1619V	C140
F90D	N1619W	BE55
F911	N16190	RELI
F915	N16194	C150
F917	N16196	C150
F91A	N16199	C177
F91B	N162	PA22
F91C	N162A	RV7
F91D	N162AA	A321
F91E	N162AB	EXEC
F91F	N162AC	CH7B
F921	N162AE	EC35
F922	N162AF	GLIM
F927	N162AL	AC68
F928	N162AM	SR22
F92A	N162AP	EXEC
F92D	N162AS	C172
F931	N162AW	PA18
F936	N162BA	A5
F937	N162BB	C150
F938	N162BC	BL8
F93D	N162BH	H60
F93E	N162BJ	C182
F940	N162BL	BE36
F947	N162BT	EXEC
F94A	N162BW	PA34
F94D	N162BZ	EXEC
F94E	N162C	S108
F94F	N162CA	COL4
F951	N162CC	C162
F952	N162CD	SR20
F95A	N162CM	LNCE
F95E	N162CR	RV7
F95F	N162CS	C82S
F960	N162CT	EXEC
F969	N162DB	EXEC
F96B	N162DD	EXEC
F96C	N162DE	DHC6
F96D	N162DF	BE58
F96E	N162DG	GLIM
F970	N162DJ	EA50
F971	N162DK	EXEC
F972	N162DL	UH12
F975	N162DP	EXEC
F97E	N162DY	EXEC
F97F	N162DZ	EXEC
F983	N162EC	C25B
F98C	N162EM	A4
F994	N162EV	EXEC
F996	N162EX	EXEC
F999	N162F	C152
F99A	N162FA	EXEC
F99B	N162FB	EXEC
F99C	N162FC	E300
F99E	N162FE	B763
F9A1	N162FH	EXEC
F9A7	N162FP	EXEC
F9AE	N162FW	EXEC
F9B2	N162G	BE30
F9B3	N162GA	C208
F9B4	N162GB	GALX
F9B5	N162GC	BE20
F9BD	N162GL	DA40
F9BE	N162GM	MA5
F9CB	N162H	EXEC
F9CC	N162HA	C162
F9CF	N162HD	C172
F9D2	N162HG	C162
F9D5	N162HK	C162
F9DB	N162HR	C172
F9E7	N162JC	GLF5
F9E9	N162JE	EXEJ
F9EF	N162JL	B77W
F9F2	N162JP	EXEC
F9F5	N162JS	C182
F9F9	N162JW	EXEC
F9FA	N162JX	EXEJ
FA04	N162KG	C162
FA06	N162KJ	EXEC
FA0C	N162KQ	K100
FA0F	N162KT	EXEC
FA1C	N162LF	PA11
FA1E	N162LH	P28A
FA21	N162LL	EXEC
FA22	N162LM	C162
FA26	N162LR	EXEC
FA27	N162LS	C162
FA2F	N162M	UH12
FA30	N162MA	HUSK
FA32	N162MC	BE10
FA33	N162MD	BE35
FA34	N162ME	C172
FA3B	N162MM	HIGH
FA41	N162MT	EXEC
FA44	N162MW	EC35
FA48	N162N	BE95
FA50	N162NH	EXEJ
FA54	N162NM	EXEC
FA58	N162NR	C180
FA63	N162PB	PC12
FA64	N162PC	PA44
FA65	N162PD	EXEC
FA68	N162PG	C162
FA6D	N162PM	PA30
FA6F	N162PP	EXEC
FA70	N162PQ	CRJ9
FA73	N162PT	C152
FA7A	N162Q	BE20
FA8B	N162QS	GLEX
FA98	N162RE	EXEC
FA99	N162RF	EXEC
FA9B	N162RH	EXEJ
FA9C	N162RJ	EXEC
FAA3	N162RR	M20P
FAA5	N162RT	EXEC
FAA7	N162RV	RV6
FAAD	N162SA	C208
FAAE	N162SB	L29
FAAF	N162SC	PA18
FAB2	N162SF	ECHO
FAB5	N162SJ	EXEC
FAB6	N162SK	EXEC
FAB8	N162SM	EXEC
FABC	N162SR	SR22
FABD	N162SS	GLID
FABE	N162ST	BE9L
FABF	N162SU	R44
FAC3	N162SY	E75L
FAC5	N162T	PA18
FAC8	N162TC	C82S
FACA	N162TE	EXEJ
FACD	N162TH	EXEC
FACE	N162TJ	C550
FAD1	N162TM	AS50
FAD7	N162TT	CC11
FADA	N162TW	C162
FAEC	N162UP	A306
FAF3	N162UW	A321
FAF7	N162V	TVLB
FB05	N162VP	T206
FB12	N162WB	T34P
FB13	N162WC	B737
FB29	N162X	EXEC
FB42	N162Y	C162
FB47	N162YE	C162
FB5B	N162Z	SH36
FB74	N1620	G280
FB75	N1620A	PA18
FB79	N1620E	AR11
FB7B	N1620G	CH7A
FB80	N1620M	EXEC
FB82	N1620P	PA22
FB8F	N16202	C150
FB90	N16203	WACC
FB91	N16204	WACC
FB92	N16205	WACC
FB94	N16207	C150
FB95	N16208	WACC
FB9B	N1621D	C170
FB9D	N1621F	C172
FB9F	N1621H	C77R
FBA3	N1621M	PC12
FBA9	N1621T	C414
FBAC	N1621W	BE95
FBB0	N16210	C150
FBB1	N16211	WACC
FBB4	N16214	WACC
FBB6	N16216	C150
FBB7	N16217	B738
FBBA	N1622	C82R
FBBB	N1622A	GLST
FBBD	N1622C	C180
FBC0	N1622F	C172
FBC2	N1622H	C77R
FBC8	N1622P	P32R
FBC9	N1622Q	C150
FBCC	N1622T	NAVI
FBCF	N1622W	BE55
FBD4	N16221	C150
FBD5	N16222	C150
FBD8	N16225	C150
FBD9	N16226	WACC
FBDA	N16227	WACC
FBDC	N16229	WACC
FBE0	N1623C	C180
FBE3	N1623F	C172
FBE7	N1623K	L8
FBEA	N1623N	FNKB
FBF1	N1623V	C172
FBFA	N16234	B738
FBFC	N16236	WACC
FBFD	N16237	C172
FBFE	N16238	C150
FC00	N1624	C82T
FC05	N1624E	CH7A
FC06	N1624F	C172
FC07	N1624G	CH7A
FC08	N1624H	C185
FC0A	N1624K	GLF4
FC0F	N1624Q	C150
FC12	N1624T	C414
FC14	N1624V	C140
FC15	N1624W	BE33
FC17	N1624Y	C172
FC19	N16240	T6
FC1A	N16241	WACC
FC1C	N16243	C150
FC1D	N16244	P28A
FC1F	N16246	WACC
FC22	N16249	WACC
FC23	N1625	GLF4
FC25	N1625B	L11
FC26	N1625C	SR22
FC27	N1625D	C170
FC2A	N1625G	CH7B
FC2C	N1625J	P28A
FC2D	N1625K	L8
FC2E	N1625L	TOBA
FC30	N1625N	FNKB
FC31	N1625P	PA22
FC32	N1625Q	C150
FC33	N1625R	AA1
FC36	N1625U	T210
FC38	N1625W	BE35
FC3A	N1625Y	C172
FC3C	N16250	P28A
FC3D	N16251	AR6T
FC3E	N16252	P28A
FC3F	N16253	PA32
FC43	N16257	P28A
FC44	N16258	AR6T
FC46	N1626	CAMP
FC49	N1626C	C180
FC4C	N1626F	C172
FC4F	N1626J	P28A
FC52	N1626M	ST75
FC53	N1626N	FNKB
FC56	N1626R	AA1
FC5A	N1626V	C120
FC5B	N1626W	BE33
FC5D	N1626Y	C172
FC61	N16262	AR6T
FC68	N16269	PA32
FC6A	N1627A	PA18
FC6B	N1627B	L11
FC6C	N1627C	C180
FC6E	N1627E	C172
FC6F	N1627F	C172
FC71	N1627H	P28A
FC77	N1627P	PA22
FC78	N1627Q	C150
FC79	N1627R	AA1
FC7B	N1627T	C414
FC7D	N1627V	C140
FC80	N1627Y	C172
FC83	N16271	AR6T
FC85	N16273	P28A
FC86	N16274	AR6T
FC8A	N16278	P28R
FC8B	N16279	P28B
FC94	N1628H	P28A
FC9B	N1628Q	C150
FC9E	N1628T	T28
FCA4	N1628Z	C185
FCA8	N16283	P28A
FCA9	N16284	P28A
FCAD	N16288	P28A
FCAE	N16289	P28A
FCB1	N1629B	L11
FCB3	N1629D	C170
FCB4	N1629E	C172
FCB5	N1629F	C172
FCB7	N1629H	SR22
FCB8	N1629J	P28A
FCBF	N1629R	AA1
FCC4	N1629W	BE58
FCCA	N16292	PA34
FCCB	N16293	P28R
FCD1	N16299	P28B
FCD4	N163AA	A321
FCD9	N163AF	GLIM
FCDE	N163AL	LJ31
FCDF	N163AM	P28A
FCE8	N163AW	C82S
FCED	N163BA	BE30
FCEF	N163BC	CH7B
FCF2	N163BF	EC35
FCF7	N163BL	NG5
FCFA	N163BP	P63
FCFC	N163BR	LNP4
FD08	N163CC	B06
FD09	N163CD	SR20
FD0F	N163CK	LJ35
FD10	N163CL	C210
FD11	N163CM	RV6
FD16	N163CS	C240
FD17	N163CT	C82T
FD20	N163DB	P32R
FD22	N163DD	C82S
FD26	N163DH	RV3
FD28	N163DK	H25B
FD29	N163DL	M20T
FD2E	N163DR	GLIM
FD3E	N163EG	GLEX
FD43	N163EM	A4
FD49	N163ET	CL60
FD55	N163FE	B763
FD61	N163FS	P63
FD6A	N163GA	GA6C
FD6C	N163GC	BE23
FD6D	N163GD	PULS
FD7B	N163GT	P46T
FD82	N163H	C182
FD8B	N163HJ	UF10
FD8D	N163HL	P46T
FD9B	N163J	C550
FD9D	N163JB	C82S
FDA7	N163JM	C650
FDAB	N163JR	CL60
FDAD	N163JT	PA32
FDB0	N163JW	GLF4
FDB5	N163KA	M700
FDCD	N163L	H500
FDCE	N163LA	C150
FDD3	N163LF	P180
FDD5	N163LH	P28A
FDE6	N163M	C25C
FDE7	N163MA	HUSK
FDE9	N163MC	C172
FDEA	N163MD	GLF4
FDEB	N163ME	C172
FDF2	N163MM	M20P
FDFF	N163N	BE95
FE18	N163P	AUS9
FE19	N163PA	GLF2
FE31	N163Q	BE95
FE42	N163QS	GLEX
FE4A	N163R	C680
FE4E	N163RD	RV6
FE52	N163RH	C180
FE54	N163RK	R44
FE55	N163RL	B407
FE5F	N163RW	SR20
FE63	N163S	BL8
FE66	N163SC	CRUZ
FE67	N163SD	S22T
FE6B	N163SH	R22
FE71	N163SP	BE55
FE73	N163SR	GLAS
FE75	N163ST	P46T
FE76	N163SU	R44
FE7A	N163SY	E75L
FE7C	N163T	PA18
FE7F	N163TC	C510
FE91	N163TW	C162
FE92	N163TX	T6
FE95	N163U	BE36
FEA3	N163UP	A306
FEA6	N163US	A321
FEBE	N163VR	VR7
FEC7	N163W	C170
FED8	N163WS	WACF
FED9	N163WT	EC45
FEE0	N163X	RV7
FF0F	N163YX	WAIX
FF12	N163Z	SH36
FF2D	N1630B	L11
FF2E	N1630C	C180
FF34	N1630J	P28A
FF38	N1630N	FNKB
FF39	N1630P	PA22
FF3F	N1630V	C120
FF40	N1630W	PA46
FF42	N1630Y	C172
FF44	N16300	H269
FF48	N16304	P28A
FF49	N16305	P28A
FF50	N1631B	L11
FF52	N1631D	SLG4
FF53	N1631E	C172
FF55	N1631G	CH7A
FF57	N1631J	P28A
FF5A	N1631M	ST75
FF68	N16311	P28R
FF6A	N16313	P28B
FF6B	N16314	J2
FF6C	N16315	UH1
FF6E	N16317	P28A
FF6F	N16318	P28A
FF70	N16319	P28A
FF73	N1632B	L11
FF74	N1632C	C180
FF76	N1632E	C172
FF77	N1632F	C172
FF78	N1632G	CH7A
FF79	N1632H	P28A
FF7A	N1632J	P28A
FF7D	N1632M	C182
FF7E	N1632N	FNKB
FF7F	N1632P	PA22
FF81	N1632R	AA1
FF86	N1632W	BE35
FF87	N1632X	H269
FF8A	N16320	P28A
FF8B	N16321	P28R
FF8C	N16322	P28B
FF90	N16326	P28A
FF93	N16329	P28R
FF97	N1633C	H269
FF9B	N1633G	CH7A
FFA0	N1633M	C182
FFAA	N1633X	T210
FFAE	N16331	J2
FFAF	N16332	PA32
FFB7	N1634	T6
FFB9	N1634B	L11
FFBB	N1634D	C170
FFBD	N1634F	C172
FFBE	N1634G	CH7A
FFC0	N1634J	P28A
FFC3	N1634M	ST75
FFC4	N1634N	FNKB
FFC7	N1634R	AA1
FFCC	N1634W	BE35
FFCD	N1634X	T210
FFCE	N1634Y	C172
FFD0	N16340	P28A
FFD1	N16341	P28A
FFD7	N16347	J2
FFD8	N16348	P28A
FFE3	N1635J	P28A
FFE4	N1635K	L8
FFEA	N1635R	AA1
FFEF	N1635W	BE36
FFF3	N16350	P28A
FFF4	N16351	P28A
FFF9	N16356	B47G
FFFA	N16357	P28A
FFFB	N16358	FA24
FFFC	N16359	P28A
FFFE	N1636A	PA18
FFFF	N1636B	RV4
