0001	N1636D	C170
0002	N1636E	CH7A
0003	N1636F	C172
0005	N1636H	P28A
0006	N1636J	SR22
0009	N1636M	ST75
000B	N1636P	P32R
0011	N1636V	C120
0013	N1636X	T210
0014	N1636Y	C172
0017	N16361	P28R
0018	N16362	P28R
0019	N16363	P28B
001B	N16365	P28A
001D	N16367	P28A
001E	N16368	P28R
0022	N1637B	L11
0023	N1637C	C180
0024	N1637D	PA18
0025	N1637E	C172
0027	N1637G	CH7A
0028	N1637H	P28A
002E	N1637P	PA22
0031	N1637S	A660
0032	N1637T	C414
0037	N1637Y	C172
003A	N16371	P28B
003B	N16372	PA32
003D	N16374	P28A
0040	N16377	P28B
0041	N16378	PA32
0046	N1638C	SR22
0049	N1638F	C172
004B	N1638H	P28A
004C	N1638J	P28A
0052	N1638Q	C150
005E	N16382	P28A
0061	N16385	P28A
0063	N16387	P28B
0065	N16389	PA34
0068	N1639B	L11
006A	N1639D	C170
006D	N1639G	CH7A
006F	N1639J	P28A
0070	N1639K	L8
0073	N1639N	FNKB
007B	N1639W	BE33
0082	N16393	P28A
0084	N16395	P28R
0085	N16396	PA32
0087	N16398	P28A
0089	N164	WACF
008D	N164AC	S64
008F	N164AE	B06
0090	N164AF	GLIM
0093	N164AJ	SR20
0095	N164AL	LJ31
0096	N164AM	S76
0098	N164AP	G164
009A	N164AR	RV6
00A2	N164AZ	G164
00A5	N164BB	SR22
00A6	N164BC	RV6
00A7	N164BD	C82T
00A9	N164BF	RV6
00AC	N164BJ	RV6
00AE	N164BL	RV6
00AF	N164BM	M4
00B0	N164BN	RV6
00B3	N164BR	COY2
00B8	N164BW	WAIX
00BC	N164C	PC12
00BE	N164CB	RV6
00BF	N164CC	PA18
00C0	N164CD	SR20
00C2	N164CF	AS65
00C7	N164CL	T6
00C8	N164CM	RV6
00CA	N164CP	S22T
00CE	N164CT	S22T
00D1	N164CW	C82T
00D5	N164D	AVID
00D6	N164DA	BE23
00DB	N164DF	RV6
00DD	N164DH	RV6
00DE	N164DJ	RV6
00E3	N164DP	P28A
00E9	N164DV	RV9
00ED	N164DZ	P28A
00EE	N164E	BE17
00F2	N164ED	J3
00FA	N164EM	A4
00FE	N164ER	P28A
0104	N164EX	E300
010C	N164FE	B763
0120	N164G	P28A
0122	N164GB	FA50
0123	N164GC	G164
0130	N164GR	COY2
013A	N164HA	BE99
014E	N164HW	GLAS
0152	N164J	P32R
0153	N164JA	G164
0156	N164JD	C180
015E	N164JM	C82R
0162	N164JR	FOX
0167	N164JW	RV6
016B	N164K	B06
0171	N164KF	S22T
0172	N164KG	RV6
0181	N164KX	S22T
0189	N164LE	R22
018F	N164LL	PA32
0196	N164LT	RV6
019D	N164M	BE58
019E	N164MA	HUSK
01A2	N164ME	RV6
01A7	N164MK	LNCE
01A8	N164ML	RV6
01AE	N164MS	RV6
01AF	N164MT	RV6
01B2	N164MW	EA50
01B6	N164N	RV6
01B7	N164NA	PA38
01C3	N164NN	A321
01CF	N164P	SW4
01D0	N164PA	GLF2
01D2	N164PC	CH7A
01D3	N164PD	RV6
01D5	N164PF	MT
01D8	N164PJ	RV6
01DB	N164PM	RV6
01E0	N164PS	VELO
01E8	N164Q	LNC2
01F9	N164QS	GLEX
0201	N164R	BE35
0202	N164RA	C560
0204	N164RC	RV8
0205	N164RD	PC12
0207	N164RF	RV6
0208	N164RG	RV6
020B	N164RK	R44
020C	N164RL	B407
0211	N164RR	PA11
0212	N164RS	RV6
0215	N164RV	RV3
0216	N164RW	PA11
021A	N164S	PC12
021B	N164SA	R44
021D	N164SC	RV6
021E	N164SD	RV7
0223	N164SJ	C82S
0224	N164SK	COY2
0226	N164SM	CH60
0228	N164SP	RV6
022D	N164SU	R44
022F	N164SW	P28A
0230	N164SX	SONX
0231	N164SY	E75L
0239	N164TF	AS50
023F	N164TM	RV6
0240	N164TN	G164
0244	N164TS	B722
0245	N164TT	SAVG
024C	N164U	PA32
024F	N164UC	NORS
025A	N164UP	A306
026B	N164VF	BOLT
026C	N164VG	RV6
0275	N164VR	VR7
0285	N164WG	GLAS
028A	N164WM	RV6
028C	N164WP	RV6
028F	N164WS	BE9L
02A8	N164XS	EUPA
02B0	N164Y	SLG2
02B6	N164YF	PA23
02E2	N1640	G280
02E6	N1640D	C170
02E7	N1640E	C172
02EA	N1640H	P28A
02EE	N1640M	ST75
02EF	N1640N	FNKB
02F0	N1640P	P32R
02F2	N1640R	FOX
02F9	N1640Y	C172
02FD	N16402	P28A
02FE	N16403	CMAS
0301	N16406	CMAS
0304	N16409	P28A
0307	N1641B	L11
0308	N1641C	C172
030A	N1641E	FOX
0310	N1641L	L8
0312	N1641N	FNKB
031C	N1641Y	CH75
031E	N16410	P28A
0320	N16412	P28A
0323	N16415	PA32
0325	N16417	P28A
0326	N16418	P28A
032A	N1642B	L11
032D	N1642E	CH7A
032E	N1642F	C172
032F	N1642G	CH7A
0335	N1642N	FNKB
0336	N1642P	PA22
0337	N1642Q	C150
0338	N1642R	AA1
033D	N1642W	BE60
0343	N16422	P28R
0346	N16425	P28A
034A	N16429	P28R
034B	N1643	PTS2
034E	N1643C	C172
034F	N1643D	C170
0353	N1643H	PA32
0356	N1643L	RV7
0359	N1643P	PA22
035A	N1038S	CL60
035B	N1643R	AA1
035D	N1643T	BE35
0362	N1643Y	C172
0364	N16430	P28A
0367	N16433	P28A
0369	N16435	P28A
0371	N1644C	C180
0373	N1644E	C172
0376	N1644H	P32R
037A	N1644M	C185
037B	N1644N	FNKB
037D	N1644Q	C150
0381	N1644U	C207
0383	N1644W	BE60
0385	N1644Y	C172
0387	N16440	P28B
0388	N16441	PA32
038B	N16444	BE17
038D	N16446	P28A
038E	N16447	P28A
038F	N16448	P28A
0390	N16449	P28A
0391	N1645	H25B
0392	N1645A	PA20
0393	N1645B	GLST
0394	N1645C	C180
0395	N1645D	PA18
0398	N1645G	CH7B
039A	N1645J	P28A
03A5	N1645V	C120
03B0	N16456	P28A
03B2	N16458	P28A
03B3	N16459	P28R
03B7	N1646C	C172
03B8	N1646D	C170
03B9	N1646E	CH7A
03BA	N1646F	C172
03BB	N1646G	CH7B
03BC	N1646H	P28A
03C1	N1646N	FNKB
03C2	N1646P	PA22
03C4	N1646R	AA1
03C6	N1646T	C414
03CB	N1646Y	C172
03CC	N1646Z	C185
03CD	N16460	P28R
03D5	N16468	P28A
03DB	N1647D	C170
03DC	N1647E	CH7A
03DD	N1647F	C172
03E3	N1647M	C182
03E4	N1647N	FNKB
03E7	N1647R	AA1
03ED	N1647X	H269
03EF	N1647Z	C185
03FD	N1648C	C172
03FF	N1648E	CH7A
0400	N1648F	C172
0402	N1648H	P28A
0403	N1648J	P28A
0406	N1648M	C182
0407	N1648N	FNKB
0409	N1648Q	C150
040A	N1648R	AA1
040C	N1648T	C414
040F	N1648W	BE58
0411	N1648Y	C172
0417	N16484	P28A
0418	N16485	P28A
041A	N16487	PA32
041B	N16488	P28A
041E	N1649A	PA22
0423	N1649F	C172
0424	N1649G	CH7B
0426	N1649J	P28A
0429	N1649M	C182
042B	N1649P	PA22
042C	N1649Q	C150
042D	N1649R	AA1
0431	N1649V	C140
0436	N16490	P28A
0438	N16492	P28A
0439	N16493	UH1
043C	N16496	P28A
043D	N16497	P28B
043E	N16498	PA32
0441	N165A	C182
0444	N165AC	BL8
0446	N165AE	B06
0447	N165AF	GLIM
044C	N165AL	LJ31
0451	N165AR	C172
0452	N165AS	DA40
0459	N165AZ	M20P
045A	N165B	BE35
045D	N165BC	BL8
0461	N165BG	GLST
0473	N165C	S108
0475	N165CB	SREY
0476	N165CC	PA11
0477	N165CD	SR20
047D	N165CK	COZY
047F	N165CM	LJ24
0481	N165CP	C82T
0485	N165CT	FDCT
048D	N165DA	R44
048E	N165DB	C185
048F	N165DC	DV20
0492	N165DF	C185
0494	N165DH	RV9
0498	N165DM	BE65
049D	N165DS	C56X
04BD	N165EZ	LGEZ
04C1	N165FC	C150
04C3	N165FE	B763
04D0	N165FT	P28A
04D8	N165GA	RF6
04E3	N165GM	HIGH
04E9	N165GT	TB20
04F0	N165H	H500
04FE	N165HP	BE36
0500	N165HR	RV6
0509	N165J	TRDO
050C	N165JC	R22
050F	N165JF	GLF4
0513	N165JK	B06
0515	N165JM	RV8
051D	N165JV	BE36
051E	N165JW	PA18
0520	N165JY	P28A
0522	N165K	AC80
052C	N165KK	T33
053C	N165LA	C150
053E	N165LC	B190
0543	N165LH	P28R
0547	N165LM	S22T
054B	N165LR	S22T
054C	N165LS	RS12
0554	N165M	ACR2
0555	N165MA	MU2
0557	N165MC	JACE
055C	N165MH	C310
0562	N165MP	RV4
0564	N165MR	BE35
0569	N165MW	S22T
056D	N165N	EFOX
0575	N165NH	C82R
057A	N165NN	A321
0586	N165P	A119
0587	N165PA	GLF2
0588	N165PB	GALX
058A	N165PD	B429
0596	N165PR	PA18
0597	N165PS	DA40
059B	N165PW	GA8
05B0	N165QS	GLEX
05B8	N165R	P32R
05B9	N165RA	CH7B
05BC	N165RD	CL35
05C8	N165RR	EXEC
05CD	N165RW	BE95
05D2	N165SA	C404
05D3	N165SB	PA11
05DC	N165SL	P180
05DF	N165SP	B407
05E1	N165SR	SR22
05E2	N165SS	GLID
05E4	N165SU	R44
05E6	N165SW	PA31
05E7	N165SX	RF10
05E8	N165SY	E75L
05EA	N165T	PA18
05F1	N165TG	BE30
05F3	N165TJ	CH60
05FB	N165TS	B722
05FC	N165TT	PA31
05FD	N165TU	ASTO
05FE	N165TV	B14A
05FF	N165TW	SLG2
0611	N165UP	A306
0614	N165US	A321
062C	N165VR	VR7
062E	N165VT	GLEX
0638	N165WC	EC35
063B	N165WF	C210
064E	N165X	BE18
0675	N165YP	C72R
067B	N165YV	B190
067D	N165YX	WAIX
0681	N165ZA	BE18
069C	N1650C	C180
069F	N1650F	C172
06A0	N1650G	CH7A
06A2	N1650J	P28A
06A6	N1650N	FNKB
06A7	N1650P	PA18
06A9	N1650R	AA1
06AC	N1650U	C207
06AE	N1650W	BE36
06B0	N1650Y	C172
06B1	N1650Z	C185
06B2	N16500	WACC
06B3	N16501	E135
06B4	N16502	E135
06B9	N16507	WACC
06BA	N16508	WACC
06BB	N16509	P28A
06BF	N1651C	C172
06C0	N1651D	C170
06C2	N1651F	C172
06C5	N1651J	P28A
06C9	N1651N	PTS2
06CA	N1651P	PA18
06CC	N1651R	AA1
06D0	N1651V	C120
06D2	N1651X	C210
06D5	N16510	E135
06D6	N16511	E135
06D7	N16512	WACC
06D8	N16513	P28A
06DC	N16517	WACC
06DD	N16518	P28B
06E3	N1652D	C170
06E4	N1652E	CH7A
06E6	N1652G	CH7B
06E7	N1652H	P32R
06EC	N1652N	P32R
06ED	N1652P	PA18
06EF	N1652R	AA1
06F1	N1652T	C414
06F5	N1652X	T210
06F6	N1652Y	C172
06FD	N16525	E135
06FE	N16526	P28A
06FF	N16527	P28A
0700	N16528	P28A
0703	N1653A	M7
0704	N1653B	FB1A
0705	N1653C	C180
0708	N1653F	C172
070B	N1653J	P28A
0710	N1653P	PA18
0711	N1653Q	C150
0718	N1653X	C210
0719	N1653Y	C172
071B	N16530	P28R
071C	N16531	P28R
071F	N16534	P28A
0720	N16535	P28A
0722	N16537	P28A
072C	N1654G	CH7B
072E	N1654J	P28A
0731	N1654M	ST75
0732	N1654N	FNKB
0734	N1654Q	C150
073A	N1654W	BE95
073F	N16541	E145
0740	N16542	PA32
0742	N16544	AR6T
0745	N16547	P28A
0746	N16548	P28A
074A	N1655B	BE55
074B	N1655C	C180
074C	N1655D	C170
074E	N1655F	C172
0751	N1655J	P28A
0754	N1655M	BE20
0755	N1655N	FNKB
0757	N1655Q	C150
075E	N1655X	T210
0762	N16551	P28A
0765	N16554	P28R
0766	N16555	P28R
0767	N16556	P28B
076A	N16559	E145
076E	N1656C	C180
077B	N1656R	C82R
077F	N1656V	C120
0781	N1656X	C210
0784	N16560	P28A
0788	N16564	P28A
0791	N1657C	C180
0792	N1657D	C170
0793	N1657E	C172
0794	N1657F	C172
079A	N1657M	C182
079E	N1657R	C82R
07A4	N1657X	T210
07A5	N1657Y	C172
07A8	N16571	E145
07AD	N16576	WACC
07B0	N16579	WACF
07B2	N1658A	C182
07B4	N1658C	C172
07B5	N1658D	C170
07B6	N1658E	C172
07B7	N1658F	C172
07BB	N1658K	L8
07BD	N1658M	ST75
07BF	N1658P	PA18
07C0	N1658Q	C150
07C2	N1658S	A660
07C4	N1658U	C207
07C7	N1658X	H269
07C8	N1658Y	C172
07CA	N16580	WACC
07CD	N16583	P28A
07CF	N16585	J3
07D2	N16588	WACC
07D5	N1659A	PA22
07D6	N1659B	L11
07D7	N1659C	DFLY
07D9	N1659E	CH7A
07DB	N1659G	CH7A
07DC	N1659H	P28A
07DD	N1659J	P28A
07E3	N1659Q	C150
07E9	N1659W	BE95
07EB	N1659Y	C172
07EC	N1659Z	ERCO
07ED	N16590	WACC
07EE	N16591	WACC
07F5	N16598	WACC
07F7	N166	PTS2
07F8	N166A	R22
07F9	N166AA	GLF5
07FA	N166AB	PA34
07FB	N166AC	BE76
07FD	N166AE	B06
07FE	N166AF	PC12
07FF	N166AG	H60
0800	N166AH	AS50
0801	N166AJ	H60
0804	N166AM	C310
0805	N166AN	PRM1
0809	N166AS	ALTO
080B	N166AU	H60
0811	N166B	BE33
0812	N166BA	BE30
0814	N166BC	T18
0819	N166BH	B407
081A	N166BJ	RV10
081C	N166BL	H60
0823	N166BT	H60
0825	N166BV	BE58
0829	N166BZ	R66
082A	N166C	EFOX
082C	N166CB	PA32
082D	N166CC	T34P
0830	N166CF	SS2T
0835	N166CL	BE30
0836	N166CM	RS12
0838	N166CP	C82S
083B	N166CS	C172
0843	N166D	RV6
0844	N166DA	AC11
0845	N166DB	CH7A
0846	N166DC	RV4
0849	N166DF	H60
084A	N166DG	C82R
084B	N166DH	DHC6
084D	N166DK	R22
084E	N166DL	R66
0851	N166DP	H60
0852	N166DQ	H60
0853	N166DR	UH1
0854	N166DS	COL3
085A	N166DY	R66
085C	N166E	GLID
085D	N166EA	EA50
0863	N166EG	CH75
0868	N166EM	A4
0876	N166FA	C501
087A	N166FE	B763
0886	N166FS	R66
088E	N166G	DA40
088F	N166GA	RF6
0896	N166GH	R66
089F	N166GS	R66
08A0	N166GT	TB20
08B0	N166HJ	HDJT
08B2	N166HL	C680
08C0	N166J	RV7
08C1	N166JA	C162
08CA	N166JK	RV6
08CE	N166JP	DA40
08D0	N166JR	TRF1
08D5	N166JW	R66
08D9	N166K	CRER
08E5	N166KM	NG5
08EE	N166KW	R66
08F2	N166L	LNC2
08F3	N166LA	AT8T
08FA	N166LH	P28A
08FE	N166LM	M7
0903	N166LS	RS12
0906	N166LV	CH60
0907	N166LW	R66
090C	N166MA	P46T
090D	N166MB	H500
0912	N166MG	R66
0917	N166MM	AT5T
091C	N166MS	B06
091D	N166MT	EC35
0924	N166N	FOX
092B	N166NG	PA32
0931	N166NN	A321
093D	N166P	BE33
093E	N166PA	C82S
093F	N166PB	GLST
0940	N166PC	LJ25
0941	N166PD	R66
0944	N166PG	SR20
094C	N166PQ	CRJ9
094E	N166PS	PISI
094F	N166PT	COZY
0967	N166QS	GLEX
0970	N166RA	FA20
0971	N166RB	PA32
0973	N166RD	C56X
0977	N166RH	R66
0979	N166RK	R66
097A	N166RL	ASTR
0980	N166RS	CH7A
0981	N166RT	SR22
0984	N166RW	M5
0989	N166SA	BE30
098A	N166SB	PC12
0993	N166SL	R66
0996	N166SP	PA24
0998	N166SR	SR20
099A	N166ST	C560
099B	N166SU	R44
099F	N166SY	E75L
09A1	N166T	PA18
09A4	N166TC	RV6
09A8	N166TG	BE20
09B1	N166TR	SR22
09B3	N166TT	COL4
09B5	N166TV	R66
09B6	N166TW	SLG2
09C8	N166UP	A306
09E0	N166VN	C195
09E5	N166VT	GLIM
09EC	N166W	GLIM
09EF	N166WC	CL30
09F0	N166WD	RV6
09FC	N166WR	T6
09FE	N166WT	PA31
0A01	N166WW	HUSK
0A05	N166X	M20P
0A1E	N166Y	P66P
0A37	N166Z	T206
0A52	N1660B	C172
0A54	N1660D	C170
0A55	N1660E	CH7A
0A57	N1660G	CH7A
0A58	N1660H	P28A
0A59	N1660J	P28A
0A5F	N1660Q	C150
0A64	N1660V	C172
0A73	N1661	AVID
0A75	N1661B	L11
0A78	N1661E	CH7A
0A7A	N1661G	CH7A
0A7B	N1661H	P28A
0A7F	N1661M	C182
0A81	N1661P	PA18
0A83	N1661R	C82R
0A87	N1661V	C140
0A8A	N1661Y	C172
0A9B	N1662E	CH7A
0A9F	N1662J	P28A
0AA4	N1662P	PA18
0AA6	N1662R	C185
0AA7	N1662S	SS2P
0AA8	N1662T	RV7
0AAA	N1662V	C120
0AB0	N16621	J2
0AB2	N16623	J3
0AB7	N16628	PTS1
0ABC	N1663C	SR22
0ABE	N1663E	CH7A
0ABF	N1663F	C172
0AC1	N1663H	P28R
0AC2	N1663J	P28A
0AC8	N1663Q	C150
0AC9	N1663R	C185
0ACA	N1663S	SS2P
0ACD	N1663V	C140
0AD7	N16635	ST75
0ADF	N1664C	C172
0AE0	N1664D	C170
0AE1	N1664E	CH7A
0AE2	N1664F	C172
0AE3	N1664G	CH7A
0AE6	N1664K	FOX
0AE8	N1664M	T210
0AEB	N1664Q	C150
0AEC	N1664R	C82R
0AED	N1664S	A660
0AEF	N1664U	R66
0AF0	N1664V	C172
0AF3	N1664Y	C172
0AF8	N16643	UH12
0AF9	N16644	DHC2
0B02	N1665C	SR22
0B03	N1665D	C170
0B04	N1665E	CH7A
0B14	N1665W	BE36
0B19	N16651	J2
0B22	N1666	VJ22
0B23	N1666A	SYMP
0B24	N1666B	L11
0B27	N1666E	CH7A
0B2B	N1666J	P28A
0B31	N1666Q	C150
0B34	N1666T	T6
0B36	N1666V	C172
0B4B	N1667F	C172
0B4C	N1667G	CH7A
0B51	N1667M	C185
0B5F	N16671	B06
0B6B	N1668C	C172
0B6D	N1668E	CH7A
0B71	N1668J	P28A
0B74	N1668M	C182
0B76	N1668P	PA18
0B77	N1668Q	C150
0B78	N1668R	C82R
0B7A	N1668T	C414
0B7B	N1668U	C207
0B83	N16682	FA24
0B85	N16684	FA24
0B87	N16686	PA11
0B88	N16687	FB1A
0B89	N16688	PA18
0B8B	N1669	C180
0B90	N1669E	CH7A
0B92	N1669G	CH7A
0B95	N1669K	L8
0B97	N1669M	C185
0B9A	N1669Q	C150
0BA0	N1669W	BE33
0BA9	N16695	CAMP
0BAE	N167	C170
0BB2	N167AC	B06
0BB3	N167AD	GLF4
0BB8	N167AJ	S22T
0BBA	N167AL	H500
0BBB	N167AM	RV6
0BBC	N167AN	A321
0BBF	N167AR	PC12
0BC1	N167AT	F900
0BC4	N167AW	C340
0BC8	N167B	B26
0BCA	N167BB	BE9L
0BCC	N167BD	F900
0BD3	N167BL	NG5
0BD6	N167BP	TMUS
0BD8	N167BR	FA50
0BE1	N167C	BE30
0BE5	N167CD	SR20
0BEA	N167CJ	RV6
0BED	N167CM	EXEC
0BEF	N167CP	C172
0BF2	N167CS	RV6
0BF3	N167CT	SR22
0BF6	N167CW	RV6
0BFD	N167DC	DV20
0C08	N167DP	PRM1
0C0A	N167DR	RV7
0C16	N167EC	PULS
0C1F	N167EM	A4
0C23	N167ER	E50P
0C31	N167FE	B763
0C3E	N167FT	CL35
0C42	N167FX	EVOT
0C45	N167G	P28A
0C57	N167GT	TAMP
0C67	N167HJ	HDJT
0C77	N167J	J3
0C79	N167JB	WW24
0C84	N167JN	C56X
0C89	N167JT	CH60
0C8C	N167JW	BE35
0CAA	N167LA	AT6T
0CAD	N167LD	M20P
0CB1	N167LH	C208
0CB7	N167LP	C82T
0CB9	N167LR	SF50
0CC2	N167M	BE35
0CD3	N167MS	RF6
0CD4	N167MT	AS55
0CDB	N167N	BE95
0CF4	N167P	VEZE
0CF5	N167PA	A119
0CF7	N167PC	CH7B
0D06	N167PT	EXEC
0D0D	N167Q	CB1
0D1C	N167QQ	M20P
0D1E	N167QS	GLEX
0D26	N167R	AC90
0D29	N167RC	SH33
0D2A	N167RD	CL30
0D30	N167RK	SVNH
0D31	N167RL	B407
0D32	N167RM	PA18
0D3A	N167RV	RV9
0D40	N167SA	C680
0D47	N167SH	R44
0D4D	N167SP	SR22
0D4F	N167SR	SREY
0D52	N167SU	R44
0D54	N167SW	RV12
0D56	N167SY	E75L
0D58	N167T	PA18
0D5B	N167TC	CH7B
0D5E	N167TF	BE35
0D64	N167TM	GLIM
0D68	N167TR	BE58
0D6D	N167TW	DC3
0D71	N167U	BE60
0D75	N167UD	C72R
0D7F	N167UP	A306
0D82	N167US	A321
0D9A	N167VR	VR7
0DA4	N167WA	C402
0DA6	N167WC	DHC6
0DAB	N167WH	TAIL
0DB1	YV295T	B732
0DD5	N167Y	F900
0DEE	N1672	K100
0DEF	N167ZA	BE18
0E09	N1670B	FOX
0E0A	N1670C	C180
0E0D	N1670F	C172
0E0E	N1670G	CH7B
0E13	N1670M	C182
0E19	N1670T	C414
0E1B	N1670V	C120
0E1E	N1670Y	C172
0E1F	N1670Z	PA18
0E21	N16701	B737
0E23	N16703	B737
0E27	N16707	PACE
0E28	N16708	O1
0E29	N16709	B737
0E2C	N1671B	PTS1
0E2D	N1671C	C172
0E2E	N1671D	LNC2
0E30	N1671F	C172
0E32	N1671H	P28R
0E33	N1671J	P28A
0E39	N1671Q	C150
0E3A	N1671R	C185
0E3E	N1671V	C140
0E3F	N1671W	BE35
0E41	N1671Y	C172
0E46	N16713	B737
0E48	N16715	B06
0E50	N1672C	C172
0E52	N1672E	C172
0E54	N1672G	CH7A
0E5B	N1672P	PA18
0E5C	N1672Q	C150
0E5D	N1672R	C82R
0E61	N1672V	C120
0E64	N1672Y	C172
0E6C	N16726	B06
0E6D	N16727	BE19
0E71	N1673A	PA22
0E72	N1673B	C208
0E73	N1673C	C172
0E75	N1673E	C172
0E76	N1673F	C172
0E77	N1673G	CH7A
0E78	N1673H	PA32
0E79	N1673J	P28A
0E7A	N1673K	AA5
0E7C	N1673M	C185
0E80	N1673R	C82R
0E82	N1673T	BE36
0E85	N1673W	BE58
0E87	N1673Y	C172
0E89	N16730	T6
0E8B	N16732	B737
0E8E	N16735	H269
0E8F	N16736	PULS
0E96	N1674C	C180
0E98	N1674E	C172
0E99	N1674F	C172
0E9C	N1674J	P28A
0E9D	N1674K	L8
0E9E	N1674L	PA18
0EA7	N1674V	C172
0EA8	N1674W	BE33
0EA9	N1674X	C210
0EB6	N1675	D11
0EB8	N1675B	DHC2
0EBA	N1675D	C170
0EBD	N1675G	CH7A
0EBE	N1675H	P28A
0EBF	N1675J	P28A
0EC2	N1675M	C185
0ECB	N1675W	BE33
0ECC	N1675X	T210
0EDC	N1676C	C172
0EDD	N1676D	C170
0EDF	N1676F	C172
0EE1	N1676H	P28A
0EE3	N1676K	L8
0EE9	N1676R	C82R
0EEC	N1676U	T210
0EEE	N1676W	BE33
0EEF	N1676X	T210
0EF0	N1676Y	C172
0EF2	N16760	B06
0EFB	N16769	J2
0EFC	N1677	PC12
0EFF	N1677C	C180
0F05	N1677J	P28A
0F06	N1677K	L8
0F0C	N1677R	C185
0F11	N1677W	BE33
0F15	N16770	B06
0F16	N16771	C150
0F22	N1678C	C172
0F25	N1678F	C172
0F27	N1678H	P28A
0F28	N1678J	P28A
0F2F	N1678R	C185
0F31	N1678T	C414
0F35	N1678X	T210
0F37	N1678Z	C185
0F41	N16789	C172
0F42	N1679	GLID
0F43	N1679A	PA22
0F48	N1679F	C172
0F4A	N1679H	P28A
0F4E	N1679M	C185
0F50	N1679P	PA18
0F51	N1679Q	C150
0F56	N1679V	C172
0F57	N1679W	BE35
0F58	N1679X	T210
0F5A	N1679Z	C185
0F67	N168AA	HUSK
0F6B	N168AE	C182
0F6C	N168AF	T34P
0F71	N168AL	RV6
0F7A	N168AV	R44
0F80	N168BA	R44
0F82	N168BC	BL8
0F86	N168BG	C560
0F87	N168BH	AS50
0F90	N168BS	AVID
0F98	N168C	S108
0F99	N168CA	B752
0F9A	N168CB	C172
0F9B	N168CC	BE58
0F9C	N168CD	SR20
0F9D	N168CE	GLF5
0FA0	N168CH	H46
0FA4	N168CM	SR20
0FA6	N168CP	C82T
0FAD	N168CW	TBM7
0FB1	N168D	PA18
0FB5	N168DD	RV6
0FBA	N168DJ	SR20
0FBB	N168DK	C82T
0FBC	N168DL	RV9
0FBF	N168DP	P28A
0FC2	N168DS	C82S
0FCA	N168E	EFOX
0FCE	N168ED	C310
0FCF	N168EE	SR22
0FDB	N168ES	C550
0FE3	N168F	P28A
0FE4	N168FA	S211
0FE8	N168FE	B763
0FF4	N168FS	HUSK
0FFC	N168G	DH60
0FFF	N168GC	CL35
1002	N168GF	PA46
1003	N168GG	C414
100A	N168GP	B407
100D	N168GS	C56X
100E	N168GT	TB20
1015	N168H	SF50
101E	N168HJ	HDJT
1020	N168HL	LJ60
102E	N168J	E55P
102F	N168JA	C162
1031	N168JC	E55P
1035	N168JG	BE36
103A	N168JM	CH7B
1047	N168K	BIPL
1059	N168KT	A109
105C	N168KW	P28A
1060	N168L	C68A
1061	N168LA	DA40
1068	N168LH	P28A
106B	N168LL	LEG2
106C	N168LM	SH33
1075	N168LW	RV7
1079	N168M	BE35
107A	N168MA	C425
107C	N168MC	SR20
1087	N168MP	SR22
108A	N168MS	C172
1092	N168N	GLID
109B	N168NJ	GA6C
109D	N168NL	BE35
10A1	N168NQ	CL60
10A7	N168NW	GLF6
10AB	N168P	ERCO
10AF	N168PD	B429
10B5	N168PK	GLF5
10C1	N168PX	C680
10D5	N168QS	GLEX
10DF	N168RB	RV4
10E3	N168RF	C208
10E4	N168RG	MA5
10E7	N168RK	R44
10F1	N168RV	P46T
10F7	N168SA	T206
10FA	N168SD	P210
1104	N168SP	BE60
1106	N168SR	SR20
1107	N168SS	GLID
1108	N168ST	B06
1109	N168SU	R44
110B	N168SW	CRJ2
110D	N168SY	E75L
1110	N168TA	C82T
1111	N168TB	B407
1112	N168TC	C82T
111B	N168TM	PULS
111F	N168TR	LJ35
1124	N168TW	SLG2
1125	N168TX	RV6
1126	N168TY	C510
1128	N168U	BE35
1136	N168UP	A306
115B	N168WA	C402
115D	N168WC	BE40
1162	N168WH	TAIL
116B	N168WS	G73
118C	N168Y	C172
11BD	N168ZZ	LJ60
11BF	N1680A	PA20
11C0	N1680B	L11
11C1	N1680C	C180
11C2	N1680D	C170
11C4	N1680F	C172
11C5	N1680G	CH7A
11C6	N1680H	P28R
11CD	N1680Q	C150
11CE	N1680R	C82R
11D8	N16801	FA24
11E4	N1681C	C180
11E5	N1681D	C170
11E6	N1681E	CH7A
11E7	N1681F	C172
11E8	N1681G	CH7A
11EF	N1681P	PA22
11F3	N1681T	SR22
11F4	N1681U	T210
11FA	N16810	B06
11FB	N16811	FA24
11FC	N16812	FA24
11FE	N16814	HIGH
1202	N16818	FA24
1205	N1682A	PA20
1207	N1682C	C180
120A	N1682F	C172
120B	N1682G	CH7A
120D	N1682J	P28A
1214	N1682R	C82R
1218	N1682V	C120
1219	N1682W	SBOY
121B	N1682Y	C172
121D	N16820	FA24
1220	N16823	FA24
1228	N1683A	PA20
122A	N1683C	C172
1238	N1683S	A660
123E	N1683Y	C172
123F	N1683Z	C185
1242	N16832	B06
1248	N16838	FA24
124C	N1684B	L11
124D	N1684C	C180
1250	N1684F	C172
1251	N1684G	CH7A
1252	N1684H	P28A
1253	N1684J	P28A
1258	N1684P	PA22
125F	N1684W	BE35
1261	N1684Y	C172
1262	N1684Z	C82S
1269	N16846	FA24
126B	N16848	FA24
126D	N1685	BEAR
1270	N1685C	C180
1274	N1685G	CH7B
127B	N1685P	PA22
127C	N1685Q	C150
127E	N1685S	BE9L
1281	N1685V	C140
128A	N16854	V10
128E	N16858	FA24
1291	N1686A	PA22
1292	N1686B	L11
1293	N1686C	C180
1295	N1686E	C172
1296	N1686F	C172
1299	N1686J	P28A
129C	N1686M	C185
129F	N1686Q	C150
12A4	N1686V	C120
12A7	N1686Y	C172
12A8	N1686Z	C185
12B5	N1687B	L11
12B6	N1687C	C172
12B9	N1687F	C172
12BA	N1687G	CH7B
12BC	N1687J	P28A
12C1	N1687P	PA22
12C8	N1687W	BE36
12C9	N1687X	T210
12CE	N16872	FA24
12D8	N1688B	CLON
12D9	N1688C	C172
12DA	N1688D	C170
12DB	N1688E	C172
12DC	N1688F	C172
12DE	N1688H	P28A
12DF	N1688J	P28A
12E0	N1688K	L8
12E6	N1688R	C185
12E8	N1688T	P28A
12EA	N1688V	C172
12EB	N1688W	BE35
12F5	N16886	O1
12FC	N1689C	T6
12FD	N1689D	C170
1301	N1689H	P28A
1302	N1689J	P28A
1305	N1689M	C182
130B	N1689T	P28A
1311	N1689Z	C185
1316	N16894	C172
1317	N16895	C172
131E	N169AA	B06
131F	N169AB	PA25
1323	N169AF	AVID
1326	N169AJ	C172
1329	N169AM	C172
132B	N169AP	CH60
132E	N169AS	RV7
1337	N169BA	DHC6
1338	N169BB	S22T
1339	N169BC	PA18
133A	N169BD	SA30
133C	N169BF	ACR2
1346	N169BR	RV4
1347	N169BS	SSTL
1348	N169BT	P28A
134B	N169BW	P32R
134E	N169BZ	LEG2
1350	N169CA	D228
1351	N169CB	C172
1353	N169CD	SR20
1355	N169CF	ACAM
135B	N169CM	PTS1
135D	N169CP	C82T
1360	N169CS	R44
1361	N169CT	FDCT
1368	N169D	T6
136A	N169DB	P28R
136C	N169DD	CH7B
1370	N169DH	E300
1372	N169DK	C310
1374	N169DM	PTS2
1376	N169DP	C182
1378	N169DR	BE9L
1379	N169DS	MT
137D	N169DW	SR22
1380	N169DZ	B763
1381	N169E	COUR
1383	N169EB	PA34
1384	N169EC	C72R
1392	N169ES	A169
1397	N169EX	E300
1399	N169EZ	CH7B
139F	N169FE	B763
13A5	N169FL	C177
13AB	N169FS	RV8
13AC	N169FT	C180
13B4	N169GA	RF6
13B6	N169GC	GB1
13BE	N169GL	B190
13C3	N169GR	BT36
13C4	N169GS	LGEZ
13CC	N169H	M20P
13CE	N169HB	BE20
13CF	N169HC	C172
13E6	N169JA	C182
13E9	N169JD	BE20
13EC	N169JG	CAMP
13F1	N169JM	P210
13F3	N169JP	P28R
13F5	N169JR	RV6
13F7	N169JT	AT8T
13FA	N169JW	C177
13FE	N169K	CAMP
1402	N169KD	C182
140F	N169KS	C414
1418	N169LA	BE58
141F	N169LH	P28A
1420	N169LJ	LJ60
1423	N169LM	GLID
1425	N169LP	C172
1430	N169M	E300
1435	N169ME	C172
1436	N169MF	C441
1438	N169MH	RV4
1439	N169MJ	RV8
143B	N169ML	MR25
1440	N169MR	S22T
1449	N169N	C180
144E	N169NE	C172
1462	N169P	BE35
1465	N169PC	CH7B
1469	N169PG	T210
146B	N169PJ	COL4
146C	N169PK	GLF4
1470	N169PP	C82R
1472	N169PR	J3
1473	N169PS	DV20
1495	N169RA	CH7A
1496	N169RB	T206
149F	N169RL	B06
14A4	N169RR	BE58
14A8	N169RV	RV9
14A9	N169RW	BE20
14B1	N169SD	GLF5
14B5	N169SH	LGEZ
14B9	N169SM	HIGH
14BB	N169SP	BE95
14BD	N169SR	SR20
14C0	N169SU	R44
14C2	N169SW	COL4
14C6	N169T	BOLT
14C7	N169TA	GA5C
14C9	N169TC	GLF4
14CC	N169TF	C185
14CD	N169TG	BE36
14CF	N169TJ	B407
14D7	N169TS	LGEZ
14DB	N169TW	SLG4
14DC	N169TX	C240
14DF	N169U	FOX
14ED	N169UP	A306
14F4	N169UW	A321
14F8	N169V	BE58
150A	N169VT	VELT
1519	N169WH	TAIL
1522	N169WS	ERCO
1526	N169WW	M4
152A	N169X	BOLT
152F	N169XE	ONEX
1535	N169XL	ALIG
1540	N169XX	SONX
1577	N1690B	L11
157A	N1690E	CH7A
157B	N1690F	C172
157F	N1690K	L8
1580	N1690L	C172
1583	N1690P	PA22
1584	N1690Q	C150
1585	N1690R	C185
1587	N1690T	P28A
158A	N1690W	BE35
158E	N16900	FA24
158F	N16901	FA24
1592	N16904	FA24
1598	N1691	GLID
1599	N1691A	PA22
159B	N1691C	C180
159C	N1691D	C170
159D	N1691E	CH7A
159E	N1691F	C172
159F	N1691G	CH7B
15A0	N1691H	P28R
15A1	N1691J	P28A
15A4	N1691M	RV6
15A5	N1691N	BL8
15A6	N1691P	PA22
15A8	N1691R	C82R
15B2	N16911	E145
15B8	N16917	C82S
15BA	N16919	E145
15BB	N1692	COUG
15BC	N1692A	PA22
15BD	N1692B	L11
15BE	N1692C	C180
15C1	N1692F	C172
15C2	N1692G	CH7B
15C4	N1692J	P28A
15C6	N1692L	C82S
15C7	N1692M	C185
15C9	N1692P	PA22
15D2	N1692Y	C172
15D4	N16920	B212
15DD	N16929	B06
15DF	N1693A	PA22
15E1	N1693C	C180
15E3	N1693E	CH7A
15E8	N1693K	L8
15EE	N1693R	C82R
15F0	N1693T	P28A
15F2	N1693V	DA40
15F3	N1693W	BE35
15F7	N16930	B212
15FC	N16935	J2
1606	N1694E	C172
160A	N1694J	P28A
160B	N1694K	L8
160C	N1694L	T206
1611	N1694R	C185
1616	N1694W	BE36
1624	N1695	RV9
1625	N1695A	PA22
1627	N1695C	C180
162B	N1695G	CH7A
162C	N1695H	P28A
162D	N1695J	P28A
1630	N1695M	C182
1633	N1695Q	C150
1634	N1695R	C82R
1638	N1695V	C140
1639	N1695W	BE35
1643	N16956	BE24
164A	N1696C	C180
164E	N1696G	CH7B
1650	N1696J	P28A
1657	N1696R	C82R
1659	N1696T	P28A
165B	N1696V	C120
165C	N1696W	BE33
165D	N1696X	C210
165E	N1696Y	C172
166A	N1697	G2T1
1671	N1697G	CH7A
1672	N1697H	P28A
1673	N1697J	P28A
1678	N1697P	PA22
1679	N1697Q	C150
167B	N1697S	A660
167F	N1697W	BE36
1681	N1697Y	C172
1684	N16971	J2
1689	N16976	E145
168D	N1698	SA30
1691	N1698D	C170
1696	N1698J	GLAS
169B	N1698P	PA22
169C	N1698Q	C150
169D	N1698R	C82R
16A2	N1698W	BE35
16A3	N1698X	C210
16A7	N16981	E145
16AD	N16987	E145
16B0	N1699	GLID
16B3	N1699C	C180
16B7	N1699G	CH7A
16B8	N1699H	P28A
16BB	N1699L	C82T
16BC	N1699M	C182
16C0	N1699R	C82R
16C2	N1699T	P28A
16C4	N1699V	C140
16C5	N1699W	BE36
16C8	N1699Z	C185
16D3	N17	BE9L
16D4	N17A	LJ35
16D6	N17AB	C210
16D7	N17AC	M20P
16D8	N17AD	M20P
16D9	N17AE	EA50
16DA	N17AF	PA23
16DC	N17AH	LJ25
16DD	N17AJ	COZY
16DE	N17AK	PA23
16DF	N17AL	JABI
16E0	N17AM	C414
16E1	N17AN	C56X
16E3	N17AQ	FA10
16E4	N17AR	P32R
16E5	N17AS	GLID
16E6	N17AT	BE76
16E7	N17AU	P32R
16E8	N17AV	P28A
16EA	N17AX	P28R
16EC	N17AZ	LJ35
16ED	N17B	GLID
16F0	N17BC	C188
16F1	N17BD	PA30
16F2	N17BE	LGEZ
16F3	N17BF	GLID
16F5	N17BH	C182
16F6	N17BJ	RV7
16FB	N17BP	BE95
16FD	N17BR	BE58
16FE	N17BS	C172
1702	N17BW	BE19
1704	N17BY	BL8
1705	N17BZ	EN28
1708	N17CB	BE35
1709	N17CC	BE35
170A	N17CD	BE36
170B	N17CE	B350
170C	N17CF	PTS2
170D	N17CG	GLAS
170F	N17CJ	T206
1710	N17CK	F406
1711	N17CL	P28A
1712	N17CM	PA30
1713	N17CN	PRM1
1714	N17CP	C425
1716	N17CR	PA24
1718	N17CT	GLAS
171B	N17CW	SRAI
171C	N17CX	SF50
1721	N17DB	E55P
1722	N17DC	BE35
1724	N17DE	B407
1725	N17DF	B407
1729	N17DK	M20P
172A	N17DL	AC50
172B	N17DM	C77R
172C	N17DN	RV4
172D	N17DP	PC12
172E	N17DQ	FA20
1730	N17DS	SA30
1731	N17DT	S22T
1736	N17DY	E300
1739	N17EA	BE36
173C	N17ED	C56X
173F	N17EG	RV8
1740	N17EH	BE20
1741	N17EJ	C680
1743	N17EL	RV6
1744	N17EM	R44
1745	N17EN	H25B
1746	N17EP	SRAI
1748	N17ER	RV12
1749	N17ES	BE58
174D	N17EW	GLID
1750	N17EZ	VEZE
1751	N17F	PA23
1753	N17FB	COY2
1754	N17FC	C182
1756	N17FE	BE35
1759	N17FH	H60
175A	N17FJ	GLF5
175D	N17FM	M20P
1761	N17FR	M7
1762	N17FS	C550
1763	N17FT	RV6
1765	N17FV	P28R
1768	N17FY	WAIX
176A	N17G	CRUZ
176C	N17GB	BE17
176D	N17GC	PTS1
176F	N17GE	RV6
1771	N17GG	BE30
1772	N17GH	GLID
1774	N17GK	PA18
1775	N17GL	BE17
1776	N17GM	C172
1777	N17GN	C207
1778	N17GP	BE58
177A	N17GR	SASY
177C	N17GT	AA5
177E	N17GV	BE36
177F	N17GW	C310
1783	N17H	B47G
1784	N17HA	PC24
1785	N17HB	RV7
1787	N17HD	P32R
178A	N17HG	MU2
178B	N17HH	RV7
178C	N17HJ	HDJT
178E	N17HL	C421
1791	N17HP	C82T
1792	N17HQ	MG17
1794	N17HS	C210
1795	N17HT	M20P
1797	N17HV	ECHO
1798	N17HW	GLIM
1799	N17HX	UH1
179A	N17HY	HUSK
179B	N17HZ	C172
179F	N17JC	CH7B
17A0	N17JD	ERCO
17A1	N17JE	C402
17A2	N17JF	AC11
17A5	N17JJ	LEG2
17A6	N17JK	BE36
17A7	N17JL	MG17
17AD	N17JS	GLF6
17B0	N17JV	GLIM
17B1	N17JW	RV4
17B3	N17JY	C210
17B6	N17KA	CH2T
17B9	N17KD	S22T
17BA	N17KE	SR22
17BB	N17KF	CC11
17BC	N17KG	BE95
17BD	N17KH	BL8
17BF	N17KK	BE9L
17C5	N17KR	BE95
17C6	N17KS	GLIM
17C8	N17KU	CL35
17CA	N17KW	GLF4
17CB	N17KX	GLID
17CE	N17L	GLST
17CF	N17LA	B412
17D1	N17LC	BE95
17D2	N17LD	RV6
17D4	N17LF	P28A
17D5	N17LG	BE95
17D6	N17LH	P46T
17D7	N17LJ	C25A
17D8	N17LK	GLF2
17DB	N17LN	MT
17DC	N17LP	C550
17E2	N17LV	BE36
17E3	N17LW	RV7
17E4	N17LX	LNC4
17E8	N17MA	BE35
17EA	N17MC	PA32
17EB	N17MD	PA32
17EC	N17ME	M20P
17EF	N17MH	C340
17F2	N17ML	GLAS
17F3	N17MM	C182
17F4	N17MN	BE58
17F5	N17MP	PTS1
17F6	N17MQ	UH12
17F7	N17MR	HUSK
17F8	N17MS	P28R
17FB	N17MV	C172
1800	N17N	ST75
1801	N17NA	P28A
1805	N17NE	PA18
1806	N17NF	C206
1807	N17NG	PA46
1808	N17NH	J3
1809	N17NJ	C172
180A	N17NK	RV7
180B	N17NL	E300
180C	N17NM	BE9L
180D	N17NN	C650
1810	N17NR	B06
1811	N17NS	M20P
1814	N17NV	PA12
1815	N17NW	C414
1816	N17NX	B06
181A	N17PA	P180
181C	N17PC	PA22
181E	N17PE	EAGL
1823	N17PK	BE35
1824	N17PL	P46T
1825	N17PM	M20P
1827	N17PP	ACR2
1828	N17PQ	RV4
182A	N17PS	PA31
182B	N17PT	RV4
182E	N17PW	PTS2
182F	N17PX	PA18
1831	N17PZ	P28A
1835	N17QC	C25B
1836	N17QD	VELO
1849	N17QY	PA34
184B	N17R	WAIX
184C	N17RA	M20P
184D	N17RB	J3
1850	N17RE	BE33
1853	N17RH	BOLT
1856	N17RL	VEZE
1857	N17RM	H25B
1858	N17RN	P28A
1859	N17RP	C510
185B	N17RR	C152
185D	N17RT	PTS1
185F	N17RV	RV3
1860	N17RW	GLIM
1861	N17RX	GLF5
1864	N17S	GLAS
1867	N17SC	ST75
1869	N17SE	PC12
186A	N17SF	BE17
186C	N17SH	SPHA
186D	N17SJ	C172
186F	N17SL	HUSK
1870	N17SM	C172
1871	N17SN	SR22
1872	N17SP	B407
1873	N17SQ	GA7
1874	N17SR	C185
1875	N17SS	B47G
1877	N17SU	SR20
1879	N17SW	BE17
187A	N17SX	SONX
187C	N17SZ	GLID
187D	N17T	C337
187E	N17TA	PA24
187F	N17TB	C170
1880	N17TC	C210
1881	N17TD	GLID
1882	N17TE	CL60
1883	N17TF	T6
1884	N17TG	RV4
1886	N17TJ	C441
1887	N17TK	BE60
188D	N17TR	C510
188E	N17TS	SREY
1891	N17TV	H25B
1892	N17TW	B06
1893	N17TX	C560
1896	N17U	C310
1898	N17UB	L8
1899	N17UC	CL30
18A0	N17UK	SR22
18A4	N17UP	C172
18A6	N17UR	C180
18A7	N17US	BE36
18B0	N17VA	BE20
18B1	N17VB	C25A
18B2	N17VC	BE9L
18B4	N17VE	GLST
18B5	N17VF	RV10
18B6	N17VG	PA17
18B7	N17VH	EXEC
18B8	N17VJ	RAF2
18BB	N17VM	BE35
18BD	N17VP	SSTL
18C1	N17VT	L90
18C3	N17VV	SW3
18C8	N17W	B17
18C9	N17WA	RV9
18CB	N17WC	BE30
18CD	N17WE	PA23
18CE	N17WF	BE35
18CF	N17WG	BE20
18D1	N17WJ	M20P
18D2	N17WK	HUSK
18D3	N17WL	WHIL
18D5	N17WN	BE36
18D6	N17WP	BE95
18D9	N17WS	S108
18DF	N17WY	SA50
18E0	N17WZ	BE36
18E4	N17XC	CC19
18E7	N17XF	FA7X
18E8	N17XG	CRER
18EB	N17XK	WACF
18F1	N17XR	C750
18F2	N17XS	CRER
18F3	N17XT	KR2
18FC	N17YB	EN28
18FD	N17YC	GLID
1904	N17YK	YK55
1905	N17YL	BE30
190A	N17YR	C82T
190B	N17YS	H269
1911	N17YY	CRER
1914	N17ZA	YAK3
1916	N17ZC	SR20
1918	N17ZE	R44
1921	N17ZP	C680
192B	N17ZZ	GLIM
192C	N170	C170
192D	N170A	C170
1930	N170AC	C182
1932	N170AE	B733
1934	N170AG	C170
1937	N170AK	C170
1939	N170AM	B06
193D	N170AR	C170
193E	N170AS	C170
193F	N170AT	C172
1941	N170AV	AVTR
1942	N170AW	C170
1945	N170AZ	C170
1946	N170B	C170
1947	N170BA	H269
1948	N170BB	C170
194B	N170BE	C170
194F	N170BJ	C170
1950	N170BK	C170
1951	N170BL	C172
1956	N170BR	LNP4
1957	N170BS	C170
1958	N170BT	C170
195B	N170BW	ST75
1961	N170CB	KMAX
1963	N170CD	SR20
1965	N170CF	C170
196A	N170CL	C170
196D	N170CP	C170
1971	N170CT	S22T
1974	N170CW	C170
1978	N170D	C170
197E	N170DF	C170
197F	N170DG	C170
1983	N170DL	SR22
1984	N170DM	C170
1986	N170DP	C170
1988	N170DR	GLID
1989	N170DS	DA40
198D	N170DW	C170
1992	N170EA	EA50
1993	N170EB	P337
1994	N170EC	C170
1999	N170EH	E170
199A	N170EJ	SR22
19AA	N170F	C170
19AF	N170FE	B763
19B0	N170FF	GLID
19B6	N170FM	C170
19C3	N170G	C170
19C4	N170GA	C170
19C6	N170GC	C170
19CE	N170GL	B190
19CF	N170GM	PA18
19E2	N170HF	B47G
19EA	N170HP	BE33
19EC	N170HR	A109
19ED	N170HS	PA34
19EE	N170HT	C170
19F5	N170J	C170
19F6	N170JA	C170
19F7	N170JB	C170
19F8	N170JC	BE20
19FA	N170JE	C170
19FC	N170JG	C170
19FF	N170JK	C170
1A00	N170JL	C170
1A05	N170JR	C170
1A07	N170JT	C170
1A0A	N170JW	C170
1A10	N170KB	C170
1A11	N170KC	CH64
1A16	N170KH	C170
1A1A	N170KM	C170
1A1F	N170KS	C150
1A20	N170KT	C170
1A23	N170KW	C170
1A27	N170L	C170
1A28	N170LA	P46T
1A2A	N170LC	C170
1A2C	N170LE	C170
1A2E	N170LG	BE18
1A2F	N170LH	P28A
1A33	N170LM	C170
1A38	N170LS	LJ45
1A40	N170M	BE35
1A41	N170MA	DA40
1A42	N170MB	C170
1A43	N170MC	BK17
1A46	N170MF	SYMP
1A4B	N170ML	CH7A
1A4C	N170MM	MIMU
1A50	N170MR	C25A
1A51	N170MS	C170
1A53	N170MU	C25A
1A54	N170MV	CH75
1A55	N170MW	C170
1A59	N170N	C170
1A61	N170NH	FOX
1A6F	N170NX	ONEX
1A73	N170PA	G159
1A74	N170PB	C170
1A75	N170PC	JS31
1A76	N170PD	R66
1A79	N170PG	SR20
1A7C	N170PK	GLST
1A80	N170PP	C170
1A81	N170PQ	CRJ9
1A82	N170PR	C170
1A83	N170PS	C170
1A84	N170PT	C170
1A89	N170PY	C170
1A8B	N170Q	EN28
1AA4	N170R	QIC2
1AA5	N170RA	C525
1AA6	N170RB	C172
1AA9	N170RE	C170
1AAC	N170RH	C170
1AAF	N170RL	BE20
1AB0	N170RM	NPOR
1AB2	N170RP	C170
1AB5	N170RS	C170
1AB9	N170RW	C170
1ABD	N170S	BE17
1ABF	N170SB	C170
1AC0	N170SC	B06
1AC2	N170SE	BE9L
1AC4	N170SG	SR22
1AC5	N170SH	FOUG
1AC6	N170SJ	C170
1AC7	N170SK	C172
1AC8	N170SL	C170
1ACB	N170SP	C172
1ACD	N170SR	SR22
1ACE	N170SS	B47G
1ACF	N170ST	C170
1AD0	N170SU	C152
1AD4	N170SY	E75L
1AD6	N170T	PA18
1AD7	N170TA	PA23
1AD8	N170TB	PA34
1AD9	N170TC	C170
1ADA	N170TD	C170
1AE2	N170TM	C25A
1AE4	N170TP	C170
1AE9	N170TU	P06T
1AEF	N170U	C170
1AFD	N170UP	A306
1B00	N170US	A321
1B04	N170UW	C170
1B08	N170V	C170
1B1D	N170VW	C170
1B24	N170WC	CL35
1B27	N170WF	BE9L
1B2C	N170WL	P68
1B31	N170WR	C170
1B32	N170WS	C170
1B33	N170WT	PA12
1B38	N170WY	C170
1B51	N170XY	E75L
1B53	N170Y	C170
1B85	N1700	AEST
1B87	N1700B	BE35
1B88	N1700C	C180
1B89	N1700D	C170
1B8A	N1700E	CH7A
1B8E	N1700J	P28A
1B91	N1700M	C337
1B94	N1700Q	C150
1B97	N1700T	P28A
1B9B	N1700X	BE35
1B9F	N17001	C150
1BA0	N17002	B78X
1BA2	N17004	C150
1BA7	N17009	C150
1BA8	N1701	C172
1BA9	N1701A	PA18
1BAB	N1701C	LNC2
1BAC	N1701D	M20P
1BAD	N1701E	P32R
1BB0	N1701H	CH7B
1BB2	N1701K	FOX
1BB3	N1701L	KR2
1BB6	N1701P	PA22
1BB7	N1701Q	C150
1BB8	N1701R	C185
1BB9	N1701S	FOX
1BBA	N1701T	P28A
1BBC	N1701V	C172
1BC0	N1701Z	RV4
1BC1	N17010	VELO
1BC2	N17011	C82T
1BC5	N17014	C150
1BC6	N17015	B78X
1BC7	N17016	C150
1BC8	N17017	B78X
1BCA	N17019	C177
1BCD	N1702B	ST75
1BCE	N1702C	C180
1BD0	N1702E	C172
1BD3	N1702H	P28A
1BD7	N1702M	ST75
1BDA	N1702Q	C150
1BDB	N1702R	C82R
1BDD	N1702T	BE95
1BDF	N1702V	C172
1BEF	N1703A	PA22
1BF3	N1703E	CH7A
1BF7	N1703J	P28A
1BFA	N1703M	C182
1BFB	N1703N	C120
1BFC	N1703P	PA22
1BFD	N1703Q	C150
1C00	N1703T	P28A
1C03	N1703W	BE35
1C0A	N17033	C150
1C15	N1704D	C170
1C17	N1704F	FOX
1C1D	N1704M	ST75
1C23	N1704T	P28A
1C24	N1704U	C207
1C25	N1704V	C140
1C26	N1704W	BE95
1C2D	N17043	C150
1C2F	N17045	C150
1C33	N17049	C177
1C34	N1705	MG17
1C36	N1705B	ST75
1C37	N1705C	C68A
1C38	N1705D	C170
1C3A	N1705F	C172
1C3B	N1705G	BE35
1C3D	N1705J	P28A
1C40	N1705M	P28R
1C44	N1705R	C82R
1C46	N1705T	P28A
1C48	N1705V	C172
1C4C	N1705Z	CH7B
1C4D	N17050	C177
1C4E	N17051	CMAS
1C4F	N17052	C177
1C50	N17053	C170
1C52	N17055	P06T
1C54	N17057	CMAS
1C55	N17058	GLST
1C56	N17059	C82R
1C59	N1706B	PA12
1C5B	N1706D	C170
1C5C	N1706E	CH7A
1C5E	N1706G	BE95
1C60	N1706J	P28A
1C63	N1706M	C337
1C69	N1706T	P28A
1C6B	N1706V	C140
1C6C	N1706W	BE36
1C70	N17060	C150
1C71	N17061	BE17
1C75	N17065	C150
1C79	N17069	C150
1C7A	N1707	M20P
1C7B	N1707A	PA22
1C7E	N1707D	C170
1C80	N1707F	C172
1C82	N1707H	P28R
1C84	N1707K	L8
1C86	N1707M	ST75
1C89	N1707Q	C150
1C8B	N1707S	DA40
1C8C	N1707T	PA23
1C8F	N1707W	BE36
1C94	N17071	BE17
1C95	N17072	BE17
1C96	N17073	BE17
1C97	N17074	BE17
1C9A	N17077	C150
1C9B	N17078	BE17
1C9C	N17079	P28A
1C9E	N1708A	RV8
1C9F	N1708B	ST75
1CA0	N1708C	C180
1CA3	N1708F	C172
1CAB	N1708P	PA22
1CAC	N1708Q	C150
1CAD	N1708R	C185
1CAF	N1708T	P28A
1CB0	N1708U	C120
1CB1	N1708V	C120
1CB2	N1708W	BE35
1CB5	N1708Z	C336
1CB6	N17080	PA18
1CB8	N17082	BE17
1CB9	N17083	BE17
1CBB	N17085	DC10
1CBC	N17086	CMAS
1CC1	N1709A	B763
1CC3	N1709C	C180
1CC9	N1709J	P28A
1CD2	N1709T	C82T
1CD9	N17090	CMAS
1CDA	N17091	C177
1CE1	N17098	C150
1CE4	N171A	EXEC
1CE5	N171AA	C510
1CE6	N171AB	RV8
1CEB	N171AG	MT
1CEE	N171AK	GLID
1CF0	N171AM	CL60
1CF4	N171AR	LJ31
1CF5	N171AS	C172
1CF6	N171AT	AC80
1CF8	17-01609	DH8C
1CFC	N171AZ	E170
1CFE	N171BA	T28
1D00	N171BC	T210
1D05	N171BH	COZY
1D08	N171BL	DA40
1D12	N171BW	G164
1D16	N171C	S108
1D17	N171CA	PA44
1D18	N171CB	DA40
1D1A	N171CD	SR20
1D1B	N171CE	BE36
1D1F	N171CJ	B190
1D20	N171CK	RV10
1D22	N171CM	RV8
1D24	N171CP	C172
1D26	N171CR	BL8
1D27	N171CS	C240
1D2F	N171D	DEFI
1D32	N171DC	BE20
1D35	N171DF	BE58
1D36	N171DG	TAIL
1D37	N171DH	EN28
1D3A	N171DL	GLAS
1D3B	N171DM	GLID
1D3C	N171DN	B763
1D3F	N171DR	DR1
1D40	N171DS	OSCR
1D47	N171DZ	B763
1D48	N171E	TAIL
1D51	N171EJ	RV6
1D56	N171EP	P28A
1D59	N171ES	C182
1D5E	N171EX	FA7X
1D61	N171F	BE95
1D63	N171FB	BE95
1D6C	N171FL	CVLP
1D72	N171FS	SONX
1D7A	N171G	P32R
1D7B	N171GA	GA7C
1D7C	N171GB	GB1
1D7D	N171GC	DHC6
1D8B	N171GS	M5
1D8C	N171GT	E300
1D93	N171H	BE35
1D95	N171HB	CH7A
1D9B	N171HH	EN28
1DA1	N171HP	P46T
1DA4	N171HS	M7
1DA5	N171HT	SR22
1DAB	N171HZ	S22T
1DAC	N171J	BE35
1DAE	N171JB	P28R
1DAF	N171JC	GLF4
1DB0	N171JD	BE95
1DB3	N171JG	PTMS
1DB4	N171JH	SF50
1DBA	N171JP	PA31
1DBC	N171JR	PTS2
1DBD	N171JS	C340
1DC0	N171JV	GLST
1DC5	N171K	EFOX
1DCF	N171KK	FOX
1DD6	N171KS	C210
1DD7	N171KT	RV7
1DDE	N171L	WACF
1DEC	N171LP	C82S
1DF8	N171MA	SR22
1DFA	N171MC	MA5
1DFB	N171MD	H25B
1DFC	N171ME	C172
1DFD	N171MF	LEG2
1DFF	N171MH	C82R
1E01	N171MK	LNC4
1E02	N171ML	COZY
1E03	N171MM	LGEZ
1E05	N171MP	SR22
1E08	N171MS	BE9L
1E0B	N171MV	TBM9
1E2A	N171PA	G159
1E2B	N171PB	BE36
1E2D	N171PD	EC45
1E2F	N171PF	BT36
1E34	N171PL	KMAX
1E3A	N171PS	DA40
1E42	N171Q	C172
1E5C	N171RA	C172
1E5D	N171RB	NG5
1E64	N171RJ	C150
1E66	N171RL	B06
1E67	N171RM	T206
1E69	N171RP	BE35
1E6C	N171RS	T206
1E74	N171S	EVOT
1E75	N171SA	B06
1E76	N171SB	BLKS
1E77	N171SC	C172
1E7A	N171SF	DA40
1E7C	N171SH	R44
1E7E	N171SK	C172
1E82	N171SP	C82T
1E84	N171SR	SR22
1E85	N171SS	GLID
1E86	N171ST	C82S
1E87	N171SU	S22T
1E8B	N171SY	E75L
1E8F	N171TB	COL3
1E91	N171TD	SR22
1E94	N171TG	FA50
1E96	N171TJ	P210
1E99	N171TM	T210
1E9B	N171TP	RV9
1E9E	N171TS	SR22
1EA2	N171TW	P32R
1EA3	N171TX	S22T
1EA6	N171U	C82R
1EA7	N171UA	B744
1EB4	N171UP	A306
1EB7	N171US	A321
1EB8	N171UT	C510
1EC0	N171VA	C172
1ED1	N171VT	SR22
1ED8	N171W	SRAI
1ED9	N171WA	P28A
1EDA	N171WB	C182
1EDB	N171WC	R44
1EE1	N171WJ	C501
1EE4	N171WM	PA23
1EEA	N171WT	R44
1EF1	N171X	BE35
1F07	N171XX	GLIM
1F0A	N171Y	BE35
1F23	N171Z	AC50
1F3C	N1710	MG17
1F3D	N1710A	BE58
1F3F	N1710C	C180
1F42	N1710F	C172
1F43	N1710G	C82T
1F44	N1710H	C310
1F45	N1710J	P28A
1F4E	N1710T	P28A
1F50	N1710V	C140
1F56	N17101	C150
1F57	N17102	C177
1F59	N17104	B752
1F5A	N17105	B752
1F5B	N17106	C150
1F5C	N17107	RELI
1F5D	N17108	E45X
1F5F	N1711	DSA1
1F62	N1711C	C180
1F69	N1711K	L8
1F6E	N1711Q	QIC2
1F6F	N1711R	TS11
1F71	N1711T	P28B
1F73	N1711V	BE95
1F74	N1711W	C182
1F7A	N17112	ST75
1F7B	N17113	SR22
1F7D	N17115	E45X
1F7E	N17116	RELI
1F80	N17118	RELI
1F81	N17119	RELI
1F84	N1712B	ST75
1F85	N1712C	C180
1F86	N1712D	C170
1F87	N1712E	CH7A
1F8A	N1712H	C310
1F8B	N1712J	P28A
1F8C	N1712K	L8
1F8F	N1712N	C120
1F91	N1712Q	C150
1F93	N1712S	C82T
1F94	N1712T	P28A
1F9D	N17122	B752
1F9E	N17123	P32R
1F9F	N17124	RELI
1FA1	N17126	B752
1FA3	N17128	B752
1FA4	N17129	UH12
1FA8	N1713C	C82T
1FAA	N1713E	CH7A
1FAC	N1713G	BE35
1FAD	N1713H	S22T
1FAE	N1713J	P28A
1FAF	N1713K	L8
1FB1	N1713M	C337
1FB3	N1713P	MG17
1FB4	N1713Q	C150
1FB5	N1713R	C82R
1FB9	N1713V	C172
1FC0	N17132	C82R
1FC1	N17133	B752
1FC2	N17134	C150
1FC4	N17136	C150
1FC5	N17137	C177
1FC6	N17138	E45X
1FC7	N17139	B752
1FC9	N1714A	RV14
1FCA	N1714B	PA18
1FCB	N1714C	C180
1FCC	N1714D	C170
1FCD	N1714E	CH7A
1FCF	N1714G	BE35
1FD0	N1714H	C208
1FD1	N1714J	P28A
1FD4	N1714M	ST75
1FD7	N1714Q	C150
1FDA	N1714T	C172
1FE1	N17140	C150
1FE2	N17141	C150
1FE3	N17142	C177
1FE4	N17143	C150
1FE5	N17144	RELI
1FE7	N17146	E45X
1FE9	N17148	C150
1FEA	N17149	RELI
1FEB	N1715	GLID
1FED	N1715B	ST75
1FEE	N1715C	C180
1FEF	N1715D	C170
1FF0	N1715E	CH7A
1FF1	N1715F	C172
1FF5	N1715K	L8
1FF6	N1715L	T206
1FF7	N1715M	ST75
1FF8	N1715N	C120
1FFD	N1715T	C172
2000	N1715W	BE33
2002	N1715Y	PA23
200A	N17156	CRJ2
200D	N17159	E45X
200F	N1716A	PA22
2011	N1716C	C180
2013	N1716E	C310
2016	N1716H	P32R
2017	N1716J	P28A
201A	N1716M	J3
201C	N1716P	PA22
201E	N1716R	C82R
2020	N1716T	P28A
2024	N1716X	C210
202E	N17167	H500
2030	N17169	E45X
2031	N1717	ACRO
2032	N1717A	PA22
2038	N1717G	RV7
203B	N1717K	L8
203C	N1717L	M20P
203E	N1717N	C120
2042	N1717S	BE58
2046	N1717W	BE35
2047	N1717X	T210
2048	N1717Y	T206
204A	N17170	C150
204B	N17171	J3
204C	N17172	C177
204D	N17173	C177
204E	N17174	C150
2050	N17176	C150
2051	N17177	C177
2053	N17179	RELI
2055	N1718A	PC24
2058	N1718D	C170
2059	N1718E	C310
205B	N1718G	BE35
205C	N1718H	C310
205D	N1718J	AC11
2060	N1718M	L5
2062	N1718P	PA22
2063	N1718Q	C150
2064	N1718R	C185
2066	N1718T	Y18T
206D	N17180	C180
206E	N17181	C150
2072	N17185	E45X
2073	N17186	C177
2074	N17187	C177
2076	N17189	C177
2079	N1719B	ST75
207D	N1719F	C172
2083	N1719M	CH7A
2086	N1719Q	C150
2090	N17190	RELI
2095	N17195	RELI
2096	N17196	E45X
2097	N17197	RELI
2098	N17198	RELI
209A	N172	T18
209B	N172A	C172
209C	N172AA	C180
209E	N172AC	S64
209F	N172AD	C172
20A0	N172AE	AS50
20A1	N172AF	PC12
20A4	N172AJ	B752
20A5	N172AK	C172
20A7	N172AM	C172
20A9	N172AP	C172
20AB	N172AR	C172
20AD	N172AT	C172
20AF	N172AV	C172
20B4	N172B	C172
20B5	N172BA	C172
20B6	N172BB	C172
20B7	N172BC	C172
20B8	N172BD	C72R
20B9	N172BE	C172
20BA	N172BF	C72R
20BC	N172BH	C172
20BE	N172BK	C172
20BF	N172BL	C172
20C0	N172BM	C172
20C1	N172BN	C172
20C4	N172BR	C172
20C5	N172BS	C172
20C6	N172BT	C172
20C9	N172BW	C172
20CA	N172BX	C172
20CE	N172CA	C172
20CF	N172CB	C172
20D0	N172CC	C172
20D1	N172CD	C172
20D3	N172CF	C172
20D4	N172CG	C172
20D5	N172CH	C172
20D6	N172CJ	C172
20D7	N172CK	C172
20D8	N172CL	C172
20DA	N172CN	C172
20DB	N172CP	C172
20E2	N172CW	C172
20E4	N172CY	C172
20E6	N172D	GLAS
20E7	N172DA	C172
20E8	N172DB	C172
20EA	N172DD	C172
20EC	N172DF	C172
20EE	N172DH	BE58
20F0	N172DK	C172
20F1	N172DL	C172
20F2	N172DM	C172
20F3	N172DN	B763
20F4	N172DP	C72R
20F6	N172DR	C72R
20F8	N172DT	C172
20FA	N172DV	C172
20FE	N172DZ	B763
20FF	N172E	C172
2101	N172EB	C172
2102	N172EC	C172
2103	N172ED	C172
2104	N172EE	BE99
2105	N172EF	C72R
2106	N172EG	C172
210A	N172EL	C172
210B	N172EM	C172
210D	N172EP	C172
210E	N172EQ	C172
210F	N172ER	TAMP
2110	N172ES	C172
2114	N172EW	C172
2115	N172EX	GALX
2117	N172EZ	C172
2118	N172F	C172
2119	N172FA	C172
211B	N172FC	C172
211C	N172FD	C172
211D	N172FE	B763
2122	N172FK	C172
2124	N172FM	C172
2125	N172FN	C72R
2126	N172FP	C172
2128	N172FR	C172
212A	N172FT	C172
212D	N172FW	C72R
212E	N172FX	C172
2131	N172G	C172
2132	N172GA	B190
2133	N172GB	C172
2134	N172GC	C172
2137	N172GF	C172
2138	N172GG	C172
2139	N172GH	C72R
213B	N172GK	C172
213C	N172GL	C172
213D	N172GM	C172
213E	N172GN	C172
2141	N172GR	C172
2143	N172GT	C172
2145	N172GV	C172
2146	N172GW	C172
2147	N172GX	C172
214A	N172H	C172
214E	N172HD	C172
2150	N172HF	C172
2151	N172HG	C172
2155	N172HL	C172
2158	N172HP	C72R
215A	N172HR	C172
215F	N172HW	C172
2160	N172HX	C172
2163	N172J	SA30
2164	N172JA	C172
2165	N172JB	C172
2167	N172JD	C172
2168	N172JE	C72R
216A	N172JG	C172
216B	N172JH	C172
216C	N172JJ	C172
216D	N172JK	C172
216E	N172JL	C172
216F	N172JM	C172
2171	N172JP	C72R
2174	N172JS	PC12
2175	N172JT	C172
2177	N172JV	C172
217C	N172K	C172
217D	N172KA	C72R
217E	N172KB	C172
217F	N172KC	C172
2180	N172KD	C172
2183	N172KG	C172
2185	N172KJ	C172
2186	N172KK	C72R
218A	N172KP	C172
218C	N172KR	C172
218D	N172KS	C172
2191	N172KW	C172
2196	N172LA	VAMP
2197	N172LB	RV12
2198	N172LC	C172
219B	N172LF	C172
219C	N172LG	C172
219E	N172LJ	C172
219F	N172LK	C72R
21A1	N172LM	FDCT
21A2	N172LN	C172
21A5	N172LR	C172
21AA	N172LW	C172
21AF	N172MA	P46T
21B0	N172MB	C172
21B1	N172MC	C172
21B2	N172MD	C172
21B3	N172ME	C172
21B6	N172MH	C172
21B8	N172MK	C172
21B9	N172ML	C172
21BA	N172MM	C72R
21BC	N172MP	C172
21BE	N172MR	C172
21BF	N172MS	C172
21C0	N172MT	C172
21C4	N172MX	C172
21C5	N172MY	C172
21C6	N172MZ	DA40
21C7	N172N	C172
21CA	N172NC	C172
21CB	N172ND	P28R
21CD	N172NF	C172
21D5	N172NP	C172
21D8	N172NS	C172
21DD	N172NX	C172
21E1	N172PA	C172
21E2	N172PB	PC12
21E5	N172PE	C72R
21E6	N172PF	C172
21E7	N172PG	C172
21E8	N172PH	C172
21E9	N172PJ	C172
21EA	N172PK	C172
21EB	N172PL	C172
21EC	N172PM	C172
21F0	N172PR	C172
21F1	N172PS	C172
21F2	N172PT	C172
21F4	N172PV	C172
21F5	N172PW	C172
21F9	N172Q	BE35
220E	N172QW	C172
2212	N172R	C172
2213	N172RA	C172
2214	N172RB	C172
2215	N172RC	C72R
2216	N172RD	C172
2217	N172RE	C172
2218	N172RF	C172
2219	N172RG	C72R
221A	N172RH	C172
221B	N172RJ	C172
221C	N172RK	C172
2222	N172RR	C172
2223	N172RS	C172
2226	N172RV	C172
2227	N172RW	C172
222C	N172SA	C172
222D	N172SB	C172
2230	N172SE	C172
2231	N172SF	C72R
2232	N172SG	C172
2234	N172SJ	C72R
2235	N172SK	C172
2237	N172SM	UH12
2238	N172SN	C172
2239	N172SP	C172
223B	N172SR	C172
223C	N172SS	C172
2241	N172SX	C172
2243	N172SZ	C172
2244	N172T	PA18
2245	N172TA	C72R
2246	N172TB	C172
2247	N172TC	C172
2248	N172TD	C172
224B	N172TG	C172
224C	N172TH	C172
224E	N172TK	C172
224F	N172TL	C172
2250	N172TM	C172
2251	N172TN	C172
2252	N172TP	C172
2253	N172TQ	C72R
2254	N172TR	C172
2255	N172TS	C172
2256	N172TT	C172
2259	N172TW	C172
2260	N172UC	C172
2263	N172UF	C172
226B	N172UP	A306
226E	N172US	A321
2275	N172UZ	C172
2280	N172VK	C172
2281	N172VL	C172
2288	N172VT	C172
228B	N172VW	C172
228D	N172VY	C172
228F	N172W	C172
2290	N172WA	C172
2291	N172WB	C172
2294	N172WE	C172
2295	N172WF	C172
2296	N172WG	C72R
2297	N172WH	C172
2298	N172WJ	C172
2299	N172WK	C172
229A	N172WL	C172
229B	N172WM	C172
229C	N172WN	C172
229D	N172WP	C172
229F	N172WR	C172
22A3	N172WV	C172
22A4	N172WW	C172
22A6	N172WY	C72R
22A8	N172X	BE35
22B6	N172XP	C172
22BE	N172XX	C172
22C1	N172Y	C172
22C2	N172YA	C172
22C9	N172YH	C172
22D8	N172YY	C172
22DA	N172Z	C172
22E0	N172ZF	C172
22E1	N172ZG	C72R
22F3	N1720	GLID
22F5	N1720B	ST75
22F7	N1720D	C170
22FA	N1720G	BE35
2305	N1720T	P28A
2307	N1720V	C140
2309	N1720X	C210
230B	N1720Z	C172
230C	N17200	C150
230F	N17203	C150
2310	N17204	C177
2311	N17205	C150
2316	N1721	BE36
2318	N1721B	RV8
2319	N1721C	C180
231C	N1721F	C172
231D	N1721G	BE35
2320	N1721K	L8
2323	N1721N	C120
2326	N1721R	C82R
2327	N1721S	RV7
232A	N1721V	C120
232F	N17210	C150
2330	N17211	ST75
2332	N17213	ST75
2337	N17218	C150
2338	N17219	C177
233B	N1722B	ST75
233C	N1722C	C180
233F	N1722F	C172
2341	N1722H	C310
2342	N1722J	P28A
2343	N1722K	L8
2347	N1722P	RV12
2349	N1722R	C82R
234A	N1722S	C172
234B	N1722T	BE35
234D	N1722V	C140
2352	N17220	J2
2353	N17221	C150
2354	N17222	C172
2355	N17223	C172
2358	N17226	TAYB
235B	N17229	B738
235E	N1723B	T206
235F	N1723C	C180
2363	N1723G	BE35
2364	N1723H	P32R
2365	N1723J	AC11
2367	N1723L	C172
2368	N1723M	C337
236A	N1723P	PA22
236B	N1723Q	C150
2370	N1723V	C172
2375	N17230	C150
2378	N17233	B738
2379	N17234	J2
237D	N17238	B06
2380	N1724A	PA22
2382	N1724C	C180
2383	N1724D	S22T
2384	N1724E	CH7A
2385	N1724F	C172
2386	N1724G	BE35
2388	N1724J	P28A
2389	N1724K	C172
238A	N1724L	C82T
238B	N1724M	C337
238C	N1724N	C120
238F	N1724R	C82R
2391	N1724T	C210
2392	N1724U	C172
2395	N1724X	SR22
2396	N1724Y	C172
239C	N17244	B738
239D	N17245	B738
239F	N17247	J2
23A5	N1725C	C180
23A6	N1725D	C170
23A8	N1725F	C172
23AB	N1725J	P28A
23AD	N1725L	C82T
23AE	N1725M	C182
23B4	N1725T	P28A
23B7	N1725W	BE35
23BA	N1725Z	C336
23BC	N17251	C150
23BF	N17254	B38M
23C1	N17256	C150
23C2	N17257	C150
23C3	N17258	C150
23C4	N17259	C150
23CA	N1726E	CH7A
23D1	N1726M	MG17
23D2	N1726N	C120
23D3	N1726P	PA22
23D5	N1726R	C185
23D7	N1726T	C172
23DE	N17260	C150
23E0	N17262	B38M
23E1	N17263	C150
23E2	N17264	B38M
23E3	N17265	B38M
23E4	N17266	C150
23E5	N17267	C150
23EB	N1727C	C180
23EC	N1727D	C170
23ED	N1727E	CH7A
23EE	N1727F	C172
23F3	N1727L	T206
23F5	N1727N	C120
23F6	N1727P	PA22
23F7	N1727Q	C150
23F9	N1727S	MU2
2401	N17270	L5
2403	N17272	B37M
2405	N17274	C72R
240A	N17279	B38M
240E	N1728C	C180
2411	N1728F	C172
2412	N1728G	BE35
2413	N1728H	P28A
2415	N1728K	L8
2416	N1728L	T206
2417	N1728M	C182
2419	N1728P	PA22
241A	N1728Q	C150
241B	N1728R	C185
241D	N1728T	T28
241F	N1728V	C140
2425	N17281	C180
2427	N17283	J2
2428	N17284	J2
2429	N17285	B38M
242A	N17286	PA32
242B	N17287	J2
242C	N17288	SACE
242E	N1729	DR1
2430	N1729B	ST75
2431	N1729C	C180
2433	N1729E	CH7A
2434	N1729F	C180
2436	N1729H	C172
2445	N1729Y	C172
2448	N17291	C150
244A	N17293	C150
244B	N17294	B38M
244C	N17295	C150
244D	N17296	B38M
244E	N17297	C72R
244F	N17298	C150
2450	N17299	C150
2451	N173	EN28
2452	N173A	SBR1
2453	N173AA	C550
2455	N173AC	S64
245D	N173AL	H500
245F	N173AN	B752
246B	N173B	BE30
246C	N173BA	C172
2472	N173BG	VELO
2473	N173BH	AS50
2484	N173C	PC12
2485	N173CA	C25A
2486	N173CB	SR22
2487	N173CC	TAYD
2488	N173CD	SR20
248E	N173CK	S22T
2491	N173CN	FA7X
2492	N173CP	SONX
2499	N173CW	RV4
249D	N173D	BE95
24A0	N173DC	C172
24A7	N173DK	VELO
24A8	N173DL	GLID
24AD	N173DR	RV8
24AF	N173DT	VELO
24B5	N173DZ	B763
24B6	N173E	WACF
24B7	N173EA	T34P
24BC	N173EF	GLST
24C2	N173EM	C82S
24C6	N173ER	CTAH
24CC	N173EX	VELO
24D4	N173FE	B763
24E8	N173G	RV4
24EB	N173GC	DHC6
24F0	N173GH	E50P
251A	N173J	LNP4
251F	N173JE	J3
2526	N173JM	GALX
2528	N173JP	DA40
2533	N173K	COUR
2534	N173KA	C172
2536	N173KC	R66
253B	N173KH	SR22
253F	N173KM	C172
2543	N173KR	LJ60
2544	N173KS	BE30
254C	N173L	SA10
2557	N173LL	C172
2558	N173LM	FDCT
2565	N173M	P32R
2566	N173MA	DA40
2568	N173MC	C210
256A	N173ME	C172
2570	N173ML	BE30
2571	N173MM	RV7
2576	N173MS	B06
2595	N173NY	GLF5
2597	N173P	B06
2598	N173PA	GLF2
259D	N173PF	PA14
25A1	N173PK	C172
25A2	N173PL	BE9T
25A3	N173PM	GX
25AC	N173PW	CH7B
25B0	N173Q	BE35
25D1	N173RH	AT5T
25D4	N173RL	B06
25D5	N173RM	COY2
25DA	N173RS	DA40
25DB	N173RT	VELO
25E3	N173SA	B06
25E5	N173SC	B06
25E6	N173SD	BL8
25E8	N173SF	B407
25E9	N173SG	C208
25EB	N173SJ	UH12
25EC	N173SK	C172
25EF	N173SN	PA32
25F0	N173SP	CRUZ
25F2	N173SR	SR22
25F9	N173SY	E75L
25FB	N173T	BE35
25FC	N173TA	AT8T
2607	N173TM	TBM7
260B	N173TR	EVOT
2610	N173TW	PA11
2611	N173TX	BE20
2622	N173UP	A306
2625	N173US	A321
262E	N173VA	C172
2633	N173VF	C172
263E	N173VS	VELO
264F	N173WJ	VELO
2652	N173WM	SR20
265F	N173X	VELO
2679	N173YA	C172
2698	N173ZG	VELO
26A9	N173ZZ	SH33
26AB	N1730A	BL17
26AC	N1730B	ST75
26B0	N1730F	C172
26B8	N1730P	PA22
26BB	N1730S	C172
26BC	N1730T	CH75
26C2	N1730Z	C336
26C3	N17300	B38M
26C4	N17301	B38M
26C5	N17302	B38M
26C6	N17303	B38M
26C7	N17304	C172
26C9	N17306	B38M
26CA	N17307	O1
26CC	N17309	B38M
26CF	N1731B	ST75
26D2	N1731E	CH7A
26D3	N1731F	C172
26D6	N1731J	P28A
26DB	N1731P	PA22
26DE	N1731S	C172
26E1	N1731V	C120
26E2	N1731W	BE36
26E6	N17310	B38M
26E7	N17311	B38M
26E8	N17312	B38M
26EA	N17314	B38M
26EB	N17315	B38M
26EC	N17316	B38M
26ED	N17317	B38M
26EE	N17318	DC3
26F1	N1732A	C82T
26F2	N1732B	ST75
26F6	N1732F	C172
26F9	N1732J	P28A
26FB	N1732L	C82T
26FC	N1732M	C337
2700	N1732R	C82R
2701	N1732S	C172
2702	N1732T	P28A
2704	N1732V	C172
2709	N17320	B38M
270A	N17321	B38M
270B	N17322	B38M
270D	N17324	P28A
270E	N17325	RV8
270F	N17326	B38M
2710	N17327	B38M
2711	N17328	B38M
2712	N17329	B38M
2717	N1733D	C170
2719	N1733F	C172
271A	N1733G	BE35
271C	N1733J	P28A
271D	N1733K	L8
2723	N1733R	T206
2724	N1733S	C172
272D	N17331	B38M
272E	N17332	DC3
272F	N17333	B38M
2730	N17334	DC3
2732	N17336	B38M
2733	N17337	B38M
2734	N17338	B38M
2735	N17339	B38M
2737	N1734A	BD5
2738	N1734B	ST75
273C	N1734F	C172
273D	N1734G	BE95
273E	N1734H	P28A
2747	N1734S	C172
2748	N1734T	P28A
2749	N1734U	T210
274C	N1734X	C210
2751	N17342	C150
2755	N17346	B38M
2758	N17349	B38M
275A	N1735A	PA18
275D	N1735D	C170
275E	N1735E	C310
275F	N1735F	C172
2760	N1735G	BE35
2765	N1735M	C182
2768	N1735Q	C150
276F	N1735X	C172
277B	N17359	B38M
277F	N1736C	C180
2780	N1736D	C170
2787	N1736L	C82T
278A	N1736P	PA22
278E	N1736T	P28A
2791	N1736W	BE35
2796	N17361	B38M
2797	N17362	B38M
2798	N17363	B38M
2799	N17364	B38M
279B	N17366	ST75
279F	N1737	C172
27A0	N1737A	P28A
27A1	N1737B	BE35
27A2	N1737C	C180
27A4	N1737E	C310
27A5	N1737F	C172
27A6	N1737G	BE35
27AA	N1737L	C82T
27AB	N1737M	C182
27AF	N1737R	C82R
27B0	N1737S	C82S
27B1	N1737T	P28A
27B3	N1737V	C172
27B9	N17371	C150
27BB	N17373	B38M
27BD	N17375	C150
27BE	N17376	S55P
27C3	N1738A	PA18
27C5	N1738C	C82T
27C8	N1738F	C172
27C9	N1738G	BE35
27CB	N1738J	P28A
27D3	N1738S	C172
27D4	N1738T	P28A
27DD	N17382	C150
27DF	N17384	ST75
27E1	N17386	T206
27E8	N1739C	C180
27EA	N1739E	CH7A
27EB	N1739F	C172
27EE	N1739J	P28A
27EF	N1739K	L8
27F2	N1739N	C120
27F7	N1739T	P28A
27FE	N17390	TAYA
2804	N17396	O1
2805	N17397	EXEC
2809	N174A	C182
280A	N174AA	C25B
280C	I-CFAH	S64	A
280F	N174AF	BE35
2810	N174AG	A321
2811	N174AH	AS50
2812	N174AJ	RV7
2815	N174AM	EC30
2817	N174AP	C72R
281A	N174AS	RV7
281D	N174AV	BE99
2822	N174B	FA10
2823	N174BA	C172
2824	N174BB	SONX
282F	N174BN	RV7
283A	N174BZ	RV7
283B	N174C	S108
283C	N174CA	P32R
283D	N174CB	CRER
283E	N174CC	PA11
2841	N174CF	C501
2847	N174CM	RV7
2849	N174CP	PA18
284B	N174CR	RV7
284C	N174CS	RV7
2857	N174DC	P28A
285F	N174DL	SR22
2860	N174DM	BE36
2861	N174DN	B763
2863	N174DQ	BE23
2864	N174DR	C550
2865	N174DS	C414
2868	N174DV	C77R
286C	N174DZ	B763
286D	N174E	RV6
2870	N174EC	H500
2879	N174EM	B429
2886	N174F	P28A
288B	N174FE	B763
288C	N174FF	H500
2892	N174FM	RV7
2894	N174FP	CL60
28A1	N174GB	RV7
28A2	N174GC	GB1
28A5	N174GF	C72R
28AD	N174GP	C82R
28B8	N174H	C180
28C9	N174HS	RV7
28D1	N174J	P28A
28D8	N174JG	RV7
28DA	N174JJ	BE35
28DB	N174JK	EXPR
28DC	N174JL	RV7
28DF	N174JP	C172
28E2	N174JS	C560
28E6	N174JW	RV7
28EA	N174K	C310
28F6	N174KM	RV7
28FC	N174KT	RV8
2903	N174L	C195
2904	N174LA	VAMP
2909	N174LF	TAIL
290F	N174LM	FDCT
2914	N174LS	C185
291C	N174M	WACF
291E	N174MB	RV7
291F	N174MC	HIGH
2920	N174MD	RV7
2921	N174ME	C172
2923	N174MG	RV7
2927	N174ML	AT8T
2928	N174MM	RV7
292A	N174MP	S22T
292C	N174MR	RV7
292E	N174MT	RV7
293A	N174NE	GLID
294E	N174P	T18
2950	N174PB	RV7
2951	N174PC	P28A
295A	N174PM	RV7
2980	N174R	P210
2981	N174RA	CH7B
2983	N174RC	CH7B
2984	N174RD	LJ24
298C	N174RM	CRER
2990	N174RR	RV7
2991	N174RS	FLE7
2992	N174RT	RV7
2994	N174RV	RV9
299B	N174SB	RV7
299C	N174SC	AS50
299F	N174SF	P210
29A0	N174SG	CH7B
29A2	N174SJ	C25B
29A3	N174SK	S22T
29A4	N174SL	SLG2
29A5	N174SM	RV7
29A7	N174SP	UH1
29A9	N174SR	SREY
29AA	N174SS	GLIM
29AE	N174SW	RV7
29B0	N174SY	E75L
29B2	N174T	MIMU
29B3	N174TA	BE36
29B4	N174TB	BL8
29B5	N174TC	RV7
29B6	N174TD	RV7
29B8	N174TF	AS50
29BA	N174TH	C172
29BD	N174TL	RV7
29C8	N174TX	RV7
29C9	N174TY	RV7
29CB	N174U	BE58
29D9	N174UP	A306
29DC	N174US	A321
29FE	N174WA	P180
2A01	N174WD	RV7
2A09	N174WM	RV7
2A3B	N174YM	SR22
2A48	N174Z	SH36
2A62	N1740A	PA22
2A64	N1740C	C172
2A67	N1740F	C172
2A68	N1740G	BE35
2A6C	N1740L	T206
2A73	N1740T	C172
2A76	N1740W	BE33
2A7C	N17402	B39M
2A81	N17407	B39M
2A83	N17409	C172
2A87	N1741C	C180
2A8B	N1741G	BE35
2A8E	N1741K	L8
2A90	N1741M	C337
2A91	N1741N	C120
2A92	N1741P	PA22
2A95	N1741S	C172
2A98	N1741V	C120
2AA0	N17413	B39M
2AA1	N17414	B39M
2AA3	N17416	PTS1
2AA4	N17417	B39M
2AA5	N17418	B39M
2AAC	N1742E	C310
2AAD	N1742F	C172
2AAE	N1742G	BE35
2AB5	N1742P	RS12
2AB7	N1742R	T28
2AB8	N1742S	C172
2ABB	N1742V	C172
2ABD	N1742X	T210
2AC0	N17420	B39M
2AC1	N17421	B39M
2AC2	N17422	B39M
2AC3	N17423	B39M
2AC5	N17425	B39M
2AC6	N17426	LJ60
2AC7	N17427	B39M
2AC8	N17428	B39M
2AC9	N17429	B39M
2ACE	N1743D	C170
2AD0	N1743F	C172
2AD1	N1743G	BE95
2AD2	N1743H	P28A
2AD3	N1743J	P28A
2AD5	N1743L	C172
2ADA	N1743R	C185
2ADB	N1743S	C172
2ADD	N1743U	C207
2ADE	N1743V	C172
2ADF	N1743W	BE35
2AE3	N17430	B39M
2AE4	N17431	B39M
2AE5	N17432	B39M
2AE6	N17433	B39M
2AE8	N17435	B39M
2AE9	N17436	B39M
2AEA	N17437	B39M
2AEB	N17438	B39M
2AF1	N1744D	C170
2AF4	N1744G	BE35
2AF8	N1744L	C82S
2B02	N1744W	BE58
2B03	N1744X	C210
2B05	N1744Z	C510
2B06	N17440	DH82
2B07	N17441	B39M
2B08	N17442	AR6T
2B09	N17443	B39M
2B0A	N17444	B39M
2B0B	N17445	WACF
2B0E	N17448	B39M
2B14	N1745D	C170
2B16	N1745F	C172
2B1B	N1745L	C82S
2B1D	N1745N	C120
2B20	N1745R	C185
2B21	N1745S	C172
2B22	N1745T	P28A
2B24	N1745V	C120
2B25	N1745W	BE33
2B29	N17450	AR6T
2B2A	N17451	T51
2B2B	N17452	B39M
2B2C	N17453	WACC
2B2D	N17454	B39M
2B2E	N17455	B39M
2B2F	N17456	B39M
2B30	N17457	WACC
2B31	N17458	B39M
2B32	N17459	B39M
2B36	N1746C	C180
2B3A	N1746G	BE35
2B3B	N1746H	P28R
2B3E	N1746L	T206
2B40	N1746N	C120
2B43	N1746R	C82R
2B44	N1746S	SS2P
2B45	N1746T	P28A
2B4B	N1746Z	C336
2B4C	N17460	B39M
2B4D	N17461	B39M
2B4E	N17462	WACC
2B50	N17464	WACC
2B51	N17465	B39M
2B52	N17466	WACC
2B53	N17467	B39M
2B54	N17468	B39M
2B55	N17469	WACC
2B56	N1747	GLID
2B58	N1747B	C207
2B59	N1747C	C180
2B5C	N1747F	C172
2B5D	N1747G	BE35
2B5E	N1747H	P28R
2B5F	N1747J	P28A
2B60	N1747K	L8
2B61	N1747L	C72R
2B62	N1747M	C182
2B65	N1747Q	C150
2B66	N1747R	C82R
2B67	N1747S	SS2P
2B68	N1747T	P28A
2B6F	N17470	WACF
2B70	N17471	WACC
2B71	N17472	WACC
2B72	N17473	WACC
2B73	N17474	WACC
2B75	N17477	B39M
2B78	N17479	B39M
2B7D	N1748D	C170
2B7F	N1748F	C172
2B80	N1748G	BE35
2B82	N1748J	P28A
2B86	N1748N	C120
2B87	N1748P	PA22
2B89	N1748R	T206
2B8B	N1748T	P28A
2B8C	N1748U	C207
2B8E	N1748W	BE55
2B91	N1748Z	C210
2B92	N17480	AR6T
2B93	N17481	G44
2B95	N17483	AERK
2B9B	N17489	DH82
2B9C	N1749	GLID
2BA1	N1749E	CH7A
2BAB	N1749Q	C150
2BAE	N1749T	P28A
2BAF	N1749U	C207
2BB0	N1749V	C172
2BB7	N17492	AERK
2BBF	N175	P46T
2BC0	N175A	C175
2BC3	N175AC	PC12
2BC5	N175AE	EC20
2BC6	N175AF	C72R
2BC8	N175AH	C175
2BCA	N175AK	C175
2BCC	N175AM	C421
2BCD	N175AN	B752
2BD1	N175AS	P28A
2BD8	N175AZ	BE9L
2BD9	N175B	J3
2BDA	N175BA	C170
2BDC	N175BC	GA5C
2BE0	N175BG	GLF2
2BEA	N175BS	P32R
2BEB	N175BT	CH75
2BF2	N175C	S108
2BF3	N175CA	MU2
2BF4	N175CB	C175
2BF6	N175CD	SR20
2BF8	N175CF	C172
2BFB	N175CJ	FA10
2C00	N175CP	C82T
2C03	N175CS	A319
2C04	N175CT	GA5C
2C0B	N175D	M700
2C0C	N175DA	DA40
2C0E	N175DC	R44
2C0F	N175DD	GLIM
2C12	N175DG	ST75
2C13	N175DH	C175
2C18	N175DN	B763
2C22	N175DY	SR22
2C23	N175DZ	B763
2C24	N175E	C172
2C25	N175EA	T34P
2C27	N175EC	J3
2C29	N175EE	BE99
2C30	N175EM	E50P
2C39	N175EW	E50P
2C3D	N175F	C175
2C42	N175FE	B763
2C4D	N175FR	B105
2C4E	N175FS	LJ24
2C52	N175FW	C175
2C56	N175G	C175
2C70	N175HA	UH12
2C73	N175HD	G2T1
2C76	N175HG	LJ45
2C88	N175J	C650
2C89	N175JA	BE20
2C8D	N175JE	EA50
2C92	N175JK	H500
2C93	N175JL	H500
2C9A	N175JT	C175
2C9C	N175JV	C175
2CA1	N175K	J3
2CA2	N175KA	C172
2CA3	N175KB	C402
2CA7	N175KF	FOX
2CAD	N175KM	R44
2CB3	N175KT	M20P
2CBA	N175L	BE36
2CBB	N175LA	AT8T
2CBF	N175LE	DV20
2CD3	N175M	C175
2CD4	N175MA	P46T
2CD5	N175MB	PA24
2CD6	N175MC	E55P
2CD7	N175MD	ST75
2CD8	N175ME	C172
2CDA	N175MG	G150
2CDD	N175MK	R44
2CDE	N175ML	C119
2CDF	N175MM	C180
2CE4	N175MS	B06
2CE5	N175MT	C177
2CE9	N175MX	LJ45
2CEC	N175N	P46T
2D05	N175P	C175
2D06	N175PA	B407
2D09	N175PD	C175
2D0C	N175PG	SR20
2D10	N175PL	BE30
2D11	N175PM	SREY
2D13	N175PP	C175
2D17	N175PT	WAIX
2D2F	N175QS	GL7T
2D37	N175R	C175
2D38	N175RA	CH7B
2D3B	N175RD	C25B
2D40	N175RJ	C175
2D42	N175RL	BL8
2D48	N175RS	E170
2D4B	N175RV	R44
2D4C	N175RW	TR1
2D50	N175S	AVID
2D51	N175SA	BE20
2D53	N175SC	AS50
2D55	N175SE	ST75
2D58	N175SH	C175
2D5C	N175SM	C175
2D60	N175SR	C650
2D65	N175SW	SW4
2D67	N175SY	E75L
2D69	N175T	BE35
2D6A	N175TA	C175
2D70	N175TG	C175
2D71	N175TH	C175
2D72	N175TJ	RV7
2D7A	N175TS	B38M
2D7B	N175TT	C175
2D9E	N175VC	C175
2DB4	N175W	PA22
2DB5	N175WA	PC12
2DB6	N175WB	P46T
2DC4	N175WR	C175
2DC9	N175WW	P28R
2DDE	N175XS	RF10
2E17	N175ZZ	SH33
2E1B	N1750C	CH75
2E1E	N1750F	C172
2E20	N1750H	P32R
2E21	N1750J	P28A
2E24	N1750M	C337
2E26	N1750P	PA18
2E28	N1750R	C185
2E2A	N1750T	P28A
2E2B	N1750U	C207
2E2D	N1750W	BE35
2E34	N17503	BE36
2E36	N17505	BE35
2E3A	N17509	BE36
2E3B	N1751	B06
2E3F	N1751D	P51
2E40	N1751E	CH7A
2E42	N1751G	BE35
2E44	N1751J	P28A
2E48	N1751N	C120
2E4B	N1751R	C82R
2E4D	N1751T	P28A
2E4F	N1751V	C120
2E55	N17511	DHC1
2E57	N17513	E135
2E5A	N17516	BE35
2E60	N1752B	C185
2E61	N1752C	C180
2E63	N1752E	CH7A
2E66	N1752H	P28A
2E67	N1752J	AC11
2E6C	N1752P	PA18
2E70	N1752T	C172
2E73	N1752W	BE36
2E77	N17520	BE36
2E79	N17522	BE33
2E7D	N17526	BE95
2E80	N17529	B39M
2E85	N1753D	C170
2E8B	N1753K	L8
2E92	N1753S	GA8
2E96	N1753W	BE33
2E9F	N17535	H269
2EA4	N1754	GLID
2EA5	N1754A	PA18
2EB0	N1754M	ST75
2EB1	N1754N	C120
2EB2	N1754P	PA18
2EB6	N1754T	C172
2EB7	N1754U	C207
2EB8	N1754V	C172
2EBA	N1754X	C210
2EBD	N17540	J2
2EBF	N17542	J2
2EC6	N17549	J2
2EC8	N1755A	PA18
2ECA	N1755C	C180
2ECB	N1755D	C170
2ECD	N1755F	C172
2ED7	N1755R	C82R
2EDB	N1755V	C120
2EDC	N1755W	BE36
2EE0	N17550	B39M
2EE4	N17554	J2
2EE7	N17557	B39M
2EE9	N17559	C175
2EED	N1756C	C180
2EEE	N1756D	C170
2EEF	N1756E	CH7A
2EF0	N1756F	C172
2EF3	N1756J	P28A
2EF5	N1756L	T206
2EF6	N1756M	ST75
2EF9	N1756Q	C150
2EFA	N1756R	C185
2EFB	N1756S	BE58
2EFC	N1756T	C172
2EFD	N1756U	T210
2EFE	N1756V	C82T
2EFF	N1756W	BE35
2F07	N17564	B39M
2F08	N17565	B39M
2F09	N17566	B39M
2F0B	N17568	BE35
2F0C	N17569	J2
2F11	N1757D	C170
2F13	N1757F	C172
2F14	N1757G	BE95
2F19	N1757M	PA18
2F1B	N1757P	PA18
2F1D	N1757R	C82R
2F21	N1757V	C120
2F27	N17571	BE36
2F28	N17572	C82T
2F2A	N17574	B39M
2F2B	N17575	PULS
2F2D	N17577	BE55
2F2F	N17579	J2
2F37	N1758G	BE35
2F39	N1758J	P28A
2F42	N1758T	P28A
2F43	N1758U	C207
2F44	N1758V	C172
2F45	N1758W	BE33
2F4C	N17583	B39M
2F52	N17589	B39M
2F54	N1759A	PA18
2F56	N1759C	GLF6
2F57	N1759D	C170
2F59	N1759F	C172
2F5A	N1759G	BE35
2F5B	N1759H	P28A
2F5C	N1759J	P28A
2F5F	N1759M	J4
2F61	N1759P	PA18
2F65	N1759T	P28A
2F67	N1759V	C172
2F6D	N17591	B39M
2F6E	N17592	B06
2F6F	N17593	B39M
2F70	N17594	B739
2F71	N17595	B39M
2F72	N17596	B39M
2F73	N17597	B39M
2F74	N17598	DHC2
2F77	N176A	RV6
2F78	N176AA	B752
2F7A	N176AC	S64
2F7C	N176AE	B06
2F7F	N176AH	EC45
2F82	N176AL	B06
2F83	N176AM	S76
2F90	N176B	BE35
2F91	N176BA	S76
2F93	N176BC	BE76
2F97	N176BG	GLIM
2F9A	N176BK	C25B
2F9B	N176BL	C172
2FA1	N176BS	SF50
2FA8	N176BZ	BCS3
2FA9	N176C	S108
2FAA	N176CA	B752
2FAF	N176CF	SR22
2FB0	N176CG	F2TH
2FB5	N176CM	PA44
2FB7	N176CP	T206
2FB9	N176CR	PRM1
2FC8	N176DF	SONX
2FCB	N176DJ	RV8
2FCD	N176DL	C56X
2FCF	N176DN	B763
2FD0	N176DP	S76
2FD2	N176DR	BE36
2FDA	N176DZ	B763
2FDC	N176EA	C172
2FE7	N176EM	SRAI
2FEB	N176ER	C172
2FED	N176ET	S76
2FF9	N176FE	B763
300A	N176FX	S76
300D	N176G	AS50
3018	N176GL	CH75
301D	N176GR	AA5
3029	N176HC	BE30
3034	N176HP	P46T
3037	N176HS	GLF6
3041	N176JB	P28A
3042	N176JC	B06
3044	N176JE	GLF4
3046	N176JG	RV7
304B	N176JM	COL4
304F	N176JR	BE9L
3060	N176KH	GLF6
3063	N176KL	C550
3064	N176KM	S22T
3071	N176L	LNC2
3072	N176LA	BE9T
3075	N176LD	RV6
3077	N176LF	BE36
3078	N176LG	C72R
307C	N176LL	C210
308A	N176M	BE20
308D	N176MC	PC24
308F	N176ME	C172
3091	N176MG	GLF4
3096	N176MM	C310
309C	N176MT	AS65
30BC	N176P	B06
30BF	N176PC	DEFI
30C0	N176PD	B06
30CB	N176PQ	CRJ9
30CD	N176PS	SR22
30D5	N176Q	S22T
30DB	N176QF	GALX
30E6	N176QS	GL7T
30EE	N176R	RC70
30F8	N176RK	BE58
30FF	N176RS	E170
3108	N176SA	B06
310A	N176SC	AS50
3110	N176SJ	B06
3113	N176SM	GLF5
3119	N176ST	BE36
311E	N176SY	E75L
3121	N176TA	C172
3123	N176TC	C185
3127	N176TG	LJ45
312B	N176TL	H25B
3131	N176TS	DA42
3135	N176TW	BE9L
314A	N176US	H25B
314E	N176UW	A321
3154	N176VB	BE35
3164	N176VT	P32R
316B	N176W	BE36
316D	N176WB	PA32
316E	N176WC	CL35
3170	N176WE	S22T
317C	N176WS	WAIX
3180	N176WW	HUSK
3184	N176X	BE36
31B1	N176YV	B190
31B6	N176Z	SH36
31D5	N1760F	C172
31D7	N1760H	C310
31DB	N1760M	C182
31DD	N1760P	PA18
31E1	N1760T	C172
31E8	N17600	BE60
31E9	N17601	SP7
31EC	N17604	BE55
31EF	N17607	BE33
31F3	N1761A	PA22
31F6	N1761D	H269
31F8	N1761F	C172
31FC	N1761K	L8
31FF	N1761N	C120
3206	N1761V	C120
320C	N17611	B47G
320E	N17613	SP7
3213	N17618	BE33
321D	N1762H	P28A
3227	N1762T	C172
322F	N17621	BE36
3233	N17625	BE95
3234	N17626	BE95
3236	N17628	BE36
3237	N17629	BE35
3239	N1763A	PA22
323D	N1763E	CH7A
3241	N1763J	P28A
3244	N1763M	C182
3246	N1763P	PA18
324A	N1763T	P28A
324D	N1763W	BE36
324E	N1763X	C210
3251	N17630	P38
3253	N17632	BE33
3257	N17636	BE33
325A	N17639	BE36
325C	N1764A	PA22
3260	N1764E	CH7A
3265	N1764K	L8
326D	N1764T	P28A
326F	N1764V	C172
3271	N1764X	C210
3277	N17643	BE17
327E	N1765	GLID
327F	N1765A	PA22
3285	N1765G	BE35
3286	N1765H	P28R
3287	N1765J	P28A
3288	N1765K	L8
328A	N1765M	C182
328C	N1765P	PA18
328D	N1765Q	C150
328E	N1765R	C82R
3290	N1765T	P28A
3297	N17650	BE35
3298	N17651	C172
329A	N17653	BE36
329C	N17655	BE55
329D	N17656	BE35
32A1	N1766	PTS1
32A6	N1766E	CH7A
32A8	N1766G	BE35
32A9	N1766H	C310
32AB	N1766K	L8
32AD	N1766M	C182
32AE	N1766N	C120
32B3	N1766T	C172
32B5	N1766V	C172
32BA	N17660	BE58
32BF	N17665	SP7
32C2	N17668	BE36
32C3	N17669	BE36
32C4	N1767	R66
32CB	N1767G	BE35
32CD	N1767J	P28A
32CF	N1767L	R66
32D4	N1767R	C185
32D8	N1767V	C120
32D9	N1767W	BE95
32E5	N17678	ST75
32E6	N17679	BE17
32EC	N1768E	C310
32EE	N1768G	BE35
32F0	N1768J	P28A
32F3	N1768M	C337
32F6	N1768Q	C150
32F9	N1768T	P28A
32FB	N1768V	C172
32FF	N1768Z	C336
3309	N17689	DHC3
3314	N1769K	RV12
3318	N1769P	PA18
3319	N1769Q	C150
331C	N1769T	P28A
3327	N17694	ST75
3328	N17695	ST75
332B	N17698	BE36
332D	N177	PA23
332E	N177A	C177
3330	N177AB	BE55
3332	N177AD	PTMS
3334	N177AF	BE35
3335	N177AG	GLST
3336	N177AH	EC45
3337	N177AJ	HUSK
3338	N177AK	HUSK
333A	N177AM	C77R
333C	N177AP	C77R
333E	N177AR	C77R
333F	N177AS	C177
3342	N177AV	C77R
3343	N177AW	C177
3344	N177AX	RF10
3347	N177B	C177
3349	N177BB	GLF4
334A	N177BC	C177
334B	N177BD	C152
334E	N177BG	C177
334F	N177BH	C177
3351	N177BK	SREY
3352	N177BL	C177
3358	N177BS	C77R
3359	N177BT	C77R
335B	N177BV	C77R
335C	N177BW	C177
335F	N177BZ	C82S
3360	N177C	S108
3362	N177CB	PA18
3363	N177CC	C177
3364	N177CD	PTS2
3365	N177CE	C77R
3366	N177CF	C177
3369	N177CJ	C77R
336C	N177CM	P32R
336D	N177CN	BE20
336E	N177CP	C82T
3370	N177CR	EVSS
3371	N177CS	R44
3372	N177CT	AA1
3374	N177CV	C177
3376	N177CX	SREY
337A	N177DA	C177
337B	N177DB	HUSK
337C	N177DC	C77R
337F	N177DF	PA32
3380	N177DG	BE58
3381	N177DH	C177
3382	N177DJ	PTS1
3383	N177DK	C177
3386	N177DN	B763
3387	N177DP	BOLT
3389	N177DR	C77R
338E	N177DW	C77R
3391	N177DZ	B763
3392	N177E	C56X
3394	N177EB	C177
3397	N177EE	C177
3398	N177EF	C77R
339B	N177EJ	C177
339D	N177EL	PA11
339E	N177EM	SR20
33A4	N177ET	C177
33A7	N177EW	RV6
33AA	N177EZ	RV7
33AB	N177F	BE95
33AD	N177FB	C77R
33AF	N177FD	M20P
33B0	N177FE	B763
33B3	N177FH	C77R
33B4	N177FJ	C177
33BB	N177FR	C177
33C4	N177G	C77R
33C5	N177GA	BE30
33C6	N177GB	AA5
33C7	N177GC	DHC6
33CF	N177GL	C177
33D5	N177GS	C177
33D6	N177GT	C177
33D9	N177GW	C177
33DD	N177H	C77R
33E0	N177HC	PA46
33EB	N177HP	NPOR
33ED	N177HR	F900
33F7	N177JA	C77R
33F8	N177JB	LJ45
33FB	N177JE	C560
33FD	N177JG	C77R
33FF	N177JJ	C177
3401	N177JL	C177
3402	N177JM	C177
3406	N177JR	C177
3408	N177JT	C177
340A	N177JV	C77R
340B	N177JW	C77R
3410	N177KA	C77R
3412	N177KC	C77R
3415	N177KF	C177
3418	N177KJ	C77R
341B	N177KM	C77R
341D	N177KP	C77R
341F	N177KR	C177
3420	N177KS	C77R
3421	N177KT	C77R
3424	N177KW	C77R
3427	N177KZ	C177
3428	N177L	L18
3429	N177LA	BE20
342A	N177LB	AC11
342B	N177LC	J3
342D	N177LE	C177
342E	N177LF	C77R
342F	N177LG	C77R
3431	N177LJ	C177
3435	N177LN	SF50
3439	N177LS	C177
343D	N177LW	C77R
3442	N177MA	PA46
3443	N177MB	C177
3444	N177MC	C77R
3446	N177ME	C77R
3447	N177MF	PTMS
3448	N177MG	C177
3449	N177MH	C177
344A	N177MJ	FA50
344B	N177MK	BE9L
344F	N177MP	C177
3451	N177MR	C77R
3452	N177MS	C177
3456	N177MW	C77R
345D	N177NC	C77R
346A	N177NR	RV7
346F	N177NW	C177
3470	N177NX	PC12
3473	N177P	C77R
3475	N177PB	R44
3476	N177PC	C177
3478	N177PE	P210
347B	N177PH	C77R
347D	N177PK	C77R
347E	N177PL	C177
347F	N177PM	C177
3481	N177PP	RV12
3483	N177PR	C77R
3484	N177PS	PTS2
3485	N177PT	SR22
3488	N177PW	C177
348B	N177PZ	C177
348C	N177Q	C177
349D	N177QS	GL7T
34A6	N177RA	DHC7
34A7	N177RB	SREY
34A8	N177RC	C177
34A9	N177RD	C177
34AB	N177RF	GLID
34AC	N177RG	C77R
34AD	N177RH	C77R
34AE	N177RJ	C550
34B0	N177RL	C177
34B3	N177RP	C177
34BD	N177RZ	C77R
34BE	N177S	EFOX
34BF	N177SA	C77R
34C1	N177SC	PA18
34C2	N177SD	C77R
34C6	N177SH	C177
34C8	N177SK	C177
34C9	N177SL	C77R
34CA	N177SM	C177
34CE	N177SR	R22
34CF	N177SS	GLID
34D2	N177SV	C177
34D3	N177SW	BE36
34D4	N177SX	C177
34D5	N177SY	E75L
34D8	N177TA	BE20
34DA	N177TC	M20P
34DB	N177TD	RV7
34DE	N177TG	C77R
34E0	N177TJ	C177
34E2	N177TL	PA11
34E3	N177TM	C77R
34E5	N177TP	C177
34E8	N177TS	C177
34ED	N177TX	C77R
34F0	N177U	C195
3501	N177US	A321
3509	N177V	C177
350A	N177VA	C177
350B	N177VB	C77R
350C	N177VC	C177
3513	N177VK	C77R
351A	N177VS	C77R
351B	N177VT	C177
351D	N177VV	C25A
3521	N177VZ	C82S
3522	N177W	C195
3524	N177WB	C77R
3525	N177WC	P28A
3528	N177WF	C77R
352E	N177WM	C177
3530	N177WP	C77R
3533	N177WS	C77R
3534	N177WT	BE35
3537	N177WW	BE95
353A	N177WZ	H500
353B	N177X	RV7
353E	N177XC	C177
3541	N177XF	A319
3549	N177XP	C177
354C	N177XS	C177
3551	N177XX	EXEC
3585	N177ZZ	SLG4
358D	N1770G	BE95
3590	N1770K	L8
3593	N1770N	C120
3596	N1770R	C185
3598	N1770T	P28A
359C	N1770X	C210
359F	N17700	WACC
35A0	N17701	WACC
35A1	N17702	BE33
35A2	N17703	BE36
35A3	N17704	BE36
35AA	N1771A	PA22
35AB	N1771B	ST75
35AE	N1771E	CH7A
35B5	N1771M	C182
35B6	N1771N	C120
35B7	N1771P	PA22
35B9	N1771R	GLID
35BA	N1771S	GLAS
35C2	N17710	WACF
35C3	N17711	WACC
35C4	N17712	WACF
35C5	N17713	WACC
35C7	N17715	WACF
35C8	N17716	WACC
35CA	N17718	BE35
35CB	N17719	B737
35CD	N1772A	PA22
35D2	N1772F	C172
35D5	N1772J	P28A
35E1	N1772W	BE36
35E6	N17721	WACC
35E7	N17722	BE95
35EA	N17725	WACC
35EB	N17726	BE95
35EF	N1773	B47G
35F1	N1773B	C177
35F2	N1773C	COY2
35F3	N1773D	C170
35F5	N1773F	C172
35F9	N1773K	L8
35FC	N1773N	C120
35FD	N1773P	PA22
35FF	N1773R	C82R
3603	N1773V	C120
3604	N1773W	BE35
3607	N1773Z	C336
3608	N17730	B737
360A	N17732	BE55
360C	N17734	WACC
360D	N17735	BE33
360E	N17736	WACC
360F	N17737	WACC
3610	N17738	BE33
3614	N1774B	ST75
3615	N1774C	C180
3616	N1774D	C177
3617	N1774E	CH7A
3618	N1774F	C172
361A	N1774H	C182
3620	N1774P	PA22
3624	N1774T	C172
3626	N1774V	C172
362B	N17740	WACC
362C	N17741	WACC
362D	N17742	WACC
3631	N17746	BE35
3632	N17747	BE33
3633	N17748	BE36
3634	N17749	WACC
3636	N1775A	PA20
3641	N1775M	BE35
3642	N1775N	C120
3645	N1775R	C185
364E	N17750	AERK
364F	N17751	BE35
3650	N17752	B737
3651	N17753	B737
3656	N17758	S55P
3658	N1776	J3
365B	N1776C	H25B
365C	N1776D	C170
365D	N1776E	TRDO
3661	N1776J	P28A
3662	N1776K	L8
3663	N1776L	ASTR
3664	N1776M	SR22
3669	N1776S	FOX
366A	N1776T	P28A
366B	N1776U	P32R
366C	N1776V	C140
366D	N1776W	C25B
3673	N17762	P28A
3674	N17763	P28A
3675	N17764	BE36
3677	N17766	BE36
3678	N17767	BE33
367A	N17769	BE36
367B	N1777	FA62
367C	N1777A	P28B
367E	N1777C	P28A
3683	N1777H	C310
3684	N1777J	P28A
3685	N1777K	L8
3687	N1777M	GLF6
368B	N1777R	C82R
368E	N1777U	GLF5
368F	N1777V	R22
3693	N1777Z	MM16
3698	N17774	AERK
369B	N17777	J3
369C	N17778	AERK
36A0	N1778B	L8
36A1	N1778C	C180
36A4	N1778F	C172
36A7	N1778J	C77R
36AA	N1778M	C210
36B2	N1778V	C140
36B5	N1778Y	P28A
36BC	N17785	BE36
36C5	N1779D	C170
36CD	N1779M	C182
36CF	N1779P	PA22
36D9	N1779Z	C336
36DB	N17791	BE33
36DE	N17794	BE36
36E0	N17796	AERK
36E1	N17797	BE35
36E2	N17798	AERK
36E7	N178AB	COY2
36E8	N178AC	S64
36EB	N178AF	C72R
36F1	N178AM	LJ55
36F6	N178AS	C750
36FE	N178B	GLF2
36FF	N178BA	PA38
3701	N178BC	BL8
3702	N178BD	BDOG
3704	N178BF	CRUZ
3705	N178BG	BE60
3716	N178BZ	BCS3
3717	N178C	PC12
3719	N178CB	EC20
371A	N178CC	PA11
371D	N178CF	PRM1
3723	N178CM	E50P
3729	N178CT	FDCT
372C	N178CW	L39
3731	N178DA	C550
3732	N178DB	PA46
3733	N178DC	DHC1
3736	N178DF	R44
373C	N178DM	LNC2
373D	N178DN	B763
3740	N178DR	C177
3741	N178DS	HUSK
3748	N178DZ	B763
3749	N178E	PA30
374D	N178ED	P337
3751	N178EH	AS50
3752	N178EJ	BE9L
3757	N178EP	R22
3759	N178ER	TAMP
3761	N178EZ	WAIX
3767	N178FE	B763
3776	N178FV	C172
377B	N178G	PA23
377E	N178GC	DHC6
3790	N178GW	C172
379F	N178HL	C650
37A2	N178HP	GLID
37AD	N178J	GLID
37AF	N178JB	E190
37B0	N178JC	C56X
37B3	N178JF	YK52
37B8	N178JL	PA11
37B9	N178JM	C82S
37BE	N178JS	BE77
37C7	N178KA	C172
37D6	N178KR	GALX
37D8	N178KT	SONX
37DF	N178L	GLF5
37E0	N178LA	BE9T
37E1	N178LB	G164
37E2	N178LC	C56X
37F8	N178M	PA23
37F9	N178MA	HUSK
37FB	N178MC	PA32
37FC	N178MD	ST75
3800	N178MH	PC12
3804	N178MM	LJ60
3806	N178MP	C25B
380A	N178MT	AS65
3811	N178N	DHC1
382A	N178P	BU33
382B	N178PA	B06
383C	N178PT	GLF4
3843	N178Q	BE35
3860	N178RD	T210
3862	N178RF	GLID
3864	N178RH	C680
3868	N178RM	DHC2
386D	N178RS	C172
387B	N178SF	C510
387C	N178SG	PA31
387D	N178SH	R22
387F	N178SK	C77R
388A	N178SW	FDCT
388C	N178SY	E75L
388E	N178T	EFOX
3899	N178TL	RV9
38A0	N178TT	BL8
38A7	N178U	PA30
38B8	N178US	A321
38D4	N178VV	C185
38D9	N178W	BE95
38DF	N178WF	PC12
38E0	N178WG	C56X
38EE	N178WW	HUSK
38F2	N178X	PA30
391F	N178YV	B190
392F	N178ZL	C182
393D	N1780	RV6
3942	N1780E	CH7A
3949	N1780M	C182
394C	N1780Q	C150
394D	N1780R	C185
3957	N17801	H500
3958	N17802	BE33
3960	N1781	BIPL
3963	N1781C	C180
3965	N1781E	C310
3967	N1781G	BE35
3969	N1781J	P28A
3970	N1781R	C82R
3972	N1781T	C172
3974	N1781V	C172
397B	N17812	BE20
397D	N17814	BE35
397F	N17816	BE35
3980	N17817	BE36
3981	N17818	BE33
3982	N17819	BE36
3989	N1782F	C172
398A	N1782G	BE35
398D	N1782K	SR22
3995	N1782T	C172
3996	N1782U	T210
399C	N17820	BE55
39A2	N17826	BE36
39A3	N17827	BE35
39A5	N17829	BE33
39A7	N1783A	PA18
39AD	N1783G	BE35
39AE	N1783H	C310
39B2	N1783M	C182
39BA	N1783V	C120
39C1	N17832	BE36
39C2	N17833	BE58
39C3	N17834	J2
39C5	N17836	BE36
39C6	N17837	J2
39C7	N17838	BE36
39CD	N1784D	EPIC
39CE	N1784E	C310
39CF	N1784F	C172
39D2	N1784J	P28A
39D3	N1784K	L8
39D5	N1784M	C182
39D8	N1784Q	C150
39D9	N1784R	C82R
39DB	N1784T	P28A
39DD	N1784V	C140
39E2	N17840	BE35
39E4	N17842	BE33
39E8	N17846	BE33
39E9	N17847	J2
39ED	N1785A	BE33
39EF	N1785C	C180
39F1	N1785E	CH7A
39F2	N1785F	C172
39F4	N1785H	DG15
3A05	N17850	B58T
3A07	N17852	BE33
3A09	N17854	J2
3A18	N1786J	P28A
3A19	N1786K	L8
3A1B	N1786M	C337
3A1C	N1786N	C120
3A1F	N1786R	C82R
3A21	N1786T	P28A
3A25	N1786X	T210
3A2B	N17863	BE36
3A2D	N17865	BE35
3A2F	N17867	GLID
3A30	N17868	GLID
3A35	N1787C	C180
3A36	N1787D	C170
3A38	N1787F	C172
3A3B	N1787J	P28A
3A40	N1787P	PA22
3A41	N1787Q	C150
3A44	N1787T	P28A
3A4D	N17872	J2
3A51	N17876	J2
3A54	N17879	GLID
3A56	N1788A	PA18
3A5C	N1788G	BE35
3A62	N1788N	C140
3A63	N1788P	PA22
3A64	N1788Q	C150
3A67	N1788T	C172
3A6E	N17880	H269
3A71	N17883	GLID
3A76	N17888	GLID
3A78	N1789	C185
3A7B	N1789C	C180
3A7D	N1789E	CH7A
3A84	N1789M	C208
3A88	N1789R	P28A
3A8A	N1789T	P28A
3A8C	N1789V	C172
3A93	N17892	GLID
3A94	N17893	GLID
3A9A	N17899	GLID
3A9F	N179AC	S64
3AA6	N179AK	BE36
3AA7	N179AL	PC12
3AA8	N179AM	HUSK
3AAC	N179AR	BE58
3AAD	N179AS	P208
3AB7	N179BB	TL20
3ABD	N179BH	H60
3AC0	N179BL	P46T
3ACA	N179BW	HUSK
3ACE	N179C	FA8X
3ACF	N179CA	E120
3AD0	N179CB	EC20
3AD1	N179CC	PA11
3AD2	N179CD	SR20
3AD7	N179CJ	FA20
3ADC	N179CP	C82T
3ADF	N179CS	C172
3AE0	N179CT	FDCT
3AE7	N179D	HUSK
3AE9	N179DB	C150
3AEA	N179DC	RV4
3AF3	N179DM	T206
3AF4	N179DN	B763
3AF8	N179DS	DA40
3B03	N179EC	PA31
3B0E	N179EP	L29
3B10	N179ER	C25B
3B11	N179ES	SONX
3B1E	N179FE	B763
3B32	N179G	ERCO
3B35	N179GC	HROC
3B44	N179GT	AA5
3B66	N179JB	E190
3B68	N179JD	S22T
3B75	N179JS	C82T
3B81	N179KD	BE35
3B8E	N179KS	GLIM
3B96	N179L	DA40
3B99	N179LC	C162
3B9C	N179LF	LJ60
3BAA	N179LV	C208
3BAF	N179M	ST75
3BB0	N179MA	MC45
3BB2	N179MC	BE33
3BB3	N179MD	BE9L
3BB4	N179ME	T206
3BBB	N179MM	C170
3BBF	N179MR	SR20
3BC0	N179MS	E170
3BC1	N179MT	AS55
3BCB	N179NC	TBM7
3BD9	N179NS	B06
3BE4	N179PC	BL8
3BE6	N179PE	CRER
3BE7	N179PF	C680
3BF3	N179PT	CORS
3C0B	N179QS	GL7T
3C13	N179R	BE35
3C14	N179RA	CH7B
3C1E	N179RL	B06
3C1F	N179RM	PA31
3C21	N179RP	CL35
3C23	N179RR	R66
3C27	N179RV	RV9
3C2D	N179SA	C208
3C32	N179SF	B407
3C3E	N179ST	P46T
3C41	N179SW	P28A
3C43	N179SY	E75L
3C46	N179TA	BE40
3C47	N179TB	BRAV
3C49	N179TD	EA50
3C4D	N179TH	RV6
3C5A	N179TW	BL17
3C5E	N179U	P208
3C73	N179UW	A321
3C79	N179VB	C82S
3C92	N179WB	B350
3C93	N179WC	C25B
3C98	N179WH	RV6
3CA1	N179WS	C182
3CA2	N179WT	RBEL
3CA8	N179WZ	C82R
3CB7	N179XP	C172
3CF3	N179ZZ	SH33
3CF9	N1790E	CH7A
3CFA	N1790F	C172
3CFD	N1790J	P28A
3D04	N1790R	C185
3D06	N1790T	P28A
3D07	N1790U	BE19
3D08	N1790V	C140
3D0E	N17901	GLID
3D0F	N17902	GLID
3D10	N17903	GLID
3D12	N17905	GLID
3D14	N17907	GLID
3D15	N17908	GLID
3D17	N1791	GLID
3D1C	N1791E	C310
3D1E	N1791G	BE35
3D23	N1791M	C337
3D24	N1791N	C120
3D25	N1791P	PA22
3D26	N1791Q	C150
3D2B	N1791V	C172
3D30	N17910	J2
3D31	N17911	GLID
3D32	N17912	GLID
3D34	N17914	GLID
3D35	N17915	H269
3D36	N17916	GLID
3D37	N17917	GLID
3D38	N17918	GLID
3D3F	N1792E	CH7A
3D41	N1792G	BE35
3D43	N1792J	P28A
3D4E	N1792V	C140
3D50	N1792X	LJ45
3D54	N17921	GLID
3D56	N17923	GLID
3D57	N17924	GLID
3D58	N17925	GLID
3D59	N17926	GLID
3D5A	N17927	GLID
3D5E	N1793A	PA18
3D61	N1793D	C170
3D64	N1793G	BE35
3D65	N1793H	C310
3D67	N1793K	L8
3D6C	N1793Q	C150
3D71	N1793V	C172
3D77	N17931	BE36
3D78	N17932	GLID
3D79	N17933	GLID
3D7A	N17934	GLID
3D7B	N17935	GLID
3D7C	N17936	GLID
3D7D	N17937	GLID
3D7E	N17938	GLID
3D7F	N17939	GLID
3D83	N1794C	C180
3D8C	N1794M	C182
3D8D	N1794N	C120
3D92	N1794T	P28A
3D95	N1794W	BE36
3D96	N1794X	C210
3D99	N17940	GLID
3D9B	N17942	GLID
3D9C	N17943	GLID
3D9D	N17944	GLID
3D9E	N17945	GLID
3DA0	N17947	GLID
3DA1	N17948	GLID
3DA2	N17949	GLID
3DA4	N1795A	PA18
3DA6	N1795C	C180
3DA8	N1795E	C310
3DAA	N1795G	BE35
3DAB	N1795H	P28R
3DAD	N1795K	L8
3DB0	N1795N	C120
3DB3	N1795R	C185
3DBC	N17950	GLID
3DBE	N17952	GLID
3DBF	N17953	GLID
3DC2	N17956	GLID
3DC6	N1796	T6
3DCA	N1796D	C170
3DCD	N1796G	C310
3DD4	N1796P	PA22
3DD6	N1796R	C185
3DD8	N1796T	P28A
3DDF	N17960	GLID
3DE2	N17963	B789
3DE5	N17966	GLID
3DE6	N17967	GLID
3DE7	N17968	GLID
3DE8	N17969	GLID
3DEC	N1797C	C180
3DED	N1797D	C170
3DEE	N1797E	CH7A
3DF0	N1797G	BE35
3DF1	N1797H	C310
3DF2	N1797J	AC11
3DF5	N1797M	C182
3DF6	N1797N	C120
3DF7	N1797P	PA22
3DF9	N1797R	T206
3DFD	N1797V	C120
3DFF	N1797X	C210
3E01	N1797Z	C336
3E02	N17970	GLID
3E03	N17971	GLID
3E05	N17973	GLID
3E06	N17974	GLID
3E07	N17975	GLID
3E0B	N17979	BE58
3E0D	N1798A	PA18
3E11	N1798E	CH7A
3E13	N1798G	BE35
3E18	N1798M	C182
3E20	N1798V	C140
3E22	N1798X	C210
3E25	N17980	BE58
3E29	N17984	E145
3E2A	N17985	BE17
3E2D	N17988	BE35
3E3D	N1799P	PA22
3E41	N1799T	P28A
3E47	N1799Z	C336
3E52	N18	BE9L
3E54	N18AA	H25B
3E56	N18AC	C172
3E57	N18AD	C182
3E58	N18AE	PA11
3E59	N18AF	BE20
3E5A	N18AG	GLIM
3E5B	N18AH	HUSK
3E5C	N18AJ	PA18
3E5D	N18AK	LNP4
3E5E	N18AL	T18
3E60	N18AN	CTAH
3E61	N18AP	AA5
3E63	N18AR	BE35
3E67	N18AV	SR22
3E68	N18AW	YK11
3E6B	N18AZ	RV6
3E6C	N18B	GA5C
3E6D	N18BA	H25B
3E6E	N18BB	C337
3E71	N18BE	BE33
3E72	N18BF	MU2
3E73	N18BG	LNCE
3E74	N18BH	B407
3E75	N18BJ	BE17
3E76	N18BK	C310
3E77	N18BL	RV8
3E79	N18BN	GLF5
3E7A	N18BP	LGEZ
3E7C	N18BR	PA32
3E81	N18BW	BE19
3E83	N18BY	BE18
3E84	N18BZ	PA18
3E86	N18CA	GL7T
3E89	N18CD	C180
3E8B	N18CF	GLID
3E8C	N18CG	F900
3E8D	N18CH	T18
3E8E	N18CJ	GLF5
3E8F	N18CK	S22T
3E90	N18CL	C182
3E91	N18CM	BE9T
3E92	N18CN	BE33
3E95	N18CR	T18
3E96	N18CS	CLBR
3E97	N18CT	MITE
3E99	N18CV	C560
3E9C	N18CY	S22T
3E9E	N18D	BE18
3E9F	N18DA	C185
3EA2	N18DD	T18
3EA6	N18DH	PA22
3EA9	N18DL	C310
3EAA	N18DM	C182
3EAB	N18DN	SR22
3EAE	N18DR	BE36
3EAF	N18DS	PC12
3EB0	N18DT	CH7B
3EB6	N18DZ	T18
3EB7	N18E	BE18
3EB9	N18EB	C172
3EBA	N18EC	TF19
3EBD	N18EF	DHC1
3EBE	N18EG	C414
3EC0	N18EJ	BE36
3EC1	N18EK	R44
3EC2	N18EL	RV8
3EC3	N18EM	SA30
3EC4	N18EN	CH7B
3EC9	N18ET	SR20
3ECB	N18EV	LJ55
3ECC	N18EW	BE35
3ED0	N18F	S108
3ED3	N18FC	B06
3ED4	N18FD	F260
3ED6	N18FF	H500
3ED7	N18FG	C172
3EDB	N18FL	FOX
3EDC	N18FM	SF50
3EDD	N18FN	LJ35
3EE0	N18FR	RV6
3EE1	N18FS	QIC2
3EE2	N18FT	P32R
3EE6	N18FX	CC11
3EE9	N18G	BE18
3EEB	N18GB	C650
3EEC	N18GC	PA23
3EEE	N18GE	PA18
3EF0	N18GG	LEG2
3EF1	N18GH	H500
3EF2	N18GJ	LJ45
3EF3	N18GK	SR20
3EF6	N18GN	GLF5
3EF7	N18GP	PA18
3EFC	N18GU	H25B
3EFF	N18GX	M20P
3F00	N18GY	C56X
3F02	N18H	GLF5
3F05	N18HC	C501
3F06	N18HD	BL8
3F08	N18HF	S76
3F0B	N18HJ	C550
3F0D	N18HL	PA31
3F0E	N18HM	BE58
3F10	N18HP	C82T
3F12	N18HR	C172
3F15	N18HU	HUSK
3F16	N18HV	RV8
3F19	N18HY	SR22
3F1B	N18J	GB1
3F1C	N18JA	C172
3F1D	N18JB	PTS2
3F1E	N18JC	COUR
3F20	N18JE	C56X
3F21	N18JF	T18
3F22	N18JG	CC11
3F23	N18JH	BE95
3F25	N18JK	M20P
3F26	N18JL	P337
3F27	N18JM	PA46
3F29	N18JP	EAGL
3F2A	N18JQ	T18
3F2B	N18JR	PC24
3F2C	N18JS	PA46
3F2D	N18JT	T18
3F2F	N18JV	RV4
3F31	N18JX	SF50
3F34	N18K	C25B
3F35	N18KA	BE20
3F36	N18KB	RV8
3F38	N18KD	AT3T
3F3A	N18KF	BE36
3F3B	N18KG	CH60
3F3E	N18KK	C150
3F40	N18KM	FOX
3F45	N18KS	C750
3F47	N18KU	M7
3F49	N18KW	GLF2
3F4A	N18KX	PA11
3F4B	N18KY	RV9
3F4D	N18L	GLID
3F4E	N18LA	B412
3F50	N18LC	RV7
3F51	N18LD	RV8
3F52	N18LE	T18
3F53	N18LF	T18
3F54	N18LG	BE18
3F55	N18LH	P32R
3F56	N18LJ	PA18
3F57	N18LK	BE18
3F58	N18LL	BE36
3F59	N18LM	RV4
3F5B	N18LP	PA18
3F5D	N18LR	RV4
3F5F	N18LT	CH75
3F61	N18LV	P28A
3F62	N18LW	C72R
3F64	N18LY	BE23
3F66	N18M	LNC2
3F6A	N18MD	BE55
3F6C	N18MF	E55P
3F6D	N18MG	GLIM
3F6F	N18MJ	BE36
3F70	N18MK	J3
3F72	N18MM	C25C
3F74	N18MP	HROC
3F75	N18MQ	R44
3F76	N18MR	C340
3F77	N18MS	WAIX
3F78	N18MT	B14A
3F7A	N18MV	FA7X
3F7B	N18MW	PA23
3F7D	N18MY	BE9L
3F7E	N18MZ	F900
3F80	N18NA	C550
3F81	N18NB	LA4
3F82	N18NC	BL8
3F83	N18ND	PA18
3F84	N18NE	R44
3F85	N18NF	C210
3F86	N18NG	BOLT
3F87	N18NH	T18
3F88	N18NJ	C82R
3F8B	N18NM	C208
3F8C	N18NN	GLEX
3F8F	N18NR	C208
3F90	N18NS	C172
3F91	N18NT	DHC2
3F95	N18NX	CC11
3F96	N18NY	GA5C
3F98	N18P	WCAT
3F99	N18PA	PA18
3F9A	N18PB	C182
3F9B	N18PC	PA18
3F9C	N18PD	EN28
3F9E	N18PF	RV7
3F9F	N18PG	WAIX
3FA0	N18PH	GLID
3FA2	N18PK	PTS2
3FA8	N18PR	M5
3FA9	N18PS	T34P
3FAC	N18PV	RV8
3FAD	N18PW	C210
3FAE	N18PX	PA18
3FCA	N18R	GA6C
3FCB	N18RA	LJ35
3FCC	N18RB	BE33
3FCD	N18RC	CL60
3FCF	N18RE	PA18
3FD0	N18RF	PRM1
3FD2	N18RH	R44
3FD3	N18RJ	PA23
3FD4	N18RK	PA34
3FD5	N18RL	PA31
3FD8	N18RP	PA18
3FDB	N18RS	PA23
3FDD	N18RU	GL5T
3FDE	N18RV	RV4
3FDF	N18RW	BE18
3FE0	N18RX	C208
3FE1	N18RY	BE18
3FE3	N18S	GLF4
3FE4	N18SA	SR22
3FE5	N18SB	C182
3FE6	N18SC	BE58
3FE7	N18SD	GLID
3FE8	N18SE	BE18
3FE9	N18SF	BE9T
3FEA	N18SG	C310
3FEB	N18SH	GLF4
3FEC	N18SJ	GLAS
3FF0	N18SN	PA18
3FF1	N18SP	B407
3FF3	N18SR	TBM7
3FF4	N18SS	B47G
3FF5	N18ST	C172
3FF6	N18SU	RS18
3FF7	N18SV	GLAS
3FF8	N18SW	P28A
3FFC	N18T	C421
3FFD	N18TA	GLAS
3FFE	N18TB	C82R
3FFF	N18TC	C421
4001	N18TE	T18
4002	N18TF	C25A
4003	N18TG	EXEC
4006	N18TK	C182
4007	N18TL	C182
4008	N18TM	GLEX
400A	N18TP	PA34
400E	N18TT	T18
400F	N18TU	BE35
4010	N18TV	GLF4
4013	N18TY	RV8
4015	N18U	RV8
401B	N18UF	GLIM
401C	N18UG	PA18
4022	N18UN	PTS1
402E	N18V	BE17
402F	N18VA	RV8
4034	N18VF	C56X
4035	N18VG	BE36
4037	N18VJ	BE58
403C	N18VP	T18
403E	N18VR	BE58
4040	N18VT	WAIX
4041	N18VU	C310
4042	N18VV	C402
4047	N18W	RV8
4048	N18WA	HUSK
404A	N18WC	CH7
404B	N18WD	SR22
404C	N18WE	C680
404E	N18WG	SR22
4052	N18WL	C180
4053	N18WM	PA32
4055	N18WP	BE35
4056	N18WQ	F2TH
4057	N18WR	P28A
4058	N18WS	L8
4059	N18WT	SR22
405C	N18WW	BE36
405E	N18WY	HUSK
405F	N18WZ	GLEX
4060	N18X	BE36
4069	N18XJ	SF50
406B	N18XL	RV8
406C	N18XM	CH7B
406E	N18XP	RV6
4071	N18XS	T18
4075	N18XW	BE18
407A	N18YA	YK18
407F	N18YF	SF50
4081	N18YH	PA18
4084	N18YL	R44
4087	N18YP	E50P
408A	N18YS	YK18
408B	N18YT	RV8
408D	N18YV	YK18
408F	N18YX	WAIX
4091	N18YZ	C150
4092	N18Z	T18
4094	N18ZB	PA18
4096	N18ZD	C25C
4098	N18ZF	PA18
409A	N18ZH	HDJT
409C	N18ZK	C208
40A0	N18ZP	C182
40AB	N180	C180
40AC	N180A	C180
40AD	N180AA	C180
40AE	N180AB	C180
40AF	N180AC	P28A
40B1	N180AE	B733
40B2	N180AF	C180
40B3	N180AG	C180
40B4	N180AH	C180
40B5	N180AJ	C180
40B6	N180AK	C180
40B8	N180AM	RV6
40B9	N180AN	C180
40BA	N180AP	C180
40BB	N180AQ	C180
40BD	N180AS	MA5
40BE	N180AT	PA18
40C0	N180AV	P180
40C3	N180AY	C180
40C4	N180AZ	C180
40C5	N180B	C560
40C7	N180BB	C180
40C8	N180BC	PA24
40C9	N180BD	C180
40CB	N180BF	C180
40CD	N180BH	C180
40CF	N180BK	C180
40D0	N180BL	NG5
40D3	N180BP	P180
40D5	N180BR	C180
40D6	N180BS	C180
40D7	N180BT	C180
40D9	N180BV	P28A
40DA	N180BW	C82S
40DD	N180BZ	SR22
40DE	N180C	C180
40DF	N180CA	HUSK
40E0	N180CB	C180
40E1	N180CC	P28A
40E3	N180CE	C180
40E4	N180CF	RV4
40E5	N180CG	BL8
40E6	N180CH	GLF4
40EC	N180CP	C172
40ED	N180CQ	P28A
40EE	N180CR	C180
40F0	N180CT	C180
40F2	N180CV	P28R
40F6	N180CZ	COZY
40F7	N180D	C180
40F8	N180DA	C180
40F9	N180DB	GLID
40FA	N180DC	C180
40FB	N180DD	RV4
40FD	N180DF	C180
40FE	N180DG	C180
40FF	N180DH	C180
4101	N180DK	C180
4102	N180DL	C180
4103	N180DM	C180
4104	N180DN	B763
4105	N180DP	P28A
4107	N180DR	C180
4108	N180DS	C180
4109	N180DT	C180
410A	N180DU	C180
410C	N180DW	PA22
4110	N180E	P28A
4111	N180EA	DHC2
4112	N180EB	P28A
4113	N180EC	C180
4116	N180EF	C150
4118	N180EH	C180
411B	N180EL	C180
411C	N180EM	C180
411D	N180EN	PA18
4121	N180ES	C180
4122	N180ET	C180
4124	N180EV	C180
4125	N180EW	C180
4126	N180EX	RV6
4128	N180EZ	LGEZ
4129	N180F	SA30
412B	N180FB	P180
412C	N180FC	C180
412E	N180FE	B763
4132	N180FJ	C180
4133	N180FK	C180
4135	N180FM	C180
4136	N180FN	C180
4137	N180FP	C180
413A	N180FS	C180
413B	N180FT	C180
4142	N180G	AC50
4144	N180GB	C180
4145	N180GC	C208
4146	N180GD	WACF
4147	N180GE	RV8
4149	N180GG	GLAS
414A	N180GH	C180
414D	N180GL	C180
414E	N180GM	C180
4150	N180GP	C180
4152	N180GR	C180
4154	N180GT	C180
415B	N180H	C170
415C	N180HA	UH12
415D	N180HB	C180
415E	N180HC	C180
415F	N180HD	C180
4164	N180HJ	HUSK
4165	N180HK	C180
4166	N180HL	C560
4169	N180HP	C150
416B	N180HR	C180
416C	N180HS	C180
416E	N180HU	HUSK
416F	N180HV	C180
4171	N180HX	C180
4172	N180HY	HUSK
4174	N180J	C180
4175	N180JA	C180
4177	N180JC	C180
4178	N180JD	C180
4179	N180JE	C180
417A	N180JF	C180
417C	N180JH	C180
417D	N180JJ	C180
417E	N180JK	C180
417F	N180JL	C180
4180	N180JM	C180
4181	N180JN	PA18
4182	N180JP	C180
4185	N180JS	C180
4186	N180JT	C180
4188	N180JV	C180
4189	N180JW	C180
418D	N180K	BOLT
418E	N180KA	C180
4192	N180KE	C180
4195	N180KH	T206
4197	N180KK	C180
4199	N180KM	C180
419A	N180KN	C180
419B	N180KP	C180
419C	N180KQ	K100
419E	N180KS	C172
419F	N180KT	SR22
41A2	N180KW	C180
41A4	N180KY	HUSK
41A6	N180L	C180
41A7	N180LA	BL8
41A9	N180LC	C180
41AA	N180LD	GALX
41AB	N180LE	C180
41AC	N180LF	C180
41AD	N180LG	C180
41AE	N180LH	C180
41AF	N180LJ	C180
41B0	N180LK	P28A
41B1	N180LL	C180
41B2	N180LM	C180
41B6	N180LR	P28A
41B7	N180LS	P28A
41B8	N180LT	C180
41BA	N180LV	C180
41BB	N180LW	C180
41BD	N180LY	S108
41C0	N180MA	M7
41C1	N180MB	C180
41C2	N180MC	FOX
41C3	N180MD	EAGL
41C4	N180ME	C180
41C5	N180MF	TBM7
41C7	N180MH	C180
41C8	N180MJ	C180
41C9	N180MK	C180
41CA	N180ML	PA24
41CB	N180MM	C180
41D0	N180MS	C180
41D1	N180MT	C180
41D4	N180MW	C180
41D5	N180MX	M7
41D8	N180N	C180
41D9	N180NA	C180
41DD	N180NE	H25B
41E0	N180NH	M7
41E4	N180NM	C180
41EA	N180NT	C180
41EC	N180NV	C182
41ED	N180NW	C180
41EF	N180NY	C172
41F1	N180P	PA24
41F3	N180PB	BPAT
41F4	N180PC	C180
41F6	N180PE	GLEX
41F7	N180PF	RV4
41F8	N180PG	C180
41F9	N180PH	C180
41FA	N180PJ	C180
41FB	N180PK	C180
41FF	N180PP	C180
4201	N180PR	C180
4203	N180PT	C180
4206	N180PW	C180
4207	N180PX	C180
4209	N180PZ	PA18
420A	N180Q	AS50
421B	N180QS	GL7T
4224	N180RA	C180
4225	N180RB	RV4
4226	N180RC	C25C
4227	N180RD	C180
4229	N180RF	C180
422A	N180RG	T18
422B	N180RH	C180
422C	N180RJ	C180
422E	N180RL	C180
4230	N180RN	C180
4231	N180RP	C180
4233	N180RR	CC11
4234	N180RS	CLON
4235	N180RT	C180
4236	N180RU	C180
4237	N180RV	RV4
4238	N180RW	C180
4239	N180RX	C180
423A	N180RY	C180
423C	N180S	C180
423D	N180SA	C180
423E	N180SB	C180
423F	N180SC	B06
4242	N180SF	C180
4244	N180SH	C180
4245	N180SJ	C180
4246	N180SK	C180
4248	N180SM	C180
4249	N180SN	C180
424C	N180SR	C180
424F	N180SU	C172
4251	N180SW	C180
4254	N180SZ	C180
4255	N180T	PA18
4257	N180TB	C180
4258	N180TC	C180
4259	N180TD	M7
425B	N180TF	C180
425D	N180TH	EN48
425F	N180TK	C180
4260	N180TL	C182
4261	N180TM	C180
4262	N180TN	C180
4263	N180TP	C180
4265	N180TR	C180
4266	N180TS	LGEZ
4267	N180TT	PTS1
426A	N180TW	C180
4270	N180UB	C180
4274	N180UF	C180
427F	N180US	A321
4287	N180V	C180
4288	N180VA	RV4
4289	N180VB	GLST
4293	N180VM	M4
4299	N180VT	C180
429B	N180VV	M4
429C	N180VW	C180
42A0	N180W	C180
42A1	N180WA	C180
42A2	N180WB	C180
42A3	N180WC	RV7
42A4	N180WD	C180
42A6	N180WF	C180
42A7	N180WG	C180
42A8	N180WH	C180
42A9	N180WJ	C180
42AB	N180WL	C180
42B0	N180WR	DHC1
42B1	N180WS	C180
42B5	N180WW	C180
42B9	N180X	C180
42BB	N180XB	C180
42BC	N180XC	CC19
42C4	N180XL	C180
42C7	N180XP	C180
42C9	N180XR	C180
42CF	N180XX	MAGN
42DA	N180YH	C180
42E0	N180YP	C180
42E3	N180YS	C182
42E9	N180YY	C180
42EB	N180Z	C180
42EC	N180ZA	PA11
42FB	N180ZR	C180
4307	N1800C	CRJ2
430A	N1800F	C210
430C	N1800H	COL3
430D	N1800J	P28A
4312	N1800P	BE23
4313	N1800Q	C182
4314	N1800R	C82R
4315	N1800S	GLID
4316	N1800T	P28A
4318	N1800V	BE36
431A	N1800X	C182
4321	N18004	C150
4323	N18006	C150
4324	N18007	PC12
4328	N1801A	PA22
4329	N1801B	BE9L
432B	N1801D	BE18
432C	N1801E	BE23
4330	N1801J	P28A
4332	N1801L	BE95
4333	N1801M	BE33
4335	N1801P	PA22
4337	N1801R	H269
4339	N1801T	P28A
433B	N1801V	BE36
433D	N1801X	C182
433F	N1801Z	C210
4340	N18010	DHC1
4345	N18015	C150
434A	N1802	C182
434C	N1802B	L8
434F	N1802E	CH7A
4350	N1802F	C210
4353	N1802J	P28A
4354	N1802K	L8
4356	N1802M	AT8T
4359	N1802Q	AT8T
435A	N1802R	C185
435C	N1802T	P28A
435E	N1802V	C172
435F	N1802W	T206
4362	N1802Z	C210
4363	N18020	C150
4364	N18021	C150
4366	N18023	C150
4367	N18024	DHC1
4369	N18026	C177
436B	N18028	BE17
436F	N1803B	L8
4370	N1803C	C170
4373	N1803F	FOX
4374	N1803G	CH7A
4378	N1803L	BE35
4381	N1803V	C120
4382	N1803W	BE35
4383	N1803X	BE36
4384	N1803Y	C172
4388	N18032	C150
4389	N18033	C150
438B	N18035	CMAS
438E	N18038	C177
4392	N1804B	L8
4394	N1804D	BE35
4396	N1804F	C210
4397	N1804G	CH7B
4398	N1804H	PA32
4399	N1804J	P28A
439E	N1804P	PA22
439F	N1804Q	DHC1
43A0	N1804R	BE77
43A3	N1804U	B38M
43A4	N1804V	C172
43A5	N1804W	BE55
43A7	N1804Y	C172
43AD	N18044	BE17
43AF	N18046	C150
43B1	N18048	DHC1
43B2	N18049	DHC1
43B3	N1805	C185
43B4	N1805A	A319
43B6	N1805C	C170
43B7	N1805D	BT36
43BA	N1805G	CH7A
43BB	N1805H	P32R
43BC	N1805J	P28A
43BD	N1805K	L8
43BE	N1805L	BE35
43C0	N1805N	C120
43C1	N1805P	PA22
43C3	N1805R	BE36
43C6	N1805U	B38M
43C7	N1805V	BE77
43C8	N1805W	BE95
43CC	N18050	C150
43CE	N18052	C150
43CF	N18053	C180
43D1	N18055	C180
43DA	N1806D	BE58
43DD	N1806G	CH7A
43E1	N1806L	BE36
43E6	N1806R	C82R
43E7	N1806S	BT36
43E9	N1806U	B38M
43EA	N1806V	C140
43EB	N1806W	BE95
43EC	N1806X	C182
43ED	N1806Y	C172
43F0	N18061	C150
43F6	N18067	C150
43F8	N18069	C150
43F9	N1807	B06
43FB	N1807B	BT36
43FC	N1807C	C170
43FE	N1807E	CH7A
43FF	N1807F	BT36
4404	N1807L	BE36
4406	N1807N	BE58
4407	N1807P	PA22
4409	N1807R	C82R
440B	N1807T	P28A
440C	N1807U	B38M
440D	N1807V	C120
4413	N18071	C150
4417	N18075	C180
4418	N18076	C150
441C	N1808	H500
441F	N1808C	SF50
4420	N1808D	BE35
4423	N1808G	CH7A
4425	N1808J	AC11
4428	N1808M	C170
442B	N1808Q	BT36
442C	N1808R	BE58
442D	N1808S	BE60
4430	N1808V	C140
4432	N1808X	C182
4433	N1808Y	C172
4434	N1808Z	C210
4436	N18081	C150
443C	N18087	BE76
4440	N1809A	BE36
4446	N1809G	CH7A
4447	N1809H	P28A
4448	N1809J	AC11
444A	N1809L	BE33
444B	N1809M	C337
4450	N1809S	BE36
4451	N1809T	P28A
4452	N1809U	B38M
4455	N1809X	C182
4457	N1809Z	C210
445F	N18097	L12
4462	N181	ST75
4463	N181A	RV6
4465	N181AB	COY2
4466	N181AC	BE33
4468	N181AE	P28A
4469	N181AF	R44
446A	N181AG	P32T
446D	N181AK	PA18
446F	N181AM	LEG2
4470	N181AN	B752
4477	N181AV	P28A
4478	N181AW	PA18
447C	N181B	EFOX
447D	N181BA	P28A
447F	N181BC	GLF4
4480	N181BD	BE60
4484	N181BH	P28A
4491	N181BW	P28A
4494	N181BZ	BCS3
4497	N181CB	BE35
4498	N181CC	S22T
4499	N181CD	SR20
449C	N181CG	BE9L
449D	N181CH	C25C
44A2	N181CN	C25C
44A3	N181CP	C182
44A7	N181CT	P28A
44AA	N181CW	DA42
44AF	N181DA	DA40
44B0	N181DB	S22T
44B1	N181DC	PA31
44B4	N181DF	DA40
44B6	N181DH	C206
44B7	N181DJ	P28A
44BB	N181DN	B763
44BC	N181DP	P28R
44BE	N181DR	RV7
44BF	N181DS	DA40
44C3	N181DW	P32R
44C6	N181DZ	PA18
44C7	N181E	C182
44C9	N181EB	C550
44CD	N181EF	LJ35
44CF	N181EH	AS50
44D0	N181EJ	SR22
44E1	N181FA	P28A
44E3	N181FC	P28A
44E5	N181FE	B763
44E8	N181FH	H25B
44EB	N181FL	CVLP
44EC	N181FM	PA34
44F9	N181G	C550
44FB	N181GB	P28A
44FD	N181GD	F2TH
4502	N181GJ	CRJ9
4507	N181GP	P28A
450A	N181GS	C82S
4512	N181H	BLKS
4517	N181HE	P28A
451A	N181HH	RV7
451D	N181HL	BLKS
452B	N181J	A139
452D	N181JB	C180
4537	N181JM	C180
4539	N181JP	BE33
453B	N181JR	BE58
4540	N181JW	SR22
4544	N181K	EFOX
454A	N181KF	FOX
454B	N181KG	LEG2
4554	N181KR	CRUZ
4556	N181KT	M20P
455D	N181L	M7
455F	N181LB	C82S
4561	N181LD	COL4
4568	N181LL	AVID
456E	N181LS	P28A
456F	N181LT	EPIC
4577	N181MA	B407
4578	N181MB	R44
4579	N181MC	SR22
457B	N181ME	T206
457E	N181MH	P28A
457F	N181MJ	M7
4580	N181MK	S22T
4584	N181MP	BE20
4586	N181MR	P28A
4587	N181MS	T18
458B	N181MW	C72R
458C	N181MX	MONI
45AA	N181PB	P28A
45AB	N181PC	T206
45AC	N181PD	P28A
45AF	N181PG	P28A
45B1	N181PJ	BE35
45B2	N181PK	T206
45B3	N181PL	AS50
45B7	N181PQ	CRJ9
45B8	N181PR	GLF4
45BA	N181PT	PA11
45C1	N181Q	FDCT
45D2	N181QS	GL7T
45DA	N181R	B505
45DB	N181RA	BL8
45DC	N181RB	C180
45DD	N181RC	C180
45DE	N181RD	C337
45DF	N181RE	T18
45E0	N181RF	ST75
45E3	N181RJ	P28A
45E4	N181RK	FA20
45E6	N181RM	BE35
45E8	N181RP	C180
45EB	N181RS	EFOX
45EE	N181RV	RV8
45F3	N181S	VJ22
45F4	N181SA	C206
45F5	N181SB	RV8
45F7	N181SD	UH1
45FA	N181SG	C560
4604	N181SS	P180
4605	N181ST	C180
460A	N181SY	E75L
460C	N181T	PA18
460D	N181TA	M7
460E	N181TB	P28A
460F	N181TC	P28A
4614	N181TH	EN48
4616	N181TK	P28A
4618	N181TM	BL8
461A	N181TP	P28A
461C	N181TR	PA46
461D	N181TS	P28A
461E	N181TT	C172
4622	N181TX	T206
4625	N181U	C82R
463A	N181UW	A321
4652	N181VV	C150
4657	N181W	S22T
465A	N181WC	HUSK
465C	N181WE	C25B
465D	N181WF	P28A
465E	N181WG	P28A
4663	N181WM	P28A
4668	N181WS	C25B
4669	N181WT	SR22
467B	N181XL	C180
467E	N181XP	H25B
4689	N181Y	P28A
46A2	N181Z	BE20
46BC	N1810A	SR20
46BD	N1810B	L8
46BF	N1810D	BE35
46C0	N1810E	CH7A
46C8	N1810N	C120
46C9	N1810P	PA22
46CB	N1810R	C82R
46CC	N1810S	C82S
46D2	N1810Y	C172
46D3	N1810Z	C210
46D4	N18100	C150
46D5	N18101	E45X
46D6	N18102	E45X
46D8	N18104	C150
46DC	N18108	C170
46DE	N1811	B06
46E0	N1811B	TEX2
46E1	N1811C	C170
46E2	N1811D	BT36
46E3	N1811E	CH7A
46E5	N1811G	CH7A
46E7	N1811J	P28A
46E8	N1811K	L8
46EF	N1811S	H25B
46F0	N1811T	GLID
46F3	N1811W	GLIM
46F4	N1811X	C182
46F5	N1811Y	BE36
46F7	N18110	C150
46F9	N18112	B752
46FB	N18114	E45X
46FC	N18115	C150
46FF	N18118	C185
4700	N18119	B752
4704	N1812C	GA6C
4706	N1812E	C172
4707	N1812F	BE77
470A	N1812J	P28A
470B	N1812K	L8
470C	N1812L	BE35
470E	N1812N	C120
470F	N1812P	PA22
4710	N1812Q	T206
4711	N1812R	C185
4712	N1812S	BE76
4716	N1812W	BE55
4717	N1812X	C182
4718	N1812Y	C172
4719	N1812Z	BE77
471A	N18120	E45X
471B	N18121	DC3
4720	N18126	C150
4723	N18129	C177
4726	N1813B	BE36
4729	N1813E	CH7A
472B	N1813G	CH7A
472D	N1813J	P28A
472E	N1813K	L8
4732	N1813P	FOX
4739	N1813W	BE33
473B	N1813Y	BE33
4742	N18135	C150
4748	N1814A	RV14
474A	N1814C	BE95
474B	N1814D	PA18
474C	N1814E	BT36
474D	N1814F	C210
4750	N1814J	P28A
4754	N1814N	BE77
4758	N1814S	BE36
4759	N1814T	RV10
475B	N1814V	C172
475C	N1814W	BE58
4760	N18140	C150
4761	N18141	PA18
4762	N18142	BE58
4764	N18144	C150
4765	N18145	C150
476B	N1815A	PA22
476C	N1815B	L8
476E	N1815D	BE35
4770	N1815F	BE36
4771	N1815G	BE35
4772	N1815H	T210
4775	N1815L	BE58
4776	N1815M	C337
477A	N1815R	C185
477C	N1815T	T51
477D	N1815U	C82S
4784	N18151	BE77
4788	N18155	C150
478A	N18157	C150
478B	N18158	C150
478C	N18159	C177
478D	N1816	HUSK
478F	N1816B	L8
4790	N1816C	C170
4791	N1816D	BE35
4793	N1816F	C210
4795	N1816H	C310
4796	N1816J	C82R
4797	N1816K	L8
479A	N1816N	BE76
479C	N1816Q	C77R
479D	N1816R	C185
479F	N1816T	P28A
47A4	N1816Y	C172
47A5	N1816Z	BE23
47A7	N18161	J3
47A8	N18162	C150
47A9	N18163	C150
47AA	N18164	C150
47AD	N18167	C150
47B1	N1817A	BT36
47B2	N1817B	L8
47B5	N1817E	C172
47B7	N1817G	CH7A
47B9	N1817J	P28A
47BB	N1817L	BE36
47BC	N1817M	MG17
47BF	N1817Q	C77R
47C1	N1817S	BE58
47C2	N1817T	P28A
47C4	N1817V	C120
47C6	N1817X	C182
47C8	N1817Z	BE58
47CA	N18171	C150
47CC	N18173	C150
47CD	N18174	C177
47D0	N18177	C150
47D3	N1818	C180
47D4	N1818A	C182
47D5	N1818B	L8
47D6	N1818C	SF50
47D8	N1818E	CH7A
47DA	N1818G	CH7A
47DC	N1818J	P28A
47DF	N1818M	GALX
47E0	N1818N	C120
47E1	N1818P	M20P
47E3	N1818R	C82R
47E4	N1818S	GA5C
47E5	N1818T	P28A
47E9	N1818X	BE36
47EA	N1818Y	BE36
47EE	N18182	C182
47EF	N18183	C150
47F5	N18189	C150
47F6	N1819	PA22
47F8	N1819B	M7
47FA	N1819D	BL8
47FD	N1819G	C82R
4801	N1819L	BE36
4802	N1819M	BT36
4803	N1819N	C120
4805	N1819Q	C77R
4806	N1819R	BE77
480A	N1819V	C120
480C	N1819X	C182
480F	N18190	BE95
4816	N18197	C150
4817	N18198	C150
4818	N18199	C150
481A	N182A	C182
481B	N182AA	B06
481C	N182AB	C82S
481D	N182AC	C182
481F	N182AE	C182
4820	N182AF	C182
4821	N182AG	C182
4822	N182AH	C82S
4823	N182AJ	C82S
4824	N182AK	C182
4825	N182AL	C182
4826	N182AM	C82S
4827	N182AN	B752
4828	N182AP	C182
482A	N182AR	C182
482B	N182AS	R22
482E	N182AV	C182
4830	N182AX	C82T
4832	N182AZ	C182
4833	N182B	B47G
4834	N182BA	C182
4835	N182BB	C182
4836	N182BC	C182
4837	N182BD	C182
4838	N182BE	C182
483A	N182BG	C82T
483E	N182BL	C182
483F	N182BM	C182
4840	N182BN	C182
4841	N182BP	C82R
4843	N182BR	C182
4844	N182BS	C182
4845	N182BT	C182
4847	N182BV	C182
484B	N182BZ	C82R
484C	N182C	C182
484D	N182CA	BE9T
484E	N182CB	C182
484F	N182CC	C182
4850	N182CD	C182
4852	N182CF	C82R
4853	N182CG	C182
4854	N182CH	C182
4855	N182CJ	C182
4856	N182CK	C82S
4857	N182CL	C182
4858	N182CM	C82R
485A	N182CP	C182
485B	N182CQ	C182
485C	N182CR	C82S
485D	N182CS	C182
485F	N182CU	C182
4860	N182CV	C182
4861	N182CW	C82R
4862	N182CX	C182
4865	N182D	PTS1
4866	N182DA	C182
4867	N182DB	C182
4868	N182DC	C82R
4869	N182DD	C82S
486A	N182DE	C82R
486B	N182DF	C182
486C	N182DG	C182
486D	N182DH	C182
486E	N182DJ	C182
486F	N182DK	C182
4870	N182DL	C182
4872	N182DN	B763
4873	N182DP	C82T
4875	N182DR	C182
4877	N182DT	C182
4878	N182DU	C82S
4879	N182DV	C182
487C	N182DY	C182
487E	N182E	C182
487F	N182EA	C182
4880	N182EB	C82R
4881	N182EC	VELO
4882	N182ED	C182
4883	N182EE	C82S
4884	N182EF	C182
4885	N182EG	C182
4887	N182EJ	C182
4889	N182EL	C82S
488A	N182EM	C82T
488C	N182EP	C182
488D	N182EQ	C182
4892	N182EV	EVSS
4893	N182EW	C182
4897	N182F	C182
4898	N182FA	C182
4899	N182FB	C182
489C	N182FE	B763
489D	N182FF	C182
48A4	N182FN	C82S
48A5	N182FP	C182
48A7	N182FR	ND1T
48A8	N182FS	C182
48A9	N182FT	C182
48AD	N182FX	FA62
48B1	N182GA	C82S
48B2	N182GB	C182
48B3	N182GC	C182
48B5	N182GE	C182
48B6	N182GF	C82S
48B7	N182GG	C182
48B8	N182GH	C82S
48B9	N182GJ	CRJ9
48BB	N182GL	C82R
48BC	N182GM	C82T
48BE	N182GP	C182
48BF	N182GQ	C182
48C0	N182GR	C82R
48C1	N182GS	C182
48C5	N182GW	C182
48C8	N182GZ	C82R
48C9	N182H	C182
48CA	N182HA	C82R
48CC	N182HC	C182
48CD	N182HD	C182
48CE	N182HE	C82T
48CF	N182HF	C82T
48D4	N182HL	C182
48D5	N182HM	C182
48D7	N182HP	C182
48D9	N182HR	C182
48DA	N182HS	C182
48DF	N182HX	C82T
48E1	N182HZ	C82S
48E2	N182J	C182
48E4	N182JB	C182
48E5	N182JC	C182
48E6	N182JD	C82S
48E7	N182JE	C182
48E8	N182JF	C182
48E9	N182JG	C182
48EB	N182JJ	C182
48EC	N182JK	C182
48ED	N182JL	C182
48F0	N182JP	C182
48F3	N182JS	C82S
48F6	N182JV	C182
48F7	N182JW	C182
48FA	N182JZ	C82S
48FB	N182K	C182
48FC	N182KA	C182
48FD	N182KB	C182
48FE	N182KC	C182
4900	N182KE	C182
4901	N182KF	C182
4902	N182KG	C82S
4903	N182KH	C82S
4905	N182KK	C182
4906	N182KL	C182
4907	N182KM	C182
4909	N182KP	C182
490A	N182KQ	K100
490B	N182KR	C182
490C	N182KS	C82R
490D	N182KT	C182
490E	N182KU	C82R
490F	N182KV	C182
4910	N182KW	C182
4914	N182L	C182
4916	N182LB	C182
4917	N182LC	C182
4918	N182LD	C182
4919	N182LE	C182
491A	N182LF	C182
491B	N182LG	C82R
491C	N182LH	C182
491D	N182LJ	C182
491E	N182LK	C82S
491F	N182LL	C182
4920	N182LM	C82T
4921	N182LN	C182
4922	N182LP	C82S
4924	N182LR	C182
4927	N182LU	C82S
4928	N182LV	C182
4929	N182LW	C182
492A	N182LX	C182
492D	N182M	C182
492E	N182MA	C172
492F	N182MB	C182
4930	N182MC	C82S
4932	N182ME	C82S
4933	N182MF	C182
4934	N182MG	C82S
4936	N182MJ	C82R
4937	N182MK	C182
4938	N182ML	C182
4939	N182MM	C182
493B	N182MP	C182
493D	N182MR	C182
493E	N182MS	C82R
493F	N182MT	C182
4940	N182MU	C82S
4941	N182MV	C82T
4944	N182MY	C182
4946	N182N	C182
4947	N182NA	C182
4949	N182NC	C82R
494E	N182NH	C182
494F	N182NJ	C82S
4952	N182NM	C182
4956	N182NR	C182
4957	N182NS	C182
495B	N182NW	C172
495F	N182P	NAVI
4961	N182PB	AT3T
4962	N182PC	C182
4963	N182PD	C182
4966	N182PG	C182
4967	N182PH	C82T
4968	N182PJ	C82S
4969	N182PK	C182
496A	N182PL	C182
496B	N182PM	C82T
496D	N182PP	C82S
496F	N182PR	C182
4970	N182PS	C182
4971	N182PT	C182
4972	N182PU	C182
4973	N182PV	C182
4974	N182PW	C182
4975	N182PX	C182
4977	N182PZ	C182
4978	N182Q	BE35
4979	N182QA	C82S
4989	N182QS	GL7T
498A	N182QT	C182
4991	N182R	C182
4992	N182RA	C182
4993	N182RB	C182
4996	N182RE	C182
4997	N182RF	C182
4999	N182RH	C82T
499A	N182RJ	C182
499B	N182RK	C182
499C	N182RL	C182
499D	N182RM	C182
499E	N182RN	C82R
499F	N182RP	GLAS
49A1	N182RR	C82T
49A2	N182RS	C182
49A3	N182RT	C82R
49A5	N182RV	C82S
49A6	N182RW	C182
49AA	N182S	C182
49AC	N182SB	C182
49AD	N182SC	C182
49AF	N182SE	C182
49B1	N182SG	C182
49B2	N182SH	C182
49B3	N182SJ	C82T
49B5	N182SL	C182
49B8	N182SP	C182
49B9	N182SQ	C82R
49BA	N182SR	C182
49BB	N182SS	C182
49BC	N182ST	C182
49BE	N182SV	C82S
49BF	N182SW	C182
49C1	N182SY	E75L
49C2	N182SZ	C182
49C3	N182T	BE95
49C4	N182TA	C82S
49C5	N182TB	C182
49C6	N182TC	C82S
49C7	N182TD	C182
49C9	N182TF	C182
49CA	N182TG	C182
49CB	N182TH	C182
49CC	N182TJ	C182
49CD	N182TK	C182
49CF	N182TM	C182
49D0	N182TN	C182
49D1	N182TP	C182
49D3	N182TR	C82S
49D4	N182TS	C82S
49D5	N182TT	C182
49D7	N182TV	C182
49D8	N182TW	C182
49D9	N182TX	C182
49DC	N182U	C82R
49DD	N182UA	B744
49E6	N182UK	C182
49E7	N182UL	C182
49ED	N182US	C182
49F1	N182UW	A321
49F5	N182V	C182
49F6	N182VA	C82S
49F7	N182VB	C82S
49F8	N182VC	C182
49FA	N182VE	C182
4A01	N182VM	C82T
4A03	N182VP	C82S
4A04	N182VQ	C182
4A06	N182VS	C182
4A07	N182VT	C82T
4A09	N182VV	C182
4A0E	N182W	C182
4A0F	N182WA	C182
4A10	N182WB	C182
4A12	N182WD	C182
4A13	N182WE	C182
4A14	N182WF	C182
4A15	N182WG	C82S
4A16	N182WH	C182
4A17	N182WJ	C182
4A18	N182WK	C182
4A19	N182WL	C182
4A1A	N182WM	C82S
4A1B	N182WN	C82S
4A1C	N182WP	C182
4A1E	N182WR	C182
4A1F	N182WS	C182
4A20	N182WT	C182
4A22	N182WV	C182
4A24	N182WX	C182
4A26	N182WZ	C182
4A27	N182X	C182
4A32	N182XL	C82R
4A35	N182XP	C182
4A38	N182XS	C82S
4A39	N182XT	C182
4A40	N182Y	C182
4A41	N182YA	C182
4A42	N182YB	C182
4A48	N182YH	C182
4A51	N182YS	C182
4A57	N182YY	C82S
4A58	N182YZ	C82S
4A65	N182ZM	C182
4A6A	N182ZS	C182
4A6B	N182ZT	C182
4A6F	N182ZX	C182
4A71	N182ZZ	C182
4A73	N1820A	PA18
4A77	N1820E	C172
4A78	N1820F	BE36
4A79	N1820G	BE24
4A7C	N1820K	C182
4A7D	N1820L	BE36
4A82	N1820R	C185
4A83	N1820S	BE77
4A84	N1820T	P28R
4A86	N1820V	C172
4A87	N1820W	BE77
4A8A	N1820Z	C210
4A8B	N18200	C150
4A8C	N18201	C150
4A8D	N18202	C150
4A91	N18206	C150
4A93	N18208	C150
4A95	N1821	B06
4A99	N1821D	BE35
4A9A	N1821E	C310
4A9B	N1821F	C210
4A9D	N1821H	RV7
4A9E	N1821J	P28A
4AA4	N1821Q	C77R
4AA5	N1821R	C185
4AA6	N1821S	C210
4AA8	N1821U	CL60
4AAA	N1821W	BE95
4AAB	N1821X	C182
4AAC	N1821Y	C172
4AAD	N1821Z	C82S
4AAE	N18210	C150
4AB1	N18213	C150
4AB3	N18215	C150
4AB6	N18218	C82R
4ABA	N1822B	L8
4ABB	N1822C	C182
4ABC	N1822D	RV6
4ABD	N1822E	CH7A
4ABF	N1822G	CH7B
4AC0	N1822H	P28A
4AC1	N1822J	P28A
4AC2	N1822K	L8
4AC4	N1822M	C46
4AC5	N1822N	BE35
4AC7	N1822Q	C77R
4AC8	N1822R	C185
4AC9	N1822S	BE95
4ACA	N1822T	GLID
4ACD	N1822W	BE35
4ACE	N1822X	BE23
4AD1	N18220	B738
4AD3	N18222	C150
4AD4	N18223	B738
4AD6	N18225	C150
4AD7	N18226	C177
4ADA	N18229	C150
4ADB	N1823	J3
4ADC	N1823A	C182
4ADE	N1823C	C82S
4AE0	N1823E	C172
4AE4	N1823J	P28A
4AE5	N1823K	L8
4AE8	N1823N	C120
4AE9	N1823P	PA22
4AEB	N1823R	C185
4AEC	N1823S	PA18
4AED	N1823T	P28A
4AEF	N1823V	C120
4AF2	N1823Y	BE77
4AF8	N18234	C150
4AFE	N1824	C182
4AFF	N1824A	C182
4B00	N1824B	L8
4B01	N1824C	C170
4B03	N1824E	CH7A
4B05	N1824G	C182
4B06	N1824H	P28A
4B07	N1824J	H269
4B0A	N1824M	C337
4B0B	N1824N	BT36
4B0C	N1824P	BE24
4B0E	N1824R	C82R
4B13	N1824W	S22T
4B14	N1824X	BE24
4B19	N18242	BE77
4B1A	N18243	B738
4B1B	N18244	BE77
4B1C	N18245	BE60
4B1D	N18246	BE33
4B21	N1825	GLID
4B24	N1825C	O1
4B26	N1825E	C172
4B2A	N1825J	AC11
4B2B	N1825K	L8
4B2C	N1825L	BE35
4B2F	N1825P	PA22
4B30	N1825Q	C185
4B31	N1825R	C185
4B32	N1825S	BE36
4B38	N1825Y	C172
4B3B	N18251	BE23
4B3D	N18253	BE36
4B3F	N18255	T34P
4B40	N18256	C182
4B42	N18258	BE77
4B44	N1826	WACO
4B45	N1826A	BE24
4B46	N1826B	L8
4B48	N1826D	BE77
4B4B	N1826G	CH7B
4B4D	N1826J	P28A
4B4E	N1826K	CL30
4B4F	N1826L	BE36
4B51	N1826N	C120
4B53	N1826Q	C77R
4B54	N1826R	FOX
4B56	N1826T	P28A
4B58	N1826V	BE36
4B59	N1826W	BE95
4B5B	N1826Y	C172
4B5D	N18260	T206
4B62	N18265	BE36
4B63	N18266	C182
4B65	N18268	TAIL
4B66	N18269	PA23
4B67	N1827	O1
4B68	N1827A	C82T
4B69	N1827B	L8
4B6A	N1827C	C170
4B6E	N1827G	CH7A
4B6F	N1827H	C310
4B71	N1827K	L8
4B72	N1827L	BE58
4B74	N1827N	C120
4B75	N1827P	PA22
4B7B	N1827V	C120
4B7D	N1827X	C182
4B7F	N1827Z	BE24
4B81	N18271	BE36
4B83	N18273	BE95
4B85	N18275	BE36
4B8A	N1828	CH7B
4B8C	N1828B	L8
4B8D	N1828C	C170
4B8E	N1828D	BE18
4B8F	N1828E	C172
4B90	N1828F	C210
4B93	N1828J	P28A
4B95	N1828L	BE60
4B96	N1828M	C82S
4B9B	N1828S	F900
4BA1	N1828Y	C172
4BA2	N1828Z	C210
4BA3	N18280	BE58
4BA7	N18284	BE36
4BAA	N18287	BE35
4BAE	N1829A	PA18
4BAF	N1829B	J3
4BB2	N1829E	BE58
4BB7	N1829K	L8
4BBA	N1829N	C120
4BBB	N1829P	PA22
4BBC	N1829Q	C77R
4BC1	N1829V	C120
4BC2	N1829W	BE36
4BC3	N1829X	C182
4BC7	N18291	BE33
4BCA	N18294	BE35
4BCC	N18296	BE58
4BD1	N183A	GLAS
4BD4	N183AC	BL8
4BD6	N183AE	AS50
4BDB	N183AK	SW3
4BDC	N183AL	GLAS
4BDD	N183AM	B789
4BE2	N183AS	R44
4BEB	N183BA	A5
4BEC	N183BB	C82R
4BED	N183BC	RV14
4BF5	N183BL	NG5
4BF6	N183BM	SR22
4C00	N183BX	LJ60
4C03	N183C	PC12
4C04	N183CA	C82R
4C05	N183CB	EC20
4C07	N183CD	SR22
4C09	N183CF	P28A
4C0F	N183CM	LJ45
4C11	N183CP	C82T
4C13	5H-ZOG	PA31
4C14	N183CS	SR20
4C15	N183CT	C208
4C1D	N183DA	SR20
4C24	N183DH	B06
4C29	N183DN	B763
4C2E	N183DT	PRM1
4C35	N183E	BE36
4C3D	N183EH	AS50
4C3E	N183EJ	GLST
4C4B	N183EX	E300
4C51	N183FC	RV9
4C53	N183FE	B763
4C5F	N183FS	C310
4C6A	N183GC	C208
4C70	N183GJ	CRJ9
4C83	N183HC	C310
4C8A	N183HK	B763
4C8E	N183HP	P46T
4C9A	N183JA	GLIM
4C9B	N183JB	E190
4CA7	N183JP	C180
4CA9	N183JR	RV8
4CC3	N183KS	S22T
4CD0	N183LE	R22
4CD2	N183BZ	BCS3
4CE5	N183MA	HUSK
4CE9	N183ME	C206
4CEF	N183ML	CH75
4CF2	N183MP	B06
4D09	N183NM	C182
4D12	N183NW	C172
4D16	N183P	BE36
4D17	N183PA	GLF2
4D1E	N183PH	S22T
4D27	N183PS	R44
4D2F	N183Q	BE35
4D40	N183QS	GL7T
4D48	N183R	BE35
4D49	N183RA	CH7B
4D4B	N183RC	RV9
4D4D	N183RE	RV7
4D5C	N183RV	RV8
4D61	N183S	SREY
4D62	N183SA	BE9L
4D63	N183SB	WAIX
4D65	N183SD	AS50
4D67	N183SF	S22T
4D69	N183SH	A119
4D6B	N183SK	C180
4D6F	N183SP	C172
4D73	N183ST	P46T
4D77	N183SX	SONX
4D78	N183SY	E75L
4D7A	N183T	GA6C
4D7B	N183TA	GLAS
4D7C	N183TB	TBM7
4D80	N183TF	LJ45
4D8B	N183TS	E550
4D90	N183TX	C25A
4D91	N183TY	R44
4D93	N183U	GLIM
4DA8	N183UW	A321
4DAC	N183V	SR22
4DAE	N183VB	BE36
4DC5	N183W	VEZE
4DD3	N183WP	TBM7
4DDA	N183WW	F900
4DDE	N183X	S22T
4E29	N1830	O1
4E2A	N1830A	PA20
4E2B	N1830B	BE95
4E2C	N1830C	C170
4E2E	N1830E	CH7A
4E2F	N1830F	BE36
4E32	N1830J	P28A
4E33	N1830K	L8
4E37	N1830P	PA22
4E3A	N1830S	BE36
4E3D	N1830V	BE36
4E3E	N1830W	BE35
4E3F	N1830X	C182
4E40	N1830Y	C172
4E41	N1830Z	BE58
4E44	N18302	BE36
4E46	N18304	BE35
4E47	N18305	TAYA
4E49	N18307	BE35
4E4A	N18308	BE36
4E4F	N1831C	C170
4E50	N1831D	BE36
4E51	N1831E	CH7A
4E53	N1831G	CH7A
4E54	N1831H	C310
4E56	N1831K	L8
4E59	N1831N	BE24
4E5A	N1831P	PA22
4E5C	N1831R	C185
4E5D	N1831S	BE77
4E5E	N1831T	P28A
4E62	N1831X	C182
4E66	N18311	PA32
4E67	N18312	TAYA
4E6A	N18315	BE35
4E6D	N18318	BE35
4E71	N1832B	BE36
4E72	N1832C	C170
4E76	N1832G	CH7A
4E7E	N1832Q	C77R
4E80	N1832S	BE33
4E81	N1832T	P28A
4E83	N1832V	C172
4E84	N1832W	BE55
4E85	N1832X	C182
4E86	N1832Y	C172
4E88	N18320	BE58
4E89	N18321	BE33
4E8C	N18324	BE36
4E8D	N18325	BE23
4E8E	N18326	BE36
4E8F	N18327	BE36
4E91	N18329	BE35
4E92	N1833	O1
4E93	N1833A	PA22
4E94	N1833B	L8
4E96	N1833D	BE33
4E97	N1833E	CH7A
4E98	N1833F	C210
4E9B	N1833J	P28A
4E9C	N1833K	L8
4E9D	N1833L	BE33
4EA0	N1833P	PA22
4EA1	N1833Q	BE33
4EA4	N1833T	P28A
4EA7	N1833W	E300
4EA8	N1833X	C182
4EA9	N1833Y	C172
4EAA	N1833Z	C210
4EAC	N18331	BE35
4EAE	N18333	BE55
4EAF	N18334	BE33
4EB1	N18336	TAYA
4EB2	N18337	BE35
4EB3	N18338	PA18
4EB4	N18339	TAYA
4EBA	N1834E	CH7A
4EBE	N1834J	P28A
4EBF	N1834K	L8
4EC2	N1834N	C120
4EC3	N1834P	PA22
4EC4	N1834Q	T206
4EC5	N1834R	C82R
4EC6	N1834S	BE36
4EC7	N1834T	P28A
4EC8	N1834U	T206
4ECA	N1834W	BE35
4ECB	N1834X	C182
4ECE	N18340	TAYA
4ED1	N18343	BE9L
4ED2	N18344	BE55
4ED3	N18345	TAYA
4ED8	N1835	O1
4EDA	N1835B	BE95
4EDC	N1835D	BE35
4EDE	N1835F	BE36
4EE2	N1835K	L8
4EE4	N1835M	C182
4EE5	N1835N	FOX
4EE7	N1835Q	C77R
4EE9	N1835S	BT36
4EEA	N1835T	P28A
4EEC	N1835V	C120
4EEE	N1835X	C182
4EF0	N1835Z	C210
4EF2	N18351	BE58
4EF4	N18353	ST75
4EF5	N18354	BE95
4EF7	N18356	BE36
4EF8	N18357	BE95
4EF9	N18358	BE58
4EFB	N1836	FOX
4EFC	N1836A	PA20
4EFD	N1836B	BE36
4EFE	N1836C	G164
4F00	N1836E	CH70
4F01	N1836F	BE36
4F02	N1836G	CH7A
4F04	N1836J	P28A
4F05	N1836K	L8
4F06	N1836L	BE36
4F07	N1836M	C182
4F08	N1836N	C120
4F09	N1836P	F900
4F0A	N1836Q	C77R
4F0B	N1836R	C185
4F11	N1836X	C182
4F13	N1836Z	BE33
4F14	N18360	BE55
4F15	N18361	BE58
4F17	N18363	BE55
4F18	N18364	BE58
4F19	N18365	TAYA
4F1B	N18367	BE36
4F1C	N18368	BE35
4F1D	N18369	BE35
4F1E	N1837	O1
4F20	N1837B	L8
4F22	N1837D	BE35
4F26	N1837H	C310
4F27	N1837J	P28A
4F29	N1837L	BE35
4F2A	N1837M	C46
4F2D	N1837Q	C77R
4F2F	N1837S	C56X
4F30	N1837T	P28A
4F33	N1837W	BE23
4F34	N1837X	PA15
4F36	N1837Z	BE35
4F39	N18372	BE24
4F3A	N18373	BE95
4F42	N1838A	PA22
4F44	N1838C	C170
4F46	N1838E	C172
4F48	N1838G	CH7B
4F4B	N1838K	L8
4F4C	N1838L	BE95
4F4D	N1838M	C182
4F4E	N1838N	C120
4F4F	N1838P	PA22
4F51	N1838R	BE36
4F52	N1838S	FA7X
4F53	N1838T	P28A
4F55	N1838V	C140
4F57	N1838X	C182
4F59	N1838Z	C210
4F5B	N18381	BE33
4F60	N18386	BE58
4F61	N18387	BE95
4F64	N1839	DR1
4F67	N1839C	C170
4F69	N1839E	C172
4F6A	N1839F	C210
4F6C	N1839H	PA34
4F6E	N1839K	L8
4F74	N1839R	C185
4F76	N1839T	P28A
4F78	N1839V	C120
4F79	N1839W	BE95
4F7D	N18390	RV6
4F81	N18394	BE36
4F83	N18396	BE55
4F87	N184	P337
4F89	N184AA	H60
4F8B	N184AC	BL8
4F8D	N184AE	P46T
4F8E	N184AF	C72R
4F91	N184AJ	BE36
4F94	N184AM	B407
4F98	N184AR	BE40
4F9C	N184AV	P180
4FA1	N184B	B47G
4FA9	N184BH	RV8
4FAB	N184BK	CL30
4FB3	N184BT	RV8
4FB6	N184BW	P28A
4FBA	N184C	S108
4FBB	N184CA	C182
4FBC	N184CB	RV6
4FBE	N184CD	C25A
4FBF	N184CE	RV8
4FC0	N184CF	P28A
4FC1	N184CG	RV8
4FC6	N184CM	RV8
4FC8	N184CP	C82T
4FCB	N184CS	RV8
4FD3	N184D	BE30
4FD4	N184DA	RV4
4FD5	N184DB	CAMP
4FD6	N184DC	RV8
4FD7	N184DD	RV8
4FDA	N184DG	PA23
4FDC	N184DJ	RV8
4FDF	N184DM	BE36
4FE0	N184DN	B763
4FE1	N184DP	C182
4FE8	N184DW	SA30
4FEC	N184E	WACF
4FF4	N184EH	BE33
4FF9	N184EN	T50
4FFC	N184ER	BE76
5001	N184EW	RV8
500A	N184FE	B763
5012	N184FN	RV8
501A	N184FW	RV8
501E	N184G	C25C
5021	N184GC	RV8
5022	N184GD	RV8
5027	N184GJ	CRJ9
5029	N184GL	CH25
502A	N184GM	RV8
502C	N184GP	C650
503D	N184HF	R66
5040	N184HJ	HDJT
5045	N184HP	BE95
5052	N184JB	E190
5054	N184JD	P28A
5057	N184JG	RV8
505B	N184JL	M20P
505C	N184JM	RV10
505E	N184JP	C180
5060	N184JR	RV8
5065	N184JW	RV8
5077	N184KP	BE18
507B	N184KT	SR22
507E	N184KW	RV10
507F	N184KX	YK18
5082	N184L	SONX
508D	N184LL	RV8
5097	N184LW	P180
509C	N184MA	HUSK
509E	N184MC	S22T
50A0	N184ME	RV8
50A2	N184MG	S22T
50A3	N184MH	PTS1
50A7	N184MM	LNP4
50AB	N184MR	RV8
50AC	N184MS	C162
50AD	N184MT	RV8
50B4	N184N	GLID
50BA	N184NF	RV8
50C9	N184NW	C172
50CE	N184PA	GLF2
50D1	N184PD	SR20
50D5	N184PH	H269
50D7	N184PK	SR22
50D8	N184PL	RV8
50D9	N184PM	S22T
50DE	N184PS	C310
50E2	N184PW	C182
50E4	N184PY	RV8
50E6	N184Q	BE35
50F7	N184QS	GL7T
50FF	N184R	AS50
5100	N184RA	M18
5101	N184RB	RV8
5103	N184RD	C82S
5105	N184RF	RV8
5108	N184RJ	RV8
5109	N184RK	RV8
510B	N184RM	RV8
5110	N184RS	C162
5113	N184RV	RV8
5119	N184SA	SVNH
511A	N184SB	RV8
511C	N184SD	AS50
511E	N184SF	B407
511F	N184SG	T206
5120	N184SH	R22
5122	N184SK	B744
5129	N184SS	GLID
512A	N184ST	E300
512D	N184SW	SW4
512E	N184SX	SONX
512F	N184SY	E75L
5132	N184TA	RV8
5135	N184TD	RV8
513D	N184TM	C180
5142	N184TS	RV8
5146	N184TW	RV8
5147	N184TX	BE20
515B	N184US	A321
5160	N184UX	B190
5164	N184VA	P32R
517D	N184WA	TL20
517E	N184WB	PA15
5182	N184WF	PA18
5186	N184WK	EC45
5187	N184WL	PA18
5191	N184WW	FA20
51E2	N1840B	L8
51E4	N1840D	BE35
51E7	N1840G	CH7A
51EA	N1840K	L8
51ED	N1840N	C120
51EF	N1840Q	C77R
51F4	N1840V	C172
51F5	N1840W	BE35
51F9	N18400	BE60
51FB	N18402	BE36
51FC	N18403	BE36
51FD	N18404	BE36
51FF	N18406	RELI
5200	N18407	RELI
5201	N18408	RELI
5208	N1841E	CH7A
5213	N1841R	C185
5218	N1841W	BE33
5219	N1841X	C182
521A	N1841Y	C172
521C	N18410	RELI
521F	N18413	BE33
5220	N18414	H269
5229	N1842C	C170
522A	N1842D	BE35
522B	N1842E	C172
522D	N1842G	CH7A
522F	N1842J	P28A
5235	N1842Q	C77R
5237	N1842S	C414
5238	N1842T	P28A
523B	N1842W	BE33
523C	N1842X	C182
523E	N1842Z	C210
523F	N18420	RV8
5241	N18422	RELI
5242	N18423	RELI
5243	N18424	RELI
5244	N18425	RELI
5248	N18429	BE33
524D	N1843D	BE35
524F	N1843F	C210
5250	N1843G	CH7A
5252	N1843J	P28A
5254	N1843L	BE58
5256	N1843N	C120
5257	N1843P	PA22
5258	N1843Q	C77R
525D	N1843V	C120
5261	N1843Z	C210
5263	N18431	BE36
5265	N18433	B58T
526B	N18439	RELI
5270	N1844D	BE35
5273	N1844G	CH7A
5275	N1844J	P28A
5277	N1844L	BE35
5279	N1844N	C120
527B	N1844Q	C77R
5280	N1844V	C120
5282	N1844X	C182
5284	N1844Z	C210
5287	N18442	RELI
528A	N18445	RELI
528B	N18446	BE95
528D	N18448	BE95
528F	N1845	FA6X
5295	N1845F	C210
529B	N1845M	CH7B
529C	N1845N	C120
52A3	N1845V	C172
52A5	N1845X	C182
52A6	N1845Y	C172
52A7	N1845Z	C180
52AE	N18456	BE36
52AF	N18457	BE36
52B1	N18459	BE36
52B5	N1846C	C170
52B7	N1846E	CH7A
52BF	N1846N	C120
52C0	N1846P	PA22
52C1	N1846Q	C77R
52C4	N1846T	P28A
52C7	N1846W	BE36
52C8	N1846X	C182
52C9	N1846Y	C172
52CA	N1846Z	C180
52CD	N18462	BE36
52CE	N18463	BE36
52D1	N18466	C525
52D2	N18467	BE35
52D4	N18469	BE36
52DA	N1847E	CH7A
52DC	N1847G	CH7A
52DD	N1847H	B58T
52DE	N1847J	P28A
52DF	N1847K	L8
52E2	N1847N	C120
52E4	N1847Q	C77R
52E5	N1847R	C185
52E7	N1847T	P28A
52EC	N1847Y	C172
52EE	N18470	BE35
52EF	N18471	BE9T
52F0	N18472	BE95
52F2	N18474	BE36
52F3	N18475	BE58
52FA	N1848B	L8
52FD	N1848E	CH7A
5301	N1848J	P28A
5302	N1848K	E545
5305	N1848N	BE77
5307	N1848Q	C185
5308	N1848R	C185
5309	N1848S	BE9L
530A	N1848T	LJ45
530B	N1848U	E545
530C	N1848V	C140
530D	N1848W	BE95
530E	N1848X	BE36
530F	N1848Y	BE36
5310	N1848Z	C210
5312	N18481	C425
5314	N18483	BE33
5317	N18486	S10
531F	N1849D	BE35
5321	N1849F	C210
5325	N1849K	L8
5326	N1849L	BE36
5327	N1849M	P337
5329	N1849P	BE33
532C	N1849S	BE33
532F	N1849V	C120
5330	N1849W	BE36
5331	N1849X	C182
5336	N18492	S10
533A	N18496	BE36
533C	N18498	S10
533D	N18499	BT36
533E	N185	C185
533F	N185A	BE58
5340	N185AA	C185
5341	N185AB	C185
5342	N185AC	BL8
5343	N185AD	C185
5344	N185AE	C185
5345	N185AF	C185
5347	N185AH	C185
5348	N185AJ	C185
5349	N185AK	C185
534A	N185AL	C185
534B	N185AM	C185
534F	N185AR	C185
5350	N185AS	C185
5353	N185AV	C185
5354	N185AW	C185
5357	N185AZ	C185
5358	N185B	C185
5359	N185BA	C185
535A	N185BB	C185
535B	N185BC	C185
535D	N185BE	C185
535E	N185BF	C185
535F	N185BG	C185
5360	N185BH	C185
5361	N185BJ	C185
5362	N185BK	T206
5363	N185BL	C185
5364	N185BM	C185
5365	N185BN	C185
5366	N185BP	BPAT
5368	N185BR	C185
5369	N185BS	C185
536C	N185BV	C185
536D	N185BW	C185
5370	N185BZ	C185
5372	N185CA	C185
5374	N185CC	C185
5375	N185CD	C185
5378	N185CG	C185
5379	N185CH	H46
537A	N185CJ	C185
537B	N185CK	C185
537C	N185CL	C185
537D	N185CM	C185
5380	N185CQ	C185
5381	N185CR	C185
5382	N185CS	C185
5383	N185CT	C185
5385	N185CV	C185
5386	N185CW	C185
5387	N185CX	C185
5388	N185CY	C185
538A	N185D	C185
538C	N185DB	C185
538E	N185DD	SREY
538F	N185DE	C185
5390	N185DF	C185
5391	N185DG	C185
5395	N185DL	C185
5397	N185DN	B763
5398	N185DP	C185
539A	N185DR	C185
539B	N185DS	C185
539E	N185DV	C185
539F	N185DW	C185
53A1	N185DY	C185
53A3	N185E	C185
53A4	N185EA	C185
53A5	N185EB	C185
53A6	N185EC	C185
53A8	N185EE	C185
53A9	N185EF	C185
53AB	N185EH	AS50
53AC	N185EJ	C185
53AE	N185EL	C185
53AF	N185EM	C185
53B4	N185ES	C185
53B5	N185ET	C185
53B7	N185EV	EVSS
53BB	N185EZ	LGEZ
53BC	N185F	C180
53BD	N185FA	C185
53BE	N185FB	C185
53BF	N185FC	C185
53C0	N185FD	C185
53C1	N185FE	B763
53C2	N185FF	C185
53C6	N185FK	C185
53C8	N185FM	C185
53CA	N185FP	C185
53CD	N185FS	C185
53D1	N185FW	C185
53D5	N185G	C185
53D7	N185GB	C185
53D8	N185GC	C185
53DA	N185GE	C185
53DC	N185GG	C185
53DD	N185GH	C185
53DE	N185GJ	CRJ9
53DF	N185GK	C185
53E0	N185GL	C185
53E1	N185GM	C185
53E2	N185GN	C185
53E6	N185GS	C185
53E7	N185GT	C185
53EA	N185GW	C185
53EE	N185H	C185
53EF	N185HA	C185
53F0	N185HB	C185
53F1	N185HC	C185
53F3	N185HE	C185
53F6	N185HH	C185
53F7	N185HJ	C185
53F8	N185HK	C185
53F9	N185HL	C185
53FA	N185HM	C185
53FC	N185HP	BE36
53FF	N185HS	C185
5403	N185HW	C185
5408	N185JA	C185
5409	N185JB	C185
540A	N185JC	C185
540B	N185JD	C185
540C	N185JE	C185
540D	N185JF	C185
540F	N185JH	C185
5410	N185JJ	C185
5411	N185JK	C185
5412	N185JL	C185
5413	N185JM	C185
5414	N185JN	C185
5417	N185JR	C185
5418	N185JS	C185
5419	N185JT	C185
541C	N185JW	C185
5421	N185KA	C185
5422	N185KB	C185
5424	N185KD	C185
5426	N185KF	C185
5427	N185KG	C185
542C	N185KM	C185
542E	N185KP	T206
5431	N185KS	C185
5435	N185KW	C185
543A	N185LA	C185
543C	N185LC	C185
5442	N185LJ	C185
5444	N185LL	C185
5445	N185LM	C185
5447	N185LP	C185
544A	N185LS	C185
544B	N185LT	C185
5452	N185M	C185
5453	N185MA	MU2
5454	N185MB	C185
5457	N185ME	C185
5458	N185MF	C185
5459	N185MG	C185
545B	N185MJ	C185
545C	N185MK	C185
545D	N185ML	C185
545E	N185MM	C185
545F	N185MN	C185
5460	N185MP	C185
5462	N185MR	C185
5464	N185MT	C185
5466	N185MV	BE20
5467	N185MW	C185
546E	N185NC	C185
546F	N185ND	C185
5473	N185NH	C185
5474	N185NJ	C185
5479	N185NP	C185
547B	N185NR	C185
547D	N185NT	C185
547E	N185NU	C185
547F	N185NV	C185
5482	N185NY	C185
5484	N185P	C185
5485	N185PA	G159
5486	N185PB	PC12
5488	N185PD	C185
548A	N185PF	C185
548B	N185PG	C185
548D	N185PJ	C185
548E	N185PK	C185
5490	N185PM	C185
5494	N185PR	C185
5495	N185PS	C185
5496	N185PT	C185
5499	N185PW	C185
549A	N185PX	C185
549C	N185PZ	C185
549F	N185QB	C185
54B6	N185R	C185
54B7	N185RA	C185
54B8	N185RB	C185
54B9	N185RC	C185
54BA	N185RD	C185
54BB	N185RE	C185
54BC	N185RF	C185
54BD	N185RG	RV7
54BE	N185RH	C185
54C0	N185RK	C185
54C3	N185RN	C185
54C4	N185RP	C185
54C6	N185RR	C185
54C7	N185RS	C185
54CA	N185RV	RV6
54CB	N185RW	C185
54CC	N185RX	C185
54CF	N185S	C185
54D1	N185SB	C185
54D2	N185SC	C185
54D3	N185SD	AS50
54D4	N185SE	C152
54D5	N185SF	C185
54D8	N185SJ	C185
54D9	N185SK	C185
54DA	N185SL	C185
54DB	N185SM	C185
54DC	N185SN	C185
54DD	N185SP	C185
54DF	N185SR	C152
54E0	N185SS	C185
54E1	N185ST	C185
54E3	N185SV	C185
54E4	N185SW	C185
54E6	N185SY	E75L
54E7	N185SZ	C185
54E8	N185T	BE35
54E9	N185TA	C185
54EA	N185TB	C185
54EB	N185TC	C185
54EC	N185TD	C185
54F0	N185TH	C185
54F1	N185TJ	C185
54F2	N185TK	C185
54F4	N185TM	C185
54F5	N185TN	C185
54F9	N185TS	C185
54FA	N185TT	C185
54FB	N185TU	P06T
54FD	N185TW	C185
54FE	N185TX	C185
5501	N185U	C185
5512	N185US	C185
5515	N185UV	C185
5516	N185UW	A321
551A	N185V	WACF
551F	N185VE	C185
5521	N185VG	C185
5522	N185VH	C185
5524	N185VK	C185
5526	N185VM	C185
5528	N185VP	C185
552E	N185VV	C185
5533	N185W	C185
5534	N185WA	C185
5535	N185WB	C185
5536	N185WC	C185
5539	N185WF	C185
553A	N185WG	C185
553F	N185WM	C185
5541	N185WP	C185
5543	N185WR	C185
5544	N185WS	C185
5545	N185WT	C150
5547	N185WV	C185
5548	N185WW	C185
5549	N185WX	C185
554A	N185WY	C185
554B	N185WZ	C185
5557	N185XL	C185
555D	N185XS	C185
5560	N185XV	C185
5562	N185XX	C185
5565	N185Y	C185
556D	N185YH	C185
556F	N185YK	YK52
5571	N185YM	C185
5577	N185YT	C185
5579	N185YV	C185
557C	N185YY	C185
557E	N185Z	C185
557F	N185ZA	C185
5596	N185ZZ	C185
5597	N1850	BE18
5598	N1850A	PA18
5599	N1850B	L8
559B	N1850D	BE35
559D	N1850F	BE55
559E	N1850G	CH7A
559F	N1850H	A321
55A0	N1850J	BT36
55A3	N1850M	LJ45
55A4	N1850N	BE76
55A5	N1850P	PA18
55A6	N1850Q	C77R
55A7	N1850R	C206
55AB	N1850V	C140
55AC	N1850W	B06
55AD	N1850X	BE20
55B0	N18500	C185
55B2	N18502	C150
55B3	N18503	C150
55B5	N18505	C150
55B6	N18506	C150
55BB	N1851A	PA31
55BE	N1851D	B06
55BF	N1851E	CH7A
55C0	N1851F	PA11
55C2	N1851H	P28A
55C3	N1851J	P28A
55CE	N1851V	C120
55CF	N1851W	B06
55D1	N1851Y	C172
55D3	N18510	C177
55D9	N18516	BE23
55DB	N18518	C177
55DC	N18519	C150
55DF	N1852B	GLF6
55E1	N1852D	BE35
55E2	N1852E	C310
55E3	N1852F	C210
55E5	N1852H	C310
55E9	N1852M	ST75
55EB	N1852P	PA18
55EC	N1852Q	C77R
55ED	N1852R	C185
55EE	N1852S	BE36
55F1	N1852V	GLF5
55F2	N1852W	BE58
55F3	N1852X	C182
55F4	N1852Y	C172
55F5	N1852Z	KR2
55F7	N18521	C185
55F8	N18522	C150
55F9	N18523	C177
55FA	N18524	C150
55FD	N18527	C150
55FF	N18529	C177
5600	N1853	C56X
5602	N1853B	BE95
5603	N1853C	C170
5604	N1853D	PA18
5609	N1853J	P28A
560C	N1853M	ST75
560D	N1853N	C120
560E	N1853P	PA18
560F	N1853Q	T206
5614	N1853V	C120
5615	N1853W	BE35
5617	N1853Y	C172
561A	N18531	C150
561D	N18534	C150
5620	N18537	C150
5621	N18538	C150
5623	N1854	SF50
5626	N1854C	C170
5629	N1854F	C210
562C	N1854J	P28A
562D	N1854K	BE36
5632	N1854Q	C77R
5633	N1854R	BE58
5637	N1854V	C172
5638	N1854W	BT36
563A	N1854Y	C172
563B	N1854Z	C210
563D	N18541	BABY
5642	N18546	C150
5647	N1855A	PA18
5649	N1855C	C170
564A	N1855D	BE35
564F	N1855J	P28A
5650	N1855K	L8
5652	N1855M	MUS2
5654	N1855P	GLST
5657	N1855S	BE33
5659	N1855U	SREY
565B	N1855W	BE95
5661	N18552	C150
5663	N18554	C150
5664	N18555	BE17
5665	N18556	E145
5667	N18558	C150
5669	N1856	CAMP
566B	N1856B	L8
566D	N1856D	BE35
566E	N1856E	C310
566F	N1856F	BE36
5670	N1856G	CH7B
5671	N1856H	C310
5672	N1856J	P28A
5674	N1856L	BE35
5675	N1856M	ST75
5678	N1856Q	C77R
5679	N1856R	C185
567B	N1856T	SR22
567F	N1856X	C182
5681	N1856Z	BE33
5682	N18560	BE17
5683	N18561	BE17
5687	N18565	C150
5689	N18567	C150
568A	N18568	C150
568B	N18569	C150
568F	N1857C	C170
5692	N1857F	BE9T
5695	N1857J	P28A
569A	N1857P	PA18
569C	N1857R	C82R
569E	N1857T	P28A
56A0	N1857V	C172
56A3	N1857Y	C172
56A5	N18570	BE17
56A7	N18572	C150
56A9	N18574	C150
56AA	N18575	BE17
56AB	N18576	C177
56AC	N18577	BE17
56AD	N18578	C150
56AE	N18579	C150
56B0	N1858A	PA18
56B1	N1858B	BE23
56B5	N1858F	DR1
56B8	N1858J	AC11
56B9	N1858K	L8
56BA	N1858L	BE33
56BB	N1858M	C337
56BC	N1858N	C120
56BD	N1858P	BE58
56BE	N1858Q	C77R
56C0	N1858S	DR1
56C5	N1858X	C182
56C6	N1858Y	C172
56C8	N18580	C150
56CA	N18582	C150
56CB	N18583	C150
56CC	N18584	C150
56CE	N18586	C150
56CF	N18587	C150
56D5	N1859C	BE33
56D8	N1859F	C210
56DF	N1859N	C120
56E0	N1859P	BE36
56E4	N1859T	P28A
56E5	N1859U	C172
56E6	N1859V	C140
56E7	N1859W	BE35
56EB	N18590	C150
56EC	N18591	CMAS
56ED	N18592	CMAS
56EF	N18594	C150
56F1	N18596	C150
56F2	N18597	C150
56F3	N18598	C150
56F4	N18599	CMAS
56F9	N186AC	BL8
56FB	N186AE	AS50
56FE	N186AH	EC30
5702	N186AM	F86
5703	N186AN	B752
5706	N186AR	C150
5707	N186AS	RV4
570B	N186AW	SH36
570E	N186AZ	C185
570F	N186B	BE35
5710	N186BA	A5
5712	N186BC	DV1
5714	N186BE	RV7
571D	N186BP	BPAT
5729	N186CA	P32R
572C	N186CD	SR20
572F	N186CG	S22T
5732	N186CK	SR22
5739	N186CS	C172
573A	N186CT	C180
573D	N186CW	GALX
5741	N186D	C185
5744	N186DC	AT5T
5747	N186DF	RV4
5748	N186DG	S22T
574C	N186DL	C25A
574D	N186DM	BE20
574E	N186DN	B763
5752	N186DS	OSCR
5753	N186DT	C82T
575A	N186E	AC90
5773	N186F	CC11
5778	N186FE	B763
577F	N186FM	C172
5784	N186FS	RV8
578C	N186G	RV6
578D	N186GA	PA31
578F	N186GC	C208
5795	N186GJ	CRJ9
5798	N186GM	M20P
579A	N186GP	GLST
57A5	N186H	PA23
57C0	N186JB	DFLY
57C1	N186JC	P32R
57C2	N186JD	CJ6
57C6	N186JH	LGEZ
57CC	N186JP	RV8
57CF	N186JS	FALC
57D9	N186KB	P28A
57DD	N186KF	FOX
57F0	N186L	PA18
5809	N186M	C510
580A	N186MA	HUSK
5812	N186MJ	RV10
5814	N186ML	T206
583F	N186PD	RV6
5842	N186PG	SR20
5844	N186PJ	F86
584A	N186PQ	CRJ9
584C	N186PS	P46T
5854	N186Q	BE35
586E	N186RA	CH7B
586F	N186RB	WAIX
5870	N186RC	KR2
5871	N186RD	C210
5874	N186RG	L39
5878	N186RL	BE33
5879	N186RM	C182
587D	N186RR	RV4
587E	N186RS	RV8
5881	N186RV	RV6
5882	N186RW	C180
5885	N186RZ	C182
5887	N186SA	M7
588A	N186SD	UH1
588D	N186SG	C208
588E	N186SH	R22
5890	N186SK	RV6
5891	N186SL	PA23
5894	N186SP	P28A
5897	N186SS	GLID
5898	N186ST	P46T
589C	N186SX	PA32
589D	N186SY	E75L
589F	N186T	PA18
58A0	N186TA	C82T
58A2	N186TC	R44
58A7	N186TH	C310
58C9	N186US	A321
58D1	N186V	C185
58D3	N186VB	BE58
58F3	N186WJ	GLID
58FF	N186WW	PA44
5903	N186X	C185
594E	N1860	SF50
594F	N1860A	BE36
5952	N1860D	BE35
5955	N1860G	CH7A
5956	N1860H	PA32
5958	N1860K	L8
595A	N1860M	ST75
5962	N1860V	C140
5963	N1860W	BE35
5965	N1860Y	C172
5969	N18602	C177
596F	N18608	BE24
5970	N18609	SE5A
5972	N1861A	PA18
5974	N1861C	C170
5975	N1861D	MUS2
5977	N1861F	BE36
5978	N1861G	RV10
5979	N1861H	P32R
597A	N1861J	P28A
597C	N1861L	BE95
597D	N1861M	BE36
5987	N1861X	C182
5989	N1861Z	C210
598C	N18612	C150
598D	N18613	WACC
5992	N18618	C150
5994	N1862	RV8
5996	N1862B	SR22
5997	N1862C	C170
5999	N1862E	CH7A
599B	N1862G	CH7A
599C	N1862H	P32R
599E	N1862K	L8
59A3	N1862Q	C77R
59A6	N1862T	C310
59AA	N1862X	C182
59AB	N1862Y	C172
59AC	N1862Z	R44
59B0	N18623	C150
59B2	N18625	C150
59B4	N18627	C150
59B5	N18628	C150
59BA	N1863C	C170
59BC	N1863E	CH7A
59BD	N1863F	C210
59BE	N1863G	CH7B
59C0	N1863J	P28A
59C3	N1863M	J3
59C6	N1863Q	C77R
59CB	N1863V	C140
59CC	N1863W	C25B
59D0	N18630	C150
59D4	N18634	C150
59D7	N18637	C150
59DD	N1864C	C170
59DF	N1864E	CH7A
59E1	N1864G	CH7A
59E3	N1864J	P28A
59E6	N1864M	CH7A
59EE	N1864V	C172
59F1	N1864Y	C172
59F3	N18640	C150
59F4	N18641	MUS2
59F8	N18645	C150
59FC	N18649	C150
59FD	N1865	D11
59FF	N1865B	L8
5A00	N1865C	C25A
5A02	N1865E	CH7A
5A04	N1865G	CH7A
5A07	N1865K	C56X
5A08	N1865L	B58T
5A0E	N1865S	C310
5A0F	N1865T	P28A
5A13	N1865X	C182
5A15	N1865Z	C210
5A18	N18652	FA24
5A1C	N18656	C150
5A22	N1866B	L8
5A23	N1866C	BE35
5A24	N1866D	BE35
5A27	N1866G	CH7A
5A29	N1866J	AC11
5A2A	N1866K	L8
5A2C	N1866M	C680
5A2D	N1866N	C120
5A2F	N1866Q	C77R
5A31	N1866S	TB20
5A3C	N18663	C150
5A43	N1867	B350
5A49	N1867F	C210
5A4B	N1867H	P28A
5A4F	N1867M	C56X
5A50	N1867N	C120
5A59	N1867X	C182
5A60	N18674	C150
5A64	N18678	C150
5A66	N1868	PTS1
5A68	N1868B	C172
5A6B	N1868E	CH7A
5A6C	N1868F	C210
5A6D	N1868G	CH7B
5A6E	N1868H	P28A
5A6F	N1868J	P28A
5A70	N1868K	L8
5A72	N1868M	GLF6
5A78	N1868T	P28A
5A7A	N1868V	C172
5A7B	N1868W	BE36
5A7E	N1868Z	C210
5A80	N18681	FA24
5A81	N18682	FA24
5A83	N18684	FA24
5A85	N18686	C150
5A87	N18688	FA24
5A89	N1869	T206
5A8A	N1869A	PA18
5A8B	N1869B	L8
5A8C	N1869C	C170
5A8E	N1869E	CH7A
5A8F	N1869F	C210
5A90	N1869G	CH7B
5A93	N1869K	L8
5A99	N1869R	P28A
5A9B	N1869T	P28A
5A9E	N1869W	PA18
5A9F	N1869X	C182
5AA1	N1869Z	C210
5AA6	N18694	C177
5AA7	N18695	FA24
5AA8	N18696	FA24
5AA9	N18697	C150
5AAA	N18698	C180
5AAC	N187	P337
5AAE	N187AA	F2TH
5AB0	N187AC	B737
5AB2	N187AE	AS50
5AB6	N187AJ	SR22
5AB8	N187AL	BE9L
5AB9	N187AM	HUSK
5AC8	N187BB	FB1A
5AC9	N187BC	C182
5ADF	N187C	S108
5AE2	N187CC	PA18
5AE3	N187CD	DFLY
5AE5	N187CF	RV6
5AE7	N187CH	H46
5AEB	N187CM	C82T
5AEF	N187CR	C750
5AF1	N187CT	M20P
5AF8	N187D	L39
5AFA	N187DB	C82S
5AFF	N187DG	RV12
5B00	N187DH	T206
5B04	N187DM	RV6
5B05	N187DN	B763
5B09	N187DS	DA40
5B11	N187E	RV7
5B12	N187EA	EA50
5B18	N187EG	RV7
5B19	N187EH	AS50
5B21	N187ER	C150
5B25	N187EV	EVSS
5B2A	N187F	EFOX
5B2F	N187FE	B763
5B33	N187FJ	BD4
5B3C	N187FT	P28A
5B43	N187G	P32R
5B46	N187GC	C208
5B4B	N187GH	T28
5B4C	N187GJ	CRJ9
5B5D	N187HA	C172
5B60	N187HD	RV4
5B6D	N187HS	C172
5B75	N187J	BE36
5B77	N187JB	E190
5B78	N187JC	EAGL
5B79	N187JD	P46T
5B7C	N187JG	GLID
5B81	N187JM	FOX
5B8A	N187JW	M20P
5B8E	N187K	P46T
5B96	N187KH	AEST
5BA0	N187KT	RV7
5BA8	N187LA	AT8T
5BAA	N187LC	CH7B
5BC0	N187M	DA2
5BC1	N187MA	C182
5BC3	N187MC	C25A
5BC4	N187MD	G3
5BC6	N187MF	RV8
5BC8	N187MH	R22
5BCC	N187MM	C210
5BCE	N187MP	RV4
5BD0	N187MR	BE20
5BD2	N187MT	VELO
5BDD	N187ND	B06
5BFA	N187PH	SR20
5C01	N187PQ	CRJ9
5C03	N187PS	PTS1
5C25	N187RA	CH7B
5C2B	N187RG	LGEZ
5C38	N187RV	RV4
5C3E	N187SA	P28R
5C41	N187SD	P28A
5C44	N187SG	GLF4
5C47	N187SK	BE9L
5C4B	N187SP	P28A
5C4D	N187SR	SR22
5C54	N187SY	E75L
5C56	N187T	AVID
5C57	N187TA	M20P
5C59	N187TC	P32R
5C5E	N187TH	CRUZ
5C62	N187TM	RV8
5C64	N187TP	P28A
5C6B	N187TW	RV7
5C6C	N187TX	PA44
5C6D	N187TY	M20P
5C80	N187US	A321
5C88	N187V	B350
5CA4	N187WC	PA18
5CAB	N187WK	RV8
5CAC	N187WL	S61
5CB6	N187WW	C310
5CDF	N187YM	H500
5D07	N1870B	SONX
5D0A	N1870E	CL35
5D0B	N1870F	C210
5D0C	N1870G	CL30
5D0E	N1870J	P28A
5D0F	N1870K	L8
5D14	N1870Q	C77R
5D17	N1870T	P28A
5D19	N1870V	C172
5D1A	N1870W	BE36
5D1D	N1870Z	C210
5D29	N1871A	PA18
5D2A	N1871B	L8
5D2C	N1871D	BE35
5D2E	N1871F	C210
5D2F	N1871G	CH7A
5D34	N1871M	P337
5D37	N1871Q	C77R
5D39	N1871S	TB20
5D3C	N1871V	C172
5D3D	N1871W	BE95
5D3E	N1871X	C182
5D47	N18716	C150
5D49	N18718	C150
5D50	N1872E	PA31
5D52	N1872G	CH7A
5D53	N1872H	PA31
5D54	N1872J	P28A
5D56	N1872L	BE33
5D5A	N1872Q	C77R
5D5D	N1872T	P28A
5D5F	N1872V	C140
5D61	N1872X	C182
5D62	N1872Y	C172
5D64	N18720	C177
5D67	N18723	C150
5D68	N18724	C150
5D69	N18725	C177
5D6C	N18728	C172
5D6E	N1873	E55P
5D71	N1873C	C170
5D76	N1873H	C310
5D77	N1873J	P28A
5D79	N1873L	BE35
5D7A	N1873M	P337
5D7B	N1873N	C120
5D85	N1873Y	C172
5D88	N18731	C150
5D8A	N18733	C150
5D8E	N18737	C150
5D8F	N18738	C177
5D90	N18739	C177
5D9C	N1874L	BE33
5D9E	N1874N	C120
5DA8	N1874Y	C172
5DA9	N1874Z	C210
5DAF	N18745	C150
5DB0	N18746	BE95
5DB2	N18748	BE58
5DB4	N1875	SA11
5DB5	N1875A	GLF6
5DB7	N1875C	C25A
5DB8	N1875D	BE35
5DBA	N1875F	C210
5DBD	N1875J	P28A
5DBE	N1875K	F2TH
5DBF	N1875L	BE36
5DC8	N1875V	C140
5DC9	N1875W	BE36
5DCB	N1875Y	C172
5DCF	N18752	BE58
5DD8	N1876A	PA18
5DDA	N1876C	C170
5DE3	N1876M	C182
5DE5	N1876P	GLF6
5DE6	N1876Q	C77R
5DE9	N1876T	GA6C
5DEB	N1876V	C172
5DEC	N1876W	BE33
5DED	N1876X	C182
5DEF	N1876Z	C210
5DF0	N18760	BE35
5DF3	N18763	BE36
5DF7	N18767	BE24
5DF9	N18769	BE24
5DFA	N1877	SA10
5E00	N1877F	C210
5E07	N1877N	C120
5E0E	N1877V	C140
5E10	N1877X	C182
5E17	N18774	BE23
5E18	N18775	BE19
5E1A	N18777	BE17
5E1E	N1878A	PA18
5E1F	N1878B	L8
5E20	N1878C	LJ45
5E22	N1878E	GLF5
5E26	N1878J	RV6
5E29	N1878M	C182
5E2C	N1878Q	C77R
5E32	N1878W	CRER
5E35	N1878Z	C210
5E37	N18781	BE17
5E38	N18782	BE24
5E39	N18783	BE23
5E3B	N18785	BE17
5E3D	N18787	BE23
5E41	N1879A	PA18
5E42	N1879B	RLU1
5E43	N1879C	C170
5E45	N1879E	C340
5E48	N1879H	C310
5E49	N1879J	P28A
5E4B	N1879L	B58T
5E4E	N1879P	PA18
5E54	N1879V	C140
5E58	N1879Z	C210
5E5A	N18791	BE23
5E5B	N18792	BE24
5E5C	N18793	BE24
5E5D	N18794	CMAS
5E5E	N18795	BE23
5E5F	N18796	CMAS
5E60	N18797	CMAS
5E61	N18798	BE24
5E63	N188	BE65
5E64	N188A	RV7
5E65	N188AA	BE35
5E66	N188AB	PA32
5E67	N188AC	G73
5E69	N188AE	A319
5E6B	N188AG	T206
5E6F	N188AL	BE20
5E70	N188AM	B38M
5E71	N188AN	B752
5E74	N188AR	EFOX
5E7D	N188B	H25B
5E7E	N188BA	A5
5E7F	N188BB	M7
5E84	N188BG	RV4
5E85	N188BH	BE60
5E8E	N188BS	BE19
5E96	N188C	C170
5E9A	N188CD	TBM7
5E9B	N188CE	P46T
5E9D	N188CG	FOX
5E9E	N188CH	H46
5EA2	N188CM	PA11
5EA4	N188CP	C82T
5EA6	N188CR	CL60
5EA7	N188CS	T206
5EA8	N188CT	SR22
5EB5	N188DF	C425
5EB6	N188DG	RV6
5EB7	N188DH	M20P
5EBA	N188DL	M7
5EBB	N188DM	SONX
5EBC	N188DN	B763
5EC0	N188DS	HUSK
5EC1	N188DT	GLIM
5EC4	N188DW	RV8
5EC8	N188E	WAIX
5ED8	N188ER	C150
5ED9	N188ES	GLF5
5EDB	N188EU	AS50
5EDC	N188EV	EVSS
5EE1	N188F	HUSK
5EE6	N188FE	B763
5EEA	N188FJ	FA50
5EF2	N188FS	AS50
5EF3	N188FT	FALC
5EFA	N188G	SR22
5EFD	N188GC	C208
5F02	N188GH	M20P
5F04	N188GK	RV9
5F0C	N188GT	TB20
5F0E	N188GV	C208
5F0F	N188GW	C421
5F13	N188H	C180
5F14	N188HA	BE40
5F1E	N188HL	VELO
5F25	N188HT	C188
5F2C	N188J	GL5T
5F32	N188JF	BE40
5F33	N188JG	DHC2
5F3A	N188JP	PTS2
5F3C	N188JR	SR20
5F46	N188KA	B350
5F48	N188KC	PA46
5F51	N188KM	BE36
5F58	N188KU	DA42
5F5E	N188L	WACF
5F5F	N188LA	PA46
5F61	N188LC	RV8
5F65	N188LG	PA46
5F69	N188LL	BE10
5F6E	N188LR	FOX
5F70	N188LT	CL35
5F78	N188MA	SR22
5F7C	N188ME	C206
5F7D	N188MF	DV20
5F7E	N188MG	M20P
5F7F	N188MH	S22T
5F85	N188MP	C25A
5F87	N188MR	E50P
5F88	N188MS	RV10
5F89	N188MT	PA23
5F91	N188NA	BE55
5FA9	N188P	C172
5FAA	N188PA	NAVI
5FAC	N188PC	PC12
5FAD	N188PD	RV8
5FB0	N188PG	E55P
5FB5	N188PM	P46T
5FB7	N188PP	C25M
5FBA	N188PS	PTS2
5FBB	N188PT	EVOP
5FC2	N188Q	FDCT
5FDB	N188R	RV8
5FDC	N188RA	BL8
5FDE	N188RC	BE36
5FE1	N188RF	GLIM
5FE4	N188RJ	BE35
5FE6	N188RL	F86
5FEB	N188RR	RS12
5FEC	N188RS	BL8
5FEF	N188RV	RV8
5FF4	N188S	A109
5FF6	N188SB	C25A
5FF9	N188SE	P32R
5FFA	N188SF	CL30
5FFC	N188SH	B47G
5FFD	N188SJ	TBM7
6000	N188SM	RV8
6002	N188SP	P32R
6004	N188SR	C340
6005	N188SS	T206
6009	N188SW	GA5C
600B	N188SY	E75L
600F	N188TB	RV10
6010	N188TC	RS18
6015	N188TH	BE40
6018	N188TL	C680
6019	N188TM	E50P
601E	N188TS	LJ45
601F	N188TT	TRDO
6022	N188TW	C25B
6037	N188US	A321
6044	N188VE	C172
6050	N188VS	RV12
6058	N188W	GLF6
6059	N188WA	G3
605A	N188WB	HUSK
6064	N188WM	GA7C
6068	N188WR	GLF6
606D	N188WW	BE58
608A	N188Y	BE95
60BC	N1880	SR22
60BD	N1880A	C441
60C0	N1880D	BE35
60C3	N1880G	CH7B
60C6	N1880K	L8
60C8	N1880M	P337
60CA	N1880P	PA18
60CB	N1880Q	C77R
60CE	N1880T	P28A
60D0	N1880V	C172
60D2	N1880X	C182
60DC	N18807	B47G
60DF	N1881	BU33
60E2	N1881C	C170
60E8	N1881J	P28A
60EA	N1881L	BE95
60EB	N1881M	P337
60F3	N1881V	C140
60F6	N1881Y	C172
60FF	N18817	D31
6101	N18819	JACE
6107	N1882E	CH7A
610B	N1882J	AC11
610D	N1882L	BE95
6110	N1882P	PA18
6113	N1882S	C172
6116	N1882V	C140
6118	N1882X	C182
6119	N1882Y	C172
611A	N1882Z	C210
6124	N18829	B47G
6125	N1883	RV6
612B	N1883F	C210
612D	N1883H	AS50
612E	N1883J	P28A
612F	N1883K	L8
6130	N1883L	BE60
6132	N1883N	C120
6133	N1883P	PA18
6134	N1883Q	C77R
6137	N1883T	P28A
6146	N18838	AERK
614D	N1884E	CH7A
6154	N1884M	C172
6156	N1884P	PA18
615E	N1884X	C182
6161	N18840	DH82
6162	N18841	BE24
6165	N18844	AERK
616D	N1885B	L8
616E	N1885C	C170
6170	N1885E	CH7A
6172	N1885G	CH7A
6174	N1885J	P28A
6178	N1885N	C120
617A	N1885Q	C77R
617D	N1885T	GA6C
6180	N1885W	BE35
6186	N18852	D7
618C	N18858	BE24
618D	N18859	BE24
618F	N1886A	PA18
6193	N1886E	FOX
6195	N1886G	GLEX
6197	N1886J	P28A
619B	N1886N	GLEX
619C	N1886P	PA18
619F	N1886S	GLEX
61A0	N1886T	P28A
61A2	N1886V	C172
61A3	N1886W	BE36
61A4	N1886X	C25C
61A8	N18861	BE23
61A9	N18862	BE23
61AA	N18863	AERK
61AB	N18864	BE23
61AC	N18865	BE24
61AD	N18866	AERK
61AE	N18867	BE23
61B0	N18869	AERK
61B2	N1887A	PA18
61B3	N1887B	E55P
61B4	N1887C	C170
61B6	N1887E	CH7A
61B7	N1887F	C210
61B8	N1887G	CH7B
61BC	N1887L	BE60
61C0	N1887Q	C77R
61C2	N1887S	TB20
61C3	N1887T	P28A
61C5	N1887V	C140
61C9	N1887Z	C210
61CC	N18872	AERK
61CD	N18873	BE23
61CE	N18874	BE24
61D1	N18877	AERK
61D4	N1888	C510
61D5	N1888A	PA18
61D7	N1888C	C170
61D9	N1888E	TB21
61E1	N1888N	C120
61E3	N1888Q	C77R
61E6	N1888T	G73
61E8	N1888V	C140
61F4	N18887	BE24
61F5	N18888	BE19
61F6	N18889	BE23
61F7	N1889	FOX
61FA	N1889C	C170
61FB	N1889D	BE35
61FD	N1889F	C210
61FE	N1889G	CH7A
61FF	N1889H	P28A
6200	N1889J	P28A
6203	N1889M	RV8
6205	N1889P	PA18
6206	N1889Q	C77R
620B	N1889V	C172
620C	N1889W	BE58
6215	N18895	BE23
6217	N18897	C172
621B	N189A	P208
621C	N189AA	BE35
621D	N189AB	PA25
621E	N189AC	S64
6221	N189AF	PC12
6226	N189AL	BE20
6227	N189AM	B407
6228	N189AN	B752
6229	N189AP	BE20
622B	N189AR	C208
6234	N189B	CH7B
6235	N189BA	A5
6237	N189BC	BL8
623C	N189BH	PA18
623F	N189BL	SF50
624D	N189C	C550
624E	N189CA	E120
624F	N189CB	T206
6253	N189CF	C182
6254	N189CG	RV8
6255	N189CH	H46
625B	N189CP	C82T
625D	N189CR	BE55
625E	N189CS	P28A
625F	N189CT	FOX
6262	N189CW	GLAS
6269	N189DC	C77R
6270	N189DK	RV8
6272	N189DM	RV4
6273	N189DN	B763
6278	N189DT	GLIM
627B	N189DW	RV9
6287	N189EH	A189
628B	N189EM	RV6
628F	N189ER	C150
6298	N189F	B36T
6299	N189FA	M20T
629B	N189FC	FOX
629D	N189FE	B763
629F	N189FG	SR22
62B4	N189GC	DHC6
62C3	N189GT	TB21
62D2	N189HH	GLIM
62E4	N189JA	C182
62E5	N189JB	P28A
62E6	N189JC	T206
62EF	N189JM	T206
62F1	N189JP	C82S
62FC	N189K	PRM1
6316	N189LA	R44
631A	N189LE	BE36
631E	N189LJ	PA18
6326	N189LS	HUSK
632A	N189LW	P180
632F	N189MA	FOX
6330	N189MB	RV6
6331	N189MC	S22T
6332	N189MD	B350
6336	N189MH	PA46
6337	N189MJ	P32R
6338	N189MK	C414
6339	N189ML	PA34
633F	N189MS	C25A
6343	N189MW	C310
6344	N189MX	R44
6360	N189P	C195
6361	N189PA	SF34
6362	N189PB	EPIC
6363	N189PC	BL8
6364	N189PD	PA11
6367	N189PG	SR20
636E	N189PP	LJ45
6370	N189PR	PTS2
6372	N189PT	EAGL
6375	N189PW	S22T
6379	N189Q	BE95
638A	N189QS	GL7T
6392	N189R	BE18
6393	N189RA	CH7B
6394	N189RB	FA20
6395	N189RC	EXEC
639D	N189RL	B06
63A0	N189RP	P32R
63A6	N189RV	RV9
63AB	N189S	C182
63AC	N189SA	PA31
63AD	N189SB	LJ60
63B7	N189SM	DFLY
63B9	N189SP	P28A
63BB	N189SR	RV9
63C2	N189SY	E75L
63C4	N189T	PA18
63C6	N189TB	TOBA
63CE	N189TK	BE58
63D9	N189TW	R44
63DD	N189U	CRER
63F2	N189UW	A321
6404	N189VP	C550
640F	N189W	C172
6410	N189WA	BE99
6411	N189WB	GLAS
6417	N189WH	C180
641B	N189WM	SR20
6421	N189WT	C560
6424	N189WW	C56X
6441	N189Y	DA42
6474	N1890A	PA18
6476	N1890C	RS12
6477	N1890D	BE35
6478	N1890E	CH7A
6479	N1890F	C210
647F	N1890M	P337
6480	N1890N	C120
6481	N1890P	PA22
6483	N1890R	AAT4
6488	N1890W	BE33
648B	N1890Z	C210
648F	N18903	BE24
6495	N18909	BE24
6497	N1891A	PA18
6498	N1891B	L8
6499	N1891C	C170
64A2	N1891M	C182
64A3	N1891N	C120
64AB	N1891W	BE36
64AD	N1891Y	C172
64AF	N18910	H269
64B5	N18916	SR22
64B7	N18918	BE23
64BA	N1892A	PA18
64BD	N1892D	BE35
64BE	N1892E	CH7A
64C0	N1892G	CH7A
64C4	N1892L	BE35
64CB	N1892T	P28A
64CD	N1892V	C172
64CF	N1892X	C182
64D2	N18920	BE23
64D6	N18924	BE23
64DA	N18928	BE23
64DB	N18929	BE76
64DD	N1893A	H269
64DF	N1893C	C170
64E1	N1893E	CH7A
64E2	N1893F	C210
64E3	N1893G	CH7A
64E7	N1893L	BE36
64E9	N1893N	LJ45
64EB	N1893Q	C77R
64ED	N1893S	TB20
64F3	N1893Y	C172
64F5	N18930	BE24
64F7	N18932	BE19
64F9	N18934	BE24
64FD	N18938	BE24
64FF	N1894	GLID
6500	N1894A	PA18
6501	N1894B	L8
6503	N1894D	BE35
6504	N1894E	C340
6506	N1894G	CH7A
650C	N1894N	C120
6510	N1894S	TB20
6511	N1894T	P28A
6513	N1894V	C140
6515	N1894X	C182
6517	N1894Z	C210
6518	N18940	BE24
6519	N18941	BE76
651F	N18947	BE19
6520	N18948	BE23
6523	N1895A	C172
6525	N1895C	C25C
6527	N1895E	CH7A
6529	N1895G	CH7A
652B	N1895J	P28A
652C	N1895K	M7
652D	N1895L	BE58
6530	N1895P	PA22
6534	N1895T	GLF6
6536	N1895V	C140
6539	N1895Y	C172
653B	N18950	BE24
653C	N18951	BE24
6541	N18956	BE19
6544	N18959	BE24
6545	N1896	FB1A
6547	N1896B	C82T
6548	N1896C	C170
6549	N1896D	BE35
654E	N1896J	P28A
6550	N1896L	B58T
6556	N1896S	PA34
655B	N1896X	C182
655C	N1896Y	C172
6561	N18963	BE23
6564	N18966	BE19
6566	N18968	BE23
6569	N1897A	CL30
656A	N1897B	L8
656D	N1897E	BE35
6571	N1897J	P28A
6573	N1897L	BE95
6575	N1897N	C120
6577	N1897Q	C77R
6579	N1897S	F2TH
657A	N1897T	P28A
657C	N1897V	C172
6581	N18970	BE23
6583	N18972	BE19
6585	N18974	BE24
6588	N18977	BE23
658D	N1898B	FA8X
6590	N1898E	CH7A
6594	N1898J	P28A
65A1	N1898X	C182
65A3	N1898Z	C210
65A5	N18981	BE24
65A9	N18985	BE23
65AB	N18987	BE24
65AF	N1899A	CH70
65B1	N1899C	C170
65BA	N1899M	C182
65BB	N1899N	C120
65BD	N1899Q	C77R
65BF	N1899S	C77R
65C6	N1899Z	C210
65C7	N18990	BE23
65CB	N18994	BE23
65CD	N18996	BE24
65CE	N18997	GLID
65CF	N18998	BE35
65D0	N18999	J3
65D1	N19	BE9L
65D2	N19A	BOLT
65D3	N19AA	ECHO
65D4	N19AB	BE35
65D5	N19AC	RV4
65D7	N19AE	PC12
65D8	N19AF	C310
65DB	N19AJ	C182
65DD	N19AL	UH1
65DE	N19AM	E300
65DF	N19AN	J3
65E3	N19AS	C320
65E4	N19AT	BE36
65E6	N19AV	P28A
65E8	N19AX	M20P
65EB	N19B	PA34
65EC	N19BA	P46T
65ED	N19BB	ST75
65EF	N19BD	O1
65F0	N19BE	GLIM
65F1	N19BF	AA5
65F3	N19BH	B06
65F4	N19BJ	LNC2
65F7	N19BM	BE35
65F9	N19BP	CH75
65FD	N19BT	RLU1
6600	N19BW	C25C
6603	N19BZ	EN28
6605	N19CA	BE36
6606	N19CB	PA31
6607	N19CC	PA23
6608	N19CD	RV6
660A	N19CF	UH1
660B	N19CG	S22T
660D	N19CJ	CJ6
660E	N19CK	BL8
660F	N19CL	MRAI
6610	N19CM	C82S
6612	N19CP	C550
6615	N19CS	RLU1
6616	N19CT	SR22
6619	N19CW	BL8
661A	N19CX	P46T
661D	N19D	C185
661E	N19DA	BE10
661F	N19DB	C310
6626	N19DJ	C310
6628	N19DL	TBM7
6629	N19DM	GLF5
662B	N19DP	C25C
662D	N19DR	FB1A
662F	N19DT	GLID
6632	N19DW	S22T
6636	N19E	S10
6639	N19EC	C185
663A	N19ED	ACRO
663B	N19EE	GLIM
663C	N19EF	GLID
663D	N19EG	CC19
663E	N19EH	RV3
663F	N19EJ	BE58
6647	N19ES	BE58
664A	N19EV	EVSS
664B	N19EW	SA30
664E	N19EZ	C337
6650	N19FA	C182
6651	N19FB	T210
6652	N19FC	PTS2
6655	N19FF	H500
6656	N19FG	BDOG
6657	N19FH	DHC2
665A	N19FL	GLID
665C	N19FN	PA22
6660	N19FS	BE58
6661	N19FT	GLIM
6665	N19FX	CC11
6667	N19FZ	GLID
6668	N19G	C182
666A	N19GB	PA18
666B	N19GC	C182
666F	N19GG	FB1A
6670	N19GH	C337
6671	N19GJ	P28A
6672	N19GK	DFLY
6673	N19GL	BRB2
6674	N19GM	T18
6676	N19GP	FA62
6678	N19GR	LJ45
6679	N19GS	TBM9
667E	N19GX	RV4
6683	N19HB	GLID
6684	N19HC	PTS1
6685	N19HD	C82S
6688	N19HG	GLID
6689	N19HH	MA5
668A	N19HJ	PA32
668B	N19HK	GLIM
668C	N19HL	GLST
668D	N19HM	P46T
668F	N19HP	C82T
6691	N19HR	C172
6692	N19HS	GLF6
6693	N19HT	GA5C
6694	N19HU	C560
6695	N19HV	RV9
6696	N19HW	L29
6697	N19HX	B06
6698	N19HY	HUSK
669A	N19J	O1
669B	N19JA	CH75
669C	N19JB	PTS1
669D	N19JC	PA22
669F	N19JE	GLID
66A0	N19JF	CH75
66A1	N19JG	C175
66A3	N19JJ	PTS1
66A4	N19JK	C177
66A5	N19JL	TAYB
66A6	N19JM	SR22
66A7	N19JN	GLID
66A8	N19JP	PA46
66AA	N19JR	C77R
66AC	N19JT	T18
66AF	N19JW	BE9L
66B1	N19JY	HDJT
66B2	N19JZ	RV10
66B4	N19KA	GLID
66B5	N19KB	H25B
66B6	N19KC	PA23
66B7	N19KD	AC50
66B8	N19KE	S22T
66BB	N19KH	C82T
66BE	N19KL	GLID
66BF	N19KM	PRM1
66C4	N19KS	RV9
66C8	N19KW	GLID
66CE	N19LB	T210
66CF	N19LC	WAIX
66D0	N19LD	O1
66D1	N19LE	LGEZ
66D2	N19LF	C310
66D3	N19LG	HUSK
66D4	N19LH	AC11
66D6	N19LK	GLID
66D7	N19LL	BE36
66DA	N19LP	BE58
66DE	N19LT	FOX
66E0	N19LV	P337
66E6	N19MA	BE35
66E7	N19MB	PA34
66E8	N19MC	BE30
66EC	N19MG	EAGL
66EE	N19MJ	T206
66EF	N19MK	C680
66F0	N19ML	GLID
66F2	N19MN	BE36
66F3	N19MP	RV9
66F5	N19MR	GLID
66F6	N19MS	FOX
66F7	N19MT	BE36
66F9	N19MV	C172
66FC	N19MY	PA12
66FF	N19NA	RS12
6701	N19NC	ALIG
6704	N19NF	HUSK
6705	N19NG	B06
6706	N19NH	BE19
6707	N19NJ	C172
6709	N19NL	EC30
670F	N19NS	M20P
6710	N19NT	BE19
6714	N19NX	PC12
6717	N19P	C337
6718	N19PA	P28R
671A	N19PC	GLAS
671B	N19PD	PA14
671C	N19PE	P32R
671D	N19PF	C177
671E	N19PG	MA5
6721	N19PK	T210
6722	N19PL	GLID
6723	N19PM	SR22
6724	N19PN	SLG4
6727	N19PR	EXEC
6728	N19PS	CC11
6729	N19PT	FA62
672C	N19PW	SA30
672E	N19PY	KR2
672F	N19PZ	AVID
6733	N19QC	C650
6742	N19QT	SR22
674C	N19RC	C525
674E	N19RE	BE33
674F	N19RF	BE36
6751	N19RH	FA62
6752	N19RJ	EPIC
6755	N19RM	SR22
6757	N19RP	C510
675A	N19RS	C240
675B	N19RT	GLID
675D	N19RV	RV9
6761	N19RZ	B190
6763	N19SA	BE36
6764	N19SB	P337
6765	N19SC	C82S
6766	N19SD	M5
6767	N19SE	P28R
6768	N19SF	FURY
6769	N19SG	E50P
676A	N19SH	LGEZ
676B	N19SJ	PA22
676D	N19SL	BE35
6770	N19SP	UH1
6771	N19SQ	PA18
6774	N19ST	C414
6775	N19SU	SR20
6776	N19SV	C650
677C	N19TA	C177
677F	N19TD	FA20
6780	N19TE	TF19
6781	N19TF	PA31
6783	N19TH	FOX
6784	N19TJ	EAGL
6786	N19TL	T206
6787	N19TM	AA5
6788	N19TN	CJ6
6789	N19TP	PA34
678B	N19TR	SR22
678C	N19TS	DA42
678F	N19TV	B06
6790	N19TW	C180
6791	N19TX	PC6T
6794	N19U	BE76
6797	N19UC	B429
67A2	N19UP	R22
67AD	N19V	BE36
67AE	N19VA	VELO
67B4	N19VG	P46T
67B5	N19VH	R22
67B6	N19VJ	SF50
67B7	N19VK	RV8
67B9	N19VM	CRUZ
67BD	N19VR	VR7
67BE	N19VS	PA30
67C1	N19VV	FA8X
67C3	N19VX	RV9
67C7	N19WA	BN2P
67C8	N19WB	P210
67C9	N19WC	BE35
67CA	N19WD	RV6
67CB	N19WE	PA34
67CE	N19WH	ACR2
67D1	N19WL	P68
67D2	N19WM	P46T
67D3	N19WN	H60
67D6	N19WR	FA62
67D7	N19WS	C172
67DC	N19WX	M4
67DD	N19WY	HUSK
67DF	N19X	LNP4
67E2	N19XC	CC19
67F5	N19XX	GLID
67F8	N19Y	LEG2
6804	N19YM	O1
680F	N19YY	FA62
6811	N19Z	RV4
6812	N19ZA	C550
6813	N19ZB	C175
6814	N19ZC	SF50
681D	N19ZM	DHC2
682C	N190AA	B752
682E	N190AC	T34T
6830	N190AE	B407
6832	N190AG	AA5
6837	N190AM	WAIX
683C	N190AS	PC12
683F	N190AV	TB21
6840	N190AW	B190
6844	N190B	TAIL
6845	N190BA	C208
6849	N190BE	BE9L
684C	N190BH	BE20
6854	N190BR	FW90
6859	N190BW	E50P
685C	N190BZ	E195
685D	N190C	S108
685E	N190CA	PAY3
6860	N190CC	PA46
6861	N190CD	SR20
6862	N190CE	SR20
6864	N190CG	C190
6865	N190CH	H46
6869	N190CM	J3
6879	N190DC	PA44
687C	N190DF	C190
6880	N190DK	FW90
6881	N190DL	J3
6882	N190DM	C182
6883	N190DN	B763
6884	N190DP	FW90
6886	N190DR	M20P
688B	N190DW	COL3
688F	N190E	MC45
6891	N190EB	BE20
6892	N190EC	C190
6895	N190EF	BE9L
68A8	N190F	C172
68AC	N190FD	BE9T
68AD	N190FE	B763
68B9	N190FS	T6
68BA	N190FT	P28R
68C2	N190GA	B190
68C4	N190GC	DHC6
68C6	N190GE	RV8
68CD	N190GM	VTRA
68D2	N190GS	C190
68D3	N190GT	TB20
68DA	N190H	R22
68F3	N190J	BL8
68F4	N190JA	GLEX
68F5	N190JB	E190
68F8	N190JE	HA4T
68F9	N190JF	YK11
68FB	N190JH	SR22
68FD	N190JK	C560
6901	N190JP	BE9T
6908	N190JW	EXEC
690C	N190K	C560
690F	N190KC	P46T
6918	N190KM	DHC6
691E	N190KT	FOXT
6925	N190L	BE36
6926	N190LA	H60
6928	N190LC	COL3
6933	N190LP	C172
6936	N190LS	C190
693F	N190MA	DA40
6943	N190ME	C172
6945	N190MG	C414
694D	N190MQ	FA50
6953	N190MW	CH65
695A	N190NC	BE9T
6970	N190P	C206
6971	N190PA	GLF2
6974	N190PD	T206
6975	N190PE	PC12
6978	N190PH	PA32
697C	N190PM	B190
6980	N190PR	C56X
6989	N190Q	BE35
699A	N190QS	GL7T
69A4	N190RB	CMDE
69A5	N190RC	C190
69AA	N190RH	B06
69AD	N190RL	BE9L
69B2	N190RR	RV6
69B3	N190RS	BE58
69B6	N190RV	RV6
69B7	N190RW	PA46
69BC	N190SA	F2TH
69CB	N190SR	SR22
69CC	N190SS	BE9L
69D0	N190SW	H25B
69D5	N190TA	PA31
69D7	N190TC	Q9
69DC	N190TH	PA11
69E1	N190TN	M20T
69E6	N190TT	BE20
6A02	N190UW	A321
6A18	N190VT	C190
6A20	N190WA	BE99
6A22	N190WC	CC11
6A34	N190WW	SC7
6A38	N190X	ERCO
6A3B	N190XC	CC19
6A4A	N190XT	BE9L
6A51	N190Y	M7
6A84	N1900A	ASTR
6A85	N1900B	F900
6A8A	N1900G	BRAV
6A91	N1900P	PA22
6A96	N1900U	C172
6A98	N1900W	GA6C
6A99	N1900X	C182
6A9A	N1900Y	M20P
6A9B	N1900Z	M5
6AA0	N19004	C150
6AA1	N19005	C150
6AA3	N19007	RV4
6AA4	N19008	TAYA
6AA6	N1901	C25A
6AAA	N1901D	BE35
6AAB	N1901E	CH7A
6AAD	N1901G	GLF6
6AAE	N1901H	P28A
6AB1	N1901L	BE58
6AB3	N1901N	C120
6AB4	N1901P	PA24
6ABB	N1901W	CL30
6ABC	N1901X	C182
6AC0	N19011	C150
6AC4	N19015	C150
6AC7	N19018	C150
6ACB	N1902B	L8
6ACC	N1902C	FA7X
6ACD	N1902D	B190
6AD1	N1902H	P28A
6AD3	N1902K	L8
6AD5	N1902M	ST75
6AD7	N1902P	GLF4
6ADA	N1902S	B752
6ADC	N1902U	A320
6ADE	N1902W	H269
6ADF	N1902X	C182
6AE0	N1902Y	M20P
6AE1	N1902Z	C150
6AE4	N19022	C180
6AE9	N19027	FW90
6AEA	N19028	TAYA
6AEB	N19029	E195
6AEC	N1903	RLU1
6AED	N1903A	B407
6AF0	N1903D	BE35
6AF3	N1903G	CL60
6AF4	N1903H	P28A
6AF7	N1903L	BE35
6AFA	N1903P	RV8
6AFB	N1903Q	C77R
6AFD	N1903S	TB21
6B00	N1903V	C140
6B02	N1903X	C182
6B04	N1903Z	C150
6B05	N19030	C150
6B07	N19032	C150
6B08	N19033	C150
6B0C	N19037	C150
6B0E	N19039	C150
6B0F	N1904	BE35
6B10	N1904A	BE9L
6B13	N1904D	BE35
6B14	N1904E	CH7A
6B15	N1904F	C182
6B17	N1904H	P28A
6B1A	N1904L	BE35
6B20	N1904S	LJ45
6B22	N1904U	C190
6B24	N1904W	GLF4
6B27	N1904Z	C150
6B28	N19040	C150
6B2C	N19044	C150
6B2D	N19045	C150
6B2F	N19047	C150
6B34	N1905B	C414
6B37	N1905E	C340
6B45	N1905U	T206
6B46	N1905V	C172
6B47	N1905W	GLF5
6B4F	N19054	C150
6B55	N1906	YAK3
6B56	N1906A	PA18
6B58	N1906C	C170
6B59	N1906D	BE35
6B5B	N1906F	C206
6B5D	N1906H	P32R
6B62	N1906N	C120
6B65	N1906R	SONX
6B66	N1906S	TB20
6B69	N1906V	C172
6B6B	N1906X	C182
6B6D	N1906Z	C150
6B6F	N19061	C150
6B70	N19062	TAYA
6B71	N19063	C150
6B74	N19066	C150
6B79	N1907A	PA18
6B7A	N1907B	L8
6B7D	N1907E	CH7A
6B81	N1907J	AC11
6B84	N1907M	C56X
6B86	N1907P	PA22
6B87	N1907Q	C77R
6B8C	N1907V	C140
6B91	N19070	C150
6B99	N19078	C150
6BA0	N1908E	CH7A
6BA1	N1908F	C172
6BA2	N1908G	C310
6BA3	N1908H	P32R
6BA5	N1908K	L8
6BA7	N1908M	C182
6BB0	N1908W	F2TH
6BB4	N19080	C150
6BB9	N19085	C150
6BBA	N19086	T6
6BBB	N19087	C150
6BBF	N1909A	CC11
6BC0	N1909B	L8
6BC1	N1909C	C170
6BC4	N1909F	C172
6BC8	N1909K	RV9
6BC9	N1909L	BE35
6BCA	N1909M	C56X
6BCB	N1909N	C120
6BCD	N1909Q	C77R
6BCE	N1909R	B06
6BCF	N1909S	TB20
6BD1	N1909U	P28A
6BD4	N1909X	C182
6BD5	N1909Y	M20P
6BD6	N1909Z	C150
6BDB	N19094	C150
6BE1	N191	NAVI
6BE3	N191AA	BE35
6BE4	N191AB	M20P
6BE5	N191AC	BL8
6BE8	N191AF	SW4
6BEA	N191AH	S22T
6BED	N191AL	VEZE
6BEE	N191AM	PA31
6BEF	N191AN	B752
6BF1	N191AQ	B733
6BF2	N191AR	C172
6BF6	N191AV	BE99
6BF7	N191AW	B190
6BFE	N191BC	P28R
6C01	N191BF	BE33
6C04	N191BJ	RV6
6C0C	N191BS	SR22
6C10	N191BW	SR20
6C15	N191CA	C72R
6C17	N191CC	BE33
6C18	N191CD	SR20
6C19	N191CE	H269
6C1C	N191CH	H46
6C20	N191CM	GLID
6C22	N191CP	SR22
6C25	N191CS	B190
6C26	N191CT	C310
6C2C	N191CZ	B190
6C2D	N191D	Z42
6C2E	N191DA	DV20
6C2F	N191DB	P46T
6C31	N191DD	SR20
6C34	N191DG	SA10
6C35	N191DH	HUSK
6C36	N191DJ	M20P
6C39	N191DM	CH7B
6C3A	N191DN	B763
6C3E	N191DS	AA5
6C42	N191DW	COL3
6C44	N191DY	G3
6C46	N191E	C140
6C57	N191ES	S92
6C5B	N191EW	CRER
6C5F	N191F	BE95
6C60	N191FA	C82S
6C64	N191FE	B763
6C6A	N191FL	CVLP
6C6D	N191FP	Q9
6C6F	N191FR	C240
6C70	N191FS	C152
6C79	N191GA	BE35
6C7B	N191GC	AA5
6C80	N191GH	H25B
6C84	N191GM	FDCT
6C8D	N191GW	FOX
6C91	N191H	P63
6C94	N191HC	M20P
6CAA	N191J	EN28
6CAC	N191JB	S22T
6CB1	N191JG	SR20
6CB2	N191JH	BE36
6CB4	N191JK	BE36
6CBA	N191JR	BE9L
6CBB	N191JS	COZY
6CBF	N191JW	HROC
6CC3	N191K	GC1
6CCF	N191KM	SR22
6CD5	N191KT	M20P
6CDC	N191L	TAIL
6CE5	N191LJ	LJ45
6CE7	N191LL	EC45
6CE9	N191LN	SR20
6CEC	N191LR	BE58
6CF5	N191M	RV6
6CF6	N191MA	PA31
6CF7	N191MB	T206
6CF9	N191MD	FA8X
6CFC	N191MG	C441
6CFE	N191MJ	SF34
6D01	N191MM	FA7X
6D05	N191MR	KR2
6D06	N191MS	SREY
6D07	N191MT	RV4
6D0E	N191N	FA50
6D12	N191ND	PA44
6D1E	N191NR	AS50
6D22	N191NV	A320
6D28	N191PA	M20P
6D2A	N191PC	BL8
6D2C	N191PE	PC12
6D2D	N191PF	RV9
6D2E	N191PG	PC12
6D30	N191PJ	H25B
6D38	N191PS	LGEZ
6D3F	N191PZ	KR2
6D51	N191QS	GL7T
6D59	N191R	C310
6D5A	N191RA	CH7B
6D60	N191RG	M20P
6D62	N191RJ	VEZE
6D64	N191RL	AC11
6D6A	N191RS	VTRA
6D6D	N191RV	P32R
6D73	N191SA	C25C
6D74	N191SB	RV6
6D76	N191SD	RV9
6D79	N191SG	B06
6D80	N191SP	PC12
6D84	N191ST	FA7X
6D89	N191SY	E75L
6D8C	N191TA	PA31
6D8F	N191TD	LJ45
6D91	N191TF	C550
6D96	N191TL	TL30
6D97	N191TM	P46T
6D99	N191TP	BE4W
6D9C	N191TS	B738
6DA0	N191TW	RV12
6DA1	N191TX	AS50
6DB9	N191UW	A321
6DBD	N191V	RC3
6DC3	N191VF	C560
6DCE	N191VS	H500
6DD6	N191W	BE95
6DD7	N191WA	BE99
6DD8	N191WB	BE9L
6DDB	N191WE	BE55
6DE1	N191WL	S22T
6DE2	N191WM	FOX
6DE6	N191WR	DFLY
6DE7	N191WS	HDJT
6DE8	N191WT	S22T
6DEB	N191WW	C172
6DEF	N191X	BU31
6E08	N191Y	BE35
6E12	N191YK	YK55
6E21	N191Z	DHC2
6E3B	N1910A	H25B
6E3C	N1910B	L8
6E3D	N1910C	C170
6E3F	N1910E	CH7A
6E42	N1910H	H25B
6E44	N1910K	L8
6E46	N1910M	C182
6E48	N1910P	PA22
6E4C	N1910T	P28A
6E51	N1910Y	M20P
6E52	N1910Z	J3
6E53	N19100	FA24
6E54	N19101	C150
6E56	N19103	C177
6E58	N19105	FA24
6E5A	N19107	FA24
6E5C	N19109	FA24
6E5D	N1911	B06
6E5E	N1911A	PA18
6E5F	N1911B	L8
6E63	N1911F	C150
6E65	N1911H	C182
6E66	N1911J	CC11
6E69	N1911M	C182
6E6E	N1911S	C150
6E6F	N1911T	P28A
6E71	N1911V	P28A
6E72	N1911W	GA6C
6E73	N1911X	C182
6E76	N19110	C150
6E77	N19111	C150
6E7A	N19114	C150
6E7D	N19117	B752
6E7E	N19118	C150
6E7F	N19119	C177
6E81	N1912A	PA18
6E83	N1912C	C170
6E84	N1912D	BE35
6E85	N1912E	CH7A
6E86	N1912F	C150
6E8B	N1912L	BE36
6E8E	N1912P	RV6
6E92	N1912T	P28R
6E94	N1912V	C140
6E96	N1912X	C182
6E97	N1912Y	M20P
6E99	N19120	C150
6E9C	N19123	FA24
6E9E	N19125	C150
6E9F	N19126	FA24
6EA1	N19128	FA24
6EA2	N19129	FA24
6EA6	N1913C	C170
6EAB	N1913H	P28A
6EAE	N1913L	BE33
6EB5	N1913T	P28A
6EB6	N1913U	A320
6EB9	N1913X	C182
6EBA	N1913Y	M20P
6EBC	N19130	B752
6EBE	N19132	C150
6EC0	N19134	C150
6EC2	N19136	B752
6EC4	N19138	C150
6EC5	N19139	FA24
6EC7	N1914A	PA18
6ECA	N1914D	BE35
6ECC	N1914F	C150
6ECE	N1914H	P28A
6ED1	N1914L	BE19
6ED9	N1914U	A320
6EDA	N1914V	C172
6EDE	N1914Z	C150
6EDF	N19140	FA24
6EE0	N19141	B752
6EE3	N19144	C150
6EE5	N19146	FA24
6EEA	N1915A	PA18
6EEC	N1915C	C170
6EED	N1915D	BE35
6EF7	N1915P	PA22
6EFB	N1915T	P28R
6EFD	N1915V	C172
6EFE	N1915W	C310
6F00	N1915Y	M20P
6F01	N1915Z	C150
6F04	N19152	C150
6F05	N19153	C150
6F06	N19154	C150
6F07	N19155	D25
6F0C	N1916	C182
6F0E	N1916B	L8
6F0F	N1916C	C170
6F16	N1916K	L8
6F20	N1916V	C140
6F22	N1916X	C182
6F23	N1916Y	M20P
6F24	N1916Z	SPUP
6F29	N19164	FA24
6F2C	N19167	C150
6F2E	N19169	C150
6F31	N1917B	L8
6F32	N1917C	C170
6F37	N1917H	DR1
6F38	N1917J	SE5A
6F3A	N1917L	BE23
6F3E	N1917Q	C77R
6F40	N1917S	SE5A
6F42	N1917U	C185
6F43	N1917V	C140
6F44	N1917W	DR1
6F46	N1917Y	M20P
6F48	N19170	C150
6F4B	N19173	FA24
6F4E	N19176	C150
6F4F	N19177	FA24
6F50	N19178	FA24
6F54	N1918B	L8
6F55	N1918C	NPOR
6F57	N1918E	C340
6F5A	N1918H	D7
6F5B	N1918J	C310
6F5C	N1918K	L8
6F5D	N1918L	BE23
6F5E	N1918M	C182
6F60	N1918P	D7
6F64	N1918T	PA32
6F66	N1918V	C172
6F68	N1918X	C182
6F6B	N19180	FA24
6F6D	N19182	FA24
6F6E	N19183	C150
6F6F	N19184	FA24
6F72	N19187	C150
6F74	N19189	FA24
6F75	N1919	PC12
6F76	N1919A	PA18
6F77	N1919B	BE19
6F78	N1919C	C170
6F79	N1919D	BE35
6F7A	N1919E	CH7A
6F7B	N1919F	C172
6F7E	N1919J	C310
6F80	N1919L	C411
6F81	N1919M	ST75
6F83	N1919P	PA22
6F84	N1919Q	C77R
6F86	N1919S	C172
6F89	N1919V	C303
6F8C	N1919Y	M20P
6F8E	N19190	C150
6F91	N19193	C150
6F92	N19194	C82S
6F94	N19196	C150
6F96	N19198	C150
6F98	N192	GLID
6F99	N192A	AS50
6F9A	N192AA	BE35
6F9C	N192AC	CH7B
6F9E	N192AE	B06
6F9F	N192AF	C414
6FA0	N192AG	M20P
6FA4	N192AL	C208
6FA5	N192AM	P28A
6FA6	N192AN	B752
6FA7	N192AP	DFLY
6FA9	N192AR	C172
6FB2	N192B	BE35
6FB3	N192BA	CH7B
6FB4	N192BB	MONI
6FB6	N192BD	GLID
6FBA	N192BH	E50P
6FBD	N192BL	PC24
6FC0	N192BP	UH1
6FC3	N192BS	SR22
6FC7	N192BW	SR20
6FCA	N192BZ	E195
6FCC	N192CA	BL8
6FCD	N192CB	EC20
6FCE	N192CC	PA18
6FD5	N192CK	FA20
6FD7	N192CM	T206
6FD9	N192CP	PC12
6FDB	N192CR	BL17
6FDC	N192CS	PA31
6FE0	N192CW	C172
6FE3	N192CZ	B190
6FE4	N192D	PZ04
6FE5	N192DA	DV20
6FE6	N192DB	AC11
6FEE	N192DK	C172
6FF1	N192DN	B763
6FF5	N192DS	DA40
7005	N192EH	AS50
700E	N192ES	S92
7016	N192F	B350
7019	N192FC	P28A
701B	N192FE	B763
7027	N192FS	C152
7030	N192GA	B190
7032	N192GC	C208
703A	N192GL	B190
703B	N192GM	VEZE
7048	N192H	BE17
7049	N192HA	F2TH
7063	N192JB	E190
7066	N192JE	GLF4
7068	N192JG	CRUZ
7069	N192JH	BL8
706B	N192JK	M20P
706D	N192JM	M20P
706F	N192JP	C172
7071	N192JR	C185
7080	N192KF	FOX
7089	N192KQ	K100
7095	N192LB	RV7
709B	N192LH	AC95
709E	N192LL	EC45
70AD	N192MA	BL8
70AF	N192MC	C172
70B1	N192ME	C172
70B4	N192MH	RV9
70B6	N192MK	M20P
70C8	N192NC	GLF4
70D1	N192NM	RV8
70D9	N192NV	A320
70DF	N192PA	G159
70E5	N192PG	SR20
70EA	N192PM	C150
70EE	N192PR	S22T
70EF	N192PS	CRUZ
70F7	N192Q	BE95
7108	N192QS	GL7T
7111	N192RA	G3
7112	N192RB	B505
7117	N192RG	AC11
711A	N192RK	SA30
711B	N192RL	B06
7121	N192RS	F900
7125	N192RW	GALX
7129	N192S	TUCA
712A	N192SA	H25B
712F	N192SF	FOX
7133	N192SK	P28B
713B	N192ST	P46T
7140	N192SY	E75L
7142	N192T	D328
7143	N192TA	B06
7146	N192TD	LJ45
7149	N192TG	C82T
714E	N192TM	SR20
7150	N192TP	G12T
7153	N192TS	D328
7154	N192TT	CAMP
7155	N192TU	P06T
7158	N192TX	RV7
716C	N192US	DC91
7170	N192UW	A321
7174	N192V	RV6
7185	N192VS	H500
7186	N192VT	COY2
718E	N192WA	BE99
718F	N192WB	T206
719D	N192WR	DFLY
719E	N192WS	HDJT
719F	N192WT	FOX
71A2	N192WW	SC7
71BF	N192Y	C82S
71C9	N192YK	YK52
71D8	N192Z	DHC2
71F1	N1920	E55P
71F4	N1920C	M20P
71F5	N1920D	BE35
71F6	N1920E	C340
71F7	N1920F	C172
71FA	N1920J	AC11
71FC	N1920L	BE19
71FD	N1920M	C182
7200	N1920Q	C185
7203	N1920T	E75L
7205	N1920V	C140
7206	N1920W	BE19
7207	N1920X	C182
7209	N1920Z	C150
720A	N19200	C150
720C	N19202	J2
720E	N19204	C150
7210	N19206	C150
7211	N19207	C150
7212	N19208	C150
7213	N19209	C150
7214	N1921	RV6
7217	N1921C	C170
7218	N1921D	BE35
7219	N1921E	CH7A
721A	N1921F	C172
721D	N1921J	PA46
721E	N1921K	L8
7220	N1921M	C182
7227	N1921U	PC12
722D	N19210	C150
722F	N19212	C150
7230	N19213	J2
7236	N19219	C150
723E	N1922G	F2TH
7241	N1922K	L8
7242	N1922L	BE23
7243	N1922M	ST75
7248	N1922S	C172
7249	N1922T	T210
724A	N1922U	C185
724B	N1922V	C172
724D	N1922X	C182
724E	N1922Y	M20P
7250	N19220	C150
7251	N19221	C150
7256	N19226	C150
725F	N1923E	GA6C
7260	N1923F	C172
7262	N1923H	P28A
7268	N1923P	SR22
7269	N1923Q	C77R
726B	N1923S	SA30
7271	N1923Y	M20P
7272	N1923Z	C150
7274	N19231	C150
7275	N19232	J2
7276	N19233	C150
7277	N19234	C177
7278	N19235	C150
7279	N19236	J2
727A	N19237	C150
727B	N19238	C150
727F	N1924B	L8
7282	N1924E	CH7A
7285	N1924H	P28A
7287	N1924K	L8
728C	N1924Q	C77R
728F	N1924T	BE99
7293	N1924X	C182
7294	N1924Y	M20P
729B	N19245	C177
729D	N19247	C150
72A0	N1925	F2TH
72A2	N1925B	LJ45
72A5	N1925E	CH7A
72A7	N1925G	C421
72A9	N1925J	C337
72AE	N1925P	LJ45
72AF	N1925Q	C77R
72B3	N1925U	T210
72B4	N1925V	C140
72B6	N1925X	C182
72B7	N1925Y	M20P
72B8	N1925Z	C150
72BE	N19255	C150
72BF	N19256	C150
72C4	N1926A	BE20
72C5	N1926B	A321
72C7	N1926D	BE35
72C9	N1926F	C172
72CA	N1926G	CH7A
72CE	N1926L	RV12
72D1	N1926P	PA22
72D2	N1926Q	C185
72D4	N1926S	LJ31
72D6	N1926U	T206
72D7	N1926V	C140
72D8	N1926W	BE19
72D9	N1926X	C182
72DA	N1926Y	M20P
72DB	N1926Z	C150
72DD	N19261	C150
72DF	N19263	J2
72E3	N19267	C150
72E4	N19268	C150
72E7	N1927A	PA18
72EA	N1927D	BE35
72EC	N1927F	C172
72ED	N1927G	G150
72EE	N1927H	P28R
72F1	N1927L	BE19
72F7	N1927S	K100
72F8	N1927T	C182
72FA	N1927V	C140
72FB	N1927W	BE19
72FE	N1927Z	C150
7300	N19271	C150
7303	N19274	C177
7305	N19276	C150
7306	N19277	C82S
730A	N1928A	CAMP
730C	N1928C	C170
730E	N1928E	CH7A
730F	N1928F	C172
7315	N1928M	ST75
7316	N1928N	C120
7318	N1928Q	C77R
731A	N1928S	K100
731B	N1928T	BE33
731D	N1928V	C140
7320	N1928Y	M20P
7321	N1928Z	C150
7322	N19280	C150
7324	N19282	C150
7327	N19285	J2
732A	N19288	C150
732B	N19289	C150
732F	N1929C	C170
7331	N1929E	RV12
7334	N1929H	CB1
7335	N1929J	CAMP
7336	N1929K	L8
7337	N1929L	BE24
733C	N1929R	CAMP
733F	N1929U	BE35
7340	N1929V	C172
7343	N1929Y	F2TH
7344	N1929Z	C150
7345	N19290	C150
7349	N19294	C150
734D	N19298	C150
734E	N19299	C150
7351	N193AA	MU2
7353	N193AC	BL8
7355	N193AE	B407
735B	N193AL	B06
735C	N193AM	B407
735D	N193AN	B752
7360	N193AR	FA62
7361	N193AS	EXEC
7368	N193AZ	EXEC
736A	N193BA	PA38
736B	N193BB	VTRA
736C	N193BC	MUS2
736F	N193BF	FOX
7371	N193BH	AS50
7374	N193BL	GLIM
7381	N193BZ	E195
7382	N193C	HUSK
7383	N193CA	DA40
7389	N193CG	LNP4
738C	N193CK	PA11
7390	N193CP	PA18
7393	N193CS	PRM1
739A	N193CZ	B190
739D	N193DB	LJ24
73A1	N193DF	FOX
73A3	N193DH	GLAS
73A7	N193DM	RV4
73A8	N193DN	B763
73A9	N193DP	DC3
73AB	N193DR	M20P
73B0	N193DW	COL3
73BC	N193EH	AS50
73C5	N193ES	S92
73CD	N193F	FDF2
73CF	N193FB	M20P
73D2	N193FE	B763
73E9	N193GC	R22
73EC	N193GF	BL8
73F2	N193GM	T206
73F7	N193GS	C182
73FF	N193H	RS21
741A	N193JB	E190
741B	N193JC	C650
741C	N193JD	VELO
741E	N193JF	RV9
7420	N193JH	PIVI
7422	N193JK	FOX
7426	N193JP	DA40
7429	N193JS	C172
7431	1933	C208
7440	N193KQ	K100
744C	N193LB	C207
7455	N193LL	EC45
7457	N193LN	CJ6
745B	N193LS	GLF6
7465	N193MB	P28B
7468	N193ME	C172
746F	N193MM	PA46
747C	N193N	GLID
7495	N193P	C206
7496	N193PA	G159
7498	N193PC	C550
74A3	N193PP	C25A
74A6	N193PS	CRUZ
74BF	N193QS	GL7T
74C7	N193R	C182
74C8	N193RA	B350
74CD	N193RF	RS12
74D0	N193RJ	C172
74D5	N193RP	MAGN
74DB	N193RV	RV6
74E0	N193S	GLAS
74E1	N193SA	GLIM
74E5	N193SE	C560
74E6	N193SF	PA46
74E7	N193SG	H25B
74EC	N193SM	BOLT
74EE	N193SP	C172
74F0	N193SR	SR22
74F1	N193SS	GALX
74F3	N193SU	BE99
74F5	N193SW	FB1A
74F7	N193SY	E75L
74F9	N193T	PA18
74FA	N193TA	T206
74FC	N193TC	FOX
74FF	N193TF	FOX
7501	N193TH	C172
7505	N193TM	LA25
7507	N193TP	G12T
750A	N193TS	SIRA
750B	N193TT	T210
7527	N193UW	A321
752D	N193VB	C82S
753C	N193VS	H500
7545	N193WA	BE99
7550	N193WM	P28A
7554	N193WR	DFLY
7555	N193WS	HDJT
7556	N193WT	SR20
7559	N193WW	SC7
7580	N193YK	YK55
758F	N193Z	DHC2
75A9	N1930A	PA18
75AA	N1930B	L8
75AB	N1930C	C170
75AC	N1930D	BE35
75B1	N1930J	C25C
75B3	N1930L	BE23
75B9	N1930S	VJ22
75BA	N1930T	P28A
75BB	N1930U	RV4
75BC	N1930V	C172
75BE	N1930X	C182
75C2	N19301	AERK
75C3	N19302	C150
75C4	N19303	C150
75C5	N19304	C207
75C7	N19306	C150
75CB	N1931	ST75
75CD	N1931B	GLAS
75D3	N1931H	C172
75D4	N1931J	AC11
75D9	N1931P	PA22
75DA	N1931Q	C185
75DC	N1931S	GLST
75DD	N1931T	AA5
75DF	N1931V	C172
75E0	N1931W	BE19
75E1	N1931X	C182
75E3	N1931Z	C150
75E6	N19312	C150
75E7	N19313	C150
75E8	N19314	AERK
75E9	N19315	C150
75EE	N1932	LJ45
75F0	N1932B	L8
75F1	N1932C	C170
75F3	N1932E	CH7A
75F6	N1932H	PC12
75F7	N1932J	WACF
75F8	N1932K	LJ31
75FB	N1932N	BE33
75FC	N1932P	GLF5
75FD	N1932Q	C77R
75FF	N1932S	CL30
7600	N1932T	P28R
7601	N1932U	C185
7604	N1932X	PA18
7605	N1932Y	M20P
7607	N19320	C150
760A	N19323	C150
760C	N19325	C150
760D	N19326	C150
760F	N19328	C150
7610	N19329	C150
7611	N1933	CB1
7616	N1933E	CH7A
7617	N1933F	C172
7618	N1933G	FA7X
7619	N1933H	P28A
761C	N1933L	BE24
761D	N1933M	C182
7621	N1933R	WACO
7622	N1933S	C25B
7623	N1933T	P28A
7626	N1933W	BE19
7627	N1933X	C182
7629	N1933Z	C150
762B	N19331	AERK
762D	N19333	C150
762E	N19334	C150
7630	N19336	C150
7632	N19338	AERK
7634	N1934	EXEC
7635	N1934A	PA18
7636	N1934B	L8
7637	N1934C	C170
7638	N1934D	DH89
763B	N1934G	C172
763C	N1934H	P28A
763D	N1934J	AC11
7640	N1934M	C182
7642	N1934P	PA22
764A	N1934X	C182
764B	N1934Y	M20P
764C	N1934Z	C150
764F	N19342	C150
7650	N19343	C150
7652	N19345	C150
7653	N19346	C150
7654	N19347	AERK
7656	N19349	AERK
7657	N1935	TAYB
7659	N1935B	WACF
765B	N1935D	BE35
7662	N1935L	BE19
7664	N1935N	C120
7669	N1935T	P28A
766B	N1935V	C182
766E	N1935Y	M20P
7671	N19351	C150
7674	N19354	WACC
7675	N19355	C150
7678	N19358	C150
767B	N1936A	PA18
767C	N1936B	L8
767D	N1936C	C170
767F	N1936E	CH7A
7680	N1936F	C172
7682	N1936H	P28A
7685	N1936L	BE23
7686	N1936M	C182
7687	N1936N	PA18
7688	N1936P	M7
768A	N1936R	H25B
768B	N1936S	P28A
768C	N1936T	P28A
7690	N1936X	C182
7693	N19360	WACC
7694	N19361	WACN
7697	N19364	C150
769A	N19367	C150
769C	N19369	C172
769D	N1937	WACC
769E	N1937A	PA11
76A0	N1937C	C170
76A1	N1937D	DH82
76A2	N1937E	CH7A
76A3	N1937F	C172
76A4	N1937G	PA18
76A5	N1937H	P28A
76A6	N1937J	AC11
76A7	N1937K	P32R
76A8	N1937L	BE24
76A9	N1937M	C182
76AE	N1937S	WACN
76AF	N1937T	P28A
76B1	N1937V	F2TH
76B2	N1937W	BE19
76B4	N1937Y	M20P
76B7	N19371	WACC
76B9	N19373	WACC
76BD	N19377	C150
76BE	N19378	WACN
76C1	N1938A	PA18
76C2	N1938B	TAYB
76C3	N1938C	J3
76C4	N1938D	BE35
76C5	N1938E	CH7A
76C7	N1938G	CH70
76C9	N1938J	AC11
76CA	N1938K	AERK
76CB	N1938L	BE24
76D1	N1938S	AC50
76D4	N1938V	C140
76DD	N19384	C150
76DE	N19385	WACN
76DF	N19386	WACC
76E0	N19387	C177
76E1	N19388	C150
76E2	N19389	C150
76E3	N1939	L8
76E4	N1939A	PA18
76E8	N1939E	CH7A
76EA	N1939G	P28A
76EB	N1939H	P28R
76EC	N1939J	BU31
76ED	N1939K	BE18
76EE	N1939L	BE24
76F2	N1939Q	C77R
76F3	N1939R	PTS1
76F4	N1939S	C172
76F5	N1939T	TAYB
76F7	N1939V	C140
76F8	N1939W	SREY
76F9	N1939X	C182
76FA	N1939Y	M20P
76FB	N1939Z	C150
76FC	N19390	C150
7706	N194	L5
7707	N194A	BE33
7708	N194AA	B752
770A	N194AC	S64
770C	N194AE	AS50
7711	N194AK	RV9
7712	N194AL	C208
7713	N194AM	BL8
7717	N194AR	C172
771C	N194AW	SONX
7721	N194BA	PA38
7723	N194BC	BL8
7728	N194BH	H60
772C	N194BM	AT8T
772D	N194BN	RV9
772E	N194BP	UH1
7735	N194BW	AC11
7739	N194C	FOX
773B	N194CB	EC20
773C	N194CC	PA11
773D	N194CD	SR22
773E	N194CE	CH75
7741	N194CH	H46
7742	N194CJ	SF34
7745	N194CM	SR22
7747	N194CP	SR22
7749	N194CR	RV9
774A	N194CS	PC12
774B	N194CT	ASTO
7752	N194D	RV9
7753	N194DA	DV20
7754	N194DB	GLIM
7755	N194DC	S22T
7756	N194DD	T206
775B	N194DJ	M20P
775D	N194DL	RV9
775E	N194DM	RV12
775F	N194DN	B763
7760	N194DP	COY2
776B	N194E	EN28
776F	N194ED	P46T
7773	N194EH	AS50
7784	N194F	GLID
779D	N194G	CORS
779E	N194GA	B190
779F	N194GB	RV9
77A0	N194GC	VTRA
77A8	N194GL	RV9
77A9	N194GM	RV9
77AB	N194GP	RV9
77B9	N194HC	R22
77C4	N194HP	P32R
77C7	N194HS	ERCO
77CB	N194HW	RV9
77D7	N194JH	RV9
77E1	N194JT	RV9
77EB	N194KC	R22
77F1	N194KJ	TAYB
77F4	N194KM	GLAS
7801	N194L	J3
7802	N194LA	AT6T
7806	N194LE	R22
7807	N194LF	COL4
7808	N194LG	SR22
7809	N194LH	DHC6
780C	N194LL	EC45
781B	N194MA	P32R
781F	N194ME	C25C
7820	N194MF	GLF5
7821	N194MG	C25A
7822	N194MH	RV9
7826	N194MM	RV7
782A	N194MR	FOX
7845	N194NT	A119
784C	N194P	GLID
7855	N194PJ	PC24
7858	N194PM	PA46
785E	N194PT	RV8
7865	N194Q	BE95
787F	N194RA	PA11
7887	N194RJ	P28A
7889	N194RL	HUSK
788E	N194RR	T28
788F	N194RS	RV9
7892	N194RV	RV4
7897	N194S	R44
7898	N194SA	C560
789A	N194SC	CRUZ
789C	N194SE	C172
789F	N194SH	M20P
78A3	N194SM	C208
78A5	N194SP	C172
78A9	N194ST	RV9
78AB	N194SV	P180
78AD	N194SX	FOX
78AE	N194SY	E75L
78B0	N194T	PA18
78B1	N194TA	B06
78B3	N194TC	RV9
78B4	N194TD	CL30
78B8	N194TH	C172
78BE	N194TP	G12T
78C0	N194TR	BE20
78C1	N194TS	DA40
78C2	N194TT	RV9
78C6	N194TX	O1
78CA	N194UA	B744
78DE	N194UW	A321
78E2	N194V	M20P
78F3	N194VS	H500
78FB	N194W	FA7X
78FC	N194WA	BE99
78FD	N194WB	B212
7900	N194WE	RV9
7907	N194WM	GLF6
7910	N194WW	SC7
7914	N194X	BLKS
7917	N194XC	RV9
792D	N194Y	HIGH
7944	N194YY	BE30
7946	N194Z	AC50
7961	N1940B	J3
7963	N1940D	BE35
7965	N1940F	C172
7967	N1940H	BU33
796A	N1940L	BE23
796B	N1940M	GLID
796D	N1940P	PA22
7970	N1940S	L18
7971	N1940T	P28R
7976	N1940Y	M20P
7978	N19400	C150
797C	N19404	C150
797D	N19405	C177
797E	N19406	C150
7980	N19408	C150
7981	N19409	C150
7983	N1941A	RV3
7984	N1941B	C82T
7985	N1941C	J5
7987	N1941E	ST75
7989	N1941G	DFLY
798C	N1941K	CHR1
798E	N1941M	C182
798F	N1941N	FA62
7990	N1941P	P40
7992	N1941R	CX5
7994	N1941T	BE35
7996	N1941V	P28A
7997	N1941W	J3
799B	N19410	C150
799C	N19411	M20P
799E	N19413	C150
799F	N19414	C150
79A4	N19419	C177
79A7	N1942B	L8
79A8	N1942C	C170
79A9	N1942D	BE35
79AA	N1942E	CH7A
79AC	N1942G	C421
79AE	N1942J	P32R
79AF	N1942K	C680
79B0	N1942L	BE24
79B1	N1942M	C182
79B3	N1942P	ST75
79B4	N1942Q	ST75
79B6	N1942S	C172
79B7	N1942T	P28A
79BA	N1942W	RELI
79BB	N1942X	P210
79BC	N1942Y	RV8
79BD	N1942Z	P28A
79C0	N19422	C150
79CA	N1943B	ST75
79CB	N1943C	C170
79CC	N1943D	BE35
79D1	N1943J	B25
79D3	N1943L	BE23
79D4	N1943M	C210
79D7	N1943Q	C77R
79D8	N1943R	P51
79D9	N1943S	RELI
79DA	N1943T	P28A
79DD	N1943W	RV9
79E0	N1943Z	C150
79EA	N19439	C150
79EC	N1944A	DC3
79ED	N1944B	BE17
79EE	N1944C	C170
79EF	N1944D	T6
79F0	N1944E	C340
79F1	N1944F	VIX
79F2	N1944G	C421
79FA	N1944Q	C77R
79FC	N1944S	ST75
79FD	N1944T	P28A
7A00	N1944W	G44
7A02	N1944Y	M20P
7A03	N1944Z	C150
7A05	N19441	C150
7A0E	N1945	DC3
7A11	N1945C	C170
7A13	N1945E	C340
7A14	N1945F	C172
7A15	N1945G	RS12
7A19	N1945L	BE23
7A1A	N1945M	C182
7A1B	N1945N	C120
7A1C	N1945P	PA22
7A1D	N1945Q	C77R
7A1F	N1945S	L5
7A20	N1945T	P28A
7A22	N1945V	C140
7A23	N1945W	BE19
7A24	N1945X	C182
7A28	N19451	C150
7A2A	N19453	C150
7A2C	N19455	CMAS
7A2E	N19457	CMAS
7A30	N19459	CMAS
7A31	N1946	J3
7A32	N1946A	PA18
7A34	N1946C	C170
7A35	N1946D	PA23
7A36	N1946E	CH7A
7A38	N1946G	C421
7A39	N1946H	P28A
7A3A	N1946J	J3
7A3B	N1946K	L8
7A3C	N1946L	J3
7A40	N1946Q	C77R
7A42	N1946S	L8
7A43	N1946T	P28R
7A45	N1946V	C172
7A48	N1946Y	M20P
7A49	N1946Z	CH7A
7A4D	N19463	C150
7A4E	N19464	CMAS
7A51	N19467	BE17
7A53	N19469	C150
7A54	N1947	LGEZ
7A55	N1947A	PA18
7A56	N1947B	L8
7A57	N1947C	C170
7A58	N1947D	BE35
7A5A	N1947F	C172
7A5D	N1947J	S108
7A5E	N1947K	L8
7A5F	N1947L	C172
7A60	N1947M	BE35
7A62	N1947P	PA22
7A63	N1947Q	C77R
7A67	N1947U	NAVI
7A6A	N1947X	C182
7A6B	N1947Y	PA12
7A6C	N1947Z	C120
7A70	N19473	BE17
7A73	N19476	C150
7A74	N19477	C150
7A76	N19479	C150
7A78	N1948A	C170
7A79	N1948B	C77R
7A7B	N1948D	BE35
7A7C	N1948E	CH7A
7A7D	N1948F	C172
7A82	N1948L	BE23
7A85	N1948P	RV7
7A86	N1948Q	C77R
7A8B	N1948V	C140
7A8C	N1948W	EA50
7A8D	N1948X	C182
7A8E	N1948Y	M20P
7A90	N19480	C150
7A91	N19481	C150
7A92	N19482	BE17
7A94	N19484	CMAS
7A96	N19486	C150
7A99	N19489	CMAS
7A9B	N1949A	C140
7A9C	N1949B	DHC2
7A9D	N1949C	C170
7AA1	N1949G	COY2
7AA4	N1949K	L8
7AA8	N1949P	C172
7AAB	N1949S	BE36
7AAE	N1949V	C140
7AB1	N1949Y	M20P
7AB6	N19493	BE17
7AB9	N19496	C150
7ABB	N19498	CMAS
7ABF	N195AA	PA31
7AC0	N195AB	C190
7AC4	N195AF	C195
7AC7	N195AJ	P32R
7AC8	N195AK	C195
7AC9	N195AL	BE30
7ACA	N195AM	P46T
7ACB	N195AN	B752
7AD0	N195AT	CC11
7AD2	N195AV	A320
7AD3	N195AW	B190
7AD6	N195AZ	C185
7AD8	N195BA	C195
7AD9	N195BB	C195
7AE2	N195BL	C195
7AE3	N195BM	RV8
7AE8	N195BS	C195
7AE9	N195BT	C195
7AEB	N195BV	C195
7AF0	N195C	S108
7AF1	N195CA	BE30
7AF3	N195CC	C195
7AF4	N195CD	SR20
7AF7	N195CG	C195
7AF8	N195CH	H46
7AFA	N195CK	C195
7AFB	N195CL	FOX
7AFD	N195CN	C195
7B05	N195CW	C195
7B0A	N195DA	DA40
7B0B	N195DB	RLU1
7B0C	N195DC	C195
7B0F	N195DF	C195
7B13	N195DK	C195
7B14	N195DL	RV6
7B15	N195DM	C195
7B16	N195DN	B763
7B19	N195DR	C195
7B1A	N195DS	C195
7B1B	N195DT	C195
7B20	N195DY	C195
7B21	N195DZ	C195
7B24	N195EB	C195
7B25	N195EC	FOX
7B2A	N195EH	AS50
7B2D	N195EL	C195
7B3B	N195F	C195
7B3C	N195FA	C82T
7B40	N195FE	B763
7B46	N195FL	BE36
7B47	N195FM	C195
7B52	N195FY	C195
7B54	N195G	C195
7B59	N195GE	C190
7B5F	N195GL	B190
7B60	N195GM	GLAS
7B65	N195GS	C150
7B66	N195GT	C195
7B69	N195GW	C195
7B6D	N195H	C195
7B6E	N195HA	C195
7B76	N195HJ	C195
7B86	N195J	C195
7B87	N195JA	C195
7B88	N195JB	C195
7B8A	N195JD	C195
7B8C	N195JF	C195
7B8D	N195JG	PA46
7B94	N195JP	C195
7B96	N195JR	BE95
7B97	N195JS	C195
7B9B	N195JW	C195
7B9F	N195K	C195
7BA1	N195KB	C195
7BA2	N195KC	F2TH
7BA5	N195KF	FOX
7BA8	N195KJ	C195
7BAF	N195KR	C195
7BB0	N195KS	C195
7BB4	N195KW	C195
7BBB	N195LC	C195
7BBD	N195LE	HUCO
7BBF	N195LG	C195
7BC3	N195LL	EC45
7BC5	N195LN	C195
7BC9	N195LS	C195
7BCC	N195LV	C195
7BCD	N195LW	C195
7BD2	N195MA	P28A
7BD7	N195MF	C25A
7BD8	N195MG	COY2
7BDA	N195MJ	C195
7BDB	N195MK	C195
7BE2	N195MS	C195
7BEA	N195N	C195
7BFF	N195NW	C172
7C03	N195P	C190
7C04	N195PA	GLF2
7C05	N195PB	RV7
7C06	N195PC	C195
7C07	N195PD	C195
7C0A	N195PG	A321
7C0C	N195PJ	PA32
7C0D	N195PK	C195
7C0E	N195PL	C195
7C0F	N195PM	PA46
7C12	N195PQ	CRJ9
7C13	N195PR	C195
7C14	N195PS	CRUZ
7C18	N195PW	C190
7C1C	N195Q	C195
7C1E	N195QB	BE35
7C2C	N195QR	NI28
7C36	N195RA	C195
7C37	N195RB	M7
7C38	N195RC	C195
7C3A	N195RE	C195
7C3E	N195RJ	C195
7C46	N195RS	C195
7C49	N195RV	RV4
7C4A	N195RW	C195
7C4E	N195S	C195
7C50	N195SB	C195
7C51	N195SC	C195
7C52	N195SD	BE60
7C53	N195SE	C195
7C55	N195SG	RV6
7C56	N195SH	R44
7C5A	N195SM	C195
7C60	N195ST	C195
7C62	N195SV	F900
7C65	N195SY	E75L
7C67	N195T	PA18
7C68	N195TA	BE95
7C6A	N195TC	AC11
7C6E	N195TG	C195
7C6F	N195TH	C172
7C70	N195TJ	RV6
7C75	N195TP	G12T
7C7C	N195TW	C195
7C80	N195U	C195
7C81	N195UA	B744
7C91	N195US	DC91
7C95	N195UW	A321
7C99	N195V	C195
7C9F	N195VF	C195
7CA1	N195VH	C195
7CAA	N195VS	H500
7CAB	N195VT	VELT
7CB3	N195WA	BE99
7CB4	N195WB	C195
7CB9	N195WG	C195
7CBA	N195WH	C195
7CBD	N195WL	C190
7CC3	N195WS	C195
7CC4	N195WT	C195
7CC6	N195WV	LNC2
7CCB	N195X	C190
7CE4	N195Y	C195
7D17	N1950A	C140
7D18	N1950B	BE35
7D19	N1950C	C195
7D1A	N1950D	CH7B
7D1B	N1950E	CH7A
7D1C	N1950F	C172
7D21	N1950L	BE23
7D24	N1950P	PA18
7D25	N1950Q	C77R
7D29	N1950U	C185
7D2A	N1950V	C182
7D2B	N1950W	BE19
7D2C	N1950X	BE36
7D2D	N1950Y	P28A
7D2F	N19500	PA46
7D30	N19501	C177
7D31	N19502	J2
7D37	N19508	C150
7D3B	N1951B	PA11
7D3E	N1951E	CH7A
7D40	N1951G	SR22
7D42	N1951J	TAYB
7D43	N1951K	FOX
7D45	N1951M	BE95
7D47	N1951P	PA18
7D49	N1951R	RV12
7D4B	N1951T	C185
7D4D	N1951V	C120
7D4E	N1951W	BE19
7D4F	N1951X	C182
7D50	N1951Y	M20P
7D51	N1951Z	C150
7D52	N19510	J2
7D53	N19511	J2
7D58	N19516	C150
7D5A	N19518	J2
7D5B	N19519	C177
7D5C	N1952	BE36
7D5E	N1952B	RV4
7D5F	N1952C	EN28
7D64	N1952H	P28R
7D66	N1952K	SR22
7D67	N1952L	WAIX
7D68	N1952M	P337
7D69	N1952N	FOX
7D6A	N1952P	PA18
7D6C	N1952R	E55P
7D6E	N1952T	P28R
7D70	N1952V	C120
7D73	N1952Y	M20P
7D74	N1952Z	EN28
7D77	N19522	C150
7D78	N19523	C150
7D79	N19524	C150
7D7B	N19526	C150
7D80	N1953A	C170
7D81	N1953B	L8
7D82	N1953C	C180
7D84	N1953E	C170
7D85	N1953F	GX
7D86	N1953G	C421
7D87	N1953H	PA32
7D8A	N1953L	BE24
7D8B	N1953M	PA18
7D8C	N1953N	PA11
7D8D	N1953P	PA18
7D8F	N1953R	R44
7D90	N1953S	RV10
7D91	N1953T	P28A
7D92	N1953U	T206
7D93	N1953V	PA18
7D96	N1953Y	M20P
7D97	N1953Z	C150
7D99	N19531	C150
7D9C	N19534	C150
7D9D	N19535	SREY
7DA4	N1954B	PA15
7DA5	N1954C	C170
7DA6	N1954D	BE35
7DAB	N1954J	DHC2
7DAC	N1954K	L8
7DAD	N1954L	T206
7DAE	N1954M	C182
7DB0	N1954P	PA18
7DB3	N1954S	C177
7DB4	N1954T	P28A
7DB5	N1954U	C185
7DB6	N1954V	C172
7DB8	N1954X	C182
7DB9	N1954Y	M20P
7DBA	N1954Z	U16
7DC2	N19547	DHC1
7DC5	N1955	O1
7DC6	N1955A	VTRA
7DC7	N1955B	L8
7DC8	N1955C	C170
7DCD	N1955H	P32R
7DCF	N1955K	L8
7DD1	N1955M	GA6C
7DD2	N1955N	C140
7DD3	N1955P	PA18
7DD4	N1955Q	GLEX
7DD6	N1955S	LEG2
7DD7	N1955T	C82T
7DD9	N1955V	C172
7DDA	N1955W	BE19
7DDB	N1955X	MONI
7DDC	N1955Y	M20P
7DDE	N19550	C150
7DE6	N19558	C150
7DE8	N1956	C310
7DE9	N1956A	C510
7DEB	N1956C	C170
7DEC	N1956D	DHC1
7DED	N1956E	CH60
7DEE	N1956F	C172
7DF0	N1956H	CH7B
7DF1	N1956J	C180
7DF2	N1956K	RV12
7DF3	N1956L	BE23
7DF4	N1956M	GLF5
7DF5	N1956N	C140
7DF6	N1956P	PA18
7DF7	N1956Q	QUIC
7DF8	N1956R	PA30
7DF9	N1956S	P28R
7DFC	N1956V	C172
7DFD	N1956W	BE19
7DFE	N1956X	PA18
7E05	N19564	C150
7E09	N19568	C150
7E0B	N1957	C172
7E0C	N1957A	PA18
7E0D	N1957B	L8
7E0E	N1957C	S22T
7E0F	N1957D	BE35
7E10	N1957E	CH7A
7E11	N1957F	C172
7E15	N1957K	C82S
7E17	N1957M	C182
7E1D	N1957T	P28R
7E20	N1957W	C172
7E21	N1957X	C182
7E22	N1957Y	M20P
7E23	N1957Z	B06
7E26	N19572	C150
7E29	N19575	C177
7E2E	N1958	BE35
7E30	N1958B	C172
7E31	N1958C	R44
7E39	N1958L	BE23
7E3A	N1958M	EC30
7E3C	N1958P	PA22
7E42	N1958V	C120
7E44	N1958X	C182
7E45	N1958Y	C180
7E49	N19582	C150
7E4E	N19587	C150
7E50	N19589	C150
7E51	N1959	C175
7E52	N1959A	PA18
7E53	N1959B	DHC2
7E54	N1959C	C182
7E56	N1959E	C150
7E59	N1959H	P28A
7E5B	N1959K	L8
7E5D	N1959M	CRUZ
7E5F	N1959P	PA24
7E63	N1959T	BE50
7E67	N1959X	C182
7E68	N1959Y	M20P
7E6A	N19590	C150
7E6C	N19592	C150
7E6E	N19594	C150
7E71	N19597	C150
7E73	N19599	J2
7E74	N196	RV14
7E75	N196A	C180
7E76	N196AA	B752
7E7A	N196AE	B407
7E7C	N196AG	PA31
7E7D	N196AH	PC24
7E7E	N196AJ	B722
7E81	N196AM	SR20
7E83	N196AP	GA6C
7E85	N196AR	C172
7E87	N196AT	GLF5
7E89	N196AV	C182
7E8A	N196AW	AVID
7E8E	N196B	BE30
7E8F	N196BA	MRAI
7EA7	N196C	S108
7EA8	N196CA	C402
7EA9	N196CB	HIGH
7EAA	N196CC	GLF4
7EB3	N196CM	SR22
7EB5	N196CP	T206
7EC9	N196DJ	RV6
7ECD	N196DN	B763
7ED1	N196DS	RV6
7EF3	N196FA	C72R
7EF5	N196FC	TEX2
7EF7	N196FE	B763
7F03	N196FS	C421
7F04	N196FT	UH12
7F0B	N196G	GLAS
7F0E	N196GC	C208
7F21	N196GX	M20P
7F24	N196H	GLID
7F32	N196HP	P32R
7F3F	N196JB	E300
7F44	N196JG	R22
7F45	N196JH	C25B
7F49	N196JM	COZY
7F4D	N196JR	PTS1
7F52	N196JW	WAIX
7F6F	N196L	VJ22
7F70	N196LA	AT8T
7F71	N196LB	FOX
7F7A	N196LL	BK17
7F7D	N196LP	CRUZ
7F88	N196M	M200
7F89	N196MA	MU2
7F8A	N196MB	AVID
7F8B	N196MC	SR20
7F8D	N196ME	C172
7F9A	N196MT	P28A
7FB5	N196NV	A320
7FBB	N196PA	GLF2
7FBD	N196PC	C25B
7FBE	N196PD	B06
7FC0	N196PF	HUSK
7FC4	N196PK	AT5T
7FC5	N196PL	GLID
7FCB	N196PS	CRUZ
7FCF	N196PW	C82T
7FEC	N196R	C310
7FED	N196RA	GLST
7FEE	N196RB	WACF
7FEF	N196RC	GLST
7FF0	N196RD	CAMP
7FF1	N196RE	G3
8005	N196S	RV6
8006	N196SA	C206
8007	N196SB	C56X
8008	N196SC	BE20
800C	N196SG	G2GL
800E	N196SJ	B06
8013	N196SP	P28A
8014	N196SQ	P32R
8015	N196SR	SR22
801C	N196SY	E75L
801F	N196TA	B407
8021	N196TC	C310
8026	N196TH	BL8
8030	N196TT	T206
8032	N196TV	B06
8033	N196TW	T206
8048	N196US	DC91
804C	N196UW	A321
8051	N196VA	RV7
8061	N196VS	H500
806A	N196WA	BE99
8079	N196WR	DFLY
807E	N196WW	SC7
8090	N196XP	SONX
809B	N196Y	GLID
80B1	N196YX	WAIX
80C2	N196ZP	CH60
80CC	N196ZZ	BE30
80CD	N1960	M20P
80D0	N1960C	C195
80D1	N1960D	BE35
80D3	N1960F	C172
80D5	N1960H	F900
80D7	N1960K	L8
80D8	N1960L	BE24
80D9	N1960M	C182
80DB	N1960P	CH7A
80DE	N1960S	CH60
80DF	N1960T	P28R
80E1	N1960V	C120
80E3	N1960X	C182
80E4	N1960Y	M20P
80E6	N19600	C172
80E7	N19601	C172
80E8	N19602	C172
80E9	N19603	C172
80EC	N19606	C172
80EE	N19608	TAYA
80EF	N19609	C172
80F0	N1961	BE50
80F1	N1961A	PA20
80F3	N1961C	C170
80F4	N1961D	C185
80F9	N1961J	P28A
80FA	N1961K	L8
80FC	N1961M	C182
80FD	N1961N	C140
80FE	N1961P	PA18
8103	N1961U	T206
8105	N1961W	BE19
8106	N1961X	RV6
8107	N1961Y	M20P
8109	N19610	C172
810D	N19614	C172
810E	N19615	TAYA
8111	N19618	C172
8115	N1962B	L8
8118	N1962E	CH7A
811A	N1962G	T206
811C	N1962J	C750
811D	N1962K	T206
811E	N1962L	BE23
811F	N1962M	L5
8120	N1962N	C140
8121	N1962P	G2T1
8125	N1962T	P28A
8127	N1962V	C140
812A	N1962Y	M20P
812C	N19620	C172
812E	N19622	C172
8130	N19624	C172
8131	N19625	C172
8135	N19629	C172
8136	N1963	RV4
8138	N1963B	L8
813A	N1963D	SMAX
813B	N1963E	SR22
813D	N1963G	C150
813E	N1963H	P28B
813F	N1963J	PA32
8141	N1963L	BE23
8142	N1963M	SR22
8143	N1963N	GLF4
8144	N1963P	BE35
8145	N1963Q	C77R
8147	N1963S	BU31
8148	N1963T	P28R
814A	N1963V	C172
814B	N1963W	BE19
814D	N1963Y	M20P
814E	N1963Z	C150
814F	N19630	C172
815A	N1964A	BE36
815B	N1964B	SA7
815F	N1964F	C172
8165	N1964M	GLF5
8168	N1964Q	C77R
816A	N1964S	PA18
816B	N1964T	RV10
8170	N1964Y	M20P
8171	N1964Z	C150
8172	N19640	C172
8175	N19643	C172
8176	N19644	C172
8177	N19645	C172
8178	N19646	C172
817A	N19648	C172
817B	N19649	TAYA
817E	N1965B	L8
817F	N1965C	C170
8181	N1965E	CH7A
8184	N1965H	C172
8187	N1965L	LJ24
8189	N1965N	C140
818A	N1965P	PA18
818D	N1965S	BE35
818E	N1965T	BE35
8190	N1965V	C172
8193	N1965Y	M20P
8194	N1965Z	BE35
8195	N19650	C172
8198	N19653	TAYA
819A	N19655	C172
819C	N19657	C172
819D	N19658	C172
81A1	N1966B	DHC2
81A3	N1966D	BE35
81A5	N1966F	C172
81A6	N1966G	C208
81A7	N1966H	GL7T
81AA	N1966L	AA5
81AB	N1966M	SR22
81AD	N1966P	PA18
81AE	N1966Q	FOX
81B6	N1966Y	M20P
81B8	N19660	TAYA
81BD	N19665	C177
81BF	N19667	C172
81C0	N19668	C172
81C1	N19669	C172
81C4	N1967B	L8
81C5	N1967C	C170
81C8	N1967F	M20P
81C9	N1967G	C560
81CA	N1967H	TBM7
81CB	N1967J	GLF5
81CC	N1967K	PA11
81D1	N1967Q	VP2
81D3	N1967S	C172
81D4	N1967T	CH7A
81D5	N1967U	C172
81D6	N1967V	C210
81D7	N1967W	BE19
81D8	N1967X	C182
81DC	N19671	C172
81DE	N19673	C172
81DF	N19674	C172
81E1	N19676	C172
81E4	N19679	C172
81E6	N1968A	C337
81E9	N1968D	BE55
81EA	N1968E	CH7A
81EB	N1968F	C172
81EC	N1968G	L8
81EE	N1968J	RV6
81EF	N1968K	L8
81F6	N1968S	TEAL
81F7	N1968T	PA32
81FA	N1968W	P46T
81FD	N1968Z	C150
81FE	N19680	C172
81FF	N19681	C172
8200	N19682	C172
8202	N19684	C172
8204	N19686	C172
8205	N19687	C172
8206	N19688	C172
820A	N1969B	L8
820D	N1969E	C172
820E	N1969F	M20P
8210	N1969H	P32R
8211	N1969J	C560
8212	N1969K	C172
8213	N1969L	LEG2
8214	N1969M	CL60
8216	N1969P	SR22
8217	N1969Q	C77R
8219	N1969S	SA30
821A	N1969T	P28A
821C	N1969V	C140
821D	N1969W	BE19
821E	N1969X	C182
821F	N1969Y	M20P
8220	N1969Z	C150
8223	N19692	C172
8224	N19693	TAYA
8225	N19694	C180
8226	N19695	C172
8229	N19698	C172
822B	N197	CASS
822D	N197AA	B06
822F	N197AC	ACAM
8238	N197AM	PIAE
8239	N197AN	B752
823C	N197AR	EA50
823D	N197AS	BE20
823E	N197AT	IR23
8241	N197AW	M20P
8245	N197B	BE35
8246	N197BA	C72R
8247	N197BB	GLF5
8248	N197BC	BL8
8249	N197BD	GLF4
824A	N197BE	BE40
824D	N197BH	AS50
824E	N197BJ	R44
8250	N197BL	M20T
8253	N197BP	RV7
8255	N197BR	FOX
8256	N197BS	C82S
825A	N197BW	CRER
825D	N197BZ	C182
825E	N197C	S108
825F	N197CA	BE65
8260	N197CB	EC20
8266	N197CH	RV6
826A	N197CM	S22T
826C	N197CP	SR22
826F	N197CS	COY2
8272	N197CV	M20P
8277	N197D	RV10
8278	N197DA	LEG2
8279	N197DB	C310
827A	N197DC	DA40
827F	N197DH	BE36
8280	N197DJ	P32R
8282	N197DL	COZY
8283	N197DM	RV6
8284	N197DN	B763
8288	N197DS	DA40
8289	N197DT	M20P
828D	N197DX	F2TH
8290	N197E	H500
8293	N197EC	LJ45
82A9	N197F	C182
82AE	N197FE	B763
82B5	N197FM	BE33
82C2	N197G	GLST
82C3	N197GA	B190
82C4	N197GB	AC90
82DB	N197H	TAYB
82DD	N197HB	GLID
82E6	N197HL	R44
82F4	N197J	A109
82F6	N197JB	E190
82F7	N197JC	VEZE
8302	N197JP	R44
831E	N197KS	C150
8326	N197L	BE18
8327	N197LA	PA46
832B	N197LE	HUCO
8331	N197LL	SF50
8340	N197MA	PA46
8342	N197MC	C172
8344	N197ME	C172
8348	N197MJ	FA10
8350	N197MS	P180
8351	N197MT	COY2
835C	N197ND	CH7B
836C	N197NV	A320
837D	N197PM	PA46
8380	N197PQ	CRJ9
8381	N197PR	C550
8382	N197PS	CRUZ
8386	N197PW	GLID
838A	N197Q	BE35
83A3	N197R	BE36
83A4	N197RA	PA11
83A6	N197RC	VO10
83A7	N197RD	C185
83AB	N197RH	AP22
83AD	N197RK	AT5T
83AF	N197RM	M20P
83B1	N197RP	SSTL
83B3	N197RR	WAIX
83B4	N197RS	RV12
83B7	N197RV	RV7
83BD	N197SA	P28A
83BF	N197SC	BE9L
83C0	N197SD	CRER
83C4	N197SH	R22
83C7	N197SL	BOLT
83CC	N197SR	SR22
83CF	N197SU	R44
83D1	N197SW	GLF4
83D3	N197SY	E75L
83D6	N197TA	C172
83D7	N197TB	TOBA
83D8	N197TC	C172
83DB	N197TF	LA25
83DD	N197TH	C152
83DE	N197TJ	PTS2
83E3	N197TP	G12T
83E6	N197TS	DA42
83EB	N197TX	CDUS
83EF	N197UA	B744
8403	N197UW	A321
8407	N197V	C180
8421	N197WA	BE99
8422	N197WB	SREY
8430	N197WR	DFLY
8431	N197WS	T206
8435	N197WW	SC7
844B	N197XT	RV6
8484	N1970	SR22
8486	N1970B	L8
848A	N1970F	C337
848C	N1970H	P28A
848D	N1970J	C170
848E	N1970K	L8
848F	N1970L	VO10
8490	N1970M	C150
8491	N1970N	BE36
8492	N1970P	P32R
8495	N1970S	BE95
8496	N1970T	ONEX
849A	N1970X	C182
849C	N1970Z	BE33
849D	N19700	C177
849E	N19701	C172
849F	N19702	C172
84A0	N19703	C172
84A3	N19706	C172
84A4	N19707	C172
84A6	N19709	C172
84A8	N1971A	EV97
84AC	N1971E	CH7A
84AD	N1971F	C172
84AE	N1971G	R44
84B1	N1971K	L8
84B3	N1971M	J3
84B8	N1971S	GLID
84BD	N1971X	C182
84BE	N1971Y	M20P
84BF	N1971Z	C150
84C0	N19710	C172
84C1	N19711	C172
84C2	N19712	C177
84C6	N19716	AERK
84C7	N19717	C172
84C8	N19718	AERK
84C9	N19719	C172
84CA	N1972	GLF6
84CC	N1972B	PA34
84CD	N1972C	CH75
84CE	N1972D	SR22
84CF	N1972E	C172
84D1	N1972G	AA5
84D2	N1972H	CL35
84D4	N1972K	P32R
84D5	N1972L	C150
84D8	N1972P	PTS1
84D9	N1972Q	C77R
84DD	N1972U	C185
84DE	N1972V	C120
84DF	N1972W	M20P
84E2	N1972Z	C150
84E3	N19720	C172
84E5	N19722	C172
84E9	N19726	C172
84EA	N19727	C172
84EC	N19729	C172
84ED	N1973	BE55
84EF	N1973B	WACO
84F0	N1973C	L13M
84F2	N1973E	CH7A
84F3	N1973F	C172
84F4	N1973G	P28A
84F5	N1973H	P28A
84F6	N1973J	C182
84F9	N1973M	J3
84FB	N1973P	PA18
84FF	N1973T	AA5
8500	N1973U	T206
8501	N1973V	C172
8503	N1973X	C182
8504	N1973Y	CL60
8505	N1973Z	C150
8506	N19730	C172
8507	N19731	C172
8508	N19732	AERK
8509	N19733	C172
850C	N19736	C172
850F	N19739	C172
8511	N1974A	VR7
8512	N1974B	SR20
8513	N1974C	L13M
8514	N1974D	BE36
8516	N1974F	C172
8517	N1974G	S22T
8519	N1974J	C172
851C	N1974M	T6
851F	N1974Q	C77R
8523	N1974U	T210
8524	N1974V	C120
8527	N1974Y	AA1
8529	N19740	C172
852A	N19741	AERK
852B	N19742	C172
852D	N19744	AERK
852F	N19746	C172
8530	N19747	C172
8531	N19748	C177
8532	N19749	C172
8533	N1975	S22T
8534	N1975A	BE36
8535	N1975B	L8
8536	N1975C	RV12
8537	N1975D	BE35
8539	N1975F	C172
853C	N1975J	COY2
853D	N1975K	BE35
853E	N1975L	M20P
8544	N1975S	GLID
8545	N1975T	C150
8549	N1975X	C182
854E	N19752	C172
854F	N19753	C172
8550	N19754	C172
8553	N19757	C172
8554	N19758	C177
8556	N1976	RV8
8558	N1976B	R44
855A	N1976D	BE35
855B	N1976E	CH7A
855E	N1976H	C150
855F	N1976J	PA31
8560	N1976K	L8
8561	N1976L	RV7
8562	N1976M	C182
8567	N1976S	COY2
8568	N1976T	AA5
856A	N1976V	C140
856C	N1976X	C182
856F	N19760	C172
8571	N19762	C177
8572	N19763	C177
8576	N19767	C177
8577	N19768	C172
857B	N1977B	L8
857C	N1977C	C170
857D	N1977D	RV6
857E	N1977E	C172
857F	N1977F	C172
8581	N1977H	E35L
8582	N1977J	AC11
8583	N1977K	L8
8585	N1977M	RV7
8586	N1977N	C140
8587	N1977P	PA18
8588	N1977Q	C77R
858A	N1977S	C172
858B	N1977T	RV6
858C	N1977U	C185
858F	N1977X	C185
8590	N1977Y	M20P
8593	N19771	C172
8594	N19772	AERK
8595	N19773	C172
8597	N19775	C172
8598	N19776	C172
8599	N19777	C172
859A	N19778	C172
859D	N1978A	PA22
859F	N1978C	C170
85A0	N1978D	BE35
85A1	N1978E	CH7A
85A2	N1978F	P210
85A3	N1978G	F900
85A4	N1978H	P28A
85A5	N1978J	M20P
85A9	N1978N	C172
85AD	N1978S	BE33
85AE	N1978T	C182
85AF	N1978U	C185
85B1	N1978W	SR22
85B3	N1978Y	M20P
85B4	N1978Z	C150
85B5	N19780	AERK
85B6	N19781	C172
85B7	N19782	C177
85B8	N19783	C177
85BC	N19787	C177
85BE	N19789	C172
85BF	N1979	BE36
85C1	N1979B	BL17
85C3	N1979D	BE35
85C4	N1979E	CH7A
85C5	N1979F	C185
85C6	N1979G	AA5
85CA	N1979L	GLF4
85CB	N1979M	J3
85D1	N1979T	C185
85D2	N1979U	C185
85D3	N1979V	C120
85D4	N1979W	BE19
85D7	N1979Z	C150
85D9	N19791	C172
85DA	N19792	C172
85DB	N19793	C177
85DC	N19794	C172
85DD	N19795	C172
85DF	N19797	C172
85E3	N198A	J3
85E8	N198AE	AS50
85EA	N198AG	B350
85EF	N198AM	PIAE
85F3	N198AR	C172
85F8	N198AW	UH1
85FB	N198AZ	T206
85FC	N198B	BE58
85FD	N198BA	A5
85FF	N198BC	BL8
8602	N198BF	PA11
8605	N198BJ	CH7B
8614	N198BZ	E195
8615	N198C	S108
8618	N198CC	B06
8621	N198CM	PA34
8623	N198CP	PA11
8630	N198DB	SA10
8631	N198DC	RV8
8635	N198DG	RV6
863A	N198DM	BE20
863B	N198DN	B763
863C	N198DP	OPCA
8640	N198DT	AP36
8643	N198DW	H269
864A	N198EC	SREY
864B	N198ED	CH7B
8657	N198ER	T210
865F	N198EZ	WDEX
8665	N198FE	B763
8679	N198G	RV6
867A	N198GA	B190
8685	N198GM	PA32
868A	N198GS	GLF4
8692	N198H	B06
8694	N198HB	LJ60
8698	N198HF	G280
869E	N198HM	UH1
86AD	N198JB	E190
86AE	N198JC	P32R
86AF	N198JD	RV10
86B4	N198JJ	BL8
86B7	N198JM	C182
86BC	N198JS	RV6
86BD	N198JT	CH7A
86C0	N198JW	AC80
86C4	N198K	J3
86C5	N198KA	BE65
86D0	N198KM	FOX
86D4	N198KR	LNCE
86DE	N198LA	AT5T
86E8	N198LL	BK17
86F6	N198M	FA50
86F7	N198MA	B06
86FB	N198ME	C172
8707	N198MS	AEST
8708	N198MT	M7
870B	N198MW	RV12
870F	N198N	A346
8715	N198NF	T18
8723	N198NV	A320
8728	N198P	C210
8729	N198PA	GLF2
872B	N198PC	SONX
872C	N198PD	B06
872F	N198PG	C172
8736	N198PP	C25B
8739	N198PS	PA34
875C	N198RB	L5
875D	N198RC	RV8
875E	N198RD	DC3
8765	N198RL	GLF5
8767	N198RN	T206
8768	N198RP	C210
876A	N198RR	BOLT
876B	N198RS	PA15
876E	N198RV	RV6
8773	N198S	BE36
8774	N198SA	TB20
8775	N198SB	C680
877A	N198SG	M7
877F	N198SM	CH70
8781	N198SP	C172
8783	N198SR	SR22
8784	N198SS	F2TH
8788	N198SW	P28A
878A	N198SY	E75L
878C	N198T	PA32
878E	N198TB	PA34
878F	N198TC	P32R
8794	N198TH	C172
8796	N198TK	PC12
879A	N198TP	PA22
879D	N198TS	DA42
87BA	N198UW	A321
87BE	N198V	BL17
87D7	N198W	P32R
87E3	N198WM	BOLT
87F0	N198X	PC24
883D	N1980B	L8
883E	N1980C	C170
883F	N1980D	G280
8840	N1980E	BE40
8842	N1980G	GA5C
8843	N1980H	P28R
8845	N1980K	GLF6
8847	N1980M	C56X
8849	N1980P	PTS1
884B	N1980R	H25B
884D	N1980T	P28A
8852	N1980Y	M20P
8853	N1980Z	CL30
8854	N19800	C177
8855	N19801	C172
8856	N19802	C172
8857	N19803	C172
8858	N19804	C172
8859	N19805	C172
885A	N19806	C177
885B	N19807	C172
8861	N1981C	C170
8866	N1981H	PA32
8867	N1981J	RV8
886A	N1981M	C182
8870	N1981T	P28A
8874	N1981X	C182
8878	N19811	C172
887B	N19814	C177
887E	N19817	C172
8880	N19819	C172
8884	N1982C	F900
8885	N1982D	RV9
8889	N1982H	P32R
888B	N1982K	C82S
8896	N1982W	BE19
8898	N1982Y	M20P
8899	N1982Z	C150
889A	N19820	C172
889E	N19824	C177
88A0	N19826	TAYA
88A2	N19828	C177
88A3	N19829	TAYA
88A4	N1983	CL60
88A6	N1983B	L8
88A7	N1983C	C180
88A9	N1983E	CH7A
88AA	N1983F	C172
88AC	N1983H	P32R
88AE	N1983K	L8
88AF	N1983L	BE23
88B2	N1983P	PA18
88B6	N1983T	TAIL
88B7	N1983U	C185
88B8	N1983V	C172
88B9	N1983W	BE36
88BA	N1983X	C208
88BD	N19830	C172
88BF	N19832	TAYA
88C0	N19833	C172
88C4	N19837	C172
88C5	N19838	C172
88C6	N19839	C172
88C8	N1984A	PA18
88CB	N1984D	BE35
88D4	N1984N	C140
88D8	N1984S	EC45
88D9	N1984T	P28A
88DD	N1984X	C182
88DF	N1984Z	CH7A
88E0	N19840	C172
88E1	N19841	C172
88E2	N19842	C172
88E4	N19844	TAYA
88E7	N19847	C177
88E8	N19848	C172
88EC	N1985B	L8
88EF	N1985E	CH7A
88F6	N1985M	C182
88FE	N1985V	C120
88FF	N1985W	TAYA
8902	N1985Z	C150
8903	N19850	C172
8906	N19853	C172
8907	N19854	C172
890A	N19857	C177
890B	N19858	C172
890C	N19859	C172
890F	N1986B	L8
8911	N1986D	BE35
8912	N1986E	CH7A
8915	N1986H	P28R
8918	N1986L	BE23
891B	N1986P	S22T
891C	N1986Q	C77R
891D	N1986R	GLF4
891F	N1986T	GLST
8921	N1986V	C82S
8926	N19860	C172
892B	N19865	C172
892C	N19866	C172
892D	N19867	C172
892E	N19868	C172
8933	N1987C	C170
8937	N1987G	C414
8938	N1987H	P28R
893B	N1987L	BE19
8944	N1987V	C120
8945	N1987W	BE19
8947	N1987Y	M20P
8948	N1987Z	C150
8950	N19877	TAYA
8951	N19878	C172
8955	N1988B	L8
8956	N1988C	C170
8958	N1988E	CH7A
895A	N1988G	RV14
895B	N1988H	P32R
895E	N1988L	BE23
895F	N1988M	C182
8960	N1988N	C140
8961	N1988P	PA18
8965	N1988T	P28A
8967	N1988V	C120
8969	N1988X	C182
896A	N1988Y	M20P
896B	N1988Z	C150
896C	N19880	C177
896D	N19881	C172
896E	N19882	C172
8972	N19886	C172
8973	N19887	C172
8974	N19888	C172
8978	N1989B	FA10
8979	N1989C	C170
897B	N1989E	C172
897C	N1989F	FA50
897E	N1989H	PA34
8980	N1989K	BLKS
8982	N1989M	C182
8983	N1989N	C140
8985	N1989Q	C77R
8988	N1989T	P28R
898A	N1989V	C120
898E	N1989Z	C150
8994	N19895	C177
8996	N19897	C172
8998	N19899	C172
8999	N199	P28A
899B	N199AA	BE35
89A0	N199AF	BE99
89A2	N199AH	R22
89A6	N199AM	HUSK
89A7	N199AN	B752
89AA	N199AR	C172
89AC	N199AT	GLID
89AE	N199AV	P28A
89B3	N199B	HUSK
89B4	N199BA	E55P
89B5	N199BB	SF50
89B6	N199BC	BE9T
89B7	N199BD	B06
89BF	N199BM	DHC2
89C1	N199BP	PRM1
89CC	N199C	HIGH
89CD	N199CA	C82T
89CE	N199CB	AA5
89CF	N199CC	B06
89D1	N199CE	FDCT
89D2	N199CF	C750
89D3	N199CG	BE9L
89D4	N199CH	RV12
89D7	N199CL	FOX
89D8	N199CM	PC12
89DA	N199CP	P46T
89DD	N199CS	GLIM
89DE	N199CT	FDCT
89E4	N199CZ	BE99
89E8	N199DC	SRAI
89EB	N199DF	GALX
89EC	N199DG	RV6
89ED	N199DH	GLAS
89F0	N199DL	F8L
89F1	N199DM	L29
89F2	N199DN	B763
89F3	N199DP	T18
89F6	N199DS	PA31
89F9	N199DV	S22T
89FA	N199DW	BE9L
89FD	N199DZ	GLIM
8A01	N199EC	RV6
8A03	N199EE	S22T
8A1C	N199FE	B763
8A1D	N199FF	H500
8A1E	N199FG	FA50
8A30	N199G	C182
8A32	N199GB	VEZE
8A34	N199GD	CL60
8A37	N199GG	GOOS
8A3A	N199GK	SR22
8A41	N199GS	GLST
8A45	N199GW	P28A
8A4F	N199HF	G280
8A52	N199HJ	HDJT
8A57	N199HP	P32R
8A62	N199J	WAIX
8A65	N199JC	BL8
8A68	N199JF	SA10
8A6C	N199JK	C500
8A6D	N199JL	SF34
8A74	N199JT	PA24
8A81	N199KF	FOX
8A85	N199KK	RV8
8A86	N199KL	B14A
8A87	N199KM	BE35
8A8A	N199KQ	K100
8A94	N199L	LNC2
8A96	N199LB	EN28
8A97	N199LC	AVID
8A9C	N199LH	CH64
8AA2	N199LP	C172
8AAD	N199M	AEST
8AAE	N199MA	HUSK
8AAF	N199MB	PULS
8AB0	N199MC	C172
8AB1	N199MD	M20P
8AB4	N199MG	SR22
8AB5	N199MH	BE20
8AB6	N199MJ	RV14
8AB8	N199ML	C510
8ABE	N199MS	GLIM
8ABF	N199MT	VTRA
8AC2	N199MW	PA32
8AC6	N199N	C82R
8ACA	N199ND	BE20
8ADF	N199P	CL60
8AE1	N199PB	BE58
8AE3	N199PD	C172
8AE6	N199PG	P28R
8AE7	N199PH	CH7A
8AE9	N199PK	P28R
8AEA	N199PL	BE9L
8AEF	N199PR	RV9
8AF4	N199PW	T206
8B11	N199R	PULS
8B12	N199RA	C82S
8B13	N199RB	M20P
8B14	N199RC	GLID
8B15	N199RD	RV10
8B16	N199RE	G3
8B17	N199RF	C182
8B18	N199RG	E300
8B1A	N199RJ	RV7
8B1D	N199RM	PRM1
8B1E	N199RN	C182
8B1F	N199RP	BT36
8B22	N199RS	VELO
8B25	N199RV	RV4
8B2A	N199S	RV6
8B2B	N199SA	BL8
8B2C	N199SB	RV6
8B30	N199SF	RV6
8B32	N199SH	C82T
8B36	N199SM	AS65
8B38	N199SP	C172
8B3A	N199SR	SREY
8B3C	N199ST	HUSK
8B41	N199SY	E75L
8B43	N199T	G44
8B44	N199TA	CC19
8B46	N199TC	P32R
8B48	N199TE	T206
8B4B	N199TH	GLF5
8B4D	N199TK	P210
8B51	N199TP	P28A
8B54	N199TS	DA42
8B55	N199TT	BE40
8B56	N199TU	P06T
8B71	N199UW	A321
8B75	N199V	COZY
8B76	N199VA	VELO
8B7E	N190VJ	SF50
8B83	N199VP	RV3
8B87	N199VT	BE20
8B8E	N199W	FOX
8B90	N199WB	P28A
8B94	N199WF	S22T
8B9A	N199WM	AC80
8B9D	N199WQ	DH8D
8B9F	N199WS	HDJT
8BA0	N199WT	RV7
8BA3	N199WW	GLAS
8BA5	N199WY	PA18
8BA7	N199X	E300
8BB5	N199XP	C750
8BBD	N199XX	C750
8BC0	N199Y	B350
8BC3	N199YC	C182
8BD9	N199Z	M7
8BF1	N199ZZ	SR22
8BF4	N1990B	L8
8BFA	N1990H	P28A
8BFD	N1990L	LNC2
8BFF	N1990N	CH60
8C06	N1990V	C172
8C07	N1990W	BE19
8C08	N1990X	C182
8C09	N1990Y	M20P
8C0B	N19900	C172
8C10	N19905	C172
8C11	N19906	DC3
8C12	N19907	C172
8C16	N1991A	PA18
8C19	N1991D	BE35
8C20	N1991L	BE24
8C21	N1991M	RV7
8C24	N1991Q	C77R
8C29	N1991V	C140
8C2A	N1991W	BE19
8C2B	N1991X	C182
8C2C	N1991Y	M20P
8C2E	N19910	C172
8C31	N19913	C172
8C32	N19914	C180
8C34	N19916	C172
8C3C	N1992D	C82T
8C40	N1992H	P28A
8C41	N1992J	M20P
8C47	N1992Q	C172
8C4A	N1992T	P28A
8C4D	N1992W	BE19
8C4E	N1992X	C182
8C59	N19928	C172
8C5B	N1993	FA10
8C5C	N1993A	GLID
8C5E	N1993C	C170
8C5F	N1993D	BE35
8C61	N1993F	M7
8C63	N1993H	P28A
8C67	N1993M	C182
8C6A	N1993Q	C77R
8C6D	N1993T	P28R
8C78	N19934	C172
8C7A	N19936	C172
8C7C	N19938	C172
8C7D	N19939	RV10
8C7E	N1994	TBM7
8C7F	N1994A	PA18
8C84	N1994F	FOX
8C85	N1994G	BE30
8C8A	N1994M	C182
8C90	N1994T	P28R
8C91	N1994U	C185
8C94	N1994X	C182
8C95	N1994Y	M20P
8C97	N19940	C172
8C9B	N19944	C172
8C9E	N19947	C172
8C9F	N19948	C172
8CA0	N19949	C172
8CA2	N1995A	BE35
8CA3	N1995B	C82T
8CA4	N1995C	C170
8CA5	N1995D	BE35
8CA7	N1995F	H269
8CA8	N1995G	C414
8CA9	N1995H	P28A
8CAE	N1995N	C140
8CB0	N1995Q	C77R
8CB1	N1995R	EXEC
8CB3	N1995T	P28A
8CB4	N1995U	C185
8CB5	N1995V	C120
8CB6	N1995W	GLST
8CBB	N19951	B789
8CBE	N19954	C172
8CBF	N19955	C172
8CC0	N19956	C172
8CC2	N19958	C172
8CC4	N1996	P28R
8CC5	N1996A	PA22
8CC7	N1996C	C170
8CCB	N1996G	C414
8CCC	N1996H	P28R
8CCD	N1996J	M20P
8CD0	N1996M	C182
8CD7	N1996U	C185
8CD9	N1996W	BE19
8CDC	N1996Z	C150
8CDF	N19962	C172
8CE7	N1997	COL4
8CE8	N1997A	B763
8CE9	N1997B	L8
8CEA	N1997C	C170
8CEC	N1997E	C172
8CEF	N1997H	P28R
8CFE	N1997Y	M20P
8D01	N19971	C172
8D02	N19972	C172
8D06	N19976	C177
8D07	N19977	C177
8D08	N19978	C172
8D0A	N1998	GLAS
8D0B	N1998A	SBOY
8D0C	N1998B	AVID
8D0E	N1998D	BE35
8D0F	N1998E	CH7A
8D10	N1998F	C72R
8D15	N1998L	BE23
8D16	N1998M	C182
8D17	N1998N	C140
8D1A	N1998R	C72R
8D1E	N1998V	T206
8D20	N1998X	C182
8D22	N1998Z	C150
8D25	N19982	C172
8D26	N19983	C172
8D29	N19986	B789
8D2A	N19987	C172
8D2B	N19988	C172
8D30	N1999C	C170
8D34	N1999G	BE9L
8D36	N1999J	BE95
8D37	N1999K	L8
8D39	N1999M	C182
8D3B	N1999P	PA22
8D3C	N1999Q	C77R
8D3E	N1999S	PA32
8D3F	N1999T	P28B
8D40	N1999U	C185
8D41	N1999V	C140
8D42	N1999W	M20P
8D43	N1999X	C182
8D44	N1999Y	M20P
8D48	N19992	C172
8D4C	N19996	C172
8D4D	N19997	C172
8D4E	N19998	VEZE
8D4F	N19999	C172
8D52	N2AA	LEG2
8D53	N2AB	PA24
8D54	N2AC	GLEX
8D55	N2AD	A1
8D56	N2AE	EAGL
8D57	N2AF	B429
8D58	N2AG	CH7B
8D5A	N2AJ	C182
8D5C	N2AL	M20P
8D5D	N2AM	M20P
8D5F	N2AP	BE18
8D60	N2AQ	B06
8D62	N2AS	BE60
8D65	N2AV	C208
8D66	N2AW	C177
8D67	N2AX	RV4
8D68	N2AY	PA12
8D69	N2AZ	C25B
8D6A	N2B	SR22
8D6C	N2BB	BE95
8D6E	N2BD	C25A
8D6F	N2BE	PA15
8D70	N2BF	C150
8D71	N2BG	GALX
8D72	N2BH	BE36
8D73	N2BJ	TAIL
8D74	N2BK	O1
8D75	N2BL	M20P
8D76	N2BM	J3
8D77	N2BN	CH7B
8D78	N2BP	C177
8D79	N2BQ	B06
8D7A	N2BR	BE95
8D7D	N2BU	BU31
8D7F	N2BW	GL7T
8D81	N2BY	P28R
8D82	N2BZ	AC50
8D83	N2C	GLF6
8D84	N2CA	AA1
8D85	N2CB	BE35
8D88	N2CE	J3
8D89	N2CF	C340
8D8A	N2CG	GLID
8D8D	N2CK	SR22
8D8E	N2CL	P28R
8D8F	N2CM	C510
8D90	N2CN	C180
8D92	N2CQ	GLST
8D93	N2CR	VEZE
8D94	N2CS	BE35
8D98	N2CW	C185
8D9A	N2CY	M20P
8D9B	N2CZ	PTS1
8D9D	N2DA	P28A
8D9E	N2DB	BE30
8D9F	N2DC	BE35
8DA2	N2DF	GLF4
8DA3	N2DG	P28A
8DA7	N2DL	RV8
8DA8	N2DM	T210
8DA9	N2DN	BE35
8DAA	N2DP	PA32
8DAB	N2DQ	BE56
8DAC	N2DR	BE35
8DAD	N2DS	PA11
8DAE	N2DT	SA30
8DAF	N2DU	BE35
8DB0	N2DV	PA24
8DB1	N2DW	P28R
8DB2	N2DX	AEST
8DB5	N2E	GLF6
8DB6	N2EA	DHC1
8DB7	N2EB	C182
8DB8	N2EC	EA50
8DB9	N2ED	SA75
8DBA	N2EE	AA5
8DBB	N2EF	CASS
8DC2	N2EN	A109
8DC3	N2EP	RV6
8DC4	N2EQ	RV8
8DC5	N2ER	PT22
8DC6	N2ES	COL4
8DC7	N2ET	RV12
8DCB	N2EX	SRAI
8DCC	N2EY	BE35
8DCD	N2EZ	CH7A
8DCE	N2F	AEST
8DD1	N2FC	EAGL
8DD2	N2FD	CL60
8DD3	N2FE	GLEX
8DD5	N2FG	B06
8DD6	N2FH	H60
8DD8	N2FK	BE33
8DD9	N2FL	SA30
8DDA	N2FM	NAVI
8DDB	N2FN	C172
8DDC	N2FP	SF50
8DDD	N2FQ	FA50
8DDE	N2FR	M20P
8DE1	N2FU	LJ31
8DE3	N2FW	GAZL
8DE4	N2FX	PA23
8DE6	N2FZ	C140
8DE7	N2G	GALX
8DE8	N2GA	C185
8DEB	N2GD	AA5
8DED	N2GF	WAIX
8DEE	N2GG	BE20
8DEF	N2GH	C210
8DF5	N2GP	BE60
8DF6	N2GQ	C550
8DF7	N2GR	BE35
8DFB	N2GV	PA12
8DFC	N2GW	SF50
8DFD	N2GX	RV6
8DFF	N2GZ	SF50
8E01	N2HA	C172
8E02	N2HB	P210
8E03	N2HC	GLF4
8E04	N2HD	RV8
8E06	N2HF	T28
8E0A	N2HK	H60
8E0B	N2HL	CL35
8E0C	N2HM	DEFI
8E0D	N2HN	LNP4
8E10	N2HR	PA23
8E11	N2HS	PA34
8E13	N2HU	C82R
8E18	N2HZ	G150
8E19	N2J	PA12
8E1A	N2JA	C421
8E1C	N2JC	BE36
8E1D	N2JD	PTS1
8E1E	N2JE	BE60
8E20	N2JG	BL8
8E21	N2JH	C172
8E22	N2JJ	C402
8E23	N2JK	C182
8E24	N2JL	RV6
8E25	N2JM	DHC1
8E26	N2JN	SA30
8E27	N2JP	TMUS
8E2A	N2JS	ST75
8E2B	N2JT	ACR2
8E2C	N2JU	GLST
8E2D	N2JV	RV4
8E2E	N2JW	GL5T
8E2F	N2JX	BE35
8E30	N2JY	GLID
8E31	N2JZ	P46T
8E33	N2KA	PA18
8E34	N2KB	BE36
8E35	N2KC	C25C
8E36	N2KD	T210
8E38	N2KF	C177
8E39	N2KG	C177
8E3B	N2KJ	GLIM
8E3D	N2KL	HA4T
8E3E	N2KM	BE95
8E3F	N2KN	M20P
8E40	N2KP	T18
8E44	N2KT	CH7A
8E46	N2KV	GLID
8E4B	N2L	G280
8E4C	N2LA	GLF6
8E4D	N2LB	PA18
8E4E	N2LC	BE35
8E50	N2LE	GLID
8E51	N2LF	GLF6
8E52	N2LG	P46T
8E53	N2LH	BE33
8E54	N2LJ	C120
8E56	N2LL	ACRO
8E59	N2LP	C680
8E5C	N2LS	SA30
8E5D	N2LT	ACED
8E5E	N2LU	G164
8E62	N2LY	C421
8E65	N2MA	SR22
8E66	N2MB	C310
8E68	N2MD	TBM7
8E69	N2ME	LA4
8E6A	N2MF	GAZL
8E6B	N2MG	GLEX
8E6C	N2MH	P32R
8E6F	N2ML	BE36
8E70	N2MM	WAIX
8E74	N2MR	CRER
8E75	N2MS	C152
8E76	N2MT	BE35
8E77	N2MU	WAIX
8E79	N2MW	SA30
8E7B	N2MY	SRAI
8E7D	N2N	GLF6
8E80	N2NC	BE9L
8E81	N2ND	EAGL
8E84	N2NG	RV8
8E86	N2NJ	B06
8E88	N2NL	SBR1
8E89	N2NM	C170
8E8C	N2NQ	C441
8E8F	N2NT	RV8
8E90	N2NU	T18
8E91	N2NV	GLID
8E93	N2NX	CC11
8E94	N2NY	PA22
8E95	N2NZ	P32R
8E97	N2PA	C501
8E98	N2PB	AEST
8E9A	N2PD	TBM7
8E9B	N2PE	LNC2
8E9C	N2PF	MA5
8E9D	N2PG	GLF6
8E9E	N2PH	TTWO
8E9F	N2PJ	C337
8EA0	N2PK	PC24
8EA1	N2PL	PL2
8EA2	N2PM	CH7A
8EA3	N2PN	PA31
8EA4	N2PP	ST75
8EA5	N2PQ	QIC2
8EA6	N2PR	SREY
8EA7	N2PS	T206
8EA8	N2PT	PA22
8EA9	N2PU	E300
8EAA	N2PV	L37
8EAB	N2PW	PA44
8EAC	N2PX	P28A
8EAD	N2PY	SF50
8EAE	N2PZ	RV9
8EAF	N2Q	C680
8EB3	N2QD	P337
8EB4	N2QE	GL5T
8EB5	N2QF	P337
8EB6	N2QG	C680
8EB7	N2QH	PA22
8EB9	N2QK	P337
8EBB	N2QM	P337
8EBD	N2QP	P337
8EBF	N2QR	GLID
8EC1	N2QT	RV4
8EC4	N2QW	PA23
8EC9	N2RA	MU2
8ECA	N2RB	M20P
8ECB	N2RC	C560
8ECD	N2RE	LNP4
8ECF	N2RG	SA30
8ED0	N2RH	M20P
8ED3	N2RL	PTS1
8ED4	N2RM	C500
8ED5	N2RN	CAMP
8ED6	N2RP	PA23
8ED8	N2RR	MU2
8ED9	N2RS	P28A
8EDA	N2RT	PA24
8EDB	N2RU	UH12
8EDC	N2RV	RV3
8EDD	N2RW	BE9T
8EDE	N2RX	P210
8EE3	N2SB	PA32
8EE4	N2SC	BE9L
8EE5	N2SD	AS50
8EE7	N2SF	DHC2
8EE8	N2SG	CH7B
8EEA	N2SJ	UH12
8EEB	N2SK	C72R
8EEC	N2SL	T210
8EED	N2SM	LJ31
8EEF	N2SP	B429
8EF2	N2SS	C170
8EF3	N2ST	RV6
8EF4	N2SU	RV7
8EF5	N2SV	PA24
8EF6	N2SW	AS50
8EF7	N2SX	P32R
8EF8	N2SY	C25A
8EFA	N2T	GLEX
8EFB	N2TA	C150
8EFC	N2TB	RC3
8EFD	N2TC	R66
8EFE	N2TD	BE35
8EFF	N2TE	WAIX
8F00	N2TF	SPIT
8F01	N2TG	C337
8F05	N2TL	BE95
8F06	N2TM	WAIX
8F08	N2TP	C172
8F09	N2TQ	RV4
8F0C	N2TT	RV4
8F0E	N2TV	RV9
8F0F	N2TW	C560
8F10	N2TX	BE36
8F11	N2TY	LA4
8F12	N2TZ	SF50
8F15	N2UB	AEST
8F1A	N2UG	BE33
8F1F	N2UM	C310
8F20	N2UN	P28R
8F21	N2UP	C650
8F22	N2UQ	PTS2
8F25	N2UT	BE95
8F27	N2UV	BE9L
8F28	N2UW	BE20
8F2A	N2UY	LA4
8F2B	N2UZ	BE35
8F2D	N2VA	B350
8F2E	N2VB	M5
8F2F	N2VC	BE95
8F30	N2VD	T34P
8F33	N2VG	PA30
8F36	N2VK	AEST
8F3B	N2VQ	PA30
8F3C	N2VR	BT36
8F3E	N2VT	CH7B
8F3F	N2VU	UH12
8F40	N2VV	B58T
8F41	N2VW	SRAI
8F43	N2VY	BE18
8F44	N2VZ	M20P
8F45	N2W	C185
8F47	N2WB	T18
8F48	N2WC	MU30
8F49	N2WD	NAVI
8F4A	N2WE	B06
8F4B	N2WF	T206
8F4C	N2WG	C510
8F4D	N2WH	SF50
8F50	N2WL	WHIL
8F51	N2WM	PA31
8F55	N2WR	BE35
8F56	N2WS	T6
8F57	N2WT	C310
8F5A	N2WW	BE58
8F5F	N2XA	E300
8F61	N2XC	C172
8F62	N2XD	DUCE
8F63	N2XE	CP30
8F64	N2XF	VELO
8F66	N2XH	PA30
8F6A	N2XM	SA10
8F6B	N2XN	C182
8F6C	N2XP	JACE
8F6F	N2XS	BL17
8F70	N2XT	CL35
8F72	N2XV	QUIC
8F73	N2XW	GLID
8F74	N2XX	C310
8F77	N2Y	DG15
8F78	N2YA	GLID
8F79	N2YB	GLID
8F7A	N2YC	BE58
8F7C	N2YE	C310
8F7E	N2YG	GLAS
8F82	N2YL	AA5
8F85	N2YP	PA30
8F86	N2YQ	PA11
8F87	N2YR	T206
8F88	N2YS	GLID
8F8A	N2YU	EA50
8F8B	N2YV	DHC3
8F8E	N2YY	BE35
8F8F	N2YZ	PA18
8F90	N2Z	BE36
8F92	N2ZB	C525
8F94	N2ZD	C182
8F95	N2ZE	VEZE
8F96	N2ZF	PTS2
8F98	N2ZH	SR22
8F9A	N2ZK	RV4
8F9C	N2ZM	LNP4
8F9D	N2ZN	BE9L
8F9F	N2ZQ	GLIM
8FA1	N2ZS	PA18
8FA2	N2ZT	RC3
8FA4	N2ZV	RV7
8FA5	N2ZW	BE35
8FA6	N2ZX	RENE
8FA8	N2ZZ	CH7A
8FAA	N20A	PA23
8FAB	N20AA	C172
8FAC	N20AB	GLIM
8FAD	N20AC	BE35
8FAE	N20AD	T206
8FAF	N20AE	BE20
8FB0	N20AF	SS2P
8FB1	N20AG	TB20
8FB3	N20AJ	TOBA
8FB4	N20AK	GLST
8FB7	N20AN	A109
8FB8	N20AP	C82S
8FBB	N20AS	S22T
8FBC	N20AT	H500
8FBD	N20AU	C25C
8FBE	N20AV	C77R
8FBF	N20AW	C208
8FC0	N20AX	C77R
8FC1	N20AY	SR20
8FC2	N20AZ	P28B
8FC3	N20B	P32R
8FC4	N20BA	GLID
8FC5	N20BB	PA31
8FC7	N20BD	GALX
8FC8	N20BE	CASS
8FCA	N20BG	EAGL
8FCB	N20BH	B407
8FCE	N20BL	GALX
8FCF	N20BM	AC80
8FD0	N20BN	DFLY
8FD2	N20BQ	C172
8FD3	N20BR	C180
8FD6	N20BU	PA23
8FD8	N20BW	P32R
8FDB	N20BZ	AEST
8FDD	N20CA	SR22
8FDE	N20CB	RC3
8FDF	N20CC	C560
8FE0	N20CD	SR20
8FE1	N20CE	EAGL
8FE2	N20CF	C170
8FE3	N20CG	BE60
8FE6	N20CK	PA11
8FE7	N20CL	FA20
8FE8	N20CM	PA18
8FEA	N20CP	GLF6
8FEB	N20CQ	TB20
8FEC	N20CR	LJ55
8FED	N20CS	BE36
8FEE	N20CT	C152
8FEF	N20CU	C72R
8FF0	N20CV	SR20
8FF1	N20CW	PTS1
8FF2	N20CX	GLIM
8FF5	N20D	F260
8FF8	N20DC	C25A
8FF9	N20DD	R44
8FFB	N20DF	BOLT
8FFE	N20DJ	BE95
8FFF	N20DK	C172
9000	N20DL	RV7
9001	N20DM	PA23
9002	N20DN	GLIM
9003	N20DP	PA46
9004	N20DQ	GLIM
9007	N20DT	MRAI
9008	N20DU	TOBA
9009	N20DV	PA18
900B	N20DX	TB20
900C	N20DY	TB20
900D	N20DZ	TB20
900E	N20E	GC1
900F	N20EA	RV8
9010	N20EB	RV14
9011	N20EC	P337
9012	N20ED	GLID
9013	N20EE	SSTL
9014	N20EF	SR20
9016	N20EH	M20P
9019	N20EL	TOBA
901C	N20EP	C172
901E	N20ER	B350
9020	N20ET	TOBA
9021	N20EU	TOBA
9023	N20EW	BE30
9024	N20EX	E300
9026	N20EZ	C310
9027	N20F	BE95
902A	N20FC	C182
902B	N20FD	BE9L
902E	N20FG	F3F
9031	N20FK	TB20
9032	N20FL	H500
9034	N20FN	KR1
9036	N20FQ	TB21
9037	N20FR	TB21
9038	N20FS	RV6
903B	N20FV	TOBA
903C	N20FW	BE99
903F	N20FZ	TB21
9040	N20G	GLF4
9041	N20GA	GLID
9042	N20GB	GLID
9043	N20GC	CH60
9044	N20GD	BE35
9046	N20GF	TB21
9047	N20GG	P28A
9049	N20GJ	LJ35
904A	N20GK	TB20
904B	N20GL	RV10
904C	N20GM	P337
904D	N20GN	A109
904E	N20GP	F900
9052	N20GT	BE9L
9053	N20GU	TB20
9055	N20GW	BOLT
9056	N20GX	L39
9059	N20H	C680
905A	N20HA	C172
905D	N20HD	MA5
905F	N20HF	FA20
9062	N20HJ	DA40
9063	N20HK	C414
9064	N20HL	T210
9065	N20HM	BE36
9068	N20HQ	GLEX
906A	N20HS	GLIM
906B	N20HT	C172
906E	N20HW	GLIM
906F	N20HX	AS50
9070	N20HY	HUSK
9074	N20JB	PTS1
9075	N20JC	PA22
9076	N20JD	P28A
9077	N20JE	RV4
907C	N20JK	C25A
907E	N20JM	P28A
907F	N20JN	C340
9080	N20JP	LGEZ
9082	N20JR	C140
9083	N20JS	C182
9087	N20JW	BE95
9088	N20JX	M20P
908A	N20JZ	TOBA
908C	N20KA	DHC2
908D	N20KB	MUS2
908E	N20KC	PA18
9091	N20KF	FOX
9092	N20KG	TOBA
9093	N20KH	C82T
9095	N20KK	S22T
9096	N20KL	TOBA
9097	N20KM	TB21
9098	N20KN	TOBA
9099	N20KP	TB20
909C	N20KS	EA50
90A4	N20L	SR22
90A5	N20LA	R44
90A8	N20LD	RV4
90A9	N20LE	PA18
90AA	N20LF	RV9
90AB	N20LG	P28R
90AC	N20LH	C208
90AE	N20LK	RV6
90AF	N20LL	P28A
90B4	N20LR	AEST
90B5	N20LS	R44
90B6	N20LT	M7
90B7	N20LU	TB21
90B8	N20LV	TB21
90B9	N20LW	FA10
90BA	N20LX	PA31
90BD	N20M	T34P
90BE	N20MA	AC90
90BF	N20MB	BE20
90C0	N20MC	M20P
90C3	N20MF	LNC2
90C4	N20MG	GLIM
90C6	N20MJ	C25A
90C7	N20MK	C680
90C8	N20ML	S22T
90CA	N20MN	COZY
90CB	N20MP	R66
90CC	N20MQ	A320
90CD	N20MR	RV6
90CE	N20MS	P51
90D1	N20MV	C172
90D2	N20MW	C421
90D4	N20MY	R44
90D5	N20MZ	RV6
90D7	N20NA	AA5
90D8	N20NB	TB21
90D9	N20NC	TB21
90DA	N20ND	TB21
90DD	N20NG	C310
90DE	N20NH	TOBA
90E2	N20NM	A109
90E7	N20NS	IL76
90E8	N20NT	GLIM
90EC	N20NX	ONEX
90EF	N20P	PTS1
90F1	N20PB	EPIC
90F2	N20PC	P46T
90F3	N20PD	SA30
90F5	N20PF	B212
90F6	N20PG	P28A
90F8	N20PJ	H25B
90F9	N20PK	GLID
90FA	N20PL	L29
90FC	N20PN	SR20
90FD	N20PP	PA22
90FF	N20PR	PA20
9100	N20PS	PTS1
9101	N20PT	PA46
9104	N20PW	M20P
9106	N20PY	S22T
9107	N20PZ	S22T
910B	N20QC	P28A
9119	N20QS	GLIM
9121	N20R	PA24
9122	N20RA	B190
9124	N20RC	GLF6
9127	N20RF	TBM7
9128	N20RG	GL5T
9129	N20RH	C172
912A	N20RJ	M20P
912C	N20RL	BE35
912D	N20RM	C501
912E	N20RN	P28R
912F	N20RP	PTS1
9131	N20RR	PTS1
9132	N20RS	C185
9133	N20RT	M20P
9137	N20RX	E300
913A	N20S	BE9L
913B	N20SA	P28A
913C	N20SB	CH7B
913D	N20SC	RV4
913F	N20SE	PA20
9140	N20SF	FURY
9141	N20SG	C25B
9142	N20SH	NAVI
9145	N20SL	GLID
9147	N20SN	TB20
9148	N20SP	B430
914B	N20SS	AEST
914C	N20ST	SAKO
914D	N20SU	C172
914E	N20SV	HUSK
914F	N20SW	GLIM
9150	N20SX	SONX
9153	N20T	F2TH
9155	N20TB	TB20
9157	N20TD	GLAS
9159	N20TF	P51
915C	N20TJ	GLID
915D	N20TK	TOBA
915E	N20TL	TB20
915F	N20TM	B737
9161	N20TP	PA34
9162	N20TQ	E55P
9163	N20TR	R44
9164	N20TS	GLIM
9165	N20TT	SR20
9166	N20TU	M20P
9167	N20TV	B06
916A	N20TY	BE95
916C	N20U	CUCA
916F	N20UC	LNC2
9174	N20UH	GLIM
9176	N20UK	M20P
917A	N20UP	R66
917B	N20UQ	HDJT
917D	N20US	PIVI
9184	N20UZ	GLIM
9185	N20V	TAYB
9186	N20VA	PRM1
9187	N20VB	GLIM
9188	N20VC	TB20
918C	N20VG	EC45
918F	N20VK	C310
9190	N20VL	C25A
9191	N20VM	M20P
9193	N20VP	BE36
9195	N20VR	M20P
9197	N20VT	TB20
9199	N20VV	HIGH
919E	N20W	SEAW
919F	N20WA	C414
91A2	N20WD	BLKS
91A3	N20WE	C441
91A4	N20WF	C310
91A6	N20WH	B407
91A7	N20WJ	PA34
91A8	N20WK	FA20
91A9	N20WL	PA31
91AA	N20WM	C172
91AC	N20WP	BE9L
91B4	N20WX	RV7
91B5	N20WY	B06
91B7	N20X	L13
91BA	N20XC	CC11
91C1	N20XK	M20P
91C5	N20XP	LJ31
91C9	N20XT	M20T
91CD	N20XX	E50P
91D0	N20Y	LNC2
91D2	N20YB	M20P
91D3	N20YC	F2TH
91D6	N20YF	PA11
91DB	N20YL	ASTR
91DE	N20YP	GLIM
91E9	N20Z	B06
9201	N20ZZ	GLIM
9202	N200	E50P
9203	N200A	GLF6
9204	N200AA	C208
9206	N200AC	P28R
9207	N200AD	P28A
920A	N200AG	BE23
920B	N200AH	BE95
920D	N200AK	PA31
920E	N200AL	QIC2
9211	N200AP	C750
9213	N200AR	SR22
9214	N200AS	C550
9215	N200AT	PTS1
9217	N200AV	M20P
921C	N200B	BE20
921D	N200BA	GALX
921E	N200BB	RV8
9221	N200BE	CH60
9223	N200BG	GLID
9225	N200BJ	P337
9226	N200BK	A109
9227	N200BL	FDCT
922E	N200BT	BE20
9231	N200BW	BE35
9236	N200CA	PA32
9237	N200CB	BE95
9238	N200CC	CH7B
9239	N200CD	F2TH
923A	N200CE	AC11
923B	N200CF	PA32
923C	N200CG	C500
923D	N200CH	F2TH
923F	N200CK	GLF4
9240	N200CL	EAGL
9243	N200CP	FA20
9245	N200CR	F2TH
924A	N200CW	M7
924B	N200CX	PA31
924E	N200D	M200
924F	N200DA	BE20
9250	N200DB	PA24
9251	N200DC	C421
9253	N200DE	CL60
9254	N200DF	PA23
9255	N200DG	GLID
9257	N200DJ	RV8
925C	N200DP	M20P
925E	N200DR	SR22
925F	N200DS	BL17
9260	N200DT	C25B
9262	N200DV	SJ30
9264	N200DX	GLIM
9268	N200EA	BE20
9269	N200EB	BL17
926A	5T-BYD	BE20
926D	N200EF	P28R
926F	N200EH	EN28
9270	N200EJ	BE20
9271	N200EK	C425
9272	N200EL	GALX
9273	N200EM	RV9
9275	N200EP	BE20
9277	N200ER	BE60
9278	N200ES	GLF6
927A	N200EU	SR20
9283	N200FC	BOLT
9286	N200FF	AEST
9287	N200FG	PA18
9289	N200FJ	FA20
928C	N200FM	BE20
9290	N200FR	BE20
9292	N200FT	C25A
9295	N200FW	AA5
9296	N200FX	GA5C
9299	N200G	MU2
929B	N200GB	AR6T
929C	N200GC	C340
929D	N200GD	BE33
92A3	N200GK	P28R
92A4	N200GL	RV6
92A6	N200GN	GALX
92A8	N200GQ	GALX
92AA	N200GS	BE20
92AB	N200GT	RV14
92AE	N200GW	BE20
92AF	N200GX	FA50
92B2	N200H	GLID
92B5	N200HC	SR22
92B6	N200HD	BE20
92B9	N200HG	HUSK
92BA	N200HH	HUSK
92BC	N200HK	BE20
92BE	N200HM	P32R
92BF	N200HN	EC35
92C0	N200HP	T206
92C2	N200HR	B06
92C5	N200HU	HUSK
92C9	N200HY	HUSK
92CB	N200J	CB1
92CD	N200JB	CL35
92D0	N200JE	PA46
92D1	N200JF	BE33
92D3	N200JH	RV6
92D4	N200JJ	M7
92D5	N200JK	P28R
92D6	N200JL	BE20
92D9	N200JP	PA46
92DB	N200JR	BE20
92DD	N200JT	C750
92DF	N200JV	E300
92E0	N200JW	F2TH
92E6	N200KB	LJ31
92E8	N200KD	BE95
92EE	N200KK	B06
92F0	N200KM	M7
92F3	N200KQ	K100
92F4	N200KR	P28R
92F5	N200KS	C208
92F7	N200KU	BE18
92F8	N200KV	B47G
92FD	N200L	HUSK
92FE	N200LA	AT8T
92FF	N200LB	SR22
9300	N200LC	GLF4
9301	N200LD	C210
9302	N200LE	C310
9303	N200LF	C208
9304	N200LG	S108
9305	N200LH	C650
930B	N200LP	MU30
930E	N200LS	CL60
930F	N200LT	GLAS
9313	N200LX	F2TH
9317	N200MA	P32R
9319	N200MC	C414
931A	N200MD	P28A
931C	N200MF	DC3T
931E	N200MH	SW4
9322	N200MM	CB1
9326	N200MR	EPIC
9328	N200MT	LJ60
9329	N200MU	BN2P
932A	N200MV	F2TH
9332	N200NC	C550
9333	N200ND	BE20
933B	N200NM	C210
933C	N200NN	E75L
933D	N200NP	PC12
933F	N200NR	GLIM
9340	N200NS	C550
9341	N200NT	P28R
9343	N200NV	B738
9344	N200NW	BE20
9346	N200NY	BE20
9348	N200P	PA31
934A	N200PB	AVTR
934B	N200PC	B06
934C	N200PD	G200
934D	N200PE	GLID
934F	N200PG	PA31
9350	N200PH	BE20
9351	N200PJ	G200
9354	N200PM	BOLT
9357	N200PQ	CRJ9
9358	N200PR	PRM1
9359	N200PS	C172
935C	N200PV	PA31
935D	N200PW	P28A
935E	N200PX	EXEC
9360	N200PZ	BE20
9361	N200Q	BE33
9362	N200QA	GALX
936B	N200QK	QIC2
9371	N200QR	T206
9372	N200QS	CL60
937B	N200RA	PA31
937C	N200RB	WAIX
937D	N200RC	T210
937F	N200RE	BE9L
9380	N200RF	BE23
9382	N200RH	RV6
9384	N200RK	M20P
9385	N200RL	P28R
9386	N200RM	BE9L
9389	N200RQ	G3
938A	N200RR	BE20
938E	N200RV	RV12
9390	N200RX	C150
9393	N200S	TOBA
9395	N200SB	PA34
9397	N200SD	C150
9398	N200SE	BE20
9399	N200SF	P32R
939A	N200SG	FA50
939B	N200SH	C310
939E	N200SL	C25A
939F	N200SM	RV6
93A0	N200SN	SW3
93A1	N200SP	BE55
93A5	N200ST	PRM1
93A7	N200SV	HUSK
93A9	N200SX	PUSH
93AA	N200SY	E75L
93AC	N200T	C150
93AD	N200TA	CC11
93AF	N200TC	RV6
93B1	N200TE	BE36
93B2	N200TF	SRAI
93B3	N200TG	BE20
93B7	N200TL	T206
93B9	N200TN	C421
93BD	N200TS	PA31
93C1	N200TW	LJ35
93C3	N200TY	LGEZ
93C5	N200U	BE9L
93C6	N200UA	T210
93CC	N200UG	BE36
93CD	N200UH	R22
93D3	N200UP	EC35
93D5	N200UR	PA11
93D6	N200US	P28A
93D8	N200UU	B752
93DA	N200UW	BE20
93DC	N200UY	GLID
93DF	N200VA	BE20
93E0	N200VB	B06
93E3	N200VE	PA31
93EA	N200VM	P32R
93EC	N200VP	M20P
93F2	N200VV	C182
93F3	N200VW	PA31
93F8	N200WA	P28R
93FA	N200WC	GLAS
93FC	N200WE	T6
93FD	N200WF	GLID
93FF	N200WH	AT8T
9401	N200WK	FA20
9402	N200WL	FA50
9403	N200WM	C421
9404	N200WN	B737
9405	N200WP	BE20
9407	N200WR	T210
9408	N200WS	PA34
9410	N200X	GLIM
9413	N200XC	BE20
941B	N200XL	PA31
941F	N200XQ	QIC2
9425	N200XW	PA18
9429	N200Y	LJ23
942C	N200YC	C340
9433	N200YK	YK18
9445	N200ZC	BL8
9448	N200ZF	RV6
944C	N200ZK	C172
9458	N200ZX	P28R
945A	N200ZZ	BE20
945B	N2000	GLF2
945D	N2000B	L8
945F	N2000D	GLID
9460	N2000E	BE65
9463	N2000H	AA5
9465	N2000K	L8
9466	N2000L	F2TH
9467	N2000M	SR22
946B	N2000R	F2TH
946E	N2000U	TF19
946F	N2000V	TF19
9471	N2000X	C560
9472	N2000Y	T206
9473	N2000Z	C150
9474	N20000	NAVI
9475	N20001	AT8T
9478	N20004	TF19
9479	N20005	C172
947C	N20008	C177
947D	N20009	C172
947F	N2001A	TF19
9480	N2001B	BE35
9482	N2001D	BE35
9487	N2001J	TF19
9488	N2001K	TF19
9489	N2001L	LA4
948B	N2001N	C140
948D	N2001Q	C77R
948E	N2001R	C182
9490	N2001T	TF19
9491	N2001U	M4
9493	N2001W	BE35
9495	N2001Y	C172
9498	N20011	BOLT
949B	N20014	C172
949C	N20015	C172
949F	N20018	C172
94A0	N20019	C172
94A2	N2002A	TF19
94A4	N2002C	TF19
94AA	N2002J	A21N
94AB	N2002K	L8
94AD	N2002M	J3
94AE	N2002N	C140
94AF	N2002P	C335
94B0	N2002Q	C77R
94B1	N2002R	C182
94B2	N2002S	C208
94B3	N2002T	TEAL
94B5	N2002V	TF19
94B6	N2002W	BE35
94B8	N2002Y	TF19
94BA	N20020	RV7
94BD	N20023	C177
94BF	N20025	C172
94C0	N20026	C172
94C3	N20029	C172
94C6	N2003B	AT5T
94C7	N2003C	TF19
94C9	N2003E	C172
94CB	N2003G	C182
94CE	N2003K	TF19
94D0	N2003M	P28A
94D1	N2003N	M20P
94D2	N2003P	PA23
94D3	N2003Q	C77R
94D4	N2003R	C182
94D5	N2003S	TAIL
94D9	N2003W	BE35
94DA	N2003X	TF19
94DB	N2003Y	AT8T
94DC	N2003Z	C150
94DE	N20031	C172
94DF	N20032	C172
94E0	N20033	C172
94E4	N20037	J2
94E5	N20038	C172
94E6	N20039	C172
94E7	N2004	L8
94E8	N2004A	TF19
94EC	N2004E	CH7A
94EF	N2004H	TF21
94F1	N2004K	L8
94F4	N2004N	C140
94F7	N2004R	C182
94FB	N2004V	TF21
94FC	N2004W	BE35
94FD	N2004X	C182
94FE	N2004Y	TF21
94FF	N2004Z	C150
9500	N20040	C172
9501	N20041	C172
9505	N20045	C172
9506	N20046	C172
9507	N20047	C172
950A	N2005	T6
950E	N2005D	BE35
950F	N2005E	TF21
9511	N2005G	C182
9512	N2005H	ERCO
9513	N2005J	TF21
9514	N2005K	TF21
9515	N2005L	LA4
9517	N2005N	C140
9518	N2005P	PA23
9519	N2005Q	C77R
951A	N2005R	TF21
951B	N2005S	TF21
951C	N2005T	TEAL
951D	N2005U	TF21
951F	N2005W	TF21
9520	N2005X	C182
9522	N2005Z	TF21
9523	N20050	C172
9524	N20051	C172
9525	N20052	C172
9526	N20053	C172
9528	N20055	C172
9529	N20056	C177
952A	N20057	C172
952B	N20058	C172
9530	N2006C	TF21
9531	N2006D	BE35
9532	N2006E	CH7A
9534	N2006G	C182
9535	N2006H	ERCO
9536	N2006J	TF21
9538	N2006L	TF21
9539	N2006M	C25B
953A	N2006N	C140
953B	N2006P	C82T
953C	N2006Q	C77R
953D	N2006R	C182
953E	N2006S	TF21
9540	N2006U	TF21
9545	N2006Z	C150
9546	N20060	C172
9547	N20061	C172
9548	N20062	AT6T
9549	N20063	C172
954A	N20064	SONX
954B	N20067	C172
954D	HS-BTM	C182
954E	N20068	C172
954F	N20069	C172
9551	N2007A	AT6T
9552	N2007B	L8
9553	N2007C	R44
9554	N2007D	BE35
9555	N2007E	BE76
9557	N2007G	BE24
9558	N2007H	ERCO
955A	N2007K	BE76
955C	N2007M	P28R
955E	N2007P	PA23
955F	N2007Q	C77R
9560	N2007R	C182
9565	N2007W	BE35
9567	N2007Y	C172
9568	N2007Z	C150
9569	N20070	C172
956A	N20071	C172
956B	N20072	C172
956C	N20073	C172
956D	N20074	C172
956F	N20076	C208
9570	N20077	C208
9571	N20078	J2
9572	N20079	C172
9573	N2008	G164
9575	N2008B	BE24
9577	N2008D	BE35
9578	N2008E	BE76
957A	N2008G	C182
957E	N2008L	SPHA
9582	N2008Q	C77R
9584	N2008S	C208
9585	N2008T	BE23
9587	N2008V	C120
9588	N2008W	BE35
958B	N2008Z	BE24
9590	N20084	J2
9591	N20085	C177
9595	N20089	C172
9599	N2009C	B06
959A	N2009D	BE23
959B	N2009E	BE76
959C	N2009F	M20T
959D	N2009G	C208
95A0	N2009K	BE24
95A1	N2009L	LA4
95A5	N2009Q	C77R
95A8	N2009T	BE24
95A9	N2009U	BE24
95AC	N2009X	BE76
95AD	N2009Y	BE76
95B0	N20091	C172
95B2	N20093	C172
95B4	N20095	C172
95B5	N20096	J2
95B6	N20097	C172
95B7	N20098	M20P
95B8	N20099	C82R
95BA	N201A	M20P
95BB	N201AA	C150
95BD	N201AC	GLF6
95BE	N201AD	M20P
95C1	N201AG	M20P
95C2	N201AH	S22T
95C3	N201AJ	M20P
95C4	N201AK	M20P
95C5	N201AL	M20P
95C7	N201AN	M20P
95C9	N201AQ	M20P
95CB	N201AS	GLID
95CC	N201AT	M20P
95CD	N201AU	M20P
95CF	N201AW	M20P
95D2	N201AZ	M20P
95D3	N201B	BE35
95D4	N201BA	M20P
95D6	N201BC	M20P
95D8	N201BE	M20P
95DA	N201BG	M20P
95DB	N201BH	M20P
95DC	N201BJ	M20P
95DE	N201BL	LEG2
95DF	N201BM	M20P
95E0	N201BN	M20P
95E1	N201BP	M20P
95E3	N201BR	FA20
95E5	N201BT	M20P
95E6	N201BU	M20P
95E7	N201BV	M20P
95E9	N201BX	M20P
95EA	N201BY	M20P
95EB	N201BZ	M20P
95EC	N201C	S108
95ED	N201CA	M20P
95EE	N201CB	M20P
95EF	N201CC	M20P
95F0	N201CD	M20P
95F1	N201CE	GLF6
95F3	N201CG	M20P
95F5	N201CJ	M20P
95F6	N201CK	M20P
95F7	N201CL	C182
95F8	N201CM	M20P
95F9	N201CN	M20P
95FB	N201CQ	M20P
95FC	N201CR	F2TH
95FD	N201CS	M20P
95FE	N201CT	M20P
9600	N201CV	M20P
9601	N201CW	M20P
9602	N201CX	M20P
9603	N201CY	M20P
9604	N201CZ	M20P
9605	N201D	B58T
9606	N201DA	M20P
9607	N201DB	M20P
9608	N201DC	M20P
9609	N201DD	M20P
960B	N201DF	M20P
960D	N201DH	M20P
960E	N201DJ	M20P
9610	N201DL	M20P
9611	N201DM	M20P
9612	N201DN	M20P
9613	N201DP	M20P
9614	N201DQ	M20P
9615	N201DR	M20P
9616	N201DS	M20P
9617	N201DT	SRAI
9618	N201DU	M20P
9619	N201DV	M20P
961B	N201DX	M20P
961C	N201DY	M20P
961E	N201E	M20P
961F	N201EA	EA50
9620	N201EB	M20P
9621	N201EC	M20P
9622	N201ED	M20P
9623	N201EE	M20P
9624	N201EF	M20P
9625	N201EG	M20P
9627	N201EJ	M20P
962A	N201EM	M20P
962C	N201EP	M20P
962D	N201EQ	M20P
962E	N201ER	M20P
962F	N201ES	M20P
9630	N201ET	M20P
9633	N201EW	M20P
9634	N201EX	C182
9637	N201F	M20P
9638	N201FA	M20P
9639	N201FB	M20P
963A	N201FC	M20P
963E	N201FG	M20P
9640	N201FJ	M20P
9642	N201FL	M20P
9643	N201FM	O1
9644	N201FN	M20P
9645	N201FP	M20P
9646	N201FQ	M20P
9647	N201FR	A320
9648	N201FS	C172
9649	N201FT	M20P
964B	N201FV	M20P
964C	N201FW	T210
964D	N201FX	M20P
964E	N201FY	M20P
9653	N201GC	M20P
9654	N201GD	M20P
9655	N201GE	M20P
9658	N201GH	M20P
9659	N201GJ	M20P
965B	N201GL	B190
965C	N201GM	M200
965D	N201GN	M20P
965E	N201GP	M20P
965F	N201GQ	M20P
9660	N201GR	M20P
9661	N201GS	M20P
9665	N201GW	PA46
9666	N201GX	M20P
9667	N201GY	M20P
9668	N201GZ	M20P
9669	N201H	M20P
966A	N201HA	M20P
966B	N201HB	M20P
966C	N201HC	M20P
966D	N201HD	WAIX
9670	N201HG	M20P
9671	N201HH	M20P
9674	N201HL	M20P
9675	N201HM	M20P
9677	N201HP	M20P
9678	N201HQ	M20P
9679	N201HR	C750
967A	N201HS	M20P
967B	N201HT	M20P
967C	N201HU	M20P
967D	N201HV	M20P
967E	N201HW	RV4
9680	N201HY	M20P
9681	N201HZ	M20P
9682	N201J	GLID
9683	N201JA	SB20
9684	N201JB	M20P
9685	N201JC	M20P
9686	N201JD	M20P
9687	N201JE	M20P
9688	N201JF	M20P
9689	N201JG	M20P
968A	N201JH	BE35
968B	N201JJ	M20P
968C	N201JK	M20P
968D	N201JL	M20P
968E	N201JM	M20P
9690	N201JP	M20P
9691	N201JQ	E75L
9692	N201JR	M20P
9693	N201JS	M20P
9695	N201JU	M20P
9696	N201JV	M20P
9697	N201JW	M20P
9698	N201JX	M20P
9699	N201JY	M20P
969A	N201JZ	M20P
969B	N201K	C140
969C	N201KA	BE20
969D	N201KB	M20P
969E	N201KC	M20P
96A0	N201KE	M20P
96A1	N201KF	M20P
96A2	N201KG	M20P
96A3	N201KH	M20P
96A5	N201KK	M20P
96A6	N201KL	M20P
96A9	N201KP	TLEG
96AA	N201KQ	M20P
96AB	N201KR	M20P
96AC	N201KS	C172
96AD	N201KT	M20P
96AE	N201KU	M20P
96B0	N201KW	M20P
96B1	N201KX	M20P
96B3	N201KZ	M20P
96B4	N201L	B25
96B7	N201LC	M20P
96B8	N201LD	M20P
96B9	N201LE	M20P
96BA	N201LF	PC12
96BC	N201LH	M20P
96BD	N201LJ	M20P
96BE	N201LK	M20P
96BF	N201LL	M20P
96C0	N201LM	M20P
96C2	N201LP	M20P
96C3	N201LQ	M20P
96C4	N201LR	M20P
96C5	N201LS	H25B
96C6	N201LT	M20P
96C7	N201LU	M20P
96C8	N201LV	B737
96C9	N201LW	M20P
96CA	N201LX	M20P
96CC	N201LZ	M20P
96CE	N201MA	MC45
96CF	N201MB	M20P
96D0	N201MC	C25B
96D1	N201MD	M20P
96D2	N201ME	M20P
96D3	N201MF	M20P
96D4	N201MG	M20P
96D5	N201MH	M20P
96D7	N201MK	M20P
96D9	N201MM	MITE
96DA	N201MN	M20P
96DB	N201MP	M20P
96DC	N201MQ	M20P
96DD	N201MR	M20P
96DE	N201MS	CH60
96DF	N201MT	M20P
96E0	N201MU	M20P
96E1	N201MV	M20P
96E2	N201MW	M20P
96E3	N201MX	M20P
96E4	N201MY	M20P
96E6	N201N	M20P
96E8	N201NB	M20P
96E9	N201NC	M20P
96EA	N201ND	M20P
96EC	N201NF	M20P
96ED	N201NG	M20P
96EF	N201NJ	M20P
96F0	N201NK	PA23
96F1	N201NL	M20P
96F2	N201NM	M20P
96F3	N201NN	E75L
96F5	N201NQ	M20P
96F6	N201NR	RV4
96F7	N201NS	M20P
96F8	N201NT	M20P
96F9	N201NU	M20P
96FA	N201NV	M20P
96FB	N201NW	M20P
96FC	N201NX	M20P
96FD	N201NY	BE20
96FE	N201NZ	M20P
96FF	N201P	M20P
9700	N201PA	B06
9701	N201PB	M20P
9702	N201PC	M20P
9703	N201PD	M20P
9704	N201PE	PC24
9705	N201PF	M20P
9708	N201PJ	M20P
9709	N201PK	M20P
970A	N201PL	M20P
970C	N201PN	M20P
970D	N201PP	M20P
970E	N201PQ	M20P
9710	N201PS	M20P
9711	N201PT	M20P
9713	N201PV	M20P
9715	N201PX	M20P
9717	N201PZ	M20P
9719	N201QA	M20P
971A	N201QB	M20P
971D	N201QE	M20P
9720	N201QH	M20P
9721	N201QJ	M20P
9722	N201QK	K100
9723	N201QL	M20P
9724	N201QM	M20P
9726	N201QP	M20T
9728	N201QR	M20P
9729	N201QS	M20P
972A	N201QT	M20P
972B	N201QU	M20P
972C	N201QV	M20P
972D	N201QW	M20P
972E	N201QX	M20P
972F	N201QY	M20P
9730	N201QZ	M20P
9731	N201R	M20P
9732	N201RA	M20P
9734	N201RC	C525
9736	N201RE	M20P
9737	N201RF	M20P
9738	N201RG	M20P
973A	N201RJ	M20P
973C	N201RL	M20P
973F	N201RP	M20P
9740	N201RQ	G3
9741	N201RR	M20P
9742	N201RS	M20P
9743	N201RT	M20P
9744	N201RU	M20P
9745	N201RV	RV7
9746	N201RW	M20P
9747	N201RX	M20P
9748	N201RY	M20P
9749	N201RZ	M20P
974B	N201SA	M20P
974C	N201SB	M20P
974E	N201SD	M20P
974F	N201SE	M20P
9750	N201SF	P28A
9751	N201SG	M20P
9754	N201SK	M20P
9755	N201SL	M20P
9757	N201SN	M20P
9758	N201SP	C82S
9759	N201SQ	M20P
975A	N201SR	M20P
975B	N201SS	O1
975C	N201ST	M20P
975D	N201SU	C560
9763	N201T	TAIL
9764	N201TA	M20P
9766	N201TC	M20P
9767	N201TD	M20P
9768	N201TE	M20P
9769	N201TF	M20P
976B	N201TH	C72R
976C	N201TJ	M20P
976D	N201TK	M20P
976E	N201TL	M20P
976F	N201TM	M20P
9770	N201TN	M20P
9772	N201TQ	M20P
9773	N201TR	M20P
9774	N201TS	M20P
9775	N201TT	M20P
9777	N201TV	M20P
977A	N201TY	M20P
977B	N201TZ	M20P
977D	N201UA	M20P
977E	N201UB	M20P
977F	N201UC	BE95
9781	N201UE	M20P
9782	N201UF	M20P
9783	N201UG	M20P
9785	N201UJ	M20P
9786	N201UK	M20P
978E	N201UT	M20P
978F	N201UU	B752
9791	N201UW	M20P
9792	N201UX	M20P
9793	N201UY	M20P
9794	N201UZ	M20P
9797	N201VB	M20P
979A	N201VE	M20P
979D	N201VH	M20P
979F	N201VK	M20P
97A0	N201VL	M20P
97A1	N201VM	M20P
97A2	N201VN	M20P
97A3	N201VP	M20P
97A4	N201VQ	M20P
97A5	N201VR	M20P
97A6	N201VS	M20P
97A8	N201VU	M20P
97A9	N201VV	M20P
97AA	N201VW	M20P
97AC	N201VY	M20P
97AD	N201VZ	M20P
97AE	N201W	M20P
97AF	N201WA	M20P
97B1	N201WC	BE36
97B2	N201WD	M20P
97B5	N201WG	M20P
97B6	N201WH	M20P
97B7	N201WJ	M20P
97BA	N201WM	M20P
97BB	N201WN	M20P
97BC	N201WP	M20P
97BE	N201WR	F2TH
97BF	N201WS	M20P
97C0	N201WT	M20P
97C2	N201WV	M20P
97C3	N201WW	M20P
97C5	N201WY	M20P
97C6	N201WZ	M20P
97C9	N201XB	M20P
97CA	N201XC	M20P
97CB	N201XD	M20P
97CC	N201XE	M20P
97CD	N201XF	M20P
97CE	N201XG	M20P
97CF	N201XH	M20P
97D1	N201XK	M20P
97D4	N201XN	M20P
97D5	N201XP	M20P
97D6	N201XQ	M20P
97D7	N201XR	M20P
97DA	N201XU	M20P
97DB	N201XV	M20P
97DC	N201XW	M20P
97DD	N201XX	M20P
97DE	N201XY	M20P
97E2	N201YB	M20P
97E4	N201YD	M20P
97E5	N201YE	M20P
97E6	N201YF	M20P
97E7	N201YG	M20P
97E9	N201YJ	M20P
97EA	N201YK	M20P
97EB	N201YL	M20P
97EC	N201YM	M20P
97ED	N201YN	M20P
97EE	N201YP	M20P
97F2	N201YT	M20P
97F4	N201YV	M20P
97F5	N201YW	E120
97F9	N201Z	M20P
97FB	N201ZB	M20P
97FD	N201ZD	M20P
97FE	N201ZE	M20P
97FF	N201ZF	M20P
9800	N201ZG	M20P
9801	N201ZH	M20P
9804	N201ZL	M20P
9806	N201ZN	M20P
9808	N201ZQ	M20P
9809	N201ZR	M20P
980B	N201ZT	M20P
980D	N201ZV	M20P
980E	N201ZW	M20P
9810	N201ZY	M20P
9811	N201ZZ	M20P
9813	N2010A	BE23
9814	N2010B	L8
9815	N2010C	BE95
9818	N2010F	C56X
9819	N2010G	C182
981D	N2010L	BE23
981E	N2010M	J3
981F	N2010N	C140
9820	N2010P	TWEN
9821	N2010Q	C77R
9824	N2010T	TEAL
9825	N2010U	M4
9827	N2010W	BE35
9828	N2010X	C182
982A	N2010Z	P28A
982C	N20101	J2
982D	N20102	C172
9830	N20105	C172
9831	N20106	C172
9835	N2011	M20P
9837	N2011B	L8
9838	N2011C	BE95
9839	N2011D	BE35
983F	N2011K	L8
9840	N2011L	RLU1
9841	N2011M	SSAB
9842	N2011N	C140
9843	N2011P	VELO
9844	N2011Q	C77R
9846	N2011S	T210
9847	N2011T	M20P
9849	N2011V	SSAB
984B	N2011X	C182
984E	N20110	J3
984F	N20111	C172
9851	N20113	C182
9853	N20115	C172
9854	N20116	C177
9857	N20119	BE24
9859	N2012A	BE24
985D	N2012E	C172
985F	N2012G	C182
9862	N2012K	BE19
9863	N2012L	LA4
9864	N2012M	J3
9865	N2012N	BE23
9867	N2012Q	C77R
9868	N2012R	C182
986B	N2012U	M4
986C	N2012V	C140
986D	N2012W	BE35
986F	N2012Y	C82T
9871	N20120	BE23
9872	N20121	C172
9873	N20122	W62T
9874	N20123	C172
9875	N20124	C177
9877	N20126	C82T
9878	N20127	C177
987B	N2013	GLAS
987C	N2013A	BE19
987D	N2013B	L8
9880	N2013E	CH7A
9888	N2013N	BE23
988B	N2013R	C182
988D	N2013T	ERCO
988E	N2013U	M4
988F	N2013V	BE76
9891	N2013X	C182
9892	N2013Y	C172
9896	N20132	C172
9897	N20133	C172
9898	N20134	T6
989A	N20136	C172
989B	N20137	SRAI
98A0	N2014B	L8
98A3	N2014E	C172
98A5	N2014G	BE24
98A9	N2014L	LA4
98AC	N2014P	PA18
98AD	N2014Q	C77R
98AE	N2014R	C182
98AF	N2014S	C82T
98B1	N2014U	M20P
98B2	N2014V	C120
98B4	N2014X	C182
98B5	N2014Y	SR20
98B8	N20141	C172
98B9	N20142	C177
98BA	N20143	C172
98BC	N20145	C177
98BF	N20148	BE95
98C0	N20149	J3
98C3	N2015B	L8
98C4	N2015C	BE36
98C5	N2015D	BE35
98C6	N2015E	CH7A
98C8	N2015G	RV6
98D0	N2015Q	C77R
98D1	N2015R	C182
98D3	N2015T	BE33
98D5	N2015V	BE35
98D6	N2015W	BE35
98D7	N2015X	C182
98D8	N2015Y	C172
98DA	N20150	J2
98DB	N20151	C177
98DD	N20153	RS12
98DE	N20154	C172
98DF	N20155	C172
98E0	N20156	J3
98E1	N20157	C172
98E2	N20158	C172
98E3	N20159	C172
98E5	N2016A	FA7X
98E6	N2016B	L8
98E7	N2016C	BE95
98E8	N2016D	BE35
98E9	N2016E	CH7A
98EB	N2016G	SS2T
98ED	N2016J	A21N
98EE	N2016K	BE95
98F0	N2016M	J3
98F1	N2016N	BE36
98F2	N2016P	PA23
98F4	N2016R	C182
98F5	N2016S	SREY
98F8	N2016V	C120
98FA	N2016X	C182
98FB	N2016Y	BE35
98FC	N2016Z	C150
98FE	N20161	J2
98FF	N20162	C310
9905	5Y-FAJ	C208
9906	N20169	C172
9909	N2017B	L8
990A	N2017C	C82S
990B	N2017D	BE35
990C	N2017E	C82S
990D	N2017F	AT6T
990E	N2017G	C182
9910	N2017J	A21N
9911	N2017K	L8
9912	N2017L	LA4
9914	N2017N	AT8T
9915	N2017P	BE35
9916	N2017Q	C77R
991C	N2017W	BE95
991D	N2017X	C182
9920	N20170	C177
9922	N20172	C172
9924	N20174	C177
9925	N20175	C172
9926	N20176	C172
9927	N20177	C172
9928	N20178	C172
992A	N2018	RV12
992C	N2018B	L8
992D	N2018C	BE35
992E	N2018D	BE35
992F	N2018E	CH7A
9931	N2018G	C182
9932	N2018H	ERCO
9935	N2018L	B58T
9936	N2018M	P28R
9937	N2018N	C140
9938	N2018P	PA23
993A	N2018R	HA4T
9940	N2018X	C182
9942	N2018Z	C150
9944	N20181	C172
9945	N20182	C172
9946	N20183	C172
9948	N20185	C172
994B	N20188	C172
994C	N20189	C172
994E	N2019A	C82T
994F	N2019B	L8
9955	N2019H	EN28
9957	N2019K	BE33
9958	N2019L	CH75
9959	N2019M	J3
995B	N2019P	AT5T
995E	N2019S	T210
9962	N2019W	BE35
9964	N2019Y	C172
9965	N2019Z	BE36
9966	N20190	C172
9967	N20191	CH15
9968	N20192	C177
9969	N20193	C172
996B	N20195	C172
996C	N20196	C172
996D	N20197	C172
996F	N20199	C172
9971	N202A	C337
9972	N202AA	C421
9974	N202AC	A320
9977	N202AF	C337
997D	N202AM	C172
9982	N202AS	P28A
9985	N202AV	C650
9989	N202AZ	GLAS
998B	N202BA	SONX
998C	N202BB	G200
998D	N202BC	BE35
998F	N202BE	HUSK
999A	N202BR	R44
999C	N202BT	SONX
999F	N202BW	C206
99A2	N202BZ	PA18
99A3	N202C	S108
99A4	N202CA	PA34
99A5	N202CB	P28A
99A6	N202CC	H269
99A9	N202CF	A119
99AB	N202CH	B47G
99AF	N202CM	SR22
99B1	N202CP	C172
99B3	N202CR	RV7
99BC	N202D	BE35
99BE	N202DB	C421
99C3	N202DG	AA5
99C6	N202DK	BE95
99C7	N202DL	MAGN
99C9	N202DN	TUCR
99CD	N202DS	PA31
99D5	N202E	C172
99D6	N202EA	EA50
99D8	N202EC	AA5
99DA	N202EE	E545
99DD	N202EH	DHC6
99E3	N202EP	C182
99E7	N202ET	SSTL
99E9	N202EV	P2
99EA	N202EW	G200
99EE	N202F	C182
99F4	N202FF	BE20
99F6	N202FH	AT3T
99FE	N202FR	A320
9A08	N202GA	G280
9A0C	N202GE	M20P
9A0D	N202GF	GLID
9A0E	N202GG	GLIM
9A0F	N202GH	R44
9A13	N202GM	BOLT
9A15	N202GP	G200
9A17	N202GR	G200
9A19	N202GT	M7
9A21	N202HA	A21N
9A22	N202HB	SONX
9A2E	N202HP	C208
9A35	N202HW	RV8
9A39	N202J	BE35
9A41	N202JH	AC50
9A42	N202JJ	CH7A
9A43	N202JK	C650
9A44	N202JL	J3
9A45	N202JM	RS12
9A47	N202JP	C650
9A48	N202JQ	E75L
9A49	N202JR	T51
9A4A	N202JS	LJ24
9A4B	N202JT	SR22
9A4D	N202JV	RV8
9A62	N202KR	GA5C
9A6B	N202L	G202
9A6D	N202LB	COUG
9A76	N202LL	GLID
9A77	N202LM	EXEC
9A79	N202LP	KR2
9A7C	N202LS	DA40
9A80	N202LW	GLID
9A82	N202LY	RV12
9A84	N202M	RV4
9A85	N202MA	P28A
9A86	N202MB	PA18
9A87	N202MC	T206
9A88	N202MD	BE95
9A89	N202ME	CJ6
9A8B	N202MG	M20P
9A8C	N202MH	B06
9A8D	N202MJ	RV8
9A8E	N202MK	G200
9A94	N202MR	TUCR
9AA1	N202ND	BE20
9AA2	N202NE	C172
9AAA	N202NN	E75L
9AB1	N202NV	A320
9AB4	N202NY	C172
9AB6	N202P	BE58
9AB8	N202PB	EC20
9AB9	N202PC	M20P
9ABB	N202PE	PC12
9ABE	N202PH	B06
9AC2	N202PM	M20P
9AC7	N202PS	CRJ2
9ACB	N202PW	GLID
9ACC	N202PX	GLF2
9ACD	N202PY	C172
9ACF	N202Q	TAIL
9AE0	N202QS	CL60
9AE8	N202R	B26
9AEC	N202RD	G200
9AF0	N202RH	KR2
9AF1	N202RJ	C177
9AF3	N202RL	C56X
9AF8	N202RR	AC11
9AFC	N202RV	RV8
9AFD	N202RW	AVID
9B01	N202S	C180
9B02	N202SA	C182
9B03	N202SB	BE77
9B04	N202SC	AS55
9B07	N202SF	G202
9B08	N202SG	BL8
9B09	N202SH	QIC2
9B0C	N202SL	H269
9B0D	N202SM	R44
9B0F	N202SP	C82S
9B12	N202SS	RV4
9B16	N202SW	C414
9B18	N202SY	E75L
9B1A	N202T	PA18
9B1C	N202TB	FDCT
9B1E	N202TD	MONI
9B25	N202TL	RV6
9B26	N202TM	ESCP
9B28	N202TP	B06
9B2F	N202TW	PC12
9B33	N202U	P208
9B48	N202UW	B752
9B49	N202UX	B190
9B4C	N202V	KR2
9B4D	N202VA	VELO
9B52	N202VF	RV8
9B53	N202VG	SS2
9B5D	N202VS	MI24
9B60	N202VV	RLU1
9B62	N202VX	VELO
9B68	N202WC	M7
9B6B	N202WF	P28R
9B6C	N202WG	G200
9B6E	N202WJ	GLID
9B70	N202WL	PTS1
9B71	N202WM	KMAX
9B72	N202WN	B737
9B73	N202WP	C150
9B75	N202WR	F900
9B76	N202WS	SW4
9B77	N202WT	R44
9B89	N202XL	BE20
9B97	N202Y	M20P
9B98	N202YA	YK55
9BB1	N202ZA	F2TH
9BBE	N202ZP	GLID
9BC9	N2020	C25C
9BCA	N2020A	BE33
9BCB	N2020B	L8
9BCC	N2020C	C82T
9BCD	N2020D	BE35
9BCE	N2020E	CH7A
9BD1	N2020H	C25A
9BD2	N2020J	CASS
9BD5	N2020M	J3
9BD6	N2020N	C140
9BD8	N2020Q	C208
9BD9	N2020R	B06
9BDC	N2020U	M4
9BDD	N2020V	C140
9BDE	N2020W	BE35
9BDF	N2020X	C182
9BE0	N2020Y	BL17
9BE1	N2020Z	C150
9BE3	N20201	C172
9BE4	N20202	C172
9BE5	N20203	C172
9BE6	N20204	C177
9BE8	N20206	J3
9BE9	N20207	C172
9BEA	N20208	C172
9BEF	N2021C	BE95
9BF0	N2021D	BE35
9BF1	N2021E	BE35
9BF6	N2021K	L8
9BF7	N2021L	LA4
9BF8	N2021M	M20T
9BF9	N2021N	WACF
9BFA	N2021P	SA30
9BFB	N2021Q	C77R
9BFC	N2021R	P28A
9BFF	N2021U	BE58
9C04	N2021Z	C150
9C06	N20211	C172
9C08	N20213	C172
9C09	N20214	C177
9C0A	N20215	C172
9C0B	N20216	C172
9C0C	N20217	C177
9C0D	N20218	C172
9C0E	N20219	C172
9C0F	N2022	PT22
9C10	N2022A	CH7A
9C11	N2022B	AT8T
9C12	N2022C	BE95
9C13	N2022D	KR2
9C17	N2022H	ERCO
9C19	N2022K	C56X
9C1A	N2022L	LJ75
9C1B	N2022M	J3
9C1C	N2022N	BE36
9C1D	N2022P	SREY
9C1E	N2022Q	AT8T
9C21	N2022T	BE58
9C22	N2022U	M4
9C24	N2022W	BE35
9C26	N2022Y	AT5T
9C29	N20221	C77R
9C2A	N20222	C177
9C2B	N20223	C177
9C2C	N20224	BE35
9C2D	N20225	C172
9C2E	N20226	C172
9C30	N20228	BIPL
9C31	N20229	C177
9C32	N2023	T6
9C33	N2023A	BE95
9C35	N2023C	BE58
9C37	N2023E	CH7A
9C3C	N2023K	BE95
9C3D	N2023L	BE33
9C3E	N2023M	J3
9C42	N2023R	P28A
9C45	N2023U	M4
9C47	N2023W	BE95
9C48	N2023X	C182
9C49	N2023Y	C172
9C4A	N2023Z	BE95
9C4B	N20230	C172
9C4C	N20231	J3
9C4D	N20232	C172
9C4E	N20233	C172
9C4F	N20234	BE33
9C51	N20236	C172
9C52	N20237	C177
9C53	N20238	C172
9C55	N2024	C150
9C56	N2024A	BE33
9C57	N2024B	PC24
9C58	N2024C	BE95
9C5A	N2024E	H269
9C5C	N2024G	BE35
9C5D	N2024H	ERCO
9C5F	N2024K	BE35
9C60	N2024L	LA4
9C62	N2024N	C140
9C63	N2024P	PA24
9C64	N2024Q	BE36
9C65	N2024R	P28A
9C66	N2024S	C82R
9C68	N2024U	M4
9C69	N2024V	BE35
9C6A	N2024W	BE35
9C6B	N2024X	C182
9C6E	N20240	J3
9C6F	N20241	C172
9C70	N20242	C172
9C71	N20243	C172
9C74	N20246	C172
9C75	N20247	C172
9C77	N20249	P28R
9C78	N2025	FA8X
9C79	N2025A	SONX
9C7A	N2025B	RV4
9C7D	N2025E	CH7A
9C82	N2025K	L8
9C85	N2025N	BE36
9C86	N2025P	BE60
9C87	N2025Q	C77R
9C88	N2025R	G280
9C89	N2025S	PA18
9C8F	N2025Y	C172
9C90	N2025Z	C150
9C91	N20250	C172
9C92	N20251	C172
9C93	N20252	C180
9C96	N20255	J3
9C98	N20257	J3
9C99	N20258	J3
9C9A	N20259	C172
9C9D	N2026B	L8
9C9E	N2026C	BE95
9C9F	N2026D	BE35
9CA3	N2026H	ERCO
9CA5	N2026K	L8
9CA7	N2026M	J3
9CA8	N2026N	C120
9CAF	N2026V	C140
9CB0	N2026W	BE58
9CB1	N2026X	C182
9CB2	N2026Y	H269
9CB3	N2026Z	C150
9CB5	N20261	J3
9CB6	N20262	C172
9CB8	N20264	C172
9CBB	N20267	C172
9CBC	N20268	C172
9CBE	N2027	MG15
9CC0	N2027B	L8
9CC2	N2027D	BE58
9CC5	N2027G	C182
9CC7	N2027J	A21N
9CCC	N2027P	C82T
9CCD	N2027Q	C77R
9CCE	N2027R	C182
9CD0	N2027T	H269
9CD1	N2027U	BE58
9CD3	N2027W	BE35
9CD4	N2027X	C182
9CD5	N2027Y	C172
9CD7	N20270	C172
9CD9	N20272	C172
9CDB	N20274	C177
9CDE	N20277	FB1A
9CDF	N20278	C172
9CE0	N20279	C172
9CE2	N2028A	BE35
9CE3	N2028B	C82T
9CE6	N2028E	CH7A
9CE8	N2028G	C182
9CE9	N2028H	ERCO
9CEA	N2028J	H269
9CEB	N2028K	L8
9CED	N2028M	J3
9CEF	N2028P	BE35
9CF0	N2028Q	C77R
9CF1	N2028R	P28A
9CF2	N2028S	T210
9CF4	N2028U	M4
9CF6	N2028W	BE95
9CF7	N2028X	C182
9CFA	N20280	J3
9CFC	N20282	C172
9CFD	N20283	C172
9CFE	N20284	J3
9CFF	N20285	C120
9D00	N20286	C172
9D01	N20287	CH70
9D03	N20289	C172
9D04	N2029	PL1
9D05	N2029A	L8
9D07	N2029C	BE95
9D08	N2029D	BE35
9D09	N2029E	RAF2
9D0B	N2029G	C182
9D0D	N2029J	A21N
9D0F	N2029L	LA4
9D12	N2029P	BE36
9D13	N2029Q	C77R
9D14	N2029R	C182
9D15	N2029S	C210
9D17	N2029U	M4
9D18	N2029V	C140
9D19	N2029W	BE35
9D1B	N2029Y	C172
9D1D	N20290	C172
9D1E	N20291	C172
9D1F	N20292	BE58
9D22	N20295	C172
9D23	N20296	C177
9D25	N20298	C172
9D26	N20299	C172
9D2E	N203AF	F2TH
9D2F	N203AG	CLON
9D32	N203AK	C180
9D34	N203AM	PA31
9D36	N203AP	P46T
9D38	N203AR	CL60
9D39	N203AS	YK52
9D3D	N203AW	LEG2
9D42	N203BA	A5
9D43	N203BB	FDCT
9D49	N203BH	GLEX
9D4C	N203BL	DV20
9D4E	N203BN	C310
9D4F	N203BP	PRM1
9D56	N203BW	P28R
9D59	N203BZ	BCS3
9D5B	N203CA	PA46
9D5D	N203CC	P28B
9D5E	N203CD	SR20
9D60	N203CF	A119
9D62	N203CH	AS50
9D64	N203CK	CL35
9D68	N203CP	C172
9D6A	N203CR	RV7
9D73	N203D	P28A
9D76	N203DC	DV20
9D79	N203DF	BE40
9D7B	N203DH	BE20
9D7F	N203DM	PA23
9D80	N203DN	C680
9D83	N203DR	RV6
9D84	N203DS	DA40
9D94	N203EH	B06
9D9A	N203EP	C182
9D9E	N203ET	CJ6
9DA2	N203EX	E300
9DA5	N203F	P28A
9DBF	N203GA	G280
9DC0	N203GB	RV8
9DC3	N203GE	RV12
9DC6	N203GH	AT6T
9DD0	N203GT	C172
9DD8	N203HA	B407
9DE8	N203HS	C560
9DEC	N203HW	RV7
9DF2	N203JB	E190
9DF5	N203JE	GL7T
9DF9	N203JJ	RV10
9DFF	N203JQ	E75L
9E18	N203KQ	K100
9E1A	N203KS	C172
9E27	N203LE	R44
9E2A	N203LH	H269
9E33	N203LS	FDCT
9E34	N203LT	SR20
9E3C	N203MA	P28A
9E3F	N203MD	P28A
9E43	N203MH	RV7
9E50	N203MW	CL60
9E57	N203NC	FA50
9E60	N203NM	C560
9E61	N203NN	E75L
9E68	N203NV	A320
9E6E	N203PA	B06
9E6F	N203PB	RV8
9E70	N203PC	BE9L
9E78	N203PL	BE35
9E82	N203PW	M20P
9EA2	N203RC	GLF4
9EA3	N203RD	BE9L
9EA4	N203RE	G3
9EA5	N203RF	SR22
9EB1	N203RT	BE35
9EB3	N203RV	RV3
9EB7	N203RZ	CH75
9EB8	N203S	PA23
9EBB	N203SC	PA30
9EC0	N203SH	GLID
9EC1	N203SJ	PA32
9EC6	N203SP	C82S
9EC8	N203SR	SREY
9EC9	N203SS	E50P
9ECA	N203ST	SR22
9ECB	N203SU	SU26
9ECF	N203SY	E75L
9ED1	N203T	PA18
9EE2	N203TS	DA40
9EE6	N203TW	FB1A
9EFB	N203US	DA40
9EFF	N203UW	B752
9F03	N203V	VTUR
9F14	N203VS	LJ25
9F29	N203WN	B737
9F2E	N203WT	JAB4
9F4F	N203YA	YK55
9F67	N203Z	AS50
9F73	N203ZM	PIAT
9F83	N2030C	C172
9F8A	N2030K	BE36
9F8D	N2030N	C120
9F8E	N2030P	GLF6
9F92	N2030T	GLID
9F93	N2030U	M4
9F94	N2030V	C140
9F97	N2030Y	C172
9F99	N20300	C177
9F9A	N20301	C172
9F9D	N20304	TAYA
9F9E	N20305	C172
9FA0	N20307	BE35
9FA5	N2031B	BE36
9FA6	N2031C	EAGL
9FAD	N2031K	BE36
9FB1	N2031P	BE36
9FB2	N2031Q	C77R
9FB7	N2031V	C120
9FBA	N2031Y	C172
9FBB	N2031Z	BE58
9FBC	N20310	C172
9FBE	N20312	C172
9FBF	N20313	C177
9FC0	N20314	C172
9FC1	N20315	C180
9FC2	N20316	B06
9FC4	N20318	BE35
9FC5	N20319	C172
9FC7	N2032A	J3
9FC8	N2032B	L8
9FCA	N2032D	BE35
9FCB	N2032E	BE35
9FCD	N2032G	C182
9FD0	N2032K	AT5T
9FD1	N2032L	LA4
9FD2	N2032M	PA32
9FD9	N2032U	M4
9FDA	N2032V	C120
9FDB	N2032W	BE35
9FDC	N2032X	C182
9FDD	N2032Y	C172
9FDE	N2032Z	C150
9FDF	N20320	C172
9FE2	N20323	C172
9FE5	N20326	CAMP
9FE6	N20327	C172
9FE9	N2033	H25B
9FEC	N2033C	BE95
9FED	N2033D	BE35
9FEE	N2033E	CH7A
9FF0	N2033G	C182
9FF4	N2033L	BE33
9FF7	N2033P	PA23
9FF9	N2033R	AT5T
9FFF	N2033X	C182
A001	N2033Z	BE33
A004	N20332	C172
A008	N20336	C172
A00B	N20339	C177
A010	N2034D	BE35
A014	N2034H	ERCO
A015	N2034J	C188
A019	N2034N	C152
A01B	N2034Q	CH7A
A01C	N2034R	P28A
A021	N2034W	GLID
A022	N2034X	C182
A023	N2034Y	C172
A024	N2034Z	H269
A026	N20341	C172
A029	N20344	C172
A02A	N20345	C172
A02B	N20346	C172
A02C	N20347	C172
A02D	N20348	C172
A02F	N2035	P32T
A030	N2035A	CH7A
A031	N2035B	BE36
A032	N2035C	CH7A
A033	N2035D	BE35
A034	N2035E	AT5T
A036	N2035G	C182
A037	N2035H	ERCO
A039	N2035K	L8
A03A	N2035L	LA4
A03B	N2035M	J3
A03D	N2035P	BE35
A03E	N2035Q	C77R
A03F	N2035R	BE36
A042	N2035U	P28A
A043	N2035V	C140
A044	N2035W	BE95
A04A	N20352	C172
A04B	N20353	C172
A04D	N20355	C172
A04F	N20357	C172
A050	N20358	C177
A051	N20359	VJ22
A053	N2036A	CH7A
A056	N2036D	BE35
A057	N2036E	RAF2
A058	N2036F	B06
A059	N2036G	MA5
A05D	N2036L	LA4
A05E	N2036M	H269
A05F	N2036N	C140
A060	N2036P	BE36
A061	N2036Q	C77R
A062	N2036R	C182
A063	N2036S	C210
A06A	N2036Z	BE36
A06B	N20360	C172
A06F	N20364	C172
A070	N20365	C172
A071	N20366	C172
A072	N20367	AA5
A073	N20368	C172
A076	N2037A	BT36
A077	N2037B	L8
A07C	N2037G	C182
A080	N2037L	BE33
A082	N2037N	BE33
A083	N2037P	PA23
A084	N2037Q	BE36
A085	N2037R	C182
A086	N2037S	T210
A087	N2037T	GLID
A089	N2037V	C120
A08A	N2037W	BE35
A08B	N2037X	C182
A08C	N2037Y	C172
A08D	N2037Z	BE36
A093	N20375	C177
A094	N20376	C172
A095	N20377	C172
A097	N20379	C180
A09D	N2038E	C172
A0A0	N2038H	ERCO
A0A1	N2038J	A21N
A0A2	N2038K	L8
A0A4	N2038M	J3
A0A5	N2038N	BE33
A0A7	N2038Q	AT5T
A0A8	N2038R	C182
A0A9	N2038S	T210
A0AB	N2038U	BE35
A0AC	N2038V	BE36
A0AD	N2038W	BE65
A0AE	N2038X	BE33
A0AF	N2038Y	BE36
A0B2	N20381	C172
A0B3	N20382	C172
A0B5	N20384	C172
A0B7	N20386	KLBR
A0B8	N20387	C172
A0BA	N20389	C172
A0BE	N2039C	TEX2
A0C4	N2039J	A21N
A0C7	N2039M	J3
A0C8	N2039N	C140
A0C9	N2039P	PA23
A0CB	N2039R	C182
A0CE	N2039U	M4
A0CF	N2039V	BE36
A0D0	N2039W	BE35
A0D1	N2039X	M20P
A0D2	N2039Y	AT8T
A0D3	N2039Z	C150
A0D4	N20390	C172
A0D6	N20392	C172
A0D7	N20393	C172
A0D8	N20394	C177
A0D9	N20395	B06
A0DC	N20398	C172
A0DD	N20399	C172
A0DF	N204A	GLF5
A0E2	N204AC	CH7B
A0EE	N204AQ	UH1
A0F3	N204AV	B06
A0F8	N204B	BE35
A0F9	N204BA	A5
A0FA	N204BB	C650
A0FC	N204BD	DHC6
A0FD	N204BE	C172
A0FF	N204BG	C560
A100	N204BH	PULS
A102	N204BK	BE20
A103	N204BL	BKUT
A104	N204BM	UH1
A106	N204BP	TWEN
A108	N204BR	SR22
A109	N204BS	UH1
A110	N204BZ	BCS3
A111	N204C	RV9
A112	N204CA	C501
A114	N204CC	PA11
A117	N204CF	C550
A119	N204CH	AS50
A11D	N204CM	C172
A11F	N204CP	RV4
A12A	N204D	R44
A12E	N204DD	GALX
A131	N204DG	GLIM
A134	N204DK	RV6
A135	N204DL	SR20
A138	N204DP	M20P
A13B	N204DS	UH1
A147	N204ED	FA20
A14B	N204EH	DHC6
A14F	N204EM	GDUK
A15C	N204F	GLID
A175	N204G	BE58
A17E	N204GJ	SONX
A180	N204GL	G2T1
A183	N204GP	UH1
A186	N204GS	RV10
A18B	N204GX	M20P
A18F	N204HA	A21N
A19F	N204HS	SF50
A1A0	N204HT	UH1
A1A3	N204HW	RV6
A1A7	N204J	C25A
A1A9	N204JB	UH1
A1AE	N204JG	GLIM
A1AF	N204JH	T206
A1B1	N204JK	CL60
A1B6	N204JQ	E75L
A1B9	N204JT	BE20
A1BC	N204JW	C182
A1C0	N204K	G2T1
A1C7	N204KG	PA11
A1CA	N204KK	R22
A1CC	N204KM	C340
A1DC	N204LC	R44
A1DF	N204LF	RV7
A1E7	N204LP	BE33
A1F3	N204MA	HUSK
A1F4	N204MB	BE30
A1F5	N204MC	R44
A1F6	N204MD	GLID
A1F7	N204ME	TB20
A1FD	N204ML	GLID
A203	N204MS	LJ45
A204	N204MT	SONX
A207	N204MW	RV4
A20E	N204NC	GLAS
A20F	N204ND	P28R
A212	N204NG	SR20
A218	N204NN	E75L
A21F	N204NV	A320
A220	N204NW	UH1
A224	N204P	BE36
A225	N204PA	B06
A226	N204PB	SREY
A227	N204PC	PA32
A229	N204PE	A660
A22D	N204PJ	UH1
A230	N204PM	C550
A239	N204PW	BE23
A23D	N204Q	GLIM
A24E	N204QS	CL60
A256	N204R	BLKS
A257	N204RA	BE20
A258	N204RB	P28R
A25A	N204RD	DV20
A25B	N204RE	SR20
A25F	N204RJ	CH7B
A260	N204RK	P28B
A262	N204RM	SR20
A267	N204RS	T206
A268	N204RT	LJ31
A26A	N204RV	RV4
A26F	N204S	B06
A271	N204SB	WAIX
A272	N204SC	PA23
A273	N204SD	BL8
A276	N204SG	DA40
A278	N204SJ	PA32
A27A	N204SL	H269
A27B	N204SM	RV7
A27D	N204SP	C340
A281	N204ST	FOX
A286	N204SY	E75L
A288	N204T	GLID
A289	N204TA	M20P
A28B	N204TC	H25B
A28E	N204TF	COZY
A290	N204TH	UH1
A291	N204TJ	COZY
A293	N204TL	COZY
A294	N204TM	H60
A296	N204TP	BE20
A299	N204TS	T206
A29A	N204TT	PA18
A29C	N204TV	R44
A29D	N204TW	FA20
A29E	N204TX	AS50
A2A2	N204UA	B772
A2A9	N204UH	UH1
A2B2	N204US	B06
A2B6	N204UW	B752
A2CB	N204VS	MI24
A2CC	N204VT	SR20
A2CF	N204VW	ESCP
A2D3	N204W	BE30
A2D5	N204WB	E55P
A2D9	N204WF	M20P
A2E0	N204WN	B737
A2E4	N204WS	FA10
A2E5	N204WT	PA30
A318	N204YU	TB20
A32A	N204ZM	PIAT
A338	N2040A	BE35
A33A	N2040C	BE36
A33C	N2040E	AT5T
A33E	N2040G	BE36
A33F	N2040H	C82T
A341	N2040K	L8
A342	N2040L	LA4
A343	N2040M	J3
A345	N2040P	BE35
A347	N2040R	C182
A34A	N2040U	BE36
A34D	N2040X	C182
A34E	N2040Y	BE35
A34F	N2040Z	C150
A351	N20401	C172
A352	N20402	C172
A353	N20403	C177
A354	N20404	C172
A355	N20405	C172
A356	N20406	C172
A35B	N2041A	CH7A
A35C	N2041B	L8
A35E	N2041D	BE35
A360	N2041F	VJ22
A361	N2041G	C182
A362	N2041H	RV6
A364	N2041K	L8
A365	N2041L	BE23
A368	N2041P	BE33
A369	N2041Q	C77R
A36A	N2041R	P28A
A36B	N2041S	C82T
A36F	N2041W	BE35
A370	N2041X	B06
A372	N2041Z	BE55
A373	N20410	C177
A375	N20412	C172
A376	N20413	C172
A377	N20414	TAYB
A378	N20415	TAYB
A379	N20416	C82T
A37A	N20417	C172
A37B	N20418	C172
A37E	N2042A	CH7A
A37F	N2042B	BE35
A380	N2042C	BE95
A382	N2042E	BE95
A386	N2042J	CAMP
A387	N2042K	L8
A389	N2042M	CRER
A38A	N2042N	C140
A38C	N2042Q	C172
A38D	N2042R	C182
A38E	N2042S	T210
A38F	N2042T	GLID
A391	N2042V	SS2T
A393	N2042X	B222
A394	N2042Y	T34P
A395	N2042Z	C150
A397	N20421	C172
A398	N20422	C172
A399	N20423	C172
A39B	N20425	C172
A39D	N20427	C172
A3A0	N2043	M7
A3A1	N2043A	BE58
A3A2	N2043B	B06
A3A3	N2043C	H269
A3A7	N2043G	BE95
A3A8	N2043H	CH7A
A3A9	N2043J	A21N
A3AA	N2043K	L8
A3AB	N2043L	BE23
A3AC	N2043M	P28A
A3AF	N2043Q	C77R
A3B0	N2043R	P28A
A3B1	N2043S	T210
A3B6	N2043X	BE36
A3B7	N2043Y	C172
A3B8	N2043Z	C150
A3B9	N20430	R22
A3BA	N20431	C172
A3BD	N20434	TAYB
A3C0	N20437	C172
A3C2	N20439	C172
A3C6	N2044C	B06
A3C8	N2044E	CH7A
A3CA	N2044G	C182
A3CC	N2044J	A21N
A3CD	N2044K	BE36
A3CE	N2044L	BE24
A3CF	N2044M	P28A
A3D2	N2044Q	C77R
A3D3	N2044R	C182
A3D5	N2044T	GLID
A3D7	N2044V	BE36
A3D8	N2044W	BE36
A3D9	N2044X	C182
A3DA	N2044Y	C82T
A3DB	N2044Z	C150
A3DE	N20442	TAYB
A3DF	N20443	C172
A3E0	N20444	BE33
A3E1	N20445	C172
A3E2	N20446	UH1
A3E3	N20447	TAYB
A3E4	N20448	C82R
A3E5	N20449	H269
A3E6	N2045	WAIX
A3E8	N2045B	L8
A3E9	N2045C	BE36
A3EA	N2045D	GLID
A3EB	N2045E	BE36
A3ED	N2045G	AT5T
A3F0	N2045K	L8
A3F3	N2045N	PA18
A3F5	N2045Q	YK52
A3F8	N2045T	GLID
A3FD	N2045Y	C172
A3FE	N2045Z	C150
A400	N20451	C172
A401	N20452	C172
A403	N20454	C172
A404	N20455	C172
A406	N20457	C172
A408	N20459	C172
A40A	N2046A	B58T
A40C	N2046C	H269
A40F	N2046F	RV8
A413	N2046K	C172
A414	N2046L	BE24
A415	N2046M	J3
A416	N2046N	C140
A419	N2046R	P28A
A41A	N2046S	T210
A41C	N2046U	C150
A41E	N2046W	BE33
A420	N2046Y	BE36
A421	N2046Z	BE36
A425	N20463	C180
A426	N20464	C172
A427	N20465	C172
A42C	N2047	T6
A42D	N2047A	BE19
A42E	N2047B	BE36
A42F	N2047C	C82S
A431	N2047E	C172
A433	N2047G	C182
A435	N2047J	A21N
A436	N2047K	L8
A437	N2047L	L29
A439	N2047N	BE36
A43A	N2047P	BE36
A43B	N2047Q	C77R
A440	N2047V	AT3T
A441	N2047W	BE35
A443	N2047Y	C172
A444	N2047Z	C150
A445	N20470	C172
A446	N20471	C172
A447	N20472	C172
A449	N20474	C172
A44A	N20475	C172
A44D	N20478	BE35
A450	N2048A	BE19
A451	N2048B	BE36
A454	N2048E	CH7A
A457	N2048H	ERCO
A458	N2048J	A21N
A45A	N2048L	BE23
A45B	N2048M	P28A
A45D	N2048P	UH1
A463	N2048V	BE36
A464	N2048W	BE35
A466	N2048Y	C172
A467	N2048Z	BE33
A469	N20481	C172
A46C	N20484	C172
A46D	N20485	C172
A46E	N20486	C172
A46F	N20487	C172
A470	N20488	C172
A471	N20489	C82S
A473	N2049A	BE36
A47C	N2049K	B190
A47D	N2049L	AT5T
A47E	N2049M	J3
A47F	N2049N	BE35
A480	N2049P	C82S
A481	N2049Q	C77R
A482	N2049R	P28A
A485	N2049U	M4
A487	N2049W	BE35
A488	N2049X	C182
A48A	N2049Z	BE36
A48B	N20490	C172
A48D	N20492	C172
A48F	N20494	C172
A490	N20495	HUSK
A491	N20496	C172
A497	N205AA	C210
A498	N205AB	S05R
A49A	N205AD	M20P
A49B	N205AE	M20P
A49D	N205AG	BE58
A4A0	N205AK	FOX
A4A4	N205AP	PA46
A4AB	N205AW	C210
A4B0	N205BA	B738
A4B3	N205BD	UH1
A4B5	N205BF	M20P
A4B9	N205BK	BE20
A4BA	N205BL	DV20
A4BC	N205BN	C25A
A4BD	N205BP	C210
A4BF	N205BR	RV12
A4C1	N205BT	UH1
A4C7	N205BZ	M20P
A4C9	N205CA	C402
A4CB	N205CC	M20P
A4CD	N205CE	UH1
A4CE	N205CF	A119
A4CF	N205CG	AT5T
A4D0	N205CH	AS50
A4D3	N205CL	C210
A4D4	N205CM	RV12
A4D6	N205CP	B06
A4D8	N205CR	C210
A4D9	N205CS	M20P
A4DA	N205CT	C210
A4E1	N205D	M20P
A4E4	N205DC	M20P
A4E5	N205DD	RV3
A4E8	N205DG	GLIM
A4E9	N205DH	SREY
A4EA	N205DJ	FA20
A4ED	N205DM	RV6
A4EF	N205DP	UH1
A4F2	N205DS	DA40
A4F3	N205DT	RV4
A4F8	N205DY	UH1
A4FA	N205E	KR34
A4FD	N205EC	SR20
A502	N205EH	B06
A503	N205EJ	BE20
A505	N205EL	GL5T
A507	N205EN	RV10
A513	N205F	C210
A516	N205FC	B06
A51A	N205FG	C172
A51C	N205FJ	C210
A521	N205FP	GA5C
A523	N205FR	A320
A526	N205FU	UH1
A528	N205FW	UH1
A52E	N205GB	J3
A531	N205GE	UH1
A538	N205GM	CB1
A53C	N205GR	B06
A53E	N205GT	TAMP
A545	N205H	M20P
A546	N205HA	A21N
A547	N205HB	M20P
A548	N205HC	C172
A552	N205HN	C210
A553	N205HP	MIMU
A554	N205HQ	UH1
A55E	N205J	M20P
A560	N205JB	GLAS
A565	N205JG	UH1
A566	N205JH	PTS1
A56B	N205JN	C182
A56D	N205JQ	E75L
A56F	N205JS	M20P
A577	N205K	CRER
A57A	N205KC	AT8T
A57B	N205KD	M20P
A57D	N205KF	FOX
A57E	N205KG	MUS2
A581	N205KK	M20P
A585	N205KP	UH1
A588	N205KS	UH1
A589	N205KT	BE58
A592	N205LB	SR20
A595	N205LE	UH1
A59B	N205LL	M20P
A59C	N205LM	UH1
A5AA	N205MA	BL8
A5B0	N205MG	M20P
A5B1	N205MH	M20P
A5B3	N205MK	M20P
A5B6	N205MN	M20P
A5B7	N205MP	M20P
A5B9	N205MR	M20P
A5BA	N205MS	BE9L
A5BF	N205MX	M8
A5C2	N205N	M20P
A5C6	N205ND	C180
A5CF	N205NN	E75L
A5D2	N205NR	C185
A5D6	N205NV	A320
A5DB	N205P	BE36
A5DC	N205PA	B06
A5DE	N205PC	HUSK
A5E6	N205PL	M20P
A5E7	N205PM	BE35
A5E9	N205PP	M20P
A5ED	N205PT	UH1
A5F0	N205PW	GLID
A603	N205QQ	M20P
A605	N205QS	CL60
A60D	N205R	GB1
A60F	N205RB	R44
A610	N205RC	DHC3
A611	N205RD	RV7
A614	N205RG	M20P
A615	N205RH	UH1
A616	N205RJ	M20P
A618	N205RL	M20P
A619	N205RM	AT5T
A61E	N205RS	M20P
A61F	N205RT	C210
A621	N205RV	RV7
A622	N205RW	M20P
A626	N205S	M20P
A62A	N205SD	UH1
A62B	N205SE	M20P
A62C	N205SF	P32R
A62D	N205SG	PA32
A62E	N205SH	R44
A630	N205SK	AT5T
A631	N205SL	H269
A634	N205SP	BE20
A636	N205SR	SR22
A637	N205SS	M20P
A638	N205ST	BE9L
A63D	N205SY	E75L
A63F	N205T	PA18
A640	N205TA	UH1
A643	N205TD	GLST
A646	N205TG	M20P
A647	N205TH	P28A
A649	N205TK	UH1
A64B	N205TM	BE20
A64D	N205TP	PC6T
A658	N205U	M20P
A669	N205US	DC93
A66B	N205UU	M20P
A66D	N205UW	B752
A674	N205VC	UH1
A685	N205VV	M20P
A68B	N205WA	GALX
A68D	N205WC	C441
A690	N205WF	KP5
A692	N205WH	S22T
A697	N205WN	B737
A698	N205WP	FA20
A69C	N205WT	TAIL
A69F	N205WW	UH1
A6B9	N205XX	MI8
A6BD	N205YA	YK55
A6CC	N205YR	HUSK
A6D2	N205YX	WAIX
A6D3	N205YY	C25A
A6D9	N205ZD	P28B
A6E1	N205ZM	PIAT
A6EF	N2050A	BE9L
A6F0	N2050B	L8
A6F1	N2050C	BE95
A6F2	N2050D	SR20
A6F3	N2050E	C172
A6F5	N2050G	C182
A6F6	N2050H	ERCO
A6F8	N2050K	L8
A6F9	N2050L	BE23
A6FB	N2050N	BE36
A6FC	N2050P	PA23
A6FE	N2050R	C182
A6FF	N2050S	T210
A701	N2050U	M4
A702	N2050V	C140
A703	N2050W	RV8
A704	N2050X	C182
A705	N2050Y	BE33
A706	N2050Z	BE35
A707	N20500	C172
A709	N20502	C172
A70A	N20503	C172
A70B	N20504	C172
A70C	N20505	C82T
A70D	N20506	M20P
A713	N2051B	BE95
A714	N2051C	BE95
A715	N2051D	P51
A718	N2051G	C182
A719	N2051H	ERCO
A71A	N2051J	H269
A71B	N2051K	BE35
A71C	N2051L	BE24
A720	N2051Q	C77R
A721	N2051R	C182
A724	N2051U	M4
A726	N2051W	BE36
A727	N2051X	BE36
A728	N2051Y	C172
A72B	N20511	TAYA
A72C	N20512	C172
A72E	N20514	C180
A730	N20516	C172
A732	N20518	C172
A733	N20519	C172
A739	N2052E	CH7A
A73A	HL1273	C172
A73B	N2052G	C82T
A73E	N2052K	L8
A740	N2052M	P28A
A741	N2052N	C140
A743	N2052Q	C77R
A744	N2052R	P28A
A748	N2052V	C172
A74C	N2052Z	C150
A74D	N20520	C172
A74E	N20521	C172
A750	N20523	SS2T
A751	N20524	TAYA
A753	N20526	C172
A754	N20527	AT5T
A755	N20528	C172
A75A	N2053C	T28
A75C	N2053E	CH7A
A760	N2053J	RV6
A762	N2053L	BE19
A763	N2053M	J3
A766	N2053Q	RV4
A767	N2053R	SA30
A76B	N2053V	C140
A76C	N2053W	BE35
A76D	N2053X	C182
A76F	N2053Z	C150
A771	N20531	C172
A772	N20532	C172
A773	N20533	C172
A774	N20534	C172
A776	N20536	H269
A777	N20537	C172
A77C	N2054B	L8
A77D	N2054C	BE95
A77F	N2054E	C172
A781	N2054G	C182
A783	N2054J	PA18
A785	N2054L	BE23
A786	N2054M	P28A
A787	N2054N	BE35
A789	N2054Q	C77R
A78A	N2054R	C182
A78B	N2054S	C72R
A78D	N2054U	M4
A78F	N2054W	BE35
A790	N2054X	C182
A791	N2054Y	C172
A792	N2054Z	C82S
A793	N20540	PA23
A794	N20541	C172
A795	N20542	C172
A796	N20543	C172
A797	N20544	C172
A799	N20546	TAYA
A79B	N20548	CAMP
A79C	N20549	C172
A7A1	N2055D	BE35
A7A2	N2055E	C172
A7A7	N2055K	ACRO
A7A9	N2055M	P28R
A7AA	N2055N	C140
A7AB	N2055P	BE95
A7AC	N2055Q	T206
A7AD	N2055R	C172
A7AF	N2055T	GLID
A7B0	N2055U	BE35
A7B1	N2055V	UH1
A7B3	N2055X	C182
A7B5	N2055Z	C150
A7B6	N20550	C180
A7B8	N20552	C172
A7B9	N20553	C172
A7BA	N20554	C172
A7BB	N20555	C172
A7BE	N20558	TRDO
A7BF	N20559	C172
A7C0	N2056	T18
A7C4	N2056D	BE35
A7C8	N2056H	ERCO
A7CB	N2056L	BE24
A7CC	N2056M	P28R
A7CD	N2056N	BE58
A7CF	N2056Q	C77R
A7D1	N2056S	T210
A7D3	N2056U	M4
A7D4	N2056V	C120
A7D6	N2056X	C182
A7D9	N20560	C172
A7DC	N20563	C172
A7DD	N20564	C172
A7DE	N20565	C172
A7DF	N20566	C172
A7E0	N20567	C172
A7E1	N20568	C172
A7E4	N2057A	BE36
A7E6	N2057C	BE9L
A7E8	N2057E	CH7A
A7EA	N2057G	C182
A7EB	N2057H	C550
A7ED	N2057K	L8
A7EF	N2057M	P28R
A7F1	N2057P	C82S
A7F4	B-9468	C208
A7F5	N2057T	GLID
A7F7	N2057V	C120
A7F9	N2057X	C182
A7FA	N2057Y	C172
A7FD	N20571	C172
A7FE	N20572	BE35
A801	N20575	C172
A802	N20576	AT6T
A803	N20577	FOX
A805	N20579	RV6
A807	N2058A	BE95
A808	N2058B	L8
A809	N2058C	B58T
A80D	N2058G	C182
A810	N2058K	B58T
A811	N2058L	COY2
A812	N2058M	J3
A815	N2058Q	C77R
A81B	N2058W	BE35
A828	N20589	C172
A82A	N2059A	BE35
A82C	N2059C	AT6T
A82E	N2059E	C172
A832	N2059J	A21N
A833	N2059K	L8
A834	N2059L	BE19
A835	N2059M	J3
A836	N2059N	C140
A837	N2059P	BE58
A83C	N2059U	T206
A83E	N2059W	BE35
A83F	N2059X	BE58
A840	N2059Y	C172
A841	N2059Z	C150
A842	N20590	C172
A843	N20591	C172
A844	N20592	C172
A845	N20593	C172
A846	N20594	C172
A849	N20597	C172
A84C	N206	TNAV
A84E	N206AA	T206
A850	N206AC	B06
A853	N206AF	PC12
A854	N206AG	T206
A856	N206AJ	B06
A858	N206AL	B06
A859	N206AM	T206
A85B	N206AP	B06
A85D	N206AR	T206
A85F	N206AT	PA44
A861	N206AV	BE99
A864	N206AY	T206
A865	N206AZ	T206
A866	N206B	BE35
A867	N206BA	T206
A868	N206BB	B06
A869	N206BC	C206
A86A	N206BD	T206
A86B	N206BE	B06
A86D	N206BG	B06
A86E	N206BH	B06
A870	N206BK	BE58
A871	N206BL	T206
A872	N206BM	B06
A876	N206BR	T206
A877	N206BS	T206
A87B	N206BW	B06
A87C	N206BX	B06
A87E	N206BZ	BCS3
A882	N206CC	T206
A886	N206CG	C206
A887	N206CH	B06
A888	N206CJ	B06
A88D	N206CP	C206
A891	N206CT	T206
A893	N206CV	T206
A894	N206CW	BE33
A898	N206D	T206
A89B	N206DC	T206
A89E	N206DF	B06
A89F	N206DG	B06
A8A0	N206DH	DH82
A8A1	N206DJ	C206
A8A3	N206DL	B06
A8A4	N206DM	T206
A8A6	N206DP	B06
A8AA	N206DT	T206
A8AC	N206DV	T206
A8AD	N206DW	T206
A8AE	N206DX	AC50
A8AF	N206DY	T206
A8B2	N206EA	T206
A8B6	N206EE	T206
A8B8	N206EG	B06
A8B9	N206EH	B06
A8BA	N206EJ	T206
A8BB	N206EK	T206
A8BC	N206EL	T206
A8BD	N206EM	T206
A8C2	N206ES	B06
A8C3	N206ET	T206
A8C9	N206EZ	C206
A8CA	N206F	T206
A8CB	N206FA	B06
A8CD	N206FC	B06
A8D7	N206FN	C206
A8D8	N206FP	CL30
A8DA	N206FR	A320
A8DB	N206FS	G280
A8DC	N206FT	B06
A8DF	N206FW	B06
A8E0	N199PA	P180
A8E3	N206G	T206
A8E4	N206GA	T206
A8E5	N206GB	T206
A8E6	N206GC	C206
A8E8	N206GE	T206
A8ED	N206GK	T206
A8EE	N206GL	B06
A8EF	N206GM	T206
A8F1	N206GP	BE33
A8F3	N206GR	T206
A8F4	N206GS	B06
A8F5	N206GT	C206
A8F7	N206GV	T206
A8F8	N206GW	CH7A
A8FF	N206HC	T206
A900	N206HD	T206
A901	N206HE	B06
A903	N206HG	T206
A904	N206HH	T206
A905	N206HJ	T206
A90E	N206HT	M20P
A911	N206HW	RV6
A912	N206HX	H500
A915	N206J	T206
A916	N206JA	C206
A917	N206JB	E190
A919	N206JD	C206
A91B	N206JF	C206
A91E	N206JJ	T206
A920	N206JL	T206
A921	N206JM	T206
A924	N206JQ	E75L
A925	N206JR	B06
A926	N206JS	B06
A927	N206JT	B06
A929	N206JV	C206
A92A	N206JW	T206
A92D	N206JZ	B06
A92E	N206K	T206
A931	N206KC	C210
A932	N206KD	T206
A938	N206KK	B06
A93A	N206KM	C206
A93D	N206KQ	K100
A93E	N206KR	B06
A93F	N206KS	B06
A940	N206KT	HROC
A943	N206KW	T206
A945	N206KY	T206
A947	N206L	T206
A949	N206LB	C206
A94C	N206LE	T206
A94E	N206LG	T206
A950	N206LJ	B06
A952	N206LL	T206
A956	N206LQ	T206
A957	N206LR	B06
A95C	N206LW	B06
A960	N206M	CAT
A962	CC-ATJ	B06
A963	N206MC	C172
A964	N206MD	T206
A965	N206ME	T206
A967	N206MG	T206
A968	N206MH	B06
A969	N206MJ	B06
A96A	N206MK	BEAR
A96B	N206ML	T206
A96C	N206MM	T206
A96D	N206MN	T206
A96E	N206MP	B06
A974	N206MV	T206
A975	N206MW	T206
A976	N206MX	C206
A978	N206MZ	T206
A979	N206N	T206
A97A	N206NA	B06
A982	N206NJ	UH1
A985	N206NM	T206
A986	N206NN	E75L
A98B	N206NT	C680
A98C	N206NU	B06
A98D	N206NV	A320
A990	N206NY	B06
A992	N206P	BE20
A994	N206PB	T206
A995	N206PC	B06
A996	N206PD	T206
A998	N206PF	T206
A99A	N206PH	B06
A99C	N206PK	T206
A99D	N206PL	B06
A99E	N206PM	T206
A9A0	N206PP	T206
A9A1	N206PQ	T206
A9A3	N206PS	CRJ2
A9A4	N206PT	T206
A9A7	N206PW	B06
A9A9	N206PY	T206
A9AB	N206Q	T206
A9BC	N206QS	CL60
A9C5	N206RA	T206
A9C6	N206RB	T206
A9C7	N206RC	T206
A9CA	N206RF	C206
A9CB	N206RG	PA30
A9CC	N206RH	C206
A9CE	N206RK	T206
A9D0	N206RM	B06
A9D2	N206RP	T206
A9D4	N206RR	T206
A9D5	N206RS	T206
A9D6	N206RT	T206
A9D8	N206RV	B06
A9D9	N206RW	B06
A9DB	N206RY	B06
A9DD	N206S	BE95
A9DE	N206SA	B06
A9E1	N206SD	C206
A9E3	N206SF	B06
A9E4	N206SG	B06
A9E5	N206SH	B06
A9E6	N206SJ	T206
A9E7	N206SK	C206
A9E8	N206SL	B06
A9E9	N206SM	S22T
A9EA	N206SN	T206
A9EB	N206SP	C206
A9EF	N206ST	T206
A9F0	N206SU	T206
A9F1	N206SV	C206
A9F2	N206SW	B06
A9F3	N206SX	C206
A9F4	N206SY	E75L
A9F6	N206T	PA18
A9F7	N206TA	B06
A9F9	N206TC	T206
A9FA	N206TD	C206
A9FD	N206TG	B06
A9FE	N206TH	B06
A9FF	N206TJ	R44
AA01	N206TL	B06
AA02	N206TM	BE36
AA06	N206TR	B06
AA08	N206TT	T206
AA0A	N206TV	BE19
AA0B	N206TW	B06
AA0C	N206TX	C206
AA0E	N206TZ	T206
AA10	N206UA	B772
AA14	N206UE	T206
AA15	N206UF	T206
AA19	N206UK	B06
AA20	N206US	T206
AA24	N206UW	B752
AA28	N206V	KR2
AA2A	N206VB	T206
AA2B	N206VC	B06
AA2F	N206VG	T206
AA33	N206VL	B06
AA39	N206VS	T206
AA3A	N206VT	T206
AA42	N206WA	B06
AA43	N206WB	T206
AA44	N206WC	B06
AA45	N206WD	T206
AA46	N206WE	C82S
AA47	N206WF	B06
AA48	N206WG	B06
AA4B	N206WK	T206
AA4C	N206WL	B06
AA4E	N206WN	B737
AA4F	N206WP	T206
AA53	N206WT	T206
AA56	N206WW	T206
AA57	N206WX	B06
AA58	N206WY	T206
AA5A	N206X	T206
AA65	N206XL	T206
AA68	N206XP	T206
AA70	N206XX	MI8
AA74	N206YA	C206
AA84	N206YS	T206
AA85	N206YT	B06
AA8A	N206YY	B06
AA8C	N206Z	B06
AA8E	N206ZB	C206
AA98	N206ZM	PIAT
AAA4	N206ZZ	B06
AAA7	N2060B	L8
AAA9	N2060D	BE35
AAAA	N2060E	C172
AAAC	N2060G	C182
AAAD	N2060H	AT8T
AAAE	N2060J	A21N
AAB1	N2060M	AT8T
AAB2	N2060N	B06
AAB4	N2060Q	C77R
AAB7	N2060T	GLID
AAB8	N2060U	C172
AABA	N2060W	BE35
AABE	N20600	C172
AABF	N20601	C172
AAC0	N20602	BE58
AAC1	N20603	BE35
AAC2	N20604	C172
AAC3	N20605	C180
AAC4	N20606	C172
AAC5	N20607	AT8T
AAC9	N2061A	BE36
AACA	N2061B	C206
AACC	N2061D	AT6T
AACD	N2061E	C172
AACF	N2061G	C182
AAD1	N2061J	B06
AAD2	N2061K	BE58
AAD3	N2061L	AT6T
AAD5	N2061N	C140
AADA	N2061T	GLID
AADB	N2061U	BE95
AADC	N2061V	C120
AADE	N2061X	FOX
AADF	N2061Y	C172
AAE3	N20612	C172
AAE4	N20613	C172
AAE6	N20615	FA24
AAE7	N20616	C172
AAE8	N20617	T206
AAE9	N20618	C172
AAEA	N20619	FA24
AAED	N2062B	BE35
AAEE	N2062C	BE95
AAF0	N2062E	CH7A
AAF3	N2062H	H269
AAF6	N2062L	BE23
AAF7	N2062M	P32R
AAF8	N2062N	H269
AAFB	N2062R	P28A
AAFE	N2062U	M4
AAFF	N2062V	C120
AB00	N2062W	BE35
AB05	N20621	C172
AB08	N20624	FA24
AB0A	N20626	C172
AB0C	N20628	FA24
AB0D	N20629	FA24
AB0F	N2063A	J3
AB11	N2063C	BE33
AB12	N2063D	BE35
AB13	N2063E	CH7A
AB15	N2063G	BE58
AB17	N2063J	C188
AB19	N2063L	BE19
AB1A	N2063M	J3
AB1B	N2063N	C140
AB1C	N2063P	C82T
AB1D	N2063Q	C77R
AB23	N2063W	M20P
AB24	N2063X	BE23
AB28	N20631	FA24
AB29	N20632	FA24
AB2B	N20634	C172
AB2D	N20636	C172
AB2E	N20637	C172
AB30	N20639	C82R
AB33	N2064B	L8
AB34	N2064C	BE95
AB35	N2064D	BE35
AB36	N2064E	CH7A
AB38	N2064G	C182
AB3A	N2064J	AT8T
AB3B	N2064K	BE95
AB42	N2064S	B06
AB43	N2064T	P28R
AB44	N2064U	M4
AB45	N2064V	BE58
AB47	N2064X	C182
AB48	N2064Y	C172
AB4A	N20640	C180
AB4B	N20641	FA24
AB4C	N20642	GLID
AB51	N20647	RV3
AB52	N20648	C172
AB53	N20649	BE95
AB54	N2065	SA7
AB56	N2065B	M18
AB57	N2065C	BE95
AB5B	N2065G	C182
AB5F	N2065L	BE95
AB60	N2065M	RS12
AB61	N2065N	AT5T
AB62	N2065P	H269
AB63	N2065Q	BE36
AB64	N2065R	T28
AB65	N2065S	AT8T
AB67	N2065U	M4
AB68	N2065V	C140
AB69	N2065W	BE35
AB6B	N2065Y	BE35
AB6C	N2065Z	C150
AB6F	N20652	C172
AB71	N20654	BE35
AB73	N20656	L8
AB74	N20657	L8
AB76	N20659	L8
AB78	N2066A	BE36
AB79	N2066B	L8
AB7B	N2066D	BE35
AB7C	N2066E	AT5T
AB7E	N2066G	C182
AB80	N2066J	C188
AB81	N2066K	L8
AB83	N2066M	J3
AB84	N2066N	BE35
AB87	N2066R	EXEC
AB89	N2066T	SLG4
AB8A	N2066U	M4
AB8B	N2066V	C120
AB8F	N2066Z	C150
AB90	N20660	C172
AB91	N20661	ST75
AB93	N20663	L8
AB95	N20665	C172
AB96	N20666	C172
AB97	N20667	C172
AB98	N20668	C172
AB9C	N2067B	SS2T
AB9F	N2067E	AT8T
ABA1	N2067G	C182
ABA3	N2067J	T6
ABA5	N2067L	BE23
ABA6	N2067M	RV6
ABAD	N2067U	M4
ABAF	N2067W	SONX
ABB0	N2067X	C182
ABB1	N2067Y	C172
ABB3	N20670	C172
ABB5	N20672	S92
ABB8	N20675	C172
ABB9	N20676	C172
ABBE	N2068A	B06
ABBF	N2068B	SS2T
ABC1	N2068D	BE35
ABC5	N2068H	ERCO
ABC7	N2068K	L8
ABC9	N2068M	J3
ABCA	N2068N	C140
ABCE	N2068S	C182
ABD1	N2068V	UH12
ABD2	N2068W	SM19
ABD4	N2068Y	C172
ABD5	N2068Z	C150
ABD9	N20683	B06
ABDD	N20687	L8
ABDE	N20688	S92
ABDF	N20689	C172
ABE2	N2069B	C208
ABE3	N2069C	BE18
ABE5	N2069E	CH7A
ABEA	N2069K	B58T
ABEB	N2069L	B06
ABEC	N2069M	P28A
ABED	N2069N	COY2
ABEF	N2069Q	C510
ABF0	N2069R	C182
ABF3	N2069U	M4
ABF4	N2069V	SBOY
ABF5	N2069W	C208
ABF6	N2069X	C182
ABF7	N2069Y	B58T
ABF9	N20690	L8
ABFA	N20691	H269
ABFB	N20692	L8
ABFC	N20693	C172
ABFD	N20694	C208
ABFF	N20696	L8
AC00	N20697	C172
AC04	N207A	RV6
AC0A	N207AF	BE50
AC0B	N207AG	MT
AC0C	N207AH	PRM1
AC0D	N207AJ	GLIM
AC0F	N207AL	T206
AC10	N207AM	RV6
AC11	N207AN	E75L
AC14	N207AR	M20T
AC15	N207AS	GLID
AC16	N207AT	A4
AC17	N207AU	XL2
AC19	N207AW	LJ60
AC1A	N207AX	B762
AC20	N207BC	ASTR
AC24	N207BG	C25A
AC38	N207CB	P28A
AC39	N207CC	C207
AC3A	N207CD	C82S
AC3C	N207CF	A119
AC3F	N207CJ	C25C
AC44	N207CP	B06
AC46	N207CR	C208
AC47	N207CS	B06
AC4F	N207D	BE35
AC50	N207DA	C207
AC51	YV3015	BE20
AC53	N207DD	C207
AC56	N207DG	C207
AC57	N207DH	B06
AC59	N207DK	VELO
AC5A	N207DL	C207
AC5F	N207DR	C207
AC63	N207DV	SR22
AC68	N207E	CH7A
AC69	N207EA	EA50
AC6B	N207EC	C170
AC70	N207EH	B06
AC78	N207ER	G2CA
AC7C	N207EV	B17
AC81	N207F	TCAT
AC85	N207FD	C207
AC91	N207FR	A320
AC9A	N207G	C207
AC9B	N207GA	GLAS
ACA2	N207GH	C207
ACA6	N207GM	C207
ACAA	N207GR	C207
ACB0	N207GX	GX
ACB4	N207HA	C207
ACB5	N207HB	BE20
ACC1	N207HP	C172
ACC7	N207HV	P28R
ACCC	N207J	C206
ACCE	N207JB	CL60
ACD0	N207JD	H500
ACD3	N207JG	AC50
ACD5	N207JJ	BL8
ACD7	N207JL	RS12
ACDA	N207JP	C207
ACDB	N207JQ	E75L
ACDC	N207JR	VP2
ACDE	N207JT	AEST
ACE0	N207JV	C77R
ACE5	N207K	H25C
ACF1	N207KM	M4
ACF4	N207KQ	K100
ACFF	N207LA	AT8T
AD06	N207LH	E300
AD0F	N207LS	M20P
AD10	N207LT	RV9
AD18	N207MA	PA32
AD19	N207MB	SR22
AD1A	N207MC	BKUT
AD1B	N207MD	PA31
AD1F	N207MH	B06
AD23	N207MM	C25A
AD27	N207MR	C207
AD28	N207MS	MUS2
AD2F	N207MZ	RV8
AD35	N207NE	C180
AD3D	N207NN	C207
AD44	N207NV	A320
AD45	N207NW	PC12
AD46	N207NX	PC12
AD49	N207P	BE9L
AD4A	N207PA	C207
AD4B	N207PB	C82T
AD4D	N207PD	R44
AD52	N207PJ	UH1
AD53	N207PK	HUSK
AD5A	N207PS	CRJ2
AD7C	N207RA	C208
AD7D	N207RB	C207
AD7E	N207RC	RV7
AD7F	N207RD	AA5
AD81	N207RF	SREY
AD83	N207RH	B06
AD84	N207RJ	H269
AD89	N207RP	M20P
AD8C	N207RS	C425
AD8F	N207RV	RV8
AD95	N207SA	C82S
AD96	N207SB	BE10
AD98	N207SD	UH1
ADA5	N207SS	C441
ADA6	N207ST	PC12
ADAB	N207SY	E75L
ADAE	N207TA	SIRA
ADAF	N207TB	EA50
ADB6	N207TJ	RV7
ADBA	N207TN	ASTO
ADBB	N207TP	RV7
ADBF	N207TT	H25C
ADC1	N207TV	B06
ADC3	N207TX	AS50
ADCF	N207UJ	XNOS
ADDB	N207UW	B752
ADDF	N207V	KR2
ADE0	N207VA	C207
ADEF	N207VR	PA32
ADF4	N207VW	C207
ADF8	N207W	C182
ADF9	N207WA	P46T
ADFB	N207WC	CH60
ADFE	N207WF	FDCT
AE04	N207WM	SR22
AE05	N207WN	B737
AE0A	N207WT	BE36
AE11	N207X	E300
AE1F	N207XP	FALC
AE27	N207XX	MI8
AE32	N207YH	C207
AE34	N207YK	YK52
AE46	N207ZC	BE36
AE4F	N207ZM	BE58
AE5E	N2070B	L8
AE5F	N2070C	S108
AE62	N2070F	SS2P
AE63	N2070G	C182
AE64	N2070H	ERCO
AE66	N2070K	C206
AE67	N2070L	BE58
AE68	N2070M	P28A
AE69	N2070N	C140
AE6C	N2070R	M20P
AE6D	N2070S	T210
AE6F	N2070U	B06
AE71	N2070W	BE95
AE72	N2070X	C182
AE74	N2070Z	C208
AE75	N20700	AT8T
AE78	N20703	J3
AE79	N20704	C172
AE7B	N20706	C182
AE7C	N20707	C172
AE7D	N20708	C182
AE7E	N20709	C182
AE81	N2071B	BE23
AE86	N2071G	C182
AE87	N2071H	VP2
AE89	N2071K	L8
AE8A	N2071L	RV7
AE8B	N2071M	P28R
AE8C	N2071N	C140
AE8D	N2071P	PA23
AE8E	N2071Q	C77R
AE8F	N2071R	P28A
AE90	N2071S	UH1
AE91	N2071T	P28R
AE92	N2071U	AVID
AE94	N2071W	BE35
AE96	N2071Y	BE36
AE99	N20711	C172
AE9A	N20712	B06
AE9B	N20713	C182
AE9C	N20714	C172
AE9E	N20716	C172
AEA0	N20718	AT8T
AEA1	N20719	SPST
AEA2	N2072	L12
AEA6	N2072D	AT3T
AEA9	N2072G	C182
AEAE	N2072M	B06
AEB1	N2072Q	C77R
AEB2	N2072R	C208
AEB3	N2072S	C182
AEB4	N2072T	P28R
AEB7	N2072W	BE35
AEBC	N20721	C172
AEBE	N20723	SPST
AEC0	N20725	C182
AEC2	N20727	C172
AEC4	N20729	C172
AEC5	N2073	MIMU
AEC7	N2073B	L8
AEC9	N2073D	BE35
AECA	N2073E	C172
AECC	N2073G	C182
AED0	N2073L	BE58
AED1	N2073M	P28R
AED2	N2073N	C140
AED5	N2073R	C182
AED7	N2073T	P28R
AEDA	N2073W	BE35
AEDB	N2073X	HUSK
AEDC	N2073Y	T6
AEDD	N2073Z	CH70
AEDE	N20730	C182
AEE2	N20734	C172
AEE3	N20735	C182
AEE4	N20736	FOX
AEE5	N20737	GLID
AEE9	N2074A	C172
AEEB	N2074C	H269
AEEC	N2074D	SAKO
AEED	N2074E	CH7A
AEEF	N2074G	BE35
AEF1	N2074J	SS2T
AEF3	N2074L	BE95
AEF7	N2074Q	C77R
AEF9	N2074S	T210
AEFB	N2074U	M4
AEFF	N2074Y	C172
AF00	N2074Z	C150
AF01	N20740	C182
AF03	N20742	C172
AF04	N20743	C182
AF06	N20745	C172
AF08	N20747	C172
AF09	N20748	BE23
AF0A	N20749	C172
AF0C	N2075A	BE24
AF0D	N2075B	L8
AF12	N2075G	C182
AF14	N2075J	C188
AF17	N2075M	J3
AF1A	N2075Q	C77R
AF1B	N2075R	P28A
AF1D	N2075T	SR20
AF20	N2075W	BE35
AF21	N2075X	BE24
AF22	N2075Y	C172
AF24	N20750	CH75
AF25	N20751	C182
AF26	N20752	C185
AF27	N20753	BE17
AF28	N20754	BE24
AF29	N20755	C182
AF2A	N20756	C172
AF2B	N20757	C182
AF2C	N20758	CMAS
AF2D	N20759	CMAS
AF2F	N2076A	BE23
AF30	N2076B	SS2T
AF32	N2076D	BE35
AF33	N2076E	CH7A
AF35	N2076G	C182
AF37	N2076J	C82R
AF38	N2076K	L8
AF39	N2076L	BE36
AF3A	N2076M	P28R
AF3D	N2076Q	C77R
AF3E	N2076R	C208
AF3F	N2076S	T210
AF40	N2076T	P28R
AF42	N2076V	C120
AF44	N2076X	C182
AF45	N2076Y	C172
AF46	N2076Z	C150
AF47	N20760	CMAS
AF48	N20761	C182
AF4A	N20763	C172
AF4B	N20764	CMAS
AF4C	N20765	CMAS
AF4E	N20767	C182
AF50	N20769	C182
AF52	N2077A	BE23
AF53	N2077B	L8
AF54	N2077C	BE23
AF55	N2077D	BE35
AF58	N2077G	C182
AF59	N2077H	ERCO
AF5E	N2077N	C82S
AF60	N2077Q	C77R
AF62	N2077S	JFOX
AF63	N2077T	P28R
AF64	N2077U	M4
AF6A	N20770	C172
AF6B	N20771	C182
AF6D	N20773	C172
AF6E	N20774	C182
AF71	N20777	C182
AF72	N20778	BE17
AF73	N20779	BE17
AF75	N2078A	P28R
AF76	N2078B	P32R
AF78	N2078D	GLID
AF7B	N2078G	C182
AF7C	N2078H	ERCO
AF83	2294	AT8T
AF84	N2078R	C182
AF85	N2078S	ERCO
AF86	N2078T	P28R
AF87	N2078U	SBOY
AF88	N2078V	C120
AF89	N2078W	BE95
AF8B	N2078Y	C172
AF8C	N2078Z	C150
AF8F	N20782	CMAS
AF91	N20784	P28A
AF93	N20786	C185
AF94	N20787	PA32
AF95	N20788	C182
AF96	N20789	C172
AF9C	N2079E	CH7A
AF9E	N2079G	C182
AFA2	N2079L	BE36
AFA3	N2079M	P28R
AFA4	N2079N	PA44
AFA6	N2079Q	C77R
AFA7	N2079R	P28A
AFA9	N2079T	P28R
AFAA	N2079U	M4
AFAC	N2079W	PA44
AFAD	N2079X	P32R
AFAE	N2079Y	P28R
AFAF	N2079Z	C150
AFB1	N20791	C182
AFB2	N20792	C172
AFB3	N20793	C182
AFB4	N20794	C182
AFB5	N20795	CAMP
AFB7	N20797	C182
AFB8	N20798	BE17
AFBA	N208	C208
AFBD	N208AB	C208
AFC2	N208AG	B06
AFC3	N208AH	C208
AFC4	N208AJ	C208
AFC6	N208AL	C208
AFC7	N208AM	B407
AFC8	N208AN	E75L
AFC9	N208AP	TF19
AFCB	N208AR	C208
AFCC	N208AS	GLID
AFCD	N208AT	C172
AFD0	N208AW	B427
AFD1	N208AX	C208
AFD4	N208B	C208
AFD5	N208BA	C208
AFD7	N208BC	BE20
AFDB	N208BG	C25A
AFDC	N208BH	LJ60
AFDE	N208BK	C208
AFDF	N208BL	C208
AFE8	N208BV	C208
AFEA	N208BX	C208
AFEC	N208BZ	BCS3
AFED	N208C	DSA1
AFEE	N208CA	PA44
AFF1	N208CD	SR20
AFF2	N208CE	C208
AFF4	N208CG	PC12
AFF7	N208CK	PA12
AFF8	N208CL	AC90
AFF9	N208CM	P208
AFFA	N208CN	C208
AFFB	N208CP	C172
AFFE	N208CS	GLIM
AFFF	N208CT	FDCT
B001	N208CV	C208
B002	N208CW	RV7
B003	N208CX	C208
B006	N208D	PA23
B008	N208DB	DV20
B009	N208DC	RV8
B00B	N208DE	C208
B00D	N208DG	T206
B00E	N208DH	C208
B011	N208DL	L8
B012	N208DM	H500
B017	N208DS	DA40
B01C	N208DX	E50P
B01E	N208DZ	C208
B01F	N208E	C208
B020	N208EA	C208
B021	N208EB	C208
B022	N208EC	MD60
B024	N208EE	C208
B025	N208EF	P28A
B027	N208EH	B06
B029	N208EK	C208
B02B	N208EM	C208
B02F	N208ER	B06
B031	N208ET	RV8
B037	N208EZ	S208
B038	N208F	BE20
B043	N208FL	C208
B04A	N208FT	T206
B050	N208FZ	C208
B051	N208G	C208
B056	N208GE	C208
B058	N208GG	P28A
B05B	N208GK	P208
B062	N208GS	BE95
B063	N208GT	SR20
B066	N208GW	BE20
B067	N208GX	GX
B068	N208GY	C208
B06A	N208H	CB1
B06C	N208HB	C208
B06D	N208HC	H25B
B070	N208HF	C208
B07A	N208HR	C208
B07F	N208HW	C208
B084	N208JA	C208
B085	N208JB	C208
B08A	N208JG	C208
B08B	N208JH	C208
B08C	N208JJ	C208
B08D	N208JK	C208
B08F	N208JM	C208
B091	N208JP	C208
B092	N208JQ	E75L
B094	N208JS	C208
B098	N208JW	C208
B09D	N208KA	C208
B09F	N208KC	C150
B0A3	N208KG	C208
B0AA	N208KP	C208
B0AC	N208KR	C208
B0AD	N208KS	R44
B0B7	N208LB	C208
B0B8	N208LC	A139
B0BC	N208LG	SR20
B0BD	N208LH	T206
B0C2	N208LN	C208
B0C6	N208LS	C208
B0CE	N208M	COY2
B0CF	N208MA	P46T
B0D3	N208ME	N110
B0D4	N208MF	C680
B0D5	N208MG	C208
B0D9	N208ML	BE65
B0DA	N208MM	PRM1
B0DD	N208MQ	C208
B0E3	N208MW	C208
B0E7	N208N	C208
B0EB	N208ND	FOX
B0EF	N208NH	DV20
B0F7	N208NR	C208
B0FB	N208NV	A320
B100	N208P	BE58
B103	N208PC	C208
B105	N208PE	C208
B107	N208PG	C208
B108	N208PH	HUSK
B109	N208PJ	UH1
B10A	N208PK	C208
B10B	N208PL	RV6
B10C	N208PM	C208
B118	N208PZ	TUCA
B119	N208Q	BE95
B12A	N208QS	CL60
B134	N208RB	C208
B135	N208RC	C208
B136	N208RD	RV9
B137	N208RE	GLAS
B138	N208RF	C208
B139	N208RG	PA30
B13A	N208RH	CB1
B13B	N208RJ	EN48
B146	N208RV	RV8
B14B	N208S	S76
B14C	N208SA	C208
B150	N208SE	PA23
B153	N208SH	EC30
B154	N208SJ	LAMA
B157	N208SM	C208
B158	N208SN	C208
B159	N208SP	C172
B15B	N208SR	BE10
B15C	N208SS	C185
B15F	N208SV	C208
B162	N208SY	E75L
B164	N208T	BE36
B165	N208TA	P208
B166	N208TB	JUNR
B167	N208TC	C180
B16A	N208TF	C208
B16C	N208TH	P32R
B170	N208TM	C208
B174	N208TR	C208
B178	N208TV	P208
B179	N208TW	C208
B17D	N208U	GLIM
B18B	N208UP	C208
B18E	N208US	DC93
B190	N208UU	C208
B196	N208V	C421
B198	N208VB	CH60
B1A4	N208VP	C560
B1AF	N208W	C208
B1B1	N208WB	C208
B1B5	N208WF	C208
B1BC	N208WN	B737
B1BD	N208WP	T206
B1BF	N208WR	GLIM
B1C0	N208WS	NAVI
B1C4	N208WW	C208
B1C8	N208X	FOX
B1DE	N208XX	MI8
B1E2	N208YA	YK52
B206	N208ZM	PIAT
B212	N208ZZ	C208
B215	N2080B	L8
B217	N2080D	BE35
B218	N2080E	C172
B21C	N2080J	C188
B21E	N2080L	BE35
B220	N2080N	LGEZ
B222	N2080Q	C82S
B223	N2080R	C182
B224	N2080S	BE35
B227	N2080V	P28A
B22D	N20801	C182
B22E	2295	AT8T
B22F	N20803	C182
B230	N20804	C172
B231	N20805	C182
B232	N20806	C182
B233	N20807	RV6
B237	N2081A	P32R
B238	N2081B	L8
B239	N2081C	P28A
B23A	N2081D	BE35
B23B	N2081E	CH7A
B23D	N2081G	H269
B23E	N2081H	ERCO
B23F	N2081J	C72R
B242	N2081M	J3
B245	N2081Q	C77R
B247	N2081S	C172
B248	N2081T	P28R
B24A	N2081V	C120
B24B	N2081W	BE35
B24E	N2081Z	C150
B250	N20811	C172
B252	N20813	C182
B254	N20815	J3
B255	N20816	P32R
B256	N20817	P32R
B257	N20818	C172
B25B	N2082B	H269
B25E	N2082E	CH7A
B260	N2082G	C182
B262	N2082J	C188
B263	N2082K	PA34
B264	N2082L	B58T
B265	N2082M	J3
B266	N2082N	C140
B26E	N2082W	BE35
B271	N2082Z	C150
B272	N20820	C182
B273	N20821	PA18
B275	N20823	C172
B276	N20824	C182
B277	N20825	C172
B278	N20826	H269
B27A	N20828	C182
B27D	N2083A	J3
B27E	N2083B	L8
B280	N2083D	PA44
B282	N2083F	C72R
B284	N2083H	ERCO
B287	N2083L	BE35
B28B	N2083Q	C77R
B28C	N2083R	C182
B290	N2083V	C120
B291	N2083W	BE35
B293	N2083Y	C172
B294	N2083Z	C150
B295	N20830	C172
B297	N20832	C182
B298	N20833	J3
B299	N20834	C172
B29B	N20836	C182
B29C	N20837	C172
B29D	N20838	C182
B29E	N20839	C182
B2A0	N2084A	PA44
B2A3	N2084D	VELO
B2A4	N2084E	C172
B2A6	N2084G	C182
B2A8	N2084J	A21N
B2AA	N2084L	J3
B2AB	N2084M	PA32
B2AC	N2084N	C140
B2AD	N2084P	PA23
B2AF	N2084R	C182
B2B0	N2084S	T210
B2B1	N2084T	P28R
B2B3	N2084V	C140
B2B4	N2084W	BE35
B2B5	N2084X	C182
B2B6	N2084Y	C172
B2B9	N20841	C182
B2BA	N20842	C182
B2BB	N20843	C172
B2BD	N20845	C182
B2BE	N20846	C140
B2BF	N20847	C182
B2C0	N20848	P28B
B2C1	N20849	M20P
B2C2	N2085	GLID
B2C5	N2085C	BE95
B2C9	N2085G	C182
B2CD	N2085L	BE35
B2CE	N2085M	PA34
B2D0	N2085P	P28B
B2D1	N2085Q	C77R
B2D3	N2085S	T210
B2D6	N2085V	P28A
B2D8	N2085X	C182
B2D9	N2085Y	C185
B2DD	N20852	C182
B2DF	N20854	C182
B2E0	N20855	C182
B2E1	N20856	C182
B2E3	N20858	C172
B2E6	N2086A	CH7A
B2EA	N2086E	C172
B2EB	N2086F	H269
B2EC	N2086G	C182
B2EE	N2086J	A21N
B2EF	N2086K	L8
B2F0	N2086L	BE33
B2F3	N2086P	PA23
B2F4	N2086Q	C77R
B2F5	N2086R	P28A
B2F7	N2086T	P28R
B2FA	N2086W	BE95
B2FB	N2086X	C182
B2FC	N2086Y	C172
B2FF	N20861	U16
B300	N20862	C182
B302	N20864	P28A
B303	N20865	C172
B305	N20867	C182
B309	N2087A	P32R
B30A	N2087B	L8
B30B	N2087C	PA12
B30C	N2087D	P28B
B30D	N2087E	C172
B30E	N2087F	C182
B30F	N2087G	C182
B313	N2087L	BE95
B314	N2087M	VELO
B315	N2087N	P28A
B316	N2087P	IR23
B318	N2087R	C182
B31F	N2087Y	C172
B320	N2087Z	C150
B321	N20870	C182
B322	N20871	C172
B324	N20873	P28A
B325	N20874	J3
B328	N20877	C182
B32B	N2088	FA24
B32C	N2088A	P28A
B32D	N2088B	P28A
B32E	N2088C	BE35
B32F	N2088D	P28A
B335	N2088K	PA44
B338	N2088N	C140
B33B	N2088R	C182
B33E	N2088U	T206
B33F	N2088V	CH7B
B341	N2088X	S92
B342	N2088Y	C172
B345	N20881	AVID
B346	N20882	C182
B348	N20884	C172
B349	N20885	P32R
B34A	N20886	J3
B34B	N20887	C82S
B34C	N20888	C182
B350	N2089B	L8
B353	N2089E	C172
B358	N2089K	PA44
B35B	N2089N	P28A
B35D	N2089Q	C77R
B35E	N2089R	ACRO
B35F	N2089S	C82R
B360	N2089T	P28R
B361	2202	AT8T
B362	N2089V	C120
B363	N2089W	BE95
B364	N2089X	C182
B365	N2089Y	C172
B367	N20890	C182
B368	N20891	C172
B36B	N20894	J3
B36D	N20896	BE36
B372	N209A	C140
B382	N209AR	RV7
B383	N209AS	DA40
B387	N209AW	G150
B395	N209BK	BE40
B396	N209BL	RV10
B3A4	N209C	S108
B3A5	N209CA	FA20
B3A7	N209CC	RV6
B3B2	N209CP	B06
B3B3	N209CQ	F900
B3B5	N209CS	T206
B3B8	N209CV	C560
B3BF	N209DB	B209
B3C5	N209DH	RV7
B3C7	N209DK	PA18
B3CB	N209DP	C172
B3CE	N209DS	DA40
B3D2	N209DW	COL4
B3D6	N209E	FOX
B3D9	N209EC	MD60
B3E2	N209EM	BE55
B3E7	N209ES	B209
B3EF	N209F	M20T
B3F1	N209FB	G280
B41E	N209GX	GX
B422	N209HA	A21N
B42F	N209HP	H25B
B435	N209HV	C172
B436	N209HW	M20P
B43A	N209J	P28A
B43B	N209JA	SR22
B440	N209JF	CH7A
B446	N209JM	RV10
B448	N209JP	C208
B449	N209JQ	E75L
B44A	N209JR	B209
B44E	N209JV	B209
B44F	N209JW	RV8
B464	N209KS	P210
B46C	N209L	SREY
B46D	N209LA	AT8T
B472	N209LF	EC30
B489	N209MD	LJ45
B48A	N209ME	S22T
B496	N209MS	H269
B497	N209MT	RV7
B4A2	N209ND	DV20
B4A5	N209NG	R44
B4AB	N209NN	E75L
B4B2	N209NV	A320
B4B9	N209PB	PC12
B4BB	N209PD	GA8
B4C0	N209PJ	UH1
B4C8	N209PS	CRJ2
B4C9	N209PT	PA44
B4E1	N209QS	CL60
B4EC	N209RC	J3
B4F0	N209RG	BN2P
B4F8	N209RQ	CC11
B4FD	N209RV	RV9
B4FE	N209RW	CRJ2
B502	N208GA	G280
B505	N209SC	P28A
B508	N209SF	B209
B50A	N209SH	R22
B514	N209ST	P46T
B517	N209SW	SONX
B519	N209SY	E75L
B51C	N209TA	ECHO
B51D	N209TB	TB30
B522	N209TG	SLG2
B526	N209TL	B105
B52B	N209TR	B722
B530	N209TW	CORS
B535	N209UA	B772
B54D	N209V	KR2
B566	N209W	PA11
B567	N209WA	B209
B573	N209WN	B737
B595	N209XX	MI8
B599	N209YA	YK52
B5BD	N209ZM	PIAT
B5D1	N2090G	C182
B5D4	N2090K	L8
B5D5	N2090L	BE35
B5D6	N2090M	J3
B5D8	N2090P	PA23
B5D9	N2090Q	C77R
B5DA	N2090R	P28A
B5DB	N2090S	SREY
B5DE	N2090V	P28A
B5E0	N2090X	C182
B5E1	N2090Y	C77R
B5E2	N2090Z	C150
B5E3	N20900	WACC
B5E5	N20902	WACC
B5E7	N20904	B788
B5EA	N20907	C182
B5EB	N20908	WACC
B5EF	N2091B	P28A
B5F1	N2091D	P28A
B5F2	N2091E	H269
B5F5	N2091H	ERCO
B5F6	N2091J	FOX
B5F7	N2091K	WACF
B5F8	N2091L	BE36
B5F9	N2091M	P28A
B5FB	N2091P	PA32
B5FC	N2091Q	C77R
B5FD	N2091R	H500
B5FE	N2091S	WACF
B601	N2091V	P28R
B602	N2091W	P28R
B603	N2091X	C182
B604	N2091Y	C172
B606	N20910	C172
B609	N20913	C172
B60A	N20914	C182
B60B	N20915	DRTG
B611	N2092A	P28A
B613	N2092C	P28B
B614	N2092D	P28B
B617	N2092G	C182
B61B	N2092L	P28A
B61C	N2092M	P28A
B61D	N2092N	C140
B620	N2092R	P32R
B621	N2092S	T210
B622	N2092T	P28R
B623	N2092U	CH70
B624	N2092V	C140
B625	N2092W	BE35
B626	N2092X	P28A
B627	N2092Y	C172
B629	N20920	C182
B62A	N20921	C172
B62C	N20923	C182
B631	N20928	P32R
B632	N20929	C182
B635	N2093B	C82S
B636	N2093C	P32R
B63A	N2093G	C182
B63B	N2093H	ERCO
B63F	N2093M	P28A
B640	N2093N	C140
B641	N2093P	DFLY
B642	N2093Q	EXEC
B644	N2093S	H269
B645	N2093T	P28R
B647	N2093V	C120
B648	N2093W	BE35
B649	N2093X	P28B
B64A	N2093Y	C172
B64E	N20932	C172
B651	N20935	C182
B652	N20936	C182
B659	N2094C	PA44
B65D	N2094G	HCAT
B65E	N2094H	ERCO
B660	N2094K	L8
B662	N2094M	AT5T
B663	N2094N	C140
B664	N2094P	P32R
B668	N2094T	P28R
B66A	N2094V	P28R
B66D	N2094Y	C172
B66E	N2094Z	C150
B66F	N20940	C172
B673	N20944	C182
B674	N20945	C82T
B675	N20946	C182
B677	N20948	C182
B678	N20949	CUCA
B67A	N2095A	CH7A
B67B	N2095B	L8
B680	N2095G	C182
B681	N2095H	ERCO
B682	N2095J	T206
B683	N2095K	PA44
B685	N2095M	J3
B687	N2095P	PA23
B689	N2095R	C182
B68A	N2095S	T206
B68D	N2095V	P28R
B68E	N2095W	P28R
B68F	N2095X	C182
B690	N2095Y	C172
B691	N2095Z	C150
B692	N20950	WACC
B693	N20951	C172
B695	N20953	WACE
B696	N20954	C172
B697	N20955	C182
B699	N20957	C172
B69A	N20958	P28A
B69D	N2096A	P32R
B69E	N2096B	P28B
B6A1	N2096E	CH7A
B6A7	N2096L	P28A
B6A8	N2096M	J3
B6AC	N2096R	C182
B6AE	N2096T	P28R
B6B0	N2096V	C140
B6B2	N2096X	P28B
B6B4	N2096Z	C150
B6B6	N20961	WACE
B6B7	N20962	C182
B6BA	N20965	C172
B6BB	N20966	C182
B6BC	N20967	WACE
B6BE	N20969	C185
B6C1	N2097B	L8
B6C3	N2097D	BE35
B6C4	N2097E	CH7A
B6C6	N2097G	C172
B6CB	N2097M	P28A
B6CC	N2097N	P28A
B6CD	N2097P	PISI
B6CF	N2097R	C182
B6D0	N2097S	C82T
B6D1	N2097T	C172
B6D2	N2097U	P28A
B6D3	N2097V	C120
B6D5	N2097X	C182
B6D6	N2097Y	C172
B6D7	N2097Z	C150
B6D8	N20970	C182
B6D9	N20971	WACF
B6DA	N20972	C182
B6DB	N20973	WACF
B6DC	N20974	H269
B6DD	N20975	C182
B6DE	N20976	C182
B6E0	N20978	C182
B6E1	N20979	WACF
B6E2	N2098	B47J
B6E3	N2098A	C72R
B6E5	N2098C	C82S
B6E7	N2098E	CH7A
B6F0	N2098P	PA23
B6F4	N2098T	P28R
B6F7	N2098W	BE35
B6F8	N2098X	C182
B6F9	N2098Y	C172
B6FB	N20980	C182
B700	N20985	P28A
B701	N20986	C182
B703	N20988	CUCA
B708	N2099C	BE95
B709	N2099D	C72R
B70A	N2099E	CH7A
B70C	N2099G	C182
B70E	N2099J	C172
B712	N2099N	C82T
B714	N2099Q	C77R
B717	N2099T	P28R
B71A	N2099W	RV8
B71B	N2099X	C182
B71C	N2099Y	T206
B720	N20992	P28A
B725	N20997	C172
B729	N21A	G21
B72B	N21AB	PA31
B72C	N21AC	LJ60
B72D	N21AD	C182
B72F	N21AF	GLIM
B730	N21AG	PA46
B731	N21AH	RV4
B732	N21AJ	TOBA
B734	N21AL	J3
B736	N21AN	T210
B738	N21AQ	PA23
B739	N21AR	TB20
B73A	N21AS	P28R
B73B	N21AT	C172
B73C	N21AU	PC12
B73E	N21AW	HUSK
B740	N21AY	SF50
B742	N21B	LNC2
B743	N21BA	T6
B744	N21BB	BE95
B745	N21BC	BT36
B746	N21BD	BE20
B74A	N21BH	B407
B74C	N21BK	LJ35
B74E	N21BM	C210
B751	N21BQ	S22T
B752	N21BR	GLIM
B753	N21BS	M20P
B756	N21BV	VELO
B757	N21BW	PTS1
B758	N21BX	SM19
B75A	N21BZ	RS20
B75C	N21CA	BE18
B75D	N21CB	SR22
B75E	N21CC	M20P
B75F	N21CD	BE36
B760	N21CE	EAGL
B761	N21CF	C177
B762	N21CG	BE20
B763	N21CH	BE35
B765	N21CK	RV3
B766	N21CL	B407
B767	N21CM	PTS2
B768	N21CN	BE35
B769	N21CP	C182
B76A	N21CQ	CC11
B76C	N21CS	C310
B76D	N21CT	P210
B76F	N21CV	C560
B771	N21CX	PA11
B772	N21CY	YK52
B773	N21CZ	MG21
B774	N21D	AEST
B775	N21DA	BE58
B777	N21DC	SR22
B778	N21DD	M20P
B779	N21DE	BE20
B77A	N21DF	C182
B77D	N21DJ	PTS1
B77E	N21DK	CASS
B782	N21DP	PA23
B783	N21DQ	E50P
B785	N21DS	P28A
B788	N21DV	PTS1
B78A	N21DX	WW24
B78C	N21DZ	BE20
B78F	N21EB	C77R
B790	N21EC	ST75
B791	N21ED	P28A
B792	N21EE	GLAS
B793	N21EF	SR20
B795	N21EH	GLF5
B796	N21EJ	CL60
B798	5N-BXM	H25B
B79B	N21EP	P46T
B79C	N21EQ	SR22
B79F	N21ET	BE36
B7A0	N21EU	S22T
B7A1	N21EV	MG21
B7A2	N21EW	C182
B7A3	N21EX	E300
B7A6	N21F	M20P
B7A7	N21FA	GC1
B7A9	N21FC	C310
B7AA	N21FD	BE23
B7AB	N21FE	CL30
B7AC	N21FF	C182
B7AD	N21FG	BE20
B7AE	N21FH	BE60
B7B1	N21FL	GLID
B7B2	N21FM	PRM1
B7B6	N21FR	CL35
B7B7	N21FS	BE18
B7B8	N21FT	BL8
B7BB	N21FW	BE99
B7BC	N21FX	HA4T
B7BD	N21FY	AS50
B7BF	N21G	L18
B7C1	N21GB	C310
B7C4	N21GE	SREY
B7C5	N21GF	C421
B7C8	N21GJ	RV6
B7CA	N21GL	G2T1
B7CD	N21GP	SW4
B7D0	N21GS	T210
B7D1	N21GT	SR22
B7D3	N21GV	C25B
B7D4	N21GW	AA5
B7D5	N21GX	GX
B7D6	N21GY	SPHA
B7D8	N21H	C680
B7D9	N21HA	C310
B7DA	N21HB	C560
B7DB	N21HC	PA18
B7DE	N21HF	T210
B7DF	N21HG	PA31
B7E0	N21HH	GLIM
B7E1	N21HJ	HDJT
B7E3	N21HL	PA31
B7E5	N21HN	GLIM
B7E6	N21HP	MU2
B7E8	N21HR	WW24
B7EA	N21HT	PA38
B7EB	N21HU	HUSK
B7EC	N21HV	VELO
B7ED	N21HW	TS11
B7EF	N21HY	HUSK
B7F0	N21HZ	BE33
B7F1	N21J	F2TH
B7F5	N21JD	T6
B7F9	N21JH	PTS1
B7FA	N21JJ	BOLT
B7FB	N21JK	PTS1
B7FF	N21JP	BE55
B801	N21JR	R66
B805	N21JV	PTS1
B806	N21JW	ERCO
B809	N21JZ	S22T
B80A	N21K	LGEZ
B80C	N21KB	C310
B80D	N21KC	KR1
B80E	N21KD	C414
B80F	N21KE	L29
B810	N21KF	BE95
B811	N21KG	BE9T
B814	N21KK	BE36
B816	N21KM	BE23
B817	N21KN	J3
B81A	N21KR	P210
B81D	N21KU	M20P
B81F	N21KW	KR2
B823	N21L	DSA1
B824	N21LA	R44
B825	N21LB	VEZE
B827	N21LD	C182
B82A	N21LG	C560
B82C	N21LJ	E50P
B82D	N21LK	P28R
B82F	N21LM	C560
B831	N21LP	BE58
B833	N21LR	LGEZ
B834	N21LS	C172
B835	N21LT	P210
B838	N21LW	C182
B83E	N21MB	C150
B841	N21ME	C68A
B842	N21MF	BE58
B843	N21MG	COL3
B844	N21MH	RV4
B845	N21MJ	VNOM
B848	N21MM	CASS
B84A	N21MP	B47G
B84C	N21MR	B06
B84D	N21MS	M20P
B84E	N21MT	C320
B850	N21MV	BOLT
B851	N21MW	B06
B855	N21N	PA18
B856	N21NA	M20P
B857	N21NB	LJ45
B858	N21NC	PA23
B85A	N21NE	C25C
B85B	N21NF	HUSK
B85F	N21NK	PA22
B860	N21NL	BE23
B861	N21NM	BE9L
B863	N21NP	B58T
B866	N21NS	SA30
B86B	N21NX	PC12
B86E	N21P	PA22
B86F	N21PA	PA30
B871	N21PC	SRAI
B873	N21PE	RV4
B874	N21PF	MG21
B876	N21PH	GLID
B877	N21PJ	BE40
B878	N21PK	S22T
B879	N21PL	C82R
B87A	N21PM	P28R
B87B	N21PN	BE18
B87E	N21PR	QUIC
B87F	N21PS	RV6
B882	N21PV	C182
B884	N21PX	PISI
B886	N21PZ	BL8
B898	N21QS	PA34
B899	N21QT	AGSH
B8A0	N21R	WACO
B8A1	N21RA	C25A
B8A2	N21RB	GP3
B8A3	N21RC	BE35
B8A4	N21RD	FOX
B8A5	N21RE	LA4
B8A6	N21RF	BE30
B8A7	N21RG	C207
B8A8	N21RH	C182
B8AA	N21RK	PTS1
B8AB	N21RL	GLID
B8AE	N21RP	C172
B8B1	N21RS	BE95
B8B2	N21RT	B06
B8B4	N21RV	RV4
B8B5	N21RW	BE95
B8B8	N21RZ	B190
B8B9	N21S	RV6
B8BA	N21SA	RV7
B8BB	N21SB	E50P
B8BE	N21SE	GLIM
B8BF	N21SF	WW24
B8C0	N21SG	C421
B8C1	N21SH	BE35
B8C2	N21SJ	C82R
B8C4	N21SL	C550
B8C5	N21SM	SF50
B8CA	N21SS	C421
B8CC	N21SU	SR20
B8CE	N21SW	PTS1
B8D0	N21SY	QIC2
B8D1	N21SZ	C72R
B8D2	N21T	AEST
B8D3	N21TA	P28B
B8D4	N21TB	C182
B8D7	N21TE	SR22
B8D8	N21TF	SX30
B8D9	N21TG	C182
B8DC	N21TK	C25A
B8DF	N21TN	C180
B8E0	N21TP	R44
B8E3	N21TS	FOX
B8E5	N21TU	GLID
B8E6	N21TV	C560
B8E7	N21TW	GLID
B8E8	N21TX	RV8
B8EC	N21UA	C550
B8F5	N21UK	SR22
B8F7	N21UM	AS50
B8FC	N21US	RS21
B8FD	N21UT	MG21
B905	N21VA	VELO
B906	N21VB	TBM7
B907	N21VC	C25A
B90B	N21VG	MOR2
B90D	N21VJ	SF50
B90F	N21VL	CH60
B910	N21VM	BE95
B911	N21VN	LJ35
B914	N21VR	BE36
B915	N21VS	T6
B916	N21VT	AEST
B917	N21VU	C25B
B919	N21VW	M5
B91A	N21VX	LGEZ
B920	N21WC	ACRO
B921	N21WD	AEST
B922	N21WE	SR22
B923	N21WF	WACF
B925	N21WH	KR2
B927	N21WK	HROC
B928	N21WL	PC12
B92B	N21WP	BE36
B92E	N21WS	BE35
B92F	N21WT	C421
B930	N21WU	C421
B931	N21WV	VELO
B934	N21WY	HUSK
B935	N21WZ	RV4
B939	N21XC	COL3
B93C	N21XF	P212
B93D	N21XG	G2T1
B93F	N21XJ	SR20
B944	N21XP	PRM1
B946	N21XR	CASS
B948	N21XT	E300
B94C	N21XX	GLID
B94F	N21Y	C180
B951	N21YB	RS12
B952	N21YC	PA34
B95B	N21YM	BE58
B95F	N21YR	EA50
B965	N21YX	WAIX
B966	N21YY	SR22
B968	N21Z	COUG
B969	N21ZA	FDCT
B96D	N21ZE	SR20
B974	N21ZM	RV14
B980	N21ZZ	NAVI
B983	N210AA	T210
B986	N210AD	C210
B98C	N210AK	C210
B98D	N210AL	S22T
B98E	N210AM	GLF4
B98F	N210AN	C172
B990	N210AP	C210
B991	N210AQ	C210
B992	N210AR	T210
B994	N210AT	C210
B997	N210AW	C210
B998	N210AX	T210
B99A	N210AZ	T210
B99B	N210B	B47G
B99C	N210BA	P210
B99D	N210BB	C182
B9A0	N210BE	P210
B9A2	N210BG	P210
B9A3	N210BH	T210
B9A4	N210BJ	C210
B9A6	N210BL	M5
B9A8	N210BN	C210
B9A9	N210BP	T210
B9AC	N210BS	C210
B9AD	N210BT	P210
B9AF	N210BV	C210
B9B0	N210BW	C210
B9B1	N210BX	C210
B9B3	N210BZ	C210
B9B4	N210C	P210
B9B7	N210CC	T210
B9B9	N210CE	P210
B9BA	N210CF	T210
B9BC	N210CH	C210
B9BE	N210CK	LEG2
B9BF	N210CL	TBM7
B9C0	N210CM	C560
B9C2	N210CP	P210
B9C5	N210CS	C210
B9C7	N210CU	C210
B9C9	N210CW	C210
B9CA	N210CX	T210
B9CD	N210D	P51
B9CE	N210DA	BE58
B9D0	N210DC	C210
B9D1	N210DD	C210
B9D2	N210DE	T210
B9D3	N210DF	T210
B9D4	N210DG	C210
B9D8	N210DL	P210
B9D9	N210DM	T210
B9DA	N210DN	C210
B9DD	N210DR	T210
B9DE	N210DS	T210
B9E2	N210DW	C210
B9E6	N210E	C210
B9E7	N210EA	C210
B9E8	N210EB	T210
B9E9	N210EC	BE9L
B9EC	N210EF	P210
B9ED	N210EG	C210
B9F8	N210ET	C210
B9F9	N210EU	T210
B9FC	N210EX	B350
B9FE	N210EZ	P28A
BA00	N210FA	C210
BA01	N210FB	C210
BA02	N210FC	C421
BA05	N210FF	E50P
BA06	N210FG	C210
BA09	N210FK	P210
BA0A	N210FL	PA44
BA0B	N210FM	P210
BA0C	N210FN	GX
BA13	N210FV	P210
BA18	N210G	GLAS
BA19	N210GA	C210
BA1D	N210GE	P210
BA1E	N210GF	C210
BA23	N210GL	B190
BA24	N210GM	C210
BA25	N210GN	C210
BA26	N210GP	RV6
BA29	N210GS	C210
BA2A	N210GT	C210
BA2B	N210GU	P210
BA2E	N210GX	GX
BA31	N210H	T210
BA35	N210HD	AC50
BA37	N210HF	C172
BA38	N210HG	P210
BA3B	N210HK	C172
BA3C	N210HL	T210
BA3F	N210HP	T210
BA4A	N210J	C210
BA4B	N210JA	AA5
BA4D	N210JC	T210
BA4E	N210JD	T210
BA4F	N210JE	SR22
BA52	N210JH	T210
BA53	N210JJ	C210
BA54	N210JK	T210
BA56	N210JM	T210
BA57	N210JN	C210
BA58	N210JP	P210
BA59	N210JQ	E75L
BA5A	N210JR	C210
BA5C	N210JT	P210
BA5E	N210JV	C210
BA5F	N210JW	T210
BA62	N210JZ	C210
BA63	N210K	C210
BA64	N210KA	T210
BA65	N210KB	P28B
BA66	N210KC	C210
BA67	N210KD	T210
BA68	N210KE	C210
BA6B	N210KH	RV10
BA6D	N210KK	P210
BA6E	N210KL	P210
BA6F	N210KM	C208
BA75	N210KT	T210
BA76	N210KU	T210
BA7D	N210LA	P210
BA7F	N210LC	T210
BA80	N210LD	C210
BA82	N210LF	P210
BA85	N210LJ	T210
BA8D	N210LS	GLIM
BA8E	N210LT	T210
BA92	N210LX	C210
BA96	N210MA	UH1
BA97	N210MB	C25A
BA98	N210MC	C210
BA99	N210MD	T210
BA9A	N210ME	T210
BA9B	N210MF	P210
BA9D	N210MH	B06
BAA1	N210MM	C210
BAA3	N210MP	T210
BAA5	N210MR	T210
BAA6	N210MS	T210
BAA7	N210MT	T210
BAAA	N210MW	C210
BAAC	N210MY	C210
BAAE	N210N	C210
BAB5	N210NG	LGEZ
BAB6	N210NH	C210
BAB9	N210NL	P210
BABA	N210NM	C210
BABB	N210NN	E75L
BABC	N210NP	T210
BAC2	N210NV	A320
BAC7	N210P	T210
BAC8	N210PA	T210
BACA	N210PC	T210
BACC	N210PE	C210
BAD0	N210PJ	T210
BAD1	N210PK	T210
BAD2	N210PL	T210
BAD3	N210PM	C510
BAD5	N210PP	P210
BAD9	N210PT	PC12
BADC	N210PW	T210
BADF	N210PZ	C210
BAE0	N210Q	BE18
BAF9	N210R	BE35
BAFB	N210RB	T210
BAFD	N210RD	P210
BAFE	N210RE	P210
BB01	N210RH	M20P
BB07	N210RP	P210
BB09	N210RR	C210
BB0B	N210RT	T210
BB0D	N210RV	RV10
BB0F	N210RX	C210
BB11	N210RZ	C210
BB12	N210S	C210
BB13	N210SA	G3
BB14	N210SB	C170
BB15	N210SC	C210
BB16	N210SD	T210
BB17	N210SE	P210
BB18	N210SF	G280
BB1B	N210SJ	LAMA
BB1C	N210SK	BE95
BB1D	N210SL	P210
BB1E	N210SM	P210
BB1F	N210SN	P210
BB20	N210SP	P28R
BB21	N210SQ	RENE
BB24	N210ST	GLAS
BB25	N210SU	C172
BB26	N210SV	C172
BB27	N210SW	C210
BB28	N210SX	GC1
BB29	N210SY	C210
BB2B	N210T	T210
BB2D	N210TB	C210
BB2F	N210TD	TWEN
BB30	N210TE	T210
BB31	N210TF	C210
BB32	N210TG	T210
BB34	N210TJ	T210
BB38	N210TN	UH1
BB3C	N210TS	P210
BB3F	N210TV	B06
BB42	N210TY	P210
BB45	N210UA	B772
BB5D	N210V	T210
BB5E	N210VA	K100
BB5F	N210VB	T210
BB66	N210VJ	T210
BB6E	N210VS	CL60
BB6F	N210VT	P210
BB71	N210VV	T210
BB76	N210W	T210
BB79	N210WC	T210
BB7A	N210WD	M20P
BB7B	N210WE	M20P
BB7E	N210WH	GLIM
BB7F	N210WJ	T210
BB80	N210WK	C210
BB81	N210WL	C210
BB82	N210WM	C210
BB83	N210WN	B737
BB84	N210WP	CH75
BB87	N210WS	C210
BB88	N210WT	T210
BB8A	N210WV	C210
BB8E	N210WZ	T210
BB9A	N210XL	C210
BB9D	N210XP	T210
BBA1	N210XT	BL8
BBA5	N210XX	C210
BBA8	N210Y	C210
BBA9	N210YA	YK52
BBB6	N210YP	T210
BBBF	N210YY	C210
BBCD	N210ZM	PIAT
BBCF	N210ZP	C210
BBD7	N210ZX	T210
BBD9	N210ZZ	C185
BBDD	N2100C	C195
BBDE	N2100D	BE76
BBDF	N2100E	BE36
BBE1	N2100G	C182
BBE4	N2100K	L8
BBE5	N2100L	GLEX
BBE7	N2100N	C140
BBEA	N2100R	C182
BBEB	N2100S	C172
BBEC	N2100T	MU2
BBF0	N2100X	P28B
BBF2	N2100Z	C180
BBF3	N21000	C182
BBF4	N21001	C182
BBF5	N21002	C82S
BBF6	N21003	H269
BBF7	N21004	C182
BBF9	N21006	C182
BBFA	N21007	M20P
BBFC	N21009	C182
BC02	N2101E	C172
BC03	N2101F	P32R
BC04	N2101G	C82S
BC07	N2101K	L8
BC0C	N2101Q	S108
BC0F	N2101T	P28R
BC10	N2101U	BRB2
BC11	N2101V	C82S
BC12	N2101W	BE23
BC13	N2101X	C177
BC14	N2101Y	C172
BC15	N2101Z	T206
BC16	N21010	C182
BC17	N21011	BE18
BC19	N21013	C182
BC1A	N21014	C182
BC1B	N21015	C172
BC1D	N21017	C182
BC1E	N21018	P32R
BC1F	N21019	C172
BC20	N2102	SASY
BC22	N2102B	P32R
BC23	N2102C	P28A
BC24	N2102D	BE35
BC25	N2102E	C172
BC26	N2102F	T206
BC27	N2102G	C182
BC28	N2102H	ERCO
BC29	N2102J	A21N
BC2C	N2102M	J3
BC2D	N2102N	C140
BC2E	N2102P	C172
BC30	N2102R	P28A
BC31	N2102S	P32R
BC34	N2102V	PA18
BC37	N2102Y	P28B
BC38	N2102Z	GLIM
BC39	N21020	C182
BC3A	N21021	AERK
BC3B	N21022	C172
BC3D	N21024	C182
BC3F	N21026	AERK
BC40	N21027	P32R
BC41	N21028	C182
BC44	N2103A	PA20
BC45	N2103B	SS2T
BC46	N2103C	C195
BC4C	N2103J	P28B
BC4D	N2103K	CH7A
BC4E	N2103L	BE95
BC4F	N2103M	P28R
BC52	N2103Q	C77R
BC54	N2103S	C210
BC55	N2103T	C72R
BC56	N2103U	C82T
BC57	N2103V	C120
BC58	N2103W	BE23
BC59	N2103X	PA32
BC5B	N2103Z	WAIX
BC5C	N21030	P28A
BC5E	N21032	AERK
BC60	N21034	C182
BC61	N21035	C172
BC62	N21036	C182
BC63	N21037	C182
BC64	N21038	C182
BC65	N21039	AR65
BC66	N2104	JAB4
BC67	N2104A	PA22
BC69	N2104C	C195
BC6B	N2104E	CH7A
BC6C	N2104F	T206
BC6E	N2104H	C172
BC6F	N2104J	PA32
BC72	N2104M	J3
BC73	N2104N	P28A
BC76	N2104R	C182
BC77	N2104S	P32R
BC78	N2104T	P28R
BC79	N2104U	P28A
BC7B	N2104W	BE23
BC7E	N2104Z	P28R
BC80	N21041	AERK
BC82	N21043	C182
BC86	N21047	C182
BC89	N2105	CL60
BC8A	N2105A	PA20
BC8B	N2105B	P32R
BC8C	N2105C	C195
BC8D	N2105D	BE35
BC8F	N2105F	T206
BC92	N2105J	A21N
BC93	N2105K	L8
BC94	N2105L	BE35
BC98	N2105Q	C77R
BC9A	N2105S	C210
BC9B	N2105T	P28R
BC9C	N2105U	P28A
BC9E	N2105W	BE23
BC9F	N2105X	C172
BCA0	N2105Y	C172
BCA1	N2105Z	C180
BCA6	N21054	AERK
BCA7	N21055	C182
BCA8	N21056	C172
BCA9	N21057	C182
BCAA	N21058	DHC2
BCAB	N21059	C182
BCAE	N2106B	L8
BCAF	N2106C	P28A
BCB0	N2106D	BE35
BCB1	N2106E	PA34
BCB7	N2106L	BE36
BCB8	N2106M	J3
BCBB	N2106Q	DHC2
BCC0	N2106V	C120
BCC1	N2106W	BE23
BCC5	N21060	AERK
BCC9	N21064	C182
BCCA	N21065	P28A
BCCC	N21067	C182
BCCD	N21068	AERK
BCCE	N21069	AERK
BCD0	N2107A	PA20
BCD1	N2107B	L8
BCD3	N2107D	P28A
BCD4	N2107E	P28A
BCD5	N2107F	T206
BCD6	N2107G	P28B
BCDA	N2107L	BE36
BCDF	N2107R	C182
BCE2	N2107U	C172
BCE3	N2107V	P28B
BCE4	N2107W	BE23
BCE5	N2107X	ONEX
BCE6	N2107Y	C172
BCE7	N2107Z	GLF4
BCEC	N21074	C182
BCED	N21075	AERK
BCF4	N2108B	L8
BCF5	N2108C	P28A
BCF6	N2108D	BE35
BCF7	N2108E	C172
BCFA	N2108H	P28B
BCFB	N2108J	AS50
BCFD	N2108L	C172
BD00	N2108P	PA23
BD02	N2108R	C182
BD05	N2108U	C172
BD06	N2108V	P28B
BD09	N2108Y	C172
BD0A	N2108Z	C72R
BD0D	N21082	C182
BD0E	N21083	AERK
BD10	N21085	C182
BD12	N21087	C182
BD13	N21088	C182
BD14	N21089	CRER
BD15	N2109	P28A
BD16	N2109A	DHC2
BD17	N2109B	L8
BD1A	N2109E	CH7A
BD1C	N2109G	C182
BD1E	N2109J	T206
BD20	N2109L	C172
BD22	N2109N	P28A
BD23	N2109P	PA23
BD25	N2109R	C182
BD27	N2109T	P28R
BD29	N2109V	RV7
BD2C	N2109Y	C172
BD2D	N2109Z	T34P
BD2F	N21091	AR65
BD31	N21093	C182
BD34	N21096	C182
BD35	N21097	C182
BD37	N21099	C182
BD39	N211A	T6
BD3A	N211AA	BE55
BD3B	N211AB	T211
BD40	N211AG	CLON
BD42	N211AJ	C182
BD46	N211AN	C182
BD49	N211AR	HUCO
BD4A	N211AS	C207
BD4B	N211AT	C188
BD4E	N211AW	SR22
BD51	N211AZ	H269
BD52	N211B	BE95
BD53	N211BA	C172
BD5A	N211BH	GLID
BD5B	N211BJ	S211
BD5D	N211BL	PA11
BD5E	N211BM	GLIM
BD60	N211BP	BU31
BD62	N211BR	SBR1
BD64	N211BT	FOX
BD67	N211BW	RV6
BD6A	N211BZ	BCS3
BD6B	N211C	S108
BD6D	N211CB	RV9
BD6E	N211CC	C680
BD71	N211CF	T210
BD72	N211CG	BE9L
BD75	N211CK	S22T
BD76	N211CL	C56X
BD77	N211CM	SR22
BD7B	N211CR	K100
BD7C	N211CS	B06
BD7D	N211CT	M20P
BD7F	N211CV	BE35
BD80	N211CW	C177
BD84	N211D	BE95
BD86	N211DB	C25B
BD87	N211DC	P28B
BD88	N211DD	C56X
BD8A	N211DF	DFLY
BD8B	N211DG	BT36
BD8C	N211DH	GLF4
BD8D	N211DJ	FOX
BD90	N211DM	R22
BD92	N211DP	R44
BD94	N211DR	GLF5
BD99	N211DW	M20P
BD9A	N211DX	C172
BD9D	N211E	RV6
BD9F	N211EB	BE55
BDA0	N211EC	FA10
BDA2	N211EE	BE35
BDA6	N211EJ	C340
BDAE	N211ES	FOX
BDB2	N211EW	C337
BDB3	N211EX	E300
BDB6	N211F	BE95
BDB7	N211FA	SR20
BDBE	N211FH	PA11
BDBF	N211FJ	T206
BDC3	N211FN	AS50
BDC6	N211FR	A320
BDC8	N211FT	C172
BDCC	N211FX	B429
BDCF	N211G	L8
BDD0	N211GA	MU30
BDD2	N211GC	RV6
BDD7	N211GH	UH1
BDDA	N211GL	B190
BDDF	N211GR	TBM7
BDE0	N211GS	LJ55
BDE1	N211GT	T206
BDF2	N211HK	M20P
BDF3	N211HL	HIGH
BDF6	N211HP	C172
BDF8	N211HR	AR15
BDF9	N211HS	GA7C
BDFD	N211HW	T211
BE00	N211HZ	BE23
BE03	N211JB	CL30
BE05	N211JD	BOLT
BE07	N211JF	GLAS
BE08	N211JG	BT36
BE0A	N211JJ	PA18
BE0B	N211JK	AA5
BE0D	N211JM	G164
BE0F	N211JP	VELO
BE10	N211JQ	E75L
BE11	N211JR	KR2
BE15	N211JV	DSA1
BE1A	N211K	FINC
BE1C	N211KB	M20P
BE1D	N211KC	C182
BE22	N211KH	RV8
BE26	N211KM	DO27
BE2B	N211KS	RV6
BE33	N211L	T210
BE36	N211LC	T210
BE38	N211LE	LGEZ
BE39	N211LF	KR2
BE3A	N211LG	BE20
BE3B	N211LH	SR22
BE3D	N211LK	M20P
BE3F	N211LM	CL60
BE41	N211LP	EC30
BE47	N211LV	RV9
BE48	N211LW	LNC2
BE4C	N211M	K100
BE4D	N211MA	PA46
BE4F	N211MC	U16
BE51	N211ME	M20P
BE52	N211MF	S211
BE53	N211MG	GLIM
BE55	N211MJ	M20P
BE56	N211MK	RV6
BE57	N211ML	C25B
BE58	N211MM	M20P
BE59	N211MN	RV6
BE5C	N211MR	C82S
BE5D	N211MS	GLIM
BE5E	N211MT	C550
BE60	N211MV	BE36
BE61	N211MW	BE55
BE63	N211MY	T211
BE64	N211MZ	SR20
BE65	N211N	M20P
BE6E	N211NJ	P28A
BE71	N211NM	T211
BE72	N211NN	E75L
BE73	N211NP	GP3
BE79	N211NV	A320
BE7F	N211PA	T206
BE81	N211PC	BE9L
BE82	N211PD	M20P
BE87	N211PJ	HDJT
BE8C	N211PP	O1
BE90	N211PT	C172
BE95	N211PY	T211
BE96	N211PZ	MI2
BE98	N211QA	BE35
BEA8	N211QS	CL60
BEB1	N211RA	GLST
BEB2	N211RB	TS11
BEB3	N211RC	SF50
BEB4	N211RD	RV7
BEB6	N211RF	T6
BEB8	N211RH	SW4
BEB9	N211RJ	T211
BEBC	N211RM	GLIM
BEBE	N211RP	T211
BEC4	N211RV	S22T
BEC9	N211S	T206
BECB	N211SB	RV6
BECC	N211SC	M20P
BECE	N211SE	SR22
BECF	N211SF	CRUZ
BED2	N211SJ	SR20
BED3	N211SK	PA34
BED4	N211SL	R66
BED5	N211SM	R22
BED7	N211SP	PA24
BED8	N211SQ	C182
BED9	N211SR	GLF5
BEDE	N211SW	C185
BEE0	N211SY	E75L
BEE2	N211T	C150
BEE3	N211TA	G150
BEE4	N211TB	R44
BEE5	N211TC	C185
BEE6	N211TD	C172
BEEA	N211TH	T211
BEEB	N211TJ	T211
BEEC	N211TK	C182
BEEE	N211TM	SR22
BEEF	N211TN	PA23
BEF3	N211TS	M20P
BEF4	N211TT	AVID
BEF6	N211TV	R44
BEFC	N211UA	B772
BF0C	N211US	T211
BF0D	N211UT	S211
BF14	N211V	BE33
BF20	N211VM	P28R
BF22	N211VP	BE10
BF2D	N211W	AEST
BF2F	N211WB	CH7B
BF30	N211WC	CH75
BF33	N211WF	RV4
BF34	N211WG	F900
BF37	N211WK	SA50
BF39	N211WM	EXEC
BF3A	N211WN	B737
BF3B	N211WP	DA40
BF3F	N211WT	C77R
BF44	N211WY	HUSK
BF46	N211X	ACR2
BF4E	N211XH	T211
BF58	N211XT	T211
BF5E	N211XZ	RV8
BF5F	N211Y	BE95
BF60	N211YA	YK52
BF6D	N211YP	GLAS
BF78	N211Z	S108
BF84	N211ZM	PIAT
BF85	N211ZN	M20P
BF91	N2110	BE35
BF92	N2110A	BE58
BF93	N2110B	SA3
BF98	N2110G	C182
BF9D	N2110M	J3
BFA2	N2110S	C210
BFA3	N2110T	P28R
BFA5	N2110V	C120
BFA6	N2110W	P28R
BFA8	N2110Y	P28B
BFA9	N2110Z	C180
BFAC	N21102	B789
BFAD	N21103	C172
BFAE	N21104	S10
BFAF	N21105	S10
BFB1	N21107	C182
BFB2	N21108	B752
BFB5	N2111A	P32R
BFB7	N2111C	P28B
BFB8	N2111D	BE35
BFBA	N2111F	PA44
BFBB	N2111G	P28A
BFC0	N2111M	P32R
BFC1	N2111N	C140
BFC3	N2111Q	BE36
BFC5	N2111S	P28R
BFC6	N2111T	SS2T
BFC8	N2111V	C120
BFCB	N2111Y	C172
BFCC	N2111Z	P28A
BFCD	N21110	C182
BFCF	N21112	GLF4
BFD1	N21114	C182
BFD2	N21115	C182
BFD4	N21117	RELI
BFD6	N21119	C182
BFD7	N2112	C25C
BFDA	N2112C	C195
BFDD	N2112F	PA44
BFE0	N2112J	FOX
BFE1	N2112K	P28A
BFE3	N2112M	J3
BFE4	N2112N	P28A
BFE5	N2112P	PA23
BFE6	N2112Q	C77R
BFE7	N2112R	C182
BFE9	N2112T	P28R
BFEB	N2112V	BE30
BFED	N2112X	PISI
BFEE	N2112Y	C172
BFEF	N2112Z	P28A
BFF3	N21123	P28A
BFF4	N21124	C172
BFF6	N21126	C172
BFF7	N21127	C182
BFF8	N21128	C182
BFF9	N21129	E45X
BFFA	N2113	WACO
BFFB	N2113A	PA18
BFFD	N2113C	C195
C000	N2113F	T206
C003	N2113J	C172
C005	N2113L	BE35
C006	N2113M	P28R
C007	N2113N	C140
C009	N2113Q	SR22
C00C	N2113T	P28R
C013	N21130	E45X
C014	N21131	P28A
C015	N21132	C182
C016	N21133	H269
C018	N21135	S10
C01A	N21137	C182
C01D	N2114	PA34
C020	N2114C	RV4
C021	N2114D	P28B
C023	N2114F	P28A
C024	N2114G	C208
C025	N2114H	ERCO
C026	N2114J	P28A
C027	N2114K	P28A
C028	N2114L	P38
C029	N2114M	P28R
C02C	N2114Q	C172
C02D	N2114R	C82S
C02E	N2114S	C82R
C02F	N2114T	P28R
C030	N2114U	C172
C032	N2114W	BE23
C033	N2114X	C172
C034	N2114Y	P28B
C035	N2114Z	IR23
C036	N21140	C182
C03A	N21144	E45X
C03B	N21145	C182
C03C	N21146	C182
C03D	N21147	C82S
C03E	N21148	C182
C040	N2115	GC1
C041	N2115A	PA18
C042	N2115B	P32R
C044	N2115D	C170
C045	N2115E	CH7A
C047	N2115G	C182
C049	N2115J	P28A
C04A	N2115K	C82T
C04C	N2115M	C177
C04D	N2115N	C140
C04F	N2115Q	C310
C054	N2115V	C120
C057	N2115Y	C172
C059	N21150	C182
C05D	N21154	E45X
C060	N21157	C172
C061	N21158	C182
C062	N21159	C172
C066	N2116C	C195
C069	N2116F	P28A
C06C	N2116J	P28A
C06E	N2116L	BE35
C073	N2116R	C182
C075	N2116T	P28R
C076	N2116U	P28A
C077	N2116V	C120
C07B	N2116Z	P28B
C07C	N21160	PA34
C07D	N21161	PA44
C07E	N21162	C182
C07F	N21163	C182
C080	N21164	S10
C081	N21165	S10
C082	N21166	B06
C083	N21167	P28A
C085	N21169	S10
C08A	N2117D	BE35
C08B	N2117E	P28A
C08C	N2117F	T206
C08E	N2117H	P32R
C090	N2117K	L8
C091	N2117L	BE35
C092	N2117M	J3
C095	N2117Q	C77R
C096	N2117R	C182
C098	N2117T	P28R
C099	N2117U	P28R
C09D	N2117Y	C172
C09E	N2117Z	C180
C0A0	N21171	C182
C0A1	N21172	C182
C0A3	N21174	C182
C0A4	N21175	P28A
C0A5	N21176	C182
C0A7	N21178	C182
C0A8	N21179	C182
C0A9	N2118	LA4
C0AA	N2118A	T206
C0AB	N2118B	L8
C0AC	N2118C	C195
C0AF	N2118F	ERCO
C0B0	N2118G	C182
C0B1	N2118H	PA34
C0B2	N2118J	C82S
C0B3	N2118K	L8
C0B4	N2118L	C72R
C0B5	N2118M	J3
C0B6	N2118N	P28R
C0B9	N2118R	C182
C0BA	N2118S	T210
C0BB	N2118T	P28R
C0BD	N2118V	C120
C0BE	N2118W	BE23
C0C0	N2118Y	C172
C0C2	N21180	C172
C0C3	N21181	C182
C0C4	N21182	S10
C0C5	N21183	PA32
C0C6	N21184	C182
C0C8	N21186	S10
C0CA	N21188	PA38
C0CB	N21189	C182
C0CE	N2119B	L8
C0CF	N2119C	PA34
C0D1	N2119E	C72R
C0D3	N2119G	C182
C0D5	N2119J	PA46
C0D7	N2119L	BE58
C0D8	N2119M	J3
C0DB	N2119Q	C172
C0DC	N2119R	C182
C0DE	N2119T	P28R
C0E0	N2119V	BN2P
C0E4	N2119Z	H269
C0E5	N21190	DHC2
C0E6	N21191	C182
C0E7	N21192	C182
C0E8	N21193	C182
C0EA	N21195	S10
C0EB	N21196	C182
C0EC	N21197	E45X
C0ED	N21198	C82T
C0EE	N21199	C172
C0F1	N212AA	TAIL
C0F5	N212AE	R66
C0F6	N212AF	C150
C0F8	N212AH	B212
C0F9	N212AJ	RV3
C0FA	N212AK	EN28
C0FB	N212AL	PC12
C0FD	N212AN	C172
C0FE	N212AP	GLEX
C100	N212AR	CL60
C101	N212AS	BE58
C108	N212AZ	AT43
C109	N212B	EFOX
C10C	N212BC	C182
C10F	N212BF	GA5C
C110	N212BG	C72R
C111	N212BH	B407
C112	N212BJ	RV6
C113	N212BK	SR22
C115	N212BM	P28R
C11A	N212BS	C172
C11B	N212BT	B212
C11E	N212BW	TBM7
C122	N212C	DA40
C123	N212CA	PA18
C125	N212CC	C182
C126	N212CD	SR20
C127	N212CE	C56X
C128	N212CF	C72R
C12A	N212CH	BE58
C12C	N212CK	PA44
C12E	N212CM	SR22
C130	N212CP	C208
C132	N212CR	CL60
C136	N212CV	EXEC
C13B	N212D	M20T
C13C	N212DA	T206
C13D	N212DB	NG5
C13F	N212DD	GLF6
C140	N212DE	B36T
C141	N212DF	B212
C144	N212DJ	RV8
C147	N212DM	S22T
C149	N212DP	T28
C14D	N212DT	AT8T
C14F	N212DV	RV12
C154	N212E	T50
C157	N212EC	GLID
C159	N212EE	SIRA
C162	N212EP	SREY
C16A	N212EX	RV12
C16D	N212F	P28A
C16E	N212FA	SR20
C16F	N212FB	AT8T
C174	N212FG	RV10
C175	N212FH	B212
C176	N212FJ	FA10
C178	N212FL	B06
C183	N212FX	B429
C186	N212G	BE50
C187	N212GA	BE20
C188	N212GB	C210
C190	N212GK	RV12
C192	N212GM	BE95
C194	N212GP	PA24
C198	N212GT	RV6
C19C	N212GX	GX
C1A0	N212HA	A21N
C1A2	N212HC	BE20
C1A5	N212HF	C56X
C1A9	N212HK	EC30
C1AA	N212HL	B212
C1AD	N212HP	B212
C1AF	N212HR	C303
C1B1	N212HT	R44
C1B9	N212JA	LJ60
C1BA	N212JB	R44
C1BC	N212JD	BOLT
C1BF	N212JG	Z42
C1C0	N212JH	M20P
C1C7	N212JQ	E75L
C1C8	N212JR	GLID
C1C9	N212JS	RV7
C1CA	N212JT	C180
C1CD	N212JW	BL17
C1D1	N212K	AS50
C1D2	N212KA	B212
C1D3	N212KB	RV8
C1D6	N212KE	CH70
C1DB	N212KK	P180
C1DD	N212KM	PA46
C1DF	N212KP	PTMS
C1E2	N212KS	PA31
C1E3	N212KT	T206
C1E8	N212KY	O1
C1EA	N212L	NAVI
C1EC	N212LB	RV6
C1ED	N212LC	SR20
C1F0	N212LF	GLEX
C1F1	N212LG	LEG2
C1F2	N212LH	FOX
C1F4	N212LK	GLID
C1F5	N212LL	S22T
C1FB	N212LS	R44
C1FE	N212LV	SR20
C1FF	N212LW	BE20
C203	N212M	C501
C204	N212MA	PC12
C205	N212MB	C152
C206	N212MC	VEZE
C207	N212MD	RV7
C209	N212MF	PC12
C20B	N212MH	BE36
C20C	N212MJ	PULS
C20E	N212ML	PA34
C20F	N212MM	SR22
C211	N212MP	TBM9
C213	N212MR	C550
C214	N212MS	H269
C215	N212MT	M20P
C218	N212MW	M20P
C21B	N212MZ	M20P
C21E	N212NB	B212
C228	N212NM	GLIM
C229	N212NN	E75L
C233	N212NY	GLEX
C237	N212PB	PC12
C238	N212PC	ST75
C239	N212PD	R44
C23B	N212PF	SR20
C23F	N212PK	PC12
C241	N212PM	C337
C245	N212PR	FOX
C247	N212PT	PA38
C24B	N212PX	GLST
C24D	N212PZ	MI2
C25F	N212QS	CL60
C268	N212RA	PA31
C26B	N212RD	RV7
C26C	N212RE	RV7
C26F	N212RH	C25A
C270	N212RJ	BE35
C273	N212RM	RV14
C277	N212RR	S22T
C27B	N212RV	C421
C280	N212S	RV7
C282	N212SB	P210
C283	N212SC	M20P
C286	N212SF	F8L
C289	N212SJ	GLEX
C28C	N212SM	BE95
C28E	N212SP	B06
C290	N212SR	SR22
C292	N212ST	BE24
C295	N212SW	C182
C299	N212T	ASTR
C29A	N212TA	M20P
C29B	N212TB	T2
C29C	N212TC	T6
C29D	N212TD	BE36
C29F	N212TF	RV12
C2A1	N212TH	B212
C2A2	N212TJ	COL4
C2A5	N212TM	C177
C2A7	N212TP	B212
C2AA	N212TS	T210
C2AB	N212TT	GC1
C2AE	N212TW	BE58
C2B3	N212UA	B772
C2C3	N212US	P212
C2C4	N212UT	S211
C2CB	N212V	BE35
C2CD	N212VB	GLIM
C2CE	N212VC	B212
C2DD	N212VT	H500
C2E3	N212VZ	GLF4
C2E4	N212W	UH12
C2E7	N212WC	RV12
C2E8	N212WD	M20P
C2EC	N212WH	P46T
C2EE	N212WK	P210
C2EF	N212WL	C182
C2F1	N212WN	B737
C2F2	N212WP	SF50
C2F6	N212WT	R44
C2FD	N212X	EFOX
C30A	N212XN	CDUS
C30B	N212XP	LEG2
C30E	N212XS	XNOS
C313	N212XX	H25B
C316	N212Y	S76
C32C	N212YX	WAIX
C32E	N212YZ	GLST
C32F	N212Z	T206
C33B	N212ZM	PIAT
C348	N2120	GLF5
C34A	N2120B	P32R
C34B	N2120C	C195
C34C	N2120D	BE35
C34D	N2120E	CH7A
C34E	N2120F	T206
C34F	N2120G	C182
C350	N2120H	ERCO
C351	N2120J	P28A
C352	N2120K	L8
C353	N2120L	BE95
C354	N2120M	SR20
C355	N2120N	C140
C358	N2120R	C182
C35C	N2120V	RV7
C35E	N2120X	M20P
C35F	N2120Y	C172
C360	N2120Z	C180
C361	N21200	C82T
C362	N21201	C182
C363	N21202	C182
C366	N21205	C182
C367	N21206	C182
C368	N21207	C182
C36B	N2121	GLF4
C36C	N2121A	PA22
C36E	N2121C	SF50
C36F	N2121D	BE35
C370	N2121E	CH7A
C371	N2121F	C172
C372	N2121G	C182
C373	N2121H	ERCO
C374	N2121J	GLEX
C375	N2121K	M20P
C376	N2121L	C182
C378	N2121N	C140
C379	N2121P	LJ45
C37A	N2121Q	C77R
C37B	N2121R	C182
C37C	N2121S	M20P
C37D	N2121T	AA5
C37E	N2121U	LGEZ
C37F	N2121V	P28B
C380	N2121W	BE23
C381	N2121X	C82T
C382	N2121Y	C172
C383	N2121Z	C180
C386	N21212	C172
C38B	N21217	SSTL
C38C	N21218	C185
C38D	N21219	C182
C38F	N2122A	PA22
C391	N2122C	C195
C392	N2122D	RV10
C393	N2122E	CH7A
C395	N2122G	P32R
C396	N2122H	ERCO
C397	N2122J	P28A
C399	N2122L	P28A
C39A	N2122M	C172
C39B	N2122N	P28R
C39C	N2122P	CRUZ
C39D	N2122Q	M20P
C39E	N2122R	P28A
C39F	N2122S	T210
C3A0	N2122T	B06
C3A1	N2122U	C188
C3A2	N2122V	C120
C3A6	N2122Z	C82S
C3A8	N21221	B212
C3A9	N21222	TAYB
C3AA	N21223	TAYB
C3AB	N21224	C182
C3AC	N21225	B212
C3AD	N21226	TAYB
C3AE	N21227	C182
C3AF	N21228	PA44
C3B0	N21229	TAYB
C3B2	N2123A	P28A
C3B3	N2123B	L8
C3B4	N2123C	C195
C3B5	N2123D	BE35
C3B6	N2123E	C82T
C3B8	N2123G	C182
C3BA	N2123J	P28A
C3BB	N2123K	P28A
C3BC	N2123L	BE36
C3BD	N2123M	P28R
C3BE	N2123N	C180
C3C0	N2123Q	C77R
C3C1	N2123R	C182
C3C3	N2123T	P28R
C3C5	N2123V	C120
C3C6	N2123W	BE23
C3C7	N2123X	DHC2
C3C8	N2123Y	C82T
C3C9	N2123Z	C180
C3CA	N21230	C182
C3CC	N21232	TAYB
C3CE	N21234	C340
C3CF	N21235	TAYB
C3D0	N21236	C182
C3D1	N21237	C172
C3D2	N21238	C182
C3D3	N21239	TAYB
C3D6	N2124B	L8
C3D7	N2124C	C195
C3DA	N2124F	P28A
C3DB	N2124G	C182
C3DD	N2124J	P28A
C3DF	N2124L	BE35
C3E0	N2124M	J3
C3E1	N2124N	PA18
C3E3	N2124Q	C77R
C3E4	N2124R	C182
C3E9	N2124W	BE23
C3EA	N2124X	YK11
C3ED	N21240	B212
C3F3	N21246	C172
C3F4	N21247	C182
C3F6	N21249	C172
C3F8	N2125A	C82T
C3F9	N2125B	L8
C3FA	N2125C	C195
C3FC	N2125E	CH7A
C401	N2125K	M20P
C403	N2125M	C72R
C406	N2125Q	C77R
C407	N2125R	C182
C409	N2125T	P28R
C40B	N2125V	P32R
C40C	N2125W	BE23
C40D	N2125X	C337
C40E	N2125Y	C172
C40F	N2125Z	C180
C410	N21250	TAYB
C411	N21251	C182
C413	N21253	TAYB
C414	N21254	C182
C415	N21255	TAYB
C417	N21257	C182
C41C	N2126B	L8
C41E	N2126D	BE35
C41F	N2126E	CH7A
C420	N2126F	C172
C421	N2126G	C182
C425	N2126L	BE35
C426	N2126M	J3
C427	N2126N	C140
C429	N2126Q	C77R
C42B	N2126S	M20P
C42C	N2126T	SS2T
C42D	N2126U	M20P
C42E	N2126V	C120
C42F	N2126W	BE23
C430	N2126X	PA44
C431	N2126Y	PA44
C433	N21260	C182
C434	N21261	TAYB
C435	N21262	CH7B
C436	N21263	C172
C43B	N21268	C182
C43E	N2127A	P32R
C440	N2127C	CH7B
C441	N2127D	PA44
C443	N2127F	T206
C444	N2127G	P32R
C447	N2127K	P28R
C44B	N2127P	P28A
C44D	N2127R	P28A
C44E	N2127S	AS50
C44F	N2127T	P28R
C450	N2127U	BE19
C452	N2127W	WAIX
C457	N21271	C182
C458	N21272	C172
C45A	N21274	C182
C45C	N21276	C172
C45F	N21279	R44
C460	N2128	SA7
C461	N2128A	PA22
C464	N2128D	BE35
C465	N2128E	C172
C466	N2128F	BE9L
C467	N2128G	C182
C468	N2128H	ERCO
C46A	N2128K	L8
C46D	N2128N	C140
C470	N2128R	C182
C473	N2128U	BRB2
C474	N2128V	C120
C475	N2128W	BE23
C476	N2128X	PA44
C477	N2128Y	C82S
C47A	N21281	C182
C47B	N21282	TAYB
C480	N21287	TAYB
C481	N21288	P28A
C482	N21289	C172
C483	N2129	GLF4
C484	N2129A	P32R
C486	N2129C	C172
C487	N2129D	C182
C489	N2129F	T206
C48A	N2129G	P32R
C48B	N2129H	ERCO
C48C	N2129J	C172
C492	N2129Q	C77R
C495	N2129T	P28R
C496	N2129U	BRB2
C498	N2129W	BE23
C49A	N2129Y	C172
C49B	N2129Z	P28B
C49C	N21290	C182
C49D	N21291	C182
C49F	N21293	TAYB
C4A1	N21295	C172
C4A2	N21296	TAYB
C4A3	N21297	C182
C4A5	N21299	C337
C4A6	N213	K100
C4A8	N213AA	C172
C4AA	N213AC	PA31
C4AB	N213AD	RV6
C4AD	N213AF	C150
C4B2	N213AL	PC12
C4B3	N213AM	CH7B
C4B4	N213AN	C172
C4B7	N213AR	S22T
C4BC	N213AW	R44
C4BF	N213AZ	RV9
C4C0	N213B	EFOX
C4C2	N213BB	ST75
C4C3	N213BC	PRM1
C4C4	N213BD	VALI
C4C7	N213BG	C182
C4C8	N213BH	AT3T
C4CA	N213BK	BE40
C4CE	N213BP	P28A
C4D9	N213C	P32T
C4DA	N213CA	SR22
C4DB	N213CB	PA44
C4DC	N213CC	C550
C4DD	N213CD	SR20
C4E0	N213CG	S22T
C4E1	N213CH	BE58
C4E3	N213CK	RV8
C4E5	N213CM	C82S
C4E6	N213CN	BE95
C4E7	N213CP	SR22
C4E9	N213CR	BL8
C4EA	N213CS	M20P
C4F2	N213D	BE50
C4F4	N213DB	BE20
C4F7	N213DE	BE18
C502	N213DR	BE36
C503	N213DS	DA40
C50B	N213E	BE95
C50F	N213ED	AC11
C511	N213EF	GLF4
C519	N213EP	GALX
C521	N213EX	E300
C523	N213EZ	LGEZ
C524	N213F	C25B
C534	N213FR	A320
C536	N213FT	RBEL
C539	N213FW	RW26
C53D	N213G	PC12
C53F	N213GB	RV14
C540	N213GC	T210
C541	N213GD	AA1
C543	N213GF	RV7
C553	N213GX	GX
C557	N213HA	A21N
C564	N213HP	C650
C568	N213HT	H269
C56F	N213J	GLID
C571	N213JB	TRDO
C572	N213JC	LNP4
C573	N213JD	C310
C578	N213JJ	WACF
C57B	N213JM	RV6
C57D	N213JP	PA46
C57E	N213JQ	E75L
C580	N213JS	C550
C581	N213JT	C25A
C584	N213JW	SR22
C589	N213KA	B212
C58E	N213KF	FOX
C593	N213KL	MR35
C594	N213KM	M20P
C596	N213KP	PC12
C599	N213KS	S22T
C5A2	N213LA	C208
C5A3	N213LB	COL3
C5A4	N213LC	B06
C5AF	N213LP	C82T
C5BA	N213M	C310
C5BB	N213MA	EXEC
C5BC	N213MB	C177
C5BD	N213MC	BE30
C5BF	N213ME	BE35
C5C4	N213MK	LGEZ
C5C6	N213MM	P28A
C5C8	N213MP	SR22
C5D3	N213N	C172
C5E0	N213NN	E75L
C5EE	N213PB	BE35
C5F0	N213PD	B06
C5F2	N213PF	AS50
C5F4	N213PH	BE20
C5F7	N213PL	RV10
C5F8	N213PM	PA46
C5FB	N213PQ	PRM1
C5FD	N213PS	CRJ2
C601	N213PW	XNOS
C604	N213PZ	MI2
C605	N213Q	BE35
C61E	N213R	RV4
C621	N213RC	ALIG
C622	N213RD	H25B
C623	N213RE	TBM7
C625	N213RG	H25B
C626	N213RH	RV7
C627	N213RJ	SR22
C630	N213RT	LJ60
C632	N213RV	RV10
C638	N213SA	P28R
C63C	N213SE	SR22
C63D	N213SF	R44
C63E	N213SG	GLIM
C63F	N213SH	EC30
C643	N213SM	C206
C645	N213SP	BE18
C647	N213SR	SR22
C648	N213SS	IS28
C64C	N213SW	C560
C64D	N213SX	SONX
C64E	N213SY	E75L
C650	N213T	PA18
C652	N213TB	SR22
C653	N213TC	GLAS
C657	N213TG	GLF4
C659	N213TJ	BEAR
C65C	N213TM	CLON
C65E	N213TP	RV7
C661	N213TS	CL60
C668	N213TZ	EPIC
C66A	N213UA	B772
C66D	N213UD	RV12
C67A	N213US	B732
C67D	N213UV	BE20
C682	N213V	AVID
C695	N213VU	PRM1
C69F	N213WD	SR22
C6A4	N213WJ	DA42
C6A5	N213WK	GLIM
C6A8	N213WN	B737
C6AD	N213WT	RV4
C6B1	N213WX	SLG4
C6CA	N213XX	MI8
C6CD	N213Y	FOX
C6E6	N213Z	BE95
C700	N2130A	C172
C702	N2130C	P28A
C704	N2130E	CH7A
C705	N2130F	C172
C707	N2130H	ERCO
C708	N2130J	P28A
C709	N2130K	P28R
C70A	N2130L	B58T
C70B	N2130M	J3
C70C	N2130N	C140
C70F	N2130R	P28A
C711	N2130T	P28R
C712	N2130U	P28R
C714	N2130W	BE23
C717	N2130Z	AVID
C719	N21301	AR65
C71A	N21302	C182
C71C	N21304	AR65
C721	N21309	AR50
C723	N2131A	C82T
C725	N2131C	S10
C726	N2131D	BE35
C727	N2131E	M20P
C728	N2131F	T206
C72B	N2131J	P28A
C72E	N2131M	J3
C731	N2131Q	C77R
C732	N2131R	C182
C733	N2131S	MM24
C734	N2131T	P28R
C735	N2131U	C82T
C737	N2131W	BE23
C738	N2131X	C337
C73A	N2131Z	C82R
C73B	N21310	C182
C73E	N21313	P32R
C73F	N21314	M20P
C740	N21315	C182
C741	N21316	C182
C742	N21317	C182
C743	N21318	PA44
C747	N2132B	L8
C74A	N2132E	CH7A
C74B	N2132F	T206
C74E	N2132J	P28A
C750	N2132L	BE35
C754	N2132Q	C77R
C755	N2132R	C182
C757	N2132T	P28A
C759	N2132V	C120
C75A	N2132W	C172
C75B	N2132X	M20P
C75E	N21320	C172
C75F	N21321	C172
C761	N21323	P28A
C764	N21326	C82T
C766	N21328	C182
C767	N21329	C172
C769	N2133A	P32R
C76D	N2133E	CH7A
C76F	N2133G	C182
C770	N2133H	ERCO
C771	N2133J	P28A
C772	N2133K	L8
C773	N2133L	C82T
C774	N2133M	J3
C775	N2133N	C140
C778	N2133R	C182
C77D	N2133W	BE33
C77F	N2133Y	C172
C782	N21331	C82T
C783	N21332	C182
C784	N21333	C182
C787	N21336	AR50
C789	N21338	C182
C78A	N21339	C172
C78E	N2134C	C195
C78F	N2134D	P28A
C790	N2134E	P28A
C793	N2134H	ERCO
C794	N2134J	P28A
C796	N2134L	BE36
C797	N2134M	C172
C798	N2134N	P28R
C79A	N2134Q	C77R
C79B	N2134R	P28A
C79C	N2134S	C82R
C79D	N2134T	P28R
C79E	N2134U	T210
C7A0	N2134W	BE23
C7A2	N2134Y	C172
C7A3	N2134Z	C180
C7A4	N21340	AR65
C7A5	N21341	P28A
C7A7	N21343	C182
C7A8	N21344	C182
C7AB	N21347	C172
C7AC	N21348	C182
C7B0	N2135B	P28A
C7B2	N2135D	C82T
C7B4	N2135F	P28A
C7B5	N2135G	C150
C7B7	N2135J	M20P
C7B8	N2135K	C172
C7BA	N2135M	J3
C7BB	N2135N	C140
C7BF	N2135S	C172
C7C0	N2135T	P28R
C7C1	N2135U	B77W
C7C3	N2135W	BE35
C7C6	N2135Z	C180
C7C8	N21351	C172
C7C9	N21352	P32R
C7CA	N21353	M20P
C7CB	N21354	AR65
C7CD	N21356	P32R
C7CE	N21357	P32R
C7CF	N21358	C182
C7D0	N21359	C82S
C7D4	N2136C	P28B
C7D5	N2136D	BE35
C7D6	N2136E	P28R
C7D8	N2136G	C182
C7DA	N2136J	P28A
C7DB	N2136K	L8
C7DD	N2136M	P28A
C7DF	N2136P	P28R
C7E0	N2136Q	C77R
C7E1	N2136R	C182
C7E3	N2136T	SS2T
C7E4	N2136U	B77W
C7E5	N2136V	C120
C7E6	N2136W	BE36
C7E8	N2136Y	P28A
C7E9	N2136Z	P28R
C7EA	N21360	C172
C7EB	N21361	AR50
C7EC	N21362	C182
C7EE	N21364	AR65
C7EF	N21365	AR65
C7F0	N21366	AR65
C7F2	N21368	C182
C7F3	N21369	C82T
C7F7	N2137C	C195
C7F8	N2137D	C195
C7F9	N2137E	M20P
C7FA	N2137F	P28B
C7FC	N2137H	T206
C7FD	N2137J	P28A
C7FF	N2137L	BE33
C800	N2137M	J3
C801	N2137N	P28R
C803	N2137Q	C77R
C804	N2137R	C182
C806	N2137T	P28A
C807	N2137U	AT3P
C80B	N2137Y	C172
C80C	N2137Z	C180
C80D	N21370	C182
C80F	N21372	P32R
C811	N21374	C172
C813	N21376	C182
C814	N21377	AR65
C815	N21378	AR65
C816	N21379	H269
C818	N2138A	PA18
C819	N2138B	T206
C81A	N2138C	PA46
C81B	N2138D	BE35
C81D	N2138F	P32R
C81E	N2138G	PA44
C81F	N2138H	ERCO
C821	N2138K	P32R
C822	N2138L	BE36
C823	N2138M	C172
C824	N2138N	P28B
C825	N2138P	PA23
C826	N2138Q	FOX
C827	N2138R	M20P
C828	N2138S	T210
C82A	N2138U	B77W
C82C	N2138W	C172
C82D	N2138X	C337
C82F	N2138Z	M20P
C831	N21381	CL35
C832	N21382	PA34
C835	N21385	H269
C839	N21389	C172
C83B	N2139A	PA18
C83C	N2139B	P28B
C83D	N2139C	C195
C83E	N2139D	BE35
C840	N2139F	T206
C841	N2139G	C182
C842	N2139H	ERCO
C843	N2139J	P28A
C844	N2139K	M20P
C846	N2139M	J3
C84A	N2139R	C182
C84C	N2139T	P28R
C84D	N2139U	C172
C84E	N2139V	C120
C84F	N2139W	BE23
C850	N2139X	C337
C852	N2139Z	P28R
C856	N21393	C182
C857	N21394	C172
C858	N21395	C182
C859	N21396	C182
C85A	N21397	AR65
C85B	N21398	BE35
C85C	N21399	M20P
C85E	N214A	C172
C861	N214AC	CH7B
C865	N214AG	MT
C868	N214AK	B739
C869	N214AL	PC12
C86A	N214AM	B407
C86B	N214AN	C172
C870	N214AT	A4
C873	N214AW	WAIX
C874	N214AX	L39
C877	N214B	B214
C878	N214BA	A5
C879	N214BB	SR22
C880	N214BJ	CRER
C881	N214BK	C82T
C885	N214BP	P32R
C887	N214BR	SR22
C888	N214BS	GLIM
C88C	N214BW	CH7B
C88F	N214BZ	BCS3
C890	N214C	HUSK
C891	N214CA	P28R
C893	N214CC	C421
C894	N214CD	SR20
C896	N214CF	C82T
C898	N214CH	BE58
C899	N214CJ	ST75
C89A	N214CK	BE60
C89B	N214CL	SR22
C89E	N214CP	SR22
C8A0	N214CR	BE18
C8A1	N214CS	PC12
C8A2	N214CT	SR22
C8A9	N214D	RV9
C8AA	N214DA	M20P
C8AB	N214DB	S108
C8AC	N214DC	RV8
C8AF	N214DF	C421
C8B2	N214DJ	SR22
C8B3	N214DK	LNP4
C8B5	N214DM	BE95
C8B7	N214DP	LGEZ
C8B9	N214DR	BE35
C8BB	N214DT	C182
C8BD	N214DV	FA50
C8BF	N214DX	RV9
C8C0	N214DY	RV8
C8C2	N214E	EFOX
C8C4	N214EB	B214
C8C6	N214ED	PA44
C8C8	N214EF	BL8
C8CA	N214EH	AS50
C8D0	N214EP	C180
C8D2	N214ER	C172
C8D3	N214ES	C182
C8DC	N214FA	C82T
C8E1	N214FF	RV8
C8E3	N214FH	NPOR
C8E6	N214FL	RV4
C8ED	N214FT	FA50
C8F4	N214G	C210
C8F5	N214GA	G280
C8F6	N214GB	BE20
C8F8	N214GD	P46T
C8FA	N214GF	P46T
C8FB	N214GG	PC12
C8FC	N214GH	AS50
C8FE	N214GK	PA34
C905	N214GS	P28A
C906	N214GT	TB20
C90A	N214GX	GX
C90C	N214GZ	C172
C90E	N214HA	A21N
C90F	N214HB	RV8
C918	N214HL	COL4
C91B	N214HP	C82R
C91E	N214HS	PA23
C927	N214JA	AC50
C929	N214JC	M20P
C92A	N214JD	RV6
C92D	N214JG	SR22
C930	N214JK	SR22
C932	N214JM	P28R
C933	N214JN	PA30
C934	N214JP	P32R
C935	N214JQ	E75L
C936	N214JR	PA32
C937	N214JS	M20P
C938	N214JT	C550
C940	N214KA	B212
C944	N214KE	SONX
C94B	N214KM	RV7
C94D	N214KP	BE58
C94F	N214KR	P46T
C950	N214KS	RV14
C951	N214KT	RV8
C959	N214LA	RV12
C95B	N214LC	B06
C95C	N214LD	F2TH
C95E	N214LF	CH2T
C960	N214LH	CH7B
C961	N214LJ	B214
C964	N214LM	PA44
C966	N214LP	LGEZ
C96C	N214LV	C680
C971	N214M	P210
C973	N214MB	T6
C975	N214MD	GL5T
C976	N214ME	PA22
C978	N214MG	PC12
C979	N214MH	T206
C97B	N214MK	RV8
C97C	N214ML	BE30
C97D	N214MM	LNC2
C97E	N214MN	RV7
C982	N214MS	EA50
C985	N214MV	RV6
C986	N214MW	S22T
C997	N214NN	E75L
C9A0	N214NX	PC12
C9A3	N214P	BE9L
C9A6	N214PC	E50P
C9A7	N214PD	DA40
C9AA	N214PG	MU30
C9AC	N214PJ	C182
C9B1	N214PP	T206
C9B4	N214PS	RV14
C9B5	N214PT	RV4
C9BB	N214PZ	MI2
C9BC	N214Q	BE35
C9CD	N214QS	CL60
C9D5	N214R	P32R
C9D6	N214RA	P28A
C9D7	N214RB	R22
C9D8	N214RC	BE35
C9D9	N214RD	C182
C9DB	N214RF	PTMS
C9DE	N214RJ	BE36
C9DF	N214RK	RV14
C9E0	N214RL	AT8T
C9E1	N214RM	JAB4
C9E3	N214RP	ERCO
C9E5	N214RR	RV4
C9E6	N214RS	BE36
C9E9	N214RV	RV14
C9EA	N214RW	CL35
C9EF	N214SA	P28A
C9F0	N214SB	BE20
C9F1	N214SC	BE9L
C9F4	N214SF	T28
C9F5	N214SG	CL30
C9F6	N214SH	M20P
C9FD	N214SQ	SR20
C9FF	N214SS	TAIL
CA03	N214SW	RV14
CA04	N214SX	SONX
CA09	N214TB	RV7
CA0B	N214TD	H25B
CA0D	N214TF	F2TH
CA0E	N214TG	LJ45
CA0F	N214TH	B214
CA10	N214TJ	C82R
CA11	N214TK	RV8
CA15	N214TP	BE20
CA18	N214TS	H269
CA19	N214TT	PTS2
CA1C	N214TW	SR22
CA1D	N214TX	SR22
CA21	N214UA	B772
CA39	N214V	SF50
CA3A	N214VA	RV14
CA48	N214VQ	SR22
CA4E	N214VW	T206
CA52	N214W	C310
CA55	N214WC	RV14
CA58	N214WF	S22T
CA5B	N214WJ	RV14
CA5C	N214WK	C182
CA5F	N214WN	B737
CA60	N214WP	AVTR
CA64	N214WT	C750
CA69	N214WY	RV14
CA7E	N214XU	RV9
CA81	N214XX	MI8
CA84	N214Y	PTS1
CA9A	N214YX	WAIX
CA9D	N214Z	RV12
CA9E	N214ZA	S22T
CAB7	N2140A	PA22
CAB8	N2140B	L8
CAB9	N2140C	C195
CABA	N2140D	M20P
CABD	N2140G	C182
CABE	N2140H	H269
CABF	N2140J	C172
CAC0	N2140K	L8
CAC1	N2140L	M20P
CAC2	N2140M	J3
CAC3	N2140N	C140
CAC5	N2140Q	C77R
CAC8	N2140T	P28A
CAC9	N2140U	B77W
CACA	N2140V	P28A
CACB	N2140W	BE23
CACD	N2140Y	P28A
CACE	N2140Z	P28B
CAD0	N21401	C182
CAD1	N21402	C182
CAD2	N21403	C172
CAD3	N21404	C182
CAD4	N21405	C182
CAD8	N21409	H269
CADB	N2141B	AC90
CADD	N2141D	C82T
CADE	N2141E	CH7A
CADF	N2141F	T206
CAE0	N2141G	C182
CAE1	N2141H	ERCO
CAE2	N2141J	P28A
CAE4	N2141L	BE36
CAE7	N2141P	PA23
CAE8	N2141Q	C77R
CAE9	N2141R	P28A
CAEB	N2141T	P28R
CAED	N2141V	C140
CAEE	N2141W	BE23
CAF0	N2141Y	C172
CAF3	N21411	P28A
CAF4	N21412	P28A
CAF5	N21413	C82T
CAF6	N21414	C182
CAF8	N21416	C182
CAFA	N21418	PA32
CAFF	N2142C	C195
CB00	N2142D	BE35
CB01	N2142E	CH7A
CB05	N2142J	A21N
CB08	N2142M	P28R
CB09	N2142N	C140
CB0B	N2142Q	C77R
CB0C	N2142R	P28A
CB0D	N2142S	C82S
CB0E	N2142T	C172
CB0F	N2142U	B77W
CB12	N2142X	P28R
CB13	N2142Y	P28B
CB16	N21421	C182
CB1A	N21425	P32R
CB1D	N21428	P28A
CB20	N2143A	PA44
CB21	N2143B	P32R
CB22	N2143C	CH7B
CB26	N2143G	P28A
CB28	N2143J	BE58
CB2A	N2143L	BE55
CB2B	N2143M	J3
CB2C	N2143N	C140
CB2D	N2143P	P28B
CB2E	N2143Q	C77R
CB30	N2143S	T210
CB31	N2143T	P28A
CB33	N2143V	C140
CB36	N2143Y	P28A
CB37	N2143Z	P28B
CB38	N21430	C310
CB3C	N21434	M20P
CB3D	N21435	P32R
CB3E	N21436	P32R
CB40	N21438	PA44
CB41	N21439	M20P
CB42	N2144	BIPL
CB43	N2144A	PA22
CB47	N2144E	CH7A
CB4B	N2144J	P28R
CB4D	N2144L	BE36
CB4E	N2144M	P28R
CB4F	N2144N	P28B
CB50	N2144P	M20P
CB52	N2144R	C182
CB53	N2144S	JUNR
CB54	N2144T	P28A
CB56	N2144V	C82T
CB57	N2144W	P28A
CB5A	N2144Z	C180
CB5B	N21440	J3
CB5C	N21441	P28A
CB5D	N21442	P28A
CB5E	N21443	P28A
CB60	N21445	C182
CB61	N21446	C172
CB63	N21448	M20P
CB64	N21449	PA32
CB67	N2145B	L8
CB6A	N2145E	CH7A
CB6B	N2145F	AA5
CB6C	N2145G	C182
CB6E	N2145J	C172
CB6F	N2145K	L8
CB71	N2145M	P28R
CB72	N2145N	PA32
CB74	N2145Q	C77R
CB75	N2145R	T206
CB76	N2145S	T210
CB77	N2145T	C72R
CB7B	N2145X	M20P
CB7C	N2145Y	C172
CB7E	N21450	C182
CB80	N21452	M20P
CB81	N21453	C182
CB82	N21454	C82T
CB83	N21455	C172
CB85	N21457	C182
CB87	N21459	P32R
CB89	N2146A	C82T
CB8B	N2146C	C82S
CB8C	N2146D	BE35
CB8D	N2146E	CH7A
CB93	N2146L	BE58
CB94	N2146M	J3
CB97	N2146Q	C77R
CB99	N2146S	SS2T
CB9A	N2146T	P28A
CB9B	N2146U	P28R
CB9C	N2146V	C140
CB9E	N2146X	M20P
CBA2	N21461	C182
CBA3	N21462	C182
CBAA	N21469	P32R
CBAB	N2147	GA7C
CBAC	N2147A	PA22
CBAE	N2147C	C195
CBAF	N2147D	P28B
CBB0	N2147E	CH7A
CBB2	N2147G	P28A
CBB3	N2147H	ERCO
CBB4	N2147J	P28R
CBB5	N2147K	PA32
CBB8	N2147N	PA32
CBB9	N2147P	PA32
CBBD	N2147T	P28A
CBC0	N2147W	BE23
CBC2	N2147Y	C172
CBC3	N2147Z	P28B
CBC4	N21470	B06
CBC5	N21471	RV4
CBC6	N21472	C182
CBC8	N21474	C182
CBC9	N21475	C182
CBCB	N21477	C182
CBCC	N21478	J3
CBCD	N21479	M20P
CBD0	N2148B	P32R
CBD1	N2148C	M20P
CBD3	N2148E	C172
CBD4	N2148F	PA44
CBD5	N2148G	C182
CBD6	N2148H	ERCO
CBD7	N2148J	P28R
CBD9	N2148L	BE36
CBDB	N2148N	P32R
CBDC	N2148P	PA32
CBDD	N2148Q	C77R
CBE3	N2148W	T206
CBE4	N2148X	P28R
CBE6	N2148Z	P28A
CBE7	N21480	P28A
CBE8	N21481	P28A
CBEA	N21483	C172
CBEC	N21485	C172
CBED	N21486	J3
CBEE	N21487	C182
CBEF	N21488	C182
CBF0	N21489	P28A
CBF3	N2149B	L8
CBF4	N2149C	C195
CBF5	N2149D	P32R
CBF6	N2149E	P28B
CBF8	N2149G	C182
CBF9	N2149H	ERCO
CBFA	N2149J	P28B
CBFB	N2149K	L8
CBFC	N2149L	BE36
CBFD	N2149M	J3
CC00	N2149Q	C77R
CC03	N2149T	P28B
CC05	N2149V	C140
CC08	N2149Y	C172
CC09	N2149Z	P28A
CC0A	N21490	C182
CC0C	N21492	P210
CC0D	N21493	T206
CC0F	N21495	C182
CC10	N21496	H269
CC11	N21497	B06
CC13	N21499	P32R
CC15	N215A	C310
CC16	N215AA	SBOY
CC18	N215AC	A320
CC1B	N215AF	C172
CC1C	N215AG	CRJ7
CC1F	N215AK	B739
CC21	N215AM	PA15
CC26	N215AS	BD4
CC27	N215AT	A4
CC2B	N215AX	L39
CC2E	N215B	BE35
CC2F	N215BA	C208
CC30	N215BB	GLF5
CC31	N215BC	BL8
CC32	N215BD	PRM1
CC34	N215BF	BE35
CC3B	N215BN	DA42
CC40	N215BT	C208
CC42	N215BV	E550
CC46	N215BZ	BCS3
CC47	N215C	PA32
CC49	N215CB	C340
CC4A	N215CC	C82R
CC4B	N215CD	SR20
CC4D	N215CF	RV6
CC4E	N215CG	ESCP
CC4F	N215CH	BE55
CC52	N215CL	C700
CC53	N215CM	DC3
CC55	N215CP	SR20
CC57	N215CR	AC11
CC59	N215CT	COL4
CC61	N215DA	CL30
CC62	N215DB	C182
CC63	N215DC	R44
CC64	N215DD	GLIM
CC69	N215DJ	C82T
CC6E	N215DP	SREY
CC71	N215DS	DA40
CC75	N215DW	RV10
CC79	N215E	DA62
CC81	N215EH	AS50
CC89	N215ER	AA5
CC8D	N215EV	PA34
CC9A	N215FH	F2TH
CC9B	N215FJ	S22T
CCA2	N215FR	C172
CCA7	N215FW	PA44
CCAB	N215G	RV9
CCAC	N215GA	G280
CCAF	N215GD	MT
CCB3	N215GH	AS50
CCB8	N215GN	P210
CCBB	N215GR	RV8
CCBC	N215GS	R44
CCBD	N215GT	BE58
CCC5	N215HA	A21N
CCC7	N215HC	BE20
CCD2	N215HP	RV8
CCD4	N215HR	C172
CCE0	N215JC	PTS1
CCE1	N215JD	P32R
CCE4	N215JG	S22T
CCE8	N215JL	BE40
CCEB	N215JP	SR22
CCEC	N215JQ	E75L
CCEE	N215JS	BE20
CCEF	N215JT	EXEC
CCF6	N215K	DSA1
CCF7	N215KA	B212
CD04	N215KP	KP5
CD0D	N215KY	CH2T
CD12	N215LC	B06
CD15	N215LF	CH2T
CD1A	N215LL	LEG2
CD1D	N215LP	C172
CD21	N215LT	MT
CD29	N215MA	E145
CD2A	N215MB	BE58
CD2B	N215MC	C208
CD30	N215MH	CC19
CD36	N215MP	C421
CD39	N215MS	H269
CD3A	N215MT	SR22
CD3D	N215MW	BE35
CD44	N215NC	BE36
CD4E	N215NN	E75L
CD55	N215NV	A320
CD5A	N215P	BE33
CD5C	N215PB	FOX
CD5D	N215PC	TOBA
CD63	N215PJ	C172
CD6B	N215PS	CRJ2
CD8C	N215R	DSA1
CD8D	N215RA	P28A
CD8E	N215RB	C25A
CD90	N215RD	RS21
CD91	N215RE	F2TH
CD94	N215RH	RV12
CD98	N215RM	P28R
CD9C	N215RR	SR22
CDA0	N215RV	BL8
CDA1	N215RW	BE36
CDA5	N215S	BE35
CDA8	N215SC	B06
CDA9	N215SD	P46T
CDAD	N215SH	GLIM
CDB1	N215SM	RV8
CDB3	N215SP	GLST
CDB5	N215SR	SR20
CDB6	N215SS	SONX
CDB7	N215ST	PA32
CDBF	N215TA	C208
CDC5	N215TG	RV10
CDCA	N215TM	GL5T
CDCC	N215TP	BE40
CDCF	N215TS	DHC2
CDD0	N215TT	S22T
CDD3	N215TW	COZY
CDD4	N215TX	C208
CDD8	N215UA	B772
CDDF	N215UH	UH1
CDF2	N215VB	T206
CE01	N215VS	SR20
CE09	N215W	RV7
CE0E	N215WE	B722
CE16	N215WN	B737
CE17	N215WP	AGSH
CE22	N215X	CC11
CE38	N215XX	MI8
CE3B	N215Y	BE35
CE60	N215ZM	PIAT
CE6D	N2150	C208
CE6E	N2150A	PA18
CE6F	N2150B	P32R
CE71	N2150D	BE35
CE72	N2150E	C172
CE73	N2150F	P28A
CE74	N2150G	C172
CE75	N2150H	WW24
CE76	N2150J	P28B
CE77	N2150K	T206
CE79	N2150M	B06
CE7A	N2150N	C140
CE7B	N2150P	PA23
CE7D	N2150R	P28A
CE7F	N2150T	P28A
CE80	N2150U	BRB2
CE81	N2150V	C140
CE83	N2150X	M20P
CE84	N2150Y	P28A
CE85	N2150Z	P28A
CE86	N21500	PA44
CE87	N21501	C182
CE8A	N21504	J3
CE8B	N21505	J3
CE8C	N21506	J3
CE8D	N21507	B06
CE8E	N21508	C182
CE91	N2151A	PA18
CE93	N2151C	C195
CE96	N2151F	C172
CE97	N2151G	C182
CE99	N2151J	A21N
CE9A	N2151K	L8
CE9C	N2151M	J3
CE9D	N2151N	C140
CEA0	N2151R	C182
CEA1	N2151S	C210
CEA4	N2151V	C140
CEA5	N2151W	BE23
CEA6	N2151X	C82T
CEA7	N2151Y	C82S
CEA8	N2151Z	C180
CEAD	N21514	C182
CEAE	N21515	C172
CEAF	N21516	C182
CEB0	N21517	C172
CEB1	N21518	C182
CEB2	N21519	J3
CEB3	N2152	GLID
CEB4	N2152A	P28A
CEB5	N2152B	L8
CEB6	N2152C	C195
CEBB	N2152H	E55P
CEBC	N2152J	RV6
CEBD	N2152K	C82T
CEBF	N2152M	J3
CEC0	N2152N	FOX
CEC1	N2152P	PA23
CEC2	N2152Q	C77R
CEC3	N2152R	C182
CEC4	N2152S	C172
CEC6	N2152U	BRB2
CEC7	N2152V	C172
CEC9	N2152X	M18
CECA	N2152Y	C172
CECB	N2152Z	P28A
CECC	N21520	C182
CECE	N21522	P28A
CECF	N21523	J3
CED1	N21525	M18
CED4	N21528	J3
CED5	N21529	C182
CED7	N2153A	C172
CED9	N2153C	C177
CEDB	N2153E	CH7A
CEE2	N2153M	P28R
CEE3	N2153N	P32R
CEE6	N2153R	BT36
CEE8	N2153T	P28A
CEEA	N2153V	M20P
CEEF	N21530	M20P
CEF0	N21531	PA18
CEF4	N21535	C172
CEF5	N21536	C182
CEF6	N21537	E145
CEF7	N21538	M20P
CEFA	N2154A	PA18
CEFD	N2154D	BE35
CEFE	N2154E	P32R
CEFF	N2154F	P28A
CF00	N2154G	C182
CF02	N2154J	C172
CF05	N2154M	J3
CF06	N2154N	C140
CF07	N2154P	PA23
CF08	N2154Q	C185
CF09	N2154R	P28A
CF0D	N2154V	C82S
CF0E	N2154W	BE23
CF0F	N2154X	M20P
CF12	N21540	C82T
CF14	N21542	C182
CF15	N21543	C172
CF18	N21546	C185
CF19	N21547	C82S
CF1A	N21548	C182
CF1D	N2155A	SREY
CF21	N2155E	M20P
CF24	N2155H	PA32
CF26	N2155K	M20P
CF28	N2155M	P28R
CF29	N2155N	BT36
CF2A	N2155P	M20P
CF2B	N2155Q	C77R
CF2C	N2155R	C182
CF2E	N2155T	P28A
CF2F	N2155U	P28R
CF31	N2155W	M20P
CF33	N2155Y	C172
CF34	N2155Z	B06
CF35	N21550	C182
CF38	N21553	C172
CF3C	N21557	C182
CF40	N2156A	PA18
CF41	N2156B	PA44
CF42	N2156C	C195
CF44	N2156E	P32R
CF46	N2156G	C182
CF48	N2156J	A21N
CF4B	N2156M	J3
CF4C	N2156N	T206
CF4E	N2156Q	C77R
CF51	N2156T	P28A
CF53	N2156V	C140
CF59	N21561	J3
CF5A	N21562	C182
CF5C	N21564	C172
CF5E	N21566	C182
CF5F	N21567	P28B
CF63	N2157A	RV7
CF64	N2157B	P28A
CF68	N2157F	P28B
CF69	N2157G	C182
CF6A	N2157H	C172
CF6B	N2157J	A21N
CF6D	N2157L	M20P
CF6E	N2157M	P28R
CF6F	N2157N	P32R
CF70	N2157P	H269
CF73	N2157S	C210
CF77	N2157W	BE19
CF79	N2157Y	P28A
CF7A	N2157Z	C180
CF7C	N21571	C172
CF80	N21575	J3
CF81	N21576	C172
CF82	N21577	J3
CF84	N21579	J5
CF86	N2158A	PA18
CF88	N2158C	C195
CF8B	N2158F	PA32
CF8E	N2158J	C188
CF8F	N2158K	L8
CF91	N2158M	PA32
CF92	N2158N	M20P
CF93	N2158P	ST75
CF96	N2158S	C172
CF97	N2158T	H269
CF98	N2158U	C501
CF9C	N2158Y	C172
CF9D	N2158Z	P28A
CF9E	N21580	C172
CF9F	N21581	C182
CFA1	N21583	J3
CFA2	N21584	J3
CFA3	N21585	C172
CFA5	N21587	C182
CFA6	N21588	C172
CFAA	N2159B	L8
CFAD	N2159E	M20P
CFAF	N2159G	C182
CFB3	N2159L	BE36
CFB6	N2159P	T206
CFB7	N2159Q	P28A
CFB9	N2159S	PA34
CFBC	N2159V	C140
CFBF	N2159Y	C172
CFC2	N21591	C172
CFC6	N21595	J3
CFC8	N21597	C182
CFC9	N21598	C182
CFCA	N21599	J4
CFCC	N216A	RV6
CFCE	N216AB	R22
CFCF	N216AC	CH7A
CFD0	N216AD	C82S
CFD2	N216AF	C172
CFD3	N216AG	CRJ7
CFD4	N216AH	EC30
CFDA	N216AP	B212
CFDC	N216AR	GA5C
CFE2	N216AX	L39
CFE5	N216B	B350
CFE6	N216BA	C182
CFE8	N216BC	BL8
CFE9	N216BD	S22T
CFEC	N216BG	C56X
CFF0	N216BL	C310
CFF5	N216BR	CH60
CFFD	N216BZ	BCS3
CFFE	N216C	S108
CFFF	N216CA	C172
D000	N216CB	KR2
D001	N216CC	T206
D002	N216CD	MU2
D004	N216CF	SF50
D006	N216CH	AS50
D009	N216CL	C152
D00A	N216CM	HR20
D00C	N216CP	T206
D00F	N216CS	BE99
D018	N216DA	DA40
D019	N216DB	RV8
D01A	N216DC	C82S
D01C	N216DE	SF50
D01E	N216DG	DA40
D01F	N216DH	SR22
D021	N216DK	SR20
D029	N216DT	GLST
D02B	N216DV	C152
D02D	N216DX	P28A
D02E	N216DY	LJ60
D035	N216EE	RV9
D038	N216EH	AS50
D04C	N216FC	SR22
D059	N216FR	A320
D05E	N216FW	PA44
D063	N216GA	G280
D065	N216GC	P28R
D06A	N216GH	UH1
D06D	N216GL	S22T
D074	N216GT	DA40
D07C	N216HA	A21N
D07F	N216HD	R44
D08D	N216HT	RV6
D08E	N216HU	U16
D093	N216HZ	GLF4
D095	N216JA	C72R
D096	N216JB	E190
D097	N216JC	C56X
D09E	N216JK	C82S
D0A3	N216JQ	E75L
D0A4	N216JR	PZ04
D0A5	N216JS	FOX
D0AD	N216K	PA18
D0B0	N216KC	PC12
D0B7	N216KK	M20P
D0BC	N216KQ	K100
D0C2	N216KW	RV6
D0C6	N216L	SR22
D0C8	N216LB	C414
D0CC	N216LF	CH2T
D0CE	N216LH	T206
D0D7	N216LS	B06
D0D8	N216LT	C172
D0E0	N216MA	P32R
D0E7	N216MH	B06
D0ED	N216MP	RV7
D0F0	N216MS	HR20
D0F1	N216MT	HR20
D0F8	N216N	SR22
D0FA	N216NB	T206
D105	N216NN	E75L
D10C	N216NV	A320
D111	N216P	RV6
D114	N216PC	BE35
D119	N216PH	RV6
D11A	N216PJ	B214
D11B	N216PK	CRES
D11D	N216PM	CLON
D122	N216PS	CRJ2
D126	N216PW	P32R
D129	N216PZ	CRUZ
D13B	N216QS	CL60
D143	N216R	BE36
D144	N216RA	M20P
D14A	N216RG	C172
D14D	N216RK	HR20
D14F	N216RM	GLST
D151	N216RP	BE20
D154	N216RS	GLAS
D157	N216RV	RV7
D15E	N216SB	T206
D15F	N216SC	C25B
D160	N216SD	UH1
D164	N216SH	EC30
D168	N216SM	RV9
D16A	N216SP	C172
D16C	N216SR	P28A
D173	N216SY	S22T
D175	N216T	RV4
D176	N216TA	AT6T
D17A	N216TE	RV6
D181	N216TM	C25B
D183	N216TP	GLID
D186	N216TS	C172
D188	N216TU	P06T
D189	N216TV	B06
D18F	N216UA	B772
D1A7	N216V	EFOX
D1C3	N216WC	UH1
D1C4	N216WD	FA50
D1C5	N216WE	B722
D1D0	N216WR	B737
D1D7	N216WY	HUSK
D1EF	N216XX	MI8
D217	N216ZM	PA38
D224	N2160	AC90
D227	N2160C	C195
D228	N2160D	C172
D22D	N2160J	C188
D233	N2160Q	C172
D234	N2160R	C182
D235	N2160S	C210
D236	N2160T	P28A
D23B	N2160Y	C172
D241	N21604	J3
D242	N21605	P28A
D244	N21607	CP30
D245	N21608	C82T
D246	N21609	J3
D248	N2161A	P32R
D24A	N2161C	C195
D24B	N2161D	COY2
D24C	N2161E	C172
D250	N2161J	H269
D255	N2161P	C82T
D256	N2161Q	C77R
D257	N2161R	C182
D258	N2161S	M20P
D25B	N2161V	C140
D25C	N2161W	BE23
D25D	N2161X	PA32
D260	N21610	J3
D262	N21612	M20P
D266	N21616	C188
D268	N21618	C188
D26A	N2162	SA7
D26E	N2162D	BE35
D26F	N2162E	CH7A
D271	N2162G	C182
D274	N2162K	PA44
D275	N2162L	C82T
D278	N2162P	PA23
D27A	N2162R	P28A
D27C	N2162T	P28A
D27F	N2162W	T206
D280	N2162X	PA32
D283	N21620	C188
D284	N21621	C172
D287	N21624	C82T
D288	N21625	M20P
D289	N21626	C188
D28A	N21627	C172
D28E	N2163A	PA20
D28F	N2163B	L8
D292	N2163E	CH7A
D293	N2163F	PA44
D294	N2163G	P28A
D296	N2163J	C82T
D298	N2163L	BE36
D29B	N2163P	PA23
D29D	N2163R	C182
D29E	N2163S	C206
D2A2	N2163W	BE23
D2A5	N2163Z	C180
D2A6	N21630	C188
D2A7	N21631	J3
D2A8	N21632	M20P
D2AA	N21634	C150
D2AC	N21636	J3
D2AE	N21638	J3
D2B1	N2164A	PA22
D2B5	N2164E	A320
D2B7	N2164G	P28A
D2BA	N2164K	M20P
D2BB	N2164L	BE9T
D2BD	N2164N	C140
D2C3	N2164U	P28R
D2C4	N2164V	C140
D2C5	N2164W	BE19
D2C6	N2164X	M20P
D2C7	N2164Y	C82S
D2C8	N2164Z	C172
D2CA	N21641	C188
D2CC	N21643	C172
D2D0	N21647	J3
D2D1	N21648	C172
D2D3	N2165	AJET
D2D4	N2165A	PA22
D2D5	N2165B	P28A
D2D6	N2165C	C195
D2D7	N2165D	BE35
D2D8	N2165E	C172
D2DA	N2165G	C182
D2DB	N2165H	P28A
D2DC	N2165J	A21N
D2DD	N2165K	M20P
D2E0	N2165N	M20P
D2E3	N2165R	C182
D2E6	N2165U	RV6
D2E7	N2165V	C140
D2E8	N2165W	BE24
D2EB	N2165Z	C180
D2ED	N21651	C188
D2EF	N21653	C82T
D2F4	N21658	J3
D2F5	N21659	J3
D2F7	N2166A	PA20
D2F8	N2166B	P28A
D2F9	N2166C	C195
D2FC	N2166F	P28A
D2FE	N2166H	ERCO
D301	N2166L	P28A
D302	N2166M	PA34
D303	N2166N	C140
D305	N2166Q	C77R
D306	N2166R	C182
D308	N2166T	M20P
D30A	N2166V	C140
D30E	N2166Z	C180
D310	N21661	J3
D311	N21662	C172
D316	N21667	J3
D317	N21668	J3
D318	N21669	M20P
D31A	N2167A	P32R
D31C	N2167C	C177
D31E	N2167E	C172
D31F	N2167F	T206
D320	N2167G	C182
D323	N2167K	P28B
D327	N2167P	C206
D328	N2167Q	C185
D329	N2167R	C182
D32B	N2167T	P28A
D32E	N2167W	BE19
D330	N2167Y	C172
D332	N21670	C172
D335	N21673	C188
D337	N21675	J3
D339	N21677	J3
D33E	N2168B	P32R
D33F	N2168C	C195
D340	N2168D	C172
D342	N2168F	M20P
D345	N2168J	M20P
D346	N2168K	P28B
D347	N2168L	BE36
D349	N2168N	C140
D34C	N2168R	C182
D34E	N2168T	P28A
D34F	N2168U	P28B
D351	N2168W	BE19
D352	N2168X	C337
D353	N2168Y	C172
D356	N21681	J3
D358	N21683	PA32
D35B	N21686	C188
D35C	N21687	J3
D362	N2169C	C177
D363	N2169D	RV6
D365	N2169F	P28A
D367	N2169H	ERCO
D368	N2169J	A21N
D36B	N2169M	C82T
D36C	N2169N	C140
D36E	N2169Q	C77R
D374	N2169W	M20P
D375	N2169X	BOLT
D376	N2169Y	C172
D378	N21690	C172
D37A	N21692	C172
D37E	N21696	J4
D381	N21699	C172
D384	N217AA	BE35
D386	N217AC	S64
D389	N217AF	C77R
D38C	N217AJ	C560
D38F	N217AM	C182
D391	N217AP	B212
D393	N217AR	BE36
D394	N217AS	VJ22
D398	N217AW	P28A
D399	N217AX	L39
D39D	N217BA	A5
D39E	N217BB	SR20
D39F	N217BC	DH82
D3A3	N217BG	GLIM
D3A4	N217BH	C212
D3AA	N217BP	AVID
D3AD	N217BS	C310
D3AE	N217BT	RV8
D3B4	N217BZ	BCS3
D3B5	N217C	C185
D3B6	N217CA	BE58
D3B7	N217CB	SF50
D3B8	N217CC	C182
D3B9	N217CD	SR20
D3BA	N217CE	SR22
D3BB	N217CF	DA40
D3BF	N217CK	LJ35
D3C1	N217CM	BE20
D3C3	N217CP	SR22
D3C7	N217CT	S22T
D3C9	N217CV	RS12
D3CA	N217CW	RV7
D3D1	N217DC	TBM7
D3D7	N217DJ	RV7
D3D8	N217DK	R44
D3D9	N217DL	T206
D3DA	N217DM	C185
D3DC	N217DP	B763
D3DE	N217DR	J3
D3E7	N217E	RV8
D3E9	N217EB	PC12
D3EA	N217EC	BE40
D3EF	N217EH	AS50
D3F5	N217EP	C172
D3F9	N217ET	SR22
D3FD	N217EX	E300
D404	N217FD	AS50
D419	N217G	RC3
D41A	N217GA	G280
D41B	N217GB	SF50
D424	N217GL	C560
D425	N217GM	SR22
D429	N217GR	C510
D433	N217HA	A21N
D434	N217HB	EXEC
D435	N217HC	PA30
D43C	N217HK	B06
D43E	N217HM	SBR1
D440	N217HP	AS50
D44C	N217JA	C172
D44D	N217JB	GLST
D44E	N217JC	B737
D451	N217JF	S22T
D453	N217JH	SR20
D454	N217JJ	M20T
D455	N217JK	S22T
D456	N217JL	C77R
D45A	N217JQ	E75L
D45B	N217JR	RV14
D45D	N217JT	RV9
D464	N217K	BE95
D46B	N217KG	GLID
D483	N217LF	PA32
D484	N217LG	BE20
D486	N217LJ	BE36
D488	N217LL	MT
D489	N217LM	P28A
D48B	N217LP	GC1
D48D	N217LR	LEG2
D48E	N217LS	HUSK
D496	N217M	C180
D49B	N217ME	C303
D49E	N217MH	B06
D49F	N217MJ	LJ45
D4A1	N217ML	BE20
D4A7	N217MS	G150
D4AB	N217MW	C68A
D4BA	N217NL	RV7
D4BC	N217NN	E75L
D4C3	N217NV	A320
D4C8	N217P	BE33
D4CB	N217PC	BE36
D4CE	N217PF	BL8
D4D0	N217PH	CH75
D4D1	N217PJ	B214
D4D9	N217PS	BE35
D4DA	N217PT	FA50
D4DD	N217PW	FDCT
D4E1	N217Q	BE35
D4F2	N217QS	CL60
D4FB	N217RA	HUSK
D4FC	N217RB	BE60
D4FD	N217RC	M700
D4FE	N217RD	R44
D500	N217RF	GLST
D502	N217RH	MG17
D50B	N217RS	EXEC
D50E	N217RV	RV7
D50F	N217RW	M20P
D513	N217S	WAIX
D514	N217SA	C550
D515	N217SB	GLID
D516	N217SC	BE36
D517	N217SD	BE17
D519	N217SF	T28
D51A	N217SG	CL35
D51B	N217SH	MG17
D51D	N217SK	S22T
D51E	N217SL	SR22
D523	N217SR	SR22
D525	N217ST	MG17
D52A	N217SY	S22T
D52D	N217TA	LJ35
D532	N217TF	RV12
D534	N217TH	C560
D535	N217TJ	SR22
D538	N217TM	TBM7
D53C	N217TR	SF50
D53D	N217TS	PA46
D541	N217TW	BE36
D542	N217TX	P32R
D545	N217U	TOOT
D546	N217UA	B772
D556	N217US	BE30
D55F	N217VA	P32T
D583	N217WM	WAIX
D58E	N217WY	HUSK
D5A6	N217XX	MI8
D5A9	N217Y	S22T
D5C2	N217Z	C310
D5CE	N217ZM	PIAT
D5DD	N2170B	M20P
D5DE	N2170C	C177
D5E0	N2170E	C172
D5E1	N2170F	P28A
D5E2	N2170G	C182
D5E5	N2170K	L8
D5E7	N2170M	C182
D5E8	N2170N	PA44
D5E9	N2170P	C182
D5EA	N2170Q	C77R
D5EB	N2170R	P28A
D5EC	N2170S	C210
D5ED	N2170T	P28A
D5EF	N2170V	PA32
D5F0	N2170W	C82S
D5F5	N21701	C188
D5F9	N21705	C172
D5FA	N21706	C172
D5FD	N21709	C185
D5FE	N2171	SREY
D5FF	N2171A	PA22
D600	N2171B	P32R
D601	N2171C	AS50
D603	N2171E	CH7A
D604	N2171F	C185
D608	N2171K	L8
D60D	N2171Q	M20P
D60E	N2171R	P28A
D610	N2171T	P28A
D611	N2171U	BRB2
D613	N2171W	BE19
D614	N2171X	C172
D615	N2171Y	P28A
D616	N2171Z	C180
D617	N21710	CJ6
D618	N21711	C172
D619	N21712	GLID
D61B	N21714	C172
D61E	N21717	P28A
D61F	N21718	C172
D620	N21719	C172
D621	N2172	C172
D622	N2172A	PA22
D623	N2172B	P32R
D624	N2172C	C195
D625	N2172D	P28A
D627	N2172F	T206
D628	N2172G	PA32
D62A	N2172J	C82S
D62B	N2172K	P28B
D62D	N2172M	PA24
D62E	N2172N	CAT
D62F	N2172P	PA23
D630	N2172Q	C77R
D631	N2172R	C182
D634	N2172U	P28B
D636	N2172W	C82S
D638	N2172Y	C172
D63C	N21722	C82S
D63D	N21723	B737
D63F	N21725	C172
D641	N21727	P32R
D643	N21729	T34P
D645	N2173A	PA22
D647	N2173C	C195
D648	N2173D	BE35
D649	N2173E	C82T
D64B	N2173G	C182
D64E	N2173K	P28B
D64F	N2173L	BE33
D650	N2173M	J3
D654	N2173R	C182
D655	N2173S	PA44
D656	N2173T	P28A
D657	N2173U	BRB2
D65B	N2173Y	C172
D65C	N2173Z	C72R
D65D	N21730	P28A
D65F	N21732	C172
D660	N21733	C82S
D664	N21737	M20P
D669	N2174B	S05R
D66A	N2174C	C195
D66C	N2174E	P28A
D670	N2174J	M20P
D671	N2174K	P28R
D674	N2174N	C140
D676	N2174Q	C77R
D677	N2174R	P28A
D678	N2174S	PA32
D679	N2174T	P28A
D67B	N2174V	C82T
D67C	N2174W	BE23
D67D	N2174X	P28A
D67E	N2174Y	C172
D680	N21740	CJ6
D681	N21741	C172
D683	N21743	C172
D684	N21744	C82S
D685	N21745	C172
D686	N21746	C82S
D689	N21749	C82T
D68B	N2175A	P32R
D68D	N2175C	C195
D690	N2175F	P28R
D691	N2175G	C182
D696	N2175M	J3
D697	N2175N	P28A
D699	N2175Q	C206
D69A	N2175R	C182
D69B	N2175S	T210
D69C	N2175T	P28A
D69D	N2175U	BRB2
D69F	N2175W	C82S
D6A1	N2175Y	J3
D6A6	N21753	CJ6
D6A7	N21754	C172
D6AA	N21757	C172
D6B0	N2176C	C177
D6B3	N2176F	T206
D6B4	N2176G	C182
D6B5	N2176H	ERCO
D6B7	N2176K	P28R
D6B8	N2176L	M20P
D6B9	N2176M	J3
D6BC	N2176Q	C77R
D6BE	N2176S	C82S
D6BF	N2176T	P28A
D6C1	N2176V	P32R
D6C3	N2176X	P28A
D6C4	N2176Y	C172
D6C9	N21763	H269
D6CA	N21764	C172
D6CF	N21769	C172
D6D1	N2177A	PA22
D6D3	N2177C	C177
D6D5	N2177E	CH7A
D6D6	N2177F	P28B
D6D7	N2177G	C182
D6D8	N2177H	T34P
D6D9	N2177J	M20P
D6DD	N2177N	C120
D6DE	N2177P	PA23
D6DF	N2177Q	C82T
D6E1	N2177S	C210
D6E2	N2177T	P28A
D6E5	N2177W	BE19
D6E7	N2177Y	C172
D6E8	N2177Z	P28B
D6EB	N21772	H500
D6ED	N21774	C172
D6EE	N21775	C82T
D6EF	N21776	M20P
D6F1	N21778	C172
D6F2	N21779	RV4
D6F5	N2178B	L8
D6F6	N2178C	C177
D6F7	N2178D	BE35
D6F8	N2178E	CH7A
D6FA	N2178G	P32R
D6FD	N2178K	P28R
D6FF	N2178M	J3
D700	N2178N	C140
D703	N2178R	C182
D704	N2178S	C82R
D705	N2178T	P28A
D707	N2178V	J3
D708	N2178W	BE23
D70A	N2178Y	P28A
D70B	N2178Z	P28B
D70F	N21783	RV6
D712	N21786	M20P
D713	N21787	C206
D714	N21788	PA34
D717	N2179A	PA22
D71B	N2179E	CH7A
D71C	N2179F	T206
D71D	N2179G	C182
D71F	N2179J	J3
D722	N2179M	C82S
D725	N2179Q	C77R
D728	N2179T	P28A
D729	N2179U	BRB2
D72B	N2179W	M20P
D72E	N2179Z	P28B
D72F	N21790	CJ6
D730	N21791	C172
D732	N21793	T34P
D734	N21795	C172
D735	N21796	C82S
D738	N21799	C172
D73A	N218A	RV8
D73D	N218AC	S64
D741	N218AG	CRJ7
D745	N218AL	GLEX
D746	N218AM	B407
D74C	N218AT	A4
D752	N218AZ	P32T
D754	N218BA	A5
D755	N218BB	WAIX
D756	N218BC	CRER
D75B	N218BH	B407
D75C	N218BJ	S22T
D768	N218BW	IR23
D76B	N218BZ	BCS3
D76C	N218C	PC12
D76D	N218CA	FA20
D76F	N218CC	T210
D770	N218CD	SR20
D772	N218CF	C340
D773	N218CG	BE36
D775	N218CJ	CJ6
D777	N218CL	DA40
D778	N218CM	GLID
D77A	N218CP	LGEZ
D77D	N218CS	C240
D77E	N218CT	RV8
D787	N218DB	FDCT
D788	N218DC	DA40
D78A	N218DE	C82S
D78B	N218DF	SR20
D78C	N218DG	RV12
D790	N218DL	ST75
D793	N218DP	SR22
D796	N218DS	DA40
D797	N218DT	RV14
D79D	N218DZ	BE20
D79E	N218E	EFOX
D79F	N218EA	C172
D7A3	N218EE	GLF2
D7A9	N218EL	SAVG
D7AA	N218EM	SR22
D7B3	N218EW	BE95
D7B7	N218F	RV6
D7B9	N218FB	B06
D7D0	N218G	EA50
D7D2	N218GB	DHC2
D7D9	N218GJ	BE20
D7E9	N218H	C172
D7EA	N218HA	A21N
D7EC	N218HC	BE18
D7EF	N218HF	GLF5
D7F0	N218HG	S22T
D7F4	N218HL	S22T
D7F7	N218HP	SF50
D7FA	N218HS	C208
D803	N218JA	C152
D805	N218JC	SF50
D806	N218JD	CRUZ
D809	N218JG	C501
D80B	N218JJ	GLEX
D810	N218JP	MD88
D811	N218JQ	E75L
D814	N218JT	E500
D81C	N218KA	BE58
D81E	N218KC	JAB4
D81F	N218KD	GLF4
D821	N218KF	CL30
D825	N218KK	PA44
D834	N218L	LA25
D837	N218LC	C208
D838	N218LD	PA18
D83B	N218LG	TBM9
D83D	N218LJ	SR22
D83E	N218LK	RV6
D840	N218LM	SR22
D84F	N218MB	C25C
D851	N218MD	GLF4
D855	N218MH	B06
D857	N218MK	BEAR
D859	N218MM	M20P
D85A	N218MN	SR20
D85B	N218MP	HROC
D85D	N218MR	RV8
D85E	N218MS	AC95
D868	N218NB	LJ31
D873	N218NN	E75L
D87A	N218NV	A320
D87F	N218P	HIGH
D883	N218PD	BE65
D884	N218PE	PC12
D888	N218PJ	H25B
D88B	N218PM	SR22
D88D	N218PP	C172
D890	N218PS	CRJ2
D898	N218Q	B350
D8B1	N218R	RV6
D8B2	N218RA	C172
D8B3	N218RB	RV3
D8B5	N218RD	DHC2
D8B8	N218RG	E50P
D8B9	N218RH	S22T
D8BB	N218RK	C240
D8BD	N218RM	RV8
D8C6	N218RW	S22T
D8C7	N218RX	H25B
D8CA	N218S	RV9
D8CB	N218SA	PA24
D8CE	N218SD	UH1
D8D0	N218SF	T28
D8D1	N218SG	T206
D8D2	N218SH	AS50
D8D3	N218SJ	LAMA
D8D5	N218SL	B190
D8D6	N218SM	FOX
D8DA	N218SR	SR22
D8DC	N218ST	GLST
D8E1	N218SY	S22T
D8E3	N218T	PA18
D8E4	N218TA	M20T
D8E5	N218TB	TAMP
D8E6	N218TC	RV8
D8E9	N218TF	RV12
D8EB	N218TH	T18
D8F4	N218TS	P28A
D8FC	N218U	C310
D8FD	N218UA	B772
D915	N218V	T18
D917	N218VB	S22T
D91B	N218VF	RV7
D935	N218WG	P28R
D939	N218WL	DA40
D93B	N218WN	B737
D93C	N218WP	P28R
D93F	N218WS	P28A
D940	N218WT	SR22
D947	N218X	SR22
D95D	N218XX	MI8
D985	N218ZM	C152
D993	N2180A	PA22
D995	N2180C	C195
D996	N2180D	BE35
D997	N2180E	P28A
D998	N2180F	PA32
D999	N2180G	C182
D99A	N2180H	ERCO
D99B	N2180J	A21N
D99C	N2180K	P28B
D99E	N2180M	J3
D9A2	N2180R	P28A
D9A3	N2180S	C182
D9A4	N2180T	P28A
D9A6	N2180V	C140
D9A7	N2180W	BE23
D9A9	N2180Y	P28A
D9AA	N2180Z	PA32
D9AD	N21802	P28A
D9AE	N21803	P28A
D9AF	N21804	C172
D9B4	N21809	C172
D9B6	N2181A	C82S
D9B7	N2181B	P28A
D9BA	N2181E	C82R
D9BB	N2181F	T206
D9BC	N2181G	C182
D9BD	N2181H	ERCO
D9C1	N2181M	J3
D9C2	N2181N	C82T
D9C5	N2181R	C182
D9C6	N2181S	T210
D9C7	N2181T	P28A
D9C9	N2181V	C140
D9CA	N2181W	CJ6
D9D6	N21818	C188
D9D7	N21819	C172
D9D9	N2182A	PA22
D9DA	N2182B	P28A
D9DB	N2182C	C177
D9DC	N2182D	BE35
D9DD	N2182E	CH7A
D9DE	N2182F	C82T
D9DF	N2182G	C182
D9E0	N2182H	M20P
D9E2	N2182K	C82S
D9E3	N2182L	BE95
D9E4	N2182M	J3
D9E5	N2182N	C140
D9E6	N2182P	C182
D9E7	N2182Q	P28A
D9E8	N2182R	C182
D9E9	N2182S	C182
D9EA	N2182T	P28A
D9EC	N2182V	P32R
D9EF	N2182Y	C172
D9F1	N21820	J3
D9F2	N21821	J3
D9F3	N21822	J3
D9F6	N21825	PA32
D9F8	N21827	C188
D9F9	N21828	J3
D9FC	N2183A	M20P
D9FD	N2183B	L8
D9FE	N2183C	C177
D9FF	N2183D	P28A
DA02	N2183G	C182
DA04	N2183J	C172
DA05	N2183K	PA32
DA06	N2183L	BE36
DA07	N2183M	P28B
DA0A	N2183Q	C77R
DA0C	N2183S	H269
DA0D	N2183T	P28A
DA0F	N2183V	P32R
DA11	N2183X	CJ6
DA12	N2183Y	B06
DA13	N2183Z	PA32
DA15	N21831	J3
DA16	N21832	C185
DA17	N21833	C188
DA18	N21834	J3
DA1A	N21836	P32R
DA20	N2184B	P28A
DA22	N2184D	P32R
DA24	N2184F	T206
DA2B	N2184N	M20P
DA2D	N2184Q	C77R
DA2E	N2184R	C182
DA30	N2184T	P28A
DA32	N2184V	C140
DA36	N2184Z	CJ6
DA37	N21840	C172
DA38	N21841	C172
DA3A	N21843	M20P
DA3B	N21844	B412
DA3C	N21845	J4
DA3F	N21848	J3
DA43	N2185B	P28A
DA44	N2185C	C195
DA46	N2185E	C172
DA48	N2185G	P32R
DA49	N2185H	ERCO
DA4A	N2185J	CH7A
DA4B	N2185K	P32R
DA4D	N2185M	PC6T
DA50	N2185Q	C77R
DA54	N2185U	T206
DA55	N2185V	C140
DA56	N2185W	BE19
DA57	N2185X	P28A
DA5B	N21851	J3
DA5C	N21852	C188
DA60	N21856	SAKO
DA61	N21857	P28A
DA65	N2186A	PA20
DA67	N2186C	C195
DA68	N2186D	BE35
DA6A	N2186F	T206
DA6D	N2186J	M20P
DA71	N2186N	C140
DA73	N2186Q	C77R
DA77	N2186U	P28B
DA7A	N2186X	C337
DA7C	N2186Z	T206
DA7E	N21861	C188
DA81	N21864	J3
DA83	N21866	P28A
DA84	N21867	J4
DA8A	N2187C	C195
DA8B	N2187D	BE35
DA8D	N2187F	PULS
DA8E	N2187G	C182
DA90	N2187J	CH70
DA91	N2187K	L8
DA92	N2187L	B06
DA94	N2187N	C140
DA99	N2187T	P28A
DA9A	N2187U	PA32
DA9B	N2187V	C140
DAA0	N21870	P28R
DAA3	N21873	P32R
DAA8	N21878	C172
DAA9	N21879	J3
DAAC	N2188B	L8
DAB1	N2188G	C182
DAB3	N2188J	A21N
DABA	N2188R	P28A
DABC	N2188T	T34P
DAC1	N2188Y	J3
DAC2	N2188Z	C180
DAC4	N21881	J3
DAC6	N21883	C188
DACA	N21887	C172
DACC	N21889	C25A
DAD1	N2189D	BE35
DAD2	N2189E	CH7A
DADA	N2189N	P28R
DADC	N2189Q	P28A
DADD	N2189R	P28A
DADF	N2189T	P28A
DAE1	N2189V	C140
DAE2	N2189W	BE23
DAE5	N2189Z	P28A
DAE6	N21890	M20P
DAE8	N21892	P32R
DAEF	N21899	P32R
DAF0	N219	WACF
DAF1	N219A	P28A
DAF3	N219AB	CL30
DAFD	N219AM	PA11
DB03	N219AT	A4
DB0A	N219B	BE35
DB0B	N219BA	A5
DB0C	N219BB	RV3
DB0D	N219BC	P46T
DB0E	N219BD	CH60
DB12	N219BH	B407
DB13	N219BJ	P28A
DB1B	N219BS	BE30
DB1C	N219BT	T210
DB21	N219BY	GLEX
DB22	N219BZ	BCS3
DB25	N219CB	RS21
DB26	N219CC	PA11
DB27	N219CD	SR20
DB2B	N219CH	BE58
DB2E	N219CL	COY2
DB2F	N219CM	C25A
DB31	N219CP	SR20
DB32	N219CQ	C25A
DB33	N219CR	R44
DB34	N219CS	T206
DB35	N219CT	S22T
DB3A	N219CY	B763
DB3C	N219D	PA46
DB3E	N219DB	P28A
DB41	N219DE	COY2
DB43	N219DG	P32R
DB46	N219DK	BE36
DB48	N219DM	CH70
DB4A	N219DP	B763
DB4D	N219DS	DA40
DB60	N219EL	SR20
DB61	N219EM	RV12
DB63	N219EP	PA44
DB88	N219GA	G280
DB8A	N219GC	GB1
DB8B	N219GD	EC35
DB8F	N219GH	VTRA
DB92	N219GL	B190
DB93	N219GM	BE58
DB97	N219GR	C25C
DB9D	N219GX	GLEX
DBA0	N219H	SA3
DBA1	N219HA	B407
DBA6	N219HF	C525
DBBA	N219JA	SF34
DBBB	N219JB	EAGL
DBC0	N219JG	BE9L
DBC1	N219JH	BE33
DBC3	N219JK	C150
DBC4	N219JL	LJ45
DBC9	N219JR	P28B
DBD2	N219K	UH12
DBD3	N219KA	SF34
DBDE	N219KM	PA18
DBEB	N219L	C25C
DBEE	N219LC	C680
DBEF	N219LD	C680
DBF0	N219LE	R44
DC05	N219MA	MU2
DC07	N219MC	C82T
DC0B	N219MG	B412
DC0C	N219MH	B06
DC0F	N219ML	BE95
DC10	N219MM	SREY
DC14	N219MR	SR20
DC15	N219MS	C550
DC2A	N219NN	E75L
DC31	N219NV	A320
DC38	N219PB	RV6
DC39	N219PC	PC12
DC3A	N219PD	C82T
DC42	N219PM	SR22
DC47	N219PS	PA18
DC4B	N219PW	P46T
DC4F	N219Q	BE35
DC60	N219QS	CL60
DC68	N219R	P28B
DC69	N219RA	C150
DC6A	N219RB	LJ45
DC70	N219RH	B06
DC74	N219RM	B190
DC76	N219RP	BE36
DC79	N219RS	S22T
DC7A	N219RT	TB20
DC7C	N219RV	RV9
DC81	N219S	DSA1
DC82	N219SA	L39
DC83	N219SB	C82S
DC85	N219SD	TB21
DC86	N219SE	S22T
DC88	N219SG	C172
DC89	N219SH	B06
DC8D	N219SM	RV6
DC8F	N219SP	C172
DC91	N219SR	SREY
DC93	N219ST	R44
DC98	N219SY	S22T
DC9B	N219TA	C560
DC9C	N219TB	BE58
DC9D	N219TC	RLU1
DCA0	N219TF	GLF4
DCA1	N219TG	PA34
DCA2	N219TH	O1
DCA6	N219TM	BE9L
DCAB	N219TS	SIRA
DCAF	N219TW	S22T
DCB0	N219TX	PC12
DCB4	N219UA	B772
DCDA	N219VP	B190
DCE5	N219W	SR22
DCE6	N219WA	PA11
DCE8	N219WC	BE20
DCEA	N219WE	TB20
DCF2	N219WN	B737
DCFA	N219WW	BE10
DCFC	N219WY	HUSK
DCFE	N219X	PC12
DD14	N219XX	MI8
DD17	N219Y	YAK9
DD2D	N219YX	E75L
DD2E	N219YY	CL60
DD30	N219Z	BE95
DD4B	N2190B	P32R
DD4C	N2190C	C195
DD4D	N2190D	BE35
DD4F	N2190F	T206
DD50	N2190G	C182
DD53	N2190K	PA34
DD54	N2190L	BE36
DD56	N2190N	C140
DD57	N2190P	PA23
DD5B	N2190T	P28A
DD62	N21900	C150
DD64	N21902	C150
DD66	N21904	C150
DD6A	N21908	C150
DD6C	N2191	B407
DD6E	N2191B	P32R
DD70	N2191D	BE35
DD71	N2191E	P28A
DD72	N2191F	T206
DD74	N2191H	ERCO
DD75	N2191J	PA18
DD77	N2191L	P28R
DD78	N2191M	J3
DD79	N2191N	T34P
DD7C	N2191R	C182
DD7F	N2191U	BRB2
DD81	N2191W	BE19
DD83	N2191Y	C172
DD89	N21914	BE35
DD8C	N21917	C150
DD8E	N21919	C150
DD8F	N2192	B06
DD92	N2192C	C195
DD94	N2192E	CH7A
DD96	N2192G	C182
DD98	N2192J	M20P
DD9A	N2192L	BE9L
DD9B	N2192M	J3
DD9C	N2192N	M20P
DD9E	N2192Q	C77R
DDA1	N2192T	P28A
DDA5	N2192X	C337
DDA7	N2192Z	C180
DDA9	N21921	AEST
DDAC	N21924	C150
DDB1	N21929	C150
DDB2	N2193	L8
DDB4	N2193B	L8
DDB5	N2193C	C195
DDB7	N2193E	CH7A
DDB9	N2193G	M20P
DDBB	N2193J	A21N
DDC1	N2193Q	C77R
DDC2	N2193R	C182
DDC6	N2193V	PA44
DDC7	N2193W	C82T
DDC8	N2193X	B06
DDCB	N21930	C150
DDCF	N21934	BE17
DDD1	N21936	C150
DDD3	N21938	C150
DDD6	N2194A	PA22
DDD7	N2194B	L8
DDD8	N2194C	C195
DDD9	N2194D	BE35
DDDC	N2194G	C182
DDDF	N2194K	PA44
DDE0	N2194L	C82T
DDE4	N2194Q	C77R
DDE5	N2194R	C182
DDE6	N2194S	C182
DDE7	N2194T	P28A
DDE9	N2194V	C140
DDEC	N2194Y	P28R
DDEE	N21940	C150
DDF0	N21942	C150
DDF6	N21948	CMAS
DDF9	N2195A	PA15
DDFB	N2195C	C195
DDFC	N2195D	BE35
DDFD	N2195E	P28A
DDFE	N2195F	T206
DE03	N2195L	P28R
DE04	N2195M	P28B
DE05	N2195N	C140
DE07	N2195Q	C77R
DE08	N2195R	C182
DE0A	N2195T	P28A
DE11	N21950	C172
DE12	N21951	C150
DE16	N21955	C208
DE17	N21956	C172
DE18	N21957	C150
DE19	N21958	C185
DE1E	N2196C	C195
DE1F	N2196D	BE35
DE24	N2196J	B06
DE26	N2196L	C82S
DE28	N2196N	PA32
DE2A	N2196Q	C77R
DE2B	N2196R	C182
DE2C	N2196S	H269
DE2D	N2196T	P28A
DE2E	N2196U	BRB2
DE2F	N2196V	PA44
DE33	N2196Z	C180
DE38	N21964	C82T
DE3A	N21966	C150
DE3B	N21967	ST75
DE40	N2197B	L8
DE41	N2197C	C195
DE42	N2197D	BE35
DE45	N2197G	C182
DE46	N2197H	M20P
DE49	N2197L	BE95
DE4A	N2197M	J3
DE4D	N2197Q	C77R
DE50	N2197T	P28A
DE52	N2197V	C140
DE53	N2197W	BE19
DE55	N2197Y	C172
DE57	N21970	T34P
DE58	N21971	C82S
DE59	N21972	C150
DE5C	N21975	C150
DE5D	N21976	C150
DE62	N2198A	PA22
DE68	N2198G	C182
DE6D	N2198M	J3
DE6E	N2198N	C140
DE6F	N2198P	PA23
DE71	N2198R	C182
DE72	N2198S	C182
DE75	N2198V	C140
DE78	N2198Y	C172
DE7A	N21980	C150
DE7F	N21985	P28A
DE80	N21986	C150
DE82	N21988	WAIX
DE84	N2199	B47G
DE87	N2199C	C310
DE8B	N2199G	C182
DE8C	N2199H	P28R
DE8D	N2199J	A21N
DE8E	N2199K	BE35
DE8F	N2199L	BE36
DE91	N2199N	C140
DE92	N2199P	PA23
DE96	N2199T	P28A
DE98	N2199V	C140
DE9B	N2199Y	J3
DE9D	N21990	C150
DE9F	N21992	P32R
DEA3	N21996	L8
DEA4	N21997	C150
DEA8	N22A	NAVI
DEAA	N22AB	S22T
DEAB	N22AC	SR20
DEAC	N22AD	SR22
DEAD	N22AE	RV8
DEAE	N22AF	C560
DEAF	N22AG	BE35
DEB0	N22AH	BL17
DEB1	N22AJ	BE60
DEB3	N22AL	PT22
DEB6	N22AP	B47G
DEB7	N22AQ	R22
DEBC	N22AV	WW24
DEBD	N22AW	PA31
DEBE	N22AX	LJ45
DEBF	N22AY	SR22
DEC0	N22AZ	COZY
DEC1	N22B	GA5C
DEC2	N22BA	AA5
DEC3	N22BB	BE65
DEC4	N22BC	CH7B
DEC6	N22BE	EAGL
DEC7	N22BF	CH7A
DEC8	N22BG	RV14
DECB	N22BK	BE60
DECC	N22BL	P337
DECD	N22BM	RV8
DECE	N22BN	MIMU
DECF	N22BP	EPIC
DED0	N22BQ	CASS
DED1	N22BR	BE18
DED2	N22BS	BE95
DED3	N22BT	BLKS
DED4	N22BU	EAGL
DED5	N22BV	SR20
DED7	N22BX	BE50
DED8	N22BY	BE35
DED9	N22BZ	C150
DEDA	N22C	C182
DEDB	N22CA	COL3
DEDC	N22CB	C185
DEDD	N22CC	BE58
DEDE	N22CD	TAYB
DEDF	N22CE	SR22
DEE0	N22CF	C182
DEE1	N22CG	C441
DEE3	N22CJ	PA30
DEE4	N22CK	P32R
DEE6	N22CM	C337
DEE8	N22CP	H25B
DEE9	N22CQ	GLST
DEEA	N22CR	BE9L
DEEB	N22CS	T206
DEEC	N22CT	LJ45
DEED	N22CU	C82S
DEEE	N22CV	C210
DEEF	N22CW	S22T
DEF0	N22CX	PA46
DEF1	N22CY	SR22
DEF3	N22D	ST75
DEF5	N22DB	SR22
DEF6	N22DC	C82S
DEF7	N22DD	RV4
DEF8	N22DE	C172
DEF9	N22DF	PA11
DEFF	N22DM	SR22
DF00	N22DN	VELO
DF03	N22DR	BL17
DF04	N22DS	BE35
DF05	N22DT	PA32
DF06	N22DU	T18
DF07	N22DV	P28A
DF09	N22DX	C182
DF0D	N22EA	B06
DF0F	N22EC	C310
DF10	N22ED	BE35
DF11	N22EE	AEST
DF12	N22EF	J3
DF13	N22EG	SR22
DF17	N22EL	C501
DF18	N22EM	C510
DF19	N22EN	PTS1
DF1A	N22EP	T210
DF1D	N22ES	T33
DF1F	N22EU	VELT
DF20	N22EV	PA18
DF21	N22EW	BE95
DF22	N22EX	E300
DF25	N22F	BE20
DF27	N22FB	C210
DF28	N22FC	AP22
DF2B	N22FF	GLID
DF2C	N22FG	C185
DF2D	N22FH	M20P
DF31	N22FM	C550
DF36	N22FS	BE9L
DF3B	N22FX	PA46
DF3C	N22FY	CL60
DF3F	N22GA	C25B
DF40	N22GB	C310
DF41	N22GC	C180
DF42	N22GD	BE35
DF43	N22GE	PA31
DF44	N22GF	C550
DF46	N22GH	BE36
DF48	N22GK	VEZE
DF49	N22GL	BOLT
DF4A	N22GM	BEAR
DF4B	N22GN	PA22
DF4C	N22GP	C210
DF4E	N22GR	C550
DF4F	N22GS	BE20
DF50	N22GT	P46T
DF53	N22GW	GC1
DF54	N22GX	SR22
DF58	N22HA	P28R
DF59	N22HB	C310
DF5A	N22HC	GLAS
DF5B	N22HD	BPAT
DF5D	N22HF	R22
DF5E	N22HG	BE33
DF60	N22HJ	SONX
DF63	N22HM	M20P
DF65	N22HP	TBM7
DF67	N22HR	BE35
DF6B	N22HV	SIRA
DF6F	N22HZ	CB1
DF70	N22J	CRUZ
DF71	N22JA	C550
DF72	N22JB	SA30
DF74	N22JD	R22
DF75	N22JE	PTS1
DF76	N22JF	PTS1
DF77	N22JG	C185
DF78	N22JH	T18
DF7B	N22JL	PA34
DF7C	N22JM	SA75
DF7D	N22JN	C72R
DF7F	N22JQ	CA4
DF81	N22JS	PTS1
DF82	N22JT	AA5
DF83	N22JU	R22
DF84	N22JV	PA11
DF86	N22JX	GLAS
DF87	N22JY	BE60
DF89	N22K	BE60
DF8A	N22KA	CH7B
DF8D	N22KD	T6
DF8E	N22KE	SREY
DF8F	N22KF	FOX
DF91	N22KH	SR22
DF92	N22KJ	BOLT
DF93	N22KK	DHC2
DF95	N22KM	T210
DF97	N22KP	RV4
DF9A	N22KS	P28R
DF9B	N22KT	LNC2
DF9D	N22KV	PA38
DFA2	N22L	S22T
DFA4	N22LB	G2T1
DFA6	N22LD	BEAR
DFA8	N22LF	BD4
DFAA	N22LH	FOX
DFAB	N22LJ	BIPL
DFAC	N22LK	J3
DFAD	N22LL	BL8
DFAE	N22LM	PA30
DFB0	N22LP	PC12
DFB4	N22LT	EVOP
DFB5	N22LU	ONEX
DFB6	N22LV	AP22
DFB7	N22LW	BE95
DFB8	N22LX	C25A
DFBA	N22LZ	CH65
DFBB	N22M	C182
DFBC	N22MA	PC6T
DFBE	N22MC	GLAS
DFBF	N22MD	C337
DFC0	N22ME	P28R
DFC2	N22MG	C414
DFC4	N22MJ	P28B
DFC5	N22MK	MU2
DFC7	N22MM	P28A
DFCA	N22MQ	AC50
DFCC	N22MS	S22T
DFCD	N22MT	BE9L
DFD0	N22MW	E300
DFD2	N22MY	TBM7
DFD3	N22MZ	MU2
DFD4	N22N	BE9L
DFD9	N22NE	C210
DFDA	N22NF	F2TH
DFDB	N22NG	PC12
DFDC	N22NH	B06
DFDD	N22NJ	EA50
DFDF	N22NL	PA32
DFE0	N22NM	NOMA
DFE1	N22NN	C182
DFE2	N22NP	BE35
DFE5	N22NS	M20P
DFE6	N22NT	FOX
DFE8	N22NV	RV6
DFE9	N22NW	C82S
DFEA	N22NX	PC12
DFEB	N22NY	PC12
DFED	N22P	S22T
DFEE	N22PA	BE24
DFEF	N22PB	PC24
DFF0	N22PC	C550
DFF1	N22PD	S22T
DFF2	N22PE	BE20
DFF3	N22PF	SA10
DFF7	N22PK	BE35
DFFA	N22PN	C337
DFFB	N22PP	B412
DFFE	N22PS	BE24
DFFF	N22PT	C320
E001	N22PV	CMAS
E002	N22PW	PA34
E003	N22PX	PISI
E004	N22PY	B06
E008	N22QB	GLST
E015	N22QQ	DA40
E018	N22QT	DA40
E01B	N22QW	BE35
E01F	N22R	R22
E020	N22RA	SF50
E024	N22RE	C182
E027	N22RH	GLIM
E028	N22RJ	M20P
E02A	N22RL	AA5
E02B	N22RM	LNC2
E02C	N22RN	P28R
E02F	N22RR	BE35
E030	N22RS	P28A
E031	N22RT	S22T
E034	N22RW	C172
E037	N22RZ	LGEZ
E038	N22S	C25A
E039	N22SA	LNP4
E03A	N22SB	C310
E03B	N22SC	Z26
E03C	N22SD	C177
E03D	N22SE	AS50
E03E	N22SF	CL60
E03F	N22SG	PA30
E040	N22SH	B47G
E041	N22SJ	C172
E045	N22SN	G280
E046	N22SP	UH12
E047	N22SQ	GLIM
E048	N22SR	P28R
E04B	N22SU	O1
E04C	N22SV	AA5
E04F	N22SY	PA46
E050	N22SZ	C680
E051	N22T	GLF6
E052	N22TA	BE95
E053	N22TB	PC12
E056	N22TE	C208
E057	N22TF	SA30
E058	N22TG	C210
E059	N22TH	BE35
E05A	N22TJ	BOLT
E05B	N22TK	PA24
E05C	N22TL	S22T
E05E	N22TN	BE35
E05F	N22TP	P46T
E062	N22TS	F2TH
E066	N22TW	GLIM
E068	N22TY	BE58
E069	N22TZ	EC30
E06A	N22U	TAYB
E06C	N22UB	C25C
E076	N22UM	SR22
E078	N22UP	RV8
E07C	N22UT	PA32
E07D	N22UU	GLID
E081	N22UY	CRER
E083	N22V	NAVI
E084	N22VA	M20P
E085	N22VB	GLAS
E086	N22VC	SR22
E088	N22VE	VEZE
E089	N22VF	P210
E08A	N22VG	SR22
E08B	N22VH	BE35
E08D	N22VK	PRM1
E08E	N22VL	DEFI
E091	N22VP	VP2
E093	N22VR	BE9L
E094	N22VS	H25B
E095	N22VT	PA23
E096	N22VU	GLID
E097	N22VV	CC19
E098	N22VW	RV7
E099	N22VX	BE58
E09C	N22W	C208
E0A0	N22WD	M20P
E0A2	N22WF	PA31
E0A4	N22WH	AT8T
E0A5	N22WJ	RV7
E0A6	N22WK	GLST
E0A7	N22WL	BE35
E0AA	N22WP	BE95
E0AC	N22WR	C182
E0AD	N22WS	BE36
E0AE	N22WT	J3
E0AF	N22WU	SR20
E0B1	N22WW	P28A
E0B2	N22WX	SR22
E0B3	N22WY	DIMO
E0B5	N22X	BE35
E0B9	N22XD	SR22
E0BB	N22XF	CH60
E0BC	N22XG	BE35
E0BE	N22XJ	SR22
E0BF	N22XK	RV6
E0C0	N22XL	GLIM
E0C5	N22XR	DEFI
E0C6	N22XS	EAGL
E0C8	N22XU	SR22
E0CB	N22XX	C172
E0CD	N22XZ	CL30
E0DB	N22YN	CC11
E0DE	N22YR	MUS2
E0E0	N22YT	SONX
E0E5	N22YY	LEG2
E0E8	N22ZA	B06
E0E9	N22ZB	GLID
E0EA	N22ZC	VEZE
E0EC	N22ZE	EDGE
E0ED	N22ZF	SR22
E0EE	N22ZG	G200
E0EF	N22ZH	HUSK
E0FB	N22ZV	BE36
E0FF	N22ZZ	PA23
E100	N220	SR22
E101	N220A	BE95
E102	N220AA	GALX
E104	N220AC	ACAM
E105	N220AD	SR22
E107	N220AF	PC24
E108	N220AG	R22
E10B	N220AK	C25B
E10D	N220AM	SR22
E113	N220AT	A4
E115	N220AV	C560
E11B	N220BA	T6
E11C	N220BB	SR22
E11E	N220BD	M20P
E121	N220BG	C56X
E122	N220BH	RV8
E124	N220BK	P32R
E128	N220BP	C550
E12A	N220BR	C310
E130	N220BX	BE95
E132	N220BZ	BCS3
E133	N220C	S108
E135	N220CB	RV6
E136	N220CC	A109
E137	N220CD	SR22
E139	N220CF	AS50
E13A	N220CG	BE30
E13B	N220CH	TBM7
E13D	N220CK	LJ35
E145	N220CT	S22T
E147	N220CV	FA10
E148	N220CW	GLIM
E14A	N220CY	B763
E14C	N220D	BE35
E14E	N220DB	M20P
E151	N220DE	C206
E152	N220DF	F2TH
E155	N220DJ	G200
E156	N220DK	C510
E158	N220DM	R22
E15A	N220DP	M200
E15C	N220DR	RV6
E15D	N220DS	BE50
E165	N220E	GLIM
E166	N220EA	C208
E16A	N220EE	CRUZ
E173	N220EP	C172
E17D	N220EZ	VEZE
E17E	N220F	GLEX
E180	N220FB	C172
E181	N220FC	M20P
E189	N220FL	PA44
E18B	N220FN	JS31
E18E	N220FR	A320
E190	N220FT	R22
E194	N220FX	CL35
E198	N220GA	PA11
E19B	N220GD	C414
E19E	N220GG	R44
E1A1	N220GK	SR22
E1A2	N220GL	B190
E1A3	N220GM	PA34
E1A5	N220GP	B06
E1AC	N220GW	LNP4
E1B0	N220H	PA18
E1B1	N220HA	A21N
E1B4	N220HD	C310
E1B7	N220HG	CH2T
E1BC	N220HM	C501
E1CA	N220JA	C172
E1CC	N220JC	YK52
E1CD	N220JD	WAIX
E1D0	N220JG	P28A
E1D2	N220JJ	H25B
E1D3	N220JK	CH7A
E1D4	N220JL	C25A
E1D7	N220JP	PC12
E1D8	N220JQ	E75L
E1DE	N220JW	G200
E1E3	N220KA	PA34
E1E5	N220KC	PA34
E1EE	N220KM	S22T
E1F7	N220KW	BE20
E1FB	N220L	P32R
E1FE	N220LC	CL60
E200	N220LE	C56X
E20B	N220LR	BE35
E214	N220M	CRER
E215	N220MA	TBM7
E218	N220MD	LJ60
E219	N220ME	T206
E21A	N220MF	SYMP
E21B	N220MG	P28R
E21C	N220MH	B06
E21D	N220MJ	SF34
E21F	N220ML	CH7A
E220	N220MM	HROC
E224	N220MR	SR22
E226	N220MT	SR22
E229	N220MW	BE36
E22E	N220NA	T28
E235	N220NH	DV20
E23A	N220NN	E75L
E241	N220NV	A320
E244	N220NY	C172
E24A	N220PD	H500
E24C	N220PF	H25B
E252	N220PM	M4
E257	N220PS	CRJ2
E258	N220PT	ST75
E269	N220QK	K100
E270	N220QS	CL60
E279	N220RA	BE20
E27A	N220RB	GLAS
E27E	N220RF	RV6
E283	N220RL	RBEL
E284	N220RM	P32R
E286	N220RP	BE36
E288	N220RR	RS20
E289	N220RS	PC24
E28C	N220RV	RV10
E291	N220S	GLIM
E294	N220SC	C560
E298	N220SG	R44
E299	N220SH	EC30
E29A	N220SJ	LAMA
E29C	N220SL	T6
E29F	N220SP	B06
E2A1	N220SR	SR22
E2A2	N220SS	ST75
E2A6	N220SW	R44
E2AA	N220T	P210
E2AB	N220TA	PTS2
E2AC	N220TB	R44
E2AD	N220TC	C185
E2AE	N220TD	GLF4
E2B0	N220TF	RV12
E2B1	N220TG	PA34
E2B2	N220TH	SR20
E2B3	N220TJ	T210
E2B6	N220TM	M20P
E2BC	N220TT	BE20
E2BF	N220TW	SSTL
E2C3	N220U	C152
E2C4	N220UA	B772
E2CF	N220UM	P46T
E2DC	N220V	BE95
E2E2	N220VF	S22T
E2EE	N220VT	BE20
E2F5	N220W	PA46
E2F7	N220WB	T210
E2F8	N220WC	C172
E2FC	N220WG	RV14
E2FF	N220WK	ST75
E301	N220WM	R22
E302	N220WN	B737
E305	N220WR	BE36
E306	N220WS	C82R
E307	N220WT	SREY
E30E	N220X	PA18
E311	N220XC	CC11
E31C	N220XP	C310
E323	N220XW	C208
E327	N220Y	JUN1
E359	N2200	GLID
E35F	N2200F	C82S
E360	N2200G	C182
E362	N2200J	P32R
E363	N2200K	M20P
E366	N2200N	C140
E368	N2200Q	SS2T
E369	N2200R	M20P
E36A	N2200S	PA32
E36F	N2200X	C337
E370	N2200Y	P28B
E373	N22001	C150
E375	N22003	C150
E376	N22004	L8
E37B	N22009	C150
E37C	N2201	M20P
E37D	N2201A	M20P
E37E	N2201B	L8
E37F	N2201C	C303
E380	N2201D	C170
E384	N2201H	ERCO
E386	N2201K	L8
E387	N2201L	BE35
E388	N2201M	M20P
E389	N2201N	C140
E38A	N2201P	M20P
E38B	N2201Q	M20P
E38C	N2201R	M20P
E38E	N2201T	P28A
E38F	N2201U	B36T
E390	N2201V	C140
E393	N2201Y	C177
E395	N22010	C172
E398	N22013	L8
E399	N22014	C150
E39B	N22016	C150
E39E	N22019	C150
E39F	N2202	GLID
E3A0	N2202A	P28A
E3A1	N2202B	L8
E3A5	N2202F	RS12
E3A8	N2202J	C150
E3A9	N2202K	L8
E3AA	N2202L	P28R
E3AC	N2202N	T206
E3AD	N2202P	PA23
E3AE	N2202Q	C172
E3B1	N2202T	TF22
E3B2	N2202U	PA32
E3B3	N2202V	C140
E3B4	N2202W	P28A
E3B5	N2202X	PA44
E3B6	N2202Y	P28B
E3B7	N2202Z	P28A
E3B8	N22020	L8
E3BB	N22023	L8
E3BD	N22025	C150
E3C1	N22029	C150
E3C3	N2203A	P28A
E3C6	N2203D	P28A
E3C8	N2203F	P28A
E3C9	N2203G	C182
E3CA	N2203H	ERCO
E3CD	N2203L	BE33
E3CE	N2203M	P28A
E3CF	N2203N	C140
E3D0	N2203P	PA23
E3D2	N2203R	AA5
E3D4	N2203T	P28A
E3D5	N2203U	TRDO
E3D6	N2203V	P28A
E3D8	N2203X	TBM7
E3DD	N22032	FA24
E3DF	N22034	C172
E3E1	N22036	FA24
E3E2	N22037	C150
E3E6	N2204A	P28B
E3E8	N2204C	C180
E3E9	N2204D	P28A
E3EB	N2204F	C140
E3EC	N2204G	C182
E3EF	N2204K	L8
E3F0	N2204L	M20P
E3F2	N2204N	C140
E3F7	N2204T	P28R
E3F8	N2204U	PA32
E3F9	N2204V	C140
E3FB	N2204X	PA44
E3FC	N2204Y	C177
E3FD	N2204Z	KR2
E400	N22042	PA34
E402	N22044	C82T
E405	N22047	FA24
E409	N2205A	PA18
E40D	N2205E	CH7A
E40E	N2205F	P28B
E410	N2205H	P28R
E411	N2205J	A21N
E412	N2205K	L8
E413	N2205L	BE55
E414	N2205M	P28A
E415	N2205N	C140
E416	N2205P	P32R
E41A	N2205T	MUS2
E41B	N2205U	PA32
E41C	N2205V	C140
E41D	N2205W	PA34
E41E	N2205X	GSIS
E41F	N2205Y	P28B
E422	N22051	L8
E423	N22052	L8
E424	N22053	C150
E426	N22055	C72R
E42C	N2206A	P28A
E42D	N2206B	P28B
E42E	N2206C	C180
E42F	N2206D	P28A
E432	N2206G	T28
E437	N2206M	J3
E438	N2206N	C140
E43A	N2206Q	P28R
E43B	N2206R	T210
E43D	N2206T	P28A
E441	N2206X	S92
E442	N2206Y	C177
E444	N22060	C150
E445	N22061	P28A
E44D	N22069	C185
E44E	N2207	YK52
E44F	N2207A	PA18
E451	N2207C	C180
E452	N2207D	C170
E453	N2207E	C172
E454	N2207F	C310
E455	N2207G	C182
E457	N2207J	C150
E458	N2207K	L8
E459	N2207L	BE36
E45A	N2207M	J3
E45B	N2207N	C140
E462	N2207V	C140
E465	N2207Y	T28
E466	N2207Z	P28A
E467	N22070	C150
E46B	N22074	L8
E46D	N22076	C150
E46E	N22077	C150
E46F	N22078	C150
E471	N2208	C172
E472	N2208A	P32R
E473	N2208B	L8
E474	N2208C	SRAI
E478	N2208G	C182
E47B	N2208K	L8
E47D	N2208M	J3
E486	N2208W	M20P
E489	N2208Z	YK52
E48A	N22080	C172
E48D	N22083	C150
E48F	N22085	C150
E491	N22087	L8
E492	N22088	C172
E494	N2209	BCAT
E495	N2209A	WAIX
E498	N2209D	C170
E499	N2209E	C172
E49C	N2209H	C82S
E49D	N2209J	B47G
E49F	N2209L	BE35
E4A0	N2209M	M20P
E4A1	N2209N	C120
E4A2	N2209P	PA23
E4A4	N2209R	T210
E4A6	N2209T	PA32
E4AB	N2209Y	P28B
E4AD	N22090	C150
E4AE	N22091	L8
E4B3	N22096	L8
E4B4	N22097	BE36
E4B5	N22098	L8
E4B6	N22099	BE33
E4B7	N221	C560
E4B8	N221A	C172
E4BA	N221AB	BE35
E4BB	N221AC	PA31
E4BD	N221AE	RV10
E4BE	N221AF	AVID
E4C0	N221AH	P32R
E4C2	N221AK	C188
E4C4	N221AM	TB20
E4CC	N221AV	PIVI
E4CD	N221AW	SR22
E4D1	N221B	C182
E4D2	N221BA	JUNR
E4D3	N221BB	M20P
E4D4	N221BC	PA18
E4D5	N221BD	BE35
E4D7	N221BF	C210
E4D9	N221BH	BE99
E4DB	N221BK	L8
E4DD	N221BM	SR22
E4DE	N221BN	CRES
E4E2	N221BS	PA18
E4E6	N221BW	CL60
E4E9	N221BZ	BCS3
E4EA	N221C	S108
E4EB	N221CA	AEST
E4EC	N221CB	FA50
E4ED	N221CC	GLIM
E4EE	N221CD	SR22
E4EF	N221CE	S22T
E4F0	N221CF	RV9
E4F1	N221CG	T34P
E4F2	N221CH	BE58
E4F8	N221CP	GLIM
E4FB	N221CS	P32R
E4FC	N221CT	FDCT
E4FE	N221CV	RV4
E4FF	N221CW	GLIM
E500	N221CX	HDJT
E505	N221DB	BE35
E506	N221DC	BE36
E508	N221DE	PC12
E509	N221DF	PA24
E50A	N221DG	GLF6
E50C	N221DJ	SEAW
E50D	N221DK	P32R
E510	N221DN	FB1A
E511	N221DP	BE36
E51C	N221E	GLID
E51D	N221EA	GLF4
E51F	N221EC	PA20
E523	N221EG	S22T
E528	N221EM	E50P
E52A	N221EP	C172
E531	N221EW	AA5
E534	N221EZ	SREY
E535	N221F	C150
E538	N221FC	M20P
E540	N221FL	PA44
E542	N221FN	JS31
E547	N221FT	B350
E548	N221FU	RV7
E54B	N221FX	CL35
E54E	N221G	BE30
E554	N221GF	COY2
E555	N221GG	PTS2
E556	N221GH	P32R
E558	N221GK	C68A
E55C	N221GP	B06
E55F	N221GS	C82S
E560	N221GT	S22T
E563	N221GW	SR22
E567	N221H	FA20
E56D	N221HF	UH1
E56E	N221HG	R22
E570	N221HJ	FA7X
E575	N221HP	M20P
E577	N221HR	BE56
E580	N221J	DH82
E581	N221JA	SR22
E582	N221JB	BL8
E584	N221JD	P180
E585	N221JE	T206
E588	N221JH	GLIM
E58B	N221JL	MRAI
E58F	N221JQ	E75L
E590	N221JR	GLF4
E591	N221JS	C700
E592	N221JT	T206
E595	N221JW	HUSK
E59C	N221KC	R22
E5A3	N221KK	P28B
E5A4	N221KL	C172
E5A7	N221KP	RV7
E5AA	N221KS	GLIM
E5B2	N221L	GLID
E5B3	N221LA	AS50
E5B5	N221LC	C680
E5BE	N221LM	SH36
E5C3	N221LS	FDCT
E5CB	N221M	KR34
E5CD	N221MB	C310
E5CF	N221MD	PC12
E5D0	N221ME	C172
E5D1	N221MF	C172
E5D2	N221MG	MG21
E5D3	N221MH	RV6
E5D4	N221MJ	GLF4
E5D7	N221MM	BE30
E5D9	N221MP	EN28
E5DB	N221MR	BE36
E5DD	N221MT	AS50
E5E0	N221MW	CH60
E5E4	N221N	BE36
E5E8	N221ND	P28A
E5ED	N221NJ	J3
E5F1	N221NN	E75L
E5F6	N221NT	BE22
E5F8	N221NV	A320
E5FB	N221NY	C172
E5FD	N221P	RV6
E5FE	N221PA	AS50
E5FF	N221PB	H25B
E600	N221PC	PC12
E603	N221PF	PIAT
E604	N221PG	S22T
E605	N221PH	SR22
E606	N221PJ	AA5
E609	N221PM	BL8
E60B	N221PP	PA46
E60E	N221PS	CRJ2
E615	N221PZ	PA18
E62F	N221R	CH7A
E631	N221RB	RV4
E632	N221RC	PC12
E635	N221RF	BE35
E636	N221RG	M20P
E637	N221RH	R22
E638	N221RJ	EXPR
E63A	N221RL	RV4
E63D	N221RP	SR22
E641	N221RT	DHC2
E643	N221RV	RV14
E644	N221RW	GA6C
E648	N221S	C25C
E649	N221SA	RV6
E64A	N221SB	GLIM
E64B	N221SC	CRUZ
E64C	N221SD	P28R
E64E	N221SF	S22T
E654	N221SM	C172
E659	N221SS	STOR
E65A	N221ST	PA46
E65C	N221SV	CL30
E661	N221T	PA18
E663	N221TB	PA46
E664	N221TC	SBOY
E665	N221TD	PA34
E667	N221TF	RV12
E668	N221TG	H500
E66A	N221TJ	C172
E66C	N221TL	BE35
E66D	N221TM	RV4
E671	N221TR	SR20
E672	N221TS	YK52
E673	N221TT	S22T
E675	N221TV	SR20
E676	N221TW	FA20
E677	N221TX	SR22
E67B	N221UA	B772
E686	N221UM	MG21
E693	N221V	M20P
E695	N221VB	RV14
E69B	N221VH	L8
E6A1	N221VP	C56X
E6A3	N221VR	BE33
E6A5	N221VT	FDCT
E6AC	N221W	MT
E6AE	N221WB	COL4
E6B0	N221WD	RV12
E6B3	N221WG	P32R
E6B8	N221WM	R22
E6B9	N221WN	B737
E6BC	N221WR	LJ45
E6BD	N221WS	BE33
E6C3	N221WY	HUSK
E6C5	N221X	M5
E6C8	N221XC	RV14
E6CE	N221XJ	CRJ2
E6DB	N221XX	PC12
E6E2	N221YD	M20P
E6E8	N221YK	YK18
E6F7	N221Z	RV8
E709	N221ZT	R22
E70F	N221ZZ	C182
E712	N2210B	L8
E713	N2210C	T210
E719	N2210J	C150
E71B	N2210L	BE24
E71C	N2210M	J3
E71F	N2210Q	P32R
E720	N2210R	T210
E725	N2210W	M20P
E726	N2210X	P28A
E727	N2210Y	M20P
E72A	N22101	C172
E72E	N22105	AR65
E72F	N22106	C150
E731	N22108	AR65
E735	N2211B	VP2
E736	N2211C	P28A
E737	N2211D	C170
E738	N2211E	P28B
E739	N2211F	C310
E73A	N2211G	C182
E73C	N2211J	P28B
E73D	N2211K	L8
E73F	N2211M	J3
E740	N2211N	B47G
E742	N2211Q	C421
E748	N2211W	M20P
E74A	N2211Y	C177
E74B	N2211Z	P28A
E750	N22114	AR50
E751	N22115	C150
E752	N22116	AR65
E753	N22117	P32R
E757	N2212A	C310
E758	N2212B	L8
E75A	N2212D	P28R
E75B	N2212E	CH7A
E75D	N2212G	ST75
E75E	N2212H	ERCO
E760	N2212K	L8
E761	N2212L	BE24
E764	N2212P	PA23
E766	N2212R	P28A
E76A	N2212V	C140
E76B	N2212W	C172
E76D	N2212Y	C177
E76F	N22120	G200
E770	N22121	T210
E771	N22122	AR65
E772	N22123	C150
E776	N22127	AR65
E777	N22128	C150
E779	N2213	WACC
E77A	N2213A	PA20
E77C	N2213C	C180
E77F	N2213F	P28B
E780	N2213G	C182
E781	N2213H	ERCO
E782	N2213J	C150
E783	N2213K	L8
E785	N2213M	P28B
E786	N2213N	M20P
E787	N2213P	P28A
E78D	N2213V	C140
E78E	N2213W	P28R
E792	N22130	C150
E793	N22131	C185
E797	N22135	C150
E798	N22136	P32R
E79A	N22138	C150
E79D	N2214A	PA22
E79E	N2214B	L8
E79F	N2214C	C180
E7A0	N2214D	P28B
E7A2	N2214F	P32R
E7A3	N2214G	C182
E7A4	N2214H	ERCO
E7A7	N2214L	C82T
E7A8	N2214M	P28A
E7AA	N2214P	PA23
E7AB	N2214Q	C421
E7AC	N2214R	T210
E7B0	N2214V	P28R
E7B2	N2214X	SR20
E7B3	N2214Y	C177
E7B5	N22140	T6
E7B8	N22143	C210
E7BA	N22145	C150
E7BB	N22146	C150
E7BC	N22147	C150
E7C0	N2215A	PA22
E7C3	N2215D	T28
E7C4	N2215E	CH7A
E7C6	N2215G	B105
E7C8	N2215J	C150
E7C9	N2215K	L8
E7CA	N2215L	BE23
E7CB	N2215M	J3
E7CC	N2215N	C140
E7CD	N2215P	PA23
E7CE	N2215Q	P28R
E7D1	N2215T	C185
E7D6	N2215Y	M20P
E7D7	N2215Z	P28A
E7D8	N22150	C150
E7DB	N22153	C150
E7DC	N22154	YK52
E7DD	N22155	C150
E7DF	N22157	C150
E7E0	N22158	C150
E7E1	N22159	C150
E7E3	N2216A	PA22
E7E4	N2216B	L8
E7E5	N2216C	C180
E7E7	N2216E	CH7A
E7E8	N2216F	T206
E7EC	N2216K	R22
E7EF	N2216N	C140
E7F1	N2216Q	P28R
E7F3	N2216S	P2
E7F5	N2216U	T206
E7F6	N2216V	C140
E7F8	N2216X	C337
E7F9	N2216Y	PA44
E7FB	N22160	C150
E7FC	N22161	CJ6
E7FD	N22162	C150
E7FF	N22164	AR65
E801	N22166	M20P
E804	N22169	AR65
E806	N2217A	PA20
E808	N2217C	C182
E809	N2217D	PA44
E80A	N2217E	P32R
E80D	N2217H	ERCO
E80F	N2217K	P28A
E810	N2217L	C82T
E815	N2217R	T210
E817	N2217T	C185
E819	N2217V	CLON
E81C	N2217Y	BE35
E81E	N22170	C150
E81F	N22171	AR65
E820	N22172	C150
E821	N22173	AR65
E823	N22175	P28A
E826	N22178	C150
E82A	N2218B	C170
E82B	N2218C	C180
E82D	N2218E	P2
E82F	N2218G	BOLT
E830	N2218H	CL35
E832	N2218K	L8
E833	N2218L	BE19
E834	N2218M	M20P
E837	N2218Q	P2
E838	N2218R	T210
E839	N2218S	PA32
E83B	N2218U	PA34
E83C	N2218V	C140
E83E	N2218X	P28A
E83F	N2218Y	C177
E840	N2218Z	P28R
E842	N22181	AR65
E844	N22183	C150
E845	N22184	M20P
E84D	N2219B	L8
E84E	N2219C	C180
E84F	N2219D	C170
E850	N2219E	C172
E854	N2219J	C150
E855	N2219K	L8
E856	N2219L	BE23
E857	N2219M	BE36
E858	N2219N	C140
E85D	N2219T	C185
E85F	N2219V	C140
E862	N2219Y	P28A
E863	N2219Z	P28R
E864	N22190	C150
E865	N22191	C150
E866	N22192	C150
E867	N22193	P28A
E868	N22194	C150
E86A	N22196	C150
E86B	N22197	C150
E86D	N22199	P28A
E86E	N222	RV9
E871	N222AB	BE95
E872	N222AC	BE36
E873	N222AD	DA40
E876	N222AG	BE9T
E878	N222AJ	B47G
E879	N222AK	C180
E87D	N222AP	WAIX
E87F	N222AR	M5
E880	N222AS	BE55
E881	N222AT	C210
E883	N222AV	PA34
E884	N222AW	C310
E885	N222AX	C414
E886	N222AY	AEST
E887	N222AZ	COY2
E889	N222BA	S22T
E88B	N222BC	RV8
E88D	N222BE	EA50
E88F	N222BG	SR22
E890	N222BH	M20P
E891	N222BJ	C414
E894	N222BM	P28A
E89A	N222BT	SR22
E89C	N222BV	C172
E89D	N222BW	HROC
E89F	N222BY	COL4
E8A0	N222BZ	LEG2
E8A2	N222CA	BL8
E8A3	N222CB	BE35
E8A5	N222CD	RV6
E8A7	N222CF	S22T
E8AD	N222CM	PC12
E8AE	N222CN	SF50
E8B1	N222CR	BE36
E8B2	N222CS	TBM7
E8B3	N222CT	C182
E8B7	N222CX	GLIM
E8B8	N222CY	BE20
E8BA	N222D	SREY
E8BB	N222DA	C560
E8BC	N222DB	P32R
E8BE	N222DD	S22T
E8BF	N222DE	PC12
E8C2	N222DH	FB1A
E8C3	N222DJ	C310
E8C4	N222DK	M20P
E8C5	N222DL	P28A
E8C7	N222DN	CRER
E8C8	N222DP	B763
E8CA	N222DR	BE35
E8CB	N222DS	BIPL
E8CC	N222DT	BE35
E8CE	N222DV	S22T
E8D6	N222EC	PTS1
E8D7	N222ED	SR22
E8D9	N222EF	BE35
E8DD	N222EK	GLID
E8E3	N222ER	C182
E8E4	N222ES	RV8
E8E8	N222EW	PA23
E8E9	N222EX	B222
E8EC	N222F	T206
E8ED	N222FA	MU2
E8F0	N222FD	C150
E8F3	N222FG	C414
E8F7	N222FL	P28A
E8F9	N222FN	BE33
E8FD	N222FS	PA46
E8FE	N222FT	CAT
E901	N222FW	C310
E902	N222FX	CL35
E903	N222FY	C750
E906	N222GA	P28R
E907	N222GB	AEST
E909	N222GD	M20P
E90A	N222GE	PA32
E90B	N222GF	DA40
E90C	N222GG	PTS1
E90D	N222GH	R22
E90F	N222GK	SS2P
E910	N222GL	BE36
E911	N222GM	BE60
E912	N222GN	MAME
E916	N222GS	BE58
E917	N222GT	RV6
E919	N222GV	GLF5
E91A	N222GW	PA31
E91B	N222GX	M20P
E91C	N222GY	GLF4
E91E	N222H	LNC2
E91F	N222HA	B06
E920	N222HB	P28R
E921	N222HC	BT36
E923	N222HE	C172
E928	N222HK	G150
E929	N222HL	PA24
E92A	N222HM	M20P
E92B	N222HN	EC35
E92C	N222HP	C82R
E931	N222HU	HUSK
E933	N222HW	SR20
E935	N222HY	HUSK
E938	N222JA	R22
E939	N222JB	BE36
E93B	N222JD	PTS2
E93C	N222JE	F2TH
E93D	N222JF	M20P
E93E	N222JG	BE95
E93F	N222JH	C182
E942	N222JL	PA32
E943	N222JM	C25A
E945	N222JP	BE33
E946	N222JQ	E75L
E94C	N222JW	BE33
E94E	N222JY	BE40
E952	N222KB	E55P
E953	N222KC	BE20
E954	N222KD	AEST
E957	N222KG	RV7
E958	N222KH	PA23
E959	N222KJ	L29
E95B	N222KL	RV6
E95C	N222KM	RV4
E95E	N222KP	C182
E960	N222KR	M20P
E961	N222KS	P28A
E962	N222KT	P28A
E963	N222KU	H25B
E965	N222KW	C82S
E969	N222L	C320
E96A	N222LA	BE20
E96D	N222LD	SR22
E96E	N222LE	AC50
E972	N222LJ	P337
E973	N222LK	RV10
E974	N222LL	B222
E975	N222LM	CL60
E977	N222LP	BE10
E97A	N222LS	T206
E97B	N222LT	M20P
E97D	N222LV	RV6
E97E	N222LW	NAVI
E97F	N222LX	GLF5
E980	N222LY	RV9
E983	N222MA	LNP4
E984	N222MB	BE95
E985	N222MC	CL60
E986	N222MD	C310
E987	N222ME	AC68
E98A	N222MH	T206
E98B	N222MJ	PA12
E98C	N222MK	BE33
E98E	N222MM	M20P
E993	N222MS	F2TH
E994	N222MT	C82S
E995	N222MU	FA10
E99B	N222N	J3
E99F	N222ND	P28A
E9A0	N222NE	LJ45
E9A1	N222NF	C25A
E9A3	N222NH	DV20
E9A6	N222NL	RV6
E9A7	N222NM	BE60
E9AC	N222NS	E75L
E9AD	N222NT	BE22
E9AF	N222NV	A320
E9B0	N222NW	BE33
E9B1	N222NX	ONEX
E9B2	N222NY	C172
E9B4	N222P	ERCO
E9B5	N222PA	C150
E9B6	N222PB	H25B
E9B9	N222PE	C310
E9BA	N222PF	C182
E9BB	N222PG	BE55
E9BC	N222PH	CL60
E9BD	N222PJ	P28A
E9C1	N222PN	CHR1
E9C2	N222PP	P32R
E9C4	N222PR	C414
E9C6	N222PT	P28R
E9C8	N222PV	B350
E9C9	N222PW	GLAS
E9CA	N222PX	C182
E9CD	N222Q	C182
E9CE	N222QA	C150
E9E6	N222R	BE58
E9E7	N222RA	P28R
E9E8	N222RB	BE58
E9EA	N222RD	C340
E9EB	N222RE	BE36
E9ED	N222RG	BE58
E9EF	N222RJ	M20P
E9F0	N222RK	CH7B
E9F1	N222RL	DHC2
E9F2	N222RM	C414
E9F4	N222RP	SF50
E9F5	N222RQ	S22T
E9F6	N222RR	UH1
E9F7	N222RS	P28R
E9F8	N222RT	S22T
E9FA	N222RV	RV4
E9FB	N222RW	VELO
E9FE	N222RZ	BE58
E9FF	N222S	BE35
EA00	N222SA	C150
EA01	N222SB	C180
EA02	N222SC	CRUZ
EA03	N222SD	BE36
EA07	N222SH	EC30
EA08	N222SJ	C210
EA09	N222SK	PA17
EA0A	N222SL	PA31
EA0B	N222SM	BE35
EA0C	N222SN	BL17
EA0D	N222SP	M20P
EA0F	N222SR	SR22
EA10	N222SS	P32R
EA11	N222ST	C310
EA15	N222SX	SONX
EA18	N222T	CRER
EA19	N222TA	C150
EA1A	N222TB	RV12
EA1C	N222TD	BE36
EA1D	N222TE	UH12
EA1E	N222TF	M7
EA1F	N222TG	SREY
EA21	N222TJ	P28B
EA22	N222TK	C182
EA24	N222TM	PA18
EA25	N222TN	S22T
EA28	N222TR	S108
EA29	N222TS	S76
EA2A	N222TT	BE35
EA2E	N222TX	C172
EA31	N222U	PA23
EA32	N222UA	B772
EA39	N222UH	R44
EA3D	N222UM	C152
EA42	N222US	C172
EA4C	N222VB	R44
EA4D	N222VC	BE33
EA52	N222VH	S22T
EA56	N222VM	T210
EA58	N222VP	VP2
EA5A	N222VR	C25B
EA5B	N222VS	M20P
EA5C	N222VT	PA31
EA5E	N222VV	C25B
EA5F	N222VW	C82S
EA65	N222WB	PA23
EA66	N222WC	AA5
EA69	N222WF	C210
EA6A	N222WG	BE23
EA6D	N222WK	C337
EA6E	N222WL	AC50
EA70	N222WN	B737
EA71	N222WP	BE36
EA75	N222WT	C170
EA7A	N222WY	CH7B
EA85	N222XJ	SR22
EA87	N222XL	C185
EA88	N222XM	C82S
EA8D	N222XS	YK52
EA8E	N222XT	SF50
EA91	N222XW	C208
EA97	N222YB	SREY
EAA3	N222YP	A5
EAAC	N222YY	SR22
EAAD	N222YZ	SR20
EAAE	N222Z	BE35
EABA	N222ZM	PA46
EAC0	N222ZT	BEAR
EAC6	N222ZZ	GLF4
EAC8	N2220A	PA22
EAC9	N2220B	L8
EACC	N2220E	P32R
EAD0	N2220J	PA32
EAD1	N2220K	PA22
EAD2	N2220L	BE24
EAD4	N2220N	M20P
EAD5	N2220P	PA22
EAD8	N2220S	C210
EADB	N2220V	C140
EADD	N2220X	PA22
EADE	N2220Y	C82T
EADF	N2220Z	P28R
EAE2	N22202	C210
EAE3	N22203	C150
EAE4	N22204	P28A
EAE5	N22205	C172
EAE6	N22206	T206
EAE7	N22207	TAYB
EAE8	N22208	C150
EAEA	N2221	C182
EAED	N2221C	C180
EAF1	N2221G	M20P
EAF4	N2221K	P28A
EAF8	N2221P	PA23
EAF9	N2221Q	C421
EAFA	N2221R	C72R
EAFC	N2221T	P28A
EAFE	N2221V	C140
EB00	N2221X	C82S
EB01	N2221Y	C177
EB02	N2221Z	C185
EB03	N22210	C150
EB04	N22211	TAYB
EB06	N22213	P32R
EB09	N22216	TAYB
EB0E	N2222A	PA20
EB0F	N2222B	P28A
EB10	N2222C	PC12
EB11	N2222D	C170
EB12	N2222E	CH7A
EB14	N2222G	C182
EB15	N2222H	ERCO
EB18	N2222L	B407
EB1B	N2222P	PA23
EB1F	N2222T	P28A
EB21	N2222V	RV12
EB22	N2222W	C170
EB25	N2222Z	PA24
EB26	N22220	TAYB
EB28	N22222	GLAS
EB2D	N22227	TAYB
EB2E	N22228	TAYB
EB32	N2223B	P28A
EB33	N2223C	C180
EB36	N2223F	P28A
EB37	N2223G	C182
EB3A	N2223K	L8
EB3C	N2223M	J3
EB3D	N2223N	P28A
EB3E	N2223P	R22
EB3F	N2223Q	P28A
EB40	N2223R	P28A
EB41	N2223S	T210
EB42	N2223T	C185
EB43	N2223U	C82T
EB44	N2223V	P28B
EB45	N2223W	P28R
EB47	N2223Y	C177
EB48	N2223Z	P28R
EB49	N22230	C172
EB4B	N22232	T210
EB4C	N22233	TAYB
EB4E	N22235	TAYB
EB50	N22237	C172
EB53	N2224	PA18
EB55	N2224B	P28B
EB57	N2224D	BE58
EB58	N2224E	C170
EB59	N2224F	M20P
EB5C	N2224J	C150
EB5D	N2224K	P28A
EB5E	N2224L	BE23
EB5F	N2224M	J3
EB67	N2224V	C140
EB68	N2224W	P28B
EB69	N2224X	C337
EB6B	N2224Z	P28R
EB6E	N22242	TAYB
EB6F	N22243	C150
EB71	N22245	C150
EB72	N22246	TAYB
EB74	N22248	C150
EB75	N22249	TAYB
EB76	N2225	SR22
EB77	N2225A	C172
EB78	N2225B	L8
EB7A	N2225D	P28A
EB7B	N2225E	C182
EB7C	N2225F	C172
EB80	N2225K	L8
EB81	N2225L	BE24
EB82	N2225M	J3
EB83	N2225N	P28A
EB86	N2225R	T210
EB87	N2225S	PA32
EB88	N2225T	C182
EB8A	N2225V	C140
EB8E	N2225Z	P28B
EB8F	N22250	C150
EB90	N22251	C150
EB91	N22252	C150
EB92	N22253	C150
EB93	N22254	C150
EB94	N22255	C150
EB95	N22256	TAYB
EB96	N22257	TAYB
EB9A	N2226A	PA22
EB9D	N2226D	P28A
EB9E	N2226E	CH7A
EBA2	N2226J	FB1A
EBA4	N2226L	BT36
EBA5	N2226M	J3
EBA6	N2226N	P28A
EBA9	N2226R	T210
EBAA	N2226S	C210
EBAB	N2226T	P28R
EBAD	N2226V	C140
EBAF	N2226X	P28A
EBB0	N2226Y	C177
EBB1	N2226Z	P28A
EBB2	N22260	C150
EBB4	N22262	PA32
EBB7	N22265	C172
EBB8	N22266	P28A
EBBD	N2227A	RV7
EBBF	N2227C	PA18
EBC1	N2227E	CH7A
EBC2	N2227F	C82T
EBC4	N2227H	PA44
EBC5	N2227J	PA32
EBC6	N2227K	L8
EBC9	N2227N	C140
EBCC	N2227R	P28A
EBD0	N2227V	C140
EBD1	N2227W	PA34
EBD2	N2227X	P28A
EBD3	N2227Y	C177
EBD6	N22271	C172
EBD8	N22273	GLAS
EBDB	N22276	C150
EBDC	N22277	C150
EBDF	N2228	VJ22
EBE3	N2228D	M20P
EBE6	N2228G	C182
EBE9	N2228K	M20P
EBEB	N2228M	J3
EBF0	N2228S	C210
EBF1	N2228T	C82S
EBF2	N2228U	PA34
EBF3	N2228V	C140
EBF7	N2228Z	P28A
EBFC	N22284	C150
EBFD	N22285	C150
EBFF	N22287	TAYB
EC04	N2229B	L8
EC05	N2229C	C180
EC06	N2229D	C170
EC07	N2229E	C172
EC08	N2229F	M20P
EC0B	N2229J	PA32
EC0C	N2229K	L8
EC11	N2229Q	P28A
EC13	N2229S	C210
EC15	N2229U	PA44
EC17	N2229W	P28B
EC18	N2229X	C185
EC19	N2229Y	P28A
EC1A	N2229Z	P28A
EC1C	N22291	TAYB
EC1E	N22293	P32R
EC1F	N22294	C150
EC20	N22295	P32R
EC21	N22296	TAYB
EC22	N22297	C150
EC26	N223A	GLF5
EC29	N223AC	RV7
EC2D	N223AG	CRJ7
EC2F	N223AJ	CH7A
EC31	N223AL	DHC6
EC32	N223AM	B407
EC36	N223AR	SREY
EC38	N223AT	SF50
EC3E	N223AZ	VELO
EC41	N223BB	BE36
EC42	N223BC	EXEC
EC44	N223BE	C172
EC47	N223BH	BE99
EC4A	N223BL	C414
EC51	N223BT	C82R
EC54	N223BW	C72R
EC57	N223BZ	BCS3
EC59	N223CA	BE99
EC5B	N223CC	PA11
EC5E	N223CF	C25A
EC5F	N223CG	PA12
EC62	N223CK	C172
EC64	N223CM	BE18
EC66	N223CP	SR20
EC69	N223CS	C240
EC6A	N223CT	FDCT
EC6D	N223CW	S22T
EC6E	N223CX	HDJT
EC71	N223D	BE33
EC72	N223DA	PA23
EC73	N223DB	RV6
EC74	N223DC	DV20
EC76	N223DE	EC30
EC79	N223DH	MR35
EC7C	N223DL	FOX
EC81	N223DR	MM22
EC82	N223DS	DA40
EC86	N223DW	BE35
EC8A	N223E	T28
EC8B	N223EA	TBM7
EC8D	N223EC	DH80
EC8F	N223EE	AP32
EC96	N223EM	C82T
EC9A	N223ER	SR22
ECA6	N223FC	M20P
ECAC	N223FJ	F2TH
ECB1	N223FP	C208
ECB9	N223FX	CL35
ECBD	N223GA	G280
ECBF	N223GC	GLIM
ECC7	N223GL	CH7B
ECC8	N223GM	SR22
ECCD	N223GS	COL4
ECD2	N223GX	ONEX
ECD5	N223H	C310
ECD6	N223HA	A21N
ECD8	N223HC	C206
ECD9	N223HD	RV12
ECDB	N223HF	C172
ECDC	N223HG	R22
ECDD	N223HH	SR22
ECE7	N223HT	UH1
ECEA	N223HW	CH7B
ECEB	N223HX	B222
ECEE	N223J	RV7
ECEF	N223JA	SSTL
ECF2	N223JD	P28R
ECF4	N223JF	C25A
ECF6	N223JH	RV6
ECF7	N223JJ	SR22
ECFA	N223JM	C82S
ECFC	N223JP	GLST
ECFD	N223JQ	E75L
ECFE	N223JR	BE30
ECFF	N223JS	CRJ2
ED02	N223JV	C560
ED07	N223K	BD4
ED0A	N223KC	R22
ED0F	N223KH	C208
ED13	N223KM	BE58
ED17	N223KR	A139
ED20	N223L	COL4
ED21	N223LA	AS50
ED24	N223LD	T206
ED25	N223LE	S22T
ED27	N223LG	BE20
ED28	N223LH	BE10
ED2C	N223LM	PC12
ED2E	N223LP	C172
ED39	N223M	BE35
ED3C	N223MC	R22
ED3D	N223MD	PA32
ED3E	N223ME	C82S
ED3F	N223MF	B06
ED40	N223MG	R22
ED42	N223MJ	MC45
ED43	N223MK	SR22
ED45	N223MM	LGEZ
ED47	N223MP	GLIM
ED49	N223MR	SR22
ED4A	N223MS	M20P
ED4B	N223MT	AS50
ED4E	N223MW	BE20
ED5A	N223NH	DV20
ED5F	N223NN	E75L
ED66	N223NV	A320
ED6D	N223PB	C402
ED70	N223PE	C140
ED71	N223PF	PIAT
ED72	N223PG	L39
ED73	N223PH	EVSS
ED7C	N223PS	RV6
ED80	N223PW	C510
ED8E	N223QK	K100
ED9E	N223RA	C150
EDA0	N223RC	BE30
EDA2	N223RE	PA11
EDA4	N223RG	CH7A
EDA5	N223RH	RV6
EDA6	N223RJ	C182
EDA7	N223RK	GLST
EDA8	N223RL	RV3
EDAB	N223RP	PA18
EDAE	N223RS	EN28
EDB2	N223RW	SR22
EDB6	N223S	CRUZ
EDB8	N223SB	BE58
EDB9	N223SC	T206
EDBE	N223SH	EC30
EDC0	N223SK	BOLT
EDC2	N223SM	COL4
EDC8	N223ST	SSTL
EDCB	N223SW	E170
EDCC	N223SX	SONX
EDCF	N223T	PA18
EDD0	N223TA	H269
EDD2	N223TC	C206
EDD5	N223TF	SR22
EDD6	N223TG	SR20
EDDA	N223TL	C182
EDDC	N223TN	SR22
EDDD	N223TP	BE20
EDDF	N223TR	C172
EDE0	N223TS	SR22
EDE1	N223TT	V1
EDE2	N223TU	P06T
EDE3	N223TV	CL30
EDE5	N223TX	SR22
EDE9	N223UA	B772
EDF2	N223UK	TF22
EE03	N223VB	S22T
EE11	N223VR	R44
EE1C	N223WB	ALIG
EE1E	N223WD	P28A
EE21	N223WG	A320
EE22	N223WH	C180
EE26	N223WM	RV4
EE27	N223WN	B737
EE28	N223WP	GLIM
EE2C	N223WT	S22T
EE2F	N223WW	P28R
EE31	N223WY	SF50
EE33	N223X	PA34
EE81	N2230C	C180
EE87	N2230J	C150
EE8A	N2230M	J3
EE8B	N2230N	C140
EE8D	N2230Q	P28R
EE90	N2230T	P28A
EE92	N2230V	C140
EE93	N2230W	C172
EE94	N2230X	P28A
EE95	N2230Y	PA18
EE9B	N22304	C150
EE9C	N22305	C150
EE9E	N22307	C150
EE9F	N22308	C150
EEA1	N2231	ME09
EEA5	N2231D	C170
EEA6	N2231E	C82T
EEA7	N2231F	C82T
EEA9	N2231H	ERCO
EEAA	N2231J	P32R
EEAB	N2231K	L8
EEAE	N2231N	C140
EEB3	N2231T	C185
EEB7	N2231X	M20P
EEB8	N2231Y	P28A
EEC0	N22316	M20P
EEC1	N22317	AR65
EEC2	N22318	C150
EEC3	N22319	AR65
EEC4	N2232	PTS1
EEC6	N2232B	RV3
EEC9	N2232E	C172
EECA	N2232F	C310
EECB	N2232G	C182
EECF	N2232L	BE19
EED1	N2232N	P28A
EED3	N2232Q	P28B
EED9	N2232W	P28A
EEDC	N2232Z	BL17
EEDE	N22321	AR65
EEE2	N22325	C150
EEE5	N22328	AVID
EEE6	N22329	C150
EEE7	N2233	SA3
EEE9	N2233B	P28A
EEEA	N2233C	P28A
EEEE	N2233G	C182
EEF0	N2233J	C150
EEF1	N2233K	L8
EEF2	N2233L	PA32
EEF7	N2233R	C185
EEF8	N2233S	C210
EEF9	N2233T	C185
EEFC	N2233W	P28A
EEFD	N2233X	P28A
EF05	N22335	C150
EF06	N22336	P28B
EF0C	N2234B	PA44
EF10	N2234F	P28A
EF11	N2234G	C182
EF14	N2234K	L8
EF16	N2234M	J3
EF18	N2234P	CH7B
EF19	N2234Q	M20P
EF1A	N2234R	T210
EF1D	N2234U	C82S
EF2F	N2235B	P28A
EF30	N2235C	P28B
EF31	N2235D	C170
EF32	N2235E	C172
EF36	N2235J	C150
EF37	N2235K	L8
EF38	N2235L	BE23
EF39	N2235M	J3
EF3C	N2235Q	C421
EF3E	N2235S	T210
EF41	N2235V	C172
EF42	N2235W	PA30
EF45	N2235Z	P28B
EF47	N22351	C150
EF49	N22353	B47G
EF4A	N22354	C150
EF4B	N22355	C150
EF4C	N22356	AR50
EF4D	N22357	DC3
EF4F	N22359	AR65
EF53	N2236C	P28B
EF54	N2236D	PA44
EF55	N2236E	CH7A
EF56	N2236F	G164
EF57	N2236G	P28A
EF5C	N2236M	P32R
EF5D	N2236N	J3
EF5E	N2236P	PA23
EF5F	N2236Q	C421
EF60	N2236R	T210
EF62	N2236T	C185
EF63	N2236U	BRB2
EF64	N2236V	C140
EF65	N2236W	P28A
EF67	N2236Y	YK52
EF68	N2236Z	P28B
EF69	N22360	C150
EF6A	N22361	C150
EF6B	N22362	AR50
EF6C	N22363	P32R
EF6D	N22364	AR50
EF6F	N22366	AR65
EF74	N2237A	P32R
EF77	N2237D	SS2T
EF78	N2237E	CH7A
EF7B	N2237H	ERCO
EF7C	N2237J	C150
EF7D	N2237K	P28A
EF7E	N2237L	BE23
EF80	N2237N	C140
EF82	N2237Q	P28B
EF84	N2237S	C82S
EF85	N2237T	P28A
EF88	N2237W	GLIM
EF8B	N2237Z	SS2P
EF8C	N22370	P32R
EF8F	N22373	C82T
EF91	N22375	AR65
EF94	N22378	AR65
EF99	N2238C	C180
EF9A	N2238D	C170
EF9B	N2238E	C172
EF9D	N2238G	P28A
EF9E	N2238H	C170
EF9F	N2238J	C150
EFA0	N2238K	L8
EFA1	N2238L	BE24
EFA2	N2238M	J3
EFA8	N2238T	C82R
EFA9	N2238U	BRB2
EFAA	N2238V	C140
EFAB	N2238W	GLID
EFAC	N2238X	C337
EFAD	N2238Y	C177
EFAE	N2238Z	P28B
EFAF	N22380	AR65
EFB2	N22383	AR65
EFB3	N22384	AR65
EFB4	N22385	C150
EFB5	N22386	AR65
EFB6	N22387	PA23
EFB7	N22388	AR65
EFB9	N2239	UH12
EFBA	N2239A	PA22
EFBC	N2239C	SS2T
EFBD	N2239D	PA34
EFC0	N2239G	C182
EFC1	N2239H	ERCO
EFC3	N2239K	L8
EFC4	N2239L	BE19
EFC7	N2239P	PA23
EFC9	N2239R	T210
EFCB	N2239T	P28A
EFCD	N2239V	SS2T
EFCE	N2239W	B06
EFCF	N2239X	FA8X
EFD0	N2239Y	J3
EFD1	N2239Z	P28B
EFD5	N22393	C150
EFD6	N22394	J3
EFD7	N22395	C172
EFD8	N22396	C210
EFDE	N224AA	AP22
EFDF	N224AB	BE33
EFE0	N224AC	C82R
EFE1	N224AD	RV8
EFE4	N224AG	CRJ7
EFE7	N224AK	B739
EFE8	N224AL	C210
EFE9	N224AM	B407
EFEB	N224AP	F260
EFED	N224AR	SR22
EFF6	N224B	GLIM
EFF7	N224BA	C25A
EFF8	N224BB	C25A
EFF9	N224BC	CTAH
EFFD	N224BG	SR22
EFFE	N224BH	GLF4
F001	N224BL	GLST
F007	N224BS	DA40
F008	N224BT	SR22
F00B	N224BW	RV7
F00E	N224BZ	BCS3
F00F	N224C	S108
F010	N224CA	BE58
F011	N224CB	RV6
F012	N224CC	BE9L
F013	N224CD	SR20
F014	N224CE	SR22
F016	N224CG	GLIM
F017	N224CH	C185
F018	N224CJ	C25A
F019	N224CK	S22T
F01B	N224CM	M20P
F01C	N224CN	AT8T
F01D	N224CP	C421
F01F	N224CR	PC24
F020	N224CS	T206
F021	N224CT	S22T
F025	N224CX	C750
F027	N224CZ	SR22
F028	N224D	E300
F029	N224DA	SR22
F02A	N224DB	FA24
F02B	N224DC	VEZE
F02C	N224DD	SR22
F02D	N224DE	PC24
F02E	N224DF	ST75
F02F	N224DG	SR22
F030	N224DH	G3
F033	N224DL	BE36
F034	N224DM	RV4
F036	N224DP	BE36
F038	N224DR	B36T
F039	N224DS	RV6
F03D	N224DW	GLIM
F041	N224E	EPIC
F043	N224EB	SR22
F044	N224EC	RV10
F046	N224EE	B06
F04B	N224EK	B407
F04D	N224EM	C82T
F059	N224EZ	AC95
F05E	N224FD	BE40
F064	N224FK	VELO
F065	N224FL	C525
F067	N224FN	GLST
F068	N224FP	PC24
F06A	N224FR	SR22
F073	N224G	R44
F074	N224GA	RV6
F075	N224GB	LJ45
F079	N224GF	WW24
F07A	N224GG	G150
F07B	N224GH	C240
F07D	N224GK	HUSK
F07F	N224GM	M20T
F080	N224GN	SEAW
F081	N224GP	C560
F083	N224GR	SR22
F08C	N224H	C180
F092	N224HF	SR22
F09A	N224HP	BE35
F09D	N224HS	P28R
F0A6	N224JA	C172
F0A7	N224JB	P28A
F0A8	N224JC	SR22
F0A9	N224JD	P180
F0AB	N224JF	SR22
F0AC	N224JG	SR22
F0AD	N224JH	SA30
F0AE	N224JJ	PA46
F0AF	N224JK	S22T
F0B1	N224JM	S22T
F0B3	N224JP	FOX
F0B4	N224JQ	E75L
F0B5	N224JR	GLIM
F0B6	N224JS	PULS
F0BA	N224JW	C56X
F0BE	N224K	PA24
F0BF	N224KA	T210
F0C0	N224KB	B06
F0C1	N224KC	C550
F0C5	N224KG	S22T
F0C8	N224KK	BL8
F0C9	N224KL	GLF2
F0CA	N224KM	B06
F0CE	N224KR	SR22
F0D0	N224KT	SONX
F0D7	N224L	CH7A
F0D8	N224LA	AS50
F0DB	N224LD	E35L
F0E0	N224LJ	R22
F0E1	N224LK	CL60
F0E3	N224LM	P46T
F0E7	N224LR	SR22
F0E8	N224LS	SR20
F0EC	N224LW	S22T
F0EF	N224LZ	SR22
F0F1	N224MA	C172
F0F2	N224MB	C77R
F0F6	N224MF	RV4
F0F7	N224MG	R22
F0F8	N224MH	P210
F0FB	N224ML	GLIM
F0FC	N224MM	P28A
F100	N224MR	RV8
F102	N224MT	AS50
F104	N224MV	SR22
F108	N224MZ	GALX
F10C	N224NC	F2TH
F10D	N224ND	P28A
F111	N224NH	SR22
F116	N224NN	E75L
F11D	N224NV	A320
F124	N224PB	SR22
F125	N224PC	SR22
F128	N224PF	SR22
F12B	N224PJ	SR22
F12C	N224PK	T210
F12D	N224PL	RV7
F134	N224PT	C182
F136	N224PV	S22T
F13B	N224Q	FOX
F155	N224RA	CH7B
F156	N224RB	R44
F157	N224RC	SR22
F15A	N224RF	SR20
F15B	N224RG	BE36
F15C	N224RH	R44
F15D	N224RJ	SR22
F165	N224RS	BOLT
F166	N224RT	SR22
F168	N224RV	RV4
F169	N224RW	SR22
F16D	N224S	BE95
F16E	N224SA	DHC6
F16F	N224SB	LJ45
F170	N224SC	CRUZ
F174	N224SG	LNCE
F175	N224SH	BE35
F176	N224SJ	SR22
F178	N224SL	SR22
F179	N224SM	VELO
F17B	N224SP	UH1
F17D	N224SR	SR22
F17F	N224ST	SR22
F182	N224SW	E170
F183	N224SX	SONX
F184	N224SY	SR22
F186	N224T	PA18
F18C	N224TF	C82S
F18D	N224TG	SR22
F18F	N224TJ	PTS2
F193	N224TN	RV6
F194	N224TP	PA22
F196	N224TR	RV6
F197	N224TS	FDCT
F19B	N224TW	PC12
F19F	N224U	SR22
F1A0	N224UA	B772
F1A9	N224UK	TF22
F1AB	N224UM	BE20
F1B8	N224V	P28A
F1C1	N224VJ	SF50
F1C8	N224VR	R22
F1D2	N224WA	PC24
F1D8	N224WG	A320
F1DB	N224WK	GLIM
F1DD	N224WM	DA40
F1DE	N224WN	B737
F1E1	N224WR	RV9
F1E3	N224WT	SR22
F1E6	N224WW	SSTL
F1E8	N224WY	HUSK
F1EA	N224X	T6
F1EB	N224XA	H60
F1ED	N224XC	CC11
F1F8	N224XP	CH60
F203	N224Y	PA18
F204	N224YA	H60
F216	N224YU	SR22
F21C	N224Z	L8
F21D	N224ZA	H60
F22B	N224ZQ	EA50
F235	N2240	BE50
F237	N2240B	P28B
F239	N2240D	PA34
F23A	N2240E	C172
F23B	N2240F	C310
F23C	N2240G	P28A
F23D	N2240H	ERCO
F23E	N2240J	C150
F240	N2240L	BE23
F243	N2240P	PA23
F247	N2240T	P28A
F24A	N2240W	B47G
F24B	N2240X	C337
F24F	N22401	C150
F252	N22404	DG15
F257	N22409	C150
F258	N2241	BE95
F25A	N2241B	P32R
F25D	N2241E	CH7A
F25E	N2241F	C310
F25F	N2241G	P28A
F262	N2241K	P28A
F263	N2241L	BE23
F265	N2241N	P28R
F268	N2241R	T210
F269	N2241S	C210
F26A	N2241T	C185
F26B	N2241U	BRB2
F26C	N2241V	C172
F26D	N2241W	P28A
F26E	N2241X	T206
F26F	N2241Y	P28A
F271	N22410	DG15
F273	N22412	T206
F276	N22415	C150
F277	N22416	DG15
F279	N22418	DG15
F27A	N22419	P32R
F27E	N2242C	C82S
F27F	N2242D	C170
F281	N2242F	P28B
F282	N2242G	C182
F285	N2242K	L8
F286	N2242L	BE23
F287	N2242M	J3
F288	N2242N	P28R
F289	N2242P	R22
F28E	N2242U	PA44
F28F	N2242V	C140
F293	N2242Z	PA32
F296	N22422	L5
F297	N22423	DG15
F298	N22424	DG15
F299	N22425	B06
F29D	N22429	C172
F29F	N2243A	PA22
F2A0	N2243B	L8
F2A1	N2243C	C180
F2A3	N2243E	C172
F2A4	N2243F	P32R
F2A7	N2243J	SS2T
F2A9	N2243L	BE23
F2AA	N2243M	S108
F2AB	N2243N	P28R
F2AC	N2243P	P28A
F2B1	N2243U	B77W
F2B2	N2243V	P28A
F2B5	N2243Y	C177
F2B6	N2243Z	P28R
F2BB	N22434	T210
F2BC	N22435	C150
F2BD	N22436	C150
F2C0	N22439	C150
F2C1	N2244	PC12
F2C3	N2244B	PA34
F2C4	N2244C	C180
F2C7	N2244F	C310
F2C8	N2244G	S22T
F2C9	N2244H	ERCO
F2CC	N2244L	BE24
F2CD	N2244M	P28A
F2CE	N2244N	C140
F2CF	N2244P	PA23
F2D0	N2244Q	P32R
F2D2	N2244S	SF50
F2D3	N2244T	C82R
F2D5	N2244V	P28A
F2D6	N2244W	C82S
F2D7	N2244X	C337
F2D8	N2244Y	C177
F2D9	N2244Z	PA32
F2DA	N22440	DG15
F2DD	N22443	AUS5
F2DF	N22445	C150
F2E0	N22446	P32R
F2E1	N22447	C210
F2E2	N22448	C150
F2E5	N2245A	P32R
F2E6	N2245B	L8
F2E7	N2245C	C180
F2EB	N2245G	C182
F2EE	N2245K	P28A
F2EF	N2245L	BE19
F2F2	N2245P	SSTL
F2F5	N2245S	SS2T
F2F7	N2245U	P28A
F2F8	N2245V	C140
F2F9	N2245W	P28A
F2FC	N2245Z	M5
F2FD	N22450	P32R
F2FF	N22452	C150
F306	N22459	T210
F307	N2246	PIVI
F308	N2246A	PA20
F309	N2246B	L8
F30A	N2246C	C140
F30B	N2246D	C170
F30C	N2246E	C172
F30D	N2246F	PA34
F30F	N2246H	SR22
F310	N2246J	C150
F313	N2246M	J3
F317	N2246R	T210
F318	N2246S	C210
F31E	N2246Y	C177
F322	N22462	C150
F325	N22465	C172
F327	N22467	C172
F32A	N2247	DHC1
F32B	N2247A	P32R
F32C	N2247B	PA44
F32E	N2247D	P28A
F32F	N2247E	CH7A
F330	N2247F	PA44
F331	N2247G	C182
F332	N2247H	ERCO
F333	N2247J	C150
F334	N2247K	P28A
F335	N2247L	BE23
F336	N2247M	P28R
F337	N2247N	C140
F339	N2247Q	P28R
F33A	N2247R	SR22
F33B	N2247S	T210
F33C	N2247T	C82T
F33D	N2247U	T210
F33F	N2247W	P28R
F340	N2247X	P28R
F346	N22473	P28A
F348	N22475	C150
F349	N22476	AR65
F34A	N22477	C150
F34B	N22478	AR65
F34C	N22479	C172
F34F	N2248B	L8
F354	N2248G	P28R
F355	N2248H	ERCO
F358	N2248L	BE23
F359	N2248M	J3
F35A	N2248N	C140
F35B	N2248P	PA23
F35D	N2248R	T210
F35F	N2248T	C185
F360	N2248U	P28A
F361	N2248V	J3
F362	N2248W	B47G
F363	N2248X	P28R
F364	N2248Y	C177
F36A	N22484	C150
F36D	N22487	C150
F36E	N22488	C150
F36F	N22489	C150
F371	N2249A	PA22
F373	N2249C	C180
F375	N2249E	C172
F377	N2249G	C182
F37A	N2249K	P28A
F37C	N2249M	C310
F37D	N2249N	P28R
F37E	N2249P	P28B
F380	N2249R	E550
F381	N2249S	T210
F382	N2249T	P28A
F383	N2249U	SS2P
F384	N2249V	P28A
F385	N2249W	B47G
F386	N2249X	P28R
F387	N2249Y	C177
F388	N2249Z	B06
F38A	N22491	C150
F38B	N22492	AR65
F390	N22497	AR65
F392	N22499	C150
F393	N225	CB1
F394	N225A	WAIX
F396	N225AB	PA25
F397	N225AC	BL8
F399	N225AE	B06
F39A	N225AF	PC24
F39E	N225AK	HUSK
F39F	N225AL	S22T
F3A0	N225AM	R44
F3A1	N225AN	C172
F3A2	N225AP	F2TH
F3A5	N225AS	E50P
F3A8	N225AV	GA8
F3A9	N225AW	BE20
F3AA	N225AX	B762
F3AD	N225B	B47G
F3B0	N225BC	AA5
F3B1	N225BD	BD5
F3B3	N225BF	RV4
F3B5	N225BH	BE99
F3B7	N225BK	GLEX
F3BE	N225BS	C560
F3C2	N225BW	BE50
F3C6	N225C	CJ6
F3C7	N225CA	PA31
F3CC	N225CF	SR22
F3D1	N225CL	EXPR
F3D2	N225CM	BE30
F3D4	N225CP	C152
F3D6	N225CR	BT36
F3D7	N225CS	C240
F3D8	N225CT	RV8
F3E0	N225DA	DV20
F3E1	N225DB	HDJT
F3E2	N225DC	GLF4
F3E3	N225DD	CL30
F3E4	N225DE	PC24
F3E6	N225DG	JAB4
F3EB	N225DM	RV14
F3F1	N225DT	RBEL
F3F4	N225DW	C25B
F3F8	N225E	NAVI
F403	N225EL	GLF5
F409	N225ES	RV10
F411	N225F	SR22
F412	N225FA	C82T
F41D	N225FM	B407
F421	N225FR	C172
F423	N225FT	R22
F426	N225FW	CL35
F42B	N225GA	GLAS
F432	N225GH	B06
F435	N225GL	F900
F438	N225GP	LJ60
F43C	N225GT	C750
F443	N225H	SR22
F444	N225HA	C550
F445	N225HB	RV7
F44C	N225HJ	NAVI
F44E	N225HL	S22T
F44F	N225HM	PA23
F451	N225HP	EAGL
F45C	N225J	PA18
F45D	N225JA	C82R
F45E	N225JB	CAML
F460	N225JD	GALX
F468	N225JM	R44
F46A	N225JP	BE95
F46B	N225JQ	E75L
F46D	N225JS	C172
F471	N225JW	BE36
F478	N225KC	C150
F481	N225KM	BE58
F487	N225KT	M20P
F48A	N225KW	COL4
F48C	N225KY	R22
F48E	N225L	C310
F48F	N225LA	AS50
F492	N225LD	SA30
F496	N225LH	BE20
F4A7	N225M	C182
F4A8	N225MA	P46T
F4AA	N225MC	PA46
F4AC	N225ME	T206
F4AD	N225MF	GLST
F4AE	N225MG	MM16
F4AF	N225MH	C172
F4B0	N225MJ	C172
F4B1	N225MK	S22T
F4B2	N225ML	R44
F4B3	N225MM	AC90
F4B7	N225MR	RBEL
F4BB	N225MV	SF50
F4BC	N225MW	BE20
F4C0	N225N	CL60
F4C5	N225NE	B763
F4C7	N225NG	DA40
F4CD	N225NN	E75L
F4D4	N225NV	A320
F4D9	N225P	B36T
F4DA	N225PA	P28R
F4DD	N225PD	B06
F4DF	N225PF	PIAT
F4E0	N225PG	B734
F4E3	N225PK	P32R
F4E4	N225PL	S22T
F4E5	N225PM	M700
F4EA	N225PS	RV6
F4EB	N225PT	PA31
F4F1	N225PZ	PA18
F503	N225QS	CL60
F50A	N225QZ	CH7B
F50B	N225R	BE95
F50C	N225RA	C172
F50D	N225RB	S22T
F510	N225RE	UH12
F513	N225RH	B06
F516	N225RL	SR22
F524	N225S	RV7
F525	N225SA	DHC6
F526	N225SB	BE40
F527	N225SC	C25B
F52A	N225SF	RV8
F52B	N225SG	BL8
F530	N225SM	RV8
F532	N225SP	BE35
F53D	N225T	C182
F53E	N225TA	BE58
F541	N225TD	AC90
F543	N225TF	C172
F545	N225TH	BL8
F548	N225TL	SR22
F54A	N225TN	SR22
F54F	N225TT	V1
F551	N225TV	R44
F553	N225TX	C182
F557	N225UA	B772
F56F	N225V	BE95
F581	N225VT	SR22
F588	N225W	GLID
F58B	N225WC	C172
F58C	N225WD	RV6
F58F	N225WG	A320
F594	N225WM	R22
F595	N225WN	B737
F596	N225WP	TBM7
F599	N225WS	C172
F5A1	N225X	BE35
F5BA	N225Y	HUSK
F5D2	N225YZ	SR20
F5D3	N225Z	AC11
F5ED	N2250A	PA22
F5EE	N2250B	P28A
F5F0	N2250D	C170
F5F1	N2250E	C172
F5F4	N2250H	ERCO
F5F5	N2250J	C150
F5F6	N2250K	P28A
F5F9	N2250N	C140
F5FA	N2250P	SS2T
F5FF	N2250U	B77W
F602	N2250X	P28R
F606	N22501	C150
F607	N22502	S10
F608	N22503	C25C
F60C	N22507	C150
F611	N2251B	L8
F616	N2251G	C182
F61B	N2251M	P28R
F61E	N2251Q	B36T
F621	N2251T	C82R
F622	N2251U	B77W
F628	N22510	C150
F629	N22511	FOX
F62B	N22513	S10
F62D	N22515	C150
F62F	N22517	S10
F630	N22518	T6
F633	N2252A	UH1
F635	N2252C	C180
F638	N2252F	C310
F639	N2252G	C182
F63D	N2252L	BE23
F63E	N2252M	J3
F642	N2252R	T210
F643	N2252S	T210
F644	N2252T	C185
F646	N2252V	C140
F649	N2252Y	C177
F64A	N2252Z	C82S
F64E	N22523	C150
F651	N22526	C150
F653	N22528	C150
F654	N22529	C150
F65D	N2253H	ERCO
F660	N2253L	BE24
F661	N2253M	P28R
F662	N2253N	C120
F663	N2253P	PA23
F669	N2253V	C140
F66B	N2253X	RV6
F66C	N2253Y	C177
F66F	N22531	S10
F671	N22533	C150
F674	N22536	C150
F675	N22537	C150
F679	N2254A	PA20
F67B	N2254C	C180
F67E	N2254F	C150
F67F	N2254G	C182
F683	N2254L	AT3T
F685	N2254N	C120
F686	N2254P	PA23
F68B	N2254U	C72R
F68C	N2254V	C140
F691	N22540	C150
F693	N22542	C150
F695	N22544	C150
F697	N22546	S10
F699	N22548	S10
F69C	N2255A	BE33
F69E	N2255C	YK52
F69F	N2255D	C170
F6A0	N2255E	C172
F6A3	N2255H	T206
F6A7	N2255M	T206
F6A8	N2255N	BE35
F6AF	N2255V	C140
F6B1	N2255X	C337
F6B2	N2255Y	PA30
F6BC	N22558	C150
F6BF	N2256A	SS2T
F6C1	N2256C	C180
F6C2	N2256D	C170
F6C4	N2256F	C310
F6C6	N2256H	ERCO
F6C8	N2256K	TTWO
F6C9	N2256L	SS2T
F6CF	N2256S	C182
F6D4	N2256X	C337
F6D8	N22561	C150
F6DA	N22563	C150
F6DB	N22564	C150
F6DF	N22568	C150
F6E1	N2257	CH60
F6E5	N2257D	C170
F6EC	N2257L	BE24
F6EE	N2257N	C140
F6F1	N2257R	C82R
F6F4	N2257U	BRB2
F6F5	N2257V	C140
F6F9	N2257Z	SA30
F6FA	N22570	C150
F6FB	N22571	S10
F703	N22579	S10
F704	N2258	PC12
F705	N2258A	PA20
F70D	N2258J	C188
F715	N2258S	C210
F716	N2258T	C185
F718	N2258V	C140
F71B	N2258Y	C177
F71C	N2258Z	C82T
F71D	N22580	C185
F71F	N22582	C150
F720	N22583	C150
F721	N22584	C150
F722	N22585	C150
F723	N22586	C150
F726	N22589	C150
F729	N2259B	BIPL
F72C	N2259E	CH7A
F72D	N2259F	C310
F731	N2259K	L8
F732	N2259L	BE23
F733	N2259M	C150
F737	N2259R	T210
F738	N2259S	T210
F73A	N2259U	BRB2
F73D	N2259X	CRUZ
F741	N22591	CJ6
F743	N22593	C82T
F744	N22594	C150
F745	N22595	C150
F746	N22596	C150
F747	N22597	C150
F748	N22598	C172
F74B	N226A	GLIM
F74C	N226AA	PC12
F74E	N226AC	C182
F751	N226AF	PC12
F752	N226AG	R66
F755	N226AK	HR20
F75D	N226AT	TBM7
F764	N226B	C210
F766	N226BB	SR22
F767	N226BC	SR22
F76A	N226BF	BL8
F76B	N226BG	SR22
F76C	N226BH	BE99
F76D	N226BJ	RV6
F76E	N226BK	BE9L
F76F	N226BL	CRER
F778	N226BV	P32R
F77C	N226BZ	BCS3
F77D	N226C	M20P
F781	N226CD	SR20
F783	N226CF	SR22
F784	N226CG	U16
F785	N226CH	SR22
F786	N226CJ	B752
F787	N226CK	FA20
F788	N226CL	S22T
F789	N226CM	T206
F78B	N226CP	C82T
F78D	N226CR	M20P
F78F	N226CT	FDCT
F791	N226CV	C560
F792	N226CW	SF50
F794	N226CY	B763
F796	N226D	BE95
F797	N226DA	DA40
F799	N226DC	RV6
F79E	N226DH	AT5T
F7A2	N226DM	C77R
F7A4	N226DP	RV6
F7A6	N226DR	U21
F7A7	N226DS	DA42
F7A8	N226DT	P32R
F7AA	N226DV	SA30
F7AB	N226DW	SR22
F7AF	N226E	WACF
F7B2	N226EC	CL60
F7BA	N226EL	RV12
F7E1	N226G	B752
F7ED	N226GM	B06
F7F1	N226GR	U16
F7FA	N226H	FLE7
F7FB	N226HA	A21N
F7FC	N226HB	SNS7
F7FD	N226HC	P208
F80B	N226HS	WACF
F814	N226JA	C172
F81B	N226JH	SR22
F81D	N226JK	PA18
F81F	N226JM	C56X
F822	N226JQ	E75L
F824	N226JS	CRJ2
F828	N226JW	C82S
F82E	N226KB	SR22
F837	N226KL	SW4
F838	N226KM	SR20
F83A	N226KP	KP5
F83E	N226KT	SR20
F840	N226KV	E50P
F845	N226L	C206
F846	N226LA	AS50
F851	N226LM	PA34
F85E	N226M	PA24
F85F	N226MA	BE33
F860	N226MB	BE20
F861	N226MC	M7
F862	N226MD	TBM7
F863	N226ME	T206
F868	N226MK	C441
F869	N226ML	S22T
F86C	N226MP	GLF4
F86E	N226MR	RBEL
F870	N226MT	AS50
F875	N226MY	CL60
F878	N226NA	AEST
F87E	N226NG	PC12
F884	N226NN	E75L
F887	N226NR	AS55
F88B	N226NV	A320
F88C	A226NW	PC12
F891	N226PA	DA40
F892	N226PB	HIGH
F893	N226PC	C550
F894	N226PD	AS50
F89A	N226PK	S22T
F89C	N226PM	S22T
F8A2	N226PT	GLIM
F8C3	N226RA	TBM7
F8CA	N226RH	SR22
F8CD	N226RL	M20P
F8D0	N226RP	BE36
F8D3	N226RS	GLF4
F8D4	N226RT	TAIL
F8D6	N226RV	TAIL
F8DB	N226S	BE95
F8DC	N226SA	EC35
F8DE	N226SC	BT36
F8E1	N226SF	SF50
F8E6	N226SL	GLF5
F8E9	N226SP	P28A
F8EE	N226SU	SU26
F8F0	N226SW	C56X
F8F4	N226T	PA18
F8F8	N226TD	PC12
F8FA	N226TF	M7
F900	N226TM	C82S
F902	N226TP	M7
F905	N226TS	SR20
F909	N226TW	SR22
F90A	N226TX	SR22
F90E	N226UA	B772
F91F	N226UT	DHC3
F929	N226VC	AC11
F940	N226WA	B06
F941	N226WB	ALIG
F942	N226WC	BE40
F94A	N226WL	RV7
F94B	N226WM	R22
F94C	N226WN	B737
F951	N226WT	C182
F958	N226X	RV6
F96F	N226XY	SR22
F9A3	N2260	M7
F9A5	N2260B	L8
F9A8	N2260E	C82T
F9AA	N2260G	C182
F9AC	N2260J	C150
F9AE	N2260L	FOX
F9AF	N2260M	P28A
F9B1	N2260P	PA23
F9B4	N2260S	T210
F9B5	N2260T	C82R
F9B7	N2260V	C140
F9BA	N2260Y	C177
F9C0	N22604	BE36
F9C2	N22606	TAYB
F9C3	N22607	T18
F9C5	N22609	C150
F9C6	N2261	RV14
F9C7	N2261A	PA18
F9C8	N2261B	L8
F9C9	N2261C	C180
F9CB	N2261E	CH7A
F9D1	N2261L	BE36
F9D3	N2261N	BOLT
F9D5	N2261Q	P28A
F9D6	N2261R	T210
F9D8	N2261T	C82R
F9DD	N2261Y	C177
F9E1	N22612	C150
F9E3	N22614	EXEC
F9E4	N22615	C150
F9E5	N22616	TAYB
F9E6	N22617	M10
F9E7	N22618	TAYB
F9E8	N22619	TAYB
F9ED	N2262D	SA30
F9EF	N2262F	P28A
F9F3	N2262K	L8
F9F4	N2262L	SF50
F9F5	N2262M	P28A
F9F8	N2262Q	P28A
F9FA	N2262S	T210
F9FB	N2262T	C185
F9FF	N2262X	C337
FA00	N2262Y	C177
FA05	N22623	TAYB
FA07	N22625	TAYB
FA0A	N22628	C150
FA0F	N2263C	C180
FA10	N2263D	KR1
FA15	N2263J	C150
FA18	N2263M	J3
FA1B	N2263Q	P28R
FA1E	N2263T	C82R
FA20	N2263V	ACRO
FA21	N2263W	R44
FA22	N2263X	GLID
FA2D	N22638	C150
FA33	N2264D	C170
FA34	N2264E	CH7A
FA36	N2264G	C182
FA37	N2264H	ERCO
FA3A	N2264L	BE58
FA3B	N2264M	P28A
FA42	N2264U	BRB2
FA48	N22640	R22
FA4D	N22645	C150
FA4E	N22646	TAYB
FA50	N22648	C150
FA53	N2265A	PA18
FA56	N2265D	C170
FA59	N2265G	C182
FA5C	N2265K	L8
FA5D	N2265L	BE35
FA5E	N2265M	P28A
FA61	N2265Q	PA32
FA62	N2265R	T210
FA64	N2265T	BE76
FA66	N2265V	C140
FA67	N2265W	C82S
FA69	N2265Y	C177
FA6B	N22650	T210
FA6D	N22652	TAYB
FA72	N22657	TAYB
FA76	N2266A	B47G
FA79	N2266D	C170
FA7A	N2266E	CH7A
FA7B	N2266F	C310
FA7C	N2266G	R66
FA7E	N2266J	C150
FA7F	N2266K	C82S
FA81	N2266M	P28R
FA82	N2266N	C140
FA84	N2266Q	P32R
FA86	N2266S	T210
FA89	N2266V	C140
FA8A	N2266W	T6
FA8B	N2266X	C337
FA8D	N2266Z	P28A
FA8F	N22661	TAYB
FA90	N22662	C150
FA91	N22663	C150
FA95	N22667	C150
FA96	N22668	TAYB
FA97	N22669	C82T
FA99	N2267A	BE35
FAA2	N2267K	L8
FAA3	N2267L	SS2T
FAA4	N2267M	P28R
FAA6	N2267P	RV7
FAAA	N2267T	C185
FAAC	N2267V	C140
FAAE	N2267X	C337
FAAF	N2267Y	C177
FAB0	N2267Z	COUR
FAB2	N22671	TAYB
FAB4	N22673	C150
FAB7	N22676	C150
FAB8	N22677	C150
FAB9	N22678	FNKB
FABB	N2268	SA10
FABC	N2268A	C72R
FABD	N2268B	T206
FABE	N2268C	C303
FAC1	N2268F	C310
FAC2	N2268G	B06
FAC3	N2268H	ERCO
FAC4	N2268J	C150
FAC6	N2268L	S64
FAC7	N2268M	SR22
FAD0	N2268W	B06
FAD1	N2268X	B06
FAD2	N2268Y	PA30
FAD3	N2268Z	ST75
FAD5	N22681	FNKB
FAD6	N22682	C150
FAD7	N22683	FNKB
FADA	N22686	FNKB
FADD	N22689	C172
FAE6	N2269H	COZY
FAE7	N2269J	AVTR
FAE8	N2269K	L8
FAEA	N2269M	P32R
FAEB	N2269N	T6
FAEC	N2269P	M20P
FAF0	N2269T	T6
FAF1	N2269U	T6
FAF2	N2269V	WACF
FAF8	N22691	FNKB
FAF9	N22692	C150
FB01	N227	CRER
FB02	N227A	GLAS
FB04	N227AB	KR2
FB05	N227AC	BL8
FB08	N227AF	AVID
FB09	N227AG	A320
FB0B	N227AJ	H47
FB0C	N227AK	PA31
FB0D	N227AL	PA34
FB0E	N227AM	CP10
FB0F	N227AN	C172
FB10	N227AP	F260
FB16	N227AV	BE99
FB1A	N227AZ	B763
FB1B	N227B	BE35
FB1D	N227BB	GLIM
FB1E	N227BC	L5
FB1F	N227BD	SR22
FB20	N227BE	GLIM
FB22	N227BG	G109
FB23	N227BH	C172
FB27	N227BM	PC12
FB2B	N227BR	B58T
FB2C	N227BS	C82T
FB30	N227BW	SR20
FB32	N227BY	BE95
FB33	N227BZ	BCS3
FB34	N227C	S108
FB35	N227CA	PA23
FB3A	N227CF	LGEZ
FB3C	N227CH	TBM7
FB3D	N227CJ	SA30
FB3E	N227CK	FA20
FB3F	N227CL	S22T
FB40	N227CM	C182
FB44	N227CR	BE35
FB46	N227CT	FDCT
FB4B	N227CY	B763
FB4D	N227D	C210
FB4F	N227DB	RV7
FB50	N227DC	BE9L
FB56	N227DJ	RV7
FB57	N227DK	SREY
FB5B	N227DP	B752
FB5E	N227DS	BE50
FB5F	N227DT	F8L
FB62	N227DW	GLIM
FB65	N227DZ	SR22
FB69	N227EC	PA31
FB71	N227EL	CRER
FB72	N227EM	P32R
FB77	N227ES	S22T
FB7C	N227EX	RV6
FB7E	N227EZ	LGEZ
FB81	N227FB	C172
FB94	N227FW	P32R
FB98	N227G	EA50
FB99	N227GA	BE9L
FB9A	N227GB	DC3
FB9B	N227GC	R44
FBA1	N227GJ	FA50
FBAC	N227GV	E190
FBB1	N227H	SR22
FBB2	N227HA	A21N
FBBF	N227HP	RV9
FBCC	N227JB	PA18
FBCD	N227JC	RV6
FBCE	N227JD	RV8
FBCF	N227JE	CX5
FBD9	N227JQ	E75L
FBDC	N227JT	SW3
FBE6	N227KC	SR22
FBEA	N227KG	FA8X
FBF1	N227KP	RV10
FBFC	N227L	CH75
FBFD	N227LA	GLF2
FBFF	N227LC	SW4
FC01	N227LE	SW4
FC03	N227LG	SREY
FC05	N227LJ	SW4
FC07	N227LL	C150
FC0A	N227LP	BE36
FC0D	N227LS	EA50
FC15	N227M	C172
FC18	N227MC	C56X
FC19	N227MD	COZY
FC1B	N227MF	PC12
FC1C	N227MG	GLIM
FC1D	N227MH	B06
FC1E	N227MJ	RV4
FC20	N227ML	RV8
FC23	N227MP	SR22
FC25	N227MR	RV7
FC27	N227MT	AS50
FC2C	N227MY	B06
FC2E	N227N	DHC2
FC30	N227NB	GLST
FC35	N227NG	GLIM
FC36	N227NH	DV20
FC3B	N227NN	E75L
FC3C	N227NP	C150
FC3F	N227NS	PC12
FC42	N227NV	A320
FC47	N227P	DV20
FC4E	N227PG	SR22
FC53	N227PM	COL4
FC54	N227PN	GLID
FC5D	N227PX	C56X
FC60	N227Q	BE35
FC7F	N227RF	PA32
FC82	N227RJ	C82S
FC85	N227RM	PA31
FC87	N227RP	MONI
FC89	N227RR	DA62
FC8B	N227RT	SR22
FC8D	N227RV	RV6
FC94	N227SB	RV6
FC95	N227SC	CRUZ
FC96	N227SD	GLIM
FC98	N227SF	CH7B
FC9D	N227SL	E55P
FC9E	N227SM	COL4
FCA0	N227SP	SR22
FCA2	N227SR	A109
FCA3	N227SS	T206
FCA6	N227SV	GLF4
FCA7	N227SW	B407
FCAB	N227T	PA18
FCB1	N227TF	C82T
FCB2	N227TG	AVID
FCB4	N227TJ	DV20
FCC0	N227TW	C172
FCC5	N227UA	B772
FCCC	N227UH	EA50
FCE0	N227VC	S22T
FCE6	N227VJ	PC24
FCEF	N227VT	B06
FCF6	N227W	YK50
FCF7	N227WA	PC12
FCF8	N227WB	SR22
FCF9	N227WC	C172
FCFB	N227WE	E35L
FCFC	N227WF	C82S
FCFD	N227WG	CL60
FCFE	N227WH	AP22
FD01	N227WL	FA20
FD02	N227WM	R22
FD03	N227WN	B737
FD06	N227WR	G280
FD0B	N227WW	DHC6
FD0E	N227WZ	AEST
FD28	N227Y	RV6
FD40	N227YZ	M7
FD41	N227Z	GLID
FD5D	N2270C	SS2T
FD60	N2270F	C310
FD61	N2270G	C82S
FD62	N2270H	ERCO
FD63	N2270J	C150
FD64	N2270K	AC11
FD65	N2270L	BE36
FD66	N2270M	C82S
FD68	N2270P	PA23
FD69	N2270Q	C82S
FD6B	N2270S	SS2T
FD6D	N2270U	BRB2
FD6E	N2270V	C140
FD75	N22702	C150
FD76	N22703	J4
FD78	N22705	J3
FD79	N22706	C150
FD7A	N22707	J3
FD7B	N22708	C150
FD7C	N22709	C150
FD7D	N2271	PTS1
FD82	N2271E	C172
FD85	N2271H	ERCO
FD87	N2271K	L8
FD88	N2271L	BE58
FD8A	N2271N	C140
FD8B	N2271P	PA23
FD8D	N2271R	T210
FD8F	N2271T	VO10
FD90	N2271U	BRB2
FD93	N2271X	C337
FD95	N2271Z	SS2T
FD97	N22711	BE19
FD9A	N22714	J3
FD9C	N22716	C150
FDA0	N2272	WACC
FDA1	N2272A	PA20
FDA2	N2272B	L8
FDA3	N2272C	C172
FDA4	N2272D	T206
FDA5	N2272E	CH7A
FDA6	N2272F	C310
FDA7	N2272G	C182
FDA8	N2272H	SR20
FDAB	N2272L	BE35
FDAC	N2272M	P28A
FDAE	N2272P	T206
FDAF	N2272Q	P28A
FDB0	N2272R	T210
FDB2	N2272T	P28R
FDB4	N2272V	C72R
FDB6	N2272X	T206
FDB7	N2272Y	C177
FDB8	N2272Z	PA18
FDBD	N22724	J4
FDBE	N22725	J4
FDBF	N22726	J3
FDC1	N22728	C150
FDC2	N22729	C150
FDC6	N2273C	C180
FDC9	N2273F	P28A
FDCB	N2273H	ERCO
FDCE	N2273L	BE36
FDCF	N2273M	CAMP
FDD0	N2273N	TAYB
FDD2	N2273Q	P28A
FDD4	N2273S	EXEC
FDD5	N2273T	P28R
FDD7	N2273V	C140
FDDC	N22730	H269
FDDD	N22731	C150
FDDF	N22733	J3
FDE4	N22738	C150
FDE8	N2274B	C72R
FDEA	N2274D	C170
FDEB	N2274E	CH7A
FDEC	N2274F	C310
FDED	N2274G	C414
FDEE	N2274H	ERCO
FDEF	N2274J	C150
FDF0	N2274K	C182
FDF1	N2274L	BE9L
FDF3	N2274N	C140
FDF4	N2274P	C172
FDF5	N2274Q	P28A
FDF6	N2274R	B429
FDF8	N2274T	P28R
FDFA	N2274V	J3
FDFB	N2274W	B06
FDFC	N2274X	C337
FE00	N22741	C150
FE02	N22743	B06
FE04	N22745	J3
FE0C	N2275C	C303
FE0D	N2275D	C170
FE0E	N2275E	CH7A
FE13	N2275K	C182
FE14	N2275L	BE35
FE15	N2275M	UH12
FE18	N2275Q	B06
FE1A	N2275S	RV4
FE1B	N2275T	SR22
FE24	N22752	C172
FE25	N22753	UH1
FE26	N22754	C172
FE27	N22755	RV4
FE2A	N22758	C150
FE2B	N22759	C150
FE2F	N2276C	BE33
FE33	N2276G	C182
FE38	N2276M	P28R
FE3D	N2276S	C182
FE41	N2276W	RV10
FE45	N22760	P28A
FE46	N22761	C82S
FE48	N22763	P28A
FE49	N22764	J4
FE4A	N22765	C150
FE4F	N2277	WACC
FE50	N2277A	B06
FE54	N2277E	CH7A
FE55	N2277F	C310
FE5C	N2277N	C140
FE5D	N2277P	GLIM
FE5E	N2277Q	P28R
FE60	N2277S	C182
FE61	N2277T	C172
FE63	N2277V	P28A
FE64	N2277W	B47G
FE66	N2277Y	C182
FE67	N2277Z	BE17
FE69	N22771	C150
FE6A	N22772	J4
FE6F	N22777	DHC1
FE70	N22778	J4
FE72	N2278	CJ6
FE73	N2278A	PA22
FE76	N2278D	RV6
FE77	N2278E	CH7A
FE79	N2278G	SRAI
FE7A	N2278H	ERCO
FE7E	N2278M	J3
FE80	N2278P	RV7
FE83	N2278S	BE55
FE88	N2278X	C337
FE89	N2278Y	C82S
FE8B	N22780	C150
FE8F	N22784	C150
FE90	N22785	C150
FE92	N22787	J3
FE93	N22788	C150
FE95	N2279	WACC
FE96	N2279A	PA22
FE9C	N2279G	C182
FE9D	N2279H	ERCO
FE9E	N2279J	C150
FEA2	N2279N	C120
FEA4	N2279Q	VP2
FEA5	N2279R	T210
FEA7	N2279T	P28R
FEA8	N2279U	C188
FEA9	N2279V	C140
FEAB	N2279X	C337
FEB0	N22792	C150
FEB4	N22796	O1
FEBB	N228AB	BE36
FEBC	N228AC	T28
FEBE	N228AE	B06
FEC2	N228AJ	BE30
FEC3	N228AK	CDUS
FEC4	N228AL	M20P
FEC5	N228AM	P28A
FEC6	N228AN	C172
FEC7	N228AP	FA7X
FEC9	N228AR	C172
FECB	N228AT	A4
FECE	N228AW	B733
FED1	N228AZ	C82S
FED2	N228B	BE35
FED3	N228BA	G280
FED7	N228BE	P180
FED9	N228BG	GLIM
FEDA	N228BH	BE99
FEDB	N228BJ	EC35
FEE3	N228BS	SF50
FEE7	N228BW	BE35
FEEA	N228BZ	BCS3
FEEC	N228CA	C182
FEEE	N228CC	S22T
FEF0	N228CE	BE58
FEF1	N228CF	SR22
FEF2	N228CG	E50P
FEF3	N228CH	TBM7
FEF4	N228CJ	RBEL
FEF6	N228CL	BE36
FEF7	N228CM	BL17
FEF9	N228CP	C182
FEFD	N228CT	FDCT
FF01	N228CX	HDJT
FF03	N228CZ	C25C
FF07	N228DC	GLIM
FF0A	N228DF	S22T
FF0B	N228DG	AT43
FF10	N228DM	BE36
FF12	N228DP	B752
FF16	N228DT	AT6T
FF1D	N228E	CH70
FF20	N228EC	E145
FF22	N228EE	S22T
FF2D	N228ER	AA5
FF2F	N228ET	GLAS
FF36	N228F	EN28
FF46	N228FR	A320
FF4F	N228G	TB21
FF54	N228GE	SF50
FF56	N228GG	P28A
FF5B	N228GM	RV8
FF60	N228GS	E50P
FF69	N228HA	A21N
FF74	N228HM	RV8
FF76	N228HP	C82R
FF79	N228HS	T206
FF82	N228JA	C182
FF83	N228JB	E190
FF84	N228JC	T28
FF85	N228JD	PC12
FF89	N228JH	C421
FF8B	N228JK	T28
FF8C	N228JL	TAIL
FF8D	N228JM	SA10
FF8F	N228JP	C82S
FF90	N228JQ	E75L
FF92	N228JS	P28A
FF96	N228JW	PIVI
FF9A	N228K	SA6
FF9D	N228KC	TBM9
FFA7	N228KN	Z42
FFAB	N228KS	P180
FFB3	N228L	CL30
FFB4	N228LA	AS50
FFBA	N228LG	SR20
FFC7	N228LV	RV7
FFCC	N228M	C195
FFCD	N228MA	FOX
FFCE	N228MB	PAY3
FFCF	N228MC	T28
FFD0	N228MD	GLF2
FFD1	N228ME	TBM7
FFD4	N228MH	C551
FFD5	N228MJ	CH80
FFD8	N228MM	SR22
FFDA	N228MP	GLIM
FFDE	N228MT	EC35
FFE1	N228MW	C208
FFE5	N228N	C208
FFE6	N228NA	T28
FFE8	N228NC	P28R
FFE9	N228ND	C208
FFF2	N228NN	E75L
FFF9	N228NV	A320
FFFC	N228NY	C172
FFFE	N228P	RV6
