000B	N357NS	C337
000F	N357NW	A320
0013	N357P	P28A
0014	N357PA	AS50
0017	N357PD	H269
001A	N357PG	S22T
001F	N357PM	PA18
0020	N357PN	P68
0025	N357PT	G150
0027	N357PV	B738
003D	N357QS	C680
0045	N357R	PA18
0047	N357RB	B429
0048	N357RC	FOX
0049	N357RD	GLAS
004E	N357RJ	PA18
0056	N357RS	GLST
0059	N357RV	RV7
005A	N357RW	FOX
005E	N357S	BE35
005F	N357SA	PA31
0060	N357SB	SR20
0061	N357SC	PA18
0065	N357SG	SREY
006A	N357SM	SVNH
006C	N357SP	B06
006F	N357SS	GLAS
0076	N357SZ	RV7
0078	N357TA	AS50
007F	N357TH	EXEC
0082	N357TL	R44
0083	N357TM	TBM9
0088	N357TS	BE35
0089	N357TT	GLST
008C	N357TW	CL30
008D	N357TX	SSTL
009E	N357UP	B763
00A9	N357V	LEG2
00B2	N357VJ	CL35
00C5	N357WC	HROC
00CE	N357WM	BE18
00D0	N357WP	LJ60
00D3	N357WS	GLIM
00DB	N357X	SR20
00F4	N357Y	PISI
0106	N357YT	SF50
010D	N357Z	C82S
0128	N3570B	PA34
0129	N3570C	C170
0130	N3570K	J3
0133	N3570N	J3
0136	N3570R	BE23
0137	N3570S	C172
0139	N3570U	C182
013F	N35700	C172
0140	N35701	C172
0141	N35702	J3
0144	N35705	P28A
0146	N35707	C172
0148	N35709	J3
014B	N3571B	BE50
014C	N3571C	P28A
014D	N3571D	C170
0151	N3571H	ERCO
0154	N3571L	P28B
0155	N3571M	PA12
0156	N3571N	M20P
0157	N3571P	P28B
0159	N3571R	BE23
015A	N3571S	C172
015B	N3571T	TF19
015E	N3571W	PA32
0160	N3571Y	C182
0161	N3571Z	PA18
0163	N35711	C172
0164	N35712	C172
0165	N35713	C172
0166	N35714	C172
0167	N35715	C172
0168	N35716	C172
016A	N35718	P32R
016B	N35719	C172
016C	N3572	SA7
016D	N3572A	BE95
016E	N3572B	P32R
016F	N3572C	C170
0170	N3572D	P32R
0175	N3572J	C150
0176	N3572K	J3
0178	N3572M	P28A
0179	N3572N	J3
017A	N3572P	PA18
017B	N3572Q	C172
017D	N3572S	C172
017E	N3572T	TF19
017F	N3572U	C182
0180	N3572V	C140
0182	N3572X	P28A
0184	N3572Z	P28A
0186	N35721	J5
018A	N35725	C172
018B	N35726	C172
018C	N35727	PA34
018D	N35728	C172
018E	N35729	J4
0190	N3573A	PA22
0193	N3573D	C170
0194	N3573E	CH7A
0195	N3573F	C182
0197	N3573H	M20P
019A	N3573L	C150
019C	N3573N	J3
019D	N3573P	PA18
019E	N3573Q	C172
01A2	N3573U	C182
01A3	N3573V	C172
01A4	N3573W	PA32
01A6	N3573Y	C182
01A7	N3573Z	PA18
01A8	N35730	C172
01A9	N35731	C172
01AA	N35732	P28A
01AC	N35734	P28A
01AE	N35736	J3
01AF	N35737	J3
01B0	N35738	C172
01B5	N3574C	P28A
01BB	N3574J	P28A
01BC	N3574K	P28A
01BD	N3574L	C150
01BF	N3574N	J3
01C1	N3574Q	P28R
01C2	N3574R	PA32
01C4	N3574T	TF19
01C5	N3574U	C182
01C6	N3574V	C140
01C7	N3574W	J3
01C8	N3574X	P28B
01CA	N3574Z	PA18
01CF	N35744	C172
01D0	N35745	J5
01D1	N35746	C172
01D3	N35748	C172
01D4	N35749	C172
01D6	N3575A	P32R
01D7	N3575B	B47G
01D8	N3575C	P32R
01D9	N3575D	C170
01DA	N3575E	CH7A
01DD	N3575H	ERCO
01DE	N3575J	C150
01DF	N3575K	P32R
01E2	N3575N	M20P
01E8	N3575U	P28A
01EB	N3575X	P28A
01EC	N3575Y	C182
01ED	N3575Z	PA18
01EF	N35751	C172
01F1	N35753	C172
01F3	N35755	P28A
01F4	N35756	J3
01F9	N3576A	PA22
01FB	N3576C	C170
01FC	N3576D	C170
0200	N3576H	P28A
0201	N3576J	P28A
0204	N3576M	P28A
0205	N3576N	J3
0208	N3576R	P28A
0209	N3576S	C172
020A	N3576T	TF19
020B	N3576U	C182
020D	N3576W	PA32
020E	N3576X	P32R
020F	N3576Y	C182
0210	N3576Z	PA18
0211	N35760	C172
0213	N35762	J5
0214	N35763	C172
0215	N35764	J5
021E	N3577C	C170
021F	N3577D	P32R
0223	N3577H	CH60
0224	N3577J	C150
0226	N3577L	C150
022A	N3577Q	C172
022B	N3577R	BE23
022C	N3577S	C172
022D	N3577T	TF19
022E	N3577U	PA34
0232	N3577Y	C182
0234	N35770	C172
023C	N35778	J3
023D	N35779	C172
0243	N3578E	CH7A
0244	N3578F	C182
0247	N3578J	C150
0248	N3578K	P28A
024C	N3578P	PA18
024F	N3578S	C172
0250	N3578T	TF19
0256	N3578Z	PA18
0259	N35782	J3
025A	N35783	J3
025B	N35784	J5
025D	N35786	J5
025F	N35788	C172
0260	N35789	P28A
0261	N3579	T6
0262	N3579A	PA22
0263	N3579B	PA18
0264	N3579C	C170
0265	N3579D	C170
0267	N3579F	C182
0269	N3579H	ERCO
026E	N3579N	M20P
0270	N3579Q	P32R
0271	N3579R	BE23
0273	N3579T	TF19
0274	N3579U	C182
0275	N3579V	C140
0278	N3579Y	C182
0279	N3579Z	PA18
027A	N35790	C172
027C	N35792	C172
027D	N35793	J5
0282	N35798	C172
0283	N35799	C172
0284	N358	C337
0285	N358A	BE35
0291	N358AM	EC30
0296	N358AS	AT8T
029E	N358B	BE35
029F	N358BA	GLID
02A1	N358BC	PA18
02A6	N358BH	BEAR
02B0	N358BT	PA32
02B2	N358BV	BD5J
02B7	N358C	S108
02B8	N358CA	P28A
02BB	N358CD	SR22
02BD	N358CF	PA44
02C2	N358CL	B772
02C3	N358CM	BE58
02C5	N358CP	C82T
02C9	N358CT	FDCT
02CE	N358CY	GLF2
02D0	N358D	SVNH
02D1	N358DA	F2TH
02D3	N358DC	DV20
02D7	N358DG	R44
02DC	N358DM	COL4
02DD	N358DN	A321
02EE	N358EE	E55P
02F1	N358EH	B212
02F9	N358ER	BE30
02FA	N358ES	C72R
0302	N358F	LJ60
0307	N358FE	DC10
0312	N358FR	A20N
0318	N358FX	E55P
031B	N358G	P28A
0330	N358GW	CB1
0335	N358HA	C25A
0342	N358HP	B06
034E	N358JA	LJ60
034F	N358JB	E190
0350	N358JC	KIS4
0356	N358JJ	C25B
035D	N358JR	RV9
0366	N358K	C25A
0372	N358KM	SREY
0377	N358KS	C150
038A	N358LL	A119
038B	N358LM	E50P
0398	N358M	RV6
039A	N358MB	PC12
039B	N358MC	B06
039D	N358ME	C82S
039F	N358MG	RV7
03A0	N358MH	CL35
03A4	N358MM	P46T
03A5	N358MN	C310
03AF	N358MY	GA6C
03B3	N358NB	A319
03CA	N358P	LJ60
03CB	N358PA	AS50
03CC	N358PB	BE58
03DB	N358PS	RV9
03DF	N358PW	B738
03F4	N358QS	E55P
0407	N358RL	B06
0408	N358RM	BE58
040D	N358RS	GLF4
0410	N358RV	RV6
0411	N358RW	AA5
0415	N358S	BE35
0416	N358SA	BE36
041B	N358SF	F8L
041D	PP-HRK	A109
041F	N358SK	D328
0423	N358SP	RV6
042A	N338SW	H25B
042F	N358TA	C172
0430	N358TB	TB20
0431	N358TC	BE95
0432	N358TD	GALX
0442	N358TV	AS50
0443	N358TW	C172
0455	N358UP	B763
0460	N358V	GLF6
0461	N358VA	RV6
0469	N358VJ	CL35
0479	N358W	M20P
047C	N358WC	C25A
0492	N358X	M5
04AB	N358Y	BE58
04C4	N358Z	BE35
04DD	N3580	P51
04DE	N3580A	PA22
04E6	N3580J	C150
04E7	N3580K	P28A
04E9	N3580M	PA12
04EA	N3580N	J3
04EC	N3580Q	C172
04EF	N3580T	TF19
04F0	N3580U	C182
04F5	N3580Z	PA18
04F7	N35801	C172
04FB	N35805	PA31
04FC	N35806	C210
04FF	N35809	J3
0500	N3581	C180
0501	N3581A	PA22
0502	N3581B	BE50
0505	N3581E	AR11
0506	N3581F	C150
0508	N3581H	ERCO
050A	N3581K	P28A
050D	N3581N	J3
050F	N3581Q	C172
0510	N3581R	BE23
0514	N3581V	C140
0515	N3581W	PA32
0519	N35810	C172
051A	N35811	J5
051B	N35812	C82S
051C	N35813	C172
051D	N35814	J4
051E	N35815	C172
0522	N35819	J5
0524	N3582A	PA22
0526	N3582C	C170
0527	N3582D	C170
052C	N3582J	C150
052D	N3582K	P28A
0530	N3582N	J3
0531	N3582P	PA31
0533	N3582R	BE23
0534	N3582S	C172
0535	N3582T	TF19
0536	N3582U	C182
053A	N3582Y	C182
053B	N3582Z	PA18
053D	N35821	C77R
053E	N35822	J5
0543	N35827	J5
054F	N3583J	C150
0558	N3583T	TF19
055A	N3583V	J3
055D	N3583Y	C182
055E	N3583Z	PA18
0562	N35833	C77R
0563	N35834	PA31
0566	N35837	T206
0567	N35838	J3
0568	N35839	J3
056C	N3584C	C170
056E	N3584E	CH7A
0573	N3584K	P28A
0574	N3584L	C150
0575	N3584M	PA12
0577	N3584P	PA18
057A	N3584S	C172
057C	N3584U	C182
057D	N3584V	C150
0580	N3584Y	C182
0581	N3584Z	PA18
0582	N35840	T206
0583	N35841	PA31
0585	N35843	J3
058B	N35849	C77R
058C	N3585	RV6
058D	N3585A	PA20
058F	N3585C	C170
0591	N3585E	CH7A
0592	N3585F	C182
0596	N3585K	J3
0598	N3585M	P28R
0599	N3585N	J3
059B	N3585Q	C172
059C	N3585R	BE23
059D	N3585S	C172
059E	N3585T	TF19
059F	N3585U	C182
05A1	N3585W	PA32
05A3	N3585Y	C182
05A5	N35850	C77R
05A6	N35851	T206
05A7	N35852	C77R
05AA	N35855	J3
05AD	N35858	C77R
05AE	N35859	T206
05B3	N3586D	PA31
05B5	N3586F	C182
05BB	N3586M	PA12
05BC	N3586N	J3
05C1	N3586T	TF19
05C5	N3586X	PA31
05CA	N35862	J5
05CE	N35866	C77R
05D0	N35868	T206
05D1	N35869	C77R
05D5	N3587C	PA31
05D8	N3587F	C182
05D9	N3587G	C310
05DA	N3587H	ERCO
05DB	N3587J	C150
05DD	N3587L	G2T1
05DE	N3587M	P28R
05E0	N3587P	PA31
05E1	N3587Q	C172
05E4	N3587T	TF19
05E6	N3587V	C140
05E8	N3587X	M20P
05EB	N35870	J3
05ED	N35872	C77R
05F2	N35877	T206
05F3	N35878	J3
05F4	N35879	C77R
05FA	N3588E	CH7A
0600	N3588L	C150
0601	N3588M	P28R
0603	N3588P	PA18
0608	N3588U	C182
060E	N35880	J4
0611	N35883	T206
0612	N35884	C77R
0614	N35886	J4
0615	N35887	J4
0618	N3589	SA30
061A	N3589B	PA31
061B	N3589C	C170
061E	N3589F	C182
0620	N3589H	ERCO
0622	N3589K	P28A
0623	N3589L	C150
0624	N3589M	P28R
0626	N3589P	PA18
0627	N3589Q	C172
0629	N3589S	C172
062A	N3589T	TF19
062E	N3589X	PA31
062F	N3589Y	C182
0630	N3589Z	PA18
0631	N35890	PA31
0637	N35896	MAGN
0638	N35897	J4
063B	N359	P136
063C	N359A	FOX
063E	N359AB	PULS
063F	N359AC	CH7B
0640	N359AD	E145
0642	N359AF	RAF2
0647	N359AL	C172
0648	N359AM	AP22
064C	N359AR	DHC6
064D	N359AS	E55P
0654	N359AZ	B763
0655	N359B	BE35
0656	N359BA	GLID
0658	N359BC	H25B
065D	N359BH	LNC2
0665	N359BR	FA20
066A	N359BW	CRER
066E	N359C	PA31
066F	N359CA	BL8
0670	N359CB	BE30
0672	N359CD	SR22
0678	N359CK	LJ35
0679	N359CL	A320
067C	N359CP	C82T
0680	N359CT	FDCT
0682	N359CV	PC12
0688	N359DA	T206
0689	N359DB	C182
068E	N359DG	B350
0692	N359DL	AP22
0693	N359DM	RV4
0694	N359DN	A321
0697	N359DR	MONI
0698	N359DS	BE36
06A8	N359EH	B212
06A9	N359EJ	E75S
06B0	N359ER	BE35
06B4	N359EV	AS50
06BB	N359FB	AS50
06BE	N359FE	DC10
06C0	N359FG	YK50
06C9	N359FR	A20N
06CA	N359FS	M7
06CE	N359FW	RV10
06CF	N359FX	E55P
06D2	N359G	LEG2
06D5	N359GC	GLST
06E3	N359GS	G280
0700	N359HW	RV9
0712	N359JP	DV20
0715	N359JS	CB1
071D	N359K	LJ45
0721	N359KD	AP32
0741	N359LL	A119
0750	N359MA	HUSK
0751	N359MB	BE30
0758	N359MJ	BE77
0759	N359MK	RV14
075B	N359MM	LJ60
076A	N359NB	A319
077D	N359NW	A320
0781	N359P	BE58
0784	N359PC	M20T
0789	N359PH	DH8B
0792	N359PS	M20P
0797	N359PX	B738
07AB	N359QS	C680
07B3	N359R	ST75
07B6	N359RC	C172
07C7	N359RV	RV6
07C8	N359RW	RV9
07C9	N359RX	PA31
07CC	N359S	SR22
07CE	N359SB	AP22
07CF	N359SC	CRUZ
07D6	N359SK	J328
07D8	N359SM	COY2
07DA	N359SP	C172
07E1	N359SW	B733
07E6	N359TA	AS50
07E8	N359TC	RV3
07EC	N359TG	LNC2
07FA	N359TW	C82T
080C	N359UP	B763
0817	N359V	CL60
0819	N359VB	BE35
081D	N339VF	PC12
0820	N359VJ	CL35
0823	N359VM	PA46
0830	N359W	TAIL
0832	N359WB	CRER
0847	N359WY	SR20
0849	N359X	M5
0895	N3590A	BE95
0896	N3590B	PA31
0897	N3590C	C170
089D	N3590J	C150
089E	N3590K	J3
08A1	N3590N	PA31
08A2	N3590P	PA18
08A5	N3590S	C172
08A9	N3590W	PA32
08AB	N3590Y	C182
08AE	N35901	J4
08B0	N35903	J4
08B2	N35905	C77R
08B3	N35906	J4
08B6	N35909	T206
08BA	N3591C	C170
08BD	N3591F	C172
08C1	N3591K	J3
08C3	N3591M	PA12
08C4	N3591N	M20P
08C7	N3591R	P28A
08C8	N3591S	C172
08C9	N3591T	TF19
08CB	N3591V	C140
08CE	N3591Y	C182
08CF	N3591Z	PA18
08D2	N35912	J4
08D3	N35913	C77R
08D4	N35914	C77R
08D6	N35916	J4
08DB	N3592A	PA18
08DF	N3592E	AR11
08E0	N3592F	C182
08E4	N3592K	P28A
08E6	N3592M	PA12
08E7	N3592N	J3
08E8	N3592P	PA18
08E9	N3592Q	C172
08EA	N3592R	P28A
08EC	N3592T	TF19
08EF	N3592W	PA32
08F0	N3592X	M20P
08F1	N3592Y	C182
08F3	N35920	J4
08F5	N35922	T206
08FA	N35927	J5
0902	N3593E	CH7A
0903	N3593F	C172
0905	N3593H	ERCO
0906	N3593J	C188
0907	N3593K	J3
090A	N3593N	J3
090C	N3593Q	C172
090D	N3593R	BE23
0910	N3593U	C182
0912	N3593W	PA32
0917	N35931	J5
0918	N35932	T206
091C	N35936	C77R
091D	N35937	T206
091F	N35939	C77R
0921	N3594A	BE35
0923	N3594C	C170
0926	N3594F	C182
0928	N3594H	M20P
092C	N3594M	PA12
092E	N3594P	PA18
092F	N3594Q	C172
0938	N3594Z	PA18
093B	N35942	C77R
093E	N35945	T206
0940	N35947	T206
0944	N3595A	BE55
0947	N3595D	J3
0948	N3595E	AR11
094B	N3595H	ERCO
094C	N3595J	C150
0951	N3595P	PA18
0953	N3595R	BE23
0954	N3595S	C172
0956	N3595U	C182
0957	N3595V	C140
0958	N3595W	PA32
095B	N3595Z	PA18
095C	N35950	T206
095E	N35952	T206
095F	N35953	B789
0963	N35957	T206
0965	N35959	J3
0967	N3596A	PA18
096B	N3596E	CH7A
096F	N3596J	C150
0970	N3596K	P28A
097A	N3596V	C140
097B	N3596W	PA32
097D	N3596Y	C182
0981	N35962	T206
0985	N35966	J3
0986	N35967	J3
098A	N3597A	PA18
098E	N3597E	C172
098F	N3597F	C182
0993	N3597K	P28A
0997	N3597P	PA18
099A	N3597S	C172
099D	N3597V	C150
09A0	N3597Y	C182
09A1	N3597Z	PA18
09A8	N35976	C77R
09AB	N35979	J4
09AF	N3598C	C170
09B0	N3598D	AS50
09B5	N3598J	C150
09B7	N3598L	C150
09B8	N3598M	PA12
09BF	N3598U	C182
09C1	N3598W	PA32
09C9	N35984	J4
09CA	N35985	J4
09CB	N35986	J4
09CD	N35988	J4
09D0	N3599A	PA18
09D3	N3599D	LAMA
09D7	N3599H	M20P
09D9	N3599K	J3
09E0	N3599S	C172
09E3	N3599V	C150
09E6	N3599Y	C182
09E7	N3599Z	PA18
09E9	N35991	J4
09EA	N35992	J4
09F1	N35999	J4
09F2	N36	T6
09F4	N36AA	BE36
09F8	N36AE	T34P
09F9	N36AF	C82R
09FB	N36AH	RV6
09FC	N36AJ	BT36
09FD	N36AK	T33
09FE	N36AL	RV8
09FF	N36AM	EC35
0A03	N36AR	BE36
0A04	N36AS	BE36
0A05	N36AT	MU2
0A07	N36AV	BE58
0A09	N36AX	BE36
0A0B	N36AZ	BE36
0A0D	N36BA	P32R
0A0F	N36BC	BE18
0A13	N36BG	BE36
0A14	N36BH	BE36
0A16	N36BK	BE36
0A17	N36BL	LJ31
0A19	N36BN	BE36
0A1C	N36BR	BE36
0A1E	N36BT	BT36
0A20	N36BV	BE36
0A24	N36BZ	BE36
0A25	N36C	PA46
0A26	N36CA	T6
0A27	N36CB	PA46
0A28	N36CC	AS50
0A29	N36CD	H25B
0A2A	N36CE	M20P
0A2C	N36CG	C310
0A2F	N36CK	SR20
0A32	N36CN	BE36
0A33	N36CP	C560
0A35	N36CR	HROC
0A36	N36CS	BE36
0A37	N36CT	BE58
0A39	N36CV	BE36
0A3E	N36D	NAVI
0A40	N36DB	P28A
0A43	N36DE	BE36
0A45	N36DG	C340
0A48	N36DK	EN28
0A49	N36DL	C310
0A4A	N36DM	BE36
0A4C	N36DP	C510
0A4F	N36DS	C172
0A50	N36DT	BE36
0A54	N36DX	LGEZ
0A55	N36DY	BE36
0A56	N36DZ	GLF2
0A57	N36E	BE36
0A59	N36EB	BE58
0A5A	N36EC	ERCO
0A5C	N36EE	BE36
0A5F	N36EH	T18
0A60	N36EJ	LGEZ
0A61	N36EK	BE36
0A62	N36EL	BE36
0A64	N36EN	S76
0A65	N36EP	F2TH
0A67	N36ER	AA5
0A68	N36ES	BE36
0A69	N36ET	BE36
0A6B	N36EV	EV97
0A6F	N36EZ	FA7X
0A70	N36F	BT36
0A71	N36FA	B06
0A72	N36FB	L8
0A73	N36FC	T6
0A74	N36FD	EA50
0A76	N36FF	BE36
0A77	N36FG	H500
0A7B	N36FL	SNS7
0A86	N36FX	E145
0A8A	N36GA	PA34
0A8B	N36GB	T206
0A8D	N36GD	BE36
0A8F	N36GF	BE36
0A91	N36GH	DHC2
0A92	N36GJ	BE36
0A97	N36GP	SA30
0A99	N36GR	C172
0A9B	N36GT	TB20
0A9D	N36GV	GLF5
0A9F	N36GX	PC12
0AA3	N36HA	F2TH
0AA4	N36HB	BE36
0AA7	N36HE	BE36
0AA8	N36HF	S76
0AA9	N36HG	BE36
0AAD	N36HL	BE36
0AAE	N36HM	FB1A
0AAF	N36HN	M20P
0AB0	N36HP	BT36
0AB2	N36HR	RV7
0AB3	N36HS	RV7
0AB7	N36HW	BT36
0AB9	N36HY	HUSK
0ABA	N36HZ	BE36
0ABB	N36J	BE36
0ABC	N36JA	FOX
0ABD	N36JB	VEZE
0ABE	N36JC	C172
0AC0	N36JE	GLF4
0AC1	N36JF	AC90
0AC2	N36JG	BE58
0AC3	N36JH	S22T
0AC4	N36JJ	BE36
0AC5	N36JK	BOLT
0ACB	N36JR	C172
0ACD	N36JT	AC95
0ACF	N36JV	R44
0AD0	N36JW	C172
0AD1	N36JX	TAIL
0AD3	N36JZ	BE36
0AD6	N36KB	BE36
0ADC	N36KH	RV7
0ADD	N36KJ	FOX
0ADF	N36KL	LNC2
0AE2	N36KP	BT36
0AE4	N36KR	H500
0AE5	N36KS	BL17
0AE6	N36KT	BE36
0AE9	N36KW	C310
0AEE	N36LA	BE36
0AF0	N36LC	SW3
0AF1	N36LD	SF50
0AF2	N36LE	HUSK
0AF3	N36LF	BE36
0AF4	N36LG	BE36
0AF5	N36LH	BE36
0AF6	N36LJ	LJ35
0AF7	N36LK	LA4
0AF8	N36LL	BT36
0AF9	N36LM	BT36
0AFA	N36LN	H60
0AFB	N36LP	BE36
0AFD	N36LR	BE36
0AFE	N36LS	BT36
0AFF	N36LT	PC12
0B01	N36LV	VELO
0B02	N36LW	BT36
0B06	N36M	BE36
0B09	N36MC	C140
0B0E	N36MH	BE20
0B0F	N36MJ	C185
0B10	N36MK	B06
0B12	N36MM	GLEX
0B13	N36MN	BT36
0B14	N36MP	WAIX
0B15	N36MQ	B06
0B17	N36MS	T206
0B18	N36MT	PTS2
0B1C	N36MX	LGEZ
0B1D	N36MY	BE36
0B1E	N36MZ	BE35
0B1F	N36N	C335
0B20	N36NA	T28
0B21	N36NB	BE36
0B24	N36NE	B763
0B26	N36NG	PC12
0B27	N36NH	C182
0B2B	N36NM	BT36
0B2F	N36NR	C185
0B37	N36NZ	BE36
0B38	N36P	VEZE
0B39	N36PA	RV4
0B3A	N36PB	PA31
0B3B	N36PC	BE36
0B3C	N36PD	BE36
0B3D	N36PE	M20P
0B3E	N36PF	RV9
0B3F	N36PG	PA11
0B40	N36PH	ST75
0B41	N36PJ	PC12
0B42	N36PK	B36T
0B43	N36PL	SR20
0B44	N36PM	COUG
0B45	N36PN	GLF2
0B48	N36PR	BE36
0B4A	N36PT	C550
0B4C	N36PV	B36T
0B4D	N36PW	BE36
0B4F	N36PY	BE36
0B50	N36PZ	BE36
0B51	N36Q	T18
0B5D	N36QM	BE36
0B6B	N36RA	BE36
0B6C	N36RB	P28A
0B6D	N36RC	C182
0B6E	N36RD	PA24
0B6F	N36RE	PA46
0B70	N36RF	BE36
0B71	N36RG	C25A
0B72	N36RH	T206
0B76	N36RM	RS12
0B77	N36RN	CAMP
0B78	N36RP	S76
0B7B	N36RS	CH7B
0B7E	N36RV	RV6
0B7F	N36RW	P210
0B80	N36RX	EC35
0B83	N36S	BE36
0B85	N36SB	C180
0B87	N36SD	VEZE
0B88	N36SE	BE36
0B8A	N36SG	A139
0B8B	N36SH	R66
0B8C	N36SJ	B505
0B8D	N36SK	C172
0B91	N36SP	LJ35
0B93	N36SR	BE36
0B94	N36SS	BE36
0B95	N36ST	C182
0B99	N36SX	SONX
0B9D	N36TA	BE58
0B9E	N36TB	TB30
0BA0	N36TD	C150
0BA1	N36TE	BT36
0BA2	N36TF	BT36
0BA3	N36TG	BE9L
0BA6	N36TK	BT36
0BA8	N36TM	BT36
0BA9	N36TN	BT36
0BAA	N36TP	C82S
0BAF	N36TU	BT36
0BB0	N36TV	AS50
0BB2	N36TX	C25A
0BB5	N36U	SPHA
0BC3	N36UP	LJ31
0BCF	N36VA	B407
0BD0	N36VB	R44
0BD5	N36VG	BE36
0BD6	N36VH	BE36
0BD7	N36VJ	SRAI
0BD8	N36VK	BE36
0BDA	N36VM	BE36
0BDC	N36VP	BE36
0BDF	N36VS	GLIM
0BE0	N36VT	BE36
0BE1	N36VU	BE36
0BE2	N36VV	CL60
0BE7	N36W	NAVI
0BE8	N36WA	PA30
0BEA	N36WC	RV6
0BEC	N36WE	BE36
0BED	N36WF	BE36
0BEE	N36WG	RV4
0BF2	N36WL	B212
0BF3	N36WM	CH7A
0BF5	N36WP	BE36
0BF8	N36WS	PTS1
0BFC	N36WW	GLID
0BFE	N36WY	C185
0C00	N36X	T210
0C03	N36XC	C182
0C16	N36XX	LEG2
0C1B	N36YB	BT36
0C23	N36YK	Y18T
0C25	N36YM	BT36
0C27	N36YP	BE36
0C29	N36YR	WAIX
0C2A	N36YS	BE36
0C2D	N36YV	BE36
0C31	N36YZ	LESP
0C41	N36ZQ	C172
0C4B	N360	CL60
0C4C	N360A	BE36
0C4D	N360AA	B763
0C4E	N360AB	SH36
0C4F	N360AC	C182
0C50	N360AD	RV4
0C51	N360AE	SW4
0C54	N360AH	R44
0C55	N360AJ	RV6
0C56	N360AK	BE60
0C58	N360AM	MAGN
0C5D	N360AS	BE30
0C60	N360AV	G150
0C63	N360AY	LJ35
0C65	N360B	BE35
0C66	N360BA	GLID
0C67	N360BB	LNC2
0C6A	N360BE	GLF4
0C6D	N360BH	LNC2
0C6F	N360BK	BKUT
0C76	N360BS	PA18
0C77	N360BT	MT
0C7B	N360BX	PTS1
0C7E	N360C	SR22
0C80	N360CB	SR22
0C81	N360CC	PA11
0C82	N360CD	SR22
0C84	N360CF	PA44
0C86	N360CH	AS50
0C88	N360CK	C25B
0C8C	N360CP	C82T
0C8E	N360CR	LNC2
0C90	N360CT	GLAS
0C93	N360CW	C72R
0C9A	N360DC	C185
0C9C	N360DE	LNC2
0C9D	N360DF	B350
0C9F	N360DH	COY2
0CA0	N360DJ	EXEC
0CA2	N360DL	T206
0CA4	N360DN	A321
0CA5	N360DP	RV6
0CAC	N360DW	LEG2
0CB1	N360EA	BE20
0CB2	N360EB	CJ6
0CB6	N360EF	D328
0CBB	N360EL	B350
0CBC	N360EM	RV6
0CBE	N360EP	LNC2
0CC1	N360ES	C72R
0CC8	N360EZ	EXPR
0CCC	N360FC	F2TH
0CCE	N360FE	DC10
0CD9	N360FR	A20N
0CDB	N360FT	P28A
0CDD	N360FV	BE36
0CDF	N360FX	E55P
0CE2	N360G	BE35
0CE4	N360GB	F2TH
0CE5	N360GC	LNC2
0CE9	N360GG	GLIM
0CEA	N360GH	GLIM
0CEB	N360GJ	RV6
0CEC	N360GK	LNC2
0CEE	N360GM	RV4
0CF3	N360GS	SONX
0CF4	N360GT	LNC2
0CFB	N360H	BE18
0CFC	N360HA	A332
0CFD	N360HB	LNC2
0CFE	N360HC	PA18
0D07	N360HM	HDJT
0D09	N360HP	GLEX
0D0C	N360HS	BE30
0D0D	N360HT	R66
0D0E	N360HU	HUSK
0D0F	N360HV	GLF4
0D14	N360J	LNC2
0D18	N360JD	LNC2
0D19	N360JE	HA4T
0D1A	N360JF	H269
0D1C	N360JH	LNC2
0D1F	N360JL	RV8
0D22	N360JP	SU29
0D25	N360JS	LNC2
0D26	N360JT	BE30
0D2D	N360K	BE30
0D2E	N360KA	BE30
0D2F	N360KB	LNC2
0D33	N360KF	B350
0D39	N360KM	LNC2
0D3D	N360KR	BE50
0D3E	N360KS	VEZE
0D49	N360LC	LNC2
0D4A	N360LD	PA22
0D4C	N360LF	GLF5
0D4D	N360LG	SW3
0D4E	N360LH	LNC2
0D51	N360LL	A119
0D54	N360LP	BE30
0D57	N360LS	RV6
0D59	N360LU	PA44
0D5B	N360LW	RV4
0D5F	N360M	F2TH
0D60	N360MA	LNC2
0D63	N360MD	SREY
0D64	N360ME	C82S
0D65	N360MF	SYMP
0D68	N360MJ	F2TH
0D6A	N360ML	LNC2
0D6B	N360MM	PA18
0D6D	N360MP	B350
0D71	N360MT	LNC2
0D7A	N360NB	A319
0D7D	N360NE	BT36
0D80	N360NH	H60
0D8D	N360NW	A320
0D8F	N360NY	B350
0D93	N360PB	LNC2
0D95	N360PD	R44
0D98	N360PG	EAGL
0D99	N360PH	DH8B
0D9B	N360PK	C25C
0D9C	N360PL	CL60
0D9D	N360PM	BE36
0DA2	N360PS	PTS1
0DA3	N360PT	CJ6
0DA9	N360PZ	FA7X
0DBB	N360QS	E55P
0DC4	N360RA	MU2
0DC5	N360RB	GLAS
0DCA	N360RG	GLAS
0DCB	N360RH	LNC2
0DCC	N360RJ	C206
0DCD	N360RK	C152
0DCE	N360RL	CL60
0DD3	N360RR	P2
0DD5	N360RT	LNC2
0DD7	N360RV	RV7
0DD8	N360RW	SH36
0DDC	N360S	LNC2
0DDD	N360SA	SH36
0DDE	N360SB	P32R
0DDF	N360SC	RV8
0DE1	N360SE	CH75
0DE2	N360SF	TBM9
0DE3	N360SG	LNC2
0DE4	N360SH	C25A
0DE5	N360SJ	F2TH
0DE8	N360SM	F2TH
0DE9	N360SN	LJ60
0DEA	N360SP	C172
0DEC	N360SR	RV6
0DED	N360SS	B47G
0DEE	N360ST	FOX
0DEF	N360SU	SR20
0DF2	N360SX	LNC2
0DF5	N360T	BE35
0DF6	N360TA	LNC2
0DF9	N360TD	C25B
0E02	N360TN	GLAS
0E06	N360TS	CC19
0E07	N360TT	SF50
0E0E	N360U	BE58
0E16	N360UH	H60
0E1C	N360UP	B763
0E27	N360V	LNC2
0E30	N360VJ	CL35
0E37	N360VR	S22T
0E39	N360VT	VELT
0E3C	N360VW	LNC2
0E41	N360WA	B733
0E42	N360WB	RV6
0E43	N360WC	PA12
0E4B	N360WL	SR22
0E52	N360WT	LNC2
0E55	N360WW	BOLT
0E59	N360X	BE20
0E67	N360XP	RV4
0E69	N360XR	LNC2
0E6A	N360XS	LNC2
0E72	N360Y	YK52
0E74	N360YB	LNC2
0E8B	N360Z	BE35
0E9B	N360ZR	LNC2
0EAE	N3600K	J3
0EB2	N3600P	PA22
0EB4	N3600R	P28A
0EB5	N3600S	C172
0EB7	N3600U	C182
0EB8	N3600V	C140
0EBA	N3600X	S22T
0EBC	N3600Z	PA22
0EBF	N36002	TAYB
0EC4	N36007	TAYB
0EC5	N36008	CH7B
0EC6	N36009	CH7A
0EC7	N3601	CH60
0EC9	N3601B	BE35
0ECA	N3601C	C180
0ECC	N3601E	C172
0ECF	N3601H	M20P
0ED4	N3601N	J3
0ED5	N3601P	PA22
0ED6	N3601Q	BE23
0EDC	N3601W	PA32
0EDD	N3601X	VO10
0EDE	N3601Y	C210
0EDF	N3601Z	PA22
0EE0	N36010	CH7B
0EE1	N36011	CH7B
0EE3	N36013	BL8
0EE9	N36019	TAYB
0EEC	N3602B	BPAT
0EF4	N3602K	P28A
0EF6	N3602M	LNC2
0EFD	N3602U	C182
0EFF	N3602W	PA32
0F01	N3602Y	C210
0F03	N36020	TAYB
0F07	N36024	P28R
0F09	N36026	P32R
0F0B	N36028	CH7B
0F15	N3603H	M20P
0F17	N3603K	J3
0F18	N3603L	C172
0F1C	N3603Q	BE23
0F1E	N3603S	C172
0F21	N3603V	C140
0F24	N3603Y	C210
0F27	N36031	CH7B
0F28	N36032	CH7A
0F29	N36033	AS50
0F2B	N36035	BL8
0F2D	N36037	TAYB
0F2E	N36038	TAYB
0F31	N3604A	PA22
0F33	N3604C	C180
0F35	N3604E	AR11
0F38	N3604H	M20P
0F39	N3604J	C150
0F3A	N3604K	P28A
0F3B	N3604L	G2T1
0F3C	N3604M	PA12
0F3E	N3604P	PA22
0F42	N3604T	AS50
0F44	N3604V	C140
0F46	N3604X	G2T1
0F4B	N36042	TAYB
0F4D	N36044	TAYB
0F4F	N36046	TAYB
0F51	N36048	TAYB
0F52	N36049	PA34
0F54	N3605A	PA22
0F56	N3605C	C180
0F5B	N3605H	M20P
0F5C	N3605J	C150
0F5D	N3605K	J3
0F5E	N3605L	C172
0F5F	N3605M	PA34
0F60	N3605N	J3
0F61	N3605P	P210
0F6A	N3605Y	C210
0F6E	N36052	P28A
0F72	N36056	P28A
0F74	N36058	TAYB
0F75	N36059	TAYB
0F77	N3606A	PA22
0F79	N3606C	C180
0F7B	N3606E	C172
0F7F	N3606J	C150
0F80	N3606K	J3
0F82	N3606M	P28A
0F83	N3606N	J3
0F88	N3606T	BE10
0F8A	N3606V	C140
0F8E	N3606Z	PA22
0F8F	N36060	TAYB
0F90	N36061	TAYB
0F96	N36067	P28R
0F9A	N3607A	PA22
0F9D	N3607D	C310
0F9E	N3607E	C172
0FA2	N3607J	C150
0FA5	N3607M	PA12
0FA6	N3607N	J3
0FA8	N3607Q	BE23
0FAC	N3607U	C182
0FAD	N3607V	C150
0FAE	N3607W	PA32
0FAF	N3607X	VO10
0FB0	N3607Y	C210
0FB3	N36071	P32R
0FB5	N36073	P32R
0FB9	N36077	P28A
0FBD	N3608A	PA22
0FC1	N3608E	CH7A
0FC5	N3608J	C150
0FC7	N3608L	C172
0FC8	N3608M	P28A
0FCF	N3608U	C182
0FD1	N3608W	PA32
0FD4	N3608Z	PA22
0FD6	N36081	TAYB
0FD9	N36084	TAYB
0FDF	N3609	SHAW
0FE4	N3609E	C172
0FE7	N3609H	M20P
0FE9	N3609K	J3
0FEB	N3609M	P28A
0FEE	N3609Q	P32R
0FF0	N3609S	C172
0FF3	N3609V	C140
0FF4	N3609W	PA32
0FF7	N3609Z	PA22
0FF8	N36090	TAYB
0FFC	N36094	P28A
0FFD	N36095	P28A
0FFE	N36096	P28R
0FFF	N36097	P28R
1002	N361	BE35
1003	N361A	MITE
1006	N361AC	CH7B
100B	N361AH	BE58
100D	N361AK	RV9
100E	N361AL	B06
1014	N361AS	E55P
101D	N361BA	GLID
101F	N361BC	BE36
1023	N361BG	RV12
1024	N361BH	H269
1035	N361C	S108
1036	N361CA	H25B
1038	N361CC	C172
1040	N361CL	SF34
1041	N361CM	BE36
1043	N361CP	C172
1045	N361CR	A109
104A	N361CW	BE36
104D	N361CZ	GLF6
104E	N361D	BE35
1050	N361DB	C82T
1052	N361DD	F900
1053	N361DE	C501
105A	N361DM	BE36
105B	N361DN	A321
1067	N361E	B350
1068	N361EA	BE20
1078	N361ES	C72R
1079	N361ET	EAGL
1080	N361F	PC6T
1081	N361FA	SPHA
1085	N361FE	DC10
108B	N361FL	CVLP
1090	N361FR	A20N
1091	N361FS	M7
1092	N361FT	A320
1096	N361FX	E55P
109C	N361GC	C414
10AB	N361GT	B734
10B3	N361HA	A332
10BC	N361HK	Q9
10CD	N361JB	SR22
10D0	N361JE	C550
10D1	N361JF	R44
10D6	N361JL	CL35
10E4	N361K	F900
10E5	N361KA	BE20
10EA	N361KF	FOX
10F0	N361KM	SR22
10F5	N361KS	GLIM
10FE	N361LA	H25B
10FF	N361LB	COL3
1108	N361LL	A119
1110	N361LU	C172
1112	N361LW	R66
1113	N361LX	E300
1117	N361MA	MU2
1118	N361MB	C25C
1121	N361ML	C510
1122	N361MM	BE30
1131	N361NB	A319
1144	N361NW	A320
1146	N361NY	B350
1148	N361P	LNC2
1151	N361PJ	LJ35
1172	N361QS	C680
1182	N361RH	C172
1188	N361RP	PA32
1196	N361SC	BE55
119B	N361SH	H500
11A4	N361SS	SSTL
11AC	N361T	BE95
11AD	N361TA	SR22
11AF	N361TC	BT36
11B0	N361TD	BE20
11B1	N361TE	C82S
11B6	N361TK	C82T
11B7	N361TL	C25B
11C2	N361TX	AS50
11D3	N361UP	B763
11DF	N361VA	A320
11F7	N361W	BE36
11F8	N361WA	P32R
1203	N361WM	RV8
125C	N3610A	PA22
1260	N3610E	C172
1263	N3610H	M20P
1272	N3610Y	C210
1276	N36102	TAYB
127A	N36106	PA34
127F	N3611A	BE36
1280	N3611B	PA23
1281	N3611C	C180
1283	N3611E	CH7A
1286	N3611H	M20P
1287	N3611J	C150
1288	N3611K	J3
1289	N3611L	C172
128A	N3611M	PA12
128B	N3611N	M20P
128F	N3611S	C172
1299	N36112	TAYB
129B	N36114	TAYB
129C	N36115	P28A
129D	N36116	P28A
129E	N36117	TAYB
129F	N36118	P28A
12A4	N3612C	C180
12AC	N3612L	C172
12AF	N3612P	PA22
12B0	N3612Q	P32R
12B3	N3612T	TF19
12B5	N3612V	C140
12B6	N3612W	PA32
12BA	N36120	P28R
12BB	N36121	TAYB
12C3	N36129	P32R
12C5	N3613A	PA22
12C6	N3613B	GLID
12C9	N3613E	CH7A
12CA	N3613F	GLID
12CD	N3613J	C150
12CE	N3613K	J3
12D0	N3613M	PA12
12D1	N3613N	M20P
12D2	N3613P	PA22
12D3	N3613Q	BE23
12D4	N3613R	GLID
12D5	N3613S	C172
12D6	N3613T	B06
12D7	N3613U	C182
12D8	N3613V	C140
12D9	N3613W	PA32
12E0	N36133	GLID
12E1	N36134	P28A
12E2	N36135	GLID
12E3	N36136	TAYB
12E4	N36137	CH7B
12E5	N36138	CH7B
12E6	N36139	BL8
12E7	N3614	RLU1
12E8	N3614A	PA22
12E9	N3614B	GLID
12F0	N3614J	C150
12F1	N3614K	J3
12F2	N3614L	C172
12F4	N3614N	GLID
12F6	N3614Q	BE23
12F7	N3614R	P28A
12FA	N3614U	C182
12FD	N3614X	VO10
12FE	N3614Y	C210
1300	N36140	CH7A
1301	N36141	CH7B
1306	N36146	TAYB
1307	N36147	TAYB
1308	N36148	GLID
1309	N36149	P32R
130A	N3615	KR31
130C	N3615B	GLID
130D	N3615C	C180
130E	N3615D	C310
1312	N3615H	ERCO
1315	N3615L	C172
1316	N3615M	PA12
1317	N3615N	M20P
131A	N3615R	P28A
131B	N3615S	C172
1323	N36150	P32R
1326	N36153	TAYB
1328	N36155	TAYB
1329	N36156	GLID
132A	N36157	TAYB
132C	N36159	TAYB
132D	N3616	C560
1331	N3616D	C310
1333	N3616F	GLID
1334	N3616G	GLID
1336	N3616J	C150
1339	N3616M	PA12
133A	N3616N	M20P
133B	N3616P	PA22
133C	N3616Q	GLID
133E	N3616S	C172
133F	N3616T	TF19
1340	N3616U	C182
1341	N3616V	C140
1344	N3616Y	C210
134B	N36165	TAYB
134C	N36166	GLID
134D	N36167	P28A
1352	N3617B	GLID
1354	N3617D	GLID
1355	N3617E	GLID
1356	N3617F	T6
1359	N3617J	C150
135D	N3617N	J3
135E	N3617P	PA22
135F	N3617Q	GLID
1362	N3617T	TF19
1367	N3617Y	C210
136A	N36171	GLID
136C	N36173	CH7B
136D	N36174	CH7A
136F	N36176	BL8
1371	N36178	CH7B
1376	N3618C	C82R
1377	N3618D	GLID
1378	N3618E	CH7A
1379	N3618F	A319
137A	N3618G	C310
137B	N3618H	ERCO
137C	N3618J	C150
137D	N3618K	GL5T
137E	N3618L	C172
137F	N3618M	P28A
1380	N3618N	M20P
1387	N3618V	C140
1388	N3618W	PA32
1389	N3618X	VO10
138B	N3618Z	PA22
138F	N36183	GLID
1391	N36185	P32R
1393	N36187	P28A
1398	N3619B	GLID
1399	N3619C	C180
139E	N3619H	ERCO
139F	N3619J	C188
13A0	N3619K	P28A
13A2	N3619M	PA12
13A3	N3619N	M20P
13A4	N3619P	GLID
13A6	N3619R	P28A
13A7	N3619S	C172
13A9	N3619U	GLID
13AA	N3619V	C140
13AC	N3619X	VO10
13AD	N3619Y	C210
13B3	N36194	P32R
13B4	N36195	TAYB
13B5	N36196	TAYB
13B6	N36197	TAYB
13B9	N362	P28A
13BA	N362A	BE36
13BB	N362AA	B763
13BC	N362AB	P32R
13BD	N362AC	AS50
13C1	N362AG	SF34
13C2	N362AH	EC35
13C5	N362AL	B06
13CA	N362AR	LNC2
13CB	N362AS	E55P
13D4	N362BA	GLID
13D6	N362BC	C182
13DE	N362BL	C172
13DF	N362BM	PA23
13E1	N362BP	PA23
13E4	N362BS	S22T
13EC	N362C	S108
13EE	N362CB	M7
13EF	N362CC	PA11
13F0	N362CD	SR22
13F8	N362CM	B763
13FA	N362CP	SR22
13FD	N362CS	C240
13FE	N362CT	RV6
1407	N362DB	BE36
1409	N362DD	M28
140A	N362DE	SONX
1410	N362DL	BE58
1411	N362DM	P32R
1412	N362DN	A321
1415	N362DR	SONX
1416	N362DS	DA40
1417	N362DT	ONEX
1419	N362DV	ONEX
141D	N362DZ	ONEX
141F	N362EA	BE40
142E	N362ER	LNC2
142F	N362ES	C72R
1430	N362ET	EAGL
143C	N362FE	DC10
1447	N362FR	A20N
1448	N362FS	M7
144D	N362FX	E55P
1462	N362GT	B734
146E	N362HE	SR20
1477	N362HP	BE95
1486	N362JD	P28A
1487	N362JE	CL30
148E	N362JM	M20P
148F	N362JN	H60
1496	N362JV	COL4
14AD	N362KT	C82T
14BF	N362LL	A109
14CE	N362MA	PA46
14CF	N362MB	RV7
14D0	N362MC	BE9L
14D1	N362MD	SR22
14D2	N362ME	C82S
14D9	N362MM	SR20
14DA	N362MN	H500
14E6	N362N	KR2
14E8	N362NB	A319
14E9	N362NC	B733
14FB	N362NW	A320
1502	N362PC	C182
1507	N362PH	DH8B
1508	N362PJ	LJ35
1533	N362RB	BLKS
153D	N362RM	BE36
1541	N362RR	P2
1545	N362RV	RV4
154B	N362SA	BE36
154C	N362SB	BE36
1552	N362SH	AC90
1558	N362SP	C172
155A	N362SR	SR22
1563	N362T	BE35
1578	N362TW	C650
158A	N362UP	B763
15BE	N362WR	H46
15BF	N362WS	LNC2
15D5	N362XP	H25B
15F9	N362Z	BE35
1615	N3620C	C82R
1617	N3620E	GLID
161B	N3620J	C150
161D	N3620L	C172
161E	N3620M	BE20
161F	N3620N	M20P
1622	N3620R	P28A
1623	N3620S	C172
1624	N3620T	GLID
1627	N3620W	PA32
1628	N3620X	VO10
162C	N36201	P32R
162D	N36202	P32R
1630	N36205	TAYB
1632	N36207	B738
1634	N36209	P28A
1637	N3621B	GLID
1638	N3621C	C82R
163C	N3621G	GLID
163E	N3621J	C150
163F	N3621K	LGEZ
1641	N3621M	PA12
1643	N3621P	PA22
1645	N3621R	BE36
1646	N3621S	C172
1647	N3621T	GLID
1648	N3621U	C182
164B	N3621X	P28A
164C	N3621Y	C210
1651	N36213	C177
1655	N36217	TAYB
1656	N36218	TAYB
1659	N3622A	BE55
165A	N3622B	GLID
165B	N3622C	RV14
165E	N3622F	TAYB
1663	N3622L	C172
1664	N3622M	PA12
1665	N3622N	M20P
1666	N3622P	PA22
1668	N3622R	P28A
166A	N3622T	BE58
166B	N3622U	C182
166C	N3622V	C150
166D	N3622W	GLID
1670	N3622Z	GLID
1671	N36220	TAYB
1678	N36227	TAYB
1685	N3623K	T6
1688	N3623N	J3
168C	N3623S	C172
168F	N3623V	C150
1694	N36230	TAYB
1696	N36232	TAYB
1697	N36233	CH7B
16A1	N3624C	C180
16A4	N3624F	COY2
16A5	N3624G	L29
16A8	N3624K	J3
16AB	N3624N	J3
16AD	N3624Q	BE23
16B0	N3624T	H269
16B1	N3624U	C182
16B2	N3624V	C140
16B8	N36241	TAYB
16B9	N36242	CH7B
16BB	N36244	BL8
16BC	N36245	CH7B
16BD	N36246	CH7B
16BE	N36247	B738
16BF	N36248	CH7B
16C0	N36249	CH7B
16C4	N3625C	C82R
16C6	N3625E	CH7A
16C9	N3625H	ERCO
16CC	N3625L	C172
16D3	N3625T	H269
16DA	N36250	CH7B
16DB	N36251	CH7B
16DD	N36253	TAYD
16E2	N36258	P28R
16E3	N36259	DG15
16E6	N3626B	H269
16EB	N3626G	G164
16EC	N3626H	ERCO
16ED	N3626J	C150
16EF	N3626L	C172
16F8	N3626V	C150
16FA	N3626X	VO10
16FB	N3626Y	C210
16FD	N36260	TAYD
16FF	N36262	P32R
1700	N36263	TAYD
1702	N36265	G164
1703	N36266	CH7B
1704	N36267	CH7B
1706	N36269	G164
1708	N3627A	BE35
1709	N3627B	G164
170A	N3627C	C82R
170C	N3627E	C172
170E	N3627G	G164
170F	N3627H	ERCO
1711	N3627K	J3
1712	N3627L	C172
1714	N3627N	J3
1716	N3627Q	G164
1718	N3627S	G164
171A	N3627U	C182
171D	N3627X	VO10
171F	N3627Z	PA22
1722	N36272	B738
1723	N36273	P32R
1726	N36276	P28A
1727	N36277	TAYD
1728	N36278	TAYB
1729	N36279	TAYB
172F	N3628E	AR11
1732	N3628H	M20P
1733	N3628J	C150
1734	N3628K	J3
1735	N3628L	C172
1739	N3628Q	BE23
173B	N3628S	C172
173C	N3628T	G164
1742	N3628Z	G164
1743	N36280	B738
1744	N36281	P28A
1748	N36285	CH7A
174B	N36288	CH7B
174E	N3629A	BE35
1751	N3629D	G164
1752	N3629E	G164
1753	N3629F	G164
1755	N3629H	M20P
1756	N3629J	G164
1757	N3629K	G164
1759	N3629M	PA12
175A	N3629N	G164
175D	N3629R	P28A
175E	N3629S	C172
1761	N3629V	C140
1762	N3629W	PA32
1764	N3629Y	G164
1766	N36290	TAYB
1768	N36292	P32R
176B	N36295	P32R
176C	N36296	TAYB
176D	N36297	P32R
176F	N36299	RV6
1770	N363	BE35
1771	N363A	MITE
1774	N363AC	P32R
1779	N363AH	EC35
177C	N363AL	C25B
177F	N363AP	C680
1783	N363AT	AT8T
178A	N363B	BE35
178B	N363BA	GLID
178D	N363BC	BE35
1791	N363BG	AT8T
1795	N363BL	C172
179B	N363BS	C525
17A3	N363C	S108
17A4	N363CA	C550
17A6	N363CC	H500
17AD	N363CK	C172
17AF	N363CM	B763
17B1	N363CP	C172
17B4	N363CS	C82T
17B5	N363CT	SR22
17BC	N363D	BE20
17BD	N363DA	DV20
17C3	N363DG	GLIM
17C9	N363DN	A321
17CD	N363DS	DA40
17D6	N363EA	TBM7
17EB	N363EX	CC11
17F3	N363FE	DC10
17FE	N363FR	A20N
17FF	N363FS	M7
1803	N363FW	E55P
1807	N363G	A139
180A	N363GC	RV4
1818	N363GS	AT8T
182A	N363HK	Q9
183A	N363JA	SSTL
183C	N363JC	E300
1840	N363JG	GLF5
1841	N363JH	BE20
1842	N363JJ	AT5T
1845	N363JM	PA11
1849	N363JR	P46T
184A	N363JS	H500
184D	N363JV	C185
1852	N363K	C172
1854	N363KB	BE36
1855	N363KC	S22T
185C	N363KK	SR22
1863	N363KS	GLIM
1876	N363LL	CAMP
1884	N363M	CC11
1885	N363MA	C172
1886	N363MB	BE36
1890	N363MM	PA46
189F	N363NB	A319
18A5	N363NH	ASTR
18B2	N363NW	A320
18BD	N363PG	CC11
18BE	N363PH	DH8B
18BF	N363PJ	LJ35
18E0	N363QS	E55P
18E8	N363R	BE36
18F0	N363RH	C25A
18F4	N363RM	C310
18F9	N363RS	BU31
18FC	N363RV	RV6
1902	N363SA	C72R
1903	N363SB	RV9
1904	N363SC	SR22
1909	N363SH	C25A
190B	N363SK	R44
190F	N363SP	C172
1911	N363SR	SR22
1912	N363SS	CC11
1913	N363ST	FDCT
1917	N363SX	SONX
191A	N363T	BE95
1921	N363TG	RV10
1941	N363UP	B763
1944	N363US	M20P
195A	N363VP	C25A
196D	N363WH	S22T
1997	N363Y	PA11
19B0	N363Z	BE35
19CB	N3630B	G164
19CD	N3630D	G164
19CE	N3630E	AR11
19D5	N3630M	P28R
19D6	N3630N	M20P
19D8	N3630Q	BE23
19D9	N3630R	P28A
19DA	N3630S	C172
19DC	N3630U	G164
19DE	N3630W	PA32
19E5	N36303	G164
19E6	N36304	P28A
19EF	N3631C	C180
19F0	N3631D	C310
19F1	N3631E	C172
19F2	N3631F	T6
19F7	N3631L	C172
19F8	N3631M	P28R
19F9	N3631N	J3
19FA	N3631P	PA22
19FD	N3631S	C172
19FF	N3631U	C182
1A00	N3631V	C140
1A02	N3631X	VO10
1A0F	N3632	PA18
1A10	N3632A	BE35
1A14	N3632E	C172
1A15	N3632F	T6
1A17	N3632H	ERCO
1A18	N3632J	C150
1A19	N3632K	J3
1A1A	N3632L	C172
1A21	N3632T	G164
1A2A	N36322	TAYB
1A33	N3633A	PA22
1A35	N3633C	G164
1A3A	N3633H	ERCO
1A3B	N3633J	C150
1A3C	N3633K	J3
1A3E	N3633M	PA12
1A3F	N3633N	M20P
1A42	N3633R	P28A
1A43	N3633S	G164
1A44	N3633T	G164
1A45	N3633U	C182
1A46	N3633V	C140
1A4E	N36333	G164
1A50	N36335	CH7B
1A51	N36336	CH7A
1A52	N36337	BL8
1A54	N36339	CH7B
1A5E	N3634J	C150
1A60	N3634L	C172
1A62	N3634N	J3
1A65	N3634R	P28A
1A6A	N3634W	PA32
1A6C	N3634Y	AEST
1A73	N36345	PA34
1A74	N36346	TAYD
1A77	N36349	CH7A
1A79	N3635A	AEST
1A7A	N3635B	BE50
1A7B	N3635C	C180
1A7D	N3635E	AR11
1A82	N3635K	J3
1A83	N3635L	C172
1A84	N3635M	PA12
1A86	N3635P	AEST
1A87	N3635Q	BE23
1A89	N3635S	C82S
1A8A	N3635T	TWEN
1A8C	N3635V	C150
1A8E	N3635X	VO10
1A8F	N3635Y	AEST
1A90	N3635Z	PA22
1A91	N36350	CH7B
1A92	N36351	CH7B
1A93	N36352	BL8
1A94	N36353	CH7A
1A95	N36354	TAYD
1A96	N36355	P28A
1A97	N36356	TAYD
1A99	N36358	P28A
1A9C	N3636A	BE36
1A9E	N3636C	C310
1AA3	N3636H	M20P
1AA5	N3636K	P28A
1AA6	N3636L	C172
1AAC	N3636S	C172
1AAD	N3636T	BT36
1AAE	N3636U	C182
1AAF	N3636V	C140
1AB0	N3636W	R22
1AB2	N3636Y	C210
1AB5	N36361	PA32
1AB6	N36362	C180
1AB7	N36363	BE35
1AB8	N36364	PA32
1ABD	N36369	PA34
1AC1	N3637C	C82R
1AC6	N3637H	ERCO
1AC8	N3637K	J3
1ACB	N3637N	J3
1ACC	N3637P	PA22
1ACE	N3637R	P28A
1AD3	N3637W	PA32
1AD6	N3637Z	PA22
1AD7	N36370	TAYD
1AD8	N36371	PA34
1ADD	N36376	TAYD
1ADF	N36378	CH7B
1AE2	N3638A	PA22
1AE9	N3638H	M20P
1AEA	N3638J	C150
1AEB	N3638K	J3
1AED	N3638M	PA12
1AEF	N3638P	PA22
1AF0	N3638Q	BE23
1AF1	N3638R	P28A
1AF5	N3638V	C150
1AF6	N3638W	PA32
1AFB	N36381	CH7A
1AFC	N36382	CH7B
1AFE	N36384	P28R
1B00	N36386	TAYD
1B01	N36387	AEST
1B08	N3639D	C310
1B09	N3639E	CH7A
1B0A	N3639F	T6
1B0C	N3639H	M20P
1B0D	N3639J	C150
1B0E	N3639K	J3
1B0F	N3639L	C172
1B10	N3639M	PA12
1B12	N3639P	PA22
1B17	N3639U	C182
1B19	N3639W	PA32
1B1B	N3639Y	C210
1B1C	N3639Z	PA22
1B1D	N36390	P32R
1B20	N36393	P28A
1B21	N36394	TAYD
1B22	N36395	P28A
1B24	N36397	TAYD
1B27	N364	P337
1B2B	N364AC	BE36
1B2D	N364AE	F2TH
1B2E	N364AF	FOX
1B32	N364AK	B412
1B34	N364AM	CH2T
1B36	N364AP	C310
1B38	N364AR	LJ60
1B3B	N364AU	BE36
1B42	N364BA	GLID
1B43	N364BB	BE36
1B44	N364BC	C25A
1B47	N364BF	BE36
1B48	N364BG	BE36
1B4F	N364BP	GP3
1B52	N364BS	BE36
1B53	N364BT	RV6
1B5A	N364C	C182
1B5B	N364CA	BE30
1B5D	N364CC	PA11
1B60	N364CF	PA11
1B65	N364CL	LJ35
1B66	N364CM	B763
1B68	N364CP	C172
1B75	N364DB	BE36
1B76	N364DC	CH75
1B77	N364DD	BE36
1B79	N364DF	BE36
1B89	N364DX	A321
1B8C	N364E	BE36
1B97	N364EL	BE33
1B98	N364EM	BE36
1BB5	N364FR	A20N
1BB6	N364FS	M7
1BBB	N364FX	E55P
1BBE	N364G	C177
1BC5	N364GG	BT36
1BC9	N364GL	BE95
1BD3	N364GW	C172
1BD7	N364H	BD4
1BE5	N364HP	BE36
1BF2	N364JB	BE36
1C01	N364JS	LNC2
1C09	N364K	COL4
1C19	N364KR	B36T
1C2D	N364LL	A109
1C3B	N364M	R22
1C3C	N364MA	C172
1C3E	N364MC	PA32
1C42	N364MG	C82R
1C4C	N364MS	C72R
1C50	N364MW	BE36
1C56	N364NB	A319
1C69	N364NW	A320
1C6B	N364NY	C310
1C6D	N364P	BT36
1C75	N364PH	DH8B
1C83	N364PX	SF34
1C97	N364QS	C680
1CA2	N364RC	BE36
1CB8	N364S	FOX
1CB9	N364SA	C72R
1CBA	N364SB	RV12
1CBB	N364SC	BE36
1CBC	N364SD	UH1
1CC3	N364SL	PTS2
1CC4	N364SM	F2TH
1CC8	N364SR	C172
1CC9	N364SS	BT36
1CCA	N364ST	PA46
1CD1	N364T	BE35
1CD2	N364TA	AS50
1CD3	N364TB	CRER
1CE6	N364TW	BT36
1CF8	N364UP	B763
1D0D	N364VK	BE36
1D1D	N364WA	AC90
1D1E	N364WB	P46T
1D28	N364WM	RV8
1D2A	N364WP	BE36
1D81	N3640A	PA22
1D87	N3640G	C310
1D89	N3640J	C150
1D8A	N3640K	J3
1D8B	N3640L	C172
1D8C	N3640M	PA12
1D8D	N3640N	M20P
1D8F	N3640Q	BE23
1D91	N3640S	C172
1D93	N3640U	C182
1D94	N3640V	C140
1D96	N3640X	VO10
1D98	N3640Z	PA22
1D99	N36400	P28A
1D9A	N36401	P32R
1D9F	N36406	TAYD
1DA0	N36407	TAYD
1DA2	N36409	P28A
1DA5	N3641B	AEST
1DA6	N3641C	C82R
1DA7	N3641D	C310
1DA8	N3641E	AR11
1DAD	N3641K	J3
1DAE	N3641L	C172
1DAF	N3641M	PA32
1DB0	N3641N	M20P
1DB3	N3641R	P28A
1DB4	N3641S	AEST
1DB7	N3641V	C150
1DB8	N3641W	PA32
1DBA	N3641Y	AEST
1DBC	N36410	TAYD
1DBD	N36411	CH7B
1DBE	N36412	CH7A
1DBF	N36413	BL8
1DC0	N36414	CH7B
1DC3	N36417	CH7B
1DC4	N36418	TAYD
1DC5	N36419	TAYD
1DC9	N3642C	C180
1DCA	N3642D	C310
1DCB	N3642E	CH7A
1DCE	N3642H	ERCO
1DD0	N3642K	J3
1DD1	N3642L	C172
1DD2	N3642M	PA12
1DD4	N3642P	PA22
1DD5	N3642Q	BE23
1DD9	N3642U	C182
1DDB	N3642W	PA32
1DE0	N36421	TAYB
1DE3	N36424	P28A
1DE4	N36425	TAYB
1DEB	N3643B	C180
1DEC	N3643C	C180
1DED	N3643D	AEST
1DF2	N3643J	C150
1DF5	N3643M	PA12
1DF6	N3643N	M20P
1DF7	N3643P	PA22
1DFA	N3643S	C172
1DFB	N3643T	AEST
1DFC	N3643U	C182
1E02	N36430	TAYB
1E04	N36432	TAYB
1E05	N36433	TAYB
1E06	N36434	CH7B
1E0A	N36438	CH7B
1E0B	N36439	TAYB
1E0E	N3644B	PAY3
1E11	N3644E	AR11
1E12	N3644F	T6
1E14	N3644H	ERCO
1E15	N3644J	C150
1E16	N3644K	P28A
1E17	N3644L	C172
1E19	N3644N	J3
1E1A	N3644P	PA22
1E1C	N3644R	P28A
1E1D	N3644S	C172
1E1E	N3644T	C172
1E1F	N3644U	C182
1E23	N3644Y	EVOT
1E25	N36440	PA32
1E26	N36441	TAYB
1E29	N36444	B739
1E2A	N36445	P32R
1E2C	N36447	B739
1E34	N3645E	CH7A
1E35	N3645F	T6
1E3A	N3645L	C172
1E42	N3645U	C182
1E44	N3645W	PA32
1E45	N3645X	VO10
1E4A	N36452	TAYB
1E4E	N36456	P28A
1E51	N36459	TAYB
1E58	N3646F	T6
1E59	N3646G	T6
1E5A	N3646H	AEST
1E5B	N3646J	C150
1E5C	N3646K	AEST
1E5D	N3646L	C172
1E60	N3646P	AEST
1E63	N3646S	C172
1E65	N3646U	C182
1E66	N3646V	C140
1E67	N3646W	PA32
1E69	N3646Y	C210
1E6B	N36460	AEST
1E6D	N36462	PA32
1E6E	N36463	P32R
1E6F	N36464	TAYB
1E73	N36468	TAYB
1E74	N36469	B739
1E75	N3647	BE18
1E78	N3647C	C180
1E79	N3647D	C310
1E7C	N3647G	T6
1E7D	N3647H	ERCO
1E7F	N3647K	P28A
1E80	N3647L	C172
1E81	N3647M	PA12
1E82	N3647N	J3
1E83	N3647P	PA22
1E85	N3647R	P28A
1E88	N3647U	C182
1E8A	N3647W	PA32
1E8B	N3647X	SS2P
1E8E	N36470	P28A
1E90	N36472	B739
1E93	N36475	TAYB
1E94	N36476	B739
1E96	N36478	TAYB
1E9A	N3648B	AEST
1E9C	N3648D	C310
1EA2	N3648K	P28A
1EA3	N3648L	C172
1EA4	N3648M	PA12
1EA5	N3648N	J3
1EA7	N3648Q	BE23
1EAB	N3648U	C182
1EAC	N3648V	C140
1EB0	N3648Z	PA22
1EB2	N36481	TAYB
1EB3	N36482	PA34
1EB4	N36483	TAYB
1EB6	N36485	PA34
1EB8	N36487	PA34
1EBE	N3649C	C180
1EC3	N3649H	ERCO
1EC6	N3649L	C172
1EC7	N3649M	PA12
1EC9	N3649P	PA22
1ECA	N3649Q	BE23
1ECB	N3649R	P28A
1ED0	N3649W	PA32
1ED5	N36491	P28A
1ED6	N36492	TAYD
1EDA	N36496	P28R
1EDE	N365	HUML
1EDF	N365A	AS65
1EE0	N365AA	A109
1EE2	N365AC	BT36
1EE4	N365AE	B407
1EE6	N365AG	F2TH
1EE9	N365AK	HUSK
1EEF	N365AR	DHC6
1EF0	N365AS	SF50
1EF3	N365AV	CL35
1EF4	N365AW	S61
1EF8	N365B	BE35
1EFB	N365BC	M20P
1EFC	N365BD	CH70
1EFE	N365BF	GLF5
1F03	N365BL	F900
1F0A	N365BT	PC6T
1F0B	N365BU	C56X
1F11	N365C	HUSK
1F12	N365CA	C82T
1F13	N365CB	EXEC
1F14	N365CC	PA18
1F18	N365CG	ALIG
1F19	N365CH	BK17
1F1A	N365CJ	GLEX
1F1F	N365CP	C172
1F22	N365CS	BE30
1F2B	N365DA	RV8
1F2C	N365DB	LGEZ
1F2E	N365DD	CRUZ
1F2F	N365DE	FA10
1F31	N365DG	GL7T
1F32	N365DH	K100
1F37	N365DN	A321
1F3B	N365DS	C172
1F44	N365EA	C560
1F54	N365ES	C72R
1F5C	N365F	C421
1F5F	N365FC	C185
1F61	N365FE	DC10
1F67	N365FL	T28
1F6C	N365FR	A20N
1F72	N365FX	E55P
1F76	N365GA	G150
1F78	N365GC	GL7T
1F80	N365GL	LJ31
1F89	N365GV	T210
1F8E	N365H	BE95
1F95	N365HG	S22T
1F96	N365HH	AS65
1F9A	N365HM	AS65
1F9C	N365HP	BE36
1FA7	N365J	B06
1FA8	N365JA	AS65
1FA9	N365JB	C170
1FAA	N365JC	BE9L
1FAF	N365JH	E55P
1FB2	N365JL	AS65
1FB3	N365JM	GLIM
1FB5	N365JP	SR22
1FB7	N365JR	HUSK
1FB8	N365JS	A343
1FC1	N365KA	SR22
1FD1	N365KS	S22T
1FD4	N365KV	GLF4
1FDA	N365LA	AT8T
1FE0	N365LG	GLF6
1FE1	N365LH	PC12
1FE7	N365LP	LJ45
1FEB	N365LT	F2TH
1FF3	N365MA	C82S
1FF4	N365MB	SR22
1FF7	N365ME	C82S
1FF9	N365MG	CL35
2001	N365MQ	SH36
2003	N365MS	R44
2004	N365MT	B407
2009	N365MY	AS65
200D	N365NB	A319
2015	N365NK	TBM7
2020	N365NW	A320
2024	N365P	PA18
2025	N365PA	G2CA
2027	N365PC	C172
202C	N365PH	DH8B
2030	N365PM	SR22
2034	N365PR	H500
2035	N365PS	AA5
2036	N365PT	BE30
204E	N365QS	C680
205B	N365RE	C340
205D	N365RG	RAF2
2068	N365RT	AS65
206A	N365RV	BE36
206B	N365RW	RV4
2071	N365SB	BE36
2072	N365SC	G280
2073	N365SD	UH1
2078	N365SJ	AS65
207A	N365SL	CRJ2
207B	N365SM	C25A
207D	N365SP	C172
207F	N365SR	B736
2080	N365SS	G150
2087	N365SZ	BE30
2088	N365T	RV7
2089	N365TA	T6
208F	N365TG	SR22
2094	N385TM	K100
209C	N365TV	A109
209E	N365TX	F2TH
20A4	N365UC	EC45
20AF	N365UP	B763
20B0	N365UQ	AS65
20BB	N365VA	A320
20D3	N365W	LNP4
20D4	N365WA	C550
20D6	N365WC	C82T
20D7	N365WD	SR22
20DB	N365WH	C25A
20DF	N365WM	BE30
20EC	N365X	M5
2137	N3650	GLID
2138	N3650A	BE35
213A	N3650C	C180
213B	N3650D	AT3T
213C	N3650E	CH7A
213F	N3650H	M20P
2140	N3650J	C150
2141	N3650K	J3
2142	N3650L	C172
2143	N3650M	PA12
2147	N3650R	P28A
214E	N3650Y	AT3P
214F	N3650Z	AT3P
2153	N36503	AR65
2155	N36505	PA34
215B	N3651A	PA22
215D	N3651C	C82R
215F	N3651E	CH7A
2166	N3651M	PA12
2167	N3651N	PA12
2168	N3651P	PA22
216D	N3651U	C182
216E	N3651V	C140
216F	N3651W	PA32
2172	N3651Z	PA22
2174	N36511	P28A
2179	N36516	P32R
217C	N36519	AR65
2180	N3652C	C82R
2182	N3652E	PA36
2186	N3652J	C150
2188	N3652L	C172
2189	N3652M	PA12
218A	N3652N	PA12
218C	N3652Q	BE23
218D	N3652R	P28A
218F	N3652T	DA40
2192	N3652W	PA32
2194	N3652Y	C210
2195	N3652Z	AT3T
2198	N36522	AR65
2199	N36523	P32R
219A	N36524	AR65
219B	N36525	P32R
219C	N36526	AR65
219D	N36527	AR65
219F	N36529	AR65
21A1	N3653A	BE95
21A2	N3653B	BE50
21A3	N3653C	C180
21A7	N3653G	T6
21A8	N3653H	M20P
21A9	N3653J	C150
21AB	N3653L	C172
21AD	N3653N	M20P
21AE	N3653P	PA22
21AF	N3653Q	BE23
21B0	N3653R	P28A
21B3	N3653U	C182
21B4	N3653V	C140
21B7	N3653Y	AT3P
21B8	N3653Z	PA22
21BC	N36533	AR65
21BF	N36536	PA34
21C0	N36537	AR65
21C2	N36539	AR65
21C6	N3654C	C180
21C8	N3654E	CH7A
21C9	N3654F	FOX
21CA	N3654G	AT3T
21CB	N3654H	M20P
21CD	N3654K	P28A
21CE	N3654L	C172
21CF	N3654M	PA12
21D3	N3654R	P28A
21D7	N3654V	C140
21DD	N36541	P28A
21DE	N36542	AT3P
21DF	N36543	AR65
21E2	N36546	P32R
21E3	N36547	AR65
21E4	N36548	AR65
21E8	N3655B	AT3T
21E9	N3655C	C180
21F0	N3655K	J3
21F3	N3655N	PA12
21F7	N3655S	AT3P
21F8	N3655T	AT3T
21F9	N3655U	C182
21FA	N3655V	C140
2200	N36551	AR65
2202	N36553	AR65
2204	N36555	P32R
220A	N3656A	PA22
2212	N3656J	C150
2217	N3656P	PA22
221A	N3656S	C172
221C	N3656U	C182
221E	N3656W	PA32
2224	N36562	AR65
2225	N36563	P28A
2227	N36565	BE95
2229	N36567	P28A
2231	N3657E	CH7A
2232	N3657F	B47G
2236	N3657K	J3
2237	N3657L	C172
2239	N3657N	M20P
223B	N3657Q	BE23
223D	N3657S	C172
223E	N3657T	AT3T
2240	N3657V	C140
2242	N3657X	RV6
2243	N3657Y	C210
2244	N3657Z	PA22
2246	N36571	AR65
2247	N36572	AR65
2248	N36573	AR65
2249	N36574	P28R
224A	N36575	P32R
224C	N36577	AR65
2250	N3658A	PA22
2253	N3658D	AT3P
2257	N3658H	ERCO
2258	N3658J	C150
225A	N3658L	C172
225B	N3658M	PA12
225C	N3658N	PA12
225E	N3658Q	BE23
2260	N3658S	C172
2261	N3658T	AT3T
2262	N3658U	AT3P
2264	N3658W	PA32
2266	N3658Y	C210
2268	N36580	AR65
226A	N36582	P32R
226B	N36583	P28A
226C	N36584	AR65
2270	N36588	P32R
2273	N3659A	PA22
2275	N3659C	C180
2276	N3659D	AT3P
2277	N3659E	CH7A
227B	N3659J	C150
227C	N3659K	P28A
227E	N3659M	P28A
227F	N3659N	AT3T
2282	N3659R	P28A
2283	N3659S	C172
2284	N3659T	AT3P
2286	N3659V	C140
2288	N3659X	VO10
2289	N3659Y	C210
228B	N36590	P32R
228C	N36591	P32R
228D	N36592	AR65
228E	N36593	BL8
228F	N36594	CH7B
2296	N366A	MITE
2299	N366AC	RJ85
229B	N366AE	SW4
229E	N366AH	EC35
22A4	N366AP	B407
22AF	N366B	LNC2
22B0	N366BA	GLID
22C8	N366C	S108
22C9	N366CA	P28A
22CA	N366CB	BOLT
22CB	N366CC	BE30
22CC	N366CD	SR22
22D6	N366CP	SR22
22E1	N366D	C310
22E4	N366DC	E120
22E7	N366DF	E145
22ED	N366DM	SR22
22EF	N366DP	TRDO
22F7	N366DX	A321
230E	N366EV	PUMA
2315	N366FB	GALX
2318	N366FE	DC10
231F	N366FM	AT45
2323	N366FR	A20N
2329	N366FX	E55P
232C	N366G	A139
232F	N366GC	H269
2338	N366GM	RV8
2341	N366GW	BE9L
2348	N366HC	RV8
234C	N366HG	SONX
234D	N366HH	FOX
2353	N366HP	BE36
235E	N366J	R66
2361	N366JC	GL7T
2366	N366JH	RV4
2377	N366K	C182
2378	N366KA	K100
2379	N366KB	RV4
2380	N366KJ	RV7
238C	N366KW	S05R
2390	N366L	DA40
2393	N366LC	P28R
2394	N366LD	SR22
239B	N366LL	A119
239E	N366LP	CL60
23A9	N366M	C414
23AA	N366MA	C82S
23AC	N366MC	C414
23AD	N366MD	M20P
23AE	N366ME	C82S
23B7	N366MP	C25B
23B8	N366MQ	SH36
23BB	N366MT	C208
23C4	N366NB	A319
23C5	N366NC	BE9L
23C7	N366NE	P51
23CA	N366NH	C82T
23D4	N366NT	C208
23D7	N366NW	A320
23DB	N366P	BE36
23DC	N366PA	G2CA
23DE	N366PC	BE36
23EC	N366PS	BE55
2405	N366QS	E55P
240D	N366R	RV6
240F	N366RB	PULS
2410	N366RC	AVTR
2415	N366RH	R66
2417	N366RK	R66
2421	N366RV	RV8
2426	N366S	BE35
242A	N366SD	UH1
2432	N366SM	F2TH
2434	N366SP	B407
2436	N366SR	AS65
2441	N366TB	TB20
2445	N366TF	LNP4
244A	N366TL	KR2
244B	N366TM	SF50
2450	N366TS	R66
2451	N366TT	LJ35
2466	N366UP	B763
2473	N366VB	R66
248E	N366WD	B350
249F	N366WW	GLF5
24A3	N366X	M5
24E7	N366ZT	R66
24F1	N3660C	AT3P
24F3	N3660E	AR11
24F6	N3660H	ERCO
24F7	N3660J	C150
24F9	N3660L	C172
24FB	N3660N	PA12
24FE	N3660R	P28A
2500	N3660T	AT3P
2502	N3660V	T6
2507	N36600	AR65
2508	N36601	P28A
2509	N36602	P28A
250A	N36603	P28A
250B	N36604	AR65
250D	N36606	AR65
2512	N3661A	PA22
2514	N3661C	C180
2516	N3661E	PA36
2519	N3661H	M20P
251B	N3661K	J3
251C	N3661L	G2T1
251D	N3661M	P28R
251F	N3661P	PA22
2522	N3661S	C172
2523	N3661T	C182
2524	N3661U	C182
2526	N3661W	PA32
252F	N36615	PA32
2530	N36616	P28A
2531	N36617	AR65
2533	N36619	P28R
2537	N3662C	C82R
253D	N3662J	C150
253E	N3662K	J3
253F	N3662L	C172
2540	N3662M	PA12
2541	N3662N	PA12
2544	N3662R	P28A
2547	N3662U	C182
2549	N3662W	RV4
254A	N3662X	SS2P
254C	N3662Z	PA22
254F	N36622	AR6T
2553	N36626	CH7B
2555	N36628	BL8
255F	N3663H	M20P
2561	N3663K	BT36
2566	N3663Q	BE36
2568	N3663S	C172
2569	N3663T	HA4T
256A	N3663U	C182
256B	N3663V	C150
256D	N3663X	SS2P
256E	N3663Y	C210
257B	N3664A	PA22
2581	N3664G	BE58
2585	N3664L	C172
2586	N3664M	P28R
2589	N3664Q	BE23
258B	N3664S	C172
258C	N3664T	BE36
258D	N3664U	C182
258E	N3664V	C150
258F	N3664W	PA32
2590	N3664X	VO10
2591	N3664Y	BE36
2598	N36645	C172
259A	N36647	AR65
259E	N3665A	PA22
25A0	N3665C	C82R
25A3	N3665F	T6
25A5	N3665H	ERCO
25A8	N3665L	G2T1
25A9	N3665M	PA12
25AA	N3665N	M20P
25AB	N3665P	PA18
25AD	N3665R	PA18
25B0	N3665U	C182
25B2	N3665W	PA32
25B4	N3665Y	C210
25B7	N36651	AR65
25B8	N36652	AR65
25BA	N36654	AR65
25BC	N36656	AR65
25BE	N36658	AR65
25C1	N3666A	BE36
25C3	N3666C	C82R
25C7	N3666G	BE18
25C9	N3666J	C150
25CA	N3666K	J3
25CC	N3666M	PA12
25CF	N3666Q	BE23
25D1	N3666S	C172
25D2	N3666T	TF19
25D8	N3666Z	PA22
25DA	N36661	AR65
25DD	N36664	BT36
25DE	N36665	BE36
25E1	N36668	SCOR
25E7	N3667D	C310
25EC	N3667J	C150
25F0	N3667N	PA12
25F1	N3667P	PA18
25F2	N3667Q	BE23
25F3	N3667R	P28A
25F4	N3667S	C172
25F7	N3667V	C140
25FA	N3667Y	C210
25FC	N36670	UH12
25FD	N36671	BIPL
25FF	N36673	BE58
2600	N36674	C182
2605	N36679	AR6T
2609	N3668C	C180
260A	N3668D	BT36
260B	N3668E	AR11
260F	N3668J	C150
2610	N3668K	P28A
2611	N3668L	C172
2613	N3668N	PA12
2615	N3668Q	BE23
2617	N3668S	C172
2618	N3668T	TF19
2619	N3668U	BE36
2620	N36681	AR6T
2626	N36687	AR6T
262A	N3669A	PA22
2634	N3669L	C172
2635	N3669M	PA12
2636	N3669N	PA12
2638	N3669Q	BE23
2639	N3669R	P28A
263A	N3669S	C172
263B	N3669T	TF19
263D	N3669V	C140
263E	N3669W	PA32
263F	N3669X	SS2P
2644	N36692	AR65
2645	N36693	P32R
2647	N36695	AR65
2648	N36696	PA34
264A	N36698	AR65
264F	N367AB	RV12
2650	N367AC	SH36
2653	N367AF	PC12
265D	N367AR	G3
2665	N367AZ	B763
2667	N367BA	GLID
2669	N367BC	BE33
266D	N367BG	RV7
2672	N367BM	SR22
267F	N367C	S108
2680	N367CA	CRJ7
2681	N367CB	UH1
2682	N367CC	PA18
268D	N367CP	SR22
268F	N367CR	C82R
2698	N367D	BE36
2699	N367DA	LJ35
26A2	N367DK	T206
26A5	N367DN	A321
26B1	N367E	PA11
26B2	N367EA	TBM7
26B3	N367EB	RV8
26C1	N367ER	E50P
26C5	N367EV	PUMA
26C9	N367EZ	LNC2
26CD	N367FC	EXEC
26CF	N367FE	DC10
26DA	N367FR	A20N
26DB	N367FS	M7
26E0	N367FX	E55P
26E3	N367G	BEAR
26EB	N367GH	VP2
2708	N367HM	SR22
270A	N367HP	BE36
270C	N367HR	P32R
2718	N367JC	C560
272B	N367JX	UH1
272F	N367KA	K100
2730	N367KB	UH1
273E	N367KR	SR22
2747	N367L	DA40
2748	N367LA	R44
2750	N367LJ	LJ60
2757	N367LR	P28A
2761	N367MA	C72R
276F	N367MQ	SH36
277A	N367NA	T28
277D	N367ND	E35L
278E	N367NW	A320
2792	N367P	PA23
2795	N367PC	BE36
2796	N367PD	H500
279A	N367PH	DH8B
27BC	N367QS	E55P
27C4	N367R	RV9
27C5	N367RA	BE20
27D8	N367RV	RV7
27D9	N367RW	H269
27DE	N367SA	HUSK
27E1	N367SD	UH1
27E3	N367SF	B190
27EF	N367ST	BE30
27F3	N367SX	SONX
27F6	N367T	GLIM
27F9	N367TC	RV6
27FF	N367TJ	C182
2802	N367TM	SR22
2804	N367TP	BE30
2807	N367TS	MRAI
2808	N367TT	RV8
280E	N367TZ	T206
281D	N367UP	B763
2820	N367US	DA40
2844	N367WC	PA11
2856	N367WW	WW24
285A	N367X	M5
288C	N367Z	BE35
28A7	N3670B	BE50
28A9	N3670D	BE95
28AA	N3670E	B58T
28B0	N3670L	C172
28B2	N3670N	PA12
28B3	N3670P	PA18
28B5	N3670R	P28A
28B8	N3670U	BE95
28BB	N3670X	VO10
28BC	N3670Y	C210
28BD	N3670Z	PA22
28BE	N36700	P28A
28C0	N36702	S10
28C7	N36709	S10
28C9	N3671A	RV12
28CB	N3671C	C82R
28CE	N3671F	BT36
28D0	N3671H	M20P
28D1	N3671J	C150
28D3	N3671L	C172
28D4	N3671M	BE36
28D5	N3671N	PA12
28D8	N3671R	P28A
28E0	N3671Z	PA18
28E2	N36711	P28A
28E7	N36716	P32R
28E8	N36717	S10
28EE	N3672C	C82R
28F2	N3672G	C172
28F4	N3672J	C150
28F5	N3672K	P28A
28F6	N3672L	C172
28F7	N3672M	PA12
28F8	N3672N	M20P
28F9	N3672P	PA18
28FA	N3672Q	BE23
28FE	N3672U	C182
28FF	N3672V	C150
2902	N3672Y	C210
2905	N36721	S10
2908	N36724	BE95
290F	N3673A	PA22
2918	N3673K	J3
2919	N3673L	G2T1
291A	N3673M	PA32
291B	N3673N	M20P
291C	N3673P	PA18
291E	N3673R	BE58
291F	N3673S	C172
2920	N3673T	TF19
2921	N3673U	BE58
2922	N3673V	C150
2926	N3673Z	PA18
2927	N36730	P32R
292A	N36733	P32R
292F	N36738	S10
2935	N3674D	C310
2938	N3674G	BE58
293A	N3674J	C150
293D	N3674M	PA12
293E	N3674N	M20P
2942	N3674S	C172
2949	N3674Z	PA18
2951	N36747	S10
2953	N36749	P28R
2954	N3675	AUS6
2957	N3675C	C180
2958	N3675D	BE60
2959	N3675E	CH7A
295B	N3675G	B25
295C	N3675H	ERCO
295D	N3675J	C150
295F	N3675L	C172
2963	N3675Q	BE23
2964	N3675R	BE36
2966	N3675T	BE36
2969	N3675W	PA32
296B	N3675Y	C210
296C	N3675Z	PA18
296D	N36750	S10
2972	N36755	S10
2974	N36757	S10
2978	N3676A	PA22
2979	N3676B	CH75
297A	N3676C	C180
297C	N3676E	PA36
2980	N3676J	C150
2981	N3676K	J3
2982	N3676L	G2T1
2984	N3676N	PA12
2985	N3676P	PA18
2986	N3676Q	BE23
2987	N3676R	P28A
298A	N3676U	C182
298D	N3676X	VO10
298E	N3676Y	BE35
298F	N3676Z	PA18
2995	N36765	S10
2996	N36766	BE35
2998	N36768	CH7B
299B	N3677A	PA18
29A0	N3677F	SONX
29A2	N3677H	ERCO
29A5	N3677L	C172
29A6	N3677M	PA12
29A8	N3677P	PA18
29AD	N3677U	BE95
29AE	N3677V	C140
29AF	N3677W	PA32
29B2	N3677Z	PA18
29B7	N36774	CH7B
29BA	N36777	P28R
29C1	N3678D	BE36
29C5	N3678H	ERCO
29C6	N3678J	C150
29C8	N3678L	G2T1
29C9	N3678M	PA32
29CD	N3678R	C172
29CE	N3678S	C172
29CF	N3678T	TF19
29D0	N3678U	C182
29D1	N3678V	C120
29D2	N3678W	PA32
29D4	N3678Y	C210
29D5	N3678Z	PA18
29D6	N36780	BE36
29D7	N36781	P32R
29DD	N36787	BE36
29DF	N36789	P28A
29E4	N3679D	C310
29E5	N3679E	CH7A
29E8	N3679H	ERCO
29EA	N3679K	J3
29EE	N3679P	PA18
29EF	N3679Q	BE23
29F1	N3679S	C172
29F2	N3679T	TF19
29F3	N3679U	C182
29F4	N3679V	C120
29F8	N3679Z	BE36
29FD	N36794	S10
29FE	N36795	PA34
29FF	N36796	S10
2A01	N36798	S10
2A03	N368	BE17
2A04	N368A	MITE
2A06	N368AB	C150
2A07	N368AC	SH36
2A0A	N368AF	PA11
2A0B	N368AG	GLF4
2A10	N368AM	B38M
2A14	N368AR	B738
2A1D	N368B	BE35
2A20	N368BC	C82S
2A22	N368BE	C560
2A28	N368BL	HDJT
2A29	N368BM	SF50
2A32	N368BW	BE60
2A37	N368CA	CRJ7
2A39	N368CC	PRM1
2A3A	N368CD	SR22
2A42	N368CM	M20P
2A44	N368CP	C82R
2A47	N368CS	PRM1
2A54	N368DE	PA11
2A5B	N368DM	SR22
2A5C	N368DN	A321
2A79	N368ES	C72R
2A7C	N368EV	AS32
2A85	N368FD	SR22
2A86	N368FE	DC10
2A8A	N368FJ	CL60
2A91	N368FR	A20N
2A92	N368FS	M7
2A97	N368FX	E55P
2A9A	N368G	PA18
2AAA	N368GR	B47G
2AC1	N368HP	BE36
2AC4	N368HS	C550
2ACA	N368HY	HUSK
2ACE	N368JB	E190
2AD4	N368JH	BE36
2AFE	N368L	DA40
2AFF	N368LA	L39
2B0F	N368LS	CRUZ
2B17	N368M	C82S
2B19	N368MB	F2TH
2B1C	N368ME	C82S
2B24	N368MN	B350
2B28	N368MS	R44
2B29	N368MT	GA5C
2B2C	N368MW	S22T
2B32	N368NB	A319
2B37	N368NG	PC12
2B45	N368NW	A320
2B49	N368P	BE36
2B4A	N368PA	EXPL
2B4C	N368PC	PC12
2B51	N368PH	DH8B
2B54	N368PL	P28A
2B73	N368QS	C680
2B8D	N368RT	P28A
2B8F	N368RV	RV8
2B94	N368S	CH75
2B95	N368SA	P28R
2B96	PR-CBB	B407
2B97	N368SC	PA11
2BA5	N368SS	DHC6
2BBB	N368TP	AC80
2BBE	N368TS	DA42
2BD4	N368UP	B763
2BD7	N368US	HUSK
2BDF	N368V	BE36
2BF8	N368W	LEG2
2C5C	N3680	SA30
2C5F	N3680C	C180
2C60	N3680D	C310
2C62	N3680F	T6
2C63	N3680G	B25
2C64	N3680H	ERCO
2C68	N3680M	PA12
2C6A	N3680P	PA18
2C6C	N3680R	BE36
2C6D	N3680S	C172
2C6F	N3680U	BE36
2C70	N3680V	C150
2C71	N3680W	PA32
2C74	N3680Z	PA18
2C75	N36800	P28A
2C77	N36802	P28R
2C79	N36804	P28R
2C7D	N36808	P32R
2C83	N3681D	C310
2C86	N3681G	BE58
2C88	N3681J	C150
2C8A	N3681L	C172
2C8F	N3681R	P28A
2C92	N3681U	BE36
2C96	N3681Y	C210
2C97	N3681Z	PA18
2C98	N36810	AR65
2CA0	N36818	AR6T
2CA2	N3682	GLIM
2CA4	N3682B	BE50
2CA5	N3682C	C180
2CA6	N3682D	C310
2CAC	N3682K	J3
2CAD	N3682L	C172
2CB0	N3682P	PA18
2CB2	N3682R	P28A
2CB3	N3682S	C172
2CB4	N3682T	TF19
2CBA	N3682Z	BE58
2CBC	N36821	AR6T
2CBD	N36822	P28R
2CC0	N36825	AR65
2CC2	N36827	PA34
2CC4	N36829	BE36
2CCE	N3683J	C150
2CCF	N3683K	J3
2CD1	N3683M	PA12
2CD5	N3683R	P28A
2CD9	N3683V	C150
2CDA	N3683W	PA32
2CDC	N3683Y	C210
2CDD	N3683Z	PA18
2CE1	N36833	AR6T
2CE2	N36834	AR6T
2CE5	N36837	AR65
2CE6	N36838	P28R
2CE9	N3684A	BE33
2CEA	N3684B	PA18
2CEB	N3684C	C82R
2CF0	N3684H	BE55
2CF2	N3684K	J3
2CF3	N3684L	G2T1
2CF4	N3684M	PA12
2CF7	N3684Q	BE23
2CF8	N3684R	P28A
2CFA	N3684T	TF19
2CFB	N3684U	C182
2CFC	N3684V	C120
2CFF	N3684Y	BE58
2D00	N3684Z	PA18
2D04	N36843	AR6T
2D05	N36844	AR65
2D08	N36847	BT36
2D0A	N36849	AR6T
2D0C	N3685A	PA18
2D10	N3685E	AR11
2D14	N3685J	C150
2D15	N3685K	J3
2D16	N3685L	C172
2D1A	N3685Q	BE23
2D1B	N3685R	P28A
2D1C	N3685S	C172
2D1D	N3685T	TF19
2D20	N3685W	BT36
2D22	N3685Y	C210
2D23	N3685Z	PA18
2D26	N36852	AR65
2D27	N36853	AR65
2D29	N36855	BT36
2D2B	N36857	AR6T
2D2F	N3686A	PA18
2D30	N3686B	NAVI
2D31	N3686C	C180
2D33	N3686E	CH7A
2D36	N3686H	ERCO
2D37	N3686J	C150
2D3E	N3686R	P28A
2D3F	N3686S	C172
2D41	N3686U	C182
2D45	N3686Y	C210
2D48	N36861	R22
2D49	N36862	C310
2D4C	N36865	AR65
2D4E	N36867	AR65
2D57	N3687F	T6
2D59	N3687H	M20P
2D5A	N3687J	C150
2D5C	N3687L	C172
2D5D	N3687M	PA12
2D5E	N3687N	PA12
2D60	N3687Q	BE23
2D66	N3687W	PA32
2D69	N3687Z	PA18
2D6E	N36874	AR6T
2D71	N36877	BT36
2D74	N3688	G280
2D75	N3688A	PA18
2D77	N3688C	C180
2D79	N3688E	AR11
2D7C	N3688H	ERCO
2D7F	N3688L	C172
2D80	N3688M	PA12
2D82	N3688P	BE9L
2D83	N3688Q	BE23
2D87	N3688U	C182
2D88	N3688V	C150
2D8B	N3688Y	C210
2D91	N36884	BT36
2D92	N36885	C340
2D94	N36887	C414
2D96	N36889	AR65
2D98	N3689A	PA18
2D9A	N3689C	C82R
2D9C	N3689E	CH7A
2D9F	N3689H	ERCO
2DA1	N3689K	J3
2DA2	N3689L	BE58
2DA3	N3689M	PA12
2DA4	N3689N	BE58
2DA5	N3689P	PA18
2DA6	N3689Q	BE23
2DA7	N3689R	P28A
2DA9	N3689T	TF19
2DAA	N3689U	BE36
2DAB	N3689V	C150
2DBA	N369	BE50
2DBB	N369A	MITE
2DBC	N369AA	H60
2DBD	N369AB	AT5T
2DBE	N369AC	PA34
2DBF	N369AD	C172
2DC0	N369AE	B738
2DC2	N369AG	YK50
2DC4	N369AJ	H500
2DC6	N369AL	SR20
2DC8	N369AN	C82S
2DCC	N369AS	WACF
2DCD	N369AT	R44
2DCF	N369AV	H500
2DD1	N369AX	E50P
2DD4	N369B	C750
2DD6	N369BB	BE95
2DD7	N369BC	BE35
2DD9	N369BE	S22T
2DDA	N369BF	RV4
2DDB	N369BG	T206
2DE2	N369BP	WACF
2DE6	N369BT	VALI
2DE8	N369BV	A332
2DEA	N369BX	LNP4
2DEB	N369BY	M20P
2DEC	N369BZ	GC1
2DEE	N369CA	FA7X
2DEF	N369CB	C182
2DF0	N369CC	CC11
2DF1	N369CD	BE20
2DF5	N369CH	SR22
2DF9	N369CM	C180
2DFB	N369CP	C172
2DFF	N369CT	FDCT
2E01	N369CV	T206
2E06	N369D	H500
2E0A	N369DD	GLIM
2E0C	N369DF	H500
2E0D	N369DG	M5
2E11	N369DL	CH70
2E12	N369DM	CH7B
2E13	N369DN	A321
2E14	N369DP	RV8
2E16	N369DR	H500
2E17	N369DS	LNC2
2E1B	N369DW	QUIC
2E1F	N369E	H500
2E20	N369EA	BE40
2E22	N369EC	B212
2E2A	N369EL	R44
2E2F	N369ER	C72R
2E3B	N369FC	H500
2E3D	N369FE	DC10
2E3E	N369FF	H500
2E3F	N369FG	C680
2E43	N369FL	H500
2E48	N369FR	A20N
2E49	N369FS	RV9
2E4E	N369FX	E55P
2E51	N369G	BE36
2E52	N369GA	GLF4
2E53	N369GB	C152
2E54	N369GC	C510
2E58	N369GG	SR22
2E5E	N369GN	H500
2E5F	N369GP	M20P
2E62	N369GS	H500
2E63	N369GT	C182
2E6B	N369HA	H500
2E6D	N369HC	T210
2E6F	N369HE	H500
2E85	N369JB	RV12
2E87	N369JD	SR22
2E8C	N369JJ	C195
2E8E	N369JL	RV4
2E8F	N369JM	C182
2E91	N369JP	DA40
2E97	N369JV	H500
2E98	N369JW	RV10
2E9C	N369K	C182
2E9D	N369KA	MT
2E9E	N369KB	DA40
2EA1	N369KE	H500
2EA2	N369KF	FOX
2EA3	N369KG	M7
2EA5	N369KJ	PA31
2EA8	N369KM	BE95
2EB6	N369LA	H500
2EB8	N369LC	P180
2EBA	N369LE	H500
2EBD	N369LH	H500
2EBF	N369LK	ST75
2EC0	N369LL	CL35
2EC5	N369LR	H500
2EC6	N369LS	C560
2ECE	N369M	BL17
2ED0	N369MB	C182
2ED1	N369MC	SRAI
2ED3	N369ME	C206
2ED6	N369MH	H500
2ED8	N369MK	BE30
2EDB	N369MN	C25B
2EDC	N369MP	H500
2EDF	N369MS	VEZE
2EE1	N369MU	C510
2EE3	N369MW	B350
2EE9	N369NB	A319
2EEC	N369NE	C72R
2EF1	N369NK	H500
2EF2	N369NL	C25C
2EFC	N369NW	A320
2F00	N369P	RS21
2F01	N369PA	B407
2F02	N369PB	H500
2F03	N369PC	SR22
2F04	N369PD	H500
2F08	N369PH	DH8B
2F0B	N369PL	FOX
2F0C	N369PM	RC70
2F10	N369PR	C240
2F15	N369PW	GLAS
2F16	N369PX	SF34
2F1C	N369QC	AEST
2F2A	N369QS	C680
2F2B	N369QT	GLID
2F32	N369R	LGEZ
2F33	N369RA	C172
2F36	N369RD	CDUS
2F3B	N369RJ	C172
2F3C	N369RK	C421
2F3D	N369RL	MAKO
2F3E	N369RM	C421
2F3F	N369RN	GLST
2F40	N369RP	M20P
2F42	N369RR	H500
2F43	N369RS	BE9L
2F46	N369RV	RV9
2F4B	N369S	M20P
2F4C	N369SA	BE36
2F4F	N369SD	H500
2F50	N369SE	SR22
2F51	N369SF	SR22
2F52	N369SG	FOX
2F59	N369SP	C172
2F5B	N369SR	R22
2F5C	N369SS	BOLT
2F5D	N369ST	PA46
2F65	N369TA	H500
2F66	N369TB	RV7
2F67	N369TC	C82S
2F6D	N369TJ	H500
2F72	N369TP	CRER
2F74	N369TR	H500
2F78	N369TV	H500
2F79	N369TW	C172
2F85	N369UH	UH1
2F8B	N369UP	B763
2F8D	N369UR	SONX
2FAF	N369W	T18
2FB1	N369WB	PTS1
2FB9	N369WK	C441
2FBB	N369WM	AS50
2FBF	N369WR	RV8
2FC1	N369WT	BE9L
2FC4	N369WW	GL7T
2FC6	N369WY	H500
2FC8	N369X	RV6
2FE1	N369Y	GLAS
3006	N369ZM	H500
3014	N3690A	PA18
3017	N3690D	BE58
3018	N3690E	CH7A
3019	N3690F	BE9L
301C	N3690J	C150
301D	N3690K	P28A
301E	N3690L	C172
3020	N3690N	BT36
3023	N3690R	P28A
3025	N3690T	TF19
3027	N3690V	C120
302C	N36900	BE36
302E	N36902	AR6T
3034	N36908	C402
3035	N36909	AR6T
303F	N3691J	C150
3040	N3691K	J3
3043	N3691N	M20P
3045	N3691Q	BE23
3047	N3691S	C172
304D	N3691Y	C210
304E	N3691Z	PA18
3050	N36911	C402
3052	N36913	T6
3054	N36915	E145
3056	N36917	AR65
3059	N3692	BIPL
305A	N3692A	BE35
305C	N3692C	C180
305E	N3692E	CH7A
3063	N3692K	J3
306A	N3692S	C172
306B	N3692T	TF19
306C	N3692U	C182
306E	N3692W	PA32
306F	N3692X	BE76
3071	N3692Z	PA18
3073	N36921	RELI
3079	N36927	AR6T
307A	N36928	AR6T
307D	N3693A	BE35
3086	N3693K	J3
3089	N3693N	PA12
308D	N3693S	C172
3090	N3693V	C140
309A	N36935	AR65
309E	N36939	BT36
30A1	N3694B	BE50
30A3	N3694D	BE60
30A7	N3694H	ERCO
30A8	N3694J	C150
30A9	N3694K	BE58
30AA	N3694L	BE58
30AC	N3694N	M20P
30AF	N3694R	P28A
30B0	N3694S	C172
30B1	N3694T	TF19
30B2	N3694U	C182
30B3	N3694V	C140
30B6	N3694Y	C210
30C3	N3695A	PA18
30C5	N3695C	C82R
30CA	N3695H	ERCO
30CB	N3695J	FOX
30CD	N3695L	BE95
30CE	N3695M	P28A
30CF	N3695N	BE58
30D0	N3695P	PA18
30D2	N3695R	P28A
30D3	N3695S	C172
30D7	N3695W	BE9L
30D8	N3695X	SS2P
30D9	N3695Y	C210
30DA	N3695Z	PA18
30DD	N36952	AR6T
30DF	N36954	AR6T
30E3	N36958	BT36
30E4	N36959	AR6T
30E5	N3696	SA30
30E8	N3696C	C82R
30EA	N3696E	CH7A
30EC	N3696G	C310
30F0	N3696L	BE58
30F2	N3696N	PA12
30F7	N3696T	TF19
30F9	N3696V	C140
30FA	N3696W	PA32
30FC	N3696Y	BE36
30FD	N3696Z	PA18
30FE	N36960	AR65
30FF	N36961	C414
3100	N36962	B789
3103	N36965	BE36
3104	N36966	AR6T
3105	N36967	AR6T
3106	N36968	BE33
3112	N3697K	P28A
3113	N3697L	C172
3114	N3697M	PA12
3119	N3697S	C172
311A	N3697T	TF19
311C	N3697V	C140
311F	N3697Y	BE23
3120	N3697Z	PA18
3122	N36971	BE36
3127	N36976	AR6T
312B	N3698	GLID
312C	N3698A	PA18
312E	N3698C	C180
312F	N3698D	BE36
3130	N3698E	CH7A
3134	N3698J	C150
3137	N3698M	PA12
3138	N3698N	M20P
313A	N3698Q	BE23
313D	N3698T	TF19
313E	N3698U	C182
3143	N3698Z	PA18
3144	N36980	AR6T
3145	N36981	AR6T
314B	N36987	BE20
314C	N36988	BE30
314F	N3699A	BE36
3153	N3699E	PA36
3155	N3699G	BT36
3156	N3699H	M20P
3157	N3699J	C150
315A	N3699M	P28A
315B	N3699N	PA12
315D	N3699Q	BE23
315E	N3699R	AVTR
3165	N3699Y	C210
3166	N3699Z	PA18
316D	N36996	AR6T
3172	N37A	ERCO
3173	N37AA	T210
3174	N37AB	PA25
3175	N37AC	LJ31
3179	N37AG	PTS1
317A	N37AH	HUSK
317B	N37AJ	B06
317E	N37AM	S2P
3182	N37AR	T18
3187	N37AW	HUSK
3188	N37AX	TBM7
318A	N37AZ	J2
318C	N37BA	COL3
318E	N37BC	C185
3194	N37BJ	P337
3195	N37BK	R44
3198	N37BN	RV12
3199	N37BP	BPAT
319B	N37BR	BE36
319C	N37BS	BE36
319D	N37BT	P32R
31A2	N37BY	BL8
31A3	N37BZ	VEZE
31A6	N37CB	MU30
31A8	N37CD	VIX
31A9	N37CE	CA65
31AA	N37CF	C150
31AB	N37CG	C82R
31AC	N37CH	BE36
31AD	N37CJ	C172
31AE	N37CK	AC50
31AF	N37CL	S22T
31B0	N37CM	AEST
31B1	N37CN	BE9L
31B2	N37CP	RV10
31B4	N37CR	RV6
31BD	N37D	CH7B
31BE	N37DA	PA46
31BF	N37DB	BE60
31C1	N37DD	RV8
31C3	N37DF	F2TH
31C4	N37DG	L29
31C5	N37DH	RV4
31C6	N37DJ	GLIM
31C7	N37DK	GA7
31C8	N37DL	GLIM
31C9	N37DM	P28A
31CB	N37DP	T210
31CE	N37DS	PC12
31CF	N37DT	RV7
31D7	N37EA	F2TH
31D9	N37EC	GLF4
31DB	N37EE	DV20
31DC	N37EF	C180
31E1	N37EL	RV9
31E2	N37EM	FOX
31E6	N37ER	TBM9
31E8	N37ET	C550
31EB	N37EW	T206
31EE	N37EZ	LGEZ
31F1	N37FB	M7
31F4	N37FE	CL30
31F6	N37FG	P68
31F8	N37FJ	JAB4
31FB	N37FM	CH75
31FC	N37FN	TAIL
3200	N37FS	C414
3201	N37FT	GLAS
3208	N37G	C188
320A	N37GB	RV8
320B	N37GC	P32R
320C	N37GD	M20P
320F	N37GG	C82S
3210	N37GH	L8
3214	N37GM	C340
3219	N37GS	GLID
3221	N37H	U21
3223	N37HB	PA31
3226	N37HE	PA24
3227	N37HF	C550
3228	N37HG	TB30
3229	N37HH	GLID
322C	N37HL	PC12
322F	N37HP	ACAM
3231	N37HR	RV8
3237	N37HX	UH1
3238	N37HY	HUSK
323B	N37JA	C72R
3240	N37JF	T206
3242	N37JH	DA62
3243	N37JJ	RV4
3245	N37JL	GLF4
3246	N37JM	ERCO
3247	N37JN	GLST
3248	N37JP	RV12
324A	N37JR	PA18
324B	N37JS	C182
324F	N37JW	C208
3255	N37KB	BE35
325B	N37KH	SR22
325C	N37KJ	FA50
3261	N37KP	E300
3264	N37KS	P28R
3265	N37KT	JACE
3267	N37KV	RV7
3268	N37KW	PAY4
326E	N37LB	RV4
326F	N37LC	TL30
3272	N37LF	C172
3273	N37LG	S22T
327A	N37LP	GL5T
327D	N37LS	P337
3280	N37LV	BL8
3285	N37M	C421
3286	N37MA	RV7
3287	N37MB	LNP4
3288	N37MC	BE33
3289	N37MD	F2TH
328A	N37ME	B407
328C	N37MG	M20P
328D	N37MH	C550
328E	N37MJ	P210
328F	N37MK	BE35
3291	N37MM	C150
3294	N37MQ	RF10
3295	N37MR	RV14
3297	N37MT	C172
3299	N37MV	PA32
329A	N37MW	CRER
329C	N37MY	R66
329D	N37MZ	RV7
329F	N37NA	DA40
32A1	N37NC	GLAS
32A5	N37NG	GLF5
32A6	N37NH	HUSK
32B8	N37PA	BE95
32B9	N37PB	T210
32BD	N37PF	PA34
32BE	N37PG	GLAS
32C0	N37PJ	PA31
32C1	N37PK	RV8
32C2	N37PL	GLID
32C3	N37PM	PA46
32C5	N37PP	C150
32C7	N37PR	PA18
32C8	N37PS	C425
32CF	N37PZ	SF50
32EA	N37RA	BE36
32EB	N37RB	GLID
32EC	N37RC	BE36
32EE	N37RE	P32R
32EF	N37RF	C185
32F0	N37RG	VEZE
32F1	N37RH	RV6
32F3	N37RK	TB20
32F4	N37RL	GLID
32F5	N37RM	VEZE
32F6	N37RN	RV9
32F7	N37RP	RV3
32F9	N37RR	PIPA
32FB	N37RT	PA46
32FD	N37RV	P28A
32FE	N37RW	SA30
32FF	N37RX	EC35
3301	N37RZ	C421
3303	N37SA	PA34
3304	N37SB	AC90
3305	N37SC	E300
3307	N37SE	C72R
3308	N37SF	HUSK
3309	N37SG	PTS2
330B	N37SJ	S22T
330D	N37SL	HUSK
330E	N37SM	CB1
3312	N37SR	COL4
3314	N37ST	STRE
3316	N37SV	TBM7
3317	N37SW	TAIL
3318	N37SX	ONEX
331B	N37T	GLIM
331E	N37TC	TBM7
331F	N37TD	B350
3322	N37TG	RV6
3323	N37TH	SR22
3324	N37TJ	C182
3325	N37TK	AVID
3326	N37TL	DA42
3328	N37TN	BD5
3329	N37TP	FOX
332B	N37TR	BL8
332D	N37TT	LNP4
3332	N37TY	FA7X
3334	N37U	C414
3342	N37UP	GAZL
3345	N37US	PA34
334F	N37VB	C421
3350	N37VC	T37
3357	N37VK	DA42
3358	N37VL	GLID
3359	N37VM	PA46
3361	N37VV	GLIM
3366	N37W	C182
3367	N37WA	B06
3368	N37WB	BE50
336A	N37WD	P28A
336B	N37WE	SREY
336E	N37WH	GLF4
336F	N37WJ	EPIC
3372	N37WM	O1
3373	N37WN	H46
3374	N37WP	PA18
3376	N37WR	G2T1
3378	N37WT	C172
337B	N37WW	GLIM
337C	N37WX	FA50
337F	N37X	DFLY
338D	N37XP	PTS1
3398	N37Y	BE35
339C	N37YD	TF19
33AA	N37YT	C172
33AE	N37YX	WAIX
33B0	N37YZ	PA11
33B1	N37Z	GLIM
33B2	N37ZA	LNC2
33C0	N37ZQ	C152
33CA	N370	PA23
33CD	N370AB	PAY4
33CE	N370AC	CH7B
33D0	N370AE	SW4
33D4	N370AJ	RALL
33D7	N370AM	B407
33DC	N370AS	UH1
33E4	N370B	SAKO
33E7	N370BC	B732
33EA	N370BF	PTS2
33F0	N370BM	S22T
3400	N370CC	BEAR
3408	N370CL	A320
340B	N370CP	C82T
340E	N370CS	BE20
340F	N370CT	FDCT
3419	N370DC	DA40
3423	N370DN	A321
3424	N370DP	B06
3427	N370DS	DA40
3430	N370EA	EA50
343A	N370EL	CL30
3440	N370ES	C72R
344F	N370FG	UH1
3458	N370FR	A20N
345E	N370FX	E55P
3461	N370G	SR22
3462	N370GA	GLF4
346C	N370GL	T206
347B	N370HA	A332
3488	N370HP	AS50
3494	N370JA	C172
3495	N370JB	AT8T
3496	N370JC	T206
349A	N370JG	SR22
349B	N370JH	C82T
34A4	N370JS	GLID
34B4	N370KH	RV4
34C6	N370LA	C172
34D2	N370LN	C500
34DE	N370M	C680
34DF	N370MA	MU2
34E2	N370MD	PA23
34E3	N370ME	C206
34E9	N370ML	A37
34EB	N370MN	SONX
34EE	N370MR	C25B
34F9	N370NB	A319
34FA	N370NC	AS50
350C	N370NW	A320
3510	N370P	EA50
3511	N370PA	G2CA
3514	N370PD	UH1
3518	N370PH	EC35
3520	N370PR	BE10
353A	N370QS	C680
3542	N370R	T206
3545	N370RC	PA31
354F	N370RN	C172
3550	N370RP	C25A
3553	N370RS	GLF4
3556	N370RV	LJ45
355B	N370S	C177
355C	N370SA	PA23
355E	N370SC	CRUZ
355F	N370SD	C337
3565	N370SK	E145
3569	N370SP	C172
356C	N370SS	BK17
356D	N370ST	SONX
356E	N370SU	SR20
3570	N370SW	B733
3574	N370T	PA23
3577	N370TC	P28A
357C	N370TH	GLID
3582	N370TP	C650
3584	N370TR	VELO
358D	N370U	BE9L
359B	N370UP	B763
35C1	N370WB	T37
35C2	N370WC	PA32
35C3	N370WD	ESCP
35E3	N370XL	SSTL
35E6	N370XP	C172
360A	N370Z	G280
3624	N3700A	PA22
3628	N3700E	AR11
362C	N3700J	C150
362D	N3700K	P28A
362F	N3700M	BE9L
3632	N3700Q	P28R
3634	N3700S	C172
3635	N3700T	P28R
3636	N3700U	C182
3638	N3700W	PA32
3646	N3701	FB1A
3649	N3701C	CH70
364A	N3701D	BE58
364D	N3701G	B17
3650	N3701K	P28A
3653	N3701N	BT36
3654	N3701P	PA22
3656	N3701R	P28A
3658	N3701T	P28R
3659	N3701U	C182
365A	N3701V	C140
365E	N3701Z	BE36
3662	N37013	L8
3663	N37014	L8
3667	N37018	B772
366C	N3702C	CH7A
366F	N3702F	G2T1
3672	N3702J	C150
3674	N3702L	C172
3677	N3702P	PA22
3678	N3702Q	BE35
3679	N3702R	C172
367A	N3702S	C172
367B	N3702T	P28R
367C	N3702U	C182
367D	N3702V	C140
368A	N37028	L8
368E	N3703B	BE77
368F	N3703C	CH7A
3692	N3703F	G2T1
3693	N3703G	B17
3694	N3703H	M20P
3695	N3703J	C150
3698	N3703M	PA12
3699	N3703N	BE35
369A	N3703P	PA22
369C	N3703R	P28A
369D	N3703S	C172
36A1	N3703W	PA32
36A2	N3703X	VO10
36A3	N3703Y	C210
36AA	N37035	H47
36AB	N37036	L8
36AD	N37038	L8
36AE	N37039	L8
36B0	N3704A	BE36
36B5	N3704F	C172
36B6	N3704G	BT36
36B7	N3704H	ERCO
36B9	N3704K	GC1
36BA	N3704L	C172
36BB	N3704M	P28R
36BD	N3704P	PA22
36BE	N3704Q	BE35
36C1	N3704T	P28R
36C2	N3704U	C182
36C7	N3704Z	PA22
36C9	N37041	L8
36D8	N3705F	G2T1
36D9	N3705G	C310
36DA	N3705H	M20P
36DB	N3705J	B58T
36DD	N3705L	C172
36DF	N3705N	BE35
36E1	N3705Q	BE35
36E3	N3705S	C172
36E4	N3705T	P28R
36E9	N3705Y	C210
36EB	N37050	BE33
36F0	N37055	L8
36F2	N37057	L8
36F5	N3706	T18
36F8	N3706C	L5
36FA	N3706E	AR11
36FD	N3706H	M20P
36FF	N3706K	P28A
3702	N3706N	M20P
3704	N3706Q	BE35
3707	N3706T	P28R
3708	N3706U	C182
3709	N3706V	C140
370A	N3706W	BE77
370C	N3706Y	C210
370D	N3706Z	PA22
3712	PP-WLL	BE9L
3715	N37067	L8
3716	N37068	L8
3718	N3707	GLID
3719	N3707A	PA18
371A	N3707B	BE77
371C	N3707D	C182
371F	N3707G	BE77
3720	N3707H	M20P
3721	N3707J	C150
3722	N3707K	GC1
3723	N3707L	C172
3726	N3707P	PA22
3727	N3707Q	BE35
3728	N3707R	C172
3729	N3707S	C172
372A	N3707T	BE58
372B	N3707U	C182
372E	N3707X	BE60
3736	N37075	L8
373C	N3708A	PA18
3740	N3708E	CH7A
3741	N3708F	GLID
3744	N3708J	C150
3745	N3708K	BT36
3749	N3708P	PA22
374C	N3708S	C172
374E	N3708U	C182
3751	N3708X	VO10
3753	N3708Z	PA22
3755	N37081	L8
3758	N37084	BE30
375B	N37087	L8
375F	N3709A	PA22
3762	N3709D	C182
3763	N3709E	AR11
3764	N3709F	C172
3766	N3709H	ERCO
3767	N3709J	C150
3768	N3709K	GC1
3769	N3709L	C172
376B	N3709N	M20P
376E	N3709R	C172
3770	N3709T	P28R
3771	N3709U	C182
3772	N3709V	C140
3778	N37091	BE36
377D	N37096	L8
3781	N371	LNC2
3782	N371A	MITE
3785	N371AC	BL8
378A	N371AH	B06
378C	N371AK	BE76
378E	N371AM	PA23
3794	N371AT	H60
379B	N371B	BE35
379C	N371BA	GLID
379D	N371BB	BE36
37A0	N371BE	GLST
37A2	N371BG	COL4
37B4	N371C	HUSK
37B5	N371CA	CRJ7
37B7	N371CC	RV8
37B8	N371CD	SR22
37B9	N371CE	EPIC
37BE	N371CK	SR20
37C0	N371CM	B763
37C2	N371CP	C82T
37C6	N371CT	FDCT
37C9	N371CW	TBM7
37CD	N371D	SREY
37CE	N371DA	B738
37D0	N371DC	P28A
37D9	N371DM	BL8
37DA	N371DN	A321
37DE	N371DS	PA23
37EB	N371EE	H500
37EC	N371EF	B412
3804	N371FE	DC10
380A	N371FL	CVLP
380D	N371FP	GLF4
380F	N371FR	A20N
3815	N371FX	E55P
3817	N371FZ	RV4
3818	N371G	CL60
3834	N371HC	B06
3842	N371HS	EC20
384D	N371JC	GLF5
3855	N371JL	CL35
3856	N371JM	BE36
3860	N371JX	RS12
387C	N371L	C177
387D	N371LA	AT5T
3887	N371LL	PC12
3888	N371LM	C172
3896	N371MA	T206
3898	N371MC	PA31
38A3	N371MP	R44
38A6	N371MS	GLID
38A7	N371MT	GLIM
38AA	N371MW	CH7A
38B0	N371NB	A319
38C3	N371NW	A320
38C8	N371PA	G2CA
38CB	N371PD	H500
38CD	N371PF	G2T1
38CF	N371PH	SW4
38D3	N371PM	SR22
38F1	N371QS	E55P
38FA	N371RA	BE36
38FB	N371RB	SREY
3901	N371RH	C172
3902	N371RJ	PA18
3905	N371RM	C525
390A	N371RS	C172
390D	N371RV	RV7
3912	N371S	C340
3913	N371SA	P28A
3915	N371SC	PA18
3916	N371SD	ST75
3918	N371SF	C25C
391A	N371SH	H60
391D	N371SL	S22T
3922	N371SR	C172
3927	N371SW	B733
392B	N371T	GLID
3952	N371UP	B763
396B	N371VP	C510
3977	N371WA	PA31
3978	N371WB	WAIX
3979	N371WC	PULS
3987	N371WS	PTS1
398F	N371X	M5
39C1	N371Z	BE95
39DC	N3710B	BE18
39DE	N3710D	C182
39E0	N3710F	C172
39E4	N3710K	P28A
39E6	N3710M	P32R
39ED	N3710U	C182
39EF	N3710W	PA32
39F7	N37104	ERCO
39FA	N37107	ERCO
39FD	N3711	P28R
3A03	N3711F	C172
3A0A	N3711N	BE76
3A0F	N3711T	PA11
3A11	N3711V	C140
3A12	N3711W	BE36
3A13	N3711X	VO10
3A14	N3711Y	BE58
3A23	N3712C	F900
3A28	N3712H	M20P
3A2A	N3712K	GC1
3A2B	N3712L	C172
3A2C	N3712M	PA12
3A2E	N3712P	PA22
3A2F	N3712Q	BE35
3A30	N3712R	P28A
3A33	N3712U	C182
3A34	N3712V	C172
3A37	N3712Y	C210
3A3B	N37122	ERCO
3A3F	N37126	BT36
3A40	N37127	C404
3A42	N37129	ERCO
3A47	N3713D	C182
3A49	N3713F	C172
3A4A	N3713G	B17
3A4D	N3713K	P28A
3A4F	N3713M	PA12
3A52	N3713Q	BE35
3A53	N3713R	C172
3A54	N3713S	C172
3A55	N3713T	P28R
3A56	N3713U	C182
3A57	N3713V	C140
3A58	N3713W	PA32
3A5C	N37130	ERCO
3A61	N37135	ERCO
3A65	N37139	ERCO
3A69	N3714C	C82R
3A6A	N3714D	C182
3A6B	N3714E	CH7A
3A6C	N3714F	C172
3A6E	N3714H	ERCO
3A71	N3714L	C172
3A73	N3714N	M20P
3A76	N3714R	RV14
3A77	N3714S	BE95
3A79	N3714U	C182
3A7A	N3714V	C140
3A7C	N3714X	BE23
3A7D	N3714Y	C210
3A7E	N3714Z	BT36
3A7F	N37140	ERCO
3A82	N37143	ERCO
3A8B	N3715B	BE58
3A8C	N3715C	BE95
3A90	N3715G	T6
3A92	N3715J	C182
3A96	N3715N	M20P
3A97	N3715P	PA22
3A98	N3715Q	BE35
3A99	N3715R	C172
3A9A	N3715S	C172
3A9D	N3715V	C150
3A9F	N3715X	BE23
3AA1	N3715Z	PA22
3AAD	N3716A	PA22
3AAF	N3716C	ST75
3AB1	N3716E	CH7A
3AB4	N3716H	M20P
3AB8	N3716M	PA12
3ABA	N3716P	PA22
3ABB	N3716Q	BE95
3ABC	N3716R	P28A
3ABF	N3716U	C182
3AC0	N3716V	C150
3AC1	N3716W	PA32
3AC6	N37161	FA24
3ACF	N3717	SNS7
3AD5	N3717F	C172
3AD6	N3717G	T6
3AD9	N3717K	GC1
3ADB	N3717M	PA12
3ADF	N3717R	P28A
3AE0	N3717S	BE18
3AE3	N3717V	C140
3AE4	N3717W	PA32
3AE6	N3717Y	C210
3AEA	N37172	BE30
3AED	N37175	GLID
3AF0	N37178	CRJ2
3AF5	N3718C	ST75
3AF7	N3718E	AR11
3AFB	N3718J	C150
3AFE	N3718M	P28A
3B00	N3718P	PA22
3B02	N3718R	P28A
3B03	N3718S	RV6
3B04	N3718T	P28R
3B06	N3718V	RS18
3B08	N3718X	VO10
3B0A	N3718Z	PA22
3B0C	N37181	C414
3B11	N37186	G44
3B13	N37188	BE23
3B15	N3719	SA30
3B16	N3719A	PA22
3B19	N3719D	C182
3B1E	N3719J	C150
3B1F	N3719K	GC1
3B20	N3719L	C172
3B21	N3719M	PA12
3B28	N3719U	C182
3B29	N3719V	C140
3B2C	N3719Y	C210
3B31	N37193	GLID
3B38	N372	COZY
3B3A	N372AA	H60
3B3C	N372AC	AS50
3B3F	N372AF	C82T
3B41	N372AH	C172
3B44	N372AL	B407
3B45	N372AM	B407
3B4B	N372AT	C240
3B52	N372B	BE35
3B53	N372BA	GLID
3B55	N372BC	GLEX
3B59	N372BG	GA6C
3B5A	N372BH	C172
3B60	N372BP	C700
3B67	N372BW	PRM1
3B6B	N372C	T28
3B6E	N372CC	C310
3B6F	N372CD	SR22
3B77	N372CM	B763
3B79	N372CP	C82T
3B7D	N372CT	FDCT
3B83	N372CZ	C25C
3B85	N372DA	B738
3B86	N372DB	SR22
3B87	N372DC	SR20
3B8B	N372DG	PA46
3B8F	N372DL	RV9
3B91	N372DN	A321
3BB3	N372EX	F2TH
3BB9	N372FC	C310
3BBA	N372FD	RV9
3BBB	N372FE	DC10
3BC1	N372FL	B738
3BC4	N372FP	PA22
3BC6	N372FR	A20N
3BC8	N372FT	CH7A
3BCC	N372FX	E55P
3BCF	N372G	CL60
3BD1	N372GB	H25B
3BD6	N372GG	C172
3BDB	N372GM	RODS
3BEA	N372HB	C172
3BEB	N372HC	B06
3BF3	N372HL	LJ45
3BF6	N372HP	P32R
3BF9	N372HS	EC20
3C01	N372J	C320
3C03	N372JB	BE20
3C09	N372JH	LGEZ
3C1B	N372KA	RV7
3C39	N372LF	SR22
3C4D	N372MA	P32R
3C4F	N372MC	B350
3C51	N372ME	C206
3C58	N372MM	EPIC
3C64	N372MZ	CL60
3C71	N372NM	C310
3C76	N372NS	B06
3C7A	N372NW	A320
3C7F	N372PA	G2CA
3C8F	N372PS	BE18
3CA8	N372QS	C680
3CC4	N372RV	RV10
3CCA	N372SA	C172
3CCC	N372SC	LJ60
3CCE	N372SE	DA40
3CCF	N372SF	C182
3CE2	N372T	PA14
3CE3	N372TA	C172
3CE4	N372TB	TBM7
3CF7	N372TW	C172
3D09	N372UP	B763
3D27	N372VU	C180
3D51	N372XL	C56X
3D78	N372Z	BE35
3D95	N3720D	C182
3D96	N3720E	AR11
3D97	N3720F	C172
3D98	N3720G	C310
3D9C	N3720L	C172
3DA0	N3720Q	BE35
3DA2	N3720S	C172
3DA3	N3720T	P28R
3DA5	N3720V	C140
3DA7	N3720X	VO10
3DAB	N37201	C550
3DAD	N37203	S1
3DAF	N37205	S1
3DBF	N3721L	C172
3DC0	N3721M	PA12
3DC3	N3721Q	BE35
3DC4	N3721R	C172
3DC5	N3721S	CRER
3DC7	N3721U	C182
3DC8	N3721V	C150
3DC9	N3721W	PA32
3DCD	N37210	S1
3DD4	N37217	S1
3DD6	N37219	S1
3DD8	N3722A	PA22
3DD9	N3722B	BE50
3DDB	N3722D	C182
3DDC	N3722E	CH7A
3DDD	N3722F	C172
3DE3	N3722M	P28A
3DE4	N3722N	BE35
3DEA	N3722U	C182
3DED	N3722X	P28A
3DFD	N3723C	ST75
3DFE	N3723D	C182
3E03	N3723J	C150
3E10	N3723X	P28A
3E13	N37230	S1
3E14	N37231	S1
3E15	N37232	S1
3E18	N37235	S1
3E19	N37236	BT36
3E1A	N37237	C310
3E1E	N3724A	PA22
3E1F	N3724B	BE76
3E21	N3724D	BE36
3E23	N3724F	C172
3E24	N3724G	T6
3E25	N3724H	BE76
3E27	N3724K	P28A
3E28	N3724L	C172
3E29	N3724M	P28A
3E2F	N3724T	P28R
3E30	N3724U	C182
3E31	N3724V	C140
3E33	N3724X	VO10
3E36	N37240	BE23
3E37	N37241	S1
3E38	N37242	C310
3E39	N37243	BE24
3E3E	N37248	S1
3E40	N3725	GP3
3E41	N3725A	PA22
3E44	N3725D	C182
3E45	N3725E	PA36
3E47	N3725G	T6
3E4A	N3725K	GC1
3E4B	N3725L	PRM1
3E4C	N3725M	PA12
3E4D	N3725N	BE35
3E4E	N3725P	PA22
3E4F	N3725Q	BE35
3E50	N3725R	P28A
3E51	N3725S	C172
3E54	N3725V	C140
3E55	N3725W	PA32
3E56	N3725X	BE77
3E5B	N37252	B738
3E5C	N37253	B738
3E5E	N37255	B738
3E5F	N37256	C310
3E60	N37257	B38M
3E63	N3726	CL60
3E65	N3726B	BE77
3E66	N3726C	C82R
3E6B	N3726H	ERCO
3E6E	N3726L	BE33
3E6F	N3726M	RV10
3E70	N3726N	M20P
3E71	N3726P	PA22
3E73	N3726R	C172
3E74	N3726S	C172
3E76	N3726U	BE77
3E7E	N37262	S1
3E7F	N37263	B738
3E82	N37266	S1
3E83	N37267	B738
3E84	N37268	C310
3E87	N3727A	PA22
3E88	N3727B	BE77
3E8A	N3727D	C182
3E8C	N3727F	C172
3E8F	N3727J	C150
3E90	N3727K	GC1
3E91	N3727L	C172
3E97	N3727S	C172
3E98	N3727T	P28R
3E9B	N3727W	PA32
3E9C	N3727X	VO10
3EA0	N37271	S1
3EA2	N37273	B738
3EA3	N37274	B738
3EA4	N37275	BE77
3EA5	N37276	BE77
3EA6	N37277	B738
3EA7	N37278	B38M
3EAA	N3728A	BE35
3EAB	N3728B	C207
3EAC	N3728C	J3
3EAD	N3728D	C182
3EAF	N3728F	C172
3EB0	N3728G	BE76
3EB1	N3728H	RV4
3EB2	N3728J	C150
3EB3	N3728K	BE23
3EB4	N3728L	C172
3EB5	N3728M	PA12
3EB7	N3728P	PA22
3EB9	N3728R	C172
3EBB	N3728T	TF19
3EBC	N3728U	C182
3EBD	N3728V	C140
3EBE	N3728W	PA32
3EBF	N3728X	VO10
3EC0	N3728Y	C210
3EC2	N37280	S1
3EC3	N37281	B738
3EC7	N37285	C340
3EC8	N37286	S1
3EC9	N37287	B738
3ECD	N3729A	PA20
3ECE	N3729B	BE77
3ED0	N3729D	BE77
3ED1	N3729E	AR11
3ED2	N3729F	C172
3ED6	N3729K	GC1
3ED8	N3729M	PA12
3EE1	N3729W	PA32
3EE5	N37290	B738
3EE6	N37291	S1
3EE8	N37293	B738
3EE9	N37294	S1
3EEA	N37295	B38M
3EEB	N37296	S1
3EED	N37298	B738
3EEE	N37299	S1
3EEF	N373	PA30
3EF6	N373AF	C25A
3EFC	N373AM	DV20
3F00	N373AR	P210
3F02	N373AT	H60
3F09	N373B	RS12
3F0A	N373BA	GLID
3F0B	N373BB	SR22
3F10	N373BG	SA10
3F1A	N373BS	P28A
3F23	N373CA	P28A
3F24	N373CB	P28R
3F26	N373CD	SR22
3F2A	N373CH	C25B
3F2E	N373CM	B763
3F30	N373CP	C82T
3F33	N373CS	L8
3F34	N373CT	FDCT
3F3B	N373D	BE58
3F3C	N373DA	B738
3F3E	N373DC	R44
3F41	N373DF	COL4
3F42	N373DG	LJ45
3F43	N373DH	UH1
3F48	N373DN	FA20
3F4C	N373DS	SR22
3F51	N373DX	A321
3F55	N373EA	AEST
3F59	N373EE	E55P
3F5A	N373EF	F2TH
3F60	N373EM	TBM8
3F64	N373ER	SR22
3F6C	N373EZ	PC12
3F72	N373FE	DC10
3F7D	N373FR	A20N
3F83	N373FX	E55P
3F86	N373G	CL60
3F8D	N373GG	GL5T
3F8E	N373GH	RV7
3F98	N373GT	BE35
3F9F	N373H	C210
3FA0	N373HA	A332
3FA3	N373HD	AT5T
3FAD	N373HP	P32R
3FB0	N373HS	EC20
3FB8	N373J	SSTL
3FB9	N373JA	AT5T
3FBA	N373JB	E190
3FBB	N373JC	C310
3FC0	N373JH	LGEZ
3FC6	N373JP	RV7
3FCD	N373JW	RV7
3FCE	N373JX	B744
3FD5	N373KD	AVID
3FD7	N373KF	FOX
3FDD	N373KM	PC12
3FE5	N373KV	C150
3FEE	N373LD	P46T
3FEF	N373LE	BL17
3FF0	N373LF	EC45
3FF6	N373LM	BE55
4004	N373MA	T206
4005	N373MB	E300
400F	N373MM	PRM1
401C	N373N	T6
4021	N373NE	B505
4031	N373NW	A320
4036	N373PA	B212
403B	N373PF	P28R
403E	N373PJ	T210
4046	N373PS	SR22
405F	N373QS	E55P
4069	N373RB	E35L
4072	N373RL	B407
4075	N373RP	GLAS
4077	N373RR	FA50
4078	N373RS	F900
407B	N373RV	RV4
407C	N373RW	S22T
4080	N373S	LNC2
4081	N373SA	C82T
4083	N373SC	CRUZ
4085	N373SE	T18
408E	N373SP	B06
4090	N373SR	SR22
4092	N373ST	BT36
4093	N373SU	B350
4094	N373SV	V10
4095	N373SW	B733
4099	N373T	BE35
409A	N373TA	ECHO
40C0	N373UP	B763
40CD	N373VB	GLEX
40DE	N373VU	ST75
40E6	N373WB	PA15
40E8	N373WD	C82S
40F6	N373WT	RV7
40FD	N373X	M5
4112	N373XW	JPRO
412F	N373Z	BE35
4148	N3730	CASS
414A	N3730B	B738
414C	N3730D	C182
414D	N3730E	CH7A
4150	N3730H	BE23
4152	N3730K	P28A
4154	N3730M	P28R
4155	N3730N	BE77
4158	N3730R	C172
4159	N3730S	BE77
415A	N3730T	P28R
415B	N3730U	C182
415C	N3730V	C140
415D	N3730W	PA32
415F	N3730Y	BE58
4162	N37301	S1
4163	N37302	C340
4164	N37303	S1
4165	N37304	S1
4166	N37305	B38M
4167	N37306	C340
4169	N37308	B38M
416A	N37309	S1
416D	N3731B	BE77
4171	N3731F	G2T1
4172	N3731G	C310
4173	N3731H	ERCO
4175	N3731K	GC1
4177	N3731M	P28R
4178	N3731N	BE35
417A	N3731Q	BE35
417C	N3731S	C172
417D	N3731T	B738
4182	N3731Y	C210
4187	N37313	B38M
4189	N37315	C340
418B	N37317	S1
418C	N37318	B38M
418D	N37319	B38M
418F	N3732A	PA22
4190	N3732B	BE77
4192	N3732D	C182
4193	N3732E	CH7A
4194	N3732F	BE77
4197	N3732J	B738
4199	N3732L	C172
419A	N3732M	BE77
419C	N3732P	PA22
419D	N3732Q	BE35
419F	N3732S	C172
41A0	N3732T	P28R
41A1	N3732U	C182
41A2	N3732V	C140
41A4	N3732X	SH36
41A8	N37321	BE23
41AA	N37323	S1
41AB	N37324	B38M
41AC	N37325	B38M
41AE	N37327	S1
41B4	N3733C	BE77
41B5	N3733D	BE76
41B6	N3733E	CH7A
41B7	N3733F	C172
41B8	N3733G	BE76
41BC	N3733L	C172
41BD	N3733M	PA12
41BE	N3733N	BE35
41C0	N3733Q	BE95
41C1	N3733R	C172
41C2	N3733S	C172
41C3	N3733T	P28R
41C5	N3733V	C150
41C8	N3733Y	C210
41C9	N3733Z	B738
41CA	N37330	S1
41CC	N37332	BE77
41CF	N37335	S1
41D5	N3734A	PA22
41D6	N3734B	B738
41D8	N3734D	C182
41DB	N3734G	BE36
41DC	N3734H	ERCO
41DD	N3734J	C150
41DF	N3734L	C172
41E1	N3734N	BE35
41E2	N3734P	PA22
41E7	N3734U	BE23
41EA	N3734X	VO10
41EC	N3734Z	BE24
41ED	N37340	S1
41EF	N37342	B38M
41F0	N37343	C340
41F2	N37345	BE77
41F7	N3735	WAIX
41F8	N3735A	PA22
41F9	N3735B	BE35
41FB	N3735D	B738
41FD	N3735F	C172
4200	N3735J	C150
4201	N3735K	GC1
4207	N3735R	BE77
4208	N3735S	C172
4209	N3735T	BE36
420D	N3735X	VO10
4210	N37350	BE36
4211	N37351	B38M
4216	N37356	C340
4217	N37357	S1
421B	N3736A	PA22
421D	N3736C	B738
421E	N3736D	BE36
421F	N3736E	CH7A
4222	N3736H	ERCO
4224	N3736K	P28A
4228	N3736P	PA22
422C	N3736T	P28R
422D	N3736U	C182
422F	N3736W	PA32
4230	N3736X	VO10
4233	N37360	C340
4234	N37361	S1
4235	N37362	C340
4237	N37364	S1
4238	N37365	B38M
423A	N37367	B38M
423C	N37369	S1
423D	N3737	PA46
4240	N3737C	B738
4242	N3737E	CH7A
4244	N3737G	J3
4248	N3737L	BE33
4249	N3737M	PA32
424C	N3737Q	BE35
424F	N3737T	P28R
4250	N3737U	BE76
4251	N3737V	C150
4252	N3737W	PA32
4255	N3737Z	PA22
4256	N37370	S1
4258	N37372	B38M
4259	N37373	S1
425C	N37376	C340
425D	N37377	S1
425F	N37379	C421
4261	N3738A	CH70
4262	N3738B	B738
4264	N3738D	C182
4265	N3738E	CH7A
426B	N3738L	C172
426D	N3738N	BE35
426F	N3738Q	BE95
4270	N3738R	BE36
4274	N3738V	C140
4275	N3738W	PA32
4277	N3738Y	C210
4278	N3738Z	BE36
427B	N37382	S1
427C	N37383	S1
427E	N37385	S1
427F	N37386	S1
4285	N3739B	BE58
4288	N3739E	PA36
428E	N3739L	C172
428F	N3739M	PA12
4291	N3739P	B738
4292	N3739Q	BE76
4293	N3739R	C172
4296	N3739U	C182
4298	N3739W	PA32
429A	N3739Y	C210
429F	N37393	S1
42A1	N37395	S1
42A3	N37397	S1
42A5	N37399	S1
42A6	N374	TAIL
42AA	N374AC	RJ85
42B2	N374AL	B407
42C1	N374BA	L13M
42C4	N374BD	RV7
42C8	N374BH	BE30
42D4	N374BV	ST75
42D5	N374BW	PA15
42DA	N374CA	CRJ7
42DB	N374CB	P28R
42DD	N374CD	SR22
42E2	N347CJ	C25C
42E7	N374CP	C82T
42EB	N374CT	FDCT
42F3	N374DA	B738
42FA	N374DH	EXEC
42FF	N374DN	P337
4308	N374DX	A321
4334	N374FR	A20N
4335	N374FS	GLF6
4336	N374FT	P28A
433A	N374FX	E55P
433D	N374G	P28A
4348	N374GL	B06
4349	N374GM	S22T
4356	N374H	UH12
4357	N374HA	A332
4360	N374HK	Q9
4364	N374HP	P32R
4367	N374HS	EC20
4373	N374JD	SA30
4388	N374K	CRBN
438B	N374KC	PA46
4399	N374KS	GLIM
43A2	N374LA	C150
43AB	N374LK	RV7
43B2	N374LS	FDCT
43BB	N374MA	C172
43BF	N374ME	T206
43C6	N374MM	SR22
43D3	N374N	E50P
43DD	N374NK	SONX
43E8	N374NW	A320
43EC	N374P	PA23
43ED	N374PA	B212
43F4	N374PH	DH8B
43F8	N374PM	PC12
43FD	N374PS	RV7
4406	N374QA	C25C
4416	N374QS	E55P
442F	N374RS	RV7
4438	N374SA	C172
443B	N374SD	PA18
4443	N374SM	M20P
4445	N374SP	C172
444C	N374SW	B733
4450	N374T	BE35
4451	N374TA	C310
4453	N374TC	C82S
4457	N374TG	GLID
445C	N374TM	FOX
4462	N374TT	S22T
4477	N374UP	B763
44A1	N374WF	PA46
44AD	N374WT	TAIL
44B4	N374X	RV7
44C0	N374XM	JPRO
44E6	N374Z	BE35
4501	N3740B	BE77
4502	N3740C	B738
4504	N3740E	CH7A
4505	N3740F	C172
4508	N3740J	C150
4509	N3740K	GC1
450C	N3740N	BE35
450F	N3740R	C172
4510	N3740S	C172
4511	N3740T	P28R
4512	N3740U	C182
4515	N3740X	VO10
4516	N3740Y	C210
4517	N3740Z	PA18
4518	N37400	S1
4519	N37401	S1
451A	N37402	BT36
451B	N37403	S1
451C	N37404	C421
451E	N37406	S1
451F	N37407	S1
4520	N37408	B739
4521	N37409	B739
4523	N3741A	PA22
4524	N3741B	BE36
4525	N3741C	BE36
4526	N3741D	C182
452B	N3741J	C150
452C	N3741K	GC1
452F	N3741N	BE35
4532	N3741R	C172
4533	N3741S	B738
4534	N3741T	P28R
4536	N3741V	C150
453A	N3741Z	PA18
453B	N37410	S1
453C	N37411	S1
453D	N37412	S1
453E	N37413	B739
453F	N37414	S1
4540	N37415	B39M
4541	N37416	S1
4542	N37417	C421
4544	N37419	B739
4547	N3742B	BE30
4548	N3742C	B738
454B	N3742F	G2T1
454D	N3742H	M20P
454E	N3742J	C150
4552	N3742N	BE35
4554	N3742Q	BE35
4558	N3742U	TAYB
4559	N3742V	C140
455A	N3742W	PA32
455B	N3742X	VO10
455D	N3742Z	J3
455E	N37420	B739
4560	N37422	B739
4562	N37424	C421
4563	N37425	FA62
4564	N37426	S1
4565	N37427	B739
4566	N37428	S1
4567	N37429	S1
456A	N3743B	BE50
456C	N3743D	C182
456D	N3743E	CH7A
456E	N3743F	C172
456F	N3743G	C170
4570	N3743H	B738
4573	N3743L	C172
4576	N3743P	PA22
4577	N3743Q	P28A
457B	N3743U	C182
457C	N3743V	C140
457E	N3743X	VO10
4583	N37432	S1
4585	N37434	B739
4586	N37435	S1
4587	N37436	S1
4588	N37437	B739
458C	N3744A	PA22
458E	N3744C	C180
458F	N3744D	C182
4590	N3744E	CH7A
4591	N3744F	B738
4592	N3744G	C310
4596	N3744L	C172
4597	N3744M	DH82
4598	N3744N	DH82
4599	N3744P	PA22
459A	N3744Q	P28A
459D	N3744T	P28R
459F	N3744V	C140
45A0	N3744W	C172
45A1	N3744X	VO10
45A3	N3744Z	PA18
45A4	N37440	B39M
45A6	N37442	S1
45A9	N37445	B39M
45AA	N37446	S1
45AB	N37447	B39M
45AD	N37449	B39M
45AF	N3745A	LGEZ
45B0	N3745B	B738
45B5	N3745G	DOVE
45B9	N3745L	C172
45BB	N3745N	BE35
45BC	N3745P	P210
45BD	N3745Q	P28R
45BE	N3745R	C172
45BF	N3745S	C172
45C0	N3745T	P28R
45C1	N3745U	C182
45C2	N3745V	C140
45C7	N37450	B39M
45C8	N37451	S1
45C9	N37452	S1
45CA	N37453	S1
45CD	N37456	B739
45D2	N3746A	PA22
45D9	N3746H	B738
45DA	N3746J	C150
45DD	N3746M	P28A
45DE	N3746N	BE35
45E1	N3746R	C172
45E3	N3746T	P28R
45E4	N3746U	C182
45E5	N3746V	C140
45E6	N3746W	PA32
45E8	N3746Y	C210
45E9	N3746Z	PA18
45EC	N37462	B739
45EE	N37464	B739
45EF	N37465	B739
45F0	N37466	B739
45F2	N37468	B739
45F3	N37469	B39M
45F4	N3747	J3
45F6	N3747B	C82R
45F7	N3747C	C414
45F8	N3747D	B738
45FB	N3747G	RV7
45FD	N3747J	C150
45FE	N3747K	P28A
45FF	N3747L	C172
4600	N3747M	ST75
4602	N3747P	PA22
4603	N3747Q	BE95
4605	N3747S	C172
4606	N3747T	SR22
4608	N3747V	C140
460A	N3747X	T6
460B	N3747Y	C210
460D	N37470	B739
460E	N37471	B739
460F	N37472	B39M
4610	N37473	B39M
4611	N37474	B739
4612	N37475	C421
4615	N37478	C421
461B	N3748D	C182
461C	N3748E	CH7A
461D	N3748F	C172
461F	N3748H	C210
4621	N3748K	GC1
4623	N3748M	PA12
4626	N3748Q	BE35
4627	N3748R	C172
4628	N3748S	C172
4629	N3748T	P28R
462A	N3748U	C182
462B	N3748V	C120
462E	N3748Y	B738
463A	N3749	AA5
463E	N3749D	B738
4640	N3749F	C172
4643	N3749J	C150
4644	N3749K	GC1
4645	N3749L	C172
464C	N3749T	TAIL
4651	N3749Y	C210
4654	N37491	PA32
4660	N375AB	CL35
4661	N375AC	MU2
4663	N375AE	EC30
4666	N375AH	EC45
4667	N375AJ	S22T
4676	N375AZ	PA23
4678	N375BA	GLID
467A	N375BC	H25B
467B	N375BD	BD4
467D	N375BF	PTS2
468C	N375BW	LJ60
468F	N375BZ	TBM7
4690	N375C	PA32
4694	N375CD	SR22
469A	N375CK	B735
469C	N375CM	PULS
469E	N375CP	BE30
46A1	N375CS	C172
46A2	N375CT	FDCT
46A5	N375CW	S22T
46AA	N375DA	B738
46AB	N375DB	SR22
46AD	N375DD	PULS
46B5	N375DM	SREY
46B6	N375DN	A321
46BA	N375DS	C650
46BB	N375DT	BE40
46C3	N375EA	CH60
46C8	N375EF	C56X
46D4	N375ET	EA50
46DB	N375F	T206
46DD	N375FB	FB1A
46DE	N375FC	BE20
46E0	N375FE	DC10
46EB	N375FR	A20N
46F1	N375FX	E55P
46FE	N375GK	F2TH
4700	N375GM	HUSK
4704	N375GR	C25C
4706	N375GT	HUSK
470E	N375HA	A332
471B	N375HP	C185
471E	N375HS	EC20
4722	N375HW	C210
4728	N375JB	E190
4729	N375JC	B427
4730	N375JK	BD4
4734	N375JP	BE20
4736	N375JR	SREY
4737	N375JS	RV6
4738	N375JT	C82R
473B	N375JW	BE36
473F	N375K	BL8
4742	N375KC	C421
4743	N375KD	EA50
474F	N375KR	E550
4750	N375KS	P46T
4758	N375L	BE36
4759	N375LA	C172
4771	N375M	RV7
4772	N375MA	C172
4773	N375MB	AS50
4774	N375MC	SF50
4777	N375MF	S22T
477B	N375MK	C210
4781	N375MR	COY2
4782	N375MS	S22T
4783	N375MT	SR22
4789	N375MZ	CL60
478D	N375NC	A320
478E	N375ND	SR22
47A9	N375PF	H25B
47B4	N375PS	GLST
47B8	N375PW	C185
47CD	N375QS	C680
47D5	N375R	C402
47D7	N375RB	BE36
47D8	N375RC	H25B
47D9	N375RD	P46T
47DC	N375RG	TUCR
47DD	N375RH	C56X
47DF	N375RK	RV12
47E5	N375RR	SR22
47E9	N375RV	RV12
47EA	N375RW	LGEZ
47EE	N375S	BOLT
47F0	N375SB	S22T
47F2	N375SD	MD60
47F6	N375SH	EA50
47FC	N375SP	C208
47FE	N375SR	T206
4803	N375SW	B733
4819	N375TT	SR22
481C	N375TW	H25B
482E	N375UP	B763
484C	N375VU	BE18
4852	N375W	C185
4854	N375WB	GL5T
4867	N375WW	MONI
4879	CC-	BE40
4898	N375YV	C172
48BA	N3750D	B738
48BC	N3750F	C172
48BF	N3750J	C150
48C0	N3750K	P28A
48C3	N3750N	C56X
48C4	N3750P	PA22
48C6	N3750R	C172
48C8	N3750T	P28R
48CA	N3750V	C150
48CB	N3750W	PA32
48CD	N3750Y	C210
48CE	N3750Z	AA5
48CF	N37500	AA5
48D0	N37501	AA5
48D1	N37502	B39M
48D3	N37504	B39M
48D5	N37506	B39M
48D6	N37507	B39M
48D7	N37508	B39M
48DA	N3751A	PA22
48DB	N3751B	B738
48DD	N3751D	P51
48DE	N3751E	AR11
48DF	N3751F	G2T1
48E1	N3751H	M20P
48E4	N3751L	MG21
48E7	N3751P	PA22
48ED	N3751V	C140
48EE	N3751W	PA32
48F1	N3751Z	UH12
48F2	N37510	B39M
48F5	N37513	B39M
48F6	N37514	B39M
48F8	N37516	B39M
48FA	N37518	B39M
48FC	N3752	B738
48FF	N3752C	C414
4902	N3752F	C172
4905	N3752J	C150
4907	N3752L	TAYD
4908	N3752M	PA12
4909	N3752N	H269
490C	N3752R	C172
490D	N3752S	C172
490E	N3752T	P28R
490F	N3752U	C182
4910	N3752V	C140
4911	N3752W	AA5
4914	N3752Z	PA18
4916	N37521	B39M
4917	N37522	B39M
4918	N37523	B39M
491A	N37525	B39M
491C	N37527	B39M
491D	N37528	B39M
491F	N3753	B738
4924	N3753E	CH7A
4926	N3753G	T6
4928	N3753J	C150
492A	N3753L	C172
492C	N3753N	DC3
492D	N3753P	PA22
492E	N3753Q	BE35
492F	N3753R	C172
4931	N3753T	P28R
4936	N3753Y	C210
4938	N37530	B39M
493B	N37533	BE55
493D	N37535	B39M
493E	N37536	B38M
493F	N37537	B39M
4940	N37538	B39M
4941	N37539	J3
4943	N3754A	B738
4946	N3754D	C182
4948	N3754F	C172
494D	N3754L	C172
494E	N3754M	SR22
494F	N3754N	BE35
4952	N3754R	C172
4954	N3754T	P28R
4957	N3754W	PA32
4959	N3754Y	C210
495C	N37541	B39M
495D	N37542	B39M
495E	N37543	C414
4960	N37545	B39M
4962	N37547	B39M
4963	N37548	B39M
4965	N3755	M20P
4967	N3755B	BE50
4969	N3755D	B738
496A	N37549	B39M
496D	N3755H	M20P
496E	N3755J	B47G
4970	N3755L	C172
4971	N3755M	P28A
4973	N3755P	C130
4974	N3755Q	P28R
4977	N3755T	P28R
4978	N3755U	C182
497A	N3755W	PA32
497B	N3755X	VO10
497C	N3755Y	C210
497D	N3755Z	B47G
497F	N37551	B39M
4981	N37553	B39M
4982	N37554	B39M
4983	N37555	B39M
4984	N37556	B39M
4988	N3756	B738
4989	N3756A	PA22
498D	N3756E	AR11
4991	N3756J	C150
4992	N3756K	GC1
4994	N3756M	PA12
4995	N3756N	BE35
4996	N3756P	PA22
4998	N3756R	P28A
4999	N3756S	C172
499A	N3756T	TF19
499B	N3756U	C182
499D	N3756W	PA32
499E	N3756X	C210
49A1	N37560	B39M
49A2	N37561	B39M
49A3	N37562	B39M
49A4	N37563	B39M
49A7	N37566	C337
49A8	N37567	B39M
49AE	N3757C	J3
49AF	N3757D	B738
49B0	N3757E	CH7A
49B3	N3757H	DUCE
49B5	N3757K	P28A
49B8	N3757N	BE35
49B9	N3757P	PA22
49BC	N3757S	C172
49BD	N3757T	P28R
49C0	N3757W	PA32
49CB	N37577	B39M
49D0	N3758B	J3
49D1	N3758C	C414
49D2	N3758D	C182
49D3	N3758E	AR11
49D4	N3758F	C172
49D5	N3758G	PA22
49D9	N3758L	C172
49DB	N3758N	BE35
49DD	N3758Q	BE35
49DE	N3758R	C172
49DF	N3758S	C172
49E1	N3758U	DH82
49E2	N3758V	C140
49E4	N3758X	VO10
49E5	N3758Y	B738
49F1	N3759	B738
49F6	N3759E	CH7A
49F7	N3759F	G2T1
49FE	N3759N	M20P
49FF	N3759P	PA22
4A00	N3759Q	BE35
4A02	N3759S	C172
4A03	N3759T	P28R
4A05	N3759V	C140
4A07	N3759X	VO10
4A08	N3759Y	C210
4A16	N376AA	P32R
4A18	N376AC	SH36
4A1D	N376AH	EC45
4A20	N376AL	S76
4A26	N376AS	AT8T
4A2D	N376AZ	IS28
4A2E	N376B	RV12
4A2F	N376BA	GLID
4A31	N376BC	SR22
4A36	N376BH	R22
4A39	N376BL	FA20
4A40	N376BT	B06
4A48	N376CA	CRJ7
4A4B	N376CD	SR22
4A55	N376CP	SR20
4A59	N376CT	FDCT
4A60	N376D	SBR1
4A61	N376DA	B738
4A67	N376DG	PA31
4A6C	N376DM	AA5
4A6D	N376DN	A321
4A71	N376DS	DA40
4A79	N376E	RV9
4AA2	N376FR	A20N
4AA8	N376FX	E55P
4AAE	N376GC	RS12
4ABC	N376GS	CRER
4AC4	N376H	G2T1
4AC7	N376HC	P32R
4AD2	N376HP	P32R
4AD5	N376HS	EC20
4AE9	N376JM	PA22
4AEE	N376JS	P28A
4AF2	N376JW	RV3
4AF3	N376JX	C208
4AF9	N376KC	PC12
4B29	N376MA	E145
4B2D	N376ME	T206
4B44	N376NC	PA31
4B46	N376NE	SONX
4B56	N376NW	A320
4B5B	N376PA	B212
4B5E	N376PD	COL4
4B61	N376PG	GLAS
4B62	N376PH	EC35
4B70	N376PX	RV8
4B84	N376QS	C680
4B8D	N376RA	C550
4B94	N376RH	B36T
4B9D	N376RS	C680
4BA0	N376RV	RV6
4BA5	N376S	BE95
4BA6	N376SA	B190
4BA8	N376SC	F2TH
4BAB	N376SF	F2TH
4BB3	N376SP	C172
4BBE	N376T	BE55
4BCA	N376TM	P51
4BE5	N376UP	B763
4C01	N376VS	S22T
4C09	N376W	BE58
4C54	N376Z	BE35
4C6F	N3760B	BE95
4C70	N3760C	B738
4C72	N3760E	PA36
4C76	N3760J	C150
4C77	N3760K	GC1
4C7B	N3760P	PA22
4C7E	N3760S	C172
4C7F	N3760T	P28R
4C80	N3760U	C182
4C82	N3760W	PA32
4C84	N3760Y	C210
4C87	N37601	B3XM
4C88	N37602	J3
4C8A	N37604	H269
4C90	N3761	BE18
4C95	N3761E	AR11
4C96	N3761F	P28R
4C98	N3761H	ERCO
4C9B	N3761L	C172
4C9E	N3761P	P210
4CA0	N3761R	B738
4CA1	N3761S	C172
4CA2	N3761T	P28R
4CA8	N3761Z	PA18
4CB1	N37618	CH7A
4CB5	N3762B	VEZE
4CB7	N3762D	C182
4CBB	N3762H	SONX
4CBD	N3762K	GC1
4CBF	N3762M	PA12
4CC0	N3762N	M20P
4CC1	N3762P	PA22
4CC5	N3762T	P28R
4CC6	N3762U	J5
4CC7	N3762V	C140
4CCA	N3762Y	B738
4CCB	N3762Z	PA18
4CCF	N37623	C140
4CDA	N3763D	B738
4CDB	N3763E	AR11
4CDC	N3763F	G2T1
4CE0	N3763K	P28A
4CE5	N3763Q	BE35
4CE6	N3763R	C172
4CE7	N3763S	C172
4CE8	N3763T	P28R
4CE9	N3763U	C182
4CEB	N3763W	PA32
4CF5	N37636	C119
4CF9	N3764	CASS
4CFA	N3764A	AVTR
4CFC	N3764C	T18
4CFD	N3764D	B738
4D00	N3764G	EXEJ
4D03	N3764K	GC1
4D05	N3764M	PA12
4D07	N3764P	PA22
4D0D	N3764V	C140
4D0F	N3764X	PA24
4D11	N3764Z	PA18
4D13	N37641	J5
4D14	N37642	T6
4D16	N37644	AA5
4D1A	N37648	VEZE
4D1C	N3765	B738
4D22	N3765F	G2T1
4D23	N3765G	C190
4D24	N3765H	WIND
4D25	N3765J	C150
4D27	N3765L	C68A
4D28	N3765M	P28R
4D2B	N3765Q	BE35
4D2C	N3765R	C172
4D2D	N3765S	C177
4D2E	N3765T	P28R
4D30	N3765V	C140
4D31	N3765W	PA32
4D33	N3765Y	C210
4D34	N3765Z	PA18
4D3F	N3766	B738
4D43	N3766D	C182
4D47	N3766H	M20P
4D4A	N3766L	C172
4D4F	N3766R	C337
4D51	N3766T	P28R
4D53	N3766V	C150
4D57	N3766Z	H500
4D58	N37660	BOLT
4D5E	N37666	J3
4D62	N3767	B738
4D64	N3767B	SRAI
4D6B	N3767J	C150
4D6E	N3767M	PA12
4D70	N3767P	PA18
4D71	N3767Q	P32R
4D73	N3767S	C172
4D74	N3767T	P28R
4D7F	N37674	RV3
4D81	N37676	C421
4D85	N3768	B738
4D86	N3768A	PA22
4D89	N3768D	C182
4D8D	N3768H	M20P
4D8E	N3768J	C150
4D95	N3768R	C172
4D97	N3768T	P28R
4D99	N3768V	C150
4DAD	N3769E	AR11
4DB0	N3769H	ERCO
4DB1	N3769J	C150
4DB3	N3769L	B738
4DB4	N3769M	P32R
4DBA	N3769T	P28R
4DBB	N3769U	C182
4DBC	N3769V	C150
4DBE	N3769X	VO10
4DCB	N377	HUSK
4DCD	N377AA	FALC
4DD2	N377AF	B412
4DD3	N377AG	F2TH
4DD4	N377AH	EC45
4DD7	N377AL	SR22
4DD8	N377AM	BE36
4DDC	N377AR	B738
4DE6	N377BA	C77R
4DEE	N377BJ	PA34
4DF1	N377BM	R22
4DFE	N377C	TB21
4E00	N377CB	RV6
4E01	N377CC	PA11
4E02	N377CD	SR22
4E03	N377CE	C310
4E04	N377CF	C207
4E06	N377CH	FA50
4E09	N377CL	B77W
4E0A	N377CM	C510
4E0C	N377CP	RV7
4E0F	N377CS	T206
4E10	N377CT	FDCT
4E16	N377CZ	PA18
4E17	N377D	BE36
4E18	N377DA	B738
4E1C	N377DE	B738
4E1E	N377DG	RV12
4E20	N377DJ	PTMS
4E24	N377DN	A321
4E25	N377DP	CL30
4E28	N377DS	DA40
4E2C	N377DW	PA23
4E2F	N377DZ	S22T
4E30	N377E	C150
4E31	N377EA	EUPA
4E32	N377EB	C206
4E36	N377EF	FA7X
4E41	N377ES	C72R
4E48	N377EZ	BOLT
4E4E	N377FE	DC10
4E59	N377FR	A20N
4E5F	N377FX	E55P
4E62	N377G	BE95
4E6A	N377GH	BE36
4E6C	N377GK	T206
4E6D	N377GL	C425
4E7B	N377H	C182
4E7C	N377HA	T206
4E7E	N377HC	PA46
4E82	N377HG	CH7B
4E83	N377HH	PA30
4E86	N377HL	RV7
4E94	N377J	BE95
4E97	N377JC	H25B
4E98	N377JD	EN28
4E9A	N377JF	M20P
4E9C	N377JH	SF50
4E9D	N377JJ	SR22
4EA0	N377JM	C421
4EA2	N377JP	T33
4EA4	N377JR	BL17
4EA5	N377JS	C340
4EB0	N377KC	BE36
4EB4	N377KG	RV7
4EB5	N377KH	P28A
4EC6	N377L	PC12
4EC7	N377LA	AT5T
4EC9	N377LC	P28R
4ECA	N377LD	RV7
4ECC	N377LF	B06
4ED1	N377LL	PA18
4ED2	N377LM	RV4
4ED6	N377LR	GLF2
4ED8	N377LT	GLF6
4EDB	N377LW	H500
4EE0	N377MA	C25C
4EE3	N377MD	CL30
4EE4	N377ME	T206
4EE6	N377MG	GLF4
4EEB	N377MM	C172
4EEE	N377MQ	SH36
4EF8	N377N	E55P
4F0D	N377NW	A320
4F11	N377P	BE9L
4F12	N377PA	B212
4F14	N377PC	LNP4
4F18	N377PG	C25M
4F19	N377PH	SW4
4F1C	N377PL	C25B
4F22	N377PS	CH80
4F29	N377PZ	CH60
4F3B	N377QS	C680
4F44	N377RA	H47
4F46	N377RC	AEST
4F4F	N377RM	C175
4F54	N377RS	B407
4F55	N377RT	P32R
4F57	N377RV	C510
4F5C	N377S	CB1
4F5D	N377SA	GLF5
4F67	N377SL	B407
4F68	N377SM	P32R
4F6E	N377ST	PA46
4F72	N377SX	SX30
4F75	N377T	BE36
4F78	N377TC	R44
4F81	N377TM	C182
4F83	N377TP	J3
4F8A	N377TW	SF50
4F8B	N377TX	SR22
4F9C	N377UP	B763
4F9F	N377US	M20P
4FB1	N377VK	M20P
4FC2	N377WB	SSTL
4FCC	N377WM	C182
4FD2	N377WT	PA34
4FD9	N377X	S22T
4FE7	N377XP	PULS
4FF9	N377YG	EV97
5024	N3770	BL8
5028	N3770D	T6
502A	N3770F	C172
502C	N3770H	M20P
502D	N3770J	C150
502E	N3770K	GC1
502F	N3770L	C172
5031	N3770N	M20P
5032	N3770P	T6
5033	N3770Q	BE35
5034	N3770R	C172
5036	N3770T	P28R
5037	N3770U	C182
503A	N3770X	VO10
503B	N3770Y	C210
503D	N37700	B738
504D	N3771F	G2T1
504F	N3771H	ERCO
5050	N3771J	C150
5051	N3771K	B738
5052	N3771L	C172
5053	N3771M	T6
5055	N3771P	PA18
5057	N3771R	C172
505B	N3771V	C140
505D	N3771X	VO10
505F	N3771Z	S1
5068	N37718	C172
506B	N3772A	PA22
506D	N3772C	AA5
506F	N3772E	CH7A
5072	N3772H	B738
5074	N3772K	GC1
5076	N3772M	P28A
5079	N3772Q	BE35
507A	N3772R	C172
507B	N3772S	C172
507F	N3772W	PA32
5081	N3772Y	C210
5082	N3772Z	PA18
5088	N37725	SKYR
5089	N37726	SKYR
508D	N3773	RV6
5091	N3773D	B738
5095	N3773H	ERCO
5096	N3773J	C150
5097	N3773K	GC1
509A	N3773N	AA5
509B	N3773P	PA18
509D	N3773R	C172
509E	N3773S	C172
509F	N3773T	P28R
50A3	N3773X	VO10
50A4	N3773Y	AA5
50AB	N37735	MA5
50B0	N3774	B25
50B1	N3774A	PA22
50B4	N3774D	C182
50B5	N3774E	CH7A
50B8	N3774H	M20P
50BB	N3774L	C172
50C2	N3774T	TF19
50C7	N3774Y	C210
50C8	N3774Z	PA18
50D5	N3775B	BE50
50D7	N3775D	C182
50D8	N3775E	CH7A
50D9	N3775F	G2T1
50DE	N3775L	C172
50E0	N3775N	DUCE
50E1	N3775P	PA18
50E3	N3775R	P28A
50E7	N3775V	C140
50EC	N37750	H269
50F2	N37756	DHC2
50FC	N3776F	C172
5101	N3776L	C172
5108	N3776T	C82S
5109	N3776U	C182
510A	N3776V	C150
510C	N3776X	VO10
510E	N3776Z	PA18
5116	N37767	CP65
5119	N3777	M20P
511C	N3777C	RV6
511D	N3777D	C182
511E	N3777E	AR11
5122	N3777J	BE35
5125	N3777M	B06
5126	N3777N	BE35
5127	N3777P	PA18
512A	N3777S	BE36
512B	N3777T	P28R
512D	N3777V	C150
5131	N3777Z	PA18
5139	N37777	C337
513A	N37778	CH7A
5140	N3778D	C182
5149	N3778N	BE35
514C	N3778R	C172
514F	N3778U	C182
5150	N3778V	C150
5152	N3778X	VO10
5153	N3778Y	C210
5154	N3778Z	PA18
515D	N37788	S55P
515E	N37789	VP2
5160	N3779A	PA22
5163	N3779D	C182
5164	N3779E	CH7A
5165	N3779F	C172
5167	N3779H	ERCO
5169	N3779K	P28A
516E	N3779Q	BE35
5170	N3779S	C172
5171	N3779T	P28R
5172	N3779U	C182
5173	N3779V	C140
5174	N3779W	PA32
5176	N3779Y	C210
5177	N3779Z	PA18
5182	N378	VEZE
5184	N378AA	C172
5186	N378AC	CH7A
518B	N378AH	EC45
5191	N378AP	SF50
5199	N378AX	B763
519C	N378B	BE35
51A0	N378BD	DHC2
51A3	N378BG	BE30
51AA	N378BP	P28A
51B5	N378C	SR22
51B8	N378CC	PA11
51B9	N378CD	SR22
51C1	N378CM	C510
51C6	N378CS	T206
51C7	N378CT	FDCT
51CB	N378CX	B763
51CE	N378D	SBR1
51CF	N378DA	B738
51D0	N378DB	FA20
51DA	N378DM	T6
51DB	N378DN	A321
51DF	N378DS	DA40
51E0	N378DT	CH70
51E7	N378E	CRER
51FC	N378EW	SONX
5209	N378FJ	COL3
520D	N378FN	J3
5210	N378FR	A20N
5216	N378FX	E55P
521F	N378GF	J4
5224	N378GL	SR22
5227	N378GP	BE33
5232	N378H	T206
5233	N378HA	A332
5238	N378HF	T6
523A	N378HH	PC12
5240	N378HP	P32R
5243	N378HS	EC20
524B	N378J	BE35
524E	N378JC	B06
5252	N378JG	BL8
5264	N378K	C421
527A	N378KX	EXNG
527E	N378LA	C172
5297	N378MA	C172
529B	N378ME	T206
529D	N378MG	FA20
52A2	N378MM	PA31
52A5	N378MQ	SH36
52A7	N378MS	C82S
52C0	N378NS	PA46
52C4	N378NW	A320
52D1	N378PJ	EUPA
52D9	N378PS	CRUZ
52F1	N378QR	CDUS
52F2	N378QS	C680
530B	N378RS	P28R
530E	N378RV	RV6
5310	N378RX	SR20
5314	N378SA	B190
5316	N378SC	B38M
5317	N378SD	UH1
5319	N378SF	BE20
5321	N378SP	T206
532C	N378T	BE35
533A	N378TP	GL7T
533E	N378TT	SR20
534D	N378UH	R22
5353	N378UP	B763
5371	N378VU	C150
5389	N378WT	S22T
538D	N378WX	CLON
53C2	N378Z	BE35
53DF	N3780D	C182
53E1	N3780F	C172
53E6	N3780L	C172
53E7	N3780M	PA12
53ED	N3780T	P28R
53F0	N3780W	PA32
53F3	N3780Z	PA18
53F7	N37803	CUCA
53F8	N37804	CUCA
5402	N3781D	C182
5404	N3781F	C172
5405	N3781G	FH11
5407	N3781J	C150
5408	N3781K	P28A
5409	N3781L	C172
540B	N3781N	BE35
540C	N3781P	PA18
540D	N3781Q	BE35
5411	N3781U	C182
5412	N3781V	C140
5414	N3781X	VO10
5415	N3781Y	PA18
541B	N37814	CUCA
541C	N37815	CUCA
541F	N37818	CUCA
5420	N37819	CUCA
5421	N3782	FB1A
5426	N3782E	CH7A
5427	N3782F	C172
542B	N3782K	GC1
542C	N3782L	C172
542D	N3782M	PA12
542F	N3782P	PA18
5431	N3782R	P28A
5432	N3782S	C172
5434	N3782U	C182
5437	N3782X	VO10
5439	N3782Z	PA18
543C	N37822	CUCA
543D	N37823	CUCA
5440	N37826	CUCA
5442	N37828	CUCA
5444	N3783	PA24
544E	N3783K	GC1
5452	N3783P	PA18
545B	N3783Y	C210
545C	N3783Z	PA18
545F	N37832	CUCA
5460	N37833	CUCA
5469	N3784B	BE50
546C	N3784E	AR11
5470	N3784J	C150
5471	N3784K	P28A
5473	N3784M	PA12
5474	N3784N	M20P
5475	N3784P	PA18
5477	N3784R	C172
547C	N3784W	PA32
547E	N3784Y	C210
5481	N37841	CUCA
5485	N37845	CUCA
548F	N3785E	PA36
5490	N3785F	C172
5492	N3785H	ERCO
5495	N3785L	C172
5496	N3785M	PA12
5497	N3785N	J3
5499	N3785Q	BE35
549C	N3785T	P28R
54A0	N3785X	VO10
54A2	N3785Z	PA18
54A5	N37852	EAGL
54A9	N37856	CP65
54B2	N3786E	CH7A
54B8	N3786L	C172
54B9	N3786M	PA12
54BD	N3786R	C172
54BF	N3786T	P28R
54C0	N3786U	C182
54C2	N3786W	PA32
54C3	N3786X	VO10
54C4	N3786Y	C210
54D3	N3787C	L5
54D4	N3787D	BE35
54D5	N3787E	PA36
54D8	N3787H	ERCO
54DA	N3787K	GC1
54DC	N3787M	PA12
54DD	N3787N	BE35
54DF	N3787Q	BE35
54E0	N3787R	C172
54E2	N3787T	TF19
54E3	N3787U	C182
54E8	N3787Z	PA18
54F4	N3788A	PA18
54F9	N3788F	C172
54FD	N3788K	GC1
54FE	N3788L	C172
54FF	N3788M	PA12
5502	N3788Q	BE35
5503	N3788R	C172
5504	N3788S	C172
5505	N3788T	P28R
5507	N3788V	C140
5509	N3788X	GLF6
550C	N37880	C310
5513	N37887	GP3
5517	N3789A	PA18
551A	N3789D	C182
551C	N3789F	C172
551D	N3789G	T34P
5520	N3789K	GC1
5525	N3789Q	BE35
5526	N3789R	C172
5527	N3789S	C172
5528	N3789T	P28R
552E	N3789Z	PA18
553A	N379A	MITE
5542	N379AH	EC45
5544	N379AK	TCAT
5546	N379AM	AP22
554B	N379AS	AT8T
5552	N379AZ	B763
5553	N379B	C25B
5554	N379BA	GLID
5556	N379BC	C25C
5558	N379BE	C208
5559	N379BF	C82S
556C	N379C	SA30
556D	N379CA	CRJ7
556F	N379CC	R44
5570	N379CD	SR22
557E	N379CT	FDCT
5582	N379CX	B763
5586	N379DA	B738
5587	N379DB	C25B
558D	N379DH	SR22
5591	N379DM	T28
5592	N379DN	A321
5596	N379DS	DA40
5597	N379DT	T206
559A	N379DW	C208
559F	N379EA	EAGL
55A1	N379EC	C560
55A8	N379EK	BE20
55C7	N379FR	A20N
55CD	N379FX	E55P
55D7	N379GG	SREY
55DB	N379GL	PTS1
55DE	N379GP	C82S
55E1	N379GS	RV4
55E9	N379H	MUS2
55EA	N379HA	A332
55EC	N379HC	TBM9
55F7	N379HP	P32R
5603	N379JA	C172
5609	N379JG	SW3
560D	N379JL	MRAI
560E	N379JM	SF50
5612	N379JR	BE58
5614	N379JT	C185
5634	N379L	AP22
5635	N379LA	P28A
5638	N379LD	LGEZ
563B	N379LG	E550
5648	N379LV	BE58
564C	N379LZ	SONX
564E	N379MA	C82S
564F	N379MB	C150
5650	N379MC	H269
5652	N379ME	T206
5671	N379NL	AA5
567F	N379P	PA46
5687	N379PH	DH8B
568B	N379PM	DHC3
56A9	N379QS	E55P
56B1	N379R	C25A
56BB	N379RK	BE40
56CA	N379S	C182
56CB	N379SA	C82S
56D0	N379SF	SF50
56D2	N379SH	R44
56D6	N379SM	C25B
56D8	N379SP	C172
56DA	N379SR	SR22
56DE	N379SV	BL17
56E3	N379T	BE35
56E4	N379TA	C172
56E9	N379TF	CL30
56F8	N379TW	C414
570A	N379UP	B763
5721	N379VM	BE9L
572E	N379W	LGEZ
5730	N379WB	CC11
5747	N379X	M5
5797	N3790E	AR11
579A	N3790H	M20P
579D	N3790L	C172
57A2	N3790R	C172
57A4	N3790T	P28R
57A7	N3790W	PA32
57AA	N3790Z	PA18
57AF	N37904	J3
57B0	N37905	J3
57B2	N37907	J3
57B9	N3791D	C182
57BA	N3791E	PA36
57C0	N3791L	C172
57C2	N3791N	BE35
57C4	N3791Q	P28A
57C7	N3791T	P28R
57C8	N3791U	C182
57C9	N3791V	C140
57CA	N3791W	PA32
57CC	N3791Y	C210
57CD	N3791Z	AA5
57D4	N37916	J3
57DE	N3792F	C172
57DF	N3792G	T34P
57E0	N3792H	M20P
57E3	N3792L	C172
57E5	N3792N	BE35
57EA	N3792T	P28R
57EC	N3792V	C140
57ED	N3792W	PA32
57F5	N37924	J3
57F6	N37925	J3
57F7	N37926	J3
57FC	N3793A	H500
57FF	N3793D	GLAS
5800	N3793E	AR11
5803	N3793H	ERCO
5804	N3793J	C150
5806	N3793L	C172
5807	N3793M	PA12
580A	N3793Q	BE35
580C	N3793S	C172
580E	N3793U	C182
580F	N3793V	C140
5810	N3793W	PA32
5812	N3793Y	C210
5813	N3793Z	PA18
5814	N37930	J3
5815	N37931	J3
581A	N37936	J3
581B	N37937	J3
581C	N37938	J3
5822	N3794D	C182
5824	N3794F	C172
5826	N3794H	ERCO
5828	N3794K	P28A
5829	N3794L	C172
582C	N3794P	PA18
582E	N3794R	C172
5830	N3794T	TF19
5832	N3794V	C140
583D	N37946	J3
5843	N3795B	BE50
5847	N3795F	C172
5849	N3795H	M20P
584C	N3795L	C172
584D	N3795M	PA12
5850	N3795Q	BE95
5851	N3795R	C172
5852	N3795S	C172
5853	N3795T	P28R
5855	N3795V	C140
5856	N3795W	PA32
5859	N3795Z	PA18
585B	N37951	J3
585D	N37953	J3
585F	N37955	J3
5863	N37959	J5
5865	N3796A	PA18
5866	N3796B	C130
5867	N3796C	C402
586B	N3796G	C310
586C	N3796H	M20P
586E	N3796K	GC1
5870	N3796M	P28R
5874	N3796R	C172
5875	N3796S	C172
5876	N3796T	P28R
5878	N3796V	C140
587B	N3796Y	C210
587D	N37960	SA30
587E	N37961	J5
5881	N37964	J5
5883	N37966	SA75
5884	N37967	J3
588B	N3797D	C182
588C	N3797E	CH7A
588D	N3797F	C172
5893	N3797M	PA12
5896	N3797Q	BE35
5897	N3797R	C172
5899	N3797T	P28R
589B	N3797V	C140
589C	N3797W	PA32
589E	N3797Y	C210
589F	N3797Z	PA18
58A4	N37974	J4
58A9	N37979	CAMP
58AC	N3798B	CH7A
58AF	N3798E	CH7A
58B2	N3798H	ERCO
58B4	N3798K	P28A
58B6	N3798M	PA12
58B7	N3798N	BE35
58B9	N3798Q	BE35
58BB	N3798S	C172
58BD	N3798U	C182
58C2	N3798Z	PA18
58C5	N37982	J4
58D2	N3799E	AR11
58D3	N3799F	C172
58D4	N3799G	T34P
58D6	N3799J	C150
58D7	N3799K	P28A
58D9	N3799M	BE36
58DA	N3799N	M20P
58DB	N3799P	P210
58DC	N3799Q	BE35
58DF	N3799T	P28R
58E1	N3799V	C140
58E3	N3799X	VO10
58E5	N3799Z	PA18
58E7	N37991	J4
58EA	N37994	J4
58EC	N37996	J4
58ED	N37997	BE77
58F3	N38AB	H269
58F4	N38AC	BL8
58F5	N38AD	C56X
58F7	N38AF	PA34
58F8	N38AG	PA24
58F9	N38AH	HUSK
58FC	N38AL	C82T
58FD	N38AM	DA40
58FF	N38AP	BE9L
5901	N38AR	LGEZ
5906	N38AW	S22T
590A	N38B	CAMP
590C	N38BB	L10
590D	N38BC	FDCT
590E	N38BD	SU29
590F	N38BE	P46T
5911	N38BG	C82T
5915	N38BL	B407
5916	N38BM	M7
591A	N38BR	GLID
591D	N38BU	BU33
591F	N38BW	BE18
5922	N38BZ	B06
5923	N38C	P337
5924	N38CA	RV9
5926	N38CC	MUS2
5927	N38CD	P46T
5928	N38CE	BE58
5929	N38CF	DA40
592A	N38CG	CRJ2
592B	N38CH	HROC
592C	N38CJ	C402
592D	N38CK	C172
592E	N38CL	BE58
592F	N38CM	C340
5931	N38CP	F2TH
5934	N38CS	ACED
5935	N38CT	P28A
5937	N38CV	CJ6
5939	N38CX	D328
593D	N38DA	EA50
5940	N38DD	P28B
5942	N38DF	GLIM
5943	N38DG	RV7
5948	N38DM	EVOP
594C	N38DR	RV12
594D	N38DS	P28R
594E	N38DT	T18
5950	N38DV	BE36
5951	N38DW	EAGL
5954	N38DZ	BE58
5961	N38EM	VEZE
5963	N38EP	SR22
5965	N38ER	ASTR
596F	N38FA	B06
5971	N38FC	C185
5975	N38FG	C185
5977	N38FJ	PA44
597E	N38FR	C172
5980	N38FT	T38
5984	N38FX	E145
598A	N38GC	RV8
598C	N38GE	GA7
598D	N38GF	RV10
598E	N38GG	LNP4
598F	N38GH	P28A
5990	N38GJ	C414
5991	N38GK	RV6
5993	N38GM	R22
5998	N38GS	AVID
599B	N38GV	RV10
599C	N38GW	SR22
59A1	N38HA	SS2T
59A4	N38HD	C25B
59A6	N38HF	S76
59A8	N38HH	B06
59AB	N38HL	BE9L
59AC	N38HM	FOX
59AE	N38HP	ACAM
59B1	N38HS	CH7A
59B2	N38HT	AT3T
59B3	N38HU	HUSK
59B4	N38HV	BEAR
59B6	N38HX	AS50
59B7	N38HY	HUSK
59BA	N38JA	BE35
59BC	N38JC	RV6
59BD	N38JD	LGEZ
59BE	N38JE	GLID
59C3	N38JK	FOX
59C5	N38JM	DEFI
59C7	N38JP	P28A
59CD	N38JV	BE20
59D2	N38K	SA3
59D8	N38KF	FLSS
59D9	N38KG	GLID
59DA	N38KH	DH82
59DE	N38KM	GLIM
59E0	N38KP	SYMP
59E4	N38KT	MT
59EC	N38LA	RV10
59ED	N38LB	RV8
59EE	N38LC	J3
59F0	N38LE	HUSK
59F2	N38LG	ST75
59F4	N38LJ	RV8
59F6	N38LL	P38
59F7	N38LM	AC90
59F9	N38LP	C414
59FC	N38LS	P28A
59FD	N38LT	BL8
5A00	N38LW	PA11
5A03	N38LZ	SR22
5A04	N38M	G280
5A05	N38MA	B06
5A06	N38MB	BL8
5A07	N38MC	PA31
5A08	N38MD	AS65
5A09	N38ME	RV6
5A0B	N38MG	LJ31
5A0C	N38MH	HUSK
5A10	N38MM	BE50
5A14	N38MR	C560
5A16	N38MT	LNC2
5A18	N38MV	C25C
5A1B	N38MY	C25C
5A1D	N38N	BE60
5A1E	N38NA	C550
5A1F	N38NB	P28A
5A20	N38NC	FOX
5A22	N38NE	RV8
5A24	N38NG	GLF5
5A2D	N38NR	B06
5A2F	N38NT	BE58
5A37	N38PA	C172
5A3A	N38PD	C172
5A3C	N38PF	T210
5A3D	N38PG	RV6
5A3F	N38PJ	P38
5A40	N38PK	BT36
5A42	N38PM	SA30
5A44	N38PP	ACAM
5A46	N38PR	PA38
5A47	N38PS	LJ35
5A4B	N38PW	RV7
5A4F	N38Q	B06
5A50	N38QA	C25A
5A68	N38R	BE95
5A6A	N38RB	CC11
5A6C	N38RD	BE35
5A6D	N38RE	PA31
5A6E	N38RF	C210
5A6F	N38RG	RV7
5A70	N38RH	ACRO
5A71	N38RJ	R44
5A72	N38RK	M20P
5A73	N35RL	C525
5A78	N38RR	BE36
5A79	N38RS	R66
5A7A	N38RT	PA18
5A7C	N38RV	RV4
5A7E	N38RX	EC35
5A80	N38RZ	C182
5A81	N38S	LNC2
5A82	N38SA	C500
5A87	N38SF	FURY
5A8D	N38SM	CH7A
5A8F	N38SP	EVOP
5A91	N38SR	GLAS
5A92	N38SS	BE36
5A94	N38SU	C152
5A95	N38SV	LJ60
5A96	N38SW	PIVI
5A97	N38SX	SX30
5A9B	N38TA	SW3
5A9C	N38TB	TB20
5A9D	N38TC	PA31
5A9E	N38TD	C150
5AA1	N38TG	CH7A
5AA2	N38TH	B06
5AA3	N38TJ	EVOP
5AA5	N38TL	BE58
5AA6	N38TM	TMUS
5AAC	N38TT	C550
5AAD	N38TU	H46
5AAE	N38TV	F900
5AAF	N38TW	PA31
5AB0	N38TX	P28R
5AB2	N38TZ	T38
5AB3	N38U	GLIM
5AC4	N38US	C82T
5ACC	N38V	U21
5ACD	N38VA	B105
5ACE	N38VB	R44
5ACF	N38VC	E55P
5AD3	N38VG	B427
5AD7	N38VL	VELO
5AD8	N38VM	CH75
5ADD	N38VS	BE20
5AE5	N38W	BE18
5AE6	N38WA	AC90
5AE7	N38WB	BE36
5AE9	N38WD	RV6
5AEA	N38WE	BE9T
5AEC	N38WG	BE55
5AED	N38WH	BL8
5AEE	N38WJ	P28R
5AEF	N38WK	CH7B
5AF1	N38WM	P28A
5AF3	N38WP	SR22
5AF5	N38WR	C82S
5AF7	N38WT	C150
5AFA	N38WW	VJ22
5AFC	N38WY	HUSK
5AFE	N38X	AA5
5B10	N38XT	E300
5B14	N38XX	XNOS
5B2D	N38YX	WAIX
5B30	N38Z	WAIX
5B33	N38ZC	RV8
5B42	N38ZT	M7
5B4A	N380A	MITE
5B4D	N380AC	A320
5B54	N380AK	C550
5B65	N630BB	H60
5B69	N380BF	PTS2
5B6C	N380BJ	B737
5B78	N380BW	S22T
5B7D	N380CA	P32R
5B7F	N380CC	PA18
5B80	N380CD	SR22
5B82	N380CF	C560
5B85	N380CJ	FA20
5B8A	N380CP	SR22
5B8D	N380CS	C240
5B8E	N380CT	FDCT
5B90	N380CV	C82T
5B96	N380DA	B738
5BA1	N380DM	RV10
5BA2	N380DN	A321
5BA6	N380DS	DA40
5BB3	N380EE	GA7C
5BBF	N380ES	C82S
5BCC	N380FE	CH65
5BD7	N380FR	A20N
5BDD	N380FX	E55P
5BE0	N380G	T18
5BE6	N380GF	DV20
5BEB	N380GL	A320
5BFA	N380HA	A332
5C17	N380JE	C25C
5C20	N380JP	BE20
5C2B	N380K	BL8
5C39	N380KP	PA11
5C45	N380LA	C172
5C47	N380LC	RV10
5C48	N380LD	S22T
5C5E	N380MA	C82S
5C60	N380MC	H269
5C62	N380ME	C172
5C63	N380MF	SYMP
5C69	N380MM	M20P
5C90	N380PA	DA40
5C92	N380PC	BE36
5C93	N380PD	B06
5C99	N380PK	C56X
5C9A	N380PL	UH1
5CB9	N380QS	C680
5CC2	N380RA	CH7B
5CC3	N380RB	RV3
5CDA	N380S	GLIM
5CDB	N380SA	PRM1
5CDD	N380SC	CRUZ
5CDF	N380SE	GLF6
5CE6	N380SM	RV8
5CEA	N380SR	SR22
5CEB	N380SS	DIMO
5CEC	N380ST	SRAI
5CED	N380SU	SR20
5CF3	N380T	VEZE
5CF4	N380TA	C208
5CF5	N380TB	SREY
5CFF	N380TM	PC12
5D0C	N380U	PA44
5D11	N380UE	SR22
5D1A	N380UP	B763
5D45	N380WG	RV9
5D4F	N380WS	B738
5D57	N380X	C77R
5DA3	N3800A	GLID
5DA6	N3800D	C182
5DA7	N3800E	AR11
5DA8	N3800F	G2T1
5DAA	N3800H	ERCO
5DAF	N3800N	KR2
5DB0	N3800P	SR22
5DB3	N3800S	C172
5DB5	N3800U	C336
5DB7	N3800W	PA32
5DBB	N38000	BE23
5DBC	N38001	BE23
5DBE	N38003	J3
5DC4	N38009	C172
5DC6	N3801A	GLID
5DC7	N3801B	BE33
5DC8	N3801C	BT36
5DC9	N3801D	C182
5DCA	N3801E	PA36
5DCC	N3801G	T206
5DCE	N3801J	C150
5DCF	N3801K	GC1
5DD0	N3801L	C172
5DD3	N3801P	PA22
5DD5	N3801R	BE77
5DD7	N3801T	P28R
5DDE	N38010	O1
5DE2	N38014	C172
5DE9	N3802A	GLID
5DEB	N3802C	H60
5DEC	N3802D	C182
5DF1	N3802J	BE36
5DF2	N3802K	GC1
5DF3	N3802L	C172
5DF4	N3802M	PA12
5DF5	N3802N	BT36
5DF6	N3802P	BE36
5DF8	N3802R	P28A
5DFC	N3802V	C170
5DFE	N3802X	BE33
5E00	N3802Z	PA18
5E01	N38020	BE58
5E05	N38024	BE77
5E06	N38025	BE77
5E07	N38026	BE77
5E09	N38028	J5
5E0D	N3803B	BE24
5E10	N3803E	BE76
5E11	N3803F	G2T1
5E13	N3803H	M20P
5E16	N3803L	C172
5E17	N3803M	BE35
5E1A	N3803Q	C172
5E1C	N3803S	C172
5E20	N3803W	PA32
5E23	N3803Z	PA18
5E24	N38030	J5
5E26	N38032	O1
5E29	N38035	J3
5E2C	N38038	D7
5E2F	N3804A	BE58
5E32	N3804D	C182
5E36	N3804H	ERCO
5E37	N3804J	C150
5E38	N3804K	P28A
5E39	N3804L	C172
5E3A	N3804M	BE58
5E3C	N3804P	PA22
5E3D	N3804Q	C172
5E3E	N3804R	C172
5E3F	N3804S	C172
5E40	N3804T	P28R
5E42	N3804V	C170
5E45	N3804Y	C210
5E46	N3804Z	PA18
5E47	N38040	BT36
5E48	N38041	J5
5E4C	N38045	J5
5E4F	N38048	J5
5E50	N38049	BT36
5E55	N3805D	C182
5E56	N3805E	BE9L
5E57	N3805F	G2T1
5E59	N3805H	ERCO
5E5A	N3805J	C150
5E5B	N3805K	GC1
5E5C	N3805L	C172
5E5E	N3805N	M20P
5E5F	N3805P	PA22
5E62	N3805S	C172
5E63	N3805T	P28R
5E68	N3805Y	C210
5E69	N3805Z	STRI
5E6E	N38054	BE77
5E6F	N38055	J5
5E72	N38058	BE23
5E75	N3806A	GLID
5E76	N3806B	BE35
5E79	N3806E	AR11
5E7A	N3806F	G2T1
5E7F	N3806L	BE36
5E80	N3806M	PA12
5E82	N3806P	PA22
5E84	N3806R	C172
5E86	N3806T	P28R
5E88	N3806V	C172
5E89	N3806W	P32R
5E8A	N3806X	BE58
5E8B	N3806Y	C210
5E8C	N3806Z	PA18
5E8F	N38062	BE77
5E92	N38065	BE35
5E9C	N3807E	BE36
5E9D	N3807F	G2T1
5E9F	N3807H	ERCO
5EA3	N3807M	PA12
5EA4	N3807N	BE35
5EA5	N3807P	PA22
5EA9	N3807T	BE58
5EAD	N3807X	BT36
5EB0	N38070	J5
5EB1	N38071	BE33
5EB8	N38078	J3
5EB9	N38079	J3
5EBC	N3808B	BE35
5EBE	N3808D	C182
5EC0	N3808F	G2T1
5EC4	N3808K	GC1
5EC5	N3808L	C172
5EC6	N3808M	P28A
5ECF	N3808W	PA32
5ED3	N38080	J4
5ED4	N38081	BE36
5EDB	N38088	BE95
5EDC	N38089	BE58
5EDF	N3809B	BE35
5EE0	N3809C	BE9T
5EE1	N3809D	C182
5EE7	N3809K	BE58
5EE8	N3809L	C172
5EE9	N3809M	PA12
5EED	N3809R	C172
5EEE	N3809S	C172
5EEF	N3809T	P28R
5EF0	N3809U	BE77
5EF1	N3809V	C150
5EF2	N3809W	PA32
5EF3	N3809X	C310
5EF4	N3809Y	BE77
5EF5	N3809Z	BE77
5EF6	N38090	J4
5EF7	N38091	J3
5EF8	N38092	B47G
5EF9	N38093	J3
5EFC	N38096	B47G
5EFD	N38097	J3
5EFE	N38098	J3
5F00	N381	RALL
5F03	N381AB	PA32
5F04	N381AC	BE36
5F0B	N381AK	AS50
5F0D	N381AM	CH60
5F13	235	S22T
5F15	N381AV	PA38
5F23	N381BJ	C501
5F2B	N381BS	SR22
5F33	N381C	S108
5F34	N381CA	CH7B
5F35	N381CB	P32R
5F36	N381CC	PA18
5F37	N381CD	SR22
5F3F	N381CM	B738
5F41	N381CP	C172
5F45	N381CT	FDCT
5F48	N381CW	C650
5F4C	N381D	P28A
5F4F	N381DC	RV6
5F52	N381DF	C172
5F58	N381DM	BL8
5F59	N381DN	B738
5F5D	N381DS	T210
5F64	N381DZ	A321
5F6E	N381EJ	SF50
5F76	N381ES	C72R
5F7E	N381F	DV20
5F81	N381FC	P28A
5F82	N381FD	FDCT
5F83	N381FE	DC10
5F85	N381FG	BT36
5F89	N381FL	CVLP
5F8E	N381FR	A20N
5F94	N381FX	E55P
5F97	N381G	P28A
5FA2	N381GL	A320
5FB0	N381H	C180
5FB1	N381HA	A332
5FB3	N381HC	BE20
5FBE	N381HP	P32R
5FC9	N381J	C172
5FE2	N381K	GLIM
5FEA	N381KH	M20P
5FFB	N381L	M20P
6004	N381LJ	P28A
6015	N381MA	CH7B
6016	N381MB	C172
6018	N381MD	A139
601B	N381MG	C172
6023	N381MQ	SH36
6046	N381P	EFOX
6048	N381PB	UH1
6049	N381PC	J3
604E	N381PH	EC35
6070	N381QS	C680
6078	N381R	BE20
607A	N381RB	UH1
607C	N381RD	B212
608C	N381RV	RV12
6091	N381S	BE55
6099	N381SH	H60
609C	N381SL	PC12
609F	N381SP	M20P
60A6	N381SW	SR22
60AB	N381TA	C208
60AC	N381TB	UH1
60AD	N381TC	B58T
60BB	N381TS	LNP4
60BC	N381TT	GLST
60C0	N381TX	BT7
60D1	N3818P	B763
60EA	N381VP	C550
60FC	N381WG	RV8
610E	N381X	M5
612A	N381YC	B06
6140	N381Z	AS50
615B	N3810B	BE35
615C	N3810C	BE58
615D	N3810D	C182
615F	N3810F	G2T1
6163	N3810K	GC1
6165	N3810M	P28A
616A	N3810S	C172
6170	N3810Y	C210
6171	N3810Z	BE36
6173	N38101	J3
6175	N38103	S108
6176	N38104	J3
6179	N38107	J3
617A	N38108	J3
617B	N38109	J3
617F	N3811C	H60
6180	N3811D	C182
6181	N3811E	AR11
6185	N3811J	C150
6186	N3811K	P28A
6188	N3811M	P28R
618A	N3811P	P210
618D	N3811S	C172
618E	N3811T	P28R
6190	N3811V	C150
6191	N3811W	PA32
6192	N3811X	BE95
6194	N3811Z	BE23
6195	N38110	B47G
619F	N3812	PTS2
61A0	N3812A	GLID
61A1	N3812B	BE35
61A2	N3812C	BE76
61A9	N3812K	GC1
61AA	N3812L	C172
61AE	N3812Q	BE77
61B1	N3812T	P28R
61B2	N3812U	BE77
61B4	N3812W	PA32
61B5	N3812X	C310
61B7	N3812Z	BE77
61B8	N38120	P28A
61BB	N38123	P28R
61BE	N38126	J3
61BF	N38127	P32R
61C0	N38128	P32R
61C2	N3813	C402
61C3	N3813A	GLID
61C7	N3813E	AR11
61C8	N3813F	G2T1
61C9	N3813G	C310
61CA	N3813H	M20P
61CB	N3813J	C150
61CD	N3813L	C172
61D1	N3813Q	BT36
61D3	N3813S	C172
61D4	N3813T	P28R
61D6	N3813V	C170
61D7	N3813W	PA32
61D9	N3813Y	C210
61DB	N38130	J5
61DC	N38131	J5
61DD	N38132	J5
61DE	N38133	P32R
61E4	N38139	J5
61E6	N3814A	GLID
61E7	N3814B	UH1
61E9	N3814D	C182
61EA	N3814E	AR11
61EB	N3814F	G2T1
61F2	N3814N	BE35
61F3	N3814P	PA22
61F5	N3814R	P28A
61F6	N3814S	C172
61FA	N3814W	PA32
61FC	N3814Y	C210
6204	N38146	P28A
6205	N38147	P28A
6209	N3815A	GLID
620C	N3815D	C182
620D	N3815E	PA30
620E	N3815F	G2T1
6212	N3815K	BE33
6213	N3815L	C172
6215	N3815N	BE35
6216	N3815P	BE36
6219	N3815S	C172
621C	N3815V	C170
621D	N3815W	PA32
621F	N3815Y	C210
6223	N38152	AR65
6224	N38153	J4
6226	N38155	RV6
6227	N38156	WACF
6229	N38158	J3
622A	N38159	J3
6230	N3816E	CH7A
6231	N3816F	G2T1
6234	N3816J	C150
6237	N3816M	PA12
6238	N3816N	BE35
6239	N3816P	PA22
623A	N3816Q	C172
623C	N3816S	BE36
623D	N3816T	P28R
623F	N3816V	C170
6242	N3816Y	BE23
6243	N3816Z	PA18
6244	N38160	J3
624A	N38166	BE95
624C	N38168	BE36
624F	N3817A	GLID
6250	N3817B	UH1
6252	N3817D	C182
6253	N3817E	AR11
6254	N3817F	G2T1
625C	N3817P	PA22
625D	N3817Q	C172
625F	N3817S	C172
6262	N3817V	C172
6264	N3817X	C310
6266	N3817Z	PA18
6267	N38170	J3
626A	N38173	PA34
626C	N38175	BE33
626E	N38177	P28A
626F	N38178	P28A
6271	N3818	CAMP
6274	N3818C	BE9L
6276	N3818E	AR11
627A	N3818J	C150
627E	N3818N	BE35
6280	N3818Q	C172
6281	N3818R	C172
6283	N3818T	P28R
6286	N3818W	PA32
6287	N3818X	C310
6289	N3818Z	BE77
628A	N38180	C82R
628E	N38184	J5
628F	N38185	J4
6291	N38187	J4
6296	N3819B	BE35
629A	N3819F	G2T1
629C	N3819H	ERCO
629F	N3819L	C172
62A1	N3819N	UH1
62A2	N3819P	PA22
62A3	N3819Q	C172
62A4	N3819R	C172
62A5	N3819S	C172
62A6	N3819T	P28R
62AA	N3819X	C310
62AB	N3819Y	C210
62AC	N3819Z	BE24
62AD	N38190	P28A
62AE	N38191	BE23
62B0	N38193	P28A
62B1	N38194	P28A
62B2	N38195	P28A
62B3	N38196	J4
62B4	N38197	P28A
62B5	N38198	BE95
62B8	N382A	MITE
62BA	N382AB	UH1
62BE	N382AF	C82T
62C2	N382AK	AS50
62C4	N382AM	EC30
62C9	N382AS	R22
62CA	N382AT	BE20
62D2	N382BA	LJ45
62DD	N382BM	AS50
62E6	N382BW	C421
62EB	N382CA	B06
62EC	N382CB	BL17
62ED	N382CC	PA18
62EE	N382CD	SR22
62F0	N382CF	PA38
62F1	N382CG	C130
62F8	N382CP	SR20
62FA	N382CR	C303
62FB	N382CS	C240
62FC	N382CT	FDCT
62FE	N382CV	C82T
6303	N382D	P28A
6304	N382DA	B738
6305	N382DB	UH1
6306	N382DC	DV20
6308	N382DE	SR22
6309	N382DF	C172
630C	N382DJ	SR22
630F	N382DM	P46T
6310	N382DN	A321
631D	N382EA	EA50
6322	N382EF	UH1
633B	N382FF	UH1
6345	N382FR	A20N
6346	N382FS	PA32
634A	N382FW	P149
634B	N382FX	E55P
634E	N382G	SREY
6351	N382GC	C182
6359	N382GL	A320
6368	N382HA	A332
636D	N382HF	CRUZ
6375	N382HP	P32T
638C	N382JM	P32R
638D	N382JN	C172
6391	N382JS	C82T
639B	N382KB	RV12
639D	N382KD	DA40
63AC	N382KU	F900
63CB	N382M	RV14
63CC	N382MA	CH7B
63CD	N382MB	PA31
63CE	N382MC	C421
63CF	N382MD	A139
63D2	N382MG	T206
63DA	N382MQ	SH36
63E4	N382N	AA5
63E5	N382NA	PA11
63FA	N382NX	PC12
63FD	N382P	AS50
6405	N382PH	EC35
640F	N382PT	PA38
6427	N382QS	C680
6431	N382RB	ERAC
6448	N382S	BE95
6451	N382SJ	PTS1
6456	N382SP	B06
6458	N382SR	SR22
6462	N382TA	C208
6463	N382TB	RV7
6472	N382TS	CC11
6473	N382TT	T34P
6477	N382TX	BT7
6479	N382TZ	RV6
6488	N382UP	B763
648B	N382US	HUSK
6493	N382V	RV8
64B8	N382WM	LNC2
64C5	N382X	M5
6515	N3820E	PA36
651B	N3820L	BE58
651C	N3820M	BE95
6520	N3820R	P28A
6521	N3820S	C172
6522	N3820T	P28R
6526	N3820X	C310
6529	N38200	P28R
652A	N38201	P28R
652C	N38203	P28R
652D	N38204	P28B
652E	N38205	P32R
652F	N38206	P32R
6531	N38208	P32R
6534	N3821A	GLID
6539	N3821F	G2T1
653A	N3821G	T206
653C	N3821J	BE36
653D	N3821K	P28A
653E	N3821L	C172
6541	N3821P	PA22
6545	N3821T	P28R
654D	N38211	P28A
654F	N38213	P28A
6550	N38214	P28A
6557	N3822A	GLID
655A	N3822D	C182
655C	N3822F	G2T1
6560	N3822K	BT36
6563	N3822N	BE35
6565	N3822Q	C172
6568	N3822T	P28R
6569	N3822U	BE35
6571	N38222	J3
6572	N38223	J3
6576	N38227	P51
657A	N3823A	BT36
657D	N3823D	C182
657E	N3823E	CH7A
657F	N3823F	G2T1
6589	N3823R	C172
658A	N3823S	C172
658C	N3823U	C336
658D	N3823V	C170
658E	N3823W	PA32
658F	N3823X	C310
6591	N3823Z	PA18
659A	N38238	J5
659B	N38239	J5
659D	N3824A	GLID
659E	N3824B	BE35
65A0	N3824D	C182
65A1	N3824E	CH7A
65A3	N3824G	TBM7
65A5	N3824J	C150
65A7	N3824L	C172
65A8	N3824M	PA12
65AC	N3824R	BE24
65AD	N3824S	C172
65AE	N3824T	P28R
65B1	N3824W	PA32
65B2	N3824X	BE33
65B3	N3824Y	C210
65B4	N3824Z	BE24
65B9	N38244	J5
65BD	N38248	P28A
65C0	N3825A	GLID
65C3	N3825D	C182
65C7	N3825H	ERCO
65CB	N3825M	BE36
65CC	N3825N	BE35
65CE	N3825Q	C172
65CF	N3825R	C172
65D1	N3825T	P28R
65D4	N3825W	PA32
65D5	N3825X	BE58
65D6	N3825Y	C210
65D8	N38250	P28A
65D9	N38251	J5
65DC	N38254	P28A
65DE	N38256	P28R
65DF	N38257	B738
65E0	N38258	J3
65E1	N38259	J3
65E2	N3826	FB1A
65E4	N3826B	BE35
65EE	N3826M	PA12
65EF	N3826N	BE35
65F0	N3826P	PA22
65F3	N3826S	C172
65F7	N3826W	PA32
65F8	N3826X	C310
65FA	N3826Z	PA18
65FD	N38262	J3
6600	N38265	P28A
6601	N38266	J3
6602	N38267	P28A
6603	N38268	B738
6606	N3827A	GLID
6609	N3827D	C182
660E	N3827J	C150
6611	N3827M	P28A
6614	N3827Q	BE33
6615	N3827R	C172
6617	N3827T	P28R
6619	N3827V	C170
661A	N3827W	PA32
661C	N3827Y	C210
661E	N38270	J3
6620	N38272	J3
6621	N38273	P28R
6623	N38275	P28R
6624	N38276	PA32
6627	N38279	J3
662C	N3828D	C182
662F	N3828G	C310
6630	N3828H	ERCO
6635	N3828N	BE36
6636	N3828P	PA22
6637	N3828Q	C172
6639	N3828S	C172
663C	N3828V	C170
663E	N3828X	BE95
663F	N3828Y	C210
6640	N3828Z	PA18
6641	N38280	BE9L
6643	N38282	BE36
6649	N38288	P28A
664B	N3829	UH12
664D	N3829B	BE35
6656	N3829L	C172
6658	N3829N	BE35
6659	N3829P	P210
665A	N3829Q	C172
665B	N3829R	C172
665C	N3829S	C172
665D	N3829T	P28R
6661	N3829X	BE23
6665	N38291	P28A
6667	N38293	P28A
666E	N383	BE76
6670	N383AA	BE9L
6672	N383AC	CH7A
6679	N383AK	AS50
667B	N383AM	B407
667D	N383AP	S22T
6680	N383AS	BE9L
6681	N383AT	BE20
6688	N383B	SR22
6689	N383BA	GLID
6690	N383BH	C172
6699	N383BS	AP22
66A1	N383C	P32R
66A2	N383CA	DV20
66A4	N383CC	PA18
66AA	N383CJ	C25B
66AF	N383CP	SR22
66B2	N383CS	C240
66BB	N383DA	P28R
66BC	N383DB	RV7
66BD	N383DC	C172
66BF	N383DE	SR20
66C3	N383DJ	GLF4
66C7	N383DN	B738
66D2	N383DZ	A321
66D3	N383E	PA18
66D6	N383EC	CN35
66D7	N383ED	EC20
66E4	N383ES	BRB2
66EC	N383F	H500
66F1	N383FE	DC10
66F5	N383FJ	P51
66FC	N383FR	A20N
6702	N383FX	E55P
6705	N383G	P28A
6710	N383GL	A320
671D	N383GZ	GAZL
671F	N383HA	A332
6721	N383HC	AC90
6738	N383JA	CHR4
6743	N383JM	SR22
6745	N383JP	BE20
6749	N383JT	SR20
6750	N383K	RV10
6754	N383KD	C82T
675A	N383KK	GLF4
676A	N383LA	CL30
676C	N383LC	J3
6775	N383LM	FDCT
6783	N383MA	EN28
6785	N383MC	FA50
6786	N383MD	A139
6787	N383ME	C172
6789	N383MG	T206
6791	N383MQ	SH36
6796	N383MV	H25B
67B4	N383P	BE36
67B8	N383PD	UH1
67BB	N383PG	SONX
67BC	N383PH	EC35
67C5	N383PS	DA40
67DE	N383QS	E55P
67E7	N383RA	PA11
67F1	N383RL	B190
67FA	N383RV	RV7
6800	N383SA	PA46
6802	N383SC	GLAS
6805	N383SF	ASTR
6807	N383SH	B06
680D	N383SP	C172
6810	N383SS	C441
6811	N383ST	B407
6819	N383TA	C208
681B	N383TC	C172
6822	N383TK	H25B
6828	N383TR	B733
682A	N383TT	BE36
682E	N383TX	MU2
682F	N383TY	R44
683F	N383UP	B763
6842	N383US	HUSK
6864	N383WA	PA46
686F	N383WM	RV14
6875	N383WT	S22T
687C	N383X	M5
68AE	N383Z	RV7
68C8	N3830A	GLID
68CA	N3830C	PA18
68CB	N3830D	C182
68CE	N3830G	T206
68CF	N3830H	M20P
68D5	N3830P	PA22
68D6	N3830Q	C172
68D7	N3830R	C172
68D8	N3830S	C172
68D9	N3830T	P28R
68DC	N3830W	PA32
68DE	N3830Y	C210
68E0	N38300	P28A
68E5	N38305	P32R
68E8	N38308	J3
68EA	N3831	AS50
68EC	N3831B	F86
68F1	N3831G	T206
68F2	N3831H	ERCO
68F4	N3831K	P28A
68F6	N3831M	P28R
68F7	N3831N	BE35
68F8	N3831P	PA22
68F9	N3831Q	P28B
6902	N3831Z	PA18
6904	N38311	P28A
6906	N38313	P28A
6908	N38315	P28A
6909	N38316	P28A
690B	N38318	J3
690C	N38319	P28A
6911	N3832D	C182
6915	N3832H	M20P
6917	N3832K	P68
6918	N3832L	C172
691D	N3832R	C172
691F	N3832T	P28R
6924	N3832Y	C210
6925	N3832Z	PA18
6926	N38320	J3
6927	N38321	P28A
6928	N38322	J3
692A	N38324	P28A
692C	N38326	J3
6934	N3833D	C182
6935	N3833E	PA36
693C	N3833M	PA12
693F	N3833Q	C172
6941	N3833S	C172
6942	N3833T	M20T
6944	N3833V	C170
6945	N3833W	PA32
6948	N3833Z	PA18
694A	N38331	PA32
694C	N38333	J3
694D	N38334	P32R
694E	N38335	J3
6950	N38337	J3
6951	N38338	P32R
6952	N38339	PA34
6954	N3834A	GLID
6957	N3834D	C182
6958	N3834E	AR11
695B	N3834H	ERCO
695C	N3834J	C150
695D	N3834K	GC1
695E	N3834L	C172
695F	N3834M	PA12
696B	N3834Z	PA34
6971	N38345	J3
6972	N38346	J3
6973	N38347	J3
6974	N38348	J3
6979	N3835C	C310
697A	N3835D	C150
697B	N3835E	AR11
697E	N3835H	ERCO
697F	N3835J	C150
6982	N3835M	PA12
6983	N3835N	BE35
6987	N3835S	C172
6988	N3835T	P28R
6989	N3835U	C336
698A	N3835V	C170
698D	N3835Y	C210
6995	N38356	P28A
6996	N38357	P28A
6999	N3836	C140
699B	N3836B	BE35
699C	N3836C	AC50
69A3	N3836K	P28A
69A9	N3836R	C172
69AA	N3836S	C172
69AE	N3836W	PA32
69B0	N3836Y	C210
69B1	N3836Z	PA18
69B4	N38362	J3
69B7	N38365	J3
69BA	N38368	P32R
69BB	N38369	J3
69BD	N3837A	GLID
69C0	N3837D	C182
69C1	N3837E	PA36
69C6	N3837K	ST75
69C7	N3837L	C172
69C8	N3837M	GLIM
69CB	N3837Q	C172
69CE	N3837T	P28R
69D2	N3837X	O1
69D3	N3837Y	C210
69D4	N3837Z	PA18
69D7	N38372	J3
69D8	N38373	P28A
69DA	N38375	J3
69E0	N3838A	GLID
69E1	N3838B	BE35
69E4	N3838E	PA36
69E6	N3838G	T206
69E7	N3838H	ERCO
69E9	N3838K	ST75
69EA	N3838L	C172
69EB	N3838M	PA12
69ED	N3838P	PA22
69EF	N3838R	C172
69F1	N3838T	P28R
69F5	N3838X	C310
69F7	N3838Z	PA18
69F8	N38380	J3
69FA	N38382	P28R
69FC	N38384	BE77
69FD	N38385	P28R
6A00	N38388	P32R
6A03	N3839A	GLID
6A07	N3839E	PA36
6A0B	N3839J	BE24
6A0C	N3839K	ST75
6A0D	N3839L	BE76
6A10	N3839P	PA22
6A12	N3839R	BT36
6A13	N3839S	BT36
6A15	N3839U	C336
6A17	N3839W	PA32
6A18	N3839X	C310
6A1A	N3839Z	PA18
6A1F	N38394	P28A
6A20	N38395	J5
6A22	N38397	BE77
6A24	N38399	J5
6A26	N384A	MITE
6A28	N384AB	H25B
6A2A	N384AD	COL4
6A2F	N384AJ	C560
6A30	N384AK	AS50
6A32	N384AM	C421
6A38	N384AT	BE20
6A3F	N384B	BE95
6A40	N384BA	L13S
6A42	N384BC	BE58
6A4D	N384BP	EPIC
6A58	N384C	SR22
6A59	N384CA	DA40
6A5B	N384CC	PA18
6A5E	N384CF	LJ35
6A64	N384CM	B763
6A66	N384CP	SR20
6A71	N384D	P28A
6A72	N384DA	B738
6A74	N384DC	DV20
6A76	N384DE	SR22
6A78	N384DG	RV8
6A7A	N384DJ	E35L
6A7D	N384DM	DA40
6A7E	N384DN	A321
6A82	N384DS	DA40
6A96	N384EM	C650
6AA3	N384F	FOX
6AB3	N384FR	A20N
6AB9	N384FX	E55P
6ABC	N384G	P28A
6AC7	N384GL	A320
6AD6	N384HA	A332
6AD7	N384HB	CRUZ
6AE3	N384HP	P32T
6AE5	N384HR	R44
6AE6	N384HS	P28A
6AF8	N384JK	GALX
6B03	N384JW	LJ60
6B34	N384LV	AA5
6B39	N384M	B06
6B3A	N384MA	GA7
6B3C	N384MC	C172
6B3D	N384MD	A139
6B3E	N384ME	C172
6B44	N384ML	B407
6B56	N384ND	P28R
6B63	N384NS	GLAS
6B6B	N384P	AS50
6B6D	N384PB	FA20
6B6E	N384PC	PC12
6B73	N384PH	EC35
6B84	N384Q	BE55
6B9E	N384RA	SU26
6BA0	N384RC	PA18
6BB1	N384RV	RV14
6BB7	N384SA	SKAR
6BB9	N384SC	CRUZ
6BBA	N384SD	UH1
6BBE	N384SH	C56X
6BC6	N384SR	SR22
6BD0	N384TA	C208
6BD2	N384TC	EA50
6BDA	N384TL	NAVI
6BF6	N384UP	B763
6C0F	N384VP	P68
6C1A	N384W	S22T
6C28	N384WP	RV10
6C2B	N384WS	S22T
6C33	N384X	M5
6C80	N3840B	BE35
6C82	N3840D	C182
6C86	N3840H	M20P
6C88	N3840K	ST75
6C89	N3840L	C172
6C8A	N3840M	PA12
6C8B	N3840N	M20P
6C8C	N3840P	PA22
6C91	N3840U	BE36
6C95	N3840Y	BT36
6C99	N38402	J5
6C9A	N38403	B739
6C9C	N38405	J5
6CA0	N38409	P28A
6CA1	N3841	GLID
6CA8	N3841G	T206
6CAC	N3841L	C172
6CB3	N3841T	BE23
6CB6	N3841W	PA32
6CB7	N3841X	C310
6CB9	N3841Z	PA18
6CBC	N38412	P28A
6CBF	N38415	J5
6CC1	N38417	B739
6CC2	N38418	J5
6CC4	N3842	EC35
6CC5	N3842A	GLID
6CC8	N3842D	EN28
6CCC	N3842H	F86
6CCE	N3842K	GC1
6CCF	N3842L	C172
6CD0	N3842M	PA12
6CD2	N3842P	PA22
6CD3	N3842Q	C172
6CD5	N3842S	C172
6CD7	N3842U	BE36
6CD8	N3842V	C172
6CD9	N3842W	PA32
6CDB	N3842Y	BT36
6CDC	N3842Z	PA18
6CDD	N38420	J5
6CDE	N38421	P28A
6CDF	N38422	J5
6CE1	N38424	B739
6CE2	N38425	J5
6CE3	N38426	DAKH
6CE9	N3843B	BE35
6CEB	N3843D	C182
6CEC	N3843E	AR11
6CEE	N3843G	T206
6CF3	N3843M	PA12
6CF4	N3843N	BE35
6CF7	N3843R	C172
6CF8	N3843S	B58T
6CFB	N3843V	C170
6CFC	N3843W	PA32
6D00	N38430	P32R
6D03	N38433	P28A
6D04	N38434	P28A
6D06	N38436	J3
6D07	N38437	J3
6D08	N38438	J3
6D09	N38439	J3
6D0A	N3844	CAMP
6D0D	N3844C	C310
6D0F	N3844E	F86
6D11	N3844G	BE36
6D12	N3844H	M20P
6D14	N3844K	P28A
6D16	N3844M	P32R
6D17	N3844N	M20P
6D19	N3844Q	C172
6D1D	N3844U	C336
6D20	N3844X	AR11
6D21	N3844Y	C210
6D23	N38440	P28R
6D26	N38443	B739
6D27	N38444	P28R
6D29	N38446	B739
6D2B	N38448	P32R
6D2C	N38449	J3
6D31	N3845D	C182
6D38	N3845L	BE95
6D3C	N3845Q	C172
6D3F	N3845T	P28R
6D40	N3845U	C336
6D43	N3845X	C310
6D44	N3845Y	C210
6D45	N3845Z	PA18
6D46	N38450	J3
6D47	N38451	B739
6D48	N38452	J3
6D49	N38453	F86
6D4A	N38454	B739
6D4B	N38455	PA34
6D4C	N38456	J3
6D4D	N38457	P28R
6D4E	N38458	B739
6D4F	N38459	B739
6D50	N3846	P28R
6D53	N3846C	AC50
6D54	N3846D	C182
6D58	N3846H	M20P
6D5B	N3846L	C172
6D5C	N3846M	PA12
6D60	N3846R	C172
6D63	N3846U	BE77
6D6B	N38462	BE77
6D6D	N38464	J3
6D70	N38467	B739
6D71	N38468	P28R
6D72	N38469	P28B
6D75	N3847B	BE35
6D77	N3847D	C182
6D7C	N3847J	C150
6D7D	N3847K	GC1
6D7F	N3847M	PA12
6D81	N3847P	PA22
6D85	N3847T	P28R
6D8A	N3847Y	C210
6D8C	N38470	J3
6D8F	N38473	B739
6D91	N38475	J3
6D92	N38476	P32R
6D93	N38477	P28A
6D94	N38478	P28A
6D95	N38479	B739
6D97	N3848A	GLID
6D98	N3848B	BE35
6D9B	N3848E	AR11
6DA1	N3848L	C172
6DA2	N3848M	PA12
6DA3	N3848N	BE36
6DA5	N3848Q	C172
6DA8	N3848T	P28R
6DAD	N3848Y	BE58
6DAE	N3848Z	PA18
6DAF	N38480	P28A
6DB2	N38483	P28A
6DB3	N38484	J3
6DB4	N38485	P28R
6DB5	N38486	P28R
6DBA	N3849A	DFLY
6DBD	N3849D	C182
6DC1	N3849H	ERCO
6DC2	N3849J	C150
6DC8	N3849Q	C172
6DC9	N3849R	C172
6DCC	N3849U	C336
6DCD	N3849V	C170
6DCF	N3849X	BE36
6DD1	N3849Z	PA18
6DD3	N38491	J3
6DD4	N38492	P28A
6DD5	N38493	J3
6DD6	N38494	P28A
6DD7	N38495	P28R
6DDA	N38498	J5
6DDD	N385A	M20P
6DE0	N385AC	CL2T
6DE7	N385AK	AS50
6DED	N385AR	EXEC
6DEE	N385AS	LEG2
6DF6	N385B	BE50
6DF9	N385BC	BL8
6DFC	N385BF	PTS2
6E0F	N385C	SR22
6E10	N385CA	C402
6E16	N385CG	AC80
6E17	N385CH	C172
6E1D	N385CP	SR20
6E20	N385CS	T206
6E21	N385CT	CL60
6E28	N385D	P28A
6E2B	N385DC	C172
6E34	N385DM	FDCT
6E35	N385DN	B738
6E39	N385DS	DA40
6E3C	N385DV	TBM9
6E40	N385DZ	A321
6E47	N385EF	D328
6E4D	N385EM	BE9L
6E5F	N385FE	DC10
6E6A	N385FR	A20N
6E70	N385FX	E55P
6E73	N385G	LA25
6E7E	N385GL	A320
6E81	N385GP	GLF4
6E8C	N385H	B350
6E8D	N385HA	A332
6E9A	N385HP	P32T
6EA7	N385JB	C310
6EA8	N385JC	EXEC
6EBE	N385K	RV12
6EC1	N385KC	P46T
6EC9	N385KL	C172
6ED8	N385LA	AT8T
6EF1	N385MA	C82S
6EF4	N385MD	A139
6EF8	N385MH	LJ45
6EFC	N385MM	EPIC
6EFF	N385MQ	SH36
6F00	N385MR	CRUZ
6F0A	N385NA	PA11
6F19	N385NR	CRUZ
6F24	N385PB	BE40
6F25	N385PC	RV9
6F2A	N385PH	EC35
6F32	N385PR	CRUZ
6F34	N385PT	S22T
6F3B	N385Q	CC11
6F4C	N385QS	C680
6F54	N385R	PA46
6F56	N385RB	C82T
6F57	N385RC	LJ55
6F5F	N385RL	B06
6F60	N385RM	PA31
6F62	N385RP	FB1A
6F64	N385RR	CRUZ
6F65	N385RS	CN35
6F6E	N385SA	SIRA
6F70	N385SC	PA18
6F72	N385SE	C152
6F75	N385SH	C56X
6F7B	N385SP	C188
6F7D	N385SR	SR22
6F82	N385SW	B733
6F83	N385SX	SONX
6F87	N385TA	H269
6F89	N385TC	C82S
6F8A	N385TD	T210
6F8B	N385TE	RV9
6F9B	N385TW	COL3
6FAD	N385UP	B763
6FD1	N385W	RV9
6FDB	N385WK	PA23
6FEA	N385X	M5
703A	N3850E	AR11
703C	N3850G	C340
703D	N3850H	SBOY
703F	N3850K	CH70
7042	N3850N	BE35
7045	N3850R	C172
7046	N3850S	C172
7049	N3850V	C170
704C	N3850Y	C210
704F	N38501	J3
7050	N38502	J3
7053	N38505	P28B
7054	N38506	J3
7055	N38507	BE36
7057	N38509	P32R
7059	N3851A	GLID
705B	N3851C	SR22
705C	N3851D	C182
7060	N3851H	M20P
7063	N3851L	BE36
7064	N3851M	PA12
7066	N3851P	PA22
7068	N3851R	P28A
706A	N3851T	P28R
706B	N3851U	C336
706C	N3851V	C170
706F	N3851Y	C210
7070	N3851Z	BE77
7072	N38511	J3
7073	N38512	J3
7074	N38513	P28A
7078	N38517	P28A
707A	N38519	J3
707B	N3852	ZERO
707C	N3852A	GLID
707D	N3852B	C82S
707E	N3852C	C180
707F	N3852D	PIVI
7082	N3852G	CLON
7083	N3852H	ERCO
7085	N3852K	GC1
7086	N3852L	C172
7087	N3852M	PA12
708A	N3852Q	C172
708B	N3852R	C172
708D	N3852T	P28R
7090	N3852W	PA32
7096	N38522	P28A
7098	N38524	J3
709C	N38528	PA34
709F	N3853A	GLID
70A0	N3853B	BE35
70A2	N3853D	C182
70A3	N3853E	CH7A
70A5	N3853G	T206
70A7	N3853J	BE36
70AA	N3853M	PA12
70AC	N3853P	PA22
70AE	N3853R	P28A
70B4	N3853X	VO10
70B5	N3853Y	C210
70B9	N38532	J5
70BD	N38536	J3
70BF	N38538	P28R
70C0	N38539	P28R
70C2	N3854A	GLID
70C4	N3854C	C180
70C5	N3854D	C182
70C6	N3854E	CH7A
70C8	N3854G	BT36
70CB	N3854K	GC1
70CD	N3854M	PA12
70CF	N3854P	PA22
70D0	N3854Q	C172
70D4	N3854U	C336
70D6	N3854W	PA32
70D7	N3854X	VO10
70D8	N3854Y	C210
70DC	N38542	J3
70E2	N38548	P28A
70E5	N3855A	GLID
70EB	N3855G	T206
70ED	N3855J	C150
70F0	N3855M	P28A
70F2	N3855P	PA22
70F4	N3855R	C172
70F6	N3855T	P28R
70F8	N3855V	C170
70F9	N3855W	PA32
70FC	N3855Z	PA18
70FE	N38551	J3
7100	N38553	P28A
7102	N38555	P28R
7104	N38557	P28R
7106	N38559	J3
7108	N3856A	GLID
7109	N3856B	BE35
7110	N3856J	C150
7112	N3856L	C172
7117	N3856R	C172
7118	N3856S	C172
7119	N3856T	P28R
711C	N3856W	PA32
711D	N3856X	VO10
711F	N3856Z	PA18
7122	N38562	P32R
7124	N38564	P28R
7125	N38565	P28R
7126	N38566	BE24
712C	N3857B	BE35
712E	N3857D	BE77
712F	N3857E	CH7A
7136	N3857M	PA12
7138	N3857P	PA22
713A	N3857R	C172
713C	N3857T	P28R
713D	N3857U	BE23
713E	N3857V	C170
7141	N3857Y	C210
7142	N3857Z	PA18
7143	N38570	BE95
7148	N38575	P32R
714A	N38577	P28A
714B	N38578	P28A
714C	N38579	J5
714E	N3858A	GLID
714F	N3858B	BE35
7159	N3858M	P28A
715A	N3858N	BE35
715C	N3858Q	C172
715D	N3858R	T206
715E	N3858S	C172
715F	N3858T	P28R
7161	N3858V	C150
7165	N3858Z	PA18
7166	N38580	P28A
716A	N38584	J5
716D	N38587	P28R
7171	N3859A	GLID
7173	N3859C	C180
7179	N3859J	C150
717B	N3859L	C172
717C	N3859M	P28A
717D	N3859N	M20P
7180	N3859R	C172
7181	N3859S	C172
7184	N3859V	C150
7185	N3859W	PA32
7187	N3859Y	C210
7188	N3859Z	PA18
7189	N38590	J5
718C	N38593	J5
718D	N38594	P28R
7190	N38597	P32R
7192	N38599	P28A
7194	N386A	MITE
7196	N386AB	PA25
7197	N386AC	CL2T
719E	N386AK	AS50
71A0	N386AM	S22T
71A4	N386AR	C208
71A5	N386AS	CH7B
71A6	N386AT	B350
71AC	N386AZ	E45X
71AD	N386B	BE95
71AF	N386BB	F86
71B0	N386BC	C182
71B3	N386BF	PA11
71B8	N386BL	D7
71C6	N386C	S108
71CA	N386CD	SR20
71CF	N386CJ	C25C
71D0	N386CK	SR22
71D7	N386CS	SAKO
71DB	N386CW	E550
71DF	N386D	P28A
71E0	N386DA	B738
71E2	N386DC	RV6
71E6	N386DG	HROC
71EB	N386DM	LEG2
71EC	N386DN	A321
71F0	N386DS	DA40
7204	N386EM	SF50
7209	N386ES	C72R
7216	N386FE	DC10
7221	N386FR	A20N
7227	N386FX	E55P
722A	N386G	S22T
722B	N386GA	BE9L
7244	N386HA	A332
724D	N386HK	Q9
7252	N386HQ	UH1
7262	N386JF	SREY
7266	N386JK	FDCT
726A	N386JP	DA40
728F	N386LA	AT8T
7290	N386LB	CH75
72A7	N386M	WAIX
72A8	N386MA	DA40
72AA	N386MC	PA18
72AB	N386MD	A139
72AC	N386ME	C172
72B3	N386MM	LJ31
72B4	N386MN	B350
72B6	N386MQ	SH36
72C7	N386NG	PC12
72D9	N386P	AS50
7303	N386QS	E55P
730B	N386R	BE35
7313	N386RH	R44
7316	N386RL	WW24
731B	N386RR	SR22
732C	N386SH	C56X
7332	N386SP	C172
733E	N386TA	C25B
7341	N386TD	RV7
7345	N386TH	BE20
7348	N386TL	FA50
7355	N386TZ	RS12
7372	N386VC	B06
7377	N386VH	BE33
738B	N386WC	RLU1
73A1	N386X	M5
73D0	N386YX	WAIX
73EE	N3860B	BE77
73F4	N3860H	M20P
73F5	N3860J	C150
73F7	N3860L	C172
73F8	N3860M	PA12
73FC	N3860R	P28A
73FE	N3860T	P28R
73FF	N3860U	C336
7400	N3860V	BE95
7401	N3860W	PA32
7402	N3860X	VO10
7404	N3860Z	PA18
7408	N38603	P28A
740A	N38605	P28R
740D	N38608	J3
740E	N38609	J3
7410	N3861A	GLID
7411	N3861B	BE35
7412	N3861C	C180
7417	N3861H	ERCO
741A	N3861L	C172
741C	N3861N	M20P
741D	N3861P	PA22
741E	N3861Q	C172
7421	N3861T	TF19
7423	N3861V	C170
7424	N3861W	PA32
7426	N3861Y	C210
742B	N38613	J3
742D	N38615	J3
742E	N38616	J3
742F	N38617	P32R
7430	N38618	J3
7431	N38619	J3
7433	N3862A	GLID
7434	N3862B	BE35
7436	N3862D	C182
7439	N3862G	T206
743B	N3862J	C150
743C	N3862K	P28A
743D	N3862L	C172
743E	N3862M	P28A
7441	N3862Q	C172
7442	N3862R	BT36
7444	N3862T	P28R
7447	N3862W	PA32
744A	N3862Z	PA18
744D	N38622	J3
744E	N38623	J3
7450	N38625	PA34
7453	N38628	P28A
7454	N38629	P28A
7456	N3863A	GLID
7459	N3863D	C182
745D	N3863H	M20P
7461	N3863M	PA12
7464	N3863Q	C172
7465	N3863R	C172
7466	N3863S	C172
746D	N3863Z	EXEC
746E	N38630	J3
746F	N38631	J3
7470	N38632	P28R
7471	N38633	J5
7472	N38634	J5
7474	N38636	P28R
7476	N38638	J5
7477	N38639	P28R
7478	N3864	NAVI
7479	N3864A	GLID
747B	N3864C	BE36
7483	N3864L	C172
7484	N3864M	P28A
7485	N3864N	BE23
7487	N3864Q	C172
7488	N3864R	C172
748B	N3864U	BE58
748F	N3864Y	BE24
7490	N3864Z	PA18
7491	N38640	J5
7494	N38643	J5
7495	N38644	BE77
7496	N38645	J5
7497	N38646	J5
7498	N38647	J5
7499	N38648	J5
749C	N3865A	GLID
749D	N3865B	CRBN
74A4	N3865J	C150
74A5	N3865K	P28A
74A6	N3865L	C172
74AA	N3865Q	C172
74AB	N3865R	C172
74AC	N3865S	C172
74B0	N3865W	PA32
74B4	N38650	BE36
74B9	N38655	P28R
74BA	N38656	P28A
74BB	N38657	P28A
74BF	N3866A	BE33
74C1	N3866C	C180
74C9	N3866L	C172
74CA	N3866M	PA12
74CB	N3866N	BE77
74CC	N3866P	PA22
74CD	N3866Q	C172
74CE	N3866R	P28A
74CF	N3866S	C172
74D0	N3866T	P28R
74D3	N3866W	PA32
74D5	N3866Y	C210
74D6	N3866Z	PA18
74D7	N38660	J5
74DF	N38668	J3
74E0	N38669	J3
74E3	N3867B	BE35
74E4	N3867C	C180
74E5	N3867D	C182
74E6	N3867E	AR11
74E8	N3867G	BE58
74EA	N3867J	C150
74EC	N3867L	C172
74ED	N3867M	PA12
74F0	N3867Q	C172
74F1	N3867R	C172
74F2	N3867S	C172
74F3	N3867T	P28R
74F5	N3867V	C170
74F6	N3867W	PA32
74F7	N3867X	C130
74F8	N3867Y	C210
74F9	N3867Z	PA18
74FD	N38673	J3
74FE	N38674	P32R
7500	N38676	J3
7501	N38677	PA32
7502	N38678	J3
7503	N38679	PA34
7508	N3868D	C182
7509	N3868E	AR11
750C	N3868H	ERCO
750D	N3868J	BE77
750E	N3868K	BE77
7513	N3868Q	C185
7514	N3868R	P28A
7517	N3868U	BE35
7518	N3868V	C195
751B	N3868Y	BE36
751D	N38680	J3
7522	N38685	J3
7524	N38687	PA11
7529	N3869B	BE35
752B	N3869D	C182
752D	N3869F	AC90
752F	N3869H	ERCO
7532	N3869L	EXEC
7533	N3869M	PA12
7534	N3869N	BE35
7536	N3869Q	C172
7537	N3869R	C172
7538	N3869S	BT36
7539	N3869T	P28R
753B	N3869V	C195
753C	N3869W	PA32
753E	N3869Y	BE95
7541	N38691	CH7A
7542	N38692	P28A
7543	N38693	J3
7544	N38694	P28A
7545	N38695	J3
7546	N38696	P28A
7548	N38698	J5
754A	N387	BE35
754B	N387A	C560
754D	N387AB	S22T
7551	N387AF	C172
755C	N387AS	BE9L
755D	N387AT	B350
755F	N387AV	B763
7560	N387AW	SLG4
7565	N387BA	GLID
757E	N387CA	DA40
757F	N387CB	C25B
7581	N387CD	BUCA
758B	N387CP	SR20
758E	N387CS	C82T
7593	N387CX	E50P
7597	N387DA	B738
7599	N387DC	C172
75A3	N387DN	A321
75A7	N387DS	DA40
75B1	N387EB	GLF6
75CD	N387FE	DC10
75D1	N387FJ	F2TH
75D8	N387FR	A20N
75DE	N387FX	E55P
75F3	N387GT	GP3
7604	N387HK	Q9
7613	N387J	SR22
761D	N387JK	BE36
7623	N387JR	BE36
7624	N387JS	SA30
7627	N387JV	RV6
7628	N387JW	SAKO
7646	N387LA	DA40
7648	N387LC	GLST
764E	N387LJ	BE20
7655	N387LR	SR22
7656	N387LS	BE40
765E	N387M	UH1
765F	N387MA	C72R
7662	N387MD	A139
766A	N387MM	C560
7677	N387N	MM16
7688	N387NS	E50P
7690	N387P	E300
7698	N387PH	SW4
76BA	N387QS	C680
76C2	N387R	RV8
76CD	N387RL	B212
76CE	N387RM	CH75
76D3	N387RS	SONX
76D6	N387RV	RV7
76DC	N387SA	SKAR
76DE	N387SC	BE30
76E6	N387SL	C750
76E9	N387SP	C172
76EB	N387SR	SR22
76F0	N387SW	B733
76F6	N387TB	R44
76F7	N387TC	C82S
7702	N387TP	C208
7704	N387TR	BD4
7705	N387TS	F900
7706	N387TT	PC12
7709	N387TW	JPRO
770A	N387TX	SR22
7726	N387V	GLIM
7728	N387VB	R44
773F	N387W	PC12
7741	N387WB	M20P
7756	N387WY	C182
7758	N387X	M5
778A	N387Z	BE35
77A4	N3870A	GLID
77A5	N3870B	BE35
77A7	N3870D	C182
77AB	N3870H	ERCO
77AC	N3870J	C150
77AE	N3870L	C172
77AF	N3870M	PA12
77B1	N3870P	PA22
77B2	N3870Q	C172
77B4	N3870S	C172
77B5	N3870T	P28R
77B6	N3870U	BE77
77B7	N3870V	C172
77BB	N3870Z	BE24
77BC	N38700	P28A
77BD	N38701	P28R
77C3	N38707	J5
77C4	N38708	P28B
77C7	N3871A	GLID
77C9	N3871C	BE58
77D1	N3871L	C172
77D2	N3871M	PA12
77D6	N3871R	P28A
77D8	N3871T	P28R
77D9	N3871U	BT36
77DC	N3871X	VO10
77E1	N38712	J5
77E5	N38716	P28R
77E6	N38717	P28R
77E7	N38718	P28R
77E8	N38719	J5
77E9	N3872	GLID
77EB	N3872B	BE35
77EC	N3872C	PA18
77F1	N3872H	GLIM
77F4	N3872L	C172
77F8	N3872Q	C172
77F9	N3872R	C172
77FA	N3872S	C172
77FB	N3872T	P28R
77FC	N3872U	BE23
77FE	N3872W	BT36
7801	N3872Z	PA18
7802	N38720	P28R
7807	N38725	P32R
7809	N38727	B737
780D	N3873A	GLID
780E	N3873B	BE58
7813	N3873G	T206
7815	N3873J	BE36
7817	N3873L	BE36
7818	N3873M	P28R
7819	N3873N	M20P
781B	N3873Q	C172
781C	N3873R	C172
781E	N3873T	P28R
7821	N3873W	PA32
7823	N3873Y	BE77
7824	N3873Z	PA18
7828	N38733	P28A
7829	N38734	J3
782A	N38735	P28A
782D	N38738	G109
7830	N3874A	GLID
7831	N3874B	BE35
7834	N3874E	CH7A
7836	N3874G	T206
783B	N3874M	PA12
783C	N3874N	BE35
783F	N3874R	C172
7841	N3874T	P28R
7844	N3874W	PA32
7845	N3874X	VO10
7846	N3874Y	BE58
7847	N3874Z	PA18
7849	N38741	P28R
784B	N38743	J3
784E	N38746	P32R
784F	N38747	J3
7850	N38748	J3
7851	N38749	P32R
7853	N3875A	GLID
7854	N3875B	BE35
7856	N3875D	C182
7857	N3875E	PA36
7859	N3875G	T206
785A	N3875H	M20P
785D	N3875L	C172
785E	N3875M	PA12
7860	N3875P	PA18
7861	N3875Q	C172
7863	N3875S	C172
7864	N3875T	P28R
7865	N3875U	C336
7866	N3875V	C150
7868	N3875X	VO10
786B	N38750	PA34
786D	N38752	P32R
786F	N38754	J3
7870	N38755	J3
7872	N38757	J3
7874	N38759	J3
7878	N3876C	BE60
7879	N3876D	C182
787A	N3876E	AR11
787E	N3876J	C150
787F	N3876K	GC1
7880	N3876L	C172
7882	N3876N	G109
7883	N3876P	PA18
7884	N3876Q	C172
7885	N3876R	C172
7886	N3876S	C172
7887	N3876T	P28R
7888	N3876U	C336
7889	N3876V	C185
788B	N3876X	VO10
788E	N38760	PA30
7891	N38763	UH12
7896	N38768	PA34
7898	N3877	GLEX
789A	N3877B	BE35
78A1	N3877J	C150
78A3	N3877L	UH12
78A6	N3877P	PA18
78AC	N3877V	C195
78B0	N3877Z	PA18
78B2	N38771	P28R
78B4	N38773	P28R
78B7	N38776	P28R
78B8	N38777	P28A
78BF	N3878D	C182
78C3	N3878H	ERCO
78C5	N3878K	GC1
78C6	N3878L	C172
78CB	N3878R	C172
78CC	N3878S	C172
78CD	N3878T	P28R
78D2	N3878Y	C210
78D3	N3878Z	PA18
78DA	N38786	P28A
78DB	N38787	J3
78E2	N3879D	C182
78E7	N3879J	C150
78E9	N3879L	C172
78EA	N3879M	RV8
78EC	N3879P	PA18
78EE	N3879R	P28A
78F0	N3879T	P28R
78F3	N3879W	PA32
78F6	N3879Z	PA18
78F8	N38791	P28R
78F9	N38792	P28R
78FA	N38793	P28R
78FB	N38794	J3
78FE	N38797	J3
78FF	N38798	J3
7904	N388AB	EPIC
7905	N388AC	GLF5
7909	N388AG	C182
790E	N388AM	EC30
7910	N388AP	SR22
7916	N388AV	BE99
791B	N388B	PIVI
791D	N388BB	FA50
791E	N388BC	BE35
7934	N388C	AA5
7935	N388CA	GLF4
7939	N388CE	SR22
7942	N388CP	SR22
794E	N388DA	B738
7951	N388DD	CL60
7955	N388DH	SR22
7957	N388DK	B06
7959	N388DM	GLAS
795A	N388DN	A321
795E	N388DS	DA42
795F	N388DT	VEZE
7962	N388DW	R44
7969	N388EC	R44
796B	N388EE	K100
797F	N388F	BE33
7982	N388FC	RV6
7988	N388FJ	F2TH
798F	N388FR	A20N
7991	N388FT	GLF5
7994	N388FW	C25A
7995	N388FX	E55P
7998	N388G	SR22
799A	N388GB	BE35
799B	N388GC	GLF5
79A5	N388GN	RV7
79AA	N388GT	GP3
79B1	N388H	LESP
79B2	N388HA	A332
79B7	N388HF	H269
79BF	N388HP	P46T
79CD	N388JC	B06
79CF	N388JE	C56X
79D0	N388JF	C172
79D1	N388JG	TB21
79D5	N388JL	FA50
79D8	N388JP	DA40
79EF	N388KM	S22T
79F5	N388KT	C25A
79FD	N388LA	DA40
79FE	N388LB	PA30
79FF	N388LC	C182
7A08	N388LM	RV8
7A15	N388M	UH1
7A19	N388MD	A139
7A1A	N388ME	PA23
7A1E	N388MJ	R22
7A1F	N388MK	PTS1
7A21	N388MM	GLF2
7A47	N388P	BE36
7A4A	N388PC	PC12
7A4B	N388PD	LJ35
7A4F	N388PH	EC35
7A58	N388PS	PTS1
7A71	N388QS	C680
7A79	N388R	TRDO
7A7C	N388RC	CAMP
7A8D	N388RV	RV8
7A8E	N388RW	MAGN
7A8F	N388RX	SR20
7A92	N388S	T206
7A97	N388SE	C150
7AA0	N388SP	C340
7AA4	N388ST	S22T
7AAB	N388T	PA32
7AAC	N388TA	C208
7AAE	N388TC	C172
7AAF	N388TD	DHC1
7ABB	N388TR	LJ60
7AC0	N388TW	P46T
7AD2	N388UP	B763
7AD6	N388UT	T206
7ADD	N388V	C172
7AF6	N388W	C182
7AF7	N388WA	ASTR
7AFA	N388WD	COY2
7B0B	N388WW	WW24
7B0F	N388X	M5
7B5A	N3880	GA7C
7B5D	N3880C	C180
7B5E	N3880D	C182
7B64	N3880K	GC1
7B6C	N3880T	P28R
7B6F	N3880W	PA32
7B71	N3880Y	C210
7B73	N38800	PA32
7B76	N38803	J3
7B77	N38804	P28A
7B7C	N38809	P28A
7B85	N3881H	ERCO
7B88	N3881L	C172
7B89	N3881M	PA12
7B8E	N3881S	C172
7B92	N3881W	PA32
7B93	N3881X	VO10
7B94	N3881Y	C210
7B9E	N38818	P32R
7BA1	N3882A	GLID
7BA7	N3882G	T206
7BA9	N3882J	C150
7BAC	N3882M	PA12
7BAF	N3882Q	C172
7BB0	N3882R	P28A
7BB1	N3882S	C172
7BB8	N3882Z	PA18
7BBB	N38822	J3
7BC4	N3883A	GLID
7BC6	N3883C	CRUZ
7BC8	N3883E	CH7A
7BCB	N3883H	M20P
7BCE	N3883L	C172
7BD1	N3883P	PA18
7BD2	N3883Q	C172
7BD3	N3883R	C172
7BD4	N3883S	C172
7BD5	N3883T	P28R
7BD9	N3883X	VO10
7BDB	N3883Z	PA18
7BDC	N38830	J3
7BDF	N38833	J3
7BE0	N38834	J3
7BE2	N38836	P28A
7BE3	N38837	J3
7BE7	N3884A	GLID
7BEA	N3884D	C182
7BEB	N3884E	AR11
7BF1	N3884L	C172
7BF4	N3884P	PA18
7BF5	N3884Q	C172
7BF7	N3884S	C172
7BFA	N3884V	C195
7BFD	N3884Y	CB1
7BFE	N3884Z	PA18
7BFF	N38840	P28A
7C00	N38841	P28A
7C01	N38842	P28A
7C0A	N3885A	GLID
7C0E	N3885E	AR11
7C10	N3885G	C340
7C15	N3885M	PA12
7C1A	N3885S	C172
7C1B	N3885T	P28R
7C1F	N3885X	VO10
7C21	N3885Z	PA18
7C24	N38852	P28A
7C26	N38854	PA32
7C29	N38857	J3
7C2B	N38859	P28A
7C2C	N3886	SCTR
7C2D	N3886A	GLID
7C30	N3886D	C182
7C34	N3886H	M20P
7C36	N3886K	GC1
7C38	N3886M	PA32
7C39	N3886N	BE35
7C3A	N3886P	P210
7C3B	N3886Q	C172
7C3E	N3886T	C310
7C4D	N38868	P28A
7C51	N3887B	BE35
7C53	N3887D	C182
7C54	N3887E	CH7A
7C55	N3887F	P28A
7C59	N3887K	GC1
7C5A	N3887L	C172
7C65	N3887X	VO10
7C67	N387RE	C550
7C69	N38871	P28R
7C6A	N38872	J5
7C6C	N38874	J5
7C6D	N38875	P28R
7C73	N3888A	GLID
7C75	N3888C	C180
7C78	N3888F	P28A
7C7A	N3888H	ERCO
7C7B	N3888J	C150
7C82	N3888R	C172
7C84	N3888T	P28R
7C89	N3888Y	C210
7C8B	N38880	J4
7C8C	N38881	J3
7C90	N38885	B06
7C93	N38888	J5
7C94	N38889	J5
7C9E	N3889J	C150
7CA1	N3889M	PA12
7CA3	N3889P	PA18
7CA4	N3889Q	C172
7CA5	N3889R	C172
7CA6	N3889S	CH60
7CA7	N3889T	P28R
7CB8	N389	C180
7CBC	N389AC	CL2T
7CC3	N389AK	R44
7CC5	N389AM	DV20
7CCB	N389AT	LJ25
7CCE	N389AW	LJ35
7CD1	N389AZ	B763
7CD3	N389BA	GLID
7CD5	N389BC	BE33
7CE2	N389BR	GLID
7CE3	N389BS	S22T
7CE7	N389BW	P32R
7CEC	N389CA	P28B
7CEE	N389CC	PA18
7CF6	N389CL	C172
7CF9	N389CP	C172
7CFC	N389CS	M20P
7CFD	N389CT	FDCT
7D04	N389D	FB1A
7D05	N389DA	B738
7D07	N389DC	DV20
7D08	N389DD	BE30
7D11	N389DN	A321
7D29	N389EM	EVOT
7D3B	N389FE	DC10
7D46	N389FR	A20N
7D4C	N389FX	E55P
7D4F	N389G	P28A
7D60	N389GS	GLST
7D61	N389GT	GP3
7D68	N389H	PC12
7D69	N389HA	A332
7D6B	N389HC	TBM7
7D74	N389HM	C82S
7D9B	N389KA	LJ35
7DAC	N389KT	PA18
7DB4	N389LA	AT8T
7DB5	N389LB	DV20
7DC4	N389LS	L101
7DCF	N389MC	BE35
7DD0	N389MD	A139
7DD1	N389ME	C82S
7DE6	N389NA	PISI
7DFE	N389P	AS50
7DFF	N389PA	A119
7E01	N389PC	PA46
7E06	N389PH	EC35
7E0F	N389PS	CL35
7E28	N389QS	C680
7E31	N389RA	BE20
7E37	N389RG	EXEC
7E44	N389RV	RV9
7E49	N389S	BE35
7E4A	N389SA	SKAR
7E4B	N389SB	C441
7E59	N389SR	H25B
7E5B	N389ST	PA46
7E5E	N389SW	B733
7E89	N389UP	B763
7EAD	N389W	PC12
7EC6	N389X	MUS2
7EED	N389YP	GLID
7EF8	N389Z	BE35
7F12	N3890A	GLID
7F14	N3890C	C180
7F1B	N3890K	GC1
7F1C	N3890L	C172
7F1D	N3890M	PA12
7F21	N3890R	C172
7F25	N3890V	C195
7F26	N3890W	PA32
7F28	N3890Y	C210
7F29	N3890Z	PA18
7F2A	N38900	P28A
7F2B	N38901	P28A
7F32	N38908	P32R
7F34	N3891	MT
7F37	N3891C	C180
7F3A	N3891F	P32R
7F3B	N3891G	T206
7F3C	N3891H	M20P
7F40	N3891M	PA12
7F43	N3891Q	C172
7F44	N3891R	C172
7F46	N3891T	P28R
7F48	N3891V	C195
7F4B	N3891Y	C210
7F4C	N3891Z	PA18
7F4E	N38911	P32R
7F4F	N38912	P32R
7F51	N38914	P28A
7F57	N3892	SA30
7F59	N3892B	BE35
7F5B	N3892D	C182
7F5C	N3892E	CH7A
7F5F	N3892H	ERCO
7F60	N3892J	PL1
7F62	N3892L	C172
7F64	N3892N	M20P
7F66	N3892Q	C172
7F68	N3892S	C172
7F6F	N3892Z	PA18
7F7A	N3893	C180
7F7B	N3893A	GLID
7F7C	N3893B	BE35
7F7D	N3893C	C180
7F7E	N3893D	C182
7F89	N3893Q	C172
7F8D	N3893U	B06
7F8E	N3893V	C195
7F95	N38932	C172
7F9E	N3894A	GLID
7F9F	N3894B	BE35
7FA0	N3894C	C180
7FA2	N3894E	CH7A
7FA3	N3894F	P28A
7FA7	N3894K	P28A
7FA9	N3894M	PA12
7FAE	N3894S	C172
7FAF	N3894T	P28R
7FB1	N3894V	C195
7FB2	N3894W	PA32
7FB6	N38940	ST75
7FBA	N38944	P28R
7FBB	N38945	P32R
7FBC	N38946	J3
7FC1	N3895A	GLID
7FC4	N3895D	B06
7FC6	N3895F	P28R
7FC7	N3895G	T206
7FD1	N3895S	C172
7FD2	N3895T	P28R
7FD9	N38950	B789
7FDB	N38952	P28A
7FDC	N38953	ST75
7FDD	N38954	P28A
7FDE	N38955	B789
7FE0	N38957	ST75
7FE5	N3896B	BE35
7FE7	N3896D	C182
7FEA	N3896G	T206
7FEC	N3896J	C150
7FEE	N3896L	C172
7FEF	N3896M	PA12
7FF2	N3896Q	C172
7FF3	N3896R	C172
7FF4	N3896S	C172
7FFA	N3896Y	B06
7FFB	N3896Z	PA18
8004	N38968	P28A
8005	N38969	P28A
8008	N3897B	BE35
8009	N3897C	C180
8014	N3897P	PA18
8016	N3897R	C172
8017	N3897S	C172
8019	N3897U	B06
801C	N3897X	VO10
801D	N3897Y	C210
801E	N3897Z	PA18
801F	N38970	P28A
8020	N38971	ST75
8021	N38972	P28A
8023	N38974	P28A
8026	N38977	ST75
8027	N38978	ST75
8028	N38979	ST75
802B	N3898B	BE35
802E	N3898E	CH7A
8030	N3898G	B06
8031	N3898H	M20P
8038	N3898Q	C172
8039	N3898R	C172
803A	N3898S	C172
803D	N3898V	C195
803F	N3898X	VO10
8041	N3898Z	PA18
8043	N38981	P28R
8045	N38983	P32R
8046	N38984	P32R
8048	N38986	P28A
8049	N38987	P28A
804A	N38988	P28A
804B	N38989	P28A
804D	N3899A	GLID
804E	N3899B	BE35
8055	N3899J	AA5
8059	N3899N	BE35
805A	N3899P	PA18
805B	N3899Q	C172
805E	N3899T	P28R
8060	N3899V	C195
8061	N3899W	PA32
8065	N38990	P28A
8066	N38991	P28R
8067	N38992	FA62
8069	N38994	ST75
806A	N38995	P28R
806B	N38996	PA32
806C	N38997	P32R
806E	N38999	P32R
8070	N39A	C425
8071	N39AA	SR22
8072	N39AB	GLID
8073	N39AC	RV6
8074	N39AD	BE36
8075	N39AE	B407
8076	N39AF	SA37
8077	N39AG	DA42
8078	N39AH	HUSK
807A	N39AK	C207
807B	N39AL	ACR2
8083	N39AU	L39
8084	N39AV	GLF4
8085	N39AW	GLID
8086	N39AX	L39
808B	N39BB	C82S
808C	N39BC	P28B
808D	N39BD	C182
808E	N39BE	T210
8090	N39BG	GLID
8097	N39BP	R22
8099	N39BR	ACRO
809A	N39BS	BE33
809B	N39BT	C310
80A1	N39BZ	L39
80A3	N39CA	PA31
80A4	N39CB	SBR1
80A5	N39CC	C185
80A6	N39CD	S22T
80A8	N39CF	PA38
80AA	N39CH	S108
80AB	N39CJ	C25A
80AD	N39CL	B407
80AE	N39CM	BE35
80B0	N39CP	R44
80B2	N39CR	PA30
80B4	N39CT	P28R
80B6	N39CV	L39
80B7	N39CW	RV9
80BA	N39CZ	L39
80BD	N39DB	CH7B
80BE	N39DC	RV6
80BF	N39DD	C340
80C0	N39DE	L29
80C2	N39DG	GLIM
80C4	N39DJ	C25B
80C5	N39DK	LJ35
80C8	N39DN	CH60
80CB	N39DR	P28A
80CC	N39DS	C68A
80CD	N39DT	VEZE
80CE	N39DU	RV6
80D4	N39E	PA34
80D6	N39EB	BRAV
80D7	N39EC	P28A
80D9	N39EE	SR22
80DB	N39EG	C510
80DC	N39EH	PA31
80E0	N39EM	EFOX
80E3	N39EQ	A139
80E6	N39ET	GALX
80E8	N39EV	EVSS
80E9	N39EW	AS50
80EA	N39EX	L39
80EB	N39EY	TB30
80EE	N39FA	B06
80EF	N39FB	BE9L
80F0	N39FC	C185
80F2	N39FE	CL30
80F3	N39FF	P39
80F4	N39FG	G21
80FA	N39FN	LJ35
80FE	N39FS	SBR1
8105	N39FZ	PA18
8106	N39G	PTS1
8107	N39GA	MD60
8109	N39GC	ACR2
810A	N39GD	AA5
810D	N39GG	C25B
810E	N39GH	RV3
810F	N39GJ	AT3P
8112	N39GM	CAMP
8114	N39GP	E300
8116	N39GR	RV6
8117	N39GS	R44
8118	N39GT	PA18
811B	N39GW	AC50
811C	N39GX	L39
8120	N39HA	PA31
8125	N39HF	S76
8127	N39HH	C501
812A	N39HL	BE58
8130	N39HS	FOX
8132	N39HU	HUSK
8133	N39HV	GLIM
8134	N39HW	M20P
8135	N39HX	KMAX
8136	N39HY	HUSK
8138	N39J	C180
813A	N39JB	BE33
813B	N39JC	PRM1
813C	N39JD	GLID
813D	N39JE	PA46
813E	N39JF	GLIM
8140	N39JH	RV12
8141	N39JJ	C172
8142	N39JK	L39
8143	N39JL	BL8
8144	N39JM	PA23
8145	N39JN	FOX
8146	N39JP	T18
814C	N39JV	L39
8151	N39K	E50P
8153	N39KB	VTRA
8155	N39KD	SR20
815D	N39KM	B407
815F	N39KP	KP5
8161	N39KR	L39
8162	N39KS	COY2
8163	N39KT	BE58
8166	N39KW	RV4
8168	N39KY	L39
816A	N39L	VEZE
816C	N39LB	SA30
816E	N39LD	PA18
8172	N39LH	SC7
8176	N39LM	GC1
817A	N39LR	B06
817C	N39LT	BL8
817F	N39LW	L39
8185	N39MB	SR20
8189	N39MF	EAGL
818A	N39MG	MM24
818D	N39MK	B06
818F	N39MM	G2T1
8191	N39MP	T206
8193	N39MR	PTS1
819B	N39MZ	BE30
81A0	N39ND	C172
81A3	N39NG	P46T
81AA	N39NP	F900
81AD	N39NS	HUSK
81B9	N39PD	C172
81BA	N39PE	CH75
81BB	N39PF	HIGH
81BC	N39PG	PA18
81C0	N39PL	PC12
81C1	N39PM	PA34
81C5	N39PR	BE95
81C6	N39PS	C182
81C7	N39PT	B407
81C9	N39PV	BE36
81CA	N39PW	E50P
81D7	N39QJ	H25C
81EA	N39RC	C56X
81EC	N39RE	CL60
81ED	N39RF	GLAS
81EE	N39RG	SBR1
81EF	N39RH	BE55
81F0	N39RJ	B06
81F2	N39RL	PTS1
81F5	N39RP	PRM1
81F7	N39RR	PIVI
81F8	N39RS	BIPL
81F9	N39RT	FOX
81FC	N39RW	FOX
81FD	N39RX	EC35
81FF	N39RZ	L39
8201	N39SA	SAKO
8206	N39SF	FURY
8207	N39SG	GLIM
8209	N39SJ	RV4
820A	N39SK	RV6
820B	N39SL	KP5
820C	N39SM	DHC2
8210	N39SR	L39
8219	N39T	P28A
821A	N39TA	BE24
821B	N39TB	RV4
821C	N39TC	BE36
821D	N39TD	C150
821F	N39TF	BE33
8221	N39TH	P32R
8223	N39TK	BT36
8224	N39TL	PA31
8226	N39TN	BE99
8227	N39TP	BE55
822B	N39TT	PC24
822F	N39TX	RV7
8233	N39UA	L39
8234	N39UB	B190
824C	N39VA	EC45
824E	N39VC	L39
8253	N39VH	L39
8257	N39VM	L39
8258	N39VN	SU26
8259	N39VP	S22T
8266	N39WB	BOLT
826A	N39WF	L39
826B	N39WG	LNCE
826C	N39WH	C421
826F	N39WL	B47G
8270	N39WM	BLKS
8274	N39WR	ST75
8278	N39WV	SR22
8279	N39WW	GLID
827B	N39WY	HUSK
8281	N39XD	DFLY
828B	N39XP	PTS1
8293	N39XX	L39
8296	N39Y	GLID
8298	N39YB	RV9
82A0	N39YK	YK18
82B0	N39ZA	L39
82C8	N390	BE35
82CB	N390AB	PRM1
82CE	N390AE	PRM1
82D4	N390AL	B214
82D5	N390AM	EC30
82DA	N390AS	PA23
82E2	N390B	BE35
82E6	N390BD	PRM1
82E8	N390BF	PTS2
82FC	N390CA	CRJ7
82FE	N390CC	PA18
8300	N390CE	PRM1
8307	N390CM	B763
8309	N390CP	SR20
830C	N390CS	C240
8315	N390DA	B738
8320	N390DM	C150
8321	N390DN	A321
8322	N390DP	PRM1
833D	N390ER	GLF6
8345	N390EZ	LGEZ
834A	N390FD	EC45
834B	N390FE	DC10
8356	N390FR	A20N
8358	N390FT	HIGH
835C	N390FX	E55P
836A	N390GL	DIMO
836B	N390GM	PRM1
8370	N390GS	GLST
8371	N390GT	GP3
8378	N390H	G2T1
8379	N390HA	A332
837A	N390HB	C72R
837E	N390HF	PRM1
837F	N390HG	PRM1
8392	N390JA	DV20
8395	N390JD	PA31
839B	N390JK	PRM1
839F	N390JP	PA31
83AA	N390K	PRM1
83AD	N390KC	GLST
83C0	N390KX	G150
83C4	N390LA	DA40
83C5	N390LB	AR15
83C9	N390LF	BE33
83CB	N390LH	B06
83D4	N390LS	RV8
83DC	N390M	TVLB
83DD	N390MA	P46T
83DE	N390MB	PRM1
83DF	N390MC	Q9
83E0	N390MD	A139
83E1	N390ME	C82S
83E2	N390MF	SYMP
83E7	N390ML	PRM1
83E8	N390MM	PRM1
83ED	N390MS	PA32
83F0	N390MV	RV12
8412	N390PD	GLST
8413	N390PE	BL8
8416	N390PH	EC35
841A	N390PM	B190
841F	N390PS	BE9L
8420	N390PT	PRM1
8438	N390QS	E55P
8448	N390RH	BE99
8451	N390RS	T210
8452	N390RT	PA11
8454	N390RV	RV7
845A	N390SA	PRM1
845B	N390SB	BE40
845C	N390SC	PA18
845F	N390SF	B407
8465	N390SM	PRM1
8467	N390SP	BE20
846A	N390SS	GLST
846C	N390SU	SR20
8474	N390TB	T6
8475	N390TC	P28A
8478	N390TF	RS21
847A	N390TH	B17
8480	N390TP	E50P
8484	N390TT	GLST
848B	N390U	PA44
84A0	N390UW	GLAS
84A3	N390UZ	PA32
84A4	N390V	BE18
84A5	N390VA	E50P
84BD	N390W	PA30
84CD	N390WR	P51
84CF	N390WT	RV8
84D4	N390WY	PA18
84D6	N390X	M5
84DA	N390XD	BL8
84E4	N390XP	PULS
84EC	N390XX	PRM1
84EF	N390Y	TAIL
8509	N390ZA	L39
8526	N3900E	AR11
8527	N3900F	C172
8528	N3900G	T206
8529	N3900H	ERCO
852C	N3900L	C172
852D	N3900M	PA12
8532	N3900S	C172
8533	N3900T	P28R
8534	N3900U	C150
8535	N3900V	C170
8536	N3900W	PA32
8539	N3900Z	PA18
8540	N39006	AA1
8541	N39007	AA1
8544	N3901	JUN1
8547	N3901C	C150
8548	N3901D	C182
8549	N3901E	CH7A
854A	N3901F	C172
854C	N3901H	M20P
854D	N3901J	C150
854F	N3901L	C172
8550	N3901M	PA12
8551	N3901N	M20P
8555	N3901S	C172
855A	N3901X	VO10
855D	N39010	AA1
855F	N39012	L8
8561	N39014	AA1
8563	N39016	AA1
8568	N3902A	BE55
856A	N3902C	C150
856C	N3902E	AR11
856D	N3902F	C172
8570	N3902J	C150
8573	N3902M	PA12
8577	N3902R	C172
8578	N3902S	C172
8580	N39020	AA1
8582	N39022	AA1
8583	N39023	L8
8585	N39025	L8
8588	N39028	L8
858B	N3903A	GLID
8590	N3903F	C172
8592	N3903H	M20P
8596	N3903M	PA12
8598	N3903P	PA22
8599	N3903Q	C185
859A	N3903R	C172
859B	N3903S	C172
859E	N3903V	C170
85A3	N39030	AA1
85A4	N39031	L8
85AB	N39038	AA1
85B1	N3904D	C182
85B3	N3904F	C172
85B9	N3904M	PA12
85BB	N3904P	PA22
85BC	N3904Q	C172
85BE	N3904S	C172
85C0	N3904U	C150
85C1	N3904V	C150
85C2	N3904W	PA32
85C3	N3904X	P28R
85C4	N3904Y	C210
85C5	N3904Z	PA18
85C7	N39041	L8
85C9	N39043	AA1
85CC	N39046	AA1
85CF	N39049	B06
85D1	N3905A	GLID
85D3	N3905C	C150
85D4	N3905D	C182
85D6	N3905F	P28A
85DF	N3905Q	C172
85E0	N3905R	C172
85E2	N3905T	P28R
85E6	N3905X	P28A
85EA	N39051	AA1
85EC	N39053	L8
85F1	N39058	AA1
85F6	N3906C	B06
85F8	N3906E	AR11
85FB	N3906H	ERCO
8600	N3906N	M20P
8601	N3906P	PA22
8606	N3906U	C150
8608	N3906W	PA32
8609	N3906X	P28R
860A	N3906Y	C210
860E	N39062	L8
860F	N39063	L8
8610	N39064	AA1
8611	N39065	AA1
8613	N39067	L8
8617	N3907A	GLID
8618	N3907B	GLID
861C	N3907F	C172
861D	N3907G	T206
861E	N3907H	ERCO
8620	N3907K	PA18
8621	N3907L	C172
8627	N3907S	C172
8629	N3907U	C150
862A	N3907V	C170
862B	N3907W	PA32
862D	N3907Y	C210
862E	N3907Z	PA18
862F	N39070	AA1
8631	N39072	L8
8633	N39074	AA1
8636	N39077	L8
8637	N39078	L8
8638	N39079	L8
863A	N3908A	GLID
863C	N3908C	C421
863D	N3908D	C182
863E	N3908E	COL4
863F	N3908F	P28A
8642	N3908J	C150
8648	N3908Q	C172
8649	N3908R	C172
864B	N3908T	P28R
864D	N3908V	C170
8651	N3908Z	PA18
8659	N39087	L8
865F	N3909C	C172
8660	N3909D	C182
8661	N3909E	AR11
8666	N3909K	P28A
8667	N3909L	C172
8668	N3909M	PA12
866B	N3909Q	C172
866D	N3909S	C172
866E	N3909T	P28R
866F	N3909U	C150
8671	N3909W	PA32
8672	N3909X	PA34
8677	N39092	L8
867A	N39095	L8
867D	N39098	L8
867F	N391	BE35
8680	N391A	MITE
8683	N391AC	BL8
8686	N391AF	PC12
8689	N391AJ	BL8
868B	N391AL	B214
8691	N391AS	GLAS
8692	N391AT	M7
8699	N391B	H25B
869A	N391BA	GLID
869F	N391BF	SONX
86A0	N391BG	RV4
86A9	N391BR	BE58
86B3	N391CA	CRJ7
86B5	N391CC	P46T
86BE	N391CM	B763
86C0	N391CP	SR22
86C4	N391CT	FDCT
86CB	N391D	P28A
86CC	N391DA	B738
86CE	N391DC	DV20
86D0	N391DE	DO28
86D4	N391DJ	RV8
86D7	N391DM	CH7B
86D8	N391DN	A321
86DD	N391DT	C550
86E0	N391DW	GLST
86E2	N391DY	C150
86E4	N391E	C310
86EA	N391EF	D328
86F0	N391EM	FOX
86F7	N391EU	SVNH
8708	N391FL	CVLP
8709	N391FM	RV8
870D	N391FR	A20N
8713	N391FX	E55P
8722	N391GM	SW3
8728	N391GT	GP3
872F	N391H	BE50
8730	N391HA	A332
8732	N391HC	BE30
874A	N391JB	DEFI
874B	N391JC	GLAS
8754	N391JM	C560
8764	N391KC	P32R
8767	N391KF	RV6
8772	N391KS	ACR2
877D	N391LC	B06
8781	N391LG	AS50
878C	N391LT	P28A
878E	N391LV	R44
8793	N391M	C185
8794	N391MA	BL8
879A	N391MG	PA23
879C	N391MJ	PA15
87A2	N391MQ	RV12
87A4	N391MS	EN28
87B1	N391NE	TBM9
87BD	N391NS	AS50
87C9	N391PD	CH7A
87CD	N391PH	EC35
87D7	N391PT	T210
87EF	N391QS	E55P
87FA	N391RC	SH36
87FB	N391RD	RV9
8802	N391RL	B06
8810	N391S	BE95
8813	N391SC	T206
8818	N391SH	H60
881E	N391SP	C172
8822	N391ST	RV10
8826	N391SX	SONX
882A	N391TA	RV12
882C	XB-MTG	H25B
8837	N391TP	G12T
8841	N391TZ	SF50
8850	N391UP	B763
885B	N391V	RV8
887C	N391WH	P28R
888D	N391X	M5
88A6	N391Y	DSA1
88B7	N391YS	PRM1
88BF	N391Z	BE35
88C0	N391ZA	L39
88D9	N3910A	BE35
88DA	N3910B	C140
88E1	N3910J	C150
88E3	N3910L	C172
88E4	N3910M	PA12
88E5	N3910N	M20P
88E6	N3910P	PA22
88E9	N3910S	C172
88EA	N3910T	P28R
88EB	N3910U	P28A
88F0	N3910Z	PA18
88F2	N39101	B06
88F5	N39104	TAYB
88FB	N3911	AS50
8901	N3911F	C172
8902	N3911G	C340
8907	N3911M	PA12
890A	N3911Q	C172
890B	N3911R	C172
890D	N3911T	P28R
890E	N3911U	C150
8915	N39111	TAYB
891D	N39119	TAYB
891E	N3912	EPIC
8922	N3912D	C182
8925	N3912G	C340
892A	N3912M	P28A
892B	N3912N	M20P
892C	N3912P	P210
892F	N3912S	C172
8933	N3912W	PA32
8934	N3912X	P28A
8937	N39120	TAYB
8940	N39129	TAYB
8946	N3913E	AR11
8947	N3913F	C172
8949	N3913H	ERCO
894A	N3913J	C150
894D	N3913M	PA12
8951	N3913R	C172
8953	N3913T	P28R
8957	N3913X	P28R
8965	N3914A	BE55
8968	N3914D	C182
8969	N3914E	CH7A
896E	N3914K	P28A
8970	N3914M	PA12
8971	N3914N	M20P
8972	N3914P	PA22
8973	N3914Q	C172
8974	N3914R	B407
8975	N3914S	C172
8976	N3914T	P28R
8978	N3914V	C170
8979	N3914W	PA32
897A	N3914X	P28R
897C	N3914Z	PA18
897E	N39141	TAYB
8982	N39145	TAYB
8987	N3915	RLU1
898B	N3915D	C182
898C	N3915E	PA18
898D	N3915F	C172
8991	N3915K	P28A
8995	N3915P	PA22
8997	N3915R	P28A
899A	N3915U	C150
899D	N3915X	PA32
899F	N3915Z	PA18
89A0	N39150	TAYB
89A3	N39153	TAYB
89A6	N39156	TAYB
89A8	N39158	TAYB
89B2	N3916H	M20P
89B3	N3916J	C150
89B4	N3916K	P28A
89B7	N3916N	M20P
89BA	N3916R	C172
89BB	N3916S	C172
89BC	N3916T	P28R
89BD	N3916U	C150
89BE	N3916V	C170
89BF	N3916W	PA32
89C1	N3916Y	C210
89C2	N3916Z	PA18
89C8	N39165	DC2
89D0	N3917C	M4
89D1	N3917D	C182
89D3	N3917F	C172
89D4	N3917G	B06
89D5	N3917H	M20P
89D7	N3917K	P28A
89D8	N3917L	C172
89D9	N3917M	P28A
89DE	N3917S	C172
89DF	N3917T	P28R
89E3	N3917X	P28A
89E5	N3917Z	PA18
89F2	N3918B	GLIM
89F5	N3918E	CH7A
89F6	N3918F	P28A
89F9	N3918J	C150
89FB	N3918L	C172
89FC	N3918M	P28A
89FF	N3918Q	C172
8A03	N3918U	C150
8A06	N3918X	P28R
8A08	N3918Z	PA18
8A0B	N39182	TAYD
8A17	N3919D	C182
8A18	N3919E	CH7A
8A19	N3919F	C172
8A1B	N3919H	ERCO
8A1D	N3919K	P28A
8A22	N3919Q	C172
8A23	N3919R	C172
8A27	N3919V	C170
8A28	N3919W	PA32
8A2B	N3919Z	PA18
8A2C	N39190	TAYD
8A2D	N39191	TAYD
8A36	N392	SA3
8A3A	N392AC	CL2T
8A42	N392AL	B214
8A50	N392B	BE35
8A53	N392BC	B744
8A6A	N392CA	C212
8A6C	N392CC	PA18
8A75	N392CM	SW4
8A7D	N392CV	C82T
8A82	N392D	P28A
8A83	N392DA	B738
8A85	N392DC	DV20
8A8A	N392DH	FOX
8A8F	N392DN	A321
8AAB	N392ER	C172
8AB9	N392FE	DC10
8AC4	N392FR	A20N
8ACA	N392FX	E55P
8AD0	N392GC	RV4
8AE7	N392HA	A332
8AF4	N392HP	P32R
8AF7	N392HS	AS50
8B0A	N392JL	SR22
8B0C	N392JN	RV7
8B10	N392JS	S92
8B11	N392JT	CL60
8B13	N392JV	CH75
8B17	N392JZ	RV9
8B1E	N392KF	FOX
8B2D	N392KW	AT8T
8B4A	N392M	B06
8B4B	N392MA	P46T
8B4F	N392ME	C82S
8B51	N392MG	C25B
8B5B	N392MS	GL7T
8B74	N392NS	AS50
8B7C	N392P	AS50
8B8E	N392PT	C180
8B95	N392Q	GLID
8BA6	N392QS	E55P
8BB5	N392RG	C25A
8BC7	N392S	BE35
8BC8	N392SA	S92
8BC9	N392SB	AVID
8BD3	N392SM	C25A
8BDC	N392SW	B733
8BE0	N392T	PA15
8BE2	N392TB	C510
8BEC	N392TM	AT6T
8C07	N392UP	B763
8C2B	N392W	T28
8C2E	N392WC	PC12
8C76	N392Z	BE35
8C90	N3920A	J3
8C92	N3920C	C421
8C94	N3920E	AR11
8C99	N3920K	P28A
8C9B	N3920M	PA12
8C9C	N3920N	BE35
8C9F	N3920R	C172
8CA2	N3920U	C150
8CA5	N3920X	P28R
8CA7	N3920Z	PA18
8CAB	N39203	TAYB
8CB3	N3921A	J3
8CB4	N3921B	J3
8CBC	N3921K	P28A
8CBD	N3921L	C172
8CBE	N3921M	PA12
8CBF	N3921N	BE35
8CC0	N3921P	PA22
8CC2	N3921R	C172
8CC4	N3921T	P28R
8CC7	N3921W	PA32
8CC8	N3921X	P28R
8CC9	N3921Y	C210
8CD1	N39216	TAYB
8CD6	N3922A	J3
8CD8	N3922C	C421
8CDE	N3922J	C150
8CE0	N3922L	C172
8CE3	N3922P	PA22
8CE5	N3922R	C172
8CE6	N3922S	C172
8CE9	N3922V	C170
8CEA	N3922W	PA32
8CF1	N39223	TAYB
8CF6	N39228	TAYB
8CF9	N3923A	CH7A
8CFB	N3923C	C421
8CFD	N3923E	AR11
8CFF	N3923G	T206
8D07	N3923Q	C172
8D08	N3923R	P28A
8D0C	N3923V	C170
8D0E	N3923X	P28R
8D11	N39230	TAYB
8D13	N39232	TAYB
8D14	N39233	TAYB
8D19	N39238	TAYB
8D20	N3924E	AR11
8D23	N3924H	ERCO
8D24	N3924J	C150
8D27	N3924M	PA12
8D29	N3924P	PA22
8D2A	N3924Q	C172
8D2B	N3924R	KR2
8D2D	N3924T	P28R
8D2E	N3924U	C150
8D30	N3924W	PA32
8D31	N3924X	P28B
8D34	N39240	TAYB
8D36	N39242	TAYB
8D38	N39244	TAYB
8D3A	N39246	TAYB
8D43	N3925E	AR11
8D44	N3925F	C172
8D46	N3925H	M20P
8D48	N3925K	P28A
8D4A	N3925M	FA62
8D4D	N3925Q	C172
8D4F	N3925S	C172
8D50	N3925T	P28R
8D51	N3925U	C150
8D53	N3925W	PA32
8D55	N3925Y	C210
8D59	N39252	M20P
8D5C	N39255	TAYB
8D5F	N39258	TAYB
8D62	N3926A	EC20
8D65	N3926D	ERCO
8D67	N3926F	C172
8D68	N3926G	C340
8D6C	N3926L	C172
8D70	N3926Q	C172
8D71	N3926R	P28A
8D72	N3926S	C172
8D73	N3926T	P28R
8D74	N3926U	C150
8D79	N3926Z	PA18
8D7F	N39265	G109
8D84	N3927	C172
8D88	N3927D	C182
8D8B	N3927G	T206
8D8C	N3927H	ERCO
8D8E	N3927K	P28A
8D8F	N3927L	C172
8D90	N3927M	T206
8D92	N3927P	PA22
8D93	N3927Q	C172
8D94	N3927R	C172
8D95	N3927S	C172
8D9B	N3927Y	C210
8D9C	N3927Z	PA18
8D9D	N39270	TAYB
8DA2	N39275	TAYB
8DA9	N3928B	SR22
8DAB	N3928D	C182
8DAC	N3928E	AR11
8DAD	N3928F	C172
8DAF	N3928H	M20P
8DB1	N3928K	P28A
8DB2	N3928L	C172
8DB3	N3928M	P28R
8DB5	N3928P	CH7A
8DB7	N3928R	C172
8DB9	N3928T	P28R
8DBB	N3928V	C172
8DBD	N3928X	P28R
8DBF	N3928Z	PA18
8DC2	N39282	C182
8DC6	N39286	BE95
8DC7	N39287	TAYB
8DCA	N3929	C172
8DCC	N3929B	ST75
8DCD	N3929C	PA23
8DCE	N3929D	C182
8DD0	N3929F	P32R
8DD9	N3929Q	C172
8DDE	N3929V	C170
8DE1	N3929Y	C210
8DE2	N3929Z	PA18
8DE4	N39291	TAYD
8DE8	N39295	TAYB
8DE9	N39296	TAYB
8DEA	N39297	B738
8DEB	N39298	TAYB
8DEC	N39299	TAYB
8DEE	N393A	MITE
8DF1	N393AC	SH36
8E00	N393AT	L39
8E03	N393AW	VO10
8E07	N393B	C180
8E08	N393BA	GLID
8E1C	N393BW	E545
8E1D	N393BX	GL7T
8E1F	N393BZ	GLEX
8E20	N393C	FOX
8E21	N393CA	C172
8E24	N393CD	SR20
8E26	N393CF	B350
8E2E	N393CP	SR20
8E35	N393CW	GA6C
8E39	N393D	P28A
8E3A	N393DA	B738
8E3C	N393DC	M6
8E45	N393DM	R44
8E46	N393DN	A321
8E4E	N393DW	T206
8E52	N393E	C550
8E55	N393EC	PTMS
8E63	N393ES	C72R
8E68	N393EX	WAIX
8E6D	N393FB	BE58
8E75	N393FK	GLST
8E81	N393FX	E55P
8E8F	N393GL	CJ6
8E96	N393GT	HUSK
8E9E	N393HA	A332
8EB2	N393HW	RV8
8EB9	N393JC	C650
8EBB	N393JE	C68A
8EC0	N393JK	PA46
8EC2	N393JM	SR22
8EC6	N393JR	RV12
8EC7	N393JS	CL30
8EC8	N393JT	QIC2
8ECB	N393JW	BE20
8ED1	N393KB	C68A
8EDD	N393KP	M7
8EE4	N393KW	SS2T
8EF9	N393LS	RV8
8F02	N393MA	CH7B
8F0D	N393MM	P32R
8F0F	N393MP	C421
8F26	N393NM	R44
8F2B	N393NS	AS50
8F30	N393NX	CC11
8F33	N393P	AS50
8F3B	N393PH	EC45
8F3C	N393PJ	C501
8F44	N393PS	M20P
8F49	N393PX	SREY
8F5D	N393QS	E55P
8F65	N393R	E300
8F66	N393RA	C56X
8F68	N393RC	TAIL
8F6C	N393RG	CC11
8F6E	N393RJ	RV7
8F7E	N393S	B06
8F80	N393SB	GLIM
8F81	N393SC	LJ35
8F85	N393SG	C25B
8F8C	N393SP	C172
8F8E	N393SR	M20T
8F97	N393T	BE35
8F99	N393TB	PA30
8F9A	N393TC	T18
8F9D	N393TF	SIDE
8FBE	N393UP	B763
8FCF	N393VF	GLF5
8FE2	N393W	T28
8FE3	N393WA	L39
8FF7	N393WW	E300
902D	N393Z	CH80
904A	N3930D	C182
9050	N3930K	P28A
9051	N3930L	PA18
9054	N3930P	PA22
9057	N3930S	C172
905B	N3930W	PA32
905C	N3930X	PA34
9062	N39303	DHC2
9065	N39306	AR6T
9068	N39309	AR6T
9069	N3931	WACO
906A	N3931A	AS50
906D	N3931D	C182
906E	N3931E	AR11
9073	N3931K	P28A
9074	N3931L	C172
9075	N3931M	PA12
9079	N3931R	T6
907B	N3931T	P28R
907F	N3931X	WAIX
9080	N3931Y	T6
9083	N39311	T6
9085	N39313	T6
9089	N39317	AR6T
908D	N3932A	T34P
9092	N3932F	ST75
9097	N3932L	C172
909A	N3932P	PA22
909E	N3932T	P28R
90A4	N3932Z	PA18
90AC	N39327	AR65
90B0	N3933A	AS50
90B4	N3933E	AR11
90B7	N3933H	M20P
90BB	N3933M	PA12
90C4	N3933W	PA32
90C5	N3933X	P28R
90C7	N3933Z	PA18
90CA	N39332	ST75
90D3	N3934A	AS50
90D4	N3934B	C180
90D8	N3934F	C172
90DC	N3934K	P28A
90DD	N3934L	C172
90DF	N3934N	BE35
90E1	N3934Q	C172
90E3	N3934S	C172
90E6	N3934V	C170
90E7	N3934W	PA32
90EA	N3934Z	PA18
90F3	N39348	AR6T
90F6	N3935A	AS50
90F9	N3935D	C182
90FA	N3935E	AR11
90FE	N3935J	C150
90FF	N3935K	P28A
9101	N3935M	PA12
9102	N3935N	BE35
9104	N3935Q	C172
9106	N3935S	C172
9108	N3935U	C150
910A	N3935W	PA32
910C	N3935Y	PA46
910F	N39351	AR6T
9119	N3936A	CAT
911E	N3936F	C172
911F	N3936G	C340
9123	N3936L	C172
9124	N3936M	P28A
9125	N3936N	M20P
9126	N3936P	PA22
9128	N3936R	C172
912A	N3936T	P28R
912B	N3936U	C150
912C	N3936V	C150
912D	N3936W	PA32
9133	N39362	LA4
913C	N3937A	AS50
9144	N3937J	C150
9147	N3937M	PA12
914A	N3937Q	C172
9150	N3937W	PA32
9153	N3937Z	PA18
9158	N39374	AR6T
915C	N39378	HIGH
915F	N3938A	AS50
9161	N3938C	RV7
9165	N3938G	C340
9167	N3938J	C150
9168	N3938K	P28A
916B	N3938N	M20P
916C	N3938P	PA22
916D	N3938Q	C172
916E	N3938R	C172
9171	N3938U	C150
9173	N3938W	PA32
9176	N3938Z	PA18
917E	N39387	LA4
9182	N3939A	AS50
9185	N3939D	C182
9188	N3939G	T206
9189	N3939H	ERCO
918A	N3939J	C150
918B	N3939K	P28A
918C	N3939L	L29
918D	N3939M	PA12
9191	N3939R	P28A
9192	N3939S	C172
9195	N3939V	C150
9197	N3939X	P28A
9199	N3939Z	PA18
919F	N39395	AR6T
91A1	N39397	AR6T
91A4	N394	CRUZ
91A6	N394AA	HUSK
91A8	N394AC	T18
91AB	N394AF	PC12
91AC	N394AG	C56X
91AE	N394AJ	GLF4
91B0	N394AL	BE9L
91B1	N394AM	AP32
91BE	N394B	CL30
91BF	N394BA	GLID
91C0	N394BB	C56X
91C7	N394BJ	AVID
91D7	N394C	S108
91DA	N394CC	SR20
91E1	N394CK	BE30
91E3	N394CM	C510
91E5	N394CP	SR22
91E8	N394CS	A321
91EB	N394CV	C82T
91F0	N394D	P28A
91F1	N394DA	B738
91F3	N394DC	D328
91FB	N394DL	B763
9201	N394DS	P28A
9206	N394DX	A321
920A	N394EA	BE36
921E	N394EW	TBM7
9224	N394FB	CH65
9227	N394FE	DC10
9232	N394FR	A20N
9238	N394FX	E55P
923C	N394GA	C25A
9246	N394GL	FOX
924D	N394GT	GP3
925C	N394HH	GL5T
9262	N394HP	P32R
9279	N394JM	SR22
9296	N394KR	T50
92A0	N394LA	AT5T
92A4	N394LE	P32R
92B8	N394M	UH1
92B9	N394MA	C240
92BA	N394MB	B505
92BB	N394MC	BE55
92C2	N394MK	SR22
92C4	N394MM	PA46
92D2	N394NA	T6
92EA	N394P	AS50
92F6	N394PM	SR22
92FF	N394PW	CC11
9303	N394Q	T210
9314	N394QS	E55P
931D	N394RA	C210
931E	N394RB	BL8
9327	N394RL	BL8
9331	N394RW	TBM7
933A	N394SE	PA46
933B	N394SF	C208
933E	N394SJ	SR22
9343	N394SP	C172
9345	N394SR	C25C
934A	N394SW	B733
935A	N394TM	AT6T
9363	N394TW	CH65
9375	N394UP	B763
939A	N394WA	L39
939B	N394WB	SRAI
93A2	N394WJ	GLEX
93AB	N394WT	SR22
93FE	N3940A	AS50
9406	N3940J	C150
9407	N3940K	P28A
9409	N3940M	P28A
940E	N3940S	C172
9410	N3940U	C150
9411	N3940V	C150
9415	N3940Z	PA18
9417	N39401	B26
9419	N39403	T6
9424	N3941D	C182
9425	N3941E	AR11
9428	N3941H	M20P
942A	N3941K	P28A
942C	N3941M	PA12
942D	N3941N	BE35
9430	N3941R	C172
9436	N3941X	PA32
943E	N39415	B739
943F	N39416	B739
9441	N39418	B739
9444	N3942A	RV12
9448	N3942E	AR11
9449	N3942F	C172
944E	N3942L	C172
944F	N3942M	PA12
9450	N3942N	M20P
9452	N3942Q	C172
9453	N3942R	C172
9454	N3942S	C172
9455	N3942T	P28R
9457	N3942V	C170
9458	N3942W	PA32
945B	N3942Z	PA18
945C	N39420	C172
945E	N39422	S10
945F	N39423	B739
9461	N39425	QIC2
946A	N3943D	C182
946E	N3943H	ERCO
9473	N3943N	BE35
9478	N3943T	P28R
947A	N3943V	C170
947B	N3943W	PA32
947C	N3943X	P28R
947D	N3943Y	C210
9485	N39436	FB1A
9489	N3944	C172
948A	N3944A	AS50
948E	N3944E	AR11
948F	N3944F	P28A
9493	N3944K	P28A
9495	N3944M	PA12
9498	N3944Q	C172
9499	N3944R	C172
949A	N3944S	RV4
949E	N3944W	PA32
949F	N3944X	P28R
94A0	N3944Y	C210
94A1	N3944Z	PA18
94A2	N39440	S10
94AB	N39449	FB1A
94B0	N3945D	C182
94B1	N3945E	PA36
94B2	N3945F	P28A
94B5	N3945J	C150
94B6	N3945K	P28A
94BA	N3945P	PA22
94BC	N3945R	P28A
94BD	N3945S	C172
94C2	N3945X	PA32
94C4	N3945Z	PA18
94C5	N39450	B739
94CB	N39456	P28A
94CC	N39457	P28R
94CE	N39459	P32R
94CF	N3946	ST75
94D0	N3946A	AS50
94D4	N3946E	AR11
94D5	N3946F	C172
94D9	N3946K	O1
94DB	N3946M	PA46
94DE	N3946Q	C185
94E0	N3946S	C172
94E1	N3946T	P28R
94E6	N3946Y	C210
94E9	N39461	B739
94EB	N39463	B739
94EC	N39464	P32R
94EE	N39466	PA34
94F1	N39469	S10
94F3	N3947A	AS50
94F5	N3947C	H269
94F6	N3947D	C182
94F8	N3947F	C172
9500	N3947P	PA22
9501	N3947Q	DHC2
9502	N3947R	C172
9503	N3947S	J3
9506	N3947V	C170
9509	N3947Y	C210
950A	N3947Z	PA18
950B	N39470	S108
950D	N39472	P28A
950F	N39474	BE23
9510	N39475	B739
9511	N39476	P28R
9512	N39477	P28R
9513	N39478	P32R
9514	N39479	P32R
9516	N3948A	AS50
951A	N3948E	AR11
951D	N3948H	ERCO
951F	N3948K	P28A
9523	N3948P	PA22
9524	N3948Q	C172
9526	N3948S	C172
9528	N3948U	C150
952C	N3948Y	C210
952D	N3948Z	PA18
9533	N39485	S10
9537	N39489	P32R
9538	N3949	SA30
9539	N3949A	AS50
953D	N3949E	AR11
953E	N3949F	C172
9541	N3949J	C150
9544	N3949M	P28R
9546	N3949P	PA22
9547	N3949Q	C172
9548	N3949R	C172
9549	N3949S	C172
954C	N3949V	C170
954E	N3949X	P28R
9550	N3949Z	PA18
9557	N39496	P28A
9559	N39498	S108
955D	N395AA	B350
955E	N395AB	BE9L
955F	N395AC	BL8
9561	N395AE	B06
9568	N395AM	BE20
956E	N395AT	CC11
9570	N395AV	BE30
9576	N395BA	PA38
9578	N395BC	LJ45
958F	N395CA	PA31
9591	N395CC	PA11
9592	N395CD	SR22
9593	N395CE	R44
9594	N395CF	BE30
959A	N395CM	B763
959C	N395CP	SR22
95A2	N395CV	C82T
95A7	N395D	P28A
95AA	N395DC	D328
95AE	N395DG	COUR
95B4	N395DN	B738
95BF	N395DZ	A321
95D3	N395EU	BE36
95D9	N395F	H60
95DE	N395FE	DC10
95E9	N395FR	A20N
95EF	N395FX	E55P
95F8	N395GF	B350
9604	N395GT	GP3
960B	N395H	COUR
960C	N395HA	A332
9610	N395HE	FA50
9619	N395HP	P32R
9623	N395HZ	LNC2
9625	N395JA	DV20
962D	N395JJ	PA34
9632	N395JP	DA40
963D	N395K	CRBN
9644	N395KG	PA34
9657	N395LA	P28A
9659	N395LC	P180
965F	N395LJ	LJ31
9662	N395LM	SR22
966F	N395M	UH1
9670	N395MA	P28B
9671	N395MB	BE30
9674	N395ME	T206
9679	N395MK	L39
967F	N395MR	M20P
9681	N395MT	P28A
9699	N395NS	AS50
96A1	N395P	AS50
96A4	N395PC	PC12
96AD	N395PM	PA46
96CB	N395QS	E55P
96D6	N395RC	B350
96E7	N395RV	SM19
96ED	N395SA	BE36
96EE	N395SB	SR20
96F0	N395SD	UH1
96F8	N395SM	P46T
96FA	N395SP	C172
96FD	N395SS	P180
96FE	N395ST	C182
9701	N395SW	B733
9708	N395TC	AC11
970C	N395TG	B350
970D	N395TH	C172
971A	N395TW	PA18
972C	N395UP	B763
9750	N395W	PC12
9752	N395WB	LJ45
9759	N395WJ	C56X
9760	N395WR	P51
979B	N395Z	BE35
979C	N395ZA	L39
97B5	N3950A	GLIM
97B6	N3950B	GLID
97BA	N3950F	C172
97BC	N3950H	ERCO
97BE	N3950K	P28A
97C0	N3950M	PA32
97C3	N3950Q	C172
97C4	N3950R	C172
97C5	N3950S	C172
97C6	N3950T	P28R
97C8	N3950V	C170
97C9	N3950W	PA32
97CB	N3950Y	C210
97CD	N39500	P28B
97CE	N39501	T206
97D0	N39503	P32R
97D3	N39506	P32R
97D8	N3951A	AS50
97DC	N3951E	AR11
97E0	N3951J	C150
97E5	N3951P	PA22
97E6	N3951Q	C172
97E9	N3951T	P28R
97EB	N3951V	C170
97EC	N3951W	PA32
97ED	N3951X	PA34
97EE	N3951Y	C210
97F2	N39512	P28A
97F3	N39513	P28R
97F5	N39515	AR6T
97F7	N39517	P32R
97FB	N3952A	BE35
9800	N3952F	P28A
9803	N3952J	C150
9804	N3952K	P28A
9806	N3952M	P32R
9809	N3952Q	C172
980A	N3952R	P28A
980B	N3952S	C172
980C	N3952T	P28R
980E	N3952V	M7
980F	N3952W	PA32
9812	N3952Z	PA18
9815	N39522	PA34
9818	N39525	P32R
9819	N39526	P32R
981A	N39527	P32R
981B	N39528	AR6T
981E	N3953A	AS50
981F	N3953B	ST75
9823	N3953F	C172
9826	N3953J	C150
9827	N3953K	P28A
982A	N3953N	BE35
982B	N3953P	C185
982C	N3953Q	C185
982E	N3953S	C172
982F	N3953T	P28R
9835	N3953Z	PA18
9836	N39530	PA34
983B	N39535	P28R
983F	N39539	P32R
9841	N3954A	BE33
9846	N3954F	C172
9849	N3954J	C150
984D	N3954N	BE35
984E	N3954P	PA22
9850	N3954R	P28A
9851	N3954S	C172
9853	N3954U	C150
9854	N3954V	C170
9856	N3954X	P28A
9857	N3954Y	C210
9858	N3954Z	PA18
9859	N39540	P32R
985A	N39541	P32R
985F	N39546	P28A
9860	N39547	P28R
9862	N39549	AR65
9863	N3955	FH11
9865	N3955B	ST75
9868	N3955E	AR11
9869	N3955F	C172
986C	N3955J	C150
986E	N3955L	C172
9871	N3955P	PA22
9874	N3955S	C172
987B	N3955Z	PA18
987D	N39551	P32R
987E	N39552	AR65
987F	N39553	P32R
9887	N3956A	CH7A
9888	N3956B	ST75
988A	N3956D	C182
988F	N3956J	C150
9892	N3956M	P28A
9894	N3956P	PA22
9896	N3956R	P28A
989C	N3956X	P28R
989D	N3956Y	C210
98A2	N39563	AR6T
98A4	N39565	AR6T
98A7	N39568	P28R
98A8	N39569	PA32
98AA	N3957A	BE35
98AE	N3957E	PA36
98AF	N3957F	P28R
98B2	N3957J	C150
98B5	N3957M	PA12
98B8	N3957Q	C172
98BA	N3957S	C172
98BE	N3957W	PA32
98C0	N3957Y	C210
98C1	N3957Z	PA18
98C6	N39574	AR65
98C7	N39575	AR65
98C9	N39577	P32R
98CC	N3958	T6
98CD	N3958A	BE35
98D1	N3958E	PA36
98D2	N3958F	C172
98D4	N3958H	ERCO
98D6	N3958K	P28A
98D7	N3958L	C172
98DA	N3958P	PA22
98DB	N3958Q	C172
98DE	N3958T	P28R
98E0	N3958V	C170
98E4	N3958Z	PA18
98E5	N39580	AR65
98F3	N3959D	C182
98F6	N3959G	C340
98F7	N3959H	ERCO
98F8	N3959J	C150
98FA	N3959L	C172
98FC	N3959N	BE35
98FF	N3959R	P28A
9900	N3959S	C172
9901	N3959T	P28R
9905	N3959X	P28A
9906	N3959Y	C210
9907	N3959Z	PA18
990A	N39592	PA34
990C	N39594	PA34
990E	N39596	AR6T
9911	N39599	AR6T
9916	N396AC	BL8
9919	N396AF	BE9L
991F	N396AM	HUSK
992E	N396BB	C680
992F	N396BC	CL30
9933	N396BG	CH7B
9946	N396CA	P212
9951	N396CM	B763
9953	N396CP	H269
9957	N396CT	PAY3
9959	N396CV	C82T
995A	N396CW	PA18
995E	N396D	BE9L
995F	N396DA	B738
996B	N396DN	A321
996F	N396DS	RV6
9995	N396FE	DC10
9997	N396FG	PC12
99A0	N396FR	A20N
99A1	N396FS	BE9L
99A5	N396FW	PAY3
99A6	N396FX	E55P
99A9	N396G	P28A
99AC	N396GC	GLAS
99AF	N369GF	B350
99BB	N396GT	GP3
99C3	N396HA	A332
99D2	N396HR	C240
99DC	N396JA	DV20
99DD	N396JB	AVID
99DF	N396JD	RV8
99E2	N396JG	BE36
99E3	N396JH	PA31
99EB	N396JR	FA50
99EC	N396JS	CL30
99F0	N396JW	RV6
99F8	N396KD	AP32
9A00	N396KM	CL60
9A0E	N396LA	AT8T
9A14	N396LG	AS50
9A16	N396LJ	PA18
9A29	N396MC	C82S
9A2C	N396MF	BE20
9A2E	N396MH	LGEZ
9A3B	N396MW	PA11
9A3D	N396MY	EPIC
9A50	N396NS	GLF4
9A5B	N396PC	PTS1
9A64	N396PM	BE35
9A65	N395PD	CL35
9A82	N396QS	C680
9A95	N396RL	B06
9A98	N396RP	BE36
9AB1	N396SP	C172
9AB4	N396SS	L11
9AB8	N396SW	B733
9ABD	N396TA	C172
9ABF	N396TC	C180
9ACE	N396TT	SAKO
9AE3	N396UP	B763
9B07	N396W	ACR2
9B0A	N396WC	GLID
9B13	N396WM	A37
9B6B	N3960	WACO
9B71	N3960F	C172
9B72	N3960G	C340
9B75	N3960K	P28A
9B77	N3960M	PA12
9B7A	N3960Q	C172
9B7B	N3960R	P28A
9B7C	N3960S	C172
9B7D	N3960T	P28R
9B7E	N3960U	C150
9B80	N3960W	PA32
9B82	N3960Y	C210
9B84	N39600	PA32
9B85	N39601	FINC
9B87	N39603	P32R
9B88	N39604	FINC
9B89	N39605	PA34
9B8D	N39609	P28A
9B8E	N3961	PTS1
9B99	N3961L	C172
9B9A	N3961M	P28A
9B9C	N3961P	PA22
9B9E	N3961R	P28A
9BA0	N3961T	P28R
9BA1	N3961U	C150
9BA2	N3961V	C150
9BA5	N3961Y	C210
9BA7	N39610	P28A
9BA8	N39611	P28R
9BAA	N39613	PA32
9BAB	N39614	FINC
9BAE	N39617	FINC
9BB0	N39619	P32R
9BB8	N3962G	T206
9BBA	N3962J	C150
9BBB	N3962K	P28A
9BC0	N3962Q	C172
9BC1	N3962R	P28A
9BC3	N3962T	P28R
9BC5	N3962V	C170
9BCB	N39621	PA44
9BCD	N39623	FINC
9BD0	N39626	PA32
9BD2	N39628	P32R
9BD4	N3963	WACO
9BD5	N3963A	CH7A
9BD7	N3963C	C208
9BD8	N3963D	C182
9BDB	N3963G	C340
9BDC	N3963H	M20P
9BDF	N3963L	C172
9BE5	N3963S	C172
9BE8	N3963V	C170
9BEC	N3963Z	PA18
9BEF	N39632	CH7A
9BF0	N39633	P28A
9BF1	N39634	AR11
9BF3	N39636	PA32
9BF4	N39637	P32R
9BF6	N39639	P32R
9BF7	N3964	GLID
9BFD	N3964F	C172
9C02	N3964L	C172
9C04	N3964N	M20P
9C05	N3964P	PA22
9C07	N3964R	P28A
9C08	N3964S	C172
9C09	N3964T	P28R
9C0C	N3964W	BEAR
9C12	N39642	CH7A
9C16	N39646	P28R
9C17	N39647	P32R
9C20	N3965F	C172
9C28	N3965P	PA22
9C2A	N3965R	P28A
9C2B	N3965S	C172
9C2C	N3965T	P28R
9C2E	N3965V	CH60
9C30	N3965X	P28A
9C32	N3965Z	PA18
9C33	N39650	P32R
9C37	N39654	P32R
9C38	N39655	PA34
9C3D	N3966	RS12
9C42	N3966E	AR11
9C43	N3966F	C172
9C45	N3966H	ERCO
9C46	N3966J	C150
9C48	N3966L	C172
9C4D	N3966R	P28A
9C4E	N3966S	C172
9C55	N3966Z	PA18
9C56	N39660	P32R
9C5F	N39669	PA44
9C61	N3967A	TBM
9C62	N3967B	J3
9C65	N3967E	AR11
9C69	N3967J	C150
9C6A	N3967K	P28A
9C6B	N3967L	C172
9C6F	N3967Q	C172
9C77	N3967Y	C210
9C78	N3967Z	PA18
9C7A	N39671	PA32
9C7C	N39673	P32R
9C83	N3968	WACO
9C86	N3968C	B25
9C87	N3968D	C182
9C89	N3968F	C172
9C8A	N3968G	C421
9C8B	N3968H	ERCO
9C8D	N3968K	P28A
9C8E	N3968L	C172
9C90	N3968N	M20P
9C92	N3968Q	T206
9C94	N3968S	C172
9C95	N3968T	P28R
9C98	N3968W	PA32
9C99	N3968X	PA34
9C9A	N3968Y	C210
9CA4	N39688	P28A
9CA7	N3969A	TBM
9CA8	N3969B	PA12
9CAB	N3969E	AR11
9CAE	N3969H	ERCO
9CAF	N3969J	C150
9CBB	N3969W	PA32
9CBF	N39690	P32R
9CC3	N39694	P32R
9CC6	N39697	P28A
9CC7	N39698	P28A
9CC9	N397	P337
9CD5	N397AL	B412
9CD6	N397AM	DA40
9CD7	N397AN	B763
9CDF	N397AW	BE58
9CE2	N397AZ	B763
9CE6	N397BC	C56X
9CFC	N397C	S108
9CFD	N397CA	C82T
9CFF	N397CC	CC19
9D08	N397CM	C510
9D0A	N397CP	C82T
9D0E	N397CT	RV8
9D10	N397CV	C82T
9D15	N397D	BE95
9D16	N397DA	B738
9D1E	N397DJ	T206
9D20	N397DL	CH70
9D22	N397DN	A321
9D2E	N397E	B06
9D35	N397EG	C68A
9D3F	N397ES	C72R
9D4C	N397FE	DC10
9D5D	N397FX	E55P
9D60	N397G	C25C
9D72	N397GT	GP3
9D87	N397HP	C97
9D92	N397J	J3
9D95	N397JC	RV12
9D96	N397JD	SF50
9D9B	N397JJ	GLF4
9DAB	N397K	CRBN
9DC5	N397LA	AT8T
9DC6	N397LB	RV12
9DCB	N397LG	AS50
9DCD	N397LJ	PA18
9DDE	N397MA	HUSK
9DE2	N397ME	C82S
9DE4	N397MG	BE40
9DE7	N397MK	RAF2
9DEE	N397MS	C210
9DF2	N397MW	C82S
9DF4	N397MY	EPIC
9DFD	N397NG	PC12
9E07	N397NS	AS50
9E0F	N397P	AS50
9E10	N397PA	J5
9E12	N397PC	PA24
9E1B	N397PM	PA46
9E20	N397PS	CRUZ
9E39	N397QS	C680
9E44	N397RC	BE24
9E45	N397RD	BL8
9E4C	N397RL	B06
9E55	N397RV	RV7
9E56	N397RW	GLF6
9E5D	N397SC	C500
9E62	N397SH	A139
9E66	N397SM	GLST
9E6A	N397SR	PA11
9E6C	N397ST	COL4
9E6D	N397SU	R44
9E6F	N397SW	B733
9E70	N397SX	SONX
9E74	N397TA	TWEN
9E75	N397TB	TB21
9E76	N397TC	T206
9E9A	N397UP	B763
9EA5	N397V	RV7
9ECB	N397WN	P28A
9ED7	N397X	M5
9F0A	N397ZA	L39
9F27	N3970E	AR11
9F2A	N3970H	M20P
9F2D	N3970L	C172
9F2F	N3970N	M20P
9F30	N3970P	BE20
9F31	N3970Q	C172
9F32	N3970R	P28A
9F33	N3970S	C172
9F35	N3970U	C150
9F36	N3970V	C170
9F38	N3970X	P28A
9F39	N3970Y	C210
9F3B	N39700	WACF
9F3F	N39704	PA44
9F41	N39706	P32R
9F42	N39707	P32R
9F43	N39708	WACF
9F49	N3971D	C182
9F4D	N3971H	ERCO
9F4F	N3971K	P28A
9F50	N3971L	C172
9F51	N3971M	PA12
9F52	N3971N	M20P
9F53	N3971P	PA18
9F55	N3971R	PA32
9F5A	N3971W	PA32
9F5C	N3971Y	C210
9F5F	N39711	P28A
9F61	N39713	WACF
9F62	N39714	WACF
9F63	N39715	P28A
9F64	N39716	WACF
9F65	N39717	WACF
9F66	N39718	P28R
9F67	N39719	P32R
9F69	N3972A	AS50
9F6D	N3972E	T6
9F6F	N3972G	T206
9F72	N3972K	P28A
9F73	N3972L	C172
9F74	N3972M	PA12
9F76	N3972P	PA18
9F77	N3972Q	C172
9F7A	N3972T	P28R
9F7B	N3972U	ST75
9F7C	N3972V	C170
9F7D	N3972W	PA32
9F7E	N3972X	P28R
9F82	N39721	WACF
9F84	N39723	WACF
9F85	N39724	PA34
9F86	N39725	WACF
9F87	N39726	B737
9F88	N39727	WACF
9F89	N39728	B737
9F8E	N3973C	ERCO
9F8F	N3973D	C182
9F90	N3973E	AR11
9F91	N3973F	C172
9F9A	N3973Q	C172
9F9C	N3973S	C172
9F9D	N3973T	P28R
9F9E	N3973U	C150
9FA5	N39731	P28A
9FA6	N39732	P28A
9FA8	N39734	WACF
9FAB	N39737	WACF
9FAC	N39738	WACF
9FAD	N39739	P28A
9FAF	N3974A	J3
9FB5	N3974G	T206
9FB9	N3974L	C172
9FBA	N3974M	P28A
9FBE	N3974R	P28A
9FC1	N3974U	C150
9FC4	N3974X	PA34
9FCA	N39743	WACF
9FCB	N39744	P32R
9FCE	N39747	P28A
9FCF	N39748	WACF
9FD0	N39749	P28A
9FD2	N3975A	CL30
9FD3	N3975B	ST75
9FD4	N3975C	PA46
9FD7	N3975F	C172
9FDB	N3975K	P28A
9FDC	N3975L	C172
9FDE	N3975N	BE35
9FE0	N3975Q	C172
9FE2	N3975S	C172
9FE6	N3975W	SVNH
9FE9	N3975Z	PA18
9FEB	N39751	P32R
9FED	N39753	WACF
9FEE	N39754	WACF
9FF0	N39756	WACF
9FF3	N39759	PA34
9FF4	N3976	SA30
9FF6	N3976B	ST75
9FFB	N3976G	T206
9FFC	N3976H	ERCO
9FFF	N3976L	C172
A000	N3976M	PA12
A001	N3976N	RV4
A005	N3976S	C172
A008	N3976V	C170
A00B	N3976Y	C210
A010	N39763	DFLY
A014	N39767	ST75
A018	N3977A	ST75
A019	N3977B	ST75
A01B	N3977D	C182
A01E	N3977G	RV6
A01F	N3977H	ERCO
A024	N3977N	M20P
A025	N3977P	PA18
A026	N3977Q	C172
A027	N3977R	P28A
A028	N3977S	C172
A029	N3977T	P28R
A031	N39771	PA32
A032	N39772	SRAI
A033	N39773	P32R
A03C	N3978B	ST75
A046	N3978M	PA12
A048	N3978P	C152
A04B	N3978S	C172
A052	N3978Z	UH12
A054	N39781	C170
A05A	N39787	LA4
A063	N3979F	C172
A066	N3979J	PA34
A067	N3979K	P28A
A068	N3979L	C172
A06C	N3979Q	C172
A06D	N3979R	P28A
A071	N3979V	C170
A074	N3979Y	C210
A075	N3979Z	PA18
A077	N39791	LA4
A07F	N39799	LA4
A081	N398A	C208
A084	N398AC	RJ85
A088	N398AG	BL8
A08B	N398AK	PA18
A08D	N398AM	B407
A08E	N398AN	B763
A092	N398AS	AT8T
A095	N398AV	A320
A09C	N398BB	BE40
A09D	PR-JOK	BE58
A0B3	N398C	BE35
A0B4	N398CA	CRJ7
A0B6	N398CC	PA11
A0BF	N398CM	RC3
A0C1	N398CP	C82T
A0C7	N398CV	C82T
A0CD	N398DA	B738
A0CF	N398DC	D328
A0D8	N398DM	FOX
A0D9	N398DN	A321
A0E1	N398DW	GLID
A0F3	N398EP	BE36
A0F6	N398ES	C72R
A103	N398FE	DC10
A117	N398G	M20P
A119	N398GB	C172
A129	N398GT	GP3
A130	N398H	P28A
A149	N398J	PC12
A14F	N398JF	M20P
A155	N398JM	LGEZ
A162	N398K	SA30
A16D	N398KL	SW4
A177	N398KW	SS2T
A17C	N398LA	AT8T
A184	N398LJ	BT36
A18D	N398LT	BE35
A194	N398M	UH1
A199	N398ME	C82S
A1A2	N398MP	PC12
A1A6	N398MT	EXEC
A1A9	N398MW	SR22
A1BE	N398NS	AS50
A1C6	N398P	C320
A1CC	N398PF	C56X
A1D2	N398PM	PA46
A1F0	N398QS	E55P
A1FB	N398RC	COY2
A1FC	N398RD	PA31
A202	N398RK	AT6T
A209	N398RS	C56X
A211	N398S	LNCE
A212	N398SA	TB20
A213	N398SB	BL8
A214	N398SC	PA18
A21F	N398SP	PA31
A22A	N398T	BE36
A22D	N398TC	P32R
A275	N398W	C180
A278	N398WC	B06
A27B	N398WF	PA46
A281	N398WM	RV14
A28E	N398X	M5
A2D9	N3980	AS14
A2DA	N3980A	AS50
A2DD	N3980D	DFLY
A2DE	N3980E	PA36
A2E0	N3980G	C340
A2E1	N3980H	ST75
A2E2	N3980J	C150
A2E3	N3980K	P28A
A2E4	N3980L	C172
A2E8	N3980Q	C172
A2E9	N3980R	P28A
A2EB	N3980T	TF19
A2EC	N3980U	P28A
A2ED	N3980V	C170
A2EE	N3980W	PA32
A2F1	N3980Z	C185
A2F8	N39806	BL17
A2F9	N39807	BL17
A2FA	N39808	BL17
A2FD	N3981A	GLID
A2FE	N3981B	J3
A2FF	N3981C	GLIM
A300	N3981D	C182
A303	N3981G	C340
A304	N3981H	GLIM
A305	N3981J	C150
A306	N3981K	P28A
A30E	N3981T	GLST
A310	N3981V	C170
A311	N3981W	PA32
A312	N3981X	ONEX
A314	N3981Z	PA18
A315	N39810	GLIM
A316	N39811	BL17
A31D	N39818	BL17
A31F	N3982	CHR4
A321	N3982B	ST75
A323	N3982D	C182
A324	N3982E	PA36
A329	N3982K	P28A
A32D	N3982P	PA18
A32E	N3982Q	C172
A330	N3982S	C172
A332	N3982U	C150
A334	N3982W	PA32
A335	N3982X	P28R
A337	N3982Z	PA18
A338	N39820	BL17
A33B	N39823	BL17
A33E	N39826	BL17
A340	N39828	BL17
A341	N39829	BL17
A343	N3983A	AS50
A348	N3983F	C172
A349	N3983G	C340
A34B	N3983J	C150
A353	N3983S	C172
A356	N3983V	C170
A359	N3983Y	C210
A35A	N3983Z	PA18
A35F	N39834	BL17
A363	N39838	BL17
A364	N39839	BL17
A365	N3984	BE60
A369	N3984D	C182
A36A	N3984E	AR11
A36B	N3984F	C172
A36D	N3984H	ERCO
A36E	N3984J	C150
A372	N3984N	M20P
A373	N3984P	PA18
A374	N3984Q	C172
A375	N3984R	P28A
A376	N3984S	C172
A377	N3984T	P28R
A379	N3984V	C150
A37C	N3984Y	C210
A37D	N3984Z	PA18
A381	N39843	BL17
A382	N39844	BL17
A387	N39849	BL17
A38A	N3985B	ST75
A390	N3985H	ERCO
A391	N3985J	C150
A394	N3985M	PA12
A395	N3985N	M20P
A396	N3985P	PA18
A397	N3985Q	C172
A398	N3985R	P28A
A39A	N3985T	P28R
A3A0	N3985Z	PA18
A3A2	N39851	BL17
A3A7	N39856	BL17
A3AB	N3986	DSA1
A3B1	N3986F	C172
A3B9	N3986P	PA18
A3BA	N3986Q	C172
A3C0	N3986W	PA32
A3C6	N39862	BL17
A3C7	N39863	BL17
A3CC	N39868	BL17
A3D4	N3987F	C172
A3D5	N3987G	T206
A3D7	N3987J	C150
A3DB	N3987N	M20P
A3DC	N3987P	PA18
A3E0	N3987T	GP3
A3E1	N3987U	C150
A3E3	N3987W	PA32
A3E4	N3987X	P28A
A3EA	N39873	BL17
A3ED	N39876	BL17
A3F0	N39879	BL17
A3F5	N3988D	C182
A3FA	N3988J	C150
A3FC	N3988L	C172
A3FD	N3988M	PA12
A3FE	N3988N	M20P
A403	N3988T	P28R
A404	N3988U	C150
A405	N3988V	C170
A406	N3988W	PA32
A407	N3988X	P28R
A40A	N39880	BL17
A40B	N39881	BL17
A40C	N39882	BL17
A40F	N39885	BL17
A410	N39886	BL17
A413	N39889	BL17
A416	N3989B	J3
A41A	N3989F	P28A
A41B	N3989G	T206
A41C	N3989H	ERCO
A41E	N3989K	P28A
A41F	N3989L	C172
A420	N3989M	P28R
A421	N3989N	M20P
A423	N3989Q	C172
A424	N3989R	P28A
A425	N3989S	C172
A427	N3989U	C150
A428	N3989V	C170
A429	N3989W	PA32
A42A	N3989X	PA32
A42B	N3989Y	C210
A430	N39893	BL17
A432	N39895	BL17
A433	N39896	BL17
A434	N39897	BL17
A436	N39899	BL17
A437	N399	GA5C
A438	N399A	FOX
A439	N399AA	SR22
A43A	N399AB	C525
A43B	N399AC	RJ85
A43C	N399AD	RV12
A43D	N399AE	B06
A442	N399AK	RV9
A444	N399AM	PC12
A44C	N399AV	PA18
A451	N399B	BE35
A454	N399BC	CH7B
A45B	N399BK	VELO
A45D	N399BM	BE20
A461	N399BR	COZY
A469	N399BZ	BL8
A46A	N399C	S108
A46B	N399CA	BT36
A46C	N399CB	C402
A46D	N399CC	PA11
A475	N399CL	SF34
A478	N399CP	C82T
A47E	N399CV	C82T
A482	N399CZ	BE99
A484	N399DA	B738
A487	N399DD	SR22
A489	N399DF	C82T
A48A	N399DG	VELO
A48F	N399DM	MU30
A491	N399DP	ACRO
A494	N399DS	DA40
A49C	N399E	C150
A4A1	N399EE	RV14
A4AD	N399ES	C72R
A4B5	N399F	C180
A4BA	N399FE	DC10
A4C0	N399FL	CL60
A4C3	N399FP	RV12
A4CE	N399G	C25A
A4D0	N399GB	GB1
A4E7	N399H	C182
A4E8	N399HA	A332
A4EA	N399HC	BE20
A4FE	N399HY	HUSK
A50C	N399JM	BE20
A50E	N399JP	C77R
A519	N399K	C182
A523	N399KK	S76
A525	N399KM	T210
A52B	N399KT	TBM9
A533	N399LA	PC12
A535	N399LC	FOX
A538	N399LF	C750
A539	N399LG	AS50
A53E	N399LM	PA32
A544	N399LT	BE35
A54B	N399M	RV4
A54C	N399MA	P28A
A54E	N399MC	BE95
A54F	N399MD	COUR
A550	N399ME	C82S
A551	N399MF	CC11
A564	N399N	C182
A567	N399NC	CL30
A56B	N399NG	PC12
A575	N399NS	AS50
A584	N399PG	PC12
A585	N399PH	EC45
A589	N399PM	SR22
A58F	N399PT	BE35
A596	N399Q	AVID
A5B2	N399RC	PA32
A5BB	N399RM	AA5
A5C0	N399RS	GLST
A5C9	N399SA	PC12
A5CA	N399SB	RV6
A5CB	N399SC	CRUZ
A5D3	N399SL	RV14
A5D4	N399SM	S22T
A5DA	N399ST	C150
A5DD	N399SW	FOX
A5E1	N399T	C82S
A5E2	N399TA	BE36
A5E4	N399TC	BE58
A5F2	N399TS	BE99
A5F3	N399TT	C208
A5F6	N399TW	BE9T
A5F7	N399TX	C150
A62C	N399W	C750
A62D	N399WA	AVTR
A634	N399WH	JPRO
A638	N399WM	BE20
A639	N399WN	B733
A63D	N399WS	BE9L
A645	N399X	AA1
A677	N399Z	M7
A678	N399ZA	L39
A691	N3990A	AS50
A695	N3990E	AR11
A6A3	N3990U	P28A
A6A4	N3990V	C172
A6A9	N39900	TAYB
A6AA	N39901	TAYB
A6AC	N39903	TAYB
A6AD	N39904	TAYB
A6B0	N39907	BL17
A6B2	N39909	BL17
A6B4	N3991A	BE33
A6B5	N3991B	ST75
A6B8	N3991E	ST75
A6BB	N3991H	M20P
A6BD	N3991K	P28A
A6BF	N3991M	P28R
A6C4	N3991S	C172
A6C6	N3991U	C150
A6C8	N3991W	PA32
A6C9	N3991X	P28A
A6CB	N3991Z	PA18
A6CD	N39911	TAYB
A6D1	N39915	P28A
A6D2	N39916	TAYB
A6D3	N39917	TAYB
A6D5	N39919	TAYB
A6D6	N3992	GLID
A6D8	N3992B	ST75
A6DA	N3992D	C182
A6DD	N3992G	T206
A6DE	N3992H	ERCO
A6DF	N3992J	C150
A6E1	N3992L	C172
A6E2	N3992M	PA12
A6E3	N3992N	M20P
A6E4	N3992P	PA18
A6E5	N3992Q	C185
A6E7	N3992S	C172
A6E8	N3992T	P28R
A6EE	N3992Z	PA18
A6F0	N39921	P32R
A6F3	N39924	TAYB
A6F6	N39927	TAYB
A6F7	N39928	TAYB
A6FB	N3993B	ST75
A6FC	N3993C	ST75
A6FE	N3993E	PA36
A6FF	N3993F	C172
A702	N3993J	C150
A706	N3993N	BE35
A707	N3993P	ST75
A709	N3993R	P28A
A70B	N3993T	P28R
A70C	N3993U	C150
A70D	N3993V	C170
A70F	N3993X	P28R
A710	N3993Y	ST75
A714	N39932	TAYB
A715	N39933	TAYB
A71D	N3994A	ST75
A720	N3994D	BLKS
A728	N3994M	P32R
A729	N3994N	M20P
A72B	N3994Q	C185
A72D	N3994S	C172
A72E	N3994T	P28R
A731	N3994W	PA32
A733	N3994Y	C210
A734	N3994Z	PA18
A736	N39941	PA32
A739	N39944	P32R
A73B	N39946	TAYB
A73C	N39947	TAYB
A740	N3995A	C310
A743	N3995D	C182
A746	N3995G	T206
A748	N3995J	C150
A74A	N3995L	C172
A74B	N3995M	PA34
A74D	N3995P	PA18
A751	N3995T	TF19
A753	N3995V	C150
A757	N3995Z	PA18
A75B	N39953	P28A
A75C	N39954	P28A
A766	N3996D	C182
A768	N3996F	P28R
A76B	N3996J	C150
A76C	N3996K	P28A
A76F	N3996N	M20P
A770	N3996P	PA18
A771	N3996Q	C172
A772	N3996R	P28A
A773	N3996S	C172
A775	N3996U	C150
A776	N3996V	C170
A77A	N3996Z	PA18
A77F	N39964	P32R
A781	N39966	TAYB
A784	N39969	TAYB
A785	N3997	CH7A
A787	N3997B	ST75
A789	N3997D	C182
A78A	N3997E	AR11
A78B	N3997F	PA32
A78D	N3997H	M20P
A790	N3997L	ST75
A791	N3997M	PA12
A792	N3997N	M20P
A794	N3997Q	C172
A797	N3997T	P28R
A79A	N3997W	PA32
A79D	N3997Z	PA18
A7A0	N39972	TAYB
A7A1	N39973	TAYB
A7A2	N39974	TAYB
A7A3	N39975	TAYB
A7A7	N39979	TAYB
A7AC	N3998D	C182
A7AD	N3998E	AR11
A7AE	N3998F	P32R
A7B3	N3998L	C172
A7BB	N3998U	C150
A7BC	N3998V	C170
A7C3	N39982	TAYB
A7C9	N39988	TAYB
A7CB	N3999	PA32
A7D4	N3999J	C150
A7D6	N3999L	C172
A7DB	N3999R	P28A
A7DC	N3999S	C310
A7E1	N3999X	PA32
A7E2	N3999Y	CH7A
A7E3	N3999Z	PA18
A7E6	N39992	TAYB
A7E9	N39995	P28A
A7EA	N39996	TAYB
A7EC	N39998	C170
A7ED	N39999	C150
A7F0	N4AA	C185
A7F2	N4AC	P337
A7F3	N4AD	C421
A7F5	N4AF	C421
A7F7	N4AH	T206
A7F9	N4AK	AS50
A7FB	N4AM	C172
A7FF	N4AR	P210
A801	N4AT	C550
A802	N4AU	M20P
A803	N4AV	NAVI
A808	N4B	E55P
A809	N4BA	F900
A80A	N4BB	GLID
A80B	N4BC	SF50
A80C	N4BD	BD4
A80D	N4BE	C210
A80E	N4BF	P337
A812	N4BK	P28A
A813	N4BL	FH11
A817	N4BQ	P28A
A818	N4BR	P28R
A819	N4BS	PTS1
A81B	N4BU	RV10
A81C	N4BV	P337
A81D	N4BW	BE95
A820	N4BZ	CL35
A821	N4C	J3
A823	N4CB	PA24
A824	N4CC	GLID
A825	N4CD	E55P
A826	N4CE	FA7X
A827	N4CF	P337
A828	N4CG	T210
A82A	N4CJ	C25C
A82B	N4CK	PA30
A82D	N4CM	K100
A82F	N4CP	GLF6
A830	N4CQ	B06
A833	N4CT	P337
A836	N4CW	PTS1
A837	N4CX	SRAI
A838	N4CY	P337
A839	N4CZ	P337
A83A	N4D	PTS1
A83B	N4DA	LJ45
A83D	N4DC	FOX
A83E	N4DD	KR2
A83F	N4DE	T40
A840	N4DF	F900
A841	N4DG	BL8
A842	N4DH	BE18
A844	N4DK	MJ2
A848	N4DP	GLF4
A84A	N4DR	PA23
A84B	N4DS	R66
A84C	N4DT	UH12
A850	N4DX	C210
A851	N4DY	P337
A852	N4DZ	P337
A854	N4EA	LJ35
A855	N4EB	C172
A856	N4EC	C182
A85B	N4EH	GLID
A85C	N4EJ	GLAS
A85F	N4EM	MITE
A861	N4EP	RC70
A862	N4EQ	BE36
A863	N4ER	BE35
A865	N4ET	PA12
A867	N4EV	BE35
A868	N4EW	RV7
A869	N4EX	C77R
A86B	N4EZ	E50P
A86D	N4FA	C310
A86F	N4FC	F2TH
A872	N4FF	C510
A874	N4FH	BE35
A875	N4FJ	EAGL
A877	N4FL	GLF6
A879	N4FN	A139
A87A	N4FP	C182
A87C	N4FR	CH7B
A87D	N4FS	O1
A884	N4FZ	P337
A885	N4G	C337
A886	N4GA	BE36
A888	N4GC	P28A
A88A	N4GE	BE36
A88B	N4GF	FB1A
A88C	N4GG	PTS1
A88F	N4GK	C310
A891	N4GM	TAIL
A893	N4GP	NAVI
A896	N4GS	B429
A89A	N4GW	BOLT
A89D	N4GZ	CRER
A89F	N4HA	C303
A8A2	N4HD	F2TH
A8A3	N4HE	BE58
A8A4	N4HF	BE36
A8A6	N4HH	BE35
A8A8	N4HK	C25A
A8AB	N4HN	GLID
A8AE	N4HR	PTS1
A8B0	N4HT	GLID
A8B1	N4HU	HUSK
A8B2	N4HV	MUS2
A8B4	N4HX	BE17
A8B6	N4HZ	B407
A8B8	N4JA	BE58
A8BA	N4JC	BOLT
A8BC	N4JE	PTS1
A8BD	N4JF	T210
A8BE	N4JG	P28A
A8C0	N4JJ	CH7B
A8C1	N4JK	HUSK
A8C3	N4JM	LGEZ
A8C4	N4JN	C25B
A8C7	N4JR	C150
A8C8	N4JS	CL60
A8CD	N4JX	BE35
A8CE	N4JY	AC11
A8D0	N4K	GLF6
A8D1	N4KA	A109
A8D2	N4KB	PA18
A8D3	N4KC	GLID
A8D6	N4KF	B350
A8D7	N4KG	AA5
A8D8	N4KH	ACR2
A8D9	N4KJ	RV10
A8DA	N4KK	C180
A8DB	N4KL	C188
A8DC	N4KM	GP3
A8DD	N4KN	GLIM
A8DF	N4KQ	PA11
A8E0	N4KR	S22T
A8E1	N4KS	C56X
A8E2	N4KT	BE33
A8E5	N4KW	SR22
A8E6	N4KX	C180
A8E8	N4KZ	PA23
A8E9	N4L	PTS1
A8EA	N4LA	SRAI
A8EC	N4LC	BE36
A8ED	N4LD	M20P
A8EF	N4LF	T206
A8F0	N4LG	BE35
A8F2	N4LJ	LNC4
A8F3	N4LK	LNP4
A8F5	N4LM	E55P
A8F6	N4LN	AEST
A8F7	N4LP	BE55
A8FB	N4LT	C182
A8FC	N4LU	AA1
A8FD	N4LV	BE24
A8FF	N4LX	PTS2
A900	N4LY	AC11
A903	N4MA	C185
A904	N4MB	S22T
A905	N4MC	BE58
A906	N4MD	TBM9
A908	N4MF	CJ6
A90C	N4MK	CC19
A90D	N4ML	M20P
A910	N4MP	PTS1
A913	N4MS	BE58
A915	N4MU	C421
A917	N4MW	C182
A918	N4MX	CL30
A919	N4MY	M20P
A91A	N4MZ	C421
A91D	N4NB	C182
A91E	N4NC	CAT
A920	N4NE	SC7
A922	N4NG	C337
A924	N4NJ	B06
A929	N4NP	C172
A92E	N4NU	BE20
A92F	N4NV	C77R
A930	N4NW	PA22
A932	N4NY	P46T
A934	N4P	C182
A936	N4PB	T35
A938	N4PD	CH7B
A939	N4PE	VELO
A93A	N4PF	P337
A93B	N4PG	C510
A93C	N4PH	LNC2
A93D	N4PJ	C310
A93E	N4PK	BE95
A93F	N4PL	PA24
A940	N4PM	RV6
A944	N4PR	PA18
A945	N4PS	J3
A947	N4PU	PTS1
A949	N4PW	L8
A94A	N4PX	GLAS
A94B	N4PY	GLAS
A94C	N4PZ	AC90
A94D	N4Q	C170
A951	N4QD	GLIM
A955	N4QH	R44
A958	N4QL	BE20
A95A	N4QN	C650
A95B	N4QP	C172
A95D	N4QR	HUSK
A95E	N4QS	AC50
A95F	N4QT	M18
A960	N4QU	T6
A961	N4QV	VTUR
A962	N4QW	R66
A966	N4R	MU2
A967	N4RA	BE70
A968	N4RB	BE33
A969	N4RC	T6
A96D	N4RG	C82T
A96E	N4RH	SF50
A96F	N4RJ	JD2
A970	N4RK	C172
A972	N4RM	T206
A974	N4RP	C56X
A975	N4RQ	C182
A976	N4RR	H500
A977	N4RS	E55P
A978	N4RT	RV7
A97B	N4RW	C25C
A97C	N4RX	P46T
A97D	N4RY	BE65
A97F	N4S	C25C
A981	N4SB	BOLT
A982	N4SC	WAIX
A983	N4SD	SF50
A985	N4SF	ASTR
A986	N4SG	P32R
A987	N4SH	ST30
A989	N4SK	NAVI
A98A	N4SL	P337
A98E	N4SQ	PTS1
A98F	N4SR	M20P
A994	N4SW	C172
A995	N4SX	LNC4
A997	N4SZ	RV6
A998	N4T	F900
A999	N4TA	C172
A99B	N4TC	BE23
A99D	N4TE	GLID
A99E	N4TF	CORS
A99F	N4TG	SR22
A9A0	N4TH	P28A
A9A3	N4TL	C560
A9A4	N4TM	C560
A9A6	N4TP	VTRA
A9A7	N4TQ	R66
A9A9	N4TS	CC11
A9AA	N4TT	RV6
A9AC	N4TV	AS50
A9AD	N4TW	CC11
A9AE	N4TX	ERAC
A9B0	N4TZ	BOLT
A9B2	N4UA	C180
A9B4	N4UC	BX2
A9B5	N4UD	P210
A9B7	N4UF	BE95
A9B8	N4UG	M700
A9B9	N4UH	ALO3
A9BB	N4UK	GLID
A9BE	N4UN	CH7A
A9BF	N4UP	PTS1
A9C1	N4UR	C182
A9C2	N4US	C180
A9C4	N4UU	PZ04
A9C6	N4UW	C82S
A9CB	N4VA	BE35
A9CE	N4VD	RV14
A9D0	N4VF	FA7X
A9D1	N4VG	BE35
A9D2	N4VH	C421
A9D3	N4VJ	C182
A9D5	N4VL	SA3
A9DA	N4VR	RV7
A9DB	N4VS	PA23
A9DC	N4VT	P28A
A9DF	N4VW	T210
A9E1	N4VY	RV6
A9E2	N4VZ	LA4
A9E3	N4W	WACO
A9E5	N4WB	P32R
A9E6	N4WC	F2TH
A9E7	N4WD	MU2
A9EC	N4WJ	RV4
A9EE	N4WL	T34P
A9F0	N4WN	BE35
A9F2	N4WQ	C182
A9F4	N4WS	C182
A9F5	N4WT	WAIX
A9F8	N4WW	C210
A9F9	N4WX	LGEZ
A9FA	N4WY	M20P
A9FB	N4WZ	BE58
A9FD	N4XA	GLIM
A9FF	N4XC	C185
AA00	N4XD	EXPR
AA01	N4XE	LNC4
AA05	N4XJ	AVTR
AA06	N4XK	WAIX
AA09	N4XN	PA24
AA0A	N4XP	BE35
AA0D	N4XS	EAGL
AA10	N4XV	COUR
AA13	N4XY	S58T
AA15	N4Y	C650
AA16	N4YA	PA30
AA17	N4YB	LNP4
AA19	N4YD	E300
AA1B	N4YF	EXPR
AA1D	N4YH	LNC2
AA20	N4YL	LNC2
AA21	N4YM	M20T
AA23	N4YP	P28A
AA26	N4YS	B350
AA27	N4YT	C182
AA29	N4YV	C182
AA2A	N4YW	PTS1
AA2B	N4YX	LNC4
AA2C	N4YY	T210
AA2D	N4YZ	T206
AA31	N4ZC	C680
AA32	N4ZD	GLID
AA33	N4ZE	CH75
AA35	N4ZG	GLST
AA37	N4ZJ	RV8
AA39	N4ZL	C560
AA3C	N4ZP	WACO
AA3F	N4ZS	SAVG
AA41	N4ZU	AC11
AA42	N4ZV	RV4
AA43	N4ZW	RV4
AA45	N4ZY	SR22
AA46	N4ZZ	VEZE
AA4A	N40AB	BE33
AA4B	N40AC	BL8
AA4D	N40AE	C182
AA4E	N40AF	GLID
AA4F	N40AG	H25B
AA51	N40AJ	C180
AA53	N40AL	M20P
AA54	N40AM	MU2
AA56	N40AP	M20P
AA58	N40AR	P28R
AA59	N40AS	C82S
AA5A	N40AT	C82R
AA5B	N40AU	M20T
AA5D	N40AW	HUSK
AA61	N40B	C25C
AA62	N40BA	BE9L
AA63	N40BB	C182
AA64	N40BC	PA18
AA67	N40BF	RV12
AA68	N40BG	LJ45
AA69	N40BH	BT36
AA6A	N40BJ	BU33
AA6B	N40BK	M20P
AA6C	N40BL	C182
AA6D	N40BM	MG15
AA74	N40BU	DHC2
AA77	N40BX	RV6
AA78	N40BY	RV9
AA79	N40BZ	COL4
AA7A	N40C	ACED
AA7B	N40CA	PA31
AA7C	N40CB	RV6
AA7D	N40CC	M20P
AA80	N40CF	M20P
AA82	N40CH	LNC4
AA83	N40CJ	C25A
AA84	N40CK	C172
AA85	N40CL	LA4
AA86	N40CM	RV4
AA8A	N40CR	GLAS
AA8C	N40CT	CLON
AA8D	N40CU	H47
AA8E	N40CV	PA31
AA90	N40CX	COL4
AA91	N40CY	COL4
AA92	N40CZ	COZY
AA93	N40D	GLF6
AA94	N40DA	PA30
AA96	N40DC	RV3
AA97	N40DD	BE60
AA99	N40DF	P40
AA9B	N40DH	RV4
AA9C	N40DJ	SREY
AA9E	N40DL	EN28
AAA0	N40DN	B407
AAA3	N40DR	RV4
AAA4	N40DS	LEG2
AAAB	N40DZ	PA12
AAAC	N40E	BE17
AAAD	N40EA	C208
AAAE	N40EB	LGEZ
AAB4	N40EH	GLAS
AAB8	N40EM	BL8
AABA	N40EP	C551
AABC	N40ER	C172
AAC1	N40EW	M20P
AAC5	N40F	BE36
AAC8	N40FC	C68A
AACC	N40FG	M20P
AAD1	N40FM	M20P
AAD7	N40FT	P40
AADB	N40FX	E145
AADE	N40G	BE35
AAE0	N40GB	C340
AAE2	N40GD	SR22
AAE3	N40GE	RV4
AAE4	N40GF	PC12
AAE5	N40GG	WW24
AAE6	N40GH	GLIM
AAE7	N40GJ	CRER
AAEA	N40GM	BE35
AAEB	N40GN	K100
AAEC	N40GP	LJ45
AAEE	N40GR	RV6
AAF0	N40GT	SBR1
AAF2	N40GV	T206
AAF3	N40GW	PTS2
AAF5	N40GY	CLON
AAF6	N40GZ	BE30
AAF8	N40HA	FDCT
AAFA	N40HC	C56X
AAFB	N40HD	LEG2
AAFD	N40HF	C150
AB05	N40HP	PA46
AB08	N40HS	T6
AB0A	N40HU	HUSK
AB0C	N40HW	GLID
AB0E	N40HY	HUSK
AB10	N40J	WAIX
AB11	N40JA	P28A
AB12	N40JB	BE58
AB13	N40JC	C421
AB14	N40JD	PRM1
AB15	N40JE	M20P
AB16	N40JF	C208
AB17	N40JG	P28R
AB18	N40JH	BE36
AB19	N40JJ	MU2
AB1B	N40JL	SSTL
AB1C	N40JM	BL8
AB20	N40JR	PL4
AB21	N40JS	PA24
AB24	N40JV	CP10
AB26	N40JX	SBOY
AB2A	N40KA	M20P
AB2C	N40KC	MU2
AB2D	N40KD	B407
AB2E	N40KE	RV7
AB2F	N40KF	FOX
AB30	N40KG	BE36
AB31	N40KH	RALL
AB33	N40KK	PTS1
AB34	N40KL	DA40
AB35	N40KM	M7
AB37	N40KP	M7
AB3B	N40KT	BE35
AB3E	N40KW	RV9
AB43	N40LA	AT8T
AB44	N40LB	F900
AB45	N40LC	VEZE
AB47	N40LE	PUSH
AB48	N40LF	C162
AB49	N40LG	CL35
AB4A	N40LH	M20P
AB4D	N40LL	HUSK
AB52	N40LR	VEZE
AB53	N40LS	C182
AB54	N40LT	C180
AB56	N40LV	SR22
AB57	N40LW	PA23
AB58	N40LX	LJ45
AB59	N40LY	C172
AB5B	N40M	PA18
AB5C	N40MA	P46T
AB5D	N40MB	RV4
AB5E	N40MC	B06
AB60	N40ME	C421
AB61	N40MF	C550
AB62	N40MG	BE95
AB63	N40MH	RV12
AB64	N40MJ	M20P
AB65	N40MK	LNP4
AB67	N40MM	BE95
AB6D	N40MT	C180
AB70	N40MW	BE36
AB71	N40MX	MONI
AB74	N40N	F2TH
AB77	N40NC	PA32
AB78	N40ND	FA10
AB79	N40NE	C208
AB7B	N40NG	LNCE
AB7F	N40NL	BE35
AB84	N40NR	M20P
AB88	N40NV	C680
AB89	N40NW	GL7T
AB8B	N40NY	C414
AB8C	N40NZ	PA32
AB8D	N40P	P40
AB8E	N40PA	CLON
AB90	N40PC	LJ45
AB91	N40PD	LJ45
AB92	N40PE	P40
AB94	N40PG	BE58
AB95	N40PH	GLAS
AB96	N40PJ	HUSK
AB99	N40PM	PA46
AB9A	N40PN	P40
AB9F	N40PT	FOX
ABA2	N40PW	T206
ABA3	N40PX	M7
ABA5	N40PZ	TRF1
ABA6	N40Q	L5
ABBF	N40R	BE20
ABC0	N40RA	BE20
ABC3	N156MG	BE9L
ABC5	N40RF	C172
ABC6	N40RG	C172
ABC8	N40RJ	RV12
ABC9	N40RK	RV12
ABCA	N40RL	R66
ABCD	N40RP	SSTL
ABCE	N40RQ	HA4T
ABCF	N40RR	C25C
ABD0	N40RS	PA24
ABD1	N40RT	F2TH
ABD2	N40RU	C421
ABD4	N40RW	J3
ABD7	N40RZ	PA46
ABD9	N40SA	PA32
ABDA	N40SB	BE20
ABDB	N40SC	BE40
ABDC	N40SD	L8
ABDE	N40SF	P28A
ABDF	N40SG	BL8
ABE1	RA-05720	PA27
ABE2	N40SK	C414
ABE4	N40SM	AC90
ABE6	N40SP	C172
ABE7	N40SQ	FOX
ABE9	N40SS	C340
ABEA	N40ST	RV6
ABEC	N40SV	M20P
ABEE	N40SX	SONX
ABEF	N40SY	P32R
ABF1	N40T	COUR
ABF3	N40TB	M20P
ABF5	N40TD	COZY
ABF8	N40TG	S211
ABFD	N40TM	M20P
ABFF	N40TP	C172
AC01	N40TR	BE36
AC02	N40TS	P46T
AC04	N40TU	PA18
AC07	N40TX	AS50
AC0A	N40U	BE35
AC0B	N40UA	L39
AC1C	N40UT	CL60
AC23	N40V	BE55
AC24	N40VA	B412
AC25	N40VB	TTWO
AC26	N40VC	GLF4
AC2F	N40VM	PA30
AC33	N40VR	B407
AC34	N40VS	L8
AC37	N40VV	MCOY
AC39	N40VX	GLST
AC3B	N40VZ	RV4
AC3D	N40WA	C180
AC3E	N40WB	RV7
AC3F	N40WC	GLID
AC42	N40WF	PA30
AC43	N40WG	AC90
AC46	N40WK	L8
AC47	N40WL	C150
AC49	N40WN	C177
AC4A	N40WP	PA11
AC4C	N40WR	GL7T
AC4E	N40WT	C180
AC50	N40WV	C25B
AC53	N40WY	HUSK
AC5A	N40XE	DA40
AC5E	N40XJ	BE9L
AC63	N40XP	PTS1
AC65	N40XR	LJ45
AC66	N40XS	BE36
AC6B	N40XX	M20P
AC6E	N40Y	BE20
AC70	N40YB	B06
AC78	N40YK	CJ6
AC7C	N40YP	ACAM
AC7E	N40YR	R22
AC87	N40Z	GLIM
AC93	N40ZM	M20P
AC94	N40ZN	AP22
ACA3	N400AB	BL8
ACA9	N400AH	EC30
ACAA	N400AJ	GLF4
ACAC	N400AL	BE40
ACAE	N400AN	A21N
ACAF	N400AP	C340
ACB1	N400AR	SR22
ACB2	N400AS	B38M
ACB3	N400AT	LJ55
ACB6	N400AW	COL4
ACB8	N400AY	BE30
ACB9	N400AZ	GLID
ACBB	N400BA	COL4
ACBC	N400BB	GLIM
ACBD	N400BC	GLEX
ACBE	N400BD	BD4
ACC1	N400BG	LGEZ
ACC2	N400BH	BE40
ACC3	N400BJ	C421
ACC4	N400BK	BE9L
ACC5	N400BL	BE95
ACC8	N400BP	BE60
ACCB	N400BS	C421
ACCC	N400BT	C82R
ACCD	N400BU	COL4
ACCF	N400BW	PC12
ACD4	N400CA	BE95
ACD5	N400CB	P28R
ACD6	N400CC	DA40
ACD7	N400CD	FALC
ACD8	N400CE	C421
ACD9	N400CF	GLIM
ACDC	N400CJ	PA24
ACDE	N400CL	S108
ACDF	N400CM	PA31
ACE0	N400CN	BE40
ACE1	N400CP	C56X
ACE9	N400CX	BRB2
ACEB	N400CZ	LJ35
ACED	N400DA	BE30
ACEF	N400DC	BE40
ACF2	N400DF	V10
ACF3	N400DG	BE40
ACF4	N400DH	CL60
ACF8	N400DM	BE36
ACFA	N400DP	C310
ACFB	N400DQ	AT3T
ACFC	N400DR	COL4
ACFD	N400DS	AC90
AD01	N400DW	BE40
AD02	N400DX	BE40
AD05	N400E	PA24
AD06	N400EA	COL4
AD08	N400EC	C550
AD09	N400ED	BD4
AD0A	N400EE	B407
AD0E	N400EJ	S22T
AD10	N400EL	PAY4
AD11	N400EM	BE9L
AD12	N400EN	E400
AD13	N400EP	E50P
AD17	N400ET	C25C
AD19	N400EV	EVSS
AD1A	N400EW	C425
AD1B	N400EX	E400
AD1D	N400EZ	LGEZ
AD1F	N400FA	COL4
AD21	N400FC	C414
AD24	N400FF	BE40
AD27	N400FJ	GLF4
AD29	N400FL	P28A
AD2B	N400FN	COL4
AD2E	N400FR	CRJ2
AD33	N400FW	PA24
AD37	N400G	GA4C
AD38	N400GA	GA4C
AD3A	N400GC	PA24
AD3B	N400GD	GLIM
AD3C	N400GE	C172
AD3D	N400GF	P32R
AD41	N400GK	MU30
AD42	N400GL	BE33
AD43	N400GM	C310
AD45	N400GP	WW24
AD47	N400GR	BE40
AD48	N400GS	ASTR
AD49	N400GT	C210
AD4A	N400GU	PA24
AD4C	N400GW	BE20
AD51	N400HA	C177
AD52	N400HB	GLIM
AD53	N400HC	C340
AD54	N400HD	R44
AD55	N400HE	COUR
AD56	N400HF	COL4
AD58	N400HH	MU30
AD5B	N400HL	PA24
AD5C	N400HM	PA31
AD5E	N400HP	PA24
AD5F	N400HQ	BE40
AD60	N400HR	PA24
AD62	N400HT	C25A
AD64	N400HV	CB1
AD65	N400HW	BL8
AD66	N400HX	C210
AD67	N400HY	HUSK
AD69	N400J	GLF6
AD6A	N400JA	E55P
AD6D	N400JD	BE40
AD70	N400JG	C177
AD72	N400JJ	SW3
AD79	N400JR	P28A
AD7A	N400JS	HUSK
AD7D	N400JV	SR22
AD7E	N400JW	P28A
AD81	N400JZ	GLF4
AD82	N400K	C185
AD84	N400KB	CH7B
AD85	N400KC	COL4
AD88	N400KF	FOX
AD89	N400KG	COL4
AD8A	N400KH	COL4
AD8C	N400KK	PA24
AD8E	N400KM	COL4
AD90	N400KP	BE40
AD93	N400KS	C560
AD95	N400KU	BE18
AD98	N400KX	C82S
AD9B	N400L	C177
AD9C	N400LA	C172
AD9D	N400LB	PA30
AD9F	N400LD	COL4
ADA1	N400LF	BE35
ADA2	N400LG	BE40
ADA3	N400LH	J3
ADA6	N400LL	BE18
ADA7	N400LM	AA5
ADA9	N400LP	COL4
ADAB	N400LR	PAY4
ADAC	N400LS	GLID
ADAD	N400LT	JPRO
ADAF	N400LV	C56X
ADB1	N400LX	COL4
ADB3	N400LZ	BE40
ADB5	N400MA	PA18
ADB6	N400MB	H500
ADB8	N400MD	BE40
ADB9	N400ME	M20P
ADBA	N400MF	DC3
ADBC	N400MH	S22T
ADBD	N400MJ	PA23
ADBE	N400MK	BE40
ADBF	N400ML	COL4
ADC0	N400MM	GLIM
ADC4	N400MR	HA4T
ADC5	N400MS	LJ24
ADC6	N400MT	T34P
ADC8	N400MV	BE40
ADCA	N400MX	BE40
ADCC	N400MZ	C25M
ADCE	N400NA	C82R
ADD0	N400NC	AA1
ADD2	N400NE	SYMP
ADD5	N400NH	AC50
ADE5	N400NZ	COL4
ADE6	N400P	BE35
ADE7	N400PA	PA24
ADE8	N400PB	PAY4
ADE9	N400PC	PC12
ADEC	N400PF	R44
ADED	N400PG	PA11
ADEF	N400PJ	B407
ADF0	N400PK	BE40
ADF1	N400PL	COL4
ADF4	N400PP	PA24
ADF7	N400PS	MU2
ADF8	N400PT	COL4
ADFA	N400PV	BE40
ADFB	N400PW	PC12
AE05	N400QF	E50P
AE10	N400QS	E55P
AE15	N400QX	DH8D
AE19	N400RA	PA31
AE1B	N400RC	BE35
AE1E	N400RF	BOLT
AE21	N400RJ	E550
AE22	N400RK	C25B
AE23	N400RL	BE77
AE24	N400RM	C500
AE25	N400RN	STRM
AE28	N400RR	COL4
AE2A	N400RT	SW3
AE2B	N400RU	RV4
AE2C	N400RV	BE9L
AE2D	N400RW	PA24
AE2F	N400RY	BE40
AE31	N400S	PA31
AE34	N400SC	BE20
AE35	N400SD	RV4
AE37	N400SF	GLF4
AE39	N400SH	BE40
AE3A	N400SJ	C172
AE3B	N400SK	C172
AE3C	N400SL	BE20
AE3F	N400SP	SAKO
AE41	N400SR	BE95
AE44	N400SU	SR20
AE46	N400SW	PA24
AE48	N400SY	E75L
AE4B	N400TA	CC11
AE4C	N400TB	BE40
AE4D	N400TC	BE40
AE4E	N400TD	PA30
AE4F	N400TE	E55P
AE51	N400TG	C25B
AE52	N400TH	F900
AE55	N400TL	TL30
AE56	N400TM	C421
AE57	N400TN	SR22
AE58	N400TP	H25B
AE5A	N400TR	COL4
AE5B	N400TS	EXNG
AE5D	N400TU	BE40
AE5E	N400TV	COL3
AE5F	N400TW	PA46
AE60	N400TX	LNC4
AE64	N400UA	DC6
AE69	N400UF	MU30
AE6B	N400UH	R44
AE6D	N400UK	COL4
AE74	N400US	C82S
AE7C	N400V	BE35
AE7E	N400VB	PAY4
AE81	N400VE	COL4
AE85	N400VJ	PC24
AE86	N400VK	BE40
AE8A	N400VP	BE40
AE8E	N400VT	SR22
AE91	N400VW	BL8
AE95	N400W	C310
AE99	N400WD	C25A
AE9A	N400WE	BE35
AE9B	N400WF	BE40
AE9C	N400WG	PA24
AE9D	N400WH	BL8
AE9F	N400WK	C650
AEA0	N400WL	PA24
AEA1	N400WM	C310
AEA2	N400WN	B737
AEA5	N400WR	BOLT
AEA7	N400WT	B36T
AEAC	N400WY	PA11
AEAF	N400XA	BE40
AEB1	N400XC	BE40
AEBC	N400XP	BE40
AEBE	N400XR	BE40
AEC4	N400XX	AT3T
AEC7	N400Y	PA24
AECA	N400YC	T34P
AECC	N400YE	GLIM
AED1	N400YK	YK18
AED8	N400YS	M20P
AEDE	N400YY	E400
AEE0	N400Z	C172
AEF8	N400ZZ	BE40
AEFB	N4000B	B23
AEFE	N4000E	AR11
AEFF	N4000F	C172
AF00	N4000G	NAVI
AF01	N4000H	PA16
AF02	N4000J	C310
AF03	N4000K	C56X
AF04	N4000L	BE36
AF05	N4000M	BE23
AF06	N4000N	C140
AF0A	N4000S	C182
AF0B	N4000T	RV14
AF0E	N4000W	BE55
AF0F	N4000X	C172
AF11	N4000Z	PA18
AF12	N40000	R22
AF14	N40002	L5
AF15	N40003	L5
AF16	N40004	P28R
AF17	N40005	P28A
AF18	N40006	P28A
AF19	N40007	C182
AF1A	N40008	P28A
AF1D	N4001A	BE18
AF1F	N4001C	S108
AF20	N4001D	C182
AF24	N4001H	J4
AF26	N4001K	NAVI
AF27	N4001L	R22
AF29	N4001N	C120
AF2A	N4001P	PA23
AF2C	N4001R	PA32
AF2D	N4001S	BE95
AF2E	N4001T	SS2P
AF30	N4001V	C170
AF32	N4001X	SS2P
AF33	N4001Y	C185
AF34	N4001Z	PA18
AF35	N40010	P28R
AF38	N40013	COUR
AF3A	N40015	P28A
AF3B	N40016	P28A
AF3C	N40017	P28A
AF3E	N40019	P28A
AF43	N4002D	C182
AF45	N4002F	T34P
AF49	N4002K	R22
AF4C	N4002N	C140
AF4E	N4002Q	SS2P
AF4F	N4002R	SS2P
AF50	N4002S	SS2T
AF52	N4002U	SS2T
AF53	N4002V	C170
AF54	N4002W	PA32
AF55	N4002X	VO10
AF57	N4002Z	PA18
AF58	N40020	L5
AF59	N40021	P28A
AF5B	N40023	P28A
AF5C	N40024	P28R
AF63	N4003A	M7
AF64	N4003B	BL17
AF67	N4003E	AR11
AF68	N4003F	C172
AF69	N4003G	R22
AF6E	N4003M	PA12
AF72	N4003R	PA32
AF74	N4003T	BE23
AF75	N4003U	C150
AF76	N4003V	C170
AF79	N4003Y	SS2P
AF7B	N40030	M7
AF7E	N40033	P32R
AF82	N40037	P28A
AF84	N40039	SS2P
AF86	N4004A	BE35
AF87	N4004B	H500
AF8B	N4004F	C172
AF8F	N4004K	SS2P
AF92	N4004N	M20P
AF95	N4004R	PA32
AF97	N4004T	BE23
AF98	N4004U	BUCA
AF99	N4004V	C170
AF9A	N4004W	PA32
AF9D	N4004Z	PA18
AFA0	N40042	P28A
AFA3	N40045	P28A
AFA4	N40046	P28R
AFAB	N4005C	S108
AFAC	N4005D	C182
AFAD	N4005E	PA18
AFAE	N4005F	C172
AFB1	N4005J	A660
AFB4	N4005M	SS2P
AFB5	N4005N	SS2P
AFB9	N4005S	SS2P
AFBB	N4005U	C150
AFBC	N4005V	C170
AFBE	N4005X	A319
AFBF	N4005Y	C185
AFC0	N4005Z	PA18
AFC5	N40054	SS2P
AFC8	N40057	P28A
AFC9	N40058	P28A
AFCE	N4006C	S108
AFCF	N4006D	C182
AFD1	N4006F	C172
AFD3	N4006H	M20P
AFD4	N4006J	C150
AFD7	N4006M	PA12
AFD8	N4006N	C140
AFE2	N4006Y	SS2T
AFE3	N4006Z	PA18
AFE4	N40060	P28A
AFE5	N40061	DC10
AFE6	N40062	P28A
AFE9	N40065	P28R
AFEC	N40068	P28R
AFED	N40069	P28A
AFEE	N4007	C182
AFF3	N4007E	PA18
AFF4	N4007F	C172
AFF6	N4007H	SS2P
AFF9	N4007L	SS2P
AFFF	N4007S	C82S
B000	N4007T	BE23
B001	N4007U	GLID
B006	N4007Z	PA18
B007	N40070	P28A
B008	N40071	SS2T
B00B	N40074	BE18
B011	N4008	WACO
B012	N4008A	CH7A
B014	N4008C	S108
B019	N4008H	FOX
B01A	N4008J	M7
B01B	N4008K	NAVI
B01C	N4008L	G2T1
B01D	N4008M	PA12
B01F	N4008P	PA23
B020	N4008Q	P28A
B026	N4008W	PA32
B035	N4009A	N3N
B036	N4009B	CH7A
B03D	N4009J	SS2T
B03E	N4009K	H500
B042	N4009P	PA23
B044	N4009R	PA32
B046	N4009T	BE23
B04B	N4009Y	PA30
B04C	N4009Z	PA18
B055	N40098	C172
B056	N40099	TAYB
B057	N401	CH60
B05C	N401AD	BL8
B05D	N401AE	BE36
B061	N401AJ	H47
B062	N401AK	C402
B065	N401AN	A21N
B068	N401AR	UH1
B06A	N401AT	C402
B06C	N401AV	A320
B06E	N401AX	KFIR
B070	N401AZ	C402
B071	N401B	BE95
B074	N401BC	BE40
B079	N401BH	COL4
B07A	N401BJ	LNC2
B07C	N401BL	DA40
B07D	N401BM	AT3P
B086	N401BW	C340
B08A	N401C	S108
B08B	N401CA	C402
B08E	N401CD	WAIX
B090	N401CF	C402
B092	N401CH	EVOT
B095	N401CL	TBM9
B096	N401CM	COL4
B098	N401CP	P46T
B09A	N401CR	COL4
B09B	N401CS	C240
B09F	N401CW	AT3P
B0A3	N401D	C185
B0A5	N401DB	ST75
B0A7	N401DD	CRUZ
B0A8	N401DE	C510
B0A9	N401DF	V10
B0AA	N401DG	EAGL
B0AD	N401DK	R22
B0AE	N401DL	C421
B0B1	N401DP	LJ25
B0B3	N401DR	BE58
B0B4	N401DS	PA34
B0B5	N401DT	C172
B0BB	N401DZ	A339
B0CC	N401ER	C172
B0CD	N401ES	B412
B0D5	N401F	C170
B0E0	N401FL	P28A
B0E5	N401FR	CRJ2
B0EA	N401FW	B06
B0F1	N401GC	B407
B0F6	N401GH	H60
B0F9	N401GL	RV7
B0FE	N401GR	CLON
B0FF	N401GS	C402
B100	N401GT	C172
B107	N401H	B407
B108	N401HA	DFLY
B10A	N401HC	C56X
B116	N401HQ	AS50
B11D	N401HX	C172
B125	N401JE	GLF4
B127	N401JG	F900
B12E	N401JP	C402
B131	N401JS	GLF4
B132	N401JT	PAY3
B135	N401JW	FA10
B139	N401K	C402
B149	N401KR	AT3P
B14A	N401KS	EVOT
B14B	N401KT	RV6
B14E	N401KW	R44
B153	N401LA	M20P
B155	N401LC	C130
B156	N401LD	AA5
B158	N401LF	B407
B15B	N401LJ	LJ45
B15E	N401LM	C402
B160	N401LP	C172
B163	N401LS	C172
B166	N401LV	TBM7
B168	N401LX	PC12
B16C	N401MA	TBM7
B16D	N401MB	PA23
B16E	N401MC	BE9T
B171	N401MF	EC45
B172	N401MG	AC80
B173	N401MH	SR22
B179	N401MP	P210
B17B	N401MR	C402
B17C	N401MS	PTS1
B17D	N401MT	RV7
B180	N401MW	C680
B185	N401NA	C402
B187	N401NC	B429
B18B	N401NG	PC12
B18E	N401NK	C172
B195	N401NS	BE30
B199	N401NW	BE40
B19E	N401PA	P28A
B1A1	N401PD	PC12
B1A3	N401PF	COL4
B1A5	N401PH	B407
B1A6	N401PJ	PA23
B1A7	N401PK	HUSK
B1AE	N401PS	M20P
B1B9	N401QC	LGEZ
B1C7	N401QS	E55P
B1CC	N401QX	DH8D
B1D7	N401RH	RV4
B1D9	N401RK	M20P
B1DA	N401RL	BE40
B1DB	N401RM	AS50
B1DF	N401RR	LNP4
B1E0	N401RS	C402
B1E8	N401S	C208
B1EA	N401SB	BE58
B1ED	N401SE	PC12
B1EE	N401SF	LJ45
B1F0	N401SH	G2CA
B1F1	N401SJ	G21
B1F3	N401SL	P32R
B1F4	N401SM	PC12
B1F6	N401SP	B06
B1F8	N401SR	GLF4
B1F9	N401SS	C182
B1FA	N401ST	COL4
B1FB	N401SU	T206
B1FC	N401SV	AT45
B1FD	N401SW	C82T
B1FE	N401SX	C402
B1FF	N401SY	LJ60
B204	N401TC	RV6
B205	N401TD	B407
B207	N401TF	RV12
B209	N401TH	AT3P
B20A	N401TJ	C402
B20F	N401TP	G120
B211	N401TR	GLF5
B213	N401TT	SR22
B21B	N401UA	A320
B228	N401UP	B752
B22B	N401US	DC7
B233	N401V	GLID
B234	N401VA	PA31
B239	N401VF	RV9
B241	N401VP	GLEX
B24C	N401W	SSTL
B24E	N401WB	BN2P
B24F	N401WC	C185
B258	N401WM	C402
B259	N401WN	B737
B25C	N401WR	S108
B261	N401WW	C402
B263	N401WY	CC11
B265	N401X	CLBR
B275	N401XR	BE40
B288	N401YK	B734
B28A	N401YM	UH1
B294	N401YX	E75L
B298	N401ZA	L39
B2A5	N401ZP	S22T
B2B1	N4010A	BE35
B2B2	N4010B	R22
B2B3	N4010C	SS2T
B2B4	N4010D	SS2T
B2B5	N4010E	DFLY
B2B6	N4010F	C172
B2B7	N4010G	B06
B2B8	N4010H	SS2P
B2BC	N4010M	SS2T
B2C3	N4010U	C150
B2C4	N4010V	C170
B2C6	N4010X	SS2T
B2C8	N4010Z	PA18
B2CA	N40101	SS2T
B2CB	N40102	KR2
B2CC	N40103	SS2P
B2CF	N40106	S108
B2D0	N40107	S108
B2D6	N4011C	S108
B2D7	N4011D	C182
B2D8	N4011E	R22
B2D9	N4011F	C172
B2DA	N4011G	SS2T
B2DB	N4011H	SS2T
B2DE	N4011L	G2T1
B2DF	N4011M	PA12
B2E1	N4011P	PA23
B2E2	N4011Q	P28R
B2E3	N4011R	PA32
B2E6	N4011U	C150
B2E7	N4011V	C170
B2E8	N4011W	PA32
B2E9	N4011X	SS2P
B2EC	N40110	SS2T
B2EE	N40112	WACF
B2F0	N40114	S108
B2F2	N40116	WACF
B2F7	N4012A	J3
B2F8	N4012B	IR28
B2FA	N4012D	C182
B2FB	N4012E	AR11
B2FC	N4012F	P28A
B2FD	N4012G	SS2P
B2FF	N4012J	AT6T
B300	N4012K	NAVI
B302	N4012M	PA12
B303	N4012N	C140
B309	N4012U	C150
B30A	N4012V	C170
B30C	N4012X	DA40
B30E	N4012Z	PA18
B310	N40121	WACF
B312	N40123	S108
B315	N40126	SS2T
B317	N40128	S108
B319	N4013	C180
B31A	N4013A	BE35
B31B	N4013B	SS2T
B31E	N4013E	PA18
B31F	N4013F	C172
B321	N4013H	M20P
B322	N4013J	C150
B323	N4013K	BE17
B324	N4013L	SS2T
B325	N4013M	PA12
B326	N4013N	C120
B327	N4013P	PA23
B328	N4013Q	P28R
B329	N4013R	R22
B32A	N4013S	SS2P
B32C	N4013U	C150
B32D	N4013V	C170
B32F	N4013X	VO10
B330	N4013Y	SS2P
B333	N40131	S108
B337	N40135	WACF
B338	N40136	SS2T
B33B	N40139	M18
B33D	N4014A	SS2P
B33F	N4014C	S108
B340	N4014D	SS2P
B341	N4014E	PA18
B342	N4014F	C172
B344	N4014H	M20P
B348	N4014M	PA12
B349	N4014N	C140
B34A	N4014P	PA23
B352	N4014X	VO10
B353	N4014Y	C185
B356	N40141	S108
B358	N40143	S108
B35A	N40145	SS2T
B35C	N40147	S108
B35D	N40148	S108
B360	N4015A	BE33
B361	N4015B	CH7A
B362	N4015C	S108
B363	N4015D	C182
B364	N4015E	AR11
B368	N4015J	P28A
B369	N4015K	NAVI
B36C	N4015N	M20P
B371	N4015T	BE23
B377	N4015Z	SS2T
B37A	N40152	S108
B37B	N40153	S108
B37F	N40157	S108
B380	N40158	S108
B381	N40159	S108
B384	N4016B	SS2T
B385	N4016C	S108
B386	N4016D	C182
B38A	N4016H	SS2T
B38C	N4016K	NAVI
B392	N4016R	PA32
B395	N4016U	C150
B39A	N4016Z	PA18
B39F	N40164	S108
B3A5	N4017	NPOR
B3A7	N4017B	CL41
B3A9	N4017D	RV8
B3AA	N4017E	PA18
B3AB	N4017F	P28A
B3AC	N4017G	B47G
B3B1	N4017M	PA12
B3B3	N4017P	PA23
B3B9	N4017V	C170
B3BC	N4017Y	C185
B3BD	N4017Z	PA18
B3BE	N40170	SS2T
B3C1	N40173	SS2T
B3C3	N40175	SS2T
B3C5	N40177	S108
B3C6	N40178	AR11
B3C7	N40179	S108
B3CA	N4018B	CH7A
B3CC	N4018D	C182
B3CD	N4018E	PA18
B3D4	N4018M	PA12
B3D5	N4018N	C140
B3D8	N4018R	PA32
B3DA	N4018T	BE23
B3DF	N4018Y	SS2T
B3E0	N4018Z	PA18
B3E2	N40181	S108
B3E3	N40182	S108
B3E5	N40184	C175
B3E6	N40185	S108
B3EA	N40189	BE18
B3ED	N4019B	CH7A
B3F0	N4019E	AR11
B3F3	N4019H	M20P
B3F4	N4019J	C150
B3F6	N4019L	SS2T
B3FA	N4019Q	SS2P
B3FB	N4019R	PA32
B3FE	N4019U	C150
B3FF	N4019V	C170
B400	N4019W	PA32
B401	N4019X	VO10
B402	N4019Y	C185
B403	N4019Z	PA18
B407	N40193	PA24
B40F	N402A	P28A
B414	N402AE	B06
B418	N402AJ	C402
B41B	N402AM	DV20
B41C	N402AN	A21N
B420	N402AS	B739
B421	N402AT	E135
B425	N402AX	KFIR
B428	N402B	C402
B42C	N402BD	RV4
B42E	N402BF	C402
B432	N402BK	C402
B438	N402BR	CRER
B43A	N402BT	AT3T
B43D	N402BW	M7T
B443	N402CB	SR22
B445	N402CD	SR22
B446	N402CE	C402
B449	N402CH	C130
B44B	N402CK	SR22
B44C	N402CL	RV7
B44E	N402CN	EC45
B44F	N402CP	T206
B452	N402CS	AT3T
B453	N402CT	BE20
B455	N402CV	C82T
B456	N402CW	AT3T
B459	N402CZ	C402
B45F	N402DE	AT3T
B460	N402DF	V10
B461	N402DG	AT3T
B463	N402DJ	C172
B46B	N402DS	P28R
B46C	N402DT	FOX
B46F	N402DW	G109
B470	N402DX	A339
B472	N402DZ	C402
B473	N402E	G44
B474	N402EA	BE36
B47E	N402EL	FDCT
B47F	N402EM	BE9L
B483	N402ER	C72R
B484	N402ES	B412
B48C	N402F	AT3T
B48E	N402FB	BE40
B494	N402FH	AT3T
B49C	N402FR	A20N
B49F	N402FU	C182
B4A1	N402FW	B06
B4A6	N402GA	GA4C
B4AE	N402GJ	BE40
B4AF	N402GK	AT3T
B4B6	N402GS	BE40
B4BD	N402GZ	C402
B4BE	N402H	CB1
B4BF	N402HA	DFLY
B4C5	N402HG	C402
B4CC	N402HP	CL30
B4D4	N402HX	RV10
B4D7	N402J	AT3T
B4DA	N402JC	AS50
B4DB	N402JD	SR22
B4DC	N402JE	GLF4
B4DE	N402JG	AT3T
B4DF	N402JH	C402
B4E8	N402JS	BE60
B4EC	N402JW	AT3T
B4EE	N402JY	DO27
B4EF	N402JZ	A139
B4F0	N402K	GLID
B4F3	N402KC	PA46
B4FA	N402KK	AT3T
B50A	N402LA	M20P
B50C	N402LC	C130
B50F	N402LF	B407
B51A	N402LS	C402
B51B	N402LT	AT3T
B51E	N402LW	B407
B522	N402M	RV6
B523	N402MA	B407
B524	N402MB	SR22
B525	N402MC	C402
B526	N402MD	BE9L
B52E	N402MM	P46T
B530	N402MP	T206
B534	N402MT	C25A
B540	N402NE	EXEC
B551	N402NX	C402
B554	N402P	BE33
B555	N402PA	C402
B556	N402PB	COY2
B558	N402PD	B407
B559	N402PE	C72R
B55C	N402PH	B407
B55D	N402PJ	B407
B564	N402PR	AT3T
B56D	N402Q	AT3T
B57E	N402QS	E55P
B583	N402QX	DH8D
B58B	N402RE	AT3T
B58E	N402RH	RV10
B597	N402RS	C402
B59A	N402RV	RV8
B59C	N402RX	BE30
B59F	N402S	SA30
B5A2	N402SC	CRUZ
B5A7	N402SH	B407
B5A8	N402SJ	AT3T
B5AD	N402SP	B06
B5AF	N402SR	AT3T
B5B6	N402SY	E75L
B5B8	N402T	AT3T
B5B9	N402TA	EN28
B5BC	N402TD	B06
B5C4	N402TM	AT3T
B5C6	N402TP	G120
B5CA	N402TT	AT3T
B5D1	N402U	AT3T
B5D2	N402UA	A320
B5DF	N402UP	B752
B5EA	N402V	AT3T
B5EB	N402VA	D228
B5F7	N402VN	C402
B5F8	N402VP	C402
B603	N402W	CRER
B605	N402WB	P28A
B607	N402WD	AT3T
B60B	N402WH	P40
B610	N402WN	B737
B613	N402WR	AT3T
B617	N402WV	BEA5
B61C	N402X	M5
B62E	N402XT	BE40
B635	N402Y	AT3T
B63F	N402YK	YK50
B641	N402YM	UH1
B64B	N402YX	E75L
B64E	N402Z	AT3T
B64F	N402ZA	L39
B658	N402ZK	C402
B66A	N4020C	S108
B66B	N4020D	M7
B66D	N4020F	C172
B671	N4020K	NAVI
B674	N4020N	CH70
B675	N4020P	T34T
B676	N4020Q	SS2T
B677	N4020R	PA32
B67B	N4020V	C150
B67C	N4020W	PA32
B67D	N4020X	VO10
B67F	N4020Z	PA18
B680	N40200	PA23
B687	N40207	SS2T
B68B	N4021A	T34T
B68E	N4021D	C182
B692	N4021H	PA12
B693	N4021J	C150
B694	N4021K	NAVI
B697	N4021N	C120
B698	N4021P	SS2T
B69A	N4021R	PA32
B69E	N4021V	C170
B69F	N4021W	PA32
B6A7	N40214	SS2T
B6B0	N4022C	S108
B6B1	N4022D	AS50
B6B2	N4022E	AR11
B6B6	N4022J	A21N
B6B9	N4022M	PA12
B6BA	N4022N	C140
B6BD	N4022R	PA32
B6C2	N4022W	C172
B6C4	N4022Y	C185
B6C5	N4022Z	PA18
B6CA	N40224	SS2T
B6CC	N40226	SS2T
B6CD	N40227	PA23
B6CE	N40228	PA23
B6D0	N4023	PA31
B6D2	N4023B	BL17
B6D3	N4023C	S108
B6D6	N4023F	P28A
B6D8	N4023H	SS2T
B6D9	N4023J	C150
B6DB	N4023L	AA1
B6DC	N4023M	PA12
B6DD	N4023N	C120
B6E0	N4023R	AT8T
B6E5	N4023W	PZ04
B6E6	N4023X	VO10
B6E8	N4023Z	PA18
B6ED	N40234	PA18
B6F1	N40238	R22
B6F3	N4024	GLID
B6F4	N4024A	C195
B6F6	N4024C	S108
B6FF	N4024M	PA12
B700	N4024N	CJ6
B703	N4024R	PA32
B704	N4024S	VAMP
B709	N4024X	VO10
B70A	N4024Y	C185
B70B	N4024Z	PA18
B711	N40245	P40
B712	N40246	PA18
B715	N40249	PA23
B718	N4025B	BL17
B71C	N4025F	C172
B724	N4025P	SS2P
B729	N4025U	C150
B72B	N4025W	PA32
B72D	N4025Y	SS2T
B733	N40254	PA23
B739	N4026	HA4T
B73C	N4026C	S108
B73E	N4026E	R44
B741	N4026H	PA12
B743	N4026K	NAVI
B746	N4026N	M20P
B74C	N4026U	PA18
B74D	N4026V	C170
B74F	N4026X	VO10
B750	N4026Y	C185
B752	N40260	PA16
B753	N40261	SS2T
B757	N40265	FA62
B759	N40267	PA23
B75B	N40269	DHC6
B75E	N4027B	NPOR
B760	N4027D	UH12
B761	N4027E	AR11
B762	N4027F	P28A
B764	N4027H	PA12
B765	N4027J	C150
B768	N4027M	PA12
B769	N4027N	M20P
B76A	N4027P	PA23
B76F	N4027U	C150
B772	N4027X	VO10
B775	N40270	S1
B776	N40271	CLBR
B77C	N40277	UH12
B77D	N40278	GLID
B77E	N40279	PA23
B781	N4028B	BL17
B782	N4028C	S108
B783	N4028D	C182
B784	N4028E	BE18
B787	N4028H	PA12
B788	N4028J	C150
B78C	N4028N	C140
B78F	N4028R	PA32
B792	N4028U	C150
B794	N4028W	PA32
B798	N40280	CHR1
B79B	N40283	PA18
B79E	N40286	RV6
B7A0	N40288	PA23
B7A2	N4029	RLU1
B7A3	N4029A	GLID
B7A4	N4029B	RV4
B7A5	N4029C	S108
B7A8	N4029F	C172
B7A9	N4029G	B47G
B7AC	N4029K	NAVI
B7AF	N4029N	C120
B7B0	N4029P	R44
B7B3	N4029S	UH12
B7B5	N4029U	C150
B7B7	N4029W	PA32
B7BB	N40290	UH12
B7BF	N40294	NSTR
B7C2	N40297	RV6
B7C5	N403	HUSK
B7C7	N403AA	C501
B7C8	N403AB	C182
B7C9	N403AC	RJ85
B7CB	N403AE	AS50
B7CE	N403AH	P68T
B7CF	N403AJ	C402
B7D2	N403AM	DV20
B7D3	N403AN	A21N
B7D7	N403AS	B739
B7D8	N403AT	DA40
B7DC	N403AX	KFIR
B7E0	N403BA	GLID
B7E2	N403BC	R22
B7E8	N403BJ	SR20
B7EA	N403BL	DA40
B7F0	N403BS	C185
B7F4	N403BW	ESCP
B7F8	N403C	S108
B7FC	N403CD	SR22
B802	N403CK	B734
B804	N403CM	C510
B806	N403CP	R22
B809	N403CS	B407
B80C	N403CV	C82T
B817	N403DF	V10
B81D	N403DM	C310
B81E	N403DN	TUCR
B81F	N403DP	LJ35
B822	N403DS	P28A
B823	N403DT	GLAS
B827	N403DX	A339
B82A	N403E	G44
B82B	N403EA	PIAT
B836	N403EM	BE9L
B83A	N403ER	C172
B83B	N403ES	C82S
B83C	N403ET	C560
B843	N403F	RALL
B847	N403FD	F260
B848	N403FE	A310
B853	N403FR	C72R
B859	N403FX	E545
B85D	N403GA	GA4C
B862	N403GF	C172
B886	N403HS	B350
B88F	N403JA	COL4
B891	N403JC	CL60
B899	N403JL	DA62
B89E	N403JR	AA5
B89F	N403JS	GLF4
B8AA	N403KC	P46T
B8AE	N403KG	S22T
B8AF	N403KH	COL4
B8B9	N403KT	S716
B8BF	N403KZ	B744
B8C1	N403LA	M20P
B8C3	N403LC	C130
B8C4	N403LD	LNC4
B8C6	N403LF	B407
B8D1	N403LS	LJ45
B8D9	N403M	PA31
B8DC	N403MC	COL4
B8E4	N403ML	DHC6
B8E5	N403MM	P46T
B8F3	N403NA	COZY
B8F6	N403ND	C25B
B90C	N403PA	BE58
B913	N403PH	B407
B914	N403PJ	B407
B915	N403PK	C182
B916	N403PL	S22T
B919	N403PP	CL60
B935	N403QS	E55P
B93A	N403QX	DH8D
B93D	N403R	DEFI
B940	N403RC	GLST
B941	N403RD	FOX
B944	N403RG	PA31
B952	N403RW	E135
B956	N403S	P210
B957	N403SA	BE36
B95E	N403SH	G2CA
B960	N403SK	P3
B961	N403SL	GALX
B964	N403SP	C172
B966	N403SR	SREY
B967	N403SS	RV10
B96B	N403SW	C82S
B96C	N403SX	SONX
B96D	N403SY	E75L
B970	N403TA	EN28
B971	N403TB	GLF4
B973	N403TD	B407
B975	N403TF	RV12
B97D	N403TP	G120
B989	N403UA	A320
B996	N403UP	B752
B9A2	N403VA	D228
B9BC	N403WB	BN2P
B9BE	N403WD	RV4
B9C7	N403WN	B737
B9CA	N403WR	LNC2
B9D3	N403X	M5
B9F6	N403YK	B734
B9F8	N403YM	UH1
BA02	N403YX	E75L
BA06	N403ZA	L39
BA20	N4030B	FOX
BA21	N4030C	R22
BA22	N4030D	C182
BA26	N4030H	M20P
BA28	N4030K	NAVI
BA2A	N4030M	PA12
BA2E	N4030R	PA32
BA31	N4030U	R22
BA34	N4030X	VO10
BA3A	N40303	M4
BA3B	N40304	M4
BA40	N40309	M4
BA41	N4031	SR22
BA43	N4031B	BE10
BA45	N4031D	C182
BA47	N4031F	PA18
BA49	N4031H	R44
BA4E	N4031N	CH75
BA4F	N4031P	RV6
BA56	N4031W	R22
BA58	N4031Y	C185
BA5C	N40312	M4
BA5E	N40314	M4
BA63	N40319	M4
BA65	N4032A	GLID
BA67	N4032C	C310
BA68	N4032D	C182
BA6A	N4032F	C172
BA6C	N4032H	M20P
BA6E	N4032K	NAVI
BA6F	N4032L	SS2T
BA71	N4032N	C140
BA72	N4032P	PA23
BA73	N4032Q	RV8
BA76	N4032T	A319
BA77	N4032U	C150
BA78	N4032V	C170
BA79	N4032W	PA32
BA7B	N4032Y	UH12
BA83	N40326	M4
BA89	N4033B	BL17
BA8B	N4033D	C182
BA8C	N4033E	AR11
BA8D	N4033F	C172
BA97	N4033R	PA32
BA99	N4033T	R22
BA9B	N4033V	C170
BA9C	N4033W	PA32
BA9D	N4033X	VO10
BA9F	N4033Z	PA18
BAA0	N40330	M4
BAA1	N40331	M4
BAA3	N40333	M4
BAA5	N40335	M4
BAA8	N40338	R22
BAAC	N4034B	BL17
BAAF	N4034E	AR11
BAB2	N4034H	R44
BAB3	N4034J	C150
BAB4	N4034K	RS12
BAB8	N4034P	PA23
BABA	N4034R	PA32
BABB	N4034S	P51
BAC0	N4034X	VO10
BAC4	N40341	M4
BAC5	N40342	M4
BAC7	N40344	M4
BAC8	N40345	COUR
BAC9	N40346	UH12
BACB	N40348	M4
BAD0	N4035C	S108
BAD1	N4035D	C182
BAD3	N4035F	C172
BAD5	N4035H	M20P
BAD6	N4035J	C150
BAD8	N4035L	UH12
BADA	N4035N	M20P
BADD	N4035R	P28A
BADE	N4035S	S64
BAE5	N4035Z	PA18
BAE8	N40352	M4
BAE9	N40353	R22
BAEA	N40354	M4
BAED	N40357	COUR
BAEE	N40358	SS2T
BAF1	N4036A	CH60
BAF4	N4036D	C182
BAF5	N4036E	PA18
BAF6	N4036F	AT3T
BAFD	N4036N	M20P
BAFE	N4036P	PA23
BAFF	N4036Q	R44
BB00	N4036R	P28A
BB08	N4036Z	PA18
BB0C	N40363	R44
BB11	N40368	PA18
BB12	N40369	CJ6
BB16	N4037C	S108
BB18	N4037E	PA18
BB19	N4037F	C172
BB1A	N4037G	R22
BB1B	N4037H	M20P
BB1D	N4037K	NAVI
BB1E	N4037L	H500
BB1F	N4037M	PA12
BB20	N4037N	C120
BB21	N4037P	DUCE
BB24	N4037S	S64
BB26	N4037U	C150
BB2A	N4037Y	C185
BB2C	N40370	PA23
BB2E	N40372	PA23
BB30	N40374	R22
BB38	N4038B	BL17
BB3A	N4038D	C182
BB3B	N4038E	AR11
BB3C	N4038F	C172
BB3E	N4038H	PA12
BB3F	N4038J	R44
BB42	N4038M	R22
BB48	N4038T	FOX
BB4A	N4038V	C150
BB4B	N4038W	R44
BB4E	N4038Z	PA18
BB4F	N40380	SPHA
BB51	N40382	TTWO
BB5B	N4039B	BL17
BB5D	N4039D	C182
BB5E	N4039E	PA18
BB5F	N4039F	C172
BB65	N4039M	PA12
BB66	N4039N	C140
BB67	N4039P	PA23
BB6C	N4039U	C150
BB6D	N4039V	C170
BB71	N4039Z	PA18
BB7A	N40398	R22
BB7B	N40399	PA23
BB7C	N404	FA24
BB7D	N404A	PA31
BB7E	N404AA	GLF2
BB80	N404AC	G280
BB82	N404AE	B06
BB84	N404AG	P28A
BB86	N404AJ	H47
BB89	N404AM	B407
BB8A	N404AN	A21N
BB8D	N404AR	GLF4
BB8F	N404AT	E135
BB91	N404AV	DH8D
BB97	N404BA	C208
BB98	N404BB	CH70
BB99	N404BC	BE40
BB9C	N404BF	PC12
BBA1	N404BL	BE40
BBA3	N404BN	C210
BBAD	N404BY	C650
BBAE	N404BZ	BE20
BBB0	N404CA	P28A
BBB1	N404CB	EXPR
BBB3	N404CD	LJ60
BBB7	N404CH	PA23
BBB8	N404CJ	B505
BBB9	N404CK	BE18
BBBB	N404CM	C510
BBBD	N404CP	C404
BBBF	N404CR	C404
BBC7	N404CZ	C510
BBC8	N404D	RV4
BBD0	N404DH	FA20
BBD2	N404DK	T28
BBD5	N404DN	TUCR
BBD6	N404DP	BE20
BBD9	N404DS	P28A
BBDD	N404DW	G109
BBDE	N404DX	A339
BBE1	N404E	DH8D
BBE4	N404EC	C404
BBF1	N404ER	C172
BBF2	N404ES	GLID
BBF9	N404EZ	VEZE
BBFA	N404F	F900
BC01	N404FG	RS20
BC0A	N404FR	C72R
BC12	N404FZ	FA20
BC13	N404G	C560
BC14	N404GA	R44
BC17	N404GD	GA4C
BC1A	N404GG	R44
BC25	N404GT	C404
BC2C	N404H	BE18
BC2D	N404HA	UH1
BC36	N404HK	Q9
BC3C	N404HR	FA20
BC46	N404JA	COL4
BC49	N404JD	C402
BC4A	N404JE	BL8
BC4C	N404JG	A139
BC51	N404JM	PRM1
BC53	N404JP	BE9L
BC55	N404JR	C421
BC5A	N404JW	FA10
BC6E	N404KR	C82T
BC76	N404KZ	B744
BC77	N404L	SF50
BC7A	N404LC	C130
BC7D	N404LF	BE36
BC7F	N404LH	B407
BC82	N404LL	B407
BC91	N404MA	K100
BC98	N404MH	CH75
BC99	N404MJ	COL4
BC9C	N404MM	G280
BC9E	N404MP	B06
BCA1	N404MS	BE40
BCA2	N404MT	R44
BCAA	N404NA	GL5T
BCAC	N404NC	B407
BCAE	N404NE	C404
BCBA	N404NS	C402
BCC2	N404P	BE36
BCC9	N404PG	C25B
BCCA	N404PH	B407
BCCB	N404PJ	C402
BCCD	N404PL	C510
BCDB	N404Q	G44
BCEC	N404QS	E55P
BCF1	N404QX	DH8D
BCF6	N404RB	AA5
BCFB	N404RG	C185
BD00	N404RM	CAMP
BD02	N404RP	C550
BD05	N404RS	GLEX
BD08	N404RV	RV12
BD10	N404SC	PC12
BD11	N404SD	R44
BD12	N404SE	P28R
BD13	N404SF	C208
BD15	N404SH	T206
BD16	N404SJ	SJ30
BD19	N404SM	C182
BD1E	N404SS	C172
BD1F	N404ST	SR22
BD22	N404SW	C172
BD24	N404SY	E75L
BD26	N404T	BE18
BD29	N404TC	PC12
BD2A	N404TD	B407
BD30	N404TK	J3
BD31	N404TL	VELO
BD32	N404TM	H25B
BD34	N404TP	G120
BD3B	N404TW	HUSK
BD3C	N404TX	LNC4
BD3F	N404U	TWEN
BD40	N404UA	A320
BD4D	N404UP	B752
BD55	N404UX	P28A
BD58	N404V	BE35
BD59	N404VA	D228
BD5A	N404VB	R66
BD72	N404WA	B06
BD73	N404WB	BN2P
BD79	N404WH	PA22
BD7E	N404WN	B737
BD82	N404WS	UH1
BDAF	N404YM	UH1
BDB9	N404YX	E75L
BDBB	N404YZ	SR20
BDD5	N4040	R44
BDD6	N4040A	CH7A
BDD9	N4040D	C182
BDDA	N4040E	PA18
BDDD	N4040H	PA12
BDE3	N4040P	UH1
BDE6	N4040S	YK52
BDEA	N4040W	DHC2
BDEC	N4040Y	YK52
BDED	N4040Z	PA18
BDEE	N40400	PA23
BDF0	N40402	TBM
BDF8	N4041	GLID
BDFB	N4041C	S108
BDFD	N4041E	PA18
BDFE	N4041F	R44
BE00	N4041H	M20P
BE04	N4041M	PA12
BE09	N4041S	R22
BE0B	N4041U	C150
BE0D	N4041W	GLID
BE11	N40410	CH60
BE13	N40412	P28A
BE1C	N4042A	BE35
BE20	N4042E	AR11
BE21	N4042F	C172
BE22	N4042G	B06
BE27	N4042M	PA31
BE2A	N4042Q	R44
BE2B	N4042R	PA32
BE2F	N4042V	C170
BE3C	N40428	SS2T
BE3E	N4043	VALI
BE3F	N4043A	BE35
BE40	N4043B	R44
BE43	N4043E	PA18
BE44	N4043F	C172
BE45	N4043G	C340
BE46	N4043H	PA12
BE47	N4043J	C150
BE48	N4043K	NAVI
BE49	N4043L	AS50
BE4A	N4043M	PA31
BE4C	N4043P	R44
BE51	N4043U	C150
BE52	N4043V	C170
BE54	N4043X	R66
BE57	N40430	CAMP
BE60	N40439	PA30
BE61	N4044	FOX
BE65	N4044D	R22
BE68	N4044G	PA18
BE6A	N4044J	C150
BE6D	N4044M	PA12
BE6E	N4044N	M20P
BE6F	N4044P	PA31
BE70	N4044Q	P28B
BE71	N4044R	PA32
BE75	N4044V	C170
BE79	N4044Z	PA18
BE7B	N40441	P28R
BE81	N40447	P32R
BE83	N40449	P32R
BE85	N4045A	BE35
BE87	N4045C	S108
BE88	N4045D	C182
BE89	N4045E	AR11
BE8A	N4045F	C172
BE8E	N4045K	NAVI
BE90	N4045M	PA12
BE91	N4045N	M20P
BE94	N4045R	M7
BE97	N4045U	C150
BE99	N4045W	AVID
BE9A	N4045X	VO10
BE9C	N4045Z	PA18
BE9E	N40451	P28A
BEA1	N40454	PA23
BEA2	N40455	P28B
BEA8	N4046A	R22
BEA9	N4046B	BL17
BEAA	N4046C	S108
BEAC	N4046E	AR11
BEB4	N4046N	C140
BEB5	N4046P	PA23
BEB8	N4046S	SS2T
BEBA	N4046U	C150
BEBF	N4046Z	PA18
BEC3	N40463	PA18
BEC4	N40464	PA23
BEC5	N40465	PA23
BECD	N4047C	BE20
BECE	N4047D	C182
BECF	N4047E	PA18
BED0	N4047F	C172
BED3	N4047J	L29
BED4	N4047K	NAVI
BED7	N4047N	R22
BED9	N4047Q	R66
BEDA	N4047R	YK52
BEDB	N4047S	C25M
BEDD	N4047U	C150
BEE0	N4047X	VO10
BEE2	N4047Z	PA18
BEE4	N40471	PA23
BEEB	N40478	FOX
BEF5	N4048H	M20P
BEF6	N4048J	A21N
BEF8	N4048L	AS50
BEF9	N4048M	C82R
BEFA	N4048N	C140
BEFD	N4048R	PA32
BF00	N4048U	C150
BF01	N4048V	C170
BF03	N4048X	VO10
BF06	N40480	L5
BF0A	N40484	C310
BF0C	N40486	GLIM
BF13	N4049C	S108
BF14	N4049D	C182
BF15	N4049E	AR11
BF16	N4049F	C172
BF18	N4049H	M20P
BF19	N4049J	C150
BF1D	N4049N	M20P
BF23	N4049U	C150
BF24	N4049V	C150
BF2B	N40492	FOX
BF30	N40497	PA23
BF33	N405	HUSK
BF34	N405A	P28A
BF39	N405AE	AS50
BF3D	N405AJ	H47
BF3E	N405AK	PA18
BF40	N405AM	AS50
BF41	N405AN	A21N
BF45	N405AS	P28A
BF46	N405AT	H500
BF49	N405AW	CRJ2
BF4A	N405AX	KFIR
BF4F	N405BB	TRDO
BF50	N405BC	CTAH
BF58	N405BL	NG5
BF66	N405C	S108
BF67	N405CA	P28A
BF68	N405CB	GLF5
BF69	N405CC	C82S
BF6A	N405CD	SR22
BF6D	N405CG	M20P
BF70	N405CK	B734
BF72	N405CM	R22
BF79	N405CU	P40
BF7A	N405CV	C82T
BF7F	N405D	F2TH
BF81	N405DB	T206
BF82	N405DC	LJ60
BF83	N405DD	BE9L
BF90	N405DS	P28A
BF91	N405DT	C177
BF95	N405DX	A339
BFA0	N405EH	EC35
BFA2	N405EK	F900
BFA8	N405ER	C172
BFA9	N405ES	C72R
BFB2	N405FA	C172
BFB5	N405FD	F260
BFBC	N405FL	P28A
BFBD	N405FM	LJ25
BFC1	N405FR	A20N
BFC7	N405FX	E545
BFD3	N405GJ	LJ35
BFDE	N405GV	C208
BFE3	N405H	B212
BFE5	N405HB	CL60
BFED	N405HK	Q9
BFEF	N405HM	CL30
BFF3	N405HR	PC12
C004	N405JH	C82R
C018	N405KC	PA46
C020	N405KL	C25C
C027	N405KT	P180
C02C	N405KY	HUSK
C02D	N405KZ	B744
C02F	N405LA	GLF5
C031	N405LC	C130
C034	N405LF	B407
C036	N405LH	B407
C039	N405LL	H25B
C03B	N405LN	B412
C03C	N405LP	B06
C048	N405MA	DA40
C04B	N405MD	H500
C04E	N405MG	MU30
C051	N405MK	S22T
C054	N405MN	PC12
C05C	N405MW	C172
C063	N405NC	B407
C064	N405ND	P28R
C070	N405NR	C185
C07A	N405PA	E120
C07D	N405PD	UH1
C082	N405PJ	B407
C08A	N405PS	VELO
C08D	N405PV	C680
C0A3	N405QS	E55P
C0AB	N405R	PUMA
C0AC	N405RA	G3
C0AD	N405RB	R44
C0B2	N405RG	RV12
C0B6	N405RL	B06
C0B7	N405RM	BD5
C0BB	N405RR	R44
C0BF	N405RV	RV4
C0C4	N405S	P28A
C0C5	N405SA	SW3
C0C6	N405SB	P28A
C0D2	N405SP	C172
C0D4	N405SR	SR22
C0D6	N405ST	RV8
C0D8	N405SV	AT45
C0DB	N405SY	E75L
C0DD	N405T	C68A
C0DE	N405TA	C82S
C0E5	N405TH	PA18
C0E6	N405TJ	EC35
C0E7	N405TK	CL60
C0EB	N405TP	G120
C0EF	N405TT	C82S
C0F2	N405TW	COL4
C0F3	N405TX	AS50
C0F7	N405UA	A320
C102	N405UM	CRER
C104	N405UP	B752
C110	N405VA	D228
C120	N405VS	LJ31
C12A	N405WB	PA32
C132	N405WK	BE30
C135	N405WN	B737
C141	N405X	M5
C164	N405YK	B734
C166	N405YM	UH1
C170	N405YX	E75L
C174	N405ZA	L39
C18C	N4050	GLF6
C190	N4050D	C182
C192	N4050F	C172
C193	N4050G	R22
C194	N4050H	PA12
C199	N4050N	M20P
C19A	N4050P	R44
C1A0	N4050V	C170
C1A4	N4050Z	PA18
C1AB	N40506	R22
C1AC	N40507	PA23
C1B0	N4051A	C195
C1B2	N4051C	C340
C1B3	N4051D	C182
C1B5	N4051F	C172
C1BA	N4051L	R66
C1BC	N4051N	C120
C1BD	N4051P	PA23
C1C4	N4051W	PA32
C1C8	N40510	PA23
C1D3	N4052A	CB1
C1D4	N4052B	BL17
C1D6	N4052D	B06
C1D8	N4052F	P28A
C1DA	N4052H	M20P
C1DF	N4052N	C140
C1E0	N4052P	AT3P
C1E6	N4052V	PA18
C1E8	N4052X	AVID
C1EA	N4052Z	PA18
C1EB	N40520	PA18
C1ED	N40522	PA23
C1EE	N40523	PA18
C1F6	N4053A	CH60
C1F7	N4053B	BL17
C1F8	N4053C	S108
C1F9	N4053D	C182
C1FC	N4053G	A320
C1FD	N4053H	BE20
C205	N4053R	PA32
C207	N4053T	R44
C208	N4053U	C150
C20D	N4053Z	PA18
C21A	N4054B	BL17
C21B	N4054C	S108
C21C	N4054D	C182
C21E	N4054F	C172
C21F	N4054G	R44
C220	N4054H	M20P
C222	N4054K	R44
C223	N4054L	R44
C22F	N4054Y	R44
C230	N4054Z	PA18
C235	N40544	R44
C23A	N40549	PA18
C23B	N4055	MITE
C23D	N4055B	BL17
C23F	N4055D	C182
C241	N4055F	C172
C243	N4055H	M20P
C244	N4055J	C150
C245	N4055K	R44
C246	N4055L	AS50
C248	N4055N	R44
C24A	N4055Q	R44
C24B	N4055R	PA32
C24C	N4055S	J3
C24E	N4055U	C150
C250	N4055W	PA32
C251	N4055X	M6
C253	N4055Z	PA18
C256	N40552	PA18
C258	N40554	KR2
C25B	N40557	PA23
C25C	N40558	PA18
C25D	N40559	PA23
C264	N4056F	C172
C266	N4056H	M20P
C26A	N4056M	R22
C26F	N4056S	BE36
C271	N4056U	C150
C272	N4056V	R44
C273	N4056W	PA32
C274	N4056X	VO10
C276	N4056Z	PA18
C278	N40561	PA18
C27D	N40566	PA23
C280	N40569	PA23
C281	N4057	MITE
C283	N4057B	BL17
C284	N4057C	C414
C286	N4057E	AR11
C28A	N4057J	C150
C28D	N4057M	PA12
C28E	N4057N	M20P
C290	N4057Q	C402
C291	N4057R	PA32
C292	N4057S	R44
C296	N4057W	PA32
C298	N4057Y	C185
C299	N4057Z	PA18
C29B	N40571	PA23
C29D	N40573	PA18
C29F	N40575	PA18
C2A2	N40578	PA23
C2A3	N40579	PA18
C2A7	N4058C	R22
C2A8	N4058D	C182
C2AB	N4058G	CH70
C2AC	N4058H	M20P
C2AD	N4058J	A21N
C2B1	N4058N	M20P
C2B3	N4058Q	P28A
C2B4	N4058R	PA32
C2B9	N4058W	PA32
C2BA	N4058X	VO10
C2BE	N40581	PA23
C2C0	N40583	C150
C2C1	N40584	AS50
C2C3	N40586	COY2
C2C5	N40588	PA23
C2C9	N4059B	BL17
C2CB	N4059D	C182
C2CD	N4059F	C172
C2CE	N4059G	YK52
C2D5	N4059P	ST75
C2D8	N4059S	BE35
C2DC	N4059W	AS50
C2E2	N40592	PA23
C2E9	N40599	PA23
C2EB	N406A	P28A
C2EF	N406AD	E550
C2F1	N406AF	P28A
C2F3	N406AH	C185
C2F4	N406AJ	PA11
C2F5	N406AK	BPAT
C2F7	N406AM	AS50
C2F8	N406AN	A21N
C2F9	N406AP	B407
C2FC	N406AS	B407
C2FF	N406AV	DH8B
C300	N406AW	SF50
C301	N406AX	KFIR
C304	N406B	BE35
C307	N406BC	EC45
C30D	N406BJ	CL30
C30E	N406BK	C402
C30F	N406BL	DA40
C310	N406BM	AT8T
C314	N406BR	C25B
C316	N406BT	CL2T
C319	N406BW	GLST
C31D	N406C	SR22
C31F	N406CB	CH60
C321	N406CD	P46T
C326	N406CJ	C56X
C327	N406CK	B734
C329	N406CM	C510
C32B	N406CP	U21
C32E	N406CS	H269
C32F	N406CT	C550
C331	N406CV	C82T
C332	N406CW	BN2P
C337	N406DA	BE20
C338	N406DB	B06
C33B	N406DE	LA4
C33E	N406DH	PA11
C346	N406DR	P28A
C347	N406DS	P28A
C34C	N406DX	A339
C357	N406EH	EC35
C358	N406EJ	C560
C35D	N406EP	C172
C35F	N406ER	C172
C360	N406ES	ECHO
C36A	N406FB	C25B
C36C	N406FD	F260
C371	N406FJ	D328
C378	N406FR	C72R
C37E	N406FX	E545
C382	N406GA	C402
C38C	N406GL	RV14
C38D	N406GM	CC11
C3A0	N406HF	BE20
C3AA	N406HR	WW24
C3B4	N406JA	C172
C3BF	N406JM	RV4
C3C3	N406JR	PA34
C3CE	N406KB	CRUZ
C3D6	N406KK	B06
C3DE	N406KT	H47
C3E4	N406KZ	B744
C3E5	N406L	WAIX
C3E6	N406LA	C25A
C3E7	N406LB	C82S
C3EB	N406LF	B407
C3EE	N406LJ	C501
C3FF	N406MA	P28A
C400	N406MB	C25B
C406	N406MH	BE35
C408	N406MK	S22T
C40C	N406MP	B06
C40E	N406MR	B06
C414	N406MX	B407
C41A	N406NC	B407
C41B	N406ND	SR20
C422	N406NL	F2TH
C42C	N406NW	C185
C430	N406P	RV7
C434	N406PD	B407
C437	N406PG	P28A
C438	N406PH	B407
C439	N406PJ	B407
C441	N406PS	DV20
C445	N406PW	B06
C45A	N406QS	E55P
C45F	N406QX	DH8D
C462	N406R	DFLY
C463	N406RA	G3
C464	N406RB	P32R
C465	N406RC	C402
C466	N406RD	C560
C46A	N406RH	CC11
C46B	N406RJ	R44
C46C	N406RK	TBM7
C46D	N406RL	BE9L
C476	N406RV	RV4
C47B	N406S	M600
C47D	N406SB	BE20
C47E	N406SC	E550
C47F	N406SD	F406
C481	N406SF	BE9L
C486	N406SL	P28R
C48B	N406SR	SR22
C48F	N406SV	AT45
C492	N406SY	E170
C494	N406T	BE35
C495	N406TA	C172
C498	N406TD	B407
C4A0	N406TM	H25B
C4A6	N406TT	SF50
C4A8	N406TV	B407
C4AA	N406TX	C25B
C4AE	N406UA	A320
C4BB	N406UP	B752
C4C7	N406VA	D228
C4D7	N406VS	LJ31
C4E1	N406WB	PA32
C4E2	N406WC	BE35
C4EC	N406WN	B737
C4F1	N406WT	F406
C4F6	N406WY	RV7
C4FB	N406XC	CC11
C527	N406YX	E75L
C52A	N406Z	PA12
C544	N4060A	TAYB
C548	N4060E	AR11
C549	N4060F	P28A
C54A	N4060G	C172
C54C	N4060J	C150
C54E	N4060L	PA23
C54F	N4060M	PA12
C557	N4060V	F260
C558	N4060W	R66
C559	N4060X	VO10
C55B	N4060Z	R66
C561	N40605	J3
C562	N40606	M4
C563	N40607	J3
C565	N40609	J3
C56A	N4061D	C182
C56B	N4061E	AR11
C56C	N4061F	C172
C56D	N4061G	AS50
C56F	N4061J	C150
C572	N4061M	PA12
C573	N4061N	M20P
C576	N4061R	PA32
C577	N4061S	BE36
C579	N4061U	C150
C57C	N4061X	VO10
C57D	N4061Y	C185
C57E	N4061Z	PA18
C583	N40614	M4
C584	N40615	J3
C585	N40616	P28A
C586	N40617	M4
C587	N40618	J3
C58A	N4062A	C310
C58B	N4062B	BL17
C58D	N4062D	C182
C58E	N4062E	PA18
C58F	N4062F	C172
C592	N4062J	A21N
C596	N4062N	C140
C597	N4062P	PA23
C5A9	N40627	J3
C5AA	N40628	M4
C5AB	N40629	M4
C5AD	N4063A	CH7A
C5B0	N4063D	C182
C5B2	N4063F	C172
C5B3	N4063G	PA34
C5B4	N4063H	M20P
C5B5	N4063J	C150
C5BB	N4063Q	C310
C5BF	N4063U	C150
C5C0	N4063V	C170
C5C2	N4063X	VO10
C5C4	N4063Z	PA18
C5C6	N40631	J3
C5C7	N40632	J3
C5C8	N40633	M4
C5C9	N40634	M4
C5CA	N40635	M4
C5CB	N40636	P28A
C5CD	N40638	M4
C5D0	N4064A	CH7A
C5D2	N4064C	S108
C5D4	N4064E	AR11
C5D6	N4064G	RV4
C5D7	N4064H	M20P
C5D8	N4064J	A21N
C5DC	N4064N	C140
C5DD	N4064P	PA23
C5DE	N4064Q	VJ22
C5DF	N4064R	PA32
C5E3	N4064V	C170
C5E5	N4064X	VO10
C5E8	N40640	M4
C5E9	N40641	J3
C5EA	N40642	J3
C5EB	N40643	M4
C5EC	N40644	J3
C5ED	N40645	M4
C5EE	N40646	M4
C5EF	N40647	M4
C5F0	N40648	C120
C5F2	N4065	MITE
C5F4	N4065B	BL17
C5F7	N4065E	PA18
C5F9	N4065G	C340
C5FA	N4065H	M20P
C601	N4065Q	P28R
C602	N4065R	PA32
C603	N4065S	BE55
C606	N4065V	C150
C607	N4065W	PA32
C60B	N40650	M4
C60C	N40651	J3
C60E	N40653	M4
C610	N40655	P28A
C611	N40656	M4
C612	N40657	M4
C613	N40658	J3
C614	N40659	J3
C617	N4066B	RV6
C618	N4066C	S108
C61A	N4066E	PA18
C61B	N4066F	C172
C624	N4066Q	P28R
C625	N4066R	PA32
C629	N4066V	C170
C62E	N40660	J3
C62F	N40661	M4
C631	N40663	J3
C635	N40667	M4
C637	N40669	M4
C63C	N4067D	C182
C63D	N4067E	AR11
C63F	N4067G	B06
C640	N4067H	M20P
C641	N4067J	C150
C646	N4067P	PA23
C648	N4067R	PA32
C64B	N4067U	GLID
C64D	N4067W	PA32
C650	N4067Z	PA18
C651	N40670	P28A
C654	N40673	J3
C655	N40674	M4
C659	N40678	J5
C65A	N40679	P28R
C65B	N4068	MITE
C65E	N4068C	S108
C662	N4068G	B06
C664	N4068J	C150
C668	N4068N	M20P
C66A	N4068Q	P28R
C670	N4068W	AS50
C671	N4068X	VO10
C672	N4068Y	C185
C677	N40683	J5
C678	N40684	M4
C679	N40685	J5
C67A	N40686	M4
C67D	N40689	M4
C681	N4069C	S108
C683	N4069E	AR11
C684	N4069F	C172
C685	N4069G	UH1
C687	N4069J	C150
C68B	N4069N	M20P
C68E	N4069R	H43B
C68F	N4069S	BE36
C691	N4069U	C150
C693	N4069W	PA32
C694	N4069X	R22
C697	N40690	UH1
C699	N40692	M4
C69B	N40694	M4
C69D	N40696	J4
C69E	N40697	P28R
C69F	N40698	PA32
C6A0	N40699	SS2T
C6A1	N407	P337
C6A6	N407AD	B06
C6A7	N407AE	B06
C6A8	N407AF	PA30
C6A9	N407AG	B407
C6AE	N407AM	B407
C6AF	N407AN	A21N
C6B0	N407AP	B407
C6B2	N407AR	B407
C6B3	N407AS	B739
C6B8	N407AX	KFIR
C6BD	N407BB	B407
C6C0	N407BE	B407
C6C2	N407BG	B407
C6C4	N407BJ	B407
C6C5	N407BK	B407
C6C9	N407BP	B407
C6CB	N407BR	B407
C6CE	N407BU	B407
C6D0	N407BW	C72R
C6D2	N407BY	B407
C6D4	N407C	S108
C6D6	N407CB	BE36
C6D7	N407CC	B407
C6D8	N407CD	SR22
C6DC	N407CH	B407
C6DF	N407CL	FBA2
C6E0	N407CM	B407
C6E1	N407CN	B407
C6E2	N407CP	B407
C6E4	N407CR	B407
C6E6	N407CT	AT5T
C6E8	N407CV	C82T
C6E9	N407CW	BE40
C6EC	N407CZ	B407
C6EE	N407DA	B407
C6EF	N407DB	B407
C6F2	N407DE	B407
C6F3	N407DF	V10
C6F5	N407DH	B407
C6F7	N407DK	B407
C6F9	N407DM	BT36
C6FA	N407DN	B505
C6FE	N407DS	DA40
C6FF	N407DT	B407
C702	N407DW	GLF4
C703	N407DX	A339
C706	N407E	B407
C708	N407EN	C172
C70B	N407EE	C310
C711	N407EL	RV7
C716	N407ER	C172
C717	N407ES	B407
C71E	N407EZ	TEX2
C722	N407FC	B407
C723	N407FD	F260
C726	N407FG	B407
C727	N407FH	B407
C728	N407FJ	D328
C72A	N407FL	B407
C72B	N407FM	B407
C72F	N407FR	C72R
C731	N407FT	P28A
C735	N407FX	E545
C73E	N407GF	B407
C740	N407GH	B407
C742	N407GK	GLF5
C744	N407GM	B407
C746	N407GP	B407
C749	N407GS	B407
C74C	N407GV	C208
C74E	N407GX	B407
C752	N407HA	B407
C753	N407HB	B407
C754	N407HC	B407
C755	N407HD	B407
C757	N407HF	B407
C75F	N407HP	B407
C761	N407HR	GLAS
C766	N407HW	B407
C76A	N407J	B407
C76B	N407JA	HIGH
C76C	N407JB	B407
C76D	N407JC	BE36
C772	N407JH	B407
C776	N407JM	B407
C778	N407JP	B407
C77A	N407JR	B407
C77B	N407JS	B407
C77C	N407JT	B407
C77E	N407JV	B407
C785	N407KB	B407
C786	N407KC	UH1
C78B	N407KH	B407
C78F	N407KM	COL4
C791	N407KP	SR22
C794	N407KS	B407
C797	N407KV	B407
C79A	N407KY	B407
C79B	N407KZ	B744
C79D	N407LA	M20P
C79E	N407LB	B407
C7A0	N407LD	B407
C7A1	N407LE	B407
C7A2	N407LF	B407
C7A4	N407LH	B407
C7A8	N407LM	B407
C7A9	N407LN	B407
C7AA	N407LP	B407
C7AB	N407LQ	B407
C7AD	N407LS	B407
C7AE	N407LT	B407
C7B6	N407MA	B407
C7B8	N407MC	B407
C7B9	N407MD	C172
C7C1	N407MM	B407
C7C2	N407MN	LGEZ
C7C5	N407MR	B407
C7C6	N407MS	B407
C7C7	N407MT	B407
C7CD	N407MZ	B407
C7CF	N407NA	B407
C7D1	N407NC	B407
C7D9	N407NL	B407
C7DC	N407NP	B407
C7E3	N407NW	B407
C7E5	N407NY	B407
C7E7	N407P	B407
C7E8	N407PA	B407
C7E9	N407PB	B407
C7EA	N407PC	BE36
C7EB	N407PD	B407
C7ED	N407PF	B407
C7EE	N407PG	B407
C7EF	N407PH	B407
C7F0	N407PJ	B407
C7FC	N407PW	B407
C811	N407QS	E55P
C819	N407R	B407
C81A	N407RA	B407
C81E	N407RE	B407
C81F	N407RF	B407
C821	N407RH	B407
C822	N407RJ	B407
C823	N407RK	C402
C824	N407RL	B407
C825	N407RM	B407
C829	N407RR	B407
C82A	N407RS	BE58
C82B	N407RT	B407
C82C	N407RU	B407
C82D	N407RV	B06
C82E	N407RW	B407
C82F	N407RX	B407
C831	N407RZ	GLIM
C832	N407S	P28A
C833	N407SA	B407
C835	N407SC	C172
C836	N407SD	B407
C837	N407SE	B407
C838	N407SF	B407
C839	N407SG	B407
C83A	N407SH	B47T
C83C	N407SK	B407
C83D	N407SL	B407
C83E	N407SM	B407
C842	N407SR	B407
C843	N407SS	B407
C846	N407SV	AT45
C847	N407SW	CRJ2
C848	N407SX	SONX
C84B	N407T	BE95
C84E	N407TC	BE40
C84F	N407TD	B407
C851	N407TF	B407
C853	N407TH	B407
C855	N407TK	B407
C856	N407TL	P28R
C858	N407TN	B407
C85B	N407TR	GA6C
C85C	N407TS	SREY
C85F	N407TV	B407
C861	N407TX	B407
C865	N407UA	A320
C872	N407UP	B752
C876	N407UT	B407
C87D	N407V	RV7
C87E	N407VA	D228
C880	N407VC	B407
C88E	N407VS	B407
C891	N407VV	B407
C896	N407W	WW24
C897	N407WA	B407
C898	N407WB	PA18
C89A	N407WD	B407
C89C	N407WF	B407
C89E	N407WH	B407
C8A3	N407WN	B737
C8AF	N407X	M5
C8C8	N407Y	G164
C8D2	N407YK	B734
C8DE	N407YX	E75L
C8E1	N407Z	B407
C8ED	N407ZM	B407
C8FA	N4070	MITE
C8FD	N4070C	S108
C8FF	N4070E	AR11
C903	N4070J	C150
C905	N4070L	C421
C907	N4070N	C140
C90A	N4070R	PA32
C90E	N4070V	C170
C912	N4070Z	PA18
C913	N40700	J5
C915	N40702	PA34
C917	N40704	P28A
C91A	N40707	UH1
C921	N4071D	C182
C922	N4071E	PA18
C923	N4071F	C172
C925	N4071H	M20P
C926	N4071J	C150
C929	N4071M	PA12
C92A	N4071N	C120
C92D	N4071R	PA32
C92E	N4071S	BE60
C936	N40710	R22
C939	N40713	J5
C93E	N40718	P28A
C942	N4072B	RV14
C943	N4072C	S108
C94B	N4072L	PA31
C94C	N4072M	PA12
C94D	N4072N	C140
C94E	N4072P	UH1
C954	N4072V	C170
C955	N4072W	PA32
C957	N4072Y	C185
C958	N4072Z	R22
C959	N40720	J5
C95B	N40722	UH1
C95C	N40723	J5
C95D	N40724	P28R
C95F	N40726	P28B
C960	N40727	J5
C962	N40729	UH1
C963	N4073	MITE
C966	N4073C	S108
C967	N4073D	C182
C968	N4073E	PA18
C969	N4073F	C172
C96C	N4073J	A21N
C96E	N4073L	PA31
C970	N4073N	M20P
C973	N4073R	PA32
C977	N4073V	C170
C97C	N40730	J3
C97F	N40733	RLU1
C981	N40735	P28A
C985	N40739	J3
C98A	N4074D	C182
C98B	N4074E	AS50
C98C	N4074F	PA31
C98D	N4074G	B47G
C98E	N4074H	M20P
C98F	N4074J	A21N
C990	N4074K	UH1
C991	N4074L	C421
C993	N4074N	C140
C997	N4074S	BE33
C998	N4074T	R22
C99A	N4074V	RV6
C99C	N4074X	VO10
C99D	N4074Y	C185
C99F	N40740	P28A
C9A0	N40741	J3
C9A6	N40747	PA32
C9A7	N40748	J3
C9A8	N40749	J3
C9AA	N4075A	PA18
C9AF	N4075F	C172
C9B1	N4075H	PA12
C9B2	N4075J	C150
C9B3	N4075K	T18
C9B7	N4075P	PA23
C9B8	N4075Q	C402
C9B9	N4075R	PA32
C9BA	N4075S	AS50
C9BB	N4075T	PA18
C9BC	N4075U	C150
C9BD	N4075V	MITE
C9C2	N40750	J3
C9C4	N40752	P28A
C9C7	N40755	P28A
C9CA	N40758	PA32
C9CF	N4076C	S108
C9D3	N4076G	EXEC
C9D4	N4076H	R22
C9D5	N4076J	A21N
C9D8	N4076M	PA12
C9D9	N4076N	M20P
C9DB	N4076Q	C402
C9DC	N4076R	PA32
C9DE	N4076T	PA31
C9DF	N4076U	C150
C9E0	N4076V	C150
C9E2	N4076X	VO10
C9E3	N4076Y	C185
C9E5	N40760	J3
C9E8	N40763	J3
C9EC	N40767	P28A
C9ED	N40768	P28R
C9EF	N4077	B47G
C9F0	N4077A	BE35
C9F2	N4077C	S108
C9F3	N4077D	C182
C9F5	N4077F	C172
C9F8	N4077J	A21N
C9FB	N4077M	PA12
C9FC	N4077N	PA31
C9FF	N4077R	PA32
CA00	N4077S	BE36
CA02	N4077U	C150
CA04	N4077W	PA31
CA05	N4077X	FOX
CA06	N4077Y	C182
CA07	N4077Z	PA18
CA0C	N40774	J3
CA0E	N40776	P28A
CA12	N4078	MITE
CA14	N4078B	PA31
CA15	N4078C	S108
CA16	N4078D	C182
CA18	N4078F	C172
CA1B	N4078J	PA31
CA1F	N4078N	C140
CA20	N4078P	R22
CA22	N4078R	PA32
CA25	N4078U	C150
CA28	N4078X	VO10
CA29	N4078Y	PA31
CA2D	N40782	J3
CA2F	N40784	PA32
CA30	N40785	PA34
CA32	N40787	P28A
CA36	N4079A	BE36
CA38	N4079C	C310
CA39	N4079D	C182
CA3A	N4079E	AR11
CA3B	N4079F	C172
CA3D	N4079H	PA31
CA42	N4079N	C120
CA43	N4079P	PA23
CA44	N4079Q	PA34
CA48	N4079U	C150
CA49	N4079V	C170
CA4B	N4079X	VO10
CA4D	N4079Z	PA18
CA4F	N40791	J5
CA50	N40792	J4
CA53	N40795	J5
CA54	N40796	PA31
CA56	N40798	P28A
CA58	N408	S108
CA5B	N408AB	COL4
CA5C	N408AC	AT3P
CA5E	N408AE	B06
CA60	N408AG	S22T
CA66	N408AN	A21N
CA67	N408AP	B407
CA69	N408AR	J3
CA6A	N408AS	B739
CA6E	N408AW	CRJ2
CA73	N408BA	C408
CA7D	N408BL	DA40
CA87	N408BW	RV6
CA8B	N408C	PA46
CA8C	N408CA	P28A
CA8E	N408CC	B407
CA8F	N408CD	SR22
CA94	N408CJ	FA50
CA96	N408CL	R44
CA9C	N408CS	C240
CA9F	N408CV	C82T
CAA4	N408D	DC3
CAA5	N408DA	PC12
CAA7	N408DC	K100
CAAA	N408DF	V10
CAAC	N408DH	TBM7
CAAF	N408DL	PA34
CABA	N408DX	A339
CABF	N408EB	T206
CACB	N408EP	C172
CACD	N408ER	C172
CACE	N408ES	C72R
CAD1	N408EV	EVSS
CAD5	N408EZ	LGEZ
CAD7	N408FA	BE60
CADB	N408FE	C408
CAE1	N408FL	P28A
CAE6	N408FR	C408
CAE7	N408FS	S61
CAEC	N408FX	E545
CAEE	N408FZ	PC12
CAF0	N408GA	B407
CAF6	N408GG	B407
CAF7	N408GH	C210
CAF8	N408GJ	BE40
CAFB	N408GM	B407
CB01	N408GT	TBM7
CB08	N408H	G280
CB24	N408JC	BE36
CB2D	N408JM	RV8
CB2E	N408JN	CH7A
CB32	N408JS	GLF4
CB3B	N408KA	C408
CB3C	N408KB	DV20
CB3D	N408KC	UH1
CB54	N408LA	M20P
CB55	N408LB	C172
CB59	N408LF	B407
CB5C	N408LJ	C182
CB5E	N408LL	B407
CB5F	N408LM	B407
CB60	N408LN	B407
CB64	N408LS	F2TH
CB68	N408LW	P28A
CB6C	PR-ALY	BE40
CB6E	N408MB	T206
CB6F	N408MC	B744
CB75	N408MJ	CL35
CB78	N408MM	C56X
CB7C	N408MR	B06
CB85	N408N	C120
CB89	N408ND	SR20
CB8C	N408NG	PC12
CBA0	N408PB	P28B
CBA1	N408PC	BE40
CBA5	N408PG	SR22
CBA6	N408PH	B407
CBA7	N408PJ	B407
CBAC	N408PP	JS31
CBAE	N408PR	C408
CBAF	N408PS	SRAI
CBB0	N408PT	BOLT
CBB4	N408PX	C408
CBC8	N408QS	E55P
CBD0	N408R	C180
CBD5	N408RE	C408
CBD7	N408RG	R44
CBDA	N408RK	C25A
CBE5	N408RW	SF50
CBE9	N408S	STAL
CBEA	N408SA	DA42
CBEB	N408SB	GA6C
CBED	N408SD	EC20
CBF1	N408SH	B407
CBF2	N408SJ	CRJ2
CBF9	N408SR	B350
CBFD	N408SV	AT46
CBFF	N408SX	SONX
CC00	N408SY	E75L
CC03	N408TA	C408
CC06	N408TD	B407
CC0A	N408TH	BE18
CC0D	N408TL	C408
CC16	N408TV	B407
CC1C	N408UA	A320
CC1F	N408UD	S61
CC23	N408UH	B407
CC29	N408UP	B752
CC2D	N408UT	B407
CC35	N408VA	D228
CC4F	N408WB	PA32
CC50	N408WC	S61
CC5A	N408WN	B737
CC62	N408WW	FDCT
CC64	N408WY	P46T
CC66	N408X	M5
CC95	N408YX	E75L
CCAD	N408ZW	RV10
CCB2	N4080A	PA18
CCB3	N4080B	BL17
CCB5	N4080D	C182
CCB7	N4080F	C172
CCB9	N4080H	PA12
CCBB	N4080K	NAVI
CCBC	N4080L	PA31
CCBE	N4080N	C140
CCC0	N4080Q	CRER
CCC2	N4080S	BE35
CCC6	N4080W	PA32
CCC8	N4080Y	C185
CCC9	N4080Z	PA18
CCCB	N40801	P28B
CCCD	N40803	J3
CCCE	N40804	J3
CCD0	N40806	P28A
CCD4	N4081	BE36
CCD6	N4081B	BL17
CCD8	N4081D	C182
CCD9	N4081E	R22
CCE1	N4081N	C120
CCE2	N4081P	SS2T
CCE5	N4081S	P28R
CCE8	N4081V	C150
CCED	N40810	P28A
CCEE	N40811	J3
CCEF	N40812	P28A
CCF0	N40813	PA31
CCF4	N40817	J3
CCF6	N40819	J3
CCF7	N4082	BD4
CCF9	N4082B	BL17
CCFB	N4082D	C182
CCFC	N4082E	AR11
CCFE	N4082G	T6
CD00	N4082J	R22
CD03	N4082M	PA12
CD04	N4082N	C140
CD05	N4082P	UH1
CD07	N4082R	PA32
CD08	N4082S	BE33
CD09	N4082T	PA31
CD0B	N4082V	T6
CD0D	N4082X	VO10
CD10	N40820	FOX
CD13	N40823	P28A
CD16	N40826	J3
CD17	N40827	J3
CD19	N40829	P28A
CD1B	N4083A	BE35
CD1C	N4083B	T18
CD1E	N4083D	C182
CD1F	N4083E	PA18
CD20	N4083F	C172
CD22	N4083H	M20P
CD23	N4083J	A21N
CD25	N4083L	PA15
CD29	N4083Q	P28A
CD2D	N4083U	C150
CD2F	N4083W	PA31
CD30	N4083X	VO10
CD32	N4083Z	PA18
CD33	N40830	P28A
CD34	N40831	P28A
CD35	N40832	PA18
CD38	N40835	J3
CD39	N40836	P28A
CD3A	N40837	J3
CD3B	N40838	P28A
CD3D	N4084	BE18
CD40	N4084C	BE35
CD42	N4084E	PA18
CD45	N4084H	M20P
CD46	N4084J	J3
CD47	N4084K	FOX
CD49	N4084M	PA12
CD4A	N4084N	C140
CD4D	N4084R	PA32
CD4E	N4084S	BE35
CD4F	N4084T	R22
CD52	N4084W	PA32
CD55	N4084Z	PA18
CD57	N40841	J3
CD58	N40842	P28A
CD5A	N40844	ACAM
CD5B	N40845	P28A
CD5F	N40849	SREY
CD62	N4085B	BL17
CD65	N4085E	PA18
CD6E	N4085P	PA23
CD6F	N4085Q	P28A
CD70	N4085R	PA32
CD73	N4085U	C150
CD74	N4085V	C170
CD75	N4085W	RV6
CD79	N40850	P28A
CD7B	N40852	P28R
CD7E	N40855	BE36
CD7F	N40856	P28A
CD80	N40857	P28A
CD81	N40858	P28A
CD84	N4086A	BE35
CD87	N4086D	C182
CD88	N4086E	PA31
CD89	N4086F	C172
CD8C	N4086J	C150
CD8F	N4086M	PA12
CD90	N4086N	C140
CD94	N4086S	BE35
CD95	N4086T	T6
CD97	N4086V	C150
CD98	N4086W	PA32
CD9D	N40861	J3
CD9E	N40862	P28A
CDA1	N40865	PA32
CDA3	N40867	J5
CDA7	N4087A	RS12
CDA9	N4087C	PA31
CDAD	N4087G	PA31
CDAE	N4087H	M20P
CDAF	N4087J	PA31
CDB0	N4087K	PA31
CDB3	N4087N	C120
CDB4	N4087P	PA23
CDB6	N4087R	PA32
CDBA	N4087V	C170
CDBE	N4087Z	PA18
CDBF	N40870	J5
CDC1	N40872	PA31
CDC3	N40874	P28A
CDC4	N40875	J5
CDC5	N40876	P28A
CDC9	N4088	MITE
CDCB	N4088B	BL17
CDCD	N4088D	C182
CDCF	N4088F	P28A
CDD2	N4088J	C150
CDD5	N4088M	PA12
CDD6	N4088N	C140
CDDD	N4088V	C150
CDE0	N4088Y	B06
CDE2	N40880	GLIM
CDE3	N40881	P28A
CDE4	N40882	P28A
CDE7	N40885	J5
CDEA	N40888	J5
CDEB	N40889	WAIX
CDEC	N4089	GLAS
CDEE	N4089B	ACAM
CDEF	N4089C	M4
CDF0	N4089D	C182
CDF2	N4089F	RV8
CDF8	N4089M	PA12
CDFB	N4089Q	SS2T
CDFD	N4089S	BE35
CDFE	N4089T	DC3
CE00	N4089V	C170
CE0A	N40895	J5
CE0B	N40896	J5
CE10	N409A	RV14
CE11	N409AA	A21N
CE13	N409AC	M200
CE15	N409AE	B06
CE16	N409AF	P28A
CE1C	N409AM	PC12
CE1E	N409AP	B407
CE21	N409AS	B739
CE25	N409AW	CRJ2
CE28	N409AZ	B763
CE29	N409B	BE35
CE2A	N409BA	C408
CE30	N409BG	PC12
CE33	N409BK	C402
CE34	N409BL	PA23
CE35	N409BM	GALX
CE39	N409BR	AT3P
CE43	N409CA	P28A
CE44	N409CB	GLIM
CE46	N409CD	SR22
CE48	N409CF	SR20
CE4B	N409CJ	C25C
CE50	N409CP	PA46
CE51	N409CQ	C82T
CE52	N409CR	C172
CE56	N409CV	C182
CE5C	N409DA	PC12
CE5E	N409DC	R44
CE61	N409DF	V10
CE64	N409DJ	C25B
CE6B	N409DR	C510
CE71	N409DX	A339
CE84	N409ER	C172
CE85	N409ES	C72R
CE91	N409FD	F260
CE99	N409FM	RV12
CE9B	N409FP	DA40
CE9D	N409FR	A20N
CE9E	N409FS	EPIC
CEA3	N409FX	E545
CEA5	N409FZ	PC12
CEA7	N409GA	B407
CEA8	N409GB	GA5C
CEBA	N409GV	C208
CEC0	N409HA	COL4
CEC7	N409HH	EC20
CED1	N409HT	EN28
CED9	N409JA	HIGH
CEDA	N409JB	AEST
CEDC	N409JD	HIGH
CEE0	N409JH	SR20
CEE4	N409JM	LJ60
CEE6	N409JP	PA18
CEE9	N409JS	CH7A
CEF1	N409K	FLE2
CEF4	N409KC	B412
CEF8	N409KG	E55P
CEFA	N409KJ	PA44
CF0D	N409LC	C130
CF10	N409LF	B407
CF15	N409LL	SONX
CF16	N409LM	B407
CF18	N409LP	C172
CF1B	N409LS	PA31
CF1C	N409LT	PC12
CF23	N409M	BE35
CF26	N409MC	B744
CF30	N409MN	C208
CF33	N409MR	CL30
CF34	N409MS	C208
CF4D	N409NS	RV10
CF50	N409NV	MD83
CF55	N409P	BE36
CF58	N409PC	M20P
CF59	N409PD	BE33
CF5D	N409PH	B407
CF5E	N409PJ	B407
CF67	N409PT	RV12
CF7F	N409QS	E55P
CF87	N409R	BE35
CF88	N409RA	BE20
CF8A	N409RC	S22T
CF93	N409RM	CRER
CF9B	N409RV	RV9
CFA0	N409S	C500
CFA8	N409SH	R44
CFA9	N409SJ	COL4
CFAA	N409SK	B407
CFB2	N409ST	C550
CFB4	N409SV	AT46
CFB6	N409SX	SONX
CFB7	N409SY	E75L
CFBA	N409TA	C172
CFBD	N409TD	B407
CFC1	N409TH	C337
CFC2	N409TJ	BOLT
CFC4	N409TL	C408
CFC9	N409TR	COY2
CFCB	N409TT	COL3
CFCD	N409TV	RV14
CFD3	N409UA	A320
CFE0	N409UP	B752
CFEB	N409V	BE95
CFEC	N409VA	D228
CFF9	N409VP	C25A
D004	N409W	FDCT
D006	N409WB	BN2P
D007	N409WC	RLU1
D010	N409WM	CH60
D011	N409WN	B737
D01D	N409X	M5
D033	N409XX	G200
D04C	N409YX	E75L
D04F	N409Z	A4
D069	N4090A	C310
D06A	N4090B	BL17
D06B	N4090C	S108
D06D	N4090E	PA18
D06E	N4090F	C172
D070	N4090H	C180
D072	N4090K	TAIL
D074	N4090M	SW4
D077	N4090Q	P28A
D078	N4090R	PA32
D079	N4090S	BE36
D07D	N4090W	SS2T
D081	N40900	J3
D084	N40903	P28A
D085	N40904	P28A
D086	N40905	P28R
D088	N40907	J3
D090	N4091E	AR11
D092	N4091G	C340
D099	N4091P	PA23
D09C	N4091S	BE33
D0A3	N4091Z	PA18
D0A4	N40910	J3
D0A7	N40913	PA32
D0AA	N40916	J3
D0AD	N40919	PA31
D0B4	N4092F	B06
D0BA	N4092M	PA12
D0BE	N4092R	PA32
D0C0	N4092T	BE36
D0C1	N4092U	DSA1
D0C2	N4092V	C150
D0C3	N4092W	PA32
D0C5	N4092Y	B06
D0C7	N40920	B06
D0CA	N40923	RBEL
D0CB	N40924	J3
D0CC	N40925	P28A
D0CE	N40927	P28A
D0D5	N4093D	C182
D0D6	N4093E	BE36
D0D9	N4093H	M20P
D0DA	N4093J	C150
D0E7	N4093X	VO10
D0E9	N4093Z	CAMP
D0EC	N40932	J3
D0EF	N40935	J3
D0F0	N40936	J3
D0F3	N40939	P28A
D0F4	N4094	MITE
D0F6	N4094B	BL17
D0F7	N4094C	S108
D0F8	N4094D	C182
D0F9	N4094E	AR11
D0FA	N4094F	C172
D0FC	N4094H	M20P
D0FD	N4094J	C150
D100	N4094M	PA12
D102	N4094P	PA23
D105	N4094S	BE95
D108	N4094V	C170
D10D	N40940	JACE
D111	N40944	J3
D112	N40945	P28A
D114	N40947	J3
D118	N4095A	C185
D11B	N4095D	C182
D120	N4095J	C150
D122	N4095L	PA31
D124	N4095N	C120
D125	N4095P	PA23
D129	N4095T	VELO
D12E	N4095Y	PA31
D12F	N4095Z	PA18
D130	N40950	J3
D131	N40951	P28A
D133	N40953	P28A
D137	N40957	J3
D13A	N4096	MITE
D13E	N4096D	C182
D13F	N4096E	PA18
D140	N4096F	C172
D141	N4096G	B47G
D149	N4096Q	GLF6
D14B	N4096S	BE95
D14E	N4096V	C172
D14F	N4096W	PA32
D150	N4096X	VO10
D152	N4096Z	PA18
D156	N40963	P28A
D157	N40964	J3
D158	N40965	P28A
D159	N40966	P28A
D15A	N40967	P28R
D15C	N40969	P28B
D15D	N4097	MITE
D160	N4097C	S108
D161	N4097D	G109
D163	N4097F	C172
D164	N4097G	B47G
D165	N4097H	M20P
D167	N4097K	PA31
D168	N4097L	R44
D169	N4097M	C72R
D16B	N4097P	C82S
D170	N4097U	C150
D173	N4097X	VO10
D175	N4097Z	PA18
D176	N40970	J3
D177	N40971	J3
D178	N40972	P28A
D179	N40973	L29
D17A	N40974	J3
D17B	N40975	J3
D17E	N40978	PA31
D181	N4098A	PA31
D183	N4098C	S108
D184	N4098D	C182
D185	N4098E	AR11
D186	N4098F	P28A
D188	N4098H	M20P
D189	N4098J	C150
D18D	N4098N	C140
D18F	N4098Q	P28A
D190	N4098R	PA32
D194	N4098V	C170
D196	N4098X	VO10
D198	N4098Z	PA18
D199	N40980	T28
D19B	N40982	PA34
D19D	N40984	P28A
D19F	N40986	J5
D1A0	N40987	P28A
D1A1	N40988	J4
D1A6	N4099C	GLID
D1A9	N4099F	COY2
D1B0	N4099N	M20P
D1B4	N4099S	BE55
D1B8	N4099W	PA32
D1B9	N4099X	VO10
D1BB	N4099Z	PA18
D1BE	N40992	PA31
D1BF	N40993	P28A
D1C7	N41A	T210
D1C8	N41AA	E55P
D1C9	N41AB	GLAS
D1CA	N41AC	PTS1
D1CB	N41AD	L29
D1CC	N41AE	PA24
D1CD	N41AF	C172
D1CE	N41AG	BL8
D1CF	N41AH	PA22
D1D0	N41AJ	H500
D1D1	N41AK	BE9T
D1D2	N41AL	PA32
D1D3	N41AM	C172
D1D4	N41AN	BE36
D1D5	N41AP	C172
D1DE	N41AY	C310
D1DF	N41AZ	BE36
D1E1	N41BA	BE9L
D1E2	N41BB	AEST
D1E3	N41BC	RV14
D1E5	N41BE	R44
D1E6	N41BF	J3
D1E7	N41BG	C340
D1EA	N41BK	HUSK
D1EE	N41BP	PA30
D1F0	N41BR	TAIL
D1F2	N41BT	T6
D1F5	N41BW	GLID
D1F6	N41BX	C180
D1F7	N41BY	ST75
D1F8	N41BZ	GLID
D1F9	N41C	WW24
D1FA	N41CA	SR22
D1FD	N41CD	SR20
D1FE	N41CE	T210
D1FF	N41CF	BE58
D200	N41CG	BE40
D201	N41CH	C180
D202	N41CJ	HIGH
D203	N41CK	T6
D204	N41CL	RAF2
D205	N41CM	BE35
D208	N41CQ	DC3
D209	N41CR	IS28
D20A	N41CS	RV6
D20B	N41CT	PA11
D20C	N41CU	C421
D20D	N41CV	E300
D20E	N41CW	L18
D212	N41D	AA5
D213	N41DA	SLG4
D215	N41DC	T34P
D216	N41DD	CC19
D217	N41DE	BE50
D21A	N41DH	DH82
D21B	N41DJ	FINC
D21D	N41DL	C82T
D21E	N41DM	PA23
D21F	N41DN	CASS
D220	N41DP	CL30
D222	N41DR	PA38
D227	N41DW	SR22
D22A	N41DZ	BE65
D22D	N41EB	DA40
D22E	N41EC	BE58
D230	N41EE	ST75
D231	N41EF	PA18
D232	N41EG	B58T
D234	N41EJ	M20P
D235	N41EK	P32R
D236	N41EL	GLF6
D237	N41EM	C77R
D239	N41EP	LA4
D23B	N41ER	AA5
D240	N41EW	B06
D241	N41EX	E300
D243	N41EZ	VEZE
D244	N41F	DHC2
D245	N41FA	C172
D24B	N41FG	C172
D24C	N41FH	H60
D24D	N41FJ	F900
D24F	N41FL	GLID
D252	N41FP	P337
D254	N41FR	BE36
D255	N41FS	F156
D258	N41FV	J3
D25D	N41G	H269
D25E	N41GA	C550
D25F	N41GB	LGEZ
D260	N41GC	C182
D261	N41GD	C402
D263	N41GF	P28R
D266	N41GJ	LJ35
D267	N41GK	DFLY
D268	N41GL	RV6
D26D	N41GR	C208
D26E	N41GS	AEST
D26F	N41GT	C501
D271	N41GV	C182
D272	N41GW	G44
D273	N41GX	PC12
D277	N41HA	SF50
D279	N41HC	BE36
D27C	N41HF	CL60
D27E	N41HH	H25B
D280	N41HK	P46T
D282	N41HM	RV7
D286	N41HR	BE36
D287	N41HS	RV6
D288	N41HT	M20P
D28B	N41HW	BE65
D28C	N41HX	B407
D28D	N41HY	HUSK
D28F	N41J	U21
D290	N41JA	P28A
D292	N41JC	C182
D293	N41JD	LJ75
D294	N41JE	HA4T
D295	N41JF	GLID
D298	N41JJ	HDJT
D29F	N41JR	GLAS
D2A0	N41JS	MR35
D2A1	N41JT	TBM7
D2AA	N41KB	SR22
D2AD	N41KE	SU26
D2AE	N41KF	P28R
D2B0	N41KH	CTAH
D2B2	N41KK	AEST
D2B5	N41KN	C25C
D2B6	N41KP	GLIM
D2B9	N41KS	GLST
D2BA	N41KT	KR2
D2BD	N41KW	PC12
D2C0	N41KZ	SREY
D2C1	N41L	PA24
D2C2	N41LA	LNC2
D2C4	N41LC	C310
D2C5	N41LD	WAIX
D2C7	N41LF	C25A
D2C9	N41LH	SC7
D2CA	N41LJ	C421
D2CC	N41LL	BE36
D2CD	N41LM	BE58
D2D1	N41LR	SPUP
D2D2	N41LS	PA20
D2D3	N41LT	SA30
D2D6	N41LW	P32R
D2D8	N41LY	R44
D2DB	N41MA	TBM7
D2DC	N41MB	F900
D2DD	N41MC	C82R
D2DF	N41ME	C172
D2E1	N41MG	MM16
D2E3	N41MJ	GLAS
D2E5	N41ML	HROC
D2E7	N41MN	GLID
D2E9	N41MQ	C182
D2EA	N41MR	FOX
D2EB	N41MS	P28A
D2EF	N41MW	BE23
D2F0	N41MX	CH60
D2F6	N41NC	AA5
D2F7	N41ND	C25B
D2FB	N41NH	BE36
D303	N41NR	C340
D307	N41NV	C441
D308	N41NW	LJ35
D30C	N41P	GC1
D30D	N41PA	DA40
D30E	N41PB	C421
D311	N41PE	PA34
D312	N41PF	FOX
D314	N41PH	B06
D315	N41PJ	SR22
D316	N41PK	L29
D317	N41PL	PA30
D318	N41PM	GLF5
D31C	N41PR	C56X
D31D	N41PS	PTS2
D320	N41PV	P28A
D321	N41PW	TB20
D327	N41QB	PA18
D328	N41QC	BE95
D33F	N41RA	LJ35
D342	N41RD	BOLT
D343	N41RE	GLIM
D346	N41RH	R44
D347	N41RJ	T18
D34A	N41RM	C170
D34C	N41RP	S22T
D350	N41RT	BE95
D352	N41RV	RV4
D353	N41RW	SSTL
D357	N41S	M7
D359	N41SB	BE35
D35A	N41SC	GLF4
D35C	N41SE	DV20
D35E	N41SG	P28R
D35F	N41SH	EC30
D360	N41SJ	B06
D361	N41SK	BE36
D363	N41SM	SR22
D365	N41SP	C421
D369	N41ST	BE60
D36F	N41SZ	SF50
D372	N41TB	TB20
D373	N41TC	T34P
D375	N41TE	C208
D377	N41TG	BE95
D378	N41TH	H269
D379	N41TJ	P46T
D37A	N41TK	CAMP
D37D	N41TN	PA31
D380	N41TR	RV6
D381	N41TS	SX30
D382	N41TT	C414
D384	N41TV	C56X
D385	N41TW	BE35
D386	N41TX	C170
D38A	N41UA	LJ45
D3A4	N41VB	RV6
D3A7	N41VE	R44
D3AA	N41VH	BE36
D3AC	N41VK	BE36
D3B2	N41VR	LEG2
D3B3	N41VS	B212
D3B5	N41VU	SR20
D3B6	N41VV	SR22
D3BB	N41W	DSA1
D3BC	N41WA	P28R
D3BD	N41WB	R22
D3C0	N41WE	B06
D3C1	N41WF	C421
D3C2	N41WG	PA11
D3C5	N41WK	GLID
D3C6	N41WL	UH1
D3C9	N41WP	C150
D3CD	N41WT	C421
D3CF	N41WV	SR22
D3D2	N41WY	HUSK
D3D9	N41XE	BE35
D3DF	N41XL	M20P
D3E2	N41XP	SR22
D3EA	N41XX	GLID
D3EB	N41XY	CH70
D3EF	N41YB	CAMP
D402	N41YW	EFOX
D404	N41YY	C210
D406	N41Z	MOSP
D412	N41ZM	PA34
D414	N41ZP	CH75
D41E	N41ZZ	GLIM
D41F	N410	RV7
D422	N410AB	P210
D423	N410AC	A319
D424	N410AD	C182
D425	N410AE	B06
D427	N410AG	M20T
D429	N410AJ	C421
D42C	N410AM	AP22
D42D	N410AN	A21N
D42E	N410AP	B407
D432	N410AT	GL5T
D435	N410AW	CRJ2
D439	N410B	BE35
D43A	N410BA	GLID
D43B	N410BB	LGEZ
D444	N410BL	RV10
D445	N410BM	C208
D447	N410BP	BPAT
D44A	N410BS	C172
D44E	N410BW	RV4
D452	N410C	BE30
D453	N410CA	PA31
D454	N410CB	RV10
D456	N410CD	J3
D458	N410CF	SF50
D45C	N410CK	AS50
D45E	N410CM	SREY
D460	N410CP	PA32
D464	N410CT	RV14
D466	N410CV	C82T
D467	N410CW	FOX
D46D	N410DB	PULS
D46E	N410DC	RV4
D471	N410DF	V10
D477	N410DM	C560
D479	N410DP	RV10
D47B	N410DR	B58T
D47D	N410DT	RV7
D47F	N410DV	RV10
D483	N410DZ	A339
D487	N410EC	C421
D48E	N410EK	C177
D494	N410ER	C172
D496	N410ET	P28A
D498	N410EV	EVSS
D499	N410EW	FDCT
D49F	N410FB	LA4
D4AB	N410FP	DA40
D4AD	N410FR	C172
D4AE	N410FS	RV10
D4B3	N410FX	E545
D4B6	N410G	BE60
D4BE	N410GH	S61
D4C7	N410GS	F2TH
D4CA	N410GV	C208
D4CC	N410GX	A321
D4CF	N410H	GALX
D4D0	N410HA	BE36
D4DD	N410HP	P46T
D4E8	N410J	RV10
D4E9	N410JA	RV10
D4EA	N410JB	RV10
D4EB	N410JC	PA46
D4EF	N410JG	EA50
D4F1	N410JJ	RV7
D4F2	N410JK	CH75
D4F3	N410JL	C25A
D4F6	N410JP	C550
D4F9	N410JS	GLF4
D502	N410KA	RV14
D504	N410KC	C82T
D508	N410KG	LNCE
D513	N410KT	CH70
D51B	N410LA	AT5T
D51D	N410LC	C130
D520	N410LF	B407
D521	N410LG	BE40
D528	N410LP	SLG2
D52A	N410LR	C72R
D52C	N410LT	EPIC
D534	N410MA	E145
D535	N410MB	M20P
D536	N410MC	BE9L
D539	N410MF	C441
D53C	N410MJ	C182
D547	N410MV	SYMP
D548	N410MW	RV10
D54D	N410NA	P2
D552	N410NF	C414
D55C	N410NR	UH12
D566	N410PA	E120
D567	N410PB	RV10
D568	N410PC	BE58
D56D	N410PH	B407
D56E	N410PJ	RV10
D56F	N410PK	C185
D571	N410PM	RV10
D573	N410PP	SR22
D577	N410PT	C25C
D578	N410PU	RV10
D57A	N410PW	GLID
D58F	N410QS	E55P
D598	N410RA	PA23
D599	N410RB	RV10
D59B	N410RD	PA18
D59D	N410RF	C182
D59F	N410RH	LEG2
D5A1	N410RK	PC24
D5A3	N410RM	PA36
D5A7	N410RR	M20T
D5A9	N410RT	BE20
D5AB	N410RV	RV10
D5AC	N410RW	BE36
D5B0	N410S	RV7
D5B3	N410SC	EN48
D5B5	N410SE	C82R
D5B6	N410SF	P28A
D5B8	N410SH	PRM1
D5B9	N410SJ	RV9
D5BA	N410SK	CL60
D5BC	N410SM	S22T
D5BE	N410SP	BE65
D5C0	N410SR	SR22
D5C1	N410SS	PA11
D5C2	N410ST	PA46
D5C3	N410SU	SR20
D5C9	N410T	BE33
D5CA	N410TA	T206
D5CD	N410TD	B407
D5D1	N410TH	AC80
D5D2	N410TJ	RV10
D5D5	N410TM	FOX
D5DA	N410TS	RV10
D5DB	N410TT	R22
D5DE	N410TW	COL4
D5DF	N410TX	M7
D5E2	N410U	VEZE
D5E3	N410UA	A320
D5F0	N410UP	B752
D5F3	N410US	DA40
D5FB	N410V	RV10
D60D	N410VT	VELT
D614	N410W	EC30
D616	N410WB	E300
D619	N410WE	PA15
D620	N410WM	C310
D621	N410WN	B737
D626	N410WT	SREY
D62D	N410X	G164
D65C	N410YX	E75L
D65F	N410Z	EFOX
D678	N4100	GLID
D679	N4100A	CH7A
D67E	N4100F	P28A
D67F	N4100G	B47G
D680	N4100H	M20P
D682	N4100K	C240
D686	N4100P	PA23
D687	N4100Q	P28A
D688	N4100R	J3
D68C	N4100V	C150
D68F	N4100Y	CH7B
D690	N4100Z	PA18
D692	N41001	J3
D695	N41004	J3
D696	N41005	BE18
D699	N41008	J3
D69D	N4101B	BL17
D6A0	N4101E	AR11
D6A1	N4101F	C172
D6A4	N4101J	P28A
D6A5	N4101K	NAVI
D6A7	N4101M	GLIM
D6A8	N4101N	PA31
D6A9	N4101P	BE36
D6AB	N4101R	PA32
D6B2	N4101Y	BL8
D6B7	N41013	CH60
D6B8	N41014	J3
D6BD	N41019	C421
D6BF	N4102A	CH7A
D6C0	N4102B	BL17
D6C1	N4102C	S108
D6C4	N4102F	C172
D6C6	N4102H	M20P
D6C7	N4102J	PA31
D6C8	N4102K	NAVI
D6C9	N4102L	T206
D6CB	N4102N	C140
D6CC	N4102P	PA23
D6CE	N4102R	PA32
D6CF	N4102S	BE55
D6D1	N4102U	C150
D6D3	N4102W	PA32
D6D6	N4102Z	PA31
D6DC	N41025	J3
D6DD	N41026	J3
D6E0	N41029	J3
D6E1	N4103	MITE
D6E2	N4103A	C150
D6E8	N4103G	COUR
D6ED	N4103M	PA12
D6EE	N4103N	M20P
D6EF	N4103P	PA23
D6F2	N4103S	BE55
D6F3	N4103T	PP3
D6F5	N4103V	C150
D6F6	N4103W	PA32
D6FB	N41031	J3
D704	N4104	MITE
D707	N4104C	S108
D709	N4104E	AR11
D70A	N4104F	C172
D70E	N4104K	PA31
D711	N4104N	C140
D712	N4104P	PA23
D716	N4104T	BE36
D717	N4104U	C150
D718	N4104V	C170
D71A	N4104X	VO10
D71B	N4104Y	CH7B
D71C	N4104Z	PA18
D71E	N41041	C421
D727	N4105	MITE
D72B	N4105D	PA31
D72C	N4105E	AR11
D72F	N4105H	M20P
D733	N4105M	PA12
D737	N4105R	PA32
D738	N4105S	BE95
D73E	N4105Y	C185
D73F	N4105Z	PA18
D741	N41051	J5
D742	N41052	J5
D745	N41055	C421
D748	N41058	J4
D74B	N4106A	AT8T
D74D	N4106C	C82R
D750	N4106F	PA31
D751	N4106G	DA40
D753	N4106J	P28A
D754	N4106K	NAVI
D755	N4106L	C172
D757	N4106N	M20P
D759	N4106Q	P28R
D75B	N4106S	BE33
D760	N4106X	VO10
D761	N4106Y	ST75
D762	N4106Z	PA18
D767	N41064	S108
D768	N41065	J4
D76F	N4107B	C182
D773	N4107F	DV20
D778	N4107L	C172
D779	N4107M	PA12
D77A	N4107N	M20P
D77B	N4107P	PA23
D77C	N4107Q	PA31
D77D	N4107R	PA32
D77E	N4107S	BE35
D783	N4107X	VO10
D784	N4107Y	C185
D785	N4107Z	PA18
D787	N41071	J3
D791	N4108A	PA18
D797	N4108G	BE58
D799	N4108J	P28A
D79A	N4108K	J2
D79B	N4108L	C172
D79E	N4108P	PA31
D79F	N4108Q	C310
D7A1	N4108S	BE58
D7A8	N4108Z	PA18
D7AB	N41082	J3
D7AC	N41083	J3
D7AE	N41085	C421
D7AF	N41086	J3
D7B0	N41087	SREY
D7B2	N41089	SREY
D7B4	N4109A	PA23
D7B5	N4109B	BL17
D7B6	N4109C	T6
D7B9	N4109F	PA31
D7BB	N4109H	PA12
D7BE	N4109L	C172
D7BF	N4109M	PA12
D7C0	N4109N	M20P
D7C6	N4109U	C150
D7C7	N4109V	SS2T
D7C9	N4109X	AT5T
D7CB	N4109Z	PA18
D7D1	N41095	J3
D7D6	N411	S108
D7D7	N411A	C185
D7D9	N411AB	C414
D7DC	N411AE	A320
D7DD	N411AF	H500
D7DE	N411AG	CDUS
D7E0	N411AJ	LJ45
D7E1	N411AK	RV7
D7E4	N411AN	A21N
D7E5	N411AP	SR22
D7E8	N411AS	LNP4
D7E9	N411AT	RV7
D7EB	N411AV	A320
D7EC	N411AW	P180
D7EF	N411AZ	RV7
D7F0	N411B	SR22
D7F3	N411BC	P28A
D7F4	N411BD	CRER
D7F6	N411BF	AT5T
D7F7	N411BG	PAY4
D7FD	N411BN	COL4
D7FE	N411BP	C182
D801	N411BS	P28A
D802	N411BT	ST75
D80A	N411CA	P212
D80B	N411CB	M4
D80C	N411CC	BE20
D80E	N411CE	B429
D80F	N411CF	PA31
D810	N411CG	M20T
D811	N411CH	H47
D813	N411CK	C421
D817	N411CP	C82T
D81A	N411CS	RV8
D81D	N411CV	T206
D822	N411D	L8
D824	N411DB	SF50
D825	N411DC	C411
D826	N411DD	B06
D827	N411DE	B412
D82C	N411DK	C172
D82E	N411DM	KR2
D830	N411DP	AC11
D832	N411DR	C82S
D833	N411DS	SAKO
D834	N411DT	SR22
D837	N411DW	BL8
D838	N411DX	A339
D83B	N411E	BE36
D83E	N411EC	C56X
D840	N411EE	COL4
D842	N411EG	BE35
D84C	N411ES	C72R
D84D	N411ET	AC50
D84F	N411EV	EVSS
D850	N411EW	SR22
D854	N411F	ERCO
D855	N411FA	H60
D85D	N411FJ	J328
D85F	N411FL	P28A
D860	N411FM	M20P
D862	N411FP	DA40
D864	N411FR	C72R
D865	N411FS	AC50
D866	N411FT	BE9L
D86A	N411FX	E545
D86D	N411G	C310
D870	N411GC	B350
D872	N411GE	FOX
D876	N411GJ	BE36
D879	N411GM	C25B
D87D	N411GR	AT6T
D87E	N411GS	AT6T
D87F	N411GT	SR22
D881	N411GV	C208
D882	N411GW	DA42
D888	N411HB	P46T
D889	N411HC	LJ45
D898	N411HT	CRER
D899	N411HU	H269
D89E	N411HZ	SR22
D89F	N411J	BE18
D8A2	N411JC	H269
D8A3	N411JD	RV6
D8A4	N411JE	CL60
D8A5	N411JF	AC50
D8A6	N411JG	BT36
D8A7	N411JH	H500
D8AA	N411JL	M20T
D8AD	N411JP	M600
D8AF	N411JR	GLID
D8B0	N411JS	TB20
D8B3	N411JV	BEAR
D8B8	N411K	FLE7
D8BB	N411KC	BE20
D8BE	N411KF	EXPR
D8C4	N411KM	C182
D8C7	N411KQ	C56X
D8C9	N411KS	B06
D8CD	N411KW	T206
D8D1	N411L	BE55
D8D2	N411LA	CB1
D8D4	N411LC	C130
D8D5	N411LD	E55P
D8D7	N411LF	B407
D8D8	N411LG	S22T
D8D9	N411LH	AS50
D8DC	N411LL	GLF4
D8DD	N411LM	SR20
D8DF	N411LP	C82T
D8E1	N411LR	BL8
D8E2	N411LS	TL20
D8E3	N411LT	GLF4
D8EB	N411MA	SR22
D8EC	N411MB	AS50
D8ED	N411MC	DHC2
D8EE	N411MD	PA46
D8F2	N411MH	BE20
D8F5	N411ML	BE36
D8FA	N411MR	G280
D8FB	N411MS	LNC4
D8FE	N411MV	PC12
D902	N411MZ	C421
D905	N411NB	C750
D906	N411NC	B06
D90D	N411NK	C25C
D914	N411NS	B06
D91C	N411P	B407
D91E	N411PB	C82R
D924	N411PH	B407
D925	N411PJ	B407
D926	N411PK	SR22
D929	N411PN	SR22
D92D	N411PS	PTS2
D92E	N411PT	AC50
D946	N411QS	E55P
D94E	N411R	P46T
D950	N411RB	C182
D952	N411RD	PA22
D953	N411RE	MU30
D954	N411RF	C172
D955	N411RG	RV7
D95A	N411RM	SIDE
D95E	N411RR	RV6
D960	N411RT	P28R
D963	N411RW	RV8
D967	N411S	C340
D968	N411SA	SR22
D969	N411SB	E300
D96B	N411SD	GLIM
D96C	N411SE	S22T
D96D	N411SF	P32R
D96F	N411SH	C180
D971	N411SK	SR22
D973	N411SM	C310
D974	N411SN	MD11
D975	N411SP	PETR
D977	N411SR	SR22
D978	N411SS	C172
D979	N411ST	CL35
D97B	N411SV	PA34
D981	N411TA	C172
D982	N411TB	C421
D983	N411TC	R44
D984	N411TD	B06
D988	N411TH	S22T
D989	N411TJ	CL60
D98D	N411TN	C500
D98E	N411TP	B407
D991	N411TS	C82R
D992	N411TT	T210
D994	N411TV	R44
D996	N411TX	M20P
D997	N411TY	SSTL
D999	N411U	T411
D99A	N411UA	A320
D9A1	N411UH	B407
D9A7	N411UP	B752
D9AA	N411US	PA31
D9B2	N411V	C340
D9B8	N411VF	R44
D9B9	N411VG	C414
D9C0	N411VP	EA50
D9C2	N411VR	C25A
D9C3	N411VS	R44
D9C4	N411VT	SR22
D9C6	N411VV	AC50
D9CC	N411WA	BE20
D9CE	N411WC	B350
D9D8	N411WN	B737
D9D9	N411WP	P28A
D9DB	N411WR	AC80
D9DD	N411WT	BE36
D9E4	N411X	PA18
D9F6	N411XT	GLEX
D9FD	N411Y	BL8
DA09	N411YM	GLF4
DA13	N411YX	E75L
DA16	N411Z	C421
DA1C	N411ZF	TUCA
DA2B	N411ZW	CRJ2
DA37	N4110H	M20P
DA39	N4110K	NAVI
DA3A	N4110L	C172
DA3D	N4110P	P28A
DA3E	N4110Q	C310
DA3F	N4110R	DV20
DA40	N4110S	DHC2
DA42	N4110U	C150
DA44	N4110W	PA32
DA45	N4110X	VO10
DA46	N4110Y	CH7A
DA47	N4110Z	PA18
DA49	N41101	PA31
DA4A	N41102	YK52
DA4B	N41103	J3
DA4C	N41104	E45X
DA4D	N41105	J3
DA4E	N41106	C421
DA50	N41108	P28A
DA51	N41109	UH1
DA55	N4111C	S108
DA57	N4111E	AR11
DA58	N4111F	C172
DA5A	N4111H	PA12
DA5B	N4111J	P28A
DA5C	N4111K	NAVI
DA63	N4111S	BE58
DA65	N4111U	C150
DA66	N4111V	C170
DA69	N4111Y	CH7B
DA6A	N4111Z	PA18
DA6B	N41110	J3
DA6D	N41112	J3
DA6F	N41114	C421
DA71	N41116	J3
DA74	N41119	AT8T
DA75	N4112	BE95
DA79	N4112D	PA31
DA7A	N4112E	PA31
DA7B	N4112F	C172
DA7C	N4112G	CAMP
DA7D	N4112H	M20P
DA7F	N4112K	PA31
DA81	N4112M	PA12
DA82	N4112N	C140
DA85	N4112R	PA32
DA86	N4112S	BE35
DA89	N4112V	C170
DA8A	N4112W	PA32
DA8F	N41121	J3
DA90	N41122	J3
DA91	N41123	B25
DA92	N41124	C421
DA95	N41127	GL7T
DA99	N4113A	DH8D
DA9A	N4113B	BL17
DA9D	N4113E	PA18
DA9F	N4113G	GLIM
DAA0	N4113H	M20P
DAA1	N4113J	P28A
DAAE	N4113X	VO10
DAAF	N4113Y	CH7B
DAB1	N41130	C182
DAB2	N41131	J3
DAB6	N41135	B752
DABA	N41139	C82R
DABB	N4114	PTS1
DABD	N4114B	AC11
DAC3	N4114H	M20P
DAC4	N4114J	P28A
DAC5	N4114K	PA25
DAC6	N4114L	C172
DAC8	N4114N	C140
DAC9	N4114P	PA31
DACA	N4114Q	P28R
DACB	N4114R	PA32
DACC	N4114S	BE33
DACE	N4114U	C150
DAD0	N4114W	PA32
DAD1	N4114X	VO10
DAD2	N4114Y	CH7B
DAD4	N41140	B752
DAD5	N41141	J5
DAD6	N41142	PA31
DADB	N41147	J3
DADC	N41148	PA31
DADF	N4115A	B47G
DAE1	N4115C	C82R
DAE3	N4115E	PA18
DAE4	N4115F	C150
DAE9	N4115L	C172
DAEA	N4115M	GLIM
DAEB	N4115N	C120
DAEF	N4115S	BE58
DAF0	N4115T	BE58
DAF1	N4115U	C150
DAF2	N4115V	PA31
DAF5	N4115Y	CH7B
DAF6	N4115Z	PA18
DAF9	N41152	M20P
DAFA	N41153	J4
DAFD	N41156	J5
DB04	N4116C	S108
DB05	N4116D	PA11
DB06	N4116E	PA18
DB08	N4116G	C340
DB0B	N4116K	PA31
DB0C	N4116L	C172
DB0D	N4116M	GLID
DB0E	N4116N	C140
DB13	N4116T	PA18
DB19	N4116Z	PA18
DB1E	N41164	PA31
DB1F	N41165	J3
DB20	N41166	PA31
DB24	N4117	MITE
DB27	N4117C	S108
DB2A	N4117F	P28A
DB2C	N4117H	DA40
DB2D	N4117J	P28A
DB2F	N4117L	C172
DB3B	N4117Y	CH7B
DB3C	N4117Z	PA31
DB3D	N41170	J3
DB3E	N41171	CH7A
DB41	N41174	C25A
DB42	N41175	J3
DB44	N41177	P28A
DB47	N4118	MITE
DB48	N4118A	C72R
DB49	N4118B	PA31
DB4A	N4118C	S108
DB4D	N4118F	C172
DB4E	N4118G	PA31
DB4F	N4118H	PTS2
DB50	N4118J	P28A
DB51	N4118K	C208
DB52	N4118L	C172
DB53	N4118M	DH8D
DB57	N4118R	PA32
DB58	N4118S	BE33
DB59	N4118T	SHEK
DB5A	N4118U	C150
DB5B	N4118V	AR11
DB5C	N4118W	PA32
DB5D	N4118X	AVAM
DB5F	N4118Z	PA18
DB60	N41180	P28A
DB61	N41181	J5
DB62	N41182	PAY3
DB64	N41184	PA34
DB66	N41186	J5
DB69	N41189	PA31
DB6B	N4119A	FA62
DB6C	N4119B	DV20
DB6E	N4119D	COUR
DB6F	N4119E	PA18
DB70	N4119F	C172
DB74	N4119K	P32R
DB77	N4119N	M20P
DB7A	N4119R	PA32
DB7D	N4119U	C150
DB82	N4119Z	PA18
DB86	N41193	P28A
DB87	N41194	P28A
DB88	N41195	P28A
DB8A	N41197	P28A
DB8D	N412	S108
DB8E	N412A	P28A
DB90	N412AB	C56X
DB91	N412AC	B412
DB92	N412AD	B412
DB94	N412AF	P28R
DB95	N412AG	S22T
DB98	N412AK	PA18
DB9A	N412AM	DA40
DB9E	N412AR	GA8
DBA2	N412AV	BE36
DBA3	N412AW	CRJ2
DBA8	N412BA	P28R
DBAA	N412BC	RV10
DBAB	N412BD	P46T
DBB1	N412BK	GLID
DBB4	N412BN	RV6
DBB7	N412BR	RV12
DBB8	N412BS	S22T
DBB9	N412BT	C550
DBBC	N412BW	C82S
DBC0	N412C	S108
DBC1	N412CA	C402
DBC2	N412CB	BE30
DBC3	N412CC	PA11
DBC4	N412CD	C150
DBC6	N412CF	B407
DBC7	N412CG	S22T
DBC8	N412CH	H47
DBCA	N412CK	S22T
DBCE	N412CP	SR22
DBD3	N412CU	PC12
DBD5	N412CW	RV7
DBD9	N412D	BE58
DBDA	N412DA	H25B
DBDC	N412DC	RV14
DBDE	N412DE	B412
DBE2	N412DJ	SR22
DBE3	N412DK	P28A
DBE4	N412DL	CL35
DBE5	N412DM	LGEZ
DBE7	N412DP	ERCO
DBE9	N412DR	RV12
DBEB	N412DT	PA46
DBEF	N412DX	A339
DBF5	N412EC	F900
DC00	N412EP	M7
DC02	N412ER	C172
DC03	N412ES	B412
DC06	N412EV	EVSS
DC0B	N412F	B412
DC0C	N412FA	H60
DC0D	N412FB	C172
DC0E	N412FC	RV12
DC1F	N412FV	BE4W
DC20	N412FW	B412
DC24	N412G	BE30
DC26	N412GB	RAF2
DC2C	N412GH	BE58
DC2D	N412GJ	BE40
DC34	N412GR	SONX
DC39	N412GW	RV12
DC3A	N412GX	A321
DC3D	N412H	GLID
DC41	N412HD	COY2
DC44	N412HG	DFLY
DC46	N412HJ	PA32
DC49	N412HM	M20P
DC4E	N412HS	B412
DC56	N412J	RV7
DC57	N412JA	H25B
DC59	N412JC	PTMS
DC5A	N412JD	GLF4
DC5F	N412JJ	SR22
DC61	N412JL	BE95
DC63	N412JN	RV12
DC6F	N412K	BE18
DC71	N412KB	BL8
DC77	N412KH	AT5T
DC78	N412KJ	C82R
DC79	N412KK	B06
DC88	N412L	PA23
DC8B	N412LC	FDCT
DC8E	N412LF	B407
DC92	N412LK	GLID
DC9E	N412LX	GLEX
DCA2	N412MA	CH75
DCA4	N412MC	B744
DCA5	N412MD	PC12
DCA8	N412MG	GLIM
DCAD	N412MM	SR20
DCB1	N412MR	M20P
DCB2	N412MS	S22T
DCB6	N412MW	PC12
DCBA	N412N	E55P
DCD3	N412P	B407
DCD5	N412PB	GL5T
DCD6	N412PC	PA22
DCD7	N412PD	B412
DCDB	N412PH	B407
DCDC	N412PJ	DA40
DCDF	N412PM	PA32
DCE1	N412PP	B412
DCE5	N412PT	DV20
DCF6	N412QK	B412
DCFD	N412QS	E55P
DD02	N412QX	DH8D
DD05	N412R	GA6C
DD07	N412RB	PA32
DD0F	N412RK	PC24
DD13	N412RP	COL4
DD16	N412RS	RV14
DD19	N412RV	RV12
DD1B	N412RX	EC30
DD1E	N412S	GLID
DD1F	N412SA	GLID
DD20	N412SB	RV12
DD21	N412SC	PA12
DD27	N412SJ	C310
DD2B	N412SN	MD11
DD2C	N412SP	C172
DD2E	N412SR	SR22
DD35	N412SY	E75L
DD37	N412T	C210
DD39	N412TB	GLIM
DD3A	N412TC	RV12
DD3D	N412TF	C208
DD3E	N412TG	PA32
DD3F	N412TH	B412
DD40	N412TJ	GLF4
DD42	N412TL	R22
DD43	N412TM	PA31
DD48	N412TS	BE40
DD4D	N412TX	B412
DD51	N412UA	A320
DD58	N412UH	B407
DD5E	N412UP	B752
DD65	N412UW	A21N
DD6C	N412VC	B412
DD84	N412WB	RS12
DD85	N412WC	BE9L
DD8C	N412WK	RV6
DD8F	N412WN	B737
DD93	N412WS	C177
DDA6	N412XL	GLID
DDCA	N412YX	E75L
DDCD	N412Z	C208
DDE8	N4120B	DH8D
DDE9	N4120C	S108
DDEA	N4120D	COUR
DDEC	N4120F	P28A
DDF0	N4120K	P28A
DDF3	N4120N	M20P
DDF6	N4120R	AT8T
DDF7	N4120S	P32R
DDFB	N4120W	PA32
DE05	N41206	P28A
DE06	N41207	P28R
DE07	N41208	PA32
DE08	N41209	P28A
DE09	N4121	MITE
DE0A	N4121A	P28B
DE0C	N4121C	S108
DE0D	N4121D	COUR
DE0F	N4121F	C172
DE12	N4121J	P28A
DE13	N4121K	PA46
DE15	N4121M	PA12
DE17	N4121P	PA23
DE19	N4121R	P28A
DE1B	N4121T	P28A
DE1F	N4121X	BE36
DE20	N4121Y	CH7A
DE21	N4121Z	PA18
DE22	N41210	PA32
DE25	N41213	J4
DE26	N41214	P28A
DE28	N41216	P28A
DE29	N41217	P28A
DE2C	N4122	MITE
DE30	N4122D	P28A
DE32	N4122F	AS50
DE34	N4122H	M20P
DE35	N4122J	P28A
DE36	N4122K	P32R
DE38	N4122M	PA12
DE39	N4122N	C140
DE3B	N4122Q	C310
DE3C	N4122R	P32R
DE41	N4122W	PA32
DE42	N4122X	AT8T
DE43	N4122Y	CH7B
DE48	N41223	P28A
DE4C	N41227	C510
DE4E	N41229	P28A
DE4F	N4123	MITE
DE52	N4123C	PA34
DE53	N4123D	COUR
DE54	N4123E	PA18
DE58	N4123J	P28A
DE5D	N4123P	FDCT
DE61	N4123T	C320
DE62	N4123U	P32R
DE64	N4123W	PA32
DE67	N4123Z	PA18
DE68	N41230	P28R
DE69	N41231	J3
DE6A	N41232	J3
DE6D	N41235	J3
DE6E	N41236	J5
DE72	N4124	MITE
DE75	N4124C	S108
DE76	N4124D	R44
DE77	N4124E	PA18
DE78	N4124F	C172
DE79	N4124G	SONX
DE7A	N4124H	M20P
DE7B	N4124J	P28A
DE7C	N4124K	NAVI
DE7E	N4124M	P28A
DE7F	N4124N	P28A
DE83	N4124S	BE36
DE86	N4124V	P28A
DE87	N4124W	BE58
DE89	N4124Y	CH7B
DE8A	N4124Z	P28A
DE8B	N41240	J3
DE8C	N41241	P28A
DE8D	N41242	J3
DE8E	N41243	P28A
DE94	N41249	PA34
DE97	N4125B	CRER
DE99	N4125D	P32R
DE9A	N4125E	AR11
DE9B	N4125F	C172
DE9C	N4125G	C340
DE9D	N4125H	M20P
DE9E	N4125J	P28A
DE9F	N4125K	P32R
DEA2	N4125N	C140
DEA3	N4125P	PA23
DEA7	N4125T	R44
DEA8	N4125U	C150
DEA9	N4125V	P28A
DEAD	N4125Z	PA18
DEAF	N41251	J3
DEB4	N41256	J3
DEB6	N41258	BE56
DEB7	N41259	P28A
DEB8	N4126	MITE
DEB9	N4126A	R44
DEBA	N4126B	DH8D
DEBE	N4126F	C172
DEC1	N4126J	P28A
DEC2	N4126K	NAVI
DEC3	N4126L	C172
DEC6	N4126P	C177
DEC9	N4126S	BE95
DECB	N4126U	P28A
DECE	N4126X	VO10
DED1	N41260	RV6
DED3	N41262	P28A
DED5	N41264	P28A
DED8	N41267	P28A
DEDC	N4127A	P28A
DEE1	N4127F	C172
DEE3	N4127H	PA15
DEE4	N4127J	P28A
DEE5	N4127K	P32R
DEE6	N4127L	C172
DEE7	N4127M	PA12
DEEA	N4127Q	C310
DEEB	N4127R	PA32
DEEC	N4127S	BE35
DEEE	N4127U	C150
DEF0	N4127W	PA32
DEF3	N4127Z	PA18
DEF4	N41270	P28A
DEF5	N41271	P28A
DEF7	N41273	J3
DEF9	N41275	PA34
DEFD	N41279	R44
DF01	N4128C	S108
DF03	N4128E	AR11
DF04	N4128F	C172
DF06	N4128H	M20P
DF10	N4128T	P28A
DF11	N4128U	PA34
DF13	N4128W	P32R
DF16	N4128Z	PA18
DF1C	N41285	PA34
DF1E	N41287	P28A
DF20	N41289	BE18
DF22	N4129A	BE33
DF25	N4129D	P28A
DF26	N4129E	PA18
DF29	N4129H	PA15
DF2C	N4129L	C172
DF30	N4129Q	P32R
DF31	N4129R	P28A
DF33	N4129T	DV20
DF34	N4129U	C150
DF35	N4129V	C170
DF36	N4129W	PA32
DF37	N4129X	VO10
DF39	N4129Z	PA18
DF3B	N41291	P28A
DF3F	N41295	J3
DF40	N41296	P28B
DF44	N413	BOLT
DF47	N413AB	BIPL
DF48	N413AC	SR22
DF4C	N413AG	C56X
DF4E	N413AJ	LNP4
DF4F	N413AK	SR22
DF50	N413AL	C25B
DF51	N413AM	HUSK
DF52	N413AN	A21N
DF53	N413AP	S22T
DF55	N413AR	SF50
DF56	N413AS	B739
DF5A	N413AW	CRJ2
DF5E	N413B	BE35
DF5F	N413BA	A5
DF60	N413BB	RV6
DF69	N413BL	DA40
DF6A	N413BM	C414
DF6F	N413BS	RV10
DF70	N413BT	VALI
DF73	N413BW	VTRA
DF74	N413BX	RV4
DF78	N413CA	C172
DF7A	N413CC	PA18
DF7B	N413CD	C172
DF7C	N413CE	B429
DF7D	N413CF	B407
DF7E	N413CG	F2TH
DF81	N413CK	C680
DF84	N413CN	SR22
DF85	N413CP	SR22
DF87	N413CR	C550
DF88	N413CS	C82T
DF89	N413CT	C550
DF8B	N413CV	T206
DF92	N413DB	R44
DF93	N413DC	HUSK
DF95	N413DE	EPIC
DF96	N413DF	V10
DF97	N413DG	C310
DF99	N413DJ	RV7
DF9A	N413DK	R44
DF9E	N413DP	PA44
DFA5	N413DW	C56X
DFA6	N413DX	A339
DFAB	N413EB	C72R
DFAE	N413EE	BE35
DFAF	N413EF	P28R
DFB1	N413EH	RV12
DFB3	N413EK	PISI
DFB5	N413EM	M20P
DFB9	N413ER	C172
DFBA	N413ES	C72R
DFBB	N413ET	SR20
DFC2	N413F	FDCT
DFC5	N413FC	C25A
DFD2	N413FR	A20N
DFD8	N413FX	E545
DFDB	N413G	JACE
DFDC	N413GA	BE9L
DFE2	N413GG	C56X
DFE7	N413GM	CH60
DFF4	N413H	GLID
DFF5	N413HA	F2TH
DFF7	N413HC	P32R
E000	N413HM	M20P
E005	N413HS	H25B
E00D	N413J	BE95
E013	N413JF	C340
E014	N413JG	B732
E015	N413JH	RV12
E01B	N413JP	DHC3
E01E	N413JS	M5
E026	N413K	FLE2
E027	N413KA	RV12
E02D	N413KG	BE55
E02F	N413KJ	BE35
E038	N413KT	P28A
E03B	N413KW	SSTL
E03F	N413L	FDCT
E040	N413LA	DA40
E041	N413LB	C185
E047	N413LH	H269
E04A	N413LL	PA46
E04B	N413LM	RV6
E04D	N413LP	AS50
E058	N413M	BE36
E059	N413MA	C172
E05A	N413MB	H500
E05C	N413MD	GLID
E05E	N413MF	C82T
E05F	N413MG	DIMO
E060	N413MH	C650
E066	N413MP	S22T
E068	N413MR	SR20
E08A	N413P	SR22
E08C	N413PB	CAT
E091	N413PG	O1
E093	N413PJ	GLID
E096	N413PM	BE36
E09B	N413PS	CRUZ
E09C	N413PT	SR20
E0BC	N413R	B14A
E0BF	N413RC	C650
E0C0	N413RD	C82T
E0D0	N413RV	RV9
E0D2	N413RX	EC30
E0D5	N413S	EFOX
E0D8	N413SC	CRER
E0DF	N413SK	C56X
E0E0	N413SL	BE33
E0E5	N413SR	SR22
E0EA	N413SW	CRJ2
E0F1	N413TC	C82S
E0F9	N413TL	SR22
E102	N413TV	B06
E108	N413UA	A320
E10F	N413UH	B407
E115	N413UP	B752
E118	N413US	O1
E11A	N413UU	PC12
E134	N413VV	C421
E13C	N413WC	RV9
E13D	N413WD	RV7
E140	N413WG	BE36
E142	N413WJ	GLF2
E146	N413WN	B737
E147	N413WP	CH7B
E14B	N413WT	SR20
E14E	N413WW	C340
E15B	N413XJ	SF34
E181	N413YX	E75L
E184	N413Z	SSTL
E190	N413ZM	M20P
E192	N413ZP	CH80
E19D	N4130	MITE
E1A2	N4130E	AR11
E1A4	N4130G	C340
E1A5	N4130H	P28A
E1A6	N4130J	P28A
E1A7	N4130K	NAVI
E1AA	N4130N	P28A
E1AB	N4130P	PA23
E1AD	N4130R	PA32
E1AE	N4130S	BE58
E1B3	N4130X	TAIL
E1B4	N4130Y	DV20
E1B6	N41300	J3
E1B7	N41301	J3
E1BC	N41306	C172
E1C2	N4131B	AC50
E1C3	N4131C	P28R
E1C7	N4131G	R44
E1C9	N4131J	P28A
E1CA	N4131K	NAVI
E1CB	N4131L	P32R
E1CC	N4131M	PA12
E1CD	N4131N	C140
E1D2	N4131T	P28A
E1D3	N4131U	P28A
E1D4	N4131V	P32R
E1D5	N4131W	PA32
E1D6	N4131X	VO10
E1D8	N4131Z	PA18
E1DB	N41312	J3
E1DC	N41313	J3
E1DF	N41316	P28A
E1E0	N41317	J3
E1E1	N41318	P28A
E1E3	N4132	MITE
E1E7	N4132D	P28A
E1E8	N4132E	AR11
E1E9	N4132F	C172
E1EC	N4132J	P28A
E1ED	N4132K	NAVI
E1F0	N4132N	C120
E1F2	N4132Q	C310
E1F8	N4132W	PA32
E1FA	N4132Y	BL8
E1FB	N4132Z	R44
E1FC	N41320	P28A
E1FE	N41322	P32R
E1FF	N41323	PA36
E203	N41327	P28A
E208	N4133B	BL17
E209	N4133C	S108
E20A	N4133D	P28A
E20B	N4133E	PA18
E20D	N4133G	PA46
E20E	N4133H	PA15
E214	N4133P	PA23
E215	N4133Q	C310
E216	N4133R	PA32
E217	N4133S	BE33
E219	N4133U	C150
E21B	N4133W	PA32
E21C	N4133X	VO10
E220	N41331	P28R
E224	N41335	PA32
E227	N41338	R22
E228	N41339	R44
E22B	N4134B	BL17
E22C	N4134C	S108
E22D	N4134D	P32R
E22E	N4134E	AR11
E22F	N4134F	C172
E232	N4134J	P28A
E233	N4134K	NAVI
E234	N4134L	C172
E235	N4134M	P32R
E23A	N4134S	BE58
E23B	N4134T	P28A
E23C	N4134U	C150
E23D	N4134V	C170
E240	N4134Y	BL8
E241	N4134Z	PA18
E242	N41340	AT5T
E244	N41342	P28A
E245	N41343	P28R
E246	N41344	BE17
E24A	N41348	P28A
E24B	N41349	P28A
E24D	N4135A	T6
E24E	N4135B	BL17
E250	N4135D	P28A
E254	N4135H	PA15
E256	N4135K	NAVI
E257	N4135L	C172
E258	N4135M	PA12
E259	N4135N	C140
E25B	N4135Q	P32R
E25C	N4135R	PA32
E25D	N4135S	BE35
E25E	N4135T	C320
E25F	N4135U	C150
E261	N4135W	P28A
E263	N4135Y	CH7B
E264	N4135Z	PA34
E267	N41352	R44
E26C	N41357	P28A
E26E	N41359	P28A
E271	N4136B	AC50
E272	N4136C	S108
E274	N4136E	PA18
E275	N4136F	P32R
E277	N4136H	PA15
E27A	N4136L	C172
E27B	N4136M	PA12
E27F	N4136R	PA32
E280	N4136S	P32R
E281	N4136T	P32R
E282	N4136U	C150
E283	N4136V	C170
E285	N4136X	R44
E287	N4136Z	P32R
E289	N41361	P28A
E28A	N41362	O1
E28C	N41364	P28B
E28D	N41365	PA32
E290	N41368	J3
E291	N41369	P28A
E294	N4137B	BL17
E295	N4137C	T210
E298	N4137F	P32R
E29A	N4137H	PA15
E29D	N4137L	P28A
E29E	N4137M	R44
E2A0	N4137P	P32R
E2A2	N4137R	PA32
E2A3	N4137S	BE95
E2A9	N4137Y	C185
E2AA	N4137Z	PA18
E2AB	N41370	P28A
E2AD	N41372	P28A
E2B1	N41376	P28A
E2B4	N41379	P28A
E2B5	N4138	MITE
E2B8	N4138C	S108
E2BC	N4138G	R22
E2BD	N4138H	M20P
E2BE	N4138J	P28A
E2C1	N4138M	R44
E2C3	N4138P	PA23
E2C4	N4138Q	P32R
E2C5	N4138R	PA32
E2C7	N4138T	C320
E2C8	N4138U	C150
E2CA	N4138W	PA34
E2CB	N4138X	VO10
E2CE	N41380	P28A
E2D0	N41382	PA34
E2D1	N41383	P28A
E2D4	N41386	J5
E2D5	N41387	P28A
E2D7	N41389	P28A
E2DA	N4139B	DA40
E2DC	N4139D	COUR
E2DD	N4139E	AR11
E2DF	N4139G	C340
E2E0	N4139H	GLF5
E2E1	N4139J	P28A
E2E2	N4139K	NAVI
E2E4	N4139M	PA12
E2E5	N4139N	C140
E2E8	N4139R	P32R
E2E9	N4139S	P32R
E2EA	N4139T	PA46
E2EC	N4139V	P32R
E2EF	N4139Y	CH7A
E2F0	N4139Z	PA18
E2F2	N41391	P28R
E2F6	N41395	R22
E2F9	N41398	SPHA
E2FA	N41399	P28A
E2FB	N414	KMAX
E2FD	N414AA	C414
E2FF	N414AC	C414
E301	N414AE	B06
E302	N414AF	C414
E306	N414AK	C414
E307	N414AL	A21N
E308	N414AM	C414
E309	N414AN	C414
E30A	N414AP	C414
E30B	N414AQ	C414
E30C	N414AR	C414
E30D	N414AS	BT36
E30E	N414AT	C414
E310	N414AV	C414
E311	N414AW	C414
E314	N414AZ	C414
E315	N414B	C414
E316	N414BA	C414
E317	N414BB	C414
E318	N414BC	P28A
E319	N414BD	C414
E31A	N414BE	FOX
E31C	N414BG	C414
E31D	N414BH	LNP4
E320	N414BL	C414
E321	N414BM	C414
E323	N414BP	C414
E326	N414BS	C414
E327	N414BT	C414
E32A	N414BW	C414
E32E	N414C	AC80
E32F	N414CA	C414
E330	N414CB	E55P
E332	N414CD	C414
E333	N414CE	C414
E335	N414CG	FOX
E338	N414CK	SR22
E33A	N414CM	C414
E33B	N414CN	C414
E33C	N414CP	SR22
E33E	N414CR	C414
E33F	N414CS	C414
E340	N414CT	C414
E342	N414CV	T206
E343	N414CW	C414
E345	N414CY	C208
E347	N414D	RBEL
E349	N414DB	C414
E34A	N414DC	C414
E34B	N414DD	C414
E34D	N414DF	V10
E34E	N414DG	RV14
E34F	N414DH	CL35
E350	N414DJ	AA5
E351	N414DK	C414
E352	N414DL	C414
E353	N414DM	RV10
E354	N414DN	C414
E355	N414DP	C414
E358	N414DS	C414
E35B	N414DV	C414
E35F	N414DZ	A339
E362	N414EB	GLAS
E364	N414ED	C185
E365	N414EE	C414
E367	N414EG	C414
E368	N414EH	C414
E36B	N414EL	C414
E36C	N414EM	C414
E36E	N414EP	C414
E370	N414ER	C172
E371	N414ES	C414
E378	N414EZ	C414
E37A	N414FA	C414
E37B	N414FB	C414
E37C	N414FC	C414
E381	N414FH	C82R
E382	N414FJ	C750
E384	N414FL	P28A
E389	N414FR	A20N
E38A	N414FS	FDCT
E38B	N414FT	C414
E38E	N414FW	C25A
E38F	N414FX	E545
E392	N414G	C414
E393	N414GA	C414
E395	N414GC	C414
E396	N414GD	C414
E399	N414GG	C414
E39B	N414GJ	TBM7
E39C	N414GK	S22T
E3A0	N414GP	C414
E3A2	N414GR	C414
E3A3	N414GS	C414
E3AD	N414HB	C414
E3AE	N414HC	C414
E3B2	N414HG	GLIM
E3B6	N414HL	C414
E3B7	N414HM	C414
E3BD	N414HT	C414
E3BF	N414HV	BE40
E3C0	N414HW	C414
E3C4	N414J	J4
E3C5	N414JA	C414
E3C6	N414JB	COZY
E3C7	N414JC	C414
E3C8	N414JD	C414
E3C9	N414JE	C414
E3CA	N414JF	C414
E3CB	N414JG	C414
E3CC	N414JH	PA34
E3CD	N414JJ	C414
E3CF	N414JL	C414
E3D0	N414JM	C414
E3D1	N414JN	C414
E3D4	N414JR	CP30
E3D6	N414JT	C414
E3D9	N414JW	C414
E3DC	N414JZ	C414
E3DD	N414K	C414
E3DF	N414KB	C414
E3E3	N414KF	C180
E3E5	N414KH	C414
E3E9	N414KM	C414
E3EE	N414KS	C414
E3F0	N414KU	C25C
E3F2	N414KW	C414
E3F7	N414LA	C414
E3F8	N414LB	AC11
E3F9	N414LC	C414
E3FC	N414LF	B407
E3FD	N414LG	LNC2
E3FF	N414LJ	PTS1
E401	N414LL	C414
E402	N414LM	C414
E404	N414LP	C414
E40A	N414LV	RV14
E40F	N414M	C414
E410	N414MA	C414
E411	N414MB	PTS2
E412	N414MC	C414
E413	N414MD	C414
E414	N414ME	C82S
E418	N414MJ	C414
E419	N414MK	C414
E41A	N414ML	C414
E41B	N414MM	C414
E41D	N414MP	C414
E420	N414MS	M20P
E424	N414MW	C414
E429	N414NA	UH1
E42B	N414NC	C414
E42D	N414NE	RV8
E430	N414NH	C414
E439	N414NS	C414
E43D	N414NW	C414
E442	N414PA	C414
E444	N414PC	C414
E445	N414PD	B412
E446	N414PE	H25B
E447	N414PF	C414
E448	N414PG	C414
E449	N414PH	C414
E44A	N414PJ	B407
E44C	N414PL	C414
E452	N414PS	C414
E456	N414PW	C414
E459	N414PZ	CH60
E46B	N414QS	E55P
E475	N414RB	C414
E476	N414RC	C414
E477	N414RD	C414
E47B	N414RH	MT
E47C	N414RJ	C414
E47D	N414RK	C414
E47E	N414RL	B06
E480	N414RN	C414
E485	N414RT	BE9T
E487	N414RV	RV4
E488	N414RW	C414
E489	N414RX	EC30
E48C	N414S	RV14
E48F	N414SC	C182
E490	N414SD	C414
E491	N414SE	C414
E493	N414SG	C310
E494	N414SH	C414
E495	N414SJ	GLST
E49A	N414SP	C414
E49C	N414SR	C414
E49E	N414ST	C414
E4A1	N414SW	BE58
E4A2	N414SX	SONX
E4A5	N414T	C414
E4A6	N414TA	C414
E4A9	N414TD	C414
E4AA	N414TE	PRM1
E4AB	N414TF	C414
E4AD	N414TH	C414
E4AE	N414TJ	C414
E4B1	N414TM	C414
E4B2	N414TN	C414
E4BA	N414TW	EA50
E4BB	N414TX	SR22
E4BE	N414U	G44
E4BF	N414UA	A320
E4C6	N414UH	B407
E4CA	N414UM	C414
E4CC	N414UP	B752
E4D0	N414UT	M6
E4D8	N414VA	C414
E4D9	N414VB	C414
E4E9	N414VT	P28R
E4F0	N414W	C414
E4F2	N414WB	C414
E4F4	N414WD	C182
E4F5	N414WE	C414
E4F9	N414WJ	C414
E4FB	N414WL	SAKO
E4FC	N414WM	P28R
E4FD	N414WN	B737
E500	N414WR	C414
E501	N414WS	C414
E502	N414WT	C414
E507	N414WY	C414
E509	N414X	C310
E51F	N414XX	C414
E52A	N414YH	C414
E538	N414YX	E75L
E53B	N414Z	C414
E550	N414ZW	CRJ2
E555	N4140A	T6
E557	N4140C	M4
E55A	N4140F	C172
E55B	N4140G	C340
E55C	N4140H	PA15
E55D	N4140J	P28A
E562	N4140P	M7
E563	N4140Q	C310
E564	N4140R	PA32
E568	N4140V	C170
E569	N4140W	P28A
E56A	N4140X	VO10
E56B	N4140Y	CH7A
E56C	N4140Z	PA18
E56E	N41401	J5
E56F	N41402	R44
E571	N41404	H25B
E572	N41405	J5
E575	N41408	PA32
E578	N4141A	C310
E579	N4141B	BL17
E57A	N4141C	LNP4
E57C	N4141E	CH7A
E57E	N4141G	PA46
E57F	N4141H	PA15
E581	N4141K	M20P
E582	N4141L	C172
E586	N4141Q	C310
E587	N4141R	PA32
E588	N4141S	BE60
E589	N4141T	SR22
E58A	N4141U	P28A
E58D	N4141X	SR22
E58E	N4141Y	CH7A
E58F	N4141Z	PA18
E591	N41411	R44
E592	N41412	P28A
E594	N41414	P28A
E595	N41415	P28A
E596	N41416	P28R
E599	N41419	P28A
E59A	N4142	MITE
E59C	N4142B	AC50
E59E	N4142D	P28A
E59F	N4142E	AR11
E5A4	N4142K	NAVI
E5A5	N4142L	C172
E5A6	N4142M	PA12
E5A9	N4142Q	P28A
E5AA	N4142R	PA34
E5AE	N4142V	PA34
E5AF	N4142W	PA32
E5B1	N4142Y	BL8
E5B4	N41421	P28A
E5BA	N41427	J3
E5BB	N41428	P28A
E5BC	N41429	P28R
E5BD	N4143	MITE
E5BE	N4143A	P28A
E5C3	N4143F	C172
E5C5	N4143H	PA15
E5C7	N4143K	NAVI
E5CA	N4143N	PA34
E5CB	N4143P	PA23
E5CD	N4143R	PA32
E5CE	N4143S	BE35
E5D0	N4143U	P28A
E5D1	N4143V	C170
E5D2	N4143W	PA32
E5D3	N4143X	VO10
E5D4	N4143Y	BL8
E5D5	N4143Z	PA18
E5D7	N41431	R44
E5DA	N41434	P28A
E5DB	N41435	J3
E5DF	N41439	P28R
E5E0	N4144	FA7X
E5E2	N4144B	SR22
E5E3	N4144C	B407
E5E5	N4144E	PA18
E5E6	N4144F	C172
E5E7	N4144G	C340
E5E8	N4144H	PA15
E5E9	N4144J	P28A
E5EA	N4144K	P28A
E5EC	N4144M	PA12
E5EE	N4144P	P28A
E5EF	N4144Q	C310
E5F0	N4144R	PA32
E5F1	N4144S	BE36
E5F3	N4144U	C150
E5F4	N4144V	C170
E5F6	N4144X	P28A
E602	N41449	P28A
E603	N4145	C180
E604	N4145A	P28A
E605	N4145B	PA34
E608	N4145E	AR11
E60A	N4145G	P28A
E60C	N4145J	P28A
E611	N4145P	PA23
E616	N4145U	C150
E617	N4145V	P32R
E619	N4145X	P28A
E61B	N4145Z	P32R
E61C	N41450	P28R
E61F	N41453	P32R
E621	N41455	BU31
E623	N41457	P28A
E624	N41458	J3
E625	N41459	P28A
E626	N4146	MITE
E627	N4146A	B36T
E62A	N4146D	P28A
E62B	N4146E	PA18
E62C	N4146F	C172
E62F	N4146J	P28A
E630	N4146K	NAVI
E632	N4146M	PA12
E633	N4146N	C120
E634	N4146P	P32R
E636	N4146R	P28A
E638	N4146T	P28A
E639	N4146U	C150
E63C	N4146X	VO10
E63F	N41460	VO10
E643	N41464	J3
E647	N41468	P28R
E648	N41469	P32R
E649	N4147	KMAX
E64B	N4147B	BL17
E64C	N4147C	S108
E64E	N4147E	PA18
E64F	N4147F	C172
E650	N4147G	P28A
E652	N4147J	P28A
E653	N4147K	P28A
E656	N4147N	P32R
E658	N4147Q	R44
E659	N4147R	PA32
E65A	N4147S	BE33
E65B	N4147T	P28A
E65E	N4147W	PA32
E660	N4147Y	CH7B
E661	N4147Z	PA18
E662	N41470	J3
E664	N41472	P28A
E665	N41473	J3
E666	N41474	P28A
E668	N41476	HCAT
E669	N41477	P28A
E66C	N4148	MITE
E66F	N4148C	C82R
E670	N4148D	P28A
E671	N4148E	PA18
E672	N4148F	C172
E673	N4148G	C340
E674	N4148H	M20P
E677	N4148L	P32R
E67B	N4148Q	C310
E67E	N4148T	PA44
E67F	N4148U	R22
E680	N4148V	P28A
E681	N4148W	BE95
E683	N4148Y	BL8
E684	N4148Z	PA18
E685	N41480	P32R
E687	N41482	P28A
E689	N41484	PA46
E68C	N41487	P28A
E68F	N4149	TAIL
E690	N4149A	P28A
E692	N4149C	P28A
E693	N4149D	R44
E694	N4149E	MITE
E695	N4149F	C172
E696	N4149G	P28A
E697	N4149H	PA17
E698	N4149J	P28A
E69C	N4149N	C140
E69D	N4149P	AT8T
E69E	N4149Q	C310
E69F	N4149R	PA46
E6A0	N4149S	BE35
E6A1	N4149T	P28A
E6A2	N4149U	C150
E6A3	N4149V	C170
E6A5	N4149X	R44
E6AA	N41492	P32R
E6AF	N41497	P28A
E6B0	N41498	P28A
E6B2	N415	BLKS
E6B3	N415A	ERCO
E6B5	N415AB	SR20
E6B8	N415AE	B06
E6B9	N415AF	CL60
E6BA	N415AG	RS12
E6BF	N415AM	DA40
E6C0	N415AN	A21N
E6C3	N415AR	S22T
E6C4	N415AS	LNP4
E6C5	N415AT	B407
E6C8	N415AW	CRJ2
E6CC	N415B	GLF5
E6CE	N415BB	SR22
E6CF	N415BC	P46T
E6D0	N415BD	BDOG
E6D4	N415BH	AC50
E6D5	N415BJ	S22T
E6DA	N415BP	ERCO
E6DE	N415BT	CL2T
E6E1	N415BW	CRER
E6E4	N415BZ	ERCO
E6E5	N415C	S108
E6E6	N415CA	P28A
E6E7	N415CB	ERCO
E6E8	N415CC	PA23
E6E9	N415CD	ERCO
E6EB	N415CF	P28A
E6EE	N415CJ	TBM7
E6F1	N415CM	ERCO
E6FB	N415CX	WAIX
E700	N415DB	FOX
E704	N415DF	V10
E705	N415DG	S22T
E706	N415DH	BE35
E707	N415DJ	PA46
E708	N415DK	ERCO
E709	N415DL	PC12
E70C	N415DP	B47G
E70E	N415DR	ERCO
E714	N415DX	A339
E717	N415E	ERCO
E71A	N415EC	RV10
E71F	N415EH	ERCO
E725	N415EP	FOX
E730	N415F	ERCO
E742	N415FT	GLF6
E745	N415FW	ERCO
E746	N415FX	E545
E749	N415G	ERCO
E74B	N415GB	BE36
E74F	N415GF	SR22
E753	N415GK	P28A
E75A	N415GS	RV8
E762	N415H	EFOX
E766	N415HD	PRM1
E770	N415HP	PA30
E773	N415HS	C56X
E77C	N415JA	CL60
E77D	N415JB	HUSK
E780	N415JE	CL60
E783	N415JH	A139
E785	N415JK	S22T
E786	N415JL	BE36
E787	N415JM	PA34
E788	N415JN	MD11
E78C	N415JS	RV10
E78D	N415JT	S22T
E794	N415K	RV9
E795	N415KA	C25C
E797	N415KC	ACAM
E798	N415KD	FOX
E79B	N415KG	DA40
E7A0	N415KM	P28A
E7A5	N415KS	CRER
E7AD	N415L	PA32
E7B2	N415LE	C206
E7B8	N415LL	ERCO
E7BE	N415LS	ERCO
E7BF	N415LT	GLF4
E7C2	N415LW	BE58
E7C3	N415LX	SR22
E7C7	N415MA	GLF4
E7C9	N415MC	B744
E7CA	N415MD	PA23
E7CB	N415ME	COL4
E7D6	N415MR	PTS1
E7D7	N415MS	P28A
E7E0	N415NA	UH1
E7E6	N415NG	CL30
E7E8	N415NJ	T6
E7ED	N415NP	LJ60
E7F8	N415P	GA6C
E7F9	N415PA	P28A
E7FB	N415PC	C25B
E800	N415PH	B407
E801	N415PJ	SR22
E808	N415PR	GALX
E809	N415PS	GLIM
E80A	N415PT	ERCO
E80D	N415PW	SR22
E822	N415QS	GLF4
E82A	N415R	BE95
E82B	N415RA	C421
E82C	N415RB	C25B
E82D	N415RC	C82S
E82E	N415RD	RS21
E831	N415RG	ERCO
E833	N415RJ	C172
E834	N415RK	SREY
E838	N415RP	R44
E83E	N415RV	RV6
E83F	N415RW	BE55
E840	N415RX	EC30
E844	N415SA	HERN
E847	N415SD	C25C
E84A	N415SG	LJ60
E84B	N415SH	RV8
E84D	N415SK	S22T
E84F	N415SM	RV7
E851	N415SP	C172
E853	N415SR	SREY
E854	N415SS	ERCO
E857	N415SV	C337
E85E	N415TB	ERCO
E863	N415TG	C208
E867	N415TL	SR22
E868	N415TM	BE20
E86C	N415TR	CB1
E86D	N415TS	DA42
E86E	N415TT	C208
E876	N415UA	A320
E883	N415UP	B752
E88F	N415VA	PA46
E8A3	N415VW	BE95
E8A9	N415WB	SR22
E8AA	N415WC	H500
E8AD	N415WF	CH75
E8AF	N415WH	P28R
E8B3	N415WM	SR20
E8B4	N415WN	B737
E8B7	N415WR	PA46
E8BC	N415WW	WACF
E8BE	N415WY	SF50
E8BF	N415WZ	C340
E8C0	N415X	PA46
E8D2	N415XT	PC12
E8EF	N415YX	E75L
E90B	N4150	MITE
E90E	N4150C	S108
E910	N4150E	AR11
E911	N4150F	C172
E912	N4150G	C340
E913	N4150H	PA18
E915	N4150K	NAVI
E916	N4150L	C172
E917	N4150M	PA12
E918	N4150N	PA18
E919	N4150P	PA23
E91B	N4150R	PA18
E91C	N4150S	BE33
E91E	N4150U	C150
E91F	N4150V	C170
E920	N4150W	PA32
E922	N4150Y	CH7B
E923	N4150Z	PA18
E924	N41500	PA18
E925	N41501	J3
E926	N41502	PA34
E928	N41504	J3
E92B	N41507	P28A
E92C	N41508	J3
E92D	N41509	P28A
E92E	N4151	ERCO
E92F	N4151A	BE35
E930	N4151B	BL17
E932	N4151D	P51
E933	N4151E	AR11
E934	N4151F	PA18
E935	N4151G	C340
E936	N4151H	PA18
E939	N4151L	C172
E93A	N4151M	PA12
E93B	N4151N	C140
E93C	N4151P	P32R
E93E	N4151R	PA32
E940	N4151T	PA18
E941	N4151U	C150
E944	N4151X	VO10
E945	N4151Y	CH7A
E946	N4151Z	PA18
E947	N41510	M7
E948	N41511	J3
E949	N41512	P28R
E94B	N41514	PA18
E94F	N41518	PA46
E951	N4152	MITE
E952	N4152A	PA18
E955	N4152D	PA46
E956	N4152E	AR11
E957	N4152F	C172
E959	N4152H	M20P
E95A	N4152J	P28A
E95C	N4152L	C172
E95E	N4152N	PA18
E961	N4152R	P32R
E965	N4152V	C170
E967	N4152X	SS2P
E969	N4152Z	PA18
E96A	N41520	P28R
E96B	N41521	DFLY
E96C	N41522	P28A
E96D	N41523	P28A
E96F	N41525	AT8T
E973	N41529	PA18
E975	N4153A	PA18
E977	N4153C	C82R
E978	N4153D	PA18
E979	N4153E	PA36
E97A	N4153F	C172
E97B	N4153G	R44
E97C	N4153H	PA18
E97D	N4153J	P28A
E97F	N4153L	PA18
E980	N4153M	PA18
E981	N4153N	C140
E985	N4153S	BE95
E988	N4153V	C170
E98A	N4153X	VO10
E98C	N4153Z	PA18
E98D	N41530	PA18
E98F	N41532	J3
E990	N41533	P28A
E991	N41534	PISI
E992	N41535	P28A
E994	N41537	P28A
E995	N41538	PA34
E996	N41539	P28A
E997	N4154	MITE
E998	N4154A	PA18
E99A	N4154C	R44
E99B	N4154D	C170
E99C	N4154E	PA36
E99E	N4154G	R44
E9A0	N4154J	P28A
E9A3	N4154M	PA12
E9A4	N4154N	C120
E9A5	N4154P	PA18
E9A6	N4154Q	P28A
E9A7	N4154R	CH7B
E9A8	N4154S	BE35
E9A9	N4154T	C320
E9AB	N4154V	C170
E9AD	N4154X	SS2P
E9AE	N4154Y	C185
E9AF	N4154Z	PA18
E9B0	N41540	P28A
E9B2	N41542	P28A
E9B3	N41543	J3
E9B5	N41545	PA32
E9B7	N41547	P28A
E9B8	N41548	P28A
E9B9	N41549	BE55
E9BA	N4155	MITE
E9BE	N4155D	PA18
E9C0	N4155F	BE36
E9C1	N4155G	P28R
E9C4	N4155K	B06
E9C5	N4155L	PA18
E9C6	N4155M	PA12
E9C7	N4155N	C140
E9C8	N4155P	AT5T
E9CA	N4155R	PA18
E9CB	N4155S	BE55
E9CC	N4155T	PA18
E9CE	N4155V	C170
E9CF	N4155W	PA18
E9D0	N4155X	SS2P
E9D3	N41550	P28A
E9D4	N41551	PA18
E9D5	N41552	PA18
E9D6	N41553	PA18
E9D7	N41554	P28A
E9D8	N41555	P28R
E9D9	N41556	J3
E9DA	N41557	PA18
E9DB	N41558	P28A
E9DF	N4156B	BL17
E9E3	N4156F	C172
E9E7	N4156K	NAVI
E9E8	N4156L	C172
E9EA	N4156N	PA18
E9EE	N4156S	BE36
E9EF	N4156T	C320
E9F1	N4156V	PA18
E9F2	N4156W	VEZE
E9F3	N4156X	VO10
E9F4	N4156Y	CH7B
E9F6	N41560	J3
E9F8	N41562	PA18
E9FD	N41567	J3
EA01	N4157A	M7
EA02	N4157B	BL17
EA03	N4157C	PA18
EA05	N4157E	PA31
EA06	N4157F	C172
EA08	N4157H	PA18
EA0B	N4157L	PA18
EA0C	N4157M	PA12
EA0D	N4157N	C120
EA10	N4157R	PA18
EA11	N4157S	BE33
EA12	N4157T	PA18
EA13	N4157U	PA18
EA14	N4157V	C170
EA15	N4157W	PA18
EA17	N4157Y	CH7A
EA18	N4157Z	PA18
EA19	N41570	P28A
EA1C	N41573	PA18
EA20	N41577	PA18
EA21	N41578	J3
EA22	N41579	PA32
EA27	N4158D	PA18
EA29	N4158F	C172
EA2B	N4158H	PA15
EA2D	N4158K	NAVI
EA2E	N4158L	PA18
EA38	N4158W	PA18
EA3A	N4158Y	PA18
EA3B	N4158Z	PA18
EA3C	N41580	PA18
EA3E	N41582	SONX
EA3F	N41583	P28A
EA40	N41584	R44
EA41	N41585	P28R
EA43	N41587	PA18
EA44	N41588	AT6T
EA45	N41589	P28A
EA46	N4159	MITE
EA47	N4159A	PA18
EA49	N4159C	M4
EA4A	N4159D	PA18
EA4B	N4159E	AR11
EA4C	N4159F	PA34
EA4E	N4159H	PA15
EA50	N4159K	M7
EA51	N4159L	C172
EA52	N4159M	PA12
EA53	N4159N	C140
EA56	N4159R	PA32
EA57	N4159S	PA18
EA58	N4159T	C320
EA59	N4159U	C150
EA5B	N4159W	PA32
EA5C	N4159X	VO10
EA5D	N4159Y	BL8
EA62	N41593	P28A
EA63	N41594	PA18
EA65	N41596	P28A
EA66	N41597	J3
EA67	N41598	P28A
EA68	N41599	PA46
EA6D	N416AC	RJ85
EA6F	N416AE	B06
EA71	N416AG	HUSK
EA74	N416AK	PA14
EA76	N416AM	DA40
EA77	N416AN	A21N
EA78	N416AP	M4
EA7C	N416AT	BE20
EA7E	N416AV	A320
EA7F	N416AW	CRJ2
EA84	N416BA	C560
EA87	N416BD	GLEX
EA8D	N416BK	BE9L
EA8E	N416BL	DA40
EA93	N416BR	BE33
EA95	N416BT	CRER
EA98	N416BW	RV7
EA9C	N416C	U16
EA9D	N416CA	P28A
EA9F	N416CC	C550
EAA0	N416CD	SR22
EAA1	N416CE	SR22
EAA2	N416CF	B407
EAA8	N416CM	C510
EAAA	N416CP	C172
EAAD	N416CS	C82T
EAB5	N416D	BE58
EAB8	N416DC	C175
EABB	N416DF	BE20
EABE	N416DJ	SR22
EAC1	N416DM	RV8
EAC6	N416DS	DA40
EACB	N416DX	A339
EACE	N416E	EFOX
EAD1	N416EC	RV10
EAD5	N416EG	GLIM
EAD9	N416EL	GLF4
EADA	N416EM	ST75
EADE	N416ER	C172
EAE3	N416EW	JAB4
EAF5	N416FP	DA40
EAF8	N416FS	SSAB
EAFD	N416FX	E545
EB00	N416G	SR22
EB01	N416GA	PA12
EB03	N416GC	TRDO
EB06	N416GF	BE35
EB0E	N416GP	LJ60
EB11	N416GS	PA23
EB19	N416H	ACRO
EB20	N416HG	GLIM
EB21	N416HH	R44
EB27	N416HP	P28A
EB3D	N416JL	P28A
EB40	N416JP	BE20
EB43	N416JS	BE58
EB44	N416JT	HDJT
EB4D	N416KB	GLID
EB4E	N416KC	F900
EB68	N416LD	R44
EB6A	N416LF	P180
EB7D	N416M	MD60
EB80	N416MC	B744
EB81	N416MD	PA32
EB84	N416MG	MM16
EB87	N416MK	BE95
EB89	N416MM	BE20
EB8B	N416MP	P32R
EB8D	N416MR	BE65
EB97	N416NA	UH1
EB9E	N416NH	B350
EBAF	N416P	BE9T
EBB0	N416PA	P28A
EBB2	N416PC	SR22
EBB4	N416PE	SF50
EBC0	N416PS	CRUZ
EBC4	N416PW	GLID
EBD9	N416QS	E55P
EBE2	N416RA	C414
EBE8	N416RG	YK18
EBE9	N416RH	RV4
EBEB	N416RK	PA18
EBEC	N416RL	P46T
EBEF	N416RP	P28A
EBF5	N416RV	RV4
EBF6	N416RW	BE36
EBFA	N416S	SR22
EBFD	N416SC	RV12
EBFE	N416SD	CH7B
EC00	N416SF	B407
EC02	N416SH	R22
EC05	N416SL	RV14
EC06	N416SM	PA18
EC08	N416SP	C172
EC0A	N416SR	RV10
EC0B	N416SS	CH7B
EC10	N416SX	SONX
EC13	N416T	BE35
EC14	N416TA	C172
EC15	N416TB	COL3
EC17	N416TD	SR22
EC19	N416TF	CH70
EC24	N416TS	P32R
EC28	N416TW	PC12
EC29	N416TX	BE36
EC2D	N416UA	A320
EC3A	N416UP	B752
EC3D	N416US	M20P
EC45	N416V	C56X
EC60	N416WB	SR22
EC6A	N416WM	GLF2
EC6B	N416WN	B737
EC6E	N416WR	C172
EC70	N416WT	C177
EC75	N416WY	DHC2
EC77	N416X	T33
ECA6	N416YX	E75L
ECC2	N4160	MITE
ECC5	N4160C	C82R
ECC6	N4160D	COUR
ECC7	N4160E	CH7A
ECC8	N4160F	P28R
ECCB	N4160J	P28A
ECCF	N4160N	PA46
ECD0	N4160P	PA23
ECD3	N4160S	DV20
ECD4	N4160T	PA46
ECDB	N41600	AT6T
ECDC	N41601	CUCA
ECDF	N41604	P28A
ECE1	N41606	P28A
ECE2	N41607	CUCA
ECE3	N41608	AT5T
ECE4	N41609	P28A
ECE5	N4161	MITE
ECE6	N4161A	PA34
ECEA	N4161E	CH7A
ECEB	N4161F	C172
ECED	N4161H	PA15
ECF0	N4161L	C172
ECF2	N4161N	C120
ECF3	N4161P	P28A
ECFA	N4161W	BE20
ECFC	N4161Y	BL8
ECFD	N4161Z	P28A
ED00	N41612	AT5T
ED01	N41613	AT8T
ED06	N41618	P28A
ED07	N41619	P28A
ED0D	N4162E	AR11
ED0E	N4162F	C172
ED0F	N4162G	C421
ED14	N4162M	R44
ED15	N4162N	C120
ED18	N4162R	PA32
ED19	N4162S	BE33
ED1B	N4162U	C150
ED1C	N4162V	C170
ED1D	N4162W	PA32
ED1E	N4162X	SS2P
ED1F	N4162Y	BL8
ED20	N4162Z	P32R
ED21	N41620	CUCA
ED22	N41621	CUCA
ED23	N41622	P28A
ED24	N41623	P28A
ED28	N41627	CUCA
ED2C	N4163A	BE35
ED2D	N4163B	RV7
ED2F	N4163D	P32R
ED30	N4163E	P32R
ED31	N4163F	P28A
ED33	N4163H	PA15
ED36	N4163L	C172
ED38	N4163N	C140
ED39	N4163P	PA46
ED3B	N4163R	PA32
ED3C	N4163S	BE36
ED3E	N4163U	C150
ED3F	N4163V	C170
ED40	N4163W	P28A
ED42	N4163Y	CH7B
ED44	N41630	CUCA
ED45	N41631	R44
ED4B	N41637	CUCA
ED4D	N41639	P28A
ED51	N4164C	C82R
ED53	N4164E	AR11
ED56	N4164H	M20P
ED57	N4164J	P28A
ED59	N4164L	C172
ED5C	N4164P	PA23
ED5D	N4164Q	R44
ED5F	N4164S	BE35
ED60	N4164T	R44
ED61	N4164U	C150
ED62	N4164V	C170
ED65	N4164Y	P28A
ED68	N41641	P28A
ED6C	N41645	P28A
ED6E	N41647	AT8T
ED6F	N41648	P28A
ED70	N41649	P28A
ED73	N4165B	BL17
ED76	N4165E	P28A
ED78	N4165G	C402
ED79	N4165H	PA15
ED7C	N4165L	P32R
ED7D	N4165M	PA12
ED80	N4165Q	C310
ED82	N4165S	BE55
ED84	N4165U	P28A
ED89	N4165Z	PA18
ED8A	N41650	P28A
ED8B	N41651	AT6T
ED91	N41657	P28A
ED95	N4166A	GLID
ED97	N4166C	C82R
ED99	N4166E	AR11
ED9A	N4166F	P28A
ED9C	N4166H	P28A
ED9D	N4166J	COY2
ED9F	N4166L	C172
EDA0	N4166M	PA12
EDA1	N4166N	C120
EDA3	N4166Q	C310
EDA5	N4166S	BE33
EDA8	N4166V	C170
EDAC	N4166Z	P28A
EDB0	N41663	BE17
EDB4	N41667	P28A
EDB6	N41669	P28A
EDB8	N4167A	PA46
EDBA	N4167C	PA46
EDBB	N4167D	P32R
EDBD	N4167F	C172
EDBE	N4167G	C402
EDC1	N4167K	P28A
EDC2	N4167L	P28A
EDC4	N4167N	P32R
EDC5	N4167P	BE55
EDC6	N4167Q	C310
EDC7	N4167R	PA32
EDC8	N4167S	P32R
EDCA	N4167U	C150
EDCE	N4167Y	R44
EDCF	N4167Z	PA18
EDD5	N41675	AT5T
EDD6	N41676	PA46
EDD7	N41677	CH7B
EDDA	N4168	MITE
EDDE	N4168D	PA34
EDDF	N4168E	T28
EDE0	N4168F	C172
EDE1	N4168G	RV4
EDE2	N4168H	RV4
EDE3	N4168J	P28A
EDE5	N4168L	C172
EDEA	N4168R	PA32
EDEB	N4168S	P32R
EDEC	N4168T	PA34
EDEE	N4168V	C170
EDF1	N4168Y	CH7A
EDF2	N4168Z	P32R
EDF3	N41680	CH7B
EDF4	N41681	CH7B
EDF6	N41683	CH7A
EDF7	N41684	CH7B
EDF8	N41685	CH7B
EDF9	N41686	CH7B
EDFA	N41687	AT8T
EDFB	N41688	CH7A
EDFD	N4169	MITE
EDFE	N4169A	TBM
EE01	N4169D	COUR
EE03	N4169F	P28A
EE04	N4169G	C402
EE07	N4169K	NAVI
EE09	N4169M	PA12
EE0A	N4169N	C140
EE0C	N4169Q	C310
EE0D	N4169R	PA32
EE0E	N4169S	BE33
EE0F	N4169T	P32R
EE12	N4169W	T206
EE13	N4169X	VO10
EE14	N4169Y	C185
EE17	N41691	CH7B
EE19	N41693	CH7A
EE1A	N41694	CH7B
EE1B	N41695	CH7B
EE1C	N41696	BL8
EE1E	N41698	CH7A
EE1F	N41699	GLID
EE20	N417	RV4
EE23	N417AB	RV8
EE24	N417AC	B412
EE26	N417AE	B06
EE2B	N417AK	S22T
EE2D	N417AM	C680
EE2E	N417AN	A21N
EE31	N417AR	PC12
EE32	N417AS	T6
EE35	N417AV	A320
EE36	N417AW	CRJ2
EE3A	N417B	FOX
EE3B	N417BA	LJ35
EE3D	N417BC	BE35
EE42	N417BH	PA24
EE46	N417BM	AT8T
EE4B	N417BS	S22T
EE4C	N417BT	CL2T
EE53	N417C	C25C
EE54	N417CA	P28A
EE55	N417CB	C152
EE57	N417CD	FOX
EE59	N417CF	B407
EE5A	N417CG	EA50
EE61	N417CP	C82T
EE64	N417CS	GL5T
EE65	N417CT	RV9
EE6B	N417CZ	COZY
EE6F	N417DC	PA32
EE70	N417DD	C82T
EE73	N417DG	SONX
EE76	N417DK	C77R
EE78	N417DM	CH7B
EE7D	N417DS	RV8
EE7E	N417DT	SR22
EE82	N417DX	A339
EE85	N417E	RV12
EE88	N417EC	C310
EE91	N417EM	LNC2
EE93	N417EP	PA44
EE95	N417ER	C172
EE96	N417ES	C82S
EEA1	N417FC	PC24
EEA9	N417FL	P28A
EEAC	N417FP	DA40
EEB0	N417FT	SR20
EEB4	N417FX	E545
EEB7	N417G	HROC
EEBE	N417GG	P28A
EEC3	N417GM	FB1A
EEC7	N417GR	C510
EEC9	N417GT	PA23
EECC	N417GW	FOX
EED3	N417HC	CL30
EEDE	N417HP	P28A
EEEB	N417JB	BE9L
EEED	N417JD	C56X
EEF5	N417JM	C82S
EEFA	N417JS	PA46
EEFB	N417JT	SR22
EF02	N417K	BE36
EF05	N417KC	PC12
EF08	N417KF	FOX
EF09	N417KG	TBM7
EF0A	N417KH	SR22
EF1B	N417L	RV6
EF1E	N417LC	SR22
EF21	N417LF	C182
EF2C	N417LS	R22
EF35	N417MA	PA46
EF37	N417MC	RV8
EF3C	N417MH	C25A
EF3D	N417MJ	S22T
EF3E	N417MK	P28R
EF40	N417MM	SR22
EF49	N417MW	COL4
EF4A	N417MX	P46T
EF4B	N417MY	B407
EF4D	N417N	E55P
EF4E	N417NA	UH1
EF52	N417NE	C25C
EF54	N417NG	PC12
EF58	N417NL	CRJ2
EF63	N417NX	NPOR
EF66	N417P	P32R
EF67	N417PA	P28A
EF6A	N417PD	T206
EF6E	N417PH	B407
EF6F	N417PJ	B407
EF70	N417PK	R44
EF72	N417PM	PA31
EF76	N417PR	RV9
EF77	N417PS	CRUZ
EF7B	N417PW	SR22
EF7F	N417Q	C25A
EF90	N417QS	E55P
EF9F	N417RG	C82S
EFA2	N417RK	PA46
EFA4	N417RM	C25C
EFAA	N417RT	RV8
EFAC	N417RV	RV4
EFB2	N417SA	SB7
EFB7	N417SF	RV6
EFB9	N417SH	BE9L
EFBB	N417SK	PC12
EFBC	N417SL	VIX
EFBF	N417SP	CH7B
EFC3	N417ST	PA46
EFC6	N417SW	CRJ2
EFC7	N417SX	CH60
EFCA	N417T	RV7
EFCB	N417TA	SR22
EFD6	N417TM	H25B
EFDB	N417TS	DA42
EFDF	N417TW	BE17
EFE4	N417UA	A320
EFF1	N417UP	B752
EFF4	N417US	B407
F018	N417WC	BT36
F019	N417WD	SR22
F021	N417WM	HUSK
F022	N417WN	B737
F027	N417WT	B06
F02E	N417X	M5
F037	N417XJ	SF34
F047	N417Y	LNC2
F049	N417YB	BEAR
F05D	N417YX	E75L
F079	N4170	T34P
F07A	N4170A	TBM
F07B	N4170B	C170
F07D	N4170D	PA46
F07E	N4170E	AR11
F081	N4170H	PA34
F084	N4170L	P28A
F085	N4170M	R22
F087	N4170P	PA23
F08B	N4170T	P28A
F08C	N4170U	C150
F08D	N4170V	P32R
F08E	N4170W	PA32
F090	N4170Y	BL8
F092	N41700	CH7B
F095	N41703	P28A
F097	N41705	CUCA
F09C	N4171	GLID
F09D	N4171A	TBM
F09F	N4171C	S108
F0A4	N4171H	M20P
F0A5	N4171J	R22
F0A7	N4171L	C172
F0AB	N4171Q	C340
F0AC	N4171R	PA32
F0AD	N4171S	BE36
F0B1	N4171W	PA32
F0B2	N4171X	P28A
F0B5	N41710	CUCA
F0B6	N41711	PA34
F0BB	N41716	CUCA
F0BD	N41718	P28A
F0BE	N41719	CUCA
F0C2	N4172C	S108
F0C3	N4172D	P28A
F0C5	N4172F	C172
F0C7	N4172H	PA15
F0C8	N4172J	P28A
F0C9	N4172K	NAVI
F0CB	N4172M	PA12
F0CD	N4172P	C72R
F0CE	N4172Q	BE9L
F0CF	N4172R	PA32
F0D0	N4172S	BE33
F0D1	N4172T	P32R
F0D2	N4172U	AT3T
F0D3	N4172V	C170
F0D6	N4172Y	CH7A
F0D7	N4172Z	P28A
F0DB	N41723	P28A
F0DC	N41724	P28R
F0DD	N41725	CUCA
F0DF	N41727	CUCA
F0E1	N41729	CUCA
F0E2	N4173	MITE
F0E3	N4173A	P32R
F0E4	N4173B	BL17
F0E5	N4173C	GLID
F0E6	N4173D	P28A
F0E7	N4173E	AR11
F0EA	N4173H	PA15
F0EE	N4173M	PA12
F0EF	N4173N	PA46
F0F2	N4173R	PA32
F0F6	N4173V	C170
F0F7	N4173W	PA32
F0FA	N4173Z	PA18
F0FB	N41730	CUCA
F0FC	N41731	P28R
F0FD	N41732	CUCA
F0FE	N41733	CUCA
F101	N41736	UH1
F103	N41738	P28A
F104	N41739	P28A
F106	N4174A	P32R
F107	N4174B	DA40
F108	N4174C	P32R
F109	N4174D	PA34
F10B	N4174F	P28A
F10E	N4174J	P28A
F110	N4174L	R44
F115	N4174R	PA32
F117	N4174T	P28A
F118	N4174U	P32R
F119	N4174V	P46T
F11A	N4174W	PA32
F11D	N4174Z	P32R
F11F	N41741	FNKB
F125	N41747	FNKB
F127	N41749	P51
F128	N4175	MITE
F12B	N4175C	C82R
F12E	N4175F	C172
F130	N4175H	PA15
F132	N4175K	PA46
F133	N4175L	C172
F136	N4175P	R44
F137	N4175Q	C310
F139	N4175S	BE35
F13D	N4175W	PA32
F140	N4175Z	P28A
F143	N41752	PA34
F145	N41754	JACE
F147	N41756	P28A
F148	N41757	P28A
F14D	N4176B	BL17
F151	N4176F	C172
F152	N4176G	PA15
F153	N4176H	FOX
F155	N4176K	P32R
F158	N4176N	C120
F15C	N4176S	BE95
F15D	N4176T	P32R
F161	N4176X	PA32
F163	N4176Z	P32R
F168	N41764	P28A
F16A	N41766	RV6
F16C	N41768	KR2
F16D	N41769	PA32
F16E	N4177	MITE
F16F	N4177A	CH7B
F171	N4177C	S108
F173	N4177E	PA25
F174	N4177F	C172
F175	N4177G	R44
F176	N4177H	PA15
F177	N4177J	P28R
F179	N4177L	P28A
F17A	N4177M	R44
F17B	N4177N	P28A
F17C	N4177P	P28A
F17D	N4177Q	C310
F17E	N4177R	R44
F17F	N4177S	BE35
F180	N4177T	P32R
F182	N4177V	P32R
F186	N4177Z	PA18
F18B	N41774	P28A
F18D	N41776	H500
F191	N4178	MITE
F192	N4178A	T34P
F196	N4178E	AR11
F199	N4178H	PA15
F19A	N4178J	P28A
F19B	N4178K	NAVI
F19D	N4178M	P32R
F1A2	N4178S	BE58
F1A5	N4178V	C170
F1A7	N4178X	VO10
F1A8	N4178Y	CH7A
F1AC	N41782	C182
F1AD	N41783	SS2T
F1AF	N41785	P28A
F1B1	N41787	P28B
F1B3	N41789	P28A
F1B4	N4179	MITE
F1B5	N4179A	NAVI
F1B6	N4179B	AC50
F1B9	N4179E	CH7A
F1BA	N4179F	P28A
F1BF	N4179L	C172
F1C1	N4179N	C140
F1C3	N4179Q	SYMP
F1C7	N4179U	C150
F1C8	N4179V	C170
F1C9	N4179W	PA32
F1CC	N4179Z	PA18
F1CD	N41790	P28A
F1CF	N41792	P28A
F1D0	N41793	T50
F1D4	N41797	BL8
F1D5	N41798	CH7B
F1D6	N41799	PA46
F1D7	N418	M200
F1D8	N418A	TBM7
F1DA	N418AB	LJ45
F1DD	N418AE	B06
F1E2	N418AK	RV7
F1E3	N418AL	RV6
F1E5	N418AN	A21N
F1EA	N418AT	TWEN
F1EC	N418AV	DHC6
F1ED	N418AW	CRJ2
F1F0	N418AZ	GLST
F1F1	N418B	BE35
F1F3	N418BB	T6
F1F4	N418BC	SR22
F1F8	N418BG	SF50
F1FD	N418BM	C421
F202	N418BS	PA12
F203	N418BT	CL2T
F206	N418BW	RV8
F20B	N418CA	H25B
F20C	N418CB	HUSK
F20D	N418CC	C177
F210	N418CF	B407
F212	N418CH	GLIM
F215	N418CL	LJ45
F216	N418CM	CH60
F218	N418CP	SR22
F21B	N418CS	C25B
F21C	N418CT	BE40
F223	N418D	A109
F225	N418DB	PTS1
F226	N418DC	VELO
F228	N418DE	SR20
F229	N418DF	V10
F22C	N418DJ	EXEC
F22D	N418DK	C210
F22E	N418DL	LJ31
F22F	N418DM	C82T
F231	N418DP	PA34
F233	N418DR	PC12
F239	N418DX	A339
F23B	N418DZ	SR20
F24D	N418ES	C72R
F260	N418FL	P28A
F261	N418FM	PC12
F263	N418FP	DA40
F26A	N418FW	P28B
F26B	N418FX	E545
F26E	N418G	C310
F270	N418GB	BE18
F277	N418GJ	BE40
F282	N418GV	SR22
F295	N418HP	P46T
F2A0	N418J	BE20
F2A3	N418JC	SR22
F2A4	N418JD	EXEC
F2A6	N418JF	CH60
F2A7	N418JG	CH70
F2B2	N418JT	RALL
F2BC	N418KC	C25A
F2C5	N418KM	M7
F2CE	N418KW	C550
F2D3	N418LA	B763
F2D5	N418LC	B190
F2E3	N418LS	J3
F2EC	N418MA	P46T
F2ED	N418MB	C182
F2EE	N418MC	B744
F2EF	N418MD	AS50
F2F4	N418MJ	RV12
F2F6	N418ML	SR22
F300	C6-JAY	SF34
F304	N418N	TVLB
F305	N418NA	UH1
F30A	N418NF	L8
F315	N418NS	J3
F318	N418NV	MD83
F31D	N418P	BE36
F31E	N418PA	P28A
F320	N418PC	C185
F325	N418PH	B407
F326	N418PJ	B407
F32B	N418PP	CL60
F32D	N418PR	C82R
F347	N418QS	E55P
F352	N418RC	ST75
F355	N418RF	RV8
F35A	N418RL	WAIX
F35F	N418RR	C550
F360	N418RS	SF50
F361	N418RT	RV7
F363	N418RV	RV8
F364	N418RW	BE58
F368	N418S	RV6
F369	N418SA	C182
F36B	N418SC	CRUZ
F371	N418SJ	S22T
F373	N418SL	RV7
F376	N418SP	BE65
F378	N418SR	SR22
F37A	N418ST	RBEL
F37C	N418SV	B06
F37D	N418SW	CRJ2
F381	N418T	PC12
F383	N418TB	FA62
F387	N418TF	R44
F38A	N418TJ	P28A
F38D	N418TM	BE40
F391	N418TR	C340
F396	N418TW	SSTL
F397	N418TX	RV7
F398	N418TY	AS50
F39A	N418U	P208
F39B	N418UA	A320
F3A8	N418UP	B752
F3AB	N418US	B734
F3CD	N418WA	WW24
F3D6	N418WK	RV6
F3D7	N418WL	C150
F3D9	N418WN	B737
F3DC	N418WR	C82S
F3DD	N418WS	BE58
F3E5	N418X	M5
F414	N418YX	E75L
F417	N418Z	LNC2
F430	N4180	MITE
F431	N4180A	P46T
F433	N4180C	M4
F435	N4180E	AR11
F436	N4180F	B06
F439	N4180J	P28A
F43A	N4180K	NAVI
F43B	N4180L	C172
F43C	N4180M	PA12
F441	N4180S	BE35
F443	N4180U	C150
F445	N4180W	P28A
F446	N4180X	VO10
F448	N4180Z	PA18
F449	N41800	CH7A
F44A	N41801	CH7B
F44B	N41802	CH7B
F44C	N41803	CH7B
F44D	N41804	CH7B
F44E	N41805	CH7A
F44F	N41806	ST75
F450	N41807	CH7B
F451	N41808	CH7B
F452	N41809	CH7B
F453	N4181	MITE
F455	N4181B	BL17
F456	N4181C	S108
F457	N4181D	P32R
F458	N4181E	AR11
F45B	N4181H	PA15
F45F	N4181M	P28A
F460	N4181N	C120
F462	N4181Q	C310
F464	N4181S	BE36
F465	N4181T	C320
F468	N4181W	PA32
F469	N4181X	R44
F46A	N4181Y	CH7A
F46B	N4181Z	PA18
F46D	N41811	CH7B
F46F	N41813	CH7B
F471	N41815	CRER
F472	N41816	CH7B
F474	N41818	RV8
F475	N41819	BL8
F477	N4182A	P32R
F479	N4182C	CJ6
F47A	N4182D	P28A
F47B	N4182E	AR11
F47C	N4182F	C172
F47D	N4182G	SS2T
F47E	N4182H	M20P
F47F	N4182J	P28A
F481	N4182L	P28A
F482	N4182M	PA12
F483	N4182N	P28A
F486	N4182R	PA32
F487	N4182S	BE36
F488	N4182T	C172
F48A	N4182V	C170
F48B	N4182W	PA32
F48D	N4182Y	CH7B
F48E	N4182Z	PA18
F48F	N41820	CH7A
F490	N41821	CH7A
F491	N41822	CH7B
F495	N41826	VELO
F496	N41827	PA46
F49C	N4183C	C82R
F49D	N4183D	P32R
F49E	N4183E	CJ6
F49F	N4183F	C172
F4A1	N4183H	PA15
F4A3	N4183K	NAVI
F4A6	N4183N	C82S
F4A8	N4183Q	C310
F4AE	N4183W	P32R
F4AF	N4183X	SS2P
F4B1	N4183Z	PA18
F4BA	N41838	P32R
F4BE	N4184B	BL17
F4BF	N4184C	S108
F4C2	N4184F	C172
F4C3	N4184G	CJ6
F4C4	N4184H	PA15
F4C5	N4184J	P28A
F4C7	N4184L	C172
F4C8	N4184M	P28R
F4CB	N4184Q	C310
F4CC	N4184R	PA32
F4CD	N4184S	CJ6
F4CE	N4184T	P28A
F4CF	N4184U	C150
F4D0	N4184V	P28A
F4D1	N4184W	CJ6
F4D2	N4184X	P32R
F4D4	N4184Z	PA18
F4D7	N41842	R44
F4D9	N41844	G164
F4DC	N41847	P32R
F4DE	N41849	PA34
F4E2	N4185C	C170
F4E4	N4185E	AR11
F4E7	N4185H	PA15
F4E8	N4185J	P28A
F4E9	N4185K	NAVI
F4EA	N4185L	P46T
F4EB	N4185M	C185
F4EC	N4185N	C140
F4F0	N4185S	BE33
F4F2	N4185U	C150
F4F3	N4185V	C170
F4F4	N4185W	P28A
F4F5	N4185X	P32R
F4F7	N4185Z	PA18
F4F8	N41850	AT5T
F4F9	N41851	CH80
F4FC	N41854	AT5T
F500	N41858	P28A
F501	N41859	P28A
F509	N4186G	S108
F50A	N4186H	PA15
F50C	N4186K	NAVI
F50D	N4186L	C172
F50F	N4186N	P28A
F513	N4186S	BE95
F514	N4186T	C320
F516	N4186V	C170
F519	N4186Y	R44
F51A	N4186Z	PA18
F51D	N41862	P32R
F521	N41866	P32R
F522	N41867	P28A
F526	N4187A	P32R
F529	N4187D	P32R
F52D	N4187H	P32R
F52F	N4187K	NAVI
F534	N4187Q	P32R
F535	N4187R	PA32
F536	N4187S	BE35
F538	N4187U	P28A
F53C	N4187Y	BL8
F53D	N4187Z	PA18
F53E	N41870	RV12
F540	N41872	P28A
F542	N41874	PA46
F548	N4188	MITE
F549	N4188A	PA46
F54C	N4188D	PA46
F54E	N4188F	C172
F550	N4188H	P32R
F551	N4188J	RV6
F552	N4188K	NAVI
F553	N4188L	C172
F554	N4188M	PA12
F555	N4188N	C140
F556	N4188P	PA23
F559	N4188S	BE58
F55A	N4188T	P28A
F55F	N4188Y	C185
F560	N4188Z	PA18
F561	N41880	P28A
F563	N41882	P28A
F569	N41888	P28A
F56A	N41889	ERCO
F56B	N4189	MITE
F56C	N4189A	PA32
F56D	N4189B	AC50
F56E	N4189C	PA46
F570	N4189E	AR11
F571	N4189F	C172
F573	N4189H	PA15
F57B	N4189R	PA32
F57C	N4189S	BE36
F57D	N4189T	C320
F57E	N4189U	DA40
F582	N4189Y	CH7A
F58A	N41896	P28A
F58B	N41897	P28A
F58C	N41898	RV14
F58F	N419A	C170
F592	N419AC	BL8
F594	N419AE	EC20
F598	N419AJ	RV12
F59A	N419AL	PA38
F59B	N419AM	DA40
F59C	N419AN	A21N
F5A0	N419AS	B739
F5A3	N419AV	CRJ2
F5A4	N419AW	CRJ2
F5A7	N419AZ	B763
F5A9	N419BA	GLID
F5AA	N419BB	LEG2
F5AB	N419BC	AEST
F5AD	N419BE	C182
F5B2	N419BK	LNP4
F5B3	N419BL	DA40
F5B4	N419BM	FOX
F5B8	N419BR	PRM1
F5BA	N419BT	CL2T
F5C3	N419CB	BE95
F5C4	N419CC	P28B
F5C5	N419CD	SR22
F5C7	N419CF	B407
F5CC	N419CL	SF34
F5CF	N419CP	C172
F5D2	N419CS	C82T
F5D3	N419CT	E55P
F5DA	N419D	RV6
F5DC	N419DB	HDJT
F5E2	N419DH	B06
F5E6	N419DM	BL8
F5EB	N419DS	BL8
F5F0	N419DX	A339
F5F3	N419E	BE35
F601	N419EP	C172
F603	N419ER	C172
F60C	N419F	RV6
F612	N419FF	AT8T
F61D	N419FS	SSAB
F621	N419FW	P68
F622	N419FX	E545
F625	N419G	P28A
F627	N419GB	C140
F628	N419GC	AVTR
F630	N419GL	RV7
F63F	N419HA	R44
F641	N419HC	PA34
F644	N419HF	BE30
F658	N419JA	C82T
F65A	N419JC	PA18
F65F	N419JH	HIGH
F663	N419JM	SREY
F664	N419JN	RV4
F667	N419JR	BL8
F668	N419JS	DA40
F670	N419K	BE30
F672	N419KB	FOX
F674	N419KD	S22T
F675	N419KE	PA18
F681	N419KS	C182
F682	N419KT	RV7
F68D	N419LD	PA18
F690	N419LG	LJ45
F692	N419LJ	PA32
F693	N419LK	C172
F6A5	N419MC	B744
F6A9	N419MG	RODS
F6AC	N419MK	ASTR
F6AE	N419MM	P46T
F6AF	N419MN	BE20
F6BB	N419N	E55P
F6BC	N419NA	UH1
F6CF	N419NV	MD83
F6D4	N419P	B407
F6D5	N419PA	P28A
F6DC	N419PH	PA32
F6DD	N419PJ	E55P
F6FE	N419QS	E55P
F706	N419R	WAIX
F707	N419RA	G3
F718	N419RT	P32R
F71F	N419S	MUS2
F720	N419SA	BL8
F721	N419SB	P28B
F722	N419SC	C441
F723	N419SD	HIGH
F725	N419SF	C172
F729	N419SK	SONX
F72F	N419SR	SR20
F731	N419ST	SR22
F734	N419SW	PA32
F738	N419T	BE35
F73D	N419TE	M20P
F73E	N419TF	BE36
F743	N419TL	NG5
F744	N419TM	BE40
F748	N419TR	BE35
F74A	N419TT	C340
F74D	N419TW	AT6T
F752	N419UA	A320
F75F	N419UP	B752
F77C	N419VT	S22T
F783	N419W	P28A
F78E	N419WL	H46
F78F	N419WM	S22T
F790	N419WN	B737
F79C	N419X	M5
F79D	N419XA	RV12
F7B7	N419YB	CH60
F7CB	N419YX	E75L
F7EC	N4190E	P32R
F7ED	N4190F	C172
F7F1	N4190K	NAVI
F7F2	N4190L	C172
F7F5	N4190P	C72R
F7FB	N4190V	C72R
F7FC	N4190W	PA46
F7FF	N4190Z	PA18
F800	N41900	L8
F801	N41901	P28A
F803	N41903	P28R
F804	N41904	P28A
F805	N41905	P28A
F809	N41909	UH1
F812	N4191H	CNUK
F813	N4191J	P28A
F814	N4191K	NAVI
F816	N4191M	DA40
F818	N4191P	PA23
F81B	N4191S	BE95
F81C	N4191T	H500
F81F	N4191W	PA32
F821	N4191Y	SS2T
F824	N41911	P28R
F825	N41912	C72R
F826	N41913	L8
F827	N41914	L8
F82A	N41917	L8
F82E	N4192A	BE35
F830	N4192C	DV20
F833	N4192F	C172
F835	N4192H	M20P
F83E	N4192S	BE35
F841	N4192V	C170
F842	N4192W	PA32
F843	N4192X	VO10
F844	N4192Y	CH7B
F845	N4192Z	PA18
F846	N41920	L8
F847	N41921	L8
F848	N41922	L8
F84A	N41924	P28A
F84D	N41927	P28A
F85A	N4193K	NAVI
F85B	N4193L	C172
F860	N4193R	C72R
F865	N4193W	PA32
F867	N4193Y	C82S
F86B	N41932	L8
F86C	N41933	L8
F870	N41937	P28A
F87B	N4194H	PA15
F882	N4194Q	T206
F888	N4194W	C185
F88C	N41940	P28R
F88D	N41941	PA34
F890	N41944	L8
F891	N41945	L8
F893	N41947	L8
F895	N41949	P28A
F89A	N4195D	COUR
F89B	N4195E	C82S
F89C	N4195F	C172
F8A2	N4195M	PA12
F8A6	N4195R	C82S
F8AB	N4195W	PA32
F8B0	N41951	L8
F8B3	N41954	P28A
F8B7	N41958	L8
F8BD	N4196D	C82S
F8BF	N4196F	C172
F8C0	N4196G	C82S
F8C1	N4196H	PA15
F8C3	N4196K	AT6T
F8C7	N4196P	PA23
F8C8	N4196Q	C310
F8CF	N4196X	SS2P
F8D1	N4196Z	S61R
F8D2	N41960	PA34
F8D3	N41961	L8
F8D5	N41963	P28A
F8D7	N41965	L8
F8D8	N41966	P28A
F8D9	N41967	P28A
F8DB	N41969	P28A
F8DF	N4197C	C414
F8E0	N4197D	DA42
F8E2	N4197F	C172
F8E4	N4197H	PA15
F8E6	N4197K	NAVI
F8EB	N4197Q	C82S
F8EC	N4197R	S61R
F8ED	N4197S	BE35
F8F0	N4197V	C170
F8F2	N4197X	C82S
F8F8	N41973	P28A
F8FC	N41977	P28A
F8FD	N41978	P28A
F901	N4198B	PA23
F907	N4198H	AVID
F90C	N4198N	C140
F90F	N4198R	M7
F912	N4198U	C150
F916	N4198Y	BL8
F917	N4198Z	PA18
F918	N41980	P28A
F91B	N41983	P28A
F91C	N41984	T211
F91D	N41985	P28A
F920	N41988	G44
F923	N4199A	PA18
F925	N4199C	BE99
F928	N4199F	C172
F92A	N4199H	M20P
F92B	N4199J	P28A
F92D	N4199L	C172
F92E	N4199M	DV20
F934	N4199T	C82S
F935	N4199U	C150
F938	N4199X	CAMP
F939	N4199Y	CH7A
F93A	N4199Z	PA18
F93B	N41990	G44
F93C	N41991	AT5T
F93D	N41992	P28A
F93E	N41993	G44
F940	N41995	P28A
F942	N41997	P28R
F947	N42AA	C402
F948	N42AB	BE35
F94C	N42AF	MU2
F94D	N42AG	P28B
F94E	N42AH	RV10
F950	N42AK	HUSK
F951	N42AL	C25A
F952	N42AM	BT36
F954	N42AP	C172
F956	N42AR	AA5
F957	N42AS	H25A
F95A	N42AV	C82R
F95B	N42AW	C425
F95F	N42B	AR6T
F960	N42BA	BE36
F962	N42BC	C421
F963	N42BD	PA46
F964	N42BE	SR22
F966	N42BG	P46T
F967	N42BH	C82R
F968	N42BJ	C421
F96A	N42BL	RV4
F96C	N42BN	RV4
F970	N42BS	CH75
F971	N42BT	T6
F972	N42BU	RV10
F976	N42BY	PTS1
F978	N42C	BE18
F979	N42CA	GLIM
F97B	N42CC	PA11
F97C	N42CD	VEZE
F97D	N42CE	GLIM
F97F	N42CG	GLID
F980	N42CH	PTS1
F981	N42CJ	PA32
F983	N42CL	YK55
F986	N42CP	M20P
F989	N42CS	RV8
F98A	N42CT	ST75
F98B	N42CU	H47
F98C	N42CV	PA31
F98D	N42CW	P210
F98E	N42CX	PA32
F990	N42CZ	COZY
F991	N42D	BE18
F993	N42DB	ST75
F994	N42DC	SBR1
F995	N42DD	PA31
F996	N42DE	RV9
F997	N42DF	FOX
F998	N42DG	RV4
F999	N42DH	GALX
F99A	N42DJ	GLIM
F99B	N42DK	LEG2
F99F	N42DP	PC12
F9A0	N42DQ	GLAS
F9A2	N42DS	VEZE
F9A3	N42DT	SR22
F9A8	N42DY	RV14
F9AA	N42E	BE30
F9AB	N42EA	AT3T
F9AC	N42EB	P32R
F9AD	N42EC	ERCO
F9AF	N42EE	A139
F9B4	N42EK	PTS1
F9B5	N42EL	PRM1
F9B6	N42EM	C182
F9BA	N42ER	C150
F9BB	N42ES	S22T
F9BC	N42ET	C25B
F9C3	N42F	B06
F9C4	N42FA	M20P
F9C6	N42FC	BE20
F9CD	N42FK	GLAS
F9CE	N42FL	GLF2
F9CF	N42FM	F156
F9D2	N42FQ	BE58
F9D5	N42FT	R44
F9D6	N42FU	TAYB
F9D7	N42FV	ST75
F9D8	N42FW	PAY3
F9DC	N42G	FA10
F9DD	N42GA	R44
F9DE	N42GB	P337
F9DF	N42GC	PA18
F9E2	N42GF	RV6
F9E4	N42GH	EC20
F9E5	N42GJ	CL30
F9E6	N42GK	T6
F9E7	N42GL	G21
F9E8	N42GM	O1
F9ED	N42GS	TS11
F9EE	N42GT	COUR
F9F0	N42GV	C82R
F9F2	N42GX	EPIC
F9F5	N42H	GLAS
F9F8	N42HC	RV6
F9F9	N42HD	PA31
F9FB	N42HF	BE95
F9FD	N42HH	PA34
F9FE	N42HJ	RV6
FA00	N42HL	SRAI
FA01	N42HM	C421
FA03	N42HP	AEST
FA05	N42HR	HROC
FA07	N42HT	PA31
FA0C	N42HY	HUSK
FA0E	N42J	BE20
FA0F	N42JA	C172
FA10	N42JB	B06
FA11	N42JC	BIPL
FA12	N42JD	M20P
FA13	N42JE	EXEC
FA14	N42JF	PTS1
FA17	N42JJ	H25B
FA1A	N42JM	T6
FA1E	N42JR	RV6
FA20	N42JT	RV6
FA22	N42JV	BE33
FA23	N42JW	BE95
FA27	N42K	C140
FA28	N42KA	P28A
FA2A	N42KC	C182
FA2B	N42KD	COUG
FA2D	N42KF	FOX
FA31	N42KK	C25M
FA37	N42KR	P28A
FA38	N42KS	RV4
FA3C	N42KW	BE58
FA40	N42L	C25B
FA42	N42LB	BE35
FA44	N42LD	SA30
FA45	N42LE	LGEZ
FA48	N42LH	BT36
FA4A	N42LK	R66
FA4B	N42LL	C172
FA4C	N42LM	WAIX
FA51	N42LS	GLID
FA5A	N42MA	GLAS
FA5C	N42MC	B06
FA5D	N42MD	M20P
FA60	N42MG	C402
FA61	N42MH	PA31
FA63	N42MK	COY2
FA64	N42ML	C421
FA65	N42MM	BE33
FA67	N42MP	M20P
FA6A	N42MS	AC50
FA6D	N42MV	DA42
FA6E	N42MW	C414
FA75	N42NC	C402
FA77	N42NE	H269
FA78	N42NF	F900
FA7A	N42NH	H25B
FA7E	N42NM	A109
FA80	N42NP	PC12
FA83	N42NS	GLID
FA84	N42NT	RV7
FA89	N42NY	B429
FA8B	N42P	BE55
FA8C	N42PA	WAIX
FA8D	N42PB	PA23
FA8E	N42PC	BE9L
FA8F	N42PD	WAIX
FA90	N42PE	RV9
FA92	N42PG	P28R
FA93	N42PH	C550
FA94	N42PJ	M20T
FA95	N42PK	E300
FA96	N42PL	LAMA
FA97	N42PM	PA30
FA98	N42PN	PC12
FA9C	N42PS	PTS1
FA9D	N42PT	ST75
FA9F	N42PV	PIVI
FAA0	N42PW	ST75
FAA3	N42PZ	RV7
FAA4	N42Q	QIC2
FAC0	N42RC	PA31
FAC3	N42RF	P3
FAC4	N42RG	P32R
FAC5	N42RH	C182
FAC6	N42RJ	BOLT
FAC8	N42RL	C72R
FACB	N42RP	J3
FACD	N42RR	BE76
FACF	N42RT	P32R
FAD4	N42RY	RV4
FAD6	N42S	ST75
FAD8	N42SB	TAIL
FAD9	N42SC	PRM1
FADA	N42SD	H500
FADC	N42SF	FURY
FADD	N42SG	C414
FAE1	N42SL	B06
FAE2	N42SM	BE58
FAE4	N42SP	P28A
FAE6	N42SR	SREY
FAE7	N42SS	C310
FAE8	N42ST	F2TH
FAE9	N42SU	GLST
FAEA	N42SV	GLST
FAEF	N42T	DA42
FAF1	N42TB	BE58
FAF2	N42TC	GLID
FAF3	N42TD	RV7
FAF4	N42TE	BE58
FAF5	N42TF	RV6
FAF7	N42TH	J3
FAF8	N42TJ	SR22
FAFB	N42TM	LNC4
FAFD	N42TP	PA30
FB01	N42TT	PA31
FB03	N42TV	M20P
FB05	N42TX	S22T
FB07	N42TZ	CB1
FB22	N42VA	PA25
FB23	N42VB	R44
FB27	N42VF	RV8
FB2D	N42VM	ONEX
FB2E	N42VN	DA40
FB2F	N42VP	C25C
FB31	N42VR	SR20
FB34	N42VU	SR20
FB35	N42VV	C72R
FB3C	N42WB	P210
FB3D	N42WC	R22
FB3E	N42WD	C182
FB40	N42WF	LGEZ
FB41	N42WG	C182
FB42	N42WH	AEST
FB43	N42WJ	FA20
FB44	N42WK	BE35
FB48	N42WP	PA31
FB4B	N42WS	C310
FB4E	N42WV	RV6
FB51	N42WY	HUSK
FB52	N42WZ	C510
FB53	N42X	BE35
FB58	N42XE	XNOS
FB59	N42XF	RV9
FB5A	N42XG	RAF2
FB61	N42XP	VEZE
FB63	N42XR	RS12
FB69	N42XX	PTS1
FB6F	N42YC	PA31
FB76	N42YK	YAK3
FB84	N42YZ	C421
FB85	N42Z	BE20
FB87	N42ZB	S22T
FB88	N42ZC	PAY3
FB9D	N42ZZ	AC50
FBA0	N420AA	SR20
FBA2	N420AC	ACAM
FBA4	N420AE	B06
FBA6	N420AG	GLEX
FBA7	N420AH	HDJT
FBAB	N420AM	DA40
FBAC	N420AN	A21N
FBAF	N420AR	P32R
FBB0	N420AS	BE60
FBB1	N420AT	H500
FBB4	N420AW	CRJ2
FBB7	N420AZ	HDJT
FBB8	N420B	BE35
FBB9	N420BA	GLID
FBC3	N420BL	SR22
FBC6	N420BP	M7T
FBC8	N420BR	HDJT
FBC9	N420BS	HDJT
FBCA	N420BT	HDJT
FBCD	N420BW	B36T
FBD3	N420CB	MT
FBD4	N420CC	F2TH
FBD5	N420CD	M7
FBD9	N420CH	C25B
FBDA	N420CJ	PC12
FBDC	N420CL	FA50
FBDD	N420CM	C25A
FBDF	N420CP	SR20
FBE1	N420CR	C25A
FBE2	N420CS	C82T
FBE5	N420CV	SF50
FBE7	N420CX	C25A
FBEA	N420D	GLIM
FBEC	N420DB	C441
FBED	N420DC	RS21
FBEE	N420DD	HDJT
FBF0	N420DF	S2P
FBF1	N420DG	PC12
FBF2	N420DH	R66
FBF5	N420DL	C56X
FBFB	N420DS	DA40
FBFC	N420DT	HDJT
FBFF	N420DW	PC12
FC00	N420DX	A339
FC02	N420DZ	C208
FC03	N420E	BE17
FC04	N420EA	HDJT
FC0A	N420EG	C421
FC0B	N420EH	C25A
FC0F	N420EM	BE20
FC13	N420ER	C72R
FC19	N420EX	HDJT
FC1C	N420F	RV4
FC1F	N420FC	C303
FC23	N420FG	HDJT
FC25	N420FJ	TBM9
FC27	N420FL	BE40
FC2A	N420FP	DA40
FC31	N420FW	C82T
FC32	N420FX	E545
FC36	N420GA	B407
FC37	N420GB	LNC2
FC38	N420GC	MD60
FC3A	N420GE	HDJT
FC40	N420GL	CH80
FC42	N420GN	RV4
FC43	N420GP	TBM
FC4A	N420GW	SR22
FC4B	N420GX	PC12
FC50	N420HB	HDJT
FC51	N420HC	SONX
FC5A	N420HM	HDJT
FC5C	N420HP	C82T
FC5E	N420HR	HDJT
FC64	N420HX	HDJT
FC68	N420JA	AS50
FC69	N420JB	SR20
FC6B	N420JD	BE60
FC6E	N420JG	GLF5
FC6F	N420JH	BE33
FC77	N420JR	LNP4
FC81	N420KA	HDJT
FC82	N420KB	M5
FC83	N420KC	C510
FC8C	N420KM	C750
FC91	N420KS	SREY
FC92	N420KT	H500
FC94	N420KV	LJ60
FC95	N420KW	P68
FC97	N420KY	HDJT
FC9A	N420LA	B763
FC9D	N420LD	HDJT
FC9E	N420LE	EN48
FCA1	N420LH	HDJT
FCA3	N420LK	RV10
FCA7	N420LP	RV4
FCAD	N420LV	KR2
FCAE	N420LW	AC90
FCB3	N420MA	C425
FCC0	N420MP	CL30
FCC4	N420MT	HDJT
FCC8	N420MX	HDJT
FCCC	N420NA	UH1
FCCE	N420NC	HDJT
FCCF	N420ND	HDJT
FCD2	N420NG	DA40
FCD3	N420NH	HDJT
FCD4	N420NJ	HDJT
FCD7	N420NM	HDJT
FCDF	N420NV	MD83
FCE0	N420NW	HDJT
FCE6	N420PB	SR20
FCE7	N420PC	C501
FCE8	N420PD	F900
FCEB	N420PG	SSTL
FCEC	N420PH	B407
FCF2	N420PP	HDJT
FCF6	N420PT	COY2
FCF9	N420PW	RV6
FCFB	N420PY	P46T
FCFD	N420Q	K100
FD0E	N420QS	E55P
FD16	N420R	C182
FD18	N420RB	CJ6
FD1F	N420RJ	AVID
FD20	N420RK	T6
FD21	N420RL	B06
FD22	N420RM	P28A
FD24	N420RP	HDJT
FD27	N420RS	LNP4
FD2A	N420RV	RV8
FD2F	N420S	BE56
FD30	N420SA	AT3T
FD33	N420SD	S22T
FD34	N420SE	SR22
FD39	N420SK	CL60
FD3B	N420SM	LJ45
FD3D	N420SP	C172
FD3F	N420SR	SR20
FD41	N420ST	HDJT
FD43	N420SV	FOX
FD49	N420TA	BE20
FD4A	N420TB	LNC4
FD4C	N420TD	DHC1
FD51	N420TJ	E55P
FD5A	N420TT	HDJT
FD61	N420U	C72R
FD62	N420UA	A320
FD69	N420UH	PC12
FD6F	N420UP	B752
FD72	N420US	B734
FD73	N420UT	HDJT
FD7A	N420V	RV6
FD80	N420VF	HDJT
FD8A	N420VR	VR7
FD94	N420WA	C82T
FD96	N420WC	H500
FD98	N420WE	C421
FD99	N420WF	BE40
FD9F	N420WM	RV8
FDA0	N420WN	B737
FDA1	N420WP	M7T
FDA5	N420WT	C240
FDA8	N420WW	PA31
FDB1	N420XE	HDJT
FDB7	N420XL	HDJT
FDC2	N420XX	HDJT
FDC6	N420YA	HIGH
FDD3	N420YP	EXEC
FDDB	N420YX	E75L
FDE0	N420ZB	BE36
FDE5	N420ZG	HDJT
FDF7	N4200	LA4
FDF9	N4200B	P28A
FDFA	N4200C	C421
FDFB	N4200D	BE35
FDFD	N4200F	C172
FDFE	N4200G	AVID
FDFF	N4200H	PA14
FE01	N4200K	C560
FE02	N4200L	C172
FE03	N4200M	PA12
FE06	N4200Q	EXEC
FE08	N4200S	AT5T
FE0A	N4200U	C150
FE0C	N4200W	PA11
FE0D	N4200X	VO10
FE0E	N4200Y	CH7B
FE12	N42002	C182
FE14	N42004	C82S
FE16	N42006	C182
FE17	N42007	C72R
FE19	N42009	J3
FE1C	N4201B	BL17
FE1D	N4201C	C414
FE1E	N4201D	BE35
FE22	N4201H	PA14
FE23	N4201J	P28A
FE24	N4201K	NAVI
FE25	N4201L	M20P
FE27	N4201N	C120
FE29	N4201Q	C172
FE2A	N4201R	PA32
FE2D	N4201U	M20P
FE2E	N4201V	M20P
FE30	N4201X	VO10
FE32	N4201Z	PA18
FE33	N42010	J3
FE35	N42012	J3
FE36	N42013	COUR
FE39	N42016	C182
FE3C	N42019	J3
FE3F	N4202B	DH8D
FE46	N4202J	P28A
FE47	N4202K	NAVI
FE48	N4202L	C72R
FE4B	N4202P	PA23
FE4C	N4202Q	C172
FE4F	N4202T	P28A
FE50	N4202U	C150
FE53	N4202X	VO10
FE54	N4202Y	CH7B
FE55	N4202Z	PA18
FE56	N42020	C182
FE58	N42022	AT6T
FE5A	N42024	C172
FE5B	N42025	C180
FE5C	N42026	C180
FE5D	N42027	C182
FE5F	N42029	J3
FE61	N4203A	BE58
FE62	N4203B	DH8D
FE63	N4203C	PA12
FE66	N4203F	C172
FE68	N4203H	PA14
FE6C	N4203M	PA12
FE6D	N4203N	C140
FE6E	N4203P	C72R
FE6F	N4203Q	C172
FE70	N4203R	PA32
FE71	N4203S	BE36
FE73	N4203U	C150
FE74	N4203V	C170
FE75	N4203W	AT8T
FE76	N4203X	R44
FE78	N4203Z	PA18
FE7B	N42032	C182
FE7C	N42033	C172
FE7D	N42034	J3
FE7E	N42035	C172
FE7F	N42036	C182
FE82	N42039	C182
FE83	N4204	AS50
FE85	N4204B	BL17
FE86	N4204C	GLID
FE88	N4204E	AR11
FE89	N4204F	C172
FE8B	N4204H	PA14
FE8E	N4204L	C172
FE92	N4204Q	SAVG
FE93	N4204R	PA32
FE95	N4204T	P28B
FE98	N4204W	R44
FE99	N4204X	R44
FE9A	N4204Y	BL8
FE9B	N4204Z	PA18
FE9D	N42041	C182
FE9E	N42042	C182
FEA0	N42044	C182
FEA1	N42045	C182
FEA4	N42048	J3
FEA5	N42049	C182
FEA8	N4205B	BL17
FEAB	N4205E	CH7A
FEAC	N4205F	C172
FEAE	N4205H	PA14
FEAF	N4205J	COY2
FEB1	N4205L	C172
FEB3	N4205N	C140
FEB6	N4205R	PA32
FEB8	N4205T	P28A
FEB9	N4205U	C150
FEBA	N4205V	C170
FEBC	N4205X	SS2P
FEBD	N4205Y	CH7A
FEBF	N42050	PA23
FEC0	N42051	C180
FEC1	N42052	J3
FEC4	N42055	C180
FEC7	N42058	C82S
FECF	N4206F	C172
FED0	N4206G	CH70
FED1	N4206H	PA14
FED2	N4206J	P28A
FED7	N4206P	SS2T
FED8	N4206Q	C172
FED9	N4206R	PA32
FEE1	N4206Z	B06
FEE2	N42060	C182
FEE3	N42061	C172
FEE4	N42062	C172
FEE5	N42063	C182
FEE6	N42064	C182
FEE9	N42067	C182
FEEB	N42069	C182
FEEC	N4207	BE18
FEF1	N4207E	PA38
FEF3	N4207G	P28A
FEF4	N4207H	PA14
FEF7	N4207L	C172
FEF8	N4207M	PA12
FEF9	N4207N	C320
FEFE	N4207T	P28A
FF00	N4207V	C170
FF01	N4207W	L39
FF02	N4207X	C337
FF03	N4207Y	CH7B
FF05	N42070	J3
FF06	N42071	J3
FF07	N42072	C182
FF08	N42073	J3
FF09	N42074	J3
FF0B	N42076	PA31
FF0D	N42078	C182
FF0E	N42079	PA31
FF13	N4208D	BE35
FF14	N4208E	CH7A
FF16	N4208G	C172
FF17	N4208H	PA14
FF1A	N4208L	C172
FF1B	N4208M	PA12
FF1F	N4208R	PA32
FF20	N4208S	SS2T
FF25	N4208X	VO10
FF26	N4208Y	BL8
FF29	N42081	J3
FF2A	N42082	C182
FF2B	N42083	J3
FF2C	N42084	C180
FF2E	N42086	AT5T
FF31	N42089	J3
FF33	N4209A	SREY
FF39	N4209G	H500
FF3A	N4209H	PA14
FF3C	N4209K	AR6T
FF3E	N4209M	PA12
FF3F	N4209N	C140
FF40	N4209P	PA23
FF41	N4209Q	C172
FF42	N4209R	PA32
FF47	N4209W	CH70
FF48	N4209X	VO10
FF49	N4209Y	CH7A
FF4A	N4209Z	PA18
FF4B	N42090	J3
FF4C	N42091	J3
FF4D	N42092	J3
FF4F	N42094	C180
FF50	N42095	C172
FF55	N421	C421
FF57	N421AA	C421
FF59	N421AC	M20P
FF5D	N421AG	C421
FF5E	N421AH	C421
FF5F	N421AJ	E50P
FF61	N421AL	GLEX
FF63	N421AN	C421
FF64	N421AP	C421
FF66	N421AR	C421
FF67	N421AS	C421
FF68	N421AT	C421
FF6B	N421AW	C421
FF6E	N421AZ	C421
FF6F	N421B	BE30
FF72	N421BC	C421
FF73	N421BD	C421
FF76	N421BG	G109
FF78	N421BJ	BE95
FF7A	N421BL	DA42
FF7B	N421BM	C421
FF7C	N421BN	C421
FF7D	N421BP	C421
FF7F	N421BR	C421
FF80	N421BS	RV9
FF81	N421BT	RV6
FF83	N421BV	C421
FF88	N421C	SR22
FF89	N421CA	AT5T
FF8A	N421CB	S22T
FF8C	N421CD	SR22
FF8E	N421CF	C421
FF8F	N421CG	C421
FF91	N421CJ	C421
FF92	N421CK	C421
FF93	N421CL	C421
FF96	N421CP	C421
FF97	N421CQ	C421
FF98	N421CR	C421
FF99	N421CS	C82T
FF9A	N421CT	C421
FF9B	N421CU	C421
FF9D	N421CW	C421
FF9E	N421CX	C421
FF9F	N421CY	C421
FFA0	N421CZ	C421
FFA4	N421DC	C421
FFA5	N421DD	HA4T
FFA6	N421DE	C421
FFA7	N421DF	V10
FFA8	N421DG	C421
FFA9	N421DH	C421
FFAB	N421DK	C421
FFAC	N421DL	P28A
FFAD	N421DM	C421
FFAE	N421DN	C421
FFB1	N421DR	C421
FFB2	N421DS	C421
FFB6	N421DW	P28R
FFB7	N421DX	A339
FFBA	N421E	C421
FFBF	N421EE	C421
FFC0	N421EF	GLIM
FFC4	N421EK	HDJT
FFC5	N421EL	C421
FFC6	N421EM	C421
FFC9	N421EQ	C421
FFCA	N421ER	C172
FFCB	N421ES	C421
FFCF	N421EW	C421
FFD2	N421EZ	C421
FFD4	N421FA	C421
FFD5	N421FB	SM19
FFD6	N421FC	C421
FFDF	N421FM	C421
FFE0	N421FN	C421
FFE1	N421FP	C72R
FFE8	N421FW	C82T
FFE9	N421FX	E545
FFEB	N421FZ	C421
FFEC	N421G	C421
FFEE	N421GB	GLIM
FFEF	N421GC	C421
FFF1	N421GE	C421
FFF2	N421GF	C421
FFF3	N421GG	C421
FFF4	N421GH	C421
FFF5	N421GJ	C421
FFF6	N421GK	C421
FFF7	N421GL	C421
FFF8	N421GM	C421
FFF9	N421GN	CAMP
FFFA	N421GP	C421
FFFC	N421GR	C421
FFFD	N421GS	C421
FFFE	N421GT	C421
