0001	N421GW	C421
0006	N421HA	C421
0007	N421HB	DV20
0009	N421HD	C421
000B	N421HF	C421
000C	N421HG	C421
000D	N421HH	C421
000E	N421HJ	RV9
000F	N421HK	R22
0010	N421HL	C421
0011	N421HM	C421
0013	N421HP	C421
0017	N421HT	C421
001D	N421HZ	C421
001F	N421JA	HUSK
0020	N421JB	C550
0021	N421JC	C421
0023	N421JE	C421
0024	N421JF	C421
0026	N421JH	C421
0027	N421JJ	C421
0029	N421JL	C421
002A	N421JM	C421
002B	N421JN	C421
002C	N421JP	C421
002E	N421JR	C421
002F	N421JS	C421
0030	N421JT	C421
0033	N421JW	C421
0037	N421K	FLE2
0038	N421KA	C421
003E	N421KG	C421
0041	N421KK	C421
0043	N421KM	C421
0047	N421KR	C82S
0048	N421KS	C421
0049	N421KT	C421
004E	N421KY	H500
0050	N421L	C421
0051	N421LA	C421
0055	N421LE	C421
0056	N421LF	C421
0057	N421LG	C421
0058	N421LH	C421
0059	N421LJ	BL8
005A	N421LK	C421
005B	N421LL	C421
005F	N421LQ	C421
0062	N421LT	C56X
0064	N421LV	B737
0067	N421LY	C421
0069	N421M	E55P
006A	N421MA	SW4
006B	N421MB	C421
006C	N421MC	C421
006D	N421MD	C421
006E	N421ME	C421
0070	N421MG	C421
0072	N421MJ	P28A
0074	N421ML	C421
0077	N421MP	C25B
0079	N421MR	C421
007C	N421MU	C421
007E	N421MW	C421
0080	N421MY	C421
0083	N421NA	C310
0085	N421NC	UH1
0088	N421NF	C421
0089	N421NG	C421
008D	N421NL	C421
008E	N421NM	T34P
009B	N421P	C421
009C	N421PA	C421
009D	N421PB	EC20
009E	N421PC	PA18
009F	N421PD	C421
00A1	N421PF	C421
00A3	N421PH	B407
00A4	N421PJ	C421
00A6	N421PL	C421
00A9	N421PP	PC12
00AB	N421PR	C421
00AC	N421PS	C421
00AD	N421PT	RV6
00B0	N421PW	BE36
00B3	N421PZ	C421
00B4	N421Q	C421
00B6	N421QB	T6
00C5	N421QS	GLF4
00CA	N421QX	DH8D
00CD	N421R	VTRA
00CE	N421RA	C421
00D0	N421RC	C421
00D1	N421RD	C421
00D3	N421RF	COY2
00D4	N421RG	C421
00D5	N421RH	C421
00D6	N421RJ	C421
00D8	N421RL	C421
00D9	N421RM	C421
00DA	N421RN	C421
00DB	N421RP	C421
00DD	N421RR	C421
00DE	N421RS	C421
00DF	N421RT	RV8
00E1	N421RV	C421
00E2	N421RW	C172
00E3	N421RX	C421
00E7	N421SA	C82T
00E8	N421SB	C421
00E9	N421SC	F2TH
00EB	N421SE	C421
00EC	N421SF	C421
00ED	N421SG	PTS2
00EE	N421SH	C421
00F1	N421SL	GLIM
00F2	N421SM	C421
00F6	N421SR	C421
00F7	N421SS	C421
00F8	N421ST	C421
00FA	N421SV	LJ35
00FB	N421SW	BE33
00FD	N421SY	C208
00FE	N421SZ	GL7T
00FF	N421T	BE35
0100	N421TA	C421
0102	N421TC	C421
0103	N421TD	C421
0104	N421TE	C421
0106	N421TG	C421
0107	N421TH	FOX
010B	N421TM	C421
010D	N421TP	C421
0111	N421TT	C421
0113	N421TV	C421
0114	N421TW	C182
0115	N421TX	C421
0119	N421UA	A320
0120	N421UH	FOX
0126	N421UP	B752
012A	N421UT	C421
012D	N421UW	A21N
0131	N421V	C421
0132	N421VA	C421
0134	N421VC	C421
0137	N421VF	C421
0138	N421VG	C421
013A	N421VJ	C421
013C	N421VL	RV7
0141	N421VR	C421
0142	N421VS	H500
0145	N421VV	C421
014B	N421WA	C421
014D	N421WC	C421
014E	N421WD	C421
014F	N421WE	C421
0153	N421WJ	H500
0154	N421WK	C421
0157	N421WN	C421
0158	N421WP	C421
015B	N421WS	C421
015C	N421WT	C421
016E	N421XL	C421
0175	N421XT	C421
0179	N421XX	C421
017C	N421Y	C182
017E	N421YB	C421
0191	N421YW	C421
0192	N421YX	E75L
0193	N421YY	C421
0195	N421Z	C421
01A1	N421ZM	C421
01AA	N421ZW	CRJ2
01AB	N421ZX	C421
01AD	N421ZZ	C421
01AE	N4210	EN28
01B0	N4210B	BL17
01B2	N4210D	BE35
01B4	N4210F	C172
01B6	N4210H	PA14
01B8	N4210K	NAVI
01BA	N4210M	T206
01BD	N4210Q	C172
01BE	N4210R	PA32
01C2	N4210V	C170
01C5	N4210Y	R44
01C6	N4210Z	PA18
01C7	N42100	C180
01C8	N42101	BE95
01CA	N42103	J3
01CC	N42105	C182
01CE	N42107	J3
01D3	N4211B	BE35
01D4	N4211C	C185
01DA	N4211J	P28A
01DD	N4211M	PA12
01DE	N4211N	C120
01E0	N4211Q	C172
01E1	N4211R	PA32
01E7	N4211X	VO10
01EA	N42110	J3
01EB	N42111	C172
01EE	N42114	BE18
01F1	N42117	C172
01F2	N42118	C77R
01F3	N42119	J3
01F5	N4212A	P32R
01F7	N4212C	RV12
01FC	N4212H	M20P
01FD	N4212J	AT6T
0200	N4212M	PA12
0201	N4212N	C120
0204	N4212R	PA32
0205	N4212S	BE35
0206	N4212T	P28A
020A	N4212X	VO10
020D	N42120	C182
0210	N42123	C180
0211	N42124	C182
0212	N42125	C180
0213	N42126	C172
0216	N42129	J3
0218	N4213A	L39
021A	N4213C	S108
021F	N4213H	PA14
0221	N4213K	NAVI
0223	N4213M	PA12
0224	N4213N	C140
0226	N4213Q	C172
0227	N4213R	PA32
0229	N4213T	P28A
022D	N4213X	R44
022F	N4213Z	T34P
0232	N42132	C182
0234	N42134	C182
0239	N42139	J3
023A	N4214	DSA1
023C	N4214B	BE35
023F	N4214E	AR11
0242	N4214H	PA14
0244	N4214K	NAVI
0246	N4214M	R44
0247	N4214N	C140
0249	N4214Q	C172
024E	N4214V	C170
024F	N4214W	ST75
0250	N4214X	SS2P
0251	N4214Y	CH7A
0253	N42140	J3
0254	N42141	C182
0255	N42142	J3
0257	N42144	J3
0258	N42145	J3
0259	N42146	J3
025B	N42148	C182
025F	N4215B	BE35
0261	N4215D	BE35
0265	N4215H	PA14
0268	N4215L	C172
026E	N4215S	BE33
026F	N4215T	PA32
0270	N4215U	C150
0271	N4215V	C170
0272	N4215W	AT3T
0273	N4215X	SASY
0274	N4215Y	CH7B
0276	N42150	C182
0277	N42151	C182
027A	N42154	C182
027C	N42156	J3
027E	N42158	J3
027F	N42159	C182
0282	N4216B	BE35
0283	N4216C	S108
0289	N4216J	P28A
028A	N4216K	AT3T
028B	N4216L	C172
028F	N4216Q	T206
0290	N4216R	PA32
0292	N4216T	P28A
0293	N4216U	C150
0295	N4216W	AT8T
0297	N4216Y	CH7B
0298	N4216Z	PA18
029B	N42162	J3
029D	N42164	C182
029E	N42165	J3
029F	N42166	J3
02A0	N42167	P28A
02A1	N42168	P28A
02A2	N42169	J3
02A6	N4217C	S108
02A7	N4217D	BE35
02A8	N4217E	CH7A
02AB	N4217H	PA14
02AC	N4217J	P28A
02B1	N4217P	PA23
02B4	N4217S	BE35
02B5	N4217T	P28R
02B8	N4217W	AT6T
02B9	N4217X	SS2T
02BB	N4217Z	PA18
02BC	N42170	J3
02BE	N42172	J3
02C0	N42174	J3
02C1	N42175	C182
02C2	N42176	C182
02C3	N42177	C182
02C4	N42178	T206
02C5	N42179	J3
02C7	N4218A	T34P
02C8	N4218B	BE35
02CA	N4218D	BE35
02CE	N4218H	M20P
02D0	N4218K	R44
02D1	N4218L	C172
02D2	N4218M	PA12
02D4	N4218P	PA23
02D5	N4218Q	C172
02D7	N4218S	UH1
02D8	N4218T	P28A
02D9	N4218U	T206
02DA	N4218V	J3
02DD	N4218Y	PA18
02DF	N42180	J3
02E0	N42181	J3
02E1	N42182	C180
02E2	N42183	J3
02E3	N42184	C182
02E4	N42185	J3
02E7	N42188	C182
02E8	N42189	VP2
02EB	N4219B	BE35
02EC	N4219C	S108
02ED	N4219D	BE35
02EF	N4219F	C172
02F1	N4219H	PA14
02F5	N4219M	AT8T
02FB	N4219T	PA32
02FE	N4219W	AT8T
02FF	N4219X	SS2P
0300	N4219Y	AT8T
0301	N4219Z	PA18
0303	N42191	J3
0304	N42192	J3
0308	N42196	J3
030A	N42198	C182
030C	N422	GLAS
030F	N422AB	KR2
0312	N422AE	B06
0316	N422AJ	LJ45
0317	N422AK	SR22
031A	N422AN	A21N
031D	N422AR	HUSK
031E	N422AS	BE9L
031F	N422AT	BE36
0320	N422AU	SGUP
0321	N422AV	A319
0323	N422AX	B190
0325	N422AZ	TBM7
0326	N422B	C172
0327	N422BA	L13M
0328	N422BB	GLAS
0329	N422BC	C56X
032A	N422BD	C68A
032D	N422BG	GLIM
0330	N422BK	C185
0331	N422BL	DA42
0333	N422BN	B722
0337	N422BS	SR22
0338	N422BT	CL2T
033B	N422BW	C210
0340	N422CA	C212
0341	N422CB	C172
0342	N422CC	HUSK
0343	N422CD	P28A
0346	N422CG	A5
0347	N422CH	HIGH
0348	N422CJ	LGEZ
034B	N422CM	C421
034D	N422CP	CL35
0350	N422CS	H25B
0351	N422CT	B407
0354	N422CW	PA44
0358	N422D	C421
035A	N422DB	BE36
035B	N422DC	BE35
035D	N422DE	ST75
035E	N422DF	S2P
0360	N422DH	MA5
0361	N422DJ	P28B
0368	N422DR	SR22
036A	N422DT	GLID
036D	N422DW	BE55
036E	N422DX	R44
0370	N422DZ	A339
0371	N422E	GLAS
0374	N422EC	VELO
037A	N422EJ	P28A
037B	N422EK	TOBA
037C	N422EL	RV8
037D	N422EM	S22T
037E	N422EN	TB20
0381	N422ER	C172
038A	N422F	R44
0398	N422FP	DA40
03A0	N422FX	E545
03A5	N422GB	P32R
03AB	N422GH	SR22
03AC	N422GJ	MR35
03AE	N422GL	DA42
03AF	N422GM	C421
03B1	N422GP	EXEC
03B3	N422GR	BE35
03BD	N422HA	C172
03C5	N422HJ	NAVI
03D5	N422J	C182
03D7	N422JB	PC12
03D8	N422JC	AT8T
03DB	N422JF	TBM7
03E1	N422JM	SR22
03E3	N422JP	C152
03E5	N422JR	PC12
03EE	N422K	FOX
03EF	N422KA	PA18
03F0	N422KB	C82S
03FC	N422KP	WAIX
0400	N422KT	HDJT
0403	N422KW	FOX
0407	N422L	AVTR
0409	N422LB	P32R
040B	N422LD	SR22
040C	N422LE	RV7
0413	N422LM	SR22
0418	N422LS	C172
0419	N422LT	SR22
0420	N422M	SR20
0421	N422MA	SW4
0423	N422MC	PA32
0424	N422MD	LEG2
0428	N422MH	R22
042B	N422ML	C680
042C	N422MM	BE36
042D	N422MN	T34P
042E	N422MP	CL30
0432	N422MT	C82T
0433	N422MU	PC12
0439	N422N	LGEZ
043A	N422NA	CONI
0444	N422NL	FOX
0445	N422NM	T34P
0447	N422NP	M7
0452	N422P	PA32
0456	N422PD	B412
045A	N422PH	B407
045B	N422PJ	C421
045C	N422PK	RV10
045D	N422PL	SLG4
045E	N422PM	BE9L
0464	N422PT	FDCT
046B	N422Q	TBM7
0477	N422QM	EXEC
047C	N422QS	E55P
0481	N422QX	DH8D
0488	N422RD	AT3T
048B	N422RG	C172
048C	N422RH	B06
048D	N422RJ	SR22
048E	N422RK	T206
0490	N422RM	P28A
0496	N422RT	C180
0498	N422RV	RV6
0499	N422RW	EAGL
049A	N422RX	R44
049D	N422S	GLAS
049E	N422SA	SKAR
049F	N422SB	BE60
04A0	N422SC	P28R
04A1	N422SD	B06
04A5	N422SH	C82T
04A9	N422SM	P28A
04AA	N422SN	SR22
04AB	N422SP	C182
04AD	N422SR	SR22
04AE	N422SS	M20P
04B2	N422SW	T210
04B3	N422SX	S22T
04B6	N422T	SSTL
04B8	N422TB	SR22
04BD	N422TG	C510
04BF	N422TJ	COL4
04C0	N422TK	GLF3
04C7	N422TS	R44
04C8	N422TT	C82R
04CB	N422TW	AT6T
04CF	N422U	P06T
04D0	N422UA	A320
04DD	N422UP	B752
04E8	N422V	BE35
04F0	N422VH	COY2
0502	N422WA	S22T
0508	N422WG	P28A
0509	N422WH	R44
050C	N422WL	EXEC
050E	N422WN	B737
0513	N422WT	S22T
0533	N422Y	SREY
0549	N422YX	E75L
0567	N4220B	BE35
056B	N4220F	C172
056C	N4220G	M7
056D	N4220H	M20P
056E	N4220J	P28A
0570	N4220L	C172
0572	N4220N	C140
0574	N4220Q	C185
0575	N4220R	PA32
0577	N4220T	PA32
0579	N4220V	C170
057A	N4220W	AT5T
057B	N4220X	AVID
057D	N4220Z	PA18
057E	N42200	J3
057F	N42201	J3
0580	N42202	C182
0582	N42204	C182
0583	N42205	J3
0584	N42206	C182
0585	N42207	J3
0586	N42208	C182
0587	N42209	C182
0588	N4221	C72R
058B	N4221C	S108
058D	N4221E	CH7A
0591	N4221J	P28A
0593	N4221L	C172
0597	N4221Q	C172
0599	N4221S	AT8T
059A	N4221T	P28A
059B	N4221U	C150
059C	N4221V	C170
05A0	N4221Z	PA18
05A2	N42211	J3
05A3	N42212	C172
05A5	N42214	J3
05A9	N42218	J3
05AA	N42219	C182
05AC	N4222A	B190
05AE	N4222C	S108
05B0	N4222E	AR11
05B1	N4222F	C172
05B3	N4222H	M20P
05B4	N4222J	P28A
05B6	N4222L	C172
05B7	N4222M	PA12
05BA	N4222Q	C172
05BC	N4222S	AT3T
05C4	N42220	J3
05C6	N42222	J3
05CA	N42226	J3
05CD	N42229	J3
05CF	N4223A	P51
05D0	N4223B	BE35
05D3	N4223E	CH7A
05D5	N4223G	AT5T
05D7	N4223J	P28A
05D9	N4223L	C172
05DA	N4223M	PA12
05DB	N4223N	C140
05DC	N4223P	RS12
05DF	N4223S	J3
05E2	N4223V	C170
05E3	N4223W	KR2
05E4	N4223X	SS2P
05E6	N4223Z	PA18
05E9	N42232	C182
05ED	N42236	RAF2
05F0	N42239	PA11
05F1	N4224	GLST
05F5	N4224D	BE35
05F9	N4224H	C152
05FB	N4224K	NAVI
05FD	N4224M	PA12
05FE	N4224N	M20P
0600	N4224Q	C172
0601	N4224R	PA32
0603	N4224T	P28A
0607	N4224X	SS2P
060B	N42241	P28A
060C	N42242	C182
060D	N42243	CRER
060F	N42245	J3
0611	N42247	C180
0616	N4225B	BE35
061A	N4225F	S2P
061F	N4225L	C172
0621	N4225N	C82S
0623	N4225Q	C172
0626	N4225T	P28A
0628	N4225V	C170
062E	N42251	C182
0630	N42253	J3
0634	N42257	J3
063B	N4226D	BE35
063C	N4226E	AR11
063F	N4226H	PA14
0640	N4226J	RV4
0641	N4226K	NAVI
0642	N4226L	C172
0643	N4226M	PA12
0646	N4226Q	T206
0647	N4226R	PA32
0649	N4226T	P28A
064A	N4226U	C150
0651	N42261	C182
0652	N42262	C182
0653	N42263	J3
0655	N42265	J3
0657	N42267	C182
0659	N42269	M7
065F	N4227E	B06
0662	N4227H	M20P
0663	N4227J	P28A
0664	N4227K	RV3
0665	N4227L	C172
0666	N4227M	PA12
0669	N4227Q	C172
066D	N4227U	BLKS
066E	N4227V	C170
0672	N4227Z	PA18
0675	N42272	CH7A
0676	N42273	C82S
0677	N42274	J3
0678	N42275	C182
067A	N42277	J3
067B	N42278	C182
067C	N42279	C182
067F	N4228B	BE35
0680	N4228C	C414
0683	N4228F	C172
068C	N4228Q	C172
068D	N4228R	PA32
068F	N4228T	PA32
0693	N4228X	SS2P
0695	N4228Z	PA18
0696	N42280	C182
0699	N42283	J3
069B	N42285	C182
069C	N42286	J3
069D	N42287	C182
06A1	N4229A	B47G
06A6	N4229F	C172
06A8	N4229H	PA14
06AA	N4229K	NAVI
06AC	N4229M	PA12
06AD	N4229N	C140
06B2	N4229T	P28A
06B4	N4229V	C170
06B8	N4229Z	PA18
06BA	N42291	C182
06BB	N42292	C172
06BC	N42293	C182
06BE	N42295	C182
06BF	N42296	C182
06C0	N42297	J3
06C1	N42298	J3
06C3	N423	AA5
06C4	N423A	CH70
06C6	N423AB	DA40
06C7	N423AC	PA31
06C9	N423AE	B06
06CB	N423AG	MT
06CE	N423AK	CL60
06D1	N423AN	A21N
06D5	N423AS	B739
06D6	N423AT	AC11
06D9	N423AW	CRJ2
06DA	N423AX	B763
06DD	N423B	BE35
06DE	N423BA	L13M
06DF	N423BB	C25B
06E0	N423BC	BE30
06E1	N423BD	SR22
06E2	N423BE	S22T
06E9	N423BM	PA32
06F2	N423BW	B36T
06F6	N423C	S108
06F9	N423CC	P28R
06FC	N423CF	RV10
0700	N423CK	PA44
0701	N423CL	BE58
0702	N423CM	C206
0703	N423CN	PA11
0704	N423CP	SR22
0707	N423CS	C25B
070B	N423CW	PA44
070E	N423CZ	COZY
0711	N423DB	MU2
0719	N423DK	C182
071B	N423DM	P28A
0720	N423DS	CH60
0724	N423DW	RV4
0725	N423DX	A339
0730	N423EH	SF50
0734	N423EM	BE20
0738	N423ER	C172
073F	N423EY	SAKO
074C	N423FL	P28A
074F	N423FP	DA40
0757	N423FX	E545
077D	N423HK	C560
077E	N423HL	CH75
078C	N423J	GLAS
078D	N423JA	RV6
078E	N423JB	RW26
078F	N423JC	P28A
0790	N423JD	E300
0793	N423JG	CL30
0796	N423JK	BE36
079E	N423JT	PA46
07A5	N423K	EFOX
07A8	N423KC	EDGE
07B7	N423KT	PC12
07BE	N423L	SRAI
07C1	N423LC	GLAS
07C9	N423LL	C182
07D8	N423MA	SW4
07DA	N423MC	TBM9
07DB	N423MD	BE35
07DE	N423MG	PC12
07F0	N423N	E55P
07F5	N423NE	C25C
07FC	N423NM	EC35
0804	N423NV	MD83
0809	N423P	BE36
080A	N423PA	P28A
080C	N423PC	DV20
0811	N423PH	GLID
0812	N423PJ	SF50
0815	N423PM	R44
0817	N423PP	A600
081A	N423PS	M20P
081E	N423PW	CC19
0833	N423QS	E55P
0838	N423QX	DH8D
083B	N423R	P32R
083D	N423RB	C340
083E	N423RC	T206
0842	N423RG	LNCE
0843	N423RH	C337
0844	N423RJ	SREY
0847	N423RM	P28A
084C	N423RS	CAT
084F	N423RV	RV4
0854	N423S	PA34
0855	N423SA	PC12
0857	N423SC	C172
085B	N423SG	H25B
085E	N423SK	P3
0862	N423SP	C172
0864	N423SR	SR22
0866	N423ST	SRAI
0869	N423SW	CRJ2
086D	N423T	FBA2
086E	N423TA	C82S
0876	N423TJ	BE9L
0879	N423TM	C421
0887	N423UA	A320
0894	N423UP	B752
08B9	N423WA	PC12
08C5	N423WN	B737
08CA	N423WT	RV9
08EA	N423Y	BE35
0900	N423YX	E75L
0903	N423Z	TB21
091E	N4230B	BE35
0920	N4230D	BE35
0922	N4230F	C172
0924	N4230H	R44
0925	N4230J	P28A
0926	N4230K	NAVI
092B	N4230Q	C172
0932	N4230X	S51
0934	N4230Z	PA18
0935	N42300	C182
0936	N42301	CH20
0937	N42302	J3
0938	N42303	J3
0939	N42304	C182
093A	N42305	C180
093B	N42306	C182
0944	N4231E	AR11
0948	N4231J	P28A
094A	N4231L	C172
094B	N4231M	PA12
094C	N4231N	C120
094E	N4231Q	AVID
094F	N4231R	PA32
0953	N4231V	PA31
0958	N42310	C172
0959	N42311	C182
095B	N42313	C182
095C	N42314	C182
095E	N42316	J3
0960	N42318	PA11
0966	N4232D	BE35
0967	N4232E	AR11
0968	N4232F	P28A
096A	N4232H	M20P
096B	N4232J	P28A
096E	N4232M	PA12
096F	N4232N	C120
0971	N4232Q	C185
0974	N4232T	P28B
0976	N4232V	C170
097C	N42321	RV4
097E	N42323	C182
0980	N42325	C182
0981	N42326	C182
0983	N42328	C182
0988	N4233C	GLAS
0989	N4233D	BE35
098D	N4233H	PA14
098E	N4233J	CH70
0990	N4233L	C172
0991	N4233M	PA12
0994	N4233Q	C172
0995	N4233R	PA32
0997	N4233T	ACR2
099D	N4233Z	PA18
099E	N42330	J3
09A0	N42332	J3
09A2	N42334	J3
09A3	N42335	C182
09AA	N4234B	BE35
09B0	N4234H	M20P
09B1	N4234J	P28A
09B5	N4234N	C170
09B7	N4234Q	C172
09BA	N4234T	P28A
09BB	N4234U	C150
09C0	N4234Z	PA18
09C1	N42340	J3
09C4	N42343	J3
09C5	N42344	CH7A
09C6	N42345	J3
09C7	N42346	J3
09C8	N42347	J3
09CA	N42349	C182
09CC	N4235A	FB1A
09CE	N4235C	C414
09D1	N4235F	C172
09D3	N4235H	M20P
09D4	N4235J	P28A
09D6	N4235L	C172
09DB	N4235R	M7
09DE	N4235U	C150
09E2	N4235Y	P51
09E3	N4235Z	V1
09E5	N42351	J3
09E9	N42355	J3
09EC	N42358	P28A
09ED	N42359	C180
09F0	N4236B	BE35
09F2	N4236D	BE35
09F3	N4236E	CH7A
09F9	N4236L	C172
09FA	N4236M	PA12
09FB	N4236N	C120
09FC	N4236P	PA24
09FD	N4236Q	C185
0A02	N4236V	C170
0A04	N4236X	SS2P
0A06	N4236Z	PA18
0A08	N42361	C172
0A09	N42362	PA22
0A0A	N42363	P28A
0A0B	N42364	C182
0A0C	N42365	MA5
0A0F	N42368	C182
0A10	N42369	C182
0A13	N4237B	BE35
0A14	N4237C	C414
0A16	N4237E	CH7A
0A17	N4237F	C172
0A19	N4237H	PA14
0A1A	N4237J	P28A
0A1D	N4237M	B06
0A23	N4237T	P28A
0A24	N4237U	C150
0A25	N4237V	UH1
0A27	N4237X	R44
0A2A	N42370	J3
0A2B	N42371	C182
0A30	N42376	C180
0A33	N42379	C182
0A35	N4238A	NAVI
0A37	N4238C	CP10
0A39	N4238E	AR11
0A3A	N4238F	P28A
0A3C	N4238H	R44
0A40	N4238M	PA12
0A43	N4238Q	C172
0A44	N4238R	PA32
0A46	N4238T	P28A
0A48	N4238V	C170
0A4D	N42380	C182
0A4E	N42381	C182
0A4F	N42382	C182
0A51	N42384	J3
0A53	N42386	J3
0A54	N42387	C182
0A55	N42388	M7
0A58	N4239A	P32R
0A5D	N4239F	C172
0A5F	N4239H	M20P
0A64	N4239N	C140
0A65	N4239P	PA23
0A66	N4239Q	C172
0A67	N4239R	PA32
0A6A	N4239U	C150
0A6C	N4239W	M7
0A6D	N4239X	SS2P
0A6F	N4239Z	PA18
0A70	N42390	J3
0A72	N42392	J3
0A73	N42393	J3
0A74	N42394	J3
0A76	N42396	CP10
0A77	N42397	C182
0A79	N42399	J3
0A7A	N424	P337
0A7B	N424A	BL8
0A7C	N424AA	MD82
0A7E	N424AC	CH7B
0A7F	N424AD	C207
0A80	N424AE	B06
0A81	N424AF	C337
0A82	N424AG	C208
0A84	N424AJ	CRER
0A85	N424AK	J3
0A87	N424AM	DA42
0A88	N424AN	A21N
0A8D	N424AT	SR22
0A90	N424AW	CRJ2
0A91	N424AX	SR22
0A94	N424B	BE35
0A96	N424BB	SR22
0A97	N424BC	C172
0A98	N424BD	SR22
0A9A	N424BF	CRUZ
0A9B	N424BG	GLID
0A9C	N424BH	P32R
0A9D	N424BJ	EXEC
0AA6	N424BT	BE40
0AA9	N424BW	RV8
0AAB	N424BY	PA25
0AAD	N424C	S108
0AAE	N424CA	C212
0AAF	N424CB	C182
0AB1	N424CD	SR20
0AB5	N424CH	COL3
0AB7	N424CK	SR22
0AB9	N424CM	C25C
0ABB	N424CP	BE9T
0ABD	N424CR	R44
0ABF	N424CT	E35L
0AC2	N424CW	C510
0AC8	N424DB	GLIM
0ACC	N424DF	S2P
0ACE	N424DH	LNC2
0AD2	N424DM	TEX2
0AD6	N424DR	SONX
0AD7	N424DS	VELO
0ADC	N424DX	A339
0AE0	N424EA	GLF5
0AE6	N424EG	SR22
0AE9	N424EK	C82S
0AEB	N424EM	BE9L
0AED	N424EP	R44
0AEF	N424ER	C172
0AF7	N424EZ	VEZE
0AF9	N424FA	T206
0B01	N424FJ	D328
0B03	N424FL	P28A
0B06	N424FP	DA40
0B0E	N424FX	E545
0B11	N424G	S22T
0B2E	N424HD	PZ4M
0B38	N424HP	BOLT
0B43	N424J	PA46
0B45	N424JB	BE33
0B47	N424JD	RV7
0B4D	N424JK	RV9
0B53	N424JR	WW24
0B54	N424JS	GLF4
0B5C	N424K	FLE7
0B5F	N424KC	M20P
0B6E	N424KT	DHC3
0B78	N424LC	C130
0B7B	N424LF	B407
0B7E	N424LJ	LJ60
0B80	N424LL	LEG2
0B83	N424LP	LGEZ
0B86	N424LS	C77R
0B8F	N424MA	SW4
0B93	N424ME	C340
0B97	N424MJ	PA34
0B98	N424MK	C152
0B9A	N424MM	ALIG
0B9C	N424MP	CL35
0BA0	N424MT	B407
0BA8	N424NA	UH1
0BAA	N424NC	WACF
0BB3	N424NM	BE18
0BB9	N424NT	C182
0BBB	N424NV	MD83
0BC1	N424PA	P28A
0BC2	N424PB	PC12
0BC3	N424PC	C340
0BC5	N424PE	C172
0BC8	N424PH	B407
0BC9	N424PJ	B429
0BCC	N424PM	P46T
0BD1	N424PS	C182
0BD2	N424PT	COZY
0BD6	N424PX	GLF4
0BD9	N424Q	BE58
0BEA	N424QS	E55P
0BF2	N424R	SBR2
0BF3	N424RA	SF50
0BF5	N424RC	C185
0BF6	N424RD	PA18
0BF7	N424RE	C172
0BFA	N424RH	R22
0BFC	N424RK	AC50
0BFE	N424RM	P32R
0C00	N424RP	DA42
0C06	N424RV	RV12
0C07	N424RW	LGEZ
0C0C	N424SA	CH7B
0C0D	N424SB	M20P
0C0E	N424SC	C177
0C10	N424SE	MUS2
0C11	N424SF	R22
0C12	N424SG	P46T
0C13	N424SH	R44
0C15	N424SK	BE40
0C17	N424SM	EVOP
0C19	N424SP	GLAS
0C1B	N424SR	SR22
0C1D	N424ST	C82T
0C1F	N424SV	M7
0C20	N424SW	SR22
0C21	N424SX	SONX
0C24	N424T	BE35
0C2B	N424TG	LJ45
0C2C	N424TH	BU31
0C2D	N424TJ	H25B
0C32	N424TP	P32R
0C34	N424TR	C82T
0C36	N424TT	BE20
0C38	N424TV	C25A
0C3D	N424U	F900
0C3E	N424UA	A320
0C4B	N424UP	B752
0C4E	N424US	B734
0C56	N424V	HIGH
0C6F	N424W	C172
0C72	N424WC	H500
0C73	N424WD	FDCT
0C76	N424WG	BD4
0C77	N424WH	C82S
0C7B	N424WM	C172
0C7C	N424WN	B737
0C81	N424WT	PA34
0C88	N424X	SR22
0C8B	N424XC	PA34
0C91	N424XJ	SF34
0CA1	N424Y	PA11
0CB7	N424YX	E75L
0CBA	N424Z	CH70
0CD5	N4240B	BE35
0CD7	N4240D	BE35
0CDB	N4240H	PA14
0CDC	N4240J	P28A
0CE0	N4240N	C140
0CE2	N4240Q	C172
0CE3	N4240R	MRAI
0CE5	N4240T	P28A
0CE6	N4240U	C150
0CE7	N4240V	C170
0CE9	N4240X	M7
0CEB	N4240Z	PA18
0CEC	N42400	C182
0CED	N42401	C180
0CF0	N42404	P28A
0CF3	N42407	J3
0CF5	N42409	C182
0CF6	N4241	G164
0CF8	N4241B	BL17
0CFA	N4241D	BE35
0CFC	N4241F	C172
0CFE	N4241H	PA14
0CFF	N4241J	P28A
0D00	N4241K	NAVI
0D01	N4241L	C172
0D02	N4241M	PA12
0D06	N4241R	PA32
0D0F	N42410	J3
0D11	N42412	J3
0D14	N42415	CP10
0D16	N42417	J3
0D1B	N4242B	BE35
0D1D	N4242D	BE35
0D1E	N4242E	AR11
0D1F	N4242F	C172
0D20	N4242G	BL8
0D21	N4242H	C140
0D23	N4242K	NAVI
0D24	N4242L	C172
0D25	N4242M	C120
0D29	N4242R	RV6
0D31	N4242Z	PA18
0D33	N42421	C182
0D35	N42423	J3
0D36	N42424	C182
0D3B	N42429	DG15
0D3E	N4243B	BL17
0D45	N4243J	P28A
0D47	N4243L	C172
0D4A	N4243P	PA23
0D4D	N4243S	FOX
0D4E	N4243T	RV9
0D4F	N4243U	C150
0D54	N4243Z	PA18
0D56	N42431	J3
0D57	N42432	J3
0D58	N42433	J3
0D5B	N42436	J3
0D5D	N42438	J3
0D5E	N42439	J3
0D5F	N4244	G164
0D60	N4244A	CH7A
0D61	N4244B	BE35
0D62	N4244C	C82R
0D63	N4244D	BE35
0D64	N4244E	AR11
0D65	N4244F	AT8T
0D67	N4244H	M20P
0D69	N4244K	NAVI
0D6A	N4244L	M7
0D6D	N4244P	AT8T
0D6E	N4244Q	C172
0D70	N4244S	T206
0D76	N4244Y	M7
0D78	N42440	J3
0D79	N42441	C182
0D7A	N42442	J3
0D7B	N42443	J3
0D7D	N42445	J3
0D7E	N42446	J3
0D7F	N42447	J3
0D80	N42448	J3
0D83	N4245A	BE35
0D85	N4245C	C82R
0D8A	N4245H	PA14
0D8D	N4245L	C172
0D8E	N4245M	PA12
0D8F	N4245N	C140
0D92	N4245R	M7
0D94	N4245T	P28A
0D9D	N42452	J3
0D9E	N42453	J3
0DA0	N42455	J3
0DA1	N42456	J3
0DA3	N42458	J3
0DA4	N42459	J3
0DA7	N4246B	IS28
0DA8	N4246C	C82R
0DA9	N4246D	BE35
0DAA	N4246E	AR11
0DAD	N4246H	PA14
0DAE	N4246J	P28A
0DB1	N4246M	CH75
0DB3	N4246P	J3
0DB9	N4246V	C170
0DBE	N42460	C182
0DBF	N42461	C182
0DC0	N42462	J3
0DC1	N42463	J3
0DC2	N42464	C180
0DC3	N42465	C182
0DC6	N42468	J3
0DCC	N4247D	BE35
0DCD	N4247E	RV12
0DD0	N4247H	M20P
0DDB	N4247U	AT8T
0DDC	N4247V	S58T
0DE0	N4247Z	PA18
0DE2	N42471	C182
0DE7	N42476	J3
0DE8	N42477	P28A
0DE9	N42478	J3
0DEA	N42479	J3
0DED	N4248B	BE35
0DEE	N4248C	C82R
0DEF	N4248D	BE35
0DF1	N4248F	C172
0DF3	N4248H	M20P
0DF4	N4248J	P28A
0DF5	N4248K	NAVI
0DF6	N4248L	C182
0DF7	N4248M	PA12
0DF8	N4248N	C140
0DF9	N4248P	PA23
0DFA	N4248Q	C172
0DFD	N4248T	P28A
0DFE	N4248U	C150
0E04	N42480	J3
0E05	N42481	J3
0E06	N42482	C182
0E08	N42484	C182
0E09	N42485	C182
0E0A	N42486	C180
0E12	N4249D	M7
0E13	N4249E	AR11
0E16	N4249H	PA14
0E19	N4249L	C172
0E1A	N4249M	PA12
0E20	N4249T	P28A
0E26	N4249Z	PA18
0E29	N42492	C182
0E2A	N42493	J3
0E2B	N42494	J3
0E2E	N42497	J3
0E2F	N42498	J3
0E31	N425	G2T1
0E32	N425A	LNC2
0E33	N425AA	P28A
0E36	N425AD	C425
0E3A	N425AH	PA12
0E3B	N425AJ	P28A
0E3C	N425AK	HUSK
0E3D	N425AL	C425
0E3E	N425AM	EC30
0E3F	N425AN	A21N
0E42	N425AR	C425
0E43	N425AS	LJ35
0E47	N425AW	CRJ2
0E4A	N425AZ	CRUZ
0E4C	N425BA	C425
0E4D	N425BB	BL17
0E51	N425BF	AT5T
0E52	N425BG	G109
0E54	N425BJ	BE40
0E56	N425BL	C425
0E57	N425BM	C425
0E59	N425BP	BE20
0E5C	N425BS	C425
0E5F	N425BV	SR22
0E64	N425C	S108
0E65	N425CA	AEST
0E66	N425CB	P28A
0E67	N425CC	C425
0E68	N425CD	SR22
0E69	N425CE	BRAV
0E6A	N425CF	C425
0E6B	N425CG	SR22
0E6C	N425CH	PA32
0E6F	N425CL	C425
0E72	N425CP	C172
0E73	N425CQ	C425
0E7D	N425D	C425
0E7F	N425DB	C172
0E80	N425DC	C425
0E81	N425DD	C425
0E83	N425DF	S2P
0E84	N425DG	RV7
0E85	N425DH	C425
0E87	N425DK	C425
0E88	N425DL	C72R
0E8B	N425DP	P28R
0E8D	N425DR	C425
0E8E	N425DS	EXEC
0E8F	N425DT	AC90
0E93	N425DX	A339
0E96	N425E	C425
0E9A	N425ED	DR1
0E9F	N425EJ	C82T
0EA2	N425EM	C425
0EA6	N425ER	C172
0EA7	N425ES	C425
0EA8	N425ET	C425
0EAA	N425EV	PC12
0EAB	N425EW	MU2
0EAE	N425EZ	C425
0EAF	N425F	C425
0EB2	N425FC	RV6
0EB8	N425FJ	D328
0EB9	N425FK	DR1
0EBA	N425FL	P28A
0EBD	N425FP	DA40
0EC5	N425FX	CL30
0EC7	N425FZ	C425
0ECA	N425GB	RV8
0ECB	N425GC	C425
0ED9	N425GS	LJ60
0EDA	N425GT	C550
0EE1	N425H	PA46
0EE2	N425HA	P32R
0EE3	N425HB	C425
0EE5	N425HD	C425
0EEA	N425HJ	C425
0EF2	N425HS	CC11
0EFA	N425J	BE95
0EFB	N425JA	SR22
0EFC	N425JB	C425
0EFD	N425JC	B06
0EFE	N425JD	WAIX
0EFF	N425JE	C425
0F01	N425JG	C425
0F02	N425JH	C425
0F04	N425JK	RAF2
0F08	N425JP	C425
0F0A	N425JR	GALX
0F0C	N425JT	C425
0F0E	N425JV	P28R
0F13	N425K	P28R
0F14	N425KA	C82R
0F15	N425KB	T210
0F16	N425KC	C425
0F17	N425KD	C425
0F18	N425KE	C425
0F1D	N425KK	C425
0F20	N425KN	C750
0F21	N425KP	C82T
0F24	N425KS	C425
0F25	N425KT	LGEZ
0F28	N425KW	RV9
0F2D	N425LA	C425
0F2F	N425LC	C425
0F34	N425LH	C208
0F3D	N425LS	G164
0F40	N425LV	B737
0F45	N425M	LJ45
0F46	N425MA	SW4
0F47	N425MB	C182
0F4B	N425MF	C421
0F4C	N425MG	BE35
0F4D	N425MH	SR22
0F4F	N425MK	C152
0F50	N425ML	C425
0F56	N425MS	SR22
0F57	N425MT	SR22
0F5F	N425NA	EC35
0F61	N425NC	C425
0F6A	N425NM	EDGT
0F6C	N425NP	C425
0F77	N425P	BE36
0F78	N425PA	P28A
0F7B	N425PD	B06
0F7E	N425PG	C425
0F7F	N425PH	B407
0F80	N425PJ	C425
0F81	N425PK	C82T
0F87	N425PR	C182
0FA1	N425QS	GLF4
0FA9	N425R	RV4
0FAA	N425RA	C425
0FAB	N425RB	C182
0FAE	N425RE	C425
0FAF	N425RF	C425
0FB0	N425RG	C340
0FB5	N425RM	C425
0FB9	N425RR	PAY3
0FBB	N425RT	TB21
0FBD	N425RV	RV7
0FBE	N425RW	R44
0FC4	N425SB	C425
0FC8	N425SF	C425
0FCB	N425SJ	SR20
0FCE	N425SM	RV12
0FD2	N425SR	C425
0FD4	N425ST	C550
0FD7	N425SW	S22T
0FD8	N425SX	C425
0FDB	N425T	BE35
0FDC	N425TA	C182
0FE1	N425TF	C425
0FE4	N425TJ	C425
0FE7	N425TM	GLF5
0FE9	N425TP	C425
0FEB	N425TR	C550
0FEC	N425TS	C25B
0FED	N425TT	C425
0FF0	N425TW	C425
0FF1	N425TX	C425
0FF5	N425UA	A320
1002	N425UP	B752
1009	N425UW	SREY
100D	N425V	VTUR
1028	N425WB	C425
1029	N425WC	H500
102A	N425WD	C425
102C	N425WF	C425
102D	N425WG	C425
102E	N425WH	C25A
1031	N425WL	C425
1038	N425WT	C425
103F	N425X	C425
104D	N425XP	C425
1058	N425Y	C425
1061	N425YJ	JAB4
1063	N425YL	YL15
106E	N425YX	E75L
1071	N425Z	C425
1089	N425ZZ	SR22
108A	N4250	PA24
108B	N4250A	B47G
108C	N4250B	BE35
1092	N4250H	PA14
1093	N4250J	P28A
1095	N4250L	C172
1099	N4250Q	C172
109A	N4250R	PA32
109C	N4250T	P28A
109D	N4250U	C150
109E	N4250V	C170
10A0	N4250X	SS2P
10A3	N42500	J3
10A4	N42501	J3
10A5	N42502	PA18
10A7	N42504	C182
10A8	N42505	AT6T
10A9	N42506	J3
10AB	N42508	M7
10AD	N4251	C170
10AF	N4251B	BE35
10B2	N4251E	PA38
10B3	N4251F	QUIC
10B5	N4251H	M7
10B6	N4251J	P28A
10B7	N4251K	NAVI
10B9	N4251M	PA12
10BB	N4251P	M7
10BF	N4251T	C421
10C5	N4251Z	PA18
10C6	N42510	C182
10C7	N42511	J3
10C8	N42512	J3
10CA	N42514	C182
10CC	N42516	J3
10CE	N42518	C182
10CF	N42519	C182
10D0	N4252	ST75
10D2	N4252B	BE35
10D4	N4252D	BE35
10D8	N4252H	PA14
10DB	N4252L	C172
10DC	N4252M	PA12
10DD	N4252N	C120
10DF	N4252Q	P28A
10E1	N4252S	M7
10E2	N4252T	P28A
10E3	N4252U	PA23
10E4	N4252V	C170
10E8	N4252Z	PA18
10E9	N42520	C182
10EA	N42521	C182
10EB	N42522	J3
10EC	N42523	J3
10EE	N42525	C182
10EF	N42526	C180
10F2	N42529	M7
10F3	N4253	SA11
10F4	N4253A	M7
10F8	N4253E	AR11
1101	N4253P	PA23
1102	N4253Q	C172
1105	N4253T	P28A
1106	N4253U	C150
110E	N42532	J3
1111	N42535	J3
1112	N42536	C180
1114	N42538	C182
1115	N42539	C182
1117	N4254A	UH12
1118	N4254B	BE35
111A	N4254D	BE35
111B	N4254E	CH7A
111C	N4254F	C172
111D	N4254G	R44
111E	N4254H	C123
1120	N4254K	NAVI
1124	N4254P	PA23
1126	N4254R	PA32
1128	N4254T	P28A
112A	N4254V	C170
112E	N4254Z	PA18
1132	N42543	C182
1133	N42544	J3
1134	N42545	J3
1135	N42546	C182
1138	N42549	C182
113D	N4255D	BE35
114A	N4255S	B58T
114B	N4255T	P28A
1150	N4255Y	RLU1
1151	N4255Z	PA18
1152	N42550	C182
1156	N42554	C182
1157	N42555	J3
1158	N42556	C182
1159	N42557	J3
115A	N42558	J3
115B	N42559	J3
1160	N4256D	BE35
1161	N4256E	CH7A
1162	N4256F	P28A
1164	N4256H	M20P
1167	N4256L	C172
1168	N4256M	PA12
116B	N4256Q	C172
116E	N4256T	P28A
116F	N4256U	C150
1175	N42560	C182
1176	N42561	J3
1179	N42564	C182
117A	N42565	C182
117C	N42567	C182
117D	N42568	J3
117F	N4257	CB1
1180	N4257A	M7
1181	N4257B	BE35
1183	N4257D	BE35
1187	N4257H	PA14
1188	N4257J	P28A
118B	N4257M	PA12
118C	N4257N	C120
1190	N4257S	BE36
1197	N4257Z	PA18
1199	N42571	J3
119C	N42574	J3
119E	N42576	C182
119F	N42577	C182
11A0	N42578	C182
11A5	N4258C	C310
11A6	N4258D	BE35
11A7	N4258E	AR11
11A8	N4258F	C82S
11AA	N4258H	M20P
11AB	N4258J	P28A
11AC	N4258K	MRAI
11BB	N42580	C182
11BC	N42581	J3
11BF	N42584	J3
11C0	N42585	J3
11C1	N42586	J3
11C4	N42589	C180
11C7	N4259B	BE35
11CB	N4259F	C172
11CD	N4259H	PA14
11D0	N4259L	C172
11D1	N4259M	PA12
11D2	N4259N	C140
11D3	N4259P	PA23
11D5	N4259R	PA32
11D9	N4259V	C170
11DD	N4259Z	M7
11DE	N42590	AT6T
11DF	N42591	C182
11E0	N42592	C560
11E1	N42593	J3
11E2	N42594	C182
11E4	N42596	J3
11E5	N42597	M7
11E6	N42598	C182
11E7	N42599	C182
11E8	N426	HUSK
11EA	N426AA	MD82
11EC	N426AC	BL8
11EE	N426AE	B06
11F0	N426AG	SRAI
11F6	N426AN	A21N
11FA	N426AS	C206
11FD	N426AV	A320
11FE	N426AW	CRJ2
1202	N426B	BE35
1203	N426BA	GLID
1204	N426BB	CRER
1205	N426BC	K100
120B	N426BJ	C172
121B	N426C	TBM8
121C	N426CA	C212
121D	N426CB	EA50
121E	N426CC	PA11
1221	N426CF	J3
1223	N426CH	C56X
1227	N426CM	C750
1229	N426CP	C172
122D	N426CT	R44
1230	N426CW	PC12
1236	N426DB	R44
1237	N426DC	MR35
1238	N426DD	BE58
123A	N426DF	S2P
123C	N426DH	HDJT
123D	N426DJ	SR22
123F	N426DL	C72R
124C	N426DZ	A339
1251	N426ED	C25A
1256	N426EJ	C750
1259	N426EM	BE9L
125B	N426EP	C72R
125D	N426ER	ECHO
125E	N426ES	C72R
126B	N426FE	A310
127C	N426FX	E545
127F	N426G	H269
1290	N426GS	COL4
1294	N426GW	SR22
1298	N426H	RV8
1299	N426HA	B06
129B	N426HC	ONEX
129E	N426HF	UH1
12A1	N426HJ	HDJT
12A3	N426HL	C172
12B3	N426JB	CRER
12B8	N426JG	C172
12BB	N426JK	R44
12BD	N426JM	RV6
12C2	N426JS	BE20
12C3	N426JT	ACR2
12D0	N426KF	RV7
12D6	N426KM	C208
12E0	N426KX	BE35
12E4	N426LA	AT8T
12E5	N426LB	CH60
12EC	N426LJ	C402
12EE	N426LL	CH70
12EF	N426LM	TBM7
12F1	N426LP	C172
12FD	N426MA	SW4
12FE	N426MB	C185
12FF	N426MC	C172
1305	N426MJ	H25B
130A	N426MP	CL35
1316	N426NA	P3
1318	N426NC	RV8
1326	N426NS	C25B
1329	N426NV	MD83
132F	N426PA	P28A
1331	N426PC	DV20
1334	N426PF	CL60
1336	N426PH	B407
1337	N426PJ	B429
1338	N426PK	RV9
133E	N426PR	P32R
133F	N426PS	CRUZ
1340	N426PT	BE36
1343	N426PW	C82T
1348	N426QA	P51
1358	N426QS	E55P
135D	N426QX	DH8D
1360	N426R	BE35
1362	N426RB	C172
1363	N426RC	RV4
1365	N426RE	GLIM
136C	N426RM	P28A
1374	N426RV	RV6
1379	N426S	PA31
137A	N426SA	LJ45
137B	N426SB	SF50
137D	N426SD	BE20
137E	N426SE	PA32
1380	N426SG	GLST
1381	N426SH	S22T
1382	N426SJ	SF50
1383	N426SK	C172
1384	N426SL	ACR2
1389	N426SR	SR22
138B	N426ST	FA20
138C	N426SU	SU26
138E	N426SW	CRJ2
1393	N426TA	LJ24
1395	N426TC	PA46
13A4	N426TT	P46T
13A7	N426TW	BE36
13AC	N426UA	A320
13B9	N426UP	B752
13EA	N426WN	B737
13F0	N426WU	M20P
13F2	N426WW	M20T
13F7	N426XA	C150
1419	N426YK	YK52
141D	N426YP	DA42
1425	N426YX	E75L
1443	N4260B	BE35
1447	N4260F	C172
1449	N4260H	PA14
144A	N4260J	P28A
144C	N4260L	C172
144D	N4260M	PA12
1450	N4260Q	C172
1451	N4260R	PA32
1452	N4260S	BE36
1454	N4260U	C150
1455	N4260V	C170
145C	N42602	J3
145E	N42604	C182
1460	N42606	C182
1463	N42609	C188
1467	N4261C	BU31
1469	N4261E	M7
146A	N4261F	C172
146D	N4261J	P28A
146F	N4261L	C172
1472	N4261P	FOX
1476	N4261T	PA32
1478	N4261V	C170
147D	N42610	C180
1481	N42614	J3
1482	N42615	C182
1484	N42617	J3
1485	N42618	J3
1487	N4262	P28A
148D	N4262F	C172
148F	N4262H	M20P
1490	N4262J	P28A
1491	N4262K	NAVI
1493	N4262M	PA12
1494	N4262N	C120
1497	N4262R	PA32
1498	N4262S	BE36
149A	N4262U	C150
149B	N4262V	C170
149E	N4262Y	B47G
14A0	N42620	J3
14A1	N42621	J3
14A3	N42623	C182
14A5	N42625	C182
14A7	N42627	C182
14A8	N42628	J3
14AB	N4263A	S61
14AE	N4263D	BE35
14B2	N4263H	PA14
14B3	N4263J	P28A
14B5	N4263L	C172
14B6	N4263M	PA12
14B7	N4263N	C140
14BB	N4263S	FA24
14BD	N4263U	C150
14BE	N4263V	C170
14C2	N4263Z	PA18
14C3	N42630	J3
14C4	N42631	C182
14CB	N42638	J3
14CE	N4264A	NAVI
14D0	N4264C	C340
14D1	N4264D	M7
14D2	N4264E	CH7A
14D3	N4264F	T18
14D6	N4264J	C310
14D7	N4264K	NAVI
14D8	N4264L	C172
14DB	N4264P	PA23
14DC	N4264Q	C172
14DF	N4264T	P28A
14E0	N4264U	C150
14E1	N4264V	C170
14E5	N4264Z	PA18
14E6	N42640	J3
14E8	N42642	J3
14EA	N42644	J3
14EB	N42645	C182
14EC	N42646	J3
14ED	N42647	C182
14EE	N42648	C182
14EF	N42649	C182
14F0	N4265	GLID
14F2	N4265B	BE35
14F3	N4265C	C150
14F4	N4265D	AT8T
14F6	N4265F	C172
14F8	N4265H	PA14
14F9	N4265J	H500
14FA	N4265K	NAVI
14FB	N4265L	C172
1501	N4265S	BE55
1502	N4265T	PA32
1504	N4265V	C170
1508	N4265Z	PA18
1509	N42650	J3
150A	N42651	J3
150B	N42652	C182
150C	N42653	C182
150E	N42655	C182
1511	N42658	J3
1513	N4266	C310
1515	N4266B	M7
1517	N4266D	BE35
1519	N4266F	C172
151C	N4266J	P28A
1520	N4266N	C120
1522	N4266Q	C172
1523	N4266R	PA32
1524	N4266S	BE55
1526	N4266U	C150
152B	N4266Z	PA18
152C	N42660	J3
152E	N42662	C182
152F	N42663	J3
1530	N42664	RS18
1534	N42668	J3
1535	N42669	J3
1536	N4267	RLU1
153C	N4267F	C172
153E	N4267H	M20P
1540	N4267K	NAVI
1542	N4267M	PA12
1543	N4267N	C120
1545	N4267Q	C172
1547	N4267S	BE95
1548	N4267T	P28A
1549	N4267U	C150
154D	N4267Y	DSA1
154F	N42670	J3
1550	N42671	P28A
1551	N42672	C182
1552	N42673	C182
1553	N42674	J3
1554	N42675	P28A
1555	N42676	J3
1556	N42677	AA5
1557	N42678	C182
1558	N42679	J3
155B	N4268B	BE35
155D	N4268D	BE35
155F	N4268F	P28A
1562	N4268J	P28A
1565	N4268M	M7
1567	N4268P	PA23
156C	N4268U	C150
1572	N42680	J3
1573	N42681	J3
1576	N42684	J3
1579	N42687	C182
157B	N42689	C182
157E	N4269B	M7
1581	N4269E	T6
1582	N4269F	C172
1583	N4269G	SREY
1584	N4269H	M20P
1585	N4269J	P28A
1587	N4269L	C172
1589	N4269N	C140
158B	N4269Q	T6
158E	N4269T	P28A
158F	N4269U	R44
1590	N4269V	C170
1591	N4269W	PA30
1592	N4269X	T6
1595	N42690	ACR2
1596	N42691	J3
1597	N42692	J3
1598	N42693	C182
1599	N42694	C182
159C	N42697	J3
159D	N42698	C182
159F	N427	B14A
15A0	N427A	RV7
15A3	N427AC	CH7B
15AC	N427AM	C82S
15AD	N427AN	A21N
15AE	N427AP	C82S
15B0	N427AR	S22T
15B1	N427AS	P28A
15B2	N427AT	SR22
15B9	N427B	BE35
15BA	N427BA	GLID
15BB	N427BB	BE36
15BC	N427BC	B350
15BD	N427BD	BT36
15C0	N427BG	GLIM
15C7	N427BP	C77R
15CE	N427BW	B427
15D0	N427BY	RV7
15D2	N427C	TBM7
15D3	N427CA	C310
15D5	N427CC	C421
15D6	N427CD	SR22
15DE	N427CM	EXEC
15E0	N427CP	C172
15E1	N427CQ	DA40
15E3	N427CS	C82T
15E4	N427CT	FDCT
15E6	N427CV	CAT
15E7	N427CW	BE36
15EB	N427D	PRM1
15EC	N427DA	DV20
15EE	N427DC	GLIM
15EF	N427DD	PA31
15F1	N427DF	S2P
15F2	N427DG	DA42
15F5	N427DK	RV9
15F6	N427DL	C56X
15F7	N427DM	BE9L
15F9	N427DP	P28A
15FB	N427DR	RV7
15FC	N427DS	SIRA
15FD	N427DT	R44
1600	N427DW	B58T
1601	N427DX	A339
1606	N427EB	CH65
160A	N427EF	RV8
1610	N427EM	RV6
1612	N427EP	C72R
1614	N427ER	C172
1616	N427ET	FOX
1622	N427FE	A310
1633	N427FX	E545
1636	N427G	AC11
1638	N427GB	C182
1639	N427GC	BE20
1640	N427GK	RV4
1647	N427GS	RV8
164B	N427GW	F2TH
164D	N427GY	C680
1656	N427HG	GLF5
1657	N427HH	BE36
165D	N427HP	SR20
1660	N427HS	B47G
166A	N427JB	LNP4
166B	N427JC	MA5
166C	N427JD	C82T
166F	N427JG	C172
1671	N427JJ	B427
1672	N427JK	P32R
1673	N427JL	M7
1674	N427JM	C421
1678	N427JR	LNP4
1679	N427JS	BE30
167C	N427JV	CH60
167D	N427JW	C150
1684	N427KC	CJ6
1685	N427KD	S22T
1687	N427KF	FOX
1688	N427KG	SR22
168D	N427KM	BE95
168F	N427KP	C25A
1691	N427KR	C172
1692	N427KS	RV6
169C	N427LB	RS12
169D	N427LC	SR20
16A3	N427LJ	SR20
16A5	N427LL	BE33
16A6	N427LM	GALX
16A8	N427LP	C140
16AB	N427LS	M7
16B5	N427MB	BEAR
16B6	N427MC	C560
16BC	N427MJ	F2TH
16BF	N427MM	C56X
16C1	N427MP	CL35
16C5	N427MT	B407
16DD	N427NS	AT8T
16E5	N427P	B407
16E6	N427PA	COL4
16EA	N427PE	SH36
16EC	N427PG	B427
16ED	N427PH	B407
16F1	N427PM	C56X
16FA	N427PW	BE35
170F	N427QS	E55P
1714	N427QX	DH8D
1717	N427R	CRUZ
1718	N427RA	R44
171A	N427RC	C510
171B	N427RD	PTS1
171D	N427RF	GSIS
171F	N427RH	DHC2
1720	N427RJ	R66
1723	N427RM	P28A
1727	N427RR	C650
1728	N427RS	RV4
172A	N427RU	C208
172B	N427RV	RV7
1732	N427SB	RV7
1733	N427SC	PA18
1734	N427SD	RV6
1735	N427SE	BE9L
1738	N427SH	PC24
1740	N427SR	SR22
1745	N427SW	CRJ2
1749	N427T	BE35
174A	N427TA	PA31
174B	N427TB	TBM7
174D	N427TD	RV12
174F	N427TF	C750
1752	N427TJ	B407
175A	N427TS	J3
175F	N427TX	COL3
1763	N427UA	A320
1770	N427UP	B752
1776	N427UV	B427
177C	N427VA	VELO
1785	N427VK	C337
1795	N427WA	PC12
1796	N427WB	RV4
1798	N427WD	CH75
179B	N427WG	FOX
17A1	N427WN	B737
17A5	N427WS	PA46
17A6	N427WT	PTMS
17AB	N427WY	C182
17AD	N427X	EA50
17C2	N427XW	JPRO
17C6	N427Y	WAIX
17CB	N427YE	S22T
17D1	N427YL	YL15
17DC	N427YX	E75L
17EF	N427ZR	PTS1
17F4	N427ZW	CRJ2
17F8	N4270	BU31
17FB	N4270C	PTS2
17FC	N4270D	BE35
17FD	N4270E	AR11
17FF	N4270G	RV3
1800	N4270H	PA14
1803	N4270L	C172
1805	N4270N	C140
1807	N4270Q	C172
1808	N4270R	PA32
180A	N4270T	PA32
180B	N4270U	C150
1811	N42700	C180
1814	N42703	J3
1815	N42704	C182
1816	N42705	C182
1818	N42707	C182
181A	N42709	J3
181F	N4271D	BE35
1820	N4271E	AR11
1821	N4271F	C172
1825	N4271K	NAVI
1826	N4271L	C172
1827	N4271M	PA12
182A	N4271Q	CH70
182C	N4271S	BE36
182D	N4271T	P28A
1833	N4271Z	PA18
1834	N42710	M7
1836	N42712	C182
1837	N42713	C182
1838	N42714	C182
1839	N42715	C182
183C	N42718	C182
183D	N42719	J3
1841	N4272C	C414
1844	N4272F	C172
1846	N4272H	PA14
1847	N4272J	P28A
1849	N4272L	C172
184A	N4272M	CRER
184C	N4272P	M7
184D	N4272Q	T206
184E	N4272R	PA32
184F	N4272S	BE35
1852	N4272V	C170
1856	N4272Z	PA18
1859	N42722	WAIX
185A	N42723	J3
185B	N42724	J3
185D	N42726	J3
1862	N4273A	FOX
1867	N4273F	C172
1869	N4273H	M20P
186A	N4273J	P28A
1870	N4273Q	C172
1871	N4273R	C185
1872	N4273S	PA18
1874	N4273U	C150
1879	N4273Z	PA18
187A	N42730	J3
187C	N42732	C182
187D	N42733	J3
1880	N42736	J3
1881	N42737	J3
1882	N42738	J3
1886	N4274B	BE35
1889	N4274E	RV6
188A	N4274F	C172
188D	N4274J	P28A
188E	N4274K	M7
188F	N4274L	GLST
1893	N4274Q	C172
1894	N4274R	C82S
1898	N4274V	C170
189B	N4274Y	M7
189C	N4274Z	PA18
189D	N42740	J3
189E	N42741	J3
189F	N42742	C182
18A2	N42745	N3N
18A4	N42747	J3
18A5	N42748	C182
18AC	N4275E	PA38
18B0	N4275J	P28A
18B2	N4275L	C172
18B3	N4275M	PA12
18B8	N4275S	BE35
18BA	N4275U	COY2
18C0	N42750	J3
18C1	N42751	J3
18C2	N42752	J3
18C4	N42754	C182
18C5	N42755	J3
18C6	N42756	P28A
18C9	N42759	J3
18CF	N4276E	COY2
18D2	N4276H	PA14
18D3	N4276J	P28A
18D4	N4276K	NAVI
18D8	N4276P	PA23
18D9	N4276Q	C172
18DA	N4276R	H269
18DC	N4276T	P28A
18E3	N42760	J3
18E4	N42761	J3
18E5	N42762	J3
18E6	N42763	C182
18E7	N42764	P28A
18E8	N42765	C182
18E9	N42766	C182
18EB	N42768	C182
18EF	N4277B	C172
18F3	N4277F	C172
18F9	N4277M	PA12
18FA	N4277N	A4
18FB	N4277P	A4
18FC	N4277Q	C172
18FD	N4277R	PA32
18FE	N4277S	BE60
1900	N4277U	C150
1903	N4277X	UH12
1905	N4277Z	PA18
1906	N42770	C182
1909	N42773	J3
190A	N42774	J3
190C	N42776	C421
190D	N42777	C182
1912	N4278B	M7
1918	N4278H	PA14
191A	N4278K	NAVI
191B	N4278L	C152
191D	N4278N	C140
191E	N4278P	PA23
1921	N4278S	AC80
1923	N4278U	C150
1924	N4278V	C170
1926	N4278X	FOX
1928	N4278Z	M7
1929	N42780	J3
192A	N42781	J3
192B	N42782	J3
192D	N42784	CRER
192E	N42785	J3
1930	N42787	P28A
193B	N4279H	PA14
193C	N4279J	P28A
193D	N4279K	GLAS
193F	N4279M	SA6
1940	N4279N	C140
1943	N4279R	PA32
1944	N4279S	BE36
1945	N4279T	P28A
1946	N4279U	C150
1947	N4279V	C170
194A	N4279Y	SASY
194B	N4279Z	PA18
194E	N42792	C182
1950	N42794	J3
1956	N428	TAYB
1957	N428A	PA46
1958	N428AA	A21N
195A	N428AC	CH7B
195D	N428AF	DHC2
1963	N428AM	SR22
1964	N428AN	SR22
1968	N428AS	B739
196C	N428AW	CRJ2
1971	N428BA	GLID
1972	XA-ARD	LJ31
1974	N428BD	BE36
197A	N428BK	LESP
197B	N428BL	C182
1980	N428BR	C25B
1989	N428C	S108
198A	N428CA	CH7A
198F	N428CF	B429
1995	N428CM	M20T
1997	N428CP	C172
199A	N428CS	C25B
199B	N428CT	P28B
19A4	N428DB	AVID
19A6	N428DD	PA14
19A8	N428DF	S2P
19AC	N428DK	RV8
19AD	N428DL	C310
19AE	N428DM	GLAS
19B2	N428DR	F900
19B3	N428DS	DA40
19B7	N428DW	C172
19BB	N428E	HUSK
19BE	N428EC	SR22
19CB	N428ER	C172
19CC	N428ES	S22T
19D4	N428F	P28R
19DA	N428FF	C72R
19EA	N428FX	E545
1A09	N428HC	C152
1A0F	N428HJ	PA18
1A10	N428HK	Q9
1A17	N428HS	C182
1A1F	N428J	RV6
1A20	N428JA	BE36
1A23	N428JD	G150
1A24	N428JE	C25B
1A26	N428JG	R44
1A2D	N428JP	DA40
1A31	N428JT	PA18
1A38	N428K	E55P
1A48	N428KR	BE35
1A49	N428KS	GLF4
1A4D	N428KW	RV6
1A52	N428LA	AT8T
1A53	N428LB	C82T
1A6A	N428M	P28A
1A6B	N428MA	SW4
1A6C	N428MB	SREY
1A71	N428MG	C25A
1A75	N428ML	B429
1A79	N428MQ	C82S
1A7B	N428MS	DH8B
1A7C	N428MT	C82T
1A88	PR-CDV	A139
1A8A	N428NG	MU30
1A9D	N428PA	P28A
1A9E	N428PB	PA14
1AA4	N428PH	B407
1AAE	N428PT	PA11
1AC6	N428QS	E55P
1ACE	N428R	PTS1
1ACF	N428RA	P32R
1AD0	N428RB	M20P
1AD1	N428RC	CH60
1AD5	N428RG	C172
1AE2	N428RV	RV10
1AE7	N428S	PA32
1AF5	N428SP	DA40
1AF7	N428SR	SR22
1AF8	N428SS	C680
1AFD	N428SX	RV4
1B00	N428T	SR22
1B02	N428TB	TB30
1B06	N428TF	T211
1B07	N428TG	B407
1B0B	N428TL	BE35
1B0C	N428TM	SR22
1B16	N428TX	DA42
1B1A	N428UA	A320
1B27	N428UP	B752
1B4C	N428WA	EAGL
1B52	N428WG	COY2
1B56	N428WL	ESCP
1B58	N428WN	B737
1B5B	N428WR	C172
1B5C	N428WS	S22T
1B60	N428WW	C500
1B64	N428X	COL4
1B93	N428YX	E75L
1B96	N428Z	TBM7
1BAE	N428ZZ	SR22
1BB0	N4280A	GLID
1BB2	N4280C	GLID
1BB5	N4280F	P28A
1BB7	N4280H	PA14
1BB8	N4280J	P28A
1BBA	N4280L	C172
1BBB	N4280M	PA12
1BBE	N4280Q	C185
1BBF	N4280R	PA32
1BC0	N4280S	BE35
1BC2	N4280U	CRER
1BC3	N4280V	CH7A
1BC7	N4280Z	PA18
1BC8	N42800	BE35
1BC9	N42801	C182
1BCA	N42802	J3
1BCB	N42803	J3
1BCC	N42804	C182
1BCE	N42806	J3
1BD1	N42809	J3
1BD4	N4281B	IS28
1BD6	N4281D	BE35
1BD8	N4281F	C172
1BDA	N4281H	PA14
1BDB	N4281J	P28A
1BDC	N4281K	NAVI
1BDD	N4281L	C172
1BDF	N4281N	C120
1BE1	N4281Q	C172
1BE3	N4281S	BE36
1BE4	N4281T	P28A
1BE5	N4281U	C150
1BE6	N4281V	C170
1BE8	N4281X	LGEZ
1BE9	N4281Y	AVID
1BEC	N42811	P28A
1BED	N42812	P28A
1BF0	N42815	J3
1BF3	N42818	C182
1BF5	N4282	AS50
1BF7	N4282B	BE35
1BFA	N4282E	AR11
1BFB	N4282F	C172
1BFE	N4282J	P28A
1C01	N4282M	PA12
1C02	N4282N	FOX
1C04	N4282Q	C172
1C05	N4282R	BE36
1C06	N4282S	BE36
1C07	N4282T	P28A
1C0D	N4282Z	B06
1C0E	N42820	C182
1C0F	N42821	C77R
1C10	N42822	J3
1C11	N42823	C182
1C14	N42826	C182
1C16	N42828	J3
1C17	N42829	J3
1C1A	N4283B	BE35
1C1B	N4283C	PA11
1C1E	N4283F	C172
1C20	N4283H	PA14
1C21	N4283J	P28A
1C24	N4283M	PA12
1C29	N4283S	C172
1C2A	N4283T	P28A
1C2B	N4283U	C150
1C30	N4283Z	PA18
1C32	N42831	C182
1C36	N42835	J3
1C38	N42837	J3
1C3A	N42839	J3
1C3D	N4284B	BE35
1C41	N4284F	C172
1C45	N4284K	NAVI
1C46	N4284L	ST75
1C49	N4284P	C172
1C4D	N4284T	P28A
1C4E	N4284U	C150
1C53	N4284Z	PA18
1C54	N42840	J3
1C56	N42842	J3
1C58	N42844	J3
1C59	N42845	CH60
1C5B	N42847	J3
1C5D	N42849	C182
1C60	N4285B	BE35
1C62	N4285D	BE35
1C66	N4285H	PA14
1C6B	N4285N	C140
1C6D	N4285Q	C172
1C70	N4285T	P28A
1C74	N4285X	RV6
1C76	N4285Z	PA18
1C77	N42850	LGEZ
1C78	N42851	C182
1C79	N42852	C182
1C7A	N42853	J3
1C7C	N42855	C182
1C7E	N42857	C182
1C7F	N42858	C182
1C85	N4286D	BE35
1C8B	N4286K	NAVI
1C8E	N4286N	C120
1C8F	N4286P	PA23
1C95	N4286V	C170
1C9F	N42865	C182
1CA0	N42866	PA34
1CA1	N42867	P28A
1CA2	N42868	J3
1CA3	N42869	J3
1CA5	N4287A	C340
1CA6	N4287B	BE35
1CAD	N4287J	P28A
1CAE	N4287K	NAVI
1CB1	N4287N	RS12
1CB3	N4287Q	C172
1CB5	N4287S	BE95
1CB6	N4287T	P28B
1CBB	N4287Y	FOX
1CBC	N4287Z	PA18
1CBE	N42871	C182
1CC0	N42873	CP32
1CC1	N42874	C182
1CC2	N42875	C182
1CC3	N42876	C182
1CC4	N42877	C182
1CC6	N42879	MA5
1CCC	N4288E	AR11
1CCF	N4288H	PA14
1CD3	N4288M	PA12
1CD5	N4288P	C182
1CD6	N4288Q	C172
1CDA	N4288U	C150
1CDB	N4288V	C170
1CDF	N4288Z	PA18
1CE0	N42880	TTWO
1CE1	N42881	J3
1CE5	N42885	P28A
1CE7	N42887	C182
1CE8	N42888	C182
1CE9	N42889	C180
1CED	N4289C	TEX2
1CF2	N4289H	M20P
1CF4	N4289K	NAVI
1CF7	N4289N	C140
1CFA	N4289R	PA32
1CFB	N4289S	BE33
1CFC	N4289T	P28A
1CFE	N4289V	C170
1D03	N42890	J3
1D06	N42893	C182
1D07	N42894	C182
1D08	N42895	J3
1D09	N42896	J3
1D0A	N42897	T6
1D0B	N42898	C182
1D0C	N42899	C182
1D0D	N429	J3
1D10	N429AB	ST75
1D11	N429AC	CH7B
1D13	N429AE	B06
1D1A	N429AM	HUSK
1D1B	N429AN	A21N
1D1E	N429AR	B429
1D1F	N429AS	B429
1D23	N429AW	CRJ2
1D28	N429BA	C177
1D2D	N429BF	B429
1D2E	N429BG	GLIM
1D2F	N429BH	B429
1D30	N429BJ	RV10
1D38	N429BS	LJ45
1D3F	N429BZ	PA11
1D40	N429C	S64
1D41	N429CA	PA46
1D43	N429CC	EA50
1D44	N429CD	SR22
1D45	N429CE	B06
1D46	N429CF	B429
1D47	N429CG	B429
1D48	N429CH	B429
1D4A	N429CK	GLEX
1D4C	N429CM	B429
1D4E	N429CP	C172
1D51	N429CS	C25B
1D59	N429D	CH70
1D5A	N429DA	P46T
1D5C	N429DC	BLKS
1D5D	N429DD	GLF4
1D5F	N429DF	V10
1D65	N429DM	BE9T
1D6A	N429DS	DA40
1D72	N429E	CMDE
1D79	N429EG	P28A
1D7E	N429EM	BE20
1D80	N429EP	C72R
1D82	N429ER	C172
1D83	N429ES	C72R
1D88	N429EX	B429
1D8E	N429FC	LJ55
1D90	N429FE	A310
1D91	N429FF	C72R
1D93	N429FH	GLIM
1D94	N429FJ	D328
1D9C	N429FS	BL17
1DA0	N429FW	B429
1DA1	N429FX	E545
1DA4	N429G	ST75
1DA7	N429GC	L29
1DAF	N429GL	BE95
1DB0	N429GM	C421
1DB5	N429GS	SRAI
1DB6	N429GT	GP3
1DBD	N429H	CB1
1DC0	N429HC	B429
1DC3	N429HF	B429
1DC7	N429HK	Q9
1DCB	N429HP	PA23
1DCD	N429HR	B429
1DD9	N429JC	B429
1DE0	N429JK	BE36
1DE4	N429JP	C82T
1DF4	N429KE	RV6
1E00	N429KS	DHC2
1E03	N429KV	B429
1E08	N429L	C172
1E0C	N429LD	BE36
1E0D	N429LE	B429
1E0E	N429LF	B429
1E10	N429LH	C208
1E21	N429M	BE58
1E24	N429MC	B744
1E2A	N429MJ	B429
1E2F	N429MP	RV6
1E31	N429MR	C25C
1E32	N429MS	LJ35
1E33	N429MT	B407
1E35	N429MV	PA18
1E3B	N429NA	B429
1E4E	N429NV	MD83
1E53	N429P	BE36
1E56	N429PC	C180
1E5B	N429PH	B407
1E64	N429PS	M20P
1E69	N429PX	VELO
1E6A	N429PY	TRDO
1E7D	N429QS	E55P
1E82	N429QX	DH8D
1E85	N429R	BE36
1E88	N429RC	C414
1E8D	N429RH	RV6
1E90	N429RL	B429
1E91	N429RM	CL35
1E93	N429RP	B429
1E96	N429RS	GLST
1E99	N429RV	RV7
1E9B	N429RX	EC30
1E9E	N429S	SR20
1E9F	N429SA	LJ45
1EA1	N429SC	WAIX
1EA2	N429SD	RV8
1EA4	N429SF	PA32
1EA6	N429SH	GLIM
1EA9	N429SL	B429
1EAE	N429SR	SR22
1EAF	N429SS	CRER
1EB0	N429ST	RV8
1EB3	N429SW	CRJ2
1EB4	N429SX	SONX
1EB7	N429T	VEZE
1EB8	N429TA	F900
1EB9	N429TB	WAIX
1EBB	N429TD	B427
1EBD	N429TF	B429
1EC5	N429TP	DA42
1ECB	N429TV	B429
1ECC	N429TW	RV4
1ECD	N429TX	B429
1ED1	N429UA	A320
1EDE	N429UP	B752
1EF0	N429VG	B429
1F09	N429WG	CL60
1F0A	N429WH	CH75
1F0E	N429WM	B429
1F0F	N429WN	B737
1F10	N429WP	B429
1F12	N429WR	GLST
1F37	N429YC	B429
1F4A	N429YX	E75L
1F4E	N429ZA	B06
1F66	N4290	T6
1F68	N4290B	BE35
1F6B	N4290E	PA38
1F6C	N4290F	C172
1F73	N4290N	C140
1F76	N4290R	PA32
1F7E	N4290Z	PA18
1F80	N42901	J3
1F81	N42902	J3
1F83	N42904	J3
1F85	N42906	J3
1F86	N42907	C182
1F88	N42909	J3
1F8B	N4291B	BE35
1F8E	N4291E	AR11
1F91	N4291H	PA14
1F92	N4291J	P28A
1F94	N4291L	C172
1F97	N4291P	C172
1F98	N4291Q	T206
1F9A	N4291S	P28A
1F9C	N4291U	C150
1F9E	N4291W	C150
1FA1	N4291Z	C208
1FA2	N42910	J3
1FA3	N42911	C182
1FA5	N42913	J3
1FA8	N42916	C180
1FA9	N42917	RV4
1FAA	N42918	J3
1FAB	N42919	C182
1FAE	N4292B	BE35
1FB4	N4292H	PA14
1FB5	N4292J	P28A
1FB6	N4292K	P32R
1FB7	N4292L	P28B
1FB8	N4292M	PA12
1FB9	N4292N	C120
1FBB	N4292Q	C172
1FBC	N4292R	PA32
1FBD	N4292S	P32R
1FBF	N4292U	C150
1FC0	N4292V	C170
1FC3	N4292Y	P28A
1FC5	N42920	GLST
1FC9	N42924	J3
1FCB	N42926	J3
1FCC	N42927	P28A
1FD1	N4293B	BE35
1FD2	N4293C	P28R
1FD7	N4293H	M20P
1FD8	N4293J	P28A
1FDA	N4293L	C172
1FDC	N4293N	C140
1FDE	N4293Q	C172
1FDF	N4293R	PA32
1FE1	N4293T	CH7A
1FE2	N4293U	C150
1FE5	N4293X	PA34
1FE6	N4293Y	P28A
1FE7	N4293Z	PA18
1FE8	N42930	J3
1FE9	N42931	J3
1FED	N42935	J3
1FF4	N4294B	BE35
1FF5	N4294C	NAVI
1FFB	N4294J	P28A
1FFE	N4294M	PA12
1FFF	N4294N	P32R
2000	N4294P	P32R
2001	N4294Q	C172
2004	N4294T	P28A
2006	N4294V	C170
2008	N4294X	CJ6
200C	N42941	C182
200D	N42942	PA32
200F	N42944	J3
2010	N42945	PA32
2011	N42946	P28R
2012	N42947	C182
2013	N42948	J3
2014	N42949	C182
2016	N4295A	T34P
2017	N4295B	BE35
2018	N4295C	CJ6
2019	N4295D	BE35
201A	N4295E	CH7A
2020	N4295L	C172
2025	N4295R	P28B
2029	N4295V	RV7
202B	N4295X	YK50
202E	N42950	J3
202F	N42951	C182
2031	N42953	J3
2032	N42954	J3
2033	N42955	C182
2036	N42958	C180
2037	N42959	J3
203B	N4296C	GLID
203E	N4296F	C172
2040	N4296H	PA14
2043	N4296L	C172
2044	N4296M	PA12
2045	N4296N	PA32
2046	N4296P	PA23
2047	N4296Q	C172
2049	N4296S	PA32
204A	N4296T	PA32
204E	N4296X	PA32
204F	N4296Y	ST75
2050	N4296Z	PA18
2051	N42960	J3
2055	N42964	J3
2056	N42965	J3
2057	N42966	C180
2058	N42967	C182
2059	N42968	C180
205C	N4297A	PA30
205D	N4297B	BE35
205E	N4297C	P32R
2060	N4297E	AR11
2063	N4297H	M20P
2067	N4297M	P28A
206A	N4297Q	C172
206B	N4297R	PA32
206E	N4297U	C150
2072	N4297Y	P28R
2073	N4297Z	PA18
2074	N42970	P28R
2075	N42971	J3
2078	N42974	C182
2079	N42975	C182
207A	N42976	J3
207D	N42979	P32R
2083	N4298E	PA38
2084	N4298F	C172
2089	N4298L	P28A
208E	N4298R	PA32
2095	N4298Y	BE58
2096	N4298Z	PA18
2097	N42980	C182
2099	N42982	P28A
209B	N42984	PA34
209C	N42985	PA32
209D	N42986	PA32
209E	N42987	P32R
209F	N42988	J3
20A2	N4299A	BE99
20A3	N4299B	BE35
20A4	N4299C	PA34
20A5	N4299D	BE35
20A6	N4299E	CH7A
20A7	N4299F	C172
20A9	N4299H	PA14
20AE	N4299N	C140
20AF	N4299P	PA23
20B1	N4299R	PA32
20B7	N4299X	PA32
20B9	N4299Z	PA18
20BA	N42990	P32R
20BB	N42991	J3
20BD	N42993	PA32
20BE	N42994	J3
20BF	N42995	J3
20C2	N42998	P28A
20C3	N42999	J3
20C5	N43A	BE20
20C7	N43AB	BE35
20C8	N43AC	BL8
20C9	N43AD	GLF4
20CA	N43AE	B06
20CC	N43AG	E50P
20CF	N43AK	T206
20D0	N43AL	R44
20D1	N43AM	BE95
20D2	N43AN	P28B
20D3	N43AP	C172
20D7	N43AT	BE95
20DA	N43AW	C425
20DE	N43B	PA30
20E0	N43BB	BE33
20E2	N43BD	BE40
20E3	N43BE	C551
20E5	N43BG	B350
20EA	N43BM	C421
20EC	N43BP	BL8
20F0	N43BT	PTS2
20F8	N43CA	M20P
20F9	N43CB	C25C
20FA	N43CC	PA23
20FD	N43CF	PC12
20FE	N43CG	KR2
20FF	N43CH	PA46
2100	N43CJ	PA22
2102	N43CL	E300
2105	N43CP	P210
2107	N43CR	PA18
2108	N43CS	P28A
2109	N43CT	FDCT
210A	N43CU	H47
210B	N43CV	E300
210C	N43CW	C208
210F	N43CZ	COZY
2111	N43DA	C340
2112	N43DB	BE55
2113	N43DC	HUSK
2114	N43DD	BE35
2115	N43DE	C182
2117	N43DG	EFOX
211B	N43DL	GLIM
211C	N43DM	E300
211D	N43DN	P28B
211E	N43DP	CB1
2121	N43DS	C650
2122	N43DT	RV6
2125	N43DW	C310
2128	N43DZ	PA18
2131	N43EH	PA18
2133	N43EK	AP32
2137	N43EP	E50P
213D	N43EV	RV9
213F	N43EX	PA18
2142	N43F	C170
2147	N43FE	CL30
214C	N43FK	H43B
214E	N43FM	M20P
2150	N43FP	RV8
2154	N43FT	EFOX
2156	N43FV	ST75
215D	N43GB	BL8
215F	N43GD	SA50
2161	N43GF	C172
2162	N43GG	PRM1
2163	N43GH	GLID
2164	N43GJ	BE20
2165	N43GK	ST75
2166	N43GL	U16
2168	N43GN	BE9L
216C	N43GS	PA30
216D	N43GT	C441
2171	N43GX	GL5T
2176	N43HB	PA23
2177	N43HC	H60
2178	N43HD	BE60
217A	N43HF	C56X
217B	N43HG	AS50
217C	N43HH	B06
217F	N43HL	C182
2180	N43HM	CJ6
2182	N43HP	BE58
2185	N43HS	M7
2189	N43HW	M20P
218A	N43HX	KMAX
218B	N43HY	HUSK
218D	N43J	GLID
218E	N43JA	M20P
2190	N43JC	GLST
2194	N43JG	RV4
2195	N43JH	GLIM
2197	N43JK	C182
2199	N43JM	SR20
219B	N43JP	RV4
219D	N43JR	H25B
219F	N43JT	BE65
21A2	N43JW	HUSK
21A7	N43KA	C25C
21A8	N43KB	EXPR
21AA	N43KD	R66
21AB	N43KE	BT36
21AC	N43KF	FOX
21B0	N43KK	RV9
21B8	N43KT	BE36
21BB	N43KW	VELO
21BD	N43KY	T210
21C0	N43LA	EN28
21C2	N43LC	P28A
21C3	N43LD	SR22
21C4	N43LE	ERCO
21C5	N43LF	RV8
21C6	N43LG	S1
21C8	N43LJ	C25C
21CA	N43LL	HUSK
21CB	N43LM	DA40
21CC	N43LN	FB1A
21D0	N43LS	C210
21D3	N43LV	BE36
21D4	N43LW	C182
21D8	N43M	B505
21D9	N43MA	B06
21DB	N43MC	BE56
21DC	N43MD	GLIM
21DD	N43ME	P210
21DE	N43MF	LJ35
21DF	N43MG	RV7
21E0	N43MH	EN28
21E1	N43MJ	P28A
21E2	N43MK	SONX
21E3	N43ML	RV4
21E4	N43MM	H25B
21E6	N43MP	RV4
21E8	N43MR	C414
21E9	N43MS	C25A
21EA	N43MT	CH7B
21ED	N43MW	E300
21F0	N43MZ	T206
21F4	N43NC	C560
21F8	N43NG	PC12
2201	N43NR	LJ60
2206	N43NW	C25A
220C	N43PB	GLAS
220D	N43PC	BE9L
2210	N43PF	P28A
2211	N43PG	M20P
2212	N43PH	GLST
2214	N43PK	BOLT
2215	N43PL	FOX
2216	N43PM	RV4
221A	N43PR	B737
221B	N43PS	SR20
221C	N43PT	PA23
2223	N43Q	C177
2226	N43QC	BE58
223F	N43RC	E55P
2240	N43RD	T206
2241	N43RE	CMDE
2242	N43RF	P3
2243	N43RG	DA42
2245	N43RJ	E55P
2246	N43RK	RV8
2247	N43RL	FURY
2248	N43RM	RV3
2249	N43RN	FOX
224B	N43RQ	BE33
224D	N43RS	BE30
2250	N43RV	RV8
2251	N43RW	CORS
2258	N43SC	CRUZ
2259	N43SD	AS50
225A	N43SE	DA40
225B	N43SF	GA5C
225C	N43SG	GLIM
225F	N43SK	EFOX
2260	N43SL	C180
2261	N43SM	GLAS
2263	N43SP	DHC3
2267	N43ST	ST75
2269	N43SV	ST75
226C	N43SY	TAYB
226E	N43T	ST75
226F	N43TA	BE20
2270	N43TB	C182
2272	N43TD	DFLY
2274	N43TF	BOLT
2276	N43TH	ST75
2277	N43TJ	C182
2278	N43TK	RV8
2279	N43TL	PA24
227A	N43TM	SR22
227C	N43TP	H25B
227E	N43TR	C82S
2280	N43TT	COL4
2286	N43TZ	BRAV
2295	N43UP	YAK3
22A1	N43VA	E145
22A2	N43VB	T206
22A7	N43VG	GLST
22AC	N43VM	P46T
22AE	N43VP	AS50
22B0	N43VR	C82S
22B1	N43VS	C550
22B3	N43VU	SR20
22B4	N43VV	RV8
22BA	N43WA	BE9L
22BB	N43WB	T6
22BC	N43WC	FOX
22BF	N43WF	DA42
22C0	N43WG	P28R
22C1	N43WH	PA31
22C2	N43WJ	CH7B
22C4	N43WL	EC45
22C7	N43WP	JACE
22C9	N43WR	RV7
22CB	N43WT	M20P
22CE	N43WW	P32R
22D0	N43WY	HUSK
22D2	N43X	S108
22DC	N43XK	H43B
22E0	N43XP	BE40
22E4	N43XT	GLF4
22E8	N43XX	DC3
22EB	N43Y	BE36
22F1	N43YF	RELI
22F9	N43YP	ST75
231C	N43ZZ	RV4
2320	N430AB	PA25
2321	N430AC	RJ85
2323	N430AE	B06
2325	N430AG	B430
232A	N430AM	C560
232B	N430AN	A21N
2332	N430AV	P28R
2333	N430AW	CRJ2
2338	N430BA	GLID
233A	N430BC	LNP4
233F	N430BH	UH1
2348	N430BS	AA5
2349	N430BT	C25A
234F	N430BZ	RV4
2356	N430CF	B430
235B	N430CL	GLID
235C	N430CM	B430
235E	N430CP	C172
2362	N430CT	B430
2369	N430D	B430
236B	N430DB	C82R
236C	N430DC	HDJT
236D	N430DD	BE20
236E	N430DE	R44
236F	N430DF	V10
2375	N430DM	T206
2377	N430DP	M200
237A	N430DS	P28A
2382	N430E	HDJT
238E	N430EM	BE9L
2390	N430EP	C72R
2392	N430ER	C172
239B	N430F	HUSK
23A0	N430FE	A310
23A7	N430FM	BE36
23AC	N430FS	C172
23B1	N430FX	E545
23B4	N430G	M20P
23C4	N430GR	EC30
23C6	N430GT	B744
23C9	N430GW	P46T
23CD	N430H	RV4
23D6	N430HJ	HDJT
23DE	N430HS	SPHA
23EA	N430JD	J3
23EC	N430JF	C25A
23F2	N430JM	R44
23F4	N430JP	DA40
23F6	N430JR	A109
23FA	N430JV	GLAS
23FF	N430K	C182
2400	N430KA	BE20
2401	N430KB	P46T
240D	N430KP	RV3
241E	N430LF	B429
2423	N430LL	HUSK
2426	N430LP	SR22
242C	N430LV	PC12
242E	N430LX	C25C
2431	N430M	C82R
2432	N430MA	SW4
2434	N430MC	BE20
2439	N430MH	RV12
243B	N430MK	SLG4
243D	N430MM	PA24
2443	N430MT	B77W
244B	N430NA	SH36
2451	N430NG	PC12
245A	N430NR	UH12
245F	N430NW	HDJT
2461	N430NY	B430
246B	N430PH	B407
246F	N430PM	RV7
2474	N430PS	DA42
2475	N430PT	WW24
2492	N430QX	DH8D
2496	N430RA	G3
249F	N430RK	RV8
24A1	N430RM	P28A
24A3	N430RP	C185
24A5	N430RR	SW4
24A7	N430RT	BE58
24A9	N430RV	BE58
24AE	N430S	BE20
24AF	N430SA	C650
24B9	N430SL	P32R
24BC	N430SP	B430
24C0	N430ST	B430
24C3	N430SW	CRJ2
24C7	N430T	BE35
24C8	N430TA	C560
24C9	N430TB	E50P
24CA	N430TC	P28A
24CB	N430TD	M20P
24D2	N430TL	LGEZ
24D3	N430TM	EC35
24D8	N430TS	DA42
24DB	N430TV	B429
24DD	N430TX	C208
24E0	N430U	C72R
24E1	N430UA	A320
24EE	N430UP	B752
2507	N430VP	B430
2514	N430WB	RV7
2515	N430WC	CL30
2519	N430WG	DHC1
251A	N430WH	B430
251F	N430WN	B737
2520	N430WP	RV10
2523	N430WS	WAIX
252C	N430XA	B734
2544	N430Y	G2T1
255A	N430YX	E75L
2579	N4300C	CH7A
257A	N4300D	CHR1
257E	N4300H	PA15
2583	N4300N	C140
2584	N4300P	PA23
2585	N4300Q	C185
2586	N4300R	C172
2587	N4300S	P28A
2588	N4300T	P28A
2589	N4300U	P28A
258A	N4300V	P28B
258B	N4300W	BE36
258F	N43000	WACF
2591	N43002	TAYB
2593	N43004	P28R
2595	N43006	TAYB
259B	N4301B	C170
259C	N4301C	PA31
259F	N4301F	P32R
25A0	N4301G	CAMP
25A1	N4301H	PA15
25A2	N4301J	P28A
25A4	N4301L	P28B
25A5	N4301M	PA32
25A6	N4301N	P32R
25A8	N4301Q	C172
25A9	N4301R	C172
25AA	N4301S	BE33
25AC	N4301U	AN2
25AE	N4301W	BE35
25AF	N4301X	P28A
25B1	N4301Z	PA18
25B2	N43010	PA34
25B3	N43011	TAYB
25B4	N43012	P28A
25B6	N43014	P28R
25B8	N43016	WACF
25B9	N43017	P28A
25BA	N43018	TAYB
25C6	N4302K	PA32
25C7	N4302L	C172
25C8	N4302M	PA12
25C9	N4302N	PA34
25CC	N4302R	AN2
25CE	N4302T	P28A
25CF	N4302U	C150
25D1	N4302W	BE35
25D2	N4302X	P28R
25D3	N4302Y	PA23
25D4	N4302Z	PA18
25D5	N43020	P28A
25D6	N43021	TAYB
25D8	N43023	P28A
25D9	N43024	TAYB
25DD	N43028	TAYB
25DE	N43029	TAYB
25E0	N4303A	PA22
25E1	N4303B	C170
25E2	N4303C	CH7A
25E5	N4303F	P28B
25E6	N4303G	P28R
25E8	N4303J	P28A
25EA	N4303L	C172
25EB	N4303M	PA12
25ED	N4303P	P32R
25EE	N4303Q	C172
25F0	N4303S	C182
25F1	N4303T	P28A
25F2	N4303U	C150
25F4	N4303W	PA34
25F6	N4303Y	GC1
25F9	N43031	AS50
25FA	N43032	ACR2
25FB	N43033	TAYB
25FC	N43034	PA34
25FE	N43036	TAYB
25FF	N43037	P28A
2602	N4304	A320
2603	N4304A	PA22
2605	N4304C	C340
2606	N4304D	P28A
2609	N4304G	GLAS
260A	N4304H	PA15
260B	N4304J	P28A
260D	N4304L	P32R
2611	N4304Q	C172
2612	N4304R	C182
2614	N4304T	P28A
2615	N4304U	C150
2617	N4304W	PA32
2618	N4304X	PA34
261B	N43040	TAYB
261C	N43041	WACF
261D	N43042	TAYB
261F	N43044	P28A
2620	N43045	HROC
262A	N4305E	CH7A
262D	N4305H	M20P
262E	N4305J	P28A
262F	N4305K	NAVI
2630	N4305L	C172
2631	N4305M	PA12
2632	N4305N	P28B
2634	N4305Q	C172
2636	N4305S	M18
2637	N4305T	M18
2638	N4305U	BE36
263A	N4305W	BE55
263B	N4305X	P28A
263D	N4305Z	PA18
263E	N43050	P28A
263F	N43051	P28A
2640	N43052	TAYB
2643	N43055	P28A
2644	N43056	P28A
2645	N43057	P28A
2649	N4306A	BE55
264A	N4306B	P28A
264B	N4306C	CH7A
264C	N4306D	BE50
264E	N4306F	P32R
2650	N4306H	M20P
2652	N4306K	FOX
2653	N4306L	C172
2655	N4306N	C195
265A	N4306T	P28R
265B	N4306U	A319
265C	N4306V	P32R
265D	N4306W	BE36
2661	N43060	P28A
2662	N43061	DRIF
2663	N43062	P28R
2665	N43064	WACF
2666	N43065	PA18
2667	N43066	TAYB
2668	N43067	TAYB
266C	N4307A	PA22
2672	N4307G	P28B
2673	N4307H	PA15
2677	N4307M	P28A
2678	N4307N	COY2
2679	N4307P	PA23
267B	N4307R	C172
267D	N4307T	PA32
2681	N4307X	P28A
2682	N4307Y	P32R
2683	N4307Z	PA18
2684	N43070	PA32
2686	N43072	TAYB
2688	N43074	P32R
2690	N4308B	C170
2691	N4308C	CH7A
2692	N4308D	PA32
2695	N4308G	COY2
2696	N4308H	PA15
2697	N4308J	P28A
2698	N4308K	P28A
2699	N4308L	C172
269A	N4308M	P28A
269C	N4308P	P28A
269D	N4308Q	C172
269F	N4308S	BE36
26A1	N4308U	C150
26A6	N4308Z	C303
26A7	N43080	P28A
26A9	N43082	TAYB
26AA	N43083	TAYB
26AB	N43084	PTS1
26AC	N43085	TAYB
26AF	N43088	P28A
26B0	N43089	TAYB
26B2	N4309A	PA22
26B9	N4309H	PA15
26BA	N4309J	P28A
26BB	N4309K	NAVI
26BC	N4309L	C172
26BF	N4309P	PA23
26C0	N4309Q	C172
26C1	N4309R	C185
26C2	N4309S	BE36
26C7	N4309X	P28A
26C9	N4309Z	PA18
26CB	N43091	P28A
26CC	N43092	TAYB
26CD	N43093	TAYB
26CE	N43094	P28A
26CF	N43095	P28A
26D0	N43096	TAYB
26D2	N43098	P28A
26D3	N43099	P28A
26D4	N431	DH60
26D5	N431A	C172
26D7	N431AB	PA24
26DA	N431AE	B06
26DB	N431AF	C82T
26E2	N431AN	A21N
26E6	N431AS	B739
26EA	N431AW	CRJ2
26ED	N431AZ	B763
26EE	N431B	BE35
26EF	N431BA	GLID
26F1	N431BC	SF34
26F5	N431BG	BE9L
26F9	N431BL	SS2P
26FE	N431BR	C310
2700	N431BT	M20P
2708	N431CA	B06
270B	N431CD	SR22
270C	N431CE	C414
270D	N431CF	PA31
2711	N431CK	LJ35
2715	N431CP	C172
2721	N431DA	LJ31
2722	N431DB	M20P
2725	N431DE	DA40
2726	N431DF	S2P
272C	N431DM	CJ6
2731	N431DS	DA40
2736	N431DX	A339
2739	N431E	RV7
273E	N431EE	E50P
2749	N431ER	C172
274B	N431ET	PA46
2752	N431F	P28A
2754	N431FB	P32R
2757	N431FE	A310
275D	N431FL	FA20
2760	N431FP	C172
2762	N431FR	C72R
2768	N431FX	E545
2781	N431GX	M20P
2787	N431HC	A109
278A	N431HF	B430
2790	N431HM	DC3
279D	N431J	GLAS
279E	N431JA	F2TH
27A1	N431JD	H25B
27AB	N431JP	DA40
27B6	N431K	FLE2
27C4	N431KP	SA30
27D0	N431LA	CAMP
27D2	N431LC	C500
27D5	N431LF	B429
27D7	N431LH	UH1
27DA	N431LL	B430
27E8	N431M	LNC2
27E9	N431MA	BL8
27F0	N431MH	UH1
27F1	N431MJ	M20P
27F2	N431MK	S76
27F3	N431ML	C182
27F9	N431MS	C550
27FA	N431MT	LNP4
2809	N431NH	UH1
281A	N431P	B407
281B	N431PA	P28R
281D	N431PC	COL4
2826	N431PM	P46T
2828	N431PP	SREY
2844	N431QS	E55P
284C	N431R	BE10
284D	N431RA	DEFI
2858	N431RM	P28A
285A	N431RP	RV7
2860	N431RV	RV12
2866	N431SA	BL8
2868	N431SC	BE20
286F	N431SK	P3
2870	N431SL	B430
2871	N431SM	RV9
2873	N431SP	BE35
287A	N431SW	CRJ2
2880	N431TB	HUSK
2894	N431TX	C25C
2898	N431UA	A320
28A5	N431UP	B752
28C9	N431W	P28R
28CC	N431WC	PC12
28D0	N431WG	DHC1
28D6	N431WN	B737
28D9	N431WR	H46
28E2	N431X	M5
28EA	N431XH	UH1
2911	N431YX	E75L
291C	N431ZH	UH1
292F	N4310B	C170
2930	N4310C	CH7A
2931	N4310D	RV7
2932	N4310E	AR11
2933	N4310F	P28A
2936	N4310J	P28R
2938	N4310L	C172
293A	N4310N	C195
293B	N4310P	PA23
293C	N4310Q	C172
293E	N4310S	BE35
2940	N4310U	C150
2941	N4310V	C190
2942	N4310W	BE95
2946	N43100	PA46
2947	N43101	TAYB
294A	N43104	TAYB
294D	N43107	TAYB
294E	N43108	PA32
294F	N43109	CJ6
2951	N4311A	P28A
2952	N4311B	C170
2953	N4311C	CH7A
2955	N4311E	AR11
2956	N4311F	P28A
2959	N4311J	P28A
295B	N4311L	C172
295D	N4311N	C195
295E	N4311P	PA23
295F	N4311Q	C172
2961	N4311S	TL30
2962	N4311T	P28A
2963	N4311U	C337
2964	N4311V	P28A
2965	N4311W	P28B
2969	N43110	TAYB
296B	N43112	TAYB
296D	N43114	TAYB
296E	N43115	TAYB
2972	N43119	TAYB
2973	N4312	CAMP
2979	N4312F	P28A
297A	N4312G	R44
297C	N4312J	GLST
297D	N4312K	NAVI
297F	N4312M	PA32
2980	N4312N	C195
2983	N4312R	C172
2985	N4312T	P28A
2986	N4312U	C150
2987	N4312V	PA46
2988	N4312W	BE35
298A	N4312Y	PA23
298B	N4312Z	PA18
298C	N43120	P28A
298D	N43121	TAYB
298E	N43122	TAYB
2990	N43124	P28A
2991	N43125	P28A
2992	N43126	P28A
2993	N43127	TAYB
2994	N43128	P28A
2996	N4313	B26
2997	N4313A	PA22
2999	N4313C	CH7A
299A	N4313D	P28A
299C	N4313F	P28A
299E	N4313H	PA15
299F	N4313J	P28A
29A3	N4313N	P32R
29A4	N4313P	PA18
29A6	N4313R	C172
29A7	N4313S	P32R
29AD	N4313Y	PA18
29AF	N43130	PA34
29B3	N43134	PA34
29B5	N43136	P28A
29B7	N43138	P28A
29BB	N4314B	BE33
29C1	N4314H	PA15
29C2	N4314J	P28A
29C7	N4314P	P28A
29C8	N4314Q	C172
29CB	N4314T	P28A
29CD	N4314V	P28B
29D2	N43140	TAYB
29D3	N43141	P28A
29D4	N43142	B06
29D7	N43145	TAYB
29D8	N43146	TAYB
29DC	N4315	CASS
29DE	N4315B	C170
29DF	N4315C	C340
29E2	N4315F	P28R
29E4	N4315H	PA15
29E6	N4315K	NAVI
29E7	N4315L	C172
29E8	N4315M	PA12
29E9	N4315N	WH1
29EA	N4315P	MI2
29EB	N4315Q	C172
29EC	N4315R	C172
29EE	N4315T	PA32
29EF	N4315U	C150
29F0	N4315V	P28A
29F3	N4315Y	P28A
29F5	N43150	TAYB
29F6	N43151	P28A
29F7	N43152	V10
29F8	N43153	TAYB
29F9	N43154	P28A
29FA	N43155	U16
29FB	N43156	P32R
29FD	N43158	P28A
29FE	N43159	P28A
2A00	N4316A	PA22
2A01	N4316B	C170
2A02	N4316C	CH7A
2A03	N4316D	BE35
2A04	N4316E	CH7A
2A05	N4316F	P32R
2A07	N4316H	PA18
2A08	N4316J	P28A
2A0B	N4316M	PA12
2A0C	N4316N	UH1
2A0F	N4316R	C172
2A12	N4316U	PA44
2A14	N4316W	BE33
2A17	N4316Z	PA18
2A18	N43160	P28A
2A19	N43161	P32R
2A1A	N43162	FOX
2A1B	N43163	TAYB
2A1C	N43164	P28A
2A1E	N43166	TAYB
2A20	N43168	TAYB
2A24	N4317B	P28A
2A25	N4317C	CH7A
2A26	N4317D	P28A
2A29	N4317G	P28A
2A2A	N4317H	PA15
2A2B	N4317J	P28A
2A2C	N4317K	NAVI
2A31	N4317Q	C172
2A32	N4317R	C172
2A34	N4317T	P28A
2A37	N4317W	BE35
2A38	N4317X	P32R
2A3B	N43170	PA32
2A3C	N43171	P28A
2A43	N43178	TAYB
2A47	N4318B	P28A
2A48	N4318C	CH7A
2A4D	N4318H	PA15
2A50	N4318L	C172
2A51	N4318M	P28R
2A52	N4318N	C190
2A55	N4318R	C172
2A56	N4318S	P28B
2A5B	N4318X	RV4
2A5C	N4318Y	P28A
2A5D	N4318Z	P28A
2A5F	N43181	P28A
2A61	N43183	P28R
2A64	N43186	P28A
2A65	N43187	P28A
2A67	N43189	TAYB
2A6A	N4319B	C170
2A6C	N4319D	P28A
2A6D	N4319E	PA38
2A72	N4319K	NAVI
2A74	N4319M	PA46
2A78	N4319R	C185
2A79	N4319S	BE95
2A7C	N4319V	C195
2A7E	N4319X	P28A
2A7F	N4319Y	P28A
2A80	N4319Z	PA18
2A81	N43190	TAYB
2A85	N43194	TAYB
2A87	N43196	TAYB
2A8A	N43199	TAYB
2A8B	N432	BE95
2A8E	N432AB	BE33
2A91	N432AE	M20P
2A96	N432AK	E55P
2A99	N432AN	A21N
2A9E	N432AT	E50P
2AA1	N432AW	CRJ2
2AA2	N432AX	B763
2AA5	N432B	C310
2AA6	N432BA	C180
2AB0	N432BL	NG5
2AB3	N432BP	C82S
2AB5	N432BR	R44
2AC0	N432CB	SR22
2AC1	N432CC	SBR1
2AC2	N432CD	SR22
2AC3	N432CE	S22T
2AC7	N423CJ	C25C
2AC9	N432CL	SF34
2ACC	N432CP	SR22
2ACF	N432CS	C25B
2AD3	N432CW	PA31
2AD5	N432CY	RV12
2AD7	N432D	C150
2AD8	N432DA	AT3P
2AD9	N432DB	C180
2ADA	N432DC	SR22
2ADC	N432DE	PA46
2ADD	N432DF	S2P
2ADE	N432DG	RV6
2ADF	N432DH	BE30
2AE2	N432DL	BE58
2AE3	N432DM	BL17
2AE5	N432DP	P32R
2AE7	N432DR	P32R
2AE8	N432DS	DA40
2AE9	N432DT	P208
2AEC	N432DW	HUSK
2AED	N432DX	A339
2AF0	N432E	C182
2AF1	N432EA	C82S
2AF2	N432EB	UH1
2AFC	N432EM	FOX
2B00	N432ER	C72R
2B08	N432EZ	VEZE
2B0E	N432FE	DH8A
2B15	N432FM	BE36
2B16	N432FN	UH1
2B19	N432FR	A20N
2B1F	N432FX	E545
2B22	N432G	C210
2B25	N432GC	UH1
2B2A	N432GH	CL30
2B3E	N432HC	GLF4
2B41	N432HF	B430
2B49	N432HP	P28A
2B55	N432JA	COL4
2B57	N432JC	UH1
2B5C	N432JH	ALIG
2B5F	N432JL	T6
2B65	N432JS	B407
2B70	N432KC	P32R
2B7A	N432KN	UH1
2B7E	N432KS	C56X
2B89	N432LC	R44
2B8B	N432LE	R22
2B8C	N432LF	B429
2B91	N432LL	P32T
2B97	N432LS	FOX
2B9B	N432LW	C25B
2B9F	N432M	GLID
2BA0	N432MA	BE40
2BA6	N432MG	MM22
2BA7	N432MH	PC12
2BA8	N432MJ	M20P
2BAB	N432MM	RV7
2BAF	N432MR	A139
2BB1	N432MT	C206
2BBB	N432NC	P32R
2BC4	N432NM	C550
2BCF	N432NY	B430
2BD2	N432PA	A119
2BD4	N432PC	R44
2BD9	N432PH	B407
2BDB	N432PK	B350
2BE1	N432PR	CHR4
2BE6	N432PW	RV9
2BFB	N432QS	E55P
2C00	N432QX	DH8D
2C04	N432RA	C340
2C05	N432RB	PC12
2C07	N432RD	EN48
2C0C	N432RJ	C550
2C0D	N432RK	S22T
2C15	N432RT	T6
2C17	N432RV	RV6
2C1C	N432S	C180
2C1D	N432SA	PA34
2C1E	N432SB	RV12
2C1F	N432SC	DA40
2C21	N432SE	VIX
2C28	N432SM	H25B
2C2D	N432SS	PC12
2C31	N432SW	CRJ2
2C32	N432SX	SONX
2C35	N432T	BE35
2C3A	N432TE	CH7B
2C3B	N432TF	RV12
2C41	N432TM	RV7
2C46	N432TS	C82R
2C47	N432TT	RV6
2C49	N432TV	B06
2C4B	N432TX	C560
2C4E	N432U	BE18
2C4F	N432UA	A320
2C5C	N432UP	B752
2C81	N432WA	AT3T
2C83	N432WC	O1
2C88	N432WH	LNC2
2C8A	N432WK	SF50
2C8D	N432WN	B737
2C91	N432WS	CRER
2C92	N432WT	PC12
2C95	N432WW	P28A
2CB2	N432Y	PA11
2CC8	N432YX	E75L
2CCB	N432Z	BE58
2CCC	N432ZA	C150
2CE6	N4320B	RAF2
2CE7	N430C	FA7X
2CE9	N4320E	ST75
2CEA	N4320F	P28A
2CEC	N4320H	PA15
2CED	N4320J	P28A
2CEE	N4320K	FB1A
2CF0	N4320M	PA12
2CF4	N4320R	C172
2CF6	N4320T	P32R
2CFB	N4320Y	P28A
2CFC	N4320Z	PA18
2CFD	N43200	P28A
2D00	N43203	TAYB
2D03	N43206	P28A
2D05	N43208	P28A
2D06	N43209	TAYB
2D09	N4321B	BDOG
2D0A	N4321C	CH7A
2D0D	N4321F	P28R
2D0F	N4321H	PA15
2D10	N4321J	P28A
2D11	N4321K	NAVI
2D13	N4321M	P32R
2D16	N4321Q	C172
2D17	N4321R	R66
2D18	N4321S	BE35
2D19	N4321T	P28R
2D1A	N4321U	C150
2D1D	N4321X	C210
2D1E	N4321Y	PA23
2D1F	N4321Z	BE95
2D20	N43210	TAYB
2D21	N43211	TAYB
2D24	N43214	P28A
2D25	N43215	P28R
2D27	N43217	TAYB
2D28	N43218	P28A
2D29	N43219	P28A
2D2D	N4322C	CH7A
2D30	N4322F	P28R
2D32	N4322H	M20P
2D33	N4322J	P28A
2D34	N4322K	PA32
2D35	N4322L	C172
2D36	N4322M	PA12
2D37	N4322N	L39
2D3A	N4322R	C182
2D3C	N4322T	PA23
2D3D	N4322U	L39
2D3F	N4322W	BE35
2D40	N4322X	P28A
2D41	N4322Y	PA46
2D42	N4322Z	PA18
2D43	N43220	TAYB
2D44	N43221	P28A
2D47	N43224	P28A
2D48	N43225	PA34
2D4B	N43228	TAYB
2D4C	N43229	SPHA
2D4F	N4323B	PA46
2D50	N4323C	GLST
2D53	N4323F	P32R
2D55	N4323H	M20P
2D57	N4323K	NAVI
2D58	N4323L	C172
2D5B	N4323P	PA46
2D5C	N4323Q	C172
2D5D	N4323R	C172
2D5F	N4323T	P28R
2D61	N4323V	C190
2D63	N4323X	P28A
2D65	N4323Z	PA18
2D68	N43232	P28A
2D6A	N43234	P28A
2D6C	N43236	TAYB
2D6D	N43237	P28A
2D70	N4324	CORS
2D73	N4324C	CH7A
2D74	N4324D	PA34
2D78	N4324H	PA18
2D79	N4324J	P28A
2D7C	N4324M	PA12
2D7D	N4324N	C195
2D80	N4324R	C172
2D83	N4324U	C150
2D84	N4324V	BE58
2D85	N4324W	BE55
2D87	N4324Y	PA34
2D88	N4324Z	PA18
2D89	N43240	P28A
2D8A	N43241	P28A
2D8B	N43242	TAYB
2D8C	N43243	P28A
2D8E	N43245	TAYB
2D90	N43247	P28A
2D91	N43248	P28A
2D95	N4325B	C170
2D97	N4325D	BE35
2D99	N4325F	P28A
2D9C	N4325J	P28A
2D9E	N4325L	C172
2DA2	N4325Q	C172
2DA3	N4325R	C172
2DA5	N4325T	P28A
2DA6	N4325U	P28A
2DA7	N4325V	P28A
2DAE	N43252	TAYB
2DB1	N43255	TAYB
2DB3	N43257	P28A
2DB4	N43258	TAYB
2DB8	N4326B	C170
2DB9	N4326C	C340
2DBC	N4326F	P28A
2DBF	N4326J	P28A
2DC1	N4326L	P28A
2DC2	N4326M	M18
2DC3	N4326N	P28A
2DC5	N4326Q	C172
2DC7	N4326S	AT3P
2DC9	N4326U	C150
2DCE	N4326Z	PA18
2DD0	N43261	TAYB
2DD2	N43263	GLST
2DD3	N43264	TAYB
2DD4	N43265	RBEL
2DD5	N43266	R22
2DD7	N43268	P28A
2DD8	N43269	TAYB
2DDA	N4327A	PA22
2DDE	N4327E	PA38
2DE2	N4327J	PA32
2DE5	N4327M	P32R
2DE6	N4327N	PA34
2DE7	N4327P	PA32
2DE8	N4327Q	C172
2DEC	N4327U	C150
2DED	N4327V	C195
2DEE	N4327W	P32R
2DF2	N43270	TAYB
2DF3	N43271	TAYB
2DF4	N43272	TAYB
2DF8	N43276	PA32
2DF9	N43277	TAYB
2DFA	N43278	TAYB
2DFD	N4328A	PA22
2DFE	N4328B	P32R
2DFF	N4328C	CH7A
2E01	N4328E	CH7A
2E04	N4328H	M20P
2E05	N4328J	P28A
2E06	N4328K	NAVI
2E08	N4328M	PA12
2E09	N4328N	P28A
2E0A	N4328P	SS2T
2E0B	N4328Q	C172
2E0E	N4328T	P28A
2E10	N4328V	C195
2E12	N4328X	PA12
2E13	N4328Y	L39
2E14	N4328Z	PA18
2E15	N43280	AVID
2E16	N43281	TAYB
2E17	N43282	TAYB
2E18	N43283	TAYB
2E1C	N43287	P28A
2E1E	N43289	P28A
2E23	N4329D	BD5
2E25	N4329F	PA36
2E2A	N4329L	C172
2E2B	N4329M	P28A
2E2C	N4329N	C195
2E2D	N4329P	P28A
2E2E	N4329Q	C172
2E32	N4329U	C150
2E34	N4329W	BE60
2E35	N4329X	P28R
2E36	N4329Y	PA23
2E37	N4329Z	PA18
2E38	N43290	TAYB
2E39	N43291	P28A
2E3A	N43292	TAYB
2E3C	N43294	TAYB
2E3D	N43295	TAYB
2E3E	N43296	TAYB
2E41	N43299	FOX
2E42	N433	AA5
2E43	N433A	ERCO
2E4A	N433AG	AA5
2E4D	N433AK	A109
2E4F	N433AM	PC12
2E50	N433AN	A21N
2E54	N433AS	B739
2E58	N433AW	CRJ2
2E5B	N433AZ	B763
2E5C	N433B	BE35
2E5D	N433BA	GLID
2E5F	N433BC	RV7
2E6A	N433BP	P210
2E75	N433C	S108
2E7B	N433CF	SR22
2E81	N433CM	EC35
2E83	N433CP	SR22
2E87	N433CT	FDCT
2E8E	N433D	BE35
2E90	N433DB	PA31
2E92	N433DD	LJ35
2E93	N433DE	R44
2E94	N433DF	S2P
2E99	N433DL	CH7A
2E9B	N433DN	BE33
2E9C	N433DP	COZY
2E9F	N433DS	DA40
2EA4	N433DX	A339
2EA7	N433E	RV8
2EB7	N433ER	C172
2EBF	N433EZ	LGEZ
2EC7	N433FG	FOUG
2ECB	N433FL	P28A
2ED0	N433FR	C72R
2ED1	N433FS	RV4
2ED6	N433FX	E545
2ED9	N433G	P46T
2EF2	N433H	CH7A
2EF4	N433HB	COY2
2EF5	N433HC	BE20
2F0F	N433JD	RV9
2F17	N433JM	BE20
2F1C	N433JS	B407
2F1D	N433JT	SONX
2F24	N433K	BE55
2F2C	N433KH	C337
2F3D	N433L	BE35
2F3E	N433LA	CLON
2F43	N433LF	B429
2F51	N433LV	B737
2F57	N433MA	P28A
2F59	N433MC	PA46
2F5F	N433MJ	SR20
2F61	N433ML	S22T
2F88	N433P	B407
2F89	N433PA	PA44
2F8B	N433PC	PA18
2F90	N433PH	B407
2F91	N433PJ	P46T
2F9D	N433PW	RV10
2FB2	N433QS	E55P
2FBA	N433R	FOX
2FBB	N433RA	P28A
2FBE	N433RD	T33
2FC6	N433RM	C172
2FCE	N433RV	RV10
2FD3	N433S	BE35
2FD5	N433SB	C182
2FD6	N433SC	ONEX
2FDB	N433SH	GLIM
2FDD	N433SK	R44
2FE1	N433SP	C172
2FE5	N433ST	PA32
2FE8	N433SW	CRJ2
2FEC	N433T	BE35
2FED	N433TA	T206
2FEE	N433TB	R44
2FF5	N433TJ	BL8
2FF8	N433TM	SR22
2FFE	N433TT	GLID
3001	N433TW	PC12
3006	N433UA	A320
3013	N433UP	B752
301E	N433V	CAMP
3020	N433VB	BDOG
3021	N433VC	RV10
3037	N433W	C170
3048	N433WS	SR22
304C	N433WW	WAIX
3050	N433X	M5
3053	N433XC	ACAM
307A	N433YS	RV8
307F	N433YX	E75L
308F	N433ZN	UH1
309C	N4330A	PA22
309F	N4330D	P28A
30A0	N4330E	PA38
30A1	N4330F	P32R
30A3	N4330H	PA15
30A7	N4330M	PA12
30A8	N4330N	C190
30AA	N4330Q	C172
30AB	N4330R	P28B
30AD	N4330T	P28A
30AE	N4330U	C150
30B3	N4330Z	PA18
30B4	N43300	TAYB
30B7	N43303	TAYB
30BA	N43306	TAYB
30BB	N43307	TAYB
30C0	N4331B	PA32
30C1	N4331C	P32R
30C2	N4331D	P28B
30C3	N4331E	BE36
30C6	N4331H	PA17
30C8	N4331K	NAVI
30C9	N4331L	C172
30CB	N4331N	C195
30CC	N4331P	P28A
30CD	N4331Q	C172
30CE	N4331R	C172
30D3	N4331W	BE58
30D4	N4331X	P28A
30D5	N4331Y	PA25
30D7	N43310	BUCA
30D8	N43311	P28A
30DB	N43314	P28A
30DC	N43315	TAYB
30DD	N43316	P28A
30E0	N43319	TAYB
30E2	N4332A	PA22
30E4	N4332C	C188
30E5	N4332D	BE23
30E9	N4332H	PA15
30EA	N4332J	RV4
30EB	N4332K	NAVI
30EC	N4332L	P28A
30EE	N4332N	P28A
30F1	N4332R	C172
30F2	N4332S	AT3P
30F3	N4332T	PA32
30F5	N4332V	C195
30F7	N4332X	P28A
30F9	N4332Z	PA18
30FA	N43320	ST75
30FB	N43321	P28A
30FD	N43323	TAYB
30FE	N43324	TAYB
30FF	N43325	P28A
3100	N43326	P28A
3102	N43328	TAYB
3103	N43329	TAYB
3104	N4333	LA4
3105	N4333A	P28A
3106	N4333B	P28A
3107	N4333C	P28A
3109	N4333E	AR11
310B	N4333G	PA34
310C	N4333H	PA15
310D	N4333J	P28A
310F	N4333L	C172
3110	N4333M	PA12
3111	N4333N	C195
3112	N4333P	PA23
3114	N4333R	C172
3116	N4333T	P28A
3119	N4333W	J3
311A	N4333X	P28R
311B	N4333Y	PA25
311E	N43331	PA32
3121	N43334	MRAI
3122	N43335	P28A
3123	N43336	TAYB
3124	N43337	P28A
3125	N43338	TAYB
3128	N4334A	PA22
3129	N4334B	P28A
312A	N4334C	CH7A
312D	N4334F	P28A
3130	N4334J	P28A
3132	N4334L	C172
3134	N4334N	C195
3135	N4334P	PA23
3136	N4334Q	C172
3137	N4334R	C172
3139	N4334T	PA32
313A	N4334U	C150
313B	N4334V	P28A
313D	N4334X	P28A
313E	N4334Y	DHC2
3140	N43340	ST75
3144	N43344	ST75
3145	N43345	TAYB
3146	N43346	TAYB
3148	N43348	P28A
3149	N43349	TAYB
314E	N4335D	P28A
3152	N4335H	M20P
3153	N4335J	P28A
3154	N4335K	P28A
3155	N4335L	C172
3156	N4335M	P28B
3158	N4335P	P28B
315A	N4335R	C172
315D	N4335U	C150
315E	N4335V	C195
3160	N4335X	P28R
3161	N4335Y	PA25
3162	N4335Z	PA18
3165	N43352	P28A
3166	N43353	P28A
3167	N43354	TAYB
3168	N43355	PA32
3169	N43356	TAYB
316E	N4336A	PA22
316F	N4336B	C170
3170	N4336C	CH7A
3171	N4336D	PA32
3174	N4336G	P32R
3175	N4336H	M20P
3177	N4336K	NAVI
3178	N4336L	C172
3179	N4336M	C188
317A	N4336N	C195
317C	N4336Q	COY2
317E	N4336S	M7
3182	N4336W	PA46
3183	N4336X	P28A
3186	N43360	P28A
3187	N43361	P28A
3188	N43362	PA46
318C	N43366	TAYB
318E	N43368	PA46
3190	N4337	WACO
3192	N4337B	H500
3193	N4337C	CH7A
3195	N4337E	FOX
3196	N4337F	P28A
3197	N4337G	CH60
3199	N4337J	P28A
319B	N4337L	C172
319D	N4337N	C195
319F	N4337Q	C172
31A2	N4337T	P28R
31A3	N4337U	C150
31A4	N4337V	P28A
31A5	N4337W	BE95
31A7	N4337Y	PA25
31A8	N4337Z	PA18
31AA	N43371	TAYB
31AB	N43372	TAYB
31AC	N43373	CH60
31AE	N43375	P28A
31B7	N4338D	B06
31B8	N4338E	AR11
31B9	N4338F	P28A
31BC	N4338J	P28A
31BD	N4338K	NAVI
31BE	N4338L	C172
31BF	N4338M	P28A
31C0	N4338N	P28A
31C1	N4338P	P28A
31C2	N4338Q	C172
31C3	N4338R	C172
31C7	N4338V	P28A
31CB	N4338Z	PA18
31CC	N43380	P28B
31CE	N43382	TAYB
31D0	N43384	TAYB
31D5	N43389	TAYB
31D8	N4339B	C170
31D9	N4339C	CH7A
31DA	N4339D	RV4
31DE	N4339H	M20P
31E0	N4339K	NAVI
31E1	N4339L	PA32
31E2	N4339M	PA12
31E4	N4339P	PA23
31E5	N4339Q	C172
31E6	N4339R	C172
31E8	N4339T	PA32
31EA	N4339V	C190
31EB	N4339W	P32R
31ED	N4339Y	PA25
31F1	N43392	TAYB
31F3	N43394	PA34
31F5	N43396	TAYB
31FC	N434AB	J5
31FF	N434AE	B06
3203	N434AJ	R44
3206	N434AM	B407
3207	N434AN	A21N
320A	N434AR	DHC6
320B	N434AS	B739
320F	N434AW	CRJ2
3214	N434BA	GLID
3215	N434BB	PA24
3228	N434BW	C414
322B	N434BZ	SR20
322D	N434CA	C212
322E	N434CB	C150
322F	N434CC	BT36
3230	N434CD	SR22
3232	N434CF	C25A
323A	N434CP	C82T
323C	N434CR	PA18
323D	N434CS	C82T
3241	N434CW	TAYB
3245	N434D	T34P
3249	N434DD	R22
324A	N434DE	R44
324B	N434DF	S2P
324E	N434DJ	PA32
324F	N434DK	LNP4
3251	N434DM	PTS2
3255	N434DR	RV7
3256	N434DS	COZY
3257	N434DT	BL8
325A	N434DW	RV7
325B	N434DX	A339
326C	N434EP	C72R
326E	N434ER	C172
327F	N434FH	FH11
3282	N434FL	P28A
3287	N434FR	A20N
328D	N434FX	E545
32A6	N434GX	GX
32AC	N434HC	SIRA
32C2	N434J	LGEZ
32C3	N434JA	PC12
32C4	N434JB	K100
32C9	N434JG	C185
32CA	N434JH	T34P
32CC	N434JK	RV7
32CE	N434JM	SSTL
32D0	N434JP	RV6
32D2	N434JR	T34P
32D6	N434JV	P28A
32E9	N434KP	BD4
32F4	N434L	BE35
3304	N434LR	PC12
3310	N434MC	BE95
3314	N434MG	BE36
3316	N434MJ	PC12
3317	N434MK	DH8D
3319	N434MM	SR22
331F	N434MT	EA50
3340	N434PA	PA44
3341	N434PB	GA6C
3347	N434PH	B407
3348	N434PJ	CL35
3354	N434PW	P28B
3369	N434QS	E55P
3373	N434RB	G2T1
337A	N434RJ	P28R
337D	N434RM	T34P
3381	N434RR	AVTR
3382	N434RS	BE55
3385	N434RV	RV6
338A	N434S	P28A
338B	N434SA	DA40
338D	N434SC	C25C
3398	N434SP	C172
339A	N434SR	SR22
339C	N434ST	H269
33A3	N434T	BE50
33A4	N434TA	DC6
33A5	N434TB	SR22
33AB	N434TH	H60
33AF	N434TM	LEG2
33B8	N434TW	PC12
33B9	N434TX	S22T
33BD	N434UA	A320
33CA	N434UP	B752
33CE	N434UT	EC30
33FB	N434WN	B737
33FC	N434WP	P28A
3405	N434WY	HUSK
3407	N434X	CH70
3436	N434YX	E75L
3454	N4340B	C170
3455	N4340C	CH7A
3459	N4340G	P28R
345A	N4340H	PA15
345B	N4340J	SS2P
345C	N4340K	SS2P
345D	N4340L	C172
345E	N4340M	PA12
3467	N4340W	BE35
346A	N4340Z	PA18
3470	N43405	SA30
3472	N43407	TAYB
3473	N43408	P28A
3474	N43409	TAYB
3478	N4341C	CH7A
3479	N4341D	P32R
347A	N4341E	CH7A
347C	N4341G	SA75
347D	N4341H	M20P
347E	N4341J	RV6
347F	N4341K	NAVI
3480	N4341L	C172
3482	N4341N	PA46
3483	N4341P	VEZE
3485	N4341R	C172
3487	N4341T	RV6
348A	N4341W	BE24
348B	N4341X	AVID
348D	N4341Z	PA18
348E	N43410	TAYB
3490	N43412	PA46
3493	N43415	TAYB
3494	N43416	TAYB
3495	N43417	P28A
3497	N43419	BOLT
3499	N4342A	BE35
349B	N4342C	P28A
349D	N4342E	PA38
34A2	N4342K	NAVI
34A3	N4342L	C172
34A4	N4342M	PA12
34A5	N4342N	P28B
34AE	N4342X	P28R
34AF	N4342Y	P32R
34B0	N4342Z	PA18
34B3	N43422	P28A
34B5	N43424	TAYB
34B7	N43426	TAYB
34B9	N43428	P32R
34BD	N4343B	C170
34BE	N4343C	CH7A
34C0	N4343E	P28A
34C6	N4343L	C172
34C9	N4343P	PA34
34CA	N4343Q	C172
34CB	N4343R	C172
34CD	N4343T	P28A
34CE	N4343U	C150
34D0	N4343W	BE24
34D3	N4343Z	PA18
34D4	N43430	P28R
34D5	N43431	P28A
34D6	N43432	J3
34D7	N43433	TAYB
34D8	N43434	P28A
34DB	N43437	TAYB
34DF	N4344A	PA22
34E0	N4344B	C170
34E4	N4344F	P28A
34E6	N4344H	PA15
34E7	N4344J	R44
34E9	N4344L	C172
34EA	N4344M	BE19
34EB	N4344N	C195
34EC	N4344P	P28A
34EE	N4344R	BE55
34EF	N4344S	AT3P
34F0	N4344T	P28A
34F1	N4344U	C150
34F2	N4344V	C195
34F4	N4344X	RV6
34F6	N4344Z	PA18
34F9	N43442	CH70
34FA	N43443	TAYB
34FC	N43445	P28A
34FD	N43446	DHC2
34FF	N43448	P28A
3500	N43449	P28A
3503	N4345B	P28A
3505	N4345D	PA12
3508	N4345G	P28A
3509	N4345H	PA15
350B	N4345K	P28B
350D	N4345M	PA12
350F	N4345P	P28A
3510	N4345Q	C172
3511	N4345R	P28B
3513	N4345T	CRER
3514	N4345U	C150
351A	N43450	P32R
351B	N43451	PA32
351C	N43452	TAYB
351F	N43455	P28A
3520	N43456	P28A
3522	N43458	TAYB
3523	N43459	TAYB
3525	N4346A	PA22
3527	N4346C	CH7A
3528	N4346D	P28A
352A	N4346F	P28A
352C	N4346H	M20P
352D	N4346J	P28A
352E	N4346K	NAVI
3530	N4346M	PZ04
3531	N4346N	C195
3532	N4346P	PA46
3533	N4346Q	C172
3534	N4346R	C172
3538	N4346V	C190
353A	N4346X	P28R
353D	N43460	P28A
353E	N43461	L29
353F	N43462	TAYB
3540	N43463	TAYB
3542	N43465	TAYB
3546	N43469	TAYB
354B	N4347D	P28A
354C	N4347E	PA38
354E	N4347G	P28A
354F	N4347H	P28A
3551	N4347K	P28A
3552	N4347L	C172
3557	N4347R	C172
355A	N4347U	C150
355B	N4347V	C195
3561	N43471	PA32
3564	N43474	P28R
3568	N43478	TAYB
3569	N43479	TAYB
356D	N4348C	CH7A
356F	N4348E	CH7A
3570	N4348F	P28A
3574	N4348K	NAVI
3576	N4348M	P28R
3578	N4348P	B47G
3579	N4348Q	RV6
3581	N4348Y	PA34
3582	N4348Z	PA18
3584	N43481	TRDO
358B	N43488	P28A
358E	N4349A	P28R
358F	N4349B	C170
3590	N4349C	CH7A
3592	N4349E	CH7A
3593	N4349F	P28A
3595	N4349H	PA15
3598	N4349L	P28A
3599	N4349M	PA12
359D	N4349R	C172
359F	N4349T	P28A
35A0	N4349U	C150
35A3	N4349X	P28A
35A4	N4349Y	P28A
35A6	N43490	C172
35A8	N43492	FOX
35A9	N43493	P28A
35AA	N43494	TAYB
35AC	N43496	P28R
35AD	N43497	TAYB
35AE	N43498	TAYB
35B6	N435AE	B06
35BB	N435AK	A109
35BE	N435AN	A21N
35C2	N435AS	B739
35C6	N435AW	CRJ2
35CA	N435B	DHC3
35E3	N435C	NAVI
35E4	N435CA	C172
35E7	N435CD	SR22
35E8	N435CE	C425
35ED	N435CK	T206
35F1	N435CP	SR22
35FE	N435DB	M20P
35FF	N435DC	LJ45
3601	N435DE	R44
3602	N435DF	S2P
3603	N435DG	BE36
3604	N435DH	EC35
360C	N435DR	C172
3612	N435DX	A339
3625	N435ER	C172
3633	N435FE	A310
3635	N435FG	CL35
363E	N435FR	A20N
3644	N435FX	E545
364E	N435GG	EPIC
3658	N435GS	VELO
3662	N435HB	C25C
3663	N435HC	GLF4
3668	N435HH	LJ45
366E	N435HP	P46T
367A	N435JA	S22T
367D	N435JD	H25B
367F	N435JF	F2TH
3685	N435JM	BE36
3696	N435KD	MD11
36A2	N435KR	RV9
36B6	N435LL	EC35
36C4	N435M	BE36
36C5	N435MA	HUSK
36C7	N435MC	BE95
36C8	N435MD	RV14
36D5	N435MS	LJ35
36D6	N435MT	C208
36DD	N435N	E55P
36DE	N435NA	EC35
36E1	N435ND	P28A
36E3	N435NF	EA50
36F2	N435NW	TRDO
36F7	N435PA	PA44
3701	N435PL	L8
3706	N435PR	B06
3720	N435QS	GLF4
3724	N435QW	RAF2
3725	N435QX	DH8D
3732	N435RK	CB1
3734	N435RM	BE35
373A	N435RT	M20P
373D	N435RW	SREY
3747	N435SF	P32R
3748	N435SG	PC12
374F	N435SP	C172
3751	N435SR	SR22
3756	N435SW	CRJ2
375B	N435TA	C82T
3766	N435TM	E55P
376B	N435TS	DA42
376F	N435TW	PC12
3774	N435UA	A320
3781	N435UP	B752
3785	N435UT	EC30
37B1	N435WM	BE35
37B2	N435WN	B737
37B9	N435WV	PPRO
37BE	N435X	M5
37C7	N435XJ	SF34
37D7	N435Y	G2T1
37ED	N435YX	E75L
380E	N4350E	PA38
3810	N4350G	P28A
3811	N4350H	M20P
3812	N4350J	AT3T
3819	N4350R	C172
381A	N4350S	AT3P
381B	N4350T	P28R
381C	N4350U	P28B
381D	N4350V	C195
381E	N4350W	BE24
3821	N4350Z	PA18
3822	N43500	TAYB
3824	N43502	TAYB
3827	N43505	TAYB
3829	N43507	P28A
382F	N4351C	CH7A
3830	N4351D	P28B
3831	N4351E	CH7A
3835	N4351J	L39
3836	N4351K	P32R
3837	N4351L	C172
383B	N4351Q	C172
383C	N4351R	C172
383D	N4351S	AT3P
383E	N4351T	P28A
383F	N4351U	P32R
3840	N4351V	C195
3842	N4351X	P28R
3845	N43510	TAYB
3846	N43511	P28A
3849	N43514	TAYB
384E	N43519	PA34
384F	N4352	BIPL
3850	N4352A	PA22
3852	N4352C	CH7A
3853	N4352D	P28A
3854	N4352E	CH7A
3855	N4352F	P32R
3856	N4352G	P28A
3859	N4352K	NAVI
385C	N4352N	C195
385F	N4352R	C172
3861	N4352T	P28A
3863	N4352V	C195
3865	N4352X	P28A
3868	N43520	COY2
386E	N43526	P28R
386F	N43527	PA32
3870	N43528	TAYB
3871	N43529	TAYB
3873	N4353A	PA22
3875	N4353C	CH7A
3876	N4353D	AVID
387A	N4353H	PA15
387B	N4353J	P28A
387D	N4353L	P28A
387F	N4353N	C190
3881	N4353Q	C172
3882	N4353R	FOX
3884	N4353T	RV6
3886	N4353V	RV4
3888	N4353X	P28A
388B	N43530	RV4
388C	N43531	TAYB
388E	N43533	TAYB
3892	N43537	RS12
3894	N43539	TAYB
3898	N4354C	CH7A
389D	N4354H	PA15
389F	N4354K	PA34
38A0	N4354L	C172
38A3	N4354P	PA23
38A5	N4354R	C185
38A7	N4354T	P28R
38A9	N4354V	C195
38B1	N43543	TAYB
38B2	N43544	P28A
38B4	N43546	TAYB
38B7	N43549	TAYB
38BB	N4355C	CH7A
38BC	N4355D	P28B
38BE	N4355F	P28B
38C0	N4355H	PA15
38C1	N4355J	P28A
38C2	N4355K	NAVI
38C3	N4355L	C172
38C4	N4355M	PA12
38C5	N4355N	P28R
38C6	N4355P	PA23
38CA	N4355T	P28R
38CD	N4355W	BE24
38CE	N4355X	P28R
38D0	N4355Z	PA18
38D1	N43550	P28A
38D4	N43553	TAYB
38D6	N43555	P28A
38D7	N43556	P28A
38D9	N43558	TAYB
38DA	N43559	P28A
38DD	N4356B	P28A
38E0	N4356E	PA38
38E1	N4356F	P28A
38E2	N4356G	BE18
38E4	N4356J	P28A
38E5	N4356K	NAVI
38E7	N4356M	PA12
38EB	N4356R	C185
38ED	N4356T	LGEZ
38F6	N43562	TAYB
38F8	N43564	TAYB
38FA	N43566	SONX
38FC	N43568	P28A
38FD	N43569	P28A
3900	N4357B	C170
3901	N4357C	CH7A
3902	N4357D	BE50
3903	N4357E	CH7A
3904	N4357F	P28A
3907	N4357J	P28A
390B	N4357N	C195
390C	N4357P	PA23
3910	N4357T	P28A
3912	N4357V	C195
3914	N4357X	PA32
3919	N43572	TAYB
391E	N43577	PA34
3922	N4358A	PA22
3923	N4358B	C170
3925	N4358D	P32R
392A	N4358J	P28A
392B	N4358K	NAVI
392D	N4358M	PA46
392E	N4358N	LJ35
392F	N4358P	PA23
3931	N4358R	C172
3933	N4358T	P28A
3934	N4358U	C150
3935	N4358V	C195
3936	N4358W	BE19
3937	N4358X	PA34
393F	N43585	TAYB
3940	N43586	P28A
3941	N43587	P28R
3946	N4359B	C170
3947	N4359C	P28A
394A	N4359F	B212
394F	N4359L	C172
3953	N4359Q	C172
3954	N4359R	C182
3959	N4359W	BE19
395A	N4359X	P28A
395B	N4359Y	P28A
395C	N4359Z	PA18
3960	N43593	P28A
3962	N43595	P28B
3966	N43599	P28A
396A	N436AB	GL5T
396B	N436AC	BL8
396D	N436AE	B06
3975	N436AN	A21N
397A	N436AT	BE58
397D	N436AW	CRJ2
3982	N436BA	A5
3984	N436BC	EXEC
398A	N436BJ	RV8
399A	N436C	F2TH
399B	N436CA	C172
399E	N436CD	SR22
39A6	N436CM	EC35
39A8	N436CP	SR22
39AB	N436CS	C82T
39B8	N436DE	R44
39B9	N436DF	S2P
39BA	N436DG	BE36
39BF	N436DM	CL60
39C4	N436DS	H500
39C9	N436DX	A339
39CC	N436E	BE35
39CD	N436EA	BE20
39DC	N436ER	C172
39DF	N436EU	BE36
39F0	N436FL	BE40
39F5	N436FR	A20N
39FB	N436FX	E545
39FE	N436G	P28A
3A0A	N436GM	TBM
3A32	N436JB	BE35
3A35	N436JE	RV6
3A40	N436JR	VTRA
3A41	N436JS	STAL
3A49	N436K	FLE2
3A4C	N436KC	P32R
3A7B	N436M	BT36
3A7C	N436MA	P32T
3A8B	N436MR	R44
3A95	N436NA	C130
3A98	N436ND	P28A
3AAD	N436P	BE35
3AAE	N436PA	PA44
3AB1	N436PD	PA18
3ABE	N436PS	M20P
3AD7	N436QS	E55P
3ADC	N436QX	DH8D
3AE0	N436RA	BE36
3AE1	N436RB	C68A
3AE8	N436RJ	BE20
3AF8	N436S	BE36
3AF9	N436SA	C150
3AFB	N436SC	PA44
3AFC	N436SD	B06
3B02	N436SK	R22
3B06	N436SP	C172
3B11	N436T	BE35
3B19	N436TH	C172
3B26	N436TW	PC12
3B2B	N436UA	A320
3B38	N436UP	B752
3B5E	N436WB	SRAI
3B69	N436WN	B737
3B6C	N436WR	WIRR
3BA4	N436YX	E75L
3BC3	N4360C	P32R
3BC5	N4360E	CH7A
3BC6	N4360F	P28A
3BC9	N4360J	P28A
3BCC	N4360M	PA34
3BCF	N4360Q	C172
3BD0	N4360R	C172
3BD4	N4360V	PA46
3BD8	N4360Z	PA18
3BDA	N43601	P28A
3BDC	N43603	TAYB
3BDD	N43604	P28A
3BDE	N43605	PA46
3BDF	N43606	TAYB
3BE4	N4361A	PA18
3BE5	N4361B	C170
3BE6	N4361C	CH7A
3BE7	N4361D	PA18
3BEB	N4361H	M20P
3BEC	N4361J	P28A
3BED	N4361K	P32R
3BEE	N4361L	C172
3BEF	N4361M	PA12
3BF3	N4361R	R44
3BF7	N4361V	RV6
3BF9	N4361X	P28A
3BFB	N4361Z	PA18
3BFF	N43613	PA34
3C00	N43614	TAYB
3C01	N43615	ALGR
3C02	N43616	TAYB
3C03	N43617	TAYB
3C04	N43618	PA32
3C06	N4362	GLID
3C08	N4362B	C170
3C0A	N4362D	J3
3C0B	N4362E	CH7A
3C10	N4362K	NAVI
3C15	N4362Q	C172
3C16	N4362R	C172
3C18	N4362T	PA32
3C1B	N4362W	BE36
3C1C	N4362X	P28A
3C1D	N4362Y	PA25
3C1E	N4362Z	PA18
3C20	N43621	P28A
3C21	N43622	TAYB
3C23	N43624	TAYB
3C24	N43625	P28A
3C26	N43627	P28A
3C28	N43629	TAYB
3C2A	N4363A	PA22
3C2C	N4363C	CH7A
3C2D	N4363D	P28A
3C32	N4363J	P28A
3C34	N4363L	PA46
3C35	N4363M	PA46
3C36	N4363N	C195
3C39	N4363R	C172
3C3B	N4363T	P28R
3C3C	N4363U	P32R
3C3E	N4363W	P32R
3C41	N4363Z	PA18
3C44	N43632	P28A
3C45	N43633	P28A
3C46	N43634	TAYB
3C47	N43635	TAYB
3C48	N43636	P28A
3C49	N43637	TAYB
3C4E	N4364B	P32R
3C4F	N4364C	PA34
3C51	N4364E	CH7A
3C52	N4364F	PA32
3C54	N4364H	PA15
3C55	N4364J	P28A
3C58	N4364M	PA12
3C5A	N4364P	PA18
3C5B	N4364Q	C185
3C5E	N4364T	P28A
3C61	N4364W	P28B
3C65	N43640	RV6
3C69	N43644	PULS
3C6A	N43645	TAYB
3C6B	N43646	TAYB
3C6C	N43647	P28A
3C6D	N43648	P28A
3C6E	N43649	TAYB
3C6F	N4365	PTS1
3C71	N4365B	C170
3C72	N4365C	CH7A
3C73	N4365D	P28A
3C75	N4365F	P28A
3C77	N4365H	PA15
3C78	N4365J	P28A
3C7A	N4365L	C172
3C7B	N4365M	PA12
3C7E	N4365Q	C172
3C7F	N4365R	C172
3C81	N4365T	PA32
3C82	N4365U	C208
3C83	N4365V	BL17
3C84	N4365W	P32R
3C88	N43650	P28A
3C8A	N43652	P28A
3C8B	N43653	P28A
3C8C	N43654	P28A
3C8D	N43655	P28A
3C91	N43659	TAYB
3C94	N4366B	C170
3C9A	N4366H	PA15
3C9B	N4366J	P28A
3C9C	N4366K	P28B
3C9E	N4366M	PA12
3C9F	N4366N	P32R
3CA2	N4366R	C172
3CA3	N4366S	YK18
3CA5	N4366U	C150
3CA6	N4366V	C190
3CA7	N4366W	BE35
3CAA	N4366Z	PA46
3CAC	N43661	P28A
3CAF	N43664	PA32
3CB0	N43665	TAYB
3CB3	N43668	TAYB
3CB8	N4367C	P32R
3CB9	N4367D	P32R
3CBC	N4367G	P28A
3CBD	N4367H	PA15
3CC2	N4367N	C195
3CC6	N4367S	AT3P
3CC9	N4367V	C195
3CD0	N43672	TAYB
3CD1	N43673	TAYB
3CD3	N43675	FOX
3CD7	N43679	TAYB
3CE0	N4368H	P28A
3CE2	N4368K	NAVI
3CE5	N4368N	GLST
3CEA	N4368T	P28R
3CEB	N4368U	P28A
3CEC	N4368V	P28A
3CEF	N4368Y	BE9L
3CF1	N43680	TAYB
3CF2	N43681	B06
3CF4	N43683	TAYB
3CF5	N43684	TAYB
3CF6	N43685	P28A
3CF7	N43686	TAYB
3CF9	N43688	P28R
3CFA	N43689	TAYB
3CFB	N4369	G164
3CFC	N4369A	PA22
3CFD	N4369B	C170
3CFE	N4369C	CH7A
3D00	N4369E	AR11
3D03	N4369H	PA15
3D07	N4369M	P32R
3D08	N4369N	P28A
3D10	N4369W	BE60
3D11	N4369X	PA34
3D14	N43690	PA34
3D17	N43693	P28A
3D18	N43694	TAYB
3D19	N43695	P28A
3D1B	N43697	TAYB
3D1C	N43698	TAYB
3D1E	N437	C195
3D1F	N437A	WAIX
3D21	N437AB	PA30
3D22	N437AC	BL8
3D24	N437AE	B06
3D27	N437AH	AS50
3D2A	N437AL	PA34
3D2C	N437AN	A21N
3D34	N437AW	CRJ2
3D38	N437B	A37
3D39	N437BA	GLID
3D43	N437BL	NG5
3D51	N437C	SR22
3D52	N437CA	C212
3D53	N437CB	PA31
3D54	N437CC	PA18
3D5F	N437CP	T206
3D6D	N437DC	RV4
3D6F	N437DE	R44
3D70	N437DF	S2P
3D80	N437DX	A339
3D83	N437E	BE35
3D93	N437ER	C172
3D9C	N437F	FA8X
3D9D	N437FA	C172
3DAC	N437FR	A20N
3DB2	N437FX	E545
3DB6	N437GA	GLF4
3DC5	N437GR	FB1A
3DDA	N437HM	T206
3DE9	N437JB	BE9L
3DEB	N437JD	F2TH
3DF5	N437JP	C208
3E19	N437L	FOX
3E25	N437LM	R44
3E32	N437M	NAVI
3E33	N437MA	DA40
3E35	N437MC	CL60
3E36	N437MD	CH75
3E3D	N437ML	B427
3E49	N437MY	B407
3E4C	N437NA	P28B
3E52	N437NG	CH60
3E65	N437PA	M20T
3E6C	N437PH	C172
3E6D	N437PJ	LJ45
3E75	N437PS	C172
3E76	N437PT	CAMP
3E8E	N437QS	E55P
3E93	N437QX	DH8D
3EA4	N437RP	LNP4
3EB0	N437SA	SKAR
3EB2	N437SC	PA44
3EB8	N437SJ	WW24
3EBD	N437SP	C172
3EC4	N437SW	CRJ2
3EC8	N437T	RV7
3ED0	N437TH	H60
3EDD	N437TW	PC12
3EE2	N437UA	A320
3EEF	N437UP	B752
3EFB	N437VA	AT6T
3F15	N437WB	P32R
3F19	N437WF	BE20
3F20	N437WN	B737
3F2A	N437WY	RV4
3F2C	N437X	M6
3F59	N437YV	DH8B
3F5B	N437YX	E75L
3F78	N4370A	PA18
3F7A	N4370C	CH7A
3F7D	N4370F	PA32
3F80	N4370J	P28A
3F81	N4370K	P28A
3F82	N4370L	C172
3F83	N4370M	PA12
3F84	N4370N	P28A
3F87	N4370R	C172
3F88	N4370S	AT3P
3F89	N4370T	PA32
3F8A	N4370U	C150
3F8C	N4370W	BE36
3F8D	N4370X	P28A
3F90	N43700	P28A
3F91	N43701	PA32
3F94	N43704	TAYB
3F95	N43705	TAYB
3F97	N43707	P28A
3F99	N43709	TAYB
3F9A	N4371	RV10
3F9B	N4371A	PA18
3F9D	N4371C	CH7A
3F9E	N4371D	P28A
3FA0	N4371F	P32R
3FA2	N4371H	PA15
3FA3	N4371J	AVID
3FA4	N4371K	NAVI
3FA5	N4371L	C172
3FA7	N4371N	C195
3FAA	N4371R	C172
3FAC	N4371T	PA32
3FAE	N4371V	PA32
3FAF	N4371W	BE33
3FB0	N4371X	PA32
3FB2	N4371Z	PA18
3FB3	N43710	TAYB
3FB4	N43711	P28A
3FB6	N43713	TAYB
3FB7	N43714	TAYB
3FBA	N43717	P28A
3FBE	N4372A	PA18
3FBF	N4372B	PA46
3FC0	N4372C	CH7A
3FC2	N4372E	PA46
3FC3	N4372F	PA46
3FC5	N4372H	PA15
3FC8	N4372L	PA46
3FC9	N4372M	PA12
3FCD	N4372R	C182
3FCE	N4372S	P28A
3FD3	N4372X	P28A
3FD7	N43721	P28A
3FD8	N43722	L39
3FDC	N43726	TAYB
3FDD	N43727	P28A
3FDE	N43728	P32R
3FDF	N43729	TAYB
3FE2	N4373B	C170
3FE3	N4373C	CH7A
3FE4	N4373D	FOX
3FE5	N4373E	CH7A
3FE9	N4373J	P28A
3FEA	N4373K	GLID
3FEB	N4373L	C172
3FED	N4373N	C195
3FEE	N4373P	PA23
3FF0	N4373R	C82R
3FF2	N4373T	P28A
3FF5	N4373W	BE95
3FF7	N4373Y	PA12
3FF9	N43730	TAYB
3FFA	N43731	P28R
3FFB	N43732	TAYB
3FFC	N43733	COY2
4000	N43737	ST75
4006	N4374C	CH7A
400B	N4374H	M20P
400D	N4374K	RV10
400F	N4374M	BE36
4011	N4374P	PA23
4012	N4374Q	C172
4016	N4374U	P28A
4017	N4374V	C195
4018	N4374W	SNS7
4019	N4374X	P28R
401B	N4374Z	PA18
401C	N43740	TAYB
401D	N43741	TAYB
401E	N43742	P28A
401F	N43743	TAYB
4025	N43749	TAYB
4028	N4375B	P32R
4029	N4375C	CH7A
402B	N4375E	CH7A
402C	N4375F	P28A
402E	N4375H	PA15
402F	N4375J	RV4
4032	N4375M	PA12
4034	N4375P	PA46
4035	N4375Q	P32R
4036	N4375R	PA46
4038	N4375T	P28A
4039	N4375U	C150
403A	N4375V	C195
403E	N4375Z	PA18
403F	N43750	TAYB
4040	N43751	P28A
4041	N43752	TAYB
4042	N43753	P28A
4043	N43754	TAYB
4044	N43755	P28A
4045	N43756	P28A
404A	N4376A	PA46
404B	N4376B	TAYD
404D	N4376D	V1
4050	N4376G	PA14
4051	N4376H	P28A
4052	N4376J	P28A
4058	N4376Q	C172
4059	N4376R	BE33
405A	N4376S	PA32
405B	N4376T	P28A
405D	N4376V	P28B
405E	N4376W	BE35
405F	N4376X	PA32
4061	N4376Z	PA18
4063	N43761	P28R
4066	N43764	P28R
4067	N43765	P32R
406A	N43768	TAYB
406D	N4377A	PA46
406E	N4377B	C170
406F	N4377C	CH7A
4070	N4377D	CASS
4071	N4377E	AR11
4073	N4377G	BE58
4074	N4377H	PA17
4076	N4377K	NAVI
4078	N4377M	PA12
407A	N4377P	P28A
407B	N4377Q	C172
407C	N4377R	C172
407D	N4377S	P28A
407E	N4377T	P28A
407F	N4377U	R44
4081	N4377W	P28A
4082	N4377X	R44
4085	N43770	P28A
4086	N43771	T6
4089	N43774	P28A
408C	N43777	TAYB
408E	N43779	P28A
4091	N4378B	P28A
4094	N4378E	AR11
4095	N4378F	P28A
409A	N4378L	C172
409B	N4378M	PA12
409C	N4378N	P28A
409E	N4378Q	C172
40A2	N4378U	C150
40A6	N4378Y	PA18
40A7	N4378Z	PA18
40A9	N43781	TAYB
40AC	N43784	TAYB
40AD	N43785	TAYB
40B0	N43788	P28A
40B4	N4379B	C170
40B6	N4379D	P28A
40B7	N4379E	AR11
40BA	N4379H	PA15
40BE	N4379M	P28A
40C1	N4379Q	C172
40C2	N4379R	C172
40C4	N4379T	P28A
40C6	N4379V	P28A
40C7	N4379W	R22
40CA	N4379Z	PA18
40CB	N43790	P28A
40CE	N43793	P28R
40CF	N43794	P28R
40D0	N43795	TAYB
40D1	N43796	PA32
40D3	N43798	P28R
40D4	N43799	TAYB
40D7	N438AA	MD83
40D8	N438AB	FOX
40D9	N438AC	CH7B
40DA	N438AD	C650
40DB	N438AE	B06
40E2	N438AM	B789
40E3	N438AN	A21N
40E4	N438AP	C340
40E7	N438AS	B429
40EB	N438AW	CRJ2
40F0	N438BA	GLID
40FC	N438BN	B722
4109	N438CA	BE9L
410A	N438CB	PA44
410B	N438CC	PA11
410C	N438CD	SR22
4114	N438CM	EC35
4125	N438DD	RV7
4126	N438DE	R44
4127	N438DF	S2P
412C	N438DL	EVOT
4137	N438DX	A339
413A	N438E	CL60
4145	N438EL	C421
414A	N438ER	C172
4153	N438F	CL35
4154	N438FA	BE20
4163	N438FR	A20N
4169	N438FX	E545
416C	N438G	P28A
4178	N438GM	BE36
417D	N438GS	RV7
417E	N438GT	B744
4185	N438H	A139
419F	N438JA	RV7
41A3	N438JE	COY2
41AC	N438JP	C208
41D0	N438L	DA40
41D1	N438LA	AT6T
41E6	N438LX	BE40
41EA	N438MA	E145
41F0	N438MG	MG17
421B	N438P	CJ6
421C	N438PA	PA44
421E	N438PC	SR22
4223	N438PH	B407
4234	N438Q	F900
4235	N438QA	GLID
4245	N438QS	E55P
424A	N438QX	DH8D
4250	N438RC	H500
4256	N438RJ	AT5T
4259	N438RM	P28A
4261	N438RV	LJ45
4267	N438SA	C82T
426F	N438SJ	FA20
4271	N438SL	P28A
4273	N438SN	PC12
4274	N438SP	C25B
4276	N438SR	SR22
4277	N438SS	FOX
427B	N438SW	CRJ2
427F	N438T	BE35
4280	N438TA	C25C
4287	N438TH	C172
4294	N438TW	PC12
4299	N438UA	A320
42A6	N438UP	B752
42A9	N438US	B734
42B4	N438VC	HUCO
42CA	N438W	RV8
42D0	N438WF	FOX
42D2	N438N	GA6C
42D7	N438WN	B737
42DA	N438WR	H25B
42E3	N438X	M5
42F3	N438XR	COY2
42FC	N438Y	LNP4
4312	N438YX	E75L
4331	N4380C	PA46
4332	N4380D	PA46
4336	N4380H	PA15
433A	N4380M	PA12
433B	N4380N	C195
433F	N4380S	PA46
4343	N4380W	BE58
4344	N4380X	P28A
4345	N4380Y	BE30
4346	N4380Z	PA18
4348	N43801	P28A
4349	N43802	P28A
434B	N43804	CRER
434D	N43806	PA18
434E	N43807	TAYB
434F	N43808	P28A
4352	N4381A	PA18
4353	N4381B	C170
4357	N4381F	P28A
4358	N4381G	RS12
4359	N4381H	PA15
435A	N4381J	P28A
435C	N4381L	P28A
435F	N4381P	PA23
4360	N4381Q	C172
4361	N4381R	C172
4362	N4381S	P28A
4363	N4381T	RS12
4368	N4381Y	BE99
436A	N43810	P28A
436C	N43812	P28A
436D	N43813	P28A
436E	N43814	TAYB
4371	N43817	P28R
4372	N43818	TAYB
4373	N43819	TAYB
4376	N4382B	C170
4377	N4382C	CH7A
437C	N4382H	PA15
437D	N4382J	P28A
437E	N4382K	NAVI
437F	N4382L	C172
4383	N4382Q	C172
4384	N4382R	C172
4385	N4382S	PA32
4386	N4382T	P28A
4387	N4382U	C150
438A	N4382X	P28R
438C	N4382Z	PA18
438F	N43822	COY2
4392	N43825	TAYB
4393	N43826	T6
4394	N43827	TAYB
4399	N4383B	P28B
439A	N4383C	CH7A
439B	N4383D	P32R
439D	N4383F	P28A
439F	N4383H	PA15
43A1	N4383K	NAVI
43A2	N4383L	C172
43A3	N4383M	P32R
43A6	N4383Q	C172
43AB	N4383V	C195
43AF	N4383Z	PA18
43B0	N43830	TAYB
43B1	N43831	TAYB
43B2	N43832	ERCO
43B5	N43835	TAYB
43B6	N43836	P28A
43B7	N43837	TAYB
43B9	N43839	P28A
43BB	N4384A	PA18
43BC	N4384B	C170
43C0	N4384F	P28A
43C2	N4384H	PA15
43C3	N4384J	P28A
43C4	N4384K	C180
43C9	N4384Q	C172
43CA	N4384R	C172
43CB	N4384S	P32R
43CC	N4384T	PA46
43CD	N4384U	C150
43CE	N4384V	C195
43CF	N4384W	BE36
43D0	N4384X	PA32
43D2	N4384Z	PA18
43D6	N43843	P28A
43DB	N43848	P28R
43DC	N43849	TAYB
43DF	N4385B	C170
43E0	N4385C	SAKO
43E3	N4385F	P32R
43E4	N4385G	P28A
43EA	N4385N	C190
43EC	N4385Q	C172
43ED	N4385R	C172
43F2	N4385W	P28A
43F4	N4385Y	PA25
43F5	N4385Z	PA18
43FB	N43855	TAYB
43FD	N43857	PA46
43FF	N43859	TAYB
4401	N4386A	PA18
4402	N4386B	P32R
4408	N4386H	PA15
4409	N4386J	P28A
440A	N4386K	NAVI
440B	N4386L	RV4
440C	N4386M	P28A
440D	N4386N	PA46
4410	N4386R	C172
4412	N4386T	P28A
4414	N4386V	C195
4415	N4386W	R44
4417	N4386Y	PA25
4418	N4386Z	PA18
4419	N43860	C172
441C	N43863	TAYB
441D	N43864	TAYB
4424	N4387A	PA18
4425	N4387B	C170
4426	N4387C	CH7A
4427	N4387D	PA46
4428	N4387E	PA38
442C	N4387J	P28A
442D	N4387K	NAVI
442E	N4387L	P32R
442F	N4387M	PA12
4431	N4387P	PA23
4432	N4387Q	C172
4435	N4387T	P28A
4436	N4387U	C150
4438	N4387W	M20P
443B	N4387Z	PA18
443E	N43872	DC6
443F	N43873	TAYB
4440	N43874	TAYB
4441	N43875	G164
4442	N43876	TAYB
4443	N43877	J3
4447	N4388A	PA18
4448	N4388B	C170
4449	N4388C	P28A
444A	N4388D	DFLY
444B	N4388E	AR11
444F	N4388J	P28A
4452	N4388M	PA46
4456	N4388R	C172
4458	N4388T	P28A
445A	N4388V	C195
445B	N4388W	BE35
445E	N4388Z	PA18
4462	N43883	RAF2
4463	N43884	T6
4464	N43885	P28A
4466	N43887	TAYB
4468	N43889	T51
446B	N4389B	C170
446D	N4389D	PA46
446F	N4389F	P28A
4473	N4389K	NAVI
4474	N4389L	C172
4478	N4389Q	C172
447B	N4389T	P28A
447C	N4389U	C150
447D	N4389V	P28A
447F	N4389X	P28R
4481	N4389Z	PA18
4482	N43890	TAYB
4484	N43892	TAYB
4485	N43893	TAYB
4486	N43894	TAYB
448A	N43898	TAYB
448B	N43899	P28A
448C	N439	PA18
448D	N439A	DV20
4490	N439AC	CH7B
4499	N439AM	RV6
449A	N439AN	A21N
449E	N439AS	GLID
449F	N439AT	L39
44A2	N439AW	CRJ2
44A6	N439B	BE35
44A7	N439BA	A5
44C0	N439CA	DA40
44C4	N439CE	C172
44C7	N439CH	RV12
44CB	N439CM	PC12
44CD	N439CP	C82T
44D0	N439CS	C82T
44DB	N439DC	T210
44DE	N439DF	S2P
44E0	N439DH	L39
44E4	N439DM	LGEZ
44EE	N439DX	A339
4501	N439ER	C172
4502	N439ES	C82S
4506	N439EW	FA62
451A	N439FR	A20N
4520	N439FX	E545
453C	N439H	A139
4555	N439J	RV4
4595	N439LP	C172
45A0	N439M	SONX
45A1	N439MA	BL8
45A3	N439MC	HUSK
45A9	N439MJ	RV12
45AB	N439ML	L39
45B2	N439MT	TUCA
45BA	N439NA	C130
45C3	N439NK	SR22
45D8	N439PF	E55P
45DA	N439PH	B407
45E4	N439PT	PA34
45E7	N439PW	BE9L
45FC	N439QS	E55P
4601	N439QX	DH8D
4605	N439RA	C212
4606	N439RB	RV3
4612	N439RP	RV9
4614	N439RR	BE35
4615	N439RS	L39
4618	N439RV	RV8
461D	N439S	C550
461E	N439SA	SKAR
4620	N439SC	CRUZ
4623	N439SF	M20P
4629	N439SM	SMAX
462B	N439SP	JABI
4632	N439SW	CRJ2
4636	N439T	BE35
4648	N439TT	PC12
4650	N439UA	A320
465D	N439UP	B752
4682	N439WA	BE9L
4684	N439WC	PC12
468E	N439WN	B737
46C9	N439YX	E75L
46EE	N4390J	P28A
46EF	N4390K	NAVI
46F0	N4390L	C172
46F4	N4390Q	C172
46F5	N4390R	C172
46F6	N4390S	P28A
46F9	N4390V	C172
46FA	N4390W	P32R
46FD	N4390Z	PA18
46FF	N43901	TAYB
4703	N43905	SPHA
4707	N43909	TAYB
470C	N4391D	SRAI
470D	N4391E	PA46
470E	N4391F	P28A
4711	N4391J	P28A
4713	N4391L	C172
4715	N4391N	C195
4717	N4391Q	C172
4718	N4391R	C172
4719	N4391S	SREY
471D	N4391W	UH1
471E	N4391X	P28A
4720	N4391Z	PA18
4722	N43911	PA46
4724	N43913	TAYB
4726	N43915	TAYB
4727	N43916	TAYB
472C	N4392A	PA18
472D	N4392B	C170
472E	N4392C	CH7A
4734	N4392J	P28A
4737	N4392M	PA12
473A	N4392Q	C172
473F	N4392V	C195
4740	N4392W	R44
4741	N4392X	P28A
4744	N43920	TAYB
4745	N43921	B47G
474B	N43927	BE18
474C	N43928	TAYB
474D	N43929	GLID
474E	N4393	CAMP
474F	N4393A	BE33
4750	N4393B	C170
4751	N4393C	CH7A
4754	N4393F	P28A
4756	N4393H	WAIX
475D	N4393Q	C172
475E	N4393R	C172
4760	N4393T	P28R
4761	N4393U	C150
4766	N4393Z	PA18
476A	N43933	TAYB
476C	N43935	TAYB
476E	N43937	TAYB
4774	N4394C	CH7A
4777	N4394F	P28A
4778	N4394G	STOR
4779	N4394H	M20P
477B	N4394K	NAVI
477C	N4394L	C172
477D	N4394M	PA12
477E	N4394N	C195
477F	N4394P	PA23
4780	N4394Q	C172
4782	N4394S	CH70
4783	N4394T	PA32
4784	N4394U	C150
4786	N4394W	BE58
478A	N43940	TAYB
4791	N43947	SPHA
4792	N43948	P28A
4793	N43949	SVNH
4795	N4395A	PA18
4798	N4395D	R44
479C	N4395H	M20P
479D	N4395J	P28A
47A1	N4395N	C195
47A2	N4395P	PA23
47A7	N4395U	C150
47A8	N4395V	C195
47A9	N4395W	C208
47AE	N43951	TAYB
47B1	N43954	P28A
47B2	N43955	TAYB
47B3	N43956	P28A
47B4	N43957	P28A
47B6	N43959	P28A
47B8	N4396A	PA18
47B9	N4396B	C170
47BC	N4396E	CH7A
47C0	N4396J	P28A
47C2	N4396L	C172
47C6	N4396Q	C172
47CD	N4396X	PA34
47CF	N4396Z	PA18
47D1	N43961	TAYB
47D3	N43963	TAYB
47D4	N43964	TAYB
47D6	N43966	P28R
47D7	N43967	P28R
47D8	N43968	TAYB
47DF	N4397E	CH7A
47E3	N4397J	P28A
47E9	N4397Q	C172
47EA	N4397R	C172
47EB	N4397S	AT3P
47F0	N4397X	P28A
47F2	N4397Z	BUCA
47F3	N43970	P28R
47F5	N43972	TAYB
47F8	N43975	CRER
47FA	N43977	P32R
47FB	N43978	TAYB
47FE	N4398A	PA18
47FF	N4398B	C170
4800	N4398C	CH7A
4808	N4398L	C172
480A	N4398N	C195
480D	N4398R	C172
4815	N4398Z	PA18
4816	N43980	TAYB
4817	N43981	RS12
4819	N43983	P28A
481A	N43984	P28A
4822	N4399B	C170
4823	N4399C	CH7A
4828	N4399H	PA15
482B	N4399L	C172
482C	N4399M	PA12
482D	N4399N	RV4
482E	N4399P	PA23
482F	N4399Q	C172
4836	N4399X	P28A
4838	N4399Z	PA18
483B	N43992	TAYB
483D	N43994	P28R
4841	N43998	PA32
4844	N44A	T34P
4845	N44AA	GLID
4846	N44AB	M20P
4847	N44AC	PA31
4849	N44AE	PA34
484A	N44AF	MU2
484B	N44AG	C188
484C	N44AH	SS2P
484D	N44AJ	PA38
484E	N44AK	AEST
484F	N44AL	MT
4852	N44AP	B407
4855	N44AS	C550
4857	N44AU	GLID
4859	N44AW	BE35
485B	N44AY	P28R
485D	N44B	EPIC
485E	N44BA	PA38
4860	N44BC	B06
4861	N44BD	SRAI
4864	N44BG	CLON
4866	N44BJ	R44
4867	N44BK	GLST
4868	N44BL	C172
4869	N44BM	C120
486E	N44BS	S108
486F	N44BT	GLID
4871	N44BV	GLIM
4872	N44BW	CP10
4873	N44BX	GLIM
4874	N44BY	BE20
4875	N44BZ	FDCT
4876	N44C	P210
4877	N44CA	C82R
487B	N44CE	GLF4
487C	N44CF	C210
487D	N44CG	M20P
487E	N44CH	G44
4880	N44CK	C25A
4882	N44CM	BE35
4883	N44CN	FOX
4884	N44CP	CL30
4888	N44CT	BE36
4889	N44CU	C172
488D	N44CY	BE95
488E	N44CZ	COZY
488F	N44D	J3
4890	N44DA	BE36
4891	N44DB	BE35
4892	N44DC	BE55
4894	N44DE	SF50
4895	N44DF	RV6
4897	N44DH	C120
4899	N44DK	MX2
489A	N44DL	BE35
489D	N44DP	C310
489E	N44DQ	R44
489F	N44DR	C182
48A0	N44DS	EC55
48A1	N44DT	C510
48A7	N44DZ	PA32
48A8	N44E	PA12
48AB	N44EC	T210
48AD	N44EE	T210
48AF	N44EG	FOX
48B1	N44EJ	SR20
48B2	N44EK	R44
48B4	N44EM	S22T
48B5	N44EN	SR20
48B8	N44ER	MT
48B9	N44ES	DSA1
48BC	N44EV	EVSS
48BD	N44EW	PTS1
48C2	N44FA	C207
48C3	N44FB	C25B
48C4	N44FC	CH7A
48C5	N44FD	PA23
48C6	N44FE	R44
48C7	N44FF	GLID
48C8	N44FG	R44
48C9	N44FH	RV7
48CA	N44FJ	C25C
48CB	N44FK	RV8
48CF	N44FP	B14A
48D1	N44FR	C550
48D2	N44FS	LA4
48D3	N44FT	P28A
48D5	N44FV	GLID
48D6	N44FW	FW44
48D8	N44FY	R44
48DA	N44G	BE17
48DB	N44GA	C414
48DC	N44GB	EPIC
48DE	N44GD	ACRO
48E0	N44GF	C560
48E1	N44GG	LNC2
48E3	N44GJ	GLF4
48E4	N44GK	BE9L
48E6	N44GM	BE17
48E7	N44GN	BE33
48E8	N44GP	BE9L
48EA	N44GR	PA31
48EC	N44GT	C56X
48EE	N44GV	GLF4
48EF	N44GW	PA46
48F0	N44GX	GLEX
48F5	N44HB	GLF2
48F6	N44HC	B407
48F7	N44HD	R44
48F8	N44HE	C337
48F9	N44HF	R44
48FA	N44HG	R44
48FB	N44HH	DA40
48FD	N44HK	BL8
48FF	N44HM	PA30
4900	N44HN	R44
4901	N44HP	BE9L
4903	N44HR	T210
4906	N44HU	HUSK
4907	N44HV	PTS2
4909	N44HX	B407
490A	N44HY	HUSK
490B	N44HZ	GLIM
490C	N44J	WAIX
490D	N44JA	PA32
490E	N44JB	C25M
490F	N44JC	F2TH
4911	N44JE	VEZE
4912	N44JF	C182
4913	N44JG	C182
4915	N44JJ	M20P
4917	N44JL	RV7
491A	N44JP	ST75
491C	N44JR	RV6
491D	N44JS	ACR2
491E	N44JT	PTS1
491F	N44JU	R44
4920	N44JV	EXEC
4922	N44JX	RV6
4923	N44JY	PA32
4924	N44JZ	FOX
4926	N44KA	BE20
4927	N44KB	RV6
4929	N44KD	P28R
492A	N44KE	ANGL
492B	N44KF	C421
492C	N44KG	M7
4930	N44KL	RV4
4933	N44KP	C172
4935	N44KR	BT36
4936	N44KS	SF34
4939	N44KV	R44
493C	N44KY	R44
4940	N44LB	C337
4943	N44LE	HUSK
4944	N44LF	RV7
4945	N44LG	LJ45
4946	N44LH	PTS2
4948	N44LK	C172
494A	N44LM	C82R
494B	N44LN	R44
494E	N44LR	RV4
494F	N44LS	SF50
4950	N44LT	RV4
4951	N44LU	C182
4952	N44LV	C560
4953	N44LW	C172
4955	N44LY	RV8
4956	N44LZ	LGEZ
4958	N44MA	BE65
4959	N44MB	H25B
495E	N44MG	GLIM
495F	N44MH	AC11
4961	N44MK	C501
4963	N44MM	MU30
4965	N44MP	BE55
4966	N44MQ	C650
4969	N44MT	T34P
496D	N44MX	MU2
4973	N44NC	AC90
4975	N44NE	C414
4976	N44NF	HUSK
4977	N44NG	R44
4978	N44NH	R44
4979	N44NJ	LJ45
497A	N44NK	BE55
497F	N44NQ	R44
4981	N44NS	M20P
4982	N44NT	T210
4984	N44NV	R44
4989	N44P	C172
498A	N44PA	R44
498B	N44PB	BE35
498C	N44PC	PA24
498D	N44PD	MIMU
498E	N44PE	BE35
498F	N44PF	P28A
4990	N44PG	RV4
4991	N44PH	RV6
4992	N44PJ	RV4
4993	N44PK	GLAS
4995	N44PM	PA22
4997	N44PP	PA22
4999	N44PR	C750
499B	N44PT	PA23
499E	N44PW	P28A
49A0	N44PY	C172
49A1	N44PZ	M20P
49A2	N44Q	MUS2
49A3	N44QA	R44
49B1	N44QQ	PTS2
49BC	N44RA	BE95
49BD	N44RB	C182
49BE	N44RC	C172
49C3	N44RH	R44
49C5	N44RK	PA34
49C6	N44RL	PA31
49C7	N44RM	LJ60
49C8	N44RN	RV9
49C9	N44RP	C172
49CB	N44RR	PTS1
49CD	N44RT	PA18
49D0	N44RW	GLIM
49D3	N44RZ	GLID
49D5	N44SA	BE58
49D6	N44SB	BE33
49D7	N44SC	C421
49D8	N44SD	WAIX
49DB	N44SG	B47G
49DC	N44SH	C680
49DD	N44SJ	G2T1
49DE	N44SK	R44
49DF	N44SL	GLID
49E0	N44SM	P28R
49E1	N44SN	ST75
49E2	N44SP	BE55
49E4	N44SR	RV10
49E6	N44ST	C172
49E7	N44SU	SU26
49E9	N44SW	C550
49EA	N44SX	SONX
49EB	N44SY	GA7
49EC	N44SZ	EN48
49EF	N44TB	C182
49F0	N44TC	PA18
49F1	N44TD	SA30
49F2	N44TE	BE36
49F3	N44TF	ST75
49F6	N44TJ	LGEZ
49F8	N44TL	BL17
49F9	N44TM	TBM7
49FD	N44TR	CC11
49FE	N44TS	M20P
49FF	N44TT	RV12
4A00	N44TU	C185
4A06	N44U	BE20
4A07	N44UA	CL60
4A0A	N44UD	C172
4A0D	N44UG	M7
4A0E	N44UH	R22
4A10	N44UK	R44
4A13	N44UN	H25B
4A14	N44UP	GLID
4A17	N44US	BE20
4A19	N44UU	GLIM
4A1F	N44V	DC3
4A21	N44VB	BE33
4A22	N44VC	SF50
4A25	N44VF	VELO
4A26	N44VG	GLST
4A27	N44VH	GLID
4A28	N44VJ	PA18
4A29	N44VK	C310
4A2B	N44VM	CP30
4A2D	N44VP	F900
4A2F	N44VR	MU2
4A30	N44VS	C25A
4A31	N44VT	RV6
4A32	N44VU	SR20
4A33	N44VV	P28A
4A34	N44VW	G44
4A38	N44W	BE60
4A3A	N44WB	C152
4A3B	N44WC	RV6
4A3C	N44WD	PA30
4A3E	N44WF	SR22
4A3F	N44WG	GLEX
4A41	N44WJ	SRAI
4A42	N44WK	RV3
4A44	N44WM	PA18
4A45	N44WN	TBM7
4A46	N44WP	TAIL
4A48	N44WR	SAKO
4A4A	N44WT	RV6
4A4D	N44WW	SR22
4A4E	N44WX	SR22
4A50	N44WZ	RV4
4A53	N44XB	R44
4A54	N44XC	R44
4A57	N44XF	BE95
4A59	N44XH	R44
4A5A	N44XJ	BE58
4A5C	N44XL	R44
4A5F	N44XP	C172
4A63	N44XT	L39
4A67	N44XX	AEST
4A6E	N44YD	R44
4A71	N44YG	RV6
4A72	N44YH	RV10
4A74	N44YK	YK52
4A77	N44YN	R44
4A78	N44YP	SR20
4A7C	N44YT	RV4
4A7D	N44YU	MUS2
4A81	N44YY	PA18
4A86	N44ZC	LGEZ
4A89	N44ZF	GLF4
4A8B	N44ZH	GLIM
4A8F	N44ZM	BE36
4A91	N44ZP	NG5
4A95	N44ZT	M20P
4A98	N44ZW	BL8
4A9E	N440AA	P28A
4AA0	N440AC	CH7A
4AA2	N440AE	B06
4AA3	N440AF	E550
4AA6	N440AJ	P28A
4AA7	N440AK	R44
4AAA	N440AN	A21N
4AAB	N440AP	PA31
4AAE	N440AS	B739
4AAF	N440AT	SS2T
4AB2	N440AW	CRJ2
4AB7	N440BA	AEST
4AB8	N440BB	PTS2
4AB9	N440BC	PC12
4ABB	N440BE	BE58
4ABC	N440BF	P28A
4ABE	N440BH	GLID
4AC1	N440BL	BE58
4AC4	N440BP	R44
4AC8	N440BT	RV6
4ACA	N440BV	C25A
4AD0	N440CA	PAY3
4AD3	N440CD	SR22
4AD9	N440CK	BE95
4ADA	N440CL	SF34
4ADD	N440CP	BE60
4ADF	N440CR	J3
4AE1	N440CT	BE40
4AE4	N440CW	BE40
4AE8	N440D	BE35
4AEA	N440DB	RV4
4AEE	N440DF	S2P
4AF2	N440DK	R44
4AF4	N440DM	PA34
4AFA	N440DT	RV8
4AFD	N440DW	RV6
4B00	N440DZ	R44
4B01	N440E	RV6
4B06	N440EE	SR22
4B09	N440EH	C441
4B0A	N440EJ	R44
4B11	N440ER	C172
4B13	N440ET	G164
4B19	N440EZ	VEZE
4B1A	N440F	HUSK
4B1B	N440FA	C172
4B2A	N440FR	A20N
4B2C	N440FT	P28A
4B30	N440FX	E545
4B33	N440G	BE35
4B36	N440GC	RV6
4B41	N440GP	F900
4B45	N440GT	PA46
4B48	N440GW	G44
4B4D	N440HA	LJ60
4B56	N440HK	Q9
4B61	N440HW	SONX
4B65	N440J	P28A
4B66	N440JA	LJ40
4B67	N440JB	C421
4B69	N440JD	CH75
4B73	N440JP	DA40
4B75	N440JR	BE40
4B77	N440JT	BE20
4B7A	N440JW	G280
4B7E	N440K	FLE7
4B80	N440KB	R44
4B8A	N440KM	PC12
4B97	N440L	RV4
4B98	N440LA	BE35
4BA0	N440LJ	C421
4BA2	N440LL	BE23
4BA4	N440LN	BE40
4BAB	N440LV	B737
4BAC	N440LW	BE36
4BB1	N440MA	SF50
4BB3	N440MC	C68A
4BB7	N440MG	T206
4BBA	N440MK	PA44
4BBF	N440MQ	LJ60
4BC6	N440MX	HUSK
4BCD	N440ND	P28A
4BD9	N440NR	UH12
4BE2	N440P	BE9T
4BE3	N440PA	PA44
4BE7	N440PE	P40
4BEA	N440PH	B407
4BEB	N440PJ	C56X
4BFB	N440Q	BE35
4C0C	N440QS	GLF4
4C14	N440R	BE24
4C15	N440RA	C212
4C17	N440RC	BE40
4C18	N440RD	H25A
4C1C	N440RH	R44
4C25	N440RS	FOX
4C28	N440RV	RV4
4C2D	N440S	C550
4C33	N440SF	EC45
4C35	N440SH	R44
4C37	N440SK	SREY
4C38	N440SL	BK17
4C3B	N440SP	C172
4C40	N440SU	BE36
4C42	N440SW	CRJ2
4C43	N440SX	SONX
4C46	N440T	BE33
4C47	N440TA	BE40
4C4D	N440TG	B47G
4C4E	N440TH	GLID
4C50	N440TK	R44
4C52	N440TM	COL4
4C53	N440TN	FOX
4C58	N440TT	R44
4C5B	N440TW	P28A
4C5C	N440TX	J3
4C60	N440UA	A320
4C6D	N440UP	B752
4C70	N440US	B734
4C79	N440VA	ECHO
4C7A	N440VB	R44
4C93	N440WB	RV12
4C9F	N440WP	H25B
4CA3	N440WT	PL4
4CA6	N440WW	BE20
4CBC	N440XT	BE40
4CD9	N440YX	E75L
4CDC	N440Z	SM19
4CF6	N4400A	P28A
4CF8	N4400C	C195
4CF9	N4400D	P28A
4CFB	N4400F	P28A
4CFD	N4400H	PA15
4CFE	N4400J	P28A
4CFF	N4400K	RV10
4D01	N4400M	FOX
4D03	N4400P	P28A
4D04	N4400Q	P28A
4D05	N4400R	C172
4D06	N4400S	P28A
4D08	N4400U	C150
4D0A	N4400W	P28A
4D0B	N4400X	P28A
4D0D	N4400Z	PA18
4D0F	N44001	TAYB
4D13	N44005	TAYB
4D14	N44006	P28A
4D15	N44007	T34P
4D16	N44008	TAYB
4D1A	N4401B	C170
4D1B	N4401C	C195
4D1D	N4401E	P28A
4D1E	N4401F	P28A
4D20	N4401H	PA15
4D21	N4401J	P28A
4D22	N4401K	P28A
4D23	N4401L	C172
4D24	N4401M	PA12
4D25	N4401N	P28A
4D26	N4401P	P28A
4D29	N4401S	AT3P
4D2A	N4401T	P28R
4D2B	N4401U	P28A
4D2C	N4401V	C170
4D2D	N4401W	P28A
4D33	N44012	TAYB
4D34	N44013	P28A
4D35	N44014	P28A
4D36	N44015	P28A
4D38	N44017	P28A
4D39	N44018	ST75
4D3C	N4402A	P28A
4D3D	N4402B	C170
4D3E	N4402C	C195
4D44	N4402J	C188
4D46	N4402L	C172
4D48	N4402N	P28A
4D4A	N4402Q	C172
4D4B	N4402R	C172
4D4D	N4402T	P28A
4D4E	N4402U	P28A
4D50	N4402W	P28A
4D51	N4402X	P28A
4D52	N4402Y	PA25
4D57	N44023	TAYB
4D58	N44024	TAYB
4D5B	N44027	P28A
4D5D	N44029	TAYB
4D5F	N4403A	C340
4D60	N4403B	C170
4D61	N4403C	C195
4D64	N4403F	P28A
4D66	N4403H	PA15
4D67	N4403J	P28A
4D68	N4403K	NAVI
4D69	N4403L	P28A
4D6A	N4403M	P28A
4D6B	N4403N	P28A
4D6C	N4403P	P28A
4D6E	N4403R	C172
4D6F	N4403S	AT3P
4D70	N4403T	PA32
4D72	N4403V	C170
4D73	N4403W	P28A
4D74	N4403X	P28A
4D76	N4403Z	P28A
4D7A	N44033	TAYB
4D7C	N44035	TAYB
4D7D	N44036	P28A
4D7E	N44037	P28A
4D7F	N44038	TAYB
4D80	N44039	TAYB
4D82	N4404A	PA22
4D87	N4404F	P28A
4D8A	N4404J	P28A
4D8F	N4404P	P28B
4D99	N4404Z	PA18
4D9A	N44040	TAYB
4D9B	N44041	TAYB
4D9E	N44044	TAYB
4D9F	N44045	TAYD
4DA1	N44047	TAYB
4DA2	N44048	SASY
4DA3	N44049	TAYB
4DA5	N4405A	BE35
4DA6	N4405B	C170
4DA7	N4405C	C195
4DA8	N4405D	BE35
4DA9	N4405E	PA44
4DAC	N4405H	PA15
4DAD	N4405J	PA44
4DAE	N4405K	PA44
4DB0	N4405M	CAMP
4DB1	N4405N	PA44
4DB3	N4405Q	PA44
4DB4	N4405R	C172
4DB6	N4405T	P28A
4DB7	N4405U	P28A
4DBA	N4405X	P28A
4DBC	N4405Z	PA18
4DBD	N44050	TAYB
4DBE	N44051	TAYB
4DC1	N44054	TAYB
4DC3	N44056	TAYB
4DC4	N44057	TAYB
4DC9	N4406B	C170
4DCF	N4406H	PA15
4DD3	N4406M	PA12
4DD7	N4406R	C180
4DD9	N4406T	P28R
4DDB	N4406V	C170
4DDF	N4406Z	PA15
4DE0	N44060	P28A
4DE1	N44061	TAYB
4DE2	N44062	SE5A
4DE4	N44064	TAYB
4DE5	N44065	TAYB
4DE6	N44066	P28A
4DE7	N44067	TAYB
4DE8	N44068	TAYB
4DEB	N4407A	PA22
4DEC	N4407B	DHC1
4DEE	N4407D	BE35
4DF2	N4407H	PA15
4DF3	N4407J	P28A
4DF6	N4407M	DH8D
4DFA	N4407R	C185
4E00	N4407X	P28A
4E02	N4407Z	PA18
4E04	N44071	RV8
4E05	N44072	TAYB
4E07	N44074	FOX
4E09	N44076	P28A
4E0E	N4408A	PA22
4E0F	N4408B	C170
4E10	N4408C	C195
4E12	N4408E	CH7A
4E15	N4408H	PA15
4E16	N4408J	P28A
4E19	N4408M	PA12
4E1A	N4408N	ST75
4E21	N4408V	C170
4E25	N4408Z	PA18
4E26	N44080	TAYB
4E27	N44081	P28A
4E28	N44082	P28A
4E2B	N44085	TAYB
4E2C	N44086	TAYB
4E2D	N44087	PA32
4E30	N4409	N3N
4E32	N4409B	C170
4E38	N4409H	PA15
4E3A	N4409K	NAVI
4E3C	N4409M	PA12
4E40	N4409R	C172
4E46	N4409X	P28A
4E48	N4409Z	PA18
4E49	N44090	TAYB
4E4C	N44093	TRDO
4E50	N44097	P28A
4E51	N44098	TAYB
4E52	N44099	TAYB
4E54	N441A	C441
4E56	N441AB	C441
4E57	N441AC	CH7B
4E58	N441AD	C441
4E59	N441AE	C441
4E5B	N441AG	C172
4E60	N441AM	P28A
4E62	N441AP	R22
4E63	N441AQ	C441
4E6A	N441AX	B763
4E6E	N441BA	R44
4E6F	N441BB	C441
4E71	N441BD	C441
4E72	N441BE	LNCE
4E73	N441BF	C441
4E74	N441BG	R44
4E76	N441BJ	R44
4E78	N441BL	C441
4E7B	N441BP	C56X
4E7E	N441BS	R44
4E82	N441BW	C441
4E86	N441C	S108
4E87	N441CA	C72R
4E89	N441CC	C441
4E8A	N441CD	R44
4E8C	N441CF	S22T
4E8E	N441CH	R44
4E8F	N441CJ	C441
4E90	N441CK	P28R
4E91	N441CL	RV4
4E92	N441CM	HUSK
4E94	N441CP	RV4
4E96	N441CR	C425
4E97	N441CS	COL4
4E98	N441CT	C441
4E9B	N441CW	T206
4E9F	N441D	C310
4EA2	N441DC	TL20
4EA3	N441DD	C441
4EA4	N441DE	R44
4EA5	N441DF	S2P
4EA7	N441DH	R44
4EAA	N441DL	C172
4EAB	N441DM	RV12
4EAC	N441DN	C441
4EAD	N441DP	C172
4EB0	N441DS	C441
4EB1	N441DT	G280
4EB8	N441E	C441
4EBA	N441EB	C441
4EBB	N441EC	C441
4EBC	N441ED	MUS2
4EBD	N441EE	C441
4EC0	N441EH	C441
4EC2	N441EK	R44
4EC3	N441EL	RV9
4EC4	N441EM	C441
4EC8	N441ER	C172
4ED1	N441F	C441
4ED2	N441FA	UH1
4ED7	N441FF	SF34
4EDC	N441FL	P28A
4EE1	N441FR	A20N
4EE2	N441FS	C441
4EEA	N441G	C441
4EEB	N441GA	C441
4EED	N441GC	GLF5
4EF1	N441GG	C441
4EF2	N441GH	ST75
4EFB	N441GS	R44
4EFC	N441GT	C680
4EFF	N441GW	SR22
4F0A	N441HG	PA44
4F0D	N441HK	Q9
4F0E	N441HL	C441
4F11	N441HP	T206
4F12	N441HQ	R44
4F14	N441HS	C441
4F1E	N441JB	L39
4F1F	N441JC	C441
4F24	N441JH	LNC4
4F26	N441JK	C441
4F28	N441JM	CC11
4F2A	N441JP	R44
4F2D	N441JS	CH60
4F35	N441K	RV7
4F37	N441KB	C441
4F41	N441KM	C441
4F43	N441KP	C441
4F45	N441KR	C441
4F47	N441KT	R44
4F4F	N441LA	C441
4F54	N441LF	B407
4F55	N441LG	GLID
4F5C	N441LP	RV6
4F5F	N441LS	C441
4F60	N441LT	C441
4F67	N441M	C441
4F68	N441MA	PA44
4F6A	N441MC	BE65
4F6B	N441MD	C441
4F6C	N441ME	C441
4F70	N441MJ	C441
4F71	N441MK	C441
4F72	N441ML	R44
4F73	N441MM	LJ75
4F74	N441MN	C441
4F77	N441MR	R44
4F7B	N441MV	C441
4F7C	N441MW	C441
4F7E	N441MY	C441
4F80	N441N	C441
4F81	N441NA	C180
4F83	N441NC	R44
4F84	N441ND	C441
4F86	N441NF	C441
4F99	N441P	C441
4F9A	N441PA	UH1
4F9C	N441PC	LJ35
4F9D	N441PD	R44
4F9E	N441PE	R44
4F9F	N441PF	R44
4FA1	N441PH	B407
4FA2	N441PJ	CL60
4FA5	N441PM	C441
4FA6	N441PN	C441
4FA7	N441PP	C441
4FA9	N441PR	R44
4FAE	N441PW	C441
4FB5	N441QC	H25B
4FB8	N441QF	C72R
4FC8	N441QX	DH8D
4FCB	N441R	C441
4FCC	N441RA	DA40
4FD1	N441RF	PRM1
4FD3	N441RH	R44
4FD7	N441RM	T206
4FD9	N441RP	SRAI
4FE6	N441SB	C441
4FE7	N441SC	CRUZ
4FE8	N441SD	R44
4FEB	N441SG	R44
4FEC	N441SH	EXEC
4FEE	N441SK	C441
4FF0	N441SM	C441
4FF1	N441SN	VALI
4FF2	N441SP	C82R
4FF4	N441SR	SR20
4FF5	N441SS	C150
4FF9	N441SW	CRJ2
4FFD	N441T	AVID
4FFF	N441TB	R44
5000	N441TC	PA18
5001	N441TD	C441
5004	N441TG	C441
5005	N441TH	R44
5006	N441TJ	C182
5008	N441TL	C441
500A	N441TN	C441
500B	N441TP	C414
500E	N441TS	C172
500F	N441TT	C402
5012	N441TW	R66
5013	N441TX	R44
5017	N441UA	A320
5019	N441UC	C441
501A	N441UD	CH70
501F	N441UJ	GLID
5024	N441UP	B752
5027	N441US	B734
502B	N441UW	A21N
502F	N441V	C441
5030	N441VA	R44
5037	N441VH	C441
503B	N441VM	C441
503D	N441VP	LNP4
504B	N441WC	BE95
504C	N441WD	C441
504E	N441WF	C441
5051	N441WJ	C441
5053	N441WL	C441
5054	N441WM	E55P
5055	N441WN	B737
5058	N441WR	ME09
5059	N441WS	M20P
505A	N441WT	C441
505D	N441WW	BE33
5061	N441X	C441
5077	N441XX	E55P
507A	N441Y	SPHA
5088	N441YP	VTRA
5090	N441YX	E75L
5093	N441Z	DV20
50A8	N441ZW	CRJ2
50AC	N4410	ST75
50AE	N4410B	C170
50B0	N4410D	BE35
50B1	N4410E	PA18
50B5	N4410J	P28A
50B7	N4410L	C172
50B8	N4410M	PA12
50BB	N4410Q	C172
50BC	N4410R	C172
50BE	N4410T	C185
50C0	N4410V	C170
50C1	N4410W	ST75
50C5	N44100	TAYB
50C6	N44101	TAYB
50C8	N44103	TAYB
50C9	N44104	P28R
50CA	N44105	P28A
50CC	N44107	P28A
50CF	N4411	C150
50D1	N4411B	C170
50D2	N4411C	C190
50D7	N4411H	PA15
50D8	N4411J	P28A
50D9	N4411K	NAVI
50DD	N4411P	PA23
50E1	N4411T	C310
50E3	N4411V	C170
50E5	N4411X	P28A
50E7	N4411Z	PA18
50E8	N44110	T6
50EC	N44114	TAYB
50F4	N4412B	C170
50F7	N4412E	AR11
50FB	N4412J	P28A
50FC	N4412K	NAVI
50FE	N4412M	PA12
5100	N4412P	FOX
5101	N4412Q	C188
5103	N4412S	PA34
510E	N44123	BD5
510F	N44124	TAYB
5112	N44127	TAYB
5113	N44128	TAYB
5116	N4413A	PA22
5117	N4413B	C170
5118	N4413C	C190
5119	N4413D	ST75
511D	N4413H	M20P
511E	N4413J	P28A
5121	N4413M	PA12
5126	N4413S	C172
5128	N4413U	C150
512D	N4413Z	PA18
512E	N44130	PA32
5130	N44132	P28A
5131	N44133	TAYB
5137	N44139	P28A
513A	N4414B	M20T
513B	N4414C	C195
5141	N4414J	P28A
5142	N4414K	NAVI
5148	N4414R	T206
5149	N4414S	TAYB
514A	N4414T	P28R
514C	N4414V	C170
514D	N4414W	GLID
514E	N4414X	P28A
5151	N44140	P28R
5157	N44146	P28A
5158	N44147	PA25
5159	N44148	TAYB
515B	N4415	UH12
515C	N4415A	PA22
515E	N4415C	C195
5160	N4415E	P46T
5161	N4415F	BE9L
5163	N4415H	PA15
5165	N4415K	NAVI
5166	N4415L	BE10
516B	N4415R	C172
516D	N4415T	KR2
5170	N4415W	LJ35
5174	N44150	TAYB
5178	N44154	TAYB
517A	N44156	P28A
517B	N44157	P28R
517C	N44158	TAYB
517F	N4416A	PA18
5186	N4416H	PA46
5187	N4416J	P28A
5188	N4416K	NAVI
5189	N4416L	C172
518C	N4416P	P46T
518F	N4416S	GLID
5190	N4416T	TAYB
5192	N4416V	C170
5194	N4416X	PA12
5198	N44161	TAYB
519A	N44163	TAYB
519B	N44164	TAYB
519C	N44165	TAYB
519E	N44167	P28A
519F	N44168	TAYB
51A1	N4417	N3N
51A2	N4417A	TF21
51A3	N4417B	TF21
51A6	N4417E	TF21
51A9	N4417H	TF21
51AA	N4417J	P28A
51AB	N4417K	NAVI
51AD	N4417M	PA12
51AE	N4417N	TF21
51AF	N4417P	TF21
51B0	N4417Q	TF21
51B1	N4417R	RV4
51B2	N4417S	BE17
51B3	N4417T	PA32
51B4	N4417U	C150
51B6	N4417W	BE36
51BA	N44170	TAYB
51BB	N44171	P28A
51BD	N44173	TAYB
51BF	N44175	TAYB
51C0	N44176	P28A
51C2	N44178	TAYB
51C5	N4418A	BE35
51C6	N4418B	C170
51C8	N4418D	BE35
51CA	N4418F	TF21
51CD	N4418J	P28A
51CF	N4418L	C172
51D0	N4418M	TF21
51D1	N4418N	TF21
51D6	N4418T	PA32
51D7	N4418U	TF21
51D8	N4418V	TF21
51DB	N4418Y	TF21
51DC	N4418Z	PA18
51DD	N44180	TAYB
51DF	N44182	TAYB
51E0	N44183	P28R
51E4	N44187	WIND
51E5	N44188	FALC
51E6	N44189	P28A
51E9	N4419B	C170
51EB	N4419D	BE35
51EC	N4419E	B47G
51EF	N4419H	PA15
51F2	N4419L	C172
51F5	N4419P	TF22
51F6	N4419Q	RV6
51F9	N4419T	T6
51FD	N4419X	P28A
5201	N44191	P28A
5202	N44192	P28A
5203	N44193	P28A
5204	N44194	TAYB
5205	N44195	P28A
5207	N44197	TAYB
520B	N442A	PA18
520F	N442AD	DA42
5211	N442AF	AEST
5213	N442AH	R44
5215	N442AK	C310
5218	N442AN	A21N
5219	N442AP	AEST
521B	N442AR	R44
521C	N442AS	B739
5220	N442AW	CRJ2
5227	N442BC	BE35
522B	N442BG	PA44
522C	N442BH	R44
522D	N442BJ	C77R
522E	N442BK	ONEX
522F	N442BL	R44
5231	N442BN	R44
5235	N442BS	RV7
523D	N442C	S108
523E	N442CA	P28A
523F	N442CB	R44
5240	N442CC	C414
5245	N442CH	R44
5246	N442CJ	C25A
5247	N442CK	AVID
5249	N442CM	RV4
524B	N442CP	R44
524D	N442CR	C172
524E	N442CS	R44
5252	N442CW	CH60
5258	N442DB	RBEL
5259	N442DC	GLST
525A	N442DD	CRUZ
525B	N442DE	R44
525C	N442DF	S2P
5262	N442DM	GLST
5264	N442DP	RV7
5267	N442DS	TBM7
526E	N442DZ	T206
526F	N442E	P32R
5270	N442EA	MU30
5276	N442EG	S22T
5279	N442EK	R44
527F	N442ER	C172
5294	N442FM	C414
5296	N442FP	LJ45
52A1	N442G	P28R
52AA	N442GJ	BE40
52AD	N442GM	SR20
52B1	N442GR	T206
52B2	N442GS	R44
52BC	N442HB	C172
52BD	N442HC	R44
52C1	N442HG	PA44
52C2	N442HH	R44
52C4	N442HK	Q9
52C5	N442HL	R44
52D5	N442JB	C500
52D8	N442JE	R44
52DF	N442JM	R44
52E1	N442JP	R44
52EC	N442K	FLE7
52ED	N442KA	BE20
52F7	N442KL	MUS2
52FA	N442KP	R44
52FD	N442KS	C172
5303	N442KY	R44
5305	N442L	GLID
5306	N442LA	C25B
5308	N442LC	P28A
530B	N442LF	GLEX
530D	N442LH	C182
5312	N442LN	B505
5319	N442LV	C510
531B	N442LX	C700
531E	N442M	PIVI
5321	N442MC	BE65
5322	N442MD	R44
5323	N442ME	EC35
5325	N442MG	R44
5328	N442MK	PA44
532E	N442MR	R44
532F	N442MS	H25B
5333	N442MW	R44
5338	N442NA	EC35
533B	N442ND	P28A
5350	N442P	C210
5351	N442PA	P28A
5354	N442PD	R44
5357	N442PG	C172
5358	N442PH	B407
535B	N442PL	BE20
535C	N442PM	RV10
5360	N442PR	R44
5362	N442PT	M20P
5365	N442PW	R44
537A	N442QS	E55P
5383	N442RA	C182
5385	N442RC	R44
5388	N442RF	RV12
5389	N442RG	BE33
538B	N442RJ	COZY
538F	N442RN	R44
5396	N442RV	RV14
5397	N442RW	BE55
5399	N442RY	R44
539B	N442S	BN2P
539C	N442SA	PA44
539E	N442SC	P32R
539F	N442SD	R44
53A3	N442SH	R44
53A4	N442SJ	COL4
53AC	N442SS	C206
53B0	N442SW	CRJ2
53B4	N442T	WAIX
53B5	N442TA	COL4
53BC	N442TH	R44
53C0	N442TM	P32R
53C5	N442TS	R44
53C6	N442TT	SR22
53C9	N442TW	VEZE
53CE	N442UA	A320
53D7	N442UK	R44
53DB	N442UP	B752
53E7	N442VA	RV14
53E8	N442VB	R44
53FF	N442W	BE36
5401	N442WB	RV4
5405	N442WF	RV12
5406	N442WG	RV12
540B	N442WM	R44
540C	N442WN	B737
540F	N442WR	RV9
5411	N442WT	C700
5433	N442YB	TL30
5447	N442YX	E75L
544A	N442Z	DA40
5466	N4420C	C195
5467	N4420D	BE35
5468	N4420E	C150
5469	N4420F	C425
546C	N4420J	P28A
546D	N4420K	P40
546E	N4420L	C172
546F	N4420M	C310
5473	N4420R	C172
5475	N4420T	P28A
5476	N4420U	C150
5478	N4420W	BE60
547A	N4420Y	PA25
547C	N44200	C172
547D	N44201	TAYB
547F	N44203	P28A
5480	N44204	TAYB
5484	N44208	TAYB
5489	N4421C	C190
548A	N4421D	RV6
548F	N4421J	P28A
5490	N4421K	NAVI
5491	N4421L	C172
5492	N4421M	PA12
5494	N4421P	PA23
5496	N4421R	PA46
5498	N4421T	P28A
5499	N4421U	C182
549B	N4421W	BE95
549C	N4421X	P28A
54A7	N44218	P28A
54A8	N44219	TAYB
54A9	N4422	TL30
54AA	N4422A	PA22
54AF	N4422F	EXEC
54B1	N4422H	M20P
54B6	N4422N	P210
54B7	N4422P	PA23
54B9	N4422R	C172
54BA	N4422S	AT3P
54BF	N4422X	P28R
54C0	N4422Y	MONI
54C2	N44220	TAYB
54C6	N44224	TAYB
54C8	N44226	TAYB
54CA	N44228	P28A
54CB	N44229	P28R
54CC	N4423	B47G
54CE	N4423B	C170
54D0	N4423D	BE35
54D2	N4423F	PA46
54D4	N4423H	PA15
54D6	N4423K	NAVI
54D7	N4423L	C172
54D8	N4423M	PA12
54DB	N4423Q	C172
54DC	N4423R	C82R
54DD	N4423S	SREY
54DF	N4423U	C150
54E0	N4423V	C170
54E2	N4423X	P28B
54E5	N44230	TAYB
54E6	N44231	TAYB
54EB	N44236	P28A
54EE	N44239	TAYB
54F0	N4424A	PA22
54F2	N4424C	C195
54F4	N4424E	GLID
54F5	N4424F	C170
54F8	N4424J	P28A
54F9	N4424K	NAVI
54FA	N4424L	C172
54FB	N4424M	PA12
54FC	N4424N	GLID
5501	N4424T	P28R
5507	N4424Z	PA18
550B	N44243	TAYB
550D	N44245	P28A
550F	N44247	TAYB
5510	N44248	TAYB
5511	N44249	TAYB
5514	N4425B	BE35
5515	N4425C	C195
551A	N4425H	PA15
551B	N4425J	P28A
551C	N4425K	NAVI
551E	N4425M	PA12
5523	N4425S	YAK9
5525	N4425U	C150
5526	N4425V	VALI
5529	N4425Y	GLIM
552A	N4425Z	PA18
552E	N44253	P28A
552F	N44254	P28R
5531	N44256	COY2
5532	N44257	TAYB
5533	N44258	TAYB
5534	N44259	GLIM
5536	N4426A	PA22
5537	N4426B	GLIM
5538	N4426C	C195
5539	N4426D	BE35
553D	N4426H	PA15
553E	N4426J	P28A
5546	N4426S	AT3P
5547	N4426T	P28A
554A	N4426W	WACF
554C	N4426Y	PA23
554D	N4426Z	GLID
5551	N44263	TAYB
5552	N44264	TAYB
5555	N44267	P28A
5556	N44268	TAYB
5559	N4427A	PA22
555A	N4427B	C170
555C	N4427D	BE35
555D	N4427E	CH7A
5560	N4427H	R44
5561	N4427J	P28A
5563	N4427L	C172
5564	N4427M	COY2
5565	N4427N	P46T
5566	N4427P	B47G
5567	N4427Q	JPRO
5568	N4427R	C172
556B	N4427U	C150
556D	N4427W	BE35
556E	N4427X	P28R
5570	N4427Z	PA18
5571	N44270	R22
5572	N44271	TAYB
5573	N44272	TAYB
5574	N44273	TAYB
5575	N44274	TAYB
5577	N44276	P28A
5579	N44278	CH7A
557E	N4428C	BT36
557F	N4428D	C182
5581	N4428F	H500
5583	N4428H	PA15
5584	N4428J	P28A
5585	N4428K	NAVI
5586	N4428L	PA46
5587	N4428M	PA12
5588	N4428N	ST75
5589	N4428P	PA25
558B	N4428R	C182
558D	N4428T	P28R
558E	N4428U	C150
5591	N4428X	P28R
5593	N4428Z	PA18
5597	N44283	TAYB
5598	N44284	TAYB
5599	N44285	P28A
559A	N44286	TAYB
559B	N44287	RV8
559C	N44288	CH7A
559D	N44289	FOX
559F	N4429A	PA22
55A2	N4429D	BE35
55A3	N4429E	T210
55A4	N4429F	PA46
55A8	N4429K	NAVI
55A9	N4429L	T210
55AA	N4429M	COY2
55AB	N4429N	ST75
55AC	N4429P	PA23
55AD	N4429Q	C172
55AE	N4429R	C172
55B0	N4429T	P46T
55B4	N4429X	PA32
55B5	N4429Y	PA25
55B6	N4429Z	PA18
55B7	N44290	P28A
55B8	N44291	TAYB
55BC	N44295	PA32
55C1	N443	DH60
55C3	N443AA	A21N
55C5	N443AC	CH7B
55D3	N443AS	R44
55D7	N443AW	CRJ2
55DA	N443AZ	B763
55DC	N443BA	GLID
55DD	N443BB	E55P
55DE	N443BC	C25A
55DF	N443BD	BU31
55E2	N443BG	PA44
55E3	N443BH	B407
55F5	N443CA	P212
55F6	N443CB	DHC3
55F7	N443CC	VELO
55FC	N443CH	RV6
55FF	N443CL	BE9L
5602	N443CP	SR22
5605	N443CS	C240
560F	N443DB	CL35
5610	N443DC	R44
5617	N443DK	RV4
561F	N443DT	RV4
5626	N443E	CH7A
5627	N443EA	C560
5636	N443ER	C172
5643	N443FD	S55P
5644	N443FE	A310
564A	N443FL	P28A
5655	N443FX	E545
566E	N443GX	EPIC
5671	N443H	C425
5679	N443HH	R44
567F	N443HP	T206
568A	N443J	MIMU
568C	N443JB	RV6
5691	N443JG	RV6
5698	N443JP	C208
569C	N443JT	RV4
56A3	N443K	NAVI
56A4	N443KA	T206
56A6	N443KC	MIMU
56AC	N443KJ	AVTR
56B4	N443KS	C172
56B5	N443KT	L29
56BD	N443LA	AT5T
56BF	N443LC	R44
56C2	N443LF	B407
56C7	N443LL	S22T
56CE	N443LT	C310
56D2	N443LX	BE40
56D6	N443MA	E145
56D8	N443MC	PA31
56DC	N443MG	PA44
56DF	N443MK	PA44
56E1	N443MM	R44
56EA	N443MW	RV6
56F2	N443ND	P28A
5707	N443P	BE58
5708	N443PA	P28A
570F	N443PH	B407
5711	N443PK	RV6
5717	N443PR	GL5T
571C	N443PW	C25B
5723	N443QC	CL60
5731	N443QS	E55P
5736	N443QX	DH8D
5739	N443R	C414
5744	N443RL	CH7B
5747	N443RP	R44
574A	N443RS	R44
574D	N443RV	RV9
5753	N443SA	R44
575A	N443SH	R44
575D	N443SL	LJ45
5767	N443SW	CRJ2
576C	N443TA	C56X
577C	N443TS	R44
577D	N443TT	RV4
5785	N443UA	A320
5792	N443UP	B752
579D	N443V	RV8
57AD	N443VR	VR7
57B7	N443WA	AC50
57B8	N443WB	CH7A
57C3	N443WN	B737
57EA	N443YB	UH1
57FE	N443YX	E75L
5801	N443Z	PA11
5803	N443ZB	UH1
581D	N4430C	C182
581F	N4430E	CH7A
5822	N4430H	PA15
5824	N4430K	NAVI
5825	N4430L	C172
5827	N4430N	ST75
582A	N4430R	C172
582D	N4430U	C150
582F	N4430W	BE35
5830	N4430X	PA34
5831	N4430Y	PA25
5832	N4430Z	PA18
5836	N44303	TAYB
5837	N44304	TAYB
5838	N44305	TAYB
583B	N44308	P28B
583C	N44309	C185
583E	N4431A	PA22
583F	N4431B	O1
5840	N4431C	O1
5841	N4431D	O1
5843	N4431F	O1
5845	N4431H	PA15
5849	N4431M	PA12
584A	N4431N	O1
584C	N4431Q	C172
584D	N4431R	C172
584F	N4431T	P28A
5850	N4431U	COUR
5851	N4431V	C182
5852	N4431W	BE35
5855	N4431Z	PA18
5858	N44312	TAYB
585A	N44314	P28A
585B	N44315	TAYB
585E	N44318	P28A
5861	N4432A	BE35
5863	N4432C	C195
5864	N4432D	BE35
5865	N4432E	PA38
5868	N4432H	PA15
5869	N4432J	P28A
586A	N4432K	PA46
586E	N4432P	ST75
586F	N4432Q	ST75
5870	N4432R	C172
5873	N4432U	C150
5875	N4432W	UH1
5877	N4432Y	BE36
5878	N4432Z	PA18
587A	N44321	TAYB
587D	N44324	TAYB
587F	N44326	P28A
5880	N44327	P28R
5881	N44328	PA32
5882	N44329	TAYB
5885	N4433B	C170
588F	N4433M	PA12
5891	N4433P	YK52
5892	N4433Q	C172
5893	N4433R	C185
5898	N4433W	BE95
589B	N4433Z	PA18
589C	N44330	SBOY
589E	N44332	PA34
58A0	N44334	TAYB
58A1	N44335	TAYB
58A2	N44336	TAYB
58A4	N44338	TAYB
58A5	N44339	P28A
58A7	N4434A	PA22
58A8	N4434B	C170
58A9	N4434C	C195
58AA	N4434D	PA31
58AB	N4434E	CH7A
58AE	N4434H	PA15
58AF	N4434J	P28A
58B0	N4434K	C182
58B1	N4434L	BE35
58B3	N4434N	T6
58B4	N4434P	FURY
58B5	N4434Q	C172
58B6	N4434R	C172
58BA	N4434V	BE35
58BB	N4434W	BE36
58BC	N4434X	P28R
58BE	N4434Z	PA18
58BF	N44340	GLID
58C1	N44342	TAYB
58C2	N44343	TAYB
58C3	N44344	COUR
58C5	N44346	TAYB
58C6	N44347	P28A
58CB	N4435B	C170
58CD	N4435D	BE35
58CE	N4435E	CH7A
58D1	N4435H	M20P
58D3	N4435K	NAVI
58D5	N4435M	PA12
58DB	N4435T	YK52
58DD	N4435V	BE35
58E0	N4435Y	PA22
58E1	N4435Z	PA18
58E5	N44353	TAYB
58E7	N44355	P28A
58EE	N4436B	C170
58F0	N4436D	PA18
58F7	N4436L	C172
58F8	N4436M	PA12
58FB	N4436Q	C172
58FC	N4436R	C172
5906	N44361	TAYB
5908	N44363	P28A
590D	N44368	TAYB
590E	N44369	PA32
5911	N4437B	C170
5914	N4437E	RV7
5917	N4437H	M20P
591A	N4437L	C172
591B	N4437M	PA12
5920	N4437S	P28R
5924	N4437W	P28R
5925	N4437X	P28A
5928	N44370	TAYB
5929	N44371	TAYB
5932	N4438	BN2P
5934	N4438B	TRDO
5935	N4438C	C195
5936	N4438D	P28R
593A	N4438H	PA15
593C	N4438K	NAVI
593D	N4438L	C172
5944	N4438T	PA44
5945	N4438U	PA44
594A	N4438Z	PA18
594C	N44381	TAYB
594E	N44383	P28A
594F	N44384	TAYB
5952	N44387	TAYB
5953	N44388	P28R
5956	N4439A	PA22
5957	N4439B	UH1
5958	N4439C	C195
595E	N4439J	FOX
595F	N4439K	NAVI
5961	N4439M	PA12
5962	N4439N	ST75
5964	N4439Q	C188
5968	N4439U	R44
596B	N4439X	P28R
596F	N44391	TAYB
5972	N44394	TAYB
5974	N44396	TAYB
5975	N44397	P28A
5977	N44399	P28A
5979	N444A	C68A
597A	N444AA	C182
597B	N444AB	FA50
597C	N444AC	NAVI
597D	N444AD	BE20
597E	N444AE	B06
597F	N444AF	BE35
5981	N444AH	SR22
5982	N444AJ	R44
5983	N444AK	C441
5985	N444AM	C25B
5986	N444AN	S22T
5987	N444AP	C77R
598A	N444AS	AT3T
598E	N444AW	BL8
5993	N444BA	A5
5994	N444BB	UH1
5995	N444BC	C750
5996	N444BD	AC50
5998	N444BF	RELI
5999	N444BG	C421
599A	N444BH	M20P
599B	N444BJ	BE35
599D	N444BL	CH7B
59A3	N444BS	T210
59A4	N444BT	TBM7
59A5	N444BU	R44
59A7	N444BW	R44
59AA	N444BZ	C414
59AB	N444C	S108
59AC	N444CA	AC50
59AD	N444CB	AC50
59AE	N444CC	BE33
59B0	N444CE	DC6
59B6	N444CL	C210
59B7	N444CM	PC12
59B9	N444CP	PA30
59BB	N444CR	R22
59BC	N444CS	RV4
59BD	N444CT	PA32
59BE	N444CU	C25C
59BF	N444CV	SR22
59C0	N444CW	C650
59C1	N444CX	H25B
59C2	N444CY	PAY3
59C3	N444CZ	CL60
59C6	N444DB	PTS1
59C8	N444DD	T18
59C9	N444DE	P32R
59CA	N444DF	S2P
59CB	N444DG	BE35
59CC	N444DH	GLF5
59CD	N444DJ	M20P
59CE	N444DK	BE35
59D0	N444DM	C414
59D1	N444DN	C68A
59D2	N444DP	P28R
59D4	N444DR	P32R
59D5	N444DS	M20P
59D6	N444DT	PA46
59D8	N444DV	R44
59D9	N444DW	BE35
59DA	N444DX	VELO
59DD	N444E	H269
59DE	N444EA	C550
59E0	N444EC	M20P
59E1	N444ED	RV4
59E2	N444EE	C172
59E3	N444EF	DHC2
59E5	N444EH	B47G
59ED	N444ER	C172
59EF	N444ET	CL60
59F3	N444EX	PA18
59F6	N444F	T210
59F7	N444FA	C414
59F9	N444FC	BT36
59FA	N444FD	GLAS
59FB	N444FE	BE76
59FD	N444FG	P28A
5A02	N444FM	CL60
5A08	N444FT	PC12
5A0B	N444FW	P32R
5A0C	N444FX	E545
5A0F	N444G	C550
5A12	N444GC	LNCE
5A14	N444GE	C182
5A16	N444GG	C560
5A1A	N444GL	SRAI
5A1B	N444GM	C182
5A1C	N444GN	M20T
5A20	N444GS	C150
5A21	N444GT	E300
5A24	N444GW	T206
5A2A	N444HB	SF50
5A2B	N444HC	LJ31
5A2C	N444HD	C421
5A2D	N444HE	B733
5A2E	N444HF	SS2T
5A30	N444HH	R44
5A32	N444HK	M20P
5A34	N444HM	AEST
5A36	N444HP	P28R
5A38	N444HR	C337
5A39	N444HS	T18
5A3A	N444HT	C310
5A3B	N444HU	HUSK
5A3F	N444HY	HUSK
5A42	N444JA	YK52
5A43	N444JB	B06
5A46	N444JE	FBA2
5A47	N444JF	H25B
5A48	N444JG	C172
5A49	N444JH	EA50
5A4A	N444JJ	M20P
5A4B	N444JK	PA23
5A4C	N444JL	P28A
5A4D	N444JM	C340
5A4E	N444JN	RV4
5A51	N444JR	BE24
5A53	N444JT	RV4
5A55	N444JV	C425
5A58	N444JY	R44
5A5B	N444KA	BE20
5A5D	N444KC	P28A
5A60	N444KF	C425
5A61	N444KG	BE58
5A66	N444KM	CL60
5A68	N444KP	RV9
5A6C	N444KT	C340
5A6F	N444KW	C340
5A71	N444KY	BE58
5A72	N444KZ	E55P
5A73	N444L	BE9L
5A76	N444LC	PA32
5A77	N444LD	CH60
5A79	N444LF	LNC4
5A7A	N444LG	E550
5A7C	N444LJ	C310
5A7D	N444LK	RV8
5A7E	N444LL	C182
5A7F	N444LM	P28A
5A80	N444LN	PAY3
5A81	N444LP	BE20
5A83	N444LR	BE9L
5A84	N444LS	C414
5A88	N444LW	RV4
5A8A	N444LY	SLG4
5A8C	N444M	G44
5A92	N444MF	SR22
5A95	N444MJ	P32R
5A97	N444ML	R44
5A98	N444MM	EAGL
5A99	N444MN	E55P
5A9C	N444MR	LGEZ
5A9D	N444MS	AT3T
5A9E	N444MT	PTS2
5AA3	N444MY	SA10
5AA6	N444NA	PA32
5AA7	N444NB	UH1
5AA8	N444NC	R44
5AA9	N444ND	P28A
5ABA	N444NW	R44
5ABB	N444NX	BL8
5ABF	N444PA	PA34
5AC1	N444PC	PA31
5AC3	N444PE	FA50
5AC4	N444PF	BL8
5AC5	N444PG	BE36
5AC6	N444PH	R22
5AC7	N444PJ	C210
5AC8	N444PK	F8L
5AC9	N444PL	FOX
5ACA	N444PM	BE35
5ACC	N444PP	C172
5ACF	N444PS	BE9L
5AD3	N444PW	E230
5AD6	N444PZ	CH60
5ADA	N444QC	GLF4
5ADE	N444QG	GLF4
5AE8	N444QS	E55P
5AF1	N444RA	BE19
5AF2	N444RB	NAVI
5AF3	N444RC	PA31
5AF4	N444RD	RV6
5AF5	N444RE	C175
5AF6	N444RF	C560
5AF7	N444RG	BE33
5AF8	N444RH	R44
5AFA	N444RK	BE10
5AFB	N444RL	EA50
5AFC	N444RM	PA32
5B00	N444RR	P46T
5B03	N444RU	BE35
5B05	N444RW	T210
5B08	N444RZ	GLIM
5B09	N444S	BE58
5B0A	N444SA	PA34
5B0B	N444SB	BE36
5B0F	N444SF	M7
5B11	N444SH	BE33
5B12	N444SJ	UH1
5B13	N444SK	R44
5B14	N444SL	P28R
5B15	N444SM	C421
5B1A	N444SS	S22T
5B1B	N444ST	C310
5B1F	N444SX	SONX
5B22	N444T	RV4
5B23	N444TA	C421
5B24	N444TB	P46T
5B25	N444TC	BE35
5B28	N444TF	C172
5B29	N444TG	LJ25
5B2A	N444TH	C172
5B2B	N444TJ	C172
5B2C	N444TK	M20P
5B2E	N444TM	E300
5B30	N444TP	GLAS
5B32	N444TR	C150
5B33	N444TS	AC50
5B36	N444TV	B06
5B38	N444TX	RV8
5B39	N444TY	ST75
5B3C	N444UA	A320
5B43	N444UH	R44
5B44	N444UJ	SR22
5B49	N444UP	B752
5B50	N444UW	A21N
5B53	N444UZ	GL7T
5B54	N444V	T206
5B56	N444VB	C82T
5B57	N444VC	C82S
5B5C	N444VH	R44
5B60	N444VM	PA23
5B62	N444VP	NAVI
5B64	N444VR	SR22
5B69	N444VW	C172
5B70	N444WC	ASTR
5B71	N444WD	AC95
5B72	N444WE	BE36
5B73	N444WF	MU2
5B75	N444WH	LNC4
5B78	N444WL	WHIL
5B7A	N444WN	B737
5B7B	N444WP	MUS2
5B7D	N444WR	BE35
5B7F	N444WT	GL7T
5B86	N444X	BE35
5B8A	N444XD	LEG2
5B91	N444XL	UH1
5B94	N444XP	C180
5B97	N444XS	CRER
5B9F	N444Y	AS65
5BA1	N444YB	SAKO
5BA4	N444YE	EC35
5BA6	N444YG	PC12
5BA9	N444YK	YK52
5BB1	N444YT	M7
5BB5	N444YX	E75L
5BB7	N444YZ	C172
5BB9	N444ZA	M7
5BBE	N444ZF	RV6
5BBF	N444ZG	NG5
5BC0	N444ZH	C560
5BCD	N444ZW	CRJ2
5BD0	N444ZZ	R22
5BD3	N4440B	BL17
5BD6	N4440E	AR11
5BD9	N4440H	PA15
5BDB	N4440K	C421
5BDC	N4440L	PA18
5BDE	N4440N	ST75
5BDF	N4440P	PA23
5BE1	N4440R	BE95
5BE2	N4440S	AT3P
5BE3	N4440T	P28B
5BE8	N4440Y	PA25
5BE9	N4440Z	PA18
5BEA	N44400	P28A
5BEB	N44401	TAYB
5BEE	N44404	TAYB
5BF1	N44407	P28A
5BF2	N44408	TAYB
5BF3	N44409	TAYB
5BF4	N4441	BE35
5BFC	N4441H	PA15
5BFD	N4441J	P28A
5BFE	N4441K	C150
5C00	N4441M	PA12
5C02	N4441P	J5
5C03	N4441Q	C188
5C04	N4441R	C172
5C09	N4441W	T206
5C0A	N4441X	PA34
5C0C	N4441Z	PA18
5C0E	N44411	P28A
5C0F	N44412	P28A
5C10	N44413	P28A
5C13	N44416	PA34
5C16	N44419	TAYB
5C18	N4442A	PA22
5C1D	N4442F	C172
5C1F	N4442H	PA15
5C21	N4442K	NAVI
5C22	N4442L	C172
5C24	N4442N	ST75
5C27	N4442R	GP3
5C29	N4442T	SREY
5C2A	N4442U	C150
5C2D	N4442X	P28A
5C2F	N4442Z	PA18
5C30	N44420	P28A
5C31	N44421	P28A
5C34	N44424	TAYB
5C35	N44425	TAYB
5C36	N44426	P28A
5C38	N44428	TAYB
5C39	N44429	P28A
5C3B	N4443A	PA22
5C3C	N4442B	DH8D
5C3E	N4443D	BE35
5C40	N4443F	O1
5C42	N4443H	M20P
5C44	N4443K	NAVI
5C45	N4443L	C172
5C48	N4443P	O1
5C49	N4443Q	P28A
5C4A	N4443R	C185
5C4C	N4443T	P28A
5C4D	N4443U	C150
5C50	N4443X	P28R
5C52	N4443Z	PA18
5C53	N44430	P28A
5C54	N44431	O1
5C56	N44433	TAYB
5C59	N44436	TAYB
5C5E	N4444A	PA22
5C60	N4444C	C190
5C62	N4444E	P28A
5C65	N4444H	PA15
5C66	N4444J	RV4
5C67	N4444K	BE35
5C69	N4444M	M26
5C6F	N4444T	C206
5C71	N4444V	C150
5C72	N4444W	C182
5C73	N4444X	GLEX
5C74	N4444Y	GLID
5C75	N4444Z	DHC2
5C76	N44440	GL7T
5C77	N44441	C182
5C78	N44442	P28A
5C79	N44443	P28R
5C7A	N44444	TAYB
5C7B	N44445	TAYB
5C7C	N44446	TAYB
5C82	N4445B	C170
5C84	N4445D	VAMP
5C88	N4445H	B06
5C89	N4445J	P28A
5C8A	N4445K	P28A
5C8C	N4445M	PA12
5C8E	N4445P	P28A
5C91	N4445S	P28A
5C92	N4445T	P06T
5C94	N4445V	P28A
5C95	N4445W	BE60
5C96	N4445X	P32R
5C97	N4445Y	P28A
5C99	N44450	P28A
5C9A	N44451	TAYB
5C9F	N44456	ALGR
5CA1	N44458	P28R
5CA2	N44459	TAYB
5CA3	N4446	COL4
5CA5	N4446B	C170
5CA8	N4446E	CH7A
5CAC	N4446J	P28A
5CAE	N4446L	C172
5CB3	N4446R	C172
5CB5	N4446T	GLIM
5CB7	N4446V	BE35
5CB8	N4446W	GLIM
5CB9	N4446X	PA34
5CBA	N4446Y	GLIM
5CBB	N4446Z	PA18
5CBF	N44463	PA46
5CC2	N44466	TAYB
5CC3	N44467	TAYB
5CC4	N44468	TAYB
5CC6	N4447	T6
5CC7	N4447A	R44
5CCA	N4447D	P28B
5CCB	N4447E	PA38
5CCC	N4447F	RS12
5CCE	N4447H	PA15
5CD0	N4447K	NAVI
5CD2	N4447M	PA12
5CD4	N4447P	LJ25
5CD5	N4447Q	C172
5CD6	N4447R	C82R
5CDA	N4447V	R44
5CDB	N4447W	BE9L
5CDE	N4447Z	T206
5CE2	N44473	TAYB
5CE4	N44475	P210
5CE5	N44476	TAYB
5CE7	N44478	P28A
5CE8	N44479	RV6
5CEB	N4448B	C170
5CEC	N4448C	C195
5CED	N4448D	BE35
5CEF	N4448F	BE60
5CF1	N4448H	M20P
5CF3	N4448K	NAVI
5CF4	N4448L	C172
5CF9	N4448R	C185
5CFB	N4448T	P28A
5CFD	N4448V	BE35
5D01	N4448Z	PA18
5D03	N44481	TAYB
5D06	N44484	TAYB
5D07	N44485	P28A
5D0A	N44488	P28A
5D0C	N4449	FOX
5D0E	N4449B	C170
5D0F	N4449C	PA18
5D13	N4449G	C210
5D15	N4449J	P28A
5D16	N4449K	NAVI
5D18	N4449M	PA12
5D1A	N4449P	S108
5D1C	N4449R	C82R
5D1D	N4449S	BE95
5D20	N4449V	BE35
5D21	N4449W	BE58
5D22	N4449X	C182
5D23	N4449Y	BE36
5D24	N4449Z	PA18
5D27	N44492	TAYB
5D28	N44493	TAYB
5D29	N44494	PA32
5D2A	N44495	TAYB
5D2B	N44496	TAYB
5D2C	N44497	P28A
5D2D	N44498	TAYB
5D2F	N445	B06
5D31	N445AA	A21N
5D33	N445AC	BL8
5D35	N445AE	B06
5D36	N445AF	C72R
5D45	N445AW	CRJ2
5D4B	N445BB	HUSK
5D50	N445BG	PA44
5D5B	N445BT	BE20
5D5E	N445BW	C72R
5D66	N445CD	SR22
5D6A	N445CH	EC45
5D70	N445CP	C82T
5D72	N445CR	BE9L
5D74	N445CT	BE40
5D7B	N445D	C172
5D7D	N445DB	GL5T
5D7E	N445DC	C182
5D81	N445DF	S2P
5D83	N445DH	P28A
5D8E	N445DU	EC45
5DAA	N445EX	PA11
5DB1	N445FD	LJ45
5DB9	N445FM	PA31
5DBB	N445FP	AP20
5DC3	N445FX	E545
5DDF	N445H	GLF5
5DE0	N445HA	AT8T
5DF0	N445HS	R44
5DF9	N445JA	PA44
5DFA	N445JB	B06
5E00	N445JH	FOX
5E09	N445JS	R44
5E11	N445K	SSTL
5E14	N445KC	RV7
5E1F	N445KP	R44
5E22	N445KS	C172
5E2D	N445LC	SR22
5E30	N445LF	B407
5E35	N445LL	EPIC
5E36	N445LM	NG5
5E3C	N445LT	C680
5E44	N445MA	PA46
5E46	N445MC	B744
5E47	N445MD	GLF4
5E48	N445ME	EC35
5E4D	N445MK	PA44
5E4E	N445ML	S22T
5E54	N445MS	AT5T
5E5C	N445N	LJ45
5E63	N445NG	PC12
5E72	N445NX	PC12
5E75	N445P	BE36
5E76	N445PA	P28A
5E78	N445PC	SONX
5E7D	N445PH	B407
5E9F	N445QS	GLF4
5EA4	N445QX	DH8D
5EA7	N445R	C172
5EA8	N445RA	G3
5EAD	N445RF	RV6
5EB3	N445RM	LJ45
5EC0	N445S	H500
5EC1	N445SA	SKAR
5EC3	N445SC	C68A
5EC8	N445SH	M20P
5ECB	N445SL	B407
5ECE	N445SP	M20P
5ED2	N445ST	GALX
5ED5	N445SW	CRJ2
5EE0	N445TG	LJ45
5EE1	N445TH	GLAS
5EEA	N445TS	LJ45
5EF3	N445UA	A320
5F00	N445UP	B752
5F16	N445VL	BE40
5F1B	N445VR	BE40
5F24	N445W	SA50
5F2A	N445WF	LJ45
5F31	N445WN	B737
5F36	N445WT	M20P
5F56	N445Y	O1
5F6C	N445YX	E75L
5F88	N4450	G164
5F89	N4450A	PA22
5F8A	N4450B	C170
5F8C	N4450D	BE35
5F90	N4450H	PA15
5F91	N4450J	P28A
5F92	N4450K	NAVI
5F93	N4450L	C172
5F95	N4450N	GLID
5F96	N4450P	PA18
5F9A	N4450T	P28A
5F9B	N4450U	C150
5F9D	N4450W	R44
5F9F	N4450Y	YK52
5FA0	N4450Z	Y18T
5FA1	N44500	P28A
5FA2	N44501	A21N
5FA3	N44502	P28A
5FA4	N44503	MD82
5FA8	N44507	P28A
5FA9	N44508	EXPR
5FAA	N44509	P28A
5FAB	N4451	CLON
5FAC	N4451A	PA22
5FAF	N4451D	BE35
5FB0	N4451E	CH7A
5FB7	N4451M	PA12
5FB8	N4451N	ST75
5FB9	N4451P	PA23
5FBC	N4451S	BE36
5FBF	N4451V	BE35
5FC0	N4451W	BE33
5FC3	N4451Z	PA18
5FC5	N44511	P28A
5FC6	N44512	P28A
5FC8	N44514	P28A
5FCC	N44518	P28A
5FCD	N44519	P28A
5FCE	N4452	B06
5FD2	N4452D	BE35
5FD3	N4452E	CH7A
5FD6	N4452H	M20P
5FD7	N4452J	P28A
5FD9	N4452L	C172
5FDC	N4452P	PA23
5FDF	N4452S	BE58
5FE0	N4452T	P28R
5FE1	N4452U	C150
5FE3	N4452W	BE35
5FE4	N4452X	P28R
5FE6	N4452Z	PA18
5FE7	N44520	CULV
5FE8	N44521	P28R
5FEA	N44523	PA36
5FEB	N44524	P28A
5FEC	N44525	P28A
5FED	N44526	P28A
5FEF	N44528	P28A
5FF1	N4453	G44
5FF2	N4453A	PA22
5FF3	N4453B	C170
5FF4	N4453C	C195
5FF6	N4453E	CH7A
5FFB	N4453K	NAVI
5FFC	N4453L	C172
5FFF	N4453P	AR11
6000	N4453Q	C188
6001	N4453R	C172
6003	N4453T	MIMU
6004	N4453U	C150
600A	N44530	P28A
600C	N44532	SKYR
600E	N44534	P28A
6011	N44537	P28A
6012	N44538	P28A
6015	N4454A	PA22
6016	N4454B	C170
601C	N4454H	PA15
601D	N4454J	P28A
6020	N4454M	PA12
6024	N4454R	C172
602C	N4454Z	PA18
6030	N44543	P28A
6033	N44546	P28A
6037	N4455	COL4
6039	N4455B	BE95
603A	N4455C	C190
603C	N4455E	CH7A
603D	N4455F	P32R
603F	N4455H	PA15
6041	N4455K	NAVI
6042	N4455L	C172
6043	N4455M	P28R
6046	N4455Q	C188
6048	N4455S	BE95
6049	N4455T	P28A
604B	N4455V	BE35
604D	N4455X	P28A
604F	N4455Z	PA18
6050	N44550	A21N
6052	N44552	PA34
6053	N44553	P28A
6055	N44555	P28A
6056	N44556	P28A
6058	N44558	P28B
605B	N4456A	BE20
605E	N4456D	BE35
6062	N4456H	PA15
6065	N4456L	C172
606A	N4456R	C172
606B	N4456S	BE36
606E	N4456V	CH25
606F	N4456W	BE36
6070	N4456X	P28R
6072	N4456Z	PA18
6073	N44560	PA32
6074	N44561	J3
6075	N44562	BE17
6079	N44566	P28A
607F	N4457B	C170
6085	N4457H	PA15
6087	N4457K	NAVI
6089	N4457M	PA12
608B	N4457P	PA23
608E	N4457S	BE35
608F	N4457T	P28R
6095	N4457Z	PA18
6097	N44571	P28A
6098	N44572	P28R
6099	N44573	BE18
609B	N44575	P28A
609E	N44578	P28A
609F	N44579	P28A
60A1	N4458A	BE35
60A3	N4458C	C195
60A4	N4458D	BE35
60A9	N4458J	P28A
60AC	N4458M	PA12
60B1	N4458S	BE58
60B6	N4458X	PA34
60B9	N44580	P28A
60BC	N44583	P28A
60BD	N44584	P28A
60BF	N44586	P28B
60C0	N44587	DC3
60C1	N44588	PA32
60C3	N4459	SA3
60C6	N4459C	C190
60C8	N4459E	CH7A
60CB	N4459H	M20P
60CC	N4459J	P28A
60D4	N4459S	BE36
60DC	N44590	P28A
60DF	N44593	P28A
60E3	N44597	P28A
60E7	N446A	RV6
60EA	N446AC	CH7B
60EC	N446AE	AC50
60ED	N446AF	C72R
60F3	N446AM	B789
60F4	N446AN	A21N
60F8	N446AS	P32R
60FB	N446AV	A320
60FC	N446AW	CRJ2
6103	N446BC	PC12
6104	N446BD	SR22
6108	N446BH	H60
6119	N446C	S108
611B	N446CB	M20P
611C	N446CC	GLF6
611D	N446CD	SR20
6122	N446CJ	C25C
6127	N446CP	SR22
612A	N446CS	C172
6134	N446DB	DA40
6135	N446DC	DA40
613A	N446DH	YK50
613B	N446DJ	LJ45
613D	N446DL	PL2
613E	N446DM	S22T
6143	N446DS	DA40
6147	N446DW	PA34
614B	N446E	GLID
615B	N446ER	C172
6164	N446F	LEG2
6170	N446FM	S22T
6175	N446FS	P208
617A	N446FX	E545
6198	N446HB	S22T
619A	N446HD	S22T
61A7	N446HS	R44
61AF	N446J	C208
61BC	N446JN	GLID
61BF	N446JR	BE33
61C0	N446JS	R66
61C8	N446K	FLE7
61DD	N446KW	GLAS
61E8	N446LG	E550
61EC	N446LL	EPIC
61FD	N446MC	B744
6204	N446MK	PA44
6206	N446MM	PA46
6216	N446NC	PA46
6217	N446ND	P28A
622C	N446P	BE36
622D	N446PA	PA44
622F	N446PC	M20P
6256	N446QS	E55P
6257	N446QT	MT
625B	N446QX	DH8D
6272	N446RV	RV9
6278	N446SA	SKAR
6279	N446SB	DA40
627C	N446SE	P32T
627E	N446SG	R44
6281	N446SK	COL4
6285	N446SP	C172
628C	N446SW	CRJ2
6290	N446T	BE35
6296	N446TF	C337
62A2	N446TT	P28R
62A9	N446U	CC11
62AA	N446UA	A320
62B7	N446UP	B752
62C4	N446VB	S22T
62C9	N446VG	GLF5
62E7	N446WM	FOX
62E8	N446WN	B737
62F4	N446X	RV7
630F	N446YB	RV9
6323	N446YX	E75L
6340	N4460A	PA22
6343	N4460D	BE35
6344	N4460E	CH7A
634A	N4460L	C172
634B	N4460M	PA12
6350	N4460S	BE36
6351	N4460T	P28A
6352	N4460U	C150
6355	N4460X	P28A
6356	N4460Y	PA25
6359	N44601	PA32
635C	N44604	P28A
635D	N44605	P28A
635F	N44607	BE18
6363	N4461A	PA22
6364	N4461B	RV8
6366	N4461D	BE35
636A	N4461H	M20P
636B	N4461J	P28A
636D	N4461L	C172
636E	N4461M	PA12
6374	N4461T	P28R
6375	N4461U	C150
6376	N4461V	RV3
6377	N4461W	BE95
6378	N4461X	P28R
6379	N4461Y	PA25
637A	N4461Z	PA18
637F	N44614	P28A
6382	N44617	P28B
6383	N44618	PA32
6386	N4462A	PA22
6387	N4462B	C336
6389	N4462D	BE35
638A	N4462E	CH7A
638D	N4462H	PA15
638E	N4462J	XNON
638F	N4462K	NAVI
6390	N4462L	C172
6393	N4462P	PA23
6395	N4462R	C172
6396	N4462S	BE95
639F	N44621	P28A
63A0	N44622	P28A
63A7	N44629	P28A
63A9	N4463A	PA22
63AA	N4463B	C170
63AC	N4463D	BE35
63B1	N4463J	P28A
63B9	N4463S	BE33
63BB	N4463U	C150
63C0	N4463Z	PA18
63C7	N44636	P28A
63C8	N44637	P28A
63CD	N4464B	C170
63CF	N4464D	LNC2
63D3	N4464H	PA15
63D4	N4464J	P28A
63D9	N4464P	GLIM
63DA	N4464Q	C188
63DB	N4464R	C172
63DD	N4464T	P28R
63E0	N4464W	BE36
63E1	N4464X	P28A
63E3	N4464Z	PA18
63E7	N44643	P28A
63EA	N44646	P28A
63EB	N44647	P28A
63ED	N44649	P28R
63EF	N4465A	PA22
63F7	N4465J	P28A
63FB	N4465N	BE58
63FF	N4465S	BE36
6400	N4465T	P28R
6402	N4465V	R44
6405	N4465Y	P68
6406	N4465Z	PA18
6407	N44650	P28B
640A	N44653	P28A
640B	N44654	P28A
640C	N44655	P28A
6411	N4466	R44
6413	N4466B	C170
6415	N4466D	BE35
641B	N4466K	NAVI
641C	N4466L	BE36
641E	N4466N	DSA1
6420	N4466Q	C188
6421	N4466R	C172
6422	N4466S	BE35
6426	N4466W	BE55
6427	N4466X	P28R
642B	N44661	PA32
6431	N44667	P28A
6432	N44668	P28A
6433	N44669	P28A
6435	N4467A	BE36
643F	N4467L	C172
6444	N4467R	C172
6445	N4467S	BE36
6448	N4467V	H500
644B	N4467Y	PA25
644D	N44670	P28A
6452	N44675	P28A
6458	N4468A	PA22
6459	N4468B	C170
645A	N4468C	C195
645B	N4468D	BE35
645D	N4468F	COL4
6462	N4468L	C172
6464	N4468N	C182
6466	N4468Q	C152
6467	N4468R	C172
6468	N4468S	BE36
6469	N4468T	R22
646C	N4468W	BE35
646E	N4468Y	PA25
6471	N44681	P28A
6472	N44682	P28A
6474	N44684	CULV
6475	N44685	PA32
6476	N44686	P28A
647A	N4469	HUSK
647B	N4469A	PA22
647D	N4469C	C195
6482	N4469H	PA15
6485	N4469L	C172
648A	N4469R	BE36
648F	N4469W	BE33
6493	N44690	P28A
6494	N44691	P28A
6499	N44696	P28B
649A	N44697	P28B
649D	N447	GLST
649E	N447A	TAIL
64A3	N447AE	B06
64AB	N447AN	A21N
64AE	N447AR	RV7
64B0	N447AT	SS2T
64B3	N447AW	CRJ2
64B8	N447BA	R44
64B9	N447BB	RV7
64BB	N447BD	RV6
64BD	N447BF	B407
64C2	N447BL	PA44
64C7	N447BR	BE36
64D1	N447CA	CRJ2
64D6	N447CF	R44
64DB	N447CL	DA40
64DE	N447CP	C82T
64E1	N447CS	C172
64E2	N447CT	PA38
64EB	N447DB	BE9L
64F3	N447DK	C150
64F4	N447DL	PA46
64F7	N447DP	FDCT
64FA	N447DS	DA40
6502	N447E	LEG2
6505	N447EC	C680
6513	N447ES	C82S
652D	N447FT	CL4G
6531	N447FX	E545
6534	N447G	RV7
653C	N447GH	B407
654D	N447H	RV6
6559	N447LA	LJ60
656C	N447JF	GLF4
6571	N447JL	BE95
657B	N447JW	GA5C
657F	N447K	FLE2
6585	N447KF	FOX
6590	N447KS	P28A
65A9	N447LS	T206
65B2	N447MA	BE36
65B8	N447MG	RV6
65B9	N447MH	R44
65BA	N447MJ	C56X
65BB	N447MK	PA44
65BF	N447MP	TBM7
65CB	N447NA	BE33
65CE	N447ND	P28A
65E3	N447P	RV6
65E4	N447PA	R44
65EB	N447PH	B407
65F5	N447PT	P46T
65F8	N447PW	R44
660D	N447QS	E55P
6612	N447QX	DH8D
6616	N447RA	GX
6618	N447RC	R44
6625	N447RR	GLIM
6629	N447RV	RV7
662E	N447S	R44
6634	N447SF	C550
6643	N447SW	CRJ2
6647	N447T	PA23
6661	N447UA	A320
666E	N447UP	B752
6679	N447V	RV10
667B	N447VB	SVNH
6695	N447WC	RV6
669D	N447WL	C182
669F	N447WN	B737
66A0	N447WP	GLST
66B6	N447XL	SONX
66BC	N447XS	PIVI
66DA	N447YX	E75L
66F7	N4470A	PA18
66FB	N4470E	PA38
66FF	N4470J	P28A
6702	N4470M	PA12
6704	N4470P	PA23
6707	N4470S	BE35
6709	N4470U	C150
670D	N4470Y	PA25
670E	N4470Z	PA18
6711	N44702	P28A
6713	N44704	P28A
6714	N44705	P28A
6716	N44707	N3N
6717	N44708	P28A
671E	N4471E	BE36
671F	N4471F	P28A
6722	N4471J	R44
6726	N4471N	R22
6729	N4471R	C185
672C	N4471U	C150
6732	N44710	P28A
6733	N44711	N3N
6735	N44713	N3N
6736	N44714	P28A
6737	N44715	P28A
673A	N44718	N3N
673C	N4472	H60
673E	N4472B	C170
6742	N4472F	P28A
6744	N4472H	M20P
6746	N4472K	NAVI
674C	N4472R	C172
6753	N4472Y	PA25
6755	N44720	N3N
6758	N44723	N3N
675C	N44727	P51
6761	N4473B	C170
6765	N4473F	P28A
6767	N4473H	PA15
6768	N4473J	P28A
676A	N4473L	C172
676D	N4473P	PA23
676F	N4473R	C172
6770	N4473S	BE33
6772	N4473U	C150
6773	N4473V	BE35
6775	N4473X	P28A
6776	N4473Y	PA16
6777	N4473Z	PA18
677C	N44734	P28A
6780	N44738	N3N
6785	N4474C	C195
6788	N4474F	P28A
678B	N4474J	P28A
678D	N4474L	C172
678E	N4474M	B36T
6793	N4474S	BE36
6797	N4474W	BE58
6798	N4474X	P28R
679A	N4474Z	PA18
679B	N44740	P28R
679C	N44741	N3N
679D	N44742	N3N
679F	N44744	N3N
67A1	N44746	P28B
67A2	N44747	PA32
67A3	N44748	CH7A
67A4	N44749	P28A
67A6	N4475A	BE55
67A9	N4475D	BE35
67AE	N4475J	P28A
67AF	N4475K	NAVI
67B0	N4475L	C172
67B3	N4475P	PA23
67B5	N4475R	C182
67B7	N4475T	PA34
67BD	N4475Z	PA18
67BE	N44750	N3N
67C1	N44753	P28A
67C2	N44754	P28R
67C3	N44755	P28B
67C5	N44757	N3N
67C6	N44758	N3N
67CA	N4476B	C170
67CB	N4476C	C195
67CD	N4476E	PA38
67CE	N4476F	SH36
67D0	N4476H	PA15
67D3	N4476L	C172
67DB	N4476U	C150
67DC	N4476V	R22
67DD	N4476W	BE95
67E0	N4476Z	PA18
67E2	N44761	P28A
67E4	N44763	P28A
67E5	N44764	P28A
67E7	N44766	N3N
67EA	N44769	N3N
67EB	N4477	BE18
67EC	N4477A	PA18
67ED	N4477B	C170
67EF	N4477D	BE35
67F3	N4477H	S22T
67F6	N4477L	C172
67F7	N4477M	PA12
67F8	N4477N	L29
67F9	N4477P	PA25
67FB	N4477R	C185
67FC	N4477S	BE36
6802	N4477Y	RV8
6805	N44771	P28A
6806	N44772	P28A
6807	N44773	P28A
6808	N44774	KR2
6809	N44775	P28A
680B	N44777	P28B
680C	N44778	J3
680F	N4478A	PA18
6810	N4478B	C170
6817	N4478J	P28A
681F	N4478S	BE36
6820	N4478T	P28A
6821	N4478U	C150
6823	N4478W	R66
6824	N4478X	P28A
6827	N44780	P28B
6828	N44781	GLID
6829	N44782	PA32
682A	N44783	PA32
6830	N44789	P28A
6833	N4479B	C170
6836	N4479E	CH7A
683C	N4479L	C172
6841	N4479R	C172
6842	N4479S	BE35
6843	N4479T	P28R
6845	N4479V	BE35
6848	N4479Y	PA25
6849	N4479Z	PA18
684A	N44790	P28R
684C	N44792	P28A
684F	N44795	T50
6855	N448A	P32R
685A	N448AE	AS50
685B	N448AF	C72R
685F	N448AK	T206
6860	N448AL	C182
6861	N448AM	SR22
6862	N448AN	A21N
6866	N448AS	B739
686A	N448AW	CRJ2
686F	N448BA	R44
6870	N448BB	T210
687F	N448BS	RV12
6888	N448CA	PAY4
6889	N448CB	PA11
688A	N448CC	LJ45
688B	N448CD	SR20
6890	N448CJ	C25C
6893	N448CM	ST75
6895	N448CP	C172
6897	N448CR	BE9L
6898	N448CS	C172
689D	N448CX	C750
68A0	N448D	BE36
68A2	N448DB	R44
68A6	N448DF	S2P
68B1	N448DS	DA40
68BA	N448EA	B06
68C5	N448EM	CB1
68C9	N448ER	C72R
68CA	N448ES	C82S
68E8	N448FX	E545
68F6	N448GL	LJ60
68F7	N448GM	RV8
68FB	N448GR	ASTR
6907	N448HC	EA50
6919	N448HW	M7
691D	N448J	BE35
691E	N448JA	PA44
6924	N448JG	PA34
6929	N448JM	AS55
692D	N448JR	RV12
692E	N448JS	S61
6932	N448JW	RS12
6936	N448K	FLE2
6939	N448KC	C680
693D	N448KG	P32R
6942	N448KM	M20T
694F	N448L	BE36
6950	N448LA	AT8T
6955	N448LF	B407
695A	N448LL	C25A
695B	N448LM	SR22
6968	N448M	RV8
6969	N448MA	P32R
696B	N448MC	RV8
696D	N448ME	EC35
6971	N448MJ	PA32
6972	N448MK	PA44
6974	N448MM	RV8
697A	N448MT	RV9
6985	N448ND	P28A
69A2	N448PH	B407
69A4	N448PK	RV8
69AC	N448PT	RV9
69C4	N448QS	GLF4
69C9	N448QX	DH8D
69CC	N448R	J3
69CD	N448RA	GX
69CE	N448RB	RV7
69D5	N448RJ	C82T
69D7	N448RL	FA6X
69DD	N448RS	GLID
69E0	N448RV	RV4
69E5	N448S	GLST
69E6	N448SA	SKAR
69E8	N448SC	BE40
69ED	N448SH	R44
69EE	N448SJ	C510
69F3	N448SP	BE95
69F7	N448ST	PA46
69FA	N448SW	CRJ2
69FF	N448TA	C172
6A00	N448TB	FA20
6A02	N448TD	C182
6A05	N448TG	RV12
6A10	N448TT	SR22
6A18	N448UA	A320
6A25	N448UP	B752
6A28	N448US	DA40
6A2B	N448UV	RV12
6A31	N448VA	S22T
6A51	N448WH	MA5
6A56	N448WN	B737
6A57	N448WP	RV14
6A91	N448YX	E75L
6AAD	N4480	UH1
6AB0	N4480C	C195
6AB5	N4480H	PA15
6AB6	N4480J	P28A
6AB9	N4480M	PA12
6ABD	N4480R	C172
6ABE	N4480S	RV4
6ABF	N4480T	P28R
6AC1	N4480V	BIPL
6AC2	N4480W	R66
6AC6	N44800	P28A
6ACB	N44805	P28A
6ACC	N44806	P28A
6AD0	N4481	NPOR
6AD5	N4481E	CH7A
6AD8	N4481H	PA15
6AD9	N4481J	P28A
6ADA	N4481K	NAVI
6AE1	N4481S	BE95
6AE2	N4481T	PA34
6AE6	N4481X	P28A
6AE8	N4481Z	PA18
6AEC	N44813	PA32
6AEF	N44816	N3N
6AF0	N44817	P28A
6AF2	N44819	P28A
6AF8	N4482E	PA18
6AFC	N4482J	P28A
6B03	N4482R	C172
6B05	N4482T	P28A
6B08	N4482W	BE58
6B0A	N4482Y	PA25
6B0C	N44820	P28A
6B0D	N44821	N3N
6B0E	N44822	N3N
6B13	N44827	N3N
6B15	N44829	R66
6B17	N4483A	RS12
6B19	N4483C	PA24
6B1C	N4483F	P28A
6B1F	N4483J	P28A
6B21	N4483L	C172
6B22	N4483M	PA12
6B23	N4483N	CAMP
6B26	N4483R	C185
6B28	N4483T	PA32
6B2C	N4483X	P28A
6B2E	N4483Z	PA18
6B32	N44833	N3N
6B35	N44836	P28A
6B36	N44837	N3N
6B38	N44839	N3N
6B3B	N4484B	C170
6B3C	N4484C	C195
6B41	N4484H	PA15
6B43	N4484K	NAVI
6B44	N4484L	C172
6B4C	N4484U	C150
6B4E	N4484W	BE35
6B4F	N4484X	P28R
6B50	N4484Y	PA25
6B51	N4484Z	ST75
6B54	N44842	N3N
6B55	N44843	N3N
6B56	N44844	P28R
6B57	N44845	P28R
6B59	N44847	P28A
6B5A	N44848	N3N
6B5C	N4485	T6
6B5D	N4485A	PA18
6B62	N4485F	P28A
6B64	N4485H	M20P
6B68	N4485M	PA12
6B6D	N4485S	BE35
6B6E	N4485T	P28A
6B6F	N4485U	C150
6B72	N4485X	PA32
6B76	N44851	PA32
6B7D	N44858	P28A
6B7E	N44859	P28R
6B7F	N4486	T6
6B80	N4486A	BE55
6B82	N4486C	C195
6B85	N4486F	P28R
6B87	N4486H	M20P
6B88	N4486J	P28A
6B8F	N4486R	C172
6B90	N4486S	BE35
6B92	N4486U	C150
6B94	N4486W	BE35
6B96	N4486Y	PA25
6B9A	N44862	P28R
6B9B	N44863	P32R
6BA7	N4487E	CH7A
6BAA	N4487H	PA15
6BAE	N4487M	PA12
6BB0	N4487P	PA23
6BB3	N4487S	BE36
6BB6	N4487V	BE35
6BB9	N4487Y	PA25
6BBA	N4487Z	GC1
6BBD	N44872	P28A
6BBE	N44873	N3N
6BBF	N44874	N3N
6BC5	N4488	T6
6BC7	N4488B	RS21
6BC8	N4488C	C195
6BCD	N4488H	R66
6BD0	N4488L	BE9L
6BD1	N4488M	BE36
6BD5	N4488R	C172
6BD7	N4488T	P28R
6BD9	N4488V	BE35
6BDB	N4488X	P28A
6BDD	N4488Z	PA18
6BE2	N44884	P28A
6BE4	N44886	P28A
6BE5	N44887	P28R
6BE7	N44889	P28R
6BEA	N4489B	C170
6BEC	N4489D	BE35
6BED	N4489E	CH7A
6BF0	N4489H	PA15
6BF6	N4489P	BE35
6BF9	N4489S	BE36
6BFB	N4489U	C150
6BFD	N4489W	BE36
6BFE	N4489X	P28A
6C00	N4489Z	PA18
6C02	N44891	P28R
6C06	N44895	YALE
6C09	N44898	P28A
6C0B	N449	C180
6C0C	N449A	P28A
6C11	N449AE	EC20
6C12	N449AF	AVID
6C13	N449AG	C177
6C19	N449AN	A21N
6C1D	N449AS	R44
6C1E	N449AT	SS2T
6C21	N449AW	CRJ2
6C24	N449AZ	B763
6C25	N449B	B230
6C26	N449BA	R44
6C28	N449BC	R44
6C2F	N449BK	MU2
6C3A	N449BW	G150
6C3D	N449BZ	C25C
6C3E	N449C	A109
6C3F	N449CA	TBM7
6C41	N449CC	PA18
6C42	N449CD	R44
6C4B	N449CN	R44
6C4F	N449CS	C172
6C58	N449DA	RV6
6C62	N449DL	BE60
6C63	N449DM	ACR2
6C68	N449DS	DA42
6C69	N449DT	C501
6C6C	N449DW	P28R
6C6E	N449DY	P28R
6C72	N449EB	ESCP
6C8A	N449FA	R22
6C8E	N449FE	DH8A
6C9F	N449FX	E545
6CAD	N449GL	H25B
6CCB	N449HR	HROC
6CD5	N449JA	PA44
6CDB	N449JG	AEST
6CDF	N449JL	DA40
6CE2	N449JP	RS12
6CE5	N449JS	BE9T
6CF0	N449KC	PC12
6D06	N449L	GLAS
6D09	N449LC	AC68
6D0C	N449LF	B407
6D11	N449LL	BT36
6D20	N449MA	TBM7
6D25	N449MF	GLST
6D2B	N449MM	PA46
6D30	N449MS	R44
6D31	N449MT	GLF6
6D3C	N449ND	P28A
6D51	N449P	B407
6D52	N449PA	PA44
6D55	N449PD	BE35
6D56	N449PE	C208
6D59	N449PH	B407
6D5D	N449PM	RV4
6D62	N449PS	PTS1
6D7B	N449QS	E55P
6D84	N449RA	GX
6D86	N449RC	UH1
6D8B	N449RH	GA6C
6D8D	N449RK	PC12
6D97	N449RV	RV6
6D9D	N449SA	F2TH
6DA2	N449SF	C180
6DAA	N449SP	C172
6DAC	N449SR	SR22
6DAE	N449ST	J3
6DB1	N449SW	CRJ2
6DB5	N449T	BE35
6DB6	N449TA	PA31
6DC1	N449TM	BE40
6DC5	N449TR	HROC
6DC6	N449TS	DA42
6DC7	N449TT	P46T
6DCD	N449TZ	GLIM
6DCF	N449UA	A320
6DDC	N449UP	B752
6DFE	N449VY	C182
6E01	N449WA	C182
6E06	N449WF	PA18
6E0C	N449WM	SR22
6E0D	N449WN	B737
6E13	N449WU	H46
6E46	N449YV	DH8B
6E48	N449YX	E75L
6E65	N4490A	PA18
6E66	N4490B	C170
6E68	N4490D	BE35
6E6A	N4490F	PA34
6E6C	N4490H	PA15
6E6D	N4490J	P28A
6E6E	N4490K	NAVI
6E70	N4490M	BE10
6E72	N4490P	PA23
6E74	N4490R	C185
6E79	N4490W	BE95
6E7B	N4490Y	PA25
6E7F	N44902	N3N
6E80	N44903	P28R
6E84	N44907	N3N
6E88	N4491A	PA18
6E89	N4491B	C170
6E8D	N4491F	P28A
6E8F	N4491H	PA15
6EA4	N44914	DC4
6EA9	N44919	C172
6EAA	N4492	C185
6EAB	N4492A	PA18
6EAC	N4492B	C170
6EAD	N4492C	C195
6EB2	N4492H	PA15
6EB3	N4492J	BE58
6EB7	N4492N	G44
6EBB	N4492S	BE36
6EBD	N4492U	C421
6EC3	N44920	N3N
6EC5	N44922	N3N
6EC6	N44923	N3N
6EC9	N44926	N3N
6ECC	N44929	P28A
6ECF	N4493B	C170
6ED2	N4493E	CH7A
6ED3	N4493F	P28A
6ED4	N4493G	CAMP
6ED6	N4493J	P28A
6ED7	N4493K	NAVI
6EDD	N4493R	C172
6EDE	N4493S	BE35
6EE1	N4493V	BE35
6EE3	N4493X	R44
6EE5	N4493Z	PA18
6EE7	N44931	P28A
6EED	N44937	N3N
6EF2	N4494B	C170
6EF3	N4494C	C195
6EF6	N4494F	PA23
6EF8	N4494H	PA15
6EF9	N4494J	P28A
6EFA	N4494K	NAVI
6EFB	N4494L	C172
6EFE	N4494P	PA23
6F01	N4494S	BE36
6F05	N4494W	BE35
6F07	N4494Y	PA25
6F08	N4494Z	PA18
6F0A	N44941	P28R
6F0C	N44943	N3N
6F0D	N44944	PA32
6F0E	N44945	PA34
6F12	N44949	P28A
6F13	N4495	WACO
6F16	N4495C	C195
6F17	N4495D	PA11
6F19	N4495F	P28A
6F1D	N4495K	NAVI
6F1E	N4495L	C172
6F23	N4495R	C172
6F24	N4495S	BE36
6F2A	N4495Y	PA25
6F2B	N4495Z	PA18
6F2E	N44952	N3N
6F2F	N44953	COUR
6F30	N44954	N3N
6F35	N44959	P68
6F3C	N4496F	P28A
6F3F	N4496J	P28A
6F40	N4496K	NAVI
6F44	N4496P	PA23
6F45	N4496Q	C188
6F47	N4496S	BE35
6F49	N4496U	C150
6F4C	N4496X	P28A
6F4D	N4496Y	PA25
6F4E	N4496Z	PA18
6F4F	N44960	P28A
6F51	N44962	P28R
6F52	N44963	N3N
6F54	N44965	N3N
6F55	N44966	P28R
6F57	N44968	PA34
6F5A	N4497A	PA18
6F5B	N4497B	C170
6F5F	N4497F	P28R
6F61	N4497H	M20P
6F62	N4497J	P28A
6F63	N4497K	NAVI
6F66	N4497N	ST75
6F67	N4497P	PA23
6F69	N4497R	C172
6F6A	N4497S	BE33
6F6B	N4497T	P28R
6F6D	N4497V	R44
6F6F	N4497X	P28A
6F70	N4497Y	AS50
6F72	N44970	N3N
6F74	N44972	N3N
6F76	N44974	P28A
6F7A	N44978	N3N
6F7B	N44979	P28A
6F7E	N4498B	C170
6F7F	N4498C	C190
6F81	N4498E	CH7A
6F82	N4498F	P32R
6F84	N4498H	M20P
6F85	N4498J	P28A
6F89	N4498N	ST75
6F8D	N4498S	BE36
6F8E	N4498T	P28R
6F8F	N4498U	C150
6F93	N4498Y	SH36
6F95	N44980	BE36
6F98	N44983	BE33
6F9B	N44986	N3N
6F9C	N44987	N3N
6F9D	N44988	N3N
6F9F	N4499	R44
6FA3	N4499D	BE35
6FA7	N4499H	PA15
6FA8	N4499J	P28A
6FA9	N4499K	NAVI
6FAA	N4499L	C172
6FAD	N4499P	PA23
6FB2	N4499U	C150
6FB4	N4499W	P28A
6FB5	N4499X	P32R
6FB8	N44990	PA32
6FBD	N44995	P28R
6FBE	N44996	P28A
6FBF	N44997	R44
6FC1	N44999	TAYB
6FC5	N45AB	MUS2
6FC6	N45AC	FA50
6FC9	N45AF	C501
6FCA	N45AG	C172
6FCB	N45AH	HUSK
6FCF	N45AM	C210
6FD1	N45AP	RAF2
6FD8	N45AW	GLIM
6FDA	N45AY	C680
6FDB	N45AZ	AC90
6FDD	N45BA	SAKO
6FDE	N45BB	C421
6FE1	N45BE	C25B
6FE4	N45BH	TBM9
6FE7	N45BL	BT36
6FE8	N45BM	CJ1
6FE9	N45BN	WACF
6FEA	N45BP	GL5T
6FEC	N45BR	RV14
6FED	N45BS	YK52
6FEE	N45BT	GLAS
6FF0	N45BV	SR22
6FF1	N45BW	CC11
6FF4	N45BZ	A109
6FF5	N45C	SR20
6FF6	N45CA	R44
6FF8	N45CC	SR20
6FF9	N45CD	P28A
6FFB	N45CF	BE18
6FFC	N45CG	E300
6FFD	N45CH	AA5
6FFF	N45CK	T6
7005	N45CR	VEZE
7006	N45CS	C182
7007	N45CT	T6
7009	N45CV	L5
700A	N45CW	BE95
700B	N45CX	SR22
700E	N45D	BE20
700F	N45DA	C172
7010	N45DB	C150
7013	N45DE	B06
7016	N45DH	BE55
7019	N45DL	AP22
701A	N45DM	SR22
701C	N45DP	GLF4
701E	N45DR	C750
701F	N45DS	C185
7020	N45DT	T34P
7022	N45DV	K100
7023	N45DW	BE35
7028	N45EA	B06
7029	N45EB	GLIM
702B	N45ED	LJ24
702C	N45EE	BE58
702D	N45EF	C172
702F	N45EH	PA18
7030	N45EJ	LJ45
7031	N45EK	EVOP
7033	N45EM	GLIM
7037	N45ER	C82T
7039	N45ET	GLF4
703C	N45EW	GLID
703D	N45EX	GLAS
703E	N45EY	SF50
703F	N45EZ	LGEZ
7042	N45FB	CH60
7043	N45FC	LGEZ
7044	N45FD	S22T
7046	N45FF	FA7X
704B	N45FL	BE20
704C	N45FM	BE58
7051	N45FS	C550
7055	N45FW	P32R
705B	N45GB	C25A
705C	N45GC	BE18
705D	N45GD	H25B
705F	N45GF	G109
7060	N45GG	SA30
7061	N45GH	LJ45
7062	N45GJ	RV7
7063	N45GK	RV6
7064	N45GL	SR22
7065	N45GM	SREY
7067	N45GP	PTS1
706A	N45GS	T34P
706B	N45GT	RV7
706D	N45GV	C172
706E	N45GW	FOX
706F	N45GX	GLEX
7073	N45HA	B25
7074	N45HB	SNS7
7075	N45HC	R44
7076	N45HD	LJ45
7078	N45HF	LJ45
7079	N45HG	LJ45
707A	N45HH	P32R
707B	N45HJ	AEST
707C	N45HK	LJ45
7082	N45HR	M7
7083	N45HS	GLSP
7089	N45HY	HUSK
708C	N45JA	LJ45
708E	N45JC	BOLT
7090	N45JE	GLF5
7092	N45JG	LJ45
7094	N45JJ	C340
7095	N45JK	C680
7096	N45JL	PA30
7098	N45JN	SR22
7099	N45JP	PTS1
709B	N45JR	C421
709C	N45JS	L8
709D	N45JT	BE35
709F	N45JV	SA30
70A0	N45JW	GLST
70A4	N45K	CH7A
70A5	N45KA	GLID
70A6	N45KB	S22T
70A7	N45KC	FOX
70AB	N45KG	H25B
70AC	N45KH	LJ45
70AD	N45KJ	C182
70AE	N45KK	G280
70AF	N45KL	LNP4
70B0	N45KM	RV4
70B1	N45KN	H25B
70B2	N45KP	C402
70B6	N45KT	WAIX
70B8	N45KV	LJ45
70BA	N45KX	LJ45
70BD	N45L	LA4
70C0	N45LC	BE36
70C4	N45LG	HIGH
70C8	N45LL	C182
70C9	N45LM	AA5
70CD	N45LR	LJ45
70CE	N45LS	RV4
70CF	N45LT	EAGL
70D1	N45LV	LJ45
70D7	N45MA	BL8
70D8	N45MB	PA24
70D9	N45MC	PTS1
70DC	N45MF	LJ35
70DD	N45MG	T34P
70DE	N45MH	C25A
70DF	N45MJ	PA31
70E1	N45ML	C550
70E2	N45MM	CRER
70E7	N45MS	BE36
70E8	N45MT	PA34
70EB	N45MW	LJ45
70F0	N45NA	DC93
70F3	N45ND	ALIG
70F5	N45NF	C680
70FA	N45NL	CORS
70FB	N45NM	LJ45
70FD	N45NP	LJ45
7100	N45NS	C56X
7105	N45NX	PC12
710B	N45PC	PA22
710D	N45PE	P32R
710E	N45PF	HIGH
710F	N45PG	R44
7110	N45PH	PA11
7111	N45PJ	RV12
7112	N45PK	F2TH
7113	N45PL	BE33
7114	N45PM	PC12
7116	N45PP	BL8
7118	N45PR	BE65
7119	N45PS	BE35
711A	N45PT	BE58
711C	N45PV	G44
711D	N45PW	SR22
7121	N45Q	RV4
713B	N45RA	P28A
713D	N45RC	C560
7140	N45RF	AC95
7142	N45RH	M20P
7143	N45RJ	JAB4
7144	N45RK	BE40
7147	N45RN	AEST
714A	N45RR	LJ45
714C	N45RT	F2TH
714E	N45RV	RV4
7152	N45RZ	FW90
7153	N45S	E300
7154	N45SA	BE9L
7156	N45SC	BE60
7157	N45SD	PA34
7158	N45SE	CL35
7159	N45SF	FURY
715A	N45SG	RV8
715B	N45SH	A109
715D	N45SK	BE18
715E	N45SL	R44
7160	N45SN	RV9
7161	N45SP	UH1
7163	N45SR	PA31
7164	N45SS	PTS1
7167	N45SV	HUSK
7169	N45SX	SONX
716D	N45TA	BE35
716E	N45TB	BE18
716F	N45TC	BE55
7170	N45TD	PA18
7172	N45TF	C340
7173	N45TG	NORS
7174	N45TH	GLID
7175	N45TJ	NAVI
7177	N45TL	C501
7178	N45TM	DH82
717A	N45TP	E545
717D	N45TS	PTS1
717E	N45TT	HUSK
717F	N45TU	LJ45
7180	N45TV	B407
7181	N45TW	SSTL
7182	N45TX	L5
7184	N45TZ	BOLT
7189	N45UD	C172
718D	N45UH	EC45
7196	N45US	BE33
719D	N45UZ	F8L
719E	N45V	NAVI
719F	N45VA	LJ45
71A0	N45VB	S76
71A1	N45VC	C210
71A4	N45VF	RV4
71AC	N45VP	C510
71B1	N45VU	SR20
71B2	N45VV	C172
71B4	N45VX	ALO2
71B6	N45VZ	M20P
71B8	N45WA	T6
71B9	N45WB	C180
71BA	N45WC	C182
71BB	N45WD	CB1
71BC	N45WE	EXPR
71BD	N45WF	PA46
71BF	N45WH	RV6
71C0	N45WJ	LNP4
71C2	N45WL	CL60
71C4	N45WN	P46T
71C7	N45WR	PL1
71C8	N45WS	C77R
71C9	N45WT	SR22
71CB	N45WV	RS20
71CC	N45WW	BE36
71D4	N45XD	T210
71DE	N45XP	LJ45
71E1	N45XS	XNOS
71E2	N45XT	LJ45
71EF	N45YF	LJ45
71F3	N45YK	YAK9
71FF	N45YX	WAIX
720E	N45ZM	DH8D
721B	N450	ST75
721D	N450AA	P28A
721E	N450AB	GLF4
721F	N450AC	CH7A
7220	N450AD	ST75
7223	N450AG	H500
7228	N450AM	B407
7229	N450AN	A21N
722A	N450AP	SR22
722C	N450AR	GLF4
722D	N450AS	PA23
7231	N450AW	CRJ2
7234	N450AZ	G280
7236	N450BA	BE23
7237	N450BB	ST75
7238	N450BC	LJ45
723C	N450BG	GLF4
7247	N450BT	GLF4
7249	N450BV	C25B
724A	N450BW	GLF4
724F	N450CA	P28A
7251	N450CC	AS50
7252	N450CD	SR22
7253	N450CE	GLF4
7254	N450CF	BE95
7257	N450CJ	ST75
7258	N450CK	BE30
725A	N450CM	C25C
725E	N450CR	BE30
7267	N450D	ST75
7268	N450DA	P210
7269	N450DB	DHC2
726A	N450DC	CLON
726D	N450DF	S2P
726F	N450DH	C210
7270	N450DJ	ST75
7272	N450DL	R44
7273	N450DM	DHC2
7275	N450DP	RV7
7279	N450DT	GLF4
7280	N450E	ST75
7289	N450EJ	GLF4
7290	N450ER	C172
7298	N450EZ	VEZE
729C	N450FC	LJ45
72A2	N450FJ	GLF4
72A3	N450FK	GLF4
72A4	N450FL	P28A
72AA	N450FS	MU2
72AD	N450FV	F900
72AF	N450FX	GLF4
72B3	N450GA	GLF4
72B9	N450GG	GLF4
72CE	N450HC	PA31
72D9	N450HP	ST75
72DC	N450HS	ST75
72E5	N450JA	PA44
72E6	N450JB	ST75
72E7	N450JC	GLF4
72E8	N450JD	P28B
72EA	N450JF	E50P
72F4	N450JR	BE58
72F5	N450JS	GLF4
72F6	N450JT	C82R
72FD	N450K	COL4
7300	N450KC	PA31
730B	N450KP	C208
730D	N450KR	GLF4
730E	N450KS	RV4
7311	N450KV	LJ45
7316	N450L	GLF4
7317	N450LA	DHC2
7319	N450LC	E545
731A	N450LD	BE35
731C	N450LF	B407
731E	N450LH	BE95
731F	N450LJ	LJ45
7326	N450LR	GLF4
732A	N450LV	GLF4
7331	N450MB	GLF4
7332	N450MC	R66
7333	N450MD	ST75
7334	N450ME	GLF4
7335	N450MF	ST75
7337	N450MH	GLF4
733B	N450MM	C560
733D	N450MP	CH70
7341	N450MT	EC35
7344	N450MW	PAY4
7349	N450NA	BE99
734D	N450NE	EA50
735E	N450NX	PC12
7361	N450P	DHC2
7362	N450PA	B744
7364	N450PC	PC12
7369	N450PH	B407
736D	N450PM	PA22
7371	N450PR	JAB4
7373	N450PT	ST75
7374	N450PU	GLF4
7376	N450PW	ST75
7379	N450PZ	GLF4
738B	N450QS	GLF4
7390	N450QX	DH8D
7394	N450RA	DHC2
7395	N450RB	EA50
7398	N450RE	C195
739B	CL605	CL60
73A4	N450RS	RV6
73A7	N450RV	RV12
73AC	N450S	BE20
73AF	N450SC	P210
73B1	N450SE	P210
73B4	N450SH	ST75
73B7	N450SL	BE36
73B8	N450SM	GLF4
73BC	N450SR	ST75
73BD	N450SS	ST75
73BF	N450SU	SR22
73C6	N450TA	BE18
73C8	N450TC	ST75
73CB	N450TF	COL4
73CD	N450TH	BE58
73CE	N450TJ	LJ45
73D1	N450TM	BE40
73D2	N450TN	DHC2
73D3	N450TP	T206
73D5	N450TR	C25A
73DB	N450TX	SR22
73EC	N450UP	B752
73EE	N450UR	ST75
73F7	N450V	ST75
73F8	N450VA	GLF4
7407	N450VR	C172
7410	N450W	BE95
7412	N450WB	GLF4
7413	N450WC	GLF4
7417	N450WG	GLF4
741C	N450WM	GLAS
741D	N450WN	B737
7421	N450WS	BE36
7422	N450WT	ST75
7429	N450X	M7T
7437	N450XP	PULS
743F	N450XX	GLF4
7452	N450YR	BE33
7458	N450YX	E75L
745B	N450Z	GLF4
746B	N450ZR	P28A
7474	N4500	GLID
7476	N4500B	C180
7477	N4500C	C170
7479	N4500E	GLIM
747A	N4500F	P32R
747E	N4500K	P210
7480	N4500M	ERCO
7484	N4500R	P28A
7486	N4500T	EAGX
7487	N4500U	C150
7488	N4500V	C320
7489	N4500W	PA18
748A	N4500X	GA6C
748C	N4500Z	PA22
748D	N45000	T6
748F	N45002	PA31
7491	N45004	PA31
7493	N45006	DG15
7495	N45008	AT3T
7499	N4501B	PA31
749C	N4501E	C172
749E	N4501G	AT3T
749F	N4501H	M20P
74A0	N4501J	P28R
74A1	N4501K	NAVI
74A3	N4501M	AT5T
74A4	N4501N	ST75
74A6	N4501Q	AT5T
74A7	N4501R	P28A
74A8	N4501S	BE55
74AA	N4501U	C150
74AB	N4501V	BE35
74AD	N4501X	AT5T
74AF	N4501Z	AT5T
74B1	N45011	AT5T
74B4	N45014	PA31
74B5	N45015	N3N
74B6	N45016	J3
74B8	N45018	N3N
74B9	N45019	AT5T
74BC	N4502B	C180
74BD	N4502C	C170
74C2	N4502H	AT5T
74C6	N4502M	PA11
74C7	N4502N	C170
74C8	N4502P	AT5T
74CB	N4502S	AT3T
74CC	N4502T	PA18
74CD	N4502U	C150
74D0	N4502X	AT8T
74D1	N4502Y	PA31
74D2	N4502Z	PA22
74D6	N45023	C150
74D7	N45024	N3N
74D8	N45025	N3N
74D9	N45026	N3N
74DA	N45027	AT3T
74DB	N45028	C150
74DF	N4503B	T6
74E1	N4503D	BE35
74E3	N4503F	P28A
74E7	N4503K	NAVI
74EE	N4503S	BE33
74F4	N4503Y	PA18
74F5	N4503Z	PA22
74F7	N45031	C150
74F9	N45033	N3N
74FA	N45034	C150
74FB	N45035	N3N
7503	N4504C	C170
7504	N4504D	BE35
7505	N4504E	CH7A
750C	N4504M	PA11
750D	N4504N	C185
7511	N4504S	BE36
7514	N4504V	BE35
7517	N4504Y	PA18
751B	N45042	N3N
751C	N45043	N3N
751E	N45045	C150
751F	N45046	N3N
7520	N45047	N3N
7524	N4505A	PA22
7529	N4505F	P28A
752B	N4505H	J3
752D	N4505K	NAVI
752F	N4505M	PA11
7533	N4505R	P28A
7534	N4505S	BE33
7536	N4505U	C150
7539	N4505X	P32R
753A	N4505Y	PA18
753C	N45050	PA23
753E	N45052	PA31
753F	N45053	N3N
7542	N45056	N3N
7543	N45057	N3N
7544	N45058	C150
7547	N4506A	PA22
7552	N4506M	BE19
7553	N4506N	PA31
7556	N4506R	P28A
7558	N4506T	P28A
7559	N4506U	C150
755A	N4506V	P28A
755D	N4506Y	R66
755F	N45060	C77R
7563	N45064	N3N
7568	N45069	C150
756D	N4507D	BE35
756E	N4507E	CH7A
756F	N4507F	C185
7572	N4507J	P28R
7573	N4507K	NAVI
7575	N4507M	PA11
7576	N4507N	P28A
7578	N4507Q	P28A
7579	N4507R	P28R
757B	N4507T	P28A
757F	N4507X	P28A
7580	N4507Y	P28B
7582	N45070	N3N
7585	N45073	C150
7589	N45077	P28B
758B	N45079	N3N
758C	N4508	G164
7590	N4508D	BE35
7592	N4508F	C185
7595	N4508J	P28R
759C	N4508R	PA32
75A2	N4508X	P28A
75A3	N4508Y	AT3P
75A5	N45080	C150
75A6	N45081	N3N
75A7	N45082	C150
75A8	N45083	C150
75AB	N45086	C77R
75B1	N4509B	C180
75B2	N4509C	C170
75B3	N4509D	BE35
75B7	N4509H	M20P
75B8	N4509J	C188
75BB	N4509M	PA11
75C0	N4509S	AT5T
75C5	N4509X	P28R
75C6	N4509Y	PA18
75C7	N4509Z	PA22
75CF	N45097	N3N
75D3	N451A	LJ45
75D6	N451AC	B412
75DC	N451AJ	C25A
75DF	N451AM	C421
75E0	N451AN	A21N
75E4	N451AS	GLID
75E7	N451AV	A320
75E8	N451AW	CRJ2
75EC	N451B	BE35
75ED	N451BA	C82T
75EF	N451BC	P51
75F0	N451BD	LJ60
75F4	N451BH	GLF4
75FE	N451BT	P28A
7604	N451BZ	RV8
7607	N451CB	RV9
7609	N451CD	AA5
760D	N451CH	GLIM
760E	N451CJ	EXPL
760F	N451CK	LJ45
7610	N451CL	FA50
7613	N451CP	C82T
7616	N451CS	GLF6
761E	N451D	P51
761F	N451DA	C551
7620	N451DB	RV8
7621	N451DC	T51
7622	N451DD	R22
7624	N451DF	H60
762A	N451DM	PC12
762E	N451DR	SR22
762F	N451DS	DA40
7637	N451E	RC3
7638	N451EA	P51
763C	N451EE	MX2
763D	N451EF	E300
7647	N451ER	C172
7650	N451F	EC20
7651	N451FA	C510
7657	N451FG	CORS
765E	N451FP	C25A
7666	N451FX	GLF4
766A	N451GA	GLF4
766C	N451GC	LJ45
7674	N451GL	DA40
7677	N451GP	CL35
767D	N451GV	GLF5
7682	N451H	AS50
768E	N451HM	CL30
769B	N451J	PA32
76A3	N451JH	GOLF
76A9	N451JP	RV6
76B4	N451K	P51
76C4	N451KR	GLF4
76C6	N451KT	PRM1
76C9	N451KW	BL8
76CE	N451LA	DA62
76D3	N451LF	B407
76E7	N451MA	PA46
76ED	N451MG	P51
76EF	N451MJ	BE36
76F2	N451MM	CH75
76F8	N451MT	FOX
76FA	N451MV	SR22
76FF	N451N	LJ45
7700	N451NA	C182
7706	N451NG	C25M
7709	N451NK	PA32
7719	N451PA	B744
7720	N451PH	B407
7722	N451PK	C340
7729	N451PS	BL8
772D	N451PW	GLF4
7742	N451QS	E55P
7747	N451QX	DH8D
774A	N451R	T206
7753	N451RJ	GLAS
7754	N451RK	S22T
7763	N451S	BE36
7764	N451SA	BL8
7765	N451SB	BE58
7766	N451SC	CRUZ
7767	N451SD	LJ45
776A	N451SG	S22T
776C	N451SJ	LJ45
7773	N451SR	SR22
7774	N451SS	PC12
7778	N451SW	C180
777C	N451T	PA18
777E	N451TB	P51
777F	N451TC	M18
7785	N451TJ	SR22
7788	N451TM	BE40
7796	N451UA	A320
77A3	N451UP	B752
77A6	N451US	M20P
77B8	N451VK	H60
77C7	N451W	T51
77C8	N451WA	T6
77D4	N451WN	B737
77D8	N451WS	R44
77DC	N451WW	P51
77E0	N451X	P28B
77EB	N451XL	YL15
780F	N451YX	E75L
7812	N451Z	RC3
782B	N4510	EGRT
782C	N4510A	PA22
782E	N4510C	C170
782F	N4510D	P28A
7830	N4510E	AR11
7831	N4510F	P28A
7837	N4510M	B58T
783B	N4510R	P28A
783D	N4510T	R44
783E	N4510U	C150
7842	N4510Y	PA18
7843	N4510Z	PA22
7846	N45102	N3N
7848	N45104	N3N
784A	N45106	N3N
784C	N45108	N3N
7850	N4511B	P28A
7852	N4511D	BE35
7853	N4511E	C172
7854	N4511F	P28A
7856	N4511H	M20P
7857	N4511J	P28R
785A	N4511M	PA11
785B	N4511N	P28R
785F	N4511S	P28R
7862	N4511V	P28B
7865	N4511Y	PA18
7866	N4511Z	PA22
7867	N45110	P28B
7869	N45112	C150
786A	N45113	AT5T
786C	N45115	C150
786D	N45116	AT3P
7871	N4512	FINC
7873	N4512B	PA34
7874	N4512C	C170
7875	N4512D	BE35
7877	N4512F	P28A
7878	N4512G	R66
787C	N4512L	P28A
787E	N4512N	BE17
7881	N4512R	P28A
7885	N4512V	BE35
7887	N4512X	P28A
7888	N4512Y	PA25
788A	N45120	N3N
788B	N45121	N3N
788C	N45122	C150
788D	N45123	AT3T
7892	N45128	C77R
7895	N4513A	PA22
7896	N4513B	C180
7898	N4513D	P28A
7899	N4513E	CH7A
789A	N4513F	P28R
789D	N4513J	P28R
78A0	N4513M	BE55
78A1	N4513N	AA5
78A3	N4513Q	PA32
78A4	N4513R	P28A
78A6	N4513T	P28R
78A9	N4513W	AT3P
78AB	N4513Y	PA25
78AE	N45131	N3N
78B1	N45134	AA5
78B2	N45135	AA5
78B3	N45136	N3N
78B8	N4514A	AA5
78B9	N4514B	AA5
78BC	N4514E	CH7A
78BD	N4514F	AA5
78BF	N4514H	M20P
78C0	N4514J	P28R
78C3	N4514M	BE95
78C4	N4514N	AA5
78C9	N4514T	FOX
78CB	N4514V	AA5
78D1	N45141	AA5
78D3	N45143	C150
78D4	N45144	N3N
78D6	N45146	N3N
78DB	N4515A	AT5T
78DC	N4515B	C180
78DE	N4515D	AA5
78DF	N4515E	CH7A
78E0	N4515F	P32R
78E2	N4515H	PA15
78E4	N4515K	NAVI
78E5	N4515L	AA5
78E6	N4515M	BE33
78E7	N4515N	AA5
78E8	N4515P	PA23
78E9	N4515Q	C340
78EB	N4515S	BE36
78EC	N4515T	PA44
78ED	N4515U	AA5
78F1	N4515Y	PA25
78F6	N45153	N3N
78F9	N45156	C150
7900	N4516C	C170
7901	N4516D	BE35
7902	N4516E	CH7A
7906	N4516J	P28R
7909	N4516M	PA11
790A	N4516N	AA5
790C	N4516Q	P32R
790E	N4516S	BE55
790F	N4516T	AA5
7910	N4516U	C150
7912	N4516W	RV8
7913	N4516X	P28R
7917	N45161	AA5
7918	N45162	AA5
7919	N45163	N3N
791C	N45166	C150
791F	N45169	C150
7921	N4517A	PA22
7922	N4517B	C180
7923	N4517C	C170
7924	N4517D	BE35
7926	N4517F	C185
7928	N4517H	M20P
792D	N4517N	AA5
792F	N4517Q	AA5
7932	N4517T	P28A
7937	N4517Y	PA25
7939	N45170	C150
793E	N45175	AA5
7941	N45178	N3N
7944	N4518A	PA22
7945	N4518B	AA5
7946	N4518C	C170
7948	N4518E	AA5
794B	N4518H	PA15
794C	N4518J	P28R
794D	N4518K	AA5
794F	N4518M	BE35
7952	N4518Q	AA5
7953	N4518R	P28A
7954	N4518S	COZY
7955	N4518T	PA32
795B	N4518Z	PA22
795E	N45182	C150
7960	N45184	N3N
7961	N45185	N3N
7962	N45186	N3N
7963	N45187	AA5
7964	N45188	C77R
7967	N4519A	BE55
7968	N4519B	AA5
7969	N4519C	AA5
796A	N4519D	BE35
796B	N4519E	AA5
7973	N4519N	AA5
7975	N4519Q	PA34
7977	N4519S	BE36
797A	N4519V	BE35
797F	N45190	C150
7980	N45191	AA5
7982	N45193	C77R
7984	N45195	N3N
7985	N45196	AT3T
7987	N45198	C150
7988	N45199	AA5
7989	N452	ACR2
7994	N452AK	PA12
7996	N452AM	F260
7997	N452AN	A21N
799F	N452AW	CRJ2
79A4	N452BA	A5
79AC	N452BJ	CH70
79BC	N452C	BE36
79BD	N452CA	T6
79BE	N452CB	RV6
79C0	N452CD	SR22
79C2	N452CF	FA50
79C5	N452CJ	LJ45
79C6	N452CK	LJ45
79C8	N452CM	SU29
79CA	N452CP	C82T
79CE	N452CT	R22
79D9	N452DD	T206
79DB	N452DF	H60
79E1	N452DM	GLAS
79FE	N452ER	C172
7A07	N452F	EC20
7A17	N452FR	BE36
7A1D	N452FX	GLF4
7A28	N452GH	PC12
7A2C	N452GM	PC12
7A39	N452H	GLID
7A47	N452HP	C25C
7A59	N452JG	SR22
7A60	N452JP	R22
7A62	N452JR	CRER
7A63	N452JS	C182
7A71	N452KF	FOX
7A7D	N452KT	PRM1
7A84	N452L	DA40
7A8D	N452LJ	LJ45
7A9D	N452M	C56X
7A9E	N452MA	TBM7
7AA1	N452MD	SR22
7AA2	N452ME	R44
7AA5	N452MH	EC45
7AA7	N452MK	C172
7AAB	N452MP	LJ45
7AAF	N452MT	EC35
7ABB	N452NE	RV12
7ACF	N452P	B407
7AD0	N452PA	B744
7AD2	N452PC	PULS
7AD3	N452PD	C82S
7AD7	N452PH	B407
7AE0	N452PS	M20P
7AE4	N452PW	P32R
7AF9	N452QS	E55P
7AFE	N452QX	DH8D
7B13	N452RT	CH70
7B15	N452RV	RV10
7B1A	N452S	BL8
7B1B	N452SA	SKAR
7B1D	N452SC	BE35
7B1E	N452SD	LJ45
7B26	N452SM	C172
7B27	N452SN	B744
7B28	N452SP	J3
7B2F	N452SW	CRJ2
7B33	N452T	C208
7B34	N452TA	CC11
7B3B	N452TH	CH80
7B3F	N452TM	BE40
7B43	N452TR	GA6C
7B48	N452TW	YK52
7B49	N452TX	SR22
7B4D	N452UA	A320
7B5A	N452UP	B752
7B5D	N452US	RV12
7B66	N452VA	SR22
7B68	N452VC	CH65
7B76	N452VS	P28A
7B7E	N452W	RV4
7B7F	N452WA	T6
7B80	N452WB	L5
7B85	N452WG	FDCT
7B8B	N452WN	B737
7B97	N452X	M20P
7BC0	N452YR	CH60
7BE3	N4520A	PA22
7BE4	N4520B	AA5
7BE7	N4520E	CH7A
7BE8	N4520F	C185
7BEB	N4520J	P28R
7BED	N4520L	AA5
7BEF	N4520N	AA5
7BF1	N4520Q	P28A
7BF2	N4520R	P28A
7BF4	N4520T	P28A
7BF8	N4520X	R44
7BFE	N45203	C150
7BFF	N45204	AA5
7C03	N45208	AA5
7C07	N4521B	C180
7C08	N4521C	AA5
7C12	N4521N	AA5
7C15	N4521R	P28A
7C17	N4521T	P28R
7C18	N4521U	C150
7C19	N4521V	AA5
7C1B	N4521X	P28A
7C1C	N4521Y	PA25
7C1D	N4521Z	PA22
7C1E	N45210	AA5
7C1F	N45211	AA5
7C20	N45212	N3N
7C22	N45214	N3N
7C26	N45218	N3N
7C29	N4522A	PA22
7C2A	N4522B	AA5
7C2B	N4522C	C170
7C30	N4522H	M20P
7C32	N4522K	P210
7C33	N4522L	AA5
7C35	N4522N	AA5
7C39	N4522S	BE95
7C3F	N4522Y	PA25
7C40	N4522Z	AA5
7C43	N45222	N3N
7C44	N45223	AA5
7C47	N45226	AA5
7C49	N45228	N3N
7C4A	N45229	N3N
7C4B	N4523	SA30
7C4E	N4523C	C170
7C4F	N4523D	AA5
7C54	N4523J	P28R
7C56	N4523L	AT3T
7C5B	N4523R	P28A
7C5C	N4523S	BE55
7C64	N45230	C150
7C67	N45233	N3N
7C68	N45234	N3N
7C6B	N45237	C150
7C6D	N45239	N3N
7C6E	N4524	AR11
7C70	N4524B	AA5
7C71	N4524C	C170
7C73	N4524E	AA5
7C74	N4524F	P28A
7C76	N4524H	M20P
7C78	N4524K	AA5
7C7A	N4524M	AA5
7C7B	N4524N	AA5
7C7C	N4524P	AA5
7C7D	N4524Q	AA5
7C7E	N4524R	P28A
7C7F	N4524S	BE36
7C81	N4524U	C150
7C83	N4524W	AA5
7C84	N4524X	P28R
7C86	N4524Z	AA5
7C87	N45240	AA5
7C8A	N45243	C150
7C8C	N45245	C150
7C8D	N45246	C150
7C8E	N45247	C150
7C8F	N45248	C77R
7C90	N45249	AA5
7C93	N4525B	AA5
7C94	N4525C	AA5
7C95	N4525D	BE35
7C96	N4525E	AR11
7C97	N4525F	AA5
7C9C	N4525L	AA5
7C9D	N4525M	PA11
7C9E	N4525N	AA5
7C9F	N4525P	PA23
7CA0	N4525Q	AT5T
7CA1	N4525R	P28A
7CA3	N4525T	P208
7CA4	N4525U	AA5
7CA5	N4525V	BE35
7CA6	N4525W	AA5
7CA8	N4525Y	AA5
7CA9	N4525Z	AA5
7CAA	N45250	C77R
7CAD	N45253	AA5
7CAE	N45254	N3N
7CB0	N45256	C150
7CB3	N45259	N3N
7CB5	N4526A	PA22
7CB6	N4526B	AA5
7CB7	N4526C	C170
7CB9	N4526E	CH7A
7CBA	N4526F	P28A
7CBC	N4526H	M20P
7CBD	N4526J	P28R
7CBE	N4526K	NAVI
7CBF	N4526L	AA5
7CC0	N4526M	PA11
7CC1	N4526N	AA5
7CC4	N4526R	P28A
7CC6	N4526T	P28R
7CC7	N4526U	C150
7CCA	N4526X	P28A
7CCC	N4526Z	PA22
7CCE	N45261	N3N
7CCF	N45262	C150
7CD0	N45263	C150
7CD2	N45265	N3N
7CD8	N4527A	PA22
7CD9	N4527B	C180
7CDF	N4527H	PA15
7CE2	N4527L	AA5
7CE3	N4527M	BE33
7CE4	N4527N	AA5
7CE7	N4527R	P28A
7CEA	N4527U	C150
7CED	N4527X	AT3T
7CF0	N45270	C150
7CF4	N45274	C150
7CF6	N45276	C150
7CF7	N45277	C77R
7CF8	N45278	AA5
7CF9	N45279	N3N
7CFC	N4528B	C180
7CFD	N4528C	C170
7CFE	N4528D	BE35
7D00	N4528F	P28R
7D02	N4528H	PA15
7D03	N4528J	C188
7D05	N4528L	AT3T
7D06	N4528M	PA11
7D07	N4528N	AA5
7D08	N4528P	PA23
7D0A	N4528R	P28A
7D0B	N4528S	BE35
7D0E	N4528V	BE35
7D10	N4528X	P28A
7D13	N45280	N3N
7D14	N45281	C150
7D16	N45283	N3N
7D17	N45284	C150
7D18	N45285	C150
7D19	N45286	AA5
7D1E	N4529A	PA22
7D1F	N4529B	AA5
7D20	N4529C	C170
7D21	N4529D	AA5
7D22	N4529E	CH7A
7D25	N4529H	PA15
7D26	N4529J	R44
7D28	N4529L	AA5
7D29	N4529M	BE35
7D2A	N4529N	AA5
7D2D	N4529R	P28A
7D2E	N4529S	BE33
7D30	N4529U	R44
7D34	N4529Y	AA5
7D35	N4529Z	PA22
7D37	N45291	C150
7D3C	N45296	N3N
7D3E	N45298	N3N
7D40	N453	BL11
7D42	N453AA	A21N
7D4D	N453AM	LJ35
7D52	N453AS	B739
7D56	N453AW	CRJ2
7D5C	N453BB	BE58
7D61	N453BG	C172
7D76	N453CC	UH1
7D77	N453CD	SR20
7D7D	N453CK	LJ45
7D7F	N453CM	C72R
7D81	N453CP	SR22
7D8E	N453DB	BOLT
7D92	N453DF	H60
7D98	N453DM	RV7
7D9D	N453DS	DA40
7DA6	N453EA	BE4W
7DB5	N453ER	C172
7DBE	N453F	EC20
7DC2	N453FD	CL30
7DC3	N453FE	A310
7DD4	N453FX	GLF4
7DD9	N453GB	RV4
7DE2	N453GL	CL60
7DF3	N453HC	PA18
7E0E	N453JE	HA4T
7E10	N453JG	C560
7E24	N453KB	R22
7E25	N453KC	P32R
7E3E	N453LC	B190
7E41	N453LF	B407
7E49	N453LP	C82S
7E56	N453MB	PA11
7E57	N453MC	C210
7E5A	N453MF	M20P
7E5C	N453MH	EC45
7E65	N453MS	JPRO
7E71	N453ND	P28A
7E7E	N453NS	RV12
7E87	N453PA	B744
7E89	N453PC	PC12
7E8E	N453PH	B407
7E97	N453PS	CRUZ
7E98	N453PT	C172
7EB0	N453QS	E55P
7EB5	N453QX	DH8D
7EB8	N453R	B407
7EB9	N453RA	B06
7EC6	N453RP	EXEC
7EC8	N453RR	B06
7ED1	N453S	C550
7ED2	N453SA	BE36
7ED3	N453SB	F2TH
7ED4	N453SC	LJ45
7ED8	N453SG	C82T
7EDF	N453SP	C172
7EE6	N453SW	CRJ2
7EEA	N453T	MT
7EEC	N453TB	TBM9
7EED	N453TC	AC11
7EF6	N453TM	BE40
7EFB	N453TS	SREY
7F04	N453UA	A320
7F11	N453UP	B752
7F35	N453W	J4
7F41	N453WM	C182
7F42	N453WN	B737
7F4E	N453X	GLST
7F77	N453YR	F8L
7F7D	N453YX	E75L
7F99	N4530	RV10
7F9B	N4530B	C180
7F9C	N4530C	C170
7F9D	N4530D	AA5
7F9E	N4530E	C172
7F9F	N4530F	C185
7FA1	N4530H	PA15
7FAA	N4530S	AA5
7FAB	N4530T	P28A
7FAC	N4530U	C150
7FB0	N4530Y	PA25
7FB1	N4530Z	PA22
7FB2	N45300	N3N
7FB4	N45302	C150
7FB6	N45304	AA5
7FB7	N45305	N3N
7FBA	N45308	C150
7FBE	N4531B	AA5
7FBF	N4531C	C170
7FC1	N4531E	CH7A
7FC2	N4531F	P28R
7FC4	N4531H	PA15
7FC5	N4531J	P28R
7FCA	N4531P	PA23
7FCC	N4531R	AA5
7FCD	N4531S	AA5
7FD0	N4531V	AA5
7FD5	N45310	TAYD
7FD7	N45312	C77R
7FD8	N45313	AT5T
7FDA	N45315	AA5
7FDE	N45319	AA5
7FE0	N4532A	PA22
7FE1	N4532B	AA5
7FE2	N4532C	C170
7FE3	N4532D	BE35
7FE5	N4532F	AT3T
7FE7	N4532H	M20P
7FE8	N4532J	P28R
7FE9	N4532K	AA5
7FEB	N4532M	PA11
7FEC	N4532N	AA5
7FED	N4532P	AA5
7FEF	N4532R	P28A
7FF0	N4532S	BE33
7FF2	N4532U	AA5
7FF4	N4532W	AC11
7FF5	N4532X	P28A
7FFA	N45322	AA5
7FFF	N45327	C150
8000	N45328	C150
8001	N45329	R22
8003	N4533A	PA22
8004	N4533B	C180
8005	N4533C	C170
8007	N4533E	CH7A
8008	N4533F	AA5
800B	N4533J	C188
8010	N4533P	AA5
8011	N4533Q	AA5
8013	N4533S	BE33
8017	N4533W	AC11
8018	N4533X	P28A
801A	N4533Z	PA22
801F	N45334	C150
8020	N45335	C150
8021	N45336	C77R
8025	N4534	WACO
8027	N4534B	C180
8029	N4534D	AA5
802A	N4534E	C172
802B	N4534F	C185
802E	N4534J	P28R
8030	N4534L	AA5
8031	N4534M	T34P
8035	N4534R	P28A
8036	N4534S	BE36
8037	N4534T	PA34
8039	N4534V	AA5
803B	N4534X	P28R
803D	N4534Z	PA22
803F	N45341	C150
8040	N45342	C150
8041	N45343	AA5
8042	N45344	AA5
8046	N45348	C150
8047	N45349	C77R
8048	N4535	CASS
804C	N4535D	AA5
804D	N4535E	AR11
804E	N4535F	C185
804F	N4535G	T210
8050	N4535H	M20P
8051	N4535J	P28R
8053	N4535L	AA5
8054	N4535M	PA11
8059	N4535S	BE60
805A	N4535T	P28A
805B	N4535U	AT3P
805C	N4535V	AA5
8061	N45350	C150
8062	N45351	C150
806A	N45359	C77R
806B	N4536	G164
806D	N4536B	AA5
8070	N4536E	CH7A
8073	N4536H	M20P
8074	N4536J	P28R
8075	N4536K	NAVI
8076	N4536L	AA5
8077	N4536M	PA11
8078	N4536N	ST75
8079	N4536P	AA5
807A	N4536Q	AT5T
807B	N4536R	P28A
807D	N4536T	AA5
807F	N4536V	AA5
8080	N4536W	AC11
8085	N45361	C150
8086	N45362	AA5
8087	N45363	AT3T
8088	N45364	C150
808A	N45366	DC3
808B	N45367	C77R
808C	N45368	AT3P
8090	N4537B	C180
8092	N4537D	BE35
8093	N4537E	CH7A
8094	N4537F	P32R
8097	N4537J	R44
8098	N4537K	NAVI
809A	N4537M	BE95
809B	N4537N	AA5
809D	N4537Q	C402
80A0	N4537T	P28A
80A2	N4537V	AA5
80A4	N4537X	AT5T
80A5	N4537Y	AA5
80AA	N45373	WACF
80AC	N45375	C150
80AD	N45376	C150
80B2	N4538A	PA22
80B4	N4538C	C170
80B6	N4538E	C172
80B7	N4538F	C185
80B8	N4538G	R44
80BC	N4538L	AA5
80BD	N4538M	PA11
80BE	N4538N	AA5
80C0	N4538Q	P28A
80C3	N4538T	P28A
80C6	N4538W	AC11
80C7	N4538X	P28A
80C8	N4538Y	PA25
80CF	N45385	C77R
80D5	N4539A	PA22
80D6	N4539B	AT3P
80D7	N4539C	BE77
80DF	N4539L	AA5
80E0	N4539M	PA11
80E2	N4539P	AA5
80E5	N4539S	AA5
80E8	N4539V	AA5
80EA	N4539X	P28A
80EB	N4539Y	AT3P
80F0	N45393	C150
80F2	N45395	C150
80F4	N45397	AT3P
80F5	N45398	C150
80F8	N454A	BE95
80FA	N454AB	PA25
80FB	N454AC	C501
80FC	N454AD	A332
80FD	N454AE	B06
8101	N454AJ	F900
8103	N454AL	A21N
8105	N454AN	LJ60
810C	N454AV	A320
810D	N454AW	CRJ2
8113	N454BB	CH60
8114	N454BC	LGEZ
811C	N454BL	NG5
811D	N454BM	C172
8126	N454BW	BEAR
812A	N454C	P28A
812B	N454CA	PA31
812D	N454CC	B350
812E	N454CD	MR35
8132	N454CH	RV7
8136	N454CM	C72R
8138	N454CP	SR22
813A	N454CR	SF50
813C	N454CT	FDCT
8143	N454D	E550
8145	N454DB	DHC2
8146	N454DC	BE20
8149	N454DF	H60
814F	N454DM	C182
8151	N454DP	FA10
8153	N454DR	E55P
8154	N454DS	FOX
8155	N454DT	RENE
815D	N454EA	C441
8161	N454EE	SONX
816C	N454ER	C172
8175	N454F	EC20
8177	N454FB	SREY
817A	N454FE	A310
8188	N454FU	DHC2
818B	N454FX	GLF4
8190	N454GB	F2TH
8191	N454GC	B350
8195	N454GG	T206
819D	N454GQ	BE9T
81B5	N454HP	C25M
81C0	N454J	BE36
81C2	N454JB	SF28
81C4	N454JD	CLON
81C8	N454JH	H500
81CC	N454JM	PTS2
81D1	N454JS	RV8
81DA	N454KA	P28A
81DC	N454KC	DV20
81E0	N454KG	SONX
81F2	N454L	RV10
81F5	N454LC	LJ45
81F7	N454LE	L8
81F8	N454LF	BE30
81FE	N454LM	CC11
8202	N454LR	DR1
8207	N454LW	FBA2
820B	N454M	DA40
820C	N454MA	C25A
820D	N454MB	SREY
820E	N454MC	COL4
820F	N454MD	P28A
8211	N454MF	LJ45
8213	N454MH	EC45
8215	N454MK	SR20
8217	N454MM	C56X
821C	N454MS	B06
8224	N454N	LJ45
822B	N454NG	PC12
8235	N454NS	SONX
823E	N454PA	B744
823F	N454PB	PISI
8240	N454PC	B703
8245	N454PH	B407
824E	N454PS	PC12
8254	N454PY	C172
8256	N454Q	PA18
8257	N454QA	E55P
8267	N454QS	E55P
826F	N454R	COY2
8271	N454RB	BE35
8272	N454RC	S22T
8274	N454RE	FOX
8279	N454RK	SR22
827B	N454RM	EPIC
8281	N454RT	TWEN
8284	N454RW	MR35
828C	N454SD	SR22
828E	N454SF	C208
8290	N454SH	R44
8293	N454SL	RV7
8298	N454SR	SR22
829D	N454SW	CRJ2
82A1	N454T	BE55
82A2	N454TA	SIRA
82A3	N454TB	B350
82A7	N454TF	RV12
82A9	N454TH	GALX
82AD	N454TM	BE20
82B6	N454TW	FOX
82B7	N454TX	E55P
82BB	N454UA	A320
82C8	N454UP	B752
82EC	N454W	PA18
82EF	N454WC	M20P
82F2	N454WF	L39
82F9	N454WN	B737
82FD	N454WS	TAGO
82FE	N454WT	R44
8301	N454WW	RV6
8303	N454WY	RV4
8305	N454X	P28A
8337	N454Z	AA5
8350	N4540	BE36
8351	N4540A	PA22
8354	N4540D	BE35
8356	N4540F	AT3T
8359	N4540J	P28R
835C	N4540M	PA11
835D	N4540N	AA5
835E	N4540P	AA5
8362	N4540T	P28A
8364	N4540V	BE35
8367	N4540Y	AT5T
8368	N4540Z	PA22
836C	N45403	L8
836D	N45404	L8
836E	N45405	L8
836F	N45406	AA5
8370	N45407	C150
8372	N45409	AA5
8374	N4541A	AA5
8376	N4541C	C170
8377	N4541D	BE35
8379	N4541F	C185
837F	N4541M	BE36
8380	N4541N	EAGL
8383	N4541R	P28A
8384	N4541S	AT3T
8389	N4541X	P28R
838C	N45410	L8
838D	N45411	L8
838E	N45412	AA5
8392	N45416	L8
8394	N45418	L8
8395	N45419	L8
8398	N4542B	C180
8399	N4542C	C170
839B	N4542E	CH7A
839E	N4542H	PA15
839F	N4542J	P28R
83A0	N4542K	NAVI
83A1	N4542L	AA5
83A2	N4542M	PA11
83A3	N4542N	AA5
83A6	N4542R	P28A
83A8	N4542T	PA34
83AA	N4542V	AA5
83AE	N4542Z	PA22
83B0	N45421	AT3P
83B4	N45425	L8
83B5	N45426	L8
83B6	N45427	L8
83B9	N4543	P51
83BA	N4543A	AA5
83BB	N4543B	C180
83BC	N4543C	C170
83BD	N4543D	BE35
83C0	N4543G	SR22
83C5	N4543M	PA11
83D1	N4543Z	PA22
83D2	N45430	C150
83D4	N45432	L8
83D6	N45434	C150
83D7	N45435	L8
83D8	N45436	L8
83DD	N4544A	PA22
83E4	N4544H	PA15
83E8	N4544M	PA11
83E9	N4544N	ST75
83EA	N4544P	AA5
83EC	N4544R	AA5
83EE	N4544T	P28R
83F2	N4544X	P28A
83F4	N4544Z	PA22
83F5	N45440	B739
83F7	N45442	AA5
83FB	N45446	C150
83FD	N45448	BRB2
8400	N4545A	AA5
8401	N4545B	M20P
8402	N4545C	AA5
8404	N4545E	AR11
8405	N4545F	SA30
840B	N4545M	BE58
840C	N4545N	ST75
8410	N4545S	AA5
8411	N4545T	AA5
8415	N4545X	P28A
841B	N45453	AT5T
841C	N45454	C150
841D	N45455	P51
841E	N45456	C182
8420	N45458	PA18
8421	N45459	C150
8424	N4546B	AA5
8425	N4546C	C170
8428	N4546F	C185
842A	N4546H	PA15
842B	N4546J	AA5
842F	N4546N	AA5
8430	N4546P	AA5
8431	N4546Q	C310
8432	N4546R	P28A
8433	N4546S	BE95
8434	N4546T	TWEN
8435	N4546U	C150
8436	N4546V	BE35
8438	N4546X	P28R
8439	N4546Y	RV8
843A	N4546Z	PA22
843C	N45461	AT5T
843E	N45463	L8
8442	N45467	C150
8443	N45468	L8
8444	N45469	AT3T
8446	N4547A	PA22
8448	N4547C	AA5
844A	N4547E	C172
844B	N4547F	P28A
844F	N4547K	AA5
8451	N4547M	BE58
8455	N4547R	P28A
8456	N4547S	BE58
8458	N4547U	C150
845B	N4547X	P28B
845F	N45471	C150
8460	N45472	AT3T
8461	N45473	C150
8463	N45475	L8
8465	N45477	PA18
8466	N45478	C150
8469	N4548A	PA22
846A	N4548B	C180
846D	N4548E	CH7A
846E	N4548F	C185
847A	N4548T	P208
8482	N45481	L8
8485	N45484	L8
8487	N45486	L8
8489	N45488	L8
848A	N45489	L8
848E	N4549C	C170
8490	N4549E	AT3P
8491	N4549F	C185
8493	N4549H	PA15
8495	N4549K	NAVI
8497	N4549M	PA11
849D	N4549T	P28R
84A2	N4549Y	PA18
84A5	N45491	C150
84A6	N45492	AT3P
84A7	N45493	L8
84A8	N45494	L8
84AA	N45496	C150
84AD	N45499	L8
84B4	N455AE	AS50
84B5	N455AF	C177
84B7	N455AH	VELO
84BC	N455AN	A21N
84C4	N455AW	CRJ2
84C8	N455B	BE35
84C9	N455BA	GLID
84CB	N455BC	PC12
84CC	N455BD	SR22
84D0	N455BH	SREY
84DA	N455BT	BE95
84DD	N455BW	CDUS
84E2	N455CA	CRJ2
84E5	N455CD	SR22
84EF	N455CP	C82T
84F3	N455CT	EXEC
84FA	N455D	BE33
84FC	N455DB	RV3
84FD	N455DC	BE33
84FE	N455DD	RV6
8501	N455DG	LJ45
8504	N455DK	PC12
850A	N455DR	G2T1
8514	N455EA	LJ45
8517	N455ED	C210
8521	N455EP	C72R
8525	N455ET	G2T1
852B	N455EZ	LGEZ
8531	N455FE	A310
8537	N455FL	P28A
853A	N455FP	BE55
853C	N455FR	RV8
8542	N455FX	GLF4
8545	N455G	RV8
8547	N455GB	C152
8548	N455GC	C56X
855E	N455H	P28A
8561	N455HC	BE95
856E	N455HR	RV12
856F	N455HS	C82T
8571	N455HU	S22T
8577	N455J	RV4
8587	N455JR	BT36
8588	N455JS	KR2
8590	N455K	BE35
8597	N455KG	S22T
8598	N455KH	GLF4
85A9	N455L	PA34
85AA	N455LA	AT6T
85AB	N455LB	RV8
85B0	N455LG	P46T
85C2	N455M	BE95
85C3	N455MA	P32R
85C4	N455MB	GLF4
85C5	N455MC	COL4
85CA	N455MH	EC45
85CE	N455MM	PA31
85D6	N455MV	SR22
85E4	N455NJ	LJ45
85F4	N455P	BE36
85F5	N455PA	AT6T
85F7	N455PC	SR22
85F8	N455PD	B407
85FB	N455PG	SR20
85FC	N455PH	B407
860D	N455Q	BE95
861E	N455QS	GLF4
8626	N455R	BE35
8627	N455RA	AT8T
8628	N455RB	BE55
8629	N455RC	ASTR
8631	N455RL	B06
8632	N455RM	S22T
8637	N455RS	P46T
8638	N455RT	CH7B
863F	N455S	GLIM
8640	N455SA	SKAR
8641	N455SB	LEG2
8642	N455SC	C68A
8643	N455SD	BE58
8646	N455SG	P46T
864D	N455SP	SR22
864F	N455SR	SR22
8654	N455SW	CRJ2
8659	N455TA	AA5
865A	N455TB	C310
865B	N455TC	SR22
865F	N455TG	M18
866C	N455TV	B06
866D	N455TW	PA46
8672	N455UA	A320
867F	N455UP	B752
8682	N455US	PA34
86A6	N455WC	C337
86AA	N455WG	GLF4
86AF	N455WM	MT
86B0	N455WN	B737
86BC	N455X	C310
86EE	N455Z	GLF4
8708	N4550A	PA22
8709	N4550B	C180
870A	N4550C	C170
870B	N4550D	P28A
870C	N4550E	C172
870F	N4550H	PA15
8713	N4550M	PA11
8714	N4550N	AT5T
8716	N4550Q	C402
8717	N4550R	M4
871A	N4550U	C150
871C	N4550W	B47G
871D	N4550X	P28A
871E	N4550Y	PA25
8722	N45502	AA5
8724	N45504	L8
8725	N45505	AA5
8726	N45506	AT5T
8727	N45507	PA18
872B	N4551A	PA22
872E	N4551D	BE35
8730	N4551F	P28A
8732	N4551H	PA15
8736	N4551M	AT5T
873B	N4551S	BE33
8740	N4551X	P28R
8741	N4551Y	AA5
8743	N45510	C150
8744	N45511	C150
8745	N45512	C150
8747	N45514	L8
874A	N45517	C150
874B	N45518	L8
874C	N45519	L8
874E	N4552A	PA22
874F	N4552B	AA5
8750	N4552C	C170
8752	N4552E	AR11
8755	N4552H	PA15
8756	N4552J	P28R
8757	N4552K	NAVI
8758	N4552L	AA5
875B	N4552P	PA23
875C	N4552Q	P28R
875F	N4552T	AT3T
8763	N4552X	P32R
8766	N45520	C150
876C	N45526	PA18
876D	N45527	L8
8770	N4553	GLID
8772	N4553B	AA5
8773	N4553C	AA5
8775	N4553E	AR11
8776	N4553F	AA5
877B	N4553L	AA5
877C	N4553M	PA11
8781	N4553S	C182
8783	N4553U	C150
8785	N4553W	AT3T
8788	N4553Z	PA22
8789	N45530	C150
878B	N45532	L8
878D	N45534	L8
8791	N45538	L8
8795	N4554B	AA5
8798	N4554E	AA5
879B	N4554H	PA15
879C	N4554J	AA5
87A1	N4554P	AA5
87A5	N4554T	P28A
87A9	N4554X	P28A
87AD	N45541	C150
87AF	N45543	PA18
87B0	N45544	L8
87B5	N45549	L8
87B6	N4555	SR22
87B7	N4555A	PA22
87B9	N4555C	C170
87BA	N4555D	AA5
87BC	N4555F	P28R
87BE	N4555H	PA15
87C0	N4555K	P210
87C1	N4555L	AA5
87C5	N4555Q	AA5
87C6	N4555R	P28A
87CB	N4555W	G2T1
87CD	N4555Y	AT3T
87CE	N4555Z	PA22
87D2	N45553	AT3T
87D4	N45555	L8
87D8	N45559	MAGN
87DA	N4556A	PA22
87DB	N4556B	AA5
87DF	N4556F	PA32
87E1	N4556H	PA15
87E5	N4556M	BE36
87E8	N4556Q	P32R
87EC	N4556U	AT3T
87F3	N45561	L8
87F5	N45563	C150
87F6	N45564	L8
87F7	N45565	L8
87F8	N45566	C150
87F9	N45567	L8
87FB	N45569	L8
87FD	N4557A	PA22
8800	N4557D	AA5
8801	N4557E	AA5
8802	N4557F	C185
8804	N4557H	PA15
8806	N4557K	NAVI
8807	N4557L	AA5
8808	N4557M	PA11
8809	N4557N	C340
880C	N4557R	P28A
880D	N4557S	AA5
880E	N4557T	P28A
880F	N4557U	C150
8810	N4557V	AA5
8812	N4557X	P32R
8814	N4557Z	PA22
8815	N45570	C150
881C	N45577	L8
8822	N4558C	C170
8824	N4558E	AA5
8825	N4558F	C185
8827	N4558H	M20P
8828	N4558J	P28R
8829	N4558K	NAVI
882B	N4558M	PA11
882C	N4558N	ST75
882D	N4558P	PA23
882F	N4558R	P28A
8833	N4558V	AA5
883A	N45582	C150
883B	N45583	L8
883E	N45586	C150
8840	N45588	C150
8843	N4559A	AA5
8844	N4559B	AA5
8847	N4559E	CH7A
884A	N4559H	PA15
884B	N4559J	P28R
884C	N4559K	NAVI
884D	N4559L	AA5
884E	N4559M	BE36
8854	N4559T	P28A
8855	N4559U	C150
8858	N4559X	P28R
8860	N45595	L8
8863	N45598	L8
8864	N45599	L8
8865	N456	LNC2
8866	N456A	LNP4
8869	N456AC	SR22
886A	N456AD	BE36
886B	N456AE	EC30
886F	N456AJ	R66
8870	N456AK	SR20
8872	N456AM	HUSK
8873	N456AN	A21N
8876	N456AR	SR22
8877	N456AS	DA40
8878	N456AT	BT36
887B	N456AW	FOX
887E	N456AZ	R44
887F	N456B	BE35
8884	N456BE	GLF2
8887	N456BH	C182
8888	N456BJ	KR2
8889	N456BK	PA46
888F	N456BR	P210
8891	N456BT	J3
8892	N456BU	S76
8898	N456C	BE35
8899	N456CA	P28B
889A	N456CB	C172
889B	N456CC	P28A
889D	N456CE	CH70
889F	N456CG	LJ25
88A1	N456CJ	CJ6
88A3	N456CL	LJ35
88A4	N456CM	P180
88A6	N456CP	GLF4
88A8	N456CR	C172
88A9	N456CS	C82T
88AC	N456CV	C82T
88B1	N456D	RV6
88B2	N456DA	PA31
88B3	N456DB	GLIM
88B4	N456DC	SR22
88B8	N456DG	C82T
88B9	N456DH	C210
88BA	N456DJ	C182
88BB	N456DK	AP22
88BC	N456DL	BE95
88BD	N456DM	BE36
88BE	N456DN	BE58
88BF	N456DP	COZY
88C1	N456DR	S22T
88C3	N456DT	RV12
88C7	N456DX	C172
88CD	N456EC	DV20
88CF	N456EE	GLIM
88D6	N456EM	RV9
88DA	N456ER	C72R
88DB	N456ES	BE20
88E2	N456EZ	PISI
88E6	N456FC	C425
88EF	N456FM	SF50
88F9	N456FX	GLF4
88FD	N456GA	GLF5
8903	N456GG	SR22
890D	N456GS	LJ45
890E	N456GT	C441
8912	N456GX	M20P
8916	N456HA	C421
8918	N456HC	C25B
8920	N456HL	RV7
8927	N456HT	S22T
8928	N456HU	HUSK
892C	N456HY	HUSK
892F	N456JA	G280
8930	N456JB	TWEN
8931	N456JC	EC35
8932	N456JD	RV8
8937	N456JJ	R44
8938	N456JK	GLIM
8939	N456JL	BD4
893A	N456JM	C340
893B	N456JN	LJ31
893E	N456JR	C425
893F	N456JS	RS12
8940	N456JT	FOX
8949	N456KB	B407
894D	N456KF	P46T
8950	N456KJ	EN48
8953	N456KM	SR22
8955	N456KP	BE33
8958	N456KS	C208
895C	N456KW	BE58
8960	N456L	P28A
8961	N456LA	AT6T
8962	N456LB	SR20
8963	N456LC	DHC2
8964	N456LD	BD5J
8965	N456LE	SR22
8966	N456LF	B407
896B	N456LL	SR22
8971	N456LS	R66
897A	N456MA	T206
897B	N456MB	C72R
897C	N456MC	RV4
897D	N456MD	RV6
897F	N456MF	EA50
8980	N456MG	SR22
8981	N456MH	R44
8982	N456MJ	SF50
8984	N456ML	R44
8987	N456MP	LNP4
898B	N456MT	EC35
8992	N456N	DHC2
89AB	N456P	PA24
89AC	N456PA	G2CA
89AD	N456PB	CH7B
89AE	N456PC	RV6
89B1	N456PF	BE20
89B3	N456PH	R22
89B7	N456PM	P28A
89BC	N456PS	M20P
89C0	N456PW	LNP4
89D5	N456QS	E55P
89DD	N456R	PA11
89DE	N456RA	GLF6
89E1	N456RD	RV7
89E3	N456RF	E50P
89E5	N456RH	AA5
89E6	N456RJ	RV6
89E7	N456RK	EXEC
89ED	N456RR	P28R
89EF	N456RT	SR22
89F1	N456RV	RV6
89F2	N456RW	C140
89F6	N456S	CC11
89F7	PR-TET	BE36
89F8	N456SB	K100
89FC	N456SF	DHC2
89FD	N456SG	RV9
8A00	N456SK	VTRA
8A04	N456SP	C172
8A07	N456SS	SR20
8A08	N456ST	C414
8A0B	N456SW	GA5C
8A0F	N456T	BE35
8A10	N456TA	UH1
8A11	N456TB	TB21
8A16	N456TG	R44
8A17	N456TH	BE76
8A19	N456TK	EC45
8A24	N456TW	TAIL
8A25	N456TX	C550
8A28	N456U	P208
8A29	N456UA	A320
8A30	N456UH	R22
8A36	N456UP	B752
8A41	N456V	PC12
8A5C	N456WB	HIGH
8A5E	N456WD	C150
8A60	N456WF	C170
8A66	N456WM	RV6
8A67	N456WN	B737
8A68	N456WP	C340
8A6B	N456WS	CRUZ
8A6C	N456WT	FDCT
8A6F	N456WW	BE58
8A73	N456X	C310
8A8C	N456Y	P28A
8ABA	N456ZW	CRJ2
8ABD	N456ZZ	SONX
8ABE	N4560	RV12
8AC8	N4560K	NAVI
8ACA	N4560M	BE33
8ACC	N4560P	PA23
8AD2	N4560V	BE35
8AD5	N4560Y	PA18
8AD7	N45600	CAMP
8AD8	N45601	C150
8AD9	N45602	L8
8ADB	N45604	L8
8ADC	N45605	L8
8ADD	N45606	L8
8AE0	N45609	L8
8AE3	N4561B	PZ04
8AED	N4561M	PA11
8AEE	N4561N	ST75
8AF0	N4561Q	P32R
8AF5	N4561V	T206
8AFA	N45610	L8
8AFD	N45613	C150
8AFE	N45614	C150
8B01	N45617	C150
8B03	N45619	L8
8B09	N4562E	AR11
8B0A	N4562F	C185
8B0C	N4562H	PA15
8B0E	N4562K	NAVI
8B10	N4562M	BE36
8B12	N4562P	CH75
8B14	N4562R	P28A
8B16	N4562T	P28A
8B17	N4562U	C150
8B1A	N4562X	P28R
8B20	N45623	C150
8B23	N45626	C150
8B25	N45628	L8
8B29	N4563B	C180
8B2A	N4563C	C170
8B2B	N4563D	BE35
8B2C	N4563E	CH7A
8B2D	N4563F	P32R
8B30	N4563J	P28R
8B31	N4563K	NAVI
8B34	N4563N	ST75
8B38	N4563S	BE33
8B3A	N4563U	C150
8B3D	N4563X	P32R
8B3F	N4563Z	PA22
8B41	N45631	L8
8B42	N45632	C150
8B44	N45634	L8
8B45	N45635	L8
8B46	N45636	C150
8B4C	N4564B	M6
8B4D	N4564C	C170
8B4F	N4564E	CH7A
8B50	N4564F	P28R
8B52	N4564H	M20P
8B57	N4564N	ST75
8B60	N4564X	PA34
8B62	N4564Z	PA22
8B64	N45641	L8
8B65	N45642	L8
8B68	N45645	SPHA
8B69	N45646	L8
8B6A	N45647	L8
8B6C	N45649	C150
8B6D	N4565	SE5A
8B6E	N4565A	PA22
8B71	N4565D	BE35
8B73	N4565F	P28A
8B79	N4565M	PA11
8B7A	N4565N	ST75
8B7E	N4565S	BE36
8B7F	N4565T	P28R
8B80	N4565U	C150
8B82	N4565W	AC11
8B87	N45651	L8
8B89	N45653	L8
8B8E	N45658	L8
8B8F	N45659	C150
8B92	N4566B	C180
8B94	N4566D	BE35
8B95	N4566E	CH7A
8B96	N4566F	P28A
8B98	N4566H	M20P
8B99	N4566J	P28R
8B9A	N4566K	NAVI
8B9C	N4566M	BE58
8B9F	N4566Q	PA34
8BA0	N4566R	P28A
8BA1	N4566S	BE35
8BA3	N4566U	C150
8BA4	N4566V	VALI
8BA5	N4566W	AC11
8BA6	N4566X	P28R
8BA8	N4566Z	PA22
8BAA	N45661	L8
8BAB	N45662	C150
8BAC	N45663	C150
8BAD	N45664	L8
8BAF	N45666	L8
8BB1	N45668	L8
8BB2	N45669	L8
8BB3	N4567	R44
8BB4	N4567A	PA22
8BB5	N4567B	C180
8BB6	N4567C	C170
8BB7	N4567D	BE35
8BB8	N4567E	CH7A
8BB9	N4567F	C210
8BBA	N4567G	C337
8BBB	N4567H	PA15
8BBD	N4567K	NAVI
8BBF	N4567M	BE60
8BC4	N4567S	AT8T
8BC5	N4567T	PA34
8BC6	N4567U	C150
8BCD	N45671	L8
8BCF	N45673	C150
8BD1	N45675	L8
8BD3	N45677	C77R
8BD4	N45678	RV10
8BD7	N4568A	PA22
8BD9	N4568C	C210
8BDB	N4568E	CH7A
8BDC	N4568F	C152
8BDD	N4568G	CH60
8BE2	N4568M	PA11
8BE3	N4568N	C340
8BE5	N4568Q	LGEZ
8BE6	N4568R	P28A
8BE7	N4568S	BE33
8BEF	N45680	L8
8BF2	N45683	L8
8BF7	N45688	L8
8BF9	N4569	B06
8BFC	N4569C	C170
8BFE	N4569E	CH7A
8C01	N4569H	M20P
8C03	N4569K	J4
8C05	N4569M	PA11
8C09	N4569R	P28A
8C0A	N4569S	BE36
8C0C	N4569U	C150
8C0D	N4569V	DUCE
8C0F	N4569X	P28A
8C10	N4569Y	PA25
8C13	N45691	L8
8C14	N45692	L8
8C15	N45693	C150
8C16	N45694	L8
8C1B	N45699	C150
8C1E	N457AA	MD82
8C1F	N457AB	CJ6
8C20	N457AC	CH7B
8C22	N457AE	C150
8C29	N527AM	A21N
8C2E	N457AS	B739
8C2F	N457AT	AT8T
8C32	N457AW	CRJ2
8C34	N457AY	CL35
8C35	N457AZ	B763
8C37	N457BA	L13M
8C38	N457BB	BE58
8C39	N457BC	C172
8C3D	N457BG	FOX
8C40	N457BK	BE58
8C50	N457CA	SR22
8C51	N457CB	SR22
8C55	N457CF	PTS1
8C56	N457CG	PC24
8C5B	N457CM	C72R
8C5D	N457CP	BE40
8C61	N457CT	PA32
8C64	N457CW	R44
8C67	N457CZ	R66
8C69	N457DA	BE60
8C6A	N457DB	RV12
8C6E	N457DF	BE58
8C70	N457DH	RV6
8C72	N457DK	M20P
8C74	N457DM	C340
8C79	N457DS	GLF4
8C7A	N457DT	BE36
8C91	N457ER	C172
8C98	N457EY	TUCA
8C9B	N457FA	CH7A
8CA5	N457FL	P28A
8CAB	N457FS	BDOG
8CB0	N457FX	GLF4
8CBA	N457GG	C150
8CBB	N457GH	RV7
8CBF	N457GM	H500
8CDC	N457HR	DA40
8CE5	N457J	H25B
8CE8	N457JC	GLF2
8CE9	N457JD	EC45
8CEC	N457JG	SONX
8CEE	N457JJ	RV12
8CF2	N457JN	BE35
8CFF	N457KA	BE20
8D17	N457L	GLAS
8D1D	N457LF	B407
8D30	N457M	T206
8D33	N457MC	CH7B
8D3C	N457MM	TRDO
8D3E	N457MP	GLF4
8D41	N457MS	BE36
8D42	N457MT	B407
8D62	N457P	BE36
8D63	N457PA	G2CA
8D6A	N457PH	B407
8D6E	N457PM	RV4
8D8C	N457QS	E55P
8D95	N457RA	RV14
8D96	N457RB	RV4
8DA8	N457RV	RV7
8DAF	N457SB	BOLT
8DB7	N457SK	C172
8DBB	N457SP	C172
8DBD	N457SR	SR22
8DC2	N457SW	CRJ2
8DC6	N457T	P28A
8DC8	N457TB	EA50
8DC9	N457TC	F8L
8DD1	N457TL	DA40
8DD7	N457TS	DA42
8DE0	N457UA	A320
8DED	N457UP	B752
8DF1	N457UT	LJ60
8E13	N457WB	CL35
8E1E	N457WN	B737
8E23	N457WT	R44
8E76	N4570A	SR20
8E78	N4570C	C170
8E79	N4570D	BE35
8E7F	N4570K	P210
8E82	N4570N	ST75
8E87	N4570T	P28B
8E8A	N4570W	AC11
8E8E	N45700	C150
8E8F	N45701	L8
8E93	N45705	C150
8E9A	N4571B	C180
8E9D	N4571E	CH7A
8EA0	N4571H	PA15
8EA5	N4571N	T50
8EAA	N4571T	PA32
8EAB	N4571U	C150
8EAE	N4571X	P28A
8EAF	N4571Y	PA25
8EB5	N45714	C150
8EBA	N45719	L8
8EBC	N4572A	BE35
8EBD	N4572B	C180
8EBF	N4572D	BE35
8EC0	N4572E	CH7A
8EC1	N4572F	C185
8EC6	N4572L	C421
8ECC	N4572S	BE36
8ED0	N4572W	AC11
8ED4	N45720	C150
8ED6	N45722	L8
8EDD	N45729	L8
8EE0	N4573B	B105
8EE3	N4573E	CH7A
8EE4	N4573F	C185
8EE7	N4573J	P28R
8EEA	N4573M	PA11
8EEE	N4573R	P28A
8EF6	N4573Z	PA22
8EF7	N45730	L8
8EF8	N45731	UH1
8EF9	N45732	L8
8EFD	N45736	L8
8F05	N4574D	BE35
8F06	N4574E	CH7A
8F07	N4574F	C185
8F09	N4574H	PA15
8F0A	N4574J	P28R
8F0B	N4574K	NAVI
8F0D	N4574M	BE35
8F0E	N4574N	BE17
8F11	N4574R	P28A
8F13	N4574T	PA34
8F14	N4574U	C150
8F15	N4574V	C172
8F17	N4574X	PA34
8F1A	N45740	L8
8F21	N45747	ST75
8F22	N45748	GLIM
8F23	N45749	L8
8F25	N4575A	GLID
8F26	N4575B	C180
8F29	N4575E	CH7A
8F2A	N4575F	P28A
8F32	N4575P	PA23
8F37	N4575U	C150
8F39	N4575W	AC11
8F3A	N4575X	P28A
8F3D	N45750	L8
8F41	N45754	L8
8F42	N45755	L8
8F4A	N4576C	C170
8F4B	N4576D	BE35
8F4D	N4576F	P28A
8F51	N4576K	P210
8F5D	N4576X	P28R
8F5F	N4576Z	PA22
8F65	N45765	L8
8F66	N45766	L8
8F67	N45767	L8
8F68	N45768	L8
8F69	N45769	J3
8F6A	N4577	C172
8F6B	N4577A	PA18
8F6C	N4577B	C180
8F6D	N4577C	C170
8F6E	N4577D	BE35
8F72	N4577H	PA15
8F75	N4577L	C340
8F76	N4577M	PA11
8F80	N4577X	PA32
8F84	N45771	L8
8F8E	N4578A	PULS
8F92	N4578E	CH7A
8F99	N4578M	PA11
8F9A	N4578N	C340
8F9F	N4578T	P28R
8FA1	N4578V	BE35
8FA2	N4578W	AC11
8FA6	N45780	H500
8FA7	N45781	L8
8FA8	N45782	TAYB
8FAB	N45785	L8
8FAC	N45786	AA5
8FB1	N4579A	PA18
8FB8	N4579H	PA15
8FB9	N4579J	GLST
8FBA	N4579K	NAVI
8FBC	N4579M	PA11
8FBD	N4579N	C340
8FC0	N4579R	P28A
8FC2	N4579T	P28R
8FC3	N4579U	C150
8FC4	N4579V	BE35
8FC9	N45790	VEZE
8FCF	N45796	L8
8FD3	N458	SA30
8FD4	N458A	P28A
8FD5	N458AA	RV12
8FDB	N458AG	ST75
8FDF	N458AL	A21N
8FE0	N458AM	B407
8FE2	N458AP	C150
8FE5	N458AS	B407
8FE9	N458AW	CRJ2
8FED	N458B	BE35
8FEE	N458BA	BE95
8FEF	N458BB	SR22
8FF2	N458BE	GLF4
8FF5	N458BH	RV8
8FF6	N458BJ	B748
8FF7	N458BK	GLID
9006	N458C	SR22
9009	N458CC	UH1
900A	N458CD	C82T
9011	N458CL	SF34
9012	N458CM	C72R
9014	N458CP	SR22
9017	N458CS	C82T
9018	N458CT	B36T
901F	N458D	AA5
9020	N458DA	C560
9021	N458DB	R44
9025	N458DF	S2P
9026	N458DG	BE58
9028	N458DJ	T206
902A	N458DL	PC12
9030	N458DS	DA40
9038	N458E	AR11
9039	N458EA	BE36
9046	N458EP	RV12
9048	N458ER	C172
9049	N458ES	C82S
904F	N458EY	TUCA
905C	N458FL	P28A
9067	N458FX	GLF4
906A	N458G	BE58
9074	N458GK	RV8
9075	N458GL	BE58
907C	N458GT	BE76
9098	N458HW	H500
909E	N458JB	AA5
909F	N458JC	VELO
90A4	N458JH	BE36
90B5	N458K	BE58
90B9	N458KD	PA46
90BC	N458KG	P28A
90C6	N458KS	RV8
90D0	N458LB	RV6
90D4	N458LF	B407
90D7	N458LJ	DHC2
90E8	N458MA	DV20
90EA	N458MC	C68A
90EB	N458MD	CH60
90EE	N458MG	C82S
90F3	N458MM	SR20
9103	N458NC	C560
911A	N458PA	AC50
911B	N458PB	H500
911C	N458PC	C25B
912B	N458PT	C208
9143	N458QS	E55P
914C	N458RA	AT8T
9153	N458RH	SR22
9157	N458RM	C650
915C	N458RS	PA18
915F	N458RV	RV7
9164	N458S	CRUZ
9165	N458SA	SKAR
9167	N458SC	PA44
916A	N458SF	BE40
916B	N458SG	R44
9172	N458SP	C172
9174	N458SR	C182
917D	N458T	BE35
917F	N458TB	G150
9180	N458TC	E550
918B	N458TP	K100
918E	N458TS	DA42
9192	N458TW	SR22
9197	N458UA	A320
91A4	N458UP	B752
91AB	N458UW	B734
91AE	N458UZ	RBEL
91B2	N458VC	C421
91CA	N458WB	HA4T
91CB	N458WC	C82T
91D5	N458WN	B737
91DA	N458WT	C240
922C	N4580	L8
9231	N4580E	C82R
9232	N4580F	P28A
9235	N4580J	C180
9236	N4580K	P210
9239	N4580N	ST75
923C	N4580R	P28A
923F	N4580U	C150
9244	N4580Z	PA22
9248	N45803	L8
924A	N45805	L8
9252	N4581C	C170
9253	N4581D	BE35
9257	N4581H	PA15
9258	N4581J	P28R
9259	N4581K	NAVI
925B	N4581M	L8
925C	N4581N	ST75
9260	N4581S	BE35
9265	N4581X	P28A
926D	N45815	L8
926E	N45816	L8
9273	N4582A	PA18
9275	N4582C	C170
9276	N4582D	UH1
927A	N4582H	PA17
927B	N4582J	P28R
9282	N4582R	P28A
928A	N4582Z	PA22
928B	N45820	L8
928D	N45822	L8
928E	N45823	L8
9294	N45829	M7
9298	N4583C	C170
9299	N4583D	BE35
929A	N4583E	CH7A
929D	N4583H	M20P
929F	N4583K	NAVI
92A4	N4583Q	O1
92A5	N4583R	P28A
92A6	N4583S	O1
92A7	N4583T	P28R
92A9	N4583V	O1
92AB	N4583X	P28B
92AD	N4583Z	PA22
92B0	N45832	P28A
92B3	N45835	C77R
92B6	N45838	AT43
92B7	N45839	L8
92B8	N4584	L5
92BA	N4584B	C180
92BB	N4584C	C170
92BC	N4584D	BE35
92BD	N4584E	AC80
92BE	N4584F	P28A
92C0	N4584H	PA17
92C1	N4584J	P28R
92C2	N4584K	NAVI
92C8	N4584R	P28A
92C9	N4584S	BE36
92CA	N4584T	PA32
92CB	N4584U	C150
92CC	N4584V	BE35
92D0	N4584Z	PA22
92D2	N45841	L8
92D3	N45842	L8
92D8	N45847	L8
92D9	N45848	FB1A
92DA	N45849	L8
92DD	N4585B	C180
92DE	N4585C	C170
92DF	N4585D	BE35
92E7	N4585M	BE36
92E8	N4585N	ST75
92EC	N4585S	BE36
92F1	N4585X	P28A
92F5	N45851	L8
92F7	N45853	L8
92F9	N45855	UH1
92FE	N4586	Z26
92FF	N4586A	PA18
9300	N4586B	C180
9303	N4586E	CH7A
9306	N4586H	PA17
930B	N4586N	ST75
930E	N4586R	P28A
930F	N4586S	BE35
9311	N4586U	C150
9314	N4586X	P28R
9315	N4586Y	PA25
931A	N45863	L8
9322	N4587A	PA18
9324	N4587C	C170
9327	N4587F	P32R
9329	N4587H	PA17
932E	N4587N	ST75
9331	N4587R	B350
9332	N4587S	BE36
9333	N4587T	P28A
9335	N4587V	BE35
933A	N45870	RLU1
933C	N45872	L8
9344	N4588	T18
9345	N4588A	BE55
934D	N4588J	P28R
934F	N4588L	RV4
9350	N4588M	PA11
9352	N4588P	RV8
9356	N4588T	P28A
935A	N4588X	P28A
935C	N4588Z	PA22
935E	N45881	T18
9363	N45886	L8
9365	N45888	PA24
9366	N45889	CASS
936A	N4589C	C170
9370	N4589J	P28R
9373	N4589M	PA11
9374	N4589N	C340
9375	N4589P	BE35
9378	N4589S	BE95
937C	N4589W	AC11
937D	N4589X	P28A
9383	N45893	L8
9386	N45896	L8
9387	N45897	L8
938C	YV2945	MD82	A
938E	N459AC	CH7B
938F	N459AD	E145
9394	N459AJ	C82S
9397	N459AM	B407
9398	N459AN	A21N
939C	N459AS	B739
93A0	N459AW	CRJ2
93A4	N459B	RV4
93A5	N459BA	A5
93A6	N459BB	P28R
93A9	N459BE	GLF5
93AB	N459BG	COZY
93AF	N459BL	GLF6
93B6	N459BT	SR20
93BF	N459CB	SR22
93C0	N459CC	C185
93C1	N459CD	SR22
93C8	N459CL	SF34
93C9	N459CM	C72R
93CE	N459CS	C172
93CF	N459CT	FDCT
93DB	N459DE	DH82
93DC	N459DF	BE20
93E1	N459DL	RV10
93E2	N459DM	C421
93EB	N459DW	PA18
93FF	N459ER	C172
9401	N459ET	LGEZ
9406	N459EY	TUCA
940F	N459FG	P32R
9413	N459FL	P28A
941E	N459FX	GLF4
9432	N459GS	RV6
9453	N459J	SR22
9454	N459JA	C172
9455	N459JB	C240
9456	N459JC	C172
9457	N459JD	BE36
945E	N459JL	H25B
945F	N459JM	RAF2
9461	N459JP	T6
946C	N459K	SA30
9478	N459KM	P28R
9488	N459LC	LJ45
949A	N459LW	SBOY
949C	N459M	E550
949F	N459MA	BE20
94A0	N459MB	C560
94A2	N459MD	GLF5
94A6	N459MH	B407
94A7	N459MJ	RV9
94AC	N459MP	GLF4
94B0	N459MT	EC35
94D1	N459PA	PA34
94D3	N459PC	PC12
94DC	N459PM	RV9
94E2	N459PT	B505
94E5	N459PW	RV4
94FA	N459QS	E55P
9504	N459RB	M20P
9505	N459RC	RV9
950A	N459RH	GA5C
950B	N459RJ	SW3
9516	N459RV	RV9
9517	N459RW	BE36
9519	N459RY	GA5C
951B	N459S	CH60
951C	N459SA	MU2
951E	N459SC	PA44
9521	N459SF	LJ60
9529	N459SP	C172
952B	N459SR	J3
952D	N459ST	C150
9530	N459SW	CRJ2
9537	N459TC	BE35
953D	N459TJ	C550
9540	N459TM	COZY
9545	N459TS	DA42
9549	N459TW	GLID
954E	N459UA	A320
955B	N459UP	B752
9574	N459VP	C25A
957F	N459W	PA11
9584	N459WE	P28R
958B	N459WM	C208
958C	N459WN	B737
9590	N459WS	AVID
95E4	N4590A	PA18
95E5	N4590B	C152
95E9	N4590F	P28A
95EB	N4590H	PA17
95EC	N4590J	P28R
95F1	N4590P	C152
95F3	N4590R	P28A
95F4	N4590S	BE58
95F5	N4590T	P28R
95F6	N4590U	CRUZ
95F8	N4590W	AC11
95F9	N4590X	P28R
95FB	N4590Z	PA22
95FF	N45903	L8
9601	N45905	B788
9602	N45906	L8
9606	N4591	G164
9607	N4591A	PA18
9608	N4591B	C208
960B	N4591E	CH7A
960E	N4591H	M20P
9610	N4591K	NAVI
9616	N4591R	P28A
9618	N4591T	P28B
9619	N4591U	C150
961B	N4591W	AC11
961C	N4591X	P28B
961E	N4591Z	PA22
9621	N45912	L8
9624	N45915	C152
9626	N45917	S61
9627	N45918	T6
962C	N4592C	C170
962D	N4592D	BE35
962E	N4592E	CH7A
963A	N4592S	BE58
963B	N4592T	SS2T
963F	N4592X	PA32
9646	N45924	L8
964A	N45928	C152
964D	N4593A	PA18
964E	N4593B	C180
9652	N4593F	P28A
9654	N4593H	PA15
9658	N4593M	PA11
9660	N4593V	C72R
9662	N4593X	P28A
9663	N4593Y	PA25
9665	N45930	L8
966A	N45935	L8
966E	N45939	L8
9671	N4594B	CLON
9672	N4594C	T210
9674	N4594E	C185
9675	N4594F	P28A
9677	N4594H	PA17
967A	N4594L	C421
967B	N4594M	PA11
967C	N4594N	ST75
967F	N4594R	P28A
9680	N4594S	C82R
9682	N4594U	C150
9685	N4594X	P28R
9687	N4594Z	PA22
9689	N45941	C152
968E	N45946	P40
9690	N45948	L8
9692	N4595	CRER
9694	N4595B	C180
9695	N4595C	C170
9698	N4595F	P28A
969A	N4595H	PA17
969B	N4595J	P28R
969C	N4595K	C700
969E	N4595M	PA11
96A3	N4595S	BE35
96A8	N4595X	P32R
96B1	N45956	B789
96B2	N45957	L8
96B6	N4596A	C152
96B7	N4596B	C180
96BB	N4596F	C185
96BD	N4596H	PA17
96C0	N4596L	C152
96C1	N4596M	PA11
96C2	N4596N	ST75
96C3	N4596P	C152
96C6	N4596S	BE33
96C8	N4596U	T206
96CD	N4596Z	PA22
96D2	N45964	L8
96D3	N45965	L8
96D5	N45967	C152
96DA	N4597B	C180
96DB	N4597C	C170
96DC	N4597D	BE35
96DD	N4597E	CH7A
96DE	N4597F	C185
96E2	N4597K	NAVI
96E4	N4597M	PA11
96E6	N4597P	PA23
96E8	N4597R	C150
96E9	N4597S	BE36
96EA	N4597T	P28R
96ED	N4597W	AC11
96F0	N4597Z	PA22
96F3	N45972	L8
96F5	N45974	L8
96F6	N45975	L8
96F9	N45978	L8
96FA	N45979	L8
96FF	N4598D	BE35
9701	N4598F	P28A
9704	N4598J	P28R
9706	N4598L	C310
9707	N4598M	BE35
970A	N4598Q	C152
970D	N4598T	PA32
970F	N4598V	BE35
9713	N4598Z	PA22
9717	N45983	L8
9718	N45984	L8
9720	N4599B	C180
9721	N4599C	C170
9724	N4599F	C340
9726	N4599H	M20P
972B	N4599N	ST75
972E	N4599R	P28A
9734	N4599X	PA32
9738	N45991	L8
973C	N45995	L8
9743	N46AA	LGEZ
9744	N46AB	FOX
9745	N46AC	CH7A
9747	N46AE	BE9L
974C	N46AK	MU2
974E	N46AM	C182
9753	N46AS	GLID
9754	N46AT	RV3
9757	N46AW	YK50
9758	N46AX	BE65
975A	N46AZ	RV3
975B	N46B	RV4
975C	N46BA	M20P
975D	N46BB	BE55
975E	N46BC	T206
975F	N46BD	BD4
9760	N46BE	C25A
9761	N46BF	RV8
9763	N46BH	CASS
9766	N46BL	M20P
976B	N46BR	BE20
976D	N46BT	RAF2
976F	N46BV	RV8
9770	N46BW	C510
9771	N46BX	RV10
9775	N46CA	C150
9776	N46CB	P32R
9777	N46CC	PA18
9778	N46CD	PA34
9779	N46CE	BE20
977A	N46CF	C56X
977D	N46CJ	CJ6
977E	N46CK	PRM1
977F	N46CL	B06
9780	N46CM	ST75
9782	N46CP	BE36
9784	N46CR	PA46
9785	N46CS	P210
9786	N46CT	GLST
9788	N46CV	BE9L
9789	N46CW	NAVI
978A	N46CX	RF10
978D	N46D	TBM7
978E	N46DA	RV4
9790	N46DC	EAGL
9794	N46DG	DHC2
9795	N46DH	RV3
9797	N46DK	EN48
9798	N46DL	RV4
9799	N46DM	BE58
979F	N46DT	M20P
97A3	N46DX	GLID
97A6	N46E	F2TH
97A7	N46EA	PA30
97A9	N46EC	M20P
97AB	N46EE	H500
97AC	N46EF	C82T
97AE	N46EH	PA46
97B1	N46EL	COY2
97B6	N46ER	PA23
97B7	N46ES	JABI
97B8	N46ET	CH80
97BB	N46EW	C25A
97BC	N46EX	E300
97BD	N46EY	TB30
97BE	N46EZ	VEZE
97BF	N46F	F2TH
97C0	N46FA	PA31
97C1	N46FB	C56X
97C2	N46FC	RV6
97CA	N46FL	P46T
97CC	N46FN	PTS1
97D8	N46G	BE33
97D9	N46GA	R44
97DE	N46GF	C25B
97DF	N46GG	R44
97E0	N46GH	GLIM
97E3	N46GL	P28A
97E4	N46GM	C150
97E8	N46GR	P46T
97E9	N46GS	GC1
97EA	N46GT	PA46
97EE	N46GX	GLEX
97F2	N46HA	F2TH
97F3	N46HB	F900
97F4	N46HC	RV3
97F5	N46HD	COL3
97FC	N46HL	PAY4
9802	N46HS	M20P
9805	N46HV	CRER
9806	N46HW	BE58
9807	N46HX	B407
9808	N46HY	HUSK
980C	N46JB	L5
980D	N46JC	PA46
980E	N46JD	GLID
980F	N46JE	RV6
9810	N46JF	C82R
9813	N46JJ	BE35
9814	N46JK	PA46
9815	N46JL	M20P
9816	N46JM	PRM1
9818	N46JP	QIC2
981A	N46JR	BPAT
981B	N46JS	CLON
981F	N46JW	C172
9820	N46JX	BE9T
9824	N46KA	BE30
9825	N46KB	RV6
9826	N46KC	PA46
982C	N46KJ	PA46
982D	N46KK	C525
982E	N46KL	RV6
9833	N46KR	EXPR
9837	N46KV	SR22
9838	N46KW	RELI
983C	N46L	BE20
983D	N46LA	PA46
9841	N46LE	BE36
9843	N46LG	RV8
9844	N46LH	SC7
9845	N46LJ	NAVI
9846	N46LK	GLID
984D	N46LS	GLID
984E	N46LT	TAYD
984F	N46LU	PA44
9853	N46LY	PA46
9855	N46M	PA24
9856	N46MA	BE65
9857	N46MB	PA46
9858	N46MC	B47G
9859	N46MD	P28A
985A	N46ME	P46T
985B	N46MF	LJ35
985C	N46MG	PA46
985F	N46MK	FA10
9861	N46MM	BE35
9863	N46MP	C72R
9865	N46MR	T210
9868	N46MU	EN28
9869	N46MV	S22T
986A	N46MW	LJ45
986C	N46MY	PA31
986F	N46NA	NAVI
9873	N46NE	C25C
987C	N46NP	PA11
9887	N46P	PA24
9888	N46PA	PA46
9889	N46PB	KR2
988A	N46PC	C210
988E	N46PG	C182
9890	N46PJ	C551
9891	N46PK	T206
9892	N46PL	P46T
9893	N46PM	PA46
9894	N46PN	TAIL
9895	N46PP	EAGL
9897	N46PR	TARR
9899	N46PT	PA46
989C	N46PW	PA46
98B9	N46R	F900
98BB	N46RB	SRAI
98BD	N46RD	L13M
98BE	N46RE	RV6
98BF	N46RF	DHC6
98C1	N46RH	J3
98C2	N46RJ	RV12
98C3	N46RK	C310
98C4	N46RL	CORS
98C5	N46RM	L13M
98C7	N46RP	BE9L
98C9	N46RR	PA32
98CA	N46RS	SA30
98CB	N46RT	GA6C
98CD	N46RV	RV6
98CE	N46RW	BIPL
98CF	N46RX	RV8
98D3	N46SA	SW3
98D4	N46SB	BE9L
98D5	N46SC	PA12
98D6	N46SD	PA23
98D7	N46SE	PA46
98D8	N46SF	FURY
98D9	N46SG	R44
98DA	N46SH	GLAS
98DB	N46SJ	TAYB
98DC	N46SK	FOX
98DD	N46SL	T6
98DE	N46SM	CL35
98E0	N46SP	H500
98E2	N46SR	JAB4
98EB	N46T	P46T
98EC	N46TA	C414
98ED	N46TB	ASTR
98EE	N46TC	TAYB
98EF	N46TD	PA46
98F0	N46TE	SR22
98F2	N46TG	J3
98F4	N46TJ	RV6
98F6	N46TL	LEG2
98F7	N46TM	O1
98FC	N46TS	PA15
9903	N46TZ	EAGL
9904	N46U	PA46
990C	N46UH	EC45
9916	N46UT	P28R
991E	N46VA	E145
991F	N46VB	T206
9922	N46VE	CL30
9925	N46VH	GLST
9927	N46VK	BE95
992F	N46VT	RV10
9930	N46VU	SR20
9938	N46WB	M20P
9939	N46WC	HA4T
993A	N46WD	B350
993B	N46WE	H25C
993C	N46WF	PA32
993E	N46WH	PA46
9942	N46WM	COZY
9947	N46WS	BE35
9948	N46WT	VR7
994D	N46WY	CL30
994F	N46X	BE20
9968	N46Y	ST75
996A	N46YB	GLAS
996B	N46YC	J3
9972	N46YK	YK18
9986	N46ZE	S22T
9999	N46ZZ	GAZL
999D	N460AB	P46T
999E	N460AC	CH7B
999F	N460AD	R66
99A0	N460AE	B06
99A5	N460AK	GLF4
99A8	N460AN	A21N
99B0	N460AW	CRJ2
99BB	N460BG	R66
99CF	N460CB	T206
99D0	N460CC	C185
99DF	N460CT	FDCT
99E8	N460DB	DHC2
99E9	N460DC	T206
99EC	N460DF	C130
99F4	N460DP	RV8
99FF	N460E	BE20
9A0B	N460EM	BE9L
9A0F	N460ER	C172
9A23	N460FL	P28A
9A2E	N460FX	GLF4
9A31	N460G	C172
9A39	N460GH	GLIM
9A53	N460HJ	EUPA
9A65	N460JB	LNC2
9A66	N460JC	HUSK
9A69	N460JF	PTS1
9A71	N460JP	LEG2
9A7C	N460K	BEAR
9A86	N460KK	P28R
9A9A	N460LE	R22
9AA1	N460LM	BL8
9AAD	N460LZ	LGEZ
9AAF	N460MA	DV20
9AB1	N460MC	LJ60
9AC0	N460MT	RV7
9ACE	N460NG	PC12
9ADC	N460NW	H60
9AE0	N460P	C82T
9AE1	N460PA	E120
9AE6	N460PF	P46T
9AE8	N460PH	M6
9AEC	N460PM	PC12
9B0A	N460QS	E55P
9B12	N460R	C82S
9B19	N460RG	C25C
9B1E	N460RM	C525
9B26	N460RV	C25A
9B2C	N460SA	R44
9B2D	N460SB	LJ35
9B33	N460SH	P46T
9B34	N460SJ	F2TH
9B40	N460SW	CRJ2
9B47	N460TC	PA34
9B4D	N460TJ	R44
9B50	N460TM	BE40
9B55	N460TS	DA42
9B56	N460TT	C25C
9B5E	N460UA	A320
9B65	N460UH	H60
9B6B	N460UP	B752
9B8F	N460W	C182
9B90	N460WA	DC4
9B9B	N460WM	B407
9B9C	N460WN	B737
9BA4	N460WW	PA46
9BA8	N460X	P28A
9BB6	N460XP	H60
9BC1	N460Y	G164
9BD1	N460YR	BE36
9BDA	N460Z	SM19
9BF3	N4600	VJ22
9BF5	N4600B	C180
9BF6	N4600C	C170
9BF8	N4600E	CH7A
9BFA	N4600G	TAIL
9BFB	N4600H	PA17
9BFC	N4600J	C172
9BFE	N4600L	C172
9C04	N4600S	BE36
9C05	N4600T	GLID
9C06	N4600U	T210
9C09	N4600X	C150
9C0A	N4600Y	DHC2
9C0D	N46001	C172
9C0F	N46003	C172
9C10	N46004	AR6T
9C13	N46007	RV10
9C18	N4601B	C180
9C1B	N4601E	C82R
9C1D	N4601G	C172
9C1E	N4601H	PA17
9C1F	N4601J	P28R
9C22	N4601M	GLIM
9C24	N4601P	PA23
9C26	N4601R	C72R
9C29	N4601U	C210
9C2A	N4601V	C72R
9C2B	N4601W	P210
9C2C	N4601X	C150
9C30	N46011	C172
9C33	N46014	AR6T
9C34	N46015	C172
9C36	N46017	C172
9C38	N46019	C172
9C3E	N4602E	CH7A
9C3F	N4602F	PA32
9C42	N4602J	P28R
9C45	N4602M	PA11
9C46	N4602N	ST75
9C4A	N4602S	C182
9C4B	N4602T	M4
9C4D	N4602V	MOR2
9C4E	N4602W	C182
9C51	N4602Z	PA22
9C52	N46020	C152
9C53	N46021	C152
9C55	N46023	S1
9C56	N46024	C172
9C58	N46026	AR6T
9C59	N46027	C172
9C5A	N46028	C172
9C5E	N4603B	C180
9C5F	N4603C	C170
9C65	N4603J	P28R
9C6C	N4603R	P28A
9C70	N4603V	MOR2
9C71	N4603W	AC11
9C72	N4603X	RV9
9C74	N4603Z	PA22
9C75	N46030	C172
9C76	N46031	C172
9C79	N46034	C152
9C7B	N46036	RV12
9C80	N4604A	BE36
9C82	N4604C	C170
9C87	N4604H	PA15
9C88	N4604J	P28R
9C8B	N4604M	PA11
9C8C	N4604N	C340
9C8E	N4604Q	T210
9C91	N4604T	M4
9C93	N4604V	C72R
9C94	N4604W	AC11
9C95	N4604X	RV9
9C98	N46040	AR6T
9C9D	N46045	CH75
9C9F	N46047	C172
9CA5	N4605C	C170
9CA7	N4605E	CH7A
9CA8	N4605F	C206
9CAA	N4605H	PA17
9CAB	N4605J	P28R
9CAE	N4605M	BE36
9CB1	N4605Q	C210
9CB2	N4605R	P28A
9CB5	N4605U	C180
9CB7	N4605W	AC11
9CB8	N4605X	C150
9CBF	N46054	C172
9CC0	N46055	C172
9CC1	N46056	C172
9CC2	N46057	C172
9CC3	N46058	AR6T
9CCE	N4606J	P28R
9CD1	N4606M	PA11
9CD4	N4606Q	C210
9CD5	N4606R	P28A
9CDA	N4606W	AC11
9CDB	N4606X	C150
9CDC	N4606Y	PA25
9CDE	N46060	C172
9CE1	N46063	C180
9CE2	N46064	AR6T
9CEC	N4607D	BE35
9CEE	N4607F	T206
9CF1	N4607J	P28R
9CF4	N4607M	BE58
9CF5	N4607N	BE17
9CF7	N4607Q	T210
9CF8	N4607R	P28A
9CFA	N4607T	M4
9CFB	N4607U	C180
9CFC	N4607V	P51
9CFD	N4607W	AC11
9CFE	N4607X	C150
9D01	N46070	TAYD
9D02	N46071	CH7A
9D03	N46072	C172
9D06	N46075	C152
9D09	N46078	C172
9D0A	N46079	TAYD
9D0C	N4608A	BE36
9D0E	N4608C	T210
9D0F	N4608D	BE35
9D10	N4608E	CH7A
9D11	N4608F	C206
9D18	N4608N	RELI
9D20	N4608W	AC11
9D23	N4608Z	PA22
9D25	N46081	TAYD
9D26	N46082	AR6T
9D29	N46085	C172
9D2B	N46087	C172
9D2D	N46089	TAYD
9D33	N4609E	CH7A
9D38	N4609K	NAVI
9D39	N4609L	C152
9D3A	N4609M	BE33
9D3D	N4609Q	C172
9D3F	N4609S	C182
9D40	N4609T	M4
9D41	N4609U	T206
9D43	N4609W	AC11
9D48	N46091	C172
9D49	N46092	C172
9D4A	N46093	TAYD
9D4E	N46097	TAYD
9D51	N461	BE35
9D52	N461A	BE35
9D54	N461AB	NAVI
9D55	N461AC	CH7B
9D5B	N461AJ	C82T
9D5F	N461AN	A21N
9D62	N461AR	GLF2
9D63	N461AS	B739
9D67	N461AW	CRJ2
9D6B	N461B	BE35
9D6D	N461BB	P46T
9D6E	N461BC	BE58
9D71	N461BF	AT8T
9D72	N461BG	CH7B
9D73	N461BH	GLIM
9D85	N461CA	GLST
9D86	N461CB	SF50
9D87	N461CC	UH1
9D88	N461CD	SR22
9D90	N461CM	C72R
9D92	N461CP	C172
9D96	N461CT	P28A
9D99	N461CW	FOX
9D9F	N461DB	CH75
9DA3	N461DF	BE20
9DA4	N461DG	RV12
9DA7	N461DK	PA46
9DA9	N461DM	BL8
9DAE	N461DS	DA40
9DB6	N461E	SR22
9DB7	N461EA	BE40
9DBB	N461EE	E545
9DC2	N461EM	WAIX
9DC4	N461EP	BE9L
9DC6	N461ER	C172
9DCD	N461EY	TUCA
9DDA	N461FL	FA20
9DDB	N461FM	COUR
9DE1	N461FT	B762
9DE5	N461FX	GLF4
9DEB	N461GC	C170
9DFA	N461GT	GLF4
9E01	N461H	R22
9E0F	N461HP	PA46
9E1A	N461J	TBM7
9E1B	N461JA	P46T
9E21	N461JG	RV6
9E28	N461JP	GLIM
9E58	N461LM	TBM7
9E61	N461LW	RV6
9E66	N461MA	MU2
9E67	N461MB	P32R
9E68	N461MC	LJ60
9E6C	N461MG	S22T
9E77	N461MT	EC35
9E7E	N461N	EA50
9E97	N461P	SR20
9E98	N461PA	DA42
9E9A	N461PC	PC12
9EA3	N461PM	PA12
9EA8	N461PS	C56X
9EC1	N461QS	GLF4
9ECA	N461RA	B06
9ED0	N461RG	BE9L
9ED5	N461RM	C172
9EE3	N461SA	AS50
9EE4	N461SB	PA46
9EEB	N461SJ	BE40
9EF0	N461SP	C172
9EF2	N461SR	SR22
9EF3	N461SS	BE35
9EF4	N461ST	RV6
9EF7	N461SW	CRJ2
9EFB	N461T	EXEC
9EFD	N461TB	PA46
9EFE	N461TC	C152
9F03	N461TH	DA42
9F04	N461TJ	C172
9F07	N461TM	PA46
9F15	N461UA	A320
9F22	N461UP	B752
9F33	N461VF	PA46
9F49	N461WC	TBM7
9F4D	N461WG	RV14
9F53	N461WN	B737
9F5B	N461WW	RC3
9F5D	N461WY	H46
9F5F	N461X	ONEX
9FAA	N4610	PIVI
9FAB	N4610A	C180
9FAC	N4610B	C180
9FAD	N4610C	C170
9FAE	N4610D	RV6
9FAF	N4610E	CH7A
9FB2	N4610H	PA17
9FB4	N4610K	P210
9FB5	N4610L	C172
9FB6	N4610M	PA11
9FB9	N4610Q	C172
9FBA	N4610R	P28A
9FBE	N4610V	ST75
9FC1	N4610Y	PA18
9FC2	N4610Z	PA22
9FC3	N46100	C172
9FC4	N46101	C172
9FC8	N46105	AR6T
9FCA	N46107	C172
9FCB	N46108	TAYD
9FCC	N46109	C172
9FCD	N4611	H46
9FD1	N4611D	AR11
9FD2	N4611E	C185
9FD3	N4611F	C206
9FD8	N4611L	C172
9FDA	N4611N	RELI
9FDD	N4611R	P28A
9FDF	N4611T	SBOY
9FE2	N4611W	AC11
9FE5	N4611Z	PA22
9FE6	N46110	EXEC
9FE7	N46111	TAYD
9FE8	N46112	TAYD
9FEA	N46114	AR6T
9FEB	N46115	C172
9FEE	N46118	C172
9FEF	N46119	C172
9FF1	N4612A	RC3
9FF2	N4612B	C180
9FF4	N4612D	C172
9FF8	N4612H	PA17
9FF9	N4612J	AT6T
9FFA	N4612K	P210
9FFB	N4612L	C172
9FFD	N4612N	BE17
A000	N4612R	RV12
A001	N4612S	BE35
A002	N4612T	M4
A003	N4612U	C180
A007	N4612Y	PA18
A00B	N46122	C172
A00D	N46124	AR6T
A00E	N46125	C172
A00F	N46126	C172
A010	N46127	C172
A011	N46128	C172
A015	N4613B	C180
A018	N4613E	AR11
A01E	N4613L	C172
A01F	N4613M	BE36
A022	N4613Q	C172
A024	N4613S	BE58
A025	N4613T	M4
A02C	N46130	C172
A02E	N46132	C172
A02F	N46133	C172
A030	N46134	C152
A031	N46135	C152
A034	N46138	C152
A038	N4614B	C152
A039	N4614C	C170
A03A	N4614D	BE35
A03E	N4614H	PA17
A03F	N4614J	P28R
A040	N4614K	P210
A041	N4614L	C172
A044	N4614P	PA23
A046	N4614R	C72R
A048	N4614T	M4
A04C	N4614X	C150
A050	N46141	S1
A052	N46143	C172
A053	N46144	C172
A055	N46146	C152
A056	N46147	TAYD
A058	N46149	TAYD
A05C	N4615C	BE9L
A061	N4615H	PA17
A065	N4615M	PA11
A069	N4615R	P28A
A06A	N4615S	BE58
A06E	N4615W	AC11
A06F	N4615X	T206
A070	N4615Y	PA18
A075	N46153	C172
A076	N46154	C172
A079	N46157	C172
A07A	N46158	C172
A07D	N4616A	C180
A07E	N4616B	C180
A07F	N4616C	T210
A080	N4616D	BE35
A084	N4616H	PA17
A086	N4616K	NAVI
A088	N4616M	PA11
A089	N4616N	DG15
A092	N4616X	C150
A093	N4616Y	PA18
A094	N4616Z	PA22
A096	N46161	C172
A098	N46163	C172
A09A	N464FX	GLF4
A09B	N46166	C172
A09C	N46167	C172
A09D	N46168	C172
A0A1	N4617B	C180
A0A2	N4617C	C210
A0A4	N4617E	C82R
A0A7	N4617H	PA17
A0AA	N4617L	C172
A0AC	N4617N	G44
A0AF	N4617R	P28A
A0B0	N4617S	C82R
A0B1	N4617T	M4
A0B4	N4617W	P210
A0BB	N46173	C180
A0BF	N46177	C172
A0C4	N4618B	C180
A0C7	N4618E	AC50
A0CA	N4618H	PA17
A0CD	N4618L	C172
A0CE	N4618M	BE58
A0D0	N4618P	C152
A0D4	N4618T	M4
A0D6	N4618V	MOR2
A0D7	N4618W	AC11
A0D8	N4618X	C150
A0D9	N4618Y	PA25
A0DA	N4618Z	PA22
A0DC	N46181	AR6T
A0DE	N46183	AR6T
A0E0	N46185	AR6T
A0E1	N46186	AR6T
A0E3	N46188	C172
A0E4	N46189	C172
A0E6	N4619A	C180
A0E7	N4619B	C180
A0E9	N4619D	BE35
A0ED	N4619H	PA17
A0F0	N4619L	C172
A0F1	N4619M	BE58
A0F5	N4619R	P28A
A0F7	N4619T	M4
A0FD	N4619Z	PA15
A103	N46195	C172
A105	N46197	FA62
A106	N46198	C172
A107	N46199	FA62
A109	N462A	C140
A10A	N462AA	A21N
A11A	N462AS	B739
A11E	N462AW	CRJ2
A122	N462B	C560
A123	N462BA	R44
A126	N462BD	RV9
A128	N462BF	J3
A129	N462BG	SF50
A134	N462BT	P28A
A13B	N462C	S108
A13C	N462CA	S22T
A13D	N462CB	PRM1
A13E	N462CC	UH1
A13F	N462CD	SR22
A144	N462CJ	C25B
A147	N462CM	B763
A149	N462CP	SR22
A155	N462DA	C337
A156	N462DB	HDJT
A15A	N462DF	C130
A15C	N462DH	PA31
A15E	N462DK	RS12
A160	N462DM	BE35
A17D	N462ER	C172
A191	N462FL	P28A
A19C	N462FX	GLF4
A1BB	N462HC	CB1
A1C6	N462HP	PA46
A1C9	N462HS	SR22
A1D3	N462JB	C82T
A1E2	N462JS	C208
A1ED	N462KC	B762
A206	N462LC	PA18
A215	N462LT	PA46
A21C	N462M	P46T
A21D	N462MA	MU2
A21F	N462MC	MUS2
A224	N462MH	EC45
A226	N462MK	GLF5
A22E	N462MT	TUCA
A236	N462NA	T28
A237	N462NB	B429
A24E	N462P	B407
A24F	N462PA	SB20
A251	N462PC	PC12
A252	N462PD	R66
A257	N462PJ	P46T
A260	N462PT	SR22
A267	N462Q	C150
A278	N462QS	E55P
A283	N462RC	C414
A294	N462RV	RV6
A2A7	N462SP	C172
A2AE	N462SW	TBM7
A2AF	N462SX	SONX
A2B2	N462T	CH7A
A2B5	N462TC	TAYB
A2BA	N462TH	DA40
A2BB	N462TJ	S22T
A2BE	N462TM	PA46
A2C2	N462TR	C172
A2C4	N462TT	PA23
A2C7	N462TW	RV7
A2CC	N462UA	A320
A2D9	N462UP	B752
A2F6	N462VT	C72R
A2FD	N462W	BE58
A300	N462WC	HUSK
A30A	N462WN	B737
A30B	N462WP	RV7
A312	N462WW	LNC4
A314	N462WY	H46
A316	N462X	P208
A324	N462XP	FA62
A335	N462YF	SONX
A348	N462Z	RV12
A361	N4620	SF50
A362	N4620A	BE56
A363	N4620B	C180
A364	N4620C	C170
A365	N4620D	BE35
A369	N4620H	PA15
A36B	N4620K	P210
A36D	N4620M	PA11
A36E	N4620N	C182
A377	N4620X	C150
A378	N4620Y	T210
A37A	N46200	C172
A37B	N46201	C172
A37C	N46202	C172
A37D	N46203	C172
A37F	N46205	C172
A384	N4621	V10
A386	N4621B	C152
A387	N4621C	C170
A388	N4621D	C172
A38C	N4621H	PA17
A38D	N4621J	P28R
A38F	N4621L	C172
A390	N4621M	BE58
A393	N4621Q	C210
A394	N4621R	P28A
A395	N4621S	C182
A396	N4621T	M4
A39C	N4621Z	PA22
A39D	N46210	C172
A3A1	N46214	C172
A3A2	N46215	TAYD
A3A3	N46216	TAYD
A3A6	N46219	C172
A3A8	N4622A	C180
A3AB	N4622D	BE35
A3AC	N4622E	AC80
A3B2	N4622L	C172
A3B4	N4622N	C182
A3B7	N4622R	P28A
A3BB	N4622V	J3
A3C1	N46221	C172
A3C4	N46224	TAYD
A3C6	N46226	C172
A3C7	N46227	C172
A3CA	N4623	G164
A3CB	N4623A	C180
A3CD	N4623C	C170
A3D0	N4623F	T206
A3D2	N4623H	PA17
A3D3	N4623J	P28R
A3D4	N4623K	NAVI
A3DC	N4623T	M4
A3E2	N4623Z	PA22
A3E3	N46230	C172
A3E4	N46231	C172
A3E7	N46234	PT22
A3F2	N4624E	CH7A
A3F5	N4624H	M20P
A3F6	N4624J	P28R
A3F7	N4624K	P210
A3F8	N4624L	C172
A3F9	N4624M	PA11
A3FC	N4624Q	C210
A3FF	N4624T	M4
A400	N4624U	C180
A401	N4624V	C72R
A402	N4624W	AC11
A404	N4624Y	PA25
A406	N46240	C172
A409	N46243	S1
A40A	N46244	TAYD
A40B	N46245	C172
A40C	N46246	C172
A40E	N46248	AR6T
A40F	N46249	C152
A412	N4625B	C208
A413	N4625C	C170
A417	N4625G	C172
A419	N4625J	P28R
A41A	N4625K	NAVI
A41C	N4625M	BE36
A41F	N4625Q	C210
A423	N4625U	C180
A425	N4625W	AC11
A427	N4625Y	PA25
A429	N46250	C172
A42A	N46251	C172
A42D	N46254	C172
A42E	N46255	C172
A42F	N46256	C172
A432	N46259	C152
A435	N4626B	C180
A437	N4626D	BE35
A438	N4626E	CH7A
A439	N4626F	C206
A43B	N4626H	M20P
A43C	N4626J	P28R
A43D	N4626K	P210
A43E	N4626L	C172
A441	N4626P	PA23
A443	N4626R	P28A
A44D	N46261	C152
A44E	N46262	C172
A451	N46265	C172
A452	N46266	TAYD
A453	N46267	C172
A454	N46268	TAYD
A455	N46269	C172
A458	N4627B	C180
A45A	N4627D	BE35
A45B	N4627E	CH7A
A45C	N4627F	P28A
A45E	N4627H	PA17
A460	N4627K	P210
A462	N4627M	PA11
A465	N4627Q	T210
A466	N4627R	P28A
A469	N4627U	T206
A46B	N4627W	AC11
A46D	N4627Y	PA18
A46E	N4627Z	PA22
A46F	N46270	TAYD
A471	N46272	TAYD
A472	N46273	T28
A474	N46275	C152
A475	N46276	C172
A47B	N4628B	C180
A47C	N4628C	C170
A47D	N4628D	BE35
A47E	N4628E	AR11
A481	N4628H	PA17
A482	N4628J	P28R
A485	N4628M	PA11
A489	N4628R	P28A
A48F	N4628X	C150
A491	N4628Z	PA22
A493	N46281	C172
A494	N46282	C172
A495	N46283	C172
A496	N46284	C172
A498	N46286	J3
A499	N46287	C172
A49A	N46288	C172
A49D	N4629A	C180
A4A0	N4629D	C172
A4A1	N4629E	CH7A
A4A2	N4629F	C206
A4A4	N4629H	PA17
A4A6	N4629K	P210
A4A7	N4629L	C172
A4AC	N4629R	P28A
A4B1	N4629W	AC11
A4B2	N4629X	C150
A4B3	N4629Y	PA25
A4B4	N4629Z	PA22
A4B6	N46291	C172
A4B7	N46292	C172
A4B8	N46293	C172
A4BA	N46295	C180
A4BB	N46296	BE17
A4BD	N46298	C180
A4BE	N46299	C172
A4C0	N463A	CHR1
A4C1	N463AA	A21N
A4CA	N463AK	FA10
A4D5	N463AW	CRJ2
A4FE	N463CM	C72R
A500	N463CP	C172
A504	N463CT	FDCT
A50A	N463CZ	LNC4
A50D	N463DB	C208
A511	N463DF	BE20
A512	N463DG	RV9
A517	N463DM	GP3
A51C	N463DS	R44
A534	N463ER	C172
A54F	N463FT	B762
A553	N463FX	GLF4
A556	N463G	WAIX
A57D	N463HP	PA46
A580	N463HS	ST75
A589	N463JA	C560
A596	N463JP	PA46
A599	N463JS	J3
A59A	N463JT	PC12
A5A1	N463K	BE35
A5A3	N463KB	BE58
A5A4	N463KC	PA46
A5B6	N463KW	RV7
A5BA	N463L	BE60
A5C6	N463LM	PA11
A5D3	N463M	C182
A5D4	N463MA	GLF4
A5DB	N463MH	H160
A638	N463RA	B06
A63B	N463RD	TBM7
A641	N463RK	RC3
A644	N463RN	P28R
A648	N463RS	BE9L
A64B	N463RV	RV7
A654	N463SD	GA5C
A659	N463SJ	BE40
A65A	N463SK	R44
A65E	N463SP	C172
A665	N463SW	CRJ2
A671	N463TH	DA40
A675	N463TM	C510
A683	N463UA	A320
A690	N463UP	B752
A69B	N463V	C25B
A6A7	N463VM	CJ6
A6AC	N463VS	C240
A6B1	N463VX	B734
A6B6	N463WB	PA46
A6C1	N463WN	B737
A6CB	N463WY	H46
A718	N4630	G164
A71D	N4630E	CH7A
A721	N4630J	C172
A722	N4630K	C182
A724	N4630M	PA11
A725	N4630N	C402
A726	N4630P	PA23
A728	N4630R	P28A
A72A	N4630T	P28A
A72C	N4630V	MOR2
A730	N4630Z	PA22
A731	N46300	C180
A733	N46302	C172
A734	N46303	C172
A735	N46304	J3
A738	N46307	C172
A739	N46308	C152
A73A	N46309	C172
A73D	N4631B	C152
A73E	N4631C	T210
A743	N4631H	PA17
A744	N4631J	P28R
A746	N4631L	C172
A747	N4631M	PA11
A74C	N4631S	C182
A74E	N4631U	C180
A756	N46312	C172
A759	N46315	C172
A75B	N46317	C180
A760	N4632B	C180
A761	N4632C	C170
A764	N4632F	P28A
A767	N4632J	P28R
A76C	N4632P	GLID
A76E	N4632R	P28A
A774	N4632X	C150
A779	N46322	C172
A77A	N46323	C172
A77B	N46324	C172
A77C	N46325	C172
A789	N4633H	PA17
A78A	N4633J	C172
A78B	N4633K	C182
A78D	N4633M	BE33
A790	N4633Q	C172
A792	N4633S	C182
A79D	N46333	S1
A79E	N46334	C172
A7A0	N46336	S1
A7A2	N46338	C172
A7A5	N4634A	C180
A7A6	N4634B	C180
A7A7	N4634C	C170
A7A8	N4634D	C172
A7A9	N4634E	CH7A
A7AA	N4634F	C206
A7AF	N4634L	C172
A7B0	N4634M	BE35
A7B4	N4634R	P28A
A7B9	N4634W	AC11
A7BF	N46342	C172
A7C0	N46343	QUIC
A7C1	N46344	C172
A7C2	N46345	C172
A7C3	N46346	C172
A7C6	N46349	C172
A7C8	N4635A	C180
A7C9	N4635B	C180
A7CA	N4635C	C170
A7CB	N4635D	C172
A7CC	N4635E	CH7A
A7CE	N4635G	C414
A7CF	N4635H	PA17
A7D1	N4635K	C172
A7D2	N4635L	C152
A7D7	N4635R	P28A
A7DC	N4635W	AC11
A7E1	N46351	C172
A7E2	N46352	C172
A7E4	N46354	SPHA
A7E5	N46355	C172
A7E7	N46357	KR2
A7EB	N4636A	C180
A7EC	N4636B	C180
A7ED	N4636C	C170
A7EE	N4636D	BE35
A7F0	N4636F	P28A
A7F4	N4636K	P210
A7F6	N4636M	PA11
A7FD	N4636U	C210
A802	N4636Z	PA22
A803	N46360	C172
A804	N46361	FOX
A805	N46362	SYMP
A809	N46366	C152
A80B	N46368	NAVI
A80E	N4637A	BE35
A80F	N4637B	C180
A810	N4637C	C170
A814	N4637G	C172
A816	N4637J	P28R
A81A	N4637N	ST75
A81D	N4637R	P28A
A81F	N4637T	GLID
A820	N4637U	T206
A821	N4637V	MOR2
A822	N4637W	AC11
A826	N46370	C152
A82A	N46374	C172
A82E	N46378	C172
A831	N4638A	BE95
A835	N4638E	C185
A836	N4638F	C206
A839	N4638J	P28R
A83C	N4638M	PA11
A83D	N4638N	DG15
A83E	N4638P	PA23
A844	N4638V	MOR2
A845	N4638W	AC11
A846	N4638X	C150
A849	N46380	NAVI
A84A	N46381	C172
A84B	N46382	C172
A84E	N46385	C172
A852	N46389	FA62
A855	N4639B	C180
A856	N4639C	C170
A85B	N4639H	PA17
A85D	N4639K	C182
A85E	N4639L	C172
A862	N4639Q	C210
A863	N4639R	P28A
A867	N4639V	MOR2
A868	N4639W	AC11
A869	N4639X	C150
A86A	N4639Y	PA18
A86C	N46390	C172
A86D	N46391	C172
A86E	N46392	C172
A872	N46396	C172
A875	N46399	C172
A876	N464	PA38
A877	N464A	B407
A878	N464AA	A21N
A87A	N464AC	SR20
A87C	N464AE	B06
A87E	N464AG	COL4
A881	N464AK	GLIM
A883	N464AM	MU30
A888	N464AS	B739
A88C	N464AW	CRJ2
A891	N464BA	A5
A893	N464BC	FA62
A898	N464BH	C25A
A8A9	N464C	P46T
A8AA	N464CA	P32R
A8AB	N464CB	RV8
A8AD	N464CD	SR20
A8B5	N464CM	C72R
A8B7	N464CP	RV9
A8BA	N464CS	C82T
A8C3	N464DA	DV20
A8C4	N464DB	C172
A8C5	N464DC	C421
A8CE	N464DM	RV6
A8D3	N464DS	DA40
A8DC	N464EA	BE58
A8E2	N464EG	C25C
A8E3	N464EH	RV6
A8E7	N464EM	RV4
A8EB	N464ER	C172
A8F4	N464F	C82T
A90F	N464GB	SONX
A91D	N464GR	GLF6
A91E	N464GS	T206
A926	N464H	C82T
A934	N464HP	P46T
A937	N464HS	RV6
A93F	N464J	C82T
A941	N464JB	PA46
A945	N464JF	PA46
A950	N464JS	HROC
A958	N464K	C82S
A95A	N464KB	S22T
A95B	N464KC	B762
A971	N464L	C82T
A973	N464LB	PA46
A97C	N464LL	HIGH
A97F	N464LP	PIAT
A98A	N464M	SR22
A98B	N464MA	C82S
A98D	N464MC	B744
A98F	N464ME	ERCO
A991	N464MG	SR20
A992	N464MH	EC45
A99B	N464MS	RV4
A9A3	N464N	TL20
A9A5	N464NB	GLIM
A9B8	N464NW	H60
A9BC	N464P	BE35
A9BD	N464PA	P46T
A9BF	N464PC	SR22
A9C0	N464PD	PA23
A9C3	N464PG	EA50
A9C8	N464PM	T206
A9E6	N464QS	E55P
A9EE	N464R	C182
A9F0	N464RB	BE95
A9F8	N464RK	P46T
A9F9	N464RL	RV10
A9FA	N464RM	AS50
AA00	N464RT	P46T
AA07	N464S	GLST
AA08	N464SA	C140
AA0A	N464SC	BL8
AA0D	N464SF	B407
AA13	N464SM	PA46
AA15	N464SP	PA32
AA17	N464SR	BE33
AA1C	N464SW	CRJ2
AA20	N464T	C68A
AA21	N464TA	C82T
AA28	N464TH	DA40
AA2C	N464TM	SREY
AA32	N464TT	PC12
AA35	N464TW	CJ6
AA39	N464U	P46T
AA3A	N464UA	A320
AA47	N464UP	B752
AA52	N464V	BE95
AA55	N464VC	T34T
AA5C	N464VK	TUCA
AA6C	N464WA	C25M
AA6D	N464WB	RV4
AA73	N464WH	S22T
AA78	N464WN	B737
AA7D	N464WT	C172
AA82	N464WY	H46
AA84	N464X	SREY
AA9D	N464Y	G164
AAA1	N464YD	T34T
AAC2	N464ZM	FA62
AAD1	N4640B	C152
AAD4	N4640E	C185
AAD5	N4640F	C206
AAD6	N4640G	C414
AAD8	N4640J	C172
AAD9	N4640K	C182
AADB	N4640M	COZY
AADD	N4640P	FB1A
AADF	N4640R	P28A
AAE0	N4640S	BE35
AAE3	N4640V	MOR2
AAE4	N4640W	AC11
AAE5	N4640X	C150
AAE7	N4640Z	PA22
AAE9	N46401	C172
AAEC	N46404	C172
AAF4	N4641B	C180
AAF5	N4641C	C170
AAF8	N4641F	P28R
AAFB	N4641J	P28R
AAFD	N4641L	C172
AAFF	N4641N	DG15
AB00	N4641P	C152
AB01	N4641Q	C172
AB02	N4641R	P28A
AB0A	N4641Z	PA22
AB0B	N46410	C172
AB0E	N46413	C152
AB10	N46415	C172
AB13	N46418	C172
AB14	N46419	C172
AB17	N4642B	C180
AB1A	N4642E	CH7A
AB1D	N4642H	PA17
AB20	N4642L	C172
AB21	N4642M	PA11
AB22	N4642N	ST75
AB25	N4642R	P28A
AB26	N4642S	AVID
AB27	N4642T	PA11
AB28	N4642U	C180
AB2A	N4642W	AC11
AB2C	N4642Y	PA25
AB2E	N46420	C172
AB34	N46426	RV8
AB37	N46429	J3
AB3A	N4643B	C180
AB3D	N4643E	CH7A
AB3E	N4643F	P28R
AB40	N4643H	PA17
AB44	N4643M	PA11
AB4E	N4643X	C150
AB51	N46430	C172
AB54	N46433	C172
AB55	N46434	DFLY
AB56	N46435	C172
AB57	N46436	C172
AB58	N46437	C172
AB5C	N4644A	C180
AB5E	N4644C	C185
AB5F	N4644D	BE35
AB61	N4644F	C206
AB63	N4644H	M20P
AB64	N4644J	C172
AB69	N4644P	PA23
AB6A	N4644Q	C152
AB6C	N4644S	GLID
AB6E	N4644U	T210
AB6F	N4644V	MOR2
AB72	N4644Y	PA18
AB76	N46442	C172
AB7B	N46447	C172
AB7D	N46449	C172
AB7E	N4645	TAIL
AB80	N4645B	C180
AB82	N4645D	BE35
AB84	N4645F	T206
AB85	N4645G	C414
AB86	N4645H	PA17
AB87	N4645J	P28R
AB88	N4645K	C182
AB8A	N4645M	PA11
AB8E	N4645R	P28A
AB93	N4645W	AC11
AB97	N46450	J3
AB9E	N46457	C172
ABA2	N4646A	C180
ABA4	N4646C	C185
ABA6	N4646E	CH7A
ABA8	N4646G	PA46
ABA9	N4646H	C82R
ABAA	N4646J	P28R
ABAB	N4646K	C182
ABAD	N4646M	FOX
ABAE	N4646N	DG15
ABB1	N4646R	P28A
ABB5	N4646V	MOR2
ABBA	N46460	C172
ABC1	N46467	C172
ABC5	N4647A	C180
ABC7	N4647C	C170
ABC8	N4647D	BE35
ABCC	N4647H	PA17
ABCF	N4647L	C172
ABD3	N4647Q	RV7
ABD4	N4647R	RV12
ABD5	N4647S	BE95
ABDD	N46470	C172
ABDE	N46471	J3
ABDF	N46472	FOX
ABE0	N46473	C152
ABE1	N46474	C172
ABE4	N46477	J3
ABE8	N4648A	P210
ABEA	N4648C	T210
ABEC	N4648E	C82R
ABED	N4648F	C206
ABF0	N4648J	P28R
ABF2	N4648L	C25M
ABF8	N4648S	BE36
ABFD	N4648X	C150
AC04	N46484	C172
AC06	N46486	C172
AC07	N46487	C152
AC09	N46489	J3
AC0C	N4649B	C180
AC0E	N4649D	BE35
AC0F	N4649E	C185
AC16	N4649M	C152
AC19	N4649Q	C172
AC1A	N4649R	P28A
AC1B	N4649S	C182
AC1C	N4649T	C82R
AC1D	N4649U	T206
AC26	N46493	C172
AC28	N46495	C172
AC2A	N46497	C172
AC2C	N46499	FA24
AC31	N465AC	BL8
AC33	N465AE	B06
AC3A	N465AM	C210
AC3B	N465AN	A21N
AC3F	N465AS	DA42
AC43	N465AW	CRJ2
AC48	N465BA	A5
AC51	N465BK	BE20
AC55	N465BP	P46T
AC5C	N465BW	D7
AC60	N465C	HUSK
AC61	N465CA	C72R
AC62	N465CB	GLID
AC63	N465CC	PA11
AC65	N465CE	DA62
AC67	N465CG	C182
AC69	N465CJ	P28A
AC6C	N465CM	C72R
AC6E	N465CP	SR22
AC71	N465CS	T206
AC72	N465CT	C182
AC75	N465CW	C310
AC7C	N465DC	CJ6
AC7F	N465DF	C130
AC80	N465DG	EA50
AC84	N465DL	C310
AC8A	N465DS	DA40
AC94	N465EB	SR22
AC9E	N465EM	BE35
ACA2	N465ER	C172
ACAC	N465FA	P28A
ACB6	N465FL	BE40
ACC1	N465FX	GLF4
ACE0	N465HC	COL4
ACE9	N465HM	C180
ACF6	N465J	S22T
ACF9	N465JC	JSX
AD00	N465JK	C525
AD11	N465KB	RV10
AD12	N465KC	BE9L
AD21	N465KT	PULS
AD41	N465M	YK52
AD42	N465MA	P46T
AD44	N465MC	B744
AD46	N465ME	P46T
AD4D	N465MM	RV14
AD5A	N465N	BE65
AD5F	N465NE	B407
AD73	N465P	B407
AD74	N465PA	E120
AD78	N465PE	BE95
AD79	N465PF	PA18
AD88	N465PW	GLID
AD8C	N465Q	C172
AD90	N465QD	PC12
ADA8	N465RC	SSTL
ADAB	N465RF	C25C
ADBF	N465SA	BE36
ADC6	N465SH	T6
ADC8	N465SK	P46T
ADCA	N465SM	CRJ2
ADCB	N465SN	H60
ADCC	N465SP	K100
ADCE	N465SR	SR22
ADD3	N465SW	CRJ2
ADD8	N465TA	BE9L
ADE3	N465TM	BE40
ADE5	N465TP	P46T
ADEC	N465TW	B732
ADF1	N465UA	A320
ADFE	N465UP	B752
AE01	N465US	DV20
AE0C	N465VC	CL30
AE14	N465VL	S92
AE2F	N465WN	B737
AE85	N465ZZ	WAIX
AE88	N4650B	C180
AE89	N4650C	C170
AE8A	N4650D	C172
AE8F	N4650J	P28R
AE92	N4650M	PA11
AE94	N4650P	PA23
AE97	N4650S	BE95
AE9A	N4650V	BE35
AE9C	N4650X	C150
AEA1	N46502	PT22
AEA2	N46503	PT22
AEA7	N46508	TAYD
AEAB	N4651B	BE35
AEAC	N4651C	P51
AEAD	N4651D	C172
AEB0	N4651G	C172
AEB2	N4651J	P28R
AEB6	N4651N	C182
AEBA	N4651S	BE36
AEC2	N46510	C172
AEC3	N46511	C172
AEC4	N46512	C172
AEC5	N46513	AR6T
AEC6	N46514	C172
AEC7	N46515	AR6T
AECA	N46518	C172
AECB	N46519	C172
AED0	N4652D	BE35
AED1	N4652E	CH7A
AED3	N4652G	C172
AEDC	N4652R	P28A
AEE3	N4652Y	PA25
AEE4	N4652Z	PA22
AEE6	N46521	C172
AEE9	N46524	C180
AEEA	N46525	C172
AEEB	N46526	C172
AEEE	N46529	C172
AEF0	N4653A	C180
AEF3	N4653D	BE35
AEF4	N4653E	CH7A
AEF7	N4653H	PA17
AEF8	N4653J	P28R
AEF9	N4653K	C172
AEFA	N4653L	C152
AEFB	N4653M	PA11
AEFE	N4653Q	T210
AEFF	N4653R	P28A
AF03	N4653V	C72R
AF05	N4653X	C150
AF08	N46530	C172
AF09	N46531	C172
AF0A	N46532	C172
AF0C	N46534	C172
AF0D	N46535	C180
AF0E	N46536	C152
AF10	N46538	AR6T
AF11	N46539	C172
AF13	N4654A	C180
AF14	N4654B	C152
AF15	N4654C	C170
AF17	N4654E	CH7A
AF1A	N4654H	PA15
AF1B	N4654J	MA5
AF1C	N4654K	C182
AF1E	N4654M	M20P
AF21	N4654Q	C210
AF22	N4654R	P28A
AF24	N4654T	C182
AF26	N4654V	C170
AF28	N4654X	C150
AF2A	N4654Z	PA22
AF2B	N46540	C172
AF2C	N46541	C152
AF2E	N46543	C172
AF2F	N46544	TAYD
AF30	N46545	C172
AF32	N46547	SBOY
AF34	N46549	C172
AF36	N4655A	C180
AF37	N4655B	C208
AF38	N4655C	C170
AF3A	N4655E	C82R
AF3D	N4655H	C152
AF43	N4655P	C152
AF45	N4655R	P28A
AF4A	N4655W	AC11
AF4C	N4655Y	DSA1
AF4E	N46550	C172
AF4F	N46551	C172
AF50	N46552	C172
AF51	N46553	C152
AF54	N46556	C172
AF55	N46557	ST75
AF56	N46558	C172
AF5B	N4656C	C170
AF5C	N4656D	BE35
AF5E	N4656F	C206
AF5F	N4656G	CH7A
AF61	N4656J	P28R
AF62	N4656K	P210
AF63	N4656L	C172
AF68	N4656R	P28A
AF69	N4656S	C82R
AF6C	N4656V	C72R
AF6D	N4656W	AC11
AF72	N46561	C172
AF74	N46563	C180
AF78	N46567	C172
AF7C	N4657A	BE58
AF7D	N4657B	C180
AF7E	N4657C	C170
AF7F	N4657D	BE35
AF80	N4657E	CH7A
AF81	N4657F	C206
AF82	N4657G	C172
AF84	N4657J	P28R
AF8A	N4657Q	C172
AF8C	N4657S	C182
AF91	N4657X	C150
AF93	N4657Z	PA22
AF94	N46570	C172
AF97	N46573	C172
AF98	N46574	C152
AF9F	N4658A	C180
AFA0	N4658B	C152
AFA2	N4658D	BE35
AFA3	N4658E	AR11
AFA4	N4658F	C206
AFA5	N4658G	C172
AFA9	N4658L	C172
AFAA	N4658M	PA11
AFAE	N4658R	P28A
AFB3	N4658W	AC11
AFB8	N46581	C172
AFB9	N46582	FOX
AFBB	N46584	C172
AFBD	N46586	C172
AFBE	N46587	TAYD
AFC0	N46589	AR6T
AFC1	N4659	L13M
AFC4	N4659C	C170
AFC5	N4659D	BE35
AFC6	N4659E	CH7A
AFC8	N4659G	C172
AFC9	N4659H	PA15
AFD0	N4659Q	C172
AFD1	N4659R	P28A
AFDA	N46590	ST75
AFDC	N46592	ST75
AFDD	N46593	C172
AFDF	N46595	AR6T
AFE7	N466AB	P46T
AFE8	N466AC	S22T
AFED	N466AH	EC35
AFEF	N466AK	PA12
AFF1	N466AM	SR20
AFF2	N466AN	A21N
AFF3	N466AP	E55P
AFFA	N466AW	CRJ2
AFFF	N466BA	A5
B001	N466BC	K100
B006	N466BH	BEAR
B017	N466C	S108
B018	N466CA	C402
B01A	N466CC	T206
B01B	N466CD	SR22
B01C	N466CE	SR22
B020	N466CJ	C25A
B023	N466CM	C72R
B025	N466CP	P46T
B029	N466CT	FDCT
B032	N466DB	R66
B033	N466DC	MU2
B04A	N466EA	BE36
B059	N466ER	C172
B062	N466F	C25B
B078	N466FX	GLF4
B07B	N466G	BE35
B07C	N466GA	GLF4
B083	N466GH	B407
B0AF	N466JB	F2TH
B0C2	N466JW	C421
B0C6	N466K	BE35
B0E0	N466LA	R66
B0E8	N466LJ	LJ45
B0F0	N466LS	BE35
B0FC	N466MD	E300
B100	N466MH	EC45
B10A	N466MT	TUCA
B10D	N466MW	BE20
B117	N466NF	R66
B12A	N466P	C310
B131	N466PG	RV6
B13B	N466PS	DA40
B13F	N466PW	R66
B143	N466Q	C310
B154	N466QS	E55P
B15C	N466R	R66
B15F	N466RC	BE55
B166	N466RK	R66
B176	N466SA	SB7
B178	N466SC	BL8
B17C	N466SG	C550
B17D	N466SH	PA44
B181	N466SM	C441
B183	N466SP	K100
B185	N466SR	C172
B18A	N466SW	CRJ2
B18B	N466SX	SONX
B18F	N466TA	C172
B191	N466TC	M20P
B19A	N466TM	C130
B1A8	N466UA	A320
B1B5	N466UP	B752
B1BB	N466UV	PA44
B1E5	N466WM	R44
B1E6	N466WN	B737
B222	N466YY	PTS1
B235	N466ZS	RV6
B23E	N4660A	C180
B23F	N4660B	C180
B241	N4660D	BE35
B242	N4660E	CH7A
B244	N4660G	C172
B245	N4660H	PA17
B246	N4660J	C188
B247	N4660K	C182
B248	N4660L	C172
B24A	N4660N	C182
B24D	N4660R	P28A
B24E	N4660S	GLID
B24F	N4660T	BIPL
B253	N4660X	C150
B256	N46600	C172
B257	N46601	C172
B25E	N46608	AR6T
B25F	N46609	AR6T
B261	N4661A	C180
B262	N4661B	C152
B263	N4661C	C185
B264	N4661D	BE35
B267	N4661G	C172
B268	N4661H	PA17
B269	N4661J	P28R
B26B	N4661L	C172
B26C	N4661M	BE36
B26F	N4661Q	C152
B270	N4661R	P28A
B272	N4661T	C82R
B276	N4661X	C150
B278	N4661Z	T206
B27B	N46612	C172
B27C	N46613	C172
B27E	N46615	C172
B27F	N46616	C172
B280	N46617	T50
B285	N4662B	C208
B286	N4662C	C170
B287	N4662D	BE35
B288	N4662E	C82R
B28A	N4662G	C172
B28C	N4662J	P28R
B28E	N4662L	C172
B291	N4662P	PA23
B296	N4662U	C180
B29B	N4662Z	PA22
B29C	N46620	C172
B29D	N46621	C172
B29E	N46622	C172
B2A0	N46624	C172
B2A2	N46626	GLID
B2A3	N46627	GLID
B2A5	N46629	C172
B2A9	N4663C	C185
B2AE	N4663H	PA15
B2AF	N4663J	P28R
B2B1	N4663L	C172
B2B2	N4663M	PA11
B2B6	N4663R	P28A
B2B7	N4663S	GLID
B2BB	N4663W	AC11
B2BE	N4663Z	PA22
B2C0	N46631	C172
B2C1	N46632	C172
B2C3	N46634	AR6T
B2C5	N46636	C172
B2C7	N46638	C172
B2CB	N4664B	C180
B2D0	N4664G	C172
B2D1	N4664H	PA17
B2D2	N4664J	P28R
B2D3	N4664K	CH7A
B2D4	N4664L	C172
B2D8	N4664Q	C172
B2D9	N4664R	P28A
B2DA	N4664S	C182
B2E1	N4664Z	PA22
B2E2	N46640	C172
B2E4	N46642	C172
B2E5	N46643	C172
B2E6	N46644	C152
B2E7	N46645	C172
B2EA	N46648	C152
B2EB	N46649	C152
B2ED	N4665A	C180
B2EF	N4665C	T206
B2F0	N4665D	BE35
B2F2	N4665F	P28R
B2F4	N4665H	M20P
B2F5	N4665J	P28R
B2FC	N4665R	P28A
B305	N46650	TAYD
B307	N46652	C172
B309	N46654	C172
B30A	N46655	C172
B30C	N46657	C152
B30E	N46659	TAYD
B311	N4666B	C180
B312	N4666C	C170
B313	N4666D	BE35
B314	N4666E	CH7A
B316	N4666G	C172
B317	N4666H	PA17
B318	N4666J	P28R
B31A	N4666L	C172
B31B	N4666M	PA18
B31C	N4666N	C414
B322	N4666U	C180
B323	N4666V	C72R
B325	N4666X	C150
B328	N46660	C150
B329	N46661	C172
B32A	N46662	H500
B32D	N46665	TAYD
B32F	N46667	TAYD
B330	N46668	C172
B334	N4667B	C208
B335	N4667C	C170
B337	N4667E	CH7A
B33A	N4667H	M20P
B33C	N4667K	C182
B33D	N4667L	C172
B33E	N4667M	PA11
B342	N4667R	P28A
B343	N4667S	C182
B344	N4667T	SA7
B34E	N46673	CH60
B350	N46675	C172
B352	N46677	C172
B353	N46678	BDOG
B355	N4668	WACO
B358	N4668C	C170
B35D	N4668H	M20P
B361	N4668M	BE36
B362	N4668N	C414
B364	N4668Q	T210
B36A	N4668W	AC11
B372	N46684	CH70
B374	N46686	C180
B375	N46687	C172
B379	N4669A	C152
B37A	N4669B	C180
B37B	N4669C	C170
B37C	N4669D	C172
B381	N4669J	P28R
B38B	N4669U	T206
B38E	N4669X	C150
B38F	N4669Y	PA25
B395	N46694	C172
B396	N46695	RV8
B397	N46696	C172
B39A	N46699	TAYD
B39B	N467	BE35
B39C	N467A	P28A
B39F	N467AC	CH7A
B3A1	N467AE	B06
B3A7	N467AL	A21N
B3A8	N467AM	GLF2
B3AD	N467AS	B739
B3B1	N467AW	CRJ2
B3B6	N467BA	A5
B3CE	N467C	SA30
B3CF	N467CA	SR20
B3D2	N467CD	SR22
B3DA	N467CM	C72R
B3DC	N467CP	A139
B3DF	N467CS	C212
B3E0	N467CT	FDCT
B3E7	N467D	CH7A
B3E9	N467DB	C340
B3EA	N467DC	DV20
B3ED	N467DF	C337
B3EF	N467DH	C210
B3F1	N467DK	GLAS
B3F3	N467DM	C421
B3F8	N467DS	DA40
B410	N467ER	C172
B42F	N467FX	GLF4
B433	N467GA	GLF4
B442	N467GR	ACRO
B44C	N467HA	R44
B46D	N467JJ	CH7A
B46E	N467JK	PA23
B480	N467KC	CH7A
B48E	N467KS	DC3T
B498	N467LB	RV7
B4B0	N467MA	MU2
B4B2	N467MC	H269
B4B7	N467MH	EC45
B4C0	N467MS	E55P
B4C4	N467MW	G280
B4E1	N467P	B407
B4E9	N467PH	B407
B4F2	N467PS	M20P
B4F9	N467PZ	P210
B4FA	N467Q	C172
B527	N467RV	RV7
B52D	N467SA	SKAR
B52F	N467SC	CRUZ
B530	N467SD	CH60
B533	N467SG	Q9
B53A	N467SP	DC3
B545	N467T	BE95
B547	N467TB	TRDO
B54B	N467TF	SA10
B556	N467TS	C82T
B55A	N467TW	B732
B55F	N467UA	A320
B56C	N467UP	B752
B59D	N467WN	B737
B59E	N467WP	ST75
B5A5	N467WW	UH1
B5FB	N4670G	C172
B5FE	N4670K	C182
B605	N4670S	C182
B608	N4670V	C72R
B609	N4670W	AC11
B610	N46703	C172
B611	N46704	C172
B615	N46708	C172
B616	N46709	C172
B619	N4671B	C180
B61A	N4671C	C170
B61E	N4671G	C172
B61F	N4671H	M20P
B620	N4671J	P28R
B621	N4671K	P210
B622	N4671L	C172
B626	N4671Q	T210
B627	N4671R	P28A
B630	N46710	C172
B633	N46713	C172
B635	N46715	C172
B638	N46718	C172
B639	N46719	C172
B63B	N4672A	C180
B63C	N4672B	C180
B63D	N4672C	C170
B63F	N4672E	CH7A
B640	N4672F	C206
B642	N4672H	M20P
B644	N4672K	P210
B649	N4672Q	C172
B64E	N4672V	ST75
B650	N4672X	C150
B653	N46720	C172
B654	N46721	C172
B655	N46722	C172
B657	N46724	C172
B659	N46726	C172
B65B	N46728	FA62
B65C	N46729	C172
B65D	N4673	G164
B65F	N4673B	C180
B663	N4673F	C206
B664	N4673G	Z26
B669	N4673M	PA11
B66A	N4673N	C182
B66D	N4673R	P28A
B66E	N4673S	BE36
B66F	N4673T	SA3
B670	N4673U	C180
B673	N4673X	C150
B675	N4673Z	PA22
B676	N46730	C172
B677	N46731	C172
B679	N46733	C152
B67B	N46735	J3
B67C	N46736	C172
B67D	N46737	C172
B680	N4674	C680
B682	N4674B	C208
B683	N4674C	C170
B685	N4674E	C82R
B686	N4674F	CJ6
B688	N4674H	PA15
B689	N4674J	C172
B68C	N4674M	BE95
B68D	N4674N	C340
B691	N4674S	C182
B693	N4674U	T210
B696	N4674X	C150
B698	N4674Z	PA22
B699	N46740	C172
B69B	N46742	C172
B69C	N46743	C172
B69D	N46744	C172
B69F	N46746	C172
B6A1	N46748	C152
B6A6	N4675C	C185
B6A7	N4675D	BE35
B6A8	N4675E	C82R
B6A9	N4675F	C172
B6AB	N4675H	PA17
B6AC	N4675J	P28R
B6AF	N4675M	BE60
B6B0	N4675N	DG15
B6B3	N4675R	P28A
B6BD	N46751	PT22
B6C8	N4676B	C180
B6CC	N4676F	P28A
B6CE	N4676H	PA17
B6D4	N4676P	PA23
B6D7	N4676S	GLID
B6DB	N4676W	AC11
B6DE	N4676Z	PA22
B6DF	N46760	PA18
B6E1	N46762	C152
B6E3	N46764	PA18
B6E4	N46765	T211
B6E7	N46768	AR6T
B6EC	N4677C	C170
B6ED	N4677D	BE35
B6EE	N4677E	CH7A
B6F4	N4677L	C172
B6F5	N4677M	PA11
B6F6	N4677N	C414
B6F8	N4677Q	C210
B6F9	N4677R	P28A
B6FF	N4677X	C150
B702	N46770	ZERO
B705	N46773	PA18
B707	N46775	PA18
B709	N46777	J3
B70A	N46778	KR2
B70B	N46779	J3
B70D	N4678A	BE36
B70E	N4678B	C180
B710	N4678D	BE35
B711	N4678E	CH7A
B712	N4678F	C206
B716	N4678K	C182
B718	N4678M	PA11
B71B	N4678Q	T210
B71D	N4678S	GLID
B71E	N4678T	C82R
B724	N4678Z	PA22
B726	N46781	CAMP
B72B	N46786	J3
B730	N4679A	C180
B732	N4679C	C170
B734	N4679E	CH7A
B737	N4679H	M20P
B73A	N4679L	C172
B742	N4679U	C180
B744	N4679W	AC11
B745	N4679X	C150
B746	N4679Y	T210
B750	N46798	PA18
B752	N468	M6
B753	N468A	BE35
B75A	N468AG	RV8
B75D	N468AK	PA18
B75E	N468AL	L8
B75F	N468AM	F2TH
B760	N468AN	A21N
B764	N468AS	B739
B768	N468AW	CRJ2
B769	N468AX	B763
B76C	N468B	BE35
B76D	N468BA	A5
B76F	N468BC	AA5
B770	N468BD	B732
B780	N468DB	BE20
B785	N468C	P68
B786	N468CA	CRJ2
B787	N468CB	PA11
B788	N468CC	C182
B789	N468CD	SR22
B78A	N468CE	CL35
B791	N468CM	C72R
B797	N468CT	FDCT
B799	N468CV	SF50
B79A	N468CW	CLON
B79F	N468DA	M20P
B7A0	PP-JSL	BE58
B7A1	N468DC	T206
B7A3	N468DE	C337
B7A9	N468DL	RV8
B7AE	N468DR	BL8
B7B0	N468DT	BE20
B7B7	N468E	GLID
B7BA	N468EC	C25B
B7C3	N468EM	RV8
B7C7	N468ER	C172
B7C8	N468ES	C650
B7EA	N468GA	GLF4
B7F1	N468GH	GLEX
B7FB	N468GT	SR22
B802	N468H	C82T
B803	N468HA	B47G
B805	N468HC	RV8
B81D	N468JB	GALX
B822	N468JG	RV14
B824	N468JJ	GALX
B826	N468JL	RV8
B829	N468JP	SR20
B83F	N468KL	GL5T
B846	N468KT	B77W
B849	N468KW	C310
B850	N468LC	PC12
B859	N468LM	CC11
B85B	N468LP	PIPA
B867	N468MA	DA40
B868	N468MB	SR22
B870	N468MK	CH60
B874	N468MP	GLID
B876	N468MR	SR22
B877	N468MS	C210
B87F	N468N	FDCT
B899	N468PA	C240
B89B	N468PC	PISI
B8A4	N468PM	P28R
B8A8	N468PR	SR20
B8A9	N468PS	C182
B8C2	N468QS	GLF4
B8D5	N468RL	B06
B8DE	N468RV	RV8
B8E3	N468S	M20P
B8E4	N468SA	GLIM
B8E6	N468SC	PA11
B8E8	N468SE	S22T
B8E9	N468SF	E50P
B8F1	N468SP	BE20
B8F2	N468SQ	PA32
B8F3	N468SR	BE33
B8FC	N468T	BE35
B8FF	N468TC	RV6
B905	N468TJ	GLID
B911	N468TW	C414
B916	N468UA	A320
B923	N468UP	B752
B92E	N468V	GLAS
B947	N468W	M20P
B954	N468WN	B737
B994	N468ZB	S76
B9AC	N4680A	PA31
B9AF	N4680D	BE35
B9B4	N4680J	GLAS
B9B5	N4680K	C182
B9B6	N4680L	C172
B9B7	N4680M	PA11
B9B8	N4680N	C414
B9B9	N4680P	P210
B9BB	N4680R	P28A
B9BE	N4680U	C180
B9C3	N4680Z	PA22
B9C7	N46803	C152
B9D3	N4681E	AR11
B9D4	N4681F	C206
B9D6	N4681H	PA17
B9D7	N4681J	P28R
B9D8	N4681K	C182
B9D9	N4681L	C172
B9DA	N4681M	PA11
B9DF	N4681S	C182
B9E6	N4681Z	C180
B9E8	N46811	GLIM
B9ED	N46816	CAMP
B9F0	N46819	ST75
B9F3	N4682B	C180
B9F5	N4682D	C172
B9F9	N4682H	PA17
B9FA	N4682J	P28R
B9FC	N4682L	C172
BA00	N4682Q	T210
BA01	N4682R	P28A
BA04	N4682U	C180
BA10	N46826	C152
BA12	N46828	BU31
BA18	N4683D	BE35
BA19	N4683E	CH7A
BA1B	N4683G	C172
BA1E	N4683K	C182
BA1F	N4683L	C172
BA25	N4683S	C182
BA26	N4683T	P28A
BA2C	N4683Z	PA22
BA38	N4684A	C180
BA3A	N4684C	RV4
BA3F	N4684H	PA15
BA40	N4684J	P28R
BA42	N4684L	C172
BA43	N4684M	PA11
BA48	N4684S	R22
BA49	N4684T	C182
BA4F	N4684Z	PA22
BA5B	N4685A	C180
BA5E	N4685D	BE35
BA60	N4685F	C206
BA62	N4685H	PA17
BA63	N4685J	P28R
BA65	N4685L	C172
BA66	N4685M	BE35
BA6B	N4685S	SA7
BA6C	N4685T	C82R
BA70	N4685X	C150
BA76	N46853	MIMU
BA77	N46854	C152
BA7A	N46857	AR6T
BA7F	N4686B	C180
BA81	N4686D	BE35
BA82	N4686E	CH7A
BA85	N4686H	PA17
BA87	N4686K	C182
BA88	N4686L	C152
BA89	N4686M	PA11
BA91	N4686V	C72R
BA95	N4686Z	PA22
BA9D	N46867	TAYD
BAA2	N4687B	C208
BAA3	N4687C	C170
BAA5	N4687E	CH7A
BAA9	N4687J	P28R
BAAB	N4687L	C172
BAAC	N4687M	PA11
BAB0	N4687R	P28A
BAB1	N4687S	C82R
BAB4	N4687V	C72R
BAB5	N4687W	AC11
BABA	N46871	ST75
BABC	N46873	C152
BABF	N46876	FA62
BAC2	N46879	ST75
BAC4	N4688A	BE35
BAC6	N4688C	C185
BACB	N4688H	PA17
BACE	N4688L	C172
BACF	N4688M	PA11
BAD3	N4688R	P28A
BAD4	N4688S	C82R
BAD6	N4688U	C180
BAD8	N4688W	AC11
BAD9	N4688X	C150
BADB	N4688Z	PA22
BADD	N46881	FA62
BAE4	N46888	ST75
BAE5	N46889	C152
BAE6	N4689	TVLB
BAE9	N4689C	C185
BAEB	N4689E	CH7A
BAEE	N4689H	F86
BAEF	N4689J	P28R
BAF2	N4689M	PA11
BAF5	N4689Q	C210
BAF7	N4689S	C82R
BAFC	N4689X	C150
BAFE	N4689Z	PA22
BB04	N46895	GLID
BB05	N46896	AR6T
BB07	N46898	GLID
BB08	N46899	AR6T
BB0A	N469A	BE35
BB0F	N469AE	B06
BB10	N469AF	PC12
BB14	N469AK	PA18
BB15	N469AL	SR22
BB16	N469AM	B39M
BB17	N469AN	A21N
BB1B	N469AS	B739
BB1F	N469AW	CRJ2
BB23	N469B	BE9L
BB24	N469BA	A5
BB25	N469BB	LJ35
BB26	N469BC	SF50
BB2C	N469BJ	PA32
BB2D	N469BK	PA32
BB2E	N469BL	DA40
BB3D	N469CA	PA31
BB3E	N469CB	R44
BB40	N469CD	SR22
BB45	N469CJ	C421
BB4A	N469CP	SR22
BB4E	N469CT	FDCT
BB55	N469D	P32R
BB58	N469DC	C182
BB5A	N469DE	C550
BB5F	N469DK	RV4
BB62	N469DN	C560
BB67	N469DT	C82S
BB6A	N469DW	UH12
BB72	N469ED	CL60
BB76	N469EH	C82R
BB7C	N469EP	B407
BB7E	N469ER	C172
BB7F	N469ES	C560
BB88	N469FA	P28A
BB8E	N469FG	C172
BB98	N469FS	RV7
BB9D	N469FX	GLF4
BBA2	N469GB	SR22
BBA6	N469GF	CRER
BBB5	N469GW	RV8
BBC7	N469HP	PA46
BBD2	N469J	BL8
BBD9	N469JG	S22T
BBDA	N469JH	BD4
BBDB	N469JJ	PA18
BBDC	N469JK	BE65
BBDD	N469JL	P32R
BBE0	N469JP	DA40
BBE3	N469JS	BE23
BBE8	N469JX	B407
BBEB	N469K	FDCT
BBF6	N469KL	CH7B
BBF7	N469KM	P208
BBFC	N469KS	EVOP
BC05	N469LA	AT8T
BC07	N469LC	C421
BC0C	N469LH	C25A
BC12	N469LP	PA34
BC1D	N469M	SF50
BC1F	N469MB	C172
BC2D	N469MR	C56X
BC3B	N469NE	C172
BC4F	N469P	BE33
BC5A	N469PL	RV7
BC68	N469Q	VELO
BC82	N469RA	PA38
BC83	N469RB	C25A
BC84	N469RC	C337
BC89	N469RH	ST75
BC8A	N469RJ	H25B
BC91	N469RR	GLF5
BC92	N469RS	C56X
BC9C	N469SB	P46T
BCA5	N469SL	BE20
BCA6	N469SM	FOX
BCAA	N469SR	SR22
BCAB	N469SS	F900
BCAF	N469SW	C680
BCB3	N469T	BE95
BCB6	N469TC	C82T
BCB8	N469TE	CRUZ
BCBE	N469TL	R44
BCC4	N469TS	DHC6
BCC8	N469TW	RV4
BCC9	N469TX	C240
BCCD	N469UA	A320
BCDA	N469UP	B752
BD0B	N469WN	B737
BD10	N469WT	CJ6
BD13	N469WW	DA42
BD1A	N469XC	C337
BD57	N469ZP	GLST
BD65	N4690C	C185
BD67	N4690E	C82R
BD6A	N4690H	M20P
BD6F	N4690N	C182
BD75	N4690U	T206
BD7A	N4690Z	PA22
BD82	N46907	C152
BD86	N4691A	C180
BD8B	N4691F	P32R
BD8C	N4691G	C172
BD8F	N4691K	C182
BD93	N4691P	PA23
BD95	N4691R	P28A
BD97	N4691T	PA22
BD9C	N4691Y	PA25
BDAA	N4692B	C180
BDAB	N4692C	C170
BDAF	N4692G	C172
BDB0	N4692H	PA17
BDB1	N4692J	P28R
BDB3	N4692L	C172
BDB5	N4692N	C182
BDB7	N4692Q	C172
BDB8	N4692R	P28A
BDBD	N4692W	AC11
BDBE	N4692X	C150
BDBF	N4692Y	PA18
BDC3	N46922	S58P
BDC5	N46924	AR6T
BDC9	N46928	UH1
BDCC	N4693A	MUS2
BDCF	N4693D	BE35
BDD0	N4693E	C82S
BDD4	N4693J	C172
BDD6	N4693L	C172
BDD8	N4693N	C414
BDDA	N4693Q	C172
BDDC	N4693S	J3
BDE2	N4693Y	PA25
BDE4	N46930	AR6T
BDF1	N4694C	C170
BDF3	N4694E	CH7A
BDF5	N4694G	C172
BDF6	N4694H	PA17
BDF9	N4694L	C172
BDFE	N4694R	P28A
BDFF	N4694S	C182
BE00	N4694T	C82R
BE05	N4694Y	T210
BE06	N4694Z	PA46
BE07	N46940	C172
BE08	N46941	C310
BE0A	N46943	ST75
BE12	N4695A	P210
BE14	N4695C	C170
BE1C	N4695L	C172
BE1D	N4695M	PA11
BE21	N4695R	P28A
BE26	N4695W	AC11
BE28	N4695Y	PA18
BE2D	N46953	C152
BE2F	N46955	TAYD
BE30	N46956	J3
BE35	N4696A	C180
BE37	N4696C	C170
BE38	N4696D	BE35
BE39	N4696E	CH7A
BE3A	N4696F	C172
BE3D	N4696J	P28R
BE3E	N4696K	C182
BE3F	N4696L	C172
BE42	N4696P	PA23
BE44	N4696R	P28A
BE46	N4696T	C82R
BE4A	N4696X	C150
BE4F	N46962	S1
BE51	N46964	C152
BE56	N46969	UH1
BE5A	N4697C	C170
BE5C	N4697E	CH7A
BE5E	N4697G	C172
BE62	N4697L	C172
BE64	N4697N	C182
BE67	N4697R	P28A
BE6C	N4697W	AC11
BE6F	N4697Z	PA22
BE7A	N4698	G164
BE7B	N4698A	C414
BE7C	N4698B	C208
BE7D	N4698C	C185
BE7E	N4698D	C172
BE7F	N4698E	CH7A
BE82	N4698H	PA17
BE83	N4698J	P28R
BE84	N4698K	C182
BE86	N4698M	PA11
BE87	N4698N	ST75
BE8A	N4698R	BE33
BE8B	N4698S	T28
BE8C	N4698T	T33
BE8F	N4698W	AC11
BE96	N46983	DEFI
BE9E	N4699A	C180
BEA1	N4699D	ST75
BEA2	N4699E	CH7A
BEA3	N4699F	C206
BEA6	N4699J	P28R
BEA9	N4699M	PA11
BEAB	N4699P	PA23
BEAD	N4699R	P28A
BEAE	N4699S	PA32
BEB0	N4699U	C180
BEB2	N4699W	C82R
BEB4	N4699Y	PA25
BEBC	N46996	ST75
BEBD	N46997	ST75
BEBF	N46999	ST75
BEC0	N47	GL5T
BEC2	N47AA	SF50
BEC3	N47AB	FOX
BEC4	N47AC	AC50
BEC5	N47AD	RV7
BEC6	N47AE	M7
BEC7	N47AF	C72R
BEC8	N47AG	C340
BEC9	N47AH	B47G
BECA	N47AJ	C425
BECB	N47AK	DHC2
BECD	N47AM	SR20
BECE	N47AN	C650
BECF	N47AP	T206
BED2	N47AS	M7
BED3	N47AT	PA15
BEDA	N47B	S58T
BEDC	N47BB	PA24
BEDD	N47BC	PA46
BEDE	N47BD	R44
BEDF	N47BE	M20P
BEE1	N47BG	C310
BEE7	N47BN	P28A
BEE8	N47BP	C340
BEEB	N47BS	EFOX
BEEF	N47BW	RV8
BEF3	N47C	G44
BEF5	N47CB	PA12
BEF7	N47CD	R22
BEF8	N47CE	SF50
BEF9	N47CF	R44
BEFA	N47CG	PA18
BEFC	N47CJ	S05R
BF01	N47CP	C180
BF03	N47CR	BE30
BF05	N47CT	C177
BF06	N47CU	H47
BF08	N47CW	RV4
BF0A	N47CY	VTRA
BF0C	N47D	BE17
BF0D	N47DA	P47
BF0E	N47DB	P210
BF0F	N47DC	RV4
BF10	N47DD	RV9
BF11	N47DE	RV6
BF12	N47DF	P47
BF13	N47DG	GLIM
BF14	N47DH	GLAS
BF15	N47DJ	E55P
BF16	N47DK	AVID
BF17	N47DL	LNC2
BF18	N47DM	P47
BF1A	N47DP	CH7A
BF1D	N47DS	C310
BF1F	N47DU	C182
BF20	N47DV	FOX
BF21	N47DW	PA46
BF22	N47DX	DFLY
BF25	N47E	DC3
BF28	N47EC	RV10
BF29	N47ED	B47G
BF2C	N47EG	F900
BF2F	N47EK	C56X
BF33	N47EP	AC90
BF35	N47ER	PA46
BF36	N47ES	LNCE
BF3B	N47EX	RV6
BF3D	N47EZ	LGEZ
BF44	N47FF	P47
BF47	N47FJ	DC3
BF4A	N47FM	M20P
BF4F	N47FS	PA11
BF50	N47FT	SRAI
BF52	N47FV	L8
BF57	N47G	BE18
BF58	N47GA	BE58
BF5C	N47GE	C182
BF5F	N47GH	PA32
BF60	N47GJ	EFOX
BF62	N47GL	SRAI
BF66	N47GQ	B47G
BF67	N47GR	B47G
BF68	N47GS	FOX
BF6B	N47GV	B407
BF71	N47HA	H25B
BF72	N47HB	BE35
BF74	N47HD	PA11
BF76	N47HF	C56X
BF78	N47HH	B06
BF79	N47HJ	TAIL
BF7C	N47HM	RV7
BF7E	N47HP	P46T
BF81	N47HS	B47G
BF85	N47HW	H25B
BF87	N47HY	HUSK
BF89	N47J	J4
BF8A	N47JA	B47G
BF8B	N47JB	BE36
BF8C	N47JC	PA11
BF8E	N47JE	P32R
BF8F	N47JF	PA31
BF90	N47JG	ACRO
BF94	N47JL	RV4
BF97	N47JP	MUS2
BF9B	N47JT	BE35
BF9E	N47JW	CH60
BFA2	N47K	SA3
BFA3	N47KA	BE36
BFA5	N47KC	FOX
BFA6	N47KD	FOX
BFA9	N47KG	COY2
BFAA	N47KH	FA50
BFAC	N47KK	C303
BFAD	N47KL	C195
BFB0	N47KP	M20P
BFB2	N47KR	RV9
BFB3	N47KS	C182
BFB4	N47KT	B407
BFB6	N47KV	C175
BFB7	N47KW	PA34
BFBB	N47L	G2T1
BFBD	N47LB	B47G
BFBE	N47LC	J3
BFBF	N47LD	NAVI
BFC2	N47LG	S22T
BFC3	N47LH	P28A
BFC5	N47LK	TL30
BFC6	N47LL	BE35
BFC7	N47LM	C25B
BFC9	N47LP	FA20
BFCE	N47LU	PA44
BFCF	N47LV	CL60
BFD0	N47LW	CJ6
BFD6	N47MB	T206
BFD7	N47MC	B47G
BFD8	N47MD	C414
BFD9	N47ME	AEST
BFDA	N47MF	LJ35
BFDC	N47MH	B47G
BFDE	N47MK	PA23
BFDF	N47ML	PA22
BFE0	N47MM	PA31
BFE2	N47MP	C72R
BFE4	N47MR	COL4
BFE5	N47MS	SLG4
BFE8	N47MV	PA11
BFE9	N47MW	E550
BFEE	N47NA	NAVI
BFF3	N47NF	C310
BFF4	N47NG	PC12
BFF8	N47NL	BEAR
BFF9	N47NM	C550
BFFE	N47NS	FA50
BFFF	N47NT	C25B
C003	N47NX	PC12
C006	N47P	C150
C007	N47PA	COY2
C008	N47PB	C25C
C00C	N47PF	CJ6
C00D	N47PG	AA5
C00E	N47PH	BE58
C00F	N47PJ	GLST
C011	N47PL	RV7
C012	N47PM	RV7
C014	N47PP	ACAM
C016	N47PR	CC11
C017	N47PS	C182
C018	N47PT	RV7
C01B	N47PW	C560
C01E	N47PZ	C180
C039	N47RA	LJ35
C03A	N47RB	BE35
C03C	N47RD	B06
C03F	N47RG	RV4
C040	N47RH	C77R
C041	N47RJ	M20P
C042	N47RK	FOX
C044	N47RM	BE20
C046	N47RP	P47
C04A	N47RT	BE36
C04D	N47RW	C310
C051	N47S	P28R
C053	N47SB	C68A
C054	N47SC	C68A
C055	N47SD	H269
C056	N47SE	SBR1
C058	N47SG	TB20
C059	N47SH	C25A
C05A	N47SJ	DC3
C05C	N47SL	LNC4
C05F	N47SP	C310
C063	N47ST	RV4
C066	N47SW	BE9L
C06A	N47T	NAVI
C06C	N47TB	DC3
C06D	N47TC	C210
C06E	N47TD	RV6
C070	N47TF	DC3
C071	N47TG	BE95
C073	N47TJ	BE33
C075	N47TL	C185
C077	N47TN	C172
C078	N47TP	SR20
C07B	N47TS	PA18
C07C	N47TT	AC90
C082	N47TZ	C182
C083	N47U	C82R
C091	N47UP	C182
C094	N47US	BE60
C095	N47UT	M7
C09C	N47V	WAIX
C09D	N47VA	E145
C09E	N47VB	BE35
C0A8	N47VM	BL8
C0AA	N47VP	COY2
C0AE	N47VT	BE35
C0AF	N47VU	SR20
C0B1	N47VW	F2TH
C0B5	N47W	SP7
C0B6	N47WA	BE35
C0B8	N47WC	BE95
C0BB	N47WF	B47G
C0BC	N47WG	GLEX
C0BE	N47WJ	B47G
C0BF	N47WK	BE58
C0C3	N47WP	PA32
C0C5	N47WR	C140
C0C6	N47WS	FOX
C0C7	N47WT	BE35
C0CA	N47WW	BE36
C0CD	N47WZ	C182
C0D2	N47XD	B47G
C0DC	N47XP	PA18
C0E4	N47XX	IR23
C0E7	N47Y	PA17
C0E9	N47YB	TBM9
C0EA	N47YC	DHC1
C101	N47ZA	B47G
C110	N47ZR	P28A
C118	N47ZZ	SR20
C11A	N470A	P28A
C11C	N470AB	CH7A
C124	N470AK	PA18
C127	N470AN	A21N
C12B	N470AS	P180
C12F	N470AW	BE35
C134	N470BA	GLID
C135	N470BB	GLEX
C136	N470BC	C414
C137	N470BD	GLID
C138	N470BE	AS50
C13B	N470BH	B47G
C13E	N470BL	DA40
C14C	N470C	RV4
C150	N470CD	SR22
C158	N470CM	B14A
C15A	N470CP	GA8
C15D	N470CS	C240
C15E	N470CT	BE40
C165	N470D	RV7
C166	N470DA	SR20
C167	N470DB	DHC2
C168	N470DC	E35L
C169	N470DD	E300
C16B	N470DF	V10
C176	N470DS	DA40
C17A	N470DW	AA1
C186	N470EH	C150
C18E	N470ER	C172
C1A0	N470FJ	FA20
C1A2	N470FL	P28A
C1AD	N470FX	LJ45
C1CD	N470HD	C175
C1D7	N470HP	HUSK
C1E5	N470JC	C180
C1EC	N470JK	RV9
C1F3	N470JS	SA30
C1FC	N470KA	B350
C207	N470KM	C72R
C222	N470LP	PIAT
C22D	N470M	PA18
C22E	N470MA	HUSK
C22F	N470MB	RV12
C231	N470MD	LJ60
C236	N470MJ	RV8
C237	N470MK	F2TH
C239	N470MM	B190
C23F	N470MT	TUCA
C242	N470MW	BE35
C247	N470NA	B462
C25F	N470P	C82T
C268	N470PJ	RV12
C26F	N470PR	BE10
C283	N470QL	B412
C289	N470QS	GLF4
C291	N470R	S108
C292	N470RA	B407
C298	N470RG	EC30
C29B	N470RK	C425
C29F	N470RP	RV7
C2A5	N470RV	C182
C2AC	N470SB	B47G
C2AF	N470SE	P32T
C2C3	N470T	BE35
C2C6	N470TC	BE20
C2D8	N470TW	HDJT
C2DC	N470U	C72R
C2DD	N470UA	A320
C2EA	N470UP	B752
C311	N470WC	B407
C31A	N470WM	B407
C31B	N470WN	B737
C327	N470X	C182
C335	N470XP	C182
C33D	N470XX	GLAS
C342	N470YB	B407
C359	N470Z	SM19
C36E	N470ZW	CRJ2
C378	N4700F	C206
C379	N4700G	GLID
C37A	N4700H	M20P
C37E	N4700M	PA11
C381	N4700Q	C188
C383	N4700S	C182
C384	N4700T	M4
C388	N4700X	C150
C38D	N47002	AR6T
C396	N4701A	C414
C399	N4701D	C182
C39C	N4701G	SA7
C39D	N4701H	PA11
C39E	N4701J	BE23
C39F	N4701K	BE55
C3A0	N4701L	P28A
C3A1	N4701M	BE35
C3A4	N4701Q	C185
C3A6	N4701S	C182
C3A7	N4701T	M4
C3A8	N4701U	C180
C3BD	N4702E	CH7A
C3BE	N4702F	C172
C3C0	N4702H	M20P
C3C1	N4702J	BE23
C3C2	N4702K	C182
C3C3	N4702L	P28A
C3C4	N4702M	BE35
C3C6	N4702P	C152
C3C7	N4702Q	C185
C3C9	N4702S	B47G
C3CC	N4702V	BL17
C3D2	N47021	TAYD
C3D4	N47023	P28A
C3D5	N47024	BE17
C3D7	N47026	TAYD
C3D9	N47028	C152
C3DA	N47029	C152
C3E0	N4703E	CH7A
C3E5	N4703K	C182
C3E6	N4703L	P28A
C3ED	N4703T	M4
C3EF	N4703V	BL17
C3F3	N4703Z	PA22
C3F6	N47032	DSA1
C3F7	N47033	ST75
C3FC	N47038	B47G
C3FF	N4704A	C185
C401	N4704C	C182
C405	N4704G	C172
C406	N4704H	C152
C40B	N4704N	C182
C40C	N4704P	PA23
C414	N4704X	C150
C416	N4704Z	PA22
C41D	N47046	TAYD
C425	N4705D	C172
C426	N4705E	CH7A
C429	N4705H	C152
C42B	N4705K	C182
C42C	N4705L	P28A
C42D	N4705M	PA11
C42E	N4705N	C182
C42F	N4705P	PA23
C430	N4705Q	C152
C431	N4705R	B47G
C434	N4705U	C180
C436	N4705W	AC11
C43B	N47051	AR6T
C43D	N47053	C152
C43E	N47054	FA24
C43F	N47055	COUR
C443	N47059	DHC2
C446	N4706B	C180
C448	N4706D	C172
C449	N4706E	CH7A
C44C	N4706H	PA11
C44E	N4706K	C182
C44F	N4706L	P28A
C451	N4706N	C182
C453	N4706Q	C185
C455	N4706S	C82R
C456	N4706T	M4
C459	N4706W	AC11
C45A	N4706X	C150
C460	N47063	UH12
C462	N47065	AVID
C468	N4707A	PA18
C469	N4707B	C180
C46A	N4707C	PA22
C46F	N4707H	PA11
C470	N4707J	BE23
C471	N4707K	C182
C472	N4707L	C152
C474	N4707N	C182
C478	N4707S	C182
C479	N4707T	C82R
C47A	N4707U	C180
C47B	N4707V	C195
C47C	N4707W	CH70
C47E	N4707Y	PA25
C47F	N4707Z	PA22
C487	N47077	UH12
C48B	N4708A	PA18
C48D	N4708C	T6
C48F	N4708E	CH7A
C493	N4708J	BE23
C495	N4708L	P28A
C497	N4708N	C182
C499	N4708Q	C185
C49E	N4708V	C180
C49F	N4708W	AC11
C4A0	N4708X	C150
C4A3	N47080	PT22
C4A7	N47084	C182
C4A8	N47085	AR6T
C4A9	N47086	VP2
C4B1	N4709D	C182
C4B2	N4709E	CH7A
C4B4	N4709G	TAIL
C4B5	N4709H	PA11
C4B7	N4709K	C182
C4B8	N4709L	P28A
C4BD	N4709R	C72R
C4BE	N4709S	C82R
C4C9	N47093	S1
C4D1	N471A	P28A
C4D4	N471AC	CH7B
C4D6	N471AE	B06
C4DB	N471AK	PA18
C4DD	N471AM	HUSK
C4E1	N471AR	PC12
C4E2	N471AS	B739
C4E3	N471AT	R22
C4ED	N471BC	C182
C4F1	N471BG	RV10
C4F2	N471BH	B47G
C4F4	N471BK	G280
C4F5	N471BL	DA40
C4FF	N471BW	C421
C503	N471C	S108
C504	N471CA	CRJ2
C505	N471CB	C680
C506	N471CC	PA11
C50B	N471CH	B47G
C50F	N471CM	BE18
C511	N471CP	GA8
C51C	N471D	AC50
C51D	N471DA	SR20
C527	N471DL	P28B
C528	N471DM	SBOY
C52D	N471DS	P8
C536	N471EA	COY2
C545	N471ER	C172
C549	N471EV	B742
C557	N471FJ	RV7
C559	N471FL	FA20
C564	N471FX	LJ45
C573	N471GM	C182
C582	N471HB	C414
C58A	N471HK	AT8T
C58C	N471HM	CRER
C58E	N471HP	DA42
C599	N471J	SA3
C5A9	N471JR	C172
C5B2	N471K	CB1
C5CB	N471L	BE95
C5CC	N471LA	LNC2
C5D4	N471LJ	RV12
C5DC	N471LS	PA11
C5E5	N471MA	C414
C5E7	N471MC	B744
C5E8	N471MD	C25A
C5EC	N471MH	GLAS
C5F0	N471MM	M600
C5F4	N471MR	C72R
C5FE	N471NA	B462
C60B	N471NP	RV6
C618	N471PB	PA15
C61A	N471PD	RV12
C61D	N471PG	E50P
C622	N471PM	DHC2
C626	N471PR	C172
C655	N471RN	B06
C662	N471SA	SKAR
C664	N471SC	F2TH
C66F	N471SP	C172
C672	N471SS	PC12
C67B	N471TA	P28A
C68C	N471TT	SR20
C694	N471UA	A320
C6A1	N471UP	B752
C6A4	N471US	B38M
C6AC	N471V	P28B
C6AD	N471VA	PA31
C6C3	N471VY	BE9L
C6D1	N471WM	SR22
C6D5	N471WR	S61
C6DE	N471X	ONEX
C710	N471Z	CH75
C725	N471ZW	CRJ2
C731	N4710H	M20P
C734	N4710L	P28A
C738	N4710Q	C185
C73D	N4710V	BE17
C74A	N47108	C152
C74E	N4711B	C152
C74F	N4711C	C172
C750	N4711D	C182
C751	N4711E	C185
C752	N4711F	C206
C755	N4711J	BE23
C756	N4711K	C182
C757	N4711L	C152
C758	N4711M	PA11
C75C	N4711R	P180
C75E	N4711T	M4
C75F	N4711U	PA11
C760	N4711V	C72R
C761	N4711W	AC11
C763	N4711Y	P28R
C76C	N47117	FA62
C770	N4712A	PA18
C772	N4712C	PA12
C773	N4712D	C182
C778	N4712J	AT6T
C779	N4712K	P210
C77B	N4712M	PA11
C77C	N4712N	C82S
C781	N4712T	M4
C783	N4712V	ST75
C786	N4712Y	PA18
C788	N47120	C152
C78B	N47123	TAYD
C794	N4713B	C152
C795	N4713C	P28A
C798	N4713F	C206
C79A	N4713H	PA11
C79D	N4713L	P28A
C7A4	N4713T	M4
C7AA	N4713Z	PA22
C7AE	N47133	C152
C7B2	N47137	DUCE
C7B6	N4714A	CRER
C7B7	N4714B	C180
C7B8	N4714C	T210
C7B9	N4714D	C182
C7BA	N4714E	CH7A
C7BF	N4714K	C172
C7C2	N4714N	C182
C7C3	N4714P	PA23
C7C5	N4714R	C72R
C7C7	N4714T	M4
C7C9	N4714V	BL17
C7CB	N4714X	C150
C7CC	N4714Y	PA18
C7CE	N47140	C140
C7D2	N47144	BOLT
C7DC	N4715D	C182
C7DD	N4715E	CH7A
C7DE	N4715F	C206
C7E0	N4715H	PA11
C7E2	N4715K	C182
C7E3	N4715L	P28A
C7E4	N4715M	PA11
C7EA	N4715T	M4
C7ED	N4715W	P210
C7EE	N4715X	C150
C7F0	N4715Z	PA22
C7F3	N47152	SA30
C7F6	N47155	T50
C7F7	N47156	J3
C7F9	N47158	FA62
C7FD	N4716B	C180
C7FF	N4716D	C182
C803	N4716H	PA11
C805	N4716K	C182
C806	N4716L	P28A
C807	N4716M	PA11
C808	N4716N	C182
C810	N4716W	AC11
C811	N4716X	T206
C81C	N47168	AR6T
C81D	N47169	VP2
C81F	N4717A	PA18
C820	N4717B	C152
C821	N4717C	T210
C823	N4717E	CH7A
C826	N4717H	M20P
C827	N4717J	BE23
C82A	N4717M	PA11
C82B	N4717N	C182
C830	N4717T	M4
C832	N4717V	AC90
C833	N4717W	B06
C83A	N47173	CAMP
C83C	N47175	AR6T
C83F	N47178	VP2
C842	N4718A	C152
C843	N4718B	C180
C845	N4718D	C182
C847	N4718F	C206
C84B	N4718K	C172
C84C	N4718L	P28A
C84E	N4718N	C182
C853	N4718T	M4
C857	N4718X	C150
C85B	N47181	AR6T
C85C	N47182	AR6T
C85F	N47185	AR6T
C860	N47186	CH60
C861	N47187	AR6T
C863	N47189	C152
C865	N4719A	PA18
C86A	N4719F	C172
C86B	N4719G	BIPL
C86C	N4719H	M20P
C86E	N4719K	C182
C86F	N4719L	P28A
C870	N4719M	PA11
C876	N4719T	C82R
C879	N4719W	AC11
C87C	N4719Z	PA22
C880	N47193	C152
C882	N47195	J3
C887	N472	C210
C888	N472A	P28A
C88B	N472AC	CH7B
C88E	N472AF	DC3
C88F	N472AG	S22T
C892	N472AK	PA18
C895	N472AN	A21N
C898	N472AR	CL35
C899	N472AS	B739
C89A	N472AT	R22
C8A4	N472BC	S76
C8A9	N472BH	AEST
C8AC	N472BL	DA40
C8B6	N472BW	C182
C8BB	N472CA	CRJ2
C8BC	N472CB	C68A
C8BE	N472CD	SR22
C8C6	N472CM	C172
C8C8	N472CP	GA8
C8D3	N472D	C172
C8D4	N472DA	SR20
C8D6	N472DC	DV20
C8DF	N472DM	B47G
C8E4	N472DS	DA40
C8ED	N472EA	BE9L
C8F1	N472EE	E50P
C8F8	N472EM	BE40
C8FC	N472ER	C172
C8FD	N472ES	RV7
C900	N472EV	B741
C91B	N472FX	LJ75
C922	N472GD	B47G
C927	N472GJ	BE40
C942	N472HL	LJ45
C958	N472JH	GLIM
C959	N472JJ	S22T
C95B	N472JL	B350
C961	N472JS	C177
C969	N472K	F2TH
C96E	N472KE	SR22
C974	N472KL	VELO
C977	N472KP	C72R
C983	N472LA	AS50
C985	N472LC	C337
C98D	N472LL	BABY
C990	N472LP	PIAT
C99B	N472M	B06
C99E	N472MC	B744
C9A7	N472MM	GLF4
C9A9	N472MP	B06
C9AD	N472MT	RV7
C9B4	N472N	TVLB
C9B5	N472NA	B462
C9CE	N472PA	DA40
C9F7	N472QS	E55P
C9FF	N472R	C700
CA0D	N472RP	PA32
CA13	N472RV	RV9
CA19	N472SA	R44
CA1E	N472SF	GLAS
CA20	N472SH	R22
CA26	N472SP	C172
CA28	N472SR	SR22
CA29	N472SS	PC12
CA31	N472T	BE35
CA32	N472TA	P28A
CA34	N472TC	C152
CA46	N472TW	C172
CA47	N472TX	B407
CA4B	N472UA	A320
CA58	N472UP	B752
CA65	N472VB	B407
CA7F	N472WC	C82T
CA85	N472WJ	C240
CA89	N472WN	B737
CAE1	N4720A	PA18
CAE2	N4720B	C152
CAE3	N4720C	T210
CAE6	N4720F	PA18
CAE8	N4720H	PA11
CAEA	N4720K	C182
CAEC	N4720M	PA11
CAEE	N4720P	P210
CAEF	N4720Q	C185
CAF0	N4720R	C72R
CAF4	N4720V	BL17
CAF7	N4720Y	T210
CAFD	N47204	SA30
CAFE	N47205	TAYD
CB00	N47207	TAYD
CB05	N4721B	C152
CB07	N4721D	C182
CB08	N4721E	CH7A
CB0E	N4721L	P28A
CB0F	N4721M	BE33
CB10	N4721N	C182
CB12	N4721Q	C185
CB13	N4721R	C72R
CB16	N4721U	C180
CB1A	N4721Y	PA25
CB1E	N47212	JACE
CB20	N47214	G2T1
CB23	N47217	T6
CB27	N4722A	PA18
CB28	N4722B	C180
CB2B	N4722E	CH7A
CB2C	N4722F	T206
CB31	N4722L	P28A
CB32	N4722M	PA11
CB34	N4722P	M20P
CB37	N4722S	RBEL
CB39	N4722U	C180
CB3B	N4722W	AC11
CB3D	N4722Y	PA25
CB44	N47225	P28A
CB46	N47227	P28R
CB47	N47228	P28R
CB4B	N4723B	C152
CB4E	N4723E	CH7A
CB4F	N4723F	C206
CB51	N4723H	C152
CB56	N4723N	C182
CB57	N4723P	C152
CB59	N4723R	C72R
CB5B	N4723T	C182
CB60	N4723Y	T210
CB61	N4723Z	PA22
CB62	N47230	P28R
CB64	N47232	P32R
CB69	N47237	AR6T
CB6D	N4724A	F86
CB6E	N4724B	C180
CB6F	N4724C	C140
CB71	N4724E	CH7A
CB76	N4724K	C182
CB78	N4724M	PA11
CB7A	N4724P	PA23
CB7B	N4724Q	C185
CB82	N4724X	C150
CB87	N47242	UH12
CB8D	N47248	WACO
CB8E	N47249	C180
CB90	N4725A	PA18
CB92	N4725C	C303
CB93	N4725D	C172
CB94	N4725E	CH7A
CB95	N4725F	T206
CB96	N4725G	C172
CB97	N4725H	PA11
CB99	N4725K	C182
CB9B	N4725M	PA11
CB9C	N4725N	C182
CB9E	N4725Q	C185
CBA2	N4725U	C180
CBAA	N47252	AR6T
CBB4	N4726B	C152
CBB7	N4726E	C82S
CBB9	N4726G	C172
CBBB	N4726J	BE23
CBBC	N4726K	C182
CBBE	N4726M	BE33
CBC1	N4726Q	C188
CBC3	N4726S	PA32
CBC7	N4726W	AC11
CBC8	N4726X	C150
CBC9	N4726Y	T210
CBCA	N4726Z	PA22
CBCD	N47262	AR6T
CBD0	N47265	AR6T
CBD2	N47267	H500
CBD3	N47268	C152
CBD4	N47269	AR6T
CBD9	N4727D	C172
CBDA	N4727E	CH7A
CBDC	N4727G	C172
CBDD	N4727H	C152
CBDE	N4727J	BE23
CBDF	N4727K	C182
CBE0	N4727L	P28A
CBE1	N4727M	PA11
CBE2	N4727N	C182
CBE6	N4727S	PA32
CBE7	N4727T	M4
CBEB	N4727X	C150
CBED	N4727Z	PA22
CBF8	N4728	G164
CBFA	N4728B	C180
CBFC	N4728D	C182
CBFD	N4728E	CH7A
CBFF	N4728G	C172
CC00	N4728H	PA11
CC01	N4728J	BE23
CC02	N4728K	C182
CC04	N4728M	BE36
CC05	N4728N	C182
CC06	N4728P	PA23
CC09	N4728S	PA32
CC0A	N4728T	C82R
CC11	N47280	B38M
CC12	N47281	B38M
CC13	N47282	B38M
CC14	N47283	TAYD
CC15	N47284	B38M
CC17	N47286	TAYD
CC18	N47287	AR6T
CC19	N47288	B38M
CC1E	N4729C	T210
CC25	N4729K	C182
CC26	N4729L	P28A
CC28	N4729N	C182
CC2C	N4729S	PA32
CC2D	N4729T	M4
CC30	N4729W	C210
CC33	N4729Z	PA22
CC35	N47291	B38M
CC37	N47293	B38M
CC3B	N47297	S10
CC3D	N47299	AR6T
CC3E	N473	GLID
CC3F	N473A	P28A
CC41	N473AB	BE35
CC42	N473AC	B412
CC44	N473AE	B06
CC45	N473AF	SW4
CC49	N473AK	PA18
CC4B	N473AM	HUSK
CC4C	N473AN	A21N
CC4D	N473AP	B752
CC51	N473AT	R22
CC5A	N473BB	E55P
CC5B	N473BC	SR22
CC61	N473BJ	SR22
CC63	N473BL	DA40
CC70	N473BZ	COY2
CC72	N473CA	C172
CC74	N473CC	PA11
CC75	N473CD	SR22
CC79	N473CH	H47
CC7D	N473CM	C172
CC7F	N473CP	GA8
CC82	N473CS	C172
CC86	N473CW	GLF4
CC8B	N473DA	SR20
CC8C	N473DB	C25A
CC8D	N473DC	DC3
CC9B	N473DS	DA40
CC9E	N473DV	SR20
CCA6	N473EC	GLF5
CCB3	N473ER	C172
CCC7	N473FL	BE40
CCCD	N473FS	AT8T
CCD2	N473FX	LJ45
CCDB	N473GF	O1
CCDC	N473GG	PA31
CCF0	N473HB	HA4T
CCFA	N473HM	RV9
CD1F	N473JZ	SONX
CD2E	N473KP	C72R
CD35	N473KW	E35L
CD3C	N473LC	B505
CD47	N473LP	PIAT
CD55	N473MC	B744
CD57	N473ME	C700
CD5E	N473MM	SF50
CD60	N473MP	B06
CD64	N473MT	TUCA
CD6C	N473NA	B462
CD84	N473P	S22T
CD87	N473PC	PC12
CD8E	N473PK	SSTL
CDA5	N473QH	S76
CDAE	N473QS	E55P
CDB7	N473RA	B407
CDCF	N473S	C310
CDD0	N473SA	BE36
CDD3	N473SD	H500
CDE0	N473SS	PTS2
CDE1	N473ST	BE20
CDE8	N473T	BE35
CDE9	N473TA	P28A
CDEA	N473TB	T210
CDEB	N473TC	LJ25
CDEC	N473TD	AEST
CDFA	N473TT	B47G
CDFD	N473TW	C208
CE02	N473UA	A320
CE03	RA-01896	B407
CE0F	N473UP	B752
CE12	N473US	GLF6
CE33	N473W	RV6
CE35	N473WB	S76
CE40	N473WN	B737
CE68	N473YC	C206
CE99	N4730B	C152
CE9A	N4730C	J3
CE9C	N4730E	C185
CE9D	N4730F	P28A
CEA3	N4730M	PA11
CEA4	N4730N	C182
CEA6	N4730Q	C185
CEA9	N4730T	M4
CEAD	N4730X	C150
CEB2	N47302	S10
CEB3	N47303	S10
CEC0	N4731F	P28A
CEC8	N4731P	PA23
CECA	N4731R	B47G
CEDC	N47319	S1
CEE4	N4732G	FA62
CEE5	N4732H	PA11
CEE6	N4732J	BE23
CEE8	N4732L	P28A
CEF7	N47321	P28A
CEF8	N47322	TAYD
CEF9	N47323	P28A
CEFC	N47326	P28A
CEFF	N47329	TAYD
CF03	N4733C	UH12
CF04	N4733D	C172
CF05	N4733E	CH7A
CF0C	N4733M	BE58
CF0D	N4733N	C182
CF10	N4733R	B47G
CF12	N4733T	M4
CF13	N4733U	C180
CF14	N4733V	BL17
CF15	N4733W	AC11
CF19	N47330	B38M
CF1B	N47332	B38M
CF1F	N47336	AR6T
CF20	N47337	P28R
CF22	N47339	P28R
CF24	N4734A	C152
CF26	N4734C	ST75
CF28	N4734E	C82R
CF2C	N4734J	BE23
CF2D	N4734K	TB20
CF2E	N4734L	P28A
CF2F	N4734M	BE36
CF30	N4734N	C182
CF35	N4734T	M4
CF37	N4734V	PA20
CF38	N4734W	AC11
CF39	N4734X	C150
CF3C	N47340	B38M
CF3E	N47342	P32R
CF3F	N47343	B38M
CF40	N47344	TAYD
CF43	N47347	PA34
CF44	N47348	TAYD
CF45	N47349	P28A
CF4E	N4735H	R44
CF51	N4735L	P28A
CF58	N4735T	C182
CF5A	N4735V	C180
CF5E	N4735Z	PA22
CF5F	N47350	P28A
CF61	N47352	P28A
CF62	N47353	P28A
CF63	N47354	C152
CF66	N47357	B38M
CF67	N47358	TAYD
CF68	N47359	P28R
CF6B	N4736B	C152
CF6E	N4736E	TB20
CF70	N4736G	GLID
CF72	N4736J	BE23
CF75	N4736M	BE36
CF76	N4736N	C182
CF7B	N4736T	M4
CF7D	N4736V	BL17
CF7E	N4736W	AC11
CF80	N4736Y	PA25
CF82	N47360	B38M
CF83	N47361	P28R
CF88	N47366	PA34
CF89	N47367	P28A
CF8D	N4737A	PA18
CF92	N4737F	C185
CF98	N4737M	PA11
CF9D	N4737S	C182
CF9F	N4737U	C180
CFA0	N4737V	ST75
CFA4	N4737Z	PA22
CFA6	N47371	AR6T
CFA8	N47373	AR6T
CFAA	N47375	J3
CFAC	N47377	P28A
CFB1	N4738B	C180
CFB4	N4738E	CH7A
CFB6	N4738G	C172
CFB7	N4738H	M20P
CFB8	N4738J	BE23
CFBA	N4738L	P28A
CFBB	N4738M	BE36
CFBE	N4738Q	C185
CFC2	N4738U	C180
CFC3	N4738V	C72R
CFC5	N4738X	C150
CFC7	N4738Z	PA22
CFCA	N47382	J3
CFCD	N47385	AR65
CFD2	N4739	TVLB
CFD6	N4739D	C172
CFD8	N4739F	C206
CFDA	N4739H	M20P
CFDB	N4739J	C172
CFDD	N4739L	P28A
CFDE	N4739M	PA11
CFE8	N4739X	C150
CFEA	N4739Z	PA22
CFEB	N47390	GLID
CFEE	N47393	P28A
CFEF	N47394	P28A
CFF6	N474A	B407
CFF7	N474AA	C172
CFF9	N474AC	BL8
D000	N474AK	PA18
D002	N474AM	RV4
D003	N474AN	A21N
D007	N474AS	B739
D008	N474AT	R22
D00B	N474AW	P210
D015	N474BF	C182
D016	N474BG	CH60
D01A	N474BL	DA40
D01B	N474BM	EXEC
D023	N474BV	R44
D029	N474CA	P28A
D02C	N474CD	SR22
D02E	N474CF	H25B
D034	N474CM	C172
D036	N474CP	GA8
D03A	N474CT	G2T1
D03E	N474CX	P46T
D041	N474D	GLF5
D042	N474DA	SR20
D043	N474DB	C310
D044	N474DC	M20P
D049	N474DH	FOX
D04A	N474DJ	P28A
D04C	N474DL	C310
D04E	N474DN	C82S
D052	N474DS	DA62
D056	N474DW	RV4
D068	N474EP	C72R
D06A	N474ER	CH75
D07E	N474FL	P28A
D089	N474FX	LJ45
D091	N474GE	PA18
D092	N474GF	O1
D0A1	N474GW	G44
D0A5	N474H	AT8T
D0A7	N474HB	BL8
D0BE	N474J	BE20
D0C0	N474JB	RV4
D0CC	N474JP	B47G
D0D0	N474JT	PA11
D0D3	N474JW	RV8
D0D8	N474KA	LJ35
D0DA	N474KC	PC12
D0E5	N474KP	C72R
D0E8	N474KS	GLIM
D0F0	N474L	RS12
D0F1	N474LA	AT8T
D0F3	N474LC	B190
D0F5	N474LE	R44
D0F6	N474LF	EC45
D0FE	N474LP	PIAT
D10C	N474MC	RV8
D10E	N474ME	C750
D112	N474MJ	GLF5
D115	N474MM	COL4
D117	N474MP	B06
D122	N474N	SA30
D123	N474NA	B462
D13B	N474P	RV4
D13F	N474PD	SR22
D140	N474PE	C560
D150	N474PW	PTS1
D153	N474PZ	MOSQ
D165	N474QS	E55P
D178	N474RL	SR22
D17B	N474RP	B47G
D181	N474RV	RV10
D189	N474SC	RV4
D18E	N474SH	R44
D194	N474SP	C172
D197	N474SS	PC12
D198	N474ST	P32T
D19B	N474SW	G3
D19F	N474T	BE35
D1A0	N474TA	P28A
D1A1	N474TB	C72R
D1A2	N474TC	LJ45
D1A7	N474TH	UH1
D1B1	N474TT	PC12
D1B9	N474UA	A320
D1C6	N474UP	B752
D1D3	N474VB	E55P
D1DB	N474VK	TUCA
D1DD	N474VM	PA22
D1EA	N474W	M4
D1EB	N474WA	PA34
D1EC	N474WB	BL8
D1F7	N474WN	B737
D203	N474X	GLF4
D235	N474Z	BE35
D250	N4740B	C180
D253	N4740E	C82R
D254	N4740F	C206
D25A	N4740M	PA11
D25B	N4740N	C182
D25D	N4740Q	C185
D25E	N4740R	C182
D25F	N4740S	PA32
D263	N4740W	AC11
D26B	N47404	PA34
D26D	N47406	P28A
D270	N47409	P28A
D276	N4741E	CH7A
D279	N4741H	PA11
D27B	N4741K	P210
D27C	N4741L	P28A
D27D	N4741M	PA11
D27E	N4741N	C182
D281	N4741R	B47G
D282	N4741S	C182
D287	N4741X	T206
D288	N4741Y	CH7A
D28C	N47412	B39M
D28E	N47414	B739
D290	N47416	P28R
D291	N47417	C152
D292	N47418	P28R
D293	N47419	P28R
D297	N4742C	N3N
D298	N4742D	FOX
D299	N4742E	C185
D29A	N4742F	P32R
D29F	N4742L	P28A
D2A1	N4742N	C182
D2A7	N4742U	T210
D2A9	N4742W	AC11
D2AA	N4742X	C150
D2AE	N47421	AR6T
D2B0	N47423	P32R
D2B1	N47424	PA34
D2B3	N47426	P28A
D2B4	N47427	AR6T
D2B5	N47428	C185
D2B9	N4743B	C180
D2BA	N4743C	T210
D2BB	N4743D	C182
D2BC	N4743E	C82R
D2BF	N4743H	PA11
D2C2	N4743L	P28A
D2C3	N4743M	PA30
D2C4	N4743N	C182
D2C6	N4743Q	C185
D2C8	N4743S	C182
D2C9	N4743T	M4
D2CC	N4743W	AC11
D2CD	N4743X	T206
D2D1	N47431	P28A
D2D4	N47434	B39M
D2D6	N47436	P28A
D2D8	N47438	P28A
D2DC	N4744B	C152
D2DD	N4744C	C210
D2E1	N4744G	C172
D2E2	N4744H	PA11
D2E4	N4744K	P210
D2E5	N4744L	P28A
D2E6	N4744M	CH75
D2EC	N4744T	M4
D2EE	N4744V	BL17
D2F2	N4744Z	PA22
D2F5	N47442	P28R
D2F8	N47445	P28R
D2F9	N47446	B39M
D2FB	N47448	PA34
D300	N4745C	T6
D301	N4745D	C182
D302	N4745E	CH7A
D304	N4745G	C195
D305	N4745H	PA11
D309	N4745M	PA11
D30A	N4745N	C182
D30B	N4745P	C152
D311	N4745V	BL17
D318	N47452	P28A
D319	B737-M9	B39M
D31A	N47454	TAYD
D31D	N47457	B39M
D31F	N47459	P28R
D328	N4746H	M20P
D32B	N4746L	P28A
D32D	N4746N	C182
D330	N4746R	C72R
D333	N4746U	T206
D33A	N47461	AR6T
D33B	N47462	B39M
D33C	N47463	PA32
D33D	N47464	TAYD
D341	N47468	TAYD
D342	N47469	TAYD
D344	N4747A	PA22
D346	N4747C	T210
D347	N4747D	P47
D34C	N4747J	BE23
D34D	N4747K	P210
D34E	N4747L	P28A
D34F	N4747M	P28A
D350	N4747N	ST75
D351	N4747P	P47
D352	N4747Q	C185
D355	N4747T	M4
D357	N4747V	BL17
D358	N4747W	AC11
D35C	N47450	B39M
D35D	N47471	P28R
D35F	N47473	P28A
D360	N47474	AR6T
D364	N47478	TAYD
D367	N4748A	PA22
D369	N4748C	T6
D36A	N4748D	C182
D36B	N4748E	CH7A
D36F	N4748J	C172
D371	N4748L	P28A
D378	N4748T	RV6
D379	N4748U	C180
D37A	N4748V	ST75
D37D	N4748Y	PA25
D380	N47481	TAYD
D381	N47482	P28A
D383	N47484	P28R
D385	N47486	TAYD
D38B	N4749B	C180
D391	N4749H	PA11
D394	N4749L	P28A
D395	N4749M	PA11
D39A	N4749S	GLID
D39D	N4749V	ST75
D39F	N4749X	C150
D3A2	N47490	P28A
D3A3	N47491	P28A
D3A4	N47492	P28A
D3A5	N47493	P28A
D3A6	N47494	P28R
D3A9	N47497	P28R
D3AA	N47498	P28R
D3B0	N475AC	CH7B
D3B2	N475AE	CL60
D3B3	N475AF	SW4
D3B5	N475AH	RV6
D3B8	N475AL	B47G
D3BF	N475AT	R22
D3C6	N475B	BE35
D3C7	N475BA	A5
D3D1	N475BL	DA40
D3D7	N475BS	BE58
D3E0	N475CA	COL4
D3E2	N475CC	PA11
D3E3	N475CD	SR22
D3E7	N475CH	H47
D3F4	N475CW	C56X
D3F8	N475D	WAIX
D3F9	N475DA	SR20
D3FB	N475DC	DV20
D400	N475DH	C25A
D401	N475DJ	RV7
D409	N475DS	RV7
D40E	N475DX	GLIM
D414	N475EC	BE36
D421	N475ER	C172
D440	N475FX	LJ45
D446	N475GC	R66
D451	N475GP	HUSK
D45D	N475HA	B712
D45F	N475HC	C550
D467	N475HL	S22T
D468	N475HM	H25B
D475	N475J	BE36
D477	N475JB	RV12
D478	N475JC	C560
D479	N475JD	T206
D481	N475JM	BE36
D482	N475JN	C414
D486	N475JS	GLID
D487	N475JT	LJ45
D48E	N475K	AA5
D48F	N475KA	AS50
D496	N475KH	CH60
D4A2	N475KV	SR20
D4A7	N475L	C182
D4A8	N475LA	AT3T
D4AA	N475LC	GLF4
D4B5	N475LP	PIAT
D4B8	N475LS	LJ45
D4C1	N475MA	HUSK
D4C3	N475MC	B744
D4C9	N475MJ	PC12
D4DA	N475NA	B461
D4F5	N475PC	P28A
D4FB	N475PJ	E545
D503	N475PS	DA40
D506	N475PV	RV10
D51C	N475QS	E55P
D526	N475RB	M20P
D527	N475RC	C404
D535	N475RS	H25B
D536	N475RT	PA32
D540	N475SC	CRUZ
D54B	N475SP	GLST
D54D	N475SR	SREY
D54E	N475SS	PC12
D556	N475T	CJ6
D557	N475TA	P28A
D559	N475TC	BE40
D55A	N475TD	RV10
D562	N475TM	BE40
D566	N475TR	E55P
D56E	N475TZ	C240
D570	N475UA	A320
D57D	N475UP	B752
D5A5	N475WD	RV6
D5AE	N475WN	B737
D606	N4750A	PA22
D607	N4750B	C180
D609	N4750D	C182
D60B	N4750F	C206
D611	N4750M	PA11
D612	N4750N	C182
D613	N4750P	PA23
D614	N4750Q	C185
D616	N4750S	RV4
D618	N4750U	C180
D619	N4750V	ST75
D61B	N4750X	C150
D61D	N4750Z	PA22
D61E	N47500	AR6T
D620	N47502	AR6T
D621	N47503	AR6T
D622	N47504	TAYD
D623	N47505	B39M
D626	N47508	P28A
D627	N47509	P28A
D629	N4751A	PA22
D62A	N4751B	C180
D62C	N4751D	C182
D62E	N4751F	C172
D62F	N4751G	C172
D633	N4751L	P28A
D634	N4751M	PA11
D637	N4751Q	C188
D63A	N4751T	C82R
D63B	N4751U	C180
D63D	N4751W	C208
D642	N47511	BE20
D643	N47512	B39M
D644	N47513	S1
D645	N47514	P28R
D648	N47517	B39M
D64D	N4752B	C152
D64E	N4752C	C180
D653	N4752H	PA11
D655	N4752K	P210
D656	N4752L	P28A
D657	N4752M	PA11
D65A	N4752Q	C185
D65B	N4752R	C72R
D65C	N4752S	C82R
D65F	N4752V	ST75
D660	N4752W	E550
D662	N4752Y	BCAT
D664	N47520	AR6T
D667	N47523	AR6T
D668	N47524	B39M
D669	N47525	P28A
D672	N4753D	C172
D674	N4753F	C206
D676	N4753H	PA11
D677	N4753J	BE23
D67A	N4753M	BE33
D67B	N4753N	C182
D681	N4753U	T210
D684	N4753X	C150
D687	N47530	P28A
D68A	N47533	B39M
D68D	N47536	PA34
D68E	N47537	PA34
D68F	N47538	P28A
D691	N4754	RV12
D692	N4754A	C340
D696	N4754E	C82R
D69A	N4754J	BE23
D69B	N4754K	TAYD
D69E	N4754N	C182
D6A2	N4754S	C182
D6AD	N47543	P28A
D6B0	N47546	P28R
D6B1	N47547	TAYD
D6BE	N4755K	P210
D6BF	N4755L	P28A
D6C2	N4755P	C152
D6C3	N4755Q	C185
D6C9	N4755W	AC11
D6CC	N4755Z	PA22
D6CE	N47551	P28R
D6D0	N47553	P32R
D6D4	N47557	PA34
D6D7	N4756	SM19
D6DB	N4756D	C182
D6DC	N4756E	C185
D6DF	N4756H	PA11
D6E0	N4756J	BE23
D6E9	N4756T	DHC2
D6F0	N47560	P28A
D6F2	N47562	P28A
D6F3	N47563	C152
D6F4	N47564	P28A
D6F7	N47567	C152
D6F9	N47569	B39M
D6FA	N4757	G164
D6FF	N4757E	C185
D700	N4757F	C206
D704	N4757K	P210
D705	N4757L	P28A
D707	N4757N	C182
D708	N4757P	PA23
D70A	N4757R	B47G
D70C	N4757T	C82R
D70D	N4757U	P46T
D70F	N4757W	AC11
D710	N4757X	C150
D711	N4757Y	PA18
D713	N47570	B39M
D718	N47575	GLID
D71B	N47578	P28A
D71C	N47579	P28A
D71D	N4758	COUG
D71F	N4758B	C180
D720	N4758C	T210
D721	N4758D	C182
D723	N4758F	P28A
D726	N4758J	BE23
D727	N4758K	P210
D728	N4758L	P28A
D729	N4758M	PA11
D72B	N4758P	PA23
D72E	N4758S	PA32
D732	N4758W	AC11
D736	N47580	P28A
D737	N47581	TAYD
D73B	N47585	TAYD
D73C	N47586	C152
D73F	N47589	P28R
D742	N4759B	C180
D747	N4759G	C172
D748	N4759H	PA11
D749	N4759J	BE23
D74A	N4759K	P210
D74B	N4759L	P28A
D74C	N4759M	BE36
D74D	N4759N	C182
D74F	N4759Q	C185
D750	N4759R	B47G
D751	N4759S	GLID
D752	N4759T	P28A
D756	N4759X	C150
D758	N4759Z	PA22
D75C	N47593	PA32
D75E	N47595	P28A
D762	N47599	P28A
D763	N476	J3
D764	N476A	WAIX
D76B	N476AG	CLON
D776	N476AT	R22
D779	N476AW	S61
D780	N476BC	SA30
D782	N476BE	BE58
D786	N476BJ	BE40
D796	N476C	S108
D798	N476CB	GA6C
D79E	N476CH	H47
D7A2	N476CM	C172
D7A6	N476CR	SF50
D7B0	N476DA	SR20
D7B2	N476DC	DV20
D7B5	N476DF	H60
D7C0	N476DS	DA40
D7C1	N476DT	C172
D7C4	N476DW	C182
D7C9	N476EA	SS2T
D7D8	N476ER	C172
D7DD	N476EW	BE58
D7EC	N476FL	P28A
D7ED	N476FM	CH7B
D7F7	N476FX	E545
D813	N476H	PTS1
D814	N476HA	B712
D82E	N476JB	P28R
D82F	N476JC	C56X
D830	N476JD	C25A
D834	N476JH	R22
D841	N476JW	R44
D846	N476KA	B06
D84A	N476KE	C182
D85F	N476LA	LJ45
D861	N476LC	C550
D86C	N476LP	PIAT
D86F	N476LS	T206
D878	N476MA	BL8
D87A	N476MC	B744
D891	N476NA	B461
D898	N476NH	R44
D8A9	N476P	RS12
D8AA	N476PA	BE18
D8AB	N476PB	BE30
D8AC	N476PC	P28A
D8BA	N476PS	DA40
D8BE	N476PW	PA15
D8D3	N476QS	E55P
D8DE	N476RC	PA32
D8EC	N476RS	C550
D8F0	N476RW	SH36
D8F5	N476SA	SKAR
D8FC	N476SH	R22
D8FE	N470SK	C68A
D900	N476SM	PA18
D902	N476SP	C72R
D904	N476SR	SR22
D905	N476SS	PC12
D90E	N476TA	P28A
D910	N476TC	C152
D917	N476TK	SR22
D91D	N476TR	TBM9
D927	N476UA	A320
D947	N476VH	H46
D951	N476VT	RV12
D953	N476VV	RV6
D958	N476W	BE35
D95F	N476WG	SR22
D965	N476WN	B737
D97F	N476XP	PC6T
D98A	N476Y	SR22
D9BC	N4760	EFOX
D9BD	N4760A	PA22
D9BF	N4760C	T206
D9C1	N4760E	C82R
D9C4	N4760H	M20P
D9C5	N4760J	BE23
D9C6	N4760K	P210
D9C7	N4760L	P28A
D9C9	N4760N	C182
D9CC	N4760R	WAIX
D9D0	N4760V	ST75
D9D5	N47600	P28A
D9D6	N47601	P28A
D9D7	N47602	AR6T
D9D8	N47603	P28A
D9DA	N47605	P28R
D9DD	N47608	AR6T
D9E0	N4761A	P210
D9E2	N4761C	C210
D9E3	N4761D	C182
D9E4	N4761E	C82R
D9E7	N4761H	PA11
D9E9	N4761K	P210
D9EA	N4761L	C152
D9EB	N4761M	PA11
D9EE	N4761Q	C185
D9F0	N4761S	PA32
D9F1	N4761T	C182
D9F3	N4761V	ST75
D9FC	N47614	S1
D9FD	N47615	P28A
D9FF	N47617	P28A
DA04	N4762B	C180
DA07	N4762E	C185
DA0A	N4762H	PA11
DA0D	N4762L	P28A
DA0E	N4762M	BE60
DA0F	N4762N	ST75
DA18	N4762X	C150
DA1D	N47622	P28A
DA1E	N47623	C152
DA20	N47625	TAYD
DA25	N4763	T6
DA26	N4763A	PA22
DA29	N4763D	C172
DA2A	N4763E	O1
DA2B	N4763F	P28A
DA2C	N4763G	C414
DA2D	N4763H	PA11
DA30	N4763L	P28A
DA32	N4763N	C182
DA36	N4763S	C182
DA38	N4763U	C180
DA3E	N47630	P32R
DA3F	N47631	PA34
DA40	N47632	P28R
DA42	N47634	P28A
DA44	N47636	P28A
DA4A	N4764B	C185
DA4C	N4764D	C172
DA53	N4764L	P28A
DA54	N4764M	BE33
DA55	N4764N	C182
DA57	N4764Q	C185
DA5B	N4764U	C180
DA5F	N4764Y	BE35
DA63	N47642	P28R
DA66	N47645	C340
DA67	N47646	P32R
DA69	N47648	TAYD
DA6B	N4765	MUS2
DA72	N4765G	C414
DA74	N4765J	BE23
DA76	N4765L	P28A
DA77	N4765M	PA11
DA78	N4765N	C182
DA7A	N4765Q	C188
DA7D	N4765T	C82R
DA83	N4765Z	PA22
DA85	N47651	P28A
DA87	N47653	P28A
DA89	N47655	TAYD
DA8A	N47656	P28A
DA8B	N47657	C172
DA8C	N47658	ST75
DA90	N4766B	C152
DA92	N4766D	C182
DA93	N4766E	C185
DA94	N4766F	P28A
DA96	N4766H	M20P
DA9A	N4766M	BE36
DAA1	N4766U	C180
DAA2	N4766V	ST75
DAA7	N47660	P28A
DAA8	N47661	P28A
DAA9	N47662	P28R
DAAC	N47665	TAYB
DAAF	N47668	AR6T
DAB0	N47669	PA32
DAB1	N4767	EDGE
DAB5	N4767D	C182
DABE	N4767N	C182
DAC0	N4767Q	C185
DAC4	N4767U	T206
DAC5	N4767V	ST75
DAC9	N4767Z	PA22
DACA	N47670	PA34
DACC	N47672	C152
DACD	N47673	P28A
DACE	N47674	P28A
DACF	N47675	P28A
DAD0	N47676	P28A
DAD6	N4768B	C180
DAD8	N4768D	C182
DAD9	N4768E	C172
DADA	N4768F	T206
DADD	N4768J	BE23
DADE	N4768K	P210
DAE0	N4768M	PA11
DAE1	N4768N	C182
DAE2	N4768P	P210
DAE5	N4768S	PA32
DAE8	N4768V	ST75
DAE9	N4768W	AC11
DAEC	N4768Z	PA22
DAED	N47680	P28R
DAEE	N47681	P28R
DAEF	N47682	P28R
DAF3	N47686	PA34
DAF4	N47687	P28A
DAF8	N4769A	PA22
DAF9	N4769B	C180
DB01	N4769K	P210
DB03	N4769M	PA11
DB04	N4769N	C182
DB06	N4769Q	C152
DB08	N4769S	PA32
DB09	N4769T	C82R
DB0D	N4769X	C150
DB13	N47693	P28A
DB14	N47694	P28A
DB18	N47698	PA31
DB19	N47699	P28A
DB1A	N477	COY2
DB22	N477AG	CLON
DB27	N477AM	P28A
DB2C	N477AS	B739
DB2F	N477AV	A320
DB31	N477AX	B763
DB34	N477B	C441
DB36	N477BB	C680
DB37	N477BC	M20P
DB3B	N477BG	AA5
DB42	N477BP	RV8
DB46	N477BT	SSTL
DB4E	N477CA	CRJ2
DB55	N477CH	R22
DB5E	N477CS	B105
DB5F	N477CT	FDCT
DB66	N477D	P32R
DB67	N477DA	SR20
DB68	N477DB	FLSS
DB69	N477DC	RV7
DB6A	N477DD	MU2
DB6C	N477DF	H60
DB6E	N477DH	RV6
DB76	N477DR	RV14
DB80	N477EA	GLIM
DB90	N477ES	PISI
DB98	N477F	C172
DBAE	N477FX	GLF4
DBB0	N477FZ	RV12
DBB7	N477GF	C82T
DBB8	N477GG	GLF4
DBCB	N477HA	B712
DBCD	N477HC	P46T
DBD8	N477HP	P32T
DBE0	N477HX	CH70
DBE3	N477J	BE95
DBE4	N477JA	ESCP
DBE8	N447JE	P46T
DBEF	N477JM	BE20
DBF0	N477JN	TBM7
DBFC	N477K	LJ23
DBFD	N477KA	B407
DC00	N477KD	SONX
DC0C	N477KR	PC12
DC18	N477LC	C550
DC20	N477LL	PA18
DC21	N477LM	M20P
DC23	N477LP	C82S
DC2E	N477M	BE9L
DC2F	N477MA	T210
DC31	N477MC	B744
DC32	N477MD	LJ45
DC35	N477MG	C421
DC36	N477MH	RC70
DC38	N477MK	PISI
DC39	N477ML	S22T
DC3A	N477MM	EXEC
DC40	N477MT	COL4
DC48	N477NA	B462
DC63	N477PC	P28A
DC6C	N477PM	PA31
DC70	N477PR	FOX
DC71	N477PS	RV9
DC72	N477PT	BE9L
DC75	N477PW	CRER
DC7A	N477QA	C25C
DC92	N477R	PA32
DC94	N477RB	BE35
DC98	N477RF	C25C
DC9A	N477RH	GLF6
DC9B	N477RJ	C25B
DCA3	N477RS	C402
DCA4	N477RT	CL35
DCA6	N477RV	RV7
DCAE	N477SC	CL35
DCAF	N477SD	B06
DCB1	N477SF	E300
DCB9	N477SP	RV7
DCC4	N477T	M20P
DCD0	N477TM	BE40
DCD9	N477TW	PA46
DCDE	N477UA	A320
DCE0	N477UC	RLU1
DCF1	N477UV	PA44
DD12	N477WC	BE36
DD1C	N477WN	B737
DD24	N477WW	SR22
DD36	N477XP	C208
DD4F	N477YP	LJ55
DD73	N4770	GLID
DD74	N4770A	PA22
DD76	N4770C	YL15
DD77	N4770D	C182
DD79	N4770F	P28A
DD7D	N4770K	P210
DD7E	N4770L	P28A
DD7F	N4770M	PA11
DD84	N4770S	PA32
DD8C	N47700	P28R
DD8E	N47702	P28A
DD91	N47705	P28A
DD92	N47706	P28A
DD93	N47707	P28R
DD95	N47709	P28R
DD9F	N4771J	BE23
DDA0	N4771K	P210
DDA1	N4771L	P28A
DDA9	N4771U	C180
DDAB	N4771W	AC11
DDAE	N4771Z	B47G
DDB0	N47711	P32R
DDB2	N47713	B47G
DDB3	N47714	P28A
DDB7	N47718	P28A
DDB8	N47719	P28A
DDBA	N4772A	C414
DDBE	N4772E	C172
DDC1	N4772H	M20P
DDC4	N4772L	P28A
DDC8	N4772Q	C185
DDC9	N4772R	C72R
DDCB	N4772T	C182
DDD0	N4772Y	PA25
DDD5	N47723	P28R
DDD6	N47724	TAYD
DDD8	N47726	P28R
DDD9	N47727	TAYD
DDDA	N47728	P28R
DDDD	N4773A	PA22
DDDE	N4773B	C180
DDDF	N4773C	T210
DDE4	N4773H	M20P
DDE6	N4773K	P210
DDE7	N4773L	C152
DDEA	N4773P	P210
DDED	N4773S	C82R
DDEE	N4773T	C82R
DDEF	N4773U	T206
DDF2	N4773X	C150
DDF4	N4773Z	PA22
DDF5	N47730	TAYD
DDF6	N47731	TAYD
DDFC	N47737	P28A
DDFD	N47738	P28R
DDFE	N47739	P28R
DE00	N4774A	PA22
DE01	N4774B	C180
DE02	N4774C	B47G
DE03	N4774D	RV7
DE04	N4774E	C172
DE05	N4774F	C172
DE07	N4774H	M20P
DE08	N4774J	BE23
DE09	N4774K	P210
DE0D	N4774P	C152
DE18	N47740	P28R
DE1A	N47742	P28R
DE1B	N47743	P32R
DE1C	N47744	PA34
DE1F	N47747	FA62
DE24	N4775B	C180
DE26	N4775D	C172
DE28	N4775F	PA32
DE2A	N4775H	M20P
DE2C	N4775K	P210
DE2D	N4775L	P28A
DE2E	N4775M	BE35
DE2F	N4775N	C182
DE30	N4775P	BL8
DE31	N4775Q	C185
DE35	N4775U	C180
DE3C	N47751	AR6T
DE47	N4776B	C180
DE4A	N4776E	C172
DE4D	N4776H	PA11
DE4E	N4776J	BE23
DE50	N4776L	P28A
DE51	N4776M	BE9L
DE52	N4776N	C182
DE56	N4776S	B47G
DE57	N4776T	C82R
DE58	N4776U	T206
DE5B	N4776X	C150
DE5F	N47761	P28R
DE61	N47763	P28R
DE62	N47764	P32R
DE63	N47765	TAYD
DE64	N47766	PA34
DE65	N47767	P28A
DE66	N47768	P28A
DE68	N4777	WACO
DE6C	N4777D	COL4
DE70	N4777H	C152
DE71	N4777J	BE23
DE73	N4777L	P28A
DE75	N4777N	C182
DE79	N4777S	C182
DE7B	N4777U	T210
DE82	N47771	P28A
DE84	N47773	P28A
DE8E	N4778C	BE95
DE90	N4778E	C172
DE91	N4778F	C206
DE92	N4778G	GLID
DE96	N4778L	P28A
DE9D	N4778T	G164
DEAE	N4779	WACO
DEB6	N4779H	PA11
DEB7	N4779J	C188
DEC0	N4779T	C82R
DEC1	N4779U	C180
DEC3	N4779W	AC11
DEC4	N4779X	C150
DEC8	N47791	C152
DECA	N47793	C150
DED1	N478	NAVI
DED2	N478A	P28A
DED4	N478AB	COL4
DEE0	N478AP	PA31
DEE3	N478AS	B739
DEEC	N478BA	A5
DEEE	N478BC	SR20
DEF5	N478BK	C152
DF04	N478C	SR22
DF05	N478CA	C172
DF06	N478CB	C650
DF07	N478CC	ST75
DF10	N478CM	C172
DF14	N478CR	BE9L
DF15	N478CS	B105
DF18	N478CV	SF50
DF1E	N478DA	SR20
DF20	N478DC	DV20
DF23	N478DF	H60
DF2D	N478DR	BE40
DF2E	N478DS	DA40
DF39	N478EC	PA18
DF4B	N478EW	BE36
DF4E	N478EZ	VEZE
DF4F	N478F	EA50
DF56	N478FG	C82S
DF5A	N478FL	P28A
DF68	N478G	SR22
DF76	N478GP	C82T
DF79	N478GS	GLF4
DF82	N478HA	B712
DFA6	N478JM	FDCT
DFBC	N478KJ	C82T
DFBF	N478KM	SR22
DFC5	N478KT	RV8
DFCF	N478LC	PTS1
DFD0	N478LD	B350
DFDA	N478LP	PIAT
DFE5	N478M	MITE
DFE6	N478MA	PA32
DFE8	N478MC	C82T
DFE9	N478MD	P32R
DFEE	N478MJ	C25B
DFF1	N478MM	PRM1
DFF3	N478MP	SR22
DFFF	N478NA	B462
E003	N478NE	C25C
E013	N478NW	H500
E017	N478P	P28A
E018	N478PA	C650
E01A	N478PC	P28A
E020	N478PJ	C750
E023	N478PM	C750
E028	N478PS	M20T
E02D	N478PX	CRJ9
E04B	N478RB	DUCE
E05A	N478RS	CAMP
E064	N478SB	C560
E065	N478SC	BE95
E066	N478SD	BOLT
E067	N478SE	SR22
E06A	N478SH	R22
E070	N478SP	C172
E072	N478SR	SR22
E073	N478SS	PC12
E078	N478SX	SONX
E07B	N478T	BE35
E07E	N478TC	C177
E081	N478TF	L8
E08C	N478TS	C77R
E08D	N478TT	DHC2
E090	N478TW	C172
E095	N478UA	A320
E0B7	N478VK	TUCA
E0BF	N478VT	I115
E0D3	N478WN	B737
E0D8	N478WT	PA24
E0F8	N478Y	G164
E12B	N4780A	PA22
E12F	N4780E	C172
E133	N4780J	BE23
E135	N4780L	P28A
E140	N4780X	C150
E141	N4780Y	PA25
E146	N47803	FA62
E14B	N47808	C152
E151	N4781D	C182
E156	N4781J	BE23
E15C	N4781Q	C188
E15F	N4781T	BL8
E163	N4781X	C150
E165	N4781Z	PA22
E166	N47810	P28R
E167	N47811	AR6T
E16B	N47815	PA34
E16E	N47818	P28A
E16F	N47819	P28A
E174	N4782D	C182
E177	N4782G	T18
E17C	N4782M	PA11
E17E	N4782P	PA23
E180	N4782R	C72R
E182	N4782T	P28A
E185	N4782W	AC11
E189	N47820	P28A
E18D	N47824	P28A
E18E	N47825	TAYD
E18F	N47826	P28R
E190	N47827	P28R
E193	N4783	SA11
E19B	N4783H	M20P
E19D	N4783K	P210
E19E	N4783L	P28A
E1A0	N4783N	C182
E1A1	N4783P	AA5
E1A3	N4783R	R44
E1A7	N4783V	ST75
E1A8	N4783W	AC11
E1AF	N47833	P28A
E1B1	N47835	P28A
E1B3	N47837	P28A
E1B5	N47839	P28R
E1B7	N4784A	C152
E1B8	N4784B	C180
E1BB	N4784E	C172
E1BC	N4784F	C206
E1BD	N4784G	T18
E1BE	N4784H	PA11
E1BF	N4784J	BE23
E1C1	N4784L	P28A
E1C2	N4784M	BE95
E1C7	N4784S	GLID
E1CA	N4784V	ST75
E1CC	N4784X	C150
E1CD	N4784Y	PA25
E1D3	N47844	PTS2
E1D7	N47848	PA34
E1DB	N4785B	C152
E1DC	N4785C	UH12
E1DF	N4785F	PA18
E1E4	N4785L	P28A
E1E5	N4785M	CH70
E1E6	N4785N	C182
E1EA	N4785S	C182
E1EC	N4785U	T210
E1F0	N4785Y	PA25
E1F8	N47856	C152
E1FF	N4786C	UH12
E200	N4786D	C182
E201	N4786E	C172
E204	N4786H	M20P
E206	N4786K	P210
E207	N4786L	P28A
E209	N4786N	ST75
E20A	N4786P	C152
E20B	N4786Q	C185
E20D	N4786S	C82R
E210	N4786V	ST75
E21C	N47867	TAYD
E21D	N47868	P28A
E21E	N47869	P28R
E21F	N4787	BE35
E220	N4787A	PA22
E222	N4787C	DHC2
E224	N4787E	C172
E22A	N4787L	P28A
E22B	N4787M	PA11
E230	N4787S	C82R
E232	N4787U	C180
E233	N4787V	ST75
E237	N4787Z	PA22
E23C	N47874	P28R
E23F	N47877	PA34
E240	N47878	PA34
E246	N4788D	C172
E247	N4788E	C172
E250	N4788P	P210
E256	N4788V	C72R
E25B	N47880	RV4
E25C	N47881	P28A
E25D	N47882	P28A
E260	N47885	P28A
E261	N47886	P28A
E269	N4789D	C172
E26A	N4789E	C172
E26B	N4789F	T206
E26C	N4789G	C172
E26D	N4789H	M20P
E26E	N4789J	BE23
E26F	N4789K	P210
E271	N4789M	PA11
E272	N4789N	C182
E27A	N4789W	VP2
E27B	N4789X	C150
E27F	N47891	P28R
E281	N47893	TAYB
E282	N47894	P32R
E283	N47895	PA34
E285	N47897	ST75
E287	N47899	P28A
E28C	N479AC	CH7B
E28E	N479AE	B06
E290	N479AG	C421
E293	N479AK	BE10
E295	N479AM	B38M
E29A	N479AS	B739
E2A1	N479AZ	B763
E2A2	N479B	BE30
E2A3	N479BA	BE36
E2A5	N479BC	S22T
E2AC	N479BK	WAIX
E2B2	N479BR	BE20
E2BA	N479BZ	C210
E2BB	N479C	AS50
E2BC	N479CA	CRJ2
E2BD	N479CB	AEST
E2BE	N479CC	M20P
E2C4	N479CJ	C25A
E2CF	N479CV	SF50
E2D5	N479DA	SR20
E2D6	N479DB	B105
E2D7	N479DC	C510
E2DA	N479DF	H60
E2E4	N479DR	BE40
E2E5	N479DS	DA40
E2E8	N479DV	EC30
E2E9	N479DW	COY2
E2ED	N479E	QIC2
E2FD	N479ER	C172
E311	N479FL	P28A
E31C	N479FX	GLF4
E338	N479H	TBM7
E339	N479HA	B712
E33A	N479HB	T206
E35A	N479JJ	RV4
E362	N479JS	LJ45
E374	N479KK	T33
E37B	N479KS	BE36
E383	N479L	B505
E391	N479LP	PIAT
E395	N479LT	PC12
E39D	N479MA	E55P
E3A9	N479MN	C68A
E3AD	N479MS	E55P
E3AE	N479MT	TUCA
E3B3	N479MY	C25A
E3D4	N479PF	CL30
E3DE	N479PR	GALX
E3E0	N479PT	AC95
E3E4	N479PX	CRJ9
E410	N479RR	P28R
E41A	N479SA	BE65
E421	N479SH	R22
E427	N479SP	C172
E42A	N479SS	PC12
E42B	N479ST	PC12
E42D	N479SV	BL17
E42E	N479SW	PA31
E432	N479T	BE35
E433	N479TA	A319
E43E	N479TM	C130
E44C	N479UA	A320
E47D	N479W	FA7X
E47F	N479WB	BE30
E48A	N479WN	B737
E4AF	N479Y	G164
E4E2	N4790A	PA22
E4E3	N4790B	C180
E4E5	N4790D	C182
E4E6	N4790E	C172
E4E7	N4790F	C206
E4E8	N4790G	C172
E4EA	N4790J	C172
E4EC	N4790L	P28A
E4ED	N4790M	PA11
E4F3	N4790T	J3
E4F6	N4790W	AC11
E4FD	N47903	GLID
E4FF	N47905	P28A
E500	N47906	P28A
E501	N47907	P28A
E508	N4791D	C182
E509	N4791E	C172
E50A	N4791F	C206
E50C	N4791H	M20P
E50E	N4791K	NAVI
E50F	N4791L	P28A
E510	N4791M	PA11
E517	N4791U	T206
E518	N4791V	C72R
E51A	N4791X	C150
E51F	N47912	P28R
E521	N47914	PA32
E522	N47915	PA34
E525	N47918	P28A
E528	N4792A	WAIX
E52F	N4792H	M20P
E531	N4792K	NAVI
E532	N4792L	ALGR
E539	N4792T	P28R
E53A	N4792U	C180
E53C	N4792W	AC11
E53E	N4792Y	PA25
E540	N47920	P28A
E542	N47922	FA62
E543	N47923	P28A
E544	N47924	P28A
E549	N47929	P28A
E54F	N4793E	C172
E550	N4793F	C172
E553	N4793J	BE23
E555	N4793L	P28A
E557	N4793N	GLIM
E55B	N4793S	PA32
E55C	N4793T	GLID
E563	N47930	C152
E56A	N47937	AR65
E570	N4794C	DHC2
E572	N4794E	GLIM
E573	N4794F	C206
E575	N4794H	PA11
E578	N4794L	P28A
E579	N4794M	BE95
E57A	N4794N	VALI
E581	N4794V	ST75
E584	N4794Y	PA25
E589	N47943	P28A
E58B	N47945	P28R
E593	N4795C	T210
E594	N4795D	C182
E596	N4795F	C206
E597	N4795G	C414
E598	N4795H	PA11
E59A	N4795K	NAVI
E59B	N4795L	P28A
E59C	N4795M	PA11
E59E	N4795P	PC6T
E59F	N4795Q	C188
E5A2	N4795T	P28R
E5A3	N4795U	C180
E5A6	N4795X	C150
E5A7	N4795Y	PA25
E5AC	N47953	P28A
E5AD	N47954	P28A
E5AE	N47955	P28A
E5B4	N4796A	PA22
E5B5	N4796B	C180
E5B6	N4796C	O1
E5BA	N4796G	O1
E5BB	N4796H	PA11
E5BD	N4796K	P210
E5BF	N4796M	BE35
E5C0	N4796N	C182
E5C2	N4796Q	BE35
E5C6	N4796U	U16
E5C7	N4796V	C72R
E5C8	N4796W	AC11
E5CD	N47961	P32R
E5D0	N47964	ST75
E5D1	N47965	P28A
E5D4	N47968	P28A
E5D5	N47969	P28A
E5D6	N4797	DH82
E5DF	N4797J	BE23
E5E2	N4797M	BE95
E5E7	N4797S	PA32
E5E9	N4797U	T206
E5EB	N4797W	AC11
E5EC	N4797X	C150
E5F0	N47971	P28A
E5F6	N47977	P32R
E5FB	N4798B	C180
E5FC	N4798C	C414
E5FE	N4798E	C172
E601	N4798H	PA11
E603	N4798K	P210
E607	N4798P	P210
E609	N4798R	B47G
E60A	N4798S	PA32
E60B	N4798T	P28A
E60D	N4798V	ST75
E611	N4798Z	PA22
E613	N47981	P28A
E618	N47986	FA62
E619	N47987	P28R
E61D	N4799A	C152
E61F	N4799C	T210
E620	N4799D	C182
E625	N4799J	BE23
E626	N4799K	NAVI
E629	N4799N	C182
E62A	N4799P	PA23
E62D	N4799S	PA32
E62E	N4799T	P28A
E62F	N4799U	C180
E630	N4799V	BL17
E631	N4799W	AC11
E632	N4799X	C150
E634	N4799Z	PA22
E635	N47990	PA34
E636	N47991	CORS
E63A	N47995	P28A
E63F	N48	B350
E642	N48AB	BE35
E643	N48AC	RV6
E645	N48AE	B06
E646	N48AF	C72R
E649	N48AJ	RV10
E64B	N48AL	T210
E64C	N48AM	C414
E650	N48AR	PA30
E655	N48AW	R66
E658	N48AZ	BE9L
E659	N48B	AS50
E65A	N48BA	AC90
E65C	N48BC	T6
E660	N48BG	C172
E663	N48BK	RV8
E664	N48BL	WAIX
E665	N48BM	RF10
E667	N48BP	C421
E669	N48BR	RV9
E66B	N48BT	PTS2
E66D	N48BV	C550
E66E	N48BW	BE33
E673	N48CA	P32R
E674	N48CB	BE35
E675	N48CC	BE58
E676	N48CD	R44
E677	N48CE	BE95
E678	N48CF	C207
E679	N48CG	F900
E67D	N48CL	RV6
E67E	N48CM	BE55
E682	N48CR	RV7
E683	N48CS	BE20
E684	N48CT	LJ24
E685	N48CU	SONX
E686	N48CV	BE20
E687	N48CW	GLID
E68A	N48CZ	B407
E68D	N48DB	SR22
E68F	N48DD	SBR1
E690	N48DE	RV8
E691	N48DF	RV10
E692	N48DG	BOLT
E693	N48DH	HROC
E695	N48DK	C551
E697	N48DM	GLIM
E69A	N48DQ	PA23
E69B	N48DR	C25A
E6A0	N48DW	C140
E6A1	N48DX	GLAS
E6A4	N48E	ERCO
E6A5	N48EA	HUSK
E6A6	N48EB	RV7
E6AA	N48EF	C172
E6AC	N48EH	GLID
E6AD	N48EJ	VEZE
E6AE	N48EK	PA18
E6AF	N48EL	F8L
E6B0	N48EM	GLIM
E6B1	N48EN	GL7T
E6B4	N48ER	AA5
E6B5	N48ES	LJ35
E6B8	N48EV	COZY
E6B9	N48EW	PTS2
E6BE	N48FA	C150
E6BF	N48FB	F2TH
E6C0	N48FC	T206
E6C4	N48FG	P46T
E6C5	N48FH	C82R
E6C8	N48FL	GLID
E6C9	N48FM	M20P
E6CE	N48FS	EN48
E6D2	N48FW	C550
E6D7	N48GA	PC12
E6D8	N48GB	RV6
E6D9	N48GC	BE60
E6DE	N48GH	HUSK
E6E0	N48GK	CB1
E6E1	N48GL	GLF4
E6E7	N48GS	BE9L
E6E8	N48GT	M20P
E6F0	N48HA	PA22
E6F1	N48HB	BD5
E6F2	N48HC	PA46
E6F6	N48HG	RV7
E6F7	N48HH	B06
E6FB	N48HM	HDJT
E6FD	N48HP	BE20
E6FF	N48HR	RV8
E700	N48HS	SF50
E701	N48HT	RV10
E704	N48HW	BE40
E706	N48HY	HUSK
E708	N48J	BE58
E709	N48JA	C172
E70A	N48JB	BE35
E70B	N48JC	T6
E70F	N48JG	C185
E710	N48JH	BE36
E711	N48JJ	GA7
E712	N48JK	C172
E713	N48JL	BE33
E714	N48JM	C25A
E715	N48JN	S22T
E716	N48JP	FA7X
E718	N48JR	NAVI
E719	N48JS	SR20
E71C	N48JV	PC12
E71D	N48JW	PTS1
E722	N48KA	PTS2
E723	N48KB	MA5
E724	N48KC	C182
E726	N48KE	E50P
E727	N48KF	C25C
E729	N48KH	C550
E732	N48KS	PTS1
E734	N48KU	BE35
E736	N48KW	C82R
E738	N48KY	EA50
E739	N48KZ	F900
E73B	N48LA	B06
E73D	N48LC	J3
E73F	N48LE	BE36
E740	N48LF	BE35
E741	N48LG	BRAV
E742	N48LH	LEG2
E743	N48LJ	PA34
E746	N48LM	PA11
E74B	N48LS	C240
E74C	N48LT	E50P
E74F	N48LW	M20P
E753	N48M	BE18
E755	N48MB	RV6
E756	N48MC	CAMP
E759	N48MF	F2TH
E75A	N48MG	MONI
E75B	N48MH	BE35
E75F	N48MM	PTS1
E760	N48MN	GLIM
E761	N48MP	H500
E763	N48MR	PA12
E764	N48MS	AC80
E765	N48MT	MT
E768	N48MW	BE58
E76C	N48N	T6
E76F	N48NC	GLIM
E773	N48NG	ST75
E77A	N48NP	MU2
E786	N48PA	BE20
E789	N48PD	COL4
E78A	N48PE	L13M
E78B	N48PF	O1
E78C	N48PG	PC12
E78F	N48PK	GLST
E790	N48PL	GLF4
E791	N48PM	C210
E792	N48PN	FOX
E795	N48PR	P28A
E796	N48PS	RV6
E797	N48PT	AVID
E79E	N48Q	BE20
E7BA	N48RC	SR22
E7BB	N48RD	EAGL
E7BC	N48RE	SR22
E7BD	N48RF	DHC6
E7BF	N48RH	RS20
E7C0	N48RJ	ST75
E7C1	N48RK	BE33
E7C2	N48RL	RAF2
E7C5	N48RP	PTS1
E7C8	N48RS	BE35
E7C9	N48RT	GA6C
E7D0	N48S	BE95
E7D1	N48SA	C404
E7D4	N48SD	WW24
E7D5	N48SE	EC45
E7D8	N48SH	A109
E7D9	N48SJ	PA14
E7DA	N48SK	EAGL
E7DB	N48SL	PA34
E7DC	N48SM	S211
E7E3	N48SU	C152
E7E4	N48SV	B06
E7E5	N48SW	S108
E7E6	N48SX	SONX
E7E9	N48T	BE36
E7EB	N48TB	PA11
E7EC	N48TC	PRM1
E7EF	N48TF	L8
E7F0	N48TG	SR20
E7F3	N48TK	CH60
E7F5	N48TM	BD4
E7F6	N48TN	AEST
E7FF	N48TX	BE58
E800	N48TY	MIMU
E801	N48TZ	BE36
E80E	N48UM	TBM7
E81B	N48V	VTUR
E81C	N48VA	T210
E81D	N48VB	T206
E81E	N48VC	E50P
E827	N48VM	E55P
E82E	N48VU	SR20
E833	N48VZ	PA32
E834	N48W	BE9L
E837	N48WC	BE58
E838	N48WD	RV8
E839	N48WE	C182
E83A	N48WF	R44
E83B	N48WG	GLEX
E83F	N48WL	AA5
E840	N48WM	R44
E846	N48WT	RV14
E849	N48WW	BE36
E84B	N48WY	HUSK
E84D	N48X	LA4
E84F	N48XB	PC12
E858	N48XL	C68A
E866	N48Y	PA23
E87F	N48Z	GLIM
E880	N48ZA	B407
E886	N48ZG	RV12
E898	N480	BE17
E899	N480A	BE36
E89B	N480AB	EN48
E89C	N480AC	T206
E89D	N480AD	EN48
E89E	N480AE	B407
E89F	N480AF	MU2
E8A2	N480AJ	EN48
E8A3	N480AK	G44
E8A5	N480AM	S22T
E8AD	N480AV	DH8B
E8B2	N480B	EN48
E8C2	N480BR	BE20
E8C7	N480BW	C310
E8CC	N480CA	PA46
E8CD	N480CB	CL35
E8CE	N480CC	C25B
E8D4	N480CJ	EN48
E8E5	N480DA	SR20
E8E7	N480DC	RAF2
E8E8	N480DD	EN48
E8EA	N480DF	H60
E8FD	N480E	EN48
E8FF	N480EB	B350
E900	N480EC	F2TH
E905	N480EH	EN48
E90D	N480ER	C72R
E90E	N480ES	LJ45
E91E	N480FH	EN48
E928	N480FT	B06
E92C	N480FX	EN48
E948	N480H	BE35
E949	N480HA	B712
E94B	N480HC	EN48
E956	N480HP	P46T
E963	N480JB	EN48
E966	N480JE	HA4T
E96B	N480JK	BE36
E96F	N480JP	DA40
E972	N480JS	EN48
E97A	N480K	AC90
E98B	N480KS	QIC2
E993	N480L	EN48
E994	N480LA	CL60
E999	N480LF	EC45
E9A1	N480LP	PIAT
E9A3	N480LR	EN48
E9AC	N480M	BE40
E9AE	N480MB	S22T
E9AF	N480MC	B744
E9B0	N480MD	EN48
E9B1	N480ME	LJ31
E9B4	N480MH	EN48
E9B7	N480ML	EN48
E9B8	N480MM	EN48
E9BD	N480MS	EN48
E9BE	N480MT	EN48
E9C6	N480NA	B462
E9D5	N480NR	P68
E9DE	N480P	BE18
E9E5	N480PG	SR20
E9EC	N480PP	EN48
E9ED	N480PQ	EN48
E9F4	N480PX	CRJ9
EA12	N480RB	BE35
EA14	N480RD	AC11
EA1B	N480RL	C560
EA21	N480RS	EN48
EA24	N480RV	PA46
EA29	N480S	M200
EA2B	N480SB	PA11
EA2C	N480SC	C82R
EA31	N480SH	EN48
EA33	N480SK	P3
EA37	N480SP	C172
EA3B	N480ST	RV12
EA3F	N480SX	SONX
EA42	N480T	BE35
EA43	N480TA	A319
EA44	N480TB	BE40
EA4A	N480TH	EN48
EA53	N480TS	DA42
EA54	N480TT	EN48
EA5C	N480UA	A320
EA74	N480V	EN48
EA84	N480VR	GLF4
EA86	N480VT	C182
EA90	N480WC	E55P
EA98	N480WL	C336
EA9A	N480WN	B737
EA9E	N480WS	SW3
EAB3	N480XN	TRDO
EABF	N480Y	M20P
EAC0	N480YA	LJ35
EAD0	N480YS	T18
EAD8	N480Z	SM19
EAF3	N4800B	C310
EAF8	N4800G	C172
EAF9	N4800H	C182
EAFB	N4800K	NAVI
EAFC	N4800L	P28A
EAFD	N4800M	C152
EAFF	N4800P	PA25
EB00	N4800Q	C185
EB02	N4800S	PA32
EB03	N4800T	P28B
EB04	N4800U	C210
EB05	N4800V	C72R
EB07	N4800X	C150
EB09	N4800Z	PA22
EB11	N48007	GLST
EB16	N4801B	C310
EB1B	N4801G	C172
EB1C	N4801H	PA17
EB1D	N4801J	BE95
EB1F	N4801L	P28A
EB21	N4801N	C182
EB22	N4801P	P210
EB27	N4801U	C210
EB31	N48014	AR6T
EB37	N4802	C180
EB39	N4802B	C180
EB3B	N4802D	C182
EB3C	N4802E	T6
EB3E	N4802G	C172
EB3F	N4802H	PA17
EB40	N4802J	P28R
EB41	N4802K	NAVI
EB42	N4802L	P28A
EB43	N4802M	PA11
EB44	N4802N	C182
EB49	N4802T	P28R
EB4A	N4802U	C210
EB4B	N4802V	BL17
EB4F	N4802Z	PA18
EB50	N48020	B47G
EB51	N48021	C170
EB54	N48024	C152
EB57	N48027	S1
EB58	N48028	L13M
EB5A	N4803	HUSK
EB60	N4803F	P28A
EB61	N4803G	C172
EB63	N4803J	FOX
EB64	N4803K	P210
EB68	N4803P	BE35
EB69	N4803Q	C188
EB6B	N4803S	PA32
EB6C	N4803T	C82R
EB6F	N4803W	C82R
EB72	N4803Z	PA22
EB76	N48033	C152
EB77	N48034	L13M
EB7B	N48038	L13M
EB7C	N48039	L13M
EB7D	N4804	C82R
EB82	N4804E	C172
EB83	N4804F	T206
EB85	N4804H	M20P
EB86	N4804J	BE35
EB8A	N4804N	C182
EB8F	N4804T	PA32
EB92	N4804W	GLIM
EB98	N48042	C152
EB9A	N48044	DHC1
EB9D	N48047	FA62
EBA7	N4805G	C172
EBAA	N4805K	P210
EBAB	N4805L	P28A
EBB0	N4805R	GLIM
EBB2	N4805T	PA34
EBB3	N4805U	C210
EBB4	N4805V	C72R
EBB5	N4805W	AC11
EBB8	N4805Z	PA22
EBBB	N48052	L13M
EBBC	N48053	AR6T
EBBF	N48056	C152
EBC3	N4806	EN48
EBC4	N4806A	PA22
EBC5	N4806B	C152
EBC9	N4806F	PA44
EBCA	N4806G	C172
EBCC	N4806J	BE35
EBCD	N4806K	NAVI
EBD0	N4806N	C182
EBD4	N4806S	PA32
EBD5	N4806T	P28A
EBDA	N4806Y	T210
EBDB	N4806Z	PA22
EBDD	N48061	C185
EBE4	N48068	C152
EBE8	N4807B	C152
EBEA	N4807D	C172
EBEC	N4807F	T206
EBED	N4807G	C172
EBEF	N4807J	C172
EBF0	N4807K	NAVI
EBF1	N4807L	C182
EBF4	N4807P	C180
EBF8	N4807T	P28A
EBFC	N4807X	C150
EBFD	N4807Y	PA25
EBFF	N48070	L13M
EC00	N48071	C185
EC07	N48078	AR6T
EC09	N4808	DH82
EC0D	N4808D	C172
EC0F	N4808F	C172
EC10	N4808G	C172
EC11	N4808H	PA17
EC12	N4808J	BE35
EC13	N4808K	NAVI
EC14	N4808L	P28A
EC1B	N4808T	RS12
EC1D	N4808V	ST75
EC23	N48081	PA32
EC28	N48086	PA30
EC2A	N48088	TAYD
EC2C	N4809	C180
EC30	N4809D	C182
EC31	N4809E	C180
EC34	N4809H	PA17
EC35	N4809J	BE35
EC37	N4809L	P28A
EC39	N4809N	C182
EC3C	N4809R	C182
EC3F	N4809U	C210
EC41	N4809W	AC11
EC42	N4809X	C150
EC46	N48091	C180
EC49	N48094	AR6T
EC4E	N48099	DHC1
EC50	N481A	P28A
EC53	N481AC	CH7B
EC55	N481AE	B407
EC56	N481AF	MU2
EC5C	N481AM	C25C
EC61	N481AS	B739
EC64	N481AV	A320
EC69	N481B	EFOX
EC6A	N481BA	A5
EC6C	N481BC	SF34
EC79	N481BR	P180
EC7E	N481BW	P46T
EC82	N481C	S108
EC84	N481CB	P46T
EC86	N481CD	SR20
EC89	N481CG	C150
EC8A	N481CH	RV8
EC90	N481CP	C82T
EC97	N481CW	BE40
EC9B	N481D	C180
EC9C	N481DA	SR20
ECA1	N481DF	UH1
ECA7	N481DM	CH7B
ECB7	N481EC	F2TH
ECC4	N481ER	C172
ECD8	N481FL	FA20
ECE3	N481FX	GLF4
ECF7	N481GS	P28A
ECFA	N481GV	GLF5
ECFF	N481H	C185
ED02	N481HC	BE20
ED05	N481HF	HUCO
ED09	N481HK	Q9
ED18	N481J	C210
ED23	N481JL	PA18
ED50	N481LF	EC45
ED58	N481LP	PIAT
ED64	N481MA	BL8
ED66	N481MC	B744
ED6F	N481MM	BE40
ED73	N481MR	DA42
ED8D	N481NS	WW24
ED95	N481P	T206
ED96	N481PA	DA40
ED9B	N481PF	SONX
EDAE	N481Q	C180
EDC8	N481RA	SR20
EDCA	N481RC	B06
EDCC	N481RE	GLID
EDD8	N481RS	COL4
EDDB	N481RV	RV12
EDE0	N481S	BE35
EDE3	N481SC	GLF4
EDE8	N481SH	EN48
EDF5	N481SW	PA31
EDF6	N481SX	FOX
EDF9	N481T	BE35
EDFC	N481TC	C82S
EE09	N481TR	T206
EE12	N481U	C185
EE13	N481UA	A320
EE44	N481W	C82S
EE51	N481WN	B737
EE5D	N481X	ONEX
EE76	N481Y	G164
EE8F	N481Z	BE9L
EEA8	N4810	C185
EEA9	N4810A	PA22
EEAF	N4810G	C172
EEB0	N4810H	PA17
EEB1	N4810J	BE35
EEB3	N4810L	P28A
EEB9	N4810S	PA32
EEBB	N4810U	P28A
EEBF	N4810Y	T210
EEC0	N4810Z	PA22
EEC3	N48102	TAYD
EECB	N4811	RV8
EECC	N4811A	PA22
EECD	N4811B	C310
EECE	N4811C	BE95
EECF	N4811D	C182
EED0	N4811E	RV7
EED1	N4811F	C150
EED2	N4811G	C172
EED3	N4811H	PA17
EED4	N4811J	C172
EED6	N4811L	P28A
EED7	N4811M	PA11
EED9	N4811P	PA11
EEDE	N4811U	C210
EEE0	N4811W	GLIM
EEE2	N4811Y	PA25
EEE3	N4811Z	PA22
EEE4	N48110	DHC1
EEE6	N48112	J3
EEEA	N48116	ST75
EEEC	N48118	AR6T
EEED	N48119	T6
EEF1	N4812C	C82R
EEF4	N4812F	T206
EEF7	N4812J	P28R
EEF9	N4812L	P28A
EEFA	N4812M	PA11
EF00	N4812T	P28A
EF01	N4812U	C210
EF07	N48120	C120
EF0E	N48127	B752
EF12	N4813A	PA22
EF14	N4813C	C172
EF18	N4813G	C172
EF1B	N4813K	NAVI
EF1C	N4813L	P28A
EF1D	N4813M	BE36
EF1E	N4813N	ST75
EF1F	N4813P	P210
EF22	N4813S	PA32
EF25	N4813V	ST75
EF29	N4813Z	PA22
EF2A	N48130	RLU1
EF2B	N48131	B47G
EF30	N48136	C170
EF34	N4814	C180
EF37	N4814C	C172
EF38	N4814D	C172
EF39	N4814E	C185
EF3C	N4814H	PA17
EF45	N4814S	PA32
EF46	N4814T	P28A
EF47	N4814U	C210
EF48	N4814V	ST75
EF4B	N4814Y	PA25
EF52	N48145	AR6T
EF57	N4815	C180
EF59	N4815B	C310
EF5A	N4815C	C172
EF5B	N4815D	C182
EF5D	N4815F	P28A
EF5F	N4815H	M20P
EF60	N4815J	BE35
EF61	N4815K	NAVI
EF62	N4815L	P28A
EF63	N4815M	BE36
EF69	N4815T	P28A
EF6B	N4815V	ST75
EF6D	N4815X	C150
EF6E	N4815Y	PA25
EF6F	N4815Z	PA22
EF73	N48153	T6
EF74	N48154	FA62
EF75	N48155	H269
EF76	N48156	C152
EF7B	N4816A	PA22
EF82	N4816H	PA17
EF83	N4816J	C188
EF85	N4816L	P28A
EF8A	N4816R	C188
EF8B	N4816S	PA32
EF8C	N4816T	P28R
EF8E	N4816V	C72R
EF9A	N48167	C152
EF9F	N4817B	C152
EFA0	N4817C	C172
EFA1	N4817D	C182
EFAE	N4817S	PA32
EFAF	N4817T	P28R
EFB4	N4817Y	PA25
EFBC	N48176	M20P
EFBE	N48178	F86
EFC1	N4818A	PA22
EFC4	N4818D	C172
EFC8	N4818H	PA17
EFCB	N4818L	P28A
EFCC	N4818M	PA11
EFD5	N4818W	PA44
EFD6	N4818X	C150
EFD8	N4818Z	PA22
EFDB	N48182	ST75
EFE0	N48187	SA30
EFE1	N48188	ST75
EFE5	N4819B	C152
EFEA	N4819G	C172
EFEB	N4819H	PA17
EFED	N4819K	NAVI
EFEF	N4819M	PA11
EFF0	N4819N	C182
EFF2	N4819Q	C188
EFF3	N4819R	O1
EFF5	N4819T	P28A
EFFC	N48190	ST75
EFFF	N48193	ST75
F005	N48199	ST75
F007	N482A	P28A
F008	N482AA	MD82
F009	N482AB	RV12
F00A	N482AC	CH7B
F00D	N482AF	MU2
F012	N482AL	C150
F013	N482AM	HUSK
F017	N482AR	E50P
F018	N482AS	P28A
F021	N482BA	A5
F022	N482BB	E55P
F03A	N482CA	C82T
F03C	N482CC	P28A
F03D	N482CD	SR22
F040	N482CG	C82S
F047	N482CP	C82T
F058	N482DF	H60
F05A	N482DH	DH82
F062	N482DR	P32R
F063	N482DS	B738
F064	N482DT	P28A
F06B	N482E	C172
F06C	N482EA	C25A
F06E	N482EC	F2TH
F074	N482EJ	PA20
F07B	N482ER	C172
F08F	N482FL	P28A
F09A	N482FX	GLF4
F09D	N482G	K100
F0AE	N482GS	BE40
F0EA	N482KB	LNCE
F0F4	N482KM	GLAS
F107	N482LF	EC45
F10F	N482LP	PIVI
F11B	N482MA	DA40
F11C	N482MB	PA32
F11D	N482MC	B744
F121	N482MG	H25B
F122	N482MH	EN48
F128	N482MP	C25C
F14C	N482P	P28A
F153	N482PG	HDJT
F159	N482PN	P28A
F15E	N482PT	CH60
F162	N482PX	CRJ9
F188	N482RK	BE40
F18C	N482RP	AC11
F18F	N482RS	E550
F1A5	N482SP	C172
F1A9	N482ST	P32T
F1B9	N482TJ	B06
F1BC	N482TM	BE40
F1C1	N482TS	DA42
F1C5	N482TW	C82T
F1CA	N482UA	A320
F208	N482WN	B737
F20D	N482WT	S22T
F24D	N482ZG	MT
F260	N4820A	C414
F263	N4820D	C172
F264	N4820E	C185
F265	N4820F	P28A
F266	N4820G	C172
F267	N4820H	PA17
F268	N4820J	T206
F269	N4820K	NAVI
F26A	N4820L	P28A
F270	N4820S	C82R
F277	N4820Z	PA22
F27C	N48204	C152
F27D	N48205	BOLT
F282	N4821	SREY
F283	N4821A	PA22
F285	N4821C	PA18
F288	N4821F	P28A
F28A	N4821H	PA17
F28C	N4821K	NAVI
F28D	N4821L	P28A
F293	N4821S	PA32
F295	N4821U	C210
F2A2	N48217	B47G
F2A3	N48218	AR6T
F2A6	N4822A	PA22
F2A8	N4822C	RV9
F2A9	N4822D	C182
F2AC	N4822G	C172
F2AF	N4822K	NAVI
F2B0	N4822L	P28A
F2B1	N4822M	B58T
F2B2	N4822N	C182
F2B6	N4822S	PA32
F2B9	N4822V	BL17
F2BE	N48220	UH12
F2C0	N48222	C152
F2C6	N48228	C152
F2CE	N4823F	P28R
F2D0	N4823H	PA17
F2D1	N4823J	BE35
F2D3	N4823L	C152
F2D4	N4823M	PA11
F2DA	N4823T	PA32
F2DB	N4823U	C210
F2DC	N4823V	C72R
F2DE	N4823X	C150
F2E4	N48233	C337
F2E8	N48237	C172
F2E9	N48238	C152
F2EA	N48239	C152
F2F1	N4824F	T206
F2F2	N4824G	C172
F2F3	N4824H	PA17
F2F7	N4824M	PA11
F2F9	N4824P	C152
F2FC	N4824S	PA32
F2FD	N4824T	ASTO
F300	N4824W	AC11
F305	N48241	C152
F308	N48244	C152
F30B	N48247	TAYD
F30C	N48248	CAMP
F30F	N4825A	PA22
F312	N4825D	C182
F313	N4825E	C185
F314	N4825F	T206
F316	N4825H	PA17
F318	N4825K	NAVI
F319	N4825L	BD5
F31A	N4825M	PL1
F31B	N4825N	C182
F325	N4825Y	PA25
F335	N4826D	C182
F339	N4826H	M20P
F342	N4826S	PA32
F343	N4826T	P28A
F346	N4826W	AC11
F34A	N48260	DHC1
F34C	N48262	DHC1
F34D	N48263	UH12
F34E	N48264	TAYD
F351	N48267	SCOR
F355	N4827A	C82S
F358	N4827D	C182
F35A	N4827F	P32R
F35E	N4827K	NAVI
F35F	N4827L	P28A
F360	N4827M	PA11
F362	N4827P	P210
F365	N4827S	PA32
F367	N4827U	T206
F36A	N4827X	C150
F36B	N4827Y	PA25
F36C	N4827Z	PA22
F36D	N48270	C152
F371	N48274	TAYD
F373	N48276	TAYD
F379	N4828B	C152
F37B	N4828D	C182
F37F	N4828H	R44
F381	N4828K	P210
F382	N4828L	P28A
F383	N4828M	BE36
F387	N4828R	C188
F388	N4828S	PA32
F389	N4828T	P28A
F38D	N4828X	C150
F38F	N4828Z	PA22
F396	N48286	C152
F3A0	N4829F	C172
F3A1	N4829G	C172
F3A3	N4829J	BE35
F3A4	N4829K	P210
F3A5	N4829L	P28A
F3A7	N4829N	C182
F3A8	N4829P	C152
F3AA	N4829R	C182
F3B4	N48291	TAYD
F3B8	N48295	AR6T
F3BA	N48297	AR6T
F3BE	N483A	MD82
F3C1	N483AC	CH7B
F3C3	N483AE	B06
F3C4	N483AF	MU2
F3C6	N483AH	GLIM
F3C8	N483AK	M7
F3CF	N483AS	B739
F3D8	N483BA	LAMA
F3DA	N483BC	PA15
F3F0	N483C	SF50
F3F2	N483CB	GLID
F3F3	N483CC	PA11
F402	N483CT	RV7
F404	N483CV	CAT
F408	N483CZ	COZY
F40A	N483DA	SR20
F40F	N483DF	H60
F415	N483DM	T210
F422	N483E	C172
F425	N483EC	F2TH
F432	N483ER	C172
F446	N483FL	P28A
F450	N483FW	P68
F451	N483FX	GLF4
F45A	N483GF	GLID
F46E	N483HA	B712
F486	N483J	EFOX
F48C	N483JF	C414
F4A9	N483KK	T33
F4B0	N483KS	GLIM
F4BE	N483LF	EC45
F4C6	N483LP	PIAT
F4D2	N483MA	EC45
F4DD	N483MM	C421
F4DF	N483MP	HDJT
F4E2	RP-C9322	C206
F503	N483P	SR22
F50A	N483PG	SR20
F536	N483RA	GLF4
F542	N483RN	GLID
F549	N483RV	RV7
F54E	N483S	GLID
F550	N483SB	PC12
F551	N483SC	LJ45
F557	N483SJ	B06
F55C	N483SP	C172
F566	N483SZ	GLID
F567	N483T	BE35
F569	N483TB	CH75
F578	N483TS	DA42
F57C	N483TW	C680
F581	N483UA	A320
F5A2	N483VJ	SF50
F5B5	N483WC	EC45
F5BE	N483WM	EC45
F5BF	N483WN	B737
F5F0	N483YM	H60
F618	N4830B	C152
F61C	N4830F	P28A
F61D	N4830G	C172
F61E	N4830H	PA17
F620	N4830K	P210
F621	N4830L	P28A
F623	N4830N	C182
F624	N4830P	RV12
F629	N4830U	P28A
F62A	N4830V	BL17
F62B	N4830W	AC11
F62E	N4830Z	PA22
F62F	N48300	GLID
F631	N48302	CAMP
F632	N48303	J3
F635	N48306	C152
F63D	N4831D	C182
F63E	N4831E	CH7B
F63F	N4831F	T206
F641	N4831H	PA17
F642	N4831J	BE35
F643	N4831K	NAVI
F644	N4831L	P28A
F645	N4831M	BE36
F64A	N4831S	PA32
F64B	N4831T	P28R
F64F	N4831X	C150
F653	N48311	J3
F658	N48316	B47G
F659	N48317	C172
F65F	N4832C	WACO
F660	N4832D	C182
F661	N4832E	CH7B
F665	N4832J	BE35
F66E	N4832T	C182
F66F	N4832U	C210
F670	N4832V	M20P
F671	N4832W	AC11
F672	N4832X	C150
F673	N4832Y	PA25
F675	N48320	FA24
F677	N48322	C172
F67D	N48328	FA62
F67F	N4833	B06
F680	N4833A	C340
F682	N4833C	C185
F687	N4833H	PA17
F689	N4833K	NAVI
F68C	N4833N	C182
F68D	N4833P	PA23
F691	N4833T	PA34
F695	N4833X	C150
F69A	N48332	GLID
F69B	N48333	C152
F6A3	N4834A	PA22
F6A5	N4834C	C185
F6A6	N4834D	C182
F6A7	N4834E	C172
F6AA	N4834H	PA17
F6AC	N4834K	P210
F6AD	N4834L	P28A
F6AE	N4834M	PA11
F6B1	N4834Q	C188
F6B3	N4834S	C82R
F6B5	N4834U	C210
F6B7	N4834W	P210
F6B8	N4834X	C150
F6BA	N4834Z	PA22
F6BB	N48340	C152
F6BC	N48341	AR6T
F6C1	N48346	TAYD
F6C3	N48348	G164
F6C4	N48349	TAYD
F6CB	N4835F	T206
F6CC	N4835G	C172
F6CD	N4835H	PA17
F6D0	N4835L	P28A
F6D6	N4835S	PA32
F6D7	N4835T	P28A
F6D8	N4835U	C210
F6DD	N4835Z	BE50
F6DE	N48350	TAYD
F6E6	N48358	B47G
F6EB	N4836C	C185
F6EC	N4836D	C182
F6ED	N4836E	C82R
F6EE	N4836F	T206
F6EF	N4836G	C172
F6F1	N4836J	BE35
F6F2	N4836K	NAVI
F6F3	N4836L	P28A
F6F7	N4836Q	C185
F6F9	N4836S	C182
F700	N4836Z	PA22
F702	N48361	CAMP
F70C	N4837A	C414
F70F	N4837D	C182
F710	N4837E	CH7A
F711	N4837F	P28A
F715	N4837K	NAVI
F716	N4837L	P28A
F718	N4837N	C182
F71C	N4837S	PA32
F71E	N4837U	C210
F720	N4837W	AC11
F726	N48372	G164
F728	N48374	G164
F72B	N48377	G164
F730	N4838B	C152
F734	N4838F	P28A
F738	N4838K	P210
F739	N4838L	P28A
F73F	N4838S	PA32
F740	N4838T	C182
F742	N4838V	TAYD
F744	N4838X	C150
F745	N4838Y	PA25
F74A	N48383	G164
F74E	N48387	G164
F750	N48389	TAYD
F753	N4839B	C310
F755	N4839D	C182
F756	N4839E	CH7A
F758	N4839G	C172
F75A	N4839J	BE35
F75C	N4839L	P28A
F75D	N4839M	PA11
F761	N4839R	P46T
F763	N4839T	C82S
F764	N4839U	T206
F766	N4839W	PA18
F769	N4839Z	PA22
F76B	N48391	TAYD
F76D	N48393	TAYD
F771	N48397	G164
F773	N48399	G164
F774	N484	H500
F777	N484AB	R44
F778	N484AC	CH7B
F77A	N484AE	B06
F77C	N484AG	C25A
F77E	N484AJ	GLIM
F77F	N484AK	R44
F780	N484AL	P28B
F783	N484AP	PA32
F786	N484AS	B407
F787	N484AT	R44
F789	N484AV	AVTR
F78E	N484B	GLID
F78F	N484BA	LJ31
F792	N484BD	COZY
F796	N484BH	EA50
F7A3	N484BW	BE9L
F7A7	N484C	HUSK
F7AA	N484CC	M20T
F7AB	N484CD	SR20
F7B0	N484CJ	C25B
F7C0	N484D	BE33
F7C1	N484DA	SR20
F7C2	N484DB	RV9
F7C3	N484DC	DV20
F7C6	N484DF	H60
F7C7	N484DG	UH1
F7C8	N484DH	RV4
F7CC	N484DM	M20T
F7D9	N484E	G2CA
F7DC	N484EC	F2TH
F7E4	N484EL	SREY
F7E5	N484EM	G280
F7E9	N484ER	C172
F7FD	N484FL	P28A
F7FE	N484FM	F900
F803	N484FS	HIGH
F808	N484FX	GLF4
F824	N484H	RV7
F825	N484HA	B712
F826	N484HB	C510
F832	N484HP	PA34
F834	N484HR	C82S
F83D	N484J	C25A
F83F	N484JB	C206
F840	N484JC	C56X
F845	N484JH	E50P
F848	N484JL	G2CA
F849	N484JM	CL60
F84D	N484JR	BE35
F856	N484K	NAVI
F859	N484KC	SR22
F867	N484KS	GLIM
F86B	N484KW	T210
F86F	N484L	LNP4
F875	N484LF	EC45
F87D	N484LP	PIAT
F880	N484LS	PISI
F888	N484M	RV8
F889	N484MA	BL8
F88B	N484MC	BE9L
F894	N484MM	C560
F89A	N484MT	TUCA
F8BA	N484P	P28A
F8BB	N484PA	DV20
F8DC	N484QJ	PA34
F8FD	N484RS	CRER
F900	N484RV	RV8
F906	N484SA	GLID
F90A	N484SE	C25A
F90D	N484SH	R44
F91A	N484SW	C414
F91F	N484TA	RV12
F924	N484TF	GLID
F927	N484TJ	EN48
F92C	N484TP	BE40
F938	N484UA	A320
F952	N484VB	C510
F95C	N484VM	WAIX
F969	N484W	N3
F96B	N484WB	R44
F975	N484WM	E35L
F976	N484WN	B737
F97E	N484WW	BE58
F982	N484X	P208
F9D7	N4840K	P210
F9D8	N4840L	P28A
F9DF	N4840T	C182
F9E2	N4840W	F2TH
F9E3	N4840X	C150
F9E4	N4840Y	PA25
F9E6	N48400	C152
F9E7	N48401	BE17
F9E8	N48402	G164
F9E9	N48403	G164
F9F0	N4841	BIPL
F9F1	N4841A	PA22
F9F3	N4841C	C185
F9F6	N4841F	P28A
F9F7	N4841G	Q9
F9F8	N4841H	PA15
F9FB	N4841L	P28A
F9FD	N4841N	C182
FA01	N4841S	PA32
FA09	N48410	C152
FA0A	N48411	FA24
FA0C	N48413	G164
FA14	N4842A	PA22
FA17	N4842D	C182
FA1C	N4842J	BE35
FA1D	N4842K	P210
FA22	N4842Q	C188
FA25	N4842T	P28A
FA26	N4842U	C210
FA29	N4842X	C150
FA2F	N48423	G164
FA37	N4843A	PA22
FA38	N4843B	C152
FA39	N4843C	C185
FA3B	N4843E	CH7B
FA42	N4843M	PA11
FA44	N4843P	PA23
FA46	N4843R	C188
FA48	N4843T	P28A
FA4B	N4843W	AC11
FA53	N48434	AR6T
FA55	N48436	G164
FA5B	N4844B	C310
FA5D	N4844D	C182
FA5E	N4844E	CH7B
FA5F	N4844F	C172
FA62	N4844J	C172
FA63	N4844K	P210
FA64	N4844L	P28A
FA65	N4844M	PA11
FA66	N4844N	C182
FA6B	N4844T	P28A
FA6D	N4844V	C72R
FA71	N4844Z	PA22
FA72	N48440	C152
FA73	N48441	AR6T
FA74	N48442	G164
FA75	N48443	S1
FA77	N48445	G164
FA78	N48446	TAYD
FA7B	N48449	G164
FA7D	N4845A	PA22
FA7F	N4845C	T210
FA81	N4845E	C185
FA82	N4845F	P32R
FA83	N4845G	C172
FA84	N4845H	PA17
FA85	N4845J	C172
FA86	N4845K	NAVI
FA87	N4845L	P28A
FA88	N4845M	O1
FA8D	N4845S	P28A
FA8F	N4845U	C210
FA97	N48452	G164
FA9A	N48455	G164
FA9D	N48458	BE35
FA9F	N4846	B06
FAA3	N4846D	C182
FAA6	N4846G	C172
FAA7	N4846H	PA17
FAA8	N4846J	P28R
FAA9	N4846K	NAVI
FAAA	N4846L	P28A
FAAB	N4846M	PA11
FAB1	N4846T	P28R
FAB4	N4846W	AC11
FAB9	N48461	G164
FABA	N48462	TAYD
FAC0	N48468	G164
FAC4	N4847B	C152
FAC9	N4847G	C172
FACB	N4847J	BE35
FACC	N4847K	NAVI
FACD	N4847L	P28A
FACF	N4847N	C182
FAD4	N4847T	PA34
FAD5	N4847U	C210
FAD6	N4847V	BL17
FAD7	N4847W	AC11
FADE	N48473	G164
FADF	N48474	G164
FAE9	N4848D	C182
FAEA	N4848E	CH7A
FAF0	N4848L	CRUZ
FAF1	N4848M	O1
FAFF	N48481	C152
FB02	N48484	G164
FB03	N48485	G164
FB04	N48486	GLID
FB06	N48488	FA62
FB07	N48489	G164
FB09	N4849A	PA22
FB0C	N4849D	C172
FB11	N4849J	C188
FB13	N4849L	P28A
FB14	N4849M	PA11
FB17	N4849Q	C188
FB19	N4849S	PA32
FB1E	N4849X	C150
FB21	N48490	O1
FB22	N48491	G164
FB23	N48492	G164
FB25	N48494	G164
FB2B	N485	C180
FB2C	N485A	P28A
FB2E	N485AB	RV4
FB2F	N485AC	CH7A
FB31	N485AE	B407
FB32	N485AF	MU2
FB33	N485AG	DA42
FB38	N485AM	RV7
FB3D	N485AS	FA10
FB46	N485BA	A5
FB60	N485CB	C421
FB70	N485CT	BE40
FB78	N485DA	SR20
FB7D	N485DF	H60
FB82	N485DL	SR20
FB85	N485DP	EXEC
FB88	N485DS	C421
FB8C	N485DW	SR22
FB93	N485EC	EC45
FB94	N485ED	PA23
FB9C	N485EM	S22T
FBA9	N485F	C170
FBBE	N485FW	FA20
FBC2	N485G	C72R
FBC4	N485GB	RV4
FBC5	N485GC	GB1
FBCE	N485GM	GLF4
FBDC	N485HA	B712
FBE9	N485HP	BE33
FC04	N485JR	C208
FC05	N485JS	RV6
FC0D	N485K	BE20
FC0F	N485KB	SR22
FC1B	N485KP	RV7
FC2C	N485LF	EC45
FC34	N485LP	PIAT
FC3F	N485M	MITE
FC40	N485MA	MA5
FC42	N485MC	B744
FC62	N485NK	CDUS
FC71	N485P	P28A
FC73	N485PB	SONX
FC74	N485PC	PC12
FC82	N485PS	CH60
FC87	N485PX	CRJ9
FCBD	N485SA	C208
FCBE	N485SB	C172
FCCA	N485SP	LGEZ
FCCC	N485SR	SR22
FCD0	N485SV	DA42
FCE1	N485TM	HIGH
FCEF	N485UA	A320
FCF6	N485UH	BK17
FD07	N485V	C172
FD09	N485VB	SR22
FD19	N485VT	SR22
FD2D	N485WN	B737
FD30	N485WR	ACAM
FD65	N485YU	C208
FD84	N4850	RS21
FD86	N4850B	RV9
FD89	N4850E	CH7B
FD8B	N4850G	C172
FD8C	N4850H	C152
FD8D	N4850J	BE35
FD8F	N4850L	P28A
FD90	N4850M	PA11
FD95	N4850S	C182
FD97	N4850U	C210
FD99	N4850W	AC11
FD9D	N48500	C152
FDA2	N48505	G164
FDA9	N4851B	C152
FDAD	N4851F	P32R
FDAE	N4851G	C172
FDAF	N4851H	PA17
FDB0	N4851J	C188
FDB1	N4851K	NAVI
FDB2	N4851L	P28A
FDB5	N4851P	PA23
FDB9	N4851T	P28A
FDBC	N4851W	AC11
FDBF	N4851Z	PA22
FDC7	N48517	G164
FDC8	N48518	G164
FDC9	N48519	G164
FDCB	N4852A	PA22
FDCF	N4852E	C185
FDD1	N4852G	C172
FDD2	N4852H	PA17
FDD3	N4852J	BE35
FDD4	N4852K	NAVI
FDD5	N4852L	P28A
FDD8	N4852P	C152
FDDC	N4852T	P28A
FDDE	N4852V	C72R
FDE0	N4852X	SS2P
FDE4	N48521	C152
FDE7	N48524	G164
FDE8	N48525	J3
FDEB	N48528	J3
FDED	N4853	SA30
FDEF	N4853B	C152
FDF0	N4853C	T206
FDF1	N4853D	C182
FDF2	N4853E	CH7A
FDF5	N4853H	PA15
FDF6	N4853J	BE35
FDF7	N4853K	NAVI
FDF9	N4853M	PA11
FDFB	N4853P	PA23
FDFE	N4853S	H269
FE05	N4853Z	PA22
FE06	N48530	AR6T
FE0A	N48534	G164
FE0C	N48536	AR6T
FE17	N4854G	C172
FE18	N4854H	PA17
FE19	N4854J	P28R
FE1B	N4854L	P28A
FE20	N4854R	C188
FE23	N4854U	C210
FE26	N4854X	P28A
FE29	N48540	AR6T
FE2B	N48542	G164
FE30	N48547	G164
FE32	N48549	C152
FE36	N4855C	C185
FE39	N4855F	P28A
FE3A	N4855G	C172
FE3B	N4855H	PA17
FE3D	N4855K	NAVI
FE3E	N4855L	P28A
FE3F	N4855M	PA11
FE41	N4855P	C82S
FE43	N4855R	C188
FE44	N4855S	PA32
FE45	N4855T	PA34
FE47	N4855V	BL17
FE4D	N48551	G164
FE4E	N48552	B06
FE51	N48555	G164
FE52	N48556	G164
FE55	N48559	G164
FE57	N4856A	PA22
FE5A	N4856D	C172
FE5B	N4856E	CH7B
FE5D	N4856G	C172
FE5F	N4856J	BE35
FE60	N4856K	NAVI
FE61	N4856L	P28A
FE62	N4856M	PA11
FE68	N4856T	C82R
FE6A	N4856V	C72R
FE6B	N4856W	AC11
FE6D	N4856Y	PA25
FE6E	N4856Z	PA22
FE75	N48566	ST75
FE77	N48568	C152
FE7A	N4857A	PA22
FE7D	N4857D	C182
FE7E	N4857E	CH7A
FE80	N4857G	C172
FE81	N4857H	PA17
FE82	N4857J	P28R
FE84	N4857L	P28A
FE8B	N4857T	P28A
FE8C	N4857U	C210
FE8D	N4857V	C72R
FE8E	N4857W	AC11
FE91	N4857Z	PA22
FE95	N48573	ST75
FE97	N48575	G164
FEA0	N4858D	C182
FEA1	N4858E	CH7A
FEA5	N4858J	P28R
FEA6	N4858K	NAVI
FEA7	N4858L	P28A
FEA9	N4858N	ST75
FEAA	N4858P	P210
FEAE	N4858T	P28A
FEAF	N4858U	C210
FEB6	N48581	C152
FEB7	N48582	G164
FEC2	N4859C	C185
FEC5	N4859F	C172
FEC6	N4859G	C172
FEC9	N4859K	NAVI
FECA	N4859L	P28A
FECC	N4859N	ST75
FED1	N4859T	P28A
FED5	N4859X	SS2P
FED7	N4859Z	PA22
FED8	N48590	C152
FEE2	N486	SA30
FEE6	N486AC	BE95
FEE8	N486AE	B06
FEE9	N486AF	MU2
FEED	N486AK	R44
FEF4	N486AS	B739
FEF5	N486AT	BE20
FEF9	N486AX	B763
FEFC	N486B	BE35
FEFD	N486BA	A5
FEFF	N486BC	R66
FF04	N486BH	SRAI
FF0D	N486BS	SONX
FF15	N486C	DC3
FF17	N486CB	PA44
FF18	N486CC	C25A
FF23	N486CP	C82T
FF31	N486DC	SR22
FF34	N486DF	H60
FF36	N486DH	KR2
FF3A	N486DM	PA32
FF3E	N486DR	FOX
FF44	N486DX	EXEC
FF48	N486EA	TLEG
FF53	N486EM	RV9
FF57	N486ER	C72R
FF61	N486FA	AT5T
FF6B	N486FL	P28A
FF8A	N486GS	C510
FF8B	N486GT	S2P
FF92	N486H	RV12
FF93	N486HA	B712
FFA0	N486HP	BE33
FFB2	N486JG	SR20
FFB7	N486JM	RV6
FFB9	N486JP	SR22
FFBD	N486JT	RV8
FFC0	N486JW	RV4
FFC4	N486K	LNC2
FFE3	N486LF	BK17
FFE6	N486LJ	RV14
FFEB	N486LP	PIAT
FFF7	N486MA	P28A
FFF9	N486MC	B744
FFFE	N486MH	C340
