0007	N486MS	C72R
0008	N486MT	PAY4
000A	N486MV	KR2
0012	N486NC	UH1
002A	N486PB	PC12
0039	N486PS	M20P
003D	N486PW	GLID
0062	N486RH	RV8
006E	N486RV	RV7
0076	N486SC	CRUZ
007B	N486SH	EN48
008F	N486TC	C82T
009E	N486TT	C56X
00A6	N486UA	A320
00C1	N486VC	H25B
00D7	N486W	RV9
00D9	N486WB	S22T
00DA	5H-HAD	C208	A
00E1	N486WK	SONX
00E3	N486WM	GLF4
00E4	N486WN	B737
013C	N4860A	PA22
013D	N4860B	C152
013F	N4860D	C182
0148	N4860N	ST75
014E	N4860U	P28A
0150	N4860W	BE35
0152	N4860Y	PA25
0153	N4860Z	PA22
0157	N48603	TAYD
015F	N4861A	PA22
0162	N4861D	C182
0165	N4861G	C172
0169	N4861L	P28A
016F	N4861S	C82R
0171	N4861U	C210
0172	N4861V	C72R
0177	N48610	C152
0179	N48612	J3
017A	N48613	G164
017B	N48614	G164
017D	N48616	S1
0181	N4862	TAYD
0182	N4862A	PA22
0185	N4862D	C182
0186	N4862E	C82R
0189	N4862H	DFLY
018A	N4862J	BE95
018B	N4862K	NAVI
018C	N4862L	P28A
0191	N4862R	C188
0194	N4862U	C210
0196	N4862W	AC11
0198	N4862Y	PA25
019A	N48620	AR6T
019F	N48625	G164
01A4	N4863	G164
01A5	N4863A	PA22
01A6	N4863B	C310
01A8	N4863D	SR20
01AF	N4863L	P28A
01B1	N4863N	ST75
01B3	N4863Q	C188
01B5	N4863S	PA32
01B6	N4863T	C82R
01B7	N4863U	C210
01B8	N4863V	BL17
01B9	N4863W	AC11
01BC	N4863Z	PA22
01C1	N48634	TAYD
01C2	N48635	G164
01C4	N48637	C152
01C5	N48638	TAYD
01CB	N4864D	C172
01CC	N4864E	CH7A
01CD	N4864F	P28A
01CE	N4864G	C172
01D0	N4864J	BD4
01D2	N4864L	P28A
01D3	N4864M	PA11
01D4	N4864N	ST75
01DE	N4864Y	C210
01E3	N48643	G164
01E4	N48644	TAYD
01E5	N48645	G164
01E8	N48648	AR6T
01EE	N4865D	C172
01EF	N4865E	CH7A
01F2	N4865H	PA17
01F6	N4865M	PA11
01F7	N4865N	ST75
01F8	N4865P	P210
01FB	N4865S	PA32
01FD	N4865U	C210
01FE	N4865V	BL17
0200	N4865X	SS2P
0202	N4865Z	PA22
0203	N48650	C152
0205	N48652	S1
0206	N48653	AR6T
0208	N48655	G164
0209	N48656	AR6T
020A	N48657	AR6T
020B	N48658	G164
020C	N48659	G164
0211	N4866D	C182
0212	N4866E	CH7B
0215	N4866H	RV8
0219	N4866M	PA11
0220	N4866U	A319
0221	N4866V	ST75
0222	N4866W	AC11
0226	N48660	AR6T
0227	N48661	AR6T
0228	N48662	AR6T
022A	N48664	G164
0233	N4867C	C185
0234	N4867D	C172
0239	N4867J	BE95
023A	N4867K	P210
023B	N4867L	P28A
023C	N4867M	PA11
023F	N4867Q	GLID
0243	N4867U	C210
0245	N4867W	AC11
024A	N48671	FA62
024B	N48672	G164
024E	N48675	G164
0250	N48677	G164
0252	N48679	J3
0253	N4868	CL60
0254	N4868A	C310
0256	N4868C	SA6
0258	N4868E	C172
025B	N4868H	PA17
025C	N4868J	BE95
025D	N4868K	NAVI
025E	N4868L	P28A
025F	N4868M	PA11
0260	N4868N	C182
0266	N4868U	A319
0267	N4868V	DUCE
026E	N48682	J3
0272	N48686	J3
0277	N4869A	PA22
0278	N4869B	PA32
0279	N4869C	C185
027A	N4869D	C182
027B	N4869E	CH7A
027D	N4869G	C172
027F	N4869J	BE95
0280	N4869K	NAVI
0281	N4869L	C152
0282	N4869M	PA11
0283	N4869N	C182
0289	N4869U	A319
028F	N48690	C152
0290	N48691	J3
0293	N48694	J3
0295	N48696	J3
029A	N487A	P28A
029D	N487AC	CH7A
02A0	N487AF	MU2
02A5	N487AL	B407
02AB	N487AS	B739
02B4	N487BA	MT
02CD	N487CA	CRJ2
02CE	N487CB	C525
02CF	N487CC	BE17
02D8	N487CM	B763
02E4	N487CZ	COZY
02E6	N487DA	SR20
02E7	N487DB	C177
02E8	N487DC	CH7A
02EB	N487DF	H60
02F7	N487DT	PRM1
030A	N487EM	AVTR
030E	N487ER	C172
0322	N487FL	P28A
0325	N487FP	BE9T
0328	N487FS	P51
032D	N487FX	GLF4
0333	N487GC	GLIM
034A	N487HA	B712
034B	N487HB	AS50
0357	N487HP	BE33
036A	N487JH	BE10
036D	N487JL	GLF5
0376	N487JV	KR1
0387	N487KM	C340
0394	N487L	P46T
039A	N487LF	EC45
03A0	N487LM	PC12
03A2	N487LP	PIAT
03AE	N487MA	DV20
03B0	N487MC	B744
03C3	N487MX	MX2
03D3	N487NN	BE20
03DF	N487P	P28A
03E0	N487PA	GLST
03E1	N487PB	SR22
03E2	N487PC	PC12
03E6	N487PG	SR20
041B	N487RK	PC12
0425	N487RV	RV7
042B	N487SA	DA40
042D	N487SC	PA24
0430	N487SF	BE30
0431	N487SG	B407
0438	N487SP	C172
043A	N487SR	SR22
0440	N487SX	SONX
0443	N487T	BE35
044F	N487TM	BE40
0455	N487TT	C25B
0458	N487TW	MIMU
045D	N487UA	A320
0461	N487UE	JS32
0478	N487VC	BE20
048E	N487W	PIVI
0490	N487WB	FOX
049B	N487WN	B737
04A8	N487XA	C150
04C7	N487YG	MT
04F3	N4870A	MUS2
04F6	N4870D	C172
04F7	N4870E	CH7A
04F9	N4870G	C172
04FA	N4870H	PA17
04FD	N4870L	P28A
04FE	N4870M	PA11
0500	N4870P	C152
0504	N4870T	PA32
0505	N4870U	P28A
0508	N4870X	SS2P
0510	N48705	FA62
0514	N48709	AR6T
0518	N4871C	P28A
051A	N4871E	CH7B
051B	N4871F	T206
051E	N4871J	BE35
0525	N4871R	C182
0526	N4871S	PA32
0527	N4871T	C82R
0529	N4871V	C72R
052A	N4871W	AC11
052E	N48710	C152
0539	N4872A	PA18
053C	N4872D	C172
053D	N4872E	CH7A
0540	N4872H	C82S
0541	N4872J	BE35
0542	N4872K	P210
0543	N4872L	P28A
0544	N4872M	T34T
0549	N4872S	PA32
054B	N4872U	C210
0556	N48725	C152
055C	N4873A	PA18
055F	N4873D	C182
0560	N4873E	CH7A
0561	N4873F	P28A
0562	N4873G	C172
0566	N4873L	P28A
0567	N4873M	PA11
056B	N4873R	C82R
056C	N4873S	C82R
0572	N4873Y	PA25
0575	N48731	C152
057E	N4874	EN28
0580	N4874B	C152
0583	N4874E	CH7A
0588	N4874K	NAVI
058D	N4874Q	C185
058F	N4874S	PA32
0590	N4874T	P28R
0593	N4874W	AC11
05A3	N4875B	C310
05A5	N4875D	M20P
05A7	N4875F	P28A
05AA	N4875J	BE35
05AB	N4875K	P210
05B6	N4875W	AC11
05B9	N4875Z	PA22
05BB	N48751	C152
05BD	N48753	C152
05C1	N48757	C152
05C5	N4876A	PA18
05C8	N4876D	C182
05C9	N4876E	CH7B
05CA	N4876F	C172
05CB	N4876G	C172
05D0	N4876M	PA11
05D5	N4876S	PA32
05D6	N4876T	PA34
05D7	N4876U	C210
05D8	N4876V	BL17
05DB	N4876Y	T210
05DF	N48762	C152
05E0	N48763	C152
05E1	N48764	C152
05E9	N4877B	C310
05F0	N4877J	C172
05F3	N4877M	PA11
05F8	N4877S	PA32
0609	N48779	C152
060A	N4878	EN28
060B	N4878A	PA18
060C	N4878B	C152
060E	N4878D	C182
0610	N4878F	T206
0614	N4878K	NAVI
0615	N4878L	P28A
0617	N4878N	ST75
0619	N4878Q	C185
061B	N4878S	PA32
0621	N4878Y	T210
0623	N48780	ST75
0627	N48784	ST75
062A	N48787	C152
0631	N4879D	C172
0632	N4879E	CH7B
0633	N4879F	T206
0634	N4879G	C172
0635	N4879H	PA17
0637	N4879K	NAVI
063E	N4879S	PA32
063F	N4879T	P28A
0645	N4879Z	PA22
0650	N488	BE35
0654	N488AC	R44
0655	N488AD	SRAI
0656	N488AE	B407
065A	N488AJ	SR22
065D	N488AM	H25B
0663	N488AT	M20P
066A	N488B	BE40
066B	N488BA	C172
066D	N488BC	B06
0670	N488BF	RV8
067F	N488BW	S22T
0684	N488CA	P46T
0686	N488CC	GLST
068F	N488CM	RV7
0691	N488CP	C172
0693	N488CR	CL60
0694	N488CS	C240
069D	N488DA	SR20
069E	N488DB	BE40
069F	N488DC	DV20
06A0	N488DD	BE35
06A2	N488DF	UH1
06A8	N488DM	C421
06AC	N488DR	GLIM
06AD	N488DS	NAVI
06B5	N488E	C152
06B6	N488EA	P46T
06BA	N488EE	CRER
06C1	N488EM	C150
06C5	N488ER	C172
06D2	N488FD	BE35
06D7	N488FJ	FA8X
06E0	N488FT	BE9T
06E4	N488FX	GLF4
06E7	N488G	MONI
06E9	N488GB	F2TH
06F9	N488GT	S22T
0701	N488HA	B712
070E	N488HP	BE33
0710	N488HR	GLID
071B	N488JB	R44
071F	N488JF	T34P
0721	N488JH	RV4
0725	N488JM	BE36
0727	N488JP	BUCA
072E	N488JW	C172
0732	N488K	C421
073D	N488KL	BE40
0751	N488LF	EC45
0752	N488LG	BL8
0759	N488LP	PIAT
0764	N488M	MITE
0769	N488ME	HUSK
076C	N488MH	F900
0776	N488MT	RV8
078E	N488NS	H500
0796	N488P	P28A
0799	N488PC	C25C
07A8	N488PT	TBM7
07AB	N488PW	C82T
07AF	N488Q	PA34
07B0	N488QA	RV12
07CC	N488RD	M20P
07D0	N488RH	T206
07D1	N488RJ	H25B
07D2	N488RK	PC12
07DC	N488RV	RV8
07DD	N488RW	QIC2
07E1	N488S	C414
07E2	N488SA	DA40
07E3	N488SB	C550
07E4	N488SC	FOX
07EA	N488SJ	C414
07EF	N488SP	C310
07F1	N488SR	C25A
07FA	N488T	BE35
07FD	N488TC	CH7B
0804	N488TK	HDJT
0806	N488TM	BE40
080F	N488TW	RV4
0814	N488UA	A320
0827	N488UV	PA44
0833	N488VG	HIGH
0846	N488WA	P46T
0852	N488WN	B737
0853	N488WP	FOX
085C	N488WY	PC6T
085E	N488X	VO10
0866	N488XH	J4
0867	N488XJ	BE9L
08AD	N4880D	C182
08AF	N4880F	C172
08B0	N4880G	C172
08B3	N4880K	NAVI
08B4	N4880L	P28A
08B5	N4880M	PA11
08B6	N4880N	C182
08BB	N4880T	P28A
08BC	N4880U	C210
08BD	N4880V	BL17
08C9	N48807	AR6T
08D0	N4881D	C182
08D1	N4881E	C172
08D4	N4881H	PA17
08D7	N4881L	P28A
08DB	N4881Q	C188
08DC	N4881R	C182
08DD	N4881S	PA32
08DE	N4881T	P28A
08DF	N4881U	T206
08E5	N48810	C152
08EB	N48816	C152
08EF	N4882	CH60
08F0	N4882A	PA18
08F4	N4882E	CH7B
08F7	N4882H	PA17
08F9	N4882K	NAVI
08FA	N4882L	P28A
08FC	N4882N	C182
0901	N4882T	ECHO
0904	N4882W	AC11
090B	N48823	C152
090C	N48824	AR6T
0916	N4883D	C182
0917	N4883E	CH7B
0918	N4883F	T206
0919	N4883G	C172
091A	N4883H	PA17
091D	N4883L	P28A
0920	N4883P	PA23
0923	N4883S	PA32
092D	N48832	TAYD
0931	N48836	C152
0935	N4884	EN28
0936	N4884A	PA18
0937	N4884B	C310
0939	N4884D	C182
093A	N4884E	CH7A
093F	N4884K	NAVI
0941	N4884M	TBM7
0942	N4884N	C182
0946	N4884S	PA32
0947	N4884T	P28R
094F	N48841	FA62
0950	N48842	C152
0955	N48847	TAYD
0956	N48848	C152
095A	N4885B	C310
095C	N4885D	C172
095D	N4885E	CH7B
095F	N4885G	C172
0962	N4885K	NAVI
0963	N4885L	P28A
0964	N4885M	PA11
0969	N4885S	PA32
096E	N4885X	T210
0970	N4885Z	PA22
0974	N48853	AR6T
0977	N48856	C152
097A	N48859	AR6T
097C	N4886A	PA18
097F	N4886D	C182
0982	N4886G	C172
0983	N4886H	PA17
0986	N4886L	P28A
0987	N4886M	PA11
0988	N4886N	C182
098C	N4886S	PA32
098E	N4886U	T206
0991	N4886X	SS2P
099A	N48866	TAYD
099B	N48867	TAYD
099C	N48868	C152
099E	N4887	C180
09A1	N4887C	DC7
09A2	N4887D	C182
09A5	N4887G	C172
09A7	N4887J	BE35
09A8	N4887K	NAVI
09AF	N4887S	PA32
09B0	N4887T	P28A
09B2	N4887V	BL17
09B3	N4887W	AC11
09B6	N4887Z	T206
09BF	N48878	C152
09C0	N48879	C152
09C4	N4888C	T210
09C5	N4888D	C182
09C7	N4888F	T206
09C8	N4888G	C172
09C9	N4888H	C152
09CA	N4888J	BE35
09CB	N4888K	NAVI
09CC	N4888L	C152
09CD	N4888M	PA11
09D3	N4888T	P28A
09D4	N4888U	A319
09D5	N4888V	BL17
09D6	N4888W	AC11
09D9	N4888Z	PA22
09E1	N48887	C152
09E4	N4889	EN28
09E8	N4889D	C172
09EB	N4889G	C172
09ED	N4889J	BE35
09EE	N4889K	NAVI
09EF	N4889L	P28A
09F5	N4889S	PA32
09F6	N4889T	P28A
09FF	N48892	C152
0A02	N48895	C152
0A07	N489	RV6
0A09	N489AA	MD82
0A0B	N489AC	CH7B
0A0D	N489AE	B407
0A0E	N489AF	MU2
0A13	N489AL	PA18
0A14	N489AM	BE40
0A21	N489B	BE40
0A24	N489BC	C172
0A2A	N489BJ	P28B
0A2D	N489BM	H25B
0A3A	N489C	M200
0A3C	N489CB	C25A
0A48	N489CP	SR22
0A4E	N489CV	SF50
0A51	N489CY	P28B
0A54	N489DA	SR20
0A59	N489DF	UH1
0A5F	N489DM	B407
0A6C	N489E	BE35
0A6F	N489EC	C172
0A7C	N489ER	C172
0AA0	N489GB	R44
0AB7	N489H	CAMP
0AB8	N489HA	B712
0ABA	N489HC	C25A
0AC5	N489HP	BE33
0AD0	N489J	RV4
0AD5	N489JE	RV9
0AD7	N489JG	PC12
0AF7	N489KP	GLF6
0AFB	N489KT	RV8
0AFE	N489KW	GX
0B03	N489LA	M4
0B0D	N489LL	SONX
0B10	N489LP	PIAT
0B1B	N489M	BE35
0B1C	N489MA	C72R
0B1E	N489MC	B744
0B23	N489MH	C68A
0B2D	N489MT	TUCA
0B45	N489NS	HROC
0B4D	N489P	P28A
0B53	N489PF	RV4
0B5E	N489PS	M20P
0B89	N489RK	PC12
0B90	N489RS	DA40
0B93	N489RV	RV6
0B9B	N489SC	CRUZ
0BA5	N489SN	DH8C
0BA8	N489SR	SR22
0BB1	N489T	BE35
0BB4	N489TC	PA31
0BBA	N489TJ	R22
0BBD	N489TM	BE40
0BC2	N489TS	L5
0BC7	N489TX	BE20
0BCB	N489UA	A320
0BF3	N489VR	GLF4
0BFF	N489WC	S61
0C09	N489WN	B737
0C2E	N489Y	DA40
0C66	N4890F	T206
0C6A	N4890K	NAVI
0C6E	N4890P	PA18
0C6F	N4890Q	C188
0C70	N4890R	C188
0C73	N4890U	P28A
0C79	N48900	C152
0C7A	N48901	E145
0C7B	N48902	AVID
0C88	N4891E	C82R
0C8C	N4891J	C172
0C8D	N4891K	NAVI
0C8E	N4891L	P28A
0C8F	N4891M	PA11
0C90	N4891N	ST75
0C95	N4891T	P28A
0C9B	N4891Z	T206
0C9C	N48910	AR6T
0CA4	N48918	C152
0CAB	N4892E	C185
0CB0	N4892K	NAVI
0CB7	N4892S	PA32
0CB8	N4892T	P28R
0CBA	N4892V	BL17
0CBB	N4892W	AC11
0CC2	N48923	TAYD
0CC3	N48924	C152
0CCD	N4893D	C182
0CCE	N4893E	C172
0CD0	N4893G	C172
0CD2	N4893J	C172
0CD7	N4893P	PA23
0CDB	N4893T	C82R
0CE4	N48932	C152
0CE7	N48935	C152
0CE8	N48936	AR6T
0CEA	N48938	C152
0CED	N4894A	PA18
0CF0	N4894D	C172
0CF1	N4894E	CH7B
0CF5	N4894J	BE35
0CF7	N4894L	P28A
0CFA	N4894P	PA23
0CFE	N4894T	C82R
0D02	N4894X	SS2P
0D06	N48941	C152
0D0C	N48947	J3
0D10	N4895A	PA18
0D13	N4895D	C182
0D14	N4895E	C82R
0D16	N4895G	C172
0D17	N4895H	PA17
0D1A	N4895L	P28A
0D1B	N4895M	P28B
0D1D	N4895P	PA23
0D20	N4895S	PA32
0D23	N4895V	C72R
0D24	N4895W	AC11
0D26	N4895Y	T210
0D2B	N48953	AR6T
0D2C	N48954	AR6T
0D35	N4896C	C185
0D36	N4896D	C182
0D37	N4896E	C185
0D38	N4896F	T206
0D39	N4896G	C172
0D3B	N4896J	BE35
0D3C	N4896K	P210
0D3D	N4896L	P28A
0D3E	N4896M	C172
0D41	N4896Q	C188
0D42	N4896R	C188
0D43	N4896S	PA32
0D44	N4896T	P28A
0D46	N4896V	C72R
0D4C	N48961	C152
0D51	N48966	S1
0D52	N48967	C152
0D59	N4897D	C182
0D5A	N4897E	C172
0D5B	N4897F	P28A
0D5C	N4897G	C172
0D5F	N4897K	NAVI
0D61	N4897M	PA11
0D6A	N4897W	AC11
0D6C	N4897Y	PA25
0D70	N48972	C152
0D74	N48976	RS12
0D7A	N4898B	C152
0D7B	N4898C	T210
0D7C	N4898D	C182
0D7D	N4898E	CH7A
0D7E	N4898F	C172
0D84	N4898M	PA11
0D87	N4898Q	C188
0D88	N4898R	C188
0D8D	N4898W	AC11
0D8F	N4898Y	PA25
0D95	N48984	C152
0D98	N48987	C152
0DA2	N4899G	C172
0DA6	N4899L	P28A
0DAD	N4899T	P28A
0DB4	N48990	C152
0DB8	N48994	ST75
0DBE	N49	B350
0DC1	N49AB	AC11
0DC3	N49AD	EC20
0DC4	N49AE	EAGL
0DC7	N49AH	EC45
0DC8	N49AJ	P210
0DC9	N49AK	PA22
0DCB	N49AM	BE60
0DCF	N49AR	C421
0DD0	N49AS	BE40
0DD1	N49AT	PA44
0DD4	N49AW	DHC3
0DD9	N49BA	C414
0DDA	N49BB	F260
0DDB	N49BC	SA30
0DDE	N49BF	RV6
0DE0	N49BH	HUSK
0DE3	N49BL	B407
0DE4	N49BM	PA23
0DE8	N49BR	PTS1
0DEA	N49BT	P46T
0DED	N49BW	RV9
0DEE	N49BX	LNP4
0DF2	N49CA	BE95
0DF3	N49CB	P337
0DF6	N49CE	SR22
0DF7	N49CF	PA18
0DF8	N49CG	C172
0DF9	N49CH	CH75
0DFA	N49CJ	SF50
0DFD	N49CM	LNC2
0DFE	N49CN	R44
0DFF	N49CP	C170
0E01	N49CR	CRER
0E03	N49CT	WW24
0E04	N49CU	H47
0E0A	N49D	BE58
0E0C	N49DB	RV4
0E0E	N49DD	RV12
0E12	N49DH	ACRO
0E13	N49DJ	SREY
0E14	N49DK	C560
0E18	N49DP	PA18
0E1C	N49DT	CH7B
0E1F	N49DW	LGEZ
0E26	N49EC	C170
0E27	N49ED	SR22
0E28	N49EE	CH7B
0E2B	N49EH	GLID
0E34	N49ES	GLAS
0E37	N49EV	EVSS
0E39	N49EX	EXPR
0E3B	N49EZ	LGEZ
0E3F	N49FC	C82R
0E43	N49FG	P40
0E46	N49FK	FOX
0E48	N49FM	M20P
0E4D	N49FS	FDCT
0E4E	N49FT	BIPL
0E52	N49FX	FOX
0E55	N49G	ERCO
0E56	N49GA	FOX
0E57	N49GB	DHC2
0E58	N49GC	BE55
0E59	N49GD	DSA1
0E5B	N49GF	FOX
0E5D	N49GH	M20P
0E5E	N49GJ	RV6
0E60	N49GL	C180
0E61	N49GM	C425
0E63	N49GP	C182
0E66	N49GS	LJ24
0E67	N49GT	AA5
0E6A	N49GW	HROC
0E6F	N49HA	PTS2
0E72	N49HD	P28R
0E74	N49HF	PA46
0E77	N49HJ	HDJT
0E7A	N49HM	LJ45
0E7C	N49HP	HUSK
0E7E	N49HR	BE36
0E7F	N49HS	SA30
0E80	N49HT	F2TH
0E83	N49HW	GLID
0E85	N49HY	HUSK
0E89	N49JB	COZY
0E8A	N49JC	PA18
0E8D	N49JF	VELO
0E8E	N49JG	BE33
0E90	N49JJ	GLID
0E91	N49JK	PA18
0E92	N49JL	BE36
0E93	N49JM	BOLT
0E95	N49JP	BE9L
0E98	N49JS	C182
0E99	N49JT	C180
0E9B	N49JV	RV6
0EA3	N49KC	BE20
0EA6	N49KF	RV4
0EAC	N49KM	P28A
0EAE	N49KP	BEAR
0EB1	N49KS	RV8
0EB5	N49KW	C550
0EBA	N49LA	LNC2
0EBB	N49LB	P32R
0EBC	N49LC	PA18
0EBD	N49LD	C560
0EBE	N49LE	GLID
0EBF	N49LF	BE36
0EC0	N49LG	R66
0EC1	N49LH	PTS2
0EC2	N49LJ	LEG2
0EC4	N49LL	BE20
0EC5	N49LM	PC12
0EC7	N49LP	BE58
0ECA	N49LS	GLID
0ECB	N49LT	C182
0ED3	N49MA	B06
0ED4	N49MB	PTS1
0ED6	N49MD	BE95
0ED9	N49MG	AEST
0EDA	N49MH	L39
0EDB	N49MJ	BE9L
0EDF	N49MN	ASTR
0EE0	N49MP	PL2
0EE1	N49MQ	C172
0EE4	N49MT	RV8
0EE6	N49MV	GLAS
0EEC	N49NA	T6
0EF3	N49NH	CH7A
0EF7	N49NM	PA31
0EF8	N49NN	SF50
0EFC	N49NS	GA5C
0EFD	N49NT	BE9L
0F04	N49P	NAVI
0F05	N49PA	AT6T
0F07	N49PC	PA16
0F08	N49PD	TRDO
0F0B	N49PG	BE35
0F0E	N49PK	PA46
0F0F	N49PL	EA50
0F10	N49PM	BE95
0F14	N49PR	PA11
0F15	N49PS	BE36
0F16	N49PT	P28A
0F1A	N49PX	SR22
0F36	N49R	BE20
0F37	N49RA	E110
0F3A	N49RD	PA23
0F3B	N49RE	RV4
0F3C	N49RF	GLF4
0F3D	N49RG	SRAI
0F3F	N49RJ	SF50
0F40	N49RK	RV6
0F41	N49RL	C172
0F42	N49RM	LNP4
0F44	N49RP	PA18
0F46	N49RR	T6
0F48	N49RT	RV7
0F4A	N49RV	GLAS
0F4E	N49RZ	C172
0F4F	N49S	WAIX
0F51	N49SB	BE36
0F52	N49SC	GLID
0F55	N49SF	PA32
0F58	N49SJ	DHC6
0F5B	N49SM	WAIX
0F5D	N49SP	RLU1
0F5F	N49SR	LGEZ
0F60	N49SS	SSTL
0F61	N49ST	T210
0F68	N49T	AA5
0F69	N49TA	PTS2
0F6A	N49TB	SR20
0F6C	N49TD	CL60
0F71	N49TJ	H500
0F73	N49TL	BE20
0F74	N49TM	RV4
0F75	N49TN	RV9
0F76	N49TP	CH7B
0F78	N49TR	BE35
0F79	N49TS	SRAI
0F7A	N49TT	DA42
0F7C	N49TV	B06
0F7D	N49TW	M600
0F81	N49U	C550
0F84	N49UC	B190
0F92	N49US	C82S
0F93	N49UT	PA11
0F9B	N49VA	E145
0F9D	N49VC	RV9
0FA5	N49VL	GLAS
0FA6	N49VM	RV6
0FAF	N49VW	RV12
0FB4	N49WA	LJ25
0FB5	N49WB	P51
0FB6	N49WC	BE30
0FB7	N49WD	RV9
0FB8	N49WE	SRAI
0FB9	N49WF	SR22
0FBA	N49WG	H269
0FBB	N49WH	A4
0FBD	N49WK	H500
0FBE	N49WL	LJ35
0FBF	N49WM	C140
0FC4	N49WS	PA30
0FC7	N49WV	PA16
0FC8	N49WW	M20P
0FC9	N49WX	C150
0FCA	N49WY	CRER
0FD7	N49XL	PA46
0FD8	N49XM	C177
0FE2	N49XX	CH75
0FE5	N49Y	AC11
0FED	N49YH	CRER
0FF7	N49YT	BE35
0FFB	N49YX	WAIX
1016	N49ZZ	RV6
101D	N490AE	B06
101E	N490AF	C177
101F	N490AG	DA42
1024	N490AM	BE40
1029	N490AS	UH1
102C	N490AV	B412
1031	N490B	SA30
1032	N490BA	GLEX
104C	N490CB	CL30
104E	N490CD	SR20
1051	N490CG	ONEX
1058	N490CP	C82T
105B	N490CS	RV7
1064	N490DA	SR20
1069	N490DF	UH1
106C	N490DJ	RENE
106F	N490DM	BE9L
1086	N490EK	Q9
108C	N490ER	C172
10A0	N490FL	BE40
10C7	N490H	AS50
10C8	N490HA	B712
10D5	N490HP	BE33
10E4	N490JD	P180
10F9	N490K	DHC2
10FA	N490KA	BE9T
1105	N490KM	C414
1108	N490KQ	K100
111D	N490LL	C182
1120	N490LP	PIAT
112B	N490M	BT36
112E	N490MC	FOX
1137	N490MM	S22T
1154	N490NR	P68
1159	N490NW	C172
115E	N490PA	FOX
1161	N490PD	S22T
1164	N490PG	SR20
1165	N490PH	B407
1167	N490PK	JACE
116E	N490PS	M20T
1173	N490PX	CRJ9
118F	N490R	RBEL
119B	N490RM	C25A
11A3	N490RV	RV6
11A9	N490SA	C208
11B6	N490SP	C172
11B8	N490SR	SR22
11C1	N490T	BE35
11C2	N490TA	A320
11D2	N490TS	DA42
11D7	N490TX	BE9T
11DB	N490UA	A320
11DE	N490UD	SF50
120E	N490WB	JAB4
1218	N490WM	B06
1219	N490WN	B737
124E	N490YR	P46T
1257	N490Z	SM19
1271	N4900A	C180
1273	N4900C	PA18
1274	N4900D	C172
1275	N4900E	RS12
1278	N4900H	C152
1279	N4900J	P28R
127A	N4900K	NAVI
127B	N4900L	C152
127C	N4900M	PA11
127D	N4900N	ST75
1283	N4900U	P28A
1288	N4900Z	PA22
1289	N49000	TAYD
128A	N49001	AR6T
128D	N49004	C152
128E	N49005	C152
1290	N49007	R44
129B	N4901H	PA11
129F	N4901M	PA11
12A6	N4901U	A320
12A8	N4901W	CORS
12AB	N4901Z	PA22
12AE	N49012	AR6T
12B5	N49019	TAYD
12B6	N4902	WACO
12B7	N4902A	C180
12BC	N4902F	C172
12C1	N4902L	P28A
12C4	N4902P	RS12
12C6	N4902R	C188
12C7	N4902S	C182
12C9	N4902U	C210
12CA	N4902V	C170
12D2	N49023	TAYD
12D3	N49024	C152
12D4	N49025	C152
12DA	N4903A	C180
12DD	N4903D	C182
12E4	N4903L	P28A
12E6	N4903N	C182
12EF	N4903X	SS2P
12FB	N49039	C152
12FC	N4904	SR22
12FE	N4904B	C152
1303	N4904G	C172
1307	N4904L	P28A
130A	N4904P	PA23
130B	N4904Q	C188
130D	N4904S	C182
130F	N4904U	C210
1315	N49040	TAYD
1318	N49043	C152
1320	N4905A	C310
1322	N4905C	T210
1324	N4905E	PA44
1327	N4905H	C152
1328	N4905J	P28R
132B	N4905M	PA11
132F	N4905R	C188
133D	N49055	C152
1346	N4906D	C182
134B	N4906J	P28R
134D	N4906L	P28A
134E	N4906M	PA15
134F	N4906N	C182
1353	N4906S	C182
1354	N4906T	P28R
1358	N4906X	SS2P
135B	N49060	C152
135C	N49061	S1
136A	N4907E	DFLY
136B	N4907F	PA32
136E	N4907J	P28R
136F	N4907K	CH75
1370	N4907L	P28A
1373	N4907P	PA23
1375	N4907R	C188
1377	N4907T	PA34
137E	N49070	C152
137F	N49071	FA62
1383	N49075	C152
1386	N49078	C152
1387	N49079	C152
1388	N4908	BE35
138F	N4908G	C172
1391	N4908J	P28R
1395	N4908N	ST75
1396	N4908P	PA18
1397	N4908Q	C188
139E	N4908X	AVID
13A8	N49087	AR6T
13B2	N4909G	C172
13B7	N4909M	PA11
13B8	N4909N	ST75
13BC	N4909S	P28R
13BD	N4909T	C182
13BE	N4909U	C210
13C2	N4909Y	T210
13C3	N4909Z	PA22
13C4	N49090	C152
13C8	N49094	C152
13CE	N491	C185
13D2	N491AC	T210
13D4	N491AE	B407
13D5	N491AF	C182
13D9	N491AK	SH36
13E0	N491AS	B739
13E7	N491AZ	B763
13E8	N491B	BE55
13EC	N491BD	CRER
13EF	N491BG	FOX
13F3	N491BL	NG5
1404	N491CC	C182
140A	N491CJ	S22T
140D	N491CM	RV8
140F	N491CP	LJ60
1417	N491CX	NSTR
141A	N491D	P28A
141B	N491DA	SR20
141D	N491DC	LNP4
1420	N491DF	UH1
1426	N491DM	BE18
1443	N491ER	C172
1445	N491ET	P28A
1457	N491FL	P28A
1465	N491G	P28A
147F	N491HA	B712
1497	N491J	C25B
149E	N491JG	T206
14A2	N491JL	C56X
14A5	N491JP	BD4
14AB	N491JV	BE9L
14B0	N491K	DHC3
14B3	N491KC	H60
14BF	N491KQ	K100
14CC	N491LC	VELO
14D0	N491LG	AS50
14D7	N491LP	PIAT
14E2	N491M	MITE
14E3	N491MA	BL8
14F4	N491MT	COY2
14FB	N491N	F2TH
14FE	N491NC	B429
14FF	N491ND	PA44
1511	N491NX	ONEX
1518	N491PD	BE23
151C	N491PH	B407
151F	N491PL	AVID
1524	N491PR	RV12
152A	N491PX	CRJ9
153E	N491QS	E55P
1557	N491RS	FOX
155A	N491RV	LJ35
155F	N491S	SR22
1560	N491SA	R44
1563	N491SD	SR22
1565	N491SF	C172
1566	N491SG	RV8
156D	N491SP	C172
1579	N491TA	A320
157B	N491TC	DA40
1584	N491TM	BE40
1589	N491TS	DA42
1592	N491UA	A320
15C9	N491WF	EPIC
15CF	N491WM	BE58
15D0	N491WN	B737
15D4	N491WS	C172
15D5	N491WT	TAIL
15DC	N491X	PTMS
1628	N4910A	C180
1629	N4910B	C152
162B	N4910D	C172
162F	N4910H	PA11
1630	N4910J	P28R
1632	N4910L	P28A
1634	N4910N	BE18
1635	N4910P	PA18
1638	N4910S	C82R
163A	N4910U	C210
1642	N49102	TAYD
1644	N49104	C152
1645	N49105	S1
1649	N49109	C152
164A	N4911	FA50
164B	N4911A	C180
164D	N4911C	C185
164F	N4911E	C185
1650	N4911F	P28A
1652	N4911H	PA11
1653	N4911J	C188
1655	N4911L	P28A
165B	N4911S	B06
165D	N4911U	A320
165F	N4911W	AC11
1660	N4911X	R44
1662	N4911Z	PA22
1663	N49110	AR6T
1667	N49114	AR6T
1669	N49116	AR6T
166A	N49117	AR6T
166B	N49118	TAYD
166C	N49119	TAYD
166D	N4912	F86
166F	N4912B	Z42
1672	N4912E	C82R
1673	N4912F	P28A
1674	N4912G	C172
1676	N4912J	P28R
167C	N4912Q	C188
167E	N4912S	C182
167F	N4912T	AVID
1680	N4912U	A320
1682	N4912W	AC11
1686	N49120	C152
1688	N49122	TAYD
1689	N49123	C152
168B	N49125	C152
168C	N49126	C152
168D	N49127	C152
1690	N4913	PC6T
1691	N4913A	C180
1694	N4913D	C172
1697	N4913G	C172
1698	N4913H	PA11
1699	N4913J	C188
169A	N4913K	NAVI
169B	N4913L	P28A
16A3	N4913U	C210
16A8	N4913Z	PA22
16AF	N49136	TAYD
16B0	N49137	TAYD
16B1	N49138	C152
16B3	N4914	L5
16B9	N4914F	P28A
16BE	N4914L	P28A
16C2	N4914Q	C188
16C6	N4914U	C210
16C9	N4914X	SS2P
16CE	N49142	C152
16D0	N49144	C152
16D9	N4915C	C185
16DB	N4915E	SA6
16DF	N4915J	P28R
16E1	N4915L	P28A
16E4	N4915P	C152
16E7	N4915S	C182
16EA	N4915V	BL17
16EF	N49150	C152
16F0	N49151	C152
16F1	N49152	AR6T
16F2	N49153	TAYD
16F8	N49159	C152
16FA	N4916A	C180
16FD	N4916D	C182
16FF	N4916F	T206
1700	N4916G	C172
1701	N4916H	PA11
1702	N4916J	P28R
1704	N4916L	P28A
1707	N4916P	PA23
1709	N4916R	B407
170B	N4916T	P28A
1713	N49161	C152
1716	N49164	C152
171A	N49168	TAYD
171D	N4917A	PA44
1720	N4917D	C182
1723	N4917G	C172
1725	N4917J	P28R
1727	N4917L	P28A
1729	N4917N	C182
1735	N49170	TAYD
1738	N49173	TAYD
173B	N49176	AR6T
173D	N49178	TAYD
173E	N49179	TAYD
1740	N4918A	C180
1742	N4918C	RV4
1745	N4918F	P28A
1747	N4918H	C152
1748	N4918J	P28R
174A	N4918L	P28A
174E	N4918Q	C185
1750	N4918S	C182
1752	N4918U	T206
1754	N4918W	AC11
1756	N4918Y	C210
1759	N49181	TAYD
175D	N49185	C152
1761	N49189	C152
1764	N4919B	BE35
1766	N4919D	C182
1768	N4919F	C172
1769	N4919G	C172
176D	N4919L	P28A
176F	N4919N	C182
1770	N4919P	C152
177C	N49191	C152
177D	N49192	P28B
177F	N49194	C152
1782	N49197	C152
1784	N49199	C152
1785	N492	RV6
1786	N492A	GLF2
178B	N492AE	EC35
178D	N492AG	PA32
1790	N492AK	SH36
1792	N492AM	BE40
1797	N492AS	B739
17A2	N492BC	PA32
17A5	N492BF	RLU1
17A6	N492BG	S92
17AC	N492BN	P28A
17B9	N492CA	C700
17BF	N492CG	C560
17C0	N492CH	B06
17C6	N492CP	SR22
17D2	N492DA	SR20
17D7	N492DF	H60
17DD	N492DM	SR22
17E2	N492DS	DA40
17E3	N492DT	SR22
17E8	N492DY	H25B
17E9	N492DZ	S22T
17EA	N492E	BIPL
17FA	N492ER	C172
180E	N492FL	P28A
1815	N492FT	BE40
181B	N492FZ	P46T
182A	N492GP	BE20
1836	N492HA	B712
1837	N492HB	B407
1846	N492HS	UH12
1850	N492JB	RV9
1858	N492JK	SONX
186A	N492KC	H60
186D	N492KF	R66
1887	N492LG	AA5
188E	N493LP	DV20
1899	N492M	MITE
189C	N492MC	B744
18A1	N492MH	TRDO
18AB	N492MT	TUCA
18AD	N492MV	AVID
18B6	N492ND	PA44
18CC	N492PA	BE9L
18F5	N492QS	E55P
1911	N492RV	RV9
1919	N492SC	CRUZ
191C	N492SF	C172
1924	N492SP	C172
1928	N492ST	P46T
192B	N492SW	CRJ2
192F	N492T	BE35
1931	N492TB	C82S
1932	N492TC	BL17
193B	N492TM	BE40
1949	N492UA	A320
197A	N492W	PA23
197B	N492WA	PC12
1987	N492WN	B737
1988	N492WP	C172
198B	N492WS	RV8
1993	N492X	BOLT
1994	N492XA	GLID
19DF	N4920A	C180
19E0	N4920B	BE35
19E5	N4920G	C172
19E6	N4920H	PA11
19E9	N4920L	P28A
19EC	N4920P	PA23
19EF	N4920S	C182
19F5	N4920Y	TBM7
19F7	N49200	TAYD
19F9	N49202	C152
19FA	N49203	AR6T
19FB	N49204	AR6T
1A02	N4921A	C180
1A05	N4921D	C182
1A0A	N4921J	P28R
1A0C	N4921L	P28A
1A0D	N4921M	RV9
1A0E	N4921N	ST75
1A0F	N4921P	PA23
1A11	N4921R	C188
1A15	N4921V	C72R
1A16	N4921W	AC11
1A19	N4921Z	PA22
1A1B	N49211	TAYD
1A1F	N49215	C152
1A21	N49217	AR6T
1A23	N49219	FA62
1A26	N4922B	C152
1A27	N4922C	RS12
1A28	N4922D	C172
1A2A	N4922F	CH60
1A2B	N4922G	C172
1A2C	N4922H	C82R
1A2D	N4922J	P28R
1A2F	N4922L	P28A
1A35	N4922S	C182
1A36	N4922T	P28R
1A38	N4922V	C72R
1A3A	N4922X	M600
1A3B	N4922Y	T210
1A43	N49226	C152
1A48	N4923A	C180
1A4A	N4923C	C185
1A4B	N4923D	C172
1A4D	N4923F	CH70
1A4F	N4923H	PA11
1A51	N4923K	NAVI
1A52	N4923L	P28A
1A53	N4923M	PA11
1A54	N4923N	ST75
1A5E	N4923Y	PA25
1A5F	N4923Z	PA22
1A60	N49230	C152
1A62	N49232	FA62
1A63	N49233	C152
1A67	N49237	O1
1A68	N49238	FA62
1A6B	N4924A	C180
1A6D	N4924C	B47G
1A6F	N4924E	C185
1A70	N4924F	P28R
1A73	N4924J	P28R
1A76	N4924M	PA11
1A7D	N4924U	C210
1A82	N4924Z	PA22
1A8C	N49249	C152
1A90	N4925C	C185
1A93	N4925F	C172
1A94	N4925G	C172
1A97	N4925K	P210
1A9A	N4925N	ST75
1A9C	N4925Q	C82T
1A9F	N4925T	BE20
1AA1	N4925V	BL17
1AA8	N49252	RELI
1AAB	N49255	ST75
1AAC	N49256	ST75
1AAF	N49259	ST75
1AB1	N4926A	C180
1AB8	N4926H	PA11
1ABB	N4926L	P28A
1ABC	N4926M	PA11
1AC7	N4926Y	PA25
1AC9	N49260	C152
1ACA	N49261	C152
1ACB	N49262	AR6T
1ACE	N49265	BE18
1AD1	N49268	C152
1AD3	N4927	SR22
1AD4	N4927A	C310
1AD5	N4927B	C152
1AD6	N4927C	PA18
1AD7	N4927D	C172
1AD9	N4927F	P32R
1ADB	N4927H	PA11
1ADD	N4927K	NAVI
1ADE	N4927L	P28A
1AE0	N4927N	C182
1AE2	N4927Q	C188
1AE4	N4927S	C82R
1AE6	N4927U	C210
1AED	N49271	AR6T
1AF2	N49276	C152
1AF5	N49279	L5
1AF8	N4928B	C152
1AFB	N4928E	C172
1AFE	N4928H	PA11
1B01	N4928L	P28A
1B03	N4928N	ST75
1B07	N4928S	C182
1B0B	N4928W	AC11
1B0C	N4928X	SS2P
1B0D	N4928Y	PA25
1B14	N49285	C152
1B15	N49286	ST75
1B17	N49288	C152
1B1A	N4929A	C180
1B1C	N4929C	C195
1B1D	N4929D	C182
1B1E	N4929E	NAVI
1B22	N4929J	P28R
1B23	N4929K	NAVI
1B24	N4929L	P28A
1B31	N4929Z	PA22
1B34	N49292	C152
1B37	N49295	ST75
1B3D	N493A	GLID
1B3E	N493AA	MD82
1B42	N493AE	B407
1B43	N493AF	PC12
1B44	N493AG	CLON
1B4E	N493AS	B739
1B63	N493BN	UH12
1B68	N493BT	C177
1B6F	N493C	SR22
1B70	N493CA	PA32
1B73	N493CD	SR22
1B75	N493CF	F900
1B78	N493CJ	C25A
1B79	N493CK	CB1
1B7D	N493CP	C82T
1B81	N493CT	RENE
1B8A	N493DB	RV4
1B8E	N493DF	UH1
1B99	N493DS	P28A
1B9C	N493DV	BE58
1BB1	N493ER	C172
1BC5	N493FL	P28A
1BCB	N493FS	COY2
1BD6	N493GC	COZY
1BDF	N493GM	RV6
1BED	N493HA	B712
1C09	N493JD	P180
1C0D	N493JH	C421
1C10	N493JL	C82S
1C13	N493JP	CP30
1C1E	N493K	DHC2
1C21	N493KC	S76
1C24	N493KF	FOX
1C2C	N493KP	BE33
1C3E	N493LG	AS50
1C50	N493M	CJ6
1C51	N493MA	P28A
1C53	N493MC	B744
1C61	N493MS	SR22
1C69	N493N	GLIM
1C6C	N493NC	B429
1C82	N493P	SHEK
1C83	N493PA	DV20
1C8A	N493PH	B407
1C8B	N493PJ	B407
1C93	N493PS	M20P
1CAC	N493QS	E55P
1CB8	N493RD	R44
1CC0	N493RM	C72R
1CCE	N493SA	PC12
1CD0	N493SC	CRUZ
1CD8	N493SL	GLIM
1CE6	N493T	BE35
1CE7	N493TA	A320
1CED	N493TG	CH60
1CF2	N493TM	BE40
1CF6	N493TR	S22T
1D00	N493UA	A320
1D31	N493W	BE36
1D32	N493WA	AS50
1D34	N493WC	P337
1D3E	N493WN	B737
1D96	N4930A	C180
1D99	N4930D	C182
1D9D	N4930H	PA11
1DA0	N4930L	P28A
1DA1	N4930M	PA11
1DA3	N4930P	PA23
1DA5	N4930R	C188
1DA8	N4930U	P28A
1DA9	N4930V	SR22
1DB0	N49302	AR6T
1DB2	N49304	AR6T
1DB3	N49305	PTS1
1DB4	N49306	PTS1
1DB5	N49307	PTS1
1DB7	N49309	PTS1
1DBA	N4931B	C152
1DBB	N4931C	C185
1DC3	N4931L	P28A
1DC5	N4931N	ST75
1DCC	N4931V	ST75
1DCD	N4931W	AC11
1DD1	N49310	PTS1
1DD3	N49312	PTS1
1DD5	N49314	PTS1
1DD6	N49315	PTS1
1DDA	N49319	PTS1
1DDB	N4932	DHC2
1DDC	N4932A	C180
1DE4	N4932J	P28R
1DE5	N4932K	NAVI
1DE6	N4932L	RV7
1DE8	N4932N	C182
1DEC	N4932S	C82R
1DED	N4932T	C182
1DF3	N4932Z	PA22
1DF4	N49320	WACC
1DF7	N49323	ST75
1DF8	N49324	L5
1DF9	N49325	PTS1
1DFC	N49328	C152
1DFD	N49329	PTS1
1E07	N4933J	P28R
1E09	N4933L	P28A
1E0A	N4933M	PA11
1E0D	N4933Q	C188
1E0F	N4933S	C82R
1E16	N4933Z	PA22
1E17	N49330	PTS1
1E18	N49331	PTS1
1E19	N49332	PTS1
1E1D	N49336	PTS1
1E1E	N49337	PTS1
1E1F	N49338	PTS1
1E20	N49339	PTS1
1E21	N4934	CH70
1E22	N4934A	C180
1E26	N4934E	C185
1E27	N4934F	P28A
1E2B	N4934K	NAVI
1E2C	N4934L	P28A
1E2F	N4934P	PA23
1E32	N4934S	C82R
1E34	N4934U	C210
1E36	N4934W	AC11
1E3A	N49340	PTS1
1E3B	N49341	C152
1E3C	N49342	PTS1
1E3D	N49343	PTS1
1E41	N49347	HUSK
1E43	N49349	HUSK
1E45	N4935A	C180
1E4A	N4935F	P28A
1E4B	N4935G	C172
1E51	N4935N	ST75
1E53	N4935Q	C185
1E5E	N49351	PTS1
1E60	N49353	HUSK
1E61	N49354	HUSK
1E64	N49357	HUSK
1E66	N49359	HUSK
1E68	N4936A	C180
1E71	N4936K	NAVI
1E72	N4936L	P28A
1E74	N4936N	C182
1E79	N4936T	C82R
1E7F	N4936Z	PA22
1E82	N49362	HUSK
1E83	N49363	HUSK
1E86	N49366	HUSK
1E87	N49367	HUSK
1E88	N49368	TAYB
1E8A	N4937	BU33
1E90	N4937F	P28A
1E91	N4937G	C172
1E93	N4937J	C310
1E94	N4937K	NAVI
1E97	N4937N	ST75
1E98	N4937P	C152
1E9A	N4937R	C188
1E9B	N4937S	C82R
1E9C	N4937T	C82R
1EA2	N4937Z	PA22
1EA3	N49370	HUSK
1EA4	N49371	HUSK
1EA5	N49372	HUSK
1EAC	N49379	GLIM
1EAE	N4938A	C310
1EB0	N4938C	GLID
1EB5	N4938H	C152
1EB9	N4938M	PA11
1EBE	N4938S	C82R
1EBF	N4938T	C182
1EC4	N4938Y	PA25
1EC9	N49383	HUSK
1ECE	N49388	T6
1ED3	N4939C	C210
1ED8	N4939H	PA11
1EDB	N4939L	P28A
1EDD	N4939N	ST75
1EE0	N4939R	C188
1EE1	N4939S	C182
1EE4	N4939V	C72R
1EE7	N4939Y	T210
1EE8	N4939Z	T206
1EF4	N494A	BE95
1EF6	N494AB	RV9
1EF9	N494AE	B407
1F05	N494AS	B739
1F0D	N494B	BE35
1F0E	N494BA	E55P
1F10	N494BC	C402
1F12	N494BE	PTS2
1F15	N494BH	BE9T
1F1B	N494BP	CH70
1F22	N494BW	RV6
1F27	N494CA	CRJ2
1F32	N494CM	VELO
1F3E	N494CZ	COZY
1F3F	N494D	EXEC
1F40	N494DA	SR20
1F42	N494DC	CH70
1F45	N494DF	UH1
1F50	N494DS	DA40
1F5B	N494EC	GLF4
1F68	N494ER	C172
1F98	N494GP	C550
1FA4	N494HA	B712
1FA5	N494HB	CMDE
1FBE	N494JB	C172
1FC3	N494JG	RV7
1FD5	N494K	QUIC
1FD8	N494KC	PC12
1FD9	N494KD	AVID
1FE4	N494KQ	K100
1FE6	N494KS	MAGN
1FF5	N494LG	AS50
2003	N494LW	RV10
2007	N494M	CORS
2008	N494MA	BE30
2009	N494MB	P32R
2029	N494NJ	PA30
2039	N494P	BE33
2041	N494PH	B407
2042	N494PJ	B407
2063	N494QS	E55P
206B	N494R	LNC4
206C	N494RA	C150
207F	N494RV	RV4
2085	N494SA	PC12
208C	N494SH	R44
2092	N494SP	C172
2094	N494SR	SR22
2099	N494SW	GLID
209D	N494T	BE35
209E	N494TA	A320
209F	N494TB	C25A
20A4	N494TG	E35L
20A9	N494TM	C172
20AE	N494TS	C303
20B6	N494U	GLAS
20B7	N494UA	A320
20E8	N494W	C310
20E9	N494WA	C172
20EA	N494WB	COZY
20F5	N494WN	B737
214D	N4940A	C180
2151	N4940E	C172
2152	N4940F	P28R
2153	N4940G	C172
2156	N4940K	P210
2159	N4940N	C182
215A	N4940P	PA23
215D	N4940S	C182
215F	N4940U	P28A
2161	N4940W	AC11
2169	N49404	C152
216A	N49405	FA62
2170	N4941A	C310
2185	N4941X	SS2P
2189	N49411	ST75
218B	N49413	ST75
218F	N49417	C152
2191	N49419	C152
2192	N4942	DH82
2193	N4942A	C180
2196	N4942D	C182
2198	N4942F	P32R
2199	N4942G	C172
219A	N4942H	C152
219E	N4942M	PA11
21A0	N4942P	PA23
21A5	N4942U	C210
21AA	N4942Z	PA22
21AE	N49423	C152
21AF	N49424	C152
21B5	N4943	RV4
21BA	N4943E	C185
21BD	N4943H	PA11
21BF	N4943K	NAVI
21C0	N4943L	C152
21CA	N4943W	AC11
21CD	N4943Z	PA22
21CE	N49430	C152
21D0	N49432	C152
21D2	N49434	C152
21D6	N49438	C152
21D7	N49439	C152
21DB	N4944C	BE18
21DC	N4944D	C182
21E2	N4944K	COY2
21E3	N4944L	P28A
21E6	N4944P	C182
21E8	N4944R	C188
21E9	N4944S	C82R
21ED	N4944W	AC11
21F0	N4944Z	PA22
21F8	N49447	C152
21FC	N4945A	C180
21FE	N4945C	BE18
2201	N4945F	R44
2204	N4945J	P28R
2205	N4945K	NAVI
2207	N4945M	BE58
220D	N4945T	C182
2210	N4945W	AC11
2213	N4945Z	PA22
2219	N49455	C152
2223	N4946E	C185
2226	N4946H	PA15
2228	N4946K	P210
2229	N4946L	P28A
2230	N4946T	P28A
2232	N4946V	BL17
2238	N49461	C152
2239	N49462	FA62
223C	N49465	O1
2240	N49469	C152
2242	N4947A	C180
2245	N4947D	C182
2247	N4947F	P32R
2248	N4947G	C172
224A	N4947J	P28R
224C	N4947L	P28A
224D	N4947M	BE9L
2252	N4947S	C82R
2254	N4947U	C210
2256	N4947W	AC11
2259	N4947Z	PA22
225A	N49470	C152
225B	N49471	C152
2264	N4948	PA18
2265	N4948A	C310
2266	N4948B	BE50
2267	N4948C	C185
2268	N4948D	C182
226C	N4948H	PA11
226F	N4948L	P28A
2273	N4948Q	C185
2274	N4948R	C188
2275	N4948S	C182
227B	N4948Y	C210
227C	N4948Z	PA22
227E	N49481	FA62
2288	N4949A	C310
2289	N4949B	LNCE
228A	N4949C	C303
228C	N4949E	C185
228D	N4949F	P28R
228E	N4949G	C172
2291	N4949K	NAVI
2292	N4949L	P28A
2294	N4949N	C182
2295	N4949P	PA23
2297	N4949R	C188
229C	N4949W	SONX
229D	N4949X	SS2P
229E	N4949Y	PA30
229F	N4949Z	PA22
22AA	N495	C414
22AD	N495AB	RV6
22AE	N495AC	CH7B
22B0	N495AE	B407
22B6	N495AL	PA14
22BC	N495AS	B739
22BE	N495AU	BE58
22C5	N495BA	RV12
22C7	N495BC	S22T
22CA	N495BF	RV10
22CD	N495BJ	T206
22DE	N495CA	CRJ2
22DF	N495CB	M20P
22E0	N495CC	SR22
22E1	N495CD	SR22
22E9	N495CM	C550
22EB	N495CP	M20P
22EE	N495CS	C212
22EF	N495CT	BE40
22F8	N495DB	BL8
22FA	N495DD	CL60
22FC	N495DF	UH1
22FE	N495DH	BE30
2307	N495DS	P28R
2312	N495EC	CL30
231B	N495EM	C182
231F	N495ER	C172
2333	N495FL	P28A
2341	N495G	CH7B
2344	N495GC	BE36
235A	N495H	RV10
235B	N495HA	B712
2375	N495JB	C82S
2376	N495JC	BL8
237A	N495JG	JAB4
237C	N495JJ	EPIC
237D	N495JK	C510
2384	N495JS	GLF4
238C	N495K	T206
238E	N495KB	GA8
238F	N495KC	RV10
2397	N495KL	RV7
23BF	N495MA	PA46
23C1	N495MC	C82T
23C8	N495MK	T6
23CA	N495MM	B763
23E3	N495NM	BE9L
23F3	N495PC	TBM7
23F7	N495PG	SR20
23F8	N495PH	B407
23F9	N495PJ	B407
23FB	N495PL	R22
241E	N495QW	CDUS
2423	N495RA	C150
2426	N495RD	COL3
2428	N495RF	BL17
242B	N495RJ	LJ45
242E	N495RM	S22T
2433	N495RS	GLF4
2436	N495RV	RV8
2446	N495SL	LEG2
2449	N495SP	C172
244C	N495SS	SVNH
2455	N495TA	A320
2460	N495TM	PA18
246E	N495UA	A320
249F	N495W	AA1
24A5	N495WF	P32R
24A6	N495WG	GLF4
24AC	N495WN	B737
24B1	N495WT	SONX
24B4	N495WW	C82T
24C0	N495XH	MT
24D1	N495Y	BE9L
24D3	N495YB	RV12
2504	N4950A	C152
2505	N4950B	FA50
2507	N4950D	C172
250B	N4950H	C82R
250E	N4950L	P28A
250F	N4950M	PA11
2513	N4950R	T206
2516	N4950U	T206
251B	N4950Z	T206
2527	N4951A	C152
2528	N4951B	C152
2529	N4951C	NAVI
252A	N4951D	J3
252C	N4951F	T206
252D	N4951G	C172
252E	N4951H	C152
2530	N4951K	NAVI
2531	N4951L	P28A
2532	N4951M	PA11
2533	N4951N	C182
2534	N4951P	PA23
2538	N4951T	P28R
253A	N4951V	BE35
253D	N4951Y	T210
253F	N49510	AR6T
2545	N49516	C152
254B	N4952B	C152
254E	N4952E	C185
2550	N4952G	C172
2551	N4952H	PA11
2553	N4952K	NAVI
2554	N4952L	P28A
255A	N4952S	CH7B
255B	N4952T	C182
255D	N4952V	CH7A
2569	N49527	C152
256D	N4953A	C180
2571	N4953E	C185
2572	N4953F	P28A
2573	N4953G	C172
2574	N4953H	PA11
2575	N4953J	P28R
2577	N4953L	P28A
2579	N4953N	C182
257E	N4953T	C182
257F	N4953U	AR50
2580	N4953V	C72R
258A	N49535	J3
258F	N4954	MUS2
2593	N4954D	C182
2595	N4954F	P28A
2596	N4954G	C172
2597	N4954H	C152
259A	N4954L	P28A
25A5	N4954X	SS2P
25AD	N49545	AR6T
25AF	N49547	FA24
25B6	N4955D	C172
25BC	N4955K	NAVI
25BD	N4955L	P28A
25BE	N4955M	PA11
25C0	N4955P	PA23
25C4	N4955T	C182
25C6	N4955V	CH7A
25C9	N4955Y	C210
25CA	N4955Z	PA22
25CC	N49551	C152
25D0	N49555	TAYD
25D8	N4956C	NAVI
25D9	N4956D	C172
25DB	N4956F	P28A
25DD	N4956H	PA11
25DF	N4956K	NAVI
25E1	N4956M	BE33
25E2	N4956N	C182
25E7	N4956T	RV7
25E9	N4956V	C72R
25EB	N4956X	SS2P
25F8	N4957	DHC2
25F9	N4957A	C152
25FC	N4957D	C182
25FD	N4957E	PA22
25FE	N4957F	T206
25FF	N4957G	PA11
2600	N4957H	PA11
2602	N4957K	NAVI
2603	N4957L	P28A
2604	N4957M	PA11
260D	N4957W	DHC2
2610	N4957Z	T206
2612	N49571	J3
2613	N49572	C152
261C	N4958A	C152
261F	N4958D	C182
2621	N4958F	P28A
2623	N4958H	PA11
2625	N4958K	P68
2626	N4958L	P28A
2629	N4958P	C150
262A	N4958Q	C188
262C	N4958S	TAYB
262D	N4958T	P28A
262F	N4958V	C72R
2633	N4958Z	PA22
263D	N49589	B06
263E	N4959	FOX
2641	N4959C	T210
2642	N4959D	C180
2644	N4959F	P28A
2647	N4959J	P28R
2648	N4959K	B26
2649	N4959L	P28A
264A	N4959M	PA11
264F	N4959S	RV10
2652	N4959V	C72R
2653	N4959W	AC11
265C	N49595	J3
2665	N496AC	FA7X
2667	N496AE	B407
266D	N496AL	S22T
267D	N496BB	BE58
268C	N496BS	C240
2695	N496CA	CRJ2
2697	N496CC	PA11
2698	N496CD	SR22
269C	N496CH	B06
26A2	N496CP	SR22
26AD	N496D	R44
26AE	N496DA	SR20
26B0	N496DC	BE36
26B2	N496DE	M20P
26B3	N496DF	UH1
26B9	N496DM	BE18
26BE	N496DS	P28A
26C9	N496EC	CH7B
26CA	N496ED	FA50
26D6	N496ER	C172
26F8	N496G	M20P
26F9	N496GA	GLF4
2708	N496GR	SR22
2711	N496H	ST75
271D	N496HM	C172
272C	N496JB	AT6T
2732	N496JH	C560
2733	N496JJ	T51
2743	N496K	T206
274A	N496KG	SR20
2762	N496LF	ST75
2763	N496LG	AS50
2775	N496M	MITE
2776	N496MA	DA40
2778	N496MC	B744
277C	N496MG	HUSK
2781	N496MM	B763
278A	N496MW	RV4
2792	N496ND	RV9
27AF	N496PH	B407
27D1	N496QS	E55P
27F2	N496S	CRER
27F4	N496SB	EXEC
2800	N496SP	C172
280B	N496T	BE35
280C	N496TA	A320
2817	N496TM	BE40
2819	N496TP	R22
281C	N496TS	DA42
2825	N496UA	A320
2834	N496UR	CH65
283D	N496V	C82S
285E	N496WH	LJ60
2862	N496WM	A37
2863	N496WN	B737
286B	N496WW	T206
286F	N496X	GLEX
2888	N496Y	G164
28BA	N4960	PA24
28BB	N4960A	C152
28BE	N4960D	C182
28C0	N4960F	PA32
28C2	N4960H	PA11
28C3	N4960J	C188
28C4	N4960K	P210
28C5	N4960L	P28A
28CA	N4960R	C172
28CD	N4960U	C210
28CE	N4960V	B17
28D2	N4960Z	PA22
28D5	N49602	ST75
28D8	N49605	ST75
28DE	N4961A	C180
28E2	N4961E	C185
28E4	N4961G	C172
28E5	N4961H	PA11
28E6	N4961J	P28R
28E7	N4961K	M20P
28E8	N4961L	P28A
28E9	N4961M	PA11
28EF	N4961T	P28A
28F2	N4961W	AC11
28F3	N4961X	SS2P
28F4	N4961Y	PA18
28F8	N49612	RV7
2902	N4962B	C152
2904	N4962D	C182
2906	N4962F	T206
2907	N4962G	C172
2908	N4962H	C152
2909	N4962J	P28R
290A	N4962K	NAVI
290B	N4962L	C152
290C	N4962M	PA11
2914	N4962V	C72R
2916	N4962X	SS2P
291A	N49621	J3
291D	N49624	J3
292A	N4963G	C172
292D	N4963K	NAVI
292E	N4963L	P28A
2930	N4963N	C182
2936	N4963U	C210
2938	N4963W	AC11
2941	N49635	CHR1
2947	N4964A	C180
294A	N4964D	C182
294C	N4964F	T206
294D	N4964G	C172
294F	N4964J	P28R
2950	N4964K	NAVI
2951	N4964L	P28A
2952	N4964M	PA11
2954	N4964P	C152
295B	N4964W	HCAT
295D	N4964Y	PA25
295E	N4964Z	PA22
2964	N49645	ST75
2968	N49649	C152
2969	N4965	MR25
296A	N4965A	T210
2974	N4965L	P28A
2975	N4965M	PA11
2976	N4965N	C182
2977	N4965P	PA23
297E	N4965W	AC11
2982	N49650	ST75
2983	N49651	B06
2986	N49654	C152
298A	N49658	ST75
298B	N49659	ST75
2991	N4966E	C182
2992	N4966F	P32R
2993	N4966G	C172
2994	N4966H	PA11
2997	N4966L	P28A
2998	N4966M	PA11
299D	N4966S	C182
29A1	N4966W	AC11
29A3	N4966Y	PA25
29A4	N4966Z	PA22
29A5	N49660	B06
29A6	N49661	ST75
29B1	N4967B	C152
29B3	N4967D	C182
29B5	N4967F	T206
29B8	N4967J	P28R
29B9	N4967K	P210
29BB	N4967M	PA11
29C0	N4967S	P28R
29C1	N4967T	P28R
29C3	N4967V	J3
29D3	N4968A	C180
29D6	N4968D	C182
29D8	N4968F	C172
29DB	N4968J	P28R
29DD	N4968L	P28A
29DE	N4968M	PA11
29DF	N4968N	C182
29E0	N4968P	C152
29E5	N4968U	C210
29E6	N4968V	ST75
29E7	N4968W	AC11
29EA	N4968Z	PA22
29EB	N49680	ST75
29EC	N49681	C152
29EF	N49684	ST75
29F4	N49689	J3
29F9	N4969D	C182
29FA	N4969E	C172
29FC	N4969G	C172
29FF	N4969K	NAVI
2A00	N4969L	P28A
2A01	N4969M	PA11
2A02	N4969N	C182
2A05	N4969R	C172
2A08	N4969U	C210
2A0D	N4969Z	PA22
2A14	N49696	C152
2A18	N497	O1
2A19	N497A	BE55
2A1C	N497AC	CH7B
2A1E	N497AE	B407
2A32	N497B	BE35
2A35	N497BC	COL4
2A3A	N497BH	K100
2A4C	N497CA	C212
2A4E	N497CC	B407
2A59	N497CP	SR22
2A66	N497DB	B212
2A67	N497DC	F2TH
2A6A	N497DF	UH1
2A75	N497DS	P28A
2A76	N497DT	BE36
2A7D	N497E	B06
2A7F	N497EB	BE36
2A80	N497EC	GLEX
2A8D	N497ER	C72R
2A98	N497FB	B212
2AA1	N497FL	P28A
2AB0	N497GA	AT3T
2AC9	N497HA	WW24
2AD6	N497HP	C97
2AE3	N497JB	AT5T
2AF2	N497JS	RV8
2B13	N497L	BE36
2B1B	N497LH	B212
2B2C	N497M	MITE
2B2D	N497MA	PA46
2B38	N497MM	GAZL
2B39	N497MN	C56X
2B3D	N497MS	PA46
2B47	N497NB	B212
2B4C	N497NG	PC12
2B5E	N497P	B407
2B5F	N497PA	A139
2B61	N497PC	PC12
2B64	N497PF	C550
2B65	N497PG	SR20
2B7A	N497QC	B212
2B90	N497R	M20P
2B91	N497RA	C172
2B92	N497RB	BE30
2BA4	N497RV	RV14
2BA6	N497RX	RV8
2BA9	N497S	BE36
2BAA	N497SA	PA34
2BAB	N497SB	F900
2BB2	N497SJ	C172
2BB7	N497SP	FA50
2BBC	N497SU	R44
2BC2	N497T	BE35
2BC5	N497TC	C172
2BCE	N497TM	BE40
2BDC	N497UA	A320
2C1A	N497WN	B737
2C1B	N497WP	M18
2C22	N497WW	PA31
2C26	N497X	CH7A
2C34	N497XP	BE40
2C72	N4970A	C180
2C75	N4970D	C182
2C79	N4970H	PA11
2C7C	N4970L	P28A
2C7D	N4970M	BE36
2C80	N4970Q	C188
2C82	N4970S	P28R
2C86	N4970W	J3
2C88	N4970Y	GLST
2C8F	N49705	AR6T
2C92	N49708	ST75
2C94	N4971	SR22
2C95	N4971A	C180
2C96	N4971B	BE35
2C98	N4971D	C182
2C99	N4971E	NAVI
2C9A	N4971F	C172
2C9B	N4971G	C172
2C9C	N4971H	PA11
2C9D	N4971J	P28R
2C9E	N4971K	NAVI
2C9F	N4971L	P28A
2CA2	N4971P	PA23
2CA4	N4971R	C172
2CA6	N4971T	P28A
2CA8	N4971V	C72R
2CAA	N4971X	SS2P
2CAD	N49710	C152
2CAE	N49711	ST75
2CB0	N49713	ST75
2CB4	N49717	ST75
2CB8	N4972A	C180
2CBA	N4972C	CH65
2CBB	N4972D	C182
2CBD	N4972F	T206
2CBE	N4972G	C172
2CC1	N4972K	P210
2CC2	N4972L	P28A
2CC3	N4972M	BE36
2CC4	N4972N	C182
2CC6	N4972Q	C185
2CC7	N4972R	C172
2CC9	N4972T	C182
2CCD	N4972X	SS2P
2CCF	N4972Z	PA22
2CD6	N49726	ST75
2CD8	N49728	ST75
2CDE	N4973D	C182
2CE0	N4973F	C172
2CE2	N4973H	PA11
2CE3	N4973J	P28R
2CE4	N4973K	NAVI
2CE5	N4973L	P28A
2CE6	N4973M	PA11
2CED	N4973U	C210
2CF4	N49731	ST75
2CF5	N49732	B214
2CF6	N49733	ST75
2CFC	N49739	ST75
2D01	N4974D	C182
2D04	N4974G	C172
2D08	N4974L	P28A
2D0A	N4974N	C182
2D0D	N4974R	C172
2D12	N4974W	NAVI
2D14	N4974Y	PA25
2D15	N4974Z	PA22
2D16	N49740	C152
2D19	N49743	ST75
2D22	N4975B	BE35
2D26	N4975F	C172
2D27	N4975G	C172
2D28	N4975H	PA11
2D29	N4975J	P28R
2D2B	N4975L	P28A
2D2D	N4975N	C182
2D34	N4975V	C72R
2D39	N49750	J3
2D3A	N49751	FA62
2D47	N4976D	C182
2D49	N4976F	C172
2D4A	N4976G	C172
2D4C	N4976J	P28R
2D4E	N4976L	P28A
2D50	N4976N	C182
2D51	N4976P	C152
2D53	N4976R	C172
2D54	N4976S	P28R
2D56	N4976U	C210
2D58	N4976W	AC11
2D5C	N49760	ST75
2D5E	N49762	J3
2D61	N49765	GLID
2D65	N49769	C152
2D6A	N4977D	C182
2D6B	N4977E	UH12
2D6D	N4977G	C172
2D6F	N4977J	P28R
2D71	N4977L	P28A
2D77	N4977S	P28R
2D79	N4977U	C210
2D7D	N4977Y	PA25
2D7E	N4977Z	PA22
2D83	N49774	TAYD
2D84	N49775	UH12
2D87	N49778	ST75
2D8B	N4978B	C152
2D8C	N4978C	T206
2D8D	N4978D	C182
2D8F	N4978F	T206
2D90	N4978G	C172
2D91	N4978H	PA11
2D93	N4978K	NAVI
2D94	N4978L	C152
2D98	N4978Q	C188
2D9B	N4978T	C182
2D9C	N4978U	T206
2D9D	N4978V	C72R
2DA0	N4978Y	T210
2DA2	N49780	C152
2DA7	N49785	C152
2DAD	N4979A	C180
2DB0	N4979D	C182
2DB1	N4979E	GP3
2DB2	N4979F	P28A
2DB8	N4979M	BE36
2DBC	N4979R	C172
2DBD	N4979S	P28R
2DC0	N4979V	C72R
2DC6	N49791	DG15
2DC8	N49793	ST75
2DCA	N49795	FA62
2DCC	N49797	FA62
2DD5	N498AE	AS50
2DD7	N498AG	MT
2DE1	N498AS	BE40
2DE9	N498B	FA62
2DEC	N498BC	SR22
2E03	N498CA	CRJ2
2E05	N498CC	P28R
2E06	N498CD	SR22
2E08	N498CF	GLST
2E0D	N498CL	C208
2E0E	N498CM	RV8
2E10	N498CP	BE58
2E13	N498CS	C650
2E1B	N498D	RAF2
2E1F	N498DD	SR22
2E21	N498DF	UH1
2E2C	N498DS	PA38
2E37	N498EC	RV10
2E3E	N498EK	C182
2E44	N498ER	C172
2E58	N498FL	P28A
2E6C	N498GF	PC12
2E6D	N498GG	C208
2E73	N498GN	SR22
2E8D	N498HP	P32R
2E90	N498HS	CRER
2E9A	N498JB	RV9
2EE4	N498MA	P32R
2EE5	N498MB	E300
2EE6	N498MC	B744
2EEF	N498MM	PA46
2EF0	N498MN	RENE
2F15	N498P	B407
2F1B	N498PF	S22T
2F1D	N498PH	B407
2F27	N498PT	AS50
2F4B	N498RD	COL4
2F51	N498RK	B350
2F5B	N498RV	RV8
2F62	N498SB	BE4W
2F64	N498SD	YAK3
2F67	N498SG	DA40
2F6E	N498SP	C172
2F70	N498SR	SR22
2F79	N498T	BE35
2F7B	N498TB	T210
2F81	N498TH	AA5
2F85	N498TM	BE40
2F8B	N498TT	SR22
2F93	N498UA	A320
2FC4	N498W	RV10
2FD1	N498WN	B737
2FD2	N498WP	M18
2FD6	N498WT	RV7
2FDE	N498XA	M5
300D	N498YY	C25A
3036	N4980P	PA23
3039	N4980S	P28R
303A	N4980T	C182
303B	N4980U	P28A
3040	N4980Z	PA22
3049	N49808	C152
304A	N49809	AC11
304C	N4981A	C180
304E	N4981C	T210
304F	N4981D	C182
3050	N4981E	C82R
3052	N4981G	C172
3056	N4981L	P28A
3057	N4981M	PA11
3059	N4981P	PA23
305B	N4981R	C172
305C	N4981S	P28R
305F	N4981V	C72R
3060	N4981W	AC11
3062	N4981Y	PA18
3063	N4981Z	PA22
306C	N49818	C152
3072	N4982D	C182
3073	N4982E	C172
307B	N4982N	T34P
307E	N4982R	BE30
3081	N4982U	DHC2
3082	N4982V	J3
3084	N4982X	SS2P
3088	N49821	C152
308B	N49824	C152
308C	N49825	C152
308E	N49827	C152
3097	N4983F	C172
3098	N4983G	C172
3099	N4983H	PA11
309B	N4983K	NAVI
309C	N4983L	P28A
309D	N4983M	C152
309E	N4983N	T6
30A1	N4983R	C172
30A4	N4983U	C210
30A6	N4983W	AC11
30A8	N4983Y	PA25
30A9	N4983Z	PA22
30AA	N49830	FA62
30B1	N49837	C152
30B4	N4984	BE18
30B9	N4984E	C140
30BA	N4984F	AC11
30BD	N4984J	P28R
30C0	N4984M	BE35
30C2	N4984P	PA23
30C3	N4984Q	C185
30C4	N4984R	P28A
30C5	N4984S	P28R
30C6	N4984T	P28A
30CA	N4984X	SS2P
30CC	N4984Z	PA22
30CE	N49841	J3
30D1	N49844	J3
30D4	N49847	AR6T
30D5	N49848	C152
30D7	N4985	T34P
30DA	N4985C	BOLT
30DF	N4985H	PA11
30E0	N4985J	P28R
30E3	N4985M	PA11
30E7	N4985R	C172
30E9	N4985T	P28R
30EF	N4985Z	L29
30FA	N4986	T34P
30FE	N4986D	C182
3103	N4986J	P28R
3104	N4986K	NAVI
3105	N4986L	P28A
3106	N4986M	BE36
3108	N4986P	PA23
3112	N4986Z	PA22
3115	N49862	C152
3117	N49864	C152
3121	N4987D	C182
3125	N4987H	PA11
3126	N4987J	P28R
312A	N4987N	PTS1
312B	N4987P	PA23
312D	N4987R	C172
3138	N49872	C152
313B	N49875	J3
313D	N49877	J3
313E	N49878	C152
3140	N4988	P210
3144	N4988D	C182
3146	N4988F	T206
3148	N4988H	PA18
314B	N4988L	P28A
314C	N4988M	PA11
314D	N4988N	B26
3154	N4988V	BE40
3157	N4988Y	PA25
315E	N49885	C172
315F	N49886	P28A
3162	N49889	J5
3163	N4989	S76
3166	N4989C	GLIM
3167	N4989D	C182
316C	N4989J	P28R
316F	N4989M	BE35
3170	N4989N	DHC2
3173	N4989R	C172
3185	N49899	C152
3186	N499	BE35
3187	N499A	P28R
3188	N499AA	MD82
318C	N499AE	B407
3199	N499AT	C414
319B	N499AV	C56X
319F	N499AZ	B763
31AA	N499BK	DA42
31B5	N499BW	DA40
31BA	N499CA	C402
31BB	N499CB	PC12
31BC	N499CC	PA11
31BD	N499CD	RAF2
31C7	N499CP	C172
31C9	N499CR	PA23
31CB	N499CT	FDCT
31D1	N499CZ	BE99
31D5	N499DC	TAIL
31D8	N499DF	UH1
31DD	N499DL	BT36
31DE	N499DM	LNC2
31E0	N499DP	BL8
31E2	N499DR	C172
31E3	N499DS	BE35
31EB	N499E	GLIM
31F7	N499EM	C550
31FB	N499ER	C172
31FD	N499ET	C82T
3207	N499FC	P32R
320F	N499FL	P28A
322E	N499GS	LJ45
322F	N499GT	AA5
3251	N499JB	GA5C
3253	N499JD	RV7
3260	N499JS	EAGL
3268	N499K	C207
327D	N499KW	C172
3281	N499L	BE65
3282	N499LA	PC12
3284	N499LC	R44
3292	N499LS	L8
3293	N499LT	GLAS
329A	N499M	TAYD
329C	N499MB	BE35
329D	N499MC	B744
329E	N499MD	C68A
32A6	N499MM	C182
32AB	N499MS	P28A
32B3	N499N	BE17
32BB	N499NH	SBR1
32CD	N499PA	H25B
32D4	N499PH	CL60
32FE	N499R	LNP4
32FF	N499RA	COL4
3301	N499RC	C550
3307	N499RJ	SR22
3308	N499RK	PC24
330A	N499RM	M20P
3310	N499RT	CAMP
3317	N499S	C182
331A	N499SC	GLF4
3322	N499SL	H500
3325	N499SP	C212
332F	N499SZ	T6
3333	N499TC	BE95
333E	N499TP	RV6
3355	N499UM	LJ35
335D	N499UV	PA44
3362	N499V	VELO
3363	N499VA	SR22
337D	N499WB	WAIX
3386	N499WL	C182
3388	N499WN	B737
3389	N499WP	M18
338B	N499WR	GL5T
338C	N499WS	WAIX
338D	N499WT	C150
3390	N499WW	C411
33A0	N499XM	PA34
33AA	N499XX	HAWK
33C6	N499Z	BE95
33E0	N4990A	C180
33E3	N4990D	J3
33E6	N4990G	GLID
33E7	N4990H	B47G
33E8	N4990J	P28R
33E9	N4990K	NAVI
33EA	N4990L	P28A
33ED	N4990P	PA18
33EF	N4990R	C172
33F2	N4990U	P28A
33F4	N4990W	AC11
33F5	N4990X	SS2P
33F7	N4990Z	PA22
33F9	N49901	J3
3402	N4991	CAMP
3404	N4991B	C172
3407	N4991E	DC3
3408	N4991F	T206
3409	N4991G	T206
340A	N4991H	PA11
340C	N4991K	NAVI
340D	N4991L	P28A
340E	N4991M	BE58
3412	N4991R	C188
3414	N4991T	ST75
341A	N4991Z	PA22
3421	N49916	C152
3422	N49917	C337
3429	N4992D	C182
342B	N4992F	PA34
342D	N4992H	PA11
342E	N4992J	P28R
3430	N4992L	P28A
3434	N4992Q	C188
3438	N4992U	C210
343B	N4992X	SS2P
343E	N49920	P337
3444	N49926	ST75
3445	N49927	ST75
3449	N4993A	C180
344C	N4993D	C182
3452	N4993K	NAVI
3453	N4993L	P28A
3455	N4993N	C182
3456	N4993P	PA18
345D	N4993W	AC11
3462	N49931	C152
3465	N49934	ST75
3466	N49935	ST75
3467	N49936	ST75
346A	N49939	T6
346C	N4994A	C180
3470	N4994E	C172
3471	N4994F	T206
3474	N4994J	P28R
3475	N4994K	P210
347B	N4994R	C188
347C	N4994S	P28R
347F	N4994V	HCAT
3483	N4994Z	PA22
3484	N49940	FNKB
348A	N49946	GLIM
348C	N49948	AA5
348E	N4995	CH7A
3491	N4995C	T6
3494	N4995F	P28A
3496	N4995H	PA11
3497	N4995J	P28R
349F	N4995S	P28R
34A3	N4995W	AC11
34A4	N4995X	SS2P
34A6	N4995Z	PA22
34A7	N49950	C152
34A9	N49952	C152
34AC	N49955	ST75
34B1	N4996	DHC1
34B9	N4996H	T6
34BA	N4996J	P28R
34BB	N4996K	NAVI
34BC	N4996L	P28A
34BD	N4996M	T6
34C2	N4996S	P28R
34CB	N49961	T6
34D4	N4997	C25A
34DC	N4997H	PA11
34E0	N4997M	PA11
34E2	N4997P	PA18
34E8	N4997V	ST75
34ED	N49970	C152
34F2	N49975	C152
34F8	N4998A	C180
34F9	N4998B	BE35
34FB	N4998D	C182
34FE	N4998G	P28A
34FF	N4998H	PA11
3504	N4998N	ST75
3505	N4998P	PA23
3509	N4998T	DHC1
350A	N4998U	C210
350B	N4998V	HCAT
3513	N49983	UH12
3516	N49986	ST75
3518	N49988	C152
3519	N49989	ST75
351D	N4999C	R22
351E	N4999D	C182
3520	N4999F	P28A
3522	N4999H	J3
3525	N4999L	P28A
3526	N4999M	BE95
3528	N4999P	C182
352C	N4999T	C185
352E	N4999V	C170
3530	N4999X	SS2P
3532	N4999Z	PA22
3533	N49990	C152
3536	N49993	C152
3537	N49994	C152
353A	N49997	ST75
353C	N49999	ST75
353E	N5A	E55P
353F	N5AA	P28A
3540	N5AB	C182
3542	N5AD	RV6
3543	N5AE	BE20
3544	N5AF	C525
3545	N5AG	PTS1
3546	N5AH	BE9T
3547	N5AJ	GLF6
3548	N5AK	C172
3549	N5AL	BE58
354A	N5AM	C414
354C	N5AP	S22T
354E	N5AR	M5
3550	N5AT	SCOR
3551	N5AU	P28A
3552	N5AV	PC12
3553	N5AW	SF50
3554	N5AX	RV8
3556	N5AZ	B429
3557	N5B	GLST
3558	N5BA	BE18
355A	N5BC	GALX
355B	N5BD	GLIM
355C	N5BE	BD5
355E	N5BG	B105
3560	N5BJ	CH7A
3561	N5BK	PA24
3563	N5BM	P28A
3564	N5BN	C150
3565	N5BP	BE58
3568	N5BS	BE35
3569	N5BT	GC1
356A	N5BU	SRAI
356B	N5BV	GLID
356C	N5BW	C150
356E	N5BY	PA30
356F	N5BZ	BE58
3571	N5CA	FA10
3573	N5CC	S22T
3575	N5CE	C425
3577	N5CG	C340
3578	N5CH	C421
3579	N5CJ	KR2
357A	N5CK	BE35
357C	N5CM	C172
357D	N5CN	C414
357F	N5CQ	PA31
3581	N5CS	SF50
3582	N5CT	PA31
3584	N5CV	P337
3585	N5CW	BE35
3586	N5CX	C310
3587	N5CY	P337
3588	N5CZ	COZY
3589	N5D	PA31
358A	N5DA	BE20
358B	N5DB	GLID
358C	N5DC	BE36
358D	N5DD	PTS1
358F	N5DF	B505
3590	N5DG	ERCO
3591	N5DH	J3
3592	N5DJ	C210
3593	N5DK	GLST
3595	N5DM	PC12
3596	N5DN	LGEZ
3597	N5DP	P28A
3599	N5DR	BE95
359A	N5DS	SR22
359B	N5DT	C150
359D	N5DV	S22T
359E	N5DW	P28R
359F	N5DX	CAMP
35A2	N5E	LGEZ
35A3	N5EA	T206
35A6	N5ED	PA15
35A7	N5EE	RV4
35AA	N5EH	BE35
35AB	N5EJ	C77R
35AE	N5EM	COL4
35B1	N5EQ	PA46
35B2	N5ER	C303
35B6	N5EV	S22T
35B8	N5EX	J3
35B9	N5EY	RV7
35BB	N5F	BE50
35BC	N5FA	AEST
35BD	N5FB	C172
35BE	N5FC	H500
35C2	N5FG	PA31
35C7	N5FM	PTS1
35C8	N5FN	CH7B
35CA	N5FQ	R44
35CB	N5FR	BOLT
35CD	N5FT	C182
35CF	N5FV	PTS2
35D0	N5FW	BE55
35D4	N5G	CL60
35D5	N5GA	P210
35DA	N5GF	GLF4
35DC	N5GH	M20P
35DD	N5GJ	GA7
35DE	N5GK	BE35
35E1	N5GN	RV3
35E4	N5GR	WAIX
35E5	N5GS	C182
35E6	N5GT	TAIL
35E7	N5GU	C25B
35E9	N5GW	BE33
35EB	N5GY	P337
35ED	N5H	B47G
35EE	N5HA	EC30
35F0	N5HC	BE35
35F2	N5HE	C340
35F7	N5HK	BE35
35F9	N5HM	PA23
35FA	N5HN	SC01
35FB	N5HP	WCAT
35FD	N5HR	C182
35FE	N5HS	C320
35FF	N5HT	TBM7
3601	N5HV	C175
3606	N5J	PTS1
3609	N5JC	MIMU
360B	N5JE	B350
360C	N5JF	RLU1
360F	N5JJ	CASS
3610	N5JK	BE58
3611	N5JL	BE95
3612	N5JM	C25C
3613	N5JN	P28A
3614	N5JP	C150
3616	N5JR	BE36
3617	N5JS	CH7A
3618	N5JT	P337
3619	N5JU	B06
361B	N5JW	SF50
361C	N5JX	RV6
361D	N5JY	WAIX
361F	N5K	WAIX
3622	N5KC	TBM7
3623	N5KD	BL8
3624	N5KE	BDOG
3625	N5KF	COZY
3626	N5KG	BE95
3627	N5KH	LNCE
3628	N5KJ	C25B
3629	N5KK	PA12
362B	N5KM	SR22
362D	N5KP	TBM7
362E	N5KQ	PA11
362F	N5KR	P337
3633	N5KV	P337
3634	N5KW	FOX
3636	N5KY	G164
3638	N5L	CL30
363A	N5LB	T210
363B	N5LC	MU2
363D	N5LE	HUSK
363E	N5LF	EXEC
363F	N5LG	P28A
3640	N5LH	C310
3643	N5LL	PA31
3645	N5LN	SW4
3646	N5LP	C170
3647	N5LQ	C337
3649	N5LS	C182
364A	N5LT	AS50
364E	N5LX	GLIM
364F	N5LY	LA4
3652	N5MA	PA30
3653	N5MB	J3
3654	N5MC	GLF4
3655	N5MD	M20P
3657	N5MF	WAIX
3659	N5MH	PA32
365B	N5MK	SR22
365F	N5MP	SR20
3660	N5MQ	C25B
3662	N5MS	YK55
3663	N5MT	T34P
3666	N5MW	SF50
366A	N5N	C195
366C	N5NB	BE35
366F	N5NE	TL20
3672	N5NH	B47G
3673	N5NJ	A139
3674	N5NK	PA23
3676	N5NM	C414
3677	N5NN	C421
367A	N5NR	C68A
367B	N5NS	PTS1
367C	N5NT	VEZE
367D	N5NU	B06
3680	N5NX	TBM9
3681	N5NY	B407
3685	N5PB	SR22
3686	N5PC	C182
3687	N5PD	GLF5
3689	N5PF	GA5C
368A	N5PG	GA5C
368C	N5PJ	C421
368D	N5PK	CASS
3691	N5PP	P46T
3693	N5PR	S22T
3694	N5PS	P32R
3695	N5PT	C172
3696	N5PU	RV6
3697	N5PV	SR22
3698	N5PW	EC45
3699	N5PX	BE20
369A	N5PY	CAT
369B	N5PZ	PA18
369C	N5Q	C82R
369D	N5QA	HUSK
369E	N5QB	BE35
36A0	N5QD	GLIM
36A1	N5QE	VTUR
36A9	N5QN	BE18
36AA	N5QP	B06
36AB	N5QQ	BE18
36AC	N5QR	HUSK
36AE	N5QT	HUSK
36B0	N5QV	B06
36B3	N5QY	B06
36B4	N5QZ	H500
36B8	N5RC	BE23
36B9	N5RD	GNAT
36BA	N5RE	AC80
36BD	N5RH	B430
36C0	N5RL	C501
36C4	N5RQ	BIPL
36C5	N5RR	CASS
36C6	N5RS	C56X
36CA	N5RW	C172
36CB	N5RX	NAVI
36CC	N5RY	BE18
36CE	N5S	LEG2
36CF	N5SA	SR22
36D0	N5SB	E50P
36D1	N5SC	C182
36D5	N5SG	PTS2
36D6	N5SH	EC30
36D8	N5SK	PTS1
36DA	N5SM	M20P
36DB	N5SN	GLF5
36DC	N5SP	RV7
36DE	N5SR	SA02
36DF	N5SS	ST75
36E0	N5ST	BE20
36E2	N5SV	LNP4
36E3	N5SW	P32R
36E5	N5SY	PAY3
36E6	N5SZ	GLID
36E8	N5TA	BE9L
36EA	N5TC	B06
36EB	N5TD	DFLY
36EC	N5TE	CH7B
36ED	N5TF	SPIT
36F4	N5TN	GLID
36F7	N5TR	C551
36F8	N5TS	PA30
36F9	N5TT	S22T
36FA	N5TU	AA5
36FB	N5TV	B06
36FD	N5TX	CP30
3701	N5UA	RV6
3702	N5UB	TB20
3703	N5UC	LNP4
370A	N5UK	DHC1
370C	N5UM	TBM7
3712	N5UT	C421
3713	N5UU	C560
3714	N5UV	A109
3716	N5UX	BD5
3718	N5UZ	PA44
3719	N5V	BE35
371A	N5VA	T206
371B	N5VB	BE55
371D	N5VD	PA34
371E	N5VE	C182
371F	N5VF	FA7X
3720	N5VG	LJ31
3722	N5VJ	F900
3724	N5VL	BE35
3726	N5VN	C337
3727	N5VP	C501
372B	N5VT	P28A
372D	N5VV	BE58
372F	N5VX	C310
3730	N5VY	AA5
3731	N5VZ	LNP4
3733	N5WA	BE55
3734	N5WB	B06
3735	N5WC	C560
3736	N5WD	PTS1
3737	N5WE	BE95
3738	N5WF	BE36
3739	N5WG	BE35
373C	N5WK	PA30
373D	N5WL	BE35
373E	N5WM	BE36
3740	N5WP	VO10
3743	N5WS	T6
3744	N5WT	C560
3745	N5WU	DA40
3746	N5WV	B06
3747	N5WW	PA30
3748	N5WX	LGEZ
3749	N5WY	RV6
374B	N5X	GL5T
374C	N5XA	HUSK
374D	N5XB	GLIM
374E	N5XC	PA46
3750	N5XE	BE24
3754	N5XJ	HUSK
3756	N5XL	BE35
3757	N5XM	B350
3758	N5XN	SR22
375A	N5XQ	ST75
375B	N5XR	LJ55
375E	N5XU	GLID
3760	N5XW	AA5
3761	N5XX	GLIM
3764	N5Y	BE65
3765	N5YA	GLIM
3766	N5YB	BE95
3768	N5YD	C25A
376A	N5YF	C310
376B	N5YG	PA46
376F	N5YL	RC3
3770	N5YM	WACF
3772	N5YP	PA32
3774	N5YR	HROC
3777	N5YU	R66
3778	N5YV	S22T
377A	N5YX	C172
377F	N5ZB	C182
3783	N5ZF	EFOX
3789	N5ZM	G2T1
378A	N5ZN	C501
378B	N5ZP	WACF
378C	N5ZQ	LNC2
378D	N5ZR	BE58
378E	N5ZS	T6
378F	N5ZT	C414
3790	N5ZU	PA18
3793	N5ZX	P337
3794	N5ZY	TB20
3795	N5ZZ	C182
3796	N50	B350
3797	N50A	BE17
3798	N50AA	S1
379A	N50AC	CH7B
379D	N50AF	MU2
379E	N50AG	CL60
37A3	N50AM	C500
37A4	N50AN	LJ31
37A5	N50AP	H500
37A7	N50AR	GLID
37A8	N50AS	CMDE
37AA	N50AU	C185
37AB	N50AV	PA18
37AC	N50AW	BE9T
37AE	N50AY	AC11
37B0	N50B	A109
37B1	N50BA	R44
37B3	N50BC	M4
37B6	N50BF	PA46
37B7	N50BG	AC11
37B8	N50BH	GLF2
37BA	N50BK	YK50
37BB	N50BL	FA50
37BC	N50BM	RV9
37BF	N50BQ	SRAI
37C0	N50BR	BE9L
37C1	N50BS	GC1
37C2	N50BT	P28A
37C6	N50BX	AA5
37C8	N50BZ	SR20
37C9	N50C	M20P
37CB	N50CB	C414
37CC	N50CC	PA23
37CF	N50CF	C172
37D0	N50CG	C182
37D1	N50CH	C182
37D2	N50CJ	F86
37D4	N50CL	BL8
37D7	N50CP	C82R
37DA	N50CS	PA23
37DB	N50CT	T210
37DC	N50CU	C56X
37E1	N50CZ	FA50
37E3	N50DA	SC7
37E5	N50DC	CB1
37E6	N50DD	P210
37E8	N50DF	BOLT
37E9	N50DG	L29
37EB	N50DJ	PA32
37EC	N50DK	PA32
37ED	N50DL	C421
37EE	N50DM	BE95
37F0	N50DP	EAGL
37F2	N50DR	EN28
37F4	N50DT	BL8
37F6	N50DV	COUR
37F8	N50DX	AC68
37FB	N50E	BE20
37FC	N50EA	SC7
37FD	N50EB	BE9L
37FE	N50EC	M20P
37FF	N50ED	GLIM
3803	N50EH	HUSK
3804	N50EJ	EA50
3805	N50EK	C56X
3806	N50EL	C560
3807	N50EM	C414
380B	N50ER	AA5
380D	N50ET	MU2
3811	N50EX	E300
3813	N50EZ	LGEZ
3815	N50FA	AA5
381B	N50FG	FA50
3820	N50FM	M20P
3821	N50FN	LJ35
3825	N50FS	P51
3826	N50FT	SR22
3827	N50FU	GLIM
3829	N50FW	LJ60
382A	N50FX	FA50
382D	N50G	SF50
382E	N50GA	M5
382F	N50GB	C340
3831	N50GD	BE23
3832	N50GE	SF50
3833	N50GF	PA20
3834	N50GG	BE20
3836	N50GJ	LJ60
3837	N50GK	P46T
3839	N50GM	SF50
383B	N50GP	HA4T
383F	N50GT	C310
3841	N50GV	B407
3842	N50GW	RV6
3848	N50HB	B47G
384D	N50HG	BE58
384F	N50HJ	CH7A
3851	N50HL	M20P
3852	N50HM	XNOS
3853	N50HN	FA50
3854	N50HP	C182
3859	N50HU	HUSK
385A	N50HV	BE20
385B	N50HW	T206
385D	N50HY	HUSK
3860	N50JA	PA18
3862	N50JC	C182
3863	N50JD	BE30
3864	N50JE	GLF5
3865	N50JF	C208
3868	N50JJ	P180
3869	N50JK	RV6
386B	N50JM	BE35
386D	N50JP	RV6
386F	N50JR	BE60
3870	N50JS	EAGL
3871	N50JT	PA22
3875	N50JX	C150
3878	N50K	MU2
3879	N50KA	DHC3
387A	N50KB	RV7
387C	N50KD	FA50
387D	N50KE	PA11
387F	N50KG	BE20
3883	N50KL	H25B
3884	N50KM	GLAS
3886	N50KP	LEG2
3887	N50KQ	K100
3888	N50KR	R44
3889	N50KS	RV6
388B	N50KU	GLF5
3891	N50L	C421
3892	N50LA	BT36
3894	N50LC	ST75
3895	N50LD	LJ60
3896	N50LE	T18
3897	N50LF	CL35
3898	N50LG	SW3
3899	N50LH	RV8
389B	N50LK	GLF4
389C	N50LL	R44
389D	N50LM	LNC2
38A0	N50LQ	C560
38A1	N50LR	BL8
38A3	N50LT	E300
38A4	N50LU	SR20
38A6	N50LW	BE55
38AA	N50M	WW24
38AB	N50MA	C414
38AC	N50MB	T206
38AE	N50MD	ACR2
38B0	N50MF	SR20
38B1	N50MG	C700
38B2	N50MH	LGEZ
38B4	N50MK	RV6
38B7	N50MN	R66
38BA	N50MR	RV6
38BC	N50MT	SW3
38C0	N50MX	Z26
38C1	N50MY	YK50
38C4	N50NA	BE20
38C5	N50NB	C550
38C6	N50NC	GLIM
38CE	N50NL	FA7X
38CF	N50NM	FA50
38D1	N50NP	GA5C
38D5	N50NT	AS50
38D6	N50NU	F900
38D8	N50NW	BD5
38D9	N50NX	SONX
38DC	N50P	NAVI
38DE	N50PB	PA23
38DF	N50PC	FA50
38E0	N50PD	BE9L
38E1	N50PE	BE20
38E2	N50PF	P28A
38E3	N50PG	CH7A
38E4	N50PH	GA5C
38E5	N50PJ	AA5
38E6	N50PK	C177
38ED	N50PS	PA31
38EE	N50PT	C150
38F0	N50PV	HROC
38F1	N50PW	P32R
38F4	N50PZ	C182
38F5	N50Q	B407
38F9	N50QD	H500
390E	N50R	T34P
390F	N50RA	C180
3910	N50RB	LGEZ
3911	N50RC	C177
3913	N50RE	GLID
3914	N50RF	C82T
3915	N50RG	BE20
3916	N50RH	P210
3917	N50RJ	GLST
3918	N50RK	YK50
391A	N50RM	B505
391B	N50RN	PA31
391C	N50RP	B427
391F	N50RS	M20P
3921	N50RU	YK50
3923	N50RW	CLON
3927	N50S	GLF5
3929	N50SB	BE95
392A	N50SC	GLAS
392B	N50SD	B47G
392C	N50SE	P28A
392D	N50SF	SF50
392E	N50SG	BD5
392F	N50SH	P210
3930	N50SJ	SJ30
3932	N50SL	R44
3934	N50SN	FA50
3936	N50SQ	FA50
3937	N50SR	C150
3938	N50SS	BE58
3939	N50ST	TBM7
393A	N50SU	C72R
393C	N50SW	P28B
393F	N50SZ	GLID
3940	N50T	T50
3941	N50TA	DHC2
3942	N50TB	TB30
3944	N50TD	PA30
3946	N50TF	C185
3947	N50TG	T206
3948	N50TH	C82S
3949	N50TJ	E300
394B	N50TL	C150
394C	N50TM	BE19
394E	N50TP	PA25
3954	N50TV	B06
3967	N50UP	BDOG
396A	N50US	C560
3972	N50V	S39
3975	N50VC	GL5T
3977	N50VE	GA5C
3979	N50VG	SF50
397E	N50VM	PRM1
3980	N50VP	BE9L
3982	N50VR	SF50
3983	N50VS	C550
3986	N50VV	C82S
3988	N50VX	PA11
398B	N50W	C550
398C	N50WA	BE18
3993	N50WH	GLF5
3994	N50WJ	SF50
3996	N50WL	BE35
3997	N50WM	C510
3999	N50WP	O1
399B	N50WR	P28A
399D	N50WT	S22T
39A0	N50WW	GLID
39A2	N50WY	HUSK
39A4	N50X	BE20
39A6	N50XB	H500
39AF	N50XL	VELO
39B6	N50XT	BL8
39BA	N50XX	L39
39BB	N50XY	FA50
39BD	N50Y	RELI
39BF	N50YB	B06
39C0	N50YC	FA50
39C3	N50YF	AVTR
39C7	N50YK	YK50
39CB	N50YP	FA50
39CD	N50YR	P28A
39CF	N50YT	FA50
39D3	N50YX	WAIX
39D4	N50YY	BL8
39D6	N50Z	BE35
39E1	N50ZL	Z26
39E4	N50ZP	C421
39EE	N50ZZ	PC6T
39EF	N500	PA31
39F0	N500A	B14A
39F1	N500AA	C414
39F5	N500AE	CRJ7
39F6	N500AF	P28A
39F7	N500AG	GALX
39FA	N500AK	C180
39FD	N500AN	GA5C
3A00	N500AR	H500
3A02	N500AT	P46T
3A04	N500AV	PA24
3A05	N500AW	C310
3A09	N500B	M20P
3A0A	N500BA	BE58
3A0B	N500BB	C172
3A0C	N500BC	BL8
3A0D	N500BD	BD5
3A0E	N500BE	R22
3A0F	N500BF	GLEX
3A11	N500BH	H500
3A12	N500BJ	WW24
3A13	N500BK	ERCO
3A14	N500BL	F900
3A15	N500BM	BE58
3A18	N500BQ	BT36
3A19	N500BR	P46T
3A1A	N500BS	C172
3A1D	N500BV	DFLY
3A1E	N500BW	C82T
3A22	N500C	S108
3A24	N500CB	C25C
3A25	N500CC	C310
3A26	N500CD	EA50
3A27	N500CE	EA50
3A28	N500CF	FA50
3A29	N500CG	CL35
3A2A	N500CH	C310
3A2B	N500CJ	E55P
3A2C	N500CK	GA5C
3A2D	N500CL	NG5
3A2E	N500CM	BE36
3A30	N500CP	SR22
3A32	N500CR	BE20
3A34	N500CT	C340
3A36	N500CV	H500
3A37	N500CW	LJ60
3A3A	N500CZ	PRM1
3A3B	N500D	C180
3A3C	N500DA	E55P
3A3D	N500DB	C500
3A3E	N500DC	H500
3A3F	N500DD	RV6
3A40	N500DE	E145
3A42	N500DG	EA50
3A43	N500DH	GA5C
3A47	N500DM	BE33
3A49	N500DP	P28R
3A4B	N500DR	T34P
3A4C	N500DS	AC11
3A4D	N500DT	PA34
3A4F	N500DV	P46T
3A50	N500DW	PC12
3A52	N500DY	PA46
3A53	N500DZ	C72R
3A55	N500EA	EA50
3A56	N500EB	C340
3A57	N500EC	E55P
3A5B	N500EG	PA23
3A5C	N500EH	B212
3A5D	N500EJ	DC4
3A5E	N500EK	H500
3A60	N500EM	EA50
3A61	N500EN	B47G
3A63	N500EQ	BE9L
3A64	N500ER	C441
3A65	N500ES	GLF6
3A67	N500EU	GLEX
3A68	N500EV	H500
3A6A	N500EX	E300
3A6D	N500F	FB1A
3A6E	N500FA	FBA2
3A6F	N500FB	EA50
3A70	N500FC	H500
3A72	N500FE	BE20
3A74	N500FG	P46T
3A75	N500FH	P46T
3A7D	N500FR	C650
3A7F	N500FT	AC50
3A82	N500FW	P28A
3A83	N500FX	CL35
3A85	N500FZ	C560
3A87	N500GA	GA5C
3A89	N500GC	FB1A
3A8A	N500GD	C172
3A8B	N500GE	BE36
3A8D	N500GG	BE36
3A8E	N500GH	SREY
3A90	N500GK	H500
3A91	N500GL	P28R
3A92	N500GM	BE95
3A94	N500GP	C72R
3A95	N500GQ	GLF4
3A97	N500GS	P28A
3A9B	N500GW	AC50
3A9F	N500H	GA5C
3AA0	N500HA	P46T
3AA1	N500HB	SR22
3AA3	N500HD	BE36
3AA5	N500HF	GA5C
3AA6	N500HG	BE20
3AA8	N500HJ	H500
3AA9	N500HK	HUSK
3AAA	N500HL	H500
3AAB	N500HM	AC50
3AAC	N500HN	P46T
3AAD	N500HP	L37
3AAF	N500HR	PA31
3AB0	N500HS	H269
3AB1	N500HT	BE35
3AB2	N500HU	HUSK
3AB3	N500HV	GA5C
3AB4	N500HW	H500
3AB8	N500J	GLF5
3AB9	N500JA	M7
3ABC	N500JD	C56X
3ABE	N500JF	C182
3ABF	N500JG	T28
3AC0	N500JH	PC12
3AC1	N500JJ	F900
3AC3	N500JL	BE33
3AC4	N500JM	P46T
3AC5	N500JN	GLID
3AC8	N500JR	P46T
3ACA	N500JT	CC11
3ACC	N500JV	ST75
3AD4	N500KC	P28A
3AD9	N500KH	SR22
3ADA	N500KJ	E545
3ADB	N500KK	PP3
3ADF	N500KP	PA31
3AE1	N500KR	BE9L
3AE3	N500KT	BE35
3AE5	N500KV	AS50
3AE6	N500KW	RV8
3AE8	N500KY	H500
3AED	N500LC	PA23
3AEE	N500LD	BE58
3AEF	N500LE	MU2
3AF2	N500LH	P28A
3AF4	N500LK	H500
3AF5	N500LL	LJ35
3AF6	N500LM	PAY4
3AF7	N500LN	L37
3AF8	N500LP	BE20
3AFA	N500LR	CL60
3AFC	N500LT	M20P
3AFD	N500LU	P46T
3B01	N500LY	FA50
3B03	N500M	CL60
3B04	N500MA	F2TH
3B05	N500MB	RV6
3B09	N500MF	DC3T
3B0A	N500MG	PC12
3B0B	N500MH	SR20
3B0E	N500ML	E545
3B0F	N500MM	EA50
3B11	N500MP	LJ31
3B13	N500MR	B26
3B15	N500MT	EXEC
3B16	N500MU	H500
3B17	N500MV	H500
3B18	N500MW	PC12
3B1A	N500MY	PA31
3B1B	N500MZ	H500
3B1D	N500NA	DA40
3B1E	N500NB	E545
3B1F	N500NC	H500
3B20	N500ND	GALX
3B23	N500NG	P46T
3B28	N500NM	PA46
3B2A	N500NP	P28R
3B2C	N500NR	B06
3B2D	N500NS	M20P
3B35	N500P	PA24
3B37	N500PB	BE30
3B3A	N500PE	P46T
3B3B	N500PF	BE35
3B3C	N500PG	CL60
3B3D	N500PH	H500
3B3E	N500PJ	MU2
3B40	N500PL	P46T
3B41	N500PM	BE40
3B45	N500PR	CRJ2
3B46	N500PS	BE95
3B47	N500PT	FA50
3B49	N500PV	CL60
3B4A	N500PW	HUSK
3B4E	N500Q	PA31
3B50	N500QB	C310
3B58	N500QK	K100
3B62	N500QV	C340
3B67	N500R	G280
3B69	N500RB	E50P
3B6A	N500RC	SR22
3B6D	N500RF	C310
3B6E	N500RG	GA5C
3B6F	N500RH	CL30
3B71	N500RK	H500
3B72	N500RL	GLF4
3B73	N500RM	H500
3B79	N500RT	H500
3B7B	N500RV	RV7
3B7C	N500RW	TBM7
3B7D	N500RX	AC50
3B82	N500SB	BE36
3B83	N500SC	B407
3B84	N500SD	C25A
3B85	N500SE	B350
3B86	N500SF	SF50
3B87	N500SG	PA32
3B88	N500SH	C310
3B89	N500SJ	AC50
3B8A	N500SK	C500
3B93	N500SU	C150
3B94	N500SV	C25C
3B95	N500SW	SF50
3B96	N500SX	C56X
3B97	N500SY	H500
3B98	N500SZ	GLID
3B99	N500T	TOBA
3B9A	N500TA	T206
3B9B	N500TB	TB20
3B9D	N500TD	PA23
3B9E	N500TE	HUSK
3B9F	N500TF	C172
3BA1	N500TH	BE40
3BA2	N500TJ	C421
3BA3	N500TK	GA5C
3BA4	N500TL	BE58
3BA5	N500TM	C500
3BA6	N500TN	H500
3BA8	N500TQ	BE20
3BAA	N500TS	C25C
3BAB	N500TT	BE60
3BAC	N500TU	AC50
3BAD	N500TV	H500
3BAF	N500TX	S22T
3BB0	N500TY	H500
3BBA	N500UH	EA50
3BBB	N500UJ	C560
3BC0	N500UP	C56X
3BC3	N500US	B06
3BCC	N500VA	BE20
3BCE	N500VC	E550
3BD0	N500VE	AC50
3BD3	N500VH	EA50
3BD4	N500VJ	GL5T
3BD6	N500VL	BE30
3BDC	N500VS	H500
3BE1	N500VX	P46T
3BE3	N500VZ	H500
3BE4	N500W	BE36
3BE5	N500WA	F2TH
3BE7	N500WC	PA32
3BE8	N500WD	C25B
3BE9	N500WE	GLAS
3BEA	N500WF	LJ31
3BEB	N500WG	C56X
3BED	N500WJ	C501
3BEF	N500WL	CLON
3BF0	N500WM	BE35
3BF2	N500WP	BT36
3BF4	N500WR	B738
3BF6	N500WT	B505
3BFA	N500WX	H500
3BFB	N500WY	PC12
3BFC	N500WZ	PA18
3C08	N500XL	C56X
3C0B	N500XP	H25B
3C0D	N500XR	P46T
3C11	N500XV	H500
3C13	N500XX	GA5C
3C1B	N500YE	BE95
3C20	N500YK	YK50
3C24	N500YP	P46T
3C26	N500YR	P46T
3C31	N500ZB	C550
3C37	N500ZH	EA50
3C47	N500ZZ	BE33
3C49	N5000A	C172
3C4A	N5000B	B06
3C4B	N5000C	SR22
3C4E	N5000F	M20P
3C4F	N5000G	B06
3C51	N5000J	S22T
3C53	N5000L	M20P
3C56	N5000P	GL5T
3C57	N5000Q	BE35
3C5A	N5000T	H269
3C5B	N5000U	C414
3C5C	N5000V	ST75
3C5D	N5000W	P28A
3C5E	N5000X	GLF5
3C5F	N5000Y	C172
3C60	N5000Z	PA22
3C61	N50000	C172
3C65	N50004	C150
3C69	N50008	C180
3C6C	N5001A	C172
3C6F	N5001D	C182
3C71	N5001F	H269
3C73	N5001H	PA17
3C75	N5001K	B06
3C76	N5001L	AT5T
3C7B	N5001R	C185
3C7F	N5001V	ST75
3C80	N5001W	P28A
3C81	N5001X	BE36
3C83	N5001Z	PA22
3C84	N50010	C150
3C85	N50011	C172
3C86	N50012	C150
3C88	N50014	C150
3C8A	N50016	C77R
3C8D	N50019	C150
3C8F	N5002A	C172
3C90	N5002B	BE35
3C95	N5002G	COY2
3C96	N5002H	J3
3C97	N5002J	AT5T
3C9A	N5002M	TAYB
3C9C	N5002P	PA24
3C9D	N5002Q	H64
3C9F	N5002S	P28R
3CA0	N5002T	P28A
3CA3	N5002W	AT8T
3CA6	N5002Z	PA22
3CA9	N50022	ST75
3CAB	N50024	FA62
3CAC	N50025	C150
3CAD	N50026	D11
3CAE	N50027	C150
3CAF	N50028	J3
3CB2	N5003A	C172
3CB4	N5003C	AT5T
3CB5	N5003D	C182
3CB8	N5003G	SREY
3CB9	N5003H	PA17
3CBC	N5003L	T206
3CBF	N5003P	PA24
3CC6	N5003W	P28A
3CC7	N5003X	AT6T
3CCB	N50031	AVID
3CCD	N50033	C150
3CCF	N50035	C150
3CD0	N50036	RV4
3CD4	N5004	L29
3CD5	N5004A	C172
3CD9	N5004E	C180
3CDC	N5004H	PA17
3CE0	N5004M	TAYB
3CE8	N5004V	AT5T
3CE9	N5004W	P28A
3CEB	N5004Y	C172
3CED	N50040	C150
3CEF	N50042	C150
3CF1	N50044	C150
3CF2	N50045	H269
3CF3	N50046	B06
3CF5	N50048	TAYD
3CF6	N50049	C150
3CF8	N5005A	C172
3CFD	N5005F	TLEG
3CFF	N5005H	PA11
3D00	N5005J	C310
3D01	N5005K	AT6T
3D02	N5005L	M20P
3D04	N5005N	B06
3D05	N5005P	PA24
3D07	N5005R	C172
3D09	N5005T	P28A
3D0C	N5005W	P28A
3D0F	N5005Z	PA22
3D10	N50050	AT6T
3D13	N50053	C150
3D15	N50055	C150
3D18	N50058	ST75
3D19	N50059	C150
3D1A	N5006	PA11
3D1B	N5006A	C172
3D1C	N5006B	AT3P
3D1E	N5006D	C182
3D1F	N5006E	C180
3D21	N5006G	AT6T
3D24	N5006K	AT3T
3D25	N5006L	LA4
3D28	N5006P	PA24
3D2B	N5006S	P28B
3D2F	N5006W	P28A
3D32	N5006Z	PA22
3D33	N50060	AT3T
3D34	N50061	ST75
3D37	N50064	C150
3D3A	N50067	C172
3D3B	N50068	SR20
3D3C	N50069	SONX
3D3E	N5007A	C172
3D3F	N5007B	BE35
3D42	N5007E	A319
3D43	N5007F	B06
3D44	N5007G	AT5T
3D48	N5007L	CRER
3D4D	N5007R	AT6T
3D4E	N5007S	P28R
3D4F	N5007T	P28A
3D52	N5007W	C182
3D55	N5007Z	PA22
3D57	N50071	AT3T
3D5B	N50075	AT5T
3D5C	N50076	ST75
3D5F	N50079	C150
3D60	N5008	BE35
3D61	N5008A	PA23
3D62	N5008B	BE35
3D63	N5008C	BE35
3D64	N5008D	C182
3D69	N5008J	C310
3D6A	N5008K	B06
3D6B	N5008L	AT3T
3D6E	N5008P	PA24
3D72	N5008T	P28A
3D75	N5008W	P28A
3D76	N5008X	SS2P
3D7B	N50082	ST75
3D7D	N50084	PA18
3D80	N50087	ST75
3D84	N5009A	C172
3D85	N5009B	BE35
3D8D	N5009K	CJ6
3D8F	N5009M	S76
3D90	N5009N	PA15
3D92	N5009Q	C310
3D94	N5009S	AT5T
3D96	N5009U	SR22
3D98	N5009W	P28A
3D9C	N50090	C150
3D9D	N50091	ST75
3DA1	N50095	C150
3DA2	N50096	TAYD
3DA3	N50097	C150
3DA5	N50099	TAYD
3DA6	N501	C501
3DA7	N501A	C501
3DA9	N501AB	C501
3DAA	N501AC	C182
3DAB	N501AD	C501
3DAD	N501AF	C501
3DAE	N501AG	CDUS
3DAF	N501AH	BE23
3DB0	N501AJ	C501
3DB1	N501AK	C25A
3DB5	N501AP	GLEX
3DB7	N501AR	COL4
3DB9	N501AT	C501
3DC0	N501B	EFOX
3DC1	N501BA	CH7B
3DC2	N501BB	C501
3DC3	N501BC	PA23
3DC7	N501BG	CRJ7
3DD0	N501BR	AT5T
3DD1	N501BS	BL8
3DD2	N501BT	P32R
3DD5	N501BW	BE40
3DD8	N501BZ	C550
3DD9	N501C	S108
3DDB	N501CB	C501
3DDC	N501CC	PA11
3DDD	N501CD	C501
3DDF	N501CF	C501
3DE0	N501CG	SR22
3DE2	N501CJ	C25A
3DE4	N501CL	C414
3DE7	N501CP	C501
3DE9	N501CR	BL17
3DEB	N501CT	C501
3DF5	N501DC	C340
3DF6	N501DD	C501
3DF8	N501DF	SR20
3DF9	N501DG	GLIM
3DFB	N501DJ	C25C
3DFE	N501DM	PA34
3DFF	N501DN	A359
3E00	N501DP	C501
3E03	N501DS	C182
3E05	N501DU	BE9T
3E07	N501DW	CH7B
3E08	N501DX	EA50
3E0A	N501DZ	C500
3E0B	N501E	DV20
3E0D	N501EB	BE20
3E11	N501EF	H500
3E13	N501EH	EN28
3E14	N501EJ	C500
3E16	N501EL	CH7A
3E1B	N501ER	C172
3E21	N501EX	C208
3E2A	N501FF	BE40
3E2D	N501FJ	C501
3E3A	N501FX	CL35
3E3F	N501GB	C500
3E40	N501GC	GB1
3E43	N501GF	H25B
3E44	N501GG	C550
3E46	N501GJ	CRJ7
3E48	N501GL	G2T1
3E49	N501GM	GLF5
3E4D	N501GR	C501
3E4E	N501GS	BE9L
3E4F	N501GT	R44
3E52	N501GW	T206
3E57	N501HA	UH12
3E58	N501HB	HIGH
3E60	N501HK	BE20
3E61	N501HL	R22
3E62	N501HM	GLF5
3E64	N501HP	H500
3E67	N501HS	C501
3E6A	N501HV	B06
3E6F	N501J	DHC2
3E70	N501JA	GLAS
3E71	N501JB	RV8
3E72	N501JC	AT8T
3E73	N501JD	C501
3E76	N501JG	C560
3E78	N501JJ	C501
3E79	N501JK	AT3T
3E7B	N501JM	C501
3E7E	N501JQ	CL60
3E80	N501JS	B06
3E83	N501JV	GLF2
3E89	N501KA	CL35
3E8D	N501KE	C25A
3E90	N501KH	C501
3E92	N501KK	C501
3E93	N501KL	F2TH
3E96	N501KP	BE58
3E97	N501KQ	K100
3E98	N501KR	C25A
3E9A	N501KT	LJ45
3E9C	N501KV	CL60
3EA2	N501LA	SF50
3EA5	N501LD	SAKO
3EA7	N501LF	TB20
3EAC	N501LL	C25B
3EAD	N501LM	SVNH
3EB2	N501LS	CRJ2
3EBB	N501MA	P28A
3EBC	N501MB	C501
3EBD	N501MC	C501
3EBE	N501MD	H500
3EBF	N501ME	TEAL
3EC0	N501MF	C501
3EC1	N501MG	GLEX
3EC5	N501ML	BE58
3EC6	N501MM	F2TH
3EC8	N501MP	C172
3ECA	N501MR	C501
3ECB	N501MS	BE9L
3ECC	N501MT	B407
3ECF	N501MW	AT5T
3ED0	N501MX	C500
3ED2	N501MZ	C501
3ED3	N501N	F2TH
3ED4	N501NA	SR22
3EEA	N501NY	C501
3EEB	N501NZ	C501
3EED	N501PA	C150
3EEE	N501PB	T206
3EF2	N501PF	COL3
3EF3	N501PG	FA7X
3EF5	N501PJ	C501
3EF7	N501PL	GLST
3EFA	N501PP	MU30
3EFE	N501PT	SR22
3F00	N501PV	C501
3F02	N501PX	SR22
3F05	N501Q	C501
3F08	N501QC	GLF5
3F16	N501QS	C68A
3F1F	N501RA	BE35
3F20	N501RB	GLF4
3F21	N501RC	C501
3F22	N501RD	R22
3F23	N501RE	PA30
3F24	N501RF	PA44
3F25	N501RG	C501
3F27	N501RJ	C82R
3F28	N501RK	C501
3F2A	N501RM	H500
3F2C	N501RP	G150
3F2E	N501RR	F2TH
3F2F	N501RS	LJ31
3F30	N501RT	C500
3F32	N501RV	RV9
3F34	N501RX	C501
3F39	N501SB	C310
3F3A	N501SC	C172
3F3B	N501SD	M5
3F3D	N501SF	T210
3F3E	N501SG	PA32
3F3F	N501SH	TS11
3F40	N501SJ	C501
3F42	N501SL	H500
3F45	N501SP	C501
3F48	N501SS	C500
3F49	N501ST	C501
3F4B	N501SV	C501
3F4C	N501SW	C501
3F4E	N501SY	E75L
3F50	N501T	T206
3F51	N501TA	B06
3F52	N501TB	C501
3F53	N501TC	AC50
3F54	N501TD	NG5
3F5E	N501TP	C501
3F62	N501TT	ST75
3F65	N501TW	B06
3F66	N501TX	SR20
3F69	N501U	TWEN
3F77	N501UP	C56X
3F7E	N501UW	B733
3F8B	N501VJ	GL5T
3F8C	N501VK	TUCA
3F8D	N501VL	A319
3F93	N501VS	H500
3F9C	N501WA	C150
3FA2	N501WG	GLID
3FA3	N501WH	EXEC
3FA4	N501WJ	C501
3FA7	N501WM	BD5
3FA9	N501WP	P32R
3FAD	N501WT	BE95
3FB1	N501WX	C501
3FB4	N501X	C501
3FC2	N501XP	BE40
3FE6	N501Z	PA18
3FEA	N501ZD	C500
3FFF	N5010	C72R
4002	N5010C	BE35
4007	N5010H	PA11
4008	N5010J	AT5T
4009	N5010K	B06
400D	N5010P	B06
4010	N5010S	P28R
4013	N5010V	ST75
4014	N5010W	P28A
4017	N5010Z	PA22
4019	N50101	T206
401E	N50106	C150
401F	N50107	TAYD
4020	N50108	C150
4022	N5011	PTS2
4023	N5011A	C172
4025	N5011C	BE35
402E	N5011M	TAYB
4030	N5011P	PA24
4031	N5011Q	C310
4035	N5011U	C172
4038	N5011X	C185
403B	N50110	C150
403E	N50113	TAYD
4040	N50115	C150
4043	N50118	C150
4046	N5012A	PA44
4047	N5012B	BE35
4048	N5012C	AT5T
404B	N5012F	B06
4051	N5012M	BE19
4052	N5012N	DUCE
4055	N5012R	C82R
405A	N5012W	P28A
405F	N50121	TAYD
4067	N50129	TAYD
4068	N5013	WACO
4069	N5013A	C172
406A	N5013B	BE35
406F	N5013G	B06
4077	N5013Q	C340
4078	N5013R	C172
4079	N5013S	P28R
407A	N5013T	P28R
407E	N5013X	SS2P
4082	N50131	C150
4083	N50132	C150
4084	N50133	C150
4086	N50135	TAYD
4089	N50138	C150
408B	N5014	CORS
408C	N5014A	HB23
408D	N5014B	BE35
408F	N5014D	C182
4093	N5014H	PA11
4099	N5014P	PA24
409B	N5014R	C185
409D	N5014T	PA32
40A1	N5014X	SS2P
40A3	N5014Z	PA22
40A4	N50140	C150
40A5	N50141	B06
40A6	N50142	ST75
40AA	N50146	C150
40AD	N50149	ST75
40B1	N5015C	BE35
40B6	N5015H	C82S
40B8	N5015K	AT6T
40B9	N5015L	T28
40BA	N5015M	CORS
40BB	N5015N	L5
40C0	N5015T	CORS
40C2	N5015V	H269
40C3	N5015W	P28A
40C6	N5015Z	PA22
40C7	N50150	C150
40C8	N50151	C150
40CC	N50155	C150
40CD	N50156	C150
40D2	N5016A	C172
40D4	N5016C	CORS
40D9	N5016H	AC90
40E0	N5016Q	AVID
40E2	N5016S	WAIX
40E7	N5016X	SS2P
40F0	N50166	CORS
40F1	N50167	ST75
40F3	N50169	P32R
40F5	N5017A	C172
40F6	N5017B	BE35
40F7	N5017C	BE35
40FB	N5017G	B06
40FF	N5017L	M20P
4101	N5017N	B17
4102	N5017P	PA24
4104	N5017R	C172
4105	N5017S	AT3P
4107	N5017U	C206
410D	N50170	C150
410E	N50171	C150
4112	N50175	FA62
4113	N50176	WACF
4114	N50177	C150
4115	N50178	B06
4118	N5018A	C172
411A	N5018C	BE35
4120	N5018J	AT5T
4123	N5018M	TAYB
4125	N5018P	PA24
4127	N5018R	CORS
412A	N5018U	R22
412E	N5018Y	PA23
412F	N5018Z	PA22
4131	N50181	C150
4134	N50184	C150
4138	N50188	C150
413B	N5019A	AT5T
413C	N5019B	BE35
413E	N5019D	C182
413F	N5019E	C180
4140	N5019F	P51
4143	N5019J	C310
4146	N5019M	TAYB
414F	N5019W	P28A
4152	N5019Z	PA22
4154	N50191	P51
4156	N50193	C172
4157	N50194	C150
415D	N502	T6
415E	N502A	C337
4160	N502AB	LJ60
4162	N502AD	AT5T
4163	N502AE	CRJ7
4164	N502AF	P28A
4165	N502AG	AT5T
4168	N502AK	S55P
416A	N502AM	AT5T
416C	N502AP	BE20
416E	N502AR	AT5T
4170	N502AT	C421
4178	N502BA	AT5T
4179	N502BB	AT5T
417A	N502BC	C56X
417B	N502BD	BD5
417E	N502BG	F2TH
4181	N502BK	SREY
4183	N502BM	AT5T
4187	N502BR	C441
4188	N502BS	SONX
4189	N502BT	AT5T
418C	N502BW	BE36
418F	N502BZ	SR22
4190	N502C	S108
4191	N502CA	BE40
4193	N502CC	C501
4194	N502CD	SR22
4198	N502CH	H500
419C	N502CM	AT5T
419E	N502CP	AT5T
41A1	N502CS	C337
41A2	N502CT	DV20
41A5	N502CW	COY2
41AA	N502DA	B722
41AB	N502DB	AT5T
41AC	N502DC	FOX
41AE	N502DE	AT5T
41AF	N502DF	M7
41B0	N502DG	GLIM
41B4	N502DL	AT5T
41B6	N502DN	A359
41B9	N502DR	B06
41BA	N502DS	AT5T
41BB	N502DT	SR20
41BE	N502DW	PA30
41BF	N502DX	A21N
41C3	N502EA	EA50
41C9	N502EG	C56X
41D2	N502ER	C172
41D4	N502ET	EA50
41D5	N502EU	PA46
41D6	N502EV	EVSS
41DB	N502F	FB1A
41DC	N502FA	AT5T
41E1	N502FF	AT5T
41E6	N502FL	P28A
41EC	N502FS	C212
41F1	N502FX	CL35
41F8	N502GD	AT5T
41FA	N502GF	H25B
41FD	N502GJ	CRJ7
41FE	N502GK	AT5T
41FF	N502GL	G2T1
4205	N502GS	GA5C
4208	N502GV	C208
4209	N502GW	JPRO
420E	N502HA	AT5T
420F	N502HB	H500
4210	N502HC	AT5T
4211	N502HD	AT5T
4217	N502HK	Q9
421B	N502HP	H500
421C	N502HQ	UH1
4221	N502HV	B06
4222	N502HW	AT5T
4227	N502JA	AT5T
4229	N502JC	PA22
422A	N502JD	AT5T
422C	N502JF	AT5T
422F	N502JJ	C414
4230	N502JK	AT5T
4234	N502JP	AT5T
4236	N502JR	AT5T
423B	N502JW	AT5T
4241	N502KB	AT5T
4245	N502KF	AT5T
4247	N502KH	AT5T
4250	N502KS	AT5T
4254	N502KW	C150
4259	N502LA	DA62
425B	N502LC	AT5T
425C	N502LD	AT5T
4266	N02LP	PIAT
426F	N502LY	AT5T
4275	N502MD	AT5T
4279	N502MH	AT5T
427B	N502MK	AT5T
427D	N502MM	H500
4281	N502MR	P28B
4282	N502MS	AT5T
4285	N502MV	AT5T
4286	N502MW	BE35
428C	N502NB	AT5T
428E	N502ND	P28A
428F	N502NE	AT5T
4293	N502NJ	AT5T
4294	N502NK	A319
4298	N502NP	AVTR
429A	N502NR	AT5T
429D	N502NU	EDGE
42A3	N502P	GA5C
42A4	N502PA	AT5T
42A5	N502PB	AT5T
42A6	N502PC	GLF4
42A7	N502PD	SONX
42AA	N502PG	FA10
42B4	N502PS	PC24
42BC	N502Q	AT5T
42CD	N502QS	C68A
42D6	N502RA	C404
42D7	N502RB	AT5T
42D8	N502RC	AT5T
42DA	N502RE	AT5T
42DE	N502RJ	EVSS
42DF	N502RK	C150
42E3	N502RP	G280
42E5	N502RR	S22T
42E9	N502RV	RV12
42EA	N502RW	C560
42ED	N502RZ	H25B
42EF	N502SA	C421
42F2	N502SD	AT5T
42F5	N502SG	BE36
42F9	N502SL	H500
42FA	N502SM	AT5T
42FC	N502SP	GLST
42FE	N502SR	SR22
4302	N502SV	FA20
4304	N502SX	GLF5
4305	N502SY	E75L
430A	N502TC	BE40
430E	N502TG	AT5T
430F	N502TH	UH1
4310	N502TJ	BE33
4313	N502TM	C172
4315	N502TP	AT5T
4317	N502TR	AT5T
4319	N502TT	CLON
431B	N502TV	C182
431C	N502TW	B06
431D	N502TX	E50P
4320	N502U	TWEN
4321	N502UA	B752
432E	N502UP	C56X
433A	N502VA	D228
433B	N502VB	AT5T
4342	N502VJ	GL5T
434A	N502VS	AT5T
434E	N502VW	AT5T
4353	N502WA	C77R
4356	N502WD	AT5T
4358	N502WF	AT5T
4359	N502WG	C56X
4363	N502WS	SF50
4379	N502XP	AT5T
4381	N502XX	AT5T
4385	N502YA	AT5T
43B6	N5020	WACO
43B7	N5020A	C82S
43BA	N5020D	C182
43BD	N5020G	D11
43BE	N5020H	C172
43C4	N5020P	PA24
43C5	N5020Q	C310
43C6	N5020R	C172
43C7	N5020S	P28R
43C8	N5020T	P28R
43CB	N5020W	P28A
43CD	N5020Y	P32R
43D0	N50201	C150
43D1	N50202	C150
43D4	N50205	C150
43D7	N50208	C172
43D8	N50209	C150
43E1	N5021H	C172
43E2	N5021J	C310
43E9	N5021R	C172
43EC	N5021U	AT6T
43EE	N5021W	CH20
43EF	N5021X	SS2P
43F1	N5021Z	PA22
43F5	N50213	C150
43FB	N50219	C150
43FD	N5022A	BOLT
43FF	N5022C	AT5T
4400	N5022D	C182
4404	N5022H	PA11
4406	N5022K	O1
440E	N5022T	EVOT
4410	N5022V	ST75
4411	N5022W	P28A
4413	N5022Y	PA23
4416	N50221	C150
4417	N50222	C150
4419	N50224	C150
441C	N50227	RELI
4424	N5023E	C180
4425	N5023F	SR22
4428	N5023J	C172
442A	N5023L	LA4
442C	N5023N	TAIL
442F	N5023R	C172
4430	N5023S	P28R
4435	N5023X	SS2P
4436	N5023Y	PA23
4437	N5023Z	PA22
4439	N50231	C150
443A	N50232	C150
443B	N50233	T206
443C	N50234	C150
443F	N50237	C150
4441	N50239	RV4
4443	N5024A	C172
4444	N5024B	BE35
4445	N5024C	MRAI
4446	N5024D	C182
4447	N5024E	SR20
4450	N5024P	PA24
4452	N5024R	BL8
4453	N5024S	P28R
4454	N5024T	P28A
4456	N5024V	ST75
4458	N5024X	SS2P
445B	N50240	BL8
445F	N50244	L5
4460	N50245	C150
4461	N50246	CH7B
4462	N50247	BL8
4468	N5025C	CH7B
4469	N5025D	CH7B
446A	N5025E	BL8
446B	N5025F	CH7B
446D	N5025H	PA11
446E	N5025J	UH12
4471	N5025M	CH7A
4472	N5025N	BL8
4473	N5025P	BL8
4476	N5025S	P28R
4477	N5025T	P28A
4478	N5025U	CH7A
447A	N5025W	B36T
447C	N5025Y	MJ5
447D	N5025Z	PA22
447F	N50251	C150
4480	N50252	C150
4483	N50255	C150
4484	N50256	AT3T
4486	N50258	C150
4487	N50259	BL8
4489	N5026A	BE58
448A	N5026B	BL8
448D	N5026E	CH7B
448E	N5026F	CH7A
448F	N5026G	CH7B
4492	N5026K	CH7A
4495	N5026N	BL8
4498	N5026R	C172
4499	N5026S	CH7A
449A	N5026T	CH7A
449B	N5026U	C206
449C	N5026V	T210
449D	N5026W	P28A
44A0	N5026Z	PA22
44A1	N50260	C150
44A2	N50261	C150
44A3	N50262	C150
44A4	N50263	C150
44A5	N50264	CH7A
44A7	N50266	C150
44A8	N50267	C150
44A9	N50268	C150
44AA	N50269	C150
44AD	N5027B	BE35
44AF	N5027D	C182
44B0	N5027E	C180
44B1	N5027F	BL8
44B5	N5027K	CH7B
44B8	N5027N	CH7B
44B9	N5027P	H500
44BD	N5027T	P28R
44C0	N5027W	P28A
44C4	N50270	C150
44C5	N50271	BL8
44C8	N50274	C150
44CA	N50276	C150
44CF	N5028A	C172
44D0	N5028B	BE35
44D2	N5028D	C182
44D4	N5028F	BL8
44D5	N5028G	BL8
44D8	N5028K	CH7B
44D9	N5028L	LA4
44DA	N5028M	TAYB
44DC	N5028P	PA24
44DD	N5028Q	AT3P
44DE	N5028R	C185
44DF	N5028S	P28R
44E0	N5028T	P28R
44E2	N5028V	BL8
44E6	N5028Z	CH25
44E7	N50280	GC1
44EB	N50284	C150
44EC	N50285	CH60
44ED	N50286	C150
44F1	N5029	GLIM
44F3	N5029B	BE35
44F6	N5029E	CH7B
44F8	N5029G	BL8
44FB	N5029K	BL8
44FD	N5029M	TAYB
44FF	N5029P	PA24
4500	N5029Q	C310
4502	N5029S	P28R
4506	N5029W	P28A
4507	N5029X	PA11
4509	N5029Z	PA22
450A	N50290	TAYD
450B	N50291	C172
450C	N50292	C150
4511	N50297	C150
4513	N50299	C150
4515	N503A	B14A
4517	N503AB	LJ60
451A	N503AE	CRJ7
451B	N503AF	P28A
4520	N503AL	EVOP
4521	N503AM	C172
4527	N503AT	T210
452A	N503AW	HROC
452D	N503AZ	B763
452E	N503B	AC90
452F	N503BA	BE58
4531	N503BC	LJ60
453B	N503BN	SR22
4548	N503CA	C172
4549	N503CB	BE9L
454B	N503CD	SR22
4555	N503CP	C82T
4557	N503CR	PA11
455C	N503CW	GLIM
4565	N503DE	BE30
4567	N503DG	GLIM
4569	N503DJ	F2TH
456B	N503DL	SF50
456C	N503DM	BL8
456D	N503DN	A359
4570	N503DR	B06
4571	N503DS	G2CA
4575	N503DW	CP10
4578	N503DZ	A21N
4579	N503E	C172
457F	N503EF	RV8
458B	N503ET	P28B
4593	N503FA	AT8T
459B	N503FJ	GLIM
45A8	N503FX	CL35
45AD	N503GB	ACAM
45B4	N503GJ	CRJ7
45B5	N503GK	AT5T
45B6	N503GL	G2T1
45BC	N503GS	GLF5
45C8	N503HD	WACF
45CE	N503HK	Q9
45D8	N503HV	R44
45DE	N503JA	PA24
45DF	N503JB	A320
45E1	N503JD	RV12
45E5	N503JH	FOX
45E9	N503JM	BE20
45EA	N503JN	H269
45EB	N503JP	QIC2
45EE	N503JS	C82T
45F2	N503JW	A189
45F7	N503KA	AT5T
45F8	N503KB	RV12
45FF	N503KJ	CL30
4600	N503KK	C25B
460B	N503KW	B763
461B	N503LM	BE30
4624	N503LW	MA5
4629	N503MA	C172
462C	N503MD	C206
4632	N503MK	C208
4640	N503MZ	HUSK
4642	N503NA	C402
464D	N503NM	FDCT
465A	N503P	BE20
465E	N503PD	EN28
4662	N503PH	AS50
466E	N503PV	VELO
4677	N503QD	H269
4679	N503QF	C56X
4684	N503QS	C68A
468D	N503RA	COL3
468E	N503RB	CH7A
4696	N503RK	EVSS
4698	N503RM	BE20
469A	N503RP	G150
469E	N503RT	AC50
46A5	N503S	GLID
46A7	N503SB	GLST
46A9	N503SD	C150
46AB	N503SF	GLIM
46AD	N503SH	A139
46B3	N503SP	C172
46B7	N503ST	C180
46B9	N503SV	C680
46BC	N503SY	E75L
46BF	N503TA	AT5T
46C1	N503TC	C150
46C4	N503TF	C25C
46CF	N503TS	DA42
46D3	N503TW	UH1
46D4	N503TX	E50P
46D7	N503U	TWEN
46D8	N503UA	B752
46F0	N503V	GLIM
46F1	N503VA	VELO
46F5	N503VE	VEZE
46F6	N503VF	PA32
46F9	N503VJ	GL5T
46FB	N503VL	A319
4709	N503W	B06
470A	N503WA	C172
4710	N503WG	SONX
4712	N503WJ	BE20
4713	N503WK	SR22
4720	N503WY	H60
472D	N503XL	FOX
4738	N503XX	HAWK
473B	N503Y	G164
476F	N5030B	C172
4770	N5030C	BL8
4771	N5030D	BE36
4774	N5030G	BL8
4775	N5030H	PA11
4777	N5030K	CH7B
4779	N5030M	TAYB
477B	N5030P	BL8
477E	N5030S	SR22
477F	N5030T	CH7B
4785	N5030Z	PA22
478A	N50304	C150
478E	N50308	C150
4791	N5031A	C172
4792	N5031B	BE35
4796	N5031F	CH7B
4798	N5031H	PA11
479A	N5031K	CH7A
479D	N5031N	BL8
47A1	N5031S	P28R
47A2	N5031T	BE40
47A5	N5031W	P28A
47A7	N5031Y	CH7B
47A9	N50310	C150
47AA	N50311	C150
47AF	N50316	C150
47B0	N50317	C172
47B1	N50318	C150
47B4	N5032A	BL8
47B6	N5032C	BE35
47B7	N5032D	C182
47B9	N5032F	BL8
47BA	N5032G	CH7A
47BC	N5032J	CH7B
47BF	N5032M	BE19
47C5	N5032T	P28A
47C6	N5032U	BL8
47C7	N5032V	CH7B
47CF	N50323	C150
47D1	N50325	ST75
47D2	N50326	C150
47D4	N50328	C150
47D5	N50329	ST75
47D7	N5033A	C172
47DA	N5033D	BL8
47DB	N5033E	CH7B
47DC	N5033F	CH7B
47DF	N5033J	C310
47E0	N5033K	CH7B
47E2	N5033M	TAYB
47E4	N5033P	PA24
47E5	N5033Q	C310
47E6	N5033R	C172
47E7	N5033S	P28R
47E8	N5033T	C82S
47EA	N5033V	CH7B
47EB	N5033W	CH7B
47F0	N50331	C150
47F2	N50333	AR6T
47F3	N50334	AR6T
47F4	N50335	C150
47F5	N50336	TAYD
47F6	N50337	C150
47F7	N50338	CH7B
47FC	N5034C	BE35
47FE	N5034E	C180
4800	N5034G	CH7B
4801	N5034H	C172
4803	N5034K	CH7B
4806	N5034N	BL8
4807	N5034P	PA24
4809	N5034R	AT3T
480A	N5034S	P28R
480D	N5034V	BL8
480E	N5034W	BL8
480F	N5034X	COY2
4810	N5034Y	FALC
4813	N50341	FA62
4817	N50345	C150
4818	N50346	C150
4819	N50347	C150
481E	N5035B	BE35
4821	N5035E	AC80
4823	N5035G	CH7A
4825	N5035J	CH7A
4826	N5035K	AT8T
4827	N5035L	LA4
4828	N5035M	C172
4829	N5035N	BL8
482B	N5035Q	BL8
482D	N5035S	P28R
482E	N5035T	C182
4831	N5035W	P28A
4834	N5035Z	PA22
4835	N50350	BL8
4839	N50354	C150
483A	N50355	C150
483B	N50356	C150
483D	N50358	CH7A
4841	N5036B	BE35
4842	N5036C	BE35
4843	N5036D	C182
4846	N5036G	BL8
484A	N5036L	BL8
484B	N5036M	BE36
484C	N5036N	CH7A
484F	N5036R	C182
4850	N5036S	P28R
4852	N5036U	BE58
4854	N5036W	P28A
4859	N50361	BL8
485B	N50363	J3
485C	N50364	J3
485D	N50365	J3
485F	N50367	C150
4861	N50369	TAYD
4864	N5037B	BE35
4865	N5037C	CH7B
4867	N5037E	C180
486A	N5037H	PA11
486B	N5037J	C310
486C	N5037K	CH7B
486F	N5037N	BL8
4871	N5037Q	C340
4872	N5037R	C172
4873	N5037S	P28R
4874	N5037T	PA34
4876	N5037V	C210
4877	N5037W	BE9L
487A	N5037Z	PA22
487C	N50371	BL8
487E	N50373	TAYD
4880	N50375	C150
4881	N50376	BL8
4884	N50379	C150
4886	N5038A	CH7B
4887	N5038B	BE35
4888	N5038C	CH7A
488A	N5038E	BL8
488C	N5038G	CH7B
488E	N5038J	C310
488F	N5038K	BL8
4890	N5038L	LA4
4891	N5038M	CH7A
4893	N5038P	PA24
4895	N5038R	C185
4896	N5038S	P28R
4897	N5038T	P28A
4898	N5038U	BL8
489A	N5038W	P28A
489C	N5038Y	PA23
489E	N50380	CH7A
489F	N50381	TAYD
48A0	N50382	C150
48A1	N50383	AT5T
48A6	N50388	TAYD
48A7	N50389	BL8
48A9	N5039A	C172
48AA	N5039B	BE35
48AB	N5039C	BE35
48AC	N5039D	C182
48AE	N5039F	AT3T
48B0	N5039H	C172
48B1	N5039J	AT5T
48B3	N5039L	CH7B
48B5	N5039N	BL8
48B8	N5039R	C172
48BA	N5039T	P28A
48BD	N5039W	P28A
48C0	N5039Z	PA22
48C1	N50390	C150
48C3	N50392	TAYD
48C6	N50395	BL8
48C8	N50397	CH7B
48CA	N50399	TAYD
48CB	N504	S58T
48CC	N504A	P28A
48CE	N504AB	LJ60
48CF	N504AC	GLF5
48D1	N504AE	CRJ7
48D2	N504AF	P28A
48D8	N504AM	HUSK
48E1	N504AW	BE20
48E5	N504B	BE35
48E6	N504BA	A5
48E7	N504BB	CH7B
48F3	N504BP	B407
48F9	N504BV	YK50
48FF	N504CA	GLID
4900	N504CB	BE9L
4901	N504CC	C560
4909	N504CL	RV10
490C	N504CP	FA50
490E	N504CR	C68A
490F	N504CS	SR22
4910	N504CT	FDCT
4917	N504D	C500
491F	N504DH	S58T
4924	N504DN	A359
4928	N504DS	DA40
4929	N504DT	PA46
492F	N504DZ	A21N
4933	N504EC	BE10
4934	N504ED	FA50
4936	N504EF	H500
4938	N504EH	B06
493C	N504EM	RV8
4948	N504EZ	P46T
494A	N504FA	C172
4954	N504FL	P28A
4955	N504FM	C25A
495F	N504FX	CL35
4963	N523DE	A21N
4964	N504GB	GLEX
4968	N504GF	BE20
496B	N504GJ	CRJ7
496C	N504GK	R66
496D	N504GL	BE58
497B	N504H	RV4
497C	N504HA	UH12
497E	N504HC	PC12
4985	N504HK	Q9
4986	N504HL	T206
4991	N504HX	S22T
4994	N504J	C150
4996	N504JB	A320
4997	N504JC	C185
4999	N504JE	RV12
499A	N504JF	CRER
499D	N504JJ	C172
499F	N504JL	COL4
49A0	N504JM	HUSK
49A1	N504JN	H269
49A5	N504JS	FA50
49A6	N504JT	RV4
49A9	N504JW	T210
49B0	N504KC	R22
49B5	N504KH	C56X
49B8	N504KL	HR10
49BC	N504KQ	K100
49C7	N504LA	H500
49C8	N504LB	RV10
49C9	N504LC	PC12
49CE	N504LH	EC35
49D2	N504LM	SR22
49E0	N504MA	C172
49E8	N504MJ	CRJ7
49EB	N504MM	RV9
49ED	N504MP	EA50
49FC	N504ND	P28A
4A11	N504P	C25A
4A12	N504PA	F900
4A14	N504PC	TAMP
4A18	N504PG	SR22
4A21	N504PR	M20T
4A22	N504PS	C25B
4A2A	N504Q	T206
4A3B	N504QS	C68A
4A44	N504RA	AS50
4A47	N504RD	MT
4A51	N504RP	G280
4A55	N504RT	GLEX
4A57	N504RV	RV4
4A58	N504RW	C560
4A5C	N504S	SA3
4A5F	N504SC	RV14
4A60	N504SD	C182
4A62	N504SF	C501
4A65	N504SJ	BE36
4A67	N504SL	H500
4A68	N504SM	EPIC
4A6E	N504ST	F900
4A70	N504SV	BE30
4A73	N504SY	E75L
4A75	N504T	C650
4A78	N504TC	EA50
4A81	N504TM	RV6
4A87	N504TT	PISI
4A8B	N504TX	E50P
4A8E	N504U	C560
4A9C	N504UP	C56X
4AB0	N504VJ	GL5T
4AB2	N504VL	A319
4AC2	N504WB	LGEZ
4AC5	N504WE	BE58
4AC6	N504WF	C25M
4AC7	N504WG	C56X
4AC9	N504WJ	DHC6
4ACE	N504WP	E50P
4AD0	N504WR	YK50
4AD2	N504WT	F2TH
4AD4	N504WV	GA5C
4AD9	N504X	B505
4AE7	N504XP	C172
4AEF	N504XX	HAWK
4B0B	N504Z	RV6
4B26	N5040B	BE35
4B2A	N5040F	EXEC
4B2E	N5040K	NAVI
4B31	N5040N	BL8
4B32	N5040P	P28A
4B34	N5040R	C172
4B36	N5040T	P28A
4B37	N5040U	C206
4B3A	N5040X	SS2P
4B3D	N50400	C150
4B41	N50404	C150
4B42	N50405	C150
4B43	N50406	C150
4B48	N5041A	C172
4B4A	N5041C	BE35
4B4B	N5041D	C182
4B4C	N5041E	C172
4B4F	N5041H	C172
4B50	N5041J	CH7B
4B51	N5041K	NAVI
4B53	N5041M	BL8
4B56	N5041Q	BL8
4B57	N5041R	C182
4B58	N5041S	P28R
4B5A	N5041U	BL8
4B5F	N5041Z	PA18
4B62	N50412	BL8
4B63	N50413	C150
4B64	N50414	TAYD
4B67	N50417	TAYD
4B68	N50418	C150
4B69	N50419	C150
4B6C	N5042B	BE35
4B6D	N5042C	BE35
4B6E	N5042D	CH7B
4B6F	N5042E	CH7A
4B71	N5042G	CH7B
4B72	N5042H	PA11
4B73	N5042J	BL8
4B74	N5042K	NAVI
4B75	N5042L	BL8
4B77	N5042N	BL8
4B79	N5042Q	BL8
4B7A	N5042R	C172
4B7B	N5042S	P28R
4B7C	N5042T	P28R
4B7F	N5042W	P28A
4B82	N5042Z	PA22
4B83	N50420	FA62
4B84	N50421	C150
4B88	N50425	C150
4B89	N50426	FA62
4B8B	N50428	CH7A
4B8C	N50429	FA62
4B8E	N5043A	C172
4B8F	N5043B	BE35
4B91	N5043D	AT6T
4B93	N5043F	CH7A
4B94	N5043G	BL8
4B95	N5043H	CRER
4B96	N5043J	C172
4B98	N5043L	BL8
4B99	N5043M	TAYB
4B9B	N5043P	PA24
4B9D	N5043R	C172
4BA2	N5043W	P28A
4BA5	N5043Z	BL8
4BA7	N50431	C150
4BA8	N50432	C150
4BAA	N50434	C150
4BAC	N50436	BL8
4BAD	N50437	CH7A
4BAE	N50438	C150
4BB1	N5044A	C172
4BB4	N5044D	C182
4BB5	N5044E	C172
4BB8	N5044H	C172
4BBA	N5044K	BIPL
4BBB	N5044L	BL8
4BBD	N5044N	AT5T
4BBF	N5044Q	C310
4BC0	N5044R	C172
4BCA	N50441	COY2
4BCC	N50443	CH7B
4BD0	N50447	CH7B
4BD2	N50449	TAYD
4BD4	N5045A	CH7A
4BD5	N5045B	BE35
4BD6	N5045C	CH7A
4BD7	N5045D	BE36
4BD8	N5045E	BL8
4BDA	N5045G	CH7B
4BDB	N5045H	C172
4BDE	N5045L	FOX
4BDF	N5045M	TAYB
4BE1	N5045P	PA24
4BE2	N5045Q	C310
4BE4	N5045S	AT6T
4BE5	N5045T	P28A
4BE7	N5045V	ST75
4BE9	N5045X	GLST
4BEB	N5045Z	PA22
4BEC	N50450	BL8
4BED	N50451	BL8
4BF0	N50454	TAYD
4BF3	N50457	C77R
4BF6	N5046	BEAR
4BF7	N5046A	C172
4BF8	N5046B	BL8
4BF9	N5046C	BL8
4BFA	N5046D	BL8
4BFC	N5046F	AT5T
4BFE	N5046H	PA11
4C04	N5046P	PA24
4C06	N5046R	C185
4C0C	N5046X	SS2P
4C11	N50462	C172
4C14	N50465	C150
4C16	N50467	C150
4C1A	N5047A	C172
4C1B	N5047B	BE35
4C1D	N5047D	C182
4C1E	N5047E	CH7B
4C20	N5047G	CH7A
4C22	N5047J	C310
4C23	N5047K	GLID
4C24	N5047L	BL8
4C25	N5047M	TAYB
4C27	N5047P	PA24
4C28	N5047Q	C310
4C2C	N5047U	CH7A
4C2E	N5047W	P28A
4C2F	N5047X	SS2P
4C31	N5047Z	PA22
4C33	N50471	C150
4C35	N50473	C150
4C36	N50474	C150
4C37	N50475	C150
4C38	N50476	CH7B
4C3B	N50479	C172
4C3D	N5048A	BL8
4C3F	N5048C	BE35
4C40	N5048D	AT6T
4C42	N5048F	G164
4C45	N5048J	BL8
4C47	N5048L	BL8
4C48	N5048M	TAYB
4C49	N5048N	CH7B
4C4A	N5048P	PA24
4C4C	N5048R	C172
4C4D	N5048S	AT5T
4C4E	N5048T	BL8
4C50	N5048V	C172
4C56	N50481	FA62
4C57	N50482	KR2
4C59	N50484	C172
4C5A	N50485	C172
4C5C	N50487	CH7A
4C5D	N50488	C150
4C5F	N5049	CRBN
4C61	N5049B	BE35
4C62	N5049C	BL8
4C6C	N5049N	BL8
4C6D	N5049P	PA24
4C6F	N5049R	C172
4C70	N5049S	CH7A
4C71	N5049T	PA34
4C73	N5049V	ST75
4C75	N5049X	SS2P
4C77	N5049Z	PA22
4C78	N50490	PA18
4C7F	N50497	C150
4C81	N50499	RS18
4C82	N505	AA5
4C83	N505A	B14A
4C85	N505AB	C182
4C88	N505AE	CRJ7
4C89	N505AF	P28A
4C8B	N505AH	C501
4C8C	N505AJ	B505
4C93	N505AR	SR22
4C98	N505AW	BE20
4C9C	N505B	BE35
4C9D	N505BA	A5
4C9E	N505BB	C501
4CA0	N505BD	E55P
4CA3	N505BG	C25A
4CA4	N505BH	TTWO
4CA5	N505BJ	PA24
4CAC	N505BR	PA11
4CB0	N505BV	B505
4CB5	N505C	O1
4CB6	N505CA	C150
4CB7	N505CB	B505
4CB8	N505CC	GLID
4CB9	N505CD	SR22
4CBA	N505CE	M20P
4CBB	N505CF	C501
4CBF	N505CK	R22
4CC1	N505CM	C310
4CC3	N505CP	C82T
4CC6	N505CS	B505
4CCA	N505CW	B505
4CCC	N505CY	B505
4CCE	N505D	GLF5
4CCF	N505DA	DA62
4CD5	N505DG	GLIM
4CD8	N505DK	BE9L
4CDB	N505DN	A359
4CDF	N505DS	GLIM
4CE6	N505DZ	A21N
4CE8	N505EA	EA50
4CEB	N505ED	RV10
4CEF	N505EH	LJ55
4CF5	N505EP	RV6
4CF9	N505ET	B505
4CFD	N505EX	B505
4D00	N505F	C172
4D01	N505FA	AT8T
4D03	N505FC	C25B
4D06	N505FF	E55P
4D0B	N505FL	P28A
4D0C	N505FM	DA42
4D13	N505FU	B505
4D15	N505FW	B505
4D16	N505FX	CL35
4D1A	N505GA	GALX
4D1C	N505GC	C208
4D1D	N505GD	GA5C
4D1E	N505GE	BE60
4D1F	N505GF	GLF5
4D20	N505GG	GLIM
4D21	N505GH	B505
4D22	N505GJ	LJ35
4D24	N505GL	SPHA
4D25	N505GM	SW3
4D27	N505GP	E55P
4D29	N505GR	B505
4D2A	N505GS	P28A
4D2B	N505GT	B505
4D32	N505H	B505
4D33	N505HA	GAZL
4D34	N505HB	B505
4D35	N505HC	C441
4D38	N505HF	B505
4D3E	N505HM	B505
4D40	N505HP	B505
4D42	N505HR	B505
4D43	N505HS	R44
4D46	N505HV	T206
4D4C	N505JA	SB20
4D4D	N505JB	A320
4D4F	N505JD	A600
4D51	N505JF	DA40
4D53	N505JH	C501
4D54	N505JJ	C172
4D55	N505JK	C336
4D56	N505JL	GLIM
4D57	N505JM	BE60
4D59	N505JP	DA40
4D5B	N505JR	C182
4D5D	N505JT	LNCE
4D60	N505JW	BL17
4D65	N505KA	GLIM
4D66	N505KB	BE95
4D6C	N505KH	GAZL
4D71	N505KN	MT
4D75	N505KS	GLST
4D7D	N505L	M20P
4D82	N505LE	B407
4D83	N505LF	E55P
4D89	N505LM	C180
4D8B	N505LP	C172
4D8F	N505LT	C421
4D9A	N505MD	B505
4D9D	N505MG	MG17
4D9E	N505MH	P38
4DA0	N505MK	B505
4DA3	N505MN	B505
4DA4	N505MP	H500
4DA6	N505MR	PTS2
4DA7	N505MS	C550
4DA8	N505MT	B407
4DAA	N505MV	PC12
4DAB	N505MW	BE9L
4DBB	N505NM	GAZL
4DC2	N505NU	EDGE
4DC5	N505NX	B505
4DC8	N505P	PC12
4DCA	N505PB	GLID
4DCC	N505PD	C182
4DCE	N505PF	B505
4DCF	N505PG	SR22
4DD1	N505PJ	E55P
4DD3	N505PL	ASTR
4DDA	N505PT	SR22
4DDD	N505PW	RV6
4DF2	N505QS	C68A
4DFB	N505RA	T206
4DFC	N505RB	PULS
4E00	N505RF	EVOP
4E02	N505RH	C560
4E03	N505RJ	C501
4E05	N505RL	B06
4E06	N505RM	C25A
4E0B	N505RS	B505
4E0C	N505RT	CL60
4E0E	N505RV	RV7
4E0F	N505RW	C421
4E13	N505S	B505
4E15	N505SB	RV10
4E16	N505SC	P28A
4E19	N505SF	C340
4E1A	N505SG	B350
4E1B	N505SH	CH7A
4E1C	N505SJ	C25A
4E1D	N505SK	B505
4E1F	N505SM	PA11
4E21	N505SP	BE20
4E24	N505SS	GLF5
4E26	N505SU	B505
4E2A	N505SY	E75L
4E2C	N505T	M10
4E2F	N505TC	FA50
4E32	N505TF	RV3
4E35	N505TJ	B429
4E37	N505TL	B505
4E39	N505TN	B505
4E3C	N505TR	RV10
4E3D	N505TS	S22T
4E3E	N505TT	BE36
4E40	N505TV	B06
4E44	N505TZ	B505
4E45	N505U	TWEN
4E46	N505UA	B752
4E48	N505UC	CC11
4E5E	N505V	ST75
4E61	N505VC	AEST
4E67	N505VJ	GL5T
4E69	N505VL	A320
4E6E	N505VR	RV12
4E70	N505VT	P208
4E78	N505WA	C150
4E7A	N505WC	P32R
4E7B	N505WD	H60
4E7E	N505WG	C56X
4E83	N505WM	M20P
4E85	N505WP	CH60
4E88	N505WS	DA40
4E89	N505WT	DA40
4E8E	N505WY	B505
4E90	N505X	B505
4E9E	N505XP	BE40
4EA6	N505XX	B505
4EB9	N505YR	GLAS
4EC2	N505Z	M20P
4ECA	N505ZH	B412
4ED7	N505ZW	PA11
4EDB	N5050	R44
4EDC	N5050A	C172
4EDE	N5050C	DH82
4EE2	N5050G	SR22
4EE3	N5050H	PA11
4EE4	N5050J	SAKO
4EE5	N5050K	GLID
4EE6	N5050L	BE36
4EE7	N5050M	SR22
4EE8	N5050N	CH7B
4EEB	N5050R	J3
4EEC	N5050S	AT3P
4EEF	N5050V	ST75
4EF0	N5050W	P28A
4EF1	N5050X	BE35
4EF3	N5050Z	PA22
4EF6	N50502	C150
4EF7	N50503	C150
4EF8	N50504	C82T
4EF9	N50505	CH7B
4EFC	N50508	BL8
4EFE	N5051	PTS2
4EFF	N5051A	SR20
4F00	N5051B	BE35
4F02	N5051D	C182
4F03	N5051E	CH7B
4F05	N5051G	CH7A
4F06	N5051H	CH7A
4F09	N5051L	BL8
4F0C	N5051P	PA24
4F0D	N5051Q	BL8
4F0E	N5051R	C172
4F0F	N5051S	P28R
4F10	N5051T	PA34
4F13	N5051W	BL8
4F15	N5051Y	RS12
4F17	N50510	C150
4F1A	N50513	UH1
4F1C	N50515	BE20
4F21	N5052	C310
4F25	N5052D	C182
4F27	N5052F	FH11
4F28	N5052G	CH7A
4F29	N5052H	B06
4F2E	N5052N	BL8
4F30	N5052Q	C310
4F31	N5052R	BL8
4F32	N5052S	P28R
4F33	N5052T	P28A
4F36	N5052W	BL8
4F37	N5052X	SS2P
4F38	N5052Y	CH7B
4F3D	N50523	C172
4F3F	N50525	BE65
4F45	N5053A	C172
4F48	N5053D	C182
4F49	N5053E	BL8
4F4A	N5053F	ESCP
4F4B	N5053G	CH7A
4F4D	N5053J	C310
4F4F	N5053L	CH7B
4F51	N5053N	BL8
4F52	N5053P	PA24
4F53	N5053Q	C310
4F55	N5053S	P28R
4F56	N5053T	P28A
4F59	N5053W	P28A
4F5B	N5053Y	P32R
4F5D	N50530	C150
4F5E	N50531	C150
4F5F	N50532	C150
4F62	N50535	C150
4F63	N50536	ST75
4F66	N50539	ST75
4F68	N5054A	C172
4F69	N5054B	CH7A
4F6A	N5054C	CH7B
4F6B	N5054D	C182
4F6D	N5054F	COY2
4F6E	N5054G	BL8
4F6F	N5054H	C172
4F71	N5054K	BL8
4F72	N5054L	BL8
4F74	N5054N	CH7A
4F75	N5054P	CH7B
4F78	N5054S	P28R
4F79	N5054T	T206
4F7A	N5054U	BL8
4F7C	N5054W	P28A
4F7D	N5054X	C170
4F81	N50541	C150
4F82	N50542	CH7A
4F85	N50545	C172
4F8B	N5055A	C172
4F8C	N5055B	BE35
4F8D	N5055C	BE35
4F8E	N5055D	C182
4F91	N5055G	CH7B
4F92	N5055H	C172
4F93	N5055J	B350
4F97	N5055N	BL8
4F98	N5055P	BL8
4F9A	N5055R	C172
4F9B	N5055S	P28R
4F9C	N5055T	P28R
4F9F	N5055W	P28A
4FA2	N5055Z	PA22
4FA3	N50550	C150
4FA4	N50551	C150
4FA5	N50552	CRER
4FA6	N50553	J3
4FA7	N50554	J3
4FA8	N50555	C150
4FAF	N5056B	BE35
4FB0	N5056C	BL8
4FB2	N5056E	C180
4FB4	N5056G	BL8
4FB5	N5056H	PA17
4FB7	N5056K	BL8
4FB8	N5056L	LA4
4FBA	N5056N	CH7B
4FBB	N5056P	PA24
4FBD	N5056R	CH60
4FBF	N5056T	CH7A
4FC0	N5056U	RV6
4FC1	N5056V	CH7B
4FC3	N5056X	BE36
4FC5	N5056Z	PA22
4FC9	N50563	AR6T
4FCA	N50564	CH7B
4FCE	N50568	CH7B
4FCF	N50569	TAYD
4FD1	N5057A	C172
4FD3	N5057C	BL8
4FD4	N5057D	C182
4FD8	N5057H	C172
4FD9	N5057J	C310
4FDA	N5057K	BL8
4FDD	N5057N	ST75
4FDE	N5057P	CH7B
4FDF	N5057Q	C310
4FE0	N5057R	C172
4FE1	N5057S	P28R
4FE2	N5057T	P28A
4FE4	N5057V	ST75
4FE5	N5057W	P28A
4FE7	N5057Y	PA18
4FEA	N50571	BL8
4FEB	N50572	BL8
4FEC	N50573	TAYD
4FED	N50574	C150
4FF0	N50577	C150
4FF1	N50578	C150
4FF3	N5058	PA11
4FF4	N5058A	C172
4FF5	N5058B	CH7B
4FF6	N5058C	CH7B
4FFA	N5058G	BL8
4FFD	N5058K	CH7A
4FFE	N5058L	BL8
5000	N5058N	CH7A
5001	N5058P	PA24
5005	N5058T	P28A
5006	N5058U	C206
5009	N5058X	SS2P
500B	N5058Z	AVTR
500C	N50580	C150
500D	N50581	C150
500F	N50583	C150
5010	N50584	AR6T
5014	N50588	C82S
5018	N5059B	BE35
5019	N5059C	C72R
501A	N5059D	C182
501D	N5059G	CH7A
501E	N5059H	PA11
501F	N5059J	AT3T
5020	N5059K	CH7B
5021	N5059L	LA4
5022	N5059M	TAYB
5023	N5059N	CH7A
5024	N5059P	BL8
502A	N5059V	AT3T
502B	N5059W	P28A
502E	N5059Z	PA22
502F	N50590	C172
5033	N50594	BL8
5035	N50596	C150
5036	N50597	TAYD
5037	N50598	CH7B
5039	N506	S58P
503C	N506AB	LJ60
503F	N506AE	CRJ7
5040	N506AF	BE9L
504B	N506AS	B738
5053	N506B	E50P
5054	N506BA	FA7X
5068	N506BW	L11
506C	N506C	PA32
506D	N506CA	CRJ2
506E	N506CB	PA31
506F	N506CC	PA11
5070	N506CD	R44
5071	N506CE	PTS1
5073	N506CG	RV6
5075	N506CJ	P28R
507A	N506CP	SR22
5081	N506CW	H500
5082	N506CX	R44
5085	N506D	VEZE
5086	N514CJ	BE20
5087	N506DB	LGEZ
5088	N506DC	RV4
508A	N506DE	C152
508E	N506DJ	F2TH
5091	N506DM	RV7
5092	N506DN	A359
5095	N506DR	C310
5096	N506DS	DA40
509D	N506DZ	PC12
509F	N506EA	EA50
50A7	N506EJ	FDCT
50AE	N506ER	C172
50B2	N506EV	EVSS
50B7	N506F	FOX
50B8	N506FA	AT8T
50C7	N506FR	SB20
50D2	N506GB	PC9
50D9	N506GJ	CRJ7
50DB	N506GL	G2T1
50EB	N506HB	AT5T
50F0	N506HG	GLF5
50F7	N506HP	BE35
50FA	N506HS	R44
5103	N506JA	AS50
5104	N506JB	A320
510E	N506JM	PA44
511D	N506KB	BE30
5122	N506KG	R44
5127	N506KM	CN35
512C	N506KS	LJ45
513A	N506LF	EC30
514D	N506M	RV9
514E	N506MA	DA40
514F	N506MB	BE36
5150	N506MC	B407
515B	N506MP	H500
515F	N506MT	B407
5161	N506MV	BE30
5170	N506NK	A319
517F	N506P	E55P
5180	N506PA	T206
5182	N506PC	TAMP
5186	N506PG	SR22
5187	N506PH	H500
5188	N506PJ	GLID
519C	N506QD	ONEX
51A9	N506QS	C68A
51B3	N506RB	P28A
51BF	N506RP	G280
51C3	N506RT	CL60
51C5	N506RV	RV6
51C6	N506RW	C560
51CD	N506SC	CRUZ
51D4	N506SK	DA42
51DA	N506SR	SR20
51DC	N506ST	RV7
51E1	N506SY	E75L
51E4	N506TA	RV6
51E6	N506TC	PA18
51E9	3933	C501
51EC	N506TJ	B429
51EF	N506TM	T206
520A	N506UP	C56X
5220	N506VL	A320
5223	N506VP	DIMO
5231	N506WC	SF50
523F	N506WS	SA30
5247	N506X	PA32
524A	N506XC	CC19
525D	N506XX	HAWK
5278	N506YZ	C210
5292	N5060	RV6
5294	N5060B	BE35
5295	N5060C	RV4
5299	N5060G	CH7B
529B	N5060J	BL8
529D	N5060L	CH7B
529E	N5060M	BL8
529F	N5060N	CH7A
52A2	N5060R	C185
52A4	N5060T	P28R
52A5	N5060U	BL8
52A6	N5060V	SR22
52A7	N5060W	P28A
52A8	N5060X	CH7A
52A9	N5060Y	PA23
52AA	N5060Z	PA22
52AB	N50600	B06
52AC	N50601	J3
52B1	N50606	C150
52B3	N50608	TAYD
52B5	N5061	SBOY
52B6	N5061A	C172
52B8	N5061C	C82S
52B9	N5061D	BL8
52BA	N5061E	CRER
52BC	N5061G	CH7B
52BF	N5061K	BL8
52C1	N5061M	TAYB
52C2	N5061N	BL8
52C4	N5061Q	C340
52C7	N5061T	P28R
52C8	N5061U	CH7B
52CB	N5061X	O1
52D2	N50614	C150
52D3	N50615	CH7B
52D4	N50616	CH7B
52D6	N50618	C150
52DA	N5062B	BE35
52DB	N5062C	BL8
52DC	N5062D	BL8
52DF	N5062G	CH7A
52E0	N5062H	BE35
52E1	N5062J	CH7A
52E2	N5062K	BL8
52E3	N5062L	CH7B
52E5	N5062N	CH7B
52E6	N5062P	BL8
52E8	N5062R	C172
52EB	N5062U	C206
52EC	N5062V	MOR2
52EF	N5062Y	BL8
52F0	N5062Z	PA22
52F2	N50621	C150
52F4	N50623	AT5T
52F5	N50624	C150
52F7	N50626	G164
52F9	N50628	C150
52FA	N50629	C150
52FE	N5063C	BE35
52FF	N5063D	CH7B
5302	N5063G	H500
5303	N5063H	C172
5306	N5063L	BL8
5308	N5063N	AT5T
530A	N5063Q	C310
530C	N5063S	P28R
530D	N5063T	P28A
530F	N5063V	MOR2
5310	N5063W	BL8
5311	N5063X	CH7A
5312	N5063Y	BL8
5313	N5063Z	PA22
5314	N50630	CH7B
5317	N50633	C150
531A	N50636	BL8
531B	N50637	P28A
531C	N50638	G164
5321	N5064C	PA23
5322	N5064D	C182
5325	N5064G	BL8
5326	N5064H	C172
5328	N5064K	CH7A
5330	N5064T	M20P
5331	N5064U	BL8
5332	N5064V	MOR2
5333	N5064W	BE36
5334	N5064X	CH7A
5336	N5064Z	PA22
5338	N50641	C150
533F	N50648	C208
5340	N50649	C150
5344	N5065C	BE35
5345	N5065D	C182
5346	N5065E	C180
5348	N5065G	BL8
5349	N5065H	PA11
534B	N5065K	CH7A
534D	N5065M	TAYB
534E	N5065N	CH7A
534F	N5065P	PA24
5351	N5065R	BE58
5356	N5065W	P28A
5357	N5065X	CH7A
5359	N5065Z	CH7B
535A	N50650	BE17
535C	N50652	C150
535E	N50654	J5
5364	N5066	GLID
5365	N5066A	C172
5367	N5066C	AT8T
5368	N5066D	C182
5369	N5066E	J3
536C	N5066H	C82S
536E	N5066K	CH7B
536F	N5066L	BL8
5372	N5066P	PA24
5373	N5066Q	C310
5374	N5066R	C172
5376	N5066T	P28R
537A	N5066X	CH7A
537F	N50662	WACC
5380	N50663	C150
5382	N50665	C150
5386	N50669	AT6T
5388	N5067A	C172
5389	N5067B	BE35
538A	N5067C	CH7A
538C	N5067E	C180
538E	N5067G	CH7B
5391	N5067K	BL8
5393	N5067M	TAYB
5396	N5067Q	C310
5398	N5067S	P28R
539C	N5067W	P28A
539D	N5067X	CH7A
53A0	N50670	AN2
53A2	N50672	C150
53A4	N50674	J5
53A6	N50676	C150
53A8	N50678	CH7B
53A9	N50679	C150
53AD	N5068C	BE35
53AE	N5068D	CH7B
53B1	N5068G	BL8
53B2	N5068H	PA11
53B4	N5068K	CH7A
53B5	N5068L	CH7B
53B8	N5068P	P32R
53B9	N5068Q	C310
53BC	N5068T	CH7B
53BD	N5068U	CH7A
53BF	N5068W	P28A
53C0	N5068X	CH7A
53C1	N5068Y	CH7A
53C8	N50685	ST75
53CB	N50688	C150
53CE	N5069A	C172
53D0	N5069C	BE35
53D3	N5069F	CH7A
53D4	N5069G	CH7B
53D5	N5069H	C172
53D9	N5069M	TAYB
53DE	N5069S	P28R
53DF	N5069T	BL8
53E0	N5069U	BL8
53E2	N5069W	P28A
53E3	N5069X	CH7A
53E7	N50691	C150
53E9	N50693	BN2P
53EA	N50694	J3
53ED	N50697	C150
53EE	N50698	J3
53EF	N50699	T34P
53F2	N507AA	FALC
53F6	N507AE	CRJ7
53F7	N507AF	P28A
53F9	N507AH	TBM7
53FB	N507AK	PA11
53FD	N507AM	AS50
5406	N507AW	GLID
5408	N507AY	A321
540B	N507BA	E550
540D	N507BC	TBM7
540F	N507BE	BE20
5413	N507BJ	B788
5416	N507BM	HUSK
5418	N507BP	BE40
541A	N507BR	SSTL
541F	N507BW	L11
5423	N507C	S108
5424	N507CA	CRJ2
5426	N507CC	MD60
542A	N507CG	FOX
5431	N507CP	SR22
5435	N507CT	FDCT
5443	N507DG	T206
5444	N507DH	CC11
5445	N507DJ	F2TH
5448	N507DM	C172
5449	N507DN	A359
544C	N507DR	C172
544D	N507DS	F2TH
544E	N507DT	G2T1
5454	N507DZ	A21N
5458	N507EC	C550
545B	N507EF	RV10
5465	N507ER	C172
546E	N507F	HUSK
546F	N507FA	AT6T
5479	N507FL	P28A
5487	N507G	P28A
5488	N507GA	B407
5489	N507GB	LNC2
548D	N507GF	BE20
5490	N507GJ	CRJ7
5492	N507GL	G2T1
5497	N507GR	C68A
54A0	N507H	RV7
54A2	N507HB	AT5T
54A8	N507HH	P210
54A9	N507HJ	HDJT
54AA	N507HK	Q9
54AE	N507HP	C25A
54B1	N507HS	R44
54BB	N507JB	PA23
54C4	N507JL	LEG2
54C5	N507JM	LGEZ
54C7	N507JP	AC50
54CB	N507JT	A320
54CD	N507JV	SW3
54D4	N507KB	SR22
54E1	N507KQ	K100
54FC	N507LS	PTS1
5505	N507MA	PA32
5507	N507MC	SR22
5509	N507ME	EC45
5512	N507MP	H500
551E	N507NA	COL3
5527	N507NK	A319
5539	N507PC	TAMP
553A	N507PD	C560
554B	N507PW	RV14
5560	N507QS	C68A
556B	N507RC	PC12
556F	N507RG	SA30
5570	N507RH	RV6
5573	N507RL	AT5T
5576	N507RP	G280
5579	N507RS	RV8
557D	N507RW	S22T
5582	N507SA	SF50
5584	N507SC	P28A
5585	N507SD	C182
5587	N507SF	C680
558F	N507SP	B407
5598	N507SY	E75L
559A	N507T	BE95
559D	N507TC	PA18
55A2	N507TH	PA34
55A3	N507TJ	B429
55AB	N507TS	C750
55AE	N507TV	H500
55D7	N507VL	A320
55E0	N507VV	C25A
55F1	N507WM	BE40
55FE	N507X	MONI
5614	N507XX	HAWK
5649	N5070	TL20
564B	N5070B	BE35
564D	N5070D	BL8
5650	N5070G	BL8
5651	N5070H	AT6T
5652	N5070J	BE58
5653	N5070K	T34P
5654	N5070L	PA18
5656	N5070N	BL8
5657	N5070P	PA24
565A	N5070S	AT3P
565C	N5070U	BL8
565D	N5070V	MOR2
565E	N5070W	G164
565F	N5070X	CH7A
5661	N5070Z	PA22
5665	N50703	C150
5666	N50704	C150
5668	N50706	C150
5669	N50707	J3
566A	N50708	J3
566D	N5071A	C172
566E	N5071B	BE35
566F	N5071C	BE35
5670	N5071D	C182
5672	N5071F	FH11
5674	N5071H	C172
5675	N5071J	C310
5676	N5071K	BL8
5677	N5071L	P28A
5681	N5071W	P28A
5683	N5071Y	PA23
5684	N5071Z	PA22
5685	N50710	J3
5688	N50713	H500
568C	N50717	C150
5690	N5072A	C172
5691	N5072B	BE35
5692	N5072C	C310
5695	N5072F	H500
5696	N5072G	C172
5697	N5072H	C172
5699	N5072K	COUR
569B	N5072M	TAYB
569D	N5072P	PA24
569F	N5072R	UH12
56A2	N5072U	C206
56A4	N5072W	P28A
56A7	N5072Z	PA22
56A8	N50720	C150
56A9	N50721	C150
56AD	N50725	AR6T
56AE	N50726	AR6T
56B0	N50728	C150
56B1	N50729	C150
56B4	N5073B	BE35
56B5	N5073C	B36T
56BB	N5073J	C310
56BE	N5073M	BE60
56BF	N5073N	C172
56C2	N5073R	C185
56C3	N5073S	AT3P
56C5	N5073U	O1
56C7	N5073W	O1
56C8	N5073X	UH1
56C9	N5073Y	O1
56CB	N50730	C150
56CC	N50731	O1
56CD	N50732	C150
56CF	N50734	C150
56D2	N50737	HIGH
56D3	N50738	AT6T
56D4	N50739	ST75
56D6	N5074A	O1
56D7	N5074B	O1
56D9	N5074D	C182
56DA	N5074E	C180
56DB	N5074F	CH7A
56DD	N5074H	O1
56DF	N5074K	P51
56E0	N5074L	H500
56E1	N5074M	BE23
56E3	N5074P	PA24
56E6	N5074S	P28R
56E7	N5074T	BE23
56EA	N5074W	P28A
56EB	N5074X	CH7B
56ED	N5074Z	O1
56F0	N50742	ST75
56F3	N50745	C150
56F5	N50747	C150
56F6	N50748	C150
56F7	N50749	C150
56F9	N5075A	O1
56FA	N5075B	BE35
56FD	N5075E	CH70
5702	N5075K	O1
5703	N5075L	AT5T
5704	N5075M	TAYB
5705	N5075N	O1
5706	N5075P	AT5T
5709	N5075S	O1
570A	N5075T	CHR1
570B	N5075U	O1
570D	N5075W	P28A
570E	N5075X	CH7B
570F	N5075Y	B36T
5710	N5075Z	PA22
5711	N50750	C150
5712	N50751	ST75
5715	N50754	ST75
571A	N50759	C150
571C	N5076A	C310
571E	N5076C	BE35
5720	N5076E	C180
572A	N5076Q	C310
572B	N5076R	C182
572C	N5076S	C310
572D	N5076T	BE23
5731	N5076X	CH7B
5733	N5076Z	PA22
5735	N50761	AT3T
5736	N50762	C172
573A	N50766	C150
573B	N50767	TAYD
573D	N50769	C150
573F	N5077A	C172
5741	N5077C	BE35
5742	N5077D	C182
5743	N5077E	C180
5747	N5077J	C310
5748	N5077K	C310
574A	N5077M	TAYB
574E	N5077R	C185
5750	N5077T	BE23
5753	N5077W	P28A
5754	N5077X	CH7A
5757	N50770	C77R
5758	N50771	C172
5759	N50772	C172
575B	N50774	C150
575E	N50777	C150
575F	N50778	CH7A
5762	N5078A	C172
5763	N5078B	RV4
5766	N5078E	BE65
5768	N5078G	BE65
576D	N5078M	P28B
576E	N5078N	BE65
576F	N5078P	PA24
5771	N5078R	C172
5774	N5078U	BE65
5777	N5078X	WACF
5779	N5078Z	PA22
577A	N50780	BE55
577B	N50781	C150
577E	N50784	J3
5787	N5079C	BE35
5789	N5079E	BE65
5790	N5079M	TAYB
5795	N5079S	AT3P
579B	N5079Y	PA23
579C	N5079Z	PA22
579D	N50790	C150
579F	N50792	C150
57A0	N50793	C150
57A3	N50796	GLID
57A6	N50799	C150
57A8	N508A	B14A
57AA	N508AB	LJ60
57AB	N508AC	C82S
57AC	N508AD	R22
57AD	N508AE	CRJ7
57AE	N508AF	P28A
57B2	N508AK	AT5T
57B4	N508AM	AS50
57B9	N508AS	B738
57BF	N508AY	A321
57C4	N508BC	B772
57C5	N508BD	P28A
57C9	N508BH	C208
57E0	N508CF	A109
57E4	N508CK	GLF5
57E5	N508CL	K900
57E6	N508CM	RV8
57E8	N508CP	EA50
57EA	N508CR	PA11
57EB	N508CS	R44
57F0	N508CX	R44
57F3	N508D	C140
57F4	N508DA	A21N
57F5	N508DB	LEG2
57F9	N508DF	BE36
57FA	N508DG	AT8T
57FB	N508DH	CRER
57FC	N508DJ	F2TH
57FD	N508DK	SR22
57FF	N508DM	PA11
5800	N508DN	A359
5808	N508DW	BE20
580C	N508E	C180
580D	N508EA	C25B
5814	N508EH	B212
5817	N508EL	C25C
581D	N508ES	SA30
5826	N508FA	SW4
582C	N508FG	C172
5831	N508FM	MT
5835	N508FR	SB20
583B	N508FX	CL35
5843	N508GE	BE20
5844	N508GF	BE20
5847	N508GJ	CRJ7
5848	N508GK	AT5T
5849	N508GL	G2T1
5859	N508HB	AT5T
5861	N508HK	Q9
5868	N508HS	R44
5871	N508JA	EA50
5872	N508JB	SR22
5874	N508JD	SR22
587B	N508JL	A320
587C	N508JM	C120
587E	N508JP	EA50
5880	N508JR	S2P
5881	N508JS	SR20
5889	N508K	AVTR
588D	N508KD	C560
58A1	N508KZ	B744
58A4	N508LB	B429
58A5	N508LC	S22T
58BC	N508MA	BE24
58BE	N508MC	B505
58C4	N508MJ	CRJ7
58C5	N508MK	CHR1
58C7	N508MM	F900
58CA	N508MQ	A320
58CD	N508MT	B407
58CF	N508MV	PC12
58D8	N508ND	C172
58DE	N508NK	A319
58EE	N508PA	DA42
58F0	N508PC	CL60
58F4	N508PG	SR20
58F5	N508PH	H500
58F9	N508PM	PAY4
590E	N508QH	KR2
5917	N508QS	C68A
5920	N508RA	SR22
5921	N508RB	C208
5925	N508RF	P28A
5927	N508RH	E145
5928	N508RJ	C208
592B	N508RM	SSTL
592C	N508RN	PRM1
592D	N508RP	G150
5935	N508RX	LJ45
5937	N508RZ	C650
5939	N508SA	SF50
593A	N508SB	S22T
593B	N508SC	PA11
593C	N508SD	C185
593E	N508SF	C68A
5946	N508SP	B407
5948	N508SR	LJ24
594F	N508SY	E75L
5951	N508T	CH7A
5952	N508TA	CRER
5954	N508TC	T210
5956	N508TE	ECHO
5959	N508TH	P28A
595A	N508TJ	B429
595F	N508TP	BE30
596B	N508UA	B752
597D	N508UU	PA23
5983	N508V	RV7
598C	N508VJ	SF50
598D	N508VK	COZY
598E	N508VL	A320
59A3	N508WG	C525
59A4	N508WH	SR22
59A7	N508WL	C170
59B8	N508XC	CC19
59BE	N508XJ	CL30
59C6	N508XS	B06
59CB	N508XX	HAWK
59CE	N508Y	PA31
59E2	N508YV	LJ35
5A01	N5080A	C172
5A02	N5080B	BE35
5A03	N5080C	C310
5A04	N5080D	C182
5A05	N5080E	C180
5A06	N5080F	CH7B
5A07	N5080G	BE65
5A08	N5080H	BE65
5A09	N5080J	C310
5A0B	N5080L	BE65
5A10	N5080R	BE36
5A14	N5080V	MOR2
5A15	N5080W	P28A
5A16	N5080X	CH7B
5A17	N5080Y	C82R
5A18	N5080Z	PA22
5A1E	N50805	C150
5A21	N50808	FA62
5A22	N50809	FA62
5A23	N5081	CORS
5A24	N5081A	C172
5A25	N5081B	BE35
5A26	N5081C	BE35
5A28	N5081E	BE36
5A32	N5081Q	C310
5A34	N5081S	P28R
5A36	N5081U	C172
5A38	N5081W	AT3P
5A3A	N5081Y	PA23
5A3B	N5081Z	PA22
5A42	N50816	C150
5A43	N50817	TAYD
5A44	N50818	C150
5A45	N50819	C150
5A47	N5082A	C172
5A48	N5082B	BE35
5A49	N5082C	BE35
5A4A	N5082D	C182
5A4B	N5082E	C185
5A4D	N5082G	C172
5A4E	N5082H	PA11
5A53	N5082N	TRDO
5A54	N5082P	PA24
5A56	N5082R	C172
5A5A	N5082V	MOR2
5A5B	N5082W	C172
5A5D	N5082Y	PA23
5A5E	N5082Z	PA22
5A61	N50822	C172
5A69	N5083	G164
5A6C	N5083C	C182
5A6F	N5083F	EFOX
5A71	N5083H	PA11
5A73	N5083K	C172
5A75	N5083M	AT6T
5A76	N5083N	C182
5A79	N5083R	C185
5A7B	N5083T	BT36
5A7C	N5083U	T34P
5A7E	N5083W	P210
5A7F	N5083X	CH7A
5A81	N5083Z	PA22
5A86	N50834	J3
5A88	N50836	C150
5A89	N50837	C150
5A8A	N50838	C172
5A8B	N50839	TAYD
5A8D	N5084A	C172
5A8F	N5084C	BE35
5A90	N5084D	C182
5A93	N5084G	S108
5A94	N5084H	PA11
5A98	N5084M	BE24
5A9B	N5084Q	RAF2
5A9C	N5084R	C172
5A9E	N5084T	ACAM
5A9F	N5084U	SPHA
5AA0	N5084V	SR22
5AA1	N5084W	P28A
5AA5	N50840	C150
5AA9	N50844	C150
5AAA	N50845	TAYD
5AAD	N50848	T206
5AB1	N5085B	C152
5AB3	N5085D	C182
5AB4	OY-UCA	C25A
5AB7	N5085H	PA11
5AB9	N5085K	C172
5ABB	N5085M	TAYB
5ABE	N5085Q	AT3T
5AC0	N5085S	P28R
5AC3	N5085V	MOR2
5AC4	N5085W	P28A
5AC5	N5085X	CH7A
5AC6	N5085Y	AVID
5AC8	N50850	C150
5ACC	N50854	C150
5AD0	N50858	C172
5AD3	N5086A	T210
5AD5	N5086C	C310
5AD6	N5086D	C182
5AD7	N5086E	C172
5ADA	N5086H	AT6T
5ADF	N5086N	C182
5AE2	N5086R	C172
5AE3	N5086S	P28R
5AE8	N5086X	CH7A
5AE9	N5086Y	COY2
5AEA	N5086Z	PA22
5AED	N50862	TAYD
5AEF	N50864	C172
5AF0	N50865	C150
5AF3	N50868	C150
5AF6	N5087A	C172
5AF7	N5087B	C182
5AF9	N5087D	C182
5AFA	N5087E	C172
5AFB	N5087F	P51
5AFF	N5087K	C172
5B00	N5087L	C152
5B06	N5087S	C182
5B0A	N5087W	P28A
5B0B	N5087X	CH7A
5B0C	N5087Y	PA18
5B0F	N50871	C150
5B11	N50873	PTS1
5B12	N50874	C150
5B14	N50876	C150
5B15	N50877	AT5T
5B1B	N5088C	PA30
5B1C	N5088D	C182
5B1D	N5088E	C185
5B20	N5088H	PA11
5B22	N5088K	C172
5B23	N5088L	C152
5B24	N5088M	P28B
5B25	N5088N	RV7
5B26	N5088P	PA24
5B27	N5088Q	C172
5B28	N5088R	C172
5B29	N5088S	P28R
5B2A	N5088T	BE19
5B2B	N5088U	C206
5B2C	N5088V	L13
5B30	N5088Z	PA22
5B38	N50887	C150
5B39	N50888	TAYD
5B3B	N5089	C175
5B3C	N5089A	C172
5B3E	N5089C	T210
5B3F	N5089D	C182
5B40	N5089E	C180
5B42	N5089G	C172
5B44	N5089J	C172
5B49	N5089P	C152
5B4C	N5089S	P28R
5B4F	N5089V	C182
5B51	N5089X	CH7A
5B52	N5089Y	PA23
5B55	N50891	C150
5B5A	N50896	C150
5B5E	N509	MG17
5B5F	N509A	RV9
5B61	N509AB	LJ60
5B62	N509AC	EC25
5B64	N509AE	CRJ7
5B65	N509AF	P28A
5B66	N509AG	MT
5B71	N509AT	C72R
5B74	N509AW	BE20
5B76	N509AY	A321
5B77	N509AZ	R44
5B79	N509BA	A5
5B7B	N509BC	B772
5B8D	N509BW	C182
5B91	N509C	S108
5B95	N509CD	SR22
5B96	N509CE	SR22
5B97	N509CF	A109
5B98	N509CG	H500
5B99	N509CH	EC45
5B9D	N509CM	SR22
5B9F	N509CP	SR22
5BA0	N509CQ	GLF4
5BA3	N509CT	FDCT
5BA7	N509CX	C750
5BAA	N509D	HUML
5BAC	N509DB	P28R
5BAE	N509DD	E55P
5BB2	N509DH	CRER
5BB6	N509DM	H25B
5BB7	N509DN	A359
5BB8	N509DP	C310
5BBA	N509DR	AS50
5BBB	N509DS	SS2T
5BBC	N509DT	A21N
5BC4	N509EA	O1
5BC6	N509EC	BEAR
5BC8	N509EE	E545
5BD3	N509ER	C172
5BDB	N509EZ	VEZE
5BE3	N509FG	C172
5BEA	N509FP	BE20
5BF2	N509FX	CL35
5BF8	N509GC	PA23
5BFB	N509GF	AT5T
5C00	N509GL	B407
5C08	N509GU	E135
5C0E	N509H	CC11
5C10	N509HB	AT5T
5C11	N509HC	TRDO
5C1F	N509HS	R44
5C28	N509JA	EA50
5C29	N509JB	A320
5C2C	N509JE	C208
5C2D	N509JF	T206
5C30	N509JJ	M600
5C33	N509JM	BE35
5C38	N509JS	UH1
5C43	N509KC	HIGH
5C4C	N509KM	R44
5C4E	N509KP	GLAS
5C55	N509KW	B763
5C62	N509LJ	SF50
5C75	N509MC	VTUR
5C7B	N509MJ	CRJ7
5C7E	N509MM	R44
5C82	N509MR	RV8
5C83	N509MS	COZY
5C84	N509MT	B407
5C86	N509MV	BE20
5C8F	N509ND	C172
5C95	N509NK	A319
5CA1	N509NX	PA34
5CA4	N509P	BE58
5CA7	N509PC	TAMP
5CA8	N509PD	B407
5CB0	N509PM	P46T
5CCE	N509QS	C68A
5CDD	N509RG	GLST
5CDE	N509RH	E145
5CE1	N509RL	AT5T
5CE4	N509RP	C550
5CE6	N509RR	SR22
5CE7	N509RS	C414
5CEA	N509RV	RV9
5CEB	N509RW	RV9
5CF2	N509SC	B06
5CF5	N509SF	C68A
5CF9	N509SK	GLID
5CFD	N509SP	C172
5D05	N509SX	SONX
5D06	N509SY	E75L
5D08	N509T	GLIM
5D0B	N509TC	M7
5D11	N509TJ	B429
5D1D	N509TW	PA18
5D21	N509U	TWEN
5D2F	N509UP	C56X
5D3A	N509V	G2T1
5D45	N509VL	A320
5D53	N509W	PA11
5D54	N509WA	PA11
5D56	N589WC	C25B
5D65	N509WT	T28
5D82	N509XX	HAWK
5D9E	N509Z	PA46
5DAC	N509ZP	AT8T
5DBB	N5090D	BE58
5DBC	N5090E	C172
5DC0	N5090J	RC3
5DC3	N5090M	BE76
5DC6	N5090Q	C152
5DC7	N5090R	C185
5DC8	N5090S	P28R
5DC9	N5090T	BE19
5DCA	N5090U	C206
5DCC	N5090W	P28A
5DCD	N5090X	CH7A
5DD1	N50901	T206
5DD4	N50904	C150
5DD6	N50906	C172
5DD9	N50909	C150
5DDD	N5091C	C303
5DDF	N5091E	C172
5DE2	N5091H	AT6T
5DE7	N5091N	AT5T
5DE8	N5091P	PA24
5DEB	N5091S	C182
5DEC	N5091T	C182
5DEE	N5091V	C210
5DEF	N5091W	P28A
5DF0	N5091X	CH7A
5DF4	N50911	C150
5DF7	N50914	C150
5DF8	N50915	C150
5DF9	N50916	VP2
5DFA	N50917	C172
5DFE	N5092A	C172
5E02	N5092E	C172
5E04	N5092G	AT5T
5E05	N5092H	PA11
5E07	N5092K	B06
5E09	N5092M	BE19
5E0E	N5092S	BE20
5E0F	N5092T	BE19
5E10	N5092U	GC1
5E16	N50920	C150
5E17	N50921	C150
5E1A	N50924	LNC2
5E1D	N50927	AT3T
5E22	N5093B	BE35
5E25	N5093E	C172
5E26	N5093F	RV8
5E2A	N5093K	C172
5E2F	N5093Q	C152
5E30	N5093R	C172
5E32	N5093T	BE19
5E38	N5093Z	PA22
5E3E	N50935	C172
5E3F	N50936	C150
5E40	N50937	T206
5E41	N50938	P32R
5E42	N50939	T206
5E48	N5094E	BE20
5E4B	N5094H	AT8T
5E4E	N5094L	C152
5E4F	N5094M	TAYB
5E52	N5094Q	PA15
5E53	N5094R	C172
5E54	N5094S	P28R
5E55	N5094T	BE23
5E5A	N5094Y	GLIM
5E5B	N5094Z	PA22
5E5D	N50941	C172
5E60	N50944	C172
5E63	N50947	C172
5E64	N50948	C150
5E66	N5095	BIPL
5E68	N5095B	BE35
5E6B	N5095E	C180
5E6E	N5095H	PA11
5E74	N5095P	C152
5E76	N5095R	C172
5E78	N5095T	BE23
5E7B	N5095W	P28A
5E86	N50957	C150
5E87	N50958	T206
5E8B	N5096B	BE35
5E8C	N5096C	C172
5E90	N5096G	C172
5E91	N5096H	C172
5E94	N5096L	C152
5E99	N5096R	BE58
5E9B	N5096T	P28A
5E9F	N5096X	CH7A
5EA0	N5096Y	AT6T
5EA1	N5096Z	PA22
5EA3	N50961	C77R
5EA4	N50962	TAYD
5EA6	N50964	TAYD
5EA9	N50967	C172
5EAA	N50968	C172
5EAE	N5097B	BE35
5EB1	N5097E	C172
5EB2	N5097F	J3
5EB5	N5097J	C310
5EBB	N5097Q	C310
5EBC	N5097R	C72R
5EC0	N5097V	C72R
5EC3	N5097Y	PA23
5EC9	N50974	TAYD
5ECA	N50975	C172
5ECB	N50976	C172
5EDC	N5098N	C182
5EDE	N5098Q	C340
5EDF	N5098R	C172
5EE2	N5098U	T210
5EE3	N5098V	C72R
5EE5	N5098X	CH7A
5EE6	N5098Y	UH12
5EE7	N5098Z	PA22
5EEA	N50982	TAYD
5EEC	N50984	C150
5EEF	N50987	C150
5EF0	N50988	C172
5EF1	N50989	C150
5EF4	N5099B	BE35
5EF5	N5099C	LGEZ
5EFA	N5099H	RV7
5EFC	N5099K	C172
5EFD	N5099L	TRDO
5EFE	N5099M	BE23
5EFF	N5099N	C182
5F00	N5099P	PA24
5F02	N5099R	C172
5F04	N5099T	P28A
5F06	N5099V	C72R
5F08	N5099X	CH7A
5F0A	N5099Z	PA22
5F0B	N50990	C150
5F0F	N50994	C150
5F10	N50995	C172
5F11	N50996	C150
5F15	N51	B350
5F16	N51A	ACAM
5F17	N51AA	S1
5F18	N51AB	P51
5F19	N51AC	C25C
5F1C	N51AF	PTS2
5F1D	N51AG	UH1
5F1E	N51AH	P32R
5F20	N51AK	T206
5F22	N51AM	M20P
5F24	N51AP	C340
5F26	N51AR	SS2P
5F29	N51AU	DA42
5F2B	N51AW	GA7
5F2F	N51B	BE40
5F30	N51BA	WAIX
5F33	N51BD	G115
5F37	N51BH	H60
5F38	N51BJ	RV6
5F39	N51BK	PA46
5F3A	N51BL	RV8
5F3D	N51BP	P28A
5F40	N51BS	P51
5F41	N51BT	C25B
5F43	N51BV	P51
5F44	N51BW	T210
5F47	N51BZ	RLU1
5F48	N51C	C25A
5F49	N51CA	C56X
5F4A	N51CB	BL8
5F4B	N51CC	BE95
5F4E	N51CF	EPIC
5F53	N51CL	BE60
5F54	N51CM	C210
5F58	N51CR	GLIM
5F5A	N51CT	M20P
5F5B	N51CU	C56X
5F5C	N51CV	C180
5F5D	N51CW	SR22
5F5E	N51CX	C340
5F5F	N51CY	P51
5F60	N51CZ	RV6
5F62	N51DA	C550
5F63	N51DB	PA34
5F64	N51DC	NG5
5F68	N51DG	HUSK
5F69	N51DH	P51
5F6A	N51DJ	PC12
5F6B	N51DK	P51
5F6C	N51DL	P51
5F6D	N51DM	AC95
5F6E	N51DN	BE9L
5F72	N51DS	PA24
5F73	N51DT	P51
5F74	N51DU	G2T1
5F75	N51DV	ERCO
5F76	N51DW	GLST
5F7A	N51E	E300
5F7B	N51EA	P51
5F7C	N51EB	BE40
5F7D	N51EC	BE36
5F7E	N51ED	BE35
5F7F	N51EE	G280
5F81	N51EG	RV6
5F85	N51EL	AEST
5F86	N51EM	C25C
5F88	N51EP	AEST
5F8A	N51ER	CH7B
5F8B	N51ES	C180
5F8C	N51ET	C140
5F8E	N51EV	LGEZ
5F8F	N51EW	P51
5F92	N51EZ	LGEZ
5F93	N51F	C25C
5F94	N51FA	C172
5F96	N51FC	SF50
5F97	N51FD	BE58
5F9A	N51FG	RV8
5F9E	N51FL	F8L
5F9F	N51FM	S22T
5FA0	N51FN	LJ35
5FA1	N51FP	DFLY
5FA3	N51FR	C182
5FA4	N51FS	J3
5FA5	N51FT	C501
5FA8	N51FW	J4
5FA9	N51FX	T51
5FAE	N51GB	C750
5FAF	N51GC	PA23
5FB1	N51GE	P51
5FB2	N51GF	PTS2
5FB5	N51GJ	LJ35
5FB6	N51GK	COL4
5FB7	N51GL	KR2
5FB8	N51GM	PRM1
5FB9	N51GN	C25A
5FBA	N51GP	P51
5FBD	N51GS	C25A
5FBE	N51GT	CH7A
5FC0	N51GV	MRAI
5FC2	N51GX	GX
5FC5	N51H	N3N
5FC6	N51HA	BE58
5FC7	N51HB	C510
5FC8	N51HC	PTS1
5FCB	N51HF	C206
5FCD	N51HH	H25B
5FCE	N51HJ	MIMU
5FD0	N51HL	TTWO
5FD1	N51HM	BE35
5FD5	N51HR	P51
5FD6	N51HS	RV9
5FD8	N51HU	HUSK
5FDC	N51HY	P51
5FDF	N51JA	TS11
5FE0	N51JB	P51
5FE1	N51JC	P51
5FE3	N51JE	GLAS
5FE4	N51JF	SA30
5FEB	N51JN	PA23
5FEE	N51JR	P51
5FF0	N51JT	P51
5FF2	N51JV	C650
5FF8	N51KA	BE95
5FF9	N51KB	P51
5FFA	N51KC	M700
5FFB	N51KD	P51
6000	N51KJ	COL4
6003	N51KM	PA31
6005	N51KP	BE60
6008	N51KS	MIMU
6009	N51KT	T6
600C	N51KW	P51
6010	N51L	SF50
6011	N51LA	SR22
6013	N51LC	LJ35
6018	N51LH	BL17
6019	N51LJ	T51
601B	N51LL	AA5
6022	N51LT	TAIL
6024	N51LV	RV8
6025	N51LW	P51
6029	N51M	P51
602A	N51MA	BE36
6031	N51MH	RV6
6032	N51MJ	RV6
6034	N51ML	BE36
6037	N51MP	GLID
6039	N51MR	P51
603A	N51MS	C172
603B	N51MT	BE58
603D	N51MV	P51
603F	N51MX	P51
6043	N51NA	P51
6046	N51ND	C560
604D	N51NL	A169
604F	N51NN	FDCT
6050	N51NP	HA4T
6057	N52NW	LJ35
6058	N51NX	ONEX
605E	N51PC	PTS1
605F	N51PD	EN28
6060	N51PE	P51
6061	N51PF	MUS2
6062	N51PG	P32R
6063	N51PH	C180
6069	N51PP	S22T
606B	N51PR	GLF4
606C	N51PS	PTS2
606D	N51PT	P51
606E	N51PU	PISI
606F	N51PV	BE33
6070	N51PW	RV6
6073	N51PZ	TLEG
6074	N51Q	B222
6086	N51QT	PA18
608C	N51QZ	C421
608D	N51R	C180
608E	N51RA	P28A
608F	N51RB	MA5
6090	N51RC	PA34
6094	N51RG	PTS1
6095	N51RH	P51
6096	N51RJ	BE35
6098	N51RL	PTS1
609B	N51RP	BE99
609E	N51RS	F86
609F	N51RT	P51
60A1	N51RV	RV3
60A3	N51RX	PC12
60A7	N51SA	C207
60A9	N51SC	ACAM
60AB	N51SE	GLEX
60AD	N51SG	PA18
60AF	N51SJ	PTS1
60B1	N51SL	PA18
60B2	N51SM	RV9
60B3	N51SN	PC12
60B4	N51SP	C182
60B6	N51SR	T33
60B8	N51ST	PTS1
60BB	N51SW	P28B
60BC	N51SX	SX30
60BE	N51SZ	BE20
60BF	N51T	P51
60C0	N51TA	NAVI
60C1	N51TB	TB20
60C2	N51TC	P51
60C4	N51TE	C680
60C5	N51TF	P51
60C7	N51TH	P51
60C9	N51TK	P51
60CA	N51TL	BDOG
60D1	N51TT	T34P
60D2	N51TU	KR2
60DC	N51UD	C172
60E3	N51UL	TBM7
60F6	N51VE	GLF5
60F7	N51VF	P51
60FB	N51VK	AA5
6102	N51VS	BPAT
6103	N51VT	C56X
610B	N51WA	BE33
610C	N51WB	P51
610D	N51WC	VEZE
610E	N51WD	CB1
610F	N51WE	P28R
6110	N51WF	AC90
6111	N51WG	RV6
6114	N51WK	LNC2
6115	N51WL	VP2
6116	N51WM	C337
6118	N51WP	BE36
611A	N51WR	ST75
611C	N51WT	C172
612C	N51XJ	SR22
612F	N51XM	M20T
6131	N51XP	RV8
6134	N51XS	LGEZ
6139	N51XX	BD5
613C	N51Y	T51
6140	N51YD	BE33
6147	N51YL	TBM7
614D	N51YS	P51
614E	N51YT	C182
6152	N51YX	WAIX
6155	N51Z	P51
6156	N51ZA	CH70
6159	N51ZD	U16
6161	N51ZM	P51
616A	N51ZW	P51
616F	N510A	B14A
6170	N510AA	C210
6171	N510AB	LJ60
6172	N510AC	EC25
6173	N510AD	PA23
6174	N510AE	CRJ7
617B	N510AM	MD82
617C	N510AN	FA7X
617F	N510AR	C82R
6181	N510AT	C510
6185	N510AX	A500
6187	N510AZ	C510
618C	N510BD	C510
618D	N510BE	C510
6190	N510BH	COY2
6195	N510BN	BN2P
619A	N510BT	C510
61A4	N510CC	PA31
61A5	N510CD	SR22
61A7	N510CF	C510
61A9	N510CH	BE35
61AA	N510CJ	C510
61AD	N510CM	GLAS
61AE	N510CN	C550
61AF	N510CP	B06
61B3	N510CT	F2TH
61BA	N510D	PA23
61BD	N510DC	C56X
61BE	N510DD	RV10
61BF	N510DE	A21N
61C3	N510DJ	C510
61C4	N510DK	SS2P
61C7	N510DN	A359
61CA	N510DR	P28R
61CB	N510DS	DA40
61CE	N510DV	C510
61CF	N510DW	C510
61D6	N510EC	C82R
61D8	N510EE	C510
61DF	N510EM	C510
61E3	N510ER	C510
61EC	N510F	C180
61ED	N510FA	C172
61F0	N510FD	C510
61F2	N510FF	C510
61FC	N510FR	GLF2
6202	N510FX	GLEX
6208	N510GC	PA23
620A	N510GE	C510
620C	N510GG	C510
620E	N510GJ	C510
6213	N510GP	C550
6216	N510GS	BE20
6219	N510GV	GLF5
621F	N510HA	C510
6221	N510HC	H500
6223	N510HE	SS2T
6226	N510HH	SS2T
622E	N510HR	HROC
622F	N510HS	C510
6238	N510JA	SS2T
6239	N510JB	A320
623A	N510JC	C550
623E	N510JG	R66
6241	N510JK	C510
6243	N510JM	C510
6244	N510JN	C560
6250	N510K	C510
6251	N510KA	C510
6252	N510KB	C510
6253	N510KC	PA46
6256	N510KF	C510
625A	N510KK	SS2T
625C	N510KM	C510
6261	N510KS	C82T
6262	N510KT	E120
6268	N510KZ	C510
626C	N510LC	R44
6272	N510LJ	SS2T
6274	N510LL	C510
6277	N510LP	C172
627A	N510LS	BL8
6283	N510MA	HUSK
6285	N510MC	SS2T
6289	N510MG	GLF4
628D	N510ML	COL4
628F	N510MN	B06
6290	N510MP	FA50
6292	N510MR	C510
6293	N510MS	C510
6294	N510MT	C510
6297	N510MW	C510
629B	N510N	ST75
629C	N510NA	AS50
629F	N510ND	C172
62A0	N510NE	C402
62A5	N510NK	A319
62B3	N510NZ	C510
62B4	N510P	PA34
62B5	N510PA	H500
62B6	N510PB	C510
62B7	N510PC	TAMP
62B8	N510PD	H500
62B9	N510PE	C510
62BD	N510PJ	H500
62BE	N510PK	C510
62BF	N510PL	SONX
62C4	N510PR	DHC3
62C6	N510PT	HDJT
62C9	N510PW	DHC2
62CA	N510PX	C510
62DE	N510QS	GLF5
62E9	N510RC	C56X
62EC	N510RF	C510
62EF	N510RJ	CH7B
62F1	N510RL	PIVI
62F2	N510RM	C510
62F4	N510RP	C510
62F7	N510RS	RV10
62FA	N510RV	RV10
6300	N510SA	C510
6303	N510SD	C650
6304	N510SE	E550
6307	N510SH	FB1A
6308	N510SJ	CRJ2
6309	N510SK	SR22
630A	N510SL	C82T
630B	N510SM	C421
630D	N510SP	GLF4
630F	N510SR	GLF6
6310	N510SS	SS2P
6312	N510SU	C150
6314	N510SW	C510
6316	N510SY	E75L
6318	N510T	SS2T
631B	N510TC	BE36
631D	N510TE	P28R
631E	N510TF	C340
6320	N510TH	P28R
6321	N510TJ	RV8
6322	N510TK	C56X
6323	N510TL	BE40
6328	N510TR	C82T
632A	N510TT	P51
632D	N510TW	C510
6332	N510UA	B752
6342	N510US	CC11
6346	N510UW	A321
634A	N510V	C310
6355	N510VL	A320
635C	N510VT	SAKO
6365	N510WB	ACR2
6366	N510WC	C510
6369	N510WF	T210
636A	N510WG	C510
636B	N510WH	C310
636F	N510WM	RV9
6371	N510WP	C510
6378	N510WW	UH1
637C	N510X	P28A
638A	N510XP	AT5T
63C0	N510ZT	SAKO
63C8	N5100A	C172
63CA	N5100C	BE35
63CB	N5100D	AT5T
63CC	N5100E	C172
63CD	N5100F	C172
63CE	N5100G	C172
63CF	N5100H	PA14
63D1	N5100K	NAVI
63D2	N5100L	P28A
63D5	N5100P	PA24
63D6	N5100Q	C152
63D8	N5100S	P28A
63D9	N5100T	P28R
63DB	N5100V	C72R
63DD	N5100X	C82T
63DF	N5100Z	PA22
63E8	N51008	C30J
63E9	N51009	C150
63ED	N5101C	SS2T
63F1	N5101G	P28A
63F2	N5101H	C152
63F6	N5101M	BE23
63F7	N5101N	C182
63FA	N5101R	BE19
63FB	N5101S	P28R
63FD	N5101U	C82T
63FF	N5101W	T6
6400	N5101X	CH7A
6405	N51012	AA5
640A	N51017	SCOR
640C	N51019	P46T
640E	N5102A	SS2T
6411	N5102D	C172
6412	N5102E	C172
6414	N5102G	P28A
6415	N5102H	PA14
6417	N5102K	NAVI
6418	N5102L	B47G
6419	N5102M	BE23
641A	N5102N	ST75
641E	N5102S	P28A
641F	N5102T	CH7B
6420	N5102U	C72R
6424	N5102Y	PA23
6429	N51023	C150
642B	N51025	U16
642C	N51026	RV3
642E	N51028	ST75
642F	N51029	C150
6430	N5103	T51
6431	N5103A	C172
6435	N5103E	C180
6437	N5103G	P28A
6438	N5103H	PA14
643D	N5103N	C172
6441	N5103S	P28A
6442	N5103T	CH7A
6443	N5103U	C72R
6444	N5103V	C72R
6446	N5103X	CH7A
6448	N5103Z	PA22
644D	N51034	ST75
644F	N51036	AVID
6450	N51037	AT6T
6452	N51039	J3
6456	N5104C	IS28
645C	N5104J	C172
645E	N5104L	P28A
6465	N5104T	CH7A
6467	N5104V	UH12
646B	N5104Z	PA22
646C	N51040	C150
6472	N51046	C150
6473	N51047	C150
6474	N51048	C150
6475	N51049	TAYD
6479	N5105C	BE35
647A	N5105D	C182
647B	N5105E	C180
647F	N5105J	C310
6482	N5105M	C152
6484	N5105P	C152
6485	N5105Q	C172
6486	N5105R	BE19
6487	N5105S	P28A
6488	N5105T	CH7A
648B	N5105W	P28A
648C	N5105X	CH7B
648D	N5105Y	T210
648E	N5105Z	PA22
6498	N51059	C150
649B	N5106B	C152
649C	N5106C	T210
649E	N5106E	MG23
64A1	N5106H	PA14
64A4	N5106L	P28A
64A5	N5106M	BE24
64A6	N5106N	ST75
64A9	N5106R	BE19
64AA	N5106S	C182
64AF	N5106X	DC3
64B0	N5106Y	H500
64B1	N5106Z	PA22
64B2	N51060	C150
64B4	N51062	ST75
64BA	N51068	C150
64BB	N51069	C150
64BE	N5107B	C152
64BF	N5107C	T210
64C0	N5107D	C182
64C1	N5107E	C180
64C2	N5107F	C172
64C4	N5107H	C172
64C7	N5107L	P28A
64C8	N5107M	BE23
64C9	N5107N	C172
64CD	N5107S	P28R
64D1	N5107W	P210
64D2	N5107X	FB1A
64D3	N5107Y	C82S
64D5	N51070	C172
64D9	N51074	C150
64DB	N51076	CH70
64DC	N51077	J3
64DE	N51079	T18
64E2	N5108C	BE35
64E3	N5108D	C182
64E4	N5108E	H500
64E5	N5108F	C172
64E8	N5108J	C172
64EA	N5108L	C152
64EE	N5108Q	T206
64F1	N5108T	C185
64F4	N5108W	P28A
64F7	N5108Z	PA22
64F8	N51080	A660
64F9	N51081	C172
6500	N51088	C150
6504	N5109B	C152
6505	N5109C	BE35
6506	N5109D	C182
650A	N5109H	AT5T
650C	N5109K	NAVI
650E	N5109M	TAYB
6510	N5109P	PA24
6511	N5109Q	T210
6518	N5109X	CH7A
651B	N51090	FA62
651D	N51092	C172
6521	N51096	T206
6522	N51097	C150
6526	N511A	B14A
6528	N511AB	C550
652B	N511AE	CRJ7
652D	N511AG	PA32
6532	N511AM	MU2
6537	N511AS	AEST
6538	N511AT	SR22
653F	N511B	SR22
6540	N511BA	GLID
6542	N511BC	E55P
6545	N511BF	PC12
6547	N511BH	H269
654D	N511BP	SF50
6550	N511BS	P28A
6554	N511BW	L11
6555	N511BX	BE20
6557	N511BZ	F5
6558	N511C	BE36
6559	N511CA	AC11
655A	N511CB	PC12
655C	N511CD	SR22
655E	N511CF	BE58
6561	N511CJ	H25B
6564	N511CM	DHC2
6566	N511CP	CH75
6568	N511CR	EPIC
6569	N511CS	GLID
656D	N511CW	C180
6570	N511CZ	M20T
6571	N511D	BE30
6573	N511DB	GLF6
6574	N511DC	T206
6575	N511DD	CL60
6576	N511DE	A21N
6577	N511DF	BE58
657B	N511DK	FOX
657D	N511DM	AA5
657E	N511DN	A359
657F	N511DP	BE20
6586	N511DW	C82T
658A	N511E	C172
658D	N511EC	C25A
6590	N511EF	BE30
659A	N511ER	C172
659E	N511EV	B214
65A0	N511EX	C208
65A2	N511EZ	VEZE
65A3	N511F	BE95
65AA	N511FG	LJ45
65AE	N511FL	FA20
65B9	N511FX	CL35
65BE	N511GB	SF50
65C5	N511GJ	CRJ7
65C6	N511GK	C172
65C7	N511GL	G2T1
65C8	N511GM	C150
65D7	N511HB	AT5T
65E3	N511HP	T206
65E6	N511HS	C25C
65EE	N511J	CAMP
65F0	N511JB	C185
65F1	N511JC	H25B
65F2	N511JD	C208
65F4	N511JF	C680
65F5	N511JG	CH60
65F6	N511JH	CH7B
65F8	N511JK	RV6
65F9	N511JL	C56X
65FE	N511JR	P32R
65FF	N511JS	GA5C
6607	N511K	PA11
6608	N511KA	GLF4
660A	N511KC	P32R
660B	N511KD	LJ31
6618	N511KS	E55P
661A	N511KU	RV10
661B	N511KV	BE9L
6621	N511LA	AT5T
6623	N511LC	R44
662B	N511LL	PC12
6639	N511M	GLID
663A	N511MA	P32R
663B	N511MB	C310
663D	N511MD	C510
663F	N511MF	PTS2
6640	N511MG	RV4
6641	N511MH	C180
6643	N511MK	H269
6645	N511MM	RV12
6647	N511MP	C172
664A	N511MS	M20P
664B	N511MT	B407
6652	N511N	CRBN
6655	N511NC	H500
6656	N511ND	C172
666B	N511P	PTS2
666D	N511PB	CC11
666E	N511PC	TAMP
6672	N511PG	SR20
6674	N511PJ	PA31
6675	N511PK	GLF2
6677	N511PM	C206
6678	N511PN	RV12
667B	N511PR	RV7
667C	N511PS	BE30
667D	N511PT	C172
6687	N511QC	CH70
6695	N511QS	C68A
669E	N511RA	BE36
66A1	N511RD	GLIM
66A3	N511RF	P28A
66A8	N511RL	T206
66AB	N511RP	CRER
66AE	N511RS	FA50
66AF	N511RT	SR20
66B9	N511SC	AS50
66BB	N511SE	SR22
66BD	N511SG	SA30
66BE	N511SH	H500
66C0	N511SK	S22T
66C1	N511SL	A119
66C2	N511SM	SAVG
66C3	N511SN	GLID
66C4	N511SP	BE36
66C6	N511SR	SR22
66C8	N511ST	RV7
66CC	N511SX	SR20
66CD	N511SY	E75L
66CE	N511SZ	GLID
66CF	N511T	EFOX
66D0	N511TA	BE20
66D1	N511TB	S22T
66D2	N511TC	C25A
66D4	N511TE	BE55
66D6	N511TG	RV4
66E1	N511TT	C77R
66E4	N511TW	GLIM
66F6	N511UP	C56X
66FD	N511UW	EC35
6702	N511VA	MD60
670C	N511VL	A320
670D	N511VM	BE95
671A	N511W	C182
6724	N511WK	E50P
6726	N511WM	BE9L
672B	N511WS	C501
672C	N511WT	E50P
6733	N511X	GLID
6749	N511XX	HAWK
674C	N511Y	GLID
677D	N511ZZ	LNCE
677E	N5110	T51
677F	N5110A	C172
6781	N5110C	AR11
6782	N5110D	C182
6783	N5110E	C180
6785	N5110G	P28A
6786	N5110H	PA14
6787	N5110J	C310
678A	N5110M	TAYB
678C	N5110P	PA24
678F	N5110S	AT3T
6791	N5110U	C206
6794	N5110X	CH7B
6795	N5110Y	P28A
6796	N5110Z	AT8T
6799	N51102	C150
679A	N51103	C150
679B	N51104	B789
679C	N51105	C150
679D	N51106	C150
679F	N51108	C150
67A0	N51109	C172
67A1	N5111	PZ04
67A2	N5111A	AT6T
67A3	N5111B	PTSS
67A8	N5111G	C182
67AA	N5111J	C310
67AB	N5111K	NAVI
67AD	N5111M	TAYB
67AF	N5111P	BE9L
67B1	N5111R	BE19
67B2	N5111S	P28A
67B7	N5111X	CH7A
67B8	N5111Y	P28A
67B9	N5111Z	PA22
67BB	N51111	J3
67BD	N51113	C150
67BE	N51114	UH1
67BF	N51115	C150
67C0	N51116	C150
67C3	N51119	J3
67C7	N5112C	BE35
67C9	N5112E	C180
67CB	N5112G	C182
67CC	N5112H	PA14
67CD	N5112J	C170
67CF	N5112L	P28A
67D0	N5112M	TAYB
67D1	N5112N	C182
67D6	N5112T	CH7A
67D8	N5112V	MOR2
67D9	N5112W	P28A
67DE	N51121	BE17
67E1	N51124	C150
67E3	N516BS	LJ60
67E4	N51127	M4
67E6	N51129	J3
67E8	N5113A	B738
67E9	N5113B	YK52
67EC	N5113E	HIGH
67ED	N5113F	C172
67EE	N5113G	PA15
67EF	N5113H	AVID
67F0	N5113J	C172
67F2	N5113L	P28A
67F3	N5113M	TAYB
67F7	N5113R	BE19
67F9	N5113T	CH7A
67FD	N5113X	CH7A
67FF	N5113Z	PA22
6803	N51133	C150
6804	N51134	C150
6805	N51135	C150
6806	N51136	C150
680E	N5114D	C182
680F	N5114E	C180
6812	N5114H	PA14
6813	N5114J	T206
6814	N5114K	C172
6815	N5114L	P28A
6816	N5114M	TAYB
6817	N5114N	ST75
6818	N5114P	PA24
6819	N5114Q	T210
681A	N5114R	BE19
681B	N5114S	P28R
681C	N5114T	CH7B
681D	N5114U	C72R
6820	N5114X	BE58
6821	N5114Y	AR15
6822	N5114Z	C172
6827	N51144	SA30
682A	N51147	C150
682C	N51149	COY2
682F	N5115B	C172
6830	N5115C	P32R
6831	N5115D	T6
6832	N5115E	C172
6833	N5115F	C172
6834	N5115G	RS12
6835	N5115H	BE9L
683A	N5115N	C182
683B	N5115P	PA24
683C	N5115Q	RV10
683D	N5115R	BE23
683E	N5115S	P28R
683F	N5115T	CH7B
6841	N5115V	MOR2
6843	N5115X	CH7A
6845	N5115Z	PA22
684C	N51156	C150
684D	N51157	PA34
6851	N5116A	C172
6852	N5116B	C172
6854	N5116D	C182
6856	N5116F	C172
6858	N5116H	PA14
6859	N5116J	C172
685A	N5116K	NAVI
685B	N5116L	P28A
685C	N5116M	BE76
685F	N5116Q	C152
6860	N5116R	BE23
6861	N5116S	P28A
686B	N51162	C150
686C	N51163	C172
686E	N51165	C150
6870	N51167	C150
6871	N51168	C150
6872	N51169	Y18T
6876	N5117C	BE35
6877	N5117D	C182
6878	N5117E	C172
687A	N5117G	C150
687E	N5117L	P28A
6881	N5117P	PA24
6882	N5117Q	C172
6885	N5117T	C182
6888	N5117W	P28A
688B	N5117Z	PA22
688C	N51170	C150
688D	N51171	C150
688F	N51173	FA62
6890	N51174	C150
6893	N51177	C150
6894	N51178	C172
6896	N5118	WACO
6897	N5118A	C172
6899	N5118C	BE35
689E	N5118H	PA14
68A2	N5118M	TAYB
68A3	N5118N	ST75
68A4	N5118P	PA24
68A8	N5118T	FOX
68AA	N5118V	C172
68AC	N5118X	GLST
68AE	N5118Z	PA22
68B5	N51186	C150
68B7	N51188	C150
68B8	N51189	C150
68BF	N5119F	A660
68C0	N5119G	AT5T
68C1	N5119H	PA14
68C4	N5119L	PA12
68C5	N5119M	COY2
68C7	N5119P	PA24
68CB	N5119T	CH7A
68CC	N5119U	C206
68CE	N5119W	P28A
68CF	N5119X	T206
68D0	N5119Y	T210
68D7	N51195	C150
68D8	N51196	C150
68DA	N51198	C82T
68DB	N51199	RV12
68DC	N512	MIMU
68DD	N512A	B14A
68E0	N512AC	CH7B
68E2	N512AE	CRJ7
68E3	N512AF	P28A
68E4	N512AG	M20T
68E9	N512AM	SR20
68EB	N512AP	SR22
68ED	N512AR	DHC6
68EE	N512AS	B738
68EF	N512AT	C210
68F2	N512AW	SR22
68F7	N512BA	YK12
68F8	N512BB	PC12
68F9	N512BC	PA11
68FA	N512BD	BE35
690B	N512BW	AA5
690E	N512BZ	F5
690F	N512C	P32R
6912	N512CC	GLF4
6913	N512CD	SR22
6917	N512CH	PA11
6918	N512CJ	CJ6
691C	N512CN	CH65
691D	N512CP	SR22
6920	N512CS	P28R
6921	N512CT	C72R
6925	N512CX	C750
692A	N512DB	CL60
692B	N512DC	BE30
692D	N512DE	A21N
692F	N512DG	GLIM
6930	N512DH	C208
6932	N512DK	PC12
6934	N512DM	TBM7
6935	N512DN	A359
6936	N512DP	C82S
693D	N512DW	E300
6952	N512ES	CH70
6955	N512EV	B214
6957	N512EX	C208
6959	N512EZ	P32R
695A	N512F	BE40
695D	N512FC	GA8
6961	N512FG	T206
6962	N512FH	DR1
6965	N512FL	P28A
6970	N512FX	CL35
6974	N512GA	GLF5
697E	N512GL	GL7T
6984	N512GS	R22
6985	N512GT	T210
6987	N512GV	GLF5
698D	N512HA	C750
698F	N512HC	RV9
6995	N512HJ	SR22
6996	N512HK	Q9
699A	N512HP	C340
69A6	N512JA	T51
69A8	N512JC	H25B
69AD	N512JH	RV9
69AE	N512JJ	C421
69B1	N512JM	RV9
69B2	N512JN	MD11
69B6	N512JS	BE36
69BA	N512JW	P51
69BE	N512K	C414
69CA	N512KM	C182
69CF	N512KS	F900
69D8	N512LA	AT8T
69DA	N512LC	B06
69DB	N512LD	A109
69DC	N512LE	R44
69E0	N512LJ	HIGH
69E2	N512LL	C56X
69E7	N512LR	M5
69F0	N512M	GLAS
69F1	N512MA	P28A
69F2	N512MB	EA50
69F3	N512MC	S22T
69F4	N512MD	S22T
69F5	N512ME	B350
69FC	N512MM	P46T
69FE	N512MP	AT5T
6A01	N512MS	P28A
6A02	N512MT	B407
6A0D	N512ND	C172
6A10	N512NG	PC12
6A22	N512P	PTMS
6A23	N512PA	B212
6A29	N512PG	CH7A
6A2B	N512PJ	H500
6A2D	N512PL	PA11
6A2E	N512PM	GLF4
6A33	N512PS	COL4
6A34	N512PT	P28A
6A36	N512PV	J3
6A4C	N512QS	C68A
6A54	N512R	C150
6A55	N512RA	PC24
6A58	N512RD	S22T
6A5C	N512RH	RV10
6A5D	N512RJ	GLF4
6A5E	N512RK	RV6
6A5F	N512RL	B06
6A60	N512RM	EVOT
6A62	N512RP	COL4
6A65	N512RS	RV6
6A66	N512RT	R44
6A68	N512RV	RV12
6A6D	N512S	T18
6A6E	N512SA	UH1
6A6F	N512SB	P210
6A70	N512SC	B06
6A72	N512SE	T6
6A73	N512SF	AC11
6A74	N512SG	RV12
6A75	N512SH	NAVI
6A77	N512SK	RV12
6A7D	N512SR	A320
6A7F	N512ST	PULS
6A81	N512SV	RV12
6A84	N512SY	E75L
6A86	N512T	PA46
6A8F	N512TJ	COY2
6A92	N512TM	C172
6A94	N512TP	B407
6A96	N512TR	SR22
6A97	N512TS	COL4
6A9B	N512TW	T210
6A9F	N512U	P32R
6AA0	N512UA	B752
6AAD	N512UP	C56X
6AB1	N512UT	S22T
6AB8	N512V	COL4
6ABA	N512VB	B407
6AC3	N512VL	A320
6AD1	N512W	RV6
6AD3	N512WB	PC12
6AD4	N512WC	H25B
6AD7	N512WF	EC35
6AD8	N512WG	BEAR
6ADC	N512WL	CH70
6AEA	N512X	COL4
6AEB	N512XA	AJET
6B00	N512XX	PA11
6B2C	N512ZR	SPHA
6B36	N5120A	C172
6B3A	N5120E	AT3T
6B3B	N5120F	C172
6B3C	N5120G	P28A
6B3D	N5120H	C152
6B40	N5120L	P28A
6B45	N5120R	BE95
6B46	N5120S	P28A
6B47	N5120T	CH7A
6B49	N5120V	C210
6B4A	N5120W	P28A
6B4B	N5120X	T206
6B50	N51202	C172
6B52	N51204	C172
6B54	N51206	C150
6B55	N51207	M4
6B57	N51209	C150
6B58	N5121	SAKO
6B5F	N5121G	P28A
6B60	N5121H	PA14
6B62	N5121K	RV4
6B67	N5121Q	C172
6B69	N5121S	P28A
6B6A	N5121T	CH7A
6B6D	N5121W	P28A
6B6F	N5121Y	SBOY
6B70	N5121Z	PA22
6B72	N51211	CVLP
6B73	N51212	ST75
6B74	N51213	C172
6B77	N51216	T206
6B7A	N51219	C150
6B7D	N5122B	C152
6B80	N5122E	C180
6B81	N5122F	C172
6B85	N5122K	NAVI
6B86	N5122L	P28A
6B87	N5122M	TAYB
6B88	N5122N	C182
6B89	N5122P	C152
6B8A	N5122Q	T210
6B8B	N5122R	C172
6B8C	N5122S	P28A
6B8D	N5122T	TRDO
6B8E	N5122U	C172
6B90	N5122W	P28A
6B93	N5122Z	PA22
6B94	N51220	C150
6B95	N51221	C172
6B96	N51222	C172
6B97	N51223	C150
6B98	N51224	C150
6B99	N51225	C150
6B9D	N51229	M4
6B9E	N5123	FA50
6B9F	N5123A	C172
6BA0	N5123B	PULS
6BA7	N5123J	C172
6BA8	N5123K	NAVI
6BAA	N5123M	TAYB
6BAB	N5123N	ST75
6BAE	N5123R	C172
6BB0	N5123T	CH7B
6BB1	N5123U	AT8T
6BB3	N5123W	P28A
6BB5	N5123Y	SR22
6BB9	N51232	C150
6BBB	N51234	FOX
6BBD	N51236	C172
6BBF	N51238	C172
6BC1	N5124	CAMP
6BC3	N5124B	C152
6BC4	N5124C	BE35
6BC6	N5124E	C172
6BC9	N5124H	PA14
6BCB	N5124K	NAVI
6BCC	N5124L	P28A
6BCE	N5124N	C182
6BCF	N5124P	AT3T
6BD1	N5124R	C172
6BD2	N5124S	P28R
6BD3	N5124T	CH7A
6BD6	N5124W	P210
6BD9	N5124Z	PA22
6BDA	N51240	C172
6BE1	N51247	SKRA
6BE3	N51249	C172
6BE4	N5125	AS50
6BE6	N5125B	C152
6BE8	N5125D	C172
6BE9	N5125E	C180
6BEA	N5125F	C172
6BEB	N5125G	C172
6BF0	N5125M	BE23
6BF1	N5125N	C182
6BF2	N5125P	PA24
6BF3	N5125Q	H500
6BF5	N5125S	P28R
6BF6	N5125T	C182
6BF9	N5125W	P28A
6BFA	N5125X	GLAS
6BFB	N5125Y	PA23
6BFE	N51251	C150
6C01	N51254	C172
6C02	N51255	CVLP
6C03	N51256	C150
6C04	N51257	C150
6C05	N51258	C150
6C0A	N5126C	BE35
6C0B	N5126D	C182
6C0C	N5126E	C172
6C0D	N5126F	C172
6C0E	N5126G	C172
6C0F	N5126H	PA14
6C10	N5126J	C172
6C12	N5126L	P28A
6C15	N5126P	PA24
6C16	N5126Q	C172
6C17	N5126R	C172
6C18	N5126S	P28A
6C19	N5126T	CH7A
6C1B	N5126V	C72R
6C1C	N5126W	P28A
6C1F	N5126Z	PA22
6C23	N51263	FA62
6C26	N51266	C150
6C2C	N5127B	AT5T
6C2D	N5127C	RAF2
6C2F	N5127E	C180
6C30	N5127F	C172
6C32	N5127H	C172
6C33	N5127J	A660
6C34	N5127K	AVID
6C36	N5127M	A660
6C37	N5127N	C182
6C39	N5127Q	T210
6C3A	N5127R	C172
6C3B	N5127S	P28A
6C3D	N5127U	C206
6C3E	N5127V	MOR2
6C3F	N5127W	T206
6C41	N5127Y	PA18
6C42	N5127Z	PA18
6C46	N51273	M4
6C47	N51274	RV9
6C48	N51275	C150
6C4C	N51279	RV10
6C4F	N5128B	C72R
6C51	N5128D	C172
6C52	N5128E	C180
6C54	N5128G	P28A
6C55	N5128H	C82R
6C58	N5128L	P28A
6C5A	N5128N	AT3T
6C5B	N5128P	PA24
6C5D	N5128R	C172
6C5E	N5128S	P28A
6C5F	N5128T	A660
6C61	N5128V	MOR2
6C65	N5128Z	PA22
6C67	N51281	ST75
6C68	N51282	T206
6C6A	N51284	C150
6C6B	N51285	C150
6C6D	N51287	C150
6C74	N5129D	C182
6C75	N5129E	C82R
6C78	N5129H	C172
6C79	N5129J	SR20
6C7B	N5129L	A660
6C7C	N5129M	TAYB
6C7D	N5129N	H500
6C7F	N5129Q	C172
6C81	N5129S	P28A
6C84	N5129V	MOR2
6C85	N5129W	P28A
6C86	N5129X	CH7A
6C87	N5129Y	PA12
6C8B	N51292	C150
6C8E	N51295	C172
6C8F	N51296	FA62
6C90	N51297	C172
6C93	N513	P337
6C94	N513A	DA40
6C97	N513AC	SF50
6C98	N513AD	AT3T
6C99	N513AE	CRJ7
6C9A	N513AF	P28A
6C9B	N513AG	EDGE
6C9E	N513AK	COY2
6C9F	N513AL	C25C
6CA5	N513AS	B738
6CAE	N513BA	AA1
6CB0	N513BC	LEG2
6CB2	N513BE	H25B
6CBF	N513BT	BE9L
6CC2	N513BW	RV7
6CC8	N513CB	P28A
6CC9	N513CC	C56X
6CCA	N513CD	SF50
6CCC	N513CF	SONX
6CD2	N513CM	SR22
6CD7	N513CS	E545
6CDB	N513CW	P32R
6CDE	N513CZ	M20P
6CDF	N513D	C340
6CE0	N513DA	A21N
6CE6	N513DG	GLIM
6CE7	N513DH	ACAM
6CE8	N513DJ	F2TH
6CEA	N513DL	GL5T
6CEB	N513DM	MU2
6CEC	N513DN	RV6
6CED	N513DP	COZY
6CEF	N513DR	M20P
6CF0	N513DS	DA40
6CF1	N513DT	RS20
6CF7	N513DZ	A359
6D08	N513ER	C172
6D22	N513FS	C421
6D27	N513FX	CL35
6D44	N513HA	UH12
6D45	N513HB	AT5T
6D51	N513HP	T206
6D54	N513HS	F900
6D55	N513HT	H500
6D5C	N513J	RV4
6D5E	N513JB	C750
6D5F	N513JC	BIPL
6D63	N513JG	VR7
6D64	N513JH	FOX
6D68	N513JM	BE9L
6D69	N513JN	C421
6D6A	N513JP	S22T
6D79	N513KD	F2TH
6D81	N513KM	C82S
6D8B	N513KX	BE58
6D8F	N513LA	R44
6D91	N513LC	B06
6D96	N513LH	BE20
6D97	N513LJ	RV12
6D9C	N513LP	R22
6D9E	N513LR	H25C
6D9F	N513LS	GLF4
6DA7	N513M	MIMU
6DA8	N513MA	GLF5
6DAA	N513MC	C82T
6DAE	N513MG	G280
6DB0	N513MJ	CRJ7
6DB3	N513MM	PA18
6DB7	N513MR	PULS
6DB8	N513MS	P28A
6DB9	N513MT	B407
6DBC	N513MW	C25M
6DC4	N513ND	C172
6DC7	N513NG	SF50
6DD3	N513NU	PA25
6DDA	N513PA	SR20
6DDB	N513PB	SAKO
6DDC	N513PC	TBM9
6DDD	N513PD	B06
6DDF	N513PF	TS11
6DE2	N513PJ	H500
6DE7	N513PP	RV8
6DEA	N513PS	PC24
6DEB	N513PT	BE35
6DEC	N513PU	P28A
6DF1	N513PZ	S22T
6E03	N513QS	C68A
6E0B	N513R	BE35
6E0D	N513RB	GALX
6E14	N513RJ	RV6
6E17	N513RM	AA5
6E1C	N513RS	WACF
6E1D	N513RT	GLAS
6E1F	N513RV	C25A
6E24	N513S	C172
6E26	N513SB	M20P
6E27	N513SC	C182
6E2D	N513SJ	C421
6E2E	N513SK	FA50
6E31	N513SN	MD11
6E32	N513SP	C172
6E34	N513SR	SR22
6E36	N513ST	COL3
6E3B	N513SY	E75L
6E3E	N513TA	ECHO
6E41	N513TD	C82S
6E43	N513TF	GL5T
6E48	N513TL	R44
6E49	N513TM	LEG2
6E4D	N513TR	RV3
6E4E	N513TS	C650
6E52	N513TW	SR22
6E7A	N513VL	A320
6E7B	N513VM	C82S
6E83	N513VV	C56X
6E88	N513W	SR22
6E8B	N513WC	S22T
6E8E	N513WF	C172
6E92	N513WK	GLIM
6E9A	N513WT	C551
6EA4	N513XC	CC19
6EAF	N513XP	BE40
6EBA	N513Y	G164
6ED2	N513YZ	S22T
6ED3	N513Z	SR22
6EDF	N513ZM	M20P
6EED	N5130A	T210
6EEF	N5130C	BE35
6EF1	N5130E	C172
6EF2	N5130F	C172
6EF4	N5130H	PA14
6EF6	N5130K	NAVI
6EF7	N5130L	P28A
6EF8	N5130M	TAYB
6EF9	N5130N	C182
6EFA	N5130P	PA24
6EFC	N5130R	C172
6EFD	N5130S	P28B
6EFE	N5130T	CH7B
6F01	N5130W	P28A
6F02	N5130X	BE35
6F03	N5130Y	T210
6F05	N51300	C77R
6F09	N51304	C150
6F0B	N51306	C150
6F10	N5131A	C172
6F14	N5131E	C172
6F15	N5131F	C172
6F19	N5131K	NAVI
6F1A	N5131L	P28A
6F1C	N5131N	C182
6F1E	N5131Q	T210
6F1F	N5131R	C172
6F20	N5131S	P28R
6F21	N5131T	C82R
6F24	N5131W	P28A
6F25	N5131X	CH7B
6F27	N5131Z	PA22
6F2B	N51313	C172
6F2C	N51314	C150
6F2E	N51316	C150
6F32	N5132	WACO
6F35	N5132C	T210
6F37	N5132E	C180
6F3A	N5132H	C172
6F3C	N5132K	NAVI
6F3D	N5132L	P28A
6F3E	N5132M	TAYB
6F3F	N5132N	ST75
6F40	N5132P	PA24
6F41	N5132Q	C172
6F42	N5132R	C172
6F43	N5132S	P28A
6F45	N5132U	C72R
6F47	N5132W	P28A
6F48	N5132X	CH7B
6F49	N5132Y	H500
6F4E	N51323	C150
6F50	N51325	C172
6F51	N51326	C150
6F52	N51327	C150
6F53	N51328	C150
6F55	N5133	VJ22
6F56	N5133A	C172
6F58	N5133C	BE35
6F59	N5133D	C182
6F5D	N5133H	PA14
6F5F	N5133K	C172
6F60	N5133L	P28A
6F63	N5133P	PA24
6F64	N5133Q	C172
6F65	N5133R	C82R
6F66	N5133S	P28A
6F67	N5133T	CH7B
6F68	N5133U	H500
6F69	N5133V	MOR2
6F6E	N51330	C172
6F71	N51333	C150
6F72	N51334	C150
6F73	N51335	AVID
6F75	N51337	C150
6F78	N5134	BIPL
6F7A	N5134B	C82S
6F7B	N5134C	C414
6F7C	N5134D	C182
6F7F	N5134G	C172
6F80	N5134H	PA14
6F82	N5134K	C172
6F83	N5134L	P28A
6F84	N5134M	TAYB
6F88	N5134R	C172
6F8A	N5134T	CH7B
6F8C	N5134V	H500
6F8D	N5134W	P210
6F94	N51343	C150
6F96	N51345	C150
6F98	N51347	C150
6F9D	N5135B	C170
6FA0	N5135E	C172
6FA2	N5135G	C172
6FA3	N5135H	PA14
6FA8	N5135N	SPHA
6FA9	N5135P	C172
6FAA	N5135Q	C172
6FAC	N5135S	P28A
6FAD	N5135T	CH7A
6FAE	N5135U	C172
6FB2	N5135Y	EXEC
6FB7	N51353	SRAI
6FB8	N51354	T50
6FC1	N5136C	C172
6FC2	N5136D	C172
6FC3	N5136E	C172
6FC6	N5136H	PA14
6FC8	N5136K	NAVI
6FC9	N5136L	P28A
6FCB	N5136N	C182
6FCC	N5136P	PA24
6FD1	N5136U	C72R
6FD3	N5136W	P28A
6FD6	N5136Z	PA22
6FD9	N51362	C172
6FDC	N51365	C150
6FDD	N51366	TAYD
6FDE	N51367	C150
6FE0	N51369	C150
6FE2	N5137A	C172
6FE3	N5137B	BE36
6FE4	N5137C	BE35
6FE9	N5137H	PA14
6FEA	N5137J	C310
6FEC	N5137L	P28A
6FED	N5137M	BE19
6FEF	N5137P	PA24
6FF1	N5137R	C172
6FF5	N5137V	MOR2
6FF6	N5137W	P28A
6FF9	N5137Z	PA22
6FFD	N51373	C150
6FFE	N51374	C150
7000	N51376	C150
7002	N51378	TAYD
7003	N51379	C172
7004	N5138	SPUP
7006	N5138B	L5
7007	N5138C	BE35
700F	N5138L	P28A
7010	N5138M	BE24
7014	N5138R	C172
7015	N5138S	P28A
7018	N5138V	C172
701A	N5138X	CH7B
701D	N51380	C172
7022	N51385	C150
7023	N51386	C77R
7024	N51387	C172
7025	N51388	C172
7026	N51389	C150
7028	N5139A	BE20
702A	N5139C	BE35
702B	N5139D	C182
702C	N5139E	C172
7031	N5139K	NAVI
7032	N5139L	P28A
7033	N5139M	TAYB
7036	N5139Q	C210
7039	N5139T	CH7A
703A	N5139U	C172
703C	N5139W	C82S
703D	N5139X	CH7A
703F	N5139Z	PA22
7040	N51390	C172
7043	N51393	C150
7045	N51395	C172
7048	N51398	C150
704A	N514	NAVI
704B	N514A	P28A
704E	N514AC	DC3
7050	N514AE	CRJ7
7051	N514AF	E50P
7055	N514AK	BEAR
705C	N514AS	B738
705F	N514AV	BE33
7064	N514B	LA4
7065	N514BA	A5
7066	N514BB	ASTR
7067	N514BC	PA34
7068	N514BD	PTS2
706E	N514BK	BE36
7074	N514BR	SR22
7075	N514BS	RV7
7079	N514BW	L11
707D	N514C	P28A
707F	N514CB	P32R
7081	N514CD	R44
7084	N514CG	PA44
7085	N514CH	R44
7087	N514CK	C525
7089	N514CM	PA32
708E	N514CS	BE35
708F	N514CT	TWEN
7096	N514D	BE95
709A	N514DD	C510
709B	N514DE	A21N
709D	N514DG	C82S
709E	N514DH	BE30
70A0	N514DK	P51
70A2	N514DM	LGEZ
70A3	N514DN	A359
70A4	N514DP	C182
70A6	N514DR	UH1
70A7	N514DS	C25A
70A8	N514DT	SR22
70B0	N514EA	EA50
70B3	N514ED	SR22
70B9	N514EK	RV9
70BB	N514EM	LNP4
70C0	N514ES	PA34
70C6	N45LJ	LJ31
70C8	N514F	BL8
70D3	N514FL	P28A
70D9	N514FS	T6
70DA	N514FT	PC24
70DD	N514FW	AS50
70DE	N514FX	CL35
70E4	N514GC	C182
70E5	N514GD	GLF5
70F6	N514GW	PRM1
70FB	N514HA	UH12
70FC	N514HB	AT5T
70FF	N514HE	B47G
7105	N514HL	FOX
7108	N514HP	C82T
710A	N514HR	BT36
7114	N514JA	C25M
7115	N514JB	BE95
7116	N514JC	GLEX
7117	N514JD	EC20
711A	N514JG	CH70
7121	N514JP	EC20
7124	N514JS	PC12
7128	N514JW	SONX
712A	N514JY	CL60
712C	N514K	BE35
712F	N514KC	BE95
7138	N514KM	T206
713A	N514KP	SONX
7145	N514L	P51
7146	N514LA	DA40
7148	N514LC	UH1
714D	N514LH	AT5T
7150	N514LL	M20P
7151	N514LM	E550
7153	N514LP	C414
7155	N514LR	H25C
7156	N514LS	GLID
7160	N514MB	FA50
7161	N514MC	RV7
7162	N514MD	C172
7169	N514ML	M20P
716D	N514MQ	A320
716E	N514MR	C82T
7170	N514MT	B407
7173	N514MW	RV6
717A	N514NC	C402
717B	N514ND	C172
717F	N514NH	P51
7182	N514NL	PC12
718E	N514NY	C82T
7191	N514PA	H500
7193	N514PC	BE35
7194	N514PD	B06
7197	N514PG	SR20
7198	N514PH	H269
71A1	N514PS	CRUZ
71A5	N514PW	AVTR
71BA	N514QS	C68A
71C2	N514R	RV9
71C5	N514RC	FOX
71CD	N514RL	B06
71CE	N514RM	P28A
71D0	N514RP	P51
71D3	N514RS	BE20
71D6	N514RV	RV14
71DD	N514SB	TS11
71DE	N514SC	R44
71E2	N514SG	M20P
71E6	N514SL	S22T
71E7	N514SM	SR22
71EB	N514SR	SR22
71ED	N514ST	RV12
71EF	N514SV	RV7
71F2	N514SY	E75L
71F6	N514TB	BE20
71F7	N514TC	C177
71F8	N514TD	C182
71F9	N514TE	SLG2
71FE	N514TK	C25C
7200	N514TM	CH60
7204	N514TR	SLG4
7206	N514TT	COL4
7209	N514TW	GLIM
720A	N514TX	E545
7231	N514VL	A320
7248	N514WJ	RV7
7253	N514WV	NG5
7258	N514X	C750
726E	N514XX	BDOG
728D	N514ZC	HUSK
729B	N514ZS	PA18
72A3	N5140	NAVI
72A4	N5140A	C172
72A5	N5140B	C152
72A6	N5140C	BE35
72A7	N5140D	C172
72A8	N5140E	C172
72AA	N5140G	P28A
72AC	N5140J	C340
72AF	N5140M	TAYB
72B2	N5140Q	C172
72B3	N5140R	C72R
72B7	N5140V	MOR2
72BC	N51400	C150
72BD	N51401	C150
72BF	N51403	C172
72C2	N51406	C150
72C3	N51407	M4
72CB	N5141E	C180
72CF	N5141J	C82T
72D0	N5141K	C172
72D1	N5141L	P28A
72D4	N5141P	PA24
72D5	N5141Q	T210
72D6	N5141R	C172
72D7	N5141S	C182
72D9	N5141U	C206
72DB	N5141W	P28A
72DD	N5141Y	C82T
72DF	N51410	C150
72E0	N51411	C150
72E2	N51413	C172
72E4	N51415	C150
72E5	N51416	C150
72E8	N51419	M4
72EB	N5142B	L5
72EE	N5142E	C180
72F0	N5142G	DHC2
72F1	N5142H	PA14
72F2	N5142J	COY2
72F3	N5142K	NAVI
72F4	N5142L	P28A
72F7	N5142P	PA24
72FA	N5142S	P28R
72FE	N5142W	P28A
7301	N5142Z	PA22
7304	N51422	ST75
7307	N51425	M4
730A	N51428	T6
7310	N5143D	C182
7313	N5143G	DHC2
7315	N5143J	C172
7319	N5143N	ST75
731A	N5143P	PA24
731B	N5143Q	C82S
731D	N5143S	C82R
731F	N5143U	C72R
7321	N5143W	P28A
7322	N5143X	CH7A
7325	N51430	M4
7328	N51433	ST75
732B	N51436	M4
7331	N5144B	C152
7333	N5144D	AT8T
7334	N5144E	TRDO
7337	N5144H	C172
7338	N5144J	C340
7339	N5144K	EXEC
733A	N5144L	C152
733C	N5144N	C182
733F	N5144R	C172
7340	N5144S	P28A
7341	N5144T	CH7A
7342	N5144U	T210
7343	N5144V	MOR2
7344	N5144W	P28A
7345	N5144X	P28A
7347	N5144Z	PA22
7348	N51440	ST75
734A	N51442	ST75
734B	N51443	ST75
734D	N51445	M4
734E	N51446	O1
7350	N51448	C172
7353	N5145A	C172
7354	N5145B	J3
7355	N5145C	BE35
7357	N5145E	C172
735A	N5145H	PA14
735C	N5145K	C172
735F	N5145N	ST75
7362	N5145R	C185
7363	N5145S	P28R
7367	N5145W	P28R
7368	N5145X	CH7A
736C	N51451	TAYD
736F	N51454	J3
7371	N51456	M4
7373	N51458	M4
7377	N5146B	CH7A
7379	N5146D	C182
737A	N5146E	T206
737D	N5146H	PA14
7380	N5146L	P28A
7381	N5146M	TAYB
7382	N5146N	M18
7383	N5146P	PA24
7384	N5146Q	C210
7386	N5146S	C182
7389	N5146V	C72R
738A	N5146W	P210
738B	N5146X	CH7A
738D	N5146Z	PA22
7390	N51462	GLID
7392	N51464	M5
7395	N51467	P28A
7396	N51468	M5
7397	N51469	T50
7398	N5147	TAIL
7399	N5147A	B738
739A	PR-ATA	C208
739B	N5147C	C310
739D	N5147E	C172
739F	N5147G	DHC2
73A0	N5147H	C172
73A1	N5147J	C172
73A2	N5147K	C172
73A3	N5147L	P28A
73A5	N5147N	C172
73A6	N5147P	PA24
73A8	N5147R	C172
73A9	N5147S	P28A
73AB	N5147U	C72R
73AC	N5147V	C82S
73AD	N5147W	P28A
73AE	N5147X	CH7A
73AF	N5147Y	SR22
73B1	N51470	C172
73B2	N51471	ST75
73B3	N51472	C182
73B4	N51473	M5
73BC	N5148A	C172
73BF	N5148D	C182
73C0	N5148E	C180
73C1	N5148F	C172
73C3	N5148H	C172
73C4	N5148J	C172
73C5	N5148K	C172
73C9	N5148P	PA24
73CC	N5148S	P28A
73CD	N5148T	CH7A
73CF	N5148V	C172
73D2	N5148Y	C82S
73DE	N5149	G164
73E0	N5149B	J3
73E3	N5149E	C172
73E6	N5149H	PA14
73E8	N5149K	NAVI
73E9	N5149L	P28A
73EE	N5149R	C172
73EF	N5149S	P28R
73F0	N5149T	AT5T
73F3	N5149W	P28A
73F4	N5149X	CH7B
73F6	N5149Z	PA22
7401	N515	B212
7402	N515A	B14A
7405	N515AC	P28A
7406	N515AD	T206
7407	N515AE	CRJ7
740C	N515AK	M7
740E	N515AM	AC95
740F	N515AN	F2TH
7410	N515AP	RV7
7412	N515AR	DHC6
7414	N515AT	COL4
741B	N515B	BE35
741D	N515BB	C82R
741F	N515BD	BD5
7421	N515BF	C195
7422	N515BG	B06
742B	N515BR	P46T
742D	N515BT	C340
7434	N515C	S22T
7435	N515CA	AC11
7436	N515CB	CH7A
7438	N515CD	SF50
743A	N515CF	F2TH
743D	N515CJ	HA4T
743E	N515CK	BE20
743F	N515CL	C182
7442	N515CP	C56X
7445	N515CS	LJ31
7446	N515CT	P46T
744A	N515CX	C750
744B	N515CY	LJ55
744D	N515D	C340
744F	N515DB	RV6
7450	N515DC	CRER
7451	N515DD	GLID
7452	N515DE	A21N
7453	N515DF	CH2T
7454	N515DG	P28A
7455	N515DH	P28A
7458	N515DL	EVOP
7459	N515DM	PA46
745A	N515DN	A359
745B	N515DP	C82S
745D	N515DR	BKUT
745E	N515DS	T206
746A	N515ED	C172
7470	N515EK	BT36
7472	N515EM	CH70
7477	N515ES	E55P
747A	N515EV	C25A
7493	N515FV	C414
7499	N515GA	PA31
749F	N515GG	DA40
74A2	N515GK	BE9L
74A4	N515GM	SONX
74AA	N515GT	E550
74B1	N515H	RV4
74BA	N515HJ	HDJT
74BD	N515HM	SONX
74CE	N515JD	PTS1
74D0	N515JF	P28A
74D2	N515JH	P28A
74D4	N515JK	FOX
74D5	N515JL	PA11
74E3	N515K	ST75
74E4	N515KA	GLF6
74E6	N515KC	RV9
74EA	N515KG	CH7B
74F1	N515KP	C82T
74FC	N515L	RV6
74FD	N515LA	SR20
74FF	N515LC	UH1
7501	N515LE	CH60
7502	N515LF	CL60
7503	N515LG	PA31
7507	N515LL	M700
750A	N515LP	FA10
750C	N515LR	H25C
750E	N515LT	CL60
7512	N515LX	C172
7515	N515M	WACO
7518	N515MC	C550
7519	N515MD	MUS2
751C	N515MG	MG15
751D	N515MH	SR22
7521	N515MM	COL4
7526	N515MS	P28A
7527	N515MT	B407
7529	N515MV	C208
752E	N515N	C170
7535	N515NG	DA40
7538	N515NK	A319
7547	N515P	SF50
7548	N515PA	AS50
754B	N515PD	BE33
754C	N515PE	C208
754E	N515PG	BL8
754F	N515PH	H269
7550	N515PJ	PA18
7557	N515PR	T206
755A	N515PU	P28A
755B	N515PV	F2TH
7561	N515QA	CLON
7571	N515QS	C68A
7579	N515R	QIC2
757A	N515RA	GLF4
757D	N515RD	C172
757F	N515RF	C150
7580	N515RG	BE58
7582	N515RJ	BT36
7587	N515RP	PC12
7589	N515RR	PA46
758B	N515RT	T210
758D	N515RV	C150
7590	N515RY	BE40
7592	N515S	PA24
7593	N515SA	T6
7595	N515SC	SR22
7596	N515SD	BOLT
7597	N515SE	BL8
7598	N515SF	L8
759C	N515SK	RV6
75A0	N515SP	C172
75A2	N515SR	AA5
75A4	N515ST	C414
75A9	N515SY	E75L
75AC	N515TA	PA46
75AD	N515TB	HUSK
75B1	N515TF	RV12
75B2	N515TG	BT36
75B3	N515TH	H500
75B4	N515TJ	BE40
75B6	N515TL	RV4
75B7	N515TM	BE33
75BB	N515TR	RV4
75BD	N515TT	WACF
75BF	N515TV	B06
75C0	N515TW	PC12
75C1	N515TX	C25B
75C8	N515UD	R22
75D5	N515US	CRUZ
75E0	N515VC	S22T
75E1	N515VD	MI2
75E5	N515VH	RV7
75E8	N515VL	A320
75EF	N515VT	P28A
75F6	N515W	BU33
75F8	N515WB	RV7
75F9	N515WC	C25B
7604	N515WP	TBM7
7608	N515WT	S22T
7612	N515XC	CC19
7625	N515XX	HAWK
7628	N515Y	G164
7641	N515Z	CH75
7643	N515ZB	P51
7644	N515ZC	CH75
765A	N5150	RLU1
765D	N5150C	GLST
765E	N5150D	C172
765F	N5150E	BE36
7662	N5150H	PA14
7664	N5150K	C208
7667	N5150N	ST75
7668	N5150P	PA24
7669	N5150Q	CH25
766D	N5150U	C72R
766E	N5150V	C56X
766F	N5150W	P28A
7672	N5150Z	PA22
7673	N51500	J3
7675	N51502	J3
767A	N51507	J3
767C	N51509	J3
767E	N5151A	C337
767F	N5151B	C152
7682	N5151E	C82R
7683	N5151F	M20P
7685	N5151H	PA14
7686	N5151J	C340
7687	N5151K	NAVI
7688	N5151L	C152
768B	N5151P	PA24
768C	N5151Q	T210
768D	N5151R	C172
768E	N5151S	P51
768F	N5151T	P51
7693	N5151X	CH7B
7695	N5151Z	PA22
7696	N51510	J3
7699	N51513	J3
769A	N51514	JAB4
769B	N51515	C172
769C	N51516	J3
76A1	N5152A	C172
76A2	N5152B	A660
76A4	N5152D	C337
76A9	N5152J	G280
76AF	N5152Q	C172
76B0	N5152R	C172
76B1	N5152S	P28A
76B3	N5152U	C206
76B5	N5152W	P28A
76BD	N51524	J3
76BE	N51525	J3
76BF	N51526	C172
76C1	N51528	J3
76C4	N5153A	B738
76C7	N5153D	C182
76CA	N5153G	C82S
76CC	N5153J	C340
76CE	N5153L	P28A
76D0	N5153N	ST75
76D1	N5153P	PA24
76D3	N5153R	C182
76D4	N5153S	P28A
76D5	N5153T	CH7A
76DD	N51531	T6
76DE	N51532	J3
76DF	N51533	J3
76E0	N51534	J3
76E4	N51538	J3
76E5	N51539	J3
76EA	N5154D	C172
76EC	N5154F	C172
76EE	N5154H	C82S
76F1	N5154L	P28A
76F2	N5154M	BE23
76F3	N5154N	SS2T
76F4	N5154P	PA24
76F5	N5154Q	C172
76F6	N5154R	C172
76F7	N5154S	P28A
76F8	N5154T	C182
76F9	N5154U	FOX
76FB	N5154W	P28A
76FC	N5154X	CH7A
7700	N51541	J3
7701	N51542	J3
7706	N51547	C172
7709	N5155	PA18
770D	N5155D	C182
770F	N5155F	C172
7712	N5155J	C172
7713	N5155K	C172
7714	N5155L	P28A
7715	N5155M	BE23
7717	N5155P	C152
771A	N5155S	P28A
771B	N5155T	CH7A
771C	N5155U	C72R
771E	N5155W	P28A
7721	N5155Z	PA22
7723	N51551	L8
7725	N51553	J3
7727	N51555	J3
772B	N51559	J3
772D	N5156A	C172
7731	N5156E	C180
7734	N5156H	PA14
7735	N5156J	C172
7736	N5156K	NAVI
7738	N5156M	C82S
7739	N5156N	ST75
773B	N5156Q	T210
773C	N5156R	C172
773D	N5156S	P28A
7741	N5156W	P28A
7742	N5156X	CH7A
7743	N5156Y	T210
7746	N51561	J3
7747	N51562	T6
7748	N51563	M5
774A	N51565	J3
774D	N51568	M5
774F	N5157	RLU1
7750	N5157A	T206
7753	N5157D	C182
7757	N5157H	PA14
7758	N5157J	C340
7759	N5157K	C172
775C	N5157N	C182
775D	N5157P	RS12
7760	N5157S	P28A
7763	N5157V	C172
7766	N5157Y	PA23
7767	N5157Z	C172
7768	N51570	J3
7769	N51571	M5
776A	N51572	M5
776C	N51574	J3
776E	N51576	VELO
776F	N51577	C172
7770	N51578	M5
7771	N51579	M5
7775	N5158C	BE35
7777	N5158E	C172
7778	N5158F	C172
777A	N5158H	PA14
777B	N5158J	C172
777D	N5158L	P28A
777E	N5158M	BE23
777F	N5158N	ST75
7781	N5158Q	C172
7782	N5158R	C172
7785	N5158U	KR2
7787	N5158W	P28A
7788	N5158X	CH7B
778B	N51580	C172
778D	N51582	C172
778F	N51584	GLID
7790	N51585	M7
7792	N51587	M5
7796	N5159A	T210
7798	N5159C	BE35
7799	N5159D	C182
779A	N5159E	J3
779D	N5159H	PA14
77A1	N5159M	BE23
77A2	N5159N	C182
77A3	N5159P	LGEZ
77A4	N5159Q	P32R
77A5	N5159R	C185
77A6	N5159S	P28A
77A7	N5159T	CH7A
77A8	N5159U	C72R
77A9	N5159V	ST75
77AA	N5159W	P28A
77AD	N5159Z	PA22
77AE	N51590	C172
77B0	N51592	M5
77B2	N51594	C172
77B6	N51598	M5
77BB	N516AB	P32R
77BC	N516AC	CH7B
77BE	N516AE	CRJ7
77BF	N516AF	P28A
77C0	N516AG	PA46
77C7	N516AP	C77R
77C9	N516AR	C140
77CA	N516AS	B738
77CE	N516AW	PA11
77D2	N516B	H500
77D3	N516BA	A5
77D5	N516BC	CAMP
77D6	N516BD	TBM9
77D9	N516BG	BDOG
77DB	N516BJ	B38M
77DD	N516BL	NG5
77E7	N516BW	L11
77E9	N516BY	EN28
77EA	N516BZ	P32R
77EB	N516C	S108
77EC	N516CA	C182
77ED	N516CB	PC12
77EE	N516CC	G280
77F4	N516CJ	FA50
77F6	N516CL	T206
77F7	N516CM	C680
77F9	N516CP	SR22
77FA	N516CQ	CH75
77FB	N516CR	SR22
77FC	N516CS	C72R
7801	N516CX	E55P
7804	N516D	RV6
7805	N516DA	A21N
7806	N516DB	C680
7808	N516DD	PA18
780B	N516DG	F2TH
780F	N516DL	PA46
7810	N516DM	C82S
7811	N516DN	A359
7816	N516DT	AC50
781E	N516EA	EA50
7823	N516EF	M20P
782E	N516ES	COY2
7857	N516GH	GLF5
7864	N516GW	PRM1
7882	N516JA	F900
7883	N516JB	A320
788C	N516JL	S108
788F	N516JP	R44
7891	N516JR	SF50
7893	N516JT	RV6
7896	N516JW	C172
789C	N516KB	FOX
78A5	N516KL	RV9
78AB	N516KS	S22T
78B8	N516LE	B06
78B9	N516LF	A119
78BF	N516LM	RV10
78CC	N516M	WACO
78CF	N516MC	GLF4
78D2	N516MF	GLF6
78D3	N516MG	MM16
78D4	N516MH	SWAK
78D5	N516MJ	R44
78D7	N516ML	SR20
78D8	N516MM	RV7
78DD	N516MS	BE76
78DE	N516MT	B407
78E2	N516MX	ASTR
78E5	N516N	E55P
78E6	N516NA	RV10
78E8	N516NC	C208
78E9	N516ND	C172
78EC	N516NG	SLG4
78EF	N516NK	A319
78F6	N516NS	PA44
7901	N516PC	P28A
7905	N516PG	SR20
7909	N516PL	GLF6
790A	N516PM	C680
790E	N516PR	C208
790F	N516PS	CRUZ
7910	N516PT	SR20
7911	N516PU	P28A
7913	N516PW	CC11
7917	N516Q	BE56
7928	N516QS	C68A
7931	N516RA	T206
7933	N516RC	RV7
7934	N516RD	EC20
7937	N516RG	RV7
7939	N516RJ	R44
7941	N516RS	PA46
7944	N516RV	RV6
7949	N516S	SHEK
794A	N516SA	BE95
794B	N516SB	RV7
794C	N516SC	GLST
7957	N516SP	C172
7959	N516SR	SR22
795B	N516ST	C68A
7960	N516SY	E75L
7965	N516TC	C82S
7966	N516TD	MUS2
7969	N516TG	C172
796A	N516TH	H25B
796D	N516TL	RV7
796F	N516TN	CH60
7973	N516TS	R66
7978	N516TX	C25B
79AD	N516W	BE35
79BB	N516WP	CL30
79BD	N516WR	CL35
79C2	N516WW	GLF5
7A12	N5160A	C172
7A13	N5160B	B47G
7A14	N5160C	BE35
7A15	N5160D	C182
7A16	N5160E	C172
7A18	N5160G	DHC2
7A19	N5160H	PA14
7A1B	N5160K	NAVI
7A1C	N5160L	P28A
7A21	N5160R	C172
7A22	N5160S	P28A
7A23	N5160T	C82R
7A27	N5160X	CH7B
7A28	N5160Y	C82S
7A29	N5160Z	PA22
7A2C	N51602	M5
7A30	N51606	FOX
7A32	N51608	C172
7A34	N5161	FA7X
7A35	N5161A	C172
7A38	N5161D	C182
7A3F	N5161L	P28A
7A40	N5161M	BE23
7A41	N5161N	C182
7A42	N5161P	PA24
7A45	N5161S	P28A
7A46	N5161T	CH7A
7A47	N5161U	C206
7A51	N51614	C172
7A53	N51616	C172
7A56	N51619	M5
7A58	N5162A	C172
7A59	N5162B	B47G
7A5B	N5162D	C182
7A5E	N5162G	DHC2
7A61	N5162K	NAVI
7A62	N5162L	P28A
7A63	N5162M	BE23
7A65	N5162P	PA24
7A67	N5162R	C172
7A68	N5162S	P28A
7A6A	N5162U	EXEC
7A6F	N5162Z	L5
7A70	N51620	M5
7A71	N51621	M5
7A76	N51626	M5
7A77	N51627	PA18
7A78	N51628	FA62
7A79	N51629	M5
7A7A	N5163	DSA1
7A7B	N5163A	C172
7A7F	N5163E	C185
7A82	N5163H	C172
7A83	N5163J	C340
7A85	N5163L	P28A
7A86	N5163M	P28R
7A88	N5163P	PA24
7A8B	N5163S	P28A
7A8C	N5163T	CH7A
7A8D	N5163U	C72R
7A8E	N5163V	C72R
7A8F	N5163W	P28A
7A92	N5163Z	C172
7A94	N51631	M5
7A95	N51632	M5
7A98	N51635	M5
7A99	N51636	M5
7A9A	N51637	C172
7A9B	N51638	M5
7A9C	N51639	T50
7AA2	N5164E	C172
7AA3	N5164F	C82T
7AA9	N5164M	BE76
7AAA	N5164N	C182
7AAB	N5164P	PA24
7AAE	N5164S	P28A
7AAF	N5164T	CH7A
7AB0	N5164U	C82S
7AB3	N5164X	C82S
7ABD	N51647	M5
7ABE	N51648	M5
7AC1	N5165A	C172
7AC2	N5165B	C152
7AC3	N5165C	BE35
7AC4	N5165D	C182
7AC9	N5165J	C340
7ACC	N5165M	C72R
7ACD	N5165N	ST75
7AD0	N5165R	C172
7AD1	N5165S	P28A
7AD3	N5165U	VELO
7AD5	N5165W	P28A
7ADA	N51651	C82S
7ADD	N51654	C172
7ADE	N51655	M5
7AE2	N51659	EN28
7AE3	N5166	DSA1
7AE4	N5166A	C172
7AE5	N5166B	RC3
7AE8	N5166E	C180
7AE9	N5166F	C172
7AEB	N5166H	C82S
7AEC	N5166J	AT6T
7AEE	N5166L	P28A
7AEF	N5166M	BE76
7AF3	N5166R	C172
7AF4	N5166S	P28A
7AF9	N5166X	CH7A
7AFA	N5166Y	C82T
7AFB	N5166Z	PA22
7B01	N51665	EN28
7B06	N5167	DSA1
7B07	N5167A	B738
7B08	N5167B	B47G
7B0B	N5167E	C172
7B0D	N5167G	O1
7B0E	N5167H	C172
7B10	N5167K	NAVI
7B12	N5167M	BE23
7B14	N5167P	PA24
7B17	N5167S	P28A
7B1A	N5167V	B47G
7B1B	N5167W	P28A
7B1C	N5167X	CH7A
7B1E	N5167Z	PA22
7B1F	N51670	C172
7B24	N51675	PA18
7B25	N51676	ST75
7B2A	N5168A	T210
7B2F	N5168F	AT5T
7B30	N5168G	O1
7B31	N5168H	PA14
7B33	N5168K	NAVI
7B35	N5168M	RS12
7B36	N5168N	C182
7B37	N5168P	PA24
7B3B	N5168T	CH7A
7B3D	N5168V	C172
7B3E	N5168W	P28A
7B3F	N5168X	CH7A
7B47	N51685	BE65
7B49	N51687	AA5
7B4E	N5169B	CH70
7B50	N5169D	C182
7B51	N5169E	C172
7B53	N5169G	O1
7B55	N5169J	C340
7B57	N5169L	P28A
7B58	N5169M	BE24
7B5C	N5169R	C172
7B5D	N5169S	P28A
7B60	N5169V	C72R
7B62	N5169X	CH7A
7B64	N5169Z	PA22
7B66	N51691	EXEC
7B68	N51693	EN28
7B6E	N51699	EN28
7B70	N517A	P28A
7B75	N517AE	CRJ7
7B76	N517AF	P28A
7B77	N517AG	SF50
7B81	N517AS	B738
7B82	N517AT	RV10
7B88	N517AZ	CJ6
7B8A	N517BA	SAKO
7B8B	N517BB	CL60
7B93	N517BK	GLIM
7B99	N517BR	T206
7B9E	N517BW	P28A
7BA3	N517CA	C172
7BA4	N517CB	M20P
7BA6	N517CD	SR22
7BA8	N517CF	C750
7BA9	N517CG	SF50
7BAB	N517CJ	C25A
7BAE	N517CM	BE36
7BB0	N517CP	SR22
7BB2	N517CR	LJ60
7BBD	N517DB	C182
7BC1	N517DF	O1
7BC4	N517DJ	BE36
7BC6	N517DL	C172
7BC8	N517DN	A21N
7BCC	N517DS	DA40
7BCD	N517DT	FDCT
7BD0	N517DW	GLF5
7BD1	N517DX	GLIM
7BD3	N517DZ	A359
7BD9	N517EE	DC6
7BE4	N517ER	C172
7BED	N517F	SONX
7BEE	N517FA	NG5
7BF1	N517FD	P32R
7C03	N517FX	CL30
7C06	N517G	MIMU
7C07	N517GA	GLF5
7C11	N517GL	PC12
7C12	N517GM	PC7
7C17	N517GS	RV4
7C1F	N517H	RV10
7C20	N517HA	BE36
7C22	N517HC	C402
7C38	N517J	RV6
7C39	N517JA	TS11
7C3A	N517JB	A320
7C3B	N517JC	P28A
7C43	N517JL	BE35
7C44	N517JM	C25B
7C46	N517JP	RV9
7C48	N517JR	S22T
7C49	N517JS	E300
7C4A	N517JT	SLG4
7C51	N517K	BE30
7C53	N517KB	GLAS
7C58	N517KG	BE35
7C5A	N517KJ	C25B
7C5D	N517KM	PC12
7C63	N517KT	R44
7C66	N517KW	RV7
7C6A	N517L	PTS1
7C6F	N517LE	EAGL
7C72	N517LH	PC24
7C76	N517LM	SR22
7C7F	N517LW	RV10
7C83	N517M	WACO
7C84	N517MA	C82T
7C85	N517MB	H60
7C86	N517MC	AS50
7C8B	N517MH	C421
7C8F	N517MM	P32R
7C91	N517MP	BE58
7C93	N517MR	BE58
7C94	N517MS	C82R
7C95	N517MT	EC35
7C97	N517MV	AVTR
7C9F	N517NC	C441
7CA0	N517ND	C172
7CA6	N517NK	A319
7CB5	N517P	F260
7CB6	N517PA	AS50
7CB7	N517PB	GLIM
7CB9	N517PD	C25A
7CC6	N517PS	M20P
7CC7	N517PT	SR20
7CCC	N517PY	BE33
7CCD	N517PZ	SR22
7CE8	N517RA	C150
7CE9	N517RB	BE58
7CEA	N517RC	H500
7CEF	N517RH	C310
7CF2	N517RL	RV6
7CF5	N517RP	GL5T
7CF8	N517RS	RV6
7CFB	N517RV	RV7
7CFC	N517RW	SREY
7D00	N517S	CRUZ
7D01	N517SA	T206
7D02	N517SB	S22T
7D03	N517SC	P28A
7D06	N517SF	HUCO
7D07	N517SG	AT5T
7D08	N517SH	RV7
7D0B	N517SL	PA34
7D0C	N517SM	C172
7D10	N517SR	P28A
7D11	N517SS	H25B
7D15	N517SW	SR22
7D17	N517SY	E75L
7D19	N517T	EFOX
7D1C	N517TC	QUIC
7D20	N517TG	C170
7D27	N517TP	VELO
7D2E	N517TW	GLF5
7D4D	N517VB	RV7
7D54	N517VJ	AT5T
7D56	N517VL	A320
7D64	N517W	C140
7D67	N517WC	PA18
7D7D	N517X	COL4
7DC9	N5170A	PA18
7DCB	N5170C	BE35
7DCC	N5170D	C182
7DCF	N5170G	O1
7DD1	N5170J	P32R
7DD2	N5170K	C172
7DD4	N5170M	BE23
7DD5	N5170N	C182
7DD6	N5170P	PA24
7DDA	N5170T	CH7A
7DDE	N5170X	CH7A
7DE1	N51700	C172
7DE4	N51703	T206
7DE6	N51705	T28
7DEB	N5171	GLST
7DEC	N5171A	C172
7DED	N5171B	C152
7DEE	N5171C	BE35
7DEF	N5171D	C182
7DF0	N5171E	C82R
7DF3	N5171H	C172
7DF5	N5171K	C172
7DF6	N5171L	P28A
7DFB	N5171R	C172
7DFC	N5171S	C82R
7DFD	N5171T	CH7A
7DFE	N5171U	C72R
7DFF	N5171V	C210
7E00	N5171W	P28A
7E04	N51710	T206
7E0E	N5172	T34P
7E0F	N5172A	C172
7E10	N5172B	B47G
7E16	N5172H	C172
7E1E	N5172R	C185
7E20	N5172T	CH7A
7E23	N5172W	C172
7E24	N5172X	CH7A
7E26	N5172Z	PA22
7E2A	N51723	EN28
7E36	N5173E	C180
7E3B	N5173K	NAVI
7E3C	N5173L	P28A
7E3F	N5173P	PA24
7E42	N5173S	P28A
7E43	N5173T	CH7A
7E44	N5173U	C206
7E45	N5173V	C172
7E46	N5173W	P28A
7E47	N5173X	CH7A
7E49	N5173Z	PA22
7E4A	N51730	EN28
7E4C	N51732	C82T
7E4E	N51734	MG23
7E4F	N51735	EN28
7E53	N51739	EN28
7E55	N5174A	C172
7E56	N5174B	C152
7E57	N5174C	BE35
7E59	N5174E	C172
7E5B	N5174G	O1
7E5C	N5174H	C172
7E5E	N5174K	NAVI
7E60	N5174M	TAYB
7E65	N5174S	P28A
7E66	N5174T	CH7A
7E6B	N5174Y	T206
7E6C	N5174Z	PA22
7E6D	N51740	M20P
7E6E	N51741	B06
7E73	N51746	BE17
7E74	N51747	B06
7E75	N51748	C172
7E78	N5175A	C172
7E79	N5175B	AT3T
7E7A	N5175C	BE35
7E7C	N5175E	C172
7E7D	N5175F	SR22
7E80	N5175J	C340
7E82	N5175L	SR22
7E84	N5175N	C182
7E85	N5175P	C82T
7E88	N5175S	P28A
7E89	N5175T	CH7B
7E8B	N5175V	AT6T
7E8E	N5175Y	C172
7E97	N51757	EN28
7E98	N51758	EN28
7E9F	N5176E	C82R
7EA2	N5176H	PA14
7EA4	N5176K	NAVI
7EA5	N5176L	P28A
7EA6	N5176M	PA12
7EA7	N5176N	ST75
7EAA	N5176R	C72R
7EAB	N5176S	P28A
7EAC	N5176T	CH7B
7EAE	N5176V	C72R
7EB0	N5176X	CH7A
7EB3	N51760	T50
7EBB	N51768	EN28
7EBC	N51769	EN28
7EC1	N5177D	C182
7EC2	N5177E	C180
7EC3	N5177F	P28A
7EC5	N5177H	C172
7EC9	N5177M	BE58
7ECA	N5177N	C182
7ECB	N5177P	PA24
7ECF	N5177T	CH7A
7ED2	N5177W	P28A
7ED3	N5177X	CH7A
7ED4	N5177Y	SA3
7ED6	N51770	EN28
7ED7	N51771	AT6T
7EDA	N51774	EN28
7EE1	N5178A	PA18
7EE2	N5178B	C152
7EE3	N5178C	BE35
7EE5	N5178E	C180
7EE6	N5178F	C172
7EE9	N5178J	C340
7EEB	N5178L	P28A
7EEC	N5178M	TAYB
7EED	N5178N	ST75
7EF0	N5178R	C172
7EF1	N5178S	C72R
7EF3	N5178U	C72R
7EF5	N5178W	P28A
7EF7	N5178Y	C72R
7EF8	N5178Z	PA22
7EFB	N51782	C82T
7EFC	N51783	T206
7EFD	N51784	C82T
7EFE	N51785	C82T
7EFF	N51786	EN28
7F00	N51787	EN28
7F01	N51788	EN28
7F02	N51789	EN28
7F04	N5179A	B738
7F05	N5179B	C82S
7F06	N5179C	PA31
7F07	N5179D	C182
7F0B	N5179H	C172
7F11	N5179P	PA24
7F15	N5179T	CH7A
7F16	N5179U	C206
7F17	N5179V	C72R
7F19	N5179X	CH7A
7F1C	N51790	AA5
7F1F	N51793	C172
7F20	N51794	C172
7F26	N518	BE35
7F29	N518AB	BE33
7F2A	N518AC	CH7B
7F2C	N518AE	CRJ7
7F2D	N518AF	P28A
7F2E	N518AG	BE9L
7F2F	N518AH	GA7C
7F31	N518AK	RV8
7F33	N518AM	P46T
7F35	N518AP	BE23
7F38	N518AS	B738
7F3C	N518AW	SR22
7F40	N518B	C421
7F41	N518BA	SR22
7F42	N518BB	P28A
7F47	N518BG	SF50
7F4E	N518BP	SR22
7F55	N518BW	P28A
7F59	N518C	PA46
7F5A	N518CA	C172
7F5C	N518CC	CRER
7F5D	N518CD	SR22
7F62	N518CJ	H25C
7F65	N518CM	PA30
7F67	N518CP	SR22
7F69	N518CR	C82S
7F72	N518D	RS12
7F76	N518DD	GLEX
7F80	N518DP	PA32
7F81	N518DQ	A21N
7F82	N518DR	RV9
7F83	N518DS	B407
7F84	N518DT	CLON
7F86	N518DV	C82S
7F8A	N518DZ	A359
7F99	N518EP	CAMP
7F9B	N518ER	PC12
7FBA	N518FX	CL30
7FBD	N518G	CH60
7FBE	N518GA	GLF5
7FC9	N518GM	PA18
7FCE	N518GS	GLF4
7FD6	N518H	CH60
7FD7	N518HA	UH12
7FDF	N518HJ	C185
7FE6	N518HR	CL30
7FEF	N518J	R44
7FF0	N518JA	CL60
7FF6	N518JG	CL60
7FF7	N518JH	RV12
7FF8	N518JJ	C208
8000	N518JS	P32R
8001	N518JT	S22T
8009	N518KA	GLF6
800A	N518KB	C68A
8010	N518KH	G150
8014	N518KM	C208
8021	N518L	COL3
8022	N518LA	DA40
802D	N518LM	SR22
803A	N518M	BE35
803B	N518MA	DA40
803C	N518MB	G280
803D	N518MC	AS50
803E	N518MD	SR22
803F	N518ME	C25A
8040	N518MF	AS50
8043	N518MJ	T206
8044	N518MK	S76
804C	N518MT	B407
804E	N518MV	C551
804F	N518MW	P28R
8053	N518N	C550
806C	N518P	BE36
806D	N518PA	H500
806F	N518PC	C340
8077	N518PL	AA5
807E	N518PT	SR20
807F	N518PU	C72R
8085	N518Q	BE95
8096	N518QS	C68A
809E	N518R	DA42
80A1	N518RC	C25A
80AA	N518RM	RV6
80AE	N518RR	H25B
80B0	N518RT	RV8
80B2	N518RV	RV10
80B3	N518RW	J3
80B8	N518SA	PA11
80B9	N518SB	LJ55
80BA	N518SC	EXEC
80BB	N518SD	RV9
80C0	N518SJ	R44
80C5	N518SP	C172
80C8	N518SS	F2TH
80CC	N518SW	PA18
80CE	N518SY	CH75
80D0	N518T	M20P
80D1	N518TA	A4
80D3	N518TC	PA18
80D4	N518TD	S22T
80D6	N518TF	RV4
80D8	N518TH	M7
80DE	N518TP	RV10
80E0	N518TR	RV6
80E1	N518TS	BE9L
80E2	N518TT	C25C
80E6	N518TX	C560
80EA	N518UA	B752
8102	N518V	C180
810D	N518VL	A320
811E	N518WC	B06
8121	N518WF	EC35
812D	N518WT	S22T
8130	N518WW	T6
813F	N518XL	XL2
814D	N518Y	G164
8166	N518Z	B06
816C	N518ZF	PC24
817F	N5180	C180
8180	N5180A	C172
8181	N5180B	CH60
8184	N5180E	C180
8185	N5180F	C172
818A	N5180L	P28A
818B	N5180M	TAYB
818D	N5180P	PA24
818F	N5180R	C172
8192	N5180U	C206
8193	N5180V	BE18
8194	N5180W	AT5T
8195	N5180X	CH7A
8196	N5180Y	PA23
8197	N5180Z	PA22
8198	N51800	C72R
8199	N51801	GLID
819C	N51804	C172
819F	N51807	ST75
81A1	N51809	ST75
81A3	N5181A	C72R
81A4	N5181B	C72R
81A6	N5181D	C182
81A7	N5181E	C172
81A9	N5181G	O1
81AA	N5181H	C172
81AB	N5181J	C340
81AF	N5181N	C182
81B0	N5181P	PA24
81B2	N5181R	C172
81B3	N5181S	P28A
81B4	N5181T	CH7A
81B6	N5181V	C82T
81B7	N5181W	P28A
81B8	N5181X	CH7A
81BB	N51810	COZY
81C1	N51816	C82T
81C6	N5182A	C72R
81C7	N5182B	AT6T
81C9	N5182D	C182
81CA	N5182E	C172
81CB	N5182F	C172
81CC	N5182G	O1
81CD	N5182H	C185
81CE	N5182J	C340
81CF	N5182K	NAVI
81D0	N5182L	P28A
81D1	N5182M	TAYB
81D3	N5182P	PA24
81D5	N5182R	C82S
81D6	N5182S	P28A
81E0	N51822	MUS2
81E2	N51824	T206
81E4	N51826	SA75
81E5	N51827	C72R
81E6	N51828	L8
81ED	N5183E	C172
81EE	N5183F	CJ6
81F0	N5183H	PA14
81F1	N5183J	AR11
81F2	N5183K	NAVI
81F3	N5183L	EAGL
81F4	N5183M	BE76
81F6	N5183P	C152
81F8	N5183R	C172
81F9	N5183S	P28A
81FA	N5183T	CH7A
81FD	N5183W	P210
81FE	N5183X	CH7B
8203	N51832	C172
8209	N51838	T50
820A	N51839	CH7A
820B	N5184	GL7T
8210	N5184E	C172
8211	N5184F	C172
8212	N5184G	C82T
8213	N5184H	PA14
8214	N5184J	C172
8215	N5184K	NAVI
8216	N5184L	P28A
8217	N5184M	TAYB
8219	N5184P	C82T
821C	N5184S	P28A
821F	N5184V	T6
8221	N5184X	CH7B
8223	N5184Z	PA22
8224	N51840	C172
8227	N51843	H500
822A	N51846	B47G
822B	N51847	T206
822D	N51849	T206
8230	N5185B	H500
8231	N5185C	H500
8233	N5185E	AT6T
8235	N5185G	H500
8238	N5185K	AT6T
823A	N5185M	TAYB
823B	N5185N	H500
823D	N5185Q	COZY
8240	N5185T	CH7A
8241	N5185U	C172
8245	N5185Y	C172
8246	N5185Z	PA22
8247	N51850	B47G
8248	N51851	B47G
8249	N51852	B47G
824D	N51856	B47G
824E	N51857	B47G
8250	N51859	B47G
8252	N5186A	C172
8254	N5186C	BE35
8259	N5186H	C172
825A	N5186J	H500
825B	N5186K	NAVI
825C	N5186L	C152
825D	N5186M	TAYB
825E	N5186N	ST75
8264	N5186U	C206
8266	N5186W	P28A
8267	N5186X	CH7B
8269	N5186Z	PA22
826A	N51860	B47G
826D	N51863	T18
826E	N51864	C172
826F	N51865	C172
8275	N5187A	C82T
8278	N5187D	C182
8279	N5187E	C172
827B	N5187G	C172
827C	N5187H	PA14
827D	N5187J	BL8
827F	N5187L	P28A
8281	N5187N	ST75
8284	N5187R	C172
8285	N5187S	H500
8286	N5187T	CH7A
8289	N5187W	P28A
828A	N5187X	CH7A
828B	N5187Y	H500
828E	N51871	C172
8291	N51874	FA62
8292	N51875	C172
8293	N51876	ST75
8299	N5188B	C82S
829A	N5188C	BE35
829E	N5188G	O1
829F	N5188H	PA14
82A2	N5188L	C82T
82A3	N5188M	TAYB
82A8	N5188S	P28A
82A9	N5188T	C82T
82AA	N5188U	C206
82AB	N5188V	T6
82AD	N5188X	CH7A
82AE	N5188Y	PA23
82B3	N51883	C172
82B5	N51885	C172
82BB	N5189A	T210
82BC	N5189B	C152
82BE	N5189D	C82S
82BF	N5189E	C180
82C4	N5189K	H500
82C5	N5189L	P28A
82C6	N5189M	TAYB
82CA	N5189R	AT6T
82CB	N5189S	P28A
82CC	N5189T	CH7A
82D1	N5189Y	T210
82D2	N5189Z	PA22
82D3	N51890	C172
82DD	N519	C150
82DE	N519A	B14A
82E0	N519AB	SF50
82E1	N519AC	CH7B
82E3	N519AE	CRJ7
82E4	N519AF	P28A
82E6	N519AH	PC7
82E8	N519AK	CC11
82E9	N519AL	S76
82EF	N519AS	B738
82F2	N519AV	A319
82F7	N519B	SA70
82F8	N519BA	A5
82FA	N519BC	B772
82FE	N519BG	BE95
82FF	N519BH	GLF6
8307	N519BR	SR22
830C	N519BW	L11
8311	N519CA	AC11
8312	N519CB	SR22
831C	N519CM	BE58
831E	N519CP	GLEX
8326	N519CX	C510
832B	N519DB	BE20
832C	N519DC	PTS1
832E	N519DE	SR22
832F	N519DF	KR2
8331	N519DH	SR22
8332	N519DJ	BE95
8335	N519DM	PA46
8336	N519DN	A359
833A	N519DS	DA40
833B	N519DT	A21N
8342	N519E	C56X
8343	N519EA	EXPR
8344	N519EB	SF50
8345	N519EC	GLID
834B	N519EJ	EA50
834E	N519EM	FA50
8352	N519ER	C172
8354	N519ET	RV6
835B	N519F	CH7B
8361	N519FF	AS50
8371	N519FX	CL30
8379	N519GE	LJ35
837D	N519GJ	CRJ7
8380	N519GM	VTRA
8382	N519GP	R22
838D	N519H	EN28
8399	N519HM	SSTL
83A6	N519J	P28R
83A8	N519JB	A320
83AA	N519JD	F2TH
83AD	N519JG	CRJ7
83AE	N519JH	VTRA
83B2	N519JM	BE24
83B4	N519JP	PA18
83B8	N519JT	RV9
83C2	N519KC	PC12
83C5	N519KF	FOX
83CF	N519KR	SR20
83D9	N519LA	DA40
83DF	N519LG	BN2P
83E0	N519LH	S22T
83E1	N519LJ	VTRA
83E4	N519LM	C68A
83E8	N519LR	CRJ7
83E9	N519LS	VTRA
83EA	N519LT	R66
83F2	N519MA	CH7B
83F3	N519MB	M20P
83F8	N519MG	CC11
83FB	N519MK	BL8
83FD	N519MM	VTRA
83FF	N519MP	C172
8400	N519MQ	C185
8401	N519MR	R44
8403	N519MT	B407
840E	N519ND	C172
8412	N519NH	GLF4
8414	N519NK	A319
8418	N519NP	VTRA
8424	N519PA	H500
842B	N519PH	BE35
842C	N519PJ	RV10
842E	N519PL	RV10
8438	N519PW	COL4
843C	N519Q	AA1
844D	N519QS	C68A
8456	N519RA	VTRA
845C	N519RG	P28R
845E	N519RJ	C550
8465	N519RR	BE10
8466	N519RS	B407
8469	N519RV	RV10
846A	N519RW	BE40
8470	N519SB	L8
8471	N519SC	C340
8474	N519SF	B407
8475	N519SG	MM16
8476	N519SH	FA62
847A	N519SM	VTRA
847E	N519SR	SR22
8485	N519SY	E75L
8487	N519T	RV4
848A	N519TC	PA18
8492	N519TL	M600
8493	N519TM	DA40
8498	N519TS	CH60
849B	N519TV	PC12
84A8	N519UH	C25M
84B5	N519UW	A321
84C2	N519VJ	SF50
84C4	N519VL	A320
84C7	N519VP	C550
84D2	N519W	C25A
84D3	N519WA	AC50
84D4	N519WB	EXEC
84D9	N519WG	PA18
84DC	N519WK	RV10
84E2	N519WR	PA46
84E6	N519WV	SR22
84F6	N519XL	XL2
84FB	N519XR	LJ60
8504	N519Y	G164
851F	N519ZB	PTS2
853A	N5190D	C182
853D	N5190G	O1
853F	N5190J	C172
8541	N5190L	P28A
8543	N5190N	ST75
8546	N5190R	C72R
8547	N5190S	P28A
8548	N5190T	CH7B
854B	N5190W	AT5T
854C	N5190X	CH7A
854E	N5190Z	PA22
8551	N51902	ST75
8552	N51903	T6
8553	N51904	ST75
8555	N51906	ST75
8558	N51909	ST75
8559	N5191	PTS1
855B	N5191B	AT3T
855C	N5191C	BE35
855F	N5191F	C82T
8561	N5191H	PA14
8562	N5191J	C172
8563	N5191K	NAVI
8564	N5191L	P28A
8565	N5191M	TAYB
8566	N5191N	ST75
8569	N5191R	C172
856A	N5191S	C182
856B	N5191T	CH7A
856C	N5191U	C206
856D	N5191V	T210
8571	N5191Z	PA22
857D	N5192A	C172
8580	N5192D	C182
8582	N5192F	AT3T
8583	N5192G	O1
8584	N5192H	PA14
8585	N5192J	FOX
8586	N5192K	NAVI
8587	N5192L	P28A
858D	N5192S	P28A
858E	N5192T	AT6T
8590	N5192V	C72R
8592	N5192X	CH7B
8595	N51920	C172
8597	N51922	ST75
85A0	N5193A	C172
85A4	N5193E	C172
85A7	N5193H	C172
85A8	N5193J	S61R
85AA	N5193L	P28A
85AB	N5193M	C82S
85AC	N5193N	ST75
85AF	N5193R	C172
85B0	N5193S	P28A
85B1	N5193T	C182
85B2	N5193U	C206
85B6	N5193Y	S61
85B7	N5193Z	PA22
85B8	N51930	C172
85B9	N51931	C172
85BC	N51934	DSA1
85C0	N51938	DC3
85C1	N51939	FA62
85C5	N5194C	COL4
85C6	N5194D	C182
85C7	N5194E	C180
85C8	N5194F	C172
85C9	N5194G	O1
85CA	N5194H	PA14
85CC	N5194K	C172
85CD	N5194L	P28A
85CE	N5194M	BE76
85CF	N5194N	C206
85D2	N5194R	C172
85D4	N5194T	T206
85D7	N5194W	P28A
85D9	N5194Y	COL4
85DA	N5194Z	PA22
85DD	N51942	C208
85E6	N5195A	T210
85EA	N5195E	C172
85EB	N5195F	AT5T
85EC	N5195G	O1
85ED	N5195H	PA14
85EF	N5195K	NAVI
85F0	N5195L	COL4
85F1	N5195M	TAYB
85F2	N5195N	ST75
85F3	N5195P	PA24
85F6	N5195S	P28A
85F7	N5195T	CH7A
85F8	N5195U	C82S
85FA	N5195W	P28A
85FB	N5195X	CH7A
85FC	N5195Y	C172
8600	N51952	C172
8601	N51953	S61
8602	N51954	MUS2
8606	N51958	C172
8609	N5196A	C172
860B	N5196C	BE35
860C	N5196D	C182
860D	N5196E	C172
860F	N5196G	C172
8612	N5196K	C82S
8614	N5196M	TAYB
8616	N5196P	C82T
8618	N5196R	C182
861A	N5196T	AT5T
8621	N51960	C172
8625	N51964	T206
862A	N51969	BE17
8630	N5197E	C172
8631	N5197F	P28A
8632	N5197G	T206
8633	N5197H	C172
8634	N5197J	C172
8635	N5197K	C172
8636	N5197L	P28A
863C	N5197S	P28A
863D	N5197T	C172
8641	N5197X	AT5T
8643	N5197Z	PA22
8649	N51975	VEZE
864C	N51978	SA3
864D	N51979	T6
8651	N5198C	BE35
8652	N5198D	C182
8653	N5198E	C172
8655	N5198G	C82S
8656	N5198H	C172
8657	N5198J	C82T
8658	N5198K	NAVI
865A	N5198M	BE23
865C	N5198P	PA24
865D	N5198Q	C82T
8660	N5198T	C206
8661	N5198U	C206
8662	N5198V	C210
8664	N5198X	CH7B
8665	N5198Y	C162
866D	N51986	C162
866E	N51987	T6
8673	N5199B	C172
8674	N5199C	BE35
8675	N5199D	C162
8676	N5199E	C180
8678	N5199G	O1
867A	N5199J	C172
867B	N5199K	C162
867C	N5199L	P28A
867D	N5199M	TAYB
8683	N5199T	CH7A
8685	N5199V	T6
8687	N5199X	CH7A
8688	N5199Y	YK18
8689	N5199Z	PA22
868B	N51991	C172
868C	N51992	J3
8690	N51996	C172
8692	N51998	RS12
8696	N52AA	BE19
8697	N52AB	GLID
8698	N52AC	T206
869A	N52AE	B06
869B	N52AF	C72R
869C	N52AG	SLG4
869D	N52AH	HUSK
869F	N52AK	PA32
86A0	N52AL	BE40
86A3	N52AP	E120
86A6	N52AS	L13M
86A7	N52AT	S1
86A8	N52AU	BE35
86AD	N52AZ	B407
86AE	N52B	PTS1
86AF	N52BA	T6
86B2	N52BD	BD5
86B3	N52BE	BE20
86B5	N52BG	R44
86B6	N52BH	B06
86B7	N52BJ	C77R
86BA	N52BM	PAY2
86BB	N52BN	YK52
86BE	N52BR	FOX
86BF	N52BS	YK52
86C0	N52BT	RV4
86C3	N52BW	GLID
86C4	N52BX	GLIM
86C7	N52C	BE20
86C8	N52CA	LGEZ
86C9	N52CB	PA18
86CC	N52CE	BE36
86CE	N52CG	YK52
86D2	N52CL	P28R
86D5	N52CP	PC24
86D7	N52CR	C182
86D8	N52CS	C414
86D9	N52CT	S22T
86DE	N52CY	YK52
86E0	N52D	WAIX
86E1	N52DA	HUSK
86E2	N52DB	M20P
86E4	N52DD	YK52
86E6	N52DF	BE35
86EA	N52DK	SA30
86EB	N52DL	C77R
86EC	N52DM	BU31
86ED	N52DN	BE18
86F1	N52DS	GLAS
86F2	N52DT	CH60
86FB	N52EB	CH60
86FC	N52EC	EC20
8702	N52EJ	T211
8705	N52EM	M20P
8706	N52EN	C182
8709	N52ER	AA5
870B	N52ET	C25B
870D	N52EV	PA23
870F	N52EX	YK52
8712	N52F	GLID
8713	N52FA	B06
8714	N52FB	AEST
8715	N52FC	E300
8718	N52FF	C152
871A	N52FH	S52
871C	N52FK	RV4
871F	N52FN	LJ35
8722	N52FR	GLIM
8723	N52FS	CH7B
8724	N52FT	C550
8729	N52FY	RV8
872C	N52GA	H25B
872D	N52GB	G2T1
8733	N52GH	B06
8735	N52GK	M7
8737	N52GM	BL8
873C	N52GS	BE36
873D	N52GT	BE20
873F	N52GV	C82R
8740	N52GW	SNS7
8741	N52GX	PC12
8745	N52HA	C82T
8747	N52HC	BE58
8749	N52HE	RV8
874A	N52HF	PA23
874D	N52HJ	PA34
874F	N52HL	PA31
8750	N52HM	WAIX
8752	N52HP	C172
8754	N52HR	C25B
8755	N52HS	LNC4
8756	N52HT	SIRA
8759	N52HW	P28A
875A	N52HX	B429
875B	N52HY	HUSK
875D	N52J	CASS
875E	N52JA	C25C
875F	N52JB	GP3
8762	N52JE	AEST
8764	N52JG	TB20
8765	N52JH	PTS1
8767	N52JK	AEST
8768	N52JL	BE33
8769	N52JM	BE95
876B	N52JP	T18
876C	N52JQ	RV7
876D	N52JR	C421
876E	N52JS	PTS1
876F	N52JT	CL30
8771	N52JV	C421
8772	N52JW	AC90
8777	N52KA	BE9L
8778	N52KB	MA5
8779	N52KC	P28R
877A	N52KD	RV6
877C	N52KF	YK52
8782	N52KM	BE95
8787	N52KS	RV10
8788	N52KT	BE36
878B	N52KW	M20P
878C	N52KX	C25A
878F	N52L	BE20
8791	N52LB	GLIM
8792	N52LC	LNC2
8793	N52LD	C414
8794	N52LE	C170
8795	N52LF	YK52
8797	N52LH	SC7
8799	N52LK	HUSK
879A	N52LL	HUSK
879F	N52LR	FOX
87A0	N52LS	YK52
87A1	N52LT	C550
87A3	N52LV	BE24
87A4	N52LW	BL8
87A8	N52M	PC24
87A9	N52MA	MU2
87AA	N52MB	BE95
87AB	N52MC	PA34
87AD	N52ME	T206
87AF	N52MG	AEST
87B0	N52MH	VEZE
87B1	N52MJ	M7
87B4	N52MM	C210
87B8	N52MR	RV4
87B9	N52MS	VTRA
87BA	N52MT	DFLY
87BD	N52MW	C56X
87C3	N52NB	GLST
87C8	N52NG	PC12
87CC	N52NL	E300
87CF	N52NP	S62
87DB	N52PA	C310
87DD	N52PC	LNP4
87DE	N52PD	EN28
87DF	N52PE	EVOP
87E1	N52PG	AEST
87E2	N52PH	HUSK
87E3	N52PJ	SR22
87E5	N52PL	B06
87E6	N52PM	EPIC
87E8	N52PP	C340
87EC	N52PT	LEG2
87EF	N52PW	YK52
87F1	N52PY	AC68
880D	N52RA	BE23
880E	N52RB	C414
8814	N52RH	J3
8815	N52RJ	M20P
8816	N52RK	RV10
8817	N52RL	CH60
8818	N52RM	M20P
881A	N52RP	BE99
881D	N52RS	C25B
881E	N52RT	SE5A
881F	N52RU	YK52
8820	N52RV	RV6
8821	N52RW	P28A
8825	N52S	S52
8827	N52SB	BE36
8828	N52SC	BE95
8829	N52SD	YK52
882A	N52SE	P210
882C	N52SG	TBM9
882D	N52SH	B505
882E	N52SJ	C25M
882F	N52SK	C185
8830	N52SL	HUSK
8831	N52SM	H25C
8837	N52ST	C340
8839	N52SV	HUSK
883A	N52SW	RV10
883B	N52SX	PTS2
883C	N52SY	LJ31
883E	N52T	AA1
883F	N52TA	BE95
8840	N52TB	RV8
8841	N52TC	P32R
8842	N52TD	C170
8843	N52TE	C208
8844	N52TF	M20P
8845	N52TG	M4
8847	N52TJ	DA40
8848	N52TK	SRAI
884A	N52TM	C82T
884C	N52TP	TAIL
884E	N52TR	BE58
884F	N52TS	PA12
8850	N52TT	PA31
8856	N52TZ	BE33
8857	N52U	SA30
8871	N52VA	RV12
8872	N52VB	BE95
8876	N52VF	TRDO
8877	N52VG	SR22
887E	N52VP	VP2
8880	N52VR	YK52
8884	N52VV	RV8
888B	N52WB	PA18
888F	N52WF	C560
8892	N52WJ	C170
8894	N52WL	LNC2
8896	N52WN	YK52
8897	N52WP	PA34
8899	N52WR	BE35
889A	N52WS	B505
889B	N52WT	M10
889E	N52WW	PA23
889F	N52WX	PA46
88A2	N52X	C310
88A5	N52XC	CC19
88B3	N52XS	YK52
88B8	N52XX	GLIM
88B9	N52XY	YK52
88BD	N52YB	YK52
88BE	N52YC	PA18
88C5	N52YK	YK52
88CD	N52YT	YK52
88D0	N52YW	YK52
88D4	N52Z	B06
88DB	N52ZG	C525
88E0	N52ZM	DA40
88EA	N52ZX	AS55
88EC	N52ZZ	GLIM
88ED	N520	C77R
88EE	N520A	B14A
88EF	N520AA	FALC
88F0	N520AB	C421
88F4	N520AF	P28A
88F6	N520AH	AS50
88F7	N520AJ	C560
88FB	N520AN	H500
88FC	N520AP	H500
88FE	N520AR	P28R
88FF	N520AS	B738
8900	N520AT	PIAT
8903	N520AW	FA20
8906	N520AZ	PA23
8909	N520BB	P28A
890A	N520BC	SR22
890C	N520BE	C510
8913	N520BM	GLIM
8914	N520BN	BN2P
8915	N520BP	C560
8918	N520BS	RV8
8919	N520BT	RV7
891C	N520BW	LGEZ
8921	N520CA	AC11
8922	N520CB	C185
8924	N520CD	C182
8925	N520CE	S22T
8926	N520CF	AS65
8927	N520CG	PTMS
892A	N520CK	ASTR
892C	N520CM	GLF4
892E	N520CP	YK52
8930	N520CR	C25C
8931	N520CS	PA31
8932	N520CT	S22T
8935	N520CW	P28A
8936	N520CX	C750
893C	N520DC	CRJ7
893D	N520DD	BE20
893E	N520DE	A21N
893F	N520DF	C25A
8940	N520DG	BE20
8943	N520DK	EXEC
8945	N520DM	EGRT
8946	N520DN	A359
8949	N520DR	AC50
894A	N520DS	DA40
894B	N520DT	EC20
894E	N520DW	FDCT
8953	N520EA	H500
8959	N520EG	EGRT
895E	N520EM	GL7T
8960	N520EP	C82T
8962	N520ER	C172
896B	N520F	FOUG
896D	N520FB	E550
8971	N520FF	HUCO
8976	N520FL	P28A
897C	N520FS	C82T
8981	N520FX	CL30
8984	N520G	C680
8986	N520GB	C25A
898D	N520GJ	CRJ7
898E	N520GK	H500
8992	N520GP	GLF4
8995	N520GS	SR22
899D	N520H	EN28
89A0	N520HC	MD52
89AB	N520HP	P46T
89AE	N520HS	H500
89AF	N520HT	T34P
89B7	N520JA	PC12
89B8	N520JB	A320
89B9	N520JC	C150
89BB	N520JE	YK52
89BD	N520JG	CRJ7
89C2	N520JM	C510
89C7	N520JS	AC50
89CB	N520JW	PA32
89D1	N520KB	RV10
89D2	N520KC	C25B
89D8	N520KJ	BE20
89E0	N520KS	C172
89E4	N520KW	C185
89E6	N520KY	H500
89E8	N520L	LEG2
89E9	N520LA	AT5T
89ED	N520LE	YK52
89EE	N520LF	GALX
89F0	N520LH	C172
89F3	N520LL	BE58
89F8	N520LR	H25C
89FD	N520LW	RV10
8A01	N520M	B06
8A02	N520MA	P32R
8A03	N520MB	E550
8A04	N520MC	BE20
8A05	N520MD	H500
8A06	N520ME	EC35
8A08	N520MG	H500
8A09	N520MH	H500
8A0D	N520MM	RV4
8A12	N520MS	PA44
8A13	N520MT	B407
8A1A	N520N	H500
8A1B	N520NA	GLF2
8A1F	N520NE	C402
8A26	N520NM	H500
8A2F	N520NW	H500
8A31	N520NY	H500
8A33	N520P	RV7
8A34	N520PA	H500
8A36	N520PC	GLST
8A37	N520PD	H500
8A3D	N520PK	BE36
8A3E	N520PL	C172
8A41	N520PP	HUSK
8A44	N520PS	CRUZ
8A45	N520PT	FOX
8A4B	N520PZ	H500
8A57	N520QL	RV7
8A5D	N520QS	C68A
8A66	N520RA	DA62
8A68	N520RC	LNCE
8A6C	N520RG	C172
8A6E	N520RJ	GLIM
8A70	N520RL	B06
8A72	N520RN	AC50
8A73	N520RP	CL30
8A75	N520RR	RV8
8A76	N520RS	GLIM
8A79	N520RV	RV14
8A80	N520SB	H25C
8A81	N520SC	F2TH
8A82	N520SD	AT5T
8A84	N520SF	CAMP
8A90	N520ST	HDJT
8A92	N520SV	H60
8A97	N520T	BE95
8A98	N520TA	A319
8A99	N520TB	FOX
8A9A	N520TC	FA20
8A9B	N520TD	SF50
8A9E	N520TG	RV12
8AA0	N520TJ	S22T
8AA3	N520TM	BE40
8AA7	N520TR	SF50
8AAD	N520TX	RV7
8ACA	N520VA	C185
8ACC	N520VC	H500
8AD4	N520VL	A320
8ADB	N520VT	PTS1
8AE4	N520WB	C82T
8AEA	N520WH	H500
8AEC	N520WK	SR22
8AF3	N520WS	BE40
8AF4	N520WT	CH75
8AFB	N520X	P28A
8B09	N520XP	AT5T
8B1C	N520YH	C185
8B2C	N520YZ	SR20
8B35	N520ZH	C172
8B47	N5200A	C82T
8B4B	N5200E	C180
8B4C	N5200F	C172
8B4D	N5200G	O1
8B4E	N5200H	C172
8B50	N5200K	UH1
8B51	N5200L	P28A
8B52	N5200M	TAYB
8B53	N5200N	ST75
8B55	N5200Q	C210
8B57	N5200S	SVNH
8B58	N5200T	P28A
8B5B	N5200W	H500
8B5C	N5200X	T206
8B63	N52004	C180
8B65	N52006	T6
8B68	N52009	C180
8B6A	N5201A	T210
8B6C	N5201C	M20P
8B6D	N5201D	M20P
8B6E	N5201E	C172
8B70	N5201G	O1
8B71	N5201H	C172
8B74	N5201L	M20P
8B76	N5201N	M20P
8B78	N5201Q	C172
8B79	N5201R	C172
8B7A	N5201S	PA32
8B7B	N5201T	P28R
8B7C	N5201U	M20P
8B7D	N5201V	M20P
8B7E	N5201W	P28A
8B7F	N5201X	M20P
8B80	N5201Y	M20P
8B81	N5201Z	PA22
8B82	N52010	C180
8B84	N52012	C172
8B85	N52013	C172
8B86	N52014	ST75
8B87	N52015	C77R
8B88	N52016	C180
8B89	N52017	C77R
8B8B	N52019	C77R
8B8C	N5202	GLST
8B8E	N5202B	C162
8B8F	N5202C	BE35
8B91	N5202E	C172
8B92	N5202F	C172
8B95	N5202J	C172
8B96	N5202K	NAVI
8B99	N5202N	C182
8B9C	N5202R	C172
8B9D	N5202S	PA32
8B9E	N5202T	P28R
8BA0	N5202V	C72R
8BA1	N5202W	P28A
8BA3	N5202Y	AS50
8BA7	N52022	ST75
8BA8	N52023	C162
8BAB	N52026	C180
8BAC	N52027	ST75
8BAD	N52028	RELI
8BB0	N5203A	T210
8BB2	N5203C	BE35
8BB3	N5203D	C172
8BB5	N5203F	C172
8BB7	N5203H	C172
8BB9	N5203K	NAVI
8BBA	N5203L	P28A
8BBC	N5203N	C182
8BBD	N5203P	PA24
8BBE	N5203Q	C150
8BC2	N5203U	C206
8BC3	N5203V	YK50
8BC5	N5203X	T206
8BC7	N5203Z	PA22
8BC8	N52030	C162
8BCA	N52032	C180
8BCC	N52034	C172
8BCD	N52035	C180
8BD5	N5204C	BE35
8BD7	N5204E	C82R
8BD8	N5204F	C172
8BD9	N5204G	AS50
8BDB	N5204J	AS50
8BDD	N5204L	P28A
8BDE	N5204M	BE19
8BDF	N5204N	C172
8BE0	N5204P	AS50
8BE1	N5204Q	C150
8BE3	N5204S	C182
8BE5	N5204U	C162
8BE6	N5204V	C72R
8BE8	N5204X	AS50
8BE9	N5204Y	AS50
8BEA	N5204Z	PA22
8BEB	N52040	C162
8BEF	N52044	C77R
8BF1	N52046	C77R
8BF3	N52048	C172
8BF4	N52049	C162
8BF5	N5205	GLST
8BF7	N5205B	M20P
8BF9	N5205D	C172
8BFA	N5205E	C180
8BFC	N5205G	H500
8BFF	N5205K	NAVI
8C03	N5205P	PA24
8C05	N5205R	C172
8C06	N5205S	PA32
8C07	N5205T	P28A
8C08	N5205U	C82S
8C09	N5205V	C172
8C0A	N5205W	P28A
8C0E	N52050	C77R
8C11	N52053	J3
8C12	N52054	C162
8C13	N52055	C180
8C14	N52056	C162
8C15	N52057	C72R
8C19	N5206A	C310
8C1B	N5206C	BE35
8C1D	N5206E	C180
8C20	N5206H	PA16
8C22	N5206K	NAVI
8C23	N5206L	P28A
8C24	N5206M	C152
8C26	N5206P	PA24
8C27	N5206Q	UH1
8C28	N5206R	C172
8C29	N5206S	C172
8C2B	N5206U	C206
8C2F	N5206Y	PA23
8C30	N5206Z	PA22
8C31	N52060	C77R
8C32	N52061	C77R
8C33	N52062	C172
8C34	N52063	C180
8C36	N52065	C180
8C37	N52066	COY2
8C38	N52067	C180
8C3D	N5207B	C162
8C40	N5207E	UH1
8C41	N5207F	C172
8C45	N5207K	NAVI
8C46	N5207L	P28A
8C47	N5207M	TAYB
8C48	N5207N	ST75
8C4A	N5207Q	C172
8C4B	N5207R	C162
8C4C	N5207S	PA32
8C4E	N5207U	UH1
8C51	N5207X	C320
8C53	N5207Z	C162
8C54	N52070	C172
8C56	N52072	C82T
8C58	N52074	C77R
8C59	N52075	ST75
8C5A	N52076	C77R
8C5B	N52077	CRER
8C5D	N52079	FA62
8C5F	N5208A	C310
8C62	N5208D	C172
8C63	N5208E	C180
8C64	N5208F	C172
8C65	N5208G	O1
8C66	N5208H	PA16
8C67	N5208J	C172
8C68	N5208K	C172
8C6A	N5208M	TAYB
8C6B	N5208N	NAVI
8C6C	N5208P	PA24
8C6D	N5208Q	C150
8C6E	N5208R	C72R
8C6F	N5208S	C82T
8C70	N5208T	P28A
8C71	N5208U	C206
8C72	N5208V	C162
8C73	N5208W	P28A
8C79	N52082	C172
8C7A	N52083	C180
8C7B	N52084	C180
8C7E	N52087	C77R
8C7F	N52088	ST75
8C80	N52089	ST75
8C82	N5209A	B738
8C84	N5209C	C210
8C85	N5209D	C180
8C87	N5209F	C82S
8C88	N5209G	O1
8C89	N5209H	PA16
8C8A	N5209J	C310
8C8C	N5209L	P28A
8C8E	N5209N	C182
8C8F	N5209P	C82S
8C90	N5209Q	C150
8C91	N5209R	C172
8C95	N5209V	C72R
8C96	N5209W	P28A
8C9A	N52090	C172
8C9C	N52092	C162
8C9D	N52093	C77R
8C9F	N52095	C180
8CA0	N52096	C180
8CA4	LZ-MAN	NG5
8CA6	N521AA	C25B
8CA7	N521AB	G280
8CA9	N521AD	C310
8CAA	N521AE	CRJ7
8CAB	N521AF	C82T
8CAC	N521AG	M20P
8CAD	N521AH	B06
8CB1	N521AM	HUSK
8CB6	N521AS	P32R
8CB9	N521AV	GA8
8CBA	N521AW	PA31
8CBE	N521B	PL4
8CBF	N521BA	SR20
8CC0	N521BB	C56X
8CD1	N521BU	C680
8CD6	N521BZ	B06
8CD9	N521CB	M20P
8CDA	N521CC	GLIM
8CDB	N521CD	SR22
8CDE	N521CG	GLIM
8CDF	N521CH	LJ45
8CE2	N521CL	F900
8CE3	N521CM	SR20
8CE5	N521CP	GLIM
8CE7	N521CR	PC24
8CE9	N521CT	FDCT
8CEC	N521CW	P28A
8CF2	N521DB	C82T
8CF4	N521DD	DA40
8CF8	N521DH	P28A
8CF9	N521DJ	C82S
8CFC	N521DM	C172
8CFD	N521DN	A359
8CFE	N521DP	BE35
8D02	N521DT	A21N
8D04	N521DV	CLBR
8D05	N521DW	LNC2
8D08	N521DZ	HUSK
8D09	N521E	BE33
8D0C	N521EC	E55P
8D0E	N521EE	PA23
8D0F	N521EF	C140
8D17	N521EP	C172
8D19	N521ER	C172
8D27	N521FE	MD11
8D2A	N521FH	M20P
8D2D	N521FL	FA20
8D34	N521FT	BE20
8D38	N521FX	CL30
8D3C	N521GA	GLF5
8D43	N521GH	R44
8D44	N521GJ	CRJ7
8D4C	N521GS	COL4
8D4F	N521GV	GLF5
8D56	N521HB	H500
8D57	N521HC	RV12
8D5C	N521HH	GLIM
8D62	N521HP	T206
8D6F	N521JB	A320
8D70	N521JC	BE58
8D71	N521JD	C172
8D77	N521JK	H25B
8D79	N521JM	PA31
8D7B	N521JP	C180
8D7F	N521JT	C172
8D82	N521JW	FDCT
8D86	N521K	G2T1
8D88	N521KB	PA34
8D92	N521KM	C210
8D96	N521KR	C56X
8DA0	N521LA	AT5T
8DA1	N521LB	BE9L
8DA2	N521LC	SR22
8DA3	N521LD	C172
8DA5	N521LF	C560
8DAB	N521LM	SR22
8DAF	N521LR	CRJ7
8DB0	N521LS	R44
8DBA	N521MB	E545
8DBB	N521MC	C172
8DBF	N521MG	PA46
8DC4	N521MM	PA46
8DCA	N521MT	B407
8DCD	N521MW	PA24
8DD1	N521N	E55P
8DD5	N521ND	C172
8DD8	N521NG	SLG4
8DDB	N521NK	A319
8DEA	N521P	S22T
8DEB	N521PA	H500
8DED	N521PC	PC12
8DEE	N521PD	H500
8DEF	N521PE	E55P
8DF0	N521PF	C25A
8DF6	N521PM	PA31
8DFA	N521PR	IS28
8DFB	N521PS	PA18
8DFF	N521PW	BE36
8E04	N521QA	DA42
8E14	N521QS	C68A
8E1F	N521RC	B407
8E22	N521RF	C206
8E25	N521RJ	RV4
8E27	N521RL	R22
8E28	N521RM	C421
8E2B	N521RQ	A119
8E2D	N521RS	H269
8E2E	N521RT	PC12
8E37	N521SB	GLF5
8E38	N521SC	C210
8E3B	N521SF	M20P
8E3C	N521SG	M20P
8E3D	N521SH	A320
8E40	N521SL	GLIM
8E45	N521SR	SR20
8E46	N521SS	DV20
8E47	N521ST	O1
8E4A	N521SW	B735
8E4E	N521T	NAVI
8E4F	N521TA	A319
8E51	N521TC	H500
8E58	N521TK	C82T
8E5A	N521TM	C550
8E5E	N521TR	VELO
8E5F	N521TS	SR22
8E60	N521TT	AA5
8E64	N521TX	PC12
8E7C	N521UW	A321
8E80	N521V	GLAS
8E81	N521VA	A319
8E8B	N521VL	A320
8E8E	N521VP	C560
8E90	N521VR	BE35
8E92	N521VT	C180
8E9B	N521WB	BE9L
8EA7	N521WP	S22T
8EAA	N521WS	BE58
8EB2	N521X	P28B
8EBD	N521XL	XL2
8EC0	N521XP	AT5T
8EE4	N521Z	SR22
8EE5	N521ZA	S22T
8EE6	N521ZB	C525
8EF0	N521ZM	SR22
8EFE	N5210A	C172
8F01	N5210D	C180
8F03	N5210F	C172
8F04	N5210G	O1
8F07	N5210K	NAVI
8F08	N5210L	P28A
8F09	N5210M	TAYB
8F0C	N5210Q	C82T
8F0D	N5210R	C172
8F0F	N5210T	P28R
8F11	N5210V	C72R
8F15	N5210Z	C162
8F16	N52100	C172
8F17	N52101	C77R
8F18	N52102	C180
8F1A	N52104	C180
8F1B	N52105	C180
8F1C	N52106	C172
8F1D	N52107	ST75
8F1E	N52108	C180
8F20	N5211	TOOT
8F23	N5211C	T210
8F27	N5211G	O1
8F29	N5211J	C310
8F2A	N5211K	NAVI
8F2B	N5211L	P28A
8F2C	N5211M	C172
8F2D	N5211N	C162
8F2E	N5211P	PA24
8F32	N5211T	RV8
8F34	N5211V	T206
8F35	N5211W	P28A
8F37	N5211Y	C162
8F38	N5211Z	M20P
8F39	N52110	C162
8F3B	N52112	C180
8F42	N52119	C172
8F45	N5212B	M20P
8F47	N5212D	C180
8F48	N5212E	C172
8F4A	N5212G	O1
8F4C	N5212J	C172
8F4D	N5212K	C172
8F50	N5212N	C182
8F53	N5212R	C162
8F54	N5212S	PA32
8F55	N5212T	C82R
8F59	N5212X	C172
8F5A	N5212Y	C162
8F5B	N5212Z	PA22
8F5C	N52120	C77R
8F5D	N52121	ST75
8F5E	N52122	ST75
8F5F	N52123	C172
8F63	N52127	ST75
8F64	N52128	C82S
8F65	N52129	ST75
8F69	N5213C	BE35
8F6C	N5213F	C172
8F6D	N5213G	O1
8F6E	N5213H	C172
8F70	N5213K	C162
8F71	N5213L	P28A
8F72	N5213M	C172
8F74	N5213P	PA24
8F75	N5213Q	C150
8F76	N5213R	C172
8F78	N5213T	PA34
8F79	N5213U	C162
8F7B	N5213W	P28A
8F7C	N5213X	CH7B
8F7D	N5213Y	PA23
8F7E	N5213Z	C162
8F7F	N52130	C180
8F80	N52131	ST75
8F81	N52132	C77R
8F83	N52134	C180
8F84	N52135	ST75
8F88	N52139	C172
8F8A	N5214A	C310
8F8B	N5214B	M20P
8F8C	N5214C	T210
8F8D	N5214D	C180
8F8F	N5214F	C162
8F90	N5214G	O1
8F91	N5214H	PA16
8F95	N5214M	BE23
8F98	N5214Q	C150
8F9F	N5214X	CH7B
8FA5	N52143	ST75
8FA7	N52145	C180
8FA8	N52146	ST75
8FAA	N52148	C180
8FAB	N52149	C180
8FAD	N5215A	M20P
8FB0	N5215D	C172
8FB1	N5215E	C172
8FB2	N5215F	C172
8FB3	N5215G	C310
8FB4	N5215H	PA16
8FB5	N5215J	C172
8FB6	N5215K	C162
8FB7	N5215L	P28A
8FB9	N5215N	C182
8FBD	N5215S	PA32
8FBE	N5215T	P28A
8FC0	N5215V	CORS
8FC1	N5215W	P28A
8FC2	N5215X	CH7B
8FC4	N5215Z	FA62
8FC7	N52152	C77R
8FC9	N52154	C77R
8FCA	N52155	C180
8FCB	N52156	C77R
8FCD	N52158	C180
8FCE	N52159	FA62
8FD2	N5216C	BE35
8FD3	N5216D	C180
8FD4	N5216E	M20P
8FD7	N5216H	PA16
8FDA	N5216L	C162
8FDB	N5216M	BE23
8FDC	N5216N	C162
8FE0	N5216S	PA32
8FE1	N5216T	P28A
8FE2	N5216U	C172
8FE3	N5216V	C72R
8FE4	N5216W	P28A
8FE6	N5216Y	PA23
8FE8	N52160	C172
8FE9	N52161	RV9
8FEC	N52164	FA62
8FED	N52165	C162
8FEF	N52167	C77R
8FF0	N52168	C172
8FF5	N5217C	T210
8FF6	N5217D	C172
8FF7	N5217E	C185
8FF9	N5217G	DHC2
8FFA	N5217H	C172
8FFB	N5217J	AVID
8FFD	N5217L	P28A
9000	N5217P	PA24
9001	N5217Q	C150
9004	N5217T	P28R
9005	N5217U	C206
9006	N5217V	C210
9007	N5217W	P28A
9008	N5217X	C162
900B	N52170	C180
900D	N52172	C180
9010	N52175	C180
9012	N52177	C77R
9018	N5218C	BE35
901A	N5218E	C82R
901B	N5218F	C172
901C	N5218G	C172
901F	N5218K	NAVI
9020	N5218L	P28A
9021	N5218M	TAYB
9022	N5218N	C182
9023	N5218P	PA24
9024	N5218Q	C172
9028	N5218U	C172
9029	N5218V	HROC
902C	N5218Y	C82T
9031	N52183	GLID
9035	N52187	C180
9036	N52188	C172
903D	N5219E	T206
9041	N5219J	C172
9043	N5219L	P28A
9045	N5219N	C182
9048	N5219R	C172
904A	N5219T	TRDO
904B	N5219U	C72R
904C	N5219V	C172
904E	N5219X	CH7A
9050	N5219Z	PA22
9051	N52190	C77R
9056	N52195	C77R
9058	N52197	C180
905A	N52199	C180
905D	N522AA	GA6C
905E	N522AB	RV9
9060	N522AD	CL35
9061	N522AE	CRJ7
9062	N522AF	C82T
9063	N522AG	R22
9065	N522AJ	C25A
9068	N522AM	C56X
9069	N522AN	PETR
906C	N522AR	SR22
906E	N522AT	TBM7
9072	N522AX	DC10
9075	N522B	PA18
907B	N522BF	AT6T
907C	N522BG	EXEC
9086	N522BS	T206
908F	N522CA	PA23
9090	N522CB	PA24
9091	N522CC	R44
9092	N522CD	SR22
909C	N522CP	SR22
909E	N522CR	PC12
909F	N522CS	C82T
90A3	N522CW	PA34
90A7	N522D	PA18
90A8	N522DA	A21N
90AA	N522DC	C172
90AB	N522DD	SR22
90AC	N522DE	CH75
90AE	N522DG	DA40
90AF	N522DH	BE35
90B1	N522DK	EA50
90B3	N522DM	RV6
90B4	N522DN	PA22
90B5	N522DP	CH60
90B7	N522DR	C150
90B8	N522DS	EXEC
90BD	N522DX	SR22
90BF	N522DZ	A359
90C0	N522E	PA23
90C5	N522EE	FA50
90C6	N522EF	RV8
90CE	N522EP	E50P
90D0	N522ER	C172
90D8	N522EZ	LGEZ
90D9	N522F	C172
90DA	N522FA	C402
90DE	N522FE	MD11
90E4	N522FL	P28A
90EA	N522FS	RV4
90EF	N522FX	CL30
90F2	N522G	BE95
90F3	N522GA	GLST
90F5	N522GC	C72R
90F6	N522GD	GLF5
90F9	N522GG	SRAI
90FA	N522GH	T210
90FB	N522GJ	CRJ7
90FD	N522GL	C525
90FF	N522GN	FOX
910B	N522H	WAIX
910D	N522HB	H500
9124	N522J	R22
9125	N522JA	C680
9126	N522JB	R66
9128	N522JD	P28A
912C	N522JH	C175
9130	N522JM	SA30
9132	N522JP	BE9L
9136	N522JT	HDJT
9139	N522JW	P28A
913D	N522K	C150
913E	N522KA	S22T
9143	N522KF	CC11
9144	N522KG	SR22
9145	N522KH	WAIX
9148	N522KL	C525
914B	N522KP	R22
914F	N522KT	C25A
9156	N522L	C210
9157	N522LA	AT8T
9159	N522LC	BABY
915D	N522LG	COL4
9161	N522LL	AT8T
9166	N522LR	CRJ7
9168	N522LT	BE9L
9169	N522LU	T6
9170	N522MA	B06
9171	N522MB	BE40
9172	N522MC	T206
9174	N522ME	EC45
9176	N522MG	SR22
9177	N522MH	GLF6
9178	N522MJ	BE9L
9179	N522MK	PA46
917B	N522MM	P32R
917D	N522MP	AT5T
9181	N522MT	B407
9183	N522MV	B430
9184	N522MW	RV6
9185	N522MX	C441
9189	N522NA	GLF4
918C	N522ND	C172
9192	N522NK	A319
9198	N522NR	B738
91A1	N522P	RV6
91AB	N522PK	S22T
91AD	N522PM	PA46
91B4	N522PU	SR22
91B6	N522PW	S22T
91BA	N522Q	TL30
91C0	N522QF	C72R
91CB	N522QS	C68A
91D3	N522R	DH82
91D4	N522RA	C82S
91D5	N522RB	BE58
91DA	N522RG	LEG2
91DB	N522RH	COL4
91DD	N522RK	S22T
91DE	N522RL	B407
91E7	N522RV	RV10
91E8	N522RW	FOX
91EE	N522SB	R22
91EF	N522SC	AS50
91F2	N522SF	SF2
91F3	N522SG	MM22
91F4	N522SH	RV8
91F6	N522SK	C172
91FC	N522SR	SR22
91FD	N522SS	C185
91FE	N522ST	HIGH
9205	N522T	S22T
9206	N522TA	A319
9207	N522TB	COY2
920B	N522TF	G2CA
920C	N522TG	BE20
920E	N522TJ	PA24
9210	N522TL	F900
9211	N522TM	R44
9216	N522TS	C172
9217	N522TT	H269
921A	N522TW	YK52
9237	N522V	SR22
9238	N522VA	A319
9242	N522VL	A320
9243	N522VM	RV6
9246	N522VQ	H60
9247	N522VR	GLF4
924D	N522VX	SF50
9250	N522W	PA24
9251	N522WA	PC12
9254	N522WD	C425
925C	N522WM	SR22
925E	N522WP	C525
9262	N522WT	SR22
9269	N522X	C172
9274	N522XL	RV10
9282	N522Y	G164
92B5	N5220A	C82T
92B6	N5220B	M20P
92B7	N5220C	BE35
92B9	N5220E	C180
92BA	N5220F	C172
92BB	N5220G	DHC2
92BE	N5220K	NAVI
92BF	N5220L	P28A
92C0	N5220M	C152
92C2	N5220P	PA24
92C4	N5220R	C172
92C6	N5220T	P28A
92C7	N5220U	B47G
92C9	N5220W	P28A
92CA	N5220X	BL8
92CB	N5220Y	PA23
92CC	N5220Z	KR2
92CD	N52200	C172
92CF	N52202	M20P
92D0	N52203	C172
92D1	N52204	C182
92D3	N52206	ST75
92D4	N52207	C182
92D5	N52208	C172
92D7	N5221	RV10
92D8	N5221A	T210
92DC	N5221E	C172
92DE	N5221G	DHC2
92E1	N5221K	NAVI
92E2	N5221L	P28A
92E3	N5221M	TAYB
92E4	N5221N	P28A
92E7	N5221R	C172
92E8	N5221S	PA32
92EA	N5221U	C72R
92EC	N5221W	P28A
92ED	N5221X	CH7A
92F0	N52210	RV6
92F2	N52212	ST75
92F3	N52213	C182
92F4	N52214	C182
92F7	N52217	C172
92F8	N52218	C172
92F9	N52219	C172
92FA	N5222	ST75
92FB	N5222A	ST75
92FE	N5222D	C172
92FF	N5222E	C180
9301	N5222G	C82S
9302	N5222H	PA16
9303	N5222J	C172
9308	N5222P	PA24
930A	N5222R	C185
930C	N5222T	P337
9312	N5222Z	PA22
9313	N52220	C172
9317	N52224	FA62
9318	N52225	C182
9319	N52226	C182
931E	N5223A	T210
9320	N5223C	WIND
9325	N5223H	PA16
9326	N5223J	M20P
9328	N5223L	C152
9329	N5223M	C206
932C	N5223Q	C150
932D	N5223R	C172
932E	N5223S	T206
932F	N5223T	P28A
9331	N5223V	C72R
9332	N5223W	P28A
9335	N5223Z	PA22
9338	N52232	C172
933C	N52236	ST75
933D	N52237	ST75
9344	N5224D	C180
9345	N5224E	C172
9346	N5224F	C172
9347	N5224G	C172
934A	N5224K	C172
934B	N5224L	P28A
934F	N5224Q	C150
9352	N5224T	P28A
9353	N5224U	C206
935A	N52241	C172
935C	N52243	C172
935E	N52245	BL8
935F	N52246	C172
9367	N5225D	C172
9368	N5225E	C180
936E	N5225L	C82T
9370	N5225N	C182
9372	N5225Q	C150
9373	N5225R	C82T
9375	N5225T	P28R
9377	N5225V	T210
9378	N5225W	P28A
937A	N5225Y	C82S
937B	N5225Z	PA22
937C	N52250	C172
937D	N52251	C182
937E	N52252	C172
937F	N52253	C182
9381	N52255	C182
9382	N52256	C182
9389	N5226C	BE35
938A	N5226D	C172
938E	N5226H	PA16
938F	N5226J	C172
9390	N5226K	T206
9391	N5226L	P28A
9392	N5226M	BE23
9393	N5226N	C182
9394	N5226P	PA24
9395	N5226Q	T206
9396	N5226R	SR22
9399	N5226U	C206
939B	N5226W	P28A
939D	N5226Y	PA23
939E	N5226Z	PA22
93A0	N52261	C172
93A1	N52262	C172
93A6	N52267	C172
93AA	N5227A	B738
93AB	N5227B	M20P
93AD	N5227D	C172
93AE	N5227E	C172
93B2	N5227J	C340
93B4	N5227L	P28A
93B7	N5227P	PA24
93B8	N5227Q	C150
93B9	N5227R	C185
93BA	N5227S	C82T
93C1	N5227Z	PA22
93C3	N52271	MC90
93C4	N52272	C172
93C7	N52275	C172
93CA	N52278	T206
93CB	N52279	C172
93D1	N5228E	C172
93D2	N5228F	C172
93D6	N5228K	NAVI
93D9	N5228N	C182
93DA	N5228P	PA24
93DE	N5228T	PA34
93DF	N5228U	C206
93E0	N5228V	T210
93E2	N5228X	CH7A
93E5	N52280	C172
93E7	N52282	ST75
93E8	N52283	ST75
93EA	N52285	T206
93EB	N52286	C172
93EC	N52287	ST75
93EE	N52289	C172
93F1	N5229B	C152
93F2	N5229C	T206
93F3	N5229D	C172
93F4	N5229E	C172
93F5	N5229F	C172
93F7	N5229H	PA16
93FF	N5229R	C172
9400	N5229S	PA32
9401	N5229T	P28R
9404	N5229W	P28A
9405	N5229X	CH7A
9407	N5229Z	PA22
9408	N52290	C172
940B	N52293	ST75
9415	N523AB	C172
9418	N523AE	CRJ7
9419	N523AF	P28A
941C	N523AJ	BE40
9423	N523AR	CL60
9424	N523AS	B738
9425	N523AT	AC50
9427	N523AV	GA8
942C	N523B	BE58
942D	N523BA	COL4
942E	N523BB	AT8T
9430	N523BD	BDOG
9432	N523BF	AT8T
9434	N523BH	P28A
9436	N523BK	FOX
943A	N523BP	PA18
9445	N523C	BE36
9447	N523CB	C25B
9449	N523CD	PA32
944E	N523CJ	RV7
944F	N523CK	RV9
9451	N523CM	SR22
9453	N523CP	H500
9457	N523CT	R44
945A	N523CW	P28A
9460	N523DB	B36T
9469	N523DL	SR20
946A	N523DM	E55P
946C	N523DP	RV6
946E	N523DR	PRM1
946F	N523DS	FOX
9470	N523DT	C182
9472	N523DV	C25B
9473	N523DW	C182
947A	N523EC	EC45
947D	N523EF	BE60
947F	N523EH	B212
9487	N523ER	C172
948F	N523EZ	LGEZ
9495	N523FE	MD11
949B	N523FL	P28A
94A1	N523FS	SONX
94A6	N523FX	CL30
94AC	N523GC	C25C
94B2	N523GJ	CRJ7
94BB	N523GT	RV12
94BE	N523GW	SR22
94C4	N523HB	H500
94C6	N523HD	C25B
94D4	N523HT	CH70
94D6	N523HV	C25C
94DB	N523J	CRER
94DD	N523JB	A320
94DE	N523JC	RV6
94E2	N523JG	CL60
94E7	N523JM	GLF4
94EC	N523JS	M20P
94ED	N523JT	M20P
94F4	N523K	RV6
94F7	N523KC	R22
9500	N523KM	S22T
9506	N523KT	SR22
9510	N523LC	RS12
951D	N523LR	SF50
951F	N523LT	DA40
9526	N523M	PA18
9528	N523MB	C310
952D	N523MG	MM16
9530	N523MK	S22T
9531	N523ML	PA46
9538	N523MT	EC35
953B	N523MW	M20P
9541	N523NB	C295
9543	N523ND	C172
9549	N523NK	A319
954B	N523NM	EC35
9558	N523P	BE36
955B	N523PC	B407
955C	N523PD	PA31
955F	N523PG	SR20
9560	N523PH	T206
9564	N523PM	TS11
956B	N523PU	P28A
9571	N523Q	BE35
9582	N523QS	C68A
958B	N523RA	C240
958C	N523RB	AT8T
958D	N523RC	T210
9592	N523RH	AS50
9593	N523RJ	RV8
9595	N523RL	B06
9596	N523RM	RV7
959A	N523RR	GLIM
959B	N523RS	SR22
95A3	N523S	AEA1
95A6	N523SC	PA18
95AB	N523SH	B36T
95AF	N523SM	C82S
95B1	N523SP	T206
95BC	N523T	BE35
95BD	N523TA	C25B
95BE	N523TB	VELO
95BF	N523TC	BE35
95C0	N523TD	B06
95C5	N523TJ	R66
95D0	N523TV	S22T
95D1	N523TW	PC12
95EA	N523UW	A321
95EF	N523VA	A319
95F9	N523VL	A320
9609	N523WB	RV8
960A	N523WC	E550
960E	N523WG	H25B
9613	N523WM	J3
962B	N523XL	XL2
9653	N523ZA	BE35
9670	N5230E	C82R
9674	N5230J	AS50
9676	N5230L	C152
9677	N5230M	TAYB
9678	N5230N	C182
9679	N5230P	PA24
967E	N5230U	C206
9680	N5230W	P28A
9682	N5230Y	M20P
9685	N52301	C182
9688	N52304	C182
9689	N52305	C182
968A	N52306	C182
968C	N52308	C182
9691	N5231C	T206
9692	N5231D	C180
9696	N5231H	C172
9698	N5231K	P28A
969A	N5231M	T206
969B	N5231N	C182
969D	N5231Q	C172
969E	N5231R	C172
96A0	N5231T	C82R
96A2	N5231V	C172
96A3	N5231W	P28A
96A4	N5231X	CH7A
96AB	N52314	C182
96AF	N52318	C182
96B5	N5232D	C172
96B7	N5232F	C172
96BB	N5232K	C172
96BC	N5232L	P28A
96BE	N5232N	C182
96BF	N5232P	PA24
96C3	N5232T	P28A
96C4	N5232U	C206
96C6	N5232W	P28A
96C9	N5232Z	PA22
96CB	N52321	C182
96CC	N52322	C182
96CE	N52324	C182
96D0	N52326	P28A
96D2	N52328	C182
96D3	N52329	C182
96D5	N5233A	B738
96D9	N5233E	C172
96DB	N5233G	O1
96DF	N5233L	P28A
96E2	N5233P	C152
96E4	N5233R	CH7A
96E6	N5233T	P28A
96E7	N5233U	C206
96EE	N52331	C172
96EF	N52332	C182
96F1	N52334	C182
96F7	N5234	WAIX
96FB	N5234D	C172
96FD	N5234F	C172
96FE	N5234G	O1
9702	N5234L	P28A
9705	N5234P	PA24
9707	N5234R	C172
970D	N5234X	CH7A
970F	N5234Z	C172
9711	N52341	C172
9712	N52342	C182
9714	N52344	C172
9716	N52346	TAYD
9719	N52349	C182
971C	N5235B	P32R
971D	N5235C	C206
971E	N5235D	C180
9720	N5235F	C172
9722	N5235H	PA16
9724	N5235K	NAVI
9725	N5235L	P28A
9726	N5235M	TAYB
9728	N5235P	PA24
9729	N5235Q	C150
972A	N5235R	C172
972E	N5235V	SR20
972F	N5235W	NPOR
9730	N5235X	CH7A
9733	N52350	AR6T
973D	N5236	G164
973F	N5236B	M20P
9741	N5236D	C180
9745	N5236H	C152
9749	N5236M	BE76
974C	N5236Q	C150
974E	N5236S	AT3P
9750	N5236U	C82S
9751	N5236V	C82S
9754	N5236Y	PA23
9755	N5236Z	PA22
975A	N52364	C172
975C	N52366	C182
975D	N52367	FOX
975E	N52368	C182
9761	N5237A	B738
9765	N5237E	C180
9766	N5237F	C172
9768	N5237H	C172
976A	N5237K	NAVI
976B	N5237L	P28A
976C	N5237M	TAYB
976F	N5237Q	C150
9770	N5237R	E50P
9772	N5237T	P28A
9777	N5237Y	C82S
977A	N52371	C172
977B	N52372	C182
977C	N52373	C182
977E	N52375	C182
977F	N52376	C182
9782	N52379	C182
9783	N5238	CH7A
9786	N5238C	H500
9787	N5238D	C180
978B	N5238H	C82S
978D	N5238K	C172
978E	N5238L	P28A
978F	N5238M	TAYB
9790	N5238N	PA18
9791	N5238P	PA24
9792	N5238Q	C150
9794	N5238S	AT3P
9797	N5238V	M20P
9798	N5238W	P28A
9799	N5238X	FB1A
979B	N5238Z	PA22
979C	N52380	C182
979D	N52381	C182
979F	N52383	C182
97A0	N52384	C172
97A1	N52385	H269
97A5	N52389	C182
97A8	N5239B	C152
97A9	N5239C	BE35
97AA	N5239D	C180
97AC	N5239F	C172
97AD	N5239G	C172
97B0	N5239K	C172
97B1	N5239L	P28A
97B4	N5239P	PA24
97B7	N5239S	C82R
97B8	N5239T	P28A
97BD	N5239Y	C82T
97BE	N5239Z	PA22
97C2	N52393	C182
97C3	N52394	PA31
97C7	N52398	C182
97CD	N524AC	GLF5
97CF	N524AE	CRJ7
97D1	N524AG	GLF5
97D2	N524AH	R22
97D5	N524AL	EC20
97D6	N524AM	PA31
97D8	N524AP	RV9
97DA	N524AR	SR20
97DB	N524AS	B738
97DE	N524AV	GA8
97E3	N524B	CH60
97E5	N524BB	C56X
97E6	N524BC	C172
97EB	N524BH	GLAS
97EE	N524BL	C210
97F2	N524BQ	C82S
97F3	N524BR	P46T
97F4	N524BS	BE36
97F5	N524BT	CH7B
97F8	N524BW	FDCT
97FD	N524CA	C402
97FE	N524CB	BE58
9800	N524CD	BE36
9802	N524CF	A4
9804	N524CH	AS50
9806	SP-YIT	YK52
9809	N524CN	BE36
980A	N524CP	C82T
980E	N524CT	ST75
9810	N524CV	BE9L
9811	N524CW	P28A
9816	N524DA	SR22
9818	N524DC	RV8
981A	N524DE	A21N
9821	N524DM	C56X
9823	N524DP	C56X
9825	N524DR	PA18
9826	N524DS	DA40
982F	N524EA	GLF6
9830	XC-DMA	B407
9831	N524EC	S22T
983A	N524EM	C182
983E	N524ER	PA31
983F	N524ES	LNCE
984B	N524FD	B505
984C	N524FE	MD11
9852	N524FL	P28A
985D	N524FX	CL30
9860	N524G	HROC
9869	N524GJ	CRJ7
986C	N524GM	BE20
9870	N524GR	BD4
9871	N524GS	EAGL
9872	N524GT	PC12
987C	N524HC	LJ31
987F	N524HF	C152
9880	N524HG	R44
9882	N524HJ	HDJT
9887	N524HP	SF50
9889	N524HR	R44
988A	N524HS	BE36
9893	N524JA	PA24
9894	N524JB	A320
9896	N524JD	A139
9899	N524JG	LNP4
989F	N524JN	RV6
98A0	N524JP	HIGH
98A3	N524JS	YK52
98AC	N524KA	E50P
98AE	N524KC	PA32
98C7	N524LC	SRAI
98D4	N524LR	H25C
98DD	N524M	P28R
98E0	RP-C1100	C206
98E7	N524MK	SR20
98EB	N524MP	RV14
98ED	N524MR	BE20
98EF	N524MT	EC35
98F2	N524MW	EC20
98F6	N524N	DA40
98F7	N524NA	FA20
98F8	XC-HDF	B407
98F9	N524NC	E50P
98FA	N524ND	C172
9900	N524NK	A319
990F	N524P	P28R
9910	N524PA	LJ35
9911	N524PB	S92
9912	N524PC	BE30
9913	N524PD	BE33
9914	N524PE	BE58
9916	N524PG	SR20
9918	N524PJ	J3
991B	N524PM	P46T
9920	N524PS	DA40
9922	N524PU	P28A
9928	N524Q	BE55
9939	N524QS	C68A
9943	N524RB	RV6
9944	N524RC	TRDO
9945	N524RD	PC12
994B	N524RK	C180
9951	N524RR	GLF6
9953	N524RT	BE58
995D	N524SC	P28A
995F	N524SE	BE20
9962	N524SH	TS11
9963	N524SJ	RV9
9965	N524SL	SS2T
9968	N524SP	B407
996A	N524SR	SR22
996C	N524ST	SSTL
996E	N524SV	SS2T
9973	N524T	RV4
9974	N524TA	A319
9976	N524TC	RV6
9979	N524TF	C25M
997A	N524TG	COL4
997D	N524TK	YK52
997E	N524TL	M20P
9984	N524TS	BE9L
99A1	N524UW	A321
99A6	N524VA	A319
99AA	N524VE	GLF5
99B0	N524VL	A320
99C0	N524WB	CH65
99C2	N524WD	PA18
99C4	N524WF	EC35
99D8	N524XA	C550
99E2	N524XL	XL2
99F0	N524Y	G164
9A25	N5240C	BE35
9A26	N5240D	C180
9A27	N5240E	C172
9A29	N5240G	O1
9A2A	N5240H	PA16
9A30	N5240P	PA24
9A31	N5240Q	C150
9A32	N5240R	C172
9A34	N5240T	P28A
9A35	N5240U	M20P
9A37	N5240W	P28A
9A38	N5240X	CH7A
9A3A	N5240Z	PA22
9A3B	N52400	C182
9A3D	N52402	C182
9A40	N52405	C182
9A41	N52406	C182
9A44	N52409	C182
9A49	N5241D	C172
9A4A	N5241E	C172
9A4B	N5241F	C172
9A4D	N5241H	PA16
9A4E	N5241J	C172
9A50	N5241L	P28A
9A51	N5241M	PP2
9A52	N5241N	FOX
9A53	N5241P	C152
9A54	N5241Q	C152
9A56	N5241S	C82S
9A57	N5241T	C182
9A5F	N52411	VALI
9A61	N52413	S1
9A63	N52415	C182
9A64	N52416	C182
9A65	N52417	C172
9A66	N52418	C182
9A67	N52419	T6
9A6C	N5242D	C172
9A6D	N5242E	C180
9A6F	N5242G	O1
9A70	N5242H	PA16
9A72	N5242K	NAVI
9A73	N5242L	P28A
9A75	N5242N	C82S
9A76	N5242P	PA24
9A77	N5242Q	C150
9A78	N5242R	C172
9A79	N5242S	PA32
9A7B	N5242U	C82S
9A7E	N5242X	CH7B
9A80	N5242Z	PA22
9A81	N52420	C182
9A83	N52422	C182
9A85	N52424	T28
9A87	N52426	C172
9A88	N52427	FA24
9A8F	N5243D	C180
9A90	N5243E	C172
9A93	N5243H	PA16
9A96	N5243L	P28A
9A97	N5243M	TAYB
9A99	N5243P	PA24
9A9A	N5243Q	C152
9A9B	N5243R	C172
9A9D	N5243T	C82S
9AA0	N5243W	P28A
9AA1	N5243X	CH7B
9AA4	N52430	C182
9AA5	N52431	C182
9AA6	N52432	C172
9AAA	N52436	C172
9AAB	N52437	PA31
9AAC	N52438	C172
9AAE	N5244	SA3
9AB0	N5244B	S2P
9AB2	N5244D	C180
9AB5	N5244G	C310
9AB9	N5244L	P28A
9ABB	N5244N	C182
9ABD	N5244Q	C82S
9ABE	N5244R	C172
9AC0	N5244T	PA34
9AC1	N5244U	C206
9AC2	N5244V	C72R
9AC3	N5244W	C208
9AC4	N5244X	CH7B
9AC6	N5244Z	T206
9AC7	N52440	C172
9AC8	N52441	C172
9ACA	N52443	C182
9ACE	N52447	C182
9ACF	N52448	C182
9AD0	N52449	T206
9AD4	N5245C	C310
9AD7	N5245F	BE65
9AD9	N5245H	YK55
9ADA	N5245J	C310
9ADB	N5245K	C172
9ADE	N5245N	BE35
9ADF	N5245P	H500
9AE5	N5245V	C72R
9AE6	N5245W	P28A
9AE7	N5245X	C182
9AEA	N52450	C182
9AEE	N52454	C182
9AF2	N52458	C182
9AF3	N52459	C182
9AF7	N5246C	BE35
9AFE	N5246K	NAVI
9AFF	N5246L	P28A
9B00	N5246M	BE24
9B02	N5246P	PA24
9B03	N5246Q	C152
9B05	N5246S	PA32
9B07	N5246U	C72R
9B09	N5246W	P28A
9B10	N52463	ST75
9B12	N52465	C77R
9B13	N52466	C182
9B1A	N5247C	BE35
9B1D	N5247F	PA32
9B1E	N5247G	O1
9B26	N5247Q	C150
9B27	N5247R	C172
9B29	N5247T	P28A
9B2D	N5247X	CH7B
9B33	N52473	C172
9B34	N52474	ST75
9B36	N52476	C77R
9B39	N52479	FA62
9B3F	N5248E	C180
9B41	N5248G	DFLY
9B46	N5248M	TAYB
9B48	N5248P	PA24
9B49	N5248Q	C150
9B4C	N5248T	P28A
9B4D	N5248U	C72R
9B4F	N5248W	P28A
9B52	N5248Z	PA22
9B54	N52481	M20P
9B56	N52483	C172
9B58	N52485	ST75
9B59	N52486	J3
9B5A	N52487	C182
9B5C	N52489	C77R
9B5D	N5249	G164
9B5E	N5249A	P210
9B60	N5249C	C182
9B61	N5249D	C172
9B62	N5249E	C172
9B63	N5249F	C172
9B66	N5249J	C172
9B69	N5249M	TAYB
9B6A	N5249N	C182
9B6C	N5249Q	C150
9B6D	N5249R	C172
9B6F	N5249T	P28R
9B70	N5249U	M20P
9B75	N5249Z	PA22
9B76	N52490	C337
9B79	N52493	C77R
9B7D	N52497	C77R
9B7F	N52499	C182
9B80	N525	BE58
9B82	N525AA	PC12
9B83	N525AB	FDCT
9B84	N525AC	LJ35
9B86	N525AE	CRJ7
9B87	N525AF	PC24
9B8D	N525AM	C25A
9B8E	N525AN	C25A
9B8F	N525AP	C25B
9B91	N525AR	CH60
9B92	N525AS	B738
9B93	N525AT	RV12
9B95	N525AV	GA8
9B96	N525AW	C25A
9B98	N525AY	C25A
9B9A	N525B	C25B
9B9C	N525BB	C56X
9B9F	N525BE	SR22
9BA2	N525BH	BE35
9BA7	N525BN	C525
9BA8	N525BP	C25A
9BAA	N525BR	C25A
9BAB	N525BS	RV8
9BAC	N525BT	C25A
9BAE	N525BV	C525
9BAF	N525BW	C25A
9BB0	N525BX	C25C
9BB1	N525BY	C25B
9BB3	N525C	C25A
9BB4	N525CA	BE36
9BB5	N525CB	SF50
9BB7	N525CD	C25A
9BB8	N525CE	C25A
9BB9	N525CF	C25B
9BBB	N525CH	C25A
9BBD	N525CK	C25A
9BBF	N525CM	C25A
9BC1	N525CP	C25A
9BC3	N525CR	C25B
9BC4	N525CS	CH7B
9BC5	N525CT	C25A
9BC9	N525CX	C525
9BCB	N525CZ	C25A
9BCD	N525DA	A21N
9BCE	N525DB	C172
9BCF	N525DC	C25A
9BD0	N525DD	BE55
9BD1	N525DE	C25B
9BD2	N525DF	BE30
9BD3	N525DG	C25B
9BD5	N525DJ	M20T
9BD6	N525DK	SS2P
9BD7	N525DL	C25A
9BD8	N525DM	C25A
9BDA	N525DP	C25A
9BDC	N525DR	C25A
9BDD	N525DS	DA40
9BDE	N525DT	C25C
9BDF	N525DU	C25A
9BE0	N525DV	TB20
9BE1	N525DW	C25B
9BE3	N525DY	C25A
9BE5	N525E	C25M
9BE8	N525EC	SR22
9BEB	N525EF	D328
9BF1	N525EM	C25C
9BF3	N525EP	C25C
9BFA	N525EW	C25A
9BFD	N525EZ	C25C
9BFE	N525F	C25A
9C01	N525FC	C25A
9C02	N525FD	C525
9C03	N525FE	MD11
9C04	N525FF	C25A
9C09	N525FL	P28A
9C0B	N525FN	C25A
9C0F	N525FS	BE36
9C13	N525FW	BE35
9C14	N525FX	CL30
9C16	N525FZ	BE33
9C17	N525G	C172
9C18	N525GA	BE60
9C1A	N525GC	C25A
9C1C	N525GE	C25A
9C1F	N525GH	H269
9C21	N525GK	C25A
9C22	N525GL	C25A
9C23	N525GM	C25B
9C29	N525GT	C25A
9C2C	N525GW	C525
9C2E	N525GY	C25B
9C2F	N525GZ	C25C
9C33	N525HC	C25A
9C34	N525HD	C25A
9C35	N525HE	C25B
9C36	N525HF	C152
9C37	N525HG	C25A
9C3B	N525HL	C25A
9C3E	N525HP	RV6
9C3F	N525HQ	C25A
9C41	N525HS	C25A
9C46	N525HX	C25A
9C47	N525HY	C25A
9C4A	N525JA	C550
9C4B	N525JB	C185
9C4C	N525JC	B06
9C4D	N525JD	C25A
9C4E	N525JE	C25C
9C4F	N525JF	PA24
9C50	N525JG	C72R
9C51	N525JH	RV8
9C52	N525JJ	C25A
9C54	N525JL	C25A
9C55	N525JM	C25A
9C56	N525JN	C25A
9C57	N525JP	CL30
9C59	N525JR	BE33
9C5A	N525JS	BD5
9C5D	N525JV	C25A
9C5E	N525JW	C25A
9C63	N525KA	C25A
9C64	N525KB	C525
9C66	N525KD	C25B
9C68	N525KF	GLF5
9C69	N525KG	BE35
9C6A	N525KH	C525
9C6B	N525KJ	C25C
9C6E	N525KM	C25A
9C6F	N525KN	C25A
9C70	N525KP	C25A
9C73	N525KS	C25A
9C77	N525KW	T210
9C79	N525KY	C25A
9C7B	N525L	C25B
9C7C	N525LA	C25A
9C7D	N525LB	C25B
9C7E	N525LC	CTAH
9C7F	N525LD	C25A
9C80	N525LE	C25A
9C82	N525LG	RV7
9C84	N525LJ	C25B
9C85	N525LK	C25A
9C86	N525LL	GLAS
9C87	N525LM	C25A
9C89	N525LP	C25A
9C8B	N525LR	C182
9C8C	N525LS	C25B
9C8D	N525LT	C421
9C90	N525LW	C25A
9C91	N525LX	C25A
9C94	N525M	C25A
9C95	N525MA	C25A
9C96	N525MB	C25A
9C97	N525MC	C25B
9C98	N525MD	R44
9C99	N525ME	C25A
9C9B	N525MG	P32R
9C9C	N525MH	C525
9C9D	N525MJ	C82S
9C9F	N525ML	C25C
9CA0	N525MM	C25A
9CA1	N525MN	E50P
9CA2	N525MP	C25B
9CA4	N525MR	C25A
9CA6	N525MT	J3
9CA8	N525MV	RV7
9CA9	N525MW	C25A
9CAA	N525MX	C25A
9CAF	N525NB	C25C
9CB0	N525NC	C525
9CB1	N525ND	C172
9CB2	N525NE	C25B
9CB4	N525NG	C25A
9CB5	N525NH	C25B
9CB6	N525NJ	P28A
9CB7	N525NK	A319
9CC1	N525NV	C25A
9CCB	N525PE	C550
9CCC	N525PF	C25A
9CCD	N525PG	C525
9CCE	N525PH	C25A
9CCF	N525PJ	C25A
9CD1	N525PL	C25A
9CD4	N525PP	FOX
9CD8	N525PT	C25A
9CDA	N525PV	C501
9CDE	N525PZ	C25C
9CDF	N525Q	PA34
9CF0	N525QS	C68A
9CF9	N525RA	C25A
9CFB	N525RC	C25A
9CFC	N525RD	C560
9CFD	N525RE	C25B
9CFE	N525RF	C25A
9D00	N525RH	C402
9D01	N525RJ	P32R
9D02	N525RK	C25A
9D04	N525RM	C25A
9D06	N525RP	C25A
9D08	N525RR	BE36
9D0C	N525RV	RV8
9D0F	N525RY	C25A
9D11	N525S	GLAS
9D13	N525SB	BE24
9D14	N525SC	GLID
9D15	N525SD	CL60
9D17	N525SF	C421
9D18	N525SG	MR35
9D19	N525SH	C150
9D1A	N525SJ	C25C
9D1B	N525SK	BE20
9D1C	N525SL	ERCO
9D1D	N525SM	C25A
9D21	N525SR	SR22
9D22	N525SS	C25B
9D23	N525ST	DA40
9D28	N525SY	C25A
9D2A	N525T	BE95
9D2D	N525TC	RV8
9D2E	N525TD	BE36
9D30	N525TF	C25A
9D31	N525TG	C25A
9D32	N525TH	C25B
9D34	N525TK	C25B
9D36	N525TM	BE58
9D3C	N525TT	EPIC
9D41	N525TY	C525
9D4D	N525UK	BDOG
9D55	N525UT	FOX
9D5C	N525V	C25M
9D5D	N525VA	A319
9D5E	N525VB	P28R
9D60	N525VD	R22
9D61	N525VE	C25A
9D67	N525VL	A320
9D68	N525VM	AVID
9D6A	N525VP	C25A
9D6C	N525VR	SR22
9D6E	N525VT	M20T
9D75	N525W	RV8
9D76	N525WA	PA34
9D77	N525WB	C25A
9D78	N525WC	C25A
9D79	N525WD	C25A
9D7A	N525WE	C25M
9D7B	N525WF	C25A
9D7C	N525WG	TBM7
9D80	N525WL	C25B
9D83	N525WP	C25B
9D85	N525WR	C25A
9D87	N525WT	TAIL
9D8A	N525WW	C25A
9D8B	N525WX	C525
9D8E	N525X	C206
9D91	N525XC	RV9
9D92	N525XD	C25A
9D9C	N525XP	C25M
9D9E	N525XR	JAB4
9DD8	N525ZZ	C25A
9DDC	N5250C	BE35
9DDD	N5250D	C180
9DE1	N5250H	PA16
9DE6	N5250N	C182
9DE8	N5250Q	C150
9DEB	N5250T	P28R
9DEE	N5250W	P28A
9DF3	N52501	C172
9DF5	N52503	M20P
9DF7	N52505	ST75
9DFB	N52509	C182
9DFF	N5251C	C310
9E01	N5251E	C172
9E02	N5251F	M20P
9E04	N5251H	C172
9E05	N5251J	C310
9E07	N5251L	P28A
9E09	N5251N	C182
9E0A	N5251P	PA24
9E0C	N5251R	C172
9E0D	N5251S	PA32
9E0E	N5251T	C182
9E0F	N5251U	C206
9E10	N5251V	T28
9E11	N5251W	P28A
9E14	N5251Z	C172
9E15	N52510	ST75
9E16	N52511	ST75
9E17	N52512	ST75
9E1A	N52515	C337
9E1B	N52516	C172
9E1D	N52518	ST75
9E1E	N52519	C172
9E20	N5252A	T210
9E22	N5252C	C337
9E23	N5252D	C180
9E26	N5252G	M20P
9E28	N5252J	C172
9E29	N5252K	NAVI
9E2C	N5252N	C182
9E2D	N5252P	PA24
9E2F	N5252R	C172
9E30	N5252S	PA32
9E31	N5252T	PA34
9E32	N5252U	M20P
9E34	N5252W	P28A
9E35	N5252X	CH7B
9E37	N5252Z	PA22
9E38	N52520	ST75
9E39	N52521	C172
9E3A	N52522	C172
9E3F	N52527	C182
9E43	N5253A	PA23
9E45	N5253C	C172
9E47	N5253E	C82S
9E49	N5253G	M20P
9E4A	N5253H	PA16
9E4E	N5253M	TAYB
9E4F	N5253N	C182
9E50	N5253P	PA24
9E52	N5253R	C172
9E54	N5253T	P28A
9E55	N5253U	C72R
9E57	N5253W	P28A
9E58	N5253X	C172
9E5B	N52530	ST75
9E5C	N52531	C172
9E5E	N52533	ST75
9E5F	N52534	C182
9E60	N52535	C172
9E62	N52537	C182
9E66	N5254A	C82T
9E67	N5254B	ST75
9E69	N5254D	C172
9E6C	N5254G	M20P
9E6E	N5254J	C172
9E6F	N5254K	C172
9E70	N5254L	SBD
9E72	N5254N	M20P
9E77	N5254T	M20P
9E79	N5254V	C72R
9E7A	N5254W	C172
9E7B	N5254X	CH7A
9E7D	N5254Z	PA22
9E81	N52543	C77R
9E82	N52544	C182
9E83	N52545	ST75
9E84	N52546	C172
9E89	N5255A	C210
9E8A	N5255B	C25A
9E8B	N5255C	C310
9E8F	N5255G	O1
9E90	N5255H	PA16
9E92	N5255K	C182
9E94	N5255M	BE23
9E95	N5255N	C182
9E98	N5255R	C172
9E9A	N5255T	P28A
9E9B	N5255U	C72R
9E9D	N5255W	P28A
9EA0	N5255Z	PA22
9EA2	N52551	ST75
9EA5	N52554	C182
9EA6	N52555	ST75
9EA8	N52557	C182
9EA9	N52558	ST75
9EAE	N5256C	BE35
9EAF	N5256D	C172
9EB2	N5256G	O1
9EB3	N5256H	C172
9EB4	N5256J	C340
9EB6	N5256L	P28A
9EB8	N5256N	C182
9EBC	N5256S	C172
9EC3	N5256Z	PA22
9EC5	N52561	ST75
9EC6	N52562	C182
9EC7	N52563	C182
9EC8	N52564	C182
9ECA	N52566	C172
9ECB	N52567	FA62
9ECD	N52569	C172
9ECF	N5257A	C82T
9ED3	N5257E	C82R
9ED6	N5257H	C172
9ED7	N5257J	C337
9ED8	N5257K	NAVI
9EDA	N5257M	TAYB
9EDB	N5257N	C182
9EDC	N5257P	PA24
9EDD	N5257Q	M20P
9EDE	N5257R	C172
9EDF	N5257S	C182
9EE0	N5257T	M20P
9EE9	N52572	C182
9EEA	N52573	ST75
9EEB	N52574	ST75
9EEC	N52575	C337
9EEE	N52577	C182
9EEF	N52578	C77R
9EF0	N52579	C77R
9EF2	N5258A	P210
9EF3	N5258B	C152
9EF4	N5258C	C337
9EF8	N5258G	M20P
9EF9	N5258H	PA16
9EFB	N5258K	O1
9EFE	N5258N	C182
9EFF	N5258P	PA24
9F01	N5258R	C172
9F02	N5258S	PA32
9F08	N5258Y	C172
9F09	N5258Z	C172
9F0C	N52582	C77R
9F0E	N52584	ST75
9F0F	N52585	C77R
9F10	N52586	ST75
9F11	N52587	C182
9F12	N52588	ST75
9F13	N52589	C77R
9F17	N5259C	M20P
9F19	N5259E	C180
9F1B	N5259G	O1
9F1F	N5259L	P28A
9F21	N5259N	B407
9F22	N5259P	PA24
9F23	N5259Q	C150
9F24	N5259R	C172
9F25	N5259S	PA32
9F29	N5259W	C337
9F2D	N52590	C182
9F30	N52593	C172
9F31	N52594	C182
9F32	N52595	C182
9F3A	N526AB	C525
9F3D	N526AE	DA62
9F3E	N526AF	Z26
9F3F	N526AG	P46T
9F46	N526AP	MR35
9F49	N526AS	B738
9F4D	N526AW	AC11
9F51	N526B	BE35
9F52	N526BA	A5
9F53	N526BB	C77R
9F54	N526BC	GLIM
9F55	N526BD	BE58
9F5C	N526BL	C82S
9F5D	N526BM	HDJT
9F63	N526BT	MUS2
9F6A	N526C	S108
9F6C	N526CB	MM16
9F6D	N526CC	PA11
9F70	N526CF	LJ45
9F71	N526CG	Z26
9F72	N526CH	P210
9F75	N526CL	RS12
9F76	N526CM	SR20
9F77	N526CN	RV7
9F86	N526DC	RV8
9F88	N526DE	A21N
9F8C	N526DJ	F2TH
9F91	N526DP	PTS2
9F94	N526DS	DA40
9F97	N526DV	C25A
9F9C	N526E	M20P
9F9D	N526EA	CRJ7
9F9F	N526EC	LGEZ
9FA5	N526EJ	VELO
9FA8	N526EM	GLF5
9FAC	N526ER	C172
9FB5	N526F	C177
9FB8	N526FC	H25B
9FBC	N526FG	P46T
9FC0	N526FL	JAB4
9FCB	N526FX	CL30
9FCE	N526G	P28A
9FCF	N526GA	GLF5
9FD5	N526GG	ACRO
9FD6	N526GH	CH60
9FD7	N526GJ	CRJ7
9FDC	N526GP	GLF5
9FE6	N526GZ	Z26
9FE7	N526H	BE35
9FE8	N526HA	B06
9FF1	N526HK	T210
A003	N526JC	CH60
A00B	N526JL	A320
A00C	N526JM	PA46
A00D	N526JN	BOLT
A011	N526JS	RV6
A019	N526K	HIGH
A020	N526KG	PA18
A027	N526KP	RV8
A032	N526L	Z26
A038	N526LF	A119
A03E	N526LM	C208
A044	N526LT	C182
A047	N526LW	H269
A04A	N526LZ	Z26
A04B	N526M	CH60
A04C	N526MA	HUSK
A052	N526MG	Z26
A057	N526MM	P28B
A059	N526MP	C210
A060	N526MW	KMAX
A068	N526ND	C172
A06E	N526NK	A319
A074	N526NR	VEZE
A081	N526PD	RV7
A088	N526PL	C180
A089	N526PM	BE95
A08F	N526PT	FA62
A090	N526PU	P28A
A092	N526PW	S22T
A095	N526PZ	WACF
A0A7	N526QS	C68A
A0B1	N526RB	B429
A0B8	N526RJ	AC50
A0B9	N526RK	GLID
A0BF	N526RR	BE65
A0C3	N526RV	RV7
A0C8	N526S	SR22
A0C9	N526SA	M20P
A0CB	N526SC	AEST
A0CC	N526SD	GLF5
A0D0	N526SH	HDJT
A0D4	N526SM	FA50
A0D8	N526SR	SR22
A0DA	N526ST	COL4
A0E1	N526T	RV7
A0E3	N526TB	S22T
A0E4	N526TC	DIMO
A0EB	N526TK	COY2
A0F1	N526TR	R44
A0F2	N526TS	SR22
A0F6	N526TW	PC12
A0FA	N526U	C182
A114	N526VA	A319
A115	N526VB	C182
A11E	N526VL	A320
A123	N526VR	AC50
A125	N526VT	HUSK
A12C	N526W	RV6
A13C	N526WR	C172
A13E	N526WT	RV7
A141	N526WW	TBM7
A143	N526WY	AC80
A176	N526YZ	COY2
A177	N526Z	Z26
A182	N526ZL	Z26
A18F	N526ZZ	Z26
A191	N5260A	T210
A193	N5260C	BE35
A194	N5260D	C172
A19A	N5260K	C172
A19D	N5260N	C182
A19E	N5260P	C152
A1A0	N5260R	C172
A1A2	N5260T	C182
A1A4	N5260V	TBM
A1A5	N5260W	P28A
A1A8	N5260Z	PA22
A1AB	N52602	C172
A1AD	N52604	C77R
A1AF	N52606	C172
A1B0	N52607	C182
A1B1	N52608	C182
A1B4	N5261A	B738
A1B9	N5261F	C172
A1BB	N5261H	PA16
A1BC	N5261J	C414
A1C0	N5261N	C182
A1C1	N5261P	PA24
A1C4	N5261S	FB1A
A1C6	N5261U	C72R
A1C8	N5261W	SR22
A1C9	N5261X	CH7A
A1CA	N5261Y	T210
A1CB	N5261Z	PA22
A1CD	N52611	M20P
A1CE	N52612	C77R
A1D3	N52617	C182
A1D5	N52619	C77R
A1D6	N5262	CL30
A1D7	N5262A	M20P
A1DA	N5262D	C180
A1DC	N5262F	M20P
A1DD	N5262G	O1
A1DE	N5262H	C172
A1E1	N5262L	P28A
A1E5	N5262Q	C82S
A1E7	N5262S	PA32
A1E8	N5262T	P28R
A1E9	N5262U	C172
A1EA	N5262V	B25
A1ED	N5262Y	C172
A1EF	N52620	C182
A1F0	N52621	C182
A1F3	N52624	C182
A1F8	N52629	C182
A1F9	N5263	C560
A1FB	N5263B	M20P
A1FC	N5263C	BE35
A201	N5263H	PA16
A204	N5263L	P28A
A206	N5263N	ST75
A20B	N5263T	PA32
A20D	N5263V	T210
A20E	N5263W	P28A
A211	N5263Z	PA22
A212	N52630	C182
A215	N52633	C172
A216	N52634	C77R
A218	N52636	C77R
A21F	N5264C	T210
A220	N5264D	C172
A223	N5264G	O1
A225	N5264J	C414
A226	N5264K	C172
A22A	N5264P	PA24
A22B	N5264Q	H500
A22C	N5264R	C82S
A230	N5264V	TBM
A231	N5264W	P28A
A232	N5264X	CH7B
A235	N52640	C77R
A236	N52641	M20P
A237	N52642	T206
A238	N52643	C77R
A23B	N52646	M20P
A23C	N52647	C77R
A242	N5265C	C310
A243	N5265D	C172
A244	N5265E	C172
A247	N5265H	PA16
A248	N5265J	C414
A24A	N5265L	C152
A24B	N5265M	TAYB
A24C	5H-BAD	C208
A24D	N5265P	M20P
A24E	N5265Q	C150
A24F	N5265R	C172
A250	N5265S	PA32
A253	N5265V	C210
A254	N5265W	P28A
A255	N5265X	CH7B
A25A	N52652	ST75
A25C	N52654	C172
A25E	N52656	ST75
A25F	N52657	C82S
A263	N5266A	C310
A266	N5266D	C172
A267	N5266E	C172
A269	N5266G	T206
A26A	N5266H	PA16
A26B	N5266J	AP22
A26C	N5266K	C172
A26D	N5266L	C152
A273	N5266S	P28R
A275	N5266U	C72R
A277	N5266W	P28A
A278	N5266X	CH7B
A27B	N52660	C77R
A27E	N52663	C77R
A282	N52667	C77R
A284	N52669	C77R
A288	N5267C	BE35
A28A	N5267E	C172
A28B	N5267F	C172
A28D	N5267H	C82R
A290	N5267L	P28A
A293	N5267P	PA24
A294	N5267Q	C150
A295	N5267R	C172
A296	N5267S	C82R
A299	N5267V	T210
A29A	N5267W	M20P
A29B	N5267X	CH7B
A29C	N5267Y	C172
A29F	N52671	C172
A2A1	N52673	ST75
A2A2	N52674	C182
A2A8	N5268	T34P
A2AA	N5268B	M20P
A2AB	N5268C	PA34
A2AE	N5268F	C172
A2AF	N5268G	O1
A2B0	N5268H	C172
A2B1	N5268J	C172
A2B2	N5268K	C172
A2B5	N5268N	ST75
A2B7	N5268Q	C150
A2B8	N5268R	C172
A2BA	N5268T	P28A
A2BB	N5268U	C72R
A2C1	N52680	C77R
A2C2	N52681	C182
A2C4	N52683	C172
A2C5	N52684	C77R
A2C6	N52685	C172
A2C7	N52686	BE17
A2C8	N52687	C182
A2CA	N52689	C182
A2CF	N5269D	C77R
A2D0	N5269E	C180
A2D2	N5269G	O1
A2D5	N5269K	NAVI
A2D6	N5269L	P28A
A2D8	N5269N	C172
A2DB	N5269R	M20P
A2DC	N5269S	C82R
A2DD	N5269T	P28A
A2E0	N5269W	P28A
A2E7	N52693	VALI
A2E8	N52694	C82T
A2E9	N52695	C77R
A2EC	N52698	C182
A2EF	N527A	C150
A2F1	N527AB	GLAS
A2F2	N527AC	GA6C
A2F6	N527AG	SR22
A2F7	N527AH	E190
A2FC	N527AN	C172
A300	N527AS	B738
A304	N527AW	SA30
A308	N527B	LA4
A30B	N527BC	RV6
A30C	N527BD	BDOG
A30E	N527BF	EC35
A30F	N527BG	VTRA
A310	N527BH	BE58
A312	N527BK	P28A
A314	N527BM	C206
A319	N527BS	RV6
A31F	N527BY	AT6T
A321	N527C	S108
A322	N527CA	C172
A323	N527CB	PA31
A324	N527CC	PA18
A325	N527CD	SR22
A328	N527CG	RV4
A329	N527CH	BE20
A32D	N527CM	TWEN
A32F	N527CP	SR22
A331	N527CR	SR22
A33A	N527D	C310
A33B	N527DA	F2TH
A33D	N527DC	PA18
A33E	N527DD	GLF4
A33F	N527DE	A21N
A346	N527DM	T206
A347	N527DN	A359
A34A	N527DR	GLIM
A34B	N527DS	C172
A34F	N527DW	FLSS
A354	N527EA	CRJ7
A356	N527EC	RV10
A357	N527ED	L8
A358	N527EE	C56X
A36C	N527F	RV7
A36E	N527FB	H500
A371	N527FE	MD11
A377	N527FL	P28A
A37C	N527FR	AT8T
A37E	N527FT	H25B
A382	N527FX	CL30
A385	N527G	PA11
A386	N527GA	GLF5
A396	N527GS	SR20
A397	N527GT	AC11
A39E	N527H	CL35
A3A3	N527HE	SF50
A3A8	N527HK	H500
A3AF	N527HS	H60
A3B2	N527HV	C25B
A3B7	N527J	AEST
A3B8	N527JA	CL60
A3BA	N527JC	GLF4
A3BD	N527JF	PA22
A3BE	N527JG	GLF5
A3BF	N527JH	C340
A3C1	N527JK	SR22
A3C2	N527JL	A320
A3C5	N527JP	RV6
A3C7	N527JR	EVOP
A3C9	N527JT	RV6
A3D2	N527KB	H60
A3DC	N527KM	C82T
A3E9	N527L	P28A
A3EB	N527LB	RV9
A3EC	N527LC	K100
A3F9	N527LR	RV7
A3FA	N527LS	RV7
A402	N527M	C525
A403	N527MA	EA50
A405	N527MC	SR20
A407	N527ME	EC35
A40D	N527ML	BE95
A40F	N527MN	WACF
A414	N527MT	B407
A417	N527MW	HDJT
A41D	N527NB	H60
A41F	N527ND	C172
A425	N527NK	A319
A429	N527NP	C750
A434	N527P	F900
A435	N527PA	LJ35
A436	N527PB	PC12
A43B	N527PG	EXEC
A43E	N527PK	AT3T
A440	N527PM	BE40
A441	N527PN	PRM1
A445	N527PS	S22T
A446	N527PT	C525
A449	N527PW	MR35
A44D	N527Q	BE65
A45E	N527QS	C68A
A46E	N527RH	R22
A46F	N527RJ	M20P
A471	N527RL	RV6
A477	N527RS	BE36
A478	N527RT	CH60
A47A	N527RV	RV7
A47D	N527RY	C560
A47F	N527S	F900
A480	N527SA	J3
A482	N527SC	P28A
A48D	N527SP	RV4
A491	N527ST	C140
A498	N527T	BE95
A499	N527TA	BE58
A49A	N527TB	PA46
A49B	N527TC	BT36
A49C	N527TD	SR20
A49E	N527TF	GLIM
A4A0	N527TH	S22T
A4A1	N527TJ	SF50
A4A4	N527TM	M20P
A4A8	N527TR	SR22
A4CB	N527VA	A319
A4CC	N527VB	R44
A4D4	N527VK	PC12
A4D5	N527VL	A320
A4D6	N527VM	RV3
A4DC	N527VT	VELT
A4E3	N527W	M20P
A4EF	N527WM	RENE
A4F1	N527WP	P28R
A4F3	N527WR	CL35
A4F8	N527WW	SR22
A4FC	N527X	SONX
A507	N527XL	XL2
A515	N527Y	PA12
A51F	N527YK	YK11
A54A	N5270C	BE35
A54B	N5270D	C180
A54E	N5270G	C172
A54F	N5270H	C172
A554	N5270N	ST75
A556	N5270Q	C150
A558	N5270S	C182
A55B	N5270V	T6
A55C	N5270W	M20P
A561	N52701	C172
A562	N52702	C172
A563	N52703	T50
A564	N52704	C182
A567	N52707	C182
A56C	N5271B	T206
A56D	N5271C	BE35
A570	N5271F	C82S
A575	N5271L	P28A
A576	N5271M	C140
A579	N5271Q	C150
A57A	N5271R	C172
A57B	N5271S	C182
A57C	N5271T	P28R
A57F	N5271W	P28A
A580	N5271X	CH7B
A582	N5271Z	PA22
A585	N52712	C172
A586	N52713	C77R
A587	N52714	C182
A588	N52715	C82S
A589	N52716	C77R
A58C	N52719	C77R
A58E	N5272A	PA23
A590	N5272C	BE35
A591	N5272D	CMDE
A592	N5272E	C172
A594	N5272G	C310
A597	N5272K	M20P
A59A	N5272N	C172
A59B	N5272P	PA24
A59D	N5272R	C172
A5A0	N5272U	C206
A5A5	N5272Z	PA22
A5A6	N52720	C172
A5A9	N52723	C77R
A5AA	N52724	ST75
A5AB	N52725	C172
A5AC	N52726	C182
A5AD	N52727	C182
A5B0	N5273	WACO
A5B1	N5273A	C310
A5B4	N5273D	C180
A5B5	N5273E	C180
A5B6	N5273F	C82T
A5B7	N5273G	C310
A5BA	N5273K	C82T
A5BB	N5273L	P28A
A5BD	N5273N	ST75
A5BE	N5273P	PA24
A5C0	N5273R	C172
A5C1	N5273S	P28A
A5C2	N5273T	C82R
A5C3	N5273U	C172
A5C6	N5273X	CH7A
A5CA	N52731	C172
A5CB	N52732	C182
A5CE	N52735	C182
A5CF	N52736	C182
A5D1	N52738	SRAI
A5D2	N52739	C182
A5D7	N5274D	C180
A5D8	N5274E	C180
A5DB	N5274H	C172
A5DE	N5274L	P28A
A5E2	N5274Q	C172
A5E4	N5274S	C82R
A5E7	N5274V	C172
A5E9	N5274X	CH7A
A5EA	N5274Y	T210
A5EB	N5274Z	PA22
A5EC	N52740	ST75
A5F3	N52747	C172
A5F4	N52748	C182
A5F6	N5275	G164
A5F9	N5275C	C82S
A5FA	N5275D	C180
A5FB	N5275E	C180
A5FD	N5275G	C310
A603	N5275N	ST75
A605	N5275Q	C150
A606	N5275R	C182
A607	N5275S	C172
A608	N5275T	M20P
A60A	N5275V	T210
A60B	N5275W	C172
A60C	N5275X	CH7A
A60E	N5275Z	PA22
A60F	N52750	C172
A610	N52751	C182
A612	N52753	C82T
A613	N52754	C182
A615	N52756	S1
A616	N52757	C82T
A617	N52758	C182
A61A	N5276A	T210
A61C	N5276C	T210
A61E	N5276E	C82R
A621	N5276H	PA16
A622	N5276J	KR2
A624	N5276L	P28A
A625	N5276M	C152
A626	N5276N	ST75
A627	N5276P	C172
A628	N5276Q	C150
A62A	N5276S	C182
A62D	N5276V	T210
A62E	N5276W	P28A
A62F	N5276X	CH7A
A630	N5276Y	C82S
A632	N52760	M18
A633	N52761	C182
A636	N52764	C182
A637	N52765	C77R
A638	N52766	T206
A639	N52767	C182
A641	N5277E	C172
A642	N5277F	H500
A643	N5277G	O1
A644	N5277H	PA16
A645	N5277J	C207
A646	N5277K	NAVI
A647	N5277L	T206
A64A	N5277P	T210
A64D	N5277S	P28A
A650	N5277V	C210
A651	N5277W	P28A
A657	N52772	ST75
A65A	N52775	C182
A65C	N52777	L5
A662	N5278C	BE35
A663	N5278D	C172
A664	N5278E	C185
A665	N5278F	H500
A666	N5278G	O1
A66A	N5278L	M18
A66D	N5278P	PA24
A66E	N5278Q	C150
A66F	N5278R	C172
A670	N5278S	P28A
A673	N5278V	C172
A674	N5278W	P28A
A675	N5278X	CH7A
A679	N52781	C182
A67B	N52783	C182
A67E	N52786	C77R
A681	N52789	C172
A682	N5279	G164
A686	N5279D	C172
A688	N5279F	H500
A689	N5279G	C172
A68A	N5279H	PA16
A68D	N5279L	P28A
A68E	N5279M	PA18
A68F	N5279N	ST75
A694	N5279T	P28A
A697	N5279W	P28A
A69C	N52791	C77R
A69D	N52792	C182
A6A0	N52795	C182
A6A2	N52797	C182
A6A4	N52799	C182
A6A7	N528AA	FALC
A6A8	N528AB	B06
A6A9	N528AC	C56X
A6AD	N528AG	K100
A6B0	N528AK	RV8
A6B4	N528AP	GLF5
A6B7	N528AS	B738
A6BF	N528B	BE95
A6C1	N528BB	CAMP
A6C7	N528BH	BEAR
A6D0	N528BS	C25B
A6DA	N528CB	C25A
A6DB	N528CC	AA5
A6DC	N528CD	RAF2
A6E0	N528CH	PA31
A6E4	N528CM	S22T
A6E6	N528CP	C82T
A6E9	N528CS	M20P
A6ED	N528CW	P32R
A6F2	N528DA	RV10
A6F3	N528DB	SR22
A6F4	N528DC	PA15
A6F6	N528DE	A21N
A6FA	N528DJ	F2TH
A6FE	N528DN	A359
A6FF	N528DP	RV7
A701	N528DR	COZY
A705	N528DV	C25B
A70A	N528E	HIGH
A70B	N528EA	EA50
A711	N528EG	CRJ7
A71A	N528ER	C172
A71B	N528ES	C182
A71F	N528EW	BE33
A728	N528FE	MD11
A72E	N528FL	P28A
A739	N528FX	CL30
A73C	N528G	GLST
A748	N528GM	BE9L
A751	N528GW	RV8
A753	N528GY	P28A
A755	N528H	T206
A756	N528HA	UH12
A757	N528HB	S22T
A75A	N528HE	SR22
A75E	N528HJ	CC11
A763	N528HP	B06
A776	N528JH	RV7
A777	N528JJ	S22T
A779	N528JL	FA10
A788	N528KA	CH75
A78A	N528KC	C82T
A799	N528KT	KR2
A79C	N528KW	C560
A7A0	N528L	LJ35
A7A3	N528LC	BE95
A7A4	N528LD	C82T
A7A5	N528LE	C82T
A7A7	N528LG	MU30
A7AB	N528LL	CC11
A7AC	N528LM	COUR
A7B1	N528LS	C82S
A7B9	N528M	SR22
A7BC	N528MC	CL60
A7BE	N528ME	S108
A7C2	N528MJ	C82T
A7C5	N528MM	ACR2
A7C7	N528MP	GLEX
A7C9	N528MR	COZY
A7CB	N528MT	B407
A7CE	N528MW	COY2
A7CF	N528MX	H25B
A7D6	N528ND	C172
A7DC	N528NK	A319
A7E2	N528NR	K100
A7EB	N528P	BE36
A7EF	N528PD	COY2
A7F1	N528PF	SR22
A7F7	N528PM	PC12
A7F9	N528PP	RV6
A7FF	N528PV	C82T
A815	N528QS	C68A
A81D	N528R	S22T
A826	N528RJ	SONX
A82D	N528RR	ASTR
A832	N528RW	P28B
A836	N528S	BOLT
A837	N528SA	P68
A839	N528SC	C172
A846	N528SR	SR22
A848	N528ST	C172
A84A	N528SV	C172
A84F	N528T	BE95
A852	N528TC	T28
A856	N528TG	K100
A85B	N528TM	E55P
A85F	N528TR	RV10
A864	N528TW	C421
A868	N528U	SF50
A88C	N528VL	A20N
A89A	N528W	PA38
A89B	N528WA	P210
A89C	N528WB	T206
A89E	N528WD	SF50
A8A1	N528WG	LJ60
A8A5	N528WL	S22T
A8AC	N528WT	H269
A8B3	N528X	C310
A8EA	N528ZE	DC6
A902	N5280D	C172
A903	N5280E	C172
A904	N5280F	H500
A907	N5280J	M20P
A90B	N5280N	ST75
A90E	N5280R	C172
A911	N5280U	C72R
A913	N5280W	P28A
A914	N5280X	CH7A
A916	N5280Z	PA23
A917	N52800	C77R
A919	N52802	C77R
A91C	N52805	C77R
A91D	N52806	C172
A91F	N52808	C182
A925	N5281D	C180
A928	N5281G	O1
A929	N5281H	CASS
A92A	N5281J	C172
A92C	N5281L	P28A
A92D	N5281M	TAYB
A92F	N5281P	PA24
A930	N5281Q	C150
A932	N5281S	P28A
A933	N5281T	P28A
A935	N5281V	C210
A936	N5281W	P28A
A93A	N52810	CH70
A93C	N52812	C182
A93D	N52813	ST75
A93E	N52814	C77R
A93F	N52815	C172
A940	N52816	TAIL
A942	N52818	C172
A945	N5282A	P210
A946	N5282B	C152
A94E	N5282K	C172
A94F	N5282L	P28A
A956	N5282T	P28R
A959	N5282W	P28A
A95A	N5282X	CH7A
A95D	N52820	C172
A95E	N52821	C182
A960	N52823	C77R
A962	N52825	C77R
A965	N52828	C77R
A966	N52829	C182
A96A	N5283C	T206
A96C	N5283E	C172
A970	N5283J	C172
A971	N5283K	C172
A973	N5283M	BE76
A974	N5283N	C182
A975	N5283P	PA24
A977	N5283R	C172
A979	N5283T	P28R
A97C	N5283W	P28A
A97F	N5283Z	PA22
A981	N52831	C77R
A983	N52833	G44
A984	N52834	DG15
A986	N52836	C182
A987	N52837	C172
A988	N52838	C77R
A989	N52839	C77R
A98C	N5284B	M20P
A98E	N5284D	C172
A98F	N5284E	C172
A990	N5284F	H500
A991	N5284G	O1
A992	N5284H	PA16
A994	N5284K	C180
A995	N5284L	P28A
A996	N5284M	TAYB
A997	N5284N	C182
A999	N5284Q	C172
A99A	N5284R	C172
A99B	N5284S	C172
A99C	N5284T	C82R
A99D	N5284U	T206
A99E	N5284V	C72R
A9A0	N5284X	CH7A
A9A2	N5284Z	PA22
A9A3	N52840	M20P
A9A4	N52841	C172
A9A5	N52842	C172
A9A7	N52844	J3
A9AB	N52848	M20P
A9B0	N5285C	BE35
A9B1	N5285D	C180
A9B4	N5285G	O1
A9B5	N5285H	C172
A9B6	N5285J	PA18
A9B7	N5285K	C172
A9BA	N5285N	C182
A9BB	N5285P	M20P
A9BC	N5285Q	C150
A9BD	N5285R	C185
A9BF	N5285T	M20P
A9C0	N5285U	T206
A9C1	N5285V	C72R
A9C4	N5285Y	PA18
A9C7	N52851	C77R
A9C8	N52852	C182
A9CA	N52854	T206
A9CD	N52857	C182
A9CE	N52858	C172
A9CF	N52859	C182
A9D0	N5286	G164
A9D3	N5286C	C172
A9D5	N5286E	C172
A9D7	N5286G	O1
A9D8	N5286H	C172
A9D9	N5286J	H500
A9DB	N5286L	C172
A9DC	N5286M	BE24
A9DE	N5286P	C152
A9DF	N5286Q	C150
A9E2	N5286T	C82R
A9E5	N5286W	P28A
A9E9	N52860	FA62
A9EA	N52861	C182
A9EB	N52862	C77R
A9EC	N52863	C182
A9EF	N52866	C182
A9F3	N5287	YK52
A9F4	N5287A	T210
A9F7	N5287D	C180
A9F8	N5287E	C172
A9FA	N5287G	O1
A9FF	N5287M	TAYB
AA00	N5287N	T6
AA01	N5287P	PA24
AA02	N5287Q	C150
AA04	N5287S	M20P
AA08	N5287W	P28A
AA0A	N5287Y	T210
AA0B	N5287Z	PA22
AA0D	N52871	C77R
AA0F	N52873	C182
AA11	N52875	RELI
AA12	N52876	C182
AA13	N52877	C172
AA14	N52878	C77R
AA1D	N5288G	M20P
AA1F	N5288J	C421
AA25	N5288Q	C150
AA26	N5288R	C172
AA28	N5288T	C172
AA2B	N5288W	P28A
AA2C	N5288X	H500
AA2E	N5288Z	PA22
AA2F	N52880	C182
AA30	N52881	C77R
AA31	N52882	C77R
AA33	N52884	C182
AA34	N52885	C77R
AA35	N52886	C182
AA37	N52888	C182
AA38	N52889	C172
AA3D	N5289D	M20P
AA3E	N5289E	C172
AA40	N5289G	O1
AA41	N5289H	C82S
AA42	N5289J	PA22
AA43	N5289K	NAVI
AA44	N5289L	P28A
AA45	N5289M	BE23
AA47	N5289P	PA24
AA48	N5289Q	C150
AA4A	N5289S	P28A
AA4B	N5289T	C182
AA4F	N5289X	J3
AA51	N5289Z	PA22
AA52	N52890	C77R
AA53	N52891	C172
AA56	N52894	C77R
AA57	N52895	C182
AA58	N52896	YK55
AA5B	N52899	C182
AA5C	N529	VELO
AA5F	N529AB	C208
AA61	N529AD	P210
AA63	N529AF	SW4
AA66	N529AJ	SR22
AA69	N529AM	B429
AA6E	N529AS	B738
AA70	N529AU	B733
AA76	N529B	B29
AA78	N529BB	BE35
AA7E	N529BH	T18
AA80	N529BK	SR22
AA81	N529BL	SR22
AA8F	N529C	S108
AA90	N529CA	C172
AA92	N529CC	BE95
AA93	N529CD	SR22
AA95	N529CF	COY2
AA9B	N529CM	RV10
AA9D	N529CP	PULS
AAA4	N529CW	P28A
AAA9	N529DA	P28A
AAAC	N529DD	BE35
AAB9	N529DS	FOX
AABA	N529DT	A21N
AABC	N529DV	C25B
AAC1	N529E	MUS2
AAC2	N529EA	CRJ7
AAC4	N529EC	P32R
AAD1	N529ER	C172
AAD3	N529ET	EVOP
AADE	N529FD	C25A
AADF	N529FE	MD11
AAE1	N529FG	RV9
AAE5	N529FL	P28A
AAF0	N529FX	CL30
AAF4	N529GA	GLF5
AAF5	N529GB	E35L
AAF8	N529GE	CP30
AAFF	N529GM	RV14
AB01	N529GP	GLST
AB05	N529GT	GP3
AB0C	N529H	EN28
AB0F	N529HC	P46T
AB1A	N529HP	C240
AB26	N529JA	BE95
AB27	N529JB	A320
AB2B	N529JF	C240
AB2D	N529JH	AA1
AB2F	N529JK	C182
AB31	N529JM	HDJT
AB36	N529JS	RV8
AB41	N529KC	SS2T
AB44	N529KF	CL60
AB45	N529KG	F2TH
AB4A	N529KM	P28R
AB4F	N529KS	P32R
AB57	N529L	ERCO
AB59	N529LB	PA46
AB5A	N529LC	CL35
AB5C	N529LE	B429
AB5D	N529LF	C172
AB60	N529LJ	DA40
AB62	N529LL	C56X
AB68	N529LS	CH7A
AB6C	N529LW	HROC
AB73	N529MC	C172
AB74	N529MD	EC45
AB7A	N529MK	SR22
AB7E	N529MP	S22T
AB89	N529N	E55P
AB8A	N529NA	BE20
AB8D	N529ND	C172
AB90	N529NG	PC12
AB92	N529NJ	RV8
AB93	N529NK	A319
AB95	N529NM	C56X
AB96	N529NN	CL35
AB99	N529NR	K100
ABA2	N529P	BE35
ABA3	N529PA	M20P
ABA5	N529PC	C25A
ABA7	N529PE	P32R
ABAA	N529PH	C180
ABAC	N529PK	RV7
ABAD	N529PL	PA11
ABAE	N529PM	P46T
ABB3	N529PS	PC12
ABB4	N529PT	C82S
ABB7	N529PW	GLID
ABCC	N529QS	C68A
ABD6	N529RB	BE95
ABD9	N529RE	GLF5
ABDB	N529RG	PA32
ABDE	N529RK	AEST
ABE1	N529RN	SF50
ABE2	N529RP	RV12
ABE8	N529RV	RV6
ABEA	N529RX	GA5C
ABEE	N529SA	BE36
ABF0	N529SC	CRUZ
ABF1	N529SD	T206
ABF4	N529SG	F900
ABF5	N529SH	AS50
ABFB	N529SP	S22T
ABFD	N529SR	SR22
ABFE	N529SS	HIGH
AC02	N529SW	P28A
AC06	N529T	DHC2
AC07	N529TA	C525
AC0A	N529TD	C172
AC0D	N529TG	C560
AC0F	N529TJ	SONX
AC18	N529TT	C182
AC39	N529VA	A319
AC3E	N529VF	M20T
AC41	N529VJ	SF50
AC43	N529VL	A20N
AC44	N529VM	AC11
AC51	N529W	RV10
AC5D	N529WM	PA46
ACB9	N5290D	C172
ACBA	N5290E	C172
ACBD	N5290H	C172
ACC0	N5290L	P28A
ACC2	N5290N	LGEZ
ACC3	N5290P	PA24
ACC4	N5290Q	C150
ACC6	N5290S	CRER
ACC9	N5290V	C172
ACCA	N5290W	P28A
ACCD	N5290Z	PA22
ACCE	N52900	T6
ACD4	N52906	C182
ACD5	N52907	C182
ACD6	N52908	C77R
ACD8	N5291	G164
ACD9	N5291A	C172
ACDC	N5291D	C180
ACDD	N5291E	C172
ACDF	N5291G	O1
ACE5	N5291N	C182
ACE6	N5291P	PA24
ACE7	N5291Q	C150
ACE9	N5291S	P28A
ACEA	N5291T	C180
ACED	N5291W	C172
ACF0	N5291Z	PA22
ACF4	N52913	FA62
ACF6	N52915	SR20
ACF7	N52916	C182
ACFA	N52919	C182
ACFF	N5292D	C172
AD00	N5292E	C172
AD02	N5292G	O1
AD03	N5292H	PA16
AD05	N5292K	C172
AD08	N5292N	C182
AD09	N5292P	PA24
AD0B	N5292R	C172
AD0C	N5292S	P28A
AD14	N52920	J5
AD16	N52922	C172
AD17	N52923	C182
AD1C	N52928	DG15
AD20	N5293B	M20P
AD25	N5293G	O1
AD26	N5293H	PA16
AD27	N5293J	C414
AD28	N5293K	C172
AD29	N5293L	P28A
AD2C	N5293P	T206
AD2D	N5293Q	C150
AD2E	N5293R	M20P
AD2F	N5293S	P28A
AD34	N5293X	T206
AD37	N52930	C77R
AD3B	N52934	H500
AD3D	N52936	C77R
AD3E	N52937	ST75
AD3F	N52938	M20P
AD40	N52939	C172
AD41	N5294	BE24
AD48	N5294G	O1
AD49	N5294H	PA16
AD4C	N5294L	P28A
AD51	N5294R	C172
AD56	N5294W	C72R
AD57	N5294X	GLAS
AD59	N5294Z	PA22
AD5A	N52940	C182
AD5C	N52942	C182
AD5E	N52944	C77R
AD60	N52946	C77R
AD61	N52947	DG15
AD69	N5295E	C172
AD6B	N5295G	C172
AD6E	N5295K	NAVI
AD70	N5295M	M20P
AD71	N5295N	C182
AD74	N5295R	ACAM
AD75	N5295S	P28A
AD76	N5295T	PA32
AD7A	N5295X	YK52
AD7C	N5295Z	PA22
AD7D	N52950	C172
AD7E	N52951	ST75
AD80	N52953	C172
AD84	N52957	C182
AD86	N52959	C182
AD88	N5296A	P210
AD8B	N5296D	C172
AD8E	N5296G	O1
AD91	N5296K	C172
AD95	N5296P	PA24
AD96	N5296Q	C150
AD97	N5296R	C172
AD98	N5296S	C182
AD99	N5296T	PA34
AD9B	N5296V	T6
AD9F	N5296Z	C172
ADA0	N52960	FA24
ADA2	N52962	BE17
ADA3	N52963	C182
ADA8	N52968	ST75
ADAC	N5297B	M20P
ADAF	N5297E	C172
ADB0	N5297F	SS2T
ADB1	N5297G	C172
ADB5	N5297L	P28A
ADB6	N5297M	C152
ADB7	N5297N	CAMP
ADB8	N5297P	PA24
ADB9	N5297Q	C150
ADBA	N5297R	C172
ADBC	N5297T	PA34
ADBF	N5297W	P28A
ADC1	N5297Y	PA18
ADCB	N52978	J3
ADD0	N5298C	BE35
ADD1	N5298D	C172
ADD2	N5298E	C180
ADD3	N5298F	SS2T
ADD4	N5298G	O1
ADD5	N5298H	SS2T
ADD6	N5298J	C172
ADD7	N5298K	C172
ADDA	N5298N	C172
ADDC	N5298Q	C150
ADDD	N5298R	C172
ADDE	N5298S	C172
ADDF	N5298T	P28A
ADE0	N5298U	T206
ADE1	N5298V	C72R
ADE2	N5298W	P28A
ADE3	N5298X	C25C
ADE7	N52981	C182
ADE9	N52983	C182
ADEC	N52986	DG15
ADED	N52987	C77R
ADEF	N52989	C182
ADF4	N5299D	C172
ADF5	N5299E	C82R
ADF7	N5299G	O1
ADFB	N5299L	P28A
ADFF	N5299Q	C150
AE01	N5299S	P28A
AE05	N5299W	P28A
AE08	N5299Z	PA22
AE09	N52990	C77R
AE0A	N52991	DG15
AE0B	N52992	C182
AE0C	N52993	C172
AE0D	N52994	C182
AE0F	N52996	C182
AE10	N52997	C182
AE11	N52998	C182
AE14	N53A	PA20
AE15	N53AA	C172
AE17	N53AC	PA23
AE19	N53AE	B06
AE1A	N53AF	C72R
AE1B	N53AG	UH1
AE1C	N53AH	RV4
AE1D	N53AJ	BE60
AE1F	N53AL	P46T
AE24	N53AR	BE20
AE27	N53AU	C340
AE2D	N53B	C170
AE2E	N53BA	BE20
AE2F	N53BB	BE55
AE30	N53BC	ASTR
AE33	N53BF	RALL
AE39	N53BM	ALBU
AE3A	N53BN	H500
AE3B	N53BP	GLIM
AE3D	N53BR	T34P
AE3E	N53BS	PA38
AE3F	N53BT	C25B
AE41	N53BV	DHC2
AE48	N53CB	BE35
AE49	N53CC	BL8
AE4B	N53CE	BE9L
AE4F	N53CJ	CJ6
AE50	N53CK	S22T
AE52	N53CM	BE35
AE56	N53CR	SR22
AE5A	N53CV	B350
AE5B	N53CW	BL17
AE5E	N53CZ	COZY
AE63	N53DD	C550
AE64	N53DE	B429
AE65	N53DF	CL60
AE68	N53DJ	B407
AE6B	N53DM	RV4
AE70	N53DS	QUIC
AE71	N53DT	RV9
AE78	N53E	WACC
AE7A	N53EB	COY2
AE7B	N53EC	BE9L
AE80	N53EH	BU31
AE84	N53EM	BE24
AE88	N53ER	M7
AE89	N53ES	C180
AE90	N53EZ	VEZE
AE93	N53FB	C172
AE9A	N53FJ	F900
AE9E	N53FN	LJ35
AE9F	N53FP	C550
AEA2	N53FS	P28A
AEA5	N53FV	C82T
AEA9	N53FZ	E300
AEAB	N53GA	BE20
AEAD	N53GC	YK52
AEAF	N53GE	AC90
AEB5	N53GL	G2T1
AEB6	N53GM	BE35
AEBC	N53GT	AA5
AEC0	N53GX	GLEX
AEC3	N53H	DG15
AEC4	N53HA	C650
AEC5	N53HB	B47G
AEC6	N53HC	H500
AEC7	N53HD	RV7
AEC9	N53HF	C208
AECC	N53HJ	LJ55
AECF	N53HM	YK18
AED4	N53HS	BE9L
AED5	N53HT	BRAV
AEDA	N53HY	HUSK
AEDD	N53JA	T34P
AEDE	N53JB	CORS
AEDF	N53JC	GLID
AEE0	N53JD	BE9L
AEE4	N53JH	RV4
AEE5	N53JJ	FOX
AEE7	N53JL	P32R
AEE9	N53JN	LA4
AEEA	N53JP	MA5
AEED	N53JS	P28R
AEF0	N53JV	HUSK
AEF1	N53JW	B06
AEF6	N53KA	BE20
AEF7	N53KB	P46T
AEF8	N53KC	P28A
AEF9	N53KD	FOX
AEFB	N53KF	H269
AEFC	N53KG	BE30
AEFE	N53KJ	C25B
AEFF	N53KK	PA18
AF03	N53KP	C82T
AF05	N53KR	KR1
AF06	N53KS	EXEC
AF07	N53KT	RV6
AF09	N53KV	C25A
AF0F	N53LA	P28B
AF13	N53LE	BE36
AF15	N53LG	S22T
AF17	N53LJ	LNP4
AF18	N53LK	GLIM
AF19	N53LL	GLID
AF1E	N53LR	R44
AF1F	N53LS	GLID
AF20	N53LT	F2TH
AF23	N53LW	RV8
AF28	N53MA	B06
AF2A	N53MC	PA31
AF2E	N53MG	C421
AF2F	N53MH	RV6
AF30	N53MJ	C421
AF31	N53MK	PA34
AF34	N53MN	TRDO
AF35	N53MP	C182
AF37	N53MR	RV4
AF38	N53MS	BE40
AF3C	N53MW	HUSK
AF47	N53NG	PC12
AF49	N53NJ	F2TH
AF4B	N53NL	E300
AF4C	N53NM	SONX
AF55	N53NW	C25B
AF5A	N53PA	PA22
AF5B	N53PB	SR20
AF5C	N53PC	EN28
AF5D	N53PD	T18
AF5E	N53PE	C560
AF5F	N53PF	HROC
AF61	N53PH	C150
AF63	N53PK	P46T
AF64	N53PL	C172
AF65	N53PM	P46T
AF6B	N53PT	C310
AF6E	N53PW	CH75
AF72	N53Q	B06
AF7E	N53QM	BE95
AF8C	N53RA	GLID
AF8D	N53RB	EVOP
AF8E	N53RC	SAKO
AF8F	N53RD	C500
AF90	N53RE	C25C
AF93	N53RH	M20P
AF94	N53RJ	FOX
AF98	N53RN	PA18
AF99	N53RP	BE99
AF9B	N53RR	C421
AF9D	N53RT	BE58
AF9F	N53RV	RV6
AFA0	N53RW	B06
AFA5	N53SA	EN28
AFA6	N53SB	C172
AFA8	N53SD	AS50
AFA9	N53SE	CH7B
AFAA	N53SF	C25C
AFAB	N53SG	C210
AFAD	N53SJ	PA18
AFAF	N53SL	DA40
AFB0	N53SM	C560
AFB1	N53SN	PC12
AFB6	N53ST	C560
AFB9	N53SW	GLAS
AFBA	N53SX	SX30
AFBD	N53T	SA30
AFBE	N53TA	PA31
AFBF	N53TB	SRAI
AFC0	N53TC	PTS1
AFC2	N53TE	C208
AFC3	N53TF	FOX
AFC6	N53TJ	BE9L
AFC7	N53TK	MIMU
AFC8	N53TL	WAIX
AFC9	N53TM	T210
AFCB	N53TP	C25B
AFCC	N53TQ	DHC2
AFCF	N53TT	SASY
AFD2	N53TW	P06T
AFD4	N53TY	PTS1
AFD6	N53U	C208
AFD8	N53UB	C56X
AFE4	N53UP	BE95
AFF0	N53VA	B407
AFF1	N53VB	RV6
AFF4	N53VE	BE58
AFFB	N53VM	LNC2
B003	N53VV	DA62
B008	N53W	BE20
B009	N53WA	EA50
B00A	N53WB	T210
B00B	N53WC	WACF
B00D	N53WE	CAMP
B00E	N53WF	C56X
B00F	N53WG	GLF4
B013	N53WL	LA4
B014	N53WM	M20P
B016	N53WP	SR20
B019	N53WS	BE95
B01A	N53WT	C414
B01D	N53WW	BE36
B01F	N53WY	HUSK
B024	N53XC	CC19
B033	N53XT	RV9
B03A	N53Y	FLE7
B050	N53YX	WAIX
B053	N53Z	GLID
B054	N53ZA	B06
B060	N53ZN	Z42
B06B	N53ZZ	T34P
B074	N530AG	C25M
B076	N530AJ	C510
B077	N530AK	PA18
B079	N530AM	C150
B07D	N530AR	H500
B07E	N530AS	B738
B087	N530BA	A5
B08A	N530BD	CL60
B08E	N530BH	GLID
B08F	N530BJ	DHC2
B093	N530BN	BN2P
B096	N530BR	BE20
B09F	N530C	BE35
B0A0	N530CA	C152
B0A5	N530CF	HROC
B0A8	N530CJ	TAIL
B0AB	N530CM	AT8T
B0AD	N530CP	SR22
B0B1	N530CT	FDCT
B0BB	N530DC	PA46
B0C3	N530DL	WW24
B0C4	N530DM	C421
B0D1	N530E	SR22
B0D2	N530EA	CRJ7
B0E1	N530ER	C172
B0E3	N530ET	SR22
B0E9	N530EZ	LGEZ
B0F0	N530FF	H500
B0F6	N530FM	H500
B100	N530FX	CL30
B102	N530FZ	H60
B103	N530G	GLF5
B10A	N530GG	R44
B10C	N530GJ	CRJ7
B10E	N530GL	SR22
B10F	N530GM	H500
B11C	N530H	AS50
B12A	N530HP	P46T
B12D	N530HS	G2T1
B136	N530JA	NPOR
B137	N530JB	PA31
B138	N530JC	H500
B13B	N530JF	S22T
B13F	N530JK	MX2
B140	N530JL	H500
B141	N530JM	C240
B143	N530JP	M20P
B145	N530JR	H500
B146	N530JS	H60
B147	N530JT	BE9L
B14A	N530JW	CRJ2
B14F	N530KA	C680
B151	N530KC	GL5T
B15F	N530KS	A109
B16B	N530LD	G150
B173	N530LM	BE20
B174	N530LN	EC35
B177	N530LR	SA30
B178	N530LS	H60
B180	N530M	BE95
B182	N530MB	C82T
B183	N530MC	P28R
B185	N530ME	EC35
B189	N530MJ	H500
B18C	N530MM	P06T
B19C	N530NC	B212
B19D	N530ND	C172
B1A3	N530NK	A319
B1AE	N530NW	H60
B1B5	N530PC	SR22
B1BB	N530PJ	H500
B1BE	N530PM	GLF5
B1C3	N530PS	C172
B1C4	N530PT	PRM1
B1C5	N530PU	P28R
B1DC	N530QS	C68A
B1E7	N530RC	C150
B1EA	N530RF	RV9
B1EB	N530RG	RV6
B1F0	N530RM	C510
B1F2	N530RP	H500
B1F4	N530RR	B06
B1F8	N530RV	RV4
B201	N530SD	B06
B202	N530SE	LJ35
B204	N530SG	S22T
B20D	N530SR	B350
B213	N530SX	SONX
B215	N530SZ	C120
B216	N530T	BE35
B217	N530TA	C82R
B218	N530TB	G3
B21E	N530TH	H500
B222	N530TM	BE40
B227	N530TS	RV7
B228	N530TT	H500
B22A	N530TV	H500
B22B	N530TW	TAIL
B22C	N530TX	E530
B240	N530US	B752
B248	N530V	C310
B249	N530VA	A319
B253	N530VL	A20N
B263	N530WB	C172
B264	N530WC	PC12
B266	N530WE	C185
B27A	N530X	H500
B28C	N530XT	A320
B2AC	N530Z	COL4
B2C5	N5300	DH82
B2C6	N5300A	T210
B2C8	N5300C	C140
B2CA	N5300E	BE35
B2CC	N5300G	O1
B2CD	N5300H	PA16
B2CF	N5300K	C172
B2D0	N5300L	P28A
B2D3	N5300P	BE23
B2D4	N5300Q	C150
B2D8	N5300U	P28A
B2D9	N5300V	PTS2
B2DD	N5300Z	PA22
B2DE	N53000	SR22
B2E4	N53006	C185
B2E7	N53009	C172
B2E8	N5301	G164
B2EC	N5301D	C172
B2ED	N5301E	C172
B2EF	N5301G	O1
B2F0	N5301H	C152
B2F3	N5301L	P28A
B2F5	N5301N	ST75
B2FA	N5301T	P28R
B2FC	N5301V	UH12
B2FD	N5301W	SS2T
B2FE	N5301X	CRER
B301	N53010	C172
B304	N53013	C185
B307	N53016	SS2T
B308	N53017	C172
B30A	N53019	FA62
B30E	N5302C	C140
B312	N5302G	O1
B318	N5302N	C182
B319	N5302P	PA24
B31B	N5302R	C172
B31D	N5302T	C172
B31F	N5302V	T210
B320	N5302W	P28A
B321	N5302X	C82T
B323	N5302Z	PA22
B324	N53020	C72R
B327	N53023	C172
B328	N53024	VP2
B329	N53025	C172
B32A	N53026	C77R
B32D	N53029	C77R
B32E	N5303	G164
B330	N5303B	C182
B333	N5303E	C172
B334	N5303F	C140
B335	N5303G	O1
B337	N5303J	C172
B338	N5303K	NAVI
B33B	N5303N	ST75
B33C	N5303P	PA24
B33D	N5303Q	C150
B340	N5303T	C172
B341	N5303U	PTS2
B344	N5303X	T206
B347	N53030	ST75
B349	N53032	C185
B34D	N53036	C77R
B350	N53039	C172
B353	N5304B	C182
B356	N5304E	C172
B357	N5304F	C172
B359	N5304H	PA16
B35A	N5304J	KR2
B35B	N5304K	NAVI
B35C	N5304L	P28A
B35E	N5304N	C182
B361	N5304R	C172
B362	N5304S	C182
B363	N5304T	C172
B366	N5304W	P28A
B36A	N53040	ST75
B36C	N53042	C185
B36E	N53044	C185
B36F	N53045	C172
B370	N53046	C185
B375	N5305A	PTS2
B376	N5305B	C182
B377	N5305C	C140
B37C	N5305H	PA16
B37E	N5305K	C172
B37F	N5305L	P28A
B381	N5305N	C182
B382	N5305P	PA24
B384	N5305R	C172
B385	N5305S	C337
B386	N5305T	C172
B38D	N53050	TAYD
B390	N53053	C77R
B391	N53054	C172
B392	N53055	C185
B394	N53057	C185
B396	N53059	C185
B399	N5306B	SS2T
B39A	N5306C	C172
B39C	N5306E	C172
B39E	N5306G	O1
B39F	N5306H	PA16
B3A1	N5306K	C172
B3A2	N5306L	P28A
B3A7	N5306R	C72R
B3A8	N5306S	C182
B3AA	N5306U	C172
B3AB	N5306V	UH12
B3B0	N53060	FOX
B3B1	N53061	C77R
B3B5	N53065	C172
B3B8	N53068	C172
B3B9	N53069	C172
B3BC	N5307B	C182
B3BD	N5307C	C140
B3BF	N5307E	BE35
B3C1	N5307G	O1
B3C8	N5307P	PA24
B3C9	N5307Q	C150
B3CA	N5307R	C172
B3CB	N5307S	DC6
B3CD	N5307U	A319
B3CF	N5307W	P28A
B3D2	N5307Z	PA22
B3D3	N53070	C172
B3D6	N53073	C77R
B3D9	N53076	C82T
B3DA	N53077	C172
B3DB	N53078	PTS2
B3E4	N5308G	O1
B3E7	N5308K	NAVI
B3E8	N5308L	P28A
B3EB	N5308P	PA24
B3EC	N5308Q	C150
B3EF	N5308T	C172
B3F6	N53080	C77R
B3F9	N53083	C185
B3FA	N53084	ST75
B3FB	N53085	ST75
B3FD	N53087	C172
B3FE	N53088	C77R
B402	N5309B	C182
B406	N5309F	C172
B407	N5309G	O1
B408	N5309H	PA16
B409	N5309J	C172
B40B	N5309L	P28A
B40C	N5309M	C152
B40E	N5309P	PA24
B414	N5309V	C172
B418	N5309Z	PA22
B419	N53090	ST75
B41A	N53091	ST75
B41B	N53092	C185
B41C	N53093	ST75
B41E	N53095	P38
B421	N53098	C82S
B423	N531	BE35
B424	N531A	P32R
B425	N531AA	P28R
B426	N531AB	BE58
B428	N531AD	T206
B42A	N531AF	PC12
B42B	N531AG	B06
B430	N531AM	C310
B435	N531AS	B738
B436	N531AT	R44
B437	N531AU	B733
B439	N531AW	BE30
B43D	N531B	AS50
B440	N531BC	EAGL
B443	N531BF	BE35
B445	N531BH	S76
B446	N531BJ	C525
B449	N531BM	P28A
B44A	N531BN	B722
B44B	N531BP	R44
B44D	N531BR	C25A
B453	N531BX	BE30
B456	N531C	S108
B457	N531CA	C172
B458	N531CB	BE10
B459	N531CC	SR22
B45A	N531CD	SR22
B45B	N531CE	GLST
B462	N531CM	C25B
B463	N531CN	E135
B464	N531CP	C150
B466	N531CR	GLAS
B468	N531CT	FDCT
B470	N531DA	A21N
B472	N531DC	RV7
B473	N531DD	M20P
B474	N531DE	M20P
B477	N531DH	DA2
B47A	N531DL	R66
B47C	N531DN	A359
B480	N531DS	DA40
B48B	N531EC	P210
B48F	N531EG	CRJ7
B494	N531EM	RV9
B498	N531ER	C172
B49C	N531EV	CLON
B4A4	N531FC	C680
B4AC	N531FL	FA20
B4B2	N531FS	RV6
B4B7	N531FX	CL30
B4BB	N531GA	GLF5
B4BC	N531GB	T206
B4C3	N531GJ	CRJ7
B4C8	N531GP	G150
B4CB	N531GS	P28R
B4D0	N531GX	C25C
B4D3	N531H	C185
B4D5	N531HB	SR20
B4D6	N531HC	A109
B4DC	N531HJ	DA40
B4E1	N531HP	T206
B4E4	N531HS	P180
B4F0	N531JD	F2TH
B4F7	N531JL	A320
B505	N531K	LJ55
B506	N531KA	CRUZ
B508	N531KC	BE58
B522	N531LD	RV12
B525	N531LG	C72R
B52A	N531LM	BE20
B52B	N531LN	EC35
B537	N531M	C340
B538	N531MA	PA46
B539	N531MB	GALX
B53A	N531MC	G164
B53B	N531MD	S22T
B53E	N531MG	P28A
B543	N531MM	EXEC
B547	N531MR	RV7
B549	N531MT	EC35
B54C	N531MW	RV7
B551	N531NA	P28A
B553	N531NC	S22T
B554	N531ND	C172
B55A	N531NK	A319
B563	N531NU	YK52
B569	N531P	LJ55
B56C	N531PC	C172
B572	N531PJ	H500
B573	N531PK	RV8
B574	N531PL	FOX
B57B	N531PT	P32R
B57C	N531PU	P28R
B57E	N531PW	LA4
B582	N531Q	BE95
B593	N531QS	C68A
B59B	N531R	RV7
B59E	N531RC	G280
B5A2	N531RG	H500
B5A6	N531RL	B212
B5A7	N531RM	PTS2
B5A9	N531RP	EUPA
B5AF	N531RV	RV9
B5B0	N531RW	GLID
B5B5	N531SA	AC50
B5B6	N531SB	M7
B5B8	N531SD	SR22
B5BC	N531SH	R44
B5BE	N531SK	LJ31
B5C0	N531SM	CH75
B5C2	N531SP	S22T
B5C4	N531SR	SR22
B5C9	N531SW	BE20
B5CA	N531SX	SONX
B5CD	N531T	BE35
B5CE	N531TA	E530
B5CF	N531TB	C130
B5D0	N531TC	H269
B5D4	N531TG	CH7A
B5D5	N531TH	C550
B5E3	N531TX	TRDO
B5E6	N531U	BE95
B5FF	N531V	C175
B601	N531VB	H500
B60A	N531VL	A20N
B619	N531WA	PA11
B61B	N531WC	H500
B620	N531WH	H500
B621	N531WJ	PA11
B629	N531WS	M7
B631	N531X	ONEX
B680	N5310D	C172
B681	N5310E	C82R
B683	N5310G	O1
B684	N5310H	C152
B686	N5310K	NAVI
B687	N5310L	COZY
B68D	N5310S	PTS2
B691	N5310W	P28A
B694	N5310Z	PA22
B698	N53103	C77R
B69A	N53105	C188
B69C	N53107	C172
B69D	N53108	C77R
B69F	N5311	PTS1
B6A2	N5311C	C140
B6A4	N5311E	BE35
B6A6	N5311G	PTS2
B6A7	N5311H	C172
B6A8	N5311J	PTS2
B6AA	N5311L	P28A
B6AD	N5311P	PA24
B6B0	N5311S	C82R
B6B1	N5311T	P28A
B6B3	N5311V	UH12
B6B4	N5311W	P28A
B6BB	N53113	ST75
B6BE	N53116	C172
B6C5	N5312C	C140
B6CA	N5312H	C172
B6CC	N5312K	C72R
B6CE	N5312M	C152
B6D0	N5312P	PA24
B6D1	N5312Q	C152
B6D3	N5312S	C172
B6D6	N5312V	C172
B6E0	N53125	ST75
B6E4	N53129	ST75
B6E8	N5313C	C140
B6EA	N5313E	BE35
B6EC	N5313G	O1
B6ED	N5313H	PA16
B6F1	N5313M	C152
B6F2	N5313N	C182
B6F3	N5313P	PA24
B6F8	N5313U	T210
B6FA	N5313W	P28A
B6FC	N5313Y	H500
B6FD	N5313Z	PA22
B6FF	N53131	ST75
B700	N53132	ST75
B702	N53134	C172
B70D	N5314E	C172
B712	N5314K	C172
B714	N5314M	C152
B716	N5314P	PA24
B717	N5314Q	C150
B718	N5314R	C72R
B719	N5314S	PA44
B71A	N5314T	C172
B71C	N5314V	T210
B71D	N5314W	P28A
B71E	N5314X	T206
B724	N53143	C72R
B728	N53147	C172
B72D	N5315B	C182
B730	N5315E	C172
B735	N5315K	NAVI
B736	N5315L	P28A
B738	N5315N	ST75
B739	N5315P	PA24
B73A	N5315Q	C150
B73C	N5315S	C337
B73D	N5315T	C172
B73F	N5315V	UH12
B741	N5315X	T206
B743	N5315Z	PA22
B746	N53152	C77R
B747	N53153	ST75
B749	N53155	ST75
B74C	N53158	C77R
B750	N5316B	C182
B752	N5316D	C180
B753	N5316E	BE35
B755	N5316G	C172
B756	N5316H	PA16
B757	N5316J	C340
B758	N5316K	NAVI
B75B	N5316N	ST75
B75C	N5316P	PA24
B75E	N5316R	C72R
B75F	N5316S	C182
B760	N5316T	C172
B766	N5316Z	PA22
B767	N53160	C77R
B76C	N53165	ST75
B772	N5317A	T210
B773	N5317B	C182
B774	N5317C	C140
B775	N5317D	C172
B776	N5317E	BE35
B779	N5317H	C172
B77B	N5317K	C172
B77E	N5317N	C182
B781	N5317R	C185
B783	N5317T	C182
B785	N5317V	UH12
B786	N5317W	P28A
B788	N5317Y	PA23
B789	N5317Z	PA22
B78A	N53170	C77R
B78F	N53175	C77R
B790	N53176	C172
B793	N53179	ST75
B795	N5318A	T210
B798	N5318D	C180
B799	N5318E	C172
B79B	N5318G	C72R
B79C	N5318H	PA16
B79E	N5318K	NAVI
B79F	N5318L	P28A
B7A0	N5318M	C152
B7A6	N5318T	P28A
B7A8	N5318V	C210
B7A9	N5318W	PA18
B7AD	N53180	ST75
B7AE	N53181	ST75
B7AF	N53182	C172
B7B0	N53183	C188
B7B4	N53187	C172
B7B6	N53189	P28A
B7B7	N5319	NPOR
B7B8	N5319A	P28A
B7B9	N5319B	C182
B7BA	N5319C	C140
B7BB	N5319D	C172
B7BC	N5319E	BE35
B7C0	N5319J	P32R
B7C1	N5319K	P46T
B7C3	N5319M	P28A
B7C4	N5319N	C182
B7C5	N5319P	C152
B7C6	N5319Q	C150
B7C7	N5319R	C172
B7C9	N5319T	C172
B7CD	N5319X	P28A
B7D0	N53190	PT22
B7D4	N53194	C77R
B7E4	N532AJ	C25B
B7E5	N532AK	J3
B7EC	N532AS	B738
B7F0	N532AW	BE30
B7F3	N532AZ	C25M
B7F4	N532B	BE35
B7F5	N532BA	AT3T
B7F8	N532BD	C172
B80D	N532C	B36T
B80E	N532CA	P28A
B810	N532CC	GA5C
B811	N532CD	FDCT
B815	N532CH	P210
B816	N532CJ	C25B
B81B	N532CP	HA4T
B81F	N532CT	FDCT
B821	N532CV	DHC6
B826	N532D	M20P
B829	N532DC	C182
B832	N532DM	P28A
B833	N532DN	A21N
B836	N532DR	P32R
B83E	N532DZ	A359
B83F	N532E	BE33
B840	N532EA	CRJ7
B841	N532EB	C414
B863	N532FL	P28A
B868	N532FR	SB20
B86A	N532FT	RV12
B86E	N532FX	CL30
B871	N532G	BE36
B87A	N532GJ	CRJ7
B890	N532HF	C72R
B8A6	N532JC	COY2
B8AB	N532JH	CB1
B8AD	N532JK	E550
B8AF	N532JM	C68A
B8B5	N532JT	SR22
B8C2	N532KF	ASTO
B8D6	N532LA	B763
B8DC	N532LG	H500
B8E1	N532LM	BE20
B8EA	N532LW	C25B
B8EE	N532M	RV8
B8F1	N532MC	AT5T
B8F7	N532MJ	P32R
B900	N532MT	C56X
B907	N532N	CRBN
B90A	N532NC	EVOT
B90B	N532ND	C172
B911	N532NK	A319
B913	N532NM	C404
B91A	N532NU	YK52
B920	N532P	R44
B927	N532PG	SR20
B939	N532Q	BE95
B94A	N532QS	C68A
B952	N532R	SAKO
B95F	N532RN	RV8
B962	N532RR	P28R
B963	N532RS	C152
B96B	N532S	PA23
B96C	N532SA	AC50
B970	N532SE	AVID
B973	N532SH	R44
B975	N532SK	T6
B977	N532SM	C680
B979	N532SP	GLF5
B97B	N532SR	SREY
B97D	N532ST	P46T
B985	N532TA	P06T
B987	N532TC	GLAS
B99A	N532TX	E530
B99F	N532UB	RV12
B9C1	N532VL	A20N
B9D2	N532WC	H500
B9E1	N532WT	DV20
B9E4	N532WW	ST75
B9EB	N532XC	GLIM
BA01	N532Y	RV7
BA33	N5320	BE95
BA35	N5320B	C182
BA36	N5320C	C310
BA3A	N5320G	PA18
BA3B	N5320H	PA16
BA3C	N5320J	C340
BA40	N5320N	P46T
BA45	N5320T	C172
BA47	N5320V	UH12
BA4A	N5320Y	PA23
BA4B	N5320Z	PA22
BA4D	N53201	C172
BA51	N53205	C172
BA57	N5321A	C172
BA5E	N5321H	PA16
BA61	N5321L	P28A
BA63	N5321N	ST75
BA65	N5321Q	C150
BA66	N5321R	PA44
BA68	N5321T	C172
BA69	N5321U	P28R
BA6A	N5321V	UH12
BA6E	N5321Z	PA22
BA70	N53211	C188
BA73	N53214	C82T
BA75	N53216	P28A
BA7A	N5322A	PA44
BA7D	N5322D	P46T
BA7E	N5322E	BE35
BA82	N5322J	P28A
BA83	N5322K	P32R
BA85	N5322M	P46T
BA87	N5322P	C172
BA89	N5322R	C172
BA8E	N5322W	P28A
BA8F	N5322X	P28A
BA90	N5322Y	PA18
BA91	N5322Z	PA22
BA92	N53220	SR22
BA94	N53222	J3
BA95	N53223	C172
BA98	N53226	C172
BA99	N53227	C188
BA9B	N53229	P32R
BA9F	N5323C	C140
BAA1	N5323E	C172
BAA2	N5323F	P28A
BAA4	N5323H	C172
BAA9	N5323N	ST75
BAAB	N5323Q	C150
BAAC	N5323R	C172
BAAD	N5323S	C82R
BAAF	N5323U	T210
BAB1	N5323W	P28A
BAB2	N5323X	P28A
BAB6	N53231	ST75
BAB8	N53233	ST75
BABA	N53235	P46T
BABB	N53236	C172
BABC	N53237	C172
BABE	N53239	ST75
BAC1	N5324B	C182
BAC2	N5324C	P28A
BAC4	N5324E	BE35
BAC5	N5324F	P28A
BAC6	N5324G	C172
BAC8	N5324J	C340
BACA	N5324L	P28A
BACD	N5324P	P28A
BAD3	N5324V	C172
BAD4	N5324W	TBM9
BAD5	N5324X	PTS2
BADB	N53243	C188
BADD	N53245	C188
BAE4	N5325B	C182
BAE7	N5325E	BE35
BAEA	N5325H	PA16
BAEF	N5325N	C172
BAF0	N5325P	P46T
BAF1	N5325Q	C150
BAF2	N5325R	C172
BAF3	N5325S	C337
BAF5	N5325U	P28R
BAF6	N5325V	UH12
BAF9	N5325Y	T210
BAFB	N53250	S1
BB04	N53259	P32R
BB06	N5326A	C210
BB07	N5326B	C182
BB0A	N5326E	BE35
BB0D	N5326H	PA16
BB0F	N5326K	C172
BB10	N5326L	P28A
BB15	N5326R	P32R
BB16	N5326S	PC12
BB17	N5326T	C82R
BB18	N5326U	P28R
BB19	N5326V	UH12
BB1E	N53260	P28A
BB20	N53262	C172
BB22	N53264	P32R
BB23	N53265	C172
BB24	N53266	P32R
BB26	N53268	C152
BB28	N5327	G164
BB2B	N5327C	PTS2
BB2C	N5327D	C180
BB2D	N5327E	BE35
BB2F	N5327G	C172
BB30	N5327H	PA16
BB31	N5327J	C172
BB32	N5327K	NAVI
BB33	N5327L	P28A
BB34	N5327M	P32R
BB36	N5327P	PA24
BB37	N5327Q	C150
BB38	N5327R	C172
BB39	N5327S	C337
BB3A	N5327T	C172
BB3B	N5327U	C82S
BB3C	N5327V	C72R
BB3D	N5327W	P28A
BB42	N53271	PT22
BB47	N53276	P28R
BB48	N53277	C188
BB4A	N53279	FA62
BB4D	N5328B	C182
BB4E	N5328C	C140
BB4F	N5328D	C180
BB50	N5328E	P32R
BB54	N5328J	C340
BB55	N5328K	C172
BB56	N5328L	PA44
BB58	N5328N	ST75
BB59	N5328P	P32R
BB5C	N5328S	P28A
BB5D	N5328T	C172
BB62	N5328Y	C172
BB63	N5328Z	C172
BB64	N53280	ST75
BB6C	N53288	FA62
BB6D	N53289	C172
BB71	N5329C	C140
BB72	N5329D	C180
BB74	N5329F	PA46
BB7B	N5329N	ST75
BB7C	N5329P	PA24
BB7D	N5329Q	P46T
BB7E	N5329R	C172
BB7F	N5329S	C82T
BB80	N5329T	C172
BB83	N5329W	P28A
BB84	N5329X	PTS2
BB86	N5329Z	PA22
BB88	N53291	C82S
BB8A	N53293	C172
BB8E	N53297	SR22
BB8F	N53298	BE17
BB91	N533	SWAK
BB97	N533AE	CRJ7
BB98	N533AF	PC24
BB9E	N533AM	AS50
BBA3	N533AS	B738
BBA7	N533AW	UH1
BBAD	N533BB	B412
BBAE	N533BC	R66
BBB2	N533BG	GLIM
BBB7	N533BM	C172
BBBD	N533BT	VALI
BBC4	N533C	BE33
BBC5	N533CA	P28A
BBC7	N533CC	C56X
BBC8	N533CD	SR22
BBC9	N533CE	C310
BBCA	N533CF	SR22
BBD0	N533CM	C25B
BBD2	N533CP	SR22
BBD6	N533CT	FDCT
BBD8	N533CV	RV7
BBE1	N533DD	P28A
BBE5	N533DH	DHC2
BBED	N533DR	H500
BBEE	N533DS	B738
BBEF	N533DT	A21N
BBF6	N533E	RV12
BC0F	N533F	C25A
BC1A	N533FL	P28A
BC25	N533FX	CL30
BC28	N533G	C310
BC2F	N533GG	BE9L
BC31	N533GJ	CRJ7
BC3C	N533GV	GLF5
BC43	N533HB	H60
BC53	N533HT	SR22
BC5C	N533JB	RV12
BC5D	N533JC	RV6
BC5E	N533JD	RV10
BC6C	N533JT	P32R
BC73	N533K	P28R
BC74	N533KA	C207
BC76	N533KC	PA23
BC84	N533KS	C172
BC92	N533LF	EC35
BC95	N533LJ	M20P
BCA6	N533MA	R44
BCA7	N533MB	H60
BCAA	N533ME	EC35
BCC8	N533NK	A319
BCDA	N533PC	K100
BCDC	N533PE	O1
BCDE	N533PG	SR20
BCE0	N533PJ	C501
BCE3	N533PM	BE58
BCEA	N533PU	P28R
BCF0	N533Q	BE55
BCF3	N533QC	B06
BD01	N533QS	C68A
BD0A	N533RA	B06
BD0B	N533RB	P28R
BD1A	N533RS	UF13
BD22	N533S	BE35
BD23	N533SA	AC50
BD25	N533SC	B06
BD26	N533SD	H269
BD27	N533SE	FOX
BD28	N533SF	GA5C
BD2A	N533SH	R44
BD2B	N533SJ	C172
BD30	N533SP	C150
BD33	N533SS	BE9L
BD34	N533ST	C414
BD3B	N533T	PA32
BD3F	N533TD	C182
BD44	N533TJ	SR22
BD4D	N533TT	B06
BD51	N533TX	C25B
BD72	N533VE	VEZE
BD78	N533VL	A20N
BD88	N533WB	B06
BD8B	N533WE	GLF5
BD92	N533WM	M20P
BD94	N533WP	C340
BD9F	N533X	BE36
BDA8	N533XJ	CL30
BDAD	N533XP	GNAT
BDD1	N533Z	CASS
BDEB	N5330A	C82S
BDEF	N5330E	C82R
BDF1	N5330G	P32R
BDF3	N5330J	C310
BDF7	N5330N	C182
BDF8	N5330P	PA24
BDF9	N5330Q	C150
BDFC	N5330T	C172
BDFD	N5330U	C72R
BDFE	N5330V	UH12
BE01	N5330Y	P32R
BE08	N53305	J3
BE11	N5331D	C172
BE12	N5331E	BE35
BE13	N5331F	P28A
BE14	N5331G	C172
BE17	N5331K	C172
BE18	N5331L	P28A
BE1A	N5331N	PA44
BE1D	N5331R	C172
BE1E	N5331S	P28A
BE1F	N5331T	C172
BE22	N5331W	P28A
BE24	N5331Y	PA44
BE25	N5331Z	PA22
BE26	N53310	C82T
BE27	N53311	CH7A
BE2B	N53315	C188
BE2F	N53319	C188
BE31	N5332A	C310
BE33	N5332C	C140
BE34	N5332D	C180
BE3B	N5332L	P28A
BE3D	N5332N	ST75
BE3E	N5332P	PA24
BE40	N5332R	C172
BE41	N5332S	P28A
BE44	N5332V	C172
BE48	N5332Z	PA22
BE4C	N53323	C172
BE4D	N53324	C172
BE56	N5333C	C140
BE58	N5333E	BE35
BE5E	N5333L	P28A
BE5F	N5333M	P28A
BE61	N5333P	PA24
BE65	N5333T	C172
BE68	N5333W	P28A
BE69	N5333X	BE33
BE6B	N5333Z	PA22
BE75	N53339	P28A
BE78	N5334B	C182
BE79	N5334C	C140
BE7A	N5334D	C172
BE7B	N5334E	BE35
BE7E	N5334H	C172
BE80	N5334K	C82S
BE81	N5334L	P28A
BE86	N5334R	C172
BE87	N5334S	P28A
BE88	N5334T	C172
BE89	N5334U	C72R
BE8A	N5334V	UH12
BE8B	N5334W	P28A
BE8E	N5334Z	PA22
BE8F	N53340	C72R
BE99	N5335	G164
BE9D	N5335D	C172
BE9F	N5335F	P28A
BEA0	N5335G	C72R
BEA2	N5335J	C172
BEA6	N5335N	C182
BEA7	N5335P	C152
BEAA	N5335S	C172
BEAB	N5335T	P32R
BEAE	N5335W	P28A
BEB1	N5335Z	PA22
BEB2	N53350	C172
BEB3	N53351	C172
BEB4	N53352	C172
BEB7	N53355	ST75
BEBD	N5336A	C310
BEBE	N5336B	C182
BEBF	N5336C	C310
BEC0	N5336D	C172
BEC1	N5336E	BE35
BEC3	N5336G	C172
BEC4	N5336H	C82R
BEC6	N5336K	C172
BEC9	N5336N	C182
BECC	N5336R	C172
BED0	N5336V	P32R
BED3	N5336Y	C210
BED4	N5336Z	SR20
BED6	N53361	C172
BEDD	N53368	C188
BEDE	N53369	P46T
BEDF	N5337	G164
BEE1	N5337B	C182
BEE2	N5337C	C310
BEE3	N5337D	C172
BEE5	N5337F	P28A
BEE7	N5337H	PA16
BEEA	N5337L	C152
BEEC	N5337N	P46T
BEED	N5337P	C152
BEF0	N5337S	P28A
BEF1	N5337T	PA34
BEF3	N5337V	PTS2
BEF6	N5337Y	T210
BEF7	N5337Z	PA22
BEF9	N53371	C172
BEFA	N53372	C72R
BEFB	N53373	C172
BF00	N53378	T50
BF03	N5338A	T210
BF08	N5338F	P28R
BF0D	N5338L	P28A
BF0E	N5338M	P46T
BF0F	N5338N	C172
BF11	N5338Q	C150
BF14	N5338T	C172
BF15	N5338U	T210
BF16	N5338V	C72R
BF1B	N53380	C152
BF21	N53386	DG15
BF22	N53387	C172
BF27	N5339B	C152
BF29	N5339D	C172
BF2A	N5339E	BE35
BF2B	N5339F	P32R
BF2C	N5339G	P46T
BF2D	N5339H	C172
BF2F	N5339K	C172
BF30	N5339L	P28A
BF31	N5339M	C172
BF32	N5339N	C182
BF36	N5339S	P28A
BF3E	N53390	ST75
BF3F	N53391	C188
BF40	N53392	P32R
BF44	N53396	C152
BF46	N53398	C152
BF49	N534A	P28A
BF4E	N534AE	CRJ7
BF5A	N534AS	B738
BF5E	N534AW	BE30
BF63	N534BA	A5
BF67	N534BE	DC3
BF7C	N534CA	P28A
BF7D	N534CB	T34P
BF7E	N534CC	C56X
BF7F	N534CD	SR22
BF89	N534CP	SR22
BF8C	N534CS	CJ1
BF8D	N534CT	FDCT
BF96	N534DB	T34P
BF98	N534DD	C72R
BFA0	N534DM	T34P
BFA6	N534DT	A21N
BFA9	N534DW	C77R
BFBE	N534ES	RS20
BFC6	N534F	T210
BFD1	N534FL	P28A
BFDC	N534FX	CL30
BFE8	N534GJ	CRJ7
BFEB	N534GM	PC12
BFF8	N534H	C650
BFFE	N534HF	C72R
C007	N534HQ	UH1
C011	N534J	R44
C013	N534JB	A320
C026	N534JW	PA11
C03B	N534KS	C172
C03C	N534KT	BE50
C043	N534L	PA18
C044	N534LA	B763
C050	N534LN	EC35
C05D	N534MA	PA34
C05E	N534MB	B412
C061	N534ME	EC35
C062	N534MF	R44
C06A	N534MP	AA5
C071	N534MW	S22T
C075	N534N	CRBN
C078	N534NC	UH1
C07F	N534NK	A319
C087	N534NT	LJ45
C08E	N534P	AS50
C091	N534PC	C182
C092	N534PD	AS50
C0A7	N534Q	BE95
C0B8	N534QS	C68A
C0C2	N534RB	T34P
C0C3	N534RC	CL60
C0D5	N534RW	PA11
C0DA	N534SA	AC50
C0DC	N534SC	P28A
C0E9	N534SR	SR22
C0F2	N534T	BE35
C100	N534TP	LJ60
C108	N534TX	E530
C120	N534UW	A321
C12B	N534VG	H60
C12F	N534VL	A21N
C13D	N534W	SLG2
C140	N534WC	RV6
C14E	N534WS	H60
C15F	N534XJ	CL30
C167	N534XS	H60
C180	N534YS	H60
C1A2	N5340A	P28A
C1A4	N5340C	C140
C1A8	N5340G	C340
C1A9	N5340H	PA16
C1AC	N5340L	P28A
C1AD	N5340M	P32R
C1AF	N5340P	PA24
C1B1	N5340R	C172
C1B3	N5340T	C172
C1B6	N5340W	P210
C1B7	N5340X	C82T
C1B8	N5340Y	T210
C1BC	N53402	C172
C1C0	N53406	ST75
C1C7	N5341C	P46T
C1C9	N5341E	BE35
C1CA	N5341F	P28A
C1CB	N5341G	C82S
C1CC	N5341H	C172
C1D0	N5341M	C25B
C1D1	N5341N	J3
C1D2	N5341P	PA24
C1D5	N5341S	P28A
C1D9	N5341W	P28A
C1DC	N5341Z	PA44
C1E1	N53414	ST75
C1E4	N53417	C72R
C1E5	N53418	P337
C1E9	N5342B	TAIL
C1EA	N5342C	C140
C1EB	N5342D	C172
C1EC	N5342E	BE35
C1ED	N5342F	P28A
C1F0	N5342J	P28A
C1F1	N5342K	P28A
C1F2	N5342L	P32R
C1F5	N5342P	C152
C1F6	N5342Q	C72R
C1F8	N5342S	C337
C1F9	N5342T	C172
C1FA	N5342U	PTS2
C1FB	N5342V	P32R
C1FC	N5342W	P28A
C1FE	N5342Y	C172
C200	N53420	P337
C202	N53422	ST75
C204	N53424	P32R
C20C	N5343B	C182
C20D	N5343C	P32R
C20E	N5343D	C180
C20F	N5343E	ONEX
C210	N5343F	P28A
C211	N5343G	DHC2
C212	N5343H	PA16
C21A	N5343R	C172
C21B	N5343S	C182
C21E	N5343V	UH12
C222	N5343Z	PA22
C225	N53432	C172
C227	N53434	P337
C22A	N53437	C172
C22D	N5344	G164
C22F	N5344B	C152
C230	N5344C	C170
C231	N5344D	C172
C233	N5344F	C172
C234	N5344G	DHC2
C235	N5344H	C172
C237	N5344K	C172
C239	N5344M	C152
C23C	N5344Q	C150
C23D	N5344R	C172
C23E	N5344S	P28A
C241	N5344V	PA34
C242	N5344W	P32R
C244	N5344Y	PA23
C246	N53440	C172
C247	N53441	B739
C248	N53442	B739
C24D	N53447	P28A
C24F	N53449	P337
C256	N5345F	P28A
C25C	N5345M	C152
C25D	N5345N	ST75
C25F	N5345Q	C150
C262	N5345T	C172
C263	N5345U	C82T
C265	N5345W	P28A
C26E	N53455	P32R
C26F	N53456	C172
C272	N53459	ST75
C273	N5346	G164
C275	N5346B	C182
C277	N5346D	C172
C278	N5346E	C172
C27B	N5346H	PA16
C27C	N5346J	C340
C27D	N5346K	C172
C27F	N5346M	C680
C280	N5346N	C182
C281	N5346P	PA24
C282	N5346Q	C150
C285	N5346T	C172
C286	N5346U	P28A
C287	N5346V	C72R
C28C	N53460	C172
C28F	N53463	C172
C290	N53464	P32R
C292	N53466	ST75
C294	N53468	C172
C29A	N5347D	SR20
C29B	N5347E	BE35
C29C	N5347F	P28R
C29D	N5347G	DHC2
C29E	N5347H	C172
C2A1	N5347L	P28A
C2A8	N5347T	C172
C2AA	N5347V	P46T
C2AB	N5347W	T34P
C2B2	N53473	ST75
C2B3	N53474	C172
C2B4	N53475	P337
C2B7	N53478	ST75
C2BB	N5348B	C152
C2BD	N5348D	C172
C2BE	N5348E	C82T
C2C4	N5348L	P28A
C2C5	N5348M	SR22
C2C6	N5348N	ST75
C2C7	N5348P	PA24
C2CB	N5348T	PA18
C2CC	N5348U	T210
C2CD	N5348V	C72R
C2D0	N5348Y	T210
C2D1	N5348Z	PA22
C2D4	N53482	ST75
C2DA	N53488	ST75
C2DE	N5349B	BE36
C2E0	N5349D	C172
C2E1	N5349E	BE35
C2E3	N5349G	DHC2
C2E4	N5349H	C82S
C2E6	N5349K	NAVI
C2E7	N5349L	P28A
C2E8	N5349M	P32R
C2EC	N5349R	C172
C2EF	N5349U	PTS2
C2F6	N53491	C172
C2F8	N53493	ST75
C2F9	N53494	C172
C2FF	N535	C25A
C30A	N535AK	T206
C311	N535AS	B738
C312	N535AT	B505
C318	N535AZ	M26
C31B	N535BB	PC12
C31C	N535BC	E55P
C327	N535BP	C560
C332	N535C	M20P
C333	N535CA	AC11
C334	N535CB	SONX
C335	N535CC	S22T
C336	N535CD	PRM1
C340	N535CP	SF50
C342	N535CR	C414
C343	N535CS	S22T
C34B	N535D	WAIX
C34D	N535DB	C150
C34E	N535DC	C182
C350	N535DE	EC35
C353	N535DH	SS2P
C354	N535DJ	RV6
C355	N535DK	RS21
C356	N535DL	C25B
C357	N535DM	TBM7
C358	N535DN	A21N
C35D	N535DT	C25B
C365	N535EA	CRJ7
C36B	N535EG	VELT
C370	N535EM	T206
C392	N535FW	YK12
C393	N535FX	CL30
C398	N535GB	E55P
C39D	N535GG	S22T
C39F	N535GJ	CRJ7
C3A6	N535GR	C560
C3AA	N535GV	GLF5
C3AB	N535GW	P28R
C3AF	N535H	D25
C3B0	N535HA	UH12
C3B5	N535HF	C72R
C3C8	N535J	S22T
C3CA	N535JB	A320
C3CE	N535JF	C25A
C3D4	N535JM	GLF4
C3D6	N535JP	SF50
C3D8	N535JR	P46T
C3E1	N535K	RV7
C3F2	N535KS	C172
C3F6	N535KW	C340
C3FA	N535L	SREY
C3FC	N535LB	SR22
C405	N535LL	EC35
C406	N535LM	R44
C407	N535LN	EC35
C414	N535MA	C56X
C416	N535MC	AT8T
C41C	N535MJ	PC12
C41D	N535MK	PC12
C421	N535MP	C550
C423	N535MR	GLST
C425	N535MT	EC35
C428	N535MW	EC35
C42B	N535MZ	C25M
C436	N535NK	A319
C445	N535P	BE35
C446	N535PA	GLF5
C448	N535PC	PC12
C449	N535PD	SONX
C44C	N535PG	SR22
C452	N535PN	BE30
C456	N535PS	LJ31
C457	N535PT	PC12
C45A	N535PW	BE36
C45E	N535Q	BE55
C46F	N535QS	C68A
C477	N535R	M20P
C478	N535RA	BE95
C479	N535RB	AEST
C482	N535RL	CLON
C48B	N535RV	H25B
C490	N535S	SR22
C492	N535SB	BE35
C493	N535SC	CH70
C4A0	N535SR	SR22
C4A2	N535ST	FOX
C4A9	N535T	BE35
C4AA	N535TA	SIRA
C4AB	N535TB	B429
C4AC	N535TC	PA12
C4AE	N535TE	ESCP
C4B3	N535TK	M7
C4BE	N535TW	P28R
C4BF	N535TX	BE35
C4D3	N535US	B752
C4D7	N535UW	A321
C4DB	N535V	GLF5
C4DD	N535VB	BE35
C4E6	N535VL	A21N
C4F0	N535VW	C172
C4F4	N535W	BE35
C4F6	N535WB	SREY
C4F7	N535WC	C185
C4FE	N535WK	H500
C502	N535WP	RV9
C516	N535XJ	CL30
C554	N535ZW	FOX
C55A	N5350B	C182
C562	N5350K	C172
C563	N5350L	P28A
C564	N5350M	C152
C566	N5350P	C152
C568	N5350R	C172
C570	N5350Z	PA22
C571	N53500	TAYB
C574	N53503	TBM
C575	N53504	P337
C578	N53507	C172
C57A	N53509	P28R
C57E	N5351C	C140
C57F	N5351D	C180
C580	N5351E	BE35
C583	N5351H	C172
C586	N5351L	C152
C588	N5351N	PTS2
C589	N5351P	C152
C58A	N5351Q	C172
C58D	N5351T	PA32
C58F	N5351V	C172
C593	N5351Z	PA22
C594	N53510	P337
C595	N53511	SR22
C596	N53512	SR22
C59A	N53516	P46T
C59B	N53517	PA46
C59D	N53519	P337
C5A0	N5352B	PA24
C5A1	N5352C	C140
C5A2	N5352D	P28R
C5A8	N5352K	C172
C5A9	N5352L	P28A
C5AB	N5352N	C182
C5AE	N5352R	C172
C5AF	N5352S	C337
C5B0	N5352T	C172
C5B1	N5352U	C172
C5B3	N5352W	P28A
C5B7	N53520	P337
C5B8	N53521	P32R
C5BC	N53525	P337
C5C1	N5353	G164
C5C4	N5353C	C140
C5C5	N5353D	C180
C5C6	N5353E	BE35
C5C7	N5353F	P28A
C5C8	N5353G	P28R
C5CB	N5353K	C172
C5D0	N5353Q	C150
C5D1	N5353R	C72R
C5D2	N5353S	C337
C5D3	N5353T	C172
C5D4	N5353U	P32R
C5D5	N5353V	P46T
C5D6	N5353W	P28A
C5DB	N53531	P337
C5DD	N53533	P28A
C5DE	N53534	TAYD
C5E6	N5354B	C182
C5E8	N5354D	C172
C5E9	N5354E	BE35
C5EB	N5354G	DHC2
C5EE	N5354K	PA32
C5F1	N5354N	PA44
C5F2	N5354P	RS20
C5F4	N5354R	C72R
C5F5	N5354S	C82R
C5F8	N5354V	P32R
C5FC	N5354Z	PA22
C5FD	N53540	C172
C5FE	N53541	C172
C601	N53544	ST75
C603	N53546	ST75
C604	N53547	RELI
C606	N53549	ST75
C60A	N5355C	C140
C60B	N5355D	C180
C60D	N5355F	C72R
C610	N5355J	C421
C611	N5355K	NAVI
C612	N5355L	P28A
C614	N5355N	C182
C615	N5355P	C152
C616	N5355Q	C152
C617	N5355R	C172
C618	N5355S	P46T
C61C	N5355W	C72R
C61F	N5355Z	PA22
C620	N53550	P28A
C625	N53555	P337
C628	N53558	P28R
C62D	N5356C	C140
C62E	N5356D	C172
C62F	N5356E	BE35
C630	N5356F	P28A
C632	N5356H	PA16
C635	N5356L	P28A
C637	N5356N	C182
C638	N5356P	C172
C63A	N5356R	C172
C63C	N5356T	C172
C63D	N5356U	PA44
C63F	N5356W	P28A
C640	N5356X	P28A
C641	N5356Y	P28A
C647	N53564	C172
C64C	N53569	C172
C64D	N5357	RV7
C64F	N5357B	C182
C651	N5357D	P28A
C652	N5357E	C172
C655	N5357H	C152
C656	N5357J	C172
C657	N5357K	NAVI
C65A	N5357N	P28A
C65B	N5357P	C152
C662	N5357W	P28A
C663	N5357X	PA18
C667	N53571	C172
C668	N53572	P32R
C669	N53573	P337
C66C	N53576	C172
C66D	N53577	C172
C672	N5358B	C182
C674	N5358D	C172
C676	N5358F	P32R
C678	N5358H	PA16
C679	N5358J	P46T
C67A	N5358K	NAVI
C67B	N5358L	P28A
C67E	N5358P	PA24
C680	N5358R	C172
C682	N5358T	C82R
C683	N5358U	T210
C689	N53580	P28R
C68E	N53585	C172
C690	N53587	C172
C691	N53588	C172
C694	N5359A	T210
C698	N5359E	BE35
C699	N5359F	P28A
C69C	N5359J	PA34
C69D	N5359K	C172
C69E	N5359L	P28A
C6A0	N5359N	ST75
C6A1	N5359P	PA24
C6A2	N5359Q	C150
C6A4	N5359S	C182
C6A5	N5359T	C172
C6AA	N5359Y	PA23
C6AB	N5359Z	PA22
C6AD	N53591	P337
C6AE	N53592	P32R
C6B0	N53594	C46
C6B6	N536	H500
C6B7	N536A	B14A
C6B8	N536AA	FALC
C6C0	N536AJ	SR22
C6C8	N536AS	B738
C6CB	N536AV	A320
C6CF	1304	B407	A
C6D0	N536B	SF50
C6D1	N536BA	BE36
C6D2	N536BB	BE36
C6D3	N536BC	BE36
C6E5	N536BW	C68A
C6EC	N536CC	PA11
C6F7	N536CP	SR22
C6FA	N536CS	PA11
C6FB	N536CT	FDCT
C702	N536D	BE50
C704	N536DB	MR35
C705	N536DC	DV20
C706	N536DD	C82S
C70F	N536DN	A21N
C71C	N536EA	CRJ7
C72E	N536EU	BE36
C74A	N536FX	CL30
C756	N536GJ	CRJ7
C75D	N536GR	C82T
C75E	N536GS	BE36
C75F	N536GT	GLAS
C769	N536HC	PC12
C76C	N536HF	C72R
C781	N536JB	A320
C78F	N536JR	C172
C790	N536JS	BT36
C798	N536K	BE36
C79E	N536KF	FOX
C7B1	N536L	C82T
C7B2	N536LA	B763
C7B7	N536LF	A119
C7C2	N536LS	GLID
C7C6	N536LW	B412
C7CB	N536MA	CH7B
C7CF	N536ME	EC35
C7D1	N536MG	LJ45
C7D6	N536MM	RV6
C7D9	PR-RSJ	B407
C7E7	N536ND	C172
C7ED	N536NK	A319
C7FC	N536P	BE36
C7FF	N536PC	SR22
C800	N536PD	B407
C80F	N536PU	P28A
C810	N536PV	PIVI
C811	N536PW	B407
C826	N536QS	C68A
C82E	N536R	FOX
C847	N536S	RV6
C848	N536SA	AC50
C849	N536SB	PA46
C84A	N536SC	P28A
C84F	N536SH	R44
C850	N536SJ	CC11
C855	N536SP	C172
C860	N536T	B06
C863	N536TC	BT36
C868	N536TH	C172
C86E	N536TP	DC3T
C88A	N536US	B752
C88E	N536UW	A321
C89D	N536VL	A21N
C8AB	N536W	BE36
C8AE	N536WC	C210
C8B2	N536WG	BE33
C8C4	N536X	H269
C8CD	N536XJ	CL30
C903	N536ZN	H60
C912	N5360C	C140
C914	N5360E	BE35
C917	N5360H	PA16
C918	N5360J	C172
C919	N5360K	P32R
C91A	N5360L	P28A
C91C	N5360N	ST75
C91D	N5360P	PA24
C91F	N5360R	C172
C924	N5360W	P28A
C925	N5360X	SF50
C928	N53600	C172
C929	N53601	O1
C92A	N53602	J3
C92B	N53603	C172
C930	N53608	GLIM
C933	N5361A	P46T
C934	N5361B	C182
C936	N5361D	C180
C939	N5361G	BE18
C93A	N5361H	PA16
C93B	N5361J	P32R
C93C	N5361K	C172
C93F	N5361N	P28A
C941	N5361Q	C150
C942	N5361R	PA34
C944	N5361T	C172
C946	N5361V	GLIM
C947	N5361W	P28A
C94B	N53610	C82T
C94C	N53611	C172
C94F	N53614	C172
C952	N53617	P337
C954	N53619	GLID
C956	N5362A	T210
C95B	N5362F	PA32
C95C	N5362G	GLID
C95D	N5362H	C172
C960	N5362L	P28A
C963	N5362P	CH65
C964	N5362Q	C150
C965	N5362R	C172
C967	N5362T	C182
C968	N5362U	P28A
C96B	N5362X	PA18
C970	N53622	C172
C973	N53625	GLID
C976	N53628	P337
C97B	N5363C	C140
C980	N5363H	PA16
C981	N5363J	P28A
C982	N5363K	C172
C983	N5363L	P28A
C985	N5363N	ST75
C987	N5363Q	C82S
C988	N5363R	C172
C989	N5363S	P28A
C98B	N5363U	T206
C98C	N5363V	UH12
C98F	N5363Y	PA23
C990	N5363Z	C72R
C991	N53630	C172
C993	N53632	C172
C997	N53636	C172
C99C	N5364A	C172
C99D	N5364B	C182
C99E	N5364C	C140
C9A0	N5364E	BE35
C9A2	N5364G	GLIM
C9A5	N5364K	C172
C9A9	N5364P	C152
C9AD	N5364T	C172
C9B0	N5364W	P28A
C9B3	N5364Z	PA22
C9B4	N53640	P337
C9BA	N53646	P32R
C9C1	N5365C	C140
C9C3	N5365E	BE35
C9C5	N5365G	M20P
C9C6	N5365H	PA16
C9CB	N5365N	ST75
C9CC	N5365P	PA24
C9CE	N5365R	C172
C9CF	N5365S	C337
C9D0	N5365T	C172
C9D3	N5365W	P28A
C9D4	N5365X	C414
C9D7	N53650	O1
C9D8	N53651	P28A
C9DD	N53656	FA62
C9E1	N5366	G164
C9E2	N5366A	C310
C9E4	N5366C	PA34
C9E5	N5366D	C180
C9E7	N5366F	P28A
C9E9	N5366H	PA16
C9EA	N5366J	C172
C9EB	N5366K	C172
C9EC	N5366L	P28A
C9ED	N5366M	C152
C9EE	N5366N	ST75
C9EF	N5366P	PA24
C9F2	N5366S	C182
C9F3	N5366T	C172
C9F6	N5366W	P28A
C9FD	N53663	C172
C9FE	N53664	T50
CA02	N53668	PA32
CA07	N5367C	C140
CA08	N5367D	C180
CA09	N5367E	BE35
CA0A	N5367F	P28A
CA0C	N5367H	C172
CA0D	N5367J	P32R
CA0E	N5367K	NAVI
CA0F	N5367L	P28A
CA12	N5367P	PA24
CA13	N5367Q	C150
CA14	N5367R	C172
CA15	N5367S	C337
CA16	N5367T	C172
CA1D	N53670	P337
CA1E	N53671	P337
CA1F	N53672	PA32
CA23	N53676	P337
CA27	N5368	G164
CA28	N5368A	T210
CA29	N5368B	C182
CA2F	N5368H	P28A
CA30	N5368J	P28A
CA33	N5368M	C152
CA34	N5368N	ST75
CA35	N5368P	PA24
CA36	N5368Q	C150
CA37	N5368R	C172
CA39	N5368T	P28A
CA3A	N5368U	C210
CA3C	N5368W	P28A
CA3F	N5368Z	PA22
CA42	N53682	P32R
CA45	N53685	PA32
CA47	N53687	P337
CA48	N53688	P337
CA4A	N5369	G164
CA4B	N5369A	C210
CA4D	N5369C	C140
CA4E	N5369D	C180
CA4F	N5369E	BE35
CA50	N5369F	P28A
CA52	N5369H	C152
CA53	N5369J	PA32
CA54	N5369K	NAVI
CA57	N5369N	C182
CA59	N5369Q	C150
CA5A	N5369R	C72R
CA5B	N5369S	P32R
CA60	N5369X	FOX
CA61	N5369Y	T210
CA68	N53695	P68
CA6E	N537A	P28A
CA70	N537AB	SR22
CA71	N537AC	BL8
CA7E	N537AR	DHC6
CA7F	N537AS	B738
CA87	N537B	BE35
CA97	N537BR	P40
CAA0	N537C	S108
CAA1	N537CA	B744
CAA3	N537CC	PA18
CAA4	N537CD	SR22
CAAB	N537CL	HUSK
CAAE	N537CP	SR22
CAB2	N537CT	FDCT
CABF	N537DF	BE40
CAC0	N537DG	FB1A
CAC5	N537DM	PA30
CACB	N537DT	A21N
CAD3	N537EA	CRJ7
CADE	N537EM	BE20
CAF6	N537FL	P28A
CB01	N537FX	CL35
CB0D	N537GJ	CRJ7
CB15	N537GS	GA5C
CB23	N537HF	C72R
CB2B	N537HP	C82S
CB38	N537JB	R66
CB3C	N537JF	PC12
CB3E	N537JH	CH7B
CB48	N537JT	A320
CB60	N537KS	C172
CB6A	N537LB	SR22
CB81	N537M	R44
CB82	N537MA	DA40
CB86	N537ME	EC35
CB8D	N537MM	HUSK
CB9A	N537N	PA38
CB9E	N537ND	C172
CBA1	N537NG	PC12
CBB3	N537P	B06
CBBA	N537PG	SR20
CBC5	N537PT	RV7
CBC7	N537PV	PIVI
CBDD	N537QS	C68A
CBE7	N537RB	PRM1
CBF9	N537RV	RV8
CBFE	N537S	RV7
CBFF	N537SA	C82T
CC01	N537SC	GLAS
CC13	N537SW	BE58
CC17	N537T	B06
CC29	N537TT	C182
CC2C	N537TW	P06T
CC41	N537US	B752
CC45	N537UW	A321
CC49	N537V	SR22
CC54	N537VL	A21N
CC65	N537WC	C750
CC6E	N537WM	C182
CC84	N537XJ	CL30
CC91	N537XX	LJ45
CCCA	N5370D	C180
CCCB	N5370E	C185
CCCC	N5370F	P28R
CCCE	N5370H	PA16
CCCF	N5370J	C421
CCD1	N5370L	P28A
CCD4	N5370P	PA24
CCD8	N5370T	P28R
CCD9	N5370U	T206
CCDB	N5370W	P28A
CCE1	N53702	B06
CCE2	N53703	C172
CCE3	N53704	P337
CCE4	N53705	P337
CCE7	N53708	P337
CCE8	N53709	TAYD
CCEF	N5371F	PA32
CCF0	N5371G	DHC2
CCF1	N5371H	PA16
CCF2	N5371J	C421
CCF3	N5371K	C172
CCF4	N5371L	C172
CCF8	N5371Q	C172
CCF9	N5371R	C172
CCFF	N5371X	T206
CD02	N53710	P337
CD04	N53712	TAYD
CD05	N53713	CH7B
CD09	N53717	BL8
CD0A	N53718	CH7B
CD0B	N53719	CH7B
CD0F	N5372C	C414
CD10	N5372D	C180
CD11	N5372E	BE35
CD16	N5372K	NAVI
CD1A	N5372P	J3
CD1D	N5372S	SR22
CD20	N5372V	C72R
CD25	N53720	C172
CD28	N53723	BL8
CD29	N53724	CH7B
CD2A	N53725	C172
CD2B	N53726	CH7B
CD2C	N53727	FA62
CD2D	N53728	CH7B
CD31	N5373B	COY2
CD34	N5373E	BE35
CD37	N5373H	PA16
CD39	N5373K	NAVI
CD3A	N5373L	P28A
CD3E	N5373Q	C150
CD41	N5373T	P28A
CD42	N5373U	B06
CD45	N5373X	G109
CD46	N5373Y	PA18
CD48	N53730	CH7B
CD4D	N53735	CH7B
CD4F	N53737	BL8
CD50	N53738	CH7B
CD55	N5374C	C140
CD56	N5374D	C180
CD5B	N5374J	C172
CD5C	N5374K	C172
CD5D	N5374L	P28A
CD5F	N5374N	ST75
CD60	N5374P	PA24
CD61	N5374Q	C150
CD64	N5374T	P28R
CD65	N5374U	G109
CD66	N5374V	UH12
CD6A	N5374Z	PA22
CD6B	N53740	LGEZ
CD6D	N53742	C172
CD6F	N53744	CH7B
CD71	N53746	CH7B
CD72	N53747	BL8
CD79	N5375D	C180
CD7E	N5375J	C172
CD7F	N5375K	NAVI
CD80	N5375L	P28A
CD85	N5375R	C172
CD8A	N5375W	P28A
CD8E	N53750	ST75
CD90	N53752	CH7B
CD92	N53754	CH7B
CD95	N53757	BL8
CD96	N53758	CH7B
CD97	N53759	C172
CD9B	N5376C	C140
CDA1	N5376J	C172
CDA2	N5376K	NAVI
CDA5	N5376N	C182
CDA6	N5376P	PA24
CDB1	N53760	TAYD
CDB4	N53763	CH7B
CDB5	N53764	CH7A
CDB6	N53765	TAYD
CDB9	N53768	TAYD
CDBB	N5377	PA11
CDBE	N5377C	C177
CDBF	N5377D	C172
CDC0	N5377E	BE35
CDC3	N5377H	PA16
CDC5	N5377K	NAVI
CDC9	N5377P	PA24
CDCC	N5377S	C182
CDCD	N5377T	C172
CDCF	N5377V	C72R
CDD3	N5377Z	PA22
CDD6	N53772	CH7B
CDD7	N53773	CH7A
CDDB	N53777	CH7B
CDDD	N53779	FB1A
CDE0	N5378B	C152
CDE2	N5378D	C172
CDE3	N5378E	C172
CDE5	N5378G	COUR
CDE6	N5378H	PA16
CDE8	N5378K	C172
CDE9	N5378L	P28A
CDEC	N5378P	T206
CDEE	N5378R	C172
CDF3	N5378W	P28A
CDF5	N5378Y	PA18
CDF8	N53781	CH7A
CDFA	N53783	ST75
CDFC	N53785	CH7B
CDFE	N53787	BL8
CDFF	N53788	AR6T
CE02	N5379A	C210
CE03	N5379B	C182
CE06	N5379E	BE35
CE07	N5379F	F2TH
CE0B	N5379K	NAVI
CE10	N5379Q	C150
CE13	N5379T	C172
CE16	N5379W	SR20
CE18	N5379Y	PA18
CE19	N5379Z	PA22
CE1B	N53791	CH7B
CE1D	N53793	ST75
CE1E	N53794	C172
CE21	N53797	C172
CE22	N53798	TAYD
CE25	N538A	B14A
CE28	N538AC	UH12
CE31	N538AM	RV8
CE36	N538AS	B738
CE37	N538AT	B350
CE39	N538AV	A320
CE46	N538BH	PC12
CE57	N538C	C172
CE58	N538CA	CRJ9
CE5A	N538CC	B734
CE5B	N538CD	SR22
CE5F	N538CH	COY2
CE65	N538CP	C82S
CE69	N538CT	FDCT
CE7D	N538DN	A21N
CE90	N538EG	CRJ7
CE99	N538ER	C172
CEB8	N538FX	CL30
CEC4	N538GJ	CRJ7
CECC	N538GS	RV7
CEDA	N538HF	C72R
CEEF	N538JB	AR15
CF11	N538KL	SW4
CF17	N538KS	C172
CF20	N538LA	B763
CF2A	N538LL	R44
CF38	N538M	E135
CF48	N538MR	GLAS
CF4A	N538MT	PC12
CF4D	N538MW	B412
CF51	N538N	SR22
CF55	N538ND	C172
CF6A	N538P	PA24
CF6D	N538PC	C180
CF71	N538PG	RV4
CF94	N538QS	C68A
CFA4	N538RH	ALIG
CFB7	N538SB	P32R
CFB8	N538SC	P28A
CFBD	N538SH	A748
CFC1	N538SM	SMAX
CFC3	N538SP	C172
CFC5	N538SR	SR22
CFC9	N538SV	H60
CFCC	N538SY	S22T
CFCE	N538T	BE35
CFD0	N538TB	C172
CFD2	N538TD	B06
CFF8	N538US	B752
CFFC	N538UW	A321
D00B	N538VL	A20N
D01A	N538WA	C56X
D02A	N538WS	E55P
D03B	N538XJ	CL30
D07D	N5380	G164
D07F	N5380B	C182
D080	N5380C	C140
D085	N5380H	PA16
D088	N5380L	P28A
D08A	N5380N	C182
D08C	N5380Q	C150
D08E	N5380S	C337
D08F	N5380T	C172
D092	N5380W	P28A
D096	N53800	CH7B
D097	N53801	CH7A
D098	N53802	CH7B
D09A	N53804	CH7A
D09C	N53806	BL8
D0A1	N5381A	C310
D0A3	N5381C	C140
D0A4	N5381D	C180
D0A5	N5381E	C185
D0A8	N5381H	R66
D0AD	N5381N	C182
D0AE	N5381P	PA24
D0AF	N5381Q	C150
D0B1	N5381S	C337
D0B2	N5381T	PA32
D0B3	N5381U	DHC2
D0B4	N5381V	UH12
D0B8	N5381Z	PA22
D0BE	N53815	CH7B
D0C0	N53817	CH7B
D0C2	N53819	BL8
D0C5	N5382B	C182
D0C7	N5382D	C172
D0C8	N5382E	BE35
D0C9	N5382F	P32R
D0CB	N5382H	PA16
D0CD	N5382K	NAVI
D0D1	N5382P	PA24
D0D2	N5382Q	C150
D0D8	N5382W	SR20
D0D9	N5382X	T206
D0DC	N53820	CH7B
D0DE	N53822	C172
D0DF	N53823	CH7A
D0E0	N53824	CH7B
D0E1	N53825	CH7B
D0E6	N5383	BE95
D0E7	N5383A	T210
D0EA	N5383D	C172
D0EB	N5383E	BE35
D0EC	N5383F	P32R
D0ED	N5383G	COUR
D0F0	N5383K	C172
D0F1	N5383L	P28A
D0F2	N5383M	C152
D0F3	N5383N	C182
D0F5	N5383Q	C150
D0F7	N5383S	C337
D0F8	N5383T	C172
D0FB	N5383W	P28A
D0FC	N5383X	C180
D0FF	N53830	CH7B
D101	N53832	CH7A
D102	N53833	BL8
D103	N53834	BL8
D105	N53836	CH7A
D106	N53837	CH7B
D107	N53838	BL8
D108	N53839	CH7A
D109	N5384	C172
D10B	N5384B	C182
D10C	N5384C	C140
D10F	N5384F	PA34
D111	N5384H	PA16
D113	N5384K	C172
D114	N5384L	P28A
D116	N5384N	C182
D117	N5384P	C152
D119	N5384R	C172
D11A	N5384S	C182
D11B	N5384T	C172
D11E	N5384W	SR22
D122	N53840	CH7B
D125	N53843	CH7B
D126	N53844	CH7B
D128	N53846	H500
D12A	N53848	FA62
D12B	N53849	CH7B
D130	N5385D	C172
D131	N5385E	BE35
D134	N5385H	C82R
D135	N5385J	C172
D139	N5385N	C182
D13D	N5385S	C82R
D146	N53851	CH7B
D147	N53852	CH7A
D148	N53853	CH7B
D14A	N53855	CH7A
D14B	N53856	CH7B
D14D	N53858	CH7B
D150	N5386A	T210
D151	N5386B	C182
D152	N5386C	RV12
D153	N5386D	C172
D154	N5386E	BE35
D155	N5386F	P28A
D156	N5386G	C310
D157	N5386H	PA16
D158	N5386J	C172
D15D	N5386P	PA24
D15F	N5386R	C172
D160	N5386S	C337
D166	N5386Y	PA23
D167	N5386Z	PA22
D16B	N53863	CH7B
D16C	N53864	CH7B
D16D	N53865	CH7B
D16F	N53867	CH7B
D171	N53869	CH7B
D174	N5387B	C152
D175	N5387C	C140
D179	N5387G	COUR
D17A	N5387H	C185
D17C	N5387K	C172
D17D	N5387L	P28A
D180	N5387P	PA24
D182	N5387R	C172
D183	N5387S	C337
D184	N5387T	C172
D187	N5387W	P28A
D188	N5387X	ACR2
D18A	N5387Z	PA22
D18B	N53870	BL8
D18C	N53871	CH7A
D18D	N53872	CH7A
D18E	N53873	CH7B
D18F	N53874	CH7A
D191	N53876	BL8
D192	N53877	CH7B
D193	N53878	CH7B
D197	N5388B	C182
D199	N5388D	C310
D19A	N5388E	BE35
D19D	N5388H	PA16
D19E	N5388J	C404
D1A3	N5388P	PA24
D1AA	N5388W	P28A
D1AC	N5388Y	C210
D1AD	N5388Z	PA22
D1B0	N53882	CH7B
D1B1	N53883	CH7B
D1B3	N53885	C172
D1B4	N53886	CH7B
D1B5	N53887	CH7A
D1B7	N53889	CH7B
D1B9	N5389A	C310
D1BB	N5389C	C140
D1BC	N5389D	C180
D1BD	N5389E	BE35
D1C0	N5389H	PA16
D1C2	N5389K	C172
D1C4	N5389M	C152
D1C6	N5389P	PA24
D1C7	N5389Q	C152
D1C8	N5389R	C172
D1CA	N5389T	C172
D1CD	N5389W	P28A
D1D1	N53890	CH7B
D1D2	N53891	CH7A
D1D4	N53893	CH7A
D1D6	N53895	BL8
D1D7	N53896	CH7B
D1D8	N53897	CH7B
D1D9	N53898	CH7A
D1E0	N539AD	LGEZ
D1E1	N539AE	B06
D1E2	N539AF	PC12
D1E8	N539AM	B733
D1EA	N539AP	PC12
D1EE	N539AT	B350
D1F5	N539B	C152
D20E	N539C	S108
D20F	N539CA	F900
D211	N539CC	B733
D212	N539CD	SR22
D214	N539CF	SR20
D21C	N539CP	C82S
D220	N539CT	FDCT
D22F	N539DH	DHC2
D236	N539DN	A21N
D241	N539EA	CRJ7
D27B	N539GJ	CRJ7
D28B	N539H	EN28
D2A6	N539JB	PA32
D2AD	N539JJ	CH7B
D2B0	N539JM	C560
D2B5	N539JS	GLF5
D2CE	N539KS	C172
D2D9	N539LC	C25C
D2F0	N539MA	P46T
D2F5	N539MF	P28A
D306	N539MY	C82T
D30C	N539ND	C172
D321	N539P	GLST
D323	N539PB	C172
D326	N539PE	PC12
D34B	N539QS	C68A
D359	N539RF	L39
D35E	N539RL	B738
D35F	N539RM	EA50
D367	N539RV	RV9
D36F	N539SC	CRUZ
D374	N539SH	AS50
D37C	N539SR	SR22
D385	N539T	BE35
D3AF	N539US	B752
D3B3	N539UW	A321
D3C2	N539VL	A20N
D3D0	N539W	PA11
D3D1	N539WA	C56X
D3F2	N539XJ	CL30
D437	N5390C	C140
D439	N5390E	C185
D43A	N5390F	P32R
D43C	N5390H	PA16
D43E	N5390K	NAVI
D43F	N5390L	P28A
D441	N5390N	C182
D442	N5390P	PA24
D443	N5390Q	C150
D444	N5390R	C172
D446	N5390T	C172
D448	N5390V	C72R
D44D	N53900	BL8
D44E	N53901	CH7B
D44F	N53902	BL8
D450	N53903	CH7B
D451	N53904	CH7B
D452	N53905	CH7B
D453	N53906	CH7B
D454	N53907	CH7B
D456	N53909	BL8
D458	N5391A	T210
D45B	N5391D	C180
D45C	N5391E	BE35
D45F	N5391H	C172
D462	N5391L	P28A
D463	N5391M	KR2
D464	N5391N	J3
D465	N5391P	PA24
D46A	N5391U	P28R
D46B	N5391V	T210
D46E	N5391Y	PA23
D470	N53910	BL8
D472	N53912	CH7B
D474	N53914	CH7B
D478	N53918	CH7A
D479	N53919	CH7B
D47D	N5392C	C140
D480	N5392F	PA34
D482	N5392H	PA16
D484	N5392K	NAVI
D485	N5392L	P28A
D489	N5392Q	C150
D48B	N5392S	P28A
D48C	N5392T	C172
D48D	N5392U	EXEC
D48F	N5392W	P28A
D491	N5392Y	PA18
D492	N5392Z	PA22
D493	N53920	CH7B
D496	N53923	CH7A
D49C	N53929	FA62
D4A0	N5393C	C140
D4A3	N5393F	COY2
D4A5	N5393H	PA16
D4A7	N5393K	CB1
D4AA	N5393N	C182
D4AE	N5393S	P28A
D4AF	N5393T	C182
D4B1	N5393V	C72R
D4B2	N5393W	P28A
D4B3	N5393X	AVID
D4C1	N5394A	C310
D4C2	N5394B	C152
D4C3	N5394C	C140
D4C4	N5394D	C180
D4C5	N5394E	BE35
D4CE	N5394P	PA24
D4D2	N5394T	C172
D4D5	N5394W	P28A
D4D6	N5394X	T206
D4DA	N53941	DHC1
D4DE	N53945	C172
D4E3	N5395	G164
D4E5	N5395B	C182
D4E7	N5395D	C180
D4E9	N5395F	P28A
D4EB	N5395H	C172
D4EE	N5395L	P28A
D4F0	N5395N	C182
D4F2	N5395Q	C150
D4F7	N5395V	T210
D4FF	N53953	FA62
D500	N53954	BL8
D501	N53955	CH7B
D503	N53957	CH7B
D505	N53959	CH7B
D506	N5396	G164
D507	N5396A	C310
D508	N5396B	C182
D509	N5396C	C140
D50B	N5396E	C172
D510	N5396K	NAVI
D515	N5396Q	H60
D516	N5396R	C172
D517	N5396S	P28A
D518	N5396T	C172
D51E	N5396Z	PA22
D521	N53962	CH7A
D524	N53965	CH7B
D525	N53966	CH7B
D526	N53967	CH7B
D527	N53968	CH7B
D528	N53969	CH7A
D52C	N5397C	C140
D52D	N5397D	C172
D52E	N5397E	BE35
D52F	N5397F	H60
D532	N5397J	C421
D533	N5397K	NAVI
D537	N5397P	PA24
D539	N5397R	C172
D53A	N5397S	P28A
D540	N5397Y	PA23
D541	N5397Z	PA22
D542	N53970	CH7B
D547	N53975	BL8
D549	N53977	CH7B
D54A	N53978	CH7B
D54D	N5398A	C310
D54F	N5398C	C140
D550	N5398D	C172
D552	N5398F	P28A
D557	N5398L	P28A
D55A	N5398P	PA24
D55E	N5398T	C172
D561	N5398W	P28A
D563	N5398Y	PA18
D567	N53982	BL8
D568	N53983	CH7A
D569	N53984	CH7B
D56B	N53986	CH7A
D56D	N53988	CH7A
D56F	N5399	GLST
D571	N5399B	C152
D572	N5399C	C140
D573	N5399D	C180
D574	N5399E	C82R
D575	N5399F	P28A
D576	N5399G	COUR
D577	N5399H	PA16
D578	N5399J	C172
D579	N5399K	C172
D57A	N5399L	P28A
D581	N5399T	P28R
D584	N5399W	P28A
D588	N53990	B47G
D58B	N53993	DHC7
D58D	N53995	P28R
D58E	N53996	C172
D58F	N53997	B47G
D596	N54AC	GLIM
D598	N54AE	B06
D599	N54AF	C180
D59B	N54AH	HUSK
D59C	N54AJ	AEST
D59D	N54AK	T210
D59E	N54AL	AEST
D5A1	N54AP	LJ31
D5A4	N54AS	GLID
D5A8	N54AW	PA23
D5AB	N54AZ	B407
D5AC	N54B	PA22
D5AD	N54BA	R22
D5B0	N54BD	C25C
D5B1	N54BE	GLF5
D5B3	N54BG	P32R
D5B4	N54BH	SA30
D5B6	N54BK	C82R
D5BC	N54BR	GLF6
D5C0	N54BV	K100
D5C1	N54BW	PA18
D5C6	N54CA	CL35
D5C7	N54CB	GLAS
D5C8	N54CC	P210
D5CB	N54CF	C510
D5CC	N54CG	C56X
D5CD	N54CH	BE30
D5CF	N54CK	MU2
D5D0	N54CL	PA31
D5D1	N54CM	GALX
D5D3	N54CP	SU29
D5D5	N54CR	C421
D5D6	N54CS	SA30
D5D7	N54CT	RV10
D5D8	N54CU	C208
D5DB	N54CX	BE18
D5DF	N54DA	C25A
D5E0	N54DB	BE60
D5E2	N54DD	C560
D5E4	N54DF	C340
D5E5	N54DG	BE36
D5E6	N54DH	CC11
D5E8	N54DK	HDJT
D5E9	N54DL	P28A
D5EA	N54DM	NAVI
D5EB	N54DN	SR20
D5EC	N54DP	GLEX
D5EE	N54DR	FA10
D5F5	N54DY	RV7
D5F6	N54DZ	T210
D5F7	N54E	P337
D5F8	N54EA	CRJ7
D5FA	N54EC	TBM7
D5FF	N54EH	R44
D600	N54EJ	C185
D602	N54EL	PA18
D603	N54EM	C82S
D604	N56EN	E545
D605	N54EP	LGEZ
D607	N54ER	M20P
D60F	N54EZ	G164
D610	N54F	BE20
D612	N54FB	BE40
D618	N54FH	HAHU
D61B	N54FL	C25B
D621	N54FS	EN48
D625	N54FW	SONX
D629	N54G	CLON
D62A	N54GA	R44
D62C	N54GC	C172
D631	N54GH	GLAS
D635	N54GM	SA30
D637	N54GP	SW4
D639	N54GR	CL60
D63A	N54GS	C340
D63D	N54GV	C207
D641	N54GZ	G73
D642	N54H	T34P
D643	N54HA	CL30
D645	N54HC	C25A
D646	N54HD	BE40
D649	N54HG	F900
D64A	N54HH	C150
D64D	N54HL	BE33
D64E	N54HM	J3
D650	N54HP	BE40
D652	N54HR	RV4
D653	N54HS	M7
D657	N54HW	GLIM
D659	N54HY	HUSK
D65C	N54JA	C72R
D65D	N54JB	KR2
D65E	N54JC	CL60
D662	N54JG	C120
D665	N54JK	HUSK
D667	N54JM	C172
D668	N54JN	BE36
D66B	N54JR	P337
D66F	N54JV	C500
D670	N54JW	G109
D671	N54JX	SX30
D674	N54K	BE18
D675	N54KA	PA32
D678	N54KD	T206
D67A	N54KF	HUSK
D67C	N54KH	C172
D67D	N54KJ	EA50
D67E	N54KK	RV4
D680	N54KM	LEG2
D682	N54KP	C82T
D68B	N54KY	SR22
D68D	N54L	PTS1
D68E	N54LA	E55P
D692	N54LE	B06
D693	N54LF	RV8
D694	N54LG	SR22
D695	N54LH	RV7
D696	N54LJ	PTS1
D697	N54LK	COL4
D698	N54LL	C185
D699	N54LM	PTMS
D69D	N54LR	E300
D69E	N54LS	GLID
D69F	N54LT	P180
D6A0	N54LU	C172
D6A1	N54LV	B427
D6A2	N54LW	SR22
D6A3	N54LX	LNC4
D6A6	N54M	AVID
D6A7	N54MA	GLID
D6A8	N54MB	C150
D6A9	N54MC	P28A
D6AA	N54MD	RV4
D6AB	N54ME	C206
D6AC	N54MF	RLU1
D6AD	N54MG	RV10
D6AE	N54MH	F2TH
D6AF	N54MJ	M7
D6B0	N54MK	RV6
D6B1	N54ML	CASS
D6B2	N54MM	C210
D6B3	N54MN	AS50
D6B6	N54MR	RV4
D6B8	N54MT	P28A
D6BA	N54MV	PA23
D6BE	N54MZ	C25M
D6BF	N54N	CAMP
D6C4	N54NE	LEG2
D6CA	N54NL	B47G
D6D4	N54NW	LJ55
D6D6	N54NY	B06
D6D9	N54PA	LJ35
D6DA	N54PB	KR2
D6DB	N54PC	MU2
D6DC	N54PD	H500
D6DE	N54PF	BE36
D6DF	N54PG	DIMO
D6E0	N54PH	PA34
D6E1	N54PJ	LNP4
D6E2	N54PK	PISI
D6E3	N54PL	EXEC
D6E4	N54PM	E550
D6E6	N54PP	PA22
D6E8	N54PR	C172
D6E9	N54PS	P210
D6EA	N54PT	BE9L
D6EC	N54PV	C510
D6ED	N54PW	C182
D6F1	N54Q	JACE
D706	N54QW	GLF6
D70A	N54R	C210
D70B	N54RA	C182
D70C	N54RB	E300
D70D	N54RC	ST75
D70F	N54RE	C25B
D710	N54RF	T34P
D711	N54RG	P46T
D712	N54RH	BE35
D713	N54RJ	E550
D714	N54RK	MU2
D715	N54RL	RV6
D718	N54RP	EC45
D71A	N54RR	AC11
D71B	N54RS	RV4
D71C	N54RT	PULS
D71E	N54RV	RV4
D71F	N54RW	C182
D724	N54SA	C404
D726	N54SC	C182
D727	N54SD	C180
D728	N54SE	P210
D72A	N54SG	LNC2
D72B	N54SH	WACF
D72C	N54SJ	SR20
D72E	N54SL	C25A
D72F	N54SM	BOLT
D731	N54SP	B06
D734	N54SS	P32R
D735	N54ST	PA23
D73E	N54TB	LNC4
D73F	N54TC	BE33
D741	N54TE	EA50
D742	N54TF	R44
D743	N54TG	GLF5
D744	N54TH	CHR1
D746	N54TK	BE20
D74A	N54TP	C560
D74C	N54TR	R22
D74E	N54TT	C421
D751	N54TW	TB21
D752	N54TX	P28A
D754	N54TZ	RV9
D763	N54UP	J3
D766	N54US	BE10
D767	N54UT	PA34
D76E	N54V	BE76
D76F	N54VA	C172
D771	N54VC	RV6
D777	N54VJ	PA18
D778	N54VK	BE35
D779	N54VL	SR22
D77A	N54VM	H25B
D77C	N54VP	B742
D780	N54VT	G44
D781	N54VU	TBM7
D782	N54VV	RV4
D788	N54WA	PA31
D78A	N54WC	C182
D78D	N54WF	SR22
D793	N54WM	BE33
D795	N54WP	RV4
D796	N54WQ	F2TH
D799	N54WT	PA46
D79E	N54WY	HUSK
D7A0	N54X	RV6
D7A4	N54XD	WAIX
D7AE	N54XP	YK54
D7BC	N54YC	BE30
D7BE	N54YE	PA18
D7C3	N54YK	YK18
D7C9	N54YR	F2TH
D7D1	N54YZ	LNCE
D7D2	N54Z	BLKS
D7D3	N54ZA	T206
D7D9	N54ZG	BD5
D7E0	N54ZP	C404
D7EA	N54ZZ	VELO
D7EC	N540A	B14A
D7EF	N540AC	CH7A
D7F0	N540AD	SA75
D7F3	N540AG	P28R
D7FC	N540AR	RV10
D801	N540AW	EDGE
D807	N540BB	GLAS
D809	N540BD	BDOG
D80A	N540BE	EAGL
D80B	N540BF	EDGE
D80C	N540BG	E300
D80D	N540BH	PTS2
D80E	N540BJ	HROC
D80F	N540BK	BKUT
D811	N540BM	EDGE
D812	N540BN	BN2P
D816	N540BS	GLAS
D817	N540BT	GLAS
D819	N540BV	M7
D81A	N540BW	H60
D81E	N540C	S108
D81F	N540CA	C421
D821	N540CC	C421
D823	N540CE	P210
D824	N540CF	C172
D828	N540CK	H60
D82C	N540CP	T206
D833	N540CW	P28A
D836	N540CZ	COZY
D837	N540D	C175
D838	N540DA	COZY
D839	N540DB	AS50
D83A	N540DC	C82S
D83C	N540DE	A21N
D843	N540DM	PA18
D845	N540DP	VELO
D847	N540DR	BOLT
D84E	N540DY	CH7B
D854	N540ED	EXPR
D857	N540EG	CRJ7
D861	N540ES	LNCE
D862	N540ET	EAGL
D864	N540EV	SONX
D868	N540EZ	COZY
D869	N540F	PTS2
D86A	N540FA	ST30
D86C	N540FC	R22
D874	N540FL	P28A
D87C	N540FU	UH1
D87F	N540FX	CL30
D883	N540GA	GLF5
D885	N540GC	C425
D88B	N540GJ	CRJ7
D88D	N540GL	GLAS
D88E	N540GM	T6
D88F	N540GN	COZY
D894	N540GT	AA1
D897	N540GW	G44
D89C	N540HA	EDGE
D8A3	N540HH	H500
D8A7	N540HM	H60
D8AB	N540HR	RV4
D8AD	N540HT	EDGE
D8B4	N540J	WAIX
D8B7	N540JC	M4
D8B8	N540JD	E300
D8BA	N540JF	GLAS
D8BE	N540JK	EXPR
D8BF	N540JL	C25M
D8C2	N540JP	DHC1
D8C4	N540JR	GLAS
D8C5	N540JS	H60
D8C6	N540JT	RV8
D8CD	N540K	H25B
D8D8	N540KL	BEAR
D8D9	N540KM	C206
D8DE	N540KS	C172
D8E4	N540KY	RV8
D8E7	N540LA	B763
D8EB	N540LE	SSTL
D8EC	N540LF	GLF6
D8F2	N540LM	LNP4
D8F4	N540LP	PIVI
D8F6	N540LR	H25C
D8FD	N540LY	PTS1
D8FF	N540M	E135
D900	N540MA	BE20
D903	N540MD	EDGE
D906	N540MG	ST30
D907	N540MH	EDGE
D909	N540MK	E300
D90D	N540MP	EXPR
D90F	N540MR	RV10
D91C	N540ND	C172
D91D	N540NE	C402
D931	N540P	PA31
D932	N540PA	LJ35
D933	N540PB	EDGE
D938	N540PG	SR20
D93C	N540PL	C680
D942	N540PS	PTSS
D944	N540PU	P28R
D95B	N540QS	C68A
D963	N540R	RV4
D964	N540RA	DA40
D965	N540RB	E300
D966	N540RC	EDGT
D969	N540RF	RV6
D96E	N540RL	CRER
D96F	N540RM	HROC
D975	N540RT	C180
D977	N540RV	HROC
D97C	N540S	PTS2
D97D	N540SA	EDGE
D97E	N540SB	BOLT
D97F	N540SC	DHC1
D982	N540SF	EC45
D983	N540SG	EDGE
D988	N540SM	YK55
D98C	N540SR	ST30
D98D	N540SS	PTS2
D996	N540TA	EDGT
D997	N540TB	GLAS
D999	N540TD	E300
D99B	N540TF	LNP4
D99F	N540TK	PTS2
D9A1	N540TM	GLAS
D9A3	N540TP	P40
D9A6	N540TS	EDGT
D9A7	N540TT	GLAS
D9AB	N540TX	PTS2
D9BF	N540US	B752
D9C3	N540UW	A321
D9C8	N540VA	TWEN
D9C9	N540VB	E300
D9D2	N540VL	GLAS
D9E0	N540W	GA7C
D9E1	N540WA	EDGE
D9E2	N540WB	P32R
D9E3	N540WC	C25M
D9EC	N540WM	HROC
D9F1	N540WS	EDGE
D9FC	N540XC	PA11
DA2C	N540ZA	EDGT
DA45	N5400A	C310
DA46	N5400B	C182
DA48	N5400D	BE35
DA4C	N5400H	C172
DA4D	N5400J	C172
DA4F	N5400L	AA5
DA53	N5400Q	C150
DA55	N5400S	SVNH
DA56	N5400T	C172
DA57	N5400U	RV9
DA58	N5400V	C210
DA59	N5400W	P28A
DA5D	N54000	PA25
DA60	N54003	C172
DA61	N54004	PA23
DA64	N54007	C185
DA68	N5401A	T210
DA6F	N5401H	C172
DA74	N5401N	C182
DA75	N5401P	PA24
DA7C	N5401W	P28A
DA7D	N5401X	T206
DA81	N54011	C172
DA82	N54012	C172
DA85	N54015	C172
DA8B	N5402A	P210
DA8C	N5402B	C182
DA8F	N5402E	C172
DA90	N5402F	P28A
DA92	N5402H	PA14
DA95	N5402L	AA5
DA9A	N5402R	C172
DA9B	N5402S	P28A
DA9C	N5402T	S76
DA9D	N5402U	BE35
DAA8	N54025	PA18
DAAA	N54027	ST75
DAB2	N5403E	C185
DAB3	N5403F	P28A
DAB5	N5403H	C152
DAB7	N5403K	NAVI
DABA	N5403N	ST75
DABB	N5403P	PA24
DABC	N5403Q	C150
DABD	N5403R	C172
DABF	N5403T	C172
DAC1	N5403V	C72R
DAC2	N5403W	P28A
DAC5	N5403Z	PA22
DAC6	N54030	SAKO
DAC7	N54031	C172
DAC8	N54032	ST75
DAC9	N54033	ST75
DACA	N54034	ST75
DACC	N54036	C172
DACF	N54039	ST75
DAD2	N5404B	C152
DAD4	N5404D	BE35
DAD8	N5404H	PA14
DADB	N5404L	AA5
DADD	N5404N	ST75
DADE	N5404P	PA24
DAE3	N5404U	BE35
DAE5	N5404W	P210
DAEA	N54041	C172
DAF1	N54048	C172
DAF2	N54049	C172
DAF4	N5405A	P210
DAF5	N5405B	C152
DAF6	N5405C	C170
DAF7	N5405D	BE35
DAFE	N5405L	AA5
DAFF	N5405M	C152
DB01	N5405P	PA24
DB03	N5405R	C172
DB05	N5405T	C172
DB06	N5405U	BE35
DB07	N5405V	C172
DB17	N5406A	C310
DB19	N5406C	C170
DB1A	N5406D	PA34
DB20	N5406K	NAVI
DB21	N5406L	AA5
DB23	N5406N	ST75
DB26	N5406R	C172
DB2B	N5406W	P28A
DB2D	N5406Y	PA23
DB2E	N5406Z	PA22
DB36	N54067	C172
DB3B	N5407B	C182
DB3F	N5407F	P28A
DB41	N5407H	PA14
DB44	N5407L	AA5
DB49	N5407R	C172
DB4E	N5407W	P28A
DB54	N54072	PA23
DB55	N54073	C172
DB59	N54077	PA23
DB5B	N54079	C172
DB5E	N5408B	C182
DB60	N5408D	BE35
DB61	N5408E	C172
DB64	N5408H	C172
DB69	N5408N	C182
DB6A	N5408P	PA24
DB6C	N5408R	C172
DB6F	N5408U	BE95
DB71	N5408W	P28A
DB73	N5408Y	PA18
DB7C	N54087	ST75
DB7E	N54089	PA23
DB83	N5409D	BE35
DB85	N5409F	P28A
DB86	N5409G	C404
DB88	N5409J	C172
DB8A	N5409L	AA5
DB8B	N5409M	BE23
DB8D	N5409P	PA24
DB8E	N5409Q	C150
DB8F	N5409R	C172
DB91	N5409T	C172
DB92	N5409U	BE95
DB96	N5409Y	T210
DB9A	N54092	PA23
DB9B	N54093	C172
DB9C	N54094	C172
DB9F	N54097	PA23
DBA2	N541	H500
DBA6	N541AC	PA34
DBA8	N541AE	HUSK
DBAB	N541AH	C208
DBAC	N541AJ	DA40
DBAF	N541AM	HUSK
DBB4	N541AS	C240
DBB7	N541AV	DH8B
DBB8	N541AW	RV8
DBBC	N541B	BE20
DBBD	N541BA	CL60
DBCA	N541BP	P32R
DBCD	N541BS	C182
DBD5	N541C	S108
DBD9	N541CD	SR22
DBE1	N541CM	C340
DBE3	N541CP	J3
DBE7	N541CT	FDCT
DBEA	N541CW	P28A
DBEB	N541CX	C750
DBF0	N541DB	BE35
DBF1	N541DC	RV6
DBF3	N541DE	A21N
DBFE	N541DR	ONEX
DC03	N541DW	C310
DC07	N541E	C72R
DC08	N541EA	CRJ7
DC1D	N541EX	COZY
DC21	N541FA	UH1
DC22	N541FB	FOX
DC2B	N541FL	FA20
DC36	N541FX	CL30
DC39	N541G	BE30
DC3F	N541GF	SW4
DC42	N541GJ	CRJ7
DC47	N541GP	E550
DC4E	N541GW	RV9
DC53	N541HA	EDGE
DC55	N541HC	BE40
DC58	N541HF	P28R
DC6D	N541JB	C82R
DC6F	N541JD	SR22
DC70	N541JE	BE58
DC72	N541JG	BE20
DC75	N541JK	C180
DC79	N541JP	RV8
DC7D	N541JT	RV6
DC84	N541K	CAMP
DC95	N541KS	C172
DC9F	N541LB	EA50
DCA9	N541LM	BE20
DCAD	N541LR	H25C
DCAE	N541LS	RS12
DCB9	N541MC	U21
DCBB	N541ME	CH7A
DCBD	N541MG	BE95
DCC8	N541MT	B407
DCCA	N541MV	P32R
DCD3	N541ND	P46T
DCE8	N541P	RV4
DCEA	N541PB	PC12
DCEB	N541PC	TAMP
DCF1	N541PJ	CL60
DCF8	N541PR	R44
DCFB	N541PU	P28R
DD12	N541QS	C68A
DD23	N541RJ	P28B
DD25	N541RL	ASTR
DD26	N541RM	E55P
DD2B	N541RS	PRM1
DD2E	N541RV	RV10
DD33	N541S	C650
DD36	N541SC	BE30
DD3E	N541SL	LGEZ
DD41	N541SP	P28A
DD43	N541SR	SR22
DD48	N541SW	VELO
DD49	N541SX	SONX
DD5D	N541TS	SONX
DD76	N541US	B752
DD7E	N541V	PA14
DD7F	N541VA	COL4
DD80	N541VB	P32R
DD89	N541VL	A20N
DD99	N541WB	RV14
DDA5	N541WP	SR22
DDA7	N541WR	ME09
DDA8	N541WS	C172
DDAE	N541WY	H60
DDB9	N541XJ	CL30
DDBE	N541XP	H25B
DDE2	N541Z	F2TH
DDFD	N5410B	C182
DDFF	N5410D	BE35
DE03	N5410H	PA18
DE0B	N5410R	C172
DE0E	N5410U	BE35
DE0F	N5410V	P51
DE12	N5410Y	PA18
DE13	N5410Z	PA22
DE14	N54100	PA32
DE16	N54102	C172
DE19	N54105	SR22
DE1B	N54107	PA18
DE1C	N54108	C172
DE1D	N54109	PA23
DE1E	N5411	S22T
DE1F	N5411A	C210
DE20	N5411B	C182
DE22	N5411D	BE35
DE24	N5411F	P32R
DE26	N5411H	C172
DE27	N5411J	C441
DE30	N5411T	C172
DE33	N5411W	RV10
DE34	N5411X	T206
DE37	N54110	T206
DE3C	N54115	C172
DE41	N5412	G164
DE42	N5412A	C310
DE45	N5412D	C172
DE46	N5412E	C185
DE4B	N5412K	RV10
DE4C	N5412L	AA5
DE4E	N5412N	C82R
DE50	N5412Q	C150
DE51	N5412R	C172
DE52	N5412S	C82R
DE53	N5412T	C172
DE55	N5412V	C72R
DE5A	N54120	C172
DE5D	N54123	HIGH
DE68	N5413D	RS12
DE69	N5413E	C172
DE6C	N5413H	PA18
DE6E	N5413K	NAVI
DE71	N5413N	ST75
DE72	N5413P	PA44
DE74	N5413R	C172
DE76	N5413T	C172
DE7A	N5413X	R44
DE7C	N5413Z	PA22
DE7E	N54131	PA23
DE82	N54135	C172
DE8A	N5414C	C170
DE8B	N5414D	BE35
DE8F	N5414H	PA18
DE91	N5414K	NAVI
DE92	N5414L	AA5
DE9F	N5414Z	PA22
DEA0	N54140	C172
DEA8	N54148	C172
DEAE	N5415D	C172
DEB0	N5415F	P28A
DEB2	N5415H	PA18
DEB5	N5415L	AA5
DEB9	N5415Q	C150
DEBB	N5415S	P28A
DEC0	N5415X	S76
DEC3	N54150	J3
DEC4	N54151	C172
DEC8	N54155	PA23
DECD	N5416	G164
DECF	N5416B	C152
DED0	N5416C	C170
DED1	N5416D	BE35
DED2	N5416E	C172
DED8	N5416L	AA5
DEDC	N5416Q	C150
DEDD	N5416R	C185
DEDE	N5416S	P28A
DEE0	N5416U	T210
DEE1	N5416V	P51
DEE4	N5416Y	T210
DEE9	N54163	AC80
DEEB	N54165	C172
DEF2	N5417B	C182
DEF6	N5417F	P28A
DEF8	N5417H	J2
DEFA	N5417K	NAVI
DEFB	N5417L	AA5
DEFC	N5417M	BE23
DEFE	N5417P	PA24
DF00	N5417R	C172
DF07	N5417Y	T210
DF08	N5417Z	PA22
DF0A	N54171	C172
DF0C	N54173	ST75
DF0E	N54175	SR22
DF0F	N54176	TAYD
DF11	N54178	AS50
DF12	N54179	C172
DF14	N5418A	C310
DF17	N5418D	BE35
DF18	N5418E	C185
DF1D	N5418K	NAVI
DF25	N5418T	C172
DF27	N5418V	C172
DF28	N5418W	P28A
DF2B	N5418Z	PA22
DF2C	N54180	C172
DF2E	N54182	PA18
DF30	N54184	C172
DF34	N54188	C172
DF35	N54189	TAYD
DF3C	N5419F	P28A
DF40	N5419K	NAVI
DF43	N5419N	C182
DF44	N5419P	PA24
DF47	N5419S	P28A
DF48	N5419T	C172
DF4B	N5419W	SR22
DF4F	N54190	PA18
DF50	N54191	B105
DF54	N54195	PA23
DF57	N54198	PA23
DF58	N54199	P46T
DF5A	N542A	P28A
DF5E	N542AD	C172
DF61	N542AG	CLON
DF66	N542AM	SR22
DF68	N542AP	GA5C
DF77	N542BD	BD5
DF7E	N542BL	DA42
DF81	N542BP	COL4
DF8D	N542CA	P28A
DF8F	N542CC	C680
DF90	N542CD	SR22
DF95	N542CJ	C25B
DF9A	N542CP	C82S
DF9E	N542CT	FDCT
DFA1	N542CW	P28A
DFAA	N542DE	A21N
DFAB	N542DF	LEG2
DFB1	N542DM	CLON
DFB3	N542DP	RV6
DFB6	N542DS	BE35
DFBE	N542E	RV8
DFBF	N542EA	CRJ7
DFC0	N542EB	T210
DFC1	N542EC	C82T
DFCA	N542EM	P210
DFD8	N542FA	SW4
DFE2	N542FL	P28A
DFE9	N542FR	SB20
DFED	N542FX	CL30
DFF4	N542GD	GLF5
DFF8	N542GH	BE35
DFF9	N542GJ	CRJ7
DFFB	N542GL	DA40
DFFE	N542GP	FA7X
E009	N542H	EN28
E00F	N542HF	P28R
E024	N542JB	PC24
E02E	N542JM	BL8
E030	N542JP	P28R
E036	N542JV	RV4
E03B	N542K	P28A
E03F	N542KD	MD11
E055	N542LA	B763
E057	N542LC	RV7
E05E	N542LK	SHRK
E05F	N542LL	FDCT
E060	N542LM	LJ35
E06D	N542M	H25B
E06E	N542MA	P28A
E076	N542MJ	GLST
E07A	N542MN	C340
E07B	N542MP	HDJT
E07D	N542MR	HDJT
E07F	N542MT	B407
E08A	N542ND	P46T
E08D	N542NG	PC12
E0A5	N542PF	SR22
E0A6	N542PG	SR22
E0A8	N542PJ	T6
E0B2	N542PU	P28R
E0C9	N542QS	C68A
E0DA	N542RJ	ST75
E0DB	N542RK	C510
E0DF	N542RP	DHC2
E0E2	N542RS	VELO
E0ED	N542SC	CRUZ
E0F0	N542SF	SR22
E0F6	N542SM	SMAX
E0FA	N542SR	SR22
E0FC	N542ST	H60
E0FF	N542SW	C182
E103	N542T	BE35
E107	N542TD	FOX
E10B	N542TH	C172
E111	N542TP	F2TH
E118	N542TW	CRER
E12D	N542US	B752
E131	N542UW	A321
E13E	N542VJ	SF50
E140	N542VL	A21N
E14E	N542W	PA32
E151	N542WC	ASTR
E19A	N542ZA	SSTL
E1B7	N5420E	C150
E1BA	N5420H	C172
E1BC	N5420K	SLG2
E1BD	N5420L	AA5
E1BE	N5420M	BE19
E1BF	N5420N	C182
E1C0	N5420P	C152
E1C2	N5420R	C172
E1C3	N5420S	C337
E1C5	N5420U	BE35
E1C6	N5420V	P51
E1C7	N5420W	P28A
E1CA	N5420Z	PA22
E1CC	N54201	FA62
E1D3	N54208	C172
E1D9	N5421D	BE35
E1DA	N5421E	B105
E1DB	N5421F	C421
E1DD	N5421H	PA18
E1DE	N5421J	C340
E1DF	N5421K	C172
E1E0	N5421L	AA5
E1E3	N5421P	C152
E1E5	N5421R	C172
E1E6	N5421S	C172
E1EA	N5421W	P28A
E1EB	N5421X	SS2P
E1F2	N54214	C172
E1F7	N54219	C172
E1F8	N5422	C180
E1FB	N5422C	C170
E1FC	N5422D	BE35
E200	N5422H	PA18
E207	N5422Q	RV4
E208	N5422R	C172
E209	N5422S	P28A
E20A	N5422T	C172
E20B	N5422U	BE95
E212	N54221	PA23
E214	N54223	PA18
E215	N54224	PA23
E216	N54225	PA23
E21D	N5423B	C182
E220	N5423E	C172
E221	N5423F	PA34
E224	N5423J	C172
E225	N5423K	C172
E229	N5423P	PA24
E233	N5423Z	PA22
E234	N54230	C172
E237	N54233	PA18
E23A	N54236	PA23
E23C	N54238	PA23
E23F	N5424A	T210
E241	N5424C	T206
E242	N5424D	AC11
E243	N5424E	C188
E246	N5424H	PA18
E247	N5424J	C172
E24C	N5424P	PA24
E24D	N5424Q	C172
E24F	N5424S	P28A
E251	N5424U	T206
E252	N5424V	C72R
E256	N5424Z	PA22
E257	N54240	PA23
E258	N54241	B738
E25A	N54243	TAYD
E25C	N54245	PA23
E25E	N54247	PA18
E25F	N54248	ST75
E262	N5425A	T210
E263	N5425B	C182
E269	N5425H	PA18
E26B	N5425K	C172
E26C	N5425L	AA5
E26D	N5425M	BE23
E270	N5425Q	CB1
E271	N5425R	C172
E272	N5425S	C82R
E276	N5425W	P28A
E278	N5425Y	PA18
E27A	N54250	AVID
E27B	N54251	T34P
E27E	N54254	FA62
E281	N54257	C172
E282	N54258	PA23
E287	N5426C	T210
E28A	N5426F	P28A
E28D	N5426J	C172
E28E	N5426K	NAVI
E290	N5426M	PA12
E292	N5426P	PA24
E293	N5426Q	C172
E295	N5426S	C337
E29B	N5426Y	C210
E2A9	N5427B	C182
E2AD	N5427F	P28A
E2AF	N5427H	PA18
E2B4	N5427N	FA62
E2B9	N5427T	C172
E2BA	N5427U	BE56
E2BB	N5427V	P51
E2BC	N5427W	RV7
E2BD	N5427X	T206
E2BF	N5427Z	PA22
E2C3	N54273	C172
E2CD	N5428C	C170
E2D0	N5428F	P28A
E2D2	N5428H	PA18
E2D4	N5428K	NAVI
E2D5	N5428L	C152
E2D6	N5428M	BE24
E2D9	N5428Q	C150
E2DB	N5428S	C337
E2DC	N5428T	C172
E2DD	N5428U	T206
E2DE	N5428V	P51
E2DF	N5428W	P28A
E2E6	N54283	PA18
E2E7	N54284	ST75
E2E8	N54285	C172
E2EB	N54288	C172
E2EE	N5429A	RV9
E2F0	N5429C	C170
E2F3	N5429F	P28A
E2F5	N5429H	PA18
E2F7	N5429K	NAVI
E2F8	N5429L	AA5
E2F9	N5429M	BE24
E2FB	N5429P	PA24
E2FD	N5429R	C172
E302	N5429W	P28A
E306	N54290	C172
E307	N54291	C172
E30C	N54296	C172
E310	N543	BE35
E314	N543AC	C414
E316	N543AE	EC45
E319	N543AH	RV6
E31D	N543AM	HUSK
E321	N543AR	C170
E322	N543AS	PA24
E32B	N543BA	CL60
E32D	N543BC	C414
E32E	N543BD	J3
E342	N543BZ	R44
E343	N543C	S108
E344	N543CA	COL4
E346	N543CC	B06
E347	N543CD	RV7
E34F	N543CM	LJ45
E351	N543CP	RV4
E355	N543CT	FDCT
E358	N543CW	P28A
E35C	N543D	C340
E35F	N543DC	PC12
E361	N543DE	A21N
E362	N543DF	C172
E363	N543DG	C185
E367	N543DL	FDCT
E371	N543DW	RV7
E376	N543EA	CRJ7
E37A	N543EE	E550
E381	N543EM	T210
E38D	N543EZ	LJ60
E399	N543FL	P28A
E39F	N543FS	GLID
E3A4	N543FX	EFOX
E3A8	N543GA	BE9L
E3B0	N543GJ	CRJ7
E3B2	N543GL	GLEX
E3B3	N543GM	RV12
E3B8	N543GS	P32R
E3B9	N543GT	TB20
E3C0	N543H	GLF5
E3C1	N543HA	UH12
E3C3	N543HC	BE9L
E3DA	N543JA	COY2
E3DB	N543JB	P180
E3DC	N543JC	PA31
E3DD	N543JD	PA24
E3DF	N543JF	MU2
E3E6	N543JN	MD11
E3E9	N543JR	C210
E3EE	N543JW	DA40
E3F2	N543K	G2T1
E400	N543KP	C425
E40D	N543LB	T6
E413	N543LH	PC12
E415	N543LK	SR22
E417	N543LM	LJ35
E424	N543M	C320
E425	N543MA	BL8
E427	N543MC	C82S
E42B	N543MG	AVTR
E42F	N543ML	SRAI
E430	N543MM	AS50
E436	N543MT	B407
E439	N543MW	SR22
E441	N543ND	C172
E456	N543P	P28R
E459	N543PC	TAMP
E45A	N543PD	C25B
E462	N543PM	C421
E469	N543PU	P28R
E480	N543QS	C68A
E488	N543R	P28B
E48A	N543RB	BE58
E48B	N543RC	BE36
E496	N543RP	COY2
E498	N543RR	P28B
E49C	N543RV	RV6
E4A2	N543SA	B06
E4A3	N543SB	PA31
E4A8	N543SG	AA5
E4AB	N543SK	SR22
E4BA	N543T	BE35
E4BB	N543TA	C56X
E4BC	N543TB	RV7
E4BD	N543TC	C208
E4C0	N543TF	CH60
E4C1	N543TG	EXEC
E4C2	N543TH	C172
E4D6	N543UC	M20P
E4E4	N543US	B752
E4E8	N543UW	A321
E4EC	N543V	BT36
E4F5	N543VJ	SF50
E4F7	N543VL	A21N
E508	N543WC	RV6
E517	N543WT	RV7
E51E	N543X	RF10
E56A	N5430A	T210
E56C	N5430C	C170
E56D	N5430D	BE35
E56F	N5430F	P28A
E570	N5430G	GLF5
E574	N5430L	AA5
E575	N5430M	BE24
E577	N5430P	PA24
E57D	N5430V	ST75
E582	N54300	GLID
E588	N54306	C172
E58C	N5431	BIPL
E58E	N5431B	C182
E592	N5431F	PA32
E593	N5431G	CH7A
E598	N5431M	BE9L
E59D	N5431S	C337
E59E	N5431T	C172
E59F	N5431U	BE35
E5A1	N5431W	P28A
E5A3	N5431Y	PA23
E5A5	N54310	PA31
E5A6	N54311	C172
E5A8	N54313	PA31
E5AE	N54319	C172
E5B1	N5432B	C182
E5B2	N5432C	C170
E5B4	N5432E	C172
E5B5	N5432F	P32R
E5B6	N5432G	C172
E5B7	N5432H	C172
E5B8	N5432J	C340
E5BA	N5432L	AA5
E5BB	N5432M	C340
E5BC	N5432N	DG15
E5BF	N5432R	C172
E5C2	N5432U	BE35
E5C3	N5432V	C182
E5C4	N5432W	P28A
E5C7	N5432Z	PA22
E5CA	N54322	C172
E5CC	N54324	C172
E5D0	N54328	M7
E5D4	N5433B	C182
E5D6	N5433D	BE35
E5D7	N5433E	C172
E5D8	N5433F	P32R
E5DA	N5433H	PA18
E5DD	N5433L	AA5
E5E0	N5433P	PA24
E5E2	N5433R	C172
E5E5	N5433U	BE35
E5E8	N5433X	T206
E5EA	N5433Z	PA22
E5F6	N5434A	T210
E5FA	N5434E	C172
E603	N5434P	PA24
E605	N5434R	C172
E608	N5434U	BE35
E609	N5434V	C210
E614	N54346	C172
E618	N5435	J3
E619	N5435A	C310
E61A	N5435B	C182
E61C	N5435D	BE35
E61D	N5435E	C172
E620	N5435H	C172
E621	N5435J	C172
E627	N5435Q	C150
E62C	N5435V	S76
E62D	N5435W	P28A
E630	N5435Z	PA22
E636	N54355	C172
E638	N54357	C172
E63C	N5436A	C210
E63F	N5436D	BE35
E640	N5436E	C172
E641	N5436F	P28A
E643	N5436H	C172
E645	N5436K	NAVI
E64A	N5436Q	C150
E64D	N5436T	C172
E653	N5436Z	PA22
E654	N54360	C172
E658	N54364	P28A
E65D	N54369	P28A
E661	N5437C	C170
E664	N5437F	P28A
E666	N5437H	C172
E667	N5437J	C172
E669	N5437L	AA5
E66B	N5437N	J3
E66C	N5437P	PA24
E66D	N5437Q	C150
E66E	N5437R	C172
E671	N5437U	BE95
E673	N5437W	P28A
E675	N5437Y	PA23
E678	N54371	C172
E67C	N54375	FA62
E683	N5438B	C182
E685	N5438D	BE35
E686	N5438E	C82R
E693	N5438T	C172
E694	N5438U	BE35
E696	N5438W	P28A
E69B	N54381	C172
E69E	N54384	PA34
E69F	N54385	P28A
E6A7	N5439C	T210
E6A9	N5439E	C172
E6AC	N5439H	C172
E6AE	N5439K	C172
E6AF	N5439L	AA5
E6B4	N5439R	C172
E6B6	N5439T	C172
E6BC	N5439Z	PA22
E6BD	N54390	P28A
E6BE	N54391	P28R
E6C3	N54396	P28A
E6C5	N54398	P28R
E6C9	N544AA	RV6
E6CA	N544AB	R44
E6D2	N544AK	R44
E6D4	N544AM	AS50
E6D8	N544AR	EDGE
E6D9	N544AS	AS50
E6DA	N544AT	R44
E6E2	N544BA	CL60
E6E3	N544BB	R44
E6E4	N544BC	RS12
E6E5	N544BD	BDOG
E6E9	N544BH	BE30
E6EF	N544BP	PA34
E6F2	N544BS	BE36
E6FA	N544C	S108
E6FB	N544CA	P28A
E6FC	N544CB	R44
E6FE	N544CD	SR22
E701	N544CG	C550
E706	N544CM	F900
E708	N544CP	PA11
E70C	N544CT	FDCT
E70F	N544CW	P28A
E71C	N544DJ	P28A
E71E	N544DL	R44
E720	N544DN	A21N
E723	N544DR	AA5
E724	N544DS	DA40
E72D	N544EA	CRJ7
E745	N544F	FOUG
E75B	N544FX	CL35
E75E	N544G	BE36
E767	N544GJ	CRJ7
E76A	N544GM	PA11
E776	N544GZ	GAZL
E777	N544H	EN28
E779	N544HB	FOX
E792	N544JB	C510
E793	N544JC	RV14
E798	N544JH	R44
E79E	N544JP	J3
E7A1	N544JS	RV12
E7A9	N544K	G2T1
E7AC	N544KC	DV20
E7CE	N544LM	LJ35
E7D2	N544LR	H25C
E7DB	N544M	BE35
E7DF	N544MD	TBM9
E7E3	N544MH	R44
E7E6	N544ML	B06
E804	N544NR	T6
E80E	N544PA	LJ35
E80F	N544PB	P32R
E81E	N544PS	H25B
E825	N544PZ	C177
E837	N544QS	C68A
E83F	N544R	C310
E841	N544RB	R44
E842	N544RC	R44
E848	N544RJ	RV7
E84A	N544RL	R44
E850	N544RS	CRER
E851	N544RT	R44
E859	N544SA	R44
E85A	N544SB	R44
E85B	N544SC	R44
E860	N544SH	R44
E866	N544SP	C172
E86A	N544ST	BE33
E86D	N544SW	P28A
E871	N544T	BE35
E872	N544TA	P28A
E878	N544TG	R44
E879	N544TH	C172
E882	N544TS	CRER
E883	N544TT	PC9
E898	N544UP	SW4
E89B	N544US	B752
E89F	N544UW	A321
E8A3	N544V	BE35
E8A5	N544VB	R44
E8AE	N544VL	A20N
E8BE	N544WB	RV6
E8C8	N544WM	RV4
E8EE	N544Y	RV14
E907	N544Z	C180
E922	N5440B	C182
E925	N5440E	C172
E92A	N5440K	C172
E92B	N5440L	AA5
E92D	N5440N	C82R
E92E	N5440P	PA24
E932	N5440T	C172
E935	N5440W	T28
E938	N5440Z	PA22
E93A	N54401	P28A
E93D	N54404	P28A
E93E	N54405	P28A
E945	N5441B	C182
E94B	N5441H	C172
E94E	N5441L	AA5
E94F	N5441M	SW3
E950	N5441N	C82S
E951	N5441P	PA24
E953	N5441R	C172
E955	N5441T	C172
E957	N5441V	P51
E95B	N5441Z	PA22
E95C	N54410	P28A
E95E	N54412	P28R
E95F	N54413	C172
E960	N54414	P28R
E962	N54416	PA32
E963	N54417	PA32
E968	N5442B	C152
E96B	N5442E	C172
E96C	N5442F	P32R
E96E	N5442H	C172
E970	N5442K	NAVI
E973	N5442N	C82R
E974	N5442P	PA24
E976	N5442R	C172
E978	N5442T	P28R
E979	N5442U	BE35
E97A	N5442V	CH7A
E97B	N5442W	P28A
E97D	N5442Y	PA18
E97F	N54420	P28A
E980	N54421	P28A
E988	N54429	PA32
E992	N5443J	C421
E994	N5443L	C152
E997	N5443P	PA24
E99C	N5443U	T28
E99D	N5443V	C72R
E9A5	N54433	P28A
E9A7	N54435	P28A
E9AC	N5444	DH82
E9AF	N5444C	C170
E9B0	N5444D	BE35
E9B2	N5444F	P28A
E9B4	N5444H	C172
E9B5	N5444J	C172
E9B6	N5444K	NAVI
E9B7	N5444L	MUS2
E9BB	N5444Q	C150
E9BE	N5444T	C172
E9BF	N5444U	BE35
E9C0	N5444V	P51
E9C6	N54441	PA32
E9CA	N54445	P28A
E9CB	N54446	P28A
E9CC	N54447	P28A
E9CD	N54448	C172
E9D1	N5445B	C182
E9D3	N5445D	BE35
E9D5	N5445F	P28A
E9DF	N5445R	C172
E9E1	N5445T	C172
E9E4	N5445W	P28A
E9EA	N54452	C172
E9EF	N54457	P28A
E9F1	N54459	J5
E9F2	N5446	DH82
E9F4	N5446B	C182
E9F5	N5446C	C170
E9F6	N5446D	C172
E9F8	N5446F	P28A
E9F9	N5446G	C340
E9FA	N5446H	C172
EA00	N5446P	PA24
EA03	N5446S	C337
EA07	N5446W	P28A
EA0A	N5446Z	PA22
EA0C	N54461	P28A
EA0D	N54462	P28A
EA11	N54466	P28A
EA13	N54468	P28A
EA14	N54469	TAYD
EA15	N5447	TAIL
EA16	N5447A	P210
EA18	N5447C	S76
EA19	N5447D	BE35
EA1B	N5447F	P28A
EA1D	N5447H	PA18
EA1F	N5447K	C172
EA20	N5447L	C152
EA22	N5447N	BE17
EA25	N5447R	C172
EA27	N5447T	C182
EA28	N5447U	BE35
EA2C	N5447Y	PA23
EA2D	N5447Z	PA18
EA2E	N54470	P28A
EA2F	N54471	P28A
EA31	N54473	P28R
EA32	N54474	P28B
EA33	N54475	GLID
EA34	N54476	PA32
EA35	N54477	C172
EA37	N54479	P28A
EA3A	N5448B	C182
EA3B	N5448C	C170
EA3E	N5448F	P28A
EA41	N5448J	C421
EA43	N5448L	C152
EA46	N5448P	PA24
EA48	N5448R	C172
EA4A	N5448T	C172
EA4B	N5448U	BE56
EA4D	N5448W	GLIM
EA4E	N5448X	GLIM
EA56	N54485	P28R
EA5B	N5449	G164
EA5F	N5449D	BE35
EA61	N5449F	P28A
EA66	N5449L	AA5
EA6A	N5449Q	C150
EA6B	N5449R	C172
EA6D	N5449T	C172
EA70	N5449W	P28A
EA73	N5449Z	PA22
EA7E	N545	C180
EA7F	N545A	BE35
EA81	N545AB	RV7
EA8D	N545AP	P208
EA8F	N545AR	GLF6
EA91	N545AT	B505
EA9A	N545BB	S22T
EA9C	N545BD	FOX
EA9E	N545BF	RV12
EAA3	N545BL	C182
EAAD	N545BW	MX2
EAB0	N545BZ	GL5T
EAB1	N545C	G280
EAB2	N545CA	P28A
EAB3	N545CB	SR22
EAB4	N545CC	B734
EAB5	N545CD	SR22
EAB8	N545CG	LJ45
EABD	N545CM	C510
EABF	N545CP	SR22
EAC3	N545CT	E545
EAC6	N545CW	P28A
EACA	N545D	T206
EACC	N545DB	PC12
EACF	N545DE	A21N
EAD0	N545DF	UH1
EAD1	N545DG	S22T
EAD6	N545DM	COY2
EADB	N545DS	C172
EADD	N545DU	EC45
EAE4	N545EA	MX2
EAE9	N545EF	D328
EB07	N545FL	P28A
EB15	N545G	PRM1
EB18	N545GC	C208
EB1D	N545GH	C25C
EB1E	N545GJ	CRJ7
EB21	N545GM	BE35
EB2A	N545GW	T6
EB2E	N545H	BE35
EB34	N545HF	AS50
EB49	N545JB	FOX
EB4A	N545JC	RV4
EB4D	N545JF	C25C
EB54	N545JN	MD11
EB55	N545JP	RV4
EB58	N545JS	C25A
EB5C	N545JW	PA46
EB61	N545KA	B350
EB66	N545KF	EC45
EB68	N545KH	DFLY
EB79	N545L	TAIL
EB85	N545LM	BE20
EB8A	N545LS	C25A
EB92	N545M	C340
EB93	N545MA	P28A
EB95	N545MC	C82S
EBA3	N545MS	GLSP
EBA4	N545MT	RENE
EBAB	N545N	TL20
EBAF	N545ND	C172
EBC5	N545PA	LJ35
EBC6	N545PB	CRJ7
EBC7	N545PC	TAMP
EBCB	N545PG	RV10
EBCC	N545PH	H500
EBCE	N545PK	VTRA
EBD0	N545PM	SR22
EBD5	N545PS	T206
EBD7	N545PU	DHC1
EBDC	N545PZ	C77R
EBEE	N545QS	C68A
EBF9	N545RC	CH60
EC07	N545RS	PA46
EC0A	N545RV	RV10
EC0B	N545RW	C25A
EC10	N545SA	B06
EC11	N545SB	LJ60
EC12	N545SC	CRUZ
EC13	N545SD	CL60
EC1B	N545SM	RV4
EC21	N545ST	P210
EC28	N545T	BE35
EC29	N545TA	ECHO
EC2B	N545TC	BE40
EC2F	N545TG	C25A
EC34	N545TM	P337
EC39	N545TS	B06
EC3A	N545TT	GLID
EC3E	N545TX	S22T
EC52	N545US	B752
EC56	N545UW	A321
EC5A	N545V	BE35
EC5F	N545VE	T6
EC65	N545VL	A20N
EC74	N545WA	P28R
EC75	N545WB	TBM7
EC81	N545WP	ST75
EC83	N545WR	P28R
EC85	N545WT	SR22
EC88	N545WW	PA22
EC8C	N545X	RF10
EC95	N545XJ	CL30
EC9C	N545XR	LJ45
ECD7	N5450	G164
ECD9	N5450B	C182
ECDB	N5450D	BE35
ECDC	N5450E	COUR
ECDD	N5450F	P28A
ECDF	N5450H	C172
ECE1	N5450K	NAVI
ECE2	N5450L	AA5
ECE4	N5450N	DG15
ECE6	N5450Q	C152
ECE7	N5450R	C172
ECEA	N5450U	BE35
ECEC	N5450W	P28A
ECF2	N54502	C172
ECF3	N54503	BU33
ECF4	N54504	PA23
ECF8	N54508	FA62
ECFE	N5451D	BE35
ECFF	N5451E	T6
ED00	N5451F	P32R
ED04	N5451K	C172
ED05	N5451L	AA5
ED07	N5451N	C82R
ED08	N5451P	PA24
ED0A	N5451R	C172
ED0B	N5451S	C337
ED0D	N5451U	BE35
ED0E	N5451V	C210
ED0F	N5451W	P28A
ED12	N5451Z	PA22
ED17	N54514	C46
ED1A	N54517	DR1
ED20	N5452C	C170
ED25	N5452H	PA18
ED27	N5452K	C172
ED2B	N5452P	PA24
ED2C	N5452Q	C150
ED2D	N5452R	C172
ED2F	N5452T	C172
ED30	N5452U	BE35
ED32	N5452W	BE65
ED39	N54523	G2T1
ED3B	N54525	A21N
ED3E	N54528	H500
ED42	N5453B	C182
ED43	N5453C	C170
ED48	N5453H	PA18
ED49	N5453J	C340
ED4A	N5453K	C172
ED4B	N5453L	AA5
ED4C	N5453M	C152
ED4E	N5453P	PA24
ED50	N5453R	C172
ED52	N5453T	C182
ED54	N5453V	C172
ED55	N5453W	P28A
ED5A	N54531	C172
ED5B	N54532	BE95
ED61	N54538	A21N
ED64	N5454A	T210
ED67	N5454D	BE35
ED68	N5454E	C185
ED6D	N5454K	C172
ED6E	N5454L	AA5
ED6F	N5454M	SR20
ED70	N5454N	C82R
ED71	N5454P	PA24
ED72	N5454Q	C150
ED75	N5454T	C172
ED78	N5454W	P28A
ED7A	N5454Y	PA23
ED7B	N5454Z	PA22
ED7F	N54543	A21N
ED82	N54546	GLID
ED89	N5455C	C170
ED8B	N5455E	COUR
ED8E	N5455H	C172
ED8F	N5455J	C172
ED92	N5455M	LA4
ED93	N5455N	C82R
ED94	N5455P	PA24
ED96	N5455R	C172
ED98	N5455T	C172
ED99	N5455U	BE56
ED9C	N5455X	C310
ED9F	N54550	O1
EDA1	N54552	A21N
EDA2	N54553	GLIM
EDA7	N54558	A21N
EDAC	N5456C	BEAR
EDAE	N5456E	C82R
EDB4	N5456L	AA5
EDB6	N5456N	C82R
EDBA	N5456S	C337
EDBB	N5456T	C172
EDBE	N5456W	GA6C
EDC0	N5456Y	T210
EDC1	N5456Z	PA22
EDC2	N54560	ST75
EDC3	N54561	A21N
EDC5	N54563	ST75
EDC7	N54565	ST75
EDCB	N54569	C172
EDCD	N5457A	P210
EDCE	N5457B	C182
EDCF	N5457C	C170
EDD0	N5457D	C172
EDD1	N5457E	C172
EDD5	N5457J	C172
EDD7	N5457L	AA5
EDDC	N5457R	C172
EDDD	N5457S	P28A
EDE2	N5457X	C185
EDE5	N54570	A21N
EDE7	N54572	C180
EDEB	N54576	C172
EDFB	N5458M	P28A
EDFD	N5458P	C152
EDFF	N5458R	C172
EE01	N5458T	C172
EE0C	N54584	C46
EE11	N54589	C172
EE13	N5459A	C310
EE14	N5459B	C182
EE15	N5459C	C170
EE16	N5459D	C208
EE1A	N5459H	C172
EE1B	N5459J	C150
EE1C	N5459K	C172
EE1D	N5459L	AA5
EE1E	N5459M	RV7
EE20	N5459P	PA24
EE21	N5459Q	C150
EE22	N5459R	C172
EE24	N5459T	C172
EE29	N5459Y	SLG4
EE2A	N5459Z	PA22
EE2F	N54594	UH12
EE34	N54599	DC3
EE35	N546	H500
EE36	N546A	C72R
EE38	N546AB	FB1A
EE3A	N546AD	CL30
EE3C	N546AF	AVID
EE47	N546AS	B738
EE4F	N546B	P28A
EE64	N546BW	EA50
EE68	PR-VIM	BE9L
EE69	N546CA	P28A
EE6A	N546CB	BE36
EE6C	N546CD	SR22
EE6F	N546CG	C550
EE75	N546CN	BE9L
EE76	N546CP	C140
EE79	N546CS	C56X
EE7A	N546CT	FDCT
EE7D	N546CW	P28A
EE85	N546DD	LJ45
EE89	N546DH	CL60
EE8E	N546DN	A21N
EE91	N546DR	RV7
EEAB	N546ES	LNCE
EEB9	N546FF	CRJ7
EEC9	N546FX	CL35
EECC	N546G	AVTR
EECD	N546GA	BE95
EED5	N546GJ	CRJ7
EEF3	N546HP	HUSK
EF07	N546JJ	CH75
EF0A	N546JM	RAF2
EF0B	N546JN	MD11
EF17	N546K	C82T
EF36	N546LF	A119
EF3C	N546LM	BE20
EF3E	N546LP	RV8
EF40	N546LR	H25C
EF41	N546LS	ASTR
EF4A	N546MA	P46T
EF4C	N546MC	C172
EF4D	N546MD	C750
EF50	N546MG	GLF4
EF55	N546MM	G150
EF5B	N546MT	B407
EF66	N546ND	C172
EF7B	N546P	P46T
EF7C	N546PA	S22T
EF7D	N546PB	PC12
EF7E	N546PC	TAMP
EF82	N546PG	SR20
EF8C	N546PS	RV6
EFA5	N546QS	GLF5
EFBA	N546RN	GLF5
EFC6	N546S	C123
EFC7	N546SA	B06
EFD1	N546SL	PC12
EFDF	N546T	BE35
EFF9	N546UA	B752
F009	N546US	B752
F00D	N546UW	A321
F01C	N546VL	A20N
F036	N546WM	RV6
F04C	N546XJ	CL30
F06C	N546YR	B350
F08E	N5460	RAF2
F090	N5460B	C152
F091	N5460C	T210
F096	N5460H	PA18
F098	N5460K	C172
F09B	N5460N	P28A
F09C	N5460P	PA24
F09E	N5460R	C172
F09F	N5460S	C337
F0A1	N5460U	BE35
F0A2	N5460V	P51
F0A8	N54601	ST75
F0A9	N54602	DC3
F0AA	N54603	ST75
F0AD	N54606	TAYD
F0B1	N5461	BE36
F0B2	N5461A	C310
F0B5	N5461D	BE35
F0B7	N5461F	M10
F0B8	N5461G	B105
F0B9	N5461H	C152
F0BB	N5461K	C172
F0BC	N5461L	AA5
F0BF	N5461P	PA24
F0C1	N5461R	EAGL
F0C2	N5461S	C182
F0C5	N5461V	C303
F0C7	N5461X	T206
F0C9	N5461Z	PA22
F0CE	N54614	PA23
F0D2	N54618	C170
F0D3	N54619	GLID
F0DB	N5462G	BE9L
F0DC	N5462H	PA18
F0DF	N5462L	AA5
F0E1	N5462N	GLIM
F0E3	N5462Q	C172
F0E6	N5462T	C82R
F0EA	N5462X	BE36
F0F3	N54626	C182
F0F5	N54628	C172
F0FB	N5463D	BE35
F0FD	N5463F	PA34
F100	N5463J	C172
F101	N5463K	C172
F102	N5463L	RV8
F104	N5463N	C82R
F108	N5463S	C337
F109	N5463T	C172
F10B	N5463V	P51
F10C	N5463W	P28A
F112	N54632	GLID
F113	N54633	C172
F114	N54634	C172
F115	N54635	C172
F11A	N5464	SA30
F11D	N5464C	C170
F11E	N5464D	C172
F124	N5464K	C172
F125	N5464L	AA5
F128	N5464P	C152
F129	N5464Q	C150
F12B	N5464S	P210
F12C	N5464T	C172
F12D	N5464U	BE35
F12E	N5464V	T210
F139	N54646	C172
F13F	N5465B	C182
F140	N5465C	C170
F141	N5465D	BE35
F147	N5465K	C172
F149	N5465M	GLF5
F14A	N5465N	C82S
F14C	N5465Q	C150
F14D	N5465R	C172
F14E	N5465S	C82R
F152	N5465W	P28A
F159	N54653	ST75
F163	N5466C	C170
F164	N5466D	C172
F165	N5466E	C180
F168	N5466H	PA18
F16B	N5466L	AA5
F16C	N5466M	PA18
F16E	N5466P	PA24
F16F	N5466Q	C150
F170	N5466R	BE58
F172	N5466T	C172
F173	N5466U	BE95
F178	N5466Z	PA22
F17A	N54661	C172
F17C	N54663	C172
F17F	N54666	LNC2
F183	N5467	FOX
F184	N5467A	T210
F185	N5467B	C182
F186	N5467C	C82S
F187	N5467D	BE35
F18E	N5467L	AA5
F191	N5467P	PA24
F193	N5467R	C172
F194	N5467S	P28A
F195	N5467T	C172
F196	N5467U	BE95
F198	N5467W	P28A
F19B	N5467Z	PA22
F19D	N54671	ST75
F1A3	N54677	J5
F1A4	N54678	C172
F1A5	N54679	VALI
F1A8	N5468B	C182
F1AA	N5468D	BE35
F1AB	N5468E	C185
F1AE	N5468H	C172
F1B1	N5468L	AA5
F1B4	N5468P	PA24
F1B6	N5468R	C172
F1BB	N5468W	P28A
F1BE	N5468Z	PA22
F1BF	N54680	C172
F1CB	N5469B	C182
F1D1	N5469H	PA18
F1D3	N5469K	C172
F1D4	N5469L	AA5
F1DC	N5469U	BE35
F1DF	N5469X	P210
F1E6	N54694	TAYD
F1F2	N547AE	B06
F1F9	N547AM	AS50
F202	N547AW	FDCT
F207	N547BA	CL60
F21B	N547BW	P28R
F21F	N547C	SR22
F220	N547CA	P28A
F22B	N547CM	GLIM
F22D	N547CP	RV7
F230	N547CS	C82T
F234	N547CW	P28A
F238	N547D	RV10
F23D	N547DE	A21N
F240	N547DH	SF50
F24D	N547DW	M20P
F251	N547E	C72R
F25C	N547EL	RV6
F25D	N547EM	P210
F263	N547ET	C120
F275	N547FL	P28A
F280	N547FX	CL30
F28C	N547GJ	CRJ7
F2B7	N547JB	A320
F2C3	N547JP	RV14
F2C5	N547JR	C56X
F2CE	N547K	P28A
F2F7	N547LR	H25C
F2FC	N547LW	DA42
F303	N547MC	C82S
F309	N547MJ	RV10
F30E	N547MP	HDJT
F312	N547MT	BE4W
F31D	N547ND	C172
F326	N547NN	CRJ9
F332	N547P	BE30
F333	N547PA	LJ35
F335	N547PC	TAMP
F339	N547PG	SR22
F35C	N547QS	C68A
F367	N547RC	PC12
F368	N547RD	FOX
F375	N547RS	P28A
F37E	N547SA	AS50
F37F	N547SB	B47G
F380	N547SC	P28A
F385	N547SH	SR22
F389	N547SM	SR22
F396	N547T	BE35
F399	N547TC	RV7
F39C	N547TF	C150
F39F	N547TJ	S22T
F3AA	N547TV	FOX
F3AB	N547TW	C25A
F3C0	N547US	B752
F3D3	N547VL	A20N
F3E1	N547W	T6
F3EC	N547WL	C210
F3ED	N547WM	S76
F3FA	N547X	M5
F403	N547XJ	CL30
F408	N547XP	JPRO
F445	N5470	G164
F449	N5470D	BE35
F44F	N5470K	C172
F454	N5470Q	C150
F457	N5470T	C172
F45A	N5470W	P28A
F45C	N5470Y	PA23
F45D	N5470Z	PA22
F469	N5471A	C208
F46A	N5471B	C182
F46C	N5471D	BE35
F46F	N5471G	BE36
F473	N5471L	AA5
F475	N5471N	C82R
F476	N5471P	PA24
F477	N5471Q	C150
F478	N5471R	C172
F47A	N5471T	C172
F47B	N5471U	BE56
F47D	N5471W	P28A
F482	N54711	B737
F483	N54712	FA62
F485	N54714	FA62
F486	N54715	C172
F48B	N5472	G164
F493	N5472H	PA18
F495	N5472K	C172
F49A	N5472Q	C150
F49B	N5472R	C172
F49D	N5472T	P28R
F49F	N5472V	O1
F4A3	N5472Z	PA22
F4AC	N54728	C172
F4AF	N5473A	C310
F4B0	N5473B	C182
F4B2	N5473D	C172
F4B3	N5473E	ERCO
F4B6	N5473H	PA18
F4B9	N5473L	AA5
F4BB	N5473N	C82R
F4BC	N5473P	PA24
F4BD	N5473Q	C150
F4BE	N5473R	C172
F4C0	N5473T	C82R
F4C3	N5473W	P28A
F4CA	N54733	C172
F4CB	N54734	C172
F4D0	N54739	C172
F4D1	N5474	G164
F4D4	N5474C	C170
F4D5	N5474D	BE35
F4DA	N5474J	C310
F4DB	N5474K	C172
F4DF	N5474P	PA24
F4E1	N5474R	C172
F4E2	N5474S	P28A
F4E3	N5474T	C172
F4E4	N5474U	BE35
F4EB	N54741	PA18
F4EE	N54744	C172
F4F3	N54749	ST75
F4F7	N5475C	C170
F4F8	N5475D	BE35
F4FA	N5475F	ERCO
F4FC	N5475H	C172
F4FE	N5475K	C172
F501	N5475N	C82S
F503	N5475Q	C150
F504	N5475R	C172
F505	N5475S	C337
F507	N5475U	BE33
F509	N5475W	P28A
F50C	N5475Z	PA22
F50D	N54750	PA18
F50E	N54751	TAYD
F50F	N54752	C172
F514	N54757	PA23
F522	N5476L	AA5
F528	N5476S	C337
F52A	N5476U	BE95
F52C	N5476W	P28A
F52E	N5476Y	C210
F52F	N5476Z	PA22
F533	N54763	PA18
F536	N54766	ST75
F539	N54769	L5
F53A	N5477	C182
F542	N5477H	PA18
F545	N5477L	AA5
F547	N5477N	C82R
F54B	N5477S	C337
F54C	N5477T	C172
F54F	N5477W	P28A
F555	N54772	PA23
F558	N54775	PA23
F55A	N54777	ST75
F560	N5478C	C170
F561	N5478D	BE35
F563	N5478F	ERCO
F564	N5478G	C421
F565	N5478H	PA18
F566	N5478J	C180
F56A	N5478N	C82R
F56B	N5478P	PA24
F56F	N5478T	C172
F575	N5478Z	PA22
F577	N54781	C172
F578	N54782	ST75
F579	N54783	PA18
F581	N5479A	B738
F584	N5479D	C172
F587	N5479G	COUR
F589	N5479J	C310
F58B	N5479L	AA5
F58D	N5479N	C82R
F590	N5479R	C172
F598	N5479Z	PA22
F59F	N54796	PA23
F5A4	N548A	C72R
F5AD	N548AJ	C25C
F5B5	N548AS	B738
F5BD	N548B	BE35
F5C3	N548BF	B412
F5C4	N548BG	PC9
F5D7	N548CA	CRJ9
F5D8	N548CB	BE20
F5D9	N548CC	CL60
F5DA	N548CD	SR20
F5DC	N548CF	RV6
F5DD	N548CG	C550
F5E1	N548CL	SA30
F5E2	N548CM	FOX
F5E4	N548CP	SR22
F5E8	N548CT	FDCT
F5EB	N548CW	P28A
F5EF	N548D	BL8
F5F3	N548DD	CRJ1
F5FC	N548DN	A21N
F600	N548DS	DA40
F60A	N548EB	SR22
F60B	N548EC	C177
F60F	N548EG	E55P
F616	N548EP	C172
F625	N548FD	C77R
F62F	N548FP	RS20
F637	N548FX	CL30
F63B	N548GA	C402
F63C	N548GB	S76
F640	N548GF	CONI
F643	N548GJ	CRJ7
F64C	N548GT	DHC2
F674	N548JH	RV8
F678	N548JM	P28R
F689	N548KD	COZY
F68F	N548KK	BE40
F6A1	N548LC	C303
F6AA	N548LM	LJ31
F6AE	N548LR	H25C
F6AF	N548LS	SREY
F6B7	N548M	E135
F6B8	N548MA	CH7B
F6B9	N548MB	PC7
F6C3	N548MM	C77R
F6C9	N548MT	B407
F6D1	N548NA	T28
F6D4	N548ND	C172
F6DD	N548NN	CRJ9
F6E9	N548P	C182
F6F0	N548PG	SR20
F6F9	N548PR	SR20
F6FC	N548PU	C150
F713	N548QS	C68A
F71B	N548R	C82T
F737	N548SC	P28A
F740	N548SM	RV6
F742	N548SP	C172
F74D	N548T	BE95
F74F	N548TB	SONX
F75D	N548TR	SR20
F774	N548UP	SW4
F777	N548US	B752
F788	N548VJ	SF50
F78A	N548VL	A20N
F7BA	N548XJ	CL30
F801	N5480E	C172
F804	N5480H	PA18
F806	N5480K	C172
F807	N5480L	AA5
F80B	N5480Q	C150
F80F	N5480U	BE35
F810	N5480V	C150
F811	N5480W	P28A
F814	N5480Z	PA22
F816	N54801	FA62
F818	N54803	C172
F81D	N54808	PA23
F81E	N54809	PA23
F822	N5481C	C170
F824	N5481E	C82R
F82B	N5481M	C152
F82C	N5481N	C82R
F82D	N5481P	PA24
F82E	N5481Q	C150
F82F	N5481R	C172
F830	N5481S	C182
F831	N5481T	CL60
F834	N5481W	P28A
F837	N5481Z	PA22
F838	N54810	PA23
F839	N54811	PA23
F83A	N54812	C172
F843	N5482A	C310
F844	N5482B	C182
F845	N5482C	T210
F84A	N5482H	R66
F84D	N5482L	AA5
F84E	N5482M	TAYB
F852	N5482R	C172
F854	N5482T	C82R
F85D	N54822	VALI
F861	N54826	PA23
F864	N54829	C172
F865	N5483	STRI
F869	N5483D	BE35
F86D	N5483H	PA18
F86F	N5483K	C172
F870	N5483L	AA5
F871	N5483M	TAYB
F872	N5483N	J3
F879	N5483V	P51
F880	N54832	C172
F886	N54838	C172
F88A	N5484B	C182
F88B	N5484C	C208
F88C	N5484D	C172
F891	N5484J	C310
F893	N5484L	AA5
F895	N5484N	C82R
F896	N5484P	PA24
F898	N5484R	C172
F89A	N5484T	C172
F8A2	N54841	VALI
F8A5	N54844	C172
F8AA	N54849	C172
F8AD	N5485B	C182
F8AF	N5485D	PA18
F8B0	N5485E	C185
F8B3	N5485H	C172
F8B5	N5485K	C172
F8B6	N5485L	AA5
F8B7	N5485M	BE76
F8B9	N5485P	PA24
F8BD	N5485T	C172
F8BF	N5485V	T6
F8C5	N54851	PA18
F8C6	N54852	PA23
F8C8	N54854	PA23
F8C9	N54855	C172
F8CB	N54857	PA23
F8CF	N5486A	T210
F8D0	N5486B	C182
F8D1	N5486C	C170
F8D2	N5486D	C172
F8D6	N5486H	PA18
F8D9	N5486L	AA5
F8DB	N5486N	C82S
F8DC	N5486P	PA24
F8DE	N5486R	C185
F8DF	N5486S	C182
F8E2	N5486V	T6
F8E3	N5486W	P210
F8E8	N54861	PA23
F8E9	N54862	PA23
F8F0	N54869	FA62
F8F1	N5487	PA32
F8F3	N5487B	C152
F8F4	N5487C	C170
F8F5	N5487D	BE35
F8F7	N5487F	P28A
F8FB	N5487K	C172
F8FC	N5487L	AA5
F8FF	N5487P	PA24
F900	N5487Q	C150
F902	N5487S	C337
F904	N5487U	BE35
F90A	N54870	PA23
F913	N54879	PA25
F918	N5488D	C172
F91C	N5488H	R66
F91D	N5488J	C310
F920	N5488M	C152
F922	N5488P	PA24
F925	N5488S	C82R
F926	N5488T	P28A
F928	N5488V	T6
F92C	N5488Z	PA22
F92E	N54881	PA25
F939	N5489B	C182
F93B	N5489D	BE35
F93F	N5489H	PA18
F942	N5489L	AA5
F943	N5489M	TAYB
F945	N5489P	PA24
F946	N5489Q	C150
F947	N5489R	C172
F949	N5489T	C172
F94D	N5489X	GLIM
F956	N54896	ST75
F957	N54897	ST75
F958	N54898	PA25
F959	N54899	ST75
F95B	N549A	C72R
F95E	N549AC	CH7B
F961	N549AF	EA50
F96B	N549AR	B350
F96C	N549AS	B738
F974	N549B	BE35
F977	N549BC	C206
F97E	N549BK	RV8
F984	N549BR	BE9L
F989	N549BW	C208
F98E	N549CA	CRJ9
F990	N549CC	BE36
F991	N549CD	SR22
F993	N549CF	GLF5
F996	N549CJ	LNP4
F99B	N549CP	GLF5
F99F	N549CT	FDCT
F9A9	N549DC	EVOP
F9B0	N549DK	MR35
F9B2	N549DM	PA22
F9B3	N549DN	A21N
F9D8	N549F	FOX
F9EE	N549FX	CL30
F9FA	N549GJ	CRJ7
FA0A	N549H	EN28
FA0B	2610	B412
FA25	N549JB	PA31
FA2B	N549JH	PA18
FA32	2611	B412
FA35	N549JT	GLST
FA3C	N549K	PA18
FA48	N549KM	C172
FA61	N549LM	RV7
FA6E	N549M	E135
FA6F	N549MA	CH7B
FA70	N549MB	T210
FA71	N549MC	T206
FA74	N549MF	H25B
FA8B	N549ND	C172
FA94	N549NN	CRJ9
FAA1	N549PA	LJ35
FAAD	N549PN	C208
FAB1	N549PS	CRUZ
FAB2	N549PT	BE58
FAB3	N549PU	C150
FABC	N549QC	B412
FACA	N549QS	C68A
FAD7	N549RE	CH60
FADB	N549RJ	P46T
FADD	N549RL	UH1
FAE1	N549RQ	B412
FAE3	N549RS	BE58
FAE6	N549RV	RV7
FAEB	N549S	RV8
FAEC	N549SA	AS50
FAEE	N549SC	P28A
FAF9	N549SP	PETR
FAFB	N549SR	SR22
FAFD	N549ST	H60
FB04	N549T	BE95
FB0B	N549TG	E50P
FB10	N549TM	CH75
FB15	N549TS	R44
FB2E	N549US	B752
FB32	N549UW	A321
FB36	N549V	HIGH
FB41	N549VL	A20N
FB47	N549VS	B105
FB4F	N549W	PISI
FB51	N549WB	SC7
FB60	N549WS	P32R
FB71	N549XJ	CL30
FB73	N549XL	XL2
FB8F	N549YP	J3
FBB4	N5490A	T210
FBB5	N5490B	C152
FBB8	N5490E	C82R
FBBC	N5490J	C310
FBC0	N5490N	RELI
FBCD	N54901	FA62
FBCF	N54903	J3
FBD0	N54904	PA25
FBD1	N54905	C172
FBD5	N54909	PA25
FBD8	N5491B	C182
FBDA	N5491D	PA18
FBDE	N5491H	C172
FBDF	N5491J	C172
FBE0	N5491K	C172
FBE1	N5491L	C152
FBE3	N5491N	C82R
FBE4	N5491P	C152
FBE6	N5491R	C172
FBE8	N5491T	C172
FBE9	N5491U	BE35
FBEB	N5491W	HROC
FBEF	N54910	C172
FBF3	N54914	PA25
FBF4	N54915	PA25
FBFC	N5492C	C170
FBFD	N5492D	BE35
FC01	N5492H	C172
FC06	N5492N	J3
FC07	N5492P	PA24
FC08	N5492Q	C150
FC09	N5492R	C172
FC0B	N5492T	C172
FC0C	N5492U	BE35
FC0E	N5492W	P28A
FC13	N54921	L5
FC1D	N5493A	T210
FC1F	N5493C	C170
FC20	N5493D	BE35
FC24	N5493H	PA18
FC29	N5493N	C82R
FC2C	N5493R	C72R
FC31	N5493W	P210
FC34	N5493Z	PA22
FC37	N54932	ST75
FC38	N54933	PA18
FC3D	N54938	PA18
FC3E	N54939	PA18
FC43	N5494D	BE35
FC44	N5494E	C185
FC4A	N5494L	AA5
FC4D	N5494P	C152
FC51	N5494T	C182
FC52	N5494U	BE35
FC56	N5494Y	PA23
FC57	N5494Z	PA22
FC58	N54940	J3
FC59	N54941	ST75
FC5D	N54945	ST75
FC5F	N54947	C172
FC61	N54949	C172
FC63	N5495A	T210
FC64	N5495B	C182
FC65	N5495C	C170
FC66	N5495D	C172
FC67	N5495E	B47G
FC68	N5495F	ERCO
FC6A	N5495H	PA18
FC6B	N5495J	C310
FC6C	N5495K	C172
FC71	N5495Q	C152
FC72	N5495R	C172
FC76	N5495V	T210
FC77	N5495W	P28A
FC79	N5495Y	PA23
FC7A	N5495Z	PA22
FC7B	N54950	ST75
FC7C	N54951	C172
FC80	N54955	C172
FC81	N54956	C172
FC89	N5496D	BE35
FC8A	N5496E	C82R
FC8D	N5496H	C172
FC8F	N5496K	C172
FC90	N5496L	AA5
FC92	N5496N	J3
FC93	N5496P	PA24
FC94	N5496Q	C150
FC95	N5496R	C172
FC9A	N5496W	P28A
FC9C	N5496Y	PA22
FC9E	N54960	C172
FCA6	N54968	PA18
FCAA	N5497B	C182
FCAD	N5497E	ST75
FCAF	N5497G	C421
FCB3	N5497L	AA5
FCB5	N5497N	C82R
FCB9	N5497S	C182
FCBD	N5497W	P28A
FCBE	N5497X	J3
FCC0	N5497Z	PA22
FCC3	N54972	PA18
FCC4	N54973	C175
FCC8	N54977	FA62
FCCD	N5498B	FOX
FCCE	N5498C	C170
FCD3	N5498H	C172
FCD5	N5498K	PA22
FCD8	N5498N	CH7A
FCD9	N5498P	PA24
FCDA	N5498Q	C150
FCDB	N5498R	C172
FCDD	N5498T	C172
FCE0	N5498W	P28A
FCE3	N5498Z	PA22
FCE5	N54981	TAYD
FCE7	N54983	C172
FCEE	N5499	CH70
FCF1	N5499C	C170
FCF4	N5499F	P28A
FCFB	N5499N	J3
FCFC	N5499P	PA24
FCFD	N5499Q	C152
FCFE	N5499R	C172
FD01	N5499U	BE35
FD02	N5499V	C210
FD03	N5499W	P28A
FD07	N54990	PA18
FD08	N54991	ST75
FD11	N55	LJ60
FD12	N55A	BE20
FD14	N55AB	C310
FD15	N55AC	C425
FD17	N55AE	BE95
FD18	N55AF	PA32
FD19	N55AG	PA30
FD1A	N55AH	RLU1
FD1B	N55AJ	VELO
FD1D	N55AL	G280
FD1E	N55AM	CH7A
FD22	N55AR	LJ55
FD23	N55AS	L90
FD25	N55AU	RV6
FD26	N55AV	RV10
FD28	N55AX	C185
FD29	N55AY	TAIL
FD2A	N55AZ	RV8
FD2B	N55B	C310
FD2C	N55BA	H25B
FD2E	N55BC	RV6
FD2F	N55BD	BE35
FD30	N55BE	P210
FD33	N55BH	C650
FD35	N55BK	PC12
FD36	N55BL	B06
FD37	N55BM	GLF5
FD38	N55BN	BE95
FD39	N55BP	GLF4
FD3A	N55BQ	TRDO
FD3C	N55BS	C700
FD3E	N55BU	BE95
FD40	N55BW	C25C
FD41	N55BX	EA50
FD43	N55BZ	AC50
FD46	N55CB	BE35
FD47	N55CC	PA11
FD48	N55CD	BE35
FD49	N55CE	SW4
FD4B	N55CG	C210
FD4D	N55CJ	C25A
FD4F	N55CL	BE60
FD50	N55CM	C414
FD51	N55CN	BE95
FD52	N55CP	C182
FD53	N55CQ	S22T
FD54	N55CR	COZY
FD55	N55CS	C337
FD57	N55CU	RV7
FD58	N55CV	BE55
FD59	N55CW	DC4
FD5A	N55CX	CC11
FD5B	N55CY	PA24
FD5C	N55CZ	BE95
FD5E	N55DA	DHC1
FD5F	N55DB	BE55
FD60	N55DC	C140
FD61	N55DD	SR20
FD64	N55DG	TBM7
FD65	N55DH	M20P
FD66	N55DJ	J3
FD67	N55DK	C310
FD68	N55DL	C180
FD69	N55DM	CC11
FD6A	N55DN	GB1
FD6B	N55DP	PTS1
FD6C	N55DQ	GLIM
FD6D	N55DR	CH75
FD6E	N55DS	SR20
FD71	N55DV	PA14
FD72	N55DW	PC12
FD74	N55DY	GLAS
FD75	N55DZ	BL8
FD76	N55E	WAIX
FD77	N55EA	C560
FD78	N55EB	CL30
FD7C	N55EF	GLIM
FD7D	N55EG	JAB4
FD7F	N55EJ	EXEC
FD80	N55EK	LGEZ
FD81	N55EL	RV6
FD82	N55EM	P28A
FD86	N55ER	B47G
FD88	N55ET	RV6
FD89	N55EU	P210
FD8B	N55EW	BE95
FD8E	N55EZ	BE55
FD90	N55FA	SR20
FD91	N55FB	S22T
FD92	N55FC	CH60
FD93	N55FD	BE95
FD95	N55FF	M20P
FD96	N55FG	WW24
FD98	N55FJ	LJ55
FD9D	N55FP	C25B
FDA0	N55FS	B407
FDA3	N55FV	GLF5
FDA4	N55FW	T6
FDA5	N55FX	FOX
FDA8	N55G	C680
FDA9	N55GA	M20P
FDAC	N55GD	PA31
FDAD	N55GE	SRAI
FDAF	N55GG	PTS1
FDB1	N55GJ	EC30
FDB6	N55GP	G280
FDB8	N55GR	LGEZ
FDBA	N55GT	MA5
FDBC	N55GV	GLF5
FDBD	N55GW	C180
FDBE	N55GX	PC12
FDBF	N55GY	SR22
FDC1	N55H	H500
FDC2	N55HA	C172
FDC4	N55HC	BE9L
FDC5	N55HD	BE55
FDC6	N55HE	ERCO
FDC7	N55HF	CL60
FDC8	N55HG	RF5
FDC9	N55HH	BE35
FDCA	N55HJ	C182
FDCD	N55HM	BE95
FDCF	N55HP	GLST
FDD0	N55HQ	M20P
FDD1	N55HR	M20P
FDD4	N55HU	HUSK
FDD5	N55HV	R44
FDD6	N55HW	RV6
FDD7	N55HX	C25C
FDD8	N55HY	HUSK
FDDB	N55JA	BN2P
FDDC	N55JB	BE33
FDDE	N55JD	P28A
FDE0	N55JF	SA10
FDE3	N55JJ	CH7B
FDE5	N55JL	P51
FDEA	N55JR	LJ31
FDEC	N55JT	EAGL
FDED	N55JU	BE36
FDEE	N55JV	PA11
FDF0	N55JX	BE95
FDF3	N55K	BE36
FDF4	N55KA	C180
FDF5	N55KB	VJ22
FDF6	N55KC	BE35
FDF7	N55KD	SREY
FDF8	N55KE	RV6
FDF9	N55KF	FOX
FDFA	N55KG	GLID
FDFB	N55KH	C182
FDFC	N55KJ	B58T
FDFE	N55KL	ACR2
FDFF	N55KM	RV10
FE01	N55KP	BE35
FE03	N55KR	C177
FE04	N55KS	SR22
FE05	N55KT	C25A
FE08	N55KW	PA31
FE0E	N55LB	H25B
FE0F	N55LC	GA5C
FE10	N55LD	P32R
FE11	N55LE	M5
FE13	N55LG	C172
FE14	N55LH	C170
FE16	N55LK	GLIM
FE17	N55LL	M20P
FE18	N55LM	P28R
FE1A	N55LP	C402
FE1D	N55LS	FDCT
FE1E	N55LT	C414
FE1F	N55LU	C172
FE22	N55LX	C550
FE23	N55LY	TBM9
FE24	N55LZ	LGEZ
FE25	N55M	C195
FE26	N55MA	HUSK
FE27	N55MB	C182
FE28	N55MC	RV6
FE29	N55MD	P28A
FE2C	N55MG	BE9L
FE2D	N55MH	S22T
FE2E	N55MJ	P32R
FE32	N55MN	BE9L
FE33	N55MP	C77R
FE34	N55MQ	VEZE
FE36	N55MS	CC11
FE37	N55MT	PA23
FE39	N55MV	C25C
FE3A	N55MW	C560
FE3C	N55MY	YK55
FE3F	N55NA	C182
FE41	N55NC	C25C
FE42	N55ND	PTS1
FE45	N55NG	E545
FE49	N55NL	E300
FE4F	N55NS	C180
FE50	N55NT	COL4
FE52	N55NV	WACF
FE55	N55NY	LJ55
FE57	N55P	E55P
FE58	N55PA	J3
FE59	N55PB	PA23
FE5A	N55PC	BE20
FE5C	N55PE	M20P
FE5D	N55PF	C182
FE5E	N55PG	C172
FE5F	N55PH	H269
FE60	N55PJ	GLF4
FE61	N55PK	PA18
FE62	N55PL	C140
FE63	N55PM	LGEZ
FE64	N55PN	P28A
FE65	N55PP	C414
FE67	N55PR	ST75
FE68	N55PS	GLID
FE69	N55PT	PA18
FE6B	N55PV	R44
FE6E	N55PY	C172
FE6F	N55PZ	PA18
FE70	N55Q	GC1
FE72	N55QB	C172
FE73	N55QC	GLF5
FE7A	N55QK	AA5
FE7F	N55QQ	CH60
FE89	N55R	PA31
FE8A	N55RA	BE56
FE8B	N55RB	C340
FE8C	N55RC	T18
FE8D	N55RD	PA30
FE8E	N55RE	BE35
FE91	N55RH	C206
FE93	N55RK	GLAS
FE94	N55RL	C421
FE95	N55RM	RV6
FE97	N55RP	BE99
FE99	N55RR	AEST
FE9A	N55RS	BE95
FE9B	N55RT	B407
FE9D	N55RV	BE95
FE9E	N55RW	M7
FE9F	N55RX	T210
FEA0	N55RY	C82T
FEA2	N55S	BE95
FEA3	N55SA	BE65
FEA5	N55SC	C25C
FEA7	N55SE	BE95
FEA8	N55SF	C182
FEA9	N55SG	BE95
FEAA	N55SH	J3
FEAB	N55SJ	BE95
FEAC	N55SK	C25A
FEAD	N55SL	B06
FEAF	N55SN	C182
FEB0	N55SP	BE35
FEB1	PS-FAR	BE40
FEB2	N55SR	BE20
FEB3	N55SS	BE35
FEB6	N55SV	C172
FEB7	N55SW	SEAW
FEBA	N55SZ	GLID
FEBD	N55TB	P28A
FEBF	N55TD	GLF4
FEC0	N55TE	BE95
FEC2	N55TG	M6
FEC4	N55TJ	EA50
FEC5	N55TK	SREY
FEC6	N55TL	BE55
FEC7	N55TM	BE58
FEC8	N55TN	S22T
FEC9	N55TP	R44
FECC	N55TS	BE95
FECD	N55TT	SA10
FECF	N55TV	AS50
FED0	N55TW	MUS2
FED1	N55TX	GLAS
FED3	N55TZ	BE55
FEE2	N55UP	B06
FEE5	N55US	AP20
FEE8	N55UV	EC45
FEEE	N55VA	BE35
FEEF	N55VB	BE55
FEF0	N55VC	LJ55
FEF2	N55VE	BE35
FEF3	N55VF	BE95
FEF4	N55VG	BE95
FEF6	N55VJ	FOX
FEF7	N55VK	WAIX
FEF8	N55VL	AA5
FEF9	N55VM	BL8
FEFF	N55VT	BE35
FF01	N55VV	BE60
FF02	N55VW	C56X
FF04	N55VY	PRM1
FF06	N55W	BE35
FF07	N55WA	T18
FF08	N55WB	C182
FF09	N55WC	AA5
FF0B	N55WE	DHC2
FF0C	N55WF	BE9L
FF0D	N55WG	SA30
FF0E	N55WH	PA46
FF0F	N55WJ	AC90
FF11	N55WL	C550
FF12	N55WM	C82R
FF14	N55WP	PC12
FF16	N55WR	BE35
FF1A	N55WV	SR22
FF1B	N55WW	RLU1
FF1C	N55WX	WAIX
FF1D	N55WY	BE95
FF1F	N55X	TBM9
FF22	N55XC	YK55
FF25	N55XF	P28A
FF29	N55XK	YK55
FF2A	N55XL	VELO
FF2C	N55XN	XNOS
FF2D	N55XP	H25B
FF37	N55XZ	YK55
FF38	N55Y	NIPR
FF39	N55YA	YK55
FF3A	N55YB	BE95
FF3E	N55YF	YK50
FF42	N55YK	YK55
FF48	N55YR	GLID
FF4A	N55YT	WACF
FF4E	N55YX	YK55
FF52	N55ZA	GLST
FF54	N55ZC	CH60
FF55	N55ZD	B47G
FF58	N55ZG	P46T
FF5E	N55ZN	CH75
FF61	N55ZR	BE9L
FF66	N55ZW	GLIM
FF67	N55ZX	YK55
FF69	N55ZZ	BE95
FF6A	N550	GLF5
FF6C	N550AA	GLF5
FF6D	N550AB	C550
FF6E	N550AC	LEG2
FF70	N550AE	AS55
FF71	N550AF	BT36
FF73	N550AH	SS2T
FF74	N550AJ	C550
FF76	N550AL	GLF5
FF7B	N550AR	PISI
FF7C	N550AS	C550
FF7D	N550AT	CL35
FF7E	N550AU	GLF5
FF7F	N550AV	GLF5
FF80	N550AW	LEG2
FF84	N550B	TRF1
FF85	N550BA	E550
FF87	N550BC	C550
FF8B	N550BG	GLF5
FF8C	N550BH	AT3T
FF8D	N550BJ	C550
FF8E	N550BK	YK50
FF8F	N550BL	LEG2
FF90	N550BM	C550
FF91	N550BN	C182
FF99	N550BW	C25B
FF9C	N550BZ	BE95
FF9E	N550CA	PA46
FF9F	N550CB	BE55
FFA1	N550CD	SR22
FFA3	N550CF	C550
FFA4	N550CG	C550
FFA7	N550CK	GLF5
FFA9	N550CM	CC11
FFAB	N550CP	T206
FFAD	N550CR	P46T
FFAF	N550CT	C550
FFB1	N550CV	BE35
FFB2	N550CW	CL60
FFB3	N550CX	E50P
FFB5	N550CZ	C550
FFB7	N550DA	C550
FFB8	N550DB	GLAS
FFB9	N550DC	C560
FFBA	N550DD	P32R
FFBB	N550DE	RV4
FFBC	N550DF	BE95
FFBE	N550DH	ST75
FFC1	N550DL	C550
FFC2	N550DM	EA50
FFC3	N550DN	A21N
FFC6	N550DR	GLF5
FFC7	N550DS	C550
FFCC	N550DX	GLF5
FFD4	N550EE	RV8
FFD5	N550EF	LEG2
FFDF	N550ER	C172
FFE4	N550EW	GLF5
FFEA	N550FB	GLF5
FFED	N550FE	DC10
FFEE	N550FF	E55P
FFF2	N550FK	C185
FFF3	N550FL	P28A
FFF4	N550FM	PA34
FFF8	N550FR	GLF5
FFF9	N550FS	C402
FFFE	N550FX	CL30
