0002	N550GA	GLF5
0003	N550GB	C501
0004	N550GC	AT3T
0007	N550GF	GLF5
0009	N550GH	GLF5
000A	N550GJ	CRJ7
000B	N550GK	S22T
000C	N550GL	BE20
000F	N550GP	GLF5
0011	N550GR	COL3
0016	N550GW	GLF5
0017	N550GX	C550
0019	N550GZ	C550
001C	N550HB	ASTR
001D	N550HC	C550
001E	N550HD	E550
001F	N550HE	STLN
0021	N550HG	LJ55
0022	N550HH	C550
0023	N550HJ	C550
0024	N550HK	C550
002C	N550HT	C550
002F	N550HW	C550
0032	N550HZ	STLN
0033	N550J	C550
0034	N550JA	BE95
0035	N550JB	C182
0038	N550JE	BE35
0039	N550JF	GLF2
003A	N550JG	SR20
003B	N550JH	GLF5
003D	N550JK	PA46
003E	N550JL	LEG2
003F	N550JM	H500
0041	N550JP	FA50
0043	N550JR	BE33
0044	N550JS	C82R
0047	N550JV	C550
0049	N550JX	C550
004E	N550KB	LNCE
004F	N550KC	LEG2
0050	N550KD	C550
0053	N550KG	SS2T
0055	N550KJ	GLF5
0057	N550KL	E550
005C	N550KR	GLF5
005D	N550KS	C25B
0065	N550L	BE33
0066	N550LA	C172
0068	N550LC	E550
006A	N550LE	BE95
006C	N550LG	E550
006F	N550LK	GLF5
0071	N550LM	BE33
0073	N550LP	C208
0075	N550LR	ST75
0077	N550LT	C500
0079	N550LV	C68A
007A	N550LW	LNCE
007B	N550LX	LNP4
007F	N550MA	C404
0080	N550MB	BE35
0081	N550MC	GLF5
0082	N550MD	PA23
0083	N550ME	C550
0086	N550MH	LNCE
0087	N550MJ	C550
0089	N550ML	C550
008B	N550MN	C550
008C	N550MP	PA46
008F	N550MS	C25B
0090	N550MT	T210
0092	N550MV	GLF5
0094	N550MX	C25B
0096	N550MZ	C550
0099	N550NB	C550
009A	N550NC	BE33
009B	N550ND	C172
009C	N550NE	GLF5
00A0	N550NJ	EA50
00A2	N550NL	LEG2
00A3	N550NM	GLF5
00A4	N550NN	CRJ9
00A5	N550NP	TBM7
00A9	N550NT	C550
00AB	N550NV	C182
00AC	N550NW	B752
00B0	N550P	GLAS
00B5	N550PE	RV4
00B6	N550PF	C550
00B9	N550PJ	C182
00BA	N550PK	SR22
00BB	N550PL	GLF5
00C2	N550PT	C182
00C3	N550PU	P28A
00C5	N550PW	C550
00DA	N550QS	C68A
00E7	N550RE	C210
00E9	N550RG	SR22
00EB	N550RJ	BE36
00EE	N550RM	C550
00F0	N550RP	GLF5
00F3	N550RS	C500
00F7	N550RW	C185
00FA	N550RZ	C550
00FB	N550S	C340
00FC	N550SA	B407
00FE	N550SC	C550
00FF	N550SD	DIMO
0100	N550SE	EA50
0101	N550SF	C550
0102	N550SG	C550
0103	N550SH	F900
0105	N550SK	C550
0108	N550SN	GLF5
0109	N550SP	BE20
010C	N550SS	C550
0110	N550SW	BE9L
0111	N550SX	SONX
0114	N550T	C25B
0116	N550TB	GLF5
0117	N550TC	LJ55
011B	N550TG	STLN
011C	N550TH	F900
011D	N550TJ	C550
011E	N550TK	RV7
0120	N550TM	C550
0121	N550TN	C550
0122	N550TP	PA36
0124	N550TR	C550
0125	N550TS	GLF5
0126	N550TT	C55B
0129	N550TW	C550
012A	N550TX	C182
012B	N550TY	C550
012D	N550U	C182
013A	N550UN	GLF5
0145	N550UZ	EA50
014B	N550VE	GLF5
014D	N550VG	C55B
0156	N550VR	GLF5
0162	N550WC	C210
0163	N550WD	C550
0164	N550WE	C550
0165	N550WF	AT5T
0167	N550WH	EAGL
0168	N550WJ	C550
0169	N550WK	C550
016A	N550WL	C550
016B	N550WM	FA50
016C	N550WN	B737
016D	N550WP	C182
016F	N550WR	C550
0170	N550WS	C550
0174	N550WW	GLF5
0178	N550X	BE35
0181	N550XJ	CL30
0191	N550Y	YK50
019B	N550YK	YK50
01A1	N550YR	BE55
01AC	N550ZB	GLF5
01B0	N550ZF	CH75
01B4	N550ZK	T206
01BB	N550ZS	C550
01C5	N5500B	C182
01C6	N5500C	BL8
01C7	N5500D	BE35
01C8	N5500E	M7
01C9	N5500F	BE33
01CA	N5500G	C172
01CB	N5500H	PA11
01CD	N5500K	M7
01CE	N5500L	CH7B
01CF	N5500M	BL8
01D5	N5500T	C172
01D7	N5500V	T6
01D8	N5500W	BL8
01D9	N5500X	COL4
01DA	N5500Y	M7
01DC	N55000	M7
01DD	N55001	M7
01E1	N55005	P28R
01E3	N55007	P28B
01E7	N5501A	CH7B
01E8	N5501B	C182
01EB	N5501E	C150
01EC	N5501F	P28A
01F3	N5501N	CH7B
01F4	N5501P	PA24
01F6	N5501R	M7
01FB	N5501W	P28A
01FF	N55010	P28A
0200	N55011	GLF5
0202	RA-67474	C172
0207	N55018	P28A
0208	N55019	P28A
020A	N5502A	BL8
020B	N5502B	C182
020C	N5502C	CH7A
0210	N5502G	C150
0215	N5502M	BL8
0218	N5502Q	M20P
021B	N5502T	C172
021C	N5502U	CH7A
021E	N5502W	P28A
0220	N5502Y	PA23
0223	N55021	P28A
0224	N55022	ST75
0225	N55023	P28R
022A	N55028	P28A
022B	N55029	P28A
022D	N5503A	BL8
022F	N5503C	BL8
0230	N5503D	BE35
0232	N5503F	P28A
0234	N5503H	BL8
0235	N5503J	BL8
0237	N5503L	M7
0239	N5503N	ST75
023A	N5503P	PA24
023B	N5503Q	M20P
023E	N5503T	C172
023F	N5503U	P28A
0240	N5503V	CH7A
0242	N5503X	M7
0243	N5503Y	BL8
0245	N55030	P28R
0246	N55031	P28B
0247	N55032	P28B
0248	N55033	M4
0249	N55034	BL8
024C	N55037	C172
024E	N55039	P28A
0252	N5504C	C170
0255	N5504F	P28A
0256	N5504G	P28A
0258	RA-67496	C172
0259	N5504K	CH7B
025B	N5504M	M200
025C	N5504N	CH7A
025D	N5504P	PA24
025E	N5504Q	M20P
025F	N5504R	C172
0260	N5504S	BL8
0261	N5504T	C172
0264	N5504W	P28A
0266	N5504Y	BL8
0269	N55041	P28A
026A	N55042	P28A
026C	N55044	P28A
026E	N55046	VP2
0271	N55049	P28B
0274	N5505B	M7
0276	N5505D	BE35
0277	N5505E	C150
0278	N5505F	P28A
0279	N5505G	C150
027A	N5505H	CH7B
027D	N5505L	AA5
027E	N5505M	BL8
027F	N5505N	CH7A
0282	N5505R	C172
0284	N5505T	CL60
0285	N5505U	P28A
0287	N5505W	P28A
0288	N5505X	C172
0289	N5505Y	ST75
028B	N55050	PA32
028C	N55051	PA34
0290	N55055	P28A
0292	N55057	P28A
0293	N55058	P28R
0296	N5506A	ST75
0298	N5506C	CH7A
0299	N5506D	BE35
029B	N5506F	P28A
029C	N5506G	C150
029D	N5506H	CH7A
029E	N5506J	PA32
02A0	N5506L	AA5
02A1	N5506M	CH7B
02A5	N5506R	C172
02A7	N5506T	C172
02A8	N5506U	P28A
02AA	N5506W	P28A
02AD	N5506Z	CH7B
02B0	N55062	ST75
02B1	N55063	ST75
02B2	N55064	P28A
02B3	N55065	BL8
02B4	N55066	P28A
02B5	N55067	BL8
02B7	N55069	P28R
02B8	N5507	WACO
02B9	RA-67498	C172
02BB	N5507C	C170
02BD	N5507E	C150
02BF	N5507G	C150
02C0	N5507H	CH7A
02C3	N5507L	AA5
02C4	N5507M	M200
02C6	N5507P	CH7B
02CA	N5507T	C172
02CD	N5507W	CH7B
02CE	N5507X	ST75
02CF	N5507Y	CH7B
02D3	N55072	CH7A
02D7	N55076	FA62
02D9	N55078	P28A
02DA	N55079	ST75
02DD	N5508B	C182
02DE	N5508C	C170
02E2	N5508G	C150
02E4	N5508J	CH7B
02E5	N5508K	FB1A
02E6	N5508L	CH7B
02E7	N5508M	CH7A
02E8	N5508N	KR2
02EA	N5508Q	M20P
02EC	N5508S	C188
02ED	N5508T	C172
02EF	N5508V	P28R
02F0	N5508W	P28A
02F1	N5508X	SS2P
02F4	N55080	P28A
02FB	N55087	P28A
02FC	N55088	P28R
02FD	N55089	PA32
0300	N5509B	C182
0302	N5509D	BE35
0303	N5509E	C150
0305	N5509G	C150
0306	N5509H	PA11
0307	N5509J	C172
030B	N5509N	CH7A
030C	N5509P	PA24
030D	N5509Q	M20P
0310	N5509T	C172
0313	N5509W	P28A
0317	N55090	PA34
0318	N55091	J3
031B	N55094	P28A
031D	N55096	P28A
031E	N55097	ST75
0321	N551	MC45
0323	N551AA	FALC
0325	N551AC	EC25
0326	N551AD	F900
0328	N551AF	PC24
032B	N551AJ	PA32
032E	N551AM	AS50
0330	N551AP	C172
0333	N551AS	B738
0334	N551AT	SR22
0336	N551AV	GLF5
033C	N551BA	EC35
033E	N551BC	C550
0342	N551BG	C182
0344	N551BJ	P51
0345	N551BK	R44
0349	N551BP	SR22
0350	N551BW	BE33
0356	N551CB	GLF4
0358	N551CD	SR22
0359	N551CE	DC6
035A	N551CF	P51
035B	N551CG	RV12
0361	N551CN	BE9L
0362	N551CP	H500
0365	N551CS	B505
0366	N551CT	C150
036C	N551CZ	C550
036D	N551D	P51
036E	N551DA	C550
036F	N551DB	BE36
0373	N551DF	PA11
0377	N551DK	P28R
037B	N551DP	T51
037E	N551DS	C180
0386	N551E	P51
0392	N551EM	MRF1
0396	N551ER	C172
0397	N551ES	C172
039E	N551EZ	LGEZ
03AD	N551FP	C25A
03AF	N551FR	GLF5
03B5	N551FX	CL30
03B8	N551G	BE35
03BA	N551GB	C500
03BD	N551GE	C551
03BE	N551GF	C551
03C1	N551GJ	CRJ7
03C4	N551GM	E55P
03C9	N551GS	C551
03CA	N551GT	GLF5
03D1	N551H	P51
03D2	N551HA	GLF5
03D9	N551HH	C551
03DF	N551HP	T206
03E0	N551HQ	UH1
03E4	N551HU	EC35
03E8	N551HY	A139
03EA	N551J	P51
03EB	N551JA	BE36
03EC	N551JB	C210
03F2	N551JH	P28A
03F4	N551JK	C551
03F5	N551JL	BE20
03F8	N551JP	P51
03FA	N551JR	GLID
03FB	N551JS	BE95
03FE	N551JV	P51
03FF	N551JW	S22T
0404	N551KA	C550
0408	N551KE	P46T
041D	N551LA	R44
0420	N551LD	T6
0425	N551LJ	BE9L
0428	N551LM	CRER
042C	N551LR	P51
042D	N551LS	C551
0432	N551LX	E300
0436	N551MA	TBM7
0437	N551MB	P51
0439	N551MD	PA44
043D	N551MH	SREY
0441	N551MM	GA5C
0443	N551MP	RV6
0446	N551MS	C501
044A	N551MW	C551
0451	N551NC	C551
0452	N551ND	C172
0456	N551NH	C551
045B	N551NN	CRJ9
0463	N551NW	B752
0466	N551NZ	C551
0468	N551PA	P28A
046E	N551PG	C172
047A	N551PU	P28A
0491	N551QS	C68A
049A	N551RA	LJ55
049C	N551RC	GLF5
049D	N551RD	T51
04A5	N551RM	C550
04AD	N551RV	RV9
04B5	N551SC	PA18
04B6	N551SD	CL60
04B8	N551SF	C182
04B9	N551SG	SR22
04BB	N551SJ	C551
04BC	N551SK	GLID
04BE	N551SM	RV6
04BF	N551SN	GLF5
04C0	N551SP	C82S
04C2	N551SR	SR22
04C3	N551SS	BE40
04C4	N551ST	LJ60
04C7	N551SW	GLEX
04CB	N551T	BE35
04CF	N551TD	AT5T
04D1	N551TF	P51
04D2	N551TG	C551
04D7	N551TM	P51
04DC	N551TS	C182
04DD	N551TT	P32T
04E0	N551TW	T51
04E1	N551TX	MUS2
04F5	N551US	M20P
04F9	N551UW	A321
04FC	N551UZ	H25B
04FF	N551VB	E55P
0500	N551VC	P51
0508	N551VL	GLF5
0516	N551W	P51
051E	N551WH	C510
0521	N551WL	C550
0523	N551WN	B737
0526	N551WR	P51
0528	N551WT	PA18
052F	N551X	SONX
0538	N551XJ	CL30
0561	N551Z	GLID
0565	N551ZD	C550
056C	N551ZL	VELO
0580	N5510F	P28A
0582	N5510H	PA11
0586	N5510M	M200
0589	N5510Q	M20P
058B	N5510S	RV10
058C	N5510T	C172
058E	N5510V	P32R
058F	N5510W	P28A
0590	N5510X	SS2P
0592	N5510Z	M7
0593	N55100	J3
0594	N55101	ST75
059A	N55107	L39
059D	N5511	TL20
059E	N5511A	M7
05A0	N5511C	T210
05A3	N5511F	P28A
05A4	N5511G	M7
05A5	N5511H	PA11
05A9	N5511M	M200
05AB	N5511P	PA24
05AC	N5511Q	M20P
05AD	N5511R	C172
05AF	N5511T	C172
05B2	N5511W	P28A
05B3	N5511X	SS2P
05BC	N55116	P28R
05BD	N55117	P28B
05C2	N5512B	C208
05C3	N5512C	M7
05C5	N5512E	C172
05C6	N5512F	P28A
05C9	N5512J	PA32
05D0	N5512R	C172
05D2	N5512T	C172
05D3	N5512U	P28A
05D4	N5512V	P28A
05D5	N5512W	P28A
05D7	N5512Y	M7
05D8	N5512Z	PA18
05DA	N55121	C172
05DE	N55125	TAYD
05DF	N55126	C172
05E0	N55127	P28A
05E1	N55128	P28A
05E2	N55129	P28A
05E5	N5513B	C182
05E6	N5513C	C170
05E7	N5513D	BE35
05EE	N5513L	C152
05F0	N5513N	C82S
05F3	N5513R	C172
05F5	N5513T	C172
05F6	N5513U	P28A
05F7	N5513V	P28A
05F8	N5513W	P28A
05FD	N55131	P28R
05FF	N55133	ST75
0600	N55134	PA34
0601	N55135	P28A
0602	N55136	P28A
0605	N55139	P28A
0607	N5514A	NAVI
060B	N5514E	C150
060C	N5514F	P28A
0611	N5514L	C152
0612	N5514M	VO10
0615	N5514Q	M20P
0619	N5514U	P28A
061E	N5514Z	PA22
061F	N55140	P28A
0621	N55142	T50
0623	N55144	C172
0625	N55146	C172
0627	N55148	P28A
062C	N5515C	C303
062D	N5515D	BE35
062E	N5515E	C150
062F	N5515F	M7
0631	N5515H	PA11
0634	N5515L	M7
0635	N5515M	VO10
0636	N5515N	C82R
0638	N5515Q	C152
063A	N5515S	M7
063B	N5515T	C172
0640	N5515Y	T210
0641	N5515Z	PA22
0642	N55150	P28A
0643	N55151	P28A
0646	N55154	P28R
064B	N55159	PA32
064F	N5516C	T210
0652	N5516F	P28A
0653	N5516G	C150
0654	N5516H	PA11
0655	N5516J	PA32
0657	N5516L	C152
065D	N5516S	M7
065E	N5516T	C172
065F	N5516U	P28A
0665	N55160	C172
0667	N55162	P28A
0668	N55163	P28A
066B	N55166	P28A
066C	N55167	P28A
066E	N55169	C172
0673	N5517D	BE35
0674	N5517E	C150
0675	N5517F	P28A
0676	N5517G	C150
0677	N5517H	PA11
0678	N5517J	PA32
0679	N5517K	CH7A
067B	N5517M	S10
067C	N5517N	UH1
067D	N5517P	C152
067E	N5517Q	M20P
067F	N5517R	C172
0680	N5517S	C188
0682	N5517U	T210
0683	N5517V	P28A
0687	N5517Z	M7
0688	N55170	ST75
0689	N55171	ST75
068A	N55172	ST75
068B	N55173	P28A
068D	N55175	ST75
068E	N55176	P28R
068F	N55177	P28R
0691	N55179	C172
0692	N5518	MIMU
0697	N5518E	C185
0699	N5518G	C172
069B	N5518J	PA32
069C	N5518K	CH7B
069E	N5518M	M7
06A2	N5518R	C172
06A4	N5518T	C182
06A5	N5518U	P28A
06A7	N5518W	C172
06AA	N5518Z	M7
06AC	N55181	PA34
06B0	N55185	P28A
06B2	N55187	C172
06B4	N55189	P28R
06B6	N5519A	BE33
06B8	N5519C	M7
06BC	N5519G	M7
06BD	N5519H	C152
06BE	N5519J	C172
06C2	N5519N	FA62
06C7	N5519T	C172
06C8	N5519U	BE36
06C9	N5519V	M7
06CC	N5519Y	M7
06CF	N55191	P28B
06D0	N55192	T34P
06D5	N55197	C172
06D6	N55198	FA62
06DC	N552AC	EC25
06DE	N552AE	B06
06E2	N552AJ	C501
06E5	N552AM	S22T
06EA	N552AS	B738
06EB	N552AT	CH60
06F2	N552B	BE35
06F4	N552BB	BE55
06F5	N552BC	COZY
06F9	N552BG	C550
06FE	N552BM	YK52
0700	N552BP	PA11
0703	N552BS	BE9L
070E	N552CC	BE40
070F	N552CD	SR22
0712	N552CG	C550
0713	N552CH	B407
0715	N552CK	BE58
0716	N552CL	BE36
0717	N552CM	BE36
0718	N552CN	C560
0719	N552CP	B407
0722	N552CY	CJ6
0726	N552DB	HDJT
0727	N552DC	M20P
072F	N552DL	C441
0730	N552DM	BL8
0732	N552DP	J5
0734	N552DR	UH12
0735	N552DS	RV10
0749	N552EM	MRF1
076C	N552FX	CL30
0772	N552GC	GLST
0778	N552GJ	CRJ7
077F	N552GR	F2TH
0789	N552HA	GLF5
078E	N552HF	C208
07A2	N552JA	PA32
07A3	N552JB	A320
07B6	N552JW	B06
07BA	N552K	C77R
07C6	N552KM	RV8
07D1	N552KY	SR22
07D3	N552L	LEG2
07D8	N552LE	R22
07DF	N552LM	LJ31
07EC	N552M	C510
07ED	N552MA	DV20
07F0	N552MD	PA44
07F1	N552ME	H25B
07F9	N552MN	C82T
07FE	N552MT	PA18
0801	N552MW	GLF5
0812	N552NN	CRJ9
081A	N552NW	B752
0821	N552PC	PA44
0825	N552PG	SR20
0831	N552PU	P28A
0833	N552PW	SRAI
0836	N552PZ	PZ3T
0848	N552QS	C68A
0851	N552RA	C150
0853	N552RC	GA6C
085C	N552RM	GLIM
0860	N552RR	SSTL
0864	N552RV	RV10
0865	N552RW	C182
0867	N552RY	C172
0869	N552S	C340
086C	N552SC	C56X
0871	N552SH	YK52
0873	N552SK	LJ60
0874	N552SL	RS12
0875	N552SM	ERCO
0876	N552SN	GLF5
0877	N552SP	C172
0879	N552SR	SR22
0883	S2-AEO	C172
0884	N552TB	TB30
0885	N552TC	PC12
088D	N552TL	LJ55
0897	N552TW	YK52
089C	N552UA	B752
08B0	N552UW	A321
08BF	N552VL	A20N
08D5	N552WH	YK52
08DA	N552WN	B737
08DE	N552WS	HDJT
08DF	N552WT	BE55
08EF	N552XJ	CL30
08F1	N552XL	XL2
08FF	N552Y	G164
090B	N552YM	GLEX
0929	N552ZS	BT36
0934	N5520C	C170
0935	N5520D	C172
0936	N5520E	C150
0938	N5520G	C150
093B	N5520K	BL8
093C	N5520L	C152
093E	N5520N	C172
093F	N5520P	PA24
0940	N5520Q	M20P
0942	N5520S	C172
0943	N5520T	C172
0944	N5520U	C172
0945	N5520V	P28A
0947	N5520X	C172
094D	N55203	P28A
0950	N55206	P28A
0952	N55208	P28R
0953	N55209	PA32
0954	N5521	RV12
0956	N5521B	C182
095A	N5521F	P28A
095D	N5521J	PA32
095E	N5521K	BL8
0961	N5521N	ST75
0962	N5521P	PA24
0963	N5521Q	C172
0964	N5521R	C172
0965	N5521S	C172
0967	N5521U	P28A
0968	N5521V	P28A
096C	N5521Z	PA22
096E	N55211	C172
0971	N55214	P28A
0972	N55215	P28A
0973	N55216	P28A
0975	N55218	C172
0976	N55219	P28A
0978	N5522A	C172
0979	N5522B	C182
097A	N5522C	T210
097B	N5522D	BE35
097C	N5522E	C150
097D	N5522F	BE35
097E	N5522G	C150
097F	N5522H	PA11
0981	N5522K	M20P
0984	N5522N	ST75
0986	N5522Q	M20P
0988	N5522S	C172
0989	N5522T	B58T
098A	N5522U	P28A
098D	N5522X	C172
098F	N5522Z	PA22
0990	N55220	P28R
0995	N55225	ST75
09A0	N5523F	P28A
09A1	N5523G	C150
09A7	N5523N	ST75
09A9	N5523Q	C172
09AA	N5523R	C72R
09AB	N5523S	C188
09AC	N5523T	C182
09AD	N5523U	P28A
09AE	N5523V	C172
09B1	N5523Y	T210
09B4	N55231	C172
09B7	N55234	C172
09B9	N55236	C172
09BE	N5524A	C172
09C0	N5524C	T206
09C3	N5524F	P32R
09C9	N5524M	C152
09CA	N5524N	DG15
09CC	N5524Q	M20P
09CE	N5524S	C182
09D0	N5524U	P28A
09D1	N5524V	BE36
09D2	N5524W	P28A
09D6	N55240	P28A
09D8	N55242	C172
09DA	N55244	P28A
09DB	N55245	C172
09DC	N55246	C172
09DD	N55247	P28R
09E4	N5525D	BE35
09E6	N5525F	P28A
09E8	N5525H	C152
09E9	N5525J	PA32
09EA	N5525K	CH7B
09EB	N5525L	C240
09EE	N5525P	C240
09EF	N5525Q	C240
09F0	N5525R	T206
09F1	N5525S	EXEC
09F3	N5525U	T206
09F4	N5525V	P28A
09F5	N5525W	PA18
09F8	N5525Z	PA22
09F9	N55250	C172
09FB	N55252	ST75
09FC	N55253	P28R
09FF	N55256	C172
0A02	N55259	P28A
0A05	N5526B	C182
0A09	N5526F	P28A
0A0C	N5526J	C172
0A0D	N5526K	BL8
0A0F	N5526M	P28A
0A10	N5526N	ST75
0A11	N5526P	PA24
0A13	N5526R	C72R
0A14	N5526S	C188
0A16	N5526U	P28A
0A19	N5526X	SS2P
0A1C	N55260	P28A
0A1D	N55261	P28A
0A1E	N55262	ST75
0A1F	N55263	P28A
0A20	N55264	C172
0A23	N55267	ST75
0A27	N5527A	P210
0A28	N5527B	C182
0A29	N5527C	C170
0A2A	N5527D	BE35
0A2C	N5527F	P28A
0A2D	N5527G	C150
0A2F	N5527J	PA32
0A33	N5527N	ST75
0A36	N5527R	C172
0A37	N5527S	C182
0A3C	N5527X	SS2P
0A3F	N55270	P28A
0A40	N55271	ST75
0A41	N55272	P28A
0A42	N55273	P28A
0A44	N55275	P28R
0A47	N55278	PA32
0A48	N55279	PA34
0A4A	N5528A	T210
0A4C	N5528C	C170
0A4E	N5528E	C150
0A50	N5528G	C150
0A51	N5528H	PA11
0A53	N5528K	BL8
0A56	N5528N	P51
0A58	N5528Q	M20P
0A5A	N5528S	C182
0A5D	N5528V	BE33
0A61	N5528Z	PA22
0A66	N55284	P28A
0A67	N55285	C172
0A69	N55287	P28R
0A6B	N55289	PA32
0A6F	N5529C	C170
0A70	N5529D	BE33
0A71	N5529E	C150
0A72	N5529F	P28A
0A73	N5529G	C150
0A74	N5529H	PA11
0A75	N5529J	PA32
0A76	N5529K	CH7A
0A79	N5529N	C82R
0A7B	N5529Q	M20P
0A7C	N5529R	C172
0A7D	N5529S	C82R
0A7E	N5529T	C172
0A7F	N5529U	P28A
0A80	N5529V	C303
0A81	N5529W	P28A
0A82	N5529X	C140
0A84	N5529Z	C172
0A85	N55290	ST75
0A86	N55291	C172
0A87	N55292	C172
0A89	N55294	C172
0A8A	N55295	PA34
0A8B	N55296	C172
0A8C	N55297	C172
0A8E	N55299	C172
0A8F	N553	RV8
0A91	N553AA	MD82
0A93	N553AC	EC25
0A95	N553AE	B06
0A9B	N553AL	A21N
0A9C	N553AM	C441
0A9E	N553AP	C172
0AA1	N553AS	B738
0AA2	N553AT	GLIM
0AA9	N553B	BE35
0AAB	N553BB	RLU1
0AAC	N553BC	HUSK
0AAD	N553BD	CH75
0ABA	N553BS	H60
0ABE	N553BW	H25B
0AC2	N553C	M20P
0AC4	N553CB	G150
0AC6	N553CD	SR22
0AD0	N553CP	H500
0ADD	N553DB	DHC1
0ADE	N553DC	M7
0AE7	N553DM	PA34
0AEB	N553DR	RV9
0AEC	N553DS	DA40
0B00	N553EM	MRF1
0B05	N553ES	H60
0B18	N553FL	P28A
0B23	N553FX	CL30
0B26	N553G	GLF5
0B2A	N553GD	GA5C
0B2E	N553GH	PA11
0B2F	N553GJ	CRJ7
0B36	N553GR	F2TH
0B37	N553GS	GA5C
0B3B	N553GW	HIGH
0B40	N553HA	GLF5
0B42	N553HC	C82S
0B43	N553HD	B407
0B4D	N553HP	T206
0B59	N553JA	CH7A
0B5A	N553JB	R44
0B7D	N553KM	RV8
0B8C	N553LB	SR22
0B96	N553LM	LJ31
0B98	N553LP	C414
0BA4	N553MA	ECHO
0BA5	N553MB	RV9
0BA6	N553MC	S22T
0BAC	N553MJ	C550
0BB8	N553MW	CH80
0BC9	N553NN	CRJ9
0BD1	N553NW	B752
0BD8	N553PC	PA44
0BDC	N553PG	HUSK
0BDF	N553PK	C56X
0BE8	N553PU	P28A
0BFF	N553QS	C68A
0C08	N553RA	C172
0C0B	N553RD	A139
0C1B	N553RV	RV7
0C1C	N553RW	PC12
0C20	N553S	LGEZ
0C23	N553SC	P28A
0C26	N553SF	CH7B
0C2C	N553SM	CH65
0C2D	N553SN	GLF5
0C2E	N553SP	S22T
0C35	N553SW	C414
0C36	N553SX	A319
0C3A	N553TA	C182
0C3C	N553TC	T206
0C47	N553TP	P28A
0C4B	N553TT	ZERO
0C4F	N553TX	C56X
0C67	N553UW	A321
0C6B	N553V	LJ35
0C84	N553W	BE95
0C91	N553WN	B737
0C9D	N553X	SF50
0C9F	N553XB	S76
0CEA	N5530B	C182
0CED	N5530E	C185
0CF1	N5530J	PA32
0CF2	N5530K	CH7B
0CF8	N5530R	C172
0CFD	N5530W	P28A
0CFE	N5530X	BE36
0CFF	N5530Y	AVID
0D00	N5530Z	PA22
0D02	N55301	P28A
0D03	N55302	P28A
0D04	N55303	P28A
0D05	N55304	P28A
0D06	N55305	P28A
0D07	N55306	P28R
0D09	N55308	P28B
0D0C	N5531A	T210
0D0F	N5531D	BE36
0D11	N5531F	P28A
0D13	N5531H	C152
0D17	N5531M	C152
0D1B	N5531R	C172
0D1D	N5531T	C172
0D23	N5531Z	PA22
0D24	N55310	P28A
0D25	N55311	P28A
0D26	N55312	P28A
0D27	N55313	P28A
0D29	N55315	P28A
0D2B	N55317	P28R
0D2D	N55319	P28R
0D33	N5532E	C150
0D36	N5532H	PA11
0D37	N5532J	PA32
0D3B	N5532N	C82S
0D3C	N5532P	PA24
0D3E	N5532R	C172
0D3F	N5532S	C182
0D41	N5532U	P28A
0D44	N5532X	SS2P
0D47	N55320	C172
0D4B	N55324	ST75
0D4C	N55325	C172
0D4E	N55327	P28A
0D51	N5533	WACO
0D53	N5533B	C152
0D55	N5533D	BE35
0D56	N5533E	C82R
0D58	N5533G	C150
0D59	N5533H	PA11
0D5B	N5533K	BE35
0D5F	N5533P	PA24
0D60	N5533Q	M20P
0D61	N5533R	C72R
0D62	N5533S	C182
0D63	N5533T	C172
0D67	N5533X	SS2P
0D68	N5533Y	PA23
0D6A	N55330	P28R
0D6B	N55331	P28B
0D6C	N55332	C150
0D6E	N55334	ST75
0D72	N55338	P28A
0D74	N5534	RV4
0D7E	N5534K	CH7B
0D81	N5534N	C82R
0D83	N5534Q	M20P
0D84	N5534R	BE36
0D8C	N5534Z	PA22
0D8F	N55342	TOBA
0D92	N55345	P28R
0D93	N55346	ST75
0D94	N55347	P28B
0D95	N55348	TAYD
0D96	N55349	C172
0D97	N5535	PA18
0D99	N5535B	C182
0D9D	N5535F	P28A
0DA0	N5535J	PA32
0DA1	N5535K	BL8
0DA3	N5535M	VO10
0DA4	N5535N	C82R
0DA6	N5535Q	M20P
0DA7	N5535R	C172
0DAC	N5535W	BE36
0DAF	N5535Z	PA22
0DB0	N55350	C172
0DB5	N55355	ST75
0DB9	N55359	P28R
0DBC	N5536B	C182
0DBD	N5536C	C170
0DBE	N5536D	BE35
0DBF	N5536E	C172
0DC0	N5536F	P28A
0DC2	N5536H	PA11
0DC3	N5536J	PA32
0DC5	N5536L	BT36
0DC7	N5536N	C82R
0DC8	N5536P	PA24
0DC9	N5536Q	M20P
0DCA	N5536R	C172
0DCD	N5536U	P28A
0DCF	N5536W	P28A
0DD3	N55360	PA32
0DD4	N55361	ST75
0DD6	N55363	PA34
0DDA	N55367	BE36
0DDD	N5537	GLID
0DDE	N5537A	PA20
0DE0	N5537C	T210
0DE5	N5537H	C152
0DE7	N5537K	BL8
0DE9	N5537M	VO10
0DEB	N5537P	PA24
0DED	N5537R	C72R
0DEE	N5537S	C182
0DF1	N5537V	BT36
0DF3	N5537X	BE36
0DF8	N55372	TAMP
0DF9	N55373	ST75
0DFA	N55374	C172
0DFC	N55376	ST75
0DFD	N55377	ST75
0DFE	N55378	PA34
0E00	N5538	GLID
0E01	N5538A	PA20
0E08	N5538H	PA11
0E0A	N5538K	CH7B
0E0E	N5538P	SS2T
0E0F	N5538Q	M20P
0E10	N5538R	C172
0E12	N5538T	C172
0E13	N5538U	P28A
0E16	N5538X	BE33
0E17	N5538Y	T210
0E18	N5538Z	PA22
0E1A	N55381	P28A
0E1B	N55382	ST75
0E1C	N55383	P28A
0E1F	N55386	TAMP
0E20	N55387	PA34
0E24	N5539A	PA20
0E27	N5539D	SS2T
0E29	N5539F	P28A
0E2B	N5539H	PA11
0E30	N5539N	ST75
0E32	N5539Q	M20P
0E34	N5539S	C188
0E36	N5539U	P28A
0E3C	N55390	P28B
0E3E	N55392	P28A
0E3F	N55393	ST75
0E43	N55397	P28A
0E44	N55398	C172
0E46	N554	TB20
0E4A	N554AC	EC25
0E52	N554AL	B412
0E58	N554AS	C210
0E5B	N554AV	GA6C
0E60	N554B	BE35
0E63	N554BC	S22T
0E79	N554C	S108
0E7A	N554CA	CRJ9
0E7B	N554CB	SR22
0E7C	N554CC	C421
0E7F	N554CF	BE9L
0E80	N554CG	C550
0E83	N554CK	SONX
0E84	N554CL	BE95
0E8B	N554CT	C182
0E92	N554D	BE95
0E95	N554DC	PA30
0E96	N554DD	BE55
0E99	N554DG	GLF5
0E9C	N554DK	BL8
0E9D	N554DL	WAIX
0EA3	N554DS	DA40
0EB7	N554EM	MRF1
0EBB	N554ER	C172
0EC4	N554F	H500
0EC9	N554FE	DC10
0ECF	N554FL	P28A
0EDA	N554FX	CL30
0EE6	N554GJ	CRJ7
0EE8	N554GL	R22
0EED	N554GR	C550
0EEE	N554GS	GLST
0EF6	N554H	EN28
0F11	N554JB	A320
0F12	N554JC	PA18
0F15	N554JF	BE95
0F17	N554JH	T6
0F1B	N554JM	E55P
0F20	N554JS	BE95
0F28	N554K	BE95
0F2C	N554KD	PA31
0F43	N554LB	P28B
0F51	N554LR	BE55
0F5C	N554MB	C550
0F5D	N554MC	SR22
0F6C	N554MT	HIGH
0F7A	N554NG	PC12
0F80	N554NN	CRJ9
0F83	N554NR	B06
0F88	N554NW	B752
0F8D	N554PA	P28A
0F98	N554PM	BE36
0F9E	N554PT	GLIM
0F9F	N554PU	P28A
0FA5	N554Q	T6
0FB6	N554QS	C68A
0FBE	N554R	P28A
0FC1	N554RC	L39
0FCC	N554RP	B105
0FD2	N554RV	RV6
0FDA	N554SC	AT6T
0FDB	N554SD	BE95
0FDE	N554SG	CH60
0FE2	N554SL	GLF4
0FF0	N554T	C550
0FF1	N554TA	C172
0FF2	N554TB	BE95
0FFC	N554TM	BE36
1001	N554TS	C560
1002	N554TT	C501
100A	N554UA	B752
101A	N554US	BE95
101E	N554UW	A321
1023	N554VA	LJ45
1030	N554VP	C560
1032	N554VR	PC12
103B	N554W	BE36
103C	N554WA	PC12
1046	N554WL	RAF2
1047	N554WM	C82T
1048	N554WN	B737
1086	N554Z	COL4
10A1	N5540B	RS12
10A4	N5540E	C150
10A6	N5540G	C150
10A8	N5540J	PA32
10A9	N5540K	BL8
10AC	N5540N	ST75
10AF	N5540R	C172
10B2	N5540U	P28A
10B3	N5540V	FB1A
10B4	N5540W	P28A
10B9	N55401	P28A
10BA	N55402	P28A
10BE	N55406	FA62
10BF	N55407	P28A
10C1	N55409	C172
10C7	N5541E	C150
10CE	N5541M	VO10
10D4	N5541T	C172
10D7	N5541W	P28A
10D9	N5541Y	PA23
10DA	N5541Z	PA22
10DB	N55410	ST75
10DD	N55412	ST75
10DF	N55414	PA34
10E1	N55416	P28A
10E4	N55419	P28A
10E7	N5542B	C182
10E8	N5542C	C170
10EB	N5542F	P28A
10F2	N5542N	C82R
10F8	N5542U	P28A
10F9	N5542V	T6
10FA	N5542W	P28A
10FE	N55420	C172
10FF	N55421	P28A
1101	N55423	P28R
1102	N55424	TOBA
1106	N55428	P28A
1109	N5543A	C180
110A	N5543B	C182
110D	N5543E	C172
110E	N5543F	P28A
1112	N5543K	CH7A
1117	N5543Q	M20P
111A	N5543T	TB20
111B	N5543U	P28A
111D	N5543W	P28A
111E	N5543X	SS2P
111F	N5543Y	PA23
1120	N5543Z	PA22
1123	N55432	ST75
1124	N55433	P28A
1127	N55436	ST75
112E	N5544C	C170
1131	N5544F	P32R
1133	N5544H	PA11
1135	N5544K	BL8
1136	N5544L	C152
1137	N5544M	SR20
1138	N5544N	C82R
1139	N5544P	GLST
113B	N5544R	C172
113C	N5544S	C182
113D	N5544T	C82R
113F	N5544V	B26
1143	N5544Z	PA22
1145	N55441	P28B
1149	N55445	P28A
114D	N55449	P28A
114F	N5545A	P210
1150	N5545B	P28R
1151	N5545C	C170
1152	N5545D	BE35
1155	N5545G	C150
1156	N5545H	PA11
1157	N5545J	PA32
1158	N5545K	CH7B
1159	N5545L	TB20
115A	N5545M	VO10
115C	N5545P	PA24
115D	N5545Q	M20P
115E	N5545R	C172
115F	N5545S	C82R
1160	N5545T	C82R
1161	N5545U	P28A
1164	N5545X	SS2P
1165	N5545Y	PA23
1166	N5545Z	PA22
1167	N55450	P28A
1169	N55452	P28A
116E	N55457	C172
116F	N55458	P28A
1171	N5546	BT36
1173	N5546B	C182
1174	N5546C	C170
1175	N5546D	BE35
1176	N5546E	C150
1177	N5546F	BE33
1179	N5546H	C82S
117A	N5546J	C172
117B	N5546K	ACR2
117D	N5546M	VO10
117F	N5546P	PA24
1180	N5546Q	M20P
1181	N5546R	C72R
1182	N5546S	C182
1184	N5546U	P28A
1185	N5546V	SA3
1186	N5546W	P28A
1189	N5546Z	PA18
118A	N55460	P28R
118C	N55462	P28B
118E	N55464	ST75
1199	N5547E	C150
119C	N5547H	PA11
119D	N5547J	TB20
11A3	N5547Q	M20P
11A6	N5547T	C172
11A8	N5547V	C180
11AB	N5547Y	TOBA
11AD	N55470	P28A
11B8	N5548A	G21
11B9	N5548B	PA11
11BB	N5548D	BE35
11BC	N5548E	C150
11BD	N5548F	P28A
11BF	N5548H	TOBA
11C2	N5548L	C152
11C4	N5548N	B25
11C6	N5548Q	TOBA
11C7	N5548R	C172
11C8	N5548S	C182
11CA	N5548U	P28A
11CB	N5548V	P32R
11CF	N5548Z	PA22
11D1	N55481	ST75
11D2	N55482	C172
11D3	N55483	P28A
11D4	N55484	P28R
11D5	N55485	P28R
11DB	N5549A	T210
11DE	N5549D	BE35
11DF	N5549E	C150
11E1	N5549G	C150
11E3	N5549J	PA32
11E4	N5549K	BL8
11E7	N5549N	C82S
11EB	N5549S	C82R
11ED	N5549U	P28A
11EF	N5549W	P28A
11F2	N5549Z	PA22
11FA	N55497	P28A
11FD	N555	ST75
1200	N555AB	GLIM
1201	N555AC	BL8
1205	N555AG	GLID
1206	N555AH	C182
1208	N555AK	LNC2
1209	N555AL	BE30
120A	N555AM	P32R
120B	N555AN	MD82
120F	N555AS	B407
1210	N555AT	PA31
1211	N555AU	P46T
1212	N555AV	SR22
1213	N555AW	BL8
1214	N555AX	PA18
1216	N555AZ	P28A
121A	N555BC	BE35
121B	N555BD	CC19
121C	N555BE	P28R
121D	N555BF	ST75
121E	N555BG	C25A
121F	N555BH	H500
1220	N555BJ	CH7A
1221	N555BK	FA50
1222	N555BL	C180
1224	N555BN	R44
1225	N555BP	P32R
1227	N555BR	ST75
1228	N555BS	RV6
122B	N555BV	LNP4
122C	N555BW	AEST
1231	N555CA	P28A
1232	N555CB	SR22
1233	N555CC	BE23
1234	N555CD	C185
1236	N555CF	GLID
1239	N555CJ	GLID
123C	N555CM	R44
123D	N555CN	RV10
123E	N555CP	C340
1240	N555CR	PA11
1241	N555CS	BE58
1244	N555CV	C172
1245	N555CW	SA30
1247	N555CY	CJ6
1248	N555CZ	C82S
1249	N555D	B47G
124B	N555DB	BE33
124D	N555DD	C77R
124F	N555DF	CL60
1250	N555DG	C208
1252	N555DJ	C182
1253	N555DK	EAGL
1254	N555DL	PA32
1256	N555DN	RV6
125A	N555DS	C550
125B	N555DT	GLEX
125D	N555DV	CLON
125E	N555DW	GLF2
1260	N555DY	M20P
1262	N555E	BE35
1263	N555EA	VP2
1264	N555EB	CL60
1266	N555ED	M20P
1267	N555EE	P28A
126A	N555EH	C560
126B	N555EJ	EA50
126C	N555EK	CH7A
126D	N555EL	R44
126F	N555EN	B47G
1270	N555EP	EPIC
1272	N555ER	C82S
1274	N555ET	BE95
1277	N555EW	PC12
1278	N555EX	E300
127C	N555FA	FOUG
127D	N555FB	RV7
127E	N555FC	C82R
127F	N555FD	E50P
1284	N555FJ	RV8
1285	N555FK	SR22
1286	N555FL	P28A
1287	N555FM	C182
1288	N555FN	C72R
1289	N555FP	R44
128B	N555FR	PA31
128C	N555FS	PA31
1290	N555FW	BE20
1291	N555FX	CL30
1295	N555GA	GLF6
1296	N555GB	PA18
1297	N555GC	M20P
129A	N555GF	GLIM
129B	N555GG	BE35
129C	N555GH	C182
12A0	N555GM	P28B
12A2	N555GP	P46T
12A3	N555GQ	SR20
12A4	N555GR	CC19
12A5	N555GS	F2TH
12A6	N555GT	PA31
12A9	N555GW	C172
12AE	N555HA	P28A
12B0	N555HC	BE36
12B1	N555HD	GL5T
12B2	N555HE	BL8
12B3	N555HF	PA44
12B5	N555HH	AA1
12B6	N555HJ	BE9L
12B9	N555HM	C550
12BB	N555HP	TBM7
12BD	N555HR	M20P
12BE	N555HS	S22T
12C4	N555HY	HUSK
12C6	N555J	ST75
12C7	N555JA	CL35
12C8	N555JB	PA18
12C9	N555JC	C208
12CA	N555JD	C310
12CB	N555JE	BE95
12CC	N555JF	C25B
12CD	N555JG	PA31
12D0	N555JK	CH7B
12D1	N555JL	PA32
12D2	N555JM	P28A
12D3	N555JN	RV6
12D4	N555JP	SR22
12D6	N555JR	COY2
12DA	N555JV	PA46
12DB	N555JW	ST75
12E0	N555KA	BE95
12E1	N555KB	C340
12E2	N555KC	SR20
12E6	N555KG	RV8
12E9	N555KK	C421
12EA	N555KL	P28R
12EB	N555KM	BE35
12F0	N555KS	C182
12F1	N555KT	C560
12F3	N555KV	SRAI
12F8	N555L	PA34
12F9	N555LA	C172
12FC	N555LD	RV7
12FE	N555LF	BE35
12FF	N555LG	C750
1301	N555LJ	LJ24
1303	N555LL	YK55
1304	N555LM	M20P
1306	N555LP	AC11
1309	N555LS	VEZE
130A	N555LT	BE36
130C	N555LV	B737
130E	N555LX	E300
1311	N555M	BE35
1313	N555MB	PA46
1316	N555ME	PC12
1317	N555MF	PA31
1318	N555MG	BE36
1319	N555MH	PA23
131A	N555MJ	GLAS
131C	N555ML	C182
131E	N555MN	SR22
131F	N555MP	GLAS
1325	N555MV	C310
1326	N555MW	GLID
1328	N555MY	C421
1329	N555MZ	GL7T
132B	N555NA	P28A
132C	N555NB	B06
132D	N555NC	DHC4
132F	N555NE	H25B
1331	N555NG	NAVI
1333	N555NJ	C150
1335	N555NL	K100
1337	N555NN	CRJ9
133A	N555NR	E55P
133B	N555NS	PA30
133E	N555NV	C82S
133F	N555NW	B752
1343	N555P	BE95
1344	N555PA	P28A
1345	N555PB	P28A
1346	N555PC	BE17
1347	N555PD	BT36
1349	N555PF	T28
134A	N555PG	C560
134B	N555PH	PC12
134C	N555PJ	PC24
134D	N555PK	J3
134F	N555PM	PA31
1351	N555PP	B06
1353	N555PR	PA23
1355	N555PT	P208
1356	N555PU	P28A
1357	N555PV	GLEX
1358	N555PW	GLID
1359	N555PX	AEST
135B	N555PZ	BE35
135C	N555Q	T6
135E	N555QB	C750
135F	N555QC	S76
136C	N555QR	R44
136D	N555QS	C56X
1375	N555R	BE35
1376	N555RA	BE55
1378	N555RC	T210
1379	N555RD	BE95
137B	N555RF	C421
1380	N555RL	PTS2
1381	N555RM	RV3
1383	N555RP	BE95
1386	N555RS	BE23
1387	N555RT	C551
1388	N555RU	P32R
1389	N555RV	RV3
138D	N555RZ	GLST
1390	N555SB	SR22
1391	N555SC	C182
1393	N555SE	AC11
1395	N555SG	MM16
1397	N555SJ	B06
1398	N555SK	T210
1399	N555SL	C172
139A	N555SM	C172
139B	N555SN	BE35
139C	N555SP	BE55
139D	N555SQ	DC6
139F	N555SS	AC11
13A4	N555SX	SONX
13A9	N555TB	PA32
13AA	N555TC	P28R
13AB	N555TD	LA4
13AD	N555TF	GLF4
13AE	N555TG	BE55
13AF	N555TH	B06
13B0	N555TJ	M20P
13B1	N555TK	BE95
13B2	N555TL	SR22
13B3	N555TM	BE95
13B5	N555TP	P32R
13B6	N555TQ	TBM7
13B8	N555TS	BE35
13B9	N555TT	S22T
13BA	N555TU	RV9
13BC	N555TW	P28A
13BD	N555TX	BE35
13BE	N555TY	C340
13BF	N555TZ	BE9T
13C8	N555UH	R22
13C9	N555UJ	PA34
13CC	N555UM	P28A
13CE	N555UP	R22
13D5	N555UW	P32R
13D9	N555V	BE36
13DA	N555VA	COL4
13DC	N555VC	P28A
13DD	N555VD	EXEC
13DE	N555VE	AC90
13E0	N555VG	SR22
13E2	N555VJ	T6
13E3	N555VK	C182
13E5	N555VM	RV7
13E9	N555VR	LJ45
13EA	N555VS	PA31
13EC	N555VU	R44
13EE	N555VW	BE9L
13F4	N555WB	C172
13F5	N555WC	BE33
13F7	N555WE	BE20
13F9	N555WG	GLID
13FA	N555WH	RS21
13FD	N555WL	C560
13FE	N555WM	P28B
1400	N555WP	C414
1402	N555WR	RV6
1403	N555WS	BE18
1404	N555WT	BE33
1405	N555WU	RV6
1407	N555WW	C77R
1408	N555WX	WAIX
140A	N555WZ	C56X
140D	N555XB	DH82
140F	N555XD	BL8
141D	N555XT	LNP4
1421	N555XX	GLID
1422	N555XY	BE9L
1428	N555YD	BE36
1429	N555YE	EC35
142A	N555YF	RV7
142E	N555YK	YK55
1435	N555YS	C172
1436	N555YT	C82R
143A	N555YX	WAIX
143B	N555YY	SR22
143D	N555Z	PA18
143E	N555ZA	B407
1444	N555ZG	SR22
1449	N555ZM	CC19
1455	N555ZZ	T34P
1458	N5550B	C182
1459	N5550C	C170
145A	N5550D	BE35
145F	N5550J	C172
1461	N5550L	LJ55
1462	N5550M	VO10
1465	N5550Q	M20P
1466	N5550R	C172
1468	N5550T	C172
1469	N5550U	P28A
146B	N5550W	P28A
146D	N5550Y	T210
146E	N5550Z	PA22
1470	N55501	ST75
1471	N55502	P28A
1473	N55504	P28A
1474	N55505	P28A
1475	N55506	P28A
1477	N55508	ST75
1479	N5551	RV8
147C	N5551C	C170
147D	N5551D	P51
147F	N5551F	P28A
1481	N5551H	PA11
1483	N5551K	BL8
1484	N5551L	C152
1487	N5551P	PA24
1488	N5551Q	TB20
148B	N5551T	C172
148C	N5551U	TB20
148D	N5551V	BE36
148E	N5551W	P28A
148F	N5551X	SS2P
1491	N5551Z	PA22
1492	N55510	TB21
1493	N55511	ST75
1495	N55513	P28A
1496	N55514	P28A
1497	N55515	C172
1498	N55516	P28R
1499	N55517	P28B
149C	N5552	BE33
149D	N5552A	BE18
149F	N5552C	C170
14A0	N5552D	BE35
14A1	N5552E	C172
14A3	N5552G	TB20
14A6	N5552K	CH7A
14A8	N5552M	C152
14B0	N5552V	C72R
14B1	N5552W	J3
14B4	N5552Z	PA22
14B5	N55520	ST75
14B6	N55521	C172
14B8	N55523	ST75
14BA	N55525	P28A
14BD	N55528	ST75
14BE	N55529	P28A
14C2	N5553C	T210
14C4	N5553E	C82R
14C8	N5553J	PA32
14CC	N5553N	DG15
14CD	N5553P	TOBA
14CE	N5553Q	M20P
14D1	N5553T	C172
14D2	N5553U	P28A
14D8	N55530	ST75
14DB	N55533	P28R
14DF	N55537	VALI
14E6	N5554D	P28A
14E7	N5554E	P28A
14E9	N5554G	C421
14EA	N5554H	PA11
14EB	N5554J	PA32
14F1	N5554Q	M20P
14F2	N5554R	C172
14F4	N5554T	C172
14F5	N5554U	P28A
14F7	N5554W	P28A
14F8	N5554X	BE33
14FA	N5554Z	PA22
14FD	N55542	P28A
1506	N5555A	P28A
1507	N5555B	C182
1508	N5555C	C170
1509	N5555D	C82S
150C	N5555G	T210
150E	N5555J	PA32
1513	N5555P	J3
1514	N5555Q	C310
1516	N5555S	P210
1519	N5555V	BIPL
151A	N5555W	P28A
151D	N5555Z	PA22
151F	N55551	P28A
1521	N55553	ST75
1524	N55556	ST75
1526	N55558	P28A
1527	N55559	P28A
152C	N5556D	BE35
1530	N5556H	PA11
1531	N5556J	CH7A
1536	N5556P	PA24
1538	N5556R	C172
153B	N5556U	P28A
1543	N55562	ST75
1544	N55563	P28A
1545	N55564	P28A
1546	N55565	P28A
1547	N55566	P28R
1549	N55568	ST75
154A	N55569	ST75
1552	N5557G	C150
1553	N5557H	PA11
1554	N5557J	TAMP
1559	N5557P	PA24
155D	N5557T	C172
155F	N5557V	T6
1561	N5557X	SS2P
1564	N55570	ST75
1569	N55575	ST75
156C	N55578	P28A
156D	N55579	VALI
1570	N5558B	DR1
1572	N5558D	BE35
1573	N5558E	C150
1574	N5558F	P28A
1580	N5558T	C172
158C	N55585	P28A
1594	N5559C	C170
1597	N5559F	P28A
1599	N5559H	PA11
159D	N5559M	VO10
159F	N5559P	PA24
15A3	N5559T	C172
15A6	N5559W	P46T
15A9	N5559Z	TB20
15AD	N55593	P28A
15B0	N55596	P28A
15B1	N55597	P28A
15B3	N55599	P28R
15B4	N556	VEZE
15B6	N556AA	MD82
15B8	N556AC	H500
15BB	N556AF	PC24
15C0	N556AL	BE20
15C1	N556AM	AS50
15C6	N556AS	B738
15C7	N556AT	C206
15C9	N556AV	GA6C
15CA	N556AW	ESCP
15CE	N556B	H269
15D5	N556BG	C560
15E3	N556BW	COY2
15E4	N556BX	COY2
15E7	N556C	HUSK
15E9	N556CB	SF50
15EB	N556CD	SR22
15EC	N556CE	SR22
15EE	N556CG	S22T
15EF	N556CH	GLF6
15F2	N556CL	C337
15F5	N556CP	H500
15F7	N556CR	H500
15F8	N556CS	CL60
1602	N556DB	PTS2
1603	N556DC	DV20
1604	N556DD	CL30
160C	N556DM	ST75
1612	N556DT	A21N
161B	N556EB	T28
1625	N556EM	MRF1
1629	N556ER	C172
1637	N556FE	DC10
163D	N556FL	P28A
1648	N556FX	CL30
164B	N556G	RV10
164C	N556GA	CRUZ
164F	N556GD	GA5C
1654	N556GJ	CRJ7
165C	N556GS	FB1A
1668	N556HD	FA50
167F	N556JB	A320
1689	N556JM	DA40
168D	N556JR	RV4
16A6	N556KR	RV9
16AF	N556L	SR22
16B2	N556LC	SSTL
16B5	N556LF	A119
16B6	N556LG	PTS2
16BB	N556LM	AVID
16BF	N556LR	CAMP
16C0	N556LS	C56X
16C2	N556LU	DA40
16CB	N556MC	BE20
16D0	N556MH	H500
16D2	N556MK	CHR1
16D6	N556MP	M600
16D9	N556MS	ST75
16DA	N556MT	EC35
16DD	N556MW	C550
16E3	N556NB	B407
16E5	N556ND	C172
16EE	N556NN	CRJ9
16F3	N556NT	A21N
16F6	N556NW	B752
16FB	N556PA	P28A
16FC	N556PB	M700
16FD	N556PC	PA44
1700	N556PF	PC12
1706	N556PM	DH8B
170B	N556PS	CHR4
1724	N556QS	C56X
172C	N556R	B06
172D	N556RA	HUSK
1734	N556RH	T33
1738	N556RM	RV9
1740	N556RV	RV6
1741	N556RW	BL8
1748	N556SC	P28A
174D	N556SH	R22
1753	N556SP	C172
1755	N556SR	SR22
175F	N556TA	PA18
176E	N556TR	CJ6
1773	N556TW	SSTL
1774	N556TX	AS50
177F	N556UH	B430
1785	N556UP	SW4
178C	N556UW	A321
17AC	N556WC	C180
17AF	N556WF	C56X
17B1	N556WH	BDOG
17B6	N556WN	B737
180D	N5560	SONX
1813	N5560F	P28A
1815	N5560H	PA11
1816	N5560J	PA32
1819	N5560M	VO10
181F	N5560T	C172
182B	N55605	P28A
182C	N55606	P28A
182E	N55608	P28A
1830	N5561	DH82
1832	N5561B	C182
1833	N5561C	C170
183F	N5561Q	M20P
1842	N5561T	C172
1843	N5561U	BE33
1844	N5561V	PA34
1848	N5561Z	PA22
1849	N55610	P28R
184C	N55613	P28B
1850	N55617	P28A
1851	N55618	P28A
1852	N55619	ST75
1853	N5562	DH82
1854	N5562A	C170
1856	N5562C	C170
1858	N5562E	C150
1859	N5562F	P28A
185A	N5562G	C150
185B	N5562H	PA11
1865	N5562T	C172
1866	N5562U	P28A
186B	N5562Z	BE33
186D	N55621	P28A
186E	N55622	P28A
186F	N55623	P28A
1871	N55625	ST75
1874	N55628	P28R
1876	N5563	O1
1878	N5563B	C182
1882	N5563M	VO10
1884	N5563P	PA24
1885	N5563Q	M20P
1888	N5563T	C172
1889	N5563U	P28A
188E	N5563Z	PA22
1897	N55638	RELI
1898	N55639	ST75
189B	N5564B	C182
189F	N5564F	P28A
18A1	N5564H	PA11
18A9	N5564R	C172
18AB	N5564T	C172
18AC	N5564U	P28A
18B2	N55640	P28A
18B3	N55641	P28R
18B8	N55646	P28A
18BA	N55648	P28A
18BE	N5565B	C182
18C0	N5565D	BE58
18C2	N5565F	P28A
18C5	N5565J	PA32
18CA	N5565P	PA24
18CC	N5565R	C172
18CF	N5565U	P28A
18D2	N5565X	BE33
18D7	N55652	P28R
18DB	N55656	P28A
18DE	N55659	P28A
18DF	N5566	TAIL
18E1	N5566B	C182
18E4	N5566E	C150
18E8	N5566J	PA32
18ED	N5566P	PA24
18EF	N5566R	C172
18F2	N5566U	P28A
18F4	N5566W	P28A
18F7	N5566Z	PA22
18F8	N55660	P28R
18FC	N55664	P28B
18FD	N55665	P28B
18FF	N55667	P28A
1902	N5567	GLID
1905	N5567C	C170
1907	N5567E	C150
190A	N5567H	PA11
190B	N5567J	SR22
190E	N5567M	VO10
1910	N5567P	PA24
1911	N5567Q	M20P
1917	N5567W	P28A
1918	N5567X	SS2P
191B	N55670	ST75
191C	N55671	P28A
191E	N55673	P28A
191F	N55674	BE36
1920	N55675	P28A
1922	N55677	P28R
1923	N55678	P28R
1924	N55679	PA32
1927	N5568B	C182
1928	N5568C	C170
192C	N5568G	C150
1935	N5568R	C172
193A	N5568W	P28A
193E	N55680	P28A
1940	N55682	PA32
1945	N55687	P28A
1948	N5569	GLF5
194C	N5569D	BE35
1955	N5569N	BE36
1956	N5569P	PA24
1957	N5569Q	M20P
1958	N5569R	C172
195B	N5569U	P28A
195D	N5569W	P28A
195E	N5569X	SS2P
1960	N5569Z	PA22
1966	N55695	P28R
1967	N55696	P28R
196A	N55699	P28R
196E	N557AB	LJ60
196F	N557AC	EC25
1970	N557AD	GLF6
1972	N557AF	DA40
1979	N557AN	MD82
197A	N557AP	B350
197D	N557AS	B738
1980	N557AV	A319
1981	N557AW	C150
1985	N557B	CHR1
1989	N557BD	RV9
198F	N557BK	LJ31
1990	N557BL	NG5
1991	N557BM	QIC2
199F	N557CA	SR22
19A0	N557CB	AS50
19A3	N557CE	BE58
19A4	N557CF	AT8T
19A5	N557CG	PA12
19AC	N557CP	H500
19AF	N557CS	C550
19B7	N557D	LEG2
19B9	N557DB	T34P
19BA	N557DC	H269
19C0	N557DJ	C172
19C3	N557DM	BD5
19C4	N557DN	A21N
19C8	N557DS	DA40
19C9	N557DT	P28A
19DC	N557EM	MRF1
19FE	N557FW	B407
19FF	N557FX	CL35
1A03	N557GA	G150
1A04	N557GB	RV14
1A09	N557GG	GLF4
1A0B	N557GJ	CRJ7
1A1F	N557HD	K100
1A29	N557HP	C25A
1A2B	N557HR	HROC
1A36	N557JB	RV6
1A37	N557JC	E550
1A40	N557JM	RV7
1A42	N557JP	DA40
1A4D	N557K	CAMP
1A61	N557KV	RV8
1A66	N557L	LESP
1A72	N557LM	LJ45
1A8A	N557ML	PA46
1A8B	N557MM	C560
1A9C	N557ND	C172
1AA5	N557NN	CRJ9
1AAD	N557NW	B752
1AB2	N557PA	BE60
1AB4	N557PC	PC12
1AB8	N557PG	C560
1ABB	N557PK	FA7X
1ABD	N557PM	PTS1
1AC2	N557PS	DA40
1AC4	N557PU	P28A
1ADB	N557QS	C56X
1AE4	N557RA	RV7
1AE6	N557RC	DHC2
1AEF	N557RM	M20P
1AF3	N557RR	RV4
1AF7	N557RV	RV7
1AFC	N557S	WACF
1AFD	N557SA	BE36
1AFF	N557SC	B350
1B04	N557SH	C150
1B07	N557SL	C680
1B08	N557SM	R44
1B11	N557SW	P28A
1B17	N557TB	TB20
1B1D	N557TH	C150
1B26	N557TS	H500
1B2F	N557UA	B752
1B3C	N557UP	RV7
1B3F	N557US	M20P
1B43	N557UW	A321
1B51	N557VK	BE36
1B59	N557VT	BE36
1B6D	N557WN	B737
1B70	N557WR	RV8
1B79	N557X	RV6
1B82	N557XJ	CL30
1B8E	N557XW	RV7
1B8F	N557XX	S22T
1BC6	N5570B	C182
1BC7	N5570C	C170
1BC8	N5570D	BE35
1BCA	N5570F	P28A
1BCB	N5570G	C150
1BCC	N5570H	PA11
1BD0	N5570M	VO10
1BD1	N5570N	ST75
1BD7	N5570U	P28A
1BDC	N5570Z	PA22
1BDD	N55700	P28R
1BDE	N55701	P28A
1BDF	N55702	P28A
1BE0	N55703	ST75
1BE3	N55706	P28A
1BEA	N5571C	BE33
1BEB	N5571D	BE33
1BEC	N5571E	C150
1BF0	N5571J	PA32
1BF5	N5571P	PA24
1BF6	N5571Q	M20P
1BF7	N5571R	C172
1BFB	N5571V	PA23
1BFD	N5571X	SS2P
1BFF	N5571Z	PA22
1C01	N55711	P28R
1C03	N55713	PA36
1C05	N55715	P28A
1C06	N55716	P28A
1C08	N55718	ST75
1C09	N55719	P28A
1C0C	N5572B	C182
1C0F	N5572E	C150
1C11	N5572G	C150
1C12	N5572H	PA11
1C1C	N5572T	C172
1C1D	N5572U	P28A
1C1E	N5572V	P28A
1C22	N5572Z	PA22
1C23	N55720	T6
1C25	N55722	P28A
1C26	N55723	L5
1C27	N55724	P28A
1C29	N55726	P28R
1C2C	N55729	T6
1C30	N5573C	C170
1C31	N5573D	BE35
1C32	N5573E	C150
1C35	N5573H	PA11
1C39	N5573M	VO10
1C3A	N5573N	ST75
1C3C	N5573Q	M20P
1C42	N5573W	P28A
1C45	N5573Z	PA22
1C46	N55730	P28A
1C47	N55731	P28A
1C4B	N55735	ST75
1C4C	N55736	P28A
1C4E	N55738	P28A
1C4F	N55739	P28A
1C52	N5574B	C182
1C57	N5574G	C150
1C58	N5574H	PA11
1C5E	N5574P	PA24
1C5F	N5574Q	M20P
1C60	N5574R	C172
1C63	N5574U	P28A
1C65	N5574W	P28A
1C6B	N55742	P28A
1C6C	N55743	P28A
1C6F	N55746	P28A
1C75	N5575B	C182
1C77	N5575D	BE35
1C78	N5575E	C150
1C79	N5575F	P28A
1C7B	N5575H	PA11
1C7C	N5575J	PA32
1C83	N5575R	GLID
1C85	N5575T	C172
1C87	N5575V	JACE
1C8B	N5575Z	PA22
1C8E	N55752	PA36
1C90	N55754	J3
1C92	N55756	P28R
1C95	N55759	VALI
1C9B	N5576E	C150
1C9D	N5576G	C150
1C9F	N5576J	P32R
1CA1	N5576L	BD4
1CA4	N5576P	PA24
1CA9	N5576U	P28A
1CAB	N5576W	P28A
1CB0	N55761	P28A
1CB1	N55762	ST75
1CB2	N55763	P28R
1CB8	N55769	P28A
1CBB	N5577B	C182
1CBD	N5577D	BE35
1CBF	N5577F	P28A
1CC3	N5577K	FB1A
1CC7	N5577P	PA24
1CC9	N5577R	HIGH
1CCF	N5577X	FA7X
1CD1	N5577Z	PA22
1CD3	N55771	P28A
1CD8	N55776	PA32
1CDD	N5578A	GLID
1CDE	N5578B	C182
1CE0	N5578D	BE35
1CE1	N5578E	C150
1CE2	N5578F	SUBA
1CE3	N5578G	C150
1CE4	N5578H	PA11
1CE9	N5578N	ST75
1CEB	N5578Q	M20P
1CEC	N5578R	C172
1CED	N5578S	GLID
1CEF	N5578U	P28A
1CF0	N5578V	GLID
1CF1	N5578W	P28A
1CF5	N55780	P28A
1CF8	N55783	P28A
1CF9	N55784	P28A
1CFA	N55785	P28A
1CFB	N55786	P28R
1D01	N5579B	C182
1D02	N5579C	C170
1D04	N5579E	C150
1D06	N5579G	C150
1D08	N5579J	PA32
1D0B	N5579M	BE33
1D0D	N5579P	PA24
1D0F	N5579R	C172
1D12	N5579U	P28A
1D15	N5579X	SS2P
1D16	N5579Y	PA23
1D17	N5579Z	CH70
1D18	N55790	P28A
1D19	N55791	P337
1D1A	N55792	P28A
1D1F	N55797	ST75
1D22	N558	CB1
1D23	N558A	DSA1
1D24	N558AA	MD82
1D25	N558AB	B58T
1D28	N558AE	B06
1D31	N558AP	GLF4
1D34	N558AS	B738
1D35	N558AT	SR22
1D3B	N558AZ	RV9
1D3C	N558B	BE55
1D40	N558BD	CL60
1D42	N558BF	C421
1D44	N558BH	R22
1D4E	N558BT	C310
1D50	N558BV	BE30
1D55	N558C	S108
1D56	N558CA	GLIM
1D57	N558CB	BE95
1D59	N558CD	SR22
1D5C	N558CG	C550
1D63	N558CP	C172
1D71	N558DC	DV20
1D93	N558EM	MRF1
1D9D	N558EX	C208
1DAB	N558FL	P28A
1DB6	N558FX	CL35
1DBD	N558GD	GA5C
1DC2	N558GJ	CRJ7
1DEB	N558J	RV4
1DED	N558JB	A320
1DEE	N558JC	BE36
1DFC	N558JS	RV4
1DFD	N558JT	P46T
1E04	N558K	P28A
1E24	N558LG	CH70
1E29	N558LM	LJ45
1E36	N558M	M20P
1E37	N558MA	BL8
1E38	N558MB	RV6
1E3D	N558MG	E550
1E40	N558MK	BE36
1E48	N558MT	EC35
1E53	N558ND	C172
1E5C	N558NN	CRJ9
1E68	N558P	BE58
1E6A	N558PB	SRAI
1E6F	N558PG	SR22
1E76	N558PP	RV9
1E82	N558QA	C510
1E92	N558QS	C56X
1E9A	N558R	C68A
1E9B	N558RA	LJ55
1E9C	N558RB	RV6
1EA3	N558RJ	LJ55
1EA6	N558RM	M20P
1EAC	N558RT	BE58
1EAE	N558RV	RV8
1EB3	N558S	C320
1EBB	N558SH	R22
1EBF	N558SM	P28A
1EC1	N558SP	LJ75
1EC3	N558SR	SR22
1EC5	N558ST	PA46
1EC8	N558SW	SR20
1ECD	N558TA	T206
1ECF	N558TC	E545
1ED2	N558TF	GLID
1ED4	N558TH	BE58
1ED7	N558TL	LGEZ
1EE2	N558TX	RV8
1EF6	N558US	M20P
1EFA	N558UW	A321
1F17	N558W	R44
1F1E	N558WG	C525
1F1F	N558WH	BE58
1F24	N558WN	B737
1F2C	N558WW	C560
1F3E	N558XP	BE40
1F7B	N5580	J3
1F7D	N5580B	C182
1F80	N5580E	C150
1F85	N5580K	J4
1F87	N5580M	ST75
1F89	N5580P	PA24
1F8A	N5580Q	M20P
1F8B	N5580R	C172
1F8D	N5580T	C172
1F90	N5580W	P28A
1F92	N5580Y	ST75
1F93	N5580Z	PA22
1F95	N55801	P28A
1F96	N55802	P28A
1F97	N55803	P28A
1F98	N55804	P28R
1F99	N55805	ST75
1F9A	N55806	ST75
1F9C	N55808	P28A
1F9D	N55809	ST75
1F9F	N5581A	ST75
1FA2	N5581D	ST75
1FA5	N5581G	C150
1FA7	N5581J	PA32
1FA9	N5581L	CH7A
1FAA	N5581M	C140
1FAB	N5581N	CH7A
1FAE	N5581R	C172
1FB0	N5581T	BE33
1FB3	N5581W	P28A
1FB6	N5581Z	PA22
1FB8	N55811	P28A
1FB9	N55812	B14A
1FBD	N55816	P28A
1FBF	N55818	P28A
1FC0	N55819	P28B
1FC4	N5582C	PA18
1FC8	N5582G	C150
1FC9	N5582H	C150
1FCD	N5582M	PA16
1FCE	N5582N	VALI
1FCF	N5582P	PA24
1FD2	N5582S	C140
1FD4	N5582U	P28A
1FD6	N5582W	P28A
1FD7	N5582X	BE33
1FD8	N5582Y	BOLT
1FD9	N5582Z	PA22
1FDB	N55821	P28R
1FDD	N55823	P28A
1FDE	N55824	P28A
1FE1	N55827	P28A
1FE8	N5583D	BE35
1FEA	N5583F	P28A
1FEC	N5583H	R66
1FED	N5583J	PA32
1FF4	N5583R	CH70
1FF6	N5583T	C172
1FFC	N5583Z	PA22
1FFD	N55830	P28R
2004	N55837	P28R
2005	N55838	P28A
200B	N5584D	BE35
200D	N5584F	P28A
200F	N5584H	PA20
2010	N5584J	PA32
2012	N5584L	RAF2
2015	N5584P	PA24
2016	N5584Q	M20P
2019	N5584T	C172
201C	N5584W	P28A
2020	N55840	P28A
2022	N55842	P28A
202A	N5585	GLF5
202D	N5585C	BD5
2030	N5585F	P28A
2033	N5585J	PA32
2034	N5585K	BE33
2038	N5585P	PA24
2039	N5585Q	M20P
203F	N5585W	P28A
2040	N5585X	PULS
2041	N5585Y	BE33
2042	N5585Z	PA22
2045	N55852	P28A
2047	N55854	P28A
2048	N55855	P28R
2049	N55856	PA32
2050	N5586C	C170
2051	N5586D	P28R
2053	N5586F	P28A
2055	N5586H	PA20
205D	N5586R	C172
205F	N5586T	C172
2060	N5586U	P28A
2061	N5586V	P28A
2065	N5586Z	PA22
2078	N5587H	R66
207B	N5587L	SRAI
207F	N5587Q	M20P
2082	N5587T	C172
2084	N5587V	P28A
2088	N5587Z	PA22
208A	N55871	PA18
208C	N55873	P28A
2092	N55879	P28A
2096	N5588C	C170
2097	N5588D	BE35
2098	N5588E	C150
2099	N5588F	P28A
209A	N5588G	C150
20A0	N5588N	CORS
20A1	N5588P	PA24
20A5	N5588T	C172
20A6	N5588U	P28A
20A8	N5588W	P28A
20AA	N5588Y	PA23
20AB	N5588Z	PA22
20AC	N55880	P28A
20AD	N55881	P28A
20AF	N55883	CAMP
20B0	N55884	P28A
20B1	N55885	P28R
20B4	N55888	PTS1
20BA	N5589D	BE35
20BE	N5589H	PA20
20BF	N5589J	PA18
20C4	N5589P	PA24
20C6	N5589R	C172
20C9	N5589U	P28A
20CA	N5589V	P28A
20CC	N5589X	SS2P
20CE	N5589Z	PA22
20CF	N55890	P28A
20D2	N55893	CRER
20D4	N55895	ST75
20D6	N55897	T6
20D8	N55899	P28A
20DA	N559A	DSA1
20DD	N559AC	SR22
20DF	N559AE	B06
20E3	N559AJ	PC12
20E5	N559AL	BE9L
20E6	N559AM	FA7X
20EB	N559AS	B738
20F6	N559BC	BL8
20F7	N559BD	R44
20FA	N559BG	BE20
20FD	N559BK	SF50
20FF	N559BM	C560
210C	N559C	PA34
210D	N559CA	TBM7
210E	N559CB	CL60
2113	N559CG	AC90
211A	N559CP	B505
211E	N559CT	FDCT
2127	N559DB	C182
2128	N559DC	A600
2129	N559DD	R22
212D	N559DH	PC12
2131	N559DM	H25B
2136	N559DS	DA40
213E	N559E	P28A
214A	N559EM	MRF1
2157	N559F	FH11
215C	N559FE	DC10
2162	N559FL	P28A
216D	N559FX	CL35
2170	N559G	GLF5
2171	N559GA	GA5C
2179	N559GJ	CRJ7
218B	N559HB	PA38
218F	N559HF	C56X
21A4	N559JB	A320
21A8	N559JF	CRER
21B0	N559JP	P32R
21B2	N559JR	C82S
21B3	N559JS	GLST
21B4	N559JT	PA23
21BC	N559KA	B350
21BE	N559KC	FDCT
21C7	N559KM	C82R
21D0	N559KW	RV9
21D5	N559LA	BE30
21D7	N559LC	GLF4
21E0	N559LM	LJ45
21E5	N559LS	FDCT
21ED	N559M	RV7
21EE	N559MA	P32R
21EF	N559MB	P28R
21F0	N559MC	C185
21F7	N559MK	BE76
21F9	N559MM	SR22
21FF	N559MT	B407
2202	N559MW	FOX
220A	N559ND	C172
2213	N559NN	CRJ9
221F	N559P	BOLT
2221	N559PB	PC12
2223	N559PD	RV9
2232	N559PU	P28A
223B	N559QC	S76
2249	N559QS	C68A
2252	N559RA	LJ55
225B	N559RK	R44
2261	N559RR	S22T
2265	N559RV	RV9
226B	N559SA	C25C
226D	N559SC	CRUZ
2270	N559SF	C560
2271	N559SG	AC11
2272	N559SH	AS50
2275	N559SL	BE20
2278	N559SP	C172
227A	N559SR	SR22
2283	N559T	BE95
228C	N559TJ	C82S
2294	N559TS	C208
2295	N559TT	T210
229D	N559UA	B752
22B1	N559UW	A321
22D7	N559WJ	C550
22D8	N559WK	DHC1
22DA	N559WM	S22T
22DB	N559WN	B737
22E0	N559WT	S22T
22E7	N559X	GLF5
2334	N5590B	C182
2338	N5590F	P28A
2339	N5590G	C150
233A	N5590H	PA20
233B	N5590J	PA32
2340	N5590P	PA24
2344	N5590T	C172
2348	N5590X	SS2P
234A	N5590Z	PA22
234B	N55900	ST75
234D	N55902	ST75
234E	N55903	YALE
2350	N55905	P28A
2351	N55906	P28R
2352	N55907	P28R
2353	N55908	PA34
2355	N5591	VJ22
2356	N5591A	BE58
2357	N5591B	C182
2359	N5591D	BE35
235A	N5591E	C150
2364	N5591Q	M20P
2367	N5591T	C172
2369	N5591V	BE36
236A	N5591W	P28A
2371	N55913	P28A
2373	N55915	P28A
2377	N55919	P28R
2378	N5592	CAMP
237A	N5592B	C182
237B	N5592C	C170
237E	N5592F	P28A
237F	N5592G	C150
2381	N5592J	PA32
2386	N5592P	PA24
2387	N5592Q	M20P
2388	N5592R	C172
238C	N5592V	P28A
2396	N55925	P28A
2397	N55926	J3
239D	N5593B	C182
239E	N5593C	BE36
239F	N5593D	BE35
23A2	N5593G	C150
23A3	N5593H	PA20
23A7	N5593M	C170
23A9	N5593P	PA24
23AA	N5593Q	M20P
23AB	N5593R	C172
23B3	N5593Z	PA22
23B4	N55930	P28A
23B6	N55932	P28A
23B7	N55933	P28A
23B8	N55934	P28A
23B9	N55935	P28R
23BC	N55938	P28A
23BD	N55939	RELI
23BF	N5594A	NAVI
23C0	N5594B	C182
23C1	N5594C	BE36
23C5	N5594G	C150
23C7	N5594J	PA32
23CC	N5594P	PA24
23D5	N5594Y	H269
23D7	N55940	P28A
23D8	N55941	T6
23D9	N55942	P28A
23DA	N55943	RELI
23DF	N55948	P28R
23E0	N55949	ST75
23E3	N5595B	C182
23E6	N5595E	C172
23E7	N5595F	P28A
23E8	N5595G	C150
23E9	N5595H	PA20
23ED	N5595M	DHC2
23EF	N5595P	PA24
23F0	N5595Q	M20P
23F1	N5595R	C172
23F5	N5595V	P28R
23FE	N55954	P28A
23FF	N55955	P28A
2401	N55957	PA32
2402	N55958	P28R
2403	N55959	ST75
2406	N5596B	C182
2407	N5596C	C170
2408	N5596D	BE35
2409	N5596E	C150
240C	N5596H	PA20
240D	N5596J	PA32
2414	N5596R	C172
2415	N5596S	GLID
2417	N5596U	P28A
241A	N5596X	SS2P
241C	N5596Z	PA22
241D	N55960	P28R
2420	N55963	LAMA
2422	N55965	P28A
2424	N55967	P28A
2425	N55968	SA10
2426	N55969	ST75
2427	N5597	SA3
2428	N5597A	GLID
2429	N5597B	C182
242A	N5597C	C170
242B	N5597D	BE35
242C	N5597E	C172
242D	N5597F	P28A
242E	N5597G	C150
242F	N5597H	PA20
2437	N5597R	C172
243A	N5597U	P28A
243C	N5597W	P28A
243D	N5597X	SS2P
2440	N55970	PA34
2441	N55971	ST75
2443	N55973	P28A
2445	N55975	P28A
2447	N55977	P28A
2449	N55979	P28R
244A	N5598	P40
2450	N5598F	P28A
2451	N5598G	BT36
2453	N5598J	PA32
245A	N5598R	C172
245D	N5598U	P28A
245F	N5598W	P28A
2460	N5598X	SS2P
2462	N5598Z	PA22
2465	N55982	ST75
2469	N55986	P28R
246B	N55988	P28A
2470	N5599C	C170
2471	N5599D	BE35
2477	N5599K	C182
2478	N5599L	T6
2479	N5599M	TAYB
247B	N5599P	BE33
247C	N5599Q	M20P
2482	N5599W	P28A
2483	N5599X	SS2P
2486	N55990	P28R
2489	N55993	PA36
248C	N55996	P28R
2490	N56	LJ60
2491	N56A	BE20
2494	N56AC	C172
2495	N56AD	PA23
2499	N56AH	SR22
249B	N56AK	T206
249C	N56AL	B06
249D	N56AM	SA30
24A2	N56AS	GLID
24A4	N56AU	DA42
24A6	N56AW	BE95
24A8	N56AY	C25C
24A9	N56AZ	B407
24AA	N56B	BE58
24AB	N56BA	CL30
24AF	N56BE	R44
24B2	N56BH	B06
24B3	N56BJ	CH60
24B5	N56BL	B06
24B6	N56BM	SR22
24B7	N56BN	WW24
24B8	N56BP	P210
24BD	N56BU	GLF5
24BE	N56BV	AA5
24BF	N56BW	BE55
24C2	N56BZ	RV14
24C3	N56C	GLF5
24C4	N56CA	GA6C
24C6	N56CC	PA24
24C7	N56CD	BE20
24C8	N56CE	EAGL
24C9	N56CF	UH1
24CA	N56CG	GLAS
24CB	N56CH	E550
24CC	N56CJ	RV8
24CD	N56CK	C210
24CE	N56CL	FA7X
24CF	N56CM	C310
24D1	N56CP	M20P
24D4	N56CS	P180
24D6	N56CU	T6
24D7	N56CV	AC11
24D9	N56CX	PA46
24DD	N56DA	BE20
24DF	N56DC	T210
24E0	N56DD	PTS1
24E1	N56DE	RV7
24E2	N56DF	PA44
24E3	N56DG	C172
24E4	N56DH	ASTR
24E5	N56DJ	E55P
24E6	N56DK	EN48
24E7	N56DL	PC24
24E8	N56DM	C210
24ED	N56DS	P337
24EE	N56DT	GLID
24F1	N56DW	PA18
24F7	N56EB	P28R
24F8	N56EC	C172
24F9	N56ED	WACF
24FA	N56EE	BE35
24FB	N56EF	DHC1
24FE	N56EJ	CRER
24FF	N56EK	P28A
2500	N56EL	GA5C
2503	N56EP	C172
2505	N56ER	AA5
250B	N56EX	PA18
250E	N56F	C172
2517	N56FJ	PA18
2519	N56FL	GLID
251C	N56FP	DFLY
251E	N56FR	AC50
251F	N56FS	C560
2527	N56G	C170
2529	N56GB	GP3
252A	N56GC	AN2
252B	N56GD	M20P
252D	N56GF	BE56
2532	N56GL	BT36
2533	N56GM	BE20
2535	N56GP	GLID
2537	N56GR	RV8
2538	N56GS	P32R
2539	N56GT	AA5
253E	N56GY	SF50
253F	N56GZ	RV10
2540	N56H	C414
2542	N56HB	M4
2543	N56HC	SA30
2545	N56HE	BE36
2546	N56HF	AT3T
2548	N56HH	R66
2549	N56HJ	RV6
254C	N56HM	BE58
254E	N56HP	SF50
2550	N56HR	RV8
2551	N56HS	LJ55
2552	N56HT	BE9L
2554	N56HV	PC12
2557	N56HY	HUSK
2559	N56J	MOSP
255A	N56JA	LJ35
255B	N56JB	ERCO
255C	N56JC	KR2
255D	N56JD	BOLT
255F	N56JF	LGEZ
2563	N56JK	BE95
2564	N56JL	BE35
2565	N56JM	P28R
2567	N56JP	LJ45
2569	N56JR	C172
256A	N56JS	SA30
256E	N56JW	PC12
2575	N56KC	TAGO
2576	N56KD	DA42
2578	N56KF	FOX
2579	N56KG	C560
257C	N56KK	GLIM
257D	N56KL	PTS1
257E	N56KM	BE58
258B	N56L	GLF4
258C	N56LA	LA4
258D	N56LB	BE95
258E	N56LC	J3
2590	N56LE	LJ45
2592	N56LG	PA18
2593	N56LH	CH7A
2595	N56LK	RV6
2596	N56LL	SR22
2598	N56LN	FA50
259B	N56LR	WAIX
259C	N56LS	GLID
259E	N56LU	C172
25A0	N56LW	C501
25A4	N56M	C182
25A5	N56MA	C340
25A6	N56MB	COL4
25A7	N56MC	SF50
25A9	N56ME	C340
25AB	N56MG	LEG2
25AC	N56MH	PA31
25AD	N56MJ	PA31
25AE	N56MK	C560
25AF	N56ML	KR2
25B0	N56MM	LJ24
25B1	N56MN	SF50
25B4	N56MR	VELO
25B8	N56MV	EC55
25B9	N56MW	C172
25BA	N56MX	CP30
25BE	N56NA	P28A
25C4	N56NG	PC12
25C5	N56NH	HUSK
25C8	N56NL	C82R
25C9	N56NM	T34P
25CF	N56NT	T34P
25D7	N56PA	LJ35
25D8	N56PB	C501
25D9	N56PC	PA31
25DA	N56PD	P46T
25DB	N56PE	SR22
25DC	N56PF	SR22
25DD	N56PG	P32R
25DF	N56PJ	SF50
25E3	N56PN	S22T
25E4	N56PP	RV6
25E6	N56PR	RV8
25E7	N56PS	PTS2
25EA	N56PV	P46T
25EB	N56PW	GA5C
25EE	N56PZ	C510
25EF	N56Q	HUML
25F2	N56QC	CRER
2604	N56QW	C150
260A	N56RB	M20P
260B	N56RC	VP2
260E	N56RF	DHC6
260F	N56RG	SA75
2610	N56RH	VEZE
2611	N56RJ	PC12
2612	N56RK	RV7
2613	N56RL	SREY
2616	N56RP	COZY
2618	N56RR	PIVE
261A	N56RT	H60
261C	N56RV	RV6
261E	N56RX	C421
2621	N56S	P337
2623	N56SB	E50P
2624	N56SC	AA5
2626	N56SE	RV6
2628	N56SG	GLAS
262A	N56SJ	CH7B
262B	N56SK	SS2P
262E	N56SN	GLIM
262F	N56SP	RV6
2631	N56SR	KR2
2632	N56SS	SSTL
2636	N56SW	GLST
2639	N56SZ	GLID
263B	N56TA	HUSK
263C	N56TB	TB20
263D	N56TC	CC11
263E	N56TD	J3
263F	N56TE	C68A
2641	N56TG	BE56
2643	N56TJ	C414
2645	N56TL	BE58
2646	N56TM	BE95
264B	N56TS	QIC2
264E	N56TV	C82R
264F	N56TW	H500
2665	N56UT	GLID
266C	N56V	DC3
266D	N56VA	RV10
2673	N56VG	SR20
267A	N56VP	C320
267E	N56VT	BE35
2680	N56VV	C337
2685	N56W	C190
2686	N56WA	RV3
2687	N56WB	P28A
2689	N56WD	BE36
268A	N56WE	C501
268B	N56WF	TBM7
268C	N56WG	CH7B
268D	N56WH	BE35
2691	N56WM	QIC2
2692	N56WN	BE20
2693	N56WP	C550
2697	N56WT	SAKO
269C	N56WY	PA18
269D	N56WZ	C56X
269E	N56X	CL35
26AC	N56XP	C25M
26CE	N56YY	PTS1
26D9	N56ZJ	GLID
26E8	N56ZZ	T34P
26E9	N560	P337
26EA	N560A	P28A
26EB	N560AA	MD82
26EC	N560AB	C82T
26EE	N560AD	C56X
26F0	N560AF	C560
26F4	N560AK	C56X
26FA	N560AR	C56X
26FB	N560AS	B738
26FE	N560AV	C560
26FF	N560AW	C56X
2704	N560BA	B505
2705	N560BB	BT36
2706	N560BC	C560
270A	N560BG	C56X
270C	N560BJ	C560
270E	N560BL	C560
270F	N560BM	C560
2711	N560BP	C560
2715	N560BT	C56X
271A	N560BY	P28R
271C	N560C	C560
271D	N560CA	P46T
271E	N560CB	C560
271F	N560CC	C560
2720	N560CD	SR22
2721	N560CE	C560
2722	N560CF	C560
2723	N560CG	C56X
2725	N560CJ	C560
272A	N560CP	CHR1
272C	N560CR	C56X
272D	N560CS	C560
2730	N560CV	C560
2732	N560CX	C560
2734	N560CZ	C560
2735	N560D	BE35
2737	N560DB	PA23
2740	N560DL	C560
2743	N560DP	C56X
2745	N560DR	C56X
2746	N560DS	DA40
2747	N560DT	C56X
2756	N560EH	R44
275F	N560ES	C56X
2764	N560EX	C56X
2768	N560FA	C172
276C	N560FE	DC10
276D	N560FF	C560
276F	N560FH	C56X
2772	N560FL	P28A
2775	N560FP	C560
2779	N560FT	C560
277D	N560FX	CL35
2780	N560G	C560
2781	N560GA	GA5C
2782	N560GB	C56X
2787	N560GG	C560
2788	N560GH	C56X
2789	N560GJ	C56X
278A	N560GK	C56X
2790	N560GR	C56X
2791	N560GS	C560
2799	N560H	C560
279A	N560HA	PC12
27A4	N560HL	C560
27A5	N560HM	C560
27A6	N560HN	C56X
27A7	N560HP	P46T
27AA	N560HS	C560
27AF	N560HX	C56X
27B3	N560JA	C550
27B5	N560JC	C56X
27B6	N560JD	C560
27BB	N560JJ	C560
27BC	N560JK	C560
27BE	N560JM	C560
27C0	N560JP	PA46
27C3	N560JS	C560
27C7	N560JW	C560
27CE	N560KC	C56X
27D1	N560KF	FOX
27D3	N560KH	C560
27D5	N560KK	T33
27DC	N560KS	C56X
27E5	N560LA	C56X
27E6	N560LB	AC50
27E8	N560LD	C56X
27EA	N560LF	C560
27F5	N560LS	C56X
27F6	N560LT	C560
27F9	N560LW	C560
27FA	N560LX	C56X
27FE	N560MA	C150
27FF	N560MB	CH7A
2800	N560MC	C56X
2803	N560MF	C560
2804	N560MG	C560
2805	N560MH	C560
2808	N560ML	C56X
2809	N560MM	C560
280B	N560MP	PA46
280D	N560MR	C560
280F	N560MT	BE40
2812	N560MW	RV7
2816	N560N	C56X
281D	N560NG	PC12
281E	N560NH	H60
2823	N560NN	CRJ9
282F	N560P	B06
2830	N560PA	C560
2831	N560PB	C560
2832	N560PC	C152
2833	N560PD	C56X
2834	N560PE	C560
2836	N560PG	C56X
2837	N560PH	C560
2839	N560PK	C560
283D	N560PP	C560
2840	N560PS	C56X
2841	N560PT	DC3
2842	N560PU	P28A
2844	N560PW	C560
2846	N560PY	C560
2859	N560QS	C68A
2861	N560R	GLIM
2868	N560RG	S22T
2869	N560RH	C560
286A	N560RJ	RV6
286B	N560RK	C560
286D	N560RM	C560
2871	N560RR	C560
2873	N560RT	C560
2876	N560RW	C560
287B	N560SA	C560
287D	N560SC	C56X
2880	N560SF	C150
2881	N560SG	C56X
2886	N560SM	C560
288A	N560SR	SR22
288F	N560SW	E120
2893	N560T	BE35
2894	N560TA	C560
2896	N560TC	VELO
2897	N560TD	C56X
2898	N560TE	C56X
2899	N560TF	C560
289B	N560TH	C172
289D	N560TK	C56X
289E	N560TL	C560
28A0	N560TN	C56X
28A3	N560TR	DHC3
28A5	N560TT	C560
28A7	N560TV	C56X
28A8	N560TW	C56X
28A9	N560TX	C560
28AC	N560U	GL5T
28AD	N560UA	B752
28B4	N560UH	H60
28BA	N560UP	SW4
28BD	N560US	F2TH
28C1	N560UW	A321
28C5	N560V	CB1
28C6	N560VA	C56X
28CA	N560VE	C56X
28CB	N560VF	C56X
28D6	N560VS	C56X
28DB	N560VX	C560
28E0	N560WB	C56X
28E2	N560WD	C560
28E3	N560WE	C56X
28E5	N560WG	C56X
28E6	N560WH	C560
28E8	N560WK	DH8C
28E9	N560WL	C56X
28EB	N560WN	B737
28EE	N560WR	C560
28F0	N560WT	C560
28F3	N560WW	C560
28F7	N560X	BE95
28FC	N560XE	C56X
28FE	N560XG	B734
2902	N560XL	C56X
2905	N560XP	H60
290D	N560XX	BDOG
2929	N560Z	C172
292F	N560ZF	C56X
293A	N560ZS	C560
2943	N5600A	C172
2944	N5600B	C182
2946	N5600D	BE18
2947	N5600E	C150
2948	N5600F	ERCO
2949	N5600G	C150
294A	N5600H	PA16
294B	N5600J	MOR2
294C	N5600K	BE35
2950	N5600P	PA24
2951	N5600Q	M20P
2952	N5600R	C172
2955	N5600U	P28A
295B	N56000	PA34
295C	N56001	MOR2
295D	N56002	MOR2
2962	N56007	P28A
2963	N56008	P28A
2964	N56009	T50
2967	N5601B	MOR2
296A	N5601E	C82R
296B	N5601F	O1
296C	N5601G	MOR2
296D	N5601H	PA16
296E	N5601J	C182
2973	N5601P	PA24
2974	N5601Q	M20P
2976	N5601S	BE35
297A	N5601W	P28A
2983	N56015	P28A
2987	N56019	ST75
2989	N5602A	C172
298C	N5602D	GLIM
2994	N5602M	TAYB
2997	N5602Q	M20P
2999	N5602S	BE35
299A	N5602T	C172
299C	N5602V	P32R
299D	N5602W	P28A
29A3	N56022	ST75
29A4	N56023	P28R
29A8	N56027	M20P
29AE	N5603C	C140
29B0	N5603E	C150
29B1	N5603F	ERCO
29B4	N5603J	C182
29B6	N5603L	G2T1
29B9	N5603P	PA24
29BB	N5603R	C172
29C0	N5603W	P28A
29C1	N5603X	SS2P
29C3	N5603Z	PA22
29C5	N56031	P28R
29C6	N56032	P28R
29C7	N56033	P28B
29C9	N56035	BL8
29D3	N5604E	C150
29D7	N5604J	C182
29D8	N5604K	BE35
29DA	N5604M	TAYB
29DD	N5604Q	M20P
29DE	N5604R	C172
29DF	N5604S	BE35
29E0	N5604T	C172
29E1	N5604U	P28A
29E2	N5604V	DG15
29E3	N5604W	P28A
29E8	N56041	P28A
29F1	N5605	DG15
29F8	N5605G	C150
29FA	N5605J	C172
29FF	N5605P	PA24
2A00	N5605Q	M20P
2A01	N5605R	C172
2A02	N5605S	BE35
2A04	N5605U	P28A
2A06	N5605W	P28A
2A08	N5605Y	VEZE
2A0A	N56050	P28R
2A0F	N56055	P28A
2A17	N5606C	C140
2A1A	N5606F	ERCO
2A1B	N5606G	C150
2A20	N5606M	TAYB
2A30	N56063	P28R
2A33	N56066	P28R
2A38	N5607A	C172
2A44	N5607N	RV7
2A48	N5607S	COZY
2A4A	N5607U	P28A
2A4B	N5607V	L5
2A4C	N5607W	P28A
2A4F	N5607Z	PA22
2A5D	N5608C	C140
2A5F	N5608E	C150
2A64	N5608K	BE35
2A6D	N5608U	P28A
2A71	N5608Y	M20P
2A72	N5608Z	PA22
2A76	N56083	P28A
2A78	N56085	P28R
2A79	N56086	P28R
2A7B	N56088	PA32
2A7F	N5609B	C182
2A81	N5609D	BE18
2A87	N5609K	BE35
2A88	N5609L	AA5
2A89	N5609M	TAYB
2A8E	N5609S	BE33
2A90	N5609U	P28A
2A95	N5609Z	PA22
2A96	N56090	P28A
2A9B	N56095	PA32
2A9E	N56098	P28A
2AA0	N561	BE55
2AA1	N561A	B350
2AA2	N561AA	MD82
2AA3	N561AB	LJ60
2AA4	N561AC	EC25
2AAA	N561AJ	H47
2AAF	N561AP	PULS
2AB2	N561AS	R66
2AB3	N561AT	C180
2AB5	N561AV	CRJ2
2ABD	N561BC	C25A
2ABF	N561BE	C56X
2ACF	N561BW	RV7
2AD3	N561C	PA46
2AD6	N561CC	C560
2AD7	N561CD	SR22
2AD9	N561CF	C560
2ADA	N561CG	C560
2AE1	N561CP	SR22
2AEC	N561D	C172
2AED	N561DA	C560
2AF0	N561DD	SREY
2AF1	N561DE	C172
2AF5	N561DJ	S22T
2AF8	N561DM	BL8
2B11	N561EM	MRF1
2B19	N561EV	RV7
2B1E	N561F	C170
2B25	N561FG	C172
2B29	N561FL	P28A
2B34	N561FX	CL35
2B3E	N561GG	PC12
2B40	N561GJ	CRJ7
2B48	N561GS	C150
2B6B	N561JB	A320
2B74	N561JL	C56X
2B7A	N561JS	C560
2B7E	N561JW	RV6
2B87	N561KE	AC80
2B92	N561KR	MT
2B9D	N561LB	GLID
2BB5	N561MA	P28A
2BB8	N561MD	RV9
2BBC	N561MH	P28A
2BBD	N561MJ	EA50
2BC6	N561MT	C560
2BC9	N561MW	P46T
2BD1	N561ND	C172
2BDA	N561NN	CRJ9
2BE6	N561P	BL8
2BE7	N561PA	C560
2BE9	N561PC	PA31
2BEC	N561PF	C560
2BED	N561PG	C56X
2BF0	N561PK	PA32
2BF7	N561PS	H25B
2BF8	N561PT	DC3
2BF9	N561PU	P28A
2C10	N561QS	C68A
2C23	N561RL	GLEX
2C2A	N561RT	S22T
2C2C	N561RV	A139
2C31	N561S	SR22
2C32	N561SA	C172
2C34	N561SC	P28A
2C35	N561SD	BL8
2C37	N561SF	B407
2C38	N561SG	FOX
2C3B	N561SK	GLF5
2C41	N561SR	C560
2C42	N561SS	BE20
2C43	N561ST	PC12
2C46	N561SW	E120
2C4A	N561T	BE35
2C4B	N561TA	PA18
2C4C	N561TB	TBM7
2C58	N561TP	M7
2C71	N561UP	SW4
2C78	N561UW	A321
2C7E	N561VB	RV9
2C95	N561W	DFLY
2C9B	N561WF	C560
2C9D	N561WH	VELO
2CA2	N561WN	B737
2CAE	N561X	T206
2CE0	N561Z	C172
2CF9	N5610	BE35
2CFA	N5610A	C172
2CFE	N5610E	C150
2D00	N5610G	C150
2D01	N5610H	PA16
2D02	N5610J	C182
2D03	N5610K	BE35
2D08	N5610Q	M20P
2D0A	N5610S	BE35
2D0C	N5610U	P28A
2D0F	N5610X	SS2P
2D11	N5610Z	PA22
2D12	N56100	M20P
2D13	N56101	P28R
2D17	N56105	P28A
2D18	N56106	FA62
2D1D	N5611A	C172
2D1E	N5611B	CH70
2D22	N5611F	M20T
2D25	N5611J	C182
2D29	N5611N	ST75
2D2A	N5611P	PA24
2D2B	N5611Q	M20P
2D2C	N5611R	C172
2D2D	N5611S	BE35
2D2E	N5611T	C172
2D32	N5611X	SS2P
2D39	N56114	P28R
2D3A	N56115	P28R
2D3E	N56119	P28A
2D43	N5612D	M20P
2D46	N5612G	C150
2D48	N5612J	C182
2D49	N5612K	BE95
2D4B	N5612M	TAYB
2D4D	N5612P	PA24
2D4E	N5612Q	M20P
2D4F	N5612R	C172
2D51	N5612T	C172
2D54	N5612W	M20P
2D5D	N56125	P28A
2D5E	N56126	P28A
2D61	N56129	P28R
2D65	N5613C	C140
2D67	N5613E	C150
2D6B	N5613J	C182
2D6D	N5613L	G2T1
2D71	N5613Q	M20P
2D74	N5613T	C172
2D75	N5613U	P28A
2D76	N5613V	P28A
2D77	N5613W	P28A
2D78	N5613X	SS2P
2D7A	N5613Z	PA22
2D7B	N56130	P28R
2D7C	N56131	PA32
2D7F	N56134	P28A
2D81	N56136	P28A
2D82	N56137	ST75
2D83	N56138	TAYD
2D8E	N5614J	M20P
2D8F	N5614K	BE35
2D90	N5614L	AA1
2D91	N5614M	TAYB
2D93	N5614P	PA24
2D95	N5614R	BE33
2D96	N5614S	BE35
2D97	N5614T	C172
2D9A	N5614W	P28A
2D9E	N56140	P28A
2D9F	N56141	P28R
2DA1	N56143	PA32
2DA7	N56149	P28A
2DAB	N5615C	T6
2DAD	N5615E	C150
2DAE	N5615F	ERCO
2DAF	N5615G	C172
2DB2	N5615K	BE35
2DB7	N5615Q	M20P
2DB8	N5615R	C172
2DB9	N5615S	BE35
2DBD	N5615W	P28A
2DC0	N5615Z	PA22
2DC6	N56155	PA32
2DC9	N56158	P28A
2DCB	N5616	GLF5
2DCC	N5616A	C172
2DCD	N5616B	C182
2DCF	N5616D	ALGR
2DD0	N5616E	C172
2DD5	N5616K	BE35
2DD8	N5616N	CJ6
2DD9	N5616P	PA24
2DDC	N5616S	BE35
2DDD	N5616T	GC1
2DE2	N5616Y	PA18
2DE4	N56160	P28A
2DE5	N56161	P28A
2DE7	N56163	FAET
2DEE	N5617	GLST
2DF1	N5617C	BE33
2DF7	N5617J	C172
2DFC	N5617P	PA24
2DFD	N5617Q	M20P
2E01	N5617U	P28A
2E03	N5617W	P28A
2E0E	N56177	PA32
2E0F	N56178	ST75
2E14	N5618C	C140
2E1B	N5618K	BE35
2E1D	N5618M	TAYB
2E20	N5618Q	M20P
2E21	N5618R	C172
2E23	N5618T	C172
2E28	N5618Y	T206
2E29	N5618Z	PA22
2E2A	N56180	C180
2E2C	N56182	P28A
2E39	N5619E	C172
2E3C	N5619H	PA16
2E3E	N5619K	BE35
2E40	N5619M	TAYB
2E49	N5619W	P28A
2E4D	N56190	P28A
2E4E	N56191	P28R
2E51	N56194	PA32
2E55	N56198	P28A
2E57	N562	ST75
2E5A	N562AB	C172
2E5B	N562AC	C172
2E5D	N562AE	C172
2E5E	N562AF	C172
2E60	N562AH	AS50
2E61	N562AJ	H47
2E64	N562AM	ST75
2E69	N562AS	B738
2E6A	N562AT	C182
2E6C	N562AV	A320
2E6D	N562AW	TBM7
2E72	N562BA	BL8
2E78	N562BG	M20T
2E7C	N562BL	GLID
2E89	N562BZ	RV12
2E8A	N562C	S108
2E8B	N562CA	PA32
2E8C	N562CB	C82T
2E8E	N562CD	SR22
2E95	N562CL	C560
2E98	N562CP	DHC6
2EA3	N562D	BE36
2EA6	N562DC	P46T
2EA7	N562DD	C56X
2EBC	N562E	RV12
2EBE	N562EB	H60
2EC1	N562EE	E55P
2EC7	N562EL	BE35
2EC8	N562EM	MRF1
2ED5	N562F	C172
2EDA	N562FE	DC10
2EEB	N562FX	CL35
2EEF	N562GA	GLF5
2EF7	N562GJ	CRJ7
2EF8	N562GK	C82S
2EFF	N562GS	C150
2F00	N562GT	CRER
2F0A	N562HC	C56X
2F15	N562HP	P46T
2F20	N562J	WACF
2F22	N562JB	A320
2F2B	N562JL	C56X
2F4E	N562KW	FOX
2F52	N562L	BE18
2F53	N562LA	AT8T
2F56	N562LD	C56X
2F58	N562LF	BE35
2F6C	N562MA	HUSK
2F74	N562MJ	EA50
2F77	N562MM	AA5
2F7D	N562MT	BE40
2F85	N562NA	PC12
2F88	N562ND	C172
2F91	N562NN	CRJ9
2F9D	N562P	C56X
2F9E	N562PA	C25B
2FA0	N562PC	C25A
2FA4	N562PG	SR22
2FA5	N562PH	S22T
2FAF	N562PT	DC3
2FB0	N562PU	P28A
2FB2	N562PW	RV4
2FC7	N562QS	C68A
2FDB	N562RM	C550
2FDD	N562RP	E145
2FE1	N562RT	CL60
2FE9	N562SA	DA40
2FEB	N562SC	HIGH
2FED	N562SE	C510
2FFC	N562SV	C182
3001	N562T	R44
3004	N562TC	P32R
3009	N562TH	GLEX
300D	N562TM	E55P
3011	N562TR	P32T
3012	N562TS	C56X
3014	N562TU	ECHO
301A	N562U	BE55
302F	N562UW	A321
3041	N562VP	C560
3059	N562WN	B737
3065	N562X	SS2T
307E	N562Y	BE36
30B0	N5620	RV7
30B1	N5620A	C172
30B2	N5620B	C182
30B6	N5620F	ERCO
30B7	N5620G	T206
30B9	N5620J	C182
30BF	N5620Q	M20P
30C0	N5620R	C172
30C8	N5620Z	M20P
30C9	N56200	ST75
30CA	N56201	P28A
30CB	N56202	P28A
30CD	N56204	P28A
30CE	N56205	ST75
30D5	N5621B	C182
30D6	N5621C	C140
30DF	N5621M	TAYB
30E2	N5621Q	M20P
30E3	N5621R	C172
30E6	N5621U	P28A
30E8	N5621W	P28A
30E9	N5621X	C182
30EB	N5621Z	BE33
30ED	N56211	P28R
30EF	N56213	PA34
30F0	N56214	ST75
30F2	N56216	FA62
30F6	N5622	C150
30F7	N5622A	C172
30FB	N5622E	C82R
3100	N5622K	P28A
3104	N5622P	PA24
3106	N5622R	C172
3108	N5622T	C182
310D	N5622Y	PA23
3110	N56221	ST75
3113	N56224	P28A
3115	N56226	ST75
3116	N56227	P28A
311A	N5623A	C172
311E	N5623E	C172
3120	N5623G	C172
3123	N5623K	BE35
312C	N5623U	P28A
312D	N5623V	P28R
3131	N5623Z	PA22
3133	N56231	P28B
3135	N56233	ST75
313B	N56239	P28A
313C	N5624	L5
3141	N5624E	C150
3143	N5624G	C172
3146	N5624K	BE35
314A	N5624P	PA24
314B	N5624Q	M20P
314D	N5624S	BE35
3152	N5624X	M20P
3154	N5624Z	PA22
3156	N56241	P28A
315A	N56245	ST75
315C	N56247	P28R
315E	N56249	DHC3
3162	N5625C	C140
3165	N5625F	ERCO
3168	N5625J	MONI
3169	N5625K	BE35
316E	N5625Q	M20P
3170	N5625S	B26
3171	N5625T	G3
3172	N5625U	P28A
3173	N5625V	L5
3174	N5625W	G3
3177	N5625Z	PA22
317E	N56256	P28A
3180	N56258	P28R
3181	N56259	ST75
3183	N5626A	C172
3189	N5626G	C150
318A	N5626H	PA16
318D	N5626L	AA5
318F	N5626N	CH60
3191	N5626Q	M20P
3194	N5626T	C172
3195	N5626U	P28A
3197	N5626W	P28A
3199	N5626Y	B350
319B	N56260	ST75
319F	N56264	P28R
31A3	N56268	FA62
31A7	N5627B	C182
31AB	N5627F	P28A
31AF	N5627K	BE95
31B0	N5627L	AA1
31B5	N5627R	C172
31B6	N5627S	LJ60
31B7	N5627T	C172
31B8	N5627U	P28A
31BA	N5627W	P28A
31C2	N56274	J3
31C3	N56275	ST75
31C5	N56277	PA32
31C9	N5628A	C172
31CB	N5628C	C140
31CE	N5628F	P28A
31CF	N5628G	C150
31D1	N5628J	C182
31D3	N5628L	BE33
31D6	N5628P	PA24
31D8	N5628R	C172
31D9	N5628S	BE95
31DA	N5628T	FOX
31DD	N5628W	P28A
31DE	N5628X	SS2P
31E1	N56280	P28A
31E3	N56282	P28A
31E4	N56283	P28R
31E6	N56285	PA32
31E7	N56286	M5
31E9	N56288	P28A
31EA	N56289	P28A
31EE	N5629C	C140
31F0	N5629E	C150
31F7	N5629M	TAYB
31F8	N5629N	M5
31F9	N5629P	PA24
31FB	N5629R	C172
31FC	N5629S	BE35
31FD	N5629T	C172
3200	N5629W	P28A
3202	N5629Y	PA23
3204	N56290	M5
3206	N56292	ST75
3208	N56294	M5
320C	N56298	M5
320E	N563	SONX
320F	N563A	P28A
3212	N563AC	EC25
3213	N563AD	COY2
3214	N563AE	B06
321B	N563AM	AS50
321D	N563AP	BE36
3220	N563AS	B738
3221	N563AT	TRDO
3224	N563AW	DH8C
3228	N563B	BE35
3229	N563BA	C750
322A	N563BB	GLF5
3242	N563CA	P28R
3244	N563CC	M5
3245	N563CD	SR22
324F	N563CP	SR22
3252	N563CS	C56X
325A	N563D	HUSK
325C	N563DB	BE35
325E	N563DD	TBM7
325F	N563DE	RV7
3263	N563DJ	H60
3268	N563DP	T34P
326B	N563DS	DA40
326C	N563DT	S22T
326F	N563DW	C56X
3274	N563EA	RV10
327F	N563EM	MRF1
328D	N563FA	C172
3297	N563FL	P28A
329D	N563FS	C150
32A2	N563FX	CL35
32A5	N563G	C150
32AE	N563GJ	CRJ7
32B0	N563GL	G2T1
32D9	N563JB	A320
32E5	N563JP	C210
32E9	N563JT	P32R
32F0	N563K	P28A
330A	N563LA	AT5T
3322	N563M	C560
3329	N563MG	PC12
332B	N563MJ	EA50
333E	N563NC	B763
333F	N563ND	C172
3348	N563NN	CRJ9
3354	N563P	PULS
335B	N563PG	SR22
335D	N563PJ	P28R
3364	N563PR	PA32
3366	N563PT	DC3
3367	N563PU	P28A
337E	N563QS	C68A
338F	N563RJ	BE40
3397	N563RS	C172
339A	N563RV	RV8
339F	N563S	GLID
33A1	N563SB	P28R
33A2	N563SC	P28A
33A7	N563SH	GLIM
33AD	N563SP	C172
33AF	N563SR	SR22
33B1	N563ST	RV12
33B4	N563SW	GA5C
33B8	N563T	CH7B
33C4	N563TM	C560
33C8	N563TR	SW4
33D2	N563UA	B752
33DD	N563UM	M5
33E6	N563UW	A321
33FF	N563VW	PA32
340C	N563WJ	CL60
3410	N563WN	B737
3414	N563WS	BL8
3415	N563WT	P46T
3418	N563WW	RV8
342A	N563XP	C56X
3435	N563Y	GLID
3467	N5630	GLID
3468	N5630A	C172
3469	N5630B	C182
346A	N5630C	C140
346B	N5630D	M5
346C	N5630E	C150
346D	N5630F	P28A
3470	N5630J	M20P
3473	N5630M	TAYB
3474	N5630N	M5
3477	N5630R	C172
3478	N5630S	BE35
3479	N5630T	C172
347B	N5630V	M5
3482	N56302	M5
3484	N56304	M5
3487	N56307	PA34
3489	N56309	PA32
348C	N5631B	C182
348F	N5631E	C172
3492	N5631H	PA16
3498	N5631P	PA24
3499	N5631Q	M20P
349A	N5631R	M6
349B	N5631S	BE35
34A2	N5631Z	PA22
34A3	N56310	M5
34A6	N56313	P28R
34A8	N56315	M6
34AA	N56317	P28R
34AC	N56319	VALI
34AE	N5632A	M5
34AF	N5632B	C182
34B3	N5632F	T6
34B6	N5632J	M20P
34B7	N5632K	M20P
34BA	N5632N	M5
34BC	N5632Q	M20P
34BD	N5632R	M5
34BE	N5632S	BE95
34BF	N5632T	C172
34C0	N5632U	P28A
34C1	N5632V	T6
34C4	N5632Y	M20P
34C5	N5632Z	PA22
34C6	N56320	PA32
34CA	N56324	P28A
34CB	N56325	P28A
34CC	N56326	P28R
34CE	N56328	M5
34D2	N5633B	M5
34D3	N5633C	C140
34D8	N5633H	M5
34DB	N5633L	M5
34DC	N5633M	FOX
34DE	N5633P	PA24
34DF	N5633Q	M20P
34E0	N5633R	C172
34E1	N5633S	BE35
34E3	N5633U	M5
34E4	N5633V	P32R
34E5	N5633W	P28A
34E6	N5633X	SS2P
34E8	N5633Z	M5
34E9	N56330	VALI
34EB	N56332	M5
34EE	N56335	M5
34F1	N56338	M20P
34F2	N56339	P28R
3500	N5634N	M20P
3501	N5634P	PA24
3502	N5634Q	BE58
3504	N5634S	M5
3508	N5634W	P28A
350A	N5634Y	M5
350C	N56340	PA32
350F	N56343	P28A
3510	N56344	P28A
3513	N56347	M5
3517	N5635A	C172
3519	N5635C	M20P
351A	N5635D	M5
351B	N5635E	C172
351D	N5635G	BE35
3521	N5635L	AA1
3523	N5635N	M5
3527	N5635S	BE35
352A	N5635V	ST75
352F	N56350	P28A
3532	N56353	P28R
3533	N56354	M20P
3534	N56355	P28R
353A	N5636A	C172
353D	N5636D	M5
353E	N5636E	C150
353F	N5636F	M20P
3540	N5636G	BE58
3541	N5636H	M5
3546	N5636N	M5
3547	N5636P	PA24
3548	N5636Q	M20P
3549	N5636R	C172
354A	N5636S	M5
354B	N5636T	C172
354C	N5636U	P28A
354E	N5636W	P28A
3551	N5636Z	PA22
3552	N56360	VALI
3555	N56363	P28A
3558	N56366	M5
3559	N56367	PA32
355A	N56368	PA34
355C	N5637	GLID
355D	N5637A	C172
3560	N5637D	M5
3563	N5637G	C182
3568	N5637M	M5
356A	N5637P	PA24
356C	N5637R	M5
356D	N5637S	BE35
356E	N5637T	C172
356F	N5637U	P28A
3571	N5637W	M5
3574	N5637Z	PA22
3575	N56370	M5
3576	N56371	M5
3579	N56374	L5
3580	N5638A	C172
3581	N5638B	C182
3584	N5638E	C150
3587	N5638H	PA16
358A	N5638L	M5
358E	N5638Q	M20P
358F	N5638R	C172
3592	N5638U	P28A
3597	N5638Z	M5
3598	N56380	P28A
359A	N56382	P28A
359B	N56383	ST75
359E	N56386	M20P
359F	N56387	P28A
35A5	N5639C	C140
35A6	N5639D	M20P
35A7	N5639E	C150
35AA	N5639H	PA16
35AE	N5639M	M20P
35AF	N5639N	M5
35B0	N5639P	PA24
35B2	N5639R	C172
35B5	N5639U	P28A
35B6	N5639V	O1
35BA	N5639Z	BE36
35BB	N56390	P28R
35BC	N56391	M5
35BD	N56392	PA32
35BE	N56393	M20P
35BF	N56394	M20P
35C0	N56395	M5
35C1	N56396	P28A
35C3	N56398	M5
35C8	N564AB	RV8
35C9	N564AC	SH36
35CF	N564AJ	RV12
35D7	N564AS	B738
35D8	N564AT	C172
35E1	N564BB	K100
35EA	N564BL	NG5
35ED	N564BP	SR22
35EF	N564BR	H25B
35F8	N564C	C185
35F9	N564CA	SR20
3600	N564CH	C56X
3603	N564CL	LJ25
3606	N564CP	E300
3614	N564DC	SONX
361C	N564DL	BE55
3622	N564DS	C150
362A	N564E	DHC6
362E	N564ED	C172
3636	N564EM	MRF1
3648	N564FE	DC10
364E	N564FL	P28A
3659	N564FX	CL35
365C	N564G	C150
3689	N564HV	C56X
3690	N564JB	A320
3696	N564JH	SR22
369A	N564JM	CRER
36A7	N564K	P28A
36C0	N564L	GLID
36C1	N564LA	B763
36CC	N564LM	C206
36D9	N564M	C560
36DA	N564MA	BL8
36DC	N564MC	C172
36EA	N564MS	RV4
36EB	N564MT	DA40
36FF	N564NN	CRJ9
3703	N564NS	GLID
370B	N564P	SF50
370E	N564PC	C82S
3717	N564PM	SR22
371D	N564PT	DC3
371E	N564PU	P28A
372F	N564QL	C150
3735	N564QS	C68A
3740	N564RC	DHC2
3756	N564S	HIGH
3760	N564SK	FOX
376B	N564SW	E120
376C	N564SX	SONX
376F	N564T	BE35
3771	N564TB	C560
3778	N564TJ	C560
377F	N564TR	SW4
3789	N564UA	B752
37C7	N564WN	B737
37CB	N564WS	C56X
37CF	N564WW	B763
381F	N5640A	C172
3820	N5640B	C182
3821	N5640C	M6
3823	N5640E	C172
3825	N5640G	C150
3826	N5640H	PA16
3828	N5640K	BE35
382B	N5640N	M5
382D	N5640Q	M20P
382E	N5640R	C172
3831	N5640U	P28A
3838	N56401	ST75
383B	N56404	P28A
383D	N56406	M5
3840	N56409	FA62
3843	N5641B	C182
3847	N5641F	ERCO
384B	N5641K	M5
384E	N5641N	M5
3851	N5641R	C172
3852	N5641S	BE35
3853	N5641T	C172
3855	N5641V	P28A
3856	N5641W	P28A
3857	N5641X	BE9L
3859	N5641Z	PA22
385A	N56410	P28R
385B	N56411	M20P
385D	N56413	PA34
385E	N56414	P28A
385F	N56415	ST75
3860	N56416	ST75
3862	N56418	P28R
3865	N5642A	C172
3868	N5642D	BE35
386A	N5642F	ERCO
386C	N5642H	PA16
386D	N5642J	C188
3870	N5642M	M5
3874	N5642R	C172
3876	N5642T	M7
3879	N5642W	BE33
387A	N5642X	SS2P
387B	N5642Y	M20P
3881	N56424	M5
3882	N56425	BE33
3883	N56426	ST75
3885	N56428	M5
3886	N56429	P28A
3888	N5643A	C172
388A	N5643C	BE58
3890	N5643J	FOX
3893	N5643M	M5
3894	N5643N	M5
3895	N5643P	PA24
3896	N5643Q	M20P
3898	N5643S	M5
389A	N5643U	P28A
389F	N5643Z	M5
38A1	N56431	ST75
38A2	N56432	P28A
38A3	N56433	M20P
38A5	N56435	ST75
38A6	N56436	ST75
38A8	N56438	M20P
38A9	N56439	ST75
38AC	N5644B	C182
38AD	N5644C	C140
38AE	N5644D	BE18
38B2	N5644H	PA16
38B3	N5644J	M6
38B6	N5644M	M6
38B7	N5644N	M5
38B9	N5644Q	M20P
38BA	N5644R	C172
38BC	N5644T	C172
38BD	N5644U	P28A
38BF	N5644W	M5
38C0	N5644X	SS2P
38C1	N5644Y	PA23
38C2	N5644Z	PA22
38C3	N56440	P28R
38C4	N56441	M20P
38C6	N56443	ST75
38C8	N56445	M6
38C9	N56446	M6
38CA	N56447	M6
38CE	N5645A	C172
38CF	N5645B	C182
38D1	N5645D	M6
38D2	N5645E	C150
38D3	N5645F	P28A
38D5	N5645H	PA16
38DB	N5645P	PA24
38DD	N5645R	C172
38DE	N5645S	BE95
38DF	N5645T	C172
38E0	N5645U	P28A
38E2	N5645W	P28A
38E7	N56451	P28A
38E9	N56453	P28R
38EA	N56454	M6
38EB	N56455	M6
38EE	N56458	M6
38F1	N5646A	C172
38F2	N5646B	C182
38F3	N5646C	C140
38F4	N5646D	M6
38F8	N5646H	PA16
38FA	N5646K	BE35
38FC	N5646M	M6
38FD	N5646N	M5
38FE	N5646P	M20P
38FF	N5646Q	M6
3900	N5646R	C172
3903	N5646U	P28A
3906	N5646X	SS2P
3909	N56460	P28A
390A	N56461	P28R
390B	N56462	M6
390C	N56463	M6
391A	N5647G	C188
391E	N5647L	M5
3921	N5647P	M6
3924	N5647S	M5
3925	N5647T	C172
3926	N5647U	P28A
3928	N5647W	P28A
392F	N56473	P28A
3930	N56474	P28A
3931	N56475	M7
3933	N56477	PA32
3934	N56478	VALI
3937	N5648A	C172
3938	N5648B	C182
393A	N5648D	M6
393B	N5648E	C150
393E	N5648H	PA16
393F	N5648J	C182
3940	N5648K	BE35
3942	N5648M	M6
3943	N5648N	M6
3945	N5648Q	M20P
3946	N5648R	C172
3947	N5648S	BE35
3948	N5648T	C172
394B	N5648W	P28A
3956	N56487	P28A
3957	N56488	P28R
395A	N5649A	C172
395C	N5649C	C140
395D	N5649D	P28A
3960	N5649G	C172
3963	N5649K	BE35
3965	N5649M	M6
3967	N5649P	PA24
3968	N5649Q	M20P
396C	N5649U	P28A
396E	N5649W	P28A
3970	N5649Y	PA23
3971	N5649Z	PA22
3973	N56491	M6
3974	N56492	M6
3978	N56496	P28B
397D	N565A	CRUZ
3981	N565AD	C172
3989	N565AM	AS50
398D	N565AR	C550
398E	N565AS	B738
3997	N565BA	A5
3998	N565BB	E55P
39A4	N565BP	BE95
39A6	N565BR	PC12
39A8	N565BT	PA31
39AF	N565C	P46T
39B1	N565CB	RC3
39B2	N565CC	C500
39B3	N565CD	H25B
39B6	N565CG	LJ60
39B9	N565CK	SR22
39BB	N565CM	T206
39BD	N565CP	SR22
39C4	N565CW	TBM7
39C8	N565D	GY20
39CA	N565DB	T206
39CD	N565DE	PA46
39D4	N565DM	RV6
39D8	N565DR	C25C
39D9	N565DS	DA40
39E1	N565E	K100
39E7	N565EF	D328
39EA	N565EJ	C560
39ED	N565EM	MRF1
39F1	N565ER	C172
39FE	N565FD	FDCT
3A14	N565GA	GA5C
3A1A	N565GG	C550
3A3A	N565HP	P46T
3A3E	N565HT	K100
3A40	N565HV	C56X
3A47	N565JB	A320
3A4D	N565JH	T6
3A51	N565JM	GLF5
3A53	N565JP	C25B
3A56	N565JS	COUR
3A57	N565JT	GLF5
3A5E	N565K	CRUZ
3A63	N565KE	ASTR
3A65	N565KG	C182
3A77	N565L	CRUZ
3A90	N565M	BE36
3A91	N565MA	BL8
3A92	N565MB	RV10
3A93	N565MC	C82S
3A98	N565MH	ST75
3AA2	N565MT	DA40
3AA9	N565N	GLID
3AAD	N565ND	C172
3AB6	N565NN	CRJ9
3AC2	N565P	BE36
3AC3	N565PA	M20T
3AC4	N565PB	C25C
3AC5	N565PC	SF50
3AD4	N565PT	DC3
3ADB	N565Q	COZY
3AEC	N565QS	C56X
3AF5	N565RA	T210
3AF6	N565RB	PA44
3AF7	N565RC	GLST
3B05	N565RS	GL5T
3B08	N565RV	GLF4
3B09	N565RW	RV9
3B0D	N565S	SR22
3B0E	N565SA	C206
3B17	N565SK	H25B
3B1B	N565SP	C172
3B27	N565TA	DHC3
3B32	N565TM	DHC2
3B34	N565TP	P28B
3B38	N565TT	C560
3B3A	N565TV	SR22
3B3B	N565TW	COL4
3B3C	N565TX	S22T
3B3F	N565U	C206
3B40	N565UA	B752
3B58	N565V	C501
3B59	N565VA	B06
3B6A	N565VT	RV9
3B71	N565W	C152
3B7E	N565WN	B737
3B86	N565WW	B763
3BAF	N565YM	C240
3BD7	N5650B	C182
3BD8	N5650C	C140
3BDE	N5650J	M6
3BDF	N5650K	BE35
3BE0	N5650L	BT36
3BE3	N5650P	M6
3BE4	N5650Q	M20P
3BE5	N5650R	M5
3BE6	N5650S	BE23
3BE7	N5650T	C172
3BE8	N5650U	P28A
3BEA	N5650W	M6
3BEE	N56500	M5
3BEF	N56501	M5
3BF4	N56506	P28A
3BFA	N5651B	M5
3BFC	N5651D	M6
3BFD	N5651E	M6
3C02	N5651K	BE35
3C05	N5651N	M6
3C06	N5651P	PA24
3C07	N5651Q	M20P
3C08	N5651R	C172
3C0A	N5651T	C172
3C0C	N5651V	P32R
3C0D	N5651W	P28A
3C11	N56510	PA32
3C12	N56511	C185
3C16	N56515	M6
3C18	N56517	M6
3C19	N56518	M5
3C1A	N56519	PA36
3C1C	N5652A	C172
3C1E	N5652C	M6
3C23	N5652H	M6
3C26	N5652L	BE24
3C27	N5652M	M20P
3C28	N5652N	M6
3C2E	N5652U	M6
3C30	N5652W	M5
3C33	N5652Z	PA22
3C35	N56521	P28A
3C38	N56524	P28A
3C39	N56525	P28A
3C3A	N56526	M6
3C3B	N56527	PA32
3C3C	N56528	M5
3C3D	N56529	PA34
3C40	N5653B	C182
3C41	N5653C	M6
3C43	N5653E	M5
3C44	N5653F	ERCO
3C45	N5653G	C150
3C46	N5653H	PA16
3C48	N5653K	M5
3C49	N5653L	AA1
3C4C	N5653P	PA24
3C4F	N5653S	BE23
3C51	N5653U	P28A
3C52	N5653V	P32R
3C53	N5653W	P28A
3C5D	N56536	P28A
3C5E	N56537	M5
3C60	N56539	BE36
3C63	N5654B	M5
3C64	N5654C	C140
3C65	N5654D	M5
3C68	N5654G	C150
3C6F	N5654P	PA24
3C71	N5654R	C172
3C72	N5654S	BE23
3C73	N5654T	C172
3C74	N5654U	M6
3C75	N5654V	P28A
3C76	N5654W	P28A
3C7A	N56540	PA34
3C7F	N56545	M5
3C81	N56547	M5
3C87	N5655C	C340
3C8B	N5655G	C150
3C8C	N5655H	PA16
3C8D	N5655J	M6
3C8E	N5655K	B350
3C91	N5655N	BE33
3C92	N5655P	M7
3C93	N5655Q	M20P
3C94	N5655R	M5
3C9C	N5655Z	PA22
3C9D	N56550	M5
3C9E	N56551	ST75
3CA2	N56555	M6
3CA4	N56557	M7
3CA5	N56558	P28A
3CA6	N56559	P28A
3CA7	N5656	AVTR
3CA9	N5656B	M7
3CAA	N5656C	C140
3CAC	N5656E	C172
3CAE	N5656G	C150
3CAF	N5656H	PA16
3CB1	N5656K	BE95
3CB2	N5656L	M7
3CB3	N5656M	S22T
3CB5	N5656P	PA24
3CB8	N5656S	M7
3CBC	N5656W	P28A
3CBE	N5656Y	PA18
3CC3	N56563	FA62
3CC4	N56564	J3
3CC7	N56567	PT22
3CCA	N5657	BIPL
3CCB	N5657A	M7
3CD1	N5657G	C150
3CD4	N5657K	BE35
3CD6	N5657M	M20P
3CD9	N5657Q	M20P
3CDA	N5657R	C172
3CDB	N5657S	M5
3CDF	N5657W	P28A
3CE6	N56573	P28A
3CEB	N56578	P28A
3CEE	N5658A	C172
3CEF	N5658B	C182
3CF7	N5658K	M7
3CFA	N5658N	M5
3CFD	N5658R	C172
3D00	N5658U	P28A
3D01	N5658V	P28R
3D03	N5658X	SS2P
3D05	N5658Z	PA22
3D06	N56580	P28A
3D07	N56581	C185
3D08	N56582	P28A
3D09	N56583	M5
3D0A	N56584	P28B
3D0D	N56587	M7
3D11	N5659A	C172
3D12	N5659B	C182
3D13	N5659C	M20P
3D14	N5659D	M7
3D15	N5659E	C150
3D17	N5659G	C150
3D18	N5659H	M7
3D19	N5659J	C182
3D1A	N5659K	M5
3D1B	N5659L	M20P
3D1C	N5659M	M20P
3D1D	N5659N	M5
3D1E	N5659P	M5
3D1F	N5659Q	M20P
3D20	N5659R	M5
3D21	N5659S	BE23
3D22	N5659T	C172
3D25	N5659W	P28A
3D26	N5659X	M7
3D28	N5659Z	M5
3D2A	N56591	P28A
3D2B	N56592	P28A
3D2F	N56596	P28A
3D31	N56598	P28R
3D32	N56599	J4
3D34	N566A	C320
3D35	N566AA	MD83
3D36	N566AB	JAB4
3D3A	N566AF	B06
3D40	N566AM	AS50
3D45	N566AS	B738
3D54	N566BG	C172
3D55	N566BH	R66
3D5E	N566BS	PA30
3D66	N566C	BE36
3D67	N566CA	P212
3D68	N566CB	DA42
3D6A	N566CD	SR20
3D71	N566CL	P28A
3D74	N566CP	C82T
3D77	N566CS	C240
3D7F	N566D	C172
3D89	N566DK	PA16
3D8D	N566DP	SR20
3DA4	N566EM	MRF1
3DA8	N566ER	C172
3DB1	N566F	C56X
3DB5	N566FD	FDCT
3DB6	N566FE	DC10
3DB7	N566FF	TBM9
3DBC	N566FL	P28A
3DC7	N566FX	CL35
3DD1	N566GG	PA46
3DD5	N566GL	PC12
3DDA	N566GR	RS12
3DE6	N566HC	C82R
3DFC	N566J	R66
3DFE	N566JB	A320
3DFF	N566JC	C182
3E03	N566JG	HIGH
3E04	N566JH	RV6
3E11	N566JW	C182
3E15	N566K	P28A
3E16	N566KA	BE30
3E17	N566KB	C560
3E18	N566KC	C25B
3E2F	N566LA	B763
3E34	N566LF	A119
3E43	N566LW	P32R
3E47	N566M	BE35
3E48	N566MA	P46T
3E49	N566MB	R66
3E4C	N566ME	T206
3E59	N566MT	DA40
3E64	N566ND	C172
3E68	N566NH	R44
3E6D	N566NN	CRJ9
3E71	N566NS	GLF6
3E80	N566PG	GLF5
3E8B	N566PT	DC3
3E92	N566Q	C172
3EA3	N566QS	C56X
3EAD	N566RB	R66
3EAE	N566RC	CH75
3EB7	N566RM	C182
3EBF	N566RV	RV6
3EC4	N566S	C310
3EC7	N566SC	CRUZ
3ED2	N566SP	C172
3ED4	N566SR	SR22
3ED9	N566SW	E120
3EDD	N566T	RV9
3EEB	N566TP	P28B
3EEF	N566TT	S22T
3EF2	N566TW	CRER
3EF3	N566TX	T6
3EF6	N566U	RV8
3EF7	N566UA	B752
3F04	N566UP	SW4
3F1F	N566VR	C560
3F34	N566WM	BE33
3F35	N566WN	B737
3F3C	N566WV	RV7
3F3D	N566WW	B763
3F8E	N5660B	C182
3F93	N5660G	C150
3F9B	N5660Q	M20P
3F9C	N5660R	C172
3F9D	N5660S	BE23
3F9E	N5660T	C172
3F9F	N5660U	P28A
3FA1	N5660W	P28A
3FA3	N5660Y	M7
3FA5	N56600	P28B
3FA6	N56601	M5
3FA8	N56603	M5
3FA9	N56604	M7
3FAA	N56605	P28A
3FAC	N56607	P28A
3FAD	N56608	ST75
3FAF	N5661	T18
3FB1	N5661B	C182
3FB4	N5661E	M20P
3FB7	N5661H	PA16
3FB9	N5661K	BE35
3FC1	N5661T	C172
3FC2	N5661U	P28A
3FC5	N5661X	SS2P
3FC6	N5661Y	M7
3FC8	N56610	P28R
3FCA	N56612	P28B
3FCB	N56613	PA32
3FCF	N56617	P28A
3FD1	N56619	P28A
3FD3	N5662A	C172
3FD4	N5662B	C182
3FD7	N5662E	C150
3FDC	N5662K	BE35
3FDE	N5662M	M20P
3FE0	N5662P	PA24
3FE1	N5662Q	M20P
3FE5	N5662U	P28A
3FE6	N5662V	P28A
3FE8	N5662X	SS2P
3FEA	N5662Z	M7
3FED	N56622	M7
3FF5	N5663	S55P
3FF8	N5663C	C140
3FF9	N5663D	M5
3FFA	N5663E	C150
3FFB	N5663F	ERCO
4002	N5663N	M7
4004	N5663Q	M20P
4009	N5663V	P28A
400A	N5663W	P28A
400B	N5663X	SS2P
400C	N5663Y	M7
400F	N56631	PA32
4012	N56634	M20P
4013	N56635	PA36
4015	N56637	P28A
4017	N56639	P28R
4019	N5664A	C172
401A	N5664B	M20P
4020	N5664H	PA16
4022	N5664K	BE35
4025	N5664N	M7
4028	N5664R	M7
402A	N5664T	M5
402C	N5664V	P28A
402F	N5664Y	M7
4033	N56642	VALI
4034	N56643	M5
403A	N56649	P28B
403E	N5665C	C140
4043	N5665H	PA16
4044	N5665J	C188
404B	N5665R	C172
404E	N5665U	P28A
404F	N5665V	P28A
4053	N5665Z	PA22
4055	N56651	P28A
4056	N56652	P28R
4059	N56655	PA32
405A	N56656	ST75
405C	N56658	PA34
405D	N56659	P28A
405F	N5666A	C172
4060	N5666B	C182
4061	N5666C	C140
4062	N5666D	M7
4063	N5666E	C150
406E	N5666R	C172
4071	N5666U	P28A
4072	N5666V	P28R
4076	N5666Z	PA22
407F	N56668	P28R
4081	N5667	DO27
4083	N5667B	C182
4084	N5667C	C140
4085	N5667D	M7
4086	N5667E	C150
4089	N5667H	PA16
408A	N5667J	M5
408B	N5667K	C172
4090	N5667Q	M20P
4091	N5667R	C172
4092	N5667S	BE23
4093	N5667T	M7
4096	N5667W	P28A
4098	N5667Y	M7
409B	N56671	P28B
40A0	N56676	PA34
40A3	N56679	P28A
40A4	N5668	GLID
40A7	N5668C	C140
40A8	N5668D	BE18
40A9	N5668E	C150
40AE	N5668K	BE35
40B2	N5668P	M5
40B3	N5668Q	M20P
40B6	N5668T	C172
40B8	N5668V	PA32
40BD	N56680	P28R
40BE	N56681	M7
40BF	N56682	P28R
40C1	N56684	PA32
40C3	N56686	PA34
40C8	N5669A	C172
40CA	N5669C	C140
40CB	N5669D	M7
40CF	N5669H	PA16
40D0	N5669J	C182
40D1	N5669K	BE35
40D2	N5669L	AA1
40D4	N5669N	M7
40D5	N5669P	M5
40D6	N5669Q	M20P
40D7	N5669R	C172
40D9	N5669T	C172
40DA	N5669U	P28A
40DB	N5669V	P32R
40DD	N5669X	M7
40E0	N56690	P28R
40E1	N56691	P28B
40E4	N56694	P28A
40E5	N56695	P28A
40E6	N56696	P28R
40EA	N567	C310
40ED	N567AB	SR22
40EE	N567AC	SH36
40F0	N567AE	B06
40F1	N567AF	PC12
40F4	N567AJ	RV7
40F7	N567AM	S22T
40FD	N567AT	SR22
40FF	N567AV	A320
4103	N567AZ	ALIG
4107	N567BC	BE35
410C	N567BH	C180
4114	N567BR	C182
4119	N567BW	C525
411D	N567C	S108
411E	N567CA	B752
411F	N567CB	T206
4121	N567CD	YK52
4123	N567CF	HUCO
4125	N567CH	RV7
4128	N567CL	H25C
412B	N567CP	C82T
412E	N567CS	R44
412F	N567CT	SR22
4132	N567CW	C340
4136	N567D	P210
4138	N567DB	C210
4139	N567DC	B407
413A	N567DD	C172
413C	N567DF	C130
413D	N567DG	C182
413E	N567DH	GLST
4142	N567DM	SR22
4147	N567DS	P28R
4148	N567DT	T210
4151	N567EB	BE36
4152	N567EC	CH7A
4159	N567EK	BE35
415B	N567EM	MRF1
415F	N567ER	PC12
4161	N567ET	BE95
416D	N567FE	DC10
417E	N567FX	CL35
4181	N567G	GLF5
4182	N567GA	RV4
4184	N567GC	FOX
4185	N567GD	C320
418A	N567GJ	BE9L
4192	N567GS	C150
419B	N567HA	R44
419C	N567HB	A109
419D	N567HC	SPUP
41AF	N567HW	M7
41B3	N567J	GLST
41B4	N567JA	RV7
41B5	N567JB	C182
41B6	N567JC	G164
41BA	N567JG	T206
41BC	N567JJ	COL4
41BD	N567JK	MU30
41BE	N567JL	BE95
41BF	N567JM	CH70
41C0	N567JN	M20P
41C8	N567JW	C172
41CF	N567KC	PA46
41DD	N576KS	C152
41E5	N567L	PA18
41F3	N567LP	LJ45
41F7	N567LT	AEST
41FE	N567M	BE33
41FF	N567MA	B190
4200	N567MB	COL3
4201	N567MC	C56X
4202	N567MD	BE9L
4205	N567MG	SR22
420A	N567MM	P28A
420F	N567MS	CH75
4210	N567MT	DA40
4212	N567MV	C185
4217	N567N	PA38
4218	N567NA	AS50
421B	N567ND	C172
4224	N567NN	CRJ9
4231	N567PA	SR22
4233	N567PC	CH7B
4236	N567PF	S22T
4239	N567PJ	RV7
423A	N567PK	RV7
423C	N567PM	S22T
4242	N567PT	DC3
4245	N567PW	R44
424D	N567QD	PC12
425A	N567QS	C68A
4263	N567RA	FA10
4264	N567RB	C25B
4266	N567RD	M20P
426B	N567RJ	B407
426E	N567RM	BT36
4273	N567RS	BE35
4276	N567RV	RV6
4277	N567RW	C560
427F	N567SD	C182
4289	N567SP	C172
428B	N567SR	SR22
4290	N567SW	E120
4294	N567T	PRM1
4296	N567TB	TB20
4297	N567TC	PA30
429E	N567TK	BABY
42A0	N567TM	B36T
42A4	N567TR	SW4
42A5	N567TS	BE36
42A9	N567TW	C25B
42AA	N567TX	C182
42AD	N567U	P208
42BB	N567UP	BE35
42C2	N567UW	A321
42C8	N567VB	RV7
42CC	N567VF	UH1
42DF	N567W	BE9L
42E9	N567WK	DH8C
42EC	N567WN	B737
42F4	N567WW	SH36
42F8	N567X	C182
4306	N567XP	BE40
4343	N5670	C182
4345	N5670B	C182
4347	N5670D	M7
434B	N5670H	M5
434C	N5670J	C188
4351	N5670P	PA24
4352	N5670Q	M20P
4355	N5670T	M6
4356	N5670U	P28A
4358	N5670W	M7
4360	N56704	P28A
4361	N56705	P28A
4365	N56709	PA32
4367	N5671A	C172
4368	N5671B	C182
4369	N5671C	C140
436D	N5671G	M5
4371	N5671L	AA1
4377	N5671S	BE23
437C	N5671X	SS2P
437D	N5671Y	PA23
437E	N5671Z	PA22
4382	N56713	P28A
4383	N56714	P28A
4386	N56717	P28A
4388	N56719	ST75
438B	N5672B	C182
4390	N5672G	C150
4391	N5672H	PA16
439A	N5672S	BE23
439C	N5672U	P28A
439D	N5672V	B25
43A2	N56720	P28R
43A5	N56723	P28A
43A6	N56724	P28A
43AA	N56728	PA32
43AC	N5673	WACO
43AE	N5673B	O1
43B1	N5673E	C150
43B6	N5673K	BE35
43BB	N5673Q	M20P
43BE	N5673T	P06T
43C8	N56733	AR6T
43C9	N56734	P28A
43CA	N56735	P28A
43CB	N56736	P28A
43CC	N56737	T6
43D0	N5674A	C172
43D1	N5674B	RV4
43D7	N5674H	PA16
43D9	N5674K	BE95
43DD	N5674P	PA24
43DE	N5674Q	M20P
43DF	N5674R	C172
43E1	N5674T	C172
43E4	N5674W	P28A
43E8	N56740	AR6T
43EF	N56747	ST75
43F1	N56749	ST75
43F3	N5675A	C172
43F4	N5675B	C182
43F9	N5675G	C150
43FA	N5675H	PA16
4400	N5675P	PA24
4401	N5675Q	M20P
4402	N5675R	C172
4404	N5675T	C172
4407	N5675W	P28A
440B	N56750	P28A
440E	N56753	P28B
4410	N56755	PA34
4411	N56756	P28A
4412	N56757	B06
4416	N5676A	C172
4418	N5676C	C140
441C	N5676G	C150
441D	N5676H	PA16
441E	N5676J	C182
441F	N5676K	BE35
4428	N5676U	P28A
4429	N5676V	P28A
442D	N5676Z	PA22
442E	N56760	ST75
4433	N56765	P28B
4434	N56766	PA32
4437	N56769	ST75
443A	N5677B	C182
4441	N5677J	C182
4446	N5677P	PA24
4447	N5677Q	M20P
444B	N5677U	P28A
444C	N5677V	P32R
444D	N5677W	P28A
444E	N5677X	BE36
4452	N56771	P28A
4453	N56772	ST75
4458	N56777	P28A
445B	N5678	AEST
445C	N5678A	C172
445E	N5678C	RV8
4460	N5678E	C150
4464	N5678J	R44
4468	N5678N	C172
4469	N5678P	PA24
446A	N5678Q	M20P
446E	N5678U	P28A
4470	N5678W	P28A
4472	N5678Y	PA18
4473	N5678Z	PA22
4474	N56780	P28R
4476	N56782	PA34
4477	N56783	P28A
447A	N56786	P28A
447C	N56788	P28A
447F	N5679A	C172
4482	N5679D	BE95
4487	N5679J	C182
4488	N5679K	BE35
448C	N5679P	PA24
448D	N5679Q	M20P
448E	N5679R	C172
448F	N5679S	BE23
4490	N5679T	C172
4491	N5679U	P28A
4492	N5679V	P28A
4494	N5679X	SS2P
4497	N56790	P28R
4498	N56791	P28R
449A	N56793	PA32
449F	N56798	P28A
44A7	N568AE	AS50
44AE	N568AM	AS50
44B3	N568AS	B738
44B7	N568AW	DH8C
44BB	N568B	C560
44BD	N568BB	H25B
44C6	N568BL	NG5
44D4	N568C	P32R
44D5	N568CA	DA40
44D7	N568CC	CRJ2
44E2	N568CP	C82T
44E5	N568CS	A109
44F0	N568DC	DV20
44FB	N568DP	FOX
44FD	N568DR	BE30
4505	N568DZ	A359
4512	N568EM	MRF1
452A	N568FL	P28A
4535	N568FX	CL35
4539	N568GA	GLF5
4541	N568GJ	CRJ7
4544	N568GM	RV6
4553	N568HB	T210
455F	N568HP	P46T
456C	N568JB	A320
456D	N568JC	C560
4571	N568JG	GLIM
4574	N568JK	C182
4575	N568JL	GLF5
4583	N568K	P28A
459D	N568LA	B763
45AE	N568LT	RV6
45B8	N568MC	C82S
45C7	N568MT	DA40
45D2	N568ND	C172
45DB	N568NN	CRJ9
45E7	N568P	BE95
45E8	N568PA	LJ35
45E9	N568PB	EA50
45EA	N568PC	C551
45F9	N568PT	DC3
4601	N568QA	C182
4611	N568QS	C56X
462A	N568RS	SR20
462B	N568RT	B350
462D	N568RV	RV8
4631	N568RZ	E50P
4635	N568SC	CRUZ
4640	N568SP	PETR
4642	N568SR	SR22
4644	N568ST	C550
4647	N568SW	E120
4648	N568SX	SONX
464B	N568T	RV7
464D	N568TB	B47G
465D	N568TT	BE20
4660	N568TW	C340
4661	N568TX	C560
4665	N568UA	B752
4679	N568UW	A321
467E	N568VA	GA5C
469C	N568WF	P32R
46A3	N568WN	B737
46C8	N568Y	VELO
46FB	N5680A	C172
46FC	N5680B	C182
46FD	N5680C	C414
46FF	N5680E	C150
4702	N5680H	PA16
4703	N5680J	C188
4704	N5680K	BE35
4705	N5680L	AA1
4708	N5680P	C150
470A	N5680R	C172
470E	N5680V	P28A
470F	N5680W	P28A
4710	N5680X	SS2P
4711	N5680Y	PA18
471C	N56809	P28A
471D	N5681	GLID
4720	N5681C	M20P
472C	N5681Q	M20P
472E	N5681S	BE23
4731	N5681V	P28A
4735	N5681Z	PA22
4741	N5682A	C172
474F	N5682Q	M20P
4754	N5682V	P28A
4755	N5682W	P28A
4756	N5682X	SS2P
475A	N56821	P28A
475B	N56822	P28R
475C	N56823	P28R
475D	N56824	PA32
4760	N56827	FA62
4761	N56828	P28A
4763	N5683	WAIX
4764	N5683A	B738
4766	N5683C	C140
4767	N5683D	L39
476A	N5683G	C150
4773	N5683R	C172
4775	N5683T	C172
4776	N5683U	BL17
4778	N5683W	P28A
477A	N5683Y	PA23
477B	N5683Z	PA22
477D	N56831	P28A
4780	N56834	P28R
4781	N56835	FOX
4782	N56836	PA32
4783	N56837	ST75
4787	N5684A	C172
478E	N5684H	R66
4791	N5684L	RLU1
4794	N5684P	PA24
4796	N5684R	C172
4798	N5684T	C172
479A	N5684V	P28R
479B	N5684W	P28A
479E	N5684Z	PA22
47A2	N56843	ST75
47A3	N56844	PA36
47A6	N56847	P28A
47A8	N56849	P28A
47AC	N5685C	M20P
47B2	N5685J	C188
47B7	N5685P	PA24
47BA	N5685S	BE23
47BB	N5685T	C172
47BC	N5685U	P28A
47BE	N5685W	P28A
47C3	N56851	L5
47C5	N56853	P28R
47CA	N56858	P28A
47CB	N56859	B753
47CC	N5686	F86
47D4	N5686H	R66
47DA	N5686P	PA24
47DB	N5686Q	M20P
47DC	N5686R	C172
47DF	N5686U	P28A
47E0	N5686V	P32R
47E1	N5686W	P28A
47E2	N5686X	SS2P
47E5	N56860	P28A
47E6	N56861	P28A
47E9	N56864	P28R
47EB	N56866	PA32
47EC	N56867	VALI
47F1	N5687B	C182
47F4	N5687E	C150
47F6	N5687G	C150
47FD	N5687P	EN28
47FE	N5687Q	M20P
47FF	N5687R	C172
4800	N5687S	BE23
4801	N5687T	C172
4802	N5687U	M20P
4803	N5687V	PA34
4804	N5687W	EPIC
4805	N5687X	SS2P
4806	N5687Y	PA23
4808	N56870	P28A
480C	N56874	EN28
4810	N56878	ST75
4813	N5688A	C172
4814	N5688B	C182
4815	N5688C	C414
4817	N5688E	C150
4819	N5688G	C150
481A	N5688H	PA16
481B	N5688J	C188
481C	N5688K	BE95
4822	N5688R	EN28
4823	N5688S	BE23
4824	N5688T	EN28
4827	N5688W	P28A
4829	N5688Y	PA23
482D	N56882	VALI
4832	N56887	P28A
4833	N56888	P28R
4834	N56889	P28R
4836	N5689A	C172
483D	N5689H	PA16
483F	N5689K	M20P
4841	N5689M	C162
4842	N5689N	EN28
4843	N5689P	PA24
4844	N5689Q	M20P
4847	N5689T	GLF4
4848	N5689U	P28A
4849	N5689V	P28A
484D	N5689Z	PA22
484F	N56891	ST75
4856	N56898	P28A
4857	N56899	P28A
4859	N569A	C150
4862	N569AJ	SF50
486A	N569AS	B738
486B	N569AT	AVTR
486E	N569AW	DH8C
4871	N569AZ	B763
4873	N569BA	A5
4877	N569BE	CH60
4883	N569BS	PA18
4887	N569BW	FA50
488C	N569CA	B744
488E	N569CC	C550
488F	N569CD	R44
4892	N569CG	C680
4899	N569CP	C82T
489D	N569CT	FDCT
48A6	N569DB	LNCE
48A7	N569DC	GL5T
48AA	N569DF	B505
48B0	N569DM	C25A
48B2	N569DP	RV9
48B5	N569DS	DA40
48B8	N569DV	C82S
48B9	N569DW	R44
48BC	N569DZ	A359
48C2	N569EE	E55P
48C9	N569EM	MRF1
48CD	N569ER	BE9L
48DB	N569FE	DC10
48DD	N569FG	C172
48E1	N569FL	P28A
48EC	N569FX	CL35
48F3	N569GD	GA5C
48F8	N569GJ	CRJ7
48FA	N569GL	RV6
4900	N569GS	C150
4909	N569HA	H25B
4923	N569JB	A320
4924	N569JC	RV10
492D	N569JM	C414
493A	N569K	M20P
4946	N569KM	WAIX
4954	N569LA	AT8T
4956	N569LC	L29
4957	N569LD	PA46
495A	N569LG	C208
495F	N569LM	C560
496B	N569LZ	LGEZ
496C	N569M	M20P
496D	N569MA	K35R
4976	N569MK	C56X
497E	N569MT	DA40
4989	N569ND	C172
498A	N569NE	C152
4992	N569NN	CRJ9
499F	N569PA	C414
49A5	N569PG	SR22
49A8	N569PK	R44
49B0	N569PT	DC3
49B7	N569Q	RV7
49C8	N569QS	C68A
49D8	N569RH	RV7
49D9	N569RJ	C172
49E4	N569RV	RV9
49EA	N569SA	SREY
49EF	N569SF	SR22
49F0	N569SG	C25C
49F7	N569SP	C172
49FA	N569SS	UH1
49FB	N569ST	PA46
49FF	N569SX	SONX
4A02	N569T	B06
4A03	N569TA	C560
4A05	N569TC	RV7
4A0A	N569TH	H60
4A0B	N569TJ	RBEL
4A0D	N569TL	R44
4A12	N569TR	B733
4A14	N569TT	RV12
4A29	N569UP	SW4
4A4D	N569W	WACF
4A4E	N569WA	C208
4A50	N569WC	UH1
4A55	N569WH	PA18
4A5A	N569WN	B737
4AB3	N5690B	EN28
4AB4	N5690C	C414
4AB5	N5690D	EN28
4AB6	N5690E	EN28
4AB9	N5690H	PA16
4ABB	N5690K	EN28
4ABF	N5690P	EN28
4AC1	N5690R	C172
4AC4	N5690U	P28A
4AC6	N5690W	P28A
4AC9	N5690Z	BE58
4ACC	N56902	P28A
4ACE	N56904	M20P
4ACF	N56905	ST75
4AD1	N56907	ST75
4AD3	N56909	ST75
4AD7	N5691C	C140
4ADE	N5691K	BE35
4AE0	N5691M	EN28
4AE2	N5691P	PA24
4AE4	N5691R	C172
4AE6	N5691T	C172
4AEB	N5691Y	EN28
4AEC	N5691Z	PA22
4AF1	N56914	ST75
4AF2	N56915	VALI
4AF5	N56918	P28A
4AF8	N5692A	C172
4AFF	N5692H	PA16
4B00	N5692J	C182
4B01	N5692K	BE35
4B06	N5692Q	M20P
4B09	N5692T	C172
4B0B	N5692V	P32R
4B0C	N5692W	P28A
4B0D	N5692X	M20P
4B0E	N5692Y	EN28
4B15	N56925	TAYD
4B16	N56926	EN28
4B18	N56928	M20P
4B1B	N5693A	B738
4B1D	N5693C	C140
4B21	N5693G	C150
4B22	N5693H	PA16
4B24	N5693K	BE35
4B28	N5693P	PA24
4B29	N5693Q	M20P
4B2B	N5693S	BE23
4B31	N5693Y	PA23
4B32	N5693Z	PA22
4B37	N56934	PA32
4B3A	N56937	P28B
4B3B	N56938	ST75
4B3E	N5694A	EN28
4B3F	N5694B	C182
4B40	N5694C	C140
4B42	N5694E	C150
4B44	N5694G	C150
4B45	N5694H	BE95
4B4A	N5694N	EN28
4B50	N5694U	P28A
4B52	N5694W	P28A
4B57	N56941	ST75
4B58	N56942	P28B
4B59	N56943	P28A
4B5D	N56947	P28A
4B5F	N56949	ST75
4B61	N5695A	EN28
4B62	N5695B	LJ31
4B63	N5695C	M20P
4B65	N5695E	C150
4B66	N5695F	ERCO
4B6A	N5695K	M20P
4B6F	N5695Q	M20P
4B72	N5695T	C172
4B75	N5695W	P28A
4B79	N56950	P28A
4B7A	N56951	P28R
4B80	N56957	P28A
4B81	N56958	P28A
4B84	N5696A	C172
4B85	N5696B	C182
4B8A	N5696G	C150
4B8B	N5696H	PA16
4B8D	N5696K	BE35
4B8F	N5696M	EN28
4B92	N5696Q	M20P
4B93	N5696R	C172
4B94	N5696S	BE23
4B98	N5696W	P28A
4B99	N5696X	SS2P
4BA0	N56964	P28A
4BA2	N56966	P28A
4BA7	N5697A	C172
4BAB	N5697E	C172
4BAF	N5697J	C188
4BB0	N5697K	BE35
4BB2	N5697M	EN28
4BB5	N5697Q	M20P
4BB7	N5697S	M20P
4BBA	N5697V	P28A
4BBB	N5697W	EN28
4BBE	N5697Z	PA22
4BBF	N56970	P28A
4BC1	N56972	P28R
4BC2	N56973	P28B
4BC5	N56976	P28A
4BC6	N56977	P28A
4BC7	N56978	P28A
4BCA	N5698A	C172
4BCB	N5698B	C182
4BCD	N5698D	M20P
4BCE	N5698E	EN28
4BCF	N5698F	ERCO
4BD3	N5698K	BE35
4BD8	N5698Q	M20P
4BD9	N5698R	EN28
4BDA	N5698S	BE23
4BDC	N5698U	P28A
4BDE	N5698W	P28A
4BE7	N56985	VALI
4BE8	N56986	P28A
4BE9	N56987	P28A
4BEA	N56988	P28A
4BEB	N56989	P28A
4BED	N5699A	C172
4BF0	N5699D	EN28
4BF2	N5699F	ERCO
4BF4	N5699H	PA16
4BF6	N5699K	BE35
4BF9	N5699N	EN28
4BFA	N5699P	PA24
4BFC	N5699R	C172
4BFF	N5699U	EN28
4C00	N5699V	EN28
4C03	N5699Y	M20P
4C06	N56991	P28R
4C07	N56992	P28R
4C08	N56993	P28B
4C09	N56994	PA32
4C0C	N56997	P28A
4C0E	N56999	EN28
4C10	N57A	P210
4C11	N57AA	PA24
4C12	A57AB	CL60
4C13	N57AC	MM24
4C17	N57AG	BE9L
4C18	N57AH	HUSK
4C19	N57AJ	GLST
4C1D	N57AN	EXEC
4C1E	N57AP	PA23
4C26	N57AX	RV6
4C28	N57AZ	YK52
4C29	N57B	BE20
4C2C	N57BC	PTS2
4C31	N57BH	AC11
4C32	N57BJ	C550
4C35	N57BM	C172
4C37	N57BP	M20P
4C39	N57BR	C182
4C3D	N57BV	DHC2
4C3E	N57BW	C310
4C41	N57BZ	RV6
4C42	N57C	P337
4C43	N57CA	C185
4C44	N57CB	AEST
4C46	N57CD	UH12
4C47	N57CE	JAB4
4C48	N57CF	BE35
4C49	N57CG	GLIM
4C4B	N57CJ	S22T
4C4C	N57CK	P28R
4C4E	N57CM	RV4
4C4F	N57CN	FOX
4C50	N57CP	M20P
4C51	N57CQ	SRAI
4C56	N57CV	M20P
4C58	N57CX	PA46
4C5B	N57D	EXEC
4C5C	N57DA	C208
4C5D	N57DB	SR22
4C5F	N57DD	ACAM
4C62	N57DG	S22T
4C64	N57DJ	PA30
4C66	N57DL	C182
4C67	N57DM	M20P
4C6B	N57DR	P28A
4C6D	N57DT	T206
4C6F	N57DV	P28R
4C70	N57DW	EVOP
4C72	N57DY	BL17
4C75	N57EA	C77R
4C77	N57EC	C25A
4C78	N57ED	BE35
4C79	N57EE	RV4
4C7A	N57EF	B06
4C7C	N57EH	CC19
4C7D	N57EJ	H25B
4C7E	N57EK	LNP4
4C7F	N57EL	GA5C
4C84	N57ER	AA5
4C85	N57ES	M7
4C88	N57EV	PA11
4C8C	N57EZ	VEZE
4C8D	N57F	BE35
4C8E	N57FA	C72R
4C90	N57FC	C501
4C91	N57FD	UH12
4C92	N57FE	SR22
4C94	N57FG	CAMP
4C98	N57FL	C25A
4C99	N57FM	M20P
4C9A	N57FN	SRAI
4C9E	N57FS	C650
4C9F	N57FT	BE20
4CA2	N57FW	GLIM
4CA3	N57FX	CC11
4CA7	N57GA	BE20
4CA8	N57GB	P28R
4CAA	N57GD	RV4
4CAB	N57GE	GLIM
4CAC	N57GF	BARC
4CAD	N57GG	BE36
4CB0	N57GK	RV8
4CB1	N57GL	G2T1
4CB2	N57GM	P28A
4CB4	N57GP	PA31
4CB6	N57GR	RV6
4CB7	N57GS	MG21
4CB8	N57GT	B350
4CBB	N57GW	BE33
4CBC	N57GX	M20P
4CBF	N57H	C180
4CC2	N57HC	C25C
4CC4	N57HE	C25C
4CC5	N57HF	PA11
4CCD	N57HP	HDJT
4CCF	N57HR	A109
4CD0	N57HS	M7
4CD4	N57HW	AVTR
4CD6	N57HY	HUSK
4CD9	N57JA	P28A
4CDA	N57JB	FURY
4CDD	N57JE	PA23
4CDF	N57JG	SF24
4CE0	N57JH	T18
4CE1	N57JJ	P32R
4CE6	N57JP	LGEZ
4CE9	N57JS	CB1
4CEA	N57JT	BL8
4CED	N57JW	SR20
4CF1	N57K	PTS1
4CF2	N57KA	UH1
4CF3	N57KB	RV9
4CF7	HP-18BLM	C550
4CF8	N57KG	LGEZ
4CF9	N57KH	RV4
4D02	N57KS	DEFI
4D03	N57KT	F900
4D06	N57KW	PC12
4D0A	N57L	GLID
4D0C	N57LB	T206
4D0E	N57LD	TBM7
4D11	N57LG	VEZE
4D12	N57LH	PTS1
4D13	N57LJ	CRER
4D14	N57LK	GLIM
4D19	N57LQ	GLF4
4D1C	N57LT	PC12
4D1E	N57LV	PTS1
4D1F	N57LW	RV7
4D20	N57LX	E300
4D26	N57MC	LJ45
4D28	N57ME	C550
4D2A	N57MG	TBM9
4D2B	N57MH	CL60
4D2C	N57MJ	C182
4D2D	N57MK	FA50
4D2E	N57ML	M20P
4D31	N57MP	BE95
4D32	N57MQ	BE40
4D33	N57MR	T206
4D34	N57MS	PA18
4D35	N57MT	C210
4D37	N57MV	LJ55
4D38	N57MW	C172
4D3C	N57N	C120
4D3D	N57NA	T6
4D43	N57NG	M20T
4D44	N57NH	HUSK
4D50	N57NV	RV9
4D53	N57NY	XL2
4D55	N57P	BE58
4D56	N57PA	BE20
4D57	N57PB	C402
4D58	N57PC	GC1
4D59	N57PD	UH12
4D5C	N57PG	SR22
4D5F	N57PK	PA15
4D60	N57PL	BE36
4D61	N57PM	GLST
4D63	N57PP	GLIM
4D68	N57PU	DA40
4D6A	N57PW	EXPR
4D6B	N57PX	SR20
4D6E	N57Q	ERCO
4D89	N57RB	BE36
4D8B	N57RD	RV12
4D8C	N57RE	RV6
4D8D	N57RF	DHC6
4D8E	N57RG	G150
4D8F	N57RH	GLID
4D90	N57RJ	SR22
4D91	N57RK	PA32
4D97	N57RR	P28R
4D98	N57RS	AC68
4D99	N57RT	BE76
4D9B	N57RV	RV6
4D9C	N57RW	PTS1
4D9F	N57RZ	SR22
4DA2	N57SB	BE36
4DA3	N57SC	E550
4DA4	N57SD	PTS2
4DA7	N57SG	PC12
4DA8	N57SH	LJ75
4DAD	N57SN	FA8X
4DAE	N57SP	BOLT
4DAF	N57SQ	BE20
4DB0	N57SR	GLID
4DB9	N57T	GLID
4DBC	N57TC	BE35
4DBD	N57TD	VEZE
4DBF	N57TF	M20P
4DC0	N57TG	RV7
4DC1	N57TH	ST75
4DC2	N57TJ	SEAW
4DC4	N57TL	CAMP
4DCA	N57TS	LJ31
4DCC	N57TU	SR22
4DCE	N57TW	BT36
4DD2	N57U	UH12
4DD6	N57UD	C172
4DEC	N57VA	BE30
4DED	N57VB	C172
4DF0	N57VE	PAY4
4DF3	N57VH	SA30
4E04	N57W	PTS1
4E05	N57WA	C421
4E06	N57WB	P32R
4E07	N57WC	PTS1
4E08	N57WD	P28A
4E0A	N57WF	SF50
4E0C	N57WH	C172
4E0D	N57WJ	J3
4E0E	N57WK	PA11
4E15	N57WS	PA18
4E16	N57WT	L5
4E19	N57WW	TRDO
4E1B	N57WY	HUSK
4E26	N57XJ	L39
4E28	N57XL	DHC2
4E2B	N57XP	VELO
4E33	N57XX	L39
4E36	N57Y	GLIM
4E4D	N57YY	FOX
4E4F	N57Z	B06
4E67	N57ZZ	BE18
4E68	N570	VELO
4E6C	N570AC	EC25
4E6E	N570AE	AS50
4E75	N570AM	LJ45
4E7A	N570AS	B738
4E7E	N570AW	DH8C
4E98	N570BX	FDCT
4E9B	N570C	PA11
4E9C	N570CA	BL8
4E9D	N570CB	H60
4E9E	N570CC	CRJ2
4E9F	N570CD	SR22
4EA4	N570CJ	C525
4EA9	N570CP	SR22
4EB4	N570D	F2TH
4EB6	N570DB	C82T
4EB7	N570DC	GLF4
4EC0	N570DM	C25A
4EC5	N570DS	C180
4ECC	N570DZ	A359
4ECD	N570E	C310
4ECE	N570EA	EA50
4ED0	N570EC	C82R
4ED3	N570EF	D328
4ED9	N570EM	MRF1
4EEB	N570FE	DC10
4EFC	N570FX	CL35
4F03	N570GD	GA5C
4F06	N570GG	R44
4F18	N570H	R44
4F1A	N570HB	C140
4F26	N570HP	P46T
4F32	N570JA	C172
4F33	N570JB	A320
4F35	N570JD	EAGL
4F42	N570JS	C180
4F43	N570JT	HDJT
4F64	N570LA	B763
4F68	N570LE	B06
4F75	N570LT	C510
4F7D	N570MA	CH7B
4F88	N570MM	CL60
4F8A	N570MP	LJ45
4F8E	N570MT	DA40
4F99	N570ND	C172
4FA2	N570NN	CRJ9
4FB8	N570PK	C680
4FBA	N570PM	P46T
4FC0	N570PT	DC3
4FC1	N570PU	PA44
4FD8	N570QS	C68A
4FE0	N570R	SBR1
4FE9	N570RJ	S22T
4FEB	N570RL	B06
4FF0	N570RR	LJ60
4FF4	N570RV	RV6
4FF9	N570S	BE56
4FFC	N570SC	P28A
5007	N570SP	C172
5009	N570SR	GC1
5012	N570T	BE35
5013	N570TA	A321
5015	N570TC	WAIX
502B	N570U	P28R
502C	N570UA	C150
5039	N570UP	B744
5054	N570VR	DA62
5065	N570WH	R44
506A	N570WN	B737
50C1	N5700	NG5
50C6	N5700E	C172
50C7	N5700F	P28A
50CB	N5700K	BE95
50CD	N5700M	C185
50CF	N5700P	PA24
50D1	N5700R	C172
50D2	N5700S	GLID
50D6	N5700W	P28A
50DB	VT-MXZ	B38M
50DD	N57003	ST75
50DF	N57005	ST75
50E0	N57006	P28A
50E1	N57007	CORS
50E5	N5701A	C172
50EA	N5701F	P28A
50ED	N5701J	M20P
50F0	N5701M	C310
50F3	N5701Q	M20P
50F5	N5701S	GLID
50F7	N5701U	P28A
50F8	N5701V	BE95
50FA	N5701X	C320
5101	N57014	PA32
5103	N57016	B772
5109	N5702B	M20P
510C	N5702E	C150
510D	N5702F	P28A
510E	N5702G	C150
510F	N5702H	PA16
5110	N5702J	T206
5115	N5702P	PA24
5116	N5702Q	M20P
5118	N5702S	GLID
511A	N5702U	P28A
511E	N5702Y	PA23
511F	N5702Z	PA22
5120	N57020	P28A
5132	N5703H	PA16
5134	N5703K	BE35
513B	N5703S	GLID
513D	N5703U	P28A
513F	N5703W	P28A
5141	N5703Y	M20P
5145	N57032	M20P
5146	N57033	M20P
514B	N57038	M20P
514C	N57039	M20P
514E	N5704A	C172
514F	N5704B	C182
5153	N5704F	P28A
5155	N5704H	PA16
515D	N5704R	C172
515E	N5704S	GLID
515F	N5704T	C172
5161	N5704V	BE35
5165	N5704Z	PA22
5174	N5705D	PA22
5176	N5705F	P28A
517B	N5705L	AA1
517E	N5705P	PA24
517F	N5705Q	M20P
5180	N5705R	C172
5181	N5705S	GLID
5184	N5705V	P28A
5185	N5705W	P28A
518E	N57055	M20P
5196	N5706C	C170
5197	N5706D	PA22
519B	N5706H	PA16
519C	N5706J	C206
51A1	N5706P	PA24
51A2	N5706Q	M20P
51A3	N5706R	C182
51A6	N5706U	P28A
51A7	N5706V	BE35
51A8	N5706W	P28A
51AD	N57061	FA62
51B9	N5707C	C170
51BC	N5707F	P28A
51BE	N5707H	PA16
51C0	N5707K	BE35
51C6	N5707R	C172
51DA	N5708A	C172
51DC	N5708C	C170
51DF	N5708F	P28A
51E0	N5708G	C188
51E1	N5708H	PA16
51E2	N5708J	M20P
51E6	N5708N	ST75
51E8	N5708Q	M20P
51EA	N5708S	GLID
51EC	N5708U	P28A
51F1	N5708Z	PA22
51F4	N57082	M20P
51F6	N57084	AC50
51FD	N5709A	C172
51FF	N5709C	C170
5201	N5709E	C150
5204	N5709H	PA16
5208	N5709M	C310
520A	N5709P	PA24
520C	N5709R	C172
520D	N5709S	GLID
520F	N5709U	P28A
5211	N5709W	P28A
5214	N5709Z	PA22
5215	N57090	M20P
521C	N57097	M20P
521F	N571	FB1A
522E	N571AP	C560
5232	N571AT	PA44
5235	N571AW	BE30
5238	N571AZ	B763
5239	N571B	BE35
523A	N571BA	A5
523B	N571BB	C25B
523C	N571BC	C56X
5245	N571BM	BL8
5252	N571C	C180
5254	N571CB	F900
5256	N571CD	SR22
525A	N571CH	G280
525B	N571CJ	B06
5260	N571CP	T6
5262	N571CR	P28B
526B	N571D	BE55
526C	N571DA	B407
526E	N571DC	AC50
526F	N571DD	HUSK
5271	N571DF	RV9
5277	N571DM	CH7B
527C	N571DS	DA40
527D	N571DT	C82S
5280	N571DW	C208
5283	N571DZ	A359
5290	N571EM	MRF1
52A2	N571FE	DC10
52A8	N571FL	P28A
52B3	N571FX	CL35
52BA	N571GD	GA5C
52BF	N571GJ	CRJ7
52CB	N571GW	BEAR
52CF	N571H	RV7
52D7	N571HH	H500
52E8	N571J	GLIM
52E9	N571JA	C172
52EA	N571JB	A320
52EB	N571JC	S22T
52FD	N571JW	HIGH
530B	N571KK	T33
530C	N571KL	SW4
5320	N571LF	CH7B
5325	N571LL	M20T
5334	N571MA	K35R
5336	N571MC	C82T
5337	N571MD	P28A
533F	N571MM	SA50
5345	N571MT	DA40
5350	N571ND	C172
5359	N571NN	CRJ9
5368	N571PC	PC12
5377	N571PT	DC3
5378	N571PU	PA44
5381	N571QC	S76
538F	N571QS	C68A
5394	N571QX	EN48
539D	N571RF	H60
53A3	N571RM	BE20
53AB	N571RV	RV8
53B1	N571SA	BL8
53B2	N571SB	C25A
53B3	N571SC	C208
53B8	N571SH	AS50
53BA	N571SK	S22T
53BE	N571SP	C172
53C1	N571SS	E55P
53C9	N571T	BE35
53CA	N571TA	S22T
53CC	N571TC	C206
53D5	N571TM	BE20
53DF	N571TX	BE33
53EB	N571UJ	MT
541A	N571WF	G200
545F	N571Z	RV12
5478	N5710	B47G
547A	N5710B	C182
547E	N5710F	P28A
5485	N5710N	ST75
5487	N5710Q	M20P
5489	N5710S	GLID
548A	N5710T	C172
548C	N5710V	BE35
5490	N5710Z	PA22
549D	N5711B	C182
549E	N5711C	C170
549F	N5711D	PA22
54A0	N5711E	C150
54A1	N5711F	P28A
54A3	N5711H	M20P
54A7	N5711M	C310
54AC	N5711S	GLID
54AD	N5711T	C172
54AE	N5711U	P28A
54AF	N5711V	BE95
54B5	N57111	B752
54B6	N57112	AC90
54BD	N57119	H60
54C1	N5712C	C170
54C2	N5712D	PA22
54C4	N5712F	P28A
54C7	N5712J	C206
54CA	N5712M	C310
54CC	N5712P	PA24
54CD	N5712Q	M20P
54CE	N5712R	C172
54CF	N5712S	GLID
54D0	N5712T	C172
54D1	N5712U	P28A
54D6	N5712Z	PA22
54D7	N57120	ST75
54DA	N57123	DC3
54E4	N5713C	C170
54E7	N5713F	P28A
54EB	N5713K	BE35
54F1	N5713R	C172
54F3	N5713T	C172
54F8	N5713Y	PA23
54FD	N57133	T206
54FF	N57135	M20P
5505	N5714A	C172
5507	N5714C	M20P
5508	N5714D	PA22
550A	N5714F	P28A
550E	N5714K	BE35
5517	N5714U	P28A
551A	N5714X	C320
551B	N5714Y	PA23
551C	N5714Z	PA22
551F	N57142	M20P
5523	N57146	M20P
5528	N5715A	C172
552B	N5715D	PA22
552E	N5715G	C150
552F	N5715H	PA16
5531	N5715K	BE35
5533	N5715M	C310
5537	N5715R	C182
5538	N5715S	GLID
5539	N5715T	C172
553C	N5715W	P28A
553F	N5715Z	PA22
554B	N5716A	C172
554C	N5716B	C182
554E	N5716D	PA22
554F	N5716E	C150
5550	N5716F	P32R
5552	N5716H	PA16
5553	N5716J	C206
5559	N5716Q	M20P
555A	N5716R	C172
555B	N5716S	GLID
555D	N5716U	P28A
5560	N5716X	C320
5562	N5716Z	PA18
5568	N57165	B06
5571	N5717D	PA22
5572	N5717E	C150
5573	N5717F	P28A
5577	N5717K	M20P
557B	N5717P	PA24
5581	N5717V	BE35
5582	N5717W	P28A
5585	N5717Z	PA22
5589	N57173	ST75
5592	N5718B	C182
5594	N5718D	PA22
5597	N5718G	C150
559D	N5718N	J3
55A1	N5718S	GLID
55A2	N5718T	C172
55A9	N57180	C180
55AC	N57183	M20P
55B0	N57187	M20P
55B4	N5719A	C172
55B5	N5719B	C182
55BB	N5719H	PA16
55BD	N5719K	BE35
55C0	N5719N	J3
55C1	N5719P	PA24
55C2	N5719Q	M20P
55C3	N5719R	C172
55C6	N5719U	P28A
55C7	N5719V	BE35
55C8	N5719W	P28A
55D1	N57195	M20P
55DA	N572AC	EC25
55E0	N572AJ	AJET
55E9	N572AT	PA44
55F0	N572B	BU31
55FE	N572BP	BE33
5600	N572BR	FOX
5609	N572C	S108
560D	N572CD	SR22
5611	N572CH	BE30
5617	N572CP	SR22
561A	N572CS	CL60
561B	N572CT	SR22
5623	N572DA	B407
5629	N572DG	SF50
562A	N572DH	C182
5633	N572DS	DA40
5634	N572DT	A21N
563A	N572DZ	A359
563B	N572E	C185
5647	N572EM	MRF1
5659	N572FE	MD11
565B	N572FG	BE36
565F	N572FL	P28A
566A	N572FX	CL35
566D	N572G	C182
5671	N572GD	GA5C
5675	N572GH	C208
5676	N572GJ	CRJ7
567F	N572GT	SR22
5682	N572GW	SW4
5686	N572H	EN28
56A0	N572JA	C172
56A1	N572JB	T28
56B0	N572JS	H25B
56B8	N572K	P28A
56D2	N572LA	B763
56E2	N572LS	RV12
56EB	N572MA	K35R
5703	N572N	E55P
5707	N572ND	C172
5710	N572NN	CRJ9
571F	N572PC	PC12
572E	N572PT	DC3
5746	N572QS	C68A
5757	N572RJ	C172
5768	N572SA	H500
576A	N572SC	CRUZ
576E	N572SG	K100
5775	N572SP	C172
5780	N572T	BE35
5782	N572TB	WACF
578C	N572TM	BE36
578D	N572TN	AC80
5792	N572TT	SR22
57A7	N572UP	B744
57AE	N572UW	A321
57B3	N572VA	C525
57CB	N572W	P28A
57CE	N572WC	BE20
5832	N5720C	C170
5834	N5720E	C172
5835	N5720F	P28A
5839	N5720K	BE35
583B	N5720M	C310
583D	N5720P	PA24
5841	N5720T	C172
5844	N5720W	P28A
5847	N5720Z	PA22
585D	N5721L	AA1
585E	N5721M	C310
5861	N5721Q	M20P
5864	N5721T	C172
5867	N5721W	P28A
5877	N5722B	C182
5878	N5722C	C170
587A	N5722E	C150
587B	N5722F	P28A
587C	N5722G	C150
587F	N5722K	BE95
5883	N5722P	PA24
5884	N5722Q	M20P
5885	N5722R	C172
5886	N5722S	GLID
5888	N5722U	P28A
5889	N5722V	BE35
5895	N57227	M20P
5897	N57229	M20P
5899	N5723A	C172
589B	N5723C	C170
589E	N5723F	P28A
58A0	N5723H	PA16
58A1	N5723J	C182
58A3	N5723L	AA1
58A8	N5723R	C172
58A9	N5723S	GLID
58AA	N5723T	C172
58AD	N5723W	P28A
58B3	N57232	M20P
58C0	N5724E	C150
58C1	N5724F	P28A
58C2	N5724G	C150
58C3	N5724H	PA16
58C4	N5724J	C172
58C6	N5724L	CH70
58CB	N5724R	C172
58CF	N5724V	BE35
58D5	N57241	M20P
58DB	N57247	M20P
58DE	N5725	GLID
58E1	N5725C	L5
58E6	N5725H	PA16
58EC	N5725P	PA24
58ED	N5725Q	M20P
58F2	N5725V	BE35
58F3	N5725W	P28A
58F6	N5725Z	PA22
58F7	N57250	ST75
58F9	N57252	M20P
58FE	N57257	M20P
5900	N57259	M20P
5903	N5726B	C182
5904	N5726C	C170
590B	N5726K	BE35
590D	N5726M	M20P
590F	N5726P	M20P
5910	N5726Q	M20P
5913	N5726T	C172
591C	N57262	AC50
5920	N57266	AC50
5921	N57267	M20P
5924	N5727	BE10
5929	N5727E	C172
592A	N5727F	P28A
5935	N5727S	GLID
5938	N5727V	BE35
593A	N5727X	C320
593D	N57270	ST75
593E	N57271	ST75
5948	N5728A	C172
5949	N5728B	C182
594C	N5728E	C150
594E	N5728G	K100
594F	N5728H	PA16
5955	N5728P	PA24
5956	N5728Q	M20P
595A	N5728U	P28A
595B	N5728V	BE35
595C	N5728W	P28A
5960	N57280	M20P
5963	N57283	M20P
5969	N57289	ST75
596B	N5729A	C172
596E	N5729D	PA22
596F	N5729E	C150
5972	N5729H	PA16
5976	N5729M	C340
5977	N5729N	ST75
5978	N5729P	PA24
597B	N5729S	GLID
597C	N5729T	C172
597D	N5729U	P28A
5984	N57291	ST75
598B	N57298	P28R
598C	N57299	B38M
598F	N573AA	MD82
5994	N573AF	G164
5995	N573AG	EC20
599A	N573AM	AS50
59A0	N573AT	PA44
59A7	N573B	B350
59A8	N573BA	C208
59A9	N573BB	C25B
59C0	N573C	S108
59C1	N573CA	B06
59C2	N573CB	GLAS
59C4	N573CD	SR22
59CC	N573CM	C25A
59CE	N573CP	SR22
59D9	N573D	SONX
59DF	N573DF	R66
59E4	N573DL	E55P
59EA	N573DS	S22T
59EB	N573DT	A21N
59F1	N573DZ	A359
59FD	N573EL	HUSK
59FE	N573EM	MRF1
5A10	N573FE	MD11
5A21	N573FX	CL35
5A24	N573G	SW4
5A2D	N573GJ	CRJ7
5A58	N573JB	GLID
5A59	N573JC	C185
5A5C	N573JF	C180
5A61	N573JL	GLID
5A66	N573JR	SR22
5A89	N573LA	AT5T
5AA1	N573M	C550
5AA2	N573MA	K35R
5AB3	N573MT	DV20
5AB6	N573MW	RV9
5ABE	N573ND	C172
5AC7	N573NN	CRJ9
5ADF	N573PM	RV9
5AE5	N573PT	GALX
5AEF	N573QC	S76
5AFD	N573QS	C56X
5B0B	N573RF	H60
5B11	N573RM	RV7
5B1E	N573S	T18
5B21	N573SC	CRUZ
5B2E	N573SR	SR22
5B37	N573T	EFOX
5B39	N573TB	FOX
5B3A	N573TC	GLID
5B42	N573TL	TB20
5B43	N573TM	SA30
5B49	N573TT	SR22
5B51	N573UA	B763
5B5E	N573UP	B744
5B65	N573UW	A321
5B6E	N573VE	SR22
5BE6	N5730	TRDO
5BE7	N5730A	C172
5BEC	N5730F	P28A
5BEE	N5730H	PA16
5BEF	N5730J	C172
5BFA	N5730V	BE35
5BFB	N5730W	P28A
5BFC	N5730X	SS2P
5C03	N57304	P28A
5C04	N57305	P28R
5C08	N57309	P28A
5C0A	N5731A	RV4
5C0C	N5731C	C170
5C0D	N5731D	PA22
5C12	N5731J	C206
5C15	N5731M	C310
5C18	N5731Q	M20P
5C19	N5731R	C172
5C1D	N5731V	BE95
5C1E	N5731W	P28A
5C1F	N5731X	C320
5C21	N5731Z	PA22
5C23	N57311	P28A
5C2F	N5732C	C170
5C31	N5732E	C172
5C34	N5732H	PA16
5C36	N5732K	BE35
5C3B	N5732Q	M20P
5C3F	N5732U	P28A
5C40	N5732V	BE35
5C45	N57320	P28A
5C47	N57322	P28A
5C48	N57323	P28A
5C49	N57324	P28R
5C4A	N57325	P28R
5C51	N5733B	C182
5C52	N5733C	C170
5C55	N5733F	P28A
5C59	N5733K	B06
5C5D	N5733P	PA24
5C5E	N5733Q	M20P
5C5F	N5733R	C172
5C61	N5733T	C172
5C62	N5733U	P28A
5C69	N57331	P28A
5C6D	N57335	P28A
5C6E	N57336	M20P
5C70	N57338	P28R
5C72	N5734	H25B
5C73	N5734A	C172
5C74	N5734B	BE18
5C77	N5734E	C150
5C7B	N5734J	M20P
5C82	N5734R	C172
5C85	N5734U	P28A
5C86	N5734V	BE35
5C8E	N57343	P28R
5C91	N57346	P28B
5C92	N57347	P28B
5C93	N57348	ST75
5CA3	N5735P	M20P
5CA4	N5735Q	M20P
5CA5	N5735R	C172
5CA9	N5735V	BE35
5CAA	N5735W	P28A
5CAD	N5735Z	PA22
5CAE	N57350	P28A
5CB0	N57352	P28A
5CB1	N57353	P28A
5CB3	N57355	P28R
5CB6	N57358	P28A
5CBF	N5736G	C150
5CC0	N5736H	PA16
5CC7	N5736Q	M20P
5CC8	N5736R	C172
5CCA	N5736T	C172
5CCB	N5736U	P28A
5CCC	N5736V	BE35
5CCD	N5736W	P28A
5CD0	N5736Z	PA22
5CD1	N57360	P28A
5CD2	N57361	P28A
5CD5	N57364	P28A
5CDA	N57369	P28A
5CE0	N5737E	C150
5CE4	N5737J	C182
5CE5	N5737K	BE35
5CE7	N5737M	M20P
5CE8	N5737N	M20P
5CEA	N5737Q	M20P
5CEB	N5737R	C172
5CEC	N5737S	GLID
5CF0	N5737W	P28A
5CF4	N57370	P28A
5CF5	N57371	P28A
5CF8	N57374	ST75
5CFA	N57376	M20P
5CFC	N57378	P28A
5D01	N5738C	C170
5D05	N5738G	C150
5D06	N5738H	PA16
5D09	N5738L	AA1
5D0B	N5738N	J3
5D0D	N5738Q	M20P
5D0E	N5738R	C172
5D11	N5738U	P28A
5D12	N5738V	BE35
5D13	N5738W	P28A
5D18	N57381	ST75
5D1A	N57383	CH7A
5D1C	N57385	CH7B
5D1D	N57386	CH7B
5D1E	N57387	VALI
5D22	N5739A	C172
5D24	N5739C	C170
5D25	N5739D	PA22
5D29	N5739H	PA16
5D2A	N5739J	M20P
5D2B	N5739K	BE35
5D2E	N5739N	J3
5D30	N5739Q	M20P
5D31	N5739R	C172
5D32	N5739S	GLID
5D36	N5739W	P28A
5D3A	N57390	BL8
5D3E	N57394	BL8
5D3F	N57395	CH7B
5D43	N57399	BL8
5D44	N574	T34P
5D46	N574AA	MD82
5D4A	N574AE	B06
5D4C	N574AG	MT
5D4E	N574AJ	C150
5D51	N574AM	AS50
5D57	N574AT	PA44
5D5A	N574AW	H46
5D5E	N574B	GLST
5D5F	N574BA	A5
5D60	N574BB	C25C
5D64	N574BF	P28A
5D6C	N574BP	C560
5D73	N574BW	C72R
5D77	N574C	S108
5D78	N574CA	C82T
5D7B	N574CD	SR22
5D82	N574CL	TB20
5D83	N574CM	HROC
5D85	N574CP	SR22
5D89	N574CT	FDCT
5D8F	N574CZ	WAIX
5D95	N574DE	C172
5D97	N574DG	WAIX
5D9C	N574DM	SR20
5DA1	N574DS	P28R
5DA2	N574D	A21N
5DA8	N574DZ	A359
5DB5	N574EM	MRF1
5DC7	N574FE	MD11
5DCD	N574FL	P28A
5DD8	N574FS	GA5C
5DE3	N574GH	C208
5DE4	N574GJ	CRJ7
5DF5	N574HA	BE58
5DFA	N574HF	T206
5E0F	N574JB	DC3
5E11	N574JD	PA34
5E1B	N574JP	BE35
5E1E	N574JS	E50P
5E26	N574K	BE58
5E36	N574KR	PA22
5E37	N574KS	GLIM
5E41	N574LB	PA18
5E42	N574LC	HUSK
5E53	N574LV	PC24
5E58	N574M	C550
5E59	N574MA	P46T
5E5F	N574MG	P32R
5E6A	N574MT	C185
5E75	N574ND	C172
5E7E	N574NN	CRJ9
5E8E	N574PD	UH1
5E9A	N574PR	PA32
5E9C	N574PT	DC3
5EA3	N574Q	CC11
5EB4	N574QS	C56X
5EBE	N574RB	M7
5EC5	N574RJ	R22
5EC6	N574RK	SR22
5EC8	N574RM	COL4
5ED1	N574RW	RV12
5ED5	N574S	SR22
5ED7	N574SB	BE36
5ED8	N574SC	CRUZ
5EE7	N574ST	T206
5EEE	N574T	BE35
5EEF	N574TA	C510
5EF0	N574TB	S22T
5EFA	N574TM	PA32
5F15	N574UP	B744
5F3B	N574WB	C182
5F3C	N574WC	CH75
5F3D	N574WD	BE58
5F52	N574X	PA18
5F9F	N5740B	C182
5FA3	N5740F	P28A
5FA4	N5740G	C150
5FA6	N5740J	C182
5FA7	N5740K	BE95
5FA9	N5740M	C310
5FAC	N5740Q	M20P
5FAD	N5740R	C172
5FB0	N5740U	P28A
5FB2	N5740W	P28A
5FB5	N5740Z	PA22
5FB7	N57401	CH7B
5FB9	N57403	M20P
5FBA	N57404	CH7A
5FBB	N57405	CH7B
5FBD	N57407	CH7B
5FBE	N57408	CH7B
5FC2	N5741B	C182
5FC4	N5741D	PA22
5FC5	N5741E	C150
5FC6	N5741F	P28A
5FCC	N5741M	C310
5FCD	N5741N	J3
5FD0	N5741R	C172
5FD2	N5741T	C172
5FD4	N5741V	BE35
5FD5	N5741W	P28A
5FD9	N57410	CH7A
5FDA	N57411	CH7B
5FDB	N57412	CH7B
5FDC	N57413	M20P
5FDD	N57414	ST75
5FDF	N57416	B39M
5FE1	N57418	T6
5FE4	N5742A	C172
5FE7	N5742D	PA22
5FE8	N5742E	C150
5FED	N5742K	BE95
5FEE	N5742L	AA1
5FEF	N5742M	C310
5FF3	N5742R	C172
5FF5	N5742T	C172
5FF6	N5742U	P28A
5FF7	N5742V	BE35
5FF8	N5742W	P28A
5FFA	N5742Y	PA23
5FFB	N5742Z	M20P
5FFC	N57420	CH7A
5FFD	N57421	CH7B
5FFF	N57423	BL8
6000	N57424	CH7B
6001	N57425	VALI
6004	N57428	CH7B
600B	N5743E	C150
600D	N5743G	B105
600E	N5743H	B06
6017	N5743S	GLID
6018	N5743T	C172
601A	N5743V	P28R
601B	N5743W	B06
601E	N5743Z	B06
601F	N57430	CH7A
6022	N57433	BL8
6024	N57435	CH7B
6028	N57439	B739
6029	N5744	PA15
602B	N5744B	C182
602D	N5744D	PA22
602E	N5744E	C150
6032	N5744J	M20P
6033	N5744K	BE35
6039	N5744R	C172
603A	N5744S	GLID
603B	N5744T	C172
603C	N5744U	P28A
603E	N5744W	P28A
6042	N57440	CH7A
6043	N57441	B06
6044	N57442	CH7B
6046	N57444	ST75
6048	N57446	CH7B
604F	N5745C	C170
6051	N5745E	C150
6053	N5745G	C150
6054	N5745H	PA16
6055	N5745J	C182
6056	N5745K	BE35
605A	N5745P	PA24
605B	N5745Q	M20P
605F	N5745U	P28A
6060	N5745V	BE35
6063	N5745Y	B06
6065	N57450	TAYD
6066	N57451	B39M
6069	N57454	BL8
606A	N57455	VALI
606B	N57456	CH7B
606D	N57458	CH7B
6070	N5746A	C172
6072	N5746C	C170
6078	N5746J	C182
607B	N5746M	C310
607D	N5746P	PA24
607E	N5746Q	M20P
607F	N5746R	C172
6081	N5746T	C172
6082	N5746U	P28A
6085	N5746X	C320
6086	N5746Y	PA23
6089	N57461	CH7A
608E	N57466	B39M
608F	N57467	CH7B
6090	N57468	CH7B
6091	N57469	CH7A
6094	N5747B	C182
6096	N5747D	PA22
6098	N5747F	P28A
609C	N5747K	BE35
60A2	N5747R	C172
60A3	N5747S	GLID
60A4	N5747T	C172
60A7	N5747W	B06
60A8	N5747X	B06
60AB	N57470	CH7B
60AD	N57472	CH7B
60AE	N57473	CH7B
60AF	N57474	CH7A
60B1	N57476	CH7B
60B2	N57477	CH7B
60B3	N57478	B39M
60B6	N5748A	C172
60B8	N5748C	C170
60BA	N5748E	C172
60BC	N5748G	C150
60BE	N5748J	C182
60C2	N5748N	M20P
60C3	N5748P	PA24
60C5	N5748R	C172
60C6	N5748S	GLID
60C7	N5748T	C172
60C9	N5748V	BE95
60CF	N57481	CH7A
60D4	N57486	VALI
60D5	N57487	CH7B
60D6	N57488	CH7B
60D9	N5749A	C172
60DF	N5749G	C150
60E2	N5749K	BE35
60E4	N5749M	M20P
60E5	N5749N	TAIL
60E8	N5749R	C172
60EA	N5749T	C172
60ED	N5749W	P28A
60EE	N5749X	M20P
60F0	N5749Z	PA22
60F2	N57491	B06
60F3	N57492	M20P
60F4	N57493	T6
60F9	N57498	CH7B
60FA	N57499	B06
60FB	N575	ST75
60FD	N575AA	C210
60FE	N575AB	DSA1
6101	N575AE	B738
6103	N575AG	CL60
610E	N575AT	PA44
6111	N575AW	S61
6115	N575B	PA18
6117	N575BB	P28A
6118	N575BC	PA31
611C	N575BG	GLEX
612A	N575BW	SF50
612E	N575C	BE9L
612F	N575CA	P46T
6131	N575CC	EA50
6132	N575CD	SR22
6134	N575CF	C560
6135	N575CG	A21N
6138	N575CK	T18
6139	N575CL	B744
613A	N575CM	CRER
613C	N575CP	SR22
6143	N575CW	BE58
6147	N575D	SREY
6152	N575DL	C82S
6154	N575DN	A21N
6158	N575DS	CH7B
615C	N575DW	L8
615F	N575DZ	A359
6160	N575E	PA31
6169	N575EJ	EA50
616C	N575EM	MRF1
6175	N575EW	C550
6179	N575F	B190
617D	N575FD	CL30
617E	N575FE	MD11
6182	N575FJ	C208
6184	N575FL	T28
618F	N575FX	CL35
6192	N575G	B190
619A	N575GH	LJ55
619E	N575GM	TB20
61A4	N575GT	RV8
61A7	N575GW	BE36
61AB	N575H	PC12
61AC	N575HA	C650
61AD	N575HB	C310
61B9	N575HP	C25B
61C4	N575J	BD5
61C6	N575JB	C414
61C8	N575JD	C208
61CC	N575JH	BL17
61CD	N575JJ	F900
61CE	N575JK	AA5
61D5	N575JS	E50P
61D6	N575JT	E50P
61E5	N575KH	DFLY
61E9	N575KM	BDOG
61EF	N575KT	C650
61F6	N575L	G44
61FA	N575LD	SR20
61FC	N575LF	EC45
620F	N575M	C550
6212	N575MC	SR22
6213	N575MD	SR20
621A	N575ML	TAIL
622C	N575ND	C172
622D	N575NE	B407
6234	N575NM	BE9L
6235	N575NN	CRJ9
623C	N575NV	BE55
6242	N575PA	P28A
6244	N575PC	PC12
624D	N575PM	C182
624F	N575PP	C82S
6253	N575PT	DC3
6256	N575PW	S22T
626B	N575QS	C56X
6273	N575R	C208
6275	N575RB	BE40
6276	N575RC	C404
6277	N575RD	BE30
6278	N575RE	C25B
6279	N575RF	H60
6287	N575RV	RV7
6288	N575RW	C172
628D	N575SA	SR22
628F	N575SC	CRUZ
6293	N575SG	C550
6294	N575SH	B407
6297	N575SL	BE35
6298	N575SM	SF50
629A	N575SP	C172
629C	N575SR	GLID
62A1	N575SW	C414
62A5	N575T	R22
62A6	N575TA	ECHO
62A9	N575TD	C172
62B0	N575TL	WACF
62B1	N575TM	C25A
62B9	N575TV	S22T
62BB	N575TX	SR22
62CC	N575UP	B744
62D3	N575UW	A321
62E4	N575VN	PA46
62EB	N575VV	NAVI
62F0	N575W	BE36
62F1	N575WA	LGEZ
6309	N575X	S22T
6322	N575Y	C172
6359	N5750E	C150
635B	N5750G	C150
635E	N5750K	BE35
6362	N5750P	PA24
6363	N5750Q	M20P
6364	N5750R	C172
6365	N5750S	GLID
6366	N5750T	B06
636C	N5750Z	PA22
6370	N57503	BL8
6371	N57504	TAYD
6372	N57505	CH7B
6376	N57509	TAYD
6379	N5751B	C182
637A	N5751C	C340
637C	N5751E	C172
6380	N5751J	C210
6381	N5751K	BE35
6382	N5751L	AA1
6383	N5751M	B06
6387	N5751R	C172
6388	N5751S	GLID
6389	N5751T	C172
6395	N57515	CH7B
6398	N57518	TAYD
639C	N5752B	C182
639D	N5752C	C170
63A2	N5752H	FA50
63A6	N5752M	C310
63A9	N5752Q	M20P
63AC	N5752T	C172
63AD	N5752U	P28A
63AE	N5752V	BE23
63B1	N5752Y	PA23
63B8	N57525	TAYD
63BA	N57527	TAYD
63BC	N57529	TAYD
63BD	N5753	CRER
63BF	N5753B	B06
63C3	N5753F	P28A
63C4	N5753G	C150
63C5	N5753H	PA16
63C7	N5753K	BE35
63D2	N5753W	P28A
63D5	N5753Z	PA18
63D8	N57532	PA18
63DA	N57534	PA18
63DE	N57538	TAYD
63DF	N57539	PA31
63E5	N5754E	C172
63E6	N5754F	P28A
63E8	N5754H	PA16
63EC	N5754M	SR22
63EF	N5754Q	M20P
63F3	N5754U	P28A
63F4	N5754V	BE23
63F8	N5754Z	PA22
63F9	N57540	M20P
6404	N5755A	C172
6405	N5755B	C182
6407	N5755D	PA22
6408	N5755E	C150
640A	N5755G	T206
640B	N5755H	PA16
640C	N5755J	C182
640D	N5755K	BE95
6411	N5755P	PA24
6413	N5755R	C172
6414	N5755S	GLID
6415	N5755T	C172
6416	N5755U	P28A
6417	N5755V	BE23
6418	N5755W	P28A
641B	N5755Z	PA22
641C	N57550	PA18
641E	N57552	M20P
641F	N57553	JPRO
6421	N57555	PA18
6423	N57557	M20P
6425	N57559	M20P
6427	N5756A	C172
6428	N5756B	C182
6429	N5756C	C170
642A	N5756D	GLID
642C	N5756F	P28A
6430	N5756K	M20P
6435	N5756Q	M20P
6436	N5756R	C172
643A	N5756V	M20P
643D	N5756Y	PA18
643F	N57560	J3
6441	N57562	PA18
6449	N5757	PA46
644B	N5757B	C182
644C	N5757C	C340
644E	N5757E	C172
644F	N5757F	P28A
6450	N5757G	C150
6451	N5757H	PA16
6452	N5757J	C210
645A	N5757S	GLID
645B	N5757T	C172
645E	N5757W	P28A
6462	N57570	TAYD
646E	N5758B	C182
646F	N5758C	C170
6475	N5758J	C172
647A	N5758P	PA24
6484	N5758Z	PA22
6487	N57582	TAYD
6488	N57583	TAYD
648A	N57585	PA36
648E	N57589	PA36
6490	N5759A	C172
6491	N5759B	M20P
6494	N5759E	C150
6495	N5759F	P28A
6498	N5759J	C182
649D	N5759P	PA24
64A4	N5759W	P28A
64A7	N5759Z	PA22
64B2	N576	P28A
64B4	N576AA	MD82
64B6	N576AC	EC25
64BF	N576AM	AS50
64C7	N576AV	S76
64DD	N576BS	COL4
64E5	N576C	S108
64E6	N576CA	C82T
64E8	N576CC	CRJ2
64E9	N576CD	SR22
64F0	N576CL	BE20
64F1	N576CM	M20T
64F3	N576CP	SR22
64F7	N576CT	FDCT
64FE	N576D	S76
6501	N576DC	C240
6502	N576DD	M600
6505	N576DG	SR22
650B	N576DN	A21N
650F	N576DS	C82T
6510	N576DT	S76
6516	N576DZ	A359
6518	N576EA	EA50
6523	N576EM	MRF1
6531	N576FA	B350
6535	N576FE	MD11
653B	N576FL	P28A
6546	N576FX	CL35
654D	N576GD	GA5C
657D	N576JB	B26
6582	N576JG	RV9
6585	N576JK	B737
6594	N576K	P28A
6595	N576KA	B06
65B0	N576LC	FA50
65B3	N576LF	A119
65C6	N576M	B407
65C7	N576MA	TBM7
65CB	N576ME	EC35
65CE	N576MH	S76
65E3	N576ND	C172
65EB	N576NM	S22T
65EC	N576NN	CRJ9
65F9	N576PA	P28A
660A	N576PT	DC3
660C	N576PV	WW24
6622	N576QS	C56X
662E	N576RD	RV10
6631	N576RG	PC12
663B	N576RS	C208
6644	N576SA	C56X
6646	N576SC	C25A
6651	N576SP	C172
6657	N576SV	PA11
6667	N576TL	SONX
6683	N576UP	B744
668A	N576UW	A321
669C	N576VP	S76
66B8	N576WS	PA32
670D	N5760B	C182
670E	N5760C	C170
670F	N5760D	PA18
6711	N5760F	P28A
6712	N5760G	C150
6713	N5760H	PA16
6719	N5760P	PA24
671A	N5760Q	M20P
671B	N5760R	M20P
671C	N5760S	GLID
671D	N5760T	M20P
672B	N57607	PA36
672D	N57609	PA36
6730	N5761B	C182
6734	N5761F	P28A
6735	N5761G	G2T1
673F	N5761S	GLID
6746	N5761Z	G2T1
674C	N57615	PA36
674E	N57617	PA18
6752	N5762A	PA18
6753	N5762B	G2T1
6754	N5762C	C170
6755	N5762D	G2T1
6757	N5762F	RV8
6758	N5762G	G2T1
6759	N5762H	M20P
675A	N5762J	T210
675B	N5762K	BE35
675D	N5762M	C310
6760	N5762Q	M20P
6761	N5762R	C172
6764	N5762U	P28A
6769	N5762Z	PA22
676B	N57621	FA62
676F	N57625	PA36
6770	N57626	DC3
6771	N57627	CH7A
6772	N57628	CH7B
6773	N57629	CH7B
6778	N5763D	PA18
6779	N5763E	C172
677A	N5763F	P28A
677D	N5763J	C210
677E	N5763K	BE95
677F	N5763L	M20P
6780	N5763M	C310
6783	N5763Q	M20P
6784	N5763R	C172
6786	N5763T	C172
678A	N5763X	M20P
678B	N5763Y	M20P
678C	N5763Z	PA22
6791	N57634	CH7B
6792	N57635	BL8
6795	N57638	M20P
6796	N57639	M20P
6797	N5764	ST75
6798	N5764A	C172
679B	N5764D	PA18
679E	N5764G	SLG4
679F	N5764H	M20P
67A0	N5764J	M20P
67A1	N5764K	M20P
67A2	N5764L	AA1
67A8	N5764S	M20P
67AA	N5764U	P28A
67AF	N5764Z	PA22
67B0	N57640	CH7B
67B1	N57641	CH7B
67B5	N57645	CH7B
67B6	N57646	CH7A
67BC	N5765B	C182
67BD	N5765C	C170
67C0	N5765F	P28A
67C1	N5765G	C150
67C6	N5765M	C310
67C7	N5765N	M20P
67C8	N5765P	PA24
67CC	N5765T	C172
67CD	N5765U	P28A
67D4	N57651	M20P
67D7	N57654	CH7B
67D8	N57655	CH7A
67D9	N57656	CH7B
67DA	N57657	BL8
67DB	N57658	M20P
67DC	N57659	CH7B
67DE	N5766A	C172
67DF	N5766B	C182
67E0	N5766C	C170
67E3	N5766F	P28A
67E6	N5766J	C172
67E9	N5766M	M20P
67EB	N5766P	PA24
67EC	N5766Q	M20P
67EF	N5766T	C172
67F1	N5766V	BE23
67F2	N5766W	P28A
67F3	N5766X	M20P
67F4	N5766Y	M20P
67F6	N57660	CH7B
67F7	N57661	CH7A
67F8	N57662	CH7B
67F9	N57663	M20P
67FA	N57664	CH7B
67FC	N57666	CH7B
67FD	N57667	CH7B
67FF	N57669	BL8
6802	N5767B	C182
6804	N5767D	PA18
6806	N5767F	P28A
6808	N5767H	PA16
6809	N5767J	C210
680A	N5767K	M20P
680E	N5767P	PA24
680F	N5767Q	M20P
6810	N5767R	C172
6811	N5767S	GLID
6813	N5767U	P28A
6818	N5767Z	M20P
681A	N57671	CH7B
681C	N57673	BL8
681D	N57674	CH7A
681F	N57676	CH7B
6820	N57677	CH7B
6821	N57678	CH7B
6824	N5768A	C172
6825	N5768B	M20P
6826	N5768C	C170
6827	N5768D	PA18
6829	N5768F	P28A
682A	N5768G	C150
682B	N5768H	PA16
682C	N5768J	T210
682F	N5768M	C310
6831	N5768P	PA24
6833	N5768R	C172
6834	N5768S	C340
6835	N5768T	C172
6837	N5768V	BE23
683C	N57680	TAYD
683E	N57682	CH7B
683F	N57683	CH7B
6848	N5769B	C182
684D	N5769G	C150
684E	N5769H	PA16
684F	N5769J	C182
6850	N5769K	BE35
6855	N5769Q	M20P
6856	N5769R	C172
6859	N5769U	P28A
685C	N5769X	C320
685F	N57690	BL8
6860	N57691	CH7B
6863	N57694	CH7A
6867	N57698	PA18
6868	N57699	TAYD
6877	N577AN	ASTR
687B	N577AS	B738
687D	N577AU	C82T
6882	N577AZ	RV7
6883	N577B	BE35
6884	N577BA	R44
6886	N577BC	RV7
6889	N577BF	PC12
688A	N577BG	H500
688E	N577BL	BL17
689C	N577C	S108
689F	N577CC	CRJ2
68A0	N577CD	C206
68A2	N577CF	FA7X
68A3	N577CG	SONX
68A8	N577CM	PA18
68AA	N577CP	SR22
68AD	N577CS	HDJT
68AE	N577CT	C182
68B5	N577D	BE10
68B8	N577DC	BE65
68B9	N577DD	R66
68BC	N577DG	SR22
68BD	N577DH	SR22
68C1	N577DM	NAVI
68C2	N577DN	A21N
68C3	N577DP	PA24
68C7	N577DT	PA46
68CF	N577EA	P28R
68D4	N577EF	D328
68DE	N577ER	C172
68E8	N577FA	C172
68EC	N577FE	MD11
68EE	N577FG	C172
68F2	N577FL	P28A
68FD	N577FX	CL35
6901	N577GA	GA5C
691A	N577HA	RV7
6927	N577HP	P46T
6929	N577HR	BE58
692A	N577HS	S22T
6934	N577JB	P38
6935	N577JC	C750
693A	N577JH	M20P
693D	N577JL	TB20
693E	N577JM	E55P
694B	N577K	BE36
694D	N577KB	B36T
694E	N577KC	P46T
6952	N577KG	C421
6959	N577KP	C25C
696A	N577LF	EC30
697F	N577MB	GP3
6980	N577MC	C550
6981	N577MD	AVID
698F	N577MT	EC35
699A	N577ND	C172
69A3	N577NN	CRJ9
69AF	N577P	BE36
69B0	N577PA	C425
69B1	N577PB	RV7
69B4	N577PE	PC12
69B6	N577PG	SR22
69B8	N577PJ	WAIX
69BB	N577PM	MT
69C0	N577PS	C56X
69C1	N577PT	DC3
69C4	N577PW	B350
69D9	N577QS	C56X
69DA	N577QT	F900
69EA	N577RJ	C421
69F3	N577RT	C25C
69F5	N577RV	RV12
69FD	N577SC	CRUZ
6A00	N577SF	GLIM
6A02	N577SH	RV7
6A08	N577SP	C172
6A0A	N577SR	SR22
6A0C	N577ST	COL4
6A0D	N577SU	C208
6A13	N577T	AKRO
6A14	N557TA	A343
6A16	N577TC	C182
6A1B	N577TH	C25C
6A26	N577TU	ECHO
6A28	N577TW	P32R
6A2B	N577TZ	C82T
6A2C	N577U	BE95
6A3A	N577UP	B744
6A47	N577VB	C182
6A51	N577VM	C550
6A5E	N577W	BE58
6A61	N577WC	BE9L
6A6B	N577WN	SLG4
6A8C	N577XW	C560
6AC7	N5770E	C150
6AC9	N5770G	C150
6ACA	N5770H	PA16
6ACC	N5770K	BE35
6ACE	N5770M	C310
6AD1	N5770Q	M20P
6AD2	N5770R	C172
6AD6	N5770V	BE23
6AD7	N5770W	P28A
6ADA	N5770Z	PA22
6AE6	N5771A	C172
6AE7	N5771B	C182
6AE9	N5771D	PA18
6AEB	N5771F	M20P
6AED	N5771H	RV9
6AEE	N5771J	T210
6AF3	N5771P	PA24
6AF4	N5771Q	M20P
6AF5	N5771R	C172
6AF9	N5771V	BE23
6AFD	N5771Z	PA22
6AFF	N57711	C82R
6B02	N57714	AR6T
6B09	N5772A	C172
6B0C	N5772D	PA18
6B0F	N5772G	C150
6B12	N5772K	BE35
6B14	N5772M	M20P
6B16	N5772P	PA24
6B17	N5772Q	M20P
6B18	N5772R	M20P
6B19	N5772S	GLID
6B1B	N5772U	P28A
6B1C	N5772V	BE23
6B1D	N5772W	P28A
6B22	N57721	PA36
6B26	N57725	PA36
6B2A	N57729	TAYD
6B2C	N5773A	C172
6B2D	N5773B	H60
6B2F	N5773D	PA18
6B30	N5773E	C150
6B33	N5773H	PA16
6B37	N5773M	PA18
6B3A	N5773Q	M20P
6B3B	N5773R	C172
6B3C	N5773S	M20P
6B3E	N5773U	P28A
6B42	N5773Y	PA23
6B49	N57735	TAYD
6B4B	N57737	M20P
6B4C	N57738	PA36
6B4F	N5774A	C172
6B50	N5774B	C182
6B55	N5774G	C150
6B56	N5774H	PA16
6B5E	N5774R	C172
6B63	N5774W	AS50
6B66	N5774Z	PA22
6B6D	N57746	PA36
6B70	N57749	PA36
6B72	N5775A	C172
6B76	N5775E	C150
6B77	N5775F	RV4
6B79	N5775H	PA18
6B7D	N5775M	M20P
6B7F	N5775P	PA24
6B80	N5775Q	M20P
6B84	N5775U	P28A
6B87	N5775X	C320
6B8B	N57751	PA36
6B8D	N57753	PA18
6B96	N5776B	C182
6B97	N5776C	C170
6B99	N5776E	C150
6B9B	N5776G	C150
6B9C	N5776H	PA16
6B9F	N5776L	AA1
6BA4	N5776R	C172
6BA6	N5776T	C172
6BA7	N5776U	P28A
6BAE	N57761	ST75
6BAF	N57762	ST75
6BB9	N5777B	C182
6BBA	N5777C	C170
6BBE	N5777G	C150
6BBF	N5777H	M20P
6BC1	N5777K	BE35
6BC3	N5777M	RV8
6BC7	N5777R	C172
6BC8	N5777S	GLID
6BCA	N5777U	P28A
6BCB	N5777V	BE23
6BCC	N5777W	P28A
6BD1	N57771	FA62
6BD2	N57772	PA36
6BD5	N57775	PA36
6BD7	N57777	PA18
6BD8	N57778	PA18
6BDC	N5778B	H60
6BDD	N5778C	M20P
6BE3	N5778J	C182
6BE4	N5778K	BE35
6BE8	N5778P	PA24
6BE9	N5778Q	M20P
6BEC	N5778T	C172
6BEE	N5778V	BE23
6BF2	N5778Z	PA22
6BF7	N57784	PA36
6BF8	N57785	M20P
6BFA	N57787	PA18
6BFC	N57789	L5
6C01	N5779D	PA18
6C03	N5779F	P28A
6C04	N5779G	C150
6C05	N5779H	PA16
6C06	N5779J	C210
6C07	N5779K	BE95
6C0B	N5779P	PA24
6C0D	N5779R	M20P
6C0F	N5779T	C172
6C13	N5779X	C320
6C14	N5779Y	M20P
6C15	N5779Z	PA22
6C18	N57792	PA18
6C19	N57793	ST75
6C1D	N57797	L5
6C27	N578AF	SW4
6C28	N578AG	SR22
6C2D	N578AM	EC45
6C32	N578AS	DC6
6C3B	N578BA	SF50
6C3C	N578BB	BE40
6C53	N578C	S108
6C54	N578CA	C172
6C55	N578CB	RC3
6C57	N578CD	SR22
6C59	N578CF	C525
6C5C	N578CJ	C25B
6C5F	N578CM	C510
6C61	N578CP	SR22
6C79	N578DN	A21N
6C7D	N578DS	AVID
6C8F	N578EK	T50
6CA3	N578FE	MD11
6CA9	N578FL	P28A
6CB4	N578FX	CL35
6CBA	N578GC	C208
6CBE	N578GG	C550
6CC0	N578GJ	CRJ7
6CEB	N578JB	T6
6CF0	N578JG	CL60
6CFD	N578JV	GLIM
6D01	N578JZ	PC12
6D02	N578K	P28A
6D03	N578KA	BE30
6D13	N578KS	DA40
6D35	N578MA	C150
6D37	N578MC	C172
6D54	N578NG	PC12
6D5A	N578NN	CRJ9
6D77	N578PS	SR22
6D78	N578PT	DC3
6D90	N578QS	C68A
6D99	N578RA	P46T
6D9C	N578RD	P46T
6DA3	N578RL	H25B
6DA9	N578RS	ST75
6DAC	N578RV	RV8
6DB2	N578SA	R44
6DB4	N578SC	P28A
6DC6	N578SW	E120
6DCA	N578T	FOX
6DCB	N578TA	M20P
6DCC	N578TB	T28
6DCE	N578TD	C206
6DDA	N578TR	B733
6DDF	N578TW	P46T
6DE3	N578U	BE35
6DF1	N578UP	B744
6DF8	N578UW	A321
6E2C	N578WY	AC50
6E2D	N578WZ	C25B
6E37	N578XJ	CL30
6E81	N5780H	PA16
6E87	N5780P	PA24
6E88	N5780Q	M20P
6E8E	N5780W	P28A
6E8F	N5780X	C320
6E90	N5780Y	M20P
6E91	N5780Z	PA22
6E99	N57807	VALI
6E9E	N5781B	C182
6E9F	N5781C	C170
6EA1	N5781E	C150
6EA2	N5781F	P28A
6EA3	N5781G	C150
6EA8	N5781M	C310
6EA9	N5781N	J3
6EAB	N5781Q	M20P
6EAE	N5781T	C172
6EB1	N5781W	P28A
6EB2	N5781X	M20P
6EB5	N57810	CL35
6EB6	N57811	ST75
6EB9	N57814	PA36
6EC1	N5782B	C182
6EC2	N5782C	C170
6EC5	N5782F	P28A
6EC7	N5782H	PA16
6EC8	N5782J	C172
6ECB	N5782M	C310
6ECD	N5782P	PA24
6ECE	N5782Q	M20P
6ECF	N5782R	C172
6ED1	N5782T	C172
6ED3	N5782V	BE23
6ED4	N5782W	P28A
6ED8	N57820	M20P
6EDB	N57823	M20P
6EDC	N57824	PA36
6EDD	N57825	M20P
6EE1	N57829	BE17
6EE3	N5783A	C172
6EE4	N5783B	C182
6EE5	N5783C	C170
6EE8	N5783F	P28A
6EEA	N5783H	PA16
6EEB	N5783J	C210
6EEC	N5783K	BE35
6EEE	N5783M	C310
6EF2	N5783R	C172
6EF3	N5783S	GLID
6EF5	N5783U	P28A
6EF7	N5783W	P28A
6EFA	N5783Z	PA22
6EFB	N57830	PA36
6EFD	N57832	PA36
6EFF	N57834	PA36
6F05	N5784	WACO
6F06	N5784A	C172
6F07	N5784B	C182
6F0B	N5784F	P28A
6F0D	N5784H	PA16
6F0F	N5784K	BE35
6F13	N5784P	PA24
6F14	N5784Q	M20P
6F16	N5784S	GLID
6F18	N5784U	P28A
6F23	N57845	ST75
6F24	N57846	PA36
6F28	N5785	WACO
6F2A	N5785B	C182
6F2D	N5785E	C150
6F2F	N5785G	C150
6F30	N5785H	R66
6F32	N5785K	RV8
6F34	N5785M	M20P
6F36	N5785P	PA24
6F37	N5785Q	M20P
6F38	N5785R	C172
6F39	N5785S	GLID
6F3A	N5785T	M20P
6F3B	N5785U	P28A
6F3D	N5785W	P28A
6F3E	N5785X	S22T
6F43	N57852	B753
6F46	N57855	B753
6F48	N57857	B753
6F4A	N57859	PA36
6F4C	N5786A	C172
6F4E	N5786C	C170
6F51	N5786F	P28A
6F53	N5786H	PA16
6F55	N5786K	BE35
6F5A	N5786Q	M20P
6F5C	N5786S	GLID
6F5D	N5786T	C172
6F60	N5786W	P28A
6F63	N5786Z	M20P
6F65	N57861	ST75
6F66	N57862	B753
6F67	N57863	B753
6F68	N57864	B753
6F6C	N57868	B753
6F6D	N57869	B753
6F70	N5787B	RV9
6F71	N5787C	M20P
6F72	N5787D	M20P
6F76	N5787H	PA16
6F7F	N5787S	GLID
6F81	N5787U	P28A
6F82	N5787V	BE23
6F83	N5787W	P28A
6F85	N5787Y	PA23
6F86	N5787Z	PA22
6F87	N57870	B753
6F8C	N57875	CC11
6F91	N5788	PA24
6F92	N5788A	C172
6F99	N5788H	PA16
6F9A	N5788J	C182
6F9D	N5788M	C310
6FA0	N5788Q	M20P
6FA6	N5788W	P28A
6FA7	N5788X	C320
6FA8	N5788Y	M20P
6FAC	N57882	PA36
6FB0	N57886	PA36
6FB7	N5789C	C170
6FB8	N5789D	PA22
6FB9	N5789E	C150
6FBA	N5789F	P28A
6FBD	N5789J	C182
6FC0	N5789M	M20P
6FC2	N5789P	PA24
6FC3	N5789Q	M20P
6FC4	N5789R	C172
6FC5	N5789S	M20P
6FC9	N5789W	P28A
6FCE	N57891	J5
6FD0	N57893	UH12
6FDF	N579AG	S22T
6FE4	N579AM	EC35
6FE9	N579AS	B738
6FF4	N579BC	B744
6FFA	N579BJ	C560
7006	N579BW	C72R
700B	N579CA	AC11
700C	N579CB	K100
700D	N579CC	PA11
7018	N579CP	C82T
701C	N579CT	FDCT
7025	N579DB	RV9
7029	N579DF	C25B
702A	N579DG	R44
7030	N579DN	FA20
7033	N579DR	RV6
7035	N579DT	A21N
704C	N579ER	C82T
705A	N579FE	MD11
706B	N579FX	CL35
706F	N579GA	GLF5
7077	N579GJ	CRJ7
7080	N579GT	E55P
7086	N579GZ	P28R
708D	N579HF	P32T
70A2	N579JB	A320
70A4	N579JD	C185
70AA	N579JK	C172
70B1	N579JS	E50P
70D3	N579LA	AT8T
70EB	N579M	C550
70EC	N579MA	C150
70F2	N579MG	L8
70F3	N579MH	C56X
70FC	N579MS	RV4
7100	N579MW	SR22
7104	N579N	TBM7
7107	N579NC	C525
7111	N579NN	CRJ9
7124	N579PG	E55P
712D	N579PR	P28A
712E	N579PS	BE9L
7147	N579QS	C56X
7150	N579RA	FA50
7152	N579RC	SR20
715B	N579RM	MC45
715F	N579RR	RV7
7160	N579RS	CL60
7163	N579RV	RV7
7168	N579S	RV9
7169	N579SA	CH75
716B	N579SC	BD4
716C	N579SD	B06
716F	N579SG	MM16
7178	N579SR	SR22
717C	N579SV	BL17
7181	N579T	RV6
7197	N579TX	C25A
71A8	N579UP	B744
71AF	N579UW	A321
71CD	N579WA	PC12
71D3	N579WG	C172
71E1	N579WW	SR20
7231	N5790A	C172
7233	N5790C	C170
7234	N5790D	PA22
7235	N5790E	C150
7236	N5790F	P28A
723F	N5790Q	M20P
7240	N5790R	C172
7241	N5790S	GLID
7242	N5790T	C172
7244	N5790V	P28R
7248	N5790Z	PA22
7255	N5791B	C182
7257	N5791D	PA22
7259	N5791F	P28A
7264	N5791S	GLID
7265	N5791T	C172
7268	N5791W	P28A
7273	N57917	ST75
7278	N5792B	C182
727B	N5792E	C150
727F	N5792J	SREY
7284	N5792P	PA24
7285	N5792Q	M20P
7286	N5792R	C172
7288	N5792T	C172
728B	N5792W	P28A
7293	N57924	FA24
7295	N57926	FA62
7298	N57929	ST75
729B	N5793B	C182
729E	N5793E	C150
729F	N5793F	SPHA
72A1	N5793H	PA16
72A2	N5793J	AS55
72A3	N5793K	BE95
72A5	N5793M	C310
72A6	N5793N	J3
72A9	N5793R	C172
72AA	N5793S	GLID
72AB	N5793T	C172
72AC	N5793U	P28A
72B9	N57937	ST75
72BD	N5794A	C172
72C4	N5794H	PA16
72C8	N5794M	C310
72C9	N5794N	J3
72CC	N5794R	C172
72CE	N5794T	C172
72CF	N5794U	P28A
72D0	N5794V	BE23
72D5	N57940	ST75
72D6	N57941	ST75
72DA	N57945	ST75
72DC	N57947	ST75
72DD	N57948	LAMA
72E1	N5795B	C182
72E2	N5795C	C170
72E3	N5795D	M20P
72E4	N5795E	C150
72E6	N5795G	C150
72EC	N5795N	J3
72EE	N5795Q	M20P
72F1	N5795T	RV12
72F2	N5795U	P28A
72F3	N5795V	BE23
72F4	N5795W	P28A
72F8	N57950	ST75
72FC	N57954	AS50
7302	N5796	KR31
7305	N5796C	C170
7306	N5796D	PA22
730B	N5796J	C210
730C	N5796K	BE35
730F	N5796N	AC11
7311	N5796Q	M20P
731A	N5796Z	PA22
7327	N5797B	C182
7328	N5797C	C170
7329	N5797D	PA22
732B	N5797F	C182
732E	N5797J	C182
732F	N5797K	BE35
7335	N5797R	C172
733C	N5797Y	PA23
7345	N57977	T210
7349	N5798A	C172
7350	N5798H	PA16
7355	N5798N	J3
7356	N5798P	PA24
7357	N5798Q	M20P
7358	N5798R	C172
735A	N5798T	C172
735C	N5798V	BE23
7367	N57986	M20P
736A	N57989	ST75
736B	N5799	K100
736C	N5799A	C172
736E	N5799C	C170
736F	N5799D	PA22
7371	N5799F	P28A
7372	N5799G	C150
7374	N5799J	C210
7375	N5799K	BE35
7378	N5799N	J3
7379	N5799P	PA24
737A	N5799Q	M20P
737C	N5799S	GLID
737D	N5799T	C172
738E	N58	LJ60
7390	N58AA	SF50
7392	N58AC	SR22
7396	N58AG	BE36
7397	N58AH	S58T
7398	N58AJ	GLF4
7399	N58AK	RV8
739A	N58AL	GLAS
739F	N58AR	BE58
73A1	N58AT	LGEZ
73A2	N58AU	DA42
73A4	N58AW	C414
73A6	N58AY	BE20
73A7	N58AZ	B407
73A8	N58B	C150
73A9	N58BA	UH12
73AA	N58BB	C337
73AB	N58BC	PA46
73AD	N58BE	BE58
73AF	N58BG	GLAS
73B0	N58BH	BL8
73B1	N58BJ	C340
73B3	N58BL	H25B
73B5	N58BN	B58T
73B6	N58BP	BE58
73B8	N58BR	S22T
73B9	N58BS	BE58
73BA	N58BT	P46T
73BC	N58BV	T206
73BD	N58BW	M600
73BF	N58BY	BE58
73C0	N58BZ	BE35
73C1	N58C	P337
73C3	N58CB	AVID
73C4	N58CC	C82R
73C5	N58CD	FOX
73C7	N58CF	AEST
73C8	N58CG	F900
73C9	N58CH	BE58
73CA	N58CJ	S22T
73CB	N58CK	BE58
73CE	N58CN	RV8
73D2	N58CS	ASTO
73D5	N58CV	RV12
73D6	N58CW	LJ35
73D8	N58CY	BE35
73D9	N58CZ	RV7
73DA	N58D	C560
73DB	N58DA	BE58
73DC	N58DB	S22T
73DD	N58DC	BE58
73DF	N58DE	PTS2
73E1	N58DG	RV8
73E2	N58DH	H25B
73E3	N58DJ	T210
73E5	N58DL	BE58
73E6	N58DM	CH75
73EA	N58DR	KR2
73EB	N58DS	C172
73EC	N58DT	PA31
73EF	N58DW	C182
73F2	N58DZ	BE58
73F5	N58EB	T206
73F8	N58EE	R66
73FA	N58EG	BE58
73FB	N58EH	EA50
73FC	N58EJ	BE35
73FE	N58EL	BE58
7401	N58EP	C680
7403	N58ER	C25M
7407	N58EV	BE58
7409	N58EX	PA18
740C	N58F	C140
740D	N58FA	C175
740F	N58FC	B06
7416	N58FK	PA18
741D	N58FS	EN28
7425	N58G	AC80
7426	N58GA	BE20
7427	N58GB	GLID
7428	N58GC	YK52
742A	N58GE	BE58
742B	N58GF	BE58
742F	N58GK	BE58
7430	N58GL	BE58
7431	N58GM	GLAS
7435	N58GR	BE58
7436	N58GS	C82R
743A	N58GW	BE58
743B	N58GX	PC12
743E	N58H	C414
743F	N58HA	CL30
7442	N58HD	BE58
7443	N58HE	B58T
7444	N58HF	S58P
7445	N58HG	BE58
7446	N58HH	DV20
7447	N58HJ	UH1
7449	N58HL	FA50
744A	N58HM	BE58
744C	N58HP	TBM7
744E	N58HR	GLIM
7450	N58HT	SBR1
7451	N58HU	S58P
7453	N58HW	BE58
7458	N58JA	C340
7459	N58JB	LGEZ
745B	N58JD	B58T
745C	N58JE	GLF4
745E	N58JG	BE58
745F	N58JH	DHC3
7461	N58JK	C82R
7463	N58JM	B58T
7465	N58JP	BOLT
7467	N58JR	A109
7468	N58JS	MIMU
746C	N58JW	SPHA
7470	N58K	T18
7472	N58KB	GC1
7475	N58KE	BE58
7477	N58KG	GLID
747A	N58KK	S58P
747C	N58KM	PA23
7481	N58KS	BE50
7482	N58KT	BE58
7485	N58KW	BE35
7487	N58KY	EA50
7489	N58L	TOOT
748A	N58LA	SC7
748C	N58LC	CL30
748E	N58LE	R44
748F	N58LF	BE58
7490	N58LG	BE58
7493	N58LK	BE58
7495	N58LM	HUSK
7497	N58LP	BE58
7499	N58LR	M20P
749B	N58LT	CH70
749C	N58LU	DA42
749D	N58LV	VELO
749E	N58LW	PTS1
749F	N58LX	BE58
74A2	N58M	B06
74A3	N58MA	T210
74A5	N58MC	BE33
74A6	N58MD	BE58
74A8	N58MF	BE58
74A9	N58MG	C182
74AB	N58MJ	RV6
74AD	N58ML	EAGL
74B3	N58MS	BE36
74B4	N58MT	LGEZ
74B7	N58MW	F2TH
74BB	N58N	BE17
74BF	N58ND	BE58
74C1	N58NF	HUSK
74C2	N58NG	PC12
74C7	N58NM	A109
74CC	N58NS	S58P
74D5	N58PA	BE58
74D6	N58PB	BE58
74D7	N58PC	BE58
74D8	N58PD	BE58
74D9	N58PE	BE58
74DA	N58PF	BE58
74DB	N58PG	PA23
74DD	N58PJ	PA24
74DF	N58PL	PA31
74E0	N58PM	M7
74E2	N58PP	EXPR
74E4	N58PR	BE58
74E5	N58PS	SA30
74E6	N58PT	BE35
74E8	N58PV	BE58
74E9	N58PW	BE58
74EC	N58PZ	BE58
74ED	N58Q	BE20
74FB	N58QP	BE58
74FF	N58QT	CC11
7507	N58RA	BE58
7508	N58RB	BOLT
750A	N58RD	LA25
750C	N58RF	DSA1
750D	N58RG	RV8
750E	N58RH	BE58
750F	N58RJ	PA23
7510	N58RK	RV4
7516	N58RR	C182
7518	N58RT	SREY
751A	N58RV	RV9
751B	N58RW	GLID
751F	N58S	S58T
7520	N58SA	CH7B
7521	N58SB	KR1
7522	N58SC	GP3
7523	N58SD	C180
7524	N58SE	R44
7526	N58SG	C25M
7528	N58SJ	C25A
752A	N58SL	BE58
7530	N58SS	BE36
7531	N58ST	SONX
7535	N58SX	SX30
7538	N58T	CJ6
753A	N58TB	BE58
753B	N58TC	BE58
753C	N58TD	BE58
753D	N58TE	BE58
753E	N58TF	BE58
7542	N58TK	B58T
7543	N58TL	CAMP
7544	N58TM	BE55
7546	N58TP	BE58
7548	N58TR	BE58
7549	N58TS	L29B
754A	N58TT	T210
754C	N58TV	RV14
754D	N58TW	BE58
754F	N58TY	C172
7551	N58U	BE35
7552	N58UA	BE58
7559	N58UH	R44
755F	N58UP	R44
756A	N58V	S39
756B	N58VA	RV8
756C	N58VB	BE58
7571	N58VG	COL4
7575	N58VL	EA50
7576	N58VM	BE58
7578	N58VP	BE58
757C	N58VT	BE35
757E	N58VV	BE58
7583	N58W	C150
7585	N58WB	RV8
7588	N58WE	C68A
7589	N58WF	BE58
758A	N58WG	BE58
758C	N58WJ	RV6
758E	N58WL	LGEZ
7591	N58WP	LNCE
7594	N58WS	PC12
7595	N58WT	NAVI
7598	N58WW	B06
759A	N58WY	C185
759C	N58X	T50
759F	N58XC	CC19
75AA	N58XP	RV8
75B5	N58Y	PA22
75BB	N58YF	F260
75BF	N58YK	YK52
75C1	N58YM	P28A
75DC	N58ZP	C421
75E6	N58ZZ	BE58
75E7	N580	BL8
75EF	N580AG	P32R
75F0	N580AH	BE58
7602	N580BA	BE20
7605	N580BD	C25A
7608	N580BG	E300
760B	N580BK	BE20
7617	N580BX	BE58
761A	N580C	SR20
761C	N580CB	F900
761D	N580CC	C82S
7625	N580CL	C560
7628	N580CP	C82S
7630	N580CX	BE58
7637	N580DD	C82T
763F	N580DM	CC11
7641	N580DP	FOX
7645	N580DT	A21N
764C	N580E	BE58
7651	N580EE	C56X
7662	N580EX	C208
766A	N580FE	MD11
7670	N580FL	P28A
767B	N580FX	CL35
767E	N580G	P28A
7680	N580GB	C82T
769A	N580HC	C56X
769F	N580HH	CVLP
76A7	N580HR	C82S
76A8	N580HS	PC12
76B0	N580J	BL8
76B2	N580JB	A320
76B7	N580JG	RV7
76B8	N580JH	E50P
76BA	N580JK	BE58
76C1	N580JS	E50P
76C9	N580K	BL8
76CC	N580KC	GL7T
76CE	N580KE	E300
76D9	N580KR	CL60
76F4	N580LT	PA11
76FB	N580M	RV6
76FC	N580MA	TBM7
7706	N580ML	E35L
7707	N580MM	P46T
7709	N580MP	EPIC
7710	N580MW	E300
7718	N580ND	PA44
771B	N580NG	EXNG
7721	N580NN	CRJ9
7757	N580QS	C56X
7760	N580RA	BE9L
7769	N580RK	BE40
776B	N580RM	C510
7770	N580RS	ST75
7773	N580RV	RV12
7774	N580RW	C82S
7778	N580S	BE10
777B	N580SC	CRUZ
7780	N580SH	UH1
7782	N580SK	SYMP
7784	N580SM	BE58
7786	N580SP	PA23
7788	N580SR	SR22
778B	N580SU	C72R
7797	N580TF	C82T
7799	N580TH	RV7
779B	N580TK	BE9L
779D	N580TM	PC12
77A3	N580TT	GLAS
77B8	N580UP	B744
77BF	N580UW	A321
77DC	N580W	BE58
77DD	N580WA	C82T
77DE	N580WB	C82T
77DF	N580WC	EA50
7807	N580XT	EXNG
780B	N580XX	C82S
7827	N580Z	C25C
783E	N580ZY	AR50
7841	N5800A	C172
7843	N5800C	C172
784A	N5800K	B06
784C	N5800M	C310
784E	N5800P	PA24
784F	N5800Q	M20P
7851	N5800S	BE95
7858	N5800Z	AS32
7859	N58000	LAMA
785C	N58003	B06
7866	N5801C	M20P
786B	N5801H	PA16
7870	N5801N	M20P
7882	N58016	M20P
7889	N5802C	BE35
788B	N5802E	C150
7894	N5802P	PA24
7896	N5802R	C172
789D	N5802Y	PA23
78A7	N58028	TAYD
78A8	N58029	J3
78AB	N5803B	C182
78AE	N5803E	C172
78B3	N5803K	BE35
78B7	N5803P	PA24
78BB	N5803T	C185
78BE	N5803W	P28A
78C4	N58032	TAYD
78C5	N58033	TAYD
78C7	N58035	TAYD
78C8	N58036	TAYD
78CA	N58038	DHC1
78CC	N5804	PL1
78CD	N5804A	C172
78CE	N5804B	C182
78CF	N5804C	BE18
78D1	N5804E	C150
78D2	N5804F	P28A
78D3	N5804G	C150
78D5	N5804J	C182
78D6	N5804K	BE35
78D9	N5804N	AC11
78DB	N5804Q	M20P
78DC	N5804R	C172
78DF	N5804U	P28A
78E0	N5804V	P28A
78E1	N5804W	P28A
78E4	N5804Z	PA22
78E5	N58040	TAYD
78E9	N58044	TAYD
78F0	N5805A	C172
78F8	N5805J	C185
78F9	N5805K	BE35
78FB	N5805M	C310
78FC	N5805N	AC11
78FD	N5805P	PA24
78FE	N5805Q	M20P
7902	N5805U	P28A
7904	N5805W	P28A
790B	N58053	J3
7915	N5806C	BE35
7918	N5806F	C210
7920	N5806P	PA24
7921	N5806Q	M20P
7923	N5806S	BE35
7924	N5806T	C185
7926	N5806V	P28A
7928	N5806X	C310
7929	N5806Y	PA23
792B	N58060	M20P
792D	N58062	M20P
792F	N58064	M20P
7930	N58065	M20P
7931	N58066	M20P
7933	N58068	ST75
793D	N5807H	PA16
793E	N5807J	C185
7942	N5807N	AR6T
7943	N5807P	PA24
7944	N5807Q	M20P
7945	N5807R	C172
7946	N5807S	M20P
7947	N5807T	M20P
7949	N5807V	M20P
794D	N5807Z	PA22
7951	N58073	ST75
7952	N58074	ST75
7953	N58075	TAYD
7956	N58078	B47G
7957	N58079	M20P
7959	N5808A	M20P
795A	N5808B	M20P
795B	N5808C	BE35
795E	N5808F	M20P
795F	N5808G	C150
7960	N5808H	PA16
7962	N5808K	BE35
7966	N5808P	M20P
7967	N5808Q	M20P
796A	N5808T	M20P
796C	N5808V	ST75
796D	N5808W	P28A
796E	N5808X	M20P
7977	N58086	M20P
797A	N58089	M20P
797D	N5809B	M20P
7981	N5809F	C210
7983	N5809H	M20P
7985	N5809K	BE35
798A	N5809Q	M20P
798B	N5809R	C172
798C	N5809S	BE35
7990	N5809W	P28A
7993	N5809Z	PA22
7997	N58093	M20P
799B	N58097	M20P
79A0	N581AA	MD82
79A5	N581AF	BE58
79AA	N581AL	B06
79B0	N581AS	B738
79B8	N581B	BE9L
79BB	N581BC	E55P
79C1	N581BJ	MM24
79C3	N581BL	RV6
79D1	N581C	SR20
79D3	N581CB	BE58
79D4	N581CC	CRJ2
79D8	N581CG	C172
79D9	N581CH	RV8
79DA	N581CJ	C421
79DB	N581CK	BE58
79DD	N581CM	C185
79DF	N581CP	C185
79E3	N581CT	C185
79EA	N581D	GLF5
79EC	N581DB	GLID
79F6	N581DM	BL8
79FB	N581DS	CJ6
7A03	N581E	BE58
7A04	N581EA	BE20
7A14	N581ES	C172
7A1C	N581F	HUSK
7A24	N581FH	FH11
7A27	N581FL	FA20
7A32	N581FX	CL35
7A35	N581G	BE58
7A3C	N581GG	GLST
7A40	N581GL	COL4
7A50	N581HB	C185
7A51	N581HC	C25C
7A67	N581J	JAB4
7A69	N581JB	RV8
7A6A	N581JC	B06
7A6B	N581JD	RV6
7A70	N581JJ	RV8
7A74	N581JN	MD11
7A78	N581JS	E50P
7A79	N581JT	C185
7A7C	N581JW	SONX
7A80	N581K	P28A
7A82	N581KB	BE36
7A86	N581KF	FOX
7A9C	N581LC	BE58
7AA9	N581LR	B06
7AC4	N581MT	DA40
7ACF	N581ND	PA44
7AD8	N581NN	CRJ9
7AE0	N581NW	B753
7AE4	N581P	CVLP
7AE7	08-0581	PC12
7AEA	N581PF	BE58
7AED	N581PJ	C501
7AF5	N581PS	BE58
7B0E	N581QS	C68A
7B16	N581R	K100
7B1C	N581RF	BE58
7B27	N581RS	H25B
7B2A	N581RV	PA46
7B30	N581SA	BE58
7B31	N581SB	M20P
7B32	N581SC	B06
7B33	N581SD	SR22
7B35	N581SF	G150
7B37	N581SH	BE58
7B41	N581ST	F900
7B4E	N581TF	LNC2
7B4F	N581TG	H500
7B59	N581TS	CL60
7B5D	N581TW	AT5T
7B61	N581U	BE35
7B6F	N581UP	B744
7B76	N581UW	A321
7BFB	N5810D	M20P
7BFC	N5810E	C150
7BFD	N5810F	PRM1
7BFE	N5810G	M20P
7BFF	N5810H	PA16
7C00	N5810J	M20P
7C01	N5810K	BE35
7C06	N5810Q	M20P
7C07	N5810R	M20P
7C09	N5810T	M20P
7C0A	N5810U	P28A
7C0B	N5810V	ST75
7C0F	N5810Z	M20P
7C11	N58101	B752
7C12	N58102	M20P
7C13	N58103	M20P
7C14	N58104	M20P
7C15	N58105	M20P
7C17	N58107	M20P
7C18	N58108	FA62
7C19	N58109	FA62
7C1A	N5811	CRER
7C1B	N5811A	C172
7C1D	N5811C	M20P
7C1F	N5811E	C172
7C21	N5811G	C150
7C24	N5811K	BE95
7C28	N5811P	PA24
7C29	N5811Q	M20P
7C2A	N5811R	C172
7C2B	N5811S	BE35
7C2C	N5811T	C185
7C38	N58115	B47G
7C3F	N5812B	C182
7C40	N5812C	BE35
7C41	N5812D	PA22
7C42	N5812E	C150
7C46	N5812J	C185
7C48	N5812L	AA5
7C4E	N5812S	RAF2
7C4F	N5812T	M20P
7C50	N5812U	P28A
7C51	N5812V	P28A
7C53	N5812X	C310
7C56	N58120	M20P
7C5A	N58124	B47G
7C60	N5813	P40
7C62	N5813B	C182
7C65	N5813E	C150
7C66	N5813F	M20P
7C68	N5813H	PA16
7C6C	N5813M	S22T
7C6F	N5813Q	M20P
7C71	N5813S	BE35
7C72	N5813T	C185
7C73	N5813U	M20P
7C74	N5813V	P28A
7C75	N5813W	P28A
7C78	N5813Z	PA22
7C7C	N58133	B47G
7C7E	N58135	M20P
7C80	N58137	CH7A
7C83	N5814	WACO
7C86	N5814C	BE35
7C87	N5814D	PA22
7C88	N5814E	C150
7C89	N5814F	P28A
7C8A	N5814G	C150
7C8B	N5814H	PA16
7C8C	N5814J	C182
7C8D	N5814K	BE35
7C92	N5814Q	M20P
7C93	N5814R	C172
7C94	N5814S	CRER
7C95	N5814T	M20P
7C96	N5814U	P28A
7C98	N5814W	P28A
7C99	N5814X	C310
7C9A	N5814Y	M20P
7C9C	N58140	B06
7C9F	N58143	M20P
7CA0	N58144	M20P
7CA4	N58148	M20P
7CA6	N5815	FOX
7CA8	N5815B	C182
7CA9	N5815C	M20P
7CAC	N5815F	C210
7CAE	N5815H	PA16
7CB6	N5815R	C172
7CB7	N5815S	M20P
7CB8	N5815T	C185
7CB9	N5815U	P28A
7CBA	N5815V	ST75
7CBC	N5815X	M20P
7CC2	N58153	M20P
7CC5	N58156	M20P
7CC7	N58158	M20P
7CC8	N58159	M20P
7CCA	N5816A	C172
7CCD	N5816D	PA22
7CD0	N5816G	C150
7CD3	N5816K	BE35
7CD5	N5816M	C310
7CD7	N5816P	M20P
7CD8	N5816Q	M20P
7CD9	N5816R	C172
7CDB	N5816T	M20P
7CDC	N5816U	P28A
7CDE	N5816W	M20P
7CE1	N5816Z	PA22
7CE2	N58160	H269
7CE4	N58162	M20P
7CE8	N58166	M20P
7CED	N5817A	M20P
7CEE	N5817B	C182
7CF2	N5817F	P28A
7CF3	N5817G	C150
7CF4	N5817H	PA16
7CF6	N5817K	BE35
7CF8	N5817M	C310
7CFA	N5817P	PA24
7CFB	N5817Q	M20P
7CFE	N5817T	M20P
7D01	N5817W	P28A
7D04	N5817Z	PA22
7D09	N58174	H269
7D0C	N58177	PA23
7D11	N5818B	C182
7D13	N5818D	PA22
7D16	N5818G	C150
7D1B	N5818M	C310
7D1C	N5818N	ST75
7D1F	N5818R	C172
7D26	N5818Y	PA23
7D28	N58180	FA24
7D2A	N58182	C182
7D34	N5819B	C182
7D36	N5819D	PA22
7D39	N5819G	C150
7D3A	N5819H	PA16
7D3E	N5819M	C310
7D45	N5819U	P28A
7D46	N5819V	ST75
7D47	N5819W	P28A
7D48	N5819X	EPIC
7D4A	N5819Z	PA22
7D4C	N58191	H500
7D54	N58199	ST75
7D55	N582	BE17
7D59	N582AC	EC25
7D5C	N582AF	AVID
7D62	N582AM	PA32
7D67	N582AS	PA46
7D68	N582AT	AVID
7D6F	N582B	BE35
7D71	N582BB	EAGL
7D89	N582CA	CRJ9
7D8C	N582CD	SR20
7D90	N582CH	B06
7D94	N582CM	SA30
7D96	N582CP	C82S
7D9A	N582CT	COY2
7DA1	N582D	GLF5
7DA4	N582DC	DV20
7DAC	N582DL	PULS
7DB2	N582DS	PULS
7DB3	N582DT	PC12
7DCA	N582ER	FOX
7DD3	N582F	FOX
7DD8	N582FE	MD11
7DE9	N582FX	CL35
7DF5	N582GJ	CRJ7
7DFC	N582GR	FOX
7E20	N582JB	AVID
7E2A	N582JM	BE40
7E2E	N582JR	C25B
7E38	N582KA	GLID
7E3D	N582KF	FOX
7E51	N582LA	AT6T
7E5E	N582LP	C172
7E69	N582M	RV4
7E6B	N582MB	PA46
7E75	N582MM	LJ60
7E7B	N582MT	DA40
7E86	N582ND	PA44
7E8F	N582NN	CRJ9
7E97	N582NW	B753
7E9B	N582P	CVLP
7EC5	N582QS	C68A
7ECE	N582RA	B06
7ED0	N582RC	GLIM
7ED7	N58CX	G280
7EE8	N582SB	BE58
7EF4	N582SP	C172
7F00	N582TA	BE58
7F02	N582TC	C82T
7F06	N582TG	EXEJ
7F0B	N582TM	BE36
7F15	N582TX	B06
7F26	N582UP	B744
7F2D	N582UW	A321
7F31	N582V	P28R
7F32	N582VA	RV12
7F42	N582VS	AVID
7F4C	N582WB	FOX
7F52	N582WH	N3N
7F58	N582WP	C560
7FAF	N5820A	C172
7FB4	N5820F	C210
7FB7	N5820J	N3N
7FB8	N5820K	BE35
7FBD	N5820Q	M20P
7FBE	N5820R	C182
7FBF	N5820S	BE35
7FC1	N5820U	P28A
7FC2	N5820V	ST75
7FC3	N5820W	P28A
7FC6	N5820Z	PA22
7FCB	N58204	BCAT
7FCD	N58206	H269
7FCF	N58208	H269
7FD2	N5821A	C172
7FD4	N5821C	BE35
7FD6	N5821E	C150
7FD7	N5821F	C210
7FD8	N5821G	C150
7FD9	N5821H	PA16
7FDB	N5821K	BE35
7FDD	N5821M	C310
7FDF	N5821P	LNC2
7FE2	N5821S	BE35
7FEC	N58212	ST75
7FF3	N58219	ST75
7FF4	N5822	WACO
7FF5	N5822A	C172
7FF6	N5822B	C182
7FF8	N5822D	PA22
7FFA	N5822F	C210
7FFB	N5822G	C150
7FFD	N5822J	C182
7FFE	N5822K	BE35
8000	N5822M	T18
8002	N5822P	PA24
8003	N5822Q	M20P
8005	N5822S	BE35
8007	N5822U	P28A
8009	N5822W	BE58
800A	N5822X	C310
800C	N5822Z	PA22
8010	N58223	H269
8011	N58224	T6
8013	N58226	ST75
8018	N5823A	PA44
8026	N5823Q	M20P
802A	N5823U	P28A
802C	N5823W	P28A
8035	N58235	C188
8038	N58238	BE95
803C	N5824B	C182
803E	N5824D	PA22
8040	N5824F	P32R
8041	N5824G	C150
8048	N5824P	PA24
8049	N5824Q	M20P
804D	N5824U	P28A
804F	N5824W	P28A
8051	N5824Y	PA23
8056	N58243	H500
805E	N5825A	C172
8062	N5825E	C150
8067	N5825K	BE35
8069	N5825M	C310
806B	N5825P	PA24
806C	N5825Q	M20P
806F	N5825T	P28A
8070	N5825U	P28A
8071	N5825V	GLID
8072	N5825W	P28A
8074	N5825Y	PA23
8076	N58250	RV4
8077	N58251	H500
8078	N58252	H500
8081	N5826A	KR2
8082	N5826B	C182
8083	N5826C	C402
8087	N5826G	C150
808A	N5826K	BE35
808F	N5826Q	M20P
8093	N5826U	P28A
8094	N5826V	GLID
8097	N5826Y	PA23
80A8	N5827E	C150
80A9	N5827F	C210
80AA	N5827G	C150
80AF	N5827M	C340
80B1	N5827P	PA24
80B2	N5827Q	M20P
80B9	N5827X	C310
80C0	N58274	H269
80C7	N5828A	C172
80C9	N5828C	BE35
80CA	N5828D	PA22
80CC	N5828F	C210
80CD	N5828G	C150
80D5	N5828Q	M20P
80D6	N5828R	C150
80D7	N5828S	BE35
80DA	N5828V	GLID
80DD	N5828Y	S10
80E0	N58281	H269
80E4	N58285	RELI
80E6	N58287	G109
80EB	N5829B	C182
80EC	N5829C	BE35
80ED	N5829D	PA46
80EF	N5829F	C210
80F8	N5829Q	M20P
80F9	N5829R	G109
80FA	N5829S	BE35
80FB	N5829T	G109
80FC	N5829U	P28A
80FD	N5829V	GLID
8106	N58294	PA18
810E	N583AA	MD82
8110	N583AC	EC25
8116	N583AJ	GLF4
811E	N583AS	B738
813F	N583C	T18
8140	N583CA	P28A
8142	N583CC	CRJ2
8143	N583CD	SR22
8145	N583CF	LNC4
8148	N583CJ	C25B
8149	N583CK	BE58
814D	N583CP	TBM7
8151	N583CT	R44
8164	N583DM	AVID
816D	N583DW	C421
8175	N583ED	T206
818F	N583FE	MD11
8195	N583FL	P28A
81A0	N583FX	CL35
81B8	N583GW	AC11
81D5	N583J	JAB2
81D7	N583JB	A320
81DD	N583JH	C208
81E6	N583JS	E50P
81EE	N583K	BE36
81F2	N583KD	E550
8220	N583M	B06
8221	N583MA	CH75
8222	N583MB	B58T
8227	N583MG	BE35
8232	N583MT	DA40
823D	N583ND	PA44
8246	N583NN	CRJ9
824E	N583NW	B753
8263	N583PS	LJ45
8265	N583PU	SR20
827C	N583QS	C56X
82A1	N583SD	C650
82B3	N583SX	SONX
82B9	N583TC	E550
82BC	N583TF	BE95
82C1	N583TL	C560
82CD	N583TY	R44
82DD	N583UP	B744
82E4	N583UW	A321
82E8	N583V	DC3
830F	N583WP	COL4
8325	N583XL	XL2
8366	N5830A	C172
8367	N5830B	C182
8368	N5830C	PA18
8369	N5830D	S2P
836B	N5830F	C210
836C	N5830G	C150
836D	N5830H	S2P
836E	N5830J	C185
836F	N5830K	BE35
8371	N5830M	ERCO
837C	N5830Y	PA18
8380	N58302	C185
8385	N58307	FA62
838D	N5831E	C150
8390	N5831H	PA16
8393	N5831L	AA5
8397	N5831Q	M20P
8398	N5831R	BE36
8399	N5831S	BE35
839A	N5831T	C185
839C	N5831V	GLID
839D	N5831W	P28A
83A7	N58316	C185
83AA	N58319	H269
83AC	N5832A	C172
83AD	N5832B	C182
83B2	N5832G	C150
83B3	N5832H	PA16
83B5	N5832K	BE35
83B6	N5832L	AA5
83B8	N5832N	AC11
83B9	N5832P	PA24
83BB	N5832R	AA5
83BC	N5832S	BE35
83BE	N5832U	P28A
83BF	N5832V	M20P
83C1	N5832X	T28
83C5	N58321	GLID
83CF	N5833A	C172
83D0	N5833B	B25
83D2	N5833D	PA22
83D4	N5833F	C210
83D6	N5833H	PA16
83D7	N5833J	C172
83D8	N5833K	BE35
83DC	N5833P	PA24
83DD	N5833Q	M20P
83DF	N5833S	BE35
83E2	N5833V	GLID
83E3	N5833W	P28A
83E4	N5833X	C310
83E5	N5833Y	PA23
83E6	N5833Z	PA22
83EE	N58337	H500
83F4	N5834C	BE35
83F6	N5834E	C150
83F9	N5834H	PA16
83FB	N5834K	BE35
8400	N5834Q	M20P
8404	N5834U	P28A
8405	N5834V	GLID
8406	N5834W	P28A
840B	N58341	H500
840E	N58344	H269
8411	N58347	J3
8415	N5835A	C172
8419	N5835E	C150
841E	N5835K	BE35
8422	N5835P	PA24
8425	N5835S	BE35
842C	N5835Z	PA22
842D	N58350	H500
8433	N58356	TAYD
8436	N58359	H269
8438	N5836A	C172
843A	N5836C	BE35
843C	N5836E	C150
8440	N5836J	C185
8445	N5836P	PA24
844B	N5836V	GLID
844F	N5836Z	PA22
8453	N58363	H269
8455	N58365	J3
8458	N58368	J3
845B	N5837A	C172
8468	N5837P	PA24
846B	N5837S	BE35
846D	N5837U	P28A
8474	N58371	H269
8477	N58374	J3
8479	N58376	J3
847B	N58378	J3
8480	N5838C	BE35
8485	N5838H	PA16
8487	N5838K	BE35
8488	N5838L	AA5
848B	N5838P	PA24
8499	N58383	ST75
849E	N58388	J3
84A2	N5839B	C182
84A3	N5839C	BE35
84A8	N5839H	PA16
84AB	N5839L	AA5
84AE	N5839P	PA24
84AF	N5839Q	M20P
84B0	N5839R	M7
84B1	N5839S	BE35
84B2	N5839T	PL1
84B4	N5839V	GLID
84B8	N5839Z	PA22
84B9	N58390	ST75
84C0	N58397	H269
84C3	N584	MA5
84C4	N584A	GLF4
84C6	N584AB	R44
84CA	N584AF	C182
84D5	N584AS	B738
84DD	N584B	SR22
84E8	N584BL	BE58
84ED	N584BR	RV8
84F6	N584C	S108
84F7	N584CA	AC11
84F9	N584CC	R44
84FA	N584CD	SR22
8500	N584CK	BE58
8501	N584CL	BE58
8502	N584CM	M20P
8504	N584CP	SR22
8512	N584DC	S22T
8515	N584DF	BE58
8516	N584DG	BE58
8520	N584DS	BE58
8521	N584DT	BE58
8524	N584DW	BE58
8538	N584ER	GLF4
8541	N584F	GLST
8546	N584FE	MD11
854C	N584FL	P28A
8557	N584FX	CL35
8581	N584HP	BE58
858E	N584JB	A320
8594	N584JH	HROC
8598	N584JM	PA22
859D	N584JS	E50P
85A0	N584JV	PC12
85A5	N584K	BD4
85CA	N584LM	RV7
85CC	N584LP	M600
85CD	N584LQ	C82T
85D1	N584LU	BE58
85D3	N584LW	S108
85D7	N584M	T6
85DC	N584ME	BE58
85E0	N584MJ	BE58
85E3	N584MM	P46T
85E9	N584MT	DA40
85EC	N584MW	BE58
85FD	N584NN	CRJ9
8605	N584NW	B753
860C	N584PC	BE58
861A	N584PS	C550
8633	N584QS	C68A
863B	N584R	BE58
863D	N584RB	R44
8643	N584RH	R44
8644	N584RJ	BE58
8647	N584RM	BE58
864E	N584RU	BE58
864F	N584RV	RV4
8654	N584S	P28R
8657	N584SC	P28A
865A	N584SF	C172
8660	N584SM	BE58
8662	N584SP	C172
8664	N584SR	SR22
8666	N584ST	PC12
8669	N584SW	E120
866D	N584T	GLID
866F	N584TB	BE58
8686	N584U	LGEZ
869B	N584UW	A321
869F	N584V	F2TH
86B8	N584W	BE58
8721	N5840E	C150
8724	N5840H	PA16
8726	N5840K	BE35
872D	N5840S	BE35
872F	N5840U	P28A
8740	N5841A	C172
8741	N5841B	C182
8743	N5841D	PA22
8746	N5841G	C172
8749	N5841K	BE35
874A	N5841L	T206
874E	N5841Q	M20P
8750	N5841S	BE95
8754	N5841W	P28A
8757	N5841Z	H500
8758	N58410	ST75
875D	N58415	H500
875E	N58416	ST75
8764	N5842B	C182
8766	N5842D	PA22
8768	N5842F	C210
876A	N5842H	PA16
876C	N5842K	BE35
876D	N5842L	AA5
876F	N5842N	AC11
8770	N5842P	PA24
8771	N5842Q	M20P
8774	N5842T	C185
8776	N5842V	GLID
8777	N5842W	P28A
8783	N58428	H500
8785	N5843	B06
878A	N5843E	C150
878B	N5843F	C210
878D	N5843H	PA16
878F	N5843K	A333
8790	N5843L	AA5
8791	N5843M	C310
8794	N5843Q	M20P
8798	N5843U	P28A
879A	N5843W	P28A
879B	N5843X	C310
879D	N5843Z	PA22
879E	N58430	H500
879F	N58431	H500
87A4	N58436	B407
87AF	N5844G	C150
87B0	N5844H	PA16
87B2	N5844K	BE35
87B3	N5844L	AA5
87B6	N5844P	PA24
87B9	N5844S	BE35
87BC	N5844V	GLID
87BD	N5844W	P28A
87BF	N5844Y	BE58
87C0	N5844Z	PA22
87C2	N58441	T206
87C3	N58442	C182
87C4	N58443	C182
87C7	N58446	ST75
87D1	N5845F	P28A
87D2	N5845G	C150
87D7	N5845M	C310
87D9	N5845P	PA24
87DC	N5845S	BE35
87E1	N5845X	C310
87E8	N58454	C182
87EB	N58457	C182
87EC	N58458	C182
87EF	N5846A	C172
87F1	N5846C	BE35
87F3	N5846E	C150
87F4	N5846F	P28A
87F6	N5846H	PA16
87F8	N5846K	BE35
87FD	N5846Q	M20P
8802	N5846V	L39
8809	N58462	J3
880D	N58466	T206
880E	N58467	C182
880F	N58468	UH1
8810	N58469	C182
8812	N5847A	C172
8813	N5847B	C182
881F	N5847P	PA24
8822	N5847S	BE35
8824	N5847U	P28A
8826	N5847W	P28A
8827	N5847X	S10
8828	N5847Y	PA23
882A	N58470	C182
882D	N58473	J3
8831	N58477	ST75
8833	N58479	H500
8836	N5848B	C182
8837	N5848C	BE35
883A	N5848F	T33
883B	N5848G	C150
883C	N5848H	PA16
883E	N5848K	BE35
883F	N5848L	AA5
8843	N5848Q	M20P
8848	N5848V	P32R
8849	N5848W	P28A
8850	N58483	C182
8851	N58484	C182
8855	N58488	C182
8858	N5849A	C172
885A	N5849C	C402
885D	N5849F	P28A
8860	N5849J	C185
8861	N5849K	BE35
8865	N5849P	PA24
886C	N5849W	P28A
886F	N5849Z	PA22
8870	N58490	RV4
8876	N58496	C182
8878	N58498	C182
887A	N585	GLID
887C	N585AA	MD82
887D	N585AB	SR22
887E	N585AC	EC25
8880	N585AE	AS50
8882	N585AG	SA30
8887	N585AM	C82T
888C	N585AS	B738
888D	N585AT	BE9L
8890	N585AW	P28A
8894	N585B	PA23
8896	N585BB	C182
8897	N585BC	CH65
889B	N585BG	C501
889C	N585BH	LNCE
88A8	N585BV	FA7X
88A9	N585BW	DA40
88AE	N585CA	AC11
88AF	N585CB	RBEL
88B0	N585CC	PA18
88B1	N585CD	SR22
88B2	N585CE	BE20
88B5	N585CH	EC45
88B7	N585CK	BE58
88B9	N585CM	C185
88BB	N585CP	C82T
88C6	N585D	GLF5
88C8	N585DB	C182
88CB	N585DE	P28A
88D6	N585DR	B505
88DB	N585DW	GLF5
88E2	N585EC	SR22
88E8	N585EJ	SR20
88ED	N585EP	C25A
88F0	N585ES	C56X
88FC	N585FD	C560
88FD	N585FE	MD11
890E	N585FX	CL35
8911	N585G	GA5C
8914	N585GC	TBM7
8916	N585GE	P28A
8918	N585GG	R44
8922	N585GS	GLF6
8923	N585GT	SR22
8945	N585JB	A320
8946	N585JC	GLF5
8947	N585JD	RV8
8954	N585JS	E50P
8963	N585KG	BE36
896D	N585KS	C550
896E	N585KT	C550
897E	N585LJ	RV6
898E	N585M	C750
898F	N585MA	BL8
8991	N585MC	C25A
8997	N585MJ	BE36
8999	N585ML	C25A
899E	N585MR	RV10
89A0	N585MT	DA40
89B3	N585NM	NG5
89B4	N585NN	CRJ9
89BC	N585NW	B753
89BE	N585NY	PA23
89C1	N585PA	C425
89C3	N585PC	E55P
89C9	N585PJ	CL60
89CA	N585PK	SF50
89CB	N585PL	G280
89CC	N585PM	C185
89D2	N585PT	AA5
89EA	N585QS	C68A
89F4	N585RB	BE20
89F6	N585RD	C172
89FB	N585RJ	BE58
8A06	N585RV	RV7
8A0E	N585SC	B350
8A0F	N585SD	B06
8A15	N585SK	MC45
8A19	N585SP	SR20
8A1B	N585SR	SR22
8A1C	N585SS	RV6
8A20	N585SW	S22T
8A21	N585SX	SONX
8A27	N585TC	SR20
8A38	N585TV	E55P
8A39	N585TW	B212
8A3D	N585U	TRDO
8A4E	N585US	MM24
8A52	N585UW	A321
8A56	N585V	VELO
8A59	N585VC	H25B
8A70	N585WA	C172
8A73	N585WD	ST75
8A80	N585WS	AA5
8A81	N585WT	C25B
8A84	N585WW	O1
8A88	N585X	P208
8ABA	N585Z	C185
8AD9	N5850F	C210
8ADF	N5850M	C310
8AE1	N5850P	PA24
8AE2	N5850Q	M20P
8AE3	N5850R	AT5T
8AE6	N5850U	P28A
8AE8	N5850W	P28A
8AEB	N5850Z	PA22
8AEE	N58502	T206
8AF0	N58504	C182
8AF1	N58505	C182
8AF2	N58506	C182
8AFA	N5851D	PA22
8AFF	N5851J	BE35
8B06	N5851R	C172
8B09	N5851U	P28A
8B0A	N5851V	P28A
8B0B	N5851W	P28A
8B0E	N5851Z	PA22
8B14	N58515	C182
8B16	N58517	C182
8B17	N58518	C182
8B19	N5852	WACO
8B1B	N5852B	C182
8B1D	N5852D	PA22
8B1F	N5852F	C210
8B20	N5852G	C150
8B21	N5852H	PA16
8B23	N5852K	C550
8B24	N5852L	AA5
8B28	N5852Q	M20P
8B29	N5852R	C172
8B2E	N5852W	P28A
8B34	N58522	C182
8B3A	N58528	FA62
8B3D	N5853A	C172
8B40	N5853D	PA22
8B43	N5853G	C150
8B45	N5853J	BE35
8B47	N5853L	AA5
8B4A	N5853P	PA24
8B4C	N5853R	C172
8B4D	N5853S	BE35
8B4F	N5853U	P28A
8B51	N5853W	P28A
8B60	N5854A	SR22
8B61	N5854B	C182
8B65	N5854F	P32R
8B68	N5854J	BE35
8B6B	N5854M	C310
8B6C	N5854N	AC11
8B6E	N5854Q	M20P
8B6F	N5854R	P180
8B70	N5854S	BE95
8B72	N5854U	P28A
8B74	N5854W	P28A
8B77	N5854Z	AS50
8B7A	N58542	T50
8B7E	N58546	C182
8B80	N58548	C182
8B81	N58549	C182
8B84	N5855B	C182
8B86	N5855D	PA22
8B88	N5855F	C210
8B8A	N5855H	PA16
8B92	N5855R	C172
8B94	N5855T	BE95
8B97	N5855W	P28A
8B9A	N5855Z	AS50
8B9F	N58554	C182
8BA3	N58558	C182
8BA9	N5856D	PA22
8BAA	N5856E	C150
8BAD	N5856H	PA16
8BAE	N5856J	BE35
8BB3	N5856P	PA24
8BB4	N5856Q	M20P
8BBA	N5856W	P28A
8BBC	N5856Y	PA23
8BBD	N5856Z	PA22
8BBE	N58560	C182
8BC9	N5857A	C172
8BCA	N5857B	C182
8BCF	N5857G	C150
8BD2	N5857K	BE95
8BD3	N5857L	AA5
8BD4	N5857M	C310
8BD8	N5857R	C172
8BDC	N5857V	P28A
8BE2	N58571	RELI
8BE8	N58577	VALI
8BEB	N5858	S22T
8BEC	N5858A	C172
8BED	N5858B	BE58
8BF3	N5858H	PA16
8BF4	N5858J	BE35
8BF9	N5858P	BE58
8BFB	N5858R	C172
8BFD	N5858T	C182
8C00	N5858W	P28A
8C02	N5858Y	PA23
8C04	N58580	C182
8C06	N58582	C182
8C07	N58583	C182
8C09	N58585	ERCO
8C0A	N58586	C182
8C0D	N58589	AT5T
8C10	N5859B	C182
8C13	N5859E	C150
8C1A	N5859M	C340
8C1C	N5859P	PA24
8C1D	N5859Q	M20P
8C22	N5859V	P28A
8C26	N5859Z	PA22
8C28	N58591	C182
8C2A	N58593	C182
8C2E	N58597	C182
8C31	N586	P28A
8C33	N586AA	MD82
8C3A	N586AH	AS50
8C3D	N586AL	CL35
8C3E	N586AM	EC35
8C43	N586AS	B738
8C44	N586AT	PC12
8C56	N586BL	NG5
8C60	N586BW	BE30
8C67	N586CC	CRJ2
8C6E	N586CK	BE58
8C72	N586CP	C172
8C7F	N586DB	RV6
8C89	N586DM	G280
8C8D	N586DR	PC12
8C91	N586DV	AC90
8C95	N586DZ	C56X
8C99	N586EC	M7
8C9A	N586ED	C25C
8CA7	N586ES	GLAS
8CB3	N586FD	C25A
8CB4	N586FE	MD11
8CBA	N586FL	P28A
8CC5	N586FX	CL35
8CC8	N586G	GA5C
8CCC	N586GD	GLF5
8CDA	N586GT	CP30
8CEF	N586HP	BE60
8CFA	N586J	JAB4
8CFC	N586JB	A320
8D0A	N586JR	C310
8D13	N586K	P28A
8D32	N586LF	A119
8D45	N586M	C750
8D46	N586MA	P28A
8D48	N586MC	C82S
8D57	N586MT	DA40
8D6B	N586NN	CRJ9
8D73	N586NW	B753
8DA1	N586QS	C68A
8DAF	N586RF	BE58
8DB0	N586RG	T18
8DB1	N586RH	GLAS
8DB2	N586RJ	C82R
8DB3	N586RK	SONX
8DC2	N586S	C172
8DC4	N586SB	P28B
8DC5	N586SC	B06
8DD2	N586SR	SR22
8DD7	N586SW	E120
8DE4	N586TJ	CL60
8DE7	N586TM	T206
8DEC	N586TS	R44
8DF7	N586UC	BE20
8E09	N586UW	A321
8E2A	N586WD	PC12
8E2E	N586WH	EC35
8E5C	N586YD	BE9L
8E8B	N5860A	C172
8E8E	N5860D	PA22
8E8F	N5860E	C150
8E90	N5860F	C210
8E91	N5860G	C150
8E92	N5860H	R66
8E93	N5860J	C182
8E95	N5860L	AA5
8E99	N5860Q	M20P
8E9A	N5860R	C172
8E9C	N5860T	COY2
8E9E	N5860V	P28R
8EA4	N58601	C182
8EA5	N58602	C182
8EA7	N58604	TAYD
8EAA	N58607	C182
8EAF	N5861B	LJ45
8EB1	N5861D	PA22
8EBA	N5861N	AC11
8EBE	N5861S	BE35
8EC0	N5861U	P28A
8ECE	N58618	ST75
8ED0	N5862	ST75
8ED1	N5862A	C172
8ED2	N5862B	C182
8ED8	N5862H	R66
8ED9	N5862J	C182
8EDC	N5862M	C310
8EE0	N5862R	C172
8EE4	N5862V	PSTM
8EE8	N5862Z	PA22
8EE9	N58620	C182
8EED	N58624	C182
8EEF	N58626	C182
8EF1	N58628	C182
8EF2	N58629	J3
8EF3	N5863	SR22
8EF4	N5863A	C172
8EF5	N5863B	C182
8EF8	N5863E	C150
8EFC	N5863J	BE35
8F01	N5863P	PA24
8F04	N5863S	BE35
8F06	N5863U	P28A
8F0B	N5863Z	PA22
8F0D	N58631	C182
8F0F	N58633	C182
8F10	N58634	C182
8F11	N58635	C182
8F12	N58636	C182
8F17	N5864A	C172
8F18	N5864B	C182
8F1C	N5864F	C210
8F1D	N5864G	C150
8F1F	N5864J	BE35
8F26	N5864R	C172
8F29	N5864U	P28A
8F2A	N5864V	P28B
8F2B	N5864W	P28A
8F34	N58645	C182
8F35	N58646	C182
8F36	N58647	C180
8F3C	N5865C	BE35
8F3D	N5865D	PA22
8F44	N5865L	AA5
8F47	N5865P	PA24
8F4A	N5865S	BE35
8F4C	N5865U	P28A
8F4D	N5865V	B25
8F4E	N5865W	P28A
8F52	N58650	C182
8F54	N58652	C182
8F55	N58653	C182
8F5A	N58658	C182
8F5B	N58659	C182
8F5D	N5866A	C172
8F5E	N5866B	C182
8F60	N5866D	PA22
8F61	N5866E	C150
8F62	N5866F	C210
8F65	N5866J	BE35
8F6A	N5866P	PA24
8F6B	N5866Q	M20P
8F6C	N5866R	C172
8F6F	N5866U	P28A
8F71	N5866W	P28A
8F77	N58662	C182
8F79	N58664	C182
8F7B	N58666	C182
8F7F	N5867	BE18
8F80	N5867A	C172
8F82	N5867C	C150
8F86	N5867G	C150
8F87	N5867H	R66
8F88	N5867J	BE95
8F8D	N5867P	PA24
8F8E	N5867Q	M20P
8F8F	N5867R	C172
8F92	N5867U	A319
8F97	N5867Z	PA22
8F9B	N58673	C182
8FA2	N5868	PA32
8FA5	N5868C	C340
8FA6	N5868D	PA22
8FAA	N5868H	PA16
8FB1	N5868Q	M20P
8FB2	N5868R	C172
8FB3	N5868S	BE95
8FB6	N5868V	P32R
8FB7	N5868W	P28A
8FC3	N58688	FA62
8FC4	N58689	C182
8FC5	N5869	RC3
8FC6	N5869A	C172
8FC7	N5869B	C182
8FC9	N5869D	PA22
8FCA	N5869E	C150
8FCB	N5869F	C210
8FD9	N5869V	J3
8FDC	N5869Y	B06
8FDF	N58691	C182
8FE1	N58693	C182
8FE2	N58694	G2T1
8FE3	N58695	G2T1
8FE6	N58698	VALI
8FE8	N587	T18
8FEC	N587AC	EC25
8FEE	N587AE	AS50
8FF5	N587AM	RV10
8FF6	N587AN	BE58
8FFA	N587AS	B738
8FFB	N587AT	SR22
9001	N587AZ	SREY
9002	N587B	RV4
901D	N587CB	T6
901F	N587CD	SR22
9025	N587CK	BE58
9027	N587CM	HUSK
9029	N587CP	SR22
903A	N587DF	P46T
903B	N587DG	SR22
9046	N587DT	A21N
9048	N587DV	GLF4
9067	N587FA	CL35
906B	N587FE	MD11
907C	N587FX	CL35
907F	N587G	GA5C
9083	N587GD	GLF5
9085	N587GF	C310
90B3	N587JB	A320
90B7	N587JF	PC12
90BC	N587JL	ALIG
90C3	N587JT	PC24
90CA	N587K	P28A
90CC	N587KB	CH7B
90E3	N587L	BE35
90FD	N587MA	P28A
9104	N587MH	EC45
910E	N587MT	DA40
9111	N587MW	C421
9119	N587ND	SA30
9122	N587NN	CRJ9
912A	N587NW	B753
912F	N587PA	PA18
9130	N587PB	BE9L
9132	N587PD	BE33
9135	N587PG	SR20
9158	N587QS	C56X
916A	N587RK	BE33
9171	N587RS	RV12
9174	N587RV	RV7
9179	N587S	BL8
917C	N587SC	CRUZ
9184	N587SL	C750
9187	N587SP	C172
9193	N587TA	P208
91A0	N587TP	PA22
91A7	N587TW	BE20
91AC	N587UA	B752
91C0	N587UW	A321
91DD	N587W	EFOX
91EB	N587WP	BEAR
9242	N5870A	C172
9243	N5870B	C182
924D	N5870M	C340
924F	N5870P	PA24
9250	N5870Q	M20P
9254	N5870U	P28A
9255	N5870V	P32R
925A	N58700	ST75
925B	N58701	C182
9261	N58707	C182
9267	N5871C	C182
926F	N5871L	AA5
9271	N5871N	AC11
9272	N5871P	PA24
9273	N5871Q	M20P
9275	N5871S	BE35
927C	N5871Z	PA22
927F	N58712	ST75
9281	N58714	C182
928D	N5872F	C210
928E	N5872G	C150
9292	N5872L	AA5
9293	N5872M	C310
9294	N5872N	AC11
9296	N5872Q	M20P
9297	N5872R	C172
929F	N5872Z	PA22
92A0	N58720	ST75
92A6	N58726	L5
92AB	N5873A	C172
92AF	N5873E	C150
92B0	N5873F	C210
92B3	N5873J	BE35
92B9	N5873Q	M20P
92BA	N5873R	C172
92BF	N5873W	P28A
92C2	N5873Z	PA22
92CC	N58739	C182
92CE	N5874A	C172
92CF	N5874B	C182
92D0	N5874C	C421
92D1	N5874D	PA18
92D5	N5874H	PA16
92D6	N5874J	BE35
92D9	N5874M	YK52
92DD	N5874R	C172
92E0	N5874U	P28A
92E2	N5874W	P28A
92E5	N5874Z	PA22
92E6	N58740	T6
92E7	N58741	FA62
92E8	N58742	C182
92E9	N58743	BE18
92ED	N58747	C182
92EF	N58749	FA62
92F0	N5875	FDCT
92F1	N5875A	C172
92F2	N5875B	C182
92F8	N5875H	PA16
92F9	N5875J	BE35
9300	N5875R	C172
9301	N5875S	BE35
9303	N5875U	P28A
9304	N5875V	P28A
9308	N5875Z	PA22
9312	N58759	FA62
9314	N5876A	C172
9318	N5876E	C150
931C	N5876J	BE35
9322	N5876Q	M20P
9323	N5876R	C172
9324	N5876S	BE35
9328	N5876W	P28A
932B	N5876Z	PA22
932F	N58763	C182
9331	N58765	B06
9332	N58766	C182
9337	N5877A	C172
933C	N5877F	P28A
933D	N5877G	C150
933E	N5877H	YK52
9341	N5877L	AA5
9342	N5877M	C310
9343	N5877N	AC11
9345	N5877Q	M20P
9346	N5877R	C172
9347	N5877S	BE35
9348	N5877T	C185
934A	N5877V	P28A
9350	N58771	C182
9351	N58772	C182
9352	N58773	C182
9355	N58776	C182
9357	N58778	C182
935B	N5878B	C182
935E	N5878E	C172
935F	N5878F	C210
9360	N5878G	RV7
9361	N5878H	PA16
9362	N5878J	BE35
9363	N5878K	AC90
9365	N5878M	C340
936A	N5878S	BE35
936C	N5878U	P28A
936D	N5878V	P28A
936E	N5878W	P28A
9372	N58780	C182
9377	N58785	WACE
937D	N5879A	C172
937F	N5879C	BE35
9381	N5879E	C150
9384	N5879H	PA16
9385	N5879J	BE35
9386	N5879K	A333
9387	N5879L	AA5
9389	N5879N	AC11
938F	N5879U	P28A
9395	N58790	C182
9398	N58793	C182
9399	N58794	C182
939D	N58798	C182
939E	N58799	FA62
93A0	N588A	SA3
93A3	N588AC	C550
93A5	N588AE	B06
93A9	N588AJ	H47
93AC	N588AM	C240
93AD	N588AN	BE58
93B1	N588AS	B738
93B2	N588AT	GLF5
93BA	N588BA	A5
93BC	N588BC	BL8
93BF	N588BF	LJ60
93C2	N588BJ	ERCO
93C9	N588BR	C152
93CA	N588BS	P32R
93D2	N588C	S108
93D3	N588CA	P46T
93D4	N588CB	E55P
93D5	N588CC	C56X
93DA	N588CH	GL7T
93DC	N588CK	BE58
93DE	N588CM	SONX
93E0	N588CP	PA24
93E4	N588CT	SR22
93EB	N588D	BE95
93EC	N588DA	CRUZ
93EE	N588DC	C82S
93F1	N588DF	RV12
93F7	N588DM	C310
93FC	N588DS	CH7A
93FD	N588DT	A21N
9403	N588DZ	GLF5
9406	N588EB	S22T
9420	N588FC	H25B
9422	N588FE	MD11
9433	N588FX	CL35
9436	N588G	GLF5
945D	N588HP	F900
9464	N588HW	H500
946A	N588JB	A320
9472	N588JK	C550
9484	N588KC	PC12
9485	N588KD	E545
949D	N588LC	C172
949F	N588LE	R22
94B3	N588M	GLID
94B4	N588MA	B06
94B6	N588MC	PA34
94C1	N588MP	B06
94C5	N588MT	DA40
94D0	N588ND	PA44
94D3	N588NG	PC12
94D9	N588NN	CRJ9
94E1	N588NW	B753
94E5	N588P	BE58
94E8	N588PC	BE36
94EB	N588PF	COL4
94F6	N588PS	C208
94FB	N588PX	GLF5
950F	N588QS	C56X
9527	N588RR	C310
9528	N588RS	C25B
952B	N588RV	RV10
9530	N588S	LEG2
9531	N588SA	BE9L
9534	N588SD	BE9L
9535	N588SE	GLF6
953E	N588SP	BE58
9540	N588SR	SR22
9545	N588SW	SR20
9549	N588T	BE58
954A	N588TA	P208
954B	N588TB	C421
954E	N588TE	RV8
954F	N588TF	SREY
9552	N588TJ	RV14
9556	N588TN	GLF5
955D	N588TV	BUCA
955E	N588TW	B06
9563	N588UA	B752
95A6	N588WT	SSTL
95B8	N588XL	XL2
95DF	N588Z	DHC2
95FD	N5880E	C172
9601	N5880J	BE35
9602	N5880K	T206
9604	N5880M	C310
9607	N5880Q	M20P
960C	N5880V	P28R
960D	N5880W	P28A
9611	N58800	C182
9612	N58801	S22T
9618	N58807	C182
961F	N5881D	PA18
9623	N5881H	PA16
9624	N5881J	BE35
962B	N5881R	C172
962C	N5881S	BE35
962E	N5881U	P28A
962F	N5881V	P28R
9634	N58810	FA62
9636	N58812	C182
963C	N58818	C182
9640	N5882B	C182
9644	N5882F	P28A
964C	N5882P	PA24
964D	N5882Q	M20P
964E	N5882R	C172
964F	N5882S	BE35
9650	N5882T	C421
9658	N58821	C182
965A	N58823	C182
9661	N5883	GLEX
9666	N5883E	C150
9668	N5883G	C150
966A	N5883J	BE35
966C	N5883L	AA5
9670	N5883Q	M20P
9679	N5883Z	PA22
967A	N58830	C182
967B	N58831	C182
967C	N58832	C182
967E	N58834	DG15
9681	N58837	G44
9685	N5884A	C172
9688	N5884D	PA18
968D	N5884J	BE95
9697	N5884U	P28A
96A0	N58843	C182
96A7	N5885	TL30
96A9	N5885B	C182
96AB	N5885D	PA18
96B3	N5885M	C310
96B5	N5885P	PA24
96B9	N5885T	C185
96BF	N5885Z	PA22
96C1	N58851	C182
96C2	N58852	C182
96C3	N58853	C182
96C5	N58855	DG15
96C6	N58856	DG15
96C9	N58859	C182
96CC	N5886B	C182
96CE	N5886D	PA18
96D0	N5886F	P28A
96D2	N5886H	PA16
96D5	N5886L	G2T1
96D6	N5886M	SR20
96D8	N5886P	PA24
96DA	N5886R	C172
96DB	N5886S	BE95
96E0	N5886X	PA18
96E2	N5886Z	PA22
96E3	N58860	C182
96E8	N58865	C182
96E9	N58866	C182
96EF	N5887B	C182
96F1	N5887D	PA18
96F3	N5887F	C210
96FA	N5887N	AC11
96FE	N5887S	BE35
9700	N5887U	P28A
9704	N5887Y	PA23
9709	N58873	C182
970D	N58877	C182
9711	N5888A	C172
9713	N5888C	T206
9714	N5888D	PA18
9718	N5888H	PA16
971A	N5888K	MM24
971B	N5888L	BE60
971E	N5888P	PA24
971F	N5888Q	M20P
9720	N5888R	C172
9721	N5888S	BE95
9722	N5888T	BE35
9723	N5888U	P28A
9728	N5888Z	PA22
972B	N58882	C182
972D	N58884	C182
972E	N58885	C182
9731	N58888	C182
9735	N5889B	C182
9736	N5889C	BE35
973E	N5889L	AA5
973F	N5889M	C310
9747	N5889V	P28A
9748	N5889W	P28A
9750	N58894	FA62
9757	N589A	P28A
975C	N589AE	B06
9768	N589AS	B738
976B	N589AV	A318
976C	N589AW	DH8C
9772	N589BB	J3
978A	N589CA	SR20
978B	N589CB	RV4
9795	N589CM	C750
9797	N589CP	T206
979B	N589CT	SR22
97A4	N589DB	GLST
97A7	N589DE	EN48
97AC	N589DK	SONX
97AE	N589DM	C310
97B4	N589DT	A21N
97BB	N589E	PA46
97D6	N589FB	H60
97D9	N589FE	MD11
97EA	N589FX	CL35
980C	N589HF	HUCO
980E	N589HH	C550
981F	N589J	JAB4
9821	N589JB	A320
9826	N589JG	CL60
9829	N589JK	C500
982A	N589JL	T206
9838	N589K	GLF5
9853	N589LB	BE58
985A	N589LJ	C750
986F	N589ME	EC35
987C	N589MT	DA40
9890	N589NN	CRJ9
9898	N589NW	B753
989C	N589P	BE58
98AD	N589PS	E50P
98AF	N589PU	SR20
98B9	N589QD	PC12
98C6	N589QS	C56X
98CE	N589R	C182
98CF	N589RA	RV6
98D0	N589RB	BE58
98D1	N589RC	SR22
98DC	N589RP	GLST
98E0	N589RT	T206
98E2	N589RV	RV9
98E7	N589S	S58T
98EA	N589SC	P28A
98ED	N589SF	LEG2
98EF	N589SH	AS50
98F5	N589SP	C172
98F7	N589SR	SR22
98F9	N589ST	C421
9900	N589T	DA40
9910	N589TR	T18
9912	N589TT	TTWO
9916	N589TX	BE30
991A	N589UA	B752
9947	N589VW	PA32
9955	N589WK	DHC1
997D	N589Y	BE58
99B0	N5890A	C172
99B1	N5890B	C182
99B2	N5890C	BE35
99B3	N5890D	PA18
99B6	N5890G	C150
99B8	N5890J	BE35
99BA	N5890L	AA5
99BC	N5890N	AC11
99BD	N5890P	PA24
99BE	N5890Q	M20P
99BF	N5890R	C172
99C2	N5890U	P28A
99C3	N5890V	P28A
99D1	N58909	C182
99D2	N5891	JABI
99D6	N5891D	PA18
99D7	N5891E	RS20
99D9	N5891G	C150
99DA	N5891H	PA16
99DB	N5891J	BE35
99E2	N5891R	C172
99E3	N5891S	BE35
99E4	N5891T	C185
99E5	N5891U	P28A
99E7	N5891W	P28A
99F8	N5892C	BE35
9A03	N5892P	PA24
9A06	N5892S	BE35
9A07	N5892T	C185
9A08	N5892U	P28A
9A09	N5892V	P28R
9A0D	N5892Z	PA22
9A0E	N58920	J3
9A11	N58923	C182
9A12	N58924	C182
9A14	N58926	C182
9A1D	N5893E	C150
9A20	N5893H	PA16
9A23	N5893L	AA5
9A25	N5893N	AC11
9A2B	N5893U	P28A
9A2D	N5893W	P28A
9A30	N5893Z	PA22
9A36	N58935	C182
9A3D	N5894B	C182
9A4A	N5894Q	M20P
9A4B	N5894R	C172
9A4C	N5894S	BE35
9A52	N5894Y	PA23
9A53	N5894Z	PA22
9A58	N58944	C182
9A5D	N58949	C182
9A5F	N5895A	C172
9A62	N5895D	PA18
9A66	N5895H	PA16
9A68	N5895K	BE40
9A69	N5895L	AA5
9A6B	N5895N	AC11
9A6D	N5895Q	M20P
9A6E	N5895R	C172
9A6F	N5895S	BE35
9A70	N5895T	C185
9A76	N5895Z	PA22
9A7B	N58954	C182
9A7E	N58957	ST75
9A82	N5896A	C172
9A83	N5896B	C182
9A84	N5896C	BE35
9A86	N5896E	C150
9A88	N5896G	C150
9A8F	N5896P	PA24
9A91	N5896R	C172
9A92	N5896S	BE35
9A94	N5896U	P28A
9A97	N5896X	L8
9A98	N5896Y	PA23
9A9A	N58960	C182
9A9B	N58961	C182
9A9E	N58964	C182
9AA1	N58967	C182
9AA3	N58969	ST75
9AA7	N5897C	C182
9AA9	N5897E	C82R
9AAA	N5897F	C210
9AB3	N5897Q	M20P
9AB4	N5897R	RV7
9AB5	N5897S	BE35
9AB8	N5897V	P28A
9ABA	N5897X	CH7B
9AC2	N58975	ST75
9AC3	N58976	C182
9ACA	N5898C	BE35
9ACE	N5898G	C150
9AD2	N5898L	AA5
9AD6	N5898Q	M20P
9ADB	N5898V	P28A
9ADC	N5898W	P28A
9AE0	N58980	ST75
9AE1	N58981	C182
9AE6	N58986	ST75
9AE7	N58987	ST75
9AE8	N58988	J3
9AE9	N58989	C182
9AEC	N5899B	C182
9AF3	N5899J	BE35
9AFB	N5899S	BE35
9AFC	N5899T	C185
9B07	N58994	C182
9B0B	N58998	C182
9B0C	N58999	C182
9B0D	N59	LJ60
9B0E	N59A	T210
9B0F	N59AA	TBM7
9B10	N59AB	SF50
9B11	N59AC	BL8
9B12	N59AD	C172
9B13	N59AE	B06
9B14	N59AF	L5
9B15	N59AG	DHC7
9B16	N59AH	LAMA
9B18	N59AK	C185
9B1A	N59AM	RV12
9B1C	N59AP	GLF4
9B21	N59AU	DA42
9B24	N59AX	EN28
9B28	N59BA	A5
9B29	N59BB	PA32
9B2C	N59BE	BE35
9B2E	N59BG	GLAS
9B30	N59BJ	M20P
9B33	N59BM	C182
9B38	N59BS	C25A
9B3D	N59BX	B105
9B40	N59C	NAVI
9B41	N59CA	LA25
9B43	N59CC	PA18
9B46	N59CF	GLF4
9B47	N59CG	P28A
9B48	N59CH	B06
9B49	N59CJ	FA50
9B4A	N59CK	C182
9B4B	N59CL	GLAS
9B4C	N59CM	BE36
9B4E	N59CP	H500
9B51	N59CS	SRAI
9B52	N59CT	BE36
9B54	N59CV	T2
9B55	N59CW	PA44
9B56	N59CX	G280
9B58	N59CZ	COZY
9B5A	N59DA	C414
9B5B	N59DB	GLEX
9B5E	N59DE	RV3
9B5F	N59DF	C560
9B60	N59DG	RV3
9B61	N59DH	BE35
9B62	N59DJ	C310
9B64	N59DL	BE76
9B69	N59DR	RV4
9B6A	N59DS	PA34
9B6B	N59DT	GLST
9B72	N59E	BE18
9B74	N59EB	P208
9B75	N59EC	C56X
9B77	N59EE	PA23
9B78	N59EF	C82T
9B7A	N59EH	PA31
9B7C	N59EK	BE9T
9B7D	N59EL	CH60
9B7E	N59EM	PA46
9B80	N59EP	G280
9B82	N59ER	RV14
9B8A	N59EZ	SW3
9B8D	N59FB	RV8
9B8E	N59FC	PA31
9B8F	N59FD	R44
9B90	N59FE	SR22
9B92	N59FG	C208
9B93	N59FH	C25A
9B97	N59FM	M20P
9B9C	N59FS	EN28
9B9D	N59FT	C650
9BA5	N59GA	DA40
9BA6	N59GB	C551
9BAB	N59GG	FDCT
9BB0	N59GM	BE33
9BB4	N59GR	PA32
9BB6	N59GT	AA5
9BB9	N59GW	GLIM
9BBB	N59GY	PA31
9BBD	N59H	B47G
9BBF	N59HB	SNS7
9BC7	N59HK	GLIM
9BC8	N59HL	ONEX
9BC9	N59HM	BE58
9BCB	N59HP	UH1
9BCE	N59HS	S22T
9BD1	N59HV	BE95
9BD4	N59HY	HUSK
9BD7	N59JA	RV8
9BD8	N59JB	BE36
9BD9	N59JC	PA31
9BDB	N59JE	GLF5
9BDE	N59JH	PTS1
9BE2	N59JM	SR22
9BE3	N59JN	C25C
9BE4	N59JP	PTS1
9BE7	N59JS	E550
9BF0	N59KA	BE9L
9BF1	N59KB	RBEL
9BF2	N59KC	R44
9BF5	N59KF	FOX
9BF6	N59KG	CL30
9BF7	N59KH	C182
9BF8	N59KJ	BT36
9BF9	N59KK	PTS2
9BFA	N59KL	CC11
9BFB	N59KM	C180
9BFD	N59KP	RV4
9C00	N59KS	MU2
9C01	N59KT	CB1
9C06	N59KY	RLU1
9C09	N59LA	CH7B
9C0A	N59LB	FOX
9C0F	N59LG	RV3
9C10	N59LH	RV8
9C13	N59LL	GLID
9C14	N59LM	P28R
9C18	N59LR	RV7
9C1A	N59LT	GLAS
9C1B	N59LU	DA42
9C1C	N59LV	PA24
9C21	N59M	BE20
9C28	N59MG	E550
9C29	N59MH	B06
9C2A	N59MJ	C182
9C2B	N59MK	BE35
9C2D	N59MM	COL3
9C2E	N59MN	DEFI
9C2F	N59MP	C180
9C31	N59MR	C310
9C32	N59MS	BL8
9C33	N59MT	SS2P
9C35	N59MV	FOX
9C3F	N59NE	ACR2
9C46	N59NM	C421
9C4F	N59NW	C208
9C53	N59P	A109
9C54	N59PA	PRM1
9C55	N59PB	SR22
9C57	N59PD	C25B
9C58	N59PE	EXEC
9C59	N59PF	SR20
9C5A	N59PG	C172
9C5B	N59PH	M20P
9C5C	N59PJ	BE36
9C5F	N59PM	HROC
9C61	N59PP	M20P
9C62	N59PQ	SONX
9C65	N59PT	WW24
9C67	N59PV	TBM7
9C68	N59PW	E50P
9C69	N59PX	SR22
9C86	N59RA	SREY
9C87	N59RB	RV4
9C88	N59RC	GLIM
9C89	N59RD	CRER
9C8D	N59RH	PA24
9C8E	N59RJ	DFLY
9C90	N59RL	C310
9C91	N59RM	BE33
9C93	N59RP	AVID
9C96	N59RS	SONX
9C97	N59RT	C441
9C99	N59RV	RV3
9C9A	N59RW	CH60
9CA2	N59SD	H500
9CA3	N59SE	BL8
9CA4	N59SF	FURY
9CAA	N59SM	RV6
9CAF	N59SS	DHC2
9CB3	N59SW	PA32
9CB6	N59SZ	GLID
9CB7	N59T	RV6
9CB8	N59TA	B36T
9CBA	N59TC	BE35
9CBB	N59TD	RV7
9CBC	N59TE	BE35
9CBD	N59TF	C680
9CBE	N59TG	C310
9CC3	N59TM	T33
9CC5	N59TP	RV8
9CC7	N59TR	FDCT
9CC8	N59TS	T6
9CCD	N59TX	P32R
9CE9	N59V	RELI
9CEE	N59VE	PTS1
9CF3	N59VK	BE36
9CF4	N59VL	C172
9CF5	N59VM	C510
9CFB	N59VT	BE35
9D03	N59WA	T206
9D04	N59WB	RV4
9D05	N59WC	COY2
9D06	N59WD	CH7B
9D08	N59WF	P46T
9D09	N59WG	C25B
9D0D	N59WL	CH7B
9D0E	N59WM	AA5
9D16	N59WV	S22T
9D17	N59WW	SF50
9D19	N59WY	HUSK
9D1C	N59XA	VR7
9D1E	N59XC	CC19
9D29	N59XP	C172
9D2D	N59XT	TBM7
9D3E	N59YK	WAIX
9D3F	N59YL	RV8
9D42	N59YP	FA50
9D4B	N59YY	C175
9D4D	N59Z	CH7A
9D4E	N59ZA	B06
9D67	N590A	C560
9D68	N590AA	MD83
9D6A	N590AC	EC25
9D6C	N590AE	AS50
9D71	N590AK	C56X
9D78	N590AS	B738
9D80	N590B	BE35
9D8A	N590BK	BE9L
9D9A	N590CA	C25B
9D9D	N590CD	SR22
9DA2	N590CJ	C25B
9DA4	N590CL	F900
9DA7	N590CP	C82T
9DAD	N590CV	CL35
9DAF	N590CX	C25A
9DB2	N590D	C337
9DB4	N590DB	DHC2
9DB5	N590DC	PA18
9DC2	N590DR	AC50
9DCB	N590E	GLEX
9DE9	N590FE	MD11
9DF0	N590FM	C320
9DFA	N590FX	CL35
9DFD	N590G	PA46
9E04	N590GG	R44
9E16	N590H	R44
9E27	N590HS	R44
9E31	N590JB	A320
9E36	N590JG	COL3
9E3A	N590JL	TBM7
9E48	N590K	DH8C
9E7B	N590MA	TBM7
9E7C	N590MB	C25C
9E7D	N590MC	CL30
9E86	N590MM	C206
9E8B	N590MS	GLEX
9E8C	N590MT	DA40
9E97	N590ND	PA44
9EA0	N590NN	CRJ9
9EA8	N590NW	B753
9EB8	N590PM	BE35
9ED3	N590QP	M28
9ED6	N590QS	C56X
9EDE	N590R	P28A
9EE1	N590RC	T33
9EE7	N590RJ	C500
9EEF	N590RS	DHC2
9EF0	N590RT	LJ75
9EF6	N590RZ	PTS2
9EF7	N590S	C72R
9EFA	N590SC	RV7
9EFF	N590SH	BE9L
9F05	N590SP	C172
9F13	N590TC	LJ55
9F25	N590TW	PC12
9F29	N590U	P28R
9F2A	N590UA	B752
9F4E	N590VM	R44
9F5B	N590W	AC50
9F5C	N590WA	P68
9F70	N590WW	T6
9FC0	N5900A	C172
9FC2	N5900C	BE35
9FC4	N5900E	C150
9FC7	N5900H	PA16
9FC8	N5900J	C150
9FCB	N5900M	C180
9FCC	N5900N	AC11
9FCE	N5900Q	M20P
9FCF	N5900R	C172
9FD3	N5900V	P28A
9FD7	N5900Z	PA22
9FDF	N59007	T210
9FE0	N59008	T210
9FE3	N5901A	C172
9FE9	N5901G	C172
9FEA	N5901H	PA16
9FF0	N5901P	PA24
9FF1	N5901Q	M20P
9FF2	N5901R	HROC
9FF3	N5901S	BE35
9FF4	N5901T	C150
9FFA	N5901Z	PA22
9FFC	N59011	T210
A004	N59019	PA46
A006	N5902A	C172
A007	N5902B	C182
A00B	N5902F	C210
A010	N5902L	AA1
A014	N5902Q	M20P
A015	N5902R	C172
A016	N5902S	BE35
A017	N5902T	C150
A01A	N5902W	P28A
A01D	N5902Z	PA22
A029	N5903A	C172
A02A	N5903B	C182
A02B	N5903C	BE35
A035	N5903N	AC11
A036	N5903P	PA24
A037	N5903Q	M20P
A03C	N5903V	P28A
A03D	N5903W	P28A
A042	N59031	ST75
A049	N59038	J3
A04C	N5904A	PC12
A04D	N5904B	C182
A051	N5904F	C210
A053	N5904H	PA16
A054	N5904J	C182
A05A	N5904Q	M20P
A05E	N5904U	P28A
A060	N5904W	P28A
A064	N59040	ST75
A065	N59041	T210
A068	N59044	ST75
A069	N59045	T210
A06A	N59046	T210
A06D	N59049	T210
A076	N5905H	PA16
A077	N5905J	C182
A07D	N5905Q	M20P
A07E	N5905R	C172
A07F	N5905S	BE35
A080	N5905T	C150
A08A	N59053	B764
A092	N5906A	C172
A098	N5906G	C150
A09A	N5906J	C150
A09C	N5906L	AA1
A09F	N5906P	PA24
A0A1	N5906R	C172
A0A3	N5906T	C150
A0A5	N5906V	P28R
A0A6	N5906W	P28A
A0AA	N59060	C210
A0B4	N5907	SR22
A0B6	N5907B	C182
A0B7	N5907C	BE35
A0B9	N5907E	C172
A0BA	N5907F	C210
A0C2	N5907P	PA24
A0C4	N5907R	C172
A0C6	N5907T	C150
A0C8	N5907V	P28R
A0CB	N5907Y	PA18
A0D0	N59073	C210
A0D2	N59075	PZ04
A0D6	N59079	FA62
A0D9	N5908B	C182
A0DA	N5908C	BE35
A0DB	N5908D	PA22
A0DC	N5908E	C150
A0DD	N5908F	C210
A0DE	N5908G	C150
A0E5	N5908P	PA24
A0E6	N5908Q	M20P
A0E8	N5908S	BE35
A0E9	N5908T	C150
A0EA	N5908U	P28A
A0EC	N5908W	P28A
A0F6	N59086	CH7B
A0FB	N5909A	C172
A0FD	N5909C	CH70
A0FF	N5909E	C172
A100	N5909F	C210
A102	N5909H	PA16
A107	N5909N	AC11
A108	N5909P	PA24
A10A	N5909R	C172
A10C	N5909T	CRER
A10F	N5909W	P28A
A121	N591AC	EC25
A122	N591AD	BE95
A128	N591AK	S76
A12F	N591AS	EVOT
A133	N591AW	BE9L
A13A	N591BC	GLF5
A145	N591BP	DHC2
A150	N591C	SR22
A151	N591CA	DA40
A156	N591CF	H25B
A15A	N591CK	PA18
A15E	N591CP	C82T
A162	N591CT	FDCT
A16B	N591DB	DHC2
A173	N591DK	C560
A17B	N591DT	A21N
A182	N591E	H500
A18D	N591EL	A318
A18E	N591EM	F5
A192	N591ER	DA42
A1A0	N591FE	MD11
A1B1	N591FX	CL35
A1B5	N591GA	GLF5
A1BD	N591GJ	LJ60
A1C6	N591GT	S22T
A1E6	N591J	JAB4
A1E8	N591JB	A320
A1F4	N591JP	AA5
A1FF	N591K	J3
A232	N591MA	C56X
A23D	N591MM	C25A
A24D	N591NC	C180
A257	N591NN	CRJ9
A25F	N591NW	B753
A266	N591PC	SONX
A26B	N591PH	M20P
A26F	N591PM	PA46
A276	N591PU	SR20
A28D	N591QS	C68A
A298	N591RC	RV8
A2A6	N591RS	BE36
A2AF	N591SA	PA32
A2B0	N591SB	M7
A2B1	N591SC	SR22
A2B4	N591SF	C56X
A2BE	N591SR	GLEX
A2BF	N591SS	PC12
A2C1	N591SU	PC12
A2C6	N591SZ	GLID
A2C8	N591TA	PA34
A2D9	N591TT	VL3
A2DD	N591TX	PTS1
A30C	N591VU	RV10
A30E	N591VW	RBEL
A313	N591WA	SR22
A31C	N591WK	DHC1
A324	N591WT	BE36
A336	N591XL	XL2
A344	N591Y	G164
A377	N5910A	C172
A37B	N5910E	C150
A387	N5910S	BE35
A388	N5910T	T206
A38A	N5910V	P32R
A38B	N5910W	P28A
A38E	N5910Z	PA22
A394	N59105	C210
A399	N5911	GLID
A39B	N5911B	C182
A39E	N5911E	C150
A3A2	N5911J	C182
A3A4	N5911L	PA44
A3A5	N5911M	C310
A3A8	N5911Q	M20P
A3AC	N5911U	P28A
A3AE	N5911W	P28A
A3B0	N5911Y	PA23
A3B1	N5911Z	PA22
A3BC	N5912	GLID
A3BE	N5912B	C182
A3BF	N5912C	BE35
A3C0	N5912D	PA22
A3C1	N5912E	C150
A3C8	N5912M	PA44
A3CA	N5912P	PA24
A3CB	N5912Q	M20P
A3CD	N5912S	BE35
A3D2	N5912X	BRB2
A3D6	N59121	RELI
A3DF	N5913	S10
A3E3	N5913D	PA22
A3E6	N5913G	C150
A3E7	N5913H	PA16
A3EB	N5913M	C310
A3ED	N5913P	PA24
A3EF	N5913R	C172
A3FB	N59133	CH7A
A404	N5914B	C182
A40A	N5914H	PA16
A40B	N5914J	C182
A40E	N5914M	C310
A410	N5914P	PA24
A412	N5914R	C172
A415	N5914U	P28A
A416	N5914V	P28A
A417	N5914W	P28A
A418	N5914X	BRB2
A41C	N59141	C210
A41D	N59142	ST75
A421	N59146	T206
A424	N59149	TAYB
A426	N5915A	C172
A427	N5915B	C182
A429	N5915D	PA22
A433	N5915P	PA24
A434	N5915Q	M20P
A436	N5915S	BE35
A43A	N5915W	P28A
A442	N59154	ST75
A44D	N5916E	C150
A44E	N5916F	C210
A450	N5916H	PA16
A451	N5916J	C172
A454	N5916M	C402
A457	N5916Q	M20P
A459	N5916S	BE35
A45B	N5916U	P28A
A465	N59164	T206
A46D	N5917B	C182
A46E	N5917C	BE35
A470	N5917E	C150
A476	N5917L	AA1
A478	N5917N	AC11
A479	N5917P	PA24
A47B	N5917R	C172
A47F	N5917V	P28A
A480	N5917W	P28A
A483	N5917Z	PA22
A484	N59170	AR65
A487	N59173	T210
A489	N59175	C175
A492	N5918D	C82S
A495	N5918G	C82S
A496	N5918H	PA16
A497	N5918J	C150
A499	N5918L	AA1
A49D	N5918Q	M20P
A4A0	N5918T	C150
A4A2	N5918V	P28A
A4A3	N5918W	P28A
A4A4	N5918X	BRB2
A4A6	N5918Z	PA22
A4A7	N59180	C180
A4A8	N59181	C182
A4A9	N59182	C182
A4AB	N59184	ST75
A4AF	N59188	T50
A4B2	N5919A	C172
A4B3	N5919B	C182
A4B6	N5919E	C150
A4B9	N5919H	PA16
A4BA	N5919J	C150
A4BC	N5919L	AA1
A4C0	N5919Q	M20P
A4C4	N5919U	P28A
A4C6	N5919W	P28A
A4D4	N592	CASS
A4D6	N592AA	MD83
A4D8	N592AC	EC45
A4DA	N592AE	B350
A4E6	N592AS	B738
A508	N592CA	DA40
A510	N592CJ	P28A
A512	N592CL	F900
A515	N592CP	C172
A519	N592CT	SR20
A529	N592DJ	CB1
A530	N592DR	C25A
A532	N592DT	A21N
A53D	N592ED	BE20
A545	N592EM	F5
A549	N592ER	DA42
A555	N592FC	GLF4
A557	N592FE	MD11
A55D	N592FL	P28A
A568	N592FX	CL35
A56E	N592GC	C340
A574	N592GJ	GLF5
A584	N592H	KERO
A587	N592HC	PRM1
A592	N592HP	C150
A59D	N592J	JAB4
A59F	N592JB	A320
A5B6	N592K	P28A
A5E8	N592M	FOX
A5E9	N592MA	C560
A5EA	N592MB	RV8
A5EF	N592MG	EPIC
A5F8	N592MR	FOX
A5FA	N592MT	DA40
A60E	N592NN	CRJ9
A616	N592NW	B753
A61E	N592PD	B407
A622	N592PH	S92
A62D	N592PU	SR20
A644	N592QS	C56X
A64F	N592RC	SLG4
A655	N592RJ	CH7A
A657	N592RL	AVID
A65D	N592RS	RV9
A665	N592S	RV3
A666	N592SA	C208
A668	N592SC	RV4
A671	N592SM	BE35
A690	N592TT	VL3
A698	N592UA	LJ35
A6BE	N592VP	C560
A6CA	N592WA	C172
A6D7	N592WP	C500
A6DB	N592WT	BE58
A714	N592Z	RV4
A72E	N5920A	C172
A731	N5920D	PA22
A735	N5920H	PA16
A73C	N5920Q	M20P
A73D	N5920R	C172
A73E	N5920S	BE35
A73F	N5920T	C150
A741	N5920V	P28R
A744	N5920Y	PA23
A748	N59202	EC20
A753	N5921C	BE35
A754	N5921D	PA22
A755	N5921E	C82R
A758	N5921H	PA16
A765	N5921W	P28A
A769	N59210	C210
A774	N5922A	C172
A775	N5922B	C182
A778	N5922E	C172
A779	N5922F	P28A
A77B	N5922H	PA16
A77C	N5922J	C182
A781	N5922P	PA24
A784	N5922S	DV20
A785	N5922T	C150
A786	N5922U	P28A
A787	N5922V	P32R
A78A	N5922Y	PA23
A78B	N5922Z	PA22
A78D	N59221	ST75
A78F	N59223	ST75
A797	N5923A	C172
A798	N5923B	C182
A799	N5923C	PA11
A7A1	N5923L	CH7B
A7AB	N5923W	P28A
A7B0	N59231	ST75
A7B6	N59237	T206
A7BB	N5924B	C182
A7BC	N5924C	BE35
A7BE	N5924E	C150
A7BF	N5924F	P28A
A7C0	N5924G	C150
A7C7	N5924P	PA24
A7C8	N5924Q	M20P
A7CA	N5924S	BE35
A7CD	N5924V	P32R
A7CE	N5924W	P28A
A7D2	N59240	C210
A7DB	N59249	ST75
A7DF	N5925C	BE35
A7E1	N5925E	C150
A7E8	N5925M	C310
A7EE	N5925T	C150
A7F0	N5925V	PA34
A7F6	N59251	RV8
A7F7	N59252	ST75
A7FB	N59256	GLID
A7FD	N59258	T210
A801	N5926B	RV9
A802	N5926C	BE35
A803	N5926D	PA22
A804	N5926E	C150
A805	N5926F	P28A
A806	N5926G	C150
A808	N5926J	C182
A809	N5926K	AC90
A80E	N5926Q	M20P
A811	N5926T	C150
A812	N5926U	P28A
A814	N5926W	P28A
A818	N59260	ST75
A81A	N59262	VJ22
A821	N59269	ST75
A823	N5927A	C172
A824	N5927B	C182
A82A	N5927H	PA16
A830	N5927P	PA24
A832	N5927R	C172
A837	N5927W	P28A
A83F	N59274	ST75
A846	N5928A	C172
A847	N5928B	C182
A848	N5928C	BE35
A84A	N5928E	C172
A84E	N5928J	C150
A854	N5928Q	M20P
A85E	N59280	ST75
A85F	N59281	ST75
A864	N59286	T206
A868	N5929	RV7
A86A	N5929B	C182
A86D	N5929E	C150
A870	N5929H	PA16
A879	N5929S	BE35
A87D	N5929W	P28A
A880	N5929Z	CH75
A883	N59292	C210
A884	N59293	ST75
A885	N59294	T206
A886	N59295	ST75
A88A	N59299	C210
A88C	N593A	PTS1
A898	N593AM	M7
A89D	N593AS	B738
A8A6	N593BA	CRER
A8B0	N593BL	NG5
A8BE	N593C	H500
A8CC	N593CP	C82T
A8DA	N593DC	H25B
A8E2	N593DL	A320
A8E3	N593DM	C402
A8F8	N593EH	SR20
A8FB	N593EL	A318
A8FC	N593EM	F5
A900	N593ER	DA42
A906	N593EX	C208
A90D	N593FD	PC12
A90E	N593FE	MD11
A914	N593FL	P28A
A917	N593FP	C550
A91F	N593FX	CL35
A929	N593GG	BE20
A92B	N593GJ	F2TH
A932	N593GR	SR22
A94B	N593HR	CL30
A956	N593JB	A320
A979	N593KM	R66
A987	N593LA	LA4
A99F	N593M	BE40
A9A0	N593MA	HUSK
A9A2	N593MC	SR22
A9AA	N593ML	CRJ2
A9B4	N593MW	SR22
A9BC	N593ND	PA44
A9C5	N593NN	CRJ9
A9CD	N593NW	B753
A9D4	N593PC	PC12
A9E4	N593PU	SR20
A9FB	N593QS	C68A
AA04	N593RA	BE58
AA0A	N593RG	PA34
AA0B	N593RH	VAMP
AA1F	N593SC	P28A
AA27	N593SL	FOX
AA2A	N593SP	P28A
AA2E	N593ST	C172
AA32	N593SX	SONX
AA36	N593TA	CRUZ
AA37	N593TB	TB20
AA38	N593TC	C208
AA47	N593TT	VL3
AA67	N593V	PA12
AA92	N593WT	C25A
AAE5	N5930A	C172
AAE7	N5930C	BE35
AAEA	N5930F	C210
AAF4	N5930R	C172
AAF7	N5930U	P28A
AAF8	N5930V	J3
AAF9	N5930W	P28A
AAFB	N5930Y	PA23
AAFC	N5930Z	PA22
AB0A	N5931C	BE35
AB0B	N5931D	PA22
AB0E	N5931G	C150
AB13	N5931M	C340
AB18	N5931S	BE35
AB19	N5931T	C150
AB1A	N5931U	P28A
AB1D	N5931X	BRB2
AB24	N59314	DC3
AB2A	N5932	PTS1
AB2B	N5932A	C172
AB2C	N5932B	C182
AB2F	N5932E	C150
AB30	N5932F	P28A
AB31	N5932G	C150
AB33	N5932J	C182
AB3B	N5932S	BE95
AB3C	N5932T	C150
AB3D	N5932U	P28A
AB3E	N5932V	P28R
AB3F	N5932W	P28A
AB42	N5932Z	PA22
AB44	N59321	B47G
AB4A	N59327	C337
AB4B	N59328	GLID
AB4E	N5933A	C172
AB4F	N5933B	C182
AB50	N5933C	BE35
AB52	N5933E	C150
AB59	N5933M	C310
AB61	N5933V	J3
AB70	N5934	ST75
AB71	N5934A	C172
AB72	N5934B	C182
AB73	N5934C	BE35
AB78	N5934H	PA16
AB7C	N5934M	C310
AB80	N5934R	C172
AB85	N5934W	P28A
AB91	N59348	BE35
AB93	N5935	AT8T
AB94	N5935A	C172
AB99	N5935F	P28A
AB9A	N5935G	C150
AB9C	N5935J	C182
ABA1	N5935P	PA24
ABA3	N5935R	C172
ABA5	N5935T	C150
ABA7	N5935V	P28R
ABB8	N5936B	C182
ABBA	N5936D	PA22
ABBB	N5936E	C150
ABBD	N5936G	BE36
ABC5	N5936Q	M20P
ABCE	N5936Z	PA22
ABDF	N5937F	C210
ABE1	N5937H	PA16
ABE7	N5937P	PA24
ABE8	N5937Q	M20P
ABEA	N5937S	BE35
ABEE	N5937W	P28A
ABF1	N5937Z	PA22
ABFA	N59378	ST75
ABFD	N5938A	C172
ABFE	N5938B	C182
AC08	N5938M	C340
AC0B	N5938Q	M20P
AC0E	N5938T	C150
AC0F	N5938U	P28A
AC10	N5938V	J3
AC11	N5938W	P28A
AC13	N5938Y	PA23
AC14	N5938Z	PA22
AC18	N59383	B06
AC24	N5939E	C82R
AC26	N5939G	C150
AC2D	N5939P	PA24
AC2F	N5939R	C172
AC30	N5939S	BE35
AC34	N5939W	P28A
AC46	N594AC	EC25
AC49	N594AF	PC24
AC4F	N594AM	BL8
AC53	N594AR	FOX
AC54	N594AS	B738
AC5C	N594B	BE35
AC5D	N594BA	A5
AC61	N594BE	CH60
AC70	N594BV	C340
AC77	N594CB	BEAR
AC79	N594CD	SR20
AC7A	N594CE	RV4
AC7B	N594CF	C182
AC81	N594CM	C82S
AC83	N594CP	C82T
AC8F	N594DA	A21N
AC98	N594DK	LEG2
AC9F	N594DS	BE58
ACA7	N594E	CAMP
ACAD	N594EF	RV6
ACB7	N594ER	DA42
ACC5	N594FE	MD11
ACD6	N594FX	CL35
ACD9	N594G	RV7
ACDA	N594GA	GA5C
ACE2	N594GJ	GL5T
ACF2	N594H	EN28
AD0B	N594J	JAB4
AD0D	N594JB	A320
AD0F	N594JD	FOX
AD15	N594JK	GLID
AD20	N594JW	RV8
AD34	N594KR	R44
AD35	N594KS	GLIM
AD57	N594MA	P06T
AD5A	N594MD	VEZE
AD68	N594MT	DA40
AD6B	N594MW	A660
AD7C	N594NN	CRJ9
AD84	N594NW	B753
AD89	N594PA	M20T
AD8E	N594PF	C150
AD9B	N594PU	SR20
ADA1	N594Q	T206
ADB2	N594QS	C56X
ADBA	N594R	RV8
ADBB	N594RA	H60
ADC5	N594RL	B407
ADCE	N594RV	RV4
ADD6	N594SC	B350
ADE1	N594SP	P28A
ADE3	N594SR	CC11
ADE5	N594ST	PA46
ADE8	N594SW	CRJ2
ADFD	N594TS	S22T
AE38	N594WA	PC12
AE39	N594WB	C310
AE45	N594WP	C550
AE47	N594WR	RV8
AE50	N594X	C337
AE93	N594ZS	FOX
AE9F	N5940D	PA22
AEA0	N5940E	C150
AEA1	N5940F	C210
AEA9	N5940P	PA24
AEAB	N5940R	C172
AEAE	N5940U	P28A
AEB3	N5940Z	PA22
AEB6	N59402	B47G
AEB7	N59403	B47G
AEC1	N5941C	RV12
AEC3	N5941E	C150
AECE	N5941R	C172
AECF	N5941S	BE35
AED2	N5941V	J3
AED3	N5941W	P28A
AED6	N5941Z	PA22
AED7	N59410	B47G
AED9	N59412	VELO
AEE5	N5942D	PA22
AEE7	N5942F	P32R
AEE8	N5942G	C150
AEE9	N5942H	PA16
AEEC	N5942L	AA1
AEEF	N5942P	C501
AEF0	N5942Q	M20P
AEF1	N5942R	C172
AF01	N59427	B06
AF04	N5943	YK11
AF07	N5943C	BE35
AF09	N5943E	C172
AF0B	N5943G	C182
AF0C	N5943H	PA16
AF12	N5943P	PA24
AF13	N5943Q	M20P
AF14	N5943R	C172
AF16	N5943T	C150
AF17	N5943U	P28A
AF2B	N5944D	PA22
AF2E	N5944G	C150
AF32	N5944L	AA1
AF35	N5944P	PA24
AF37	N5944R	C172
AF39	N5944T	C150
AF3A	N5944U	P28A
AF3C	N5944W	P28A
AF48	N59448	ST75
AF4E	N5945D	PA22
AF4F	N5945E	C150
AF52	N5945H	PA16
AF54	N5945K	P28B
AF5A	N5945R	C172
AF5F	N5945W	P28A
AF60	N5945X	BRB2
AF62	N5945Z	PA22
AF64	N59451	AR6T
AF6A	N59457	ST75
AF76	N5946J	C182
AF7B	N5946P	PA24
AF7D	N5946R	C172
AF7F	N5946T	C150
AF80	N5946U	P28A
AF85	N5946Z	PA22
AF89	N59463	ST75
AF8F	N59469	ST75
AF91	N5947A	C172
AF94	N5947D	PA22
AF96	N5947F	C210
AF98	N5947H	C172
AF9E	N5947P	PA24
AF9F	N5947Q	M20P
AFA0	N5947R	C172
AFA1	N5947S	C185
AFA2	N5947T	C150
AFAB	N59472	ST75
AFB2	N59479	B06
AFB4	N5948A	C172
AFB7	N5948D	PA22
AFB8	N5948E	C172
AFB9	N5948F	C210
AFC1	N5948P	PA24
AFDA	N5949D	PA22
AFDC	N5949F	C210
AFDE	N5949H	PA16
AFDF	N5949J	C150
AFE2	N5949M	C421
AFE4	N5949P	PA24
AFE7	N5949S	BE35
AFE8	N5949T	C150
AFEA	N5949V	C170
AFEB	N5949W	P28A
AFF4	N59495	B06
AFF7	N59498	J3
AFFB	N595AA	MD83
AFFC	N595AB	C680
AFFD	N595AC	BL8
AFFE	N595AD	RV8
AFFF	N595AE	B06
B000	N595AF	B06
B001	N595AG	C68A
B004	N595AK	CH65
B00A	N595AR	EN28
B00B	N595AS	SR22
B013	N595B	GLF6
B015	N595BB	PC12
B01A	N595BG	GLID
B024	N595BS	RV4
B02C	N595C	BE95
B02E	N595CB	CL30
B02F	N595CC	B06
B030	N595CD	SR22
B032	N595CF	BE58
B038	N595CM	RV4
B045	N595D	C170
B047	N595DB	C172
B048	N595DC	C650
B04E	N595DJ	RV6
B050	N595DL	S22T
B051	N595DM	C25A
B05A	N595DW	RV9
B05C	N595DY	WT9
B05E	N595E	GLEX
B066	N595EH	CH60
B069	N595EL	A318
B06E	N595ER	GLID
B074	N595EX	GLF5
B07C	N595FE	MD11
B08D	N595FX	CL35
B090	N595G	C56X
B097	N595GG	R44
B099	N595GJ	CL60
B09B	N595GL	DV20
B0A2	N595GT	FOX
B0B7	N595HP	P32R
B0C4	N595JB	A320
B0C6	N595JD	T28
B0C9	N595JG	B427
B0CE	N595JM	SR22
B0D3	N595JS	BE58
B0D7	N595JW	AT5T
B0DB	N595K	C172
B0ED	N595KT	TBM7
B0F0	N595KW	C560
B0F5	N595LA	PC12
B100	N595LM	RV6
B106	N595LT	P210
B10E	N595MA	P28R
B11B	N595MP	GLEX
B11F	N595MT	DA40
B122	N595MW	SR22
B12A	N595ND	PA44
B133	N595NN	CRJ9
B13B	N595NW	B753
B13F	N595P	F2TH
B142	N595PC	C550
B143	N595PD	H25B
B14A	N595PL	F900
B159	N595QA	CN35
B169	N595QS	C68A
B178	N595RG	M7
B179	N595RH	C56X
B17A	N595RJ	M20P
B17C	N595RL	B407
B17D	N595RM	C550
B185	N595RV	RV10
B186	N595RW	M20P
B196	N595SM	PA46
B198	N595SP	C172
B19A	N595SR	SR22
B19C	N595ST	PA46
B1A3	N595T	RV8
B1A4	N595TA	A4
B1A6	N595TC	AC11
B1AA	N595TG	GLF6
B1AF	N595TM	BE9L
B1B4	N595TS	C172
B1B7	N595TV	SR22
B1BD	N595UA	B752
B1D5	N595V	M20P
B1EE	N595W	BE33
B1FC	N595WP	SR22
B200	N595WT	CA4
B21D	N595XX	BE58
B239	N595Z	M7
B253	N5950A	C172
B255	N5950C	G150
B259	N5950G	C182
B25C	N5950K	P28A
B260	N5950P	PA24
B266	N5950V	CL60
B267	N5950W	P28A
B268	N5950X	BRB2
B277	N5951B	AT6T
B279	N5951D	PA22
B27C	N5951G	C150
B27D	N5951H	PA16
B281	N5951M	C310
B285	N5951R	C172
B288	N5951U	P28A
B28D	N5951Z	PA18
B294	N59516	B06
B298	N5952	PTS1
B29D	N5952E	C150
B29E	N5952F	C210
B29F	N5952G	C150
B2A0	N5952H	PA16
B2A1	N5952J	C150
B2A6	N5952P	PA24
B2A7	N5952Q	M20P
B2A9	N5952S	BE23
B2AB	N5952U	P28A
B2AC	N5952V	GLID
B2B0	N5952Z	PA22
B2BB	N5953	SR22
B2BD	N5953B	C182
B2C2	N5953G	C150
B2C6	N5953L	AA1
B2CA	N5953Q	M20P
B2CC	N5953S	BE23
B2CD	N5953T	C150
B2CF	N5953V	AR6T
B2D3	N5953Z	PA22
B2E1	N5954C	BE35
B2E6	N5954H	PA16
B2EC	N5954P	PA24
B2ED	N5954Q	M20P
B2EE	N5954R	C172
B2EF	N5954S	BE23
B2F0	N5954T	C150
B2F1	N5954U	P28A
B2F2	N5954V	C170
B2F3	N5954W	P28A
B2FF	N59548	B06
B301	N5955	WACO
B303	N5955B	C182
B306	N5955E	C172
B308	N5955G	C150
B309	N5955H	PA16
B30B	N5955K	AC90
B30D	N5955M	PA23
B311	N5955R	PC12
B314	N5955U	P28A
B315	N5955V	P28A
B31C	N59552	B06
B31D	N59553	B06
B325	N5956A	C172
B327	N5956C	BE35
B328	N5956D	PA22
B329	N5956E	C172
B32D	N5956J	C150
B32E	N5956K	AC90
B333	N5956Q	M20P
B336	N5956T	C150
B337	N5956U	P28A
B338	N5956V	J3
B341	N59564	B06
B348	N5957A	C172
B349	N5957B	C182
B34C	N5957E	C150
B362	N59572	VALI
B368	N59578	B06
B369	N59579	B06
B36B	N5958A	C172
B36F	N5958E	C150
B372	N5958H	PA16
B379	N5958Q	M20P
B37F	N5958W	P28A
B385	N59582	B06
B388	N59585	FA62
B38E	N5959A	SR20
B391	N5959D	PA22
B392	N5959E	C150
B393	N5959F	BE18
B395	N5959H	PA16
B396	N5959J	T211
B397	N5959K	PA18
B398	N5959L	L29
B39F	N5959T	C150
B3A0	N5959U	P28A
B3A3	N5959X	PA18
B3A5	N5959Z	CH75
B3AD	N59597	FA62
B3AE	N59598	ST75
B3B4	N596AC	SR22
B3C2	N596AS	B738
B3C3	N596AT	PIAT
B3E3	N596C	S108
B3E6	N596CC	S22T
B3E7	N596CD	SR22
B3F1	N596CP	SR22
B3F4	N596CS	C72R
B3FE	N596DB	FOX
B406	N596DK	RV4
B407	N596DL	C182
B408	N596DM	C402
B40D	N596DS	BE36
B425	N596ER	DA42
B42F	N596FA	C172
B433	N596FE	MD11
B437	N596FJ	LJ45
B444	N596FX	CL35
B457	N596GR	H60
B46E	N596HP	P32R
B479	N596J	JAB4
B487	N596JP	LAMA
B489	N596JR	CH7A
B48E	N596JW	FOX
B4AB	N596L	PA31
B4B1	N596LF	A119
B4C5	N596MA	F260
B4D5	N596MS	AS50
B4D6	N596MT	DA40
B4E1	N596ND	PA44
B4EA	N596NN	CRJ9
B4F2	N596NW	B753
B4FE	N596PH	P28A
B507	N596PS	RV6
B520	N596QS	C68A
B53C	N596RV	RV9
B541	N596S	RV6
B544	N596SC	P28A
B547	N596SF	SS2T
B551	N596SR	SR22
B553	N596ST	PA46
B557	N596SX	SONX
B55A	N596T	BE35
B55D	N596TC	PA32
B574	N596UA	B752
B5A6	N596WA	AS50
B5B6	N596WS	SR22
B5D9	N596YB	H60
B60A	N5960A	C172
B60C	N5960C	BE35
B60E	N5960E	C150
B60F	N5960F	P28A
B612	N5960J	C150
B614	N5960L	AA1
B617	N5960P	PA24
B618	N5960Q	M20P
B619	N5960R	C172
B61A	N5960S	PA18
B61B	N5960T	C150
B61E	N5960W	P28A
B621	N5960Z	PA18
B622	N59600	B06
B626	N59604	B06
B62D	N5961A	C172
B62E	N5961B	C182
B633	N5961G	C150
B637	N5961L	AA1
B63C	N5961R	C172
B63E	N5961T	C150
B643	N5961Y	PA23
B650	N5962A	C172
B654	N5962E	C150
B656	N5962G	C150
B65D	N5962P	PA24
B65E	N5962Q	M20P
B65F	N5962R	C172
B662	N5962U	P28A
B663	N5962V	BIPL
B664	N5962W	P28A
B667	N5962Z	PA22
B66D	N59625	J3
B674	N5963B	C182
B679	N5963G	C150
B681	N5963Q	M20P
B684	N5963T	C150
B687	N5963W	P28A
B689	N5963Y	PA23
B68A	N5963Z	PA18
B68F	N59634	ST75
B690	N59635	ST75
B692	N59637	ST75
B696	N5964A	C172
B697	N5964B	C182
B69B	N5964F	P28A
B6A3	N5964P	PA24
B6A4	N5964Q	M20P
B6A7	N5964T	C150
B6A8	N5964U	P28A
B6B3	N59645	PA18
B6B4	N59646	ST75
B6BA	N5965B	C182
B6BB	N5965C	J3
B6C1	N5965J	C150
B6C3	N5965L	AA5
B6C6	N5965P	CHR4
B6C9	N5965S	BE23
B6CA	N5965T	C150
B6CD	N5965W	P28A
B6D3	N59652	PA36
B6DA	N59659	ST75
B6DC	N5966A	C172
B6DD	N5966B	C182
B6E0	N5966E	C150
B6E1	N5966F	P28A
B6E3	N5966H	PA16
B6E4	N5966J	C182
B6E9	N5966P	PA24
B6EA	N5966Q	M20P
B6F5	N59661	PA36
B6FD	N59669	PA36
B700	N5967B	C182
B703	N5967E	C150
B706	N5967H	PA16
B70C	N5967P	PA24
B712	N5967V	P28R
B713	N5967W	P28A
B716	N5967Z	PA22
B71F	N59678	PA36
B723	N5968B	C182
B725	N5968D	PA22
B729	N5968H	PA16
B72A	N5968J	C150
B72F	N5968P	PA24
B730	N5968Q	M20P
B736	N5968W	P28A
B73B	N59681	PA36
B73D	N59683	PA36
B742	N59688	GLID
B745	N5969A	C172
B748	N5969D	PA22
B749	N5969E	C150
B74A	N5969F	C210
B74C	N5969H	COL4
B753	N5969Q	M20P
B754	N5969R	C172
B758	N5969V	P32R
B75A	N5969X	LNP4
B75C	N5969Z	PA22
B762	N59695	ST75
B76B	N597AC	EC25
B76E	N597AF	C650
B778	N597AR	C310
B779	N597AS	B738
B782	N597BA	BE20
B78C	N597BL	COY2
B79A	N597C	S108
B79B	N597CA	M20P
B79E	N597CD	SR22
B7A6	N597CM	BL8
B7B3	N597D	C172
B7BF	N597DM	C172
B7C5	N597DT	A21N
B7C9	N597DX	S22T
B7CC	N597E	UH1
B7D7	N597EL	A318
B7DC	N597ER	DA42
B7EA	N597FE	MD11
B7FB	N597FX	CL35
B801	N597GC	CH7B
B80E	N597GR	H60
B830	N597J	JAB4
B832	N597JB	A320
B833	N597JC	C180
B836	N597JF	P28A
B837	N597JG	P28A
B849	N597K	C195
B84C	N597KC	PA46
B862	N597L	PA30
B867	N597LE	R22
B870	N597LP	S22T
B87D	N597MB	M20P
B87F	N597MD	GLIM
B887	N597MM	BE20
B88D	N597MT	DA40
B898	N597ND	M20P
B899	N597NE	GALX
B8A1	N597NN	CRJ9
B8AD	N597P	BE9L
B8D7	N597QS	C68A
B8E0	N597RA	DA40
B8E1	N597RB	GALX
B8F3	N597RV	RV7
B8F8	N597S	RV6
B8F9	N597SA	R44
B8FB	N597SC	P28A
B8FE	N597SF	BE58
B906	N597SP	C172
B908	N597SR	SR22
B90B	N597SU	R44
B911	N597T	BE95
B919	N597TH	LNC4
B91A	N597TJ	PTS2
B923	N597TT	C177
B92B	N597UA	B752
B949	N597VF	BE20
B95C	N597W	P28A
B9C0	N5970	FOX
B9C3	N5970C	CH65
B9C4	N5970D	PA18
B9C7	N5970G	C150
B9CE	N5970P	PA24
B9CF	N5970Q	M20P
B9D2	N5970T	C150
B9D3	N5970U	P28A
B9D5	N5970W	P28A
B9D9	N59700	BE17
B9DA	N59701	CH70
B9DB	N59702	TAYD
B9E3	N5971	SR22
B9E4	N5971A	C172
B9E6	N5971C	BE35
B9E7	N5971D	PA18
B9F3	N5971R	C172
B9F6	N5971U	P28A
B9FB	N5971Z	PA18
BA07	N5972A	C172
BA09	N5972C	RV7
BA0A	N5972D	PA18
BA0B	N5972E	C150
BA0C	N5972F	P28A
BA0E	N5972H	PA16
BA19	N5972U	P28A
BA1D	N5972Y	PA23
BA23	N59724	ST75
BA26	N59727	ST75
BA2E	N5973E	C150
BA37	N5973P	PA24
BA38	N5973Q	M20P
BA39	N5973R	C172
BA3A	N5973S	BE23
BA3E	N5973W	P28A
BA41	N5973Z	PA22
BA43	N59731	ST75
BA47	N59735	ST75
BA4F	N5974C	BE35
BA51	N5974E	C150
BA54	N5974H	PA16
BA57	N5974L	AA1
BA5A	N5974P	PA24
BA5B	N5974Q	M20P
BA5D	N5974S	BE23
BA5F	N5974U	P28A
BA67	N59742	ST75
BA6B	N59746	ST75
BA70	N5975A	C172
BA72	N5975C	BE35
BA74	N5975E	C150
BA7F	N5975R	C172
BA8A	N59752	PA31
BA8C	N59754	ST75
BA90	N59758	ST75
BA91	N59759	ST75
BA93	N5976A	C172
BA94	N5976B	RV6
BA97	N5976E	C172
BAA1	N5976Q	M20P
BAA2	N5976R	C172
BAA4	N5976T	C150
BAA8	N5976X	BRB2
BAAF	N59764	PA31
BAB2	N59767	ST75
BAB3	N59768	ST75
BAB9	N5977D	PA18
BABB	N5977F	CRER
BABC	N5977G	C150
BABE	N5977J	C150
BABF	N5977K	RV9
BAC3	N5977P	PA24
BAC6	N5977S	BE23
BAC7	N5977T	C150
BAC8	N5977U	P28A
BAC9	N5977V	P28A
BACC	N5977Y	PA23
BACD	N5977Z	PA18
BACE	N59770	ST75
BAD6	N59778	ST75
BAD8	N5978	DHC2
BADC	N5978D	PA18
BAE1	N5978J	C150
BAE6	N5978P	PA24
BAE7	N5978Q	M20P
BAFF	N5979D	PA18
BB00	N5979E	C150
BB01	N5979F	PA34
BB02	N5979G	C150
BB0A	N5979Q	M20P
BB0C	N5979S	BE23
BB0E	N5979U	P28A
BB11	N5979X	YK52
BB13	N5979Z	PA18
BB15	N59791	ST75
BB1F	N598A	P28A
BB21	N598AB	C185
BB2A	N598AL	FOX
BB30	N598AS	C414
BB31	N598AT	BE9L
BB38	N598B	BE35
BB39	N598BA	AT3T
BB3F	N598BG	M20P
BB44	N598BM	FOX
BB53	N598CB	B737
BB55	N598CD	SR22
BB5A	N598CJ	GLID
BB6C	N598DB	E550
BB6E	N598DD	SR20
BB76	N598DM	C402
BB77	N598DN	A21N
BB7A	N598DR	BE40
BB84	N598EA	EA50
BB8E	N598EL	A318
BB93	N598ER	DA42
BBA1	N598FE	MD11
BBB2	N598FX	CL35
BBB7	N598GB	BE58
BBBE	N598GJ	GLF5
BBDE	N598HR	H25B
BBE7	N598J	JAB4
BBE9	N598JB	A320
BBEB	N598JD	CAMP
BC04	N598KD	G150
BC15	N598KW	C550
BC1A	N598LA	AT5T
BC33	N598MA	P32R
BC35	N598MC	C82S
BC3E	N598MM	PC12
BC44	N598MT	DA40
BC4F	N598ND	PA44
BC52	N598NG	PC12
BC58	N598NN	CRJ9
BC64	N598P	P28R
BC65	N598PA	GLIM
BC73	N598PQ	FOX
BC79	N598PW	GLID
BC8E	N598QS	C68A
BCA2	N598RM	EVOT
BCB2	N598SC	P28A
BCB3	N598SD	RV9
BCBD	N598SP	C172
BCBF	N598SR	SR22
BCC8	N598T	BE35
BCCE	N598TF	P46T
BCD6	N598TP	E55P
BCE2	N598UA	B752
BD16	N598WC	F900
BD19	N598WF	TBM9
BD2C	N598X	RV8
BD78	N5980A	C172
BD7C	N5980E	C150
BD7E	N5980G	C150
BD85	N5980P	PA24
BD87	N5980R	C172
BD8A	N5980U	P28A
BD8C	N5980W	P28A
BD8F	N5980Z	PA18
BD96	N59806	B214
BD9C	N5981B	BE36
BD9D	N5981C	BE35
BD9E	N5981D	PA18
BDA5	N5981L	AA1
BDAA	N5981R	C172
BDAB	N5981S	BE23
BDAD	N5981U	P28A
BDAF	N5981W	P28A
BDB2	N5981Z	PA18
BDB3	N59810	ST75
BDB5	N59812	AR6T
BDC1	N5982D	PA18
BDC2	N5982E	C150
BDC3	N5982F	C210
BDC5	N5982H	PA16
BDC9	N5982M	P46T
BDCE	N5982S	BE23
BDCF	N5982T	C150
BDD0	N5982U	P28A
BDD2	N5982W	P28A
BDD4	N5982Y	PA23
BDD6	N59820	PA31
BDDC	N59826	PA31
BDDF	N59829	PA31
BDE2	N5983B	C182
BDE4	N5983D	PA18
BDE5	N5983E	C82R
BDE8	N5983H	PA16
BDE9	N5983J	C172
BDEB	N5983L	AA1
BDF3	N5983U	P28A
BDF4	N5983V	P28R
BDF5	N5983W	P28A
BDF7	N5983Y	PA23
BE03	N5984	C182
BE09	N5984F	C210
BE0B	N5984H	PA16
BE0C	N5984J	C182
BE12	N5984Q	M20P
BE14	N5984S	BE23
BE16	N5984U	P28A
BE18	N5984W	P28A
BE1C	N59840	VALI
BE1E	N59842	VALI
BE1F	N59843	VALI
BE24	N59848	PA31
BE27	N5985A	C172
BE2B	N5985E	C150
BE2D	N5985G	C150
BE2F	N5985J	C182
BE34	N5985P	PA24
BE35	N5985Q	M20P
BE3A	N5985V	J3
BE3B	N5985W	P28A
BE3C	N5985X	BRB2
BE3E	N5985Z	PA18
BE4A	N5986A	C172
BE4C	N5986C	BE35
BE4F	N5986F	C210
BE58	N5986Q	M20P
BE5C	N5986U	P28A
BE5D	N5986V	PA32
BE5E	N5986W	P28A
BE5F	N5986X	BRB2
BE60	N5986Y	PA23
BE67	N59865	PA31
BE69	N59867	PA31
BE6C	N5987	CAMP
BE6D	N5987A	C172
BE73	N5987G	C188
BE74	N5987H	PA16
BE75	N5987J	C150
BE7B	N5987Q	M20P
BE7F	N5987U	P28A
BE8C	N59877	ST75
BE8E	N59879	ST75
BE90	N5988A	C172
BE91	N5988B	C182
BE93	N5988D	PA22
BE9B	N5988M	C421
BEA1	N5988T	C150
BEA2	N5988U	P28A
BEA4	N5988W	P28A
BEA7	N5988Z	PA18
BEB3	N5989A	C172
BEB6	N5989D	PA22
BEB7	N5989E	C150
BEC1	N5989Q	M20P
BEC4	N5989T	C150
BEC7	N5989W	P28A
BED5	N599	CAMP
BEE1	N599AL	B350
BEE7	N599AS	C441
BEEA	N599AV	A320
BEF0	N599BA	AT3T
BEF1	N599BB	BE9L
BEF2	N599BC	SR22
BEF4	N599BE	B735
BEF6	N599BG	BE30
BF04	N599BW	GLST
BF0B	N599CC	PA11
BF0C	N599CD	SR20
BF0D	N599CE	GLEX
BF16	N599CP	C182
BF1A	N599CT	FDCT
BF1D	N599CW	RV12
BF20	N599CZ	BE99
BF21	N599D	CRUZ
BF22	N599DA	A21N
BF23	N599DB	P32R
BF24	N599DC	DV20
BF25	N599DD	SREY
BF2B	N599DK	CH7B
BF2C	N599DL	RV6
BF2D	N599DM	CASS
BF32	N599DS	BE33
BF33	N599DT	RV7
BF3A	N599E	BE35
BF4A	N599ER	DA42
BF52	N599EZ	LGEZ
BF58	N599FE	MD11
BF69	N599FX	CL35
BF6C	N599G	TBM7
BF75	N599GJ	F2TH
BF7C	N599GR	TB30
BF85	N599H	GLF5
BF86	N599HA	CL35
BF8B	N599HF	HUCO
BF8C	N599HG	GLF5
BF90	N599HL	BE9L
BF9E	N599J	AA5
BFA0	N599JB	A320
BFA2	N599JD	BARC
BFA4	N599JF	CL35
BFA5	N599JG	RV8
BFA6	N599JH	GLID
BFA8	N599JK	C25B
BFAE	N599JR	WAIX
BFB0	N599JT	GLF5
BFB3	N599JW	PTS1
BFB7	N599K	COL4
BFBB	N599KD	C560
BFC3	N599KM	CH60
BFDE	N599LP	H25B
BFEB	N599MB	C208
BFEE	N599ME	SR22
BFF0	N599MG	SR22
BFF9	N599MR	SR22
BFFB	N599MT	DA40
C00F	N599NN	CRJ9
C01D	N599PB	PC12
C027	N599PM	SR22
C045	N599QS	C56X
C055	N599RH	GLID
C058	N599RL	SLG4
C059	N599RM	C501
C05E	N599RS	RV12
C069	N599SC	CRUZ
C06A	N599SD	AS50
C076	N599SR	GLEX
C07B	N599SW	CLBR
C07C	N599SX	SONX
C080	N599TA	LJ45
C082	N599TC	LJ60
C086	N599TG	CH60
C08B	N599TM	BE40
C08F	N599TR	GLF5
C090	N599TS	T206
C091	N599TT	HIGH
C0B1	N599V	RV7
C0BB	N599VK	BE95
C0CC	N599WB	BE33
C0E3	N599X	C140
C0F2	N599XQ	DH8C
C112	N599YX	WAIX
C113	N599YY	CRER
C115	N599Z	GC1
C121	N599ZM	FA20
C12D	N599ZZ	M7
C12E	N5990	B47G
C133	N5990E	C172
C13C	N5990P	L8
C13D	N5990Q	M20P
C142	N5990V	J3
C148	N59901	ST75
C14D	N59906	PA31
C156	N5991E	C150
C159	N5991H	PA16
C15A	N5991J	C150
C15C	N5991L	AA1
C160	N5991Q	M20P
C164	N5991U	P28A
C165	N5991V	P32R
C166	N5991W	P28A
C17D	N5992J	C150
C183	N5992Q	M20P
C18C	N5992Z	PA18
C18D	N59920	J3
C192	N59925	ST75
C19A	N5993C	BE35
C19C	N5993E	C172
C19D	N5993F	P28A
C19E	N5993G	C150
C19F	N5993H	PA16
C1A6	N5993Q	M20P
C1AA	N5993U	P28A
C1AC	N5993W	P28A
C1AF	N5993Z	PA18
C1B6	N59936	PA31
C1BF	N5994E	C150
C1C2	N5994H	PA16
C1C6	N5994M	DH82
C1C8	N5994P	PA24
C1CB	N5994S	BE23
C1CC	N5994T	C150
C1CF	N5994W	P28A
C1D2	N5994Z	PA18
C1D4	N59941	J3
C1DB	N59948	PA31
C1DE	N5995A	C172
C1DF	N5995B	C182
C1E0	N5995C	BE35
C1E1	N5995D	PA22
C1E5	N5995H	PA16
C1E6	N5995J	C182
C1EB	N5995P	PA24
C1EC	N5995Q	M20P
C1F0	N5995U	P28A
C1F2	N5995W	P28A
C1F6	N59950	ST75
C201	N5996A	C172
C202	N5996B	C182
C206	N5996F	C210
C209	N5996J	C182
C20C	N5996M	C421
C210	N5996R	C172
C212	N5996T	C150
C214	N5996V	PA34
C216	N5996X	BRB2
C21A	N59961	VALI
C225	N5997B	C182
C231	N5997P	PA24
C233	N5997R	C172
C234	N5997S	BE23
C237	N5997V	P28A
C238	N5997W	P28A
C23B	N5997Z	PA18
C23F	N59973	PA31
C243	N59977	ST75
C247	N5998A	C172
C248	N5998B	C182
C249	N5998C	BE35
C24B	N5998E	C150
C25A	N5998V	P28A
C25E	N5998Z	PA18
C261	N59982	PA31
C263	N59984	PA31
C266	N59987	PA31
C267	N59988	J5
C26B	N5999B	C182
C26E	N5999E	C150
C277	N5999P	PA24
C281	N5999Z	PA18
C282	N59990	ST75
C28D	N6A	E55P
C28E	N6AA	COL4
C28F	N6AB	C172
C290	N6AC	BE58
C291	N6AD	PA12
C292	N6AE	C25A
C295	N6AH	BOLT
C296	N6AJ	J3
C297	N6AK	FA50
C298	N6AL	GLST
C29A	N6AN	J3
C29B	N6AP	S22T
C29C	N6AQ	BE65
C29D	N6AR	PA31
C29E	N6AS	EAGL
C29F	N6AT	PC7
C2A2	N6AW	C182
C2A4	N6AY	BE35
C2A7	N6BA	BE18
C2A8	N6BB	C25B
C2A9	N6BC	BL8
C2AA	N6BD	RV10
C2AB	N6BE	C77R
C2AD	N6BG	SR22
C2AE	N6BH	PTS1
C2B0	N6BK	C180
C2B1	N6BL	S58T
C2B3	N6BN	BL8
C2B4	N6BP	M20P
C2B5	N6BQ	LNC2
C2B6	N6BR	C56X
C2B9	N6BU	B06
C2BB	N6BW	BE58
C2BD	N6BY	BE58
C2C0	N6CA	SR22
C2C1	N6CB	C208
C2C2	N6CC	EA50
C2C3	N6CD	SR22
C2C4	N6CE	C172
C2C5	N6CF	LGEZ
C2C6	N6CG	LGEZ
C2C7	N6CH	BE58
C2C8	N6CJ	PTS1
C2CA	N6CL	T34P
C2CB	N6CM	T18
C2CC	N6CN	T34P
C2CD	N6CP	GLF6
C2D0	N6CS	P337
C2D1	N6CT	RV6
C2D3	N6CV	P337
C2D4	N6CW	C182
C2D7	N6CZ	PA23
C2D8	N6D	GA7C
C2DA	N6DB	COUR
C2DB	N6DC	A5
C2DD	N6DE	T210
C2DE	N6DF	G21
C2DF	N6DG	AA5
C2E0	N6DH	BE33
C2E1	N6DJ	RV6
C2E2	N6DK	E55P
C2E4	N6DM	S22T
C2E5	N6DN	C182
C2E8	N6DR	C182
C2EA	N6DT	SF50
C2EC	N6DV	FOX
C2EF	N6DY	E55P
C2F0	N6DZ	GLID
C2F4	N6EC	P28R
C2F6	N6EE	CL60
C2F9	N6EH	HUSK
C2FB	N6EK	C150
C2FC	N6EL	ASTR
C2FD	N6EM	PTS2
C2FE	N6EN	BE95
C304	N6EU	EC45
C306	N6EW	CASS
C308	N6EY	COL4
C30A	N6F	BE35
C30B	N6FA	AA1
C30C	N6FB	BE36
C30D	N6FC	BE35
C30E	N6FD	BL8
C30F	N6FE	GLEX
C311	N6FG	P28A
C313	N6FJ	FA10
C315	N6FL	EC45
C31C	N6FT	PA32
C31E	N6FV	C77R
C321	N6FY	T28
C322	N6FZ	PC12
C323	N6G	T6
C326	N6GC	HUSK
C327	N6GD	E35L
C328	N6GE	ACRO
C329	N6GF	BE36
C32A	N6GG	PA34
C32D	N6GK	EAGL
C32E	N6GL	GLAS
C32F	N6GM	KR2
C332	N6GQ	M7
C333	N6GR	PA31
C335	N6GT	RV3
C336	N6GU	C680
C33A	N6GY	RV6
C33E	N6HB	GLAS
C340	N6HD	GLID
C341	N6HE	B407
C342	N6HF	C550
C343	N6HG	T210
C344	N6HH	BE35
C345	N6HJ	GA8C
C348	N6HM	CH7B
C349	N6HN	C172
C34A	N6HP	C82T
C34B	N6HQ	T206
C34C	N6HR	C182
C34D	N6HS	T50
C34E	N6HT	T206
C34F	N6HU	BE30
C353	N6HY	HUSK
C354	N6HZ	R44
C355	N6J	PTS1
C358	N6JC	BE33
C35A	N6JE	A109
C35B	N6JF	FB1A
C35C	N6JG	GLF4
C35E	N6JJ	BOLT
C35F	N6JK	BE35
C362	N6JN	M4
C363	N6JP	GLF5
C365	N6JR	PRM1
C366	N6JS	S22T
C367	N6JT	BE36
C369	N6JV	C185
C36B	N6JX	RV6
C36C	N6JY	C172
C36D	N6JZ	PA32
C36E	N6K	BE95
C373	N6KE	MU2
C376	N6KH	C310
C378	N6KK	C182
C37A	N6KM	T34P
C37C	N6KP	PTS1
C37E	N6KR	BE35
C380	N6KT	R22
C386	N6KZ	BE65
C387	N6L	SX30
C38A	N6LC	BE35
C38D	N6LF	PA17
C38E	N6LG	RV6
C38F	N6LH	C421
C392	N6LL	M20P
C393	N6LM	GC1
C394	N6LN	P337
C395	N6LP	GLID
C397	N6LR	P337
C398	N6LS	BE55
C399	N6LT	C180
C39A	N6LU	DHC2
C39B	N6LV	RV6
C39C	N6LW	BE60
C39D	N6LX	GLIM
C39E	N6LY	P337
C39F	N6LZ	LGEZ
C3A1	N6MA	C182
C3A2	N6MB	C172
C3A4	N6MD	C210
C3A6	N6MF	T206
C3A8	N6MH	DHC1
C3AA	N6MK	C340
C3AB	N6ML	P337
C3AC	N6MM	C310
C3AD	N6MN	GLID
C3AE	N6MP	SR22
C3AF	N6MQ	A109
C3B0	N6MR	P28A
C3B1	N6MS	GLID
C3B2	N6MT	C150
C3B3	N6MU	P337
C3B4	N6MV	EC55
C3B5	N6MW	CL60
C3B6	N6MX	PA18
C3B8	N6MZ	BE33
C3BC	N6NC	C25A
C3BD	N6ND	CH7A
C3BF	N6NF	RV6
C3C0	N6NG	LGEZ
C3C1	N6NH	P28A
C3C2	N6NJ	B06
C3C3	N6NK	GLST
C3C6	N6NN	P28R
C3C9	N6NR	H25B
C3CA	N6NS	P28A
C3CB	N6NT	P210
C3CF	N6NX	C182
C3D0	N6NY	C25C
C3D5	N6PC	GLF5
C3D6	N6PD	C210
C3D7	N6PE	PA34
C3D9	N6PG	GA5C
C3DB	N6PJ	TAIL
C3DC	N6PK	C310
C3DE	N6PM	RV6
C3DF	N6PN	T210
C3E0	N6PP	WAIX
C3E3	N6PS	C25A
C3E4	N6PT	PTS2
C3E5	N6PU	RV6
C3E7	N6PW	RV9
C3E9	N6PY	BE35
C3EB	N6Q	VELO
C3EF	N6QD	B06
C3F3	N6QH	R66
C3F5	N6QK	BE77
C3F9	N6QP	B06
C3FD	N6QT	C182
C3FE	N6QU	LNC2
C404	N6R	RV6
C405	N6RA	C425
C408	N6RD	ACR2
C409	N6RE	SEAW
C40C	N6RH	BE35
C410	N6RM	BE35
C411	N6RN	SRAI
C412	N6RP	RV6
C417	N6RU	EVOT
C419	N6RW	C310
C41A	N6RX	PTS1
C41B	N6RY	PTS2
C41C	N6RZ	WAIX
C41F	N6SB	MUS2
C423	N6SF	C180
C424	N6SG	R44
C427	N6SK	GLAS
C42B	N6SP	B429
C42C	N6SQ	C310
C42D	N6SR	EPIC
C42F	N6ST	FH11
C431	N6SV	BE35
C434	N6SY	AA5
C437	N6TA	RV6
C439	N6TC	R66
C43A	N6TD	PA18
C43C	N6TF	T6
C43D	N6TG	TAYD
C43E	N6TH	BE35
C440	N6TK	C180
C442	N6TM	C56X
C444	N6TP	C182
C445	N6TQ	R66
C446	N6TR	C560
C447	N6TS	T206
C44A	N6TV	C172
C44B	N6TW	GLID
C44C	N6TX	BE95
C44D	N6TY	B06
C44E	N6TZ	PA34
C44F	N6U	RV7
C450	N6UA	GLID
C451	N6UB	C25A
C452	N6UC	PA23
C457	N6UH	ALO3
C459	N6UK	PA32
C45A	N6UL	B06
C45F	N6UR	C182
C462	N6UU	RV6
C465	N6UX	AS50
C467	N6UZ	SONX
C469	N6VA	M600
C46B	N6VC	TBM
C46C	N6VD	M7
C46E	N6VF	F900
C471	N6VJ	BE9T
C472	N6VK	VELO
C473	N6VL	VEZE
C474	N6VM	RV6
C479	N6VS	GLID
C47B	N6VU	BE58
C47D	N6VW	M20P
C480	N6VZ	A109
C481	N6W	PTS1
C482	N6WA	C177
C483	N6WB	C310
C486	N6WE	P32R
C487	N6WF	BE95
C488	N6WG	DHC1
C489	N6WH	C180
C48A	N6WJ	P51
C48B	N6WK	BE36
C48D	N6WM	C421
C48F	N6WP	O1
C491	N6WR	MIMU
C493	N6WT	COL4
C495	N6WV	B06
C496	N6WW	BE58
C498	N6WY	BE36
C49A	N6X	PA18
C49B	N6XA	HUSK
C49C	N6XB	GLIM
C49D	N6XC	HUSK
C49E	N6XD	GLIM
C49F	N6XE	LNP4
C4A1	N6XG	EVOT
C4A4	N6XK	EPIC
C4A5	N6XL	ACR2
C4A8	N6XP	COY2
C4A9	N6XQ	HUSK
C4AA	N6XR	LNCE
C4AB	N6XS	C185
C4AD	N6XU	CAMP
C4AE	N6XV	COY2
C4AF	N6XW	R44
C4B2	N6XZ	BE36
C4B6	N6YC	RV6
C4B8	N6YE	RV6
C4BA	N6YG	RV6
C4BB	N6YH	RV8
C4BC	N6YJ	B407
C4BD	N6YK	YK52
C4BE	N6YL	PA30
C4BF	N6YM	M7
C4C1	N6YP	PA30
C4C2	N6YQ	TAIL
C4C4	N6YS	R44
C4C5	N6YT	HUSK
C4C7	N6YV	P32R
C4CB	N6YZ	LA25
C4CC	N6Z	PTS1
C4CD	N6ZA	PA11
C4CE	N6ZB	C150
C4D0	N6ZD	C337
C4D1	N6ZE	C25A
C4D3	N6ZG	PA23
C4D4	N6ZH	GP4
C4D6	N6ZK	CH60
C4D8	N6ZM	BE36
C4DA	N6ZP	C172
C4DB	N6ZQ	LNC4
C4DC	N6ZR	AEST
C4DD	N6ZS	GLID
C4DE	N6ZT	PA18
C4E6	N60A	H60
C4E8	N60AB	BE60
C4E9	N60AC	CH7B
C4EE	N60AH	HUSK
C4EF	N60AJ	LJ60
C4F0	N60AK	C185
C4F2	N60AM	BE33
C4F6	N60AR	BE20
C4F9	N60AU	BE55
C4FA	N60AV	GA6C
C4FB	N60AW	H60
C4FC	N60AX	LJ60
C4FD	N60AY	PA31
C4FE	N60AZ	EN48
C4FF	N60B	RV8
C500	N60BA	BE9L
C502	N60BC	LJ60
C503	N60BD	GLID
C504	N60BE	HUSK
C505	N60BF	RALL
C508	N60BJ	GLEX
C509	N60BK	MD60
C50B	N60BM	AC68
C50D	N60BP	GLIM
C50F	N60BR	RV8
C510	N60BS	CL60
C511	N60BT	WW24
C517	N60BZ	T18
C518	N60C	U21
C51B	N60CC	GLEX
C51D	N60CE	RV6
C51F	N60CG	PA31
C520	N60CH	C170
C522	N60CK	CL35
C523	N60CL	BE60
C524	N60CM	C700
C525	N60CN	BE30
C526	N60CP	C510
C529	N60CS	PA24
C52B	N60CU	H60
C52D	N60CW	GLIM
C530	N60CZ	SIRA
C532	N60DA	GLIM
C533	N60DB	CC11
C534	N60DC	AEST
C539	N60DH	CHR1
C53A	N60DJ	T6
C53C	N60DL	BE30
C53D	N60DM	C340
C541	N60DR	BE36
C547	N60DX	DH60
C54A	N60E	C340
C54D	N60EC	C185
C54E	N60ED	BE36
C550	N60EF	MU30
C556	N60EM	GLIM
C559	N60EQ	GA6C
C55B	N60ES	C750
C55F	N60EW	C501
C560	N60EX	C68A
C563	N60F	S108
C567	N60FD	F260
C56D	N60FK	C56X
C56E	N60FL	P46T
C56F	N60FM	R44
C575	N60FT	C550
C576	N60FU	CH7A
C577	N60FV	BE60
C578	N60FW	H60
C579	N60FX	BE65
C57A	N60FY	C310
C57F	N60GC	BE30
C580	N60GD	LJ55
C582	N60GF	LJ60
C583	N60GG	GLF4
C584	N60GH	CRJ2
C585	N60GJ	BE60
C587	N60GL	G2T1
C588	N60GM	C421
C58C	N60GR	B06
C58D	N60GS	BE18
C591	N60GW	AEST
C592	N60GX	M20P
C594	N60GZ	M20P
C595	N60H	C172
C596	N60HA	GLAS
C598	N60HC	R44
C599	N60HS	H60
C59B	N60HF	C172
C59D	N60HH	B06
C59E	N60HJ	LJ60
C5A0	N60HL	P46T
C5A1	N60HM	LJ60
C5A3	N60HP	HUSK
C5A7	N60HT	R44
C5A8	N60HU	HUSK
C5AA	N60HW	ST75
C5AB	N60HX	FA50
C5AC	N60HY	HUSK
C5AD	N602LF	CL60
C5AF	N60JA	PC24
C5B0	N60JB	BL8
C5B1	N60JC	CL60
C5B3	N60JE	HA4T
C5B4	N60JF	CJ1
C5B6	N60JH	S22T
C5B7	N60JJ	AC11
C5B8	N60JK	RBEL
C5BA	N60JM	P46T
C5BB	N60JN	LEG2
C5BF	N60JS	CASS
C5C0	N60JT	L18
C5C2	N60JV	SIDE
C5C3	N60JW	PA31
C5C7	N60K	BE36
C5C8	N60KA	B350
C5C9	N60KB	N3N
C5CA	N60KC	MU2
C5CB	N60KD	RV6
C5D1	N60KK	P06T
C5D3	N60KM	HDJT
C5D6	N60KQ	K100
C5D7	N60KR	RV7
C5D8	N60KS	AEST
C5D9	N60KT	BE35
C5DB	N60KV	PA31
C5DC	N60KW	BE9L
C5E3	N60LC	BD5J
C5E5	N60LE	R44
C5E6	N60LF	PA23
C5E7	N60LG	PTS2
C5E8	N60LH	B06
C5E9	N60LJ	LJ60
C5EC	N60LM	AEST
C5EE	N60LP	BE36
C5F0	N60LR	BL8
C5F1	N60LS	GLID
C5F2	N60LT	PC7
C5F4	N60LV	LJ60
C5F7	N60LY	PA32
C5FB	N60MB	PA23
C602	N60MJ	B190
C603	N60MK	P210
C604	N60ML	BE35
C605	N60MM	MITE
C609	N60MR	GA7
C60A	N60MS	KR2
C60B	N60MT	C25C
C60D	N60MV	ST75
C60E	N60MW	C182
C610	N60MY	ALIG
C611	N60MZ	DH60
C613	N60NA	P28A
C615	N60NC	BD4
C617	N60NE	BE36
C618	N60NF	E55P
C61A	N60NH	SW3
C61C	N60NK	BE65
C61E	N60NM	A109
C624	N60NT	AS50
C62A	N60NZ	BE60
C62C	N60PA	GLF5
C62F	N60PD	BE20
C630	N60PE	C170
C631	N60PF	BE60
C633	N60PH	B06
C634	N60PJ	B06
C635	N60PK	T210
C636	N60PL	PA32
C637	N60PM	PA46
C639	N60PP	C340
C63B	N60PR	AEST
C63C	N60PS	CRER
C63D	N60PT	FOX
C63F	N60PV	C560
C643	N60PZ	S22T
C644	N60Q	C195
C64D	N60QJ	GA6C
C65D	N60R	SA10
C65E	N60RA	BE20
C65F	N60RB	PA22
C660	N60RC	KR2
C661	N60RD	C25B
C665	N60RH	GLIM
C667	N60RK	BE60
C668	N60RL	LJ60
C669	N60RM	BE35
C66A	N60RN	H60
C66B	N60RP	M20P
C66E	N60RS	P210
C66F	N60RT	LNC2
C676	N60S	C56X
C677	N60SA	BE30
C678	N60SB	K100
C679	N60SC	CRUZ
C67A	N60SD	VEZE
C67B	N60SE	S22T
C67C	N60SF	FURY
C67D	N60SG	CH7B
C67E	N60SH	BE58
C67F	N60SJ	SF50
C681	N60SL	CH75
C683	N60SN	FA8X
C684	N60SP	PETR
C687	N60SS	C172
C688	N60ST	P337
C689	N60SU	P28R
C68C	N60SX	C152
C68F	N60T	BLKS
C690	N60TA	PA31
C691	N60TB	TB20
C695	N60TF	DHC2
C697	N60TH	T206
C698	N60TJ	BE10
C69B	N60TM	PA46
C6A0	N60TS	AVID
C6A1	N60TT	PA32
C6A4	N60TW	BIPL
C6A5	N60TX	AS50
C6A6	N60TY	M20P
C6AB	N60UC	B190
C6B0	N60UH	SR22
C6B2	N60UK	HUSK
C6B6	N60UP	RV6
C6B9	N60US	C25B
C6C2	N60VA	C185
C6C3	N60VB	AEST
C6C4	N60VC	H60
C6C6	N60VE	GA6C
C6C8	N60VG	B06
C6CF	N60VP	BE9L
C6D2	N60VS	H500
C6D3	N60VT	FDCT
C6D4	N60VU	DV20
C6D5	N60VV	LJ60
C6DA	N60W	C195
C6E0	N60WF	PA24
C6E1	N60WG	M600
C6E2	N60WH	C340
C6E6	N60WM	RV6
C6E8	N60WP	PC12
C6EA	N60WR	RV6
C6EC	N60WT	DHC2
C6EF	N60WW	WAIX
C6F1	N60WY	HUSK
C6F3	N60X	C185
C6F4	N60XA	GA7C
C6F7	N60XD	BL8
C6FF	N60XM	C180
C701	N60XP	H60
C705	N60XT	TAIL
C70C	N60Y	P337
C70D	N60YA	BE36
C711	N60YE	PA46
C713	N60YG	C172
C71D	N60YS	AC80
C725	N60Z	GLID
C726	N60ZA	GLIM
C73C	N60ZY	COZY
C73E	N600	GLAS
C73F	N600A	PA22
C740	N600AA	P28A
C741	N600AB	PA31
C742	N600AC	BE9L
C743	N600AD	MIMU
C744	N600AE	P46T
C745	N600AF	BE36
C746	N600AG	PA46
C747	N600AH	PA24
C748	N600AJ	LJ60
C74A	N600AL	C25A
C74B	N600AM	EC20
C74D	N600AP	RV7
C751	N600AT	C550
C753	N600AV	P28A
C754	N600AW	E550
C756	N600AY	P46T
C757	N600AZ	AEST
C758	N600B	C182
C759	N600BA	AEST
C75A	N600BB	BE58
C75B	N600BC	BL8
C75E	N600BF	BE65
C760	N600BH	RV4
C761	N600BJ	P46T
C764	N600BM	PC12
C766	N600BP	E145
C769	N600BS	F900
C76A	N600BT	P46T
C76D	N600BW	C560
C770	N600BZ	SR22
C771	N600C	LJ55
C772	N600CA	BE30
C773	N600CB	C56X
C774	N600CC	AEST
C775	N600CD	FA20
C777	N600CF	CL30
C778	N600CG	C180
C779	N600CH	E545
C77A	N600CJ	P32R
C77B	N600CK	GLF4
C77C	N600CL	LJ60
C77E	N600CN	F2TH
C77F	N600CP	BE60
C781	N600CR	PA46
C782	N600CS	E50P
C783	N600CT	BE36
C786	N600CW	RV6
C789	N600CZ	KP5
C78C	N600DB	GLIM
C791	N600DG	GLIM
C795	N600DL	SKAR
C796	N600DM	L39
C79C	N600DT	P46T
C79E	N600DV	P46T
C7A2	N600DZ	A21N
C7A3	N600E	NAVI
C7A4	N600EA	C550
C7A5	N600EB	GA6C
C7A7	N600ED	AEST
C7A8	N600EE	C182
C7A9	N600EF	LJ60
C7B1	N600EP	R44
C7B4	N600ES	MD60
C7B5	N600ET	P46T
C7B7	N600EV	P46T
C7B9	N600EX	C310
C7BB	N600EZ	LGEZ
C7BD	N600FA	AEST
C7BF	N600FC	K100
C7C2	N600FF	AEST
C7C4	N600FH	H500
C7C5	N600FJ	GA6C
C7C7	N600FL	P46T
C7CA	N600FP	AP22
C7CC	N600FR	GA6C
C7CD	N600FS	M20P
C7D2	N600FX	E550
C7D3	N600FY	GLST
C7D6	N600GA	CL60
C7D9	N600GD	BE36
C7DB	N600GF	E55P
C7DD	N600GH	P46T
C7DF	N600GK	C25A
C7E1	N600GM	LJ25
C7E3	N600GP	M600
C7E5	N600GR	PC12
C7EA	N600GW	MU30
C7EE	N600H	GA6C
C7F0	N600HB	C182
C7F1	N600HC	C414
C7F2	N600HD	AS50
C7F4	N600HF	C82R
C7F6	N600HH	T18
C7F7	N600HJ	P28A
C7F9	N600HL	FA10
C7FA	N600HM	C208
C7FB	N600HN	EC35
C7FC	N600HP	C208
C7FE	N600HR	C25A
C800	N600HT	E50P
C803	N600HW	C550
C804	N600HX	S64
C805	N600HY	HUSK
C806	N600HZ	E550
C807	N600J	GLF5
C808	N600JA	P46T
C809	N600JB	FA50
C80C	N600JE	MU2
C80D	N600JF	C172
C80E	N600JG	PA32
C80F	N600JH	RLU1
C810	N600JJ	CL60
C811	N600JK	AEST
C812	N600JL	PA32
C813	N600JM	F900
C815	N600JP	JAB4
C818	N600JS	G164
C819	N600JT	E550
C81B	N600JV	GLEX
C81E	N600JY	C500
C821	N600KA	BE30
C823	N600KC	P46T
C825	N600KE	WW24
C826	N600KF	FOX
C82A	N600KK	RV6
C82B	N600KL	E50P
C831	N600KS	P46T
C832	N600KT	SR22
C839	N600L	C68A
C83A	N600LA	RV4
C83B	N600LB	SR22
C841	N600LH	RV10
C842	N600LJ	LJ60
C844	N600LL	AS65
C845	N600LM	T6
C846	N600LN	C68A
C847	N600LP	E35L
C849	N600LR	CRJ9
C84B	N600LT	JPRO
C850	N600LY	FA50
C853	N600MA	UH1
C854	N600MB	BE95
C855	N600MC	C25A
C856	N600MD	BE35
C857	N600ME	GA6C
C858	N600MF	T6
C85A	N600MH	DHC6
C85C	N600MK	M600
C85D	N600ML	BE20
C863	N600MS	BE36
C864	N600MT	B407
C865	N600MU	P46T
C867	N600MW	MD60
C86A	N600MZ	GA6C
C86D	N600NB	GLEX
C86E	N600NC	DHC4
C872	N600NG	P46T
C874	N600NJ	AEST
C876	N600NL	DHC2
C877	N600NM	P46T
C878	N600NN	CRJ9
C87E	N600NU	T206
C87F	N600NV	P46T
C881	N600NX	E550
C882	N600NY	WW24
C885	N600PA	BE58
C887	N600PC	BL8
C889	N600PE	BE58
C88B	N600PG	BE60
C88C	N600PH	LJ60
C88D	N600PJ	P46T
C88E	N600PK	C82T
C88F	N600PL	SAKO
C890	N600PM	BE95
C894	N600PR	GY20
C895	N600PS	AC90
C896	N600PT	P46T
C898	N600PV	H60
C899	N600PW	G164
C8AE	N600QS	C56X
C8B6	N600R	AEST
C8B7	N600RA	FA20
C8B8	N600RB	EN28
C8BA	N600RD	P28A
C8BD	N600RG	GA6C
C8BE	N600RH	GA6C
C8BF	N600RJ	PA23
C8C0	N600RK	BE20
C8C1	N600RL	C82R
C8C4	N600RP	RV7
C8C6	N600RR	C310
C8C7	N600RS	AS50
C8CA	N600RV	BE58
C8CB	N600RW	EC20
C8CC	N600RX	E550
C8D0	N600SA	GLIM
C8D3	N600SD	UH1
C8D4	N600SE	T18
C8D5	N600SF	ST30
C8D8	N600SJ	LJ60
C8D9	N600SK	SR22
C8DA	N600SL	P46T
C8DB	N600SM	C320
C8DD	N600SP	A109
C8DF	N600SR	R44
C8E2	N600SU	C150
C8E3	N600SV	P46T
C8E8	N600T	G164
C8E9	N600TA	EN28
C8EA	N600TB	C550
C8EC	N600TD	LJ60
C8ED	N600TE	AEST
C8EF	N600TG	C208
C8F0	N600TH	C414
C8F1	N600TJ	P46T
C8F3	N600TL	R22
C8F5	N600TN	E35L
C8F8	N600TR	P46T
C8F9	N600TS	PA31
C8FE	N600TX	GLF6
C900	N600TZ	COL4
C902	N600UA	DC6
C909	N600UH	R44
C920	N600VF	AEST
C926	N600VM	C25A
C92A	N600VR	BE35
C92B	N600VS	RV6
C934	N600WA	BE9T
C935	N600WB	E35L
C937	N600WD	FA20
C938	N600WE	GA6C
C93A	N600WG	GLF5
C93E	N600WL	P210
C940	N600WN	B733
C943	N600WR	P46T
C945	N600WT	CP30
C948	N600WW	WAIX
C94A	N600WY	PC12
C95A	N600XP	C172
C95C	N600XR	LJ60
C95E	N600XT	C25A
C965	N600Y	WACG
C96F	N600YK	CJ6
C973	N600YP	P46T
C975	N600YR	P46T
C977	N600YT	GLID
C983	N600ZE	G21
C996	N600ZZ	BE36
C998	N6000A	C172
C999	N6000B	BE23
C99C	N6000E	BE35
C9A0	N6000J	AT8T
C9A2	N6000L	C180
C9A3	N6000M	BE18
C9A5	N6000P	PA23
C9A6	N6000Q	M20P
C9A7	N6000R	C172
C9A9	N6000T	P28B
C9AA	N6000U	C162
C9AC	N6000W	P28A
C9AE	N6000Y	AT3P
C9AF	N6000Z	RV6
C9B2	N60002	C150
C9B3	N60003	BE23
C9B7	N60007	BE24
C9B9	N60009	ST75
C9BC	N6001B	C182
C9BE	N6001D	PA22
C9BF	N6001E	BE35
C9C0	N6001F	BE35
C9C1	N6001G	C150
C9C2	N6001H	BE24
C9C3	N6001J	C150
C9C4	N6001K	BE77
C9C8	N6001P	PA24
C9C9	N6001Q	M20P
C9CA	N6001R	BE76
C9CB	N6001S	GLID
C9CC	N6001T	GLID
C9D1	N6001Y	BE76
C9D3	N60010	T50
C9D9	N60016	C150
C9DB	N60018	T206
C9DC	2280	AT8T
C9DD	N6002	CH70
C9DF	N6002B	C182
C9E0	N6002C	BE76
C9E4	N6002G	C162
C9E5	N6002H	AT8T
C9E6	N6002J	C182
C9E7	N6002K	BE76
C9E8	N6002L	BE76
C9E9	N6002M	BE24
C9ED	N6002R	C172
C9EE	N6002S	BE23
C9EF	N6002T	AT8T
C9F2	N6002W	P28A
C9F6	N60020	C162
C9F7	N60021	BE24
C9FA	N60024	C150
C9FC	N60026	C150
C9FD	N60027	BE23
C9FE	N60028	C150
CA03	N6003C	BE23
CA05	N6003E	BE35
CA06	N6003F	C162
CA07	N6003G	AT5T
CA08	N6003H	J3
CA0C	N6003M	SAKO
CA0F	N6003Q	M20P
CA10	N6003R	BE76
CA13	N6003U	P28A
CA15	N6003W	P28A
CA17	N6003Y	BE76
CA18	N6003Z	BE23
CA19	N60030	C82S
CA1B	N60032	C150
CA1C	RJ2551	AT8T
CA1D	N60034	SR22
CA22	N60039	CH70
CA24	N6004A	DHC1
CA29	N6004F	BE35
CA2A	N6004G	C150
CA2B	N6004H	P28A
CA2E	N6004L	C82S
CA2F	N6004M	ST75
CA32	N6004Q	M20P
CA33	N6004R	C172
CA35	N6004T	C150
CA38	N6004W	BE23
CA3A	N6004Y	C82S
CA3C	N60040	C150
CA3D	N60041	B350
CA41	N60045	C162
CA42	N60046	AC11
CA47	N6005A	C172
CA48	N6005B	C182
CA49	N6005C	SR22
CA4B	N6005E	BE35
CA4D	N6005G	C150
CA50	N6005K	FH11
CA51	N6005L	SR22
CA53	N6005N	FH11
CA55	N6005Q	M20P
CA56	N6005R	AT6T
CA59	N6005U	P28A
CA5E	N6005Z	BE23
CA5F	N60050	C150
CA61	N60052	C150
CA65	N60056	C150
CA66	N60057	AT3P
CA67	N60058	RELI
CA6B	N6006B	C182
CA6C	N6006C	C82R
CA6D	N6006D	BE76
CA6E	N6006E	BE35
CA71	N6006H	J3
CA73	N6006K	UH12
CA75	N6006M	C182
CA76	N6006N	T210
CA78	N6006Q	M20P
CA79	N6006R	C172
CA7C	N6006U	P28A
CA7E	N6006W	P28A
CA82	N60060	C208
CA87	N60065	C150
CA88	2283	AT8T
CA89	N60067	C150
CA8A	N60068	CB1
CA8B	N60069	C150
CA8E	N6007B	C182
CA8F	N6007C	C82R
CA92	N6007F	BE77
CA94	N6007H	AC11
CA95	N6007J	C150
CA96	N6007K	RC3
CA98	N6007M	S108
CA9B	N6007Q	M20P
CA9C	N6007R	C172
CA9D	N6007S	AT8T
CA9E	N6007T	BE77
CA9F	N6007U	P28A
CAA0	N6007V	BL17
CAA1	N6007W	P28A
CAA4	N6007Z	AC11
CAA7	N60072	C150
CAA9	N60074	C150
CAAA	N60075	C150
CAAE	N60079	RELI
CAB1	N6008B	C182
CAB2	N6008C	AVID
CAB3	N6008D	BE24
CAB5	N6008F	BE35
CAB6	N6008G	C150
CAB7	N6008H	P28R
CAB9	N6008K	BE23
CABA	N6008L	BE23
CABE	2284	AT8T
CAC0	N6008S	BE60
CAC1	N6008T	C150
CAC2	N6008U	BE24
CAC5	N6008X	PA30
CACA	N60082	C150
CACB	N60083	BE23
CACD	N60085	ST75
CACE	N60086	BE24
CACF	N60087	C150
CAD3	N6009A	RV9
CAD4	N6009B	PA22
CAD6	N6009D	PA22
CADB	N6009J	B350
CADE	N6009M	C172
CAE0	N6009P	C172
CAE1	N6009Q	M20P
CAE2	N6009R	C172
CAE4	N6009T	C150
CAE5	N6009U	BE23
CAE6	N6009V	C172
CAE7	N6009W	P28A
CAE8	1584	AT8T
CAF1	N60096	AC11
CAF2	N60097	BE24
CAF5	N601	C185
CAF6	N601A	CH60
CAF7	N601AA	SF50
CAF8	N601AB	CH60
CAF9	N601AC	TBM7
CAFC	N601AF	CL60
CAFE	N601AH	B06
CAFF	N601AJ	PA31
CB01	N601AL	AEST
CB02	N601AM	RV6
CB04	N601AP	CH60
CB0B	N601AW	A320
CB0C	N601AX	MRF1
CB11	N601BB	AEST
CB12	N601BC	C550
CB13	N601BD	CH60
CB14	N601BE	CL60
CB15	N601BF	CH60
CB16	N601BG	PC12
CB18	N601BJ	C25C
CB19	N601BK	CH60
CB1A	N601BL	CH60
CB1B	N601BM	PC12
CB1C	N601BN	TAYB
CB20	N601BS	P28R
CB21	N601BT	BE33
CB25	N601BX	CH60
CB28	N601C	S108
CB29	N601CA	SH36
CB2A	N601CB	C550
CB2B	N601CC	B06
CB2E	N601CF	CRUZ
CB30	N601CH	GA6C
CB35	N601CN	LJ60
CB36	N601CP	CH60
CB38	N601CR	S22T
CB3D	N601CW	BE20
CB45	N601DD	CH60
CB47	N601DF	CL60
CB48	N601DG	CH60
CB49	N601DH	CH60
CB4A	N601DJ	AEST
CB4D	N601DM	BE9L
CB4E	N601DN	CH60
CB4F	N601DP	AEST
CB51	N601DR	CH60
CB53	N601DT	A21N
CB57	N601DX	CH60
CB5B	N601EA	P28A
CB5C	N601EB	CH60
CB5E	N601ED	GLIM
CB5F	N601EE	CH60
CB65	N601EL	CH60
CB66	N601EM	AEST
CB67	N601EN	CRJ9
CB6B	N601ES	CH60
CB6C	N601ET	CH60
CB70	N601EX	CH60
CB78	N601FE	MD11
CB7F	N601FM	C68A
CB80	N601FN	CH60
CB85	N601FT	P28A
CB88	N601FW	CH60
CB89	N601FX	E550
CB8C	N601G	CH60
CB8D	N601GA	GA6C
CB91	N601GE	CH60
CB93	N601GG	LJ60
CB95	N601GJ	BE20
CB96	N601GK	CH60
CB98	N601GM	B06
CB9D	N601GS	F900
CBA0	N601GV	CH60
CBA1	N601GW	CH60
CBA4	N601GZ	AEST
CBA5	N601H	CL60
CBA7	N601HB	AEST
CBA9	N601HD	CH60
CBAC	N601HG	CH60
CBAD	N601HH	CH60
CBB4	N601HQ	H60
CBB6	N601HS	CH60
CBB7	N601HT	PC12
CBBA	N601HW	CL60
CBBF	N601JA	CH60
CBC0	N601JB	PA34
CBC2	N601JD	CH60
CBC4	N601JF	T6
CBC5	N601JG	CL60
CBC6	N601JH	CH60
CBC8	N601JK	CH60
CBCC	N601JP	CL60
CBCE	N601JR	C150
CBD3	N601JW	CH60
CBD5	N601JY	C501
CBD8	N601KA	R44
CBD9	N601KB	CH60
CBDA	N601KC	CH60
CBDC	N601KE	CH60
CBE3	N601KM	CH60
CBE8	N601KS	CH60
CBE9	N601KT	CH60
CBF0	N601L	C411
CBF1	N601LA	R22
CBF3	N601LC	CL60
CBF4	N601LD	LNP4
CBF5	N601LE	CH60
CBF7	N601LG	CH60
CBF8	N601LH	CH60
CBFB	N601LL	CH60
CBFD	N601LN	CH60
CC00	N601LR	CRJ9
CC02	N601LT	CH60
CC04	N601LV	CH60
CC06	N601LX	CH60
CC08	N601LZ	CH60
CC09	N601M	AEST
CC0A	N601MA	P46T
CC0B	N601MB	C182
CC0D	N601MD	CH60
CC12	N601MJ	AVAM
CC14	N601ML	CH60
CC15	N601MM	CH60
CC19	N601MR	CH60
CC1B	N601MT	EC35
CC1F	N601MX	CH60
CC21	N601MZ	PC24
CC22	N601N	C180
CC26	N601ND	CH60
CC29	N601NG	AEST
CC2C	N601NK	A320
CC2E	N601NM	CH60
CC2F	N601NN	AEST
CC32	N601NR	CH60
CC34	N601NT	AEST
CC3B	N601P	AEST
CC3C	N601PA	C172
CC3E	N601PC	AEST
CC40	N601PE	AEST
CC47	N601PM	CH60
CC4C	N601PS	RV6
CC4D	N601PT	AEST
CC53	N601PZ	AEST
CC54	N601Q	CH60
CC55	N601QA	CL60
CC65	N601QS	C68A
CC6F	N601RB	AEST
CC70	N601RC	CL60
CC71	N601RD	RV4
CC73	N601RF	C180
CC74	N601RG	CH60
CC75	N601RH	P46T
CC77	N601RK	BE76
CC7E	N601RS	CH60
CC7F	N601RT	CH60
CC81	N601RV	RV6
CC82	N601RW	CH60
CC87	N601SA	CH60
CC89	N601SC	RV6
CC8A	N601SD	MU2
CC8B	N601SE	CH60
CC8C	N601SF	C182
CC8D	N601SG	BE35
CC8F	N601SJ	B06
CC96	N601SR	CH60
CC9B	N601SW	BE36
CC9C	N601SX	CH60
CC9E	N601SZ	CH60
CC9F	N601T	CH60
CCA0	N601TA	AS50
CCA1	N601TB	CH60
CCA3	N601TD	CH60
CCA8	N601TJ	CH60
CCAB	N601TM	CH60
CCAD	N601TP	CL60
CCAF	N601TR	CH60
CCB1	N601TT	F260
CCB3	N601TV	R44
CCB5	N601TX	C25B
CCB8	N601U	AEST
CCBA	N601UB	B412
CCC1	N601UJ	BE35
CCCE	N601UX	E75L
CCD1	N601V	BE35
CCD3	N601VB	CH60
CCDC	N601VL	CH60
CCDF	N601VP	LNP4
CCE1	N601VR	CL60
CCE2	N601VS	LGEZ
CCE5	N601VV	CH60
CCEB	N601WA	AEST
CCEC	N601WB	CH60
CCEE	N601WD	CH60
CCF0	N601WF	CH60
CCF2	N601WH	CH60
CCF4	N601WK	CH60
CCF5	N601WL	CH60
CCF7	N601WN	B733
CCF8	N601WP	CH60
CCFC	N601WT	AC90
CCFF	N601WW	CH60
CD00	N601WX	CH60
CD01	N601WY	CL60
CD02	N601WZ	CH60
CD03	N601X	AEST
CD06	N601XC	CH60
CD0C	N601XJ	CRJ2
CD11	N601XP	CH60
CD14	N601XS	CH60
CD1B	N601XZ	CH60
CD1C	N601Y	G164
CD2A	N601YP	CH60
CD35	N601Z	CH60
CD36	N601ZA	CH60
CD38	N601ZC	CH60
CD40	N601ZL	CH60
CD41	N601ZM	CH60
CD43	N601ZP	CH60
CD4B	N601ZX	CH60
CD4C	N601ZY	CH60
CD4F	N6010A	C150
CD50	N6010B	C182
CD51	N6010C	BE19
CD52	N6010D	PA22
CD53	N6010E	BE35
CD54	N6010F	C182
CD56	N6010H	J3
CD5A	N6010M	S108
CD5C	N6010P	PA24
CD5F	N6010S	BE60
CD60	N6010T	C162
CD61	N6010U	AT3P
CD65	N6010Y	AC11
CD67	N60100	C180
CD6B	N60104	BE23
CD6D	N60106	BE23
CD6F	N60108	C150
CD70	N60109	FA62
CD72	N6011A	C172
CD74	N6011C	AT8T
CD76	N6011E	BE76
CD78	N6011G	C150
CD7A	N6011J	BE24
CD80	N6011Q	BE76
CD81	N6011R	C172
CD82	N6011S	BE60
CD83	N6011T	AT3T
CD84	N6011U	BE76
CD86	N6011W	AT3T
CD88	N6011Y	PA23
CD8C	N60112	FA62
CD8F	N60115	C150
CD90	N60116	C150
CD91	N60117	AT3P
CD93	N60119	C150
CD95	N6012A	C172
CD96	N6012B	SR22
CD97	N6012C	GA6C
CD9A	N6012F	BE95
CD9B	N6012G	C150
CD9D	N6012J	BE23
CDA3	N6012Q	M20P
CDA5	N6012S	BE58
CDA6	N6012T	C150
CDA7	N6012U	C172
CDA8	N6012V	LA4
CDAB	N6012Y	BE23
CDAC	N6012Z	C172
CDAE	N60121	C150
CDAF	N60122	C150
CDB1	N60124	UH1
CDB2	N60125	B350
CDB4	N60127	C150
CDB5	N60128	C150
CDB9	N6013B	T210
CDBA	N6013C	C82R
CDBB	N6013D	PA22
CDBD	N6013F	BE95
CDBE	N6013G	AT3T
CDBF	N6013H	J3
CDC0	N6013J	C172
CDC1	N6013K	C82T
CDC8	N6013S	C82T
CDCA	N6013U	SR22
CDCB	N6013V	C82T
CDCC	N6013W	P28A
CDCF	N6013Z	BE76
CDD0	N60130	C150
CDD1	N60131	ST75
CDD2	N60132	FOX
CDD4	N60134	T206
CDD5	N60135	BE23
CDD8	N60138	C150
CDD9	N60139	C150
CDDC	N6014B	C180
CDDD	N6014C	C82R
CDDF	N6014E	FOX
CDE1	N6014G	C82S
CDE2	N6014H	J3
CDE3	N6014J	C82S
CDE4	N6014K	RC3
CDE8	N6014P	PA24
CDEA	N6014R	C172
CDEB	N6014S	AT5T
CDEE	N6014V	C172
CDEF	N6014W	P28A
CDF1	N6014Y	RV6
CDF2	N6014Z	BE23
CDF5	N60142	C150
CDF6	N60143	C172
CDF9	N60146	C150
CDFA	N60147	ST75
CDFC	N60149	BE17
CE02	N6015E	BE35
CE04	N6015G	C150
CE08	N6015L	AA5
CE09	N6015M	S108
CE0B	N6015P	PA24
CE0C	N6015Q	BE76
CE0D	N6015R	C172
CE11	N6015V	LA4
CE12	N6015W	AT3P
CE15	N6015Z	BE76
CE16	1585	AT8T
CE18	N60152	COY2
CE19	N60153	AT5T
CE1A	N60154	DC3
CE1B	N60155	C172
CE1C	N60156	BE76
CE1F	N60159	C162
CE21	N6016A	C172
CE22	N6016B	C82S
CE24	N6016D	PA22
CE25	N6016E	BE35
CE26	N6016F	BE35
CE27	N6016G	C150
CE28	N6016H	J3
CE29	N6016J	C150
CE2A	N6016K	BE24
CE2B	N6016L	G2T1
CE2E	N6016P	PA24
CE2F	N6016Q	M20P
CE30	N6016R	C172
CE32	N6016T	C150
CE33	N6016U	BE76
CE34	N6016V	C82S
CE36	N6016X	M20P
CE37	N6016Y	BE24
CE38	N6016Z	PA25
CE39	N60160	C150
CE3A	N60161	C150
CE3C	N60163	C150
CE3E	N60165	BE23
CE3F	N60166	C82S
CE40	N60167	C150
CE41	N60168	C150
CE44	N6017A	C172
CE45	N6017B	C182
CE48	N6017E	AT5T
CE49	N6017F	BE35
CE4A	N6017G	H500
CE4B	N6017H	J3
CE4D	N6017K	C162
CE4E	N6017L	C172
CE50	N6017N	C172
CE54	N6017S	BE58
CE57	N6017V	LA4
CE58	N6017W	P28A
CE5A	N6017Y	PA23
CE5E	N60172	C150
CE5F	N60173	C150
CE60	N60174	C150
CE61	N60175	C150
CE63	N60177	C150
CE65	N60179	C150
CE67	N6018A	C172
CE68	N6018B	C182
CE6A	N6018D	PA22
CE6B	N6018E	BE35
CE6C	N6018F	P28A
CE6E	N6018H	J3
CE6F	N6018J	C150
CE70	N6018K	C172
CE72	N6018M	S108
CE75	N6018Q	M20P
CE77	N6018S	BE58
CE78	N6018T	SS2T
CE7E	N6018Z	C172
CE82	N60183	C150
CE83	N60184	C150
CE84	N60185	ST75
CE87	N60188	C150
CE8A	N6019A	C172
CE8B	N6019B	C182
CE8D	N6019D	PA22
CE8E	N6019E	BE35
CE8F	N6019F	BE35
CE90	N6019G	C150
CE91	N6019H	J3
CE94	N6019L	AA5
CE97	N6019P	PA24
CE98	N6019Q	SR22
CE9A	N6019S	MUS2
CE9D	N6019V	C172
CE9F	N6019X	C82T
CEA1	N6019Z	SR22
CEA2	N60190	L5
CEA3	N60191	C150
CEA9	N60197	ST75
CEAA	N60198	ST75
CEAB	N60199	BE77
CEAC	N602	C150
CEAD	N602A	PA22
CEAE	N602AA	AT6T
CEB0	N602AC	LJ60
CEB1	N602AD	BD4
CEB2	N602AE	E145
CEB4	N602AG	AT6T
CEB6	N602AJ	CL60
CEB7	N602AK	DHC2
CEBB	N602AP	AT6T
CEBF	N602AT	C550
CEC1	N602AV	PC12
CEC2	N602AW	AT6T
CEC3	N602AX	MRF1
CEC6	N602B	BE35
CEC7	N602BA	AT6T
CEC8	N602BB	C182
CEC9	N602BC	FBA2
CECB	N602BE	AT6T
CECC	N602BF	AT6T
CECD	N602BG	AT6T
CED0	N602BK	AT6T
CED1	N602BL	AT6T
CED2	N602BM	PC12
CED7	N602BS	CH60
CEDB	N602BW	AT6T
CEDF	N602C	S108
CEE2	N602CC	AT6T
CEE6	N602CG	SR22
CEE7	N602CH	GA6C
CEE9	N602CK	H60
CEED	N602CP	C82T
CEEF	N602CR	AT6T
CEF8	N602D	CRER
CEF9	N602DA	AT6T
CEFA	N602DB	EXEC
CEFB	N602DC	C421
CEFC	N602DD	T206
CF00	N602DH	BE9L
CF02	N602DK	BE95
CF04	N602DM	AT6T
CF05	N602DN	AT6T
CF0A	N602DT	P28B
CF10	N602DZ	A21N
CF11	N602E	AT6T
CF16	N602EE	E550
CF1F	N602EP	RV7
CF21	N602ER	C172
CF26	N602EW	AT6T
CF2B	N602FA	AT6T
CF2C	N602FB	A119
CF2D	N602FC	BE95
CF2F	N602FE	MD11
CF32	N602FH	AT6T
CF35	N602FL	P28A
CF3C	N602FT	P28A
CF40	N602FX	E550
CF45	N602GB	AT6T
CF48	N602GE	AT6T
CF4B	N602GH	AT6T
CF4D	N602GK	AT6T
CF4F	N602GM	AT6T
CF54	N602GS	CH60
CF5C	N602H	EN28
CF5D	N602HA	SATA
CF5E	N602HB	AT6T
CF5F	N602HC	AT6T
CF62	N602HF	AT6T
CF6A	N602HP	C82R
CF6E	N602HT	AT6T
CF75	N602J	AT6T
CF76	N602JA	RV6
CF78	N602JC	BE40
CF7F	N602JK	AT6T
CF83	N602JP	AT6T
CF85	N602JR	H25A
CF8A	N602JW	AT6T
CF8F	N602KA	AT6T
CF90	N602KB	AT6T
CF93	N602KE	AT6T
CF97	N602KJ	AT6T
CFA3	N602KW	B762
CFA7	N602L	AT6T
CFA8	N602LA	AT6T
CFB2	N602LL	AT6T
CFB7	N602LR	CRJ9
CFB9	N602LT	T206
CFC1	N602MA	TBM7
CFC4	N602MD	AT6T
CFC7	N602MG	AT6T
CFC8	N602MH	AT6T
CFCC	N602MM	EC45
CFD0	N602MR	FDCT
CFD1	N602MS	AT6T
CFD2	N602MT	EC35
CFD5	N602MW	AT6T
CFD9	N602N	AT6T
CFDA	N602NA	T34T
CFDD	N602ND	C172
CFE3	N602NK	A320
CFE6	N602NN	CRJ9
CFE7	N602NP	CL60
CFF0	N602NY	AT6T
CFF2	N602P	BE50
CFF3	N602PA	AEST
CFF4	N602PB	AT6T
CFF5	N602PC	P28A
CFF8	N602PF	AT6T
CFF9	N602PG	SR20
CFFC	N602PK	AT6T
D003	N602PS	CRUZ
D01C	N602QS	C56X
D025	N602RA	H500
D029	N602RE	AT6T
D02B	N602RG	AT6T
D02C	N602RH	AT6T
D035	N602RS	AT6T
D038	N602RV	RV6
D03D	N602S	C150
D03E	N602SA	SR22
D03F	N602SB	AT6T
D040	N602SC	P32R
D041	N602SD	B407
D043	N602SF	C182
D045	N602SH	EC35
D046	N602SJ	CRJ2
D04B	N602SP	P337
D04C	N602SQ	AT6T
D04D	N602SR	SR20
D04E	N602SS	AT6T
D04F	N602ST	AT6T
D050	N602SU	CA6
D052	N602SW	B733
D056	N602T	BE35
D057	N602TA	AT6T
D058	N602TB	RV10
D059	N602TC	C172
D05E	N602TH	AT6T
D05F	N602TJ	AT6T
D061	N602TL	C172
D064	N602TP	AEST
D066	N602TR	FOX
D067	N602TS	CL60
D068	N602TT	RV12
D06B	N602TW	RV4
D06C	N602TX	AT6T
D079	N602UK	SR22
D085	N602UX	E75L
D088	N602V	BE35
D089	N602VA	M5
D0A4	N602WC	B06
D0A7	N602WF	AT6T
D0A9	N602WH	CH60
D0AB	N602WK	AEST
D0AF	N602WP	C182
D0B1	N602WR	AT6T
D0B3	N602WT	RV10
D0C3	N602XJ	CRJ2
D0C5	N602XL	XL2
D0D4	N602YA	AT6T
D0DF	N602YM	T206
D0EC	N602Z	CH7A
D0ED	N602ZA	CH60
D106	N6020A	C172
D109	N6020D	PA22
D10A	N6020E	BE35
D10B	N6020F	C82T
D10C	N6020G	C150
D10F	N6020K	C82S
D110	N6020L	AA5
D111	N6020M	S108
D112	N6020N	T210
D113	N6020P	BE24
D114	N6020Q	M20P
D115	N6020R	C172
D119	N6020V	CH7A
D11A	N6020W	P28A
D11D	N6020Z	C82S
D120	N60202	TAYD
D121	N60203	C150
D123	N60205	C150
D12D	N6021E	BE35
D12E	N6021F	C172
D130	N6021H	J3
D132	N6021K	C172
D133	N6021L	P46T
D134	N6021M	C82T
D136	N6021P	BE24
D138	N6021R	C172
D13D	N6021W	P28A
D140	N6021Z	PA25
D147	N60216	ST75
D148	N60217	C150
D14D	N6022B	C182
D150	N6022E	BE35
D151	N6022F	BE35
D152	N6022G	C150
D153	N6022H	J3
D154	N6022J	C82S
D156	N6022L	G2T1
D157	N6022M	BE24
D158	N6022N	C82S
D159	N6022P	PA24
D15B	N6022R	C172
D15C	N6022S	BE23
D15D	N6022T	C150
D168	N60224	C150
D169	N60225	C162
D16A	N60226	C150
D16B	N60227	C150
D16C	N60228	C150
D16D	N60229	C150
D16F	N6023A	AC11
D172	N6023D	PA22
D173	N6023E	BE76
D174	N6023F	T206
D176	N6023H	J3
D177	N6023J	C150
D17B	N6023N	T206
D17D	N6023Q	BE36
D17F	N6023S	C72R
D181	N6023U	BE36
D182	N6023V	C172
D184	N6023X	M20P
D186	N6023Z	BE36
D187	N60230	C150
D18A	N60233	C150
D18F	N60238	ST75
D192	N6024A	BE35
D194	N6024C	BE58
D195	N6024D	PA22
D196	N6024E	C172
D197	N6024F	BE35
D199	N6024H	J3
D19A	N6024J	C150
D19B	N6024K	BE58
D19E	N6024N	AC11
D19F	N6024P	AC11
D1A2	N6024S	BE58
D1A3	N6024T	C172
D1A4	N6024U	BE95
D1A6	N6024W	P28A
D1A7	N6024X	BE33
D1A9	N6024Z	BE36
D1AE	N60244	BE76
D1B3	N60249	C150
D1B5	N6025A	C172
D1B6	N6025B	C182
D1B7	N6025C	C82R
D1B8	N6025D	C82T
D1B9	N6025E	C82S
D1BA	N6025F	C82S
D1BB	N6025G	C150
D1BC	N6025H	J3
D1BD	N6025J	C150
D1BF	N6025L	PTS2
D1C2	N6025P	C82S
D1C4	N6025R	BE36
D1C6	N6025T	BE35
D1C9	N6025W	P28A
D1CC	N6025Z	C82S
D1CD	N60250	C150
D1CE	N60251	BE35
D1D1	N60254	C150
D1D2	N60255	AT5T
D1D4	N60257	C150
D1D5	N60258	GLID
D1DA	N6026C	C82R
D1DB	N6026D	PA22
D1DC	N6026E	BE35
D1DE	N6026G	GLAS
D1DF	N6026H	PA34
D1E0	N6026J	C162
D1E1	N6026K	SR22
D1E2	N6026L	AA5
D1E4	N6026N	T210
D1E6	N6026Q	M20P
D1E8	N6026S	C172
D1EA	N6026U	BE35
D1EE	N6026Y	BE36
D1EF	N6026Z	C172
D1F1	N60261	C150
D1F4	N60264	BE35
D1F6	N60266	C150
D1F7	N60267	C150
D1F8	N60268	BE36
D1F9	N60269	C150
D1FA	N6027	AT6T
D1FB	N6027A	C162
D1FD	N6027C	C82R
D1FE	N6027D	PA22
D1FF	N6027E	BE35
D201	N6027G	BE35
D203	N6027J	C150
D205	N6027L	C162
D208	N6027P	PA24
D209	N6027Q	M20P
D20A	N6027R	C172
D20D	N6027U	BE36
D212	N6027Z	C172
D216	N60273	C150
D21A	N60277	VALI
D21C	N60279	C82T
D21E	N6028A	C172
D222	N6028E	BE36
D223	N6028F	BE35
D224	N6028G	C150
D225	N6028H	J3
D22A	N6028N	T210
D22B	N6028P	C82S
D22C	N6028Q	M20P
D22E	N6028S	BE60
D230	N6028U	C82S
D233	N6028X	M20P
D234	N6028Y	C172
D238	N60282	AT8T
D23D	N60287	C150
D23E	N60288	C150
D23F	N60289	C150
D241	N6029A	C172
D242	N6029B	AC11
D244	N6029D	PA22
D246	N6029F	BE35
D247	N6029G	C162
D248	N6029H	C162
D249	N6029J	C150
D24B	N6029L	C162
D24C	N6029M	C162
D24F	N6029Q	M20P
D250	N6029R	C172
D252	N6029T	C150
D254	N6029V	C162
D255	N6029W	P28A
D259	N60290	C150
D25B	N60292	C150
D25E	N60295	BE95
D25F	N60296	C150
D264	N603A	P28A
D267	N603AC	LJ60
D269	N603AE	BE36
D26C	N603AH	R44
D272	N603AP	SF50
D276	N603AT	B712
D279	N603AW	SBR1
D27A	N603AX	DC10
D27E	N603BA	PC12
D27F	N603BB	H60
D281	N603BD	B47G
D28D	N603BR	RV7
D28E	N603BS	B407
D293	N603BX	R66
D296	N603C	S108
D297	N603CA	HUSK
D298	N603CB	RV6
D29A	N603CD	C525
D29B	N603CE	P28A
D29C	N603CF	A119
D29E	N603CH	RV6
D2A0	N603CK	M700
D2A2	N603CM	AS50
D2A3	N603CN	F2TH
D2A4	N603CP	SR22
D2A6	N603CR	SF50
D2A8	N603CT	FDCT
D2AE	N603CZ	E75L
D2B2	N603DC	T206
D2B6	N603DG	C240
D2BC	N603DN	A21N
D2BD	N603DP	SR22
D2BF	N603DR	CH70
D2C4	N603DW	C550
D2C9	N603EA	P28A
D2D4	N603EM	FOX
D2D8	N603ER	C172
D2D9	N603ES	VR7
D2DA	N603ET	T206
D2DC	N603EV	EVSS
D2E1	N603F	GA6C
D2E6	N603FE	MD11
D2F1	N603FR	A21N
D2F7	N603FX	E550
D308	N603GP	CL35
D30A	N603GR	LJ60
D313	N603H	VTRA
D316	N603HC	E550
D31B	N603HH	R22
D321	N603HP	AT6T
D32C	N603J	JAB4
D32D	N603JA	SR20
D32E	N603JB	A320
D333	N603JG	P28B
D334	N603JH	BE36
D338	N603JM	R44
D33C	N603JR	GLF5
D348	N603KC	E145
D351	N603KM	LGEZ
D35A	N603KW	B762
D35E	N603L	CL60
D366	N603LH	P28A
D378	N603MA	P46T
D37F	N603MH	SR22
D382	N603ML	GLID
D385	N603MP	AT6T
D389	N603MT	EC35
D38E	N603MY	LJ45
D391	N603NA	T34T
D393	N603NC	H60
D394	N603ND	C172
D395	N603NE	C68A
D398	N603NH	RV12
D39A	N603NK	A320
D39D	N603NN	CRJ9
D3AA	N603PA	BE9L
D3AB	N603PB	FOX
D3B0	N603PG	H60
D3BE	N603PW	A139
D3D3	N603QS	C68A
D3DB	N603R	CASS
D3DC	N603RA	UH12
D3E1	N603RF	GALX
D3E3	N603RH	AT6T
D3EC	N603RS	PRM1
D3F4	N603S	SREY
D3F5	N603SA	ST30
D3F6	N603SB	PTS2
D3FA	N603SF	P337
D3FD	PP-SHA	BE58
D3FE	N603SK	CRJ7
D404	N603SR	SR22
D406	N603ST	BE58
D408	N603SV	GL5T
D409	N603SW	B733
D410	N603TC	C82S
D414	N603TG	WAIX
D423	N603TX	C56X
D43C	N603UX	E75L
D43F	N603V	BE35
D445	N603VF	PA34
D459	N603WA	M600
D464	N603WM	E55P
D469	N603WS	C510
D47F	N603XP	BE40
D48A	N603Y	WACF
D4BE	N6030B	SR22
D4C0	N6030D	PA22
D4C4	N6030H	J3
D4C8	N6030M	S108
D4C9	N6030N	C162
D4CA	N6030P	PA24
D4CB	N6030Q	PTS2
D4CC	N6030R	BE36
D4CD	N6030S	C172
D4D0	N6030V	ST75
D4D1	N6030W	BE95
D4D3	N6030Y	PA23
D4D4	N6030Z	BE33
D4DA	N60305	C150
D4DB	N60306	BE58
D4DC	N60307	C150
D4DD	N60308	C150
D4DE	N60309	ST75
D4DF	N6031	C172
D4E1	N6031B	C182
D4E3	N6031D	PA22
D4E4	N6031E	C172
D4E6	N6031G	C150
D4E7	N6031H	J3
D4E8	N6031J	C150
D4E9	N6031K	C150
D4EA	N6031L	C172
D4EE	N6031Q	M20P
D4F3	N6031V	LA4
D4F4	N6031W	C172
D4FC	N60314	C150
D4FD	N60315	C150
D4FE	N60316	BE55
D506	N6032D	C82T
D507	N6032E	UH12
D50A	N6032H	J3
D50E	N6032M	BE33
D50F	N6032N	T210
D512	N6032R	C188
D513	N6032S	BE60
D514	N6032T	C82S
D515	N6032U	BE36
D516	N6032V	BE35
D517	N6032W	C82S
D518	N6032X	BE58
D51E	N60323	ST75
D521	N60326	C150
D523	N60328	ST75
D524	N60329	BE36
D526	N6033A	AC11
D527	N6033B	C82S
D52B	N6033F	BE95
D52C	N6033G	AC11
D52F	N6033K	T206
D531	N6033M	S108
D534	N6033Q	M20P
D535	N6033R	C25A
D536	N6033S	C172
D537	N6033T	C150
D53A	N6033W	P28A
D53B	N6033X	BE95
D53D	N6033Z	C162
D53E	N60330	ST75
D53F	N60331	C150
D540	N60332	FA62
D541	N60333	C150
D545	N60337	C172
D546	N60338	C150
D549	N6034A	C172
D54A	N6034B	C172
D54B	N6034C	AT5T
D54C	N6034D	C172
D54D	N6034E	BE35
D54E	N6034F	C172
D551	N6034J	C162
D553	N6034L	AA5
D557	N6034Q	M20P
D558	N6034R	BE36
D559	N6034S	PTS2
D55D	N6034W	P28A
D55E	N6034X	BE36
D560	N6034Z	C82S
D563	N60342	C150
D564	N60343	BE95
D567	N60346	C162
D569	N60348	C150
D56A	N60349	C82S
D56C	N6035A	C82S
D56D	N6035B	BE35
D573	N6035H	C82S
D575	N6035K	RC3
D578	N6035N	C210
D579	N6035P	PA24
D57A	N6035Q	M20P
D57B	N6035R	C172
D57D	N6035T	C150
D57E	N6035U	C162
D57F	N6035V	CH7A
D581	N6035X	UH12
D583	N6035Z	PA25
D584	N60350	C150
D588	N60354	C150
D58A	N60356	C82S
D58B	N60357	BE36
D58C	N60358	C150
D58F	N6036A	C82S
D590	N6036B	C182
D595	N6036G	BE35
D598	N6036K	C172
D599	N6036L	G2T1
D59B	N6036N	T210
D59C	N6036P	PA24
D59D	N6036Q	SR22
D59E	N6036R	C172
D59F	N6036S	PA18
D5A2	N6036V	J3
D5A3	N6036W	P28A
D5A4	N6036X	M20P
D5A5	N6036Y	C172
D5A9	N60362	AT5T
D5AA	N60363	C172
D5AB	N60364	FOX
D5AC	N60365	C150
D5B0	N60369	C150
D5B2	N6037A	C172
D5B3	N6037B	T210
D5B5	N6037D	PA22
D5B6	N6037E	BE35
D5B8	N6037G	B58T
D5B9	N6037H	C162
D5BC	N6037L	AA5
D5BD	N6037M	BE58
D5BF	N6037P	BE58
D5C3	N6037T	C150
D5C5	N6037V	J3
D5C6	N6037W	BE95
D5C9	N6037Z	C162
D5CA	N60370	C150
D5CB	N60371	C150
D5CC	N60372	C172
D5CE	N60374	C150
D5CF	N60375	ST75
D5D0	N60376	C150
D5D1	N60377	C150
D5D2	N60378	C150
D5D6	N6038B	T210
D5D8	N6038D	PA22
D5DA	N6038F	BE35
D5DE	N6038K	C162
D5E3	N6038Q	BE33
D5E5	N6038S	PTS2
D5E8	N6038V	C82T
D5E9	N6038W	BE58
D5EC	N6038Z	AC11
D5ED	N60380	T6
D5EE	N60381	C82T
D5EF	N60382	C150
D5F2	N60385	FA62
D5F3	N60386	C150
D5F4	N60387	DG15
D5F5	N60388	C150
D5F8	N6039A	PA18
D5FB	N6039D	PA22
D5FF	N6039H	C82S
D600	N6039J	C182
D603	N6039M	C162
D604	N6039N	C210
D605	N6039P	PA24
D606	N6039Q	M20P
D607	N6039R	BE36
D608	N6039S	AT5T
D609	N6039T	B58T
D60D	N6039X	AC11
D60E	N6039Y	PA23
D610	N60390	ST75
D614	N60394	BE35
D615	N60395	C172
D616	N60396	J3
D617	N60397	C172
D618	N60398	C82T
D619	N60399	C150
D61A	N604	T6
D61B	N604A	PA22
D61C	N604AA	B752
D61E	N604AC	P28A
D620	N604AE	E145
D624	N604AJ	P46T
D626	N604AL	CL60
D62E	N604AU	CL60
D62F	N604AV	CL60
D630	N604AW	A320
D631	N604AX	MRF1
D635	N604BA	CL60
D636	N604BB	CL60
D637	N604BC	CL60
D639	N604BE	CL60
D63E	N604BK	LJ60
D63F	N604BL	CL60
D642	N604BP	C56X
D645	N604BS	CL60
D64D	N604C	S108
D653	N604CF	A119
D655	N604CH	CL60
D657	N604CK	H60
D659	N604CM	SONX
D65B	N604CP	T206
D65D	N604CR	CL60
D665	N604CZ	E75L
D666	N604D	G280
D668	N604DB	GLIM
D669	N604DC	T206
D66A	N604DD	RV8
D673	N604DN	A21N
D674	N604DP	A139
D676	N604DR	C25C
D678	N604DT	CL60
D680	N604EA	P28R
D682	N604EC	JS31
D685	N604EF	CL60
D68B	N604EM	CL60
D68D	N604EP	CL60
D68F	N604ER	C172
D695	N604EX	CL60
D69D	N604FE	MD11
D6A3	N604FL	P28A
D6A4	N604FM	CL60
D6A8	N604FR	A21N
D6AE	N604FX	E550
D6B1	N604G	P28A
D6B3	N604GB	GA6C
D6B6	N604GE	CL60
D6B7	N604GF	CL60
D6C2	N604GS	LJ35
D6C6	N604GW	CL60
D6CC	N604HB	SR22
D6D6	N604HM	CL60
D6DB	N604HS	CL60
D6E3	N604J	JAB4
D6E4	N604JA	R44
D6EC	N604JJ	CL60
D6EF	N604JM	GLF4
D701	N604KE	CL60
D705	N604KJ	CL60
D706	N604KK	T33
D70E	N604KT	LJ60
D711	N604KW	B762
D716	N604LA	CL60
D717	N604LB	CL60
D71E	N604LJ	C25A
D720	N604LL	CL60
D723	N604LP	CL60
D725	N604LR	CRJ9
D726	N604LS	CL60
D72E	N604M	CL60
D72F	N604MA	K35R
D730	N604MB	CL60
D732	N604MD	C208
D735	N604MG	AT6T
D736	N604MH	CL60
D73A	N604MM	CL60
D73C	N604MP	AT6T
D73F	N604MS	C182
D740	N604MT	CL60
D747	N604N	WACO
D749	N604NB	CL60
D74B	N604ND	C172
D751	N604NK	A320
D754	N604NN	CRJ9
D760	N604P	CH60
D764	N604PD	B429
D765	N604PE	CL60
D767	N604PG	H60
D769	N604PJ	C550
D771	N604PS	CL60
D772	N604PT	FA20
D774	N604PV	CL60
D775	N604PW	CL60
D779	N604Q	BE35
D78A	N604QS	C68A
D792	N604R	T6
D794	N604RB	CL60
D795	N604RC	CL60
D796	N604RD	C180
D79E	N604RM	CL60
D7AB	N604S	LJ35
D7AC	N604SA	CL60
D7AD	N604SB	CL60
D7AF	N604SD	C56X
D7B2	N604SG	CL60
D7B4	N604SJ	CL60
D7B5	N604SK	CRJ7
D7B8	N604SN	C56X
D7BB	N604SR	SREY
D7C4	N604T	BE35
D7C5	N604TA	P208
D7C6	N604TB	CL60
D7D5	N604TS	CL60
D7D6	N604TT	C172
D7F3	N604UX	E75L
D7F6	N604V	BE35
D7FD	N604VG	CL60
D7FF	N604VJ	LNP4
D804	N604VP	GLID
D810	N604WA	CL60
D811	N604WB	CL60
D81B	N604WM	SR22
D833	N604XL	XL2
D83A	N604XT	CL60
D83E	N604XX	GLIM
D841	N604Y	WACF
D85A	N604Z	CL60
D874	N6040A	C172
D876	N6040C	C82T
D878	N6040E	BE35
D879	N6040F	BE35
D87A	N6040G	C82T
D87B	N6040H	J3
D87C	N6040J	H500
D87D	N6040K	C150
D87E	N6040L	AA5
D881	N6040P	PA24
D883	N6040R	BE58
D884	N6040S	C82S
D887	N6040V	CH7A
D88A	N6040Y	B407
D88C	N60400	C150
D88E	N60402	BE36
D88F	N60403	C150
D891	N60405	BE76
D892	N60406	C150
D893	N60407	C150
D894	N60408	C150
D896	N6041	ST75
D897	N6041A	C172
D898	N6041B	C182
D899	N6041C	C82R
D89B	N6041E	BE35
D89C	N6041F	BE35
D89E	N6041H	P28A
D89F	N6041J	C150
D8A0	N6041K	RC3
D8A1	N6041L	AA5
D8A2	N6041M	S108
D8A3	N6041N	C185
D8A5	N6041Q	M20P
D8A6	N6041R	C172
D8A7	N6041S	PA46
D8A8	N6041T	BE76
D8A9	N6041U	BE76
D8AA	N6041V	CH7A
D8AC	N6041X	BE24
D8AE	N6041Z	BE23
D8B0	N60411	C150
D8B2	N60413	C150
D8B3	N60414	ST75
D8B5	N60416	ST75
D8B6	N60417	ST75
D8BA	N6042A	C172
D8BB	N6042B	C182
D8BE	N6042E	AC11
D8C2	N6042J	C150
D8C5	N6042M	S108
D8C6	N6042N	C172
D8C8	N6042Q	M20P
D8C9	N6042R	C172
D8CA	N6042S	AT5T
D8CB	N6042T	CH60
D8CC	N6042U	BE24
D8CF	N6042X	AC11
D8D1	N6042Z	C172
D8D7	N60425	C150
D8DB	N60429	C150
D8DD	N6043A	C172
D8E0	N6043D	PA22
D8E1	N6043E	BE35
D8E3	N6043G	SR22
D8E5	N6043J	BE23
D8E6	N6043K	C162
D8E7	N6043L	AA5
D8E8	N6043M	C162
D8E9	N6043N	C162
D8EA	N6043P	PA24
D8EC	N6043R	C172
D8F2	N6043X	M20P
D8F3	N6043Y	BE77
D8F5	N60430	C82T
D8F8	N60433	BE24
D8F9	N60434	GLID
D8FA	N60435	C82T
D8FE	N60439	C150
D8FF	N6044	GLID
D903	N6044D	BE24
D904	N6044E	BE24
D907	N6044H	J3
D908	N6044J	C82S
D90A	N6044L	AA5
D90B	N6044M	S108
D90C	N6044N	C185
D90D	N6044P	C162
D90E	N6044Q	M20P
D90F	N6044R	C172
D910	N6044S	BE58
D915	N6044X	M20P
D916	N6044Y	PA23
D917	N6044Z	C82S
D918	N60440	L5
D91A	N60442	C162
D91B	N60443	C150
D91D	N60445	C82S
D91E	N60446	AT5T
D91F	N60447	C150
D920	N60448	C82S
D921	N60449	C150
D922	N6045	T51
D923	N6045A	C172
D924	N6045B	T206
D925	N6045C	T206
D926	N6045D	PA22
D929	N6045G	C150
D92B	N6045J	C182
D92D	N6045L	AA5
D930	N6045P	PA24
D933	N6045S	BE10
D934	N6045T	C150
D935	N6045U	T206
D936	N6045V	CH7A
D93A	N6045Z	C162
D93C	N60451	BE76
D93E	N60453	T50
D93F	N60454	SR22
D942	N60457	C172
D943	N60458	C82S
D944	N60459	ST75
D946	N6046A	C172
D949	N6046D	PA22
D94A	N6046E	BE35
D94B	N6046F	BE35
D94C	N6046G	C82S
D94F	N6046K	C150
D952	N6046N	C185
D954	N6046Q	M20P
D955	N6046R	C82S
D957	N6046T	C150
D95A	N6046W	BE23
D95B	N6046X	M20P
D95C	N6046Y	PA23
D95D	N6046Z	C162
D961	N60463	C150
D966	N60468	RS12
D969	N6047A	C172
D96A	N6047B	C182
D96D	N6047E	BE35
D96E	N6047F	BE35
D970	N6047H	J3
D971	N6047J	BE23
D972	N6047K	RC3
D973	N6047L	AA5
D978	N6047R	C172
D979	N6047S	BE58
D97A	N6047T	C150
D97B	N6047U	BE24
D97C	N6047V	BE18
D97E	N6047X	M20P
D980	N6047Z	PA25
D981	N60470	C150
D982	N60471	C162
D985	N60474	C150
D986	N60475	C150
D988	N60477	C150
D98C	N6048A	AC11
D98E	N6048C	BE60
D98F	N6048D	PA22
D990	N6048E	BE35
D992	N6048G	C188
D993	N6048H	J3
D995	N6048K	RC3
D998	N6048N	T210
D999	N6048P	PA24
D99C	N6048S	BE36
D99D	N6048T	T206
D99E	N6048U	C162
D9A3	N6048Z	C172
D9A4	N60480	DC3
D9A6	N60482	AT5T
D9A8	N60484	C150
D9AB	N60487	C150
D9AF	N6049A	C172
D9B3	N6049E	BE35
D9B4	N6049F	BE35
D9B6	N6049H	P28R
D9B7	N6049J	C150
D9B8	N6049K	C82S
D9B9	N6049L	BE76
D9BA	N6049M	S108
D9BC	N6049P	PA24
D9BD	N6049Q	M20P
D9BE	N6049R	C172
D9BF	N6049S	C82S
D9C2	N6049V	C82S
D9C4	N6049X	C162
D9C6	N6049Z	PA25
D9C9	N60492	C150
D9CA	N60493	BE18
D9CB	N60494	C150
D9CD	N60496	VALI
D9D0	N60499	C150
D9D1	N605	P68
D9D5	N605AC	C82S
D9DB	N605AJ	CL60
D9E3	N605AS	PC12
D9E6	N605AV	EC45
D9E8	N605AX	MRF1
D9EE	N605BC	CL60
D9F1	N605BF	A660
D9F2	N605BG	DA40
D9F3	N605BH	R44
D9FB	N605BR	HDJT
D9FC	N605BS	CL60
DA01	N605BX	LJ45
DA04	N605C	BE58
DA05	N605CA	DA40
DA08	N605CD	SR22
DA09	N605CE	CL60
DA0A	N605CF	A119
DA0E	N605CK	H60
DA0F	N605CL	CL60
DA10	N605CM	GLF4
DA15	N605CS	CL60
DA1D	N605D	RV12
DA1E	N605DA	CL60
DA20	N605DC	C421
DA21	N605DD	CL60
DA27	N605DK	AT5T
DA2A	N605DN	A21N
DA2E	N605DS	CL60
DA37	N605EA	BE9T
DA46	N605ER	C172
DA4A	N605EV	EVSS
DA4E	N605EZ	S22T
DA54	N605FE	MD11
DA5F	N605FR	A21N
DA61	N605FT	P28A
DA65	N605FX	E550
DA68	N605G	P28A
DA82	N605HA	R22
DA87	N605HF	V1
DA8F	N605HP	CL35
DA9A	N605J	JAB4
DA9C	N605JB	A320
DA9D	N605JC	P28R
DA9E	N605JD	BE20
DA9F	N605JE	CL60
DAA1	N605JG	BE30
DAA5	N605JL	CL60
DAA6	N605JM	CL60
DAA8	N605JP	CL60
DAAC	N605JT	M20P
DAB3	N605K	BE35
DABE	N605KL	CL60
DAC4	N605KS	E145
DAC8	N605KW	B762
DACC	N605L	CL60
DACD	N605LA	B06
DACF	N605LC	CL60
DAD8	N605LM	SR22
DADC	N605LR	CRJ9
DADE	N605LT	CL60
DAE5	N605M	CL60
DAE6	N605MA	C172
DAE8	N605MC	B505
DAEC	N605MG	AT6T
DAED	N605MH	SR22
DAEE	N605MJ	B350
DAF1	N605MM	CL60
DAF2	N605MN	GLST
DAF6	N605MS	FOX
DAFE	N605N	WACO
DB00	N605NB	C180
DB01	N605NC	H60
DB02	N605ND	C172
DB08	N605NK	A320
DB0B	N605NN	CRJ9
DB0E	N605NR	C185
DB0F	N605NS	CL60
DB10	N605NT	BE40
DB18	N605PA	CL60
DB1A	N605PC	PC12
DB1B	N605PD	B407
DB1D	N605PF	CH2T
DB1E	N605PG	H60
DB20	N605PJ	PA18
DB41	N605QS	C68A
DB49	N605R	PUMA
DB4A	N605RA	GLF4
DB4B	N605RB	CL60
DB55	N605RM	SR22
DB57	N605RP	GLEX
DB5A	N605RS	GLAS
DB5B	N605RT	CL60
DB5D	N605RV	RV4
DB64	N605SB	LJ60
DB6F	N605SN	C25M
DB72	N605SR	C421
DB75	N605SU	SU26
DB7B	N605T	AS50
DB7C	N605TA	AT6T
DB7E	N605TC	RV9
DB84	N605TJ	C25A
DB85	N605TK	CL60
DB8B	N605TR	CL60
DB8D	N605TT	RV8
DB91	N605TX	C56X
DBA2	N605UP	B748
DBAA	N605UX	E75L
DBB4	N605VG	CL60
DBC1	N605VV	CL60
DBC9	N605WC	WAIX
DBCD	N605WG	E35L
DBD2	N605WM	C172
DC2A	N6050	P32R
DC2B	N6050A	C162
DC2C	N6050B	C162
DC2F	N6050E	BE35
DC31	N6050G	C150
DC32	N6050H	AT8T
DC33	N6050J	C182
DC35	N6050L	AA5
DC36	N6050M	BE36
DC38	N6050P	PA24
DC3B	N6050S	EXPR
DC3C	N6050T	BE36
DC42	N6050Z	AC11
DC44	N60501	BE23
DC45	N60502	C150
DC46	N60503	BE23
DC48	N60505	C150
DC4A	N60507	C162
DC4C	N60509	C150
DC4D	N6051	ST75
DC4E	N6051A	C172
DC4F	N6051B	C182
DC50	N6051C	SR22
DC52	N6051E	C82R
DC54	N6051G	CB1
DC55	N6051H	PA32
DC56	N6051J	C150
DC57	N6051K	C162
DC59	N6051M	BE36
DC5A	N6051N	T210
DC5C	N6051Q	M20P
DC5D	N6051R	C172
DC5E	N6051S	BE60
DC5F	N6051T	C150
DC60	N6051U	C172
DC61	N6051V	C172
DC66	N60510	C150
DC68	N60512	IR23
DC6B	N60515	C150
DC6C	N60516	Y18T
DC6E	N60518	AT5T
DC6F	N60519	BE36
DC71	N6052A	C172
DC72	N6052B	SS2T
DC73	N6052C	P32T
DC76	N6052F	C162
DC79	N6052J	C82S
DC7A	N6052K	C150
DC7B	N6052L	AA5
DC7D	N6052N	BE23
DC7E	N6052P	PA24
DC7F	N6052Q	M20P
DC81	N6052S	BE33
DC83	N6052U	BE40
DC87	N6052Y	PA23
DC88	N6052Z	PA25
DC89	N60520	BE95
DC8B	N60522	C150
DC8D	N60524	C162
DC8F	N60526	BE55
DC90	N60527	BE35
DC92	N60529	T206
DC94	N6053A	C172
DC96	N6053C	C82S
DC97	N6053D	PA20
DC98	N6053E	BE35
DC99	N6053F	P28A
DC9A	N6053G	C150
DC9C	N6053J	C150
DC9E	N6053L	G2T1
DCA0	N6053N	BE23
DCA3	N6053R	C172
DCA4	N6053S	SR20
DCA6	N6053U	SR22
DCAB	N6053Z	PA25
DCAE	N60532	C150
DCAF	N60533	C82S
DCB1	N60535	FA62
DCB3	N60537	O1
DCB4	N60538	C150
DCB7	N6054A	C172
DCB9	N6054C	C82R
DCBA	N6054D	BE33
DCBB	N6054E	BE35
DCBE	N6054H	PA34
DCC1	N6054L	G2T1
DCC2	N6054M	BE36
DCC3	N6054N	BE23
DCC4	N6054P	PA24
DCC6	N6054R	C172
DCC7	N6054S	C162
DCCB	N6054W	P28A
DCCC	N6054X	UH1
DCD0	N60541	O1
DCD4	N60545	C150
DCD5	N60546	C150
DCD7	N60548	C150
DCD9	N6055	UH12
DCDC	N6055C	L5
DCDE	N6055E	BE35
DCDF	N6055F	C182
DCE0	N6055G	C150
DCE1	N6055H	C162
DCE2	N6055J	BE55
DCE5	N6055M	S108
DCE8	N6055Q	M20P
DCE9	N6055R	C162
DCEB	N6055T	C150
DCEC	N6055U	AC11
DCF0	N6055Y	BE36
DCF1	N6055Z	C162
DCF3	N60551	C150
DCF5	N60553	C150
DCF7	N60555	ST75
DCFA	N60558	C150
DCFF	N6056C	C82R
DD01	N6056E	C82S
DD02	N6056F	C182
DD05	N6056J	C150
DD07	N6056L	AA5
DD0A	N6056P	PA24
DD0B	N6056Q	BE36
DD0C	N6056R	C172
DD11	N6056W	P28A
DD13	N6056Y	BE35
DD15	N60560	C150
DD16	N60561	AT5T
DD19	N60564	O1
DD1C	N60567	C150
DD1D	N60568	C150
DD1E	N60569	C150
DD1F	N6057	UH12
DD23	N6057D	BE95
DD24	N6057E	BE35
DD27	N6057H	P28A
DD2D	N6057P	PA24
DD2E	N6057Q	M20P
DD30	N6057S	BE58
DD31	N6057T	C150
DD32	N6057U	C162
DD34	N6057W	P28A
DD37	N6057Z	ACAM
DD3A	N60572	C150
DD3C	N60574	C162
DD3F	N60577	O1
DD43	N6058A	BE58
DD45	N6058C	CH7A
DD46	N6058D	PA22
DD47	N6058E	BE35
DD48	N6058F	P28A
DD49	N6058G	C150
DD4A	N6058H	J3
DD4B	N6058J	C150
DD50	N6058P	C82S
DD53	N6058S	C82S
DD56	N6058V	C162
DD57	N6058W	P28A
DD59	N6058Y	PA23
DD5A	N6058Z	PA25
DD5F	N60584	C150
DD60	N60585	O1
DD61	N60586	C150
DD62	N60587	C82S
DD63	N60588	C150
DD66	N6059A	C172
DD69	N6059D	C172
DD6A	N6059E	BE35
DD6C	N6059G	C150
DD6D	N6059H	P28A
DD71	N6059M	S108
DD73	N6059P	PA24
DD74	N6059Q	M20P
DD75	N6059R	C172
DD76	N6059S	BE58
DD77	N6059T	C150
DD78	N6059U	P32R
DD79	N6059V	CH7A
DD7C	N6059Y	C82S
DD7E	N60590	C150
DD82	N60594	C162
DD84	N60596	C150
DD85	N60597	T206
DD89	N606A	PA22
DD8A	N606AA	B752
DD8E	N606AE	E145
DD8F	N606AF	E550
DD90	N606AG	RV8
DD91	N606AH	B407
DD95	N606AM	FA10
DD97	N606AP	HUSK
DD9E	N606AW	C68A
DD9F	N606AX	MRF1
DDA2	N606B	BE35
DDA5	N606BC	BT36
DDAA	N606BH	RV6
DDAB	N606BJ	RV6
DDB3	N606BS	PC12
DDBB	N606C	S108
DDBC	N606CA	PA23
DDBD	N606CB	C56X
DDBE	N606CC	PA11
DDBF	N606CD	UH12
DDC7	N606CM	BE9T
DDC9	N606CP	GA8
DDCD	N606CT	SR22
DDD4	N606D	RV7
DDD6	N606DB	C72R
DDDD	N606DJ	COY2
DDE0	N606DM	COUR
DDE1	N606DN	A21N
DDE2	N606DP	RV10
DDE5	N606DS	H60
DDE9	N606DW	PA31
DDED	N606E	RV10
DDEE	N606EA	P28A
DDFD	N606ER	BE19
DE0B	N606FE	MD11
DE16	N606FR	A21N
DE25	N606GF	GLID
DE30	N606GS	C152
DE3B	N606HC	C25A
DE3C	N606HD	AS50
DE3E	N606HF	UH1
DE44	N606HM	C56X
DE46	N606HP	GALX
DE53	N606JB	A320
DE54	N606JC	C150
DE5B	N606JK	RV12
DE5C	N606JL	CL60
DE61	N606JR	J3
DE62	N606JS	PA31
DE66	N606JW	BE18
DE6A	N606K	TVLB
DE6B	N606KA	DHC3
DE72	N606KH	SR22
DE7F	N606KW	B762
DE83	N606L	LJ60
DE84	N606LA	AT5T
DE85	N606LB	B06
DE89	N606LF	A119
DE91	N606LP	C172
DE93	N606LR	CRJ9
DE9D	N606MA	WW24
DE9F	N606MC	C25C
DEA2	N606MF	SR22
DEA4	N606MH	GLF4
DEA5	N606MJ	B350
DEAC	N606MR	M20T
DEB5	N606N	TL20
DEB6	N606NA	PC12
DEB9	N606ND	C172
DEBF	N606NK	A320
DEC2	N606NN	CRJ9
DEC7	N606NT	BN2P
DECF	N606PA	BE18
DED0	N606PB	C185
DED1	N606PC	BE9L
DED2	N606PD	B429
DED5	N606PG	H60
DEDC	N606PP	C414
DEDE	N606PR	RV10
DEDF	N606PS	GLF4
DEE3	N606PW	GLID
DEF8	N606QS	C68A
DF00	N606R	M5
DF05	N606RE	BE58
DF09	N606RJ	PA11
DF0C	N606RM	GLID
DF0E	N606RP	CL30
DF14	N606RV	RV6
DF15	N606RW	C77R
DF1A	N606SA	GLF6
DF1B	N606SB	LJ60
DF1F	N606SF	TBM7
DF23	N606SK	CRJ7
DF25	N606SM	LJ25
DF29	N606SR	SR22
DF2B	N606ST	RV7
DF32	N606T	BE36
DF33	N606TA	P208
DF35	N606TC	C72R
DF36	N606TD	GLEX
DF3B	N606TJ	FA7X
DF3D	N606TL	C210
DF43	N606TS	R44
DF44	N606TT	LGEZ
DF48	N606TX	C182
DF4B	N606U	TWEN
DF59	N606UP	B748
DF61	N606UX	E75L
DF7D	N606W	M20P
DF80	N606WC	P46T
DF86	N606WJ	H25B
DF89	N606WM	M20P
DF8E	N606WS	COY2
DFAC	N606XX	B505
DFAF	N606Y	G164
DFE0	N606ZZ	P46T
DFE2	N6060A	C172
DFE5	N6060D	PA22
DFE7	N6060F	M7
DFE8	N6060G	C150
DFEE	N6060N	T206
DFF6	N6060W	P28A
DFF8	N6060Y	BE60
DFF9	N6060Z	BE36
DFFC	N60602	C150
DFFD	N60603	C172
DFFE	N60604	O1
DFFF	N60605	RV6
E002	N60608	C150
E003	N60609	S76
E005	N6061A	C172
E007	N6061C	S76
E009	N6061E	BE35
E00A	N6061F	C182
E00B	N6061G	C150
E00C	N6061H	J3
E013	N6061Q	M20P
E016	N6061T	C182
E01E	N60611	C150
E01F	N60612	C150
E020	N60613	ST75
E021	N60614	C150
E023	N60616	C172
E024	N60617	C210
E026	N60619	DHC6
E028	N6062A	PA18
E02B	N6062D	PA22
E02D	N6062F	C182
E02E	N6062G	C82S
E02F	N6062H	J3
E032	N6062L	AA5
E035	N6062P	PA24
E03E	N6062Y	PA23
E044	N60624	C150
E048	N60628	C150
E049	N60629	FA62
E04C	N6063B	PULS
E04F	N6063E	C172
E052	N6063H	P28A
E054	N6063K	T206
E056	N6063M	S108
E057	N6063N	BE19
E059	N6063Q	M20P
E05A	N6063R	C172
E05B	B-	B38M
E05C	N6063T	C150
E05D	N6063U	RBEL
E063	N60630	C150
E065	N60632	C150
E066	N60633	C150
E067	N60634	RELI
E069	N60636	T210
E06B	N60638	UH1
E06C	N60639	C150
E071	N6064D	PA22
E072	N6064E	BE35
E075	N6064H	B47G
E076	N6064J	C150
E079	N6064M	C82S
E07B	N6064P	C82S
E07C	N6064Q	M20P
E07D	N6064R	C172
E07E	N6064S	BE35
E07F	N6064T	C150
E087	N60641	C150
E08B	N60645	T6
E08F	N60649	C150
E091	N6065A	C172
E092	N6065B	AA1
E095	N6065E	C172
E098	N6065H	P28A
E099	N6065J	C150
E09A	N6065K	C150
E09B	N6065L	C172
E09C	N6065M	C172
E09E	N6065P	C172
E09F	N6065Q	M20P
E0A0	N6065R	C82S
E0A1	N6065S	BE33
E0A5	N6065W	P28A
E0A9	N60650	C150
E0AA	N60651	FA62
E0AB	N60652	C150
E0AC	N60653	C150
E0AD	N60654	ST75
E0AF	N60656	C150
E0B0	N60657	ST75
E0B4	N6066A	C172
E0B7	N6066D	PA22
E0B8	N6066E	BE35
E0B9	N6066F	C182
E0BA	N6066G	C150
E0BB	N6066H	P28A
E0BC	N6066J	C182
E0BE	N6066L	AA5
E0BF	N6066M	S108
E0C0	N6066N	BE19
E0C2	N6066Q	M20P
E0C5	N6066T	C150
E0C8	N6066W	P28A
E0CC	N60660	C170
E0CE	N60662	AT3T
E0D5	N60669	C162
E0DC	N6067F	C182
E0DD	N6067G	C150
E0DE	N6067H	P28R
E0DF	N6067J	C150
E0E3	N6067N	BE19
E0E4	N6067P	PA24
E0E5	N6067Q	M20P
E0E6	N6067R	C172
E0E7	N6067S	BE33
E0E8	N6067T	BE36
E0F1	N60672	C150
E0F2	N60673	C150
E0F8	N60679	AT3T
E0FA	N6068A	C172
E0FF	N6068F	C182
E100	N6068G	C150
E102	N6068J	C182
E106	N6068N	BE19
E107	N6068P	PA24
E108	N6068Q	M20P
E109	N6068R	AEST
E10E	N6068W	P28A
E113	N60681	C150
E114	N60682	C150
E115	N60683	MD60
E116	N60684	C150
E117	N60685	C150
E118	N60686	ST75
E119	N60687	C150
E11A	N60688	ST75
E11D	N6069A	BE20
E11E	N6069B	C182
E122	N6069F	P28A
E128	N6069M	S108
E129	N6069N	AEST
E12A	N6069P	P210
E12D	N6069S	BE35
E133	N6069Y	PA23
E137	N60692	C150
E138	N60693	C150
E139	N60694	C150
E13A	N60695	S05R
E13F	N607	FA24
E145	N607AE	E145
E146	N607AF	PC24
E147	N607AG	B736
E148	N607AH	PC12
E14C	N607AM	B752
E14E	N607AP	HUSK
E151	N607AS	B737
E152	N607AT	B712
E156	N607AX	MRF1
E158	N607AZ	B763
E159	N607B	BE35
E15F	N607BF	LJ45
E161	N607BH	B505
E172	N607C	PA46
E173	N607CA	P46T
E178	N607CF	SBR1
E180	N607CP	GA8
E184	N607CT	CH70
E186	N607CV	GLF5
E18A	N607CZ	E75L
E18B	N607D	GLF4
E18D	N607DB	C25A
E18E	N607DC	RV6
E197	N607DM	C82S
E198	N607DN	A21N
E19C	N607DS	DA40
E19D	N607DT	SR22
E1A0	N607DW	COY2
E1A1	N607DX	G280
E1A5	N607EA	P28A
E1A7	N607EC	CH7A
E1A8	N607ED	PA46
E1BD	N607F	HUSK
E1C2	N607FE	MD11
E1C6	N607FJ	BE20
E1CD	N607FR	A21N
E1DF	N607GJ	CL30
E1E7	N607GS	B58T
E1EB	N607GW	RV7
E204	N607HW	SRAI
E208	N607J	JAB4
E20A	N607JB	A320
E210	N607JH	RV12
E214	N607JM	TBM7
E21D	N607JW	P32R
E221	N607K	C310
E236	N607KW	P32R
E23D	N607LC	PA18
E246	N607LM	EA50
E24A	N607LR	CRJ9
E24C	N607LT	SONX
E254	N607MA	P46T
E256	N607MC	T206
E25E	N607ML	C82T
E25F	N607MM	AC50
E26D	N607NA	DHC6
E270	N607ND	P28A
E276	N607NK	A320
E279	N607NN	CRJ9
E286	N607PA	DA42
E288	N607PC	SR22
E28C	N607PG	H60
E28E	N607PJ	COY2
E297	N607PT	P28A
E2AF	N607QS	C68A
E2B7	N607R	RV7
E2B9	N607RB	FOX
E2C0	N607RJ	FA50
E2CB	N607RV	RV7
E2D0	N607S	SA10
E2D3	N607SC	RV6
E2D5	N607SE	C208
E2DA	N607SK	CRJ7
E2DE	N607SP	EC45
E2E6	N607SX	CRUZ
E2EC	N607TC	C208
E2F6	N607TN	C25A
E2FF	N607TX	C56X
E310	N607UP	B748
E318	N607UX	E75L
E31B	N607V	BE35
E39A	N6070B	C182
E39B	N6070C	AEST
E39D	N6070E	BE35
E39E	N6070F	C182
E39F	N6070G	C150
E3A1	N6070J	C182
E3A5	N6070N	BE23
E3A6	N6070P	PA24
E3A7	N6070Q	M20P
E3A8	N6070R	C172
E3A9	N6070S	BE35
E3AB	N6070U	GLID
E3AD	N6070W	P28A
E3AF	N6070Y	PA23
E3B2	N60701	C150
E3B8	N60707	AT5T
E3BC	N6071A	C172
E3BD	N6071B	SR22
E3BF	N6071D	PA22
E3C0	N6071E	BE35
E3C1	N6071F	C182
E3C3	N6071H	P28R
E3C5	N6071K	C150
E3C8	N6071N	C82T
E3C9	N6071P	PA24
E3CA	N6071Q	M20P
E3CB	N6071R	AEST
E3D0	N6071W	P28A
E3D3	N6071Z	AC11
E3D4	N60710	C180
E3D7	N60713	AT5T
E3D8	N60714	C150
E3DA	N60716	C150
E3DB	N60717	AEST
E3E0	N6072B	C182
E3E1	N6072C	FA62
E3E3	N6072E	BE35
E3E6	N6072H	J3
E3E7	N6072J	P46T
E3E8	N6072K	RC3
E3E9	N6072L	AA5
E3EB	N6072N	BE23
E3ED	N6072Q	M20P
E3EF	N6072S	BE35
E3F0	N6072T	C82S
E3F2	N6072V	AEST
E3F3	N6072W	P28A
E3F4	N6072X	AT5T
E3F5	N6072Y	AT3T
E3F7	N60720	C150
E3FC	N60725	C150
E3FE	N60727	FA62
E3FF	N60728	AEST
E400	N60729	C150
E402	N6073A	AEST
E405	N6073D	PA22
E407	N6073F	BE35
E409	N6073H	PA32
E40A	N6073J	AT5T
E40D	N6073M	S108
E40E	N6073N	BE23
E40F	N6073P	PA24
E412	N6073S	BE36
E41D	N60733	PA18
E41E	N60734	T6
E41F	N60735	C150
E422	N60738	C150
E426	N6074B	C182
E42A	N6074F	C172
E42D	N6074J	P46T
E431	N6074N	BE23
E432	N6074P	PA24
E433	N6074Q	M20P
E434	N6074R	C172
E435	N6074S	BE36
E436	N6074T	C150
E439	N6074W	P28A
E43F	N60742	C150
E440	N60743	C150
E442	N60745	C162
E445	N60748	C150
E446	N60749	C150
E44C	N6075E	BE35
E44D	N6075F	C182
E44E	N6075G	C150
E450	N6075J	C150
E451	N6075K	C172
E452	N6075L	G2T1
E453	N6075M	T206
E455	N6075P	PA24
E457	N6075R	C172
E458	N6075S	BE36
E45C	N6075W	P28A
E45E	N6075Y	PA23
E45F	N6075Z	AEST
E460	N60750	FA62
E462	N60752	P51
E466	N60756	C150
E467	N60757	C150
E468	N60758	C162
E46B	N6076A	C172
E46C	N6076B	C182
E46D	N6076C	C162
E46E	N6076D	PA22
E470	N6076F	C182
E471	N6076G	C150
E473	N6076J	PTS2
E476	N6076M	HUSK
E47A	N6076R	C172
E47C	N6076T	C82S
E47D	N6076U	P46T
E481	N6076Y	C82S
E482	N6076Z	C162
E484	N60761	C150
E489	N60766	T206
E48A	N60767	C150
E48B	N60768	T206
E48C	N60769	C150
E48E	N6077A	C172
E490	N6077C	PTS2
E491	N6077D	PA22
E493	N6077F	C162
E496	N6077J	C182
E497	N6077K	C150
E499	N6077M	S108
E49C	N6077Q	P46T
E49E	N6077S	BE36
E49F	N6077T	AEST
E4A0	N6077U	C162
E4A2	N6077W	P28A
E4A4	N6077Y	AEST
E4A8	N60772	AEST
E4A9	N60773	C150
E4AF	N60779	C162
E4B1	N6078A	C172
E4B3	N6078C	C82R
E4B4	N6078D	PA22
E4BB	N6078L	AA5
E4C0	N6078R	C172
E4C1	N6078S	BE58
E4C2	N6078T	C82S
E4C5	N6078W	AT3T
E4CA	N60781	C150
E4D0	N60787	C150
E4D2	N60789	G2T1
E4D5	N6079B	C182
E4D6	N6079C	C82R
E4D7	N6079D	P46T
E4D8	N6079E	C162
E4D9	N6079F	C182
E4DC	N6079J	C150
E4DF	N6079M	S108
E4E1	N6079P	PA24
E4E4	N6079S	BE95
E4EA	N6079Y	PTS2
E4EB	N6079Z	PA25
E4EC	N60790	C150
E4EE	N60792	AT5T
E4EF	N60793	C150
E4F0	N60794	VALI
E4F1	N60795	VALI
E4F2	N60796	C150
E4F3	N60797	C150
E4F4	N60798	C150
E4F5	N60799	VALI
E4F7	N608A	GLID
E4FA	N608AC	P28A
E4FB	N608AD	LJ45
E4FC	N608AE	SR22
E4FE	N608AG	AT8T
E509	N608AT	B712
E50D	N608AX	MRF1
E510	N608B	BE35
E512	N608BB	PA11
E513	N608BC	C560
E517	N608BG	GLF2
E520	N608BR	SR20
E522	N608BT	C56X
E52D	N608CD	SR22
E52E	N608CE	C560
E52F	N608CF	A119
E534	N608CL	GLF5
E537	N608CP	GA8
E53B	N608CT	C560
E53E	N608CW	PRM1
E543	N608DA	B752
E544	N608DB	C25A
E545	N608DC	ASTR
E548	N608DF	RV7
E54D	N608DL	C172
E54F	N608DN	A21N
E553	N608DS	DA40
E55C	N608EA	C152
E55D	N608EB	BE36
E56B	N608ER	C172
E576	N608FB	BE9L
E578	N608FD	T210
E579	N608FE	MD11
E57B	N608FG	C182
E580	N608FM	C152
E584	N608FR	S22T
E586	N608FT	P28A
E587	N608FU	T34P
E58D	N608G	P28A
E58F	N608GB	R44
E5AC	N608HF	AS50
E5AD	N608HG	RV12
E5B6	N608HR	R44
E5BF	N608J	FOX
E5C1	N608JB	A320
E5CF	N608JR	C56X
E5F2	N608LA	AT5T
E5F4	N608LC	F900
E5F5	N608LD	C180
E5F6	N608LE	P28B
E5FD	N608LM	E145
E60A	N608M	FLE2
E60B	N608MA	RV9
E60C	N608MB	C56X
E60D	N608MC	T206
E616	N608MM	C25A
E623	N608N	WACO
E627	N608ND	C172
E62D	N608NK	A320
E630	N608NN	CRJ9
E63D	N608PA	AT6T
E63E	N608PB	C208
E655	N608Q	BE35
E666	N608QS	C68A
E66F	N608RA	B06
E676	N608RH	AT5T
E67C	N608RP	CL30
E688	N608SA	GA8C
E68B	N608SD	UH1
E68E	N608SG	C25B
E68F	N608SH	C82T
E691	N608SK	CRJ7
E693	N608SM	PC12
E697	N608SR	SR22
E699	N608ST	C25B
E6A0	N608T	AS50
E6AC	N608TM	PA32
E6B1	N608TS	FOX
E6B9	N608U	G164
E6C7	N608UP	B748
E6CE	N608UW	EC45
E6CF	N608UX	E75L
E6D2	N608V	BE35
E6EB	XB-VOS	LJ31
E6F7	N608WM	EC35
E74F	N6080	DHC4
E757	N6080H	P28A
E758	N6080J	C150
E75A	N6080L	AA5
E75C	N6080N	BE23
E75F	N6080R	AS50
E768	N60800	C150
E770	N60808	C150
E771	N60809	C82T
E774	N6081B	RV6
E775	N6081C	C82R
E777	N6081E	P46T
E778	N6081F	AC11
E779	N6081G	AEST
E77A	N6081H	P28A
E77F	N6081N	BE23
E781	N6081Q	AT3T
E782	N6081R	C172
E783	N6081S	BE55
E785	N6081U	PTS2
E788	N6081X	AEST
E78B	N60810	ST75
E78D	N60812	ST75
E78F	N60814	C162
E793	N60818	C150
E795	N6082	BE18
E798	N6082C	PTS2
E79B	N6082F	AT3T
E79C	N6082G	C150
E79F	N6082K	C150
E7A1	N6082M	S108
E7A2	N6082N	BE23
E7A3	N6082P	AT5T
E7A4	N6082Q	M20P
E7A5	N6082R	AEST
E7A6	N6082S	BE95
E7A8	N6082U	PTS2
E7A9	N6082V	LA4
E7AC	N6082Y	AT3T
E7AF	N60821	ST75
E7B0	N60822	C150
E7B1	N60823	PTS2
E7B3	N60825	C150
E7B5	N60827	PTS2
E7B8	N6083	DHC2
E7B9	N6083A	PA18
E7BA	N6083B	T210
E7BD	N6083E	BE35
E7BE	N6083F	C182
E7BF	N6083G	AT5T
E7C0	N6083H	P28R
E7C1	N6083J	C172
E7C3	N6083L	AA5
E7C7	N6083Q	M20P
E7C8	N6083R	C172
E7CB	N6083U	HUSK
E7CC	N6083V	C72R
E7D1	N60830	C150
E7D2	N60831	C150
E7D3	N60832	C150
E7D4	N60833	T6
E7D6	N60835	C150
E7D7	N60836	C150
E7D9	N60838	T206
E7DB	N6084	DHC2
E7DD	N6084B	T210
E7DE	N6084C	PA44
E7DF	N6084D	PA22
E7E0	N6084E	BE35
E7E1	N6084F	CJ6
E7E4	N6084J	C150
E7E5	N6084K	AT6T
E7E7	N6084M	C152
E7E8	N6084N	BE23
E7EA	N6084Q	M20P
E7EB	N6084R	C172
E7EC	N6084S	BE95
E7ED	N6084T	C150
E7F0	N6084W	AS50
E7F8	N60844	C185
E7FD	N60849	CJ6
E806	N6085H	J3
E809	N6085L	AA5
E80A	N6085M	C152
E80B	N6085N	BE23
E80F	N6085S	HUSK
E810	N6085T	C150
E812	N6085V	CH7A
E814	N6085X	M20P
E815	N6085Y	PA23
E816	N6085Z	P46T
E817	N60850	AVID
E81C	N60855	C150
E822	N6086A	C172
E823	N6086B	P46T
E827	N6086F	C182
E828	N6086G	C172
E82A	N6086J	C182
E82B	N6086K	SPUP
E832	N6086S	C82R
E833	N6086T	C150
E834	N6086U	HUSK
E836	N6086W	P28A
E83A	N60860	C150
E83B	N60861	C150
E83F	N60865	C150
E845	N6087A	C172
E846	N6087B	C182
E847	N6087C	AS50
E849	N6087E	PTS2
E84A	N6087F	C182
E84D	N6087J	C150
E84E	N6087K	H500
E850	N6087M	S108
E852	N6087P	PA24
E853	N6087Q	M20P
E854	N6087R	C172
E855	N6087S	BE36
E856	N6087T	C150
E857	N6087U	HUSK
E859	N6087W	H500
E85D	N60870	C150
E85E	N60871	C185
E862	N60875	C150
E864	N60877	AT5T
E865	N60878	C150
E868	N6088A	C172
E869	N6088B	AS50
E86B	N6088D	PA22
E86C	N6088E	C82R
E86D	N6088F	AC11
E86E	N6088G	C150
E86F	N6088H	C152
E872	N6088L	AA5
E875	N6088P	P210
E876	N6088Q	M20P
E87A	N6088U	HUSK
E880	N60880	C150
E883	N60883	C150
E884	N60884	C150
E888	N60888	C150
E889	N60889	C150
E88C	N6089B	C182
E88D	N6089C	C82R
E88E	N6089D	PA22
E892	N6089H	P28R
E894	N6089K	C172
E896	N6089M	C152
E898	N6089P	PA24
E899	N6089Q	M20P
E89A	N6089R	C172
E89B	N6089S	BE33
E89D	N6089U	PTS2
E89F	N6089W	P28A
E8A0	N6089X	CH70
E8A1	N6089Y	PA23
E8A3	N60890	RELI
E8A5	N60892	C150
E8A8	N60895	C150
E8AC	N60899	C150
E8AE	N609A	TS11
E8B3	N609AE	SR22
E8B8	N609AK	GL5T
E8BF	N609AS	B737
E8C0	N609AT	AT6T
E8C4	N609AX	MRF1
E8CE	N609BG	BE30
E8D0	N609BJ	BU31
E8DC	N609BW	GLST
E8E0	N609C	SR22
E8E1	N609CA	DA40
E8E4	N609CD	SR22
E8E6	N609CF	A119
E8EE	N609CP	GA8
E8EF	N609CQ	F900
E8F1	N609CS	EXNG
E8F2	N609CT	SR20
E8FA	N609DA	SR20
E8FD	N609DD	M6
E905	N609DM	RV6
E906	N609DN	A21N
E907	N609DP	E145
E90A	N609DS	C303
E92A	N609EZ	GLF4
E930	N609FE	MD11
E934	N609FJ	C172
E93B	N609FR	A21N
E93D	N609FT	P28A
E944	N609G	BE58
E946	N609GB	GA6C
E96E	N609HS	SS2T
E975	N609HZ	RV8
E977	N609JA	PISI
E978	N609JB	SBOY
E984	N609JP	GLEX
E996	N609KG	SR22
E9A6	N609KY	C172
E9B0	N609LH	B609
E9C2	N609MA	PA34
E9C3	N609MB	SS2T
E9C8	N609MG	MM16
E9C9	N609MH	P180
E9CA	N609MJ	CH60
E9CB	N609MK	AS50
E9D1	N609MR	SR22
E9DA	N609N	PTS1
E9DE	N609ND	P28A
E9E4	N609NK	A320
E9E7	N609NN	CRJ9
E9F4	N609PA	B609
E9F6	N609PC	C182
E9FB	N609PH	B609
EA1D	N609QS	C56X
EA27	N609RB	H25B
EA28	N609RC	H25B
EA30	N609RL	T210
EA33	N609RP	MD60
EA36	N609RS	COL4
EA39	N609RV	RV8
EA3E	N609S	SR22
EA42	N609SD	VELO
EA44	N609SF	SPHA
EA47	N609SJ	RV12
EA48	N609SK	CRJ7
EA4A	N609SM	C25A
EA53	N609SW	B733
EA58	N609TA	H60
EA67	N609TR	B609
EA6D	N609TX	AS50
EA7E	N609UP	B748
EA86	N609UX	E75L
EA89	N609V	BE35
EAA3	N609WA	CH60
EAA4	N609WB	GLF6
EAED	N609Z	CH60
EB07	N6090A	C172
EB08	N6090B	RV4
EB0A	N6090D	PA18
EB0E	N6090H	J3
EB11	N6090L	AA5
EB12	N6090M	S108
EB14	N6090P	PA24
EB16	N6090R	C172
EB1A	N6090V	C72R
EB1C	N6090X	M20P
EB1F	N60900	C162
EB20	N60901	UH1
EB22	N60903	C150
EB2A	N6091A	C172
EB2B	N6091B	C182
EB2C	N6091C	CH7A
EB2D	N6091D	C172
EB34	N6091L	AA5
EB35	N6091M	J3
EB38	N6091Q	M20P
EB3A	N6091S	BE36
EB3B	N6091T	C150
EB3D	N6091V	C72R
EB3E	N6091W	P28A
EB44	N60912	C150
EB48	N60916	C150
EB4B	N60919	C150
EB4E	N6092B	C182
EB50	N6092D	PA18
EB51	N6092E	BE35
EB52	N6092F	C172
EB53	N6092G	C150
EB54	N6092H	J3
EB58	N6092M	C152
EB5B	N6092Q	C162
EB5C	N6092R	C172
EB5D	N6092S	BE35
EB5E	N6092T	C150
EB60	N6092V	C72R
EB61	N6092W	P28A
EB63	N6092Y	PA23
EB6B	N60926	C150
EB70	N6093A	C172
EB72	N6093C	CH7A
EB74	N6093E	P46T
EB75	N6093F	C182
EB76	N6093G	C150
EB77	N6093H	P32R
EB78	N6093J	C172
EB79	N6093K	AS50
EB7B	N6093M	S108
EB80	N6093S	BE35
EB84	N6093W	P28A
EB88	N60930	C150
EB90	N60938	C150
EB93	N6094A	C172
EB94	N6094B	T210
EB96	N6094D	PA18
EB97	N6094E	AS50
EB98	N6094F	C172
EB9A	N6094H	AS50
EB9B	N6094J	C150
EB9C	N6094K	C150
EB9E	N6094M	S108
EB9F	N6094N	BE23
EBA1	N6094Q	M20P
EBA2	N6094R	BE23
EBA3	N6094S	AS50
EBA5	N6094U	AS50
EBAB	N60940	C150
EBAC	N60941	C150
EBAE	N60943	C150
EBAF	N60944	C150
EBB0	N60945	C185
EBBA	N6095E	C185
EBBB	N6095F	C182
EBBD	N6095H	J3
EBBE	N6095J	C150
EBC4	N6095Q	J3
EBC5	N6095R	C172
EBC6	N6095S	P28A
EBC8	N6095U	AS50
EBC9	N6095V	C170
EBCB	N6095X	AC11
EBCD	N6095Z	AC11
EBCE	N60950	C150
EBD3	N60955	ST75
EBD4	N60956	C185
EBD7	N60959	C150
EBDD	N6096E	BE35
EBDE	N6096F	CH7A
EBDF	N6096G	C150
EBE0	N6096H	J3
EBE1	N6096J	C150
EBE3	N6096L	AA5
EBE4	N6096M	S108
EBE5	N6096N	RS12
EBE8	N6096R	AS50
EBE9	N6096S	BE58
EBEC	N6096V	LA4
EBEF	N6096Y	SS2T
EBF0	N6096Z	P28A
EBF2	N60961	ST75
EBF3	N60962	C150
EBF4	N60963	AC11
EBF6	N60965	ST75
EBF9	N60968	C150
EBFA	N60969	C185
EBFB	N6097	CAMP
EBFC	N6097A	FB1A
EBFD	N6097B	C182
EBFE	N6097C	AT5T
EC00	N6097E	BE35
EC02	N6097G	C172
EC04	N6097J	TRDO
EC05	N6097K	RC3
EC06	N6097L	AA5
EC07	N6097M	C152
EC09	N6097P	PA24
EC0B	N6097R	C172
EC0C	N6097S	BE36
EC0D	N6097T	C182
EC0F	N6097V	AT5T
EC10	N6097W	P28A
EC14	N60970	C150
EC16	N60972	CJ6
EC1B	N60977	DAKH
EC1F	N6098A	C180
EC20	N6098B	C182
EC22	N6098D	C172
EC24	N6098F	P28A
EC27	N6098J	C150
EC29	N6098L	RV6
EC2A	N6098M	S108
EC2B	N6098N	BE19
EC31	N6098U	AS50
EC34	N6098X	C310
EC39	N60982	C150
EC3A	N60983	C150
EC3D	N60986	C82S
EC3F	N60988	C150
EC42	N6099A	C172
EC43	N6099B	C182
EC47	N6099F	C182
EC49	N6099H	J3
EC4A	N6099J	C150
EC4D	N6099M	S108
EC4F	N6099P	PA46
EC50	N6099Q	M20P
EC53	N6099T	SS2T
EC56	N6099W	P210
EC57	N6099X	M20P
EC59	N6099Z	SR22
EC5F	N60995	C150
EC62	N60998	AT3T
EC65	N61A	C337
EC66	N61AA	H60
EC67	N61AB	FOX
EC69	N61AD	LGEZ
EC6C	N61AG	GLIM
EC6D	N61AH	HUSK
EC6E	N61AJ	C421
EC6F	N61AK	BEAR
EC70	N61AL	CH7A
EC71	N61AM	AEST
EC73	N61AP	BE20
EC79	N61AV	GA6C
EC7A	N61AW	RV4
EC7C	N61AY	BE20
EC7F	N61BA	MU2
EC80	N61BB	PA30
EC82	N61BD	BL8
EC89	N61BL	P28R
EC8A	N61BM	CH60
EC8D	N61BQ	T210
EC8E	N61BR	GLID
EC90	N61BT	VALI
EC93	N61BW	LNP4
EC94	N61BX	C82S
EC98	N61CA	P28A
EC99	N61CB	S22T
EC9A	N61CC	C25B
EC9B	N61CD	SR20
EC9C	N61CE	C82S
EC9D	N61CF	CH60
ECA0	N61CJ	CJ6
ECA1	N61CK	CC11
ECA2	N61CL	B06
ECA3	N61CM	C182
ECA5	N61CP	SR22
ECA8	N61CS	C550
ECAB	N61CV	AS50
ECAE	N61CY	GLAS
ECAF	N61CZ	S22T
ECB1	N61DA	CH7A
ECB2	N61DB	BE35
ECB3	N61DC	RLU1
ECB4	N61DD	C340
ECB5	N61DE	PA32
ECB7	N61DG	GLAS
ECB9	N61DJ	S76
ECBD	N61DN	BE20
ECBE	N61DP	PA34
ECC0	N61DR	PULS
ECC1	N61DS	C310
ECC2	N61DT	EA50
ECC4	N61DV	CH60
ECC5	N61DW	T206
ECC6	N61DX	RV9
ECC8	N61DZ	P46T
ECCC	N61EC	C185
ECCD	N61ED	RV8
ECCE	N61EE	BE33
ECD0	N61EG	BOLT
ECD4	N61EL	C182
ECD7	N61EP	DA42
ECDA	N61ES	BE95
ECDB	N61ET	PA18
ECDE	N61EW	SR20
ECE1	N61EZ	LGEZ
ECE3	N61FA	S22T
ECE6	N61FD	F260
ECE8	N61FF	CL60
ECEA	N61FH	PA34
ECED	N61FL	PA46
ECEE	N61FM	A109
ECEF	N61FN	C750
ECF0	N61FP	PC12
ECF2	N61FR	BE35
ECF3	N61FS	RV8
ECF4	N61FT	C56X
ECFB	N61G	TOOT
ECFC	N61GA	C172
ECFD	N61GB	BE40
ECFF	N61GD	LJ60
ED00	N61GE	SR22
ED02	N61GG	EN28
ED04	N61GJ	MU2
ED05	N61GK	C560
ED06	N61GL	RV6
ED07	N61GM	BE35
ED08	N61GN	BE9L
ED09	N61GP	ST75
ED0A	N61GQ	BD4
ED0B	N61GR	B06
ED0C	N61GS	C152
ED10	N61GW	RV6
ED15	N61HA	C501
ED16	N61HB	PA34
ED1A	N61HF	EA50
ED1C	N61HH	C510
ED1F	N61HL	AS50
ED20	N61HM	BE35
ED25	N61HS	C82T
ED26	N61HT	C550
ED29	N61HE	SF50
ED2B	N61HY	HUSK
ED2E	N61JA	COUR
ED2F	N61JB	MU2
ED30	N61JC	BE35
ED31	N61JD	C68A
ED32	N61JE	F2TH
ED33	N61JF	KR2
ED35	N61JH	R22
ED36	N61JJ	GLID
ED39	N61JM	SR22
ED3B	N61JP	ST75
ED3D	N61JR	C182
ED3E	N61JS	SR22
ED3F	N61JT	TBM9
ED41	N61JV	C421
ED42	N61JW	P32R
ED47	N61KA	B350
ED48	N61KB	PA31
ED4C	N61KF	FOX
ED4D	N61KG	R44
ED4E	N61KH	B06
ED4F	N61KJ	B06
ED51	N61KL	GLID
ED52	N61KM	DA40
ED57	N61KS	WACC
ED58	N61KT	CC19
ED5B	N61KW	CH70
ED5F	N61L	C180
ED61	N61LB	LNCE
ED62	N61LC	J3
ED63	N61LD	RV9
ED67	N61LH	DA40
ED68	N61LJ	RV6
ED6A	N61LL	GLAS
ED6B	N61LM	PA34
ED6D	N61LP	BE36
ED6F	N61LR	CH75
ED71	N61LT	TOOT
ED73	N61LV	C172
ED74	N61LW	BE33
ED75	N61LX	BE35
ED78	N61M	AEST
ED7A	N61MB	LGEZ
ED7C	N61MD	AS65
ED7D	N61ME	RS12
ED7E	N61MF	T210
ED7F	N61MG	PA23
ED80	N61MH	T6
ED81	N61MJ	H269
ED83	N61ML	WACF
ED84	N61MM	R44
ED85	N61MN	E550
ED88	N61MR	C510
ED89	N61MS	RV6
ED8A	N61MT	AVAM
ED8E	N61MX	R44
ED91	N61N	COUG
ED94	N61NC	PA23
ED97	N61NF	HUSK
ED99	N61NH	S61
EDA1	N61NR	B06
EDA6	N61NW	S61
EDA7	N61NX	ONEX
EDAA	N61P	ST75
EDAC	N61PB	CH7A
EDAD	N61PC	BE20
EDB2	N61PH	B06
EDB3	N61PJ	MT
EDB4	N61PK	GC1
EDB5	N61PL	AEST
EDB6	N61PM	FOX
EDBA	N61PR	SCAM
EDBB	N61PS	PTS2
EDBC	N61PT	T206
EDBF	N61PW	AVID
EDC2	N61PZ	BE58
EDC3	N61Q	U21
EDC6	N61QC	SRAI
EDDC	N61R	HROC
EDDE	N61RB	C210
EDE1	N61RE	CH7B
EDE2	N61RF	MUS2
EDE3	N61RG	AEST
EDE5	N61RJ	PC12
EDE6	N61RK	AS50
EDE8	N61RM	RV6
EDEA	N61RP	BE35
EDEC	N61RR	T206
EDF0	N61RV	RV6
EDF1	N61RW	C320
EDF2	N61RX	AS50
EDF5	N61S	ST75
EDF6	N61SA	SR22
EDF8	N61SC	ACRO
EDF9	N61SD	B47G
EDFA	N61SE	CH7B
EDFC	N61SG	C25A
EDFE	N61SJ	LJ55
EE00	N61SL	AN2
EE01	N61SM	BE36
EE03	N61SP	UH1
EE05	N61SR	M7
EE07	N61ST	C150
EE0A	N61SW	TBM7
EE0E	N61T	SF50
EE0F	N61TA	P28A
EE12	N61TD	RV6
EE14	N61TF	CL30
EE15	N61TG	K900
EE16	N61TH	BE30
EE18	N61TK	SSTL
EE1C	N61TP	PA22
EE20	N61TT	BE33
EE25	N61TY	C25A
EE27	N61U	PA30
EE2A	N61UC	B190
EE35	N61UP	EC45
EE38	N61US	C82S
EE40	N61V	ST75
EE41	N61VA	C182
EE42	N61VB	VELO
EE43	N61VC	BE40
EE47	N61VG	HIGH
EE4B	N61VL	LNC2
EE4C	N61VM	RV12
EE51	N61VS	EC35
EE55	N61VW	LJ31
EE59	N61W	ST75
EE5A	N61WA	S22T
EE5C	N61WC	P180
EE5D	N61WD	LGEZ
EE5F	N61WF	LJ60
EE60	N61WG	LJ60
EE61	N61WH	E300
EE64	N61WL	AS50
EE65	N61WM	P32R
EE69	N61WR	DV20
EE6A	N61WS	GLF4
EE6B	N61WT	C172
EE6E	N61WW	C340
EE6F	N61WX	GLF6
EE70	N61WY	HUSK
EE71	N61WZ	GLF5
EE74	N61XB	BEAR
EE75	N61XC	GLIM
EE80	N61XP	BE20
EE88	N61XX	L39
EE8B	N61Y	C182
EE98	N61YN	M20P
EE99	N61YP	C25A
EEA6	N61ZB	RV6
EEB2	N61ZP	SR22
EEBC	N61ZZ	CC11
EEBD	N610	NAVI
EEBE	N610A	B350
EEC2	N610AD	M6
EEC3	N610AE	E145
EEC5	N610AG	C206
EEC6	N610AH	AS50
EEC8	N610AK	C310
EECA	N610AM	C172
EED3	N610AW	GLEX
EED4	N610AX	MRF1
EED8	N610BA	C208
EEDA	N610BC	COL4
EEDB	N610BD	C501
EEE8	N610BS	SRAI
EEEC	N610BW	AC50
EEF0	N610C	S108
EEF3	N610CC	P28A
EEF4	N610CD	SR22
EEF6	N610CF	S22T
EEF7	N610CG	CL30
EEFB	N610CL	C525
EEFC	N610CM	RV10
EEFE	N610CP	GA8
EF00	N610CR	LJ60
EF06	N610CX	GLEX
EF08	N610CZ	E75L
EF0B	N610DB	C82S
EF12	N610DJ	SONX
EF16	N610DN	A21N
EF17	N610DP	G280
EF23	N610EA	BE55
EF30	N610EP	E55P
EF32	N610ER	C172
EF33	N610ES	H500
EF3C	N610FA	P28A
EF40	N610FE	MD11
EF46	N610FL	P28A
EF49	N610FP	LJ60
EF4B	N610FR	A21N
EF54	N610G	B752
EF56	N610GB	S22T
EF58	N610GD	C560
EF5B	N610GG	C501
EF5C	N610GH	PC12
EF69	N610GW	GLF4
EF79	N610HM	C182
EF7B	N610HP	C72R
EF7D	N610HR	SR22
EF83	N610HX	S64
EF86	N610J	LNC4
EF8E	N610JH	RV4
EF96	N610JR	LJ55
EFA2	N610KC	T210
EFA6	N610KG	BE35
EFB8	N610L	CL60
EFB9	N610LA	C208
EFBA	N610LB	P32R
EFC1	N610LJ	LJ35
EFD1	N610M	FLE2
EFD2	N610MA	PA32
EFD6	N610ME	KR1
EFDF	N610MP	R44
EFE3	N610MT	M20P
EFE5	N610MV	C182
EFEA	N610N	WACO
EFEE	N610ND	P28A
EFF7	N610NN	CRJ9
F005	N610PB	AVAM
F00A	N610PG	C25B
F014	N610PS	CRUZ
F015	N610PT	C510
F018	N610PW	EA50
F01C	N610Q	BE35
F02D	N610QS	C68A
F038	N610RC	C310
F040	N610RL	F900
F046	N610RS	C560
F047	N610RT	C750
F049	N610RV	RV10
F054	N610SF	AS50
F055	N610SG	BE9L
F056	N610SH	P28A
F05A	N610SM	ASTR
F05C	N610SP	C172
F05E	N610SR	SREY
F060	N610ST	CH75
F063	N610SW	GLEX
F068	N610TA	BE20
F06A	N610TC	BE36
F06C	N610TE	LGEZ
F075	N610TP	B06
F07C	N610TW	RV8
F07D	N610TX	C56X
F08E	N610UP	B748
F096	N610UX	E75L
F099	N610V	BE35
F0B2	N610W	C310
F0B8	N610WF	P46T
F0BF	N610WN	B733
F0C5	N610WU	C750
F0C7	N610WW	UH1
F0CB	N610X	B47G
F116	N6100	EA50
F118	N6100B	C210
F119	N6100C	BE18
F11A	N6100D	PA22
F11C	N6100F	C210
F11D	N6100G	C150
F11E	N6100H	J3
F11F	N6100J	P28A
F120	N6100K	C162
F122	N6100M	S108
F124	N6100P	PA24
F12A	N6100V	BE35
F12D	N6100Y	T210
F130	N61001	C150
F138	N61009	C150
F13B	N6101B	C182
F13D	N6101D	PA22
F13E	N6101E	C172
F140	N6101G	P46T
F142	N6101J	T206
F145	N6101M	M6
F147	N6101P	PA24
F14D	N6101V	BE35
F14E	N6101W	P28A
F152	N61010	C150
F153	N61011	P28R
F154	N61012	FA62
F15A	N61018	BE24
F15B	N61019	C150
F15D	N6102A	PA18
F164	N6102H	C152
F166	N6102K	RC3
F168	N6102M	S108
F16A	N6102P	PA24
F16C	N6102R	C72R
F16F	N6102U	AT5T
F170	N6102V	BE35
F171	N6102W	P210
F174	N6102Z	AT5T
F175	N61020	C150
F176	N61021	TAYD
F17A	N61025	C185
F17B	N61026	C150
F17D	N61028	C150
F180	N6103A	PA18
F184	N6103E	C172
F186	N6103G	P46T
F187	N6103H	J3
F188	N6103J	P28B
F18C	N6103N	C207
F18F	N6103R	T210
F190	N6103S	C82R
F193	N6103V	BE35
F195	N6103X	AS50
F196	N6103Y	SR22
F198	N61030	C150
F199	N61031	C150
F19B	N61033	C150
F1A0	N61038	C150
F1A2	N6104	GLID
F1A6	N6104D	PA22
F1B0	N6104P	PA24
F1B1	N6104Q	C152
F1B5	N6104U	T210
F1B8	N6104X	C310
F1BC	N61041	C150
F1C8	N6105C	BE33
F1C9	N6105D	P46T
F1CA	N6105E	P46T
F1CB	N6105F	C210
F1CD	N6105H	J3
F1CE	N6105J	T206
F1D0	92-0369	SW4
F1D1	N6105M	S108
F1D4	N6105Q	C152
F1D6	N6105S	C82R
F1D8	N6105U	AC11
F1D9	N6105V	C72R
F1DA	N6105W	P28A
F1DB	N6105X	SR22
F1DC	N6105Y	AT5T
F1DF	N61051	C150
F1E0	N61052	C150
F1E3	N61055	C150
F1E5	N61057	C150
F1E7	N61059	C162
F1EA	N6106B	C182
F1EB	N6106C	SR22
F1ED	N6106E	C172
F1EE	N6106F	C162
F1EF	N6106G	C162
F1F6	N6106P	PA24
F1F7	N6106Q	C152
F1F8	N6106R	T210
F1F9	N6106S	AC11
F1FB	N6106U	AT3P
F1FC	N6106V	BE35
F1FE	N6106X	AC50
F1FF	N6106Y	M7
F200	N6106Z	PA25
F202	N61061	C150
F203	N61062	C150
F204	N61063	VALI
F205	N61064	C150
F208	N61067	C150
F20B	N6107	COY2
F20C	N6107A	PA31
F20F	N6107D	PA22
F210	N6107E	C82R
F212	N6107G	C150
F213	N6107H	J3
F218	N6107N	BE23
F21A	N6107Q	SR22
F21F	N6107V	LA4
F220	N6107W	AT5T
F224	N61070	TAYD
F22C	N61078	C150
F230	N6108B	C182
F233	N6108E	BE36
F235	N6108G	C150
F236	N6108H	J3
F237	N6108J	GLID
F238	N6108K	RC3
F239	N6108L	AT5T
F23A	N6108M	S108
F23C	N6108P	PA24
F23F	N6108S	BE36
F240	N6108T	C150
F242	N6108V	BE35
F244	N6108X	P46T
F247	N61080	TAYD
F248	N61081	C150
F253	N6109B	C182
F255	N6109D	RS12
F256	N6109E	C172
F258	N6109G	C150
F259	N6109H	J3
F25B	N6109K	C150
F25C	N6109L	AA1
F25D	N6109M	S108
F25F	N6109P	FA62
F261	N6109R	T210
F263	N6109T	C150
F266	N6109W	P28A
F267	N6109X	C310
F26B	N61091	C150
F26C	N61092	C185
F26E	N61094	C150
F271	N61097	C150
F272	N61098	C150
F275	N611A	BE35
F277	N611AB	CL60
F278	N611AC	B407
F279	N611AD	C82S
F27A	N611AE	E145
F27B	N611AF	AVID
F27C	N611AG	BE36
F27E	N611AJ	P28B
F27F	N611AK	P46T
F280	N611AL	GLST
F281	N611AM	CH75
F283	N611AP	BL8
F286	N611AS	B737
F287	N611AT	C650
F289	N611AV	CL35
F28D	N611AZ	CL60
F28E	N611B	PA31
F28F	N611BA	SW4
F291	N611BC	SF34
F294	N611BF	GLEX
F299	N611BL	C56X
F29E	N611BR	M20P
F2A2	N611BV	E35L
F2A5	N611BY	M7
F2A6	N611BZ	RV8
F2A7	N611C	C170
F2A8	N611CA	C172
F2A9	N611CB	RV12
F2AA	N611CC	T210
F2AB	N611CD	SR22
F2B1	N611CK	S61R
F2B3	N611CM	P28R
F2B5	N611CP	GA8
F2B7	N611CR	BE9L
F2B9	N611CT	SR22
F2BB	N611CV	R22
F2BF	N611CZ	COZY
F2C1	N611DA	SR20
F2C7	N611DG	M20P
F2CC	N611DM	BIPL
F2CE	N611DP	PA31
F2D0	N611DR	BE50
F2D1	N611DS	B738
F2D2	N611DT	A21N
F2D5	N611DW	AC50
F2D6	N611DX	CH7B
F2DA	N611EA	C172
F2DC	N611EC	E50P
F2DF	N611EF	AEST
F2E3	N611EK	C172
F2EA	N611ES	SR22
F2ED	N611EV	ACR2
F2F2	N611F	T6
F2FD	N611FL	P28A
F302	N611FR	A21N
F304	N611FT	P28A
F308	N611FX	E550
F30B	N611G	C182
F30D	N611GB	KR2
F30E	N611GC	ERCO
F312	N611GG	C172
F31C	N611GS	C560
F31D	N611GT	P180
F31F	N611GV	C208
F324	N611H	NAVI
F330	N611HM	AEST
F332	N611HP	C82T
F341	N611JD	PA31
F342	N611JE	GLF4
F345	N611JH	FOX
F349	N611JM	GLF4
F34B	N611JP	P28A
F34D	N611JR	HUNT
F34F	N611JT	HDJT
F356	N611K	CH7A
F359	N611KC	P46T
F35D	N611KG	SR22
F35E	N611KH	C150
F35F	N611KJ	RV9
F36F	N611L	C208
F370	N611LA	AT5T
F372	N611LC	AEST
F37A	N611LL	AS65
F37B	N611LM	RV10
F388	N611M	BE35
F389	N611MA	HUSK
F38B	N611MC	H25B
F38F	N611MG	C337
F390	N611MH	DA40
F391	N611MJ	WAIX
F396	N611MP	C560
F398	N611MR	C56X
F399	N611MS	M20T
F39C	N611MV	PC12
F3A3	N611NB	B429
F3AB	N611NK	A320
F3AE	N611NN	CRJ9
F3BB	N611PA	B407
F3C1	N611PG	T210
F3C5	N611PL	GLF6
F3C6	N611PM	LNCE
F3CC	N611PT	C82S
F3D2	N611PZ	RV6
F3D3	N611Q	BE35
F3E4	N611QS	C56X
F3ED	N611RA	S22T
F3EF	N611RC	LGEZ
F3F0	N611RD	RV12
F3F2	N611RF	LNC2
F3F3	N611RG	EXEC
F3F4	N611RH	SW4
F3F8	N611RM	SR22
F3FA	N611RP	S22T
F3FD	N611RS	BE36
F3FE	N611RT	SR22
F400	N611RV	RV6
F405	N611S	RV7
F406	N611SA	C182
F407	N611SB	SR22
F409	N611SD	BE20
F40A	N611SE	RV7
F40C	N611SG	PA23
F40E	N611SJ	EC45
F40F	N611SK	CRJ7
F410	N611SL	HIGH
F413	N611SP	FK9
F416	N611SS	G73
F417	N611ST	RV7
F41A	N611SW	B733
F420	N611TB	P46T
F421	N611TC	AS50
F425	N611TG	FA50
F426	N611TH	R44
F428	N611TK	C25C
F42A	N611TM	C210
F42B	N611TN	RV10
F430	N611TT	RV10
F432	N611TV	R66
F434	N611TX	F900
F441	N611UK	JAB4
F445	N611UP	B748
F44D	N611UX	E75L
F450	N611V	PA24
F451	N611VA	SR20
F452	N611VB	RV12
F457	N611VG	C560
F45C	N611VM	P28A
F460	N611VR	SR22
F461	N611VS	BE33
F465	N611VW	P28A
F46E	N611WE	COY2
F472	N611WJ	C182
F474	N611WL	P32R
F477	N611WP	BE18
F47A	N611WS	T210
F47B	N611WT	TAIL
F47E	N611WW	PA23
F482	N611X	R44
F48D	N611XL	XL2
F4CD	N6110	C650
F4CE	N6110A	PA18
F4CF	N6110B	C182
F4D0	N6110C	M7
F4D3	N6110F	C210
F4D4	N6110G	C150
F4D5	N6110H	J3
F4D7	N6110K	C82S
F4E2	N6110W	P28A
F4E3	N6110X	BE23
F4E4	N6110Y	AT5T
F4E7	N61101	B789
F4E8	N61102	C185
F4E9	N61103	B789
F4EA	N61104	C150
F4EB	N61105	T206
F4EC	N61106	B789
F4EE	N61108	C150
F4EF	N61109	B789
F4F4	N6111D	PA22
F4F7	N6111G	L39
F4FC	N6111M	BE35
F4FD	N6111N	C82R
F4FF	N6111Q	C152
F502	N6111T	C150
F504	N6111V	BE9L
F505	N6111W	P28A
F509	N61110	C150
F50A	N61111	B789
F50B	N61112	C150
F50D	N61114	C150
F50F	N61116	ST75
F512	N61119	C185
F514	N6112A	T210
F518	N6112E	C172
F519	N6112F	C210
F51A	N6112G	BE30
F51B	N6112H	J3
F51C	N6112J	P28A
F51D	N6112K	C150
F521	N6112P	PA24
F524	N6112S	C82R
F525	N6112T	C150
F527	N6112V	BE35
F528	N6112W	P28A
F52A	N6112Y	FOX
F52B	N6112Z	PA25
F52C	N61120	C150
F52F	N61123	C150
F532	N61126	C150
F533	N61127	C150
F535	N61129	C150
F536	N6113	RV7
F537	N6113A	BE36
F539	N6113C	AT5T
F53A	N6113D	BE36
F53B	N6113E	C172
F53C	N6113F	C182
F53D	N6113G	C150
F53E	N6113H	J3
F53F	N6113J	P28A
F540	N6113K	RC3
F543	N6113N	BE23
F546	N6113R	C72R
F54A	N6113V	C72R
F54B	N6113W	P28A
F54F	N61130	C150
F550	N61131	C150
F551	N61132	C150
F559	N6114	LNC2
F561	N6114H	J3
F566	N6114N	BE23
F567	N6114P	PA24
F568	N6114Q	C152
F56A	N6114S	C182
F56B	N6114T	C150
F56C	N6114U	FB1A
F56D	N6114V	BE35
F56E	N6114W	P28A
F56F	N6114X	AC50
F572	N61140	C150
F573	N61141	C150
F575	N61143	C150
F576	N61144	C150
F577	N61145	C150
F57F	N6115C	C421
F580	N6115D	PA22
F584	N6115H	J3
F586	N6115K	AC11
F587	N6115L	AA1
F589	N6115N	C82S
F58A	N6115P	SREY
F58D	N6115S	C182
F590	N6115V	BE35
F597	N61152	C150
F59B	N61156	C150
F59C	N61157	C150
F59D	N61158	C185
F59E	N61159	C150
F5A2	N6116C	C310
F5A6	N6116G	C150
F5A8	N6116J	P28R
F5AF	N6116R	T210
F5B3	N6116V	BE35
F5B4	N6116W	P28A
F5B5	N6116X	B25
F5B6	N6116Y	T210
F5B8	N61160	M7
F5BB	N61163	C150
F5BC	N61164	C185
F5BE	N61166	C150
F5BF	N61167	AR11
F5C0	N61168	C150
F5C7	N6117E	C82R
F5C8	N6117F	C210
F5CA	N6117H	J3
F5CE	N6117M	C152
F5CF	N6117N	C82R
F5D7	N6117W	P28A
F5D8	N6117X	SS2T
F5DB	N61170	T210
F5DD	N61172	C150
F5E0	N61175	AT5T
F5E1	N61176	C150
F5E3	N61178	C150
F5E9	N6118D	PA22
F5EB	N6118F	PTS1
F5F1	N6118M	S108
F5F3	N6118P	PA24
F5FA	N6118W	P28A
F5FD	N6118Z	EXEC
F600	N61182	C150
F604	N61186	C150
F605	N61187	C150
F607	N61189	C150
F609	N6119A	T210
F60A	N6119B	C182
F60C	N6119D	PA22
F614	N6119M	S108
F616	N6119P	PA24
F618	N6119R	FB1A
F61B	N6119U	BE36
F61C	N6119V	AC11
F621	N61190	C150
F623	N61192	C150
F625	N61194	ST75
F62B	N612	B06
F62E	N612AB	PA46
F62F	N612AC	C68A
F630	N612AD	C182
F631	N612AE	E145
F632	N612AF	GLF4
F63A	N612AP	BL8
F63D	N612AS	B737
F63E	N612AT	B737
F641	N612AW	RV7
F642	N612AX	DC10
F647	N612BB	C25A
F649	N612BD	BD5
F64A	N612BE	HUSK
F64F	N612BK	C206
F653	N612BP	PA18
F655	N612BR	B06
F65A	N612BW	WAIX
F65D	N612BZ	C172
F65E	N612C	MITE
F65F	N612CA	C152
F660	N612CB	SF50
F661	N612CC	PA11
F662	N612CD	SR20
F668	N612CK	S61R
F669	N612CL	SREY
F66A	N612CM	CRUZ
F66C	N612CP	GA8
F66E	N612CR	PC12
F670	N612CT	SR22
F672	N612CV	SLG4
F677	N612D	RV9
F678	N612DA	SR20
F67A	N612DC	KR2
F67E	N612DG	COY2
F67F	N612DH	RV12
F683	N612DM	C77R
F684	N612DN	A21N
F685	N612DP	C82T
F689	N612DT	G159
F68C	N612DW	EAGL
F693	N612EC	SF50
F698	N612EH	PA23
F69C	N612EM	C750
F6A0	N612ER	CH65
F6A1	N612ES	C182
F6A8	N612EZ	SR22
F6A9	N612F	BE9L
F6AE	N612FE	MD11
F6B9	N612FR	A21N
F6BF	N612FX	E550
F6C2	N612G	P28A
F6C9	N612GG	R44
F6D0	N612GP	RV6
F6D4	N612GT	GP3
F6D7	N612GW	G44
F6DB	N612H	BE55
F6E5	N612HK	C77R
F6E7	N612HM	AEST
F6E9	N612HP	C172
F6F4	N612J	PC12
F6F6	N612JB	A320
F6F7	N612JC	C25A
F6F8	N612JD	C680
F6FE	N612JK	GA5C
F6FF	N612JL	PA18
F700	N612JM	SR22
F702	N612JP	C310
F704	N612JR	C340
F705	N612JS	PA32
F708	N612JV	RV12
F709	N612JW	SF50
F70E	N612KA	T206
F710	N612KC	PC12
F712	N612KE	EVSS
F714	N612KG	B06
F716	N612KJ	P46T
F71B	N612KP	BE58
F722	N612KW	HIGH
F726	N612L	EFOX
F727	N612LA	AT8T
F729	N612LC	P28A
F732	N612LM	B350
F736	N612LR	G2CA
F740	N612MA	BE58
F742	N612MC	RV12
F746	N612MG	GLIM
F748	N612MJ	GLF5
F74F	N612MR	PA23
F751	N612MT	S22T
F754	N612MW	CDUS
F75F	N612NG	PC12
F762	N612NK	A320
F765	N612NN	CRJ9
F766	N612NP	TB20
F772	N612PA	P28A
F773	N612PB	SR22
F774	N612PC	RV12
F775	N612PD	C172
F778	N612PG	DG15
F781	N612PR	HDJT
F786	N612PW	SONX
F789	N612PZ	BE36
F78A	N612Q	BE35
F79B	N612QS	C68A
F7A0	N612QX	CRJ7
F7A3	N612R	C172
F7A4	N612RA	RV7
F7A6	N612RC	S22T
F7AC	N612RJ	FOX
F7AD	N612RK	C172
F7B5	N612RT	RV8
F7B7	N612RV	RV12
F7B8	N612RW	T206
F7B9	N612RX	AS50
F7BC	N612S	RS12
F7BE	N612SB	COL4
F7BF	N612SC	ESCP
F7C2	N612SF	T210
F7CC	N612SR	HDJT
F7D5	N612T	BE35
F7D6	N612TA	B212
F7D9	N612TD	GLST
F7DE	N612TJ	CRER
F7DF	N612TK	RV7
F7E1	N612TM	PA18
F7E2	N612TN	BE58
F7E3	N612TP	P46T
F7E6	N612TS	COY2
F7E7	N612TT	BE35
F7EB	N612TX	PC12
F7FC	N612UP	B748
F804	N612UX	E75L
F808	N612VA	RV12
F817	N612VR	C551
F82C	N612WM	CRER
F832	N612WT	P28A
F835	N612WW	PA23
F839	N612X	C82S
F844	N612XL	CH60
F866	N612YV	BE36
F885	N6120A	H269
F886	N6120B	C182
F889	N6120E	C172
F88A	N6120F	C150
F88E	N6120K	C150
F890	N6120M	C152
F892	N6120P	PA24
F895	N6120S	C82R
F896	N6120T	C150
F898	N6120V	BE35
F89C	N6120Z	PA25
F8A2	N61205	C150
F8A3	N61206	C150
F8A5	N61208	C150
F8A8	N6121A	AC11
F8AC	N6121E	C172
F8AE	N6121G	C150
F8AF	N6121H	P28A
F8B3	N6121M	S108
F8B5	N6121P	PA24
F8B9	N6121T	C182
F8BA	N6121U	TAIL
F8BB	N6121V	C72R
F8BC	N6121W	P28A
F8BD	N6121X	S22T
F8BE	N6121Y	PA23
F8C2	N61212	C150
F8C3	N61213	C150
F8C5	N61215	C150
F8CB	N6122A	P210
F8CC	N6122B	C182
F8CE	N6122D	C172
F8CF	N6122E	C172
F8D2	N6122H	J3
F8D3	N6122J	P28A
F8D4	N6122K	C150
F8DB	N6122S	C82R
F8DC	N6122T	C150
F8DD	N6122U	RAF2
F8DF	N6122W	P28A
F8E0	N6122X	M5
F8E3	N61220	SS2T
F8E4	N61221	C150
F8EB	N61228	BE9T
F8EC	N61229	C150
F8ED	N6123	R66
F8EE	N6123A	RV6
F8EF	N6123B	C182
F8F0	N6123C	B25
F8F1	N6123D	PA22
F8F3	N6123F	C172
F8F4	N6123G	C150
F8F5	N6123H	J3
F8F6	N6123J	P28A
F8F9	N6123M	S108
F8FA	N6123N	BE19
F8FC	N6123Q	P28A
F901	N6123V	BE95
F903	N6123X	BE35
F906	N61230	SS2T
F907	N61231	C150
F908	N61232	C150
F909	N61233	C150
F90A	N61234	C150
F90D	N61237	C172
F912	N6124B	C182
F914	N6124D	C172
F915	N6124E	C172
F917	N6124G	SS2T
F919	N6124J	P28A
F91A	N6124K	RC3
F91C	N6124M	P32R
F91D	N6124N	BE19
F922	N6124T	C82R
F924	N6124V	BE35
F927	N6124Y	SS2T
F92C	N61243	C150
F92D	N61244	C150
F931	N61248	ST75
F933	N6125	EFOX
F935	N6125B	C152
F937	N6125D	PA22
F938	N6125E	C172
F939	N6125F	C210
F93B	N6125H	J3
F93C	N6125J	BE36
F93D	N6125K	RC3
F941	N6125P	C82T
F947	N6125V	BE35
F94A	N6125Y	PA23
F94B	N6125Z	PA25
F94C	N61250	ST75
F94D	N61251	C150
F94E	N61252	SS2T
F94F	N61253	C150
F953	N61257	AT5T
F955	N61259	C150
F957	N6126A	LNP4
F959	N6126C	C310
F95A	N6126D	PA22
F95C	N6126F	C210
F962	N6126M	M5
F963	N6126N	C82R
F964	N6126P	PA24
F965	N6126Q	SS2P
F968	N6126T	H269
F969	N6126U	AT5T
F96A	N6126V	BE35
F96B	N6126W	P28A
F96D	N6126Y	T210
F96E	N6126Z	PA25
F96F	N61260	P28R
F975	N61266	C180
F977	N61268	ST75
F97A	N6127A	PA18
F97E	N6127E	C172
F97F	N6127F	C210
F980	N6127G	C150
F981	N6127H	P28A
F984	N6127L	SS2T
F985	N6127M	M5
F989	N6127R	T210
F98B	N6127T	C150
F98D	N6127V	C72R
F98E	N6127W	P28A
F98F	N6127X	AC50
F991	N6127Z	PA25
F995	N61273	T206
F997	N61275	T210
F998	N61276	T206
F99A	N61278	BE17
F9A1	N6128E	C172
F9A4	N6128H	J3
F9A8	N6128M	S108
F9A9	N6128N	C82R
F9AA	N6128P	M7
F9AB	N6128Q	CH70
F9AC	N6128R	T210
F9AE	N6128T	C82R
F9AF	N6128U	H269
F9B7	N61282	C150
F9BB	N61286	C150
F9BD	N61288	C150
F9BE	N61289	IR23
F9C2	N6129C	M7
F9C6	N6129G	C150
F9C7	N6129H	P28A
F9C8	N6129J	P28A
F9C9	N6129K	C150
F9CA	N6129L	AA1
F9CC	N6129N	R44
F9CF	N6129R	T210
F9D1	N6129T	M7
F9D3	N6129V	BE35
F9D4	N6129W	P28A
F9D5	N6129X	AT5T
F9DB	N61293	T34P
F9DC	N61294	M7
F9DE	N61296	C150
F9DF	N61297	C150
F9E0	N61298	C185
F9E3	N613A	C72R
F9E5	N613AB	AVID
F9E6	N613AC	P28A
F9E8	N613AE	E145
F9EB	N613AH	EC45
F9EC	N613AJ	C208
F9ED	N613AK	C182
F9EE	N613AL	TUCA
F9EF	N613AM	CH2T
F9F1	N613AP	BL8
F9F4	N613AS	B737
F9F8	N613AW	BE23
F9F9	N613AX	MRF1
F9FB	N613AZ	B763
F9FC	N613B	BE35
F9FF	N613BC	S22T
FA00	N613BD	F2TH
FA06	N613BK	S108
FA07	N613BL	BE58
FA08	N613BM	YK50
FA12	N613BX	RV6
FA1F	N613CK	S61R
FA21	N613CM	AS50
FA23	N613CP	GA8
FA26	N613CS	F2TH
FA2D	N613CZ	E75L
FA2E	N613D	BE35
FA2F	N613DA	SR20
FA30	N613DB	P32R
FA31	N613DC	CC11
FA32	N613DD	CRUZ
FA37	N613DJ	RV8
FA3B	N613DN	A21N
FA3E	N613DR	M20P
FA40	N613DT	SONX
FA47	N613E	PTS1
FA4C	N613EE	H25B
FA58	N613ES	C82S
FA5B	N613EV	EVSS
FA5F	N613EZ	RV14
FA60	N613F	PA30
FA65	N613FE	MD11
FA6B	N613FL	P28A
FA70	N613FR	A21N
FA72	N613FT	P28A
FA76	N613FX	E550
FA79	N613G	RV6
FA7A	N613GA	BE20
FA7F	N613GF	GLF4
FA80	N613GG	BE9L
FA93	N613HA	A109
FA9A	N613HH	AVID
FA9D	N613HL	UH12
FAA8	N613HX	GA6C
FAAD	N613JB	A320
FAB2	N613JG	C25A
FAB6	N613JL	PA11
FAB7	N613JM	COL4
FABB	N613JR	CL60
FABC	N613JS	GLIM
FAC6	N613KB	BL8
FACD	N613KJ	C25B
FAD6	N613KT	VELO
FADD	N613L	RV10
FAE0	N613LC	LA4
FAE4	N613LG	C172
FAE5	N613LH	B06
FAEE	N613LS	CL35
FAF6	N613M	FLE2
FAF7	N613MA	S2P
FAF8	N613MB	C82S
FAFC	N613MF	BE36
FB00	N613MK	SR22
FB02	N613MM	SR22
FB06	N613MR	E300
FB0B	N613MW	BE36
FB0F	N613N	WACO
FB19	N613NK	A320
FB1C	N613NN	CRJ9
FB29	N613PA	B407
FB2B	N613PC	CH7B
FB2E	N613PF	C82T
FB2F	N613PG	JAB4
FB3A	N613PT	COY2
FB52	N613QS	C56X
FB5A	N613R	E55P
FB5B	N613RA	PA23
FB5C	N613RB	LA25
FB5D	N613RC	T33
FB5E	N613RD	RV14
FB60	N613RF	BE9L
FB65	N613RL	C208
FB6E	N613RV	RV8
FB6F	N613RW	P32R
FB70	N613RX	AS50
FB73	N613S	ST75
FB75	N613SB	CL60
FB76	N613SC	RV6
FB77	N613SD	C206
FB7D	N613SK	CRJ7
FB7F	N613SM	P32R
FB81	N613SP	C172
FB84	N613SS	B06
FB8C	N613T	BE35
FB8D	N613TA	BE20
FB8F	N613TC	AS50
FB95	N613TJ	CRER
FB97	N613TL	C182
FB9E	N613TT	DIMO
FBA2	N613TX	EVOP
FBA5	N613U	G164
FBB3	N613UP	B748
FBBB	N613UX	E75L
FBBE	N613V	BE35
FBC5	N613VG	SVNH
FBD0	N613VT	EAGL
FBD7	N613W	SR20
FBD8	N613WA	JRO
FBDA	N613WC	C337
FBDB	N613WD	C182
FBE1	N613WK	PA23
FBE3	N613WM	C56X
FBF0	N613X	S22T
FBF5	N613XE	CB1
FC11	N613YH	C207
FC3D	N6130B	C182
FC3E	N6130C	C210
FC3F	N6130D	C172
FC40	N6130E	C172
FC41	N6130F	C210
FC44	N6130J	P28A
FC47	N6130M	C152
FC49	N6130P	PA24
FC4B	N6130R	T210
FC4F	N6130V	BE35
FC51	N6130X	M6
FC53	N6130Z	MG17
FC55	N61301	C185
FC5B	N61307	RS12
FC5F	N6131A	T210
FC60	N6131B	C182
FC63	N6131E	C172
FC64	N6131F	C210
FC65	N6131G	C150
FC66	N6131H	J3
FC67	N6131J	P28A
FC68	N6131K	AT8T
FC6A	N6131M	SS2T
FC6E	N6131R	T210
FC74	N6131X	C310
FC78	N61311	C150
FC7C	N61315	AT5T
FC7F	N61318	GLF5
FC82	N6132A	AT5T
FC84	N6132C	ERCO
FC88	N6132G	C172
FC8A	N6132J	P28A
FC8C	N6132L	AA1
FC8D	N6132M	S108
FC8E	N6132N	UH1
FC8F	N6132P	C152
FC90	N6132Q	C152
FC95	N6132V	C72R
FC96	N6132W	AT5T
FC97	N6132X	BE36
FC9C	N61322	ST75
FC9D	N61323	C185
FC9E	N61324	C150
FC9F	N61325	C150
FCA5	N6133A	M7
FCA7	N6133C	B06
FCA8	N6133D	C172
FCAB	N6133G	C188
FCAC	N6133H	CH7B
FCAD	N6133J	P28A
FCB0	N6133M	CRER
FCB1	N6133N	BE23
FCB2	N6133P	SR22
FCB4	N6133R	AT5T
FCB8	N6133V	BE35
FCBA	N6133X	SS2T
FCBC	N6133Z	SS2T
FCBD	N61330	M7
FCC0	N61333	C150
FCC3	N61336	C150
FCC4	N61337	AVID
FCC5	N61338	C150
FCC6	N61339	M7
FCC7	N6134	BE18
FCCA	N6134C	ERCO
FCCB	N6134D	PA22
FCCC	N6134E	P210
FCCE	N6134G	C172
FCCF	N6134H	J3
FCD0	N6134J	IR23
FCD1	N6134K	C150
FCD2	N6134L	C152
FCD5	N6134P	PA24
FCD6	N6134Q	AT5T
FCDC	N6134W	P28A
FCDE	N6134Y	AT5T
FCDF	N6134Z	BE36
FCE0	N61340	SS2T
FCE5	N61345	C150
FCE8	N61348	C310
FCE9	N61349	CRER
FCEC	N6135B	IR23
FCED	N6135C	BE36
FCEE	N6135D	PA22
FCEF	N6135E	C185
FCF0	N6135F	C150
FCFA	N6135R	C72R
FCFC	N6135T	C150
FCFD	N6135U	SS2T
FCFE	N6135V	BE35
FCFF	N6135W	P28A
FD03	N61350	M7
FD05	N61352	AT5T
FD07	N61354	C150
FD08	N61355	FA62
FD0A	N61357	C185
FD0B	N61358	ST75
FD0C	N61359	ST75
FD10	N6136C	ERCO
FD12	N6136E	C172
FD15	N6136H	AT8T
FD16	N6136J	P28R
FD17	N6136K	H269
FD19	N6136M	AT5T
FD1B	N6136P	PA24
FD20	N6136U	BE36
FD21	N6136V	BE35
FD23	N6136X	AC50
FD25	N6136Z	SS2T
FD29	N61363	C150
FD2B	N61365	C150
FD2C	N61366	AT5T
FD2E	N61368	C185
FD34	N6137D	PA22
FD35	N6137E	C172
FD36	N6137F	C210
FD37	N6137G	C150
FD39	N6137J	P32R
FD3F	N6137Q	C172
FD40	N6137R	PA11
FD42	N6137T	C82R
FD44	N6137V	BE35
FD45	N6137W	P28A
FD46	N6137X	C310
FD49	N61370	SS2P
FD4B	N61372	VALI
FD4C	N61373	SS2T
FD4D	N61374	SS2T
FD4E	N61375	M5
FD59	N6138F	C210
FD5A	N6138G	C150
FD5B	N6138H	J3
FD5C	N6138J	P32R
FD5D	N6138K	RC3
FD67	N6138V	P28A
FD70	N61384	PA31
FD71	N61385	M7
FD73	N61387	C185
FD74	N61388	C185
FD77	N6139A	M7
FD78	N6139B	T210
FD79	N6139C	ERCO
FD7B	N6139E	C172
FD7E	N6139H	J3
FD80	N6139K	C150
FD81	N6139L	AA1
FD82	N6139M	C152
FD85	N6139Q	B06
FD88	N6139T	C150
FD89	N6139U	SASY
FD8A	N6139V	AT3T
FD8B	N6139W	P28A
FD97	N61398	C82T
FD98	N61399	M7
FD9A	N614A	GLSP
FD9C	N614AB	GLIM
FD9D	N614AC	CH7B
FD9E	N614AD	AS65
FD9F	N614AE	E145
FDA0	N614AF	CL60
FDA3	N614AJ	C550
FDA4	N614AK	RV12
FDA8	N614AP	H25B
FDAA	N614AR	DHC6
FDAB	N614AS	B737
FDAC	N614AT	B47G
FDB0	N614AX	MRF1
FDB2	N614AZ	C172
FDB3	N614B	C25B
FDBA	N614BG	C152
FDBC	N614BJ	GLST
FDC3	N614BR	RV6
FDC4	N614BS	BE95
FDCC	N614C	SR22
FDD1	N614CE	RV12
FDD3	N614CG	PA18
FDD5	N614CJ	A139
FDD6	N614CK	S61
FDDA	N614CP	GA8
FDDB	N614CQ	C310
FDDC	N614CR	EXEC
FDDD	N614CS	C240
FDE1	N614CW	B350
FDE3	N614CY	SR22
FDE4	N614CZ	E75L
FDE8	N614DC	T211
FDEC	N614DG	GLIM
FDED	N614DH	RV6
FDF1	N614DM	P32T
FDF2	N614DN	A21N
FDF6	N614DS	DA40
FDF7	N614DT	RV7
FE02	N614ED	RV6
FE04	N614EF	RV7
FE0E	N614ER	C172
FE17	N614F	R66
FE18	N614FA	C172
FE1C	N614FE	MD11
FE22	N614FL	P28A
FE27	N614FR	A21N
FE30	N614G	EC35
FE31	N614GA	GALX
FE37	N614GG	C25A
FE3A	N614GK	NAVI
FE44	N614GV	RV7
FE4B	N614HB	C25A
FE51	N614HH	AS50
FE55	N614HM	AEST
FE57	N614HP	CH60
FE62	N614J	FOX
FE64	N614JB	SRAI
FE65	N614JC	S76
FE66	N614JD	PA30
FE6C	N614JK	C550
FE6E	N614JM	RV6
FE74	N614JT	RV7
FE7C	N614KA	J3
FE7E	N614KC	S22T
FE7F	N614KD	PTS2
FE8C	N614KS	C82S
FE8D	N614KT	SONX
FE94	N614L	BE35
FE95	N614LA	AT8T
FEAD	N614M	RV8
FEAE	N614MA	BL8
FEAF	N614MB	C82R
FEB0	N614MC	FOX
FEB9	N614MM	BE36
FEBF	N614MT	RV6
FEC2	N614MW	AT5T
FEC7	N614NA	M600
FED0	N614NK	A320
FED3	N614NN	CRJ9
FEE2	N614PC	S22T
FEF4	N614PW	BE23
FF09	N614QS	C56X
FF0E	N614QX	CRJ7
FF11	N614R	PA30
FF14	N614RC	SR22
FF17	N614RF	RV4
FF18	N614RG	RV4
FF1B	N614RK	CH60
FF25	N614RV	RV9
FF27	N614RX	AS50
FF29	N614RZ	SR22
FF2A	N614S	EXEC
FF2E	N614SD	AS50
FF31	N614SG	CL60
FF34	N614SK	CRJ7
FF3A	N614SR	SR22
FF3C	N614ST	PA46
FF43	N614T	BE35
FF45	N614TB	T51
FF46	N614TC	AS50
FF49	N614TF	M20P
FF4B	N614TH	E550
FF57	N614TV	H269
FF59	N614TX	C56X
FF6A	N614UP	B748
FF6D	N614US	RV14
FF72	N614UX	E75L
FF75	N614V	V10
FF81	N614VM	C25B
FF83	N614VP	C25B
FF90	N614WB	SSTL
FF92	N614WD	CL30
FF9A	N614WM	C82R
FFA7	N614X	R66
FFAE	N614XG	P28R
FFC0	N614Y	AT6T
FFE5	N614ZM	DA42
FFF4	N6140B	M6
FFF5	N6140C	B47G
FFF7	N6140E	C172
FFF8	N6140F	C150
FFF9	N6140G	C150
FFFA	N6140H	P28R
FFFB	N6140J	P28A
FFFC	N6140K	C172
FFFF	N6140N	BE95
