0008	N7430A	C172
0009	N7430B	CH7A
000C	N7430E	C210
000F	N7430H	J3
0015	N7430P	PA24
0016	N7430Q	C182
0017	N7430R	P28A
001B	N7430V	M20P
001E	N7430Y	PA30
001F	N7430Z	PA25
0022	N74302	AA5
002A	N7431	T6
002E	N7431D	PA22
002F	N7431E	C210
0032	N7431H	J3
0033	N7431J	P28R
0037	N7431N	C182
003C	N7431T	C172
003E	N7431V	M20P
0040	N7431X	C172
0041	N7431Y	PA30
0046	N74313	B14A
0047	N74314	B14A
004C	N74319	AA5
004F	N7432B	CH7A
0051	N7432D	PA22
0054	N7432G	C172
0056	N7432J	P28R
0058	N7432L	PA31
005A	N7432N	C182
005B	N7432P	CH7B
005C	N7432Q	C182
005D	N7432R	P28A
005E	N7432S	C182
005F	N7432T	C172
0061	N7432V	M20P
0062	N7432W	P28A
0069	N74323	AA5
006F	N74329	R44
0071	N7433A	C172
0072	N7433B	CH7A
0074	N7433D	PA22
0077	N7433G	C172
0079	N7433J	P28R
007A	N7433K	PA20
007D	N7433N	T206
007E	N7433P	FOX
0080	N7433R	P28A
0082	N7433T	C172
0088	N7433Z	PA25
008D	N74334	L8
008E	N74335	R44
0090	N74337	B14A
0093	N7434	RV8
009E	N7434L	PA31
00A2	N7434Q	C182
00A3	N7434R	P28A
00A5	N7434T	C172
00A8	N7434W	P28A
00AF	N74343	R22
00B3	N74347	R22
00B5	N74349	AA5
00BE	N7435H	J3
00C0	N7435K	PA20
00C3	N7435N	C182
00C8	N7435T	C172
00CA	N7435V	M20P
00CB	N7435W	P28A
00CC	N7435X	C172
00CD	N7435Y	PA30
00CE	N7435Z	PA25
00CF	N74350	AA5
00D2	N74353	R44
00D5	N74356	AA5
00D8	N74359	AA5
00DA	N7436A	C172
00DB	N7436B	CH7A
00DC	N7436C	PA23
00DE	N7436E	C210
00E0	N7436G	C172
00E8	N7436Q	C182
00F2	N74360	B14A
00F4	N74362	B14A
00F5	N74363	B14A
00F6	N74364	B14A
00F7	N74365	R44
00F9	N74367	R44
00FB	N74369	R44
00FC	N7437	PA18
00FF	N7437C	T6
0100	N7437D	PA22
0103	N7437G	C172
0105	N7437J	P28R
0109	N7437N	C182
010A	N7437P	PA24
0110	N7437V	M20P
0111	N7437W	P28A
0115	N74370	R44
0117	N74372	B14A
0119	N74374	AA5
011B	N74376	B14A
011D	N74378	B14A
011E	N74379	R22
0120	N7438A	C172
0121	N7438B	CH7A
0123	N7438D	PA22
0124	N7438E	C210
0126	N7438G	C150
0128	N7438J	P28R
012C	N7438N	C182
012D	N7438P	PA24
012F	N7438R	P28A
0130	N7438S	AEST
0133	N7438V	M20P
0134	N7438W	P28A
0138	N74380	B14A
0139	N74381	R44
0143	N7439A	C172
0144	N7439B	CH7A
0147	N7439E	PA18
0149	N7439G	C172
014E	N7439M	C175
0150	N7439P	PA24
0151	N7439Q	C182
0152	N7439R	P28A
0157	N7439W	P28A
0159	N7439Y	PA30
015D	N74392	B14A
0164	N74399	AA5
0165	N744	PA18
0166	N744A	PA44
0169	N744AC	SR20
016C	N744AF	R44
016E	N744AH	R44
0170	N744AK	R44
0171	N744AL	LNP4
0172	N744AM	TBM7
0173	N744AN	RV12
0177	N744AS	CRUZ
017B	N744AW	CH70
017C	N744AX	B762
017F	N744B	BE35
0180	N744BA	SF34
0182	N744BC	R44
0187	N744BH	GLAS
0194	N744BW	C414
0198	N744C	FA8X
0199	N744CA	C421
019A	N744CB	C25A
019B	N744CC	PA18
019C	N744CD	SR22
019E	N744CF	T6
019F	N744CG	B25
01A1	N744CJ	R44
01A2	N744CK	B744
01A4	N744CM	S22T
01A6	N744CP	C82T
01AD	N744CW	AA5
01B2	N744DA	PC12
01B4	N744DC	S22T
01B5	N744DD	PA46
01BD	N744DM	RV4
01BF	N744DP	C182
01C2	N744DS	RV7
01C6	N744DW	SASY
01D0	N744EF	C182
01D2	N744EH	R44
01D5	N744EL	PA34
01D6	N744EM	GLST
01DB	N744ES	R22
01DE	N744EV	CRJ7
01E7	N744FD	A30B
01F9	N744FX	C208
01FC	N744G	G44
0215	N744H	WACO
0219	N744HD	AS50
021E	N744HJ	R44
0225	N744HR	C82R
0226	N744HS	R44
022F	N744JA	CH7A
0230	N744JB	R44
0231	N744JC	PA31
023B	N744JN	P28A
023F	N744JS	C25B
0243	N744JW	CL35
0247	N744K	PA15
024E	N744KG	R44
0267	N744LG	SH36
026C	N744LM	CAMP
027B	N744MB	DHC1
027E	N744ME	R44
0285	N744MM	MIMU
0289	N744MR	AS50
028A	N744MS	SR22
028B	N744MT	RV8
0292	N744N	LJ31
0295	N744NC	R44
0296	N744ND	P28A
0299	N744NG	C180
02AB	N744P	A319
02AC	N744PA	P28A
02AD	N744PB	R44
02AE	N744PC	BE20
02C3	N744PZ	BE58
02D5	N744QS	CL35
02DD	N744R	C210
02DE	N744RA	AVTR
02E0	N744RC	AC11
02E1	N744RD	LJ60
02E4	N744RG	R44
02E5	N744RH	R44
02F1	N744RV	PA46
02F2	N744RW	R44
02F6	N744S	ST75
02F7	N744SA	S22T
02F9	N744SC	GLST
02FD	N744SG	BL8
0300	N744SK	CRJ7
030B	N744SW	B737
030F	N744T	BE55
0310	N744TA	C172
0312	N744TC	SR22
031D	N744TP	R44
0321	N744TT	R44
0323	N744TV	B06
0324	N744TW	R44
0325	N744TX	B407
0331	N744UJ	BE55
0339	N744US	DA40
0343	N744VB	R44
0348	N744VG	B744
035A	N744W	C182
0361	N744WG	R44
0381	N744XP	H25B
03A2	N744YX	E75L
03A5	N744Z	P46T
03BF	N7440A	C172
03C0	N7440B	CH7A
03C2	N7440D	PA22
03C3	N7440E	C210
03C5	N7440G	C150
03C6	N7440H	J3
03C7	N7440J	P28R
03CA	N7440M	C175
03CB	N7440N	C182
03CC	N7440P	PA24
03CD	N7440Q	C182
03D0	N7440T	C172
03D3	N7440W	P28A
03D4	N7440X	C172
03D7	N74400	AA5
03D8	N74401	R44
03DD	N74406	AA5
03E2	N7441A	C172
03E4	N7441C	T6
03E8	N7441G	C172
03E9	N7441H	J3
03EA	N7441J	P28R
03EE	N7441N	C182
03F0	N7441Q	C182
03F2	N7441S	AEST
03F3	N7441T	C172
03F7	N7441X	C172
03F8	N7441Y	PA30
03FA	N74410	AA5
03FB	N74411	B14A
03FD	N74413	B14A
03FE	N74414	B14A
03FF	N74415	R44
0400	N74416	AA5
0401	N74417	AA5
0402	N74418	AA5
040E	N7442K	PA20
0412	N7442P	PA24
0415	N7442S	RV14
0416	N7442T	C172
0419	N7442W	P28A
041A	N7442X	C172
0421	N74424	B14A
0423	N74426	R22
0425	N74428	B14A
0426	N74429	AA5
0430	N7443J	P28R
0433	N7443M	C175
0437	N7443R	P28A
0439	N7443T	C172
0441	N74431	B14A
0443	N74433	B14A
0444	N74434	AA5
0445	N74435	R44
0446	N74436	B14A
0448	N74438	AA5
0449	N74439	AA5
044A	N7444	BE36
044E	N7444D	PA22
0452	N7444H	J3
0456	N7444M	C175
0459	N7444Q	C182
045A	N7444R	P28A
045C	N7444T	C172
045F	N7444W	P28A
0462	N7444Z	CH60
0465	N74442	AA5
046A	N74447	AA5
0472	N7445E	C210
0475	N7445H	J3
0476	N7445J	P28R
0478	N7445L	PA31
047A	N7445N	C182
047B	N7445P	PA24
047C	N7445Q	C182
047F	N7445T	C172
0481	N7445V	M20P
0482	N7445W	P28A
0483	N7445X	C172
0484	N7445Y	PA30
0486	N74450	B14A
0487	N74451	AA5
0488	N74452	AA5
0489	N74453	AA5
048E	N74458	AA5
0490	N7446	WACO
0492	N7446B	CH70
0494	N7446D	PA22
0498	N7446H	J3
0499	N7446J	P28R
049C	N7446M	C175
049F	N7446Q	C182
04A0	N7446R	P28A
04A2	N7446T	C172
04A7	N7446Y	PA30
04AE	N74465	AA5
04AF	N74466	B14A
04B0	N74467	B14A
04B5	N7447B	CH7A
04BB	N7447H	J3
04BC	N7447J	P28R
04BD	N7447K	PA20
04C0	N7447N	C172
04C1	N7447P	PA24
04C3	N7447R	P28A
04C7	N7447V	M20P
04C9	N7447X	C172
04CC	N74470	AA5
04CE	N74472	AA5
04CF	N74473	B14A
04D0	N74474	B14A
04D4	N74478	AA5
04D5	N74479	AA5
04DE	N7448H	J3
04E2	N7448M	C175
04E3	N7448N	T206
04E4	N7448P	PA24
04E5	N7448Q	C182
04E6	N7448R	P28A
04EC	N7448X	C172
04ED	N7448Y	GAZL
04F0	N74481	AA5
04F1	N74482	B14A
04F3	N74484	B14A
04F6	N74487	B14A
04FE	N7449E	C210
0500	N7449G	C172
0503	N7449K	PA20
0507	N7449P	PA24
050D	N7449V	M20P
050E	N7449W	P28A
0510	N7449Y	PA30
0512	N74490	B14A
0514	N74492	B14A
0519	N74497	B14A
051B	N74499	R44
051D	N745A	B737
051E	N745AA	PA32
0523	N745AF	EC45
0524	N745AG	C82T
0526	N745AJ	SR22
052D	N745AR	SR22
052E	N745AS	C337
052F	N745AT	P28R
0531	N745AV	A320
0532	N745AW	S61
0537	N745BA	C72R
053F	N745BJ	ST75
0546	N745BR	PA18
054B	N745BW	MD60
054F	N745C	S108
0550	N745CA	C421
0552	N745CC	C25B
0553	N745CD	SR22
0559	N745CK	B744
055D	N745CP	C82T
0560	N745CS	RV4
0564	N745CW	GLAS
0565	N745CX	F2TH
0568	N745D	BE35
056B	N745DC	C172
0573	N745DL	M20T
0576	N745DP	SONX
0579	N745DS	DA40
0582	N745EA	BE20
058F	N745EP	C414
0591	N745ER	SF50
0593	N745ET	FOX
059E	N745FD	A30B
05AF	N745FW	C152
05B0	N745FX	C208
05B6	N745GC	CH80
05CC	N745H	B214
05CD	N745HA	A109
05EA	N745JE	J3
05F1	N745JM	M7
05F6	N745JS	C25A
05FE	N745K	LJ45
0602	N745KD	LJ45
0609	N745KL	T206
060C	N745KP	C207
0618	N745LA	AT8T
0623	N745LM	RV7
0628	N745LS	CH7B
0630	N745M	CRBN
0631	N745MA	PA34
0632	N745MB	MD60
0633	N745MC	H25B
0638	N745MH	AS50
0641	N745MS	BL8
064B	N745NB	SR22
064D	N745ND	P28A
0653	N745NK	A21N
0662	N745P	S76
0663	N745PA	P28A
066B	N745PJ	T28
068C	N745QS	CL35
0695	N745RA	P28A
069B	N745RG	R44
069C	N745RH	AS50
06A2	N745RP	C750
06A8	N745RV	RV12
06AD	N745S	F2TH
06AE	N745SA	SR22
06B0	N745SC	CRUZ
06B5	N745SH	AS50
06B7	N745SK	CRJ7
06B8	N745SL	BE36
06BB	N745SP	C172
06BF	N745ST	PC12
06C2	N745SW	B737
06C3	N745SX	H60
06C6	N745T	BE55
06C7	N745TA	ASTO
06C8	N745TB	PA18
06CE	N745TH	CH70
06D8	N745TT	LJ45
06DB	N745TW	C172
06DC	N745TX	EC45
06F8	N745V	BE35
0701	N745VJ	A319
0711	N745W	T28
072A	N745X	C182
0759	N745YX	E75L
077A	N7450E	C210
077C	N7450G	C172
077E	N7450J	P28R
077F	N7450K	PA20
0781	N7450M	C175
0789	N7450V	M20P
078A	N7450W	P28A
078E	N74500	R44
078F	N74501	M20P
0790	N74502	M20P
0793	N74505	M20P
0795	N74507	M20P
0796	N74508	R44
079A	N7451B	CH7A
079D	N7451E	C210
079F	N7451G	C150
07A1	N7451J	P28R
07A2	N7451K	PA20
07AC	N7451V	M20P
07AD	N7451W	P28A
07B1	N74510	M20P
07B2	N74511	M20P
07B3	N74512	R22
07B4	N74513	M20P
07B5	N74514	M20P
07B7	N74516	M20P
07B8	N74517	M20P
07BC	N7452A	C172
07BD	N7452B	CH7A
07C0	N7452E	C210
07C1	N7452F	H269
07C2	N7452G	C172
07C4	N7452J	PA18
07C9	N7452P	PA24
07D5	N74521	M20P
07D6	N74522	M20P
07DB	N74527	M20P
07DD	N74529	M20P
07DF	N7453A	C172
07E1	N7453C	RV7
07E2	N7453D	PA22
07E3	N7453E	C210
07E5	N7453G	C172
07E6	N7453H	J3
07EA	N7453M	C175
07EB	N7453N	BE95
07F0	N7453T	C172
07F4	N7453X	C172
07F5	N7453Y	PA30
07F9	N74532	A21N
07FA	N74533	M20P
07FC	N74535	M20P
0802	N7454A	C172
0804	N7454C	L37
0808	N7454G	C172
0809	N7454H	J3
080D	N7454M	C175
080F	N7454P	PA24
0810	N7454Q	C182
0813	N7454T	C172
0816	N7454W	P28A
0818	N7454Y	PA30
081B	N74541	R22
081C	N74542	M20P
081D	N74543	R44
081E	N74544	PA11
081F	N74545	M20P
0821	N74547	M20P
0823	N74549	M20P
0824	N7455	PA18
0825	N7455A	C172
0826	N7455B	CH7A
0828	N7455D	PA22
082E	N7455K	PA20
0832	N7455P	PA24
0834	N7455R	P28A
0835	N7455S	AA5
0836	N7455T	C172
0839	N7455W	P28A
083A	N7455X	C172
083B	N7455Y	PA30
083E	N74551	M20P
0840	N74553	M20P
0842	N74555	M20P
0843	N74556	M20P
0844	N74557	R22
084F	N7456H	J3
0850	N7456J	P28R
0855	N7456P	PA24
0859	N7456T	C172
085B	N7456V	M20P
085D	N7456X	C172
0860	N74560	AA5
0861	N74561	AA5
0862	N74562	M20P
0863	N74563	R44
0864	N74564	R22
0865	N74565	M20P
0866	N74566	M20P
0868	N74568	M20P
086B	N7457A	C172
0873	N7457J	P28R
0875	N7457L	PA18
0876	N7457M	C175
0879	N7457Q	C182
087A	N7457R	P28A
087B	N7457S	C182
087E	N7457V	M20P
087F	N7457W	P28A
0881	N7457Y	PA30
0884	N74571	M20P
0886	N74573	M20P
0887	N74574	R22
0889	N74576	M20P
088C	N74579	M20P
088E	N7458A	C172
0893	N7458F	C180
0895	N7458H	J3
0896	N7458J	P28R
0899	N7458M	C175
08A1	N7458V	M20P
08A2	N7458W	P28A
08A7	N74581	M20P
08A8	N74582	M20P
08A9	N74583	R22
08AC	N74586	M20P
08AD	N74587	M20P
08AF	N74589	DC3
08B2	N7459B	CH7A
08B9	N7459J	P28R
08BB	N7459L	PA18
08BD	N7459N	BE33
08BF	N7459Q	C182
08C2	N7459T	C172
08C4	N7459V	M20P
08C6	N7459X	C172
08C9	N74590	AA5
08CA	N74591	AA5
08CB	N74592	AA5
08CC	N74593	AA5
08CD	N74594	AA5
08CE	N74595	AA5
08CF	N74596	AA5
08D0	N74597	R22
08D1	N74598	AA5
08D2	N74599	AA5
08D3	N746	PA18
08D4	N746A	PA44
08D6	N746AB	SR22
08D7	N746AC	CH7A
08DD	N746AJ	PA32
08E4	N746AR	F900
08E5	N746AS	C337
08E8	N746AV	A321
08ED	N746B	P28R
08EE	N746BA	A5
08F1	N746BD	BD5
08F6	N746BJ	ST75
08F7	N746BK	CDUS
08FB	N746BP	R44
0906	N746C	SR22
090A	N746CD	SR22
0910	N746CK	B742
0914	N746CP	RV12
091C	N746CX	C56X
091F	N746D	BE35
0926	N746DG	C150
092B	N746DM	BE58
0930	N746DS	DA40
0934	N746DW	C172
0938	N746E	CL30
0955	N746FD	A30B
0967	N746FX	C208
096A	N746G	P28A
0983	N746H	B214
099C	N746J	JAB4
099D	N746JA	SR22
099E	N746JB	A320
09A8	N746JM	RV7
09B6	N746KA	SW4
09BB	N746KF	BE20
09C3	N746KP	C207
09CF	N746LA	AT8T
09D5	N746LG	LNP4
09E8	N746MA	S2P
09E9	N746MB	CH7B
09F4	N746MN	GLF4
0A04	N746ND	P28A
0A1A	N746PA	P28A
0A1C	N746PC	C56X
0A43	N746QS	CL35
0A53	N746RH	AS50
0A5B	N746RR	BL17
0A5C	N746RS	SREY
0A64	N746S	RV8
0A67	N746SC	PA18
0A6C	N746SH	T28
0A6E	N746SK	CRJ7
0A74	N746SR	SR22
0A79	N746SW	B737
0A80	N746TC	C82T
0A86	N746TJ	PA18
0A89	N746TM	SR20
0A92	N746TW	C172
0A93	N746TX	H25B
0A96	N746U	HUSK
0AAB	N746UW	A319
0B10	N746YX	E75L
0B29	N746ZX	T210
0B2F	N7460C	T6
0B30	N7460D	PA18
0B33	N7460G	C150
0B37	N7460L	PA18
0B3E	N7460T	C172
0B44	N7460Z	PA25
0B45	N74600	AA5
0B47	N74602	R44
0B4B	N74606	R22
0B4D	N74608	AA5
0B50	N7461A	C172
0B52	N7461C	T6
0B56	N7461G	C172
0B5C	N7461N	BE35
0B5F	N7461R	P28A
0B63	N7461V	M20P
0B64	N7461W	P28A
0B65	N7461X	C172
0B69	N74611	AA5
0B6C	N74614	AA5
0B6D	N74615	AA5
0B70	N74618	AA5
0B71	N74619	AA5
0B73	N7462A	C172
0B74	N7462B	CH7A
0B75	N7462C	T6
0B7B	N7462J	P28R
0B7C	N7462K	PA20
0B7E	N7462M	C175
0B7F	N7462N	BE35
0B83	N7462S	C182
0B86	N7462V	M20P
0B87	N7462W	P28A
0B8B	N74620	AA5
0B8C	N74621	FA62
0B8D	N74622	AA5
0B8E	N74623	AA5
0B8F	N74624	AA5
0B90	N74625	AA5
0B91	N74626	AA5
0B93	N74628	AA5
0B94	N74629	AA5
0B96	N7463A	C172
0B97	N7463B	RV6
0B9B	N7463F	H269
0B9D	N7463H	J3
0BA1	N7463M	C175
0BA2	N7463N	BE35
0BA4	N7463Q	C182
0BA5	N7463R	P28A
0BA7	N7463T	C172
0BA9	N7463V	M20P
0BAA	N7463W	P28A
0BAB	N7463X	C172
0BAC	N7463Y	PA30
0BAD	N7463Z	PA25
0BAE	N74630	AA5
0BAF	N74631	AA5
0BB1	N74633	AA5
0BB2	N74634	J3
0BB4	N74636	AA5
0BB5	N74637	R44
0BB7	N74639	AA5
0BB9	N7464A	C172
0BBA	N7464B	RV6
0BBB	N7464C	T6
0BC3	N7464L	PA18
0BC4	N7464M	C175
0BC9	N7464S	AEST
0BCC	N7464V	M20P
0BCE	N7464X	C172
0BD1	N74640	AA5
0BD2	N74641	AA5
0BD3	N74642	AA5
0BD4	N74643	AA5
0BD5	N74644	AA5
0BD6	N74645	AA5
0BD7	N74646	AA5
0BD8	N74647	AA5
0BD9	N74648	AA5
0BDA	N74649	AA5
0BDC	N7465A	C172
0BE2	N7465G	C172
0BE7	N7465M	C175
0BEA	N7465Q	C182
0BF1	N7465X	C172
0BF2	N7465Y	PA30
0BF4	N74650	ST75
0BF5	N74651	R44
0BF9	N74655	AA5
0BFA	N74656	RELI
0BFB	N74657	AA5
0C06	N7466H	J3
0C0B	N7466N	BE36
0C0C	N7466P	PA24
0C0D	N7466Q	C182
0C12	N7466V	M20P
0C13	N7466W	P28A
0C17	N74660	AA5
0C19	N74662	AA5
0C1A	N74663	R44
0C1B	N74664	AA5
0C1C	N74665	AA5
0C1D	N74666	R44
0C22	N7467A	C172
0C23	N7467B	AA5
0C26	N7467E	C210
0C2A	N7467J	P28R
0C2C	N7467L	PA18
0C33	N7467T	C172
0C35	N7467V	FOX
0C36	N7467W	P28A
0C37	N7467X	C172
0C3A	N74670	AA5
0C3E	N74674	AA5
0C41	N74677	ST75
0C42	N74678	B06
0C44	N7468	J3
0C48	N7468D	PA18
0C4F	N7468L	PA18
0C51	N7468N	BE36
0C5A	N7468X	C172
0C5B	N7468Y	PA30
0C5C	N7468Z	PA25
0C5E	N74681	R44
0C5F	N74682	AA5
0C60	N74683	ST75
0C61	N74684	AA5
0C62	N74685	R44
0C63	N74686	R44
0C64	N74687	AA5
0C6B	N7469D	PA18
0C70	N7469J	P28R
0C71	N7469K	PA20
0C72	N7469L	PA18
0C73	N7469M	C175
0C75	N7469P	PA24
0C76	N7469Q	C182
0C79	N7469T	C172
0C7C	N7469W	P28A
0C7E	N7469Y	PA30
0C82	N74692	AA5
0C87	N74697	ST75
0C89	N74699	AA5
0C8B	N747A	B74S
0C8D	N747AB	C82R
0C8E	N747AC	C25A
0C90	N747AE	BE9L
0C91	N747AF	B25
0C96	N747AL	C182
0C97	N747AM	AA5
0C99	N747AP	C172
0C9B	N747AR	M20P
0C9D	N747AT	PA23
0C9E	N747AU	PA44
0CA2	N747AY	SR20
0CA4	N747B	BE35
0CA5	N747BA	GA7C
0CA7	N747BC	BLCF
0CAA	N747BF	C82R
0CAB	N747BG	BE35
0CAC	N747BH	PA12
0CB0	N747BM	RV8
0CB2	N747BP	BE35
0CB5	N747BS	RV6
0CB9	N747BW	LJ35
0CBE	N747CA	C421
0CBF	N747CB	LA4
0CC2	N747CE	DC6
0CC3	N747CF	M20P
0CC6	N747CJ	E300
0CCB	N747CP	LJ35
0CCF	N747CT	SR22
0CD1	N747CV	P28A
0CD2	N747CW	COL4
0CD9	N747DC	PA12
0CDA	N747DD	CH75
0CDC	N747DF	VELO
0CDD	N747DG	M6
0CDF	N747DJ	GLAS
0CE0	N747DK	VELO
0CE1	N747DL	RV7
0CE2	N747DM	B06
0CE4	N747DP	E545
0CE7	N747DS	PA44
0CE8	N747DT	RV8
0CEA	N747DV	BE36
0CEB	N747DW	BE58
0CEF	N747E	SR20
0CF0	N747EA	GLIM
0CF2	N747EC	ERCO
0CF4	N747EE	B407
0CFB	N747EM	BE10
0D09	N747FA	C82S
0D0B	N747FC	SR20
0D0D	N747FE	C208
0D12	N747FK	PISI
0D13	N747FL	CC11
0D15	N747FN	C337
0D19	N747FS	RV8
0D1A	N747FT	RV4
0D1E	N747FX	C208
0D1F	N747FY	M700
0D21	N747G	BE36
0D23	N747GB	C172
0D24	N747GC	GLST
0D25	N747GD	GA7C
0D27	N747GF	B744
0D2B	N747GK	C82T
0D2F	N747GP	GLST
0D32	N747GS	BL8
0D33	N747GT	RV7
0D3A	N747H	AC50
0D3D	N747HC	RV4
0D40	N747HF	RV7
0D43	N747HJ	TBEE
0D45	N747HL	GLST
0D48	N747HP	BE95
0D4B	N747HS	A20
0D4D	N747HU	HUSK
0D55	N747JB	C425
0D57	N747JD	FDCT
0D58	N747JE	T6
0D5A	N747JG	RV8
0D5B	N747JH	C172
0D5C	N747JJ	C25A
0D5D	N747JK	RV7
0D5E	N747JL	C182
0D60	N747JN	GLIM
0D64	N747JS	P28R
0D68	N747JW	EAGL
0D6C	N747K	RV9
0D6D	N747KA	C150
0D6F	N747KC	GLAS
0D71	N747KE	C25B
0D7A	N747KP	PA30
0D7D	N747KS	C510
0D7E	N747KT	C72R
0D80	N747KV	B74S
0D81	N747KW	MM16
0D83	N747KY	C150
0D85	N747L	RV6
0D86	N747LA	C208
0D88	N747LC	M20P
0D8A	N747LE	C700
0D8C	N747LG	EA50
0D8D	N747LH	RV7
0D90	N747LL	SR22
0D93	N747LP	C172
0D95	N747LR	RV7
0D96	N747LS	FDCT
0D97	N747LT	C172
0D9B	N747LX	BE24
0D9E	N747M	B23
0DA0	N747MB	SR22
0DA1	N747MC	S22T
0DA3	N747ME	LA25
0DA7	N747MJ	BOLT
0DA8	N747MK	SVNH
0DA9	N747ML	C77R
0DAA	N747MM	P28R
0DAE	N747MR	M20P
0DAF	N747MS	LGEZ
0DB4	N747MX	TCAT
0DB8	N747NA	B74S
0DBD	N747NF	BCAT
0DCC	N747NW	RV4
0DD3	N747PC	C172
0DD5	N747PE	PA34
0DD6	N747PF	CAMP
0DD8	N747PH	BE58
0DD9	N747PJ	SR22
0DDA	N747PK	P28A
0DDC	N747PM	C182
0DDE	N747PP	C82R
0DE2	N747PT	C172
0DE7	N747PY	BL8
0DE9	N747Q	ST75
0DFA	N747QS	CL35
0E02	N747R	C25B
0E03	N747RA	ST75
0E04	N747RB	ST75
0E05	N747RC	PA34
0E06	N747RD	MM16
0E0B	N747RJ	RV10
0E0D	N747RL	FA7X
0E0E	N747RM	C310
0E0F	N747RN	SLG4
0E12	N747RR	B744
0E14	N747RT	RV9
0E16	N747RV	RV7
0E18	N747RX	C750
0E1B	N747S	RV8
0E1C	N747SA	B737
0E1D	N747SB	BE58
0E1E	N747SC	C172
0E1F	N747SD	SR22
0E21	N747SF	B742
0E22	N747SG	RV8
0E23	N747SH	AR11
0E24	N747SJ	SR22
0E25	N747SK	RV8
0E26	N747SL	COL4
0E2A	N747SQ	C207
0E2F	N747SV	GLIM
0E30	N747SW	SR22
0E32	N747SY	GLST
0E33	N747SZ	AA5
0E34	N747T	CH75
0E3B	N747TG	SR22
0E3C	N747TH	PA46
0E40	N747TM	BE35
0E41	N747TN	RV6
0E46	N747TT	SR22
0E48	N747TV	RV8
0E4A	N747TX	AC11
0E4D	N747U	VEZE
0E50	N747UC	C182
0E62	N747UW	A319
0E66	N747V	GLIM
0E6D	N747VG	SRAI
0E6E	N747VH	C172
0E74	N747VP	COL4
0E78	N747VT	P28B
0E7A	N747VV	BE95
0E7B	N747VW	BE65
0E7F	N747W	RV7
0E81	N747WB	AS50
0E83	N747WD	R44
0E84	N747WE	RV8
0E86	N747WG	C182
0E89	N747WK	SR22
0E8B	N747WM	CH7B
0E8F	N747WR	NAVI
0E90	N747WS	C402
0E91	N747WT	BE77
0E94	N747WW	PA23
0E95	N747WX	RV6
0E98	N747X	FB1A
0E99	N747XA	GLST
0EA1	N747XJ	C750
0EA3	N747XL	GLIM
0EAA	N747XT	P46T
0EAE	N747XX	AEST
0EB1	N747Y	P68
0EB3	N747YB	BE58
0EBB	N747YK	C310
0EC5	N747YV	B36T
0EC7	N747YX	E75L
0ECA	N747Z	C170
0ED8	N747ZP	C152
0EE3	N7470	B741
0EE4	N7470A	C172
0EE7	N7470D	PA18
0EEC	N7470J	P28R
0EEF	N7470M	C175
0EF0	N7470N	BE36
0EF1	N7470P	PA24
0EF3	N7470R	P28A
0EF4	N7470S	P28A
0EFB	N7470Z	PA25
0EFD	N74701	M20P
0EFE	N74702	JACE
0F00	N74704	M20P
0F01	N74705	M20P
0F02	N74706	R44
0F03	N74707	M20P
0F05	N74709	R22
0F0A	N7471D	J3
0F0D	N7471G	C150
0F10	N7471K	PA20
0F11	N7471L	PA18
0F13	N7471N	BE36
0F15	N7471Q	C182
0F16	N7471R	P28A
0F17	N7471S	T6
0F18	N7471T	C172
0F1A	N7471V	P28A
0F1B	N7471W	P28A
0F1D	N7471Y	PA30
0F1F	N74710	M20P
0F21	N74712	AA5
0F23	N74714	M20P
0F24	N74715	M20P
0F27	N74718	M20P
0F28	N74719	M20P
0F2A	N7472A	C172
0F2B	N7472B	CH7A
0F2D	N7472D	PA18
0F31	N7472H	J3
0F38	N7472Q	C182
0F39	N7472R	P28A
0F3E	N7472W	P28A
0F42	N74720	M20P
0F44	N74722	M20P
0F45	N74723	M20P
0F49	N74727	M20P
0F50	N7473D	PA18
0F56	N7473K	PA20
0F5C	N7473R	P28A
0F62	N7473X	C172
0F63	N7473Y	PA30
0F65	N74730	R44
0F67	N74732	M20P
0F68	N74733	AA5
0F6A	N74735	M20P
0F6B	N74736	M20P
0F6C	N74737	C172
0F6D	N74738	M20P
0F71	N7474B	CH7A
0F72	N7474C	B744
0F74	N7474E	C180
0F76	N7474G	C172
0F7A	N7474L	PA18
0F7E	N7474Q	C182
0F7F	N7474R	P28A
0F80	N7474S	C182
0F81	N7474T	P28A
0F84	N7474W	P28A
0F85	N7474X	C82R
0F88	N74740	AA5
0F8D	N74745	M20P
0F8F	N74747	M20P
0F90	N74748	M20P
0F93	N7475A	C172
0F95	N7475C	T6
0F9A	N7475H	J3
0F9C	N7475K	PA20
0F9E	N7475M	C175
0F9F	N7475N	BE35
0FA2	N7475R	P28A
0FA4	N7475T	C172
0FA8	N7475X	C172
0FA9	N7475Y	PA30
0FAB	N74750	M20P
0FAD	N74752	M20P
0FB3	N74758	M20P
0FB4	N74759	M20P
0FB6	N7476A	C172
0FC0	N7476L	PA18
0FC2	N7476N	BE35
0FC3	N7476P	BE33
0FC4	N7476Q	T206
0FC5	N7476R	P28A
0FC7	N7476T	C172
0FC9	N7476V	B350
0FCA	N7476W	P28A
0FCC	N7476Y	PA30
0FCE	N74760	M20P
0FD0	N74762	M20P
0FD1	N74763	M20P
0FD2	N74764	M20P
0FD3	N74765	M20P
0FD4	N74766	M20P
0FD5	N74767	R44
0FD6	N74768	M20P
0FD7	N74769	M20P
0FD8	N7477	RV6
0FDA	N7477B	CH7A
0FDB	N7477C	B744
0FE2	N7477K	PA20
0FE3	N7477L	PA18
0FE7	N7477Q	C182
0FE8	N7477R	P28A
0FE9	N7477S	B74S
0FED	N7477W	P28A
0FF1	N74770	M20P
0FF5	N74774	R22
0FF6	N74775	M20P
0FF8	N74777	M20P
0FF9	N74778	R22
0FFB	N7478	SR22
0FFC	N7478A	C172
0FFD	N7478B	CH7A
0FFE	N7478C	O1
0FFF	N7478D	B748
1000	N7478E	B748
1002	N7478G	C172
1004	N7478J	P28R
1005	N7478K	PA20
1006	N7478L	PA18
1007	N7478M	C175
100D	N7478T	RBEL
1010	N7478W	P28A
1015	N74781	M20P
1018	N74784	R44
1019	N74785	M20P
101A	N74786	M20P
1021	N7479C	C180
1025	N7479G	C172
1026	N7479H	J3
1027	N7479J	P28R
1028	N7479K	PA20
102C	N7479P	PA24
1033	N7479W	P28A
103A	N74793	M20P
103B	N74794	R44
103C	N74795	M20P
103D	N74796	M20P
103F	N74798	M20P
1042	N748A	WAIX
1045	N748AC	BL8
1048	N748AF	EC45
104C	N748AK	RV8
1056	N748AV	A320
105B	N748B	BE35
105C	N748BA	L39
1064	N748BJ	ST75
1066	N748BL	C25M
1069	N748BP	R44
106B	N748BR	RV12
1074	N748C	LA25
1075	N748CA	C421
1076	N748CB	H500
1077	N748CC	PA18
1078	N748CD	SR22
1079	N748CE	PA31
107E	N748CK	B742
1080	N748CM	S22T
1082	N748CP	C172
108A	N748CX	C25B
108D	N748D	BE76
1090	N748DC	S22T
109E	N748DS	SONX
10A6	N748E	WACO
10AA	N748ED	RV12
10BA	N748EV	CRJ7
10C3	N748FD	A30B
10C4	N748FE	C208
10D5	N748FX	C208
10F9	N748HH	R22
110A	N748J	JAB4
1112	N748JH	BE35
1114	N748JK	SF50
1115	N748JL	RV8
1131	N748KP	T206
1134	N748KS	RV12
113C	N748L	G2T1
113E	N748LB	BE20
1147	N748LL	T6
1155	N748M	RV7
115A	N748ME	PC12
115C	N748MG	C310
1162	N748MN	GLF2
117C	N748NP	PA31
1187	N748P	C180
1188	N748PA	P28A
118B	N748PB	SF50
1191	N748PK	RV9
1198	N748PS	T206
11B1	N748QS	GALX
11B9	N748R	R44
11BA	N748RA	P28A
11BD	N748RD	CRER
11BE	N748RE	F2TH
11C5	N748RM	F2TH
11CA	N748RS	P28A
11CD	N748RV	RV8
11D2	N748S	M20P
11D7	N748SE	FBA2
11DC	N748SK	CRJ7
11E0	N748SP	C172
11E7	N748SW	B737
1219	N748UW	A319
121D	N748V	FLE2
1236	N748W	C56X
124F	N748X	C337
127E	N748YX	E75L
129A	N7480	G164
129B	N7480A	C172
129C	N7480B	CH7A
129E	N7480D	PA18
12A0	N7480F	H269
12A1	N7480G	C172
12A5	N7480L	PA18
12A8	N7480P	PA24
12A9	N7480Q	C182
12AC	N7480T	C172
12AF	N7480W	P28A
12B0	N7480X	C172
12B4	N74801	AA5
12BA	N74807	R44
12BB	N74808	R44
12BD	N7481	GLID
12BE	N7481A	C172
12BF	N7481B	CH7A
12C0	N7481C	VP2
12C1	N7481D	PA18
12C4	N7481G	C172
12C6	N7481J	P28R
12C7	N7481K	PA20
12CF	N7481T	C172
12D2	N7481W	P28A
12D6	N74810	R22
12DB	N74815	R22
12DD	N74817	S52
12DE	N74818	AA5
12DF	N74819	AA5
12E0	N7482	G164
12E6	N7482F	H269
12E8	N7482H	J3
12EB	N7482L	PA18
12EC	N7482M	C175
12EE	N7482P	PA24
12F6	N7482X	C172
12F9	N74820	AA5
12FA	N74821	AA5
12FB	N74822	B47G
12FC	N74823	B47G
12FD	N74824	AA5
12FE	N74825	PA31
1300	N74827	AA5
1301	N74828	AA5
1306	N7483C	L37
1307	N7483D	PA18
1308	N7483E	C210
130B	N7483H	J3
130D	N7483K	PA20
130E	N7483L	PA18
1312	N7483Q	C185
1313	N7483R	P28A
1318	N7483W	P28A
1319	N7483X	C172
1321	N74835	WACF
1322	N74836	R44
1331	N7484L	PA18
1332	N7484M	C175
1335	N7484Q	C182
133B	N7484W	P28A
133C	N7484X	C172
133F	N74840	S52
1342	N74843	PA18
1345	N74846	AA5
134A	N7485A	C172
134B	N7485B	CH7A
134C	N7485C	C185
134E	N7485E	C210
1350	N7485G	C172
1352	N7485J	P28R
1355	N7485M	C175
1357	N7485P	PA24
1358	N7485Q	T206
1359	N7485R	P28A
135E	N7485W	P28A
135F	N7485X	C172
1360	N7485Y	PA30
1363	N74851	R44
1368	N74856	B753
136A	N74858	AA5
1374	N7486H	J3
1378	N7486M	C175
137A	N7486P	PA24
137D	N7486S	C150
137E	N7486T	C172
1381	N7486W	P28A
1383	N7486Y	PA30
1386	N74861	AA5
1389	N74864	R22
138A	N74865	AA5
138C	N74867	AA5
138D	N74868	R44
138E	N74869	AA5
1390	N7487A	C172
1393	N7487D	PA18
1396	N7487G	C172
1399	N7487K	PA20
139B	N7487M	C175
139D	N7487P	PA24
139E	N7487Q	T206
13A7	N7487Z	PA25
13A8	N74870	AA5
13AC	N74874	B26
13AD	N74875	AA5
13AF	N74877	AA5
13B4	N7488B	CH7A
13B6	N7488D	PA18
13BB	N7488J	GLID
13BE	N7488M	C175
13BF	N7488N	BE36
13C0	N7488P	PA24
13C2	N7488R	P28A
13C7	N7488W	P28A
13CC	N74881	AA5
13CD	N74882	AA5
13CF	N74884	AA5
13D1	N74886	AA5
13D2	N74887	C170
13D4	N74889	P28A
13D6	N7489A	C172
13D7	N7489B	CH7A
13D9	N7489D	PA18
13DB	N7489F	H269
13DC	N7489G	C172
13DD	N7489H	J3
13DE	N7489J	P28R
13E0	N7489L	PA18
13E1	N7489M	C175
13E3	N7489P	PA24
13E4	N7489Q	C182
13EA	N7489W	P28A
13F2	N74894	BE18
13F6	N74898	B47G
13F8	N749	C185
13FF	N749AF	PC12
1403	N749AK	FOX
1405	N749AM	SF50
140D	N749AV	CRJ2
140F	N749AX	B762
1413	N749BA	A5
1415	N749BC	B772
1423	N749BS	S22T
142B	N749C	M200
142C	N749CA	C421
142E	N749CC	LNC2
142F	N749CD	SR22
143C	N749CS	P28R
143D	N749CT	FDCT
1444	N749D	BE35
1450	N749DM	MR35
1455	N749DS	DA40
1459	N749DW	PA12
146D	N749ER	RV7
147A	N749FD	A30B
147B	N749FE	C208
147C	N749FF	B06
148C	N749FX	C408
1492	N749GC	PC12
1493	N749GD	GA7C
14C1	N749J	JAB4
14C3	N749JB	COL4
14C7	N749JF	RV7
14D2	N749JS	C25B
14E8	N749KP	T206
14F3	N749L	SW3
14F4	N749LA	AT8T
1508	N749LW	PA34
150D	N749MA	B738
150F	N749MC	AA5
151C	N749MR	BE33
151E	N749MT	RV12
1530	N749NL	CONI
153E	N749P	C750
153F	N749PA	P28A
1541	N749PC	BL8
1545	N749PG	SR22
1547	N749PJ	BL8
1568	N749QS	CL35
1572	N749RB	S22T
1573	N749RC	SR22
1581	N749RS	C82S
1584	N749RV	T206
1589	N749S	C320
158D	N749SD	A109
158E	N749SE	FBA2
158F	N749SF	B407
1591	N749SH	AS50
1593	N749SK	BL8
1597	N749SP	T206
1599	N749SR	S22T
159A	N749SS	LJ60
159E	N749SW	B737
15AE	N749TM	BPAT
15B4	N749TT	C560
15B7	N749TW	R44
15CC	N749US	A319
15ED	N749W	BE35
1602	N749WW	H25B
1611	N749XL	C56X
1614	N749XP	H25B
1635	N749YX	E75L
1652	N7490A	H25B
1653	N7490B	CH7A
165F	N7490P	PA24
1661	N7490R	P28A
1666	N7490W	P28A
1667	N7490X	C172
1674	N7491	G44
1675	N7491A	C172
1679	N7491E	C210
167B	N7491G	C172
167E	N7491K	PA20
1681	N7491N	BE33
168E	N74911	PA18
168F	N74912	PA18
1690	N74913	PA18
1691	N74914	H269
1696	N74919	PA18
1699	N7492B	CH7A
169B	N7492D	EXEC
169D	N7492F	H269
16A0	N7492J	P28R
16A4	N7492N	BE95
16A5	N7492P	PA24
16A9	N7492T	C172
16AA	N7492U	T6
16AC	N7492W	P28A
16B0	N74920	P51
16B2	N74922	PA18
16B4	N74924	PA18
16B9	N74929	PA18
16BC	N7493B	CH7A
16C0	N7493F	H269
16C1	N7493G	C172
16C3	N7493J	P28R
16C7	N7493N	BE55
16C8	N7493P	PA24
16CA	N7493R	P28A
16CF	N7493W	P28A
16D5	N74932	PA31
16D8	N74935	PA18
16DF	N7494B	CH7A
16E1	N7494D	PA18
16E7	N7494K	PA20
16EB	N7494P	PA24
16F2	N7494W	P28A
16F4	N7494Y	PA30
16FB	N74945	PA18
1709	N7495J	P28R
170C	N7495M	C175
170E	N7495P	PA24
1710	N7495R	P28A
1716	N7495X	C172
171D	N74954	PA18
1723	N7496	CRBN
1724	N7496A	C172
1727	N7496D	PA18
172D	N7496K	G164
172F	N7496M	C175
1731	N7496P	PA24
1734	N7496S	AEST
1739	N7496X	C172
173C	N74960	PA18
1740	N74964	PA18
1743	N74967	PA18
1744	N74968	PA18
1746	N7497	GLID
1747	N7497A	C172
1749	N7497C	T28
174B	N7497E	C210
174E	N7497H	J3
1750	N7497K	PA20
1754	N7497P	PA24
1758	N7497T	C172
175C	N7497X	C172
1761	N74972	PA31
1767	N74978	P51
1768	N74979	PA18
176A	N7498A	C172
1772	N7498J	P28R
1774	N7498L	PA18
1777	N7498P	PA24
177B	N7498T	C172
178D	N7499A	C172
178F	N7499C	C172
1791	N7499E	C210
1794	N7499H	J3
179E	N7499T	C172
17A1	N7499W	P28A
17A2	N7499X	C172
17A5	N74990	PA18
17AB	N74996	PA18
17AD	N74998	PA18
17AF	N75	BE30
17B3	N75AC	CH7A
17B4	N75AD	P28A
17B9	N75AJ	RV10
17BA	N75AK	C82S
17BB	N75AL	C177
17BC	N75AM	BE55
17C0	N75AR	S1
17C1	N75AS	GLID
17C2	N75AT	BE36
17C3	N75AU	P32R
17C5	N75AW	PAY3
17C6	N75AX	LJ45
17C9	N75B	C560
17CB	N75BB	BE18
17CD	N75BD	BD5
17CF	N75BF	CH7B
17D2	N75BJ	PA34
17D3	N75BK	BE33
17D4	N75BL	SONX
17D6	N75BN	C82S
17D7	N75BP	RV8
17DA	N75BS	TBM7
17DB	N75BT	TBM7
17E2	N75C	C185
17E3	N75CA	BE95
17E4	N75CB	C421
17E5	N75CC	GLF5
17E7	N75CE	EAGL
17E9	N75CG	C185
17EA	N75CH	FA50
17EB	N75CJ	MR35
17ED	N75CL	BE58
17EE	N75CM	BOLT
17F3	N75CS	BE33
17F7	N75CW	B06
17FA	N75CZ	COZY
17FC	N75DA	T210
17FD	N75DB	SA30
17FE	N75DC	HUSK
17FF	N75DD	BE36
1801	N75DF	M20P
1802	N75DG	BE36
1803	N75DH	C560
1804	N75DJ	BE35
1805	N75DK	T206
1806	N75DL	CJ6
1807	N75DM	T210
180B	N75DR	P32R
180D	N75DT	P32R
1810	N75DW	C182
1811	N75DX	RV7
1812	N75DY	GLIM
1815	N75EA	EA50
1817	N75EC	RV9
1819	N75EE	C210
181A	N75EF	GLIM
181B	N75EG	C750
181C	N75EH	P28A
181E	N75EK	F2TH
181F	N75EL	HUSK
1820	N75EM	GA6C
1821	N75EN	F2TH
1824	N75ER	C172
1825	N75ES	C510
1826	N75ET	SR20
1828	N75EV	PA11
182C	N75EZ	VEZE
182F	N75FB	C180
1831	N75FD	SF50
1835	N75FH	RV7
1837	N75FK	HIGH
183B	N75FP	LJ45
1845	N75FZ	P28A
1846	N75G	BE65
1848	N75GB	C402
184B	N75GE	DHC3
184F	N75GJ	BE18
1851	N75GL	T210
1852	N75GM	C208
1854	N75GP	P28A
1858	N75GT	CC11
185D	N75GY	BE20
1860	N75HA	BE35
1863	N75HD	PA30
1865	N75HF	E545
1866	N75HG	SAKO
186D	N75HP	BT36
186F	N75HR	HROC
1870	N75HS	C750
1872	N75HU	HUSK
1876	N75HY	HUSK
1879	N75JA	RV6
187B	N75JC	BE18
187D	N75JE	PA32
187F	N75JG	BE23
1884	N75JM	F2TH
1888	N75JR	AC50
188A	N75JT	ST75
1890	N75JZ	ST75
1891	N75K	GLAS
1893	N75KB	C180
1895	N75KD	PA46
1896	N75KE	F900
1898	N75KG	BE95
189A	N75KJ	BEAR
189D	N75KM	HROC
18A1	N75KR	RV6
18A6	N75KW	BE35
18A7	N75KX	LJ75
18A8	N75KY	C208
18AC	N75LB	COL3
18AD	N75LC	J3
18AE	N75LD	FA62
18AF	N75LE	C185
18B0	N75LF	RV7
18B1	N75LG	P210
18B2	N75LH	E55P
18B4	N75LK	PA31
18B6	N75LM	COY2
18B7	N75LN	GLST
18BA	N75LR	CJ1
18BC	N75LT	C25A
18BE	N75LV	BE20
18BF	N75LW	BE9L
18C3	N75M	G2T1
18C4	N75MA	TBM9
18C5	N75MB	BE30
18C6	N75MC	BEAR
18CA	N75MG	SR22
18CB	N75MH	KR2
18CC	N75MJ	BE60
18CD	N75MK	C172
18CE	N75ML	C182
18CF	N75MM	CH7B
18D0	N75MN	LJ45
18D1	N75MP	PA22
18D3	N75MR	ST75
18D4	N75MS	BE9T
18D5	N75MT	LJ45
18D7	N75MV	LJ45
18D8	N75MW	ST75
18D9	N75MX	SW3
18DC	N75N	U21
18DD	N75NA	ST75
18DF	N75NC	RV7
18E0	N75ND	PC12
18E3	N75NG	PC12
18E5	N75NJ	CH75
18E7	N75NL	P68
18E8	N75NM	ST75
18EA	N75NP	CL60
18ED	N75NS	C172
18F1	N75NW	CH75
18F2	N75NX	P337
18F5	N75P	SA3
18F8	N75PC	PA18
18F9	N75PD	C82S
18FA	N75PE	BE30
18FC	N75PG	BE9L
18FD	N75PH	M20T
18FE	N75PJ	T206
18FF	N75PK	RV9
1900	N75PL	PL2
1901	N75PM	NAVI
1905	N75PR	BE35
1906	N75PS	C56X
1907	N75PT	ST75
190A	N75PW	M20P
190B	N75PX	BE30
190E	N75Q	BE18
1927	N75R	BE35
1928	N75RA	C700
1929	N75RB	C82S
192A	N75RC	T210
192C	N75RE	PA32
192D	N75RF	AEST
1931	N75RK	MRAI
1932	N75RL	BE40
1933	N75RM	BT36
1935	N75RP	GLF5
1938	N75RS	BE9L
1939	N75RT	RV8
193B	N75RV	PA34
193F	N75RZ	E50P
1941	N75SA	SR22
1942	N75SB	CP30
1944	N75SD	C172
1945	N75SE	CH7B
1946	N75SF	C182
1947	N75SG	P32R
1949	N75SJ	FA7X
194A	N75SK	C421
194C	N75SM	C182
194E	N75SP	B407
1950	N75SR	LJ45
1951	N75SS	BE35
1953	N75SU	C310
1954	N75SV	ST75
1955	N75SW	GLID
1957	N75SY	SIRA
195B	N75TB	TB20
195C	N75TC	C172
195D	N75TD	GLAS
195F	N75TF	GLF5
1960	N75TG	BE40
1962	N75TJ	RV6
1964	N75TL	BE36
1965	N75TM	C560
1967	N75TP	C56X
1968	N75TQ	ST75
1969	N75TR	C185
196B	N75TT	C414
196D	N75TV	B06
196E	N75TW	PA31
196F	N75TX	C750
1971	N75TZ	TERM
1972	N75U	AC68
1975	N75UC	RV8
197E	N75UM	LJ45
1983	N75US	C82S
1984	N75UT	LA4
198B	N75V	U21
198C	N75VA	C180
198D	N75VB	GLEX
198E	N75VC	SBR1
1990	N75VE	VEZE
1995	N75VK	C525
1997	N75VM	HDJT
199B	N75VR	P210
199D	N75VT	RV7
19A2	N75VY	PA18
19A6	N75WB	P46T
19A7	N75WC	C150
19A8	N75WD	R44
19A9	N75WE	E55P
19AA	N75WF	P210
19AB	N75WG	C182
19AC	N75WH	PC12
19AF	N75WL	C550
19B2	N75WP	C560
19B4	N75WR	VEZE
19B6	N75WT	WICH
19B7	N75WU	PTMS
19B8	N75WV	RV7
19B9	N75WW	S22T
19BB	N75WY	HUSK
19BD	N75X	SW3
19C5	N75XH	CH75
19C8	N75XL	C56X
19CB	N75XP	LJ45
19D7	N75YA	C210
19E6	N75YR	BE35
19ED	N75YY	DA62
19EF	N75Z	U21
19F1	N75ZB	VTRA
19FB	N75ZM	SR22
1A05	N75ZX	CH75
1A08	N750	C180
1A09	N750A	CH75
1A0A	N750AA	CH75
1A0B	N750AB	TBM7
1A0D	N750AD	CH75
1A14	N750AL	SS2P
1A16	N750AN	B772
1A17	N750AP	CH75
1A1D	N750AV	A320
1A1E	N750AW	PA32
1A1F	N750AX	B762
1A20	N750AY	CRES
1A22	N750B	LNP4
1A23	N750BA	C56X
1A24	N750BB	BE20
1A25	N750BC	O1
1A29	N750BG	CH75
1A2A	N750BH	EVOT
1A2C	N750BK	CH75
1A2D	N750BL	C750
1A2E	N750BM	CH75
1A30	N750BP	CH75
1A32	N750BR	CH75
1A34	N750BT	LNP4
1A39	N750BY	CH75
1A3C	N750CA	MU2
1A3F	N750CD	SR22
1A42	N750CG	LNP4
1A43	N750CH	CH75
1A45	N750CK	C650
1A46	N750CL	CH75
1A48	N750CN	CH75
1A49	N750CP	C172
1A4B	N750CR	GL7T
1A4D	N750CT	C750
1A51	N750CX	C750
1A54	N750D	CH75
1A55	N750DA	CH75
1A56	N750DB	M20P
1A57	N750DC	M20P
1A59	N750DE	CH75
1A5B	N750DG	CH75
1A5C	N750DH	CH75
1A5F	N750DL	LNP4
1A62	N750DP	CH75
1A64	N750DR	C310
1A65	N750DS	BIPL
1A66	N750DT	CH75
1A68	N750DV	CRES
1A6A	N750DX	C750
1A6B	N750DY	CH75
1A6C	N750DZ	CRES
1A6E	N750EA	C750
1A6F	N750EB	CH75
1A70	N750EC	C750
1A78	N750EL	H25B
1A7D	N750ER	LNP4
1A7E	N750ES	CH75
1A81	N750EV	CRJ7
1A85	N750EZ	CH75
1A87	N750FA	H25B
1A89	N750FC	BE10
1A8A	N750FD	A30B
1A8D	N750FG	CH75
1A91	N750FL	C560
1A93	N750FN	CH75
1A94	N750FP	CH75
1A96	N750FR	FA50
1A98	N750FT	CH75
1A9B	N750FW	CH75
1A9C	N750FX	C208
1AA0	N750GD	GA7C
1AA1	N750GB	C750
1AA2	N750GC	CH75
1AA9	N750GK	C750
1AAB	N750GM	C750
1AB1	N750GT	R44
1AB3	N750GV	P32R
1AB4	N750GW	CH75
1AB7	N750GZ	CH75
1AB8	N750H	BE58
1ABA	N750HB	CH75
1ABB	N750HC	C750
1AC2	N750HK	PA30
1AC3	N750HL	GLF6
1AC4	N750HM	H25B
1AC6	N750HP	UH1
1AC9	N750HS	CH75
1ACE	N750HX	CH75
1AD1	N750J	JAB4
1AD4	N750JC	CH75
1AD6	N750JE	F2TH
1AD7	N750JF	BE33
1AD8	N750JG	CH75
1AD9	N750JH	CH75
1ADD	N750JM	C550
1ADF	N750JP	C182
1AE2	N750JS	CH75
1AE3	N750JT	C750
1AEA	N750K	PA18
1AEB	N750KA	BE20
1AEC	N750KB	CH75
1AEE	N750KD	GL7T
1AF4	N750KK	CH75
1B06	N750LC	E550
1B08	N750LE	CH75
1B0A	N750LG	GLF5
1B0E	N750LL	LJ45
1B11	N750LP	CH75
1B18	N750LW	CH75
1B1E	N750MB	CH75
1B1F	N750MC	CH75
1B21	N750ME	C750
1B22	N750MF	C750
1B23	N750MG	PC12
1B24	N750MH	GLID
1B25	N750MJ	CH75
1B27	N750ML	C560
1B2C	N750MR	CH75
1B30	N750MV	CH75
1B31	N750MW	CH75
1B36	N750NA	C750
1B37	N750NB	CH75
1B38	N750NC	CH75
1B39	N750ND	P28A
1B3C	N750NG	C750
1B3E	N750NJ	CH75
1B41	N750NM	CH75
1B46	N750NS	GALX
1B47	N750NT	T206
1B4E	N750P	BE35
1B50	N750PB	GL7T
1B51	N750PC	C340
1B52	N750PD	CH75
1B53	N750PE	CH75
1B56	N750PH	C150
1B57	N750PJ	EVOT
1B58	N750PK	CH75
1B5A	N750PM	C185
1B5C	N750PP	CH75
1B5E	N750PR	CH75
1B5F	N750PS	CH75
1B60	N750PT	C750
1B63	N750PW	CH75
1B78	N750QS	CL35
1B79	N750QT	CH75
1B82	N750RB	C750
1B83	N750RC	BE9L
1B85	N750RE	CH75
1B86	N750RF	ACAM
1B87	N750RG	AC80
1B88	N750RH	CH75
1B8A	N750RK	CH75
1B8C	N750RM	SA75
1B8E	N750RP	CH75
1B90	N750RR	CH75
1B91	N750RS	CH75
1B92	N750RT	PA44
1B9A	N750SA	B737
1B9B	N750SB	CH75
1B9C	N750SC	E55P
1B9D	N750SD	CRES
1B9F	N750SF	GL7T
1BA0	N750SG	H25B
1BA2	N750SJ	CH75
1BA3	N750SK	CRJ7
1BA4	N750SL	C25A
1BA5	N750SM	CH75
1BA6	N750SN	CRES
1BA7	PR-NJT	WW24
1BAA	N750SS	CRES
1BAB	N750ST	LJ40
1BAD	N750SV	CH75
1BB1	N750SZ	CH75
1BB6	N750TD	CH75
1BBA	N750TH	BE24
1BBC	N750TK	CH75
1BBD	N750TL	CH75
1BBE	N750TM	LNP4
1BBF	N750TN	CH75
1BC0	N750TP	CH75
1BC2	N750TR	CH75
1BC3	N750TS	LNC2
1BC4	N750TT	BE20
1BC7	N750TW	CH75
1BCB	N750U	P28A
1BD9	N750UP	CRES
1BE0	N750UW	A319
1BF0	N750VM	H25B
1BF2	N750VP	C750
1BFA	N750VX	CRES
1BFF	N750WB	GLST
1C01	N750WD	CH75
1C03	N750WF	CH75
1C07	N750WK	CH75
1C08	N750WL	CH75
1C0B	N750WP	CH75
1C0F	N750WT	CH75
1C12	N750WW	CH75
1C13	N750WX	CH75
1C14	N750WY	CH75
1C15	N750WZ	CH75
1C16	N750X	SA75
1C1C	N750XF	CH75
1C1F	N750XJ	C750
1C21	N750XL	CRES
1C2E	N750XZ	CH75
1C2F	N750Y	C172
1C31	N750YB	CH75
1C33	N750YD	CH75
1C3A	N750YL	CH75
1C3B	N750YM	CH75
1C3C	N750YN	CH75
1C3D	N750YP	CH75
1C45	N750YX	E75L
1C48	N750Z	C208
1C4B	N750ZC	CH75
1C4C	N750ZD	CH75
1C4D	N750ZE	CH75
1C53	N750ZL	CH75
1C55	N750ZN	CH75
1C5A	N750ZT	CH75
1C5C	N750ZV	CH75
1C5D	N750ZW	CH75
1C60	N750ZZ	CH75
1C64	N7500C	ERCO
1C65	N7500D	PA22
1C67	N7500F	CH7A
1C69	N7500H	PA12
1C6A	N7500J	P28R
1C6D	N7500M	C175
1C6E	N7500N	BE36
1C6F	N7500P	PA24
1C71	N7500R	P28A
1C72	N7500S	G64T
1C73	N7500T	C172
1C74	N7500U	G164
1C76	N7500W	P28A
1C77	N7500X	GSIS
1C7B	N75001	ST75
1C7C	N75002	G164
1C7E	N75004	VALI
1C7F	N75005	P28A
1C81	N75007	ST75
1C82	N75008	P28B
1C83	N75009	ST75
1C84	N7501	CH75
1C85	N7501A	G164
1C89	N7501E	G164
1C8A	N7501F	CH7B
1C8D	N7501J	P28R
1C8E	N7501K	G164
1C90	N7501M	C175
1C92	N7501P	G164
1C93	N7501Q	G164
1C95	N7501S	BE95
1C96	N7501T	C172
1C98	N7501V	BU20
1C99	N7501W	P28A
1C9D	N75010	ST75
1CA1	N75014	P32R
1CA3	N75016	ST75
1CA9	N7502B	G164
1CAA	N7502C	G164
1CAB	N7502D	PA22
1CAD	N7502F	CH7A
1CB0	N7502J	P28R
1CB3	N7502M	G164
1CB4	N7502N	BE65
1CB7	N7502R	P28A
1CB9	N7502T	C172
1CBA	N7502U	TAIL
1CBB	N7502V	C77R
1CBD	N7502X	C172
1CBE	N7502Y	G164
1CC1	N75021	P28A
1CC5	N75025	G164
1CC8	N75028	COY2
1CCA	N7503	CH75
1CCC	N7503B	CH7A
1CD0	N7503F	CH7A
1CD2	N7503H	G164
1CD5	N7503L	G164
1CD6	N7503M	C175
1CD8	N7503P	PA24
1CDA	N7503R	P28A
1CDB	N7503S	AEST
1CDC	N7503T	C172
1CDE	N7503V	C77R
1CDF	N7503W	P28A
1CE0	N7503X	C172
1CE1	N7503Y	PA30
1CE4	N75031	ST75
1CE7	N75034	P32R
1CE8	N75035	ST75
1CF0	N7504C	ERCO
1CF5	N7504H	PA12
1CFA	N7504N	BE36
1CFE	N7504S	H269
1D01	N7504V	C77R
1D02	N7504W	P28A
1D03	N7504X	C172
1D05	N7504Z	H269
1D0C	N75046	P28R
1D0D	N75047	P28A
1D0E	N75048	P28A
1D0F	N75049	P28A
1D10	N7505	C180
1D12	N7505B	H269
1D14	N7505D	PA22
1D16	N7505F	CH7A
1D17	N7505G	C150
1D1D	N7505N	BE36
1D1F	N7505Q	C310
1D20	N7505R	P28A
1D24	N7505V	C77R
1D26	N7505X	C172
1D29	N75050	P28R
1D2B	N75052	ST75
1D2D	N75054	H269
1D2E	N75055	P28A
1D2F	N75056	P28A
1D31	N75058	P28A
1D32	N75059	P28A
1D39	N7506F	CH7A
1D3D	N7506K	PA18
1D40	N7506N	H269
1D43	N7506R	P28A
1D45	N7506T	C172
1D49	N7506X	C172
1D4B	N7506Z	PA25
1D4C	N75060	L5
1D50	N75064	CH7A
1D52	N75066	J3
1D53	N75067	CH7A
1D55	N75069	CH7A
1D58	N7507B	CH7A
1D59	N7507C	H269
1D5A	N7507D	FOX
1D5B	N7507E	CH7A
1D5C	N7507F	CH7A
1D5D	N7507G	R22
1D5F	N7507J	FOX
1D62	N7507M	H269
1D63	N7507N	R22
1D66	N7507R	P28A
1D69	N7507U	H269
1D6C	N7507X	R44
1D6F	N75070	H269
1D71	N75072	P28A
1D73	N75074	P28A
1D76	N75077	C180
1D77	N75078	P28A
1D79	N7508	GL7T
1D7B	N7508B	CH7A
1D81	N7508H	H269
1D82	N7508J	P28R
1D83	N7508K	PA18
1D84	N7508L	H269
1D85	N7508M	GA8
1D87	N7508P	B06
1D88	N7508Q	C310
1D89	N7508R	P28A
1D8B	N7508T	C172
1D8E	N7508W	R22
1D8F	N7508X	C172
1D91	N7508Z	R44
1D92	N75080	P28A
1D94	N75082	P28A
1D96	N75084	P28A
1D97	N75085	VALI
1D9A	N75088	J3
1D9C	N7509	GL7T
1DA0	N7509D	PA22
1DA5	N7509J	P28R
1DA6	N7509K	PA18
1DA8	N7509M	C175
1DAA	N7509P	PA24
1DAE	N7509T	C172
1DB0	N7509V	G64T
1DB2	N7509X	C172
1DB3	N7509Y	G64T
1DB5	N75090	G164
1DB6	N75091	P32R
1DB8	N75093	P28A
1DBA	N75095	P28A
1DBB	N75096	G164
1DBD	N75098	J3
1DBE	N75099	G164
1DBF	N751	PA18
1DC0	N751A	DC3
1DC1	N751AA	C750
1DC4	N751AD	SR22
1DCB	N751AL	B752
1DCC	N751AM	AS50
1DCD	N751AN	B772
1DCE	N751AP	SR22
1DD1	N751AS	CL35
1DD4	N751AV	A319
1DDA	N751BA	A5
1DDC	N751BC	GALX
1DE0	N751BG	C680
1DE3	N751BK	C172
1DE7	N751BP	HDJT
1DE9	N751BR	AC90
1DF3	N751CA	C402
1DF5	N751CC	PA46
1DF7	N751CE	DC6
1DFA	N751CH	HIGH
1E00	N751CP	C172
1E08	N751CX	B752
1E0B	N751D	BE35
1E0D	N751DB	B505
1E0E	N751DC	GLIM
1E12	N751DG	RV7
1E15	N751DK	RV6
1E1B	N751DR	C182
1E1C	N751DS	C150
1E20	N751DW	C72R
1E24	N751E	WACO
1E25	N751EA	C750
1E26	N751EB	SREY
1E27	N751EC	LJ45
1E28	N751ED	C750
1E30	N751EM	C750
1E35	N751ES	C82T
1E38	N751EV	CRJ7
1E3D	N751F	PA31
1E3F	N751FB	PC12
1E41	N751FD	A30B
1E42	N751FE	C208
1E53	N751FX	C208
1E6F	N751H	AS50
1E72	N751HC	B407
1E79	N751HK	RV8
1E7D	N751HP	LNP4
1E88	N751J	TBM7
1E8A	N751JB	S22T
1E8B	N751JC	LJ45
1E8C	N751JD	CH75
1E94	N751JM	FDCT
1E97	N751JQ	RV7
1E99	N751JS	C25B
1EA1	N751K	WACO
1EA4	N751KC	BE9L
1EA5	N751KD	T51
1EB2	N751KS	P28R
1EBA	N751L	B350
1EBC	N751LB	P32R
1EC1	N751LG	GLF5
1EC5	N751LL	S76
1EC8	N751LP	LJ45
1ECB	N751LS	C170
1ED3	N751M	F260
1ED4	N751MA	K100
1ED5	N751MB	RV8
1ED6	N751MC	C180
1ED7	N751MD	CH75
1EDE	N751ML	C172
1EDF	N751MM	C750
1EE5	N751MT	H25B
1EF0	N751ND	P28A
1F0B	N751PF	M7
1F10	N751PL	C700
1F13	N751PP	BE36
1F16	N751PS	S22T
1F17	N751PT	CH75
1F2F	N751QS	CL35
1F37	N751R	EFOX
1F40	N751RJ	P28B
1F4B	N751RV	RV7
1F50	N751S	C180
1F53	N751SC	PA18
1F55	N751SE	FBA2
1F58	N751SH	SPHA
1F5A	N751SK	CRJ7
1F5E	N751SP	C172
1F65	N751SW	B737
1F6A	N751TA	T51
1F71	N751TH	MT
1F74	N751TL	NG5
1F75	N751TM	GLST
1F79	N751TR	SW4
1F7A	N751TS	RV8
1F7F	N751TX	T51
1F82	N751U	BL8
1F97	N751UW	A319
1F9B	N751V	FINC
1FB7	N751WC	SS2P
1FBD	N751WJ	C750
1FC9	N751WW	PA30
1FCB	N751WY	G164
1FD6	N751XJ	C750
1FE6	N751Y	G164
1FFC	N751YX	E75L
2004	N751ZE	CH75
201C	N7510D	BE60
201D	N7510E	R22
201E	N7510F	CH7A
201F	N7510G	C150
2020	N7510H	PA12
2021	N7510J	P28R
2022	N7510K	C180
2026	N7510P	PA24
2027	N7510Q	C310
2028	N7510R	P28A
202A	N7510T	R44
202B	N7510U	R22
202E	N7510X	C172
2030	N7510Z	PA25
2031	N75100	ST75
2033	N75102	RS12
2036	N75105	H269
2038	N75107	J3
2039	N75108	P28A
203A	N75109	P28A
203B	N7511	C180
203C	N7511A	H269
2041	N7511F	CH7A
2042	N7511G	R44
2047	N7511M	C175
2050	N7511W	R44
2054	N75110	P28A
2058	N75114	P28A
205A	N75116	SREY
205B	N75117	P28B
205D	N75119	P32R
2061	N7512C	R22
2064	N7512F	CH7A
2067	N7512J	P28R
2068	N7512K	PA18
206A	N7512M	C175
206B	N7512N	R44
206D	N7512Q	C310
2070	N7512T	C172
2073	N7512W	P28A
2077	N75120	PA34
207B	N75124	P28A
207D	N75126	P28A
207E	N75127	P28R
2083	N7513B	CH7A
2084	N7513C	ERCO
2086	N7513E	CH7A
2087	N7513F	CH7A
208B	N7513K	PA18
208E	N7513N	BE36
2091	N7513R	P28A
2094	N7513U	PTS1
2097	N7513X	C172
209A	N75130	P32R
209C	N75132	P28A
209D	N75133	P28A
209E	N75134	P28A
209F	N75135	GLID
20A0	N75136	P28A
20A8	N7514D	PA22
20AE	N7514K	B06
20AF	N7514L	ESCP
20B0	N7514M	C175
20B4	N7514R	P28A
20B5	N7514S	R22
20B6	N7514T	C172
20B8	N7514V	R22
20B9	N7514W	R22
20BA	N7514X	C172
20BD	N75140	UH1
20BE	N75141	PA32
20C0	N75143	P32R
20C3	N75146	P28A
20C4	N75147	P28A
20C6	N75149	P28A
20C9	N7515B	CH7A
20CA	N7515C	ERCO
20CB	N7515D	BE70
20CE	N7515G	C150
20CF	N7515H	PA12
20D0	N7515J	P28R
20D1	N7515K	PA18
20D5	N7515P	PA24
20D7	N7515R	P28A
20D8	N7515S	UH1
20D9	N7515T	C172
20DA	N7515U	C150
20DB	N7515V	C77R
20DC	N7515W	P28A
20DD	N7515X	C172
20DE	N7515Y	PA30
20DF	N7515Z	UH1
20E1	N75151	P28A
20E2	N75152	P28R
20E3	N75153	P28R
20E8	N75158	P28A
20EE	N7516D	PA22
20F0	N7516F	CH7B
20F1	N7516G	R22
20F3	N7516J	P28R
20F4	N7516K	PA18
20F6	N7516M	C175
20F7	N7516N	BE35
20F8	N7516P	PA24
20F9	N7516Q	C310
20FC	N7516T	C172
20FE	N7516V	C77R
20FF	N7516W	P28A
2101	N7516Y	PA30
2102	N7516Z	PA25
2103	N75160	ST75
2105	N75162	P28A
2106	N75163	P28A
2107	N75164	P28A
2108	N75165	P28A
210C	N75169	P28A
210D	N7517	T6
2111	N7517D	PA22
2112	N7517E	CH7A
2114	N7517G	C150
2115	N7517H	PA12
2116	N7517J	P28R
2117	N7517K	PA18
211A	N7517N	BE35
211B	N7517P	PA24
211C	N7517Q	C310
211D	N7517R	P28A
2120	N7517U	R22
2121	N7517V	C77R
2122	N7517W	R22
2123	N7517X	C172
2127	N75171	P28B
212A	N75174	P28A
212B	N75175	R44
212D	N75177	P28A
212F	N75179	P28A
2132	N7518B	CH7A
2136	N7518F	CH7B
2139	N7518J	P28R
213A	N7518K	PA18
213D	N7518N	BE35
213E	N7518P	PA24
2147	N7518Y	R22
214D	N75184	P32R
214F	N75186	P28A
2150	N75187	P28A
2156	N7519C	ERCO
2159	N7519F	CH7B
215A	N7519G	R44
215D	N7519K	PA18
2161	N7519P	PA24
2165	N7519T	C172
2169	N7519X	C172
216A	N7519Y	PA30
216C	N75190	P28A
216F	N75193	P28A
2171	N75195	P32R
2172	N75196	P32R
2173	N75197	ST75
2174	N75198	P28A
2176	N752	PA18
2177	N752A	S55P
2183	N752AM	AS50
2184	N752AN	B772
218D	N752AX	B762
2190	N752B	SR22
2191	N752BA	A5
2192	N752BB	CH75
2197	N752BG	RV7
21AA	N752CA	BE95
21AF	N752CF	PA30
21B1	N752CH	AS50
21B3	N752CK	C500
21B7	N752CP	P28R
21BA	N752CS	B752
21BB	N752CT	SR22
21BF	N752CX	B752
21C2	N752D	BE35
21C5	N752DC	B06
21C6	N752DD	RV6
21C7	N752DE	CH7A
21CA	N752DH	B722
21CC	N752DK	CH75
21CE	N752DM	C182
21D2	N752DR	CH75
21D3	N752DS	DA40
21D4	N752DT	C310
21D7	N752DW	C172
21DC	N752EA	LJ25
21EF	N752EV	CRJ7
21F9	N752FE	C208
21FB	N752FG	CH75
220A	N752FX	C208
223F	N752J	JAB4
2242	N752JC	FA50
224F	N752JR	RV7
2250	N752JS	C25B
2258	N752K	WACO
225E	N752KF	RV9
2262	N752KK	E55P
2269	N752KS	P28R
226A	N752KT	R44
2271	N752L	T206
227F	N752LP	LJ45
2283	N752LT	B752
228A	N752M	CL30
228C	N752MB	S22T
2290	N752MF	C150
2296	N752MM	P46T
229A	N752MR	SONX
229B	N752MS	CH70
22A7	N752ND	P28A
22B4	N752NS	H25B
22C6	N752PK	R44
22CD	N752PS	S22T
22CE	N752PT	RV8
22D2	N752PX	NG5
22E6	N752QS	CL35
22EE	N752R	LJ45
22EF	N752RA	P28A
22F6	N752RH	FOX
22F7	N752RJ	C750
2309	N752SB	SR22
230A	N752SC	SF50
230C	N752SE	GA8
2311	N752SK	CRJ7
2315	N752SP	E35L
231C	N752SW	B737
2320	N752T	PA11
2335	N752TW	YK52
234A	N752US	A319
2353	N752VA	BE36
236B	N752W	RV7
2374	N752WJ	C750
2380	N752WW	T28
23A7	N752YK	YK52
23B3	N752YX	E75L
23B6	N752Z	CH75
23B7	N752ZA	CH75
23CF	N7520	ST75
23D0	N7520A	MD82
23D1	N7520B	CH7A
23D2	N7520C	ERCO
23D3	N7520D	PA22
23D9	N7520K	C180
23DB	N7520M	C175
23DD	N7520P	PA24
23DF	N7520R	P28A
23E1	N7520T	C172
23E2	N7520U	T6
23E5	N7520X	C172
23E6	N7520Y	PA30
23E8	N75200	P28A
23EA	N75202	P28A
23F4	N7521B	CH7A
23F5	N7521C	ERCO
23F6	N7521D	PA22
23FA	N7521H	PA12
23FB	N7521J	P28R
23FC	N7521K	C180
23FF	N7521N	BE35
2402	N7521R	BE35
2404	N7521T	C172
2406	N7521V	C77R
2408	N7521X	C172
240A	N7521Z	R22
240C	N75211	P28A
2412	N75217	P28A
2413	N75218	ST75
2417	N7522B	CH7A
2418	N7522C	ERCO
2419	N7522D	PA22
241F	N7522K	C180
2423	N7522P	PA24
2425	N7522R	P28A
2427	N7522T	C172
2428	N7522U	T6
242A	N7522W	P28A
242B	N7522X	C172
2431	N75223	ST75
2435	N75227	ST75
2437	N75229	P28A
243C	N7523D	PA22
243D	N7523E	R44
243F	N7523G	C172
2440	N7523H	PA12
2441	N7523J	P28R
2442	N7523K	PA18
2444	N7523M	C175
2445	N7523N	BE36
2448	N7523R	P28A
244A	N7523T	R44
244C	N7523V	C77R
244D	N7523W	P28A
244F	N7523Y	PA30
2450	N7523Z	PA25
2452	N75231	P28A
2453	N75232	P28A
2457	N75236	ST75
245A	N75239	P28A
245F	N7524D	PA22
2460	N7524E	CH7A
2461	N7524F	CH7B
2462	N7524G	C172
2463	N7524H	PA12
2465	N7524K	PA18
2467	N7524M	C175
246B	N7524R	P28A
246D	N7524T	C172
2470	N7524W	R44
2475	N75241	ST75
2476	N75242	PA32
2478	N75244	ST75
247B	N75247	P32R
247C	N75248	P28A
247D	N75249	P28A
2482	N7525D	PA22
2483	N7525E	CH7A
2486	N7525H	PA12
2487	N7525J	P28R
248B	N7525N	BE36
248C	N7525P	PA24
248E	N7525R	P28A
2491	N7525U	FB1A
2499	N75252	RV10
249B	N75254	P28A
249C	N75255	P28A
249E	N75257	ST75
24A3	N7526B	CH7A
24A4	N7526C	ERCO
24A5	N7526D	PA22
24A6	N7526E	CH7A
24A7	N7526F	CH7A
24A8	N7526G	C172
24AA	N7526J	P28R
24AC	N7526L	R44
24AD	N7526M	C175
24AE	N7526N	BE36
24AF	N7526P	R22
24B0	N7526Q	C310
24B3	N7526T	C172
24B6	N7526W	P28A
24B7	N7526X	C172
24BD	N75263	ST75
24C1	N75267	P32R
24C3	N75269	P28A
24CA	N7527F	CH7B
24CB	N7527G	R44
24CD	N7527J	P28R
24CE	N7527K	C180
24CF	N7527L	R44
24D0	N7527M	C175
24D1	N7527N	BE36
24D2	N7527P	PA24
24D4	N7527R	P28A
24D6	N7527T	C172
24D8	N7527V	C77R
24D9	N7527W	P28A
24DA	N7527X	C172
24DD	N75270	P28A
24DF	N75272	ST75
24E1	N75274	P28A
24E3	N75276	P28A
24E4	N75277	P28A
24E5	N75278	P28R
24E6	N75279	P32R
24E8	N7528A	MD82
24E9	N7528B	CH7A
24ED	N7528F	CH7B
24EE	N7528G	C172
24F0	N7528J	P28R
24F2	N7528L	R22
24F5	N7528P	PA18
24F7	N7528R	R44
24F8	N7528S	AEST
24FA	N7528U	R44
24FC	N7528W	P28A
24FD	N7528X	C172
24FE	N7528Y	PA30
24FF	N7528Z	R44
2500	N75280	L8
2503	N75283	EXEC
250C	N7529B	CH7A
2516	N7529M	R44
2517	N7529N	C182
2518	N7529P	R22
251A	N7529R	P28A
251D	N7529U	C172
251E	N7529V	R44
251F	N7529W	P28A
2520	N7529X	C172
2522	N7529Z	R22
2523	N75290	P28A
2525	N75292	P28A
252C	N75299	P32R
252D	N753	FBA2
252E	N753A	LJ45
2534	N753AF	DHC6
2538	N753AK	DHC3
253A	N753AM	AS50
253B	N753AN	B772
2540	N753AT	PA18
2542	N753AV	A319
2543	N753AW	BE20
2547	N753B	BE35
2548	N753BA	C208
254D	N753BF	EN48
2552	N753BL	TBM7
2560	N753C	P46T
2561	N753CA	TBM7
2564	N753CD	SR22
2568	N753CH	AS50
256E	N753CP	C82S
2571	N753CS	B752
2576	N753CX	B752
2578	N753CZ	COZY
2585	N753DM	BE58
258E	N753DW	M7
2592	N753E	AS50
2596	N753ED	EXEC
25A6	N753EV	CRJ7
25AC	N753FA	AT8T
25C1	N753FX	C208
25C4	N753G	AC11
25CD	N753GJ	C560
25D5	N753GS	BE9L
25D9	N753GW	C172
25F6	N753J	JAB4
25F8	N753JB	M20P
2607	N753JS	C25B
261D	N753KP	C208
2620	N753KS	P28R
2641	N753M	LNP4
2643	N753MB	C560
264E	N753MN	COL4
2656	N753MW	G109
265E	N753ND	P28A
266B	N753NS	H25B
2673	N753P	S76
2674	N753PA	SR22
2684	N753PS	S22T
269D	N753QS	CL35
26A6	N753RA	VTRA
26A7	N753RB	BE58
26AC	N753RG	SRAI
26AE	N753RJ	BL8
26B3	N753RP	CL30
26B9	N753RV	RV7
26C1	N753SC	C172
26C3	N753SE	GA8
26C8	N753SK	CRJ7
26C9	N753SL	B429
26CC	N753SP	PA24
26D0	N753ST	PULS
26D7	N753T	PA18
26E7	N753TR	SW4
2701	N753US	A319
2722	N753W	BE35
2725	N753WC	SS2T
2733	N753WS	T206
2744	N753XJ	C750
2788	N7530B	R44
2789	N7530C	R44
278A	N7530D	R22
278B	N7530E	R44
2790	N7530K	C180
2792	N7530M	R44
2795	N7530Q	C310
2797	N7530S	UH12
2798	N7530T	C172
2799	N7530U	R44
279A	N7530V	C77R
279B	N7530W	P28A
27A2	N75303	P28A
27A3	N75304	P28A
27A4	N75305	P28A
27A7	N75308	P28B
27A9	N7531	GLID
27AC	N7531C	ERCO
27AF	N7531F	CH7A
27B6	N7531N	C182
27B7	N7531P	PA24
27B8	N7531Q	C310
27B9	N7531R	P28A
27BB	N7531T	C172
27BE	N7531W	P28A
27C7	N75315	P28A
27CE	N7532B	CH7A
27D0	N7532D	R22
27D1	N7532E	CH7A
27D2	N7532F	CH7A
27D5	N7532J	P28R
27D6	N7532K	PA18
27D9	N7532N	T206
27DA	N7532P	PA24
27DC	N7532R	R22
27DD	N7532S	R22
27DE	N7532T	C172
27E1	N7532W	P28A
27E2	N7532X	C172
27E4	N7532Z	PA25
27E5	N75320	P28A
27E6	N75321	ST75
27E9	N75324	ST75
27EC	N75327	P28A
27ED	N75328	ST75
27EE	N75329	B14A
27F2	N7533C	PA32
27F3	N7533D	R22
27F6	N7533G	C150
27FD	N7533P	PA24
2800	N7533S	AEST
2801	N7533T	C172
2803	N7533V	C77R
2805	N7533X	C172
2806	N7533Y	PA30
2807	N7533Z	SA75
280A	N75332	P28A
280E	N75336	P28A
2814	N7534B	CH7A
2816	N7534D	R44
2817	N7534E	CH7A
281B	N7534J	P28R
281C	N7534K	PA18
281D	N7534L	R22
281E	N7534M	C175
2820	N7534P	PA24
2822	N7534R	P28A
2824	N7534T	C172
2826	N7534V	C77R
282B	N75340	P28R
282D	N75342	T6
2838	N7535C	ERCO
283A	N7535E	R22
283D	N7535H	PA12
283E	N7535J	P28R
283F	N7535K	PA18
2841	N7535M	C175
2845	N7535R	P28A
2847	N7535T	C172
2849	N7535V	C77R
284B	N7535X	C172
284C	N7535Y	PA30
284D	N7535Z	R22
2857	N75359	ST75
285A	N7536B	R22
285B	N7536C	ERCO
285D	N7536E	CH7A
2861	N7536J	P28R
2864	N7536M	C175
2865	N7536N	C182
286A	N7536T	C172
286C	N7536V	C77R
2876	N75365	CH7A
2877	N75366	J3
287A	N75369	CH7A
287B	N7537	GLID
287D	N7537B	CH7A
287E	N7537C	ERCO
2880	N7537E	CH7A
2882	N7537G	C182
2883	N7537H	PA12
2884	N7537J	P28R
2885	N7537K	PA18
2889	N7537P	PA24
288A	N7537Q	C310
288B	N7537R	P28A
288E	N7537U	HCAT
288F	N7537V	C77R
2890	N7537W	P28A
2892	N7537Y	PA30
2894	N75370	J3
2897	N75373	CH7A
289A	N75376	P28A
28A2	N7538D	PA22
28A4	N7538F	CH7B
28AC	N7538P	PA24
28B0	N7538T	C172
28B1	N7538U	C150
28B2	N7538V	C77R
28B4	N7538X	C172
28B5	N7538Y	PA30
28B7	N75380	CUCA
28B8	N75381	P28A
28B9	N75382	P28A
28BA	N75383	P28A
28BB	N75384	P28A
28BD	N75386	P28R
28BE	N75387	P32R
28C1	N7539	GLID
28C4	N7539C	ERCO
28C5	N7539D	PA22
28C6	N7539E	CH7A
28C7	N7539F	CH7B
28CD	N7539M	C175
28CE	N7539N	T206
28D3	N7539T	C172
28D4	N7539U	C150
28D6	N7539W	P28A
28D7	N7539X	C172
28D8	N7539Y	PA30
28DB	N75391	PA34
28DC	N75392	P28A
28E1	N75397	P32R
28E2	N75398	P32R
28E8	N754AC	BL8
28EA	N754AE	H25B
28EF	N754AK	PA12
28F1	N754AM	AS50
28F2	N754AN	B772
28FA	N754AW	B407
28FF	N754BA	R44
2902	N754BD	SC7
2907	N754BJ	AVID
290C	N754BP	PA11
2913	N754BW	P28A
2917	N754C	S108
2918	N754CA	BE20
2925	N754CP	C172
292D	N754CX	B752
2930	N754D	PA32
2939	N754DJ	SR22
293C	N754DM	LA4
2957	N754EP	CH75
295D	N754EV	CRJ7
2978	N754FX	C208
298D	N754GT	FB1A
2997	N754HC	BE36
29AD	N754J	JAB4
29B8	N754JL	F900
29BE	N754JS	C414
29C9	N754KC	C414
29D4	N754KP	C208
29E0	N754LA	AT8T
29F0	N754LS	PA11
29F9	N754MA	PA46
29FD	N754ME	C82S
2A00	N754MH	EN28
2A04	N754MM	F900
2A15	N754ND	P28A
2A2A	N754P	BE36
2A2D	N754PC	RV7
2A3B	N754PS	S22T
2A54	N754QS	CL35
2A5C	N754R	R44
2A5F	N754RC	RV12
2A62	N754RF	SR22
2A64	N754RH	R44
2A66	N754RK	RV9
2A6A	N754RP	LNC2
2A70	N754RV	RV7
2A75	N754S	RV7
2A7A	N754SE	GA8
2A7F	N754SK	CRJ7
2A81	N754SM	RBEL
2A83	N754SP	C172
2A85	N754SR	SR22
2A8A	N754SW	B737
2A8E	N754T	LGEZ
2A8F	N754TA	SONX
2AA3	N754TW	BE9L
2ABC	N754UW	A319
2ADA	N754WA	PA46
2B41	N7540D	PA22
2B42	N7540E	CH7A
2B43	N7540F	CH7B
2B44	N7540G	C172
2B4A	N7540N	BE33
2B4E	N7540S	T6
2B61	N7541A	MD82
2B62	N7541B	CH7A
2B63	N7541C	ERCO
2B72	N7541T	C172
2B75	N7541W	P28A
2B76	N7541X	C172
2B79	N75410	B739
2B80	N75417	RELI
2B86	N7542C	ERCO
2B8A	N7542G	C172
2B8C	N7542J	P28R
2B93	N7542R	P28A
2B94	N7542S	AEST
2B97	N7542V	C77R
2B98	N7542W	P28A
2B9A	N7542Y	PA30
2BA1	N75425	B739
2BA2	N75426	B739
2BA4	N75428	B739
2BA5	N75429	B739
2BA9	N7543C	ERCO
2BAA	N7543D	PA22
2BAB	N7543E	CH7A
2BAD	N7543G	C172
2BB2	N7543M	C175
2BB3	N7543N	BE36
2BB8	N7543T	C172
2BBA	N7543V	C172
2BBB	N7543W	P28A
2BC1	N75432	B739
2BC2	N75433	B739
2BC4	N75435	B739
2BC5	N75436	B739
2BC8	N75439	DFLY
2BCF	N7544F	CH7A
2BD2	N7544J	P28R
2BD9	N7544R	P28A
2BDA	N7544S	EXEC
2BDC	N7544U	SA7
2BDD	N7544V	C77R
2BDE	N7544W	P28A
2BDF	N7544X	C172
2BE3	N75441	ST75
2BEB	N75449	RV8
2BEC	N7545	GLID
2BEE	N7545B	CH7A
2BF3	N7545G	C172
2BF5	N7545J	P28R
2BF6	N7545K	PA18
2BF8	N7545M	C175
2BFA	N7545P	PA24
2BFC	N7545R	P28A
2C01	N7545W	P28A
2C0F	N7546	GLID
2C14	N7546E	CH7A
2C15	N7546F	CH7A
2C19	N7546K	P210
2C1B	N7546M	C175
2C26	N7546Y	PA30
2C2A	N75462	UH1
2C2B	N75463	FA62
2C32	N7547	GLID
2C33	N7547A	MD82
2C36	N7547D	PA22
2C39	N7547G	C172
2C3B	N7547J	P28R
2C3E	N7547M	C175
2C42	N7547R	P28A
2C44	N7547T	C172
2C47	N7547W	P28A
2C48	N7547X	C172
2C56	N7548A	MD82
2C58	N7548C	ERCO
2C5C	N7548G	C172
2C5E	N7548J	P28R
2C62	N7548N	BE36
2C63	N7548P	PA24
2C67	N7548T	C172
2C6A	N7548W	P28A
2C6B	N7548X	C172
2C6E	N75480	CJ6
2C6F	N75481	CJ6
2C71	N75483	CJ6
2C72	N75484	CJ6
2C73	N75485	CJ6
2C75	N75487	J3
2C79	N7549A	R44
2C7B	N7549C	ERCO
2C84	N7549M	C175
2C85	N7549N	BE36
2C86	N7549P	PA24
2C87	N7549Q	C421
2C88	N7549R	P28A
2C8D	N7549W	P28A
2C8E	N7549X	C172
2C9C	N755A	ASTR
2C9F	N755AC	C402
2CA1	N755AE	AS50
2CA2	N755AF	PC12
2CA6	N755AK	COZY
2CA8	N755AM	AS50
2CA9	N755AN	B772
2CAA	N755AP	BE58
2CB0	N755AV	A320
2CB6	N755BA	BE95
2CB8	N755BC	C421
2CBA	N755BE	P32R
2CBB	N755BF	EN28
2CBD	N755BH	GLIM
2CCA	N755BW	M20P
2CCE	N755C	SR22
2CCF	N755CA	P32R
2CD1	N755CC	C182
2CD2	N755CD	SR22
2CD5	N755CG	LNP4
2CD9	N755CL	LJ55
2CDA	N755CM	C210
2CDC	N755CP	SR22
2CDF	N755CS	B752
2CE0	N755CT	FDCT
2CE7	N755D	BE35
2CE9	N755DB	RV6
2CEE	N755DG	J3
2CF3	N755DM	TBM7
2CF9	N755DT	CH75
2CFC	N755DW	J3
2D00	N755E	B47G
2D05	N755EE	S22T
2D0C	N755EM	PC12
2D0E	N755EP	FBA2
2D14	N755EV	CRJ7
2D20	N755FG	PA46
2D25	N755FM	M20P
2D2F	N755FX	C208
2D32	N755G	P28A
2D33	N755GA	GA7
2D35	N755GC	CC11
2D36	N755GD	GA7C
2D3A	N755GH	BE58
2D3B	N755GJ	RV6
2D43	N755GS	SR22
2D44	N755GT	BE9L
2D4B	N755H	GLIM
2D4D	N755HB	C180
2D51	N755HF	PC12
2D5C	N755HS	SR22
2D64	N755J	JAB4
2D65	N755JA	PA34
2D67	N755JC	CH75
2D6B	N755JG	C56X
2D6F	N755JL	SR22
2D70	N755JM	DHC2
2D72	N755JP	ST75
2D74	N755JR	RV7
2D7D	N755K	PA18
2D8B	N755KP	C208
2D8D	N755KR	RV12
2DA1	N755LL	C680
2DAF	N755M	FOX
2DB0	N755MA	J3
2DB1	N755MB	SR22
2DB6	N755MG	J3
2DBB	N755MM	M5
2DCC	N755ND	P28A
2DE1	N755P	BE58
2DE2	N755PA	G280
2DEA	N755PJ	E55P
2DEC	N755PL	M700
2DED	N755PM	PC12
2DF1	N755PR	C172
2E0B	N755QS	CL35
2E13	N755R	BT36
2E16	N755RC	RV7
2E17	N755RD	EN28
2E1C	N755RJ	CH75
2E1D	N755RK	P32R
2E1F	N755RM	HROC
2E21	N755RP	BE95
2E2D	N755SA	B737
2E2E	N755SB	RV10
2E2F	N755SC	PA18
2E30	N755SD	FOX
2E34	N755SH	R22
2E36	N755SK	CRJ7
2E37	N755SL	B429
2E3A	N755SP	C172
2E41	N755SW	T210
2E44	N755SZ	EN48
2E45	N755T	BE35
2E4C	N755TG	C182
2E50	N755TL	CAMP
2E56	N755TS	C25C
2E57	N755TT	M20P
2E5B	N755TX	GLST
2E6F	N755US	A319
2E77	N755V	VELO
2E88	N755VS	PA32
2E90	N755W	C180
2EA9	N755X	BE35
2EC2	N755Y	BE35
2ED8	N755YX	E75L
2EDB	N755Z	GLIM
2EEB	N755ZR	TBM7
2EF3	N755ZZ	SR22
2EF4	N7550	MD82
2EF6	N7550B	CH7A
2EF8	N7550D	PA22
2EFB	N7550G	C172
2EFE	N7550K	PA18
2F01	N7550N	BE36
2F04	N7550R	P28A
2F05	N7550S	AEST
2F06	N7550T	C172
2F08	N7550V	C77R
2F09	N7550W	P28A
2F14	N75507	YK52
2F17	N7551	C180
2F19	N7551B	CH7A
2F1E	N7551G	C172
2F1F	N7551H	PA12
2F20	N7551J	P28R
2F21	N7551K	C180
2F22	N7551L	PA18
2F28	N7551S	C182
2F29	N7551T	P51
2F2D	N7551X	C172
2F2E	N7551Y	PA30
2F2F	N7551Z	T206
2F33	N75513	C172
2F35	N75515	C172
2F36	N75516	C172
2F38	N75518	C172
2F3D	N7552C	ERCO
2F3F	N7552E	CH7A
2F48	N7552P	PA24
2F49	N7552Q	C310
2F4C	N7552T	C172
2F4F	N7552W	P28A
2F52	N7552Z	EUPA
2F53	N75520	ST75
2F55	N75522	C172
2F58	N75525	ST75
2F5C	N75529	C172
2F5D	N7553	CTAH
2F5F	N7553B	C152
2F60	N7553C	ERCO
2F62	N7553E	C172
2F66	N7553J	P28R
2F67	N7553K	C180
2F68	N7553L	PA31
2F6D	N7553R	P28A
2F6E	N7553S	C182
2F70	N7553U	TEX2
2F72	N7553W	P28A
2F77	N75531	C172
2F78	N75532	C172
2F7B	N75535	C172
2F7C	N75536	C172
2F7D	N75537	C172
2F7E	N75538	C172
2F86	N7554F	CH7B
2F8F	N7554Q	C310
2F91	N7554S	C182
2F93	N7554U	TEX2
2F94	N7554V	C77R
2F95	N7554W	P28A
2F9D	N75544	BE17
2F9F	N75546	ST75
2FA1	N75548	C172
2FA2	N75549	C172
2FA3	N7555	GLID
2FA7	N7555D	PA22
2FA8	N7555E	CH7A
2FAA	N7555G	C172
2FAB	N7555H	C82R
2FAC	N7555J	P28R
2FAD	N7555K	PA18
2FAF	N7555M	C175
2FB0	N7555N	BE33
2FB7	N7555V	C77R
2FBA	N7555Y	PA30
2FC1	N75555	C172
2FC5	N75559	C172
2FC8	N7556B	CH7A
2FC9	N7556C	ERCO
2FCC	N7556F	CH7A
2FCD	N7556G	C172
2FCF	N7556J	P28R
2FD3	N7556N	C182
2FD5	N7556Q	C310
2FD7	N7556S	C182
2FD8	N7556T	C172
2FDA	N7556V	C77R
2FDB	N7556W	P28A
2FDE	N7556Z	PA25
2FE4	N75565	C172
2FE5	N75566	C172
2FE6	N75567	ST75
2FE8	N75569	ST75
2FEB	N7557B	CH7A
2FEC	N7557C	ERCO
2FED	N7557D	PA22
2FF0	N7557G	C172
2FF5	N7557M	C175
2FF8	N7557Q	C421
2FFA	N7557S	C182
2FFB	N7557T	C82R
2FFD	N7557V	C77R
2FFE	N7557W	P28A
2FFF	N7557X	C82R
3003	N75571	C172
3004	N75572	C172
3007	N75575	C172
3009	N75577	ST75
300C	N7558	GLID
300E	N7558B	CH7A
3010	N7558D	PA22
3012	N7558F	CH7B
3014	N7558H	C185
3016	N7558K	PA18
3017	N7558L	C152
3018	N7558M	C175
3019	N7558N	C182
301A	N7558P	PA24
301C	N7558R	P28A
301D	N7558S	C182
3020	N7558V	C77R
302B	N75586	C172
302C	N75587	C172
302D	N75588	C172
3032	N7559C	ERCO
3033	N7559D	PA22
3034	N7559E	CH7A
3036	N7559G	C172
3038	N7559J	P28R
3039	N7559K	P210
303B	N7559M	C175
303D	N7559P	PA18
303F	N7559R	P28A
3040	N7559S	C182
3042	N7559U	C150
3043	N7559V	C77R
3044	N7559W	P28A
3048	N75590	C172
3049	N75591	C172
304E	N75596	C172
3050	N75598	C172
3051	N75599	DG15
3053	N756A	PA44
3054	N756AA	BE35
3056	N756AC	CH75
3059	N756AF	AVID
305B	N756AH	T206
305E	N756AL	C182
305F	N756AM	B772
3060	N756AN	T206
3063	N756AR	C82R
3067	N756AV	T206
3068	N756AW	C172
306E	N756BB	T206
306F	N756BC	C82R
3079	N756BN	T206
3083	N756BY	T206
3086	N756CA	B744
3088	N756CC	C182
3089	N756CD	C82S
308F	N756CK	C182
3090	N756CL	T206
3091	N756CM	CL60
3093	N756CP	C82R
3095	N756CR	T206
3097	N756CT	T206
309B	N756CX	C182
309D	N756CZ	C182
30A2	N756DD	C82S
30A4	N756DF	RV6
30A6	N756DH	T206
30A7	N756DJ	T206
30A8	N756DK	T206
30A9	N756DL	T206
30AA	N756DM	PULS
30AB	N756DN	T206
30AD	N756DQ	T206
30AF	N756DS	DA40
30B1	N756DU	T206
30B3	N756DW	T206
30B9	N756EB	C82R
30BD	N756EF	C82R
30BE	N756EG	C182
30C0	N756EJ	T206
30C3	N756EM	C82R
30C4	N756EN	T206
30C9	N756ET	C185
30CA	N756EU	C82R
30CB	N756EV	C182
30CE	N756EY	T206
30CF	N756EZ	C182
30D0	N756F	T206
30D3	N756FC	C182
30DC	N756FM	T206
30DD	N756FN	T206
30E3	N756FU	T206
30E6	N756FX	C208
30E8	N756FZ	C182
30E9	N756G	P28A
30EA	N756GA	CH64
30EB	N756GB	SR22
30ED	N756GD	GA7C
30EE	N756GE	C182
30EF	N756GF	T206
30F4	N756GL	C182
30FE	N756GW	T206
3100	N756GY	C82R
3101	N756GZ	C182
3102	N756H	EN28
3103	N756HA	CL35
3105	N756HC	T206
3111	N756HQ	T206
3112	N756HR	T206
3115	N756HU	T206
3116	N756HV	C182
311C	N756JA	T206
311D	N756JB	C182
311E	N756JC	T206
3122	N756JG	T206
3126	N756JL	C182
3129	N756JP	C182
312B	N756JR	C82R
312C	N756JS	C182
312D	N756JT	T206
312F	N756JV	C82R
3132	N756JY	C182
3133	N756JZ	T206
3137	N756KC	T206
3142	N756KP	T206
3145	N756KS	C182
3148	N756KV	C182
314C	N756KZ	C82R
314E	N756LA	AT5T
314F	N756LB	GLF6
3150	N756LC	T206
3153	N756LF	A119
315C	N756LQ	C182
315D	N756LR	C82R
3166	N756M	C82S
3167	N756MA	T206
316E	N756MH	C82R
3173	N756MN	C82R
3174	N756MP	T206
3176	N756MR	T206
317D	N756MY	T206
317E	N756MZ	T206
3183	N756ND	T206
3186	N756NG	T206
318D	N756NP	C182
3196	N756NY	C182
319A	N756PB	C82R
319E	N756PF	T206
31A2	N756PK	C182
31A3	N756PL	C82R
31A6	N756PP	C82R
31AF	N756PY	T206
31B8	N756QG	T206
31BB	N756QK	C82R
31BC	N756QL	T206
31BF	N756QP	T206
31C2	N756QS	CL35
31C5	N756QV	T206
31C7	N756QX	C82R
31CA	N756R	GLST
31CB	N756RA	C82R
31D0	N756RF	C82R
31D7	N756RN	C182
31D8	N756RP	C182
31DB	N756RS	T206
31DE	N756RV	C182
31DF	N756RW	C182
31E3	N756S	RV7
31E8	N756SE	C182
31EA	N756SG	T206
31EC	N756SJ	GA5C
31ED	N756SK	CRJ7
31EE	N756SL	T206
31F1	N756SP	C172
31F8	N756SW	C182
31FC	N756T	BE35
31FE	N756TB	M20P
31FF	N756TC	C182
3203	N756TG	CL30
3204	N756TH	T206
3206	N756TK	C82R
3207	N756TL	C182
320C	N756TR	C82R
320D	N756TS	RV12
320F	N756TU	C182
3211	N756TW	TBM7
3217	N756UB	C182
3218	N756UC	C182
321A	N756UE	C182
321D	N756UH	C182
321E	N756UJ	T206
321F	N756UK	T206
3226	N756US	A319
322A	N756UW	T206
322E	N756V	FLE7
3231	N756VC	T206
3233	N756VE	C182
3236	N756VH	C82R
323A	N756VM	PC12
323C	N756VP	C182
323F	N756VS	C182
3247	N756W	RV6
3248	N756WA	C82R
3249	N756WB	C82R
324C	N756WE	C182
324E	N756WG	T206
3250	N756WJ	T206
3257	N756WR	T206
3259	N756WT	BE35
325B	N756WV	C182
325C	N756WW	C182
3265	N756XE	T206
3266	N756XF	C182
326C	N756XM	C182
326E	N756XP	C182
3275	N756XW	C82R
3277	N756XY	T206
327C	N756YC	T206
327D	N756YD	T206
3284	N756YL	C182
3285	N756YM	C82R
328A	N756YS	T206
328F	N756YX	E75L
3295	N756ZC	C182
3296	N756ZD	T206
329A	N756ZH	T206
329D	N756ZL	C82R
329F	N756ZN	C82R
32A6	N756ZV	T206
32A7	N756ZW	C82R
32A9	N756ZY	C82R
32AA	N756ZZ	C82R
32AF	N7560D	C172
32B1	N7560F	CH7A
32B2	N7560G	C150
32B3	N7560H	C185
32B4	N7560J	P28R
32B5	N7560K	C180
32B7	N7560M	C175
32B9	N7560P	PA24
32BC	N7560S	C182
32BD	N7560T	C172
32C1	N7560X	C172
32C2	N7560Y	PA30
32C4	N75600	C172
32C5	N75601	C172
32C6	N75602	C172
32C7	N75603	C172
32C9	N75605	C172
32CC	N75608	C172
32D0	N7561B	CH7A
32D2	N7561D	PA18
32D3	N7561E	C172
32D4	N7561F	CH7A
32D5	N7561G	C172
32D6	N7561H	PA12
32D8	N7561K	PA18
32D9	N7561L	HUSK
32DB	N7561N	T206
32DC	N7561P	PA24
32DF	N7561S	C182
32E3	N7561W	P28A
32E4	N7561X	C82R
32E5	N7561Y	PA30
32E8	N75611	C172
32E9	N75612	C172
32EA	N75613	ST75
32EB	N75614	BE17
32F0	N75619	CH70
32F3	N7562B	C152
32F4	N7562C	ERCO
32F5	N7562D	PA18
32F7	N7562F	C172
32F8	N7562G	C172
32F9	N7562H	PA12
32FA	N7562J	P28R
32FC	N7562L	COY2
3300	N7562Q	C185
3301	N7562R	P28A
3302	N7562S	C182
3303	N7562T	C172
3304	N7562U	C150
3308	N7562Y	PA30
330A	N75620	C172
330B	N75621	C172
330D	N75623	ST75
3310	N75626	C172
3312	N75628	C172
3314	N7563	KR31
331A	N7563F	CH7A
331B	N7563G	C172
331D	N7563J	P28R
3324	N7563R	P28A
3325	N7563S	C182
3326	N7563T	C172
3329	N7563W	S61
332A	N7563X	C172
332D	N75630	RS12
332E	N75631	ST75
3330	N75633	C172
3332	N75635	C172
3335	N75638	ST75
3336	N75639	ST75
3339	N7564B	CH7A
333B	N7564D	PA18
333C	N7564E	C172
333E	N7564G	C172
333F	N7564H	C185
3340	N7564J	P28R
3341	N7564K	PA18
3343	N7564M	C175
3346	N7564Q	C310
3349	N7564T	C172
334A	N7564U	C150
334D	N7564X	C172
3353	N75643	C172
3355	N75645	ST75
3357	N75647	ST75
3359	N75649	C172
335A	N7565	GLID
335E	N7565D	C172
335F	N7565E	CH7A
3361	N7565G	C172
3362	N7565H	C185
3363	N7565J	P28R
3364	N7565K	PA18
3366	N7565M	C175
3368	N7565P	PA24
336A	N7565R	P28A
336C	N7565T	C172
336E	N7565V	C77R
336F	N7565W	P28A
3370	N7565X	C82R
3371	N7565Y	PA30
3373	N75650	ST75
3378	N75655	C172
337A	N75657	ST75
337D	N7566	GLID
3380	N7566C	ERCO
3382	N7566E	CH7A
3384	N7566G	C172
3387	N7566K	PA18
338A	N7566N	C182
338B	N7566P	PA24
338D	N7566R	P28A
338E	N7566S	C182
338F	N7566T	C172
3392	N7566W	P28A
3393	N7566X	C172
3394	N7566Y	PA30
3398	N75662	ST75
339B	N75665	ST75
339E	N75668	ST75
339F	N75669	ST75
33A2	N7567B	CH7A
33A3	N7567C	ERCO
33A5	N7567E	CH7A
33A6	N7567F	CH7A
33A7	N7567G	C172
33A9	N7567J	P28R
33AA	N7567K	P210
33AD	N7567N	T210
33AE	N7567P	PA24
33AF	N7567Q	T206
33B0	N7567R	P28A
33BB	N75672	ST75
33BC	N75673	ST75
33BD	N75674	ST75
33BE	N75675	ST75
33C6	N7568C	ERCO
33C8	N7568E	CH7A
33C9	N7568F	CH7B
33CC	N7568J	P28R
33CF	N7568M	T210
33D1	N7568P	PA24
33D2	N7568Q	C310
33D4	N7568S	C182
33D5	N7568T	C82R
33D7	N7568V	C77R
33D9	N7568X	C172
33DA	N7568Y	C82R
33DC	N75680	ST75
33DE	N75682	C207
33DF	N75683	ST75
33E1	N75685	ST75
33E2	N75686	ST75
33E5	N75689	ST75
33E6	N7569	GLID
33E7	N7569A	EVOP
33E9	N7569C	ERCO
33EA	N7569D	PA18
33EB	N7569E	CH7A
33EC	N7569F	CH7A
33ED	N7569G	C172
33EE	N7569H	PA12
33F3	N7569N	T206
33F4	N7569P	PA24
33F7	N7569S	C182
33F8	N7569T	C172
33FA	N7569V	C77R
33FF	N75690	ST75
3401	N75692	ST75
3403	N75694	ST75
3405	N75696	ST75
3406	N75697	ST75
3407	N75698	GLID
3409	N757	C185
340A	N757A	B752
340B	N757AA	C152
340C	N757AB	C152
340E	N757AD	C152
3410	N757AF	B752
3412	N757AH	C152
3413	N757AJ	C152
3414	N757AK	PA18
3416	N757AM	BE36
3417	N757AN	B772
3418	N757AP	BE24
341C	N757AT	B350
341E	N757AV	CRJ2
341F	N757AW	C68A
3421	N757AY	C152
3422	N757AZ	C152
3423	N757B	M20P
3424	N757BA	BE9L
3425	N757BB	C152
3428	N757BE	C152
3429	N757BF	C152
342A	N757BG	C82R
342B	N757BH	SA30
342D	N757BK	C152
3431	N757BP	C82R
3434	N757BS	C152
3435	N757BT	PC12
3437	N757BV	C152
3438	N757BW	C152
343C	N757C	GLST
343D	N757CA	C310
343F	N757CC	CL35
3445	N757CJ	B752
344A	N757CP	C25A
344B	N757CQ	C152
344C	N757CR	C182
344D	N757CS	C152
344E	N757CT	C152
3455	N757D	BE35
3456	N757DA	C152
3457	N757DB	BE95
3458	N757DC	C82R
3459	N757DD	AC50
345A	N757DE	C152
345B	N757DF	C152
345C	N757DG	C82R
345E	N757DJ	C180
345F	N757DK	RV7
3460	N757DL	M20P
3461	N757DM	RF10
3464	N757DQ	C152
3466	N757DS	PA12
3467	N757DT	C152
3476	N757EH	C152
3477	N757EJ	BL8
347B	N757EN	C152
347E	N757ER	BE35
3481	N757EU	C182
3482	N757EV	C152
3483	N757EW	C152
3484	N757EX	C152
3486	N757EZ	C182
3487	N757F	BE36
348A	N757FC	C152
348B	N757FD	C152
348C	N757FE	C152
348F	N757FH	C152
3490	N757FJ	C152
3491	N757FK	DR1
3496	N757FQ	C152
349D	N757FX	C408
34AD	N757GN	C152
34AF	N757GQ	C152
34B0	N757GR	LNCE
34B2	N757GT	C82R
34B4	N757GV	LNC2
34B5	N757GW	BE20
34B6	N757GX	C152
34BA	N757HA	C152
34BC	N757HC	C152
34BE	N757HE	C152
34BF	N757HF	C182
34C1	N757HH	C152
34C5	N757HM	C152
34C9	N757HR	HROC
34CA	N757HS	C82R
34CD	N757HV	C152
34CE	N757HW	B752
34D0	N757HY	C152
34D1	N757HZ	BE35
34D2	N757J	CH7B
34D3	N757JA	COY2
34D5	N757JC	H25B
34D6	N757JD	C152
34D8	N757JF	C182
34D9	N757JG	C152
34DB	N757JJ	C152
34DC	N757JK	C152
34DD	N757JL	C182
34E3	N757JS	C25B
34E4	N757JT	T6
34E6	N757JV	PA18
34E7	N757JW	C82R
34E8	N757JX	C152
34E9	N757JY	C152
34EB	N757K	T28
34ED	N757KB	RV7
34F1	N757KF	C152
34F7	N757KM	C152
34F9	N757KP	P28A
34FC	N757KS	C152
3501	N757KX	C152
3504	N757L	RV6
3506	N757LB	C152
3507	N757LC	J3
350A	N757LF	T6
350B	N757LG	C152
350C	N757LH	RV8
350E	N757LK	C182
3510	N757LM	C152
3511	N757LN	C152
3512	N757LP	C152
3518	N757LV	B737
351B	N757LY	C152
351E	N757MA	B752
3520	N757MC	GLF4
3521	N757MD	RV7
3524	N757MG	C152
3525	N757MH	PC24
3527	N757MK	C172
3528	N757ML	BL8
3529	N757MM	C152
352B	N757MP	C152
352E	N757MS	C152
3533	N757MX	SRAI
3534	N757MY	C152
3536	N757N	GLID
3537	N757NA	GLIM
353D	N757NG	C152
353F	N757NJ	C152
3543	N757NN	C152
3545	N757NQ	C152
354F	N757P	PA24
3550	N757PA	BE58
3552	N757PC	C25B
3553	N757PD	C182
3554	N757PE	C182
355D	N757PP	C152
3560	N757PS	CJ6
3561	N757PT	C152
3562	N757PU	C82R
356A	N757QB	C152
3570	N757QH	C152
3571	N757QJ	C152
3574	N757QM	B752
3577	N757QQ	C152
3579	N757QS	CL35
357A	N757QT	C182
357C	N757QV	C152
3581	N757R	C182
3582	N757RA	C152
3583	N757RB	T206
3584	N757RC	AEST
3588	N757RG	RV7
3589	N757RH	C421
358A	N757RJ	C182
358B	N757RK	BE20
358C	N757RL	C152
358F	N757RP	C152
3591	N757RR	GLF6
3593	N757RT	C152
3598	N757RY	C182
3599	N757RZ	C152
359D	N757SC	C152
359E	N757SD	C152
35A0	N757SF	L39
35A9	N757SQ	C182
35AB	N757SS	B752
35AC	N757ST	C152
35AF	N757SW	C152
35B3	N757T	LGEZ
35B4	N757TA	C152
35B5	N757TB	H500
35B7	N757TD	C152
35BB	N757TH	C152
35BE	N757TL	C152
35BF	N757TM	PA18
35C1	N757TP	RS12
35C3	N757TR	C560
35C4	N757TS	PC12
35C5	N757TT	PA46
35C7	N757TV	C152
35C8	N757TW	RV6
35CC	N757U	M20P
35D0	N757UD	C152
35D2	N757UF	C152
35D3	N757UG	PA32
35DC	N757UR	C152
35DD	N757US	CH7B
35DE	N757UT	C152
35E1	N757UW	A319
35E4	N757UZ	C152
35EE	N757VJ	C152
35EF	N757VK	C152
35F9	N757VV	C152
35FA	N757VW	C152
35FC	N757VY	C82R
35FE	N757W	RV8
3600	N757WB	C182
360C	N757WP	C152
3610	N757WT	C182
3617	N757X	RV7
361B	N757XD	C182
361E	N757XG	C152
361F	N757XH	C152
3620	N757XJ	C750
362A	N757XU	C82R
362C	N757XW	C152
362E	N757XY	C152
3631	N757YA	C152
3637	N757YG	C82R
3638	N757YH	C152
363A	N757YK	C152
363C	N757YM	C152
3641	N757YS	C152
3643	N757YU	C152
3646	N757YX	E75L
3649	N757Z	TAIL
364A	N757ZA	C152
364F	N757ZF	C152
3656	N757ZN	C152
3659	N757ZR	C152
365A	N757ZS	C152
365B	N757ZT	C152
365C	N757ZU	C152
3661	N757ZZ	C82R
3663	N7570A	C152
3665	N7570C	ERCO
3667	N7570E	CH7A
3668	N7570F	CH7A
366A	N7570H	PA12
366B	N7570J	P28R
366C	N7570K	PA18
366E	N7570M	C175
366F	N7570N	C182
3670	N7570P	PA24
3673	N7570S	C182
3674	N7570T	J3
3677	N7570W	P28A
3678	N7570X	C172
3679	N7570Y	C82R
367A	N7570Z	PA25
367C	N75701	C172
367F	N75704	C172
3681	N75706	C172
3682	N75707	UH1
3683	N75708	J3
3684	N75709	C172
3687	N7571B	CH7A
3689	N7571D	PA18
368A	N7571E	C172
368C	N7571G	C172
368D	N7571H	PA12
3692	N7571N	C182
3693	N7571P	PA24
3696	N7571S	C182
3697	N7571T	C82R
3698	N77787	C525
3699	N7571V	C77R
369A	N7571W	C82R
369B	N7571X	C172
369C	N7571Y	PA30
369E	N75710	C172
369F	N75711	C172
36A0	N75712	C172
36A2	N75714	C172
36A4	N75716	C172
36A8	N7572	T6
36AD	N7572E	CH7B
36AE	N7572F	CH7A
36B0	N7572H	PA12
36BA	N7572T	C172
36BB	N7572U	C150
36BC	N7572V	C77R
36BF	N7572Y	PA30
36C2	N75721	C172
36C3	N75722	C172
36C5	N75724	C172
36C7	N75726	C172
36C8	N75727	C172
36CE	N7573C	ERCO
36D1	N7573F	CH7A
36D2	N7573G	C172
36D3	N7573H	PA12
36D5	N7573K	PA18
36D7	N7573M	C175
36D9	N7573P	PA24
36DA	N7573Q	C185
36DB	N7573R	P28A
36DC	N7573S	C182
36DD	N7573T	C172
36DF	N7573V	C77R
36E2	N7573Y	PA30
36E5	N75731	C172
36E7	N75733	C172
36ED	N75739	C172
36EE	N7574	B47G
36F0	N7574B	CH7A
36F2	N7574D	PA18
36F3	N7574E	CH7B
36F4	N7574F	CH7B
36F6	N7574H	PA12
36F7	N7574J	P28R
36F8	N7574K	PA18
36FA	N7574M	C175
36FB	N7574N	C185
36FC	N7574P	PA18
36FE	N7574R	P28A
36FF	N7574S	C182
3700	N7574T	C172
3702	N7574V	C77R
3704	N7574X	C172
3705	N7574Y	PA30
3707	N75740	C172
370A	N75743	C172
370D	N75746	C172
3710	N75749	C172
3711	N7575	B47G
3717	N7575F	EXEC
3718	N7575G	C172
3719	N7575H	C185
371A	N7575J	P28R
371B	N7575K	PA18
371F	N7575P	PA24
3722	N7575S	B06
3725	N7575V	C77R
372E	N75754	C172
3732	N75758	ST75
3733	N75759	C172
3734	N7576	B47G
3736	N7576B	CH7A
3738	N7576D	PA18
3739	N7576E	CH7A
373A	N7576F	CH7B
373C	N7576H	PA12
373D	N7576J	P28R
373E	N7576K	PA18
3740	N7576M	C175
3741	N7576N	T206
3742	N7576P	PA24
3746	N7576T	C172
3747	N7576U	C150
3749	N7576W	P28A
374B	N7576Y	PA23
374E	N75761	ST75
374F	N75762	C172
3753	N75766	J3
3754	N75767	J3
3757	N7577	GLID
3759	N7577B	CH7A
375B	N7577D	PA18
375C	N7577E	CH7A
375E	N7577G	C172
3760	N7577J	P28R
3763	N7577M	C175
3764	N7577N	C182
3765	N7577P	PA24
3768	N7577S	C182
3769	N7577T	C172
376B	N7577V	C77R
376D	N7577X	C172
376E	N7577Y	PA30
3770	N75770	C172
3771	N75771	C172
3772	N75772	J3
3773	N75773	C207
3774	N75774	C172
3775	N75775	C172
3776	N75776	C172
3777	N75777	J3
3778	N75778	C172
377A	N7578	B47G
377B	N7578A	S22T
377C	N7578B	SR22
3781	N7578G	C172
3783	N7578J	P28R
3784	N7578K	C25B
3786	N7578M	C175
3788	N7578P	PA24
378A	N7578R	P28A
378B	N7578S	C182
378C	N7578T	C82R
378E	N7578V	C77R
378F	N7578W	P28A
3790	N7578X	C172
3792	N7578Z	PA25
3799	N75786	C172
379B	N75788	C172
379D	N7579	B47G
379F	N7579B	CH7A
37A1	N7579D	PA18
37A2	N7579E	CH7A
37A5	N7579H	PA12
37A9	N7579M	C175
37AF	N7579T	C82R
37B1	N7579V	C77R
37B5	N7579Z	PA25
37B6	N75790	C172
37B7	N75791	C172
37B9	N75793	C172
37BA	N75794	C172
37BB	N75795	C172
37BD	N75797	C172
37BE	N75798	COY2
37BF	N75799	C172
37C0	N758	K100
37C1	N758A	LJ45
37C2	N758AA	C172
37C3	N758AB	C172
37C4	N758AC	S58T
37C7	N758AF	C172
37C8	N758AG	SR22
37CA	N758AJ	C172
37CB	N758AK	C172
37CC	N758AL	C172
37CD	N758AM	C172
37CE	N758AN	B772
37CF	N758AP	C172
37D1	N758AR	C172
37D2	N758AS	PA34
37D3	N758AT	B350
37D9	N758AZ	M7
37DA	N758B	BE58
37DB	N758BA	C172
37DC	N758BB	J3
37DE	N758BD	C172
37E2	N758BH	C172
37E4	N758BK	C172
37E9	N758BQ	C172
37EC	N758BT	C172
37EE	N758BV	C172
37EF	N758BW	C172
37F1	N758BY	C172
37F3	N758C	BE58
37F5	N758CB	C172
37F6	N758CC	CL60
37F7	N758CD	SR22
37F8	N758CE	C172
37F9	N758CF	C172
37FF	N758CM	C172
3801	N758CP	C172
3802	N758CQ	C172
3804	N758CS	C172
3808	N758CW	C172
380F	N758DC	C310
3811	N758DE	C172
3813	N758DG	C172
3814	N758DH	C172
381A	N758DP	C172
381B	N758DQ	C172
381C	N758DR	C172
381E	N758DT	C172
3820	N758DV	C172
3821	N758DW	C172
3824	N758DZ	C172
382A	N758EE	C172
382C	N758EG	C172
382E	N758EJ	C172
3832	N758EN	C172
3835	N758ER	B06
3836	N758ES	C172
3839	N758EV	CRJ7
383C	N758EY	C172
383E	N758F	T206
383F	N758FA	C172
3842	N758FD	C172
3843	N758FE	C172
3844	N758FF	C172
3846	N758FH	C172
3848	N758FK	C172
384A	N758FM	C172
384E	N758FR	C172
3851	N758FU	C172
3852	N758FV	C172
3853	N758FW	C172
3854	N758FX	C408
3856	N758FZ	C172
3859	N758GB	C172
385A	N758GC	C172
385D	N758GF	C172
385F	N758GH	GLST
3870	N758H	WAIX
3871	N758HA	C172
3873	N758HC	C172
387A	N758HK	C172
387B	N758HL	C172
387C	N758HM	C172
3881	N758HS	C172
3882	N758HT	C172
3884	N758HV	C172
3889	N758J	JAB4
388A	N758JA	LJ35
388B	N758JB	C172
388D	N758JD	C172
3890	N758JG	C172
3897	N758JP	T206
3899	N758JR	C172
389A	N758JS	C172
389B	N758JT	C172
38A1	N758JZ	C172
38A2	N758K	BE65
38A5	N758KC	C172
38A8	N758KF	C172
38AE	N758KM	C172
38B2	N758KR	C172
38B6	N758KV	C172
38BE	N758LC	C172
38C0	N758LE	C172
38C4	N758LJ	C172
38C7	N758LM	C172
38C8	N758LN	C172
38C9	N758LP	C172
38CB	N758LR	C172
38CC	N758LS	C172
38D0	N758LW	C172
38D2	N758LY	C172
38DB	N758MG	C68A
38DC	N758MH	C172
38DD	N758MJ	GLST
38DF	N758ML	C172
38E0	N758MM	EC55
38E1	N758MN	C172
38E2	N758MP	C172
38E3	N758MQ	C172
38E5	N758MS	C172
38E6	N758MT	C172
38E8	N758MV	C172
38E9	N758MW	C172
38EB	N758MY	C172
38EC	N758MZ	C172
38EE	N758NA	C172
38EF	N758NB	C172
38F0	N758NC	C172
38F1	N758ND	C172
38F3	N758NF	C172
38F6	N758NJ	C172
38F8	N758NL	C172
3901	N758NV	C172
3904	N758NY	C172
3906	N758P	BE58
3907	N758PA	C152
3909	N758PC	PC12
390A	N758PD	C172
390B	N758PE	C172
390E	N758PH	C172
3910	N758PK	C172
3912	N758PM	FA7X
3913	N758PN	C172
391A	N758PV	C172
391C	N758PX	C172
391E	N758PZ	C172
3922	N758QC	C172
3923	N758QD	PC12
3924	N758QE	C172
392C	N758QN	C172
392D	N758QP	C172
3930	N758QS	CL35
3933	N758QV	C172
3935	N758QX	C172
3936	N758QY	C172
3937	N758QZ	C172
393B	N758RC	C172
3941	N758RJ	C172
3943	N758RL	C172
3945	N758RN	C172
3949	N758RS	C172
394C	N758RV	C172
394E	N758RX	C172
3957	N758SF	C172
395B	N758SK	CRJ7
395C	N758SL	C550
395F	N758SP	C680
3962	N758SS	B752
3966	N758SW	B737
3968	N758SY	C172
396A	N758T	RV8
396B	N758TA	C172
3973	N758TJ	C172
3974	N758TK	C172
3977	N758TN	C172
397B	N758TS	C172
397C	N758TT	C172
397E	N758TV	C172
3980	N758TX	C172
3981	N758TY	C172
3986	N758UC	C172
398B	N758UH	C172
3994	N758US	A319
39AA	N758VP	C172
39AD	N758VS	C172
39AF	N758VU	C172
39B1	N758VW	C172
39B7	N758WB	C172
39BA	N758WE	GLID
39C3	N758WP	BE58
39CA	N758WW	P46T
39D0	N758XB	C172
39DF	N758XS	C172
39E3	N758XW	C172
39E6	N758XZ	C172
39F8	N758YS	C152
39F9	N758YT	C152
39FD	N758YX	E75L
3A19	N7580	S22T
3A1B	N7580B	C208
3A1C	N7580C	CH65
3A1E	N7580E	CH7A
3A21	N7580H	PA12
3A23	N7580K	PA18
3A26	N7580N	C182
3A27	N7580P	PA24
3A2B	N7580T	C82R
3A2D	N7580V	C77R
3A2F	N7580X	C172
3A30	N7580Y	PA18
3A32	N75800	ST75
3A33	N75801	C172
3A35	N75803	C172
3A36	N75804	ST75
3A37	N75805	C172
3A38	N75806	C172
3A39	N75807	C172
3A3A	N75808	ST75
3A3B	N75809	C172
3A40	N7581D	PA18
3A42	N7581F	C208
3A43	N7581G	C172
3A44	N7581H	PA12
3A46	N7581K	PA18
3A47	N7581L	PA18
3A4D	N7581S	C182
3A50	N7581V	C77R
3A51	N7581W	P28A
3A56	N75811	ST75
3A5B	N75816	C172
3A5C	N75817	ST75
3A5F	N7582	GLID
3A65	N7582F	CH7A
3A66	N7582G	C172
3A67	N7582H	C82R
3A69	N7582K	C180
3A71	N7582T	C172
3A73	N7582V	C77R
3A74	N7582W	P28A
3A75	N7582X	C172
3A78	N75820	C172
3A7A	N75822	C172
3A7B	N75823	C172
3A7C	N75824	C172
3A7D	N75825	C172
3A81	N75829	C172
3A82	N7583	GLID
3A84	N7583B	CH7A
3A85	N7583C	BE35
3A86	N7583D	PA18
3A88	N7583F	CH7A
3A89	N7583G	C172
3A8C	N7583K	C180
3A92	N7583R	P28A
3A93	N7583S	C182
3A95	N7583U	C150
3A97	N7583W	C82R
3A98	N7583X	C172
3A99	N7583Y	PA30
3A9C	N75831	C172
3A9E	N75833	C172
3AA2	N75837	C172
3AA3	N75838	C172
3AA4	N75839	C172
3AA9	N7584D	BE60
3AAC	N7584G	GL7T
3AAD	N7584H	C82S
3AAE	N7584J	P28R
3AB1	N7584M	C175
3AB2	N7584N	T206
3AB4	N7584Q	C310
3AB5	N7584R	P28A
3AB6	N7584S	C182
3ABC	N7584Y	C82R
3ABE	N75840	C172
3AC0	N75842	C172
3AC2	N75844	C172
3AC3	N75845	C172
3AC4	N75846	C172
3AC5	N75847	ST75
3AC6	N75848	ST75
3AC7	N75849	ST75
3AC8	N7585	ST75
3ACA	N7585B	CH7A
3ACC	N7585D	PA18
3ACD	N7585E	C82R
3ACF	N7585G	C172
3AD0	N7585H	PA12
3AD1	N7585J	P28R
3AD2	N7585K	PA18
3AD6	N7585P	PA24
3AD8	N7585R	P28A
3AD9	N7585S	C182
3ADA	N7585T	C172
3ADB	N7585U	C150
3ADC	N7585V	C77R
3ADD	N7585W	P28A
3AE1	N75850	ST75
3AE2	N75851	B753
3AE4	N75853	B753
3AE5	N75854	B753
3AE6	N75855	ST75
3AE9	N75858	B753
3AEA	N75859	ST75
3AED	N7586B	CH7A
3AF1	N7586F	CH7A
3AF5	N7586K	C180
3AF7	N7586M	C175
3AFA	N7586Q	C310
3AFB	N7586R	P28A
3AFF	N7586V	C77R
3B01	N7586X	C82R
3B02	N7586Y	C82R
3B03	N7586Z	BE30
3B04	N75860	C172
3B05	N75861	B753
3B07	N75863	ST75
3B0A	N75866	C172
3B0C	N75868	ST75
3B0E	N7587	GLID
3B12	N7587D	BE60
3B13	N7587E	CH7B
3B17	N7587J	P28R
3B1E	N7587R	P28A
3B1F	N7587S	C182
3B20	N7587T	C172
3B22	N7587V	C77R
3B23	N7587W	P28A
3B24	N7587X	C172
3B27	N75870	C207
3B28	N75871	C172
3B29	N75872	VALI
3B2B	N75874	C172
3B2D	N75876	C172
3B2F	N75878	C172
3B30	N75879	C172
3B31	N7588	GLID
3B33	N7588B	CH7A
3B34	N7588C	P28A
3B36	N7588E	PA18
3B37	N7588F	CH7A
3B39	N7588H	PA12
3B40	N7588Q	SONX
3B42	N7588S	C172
3B43	N7588T	C172
3B46	N7588W	P28A
3B48	N7588Y	PA30
3B4D	N75883	C172
3B4F	N75885	C172
3B54	N7589	GLID
3B58	N7589D	C172
3B5A	N7589F	CH7A
3B62	N7589P	PA24
3B63	N7589Q	C310
3B68	N7589V	C77R
3B6D	N75890	C172
3B71	N75894	EXEC
3B74	N75897	C172
3B75	N75898	C172
3B78	N759A	LJ45
3B79	N759AA	C182
3B7A	N759AB	C182
3B7B	N759AC	C182
3B7D	N759AE	C182
3B7E	N759AF	MU2
3B81	N759AJ	C182
3B82	N759AK	PA18
3B83	N759AL	C182
3B84	N759AM	B38M
3B85	N759AN	B772
3B86	N759AP	C182
3B87	N759AQ	RV7
3B88	N759AR	C182
3B8A	N759AT	C182
3B8B	N759AU	C182
3B8F	N759AY	C182
3B91	N759B	R66
3B92	N759BA	C208
3B94	N759BC	C182
3B96	N759BE	C182
3B98	N759BG	C182
3B99	N759BH	EC45
3B9A	N759BJ	C182
3B9B	N759BK	C182
3B9C	N759BL	C182
3B9E	N759BN	C182
3B9F	N759BP	C182
3BA2	N759BS	C182
3BA3	N759BT	C182
3BA4	N759BU	C182
3BA5	N759BV	C182
3BA7	N759BX	C182
3BA8	N759BY	C182
3BA9	N759BZ	C182
3BAA	N759C	P32R
3BAB	N759CA	C82T
3BAC	N759CB	C182
3BAD	N759CC	C182
3BAE	N759CD	C182
3BAF	N759CE	C182
3BB1	N759CG	C182
3BB3	N759CJ	C182
3BB7	N759CN	C182
3BBA	N759CR	C182
3BBB	N759CS	C182
3BBC	N759CT	C182
3BBD	N759CU	C182
3BBE	N759CV	C182
3BC1	N759CY	C182
3BC2	N759CZ	C182
3BC5	N759DB	C182
3BC6	N759DC	C182
3BC8	N759DE	GLIM
3BC9	N759DF	C182
3BCA	N759DG	C182
3BCB	N759DH	C182
3BCD	N759DK	C182
3BCE	N759DL	C182
3BD4	N759DS	C182
3BD5	N759DT	C182
3BD6	N759DU	C182
3BDC	N759E	CH7A
3BDD	N759EA	C182
3BE1	N759EE	C182
3BE3	N759EG	C182
3BE6	N759EK	C182
3BEE	N759ET	C182
3BF0	N759EV	CRJ7
3BF2	N759EX	C182
3BF3	N759EY	C182
3BF5	N759F	TB30
3BF6	N759FA	AT8T
3BFA	N759FE	C182
3BFE	N759FJ	C182
3C08	N759FU	C182
3C0A	N759FW	C182
3C0B	N759FX	C408
3C0D	N759FZ	C182
3C0E	N759G	C25A
3C10	N759GB	C182
3C12	N759GD	C182
3C13	N759GE	C182
3C14	N759GF	C182
3C15	N759GG	C182
3C19	N759GL	C182
3C1A	N759GM	C182
3C1C	N759GP	C182
3C1D	N759GQ	C182
3C20	N759GT	SR22
3C22	N759GV	C182
3C23	N759GW	C182
3C26	N759GZ	C182
3C27	N759H	P46T
3C28	N759HA	C182
3C29	N759HB	C182
3C2B	N759HD	C182
3C2C	N759HE	C182
3C2E	N759HG	C182
3C30	N759HJ	C182
3C33	N759HM	C182
3C35	N759HP	C182
3C36	N759HQ	C182
3C37	N759HR	C182
3C38	N759HS	C182
3C39	N759HT	C182
3C3D	N759HX	C182
3C3E	N759HY	C182
3C3F	N759HZ	C182
3C40	N759J	JAB4
3C41	N759JA	C182
3C42	N759JB	C182
3C44	N759JD	C182
3C47	N759JG	C182
3C48	N759JH	C182
3C4C	N759JM	C182
3C4D	N759JN	C182
3C50	N759JR	C182
3C51	N759JS	C414
3C56	N759JX	C182
3C59	N759K	R44
3C5A	N759KA	C182
3C5B	N759KB	C182
3C5C	N759KC	C182
3C5D	N759KD	C182
3C62	N759KJ	C182
3C63	N759KK	C182
3C64	N759KL	T206
3C65	N759KM	C182
3C68	N759KQ	C182
3C6A	N759KS	C182
3C6B	N759KT	C182
3C6D	N759KV	C182
3C74	N759LB	RV7
3C75	N759LC	C182
3C76	N759LD	C182
3C77	N759LE	C182
3C78	N759LF	C182
3C79	N759LG	C182
3C7A	N759LH	C182
3C7C	N759LK	C182
3C80	N759LP	C182
3C82	N759LR	C182
3C85	N759LU	C182
3C86	N759LV	C182
3C87	N759LW	C182
3C88	N759LX	C182
3C8C	N759MA	C182
3C8D	N759MB	C182
3C95	N759MK	C182
3C97	N759MM	EC55
3C9A	N759MQ	C182
3C9B	N759MR	C208
3C9C	N759MS	C182
3C9E	N759MU	C182
3C9F	N759MV	C182
3CA0	N759MW	C182
3CA1	N759MX	C182
3CA2	N759MY	C182
3CA3	N759MZ	C182
3CA5	N759NA	C182
3CA6	N759NB	C182
3CA7	N759NC	C182
3CA8	N759ND	C182
3CAA	N759NF	C182
3CAB	N759NG	C182
3CAD	N759NJ	C182
3CAF	N759NL	C182
3CB4	N759NR	C182
3CB5	N759NS	C182
3CBA	N759NX	C182
3CBC	N759NZ	C182
3CBD	N759P	S76
3CBE	N759PA	DA40
3CBF	N759PB	PC12
3CC0	N759PC	C182
3CC1	N759PD	C182
3CC2	N759PE	C182
3CC5	N759PH	C182
3CC6	N759PJ	C182
3CC7	N759PK	C182
3CC8	N759PL	C182
3CCA	N759PN	C182
3CCE	N759PS	C182
3CCF	N759PT	C182
3CD6	N759Q	F2TH
3CDA	N759QD	C182
3CDE	N759QH	C182
3CE1	N759QL	C182
3CE3	N759QN	C182
3CE7	N759QS	CL35
3CE8	N759QT	C182
3CED	N759QY	C182
3CEE	N759QZ	C182
3CEF	N759R	C25C
3CF0	N759RA	C182
3CF3	N759RD	C182
3CF4	N759RE	C182
3CF5	N759RF	C182
3CF6	N759RG	C182
3CF9	N759RK	C182
3CFB	N759RM	C182
3CFC	N759RN	C182
3CFF	N759RR	C182
3D01	N759RT	C182
3D03	N759RV	C182
3D04	N759RW	C182
3D07	N759RZ	C182
3D08	N759S	C172
3D0A	N759SB	C510
3D0C	N759SD	C182
3D0F	N759SG	C182
3D10	N759SH	LJ60
3D12	N759SK	C182
3D13	N759SL	C182
3D16	N759SP	C182
3D22	N759TA	C182
3D25	N759TD	C182
3D27	N759TF	C182
3D28	N759TG	C182
3D29	N759TH	C82T
3D2A	N759TJ	C182
3D2B	N759TK	SRAI
3D2D	N759TM	C182
3D2E	N759TN	C182
3D2F	N759TP	C182
3D31	N759TR	C182
3D32	N759TS	C182
3D33	N759TT	C182
3D34	N759TU	C182
3D35	N759TV	C182
3D38	N759TY	C182
3D3D	N759UC	C182
3D42	N759UH	C182
3D43	N759UJ	C182
3D45	N759UL	C182
3D49	N759UQ	C182
3D4A	N759UR	C182
3D4B	N759US	C182
3D4D	N759UU	C182
3D4E	N759UV	C182
3D53	N759V	C182
3D5A	N759VG	C182
3D5B	N759VH	C182
3D5C	N759VJ	C182
3D5F	N759VM	C182
3D60	N759VN	C182
3D61	N759VP	C182
3D67	N759VV	C182
3D6A	N759VY	C182
3D70	N759WD	C182
3D71	N759WE	C182
3D73	N759WG	C182
3D76	N759WK	C182
3D77	N759WL	C182
3D78	N759WM	C182
3D79	N759WN	C182
3D7A	N759WP	C182
3D7C	N759WR	C182
3D7D	N759WS	C182
3D81	N759WW	C182
3D84	N759WZ	C182
3D85	N759X	C182
3D89	N759XD	C182
3D8B	N759XF	C182
3D8F	N759XK	C182
3D94	N759XQ	C182
3D97	N759XT	TBM7
3D9A	N759XW	C182
3DA2	N759YD	C182
3DA3	N759YE	C182
3DA5	N759YG	C182
3DA6	N759YH	C182
3DAA	N759YM	C182
3DAD	N759YQ	C182
3DAE	N759YR	C182
3DAF	N759YS	C182
3DB1	N759YU	C182
3DB3	N759YW	C182
3DB4	N759YX	C182
3DB5	N759YY	C182
3DBB	N759ZD	C182
3DBC	N759ZE	C182
3DBF	N759ZH	C182
3DC1	N759ZK	C182
3DC3	N759ZM	C182
3DC6	N759ZQ	C182
3DC9	N759ZT	C182
3DCA	N759ZU	C182
3DD9	N7590J	P28R
3DDA	N7590K	PA18
3DDC	N7590M	C175
3DDD	N7590N	T206
3DE1	N7590S	C182
3DE2	N7590T	C172
3DE3	N7590U	C150
3DED	N75904	C172
3DF0	N75907	C172
3DF2	N75909	C172
3DF3	N7591	GLID
3DF7	N7591D	BE60
3DF8	N7591E	CH7B
3DF9	N7591F	CH7B
3DFA	N7591G	C172
3E00	N7591N	T210
3E03	N7591R	P28A
3E04	N7591S	C182
3E05	N7591T	C172
3E06	N7591U	C150
3E07	N7591V	C77R
3E08	N7591W	P28A
3E0F	N75913	SREY
3E13	N75917	C172
3E18	N7592B	CH7A
3E1E	N7592H	PA12
3E1F	N7592J	P28R
3E26	N7592R	C182
3E27	N7592S	C182
3E29	N7592U	C150
3E2A	N7592V	C77R
3E2D	N7592Y	C82R
3E2E	N7592Z	PA25
3E31	N75922	C172
3E34	N75925	C172
3E35	N75926	C172
3E3B	N7593B	CH7A
3E3E	N7593E	C172
3E41	N7593H	PA12
3E46	N7593N	C185
3E47	N7593P	PA24
3E49	N7593R	P28A
3E4A	N7593S	C182
3E4D	N7593V	C77R
3E4F	N7593X	C172
3E50	N7593Y	PA30
3E51	N7593Z	CH75
3E52	N75930	C172
3E53	N75931	C172
3E57	N75935	T210
3E59	N75937	ST75
3E5A	N75938	C172
3E62	N7594F	CH7B
3E64	N7594H	BE35
3E68	N7594M	T210
3E6D	N7594S	C182
3E6E	N7594T	C172
3E70	N7594V	C77R
3E77	N75942	C172
3E78	N75943	C172
3E79	N75944	C172
3E7C	N75947	T28
3E7F	N7595	GLID
3E84	N7595E	CH7B
3E87	N7595H	PA12
3E88	N7595J	P28R
3E8E	N7595Q	C185
3E8F	N7595R	P28A
3E92	N7595U	C150
3E94	N7595W	P28A
3E98	N75950	C172
3E99	N75951	C172
3E9D	N75955	C172
3E9E	N75956	C172
3EAA	N7596H	C82R
3EAB	N7596J	P28R
3EAE	N7596M	NG5
3EB2	N7596R	P28A
3EB3	N7596S	C182
3EB7	N7596W	P28A
3EB8	N7596X	C172
3EBF	N75964	T6
3EC2	N75967	C172
3EC5	N7597	GLID
3ECB	N7597F	CH7A
3ECD	N7597H	C185
3ECF	N7597K	PA18
3ED3	N7597P	PA24
3ED5	N7597R	P28A
3ED6	N7597S	C182
3EDB	N7597X	C82R
3EDF	N75971	C172
3EE0	N75972	C172
3EE4	N75976	C172
3EEE	N7598F	CH7A
3EEF	N7598G	C172
3EF1	N7598J	P28R
3EF6	N7598P	PA24
3EF9	N7598S	C182
3EFD	N7598W	P28A
3F00	N7598Z	T206
3F01	N75980	ST75
3F03	N75982	C172
3F06	N75985	C172
3F0D	N7599B	CH7A
3F0E	N7599C	P28R
3F11	N7599F	CH7A
3F12	N7599G	C172
3F13	N7599H	PA12
3F14	N7599J	P28R
3F15	N7599K	PA18
3F16	N7599L	PA31
3F18	N7599N	T210
3F1B	N7599R	P28A
3F1C	N7599S	C182
3F21	N7599X	C172
3F24	N75990	ST75
3F2E	N76	BE30
3F2F	N76A	BE18
3F31	N76AB	LGEZ
3F32	N76AC	BE36
3F33	N76AD	P28A
3F34	N76AE	C82S
3F36	N76AG	C188
3F37	N76AH	PA32
3F38	N76AJ	GLID
3F39	N76AK	GLST
3F3A	N76AL	SR22
3F3B	N76AM	RV10
3F3D	N76AP	SF50
3F41	N76AT	SA30
3F42	N76AU	RV8
3F44	N76AW	PA23
3F47	N76AZ	C208
3F49	N76BA	BE36
3F4A	N76BB	BE35
3F4B	N76BC	BL8
3F4C	N76BD	EAGL
3F4D	N76BE	CH7A
3F51	N76BJ	PA18
3F52	N76BK	MUS2
3F53	N76BL	T210
3F58	N76BR	C182
3F59	N76BS	TTWO
3F5A	N76BT	C337
3F5D	N76BW	RLU1
3F5F	N76BY	SR22
3F61	N76C	MIMU
3F64	N76CC	PA11
3F65	N76CD	LJ31
3F66	N76CE	S22T
3F68	N76CG	S76
3F6B	N76CK	LJ35
3F6D	N76CM	PA38
3F6E	N76CN	C182
3F71	N76CR	AC11
3F74	N76CU	LNP4
3F76	N76CW	C310
3F77	N76CX	RV7
3F7A	N76D	SR20
3F7B	N76DA	T206
3F7C	N76DB	BE33
3F7D	N76DC	B06
3F7F	N76DE	CH7B
3F80	N76DF	S22T
3F82	N76DH	P28A
3F83	N76DJ	GLID
3F86	N76DM	P28A
3F87	N76DN	S76
3F93	N76E	NAVI
3F95	N76EB	J3
3F96	N76EC	AC90
3F97	N76ED	C206
3F9B	N76EH	P32R
3F9C	N76EJ	GLF4
3F9E	N76EL	PA18
3F9F	N76EM	E50P
3FA2	N76EQ	SONX
3FA5	N76ET	SONX
3FA7	N76EV	PA18
3FA9	N76EX	S76
3FAC	N76F	CRBN
3FAD	N76FA	BE30
3FAF	N76FC	PA23
3FB6	N76FK	RV8
3FB7	N76FL	S76
3FBA	N76FP	NAVI
3FBC	N76FR	P32R
3FBD	N76FS	NAVI
3FC2	N76FX	S76
3FC6	N76GA	S76
3FC8	N76GC	AA5
3FC9	N76GD	BOLT
3FCD	N76GH	WAIX
3FCE	N76GJ	BE40
3FD0	N76GL	G2T1
3FD1	N76GM	BE9L
3FD3	N76GP	C25M
3FD5	N76GR	BE40
3FD7	N76GT	RV4
3FDA	N76GW	SRAI
3FDB	N76GX	GX
3FDD	N76GZ	RV6
3FDE	N76H	CRBN
3FDF	N76HA	BE76
3FE1	N76HC	C182
3FE2	N76HD	T206
3FE4	N76HF	P337
3FE7	N76HJ	C172
3FE8	N76HK	PA23
3FE9	N76HL	PRM1
3FEC	N76HP	M20P
3FEE	N76HR	HROC
3FEF	N76HS	C177
3FF2	N76HV	C150
3FF7	N76J	BE35
3FF9	N76JB	GC1
3FFA	N76JC	RV8
3FFB	N76JD	PA11
3FFC	N76JE	SA10
4001	N76JK	C177
4003	N76JM	BOLT
4004	N76JN	PA31
4005	N76JP	GLID
4007	N76JR	BIPL
4009	N76JT	C25A
400B	N76JV	RV6
400E	N76JY	RV7
4010	N76K	PTS2
4012	N76KB	R44
4013	N76KC	T18
4016	N76KF	BL8
4017	N76KG	CC11
4019	N76KJ	P46T
401B	N76KL	RV10
401E	N76KP	B06
401F	N76KQ	K100
4020	N76KR	T18
4021	N76KS	RV7
4022	N76KT	C414
4023	N76KU	BE35
4029	N76L	BE50
402A	N76LA	K100
402C	N76LC	C172
402F	N76LF	ACAM
4030	N76LG	C180
4031	N76LH	E545
4032	N76LJ	C180
4033	N76LK	S22T
4035	N76LM	RV6
4037	N76LP	B06
403A	N76LS	GLID
403B	N76LT	RV4
403E	N76LW	C25B
4040	N76LY	LA4
4043	N76MA	C175
4044	N76MB	R44
4046	N76MD	C402
4049	N76MG	P46T
404A	N76MH	GLIM
404B	N76MJ	C421
404D	N76ML	CH7B
404E	N76MM	PA18
4051	N76MQ	B06
4053	N76MS	RV10
4057	N76MW	C140
405A	N76MZ	Z42
405C	N76NA	PA23
405D	N76NB	BE36
405E	N76NC	BE23
405F	N76ND	C25C
406C	N76NS	BE35
4076	N76PB	PA34
4077	N76PC	S76
4079	N76PE	B06
407A	N76PF	P28A
407D	N76PJ	COZY
407E	N76PK	E300
407F	N76PL	C310
4080	N76PM	BE30
4082	N76PP	BL8
4083	N76PQ	PA18
4084	N76PR	B407
4085	N76PS	GLID
4086	N76PT	BE24
4089	N76PW	GA6C
408D	N76Q	U21
409D	N76QR	VO10
40A7	N76RA	LJ35
40A8	N76RB	C550
40A9	N76RC	C182
40AC	N76RF	C182
40AE	N76RH	FB1A
40B1	N76RL	PA32
40B2	N76RM	RV10
40B4	N76RP	GLF5
40B6	N76RR	C210
40B7	N76RS	PTS1
40B8	N76RT	BE70
40BA	N76RV	RV6
40BB	N76RW	PA18
40C1	N76SB	BE23
40C2	N76SC	C185
40C5	N76SF	GA5C
40C6	N76SG	R44
40C7	N76SH	RV6
40C8	N76SJ	C425
40C9	N76SK	EVOT
40CA	N76SL	RV7
40CB	N76SM	CH7B
40CC	N76SN	C56X
40CF	N76SR	PA23
40D2	N76SU	DHC2
40D3	N76SV	SR22
40D4	N76SW	P28B
40D5	N76SX	SONX
40D8	N76T	BE36
40DA	N76TB	AS50
40DC	N76TD	P32R
40DE	N76TF	C560
40DF	N76TG	GLST
40E0	N76TH	GLF4
40E1	N76TJ	RV6
40E2	N76TK	FOX
40E4	N76TM	BL17
40E5	N76TN	C182
40E6	N76TP	T28
40E8	N76TR	WAIX
40EA	N76TT	B350
40ED	N76TW	P68
40EE	N76TX	P28A
40F5	N76UD	C172
40FB	N76UK	G280
410B	N76VA	BE23
410D	N76VC	BE58
4116	N76VM	RV8
411A	N76VR	S76
411C	N76VT	GLST
411E	N76VV	VELO
4121	N76VY	RV14
4122	N76VZ	GLF5
4124	N76WA	AC90
4125	N76WB	CL60
4126	N76WC	PA34
4128	N76WE	RV4
412A	N76WG	C182
412B	N76WH	FOX
412F	N76WM	GLID
4130	N76WN	PTS1
4131	N76WP	AA5
4138	N76WW	PA18
413A	N76WY	HUSK
413C	N76X	PA12
413F	N76XC	PC7
414A	N76XP	C172
4155	N76Y	RV4
4159	N76YD	BL8
4167	N76YT	C25A
416F	N76ZA	S76
4173	N76ZE	C25B
4188	N760A	BE76
418B	N760AC	M7
418C	N760AD	BE30
418E	N760AF	S76
4194	N760AM	H500
4195	N760AN	B772
4199	N760AS	C560
41A0	N760AZ	C208
41A1	N760B	BE35
41A4	N760BC	O1
41A5	N760BD	FOX
41A7	N760BF	SS2T
41A8	N760BG	S76
41AC	N760BL	P46T
41AE	N760BN	S76
41B6	N760BW	C72R
41BA	N760C	P32T
41BB	N760CA	C150
41BE	N760CD	SR22
41C2	N760CH	LEG2
41C4	N760CK	B763
41C7	N760CN	BE95
41E4	N760DS	DA40
41EC	N760E	WACO
41F0	N760ED	C56X
4200	N760EV	CRJ7
4216	N760FS	PA34
421B	N760FX	C408
4222	N760GD	GA7C
4223	N760GE	B412
4229	N760GL	RV10
422C	N760GP	S76
423A	N760HC	CL35
4245	N760HP	B06
4249	N760HT	S61
4250	N760J	JAB4
4252	N760JB	A320
4255	N760JE	S76
4258	N760JH	RV9
425C	N760JM	M7
4293	N760LS	KR2
4294	N760LT	B350
429B	N760M	C550
429C	N760MA	P32R
429D	N760MB	CC11
42A0	N760ME	C414
42AA	N760MQ	E170
42AB	N760MR	S92
42AC	N760MS	S76
42BC	N760NH	H60
42CD	N760P	SR22
42DE	N760PS	P32R
42DF	N760PT	C25C
42E1	N760PV	S76
42E3	N760PX	CL60
42F7	N760QS	CL35
4300	N760RA	FA20
430B	N760RM	C414
4311	N760RT	H60
4322	N760SK	CRJ7
432D	N760SW	B737
4339	N760TH	BE36
4341	N760TR	KR2
4343	N760TT	SF50
434A	N760U	P28A
435B	N760US	A319
436F	N760VM	GLIM
4373	N760VR	AC50
439E	N760XJ	C750
43A3	N760XP	H60
43C4	N760YX	E75L
43E4	N7600D	PA22
43E5	N7600E	B14A
43E7	N7600G	F2TH
43E9	N7600J	C182
43EA	N7600K	B737
43EC	N7600M	C175
43ED	N7600N	T206
43EE	N7600P	F900
43EF	N7600Q	C310
43F1	N7600S	F900
43F2	N7600T	C172
43F4	N7600V	C77R
43F5	N7600W	P28A
43F6	N7600X	C172
43F7	N7600Y	PA30
43F9	N76000	C120
43FA	N76001	C140
43FF	N76006	C140
4400	N76007	SF50
4402	N76009	C140
4404	N7601A	C180
4408	N7601E	B14A
440A	N7601G	C172
440E	N7601L	MU2
4410	N7601N	BE36
4411	N7601P	PA18
4416	N7601U	PTS1
4418	N7601W	P28A
441A	N7601Y	PA30
441C	N76010	B772
441E	N76012	RV12
4420	N76014	C140
4421	N76015	C172
4422	N76016	C172
4423	N76017	C140
4425	N76019	C172
4427	N7602A	M4
442C	N7602F	CH7A
442D	N7602G	C172
442F	N7602J	P28R
4434	N7602P	PA24
4435	N7602Q	C310
4437	N7602S	C182
4438	N7602T	C172
4440	N76021	B772
4441	N76022	C140
4444	N76025	C140
4447	N76028	C120
444A	N7603A	C180
444C	N7603C	BE76
444F	N7603F	CH7A
4450	N7603G	C172
4452	N7603J	P28R
4456	N7603N	BE36
445A	N7603S	C182
445B	N7603T	C172
445D	N7603V	A9
445E	N7603W	P28A
445F	N7603X	C82R
4464	N76032	C172
4465	N76033	C140
446B	N76039	C140
4471	N7604E	B14A
4472	N7604F	C172
4474	N7604H	PA12
4477	N7604L	LA4
4478	N7604M	C175
4479	N7604N	BE36
447D	N7604S	C182
447E	N7604T	C172
447F	N7604U	C150
4483	N7604Y	PA30
4485	N76040	C120
4488	N76043	C140
4489	N76044	C172
448A	N76045	C140
448C	N76047	C172
448E	N76049	C140
448F	N7605	GLID
4495	N7605F	C172
4499	N7605K	C180
449A	N7605L	LA4
449D	N7605P	PA24
44A0	N7605S	C182
44A2	N7605U	C207
44A4	N7605W	P28A
44A6	N7605Y	PA30
44A7	N7605Z	PA25
44A9	N76051	C140
44AB	N76053	C172
44AC	N76054	B764
44AD	N76055	B764
44AE	N76056	C172
44B0	N76058	C140
44BB	N7606J	P28R
44BC	N7606K	PA20
44BE	N7606M	C175
44C3	N7606S	C182
44C4	N7606T	C172
44C6	N7606V	C172
44C7	N7606W	P28A
44C8	N7606X	C172
44CB	N76060	C120
44CC	N76061	C140
44CD	N76062	B764
44CE	N76063	C140
44CF	N76064	B764
44D0	N76065	B764
44D7	N7607B	BE35
44DA	N7607E	C172
44DB	N7607F	C172
44DC	N7607G	C172
44DD	N7607H	C82R
44DE	N7607J	P28R
44E0	N7607L	C152
44E2	N7607N	BE36
44E5	N7607R	BE23
44E6	N7607S	C182
44E7	N7607T	C172
44EA	N7607W	C82R
44EF	N76071	C140
44F3	N76075	C140
44F4	N76076	C172
44FC	N7608D	BE60
44FD	N7608E	B14A
44FE	N7608F	C172
4500	N7608H	PA12
4501	N7608J	P28R
4504	N7608M	C175
4509	N7608S	C182
450E	N7608X	C172
450F	N7608Y	PA30
4518	N76087	COY2
451B	N7609	GLID
451E	N7609C	PA34
451F	N7609D	PA22
4524	N7609J	P28R
4527	N7609M	C175
4528	N7609N	BE55
452A	N7609Q	C185
452C	N7609S	C182
452D	N7609T	C172
4530	N7609W	P28A
4531	N7609X	C172
4532	N7609Y	PA30
4535	N76091	C172
4536	N76092	C140
4537	N76093	C120
4539	N76095	C140
453D	N76099	C140
453F	N761A	C185
4540	N761AA	S76
4545	N761AF	S76
4546	N761AG	C210
4548	N761AJ	B772
4549	N761AK	C210
454A	N761AL	C210
454B	N761AM	C210
454C	N761AN	C210
454D	N761AP	PA18
454E	N761AQ	C210
4554	N761AW	PIVI
4558	N761B	BE35
455C	N761BD	T210
455D	N761BE	P210
455E	N761BF	P28A
4563	N761BL	T210
4568	N761BR	T210
456C	N761BV	T210
456F	N761BY	T210
4570	N761BZ	T210
4571	N761C	SR22
4574	N761CC	P28A
4576	N761CE	T210
4577	N761CF	T210
4578	N761CG	S76
4579	N761CH	T210
457B	N761CK	B763
457C	N761CL	T210
457E	N761CN	T210
457F	N761CP	T206
4582	N761CS	RV9
4583	N761CT	T210
4586	N761CW	T210
4587	N761CX	B762
458A	N761D	S76
458B	N761DA	EN28
458C	N761DB	PA34
458F	N761DE	C210
4592	N761DH	T210
4595	N761DL	T210
4596	N761DM	T210
4597	N761DN	T210
4598	N761DP	T210
459A	N761DR	C210
459B	N761DS	T210
45A0	N761DX	T210
45A3	N761E	LEG2
45A4	N761EA	T210
45B1	N761EP	C210
45B4	N761ES	C152
45B6	N761EU	T210
45B8	N761EW	T210
45BB	N761EZ	T210
45BE	N761FB	C210
45BF	N761FC	T210
45C1	N761FE	C208
45C3	N761FG	C152
45C4	N761FH	C210
45C6	N761FK	T210
45CB	N761FQ	T210
45D2	N761FX	C408
45D6	N761GA	GA7C
45D7	N761GB	T210
45D9	N761GD	C210
45DA	N761GE	T210
45DC	N761GG	C152
45E2	N761GN	C210
45E7	N761GT	B77L
45EC	N761GY	T210
45EE	N761H	GLID
45F1	N761HC	T210
45F3	N761HE	T210
45F5	N761HG	S61
45F7	N761HJ	T210
45FB	N761HN	T210
45FF	N761HS	T210
4600	N761HT	T210
4602	N761HV	T210
4607	N761J	JAB4
4609	N761JB	BE36
460A	N761JC	C210
460B	N761JD	T210
4612	N761JL	C210
4613	N761JM	T210
4618	N761JS	C560
4619	N761JT	BE35
461A	N761JU	T210
4620	N761K	BE9L
4622	N761KB	T210
4624	N761KD	C210
4625	N761KE	C210
4626	N761KF	T210
462B	N761KL	C210
4634	N761KV	T210
463B	N761LB	T210
463E	N761LE	GLF6
4640	N761LG	T210
4645	N761LM	T210
4648	N761LQ	C210
464B	N761LT	BE35
464C	N761LU	T210
4653	N761MA	C150
4654	N761MB	T210
4657	N761ME	T210
465A	N761MH	S76
465B	N761MJ	T210
4663	N761MS	T210
466C	N761NA	T210
466F	N761ND	CRJ7
467D	N761NT	C210
4682	N761NY	S76
4685	N761PA	C510
4686	N761PB	S76
468D	N761PJ	C182
4690	N761PM	T210
4692	N761PP	T210
4694	N761PR	T210
4698	N761PV	C210
469B	N761PY	C210
469E	N761QA	T210
46AE	N761QS	CL35
46B1	N761QV	C210
46B3	N761QX	T210
46B4	N761QY	C210
46B8	N761RB	P32R
46BA	N761RD	T210
46BB	N761RE	T210
46C1	N761RL	T210
46CA	N761RV	C208
46CB	N761RW	E170
46CF	N761S	EFOX
46D1	N761SB	T210
46D3	N761SD	C82S
46D5	N761SF	C210
46D6	N761SG	T210
46D7	N761SH	T210
46D9	N761SK	C210
46DF	N761SR	COL3
46E1	N761ST	T210
46E3	N761SV	C210
46E9	N761TA	H60
46EB	N761TC	T210
46ED	N761TE	C210
46F0	N761TH	T210
46F2	N761TK	T210
46F3	N761TL	T210
46F4	N761TM	T210
46FF	N761TY	T210
4706	N761UE	C210
470F	N761UP	C210
472C	N761VT	T210
472F	N761VW	T210
473B	N761WH	T210
4741	N761WP	T206
4742	N761WQ	T210
4745	N761WT	T210
4746	N761WU	T210
4750	N761XD	C210
4751	N761XE	T210
4753	N761XG	T210
475A	N761XP	H25B
475D	N761XS	C210
4763	N761XY	T210
4764	N761XZ	T210
4765	N761Y	GLIM
4769	N761YD	T210
476A	N761YE	C152
476C	N761YG	T210
476F	N761YK	T210
4771	N761YM	T210
4776	N761YS	T210
477A	N761YW	T210
477B	N761YX	E75L
4780	N761ZB	T210
4783	N761ZE	T210
479A	N7610C	T206
479E	N7610G	C172
479F	N7610H	PA18
47A0	N7610J	P28R
47A2	N7610L	LA4
47A3	N7610M	T210
47A4	N7610N	BE95
47A5	N7610P	PA24
47A6	N7610Q	S76
47A9	N7610T	C172
47AC	N7610W	P28A
47AD	N7610X	C82R
47B2	N76102	C140
47B6	N76106	C140
47BB	N7611A	C152
47BE	N7611D	PA22
47C0	N7611F	C172
47C1	N7611G	C172
47C2	N7611H	PA12
47C4	N7611K	PA20
47C8	N7611P	PA24
47CB	N7611S	C182
47CD	N7611U	DSA1
47CF	N7611W	P28A
47D1	N7611Y	PA30
47D2	N7611Z	PA25
47D4	N76111	C140
47D5	N76112	C140
47D6	N76113	C120
47D7	N76114	C140
47DA	N76117	C120
47E2	N7612E	B14A
47E4	N7612G	C172
47E6	N7612J	P28R
47E7	N7612K	C180
47E9	N7612M	C175
47ED	N7612R	BE23
47EF	N7612T	C172
47F2	N7612W	P28A
47F5	N7612Z	PA25
47F6	N76120	C140
47F7	N76121	C120
47F8	N76122	C140
47F9	N76123	C140
47FE	N76128	C140
47FF	N76129	C120
4803	N7613C	T6
4804	N7613D	PA22
4805	N7613E	B14A
480A	N7613K	PA20
480D	N7613N	BE55
480E	N7613P	PA24
4812	N7613T	SF50
4816	N7613X	M6
481B	N76132	C140
481F	N76136	C140
4820	N76137	C120
4827	N7614D	PA22
482B	N7614H	PA12
482C	N7614J	P28R
482D	N7614K	PA20
482E	N7614L	AA1
4833	N7614R	BE23
4834	N7614S	CH7B
4837	N7614V	C77R
483A	N7614Y	PA30
483C	N76140	C140
4842	N76146	C140
4845	N76149	C120
4847	N7615A	C180
484F	N7615J	P28R
4850	N7615K	PA22
4851	N7615L	LA4
4853	N7615N	T206
4854	N7615P	PA24
4858	N7615T	C172
485B	N7615W	P28A
485C	N7615X	C172
485E	N7615Z	PA18
4863	N76154	C140
4864	N76155	C140
486E	N7616E	B14A
486F	N7616F	P28A
4871	N7616H	PA12
4872	N7616J	P28R
4873	N7616K	C180
4875	N7616M	C175
4876	N7616N	C182
4877	N7616P	PA24
4879	N7616R	BE23
487C	N7616U	C150
487F	N7616X	C172
4885	N76163	C140
488B	N76169	C120
4890	N7617D	PA22
4892	N7617F	P28A
4894	N7617H	PA12
4895	N7617J	P28R
489A	N7617P	PA24
489F	N7617U	C150
48A0	N7617V	A9
48A1	N7617W	P28A
48A7	N76172	C172
48A9	N76174	C140
48AC	N76177	C77R
48AE	N76179	C140
48B1	N7618B	L5
48B7	N7618H	PA12
48B8	N7618J	P28R
48BD	N7618P	PA24
48BF	N7618R	BE23
48C0	N7618S	CH7B
48C4	N7618W	P28A
48C8	N76180	C140
48CA	N76182	C182
48CD	N76185	C185
48CE	N76186	C140
48CF	N76187	CJ6
48D1	N76189	C120
48D8	N7619F	P28A
48D9	N7619G	C172
48DC	N7619K	PA20
48DF	N7619N	C182
48E0	N7619P	PA24
48E8	N7619X	C172
48EB	N76190	C140
48F1	N76196	C120
48F5	N762	BLKS
48F6	N762A	EN28
48F8	N762AB	PA25
48FA	N762AD	RV7
48FC	N762AF	SA37
48FE	N762AH	GLST
4902	N762AM	RV6
4903	N762AN	B772
4906	N762AR	SR22
490A	N762AV	A20N
490B	N762AW	CH75
490F	N762B	BE35
4912	N762BC	CTAH
4916	N762BG	RV9
4917	N762BH	LGEZ
491B	N762BM	RV8
4928	N762C	S108
4929	N762CA	C421
492B	N762CC	E550
4932	N762CK	B763
4936	N762CP	C172
4938	N762CR	SR22
4939	N762CS	COL4
493E	N762CX	B762
4941	N762D	S76
4944	N762DC	DV20
4945	N762DD	H25B
4947	N762DF	RV8
4949	N762DH	RV4
494C	N762DL	EA50
4953	N762DT	E170
495B	N762EA	C402
496B	N762ES	LNCE
4973	N762F	GL7T
4978	N762FE	C208
4989	N762FX	C408
498C	N762G	RV10
4990	N762GD	GA7C
49B7	N762HT	S61
49B9	N762HV	RV9
49BE	N762J	JAB4
49C0	N762JB	SR20
49C1	N762JC	MU2
49C2	N762JD	S22T
49CA	N762JM	P32R
49CC	N762JP	H25B
49CE	N762JR	BPAT
49CF	N762JS	C152
49D0	N762JT	BE76
49D7	N762K	WACO
49DE	N762KG	CH7B
49F3	N762LC	B06
4A09	N762M	P28R
4A0A	N762MA	C150
4A0C	N762MC	BE20
4A0F	N762MF	B06
4A11	N762MH	S76
4A15	N762MM	RV7
4A1A	N762MS	GLF6
4A1B	N762MT	B407
4A1D	N762MV	SF50
4A1E	N762MW	BE30
4A3F	N762PD	CRER
4A45	N762PK	SF50
4A49	N762PP	BE20
4A4F	N762PC	PC24
4A65	N762QS	CL35
4A6D	N762R	CAMP
4A70	N762RC	FOX
4A7E	N762RS	TBM7
4A81	N762RV	C208
4A86	N762S	CAMP
4A87	N762SA	PA31
4A8E	N762SH	L90
4A90	N762SK	CRJ7
4A96	N762SR	SR22
4A98	N762ST	EXEC
4A99	N762SU	PA23
4A9B	N762SW	B737
4A9C	N762SX	SONX
4A9F	N762T	BE35
4AA1	N762TB	C421
4AA2	N762TC	SR22
4AA3	N762TD	RV7
4AAF	N762TR	C82T
4AB5	N762TX	SSTL
4AC9	N762US	A319
4AD2	N762VA	PA46
4ADD	N762VM	SW4
4B50	N7620B	CH7A
4B54	N7620F	P28A
4B55	N7620G	C172
4B56	N7620H	PA12
4B58	N7620K	PA20
4B5C	N7620P	PA18
4B63	N7620W	P28A
4B64	N7620X	C172
4B6A	N76203	C120
4B6D	N76206	C140
4B6E	N76207	C120
4B6F	N76208	C140
4B70	N76209	C140
4B76	N7621E	PA24
4B77	N7621F	PA32
4B78	N7621G	C172
4B79	N7621H	PA12
4B7D	N7621M	C175
4B7F	N7621P	PA24
4B82	N7621S	BL8
4B83	N7621T	C172
4B86	N7621W	P28A
4B89	N7621Z	T6
4B8A	N76210	CAMP
4B8C	N76212	C140
4B8D	N76213	C140
4B92	N76218	C140
4B93	N76219	C120
4B94	N7622	GLIM
4B95	N7622A	C180
4B96	N7622B	CRER
4B9A	N7622F	P32R
4B9B	N7622G	C172
4B9C	N7622H	PA12
4B9D	N7622J	P28R
4B9E	N7622K	PA20
4BA0	N7622M	C175
4BA1	N7622N	BE95
4BA2	N7622P	PA24
4BA6	N7622T	C172
4BA9	N7622W	P28A
4BAA	N7622X	C172
4BAD	N76220	C140
4BB2	N76225	C140
4BB9	N7623B	J3
4BBA	N7623C	CRUZ
4BBB	N7623D	PA22
4BBC	N7623E	B14A
4BBE	N7623G	C172
4BBF	N7623H	PA12
4BC0	N7623J	P28R
4BC8	N7623S	CH7B
4BC9	N7623T	C172
4BCB	N7623V	C77R
4BCC	N7623W	P28A
4BCD	N7623X	C172
4BD4	N76234	C140
4BD5	N76235	P28B
4BD9	N76239	C120
4BDC	N7624B	J3
4BE1	N7624G	C172
4BE3	N7624J	P28R
4BE7	N7624N	BE35
4BE9	N7624Q	C421
4BEB	N7624S	BL8
4BEC	N7624T	C172
4BEF	N7624W	P28A
4BF3	N76240	C140
4BF7	N76244	C140
4BFD	N7625	GLID
4C03	N7625F	P28A
4C05	N7625H	PA12
4C06	N7625J	P28R
4C09	N7625M	GLST
4C0B	N7625P	PA24
4C0E	N7625S	CH7B
4C12	N7625W	P28A
4C19	N76253	C120
4C1A	N76254	B738
4C1C	N76256	C140
4C1D	N76257	C120
4C1E	N76258	C140
4C20	N7626	GLID
4C21	N7626A	C180
4C23	N7626C	TCAT
4C2B	N7626L	LA4
4C2E	N7626P	PA24
4C2F	N7626Q	C310
4C30	N7626R	BE23
4C32	N7626T	C172
4C35	N7626W	P28A
4C37	N7626Y	PA30
4C3E	N76265	B738
4C42	N76269	B738
4C43	N7627	GLID
4C44	N7627A	C180
4C46	N7627C	FB1A
4C47	N7627D	P28R
4C4D	N7627K	PA20
4C50	N7627N	PA18
4C53	N7627R	BE23
4C54	N7627S	CH7A
4C59	N7627X	C172
4C61	N76275	C140
4C63	N76277	C140
4C64	N76278	C120
4C66	N7628	GA7C
4C6B	N7628E	B14A
4C70	N7628K	PA20
4C71	N7628L	LA4
4C72	N7628M	C175
4C76	N7628R	BE23
4C7C	N7628X	C172
4C7D	N7628Y	PA30
4C81	N76282	C120
4C83	N76284	C120
4C85	N76286	C140
4C87	N76288	B738
4C88	N76289	C140
4C8C	N7629C	TCAT
4C8F	N7629F	P28A
4C90	N7629G	C172
4C92	N7629J	P28R
4C93	N7629K	PA20
4C9B	N7629T	C172
4C9D	N7629V	A9
4C9E	N7629W	P28A
4C9F	N7629X	C172
4CA2	N76290	C140
4CA3	N76291	C140
4CA4	N76292	C120
4CA5	N76293	C140
4CA7	N76295	C140
4CAC	N763	T206
4CAD	N763A	DC3
4CB0	N763AC	HIGH
4CB2	N763AE	AS50
4CB3	N763AF	SA37
4CBA	N763AN	B772
4CC1	N763AV	A320
4CC6	N763B	BE35
4CC7	N763BA	A5
4CC9	N763BC	B712
4CCC	N763BF	SS2T
4CCD	N763BG	S76
4CDB	N763BW	H60
4CDF	N763C	SR22
4CE0	N763CA	SR20
4CE2	N763CC	E170
4CE3	N763CD	SR22
4CE9	N763CK	B763
4CED	N763CP	C172
4CF5	N763CX	B762
4CFA	N763DB	GLF4
4CFB	N763DC	DV20
4D0A	N763DT	E300
4D0D	N763DW	H60
4D0E	N763DX	S76
4D0F	N763DY	SR20
4D11	N763E	WACO
4D12	N763EA	C402
4D2F	N763FE	C208
4D3F	N763FW	H60
4D40	N763FX	C408
4D43	N763G	FOX
4D47	N763GD	GA7C
4D75	N763J	JAB4
4D77	N763JB	A320
4D8E	N763K	WACO
4DA9	N763LB	RV7
4DAA	N763LC	CL35
4DAB	N763LD	SW3
4DAE	N763LG	T18
4DB8	N763LS	SR22
4DC3	N763MC	BE20
4DC8	N763MH	S76
4DD2	N763MT	CL30
4DF3	N763PA	C150
4E00	N763PP	FA50
4E1C	N763QS	C700
4E27	N763RC	M20P
4E28	N763RD	C182
4E35	N763RS	ACAM
4E38	N763RV	RV6
4E39	N763RW	TRDO
4E3E	N763SA	C152
4E43	N763SF	SF50
4E45	N763SH	G2CA
4E47	N763SK	CRJ7
4E4B	N763SP	C172
4E52	N763SW	B737
4E59	N763TC	T210
4E6B	N763TW	H60
4E6F	N763U	F900
4E80	N763US	A319
4E88	N763V	T6
4EA1	N763W	UH1
4EA2	N763WA	GA7
4EE9	N763YX	E75L
4F06	N7630A	GLID
4F0A	N7630E	B14A
4F0D	N7630H	PA12
4F0E	N7630J	P28R
4F16	N7630S	BL8
4F1C	N7630Y	PA30
4F21	N76303	C140
4F22	N76304	C120
4F2F	N7631G	C172
4F30	N7631H	PA12
4F32	N7631K	PA20
4F3A	N7631T	RV10
4F3D	N7631W	P28A
4F3E	N7631X	C172
4F3F	N7631Y	PA30
4F41	N76310	C140
4F45	N76314	C140
4F4B	N7632	GLID
4F4E	N7632C	P32R
4F50	N7632E	B14A
4F51	N7632F	P28A
4F53	N7632H	PA12
4F5A	N7632Q	C340
4F5C	N7632S	CH7B
4F61	N7632X	C172
4F62	N7632Y	PA30
4F68	N76324	C120
4F6A	N76326	C140
4F70	N7633B	BE76
4F74	N7633F	P28A
4F7A	N7633M	S76
4F7F	N7633S	CH7A
4F83	N7633W	P28A
4F84	N7633X	C172
4F85	N7633Y	PA30
4F8D	N76336	C140
4F91	N7634	GLID
4F94	N7634C	P28A
4F95	N7634D	PA22
4F96	N7634E	B14A
4F99	N7634H	PA12
4F9A	N7634J	P28R
4F9B	N7634K	PA20
4F9C	N7634L	LA4
4F9D	N7634M	C175
4F9F	N7634P	PA24
4FA8	N7634Y	S76
4FAA	N76340	C140
4FAB	N76341	C120
4FAE	N76344	C140
4FAF	N76345	C120
4FB4	N7635	GLID
4FB9	N7635E	B14A
4FBC	N7635H	PA12
4FBD	N7635J	P28R
4FBE	N7635K	PA20
4FBF	N7635L	LA4
4FC5	N7635S	BL8
4FC9	N7635W	P28A
4FCB	N7635Y	PA30
4FCE	N76351	C140
4FD3	N76356	C140
4FD5	N76358	C140
4FDE	N7636G	C172
4FE1	N7636K	PA20
4FE3	N7636M	C175
4FE8	N7636S	CH7A
4FE9	N7636T	C172
4FF4	N76364	C140
4FF5	N76365	C120
4FF6	N76366	C140
4FF9	N76369	C120
4FFC	N7637B	AERK
5000	N7637F	P28A
5001	N7637G	C172
5003	N7637J	P28R
5008	N7637P	PA24
500E	N7637V	C77R
5013	N76370	C140
5014	N76371	C140
5015	N76372	C140
501A	N76377	C120
501C	N76379	C140
501D	N7638	GLID
5020	N7638C	T6
5023	N7638F	PA32
5024	N7638G	C172
5026	N7638J	P28R
5029	N7638M	C175
502B	N7638P	PA24
502C	N7638Q	C310
502F	N7638T	C172
5033	N7638X	C172
5034	N7638Y	PA30
5035	N7638Z	PA18
5036	N76380	C140
5037	N76381	C120
5038	N76382	CH7B
5039	N76383	C140
503B	N76385	C120
5040	N7639	T6
5045	N7639E	B14A
5046	N7639F	P32R
5049	N7639J	P28R
504D	N7639N	BE36
504E	N7639P	PA24
5052	N7639T	C172
5055	N7639W	P28A
5057	N7639Y	PA30
505A	N76391	C140
505C	N76393	C140
5063	N764	T206
5065	N764AA	C172
506A	N764AF	SA37
5070	N764AM	S76
5071	N764AN	B772
5072	N764AP	PA38
5078	N764AV	A20N
507D	N764B	BE35
507E	N764BA	A5
5084	N764BG	S76
5087	N764BK	C172
5097	N764CA	BE20
50A0	N764CK	B763
50A1	N764CL	B06
50A4	N764CP	C150
50AF	N764D	BE35
50B7	N764DH	BE33
50BB	N764DM	PL4
50BD	N764DP	RV6
50BF	N764DR	C82S
50C0	N764DS	DA40
50C9	N764EA	C402
50E6	N764FE	C208
50F7	N764FX	C408
512C	N764J	JAB4
512E	N764JB	P32R
5130	N764JD	E170
513C	N764JR	SH36
513D	N764JS	C560
5163	N764LE	EPIC
5177	N764M	T206
517A	N764MC	AS50
517E	N764MG	PA18
517F	N764MH	S76
5187	N764MR	S76
5194	N764ND	P28A
51B5	N764PM	BE35
51F4	N764S	T206
51FE	N764SK	CRJ7
5202	N764SP	C172
5207	N764SU	BE95
520D	N764T	BE36
5237	N764US	A319
523F	N764V	FLE2
5240	N764VA	T206
5259	N764WA	PA46
527A	N764XJ	C750
52A0	N764YX	E75L
52BC	N7640	GLID
52C0	N7640D	PA22
52C3	N7640G	C172
52D1	N7640W	P28A
52D2	N7640X	C172
52D5	N76400	PA36
52D8	N76403	C140
52D9	N76404	TS11
52DA	N76405	C140
52DB	N76406	C140
52E4	N7641E	B14A
52E8	N7641J	P28R
52E9	N7641K	PA20
52EB	N7641M	C175
52EF	N7641R	BE19
52F5	N7641X	C172
52F8	N76410	C140
52FA	N76412	C120
52FB	N76413	C140
52FD	N76415	C140
5305	N7642C	SREY
5309	N7642G	C172
530B	N7642J	P28R
530C	N7642K	C180
530F	N7642N	BE55
5310	N7642P	PA24
5314	N7642T	C172
5318	N7642X	C172
531B	N76420	C120
531C	N76421	C140
531E	N76423	C140
5321	N76426	C140
5322	N76427	C140
5323	N76428	C120
5325	N7643	GLID
5328	N7643C	P28A
5329	N7643D	PA22
532B	N7643F	P28A
532C	N7643G	C172
532D	N7643H	PA12
532E	N7643J	M18
5333	N7643P	PA24
5337	N7643T	C172
533A	N7643W	P28A
533B	N7643X	C172
533E	N76430	C140
533F	N76431	UH12
5348	N7644	GLID
534C	N7644D	PA22
534E	N7644F	P28A
534F	N7644G	C172
5350	N7644H	PA12
5352	N7644K	PA20
5356	N7644P	PA24
5357	N7644Q	C310
5359	N7644S	S76
535D	N7644W	P28A
5361	N76440	C140
5362	N76441	C140
5366	N76445	C140
5367	N76446	C120
5368	N76447	C140
536B	N7645	GLID
5371	N7645F	P28A
5373	N7645H	PA12
5374	N7645J	P28R
5375	N7645K	PA20
5377	N7645M	C175
5378	N7645N	BE36
537F	N7645V	C77R
5380	N7645W	P28A
5382	N7645Y	PA30
5384	N76450	C120
538C	N76458	C120
538F	N7646A	C180
5392	N7646D	PA22
5393	N7646E	B14A
5394	N7646F	P28A
5395	N7646G	C172
5396	N7646H	PA12
5397	N7646J	P28R
539B	N7646N	BE36
539C	N7646P	PA24
539F	N7646S	T6
53A4	N7646X	C172
53A7	N76460	C140
53AA	N76463	C140
53AB	N76464	C140
53B1	N7647	GLID
53B8	N7647G	C172
53BB	N7647K	PA20
53BD	N7647M	C175
53BF	N7647P	PA24
53C6	N7647W	P28A
53CA	N76470	C120
53CD	N76473	C140
53D0	N76476	C140
53D1	N76477	C140
53D4	N7648	GLID
53D5	N7648A	C180
53D9	N7648E	T6
53DB	N7648G	C172
53DC	N7648H	PA12
53E4	N7648R	BE19
53E6	N7648T	C172
53E8	N7648V	A9
53E9	N7648W	P28A
53EB	N7648Y	PA30
53EF	N76482	C120
53F1	N76484	C140
53F7	N7649	GLID
53FC	N7649E	B14A
53FD	N7649F	P32R
53FE	N7649G	C150
53FF	N7649H	PA12
5401	N7649K	PA20
5405	N7649P	PA24
5408	N7649S	T6
540A	N7649U	C150
540B	N7649V	A9
540C	N7649W	P28A
5416	N76496	C140
5418	N76498	BE36
541A	N765	AEST
541C	N765AA	BE35
541E	N765AC	CH7B
5421	N765AF	SA37
5428	N765AN	B772
542D	N765AT	GLF5
542F	N765AV	A20N
5430	N765AW	S61
5434	N765B	BE36
5435	N765BA	A5
5437	N765BC	PA11
543B	N765BG	S76
544D	N765C	S108
544F	N765CB	P28R
5453	N765CF	BE58
5457	N765CK	B763
5459	N765CM	R44
545B	N765CP	C82S
545E	N765CS	GLEX
545F	N765CT	SR22
5469	N765DC	DV20
546C	N765DF	C25C
5474	N765DP	FOX
5477	N765DS	T6
5489	N765EK	NAVI
5490	N765ES	LNCE
549D	N765FE	C208
54A3	N765FL	C414
54AE	N765FX	C408
54B5	N765GD	GA7C
54BC	N765GL	G2T1
54BD	N765GM	SR22
54C2	N765GS	GLST
54D0	N765HF	B407
54E3	N765J	RV7
54EF	N765JM	C82S
54F1	N765JP	C25B
54F4	N765JS	C25B
54FC	N765K	WACO
54FD	N765KA	DHC3
54FF	N765KC	MU30
550A	N765KP	PA31
5510	N765KV	H500
5516	N765LA	AT5T
5517	N765LB	P28A
5519	N765LD	C162
5521	N765LM	M20P
5527	N765LT	C340
552E	N765M	GALX
552F	N765MA	HUSK
5531	N765MC	AS50
5535	N765MG	DHC7
5536	N765MH	S76
5537	N765MJ	C182
553A	N765MM	HDJT
553E	N765MR	S76
553F	N765MS	GALX
5540	N765MT	B407
554B	N765ND	P28A
555E	N765NY	CH75
5567	N765PG	C700
556C	N765PM	C25B
5572	N765PT	GLST
558A	N765QS	CL35
5592	N765R	COZY
5595	N765RC	CRER
5596	N765RD	C550
559D	N765RL	STRM
559E	N765RM	GLF4
55A2	N765RR	CL35
55A3	N765RS	GLIM
55A6	N765RV	RV7
55B4	N765SJ	CH70
55B5	N765SK	CRJ7
55B7	N765SM	COL4
55B9	N765SP	RV7
55BB	N765SR	C182
55BF	N765SV	S22T
55C0	N765SW	B737
55C4	N765T	BE36
55CE	N765TK	SF50
55DA	N765TX	RV8
55EE	N765US	A319
5610	N765WA	BE20
561B	N765WM	GALX
5620	N765WS	GALX
5621	N765WT	CL60
5628	N765X	RV7
5631	N765XJ	C750
5657	N765YX	E75L
5675	N7650B	B14A
5679	N7650F	PA34
567C	N7650J	P28R
567D	N7650K	PA20
567F	N7650M	B06
5680	N7650N	BE36
5684	N7650S	CH7B
5687	N7650V	A9
568A	N7650Y	PA30
568B	N7650Z	T206
568E	N76502	B738
568F	N76503	B738
5690	N76504	B738
5691	N76505	B738
5692	N76506	C120
5694	N76508	B738
5695	N76509	C140
5697	N7651A	C180
5698	N7651B	B14A
569A	N7651D	PA22
569C	N7651F	P28A
569E	N7651H	PA32
56A3	N7651N	BE95
56A4	N7651P	PA24
56AC	N7651X	C172
56AF	N76510	C120
56B1	N76512	C140
56B3	N76514	B738
56B4	N76515	B738
56B5	N76516	B738
56B6	N76517	B738
56B7	N76518	C120
56B8	N76519	B738
56BA	N7652A	C180
56BB	N7652B	B14A
56BD	N7652D	BE95
56BF	N7652F	P28A
56C2	N7652J	P28R
56C5	N7652M	C175
56C6	N7652N	BE95
56C7	N7652P	PA24
56C8	N7652Q	C310
56CE	N7652W	P28A
56D0	N7652Y	PA30
56D2	N76520	C140
56D3	N76521	C140
56D4	N76522	B738
56D5	N76523	B738
56D7	N76525	C140
56D8	N76526	B738
56D9	N76527	C140
56DA	N76528	B738
56DB	N76529	B738
56DD	N7653A	T6
56DE	N7653B	B14A
56E2	N7653F	P28A
56E5	N7653J	P28R
56E6	N7653K	PA20
56E8	N7653M	C175
56EA	N7653P	PA24
56ED	N7653S	BL8
56F1	N7653W	P28A
56F5	N76530	C120
56F7	N76532	B738
56F8	N76533	B738
56F9	N76534	C120
56FA	N76535	C140
56FB	N76536	C140
56FE	N76539	C140
56FF	N7654	GLID
5703	N7654D	PA22
5707	N7654H	PA12
5708	N7654J	P28R
5709	N7654K	C180
570A	N7654L	C180
570C	N7654N	BE36
570D	N7654P	PA24
570F	N7654R	BE23
5711	N7654T	SR20
5713	N7654V	C172
5717	N7654Z	S76
5718	N76540	RV8
571A	N76542	C120
571C	N76544	B06
571E	N76546	C120
5722	N7655	GLID
5724	N7655B	B14A
5728	N7655F	PA32
572A	N7655H	PA12
572B	N7655J	P28R
572C	N7655K	PA20
5734	N7655T	C172
5735	N7655U	C150
5737	N7655W	P28A
5738	N7655X	C172
573A	N7655Z	PA25
573B	N76550	C120
5740	N76555	C140
5743	N76558	C120
5746	N7656A	C180
5749	N7656D	PA22
574D	N7656H	PA12
574E	N7656J	P28R
574F	N7656K	PA20
5751	N7656M	C175
5753	N7656P	PA24
5755	N7656R	BE23
575B	N7656X	C172
5763	N76565	C140
5765	N76567	C140
576F	N7657G	C150
5775	N7657N	BE95
577A	N7657T	C172
577D	N7657W	P28A
577E	N7657X	C172
5784	N76573	C140
5786	N76575	C140
5789	N76578	C120
578C	N7658A	C180
578D	N7658B	B14A
5792	N7658G	C172
5794	N7658J	P28R
5795	N7658K	PA20
579A	N7658Q	C310
579C	N7658S	BL8
579E	N7658U	C150
57A5	N76581	C140
57A8	N76584	MG15
57AE	N7659	GLID
57B2	N7659D	PA22
57B3	N7659E	CH7A
57B4	N7659F	P28A
57B6	N7659H	PA12
57B7	N7659J	P28R
57BB	N7659N	BE36
57BC	N7659P	PA24
57BE	N7659R	BE23
57C0	N7659T	C172
57C3	N7659W	P28A
57C4	N7659X	S108
57C8	N76591	C140
57D2	N766A	PA44
57D5	N766AC	C25C
57DB	N766AJ	R66
57DF	N766AN	B772
57E4	N766AT	SR22
57E6	N766AV	A20N
57EC	N766BA	A5
5805	N766CA	T6
5806	N766CB	C56X
580A	N766CF	PA31
580E	N766CK	B744
580F	N766CL	C700
5812	N766CP	C172
581D	N766D	WACF
5820	N766DC	S22T
5823	N766DF	PC12
5825	N766DH	RV7
5829	N766DM	COY2
583B	N766EE	C182
584F	N766F	P68
5865	N766FX	C408
5868	N766G	P28A
5887	N766HF	HUCO
588B	N766HK	FA50
5892	N766HS	R66
589A	N766J	JAB4
589C	N766JB	A320
58A6	N766JM	E170
58AF	N766JW	BE60
58B3	N766K	WACO
58D2	N766LF	C25B
58D8	N766LM	RV10
58E5	N766M	C185
58E6	N766MA	MU2
58E8	N766MC	AS50
58EA	N766ME	EC45
58EB	N766MF	AA5
58FF	N766NA	T28
5902	N766ND	P28A
591B	N766PD	C172
5928	N766PS	GLF5
592C	N766PW	GLID
5941	N766QS	CL35
594A	N766RA	FA20
595A	N766RS	GLST
595D	N766RV	RV4
5962	N766S	BE35
5963	N766SA	SR20
5964	N766SB	SR22
596A	N766SH	C82S
596C	N766SK	CRJ7
5970	N766SP	C172
597B	N766T	BE35
5990	N766TW	C172
59A5	N766US	A319
59B7	N766VK	P32R
59BA	N766VN	C182
59C6	N766W	PA22
59D2	N766WM	PA18
5A0E	N766YX	E75L
5A2A	N7660	GLID
5A30	N7660F	P28A
5A31	N7660G	C172
5A34	N7660K	PA20
5A37	N7660N	BE35
5A38	N7660P	PA24
5A3A	N7660R	BE23
5A3B	N7660S	S76
5A3F	N7660W	P28A
5A46	N76603	C140
5A4B	N76608	C140
5A4E	N7661A	C180
5A4F	N7661B	B14A
5A51	N7661D	PA18
5A53	N7661F	P28A
5A55	N7661H	PA12
5A56	N7661J	P28R
5A57	N7661K	PA20
5A58	N7661L	PA18
5A59	N7661M	C175
5A5C	N7661Q	C310
5A60	N7661U	C150
5A62	N7661W	P28A
5A67	N76611	C140
5A69	N76613	C140
5A6C	N76616	C140
5A6F	N76619	C140
5A70	N7662	WACO
5A72	N7662B	B14A
5A76	N7662F	P28A
5A77	N7662G	C172
5A79	N7662J	P28R
5A7A	N7662K	C180
5A7E	N7662P	PA24
5A82	N7662T	C172
5A83	N7662U	C150
5A88	N7662Z	T6
5A8A	N76621	C140
5A8D	N76624	C140
5A8E	N76625	C140
5A91	N76628	C140
5A92	N76629	C140
5A93	N7663	PIAT
5A94	N7663A	C180
5A99	N7663F	P28A
5A9B	N7663H	PA12
5A9F	N7663M	C175
5AA5	N7663T	C172
5AAB	N7663Z	PA25
5AAC	N76630	C120
5AAE	N76632	C140
5AAF	N76633	C140
5AB0	N76634	C120
5AB1	N76635	C140
5AB9	N7664C	T6
5ABA	N7664D	PA18
5ABC	N7664F	P28A
5ABF	N7664J	P28R
5AC0	N7664K	PA20
5AC2	N7664M	C175
5AC4	N7664P	PA24
5AC5	N7664Q	C310
5AC7	N7664S	CH7B
5ACD	N7664Y	PA30
5AD3	N76644	C140
5AD4	N76645	C140
5AD5	N76646	C120
5ADC	N7665C	P28A
5ADD	N7665D	PA18
5AE0	N7665G	C182
5AE3	N7665K	PA20
5AE4	N7665L	S76
5AE7	N7665P	PA24
5AEA	N7665S	CH7B
5AEC	N7665U	C150
5AEF	N7665X	C172
5AF4	N76652	C140
5AF6	N76654	C120
5AF9	N76657	C140
5AFD	N7666A	C180
5B03	N7666G	C172
5B05	N7666J	P28R
5B0C	N7666R	BE23
5B11	N7666W	P28A
5B12	N7666X	C172
5B20	N7667A	B752
5B22	N7667C	P28A
5B25	N7667F	P28A
5B26	N7667G	C172
5B27	N7667H	PA12
5B2B	N7667M	C175
5B2D	N7667P	PA24
5B2E	N7667Q	C310
5B31	N7667T	C172
5B34	N7667W	P28A
5B35	N7667X	C172
5B3F	N76677	C140
5B41	N76679	C140
5B43	N7668A	C180
5B44	N7668B	P68
5B46	N7668D	PA18
5B48	N7668F	P28A
5B4C	N7668K	C180
5B4E	N7668M	C175
5B4F	N7668N	BE35
5B51	N7668Q	C310
5B53	N7668S	CH7B
5B54	N7668T	C172
5B55	N7668U	C150
5B57	N7668W	P28A
5B58	N7668X	C172
5B5B	N76680	C140
5B5D	N76682	C120
5B60	N76685	C120
5B61	N76686	C140
5B64	N76689	C140
5B65	N7669	C337
5B69	N7669D	PA18
5B6C	N7669G	C172
5B70	N7669L	S76
5B71	N7669M	C175
5B73	N7669P	PA24
5B75	N7669R	BE23
5B79	N7669V	A9
5B7C	N7669Y	PA30
5B80	N76692	C140
5B81	N76693	C140
5B83	N76695	C140
5B84	N76696	C140
5B85	N76697	C140
5B89	N767A	B762
5B8A	N767AA	RV8
5B8C	N767AC	BL8
5B8D	N767AD	R44
5B92	N767AJ	B772
5B95	N767AM	GLIM
5B97	N767AP	AC11
5B99	N767AR	BE58
5B9C	N767AU	PA44
5B9E	N767AW	M20P
5B9F	N767AX	B762
5BA1	N767AZ	HDJT
5BA2	N767B	BE35
5BA7	N767BE	FOX
5BA9	N767BG	GLIM
5BAC	N767BK	M20P
5BB2	N767BR	RV8
5BB3	N767BS	C56X
5BB7	N767BW	RV7
5BBA	N767BZ	B762
5BBB	N767C	S108
5BBC	N767CA	C82T
5BBD	N767CB	GLF2
5BBE	N767CC	PA18
5BBF	N767CD	C172
5BC0	N767CE	P28B
5BC1	N767CF	RV12
5BC2	N767CG	C172
5BC4	N767CJ	B762
5BC5	N767CK	B744
5BC6	N767CL	C172
5BC7	N767CM	BE36
5BC8	N767CN	F8L
5BC9	N767CP	ALIG
5BCB	N767CR	C172
5BCD	N767CT	GLIM
5BCF	N767CV	P32R
5BD0	N767CW	GLF5
5BD3	N767CZ	COZY
5BD6	N767DB	RV7
5BD7	N767DC	RV6
5BD8	N767DD	BOLT
5BDA	N767DF	BE36
5BDC	N767DH	RV7
5BDE	N767DK	GC1
5BDF	N767DL	RV8
5BE1	N767DN	ST75
5BE2	N767DP	M20P
5BE4	N767DR	RV8
5BED	N767E	WACO
5BF9	N767EM	LEG2
5BFD	N767ER	R22
5BFE	N767ES	LNCE
5C01	N767EV	PA11
5C02	N767EW	RV7
5C07	N767FA	BE55
5C0A	N767FD	RV8
5C0B	N767FE	C208
5C0F	N767FJ	RV7
5C10	N767FK	M7
5C18	N767FT	AA5
5C1C	N767FX	C408
5C20	N767GA	GA7C
5C22	N767GC	RV6
5C23	N767GD	GA5C
5C2A	N767GL	RV7
5C2B	N767GM	RV8
5C2D	N767GP	RV6
5C30	N767GS	RV8
5C38	N767H	B06
5C3F	N767HG	RV12
5C46	N767HP	TBM7
5C48	N767HR	C82S
5C4D	N767HW	COUG
5C51	N767J	S76
5C52	N767JA	GLST
5C53	N767JB	RV7
5C54	N767JC	BE36
5C55	N767JD	FOX
5C58	N767JG	PA32
5C5A	N767JJ	SA30
5C5B	N767JK	RV14
5C5D	N767JM	RV7
5C62	N767JS	EAGL
5C66	N767JW	PTS1
5C6A	N767K	WACO
5C6D	N767KC	C560
5C6F	N767KE	GLST
5C78	N767KP	PA30
5C7C	N767KT	C82S
5C7E	N767KV	GLST
5C83	N767L	C82T
5C87	N767LD	F2TH
5C8B	N767LH	H269
5C9C	N767M	GLID
5C9D	N767MA	RV7
5C9E	N767MB	EC30
5C9F	N767MC	BE9L
5CA0	N767MD	TB20
5CA1	N767ME	AEST
5CA3	N767MG	C172
5CA8	N767MM	TL30
5CAA	N767MP	SREY
5CAC	N767MR	BE60
5CAE	N767MT	C82S
5CB1	N767MW	B762
5CB5	N767N	PA18
5CB6	N767NA	KMAX
5CB9	N767ND	P28A
5CBA	N767NE	CRUZ
5CD1	N767PC	BE55
5CD3	N767PE	PA34
5CDA	N767PM	RV4
5CDF	N767PS	CRUZ
5CF8	N767QS	CL35
5D01	N767RA	C172
5D02	N767RB	R22
5D03	N767RC	RV6
5D04	N767RD	M20P
5D06	N767RF	P210
5D09	N767RJ	PA23
5D0A	N767RK	RV8
5D0E	N767RP	AVTR
5D10	N767RR	C310
5D11	N767RS	C182
5D12	N767RT	C82S
5D14	N767RV	RV6
5D15	N767RW	C150
5D1A	N767SA	DA42
5D1B	N767SB	M20P
5D1C	N767SC	PA23
5D1D	N767SD	VELO
5D1E	N767SE	CH7B
5D20	N767SG	RV8
5D23	N767SK	CRJ7
5D2A	N767SS	GLIM
5D2E	N767SW	B737
5D2F	N767SX	CRUZ
5D32	N767T	RV7
5D3E	N767TM	BE35
5D40	N767TP	P46T
5D42	N767TR	SREY
5D46	N767TV	RV8
5D48	N767TX	RV7
5D4B	N767U	BE35
5D60	N767UW	A319
5D64	N767V	FLE2
5D65	N767VA	B762
5D7D	N767W	RV10
5D7E	N767WA	B763
5D7F	N767WB	F900
5D80	N767WC	GLID
5D81	N767WD	C82R
5D83	N767WF	BE20
5D86	N767WJ	P47
5D89	N767WM	RV7
5D8B	N767WP	AT8T
5D8D	N767WR	ERCO
5D8E	N767WS	SF50
5D8F	N767WT	S22T
5D96	N767X	RV7
5D9F	N767XJ	C750
5DA8	N767XT	C25B
5DC5	N767YX	E75L
5DC8	N767Z	C441
5DE0	N767ZZ	SR22
5DE1	N7670	FDCT
5DE3	N7670B	CL30
5DE7	N7670F	P28A
5DE8	N7670G	C172
5DE9	N7670H	PA12
5DEB	N7670K	PA20
5DED	N7670M	C175
5DEF	N7670P	PA24
5DF0	N7670Q	C310
5DF1	N7670R	BE24
5DF2	N7670S	BL8
5DF6	N7670W	P28A
5DF7	N7670X	C172
5DFE	N76704	C140
5E00	N76706	C120
5E01	N76707	RV4
5E02	N76708	C140
5E08	N7671D	PA18
5E0A	N7671F	PA32
5E0B	N7671G	BE36
5E0C	N7671H	PA12
5E10	N7671M	C175
5E14	N7671R	BE23
5E1B	N7671Y	PA30
5E1D	N76710	C120
5E26	N76719	C140
5E28	N7672A	C180
5E29	N7672B	B14A
5E2A	N7672C	B762
5E2B	N7672D	B762
5E30	N7672J	P28R
5E31	N7672K	PA20
5E34	N7672N	BE36
5E35	N7672P	PA24
5E38	N7672S	BL8
5E3C	N7672W	P28A
5E3D	N7672X	C172
5E3E	N7672Y	PA30
5E44	N76724	C140
5E48	N76728	C140
5E51	N7673G	C172
5E58	N7673P	PA24
5E5A	N7673R	BE23
5E5C	N7673T	C172
5E5F	N7673W	P28A
5E60	N7673X	C172
5E64	N76731	C140
5E65	N76732	C140
5E66	N76733	C140
5E68	N76735	C140
5E6F	N7674B	B14A
5E70	N7674C	P28R
5E73	N7674F	P28A
5E75	N7674H	PA12
5E76	N7674J	P28R
5E77	N7674K	C180
5E79	N7674M	C175
5E7B	N7674P	PA24
5E7E	N7674S	CH7B
5E7F	N7674T	C172
5E80	N7674U	C150
5E84	N7674Y	PA30
5E86	N76740	C140
5E88	N76742	C120
5E89	N76743	C140
5E8B	N76745	C140
5E8D	N76747	BT36
5E8E	N76748	C140
5E92	N7675B	B14A
5E94	N7675D	PA18
5E97	N7675G	C150
5E99	N7675J	P28R
5E9E	N7675P	PA24
5EA0	N7675R	BE23
5EA1	N7675S	CH7A
5EA2	N7675T	C172
5EA3	N7675U	C150
5EA5	N7675W	P28A
5EA6	N7675X	C172
5EA9	N76750	C120
5EAD	N76754	C120
5EAE	N76755	C140
5EAF	N76756	C140
5EB3	N7676	GLID
5EB5	N7676B	B14A
5EB9	N7676F	P28A
5EBA	N7676G	C172
5EBF	N7676M	C175
5EC1	N7676P	PA24
5EC5	N7676T	C172
5EC6	N7676U	C150
5EC8	N7676W	P28A
5ECA	N7676Y	PA30
5ED5	N76769	C140
5ED6	N7677	Y18T
5ED8	N7677B	B14A
5ED9	N7677C	P32R
5EDA	N7677D	SR22
5EDB	N7677E	CH7A
5EDC	N7677F	P28A
5EE0	N7677K	PA20
5EE2	N7677M	PA18
5EE3	N7677N	BE95
5EE4	N7677P	PA24
5EE9	N7677U	C150
5EEA	N7677V	M20P
5EEB	N7677W	P28A
5EEE	N7677Z	PA25
5EEF	N76770	C120
5EF0	N76771	C140
5EF3	N76774	C120
5EF5	N76776	C140
5EF6	N76777	C140
5EF7	N76778	C120
5EF9	N7678	GLID
5EFA	N7678A	C180
5EFD	N7678D	PA18
5EFE	N7678E	CH7A
5EFF	N7678F	H46
5F00	N7678G	C172
5F01	N7678H	PA12
5F07	N7678P	PA24
5F0D	N7678V	A9
5F0E	N7678W	P28A
5F0F	N7678X	C172
5F11	N7678Z	T6
5F12	N76780	C140
5F17	N76785	C140
5F18	N76786	C120
5F1E	N7679B	B14A
5F21	N7679E	CH7A
5F22	N7679F	P28A
5F23	N7679G	C172
5F24	N7679H	R22
5F28	N7679M	C175
5F2C	N7679R	BE23
5F2E	N7679T	PC12
5F2F	N7679U	C150
5F35	N76790	C120
5F3A	N76795	C140
5F3D	N76798	C120
5F3F	N768	DHC2
5F40	N768A	P28A
5F41	N768AA	B772
5F43	N768AC	CH7B
5F4B	N768AL	S76
5F4C	N768AM	S76
5F51	N768AS	B734
5F56	N768AX	B762
5F58	N768AZ	RV8
5F64	N768BL	CL35
5F6E	N768BW	RV8
5F72	N768C	BL8
5F73	N768CA	PA32
5F74	N768CB	S22T
5F75	N768CC	M20P
5F76	N768CD	SR22
5F79	N768CG	C182
5F80	N768CP	C82S
5F83	N768CS	C82S
5FA4	N768E	CL60
5FAF	N768EL	LA4
5FBD	N768F	AC11
5FC2	N768FE	C208
5FCD	N768FR	SLG4
5FCE	N768FS	S22T
5FD3	N768FX	C408
5FD7	N768GA	GA7
5FF0	N768HA	CH70
6008	N768J	JAB4
600A	N768JB	A320
600E	N768JF	EA50
6011	N768JJ	GLF5
6019	N768JS	C560
6021	N768K	WACO
6022	N768KA	TAIL
602D	N768KM	BE35
603C	N768LB	G2CA
6048	N768LP	C68A
6055	N768MB	PA31
605B	N768MH	S76
605F	N768MM	MR35
606E	N768NB	BN2P
6070	N768ND	P28A
6085	N768P	SA30
608A	N768PE	PA31
60AF	N768QS	CL35
60BB	N768RD	E170
60CB	N768RV	RV8
60D3	N768SC	CH60
60D8	N768SH	GLAS
60DA	N768SK	CRJ7
60DE	N768SP	C172
60E0	N768SR	CRUZ
60E2	N768ST	UH1
60E5	N768SW	B737
60E6	N768SX	S76
60F4	N768TL	RV8
6103	N768UA	B772
6113	N768US	A319
611C	N768VA	B762
6134	N768W	BE95
6140	N768WM	ST75
617C	N768YX	E75L
6198	N7680	GLID
619C	N7680D	PA18
619D	N7680E	CH7A
619E	N7680F	P28A
619F	N7680G	C172
61A5	N7680N	BE95
61A8	N7680R	BE19
61A9	N7680S	BL8
61AD	N7680W	P28A
61AF	N7680Y	C185
61B7	N76806	C120
61C1	N7681F	PA34
61C2	N7681G	C172
61C5	N7681K	C180
61CA	N7681Q	C310
61CC	N7681S	CH7B
61CE	N7681U	T210
61D2	N7681Y	PA30
61D7	N76813	C140
61DE	N7682	GLID
61E0	N7682B	B14A
61E2	N7682D	PA18
61E6	N7682H	PA12
61E7	N7682J	P28R
61EA	N7682M	C175
61EE	N7682R	BE19
61F1	N7682U	C150
61F3	N7682W	P28A
61F4	N7682X	C172
61FD	N76826	C120
6200	N76829	C140
6203	N7683B	B14A
6205	N7683D	PA18
6207	N7683F	P28A
6208	N7683G	C172
6209	N7683H	R22
620B	N7683K	PA20
620D	N7683M	C175
620F	N7683P	PA24
6212	N7683S	BL8
6213	N7683T	C172
621C	N76832	C140
621E	N76834	C120
6220	N76836	C140
6222	N76838	C120
6226	N7684B	B14A
6227	N7684C	PA34
6228	N7684D	PA18
622A	N7684F	P28A
622C	N7684H	PA12
622E	N7684K	C180
6231	N7684N	BE35
6232	N7684P	PA24
623E	N76841	C140
6240	N76843	C140
6241	N76844	C120
6244	N76847	C140
6245	N76848	C120
6248	N7685A	C180
6249	N7685B	B14A
624A	N7685C	S76
624B	N7685D	PA18
624C	N7685E	CH7A
6253	N7685M	C182
6254	N7685N	T210
6255	N7685P	PA24
6256	N7685Q	C310
6258	N7685S	CH7B
625E	N7685Y	PA30
6260	N76850	C140
6269	N76859	C140
626A	N7686	GLID
626C	N7686B	B14A
626F	N7686E	CH7A
6270	N7686F	P28A
6273	N7686J	P28R
6277	N7686N	BE33
6279	N7686Q	S76
627F	N7686W	P28A
6281	N7686Y	PA30
6284	N76861	C140
6288	N76865	C140
628A	N76867	C140
628F	N7687B	B14A
6290	N7687C	B25
6291	N7687D	PA18
6298	N7687L	S76
629A	N7687N	BE36
629C	N7687Q	C310
629D	N7687R	BE23
629E	N7687S	CH7B
62A2	N7687W	P28A
62A3	N7687X	C172
62A7	N76871	C140
62AA	N76874	C140
62AB	N76875	C140
62B0	N7688	PA46
62B3	N7688C	P28A
62B4	N7688D	PA18
62B6	N7688F	P28A
62B8	N7688H	PA12
62B9	N7688J	P28R
62BB	N7688L	PA18
62BC	N7688M	C175
62BE	N7688P	S76
62BF	N7688Q	C310
62C0	N7688R	BE24
62C1	N7688S	CH7B
62C2	N7688T	C172
62C5	N7688W	P28A
62C6	N7688X	C172
62CB	N76882	C140
62CC	N76883	C140
62D0	N76887	C140
62D3	N7689	G164
62D6	N7689C	T6
62D9	N7689F	P28A
62DA	N7689G	C172
62DE	N7689L	S76
62DF	N7689M	C175
62E3	N7689R	BE23
62E5	N7689T	C172
62EA	N7689Y	PA30
62EF	N76893	C140
62F0	N76894	C140
62F6	N769	K100
62F7	N769A	P28A
62F8	N769AA	H60
62FA	N769AC	B58T
6302	N769AL	S76
6303	N769AM	B39M
630B	N769AV	A20N
6311	N769BA	B38M
6314	N769BD	RV7
6319	N769BJ	BE30
631A	N769BK	SF50
6321	N769BS	T206
6325	N769BW	RV12
632A	N769CA	LJ28
632B	N769CB	BE35
632D	N769CD	SR22
632E	N769CE	RV8
6333	N769CK	B77W
6337	N769CP	C172
633A	N769CS	C560
6344	N769DB	C182
634D	N769DL	BE36
6353	N769DS	RS20
635C	N769EA	C402
635D	N769EB	PC12
637B	N769FG	C172
638E	N769GA	GA7
6396	N769GJ	H500
6399	N769GM	P28A
639D	N769GR	BE9L
639E	N769GS	P32R
63BF	N769J	P28R
63C1	N769JB	C172
63C8	N769JJ	PA34
63CF	N769JR	CH70
63D0	N769JS	TBM7
63D4	N769JW	F2TH
63DA	N769KB	H500
63E3	N769KL	SW4
63ED	N769KW	E170
63F1	N769L	DA40
63FE	N769LN	TWEN
6402	N769LS	DA40
6409	N769LZ	PA32
640A	N769M	WW24
640C	N769MB	C25B
640D	N769MC	PA31
6412	N769MH	S76
6416	N769MM	GLF4
6427	N769ND	P28A
6428	N769NE	C152
643C	N769P	S76
643E	N769PB	AT5T
644E	N769PT	GA5C
6466	N769QS	CL35
646F	N769RA	P28A
6474	N769RF	CL30
6477	N769RJ	BE95
647F	N769RS	GLID
6482	N769RV	RV7
6491	N769SK	P3
6492	N769SL	BE9T
6495	N769SP	C172
6497	N769SR	SR22
6499	N769ST	LJ45
649C	N769SW	B737
649D	N769SX	SONX
64A0	N769T	BE35
64AC	N769TM	LJ45
64B2	N769TT	PA34
64B6	N769TX	S22T
64BA	N769UA	B772
64CA	N769US	A319
64D3	N769VA	B762
64E0	N769VP	VP2
64F0	N769WE	GLF5
64FD	N769WT	BE36
6504	N769X	COZY
650D	N769XJ	C750
651A	N769XX	BE33
6533	N769YX	E75L
654F	N7690	G164
6555	N7690F	PA32
6556	N7690G	C150
6557	N7690H	PA12
6558	N7690J	P28R
655A	N7690L	S76
655C	N7690N	BE36
6560	N7690S	BL8
6561	N7690T	C172
6564	N7690W	P28A
6565	N7690X	C172
6566	N7690Y	PA30
6569	N76901	C140
656B	N76903	C140
656D	N76905	C140
6574	N7691B	B14A
6576	N7691D	T206
6579	N7691G	C182
657A	N7691H	PA12
657E	N7691M	C175
657F	N7691N	BE36
6582	N7691R	BE19
6584	N7691T	C172
6587	N7691W	P28A
6588	N7691X	C172
6590	N76915	C140
6593	N76918	C140
6597	N7692B	B14A
659A	N7692E	CH7A
659B	N7692F	P32R
659E	N7692J	P28R
65A1	N7692M	C175
65A3	N7692P	PA24
65A8	N7692U	C150
65AB	N7692X	C172
65AC	N7692Y	PA30
65AD	N7692Z	T6
65B2	N76924	C120
65B3	N76925	C140
65B4	N76926	C140
65B5	N76927	C140
65B8	N7693	G164
65BD	N7693E	CH7A
65C4	N7693M	C175
65C8	N7693R	BE23
65CA	N7693T	C172
65CD	N7693W	P28A
65CF	N7693Y	PA30
65D0	N7693Z	T6
65D1	N76930	C140
65D3	N76932	C120
65D4	N76933	C140
65DB	N7694	G164
65DD	N7694B	YK52
65E0	N7694E	CH7A
65E1	N7694F	P28A
65E5	N7694K	PA20
65E6	N7694L	PA31
65E8	N7694N	BE35
65E9	N7694P	PA24
65EC	N7694S	BL8
65ED	N7694T	C172
65EE	N7694U	C150
65EF	N7694V	C77R
65F0	N7694W	P28A
65F6	N76942	C140
65F8	N76944	C120
65FA	N76946	C140
65FB	N76947	C140
65FC	N76948	C120
65FE	N7695	G164
6600	N7695B	B14A
6602	N7695D	R44
6603	N7695E	CH7A
6605	N7695G	C172
6608	N7695K	PA20
660A	N7695M	C175
660B	N7695N	BE35
660F	N7695S	BL8
6613	N7695W	P28A
6615	N7695Y	PA30
6617	N76950	C140
6618	N76951	C140
6619	N76952	C120
661B	N76954	C140
661C	N76955	C140
661E	N76957	P28A
6624	N7696C	P28B
6625	N7696D	PA18
6627	N7696F	P28A
6628	N7696G	C172
662C	N7696L	PA18
662D	N7696M	C175
662F	N7696P	PA24
6631	N7696R	BE23
6635	N7696V	A9
6636	N7696W	P28A
663C	N76962	C140
6641	N76967	C140
6645	N7697A	RV7
6648	N7697D	PA18
664A	N7697F	P28A
664B	N7697G	C172
6651	N7697N	BE33
6652	N7697P	PA24
6655	N7697S	BL8
6656	N7697T	C172
6657	N7697U	C150
6659	N7697W	P28A
665A	N7697X	C172
665B	N7697Y	PA30
6661	N76974	C140
6662	N76975	C140
6664	N76977	C140
6665	N76978	C140
6667	N7698	G164
6668	N7698A	C180
666A	N7698C	P32R
666D	N7698F	P28A
6670	N7698J	P28R
6675	N7698P	PA24
6679	N7698T	C172
667A	N7698U	C150
667C	N7698W	P28A
6680	N76980	C120
6683	N76983	C140
6685	N76985	C140
6689	N76989	C140
668A	N7699	G164
668C	N7699B	B14A
6691	N7699G	C172
6693	N7699J	P28R
669B	N7699S	SSTL
669C	N7699T	C172
66A1	N7699Y	PA11
66A7	N76994	C140
66A8	N76995	C140
66AB	N76998	CB1
66AD	N77	BE30
66AF	N77AA	ST75
66B0	N77AB	BE33
66B1	N77AC	BE36
66B2	N77AD	C25B
66B3	N77AE	GLIM
66B4	N77AF	C72R
66B5	N77AG	LGEZ
66B6	N77AH	P28R
66B7	N77AJ	P32R
66B8	N77AK	T18
66BC	N77AP	C182
66BF	N77AS	L13M
66C0	N77AT	M20P
66C1	N77AU	GLIM
66C2	N77AV	C180
66C3	N77AW	BE95
66C4	N77AX	RV7
66C5	N77AY	B14A
66C8	N77BA	DHC2
66CA	N77BC	BE58
66CB	N77BD	G44
66CC	N77BE	GLID
66CD	N77BF	GLID
66CF	N77BH	NAVI
66D0	N77BJ	BE35
66D9	N77BT	P46T
66DB	N77BV	P210
66DC	N77BW	LNC2
66E0	N77C	HDJT
66E1	N77CA	BE20
66E2	N77CB	PA18
66E4	N77CD	C414
66E5	N77CE	BE9L
66E8	N77CH	PA30
66E9	N77CJ	LJ45
66EB	N77CL	BE95
66EC	N77CM	P337
66ED	N77CN	GLID
66F0	N77CR	T206
66F1	N77CS	BE33
66F4	N77CV	BE20
66F5	N77CW	EC20
66F6	N77CX	SR22
66F7	N77CY	BE35
66FA	N77DA	BE33
66FB	N77DB	C25A
66FC	N77DC	BE36
66FD	N77DD	R44
66FE	N77DE	PA46
6701	N77DH	C172
6702	N77DJ	SF50
6703	N77DK	WAIX
6706	N77DN	C337
6707	N77DP	B47G
6708	N77DQ	PC6T
6709	N77DR	P32R
670A	N77DS	PA31
670C	N77DU	P32R
670D	N77DV	DA62
670E	N77DW	PA16
670F	N77DX	M20P
6711	N77DZ	C56X
6713	N77EA	PC12
6714	N77EB	M20P
6715	N77EC	J3
6716	N77ED	ST75
6719	N77EG	M20P
671D	N77EL	SREY
671E	N77EM	FB1A
671F	N77EN	P28R
6720	N77EP	C421
6721	N77EQ	P28A
6722	N77ER	C172
6723	N77ES	C210
6724	N77ET	PA11
6727	N77EW	BL17
672A	N77EZ	VEZE
672B	N77F	F2TH
672C	N77FA	C310
672D	N77FB	AVID
672F	N77FD	C501
6730	N77FE	BL17
6731	N77FF	PTS1
6733	N77FH	BE35
6734	N77FJ	TAYB
6735	N77FK	GLF4
6739	N77FP	AEST
673C	N77FS	RV4
673D	N77FT	PA34
6740	N77FW	C172
6741	N77FX	R44
6744	N77G	PA22
6745	N77GA	CH7B
6746	N77GB	RV4
6748	N77GD	S22T
6749	N77GE	TAIL
674A	N77GF	BE33
674B	N77GG	SA75
674C	N77GH	PTS1
674D	N77GJ	M20P
674F	N77GL	BD4
6750	N77GM	P28A
6752	N77GP	FDCT
6754	N77GR	RV4
6755	N77GS	P210
6756	N77GT	RV6
6757	N77GU	SBR1
6758	N77GV	BE35
6759	N77GW	C337
675A	N77GX	GX
675C	N77GZ	C182
675F	N77HB	SNS7
6760	N77HC	BE36
6761	N77HD	BE20
6762	N77HE	BE9L
6763	N77HF	C650
6764	N77HG	S22T
6767	N77HK	RV12
6768	N77HL	B14A
6769	N77HM	BE35
676B	N77HP	FB1A
676E	N77HS	AC90
676F	N77HT	BE36
6772	N77HW	C172
6773	N77HX	EN28
6775	N77HZ	GLID
6776	N77J	C140
6778	N77JB	BE55
6779	N77JC	PTS1
677B	N77JE	BE36
677C	N77JF	C172
677D	N77JG	PA18
677E	N77JH	GLIM
6780	N77JK	TLEG
6782	N77JM	VEZE
6783	N77JN	LNC2
6784	N77JP	C180
6786	N77JR	GLID
6787	N77JS	C310
6788	N77JT	RV6
6789	N77JU	C240
678D	N77JY	PTS1
678E	N77JZ	RV7
6790	N77KA	BE55
6791	N77KB	C172
6793	N77KD	S22T
6795	N77KF	PA18
6796	N77KG	BE33
6797	N77KH	RV7
6798	N77KJ	CLON
6799	N77KK	PA23
679C	N77KN	C25A
679D	N77KP	PA34
679F	N77KR	P210
67A0	N77KS	BOLT
67A1	N77KT	PA23
67A4	N77KW	E300
67A7	N77KZ	DHC2
67A8	N77L	RV9
67A9	N77LA	C172
67AA	N77LB	BE58
67AB	N77LC	C182
67AC	N77LD	SF50
67AE	N77LF	VEZE
67AF	N77LG	TBM7
67B1	N77LJ	BE36
67B2	N77LK	GLID
67B3	N77LL	C25B
67B4	N77LM	BE35
67B5	N77LN	C82R
67B9	N77LS	RV8
67BB	N77LU	C72R
67BC	N77LV	BE58
67BE	N77LX	C650
67BF	N77LY	S22T
67C0	N77LZ	P28R
67C1	N77M	C25C
67C2	N77MA	C560
67C3	N77MB	C310
67C5	N77MD	BE36
67C6	N77ME	FA50
67C8	N77MG	R44
67C9	N77MH	L39
67CA	N77MJ	C310
67CE	N77MN	RV10
67CF	N77MP	PTMS
67D2	N77MS	BE36
67D5	N77MV	DHC2
67D8	N77MY	R66
67DC	N77NB	BE9L
67DD	N77NC	PA18
67DE	N77ND	C25A
67E0	N77NF	C208
67E1	N77NG	BE30
67E5	N77NL	PA31
67E6	N77NM	PA18
67EC	N77NT	C25B
67EF	N77NW	B58T
67F0	N77NX	ONEX
67F1	N77NY	B407
67F2	N77NZ	GLEX
67F5	N77PB	RV7
67F6	N77PC	J3
67F9	N77PF	BE10
67FA	N77PG	BE36
67FB	N77PH	M20P
67FD	N77PK	PA46
67FE	N77PL	PA20
67FF	N77PM	P28R
6801	N77PP	C150
6803	N77PR	C550
6805	N77PT	FOX
6807	N77PV	BE9T
6808	N77PW	ALIG
680B	N77PZ	RV7
680E	N77QB	C340
6815	N77QJ	BE35
681B	N77QQ	BE35
6826	N77RA	T210
6827	N77RB	C182
6828	N77RC	P28R
682B	N77RF	E55P
682C	N77RG	C310
682D	N77RH	PA32
682E	N77RJ	BE35
6830	N77RL	SLG4
6831	N77RM	HROC
6835	N77RR	BE95
6837	N77RT	BE58
6839	N77RE	BE20
683A	N77RW	KELA
683B	N77RX	PA11
683D	N77RZ	C208
6840	N77SB	PA32
6842	N77SD	PC12
6844	N77SF	C650
6845	N77SG	BOLT
6847	N77SJ	E300
6849	N77SL	PA30
684A	N77SM	BE55
6850	N77ST	PA18
6852	N77SV	BL17
6853	N77SW	GLIM
6854	N77SX	SHEK
6855	N77SY	C182
6856	N77SZ	PA34
6859	N77TB	P28A
685B	N77TD	C182
685C	N77TE	EA50
685D	N77TF	DHC6
685E	N77TG	BE30
6860	N77TJ	VEZE
6862	N77TL	B06
6865	N77TP	PA46
6869	N77TT	P32R
686B	N77TV	BL17
686C	N77TW	PTS2
686D	N77TX	T6
686F	N77TZ	C510
6878	N77UH	R22
687A	N77UK	GLIM
687D	N77UN	GLIM
6883	N77UU	GLIM
6885	N77UW	C68A
688B	N77VB	BE35
688C	N77VC	RV6
688E	N77VE	PA32
688F	N77VF	P46T
6890	N77VG	C25A
6891	N77VH	RV7
6892	N77VJ	SF50
6893	N77VK	BE36
6894	N77VL	GLID
6895	N77VM	C182
6897	N77VP	VP2
6899	N77VR	C25A
689A	N77VS	TB20
68A1	N77VZ	C25A
68A4	N77WB	C25C
68A5	N77WC	BE30
68A6	N77WD	RV7
68A7	N77WE	P28R
68A9	N77WG	PTS1
68AC	N77WK	RV4
68AD	N77WL	GLF4
68AE	N77WM	BE9L
68B2	N77WR	CRER
68B3	N77WS	C206
68B9	N77WY	HUSK
68BC	N77XA	RV7
68BE	N77XC	AEST
68BF	N77XD	C182
68C1	N77XF	BE35
68C4	N77XJ	BE58
68C5	N77XK	RV7
68C9	N77XP	C172
68CB	N77XR	GLIM
68CC	N77XS	BE35
68D1	N77XX	PTS1
68D2	N77XY	E300
68D4	N77Y	GC1
68D5	N77YA	PA23
68D7	N77YC	CJ6
68D9	N77YE	BE55
68DE	N77YK	YK52
68E0	N77YM	PA18
68E6	N77YT	BT36
68E8	N77YV	H500
68E9	N77YW	RV6
68EA	N77YX	WAIX
68EB	N77YY	P32R
68EC	N77YZ	GLID
68ED	N77Z	ERCO
68EE	N77ZA	PC12
68EF	N77ZB	P28A
68F1	N77ZD	GLID
68F2	N77ZE	PC12
68F4	N77ZG	LNC2
68F9	N77ZM	S22T
68FB	N77ZP	RV4
6902	N77ZW	TAIL
6903	N77ZX	SR20
6905	N77ZZ	SONX
6906	N770	L8
6909	N770AB	BE10
690D	N770AF	C500
690E	N770AG	GLEX
6911	N770AK	R66
6913	N770AM	HUSK
6914	N770AN	B772
6917	N770AR	B06
6918	N770AS	M7
691B	N770AV	CRJ2
691D	N770AX	DO27
691F	N770AZ	H25B
6920	N770B	BE35
6922	N770BB	B752
6923	N770BC	GLF6
6924	N770BD	RV10
6928	N770BH	M20P
692A	N770BK	PA23
6930	N770BR	E50P
6938	N770BZ	LJ60
693B	N770CB	C172
693C	N770CC	H25B
693D	N770CD	P337
693F	N770CF	T206
6940	N770CG	CAMP
6942	N770CJ	C750
6943	N770CK	B77W
6945	N770CM	M20P
6948	N770CQ	R44
694A	N770CS	C421
694B	N770CT	SR22
6952	N770D	BE10
6955	N770DC	TBM7
695A	N770DH	RV4
695C	N770DK	M20P
6963	N770DS	C550
6967	N770DW	RV7
6974	N770EJ	SF50
6988	N770FD	B752
6989	N770FE	C208
698B	N770FG	FA20
698E	N770FK	BN2P
698F	N770FL	PC12
6996	N770FT	AA5
699D	N770G	P28A
69A6	N770GJ	SONX
69B6	N770H	C182
69C4	N770HP	B06
69D5	N770JF	PA31
69D9	N770JK	BABY
69DA	N770JL	DEFI
69DB	N770JM	E170
69DD	N770JP	LJ35
69E0	N770JS	C25B
69E8	N770K	SREY
69EE	N770KF	GLEX
69F9	N770KS	GLF4
69FA	N770KT	PA31
6A01	N770L	TL20
6A02	N770LA	BE58
6A04	N770LC	J3
6A06	N770LE	C25C
6A0C	N770LL	WH1
6A0D	N770LM	FA7X
6A12	N770LS	FDCT
6A21	N770MG	PA31
6A25	N770ML	C82T
6A26	N770MM	SR22
6A2E	N770MV	C310
6A2F	N770MW	C680
6A34	N770NA	C150
6A37	N770ND	P28A
6A4C	N770P	BE36
6A4E	N770PB	BE20
6A4F	N770PC	PC24
6A53	N770PG	G280
6A5C	N770PR	P28A
6A5D	N770PS	SREY
6A5E	N770PT	COL3
6A61	N770PW	PC12
6A76	N770QS	CL35
6A8A	N770RM	C680
6A8C	N770RP	RV7
6A8F	N770RS	DA40
6A92	N770RV	RV7
6A93	N770RW	MU2
6A98	N770SA	B737
6A99	N770SB	PZ04
6AA1	N770SK	CRJ7
6AA2	N770SL	PRM1
6AA3	N770SM	AS50
6AA7	N770SR	SR22
6AA8	N770SS	CRER
6AA9	N770ST	ST75
6AAC	N770SW	CL60
6AB0	N770T	BE35
6AB4	N770TD	LJ45
6AB8	N770TH	DHC2
6ABC	N770TM	F2TH
6ABE	N770TP	SR22
6AC0	N770TR	SW4
6AC5	N770TW	R44
6AC6	N770TX	CLON
6ADE	N770UW	A319
6AE2	N770V	J4
6AE8	N770VF	BE9L
6AF0	N770VP	VP2
6AFD	N770WB	PISI
6B03	N770WH	RV6
6B06	N770WL	H60
6B14	N770X	LJ60
6B24	N770XR	M7
6B26	N770XT	A320
6B2A	N770XX	GLF5
6B2D	N770Y	FA62
6B43	N770YX	E75L
6B5E	N770ZZ	LEG2
6B5F	N7700	CL60
6B60	N7700A	R44
6B62	N7700C	TAYB
6B64	N7700E	C150
6B65	N7700F	C150
6B67	N7700H	C182
6B68	N7700J	PA32
6B6B	N7700M	M20P
6B6C	N7700N	BE95
6B6D	N7700P	PA24
6B6E	N7700Q	C310
6B72	N7700U	C172
6B74	N7700W	P28A
6B75	N7700X	C172
6B7E	N77006	B772
6B7F	N77007	C140
6B80	N77008	C120
6B81	N77009	C140
6B83	N7701A	PA44
6B86	N7701D	PA22
6B88	N7701F	C185
6B8A	N7701H	PA12
6B8D	N7701L	LJ24
6B8E	N7701M	M20P
6B8F	N7701N	P28A
6B93	N7701S	GLID
6B95	N7701U	C172
6B9C	N77011	C140
6B9D	N77012	B772
6B9E	N77013	C140
6B9F	N77014	B772
6BA1	N77016	C120
6BA2	N77017	C140
6BA3	N77018	C140
6BA4	N77019	B772
6BA5	N7702	CH70
6BA6	N7702A	B737
6BA7	N7702B	PA44
6BAA	N7702E	C150
6BAD	N7702H	P28A
6BAF	N7702K	C180
6BB0	N7702L	P32R
6BB1	N7702M	M20P
6BB2	N7702N	P28A
6BB4	N7702Q	C310
6BB9	N7702V	C77R
6BBA	N7702W	P28A
6BBD	N7702Z	RV7
6BBF	N77021	C140
6BC0	N77022	B772
6BC6	N77028	C120
6BC9	N7703A	B737
6BCB	N7703C	PA44
6BCC	N7703D	PA22
6BCE	N7703F	C150
6BD0	N7703H	PA12
6BDA	N7703T	C185
6BDF	N7703Y	PA30
6BE0	N7703Z	PA25
6BE3	N77032	C120
6BED	N7704B	B737
6BEE	N7704C	T6
6BEF	N7704D	PA44
6BF4	N7704J	PA32
6BF7	N7704M	M20P
6BF9	N7704P	PA24
6BFA	N7704Q	C310
6BFC	N7704S	CH7A
6BFE	N7704U	C150
6C00	N7704W	P28A
6C01	N7704X	C172
6C03	N7704Z	PA25
6C05	N77041	C140
6C0C	N77048	C120
6C0D	N77049	C140
6C0E	N7705	M7
6C11	N7705C	B26
6C12	N7705D	PA22
6C13	N7705E	C150
6C14	N7705F	C150
6C15	N7705G	TAIL
6C16	N7705H	PA12
6C1A	N7705M	M22
6C1B	N7705N	P28A
6C21	N7705U	C172
6C27	N77050	C140
6C28	N77051	C140
6C2A	N77053	C140
6C2C	N77055	T6
6C32	N7706A	B737
6C39	N7706H	PA12
6C3D	N7706M	M22
6C3E	N7706N	P28A
6C42	N7706S	GLID
6C47	N7706X	C172
6C48	N7706Y	PA30
6C4B	N77061	C140
6C4D	N77063	C140
6C50	N77066	B764
6C54	N7707	BE35
6C55	N7707A	C180
6C57	N7707C	B737
6C5D	N7707J	PA32
6C60	N7707M	M22
6C61	N7707N	P28A
6C62	N7707P	PA24
6C64	N7707R	BE36
6C66	N7707T	C172
6C67	N7707U	C172
6C69	N7707W	P28A
6C6A	N7707X	FA7X
6C6B	N7707Y	PA30
6C71	N77074	DHC1
6C74	N77077	P28B
6C77	N7708	MG21
6C79	N7708B	J3
6C7B	N7708D	PA22
6C7C	N7708E	B737
6C7F	N7708H	PA12
6C8A	N7708U	C172
6C8C	N7708W	P28A
6C92	N77082	C140
6C93	N77083	C140
6C96	N77086	C140
6C9B	N7709A	B737
6C9E	N7709D	PA22
6CA3	N7709J	PA44
6CA6	N7709M	M22
6CA7	N7709N	P28A
6CAA	N7709R	BE36
6CAF	N7709W	P28A
6CB1	N7709Y	PA30
6CB6	N77093	C140
6CBE	N771A	EFOX
6CBF	N771AA	H269
6CC0	N771AB	BL19
6CC1	N771AC	BL8
6CC5	N771AG	H25B
6CC8	N771AK	SONX
6CCA	N771AM	TBM9
6CCB	N771AN	B772
6CCE	N771AR	UH1
6CD8	N771BA	AC90
6CD9	N771BB	B36T
6CDA	N771BC	C310
6CDB	N771BD	HROC
6CE1	N771BK	GL5T
6CE9	N771BT	SR22
6CEB	N771BV	F2TH
6CEC	N771BW	ACR2
6CEF	N771BZ	RLU1
6CF2	N771CB	AC11
6CF3	N771CC	BE58
6CF4	N771CD	RV6
6CF7	N771CG	BE36
6CFA	N771CK	B77W
6CFB	N771CL	B772
6CFE	N771CP	C82T
6D02	N771CT	CH7B
6D05	N771CW	BE10
6D0B	N771DB	GLIM
6D0C	N771DC	C185
6D0E	N771DE	C56X
6D0F	N771DF	E55P
6D10	N771DG	C56X
6D14	N771DL	SF50
6D1A	N771DS	B738
6D1B	N771DT	PC12
6D1F	N771DX	ASTR
6D23	N771EA	C402
6D25	N771EC	FBA2
6D33	N771ES	C510
6D36	N771EV	RV7
6D3F	N771FD	B752
6D40	N771FE	C208
6D41	N771FF	AC90
6D47	N771FM	H25B
6D4D	N771FT	P28R
6D56	N771GB	R44
6D58	N771GD	CL60
6D65	N771GS	CH70
6D6D	N771H	GLID
6D72	N771HE	BE36
6D79	N771HM	F2TH
6D7B	N771HP	T206
6D88	N771JB	BE9L
6D92	N771JM	SREY
6D94	N771JP	E300
6D97	N771JS	DEFI
6D98	N771JT	GLF5
6D9B	N771JW	GLIM
6D9F	N771K	C180
6DA0	N771KA	LA4
6DA1	N771KB	C510
6DA2	N771KC	C182
6DA4	N771KE	M7T
6DA7	N771KH	FOX
6DA9	N771KK	C25B
6DAB	N771KM	RV7
6DAE	N771KQ	K100
6DB0	N771KS	SR22
6DB4	N771KW	B772
6DB8	N771L	GLF4
6DBA	N771LB	AEST
6DBC	N771LD	FA20
6DBE	N771LF	BE33
6DC1	N771LJ	C510
6DC3	N771LL	BL8
6DC4	N771LM	P32R
6DD1	N771M	BE36
6DD2	N771MA	PTS2
6DD3	N771MB	BE23
6DD8	N771MG	BE20
6DDB	N771MK	RV7
6DDC	N771ML	RV8
6DDF	N771MP	C340
6DE1	N771MR	CH7B
6DE3	N771MT	EA50
6DEA	N771N	BE35
6DEE	N771ND	P28A
6E03	N771P	C337
6E04	N771PA	BE9L
6E06	N771PC	PA32
6E07	N771PD	BE9L
6E0F	N771PM	C56X
6E13	N771PR	RV7
6E18	N771PW	CH75
6E2D	N771QS	CL35
6E37	N771RB	BE35
6E38	N771RC	AGSH
6E3C	N771RG	RV7
6E41	N771RM	GLIM
6E43	N771RP	RV7
6E47	N771RT	K100
6E4F	N771SA	B737
6E51	N771SC	CRUZ
6E56	N771SH	R22
6E58	N771SK	CRJ7
6E59	N771SL	SR22
6E5A	N771SM	C337
6E5C	N771SP	C82S
6E5E	N771SR	SR22
6E61	N771SU	C208
6E63	N771SW	PA31
6E65	N771SY	GLID
6E67	N771T	BE35
6E68	N771TA	E300
6E6B	N771TD	GLAS
6E73	N771TM	C82T
6E7C	N771TW	SA30
6E81	N771UA	B772
6E99	N771V	FLE7
6EB0	N771VY	G2T1
6EB2	N771W	RV4
6EB4	N771WB	PC12
6EB5	N771WC	H60
6EB9	N771WG	BE36
6EBF	N771WN	BE95
6EC2	N771WR	R66
6EC3	N771WS	P28A
6ECB	N771X	C185
6ED1	N771XF	A319
6EE4	N771Y	BE19
6EFE	N771ZA	PA18
6F16	N7710	GLID
6F17	N7710A	B737
6F1E	N7710H	PA12
6F1F	N7710J	CAMP
6F20	N7710K	PA44
6F22	N7710M	GLAS
6F23	N7710N	P28A
6F24	N7710P	PA24
6F25	N7710Q	C310
6F26	N7710R	BE36
6F27	N7710S	GLID
6F28	N7710T	C172
6F29	N7710U	C172
6F2B	N7710W	P28A
6F2C	N7710X	C172
6F2F	N77100	BE55
6F31	N77102	C140
6F39	N7711	PA24
6F3A	N7711A	C180
6F3B	N7711B	C510
6F3C	N7711C	P51
6F3D	N7711D	T206
6F3E	N7711E	C150
6F3F	N7711F	C150
6F40	N7711G	P210
6F42	N7711J	ST75
6F44	N7711L	C185
6F45	N7711M	PA23
6F46	N7711N	B737
6F47	N7711P	PA24
6F48	N7711Q	C310
6F4B	N7711T	C172
6F4C	N7711U	C172
6F50	N7711Y	COL4
6F56	N77114	C140
6F58	N77116	C120
6F5A	N77118	B47G
6F5D	N7712A	C180
6F62	N7712F	P32R
6F63	N7712G	B737
6F64	N7712H	PA12
6F65	N7712J	M20P
6F68	N7712M	M22
6F6A	N7712P	PA24
6F6C	N7712R	BE95
6F6D	N7712S	GLID
6F6F	N7712U	C172
6F76	N77121	C140
6F78	N77123	C140
6F7C	N77127	KR1
6F7F	N7713	PTS1
6F80	N7713A	B737
6F84	N7713E	C150
6F86	N7713G	C172
6F89	N7713K	PA20
6F8C	N7713N	P28A
6F8D	N7713P	PA24
6F8F	N7713R	BE35
6F90	N7713S	GLID
6F91	N7713T	C172
6F92	N7713U	C172
6F94	N7713W	P28A
6F98	N77130	C140
6F99	N77131	SONX
6F9A	N77132	C120
6FA2	N7714	GLID
6FA3	N7714A	C180
6FA4	N7714B	B737
6FA5	N7714C	P28A
6FA6	N7714D	PA22
6FA8	N7714F	C150
6FA9	N7714G	C172
6FAA	N7714H	CH60
6FB2	N7714R	BE35
6FB3	N7714S	GLID
6FB5	N7714U	C172
6FB7	N7714W	P28A
6FB8	N7714X	C172
6FBA	N7714Z	PA25
6FBB	N77140	C120
6FBE	N77143	C140
6FC2	N77147	C140
6FC3	N77148	C120
6FC6	N7715A	C180
6FC7	N7715B	BE55
6FC8	N7715C	P51
6FC9	N7715D	PA22
6FCA	N7715E	B737
6FCC	N7715G	C172
6FCD	N7715H	J3
6FD1	N7715M	M22
6FD2	N7715N	P28A
6FD5	N7715R	BE95
6FD8	N7715U	C172
6FDA	N7715W	P28A
6FDD	N7715Z	PA25
6FE1	N77153	C140
6FE3	N77155	D7
6FE7	N77159	C140
6FE8	N7716	G164
6FE9	N7716A	B737
6FF1	N7716J	PA32
6FF5	N7716N	P28A
6FF6	N7716P	PA24
6FF9	N7716S	GLID
6FFB	N7716U	C172
6FFD	N7716W	P28A
6FFF	N7716Y	PA30
7000	N7716Z	PA25
7001	N77160	P28A
7002	N77161	C140
7004	N77163	C140
7006	N77165	C140
700A	N77169	C140
700C	N7717A	C150
700D	N7717B	C650
700F	N7717D	B737
7012	N7717G	C172
7013	N7717H	PA12
7014	N7717J	PA32
7018	N7717N	P28A
701C	N7717S	GLID
701D	N7717T	C172
701E	N7717U	C172
701F	N7717V	PA44
7020	N7717W	P28A
7023	N7717Z	R22
7027	N77173	C140
7028	N77174	C140
702A	N77176	C120
702B	N77177	C77R
702F	N7718A	PA23
7030	N7718B	B737
7031	N7718C	PA32
7032	N7718D	RV7
7033	N7718E	C150
7034	N7718F	C150
7035	N7718G	C172
7037	N7718J	PA32
703B	N7718N	P28A
703C	N7718P	PA24
7040	N7718T	C172
7041	N7718U	C172
7043	N7718W	P28A
7049	N77182	C182
704C	N77185	C182
704D	N77186	RS12
7052	N7719A	B737
7054	N7719C	GLIM
7056	N7719E	C150
7059	N7719H	PA12
705A	N7719J	PA32
705B	N7719K	PA20
705F	N7719P	PA24
7060	N7719Q	C340
7063	N7719T	C172
7066	N7719W	P28A
7067	N7719X	PA44
706E	N77194	C140
7070	N77196	C120
7071	N77197	C140
7074	N772	B14A
7076	N772AA	AT5T
7078	N772AC	CH7B
707A	N772AE	DHC2
7080	N772AL	B407
7081	N772AM	TBM7
7082	N772AN	B772
7089	N772AV	GLF4
708F	N772BA	C208
7091	N772BC	B772
7092	N772BD	PA18
7093	N772BE	GLF5
70A7	N772C	SR22
70A9	N772CB	R44
70AA	N772CC	SR22
70AB	N772CD	SR22
70AE	N772CG	C182
70B1	N772CK	B77L
70B2	N772CL	B772
70B3	N772CM	ERCO
70B5	N772CP	UH1
70B8	N772CS	C560
70B9	N772CT	FDCT
70C0	N772D	BE35
70C2	N772DB	BE36
70C3	N772DC	WW24
70C4	N772DD	BE36
70C6	N772DF	M20P
70CB	N772DL	PA31
70CC	N772DM	T18
70D1	N772DS	PA46
70D5	N772DW	SM19
70D9	N772E	BL8
70DC	N772EC	LJ60
70EB	N772ET	B772
70F6	N772FD	B752
70F7	N772FE	C208
7104	N772FT	P28R
7114	N772GJ	C82T
7115	N772GK	C172
7124	N772H	CRUZ
7125	N772HA	R22
7130	N772HM	B350
7132	N772HP	BE30
713D	N772J	JAB2
713F	N772JB	BE9L
714E	N772JS	CL30
714F	N772JT	RV6
715E	N772KH	TBM7
7167	N772KS	RV8
716B	N772KW	C172
717F	N772LR	RV4
7188	N772M	BT36
7189	N772MA	C172
718B	N772MC	GA5C
718C	N772MD	BT36
718D	N772ME	RV10
7191	N772MJ	F2TH
7198	N772MR	E170
7199	N772MS	C172
71A5	N772ND	P28A
71BA	N772P	S76
71BB	N772PA	M20T
71BD	N772PC	M20P
71C5	N772PL	C182
71C6	N772PM	CH60
71C8	N772PP	LJ60
71CF	N772PW	COY2
71EC	N772R	BE33
71ED	N772RA	C172
71F2	N772RF	T206
7200	N772RV	RV7
7201	N772RW	RV8
7207	N772SB	C550
7208	N772SC	CRUZ
7209	N772SD	P32R
720B	N772SF	F8L
720D	N772SH	R22
720F	N772SK	CRJ7
7210	N772SL	SW3
7217	N772ST	C310
721A	N772SW	B737
721F	N772TA	E300
7227	N772TJ	WAIX
7230	N772TT	COL3
7233	N772TW	M7
7234	N772TX	C182
7238	N772UA	B772
7249	N772UT	B429
7250	N772V	PTS1
7251	N772VA	C25B
727A	N772WS	P28R
727E	N772WW	TBM7
7288	N772XF	A319
728B	N772XJ	C750
72B1	N772YX	E75L
72CC	N772ZZ	C150
72CE	N7720A	C180
72D1	N7720D	PA22
72D2	N7720E	C150
72D3	N7720F	B737
72D4	N7720G	C172
72E2	N7720W	P28A
72E3	N7720X	C172
72E4	N7720Y	PA44
72E5	N7720Z	PA25
72E7	N77201	C140
72E8	N77202	C140
72EC	N77206	T206
72ED	N77207	C140
72EF	N77209	C140
72F1	N7721A	C180
72F2	N7721B	GLAS
72F3	N7721C	P32R
72F4	N7721D	PA22
72F5	N7721E	B737
72F8	N7721H	PA12
72F9	N7721J	RV7
72FC	N7721M	M22
72FD	N7721N	P28A
72FE	N7721P	RV7
7301	N7721S	GLID
7302	N7721T	C172
7305	N7721W	P28A
7308	N7721Z	T6
7309	N77210	C140
730A	N77211	C140
730B	N77212	C120
730C	N77213	RV4
7312	N77219	C140
7315	N7722B	B737
7317	N7722D	FDCT
7319	N7722F	C182
731A	N7722G	C172
731B	N7722H	PA12
731E	N7722L	CH70
731F	N7722M	M22
7324	N7722S	SR22
7325	N7722T	C172
7326	N7722U	C172
7327	N7722V	M22
7328	N7722W	P28A
7329	N7722X	C172
732B	N7722Z	PA25
732C	N77220	C120
732D	N77221	C140
732E	N77222	C172
7330	N77224	C120
7337	N7723A	C180
7338	N7723B	BE36
7339	N7723C	P38
733A	N7723D	PA22
733B	N7723E	B737
733C	N7723F	C150
733D	N7723G	C172
733F	N7723J	PA32
7342	N7723M	T210
7343	N7723N	P28A
7345	N7723Q	C310
7348	N7723T	C172
7349	N7723U	C172
734A	N7723V	VEZE
734B	N7723W	WAIX
734F	N77230	C120
7353	N77234	C120
7358	N77239	C120
735A	N7724A	B737
735C	N7724C	PA34
7360	N7724G	C172
7363	N7724K	C180
7365	N7724M	BE36
7367	N7724P	PA24
7368	N7724Q	C310
736A	N7724S	GLID
736B	N7724T	SR20
736F	N7724X	C172
7376	N77244	C120
7377	N77245	C140
737A	N77248	C120
737B	N77249	C140
737D	N7725A	B737
7386	N7725K	PA20
7389	N7725N	P28A
738A	N7725P	PA24
738C	N7725R	BE55
738D	N7725S	GLID
738F	N7725U	C172
7398	N77253	C140
7399	N77254	C120
739C	N77257	C120
739D	N77258	B738
739E	N77259	B38M
73A0	N7726A	B737
73A3	N7726D	PA22
73A5	N7726F	C150
73A7	N7726H	PA12
73A9	N7726K	PA20
73AD	N7726P	PA24
73B1	N7726T	RV4
73B4	N7726W	P28A
73B5	N7726X	C172
73B9	N77261	B738
73BC	N77264	C140
73BD	N77265	C140
73BE	N77266	C120
73C2	N7727	TRDO
73C3	N7727A	B737
73C9	N7727G	C172
73CE	N7727M	M22
73D0	N7727P	PA24
73D1	N7727Q	C310
73D5	N7727U	C172
73D7	N7727W	P28A
73E0	N77275	C140
73E6	N7728A	SR20
73E7	N7728B	L5
73E8	N7728C	NAVI
73E9	N7728D	B737
73EC	N7728G	C172
73EE	N7728J	PA32
73EF	N7728K	PA20
73F2	N7728N	P28A
73F6	N7728S	GLID
73F8	N7728U	C172
73FA	N7728W	P28A
73FC	N7728Y	PA30
7400	N77282	C120
7402	N77284	C140
7408	N7729	GLIM
7409	N7729A	B737
740B	N7729C	P28A
740D	N7729E	C150
740E	N7729F	C150
740F	N7729G	C172
7411	N7729J	PA32
7416	N7729P	PA24
7417	N7729Q	C310
741B	N7729U	C172
741C	N7729V	A9
741F	N7729Y	PA30
7422	N77291	C120
7426	N77295	B738
7427	N77296	B738
7428	N77297	C120
7429	N77298	C120
742B	N773	BE9T
742F	N773AC	CH7B
7431	N773AE	B407
7433	N773AG	BE50
7437	N773AL	B407
7439	N773AN	B772
7442	N773AX	B762
7446	N773BA	C172
7447	N773BB	SR22
7448	N773BC	M7
7461	N773CC	SS2T
7462	N773CD	SR22
7468	N773CK	B77L
7469	N773CL	CL60
746C	N773CP	BE20
7472	N773CV	SR22
7477	N773D	G164
747A	N773DC	SR22
7482	N773DL	ALO2
7483	N773DM	R44
7488	N773DS	C182
748B	N773DV	SR22
74AD	N773FD	B752
74AE	N773FE	C208
74BB	N773FT	P28R
74BF	N773FX	C408
74C2	N773G	P28A
74C4	N773GB	S22T
74CE	N773GM	S22T
74D0	N773GP	S22T
74DC	N773HA	C650
74DF	N773HD	BOLT
74E9	N773HP	T206
74F4	N773J	JAB4
74FC	N773JH	RV12
74FF	N773JL	GL7T
7505	N773JS	PA46
7506	N773JT	CASS
750D	N773K	WACO
7529	N773LC	SREY
752D	N773LG	S22T
7532	N773LM	GLF4
7540	N773MA	S2P
7541	N773MB	G280
7542	N773MC	M7
7543	N773MD	RV7
7544	N773ME	PA46
7546	N773MG	S22T
7548	N773MJ	GA8C
7550	N773MS	BE33
7558	N773N	N3N
755C	N773ND	P28A
7571	N773P	T206
7572	N773PA	EC30
7574	N773PC	PC12
7576	N773PE	PC12
7577	N773PF	RV7
757A	N773PJ	CRER
757D	N773PM	CH60
7586	N773PW	BE9L
759B	N773QS	CL35
75A5	N773RB	C560
75A6	N773RC	CL30
75A7	N773RD	CORS
75A9	N773RF	RV4
75B1	N773RP	RV7
75B7	N773RV	RV4
75BD	N773SA	B737
75BE	N773SB	C150
75BF	N773SC	CRUZ
75C0	N773SD	BE9L
75C4	N773SH	C140
75C6	N773SK	CRJ7
75CA	N773SP	C172
75CC	N773SR	SR22
75D1	N773SW	LJ60
75D2	N773SX	SONX
75DB	N773TF	C82T
75E1	N773TM	PA34
75E3	N773TP	BE20
75EF	N773UA	B772
7607	N773V	M20P
7620	N773W	RV9
7621	N773WA	PA46
7631	N773WS	C150
763F	N773XF	A319
7684	N7730	B47G
7685	N7730A	B737
7687	N7730C	P28A
768A	N7730F	C150
768B	N7730G	C150
7692	N7730P	PA24
7695	N7730S	GLID
7699	N7730W	P28A
769C	N7730Z	PA25
76A8	N7731A	B737
76AD	N7731F	C150
76B0	N7731J	PA32
76B1	N7731K	C180
76B4	N7731N	P28A
76B5	N7731P	PA24
76B7	N7731R	BE55
76B9	N7731T	C172
76BA	N7731U	C172
76BB	N7731V	C77R
76C0	N77310	C140
76C2	N77312	C120
76C5	N77315	C120
76C9	N77319	RV10
76CA	N7732	B47G
76CB	N7732A	B737
76CC	N7732B	CH7A
76CD	N7732C	PISI
76D4	N7732K	PA20
76D8	N7732P	PA24
76DA	N7732R	BE33
76DB	N7732S	GLID
76DF	N7732W	P28A
76E0	N7732X	C172
76E1	N7732Y	PA30
76E4	N77321	C120
76E8	N77325	C120
76EB	N77328	C120
76ED	N7733	TAIL
76EE	N7733A	BE33
76EF	N7733B	B737
76F4	N7733G	C172
76FA	N7733N	P28A
76FB	N7733P	PA24
76FC	N7733Q	C310
76FE	N7733S	GLID
76FF	N7733T	C172
7700	N7733U	C172
7701	N7733V	C77R
7702	N7733W	P28A
7706	N77330	C140
7709	N77333	C120
770A	N77334	C140
770B	N77335	C120
7711	N7734A	P46T
7713	N7734C	P28A
7714	N7734D	PA22
7715	N7734E	C150
7716	N7734F	C150
7718	N7734H	B737
771C	N7734M	M20P
771D	N7734N	P28A
7720	N7734R	BE95
7721	N7734S	GLID
7725	N7734W	P28A
7726	N7734X	C172
7727	N7734Y	PA30
7728	N7734Z	GLAS
7729	N77340	BL8
772A	N77341	C140
772D	N77344	C120
772E	N77345	C140
7734	N7735A	B737
7735	N7735B	R44
7737	N7735D	PA22
773A	N7735G	C150
773C	N7735J	PA32
773F	N7735M	M22
7740	N7735N	P28A
7741	N7735P	PA24
7743	N7735R	BE33
774B	N7735Z	PA25
774C	N77350	COL3
774D	N77351	C120
774E	N77352	C120
7752	N77356	C120
7753	N77357	C140
7756	N7736	B47G
7757	N7736A	B737
7759	N7736C	P28R
775B	N7736E	C150
775D	N7736G	C172
7760	N7736K	P210
7761	N7736L	C177
7767	N7736S	GLID
7769	N7736U	C172
776C	N7736X	C172
7772	N77363	C120
7774	N77365	C140
7777	N77368	C120
777B	N7737B	J3
777D	N7737D	PA22
777E	N7737E	B737
777F	N7737F	C150
7782	N7737J	PA32
7786	N7737N	P28A
7787	N7737P	PA24
7789	N7737R	BE35
778B	N7737T	HROC
778C	N7737U	C172
778E	N7737W	P28A
7792	N77370	C140
779C	N7738	CAMP
779D	N7738A	B737
77A1	N7738E	C150
77A3	N7738G	C172
77A5	N7738J	PA32
77A6	N7738K	PA20
77A9	N7738N	P28A
77AC	N7738R	BE95
77AD	N7738S	GLID
77AF	N7738U	C172
77B1	N7738W	P28A
77B2	N7738X	C172
77B3	N7738Y	PA30
77B7	N77382	C120
77BD	N77388	C120
77BE	N77389	C120
77C0	N7739A	B737
77C3	N7739D	PA22
77C6	N7739G	C172
77CB	N7739M	M22
77CC	N7739N	P28A
77CD	N7739P	PA24
77CE	N7739Q	C310
77D0	N7739S	GLID
77DE	N77396	C120
77E0	N77398	T6
77E5	N774AB	PA15
77E6	N774AC	BL8
77E8	N774AE	DHC2
77E9	N774AF	PC12
77EC	N774AJ	B77W
77ED	N774AK	BE20
77EE	N774AL	RV7
77F0	N774AN	B772
77F3	N774AR	C510
77F5	N774AT	C208
77F8	N774AW	TBM7
77F9	N774AX	B762
77FC	N774B	C56X
77FD	N774BA	PC9
7800	N774BD	BE36
7805	N774BJ	HIGH
7811	N774BW	COL4
7815	N774C	SR20
7817	N774CB	H500
7818	N774CC	BE40
7819	N774CD	SR22
781A	N774CE	PA31
781B	N774CF	C82T
781C	N774CG	RV10
781F	N774CK	B77L
7820	N774CL	B772
7823	N774CP	C82T
7826	N774CS	T210
7827	N774CT	FDCT
7831	N774DC	C340
7833	N774DE	B738
7834	N774DF	BE35
7838	N774DK	PC12
7839	N774DL	C208
783A	N774DM	PA46
783E	N774DR	PISI
783F	N774DS	RV7
7843	N774DW	SM19
7848	N774EA	UH1
7864	N774FD	B752
7865	N774FE	C208
7871	N774FS	P32R
787A	N774GA	GA7
7881	N774GH	F2TH
788B	N774GT	GLF4
788E	N774GW	PC12
7893	N774HA	R22
7898	N774HF	SREY
78AB	N774J	C182
78AD	N774JB	CH7B
78AE	N774JC	PA18
78B2	N774JG	E170
78B3	N774JH	RAF2
78B9	N774JP	GLIM
78BC	N774JS	C25B
78BD	N774JT	C525
78C6	N774KB	RV7
78C8	N774KD	PRM1
78D5	N774KS	GLIM
78D8	N774KV	PA31
78E4	N774LG	B772
78E8	N774LL	P32R
78ED	N774LR	P28R
78EE	N774LS	PA32
78F6	N774M	C150
78F7	N774MA	MU2
78F8	N774MB	GLF2
78FC	N774MF	PA31
7902	N774MM	PA11
7906	N774MR	AT5T
790B	N774MW	S22T
7913	N774ND	P28A
792B	N774PC	P28A
792C	N774PD	C177
7932	N774PK	BPAT
7933	N774PL	S22T
7934	N774PM	PTS1
7939	N774PS	GLID
793A	N774PT	SR20
7952	N774QS	CL35
795C	N774RB	DSA1
795D	N774RC	E55P
795E	N774RD	T210
7968	N774RP	RV6
7973	N774S	BE35
7974	N774SA	B77L
7975	N774SB	C560
7979	N774SF	P210
797D	N774SK	CRJ7
7981	N774SP	C208
7983	N774SR	SR22
7985	N774ST	C510
7986	N774SU	C208
7988	N774SW	B737
798C	N774T	EXEC
7998	N774TM	C82T
799C	N774TR	SR22
799D	N774TS	H25A
79A6	N774UA	B772
79BE	N774V	FLE7
79C7	N774VJ	SF50
79DD	N774WF	H25B
79E7	N774WR	B212
79F6	N774XF	A319
79F9	N774XJ	C750
7A3C	N7740A	B737
7A3D	N7740B	R44
7A3E	N7740C	ST75
7A44	N7740J	PA32
7A47	N7740M	M20P
7A48	N7740N	P28A
7A4B	N7740R	BE35
7A4C	N7740S	GLID
7A50	N7740W	P28A
7A51	N7740X	C172
7A54	N77400	P46T
7A55	N77401	C140
7A56	N77402	C120
7A57	N77403	C120
7A59	N77405	C140
7A5F	N7741A	C180
7A61	N7741C	B737
7A62	N7741D	PA22
7A64	N7741F	C150
7A65	N7741G	C172
7A67	N7741J	PA32
7A6A	N7741M	M20P
7A6B	N7741N	P28A
7A6E	N7741R	BE33
7A6F	N7741S	GLID
7A76	N7741Z	PA25
7A79	N77412	C120
7A7B	N77414	C120
7A7C	N77415	C120
7A7E	N77417	C140
7A80	N77419	C120
7A83	N7742B	B737
7A85	N7742D	PA22
7A86	N7742E	C150
7A87	N7742F	C150
7A88	N7742G	PA34
7A8A	N7742J	PA32
7A8B	N7742K	PA20
7A8C	N7742L	AT8T
7A8D	N7742M	M20P
7A8E	N7742N	P28A
7A90	N7742Q	C310
7A92	N7742S	GLID
7A93	N7742T	C172
7A95	N7742V	A9
7A96	N7742W	P28A
7A97	N7742X	C172
7A9A	N77420	C120
7A9E	N77424	C120
7AA0	N77426	B39M
7AA2	N77428	C120
7AA5	N7743A	C180
7AA6	N7743B	B737
7AA8	N7743D	PA22
7AA9	N7743E	COL4
7AAC	N7743H	PA12
7AB0	N7743M	M20P
7AB1	N7743N	P28A
7AB2	N7743P	PA24
7AB3	N7743Q	C310
7AB5	N7743S	GLID
7AB9	N7743W	P28A
7ABB	N7743Y	PA30
7ABD	N77430	B739
7ABE	N77431	B739
7AC6	N77439	C140
7AC7	N7744	KR31
7AC8	N7744A	B737
7AC9	N7744B	J3
7ACD	N7744F	C150
7ACE	N7744G	TAIL
7ACF	N7744H	PA12
7AD1	N7744K	PA20
7AD3	N7744M	M20P
7AD6	N7744Q	C310
7AD7	N7744R	BE36
7AD8	N7744S	C172
7AD9	N7744T	P28A
7ADA	N7744U	C172
7ADC	N7744W	P28A
7ADE	N7744Y	PA30
7AE1	N77441	C120
7AE2	N77442	C140
7AE3	N77443	C140
7AE4	N77444	C140
7AE6	N77446	C120
7AE7	N77447	C120
7AEA	N7745	GLID
7AEB	N7745A	B737
7AEE	N7745D	PA22
7AF1	N7745G	C172
7AF4	N7745K	PA20
7AF6	N7745M	M20P
7AF7	N7745N	P28A
7AF8	N7745P	PA24
7AFA	N7745R	BE36
7AFB	N7745S	GLID
7AFD	N7745U	C172
7AFF	N7745W	P28A
7B05	N77452	C140
7B06	N77453	C120
7B07	N77454	C120
7B0A	N77457	C120
7B0C	N77459	RV7
7B0F	N7746B	AS02
7B10	N7746C	B737
7B11	N7746D	GLST
7B12	N7746E	C150
7B13	N7746F	P28A
7B14	N7746G	C182
7B17	N7746K	PA20
7B1B	N7746P	PA24
7B1E	N7746S	GLID
7B1F	N7746T	C172
7B23	N7746X	C172
7B24	N7746Y	PA30
7B29	N77463	C120
7B2A	N77464	C120
7B2C	N77466	C120
7B2E	N77468	C120
7B2F	N77469	C120
7B30	N7747	RV12
7B32	N7747B	BE35
7B33	N7747C	B737
7B36	N7747F	SREY
7B37	N7747G	C172
7B3D	N7747N	P28A
7B3E	N7747P	PA24
7B40	N7747R	BE36
7B41	N7747S	GLID
7B43	N7747U	C172
7B45	N7747W	P28A
7B47	N7747Y	PA30
7B4A	N77471	B39M
7B4C	N77473	C120
7B4D	N77474	C120
7B4E	N77475	C120
7B54	N7748A	B737
7B57	N7748D	PA22
7B58	N7748E	C150
7B5A	N7748G	C150
7B5B	N7748H	PA12
7B5C	N7748J	PA32
7B5F	N7748M	M20P
7B61	N7748P	PA24
7B64	N7748S	GLID
7B6C	N77480	C120
7B6F	N77483	C120
7B72	N77486	C120
7B74	N77488	C120
7B77	N7749A	C180
7B78	N7749B	B737
7B7B	N7749E	C150
7B7C	N7749F	P28A
7B7F	N7749J	PA32
7B80	N7749K	C180
7B81	N7749L	C172
7B83	N7749N	P28A
7B89	N7749U	C172
7B92	N77493	C120
7B93	N77494	C120
7B97	N77498	C120
7B9A	N775A	C195
7B9D	N775AC	BL8
7BA2	N775AH	S22T
7BA4	N775AK	R44
7BA5	N775AL	B407
7BA7	N775AN	B772
7BAB	N775AS	C152
7BAE	N775AV	A20N
7BB3	N775B	HUSK
7BB4	N775BA	PC9
7BB5	N775BB	UH1
7BB7	N775BD	H500
7BCC	N775C	S108
7BCD	N775CA	MAGN
7BCF	N775CC	PC12
7BD0	N775CD	SR22
7BD2	N775CF	RBEL
7BD6	N775CK	B77L
7BDA	N775CP	C82T
7BE6	N775DA	M20P
7BE8	N775DC	FOX
7BEA	N775DE	B738
7BEE	N775DJ	RV12
7BF0	N775DL	PA46
7BF1	N775DM	BE9L
7BF5	N775DR	FOX
7BF6	N775DS	C82S
7BFA	N775DW	SM19
7BFB	N775DX	LNC2
7C03	N775EE	M20P
7C13	N775EW	SR22
7C1B	N775FD	B752
7C1C	N775FE	C208
7C22	N775FL	E55P
7C31	N775GA	GA7
7C32	N775GB	PA14
7C3C	N775GM	F900
7C42	N775GT	C172
7C49	N775H	RV6
7C4B	N775HB	SNS7
7C50	N775HG	S61
7C62	N775J	R44
7C64	N775JB	A320
7C66	N775JD	C172
7C70	N775JP	PA38
7C77	N775JW	BE33
7C7B	N775K	WACO
7C83	N775KH	C208
7C8B	N775KR	ACRO
7CA2	N775LP	SR22
7CAE	N775MA	AS50
7CB0	N775MC	C172
7CB4	N775MG	B350
7CB5	N775MH	SAKO
7CB6	N775MJ	PC12
7CB7	N775MK	PA46
7CBD	N775MR	C82T
7CCA	N775ND	P28A
7CD1	N775NL	DH82
7CDF	N775P	T206
7CE2	N775PC	P28A
7CF0	N775PS	C180
7D12	N775RA	PA31
7D14	N775RC	C402
7D18	N775RG	M5
7D19	N775RH	PTS1
7D23	N775RT	C172
7D25	N775RV	RV7
7D2B	N775SA	B77L
7D2D	N775SC	BE20
7D32	N775SH	H500
7D35	N775SL	BE36
7D36	N775SM	BE30
7D38	N775SP	C172
7D3C	N775ST	F2TH
7D3F	N775SW	B737
7D43	N775T	BE35
7D44	N775TA	P28A
7D45	N775TB	C25A
7D46	N775TC	AS50
7D49	N775TF	C25A
7D4E	N775TL	SF50
7D52	N775TQ	A139
7D53	N775TR	RV7
7D54	N775TS	PA23
7D58	N775TW	COY2
7D5D	N775UA	B772
7D75	N775V	DSA1
7D78	N775VC	BE33
7D8A	N775VW	PA11
7D8F	N775WA	G73
7D90	N775WB	C182
7DA7	N775X	P28A
7DAD	N775XF	A319
7DD6	N775YX	E170
7DD9	N775Z	BE58
7DF2	N7750	CRBN
7DF3	N7750A	B737
7DF6	N7750D	PA22
7DF9	N7750G	C172
7DFE	N7750M	M20P
7E00	N7750P	PA24
7E01	N7750Q	C340
7E03	N7750S	GLID
7E05	N7750U	C172
7E08	N7750X	C172
7E09	N7750Y	PA30
7E0A	N7750Z	CH75
7E0B	N77500	J3
7E0C	N77501	AR6T
7E0E	N77503	AR6T
7E0F	N77504	J3
7E12	N77507	J3
7E13	N77508	J3
7E14	N77509	J3
7E16	N7751A	B737
7E1F	N7751K	C180
7E20	N7751L	C172
7E21	N7751M	M20P
7E23	N7751P	PA24
7E26	N7751S	GLID
7E2A	N7751W	P28A
7E2E	N77510	B738
7E30	N77512	J3
7E31	N77513	J3
7E32	N77514	J3
7E35	N77517	J3
7E36	N77518	B738
7E3A	N7752B	B737
7E3B	N7752C	N3N
7E3D	N7752E	C150
7E3E	N7752F	C150
7E43	N7752L	C172
7E44	N7752M	M20P
7E45	N7752N	P28A
7E49	N7752S	GLID
7E4D	N7752W	P28A
7E50	N7752Z	PA18
7E51	N77520	B738
7E52	N77521	J3
7E53	N77522	J3
7E55	N77524	J3
7E56	N77525	B738
7E58	N77527	J3
7E59	N77528	J3
7E5C	N7753A	A5
7E62	N7753G	C172
7E63	N7753H	PA12
7E65	N7753K	PA20
7E66	N7753L	C172
7E67	N7753M	M20P
7E68	N7753N	P28A
7E69	N7753P	PA24
7E6D	N7753T	C172
7E6E	N7753U	C172
7E73	N7753Z	PA25
7E74	N77530	B738
7E75	N77531	J3
7E76	N77532	J3
7E78	N77534	J3
7E79	N77535	B738
7E7A	N77536	B738
7E7B	N77537	B738
7E7C	N77538	B738
7E7D	N77539	B738
7E7E	N7754	T6
7E83	N7754E	C150
7E85	N7754G	C172
7E86	N7754H	PA12
7E88	N7754K	PA20
7E89	N7754L	C172
7E8B	N7754N	P28A
7E8C	N7754P	PA24
7E8F	N7754S	GLID
7E93	N7754W	P28A
7E94	N7754X	C172
7E95	N7754Y	SREY
7E97	N77540	J3
7E98	N77541	J3
7E99	N77542	B738
7E9A	N77543	B39M
7E9B	N77544	B39M
7E9C	N77545	J3
7EA0	N77549	J3
7EA1	N7755	UH12
7EA2	N7755A	C180
7EA5	N7755D	PA22
7EA7	N7755F	C150
7EA8	N7755G	C172
7EA9	N7755H	PA12
7EAB	N7755K	BE95
7EAC	N7755L	C172
7EAF	N7755P	PA24
7EB2	N7755S	GLID
7EBC	N77552	B39M
7EBE	N77554	T206
7EBF	N77555	C340
7EC1	N77557	J3
7EC2	N77558	B39M
7EC3	N77559	B39M
7EC6	N7756B	RV9
7EC8	N7756D	PA22
7ECB	N7756G	C150
7ECC	N7756H	PA12
7ECD	N7756J	D7
7ECF	N7756L	C172
7ED1	N7756N	P28A
7ED2	N7756P	PA24
7ED4	N7756R	CH7A
7EDA	N7756X	C172
7EDC	N7756Z	PA25
7EDF	N77562	J3
7EE0	N77563	J3
7EE1	N77564	J3
7EE2	N77565	J3
7EE3	N77566	J3
7EE4	N77567	RV7
7EE5	N77568	J3
7EE7	N7757	T6
7EEA	N7757C	C180
7EEC	N7757E	C150
7EF2	N7757L	C172
7EF4	N7757N	P28A
7EF8	N7757S	GLID
7EF9	N7757T	C172
7EFA	N7757U	C172
7EFF	N7757Z	PA25
7F01	N77571	B39M
7F02	N77572	B39M
7F03	N77573	B39M
7F04	N77574	J3
7F05	N77575	B39M
7F06	N77576	B39M
7F08	N77578	B39M
7F09	N77579	B39M
7F0C	N7758B	BE58
7F0E	N7758D	RV14
7F0F	N7758E	C150
7F10	N7758F	C150
7F11	N7758G	C172
7F12	N7758H	PA12
7F13	N7758J	M20T
7F18	N7758P	PA24
7F1A	N7758R	BE36
7F1B	N7758S	GLID
7F1C	N7758T	C172
7F21	N7758Y	PA30
7F24	N77581	B39M
7F26	N77583	J3
7F27	N77584	B39M
7F2A	N77587	B39M
7F2B	N77588	B39M
7F2C	N77589	J3
7F2E	N7759A	RV9
7F31	N7759D	PA22
7F3F	N7759T	C172
7F40	N7759U	C172
7F42	N7759W	P28A
7F46	N77590	B39M
7F48	N77592	B39M
7F4C	N77596	J3
7F4D	N77597	J3
7F4F	N77599	J3
7F50	N776	BE60
7F54	N776AC	CH7B
7F58	N776AG	G280
7F5C	N776AL	B407
7F5E	N776AN	B772
7F5F	N776AP	SSTL
7F62	N776AS	AT8T
7F65	N776AV	A20N
7F66	N776AW	PA18
7F6A	N776B	BE35
7F6B	N776BA	PC9
7F6D	N776BC	HUSK
7F72	N776BH	R44
7F7C	N776BT	GLF4
7F87	N776CD	SR22
7F8B	N776CH	PA30
7F8C	N776CJ	CL30
7F8D	N776CK	B77L
7F8F	N776CM	LNP4
7F91	N776CP	C82T
7F95	N776CT	FDCT
7F9C	N776D	BE35
7F9E	N776DB	BE35
7FA1	N776DE	B738
7FA3	N776DG	RV6
7FAA	N776DP	S76
7FAC	N776DR	BE60
7FB5	N776E	C310
7FBA	N776EE	E550
7FD2	N776FD	B752
7FD4	N776FF	M7
7FE7	N776G	P28A
7FE8	N776GA	GA7
7FF3	N776GM	C650
8002	N776HB	SNS7
8003	N776HC	EN28
8019	N776J	PULS
801A	N776JA	JAB4
801D	N776JD	S22T
8026	N776JN	RV6
802A	N776JS	C25B
802B	N776JT	PC12
8042	N776KR	P46T
8043	N776KS	RV7
804B	N776L	BE10
8050	N776LE	LGEZ
8051	N776LF	A119
8052	N776LG	B772
8065	N776MA	GLF4
8067	N776MC	PA23
806A	N776MF	PA34
8070	N776MM	HUSK
8074	N776MR	GLIM
8075	N776MS	E170
807D	N776N	C185
8081	N776ND	P28A
8084	N776NG	PA46
8097	N776PA	BE76
8099	N776PC	PC6T
809F	N776PJ	EA50
80A2	N776PM	SR22
80A7	N776PS	BE95
80C0	N776QS	CL35
80C8	N776R	RV6
80CA	N776RB	GLF5
80CE	N776RF	BE35
80D4	N776RM	TBM7
80D9	N776RS	H25B
80DA	N776RT	CC11
80DC	N776RV	RV6
80DD	N776RW	BE20
80E2	N776SA	C150
80E4	N776SC	C172
80E7	N776SF	SF50
80E9	N776SH	R22
80EB	N776SK	CRJ7
80F1	N776SR	SLG2
80F5	N776SV	GL5T
80F6	N776SW	SR22
80FC	N776TB	VELO
8100	N776TF	C208
8105	N776TL	ACAM
8106	N776TM	T210
8108	N776TP	BE36
8110	N776TX	SR20
8114	N776UA	B772
812C	N776V	FLE7
812E	N776VB	C172
8145	N776W	PA31
8148	N776WC	BE58
814D	N776WH	RV6
8152	N776WN	B737
8155	N776WR	C560
8157	N776WT	CL60
815E	N776X	S22T
8164	N776XF	A319
8177	N776Y	SF50
817B	N776YD	BE36
818D	N776YX	E170
81AC	N7760C	C170
81B0	N7760G	C172
81B3	N7760K	PA20
81B5	N7760M	M20P
81B8	N7760Q	C310
81B9	N7760R	BE36
81BC	N7760U	C172
81C4	N77602	FA24
81C5	N77603	FA24
81C7	N77605	FA24
81C9	N77607	FA24
81CA	N77608	FA24
81CB	N77609	FA24
81CE	N7761B	RV6
81D0	N7761D	PA18
81D2	N7761F	C150
81D6	N7761K	C180
81D9	N7761N	P28A
81DC	N7761R	BE35
81E0	N7761V	A9
81E3	N7761Y	PA30
81E6	N77611	FA24
81E9	N77614	FA24
81ED	N77618	FA24
81EF	N7762	B47G
81F4	N7762E	C150
81FB	N7762M	M20P
81FC	N7762N	P28A
81FD	N7762P	PA24
81FE	N7762Q	C310
81FF	N7762R	BE55
8201	N7762T	C172
8204	N7762W	P28A
8214	N7763B	SR22
8215	N7763C	C180
8218	N7763F	C150
821A	N7763H	PA12
821E	N7763M	M20P
821F	N7763N	P28A
8220	N7763P	PA24
8221	N7763Q	C310
8223	N7763S	GLID
8224	N7763T	C172
8225	N7763U	C150
8227	N7763W	P28A
8229	N7763Y	SR22
822B	N77630	FA24
822F	N77634	T35
8234	N77639	J3
8235	N7764	B47G
8238	N7764C	GC1
8239	N7764D	PA18
823B	N7764F	C150
823C	N7764G	C172
823D	N7764H	PA12
8241	N7764M	M20P
8243	N7764P	PA24
8246	N7764S	GLID
824A	N7764W	COY2
824B	N7764X	C172
824D	N7764Z	PA25
8253	N77645	FA24
825E	N7765F	C150
825F	N7765G	C172
8260	N7765H	PA12
8264	N7765M	M20P
8266	N7765P	PA24
8268	N7765R	BE35
826A	N7765T	C172
826B	N7765U	C150
826D	N7765W	P28A
826F	N7765Y	PA30
8275	N77654	FA24
8276	N77655	FA24
8277	N77656	FA24
8278	N77657	FA24
8279	N77658	FA24
827A	N77659	FA24
827F	N7766D	PA18
8280	N7766E	C150
8281	N7766F	C150
8288	N7766N	P28A
828D	N7766T	C172
8290	N7766W	P28A
8294	N77660	FA24
8295	N77661	FA24
8299	N77665	FA24
829B	N77667	FA24
829F	N7767A	C180
82A0	N7767B	C185
82A3	N7767E	C150
82A4	N7767F	C150
82A5	N7767G	C172
82AA	N7767M	M20P
82AC	N7767P	PA24
82AE	N7767R	PTMS
82AF	N7767S	GLID
82B0	N7767T	C172
82B1	N7767U	C150
82B3	N7767W	P28A
82B8	N77671	FA24
82B9	N77672	FA24
82C2	N7768A	C180
82C6	N7768E	C150
82CD	N7768M	M20P
82CE	N7768N	P28A
82CF	N7768P	PA24
82D0	N7768Q	C310
82D1	N7768R	BE35
82D4	N7768U	C150
82D5	N7768V	A9
82D6	N7768W	P28A
82DB	N77681	FA24
82DC	N77682	FA24
82E2	N77688	FA24
82E4	N7769	SA30
82E5	N7769A	C180
82E9	N7769E	C150
82EC	N7769H	PA12
82F0	N7769M	M20P
82F1	N7769N	P28A
82F3	N7769Q	C310
82F4	N7769R	BE35
82F9	N7769W	P28A
82FC	N7769Z	PA25
82FE	N77691	FA24
8302	N77695	FA24
8303	N77696	FA24
8304	N77697	FA24
8305	N77698	FA24
8307	N777	F2TH
830C	N777AD	C175
830F	N777AG	H25B
8310	N777AH	C172
8311	N777AJ	SR22
8312	N777AK	BE36
8313	N777AL	C650
8315	N777AN	B772
8316	N777AP	T6
8317	N777AQ	BE20
8318	N777AR	GLID
8319	N777AS	B772
831C	N777AV	S22T
831D	N777AW	BE20
831E	N777AX	C550
8320	N777AZ	B772
8321	N777B	BE35
8322	N777BA	BE35
8323	N777BB	PA24
8324	N777BC	BE35
8325	N777BD	GLID
8329	N777BH	PC12
832B	N777BK	C680
832C	N777BL	ASTR
832D	N777BM	T210
832F	N777BP	C525
8331	N777BR	PA24
8332	N777BS	AEST
8333	N777BT	T6
8335	N777BV	BE55
8336	N777BW	C310
8337	N777BX	AR6T
833A	N777C	S108
833B	N777CA	C172
833C	N777CB	SF50
833D	N777CC	SA30
833E	N777CD	P28R
833F	N777CE	BE35
8340	N777CF	C210
8341	N777CG	C310
8342	N777CH	ST75
8343	N777CJ	C650
8344	N777CK	CASS
8345	N777CL	SR22
8346	N777CM	AC50
8348	N777CP	B06
8349	N777CQ	PC12
834B	N777CS	BE33
834C	N777CT	AS50
834F	N777CW	P28A
8351	N777CY	RV6
8352	N777CZ	BE55
8353	N777D	C340
8354	N777DA	EVOP
8355	N777DB	CL60
8356	N777DC	H25B
8359	N777DF	PA24
835A	N777DG	LNP4
835B	N777DH	DHC2
835C	N777DJ	LGEZ
835D	N777DK	BE95
835E	N777DL	P210
8361	N777DP	SA30
8363	N777DR	C310
8364	N777DS	PRM1
8365	N777DT	RV6
8366	N777DU	C172
8367	N777DV	MAGN
8368	N777DW	BL8
836B	N777DZ	R44
836C	N777E	BE58
836D	N777EA	DC7
836E	N777EB	BE9L
836F	N777EC	M20P
8371	N777EE	PA24
8373	N777EG	CH7A
8374	N777EH	H25B
8378	N777EM	B06
8379	N777EN	EAGL
837A	N777EP	L29B
837C	N777ER	LNC4
837D	N777ES	P28A
8380	N777EV	BE36
8382	N777EX	SF50
8384	N777EZ	P28A
8388	N777FC	FA20
8389	N777FD	B752
838A	N777FE	BE40
838C	N777FG	P28R
838D	N777FH	BE35
8390	N777FL	G150
8391	N777FM	PA32
8394	N777FQ	RV7
8395	N777FR	PC24
8396	N777FS	PA30
8398	N777FU	TS11
8399	N777FV	IS28
839A	N777FW	C210
839B	N777FX	TBM7
839C	N777FY	P210
839E	N777G	BE40
839F	N777GA	CL60
83A0	N777GB	SR22
83A1	N777GC	AA5
83A3	N777GE	AA5
83A6	N777GH	UH1
83AB	N777GN	ST75
83AC	N777GP	BE35
83AE	N777GR	H60
83B0	N777GT	C210
83B1	N777GU	CL60
83B2	N777GV	SR22
83B3	N777GW	BE60
83B4	N777GX	SR22
83B7	N777H	BL17
83BA	N777HC	H25B
83BB	N777HD	WW24
83BC	N777HE	C172
83BE	N777HG	BE36
83C0	N777HJ	CH7A
83C1	N777HK	C182
83C2	N777HL	T6
83C3	N777HM	C185
83C4	N777HN	C56X
83C7	N777HR	C82R
83C8	N777HS	T210
83C9	N777HT	SNS7
83CA	N777HU	PA18
83CB	N777HV	PA18
83CE	N777HY	HUSK
83CF	N777HZ	PA31
83D2	N777JB	C172
83D3	N777JC	BE35
83D4	N777JD	P28R
83D5	N777JE	B350
83D6	N777JF	PRM1
83D9	N777JJ	C500
83DA	N777JK	C210
83DB	N777JL	PA46
83DC	N777JM	BE35
83DF	N777JQ	E50P
83E0	N777JR	PA34
83E1	N777JS	FOX
83E2	N777JT	RV7
83E6	N777JX	DHC2
83E7	N777JY	PA31
83E8	N777JZ	PC12
83E9	N777K	BE20
83EA	N777KA	BE9L
83EB	N777KB	SA30
83EC	N777KC	P28A
83EF	N777KF	BE95
83F0	N777KG	PA30
83F3	N777KK	GA8C
83F4	N777KL	GLF5
83F7	N777KP	PA30
83F8	N777KQ	GL7T
83FA	N777KS	C182
83FB	N777KT	C750
83FE	N777KW	BE35
8400	N777KY	C25C
8402	N777L	BCAT
8404	N777LB	C25B
8405	N777LC	BD4
8406	N777LD	LJ35
8408	N777LF	COUR
840A	N777LH	M20P
840D	N777LL	BE95
8410	N777LP	MU2
8411	N777LQ	RV14
8413	N777LS	SF50
8414	N777LT	M20P
8418	N777LX	C56X
8419	N777LY	PA32
841A	N777LZ	GLIM
841B	N777M	S22T
841D	N777MB	C172
841F	N777MD	P28R
8420	N777ME	PA31
8422	N777MG	P46T
8424	N777MJ	MIMU
8425	N777MK	AEST
8427	N777MM	B36T
8429	N777MP	PA31
842B	N777MR	CH7A
842C	N777MS	CL30
842D	N777MT	M20P
842E	N777MU	PA24
842F	N777MV	CL60
8430	N777MW	RV8
8431	N777MX	C650
8432	N777MY	BE36
8434	N777N	BE35
8438	N777ND	SR20
8439	N777NE	CL35
843A	N777NF	P32R
843B	N777NG	CRUZ
843C	N777NH	C340
843D	N777NJ	C25B
843E	N777NK	BE36
843F	N777NL	SR22
8440	N777NM	SREY
8441	N777NN	BE33
8444	N777NR	Q9
8446	N777NT	C210
8448	N777NV	BE30
844B	N777NY	T206
844D	N777P	G2T1
844F	N777PB	BE36
8450	N777PC	LNP4
8451	N777PD	BE35
8454	N777PG	PA46
8456	N777PJ	ACRO
8457	N777PK	PA31
8459	N777PM	C310
845B	N777PP	T34P
845E	N777PS	SR22
845F	N777PT	C150
8461	N777PV	G73
8462	N777PW	AA5
8463	N777PX	RV7
8466	N777Q	C310
8467	N777QA	BE58
8468	N777QB	SKYR
8469	N777QC	B737
8470	N777QK	C25C
8471	N777QL	LJ45
8477	N777QS	CL35
847C	N777QX	CL60
847F	N777R	C210
8480	N777RA	BE58
8481	N777RB	C56X
8484	N777RE	VJ22
8486	N777RG	C182
8487	N777RH	PA30
848A	N777RL	R44
848D	N777RP	C414
848E	N777RQ	BE58
848F	N777RR	C210
8491	N777RT	COY2
8493	N777RV	RV7
8495	N777RX	R66
8496	N777RY	SR22
8497	N777RZ	PA32
8498	N777S	PA18
8499	N777SA	B77L
849A	N777SB	COL4
849B	N777SC	PA31
849C	N777SD	P28A
849E	N777SF	UH1
849F	N777SG	BE58
84A0	N777SH	SREY
84A1	N777SJ	GA6C
84A2	N777SK	P32R
84A3	N777SL	C500
84A4	N777SM	BE35
84A5	N777SN	P337
84A8	N777SR	P28A
84A9	N777SS	BE20
84AD	N777SW	RV10
84AE	N777SX	RV4
84B0	N777SZ	T210
84B1	N777T	DHC2
84B2	N777TA	TBM9
84B5	N777TD	B407
84B8	N777TG	PA18
84B9	N777TH	P32R
84BB	N777TK	BE58
84BC	N777TL	BE35
84BF	N777TP	P46T
84C1	N777TR	M20P
84C2	N777TS	C421
84C5	N777TV	C182
84C6	N777TW	C172
84CA	N777U	BE35
84CB	N777UA	B772
84D0	N777UF	CH7B
84D2	N777UH	R22
84D4	N777UK	B772
84D6	N777UM	C172
84DB	N777US	BE95
84DC	N777UT	C680
84DE	N777UV	FA50
84E3	N777V	C310
84E5	N777VB	BT36
84E9	N777VF	C414
84EB	N777VH	GLIM
84EC	N777VJ	C82R
84ED	N777VK	MU2
84EE	N777VL	LNC2
84EF	N777VM	AC50
84F0	N777VN	O1
84F1	N777VP	P28A
84F5	N777VT	GLID
84F6	N777VU	KR2
84F7	N777VV	SR22
84F8	N777VW	H25B
84F9	N777VX	P28A
84FA	N777VY	RV7
84FB	N777VZ	PA31
84FC	N777W	P32R
84FE	N777WB	P28A
84FF	N777WC	BE35
8500	N777WD	BE35
8501	N777WE	S22T
8505	N777WJ	RV10
8507	N777WL	C210
8508	N777WM	MU2
850C	N777WR	C182
850E	N777WT	PA18
8510	N777WV	BE58
8511	N777WW	BE55
8512	N777WX	SR22
8513	N777WY	C560
8516	N777XA	TBM7
8517	N777XB	BE35
8518	N777XC	FOX
851C	N777XG	SR20
851E	N777XJ	BE18
8521	N777XM	M20P
8523	N777XP	BE30
8529	N777XV	FA7X
852B	N777XX	COL3
852C	N777XY	F900
852D	N777XZ	RV7
852E	N777Y	BE35
8534	N777YF	BE36
8536	N777YH	DA40
8538	N777YK	YK52
853B	N777YN	BE9L
853C	N777YP	SR22
853E	N777YR	AA5
8540	N777YT	C82S
8541	N777YU	P32R
8547	N777Z	BE35
8548	N777ZA	B407
8549	N777ZB	FBA2
854A	N777ZC	C182
854F	N777ZH	GLF6
8552	N777ZL	FA50
8553	N777ZM	PA31
8557	N777ZR	GALX
8559	N777ZT	C320
855B	N777ZV	DA40
855C	N777ZW	DA40
855D	N777ZX	FOX
855E	N777ZY	EA50
855F	N777ZZ	PA24
8561	N7770A	C172
8562	N7770B	P28A
8563	N7770C	P28A
8564	N7770D	P28R
8565	N7770E	C150
8567	N7770G	C172
8568	N7770H	PA12
856A	N7770K	C180
856B	N7770L	PA34
856C	N7770M	M20P
856D	N7770N	P28A
856E	N7770P	PA24
8570	N7770R	SONX
8571	N7770S	GLID
8572	N7770T	C172
8573	N7770U	C172
8574	N7770V	RV7
8575	N7770W	P28A
8576	N7770X	BE50
857A	N77701	FNKB
857E	N77705	FNKB
8580	N77707	FNKB
8581	N77708	FNKB
8582	N77709	G150
8583	N7771	RV12
8584	N7771A	C180
8585	N7771B	C172
8586	N7771C	T6
8588	N7771E	C150
858A	N7771G	C172
8590	N7771N	P28A
8593	N7771R	GLAS
8595	N7771T	C172
8596	N7771U	C172
8598	N7771W	P28A
859A	N7771Y	PA30
859C	N77710	FNKB
859D	N77711	SONX
859E	N77712	FNKB
85A0	N77714	FNKB
85A1	N77715	FNKB
85A3	N77717	AC11
85A4	N77718	FNKB
85A5	N77719	FNKB
85A8	N7772B	C180
85A9	N7772C	P28A
85AA	N7772D	PA18
85AC	N7772F	C150
85AD	N7772G	C172
85AE	N7772H	C82S
85AF	N7772J	ST75
85B1	N7772L	M20P
85B2	N7772M	M20P
85B3	N7772N	P28A
85B5	N7772Q	C310
85B6	N7772R	BE35
85B7	N7772S	GLID
85B8	N7772T	COL4
85B9	N7772U	C172
85BA	N7772V	A9
85BB	N7772W	C82T
85BC	N7772X	C172
85BF	N77720	FNKB
85C1	N77722	FNKB
85C2	N77723	G280
85C3	N77724	FNKB
85C4	N77725	FNKB
85C5	N77726	FNKB
85C8	N77729	FNKB
85CD	N7773D	R44
85CF	N7773F	C150
85D1	N7773H	SR22
85D2	N7773J	C25B
85D3	N7773K	PA20
85D6	N7773N	P28A
85D7	N7773P	PA24
85D8	N7773Q	C310
85D9	N7773R	BE95
85DA	N7773S	GLID
85DB	N7773T	C172
85DC	N7773U	C172
85DE	N7773W	P28A
85E0	N7773Y	PA30
85E3	N77731	FNKB
85E4	N77732	FNKB
85E7	N77735	FNKB
85E8	N77736	FNKB
85E9	N77737	FNKB
85ED	N7774A	C172
85EE	N7774B	T206
85EF	N7774C	C77R
85F0	N7774D	PA18
85F1	N7774E	C182
85F2	N7774F	C150
85F3	N7774G	C172
85F9	N7774N	P28A
85FC	N7774R	BE95
85FE	N7774T	BE76
8600	N7774V	A9
8601	N7774W	MAGN
8603	N7774Y	PA30
8604	N7774Z	SR22
8606	N77741	FNKB
8607	N77742	FNKB
8609	N77744	ST75
860D	N77748	FNKB
860E	N77749	FNKB
8611	N7775B	T206
8613	N7775D	PA18
8616	N7775G	C172
8617	N7775H	PA12
861B	N7775M	M20P
861C	N7775N	P28A
861D	N7775P	VELO
861F	N7775R	BE33
8620	N7775S	BL8
8621	N7775T	C172
8624	N7775W	P28A
8625	N7775X	CC11
862A	N77752	GC1
862B	N77753	GC1
862D	N77755	GC1
8633	N7776A	C25A
8636	N7776D	PA18
8639	N7776G	C172
863A	N7776H	T210
863D	N7776L	SR22
863E	N7776M	M20P
863F	N7776N	P28A
8640	N7776P	PA24
8643	N7776S	GLID
8644	N7776T	S22T
8647	N7776W	SF50
8648	N7776X	C172
864A	N7776Z	PA18
8651	N77766	B06
8652	N77767	GC1
8656	N7777A	T206
8658	N7777C	C172
8659	N7777D	PA18
865B	N7777F	PA46
865C	N7777G	PA46
865D	N7777H	PA12
865F	N7777K	PA22
8663	N7777P	PA24
8664	N7777Q	B737
8665	N7777R	BE35
8666	N7777S	C210
8668	N7777U	GLEX
866A	N7777W	P28A
866B	N7777X	SONX
866C	N7777Y	PA30
866E	N77770	C320
8677	N77779	LJ31
8678	N7778	C77R
867A	N7778B	M20P
867F	N7778G	S22T
8681	N7778J	CL30
8685	N7778N	P28A
8687	N7778Q	C310
868A	N7778T	S22T
868B	N7778U	C172
868F	N7778Y	PA30
8690	N7778Z	PA25
869B	N7779	RYST
869C	N7779A	C180
869E	N7779C	P28A
869F	N7779D	PA18
86A1	N7779F	C150
86A3	N7779H	PA12
86A4	N7779J	CH7A
86A5	N7779K	C180
86A8	N7779N	P28A
86AD	N7779T	P32R
86AF	N7779V	BE20
86B0	N7779W	P28A
86B1	N7779X	VELO
86B2	N7779Y	PA30
86BC	N77798	ST75
86BD	N77799	ST75
86BE	N778	G21
86C2	N778AC	BL8
86CA	N778AL	BE35
86CC	N778AN	B772
86CF	N778AR	GLF6
86D3	N778AV	CRJ2
86D4	N778AW	B06
86D8	N778B	C560
86DB	N778BC	C510
86F1	N778C	PA32
86F2	N778CA	SR22
86F4	N778CC	PA11
86F9	N778CH	GL5T
86FB	N778CK	B77W
86FF	N778CP	C82T
8701	N778CR	GLF4
8706	N778CW	T206
870E	N778DD	CAMP
871B	N778DS	DA40
871C	N778DT	PA11
8723	N778E	AEST
872F	N778EM	C182
8740	N778FD	B752
8741	N778FE	C208
874D	N778FS	H25B
8759	N778GD	GA6C
8767	N778GT	S22T
8769	N778GV	M600
8787	N778J	JAB4
8789	N778JB	M7
878F	N778JH	BE77
8794	N778JN	GA7
8798	N778JS	C560
87A0	N778K	PRM1
87CB	N778LT	R44
87D2	N778M	RV7
87D3	N778MA	B738
87D5	N778MC	C82S
87DE	N778MM	PA46
87E2	N778MR	R22
87E3	N778MS	F156
87E4	N778MT	G280
87E7	N778MW	BE23
87EF	N778ND	P28A
8810	N778PM	S22T
8812	N778PP	RV7
882E	N778QS	CL35
8838	N778RB	P210
8839	N778RC	PA32
883A	N778RD	C177
883E	N778RH	E170
883F	N778RJ	RV8
8841	N778RL	RV8
8842	N778RM	H25B
884A	N778RV	RV8
884F	N778S	AT5T
8852	N778SC	C68A
8856	N778SG	PAY3
8859	N778SK	CRJ7
885D	N778SP	C172
8864	N778SW	B737
8868	N778T	S76
886A	N778TB	C550
886B	N778TC	EA50
8873	N778TL	R66
8876	N778TP	S22T
8882	N778UA	B772
88AF	N778VW	EA50
88C1	N778WP	RV7
88C5	N778WT	S22T
88D2	N778XF	A319
88D5	N778XJ	C750
88F6	N778YS	RV14
88FB	N778YX	E170
8918	N7780A	C180
8919	N7780B	DC6
891B	N7780D	PA18
891D	N7780F	C150
891E	N7780G	C172
891F	N7780H	R22
8921	N7780K	C180
8925	N7780P	PA24
8928	N7780S	GLID
892D	N7780X	C172
892E	N7780Y	PA18
8933	N77803	L8
8935	N77805	L8
8936	N77806	L8
8937	N77807	L8
8938	N77808	L8
8939	N77809	L8
893A	N7781	FA10
893D	N7781C	CB1
893F	N7781E	C82T
8941	N7781G	C172
8942	N7781H	PA12
8944	N7781K	PA20
8947	N7781N	P28A
8948	N7781P	PA24
894A	N7781R	BE55
894C	N7781T	C172
894D	N7781U	C172
8950	N7781X	C172
8952	N7781Z	PA25
8953	N77810	L8
8955	N77812	C82T
895A	N77817	L8
895C	N77819	L8
8963	N7782F	C150
8967	N7782K	C180
8969	N7782M	M20P
896C	N7782Q	C310
896D	N7782R	BE35
896E	N7782S	GLID
896F	N7782T	C172
8970	N7782U	C172
8972	N7782W	P28A
8973	N7782X	C172
8978	N77822	L8
897B	N77825	L8
8983	N7783C	ST75
8985	N7783E	C150
8986	N7783F	C150
8987	N7783G	C172
898C	N7783M	M20P
898D	N7783N	P28A
8993	N7783U	C172
8994	N7783V	A9
89A0	N77837	L8
89A1	N77838	L8
89A2	N77839	L8
89A4	N7784A	CH75
89A9	N7784F	C150
89AA	N7784G	C172
89AB	N7784H	PA12
89B4	N7784S	GLID
89B8	N7784W	P28A
89BD	N77841	L8
89BE	N77842	L8
89C7	N7785A	C180
89CE	N7785H	PA12
89D2	N7785M	M20P
89D3	N7785N	P28A
89D9	N7785U	C172
89DE	N7785Z	PA25
89E3	N77854	L8
89E5	N77856	L8
89E6	N77857	L8
89ED	N7786D	PA18
89F0	N7786G	C172
89F2	N7786J	R44
89F6	N7786N	P28A
89F7	N7786P	PA24
89F9	N7786R	BE35
89FA	N7786S	GLID
89FC	N7786U	C172
89FD	N7786V	A9
89FE	N7786W	P28A
8A00	N7786Y	PA30
8A03	N77861	L8
8A05	N77863	L8
8A07	N77865	B753
8A09	N77867	B753
8A0B	N77869	L8
8A18	N7787M	M20P
8A19	N7787N	P28A
8A1F	N7787U	C172
8A23	N7787Y	PA30
8A26	N77871	B753
8A29	N77874	L8
8A2A	N77875	L8
8A2B	N77876	L8
8A2C	N77877	SR22
8A30	N7788A	C180
8A31	N7788B	ST75
8A33	N7788D	PA18
8A35	N7788F	C150
8A37	N7788H	BE36
8A38	N7788J	C680
8A39	N7788K	PA20
8A3A	N7788L	GLST
8A3B	N7788M	M20P
8A3C	N7788N	P28A
8A3D	N7788P	PA24
8A3F	N7788R	CRER
8A40	N7788S	GLID
8A41	N7788T	SR20
8A42	N7788U	C172
8A43	N7788V	M20P
8A44	N7788W	P28A
8A45	N7788X	C172
8A49	N77881	L8
8A4B	N77883	L8
8A4F	N77887	L8
8A50	N77888	RAF2
8A52	N7789	GLIM
8A53	N7789A	C180
8A54	N7789B	C182
8A58	N7789F	C150
8A5E	N7789M	M20P
8A5F	N7789N	P28A
8A62	N7789R	BE55
8A64	N7789T	SR20
8A65	N7789U	C172
8A67	N7789W	P28A
8A6B	N77890	L8
8A6E	N77893	L8
8A70	N77895	L8
8A76	N779A	GLID
8A79	N779AC	RV6
8A7C	N779AF	BE9L
8A80	N779AK	P28R
8A81	N779AL	B407
8A82	N779AM	BE30
8A83	N779AN	B772
8A8A	N779AV	A20N
8A8B	N779AW	B06
8A8C	N779AX	DO27
8A8E	N779AZ	GLF4
8A92	N779BC	SW4
8AA8	N779C	SR22
8AA9	N779CA	CRJ2
8AAB	N779CC	C441
8AAC	N779CD	SR20
8AAE	N779CF	LJ45
8AB2	N779CK	B77W
8AB6	N779CP	AS50
8AB9	N779CS	SBR1
8AC1	N779D	BE35
8AC2	N779DA	AT8T
8AC3	N779DB	BE58
8AC6	N779DE	MM16
8AC9	N779DH	EXEC
8ACC	N779DL	BE20
8AD2	N779DS	RV10
8AD6	N779DW	SM19
8AD9	N779DZ	R44
8ADE	N779ED	GLID
8AF7	N779FD	B752
8AF8	N779FE	C208
8B0C	N779G	P28A
8B0E	N779GB	R44
8B0F	N779GC	AS50
8B15	N779GJ	RV7
8B26	N779HA	R66
8B28	N779HC	SF50
8B3E	N779J	JAB4
8B40	N779JB	A320
8B45	N779JG	CL35
8B4A	N779JM	BE9L
8B53	N779JW	SR22
8B68	N779KS	BN2P
8B69	N779KT	RV7
8B73	N779LC	GLF2
8B74	N779LD	GLF4
8B76	N779LF	EC45
8B77	N779LG	CL60
8B78	N779LH	GLAS
8B8C	N779MC	C82S
8B8D	N779MD	C182
8B91	N779MH	AS50
8B95	N779MM	BE95
8B99	N779MR	PA23
8BAE	N779NM	BE95
8BBC	N779PA	EC30
8BBE	N779PC	PC12
8BC4	N779PJ	RV7
8BCD	N779PT	C172
8BCF	N779PV	B779
8BE5	N779QS	CL35
8BED	N779R	E300
8BEF	N779RB	BE35
8BF1	N779RD	CH7B
8BF6	N779RJ	S22T
8BF7	N779RK	C560
8BFA	N779RN	E170
8C01	N779RV	RV9
8C02	N779RW	RV14
8C09	N779SC	CRUZ
8C0E	N779SH	R22
8C10	N779SK	CRJ7
8C11	N779SL	SLG4
8C14	N779SP	C82R
8C16	N779SR	S22T
8C1B	N779SW	B737
8C1C	N779SX	SONX
8C22	N779TC	C182
8C2B	N779TM	C180
8C34	N779TW	SR22
8C39	N779UA	B772
8C49	N779US	DA40
8C57	N779VF	BE9L
8C6A	N779W	BL19
8C6B	N779WA	GLF5
8C6D	N779WC	SR22
8C7B	N779WS	S22T
8C7C	N779WT	RV12
8C86	N779XC	CC19
8C91	N779XP	DHC2
8C98	N779XW	B779
8C99	N779XX	B779
8C9A	N779XY	B779
8C9B	N779XZ	B779
8CB2	N779YX	E75S
8CB5	N779Z	M7
8CCF	N7790A	C180
8CD2	N7790D	PA18
8CD3	N7790E	C150
8CD7	N7790J	TBM7
8CDB	N7790N	P28A
8CE0	N7790T	C172
8CE1	N7790U	C172
8CE3	N7790W	P28A
8CE5	N7790Y	PA30
8CE8	N77901	L8
8CEA	N77903	L8
8CEC	N77905	L8
8CED	N77906	L8
8CF0	N77909	L8
8CF1	N7791	C172
8CF4	N7791C	C82T
8CFE	N7791N	P28A
8CFF	N7791P	PA24
8D03	N7791T	C172
8D04	N7791U	C172
8D06	N7791W	P28A
8D07	N7791X	C172
8D08	N7791Y	PA30
8D11	N77917	L8
8D12	N77918	L8
8D14	N7792	GLID
8D15	N7792A	C180
8D18	N7792D	PA18
8D1E	N7792K	C180
8D20	N7792M	M20P
8D21	N7792N	P28A
8D22	N7792P	PA24
8D23	N7792Q	C310
8D24	N7792R	BE33
8D26	N7792T	C172
8D27	N7792U	C172
8D29	N7792W	P28A
8D2A	N7792X	C172
8D30	N77923	L8
8D32	N77925	L8
8D33	N77926	L8
8D34	N77927	L8
8D36	N77929	L8
8D3A	N7793C	P28A
8D3B	N7793D	PA18
8D3F	N7793H	PA12
8D41	N7793K	PA20
8D43	N7793M	M20P
8D46	N7793Q	C310
8D4C	N7793W	P28A
8D4E	N7793Y	PA30
8D51	N77931	L8
8D53	N77933	L8
8D55	N77935	L8
8D57	N77937	L8
8D59	N77939	L8
8D5F	N7794E	C150
8D60	N7794F	C150
8D64	N7794K	PA20
8D67	N7794N	P28A
8D69	N7794Q	C310
8D6A	N7794R	BE36
8D6B	N7794S	GLID
8D6D	N7794U	C150
8D70	N7794X	C172
8D75	N77942	L8
8D79	N77946	L8
8D7B	N77948	L8
8D81	N7795D	PA18
8D85	N7795H	PA12
8D8B	N7795P	PA24
8D8E	N7795S	GLID
8D8F	N7795T	C172
8D93	N7795X	C172
8D96	N77950	L8
8D9C	N77956	L8
8DA2	N7796B	PA18
8DA4	N7796D	PA18
8DA6	N7796F	C150
8DAA	N7796K	PA20
8DAD	N7796N	BE95
8DAE	N7796P	PA24
8DB3	N7796U	C150
8DB5	N7796W	P28A
8DB6	N7796X	C172
8DB7	N7796Y	PA18
8DC5	N7797B	PA18
8DC8	N7797E	C150
8DCD	N7797K	PA20
8DD0	N7797N	P28A
8DD1	N7797P	PA24
8DD3	N7797R	BE35
8DD5	N7797T	C172
8DD6	N7797U	C150
8DD7	N7797V	SS2P
8DD8	N7797W	P28A
8DDB	N7797Z	PA25
8DDD	N77971	L8
8DE0	N77974	L8
8DE8	N7798B	PA18
8DEB	N7798E	C150
8DF2	N7798M	M20P
8DF3	N7798N	T206
8DF7	N7798S	GLID
8DF8	N7798T	C172
8DF9	N7798U	C172
8DFB	N7798W	P28A
8E00	N77981	L8
8E05	N77986	L8
8E07	N77988	L8
8E08	N77989	L8
8E0D	N7799D	PA18
8E0F	N7799F	C150
8E13	N7799K	PA20
8E15	N7799M	M20P
8E1A	N7799S	GLID
8E1B	N7799T	GLF4
8E1D	N7799V	A9
8E1E	N7799W	P28A
8E21	N7799Z	PA25
8E27	N77995	L8
8E29	N77997	L8
8E2B	N77999	GLF6
8E2C	N78	BE30
8E2E	N78AA	P32R
8E2F	N78AB	GLIM
8E31	N78AD	SAKO
8E32	N78AE	S22T
8E34	N78AG	GLF4
8E35	N78AH	HUSK
8E36	N78AJ	PA18
8E38	N78AL	VEZE
8E39	N78AM	B06
8E3E	N78AS	T206
8E41	N78AV	P208
8E42	N78AW	GLID
8E47	N78BA	BE9L
8E48	N78BB	C310
8E49	N78BC	BT36
8E4B	N78BE	BE36
8E4C	N78BF	BE36
8E4D	N78BG	P28A
8E4E	N78BH	RV7
8E4F	N78BJ	HIGH
8E51	N78BL	C185
8E55	N78BQ	EPIC
8E56	N78BR	B06
8E5B	N78BW	HROC
8E5D	N78BY	BL8
8E62	N78CC	BE35
8E63	N78CD	SR22
8E65	N78CF	RV6
8E66	N78CG	VP2
8E67	N78CH	E550
8E6B	N78CM	GLID
8E74	N78CW	PA12
8E76	N78CY	F900
8E77	N78CZ	COZY
8E78	N78D	U21
8E79	N78DA	BE10
8E7A	N78DB	BE58
8E7B	N78DC	BE35
8E7C	N78DD	BE95
8E7D	N78DE	C185
8E7E	N78DF	T18
8E7F	N78DG	C414
8E81	N78DJ	P28R
8E83	N78DL	RV8
8E88	N78DR	RV6
8E89	N78DS	S22T
8E8B	N78DU	BE36
8E8D	N78DW	T18
8E8E	N78DX	SF50
8E92	N78EA	CRJ7
8E93	N78EB	C25C
8E94	N78EC	UH1
8E96	N78EE	SR22
8E97	N78EF	RV7
8E99	N78EH	P32R
8E9D	N78EM	SR22
8EA1	N78ER	C172
8EA4	N78EU	BE36
8EA7	N78EX	E300
8EA9	N78EZ	VEZE
8EAA	N78F	C210
8EAB	N78FA	GLIM
8EAC	N78FB	BE9T
8EAE	N78FD	GLID
8EB1	N78FG	C182
8EB2	N78FH	H60
8EB3	N78FJ	F2TH
8EB5	N78FL	PA46
8EB6	N78FM	M20P
8EB8	N78FP	FB1A
8EBA	N78FR	LJ60
8EBB	N78FS	BD5J
8EBC	N78FT	R44
8EC3	N78G	GLAS
8EC5	N78GB	P32R
8EC6	N78GC	BL8
8EC7	N78GD	AEST
8ECA	N78GG	BE33
8ECB	N78GH	PA31
8ECD	N78GK	BE60
8ECE	N78GL	SR22
8ECF	N78GM	C310
8ED4	N78GS	PA23
8ED5	N78GT	AA5
8ED8	N78GW	BE36
8EDE	N78HB	HUSK
8EE2	N78HF	BE33
8EE4	N78HH	C25B
8EE5	N78HJ	RV6
8EE8	N78HM	BE95
8EED	N78HS	GA7
8EF0	N98HV	C700
8EF3	N78HY	HUSK
8EF7	N78JB	PTS1
8EF9	N78JD	GLAS
8EFA	N78JE	COL4
8EFB	N78JF	GLAS
8EFC	N78JG	BE35
8EFD	N78JH	GLAS
8EFE	N78JJ	S22T
8F00	N78JL	MUS2
8F01	N78JM	P28A
8F07	N78JT	PA23
8F0F	N78KA	FOX
8F11	N78KC	C414
8F12	N78KD	BE24
8F15	N78KG	BE36
8F17	N78KJ	C310
8F18	N78KK	BE35
8F19	N78KL	BE58
8F1A	N78KM	BE35
8F1B	N78KN	GA5C
8F1C	N78KP	AA5
8F22	N78KV	AA5
8F23	N78KW	T206
8F2C	N78LE	RV6
8F2D	N78LF	A119
8F2F	N78LH	C182
8F33	N78LM	VEZE
8F38	N78LS	AEST
8F39	N78LT	RV14
8F3B	N78LV	SF50
8F41	N78MA	GLID
8F42	N78MB	FA20
8F43	N78MC	SR22
8F44	N78MD	C550
8F45	N78ME	B06
8F47	N78MG	SR22
8F49	N78MJ	P28A
8F4A	N78MK	T210
8F4B	N78ML	T206
8F4E	N78MP	M20P
8F50	N78MR	P32R
8F51	N78MS	PA31
8F52	N78MT	RBEL
8F53	N78MU	RV10
8F54	N78MV	BL8
8F55	N78MW	T206
8F57	N78MY	RV14
8F59	N78N	GLIM
8F5A	N78NA	AC90
8F5C	N78NC	EC45
8F5D	N78ND	T206
8F60	N78NG	C414
8F62	N78NJ	AEST
8F64	N78NL	B06
8F67	N78NP	T18
8F69	N78NR	PA18
8F6A	N78NS	BOLT
8F6E	N78NW	UH1
8F73	N78PA	DA40
8F75	N78PC	C182
8F76	N78PD	BL8
8F77	N78PE	M20P
8F79	N78PG	PC12
8F7A	N78PH	BE33
8F7B	N78PJ	CH7B
8F7C	N78PK	MU2
8F7D	N78PL	P32R
8F80	N78PP	RV6
8F83	N78PS	PTS2
8F86	N78PV	PIVI
8F87	N78PW	PA24
8F8A	N78PZ	SR22
8F8B	N78Q	PC12
8F8D	N78QB	P28R
8F99	N78QP	PA18
8F9B	N78QR	BE9L
8FA4	N78R	ST75
8FA7	N78RC	SR20
8FA8	N78RD	SR22
8FAA	N78RF	PA22
8FAB	N78RG	C82R
8FAC	N78RH	PTS1
8FAD	N78RJ	PA30
8FAE	N78RK	C25A
8FAF	N78RL	TB20
8FB0	N78RM	P46T
8FB1	N78RN	T6
8FB4	N78RR	C182
8FB5	N78RS	BE35
8FB6	N78RT	MUS2
8FB9	N78RW	WICH
8FBD	N78S	C340
8FBE	N78SA	C208
8FBF	N78SB	PA11
8FC0	N78SC	C337
8FC1	N78SD	GLEX
8FC2	N78SE	CH7B
8FC4	N78SG	RV8
8FC6	N78SJ	E300
8FC7	N78SK	GLAS
8FC9	N78SM	C337
8FCB	N78SP	VEZE
8FCD	N78SR	FDCT
8FCE	N78SS	DHC2
8FD5	N78SZ	SR22
8FD6	N78T	C310
8FD7	N78TA	P28A
8FD9	N78TC	CL30
8FDA	N78TD	SR20
8FDC	N78TF	M20P
8FDD	N78TG	RV9
8FDE	N78TH	SREY
8FDF	N78TJ	C25A
8FE0	N78TK	SA30
8FE2	N78TM	P28A
8FE4	N78TP	GLST
8FE7	N78TS	AEST
8FE8	N78TT	AC90
8FEB	N78TW	SLG2
8FEC	N78TX	RV8
9000	N78US	DA40
9001	N78UT	B429
9008	N78V	VTUR
9009	N78VA	CRER
900B	N78VC	BE58
900D	N78VE	M20P
900F	N78VG	R66
9010	N78VH	PC24
9012	N78VK	LEG2
9013	N78VL	AA5
9014	N78VM	SA30
901D	N78VW	SVNH
9022	N78WA	P28R
9025	N78WD	MU2
9026	N78WE	C82S
9027	N78WF	P46T
9028	N78WG	T18
9029	N78WH	BE35
902F	N78WP	C172
9031	N78WR	C182
9032	N78WS	PA38
9033	N78WT	SA30
9035	N78WV	T210
9038	N78WY	HUSK
903A	N78X	G44
9045	N78XL	C56X
9048	N78XP	C172
9053	N78Y	TAIL
9055	N78YB	BE35
905D	N78YK	YK50
9069	N78YX	WAIX
906C	N78Z	G44
9071	N78ZE	C750
9073	N78ZG	C25B
9078	N78ZM	C25B
9086	N780A	T206
9088	N780AB	C25A
9089	N780AC	PA30
9090	N780AK	S22T
9093	N780AN	B772
9097	N780AS	B744
909A	N780AV	B788
90A0	N780BA	BLCF
90A2	N780BC	O1
90A6	N780BG	C172
90A7	N780BH	LJ45
90B8	N780C	UH12
90B9	N780CA	P180
90BA	N780CB	C560
90BC	N780CD	SR22
90BE	N780CF	C550
90C2	N780CK	B77W
90C6	N780CP	C82T
90C8	N780CR	GLF5
90D2	N780DA	P28A
90D4	N780DC	C525
90DD	N780DM	BL8
90E2	N780DS	B738
90E6	N780DW	H25B
90EA	N780E	GLF5
90F2	N780EH	RV8
9104	N780FA	AT8T
9107	N780FD	B752
9108	N780FE	C208
910F	N780FM	P28R
911D	N780GA	GA7
911F	N780GC	PA31
912D	N780GS	EC30
9131	N780GW	RV4
9135	N780H	C182
9136	N780HA	B789
9143	N780HP	B429
914E	N780J	S76
914F	N780JA	C172
9150	N780JB	S22T
9151	N780JC	C421
9156	N780JH	E545
915F	N780JS	C25B
9169	N780KB	BE20
9178	N780KS	GLF5
918C	N780LM	FA7X
919B	N780MB	C402
919D	N780MD	S22T
91A2	N780MJ	C25B
91B6	N780ND	PA44
91C7	N780NW	RV7
91CB	N780P	S76
91F5	N780QS	CL35
91FE	N780RA	FA20
9212	N780RW	GLF6
9216	N780S	CP10
9217	N780SA	C172
921E	N780SH	C310
9220	N780SK	CRJ7
9224	N780SP	F900
922B	N780SW	B737
9241	N780TT	P06T
9244	N780TW	GLF6
9248	N780U	P28A
9249	N780UA	B772
927A	N780W	GLF5
929C	N780XJ	C750
92AC	N780Y	BE58
92C5	N780Z	PA32
92C6	N780ZA	G2T1
92DF	N7800A	L13
92E2	N7800D	PA22
92E3	N7800E	C150
92E4	N7800F	C150
92E5	N7800G	C172
92E7	N7800J	C150
92E8	N7800K	C182
92EC	N7800P	RV7
92EF	N7800S	B47G
92F0	N7800T	C172
92F1	N7800U	C172
92F3	N7800W	MG15
92F5	N7800Y	BE35
92F7	N78000	GC1
92F8	N78001	B772
92F9	N78002	B772
92FA	N78003	B772
92FB	N78004	B772
92FC	N78005	B772
92FD	N78006	GC1
92FE	N78007	GC1
92FF	N78008	B772
9300	N78009	B772
9305	N7801D	PA22
9306	N7801E	C150
9309	N7801H	PA12
930A	N7801J	G164
930B	N7801K	C180
930C	N7801L	C185
930E	N7801N	P28A
9312	N7801S	B47G
9314	N7801U	C150
9317	N7801X	C172
9318	N7801Y	BE95
9319	N7801Z	C150
931C	N78012	GC1
931D	N78013	B772
931E	N78014	GC1
9321	N78017	B772
9329	N7802E	B47G
932A	N7802F	C185
932E	N7802K	C180
9332	N7802P	PA23
9334	N7802R	BE35
9338	N7802V	M20P
933A	N7802X	C172
9340	N78023	GC1
9341	N78024	GC1
9344	N78027	C172
9345	N78028	GC1
9349	N7803B	NAVI
934B	N7803D	PA22
934C	N7803E	PA38
934D	N7803F	PA18
9355	N7803P	PA24
9356	N7803Q	PA38
9357	N7803R	BE55
9358	N7803S	MG21
935A	N7803U	C172
935B	N7803V	M20P
935D	N7803X	CJ6
935F	N7803Z	MG21
9360	N78030	GC1
9364	N78034	GC1
9367	N78037	GC1
9368	N78038	GC1
936C	N7804B	T6
936E	N7804D	PA22
9371	N7804G	C172
9377	N7804N	P28A
9378	N7804P	PA24
937E	N7804V	M20P
9382	N7804Z	C150
9383	N78040	GC1
9384	N78041	GC1
9389	N78046	GC1
938B	N78048	GC1
938E	N7805A	C180
9390	N7805C	BE18
9391	N7805D	PA22
9394	N7805G	C172
939A	N7805N	P28A
939B	N7805P	PA24
939F	N7805T	C172
93A4	N7805Y	PA30
93A7	N78051	GC1
93A9	N78053	GC1
93AB	N78055	GC1
93AC	N78056	GC1
93AD	N78057	GC1
93B0	N7806	G164
93B1	N7806A	C180
93B4	N7806D	PA22
93B6	N7806F	C150
93B7	N7806G	C172
93BA	N7806K	C180
93BD	N7806N	P28A
93BE	N7806P	PA24
93C1	N7806S	T206
93C4	N7806V	M20P
93C5	N7806W	P28A
93C7	N7806Y	PA30
93C8	N7806Z	C150
93C9	N78060	B764
93CF	N78066	C172
93D0	N78067	GC1
93D1	N78068	GC1
93D2	N78069	GC1
93D8	N7807E	C150
93D9	N7807F	C150
93DA	N7807G	C172
93E0	N7807N	P28A
93E3	N7807R	BE35
93E4	N7807S	CH7B
93E7	N7807V	M20P
93E9	N7807X	C172
93EA	N7807Y	PA30
93EB	N7807Z	C150
93EC	N78070	GC1
93ED	N78071	GC1
93F0	N78074	GC1
93F2	N78076	C172
93F3	N78077	GC1
93F4	N78078	C172
93FB	N7808E	C150
9400	N7808K	C180
9405	N7808Q	C402
9408	N7808T	C172
940A	N7808V	M20P
940D	N7808Y	PA30
940E	N7808Z	PA18
9411	N78082	GC1
9412	N78083	GC1
9415	N78086	C172
9417	N78088	GC1
941C	N7809C	J3
941E	N7809E	C150
9420	N7809G	C172
9423	N7809K	C180
9426	N7809N	P28A
942A	N7809S	BL8
942C	N7809U	C172
942E	N7809W	P28A
9433	N78091	C182
9434	N78092	C182
9437	N78095	C172
9438	N78096	GC1
943A	N78098	C182
943B	N78099	GC1
943C	N781	PTS1
943E	N781AA	BE95
9444	N781AG	C188
9447	N781AK	BE10
9449	N781AM	RV6
944A	N781AN	B772
944D	N781AR	B738
944F	N781AT	SRAI
9451	N781AV	B788
9456	N781B	CRER
945D	N781BG	C72R
9470	N781CA	CRJ2
9471	N781CB	T210
9473	N781CD	SR20
9479	N781CK	PA31
947B	N781CM	RV7
947D	N781CP	PA46
9484	N781CW	S22T
948A	N781DB	P210
948B	N781DC	M7
948C	N781DD	CH7A
9493	N781DL	PC12
9494	N781DM	RV9
9499	N781DS	B738
94A3	3201	B429	A
94B1	N781ER	RV12
94BB	N781FA	AT8T
94BC	3202	B429	A
94BE	N781FD	B752
94BF	N781FE	C208
94C6	N781FM	C172
94DB	N781GH	P32R
94EC	N781H	MU2
94ED	N781HA	B789
94EE	N781HB	H60
94EF	N781HC	BE20
9505	N781J	JAB4
9506	N781JA	C172
9507	N781JB	BE19
950C	N781JG	RV7
9516	N781JS	C25B
9520	N781KB	C56X
953B	N781LD	BE35
954A	N781LU	PA44
9550	N781M	CRBN
9552	N781MB	H60
9553	N781MC	C180
9558	N781MH	B407
955C	N781MM	E550
956D	N781ND	PA44
9582	N781P	S76
9584	N781PB	H60
9589	N781PG	M20P
959D	N781QB	H60
95AC	N781QS	CL35
95B6	N781RB	FOX
95BC	N781RH	EXEC
95BF	N781RL	S76
95C0	N781RM	M20P
95C5	N781RS	RV8
95C8	N781RV	RV8
95CD	N781S	RV10
95CE	N781SA	C172
95D5	N781SH	R22
95DA	N781SN	MD11
95DB	N781SP	C172
95DD	N781SR	SR22
95E2	N781SW	P28A
95E8	N781TB	H60
95E9	N781TC	M20T
95EA	N781TD	RV7
9600	N781UA	B772
9621	N781VJ	SF50
9632	N781WA	DV20
9633	N781WB	M20T
9634	N781WC	BE33
963E	N781WN	B737
9646	N781WW	P28R
9663	N781Y	BE24
967C	N781Z	BE35
9694	N781ZZ	SSTL
9695	N7810	C182
9696	N7810A	C180
9698	N7810C	T34P
9699	N7810D	PA22
969F	N7810K	C180
96A3	N7810P	PA24
96A8	N7810U	C172
96AB	N7810X	C172
96AE	N78100	C172
96B0	N78102	C182
96B1	N78103	GC1
96B2	N78104	GC1
96B7	N78109	GC1
96B8	N7811	G21
96BA	N7811B	PA20
96BC	N7811D	PA22
96BD	N7811E	C150
96BE	N7811F	B737
96C0	N7811H	PA12
96C6	N7811P	PA24
96C9	N7811S	CH7B
96CA	N7811T	C172
96CC	N7811V	M20P
96CE	N7811X	C172
96D0	N7811Z	C150
96D3	N78112	C172
96D4	N78113	GC1
96D6	N78115	C182
96D7	N78116	GC1
96E2	N7812G	B737
96E7	N7812M	PA23
96E8	N7812N	P28A
96E9	N7812P	CH60
96ED	N7812T	C172
96EE	N7812U	C172
96EF	N7812V	M20P
96F0	N7812W	P28A
96F3	N7812Z	C150
96F5	N78121	GC1
96F7	N78123	C172
96F8	N78124	C172
96FA	N78126	C172
96FB	N78127	GC1
96FE	N7813	GLID
9702	N7813D	PA22
9706	N7813H	PA12
970B	N7813N	C182
970C	N7813P	B737
970E	N7813R	BE35
9713	N7813W	P28A
9716	N7813Z	C150
9717	N78130	C172
9718	N78131	GC1
971A	N78133	C182
971B	N78134	GC1
971D	N78136	GC1
971E	N78137	GC1
9720	N78139	C172
9721	N7814	C25B
9723	N7814B	B737
9724	N7814C	T6
9728	N7814G	C150
972E	N7814N	P28A
9735	N7814V	M20P
9737	N7814X	C172
9739	N7814Z	C150
973A	N78140	GC1
973C	N78142	C172
973E	N78144	C172
9748	N7815D	C172
9749	N7815E	GLST
974A	N7815F	P28A
974B	N7815G	C172
974F	N7815L	B737
9751	N7815N	P28A
9758	N7815V	M20P
975A	N7815X	C172
975D	N78150	GC1
9760	N78153	GC1
9765	N78158	C172
9769	N7816B	B737
9774	N7816N	P28A
9777	N7816R	R22
9778	N7816S	BL8
977B	N7816V	M20P
9785	N78165	GC1
9788	N78168	GC1
978E	N7817D	PA22
9791	N7817G	C172
9792	N7817H	PA12
9793	N7817J	B737
9795	N7817L	BE65
9798	N7817P	PA24
979A	N7817R	BE55
979E	N7817V	M20P
97A3	N78170	GC1
97A4	N78171	GC1
97A7	N78174	C172
97A9	N78176	GC1
97AA	N78177	GLID
97AC	N78179	C172
97AD	N7818	C240
97AE	N7818A	C180
97AF	N7818B	C140
97B2	N7818E	C150
97B3	N7818F	EXEC
97B4	N7818G	C172
97B5	N7818H	PA12
97B8	N7818L	B737
97B9	N7818M	P46T
97BA	N7818N	P28A
97BB	N7818P	PA24
97BD	N7818R	BE36
97C1	N7818V	C77R
97C4	N7818Y	PA30
97C6	N78180	C172
97C7	N78181	GC1
97C9	N78183	C172
97CB	N78185	C185
97CC	N78186	C172
97CE	N78188	GC1
97D0	N7819	EN28
97D1	N7819A	B737
97D3	N7819C	P28A
97D5	N7819E	C150
97DA	N7819K	C180
97DD	N7819N	P28A
97DE	N7819P	PA24
97E3	N7819U	C150
97E5	N7819W	P28A
97E7	N7819Y	PA30
97E9	N78190	C172
97EA	N78191	GC1
97EC	N78193	GC1
97ED	N78194	GC1
97EE	N78195	C172
97F0	N78197	C172
97F2	N78199	GC1
97F3	N782	T34P
97F4	N782A	BE95
97F8	N782AD	BE30
97F9	N782AE	B06
97FF	N782AL	BE20
9800	N782AM	B788
9801	N782AN	B772
9802	N782AP	AT8T
9808	N782AV	B788
980C	N782AZ	GB1
9810	N782BC	AS50
9814	N782BG	C72R
9826	N782C	SW4
9827	N782CA	P28A
9828	N782CB	C182
9829	N782CC	C650
982A	N782CD	SR22
9830	N782CK	B744
9834	N782CP	C82T
9844	N782DE	PA31
9846	N782DG	C182
9848	N782DJ	M20P
984A	N782DL	PC12
9872	N782FA	AT8T
9875	N782FD	B752
9876	N782FE	C208
987D	N782FM	C172
988A	N782G	P28A
98A4	N782HA	B789
98BC	N782J	JAB4
98BD	N782JA	C172
98BE	N782JB	M20T
98BF	N782JC	PC12
98CC	N782JR	SR20
98CD	N782JS	C25B
98D5	N782K	BE95
98DB	N782KF	FOX
98DE	N782KJ	COL3
9900	N782LT	S22T
9901	N782LU	PA44
9908	N782MA	MU2
990F	N782MH	H500
9913	N782MM	E550
9924	N782ND	PA44
9939	N782P	RV6
9940	N782PG	SR22
9963	N782QS	CL35
996D	N782RB	S22T
9972	N782RG	C82R
9976	N782RL	S76
9977	N782RM	C82T
9979	N782RP	F900
9985	N782SA	B737
998A	N782SF	GL7T
998C	N782SH	R22
998E	N782SK	CRJ7
9990	N782SM	E170
9991	N782SN	C172
9992	N782SP	DC87
9994	N782SR	SR22
9996	N782ST	C550
999F	N782TB	FOX
99AB	N782TP	BE40
99B2	N782TW	DC91
99B7	N782UA	B772
99F4	N782WM	RV10
99F6	N782WP	RV7
99FA	N782WT	MUS2
99FD	N782WW	C72R
9A0A	N782XJ	C750
9A1A	N782Y	BE23
9A25	N782YL	C441
9A30	N782YX	E170
9A4D	N7820A	GLIM
9A4F	N7820C	P28A
9A50	N7820D	GLID
9A57	N7820L	B737
9A59	N7820N	P28A
9A5A	N7820P	PA24
9A5C	N7820R	BE35
9A5F	N7820U	C172
9A60	N7820V	M20P
9A61	N7820W	P28A
9A62	N7820X	C172
9A63	N7820Y	PA30
9A64	N7820Z	C150
9A67	N78202	C172
9A69	N78204	GC1
9A6C	N78207	C172
9A6E	N78209	GC1
9A6F	N7821	G21
9A70	N7821A	C180
9A72	N7821C	P28A
9A74	N7821E	C150
9A75	N7821F	C150
9A79	N7821K	C180
9A7A	N7821L	B737
9A7C	N7821N	P28A
9A7D	N7821P	PA24
9A7F	N7821R	BE95
9A81	N7821T	C172
9A8D	N78215	C172
9A90	N78218	GC1
9A91	N78219	C172
9A93	N7822A	B737
9A96	N7822D	PA22
9A9E	N7822M	SR22
9AA0	N7822P	PA24
9AA5	N7822U	C172
9AA6	N7822V	M20P
9AAE	N78223	GC1
9AB0	N78225	GC1
9AB3	N78228	C172
9AB6	N7823A	B737
9AB7	N7823B	PA20
9AB9	N7823D	PA22
9ABC	N7823G	C172
9ABD	N7823H	PA12
9AC2	N7823N	P28A
9AC9	N7823V	M20P
9ACA	N7823W	P28A
9ACD	N7823Z	C150
9ACE	N78230	GC1
9ACF	N78231	GC1
9AD5	N78237	GC1
9AD6	N78238	GC1
9AD7	N78239	C172
9AD9	N7824A	B737
9ADB	N7824C	P28R
9ADC	N7824D	PA22
9AE5	N7824N	P28A
9AE9	N7824S	GC1
9AEA	N7824T	P32R
9AEC	N7824V	M20P
9AED	N7824W	P28A
9AEE	N7824X	C172
9AF1	N78240	C172
9AF3	N78242	C172
9AFA	N78249	C172
9AFC	N7825A	B737
9AFD	N7825B	AR11
9AFE	N7825C	BCAT
9B01	N7825F	P28A
9B06	N7825L	EAGL
9B07	N7825M	PA12
9B08	N7825N	P28A
9B0E	N7825U	C172
9B0F	N7825V	M20P
9B10	N7825W	P28A
9B13	N7825Z	C150
9B15	N78251	GC1
9B18	N78254	C172
9B1A	N78256	GC1
9B1D	N78259	PA11
9B1F	N7826A	FOX
9B20	N7826B	B737
9B25	N7826G	C182
9B29	N7826L	BE18
9B30	N7826T	CH70
9B31	N7826U	C172
9B32	N7826V	M20P
9B34	N7826X	C172
9B35	N7826Y	PA30
9B3D	N78266	C172
9B3E	N78267	GC1
9B42	N7827A	B737
9B44	N7827C	GLST
9B46	N7827E	C150
9B48	N7827G	C150
9B4B	N7827K	C180
9B4E	N7827N	P28A
9B4F	N7827P	PA24
9B53	N7827T	C172
9B54	N7827U	C172
9B55	N7827V	M20P
9B56	N7827W	P28A
9B57	N7827X	C172
9B58	N7827Y	PA30
9B5A	N78270	GC1
9B5F	N78275	GC1
9B60	N78276	GC1
9B61	N78277	GC1
9B63	N78279	GC1
9B64	N7828	LNC2
9B65	N7828A	B737
9B68	N7828D	PA22
9B6A	N7828F	C150
9B6E	N7828K	C180
9B70	N7828M	P46T
9B71	N7828N	P28A
9B72	N7828P	PA24
9B74	N7828R	BE35
9B76	N7828T	C172
9B78	N7828V	M20P
9B79	N7828W	P28A
9B7A	N7828X	C172
9B7B	N7828Y	PA30
9B7C	N7828Z	C150
9B7D	N78280	GC1
9B7F	N78282	GC1
9B82	N78285	B738
9B83	N78286	C172
9B85	N78288	GC1
9B87	N7829	GLAS
9B89	N7829B	B737
9B8A	N7829C	T34P
9B8C	N7829E	C150
9B8E	N7829G	C172
9B8F	N7829H	PA12
9B94	N7829N	P28A
9B95	N7829P	PA24
9B96	N7829Q	C310
9B99	N7829T	C172
9B9B	N7829V	M20P
9B9C	N7829W	P28A
9B9D	N7829X	C172
9B9F	N7829Z	C150
9BA0	N78290	GC1
9BA5	N78295	C172
9BA9	N78299	C172
9BAE	N783AC	R44
9BB0	N783AE	B06
9BB4	N783AJ	AA5
9BB6	N783AL	BE20
9BB7	N783AM	B788
9BB8	N783AN	B772
9BBC	N783AS	AT8T
9BBF	N783AV	B788
9BC1	N783AX	B762
9BC3	N783AZ	B429
9BC4	N783B	BE95
9BC5	N783BA	B38M
9BC6	N783BB	TBM7
9BC7	N783BC	AS50
9BCB	N783BG	C72R
9BDE	N783CA	CRJ2
9BE1	N783CD	SR20
9BE7	N783CK	B763
9BEB	N783CP	C82T
9BEE	N783CS	UH1
9BF9	N783DC	C25A
9BFD	N783DG	C172
9C01	N783DL	C525
9C0F	N783E	C180
9C10	N783EA	C172
9C1B	N783EM	BE30
9C28	N783F	T206
9C2A	N783FB	AS50
9C2C	N783FD	B752
9C2D	N783FE	C208
9C34	N783FM	C172
9C39	N783FS	F2TH
9C52	N783GS	RV7
9C5B	N783HA	B789
9C73	N783J	JAB4
9C75	N783JB	SONX
9C7F	N783JM	SR22
9C81	N783JP	RV9
9C83	N783JR	BE58
9C84	N783JS	C25B
9C85	N783JT	HDJT
9C8D	N783KA	SR22
9CA1	N783KW	B772
9CAF	N783LK	PA22
9CB8	N783LU	PA44
9CBE	N783M	CRBN
9CBF	N783MA	MU2
9CC0	N783MB	C425
9CC8	N783MK	S22T
9CCA	N783MM	E190
9CCF	N783MS	RV8
9CDB	N783ND	PA44
9CDE	N783NG	PC12
9CF3	N783PC	PC12
9D02	N783PT	BE95
9D1A	N783QS	CL35
9D22	N783R	FOX
9D2B	N783RJ	SR22
9D30	N783RP	RV12
9D36	N783RV	RV7
9D3E	N783SC	C182
9D41	N783SF	C172
9D43	N783SH	R22
9D45	N783SK	CRJ7
9D46	N783SL	FA7X
9D48	N783SN	MD11
9D49	N783SP	B752
9D4B	N783SR	SR22
9D50	N783SW	B737
9D52	N783SY	M20P
9D55	N783TA	R44
9D56	N783TB	BRAV
9D5C	N783TH	PISI
9D60	N783TM	BE35
9D66	N783TT	UH12
9D69	N783TW	DC91
9D6E	N783UA	B772
9D86	N783V	RV10
9DB4	N783WW	C82S
9DC1	N783XJ	C750
9DEB	N783ZA	BE30
9E04	N7830A	B737
9E0A	N7830G	C172
9E0D	N7830K	C180
9E10	N7830N	P28A
9E15	N7830T	C172
9E16	N7830U	C172
9E18	N7830W	P28A
9E1A	N7830Y	PA30
9E1B	N7830Z	C150
9E1E	N78302	C172
9E1F	N78303	C172
9E21	N78305	C172
9E24	N78308	C172
9E26	N7831	SA7
9E28	N7831B	B737
9E2C	N7831F	C150
9E33	N7831N	P28A
9E39	N7831U	C172
9E3C	N7831X	C172
9E3F	N78310	GC1
9E40	N78311	GC1
9E41	N78312	C172
9E44	N78315	GC1
9E46	N78317	GC1
9E4A	N7832A	B737
9E4D	N7832D	PA22
9E57	N7832P	PA24
9E59	N7832R	BE35
9E5A	N7832S	B47G
9E5B	N7832T	C172
9E5C	N7832U	C172
9E5E	N7832W	P28A
9E5F	N7832X	C172
9E61	N7832Z	C150
9E62	N78320	GC1
9E63	N78321	GC1
9E66	N78324	GC1
9E67	N78325	GC1
9E6B	N78329	PA23
9E6D	N7833A	B737
9E6E	N7833B	PA24
9E6F	N7833C	CH70
9E71	N7833E	C150
9E73	N7833G	C172
9E74	N7833H	C152
9E78	N7833M	C172
9E79	N7833N	P28A
9E7E	N7833T	C172
9E7F	N7833U	C172
9E81	N7833W	P28A
9E85	N78330	C172
9E86	N78331	C172
9E87	N78332	C172
9E8A	N78335	C172
9E8D	N78338	C172
9E8E	N78339	C172
9E96	N7834G	C172
9E97	N7834H	PA12
9E99	N7834K	C180
9E9B	N7834M	C172
9E9C	N7834N	P28A
9E9D	N7834P	PA24
9EA1	N7834T	C172
9EA2	N7834U	C172
9EA3	N7834V	M20P
9EA4	N7834W	P28A
9EA6	N7834Y	PA30
9EA7	N7834Z	C150
9EA8	N78340	C182
9EA9	N78341	C172
9EAD	N78345	AC50
9EB1	N78349	C172
9EB3	N7835A	B737
9EB4	N7835B	ST75
9EB5	N7835C	TBM
9EB7	N7835E	C150
9EBB	N7835J	BEAR
9EBE	N7835M	C182
9EBF	N7835N	P28A
9EC1	N7835Q	C310
9EC2	N7835R	BE36
9EC4	N7835T	C172
9EC5	N7835U	C172
9EC6	N7835V	BE35
9EC9	N7835Y	PA30
9ECC	N78351	C172
9ECE	N78353	TAYA
9ECF	N78354	C172
9ED0	N78355	C172
9ED4	N78359	C172
9ED6	N7836A	B737
9EDF	N7836K	C170
9EE2	N7836N	P28A
9EE3	N7836P	PA24
9EE6	N7836S	B47G
9EEA	N7836W	WAIX
9EEB	N7836X	C172
9EED	N7836Z	C150
9EEF	N78361	E75L
9EF5	N78367	C172
9EFE	N7837F	C150
9EFF	N7837G	C172
9F00	N7837H	PA12
9F04	N7837M	M20P
9F06	N7837P	PA24
9F08	N7837R	BE55
9F0B	N7837U	C172
9F0D	N7837W	P28A
9F10	N7837Z	C150
9F12	N78371	C172
9F16	N78375	C172
9F19	N78378	T28
9F1A	N78379	AC50
9F1C	N7838A	B737
9F21	N7838F	C150
9F25	N7838K	C180
9F28	N7838N	P28A
9F2F	N7838V	M20P
9F30	N7838W	P28A
9F33	N7838Z	C150
9F39	N78385	C172
9F3C	N78388	C172
9F3F	N7839A	B737
9F42	N7839D	PA22
9F45	N7839G	C172
9F4B	N7839N	P28A
9F4E	N7839R	BE55
9F52	N7839V	M20P
9F54	N7839X	C172
9F5C	N78395	C172
9F62	N784A	GLAS
9F63	N784AA	BE35
9F65	N784AC	C82S
9F67	N784AE	A320
9F6A	N784AH	GLF6
9F6E	N784AM	LJ31
9F6F	N784AN	B772
9F70	N784AP	B350
9F73	N784AS	P28R
9F76	N784AV	B788
9F77	N784AW	C185
9F7E	N784BC	B772
9F82	N784BG	C72R
9F85	N784BK	PC12
9F97	N784CC	LJ45
9F98	N784CD	SR22
9F9E	N784CK	B763
9FA0	N784CM	GLAS
9FA4	N784CR	C172
9FB0	N784DC	RV10
9FB2	N784DE	RV8
9FB3	N784DF	RAF2
9FB6	N784DJ	C210
9FB9	N784DM	RV7
9FBD	N784DR	C82T
9FBE	N784DS	SR20
9FDF	N784F	B06
9FE3	N784FD	B752
9FE4	N784FE	C208
9FF8	N784G	C182
9FF9	N784GA	GA7
A00A	N784GT	C172
A012	N784HA	B789
A02C	N784JB	A320
A02D	N784JC	RV10
A038	N784JP	E50P
A04F	N784KM	DA62
A062	N784LF	EC45
A068	N784LM	C182
A06F	N784LU	PA44
A076	N784MA	PRM1
A0A8	N784PA	EC30
A0AA	N784PC	PRM1
A0AD	N784PF	C425
A0C9	N784QJ	L29
A0D1	N784QS	CL35
A0E2	N784RJ	S22T
A0E9	N784RR	C441
A0F3	N784SA	C172
A0F5	N784SC	C310
A0F7	N784SE	S22T
A0FC	N784SK	CRJ7
A0FF	N784SN	MD11
A100	N784SP	C172
A102	N784SR	SREY
A107	N784SW	B737
A10C	N784TA	PA18
A10D	N784TB	RV6
A11D	N784TT	C425
A120	N784TW	DC91
A125	N784UA	B772
A16F	N784X	RV4
A170	N784XA	B737
A178	N784XJ	C750
A1BB	N7840A	B737
A1BE	N7840D	PA22
A1C0	N7840F	P28A
A1C2	N7840H	FOX
A1C7	N7840N	P28A
A1CD	N7840U	C172
A1CE	N7840V	M20P
A1CF	N7840W	P28A
A1D0	N7840X	C172
A1D1	N7840Y	PA30
A1D2	N7840Z	C150
A1D3	N78400	J3
A1D6	N78403	J3
A1D7	N78404	J3
A1D8	N78405	J3
A1DA	N78407	J3
A1DB	N78408	C172
A1DC	N78409	J3
A1DE	N7841A	B737
A1E5	N7841H	PA12
A1E7	N7841K	C180
A1E9	N7841M	BE35
A1ED	N7841R	BE95
A1EE	N7841S	B47G
A1EF	N7841T	C172
A1F0	N7841U	C172
A1F1	N7841V	M20P
A1F2	N7841W	P28A
A1F6	N78410	J3
A1FB	N78415	C182
A1FC	N78416	J3
A1FD	N78417	C188
A1FF	N78419	J3
A201	N7842A	B737
A202	N7842B	PA23
A203	N7842C	C182
A204	N7842D	PA22
A205	N7842E	C150
A206	N7842F	P28R
A207	N7842G	C172
A208	N7842H	PA12
A20D	N7842N	P28A
A20E	N7842P	PA24
A211	N7842S	CH7A
A212	N7842T	C172
A213	N7842U	C172
A219	N78420	J3
A21B	N78422	J3
A21D	N78424	C172
A21E	N78425	J3
A21F	N78426	J3
A220	N78427	J3
A221	N78428	C172
A222	N78429	C172
A224	N7843A	B737
A228	N7843E	C150
A229	N7843F	C150
A22A	N7843G	C172
A22E	N7843L	BE35
A230	N7843N	P28A
A233	N7843R	BE35
A236	N7843U	C172
A239	N7843X	C172
A23D	N78431	J3
A23E	N78432	J3
A23F	N78433	J3
A242	N78436	C172
A244	N78438	B739
A245	N78439	J3
A247	N7844A	B737
A24C	N7844F	C150
A24D	N7844G	C172
A254	N7844P	PA24
A258	N7844T	C172
A259	N7844U	C172
A25B	N7844W	P28A
A25C	N7844X	C172
A25F	N78440	C172
A260	N78441	C172
A261	N78442	PA12
A263	N78444	C172
A264	N78445	C172
A265	N78446	PA12
A266	N78447	PA12
A267	N78448	B739
A268	N78449	PA12
A26A	N7845A	B737
A26D	N7845D	PA22
A26E	N7845E	C150
A270	N7845G	C172
A275	N7845M	PA12
A277	N7845P	PA24
A278	N7845Q	C340
A279	N7845R	BE35
A27B	N7845T	C172
A27D	N7845V	M20P
A281	N7845Z	C150
A282	N78450	PA12
A285	N78453	PA12
A286	N78454	PA12
A288	N78456	PA12
A289	N78457	C172
A28A	N78458	C172
A28B	N78459	PA12
A28D	N7846A	B737
A292	N7846F	C150
A299	N7846N	P28A
A29C	N7846R	BE95
A29F	N7846U	C172
A2A0	N7846V	M20P
A2A1	N7846W	P28A
A2A5	N78460	PA12
A2A6	N78461	C172
A2A8	N78463	PA12
A2A9	N78464	C172
A2AA	N78465	PA12
A2AB	N78466	PA12
A2AF	N7847	PA18
A2B0	N7847A	B737
A2B2	N7847C	C180
A2B3	N7847D	PA22
A2B6	N7847G	TTWO
A2B7	N7847H	PA12
A2C2	N7847U	C172
A2C4	N7847W	P28A
A2C5	N7847X	C172
A2C9	N78471	PA12
A2CB	N78473	PA12
A2CC	N78474	PA12
A2CE	N78476	PA12
A2D3	N7848A	B737
A2D4	N7848B	C46
A2D5	N7848C	P28A
A2D6	N7848D	PA22
A2DA	N7848H	PA12
A2DF	N7848N	P28A
A2E0	N7848P	PA24
A2E2	N7848R	BE35
A2E4	N7848T	C172
A2E7	N7848W	P28A
A2EC	N78481	PA12
A2ED	N78482	C172
A2F2	N78487	C172
A2F4	N78489	C172
A2F5	N7849	G164
A2F6	N7849A	B737
A2FA	N7849E	C150
A2FD	N7849H	PA12
A302	N7849N	P28A
A307	N7849T	C172
A309	N7849V	M20P
A30D	N7849Z	C150
A30E	N78490	C172
A30F	N78491	C172
A310	N78492	PA12
A312	N78494	C172
A313	N78495	PA12
A314	N78496	PA12
A315	N78497	PA12
A318	N785	VEZE
A31A	N785AA	BE35
A31C	N785AC	A320
A31D	N785AD	F2TH
A31E	N785AE	B06
A31F	N785AF	PC12
A323	N785AK	R44
A325	N785AM	BE20
A326	N785AN	B772
A32A	N785AS	C172
A32D	N785AV	B788
A335	N785BC	B772
A339	N785BG	C72R
A33C	N785BK	C182
A34C	N785CA	P212
A34D	N785CB	B06
A34E	N785CC	C56X
A34F	N785CD	SR22
A352	N785CG	PA34
A355	N785CK	B744
A360	N785CW	C550
A368	N785DD	MM16
A36A	N785DF	C25C
A36E	N785DK	BE23
A388	N785EL	T18
A39A	N785FD	B752
A39B	N785FE	C208
A3AF	N785G	GLIM
A3BB	N785GM	RV3
A3CB	N785HC	PA46
A3E3	N785JB	BE35
A3E8	N785JG	CL60
A3E9	N785JH	P180
A3EF	N785JP	BE9L
A3F2	N785JS	C25B
A3FA	N785K	FDCT
A403	N785KJ	GLEX
A416	N785LC	C82S
A426	N785LU	PA44
A42D	N785MA	TBM7
A42F	N785MC	SLG4
A438	N785MM	E190
A43E	N785MT	C25A
A449	N785ND	PA44
A45E	N785P	S76
A462	N785PD	C25M
A488	N785QS	GLF5
A490	N785R	LGEZ
A493	N785RC	C680
A49C	N785RM	P28A
A4A5	N785RW	BE36
A4A9	N785S	BT36
A4AA	N785SA	C82S
A4B1	N785SH	R22
A4B3	N785SK	CRJ7
A4B9	N785SR	SREY
A4BB	N785ST	EXEC
A4BE	N785SW	B737
A4C3	N785TA	GX
A4C4	N785TB	C56X
A4D7	N785TW	DC91
A4DC	N785UA	B772
A4F7	N785VC	H25B
A50D	N785W	R44
A510	N785WC	BE20
A522	N785WW	C208
A526	N785X	RV7
A555	N785YX	E75L
A572	N7850A	GLID
A573	N7850B	B737
A575	N7850D	PA22
A579	N7850H	PA12
A57B	N7850K	JAB4
A57E	N7850N	P28A
A581	N7850R	BE56
A584	N7850U	C172
A589	N7850Z	C150
A58A	N78500	J3
A58B	N78501	B738
A58D	N78503	J3
A58E	N78504	J3
A590	N78506	B738
A593	N78509	B738
A595	N7851A	B737
A59A	N7851F	C150
A5A1	N7851N	P28A
A5A7	N7851U	C172
A5A9	N7851W	P28A
A5AE	N78511	B738
A5AF	N78512	C172
A5B0	N78513	C172
A5B2	N78515	C172
A5B4	N78517	C172
A5B8	N7852A	B737
A5BE	N7852G	C172
A5C4	N7852N	P28A
A5CA	N7852U	C172
A5CB	N7852V	M20P
A5CC	N7852W	P28A
A5CE	N7852Y	PA30
A5CF	N7852Z	C150
A5D0	N78520	C172
A5D1	N78521	J3
A5D2	N78522	C182
A5D3	N78523	C172
A5D4	N78524	B738
A5D5	N78525	C172
A5D6	N78526	C172
A5D7	N78527	J3
A5DB	N7853A	C180
A5DC	N7853B	B737
A5DD	N7853C	P28A
A5E0	N7853F	C150
A5E2	N7853H	PA12
A5E7	N7853N	P28A
A5EA	N7853R	BE33
A5EC	N7853T	C172
A5F4	N78531	C172
A5F5	N78532	PA12
A5F8	N78535	PA12
A5F9	N78536	PA12
A5FA	N78537	C172
A5FB	N78538	C172
A5FC	N78539	PA11
A5FE	N7854A	C180
A5FF	N7854B	B737
A604	N7854G	C172
A606	N7854J	P28A
A60B	N7854P	PA18
A60D	N7854R	BE36
A615	N7854Z	C150
A616	N78540	B738
A617	N78541	PA12
A618	N78542	C172
A61C	N78546	PA12
A61D	N78547	PA12
A61E	N78548	C172
A621	N7855A	B737
A623	N7855C	C180
A626	N7855F	C150
A627	N7855G	C172
A62B	N7855L	SR22
A631	N7855S	P28A
A634	N7855V	M20P
A636	N7855X	C172
A637	N7855Y	PA30
A638	N7855Z	SR22
A639	N78550	PA11
A63C	N78553	C172
A63D	N78554	PA12
A63E	N78555	PA12
A63F	N78556	C182
A641	N78558	PA12
A642	N78559	PA12
A643	N7856	G164
A644	N7856A	B737
A646	N7856C	C140
A648	N7856E	C150
A649	N7856F	C150
A64A	N7856G	C172
A64B	N7856H	PA12
A64E	N7856L	BE35
A650	N7856N	P28A
A657	N7856V	M20P
A658	N7856W	P28A
A659	N7856X	C172
A65A	N7856Y	PA30
A65D	N78561	PA12
A660	N78564	PA12
A661	N78565	PA12
A663	N78567	PA12
A667	N7857A	C180
A668	N7857B	B737
A66A	N7857D	PA22
A66B	N7857E	C150
A66C	N7857F	P32R
A66D	N7857G	C172
A66E	N7857H	PA12
A670	N7857K	C182
A673	N7857N	P28A
A678	N7857T	C172
A679	N7857U	C172
A67B	N7857W	P28A
A67D	N7857Y	L29
A67F	N78570	PA12
A682	N78573	PA12
A683	N78574	PA12
A684	N78575	PA12
A688	N78579	C172
A68A	N7858A	B737
A68D	N7858D	PA22
A68E	N7858E	C150
A68F	N7858F	C150
A699	N7858R	RV7
A69E	N7858W	P28A
A69F	N7858X	RV7
A6A0	N7858Y	PA30
A6A2	N78580	PA11
A6A3	N78581	PA12
A6A4	N78582	PA12
A6A8	N78586	PA12
A6AA	N78588	PA12
A6AB	N78589	PA12
A6AE	N7859B	B737
A6B0	N7859D	PA22
A6B3	N7859G	C172
A6B4	N7859H	PA12
A6B9	N7859N	P28A
A6BF	N7859U	C172
A6C5	N78590	C172
A6C9	N78594	PA12
A6CB	N78596	C172
A6CC	N78597	PA12
A6CD	N78598	C172
A6CF	N786	PTS1
A6D0	N786A	PA44
A6D2	N786AB	PA18
A6D3	N786AC	C25A
A6D8	N786AH	C25B
A6DA	N786AK	R44
A6DC	N786AM	DA40
A6DD	N786AN	B772
A6DE	N786AP	P46T
A6E0	N786AR	SR22
A6E4	N786AV	B788
A6E9	N786B	E545
A6EA	N786BA	RV8
A6EF	N768BF	C68A
A6F0	N786BG	P28R
A6F2	N786BJ	B38M
A705	N786CC	LJ45
A70C	N786CK	B744
A71B	N786D	C140
A71D	N786DB	RV6
A71F	N786DD	BE20
A721	N786DF	PC12
A723	N786DH	HA4T
A729	N786DP	C172
A745	N786ES	RV9
A74E	N786FA	C172
A751	N786FD	B752
A752	N786FE	C208
A754	N786FG	C172
A759	N786FM	C152
A75D	N786FR	PC12
A766	N786G	GLIM
A767	N786GA	GA7
A782	N786HC	BE20
A783	N786HD	LJ45
A791	N786HT	H60
A79A	N786JB	SR22
A79D	N786JE	PA12
A79F	N786JG	CH75
A7A0	N786JH	C172
A7A4	N786JM	GLF5
A7A6	N786JP	BL8
A7AA	N786JT	HDJT
A7B1	N786K	WACO
A7B2	N786KA	C82S
A7B5	N786KD	S22T
A7BD	N786KM	DA40
A7D0	N786LF	A119
A7D5	N786LL	CH60
A7D8	N786LP	M600
A7E3	N786M	PA18
A7E5	N786MB	P28A
A7E7	N786MD	PA46
A7EF	N786MM	E550
A7F1	N786MP	RV10
A7F4	N786MS	PA34
A808	N786NM	GLF5
A812	N786NX	DA62
A816	N786PA	EC30
A818	N786PC	SR22
A83F	N786QS	CL35
A842	N786QV	H25B
A848	N786RA	SR22
A84E	N786RG	BEAR
A85E	N786RY	C72R
A85F	N786RZ	AP22
A861	N786SA	C172
A863	N786SC	BE30
A868	N786SH	R22
A86A	N786SK	CRJ7
A86E	N786SP	C172
A872	N786ST	M4
A875	N786SW	B737
A87F	N786TF	C206
A88A	N786TS	BE36
A88B	N786TT	C56X
A88F	N786TX	S22T
A893	N786UA	B772
A8AE	N786VC	CC11
A8C6	N786WB	SR22
A8D0	N786WM	PC12
A8D9	N786WW	C208
A8E6	N786XJ	C750
A90C	N786YX	E75L
A929	N7860A	B737
A92D	N7860E	C150
A92E	N7860F	C150
A92F	N7860G	C172
A930	N7860H	PA12
A935	N7860N	P28A
A936	N7860P	PA24
A939	N7860S	B47G
A93D	N7860W	P28A
A940	N7860Z	C150
A942	N78601	PA11
A943	N78602	PA11
A944	N78603	C172
A945	N78604	C172
A946	N78605	PA11
A947	N78606	C172
A948	N78607	C182
A949	N78608	PA11
A94D	N7861B	T6
A94E	N7861C	HCAT
A94F	N7861D	PA18
A950	N7861E	C150
A951	N7861F	C150
A952	N7861G	C172
A954	N7861J	B737
A955	N7861K	H269
A959	N7861P	PA24
A95B	N7861R	BE33
A95C	N7861S	B47G
A95D	N7861T	C172
A95E	N7861U	C172
A960	N7861W	P28A
A962	N7861Y	PA30
A963	N7861Z	C150
A964	N78610	PA11
A965	N78611	PA11
A967	N78613	PA11
A969	N78615	PA11
A96D	N78619	PA11
A96F	N7862A	B737
A975	N7862G	C172
A97B	N7862N	P28A
A97C	N7862P	PA18
A97E	N7862R	BE99
A97F	N7862S	B47G
A984	N7862X	C172
A985	N7862Y	PA30
A986	N7862Z	C150
A987	N78620	PA11
A989	N78622	C172
A98A	N78623	C172
A98B	N78624	C172
A98D	N78626	C172
A98F	N78628	C172
A990	N78629	PA11
A992	N7863A	B737
A994	N7863C	N3N
A99F	N7863P	PA24
A9A3	N7863T	C172
A9A4	N7863U	C172
A9A6	N7863W	P28A
A9A8	N7863Y	PA30
A9AA	N78630	PA11
A9AC	N78632	PA11
A9AD	N78633	PA11
A9AF	N78635	PA11
A9B0	N78636	PA11
A9B5	N7864A	C180
A9B6	N7864B	B737
A9BA	N7864F	C402
A9BB	N7864G	C172
A9BC	N7864H	PA12
A9CA	N7864X	C172
A9CB	N7864Y	PA30
A9CD	N78640	C172
A9CE	N78641	PA11
A9CF	N78642	C172
A9D5	N78648	PA11
A9D7	N7865	T6
A9D8	N7865A	B737
A9DB	N7865D	PA18
A9E4	N7865N	P28A
A9E5	N7865P	PA24
A9E7	N7865R	BE35
A9E9	N7865T	C172
A9EA	N7865U	C172
A9EB	N7865V	M20P
A9ED	N7865X	C172
A9EE	N7865Y	PA30
A9EF	N7865Z	C150
A9F0	N78650	C172
A9F1	N78651	C172
A9F2	N78652	C172
A9F3	N78653	PA11
A9F4	N78654	PA11
A9F6	N78656	PA11
A9F7	N78657	C172
A9F9	N78659	PA11
A9FB	N7866A	B737
A9FF	N7866E	C150
AA01	N7866G	C172
AA04	N7866K	LAMA
AA07	N7866N	C172
AA08	N7866P	PA24
AA0A	N7866R	BE35
AA0F	N7866W	P28A
AA11	N7866Y	PA30
AA12	N7866Z	C150
AA14	N78661	PA11
AA16	N78663	C172
AA17	N78664	PA11
AA1A	N78667	PA11
AA1B	N78668	C172
AA1C	N78669	PA11
AA1E	N7867A	B737
AA21	N7867D	PA18
AA22	N7867E	C150
AA25	N7867H	PA12
AA2A	N7867N	C172
AA2D	N7867R	BE36
AA2F	N7867T	C560
AA30	N7867U	C150
AA32	N7867W	P28A
AA33	N7867X	C172
AA38	N78672	C172
AA39	N78673	PA11
AA3B	N78675	PA11
AA3F	N78679	PA11
AA41	N7868A	C180
AA44	N7868D	PA18
AA46	N7868F	P32R
AA4A	N7868K	B737
AA4B	N7868L	BE35
AA51	N7868S	BL8
AA53	N7868U	C172
AA54	N7868V	M20P
AA56	N7868X	C172
AA58	N7868Z	C150
AA5A	N78681	C172
AA5B	N78682	PA11
AA5D	N78684	PA11
AA5E	N78685	PA11
AA5F	N78686	PA11
AA61	N78688	PA11
AA62	N78689	J3
AA64	N7869A	B737
AA67	N7869D	PA18
AA6B	N7869H	PA12
AA6E	N7869L	BE35
AA70	N7869N	C172
AA71	N7869P	PA24
AA73	N7869R	BE95
AA75	N7869T	C172
AA77	N7869V	M20P
AA78	N7869W	P28A
AA7E	N78692	PA11
AA81	N78695	C172
AA82	N78696	PA11
AA83	N78697	PA11
AA85	N78699	PA11
AA88	N787AA	RV8
AA8B	N787AD	E55P
AA8C	N787AE	T210
AA8D	N787AF	RV7
AA8F	N787AH	WAIX
AA90	N787AJ	R44
AA92	N787AL	B772
AA93	N787AM	DA42
AA94	N787AN	PA24
AA97	N787AR	P32R
AA98	N787AS	T28
AA99	N787AT	C172
AA9A	N787AU	PA44
AAA3	N787BC	SR22
AAA7	N787BG	P28R
AAA9	N787BJ	B38M
AAB0	N787BR	P28A
AAB6	N787BX	B788
AAB9	N787C	SW4
AABA	N787CA	S22T
AABB	N787CB	SR22
AABC	N787CC	BE58
AABD	N787CD	SR22
AABE	N787CE	P28A
AAC1	N787CH	LJ45
AAC2	N787CJ	P28A
AAC3	N787CK	B763
AAC4	N787CL	CRER
AAC5	N787CM	C560
AAC7	N787CP	C172
AACD	N787CV	C650
AAD2	N787D	BE35
AAD3	N787DA	C182
AAD5	N787DC	C182
AAD6	N787DD	C182
AAD8	N787DF	S22T
AAD9	N787DG	CH70
AADA	N787DH	RV9
AADC	N787DK	BE30
AADE	N787DM	DA40
AAE2	N787DR	C414
AAE3	N787DS	GLIM
AAE6	N787DV	GLF6
AAE8	N787DX	S22T
AAED	N787EB	AA5
AAEE	N787EC	DA40
AAF1	N787EF	S22T
AAF7	N787EM	TB20
AAF9	N787EP	C25C
AAFC	N787ES	RV10
AAFD	N787ET	SR20
AAFF	N787EV	C25B
AB03	N787EZ	LGEZ
AB05	N787FA	C172
AB08	N787FD	B752
AB09	N787FE	C208
AB0F	N787FL	ALIG
AB10	N787FM	C152
AB1C	N787FZ	GL7T
AB1D	N787G	C340
AB1E	N787GA	GA7
AB1F	N787GB	RV7
AB20	N787GC	SR22
AB28	N787GL	C172
AB2B	N787GP	GLF5
AB2E	N787GS	SR22
AB2F	N787GT	LJ55
AB3A	N787HD	CRUZ
AB3C	N787HF	RV12
AB44	N787HP	PA46
AB48	N787HT	H60
AB50	N787JA	C150
AB53	N787JD	SR22
AB5F	N787JR	RV12
AB60	N787JS	GLF4
AB6A	N787KB	C172
AB6B	N787KC	SVNH
AB73	N787KL	SW4
AB79	N787KS	PA24
AB81	N787L	SONX
AB84	N787LC	S22T
AB87	N787LF	C172
AB88	N787LG	CL60
AB89	N787LH	PA18
AB8C	N787LL	BE33
AB8F	N787LP	CL35
AB92	N787LS	FDCT
AB96	N787LW	SR22
AB9E	N787MD	C82T
AB9F	N787ME	HIGH
ABA1	N787MG	C750
ABA2	N787MH	SR22
ABA4	N787MK	S22T
ABA8	N787MP	PA18
ABAA	N787MR	BE36
ABAB	N787MS	RV12
ABAC	N787MT	PA18
ABAE	N787MV	PA11
ABB3	N787N	ACRO
ABB5	N787NB	GLEX
ABB7	N787ND	P28A
ABB8	N787NE	RV8
ABBF	N787NM	CL60
ABC7	N787NV	RV7
ABCF	N787PC	C182
ABD3	N787PG	SR22
ABD5	N787PJ	E50P
ABD7	N787PL	SR22
ABD8	N787PM	C82S
ABDE	N787PT	SPHA
ABE0	N787PV	DA40
ABF6	N787QS	CL35
ABFE	N787R	RV7
ABFF	N787RA	C208
AC00	N787RB	FOX
AC01	N787RC	B105
AC05	N787RG	C182
AC06	N787RH	BL8
AC07	N787RJ	PC12
AC0A	N787RM	BE33
AC0C	N787RP	P28A
AC0F	N787RS	PA32
AC12	N787RV	RV10
AC13	N787RW	PA31
AC18	N787SA	B737
AC1A	N787SC	BE50
AC1B	N787SD	RV9
AC1C	N787SE	M20P
AC1D	N787SF	GLIM
AC1E	N787SG	PA18
AC21	N787SK	CRJ7
AC25	N787SP	C172
AC27	N787SR	B214
AC28	N787SS	SR22
AC2C	N787SW	CH7A
AC30	N787T	COZY
AC32	N787TB	RV6
AC38	N787TH	C750
AC39	N787TJ	RV6
AC40	N787TR	RV7
AC41	N787TS	LJ60
AC42	N787TT	BE9L
AC47	N787TY	C56X
AC4A	N787UA	B772
AC4B	N787UB	GLST
AC55	N787UM	SR20
AC62	N787V	GLIM
AC64	N787VB	T210
AC7B	N787W	SR20
AC7C	N787WA	PA34
AC81	N787WF	SR22
AC8D	N787WT	C172
AC90	N787WW	C172
AC9F	N787XL	CH60
ACC3	N787YX	E170
ACCB	N787ZE	S22T
ACE0	N7870A	C180
ACE4	N7870E	C150
ACEA	N7870L	BE95
ACEC	N7870N	C172
ACEF	N7870R	BE35
ACF3	N7870V	M20P
ACF4	N7870W	P28A
ACF7	N7870Z	C150
ACFA	N78702	PA12
ACFC	N78704	PA12
ACFD	N78705	PA12
ACFE	N78706	PA12
AD00	N78708	PA12
AD02	N7871	PA12
AD03	N7871A	C180
AD07	N7871E	C150
AD14	N7871T	C172
AD16	N7871V	M20P
AD17	N7871W	P28A
AD19	N7871Y	PA30
AD1B	N78710	C172
AD1C	N78711	C172
AD1F	N78714	PA11
AD21	N78716	C172
AD23	N78718	C172
AD28	N7872C	GLID
AD32	N7872N	C172
AD34	N7872Q	C310
AD37	N7872T	C172
AD38	N7872U	C172
AD39	N7872V	M20P
AD3A	N7872W	P28A
AD3E	N78720	C182
AD3F	N78721	C172
AD44	N78726	PA11
AD47	N78729	C172
AD49	N7873A	B737
AD4A	N7873B	ST75
AD4B	N7873C	P46T
AD53	N7873L	BE95
AD55	N7873N	C172
AD56	N7873P	PA24
AD57	N7873Q	C310
AD58	N7873R	BE33
AD5C	N7873V	M20P
AD5D	N7873W	KR2
AD61	N78730	PA11
AD62	N78731	PA11
AD63	N78732	PA11
AD64	N78733	C172
AD66	N78735	PA11
AD68	N78737	C182
AD6A	N78739	PA11
AD6B	N7874	B788
AD6D	N7874B	B737
AD6F	N7874D	PA18
AD71	N7874F	C150
AD72	N7874G	C172
AD74	N7874J	C210
AD78	N7874N	C172
AD7D	N7874T	C172
AD7E	N7874U	C172
AD7F	N7874V	M20P
AD80	N7874W	P28A
AD81	N7874X	C172
AD84	N78740	PA11
AD86	N78742	PA11
AD87	N78743	PA11
AD8B	N78747	C172
AD8D	N78749	PA11
AD8F	N7875A	B737
AD92	N7875D	PA18
AD93	N7875E	C402
AD94	N7875F	C150
AD95	N7875G	C172
AD99	N7875L	BE35
AD9C	N7875P	PA24
AD9E	N7875R	BE35
ADA2	N7875V	M20P
ADA4	N7875X	C172
ADA5	N7875Y	PA30
ADAB	N78754	PA11
ADAC	N78755	C172
ADAE	N78757	C172
ADAF	N78758	PA11
ADB0	N78759	PA11
ADB1	N7876	RV10
ADB2	N7876A	B737
ADB4	N7876C	C510
ADB7	N7876F	C150
ADBF	N7876P	PA24
ADC3	N7876T	C172
ADC4	N7876U	C172
ADC5	N7876V	M20P
ADC7	N7876X	C172
ADCA	N78760	C172
ADCC	N78762	PA11
ADCD	N78763	C172
ADD0	N78766	C172
ADDA	N7877F	C150
ADDC	N7877H	B737
ADDF	N7877L	BE35
ADE0	N7877M	HROC
ADE2	N7877P	PA24
ADE5	N7877S	CH7B
ADE6	N7877T	C25B
ADE9	N7877W	P28A
ADEC	N7877Z	C150
ADEE	N78771	J3
ADEF	N78772	PA11
ADF1	N78774	C46
ADF7	N7878	B47G
ADF8	N7878A	B737
ADFA	N7878C	TAYD
ADFC	N7878E	GLST
AE02	N7878L	BE35
AE03	N7878M	PA12
AE07	N7878R	BE55
AE0B	N7878V	M20P
AE0E	N7878Y	BE33
AE10	N78780	PA11
AE11	N78781	PA11
AE15	N78785	C172
AE17	N78787	PA12
AE19	N78789	C172
AE1A	N7879	GLID
AE1B	N7879A	B737
AE21	N7879G	C172
AE22	N7879H	PA12
AE25	N7879L	BE35
AE26	N7879M	RV7
AE27	N7879N	C172
AE28	N7879P	PA24
AE2A	N7879R	BE35
AE2E	N7879V	M20P
AE2F	N7879W	P28A
AE30	N7879X	C172
AE3A	N78797	C172
AE3B	N78798	PA11
AE3F	N788AA	S22T
AE40	N788AB	BL8
AE44	N788AF	S22T
AE47	N788AJ	R44
AE48	N788AK	RV14
AE4A	N788AM	B222
AE4B	N788AN	B772
AE52	N788AV	A20N
AE59	N788BB	PA31
AE5E	N788BG	PA44
AE69	N788BT	C188
AE6C	N788BW	CH7B
AE70	N788C	GLST
AE71	N788CA	P32R
AE72	N788CB	B14A
AE73	N788CC	SW3
AE76	N788CF	BE58
AE77	N788CG	CRJ2
AE7A	N788CK	B763
AE7C	N788CM	SF50
AE7E	N788CP	C82T
AE89	N788D	COY2
AE8C	N788DC	AVID
AE90	N788DG	CH75
AE95	N788DM	C340
AE97	N788DP	B737
AE98	N788DQ	GA5C
AEA0	N788DY	G3
AEBC	N788FA	C172
AEBF	N788FD	B752
AEC0	N788FE	C208
AECD	N788FT	C172
AED4	N788G	R44
AEF7	3205	B429
AEFF	N788HT	H60
AF08	N788JB	RV10
AF09	N788JC	P32R
AF0D	N788JG	P32R
AF0F	N788JJ	C421
AF12	N788JM	BE9L
AF13	N788JN	SR20
AF17	N788JS	C25A
AF1B	N788JW	C525
AF1F	N788K	BE35
AF25	N788KF	FOX
AF2A	N788KL	SW4
AF2B	N788KM	SR22
AF39	N788LA	AT8T
AF49	N788LS	B733
AF51	N788M	PA46
AF54	N788MC	C172
AF58	N788MG	SR22
AF5B	N788MK	C82R
AF63	N788MT	RV8
AF71	N788NG	PC12
AF83	N788P	C182
AF84	N788PA	SR22
AF8A	N788PG	SR22
AFAD	N788QS	CL35
AFB7	N788RB	TBM7
AFBF	N788RK	P28A
AFC1	N788RM	C82T
AFC5	N788RR	TBM7
AFC9	N788RV	RV8
AFCB	N788RX	CH60
AFCE	N788S	P32R
AFCF	N788SA	B737
AFD1	N788SC	PC12
AFD6	N788SH	R22
AFD8	N788SK	CRJ7
AFD9	N788SL	GLF6
AFDA	N788SM	PA46
AFDE	N788SR	SR22
AFE0	N788ST	PA46
AFE9	N788TB	DHC1
AFEB	N788TD	PA18
AFF1	N788TK	R44
AFF8	N780TS	FA50
B000	N788U	P06T
B001	N788UA	B772
B019	N788V	FLE7
B01B	N788VB	C82S
B032	N788W	COL3
B038	N788WF	SR22
B044	N788WT	M7
B04B	N788X	BL8
B04C	N788XA	B737
B07A	N788YX	E75L
B09A	N7880D	B737
B09B	N7880E	C150
B09D	N7880G	C172
B0A0	N7880K	PA22
B0A1	N7880L	BE35
B0A8	N7880T	C172
B0AB	N7880W	P28A
B0B0	N78801	C182
B0B1	N78802	PA11
B0B3	N78804	C172
B0B4	N78805	C172
B0B7	N78808	C172
B0B8	N78809	C172
B0BA	N7881A	B737
B0BD	N7881D	PA18
B0BF	N7881F	C150
B0C0	N7881G	C172
B0C6	N7881N	C172
B0C9	N7881R	BE33
B0CC	N7881U	C150
B0CE	N7881W	P28A
B0D1	N7881Z	C150
B0D6	N78814	PA11
B0D7	N78815	PA11
B0D8	N78816	PA11
B0DB	N78819	PA11
B0DD	N7882A	C180
B0DE	N7882B	B737
B0E9	N7882N	C172
B0EA	N7882P	PA24
B0F0	N7882V	M20P
B0F1	N7882W	P28A
B0F2	N7882X	C172
B0F7	N78822	PA11
B0F8	N78823	PA11
B0F9	N78824	PA11
B0FA	N78825	PA11
B0FC	N78827	PA11
B0FD	N78828	PA11
B0FE	N78829	PA11
B100	N7883A	B737
B103	N7883D	PA18
B104	N7883E	C150
B106	N7883G	C150
B109	N7883K	F900
B10A	N7883L	BE35
B10D	N7883P	PA24
B10F	N7883R	BE36
B111	N7883T	TF22
B113	N7883V	M20P
B114	N7883W	P28A
B115	N7883X	C172
B116	N7883Y	PA30
B117	N7883Z	C150
B118	N78830	C172
B119	N78831	PA11
B11C	N78834	C172
B11D	N78835	PA11
B11F	N78837	PA11
B122	N7884	PA18
B123	N7884A	C180
B126	N7884D	PA18
B127	N7884E	C150
B128	N7884F	C150
B129	N7884G	B737
B12F	N7884N	C172
B134	N7884T	C172
B13A	N7884Z	C150
B13D	N78842	C172
B13F	N78844	PA11
B140	N78845	PA11
B141	N78846	C172
B146	N7885A	B737
B148	N7885C	BE95
B149	N7885D	PA18
B14C	N7885G	C172
B14D	N7885H	PA12
B150	N7885L	BE35
B156	N7885S	B47G
B157	N7885T	C172
B158	N7885U	C172
B15A	N7885W	P28A
B15C	N7885Y	PA30
B15D	N7885Z	C150
B15E	N78850	C172
B164	N78856	C172
B165	N78857	C172
B168	N7886	CL60
B169	N7886A	B737
B16F	N7886G	C172
B173	N7886L	BE36
B175	N7886N	C172
B17A	N7886T	C172
B17C	N7886V	M20P
B17D	N7886W	P28A
B182	N78861	M20P
B185	N78864	G109
B186	N78865	M20P
B187	N78866	B753
B18A	N78869	M20P
B18B	N7887	WACO
B18C	N7887A	B737
B18D	N7887B	B47G
B18E	N7887C	GLID
B191	N7887F	C150
B192	N7887G	C172
B198	N7887N	C172
B199	N7887P	PA24
B19A	N7887Q	C310
B19C	N7887S	B47G
B19E	N7887U	C150
B1A0	N7887W	P28A
B1A2	N7887Y	PA30
B1A4	N78870	M20P
B1A5	N78871	M20P
B1A7	N78873	M20P
B1A9	N78875	M20P
B1AB	N78877	M20P
B1AC	N78878	M20P
B1AF	N7888A	B737
B1B0	N7888B	B47G
B1BA	N7888M	RV7
B1BF	N7888S	BE33
B1C0	N7888T	C172
B1C3	N7888W	P28A
B1C5	N7888Y	PA30
B1C9	N78882	M20P
B1CB	N78884	M20P
B1CF	N78888	M20P
B1D1	N7889	BE35
B1D2	N7889A	B737
B1D8	N7889G	C172
B1DE	N7889N	C172
B1DF	N7889P	M20P
B1E3	N7889T	C172
B1E5	N7889V	M20P
B1E6	N7889W	P28A
B1E9	N7889Z	C150
B1EA	N78890	M20P
B1EB	N78891	M20P
B1EC	N78892	M20P
B1ED	N78893	M20P
B1EE	N78894	M20P
B1F1	N78897	M20P
B1F2	N78898	M20P
B1F4	N789	G21
B1F5	N789A	RV7
B1F6	N789AA	SR22
B1F7	N789AB	RV10
B1FD	N789AH	C208
B1FF	N789AK	HUSK
B200	N789AL	JAB4
B201	N789AM	SR22
B202	N789AN	B772
B20A	N789AW	RV9
B20D	N789AZ	FOX
B20E	N789B	PA18
B20F	N789BA	H25B
B212	N789BD	C310
B215	N789BG	C72R
B217	N789BJ	S22T
B21A	N789BM	GLST
B21B	N789BN	RV9
B21E	N789BR	RV9
B223	N789BW	BE56
B227	N789C	SW4
B228	N789CA	ASTR
B22A	N789CC	RV7
B22B	N789CD	SR22
B22C	N789CE	C172
B22E	N789CG	SREY
B22F	N789CH	LEG2
B233	N789CM	P28B
B235	N789CP	FOX
B239	N789CT	BE20
B23C	N789CW	PA30
B240	N789D	BE35
B241	N789DA	DA40
B242	N789DB	GLAS
B243	N789DC	CL60
B246	N789DF	FOX
B248	N789DH	PA18
B24B	N789DL	SR22
B24C	N789DM	C182
B250	N789DR	T206
B255	N789DW	P28A
B259	N789E	RV4
B267	N789EP	C172
B273	N789FA	C172
B276	N789FD	B752
B277	N789FE	C208
B279	N789FG	PA18
B27E	N789FM	B36T
B282	N789FR	RF6
B28C	N789GA	SA30
B28E	N789GC	FOX
B29B	N789GR	R44
B29C	N789GS	GLAS
B29D	N789GT	C82R
B2A5	N789HA	H25B
B2B6	N789HT	H60
B2B7	N789HU	C56X
B2BD	N789J	BE36
B2BF	N789JB	A320
B2C0	N789JC	F2TH
B2C1	N789JD	J3
B2C3	N789JF	G2T1
B2C5	N789JH	BE36
B2C6	N789JJ	ERCO
B2C9	N789JM	LNC2
B2CA	N789JN	PA46
B2CE	N789JS	C560
B2D6	N789K	GA6C
B2D7	N789KA	AT3T
B2D8	N789KB	R44
B2D9	N789KC	P46T
B2DA	N789KD	RV9
B2DD	N789KG	C56X
B2E2	N789KM	LNCE
B2E7	N789KS	SLG4
B2F2	N789LC	M20P
B2F3	N789LD	LNP4
B2FA	N789LL	BE30
B2FF	N789LR	GLF5
B300	N789LS	B733
B301	N789LT	ACAM
B309	N789MA	BL8
B30C	N789MD	C340
B310	N789MH	GLST
B311	N789MJ	C680
B316	N789MP	BE36
B31D	N789MW	GLID
B321	N789N	C185
B325	N789ND	P28A
B33A	N789P	P28A
B33B	N789PA	P28A
B33C	N789PB	GLAS
B33E	N789PD	BE35
B340	N789PF	C172
B342	N789PH	RV9
B346	N789PM	RS12
B348	N789PP	VELO
B34A	N789PR	T206
B34B	N789PS	CRUZ
B34C	N789PT	C414
B34F	N789PW	SR22
B352	N789PZ	BE58
B364	N789QS	CL35
B36C	N789R	BE35
B36D	N789RA	C172
B372	N789RF	CH60
B373	N789RG	BE35
B374	N789RH	SR20
B375	N789RJ	HDJT
B378	N789RM	BE55
B37A	N789RP	C421
B37D	N789RS	T206
B385	N789S	C172
B389	N789SD	T206
B38F	N789SK	CRJ7
B390	N789SL	BE58
B393	N789SP	SR22
B395	N789SR	LJ31
B39A	N789SW	B737
B39E	N789T	FOX
B3A1	N789TC	C82S
B3AA	N789TM	BE58
B3AB	N789TN	GLF4
B3AC	N789TP	HUSK
B3AF	N789TS	C510
B3B4	N789TX	S22T
B3B7	N789U	RV6
B3D0	N789V	BE35
B3E1	N789VS	S22T
B3E4	N789VV	DA40
B3E9	N789W	RV7
B3EB	N789WB	COL3
B3EC	N789WC	WACF
B3EE	N789WE	BL8
B3FB	N789WT	MUS2
B3FE	N789WW	SH36
B402	N789X	RV8
B407	N789XE	FB1A
B40B	N789XJ	C750
B431	N789YX	E75L
B434	N789Z	C185
B44E	N7890A	C180
B452	N7890E	C150
B453	N7890F	C150
B454	N7890G	C172
B455	N7890H	PA12
B45D	N7890R	BE56
B460	N7890U	C172
B461	N7890V	M20P
B464	N7890Y	PA30
B466	N78900	B47G
B467	N78901	M20P
B469	N78903	M20P
B46B	N78905	M20P
B46C	N78906	B06
B46D	N78907	M20P
B46F	N78909	M20P
B471	N7891A	PA11
B477	N7891G	C172
B47B	N7891L	BE35
B47D	N7891N	C172
B47E	N7891P	PA24
B482	N7891T	C172
B483	N7891U	C150
B484	N7891V	M20P
B485	N7891W	P28A
B48B	N78912	M20P
B48C	N78913	M20P
B48E	N78915	M20P
B491	N78918	M20P
B498	N7892E	C150
B49E	N7892L	BE35
B4A3	N7892R	BE35
B4A6	N7892U	C172
B4A7	N7892V	M20P
B4A8	N7892W	P28A
B4AA	N7892Y	PA30
B4AC	N78920	M20P
B4AF	N78923	M20P
B4B1	N78925	M20P
B4B4	N78928	M20P
B4B5	N78929	M20P
B4B6	N7893	B47G
B4B8	N7893B	B47G
B4BA	N7893D	PA22
B4BC	N7893F	C150
B4BD	N7893G	C172
B4C1	N7893L	BE35
B4C4	N7893P	PA24
B4C5	N7893Q	C310
B4C6	N7893R	BE35
B4CA	N7893V	M20P
B4CD	N7893Y	PA30
B4CE	N7893Z	C150
B4CF	N78930	M20P
B4D3	N78934	M20P
B4D5	N78936	M20P
B4D6	N78937	M20P
B4D7	N78938	C172
B4DC	N7894C	P28A
B4DE	N7894E	C150
B4E0	N7894G	C172
B4E7	N7894P	PA18
B4E9	N7894R	BE35
B4EB	N7894T	C172
B4EC	N7894U	C172
B4ED	N7894V	M20P
B4EE	N7894W	P28A
B4F1	N7894Z	J3
B4F5	N78943	M20P
B4F7	N78945	M20P
B4F8	N78946	M20P
B4F9	N78947	M20P
B4FB	N78949	M20P
B4FC	N7895	F260
B502	N7895F	C150
B504	N7895H	PA12
B507	N7895L	BE35
B50C	N7895R	BE33
B50D	N7895S	CH7B
B510	N7895V	C77R
B512	N7895X	C172
B518	N78953	M20P
B51A	N78955	M20P
B51B	N78956	M20P
B51E	N78959	M20P
B523	N7896D	PA22
B527	N7896H	PA12
B530	N7896S	T206
B538	N78960	M20P
B539	N78961	M20P
B53A	N78962	M20P
B53D	N78965	M20P
B540	N78968	M20P
B548	N7897F	C150
B553	N7897S	B47G
B554	N7897T	C172
B555	N7897U	C172
B557	N7897W	P28A
B55B	N78970	B212
B55E	N78973	M20P
B560	N78975	M20P
B563	N78978	C172
B565	N7898	GLID
B568	N7898C	T34P
B56C	N7898G	C172
B56D	N7898H	PA12
B573	N7898P	PA30
B579	N7898V	M20P
B57B	N7898X	B06
B57C	N7898Y	PA30
B580	N78982	M20P
B581	N78983	M20P
B582	N78984	M20P
B585	N78987	M20P
B586	N78988	M20P
B58C	N7899D	PA22
B58D	N7899E	C150
B595	N7899N	C172
B597	N7899Q	C310
B59B	N7899U	C172
B59D	N7899W	P28A
B59E	N7899X	C172
B5A0	N7899Z	C150
B5A7	N78996	M20P
B5A8	N78997	M20P
B5A9	N78998	M20P
B5AB	N79	BE30
B5AC	N79A	C180
B5AE	N79AB	FB1A
B5AF	N79AC	BL8
B5B1	N79AE	B06
B5B2	N79AF	P28R
B5B3	N79AG	BE18
B5B4	N79AH	SR22
B5B5	N79AJ	C25A
B5B6	N79AK	PA31
B5B8	N79AM	RV12
B5B9	N79AN	PA32
B5BA	N79AP	BE58
B5BB	N79AQ	AA5
B5BC	N79AR	S58P
B5BE	N79AT	BOLT
B5BF	N79AU	P32R
B5C0	N79AV	PTS2
B5C1	N79AW	C150
B5C3	N79AY	GLEX
B5C5	N79B	C680
B5C7	N79BB	C182
B5C8	N79BC	LNC2
B5CA	N79BE	AC90
B5CC	N79BG	BOLT
B5CF	N79BK	SF50
B5D0	N79BL	PA46
B5D1	N79BM	AT8T
B5D2	N79BN	SASY
B5D3	N79BP	C414
B5D6	N79BS	GLIM
B5D9	N79BV	C172
B5DA	N79BW	QUIC
B5DB	N79BX	RV8
B5DD	N79BZ	CC11
B5DE	N79C	P337
B5DF	N79CA	C25C
B5E0	N79CB	PRM1
B5E1	N79CC	BE55
B5E2	N79CD	C182
B5E3	N79CE	BE58
B5E5	N79CG	CL60
B5E6	N79CH	T210
B5E7	N79CJ	FA10
B5E8	N79CK	RV8
B5E9	N79CL	SF50
B5EB	N79CN	P180
B5EE	N79CR	GLST
B5EF	N79CS	PC12
B5F2	N79CV	S22T
B5F7	N79D	PTS2
B5F8	N79DA	C550
B5FA	N79DC	C414
B5FC	N79DE	RF10
B5FD	N79DF	BE95
B5FE	N79DG	PTS2
B5FF	N79DH	G280
B600	N79DJ	SEAW
B601	N79DK	PA11
B602	N79DL	C172
B603	N79DM	BE20
B604	N79DN	GLID
B607	N79DR	BT36
B608	N79DS	BT36
B609	N79DT	BOLT
B60B	N79DV	P210
B610	N79E	DSA1
B611	N79EA	CRJ2
B613	N79EC	BE9T
B614	N79ED	GLST
B616	N79EF	BE20
B61B	N79EL	BE40
B624	N79EV	EVSS
B629	N79F	C172
B62B	N79FB	T18
B62C	N79FC	R22
B631	N79FH	H60
B635	N79FM	M20P
B63A	N79FS	SM19
B63E	N79FW	C414
B63F	N79FX	AS50
B640	N79FY	PA32
B642	N79G	PA30
B644	N79GB	GB1
B64D	N79GL	G2T1
B653	N79GS	C182
B654	N79GT	AA5
B657	N79GW	S22T
B65C	N79HA	P28A
B65D	N79HB	PTS1
B65E	N79HC	BE36
B660	N79HE	BE36
B663	N79HH	SR22
B665	N79HK	P28R
B666	N79HL	PA23
B66C	N79HS	M7
B66F	N79HV	C700
B672	N79HY	HUSK
B674	N79J	S108
B676	N79JB	SRAI
B678	N79JD	EAGL
B67A	N79JF	C421
B67B	N79JG	GLIM
B67D	N79JJ	DHC3
B680	N79JM	PTS1
B681	N79JN	VEZE
B682	N79JP	C182
B685	N79JS	C25C
B686	N79JT	PA44
B68D	N79K	GC1
B693	N79KF	C340
B695	N79KH	PA22
B698	N79KL	E55P
B699	N79KM	RV4
B69D	N79KR	CH7A
B69F	N79KT	BE58
B6A2	N79KW	SR20
B6A9	N79LC	J3
B6AA	N79LD	PA31
B6AB	N79LE	F900
B6AD	N79LG	P46T
B6AE	N79LH	RV9
B6B0	N79LK	PA31
B6B1	N79LL	HUSK
B6B3	N79LN	AA5
B6B6	N79LR	B06
B6B7	N79LS	GLID
B6BF	N79M	DG15
B6C1	N79MB	BE18
B6C5	N79MF	PA23
B6C6	N79MG	AEST
B6C7	N79MH	BE35
B6C8	N79MJ	C182
B6CA	N79ML	MUS2
B6CB	N79MM	BE33
B6CD	N79MP	C82T
B6CF	N79MR	C182
B6D0	N79MS	P28A
B6D2	N79MU	C310
B6D9	N79NA	P28A
B6DB	N79NC	PA32
B6DF	N79NG	PC12
B6E0	N79NH	C82R
B6ED	N79NW	UH1
B6EE	N79NX	PC12
B6F2	N79PA	P28A
B6F3	N79PB	HUSK
B6F4	N79PC	C82T
B6FA	N79PJ	B06
B6FB	N79PK	C185
B6FC	N79PL	LA4
B6FF	N79PP	C414
B701	N79PR	BE35
B702	N79PS	HUSK
B703	N79PT	RV6
B707	N79PX	PA32
B709	N79PZ	SREY
B70C	N79QB	CH7B
B723	N79R	GLAS
B724	N79RA	CH7B
B726	N79RC	T210
B729	N79RF	BE55
B72A	N79RG	PA24
B72C	N79RJ	C310
B72D	N79RK	BE35
B72F	N79RM	T18
B730	N79RN	SRAI
B731	N79RP	GLF5
B733	N79RR	K100
B734	N79RS	C500
B735	N79RT	CRER
B736	N79RU	YK50
B737	N79RV	RV9
B738	N79RW	MA5
B739	N79RX	SR22
B73B	N79RZ	E50P
B73F	N79SC	LJ60
B740	N79SD	C310
B742	N79SF	P28A
B743	N79SG	C510
B744	N79SH	E300
B746	N79SK	C310
B747	N79SL	C180
B748	N79SM	M20P
B74C	N79SR	AEST
B74D	N79SS	PTS1
B74E	N79ST	C82R
B751	N79SW	CC11
B752	N79SX	WAIX
B756	N79TA	PA38
B758	N79TC	C180
B759	N79TD	C421
B75A	N79TE	BE30
B75B	N79TF	F2TH
B75D	N79TH	C210
B75F	N79TK	NG5
B761	N79TM	B06
B762	N79TN	GLST
B763	N79TP	GLAS
B765	N79TR	C182
B766	N79TS	H25B
B769	N79TV	B06
B76A	N79TW	C25B
B76E	N79U	P28R
B77A	N79UM	C340
B77F	N79US	DA40
B787	N79V	RLU1
B789	N79VB	BE40
B78F	N79VH	C208
B791	N79VK	C210
B793	N79VM	P28R
B7A0	N79W	U21
B7A1	N79WA	ACR2
B7A3	N79WC	P28A
B7A8	N79WH	RV6
B7A9	N79WJ	S22T
B7AB	N79WL	RLU1
B7AE	N79WP	S22T
B7B2	N79WT	RV9
B7B4	N79WV	SIRA
B7B5	N79WW	C206
B7B7	N79WY	HUSK
B7B9	N79X	BE56
B7BC	N79XC	S22T
B7D8	N79YF	SR22
B7DC	N79YK	YK50
B7E4	N79YT	LGEZ
B7EC	N79ZA	B407
B7F0	N79ZE	C750
B803	N79ZZ	VTRA
B805	N790A	BE9L
B80F	N790AK	K100
B810	N790AL	C550
B811	N790AM	AS50
B812	N790AN	B772
B816	N790AS	AA5
B820	N790BB	PA23
B826	N790BH	SR22
B82C	N790BP	B407
B838	N790CA	TBM7
B845	N790CP	DHC6
B849	N790CT	FDCT
B852	N790DB	ST75
B853	N790DC	GLF4
B854	N790DD	RV7
B85C	N790DM	C310
B865	N790DW	RV6
B86F	N790EF	WAIX
B879	N790ER	DA42
B883	N790FA	C172
B886	N790FD	B752
B887	N790FE	C208
B8A5	N790GK	PA44
B8C0	N790HM	TAMP
B8CF	N790JB	AFOX
B8DD	N790JR	WW24
B8E2	N790JW	T34P
B8F0	N790KK	TAYB
B8FF	N790L	CH7A
B910	N790LS	BE58
B919	N790MA	HUSK
B91B	N790MC	TBM7
B926	N790MP	RV14
B935	N790ND	PA44
B936	N790NE	CL35
B95A	N790PR	M6
B974	N790QS	CL35
B97C	N790R	F2TH
B97E	N790RB	B06
B982	N790RF	RV9
B985	N790RJ	UH1
B991	N790RW	CC11
B996	N790SA	C206
B99D	N790SH	R22
B99F	N790SK	CRJ7
B9A3	N790SP	C172
B9A8	N790SU	LJ60
B9AA	N790SW	B737
B9AE	N790T	F900
B9B0	N790TB	TBM7
B9C4	N790TX	C56X
BA1B	N790XJ	C750
BA24	N790XT	MONI
BA2B	N790Y	BE23
BA2C	N790YA	P28A
BA41	N790YX	E75L
BA44	N790Z	F2TH
BA5E	N7900A	J3
BA60	N7900C	P28A
BA61	N7900D	BE35
BA63	N7900F	C150
BA64	N7900G	C172
BA67	N7900K	BE35
BA69	N7900M	BE35
BA6A	N7900N	C172
BA6B	N7900P	PA24
BA70	N7900U	C172
BA72	N7900W	P28A
BA74	N7900Y	PA30
BA75	N7900Z	C150
BA76	N79000	C172
BA77	N79001	C172
BA78	N79002	C172
BA7A	N79004	C172
BA7D	N79007	LNCE
BA7F	N79009	C172
BA81	N7901A	B738
BA82	N7901B	C172
BA83	N7901C	P28A
BA85	N7901E	C150
BA87	N7901G	C172
BA8A	N7901K	BE35
BA8B	N7901L	BE23
BA8E	N7901P	C182
BA8F	N7901Q	C402
BA94	N7901V	C180
BA97	N7901Y	PA30
BA9A	N79011	B772
BA9B	N79012	C172
BA9C	N79013	C172
BA9D	N79014	C172
BA9E	N79015	C172
BAA3	N7902	G164
BAAD	N7902K	BE35
BAAF	N7902M	BE35
BAB0	N7902N	C172
BAB4	N7902S	CH7B
BAB8	N7902W	P28A
BABA	N7902Y	PA30
BABB	N7902Z	C150
BAC0	N79024	C172
BAC3	N79027	C172
BAC4	N79028	C172
BAC8	N7903B	C172
BAC9	N7903C	P28R
BACC	N7903F	C150
BACD	N7903G	C172
BAD0	N7903K	BE35
BAD2	N7903M	BE35
BAD3	N7903N	C172
BAD4	N7903P	PA24
BAD9	N7903U	C172
BADA	N7903V	C77R
BADE	N7903Z	C150
BAE0	N79031	C172
BAE5	N79036	C172
BAEB	N7904B	C172
BAEC	N7904C	P28B
BAF0	N7904G	C172
BAF3	N7904K	BE95
BAFB	N7904T	C175
BAFD	N7904V	C180
BAFE	N7904W	P28A
BAFF	N7904X	C172
BB02	N79040	C172
BB04	N79042	C172
BB0A	N79048	C172
BB11	N7905E	C150
BB18	N7905M	BE95
BB19	N7905N	C172
BB1C	N7905R	BE36
BB1E	N7905T	C175
BB1F	N7905U	C172
BB23	N7905Y	PA30
BB25	N79050	C172
BB27	N79052	C172
BB29	N79054	C172
BB2A	N79055	C172
BB2C	N79057	C172
BB33	N7906D	BE35
BB34	N7906E	C150
BB37	N7906H	PA12
BB3C	N7906N	C172
BB3D	N7906P	PA24
BB40	N7906S	BL8
BB48	N79060	C172
BB4A	N79062	C172
BB4B	N79063	C172
BB4D	N79065	C172
BB4E	N79066	C172
BB50	N79068	C172
BB52	N7907	H269
BB53	N7907A	B738
BB56	N7907D	BE35
BB5E	N7907M	BE35
BB60	N7907P	PA24
BB65	N7907U	C172
BB67	N7907W	P28A
BB6C	N79071	C172
BB6D	N79072	C172
BB6F	N79074	C182
BB72	N79077	C172
BB74	N79079	C172
BB77	N7908B	C172
BB7C	N7908G	C172
BB7F	N7908K	BE35
BB80	N7908L	BE23
BB85	N7908R	BE33
BB87	N7908T	C175
BB88	N7908U	C172
BB8A	N7908W	P28A
BB8D	N7908Z	C150
BB8E	N79080	C188
BB8F	N79081	C172
BB94	N79086	C172
BB95	N79087	C172
BB97	N79089	C172
BB9C	N7909D	BE35
BB9D	N7909E	C150
BB9E	N7909F	C150
BB9F	N7909G	C172
BBA5	N7909N	C172
BBA7	N7909Q	C310
BBAA	N7909T	C175
BBAD	N7909W	P28A
BBAE	N7909X	C172
BBB1	N79090	C172
BBB3	N79092	C172
BBB4	N79093	C172
BBB5	N79094	C172
BBB6	N79095	C172
BBB9	N79098	ST75
BBBC	N791A	RV7
BBBD	N791AA	BE36
BBBF	N791AC	RV9
BBC8	N791AM	AS50
BBC9	N791AN	B772
BBD0	N791AV	B788
BBD2	N791AX	B762
BBD5	N791B	EFOX
BBD7	N791BB	S22T
BBD8	N791BC	GLST
BBDF	N791BK	G2T1
BBE3	N791BP	B350
BBEF	N791CA	B77L
BBF1	N791CC	PA11
BBF2	N791CD	SR20
BBF4	N791CF	UH1
BBF8	N791CK	B742
BBFC	N791CP	FA50
BBFE	N791CR	P28A
BC08	N791DA	P28A
BC0A	N791DC	BE20
BC18	N791DS	PA38
BC22	N791EB	BE20
BC30	N791ER	DA42
BC3A	N791FA	C172
BC3D	N791FD	B752
BC43	N791FK	CH70
BC49	N791FR	M20P
BC52	N791G	G109
BC64	N791GT	S22T
BC73	N791HH	DC3
BC84	N791J	DSA1
BC85	N791JA	F900
BC86	N791JB	BE95
BC8A	N791JF	C501
BC95	N791JS	SONX
BC9F	N791KB	BL8
BCA0	N791KC	SSTL
BCA1	N791KD	SR22
BCB6	N791L	P28A
BCBE	N791LH	SR22
BCCF	N791M	BE35
BCD0	N791MA	DV20
BCD5	N791MF	B77L
BCD7	N791MH	T6
BCDB	N791MM	M700
BCEC	N791ND	PA44
BD12	N791PS	DA40
BD16	N791PW	DHC2
BD1A	N791Q	BE55
BD2B	N791QS	CL35
BD48	N791RW	MUS2
BD4F	N791SC	GLIM
BD52	N791SF	SS2T
BD54	N791SH	R22
BD56	N791SK	CRJ7
BD61	N791SW	B737
BD65	N791T	BE95
BD66	N791TA	F5
BD67	N791TB	FOX
BD70	N791TL	EVSS
BD7B	N791TX	BT7
BD7F	N791UA	B772
BDAC	N791VW	BE35
BDB0	N791W	PA11
BDF8	N791YX	E75L
BE16	N7910B	C172
BE19	N7910E	C150
BE1B	N7910G	C172
BE1E	N7910K	BE35
BE22	N7910P	PA24
BE27	N7910U	C172
BE28	N7910V	C180
BE2C	N7910Z	C150
BE2F	N79102	C172
BE31	N79104	C172
BE32	N79105	C172
BE33	N79106	GLID
BE36	N79109	FA62
BE38	N7911A	BE35
BE39	N7911B	C172
BE3B	N7911D	BE35
BE42	N7911L	BE23
BE43	N7911M	BE35
BE44	N7911N	P28A
BE45	N7911P	PISI
BE47	N7911R	BE55
BE4B	N7911V	C180
BE4C	N7911W	P28A
BE4D	N7911X	C172
BE53	N79113	C172
BE58	N79118	C172
BE59	N79119	C172
BE5F	N7912E	C150
BE64	N7912K	BE35
BE65	N7912L	BE23
BE69	N7912Q	C402
BE6D	N7912U	C172
BE6F	N7912W	P28A
BE70	N7912X	C172
BE75	N79122	C172
BE76	N79123	P38
BE77	N79124	ST75
BE78	N79125	C172
BE79	N79126	C172
BE7B	N79128	C182
BE7F	N7913B	C172
BE81	N7913D	BE35
BE89	N7913M	E50P
BE8A	N7913N	P28A
BE8C	N7913Q	C402
BE8D	N7913R	BE33
BE8F	N7913T	C175
BE90	N7913U	C150
BE92	N7913W	P28A
BE95	N7913Z	C150
BE96	N79130	C172
BE98	N79132	RELI
BE99	N79133	C172
BE9C	N79136	C172
BE9D	N79137	C172
BE9F	N79139	C172
BEA4	N7914D	BE35
BEA5	N7914E	C150
BEA6	N7914F	C150
BEA7	N7914G	C172
BEA8	N7914H	PA12
BEAB	N7914L	BE23
BEAD	N7914N	P28A
BEAE	N7914P	PA24
BEB0	N7914R	BE35
BEB4	N7914V	C180
BEB5	N7914W	P28A
BEB9	N79140	C182
BEBB	N79142	C172
BEBD	N79144	C172
BEBF	N79146	C172
BEC0	N79147	C172
BEC4	N7915A	TA15
BEC5	N7915B	C172
BECB	N7915H	PA12
BECF	N7915M	BE35
BED3	N7915R	BE35
BEDA	N7915Y	PA30
BEDC	N79150	C172
BEE1	N79155	C172
BEE7	N7916A	BE18
BEE9	N7916C	S22T
BEEB	N7916E	C150
BEED	N7916G	C172
BEF2	N7916M	BE35
BEF6	N7916R	BE36
BEF8	N7916T	C175
BEF9	N7916U	C172
BEFC	N7916X	C172
BEFD	N7916Y	PA30
BEFE	N7916Z	C150
BF01	N79162	C172
BF02	N79163	C172
BF03	N79164	C172
BF08	N79169	C172
BF10	N7917G	C172
BF13	N7917K	BE35
BF16	N7917N	T206
BF19	N7917R	BE35
BF1A	N7917S	CH7B
BF1B	N7917T	C175
BF1E	N7917W	P28A
BF24	N79172	C172
BF2A	N79178	C172
BF30	N7918D	BE35
BF36	N7918K	BE35
BF38	N7918M	BE35
BF39	N7918N	C182
BF3D	N7918S	CH7B
BF3E	N7918T	C175
BF3F	N7918U	C172
BF44	N7918Z	C150
BF45	N79180	C182
BF47	N79182	C182
BF48	N79183	TAYD
BF49	N79184	C172
BF4A	N79185	FA62
BF4C	N79187	C172
BF4E	N79189	C172
BF50	N7919A	B738
BF52	N7919C	DC6
BF53	N7919D	BE35
BF54	N7919E	C150
BF56	N7919G	C172
BF5C	N7919N	P28A
BF5D	N7919P	PA24
BF64	N7919W	P28A
BF65	N7919X	C172
BF66	N7919Y	PA30
BF69	N79191	C172
BF6D	N79195	C172
BF6F	N79197	C172
BF71	N79199	C172
BF73	N792A	P28A
BF77	N792AD	GLAS
BF7F	N792AM	AS50
BF80	N792AN	B772
BF87	N792AV	B788
BF89	N792AX	B762
BF8C	N792B	RV6
BF8D	N792BA	SF34
BF9A	N792BP	PC24
BF9D	N792BS	CRER
BFA5	N792C	S108
BFA6	N792CA	B77L
BFA8	N792CC	R44
BFA9	N792CD	SR20
BFAB	N792CF	UH1
BFAF	N792CK	B742
BFB3	N792CP	DH8D
BFB7	N792CT	FDCT
BFC1	N792DC	AVID
BFCA	N792DM	BE35
BFE7	N792ER	DA42
BFF0	N792F	RV7
BFF1	N792FA	C172
BFF4	N792FD	B752
BFF5	N792FE	C208
C01E	N792GW	C82S
C034	N792HT	S64
C03D	N792JB	E170
C043	N792JH	BE58
C046	N792JL	RV7
C04C	N792JS	C560
C06D	N792L	HUSK
C073	N792LF	AS50
C086	N792M	RV4
C087	N792MA	PA46
C089	N792MC	CH75
C08A	N792MD	C172
C08C	N792MF	B77L
C094	N792MP	GA5C
C098	N792MT	RV7
C0A3	N792ND	PA44
C0BF	N792PG	SR22
C0C9	N792PS	SR22
C0D1	N792Q	BE55
C0E2	N792QS	CL35
C0ED	N792RC	M20P
C0FE	N792RV	RV12
C104	N792SA	C172
C106	N792SC	GLIM
C10D	N792SK	CRJ7
C10E	N792SL	SLG2
C111	N792SP	C172
C113	N792SR	SR22
C118	N792SW	B737
C11C	N792T	CH7A
C122	N792TF	BE20
C128	N792TM	SR22
C131	N792TW	GLIM
C132	N792TX	BT7
C136	N792UA	B772
C189	N792XJ	C750
C1AF	N792YX	E75L
C1CD	N7920B	C172
C1D1	N7920F	C150
C1D4	N7920J	S22T
C1D5	N7920K	BE35
C1D6	N7920L	BE23
C1D7	N7920M	BE36
C1D8	N7920N	P28A
C1D9	N7920P	PA24
C1DC	N7920S	B47G
C1DE	N7920U	C172
C1E0	N7920W	P28A
C1E3	N7920Z	C150
C1E4	N79200	C172
C1E5	N79201	C172
C1E6	N79202	C172
C1E7	N79203	C172
C1E8	N79204	C172
C1EB	N79207	C172
C1F1	N7921C	R44
C1F2	N7921D	BE35
C1F5	N7921G	C172
C1F6	N7921H	PA12
C1F8	N7921K	BE35
C1FA	N7921M	BE35
C1FB	N7921N	P28A
C1FE	N7921R	BE33
C203	N7921W	P28A
C209	N79212	C172
C20A	N79213	C172
C20E	N79217	C172
C210	N79219	C172
C213	N7922B	C172
C214	N7922C	C182
C21B	N7922K	BE35
C21D	N7922M	BE35
C21E	N7922N	P28A
C21F	N7922P	PA24
C223	N7922T	C175
C224	N7922U	C150
C226	N7922W	P28A
C22A	N79220	C172
C22C	N79222	C172
C22E	N79224	C172
C231	N79227	C172
C232	N79228	C172
C236	N7923B	C172
C239	N7923E	C150
C23C	N7923H	PA12
C23F	N7923L	BE23
C241	N7923N	P28A
C242	N7923P	PA24
C246	N7923T	C175
C247	N7923U	C172
C249	N7923W	P28A
C24F	N79232	H60
C250	N79233	C172
C251	N79234	C172
C255	N79238	C172
C256	N79239	C172
C257	N7924	SA11
C25B	N7924D	BE35
C25E	N7924G	C172
C25F	N7924H	PA12
C265	N7924P	PA24
C26A	N7924U	C172
C26C	N7924W	P28A
C26F	N7924Z	C150
C271	N79241	C172
C274	N79244	C172
C276	N79246	C172
C277	N79247	TAYD
C278	N79248	C172
C279	N79249	C172
C27A	N7925	DHC2
C27C	N7925B	C172
C282	N7925H	PA12
C283	N7925J	B47G
C284	N7925K	BE35
C285	N7925L	BE23
C286	N7925M	BE95
C288	N7925P	PA24
C28A	N7925R	BE35
C28E	N7925V	C180
C296	N79253	C182
C298	N79255	C172
C299	N79256	C172
C29E	N7926A	GLID
C29F	N7926B	C172
C2A1	N7926D	BE35
C2A2	N7926E	C150
C2A3	N7926F	C150
C2A4	N7926G	C172
C2A7	N7926K	BE35
C2B1	N7926V	C180
C2B6	N79260	C188
C2B9	N79263	C172
C2BA	N79264	C172
C2BE	N79268	C172
C2BF	N79269	C172
C2C0	N7927	U16
C2C7	N7927G	C150
C2CE	N7927P	PA24
C2D0	N7927R	BE33
C2D1	N7927S	SR20
C2D2	N7927T	C175
C2D5	N7927W	P28A
C2D6	N7927X	C172
C2D8	N7927Z	C150
C2D9	N79270	C172
C2DD	N79274	C172
C2DE	N79275	C172
C2DF	N79276	C172
C2E0	N79277	C172
C2E2	N79279	B738
C2E5	N7928B	C172
C2E6	N7928C	P28A
C2E7	N7928D	BE35
C2E9	N7928F	C150
C2EE	N7928L	BE23
C2F1	N7928P	PA24
C2F2	N7928Q	C310
C2F3	N7928R	BE95
C2F4	N7928S	B47G
C2F6	N7928U	C150
C2F7	N7928V	C180
C2FA	N7928Y	PA30
C2FF	N79283	C172
C300	N79284	C172
C308	N7929B	C172
C30D	N7929G	C182
C312	N7929M	BE35
C314	N7929P	PA24
C318	N7929T	C175
C31A	N7929V	C180
C31B	N7929W	P28A
C31D	N7929Y	PA30
C325	N79296	C172
C326	N79297	C182
C327	N79298	J3
C32A	N793A	P28A
C32B	N793AA	C501
C32F	N793AE	GA6C
C334	N793AK	C185
C336	N793AM	AS50
C337	N793AN	B772
C338	N793AP	GL5T
C33E	N793AV	B788
C340	N793AX	B762
C346	N793BC	C560
C349	N793BF	B407
C351	N793BP	B407
C360	N793CD	SR22
C363	N793CG	F2TH
C365	N793CJ	C25A
C366	N793CK	B77L
C36A	N793CP	GA6C
C375	N793D	BE35
C378	N793DC	BE20
C386	N793DS	C337
C39E	N793ER	DA42
C3A8	N793FA	C172
C3A9	N793FB	GA6C
C3AB	N793FD	B752
C3B8	N793FS	B350
C3C0	N793G	GLID
C3C8	N793GH	G2CA
C3DF	N793HF	T206
C3EB	N793HT	S64
C3F4	N793JB	A320
C403	N793JS	C560
C40D	N793KB	SR22
C415	N793KK	F2TH
C424	N793L	CH7A
C430	N793LM	BE35
C434	N793LR	PA11
C43D	N793M	RV8
C444	N793MG	GLF5
C44E	N793MS	LNCE
C45A	N793ND	PA44
C46F	N793P	BE9L
C481	N793PT	C172
C488	N793Q	QUIC
C499	N793QS	CL35
C4A4	N793RC	H25B
C4A8	N793RG	BE58
C4AB	N793RK	FOX
C4B5	N793RV	RV12
C4BB	N793SA	B737
C4BC	N793SB	BE35
C4C0	N793SF	B407
C4C4	N793SK	CRJ7
C4C8	N793SP	C172
C4CA	N793SR	SREY
C4D5	N793TB	BE40
C4DC	N793TJ	RV9
C4E8	N793TW	DFLY
C4E9	N793TX	BT7
C4ED	N793UA	B772
C4FD	N793US	DA40
C537	N793X	GL5T
C540	N793XJ	C750
C550	N793Y	BE23
C551	N793YA	Q9
C582	N7930	G164
C584	N7930B	C172
C586	N7930D	BE35
C587	N7930E	C150
C588	N7930F	P28A
C589	N7930G	C150
C58A	N7930H	PA12
C58D	N7930L	BE23
C58F	N7930N	P28A
C590	N7930P	PA24
C596	N7930V	C180
C597	N7930W	P28A
C59D	N79302	C172
C5A1	N79306	C172
C5A2	N79307	FA62
C5A3	N79308	C172
C5A9	N7931D	BE9L
C5AD	N7931H	PA12
C5AF	N7931K	NG5
C5B2	N7931N	P28A
C5B7	N7931T	C175
C5B9	N7931V	C172
C5BC	N7931Y	PA30
C5BE	N79310	C172
C5C0	N79312	C172
C5C2	N79314	C172
C5C4	N79316	C172
C5C5	N79317	C182
C5C6	N79318	C172
C5C9	N7932A	ST75
C5CF	N7932G	C150
C5D4	N7932M	BE35
C5D5	N7932N	P28A
C5D8	N7932R	BE35
C5DB	N7932U	C150
C5DD	N7932W	P28A
C5E2	N79321	C172
C5E4	N79323	C172
C5E5	N79324	C182
C5E6	N79325	C172
C5E7	N79326	M20P
C5E8	N79327	M20P
C5EA	N79329	M20P
C5EC	N7933A	B738
C5ED	N7933B	C172
C5EE	N7933C	P28A
C5F2	N7933G	C150
C5F3	N7933H	PA12
C5F5	N7933K	BE35
C5F7	N7933M	BE35
C5F8	N7933N	P28A
C5F9	N7933P	PA24
C5FA	N7933Q	C310
C5FB	N7933R	BE35
C5FD	N7933T	C175
C5FF	N7933V	C180
C604	N79330	M20P
C605	N79331	PA34
C607	N79333	M20T
C608	N79334	M20P
C609	N79335	M20P
C60A	N79336	M20P
C60B	N79337	M20P
C60C	N79338	M20P
C60D	N79339	M20P
C615	N7934G	C172
C61E	N7934R	BE36
C621	N7934U	C172
C623	N7934W	P28A
C624	N7934X	C172
C626	N7934Z	C150
C627	N79340	M20P
C628	N79341	M20P
C62B	N79344	M20P
C62D	N79346	M20P
C62E	N79347	M20P
C633	N7935B	C172
C634	N7935C	P28R
C636	N7935E	C150
C637	N7935F	C150
C639	N7935H	BE33
C63B	N7935K	BE35
C63E	N7935N	P28A
C63F	N7935P	PA24
C640	N7935Q	C310
C641	N7935R	BE35
C646	N7935W	P28A
C649	N7935Z	C150
C64A	N79350	M20P
C64B	N79351	M20P
C651	N79357	M20P
C652	N79358	M20P
C653	N79359	M20P
C655	N7936A	BE36
C657	N7936C	S58P
C658	N7936D	BE35
C65B	N7936G	C172
C65E	N7936K	BE35
C662	N7936P	PA24
C664	N7936R	BE35
C665	N7936S	B47G
C668	N7936V	C180
C669	N7936W	P28A
C66D	N79360	M20P
C66E	N79361	M20P
C670	N79363	M20P
C672	N79365	M20P
C675	N79368	M20P
C67B	N7937D	BE35
C67D	N7937F	C150
C682	N7937L	BE23
C683	N7937M	BE35
C684	N7937N	P28A
C685	N7937P	PA24
C689	N7937T	C175
C68B	N7937V	C180
C68C	N7937W	P28A
C68F	N7937Z	C150
C694	N79374	M20P
C698	N79378	M20P
C69D	N7938C	P28A
C69E	N7938D	BE35
C6A1	N7938G	C172
C6A4	N7938K	BE35
C6A6	N7938M	BE95
C6A8	N7938P	PA24
C6A9	N7938Q	C402
C6AA	N7938R	BE33
C6AE	N7938V	C180
C6AF	N7938W	P28A
C6B1	N7938Y	PA30
C6B2	N7938Z	C150
C6B3	N79380	M20P
C6B5	N79382	M20P
C6B6	N79383	M20P
C6BA	N79387	M20P
C6BB	N79388	M20P
C6BF	N7939B	C172
C6C2	N7939E	C150
C6C4	N7939G	C172
C6C9	N7939M	BE95
C6CA	N7939N	P28A
C6CB	N7939P	PA24
C6D1	N7939V	C180
C6D2	N7939W	P28A
C6D3	N7939X	C172
C6D5	N7939Z	C150
C6D6	N79390	M20P
C6D9	N79393	M20P
C6DB	N79395	M20P
C6DC	N79396	M20P
C6DD	N79397	M20P
C6DE	N79398	FA62
C6DF	N79399	M20P
C6E0	N794	FBA2
C6E1	N794A	P28A
C6E2	N794AA	LJ60
C6E6	N794AE	EC30
C6EA	N794AJ	B722
C6ED	N794AM	AS50
C6EE	N794AN	B772
C6EF	N794AP	SR22
C6F5	N794AV	B788
C6FD	N794BC	E545
C704	N794BK	P28A
C708	N794BP	B407
C714	N794CA	C82T
C715	N794CB	BE33
C719	N794CF	UH1
C71D	N794CK	B77L
C721	N794CP	DH8D
C725	N794CT	C172
C72F	N794DC	P32R
C731	N794DE	M700
C735	N794DJ	SRAI
C738	N794DM	A119
C73D	N794DS	MUS2
C75F	N794FA	C172
C762	N794FD	B752
C763	N794FE	C208
C777	N794G	GLIM
C7AB	N794JB	A320
C7BE	N794JW	RV6
C7D3	N794KS	GLIM
C7F5	N794MA	MU2
C7FC	N794MH	GLF4
C800	N794MM	PA46
C811	N794ND	PA44
C826	N794P	S76
C829	N794PC	C414
C82C	N794PF	C25A
C850	N794QS	CL35
C869	N794RS	M20P
C871	N794S	GLST
C872	N794SA	C82S
C873	N794SB	CL60
C874	N794SC	CL60
C875	N794SD	BE9L
C87B	N794SK	CRJ7
C886	N794SW	B737
C892	N794TH	H25B
C8A0	N794TX	BT7
C8A4	N794UA	B772
C8B5	N794UT	B350
C8BD	N794VA	SREY
C8F0	N794XB	H60
C8F7	N794XJ	C750
C909	N794YB	H60
C919	N794YT	R44
C922	N794ZB	H60
C93B	N7940B	C172
C93E	N7940E	C150
C93F	N7940F	C150
C943	N7940K	EC30
C944	N7940L	BE23
C946	N7940N	P28A
C94C	N7940U	C172
C950	N7940Y	PA30
C954	N79402	B739
C95A	N79408	C182
C95E	N7941B	C172
C960	N7941D	BE35
C962	N7941F	C150
C963	N7941G	C172
C964	N7941H	PA12
C967	N7941L	BE23
C969	N7941N	P28A
C96A	N7941P	PA24
C96C	N7941R	BE35
C96E	N7941T	C175
C971	N7941W	P28A
C972	N7941X	C172
C974	N7941Z	C150
C975	N79410	C172
C977	N79412	C172
C97B	N79416	C172
C97C	N79417	C172
C97D	N79418	C172
C981	N7942B	C172
C982	N7942C	P32R
C986	N7942G	C172
C989	N7942K	BE35
C98A	N7942L	BE23
C991	N7942T	C175
C993	N7942V	C180
C996	N7942Y	PA30
C997	N7942Z	C150
C998	N79420	C172
C999	N79421	C172
C99C	N79424	C182
C99D	N79425	C150
C9A0	N79428	C172
C9A1	N79429	C172
C9A4	N7943B	C172
C9A5	N7943C	P28A
C9A6	N7943D	BE35
C9A8	N7943F	C150
C9AC	N7943K	BE35
C9AE	N7943M	BE35
C9B0	N7943P	PA24
C9B2	N7943R	BE35
C9B6	N7943V	SS2P
C9B7	N7943W	P28A
C9B9	N7943Y	PA30
C9BA	N7943Z	C150
C9BC	N79431	C172
C9BF	N79434	C172
C9C0	N79435	C172
C9C1	N79436	C172
C9C4	N79439	C182
C9C6	N7944A	RV12
C9C7	N7944B	C172
C9CC	N7944G	C172
C9CD	N7944H	PA12
C9CF	N7944K	BE35
C9D2	N7944N	P28A
C9D3	N7944P	PA24
C9DA	N7944W	P28A
C9DD	N7944Z	C150
C9DE	N79440	C172
C9E0	N79442	C172
C9E3	N79445	C172
C9E4	N79446	C172
C9E5	N79447	C172
C9E6	N79448	C172
C9E9	N7945A	BE35
C9EF	N7945G	C172
C9F2	N7945K	BE35
C9F3	N7945L	BE23
C9F4	N7945M	BE35
C9F5	N7945N	P28A
C9F6	N7945P	PA24
C9FC	N7945V	C180
C9FD	N7945W	P28A
C9FF	N7945Y	PA30
CA01	N79450	C172
CA04	N79453	C172
CA05	N79454	C172
CA09	N79458	RELI
CA0A	N79459	C182
CA0E	N7946C	B25
CA11	N7946F	C150
CA12	N7946G	C172
CA15	N7946K	BE35
CA17	N7946M	BE35
CA18	N7946N	P28A
CA19	N7946P	PA24
CA1B	N7946R	BE55
CA1D	N7946T	C175
CA1E	N7946U	C172
CA20	N7946W	P28A
CA27	N79463	C182
CA2A	N79466	ST75
CA2B	N79467	C182
CA2C	N79468	C172
CA30	N7947B	C172
CA31	N7947C	B25
CA35	N7947G	C172
CA3C	N7947P	PA24
CA40	N7947T	C175
CA49	N79472	C172
CA4A	N79473	C172
CA4B	N79474	C172
CA4C	N79475	C172
CA4E	N79477	C172
CA4F	N79478	C172
CA50	N79479	C172
CA53	N7948B	C172
CA5E	N7948N	P28A
CA5F	N7948P	PA24
CA61	N7948R	BE95
CA63	N7948T	C175
CA66	N7948W	P28A
CA69	N7948Z	C150
CA6A	N79480	ST75
CA6C	N79482	C172
CA6E	N79484	BE17
CA72	N79488	C172
CA73	N79489	C172
CA74	N7949	PA18
CA75	N7949A	B738
CA76	N7949B	C172
CA79	N7949E	C150
CA7E	N7949K	BE35
CA81	N7949N	P28A
CA82	N7949P	PA24
CA86	N7949T	C175
CA8B	N7949Y	PA30
CA8C	N7949Z	C150
CA90	N79493	C172
CA93	N79496	RELI
CA95	N79498	C172
CA96	N79499	C172
CA98	N795A	PA46
CA99	N795AA	BE35
CA9A	N795AB	BE58
CA9B	N795AC	BL8
CA9D	N795AE	EC30
CAA4	N795AM	SR22
CAA5	N795AN	B772
CAAC	N795AV	B788
CAAE	N795AX	B762
CAB1	N795B	BE35
CAB7	N795BF	B407
CAB8	N795BG	SF50
CABF	N795BP	B407
CAC1	N795BR	RS12
CACA	N795C	HUSK
CACB	N795CA	B77L
CAD0	N795CF	UH1
CAD3	N795CJ	HA4T
CAD4	N795CK	B77L
CAD8	N795CP	GA6C
CADA	N795CR	GLF5
CADF	N795CW	P28A
CAE3	N795D	BE35
CAE6	N795DC	MA5
CAEB	N795DH	T206
CAF5	N795DT	EAGL
CB01	N795EE	SR22
CB16	N795FA	C172
CB19	N795FD	B752
CB1A	N795FE	C208
CB21	N795FM	WW24
CB2E	N795G	GLIM
CB2F	N795GA	GA7
CB34	N795GF	VELO
CB4A	N795HC	C25C
CB4E	N795HG	C750
CB59	N795HT	S64
CB60	N795J	C208
CB62	N795JB	PA24
CB63	N795JC	RV4
CB6A	N795JK	C550
CB6E	N795JP	BL8
CB7F	N795KF	C25B
CBAC	N795MA	PA46
CBAD	N795MB	SS2P
CBAE	N795MC	MA5
CBB5	N795MK	PC7
CBB7	N795MM	PC12
CBC8	N795ND	TBM7
CBDE	N795PA	BE20
CBE6	N795PJ	M20P
CBF2	N795PW	RV8
CC07	N795QS	CL35
CC11	N795RB	B429
CC23	N795RV	RV7
CC2A	N795SB	BE33
CC2B	N795SC	S22T
CC30	N795SH	R22
CC32	N795SK	CRJ7
CC36	N795SP	GLF5
CC3D	N795SW	B737
CC43	N795TB	FOX
CC49	N795TH	C172
CC57	N795TX	BT7
CC5B	N795UA	B772
CC8C	N795W	E55P
CC8E	N795WB	AVID
CC9C	N795WR	RV4
CCBE	N795Y	BE76
CCF2	N7950B	C172
CCF4	N7950D	BE35
CCF5	N7950E	C150
CCF7	N7950G	C172
CCFE	N7950P	PA24
CD02	N7950T	C175
CD03	N7950U	C172
CD07	N7950Y	PA30
CD09	N79500	ST75
CD0A	N79501	C172
CD0F	N79506	C172
CD15	N7951B	C172
CD16	N7951C	P32R
CD19	N7951F	P28A
CD1A	N7951G	SR20
CD1F	N7951M	BE35
CD22	N7951Q	C310
CD23	N7951R	BE36
CD25	N7951T	C175
CD28	N7951W	P28A
CD2F	N79513	C172
CD30	N79514	C172
CD36	N7952	G164
CD38	N7952B	C172
CD39	N7952C	P32R
CD3A	N7952D	BE35
CD3C	N7952F	C150
CD42	N7952M	BE95
CD48	N7952T	C175
CD49	N7952U	C172
CD4D	N7952Y	PA30
CD50	N79521	B738
CD51	N79522	C182
CD52	N79523	C172
CD55	N79526	C172
CD58	N79529	C172
CD5B	N7953B	C172
CD5C	N7953C	P28A
CD60	N7953G	C150
CD63	N7953K	BE35
CD67	N7953P	PA24
CD68	N7953Q	C310
CD6D	N7953V	C180
CD6E	N7953W	P28A
CD71	N7953Z	C150
CD73	N79531	C172
CD74	N79532	DG15
CD75	N79533	C172
CD77	N79535	ST75
CD80	N7954D	BE35
CD82	N7954F	C150
CD83	N7954G	C172
CD84	N7954H	PA12
CD85	N7954J	P28R
CD89	N7954N	P28A
CD8C	N7954R	BE33
CD93	N7954Y	PA30
CD95	N79540	C172
CD96	N79541	B738
CD98	N79543	C172
CD9B	N79546	C172
CD9E	N79549	C172
CDA1	N7955B	C172
CDA5	N7955F	C150
CDA7	N7955H	PA12
CDAC	N7955N	P28A
CDAD	N7955P	PA24
CDAF	N7955R	BE95
CDB3	N7955V	C180
CDB4	N7955W	P28A
CDBB	N79553	ST75
CDBC	N79554	C172
CDBF	N79557	AR6T
CDC0	N79558	C172
CDC2	N7956	G164
CDC8	N7956F	C150
CDCE	N7956M	BE35
CDD0	N7956P	PA24
CDD1	N7956Q	C310
CDD5	N7956U	C172
CDD7	N7956W	P28A
CDD8	N7956X	C172
CDDC	N79561	ST75
CDDD	N79562	C172
CDE0	N79565	C172
CDE1	N79566	C172
CDE2	N79567	C172
CDE9	N7957D	BE35
CDEA	N7957E	C150
CDEC	N7957G	C172
CDF3	N7957P	PA24
CDF5	N7957R	BE35
CDFA	N7957W	P28A
CDFB	N7957X	C172
CDFF	N79571	C172
CE03	N79575	C172
CE04	N79576	C172
CE06	N79578	C172
CE07	N79579	C172
CE08	N7958	G164
CE0A	N7958B	C172
CE0B	N7958C	GLIM
CE0C	N7958D	BE58
CE10	N7958H	PA12
CE13	N7958L	BE23
CE16	N7958P	BE33
CE18	N7958R	BE55
CE1C	N7958V	C180
CE1E	N7958X	RV7
CE1F	N7958Y	PA30
CE21	N79580	C172
CE25	N79584	C172
CE26	N79585	C182
CE27	N79586	C182
CE28	N79587	C172
CE2D	N7959B	C172
CE2F	N7959D	BE35
CE34	N7959J	B47G
CE35	N7959K	BE35
CE37	N7959M	BE95
CE3D	N7959T	C175
CE3E	N7959U	C172
CE40	N7959W	P28A
CE44	N79590	C182
CE47	N79593	C172
CE4C	N79598	C182
CE4D	N79599	C172
CE4E	N796	FBA2
CE50	N796AA	PA23
CE51	N796AB	PA18
CE58	N796AJ	CH60
CE5B	N796AM	AS50
CE5C	N796AN	B772
CE63	N796AV	B788
CE68	N796B	BE35
CE6B	N796BC	B737
CE6F	N796BG	C152
CE76	N796BP	B407
CE83	N796CB	FOX
CE85	N796CD	C310
CE8F	N796CP	DH8D
CE9C	N796DB	RV6
CEA4	N796DK	RV12
CEB3	N796E	WACO
CEC1	N796EP	C172
CED0	N796FD	B752
CED1	N796FE	C208
CEFF	N796HA	C82T
CF0E	N796HR	ASTR
CF19	N796JB	A320
CF1B	N796JD	P46T
CF1F	N796JH	LJ45
CF28	N796JS	C560
CF49	N796L	EAGL
CF63	N796MA	C550
CF67	N796ME	RBEL
CF7F	N796ND	PA44
CF97	N796PC	PC12
CF9B	N796PG	SR22
CFBE	N796QS	CL35
CFD2	N796RM	HA4T
CFDF	N796S	RS20
CFE1	N796SB	GP3
CFE4	N796SE	RV7
CFE9	N796SK	CRJ7
CFED	N796SP	C172
CFF4	N796SW	B737
CFF9	N796TA	F5
D000	N796TH	C172
D004	N796TM	BL8
D009	N796TS	RV7
D00C	N796TV	RV12
D012	N796UA	B772
D04F	N796WM	T6
D055	N796WT	C170
D058	N796WW	C172
D0A9	N7960B	C172
D0AB	N7960D	BE35
D0B1	N7960K	BE35
D0B4	N7960N	P28A
D0B6	N7960Q	C310
D0B7	N7960R	BE33
D0B9	N7960T	C175
D0CC	N7961B	C172
D0CE	N7961D	BE35
D0D1	N7961G	C172
D0D2	N7961H	PA12
D0D4	N7961K	BE35
D0D7	N7961N	P28A
D0DC	N7961T	C175
D0DF	N7961W	P28A
D0E0	N7961X	C172
D0E2	N7961Z	C150
D0EF	N7962B	C172
D0F2	N7962E	C150
D0F3	N7962F	C150
D0F4	N7962G	C172
D0F8	N7962L	BE23
D0F9	N7962M	BE35
D0FA	N7962N	P28A
D0FB	N7962P	PA24
D102	N7962W	P28A
D104	N7962Y	PA30
D105	N7962Z	C150
D112	N7963B	C172
D116	N7963F	P28A
D117	N7963G	C172
D119	N7963J	B06
D11B	N7963L	BE23
D11D	N7963N	P28A
D11E	N7963P	PA24
D122	N7963T	C175
D123	N7963U	C172
D125	N7963W	P28A
D126	N7963X	C172
D137	N7964D	BE35
D13D	N7964K	BE95
D13E	N7964L	BE23
D140	N7964N	P28A
D147	N7964V	C180
D148	N7964W	P28A
D149	N7964X	C172
D157	N7965A	RV9
D15C	N7965F	P28A
D15E	N7965H	PA12
D15F	N7965J	B47G
D160	N7965K	BE35
D163	N7965N	P28A
D164	N7965P	PA24
D16E	N7965Z	C150
D16F	N79650	ST75
D17B	N7966B	C172
D17D	N7966D	BE35
D180	N7966G	C150
D184	N7966L	BE23
D185	N7966M	BE35
D186	N7966N	P28A
D18C	N7966U	C172
D190	N7966Y	PA30
D19E	N7967B	C172
D19F	N7967C	P28A
D1A0	N7967D	BE35
D1A3	N7967G	C172
D1A8	N7967M	BE35
D1A9	N7967N	P28A
D1AE	N7967T	C175
D1B0	N7967V	A9
D1B1	N7967W	P28A
D1B2	N7967X	C172
D1B3	N7967Y	PA30
D1B4	N7967Z	C150
D1C1	N7968B	C172
D1C2	N7968C	T6
D1C3	N7968D	BE35
D1C5	N7968F	C150
D1CC	N7968N	P28A
D1CD	N7968P	PA24
D1CF	N7968R	BE95
D1D1	N7968T	C175
D1E4	N7969B	C172
D1E5	N7969C	T6
D1E8	N7969F	P28A
D1E9	N7969G	C172
D1EB	N7969J	C182
D1EE	N7969M	BE35
D1EF	N7969N	P28A
D1F7	N7969W	P28A
D1F8	N7969X	C172
D205	N797	C140
D209	N797AC	BL8
D211	N797AL	DC86
D212	N797AM	DA40
D213	N797AN	B772
D216	N797AR	SSTL
D21A	N797AV	B789
D21C	N797AX	B762
D21E	N797AZ	EC55
D21F	N797B	BE35
D221	N797BB	C82S
D229	N797BK	C525
D22D	N797BP	B407
D231	N797BT	SR22
D238	N797C	S108
D239	N797CA	CRJ2
D23A	N797CB	CL30
D23B	N797CC	C650
D23C	N797CD	SR22
D23E	N797CF	BE9L
D241	N797CJ	C182
D242	N797CK	S22T
D243	N797CL	P32R
D246	N797CP	GLF5
D249	N797CS	CL30
D24A	N797CT	GLEX
D24E	N797CX	C750
D254	N797DC	H269
D257	N797DF	TRDO
D259	N797DH	VELO
D25A	N797DJ	C172
D25C	N797DL	COZY
D25D	N797DM	R44
D262	N797DS	GLAS
D263	N797DT	C172
D26F	N797EE	S22T
D273	N797EJ	RV9
D283	N797F	ACR2
D284	N797FA	C172
D287	N797FD	B752
D29C	N797G	M7
D29D	N797GA	GA7
D2A8	N797GM	PC12
D2B9	N797HD	F2TH
D2BC	N797HG	PA46
D2D0	N797JB	RV6
D2DA	N797JM	BE20
D2DF	N797JS	C560
D2E9	N797KB	GLEX
D2EB	N797KD	BE20
D2F3	N797KM	BE95
D2FC	N797KW	RV7
D300	N797L	CH7A
D303	N797LC	C210
D304	N797LD	F2TH
D319	N797M	GALX
D31A	N797MA	PA46
D31C	N797MC	PA46
D322	N797MJ	ERCO
D324	N797ML	BE20
D325	N797MM	C560
D327	N797MP	AA1
D32A	N797MS	F260
D32B	N797MT	PA34
D32F	N797MX	B737
D333	N797NA	G2CA
D336	N797ND	PA44
D34B	N797P	S76
D352	N797PG	F2TH
D359	N797PP	RF10
D35D	N797PT	J3
D375	N797QS	CL35
D37D	N797R	RBEL
D37E	N797RA	C414
D37F	N797RB	RV7
D385	N797RH	BE35
D386	N797RJ	C172
D388	N797RL	RAF2
D38E	N797RS	DA40
D391	N797RV	RV7
D392	N797RW	C441
D396	N797S	P32R
D39B	N797SE	C501
D39C	N797SF	TRDO
D39E	N797SH	R22
D3A0	N797SK	CRJ7
D3A2	N797SM	SR22
D3A4	N797SP	C172
D3A6	N797SR	SR22
D3A7	N797SS	SONX
D3A8	N797ST	EV97
D3A9	N797SU	R44
D3AB	N797SW	RV6
D3AF	N797T	COL3
D3B1	N797TB	BRAV
D3B3	N797TD	GA7C
D3B4	N797TE	C550
D3B5	N797TF	SR20
D3B9	N797TK	RV7
D3BA	N797TL	SR20
D3BB	N797TM	C82S
D3C9	N797UA	B772
D3E1	N797V	GLIM
D3E4	N797VC	PA23
D3F5	N797VV	GLST
D3FD	N797WC	F2TH
D40B	N797WS	B47G
D443	N797YY	E300
D446	N797ZA	CH80
D45E	N7970	WACO
D463	N7970E	C150
D464	N7970F	C150
D465	N7970G	C172
D466	N7970H	PA12
D468	N7970K	KR2
D46C	N7970P	PA24
D471	N7970U	C172
D473	N7970W	P28A
D482	N7971A	L5
D483	N7971B	C172
D485	N7971D	BE35
D487	N7971F	C150
D48E	N7971N	P28A
D494	N7971U	C150
D495	N7971V	C180
D498	N7971Y	PA30
D4A7	N7972C	P28A
D4AB	N7972G	C172
D4AC	N7972H	PA12
D4AE	N7972K	BE35
D4B0	N7972M	BE95
D4B3	N7972Q	C310
D4B8	N7972V	C77R
D4B9	N7972W	P28A
D4BC	N7972Z	C150
D4BE	N79721	SVNH
D4CA	N7973C	T6
D4CC	N7973E	C150
D4CF	N7973H	PA12
D4D1	N7973K	BE35
D4D3	N7973M	BE95
D4D4	N7973N	P28A
D4DA	N7973U	C172
D4DB	N7973V	C180
D4E1	N79731	J3
D4EC	N7974B	C172
D4EE	N7974D	BE35
D4F0	N7974F	C150
D4F4	N7974K	BE35
D4F6	N7974M	BE35
D4F7	N7974N	P28A
D4FC	N7974T	C175
D4FF	N7974W	P28A
D500	N7974X	C172
D501	N7974Y	PA30
D51A	N7975N	P28A
D51B	N7975P	PA24
D51D	N7975R	BE35
D520	N7975U	C172
D522	N7975W	P28A
D523	N7975X	C172
D525	N7975Z	C150
D531	N7976A	T6
D534	N7976D	BE35
D53A	N7976K	BE35
D53B	N7976L	BE23
D53C	N7976M	BE35
D545	N7976W	P28A
D553	N7977	RV9
D554	N7977A	ST75
D555	N7977B	PA32
D557	N7977D	BE35
D559	N7977F	C150
D55B	N7977H	PA12
D55D	N7977K	BE35
D55F	N7977M	BE35
D561	N7977P	CH75
D566	N7977U	C172
D567	N7977V	PA18
D568	N7977W	P28A
D56A	N7977Y	PA30
D571	N79775	RV6
D577	N7978A	AA5
D579	N7978C	P28B
D57A	N7978D	BE35
D57B	N7978E	C150
D580	N7978K	B06
D582	N7978M	BE35
D583	N7978N	P28A
D584	N7978P	PA24
D586	N7978R	BE95
D589	N7978U	C172
D58A	N7978V	C180
D58D	N7978Y	PA30
D58E	N7978Z	C150
D59A	N7979A	AT5T
D59B	N7979B	AT5T
D59C	N7979C	T6
D59D	N7979D	BE35
D59E	N7979E	C150
D59F	N7979F	C150
D5A1	N7979H	PA12
D5A3	N7979K	BE95
D5A6	N7979N	P28A
D5A7	N7979P	PA24
D5AB	N7979T	C175
D5AF	N7979X	C172
D5B1	N7979Z	C150
D5BC	N798	FBA2
D5C0	N798AC	EC30
D5CA	N798AN	B772
D5D1	N798AV	B788
D5D6	N798B	BE35
D5D8	N798BB	SR22
D5DC	N798BF	P06T
D5E4	N798BP	B407
D5E7	N798BS	P32R
D5EF	N798C	S108
D5F0	N798CA	B77L
D5F1	N798CB	LNP4
D5F2	N798CC	E170
D5FD	N798CP	J3
D619	N798DS	DA40
D63B	N798FA	C172
D63E	N798FD	B752
D63F	N798FE	C208
D65F	N798GM	BE36
D66E	N798HB	S22T
D675	N798HJ	RV10
D687	N798JB	BE36
D689	N798JD	RV8
D696	N798JS	C560
D697	N798JT	CRES
D6AF	N798KS	SONX
D6B7	N798L	CH7A
D6B8	N798LA	C152
D6BE	N798LG	C680
D6C2	N798LL	JSX
D6D0	N798M	R44
D6D1	N798MA	CH7B
D6ED	N798ND	PA44
D6F0	N798NG	T206
D6F1	N798NH	HDJT
D702	N798P	S76
D703	N798PA	H25B
D710	N798PP	C525
D72C	N798QS	CL35
D738	N798RD	BE35
D73B	N798RG	PC12
D73D	N798RJ	SR22
D745	N798RS	CL60
D746	N798RT	RV8
D748	N798RV	RV8
D74F	N798SB	CL35
D759	N798SM	C82S
D75B	N798SP	C172
D75D	N798SR	SR22
D762	N798SW	B737
D766	N798T	C56X
D769	N798TC	C172
D77B	N798TW	E50P
D780	N798UA	B772
D798	N798V	FLE7
D7A9	N798VS	CRER
D7B4	N798WC	PC12
D7CD	N798XC	T51
D817	N7980B	C172
D81A	N7980E	C150
D81F	N7980K	BE35
D822	N7980N	P28A
D823	N7980P	PA24
D82A	N7980W	P28A
D82C	N7980Y	PA30
D82F	N79801	M20P
D830	N79802	M20P
D832	N79804	M20P
D833	N79805	C172
D834	N79806	M20P
D835	N79807	M20P
D836	N79808	M20P
D83C	N7981D	BE35
D83D	N7981E	C150
D845	N7981N	P28A
D84A	N7981T	C175
D84B	N7981U	C172
D851	N79810	M20P
D852	N79811	M20P
D853	N79812	M20P
D854	N79813	J3
D859	N79818	M20P
D85B	N7982	G164
D85C	N7982A	RV9
D85D	N7982B	C172
D85F	N7982D	BE35
D861	N7982F	C150
D863	N7982H	PA12
D865	N7982K	PA18
D868	N7982N	P28A
D869	N7982P	PA24
D86E	N7982U	C172
D870	N7982W	P28A
D875	N79821	M20P
D877	N79823	M20P
D878	N79824	M20P
D879	N79825	M20P
D87A	N79826	M20P
D87B	N79827	M20P
D87D	N79829	M20P
D87E	N7983	G164
D882	N7983D	BE35
D884	N7983F	C150
D885	N7983G	C172
D886	N7983H	PA12
D888	N7983K	BE35
D88A	N7983M	BE95
D88D	N7983Q	C402
D894	N7983X	C172
D895	N7983Y	PA30
D899	N79832	M20P
D89A	N79833	M20P
D89C	N79835	M20P
D89D	N79836	M20P
D89E	N79837	M20P
D89F	N79838	M20P
D8A0	N79839	M20P
D8A3	N7984B	C172
D8A4	N7984C	T6
D8A8	N7984G	C172
D8AB	N7984K	BE35
D8AD	N7984M	BE35
D8AE	N7984N	P28A
D8AF	N7984P	PA24
D8B4	N7984U	C172
D8B6	N7984W	P28A
D8BA	N79840	M20P
D8BD	N79843	T210
D8C1	N79847	M20P
D8C3	N79849	M20P
D8C5	N7985A	B47G
D8CC	N7985H	PA12
D8D1	N7985N	P28A
D8D2	N7985P	PA24
D8DA	N7985X	C172
D8E0	N79853	M20P
D8E1	N79854	M20P
D8E2	N79855	HIGH
D8E4	N79857	M20P
D8E6	N79859	M20P
D8EA	N7986C	T6
D8EB	N7986D	BE35
D8EF	N7986H	PA12
D8F2	N7986L	BE23
D8F4	N7986N	P28A
D8F9	N7986T	C175
D8FE	N7986Y	PA30
D8FF	N7986Z	C150
D901	N79861	M20P
D903	N79863	HCAT
D905	N79865	M20P
D906	N79866	M20P
D907	N79867	M20P
D90E	N7987D	BE35
D910	N7987F	C150
D912	N7987H	PA12
D914	N7987K	BE35
D915	N7987L	BE23
D916	N7987M	BE35
D917	N7987N	P28A
D91A	N7987R	BE35
D91D	N7987U	C172
D91E	N7987V	C180
D922	N7987Z	C150
D923	N79870	M20P
D924	N79871	YK52
D926	N79873	C172
D927	N79874	C172
D92B	N79878	C172
D92C	N79879	C172
D92E	N7988A	GLST
D930	N7988C	T6
D934	N7988G	C172
D937	N7988K	BE35
D938	N7988L	BE23
D939	N7988M	BE35
D93C	N7988Q	C402
D93F	N7988T	C175
D944	N7988Y	PA30
D947	N79881	C172
D948	N79882	C182
D94A	N79884	C172
D94E	N79888	C172
D950	N7989	SA30
D954	N7989D	BE35
D958	N7989H	R22
D95B	N7989L	BE23
D95D	N7989N	P28A
D95E	N7989P	PA24
D95F	N7989Q	C402
D960	N7989R	BE55
D963	N7989U	C172
D965	N7989W	P28A
D968	N7989Z	C150
D969	N79890	C172
D96C	N79893	C172
D96D	N79894	C172
D96F	N79896	C172
D971	N79898	C172
D976	N799AB	EVSS
D977	N799AC	T206
D978	N799AD	RV9
D97B	N799AG	H25B
D97F	N799AL	BE30
D980	N799AM	C182
D981	N799AN	B772
D988	N799AV	B788
D98D	N799B	CAMP
D990	N799BC	B712
D99B	N799BP	B407
D99E	N799BS	C182
D9A6	N799C	S108
D9AA	N799CD	SR22
D9AB	N799CE	AC50
D9B7	N799CS	BE10
D9BE	N799CZ	BE99
D9BF	N799D	RV4
D9C1	N799DB	G2T1
D9C3	N799DD	BE10
D9CB	N799DM	RV9
D9D0	N799DS	DA40
D9D8	N799E	COL4
D9DB	N799EC	M20P
D9DD	N799EE	S22T
D9E9	N799ES	C414
D9F2	N799FA	C172
D9F5	N799FD	B752
DA06	N799FW	HUSK
DA0B	N799GA	GA7
DA10	N799GF	C82S
DA12	N799GH	RV7
DA14	N799GK	BE9L
DA1B	N799GS	GL5T
DA20	N799GX	PC12
DA2A	N799HG	DFLY
DA31	N799HP	C82R
DA34	N799HS	RV6
DA3C	N799J	C82S
DA3E	N799JB	C310
DA44	N799JH	P28R
DA48	N799JM	AC11
DA49	N799JN	MD11
DA4A	N799JP	PA46
DA4C	N799JR	GLEX
DA4D	N799JS	C25B
DA51	N799JW	C240
DA55	N799K	CH7B
DA67	N799KT	T206
DA6E	N799L	CH7B
DA6F	N799LA	PC12
DA75	N799LG	C700
DA77	N799LJ	CAMP
DA7A	N799LM	M20P
DA83	N799LW	PA24
DA88	N799MA	CH7B
DA8A	N799MC	BE20
DA8C	N799ME	COL4
DA90	N799MJ	C680
DA9A	N799MU	T6
DA9C	N799MW	SBR1
DAA4	N799ND	PA44
DAB9	N799P	RV6
DABC	N799PC	T210
DAE3	N799QS	CL35
DAED	N799RB	F2TH
DAEE	N799RC	B06
DAF1	N799RF	RV9
DAF2	N799RG	CH7A
DAF4	N799RJ	EPIC
DAF7	N799RM	H25B
DAFA	N799RQ	RV6
DAFF	N799RV	RV10
DB04	N799S	H25B
DB14	N799SR	SR22
DB19	N799SW	B737
DB1D	N799T	C77R
DB21	N799TD	LJ35
DB22	N799TE	C310
DB23	N799TF	C421
DB25	N799TH	C172
DB28	N799TL	C120
DB2B	N799TP	P208
DB2E	N799TS	BE99
DB2F	N799TT	RV7
DB33	N799TX	ERCO
DB37	N799UA	B772
DB47	N799US	CH75
DB53	N799VD	C310
DB74	N799WM	CRER
DB7D	N799WW	LJ45
DB81	N799X	BE35
DBB3	N799Z	M7
DBCB	N799ZZ	M4
DBCD	N7990A	B14A
DBD1	N7990E	C150
DBD4	N7990H	PA12
DBD7	N7990L	BE23
DBDA	N7990P	PA24
DBE0	N7990V	C180
DBE1	N7990W	P28A
DBE5	N79900	C172
DBE7	N79902	C172
DBE9	N79904	C172
DBEA	N79905	C172
DBED	N79908	C172
DBF1	N7991B	C172
DBF2	N7991C	T6
DBF4	N7991E	C150
DBFA	N7991L	BE23
DBFB	N7991M	BE35
DC02	N7991U	C150
DC03	N7991V	A9
DC04	N7991W	P28A
DC08	N79910	C172
DC0D	N79915	C172
DC11	N79919	C172
DC19	N7992G	C172
DC1F	N7992N	P28A
DC20	N7992P	PA24
DC24	N7992T	C175
DC27	N7992W	P28A
DC2B	N79920	C172
DC2C	N79921	C172
DC2F	N79924	C172
DC32	N79927	C182
DC34	N79929	C172
DC37	N7993B	C172
DC40	N7993L	BE23
DC41	N7993M	BE35
DC43	N7993P	PA24
DC48	N7993U	C172
DC4A	N7993W	P28A
DC50	N79932	C172
DC52	N79934	C172
DC56	N79938	C172
DC57	N79939	C172
DC5A	N7994B	B412
DC5F	N7994G	C172
DC60	N7994H	PA12
DC62	N7994K	BE35
DC63	N7994L	BE23
DC68	N7994R	BE99
DC6A	N7994T	C175
DC6B	N7994U	C172
DC6D	N7994W	P28A
DC71	N79940	C182
DC72	N79941	C172
DC74	N79943	C172
DC76	N79945	C172
DC77	N79946	C172
DC79	N79948	C172
DC7A	N79949	C172
DC7B	N7995	ST75
DC7D	N7995B	C172
DC82	N7995G	C172
DC85	N7995K	BE35
DC86	N7995L	BE23
DC87	N7995M	BE35
DC88	N7995N	P28A
DC89	N7995P	PA24
DC90	N7995W	P28A
DC94	N79950	C172
DC96	N79952	C172
DC99	N79955	C172
DC9B	N79957	C172
DC9C	N79958	C182
DCA0	N7996B	C172
DCA4	N7996F	C150
DCA6	N7996H	PA12
DCA9	N7996L	BE23
DCAA	N7996M	BE35
DCAC	N7996P	PA24
DCB1	N7996U	C172
DCB4	N7996X	C172
DCB6	N7996Z	CH75
DCBD	N79966	C172
DCBE	N79967	C172
DCC0	N79969	C172
DCC6	N7997E	C150
DCCF	N7997P	PA24
DCD0	N7997Q	C310
DCD2	N7997S	CRER
DCD6	N7997W	P28A
DCD8	N7997Y	PA30
DCD9	N7997Z	C150
DCDD	N79973	C172
DCDF	N79975	C172
DCE7	N7998C	FOX
DCE8	N7998D	BE35
DCEA	N7998F	C150
DCEB	N7998G	C172
DCEE	N7998K	BE18
DCEF	N7998L	BE23
DCF0	N7998M	BE35
DCF1	N7998N	P28A
DCF2	N7998P	PA18
DCF4	N7998R	BE95
DCF6	N7998T	C175
DCF7	N7998U	C172
DCF8	N7998V	A9
DCFA	N7998X	C172
DCFB	N7998Y	PA30
DCFC	N7998Z	C150
DD04	N79987	B06
DD07	N7999	J3
DD0E	N7999G	C172
DD0F	N7999H	LGEZ
DD11	N7999K	BE35
DD14	N7999N	P28A
DD15	N7999P	PA24
DD19	N7999T	C175
DD1C	N7999W	P28A
DD21	N79991	PA18
DD25	N79995	LGEZ
DD27	N79997	ST75
DD2B	N8A	C185
DD2C	N8AA	C185
DD2F	N8AD	BT36
DD30	N8AE	SR22
DD31	N8AF	RV8
DD32	N8AG	F900
DD33	N8AH	CH7B
DD34	N8AJ	C206
DD35	N8AK	B06
DD37	N8AM	BE20
DD39	N8AP	PA23
DD3A	N8AQ	AEST
DD3E	N8AU	B06
DD3F	N8AV	C421
DD40	N8AW	EFOX
DD43	N8AZ	LNC2
DD44	N8B	PC24
DD45	N8BA	C172
DD46	N8BB	P28B
DD49	N8BE	LGEZ
DD4A	N8BF	C310
DD4C	N8BH	KR2
DD4D	N8BJ	C180
DD4E	N8BK	PA18
DD4F	N8BL	C414
DD50	N8BM	GLID
DD51	N8BN	BE35
DD52	N8BP	T6
DD53	N8BQ	B06
DD54	N8BR	EAGL
DD55	N8BS	C172
DD56	N8BT	C182
DD57	N8BU	BE95
DD59	N8BW	FOX
DD5B	N8BY	BE60
DD5C	N8BZ	LA4
DD5E	N8CA	C208
DD60	N8CC	T210
DD61	N8CD	TBM7
DD65	N8CH	AVID
DD66	N8CJ	CH7A
DD67	N8CK	CH7B
DD69	N8CM	BL17
DD6A	N8CN	P28A
DD6B	N8CP	A139
DD6C	N8CQ	PTS1
DD6D	N8CR	C182
DD6F	N8CT	PA23
DD71	N8CV	P337
DD74	N8CY	P337
DD76	N8D	DSA1
DD78	N8DB	T206
DD7D	N8DG	PA22
DD80	N8DK	GLID
DD81	N8DL	CH7A
DD82	N8DM	C182
DD85	N8DQ	RV8
DD86	N8DR	PC12
DD89	N8DU	RV4
DD8A	N8DV	VTRA
DD8B	N8DW	DHC1
DD91	N8EB	C550
DD92	N8EC	BE40
DD93	N8ED	CASS
DD95	N8EF	BE20
DD97	N8EH	C320
DD98	N8EJ	MUS2
DD99	N8EK	C182
DD9A	N8EL	GLAS
DD9B	N8EM	C82S
DD9D	N8EP	C310
DD9F	N8ER	P28A
DDA1	N8ET	BL8
DDA2	N8EU	EC45
DDA3	N8EV	RV8
DDA6	N8EY	P210
DDA7	N8EZ	LGEZ
DDAA	N8FB	C402
DDAB	N8FC	BE35
DDAC	N8FD	T6
DDAF	N8FG	BE35
DDB0	N8FH	BE9L
DDB1	N8FJ	BE36
DDB3	N8FL	ST75
DDB4	N8FM	BE36
DDB5	N8FN	P28R
DDB9	N8FS	PTS1
DDBF	N8FY	C172
DDC0	N8FZ	GLIM
DDC2	N8GA	C421
DDC4	N8GC	SF50
DDC5	N8GD	TAIL
DDC7	N8GF	P180
DDC8	N8GG	C182
DDC9	N8GH	WAIX
DDCA	N8GJ	C180
DDCD	N8GM	BE35
DDCE	N8GN	GLIM
DDD0	N8GQ	C25C
DDD1	N8GR	RV8
DDD4	N8GU	BE9L
DDD5	N8GV	RV6
DDD8	N8GY	RV4
DDD9	N8GZ	PA18
DDDB	N8HA	LGEZ
DDDD	N8HC	P28B
DDE1	N8HG	SA30
DDE4	N8HK	RALL
DDE5	N8HL	M20P
DDE6	N8HM	C414
DDE7	N8HN	P28R
DDE9	N8HQ	BE40
DDEA	N8HR	O1
DDEB	N8HS	SF50
DDEC	N8HT	C421
DDF0	N8HX	BE18
DDF1	N8HY	HUSK
DDF3	N8J	EC45
DDF5	N8JB	T18
DDF6	N8JC	C750
DDF9	N8JF	GLID
DDFB	N8JH	RV8
DDFE	N8JL	RV8
DDFF	N8JM	C162
DE04	N8JS	PTS1
DE05	N8JT	AA1
DE08	N8JW	C56X
DE09	N8JX	E300
DE0A	N8JY	ST75
DE0C	N8K	EC45
DE0E	N8KB	BE20
DE0F	N8KC	SA30
DE10	N8KD	E50P
DE11	N8KE	RV8
DE12	N8KF	TBM7
DE13	N8KG	PA46
DE16	N8KK	SA3
DE18	N8KM	T210
DE1A	N8KP	SR22
DE1C	N8KR	P210
DE1D	N8KS	COY2
DE1E	N8KT	SR22
DE1F	N8KU	TBM7
DE21	N8KW	BE35
DE22	N8KX	VTUR
DE24	N8KZ	RV8
DE25	N8L	PTS1
DE27	N8LB	PA30
DE29	N8LD	SF50
DE2C	N8LG	LNC2
DE2D	N8LH	VP2
DE2E	N8LJ	SR22
DE30	N8LL	SF50
DE31	N8LM	BOLT
DE32	N8LN	EAGL
DE35	N8LR	KR1
DE37	N8LT	FA10
DE39	N8LV	C210
DE3A	N8LW	FOX
DE3B	N8LX	AC50
DE3E	N8M	PTS1
DE40	N8MB	C320
DE43	N8ME	AM3
DE44	N8MF	GALX
DE46	N8MH	GLAS
DE49	N8ML	P28A
DE4A	N8MM	RV8
DE4B	N8MN	T210
DE4C	N8MP	BE35
DE4D	N8MQ	RV8
DE4E	N8MR	WAIX
DE4F	N8MS	PA23
DE50	N8MT	VO10
DE53	N8MW	BE35
DE56	N8MZ	PA30
DE57	N8N	PA32
DE58	N8NA	BE20
DE5A	N8NC	BE95
DE5B	N8ND	BE19
DE5D	N8NF	B06
DE5E	N8NG	BE58
DE61	N8NK	RV8
DE64	N8NN	GLAS
DE69	N8NT	C170
DE6A	N8NU	T210
DE6D	N8NX	BE20
DE6E	N8NY	P32R
DE6F	N8NZ	C207
DE70	N8P	C82T
DE72	N8PB	PTS2
DE73	N8PC	E55P
DE75	N8PE	BE60
DE78	N8PH	RV8
DE79	N8PJ	PRM1
DE7C	N8PM	BL8
DE7E	N8PP	PA22
DE7F	N8PQ	AC68
DE81	N8PS	PA24
DE82	N8PT	PA32
DE85	N8PW	C150
DE86	N8PX	PA30
DE87	N8PY	SR20
DE88	N8PZ	HUSK
DE8A	N8QA	HUSK
DE8B	N8QB	BE35
DE8C	N8QC	C172
DE8D	N8QD	B06
DE91	N8QH	R66
DE95	N8QM	HIGH
DE97	N8QP	CH7A
DE98	N8QQ	GLST
DE9B	N8QT	HUSK
DE9D	N8QV	B06
DEA4	N8RB	BE95
DEA5	N8RC	NAVI
DEA8	N8RF	BE33
DEA9	N8RG	P32R
DEAA	N8RH	WAIX
DEAC	N8RK	T18
DEAD	N8RL	C25C
DEAE	N8RM	GLF5
DEB0	N8RP	RV8
DEB2	N8RR	CH7B
DEB3	N8RS	BE20
DEB5	N8RU	PA31
DEB6	N8RV	RV8
DEB7	N8RW	MU2
DEB8	N8RX	GLID
DEBA	N8RZ	EAGL
DEBE	N8SC	BL8
DEBF	N8SD	DA62
DEC0	N8SE	P337
DEC1	N8SF	BL8
DEC2	N8SG	S22T
DEC5	N8SK	P28A
DEC6	N8SL	H269
DEC8	N8SN	GLIM
DECA	N8SQ	C180
DECB	N8SR	P28R
DECC	N8SS	C340
DECD	N8ST	GA6C
DED0	N8SW	GLF5
DED3	N8SZ	PA46
DED5	N8TA	CL30
DED6	N8TB	LNC2
DED7	N8TC	C310
DED8	N8TD	PA34
DEDA	N8TF	BCAT
DEDB	N8TG	LJ31
DEDC	N8TH	HROC
DEDE	N8TK	EXEC
DEDF	N8TL	RV8
DEE0	N8TM	BE58
DEE4	N8TR	C172
DEE6	N8TT	T18
DEE9	N8TW	LNP4
DEEB	N8TY	RV8
DEEC	N8TZ	BE36
DEF3	N8UF	A109
DEF9	N8UM	P46T
DEFB	N8UP	RV8
DEFD	N8UR	BE58
DEFF	N8UT	B06
DF00	N8UU	SEAW
DF03	N8UX	HUSK
DF05	N8UZ	COL3
DF08	N8VB	GLEX
DF09	N8VC	GLF4
DF0A	N8VD	RV8
DF0F	N8VJ	C180
DF12	N8VM	RV8
DF13	N8VN	BOLT
DF15	N8VQ	VTUR
DF16	N8VR	RV6
DF18	N8VT	DA40
DF19	N8VU	B06
DF1B	N8VW	VP2
DF1E	N8VZ	RV8
DF20	N8WA	VEZE
DF21	N8WB	C421
DF22	N8WC	C25B
DF23	N8WD	C82S
DF26	N8WG	MUS2
DF27	N8WH	C82T
DF28	N8WJ	DC3
DF2A	N8WL	T206
DF2B	N8WM	BE36
DF2C	N8WN	ALIG
DF2D	N8WP	O1
DF2E	N8WQ	QIC2
DF30	N8WS	PTS2
DF31	N8WT	S22T
DF34	N8WW	B58T
DF35	N8WX	SNS7
DF36	N8WY	COL3
DF38	N8X	FA8X
DF39	N8XA	HUSK
DF3A	N8XB	GLST
DF3B	N8XC	HUSK
DF3D	N8XE	HUSK
DF3E	N8XF	RV8
DF3F	N8XG	RV10
DF40	N8XH	L39
DF41	N8XJ	HUSK
DF43	N8XL	RV8
DF45	N8XN	PTS1
DF47	N8XQ	RV8
DF4A	N8XT	E300
DF4B	N8XU	HUSK
DF4C	N8XV	RV6
DF4F	N8XY	RV8
DF50	N8XZ	RV8
DF52	N8YA	C82R
DF55	N8YD	CRER
DF56	N8YE	DHC2
DF59	N8YH	LNC2
DF5A	N8YJ	B06
DF5B	N8YK	CJ6
DF5C	N8YL	R44
DF5D	N8YM	BE40
DF5F	N8YP	M4
DF60	N8YQ	C177
DF62	N8YS	RV8
DF64	N8YU	PC12
DF65	N8YV	RV8
DF66	N8YW	TBM7
DF69	N8YZ	BE36
DF6A	N8Z	SX30
DF6B	N8ZA	Z42
DF6C	N8ZB	P32R
DF6E	N8ZD	RV4
DF6F	N8ZE	RV8
DF71	N8ZG	RV7
DF74	N8ZK	R22
DF75	N8ZL	RV8
DF77	N8ZN	RV8
DF78	N8ZP	SR22
DF79	N8ZQ	PTS2
DF7A	N8ZR	RV8
DF7C	N8ZT	PTS2
DF7D	N8ZU	TF21
DF7E	N8ZV	RV8
DF7F	N8ZW	P28A
DF80	N8ZX	CH7B
DF82	N8ZZ	C25B
DF83	N80	BE30
DF85	N80AA	C180
DF86	N80AB	C560
DF87	N80AC	BE58
DF88	N80AD	GLF5
DF89	N80AE	C56X
DF8C	N80AH	AVAM
DF8E	N80AK	GL5T
DF91	N80AN	PA18
DF94	N80AR	RV8
DF95	N80AS	PTS2
DF98	N80AV	S22T
DF99	N80AW	BE95
DF9D	N80B	PC12
DF9E	N80BA	GLST
DFA0	N80BC	FA50
DFA4	N80BG	BE58
DFA5	N80BH	H60
DFA6	N80BJ	PA18
DFA8	N80BL	F2TH
DFA9	N80BM	GLIM
DFAB	N80BP	BE24
DFAD	N80BR	PA32
DFAE	N80BS	C404
DFAF	N80BT	BE9L
DFB1	N80BV	BL17
DFB5	N80BZ	BE30
DFB6	N80C	C25A
DFB7	N80CA	C170
DFB9	N80CC	SEAW
DFBA	N80CD	SR22
DFBB	N80CE	EAGL
DFBC	N80CF	CB1
DFBE	N80CH	AA5
DFC0	N80CK	CL60
DFC1	N80CL	C172
DFC4	N80CP	BE20
DFC6	N80CR	T206
DFC7	N80CS	GLIM
DFC8	N80CT	C152
DFCB	N80CW	CP30
DFCE	N80CZ	COZY
DFD0	N80DA	FOX
DFD1	N80DB	PA11
DFD2	N80DC	BE36
DFD3	N80DD	HUSK
DFD4	N80DE	BL17
DFD5	N80DF	BE35
DFD7	N80DH	M200
DFD8	N80DJ	P32R
DFD9	N80DK	RV4
DFDA	N80DL	C152
DFE1	N80DT	C150
DFE4	N80DW	C310
DFE5	N80DX	CL60
DFE9	N80EA	C25B
DFEB	N80EC	RV4
DFEC	N80ED	PZ04
DFED	N80EE	EAGL
DFF1	N80EJ	E50P
DFF4	N80EM	C750
DFF6	N80EP	C25B
DFF8	N80ER	HROC
DFF9	N80ES	BOLT
DFFC	N80EV	B732
DFFD	N80EW	S76
DFFE	N80EX	S76
E000	N80EZ	LGEZ
E001	N80F	C25C
E002	N80FA	C310
E003	N80FB	SR22
E004	N80FC	PA34
E005	N80FD	C56X
E006	N80FE	E55P
E007	N80FF	PA23
E009	N80FH	H60
E00B	N80FK	C25B
E00D	N80FM	C650
E00F	N80FP	C172
E013	N80FT	P28A
E016	N80FW	C680
E01A	N80G	LNC2
E01B	N80GA	BE55
E01C	N80GB	GB1
E01E	N80GD	SR20
E01F	N80GE	C208
E021	N80GG	GLAS
E025	N80GL	MA5
E02A	N80GR	T34T
E02B	N80GS	GLST
E02C	N80GT	AEST
E02E	N80GV	PA31
E02F	N80GW	T210
E031	N80GY	M20P
E033	N80H	C140
E034	N80HA	C501
E035	N80HB	C25C
E038	N80HE	C25B
E03E	N80HL	BE35
E042	N80HQ	C510
E044	N80HS	PA31
E046	N80HU	HUSK
E047	N80HV	AS50
E048	N80HW	M20P
E04A	N80HY	HUSK
E04C	N80J	H25B
E04F	N80JC	BE55
E052	N80JF	C208
E053	N80JG	UH1
E054	N80JH	C560
E055	N80JJ	C414
E056	N80JK	VEZE
E057	N80JL	CRER
E058	N80JM	ESCP
E05D	N80JS	BE60
E060	N80JV	G2T1
E061	N80JW	C180
E065	N80K	C310
E066	N80KA	P28R
E067	N80KB	VEZE
E069	N80KD	RV6
E06E	N80KJ	CH75
E071	N80KM	BN2P
E073	N80KP	P28R
E076	N80KS	GLST
E07C	N80KY	BE95
E07F	N80LA	E300
E080	N80LB	QUIC
E082	N80LD	C68A
E084	N80LF	E300
E085	N80LG	C421
E086	N80LH	PC6T
E087	N80LJ	LJ60
E08A	N80LM	BE58
E090	N80LT	TB20
E094	N80LX	E300
E098	N80MA	PA31
E09B	N80MD	RV7
E09E	N80MG	GLID
E09F	N80MH	F2TH
E0A2	N80ML	P28R
E0A3	N80MM	SA30
E0A9	N80MT	T206
E0AB	N80MV	GL7T
E0AC	N80MW	C185
E0AD	N80MX	EVSS
E0B0	N80N	P337
E0B3	N80NC	DHC4
E0B4	N80ND	PA24
E0B8	N80NH	UH1
E0BA	N80NK	R66
E0C1	N80NS	SR22
E0C2	N80NT	AS50
E0C6	N80NX	CC19
E0C7	N80NY	A109
E0CA	N80PA	DA62
E0CB	N80PB	VEZE
E0CC	N80PC	MUS2
E0CE	N80PE	C82T
E0CF	N80PF	AT8T
E0D0	N80PG	LJ35
E0D1	N80PH	AC90
E0D3	N80PK	H25B
E0D5	N80PM	C425
E0D6	N80PN	GLF5
E0D7	N80PP	C150
E0DA	N80PS	PTS2
E0DB	N80PT	C550
E0DD	N80PV	C414
E0DF	N80PX	GLIM
E0E1	N80PZ	PZ04
E0E2	N80Q	F900
E0EB	N80QJ	GLF4
E0EC	N80QK	QUIC
E0FB	N80R	U21
E0FE	N80RC	BE36
E0FF	N80RD	C208
E101	N80RF	BE60
E106	N80RL	PA46
E107	N80RM	C150
E109	N80RP	F2TH
E10B	N80RR	BE65
E10C	N80RS	C421
E10F	N80RV	RV3
E110	N80RW	BE36
E111	N80RX	C172
E116	N80SB	MA5
E117	N80SC	GLAS
E118	N80SD	CH7A
E119	N80SE	FOX
E11A	N80SF	GLID
E11B	N80SG	T210
E11C	N80SH	VEZE
E11E	N80SK	GLID
E11F	N80SL	C501
E120	N80SM	C172
E122	N80SP	ASTR
E123	N80SQ	B47G
E127	N80SU	P28R
E129	N80SW	PIVI
E12F	N80TB	BE50
E132	N80TE	GLEX
E133	N80TF	C25C
E135	N80TH	COUR
E137	N80TK	T206
E138	N80TL	SF50
E13B	N80TP	GA8
E13D	N80TR	PA18
E145	N80TZ	BE58
E152	N80UM	P28R
E15F	N80V	NAVI
E160	N80VA	VELO
E161	N80VB	EAGL
E162	N80VC	H60
E164	N80VE	VEZE
E168	N80VJ	SR20
E16B	N80VM	C25B
E16D	N80VP	LNCE
E16F	N80VR	PRM1
E171	N80VT	SR22
E173	N80VV	RV12
E17B	N80WC	C82R
E17C	N80WD	RV8
E17D	N80WE	BE60
E17F	N80WG	BE36
E181	N80WJ	RV7
E184	N80WM	BE20
E185	N80WN	RV7
E186	N80WP	EA50
E188	N80WR	CJ6
E189	N80WS	PTS2
E18A	N80WT	C180
E18D	N80WW	AS50
E18F	N80WY	BOLT
E191	N80X	C56X
E19C	N80XL	RV8
E1A7	N80XX	BE58
E1AA	N80Y	U21
E1AC	N80YB	C25M
E1AE	N80YD	BE35
E1BA	N80YR	RV6
E1C0	N80YX	WAIX
E1C1	N80YY	PTS1
E1C2	N80YZ	BE36
E1DB	N80ZZ	PA46
E1DC	N800	MIMU
E1DE	N800AA	AEST
E1DF	N800AB	LJ45
E1E0	N800AC	AC50
E1E1	N800AD	BE76
E1E2	N800AE	E135
E1E3	N800AF	H25B
E1E4	N800AG	M20P
E1E6	N800AJ	CL60
E1E9	N800AM	C56X
E1EA	N800AN	B788
E1EB	N800AP	GLIM
E1ED	N800AR	GLF4
E1F2	N800AW	DH8C
E1F3	N800AX	S22T
E1F4	N800AY	CRJ2
E1F5	N800AZ	EA50
E1F6	N800B	L8
E1F7	N800BA	C414
E1F8	N800BB	SF50
E1F9	N800BC	C340
E1FA	N800BD	CL30
E1FB	N800BE	SNS7
E1FD	N800BG	C340
E1FF	N800BJ	PC12
E202	N800BM	RV9
E204	N800BP	R22
E207	N800BS	BE20
E208	N800BT	CL60
E20B	N800BW	CL35
E20E	N800BZ	GLIM
E210	N800CA	H25B
E211	N800CB	VELO
E212	N800CC	CL35
E214	N800CE	C172
E215	N800CF	BE58
E216	N800CG	C750
E218	N800CJ	H25B
E219	N800CK	LJ31
E21A	N800CL	H25B
E21B	N800CM	KR2
E21D	N800CP	M7
E21F	N800CR	GLF4
E220	N800CS	E55P
E221	N800CT	P28A
E222	N800CU	C25B
E224	N800CW	BE95
E225	N800CX	BE36
E228	N800D	BE35
E22A	N800DB	LNP4
E22B	N800DC	BE50
E22C	N800DD	M20P
E22D	N800DE	GLIM
E22E	N800DF	C207
E231	N800DJ	EAGL
E232	N800DK	PA31
E233	N800DL	GA7C
E236	N800DP	M20P
E238	N800DR	UH1
E239	N800DS	PTS2
E23A	N800DT	C25A
E23D	N800DW	F900
E242	N800EA	H25B
E245	N800ED	MU2
E248	N800EG	H25B
E24A	N800EJ	EA50
E24D	N800EM	H25B
E24F	N800EP	H25B
E250	N800EQ	BE65
E253	N800ET	E55P
E25A	N800F	C210
E25B	N800FA	AT8T
E25C	N800FB	P28A
E25D	N800FC	C172
E260	N800FF	FA20
E263	N800FJ	H25B
E265	N800FL	H25B
E26B	N800FS	C402
E26C	N800FT	LGEZ
E26D	N800FU	T210
E26F	N800FW	P28A
E270	N800FX	AT73
E273	N800G	GA8C
E274	N800GA	LJ28
E277	N800GD	L29B
E279	N800GF	C25A
E27B	N800GH	F2TH
E27F	N800GM	C650
E280	N800GN	H25B
E283	N800GR	P46T
E285	N800GT	AA5
E289	N800GX	C210
E28A	N800GY	GLST
E28C	N800H	BCAT
E28D	N800HA	BE20
E28F	N800HC	GLEX
E291	N800HE	C150
E293	N800HG	DFLY
E297	N800HL	B222
E298	N800HM	PA22
E29A	N800HP	C182
E29D	N800HS	P32R
E29F	N800HU	CL35
E2A3	N800HY	HUSK
E2A5	N800J	GLF6
E2A6	N800JA	P28R
E2A7	N800JB	B06
E2A8	N800JC	B58T
E2A9	N800JD	RV8
E2AA	N800JE	RV7
E2AD	N800JH	GLF5
E2AF	N800JK	C182
E2B1	N800JM	H25B
E2B3	N800JP	RV8
E2B5	N800JR	EA50
E2B6	N800JS	PA46
E2BA	N800JW	C182
E2BE	N800K	PA30
E2C1	N800KC	AS50
E2C3	N800KE	RV8
E2C7	N800KJ	GLIM
E2CA	N800KM	F900
E2CC	N800KP	SR20
E2CF	N800KS	B737
E2D2	N800KV	C56X
E2D3	N800KW	C402
E2D8	N800LA	AT8T
E2D9	N800LB	CL60
E2DA	N800LC	C182
E2DB	N800LD	SW3
E2DE	N800LG	P210
E2DF	N800LH	RV12
E2E5	N800LP	PA31
E2E6	N800LQ	H25B
E2E9	N800LT	JPRO
E2F1	N800MA	H25B
E2F2	N800MB	BE77
E2F3	N800MC	B06
E2F4	N800MD	C172
E2F5	N800ME	RV8
E2F6	N800MF	RV8
E2F7	N800MG	C310
E2F8	N800MH	HUSK
E2FA	N800MK	GLF6
E2FB	N800ML	C182
E2FC	N800MM	SW3
E2FE	N800MP	S22T
E300	N800MR	BE35
E301	N800MS	M20P
E302	N800MT	C550
E305	N800MW	PA31
E30B	N800NB	C25A
E30C	N800NC	AT8T
E310	N800NG	H25B
E312	N800NJ	H25B
E314	N800NL	T206
E316	N800NN	B738
E322	N800P	C82R
E323	N800PA	H25B
E324	N800PB	RV8
E326	N800PD	BE36
E327	N800PE	H25B
E328	N800PF	C25A
E329	N800PG	BE9L
E32A	N800PH	B105
E32B	N800PJ	GALX
E32C	N800PK	BE20
E32D	N800PL	H25B
E332	N800PR	R44
E333	N800PS	NAVI
E334	N800PT	CH7A
E336	N800PV	T206
E33A	N800PZ	H25B
E33C	N800QA	BE65
E340	N800QE	GLID
E34C	N800QS	C700
E355	N800RA	HUSK
E358	N800RD	HDJT
E35A	N800RF	LJ25
E35B	N800RG	H25B
E35F	N800RL	C25C
E365	N800RS	C56X
E366	N800RT	S52
E368	N800RV	RV8
E36F	N800SB	CL35
E370	N800SC	EN28
E371	N800SD	BE40
E372	N800SE	H25B
E374	N800SG	S76
E375	N800SH	T6
E377	N800SK	CRJ9
E379	N800SM	C421
E380	N800SU	PA44
E381	N800SV	H25B
E383	N800SX	GLIM
E386	N800T	AC80
E388	N800TB	M20P
E389	N800TC	PA32
E38B	N800TE	EA50
E38D	N800TG	C82R
E38E	N800TH	H25B
E391	N800TL	H25B
E392	N800TM	P32R
E396	N800TR	LNCE
E397	N800TS	BE20
E39C	N800TX	C82S
E39D	N800TY	C152
E39F	N800U	BE95
E3A3	N800UD	PZ02
E3A7	N800UH	R44
E3A9	N800UK	H25B
E3AB	N800UM	GLIM
E3AD	N800UP	B350
E3B4	N800UW	H25B
E3B9	N800VA	C550
E3BA	N800VB	AC90
E3C1	N800VJ	SR22
E3C2	N800VK	R66
E3C4	N800VM	BE76
E3C8	N800VR	H25B
E3C9	N800VS	GLIM
E3D1	N800W	S22T
E3D2	N800WA	H25B
E3D3	N800WB	C185
E3D4	N800WC	CL60
E3D5	N800WD	H25C
E3D6	N800WE	C182
E3D7	N800WF	H25B
E3D9	N800WH	H25B
E3DA	N800WJ	H25B
E3DB	N800WK	A109
E3E3	N800WT	C550
E3E6	N800WW	H25B
E3E8	N800WY	PC12
E3EA	N800X	BE36
E3EB	N800XA	PA31
E3ED	N800XC	CC19
E3F6	N800XM	H25B
E3FA	N800XR	H25B
E3FB	N800XS	GLIM
E3FC	N800XT	MX2
E400	N800XX	GLIM
E41C	N800Z	BE18
E424	N800ZH	P46T
E435	N8000	PA30
E436	N8000A	C170
E437	N8000B	C172
E439	N8000D	PA22
E43A	N8000E	FA7X
E43F	N8000K	S108
E440	N8000L	BE35
E441	N8000M	PA22
E449	N8000V	C188
E44A	N8000W	LA4
E44B	N8000X	C172
E44C	N8000Y	C180
E44E	N80000	BE36
E450	N80002	PTS2
E451	N80003	PTS2
E452	N80004	GLAS
E459	N8001A	LA4
E45A	N8001B	C172
E45B	N8001C	PA22
E45C	N8001D	PA22
E45E	N8001F	C150
E462	N8001K	S108
E463	N8001L	C172
E465	N8001N	A319
E466	N8001P	PA24
E46C	N8001V	BE9L
E46D	N8001W	P28A
E46F	N8001Y	PA30
E470	N8001Z	T206
E475	N80014	PTS2
E479	N80018	P28R
E480	N8002E	AT5T
E481	N8002F	SR20
E485	N8002K	C182
E487	N8002M	LA4
E489	N8002P	PA24
E48C	N8002S	RS12
E48D	N8002T	C175
E492	N8002Y	BE58
E493	N8002Z	T206
E494	N80020	LA4
E499	N80025	R22
E49A	N80026	LA4
E4A0	N8003B	C172
E4A1	N8003C	PA22
E4A4	N8003F	C150
E4A6	N8003H	LA4
E4A9	N8003L	C172
E4AB	N8003N	P28A
E4AD	N8003Q	LA4
E4AE	N8003R	BE36
E4B0	N8003T	C175
E4B3	N8003W	P28A
E4B4	N8003X	C172
E4B8	N80031	PTS2
E4B9	N80032	PTS2
E4BC	N80035	PTS2
E4BD	N80036	BE18
E4C1	N8004	COUR
E4C2	N8004A	C170
E4C3	N8004B	LA4
E4C4	N8004C	LA4
E4C8	N8004G	LA4
E4C9	N8004H	HCAT
E4CD	N8004M	P28R
E4CE	N8004N	PA32
E4CF	N8004P	PA24
E4D1	N8004R	LA4
E4D2	N8004S	C150
E4D6	N8004W	P28A
E4DC	N80042	LA4
E4DE	N80044	AT5T
E4E0	N80046	PTS2
E4E3	N80049	PTS2
E4E5	N8005A	C170
E4E6	N8005B	LA4
E4E7	N8005C	G164
E4E8	N8005D	PA22
E4EB	N8005G	C77R
E4ED	N8005J	C180
E4EE	N8005K	PA32
E4F0	N8005M	C310
E4F2	N8005P	PA24
E4F5	N8005S	C150
E4F8	N8005V	T6
E4FA	N8005X	PTS2
E4FB	N8005Y	AT5T
E4FD	N80050	PTS2
E500	N80053	PTS2
E502	N80055	PTS2
E508	N8006A	EXEC
E50C	N8006E	LA4
E50E	N8006G	C77R
E510	N8006J	PA23
E512	N8006L	C172
E513	N8006M	C310
E514	N8006N	P28A
E516	N8006Q	P32R
E518	N8006S	C150
E51C	N8006W	P28A
E51E	N8006Y	PA30
E51F	N8006Z	T206
E520	N80060	AT3T
E524	N80064	C172
E526	N80066	C185
E52C	N8007B	P32R
E52D	N8007C	PA22
E530	N8007F	C150
E531	N8007G	C77R
E538	N8007P	PA24
E53A	N8007R	BE95
E53B	N8007S	C150
E53E	N8007V	C188
E53F	N8007W	P28A
E540	N8007X	AT8T
E543	N80070	C185
E54A	N80077	RS12
E54C	N80079	C172
E54F	N8008B	C172
E552	N8008E	BE58
E554	N8008G	C77R
E557	N8008K	BE36
E55A	N8008N	P28A
E55D	N8008R	BE95
E560	N8008U	NPOR
E562	N8008W	P28A
E564	N8008Y	PA30
E568	N80082	CULV
E569	N80083	G164
E56B	N80085	CULV
E56D	N80087	C172
E56F	N80089	C172
E571	N8009A	C170
E572	N8009B	C172
E576	N8009F	C150
E577	N8009G	T28
E57A	N8009K	LGEZ
E57D	N8009N	P28A
E57E	N8009P	PA24
E580	N8009R	BE35
E582	N8009T	A319
E585	N8009W	P28A
E586	N8009X	LA4
E589	N80090	C172
E58B	N80092	C172
E58C	N80093	C185
E58D	N80094	C172
E58E	N80095	C172
E590	N80097	C172
E594	N801A	PA22
E596	N801AB	CH80
E597	N801AC	B788
E599	N801AE	E135
E59A	N801AF	SW4
E59E	N801AK	B38M
E59F	N801AL	C82S
E5A1	N801AN	C207
E5A2	N801AP	P28A
E5A5	N801AS	GLF5
E5A6	N801AT	S1
E5A9	N801AW	A319
E5AB	N801AY	CRJ2
E5AD	N801B	L8
E5AE	N801BA	CL30
E5B0	N801BC	RV8
E5B5	N801BH	CH80
E5B6	N801BJ	CH80
E5B7	N801BK	CH80
E5BA	N801BN	RV8
E5C2	N801BW	CH80
E5C9	N801CC	PA11
E5CE	N801CH	PA31
E5D1	N801CL	B06
E5D3	N801CN	S92
E5D4	N801CP	H269
E5D7	N801CS	CH80
E5DB	N801CW	CH80
E5DF	N801D	BE35
E5E1	N801DB	SONX
E5E2	N801DC	PA46
E5E3	N801DD	PELI
E5E5	N801DF	SREY
E5E6	N801DG	GLIM
E5EB	N801DM	B752
E5EC	N801DN	CH80
E5ED	N801DP	AC50
E5EF	N801DR	L8
E5F0	N801DS	B407
E5F1	N801DT	CA4
E5F4	N801DW	M20P
E5F7	N801DZ	B739
E5F8	N801E	CH80
E5FB	N801EC	C340
E611	N801F	O1
E614	N801FC	P28A
E615	N801FD	A310
E617	N801FF	AT8T
E61C	N801FL	C208
E61D	N801FM	RV8
E622	N801FS	P28A
E627	N801FX	AT73
E62B	N801GA	P32R
E62E	N801GD	CH80
E631	N801GG	B350
E633	N801GJ	LJ55
E63C	N801GT	R66
E63F	N801GW	S22T
E643	N801H	AS50
E645	N801HB	AT8T
E646	N801HC	AT45
E649	N801HF	AT8T
E64B	N801HH	GLF5
E65C	N801J	PC12
E65D	N801JA	C208
E65E	N801JB	B06
E65F	N801JC	S22T
E662	N801JF	GC1
E664	N801JH	HUSK
E667	N801JL	RV8
E66D	N801JS	C56X
E671	N801JW	PAY3
E675	N801K	AC50
E677	N801KB	CL35
E678	N801KC	DA42
E67B	N801KF	GLF6
E68F	N801LA	AT8T
E699	N801LL	CH80
E69A	N801LM	H25B
E6A7	N801M	E55P
E6A9	N801MB	CH80
E6AA	N801MC	RV8
E6AF	N801MH	EC30
E6B3	N801MM	LJ45
E6B7	N801MR	DH8B
E6B8	N801MS	PTS1
E6B9	N801MT	PA32
E6BF	N801MZ	RV4
E6C1	N801NA	BE20
E6C3	N801NC	AT8T
E6CD	N801NN	B738
E6D5	N801NW	A333
E6D8	N801NZ	AT8T
E6DA	N801PA	C72R
E6DB	N801PB	PC12
E6DC	N801PC	PA24
E6E1	N801PH	CL30
E6E2	N801PJ	H25B
E6E6	N801PN	GLEX
E6EA	N801PS	CRUZ
E6EB	N801PT	RV8
E6ED	N801PV	CH80
E6F1	N801PZ	CH80
E6F2	N801Q	BE95
E703	N801QS	C700
E70C	N801RA	HUSK
E70D	N801RB	ST75
E712	N801RG	RV8
E713	N801RH	RV7
E717	N801RM	H25B
E71D	N801RT	S52
E71F	N801RV	RV8
E720	N801RW	AT8T
E724	N801S	CH80
E726	N801SB	H500
E727	N801SC	RV12
E729	N801SE	CH80
E72A	N801SF	LJ60
E72C	N801SH	E55P
E72E	N801SK	KIS4
E72F	N801SL	H269
E730	N801SM	RV8
E734	N801SR	SREY
E739	N801SW	PA44
E73B	N801SY	B738
E73C	N801SZ	R44
E73D	N801T	BE58
E740	N801TC	C206
E742	N801TE	S22T
E744	N801TG	A600
E745	N801TH	C172
E746	N801TJ	B734
E747	N801TK	PC12
E748	N801TL	CH80
E74B	N801TP	CH80
E74D	N801TR	SMAX
E74E	N801TS	WACF
E751	N801TV	R44
E752	N801TW	C208
E753	N801TX	CH80
E756	N801U	BE95
E757	N801UA	A319
E764	N801UP	B350
E768	N801UT	EXEJ
E76F	N801V	RV4
E770	N801VA	DA62
E77F	N801VR	RV10
E784	N801VW	C208
E785	N801VX	CJ6
E788	N801W	SF50
E789	N801WA	MD83
E78B	N801WC	F2TH
E796	N801WP	DHC1
E79A	N801WT	H60
E79D	N801WW	F2TH
E7A0	N801WZ	E55P
E7A1	N801X	AA5
E7A2	N801XA	B738
E7AD	N801XM	RV6
E7AF	N801XP	C172
E7B3	N801XT	B738
E7BA	N801Y	BE77
E7D3	N801Z	CH80
E7D8	N801ZE	CH80
E7ED	N8010A	C170
E7F2	N8010F	C150
E7F3	N8010G	AT6T
E7F5	N8010J	AT6T
E7F6	N8010K	S108
E7F7	N8010L	C172
E7F9	N8010N	AT6T
E7FC	N8010R	AT8T
E801	N8010W	P28A
E804	N8010Z	T206
E807	N80102	C172
E80A	N80105	C172
E80B	N80106	C172
E810	N8011A	B738
E812	N8011C	PA22
E813	N8011D	PA22
E815	N8011F	PA34
E816	N8011G	C77R
E81A	N8011L	C172
E81C	N8011N	AT8T
E81D	N8011P	PA24
E81F	N8011R	BE35
E821	N8011T	C175
E824	N8011W	P28A
E825	N8011X	LA4
E827	N8011Z	T206
E82A	N80112	C172
E82E	N80116	C172
E82F	N80117	C172
E830	N80118	C172
E831	N80119	C172
E833	N8012A	LA4
E837	N8012E	ST75
E838	N8012F	C150
E83B	N8012J	AEST
E83C	N8012K	S108
E83F	N8012N	P28A
E840	N8012P	PA24
E843	N8012S	C150
E847	N8012W	P28A
E848	N8012X	C172
E849	N8012Y	PA30
E84A	N8012Z	LA4
E84C	N80121	C172
E84D	N80122	LA4
E84E	N80123	C172
E84F	N80124	C185
E850	N80125	LA4
E851	N80126	LA4
E852	N80127	C172
E853	N80128	C172
E854	N80129	C172
E855	N8013	GLID
E856	N8013A	C170
E857	N8013B	LA4
E859	N8013D	PA22
E85B	N8013F	P28A
E85F	N8013K	GLIM
E860	N8013L	C172
E861	N8013M	C310
E862	N8013N	P28A
E863	N8013P	PA24
E866	N8013S	C150
E86A	N8013W	P28A
E86B	N8013X	EXEC
E86C	N8013Y	BE76
E86E	N80130	C172
E86F	N80131	C172
E873	N80135	C172
E875	N80137	C172
E879	N8014A	C170
E87A	N8014B	C172
E87B	N8014C	LA4
E87C	N8014D	LA4
E87D	N8014E	C172
E87E	N8014F	LA4
E87F	N8014G	C77R
E884	N8014M	C310
E885	N8014N	P28A
E889	N8014S	C150
E88E	N8014X	C172
E890	N8014Z	G164
E891	N80140	R22
E893	N80142	R22
E896	N80145	LA4
E897	N80146	C152
E89A	N80149	C172
E8A1	N8015F	C150
E8A2	N8015G	AT5T
E8A3	N8015H	BE33
E8A7	N8015M	C310
E8A8	N8015N	P28A
E8A9	N8015P	PA24
E8AB	N8015R	BE24
E8AE	N8015U	AT8T
E8B0	N8015W	P28A
E8B3	N8015Z	T206
E8B8	N80154	C172
E8BA	N80156	R22
E8BC	N80158	C172
E8BD	N80159	C172
E8BF	N8016A	C170
E8C0	N8016B	AT8T
E8C2	N8016D	PA22
E8C5	N8016G	C77R
E8CC	N8016P	PA24
E8CD	N8016Q	CJ6
E8D2	N8016V	P28A
E8D7	N80160	C172
E8D8	N80161	P28A
E8DB	N80164	C172
E8DC	N80165	C172
E8DD	N80166	AT8T
E8DF	N80168	C172
E8E2	N8017A	C170
E8E4	N8017C	PA34
E8E5	N8017D	SR20
E8E8	N8017G	UH1
E8EC	N8017L	C172
E8EF	N8017P	PA24
E8F0	N8017Q	C421
E8F1	N8017R	BE24
E8F2	N8017S	C150
E8F5	N8017V	C188
E8F7	N8017X	C172
E8F8	N8017Y	PA30
E8FD	N80173	C172
E900	N80176	AT6T
E904	N8018	GLID
E905	N8018A	C170
E907	N8018C	PA32
E911	N8018N	P28A
E914	N8018R	S108
E918	N8018V	C188
E91E	N80181	C172
E91F	N80182	C172
E920	N80183	C172
E921	N80184	C172
E923	N80186	C172
E924	N80187	C172
E926	N80189	C172
E928	N8019A	C170
E929	N8019B	C172
E92D	N8019F	C150
E930	N8019J	AEST
E931	N8019K	S108
E932	N8019L	C172
E93B	N8019V	P28A
E93C	N8019W	P28A
E93D	N8019X	C172
E93E	N8019Y	PA30
E93F	N8019Z	T206
E940	N80190	SPHA
E943	N80193	EN28
E947	N80197	BE18
E94B	N802A	C337
E94C	N802AA	C208
E94D	N802AB	C560
E94E	N802AC	AT8T
E955	N802AK	LJ45
E957	N802AM	AT8T
E958	N802AN	B788
E959	N802AP	AT8T
E95D	N802AT	PA44
E960	N802AW	A319
E963	N802AZ	AT8T
E964	N802B	RV8
E965	N802BA	BE99
E967	N802BC	GL5T
E96A	N802BF	AT8T
E96C	N802BH	AT8T
E96E	N802BK	AT8T
E96F	N802BL	AT8T
E970	N802BM	AT8T
E971	N802BN	T206
E974	N802BR	AT8T
E976	N802BT	LNP4
E979	N802BW	AT8T
E97C	N802BZ	C82S
E97D	N802C	S108
E97E	N802CA	C550
E980	N802CC	F2TH
E981	N802CD	SR22
E982	N802CE	AT8T
E983	N802CF	H25B
E984	N802CG	AT8T
E988	N802CL	AT8T
E989	N802CM	P28A
E98A	N802CN	S92
E98B	N802CP	C82T
E98D	N802CR	AT8T
E98E	N802CS	SR22
E98F	N802CT	DV20
E992	N802CW	AT8T
E996	N802D	PA30
E997	N802DA	AT8T
E99A	N802DD	C172
E99C	N802DF	AT8T
E99D	N802DG	GLID
E99E	N802DH	DC87
E99F	N802DJ	AT8T
E9A2	N802DM	AT8T
E9A3	N802DN	B739
E9A4	N802DP	AC11
E9A6	N802DR	AT8T
E9A7	N802DS	B407
E9AA	N802DV	AT8T
E9AF	N802E	AT8T
E9B1	N802EB	AT8T
E9B3	N802ED	RV3
E9B5	N802EF	AT8T
E9B6	N802EG	AT8T
E9B7	N802EH	B06
E9BA	N802EL	BE36
E9BB	N802EM	AT8T
E9BF	N802ER	DA40
E9C0	N802ES	S22T
E9C1	N802ET	AT8T
E9C8	N802F	AT8T
E9C9	N802FA	AT8T
E9CC	N802FD	A310
E9CF	N802FG	C172
E9D0	N802FH	C208
E9D6	N802FP	SR22
E9DB	N802FU	AT8T
E9DE	N802FX	AT73
E9DF	N802FY	AT8T
E9E0	N802FZ	AT8T
E9E1	N802G	AT8T
E9E2	N802GA	PA31
E9E3	N802GB	AT8T
E9E5	N802GD	GA8C
E9E6	N802GE	AT8T
E9EC	N802GL	G2T1
E9F3	N802GT	R66
E9FB	N802HA	AT8T
E9FC	N802HB	AT8T
E9FD	N802HC	AT8T
EA00	N802HF	AT8T
EA04	N802HK	E145
EA05	N802HL	C414
EA06	N802HM	AT8T
EA08	N802HP	AT8T
EA0B	N802HS	PC12
EA0E	N802HV	T34P
EA13	N802J	AT8T
EA15	N802JB	B06
EA16	N802JC	AT8T
EA19	N802JF	AT8T
EA1B	N802JH	AT8T
EA1C	N802JJ	AT8T
EA1E	N802JL	AT8T
EA1F	N802JM	C172
EA21	N802JP	AT8T
EA23	N802JR	B407
EA24	N802JS	GLIM
EA25	N802JT	AT8T
EA28	N802JW	AT8T
EA2D	N802KA	AT8T
EA2F	N802KC	AT8T
EA30	N802KD	AT8T
EA32	N802KF	AT8T
EA36	N802KK	AT8T
EA3A	N802KP	AT8T
EA3C	N802KR	AT8T
EA3E	N802KT	AT8T
EA46	N802LA	AT8T
EA47	N802LB	AT8T
EA49	N802LD	AT8T
EA4A	N802LE	C25B
EA51	N802LM	AT8T
EA56	N802LS	AT8T
EA57	N802LT	AT8T
EA5F	N802MA	AT8T
EA60	N802MB	AT8T
EA61	N802MC	C335
EA66	N802MH	EC30
EA6A	N802MM	P46T
EA6C	N802MP	AT8T
EA6E	N802MR	DH8B
EA6F	N802MS	T210
EA70	N802MT	AT8T
EA77	N802N	AT8T
EA78	N802NA	GLF3
EA79	N802NB	AT8T
EA7B	N802ND	AT8T
EA7F	N802NH	BE36
EA83	N802NM	C172
EA84	N802NN	B738
EA88	N802NS	AT8T
EA89	N802NT	AT8T
EA8C	N802NW	A333
EA8D	N802NX	SR22
EA8F	N802NZ	AT8T
EA90	N802P	AT8T
EA91	N802PA	AT8T
EA96	N802PF	AT8T
EA99	N802PJ	H60
EA9D	N802PN	BE36
EAA0	N802PR	AT8T
EAA9	N802Q	C550
EAAA	N802QA	AT8T
EAB1	N802QH	AT8T
EABA	N802QS	C700
EAC2	N802R	BE35
EAC4	N802RB	ST75
EAC5	N802RC	P28R
EAC7	N802RE	EDGE
EAC8	N802RF	AT8T
EAC9	N802RG	RV7
EACA	N802RH	RV7
EACB	N802RJ	RV8
EAD2	N802RR	G150
EAD3	N802RS	AT8T
EAD4	N802RT	AT8T
EAD6	N802RV	RV8
EADB	N802S	GLID
EADD	N802SB	H60
EADE	N802SC	SLG4
EADF	N802SD	C82S
EAE2	N802SG	AT8T
EAE3	N802SH	AT8T
EAE5	N802SK	CRJ9
EAE7	N802SM	A119
EAE9	N802SP	C172
EAEB	N802SR	SR22
EAEC	N802SS	COL4
EAED	N802ST	RV7
EAF0	N802SW	AT8T
EAF5	N802TA	AT8T
EAF6	N802TB	H60
EAF7	N802TC	HIGH
EAF8	N802TD	C56X
EAFC	N802TH	AS50
EAFD	N802TJ	B734
EAFF	N802TL	AT8T
EB00	N802TM	RV8
EB02	N802TP	AT8T
EB04	N802TR	AT8T
EB05	N802TS	AT8T
EB0B	N802TY	AT8T
EB0D	N802U	C207
EB0E	N802UA	A319
EB19	N802UM	P28A
EB1B	N802UP	B350
EB32	N802VM	AT8T
EB38	N802VT	BE20
EB3F	N802W	AT8T
EB40	N802WA	MD83
EB42	N802WC	RV8
EB44	N802WE	AT8T
EB45	N802WF	AT8T
EB47	N802WH	R22
EB48	N802WJ	H25B
EB4A	N802WL	AT8T
EB4B	N802WM	AT8T
EB4D	N802WP	AT8T
EB54	N802WW	AT8T
EB59	N802XA	B738
EB5C	N802XD	RV8
EB6A	N802XT	B738
EB73	N802YB	AT8T
EB9F	N802ZW	AT8T
EBA4	N8020A	C170
EBA6	N8020C	PA22
EBA7	N8020D	PA22
EBA9	N8020F	P28A
EBAE	N8020L	C172
EBB1	N8020P	PA24
EBB3	N8020R	BE24
EBB5	N8020T	C175
EBB6	N8020U	RS12
EBB7	N8020V	P28A
EBBB	N8020Z	PL4
EBBE	N80202	C172
EBC4	N80208	C172
EBC7	N8021A	BE33
EBC8	N8021B	VEZE
EBC9	N8021C	PA22
EBCA	N8021D	PA22
EBD3	N8021N	P28A
EBD4	N8021P	BE9L
EBD7	N8021S	C150
EBD8	N8021T	C175
EBD9	N8021U	P28B
EBDB	N8021W	BE36
EBDC	N8021X	C172
EBDD	N8021Y	PA30
EBDF	N80210	C172
EBE2	N80213	C172
EBE3	N80214	C172
EBE5	N80216	DHC1
EBE6	N80217	G109
EBE7	N80218	C172
EBEA	N8022A	C170
EBEC	N8022C	PA22
EBED	N8022D	PA22
EBF0	N8022G	C77R
EBF3	N8022K	S108
EBF6	N8022N	P28A
EBFE	N8022W	P28A
EBFF	N8022X	C180
EC00	N8022Y	PA30
EC0B	N80229	C185
EC0C	N8023	GLID
EC12	N8023F	R22
EC17	N8023L	PA32
EC18	N8023M	AR11
EC19	N8023N	P28A
EC1A	N8023P	PA24
EC1B	N8023Q	TAYB
EC1D	N8023S	C150
EC1E	N8023T	C175
EC1F	N8023U	SPHA
EC21	N8023W	P28A
EC23	N8023Y	SPHA
EC25	N80230	C172
EC2D	N80238	C172
EC2E	N80239	C172
EC30	N8024A	P32R
EC31	N8024B	C172
EC33	N8024D	P32R
EC36	N8024G	C77R
EC39	N8024K	S108
EC3C	N8024N	P28A
EC3D	N8024P	PA24
EC3E	N8024Q	PA44
EC40	N8024S	C150
EC45	N8024X	C172
EC46	N8024Y	P32R
EC48	N80240	BE18
EC4A	N80242	FNKB
EC4B	N80243	AT5T
EC4E	N80246	C172
EC50	N80248	C172
EC52	N8025	PTS1
EC55	N8025C	PA22
EC57	N8025E	C172
EC58	N8025F	C150
EC59	N8025G	C77R
EC5B	N8025J	AEST
EC5F	N8025N	P28A
EC62	N8025R	BE24
EC63	N8025S	C150
EC64	N8025T	C175
EC67	N8025W	P28A
EC68	N8025X	R22
EC6B	N80250	AT8T
EC6C	N80251	C172
EC6E	N80253	AT8T
EC6F	N80254	C172
EC71	N80256	C185
EC78	N8026C	PA22
EC7A	N8026E	B26
EC7B	N8026F	C150
EC7F	N8026K	S108
EC80	N8026L	C172
EC82	N8026N	P28A
EC83	N8026P	PA24
EC84	N8026Q	RV6
EC87	N8026T	BE36
EC8C	N8026Y	PA30
EC8E	N80260	P28A
EC91	N80263	C172
EC95	N80267	C172
EC97	N80269	T28
EC99	N8027A	C170
EC9B	N8027C	PA34
EC9C	N8027D	A319
EC9E	N8027F	P28A
EC9F	N8027G	C77R
ECA3	N8027L	C172
ECA9	N8027S	P28A
ECAC	N8027V	C188
ECAE	N8027X	C172
ECAF	N8027Y	PA30
ECB1	N80270	C172
ECB2	N80271	CULV
ECB4	N80273	CULV
ECB6	N80275	BE99
ECB7	N80276	CULV
ECB8	N80277	C172
ECB9	N80278	C172
ECBA	N80279	C172
ECBB	N8028	PTS2
ECBD	N8028B	C172
ECBE	N8028C	PA22
ECBF	N8028D	BE33
ECC0	N8028E	RS12
ECC2	N8028G	C77R
ECC4	N8028J	BE33
ECC9	N8028P	PA24
ECCB	N8028R	BE24
ECD0	N8028W	RS12
ECD3	N8028Z	P28A
ECD6	N80282	C172
ECD7	N80283	C172
ECDA	N80286	C172
ECDE	N8029	PTS2
ECE0	N8029B	P28A
ECE1	N8029C	PA22
ECE2	N8029D	PA22
ECE4	N8029F	RS12
ECE5	N8029G	C77R
ECE9	N8029L	C172
ECEA	N8029M	FOX
ECEB	N8029N	P28A
ECEF	N8029S	C150
ECF2	N8029V	P28A
ECF3	7T-WBH	BE9L
ECF8	N80291	C172
ECFA	N80293	AT8T
ECFC	N80295	C172
ECFD	N80296	C172
ECFF	N80298	C172
ED00	N80299	C172
ED03	N803AA	AT8T
ED05	N803AC	FA50
ED07	N803AE	E135
ED09	N803AG	GLF4
ED0D	N803AL	B788
ED10	N803AP	PA18
ED12	N803AR	AT8T
ED14	N803AT	PA44
ED17	N803AW	A319
ED1B	N803B	L8
ED1C	N803BA	B06
ED1E	N803BC	C25B
ED1F	N803BD	C25C
ED2D	N803BT	C172
ED34	N803C	S108
ED37	N803CC	RV8
ED3A	N803CF	A119
ED3C	N803CH	AT8T
ED41	N803CN	S92
ED42	N803CP	AS50
ED4F	N803DB	S22T
ED50	N803DC	RV8
ED55	N803DH	DC87
ED56	N803DJ	C150
ED58	N803DL	BE35
ED5A	N803DN	B739
ED5D	N803DR	RV8
ED5E	N803DS	B407
ED6E	N803EH	R22
ED76	N803ER	DA40
ED7F	N803F	C208
ED82	N803FC	BE76
ED83	N803FD	A310
ED8B	N803FM	M20P
ED95	N803FX	AT73
EDB3	N803HB	AT8T
EDB4	N803HC	BE9T
EDB9	N803HH	GLF5
EDBC	N803HL	C172
EDBD	N803HM	AT8T
EDBF	N803HP	C172
EDCB	N803JA	C208
EDCC	N803JB	B06
EDD4	N803JK	LNP4
EDDB	N803JS	C56X
EDE5	N803KB	AUS9
EDF1	N803KP	AT8T
EDF4	N803KS	GLIM
EDF5	N803KT	XNON
EDF8	N803KW	NPOR
EE08	N803LM	AT8T
EE16	N803MA	AT8T
EE17	N803MB	CAMP
EE1C	N803MG	PC12
EE25	N803MR	DH8B
EE27	N803MT	BE20
EE35	N803NG	C140
EE36	N803NH	BE36
EE3B	N803NN	B738
EE43	N803NW	A333
EE46	N803NZ	AT8T
EE47	N803P	SR20
EE4F	N803PH	F2TH
EE50	N803PJ	H60
EE51	N803PK	SR22
EE58	N803PS	FOX
EE59	N803PT	R44
EE71	N803QS	C700
EE7A	N803RA	KMAX
EE7B	N803RB	ST75
EE83	N803RK	H25B
EE84	N803RL	RV8
EE85	N803RM	M20P
EE8B	N803RT	RV8
EE8D	N803RV	RV8
EE92	N803S	S76
EE94	N803SB	GLSP
EE95	N803SC	C560
EE96	N803SD	C25B
EE9C	N803SK	CRJ9
EEA0	N803SP	C172
EEA2	N803SR	SR22
EEA4	N803ST	M600
EEB4	N803TJ	B734
EEB7	N803TM	GLF5
EEC0	N803TW	P28A
EEC5	N803UA	A319
EECC	N803UH	UH1
EEFC	N803WF	S22T
EF0B	N803WW	P28A
EF10	N803XA	B738
EF21	N803XT	B738
EF5E	N8030D	RV6
EF60	N8030F	A319
EF63	N8030J	AEST
EF64	N8030K	S108
EF65	N8030L	C172
EF66	N8030M	C310
EF6B	N8030S	C150
EF6C	N8030T	C175
EF6F	N8030W	P28A
EF70	N8030X	C172
EF71	N8030Y	PA30
EF76	N80303	CRER
EF77	N80304	C172
EF78	N80305	BE17
EF79	N80306	BE17
EF7A	N80307	C172
EF7B	N80308	BE17
EF7C	N80309	BE17
EF7D	N8031	CAMP
EF7E	N8031A	C170
EF7F	N8031B	GLID
EF84	N8031G	C77R
EF85	N8031H	FOX
EF86	N8031J	AEST
EF89	N8031M	A319
EF8B	N8031P	PA24
EF8C	N8031Q	C182
EF8D	N8031R	RV4
EF92	N8031W	P28A
EF93	N8031X	RV6
EF98	N80312	BE17
EF9B	N80315	BE17
EF9C	N80316	BE17
EFA0	N8032	PTS1
EFA1	N8032A	BE36
EFA3	N8032C	P28A
EFA8	N8032H	CH60
EFA9	N8032J	AEST
EFAB	N8032L	C172
EFAE	N8032P	PA24
EFB0	N8032R	BE24
EFB6	N8032X	BE33
EFB7	N8032Y	CB1
EFBA	N80321	BE17
EFBB	N80322	C172
EFBC	N80323	BE18
EFBF	N80326	C172
EFC0	N80327	C172
EFC1	N80328	C172
EFC3	N8033	PTS1
EFC4	N8033A	C170
EFC7	N8033D	PA22
EFCA	N8033G	C77R
EFCB	N8033H	SR22
EFCD	N8033K	S108
EFD0	N8033N	AT8T
EFD1	N8033P	SCOR
EFD8	N8033W	P28A
EFD9	N8033X	C172
EFDD	N80331	C172
EFDE	N80332	C172
EFDF	N80333	C172
EFE1	N80335	C172
EFE2	N80336	C172
EFE3	N80337	C185
EFE4	N80338	C172
EFE5	N80339	P28R
EFE6	N8034	PTS1
EFE8	N8034B	C172
EFEA	N8034D	PA22
EFEB	N8034E	AA5
EFEE	N8034H	CB1
EFF3	N8034N	P28A
EFFA	N8034V	SS2P
EFFB	N8034W	P28A
EFFD	N8034Y	PA30
EFFE	N8034Z	PA32
EFFF	N80340	C172
F001	N80342	C172
F002	N80343	E75L
F006	N80347	C172
F007	N80348	E75L
F008	N80349	P32R
F009	N8035	R44
F00D	N8035D	PA22
F013	N8035K	S108
F017	N8035P	PA24
F019	N8035R	BE24
F01A	N8035S	C150
F01B	N8035T	DR1
F01F	N8035X	C172
F020	N8035Y	PA30
F022	N80350	C172
F025	N80353	RBEL
F02A	N80358	C172
F02B	N80359	C185
F02D	N8036A	AT8T
F02E	N8036B	C172
F030	N8036D	P32R
F031	N8036E	B26
F033	N8036G	C77R
F035	N8036J	BE9L
F037	N8036L	BOLT
F038	N8036M	C310
F039	N8036N	C172
F03C	N8036R	BE24
F03D	N8036S	C150
F03E	N8036T	BT36
F03F	N8036U	C150
F040	N8036V	BE36
F041	N8036W	J3
F048	N80363	C172
F04B	N80366	C172
F04D	N80368	P28A
F04F	N8037	P28A
F050	N8037A	C170
F051	N8037B	C172
F052	N8037C	PA22
F056	N8037G	C77R
F064	N8037W	P28A
F065	N8037X	BE36
F066	N8037Y	PA30
F069	N80371	C172
F06A	N80372	C172
F06B	N80373	BE18
F06E	N80376	C172
F06F	N80377	C172
F071	N80379	C172
F072	N8038	DUCE
F073	N8038A	R22
F078	N8038F	C150
F079	N8038G	GSIS
F07B	N8038J	AEST
F080	N8038P	PA24
F083	N8038S	C150
F086	N8038V	AT8T
F087	N8038W	CH7A
F08A	N8038Z	BE36
F08B	N80380	C172
F08D	N80382	C172
F08E	N80383	P68
F093	N80388	BE18
F094	N80389	C172
F096	N8039A	C170
F098	N8039C	PA22
F099	N8039D	PA22
F09A	N8039E	SA30
F09C	N8039G	C77R
F09F	N8039K	S108
F0A5	N8039R	R22
F0A6	N8039S	T28
F0A7	N8039T	C175
F0A9	N8039V	SS2P
F0AF	N80391	C185
F0B0	N80392	P28B
F0B1	N80393	AT8T
F0B4	N80396	C172
F0B8	N804	BE20
F0BA	N804AA	AT8T
F0BC	N804AC	H25B
F0BE	N804AE	E135
F0BF	N804AF	PA46
F0C5	N804AM	B39M
F0C6	N804AN	B788
F0C9	N804AR	S61
F0CA	N804AS	AT8T
F0CB	N804AT	PA44
F0CE	N804AW	A319
F0D2	N804B	C172
F0D3	N804BA	S22T
F0D5	N804BC	C56X
F0D8	N804BF	AT8T
F0DA	N804BH	H25B
F0E2	N804BR	S22T
F0E4	N804BT	C172
F0EB	N804C	PA46
F0EE	N804CC	WW24
F0EF	N804CD	SR22
F0F0	N804CE	E135
F0F6	N804CL	SR22
F0F8	N804CN	S92
F0F9	N804CP	AS50
F0FD	N804CT	AT8T
F0FF	N804CV	C560
F100	N804CW	SONX
F106	N804DB	SR22
F107	N804DC	MIMU
F10B	N804DG	AT8T
F10D	N804DJ	BE95
F10E	N804DK	S22T
F10F	N804DL	S22T
F111	N804DN	B739
F12D	N804ER	DA40
F13A	N804FD	A310
F13B	N804FE	C208
F14C	N804FX	AT73
F150	N804GA	AA5
F16A	N804HB	AT8T
F16B	N804HC	AT45
F179	N804HS	S22T
F183	N804JB	A320
F187	N804JF	B47G
F189	N804JH	P46T
F18D	N804JM	H25B
F191	N804JR	COY2
F192	N804JS	CH7B
F1A5	N804KL	GLIM
F1A8	N804KP	AT8T
F1B4	N804LA	B06
F1BB	N804LH	COY2
F1BF	N804LM	COL4
F1C9	N804LX	SR22
F1CD	N804MA	AT8T
F1CF	N804MC	H25B
F1D0	N804MD	SF50
F1D8	N804MM	C185
F1DA	N804MP	AS50
F1DD	N804MS	B763
F1E6	N804NA	GLF2
F1E8	N804NC	T34T
F1E9	N804ND	P28R
F1EC	N804NG	PC12
F1F2	N804NN	B738
F1F9	N804NV	R44
F1FA	N804NW	A333
F1FD	N804NZ	AT8T
F1FE	N804P	PA18
F200	N804PB	L8
F207	N804PJ	H60
F209	N804PL	PL4
F20A	N804PM	C182
F210	N804PT	RV8
F228	N804QS	C700
F230	N804R	BE35
F231	N804RA	AT8T
F232	N804RB	ST75
F233	N804RC	C25C
F234	N804RD	C560
F235	N804RE	EDGE
F240	N804RR	A320
F241	N804RS	RV10
F242	N804RT	DHC6
F246	N804RX	AT8T
F250	N804SG	SR20
F251	N804SH	PC12
F253	N804SK	CRJ9
F255	N804SM	BL8
F256	N804SN	MD11
F25B	N804ST	C501
F25E	N804SW	E55P
F260	N804SY	B738
F262	N804T	GLIM
F263	N804TA	P208
F264	N804TB	H25B
F268	N804TF	LJ35
F26A	N804TH	C208
F26B	N804TJ	B734
F26E	N804TM	RV7
F27C	N804UA	A319
F289	N804UP	B350
F29B	N804VG	PA23
F29F	N804VL	B738
F2AE	N804WA	MD83
F2B0	N804WC	PC12
F2B3	N804WF	AT8T
F2C2	N804WW	AT8T
F2C6	N804X	CRJ7
F2C7	N804XA	B738
F2F8	N804Z	GLIM
F312	N8040A	LJ35
F315	N8040D	PA22
F316	N8040E	M20P
F317	N8040F	C150
F31C	N8040L	AT8T
F31E	N8040N	P28A
F31F	N8040P	PA24
F322	N8040S	C150
F325	N8040V	SS2P
F326	N8040W	P28A
F327	N8040X	C172
F32C	N80402	G2T1
F32E	N80404	BE35
F330	N80406	BE35
F331	N80407	R22
F333	N80409	BE35
F334	N8041	GLID
F336	N8041B	P32R
F338	N8041D	GLID
F33C	N8041H	P32R
F33E	N8041K	S108
F33F	N8041L	BE35
F340	N8041M	P32R
F342	N8041P	PA24
F344	N8041R	C185
F349	N8041W	P28A
F34E	N80411	BE35
F34F	N80412	BE35
F350	N80413	GLID
F351	N80414	C172
F355	N80418	BE35
F356	N80419	C172
F359	N8042B	R22
F35B	N8042D	PA22
F35D	N8042F	C172
F35E	N8042G	P32R
F362	N8042L	C140
F368	N8042S	C150
F36B	N8042V	C188
F36E	N8042Y	AT8T
F371	N80421	C172
F372	N80422	GSIS
F373	N80423	BE35
F374	N80424	BU31
F375	N80425	C172
F376	N80426	PA32
F379	N80429	BE35
F37F	N8043E	YK52
F380	N8043F	AT8T
F381	N8043G	C77R
F388	N8043P	PA24
F38A	N8043R	BE24
F38B	N8043S	C150
F38D	N8043U	R22
F38F	N8043W	P28A
F390	N8043X	C172
F391	N8043Y	PA30
F392	N8043Z	UH1
F394	N80431	BE35
F397	N80434	RV8
F398	N80435	BE35
F399	N80436	C172
F39A	N80437	TRDO
F39B	N80438	BE35
F39C	N80439	C172
F39F	N8044B	C172
F3A1	N8044D	PA22
F3A8	N8044L	C172
F3AA	N8044N	P28A
F3AD	N8044R	BE24
F3AF	N8044T	P28A
F3B0	N8044U	BE36
F3B1	N8044V	COY2
F3B2	N8044W	P28A
F3B5	N8044Z	C150
F3B6	N80440	C172
F3B7	N80441	P28A
F3B8	N80442	C172
F3BA	N80444	BE35
F3BB	N80445	BE35
F3BC	N80446	P28A
F3BE	N80448	COY2
F3BF	N80449	C185
F3C0	N8045	C182
F3C1	N8045A	C170
F3C3	N8045C	PA22
F3C4	N8045D	PA22
F3C8	N8045H	H269
F3CA	N8045K	R22
F3CB	N8045L	C172
F3CC	N8045M	P28A
F3CD	N8045N	PA44
F3CE	N8045P	PA24
F3CF	N8045Q	C185
F3D0	N8045R	H269
F3D1	N8045S	H269
F3D3	N8045U	BE36
F3D4	N8045V	C188
F3D5	N8045W	P28A
F3DD	N80454	C172
F3DF	N80456	C172
F3E1	N80458	C172
F3E5	N8046B	C172
F3E7	N8046D	T28
F3E8	N8046E	AT8T
F3EA	N8046G	BE33
F3EB	N8046H	GSIS
F3EC	N8046J	BE33
F3ED	N8046K	G164
F3F0	N8046N	PA22
F3F3	N8046R	P28B
F3F4	N8046S	C150
F3F7	N8046V	C188
F3F8	N8046W	P28A
F3FB	N8046Z	T206
F3FD	N80461	CH7A
F3FF	N80463	SBOY
F401	N80465	BE35
F405	N80469	C172
F408	N8047B	C172
F40A	N8047D	PA22
F40B	N8047E	C82R
F40C	N8047F	C150
F410	N8047K	BE33
F411	N8047L	H269
F412	N8047M	C310
F414	N8047P	BE33
F415	N8047Q	C421
F416	N8047R	BE36
F417	N8047S	P32R
F41B	N8047W	P28A
F41C	N8047X	C172
F41E	N8047Z	C180
F41F	N80470	C172
F420	N80471	C172
F421	N80472	C172
F424	N80475	C172
F425	N80476	C172
F42A	N8048A	C170
F42B	N8048B	C172
F42C	N8048C	P28A
F42D	N8048D	PA18
F42E	N8048E	T6
F42F	N8048F	C150
F434	N8048L	C172
F435	N8048M	C182
F437	N8048P	PA24
F438	N8048Q	PA34
F43F	N8048X	H60
F445	N80483	C172
F446	N80484	C172
F448	N80486	C172
F449	N80487	C172
F44B	N80489	C172
F44D	N8049A	AT8T
F450	N8049D	PA22
F451	N8049E	CH60
F453	N8049G	C77R
F454	N8049H	CH60
F457	N8049L	C172
F459	N8049N	P28A
F45A	N8049P	H269
F45D	N8049S	C150
F461	N8049W	H269
F465	N80490	C172
F466	N80491	C172
F46A	N80495	C172
F46B	N80496	C172
F46C	N80497	C172
F46E	N80499	C185
F470	N805A	PA22
F471	N805AA	C172
F473	N805AC	BL8
F475	N805AE	E135
F477	N805AG	GA5C
F479	N805AJ	T206
F47B	N805AL	F900
F47C	N805AM	P28A
F47D	N805AN	B788
F47E	N805AP	T206
F482	N805AT	PA44
F485	N805AW	A319
F487	N805AY	CRJ2
F489	N805B	L8
F48A	N805BA	BE99
F48B	N805BB	T206
F48C	N805BC	BL8
F492	N805BJ	RV6
F494	N805BL	C56X
F497	N805BP	GLAS
F499	N805BR	RV7
F49B	N805BT	AS50
F4A2	N805C	BE20
F4A4	N805CB	AT8T
F4A5	N805CC	FA7X
F4A8	N805CF	T211
F4AB	N805CJ	C25A
F4AF	N805CN	S92
F4B0	N805CP	C172
F4B7	N805CW	PC12
F4BD	N805DB	F2TH
F4BF	N805DD	RV6
F4C1	N805DF	PTMS
F4C2	N805DG	AT8T
F4C3	N805DH	JD2
F4C4	N805DJ	RV7
F4C8	N805DN	B739
F4D0	N805DW	FA50
F4D3	N805DZ	C208
F4E6	N805ET	AT8T
F4E7	805	B350
F4E8	N805EV	EVSS
F4EE	N805FA	PC12
F4F1	N805FD	A310
F4F3	N805FF	F5
F4F5	N805FH	C208
F4FF	N805FT	GLF4
F502	N805FW	C172
F503	N805FX	AT73
F507	N805GA	GA8C
F508	N805GB	R44
F510	N805GK	RV7
F517	N805GS	T18
F521	N805HB	AT8T
F522	N805HC	AT45
F523	N805HD	R44
F52A	N805HL	RV10
F539	N805JA	PC12
F53A	N805JB	A320
F53B	N805JC	BE58
F540	N805JH	L39
F542	N805JK	CAMP
F549	N805JS	RLU1
F551	N805K	RV8
F553	N805KB	BE9L
F558	N805KG	A139
F55A	N805KJ	AT5T
F55F	N805KP	AT8T
F566	N805KW	B773
F56D	N805LC	C550
F570	N805LF	AS50
F575	N805LL	SR22
F588	N805ME	SF50
F58A	N805MG	CH70
F58B	N805MH	EC30
F58D	N805MK	TBM9
F58F	N805MM	PA31
F591	N805MP	AS50
F593	N805MR	DH8B
F599	N805MX	SR22
F59F	N805NC	T34T
F5A4	N805NH	BE36
F5A5	N805NJ	PA31
F5A9	N805NN	B738
F5AC	N805NR	C185
F5B0	N805NV	R44
F5B1	N805NW	A333
F5B4	N805NZ	AT8T
F5B5	N805P	C25A
F5B6	N805PA	DA42
F5B8	N805PC	LJ55
F5BA	N805PE	PC12
F5BC	N805PG	E55P
F5BD	N805PH	FA7X
F5BE	N805PJ	H60
F5C1	N805PM	M20P
F5C5	N805PR	C414
F5C6	N805PS	CRUZ
F5DF	N805QS	C700
F5E7	N805R	DFLY
F5E8	N805RA	KMAX
F5E9	N805RB	ST75
F5ED	N805RF	CB1
F5F3	N805RM	RV8
F5F5	N805RP	RV14
F5FB	N805RV	RV6
F600	N805S	CL30
F601	N805SA	PC12
F602	N805SB	L13M
F604	N805SD	BL8
F605	N805SE	SR22
F609	N805SJ	DC87
F60A	N805SK	CRJ9
F60B	N805SL	C82R
F60E	N805SP	C172
F610	N805SR	SR22
F612	N805ST	BL8
F615	N805SW	RV12
F617	N805SY	B738
F61B	N805TB	BEAR
F621	N805TH	C208
F624	N805TL	GLF6
F625	N805TM	GLF6
F632	N805U	CH70
F633	N805UA	A319
F640	N805UP	B350
F64E	N805VC	C25A
F656	N805VL	B738
F665	N805WA	MD83
F668	N805WD	H25A
F672	N805WP	DH8A
F67B	N805WY	SF50
F67D	N805X	CRJ7
F67E	N805XA	B738
F6AF	N805Z	NAVI
F6C8	N8050	S108
F6CB	N8050C	PA18
F6CC	N8050D	PA22
F6CD	N8050E	C172
F6CF	N8050G	C77R
F6D1	N8050J	C82T
F6D3	N8050L	C172
F6D4	N8050M	C310
F6D5	N8050N	BE33
F6D8	N8050R	SRAI
F6D9	N8050S	C150
F6DA	N8050T	C175
F6DB	N8050U	AT8T
F6DF	N8050Y	PA23
F6E1	N80500	GC1
F6E2	N80501	GC1
F6E8	N80507	C172
F6EC	N8051A	C170
F6ED	N8051B	C82R
F6EE	N8051C	PA18
F6F2	N8051G	C77R
F6F4	N8051J	AEST
F6F8	N8051N	P28A
F6F9	N8051P	PA24
F6FA	N8051Q	C182
F6FD	N8051T	C175
F6FE	N8051U	BE58
F6FF	N8051V	P28A
F700	N8051W	P28A
F701	N8051X	C172
F703	N8051Z	T206
F705	N80511	C172
F709	N80515	SREY
F70B	N80517	C172
F70D	N80519	C172
F70F	N8052A	PA44
F711	N8052C	PA18
F712	N8052D	PA22
F714	N8052F	SA3
F717	N8052J	AEST
F71A	N8052M	T210
F71B	N8052N	P28A
F71C	N8052P	PA24
F71E	N8052R	BE24
F720	N8052T	P28A
F723	N8052W	P28A
F724	N8052X	C172
F725	N8052Y	PA30
F727	N80520	C185
F729	N80522	C172
F72A	N80523	GC1
F72C	N80525	C172
F72D	N80526	C172
F72F	N80528	GC1
F732	N8053A	C170
F734	N8053C	PA18
F737	N8053F	C150
F73B	N8053K	S108
F73C	N8053L	C172
F73E	N8053N	P28A
F740	N8053Q	SNS7
F741	N8053R	COY2
F743	N8053T	UH1
F744	N8053U	PA30
F748	N8053Y	UH1
F74B	N80531	C172
F74D	N80533	C172
F74E	N80534	C172
F74F	N80535	C172
F750	N80536	C172
F751	N80537	C172
F752	N80538	SNS9
F755	N8054A	C170
F756	N8054B	P28B
F757	N8054C	P28A
F75B	N8054G	C77R
F75F	N8054L	C172
F760	N8054M	C310
F765	N8054S	P28A
F766	N8054T	C175
F76B	N8054Y	QIC2
F770	N80543	C172
F772	N80545	GC1
F775	N80548	C172
F776	N80549	RV8
F779	N8055B	C172
F77A	N8055C	P28A
F77D	N8055F	C150
F781	N8055K	S108
F782	N8055L	C172
F783	N8055M	C310
F784	N8055N	P28A
F785	N8055P	PA24
F787	N8055R	BE36
F788	N8055S	C150
F78A	N8055U	BE33
F78B	N8055V	P28A
F78C	N8055W	AA1
F78E	N8055Y	PA30
F78F	N8055Z	BE36
F790	N80550	GC1
F791	N80551	GC1
F794	N80554	C172
F795	N80555	GC1
F798	N80558	B06
F79B	N8056A	ESCP
F79C	N8056B	P28R
F79D	N8056C	PA18
F79E	N8056D	P2
F7A1	N8056G	C77R
F7A5	N8056L	C172
F7A6	N8056M	C310
F7A9	N8056Q	C421
F7AF	N8056W	PA18
F7B0	N8056X	C172
F7B6	N80563	GC1
F7B7	N80564	GC1
F7BA	N80567	GC1
F7BC	N80569	GC1
F7BE	N8057A	C170
F7C0	N8057C	PA18
F7C3	N8057F	C150
F7C5	N8057H	CH7B
F7C7	N8057K	G164
F7C8	N8057L	C172
F7CA	N8057N	P28A
F7CB	N8057P	AT8T
F7CE	N8057S	BE35
F7D0	N8057U	C150
F7D2	N8057W	P28A
F7D8	N80572	GC1
F7D9	N80573	GC1
F7DB	N80575	C172
F7DC	N80576	GC1
F7DE	N80578	C172
F7E0	N8058	DH82
F7E2	N8058B	C172
F7E7	N8058G	C77R
F7EB	N8058L	AT8T
F7EC	N8058M	C182
F7F1	N8058S	H269
F7F3	N8058U	C150
F7F4	N8058V	RV9
F7F5	N8058W	P28A
F7F6	N8058X	COY2
F7F7	N8058Y	PA30
F7FB	N80582	GC1
F7FC	N80583	C172
F7FE	N80585	C172
F800	N80587	C152
F804	N8059A	B738
F806	N8059C	PA18
F807	N8059D	PA22
F813	N8059R	P28A
F81C	N80590	C172
F81E	N80592	GLST
F823	N80597	C172
F828	N806AA	B788
F82C	N806AE	E135
F82D	N806AF	PC12
F82E	N806AG	GA6C
F835	N806AP	S92
F839	N806AT	PA44
F83C	N806AW	A319
F840	N806B	L8
F841	N806BA	AT8T
F842	N806BB	P28R
F843	N806BC	R44
F845	N806BE	PA34
F847	N806BG	R66
F84C	N806BM	SR22
F84E	N806BP	SR20
F852	N806BT	J3
F855	N806BW	SA30
F859	N806C	BL8
F85D	N806CD	SR22
F85F	N806CF	T211
F861	N806CH	GA8C
F866	N806CN	S92
F867	N806CP	C82T
F86B	N806CT	C185
F86E	N806CW	P28A
F873	N806DA	C172
F877	N806DE	E550
F87E	N806DM	SR20
F87F	N806DN	B739
F887	N806DW	RV8
F88D	N806EB	AT8T
F88E	N806EC	SR22
F893	N806EH	R22
F89B	N806ER	DA40
F89F	N806EV	EVSS
F8A2	N806EY	LNP4
F8A8	N806FD	A310
F8B6	N806FT	T18
F8BA	N806FX	AT73
F8BB	N806FY	CJ6
F8C0	N806GC	LEG2
F8C1	N806GD	GA8C
F8C6	N806GJ	H25B
F8C7	N806GK	VTRA
F8CB	N806GP	RV7
F8D7	N806HA	C172
F8D8	N806HB	RV8
F8D9	N806HC	AT45
F8E0	N806HK	GLEX
F8E9	N806HU	T206
F8EF	N806J	P180
F8F0	N806JA	C208
F8F1	N806JB	A320
F8F6	N806JG	B190
F8F9	N806JK	G280
F8FB	N806JM	BE20
F8FF	N806JR	R44
F900	N806JS	C56X
F901	N806JT	C172
F914	N806KM	BE20
F916	N806KP	AT8T
F918	N806KR	B06
F919	N806KS	EXEC
F922	N806LA	B06
F923	N806LB	EXPL
F927	N806LF	EC35
F931	N806LR	TBM9
F936	N806LW	BE20
F93A	N806M	WACO
F93C	N806MB	SONX
F93D	N806MC	H25B
F93E	N806MD	E170
F942	N806MH	EC30
F947	N806MN	H25B
F948	N806MP	AS50
F94A	N806MR	DH8C
F954	N806NA	U2
F957	N806ND	P28R
F95B	N806NH	BE36
F960	N806NN	B738
F967	N806NV	R44
F968	N806NW	A333
F96B	N806NZ	AT8T
F96E	N806PB	EDGE
F974	N806PH	CL30
F975	N806PJ	H60
F97D	N806PS	PTSS
F996	N806QS	C700
F99E	N806R	BE35
F99F	N806RA	T206
F9A0	N806RB	ST75
F9A1	N806RC	P210
F9A5	N806RG	RV4
F9AE	N806RR	PA23
F9B0	N806RT	DHC6
F9B2	N806RV	RV6
F9B7	N806S	GLID
F9B9	N806SB	UH1
F9BF	N806SH	A139
F9C1	N806SK	CRJ9
F9C5	N806SP	C172
F9C6	N806SQ	C650
F9C7	N806SR	SREY
F9CC	N806SW	C25C
F9D0	N806T	BE36
F9D2	N806TB	SR20
F9D3	N806TC	H25B
F9D4	N806TD	PA22
F9D8	N806TH	C82T
F9D9	N806TJ	B734
F9E2	N806TT	LGEZ
F9EA	N806UA	A319
F9F7	N806UP	B350
FA0D	N806VL	B738
FA12	N806VR	PA34
FA1C	N806WA	MD83
FA29	N806WP	DH8A
FA2D	N806WT	HUSK
FA34	N806X	CRJ7
FA35	N806XA	B738
FA82	N8060C	T50
FA83	N8060D	PA22
FA89	N8060K	S108
FA8B	N8060M	C310
FA8C	N8060N	P28A
FA8D	N8060P	PA24
FA8F	N8060R	BE24
FA90	N8060S	C150
FA92	N8060U	P28A
FA93	N8060V	B230
FA94	N8060W	P28A
FA95	N8060X	CH7A
FA97	N8060Z	C180
FA98	N80600	GC1
FA9A	N80602	C172
FA9B	N80603	GC1
FAA0	N80608	BE35
FAA2	N8061	C150
FAA4	N8061B	C172
FAA5	N8061C	PA18
FAA6	N8061D	PA22
FAA8	N8061F	C150
FAA9	N8061G	C77R
FAAB	N8061J	PTS2
FAAD	N8061L	C172
FAAF	N8061N	P28A
FAB6	N8061V	SR22
FAB7	N8061W	P28A
FABA	N8061Z	T206
FABC	N80611	GC1
FABD	N80612	C172
FABE	N80613	GC1
FABF	N80614	GC1
FAC0	N80615	GC1
FAC1	N80616	C172
FAC4	N80619	C172
FAC7	N8062B	C172
FAC8	N8062C	L8
FAC9	N8062D	PA22
FACA	N8062E	C172
FACB	N8062F	C150
FACC	N8062G	C77R
FACD	N8062H	R22
FAD3	N8062P	PA32
FAD4	N8062Q	R22
FAD5	N8062R	BE23
FAD6	N8062S	C150
FAD7	N8062T	P32R
FAD8	N8062U	R22
FADA	N8062W	P28A
FADB	N8062X	C172
FADC	N8062Y	PA30
FADD	N8062Z	MI8
FADE	N80620	C172
FADF	N80621	FA62
FAE0	N80622	GC1
FAE5	N80627	C172
FAE6	N80628	C172
FAE7	N80629	C185
FAE8	N8063	PTS2
FAE9	N8063A	C170
FAEB	N8063C	P28A
FAED	N8063E	T206
FAF2	N8063K	G164
FAF4	N8063M	PA31
FAF5	N8063N	P28A
FAF8	N8063R	S76
FAFA	N8063T	PA32
FAFC	N8063V	PA18
FAFF	N8063Y	PA30
FB00	N8063Z	R22
FB01	N80630	GC1
FB04	N80633	C185
FB06	N80635	C172
FB07	N80636	C172
FB08	N80637	GC1
FB0B	N8064	PTS1
FB0D	N8064B	C172
FB0E	N8064C	B06
FB16	N8064L	C172
FB17	N8064M	BE33
FB18	N8064N	BE36
FB1B	N8064R	BE19
FB1D	N8064T	C175
FB1E	N8064U	BE33
FB20	N8064W	P28A
FB24	N80640	GC1
FB25	N80641	C172
FB27	N80643	C172
FB28	N80644	GC1
FB29	N80645	R22
FB2A	N80646	GC1
FB2B	N80647	GC1
FB2C	N80648	C172
FB2D	N80649	GC1
FB31	N8065C	P28R
FB36	N8065H	RLU1
FB37	N8065J	AEST
FB39	N8065L	C172
FB3A	N8065M	C182
FB3B	N8065N	P28A
FB3C	N8065P	PA24
FB40	N8065T	C175
FB43	N8065W	P28A
FB44	N8065X	C172
FB45	N8065Y	PA30
FB46	N8065Z	T206
FB4B	N80654	GC1
FB4E	N80657	C172
FB4F	N80658	GC1
FB54	N8066C	PA18
FB57	N8066F	C150
FB5B	N8066K	G164
FB5D	N8066M	AVID
FB5E	N8066N	P28A
FB61	N8066R	EXEC
FB64	N8066U	R22
FB66	N8066W	P28A
FB69	N8066Z	T206
FB6A	N80660	DH82
FB6F	N80665	GC1
FB73	N80669	C172
FB76	N8067B	C172
FB7B	N8067G	C77R
FB7D	N8067J	AEST
FB7F	N8067L	C172
FB81	N8067N	P28A
FB82	N8067P	PA24
FB87	N8067U	BT36
FB8A	N8067X	C172
FB8C	N8067Z	M600
FB8D	N80670	C172
FB8E	N80671	GC1
FB90	N80673	C172
FB92	N80675	GC1
FB93	N80676	GC1
FB95	N80678	C172
FB9A	N8068C	P28A
FB9C	N8068E	NAVI
FB9D	N8068F	C150
FB9E	N8068G	C77R
FB9F	N8068H	SREY
FBA0	N8068J	P28A
FBA1	N8068K	S108
FBA2	N8068L	C172
FBA6	N8068Q	C414
FBA8	N8068S	C150
FBAA	N8068U	BE36
FBAC	N8068W	P28A
FBAD	N8068X	C172
FBAF	N8068Z	P28A
FBB0	N80680	GC1
FBB4	N80684	GC1
FBB7	N80687	GC1
FBB9	N80689	GC1
FBBB	N8069A	P32R
FBBC	N8069B	C172
FBBE	N8069D	PA18
FBC1	N8069G	BE33
FBC2	N8069H	M600
FBC4	N8069K	S108
FBC5	N8069L	M600
FBC7	N8069N	P28A
FBC8	N8069P	PA24
FBCA	N8069R	BE35
FBCB	N8069S	P32R
FBCD	N8069U	BE36
FBCF	N8069W	P28A
FBD3	N80690	C152
FBD5	N80692	C172
FBD7	N80694	GC1
FBDA	N80697	C172
FBDF	N807AA	B788
FBE2	N807AD	C56X
FBE3	N807AE	E135
FBE8	N807AK	RV7
FBEA	N807AM	AS50
FBEC	N807AP	P28A
FBEF	N807AS	A320
FBF2	N807AV	H25B
FBF3	N807AW	A319
FBF9	N807BB	AT8T
FBFA	N807BC	GLF6
FBFB	N807BD	S22T
FBFD	N807BF	WW24
FBFE	N807BG	CL35
FBFF	N807BH	S22T
FC09	N807BT	PIVI
FC0C	N807BW	C560
FC10	N807C	S108
FC12	N807CB	AT8T
FC16	N807CF	T211
FC18	N807CH	GA8C
FC19	N807CJ	CH75
FC1E	N807CP	C172
FC24	N807CV	S92
FC29	N807D	PC12
FC2A	N807DA	P28A
FC2C	N807DC	GLEX
FC2D	N807DD	CL60
FC32	N807DJ	BE36
FC34	N807DL	RV6
FC36	N807DN	B739
FC48	N807EF	PC12
FC4A	N807EH	R22
FC4B	N807EJ	PA18
FC52	N807ER	DA40
FC53	N807ES	SONX
FC56	N807EV	C208
FC58	N807EX	DH8A
FC5F	N807FD	A310
FC60	N807FE	C208
FC63	N807FH	C208
FC71	N807FX	AT73
FC78	N807GD	GA8C
FC7E	N807GK	S22T
FC90	N807HC	AT73
FC91	N807HD	C172
FCA7	N807JA	C208
FCA8	N807JB	A320
FCA9	N807JC	C560
FCAE	N807JH	PC7
FCB7	N807JS	C56X
FCCD	N807KP	AT8T
FCD0	N807KS	C150
FCD9	N807LA	GL7T
FCDD	N807LE	R44
FCDE	N807LF	AS50
FCDF	N807LG	F5
FCE6	N807LP	C680
FCED	N807LW	BE33
FCF1	N807M	SW4
FCF3	N807MB	C550
FCF4	N807MC	H25B
FCF9	N807MH	EC30
FCFA	N807MJ	P46T
FCFC	N807ML	AS50
FCFD	N807MM	CL60
FCFF	N807MP	AS50
FD01	N807MR	DH8C
FD02	N807MS	P28R
FD0A	N807N	E55P
FD11	N807NG	PC12
FD12	N807NH	BE36
FD17	N807NN	B738
FD1B	N807NS	C25A
FD1E	N807NV	R44
FD1F	N807NW	A333
FD22	N807NZ	AT8T
FD24	N807PA	C172
FD2B	N807PH	B407
FD2C	N807PJ	M20P
FD4D	N807QS	C700
FD55	N807R	BE35
FD57	N807RB	COL3
FD61	N807RM	CH75
FD66	PR-PLN	BE9L
FD67	N807RT	DHC6
FD69	N807RV	RV7
FD6A	N807RW	C25C
FD76	N807SH	RV7
FD7A	N807SM	BE20
FD7C	N807SP	C172
FD7E	N807SR	SR22
FD82	N807SV	PA44
FD87	N807T	BE35
FD88	N807TA	PA24
FD8F	N807TH	BE58
FD90	N807TJ	B734
FD93	N807TM	AEST
FD97	N807TR	MD83
FDA1	N807UA	A319
FDAE	N807UP	B350
FDC4	N807VL	B738
FDC9	N807VR	C82T
FDD3	N807WA	MD83
FDD4	N807WB	PA15
FDD5	N807WC	C210
FDDA	N807WH	BE95
FDDE	N807WM	P28R
FDE3	N807WS	C402
FDE4	N807WT	CC19
FDEB	N807X	C182
FDEC	N807XA	B738
FE1E	N807ZA	BE9L
FE36	N8070	M5
FE38	N8070B	C172
FE39	N8070C	PA18
FE3E	N8070H	PA22
FE40	N8070K	S108
FE44	N8070P	PA24
FE46	N8070R	P32R
FE48	N8070T	C175
FE49	N8070U	RV9
FE4B	N8070W	P28A
FE4C	N8070X	C172
FE4E	N8070Z	T206
FE4F	N80700	C172
FE51	N80702	P32R
FE52	N80703	PL4
FE56	N80707	GC1
FE57	N80708	GC1
FE59	N8071	L5
FE5A	N8071A	C170
FE60	N8071G	C77R
FE63	N8071K	S108
FE64	N8071L	PA16
FE66	N8071N	P28A
FE67	N8071P	PA24
FE6A	N8071S	P28A
FE6B	N8071T	C175
FE6E	N8071W	P28A
FE6F	N8071X	P28A
FE70	N8071Y	P28A
FE71	N8071Z	P28A
FE72	N80710	GC1
FE73	N80711	B47G
FE74	N80712	GC1
FE76	N80714	T6
FE79	N80717	GC1
FE7D	N8072A	C170
FE7F	N8072C	PA18
FE80	N8072D	BE36
FE83	N8072G	BT36
FE84	N8072H	P28R
FE86	N8072K	S108
FE87	N8072L	C172
FE8A	N8072P	PA24
FE8E	N8072T	P28B
FE92	N8072X	R22
FE93	N8072Y	P28B
FE94	N8072Z	PA34
FE96	N80721	PA31
FE97	N80722	BE33
FE98	N80723	GC1
FE9A	N80725	C172
FE9E	N80729	C172
FEA0	N8073A	C170
FEA1	N8073B	C172
FEA3	N8073D	PA18
FEA4	N8073E	C172
FEA5	N8073F	C150
FEA6	N8073G	C77R
FEA7	N8073H	BE33
FEAB	N8073M	C310
FEAC	N8073N	P28A
FEAD	N8073P	PA34
FEB4	N8073W	BE36
FEB8	N80730	GC1
FEB9	N80731	P28A
FEBB	N80733	GC1
FEBC	N80734	C172
FEBD	N80735	C172
FEBF	N80737	GC1
FEC0	N80738	RV8
FEC2	N8074	PTS1
FEC3	N8074A	C170
FEC4	N8074B	C172
FEC6	N8074D	PA18
FEC7	N8074E	C172
FEC8	N8074F	C150
FEC9	N8074G	C77R
FECC	N8074K	S108
FED2	N8074R	BE35
FED4	N8074T	P28A
FED5	N8074U	CH60
FED7	N8074W	M5
FED9	N8074Y	PA30
FEDA	N8074Z	SR20
FEDB	N80740	GC1
FEDD	N80742	C172
FEDF	N80744	GC1
FEE1	N80746	SR20
FEE2	N80747	COY2
FEE3	N80748	GC1
FEE6	N8075A	C170
FEE7	N8075B	C172
FEE8	N8075C	P28A
FEEA	N8075E	P28A
FEEB	N8075F	C150
FEEC	N8075G	C188
FEED	N8075H	P28R
FEEE	N8075J	AEST
FEF1	N8075M	P28R
FEF3	N8075P	PA18
FEF4	N8075Q	P28R
FEF5	N8075R	PA23
FEFA	N8075W	P28A
FEFB	N8075X	P28A
FEFC	N8075Y	PA30
FEFF	N80751	C172
FF03	N80755	C172
FF04	N80756	P28A
FF06	N80758	GC1
FF07	N80759	C172
FF0A	N8076B	C172
FF0B	N8076C	PA18
FF0E	N8076F	C150
FF0F	N8076G	C77R
FF10	N8076H	PA34
FF12	N8076K	PA34
FF13	N8076L	C172
FF16	N8076P	PA24
FF1A	N8076T	C175
FF1D	N8076W	P28A
FF1E	N8076X	C172
FF20	N8076Z	T206
FF21	N80760	GC1
FF23	N80762	GC1
FF25	N80764	C172
FF26	N80765	P28A
FF28	N80767	C172
FF2A	N80769	P28A
FF2C	N8077A	C170
FF2E	N8077C	PA18
FF30	N8077E	C172
FF31	N8077F	C150
FF32	N8077G	C77R
FF33	N8077H	P28A
FF37	N8077M	BE36
FF38	N8077N	P28A
FF3A	N8077Q	P28A
FF3B	N8077R	P28A
FF3C	N8077S	C150
FF3E	N8077U	PA12
FF40	N8077W	P28A
FF41	N8077X	BE36
FF42	N8077Y	P32R
FF45	N80771	QIC2
FF46	N80772	GC1
FF47	N80773	C172
FF48	N80774	C172
FF49	N80775	GC1
FF4A	N80776	GC1
FF4C	N80778	CH70
FF4E	N8078	PTS1
FF4F	N8078A	C170
FF50	N8078B	C172
FF52	N8078D	PA18
FF55	N8078G	C77R
FF58	N8078K	S108
FF59	N8078L	C172
FF5C	N8078P	PA24
FF5D	N8078Q	RV6
FF5E	N8078R	P28A
FF5F	N8078S	C150
FF60	N8078T	C175
FF64	N8078X	P28A
FF66	N8078Z	P28A
FF67	N80780	UH1
FF68	N80781	C172
FF6B	N80784	C172
FF6C	N80785	P28A
FF6D	N80786	GC1
FF6E	N80787	GC1
FF6F	N80788	C172
FF72	N8079A	C170
FF74	N8079C	PA18
FF75	N8079D	PA18
FF76	N8079E	UH1
FF77	N8079F	C150
FF78	N8079G	C188
FF7B	N8079K	S108
FF83	N8079T	C175
FF86	N8079W	P28A
FF88	N8079Y	P28A
FF89	N8079Z	BT36
FF8A	N80790	C172
FF8E	N80794	GC1
FF8F	N80795	GC1
FF90	N80796	GC1
FF91	N80797	C172
FF92	N80798	C172
FF93	N80799	GC1
FF95	N808A	R44
FF98	N808AC	C560
FF9A	N808AE	E135
FFA2	N808AN	B788
FFA5	N808AR	GLST
FFAA	N808AW	A319
FFAD	N808AZ	GLIM
FFB0	N808BB	PA30
FFB1	N808BC	C182
FFB2	N808BD	COUR
FFB5	N808BG	SAVG
FFB6	N808BH	H500
FFBA	N808BM	GLIM
FFBC	N808BP	C82T
FFBF	N808BS	KR2
FFC0	N808BT	PIVI
FFC3	N808BW	CH7B
FFC7	N808C	S108
FFC8	N808CA	P32R
FFC9	N808CB	C56X
FFCA	N808CC	GLIM
FFCB	N808CD	SR22
FFCC	N808CE	C560
FFCD	N808CF	GLF4
FFCF	N808CH	CL60
FFD0	N808CJ	M7
FFD1	N808CK	FA20
FFD3	N808CM	SREY
FFD5	N808CP	AS50
FFD8	N808CS	PRM1
FFD9	N808CT	S92
FFDC	N808CW	BE60
FFE3	N808DC	P28A
FFE5	N808DE	SR20
FFE7	N808DG	GLIM
FFE9	N808DJ	BE76
FFEA	N808DK	RV8
FFEB	N808DL	PA32
FFEC	N808DM	C82S
FFED	N808DN	B739
FFF2	N808DT	T206
FFF5	N808DW	C82T
FFFE	N808EE	GLIM
