0001	N808EH	P28A
0002	N808EJ	RV7
0009	N808ER	DA40
000A	N808ES	C150
000B	N808ET	DA40
000F	N808EX	DH8A
0016	N808FD	A310
0019	N808FG	A139
001A	N808FH	C208
0023	N808FS	T210
0028	N808FX	AS55
002E	N808GC	A139
0031	N808GF	GLIM
0032	N808GG	C750
0033	N808GH	MT
0034	N808GJ	PA18
0036	N808GL	SR22
0039	N808GP	PC12
003B	N808GR	BE35
003D	N808GT	AS50
0040	N808GW	SR22
004A	N808HF	GLIM
004C	N808HH	S22T
0055	N808HS	R22
0059	N808HW	SR22
005D	N808J	AVID
005E	N808JA	RV8
0061	N808JD	SAVG
0063	N808JF	GLIM
0064	N808JG	GLF5
0065	N808JH	H500
0068	N808JL	SAVG
0069	N808JM	GA6C
006A	N808JN	C25B
006B	N808JP	PTS2
006D	N808JR	SA50
006E	N808JS	PC12
006F	N808JT	R44
0072	N808JW	TBM7
0073	N808JX	GLIM
0077	N808KA	P28A
0078	N808KB	SR20
0082	N808KM	P28A
0086	N808KR	SH36
008F	N808L	PRM1
0090	N808LA	P46T
0091	N808LB	R44
0092	N808LC	BE58
0093	N808LD	RV8
0095	N808LF	AS50
0097	N808LH	SAVG
0099	N808LK	RV9
009A	N808LL	R44
009F	N808LR	C68A
00A3	N808LV	GLF6
00A9	N808MA	C208
00AA	N808MB	B429
00AB	N808MC	H25B
00AE	N808MF	GLF4
00AF	N808MG	AT5T
00B0	N808MH	EC30
00B3	N808ML	UH1
00B5	N808MN	C56X
00B6	N808MP	FOX
00B8	N808MR	DH8C
00B9	N808MS	SR22
00BA	N808MT	B407
00BD	N808MW	P28B
00C1	N808N	PA30
00C2	N808NA	GLF2
00C4	N808NC	CL30
00C5	N808ND	P28R
00C9	N808NH	BE36
00CE	N808NN	B738
00D1	N808NR	SAVG
00D6	N808NW	A333
00D9	N808NZ	AT8T
00DA	N808P	T18
00DB	N808PA	RV7
00DD	N808PC	DHC6
00DE	N808PD	E545
00DF	N808PE	C172
00E2	N808PH	B407
00E3	N808PJ	H60
00E4	N808PK	RV9
00EB	N808PS	RV8
00EC	N808PT	PA22
00F3	N808Q	B06
0104	N808QS	C700
010C	N808R	BE35
010E	N808RB	ST75
010F	N808RC	C340
0113	N808RG	LEG2
0116	N808RK	P28A
0117	N808RL	C210
011C	N808RR	SAVG
011D	N808RS	EXEC
011E	N808RT	DHC6
0120	N808RV	RV8
0121	N808RW	S22T
0126	N808SA	AS50
0127	N808SB	H500
0129	N808SD	C56X
012A	N808SE	RV12
012B	N808SF	F900
012C	N808SG	RV10
012D	N808SH	PISI
012E	N808SJ	RV8
0130	N808SL	SAVG
0131	N808SM	PA31
0132	N808SN	GLIM
0134	N808SQ	PRM1
0135	N808SR	KR2
013A	N808SW	BE9L
013B	N808SX	SONX
013C	N808SY	B738
0140	N808TB	RV7
0141	N808TC	GLF5
0147	N808TJ	B734
0149	N808TL	TL20
014C	N808TP	C72R
014E	N808TR	SH36
014F	N808TS	BE33
0150	N808TT	TRDO
0153	N808TW	C340
0154	N808TX	PISI
0158	N808UA	A319
015D	N808UF	C172
017B	N808VL	B738
0180	N808VR	RV8
0181	N808VS	R66
0182	N808VT	P28R
0189	N808W	LJ45
018A	N808WA	MD83
018D	N808WD	P28R
018F	N808WF	RV6
0195	N808WM	M20P
0199	N808WR	BE36
019A	N808WS	QIC2
019B	N808WT	R44
01A2	N808X	GLIM
01B8	N808XX	GA7C
01D4	N808Z	RV8
01D5	N808ZA	BE35
01E6	N808ZT	C206
01EE	N8080A	P28A
01EF	N8080B	C172
01F0	N8080C	SR22
01F4	N8080G	C77R
01F7	N8080K	G164
01FA	N8080N	BE33
01FB	N8080P	BE36
01FF	N8080T	C175
0200	N8080U	P28R
0201	N8080V	C188
0203	N8080X	C172
0204	N8080Y	R22
0206	N80800	C172
0207	N80801	GC1
0209	N80803	C172
020B	N80805	GC1
0211	N8081A	C170
0213	N8081C	PA18
0214	N8081D	PA18
0215	N8081E	C185
0217	N8081G	P28A
0218	N8081H	RV4
021A	N8081K	G164
021B	N8081L	C172
021C	N8081M	C310
021E	N8081P	P28A
021F	N8081Q	PA34
0220	N8081R	BE35
0222	N8081T	C175
0224	N8081V	C188
0226	N8081X	C182
0227	N8081Y	PA30
0229	N80810	C172
022B	N80812	TRDO
022F	N80816	C172
0230	N80817	GC1
0232	N80819	GC1
0233	N8082	GLID
0236	N8082C	PA18
0237	N8082D	PA18
0238	N8082E	C172
023B	N8082H	P28A
023D	N8082K	P28A
023E	N8082L	C172
023F	N8082M	C150
0241	N8082P	PA24
0243	N8082R	BE36
0246	N8082U	P51
0248	N8082W	P28A
0249	N8082X	C172
024C	N80820	GC1
0250	N80824	GC1
0253	N80827	GC1
0255	N80829	GC1
0256	N8083	TBM8
0257	N8083A	MU2
025A	N8083D	PA18
025C	N8083F	BE36
0261	N8083L	P28A
0262	N8083M	C310
0266	N8083R	BE33
0267	N8083S	C150
026A	N8083V	P28B
026B	N8083W	P28A
026C	N8083X	COY2
026D	N8083Y	P28B
026F	N80830	C172
0272	N80833	GC1
0273	N80834	P28B
0275	N80836	GC1
0276	N80837	C172
0277	N80838	P28B
027A	N8084A	C170
027B	N8084B	C77R
027F	N8084F	C150
0281	N8084H	SREY
0283	N8084K	S108
0286	N8084N	P28A
0287	N8084P	PA24
028A	N8084S	C150
028B	N8084T	C175
028E	N8084W	P28A
028F	N8084X	C172
0290	N8084Y	PA30
0293	N80841	C172
0294	N80842	C172
0296	N80844	GC1
0298	N80846	GC1
0299	N80847	C172
029C	N8085	GLID
029D	N8085A	P28A
029E	N8085B	C172
02A7	N8085L	C172
02A9	N8085N	BE36
02AB	N8085Q	C414
02AC	N8085R	BE95
02AD	N8085S	C150
02AE	N8085T	BE40
02B1	N8085W	P28A
02B2	N8085X	P28A
02B4	N8085Z	P28R
02B5	N80850	GC1
02B6	N80851	GC1
02B8	N80853	P28A
02BA	N80855	C172
02BB	N80856	GC1
02BF	N8086	GLID
02C0	N8086A	C170
02C2	N8086C	PA18
02C3	N8086D	PA18
02C4	N8086E	P28A
02C6	N8086G	P28A
02C7	N8086H	P28A
02C9	N8086K	P28A
02CB	N8086M	C310
02CC	N8086N	P28B
02CE	N8086Q	PA34
02D1	N8086T	C175
02D2	N8086U	COY2
02D5	N8086X	C172
02DA	N80862	GC1
02DC	N80864	C172
02DD	N80865	C172
02DE	N80866	C172
02DF	N80809	B350
02E0	N80868	C172
02E1	N80869	GC1
02E2	N8087	SF50
02E3	N8087A	C170
02E4	N8087B	PA32
02E5	N8087C	P28B
02E6	N8087D	P28B
02E7	N8087E	P32R
02E8	N8087F	C150
02E9	N8087G	VP2
02EA	N8087H	T28
02ED	N8087L	C172
02F0	N8087P	PA24
02F2	N8087R	BE36
02F3	N8087S	C150
02F7	N8087W	P28A
02F8	N8087X	C172
02F9	N8087Y	PA30
02FB	N80870	C172
02FC	N80871	C172
02FD	N80872	C172
0307	N8088B	PA32
0308	N8088C	PA18
030A	N8088E	P28B
030D	N8088H	P28B
030E	N8088J	BE36
0310	N8088L	C172
0315	N8088R	BE95
0316	N8088S	C150
0317	N8088T	P28B
031B	N8088X	C172
031C	N8088Y	PA30
031D	N8088Z	P28B
031F	N80881	GC1
0321	N80883	GC1
0322	N80884	C172
0324	N80886	P28B
0325	N80887	RS12
0326	N80888	GC1
0327	N80889	GC1
0329	N8089A	PA34
032A	N8089B	P28R
032B	N8089C	P28A
032D	N8089E	C172
032E	N8089F	C150
032F	N8089G	C77R
0330	N8089H	T28
0336	N8089P	PA24
0337	N8089Q	PA34
0339	N8089S	C150
033A	N8089T	C175
033C	N8089V	P28B
033D	N8089W	P28A
0347	N80896	C172
034A	N80899	C150
034C	N809A	PA22
034D	N809AA	B788
0351	N809AE	E135
0358	N809AM	DA40
035A	N809AP	RV6
035D	N809AS	SR22
0361	N809AW	A319
0365	N809B	L8
0370	N809BL	BE36
0373	N809BP	CLBR
0377	N809BT	C172
037A	N809BW	M20P
037E	N809C	PA46
037F	N809CA	CRJ2
0380	N809CB	AT8T
0381	N809CC	C206
0382	N809CD	SR22
0386	N809CH	S92
038B	N809CN	HDJT
038C	N809CP	C82T
038E	N809CR	S22T
0390	N809CT	FDCT
0392	N809CV	SR20
0398	N809DA	GLF5
039A	N809DC	GLEX
03A3	N809DM	BE9L
03A4	N809DN	B739
03A8	N809DS	SR22
03AC	N809DW	C82S
03AD	N809DX	P28A
03BC	N809EM	C206
03CD	N809FD	A310
03D4	N809FL	FB1A
03E5	N809GC	SR22
03F3	N809GS	S22T
03F4	N809GT	C206
03FE	N809HC	BE20
0405	N809HK	E145
0410	N809HW	C206
0416	N809JB	A320
0420	N809JM	CL35
0425	N809JS	C56X
0430	N809KC	AT8T
043B	N809KP	C206
043E	N809KS	C172
0453	N809LN	C206
0458	N809LT	SR22
045F	N809M	P28R
0460	N809MA	P28A
0462	N809MC	TBM7
0467	N809MH	EC30
046D	N809MP	S22T
0479	N809NA	U2
047C	N809ND	C206
0480	N809NH	BE36
0485	N809NN	B738
048D	N809NW	A333
0490	N809NZ	AT8T
0492	N809PA	M20T
0494	N809PC	SR22
0498	N809PG	C206
0499	N809PH	B407
049A	N809PJ	H60
04A2	N809PS	BE20
04B3	N809QJ	C206
04BB	N809QS	C700
04CB	N809RH	C206
04CC	N809RJ	SR22
04D2	N809RQ	C404
04D5	N809RT	AT8T
04D7	N809RV	RV8
04DC	N809S	GLID
04DD	N809SA	C208
04DE	N809SB	CL35
04E1	N809SE	C206
04E6	N809SK	CRJ9
04E8	N809SM	C208
04EE	N809ST	C172
04F2	N809SX	SONX
04F3	N809SY	B738
04F5	N809T	BE35
04F6	N809TA	B732
04F9	N809TD	E35L
0506	N809TS	BE35
0507	N809TT	C206
050A	N809TW	PC12
050F	N809UA	A319
051F	N809US	C206
0528	N809VA	C206
0532	N809VL	B738
0540	N809W	S39
0541	N809WA	H500
0542	N809WB	H60
0561	N809XH	H60
0574	N809YB	H60
05A9	N8090E	P28A
05AA	N8090F	P28A
05AC	N8090H	P28A
05AD	N8090J	AEST
05AE	N8090K	S108
05AF	N8090L	P28A
05B6	N8090T	P32R
05B7	N8090U	CH60
05BB	N8090Y	P28B
05BE	N80901	GC1
05BF	N80902	GC1
05C0	N80903	GC1
05C2	N80905	GC1
05C3	N80906	C172
05C5	N80908	P28A
05C6	N80909	GC1
05C8	N8091A	C170
05CA	N8091C	PA22
05CB	N8091D	PA18
05CC	N8091E	C172
05CE	N8091G	C77R
05D2	N8091L	C172
05D5	N8091P	PA24
05D6	N8091Q	C402
05D7	N8091R	P28A
05D9	N8091T	BE33
05DC	N8091W	P28A
05DD	N8091X	P28A
05DE	N8091Y	P28A
05DF	N8091Z	T206
05E1	N80911	C172
05E2	N80912	C172
05E3	N80913	GC1
05E4	N80914	C172
05E9	N80919	GC1
05EC	N8092B	C172
05EF	N8092E	P28A
05F1	N8092G	P28A
05F2	N8092H	P28A
05F7	N8092N	P28A
05FA	N8092R	BE36
05FC	N8092T	C175
05FE	N8092V	C150
05FF	N8092W	P28A
0601	N8092Y	PA30
0604	N80921	C172
0605	N80922	GC1
0606	N80923	GC1
0607	N80924	GC1
0609	N80926	P28A
060B	N80928	C172
060E	N8093A	B738
0611	N8093D	PA18
0613	N8093F	C150
0614	N8093G	P28A
0615	N8093H	P28A
0617	N8093K	VELO
0618	N8093L	C172
061A	N8093N	P28A
061B	N8093P	PA24
061C	N8093Q	C421
061D	N8093R	BE35
061E	N8093S	TUCA
061F	N8093T	C175
0620	N8093U	B06
0627	N80931	C172
0628	N80932	GC1
0629	N80933	GC1
062A	N80934	P28A
062E	N80938	T6
062F	N80939	RV6
0630	N8094	C119
0631	N8094A	P32R
0632	N8094B	C172
0633	N8094C	P28R
0634	N8094D	PA18
0637	N8094G	C188
063D	N8094N	P28A
063F	N8094Q	R22
0640	N8094R	P28B
0642	N8094T	C175
0644	N8094V	P28B
0645	N8094W	P28A
0646	N8094X	C172
0647	N8094Y	PA30
064A	N80941	C172
064B	N80942	T6
064E	N80945	DHC3
0652	N80949	GC1
0654	N8095A	P28B
0655	N8095B	C172
0656	N8095C	PA22
0658	N8095E	ST75
0659	N8095F	BE36
065A	N8095G	P28B
065B	N8095H	P28B
065C	N8095J	BE33
065D	N8095K	KR2
065F	N8095M	P28B
0661	N8095P	PA24
0662	N8095Q	BE33
0664	N8095S	C150
0665	N8095T	C175
0666	N8095U	BE33
0668	N8095W	P28A
0669	N8095X	C172
066A	N8095Y	PA30
066D	N80951	J3
066E	N80952	C172
066F	N80953	GC1
0671	N80955	GC1
0672	N80956	GC1
0675	N80959	C172
0676	N8096	GLID
067F	N8096J	P32R
0684	N8096P	PA24
0685	N8096Q	P28A
0687	N8096S	P32R
0688	N8096T	C175
0689	N8096U	BE9L
068A	N8096V	P32R
068B	N8096W	P28A
068F	N80960	GC1
0690	N80961	C172
0692	N80963	GC1
0693	N80964	P28A
0695	N80966	GC1
0697	N80968	P28A
0698	N80969	GC1
069C	N8097C	PA32
069E	N8097E	SREY
069F	N8097F	T206
06A0	N8097G	C77R
06A1	N8097H	P28A
06A2	N8097J	P28A
06A4	N8097L	C172
06A5	N8097M	C310
06A7	N8097P	P28A
06A8	N8097Q	P28A
06A9	N8097R	PA18
06AA	N8097S	P28A
06AD	N8097V	ALGR
06AF	N8097X	C172
06B3	N80971	GC1
06B4	N80972	RV6
06B5	N80973	GC1
06B6	N80974	GC1
06B7	N80975	C172
06B9	N80977	GC1
06BA	N80978	GC1
06BB	N80979	YK52
06BD	N8098A	C170
06BE	N8098B	P28A
06C1	N8098E	C172
06C6	N8098K	G164
06C7	N8098L	C172
06C8	N8098M	P28A
06C9	N8098N	P28A
06CA	N8098P	PA24
06CC	N8098R	P28R
06D2	N8098X	C172
06D3	N8098Y	PA30
06D7	N80982	C172
06D8	N80983	GC1
06DA	N80985	C172
06DB	N80986	GC1
06DE	N80989	GC1
06E1	N8099B	C172
06E7	N8099H	BE36
06EA	N8099L	C172
06EC	N8099N	P28B
06EE	N8099Q	P28B
06F1	N8099T	EVSS
06F3	N8099V	PA32
06F4	N8099W	P28A
06F6	N8099Y	PA30
06F9	N80991	C172
06FD	N80995	GC1
06FE	N80996	C172
06FF	N80997	GC1
0701	N80999	GC1
0702	N81	BE30
0705	N81AB	BE95
0706	N81AC	WAIX
0707	N81AD	C402
070A	N81AG	BE60
070B	N81AH	HUCO
070C	N81AJ	B58T
070E	N81AL	B06
070F	N81AM	B429
0711	N81AP	C182
0713	N81AR	PA22
0714	N81AS	VELO
0716	N81AU	C550
0717	N81AV	TB20
0718	N81AW	PA34
071D	N81BA	P28A
071E	N81BB	BE33
0720	N81BD	CH7A
0725	N81BJ	RV4
0726	N81BK	SR20
0727	N81BL	P46T
0728	N81BM	C175
072A	N81BP	KR2
0731	N81BW	J3
0732	N81BX	RV7
0735	N81C	P337
0736	N81CA	TOBA
0737	N81CB	C510
0738	N81CC	CJ1
073A	N81CE	EAGL
073C	N81CG	GLIM
073D	N81CH	C82S
073E	N81CJ	EFOX
0740	N81CL	BE58
0741	N81CM	C182
0742	N81CN	PA34
0743	N81CP	C525
0745	N81CR	CL30
0749	N81CV	SREY
074A	N81CW	GC1
074D	N81CZ	CH75
0752	N81DD	BE58
0755	N81DG	P28A
0756	N81DH	HUSK
0759	N81DL	BE36
075B	N81DN	LGEZ
075C	N81DP	ST75
075E	N81DR	BE58
075F	N81DS	DA40
0760	N81DT	T210
0763	N81DW	PC12
0764	N81DX	S22T
0766	N81DZ	PA34
0767	N81E	RELI
0769	N81EB	C501
076A	N81EC	P28B
076B	N81ED	PA31
076C	N81EE	VEZE
0777	N81ER	C25B
0778	N81ES	VEZE
077D	N81EX	E145
077F	N81EZ	SR20
0780	N81F	J3
0782	N81FB	GLAS
0787	N81FG	BE36
078A	N81FK	SR22
078C	N81FM	M20P
078E	N81FP	DA62
079B	N81GB	BE18
079C	N81GC	BE9T
079D	N81GD	LJ60
07A2	N81GJ	LJ35
07A3	N81GK	GLF4
07A4	N81GL	RV10
07A9	N81GR	VEZE
07AB	N81GT	TB20
07AD	N81GV	GLF4
07AE	N81GW	RV8
07AF	N81GX	GX
07B2	N81H	C140
07B4	N81HB	BE36
07B5	N81HC	BE58
07B6	N81HD	C182
07BE	N81HM	F900
07C0	N81HP	BE9L
07C2	N81HR	PRM1
07C4	N81HT	S22T
07CC	N81JA	TAMP
07CD	N81JB	BE35
07CE	N81JC	VEZE
07CF	N81JD	C72R
07D1	N81JF	PA15
07D2	N81JG	VEZE
07D3	N81JH	CH7A
07D5	N81JK	C414
07D7	N81JM	KR2
07DF	N81JV	LGEZ
07E5	N81KA	FOX
07E7	N81KC	T210
07EA	N81KF	TBM7
07EF	N81KL	PA32
07F2	N81KP	GLIM
07F3	N81KQ	K100
07F5	N81KS	C172
07F6	N81KT	BE35
07F9	N81KW	PTS1
07FD	N81L	C140
07FE	N81LA	C185
07FF	N81LB	C82T
0800	N81LC	P28B
0806	N81LJ	R66
0807	N81LK	MIMU
0808	N81LL	PA24
0809	N81LM	PA32
080A	N81LN	EC35
080B	N81LP	C421
0810	N81LU	GLST
0811	N81LV	CH60
0812	N81LW	C177
0816	N81M	WAIX
0817	N81MA	GC1
0818	N81MB	CC11
081A	N81MD	PA30
081E	N81MH	P28A
081F	N81MJ	TBM7
0821	N81ML	TAIL
0822	N81MM	P28A
0824	N81MP	C82R
0827	N81MS	PA31
0828	N81MT	P210
082A	N81MV	BE20
082B	N81MW	PC12
0836	N81NG	PC12
083B	N81NM	A109
083C	N81NN	C320
0841	N81NT	C680
0848	N81P	FA20
0849	N81PA	BE30
084A	N81PB	M20P
084B	N81PC	PA18
084C	N81PD	RV8
084F	N81PG	J3
0850	N81PH	B06
0852	N81PK	P32R
0853	N81PL	LGEZ
0854	N81PM	P28A
0855	N81PN	C441
0859	N81PS	PTS2
085A	N81PT	GLIM
085D	N81PW	PA32
0864	N81QC	C25C
087B	N81RA	LJ35
087C	N81RB	RV4
087E	N81RD	C421
0881	N81RG	SV4
0882	N81RH	PA31
0883	N81RJ	BE36
0884	N81RK	EXEC
0888	N81RP	C77R
088A	N81RR	RV4
088C	N81RT	C310
088F	N81RW	BLKS
0890	N81RX	RV7
0891	N81RY	C340
0894	N81SA	BE58
0896	N81SC	C210
0897	N81SD	BL8
0898	N81SE	EAGL
0899	N81SF	CL30
089A	N81SG	T206
089D	N81SK	SVNH
089F	N81SM	CH7B
08A0	N81SN	F900
08A5	N81ST	PA32
08A6	N81SU	BE9L
08A9	N81SX	RV8
08AC	N81T	W11
08AE	N81TB	BE58
08AF	N81TC	GLST
08B0	N81TD	RV3
08B1	N81TE	BE58
08B2	N81TF	BE20
08B4	N81TH	PA34
08B5	N81TJ	C182
08B7	N81TL	BE20
08BA	N81TP	C210
08BE	N81TT	RV7
08C8	N81UC	BE58
08D7	N81UT	P28A
08DF	N81VA	VELO
08E0	N81VB	BE35
08E8	N81VK	RV8
08EB	N81VN	LJ35
08EC	N81VP	LNC4
08EE	N81VR	P210
08F0	N81VT	BE35
08F8	N81WA	C310
08F9	N81WB	RV4
08FB	N81WD	GLAS
08FC	N81WE	E545
08FD	N81WF	SR22
08FE	N81WG	FOX
08FF	N81WH	H500
0902	N81WL	C510
0903	N81WM	BE33
0907	N81WR	BE55
0908	N81WS	BE36
090C	N81WW	CRER
090E	N81WY	HUSK
091C	N81XM	M20P
0926	N81XX	ONEX
093D	N81YV	GLID
093F	N81YX	WAIX
094A	N81ZH	C210
095F	N810AC	BE36
0961	N810AE	E135
0962	N810AF	H25B
0969	N810AN	B788
096E	N810AT	PA44
0971	N810AW	A319
0976	N810BA	PC9
0977	N810BB	RV12
0979	N810BD	DUCE
097A	N810BE	C560
097F	N810BK	R44
0980	N810BL	C510
0986	N810BS	BE30
098A	N810BW	C402
0993	N810CE	AS50
0999	N810CL	C172
099C	N810CP	C82T
09A0	N810CT	PC12
09A7	N810D	CL60
09A8	N810DA	P28A
09B4	N810DN	B739
09B8	N810DS	TBM7
09B9	N810DT	BE58
09C2	N810EB	AT8T
09D0	N810ER	DA40
09D2	N810ET	F2TH
09D6	N810EX	DH8A
09DD	N810FD	A310
09E1	N810FH	JSX
09EA	N810FS	C172
09EF	N810FX	AT72
09F4	N810GB	H25B
09F5	N810GC	PA31
0A04	N810GT	CL60
0A07	N810GW	C25C
0A0B	N810H	AS50
0A0E	N810HC	AT73
0A17	N810HM	PA31
0A19	N810HP	RV6
0A20	N810HW	EC30
0A24	N810J	R66
0A26	N810JB	C56X
0A2C	N810JH	JS32
0A2E	N810JK	G280
0A2F	N810JL	C172
0A32	N810JP	PA34
0A35	N810JS	C56X
0A38	N810JV	C180
0A3E	PS-VIA	BE9L
0A3F	N810KB	H25B
0A40	N810KC	P32R
0A46	N810KJ	GL7T
0A4E	N810KS	C72R
0A4F	N810KT	C150
0A57	N810LA	MD60
0A5B	N810LE	AS50
0A5C	N810LF	AS50
0A62	N810LM	C72R
0A70	N810MA	P28A
0A72	N810MC	A119
0A73	N810MD	E170
0A75	N810MF	C172
0A76	N810MG	B38M
0A77	N810MH	EC30
0A78	N810MJ	PA32
0A7B	N810MM	M20P
0A88	N810N	E55P
0A90	N810NH	BE36
0A92	N810NK	P28A
0A94	N810NM	CL35
0A95	N810NN	B738
0A9D	N810NW	A333
0AA1	N810P	RV4
0AA7	N810PF	C25A
0AAA	N810PJ	H60
0AB2	N810PS	CRUZ
0AB3	N810PT	SR22
0AB5	N810PV	S22T
0ACB	N810QS	C700
0AD3	N810R	BE35
0AD5	N810RB	RV6
0AD7	N810RD	BE9L
0AD9	N810RF	C82T
0ADA	N810RG	RV8
0ADF	N810RM	S22T
0AE5	N810RT	SR20
0AEC	N810S	C320
0AED	N810SA	C172
0AF8	N810SM	CRUZ
0AFA	N810SP	B430
0AFC	N810SR	SREY
0AFD	N810SS	C25A
0AFF	N810SU	C172
0B05	N810T	BE95
0B06	N810TA	B732
0B08	N810TC	BE30
0B09	N810TD	E35L
0B11	N810TM	GLF4
0B1A	N810TW	WACO
0B1F	N810UA	A319
0B38	N810VA	RV10
0B3C	N810VE	GLID
0B41	N810VK	RV7
0B50	N810W	C182
0B56	N810WF	EC35
0B62	N810WT	PRM1
0B65	N810WW	SR22
0B74	N810XL	CH60
0BB5	N8100A	DH8A
0BB7	N8100C	CJ6
0BB8	N8100D	FOX
0BBE	N8100K	S108
0BBF	N8100L	DH8A
0BC1	N8100N	P28A
0BC2	N8100P	PA24
0BC5	N8100S	C150
0BC6	N8100T	RV6
0BC8	N8100V	DH8A
0BC9	N8100W	P28A
0BCB	N8100Y	PA18
0BD3	N81006	P32R
0BD4	N81007	PA34
0BD5	N81008	CH70
0BD8	N8101A	PA18
0BDA	N8101C	BE33
0BDB	N8101D	PA44
0BE0	N8101J	BE36
0BE5	N8101P	PA24
0BE8	N8101S	VELO
0BE9	N8101T	BRB2
0BEA	N8101U	C172
0BEC	N8101W	P28A
0BED	N8101X	C172
0BF3	N81013	P32R
0BF4	N81014	P28A
0BF6	N81016	P28A
0BF8	N81018	RV8
0BF9	N81019	RV8
0BFB	N8102A	C170
0BFD	N8102C	RV6
0BFE	N8102D	PA18
0C00	N8102F	C150
0C02	N8102H	P28A
0C04	N8102K	G164
0C06	N8102M	C182
0C08	N8102P	PA24
0C0B	N8102S	P28A
0C0F	N8102W	P28A
0C11	N8102Y	PA18
0C12	N8102Z	C210
0C14	N81021	P28A
0C16	N81023	P28A
0C17	N81024	P28A
0C18	N81025	B350
0C1B	N81028	PISI
0C1E	N8103A	C170
0C1F	N8103B	C172
0C21	N8103D	PIVI
0C24	N8103G	RV4
0C25	N8103H	P28A
0C26	N8103J	B47G
0C28	N8103L	C172
0C29	N8103M	C310
0C34	N8103Y	PA18
0C35	N8103Z	C210
0C36	N81030	C140
0C39	N81033	C140
0C3A	N81034	P28A
0C3B	N81035	AA5
0C3C	N81036	P28A
0C41	N8104A	GLAS
0C42	N8104B	C172
0C43	N8104C	P28A
0C46	N8104F	C150
0C4A	N8104K	G164
0C4B	N8104L	BE9L
0C4C	N8104M	C182
0C4E	N8104P	PA24
0C50	N8104R	BE95
0C51	N8104S	C150
0C52	N8104T	C175
0C53	N8104U	C172
0C54	N8104V	PA18
0C55	N8104W	P28A
0C57	N8104Y	P28R
0C58	N8104Z	C210
0C5A	N81041	AA5
0C5D	N81044	C120
0C61	N81048	AA5
0C62	N81049	C140
0C68	N8105E	PA22
0C6B	N8105H	P28R
0C6C	N8105J	P28R
0C6D	N8105K	G164
0C6E	N8105L	C172
0C71	N8105P	PA24
0C73	N8105R	BE35
0C74	N8105S	EXEC
0C75	N8105T	C175
0C77	N8105V	BE9L
0C78	N8105W	P28A
0C7A	N8105Y	PA18
0C7B	N8105Z	P28R
0C7E	N81052	PA32
0C7F	N81053	P28R
0C80	N81054	C140
0C81	N81055	C140
0C83	N81057	C140
0C84	N81058	C140
0C85	N81059	C140
0C8C	N8106F	C150
0C8E	N8106H	P28R
0C8F	N8106J	BE36
0C92	N8106M	P28B
0C93	N8106N	BE33
0C94	N8106P	P28B
0C96	N8106R	P28B
0C97	N8106S	C150
0C9C	N8106X	C172
0C9D	N8106Y	PA18
0C9E	N8106Z	C210
0C9F	N81060	AA5
0CA1	N81062	SREY
0CA3	N81064	C120
0CA5	N81066	C140
0CA6	N81067	P28B
0CA7	N81068	AA5
0CAA	N8107A	C170
0CAB	N8107B	P28B
0CAD	N8107D	PA34
0CAE	N8107E	M20P
0CB1	N8107H	RS12
0CB4	N8107L	C172
0CB8	N8107Q	PA24
0CBA	N8107S	C150
0CBD	N8107V	BE36
0CBF	N8107X	PA34
0CC0	N8107Y	PA18
0CC1	N8107Z	C210
0CC3	N81071	C140
0CC5	N81073	C140
0CC6	N81074	C140
0CC7	N81075	AA5
0CC8	N81076	AA5
0CCA	N81078	AA5
0CCD	N8108A	C170
0CD2	N8108F	C150
0CD6	N8108K	S108
0CD8	N8108M	P28R
0CDC	N8108R	BE65
0CDD	N8108S	C150
0CDF	N8108U	C150
0CE1	N8108W	PA32
0CE2	N8108X	C172
0CE6	N81081	RV8
0CE8	N81083	C140
0CE9	N81084	C120
0CED	N81088	AA5
0CEE	N81089	AA5
0CF0	N8109A	C170
0CF1	N8109B	BE35
0CF3	N8109D	P28R
0CF7	N8109H	UH12
0CFB	N8109M	C310
0D00	N8109S	C150
0D02	N8109U	C150
0D04	N8109W	P28A
0D06	N8109Y	PA18
0D07	N8109Z	P28B
0D0B	N81093	C140
0D0C	N81094	AA5
0D0D	N81095	AA5
0D12	N811	EXEC
0D13	N811A	BE35
0D14	N811AA	FA20
0D15	N811AB	B788
0D16	N811AC	BE50
0D19	N811AF	C82T
0D1B	N811AH	C82T
0D1D	N811AK	RV7
0D1F	N811AM	H25B
0D21	N811AP	AT8T
0D24	N811AS	P28A
0D25	N811AT	PA44
0D2C	N811B	L8
0D2D	N811BA	A5
0D2E	N811BB	SB20
0D47	N811CB	PA31
0D48	N811CC	SR20
0D4A	N811CE	C56X
0D53	N811CP	C82T
0D56	N811CS	C82S
0D57	N811CT	C172
0D5A	N811CW	BE58
0D5B	N811CX	C150
0D5E	N811D	AC50
0D5F	N811DA	SR22
0D61	N811DC	BE58
0D62	N811DD	PC12
0D65	N811DG	GLIM
0D68	N811DK	S22T
0D69	N811DL	HROC
0D6A	N811DM	S22T
0D6B	N811DN	BE60
0D6E	N811DR	SR22
0D73	N811DW	PA18
0D76	N811DZ	B739
0D78	N811EA	S22T
0D79	N811EB	RV7
0D7A	N811EC	C210
0D87	N811ER	C172
0D88	N811ES	LNCE
0D89	N811ET	DA40
0D8C	N811EW	COY2
0D8D	N811EX	SR22
0D91	N811FA	SR22
0D94	N811FD	A310
0D9B	N811FL	CRJ2
0DA0	N811FR	GLID
0DA1	N811FS	B350
0DA6	N811FX	AT72
0DA9	N811G	ST75
0DB5	N811GM	C185
0DB7	N811GP	AS50
0DB9	N811GR	LJ60
0DBA	N811GS	P32R
0DBB	N811GT	SR22
0DBE	N811GW	C82T
0DC2	N811H	BE30
0DC4	N811HB	LNP4
0DC9	N811HG	E55P
0DCB	N811HJ	C441
0DD6	N811HV	EXEC
0DD7	N811HW	EC30
0DDC	N811JA	C550
0DDD	N811JB	P28B
0DDE	N811JC	RV8
0DDF	N811JD	C172
0DE5	N811JK	RV12
0DE6	N811JL	C525
0DE7	N811JM	S22T
0DED	N811JT	SR22
0DF5	N811KA	B212
0DF7	N811KC	BE9L
0E05	N811KS	C72R
0E08	N811KV	P180
0E0D	N811L	C172
0E0E	N811LA	BE36
0E10	N811LC	S22T
0E12	N811LE	PA30
0E13	N811LF	B105
0E16	N811LJ	PA34
0E18	N811LL	C182
0E19	N811LM	PC12
0E1E	N811LS	C208
0E1F	N811LT	SR22
0E21	N811LV	EC30
0E22	N811LW	F8L
0E26	N811M	VTRA
0E27	N811MA	BE58
0E28	N811MB	C680
0E29	N811MC	C310
0E2B	N811ME	EC35
0E30	N811MK	GLF6
0E38	N811MT	CL60
0E3F	N811N	C310
0E40	N811NA	C421
0E4C	N811NN	B738
0E54	N811NW	A333
0E5A	N811PB	BE58
0E5B	N811PC	PC12
0E5D	N811PE	C82S
0E5F	N811PG	C421
0E61	N811PJ	AC50
0E64	N811PM	E300
0E69	N811PS	CRUZ
0E82	N811QS	C700
0E8B	N811RA	LJ60
0E90	N811RF	RV6
0E92	N811RH	VEZE
0E93	N811RJ	KR2
0E9B	N811RS	UH1
0E9C	N811RT	SR22
0E9E	N811RV	RV4
0EA3	N811S	R44
0EA5	N811SB	S22T
0EA8	N811SE	EAGL
0EA9	N811SF	B06
0EAA	N811SG	M7
0EAB	N811SH	C560
0EB3	N811SR	SR22
0EB4	N811SS	M20P
0EBD	N811TA	A139
0EBE	N811TB	BE58
0EC0	N811TD	GLF5
0EC2	N811TF	RV12
0EC5	N811TJ	B733
0EC8	N811TM	GLF6
0ECA	N811TP	AT8T
0ECC	N811TR	JABI
0ECD	N811TS	M20P
0ECE	N811TT	H269
0ED1	N811TW	C82T
0ED2	N811TX	MT
0ED6	N811UA	A319
0EEE	N811V	M7
0EF5	N811VG	C551
0EF9	N811VL	B738
0EFA	N811VM	PC12
0F08	N811WA	H500
0F09	N811WB	B505
0F0A	N811WC	FOX
0F0B	N811WD	BE95
0F0C	N811WE	C560
0F0D	N811WF	B350
0F10	N811WJ	RV7
0F11	N811WK	GALX
0F13	N811WM	SR20
0F19	N811WT	SHEK
0F20	N811X	T210
0F36	N811XX	PA11
0F3D	N811YD	HUSK
0F52	N811Z	EN28
0F6D	N8110B	P28B
0F6E	N8110C	P28A
0F6F	N8110D	PA34
0F71	N8110F	P28A
0F76	N8110L	C172
0F79	N8110P	PA24
0F7C	N8110S	C150
0F7D	N8110T	PA34
0F7E	N8110U	C172
0F81	N8110X	S2P
0F85	N81101	FNKB
0F86	N81102	FNKB
0F87	N81103	AA5
0F88	N81104	AA5
0F89	N81105	B789
0F8B	N81107	B789
0F8E	N8111	RV8
0F8F	N8111A	B738
0F90	N8111B	C172
0F9A	YV3007	BE58
0F9B	N8111N	CH7A
0F9C	N8111P	PA34
0F9F	N8111S	C150
0FA0	N8111T	C175
0FA1	N8111U	C172
0FA4	N8111X	C172
0FA5	N8111Y	PA30
0FA6	N8111Z	C210
0FA7	N81110	B789
0FA9	N81112	AA5
0FAE	N81117	FNKB
0FAF	N81118	GL5T
0FB1	N8112	TVLB
0FB4	N8112C	P28A
0FBA	N8112J	P28A
0FBD	N8112M	C310
0FBF	N8112P	PA22
0FC0	N8112Q	P28A
0FC1	N8112R	BE33
0FC2	N8112S	HROC
0FC3	N8112T	BE33
0FC4	N8112U	C172
0FC6	N8112W	P28A
0FC8	N8112Y	PA30
0FC9	N8112Z	C210
0FCD	N81123	FNKB
0FCE	N81124	AA5
0FD0	N81126	FNKB
0FD5	N8113A	C170
0FD6	N8113B	P28A
0FD7	N8113C	PA22
0FD8	N8113D	PA22
0FDA	N8113F	C150
0FDC	N8113H	P28A
0FDE	N8113K	P28A
0FDF	N8113L	C172
0FE0	N8113M	C310
0FE2	N8113P	PA24
0FE4	N8113R	P28A
0FE5	N8113S	C150
0FE9	N8113W	P28A
0FEA	N8113X	P28A
0FED	N81130	FNKB
0FEE	N81131	FNKB
0FEF	N81132	FNKB
0FF0	N81133	P28A
0FF1	N81134	FNKB
0FF2	N81135	FNKB
0FF3	N81136	FNKB
0FF4	N81137	FNKB
0FF5	N81138	FNKB
0FF6	N81139	FNKB
0FF8	N8114A	P28A
0FF9	N8114B	C172
0FFB	N8114D	PA22
0FFC	N8114E	M20P
0FFD	N8114F	P28A
1001	N8114K	G164
1002	N8114L	RV7
1006	N8114Q	C150
1007	N8114R	P28B
1009	N8114T	S2P
1010	N81140	AA5
1012	N81142	FNKB
1013	N81143	FNKB
1017	N81147	AA5
1018	N81148	FNKB
1019	N81149	P28A
101B	N8115A	RAF2
101C	N8115B	P28A
101F	N8115E	C82R
1021	N8115G	BT36
1024	N8115K	S108
1025	N8115L	P28A
1026	N8115M	S2P
1028	N8115P	P28A
102A	N8115R	BE35
102B	N8115S	C150
102C	N8115T	C175
102F	N8115W	P28A
1036	N81153	FNKB
1038	N81155	AA5
103A	N81157	FNKB
103B	N81158	AA5
103F	N8116B	P28A
1043	N8116F	C150
1044	N8116G	C210
1045	N8116H	UH12
1046	N8116J	P28A
1047	N8116K	G164
1049	N8116M	C310
104A	N8116N	B350
104C	N8116Q	P28R
104D	N8116R	P28R
1052	N8116W	P28A
1055	N8116Z	C210
1056	N81160	FNKB
1058	N81162	FNKB
105A	N81164	AA5
105C	N81166	AA5
1060	N8117	B47G
1061	N8117A	C170
1062	N8117B	P28R
1068	N8117H	UH12
106A	N8117K	P28B
106E	N8117P	PA24
1070	N8117R	P28B
1071	N8117S	P28B
1075	N8117W	P28B
1078	N8117Z	P28B
107B	N81172	ST75
107C	N81173	FNKB
107F	N81176	FNKB
1080	N81177	AA5
1081	N81178	FNKB
1085	N8118B	C172
1086	N8118C	PA22
1087	N8118D	GLST
1089	N8118F	C150
108F	N8118M	C310
1090	N8118N	PTS2
1092	N8118Q	P28B
1094	N8118S	P28B
1095	N8118T	P28B
1096	N8118U	C172
1098	N8118W	P28A
1099	N8118X	P32R
109A	N8118Y	B105
109B	N8118Z	P32R
109C	N81180	FNKB
109D	N81181	AA5
109E	N81182	AA5
109F	N81183	AA5
10A0	N81184	FNKB
10A1	N81185	FNKB
10A2	N81186	FNKB
10A4	N81188	P28B
10A6	N8119	EFOX
10A7	N8119A	C170
10A8	N8119B	P28A
10A9	N8119C	P28A
10AA	N8119D	PA22
10AB	N8119E	M20P
10AE	N8119H	P28A
10AF	N8119J	FB1A
10B4	N8119P	P28A
10B5	N8119Q	P28A
10B6	N8119R	BE35
10B8	N8119T	C175
10B9	N8119U	C150
10BD	N8119Y	PA30
10BE	N8119Z	P28R
10BF	N81190	FNKB
10C0	N81191	R44
10C7	N81198	FNKB
10CB	N812AA	B788
10CC	N812AB	RV6
10CD	N812AC	BE65
10CF	N812AE	E135
10D0	N812AF	C82T
10D8	N812AP	BE36
10DF	N812AW	A319
10E1	N812AY	CRJ2
10E3	N812B	L8
10E6	N812BC	T6
10E8	N812BE	P32R
10EA	N812BG	BE36
10EE	N812BL	PTS2
10F1	N812BP	C56X
10F4	N812BS	RV4
10F5	N812BT	SR22
10FB	N812BZ	R44
10FF	N812CC	PA11
1100	N812CD	SR22
1104	N812CH	M20P
110A	N812CP	C172
110C	N812CR	BE9L
110D	N812CS	SR22
110E	N812CT	RV6
1115	N812D	C182
1116	N812DA	C172
1117	N812DB	SR22
1119	N812DD	AC11
111E	N812DJ	PA32
1120	N812DL	RV12
1121	N812DM	SR22
1122	N812DN	B739
112A	N812DW	SR22
112F	N812EA	S22T
1130	N812EB	AT8T
1137	N812EJ	RV12
113E	N812ER	C172
1142	N812EV	EVSS
1144	N812EX	DH8A
1147	N812F	C185
114B	N812FD	A310
1158	N812FS	PC12
1159	N812FT	GALX
115D	N812FX	AT73
1160	N812G	CL60
1161	N812GA	PC12
1162	N812GB	BE9T
1164	N812GD	GA8C
1168	N812GH	CL35
116A	N812GK	FOX
116C	N812GM	COZY
1170	N812GR	LJ60
1171	N812GS	PC12
1175	N812GW	EXEC
1179	N812H	RV14
117A	N812HA	C550
1187	N812HP	RV8
118D	N812HV	T206
118E	N812HW	EC30
1192	N812J	C510
1194	N812JB	FOX
1195	N812JC	BE58
1196	N812JD	PA32
119E	N812JM	SF50
11A0	N812JP	SR22
11A3	N812JS	P28B
11A4	N812JT	VELO
11AB	N812K	C240
11AC	N812KA	AT8T
11AE	N812KC	CL30
11B5	N812KK	C182
11B7	N812KM	RV12
11BB	N812KR	C182
11BC	N812KS	C72R
11C0	N812KW	C140
11C4	N812L	RV10
11C5	N812LA	DA40
11C7	N812LC	COZY
11C9	N812LE	B429
11CC	N812LH	MD60
11CF	N812LL	H25B
11D2	N812LP	E55P
11D8	N812LV	EC35
11DD	N812M	P32R
11DE	N812MA	HUSK
11DF	N812MB	PA46
11E0	N812MC	C82T
11E2	N812ME	C550
11E5	N812MH	EC30
11E6	N812MJ	EXNG
11E9	N812MM	RV12
11EF	N812MT	S22T
11F3	N812MX	F5
11F6	N812N	TBM7
11F9	N812NC	PC12
11FA	N812ND	P28A
11FB	N812NE	C25C
1203	N812NN	B738
1207	N812NS	AT8T
120B	N812NW	A333
1210	N812PA	PC12
1211	N812PB	SF50
121A	N812PL	C182
121B	N812PM	F900
1220	N812PS	CRUZ
1221	N812PT	M20T
1223	N812PV	COL4
1228	N812Q	C240
1239	N812QS	C700
1241	N812R	BE35
1242	N812RA	PC24
1243	N812RB	GLF5
1248	N812RG	DFLY
124A	N812RJ	R66
124C	N812RL	FOX
124F	N812RP	LJ60
1251	N812RR	M7
1252	N812RS	RV8
1255	N812RV	RV7
1257	N812RX	F2TH
125B	N182SA	PC12
125C	N812SB	UH1
125D	N812SC	AC80
125E	N812SD	H25B
125F	N812SE	SR22
1260	N812SF	NG5
1262	N812SH	C560
1266	N812SM	RV6
1268	N812SP	LGEZ
126A	N812SR	C414
126F	N812SW	R66
1275	N812TB	PA31
1276	N812TC	CRER
1278	N812TE	RV8
127E	N812TL	R44
127F	N812TM	AA5
1283	N812TR	SR20
1284	N812TS	RV12
1285	N812TT	BE20
1288	N812TW	SR22
128D	N812UA	A319
129A	N812UP	B38M
129C	N812UR	B06
12A5	N812V	C340
12B0	N812VL	B738
12BE	N812W	T206
12CA	N812WM	PA32
12CC	N812WP	BE36
12D3	N812WW	S22T
12D7	N812X	VTRA
12F6	N812YF	KR2
1309	N812Z	C25C
1323	N8120A	C170
1324	N8120B	P28A
1325	N8120C	CJ6
1328	N8120F	P28A
132B	N8120J	P28A
132C	N8120K	G164
132E	N8120M	P28A
132F	N8120N	BE33
1330	N8120P	PA24
1335	N8120U	C150
1337	N8120W	ACAM
1338	N8120X	P28A
1339	N8120Y	PA30
133A	N8120Z	C210
133C	N81201	FA24
133D	N81202	P28A
133F	N81204	FA24
1341	N81206	FA24
1342	N81207	FA24
1343	N81208	FA24
1344	N81209	FA24
1345	N8121	RV9
1347	N8121B	SA75
134B	N8121F	P28A
134C	N8121G	C210
134D	N8121H	UH1
134E	N8121J	P28A
134F	N8121K	P28A
1350	N8121L	UH1
1352	N8121N	BE33
1358	N8121U	C172
1359	N8121V	C150
135A	N8121W	P28A
135E	N81210	FA24
135F	N81211	UH1
1360	N81212	FA24
1361	N81213	FA24
1362	N81214	FA24
1364	N81216	FA24
1365	N81217	UH1
1369	N8122A	C170
136A	N8122B	P28A
136B	N8122C	PA22
136C	N8122D	PA22
136D	N8122E	UH1
136E	N8122F	C150
1370	N8122H	P28A
1372	N8122K	S108
1374	N8122M	C310
1375	N8122N	UH1
1376	N8122P	PA24
1377	N8122Q	P28A
1378	N8122R	BE95
1379	N8122S	C150
137C	N8122V	L39
137D	N8122W	P28A
137E	N8122X	C172
1380	N8122Z	P28B
1382	N81221	FA24
1383	N81222	FA24
1384	N81223	PA32
1385	N81224	UH1
1387	N81226	FA24
1388	N81227	AA5
1389	N81228	FA24
138A	N81229	FA24
138C	N8123A	C170
138D	N8123B	C172
138E	N8123C	P32R
1391	N8123F	C150
1392	N8123G	T206
1395	N8123K	S108
1396	N8123L	C150
1397	N8123M	UH1
1398	N8123N	BE58
139A	N8123Q	T206
139D	N8123T	C175
139E	N8123U	C150
13A0	N8123W	P28B
13A1	N8123X	P28B
13A3	N8123Z	C210
13A4	N81230	FA24
13A8	N81234	FA24
13A9	N81235	ST75
13AB	N81237	AA5
13AF	N8124A	P28B
13B0	N8124B	C172
13B4	N8124F	C150
13B5	N8124G	LGEZ
13B7	N8124J	P28B
13B9	N8124L	BE58
13BA	N8124M	P28B
13BC	N8124P	SR22
13BD	N8124Q	P28B
13BF	N8124S	P28B
13C0	N8124T	C175
13C1	N8124U	C172
13C2	N8124V	C172
13C4	N8124X	C172
13C5	N8124Y	PA23
13C8	N81241	FA24
13C9	N81242	FA24
13CA	N81243	FA24
13CB	N81244	FA24
13CF	N81248	FA24
13D2	N8125A	P28B
13D3	N8125B	C172
13D5	N8125D	P32R
13D6	N8125E	SR22
13D7	N8125F	C402
13D8	N8125G	C188
13DA	N8125J	B47G
13DB	N8125K	S108
13DC	N8125L	PA44
13DD	N8125M	C182
13DF	N8125P	PA24
13E3	N8125T	C175
13E4	N8125U	C172
13E6	N8125W	P28A
13E7	N8125X	C172
13E8	N8125Y	P28A
13E9	N8125Z	C210
13EA	N81250	P28A
13EB	N81251	AA5
13EC	N81252	AA5
13EE	N81254	BE36
13EF	N81255	FA24
13F1	N81257	AA5
13F2	N81258	FA24
13F3	N81259	RV4
13F5	N8126A	C170
13F6	N8126B	C172
13F8	N8126D	PA22
13F9	N8126E	C172
13FA	N8126F	C150
13FB	N8126G	SR22
13FE	N8126K	G164
13FF	N8126L	B350
1400	N8126M	P28A
1401	N8126N	BE33
1402	N8126P	PA24
1405	N8126S	C150
1406	N8126T	C170
140A	N8126X	P28A
140C	N8126Z	C210
140D	N81260	P28A
140E	N81261	FA24
1410	N81263	FA24
1411	N81264	FA24
1412	N81265	FA24
1415	N81268	AA5
1417	N8127	MUS2
1418	N8127A	SR22
141B	N8127D	PA22
141F	N8127H	P28B
1421	N8127K	PA32
1423	N8127M	SR22
1425	N8127P	PA24
1426	N8127Q	PA32
1427	N8127R	BE95
1429	N8127T	C175
142A	N8127U	C150
142D	N8127X	C172
142E	N8127Y	PA30
142F	N8127Z	P32R
1430	N81270	FA24
1431	N81271	FA24
1434	N81274	AA5
1435	N81275	FA24
1436	N81276	FA24
1439	N81279	FA24
143A	N8128	PTS1
143C	N8128B	P32R
143E	N8128D	PA22
1440	N8128F	C150
1443	N8128J	PA34
1444	N8128K	G164
1445	N8128L	C210
1446	N8128M	C182
1447	N8128N	BE33
1448	N8128P	PA24
1449	N8128Q	PA32
144B	N8128S	C150
144C	N8128T	C175
144D	N8128U	C172
144F	N8128W	P28A
1450	N8128X	P28A
1456	N81283	AA5
1457	N81284	FA24
1458	N81285	FA24
1459	N81286	AA5
145B	N81288	FA24
145C	N81289	AA5
145F	N8129B	C172
1463	N8129F	C150
1464	N8129G	T210
1465	N8129H	P32R
1466	N8129J	P28A
1467	N8129K	S108
1469	N8129M	P28A
1475	N8129Z	C210
1478	N81292	FA24
147A	N81294	FA24
147B	N81295	FA24
1480	N813	DG15
1484	N813AC	H25B
1486	N813AE	E135
148B	N813AK	B38M
148D	N813AM	EC30
148E	N813AN	B788
1492	N813AS	LJ35
1496	N813AW	A319
1498	N813AY	CRJ2
149A	N813B	L8
149C	N813BB	SB20
14A5	N813BL	BE10
14B3	N813C	S108
14B6	N813CC	RV8
14B7	N813CD	SR22
14B9	N813CF	PAY3
14BA	N813CG	SR22
14BB	N813CH	BE35
14BF	N813CM	EXEC
14C0	N813CN	PA44
14C1	N813CP	C82T
14C5	N813CT	P28A
14CF	N813DC	P28A
14D3	N813DG	A139
14D4	N813DH	CL35
14D5	N813DJ	CH70
14D6	N813DK	P32R
14D7	N813DL	P32R
14D8	N813DM	T210
14D9	N813DN	B739
14E4	N813DZ	PTS1
14E6	N813EA	PC12
14E7	N813EB	AT8T
14E9	N813ED	KR2
14F5	N813ER	C172
14FB	N813EX	C208
1502	N813FD	A310
1508	N813FK	B412
1509	N813FL	CH70
150A	N813FM	C525
150F	N813FS	NG5
1518	N813GA	BE95
1519	N813GB	AC80
151D	N813GF	C72R
151E	N813GG	TBM7
1525	N813GP	SREY
1533	N813HC	C82T
1534	N813HD	G150
1547	N813HY	C172
1549	N813J	RV12
154B	N813JB	BE9L
154C	N813JC	RV12
154D	N813JD	C550
1551	N813JH	T206
1552	N813JJ	M20P
1555	N813JM	P32R
155A	N813JS	P32R
155E	N813JW	C77R
1564	N813KB	H60
156E	N813KM	CH7B
1570	N813KP	SR22
1573	N813KS	C72R
157D	N813LB	FDCT
1580	N813LE	M700
1589	N813LP	M600
158C	N813LS	CL60
1597	N813MC	SS2T
1598	N813MD	C170
159C	N813MH	EC30
159D	N813MJ	RV7
15A0	N813MM	BE36
15A9	N813MW	R44
15AE	N813NA	H25B
15B1	N813ND	P28R
15BA	N813NN	B738
15C2	N813NW	A333
15C6	N813P	P28A
15CF	N813PJ	BE36
15D0	N813PK	C82S
15D7	N813PS	S22T
15F0	N813QS	GLF5
15FD	N813RE	C560
1602	N813RK	SR22
1604	N813RM	C337
1606	N813RP	HIGH
1608	N813RR	B06
1609	N813RS	CAMP
160C	N813RV	RV12
1617	N813SF	GLIM
1619	N813SH	C560
161B	N813SK	CRJ9
161D	N813SM	RBEL
1621	N813SR	SREY
1622	N813SS	P28A
1626	N813SW	T206
1628	N813SY	B738
162A	N813T	RV7
162B	N813TA	CL60
1635	N813TL	DC91
163C	N813TT	AVID
1644	N813UA	A319
1657	N620BA	C25B
165C	N813V	F2TH
166C	N813VR	H25B
1670	N813VV	RAF2
1675	N813W	C140
1677	N813WB	GL5T
1681	N813WM	GALX
1691	N813XC	C140
1692	N813XD	CRER
16DB	N8130B	C172
16DD	N8130D	PA22
16E0	N8130G	C188
16E4	N8130L	T210
16E5	N8130M	C182
16E7	N8130P	PA24
16E9	N8130R	BT36
16EE	N8130W	P28A
16EF	N8130X	P28B
16F0	N8130Y	P28B
16F1	N8130Z	C210
16F5	N81303	AA5
16F7	N81305	PA32
16F8	N81306	FA24
16FB	N81309	FA24
16FC	N8131	PA31
16FD	N8131A	J3
1700	N8131D	PA22
1701	N8131E	PA34
1703	N8131G	C210
1704	N8131H	BE36
1707	N8131L	C150
1709	N8131N	BE33
170A	N8131P	PA24
170B	N8131Q	C414
170C	N8131R	P28A
170F	N8131U	C172
1711	N8131W	P28A
1712	N8131X	P28A
1716	N81311	FA24
1718	N81313	FA24
171A	N81315	AA5
171B	N81316	FA24
171C	N81317	AA5
171D	N81318	FA24
171E	N81319	AA5
1720	N8132A	C170
1721	N8132B	P28A
1722	N8132C	PA22
1724	N8132E	P28A
172C	N8132N	BE33
172D	N8132P	PA24
172E	N8132Q	C414
172F	N8132R	P28A
1730	N8132S	C150
1731	N8132T	C175
1734	N8132W	P28A
1736	N8132Y	PA30
1737	N8132Z	C210
1739	N81321	P28A
173C	N81324	FA24
173D	N81325	FA24
173E	N81326	FA24
173F	N81327	P28A
1740	N81328	AA5
1741	N81329	FA24
1744	N8133B	C172
1745	N8133C	P28A
1746	N8133D	UH1
1747	N8133E	P28A
1748	N8133F	C150
174B	N8133J	P28A
174C	N8133K	G164
1750	N8133P	PA24
1751	N8133Q	C310
1752	N8133R	BE33
1753	N8133S	PA32
1756	N8133V	BE33
1759	N8133Y	PA30
175A	N8133Z	SR22
175B	N81330	FA24
175C	N81331	FA24
175D	N81332	FA24
175F	N81334	FA24
1760	N81335	FA24
1763	N81338	FA24
1766	N8134A	L5
1767	N8134B	C172
1768	N8134C	PA22
176B	N8134F	C150
176C	N8134G	DHC2
176F	N8134K	PA34
1774	N8134Q	C414
1775	N8134R	BE33
1776	N8134S	PA34
1778	N8134U	C172
177B	N8134X	C172
177E	N81340	FA24
1781	N81343	FA24
1782	N81344	P28A
1783	N81345	AA5
1784	N81346	FA24
1785	N81347	AA5
1786	N81348	FA24
1787	N81349	FA24
1789	N8135A	SR22
178B	N8135C	P28A
178C	N8135D	PA22
178F	N8135G	P28A
1791	N8135J	B47G
1792	N8135K	S108
1795	N8135N	BE36
1796	N8135P	P28A
1798	N8135R	BE35
179C	N8135V	SR22
179D	N8135W	P28A
179E	N8135X	C172
17A5	N81354	AA5
17A7	N81356	FA24
17A8	N81357	AA5
17A9	N81358	FA24
17AA	N81359	AA5
17AD	N8136B	C172
17B0	N8136E	BE36
17B1	N8136F	C150
17B4	N8136J	P28A
17B5	N8136K	S108
17B6	N8136L	C210
17B7	N8136M	C182
17B9	N8136P	PA24
17BA	N8136Q	P28A
17BB	N8136R	BE36
17BC	N8136S	C150
17BD	N8136T	B06
17BE	N8136U	C172
17C0	N8136W	P28A
17C1	N8136X	C172
17C2	N8136Y	P28B
17C3	N8136Z	C310
17C4	N81360	AA5
17C5	N81361	FA24
17C6	N81362	FA24
17C7	N81363	FA24
17C8	N81364	AA5
17CB	N81367	AA5
17CC	N81368	AA5
17CD	N81369	FA24
17CF	N8137A	P28B
17D0	N8137B	C172
17D1	N8137C	P28B
17D2	N8137D	PA32
17D4	N8137F	C150
17D5	N8137G	C210
17D6	N8137H	PA32
17D8	N8137K	G164
17D9	N8137L	C210
17DC	N8137P	BE36
17DD	N8137Q	P28A
17DE	N8137R	BE35
17E1	N8137U	P28A
17E2	N8137V	P32R
17E4	N8137X	C172
17E5	N8137Y	PA30
17E6	N8137Z	C210
17EA	N81373	FA24
17ED	N81376	AA5
17EE	N81377	AA5
17F1	N8138	SA6
17F2	N8138A	C170
17F5	N8138D	PA22
17F6	N8138E	GLST
17F8	N8138G	T210
17F9	N8138H	P28A
17FA	N8138J	SR22
17FB	N8138K	G164
17FC	N8138L	C152
17FF	N8138P	PA24
1800	N8138Q	C185
1801	N8138R	BE36
1802	N8138S	SR22
1803	N8138T	C175
1804	N8138U	C150
1806	N8138W	P28A
1807	N8138X	C172
1808	N8138Y	P28A
1809	N8138Z	P28B
180A	N81380	FA24
180C	N81382	AA5
180E	N81384	AA5
180F	N81385	FA24
1810	N81386	FA24
1812	N81388	AA5
1816	N8139B	C172
1817	N8139C	SR22
1818	N8139D	SR20
181A	N8139F	P32R
181C	N8139H	P28R
181E	N8139K	SR22
181F	N8139L	T210
1820	N8139M	C310
1821	N8139N	RV4
1824	N8139R	BE33
1827	N8139U	C150
1828	N8139V	SR22
1829	N8139W	P28A
182A	N8139X	C172
182B	N8139Y	PA30
182D	N81390	FA24
182E	N81391	ACR2
182F	PR-MTT	BE58
1830	N81393	FA24
1832	N81395	FA24
1833	N81396	FA24
1835	N81398	RV6
1836	N81399	J3
1837	N814	SR20
1838	N814A	B350
1839	N814AA	B788
183A	N814AB	SSTL
183B	N814AC	BL8
183D	N814AE	E135
183E	N814AF	CL35
1842	N814AK	B38M
1848	N814AR	PUMA
184A	N814AT	PA44
184D	N814AW	A319
1852	N814BA	C185
1853	N814BB	SB20
1854	N814BC	DHC6
1858	N814BG	SR20
1859	N814BH	S22T
185A	N814BJ	RLU1
185C	N814BL	TAYB
185D	N814BM	C172
1861	N814BR	C560
1864	N814BU	GL7T
1865	N814BV	CH75
1866	N814BW	RV10
186A	N814C	S108
186C	N814CB	P32R
186D	N814CC	CH75
186E	N814CD	SR22
1872	N814CH	PA34
1875	N814CL	DC3
1876	N814CM	PA18
1878	N814CP	GLF4
187E	N814CV	TB20
1885	N814DB	BE95
1887	N814DD	CC11
1888	N814DE	C172
1889	N814DF	RV12
188F	N814DM	C25A
1890	N814DN	B739
1891	N814DP	RV8
1898	N814DW	DHC2
18A4	N814EH	AS50
18A8	N814EM	SR22
18AD	N814ES	BE36
18B0	N814EV	EVSS
18B5	N814F	AS50
18B6	N814FA	C82S
18BC	N814FG	C172
18BE	N814FJ	SONX
18BF	N814FK	GLAS
18DC	N814GP	AA1
18E8	N814HA	C72R
18EF	N814HH	COL4
18F8	N814HS	BE30
1900	N814J	C337
1903	N814JC	BE95
1905	N814JE	BE50
1907	N814JG	BE36
1908	N814JH	C182
190C	N814JM	PA18
1912	N814JT	RV14
191B	N814KB	H60
191C	N814KC	P28A
192A	N814KS	C72R
192D	N814KV	RV8
1932	N814L	DA40
1933	N814LA	BE36
1935	N814LC	BE9L
1939	N814LG	C25A
193F	N814LN	EC35
1943	N814LS	GLID
1944	N814LT	SR22
1946	N814LV	EC45
194B	N814M	P28A
194C	N814MA	PA32
194D	N814MB	RV8
194E	N814MC	AS50
1953	N814MH	EC30
1957	N814MM	RV8
195C	N814MS	P28A
1964	N814N	E55P
1968	N814ND	P28R
196B	N814NG	CH7A
1971	N814NN	B738
1979	N814NW	A333
197D	N814P	PA11
197E	N814PA	PC12
1981	N814PD	RV10
1986	N814PJ	H60
1989	N814PM	RV8
198B	N814PP	FDCT
198D	N814PR	GLF5
198E	N814PS	CL60
19A7	N814QS	C700
19B0	N814RA	SR20
19B2	N814RC	PA30
19B7	N814RH	AT5T
19BA	N814RL	R44
19BD	N814RP	SMAX
19C1	N814RT	DHC6
19C3	N814RV	RV10
19C9	N814SA	C72R
19CC	N814SD	RV7
19CD	N814SE	RV14
19D0	N814SH	C560
19D3	N814SL	GLST
19D4	N814SM	AS50
19D6	N814SP	E55P
19D8	N814SR	SR22
19D9	N814SS	DHC6
19DA	N814ST	H25B
19DD	N814SW	C340
19DF	N814SY	B738
19E5	N814TD	BE36
19E7	N814TF	PA46
19F1	N814TR	TBM9
19F2	N814TS	LJ60
19F6	N814TW	P28A
19FA	N814U	G2CA
19FB	N814UA	A319
1A1E	N814VL	B738
1A2D	N814WA	PC12
1A2E	N814WB	FDCT
1A38	N814WM	C82S
1A3D	N814WS	C510
1A3E	N814WT	PA34
1A45	N814X	AS50
1A60	N814YB	G164
1A92	N8140B	C172
1A94	N8140D	PA22
1A95	N8140E	P28R
1A97	N8140G	BE36
1A99	N8140J	B47G
1A9A	N8140K	S108
1A9D	N8140N	BE33
1A9E	N8140P	P28B
1A9F	N8140Q	P28B
1AA1	N8140S	SR22
1AA3	N8140U	C172
1AA6	N8140X	C172
1AA9	N81400	AT3T
1AAA	N81401	CH7A
1AAC	N81403	CH7A
1AAF	N81406	P28B
1AB2	N81409	AR11
1AB6	N8141C	PA22
1AB7	N8141D	PA22
1AB9	N8141F	SR22
1ABA	N8141G	T210
1ABD	N8141K	LGEZ
1ABE	N8141L	SR22
1ABF	N8141M	C310
1AC2	N8141Q	SR22
1AC3	N8141R	P32R
1AC4	N8141S	C150
1AC8	N8141W	P28A
1ACA	N8141Y	BE33
1ACB	N8141Z	P28A
1ACC	N81410	GLID
1ACD	N81411	CH7A
1ACE	N81412	CH7A
1AD0	N81414	CH7A
1AD1	N81415	CH7A
1AD4	N81418	SW4
1AD6	N8142	RV3
1AD7	N8142A	C170
1AD8	N8142B	C172
1ADA	N8142D	PA22
1ADB	N8142E	M20P
1ADE	N8142H	P28A
1AE0	N8142K	P28A
1AE1	N8142L	R22
1AE3	N8142N	BE36
1AE6	N8142R	BE35
1AE7	N8142S	C150
1AE8	N8142T	C175
1AE9	N8142U	C172
1AEA	N8142V	C150
1AEB	N8142W	BE33
1AEC	N8142X	C172
1AED	N8142Y	PA18
1AEE	N8142Z	C210
1AEF	N81420	CH7A
1AF1	N81422	CH7A
1AF3	N81424	C172
1AF4	N81425	CH7A
1AF7	N81428	CH7A
1AF8	N81429	CH7A
1AFA	N8143A	C170
1AFB	N8143B	M7
1AFC	N8143C	PA22
1AFD	N8143D	SR22
1AFE	N8143E	PA18
1B00	N8143G	C210
1B01	N8143H	P28A
1B02	N8143J	BE33
1B03	N8143K	S108
1B07	N8143P	PA24
1B0A	N8143S	C150
1B0B	N8143T	C175
1B0C	N8143U	C172
1B0D	N8143V	C150
1B0E	N8143W	P28A
1B10	N8143Y	PA30
1B11	N8143Z	C210
1B13	N81431	CH7A
1B14	N81432	B350
1B18	N81436	P32R
1B19	N81437	BE9L
1B1D	N8144A	PA32
1B1E	N8144B	C172
1B1F	N8144C	PA22
1B23	N8144G	P32R
1B24	N8144H	P32R
1B29	N8144N	ERCO
1B2A	N8144P	PA32
1B2D	N8144S	C150
1B2E	N8144T	C175
1B2F	N8144U	C150
1B30	N8144V	C150
1B31	N8144W	P28A
1B32	N8144X	C172
1B33	N8144Y	PA32
1B34	N8144Z	SR22
1B36	N81441	P28A
1B38	N81443	CH7A
1B3A	N81445	CH7A
1B3C	N81447	CH7A
1B3E	N81449	B739
1B3F	N8145	GLID
1B40	N8145A	C170
1B41	N8145B	C172
1B42	N8145C	PA22
1B43	N8145D	PA22
1B4D	N8145P	PA24
1B4E	N8145Q	C414
1B4F	N8145R	BE95
1B50	N8145S	C150
1B51	N8145T	C175
1B52	N8145U	SR22
1B53	N8145V	P28A
1B54	N8145W	P28A
1B55	N8145X	C172
1B59	N81451	CH7A
1B5D	N81455	CH7A
1B5E	N81456	CH7A
1B5F	N81457	CH7A
1B63	N8146A	P28A
1B65	N8146C	PA22
1B6B	N8146J	SR22
1B6D	N8146L	SR22
1B70	N8146P	HIGH
1B71	N8146Q	T206
1B74	N8146T	SR20
1B76	N8146V	C150
1B77	N8146W	P28A
1B79	N8146Y	P32R
1B81	N81466	CH7A
1B83	N81468	CH7A
1B86	N8147A	P32R
1B87	N8147B	P32R
1B89	N8147D	PA34
1B8A	N8147E	PA34
1B8B	N8147F	PA34
1B91	N8147M	C310
1B93	N8147P	PA24
1B96	N8147S	C150
1B99	N8147V	C188
1B9A	N8147W	P28A
1B9B	N8147X	P28A
1B9C	N8147Y	PA30
1BA0	N81472	CH7A
1BAA	N8148B	C172
1BAE	N8148F	SR22
1BB1	N8148J	P28A
1BB2	N8148K	G164
1BB3	N8148L	P28A
1BB4	N8148M	SR20
1BB6	N8148P	P28A
1BBF	N8148Y	P32R
1BC0	N8148Z	P28B
1BC2	N81481	P32R
1BC3	N81482	CH7A
1BC4	N81483	GLST
1BC5	N81484	CH7A
1BC6	N81485	CH7A
1BC8	N81487	B350
1BC9	N81488	CH7A
1BCC	N8149A	P28A
1BCD	N8149B	C172
1BD0	N8149E	P28B
1BD7	N8149M	C182
1BD9	N8149P	CVLP
1BDB	N8149R	P28A
1BDC	N8149S	BE20
1BDD	N8149T	P28A
1BE0	N8149W	SR22
1BE1	N8149X	C172
1BE2	N8149Y	P28A
1BE3	N8149Z	C210
1BE7	N81493	P28A
1BE9	N81495	CH7A
1BEB	N81497	P28A
1BF0	N815AA	B788
1BF2	N815AC	C310
1BF4	N815AE	E135
1BF9	N815AK	B38M
1BFB	N815AM	B789
1BFF	N815AR	PUMA
1C04	N815AW	A319
1C08	N815B	L8
1C0A	N815BB	CJ6
1C0B	N815BC	BL8
1C0E	N815BF	BE95
1C21	N815C	E300
1C22	N815CA	CRJ2
1C23	N815CB	CH80
1C26	N815CE	G280
1C27	N815CF	P46T
1C28	N815CG	CC11
1C2D	N815CM	C560
1C2E	N815CN	S92
1C2F	N815CP	C82T
1C33	N815CT	C72R
1C36	N815CW	SR22
1C37	N815CX	CL30
1C3A	N815D	C337
1C3C	N815DB	SR22
1C3D	N815DC	RV6
1C40	N815DF	P28A
1C41	N815DG	RV10
1C42	N815DH	CRUZ
1C44	N815DK	BE24
1C46	N815DM	BOLT
1C47	N815DN	B739
1C4B	N815DS	DA40
1C4C	N815DT	GLF4
1C52	N815DZ	C82T
1C56	N815EC	SONX
1C5B	N815EH	R22
1C63	N815ER	C172
1C69	N815EX	DH8A
1C8C	N815GG	H25B
1C8F	N815GK	C182
1C9C	N815GY	GLF5
1CA1	N815HC	SR22
1CBB	N815JD	SR22
1CBF	N815JH	R44
1CC0	N815JJ	HDJT
1CC2	N815JL	B744
1CC3	N815JM	MR35
1CC9	N815JT	BE33
1CD0	N815K	TBM7
1CD2	N815KB	H60
1CD4	N815KD	C208
1CDA	N815KK	BE95
1CE1	N815KS	C72R
1CE2	N815KT	M7
1CE9	N815L	S22T
1CEA	N815LA	BE36
1CEC	N815LC	RV6
1D02	N815M	CRER
1D05	N815MC	C25A
1D06	N815MD	E170
1D0A	N815MH	EC30
1D0B	N815MJ	RV10
1D0C	N815MK	LNCE
1D0D	N815ML	SR20
1D0E	N815MM	HUSK
1D10	N815MP	C25M
1D1B	N815N	TB30
1D28	N815NN	B738
1D2C	N815NS	LNP4
1D2F	N815NV	B38M
1D30	N815NW	A333
1D35	N815PA	GL5T
1D36	N815PB	CH7A
1D3D	N815PJ	H60
1D3E	N815PK	C185
1D45	N815PS	DV20
1D46	N815PT	RV3
1D4D	N815Q	BE35
1D5E	N815QS	C700
1D68	N815RB	C750
1D6A	N815RD	TBM7
1D72	N815RM	HDJT
1D77	N815RS	BE36
1D7F	N815S	EFOX
1D81	N815SB	C425
1D82	N815SC	UH1
1D85	N815SF	PRM1
1D86	N815SG	H269
1D87	N815SH	T28
1D8F	N815SR	SREY
1D90	N815SS	B212
1D96	N815SY	B738
1D98	N815T	M20T
1D9E	N815TF	P28A
1D9F	N815TG	BE36
1DA3	N815TL	FOX
1DA4	N815TM	BE36
1DB2	N815UA	A319
1DC2	N815US	FOX
1DCA	N815V	C185
1DD4	N815VK	CH60
1DD8	N815VP	RV9
1DE3	N815W	RV12
1DEB	N815WH	GA6C
1E1F	N815YK	CJ6
1E48	N8150A	P28A
1E49	N8150B	C172
1E4B	N8150D	PA22
1E4D	N8150F	SR22
1E50	N8150J	P28A
1E51	N8150K	G164
1E52	N8150L	C172
1E56	N8150Q	C414
1E59	N8150T	C175
1E5A	N8150U	P28A
1E5B	N8150V	C188
1E5C	N8150W	P28A
1E5D	N8150X	P28A
1E5E	N8150Y	PA30
1E61	N81501	CH7A
1E65	N81505	CH7A
1E67	N81507	CH7A
1E68	N81508	CH7A
1E69	N81509	P28A
1E6A	N8151	T6
1E6B	N8151A	C170
1E6C	N8151B	C172
1E6E	N8151D	PA22
1E70	N8151F	C150
1E74	N8151K	G164
1E75	N8151L	C172
1E77	N8151N	P28A
1E78	N8151P	PA24
1E79	N8151Q	C414
1E7A	N8151R	BE58
1E7C	N8151T	C175
1E7D	N8151U	C172
1E7F	N8151W	P28A
1E81	N8151Y	SR22
1E82	N8151Z	P28R
1E83	N81510	CH7A
1E84	N81511	CH7A
1E86	N81513	CH7A
1E88	N81515	FOX
1E8C	N81519	B06
1E8E	N8152A	C170
1E90	N8152C	BE36
1E98	N8152L	C172
1E9B	N8152P	PA24
1E9C	N8152Q	SR22
1E9D	N8152R	BE36
1EA0	N8152U	C172
1EA1	N8152V	C150
1EA3	N8152X	SR22
1EA6	N81520	CH7A
1EAB	N81525	P28A
1EAF	N81529	P28R
1EB3	N8153C	R22
1EB5	N8153E	P28R
1EB6	N8153F	C150
1EB7	N8153G	BE36
1EB8	N8153H	SR22
1EB9	N8153J	SR20
1EBB	N8153L	C172
1EBD	N8153N	P28A
1EC0	N8153R	SR22
1EC1	N8153S	C150
1EC3	N8153U	C172
1EC4	N8153V	SR22
1EC5	N8153W	P28A
1EC6	N8153X	C172
1EC7	N8153Y	P28B
1EC8	N8153Z	P28B
1ECA	N81531	P28B
1ECD	N81534	CH7A
1ED2	N81539	CH7A
1ED4	N8154A	P28B
1ED5	N8154B	C172
1EDC	N8154J	PA44
1EE0	N8154N	P28A
1EE2	N8154Q	BE36
1EE3	N8154R	GC1
1EE6	N8154U	C172
1EE8	N8154W	P28A
1EEA	N8154Y	PA30
1EEB	N8154Z	C210
1EEE	N81542	CH7A
1EF1	N81545	CH7A
1EF7	N8155A	C310
1EF8	N8155B	C172
1EFB	N8155E	M20P
1EFC	N8155F	C150
1EFD	N8155G	P28A
1EFE	N8155H	P28A
1EFF	N8155J	B06
1F01	N8155L	C208
1F03	N8155N	P28A
1F04	N8155P	PA24
1F06	N8155R	BE95
1F08	N8155T	C175
1F09	N8155U	C172
1F0B	N8155W	P28A
1F10	N81551	CH7A
1F11	N81552	P28A
1F13	N81554	CH7A
1F14	N81555	CH7A
1F1A	N8156A	C170
1F1D	N8156D	PA22
1F1F	N8156F	C150
1F23	N8156K	PA34
1F26	N8156N	P28A
1F27	N8156P	PA24
1F29	N8156R	P28A
1F2A	N8156S	C150
1F2B	N8156T	P28A
1F2E	N8156W	P28A
1F2F	N8156X	C172
1F31	N8156Z	BE9L
1F33	N81561	CH7A
1F38	N81566	CH7A
1F3D	N8157A	C170
1F3E	N8157B	C172
1F3F	N8157C	P28A
1F46	N8157K	G164
1F47	N8157L	C172
1F48	N8157M	PA32
1F49	N8157N	P28A
1F4D	N8157S	C150
1F4F	N8157U	C172
1F50	N8157V	C188
1F51	N8157W	P28A
1F52	N8157X	C172
1F53	N8157Y	PA30
1F54	N8157Z	SR20
1F55	N81570	CH7A
1F56	N81571	CH7A
1F57	N81572	CH7A
1F59	N81574	CH7A
1F5A	N81575	P39
1F5B	N81576	CH7A
1F5C	N81577	CH7A
1F5D	N81578	CH7A
1F5E	N81579	P32R
1F61	N8158B	P32R
1F65	N8158F	C150
1F67	N8158H	P28A
1F6A	N8158L	C172
1F6C	N8158N	P28A
1F6D	N8158P	P28R
1F6F	N8158R	BE35
1F72	N8158U	T210
1F76	N8158Y	PA32
1F77	N8158Z	P28A
1F78	N81580	PTS1
1F79	N81581	PP3
1F7B	N81583	CH7A
1F7D	N81585	CH7A
1F7E	N81586	P28A
1F80	N81588	CH7A
1F81	N81589	FOX
1F83	N8159A	PA32
1F8B	N8159J	B06
1F8C	N8159K	S108
1F8E	N8159M	T210
1F90	N8159P	PA24
1F92	N8159R	BE33
1F93	N8159S	P32R
1F95	N8159U	C172
1F97	N8159W	P28A
1F98	N8159X	C172
1F99	N8159Y	P32R
1F9D	N81592	CH7A
1F9E	N81593	P32R
1FA0	N81595	CH7A
1FA1	N81596	CH7A
1FA2	N81597	P28B
1FA3	N81598	CH7A
1FA7	N816AA	B788
1FA9	N816AC	BE20
1FAB	N816AE	E135
1FB0	N816AK	B38M
1FB4	N816AP	AT5T
1FB6	N816AR	C82S
1FBB	N816AW	A319
1FBC	N816AX	FA50
1FC0	N816BA	RV7
1FC1	N816BB	RLU1
1FC2	N816BC	P46T
1FC3	N816BD	FDCT
1FC6	N816BG	H25B
1FCA	N816BL	C25B
1FCB	N816BM	PC12
1FD0	N816BS	BE20
1FD3	N816BV	SR20
1FD8	N816C	AEST
1FD9	N816CA	SR20
1FDD	N816CE	AS50
1FE6	N816CP	C82T
1FEA	N816CT	SR20
1FF2	N816DA	AT8T
1FF3	N816DB	BE18
1FFE	N816DN	B739
2001	N816DR	CLON
2002	N816DS	BE50
2005	N816DV	S22T
200A	N816E	EFOX
200D	N816EC	EC45
2018	N816EP	C172
201A	N816ER	C172
2020	N816EX	DH8A
2022	N816EZ	DEFI
2024	N816FA	C82T
2026	N816FC	C25B
2027	N816FD	A310
202A	N816FG	LJ45
2034	N816FS	TBM9
2039	N816FX	AT73
203C	N816G	BE95
2043	N816GG	P46T
2044	N816GH	C310
2047	N816GL	S22T
2055	N816H	BE30
2056	N816HA	C72R
206E	N816J	GLAS
206F	N816JA	E550
2070	N816JB	BE18
2072	N816JD	HDJT
2074	N816JF	B06
2075	N816JG	PA46
2076	N816JH	C82T
207A	N816JM	H25B
207C	N816JP	PA18
2080	N816JT	COL4
2083	N816JW	GALX
2089	N816KB	H60
208A	N816KC	RV6
208B	N816KD	EA50
2099	N816KT	SONX
209C	N816KW	C172
209E	N816KY	H25B
20A0	N816L	C172
20A1	N816LA	BE36
20A3	N816LC	WW24
20A4	N816LD	SR22
20A6	N816LF	EC35
20A7	N816LG	C172
20AB	N816LL	BL8
20AC	N816LM	M20P
20AE	N816LP	SR22
20B2	N816LT	SR22
20B6	N816LX	H25B
20B9	N816M	SREY
20BC	N816MC	S22T
20BF	N816MF	BE60
20C1	N816MH	EC30
20C3	N816MK	SF50
20C5	N816MM	SR22
20CA	N816MS	P06T
20CB	N816MT	SS2T
20CD	N816MV	CAMP
20D2	N816N	BE35
20D3	N816NA	F16
20D6	N816ND	RV8
20DA	N816NH	PP3
20DF	N816NN	B738
20E6	N816NV	B38M
20E7	N816NW	A333
20EB	N816P	M20T
20EC	N816PA	AT8T
20EE	N816PC	S22T
20F5	N816PK	P28A
20F6	N816PL	M700
20F7	N816PM	PC12
2105	N816QA	AT8T
2115	N816QS	C700
2120	N816RC	RV10
2123	N816RF	RV10
2126	N816RJ	SR22
2131	N816RV	P46T
2132	N816RW	S22T
2136	N816S	GLID
2139	N816SC	SR22
213A	N816SD	SR22
213C	N816SF	COL4
213E	N816SH	C560
2140	N816SK	CRJ9
2144	N816SP	GLF4
2146	N816SR	SR22
2147	N816SS	B212
2148	N816ST	GLAS
214B	N816SW	C172
214D	N816SY	B738
214F	N816T	EFOX
2151	N816TB	PTS1
215D	N816TP	PA46
2160	N816TS	M20P
2164	N816TW	PC12
2168	N816U	BE35
2169	N816UA	A319
2181	N816V	BE35
2182	N816VA	RV12
219A	N816W	FDCT
219C	N816WB	PA32
21A0	N816WF	E55P
21A1	N816WG	PC12
21A5	N816WL	GLAS
21A6	N816WM	R44
21AA	N816WR	PA18
21C1	N816XP	CAMP
21CC	N816Y	GLAS
21DA	N816YP	P32R
21ED	N816ZH	CH75
21FF	N8160A	PA32
2202	N8160D	PA32
2204	N8160F	C150
2206	N8160H	P32R
2209	N8160L	C172
220B	N8160N	SR22
220C	N8160P	PA24
220D	N8160Q	P32R
2210	N8160T	C175
2217	N81600	CH7A
221D	N81606	CH7A
221E	N81607	CH7A
2222	N8161A	C170
2223	N8161B	C172
2225	N8161D	P28A
222A	N8161J	P28R
222B	N8161K	B47G
222C	N8161L	C172
222E	N8161N	P28A
222F	N8161P	PA24
2231	N8161R	MUS2
2232	N8161S	SR20
2234	N8161U	C172
2236	N8161W	P28A
2237	N8161X	P28B
223B	N81611	CH7A
223C	N81612	P28A
223D	N81613	CH7A
223F	N81615	PA23
2240	N81616	CH7A
2241	N81617	CH7A
2242	N81618	CH7A
2244	N8162	LNC4
2245	N8162A	P28A
2248	N8162D	BE36
2249	N8162E	M20P
224A	N8162F	C150
224C	N8162H	GLAS
2250	N8162M	C150
2253	N8162Q	P28A
2254	N8162R	P28A
2256	N8162T	SR22
2257	N8162U	C172
2258	N8162V	C150
2259	N8162W	P28A
2265	N81628	RS12
2268	N8163A	C170
2269	N8163B	C172
226A	N8163C	PA18
226B	N8163D	PA18
226C	N8163E	P28B
226D	N8163F	BE36
226F	N8163H	B25
2271	N8163K	SR22
2277	N8163R	SR22
2278	N8163S	P28A
2279	N8163T	P28A
227A	N8163U	C172
227B	N8163V	SR22
227C	N8163W	P28A
227E	N8163Y	P28A
2280	N81630	CH7A
2281	N81631	T206
2282	N81632	RV4
2287	N81637	L29
2288	N81638	RV4
228B	N8164A	C170
228E	N8164D	PA34
2290	N8164F	SR22
2294	N8164K	S108
2295	N8164L	C172
2298	N8164P	PA24
229C	N8164T	C175
229F	N8164W	P28A
22A0	N8164X	SR22
22A1	N8164Y	PA30
22A2	N8164Z	P28R
22A3	N81640	BE33
22A4	N81641	VEZE
22A7	N81644	CH7A
22AC	N81649	CH7A
22AF	N8165B	C172
22B0	N8165C	P28A
22B1	N8165D	PA18
22B2	N8165E	BE36
22B5	N8165H	SR22
22B6	N8165J	PA32
22BA	N8165N	P32R
22BB	N8165P	PA24
22BC	N8165Q	BE36
22BD	N8165R	P32R
22BE	N8165S	C150
22BF	N8165T	C175
22C4	N8165Y	PA34
22C5	N8165Z	C210
22C6	N81650	CH7A
22C8	N81652	CH7A
22CC	N81656	CH7A
22D1	N8166A	CH7A
22D2	N8166B	P28A
22D4	N8166D	PA18
22D7	N8166G	BT36
22D9	N8166J	PA34
22DB	N8166L	C172
22DC	N8166M	C310
22DD	N8166N	RAF2
22DF	N8166Q	C310
22E0	N8166R	BE35
22E1	N8166S	SR22
22E2	N8166T	C175
22E3	N8166U	PA34
22E5	N8166W	BE36
22E6	N8166X	C172
22E8	N8166Z	C210
22EA	N81661	CH7A
22EC	N81663	CH7A
22EF	N81666	CH7A
22F0	N81667	CH7A
22F2	N81669	P28A
22F4	N8167A	BE36
22F7	N8167D	P32R
22F9	N8167F	P28A
22FC	N8167J	UH1
22FD	N8167K	BT36
22FE	N8167L	C172
22FF	N8167M	C310
2300	N8167N	P28A
2301	N8167P	PA24
2302	N8167Q	T206
2304	N8167S	C150
2305	N8167T	C175
2308	N8167W	P28A
2309	N8167X	C172
230B	N8167Z	RV6
230C	N81670	CH7A
230F	N81673	P28A
2311	N81675	CH7A
2314	N81678	CH7A
2315	N81679	CH7A
2316	N8168	C750
2317	N8168A	C170
2318	N8168B	C172
2319	N8168C	PA18
231C	N8168F	BE36
2322	N8168M	C310
2324	N8168P	PA24
2325	N8168Q	SR22
2326	N8168R	SR22
2327	N8168S	C150
2329	N8168U	C150
232A	N8168V	SR22
232B	N8168W	SR22
232D	N8168Y	PA30
232E	N8168Z	P28B
2330	N81681	CH7A
2335	N81686	CH7A
2338	N81689	C182
2339	N8169	GLID
233A	N8169A	C170
233E	N8169E	M20P
233F	N8169F	C150
2343	N8169K	S108
2346	N8169N	P28A
2347	N8169P	PA24
2349	N8169R	BE35
234B	N8169T	C175
234C	N8169U	C172
234D	N8169V	C188
234F	N8169X	C172
2351	N8169Z	PA32
2355	N81693	CH7A
235A	N81698	P32R
235C	N817	C180
235D	N817A	PA22
235F	N817AB	R22
2363	N817AF	GLF4
2367	N817AK	C175
236A	N817AN	B788
2372	N817AW	A319
2377	N817BA	BE20
2379	N817BC	B712
237C	N817BF	C25A
237E	N817BH	C25B
2388	N817BT	C25C
238B	N817BW	H269
238E	N817BZ	C56X
238F	N817C	M5
2390	N817CA	BE36
2394	N817CE	AS50
2395	N817CF	PA11
2398	N817CJ	P46T
239D	N817CP	C82T
23A4	N817CW	KR2
23A5	N817CX	AS50
23A9	N817DA	EUPA
23AB	N817DC	CH7A
23AD	N817DE	GLF4
23AE	N817DF	DR1
23AF	N817DG	SR22
23B0	N817DH	CH7B
23B1	N817DJ	CH70
23B2	N817DK	WW24
23B3	N817DL	S22T
23B4	N817DM	RV10
23B5	N817DN	B739
23C2	N817EA	C560
23C8	N817EG	C56X
23CD	N817EM	LJ35
23D5	N817EV	EVSS
23DE	N817FD	A310
23E4	N817FK	RELI
23F3	N817G	P28A
23F6	N817GC	C310
2403	N817GR	MU30
2404	N817GS	GLF6
2408	N817GW	SF50
240C	N817H	AT8T
240D	N817HA	C72R
240F	N817HC	C25A
2412	N817HF	TBM7
2414	N817HH	SR22
241D	N817HS	RV9
2425	N817J	RV8
2427	N817JB	PA23
2428	N817JC	HUSK
242D	N817JH	FOX
2433	N817JP	C414
2436	N817JS	GLIM
2439	N817JV	HUSK
243E	N817K	PA24
2440	N817KB	H60
2441	N817KC	PTS1
2458	N817LA	BE36
245D	N817LF	C56X
245F	N817LH	RV10
2467	N817LR	EC35
246B	N817LV	EC35
2470	N817M	BE58
2478	N817MH	EC30
2479	N817MJ	PA46
247E	N817MP	C25A
2481	N817MS	BE9L
2485	N817MW	BE35
2488	N817MZ	C340
248A	N817NA	DC87
248D	N817ND	P28A
248E	N817NE	C25C
2495	N817NM	BT36
2496	N817NN	B738
2497	N817NP	T6
249D	N817NV	B38M
249E	N817NW	A333
24A2	N817P	EFOX
24A3	N817PA	B350
24AB	N817PJ	MONI
24B3	N817PS	C172
24B6	N817PV	EFOX
24B7	N817PW	B350
24CC	N817QS	C700
24D5	N817RA	C750
24DE	N817RK	P28R
24DF	N817RL	PA11
24E0	N817RM	BT36
24EE	N817SA	PC12
24F2	N817SE	SR22
24F7	N817SK	CRJ9
24FD	N817SR	SR22
24FE	N817SS	S76
24FF	N817ST	COL4
2504	N817SY	B738
2506	N817T	C172
2512	N817TM	SR22
2516	N817TR	P32R
251A	N817TV	C680
251C	N817TX	T6
2520	N817UA	A319
252D	N817UP	B350
253B	N817VC	GALX
2551	N817W	PRM1
2555	N817WD	EXEC
2563	N817WT	SR22
256A	N817X	FA7X
2583	N817Y	M5
259C	N817Z	C172
25B6	N8170A	SR22
25B7	N8170B	C172
25B8	N8170C	PA18
25B9	N8170D	BE36
25BA	N8170E	SR22
25BB	N8170F	P32R
25BC	N8170G	PA34
25BE	N8170J	BE20
25C2	N8170N	P28A
25C3	N8170P	PA24
25C4	N8170Q	C170
25C6	N8170S	P32R
25C7	N8170T	C175
25C8	N8170U	C172
25CB	N8170X	C172
25CC	N8170Y	P32R
25CD	N8170Z	C210
25CE	N81700	CH7A
25D1	N81703	AC90
25D2	N81704	CH7A
25D6	N81708	C182
25D8	N8171	RV8
25DA	N8171B	C172
25DB	N8171C	PA18
25DC	N8171D	PA18
25DD	N8171E	PC6T
25DF	N8171G	SR22
25E2	N8171K	PC6T
25E3	N8171L	C172
25E5	N8171N	P28A
25E6	N8171P	SR22
25E7	N8171Q	SR22
25E8	N8171R	BE35
25E9	N8171S	C150
25ED	N8171W	P28A
25EF	N8171Y	P28A
25F0	N8171Z	BE36
25F2	N81711	CH7A
25F4	N81713	P28A
25F5	N81714	CH7A
25F7	N81716	CH7A
25FB	N8172	SA30
25FC	N8172A	C170
25FE	N8172C	PA18
2601	N8172F	C150
2605	N8172K	G164
2608	N8172N	P28A
2609	N8172P	P32R
260A	N8172Q	P28A
260B	N8172R	BE58
260C	N8172S	C150
260E	N8172U	C172
2610	N8172W	P28A
2611	N8172X	C172
2612	N8172Y	PA30
2613	N8172Z	P28A
2614	N81720	CH7A
2615	N81721	AVID
2617	N81723	BOLT
2618	N81724	CH7A
261A	N81726	P28R
261B	N81727	CH7A
261D	N81729	RV6
2620	N8173B	C172
2621	N8173C	BE33
2622	N8173D	PA18
2623	N8173E	C172
2624	N8173F	C150
2626	N8173H	P28B
2629	N8173L	SR20
262A	N8173M	SR22
262B	N8173N	P28A
262C	N8173P	PA32
262E	N8173R	BE36
2633	N8173W	P28A
2635	N8173Y	PA30
2639	N81732	CH7A
263C	N81735	CH7A
263E	N81737	SR20
263F	N81738	CH7A
2641	N8174	RV9
2642	N8174A	SR22
2643	N8174B	C172
2645	N8174D	PA18
2647	N8174F	C150
2649	N8174H	PA34
264B	N8174K	S108
264D	N8174M	C172
264F	N8174P	PA24
2651	N8174R	PA34
2652	N8174S	PA34
2653	N8174T	C175
2654	N8174U	C172
2656	N8174W	P28A
2657	N8174X	P28B
2658	N8174Y	PA30
2659	N8174Z	C210
265A	N81740	P28A
265B	N81741	P28A
265C	N81742	CH7A
2661	N81747	CH7A
2663	N81749	P28A
2665	N8175A	C170
2666	N8175B	C172
2667	N8175C	P28R
2668	N8175D	PA18
2669	N8175E	M20P
266C	N8175H	P28A
266D	N8175J	P28R
2671	N8175N	PA32
2672	N8175P	PA24
2673	N8175Q	C340
2674	N8175R	BE95
2675	N8175S	C150
2676	N8175T	C175
2677	N8175U	C172
2678	N8175V	C150
267A	N8175X	C172
2682	N81755	CH7A
2683	N81756	P32R
2684	N81757	CH7A
2685	N81758	CH7A
2686	N81759	CH7A
2688	N8176A	C170
268A	N8176C	PA18
268B	N8176D	PA18
2690	N8176J	GLAS
2692	N8176L	C172
2695	N8176P	PA24
2697	N8176R	BE33
2698	N8176S	B06
269D	N8176X	C172
269E	N8176Y	PA30
26A0	N81760	CH7A
26A5	N81765	P28R
26A9	N81769	WACA
26AE	N8177D	PA18
26B0	N8177F	C150
26B2	N8177H	P28A
26B5	N8177L	C172
26B6	N8177M	C310
26B7	N8177N	P28A
26BC	N8177T	C175
26BF	N8177W	P28A
26C0	N8177X	C172
26C1	N8177Y	P32R
26C2	N8177Z	C210
26C4	N81771	P28A
26C5	N81772	C172
26C7	N81774	PA32
26C8	N81775	C172
26C9	N81776	P28R
26CA	N81777	CH7A
26CB	N81778	P28R
26CD	N8178	GLID
26CE	N8178A	CH7A
26D4	N8178G	G164
26D5	N8178H	UH12
26D8	N8178L	C172
26DD	N8178R	BE36
26DF	N8178T	C175
26E3	N8178X	C172
26E4	N8178Y	P32R
26E5	N8178Z	C210
26E6	N81780	CH7A
26E8	N81782	CH7A
26ED	N81787	CH7A
26EF	N81789	CH7A
26F1	N8179A	P28B
26F2	N8179B	C172
26F4	N8179D	C77R
26F7	N8179G	P28A
26F8	N8179H	P28A
26FA	N8179K	S108
26FB	N8179L	C172
26FD	N8179N	P28A
26FF	N8179Q	C310
2701	N8179S	C150
2702	N8179T	C175
2705	N8179W	P28A
2706	N8179X	P28A
2708	N8179Z	PA32
2709	N81790	CH7A
270B	N81792	CH7A
270E	N81795	P32R
2713	N818	C150
2714	N818A	HDJT
2716	N818AB	SR22
2717	N818AC	CL60
2718	N818AD	SF50
2719	N818AE	E135
271A	N818AF	CL60
271B	N818AG	BE30
271C	N818AH	PA32
271D	N818AJ	AT8T
271E	N818AK	C421
271F	N818AL	B788
2720	N818AM	GLIM
2721	N818AN	C402
2724	N818AR	C82T
2728	N818AV	A20N
2729	N818AW	A319
2730	N818BC	J3
2731	N818BD	LJ45
2732	N818BE	C414
2733	N818BF	C560
2734	N818BG	RV7
2737	N818BK	GLF4
2738	N818BL	C56X
273D	N818BR	PA31
273E	N818BS	RV10
2747	N818CA	GA5C
2749	N818CC	PA23
274A	N818CD	P28A
2751	N818CL	XNON
2752	N818CM	E55P
2754	N818CP	C82T
2756	N818CR	BE40
2757	N818CS	LNP4
2760	N818DA	B739
2761	N818DB	BE36
2762	N818DC	RV6
2764	N818DE	C650
2765	N818DF	GLID
2767	N818DH	C421
2769	N818DK	AVID
276A	N818DL	SR22
276C	N818DN	DR1
276F	N818DR	SR20
2772	N818DU	C82S
2773	N818DV	P28A
2774	N818DW	EPIC
2778	N818E	EFOX
277A	N818EB	AT8T
2786	N818EP	C172
2788	N818ER	C172
2789	N818ES	FBA2
2790	N818EZ	H25B
2791	N818F	BCAT
2794	N818FC	C25A
27A6	N818FW	BE20
27AB	N818GA	GLIM
27B6	N818GM	SR22
27BA	N818GR	RV4
27BB	N818GS	RV8
27C3	N818H	C182
27C6	N818HC	RV8
27C7	N818HD	AS50
27C8	N818HE	P28A
27C9	N818HF	E545
27CA	N818HG	CC11
27CE	N818HL	BE20
27D1	N818HP	GLID
27D3	N818HR	E35L
27DC	N818J	BE35
27DD	N818JA	C56X
27DF	PR-BTZ	BE58
27E4	N818JH	WW24
27E6	N818JK	GLIM
27EA	N818JP	PA46
27EC	N818JR	EXEC
27ED	N818JS	RV8
27EE	N818JT	GLIM
27F5	N818K	G2T1
27F6	N818KA	C82S
27F7	N818KB	H60
27FA	N818KE	GLF4
27FB	N818KF	FA50
2806	N818KS	C72R
2807	N818KT	BE60
280F	N818LA	BE36
2812	N818LD	H25B
2813	N818LE	RV10
2815	N818LG	F5
2819	N818LL	SF50
281A	N818LM	S22T
2820	N818LT	SR22
2823	N818LW	F2TH
2824	N818LX	H25B
2827	N818M	NAVI
2829	N818MB	GLIM
282A	N818MC	AS50
282B	N818MD	E170
282C	N818ME	GLF4
282D	N818MF	C680
282E	N818MG	T210
282F	N818MH	EC30
2830	N818MJ	PA23
2839	N818MT	EC35
2841	N818NA	O3
2848	N818NH	B752
284D	N818NN	B738
2855	N818NW	A333
2856	N818NX	CL35
2859	N818P	BE36
285A	N818PA	RV7
285B	N818PB	MT
285C	N818PC	P210
285D	N818PD	AS50
2862	N818PJ	Y18T
2864	N818PL	C425
2867	N818PP	RV14
2869	N818PR	BE36
286B	N818PT	R66
286E	N818PW	BE58
2883	N818QS	C700
288B	N818R	PA18
288C	N818RA	PC12
288D	N818RB	GLST
288E	N818RC	CL30
288F	N818RD	RV9
2894	N818RJ	C550
2896	N818RL	B06
2897	N818RM	BE55
2898	N818RN	SR20
2899	N818RP	E55P
289B	N818RR	BE36
289C	N818RS	GLIM
289D	N818RT	PULS
289E	N818RU	C560
289F	N818RV	RV8
28A4	N818S	BE35
28A5	N818SA	AT8T
28A6	N818SB	C25B
28A7	N818SC	H500
28A9	N818SE	C650
28AA	N818SF	PA31
28AC	N818SH	C560
28AD	N818SJ	EVOP
28AE	N818SK	HROC
28B0	N818SM	C82S
28B2	N818SP	C172
28B6	N818ST	SAKO
28BD	N818T	C152
28BE	N818TA	PA18
28BF	N818TB	S22T
28C2	N818TE	AC50
28C3	N818TF	P28A
28C5	N818TH	F900
28C7	N818TK	C421
28C8	N818TL	FA7X
28CD	N818TR	T18
28CF	N818TT	GLIM
28D7	N818UA	A319
28EF	N818V	S76
28F1	N818VB	GLF2
28F2	N818VC	PA17
28FB	N818VM	PA22
290A	N818WB	ASTR
290B	N818WC	PA18
290C	N818WD	BL8
290E	N818WF	CL30
290F	N818WG	R66
291D	N818WW	RV4
2921	N818X	C421
2924	N818XC	GLIM
292E	N818XN	PTS1
2931	N818XR	R66
293A	N818Y	PA30
2940	N818YF	RV12
2943	N818YJ	EXEC
2953	N818Z	CH65
296C	N8180	C180
296D	N8180A	C170
296E	N8180B	C172
296F	N8180C	PA18
2970	N8180D	P32R
2972	N8180F	P32R
2974	N8180H	UH12
2977	N8180L	C172
297A	N8180P	PA24
297B	N8180Q	AVTR
297D	N8180S	P28A
2981	N8180W	P28A
2983	N8180Y	PA30
2984	N8180Z	C210
2985	N81800	CH7A
2988	N81803	CH7A
2989	N81804	CH7A
298E	N81809	P28A
2991	N8181B	C172
2992	N8181C	CJ6
2993	N8181D	PA18
2996	N8181G	C421
2997	N8181H	P28B
2998	N8181J	RV14
299C	N8181N	P28A
299D	N8181P	PA24
29A0	N8181S	C150
29A1	N8181T	C175
29A2	N8181U	C172
29A3	N8181V	BE36
29A5	N8181X	P28A
29A6	N8181Y	PA30
29A8	N81810	CH7A
29AB	N81813	CH7A
29AF	N81817	CJ6
29B1	N81819	SNS2
29B4	N8182B	RV9
29B7	N8182E	C172
29BF	N8182N	P28A
29C0	N8182P	PA24
29C1	N8182Q	P28R
29C4	N8182T	T206
29C5	N8182U	C172
29C7	N8182W	P28A
29CA	N8182Z	C210
29CB	N81820	BE99
29CE	N81823	CH7A
29CF	N81824	CH7A
29D0	N81825	CH7A
29D2	N81827	HUNT
29D4	N81829	CH7A
29D6	N8183A	C170
29D8	N8183C	PA18
29D9	N8183D	PA18
29DA	N8183E	BE36
29DB	N8183F	C150
29DF	N8183K	LGEZ
29E1	N8183M	T210
29E2	N8183N	P28A
29E5	N8183R	BE35
29E7	N8183T	C175
29E8	N8183U	C172
29EA	N8183W	P28A
29EB	N8183X	P28B
29ED	N8183Z	P28R
29EE	N81830	GLAS
29F2	N81834	CH7A
29F3	N81835	PA34
29F4	N81836	CH7A
29F5	N81837	PA34
29FA	N8184B	C172
29FB	N8184C	P28R
29FF	N8184G	C172
2A00	N8184H	P32R
2A03	N8184L	C172
2A04	N8184M	C310
2A05	N8184N	BE36
2A07	N8184Q	C310
2A0A	N8184T	C175
2A0D	N8184W	P28A
2A0E	N8184X	P28B
2A12	N81841	CH7A
2A14	N81843	P28A
2A15	N81844	PA32
2A1B	N8185	RV8
2A1C	N8185A	ACR2
2A1E	N8185C	PA32
2A20	N8185E	P28R
2A22	N8185G	C182
2A24	N8185J	B47G
2A28	N8185N	P28A
2A2A	N8185Q	T206
2A2B	N8185R	BE36
2A2C	N8185S	C150
2A2D	N8185T	PA32
2A2F	N8185V	C150
2A30	N8185W	PA32
2A32	N8185Y	PA32
2A33	N8185Z	C210
2A34	N81850	P32R
2A37	N81853	PA32
2A38	N81854	T6
2A39	N81855	CH7A
2A3A	N81856	CH7A
2A3C	N81858	PA32
2A40	N8186B	C172
2A41	N8186C	PA18
2A42	N8186D	P32R
2A44	N8186F	P32R
2A48	N8186K	PA25
2A4A	N8186M	PA34
2A4B	N8186N	P28A
2A4E	N8186R	PA34
2A4F	N8186S	GLIM
2A50	N8186T	C175
2A51	N8186U	C172
2A53	N8186W	P28A
2A55	N8186Y	PA30
2A56	N8186Z	C210
2A5C	N81865	TBM
2A5D	N81866	P28A
2A5E	N81867	CH7A
2A5F	N81868	CH7A
2A63	N8187B	C172
2A65	N8187D	PA18
2A67	N8187F	C150
2A69	N8187H	PA44
2A6D	N8187M	C182
2A6F	N8187P	PA24
2A71	N8187R	BE35
2A72	N8187S	C150
2A73	N8187T	C175
2A75	N8187V	C150
2A76	N8187W	P28A
2A77	N8187X	P28A
2A78	N8187Y	PA30
2A7A	N81870	CH7A
2A7F	N81875	CH7A
2A80	N81876	P28A
2A81	N81877	P32R
2A82	N81878	CH7A
2A87	N8188C	PA18
2A89	N8188E	E55P
2A8D	N8188J	P32R
2A8E	N8188K	S108
2A90	N8188M	P32R
2A93	N8188Q	C310
2A95	N8188S	PA44
2A96	N8188T	P32R
2A99	N8188W	P28A
2A9A	N8188X	PA34
2A9B	N8188Y	PA30
2A9C	N8188Z	C210
2A9E	N81881	CH7A
2AA3	N81886	CH7A
2AA4	N81887	CH7A
2AA5	N81888	P28A
2AA6	N81889	CH7A
2AA8	N8189A	C170
2AAB	N8189D	PA18
2AAD	N8189F	C150
2AAE	N8189G	C182
2AB1	N8189K	S108
2AB7	N8189R	BE33
2AB8	N8189S	P28A
2ABC	N8189W	P28A
2ABD	N8189X	C172
2ABF	N8189Z	C210
2AC1	N81891	P28A
2AC2	N81892	P28A
2AC4	N81894	P28A
2AC8	N81898	P28R
2ACA	N819	PA18
2AD0	N819AE	E135
2AD8	N819AN	B788
2AD9	N819AP	GALX
2AE0	N819AW	A319
2AE1	N819AX	B772
2AE2	N819AY	CRJ2
2AE4	N819B	BE35
2AE5	N819BA	BE19
2AE6	N819BB	C208
2AE7	N819BC	FA7X
2AFD	N819C	PA32
2B00	N819CC	M20P
2B01	N819CD	SR20
2B03	N819CF	C72R
2B07	N819CK	CH70
2B09	N819CM	C172
2B0B	N819CP	C82T
2B0F	N819CT	FDCT
2B12	N819CW	C25B
2B1A	N819DD	C25C
2B1F	N819DJ	RV10
2B20	N819DK	BT36
2B23	N819DN	B739
2B27	N819DS	VTRA
2B2B	N819DW	RV6
2B2C	N819DX	B752
2B34	N819EE	BE30
2B39	N819EK	C550
2B3F	N819ER	C172
2B45	N819EX	FA50
2B4F	N819FG	BE40
2B5E	N819FX	AT73
2B69	N819GH	RV6
2B76	N819GW	RV6
2B88	N819HP	HUSK
2B94	N819JA	A139
2B95	N819JB	PA22
2B97	N819JD	SREY
2B9A	N819JG	E55P
2B9B	N819JH	EXEC
2B9D	N819JK	RV6
2BA3	N819JR	CL35
2BA4	N819JS	P28A
2BA8	N819JW	G280
2BAC	N819K	RV10
2BAD	N819KA	AT3T
2BAE	N819KB	H60
2BB8	N819KM	C208
2BBC	N819KR	C550
2BBD	N819KS	C72R
2BC6	N819LA	BE36
2BC7	N819LB	BE36
2BCB	N819LF	EC35
2BD1	N819LM	TBM7
2BDE	N819M	BE58
2BDF	N819MA	P46T
2BE1	N819MC	BE55
2BE3	N819ME	RV12
2BE6	N819MH	BE9L
2BEA	N819MM	BE95
2BF3	N819MW	RV8
2C04	N819NN	B738
2C0C	N819NW	A333
2C10	N819P	CH65
2C11	N819PA	P28A
2C20	N819PR	KIS4
2C21	N819PS	C82T
2C3A	N819QS	C700
2C43	N819RA	C421
2C4A	N819RH	DFLY
2C4C	N819RK	PA34
2C4D	N819RL	P46T
2C53	N819RS	CL30
2C54	N819RT	RV7
2C56	N819RV	RV7
2C5C	N819SA	PC12
2C5D	N819SB	P32R
2C5E	N819SC	C550
2C63	N819SH	C560
2C67	N819SM	M20P
2C69	N819SP	PETR
2C6B	N819SR	DHC1
2C6C	N819SS	GLF5
2C70	N819SW	PA31
2C71	N819SX	S92
2C72	N819SY	B738
2C74	N819T	BE35
2C75	N819TA	C82S
2C7A	N819TF	SR20
2C84	N819TR	PA11
2C86	N819TT	R22
2C8A	N819TX	AS50
2C8E	N819UA	A319
2C94	N819UG	MRAI
2CAA	N819VD	GLF4
2CAB	N819VE	GALX
2CB0	N819VK	RV6
2CB7	N819VS	SR20
2CBF	N819W	PA11
2CC1	N819WB	RV8
2CC3	N819WD	VTRA
2CC5	N819WF	FOX
2CD4	N819WW	ACR2
2CD8	N819X	S22T
2CFB	N819YK	SWAK
2D25	N8190B	C123
2D27	N8190D	PA18
2D2A	N8190G	BE36
2D2B	N8190H	C180
2D34	N8190S	PA34
2D35	N8190T	C175
2D38	N8190W	P28A
2D3A	N8190Y	DHC2
2D3C	N81900	CH7A
2D3F	N81903	CH7A
2D49	N8191C	PA20
2D4A	N8191D	PA18
2D4B	N8191E	C172
2D4C	N8191F	C150
2D4D	N8191G	C182
2D4E	N8191H	P32R
2D50	N8191K	BE36
2D51	N8191L	PA34
2D52	N8191M	C310
2D54	N8191P	PA24
2D56	N8191R	BE35
2D57	N8191S	C150
2D58	N8191T	C175
2D59	N8191U	C172
2D5A	N8191V	COZY
2D5C	N8191X	P28A
2D5F	N81910	CH7A
2D61	N81912	PA32
2D62	N81913	CH7A
2D65	N81916	P28A
2D68	N81919	P28A
2D6B	N8192B	C172
2D6C	N8192C	PA18
2D6D	N8192D	PA18
2D6E	N8192E	C185
2D71	N8192H	PA32
2D73	N8192K	S108
2D74	N8192L	C172
2D76	N8192N	P28A
2D77	N8192P	PA24
2D78	N8192Q	PA32
2D79	N8192R	BE36
2D7B	N8192T	C175
2D7C	N8192U	C172
2D7E	N8192W	P28A
2D7F	N8192X	C172
2D80	N8192Y	PA30
2D82	N81920	CH7A
2D87	N81925	CH7A
2D88	N81926	RV8
2D89	N81927	CH7A
2D8A	N81928	CH7A
2D8D	N8193A	C170
2D92	N8193F	C150
2D97	N8193L	C172
2D99	N8193N	PA32
2D9A	N8193P	PA24
2D9E	N8193T	C175
2D9F	N8193U	C150
2DA1	N8193W	P28A
2DA2	N8193X	C172
2DA4	N8193Z	P32R
2DA5	N81930	CH7A
2DA8	N81933	CH7A
2DAA	N81935	CH7A
2DAB	N81936	P32R
2DAE	N81939	CH7A
2DB1	N8194B	C172
2DB2	N8194C	PA22
2DB3	N8194D	PA18
2DB4	N8194E	PA32
2DB8	N8194J	P28A
2DB9	N8194K	P32R
2DBA	N8194L	C172
2DBF	N8194R	BE95
2DC2	N8194U	C172
2DC5	N8194X	AR11
2DCD	N81945	CH7A
2DCE	N81946	CH7A
2DD0	N81948	CH7A
2DD3	N8195A	PA18
2DD6	N8195D	PA18
2DD7	N8195E	P28A
2DDA	N8195H	B25
2DDB	N8195J	BE36
2DDE	N8195M	C310
2DE0	N8195P	PA24
2DE1	N8195Q	C414
2DE3	N8195S	C150
2DE5	N8195U	PA34
2DE6	N8195V	C150
2DE7	N8195W	P28A
2DE9	N8195Y	P28A
2DF1	N81956	P28A
2DF6	N8196A	C170
2DF8	N8196C	PA22
2DF9	N8196D	PA18
2E00	N8196L	C172
2E01	N8196M	C182
2E02	N8196N	P28A
2E03	N8196P	PA24
2E05	N8196R	BE55
2E07	N8196T	C175
2E0A	N8196W	P28A
2E0B	N8196X	C172
2E0D	N8196Z	C210
2E10	N81962	BOLT
2E11	N81963	C150
2E14	N81966	CH7A
2E15	N81967	CH7A
2E17	N81969	CH7A
2E1E	N8197F	C150
2E1F	N8197G	C182
2E20	N8197H	P32R
2E22	N8197K	G164
2E23	N8197L	P32R
2E26	N8197P	PA32
2E28	N8197R	BE95
2E2D	N8197W	P32R
2E2F	N8197Y	PA30
2E32	N81971	CH7A
2E33	N81972	P28A
2E34	N81973	WAIX
2E36	N81975	CH7A
2E38	N81977	P28A
2E3A	N81979	CH7A
2E3C	N8198A	BEAR
2E3D	N8198B	BE33
2E3E	N8198C	PA22
2E41	N8198F	C150
2E45	N8198K	S108
2E47	N8198M	BE36
2E48	N8198N	P28A
2E4B	N8198R	C172
2E4C	N8198S	C150
2E4D	N8198T	BE33
2E4E	N8198U	C172
2E4F	N8198V	P28A
2E50	N8198W	P28A
2E52	N8198Y	PA30
2E53	N8198Z	P28A
2E55	N81981	P28A
2E57	N81983	CH7A
2E59	N81985	CH7A
2E5A	N81986	CH7A
2E5C	N81988	P28A
2E5D	N81989	CH7A
2E5F	N8199A	C170
2E60	N8199B	C172
2E61	N8199C	PA22
2E62	N8199D	COZY
2E67	N8199J	B105
2E6D	N8199Q	C182
2E73	N8199W	M18
2E75	N8199Y	PA32
2E76	N8199Z	C210
2E77	N81990	CH7A
2E78	N81991	PA32
2E80	N81999	PTS1
2E82	N82A	GLF6
2E84	N82AB	FOX
2E85	N82AC	CH7A
2E86	N82AD	C182
2E87	N82AE	C25A
2E88	N82AF	MU2
2E89	N82AG	M20P
2E8B	N82AJ	C501
2E8C	N82AK	DH82
2E8E	N82AM	DH82
2E8F	N82AN	AN2
2E90	N82AP	B407
2E96	N82AV	TB20
2E97	N82AW	C414
2E9A	N82AZ	DH82
2E9B	N82B	BE36
2E9C	N82BA	C82R
2E9D	N82BB	C25A
2E9E	N82BC	BE9L
2E9F	N82BD	C25M
2EA0	N82BE	PA11
2EA1	N82BF	BE36
2EA2	N82BG	C182
2EA3	N82BH	H60
2EA4	N82BJ	LGEZ
2EA6	N82BL	PA23
2EA7	N82BM	LNCE
2EA9	N82BP	RV6
2EAD	N82BT	CA4
2EAE	N82BU	F900
2EB3	N82BZ	P28A
2EB4	N82C	EAGL
2EB6	N82CB	CH7A
2EB7	N82CC	C182
2EB8	N82CD	TBM9
2EB9	N82CE	EAGL
2EBA	N82CF	BE55
2EBB	N82CG	M20T
2EBC	N82CH	RV10
2EBE	N82CK	BE36
2EBF	N82CL	FOX
2EC3	N82CQ	DH82
2EC4	N82CR	GLF2
2EC5	N82CS	DH82
2EC6	N82CT	C182
2EC8	N82CV	AEST
2EC9	N82CW	G280
2ECA	N82CX	EPIC
2ECC	N82CZ	DH82
2ECE	N82DA	C414
2ECF	N82DB	SR22
2ED0	N82DC	BOLT
2ED1	N82DD	GLID
2ED3	N82DF	PA32
2ED5	N82DH	S22T
2ED7	N82DK	TRDO
2ED9	N82DM	CP10
2EE0	N82DU	E50P
2EE3	N82DX	PISI
2EE5	N82DZ	C182
2EE6	N82E	P337
2EE8	N82EB	P32R
2EE9	N82EC	BE60
2EEA	N82ED	C150
2EEF	N82EJ	AA5
2EF0	N82EK	DH82
2EF2	N82EM	GLEX
2EF4	N82EP	C172
2EF6	N82ER	C82R
2EFE	N82EZ	LGEZ
2EFF	N82F	B06
2F05	N82FF	RV10
2F07	N82FH	SRAI
2F0A	N82FL	C82T
2F0B	N82FM	RV8
2F11	N82FT	T28
2F14	N82FW	C82S
2F19	N82GA	SBD
2F1A	N82GB	C340
2F1B	N82GC	RV6
2F20	N82GH	BOLT
2F21	N82GJ	VEZE
2F22	N82GK	GLAS
2F23	N82GL	C414
2F24	N82GM	SEAW
2F28	N82GR	VEZE
2F2A	N82GT	C56X
2F2C	N82GV	RV8
2F2E	N82GX	GX
2F31	N82H	CRBN
2F32	N82HA	C177
2F33	N82HB	FOX
2F34	N82HC	BE35
2F36	N82HE	C56X
2F39	N82HH	ASTR
2F3B	N82HK	K100
2F3D	N82HM	HDJT
2F3F	N82HP	GL5T
2F41	N82HR	PC12
2F42	N82HS	C182
2F48	N82HY	HUSK
2F4A	N82J	PTS1
2F4B	N82JA	RV12
2F4E	N82JD	C82T
2F51	N82JG	BE55
2F53	N82JJ	P28R
2F54	N82JK	LJ45
2F57	N82JN	RV9
2F58	N82JP	GLAS
2F5A	N82JR	SR22
2F5C	N82JT	BE35
2F5F	N82JW	C180
2F64	N82KA	C25C
2F65	N82KB	ALIG
2F66	N82KC	C82S
2F67	N82KD	BL8
2F6A	N82KG	C82S
2F6E	N82KL	M20P
2F6F	N82KM	PTS2
2F75	N82KT	PA32
2F78	N82KW	C56X
2F7A	N82KY	C182
2F7C	N82L	CH7A
2F7D	N82LA	C82S
2F7E	N82LB	BE58
2F81	N82LE	C82T
2F82	N82LF	AS55
2F83	N82LG	PA11
2F84	N82LH	DHC6
2F86	N82LK	GLST
2F87	N82LL	PA46
2F88	N82LM	LGEZ
2F89	N82LN	DH82
2F8C	N82LR	LA25
2F8E	N82LT	C172
2F91	N82LW	T206
2F95	N82M	BE95
2F96	N82MA	TBM7
2F97	N82MB	PA11
2F99	N82MD	AS65
2F9A	N82ME	C182
2F9C	N82MG	C337
2F9E	N82MJ	BE95
2F9F	N82MK	DH82
2FA0	N82ML	C550
2FA1	N82MM	B407
2FA2	N82MN	C172
2FA3	N82MP	RV9
2FA6	N82MS	BE35
2FA7	N82MT	LGEZ
2FA9	N82MV	SR22
2FAA	N82MW	DH82
2FAF	N82NA	C182
2FB0	N82NB	RV4
2FB2	N82ND	MA5
2FB4	N82NF	HUSK
2FB5	N82NG	PC12
2FBC	N82NP	NPOR
2FC4	N82NX	P46T
2FC7	N82P	E55P
2FC8	N82PA	C82R
2FCA	N82PC	C82S
2FCB	N82PD	PTS2
2FCC	N82PE	G280
2FCE	N82PG	PAY3
2FCF	N82PH	COL3
2FD2	N82PL	HUSK
2FD3	N82PM	AA5
2FD5	N82PP	NG5
2FDB	N82PV	EC20
2FE4	N82QD	BE40
2FF9	N82R	RV6
2FFA	N82RA	PA11
2FFD	N82RD	GLST
2FFE	N82RE	ERCO
2FFF	N82RF	C208
3001	N82RH	PTS1
3002	N82RJ	PA30
3003	N82RK	FOX
3004	N82RL	CL60
3005	N82RM	EAGL
3007	N82RP	FA7X
3009	N82RR	SA30
300A	N82RS	H25B
300B	N82RT	CRER
300D	N82RV	RV8
3011	N82RZ	C182
3013	N82SA	SR22
3014	N82SB	PC12
3015	N82SC	PA18
3016	N82SD	UH12
3017	N82SE	RV7
3018	N82SF	SF50
3019	N82SG	LNC4
301A	N82SH	UH12
301D	N82SL	C182
301F	N82SN	S22T
3020	N82SP	BE50
3022	N82SR	H25B
3024	N82ST	RV8
3026	N82SV	FDF2
302C	N82TA	C402
3030	N82TE	SR22
3033	N82TH	HUSK
3036	N82TL	C182
3037	N82TM	C441
303B	N82TR	C414
303D	N82TT	TB20
3040	N82TW	PA31
3041	N82TX	C68A
3044	N82U	FNKB
3047	N82UC	BE58
3052	N82UP	EFOX
305E	N82VA	GLIM
305F	N82VB	CH7A
3067	N82VK	C25A
3069	N82VM	C550
306F	N82VT	S22T
3071	N82VV	S22T
3072	N82VW	RV6
3076	N82W	B212
3077	N82WA	C182
3078	N82WB	FOX
3079	N82WC	MU2
307C	N82WF	SF50
307D	N82WG	C82S
307E	N82WH	P32R
3080	N82WK	RV6
3082	N82WM	BOLT
3084	N82WP	B212
3087	N82WS	GLID
3088	N82WT	SREY
308D	N82WY	HUSK
3092	N82XC	CC19
309A	N82XL	PA31
309D	N82XP	BE9L
30A1	N82XT	C182
30A8	N82Y	C182
30AB	N82YC	C82T
30C2	N82ZA	AA5
30CD	N82ZM	SREY
30D9	N82ZZ	DV20
30DA	N820	SR22
30DB	N820A	PA22
30DD	N820AB	CRES
30E0	N820AE	E135
30E3	N820AH	T206
30E5	N820AK	C180
30E6	N820AL	B789
30E7	N820AM	DA40
30E8	N820AN	LA4
30EC	N820AS	CRJ2
30ED	N820AT	LJ45
30EF	N820AV	GLF4
30F0	N820AW	A319
30F2	N820AY	CRJ2
30F5	N820BA	GL7T
30F7	N820BC	B712
30FC	N820BH	C208
3104	N820BR	BE36
3106	N820BT	C82T
310E	N820CA	C68A
310F	N820CB	RV8
3117	N820CK	FA20
311B	N820CP	C82T
3126	N820D	C172
3129	N820DC	SW4
3131	N820DL	BE20
3133	N820DN	B739
3137	N820DS	DA40
313C	N820DX	B752
313D	N820DY	CRUZ
314F	N820ER	C172
315B	N820FC	F5
315D	N820FE	C208
3169	N820FS	PA31
316A	N820FT	A109
316D	N820FW	SR22
316E	N820FX	AT73
3171	N820G	P28A
3174	N820GC	HIGH
3179	N820GH	BE36
317C	N820GL	M20P
318A	N820H	B06
318C	N820HB	GLF5
318D	N820HC	BE20
3190	N820HF	HUCO
3191	N820HG	P28R
31A2	N820HZ	J3
31A4	N820JA	C172
31A5	N820JB	CC11
31AB	N820JH	PA31
31AD	N820JK	P28R
31AE	N820JL	HDJT
31B5	N820JT	C25M
31BE	N820KB	H60
31BF	N820KC	RAF2
31C1	N820KE	C82T
31CD	N820KS	C72R
31D7	N820LB	PC12
31E3	N820LP	RV9
31E5	N820LR	H25B
31E7	N820LT	PP3
31EA	N820LW	SR22
31EE	N820M	F900
31EF	N820MA	BE95
31F1	N820MC	C550
31F7	N820MJ	C25B
31FF	N820MS	GLF5
3207	N820N	CH65
320A	N820NC	C25B
320B	N820ND	P28A
320F	N820NH	RV6
3214	N820NN	B738
3217	N820NR	C172
321C	N820NW	A333
3221	N820PA	EC30
3229	N820PJ	P28R
322C	N820PM	EC20
3232	N820PT	R22
324A	N820QS	C700
3252	N820R	BE35
3253	N820RA	AT5T
3256	N820RD	BE9L
3259	N820RG	AT3T
325B	N820RJ	VELO
325D	N820RL	RV7
325E	N820RM	GLIM
326F	N820SD	BL8
3271	N820SF	B407
3273	N820SH	RV12
3275	N820SK	CRJ9
3276	N820SL	BE9L
3279	N820SP	MC45
327B	N820SR	SR22
327C	N820SS	C82S
327D	N820ST	C150
3281	N820SX	SONX
3282	N820SY	B738
3284	N820T	PA24
3288	N820TD	RV8
328A	N820TF	RS18
328D	N820TJ	B738
3291	N820TN	CDUS
3295	N820TS	SR22
329A	N820TX	RV10
329E	N820UA	A319
32AB	N820UP	B350
32AF	N820UT	C510
32B6	N820V	BE36
32D5	N820WF	WACF
32E4	N820WW	M5
3337	N8200D	BE35
3338	N8200E	FA7X
3339	N8200F	C150
333B	N8200H	DH8B
333C	N8200J	DH8B
333D	N8200K	RV6
3341	N8200P	PA24
3343	N8200R	DH8B
3344	N8200S	C150
3347	N8200V	P28A
3349	N8200X	C172
334A	N8200Y	PA32
334B	N8200Z	P28A
334F	N82003	CH7A
3351	N82005	P28A
3352	N82006	PA18
3353	N82007	CH7A
3354	N82008	P32R
3355	N82009	EXEC
3357	N8201A	M20P
3358	N8201B	M20P
335A	N8201D	BE35
335B	N8201E	BE36
335C	N8201F	C150
335D	N8201G	C77R
335E	N8201H	M20P
3361	N8201L	C172
3363	N8201N	P28A
3365	N8201Q	M20P
3366	N8201R	M20P
3367	N8201S	C150
3369	N8201U	C172
336A	N8201V	T6
336B	N8201W	P28A
336C	N8201X	M20P
336D	N8201Y	PA30
3371	N82012	CH7A
3373	N82014	CH7A
3374	N82015	CH7A
3375	N82016	PA18
3376	N82017	PA18
337A	N8202A	C170
337C	N8202C	PA22
337D	N8202D	BE35
337E	N8202E	P32R
337F	N8202F	C150
3381	N8202H	EXEC
3383	N8202K	S108
3384	N8202L	C172
3389	N8202R	BL17
338A	N8202S	C150
338C	N8202U	C172
338D	N8202V	C180
338E	N8202W	P28A
338F	N8202X	C172
3392	N82020	CH7A
3394	N82022	PA18
3395	N82023	TF22
3399	N82027	CH7A
339B	N82029	CH7A
339D	N8203A	C170
339F	N8203C	PA32
33A0	N8203D	P28A
33A3	N8203G	C77R
33A5	N8203J	AVID
33A6	N8203K	C206
33A7	N8203L	C172
33A8	N8203M	C210
33A9	N8203N	P28A
33AA	N8203P	PA24
33AE	N8203T	P32R
33B1	N8203W	P28A
33B2	N8203X	PA34
33B3	N8203Y	PA30
33BA	N82035	PA18
33BD	N82038	CH7A
33C1	N8204B	FDCT
33C3	N8204D	BE35
33C6	N8204G	C77R
33C7	N8204H	T6
33C8	N8204J	P28A
33CA	N8204L	C172
33CB	N8204M	BE36
33D1	N8204T	C175
33D4	N8204W	P28A
33D5	N8204X	C172
33D6	N8204Y	PA30
33D7	N8204Z	C210
33D8	N82040	CH7A
33D9	N82041	CH7A
33DA	N82042	CH7A
33DB	N82043	CH7A
33DC	N82044	P28A
33DD	N82045	P28A
33E0	N82048	P28A
33E4	N8205B	C172
33E5	N8205C	PA22
33E7	N8205E	P28A
33E8	N8205F	C150
33E9	N8205G	P28A
33EC	N8205K	S108
33F2	N8205R	B14A
33F5	N8205U	C172
33F7	N8205W	P28A
33F8	N8205X	C172
33FB	N82050	CH7A
33FC	N82051	CH7A
33FD	N82052	CH7A
33FE	N82053	PA18
33FF	N82054	P28A
3402	N82057	PA18
3404	N82059	CH7A
3406	N8206A	C170
3408	N8206C	PA22
3409	N8206D	BE35
340A	N8206E	PA32
340D	N8206H	P32R
340F	N8206K	S108
3410	N8206L	C172
3411	N8206M	C182
3413	N8206P	PA24
3415	N8206R	BL17
3418	N8206U	C172
3419	N8206V	C180
341A	N8206W	P28A
341B	N8206X	EXEC
341C	N8206Y	PA30
341D	N8206Z	C210
341F	N82061	CH7A
3420	N82062	CH7A
3421	N82063	PA18
3422	N82064	PA18
3423	N82065	PA18
3425	N82067	PA25
3426	N82068	CH7A
3427	N82069	CH7A
342B	N8207C	PA22
342E	N8207F	C150
342F	N8207G	C77R
3433	N8207L	C172
3434	N8207M	C182
3435	N8207N	P28A
3436	N8207P	PA24
3438	N8207R	BL17
343A	N8207T	C175
343F	N8207Y	PA30
3441	N82070	CH7A
3442	N82071	PA18
3443	N82072	CH7A
3444	N82073	PA34
3445	N82074	CH7A
3446	N82075	P28A
3447	N82076	PA18
3448	N82077	P28R
344D	N8208B	C172
3450	N8208E	C172
3452	N8208G	C77R
3456	N8208L	C172
3458	N8208N	P28A
3459	N8208P	PA24
345F	N8208V	C180
3460	N8208W	M18
3461	N8208X	C172
3462	N8208Y	PA30
3464	N82080	CH7A
3468	N82084	PA18
346C	N82088	CH7A
346F	N8209A	BE36
3470	N8209B	GLIM
3472	N8209D	BE35
3473	N8209E	P28A
3474	N8209F	P28B
3475	N8209G	C77R
3479	N8209L	C172
347C	N8209P	PA24
3480	N8209T	C175
3481	N8209U	C185
3483	N8209W	P28A
3489	N82092	TF21
348A	N82093	CH7A
348C	N82095	CH7A
348D	N82096	PA18
348E	N82097	P32R
348F	N82098	CH7A
3490	N82099	CH7A
3491	N821	D7
3492	N821A	SEAW
3494	N821AB	TTWO
3496	N821AD	P46T
3497	N821AE	E135
349C	N821AK	B38M
349E	N821AM	GLEX
349F	N821AN	B789
34A2	N821AR	DHC6
34A5	N821AU	B735
34A6	N821AV	A320
34A7	N821AW	A319
34A9	N821AY	CRJ2
34AC	N821BA	P68
34AE	N821BC	H60
34AF	N821BD	SF50
34B0	N821BE	P28A
34B1	N821BF	RV9
34BB	N821BR	DA42
34BD	N821BT	C310
34C4	N821C	B47G
34C6	N821CB	BE10
34C7	N821CC	SR22
34CB	N821CG	E300
34D1	N821CN	GLF4
34D2	N821CP	C82T
34D6	N821CT	PC12
34D8	N821CV	SR22
34DE	N821DA	BE9L
34E1	N821DD	C208
34E3	N821DF	LJ60
34E5	N821DH	C82S
34EA	N821DN	B739
34EE	N821DS	T6
34EF	N821DT	RV8
34F3	N821DX	B752
3506	N821ER	C172
3507	N821ES	RV8
3510	N821FA	C82S
3518	N821FJ	P28A
351A	N821FL	CRJ2
3525	N821FX	AT73
3528	N821G	SR22
3530	N821GH	BE36
3533	N821GL	RV6
3534	N821GM	PA23
3538	N821GR	GLF4
353A	N821GT	SR22
3544	N821HC	T206
3548	N821HG	C182
354F	N821HP	C25A
355A	N821J	P46T
355B	N821JA	BE36
355C	N821JB	A320
3564	N821JK	SF50
3568	N821JP	R44
356B	N821JS	C56X
356C	N821JT	B772
3573	N821K	G2T1
3584	N821KS	C72R
358C	N821L	AA5
358D	N821LA	H60
358E	N821LB	H25B
358F	N821LC	LJ45
3593	N821LG	DA40
3597	N821LL	C182
3598	N821LM	TB30
35A5	N821M	PULS
35A6	N821MA	MU2
35A9	N821MD	E170
35AC	N821MG	E300
35AD	N821MH	EC30
35B6	N821MS	SR22
35B7	N821MT	GLIM
35B9	N821MV	C25C
35BE	N821N	GLST
35C2	N821ND	CC11
35CA	N821NM	TB30
35CB	N821NN	B738
35D3	N821NW	A333
35D8	N821PA	P28A
35DA	N821PC	PA18
35DB	N821PD	AS50
35E0	N821PJ	NG5
35E1	N821PK	FOX
35E5	N821PP	C25A
35E9	N821PT	P28A
35FC	N821QM	TB30
3601	N821QS	C700
3609	N821R	BE35
360B	N821RB	GLAS
360C	N821RC	C240
360F	N821RF	PA32
3610	N821RG	T206
3612	N821RJ	FOX
3614	N821RL	RV7
3615	N821RM	C172
3617	N821RP	LGEZ
3619	N821RR	BN2P
361A	N821RS	R44
3626	N821SD	C172
3627	N821SE	LJ31
3628	N821SF	B190
362A	N821SH	R22
362C	N821SK	CRJ9
3630	N821SP	AS50
3632	N821SR	SR22
3633	N821SS	S76
3634	N821ST	C172
3639	N821SY	B738
363B	N821T	DA40
363D	N821TB	C310
3646	N821TL	EPIC
364D	N821TT	C421
3651	N821TX	H25B
3655	N821UA	A319
3660	N821UM	TB30
3662	N821UP	B350
366D	N821V	BE36
366F	N821VB	RV8
3686	N821W	GLID
368E	N821WH	GA5C
3692	N821WM	SR22
369B	N821WW	C82T
36A2	N821XC	CC11
36A6	N821XG	BE60
36D1	N821Z	GLID
36D3	N821ZB	DA42
36EB	N8210A	C170
36EC	N8210B	C172
36EF	N8210E	P32R
36F2	N8210H	P32R
36F6	N8210M	C210
36F8	N8210P	PA24
36FA	N8210R	BL17
3702	N8210Z	P28A
3703	N82100	PA18
3704	N82101	CH7A
3706	N82103	CH7A
3707	N82104	CH7A
3708	N82105	CH7A
3709	N82106	CH7A
370A	N82107	CH7A
370C	N82109	PA18
3710	N8211C	P28A
3711	N8211D	BE35
3714	N8211G	C77R
3716	N8211J	P28B
3717	N8211K	G164
3718	N8211L	C172
371E	N8211S	P28A
371F	N8211T	P28A
3720	N8211U	C172
3721	N8211V	P28B
3722	N8211W	P28A
3724	N8211Y	PA30
3729	N82113	CH7A
372C	N82116	PA18
372D	N82117	CH7A
372E	N82118	P28A
3731	N8212A	C170
3732	N8212B	C172
3733	N8212C	PA34
3735	N8212E	T6
3737	N8212G	C77R
3738	N8212H	PA32
3739	N8212J	PA34
373A	N8212K	S108
373B	N8212L	C172
373E	N8212P	PA24
373F	N8212Q	P28R
3745	N8212W	P28A
3746	N8212X	C172
3748	N8212Z	C210
374A	N82121	UH1
374B	N82122	P28A
374C	N82123	GLF6
374E	N82125	CH7A
3752	N82129	CH7A
3754	N8213A	C170
3756	N8213C	P28A
3757	N8213D	BE35
3758	N8213E	T6
375C	N8213J	PTS2
375D	N8213K	S108
375E	N8213L	C172
3763	N8213R	BL17
3764	N8213S	C150
3765	N8213T	C175
3766	N8213U	C172
3767	N8213V	C180
376A	N8213Y	PA30
376B	N8213Z	PA32
376D	N82131	PA32
3770	N82134	CH7A
3771	N82135	CH7A
3772	N82136	P28R
3773	N82137	CH7A
3774	N82138	CH7A
3777	N8214A	C170
3778	N8214B	PA32
3779	N8214C	PA18
377A	N8214D	BE35
377B	N8214E	P32R
377C	N8214F	C150
377D	N8214G	C77R
377E	N8214H	P32R
3783	N8214N	P28A
3784	N8214P	P32R
3785	N8214Q	P32R
3787	N8214S	G164
3789	N8214U	C172
378C	N8214X	C172
378D	N8214Y	P28A
378F	N82140	CH7A
3791	N82142	CH7A
3794	N82145	PA32
3795	N82146	CH7A
3796	N82147	CH7A
3798	N82149	C172
379A	N8215A	C170
379B	N8215B	RS20
379D	N8215D	BE35
379E	N8215E	T6
37A0	N8215G	C77R
37A4	N8215L	C172
37A5	N8215M	BT36
37A6	N8215N	P28A
37A7	N8215P	PA24
37AF	N8215X	C172
37B0	N8215Y	PA30
37B1	N8215Z	C210
37B2	N82150	CH7A
37B5	N82153	CH7A
37B6	N82154	CH7A
37B7	N82155	PA18
37B8	N82156	PA31
37BA	N82158	CH7A
37BB	N82159	CH7A
37BD	N8216A	C170
37BE	N8216B	C172
37BF	N8216C	PA18
37C1	N8216E	TF19
37C3	N8216G	C77R
37C5	N8216J	C185
37C7	N8216L	C172
37C9	N8216N	P28A
37CA	N8216P	PA24
37CC	N8216R	BL17
37CD	N8216S	P28A
37CE	N8216T	PA32
37CF	N8216U	C172
37D1	N8216W	P28A
37D3	N8216Y	PA30
37D5	N82160	CH7A
37D6	N82161	E55P
37D7	N82162	P32R
37DA	N82165	PA18
37DB	N82166	PA18
37DD	N82168	PA18
37DE	N82169	PA18
37E1	N8217B	C172
37E6	N8217G	C182
37EA	N8217L	C172
37EB	N8217M	C182
37EC	N8217N	P28A
37ED	N8217P	PA24
37EE	N8217Q	P28A
37EF	N8217R	BL17
37F0	N8217S	P28A
37F4	N8217W	IS28
37F5	N8217X	C172
37F6	N8217Y	PA30
37F7	N8217Z	P32R
37F8	N82170	CH7A
37F9	N82171	L29
37FA	N82172	PA18
37FB	N82173	P32R
3801	N82179	CH7A
3802	N8218	PA18
3803	N8218A	P32R
3804	N8218B	L8
3805	N8218C	P28A
3807	N8218E	T6
3808	N8218F	C150
380C	N8218K	P32R
380D	N8218L	C172
380F	N8218N	P28A
3813	N8218S	PA34
3815	N8218U	C172
381A	N8218Z	P28A
381C	N82181	CH7A
381E	N82183	CH7A
381F	N82184	CH7A
3822	N82187	CH7A
3823	N82188	PA18
3826	N8219A	C170
382B	N8219F	C150
382C	N8219G	C77R
382F	N8219K	S108
3831	N8219M	C210
3832	N8219N	L8
3833	N8219P	PA24
3838	N8219U	C172
3839	N8219V	C172
383A	N8219W	P28A
383B	N8219X	C172
383C	N8219Y	PA30
383E	N82190	RV14
3842	N82194	P28R
3844	N82196	PA18
3847	N82199	CH7A
3848	N822	WAIX
384A	N822AA	FA20
384B	N822AB	RV9
384C	N822AC	SR20
384E	N822AE	E135
3850	N822AG	P28R
3851	N822AH	FDCT
3854	N822AL	YK52
3855	N822AM	C310
3856	N822AN	B789
3859	N822AR	RV6
385A	N822AS	C337
385B	N822AT	WAIX
385E	N822AW	A319
3861	N822AZ	B429
3862	N822B	L8
3864	N822BB	C208
3865	N822BC	L39
3866	N822BD	GLF5
387B	N822C	S108
387F	N822CD	SR22
3880	N822CE	COL4
3882	N822CG	C77R
3883	N822CH	BLKS
3889	N822CP	S22T
388C	N822CS	C82T
388D	N822CT	FOX
3890	N822CW	S22T
3895	N822DA	PC12
3898	N822DD	S22T
389B	N822DG	EPIC
389E	N822DK	PA46
389F	N822DL	SF50
38A1	N822DN	B739
38A4	N822DR	SR22
38AA	N822DX	B752
38AD	N822E	M20P
38AE	N822EA	BE58
38B7	N822EK	DH82
38BD	N822ER	C172
38BF	N822ET	EC20
38C6	N822F	R44
38DF	N822G	P28A
38E1	N822GB	GLAS
38EB	N822GM	SR22
38EC	N822GN	CLON
38F0	N822GS	BE55
38F1	N822GT	SR20
38F8	N822H	B214
390D	N822HW	T206
3913	N822JB	PA11
3914	N822JC	A109
391A	N822JJ	S22T
391C	N822JL	GLST
391F	N822JP	P32R
3922	N822JS	P28R
392A	N822K	G2T1
392B	N822KA	AT8T
392C	N822KB	RV12
392D	N822KC	BE60
3935	N822KL	A139
393C	N822KT	C72R
393F	N822KW	B772
3944	N822LA	H60
3946	N822LC	FA8X
394E	N822LL	CL35
394F	N822LM	C82R
395C	N822M	BE35
395F	N822MC	SR22
3963	N822MG	EDGE
3964	N822MH	EC30
3965	N822MJ	PA34
3966	N822MK	GLF6
3967	N822ML	C172
3968	N822MM	A119
3969	N822MN	C172
396D	N822MS	SR22
3971	N822MW	BL8
397C	N822NG	PC12
3982	N822NN	B738
3983	N822NP	F2TH
3985	N822NR	GLF4
398A	N822NW	A333
398E	N822P	PTS2
398F	N822PA	P28A
3995	N822PG	SF50
399A	N822PM	RV6
399C	N822PP	EC35
399E	N822PR	CH60
399F	N822PS	CH65
39B8	N822QS	C700
39CA	N822RK	BRAV
39CB	N822RL	H25B
39CC	N822RM	CHR1
39D1	N822RS	TUCA
39D2	N822RT	SA30
39D4	N822RV	RV3
39D9	N822S	BE35
39DA	N822SA	DA42
39DC	N822SC	SR22
39DF	N822SF	GLF5
39E2	N822SJ	S22T
39E3	N822SK	CRJ9
39E7	N822SP	H269
39EA	N822SS	FDCT
39EB	N822ST	EVOP
39EF	N822SX	SONX
39F0	N822SY	B738
39F2	N822T	BE35
39F4	N822TB	C25M
39FE	N822TM	C185
39FF	N822TN	SR22
3A00	N822TP	T206
3A04	N822TT	CH7B
3A07	N822TW	SR22
3A0C	N822UA	A319
3A19	N822UP	B350
3A24	N822V	CH7A
3A2D	N822VJ	SF50
3A32	N822VP	GLEX
3A36	N822VT	S22T
3A39	N822VW	C340
3A45	N822WH	H46
3A49	N822WM	SR22
3A52	N822WW	F900
3A54	N822WY	RV6
3A56	N822X	RV8
3AA1	N8220	CAMP
3AA3	N8220B	C172
3AA5	N8220D	BE35
3AA7	N8220F	BE33
3AA9	N8220H	P28A
3AAC	N8220L	C172
3AAD	N8220M	BE36
3AAE	N8220N	UH1
3AAF	N8220P	PA24
3AB0	N8220Q	P32R
3AB2	N8220S	C150
3AB3	N8220T	UH1
3AB6	N8220W	P32R
3AB7	N8220X	C172
3ABB	N82201	CH7A
3ABC	N82202	CH7A
3ABF	N82205	CH7A
3AC0	N82206	CH7A
3AC1	N82207	UH1
3AC2	N82208	P28R
3AC3	N82209	PA18
3AC6	N8221B	C172
3AC8	N8221D	BE35
3ACA	N8221F	C150
3ACB	N8221G	C77R
3ACE	N8221K	GLID
3ACF	N8221L	C172
3AD1	N8221N	P28A
3AD2	N8221P	PA24
3AD3	N8221Q	C414
3AD4	N8221R	BL17
3AD6	N8221T	PA34
3AD8	N8221V	C180
3ADA	N8221X	C172
3ADB	N8221Y	PA30
3ADC	N8221Z	C210
3ADD	N82210	VEZE
3ADE	N82211	FOX
3AE0	N82213	PA18
3AE2	N82215	CH7A
3AE8	N8222A	PA34
3AE9	N8222B	PA34
3AEB	N8222D	P28A
3AED	N8222F	P28A
3AEF	N8222H	P28A
3AF0	N8222J	P28A
3AF1	N8222K	G164
3AF2	N8222L	C172
3AF3	N8222M	C210
3AF5	N8222P	PA24
3AF6	N8222Q	C414
3AFA	N8222U	C172
3AFC	N8222W	P28A
3AFD	N8222X	C172
3AFE	N8222Y	P28A
3B00	N82220	CH7A
3B01	N82221	P28A
3B02	N82222	R22
3B05	N82225	PA18
3B06	N82226	P28A
3B0B	N8223A	C170
3B0C	N8223B	P28R
3B0D	N8223C	P28R
3B0E	N8223D	BE35
3B0F	N8223E	T6
3B10	N8223F	C150
3B15	N8223L	C172
3B17	N8223N	P28A
3B1A	N8223R	BL17
3B1B	N8223S	C150
3B1C	N8223T	P28A
3B1D	N8223U	C172
3B20	N8223X	C182
3B23	N82230	CH7A
3B27	N82234	CH7A
3B29	N82236	PA18
3B2B	N82238	BT36
3B2C	N82239	PA32
3B2D	N8224	DH82
3B31	N8224D	BE35
3B32	N8224E	C170
3B33	N8224F	C150
3B34	N8224G	C77R
3B35	N8224H	PA32
3B36	N8224J	BE33
3B37	N8224K	P28A
3B38	N8224L	C172
3B39	N8224M	C182
3B3A	N8224N	P28A
3B3F	N8224T	C175
3B40	N8224U	C172
3B42	N8224W	P28A
3B44	N8224Y	PA30
3B45	N8224Z	C210
3B46	N82240	AVID
3B4A	N82244	CH7A
3B4B	N82245	CH7A
3B51	N8225A	C170
3B52	N8225B	C172
3B53	N8225C	PA18
3B54	N8225D	UH1
3B55	N8225E	S2P
3B58	N8225H	C182
3B5C	N8225M	C210
3B5D	N8225N	P28A
3B5E	N8225P	PA32
3B5F	N8225Q	T206
3B60	N8225R	P32R
3B63	N8225U	P28A
3B64	N8225V	P28A
3B65	N8225W	P28A
3B66	N8225X	P28A
3B67	N8225Y	C77R
3B6B	N82252	CH7A
3B6C	N82253	PA18
3B6E	N82255	P32R
3B71	N82258	CH7A
3B72	N82259	PA18
3B75	N8226B	C172
3B76	N8226C	PA18
3B78	N8226E	BE18
3B79	N8226F	C150
3B83	N8226R	BL17
3B85	N8226T	C175
3B87	N8226V	P28A
3B8A	N8226Y	PA30
3B8B	N8226Z	BE99
3B8C	N82260	CH7A
3B8F	N82263	CH7A
3B91	N82265	CH7A
3B92	N82266	C180
3B93	N82267	PA18
3B94	N82268	P28R
3B95	N82269	CH7A
3B96	N8227	KR2
3B97	N8227A	C170
3B98	N8227B	C172
3B9D	N8227G	C77R
3B9E	N8227H	BE58
3BA4	N8227P	BE99
3BA6	N8227R	BL17
3BA7	N8227S	C150
3BA8	N8227T	C175
3BA9	N8227U	C172
3BAA	N8227V	P28R
3BAB	N8227W	P28A
3BAC	N8227X	C172
3BAD	N8227Y	P28R
3BAE	N8227Z	C210
3BAF	N82270	CH7A
3BB1	N82272	CH7A
3BB2	N82273	PA32
3BB3	N82274	PA18
3BB5	N82276	HUCO
3BB7	N82278	CH7A
3BB8	N82279	PA32
3BB9	N8228	C172
3BBA	N8228A	P32R
3BBE	N8228E	BE18
3BC2	N8228J	PA34
3BC6	N8228N	GLF5
3BC8	N8228Q	PA34
3BCA	N8228S	C150
3BCE	N8228W	P28A
3BD1	N8228Z	BE36
3BD4	N82282	CH7A
3BD5	N82283	RC3
3BD7	N82285	PA18
3BD8	N82286	CH7A
3BDE	N8229B	C172
3BE0	N8229D	BE35
3BE1	N8229E	P32R
3BE3	N8229G	C77R
3BE7	N8229L	C172
3BE8	N8229M	C210
3BEA	N8229P	P28A
3BEB	N8229Q	C414
3BEC	N8229R	BL17
3BED	N8229S	C150
3BEE	N8229T	C175
3BEF	N8229U	C172
3BF1	N8229W	P28A
3BF2	N8229X	C172
3BF3	N8229Y	P28R
3BF4	N8229Z	P28R
3BF6	N82291	P28R
3BF7	N82292	CH7A
3BF8	N82293	PA18
3BF9	N82294	P28R
3BFA	N82295	FOX
3BFC	N82297	CH7A
3BFF	N823	FOX
3C03	N823AC	SR20
3C05	N823AE	E135
3C06	N823AF	M20P
3C0A	N823AK	B38M
3C0C	N823AM	H25B
3C0D	N823AN	B789
3C15	N823AW	A319
3C17	N823AY	CRJ2
3C1A	N823BA	A5
3C1B	N823BB	IR23
3C1C	N823BC	IR23
3C1E	N823BE	C82R
3C2E	N823BW	RV14
3C32	N823C	IR23
3C33	N823CA	LJ45
3C34	N823CB	C560
3C36	N823CD	SR22
3C3E	N823CM	L29
3C42	N823CR	EC30
3C43	N823CS	C82T
3C44	N823CT	C208
3C4B	N823D	C172
3C4E	N823DC	IR23
3C53	N823DH	COL3
3C54	N823DJ	IR23
3C55	N823DK	IR23
3C58	N823DN	B739
3C5D	N823DT	C56X
3C61	N823DX	B752
3C66	N823EB	BE30
3C6A	N823EF	BE58
3C6C	N823EH	IR23
3C74	N823ER	SR22
3C76	N823ET	BE40
3C7D	N823F	C150
3C92	N823FW	SR22
3CAF	N823H	B214
3CB4	N823HE	RV14
3CBA	N823HL	LJ45
3CBB	N823HM	LJ45
3CBF	N823HR	IR23
3CCA	N823JB	RV8
3CD0	N823JH	SONX
3CD4	N823JM	EC35
3CD6	N823JP	VEZE
3CD8	N823JR	CH60
3CDA	N823JT	IR23
3CDD	N823JW	AC11
3CE3	N823KB	H60
3CE5	N823KD	CL60
3CEB	N823KK	TBM9
3CF2	N823KS	C72R
3CF4	N823KU	IR23
3CF6	N823KW	GLST
3CFA	N823L	C25A
3CFB	N823LA	BE36
3CFD	N823LC	C82S
3D03	N823LJ	LJ23
3D0C	N823LT	LJ45
3D0F	N823LW	UH1
3D13	N823M	C510
3D14	N823MA	C208
3D15	N823MB	PC12
3D16	N823MC	C172
3D17	N823MD	E170
3D1A	N823MG	PA32
3D1B	N823MH	EC30
3D1F	N823MM	CRUZ
3D29	N823MX	R22
3D30	N823ND	P28A
3D39	N823NN	B738
3D41	N823NW	A333
3D45	N823P	RV10
3D46	N823PA	P28A
3D47	N823PB	IR23
3D48	N823PC	BE33
3D49	N823PD	FOX
3D50	N823PL	IR23
3D51	N823PM	C550
3D59	N823PV	SR22
3D5A	N823PW	C172
3D6F	N823QS	C700
3D77	N823R	BE35
3D7B	N823RD	BE58
3D83	N823RM	IR23
3D8B	N823RV	RV8
3D90	N823S	SR22
3D92	N823SB	AC90
3D96	N823SF	BE20
3D98	N823SH	IR23
3D9A	N823SK	CRJ9
3D9D	N823SN	AR15
3D9E	N823SP	M20P
3DA0	N823SR	C182
3DA5	N823SW	RV6
3DA7	N823SY	B738
3DA9	N823T	BE35
3DAA	N823TA	IR23
3DAC	N823TC	R44
3DAE	N823TE	B06
3DAF	N823TF	C25M
3DB1	N823TH	M20P
3DB5	N823TM	C180
3DB9	N823TR	RV3
3DBB	N823TT	CRER
3DBF	N823TX	H25B
3DC2	N823U	BE95
3DC3	N823UA	A319
3DD0	N823UP	B350
3DDB	N823V	BE35
3DE5	N823VK	SR22
3DEF	N823VV	DC10
3DF4	N823W	IR23
3E05	N823WS	C150
3E06	N823WT	IR23
3E09	N823WW	AC11
3E0D	N823X	DHC6
3E10	N823XC	B06
3E26	N823Y	IR23
3E38	N823YT	DA40
3E5C	N8230D	BE35
3E5D	N8230E	CB1
3E5E	N8230F	C150
3E62	N8230K	S108
3E63	N8230L	C172
3E66	N8230P	PA24
3E67	N8230Q	UH1
3E68	N8230R	FOX
3E6A	N8230T	C175
3E6D	N8230W	P28A
3E6F	N8230Y	BE33
3E70	N8230Z	BUCA
3E71	N82300	PA32
3E72	N82301	P28R
3E74	N82303	P32R
3E76	N82305	PA25
3E77	N82306	PA34
3E7A	N82309	CH7A
3E7C	N8231A	P28A
3E7D	N8231B	C172
3E80	N8231E	PA18
3E81	N8231F	C150
3E82	N8231G	C77R
3E85	N8231K	G164
3E86	N8231L	BE33
3E8A	N8231Q	P28A
3E8B	N8231R	BL17
3E8C	N8231S	P28A
3E91	N8231X	C172
3E92	N8231Y	P28R
3E93	N8231Z	C210
3E96	N82312	CH7A
3E98	N82314	E75L
3E99	N82315	CH7A
3E9A	N82316	CH7A
3E9C	N82318	P28A
3E9D	N82319	P28B
3E9E	N8232	DH82
3E9F	N8232A	PA32
3EA1	N8232C	P28A
3EA2	N8232D	BE35
3EA4	N8232F	C150
3EA7	N8232J	UH1
3EA8	N8232K	BE33
3EAB	N8232N	P28A
3EB0	N8232T	C175
3EB3	N8232W	P28A
3EB6	N8232Z	C210
3EB7	N82320	CH7A
3EB8	N82321	CH7A
3EB9	N82322	CH7A
3EBC	N82325	PA18
3EC1	N8233	DH82
3EC2	N8233A	CH7A
3EC4	N8233C	P28A
3ECA	N8233J	BE33
3ECB	N8233K	S108
3ECC	N8233L	C172
3ECD	N8233M	C210
3ED3	N8233T	P28A
3ED5	N8233V	C180
3ED6	N8233W	P28A
3ED7	N8233X	SA30
3ED9	N8233Z	C210
3EDC	N82332	P28A
3EDD	N82333	E75L
3EDF	N82335	CH7A
3EE2	N82338	E75L
3EE5	N8234A	P28A
3EE6	N8234B	C172
3EE8	N8234D	P28A
3EEA	N8234F	P28A
3EED	N8234J	AEST
3EF0	N8234M	BT36
3EF2	N8234P	P28A
3EF6	N8234T	C175
3EF7	N8234U	C172
3EF9	N8234W	P28A
3EFB	N8234Y	PA30
3EFF	N82342	CH7A
3F00	N82343	CH7A
3F07	N8235	PTS2
3F08	N8235A	P32R
3F0B	N8235D	P32R
3F0C	N8235E	PA34
3F0D	N8235F	P28A
3F0E	N8235G	C77R
3F15	N8235P	PA24
3F18	N8235S	P28A
3F1C	N8235W	EXEC
3F21	N82351	PA18
3F23	N82353	PA18
3F24	N82354	CH7A
3F25	N82355	CH7A
3F28	N82358	P32R
3F29	N82359	CH7A
3F2A	N8236	B47G
3F2B	N8236A	C170
3F2E	N8236D	BE35
3F2F	N8236E	BE36
3F31	N8236G	C172
3F35	N8236L	C172
3F36	N8236M	C182
3F37	N8236N	P28A
3F38	N8236P	PA24
3F3A	N8236R	BL17
3F3C	N8236T	C175
3F3D	N8236U	BE36
3F3F	N8236W	P28A
3F43	N82360	CH7A
3F44	N82361	CH7A
3F49	N82366	E75L
3F4B	N82368	PA18
3F4F	N8237B	P28A
3F50	N8237C	PA22
3F51	N8237D	BE35
3F54	N8237G	C77R
3F56	N8237J	BE36
3F59	N8237M	T210
3F5B	N8237P	PA24
3F5C	N8237Q	C340
3F5E	N8237S	C150
3F5F	N8237T	C175
3F60	N8237U	C172
3F61	N8237V	UH1
3F62	N8237W	P28A
3F64	N8237Y	PA30
3F66	N82370	PA18
3F67	N82371	PA18
3F68	N82372	P32R
3F6D	N82377	P28A
3F6F	N82379	CH7A
3F71	N8238A	C170
3F73	N8238C	PA32
3F74	N8238D	PA32
3F76	N8238F	PA34
3F77	N8238G	C77R
3F7A	N8238K	S108
3F7D	N8238N	P28A
3F7E	N8238P	PA32
3F82	N8238T	P32R
3F83	N8238U	C172
3F84	N8238V	P28R
3F85	N8238W	P28A
3F86	N8238X	P28R
3F89	N82380	CH7A
3F8F	N82386	CH7A
3F90	N82387	CH7A
3F91	N82388	PA18
3F99	N8239F	C150
3F9E	N8239L	C172
3FA0	N8239N	P28A
3FA1	N8239P	PA24
3FA3	N8239R	BL17
3FA7	N8239V	P28B
3FA8	N8239W	P28A
3FA9	N8239X	C172
3FAA	N8239Y	PA30
3FAB	N8239Z	C210
3FAC	N82390	CH7A
3FAD	N82391	PA18
3FAF	N82393	CH7A
3FB1	N82395	CH7A
3FB4	N82398	PA18
3FB8	N824AA	M20P
3FB9	N824AB	RV9
3FBA	N824AC	A319
3FBC	N824AE	E135
3FBD	N824AF	AS55
3FBE	N824AG	R66
3FBF	N824AH	EC35
3FC0	N824AJ	C82T
3FC1	N824AK	R44
3FC3	N824AM	R44
3FC4	N824AN	B789
3FC7	N824AR	S22T
3FCC	N824AW	A319
3FCE	N824AY	CRJ2
3FD1	N824BA	C182
3FD3	N824BC	C340
3FD8	N824BH	SEAW
3FDC	N824BM	A119
3FE9	N824C	RV6
3FEA	N824CA	C68A
3FEB	N824CB	PA31
3FEC	N824CC	LJ55
3FED	N824CD	SR20
3FF7	N824CP	MT
3FFA	N824CS	C82T
4004	N824DB	P32R
4005	N824DC	GLAS
400A	N824DH	CL60
400C	N824DK	R44
400F	N824DN	B739
4010	N824DP	CL35
4018	N824DX	P28A
401B	N824E	RV10
402B	N824ER	C172
402C	N824ES	C25A
4034	N824F	C82R
404F	N824GB	HDJT
4053	N824GF	BE50
405B	N824GP	M7
405F	N824GT	TB21
4067	N824HA	C82T
4068	N824HB	RV7
406D	N824HG	BE40
406E	N824HH	C680
406F	N824HJ	SR22
4070	N824HK	E145
4081	N824JB	C208
4082	N824JC	DFLY
408A	N824JL	M20P
4090	N824JS	C56X
4091	N824JT	PA18
409A	N824KB	SR22
409F	N824KG	SR22
40A1	N824KJ	RV9
40A3	N824KL	BL17
40A4	N824KM	DHC1
40A9	N824KS	C72R
40B2	N824LA	FA10
40B9	N824LH	RV7
40BD	N824LM	LJ60
40CB	N824MA	P210
40CD	N824MC	C172
40CE	N824MD	E170
40D1	N824MG	LJ55
40D2	N824MH	EC30
40D6	N824MM	M20P
40DA	N824MR	SR22
40DE	N824MV	RV7
40E2	N824MZ	AEST
40E7	N824ND	P28A
40EF	N824NM	C82T
40F0	N824NN	B738
40F8	N824NW	A333
40FD	N824PA	P28A
40FF	N824PC	CB1
4100	N824PD	K900
4102	N824PF	SR22
4103	N824PG	PA31
4105	N824PJ	BE23
4106	N824PK	RV8
4108	N824PM	C56X
410D	N824PS	RF10
4126	N824QS	C700
4130	N824RB	C414
4131	N824RC	C82S
4137	N824RJ	VEZE
4142	N824RV	RV7
4147	N824S	F900
4149	N824SB	BE55
414D	N824SF	E50P
414E	N824SG	BL8
4151	N824SK	CRJ9
4152	N824SL	LGEZ
4153	N824SM	PC12
4158	N824SS	GLF6
415B	N824SV	LNC2
415C	N824SW	RV4
415E	N824SY	B738
4165	N824TE	R44
4166	N824TF	R44
416C	N824TM	CL35
4170	N824TR	RV7
4176	N824TX	AS50
417A	N824UA	A319
4187	N824UP	B350
418A	N824US	DA40
4193	N824VA	PA31
41A2	N824VR	P28A
41A6	N824VV	DC10
41AB	N824W	P32R
41AD	N824WB	S22T
41B6	N824WL	SR22
41B9	N824WP	C182
41BC	N824WS	R22
41C4	N824X	COL4
41DC	N824XZ	S22T
41F8	N824ZB	SR20
420E	N824ZZ	RV4
4210	N8240A	C170
4212	N8240C	PA22
4213	N8240D	P28B
4214	N8240E	P28B
4215	N8240F	C150
421A	N8240L	C172
421C	N8240N	P28A
421D	N8240P	PA18
4221	N8240T	BE33
4224	N8240W	P28A
4225	N8240X	UH1
4227	N8240Z	C210
4228	N82400	AT3T
422B	N82403	CH7A
422D	N82405	PA18
422E	N82406	CH7A
4232	N8241	GLIM
4233	N8241A	P32R
4234	N8241B	C172
4235	N8241C	P28A
4236	N8241D	BE35
4237	N8241E	GLID
4239	N8241G	C77R
423C	N8241K	BE33
423E	N8241M	C210
423F	N8241N	BT36
4240	N8241P	PA24
4241	N8241Q	C414
4242	N8241R	BL17
4245	N8241U	C172
4246	N8241V	C180
4247	N8241W	P28A
4248	N8241X	C172
4249	N8241Y	P28R
424A	N8241Z	P28A
424C	N82411	CH7A
424E	N82413	CH7A
424F	N82414	CH7A
4251	N82416	CH7A
4252	N82417	CH7A
4253	N82418	CH7A
4254	N82419	UH1
4257	N8242B	C172
4259	N8242D	BE35
425C	N8242G	C77R
425E	N8242J	BE36
4260	N8242L	P28R
4261	N8242M	C310
4262	N8242N	P28A
4263	N8242P	PA24
4264	N8242Q	C310
4267	N8242T	BE33
4269	N8242V	P28R
426F	N82421	CH7A
4270	N82422	PA18
4271	N82423	P28B
4272	N82424	PA18
4274	N82426	CH7A
4275	N82427	CH7A
4279	N8243A	PA32
427C	N8243D	BE35
427D	N8243E	C172
427F	N8243G	C77R
4282	N8243K	S108
4283	N8243L	PA32
4284	N8243M	C182
4286	N8243P	PA24
4287	N8243Q	C414
4288	N8243R	BL17
428D	N8243W	P28A
428E	N8243X	C172
428F	N8243Y	PA30
4290	N8243Z	C210
4294	N82433	CH7A
429A	N82439	CH7A
429C	N8244A	C170
42A0	N8244E	BE18
42A2	N8244G	C77R
42A4	N8244J	AEST
42A6	N8244L	BE20
42A9	N8244P	PA24
42AA	N8244Q	PA44
42AC	N8244S	R22
42AD	N8244T	BLKS
42AE	N8244U	P28A
42AF	N8244V	PA32
42B1	N8244X	RBEL
42B2	N8244Y	PA30
42B4	N82440	CH7A
42B7	N82443	PA18
42B8	N82444	CH7A
42BA	N82446	EXEC
42BB	N82447	CH7A
42BC	N82448	PA18
42BF	N8245A	C170
42C1	N8245C	P28A
42C2	N8245D	BE33
42C4	N8245F	C150
42C5	N8245G	C77R
42C7	N8245J	BE36
42C8	N8245K	S108
42CA	N8245M	C182
42CB	N8245N	P28A
42CD	N8245Q	RS12
42CE	N8245R	BL17
42D0	N8245T	C175
42D2	N8245V	C180
42D3	N8245W	P28A
42D5	N8245Y	P28R
42D6	N8245Z	C210
42DA	N82453	PA18
42DC	N82455	PA32
42DD	N82456	PA32
42DE	N82457	PA32
42DF	N82458	CH7A
42E3	N8246B	C172
42E6	N8246E	P28A
42E7	N8246F	C150
42EC	N8246L	C172
42EE	N8246N	P28A
42F5	N8246V	BE33
42F8	N8246Y	PA30
42F9	N8246Z	C210
42FC	N82462	CH7A
42FE	N82464	PA18
4300	N82466	CH7A
4302	N82468	CH7A
4305	N8247A	BE33
4306	N8247B	C172
4307	N8247C	P28A
4308	N8247D	BE35
430A	N8247F	C150
430B	N8247G	PA23
430D	N8247J	AEST
430E	N8247K	G164
430F	N8247L	C172
4310	N8247M	P28R
4311	N8247N	P28A
4312	N8247P	PA24
4316	N8247T	P32R
4317	N8247U	C172
4318	N8247V	P28B
4319	N8247W	P28A
431A	N8247X	C172
431B	N8247Y	PA32
431C	N8247Z	C210
431D	N82470	P32R
431F	N82472	CH7A
4321	N82474	PA18
4325	N82478	CH7A
4326	N82479	PA18
4328	N8248A	C170
4329	N8248B	BE58
432A	N8248C	PA22
432B	N8248D	P32R
432E	N8248G	C77R
4331	N8248K	BE36
4332	N8248L	C172
4334	N8248N	P28A
4335	N8248P	PA24
4336	N8248Q	P32R
4339	N8248T	P28A
433A	N8248U	C172
433E	N8248Y	VO10
4340	N82480	CH7A
4341	N82481	PA18
4344	N82484	CH7A
4345	N82485	CH7A
4346	N82486	PA18
4347	N82487	P28A
4348	N82488	C182
4349	N82489	CH7A
434C	N8249B	P28A
434D	N8249C	PA22
434F	N8249E	BE18
4351	N8249G	C182
4355	N8249L	P28R
4356	N8249M	T210
4357	N8249N	P28A
4358	N8249P	PA24
435C	N8249T	C175
435E	N8249V	C180
435F	N8249W	P28A
4360	N8249X	C172
4362	N8249Z	BL17
4363	N82490	CH7A
4364	N82491	PA18
4366	N82493	PA18
4369	N82496	CH7A
436B	N82498	CH7A
436E	N825A	P46T
436F	N825AA	B789
4370	N825AB	RV6
4372	N825AD	P46T
4373	N825AE	E135
4377	N825AJ	BE95
4378	N825AK	SR20
4379	N825AL	BE23
437A	N825AM	B738
4380	N825AT	BRAV
4382	N825AV	C25B
4383	N825AW	A319
4385	N825AY	CRJ2
4387	N825B	R44
4388	N825BA	IR25
4389	N825BB	GALX
438A	N825BC	B712
4391	N825BK	AT3T
4392	N825BL	B350
43A1	N825CA	LJ45
43A2	N825CB	FOX
43A4	N825CD	SR22
43A7	N825CG	RV10
43AE	N825CP	GLF4
43B0	N825CR	PA24
43B1	N825CS	T206
43BA	N825DA	AT8T
43BE	N825DE	BOLT
43C1	N825DH	C82S
43C3	N825DK	RV7
43C4	N825DL	S22T
43C6	N825DN	B739
43CA	N825DS	CH7B
43D5	N825EC	BE36
43D9	N825EG	BE33
43E2	N825ER	C172
43EB	N825F	LESP
43EC	N825FA	CN35
4400	N825FW	SR22
4406	N825GB	BE36
441D	N825H	B214
441E	N825HA	SR22
441F	N825HB	P28B
4427	N825HK	E145
4432	N825HW	RV9
4436	N825J	MIMU
4438	N825JB	SR20
4439	N825JC	S22T
443C	N825JF	BE36
443E	N825JH	S22T
4441	N825JL	TAYD
4447	N825JS	CH7A
444B	N825JW	FA50
4450	N825KA	BE20
4457	N825KH	A660
445B	N825KM	HUSK
4460	N825KS	C72R
4464	N825KW	B772
4468	N825L	SONX
4471	N825LJ	LJ35
4473	N825LL	RV7
4476	N825LP	PC12
4482	N825MA	C208
4485	N825MD	C25B
4486	N825ME	PA11
4489	N825MH	B764
448C	N825ML	S76
448D	N825MM	EC35
4492	N825MS	RV14
4493	N825MT	C25A
4496	N825MW	KR2
44A1	N825NG	C182
44A7	N825NN	B738
44AE	N825NV	B38M
44AF	N825NW	A333
44B0	N825NX	PC12
44B3	N825P	BE9L
44B4	N825PA	CJ6
44B9	N825PF	C441
44BC	N825PJ	FOX
44BF	N825PM	RV6
44C3	N825PR	PC12
44C4	N825PS	C501
44C5	N825PT	P28A
44DD	N825QS	C700
44DE	N825QT	H25B
44E5	N825R	P28A
44E8	N825RC	B763
44E9	N825RD	PA32
44ED	N825RH	BL8
44F9	N825RV	RV8
44FE	N825S	C182
4500	N825SB	SBR1
4502	N825SD	BE9L
4503	N825SE	M7
4505	N825SG	CL60
4506	N825SH	EN28
4508	N825SK	CRJ9
450A	N825SM	RV7
450C	N825SP	C441
4510	N825ST	BE20
4513	N825SW	C82T
4514	N825SX	SONX
4515	N825SY	B738
4519	N825TB	E550
451B	N825TD	DA42
451E	N825TG	SR22
4520	N825TJ	R44
4523	N825TM	M20P
4527	N825TR	SR22
4529	N825TT	BE30
4531	N825UA	A319
453E	N825UP	B350
4541	N825US	DA40
4545	N825UW	C650
4549	N825V	BE36
4552	N825VJ	R44
456B	N825WJ	CH60
456D	N825WL	S61
457B	N825X	PA32
45C7	N8250A	C170
45C8	N8250B	C172
45C9	N8250C	PA18
45CA	N8250D	PA34
45CC	N8250F	C150
45D1	N8250L	C172
45D4	N8250P	PA24
45D7	N8250S	C150
45D9	N8250U	C172
45DA	N8250V	P28R
45DC	N8250X	C172
45DD	N8250Y	PA30
45DF	N82500	LNCE
45E0	N82501	CH7A
45E1	N82502	PA18
45E2	N82503	CH7A
45E4	N82505	PA18
45E5	N82506	CH7A
45E7	N82508	PA18
45EB	N8251B	CRER
45EE	N8251E	P28R
45F4	N8251L	C172
45F6	N8251N	P28A
45F7	N8251P	PA24
45FE	N8251W	P28A
45FF	N8251X	C172
4601	N8251Z	C210
4602	N82510	CH7A
4604	N82512	CH7A
4607	N82515	CH7A
460A	N82518	PA18
460B	N82519	CH7A
460C	N8252	YK52
460D	N8252A	C170
460E	N8252B	PA34
460F	N8252C	PA18
4610	N8252D	P28R
4611	N8252E	P28A
4613	N8252G	PA34
4617	N8252L	C172
4618	N8252M	C210
4619	N8252N	P28A
461A	N8252P	PA18
461E	N8252T	BE33
4624	N8252Z	P28A
4625	N82520	PA18
4627	N82522	CH7A
4628	N82523	CH7A
462A	N82525	P28R
462B	N82526	PA25
462E	N82529	CH7A
4630	N8253A	P28A
4632	N8253C	BE33
4635	N8253F	C150
4637	N8253H	PA34
463A	N8253L	C172
463B	N8253M	C210
463C	N8253N	BE33
463D	N8253P	PA34
463F	N8253R	BL17
4641	N8253T	C175
4645	N8253X	C172
4647	N8253Z	BE33
4648	N82530	PA18
464A	N82532	PA32
4650	N82538	CH7A
4653	N8254A	C170
4654	N8254B	PA32
4656	N8254D	BT36
4657	N8254E	PA44
4658	N8254F	P28A
465B	N8254J	P28A
465D	N8254L	C172
465F	N8254N	P28A
4662	N8254R	BL17
4664	N8254T	C175
4665	N8254U	C172
4668	N8254X	C172
4669	N8254Y	PA30
466B	N82540	CH7A
466C	N82541	CH7A
466D	N82542	P32R
466E	N82543	CH7A
466F	N82544	PA18
4671	N82546	CH7A
4672	N82547	PA18
4673	N82548	CH7A
4674	N82549	PA44
4677	N8255B	S108
467A	N8255E	BE33
467B	N8255F	C150
467C	N8255G	C77R
467E	N8255J	P28B
4680	N8255L	C172
4681	N8255M	P32R
4683	N8255P	PA24
4684	N8255Q	T206
4685	N8255R	BL17
4686	N8255S	C150
4687	N8255T	C175
468A	N8255W	P28A
468B	N8255X	C172
468D	N8255Z	C210
468F	N82551	CH7A
4692	N82554	P28A
4693	N82555	PA18
4695	N82557	P28A
4696	N82558	CH7A
4697	N82559	CH7A
4699	N8256A	C170
469A	N8256B	C172
469D	N8256E	P28A
46A0	N8256H	BE36
46A2	N8256K	S108
46A3	N8256L	P28B
46A6	N8256P	PA24
46A7	N8256Q	T206
46AB	N8256U	C172
46AC	N8256V	P28A
46AD	N8256W	P28A
46AE	N8256X	P28A
46AF	N8256Y	PA30
46B0	N8256Z	C210
46B1	N82560	CH7A
46B4	N82563	PA18
46B5	N82564	CH7A
46B7	N82566	PA18
46B8	N82567	CH7A
46BB	N8257	GLID
46BF	N8257D	BE35
46C0	N8257E	P28B
46C2	N8257G	P28A
46C3	N8257H	BE58
46C9	N8257P	PA24
46CB	N8257R	BL17
46CC	N8257S	C150
46D0	N8257W	P28A
46D1	N8257X	C172
46D2	N8257Y	P28R
46D3	N8257Z	C210
46D5	N82571	CH7A
46D6	N82572	CH7A
46D7	N82573	CH7A
46D8	N82574	CH7A
46D9	N82575	P28B
46DA	N82576	CH7A
46DB	N82577	PA18
46DD	N82579	CH7A
46E0	N8258B	C172
46E2	N8258D	BE35
46E8	N8258K	S108
46E9	N8258L	P28A
46EB	N8258N	P28A
46EC	N8258P	PA24
46EE	N8258R	BL17
46F0	N8258T	C175
46F4	N8258X	C172
46F5	N8258Y	PA30
46F9	N82582	ERCO
46FA	N82583	T6
4700	N82589	CH7A
4703	N8259B	P28A
4706	N8259E	BE33
4707	N8259F	C150
4708	N8259G	C172
470C	N8259L	BE33
470E	N8259N	P28A
4712	N8259S	RV12
4713	N8259T	P28A
4716	N8259W	P28A
4718	N8259Y	PA30
4719	N8259Z	C210
471A	N82590	CH7A
471B	N82591	PA18
471D	N82593	P28R
471E	N82594	CH7A
471F	N82595	CH7A
4722	N82598	PA18
4723	N82599	CH7A
4724	N826	GLID
4725	N826A	PA22
4728	N826AC	C560
472A	N826AE	E135
472C	N826AG	C510
472F	N826AK	SSTL
4732	N826AN	B789
4737	N826AT	PA44
473A	N826AW	A319
473C	N826AY	CRJ2
473E	N826B	RV6
4740	N826BB	SR22
4741	N826BC	B712
474A	N826BM	C25C
474E	N826BR	RS21
4750	N826BT	VALI
4757	N826C	S108
4758	N826CA	LJ45
4759	N826CB	R44
475C	N826CE	R66
475D	N826CF	C82S
475F	N826CH	LNCE
4762	N826CL	R44
4763	N826CM	C421
4765	N826CP	C82T
4768	N826CS	C25B
4769	N826CT	LNC2
476B	N826CV	C182
4773	N826DC	RV6
4774	N826DD	C82S
4775	N826DE	CH75
477C	N826DM	FOX
477D	N826DN	B739
4780	N826DR	CRER
4785	N826DW	J3
4786	N826DX	S22T
4788	N826DZ	SR22
4789	N826E	HDJT
478D	N826ED	CH60
4799	N826ER	C172
479E	N826EW	F2TH
47A2	N826F	SF50
47B0	N826FP	BE30
47BC	N826GA	GA8C
47BE	N826GC	H25B
47C9	N826GP	GP3
47DA	N826HF	HUCO
47DB	N326HG	LJ60
47F1	N826JD	GLID
47F7	N826JK	SR22
47FE	N826JS	M20P
47FF	N826JT	HDJT
4802	N826JW	H269
4806	N826K	F900
480B	N826KE	S22T
480E	N826KH	A660
480F	N826KJ	C182
4810	N826KK	RS20
4812	N826KM	LGEZ
4817	N826KS	C72R
481B	N826KW	B772
4825	N826LF	EC35
4828	N826LJ	LJ60
482B	N826LM	C25M
4831	N826LT	PP3
4839	N826MA	P32T
483C	N826MD	E170
483D	N826ME	RV6
483F	N826MG	BE36
4840	N826MH	B764
4844	N826MM	SR22
4848	N826MR	RV7
4849	N826MS	SR20
484A	N826MT	B58T
484D	N826MW	RV12
485E	N826NN	B738
4865	N826NV	B38M
4866	N826NW	A333
486B	N826PA	PC12
486E	N826PD	AS50
489C	N826R	BE35
489D	N826RA	C140
489F	N826RC	RV7
48AA	N826RP	GLF4
48AD	N826RS	BE35
48AE	N826RT	C551
48B0	N826RV	RV12
48B6	N826SA	R22
48B8	N826SC	G280
48BA	N826SE	SR20
48BB	N826SF	R22
48BD	N826SH	GLID
48BF	N826SK	CRJ9
48C3	N826SP	C172
48C5	N826SR	SR20
48CA	N826SW	C172
48CC	N826SY	B738
48CE	N826T	BE35
48D5	N826TG	PRM1
48DE	N826TR	C82T
48E8	N826UA	A319
48F5	N826UP	B350
4900	N826V	BE35
4901	N826VA	PA12
4907	N826VG	PA34
4910	N826VR	VELO
4914	N826VV	DC10
491C	N826WC	S61
491D	N826WD	RV7
4920	N826WG	BE20
4921	N826WH	CH60
4929	N826WR	LA25
4932	N826X	DHC6
493A	N826XH	C150
497F	N8260B	C172
4987	N8260K	G164
4989	N8260M	T210
498A	N8260N	P28A
498C	N8260Q	ST75
4990	N8260U	C172
4991	N8260V	P28A
4994	N8260Y	P28A
4995	N8260Z	C210
4996	N82600	PA18
4998	N82602	CH7A
4999	N82603	CH7A
499A	N82604	CH7A
499F	N82609	CH7A
49A2	N8261B	C172
49A4	N8261D	BE35
49A5	N8261E	LNC2
49A6	N8261F	P28A
49A7	N8261G	C77R
49A8	N8261H	P28A
49AA	N8261K	BE36
49AC	N8261M	T210
49B1	N8261S	P28A
49B2	N8261T	PA32
49B3	N8261U	PA34
49B4	N8261V	BE36
49B7	N8261Y	PA30
49B8	N8261Z	C210
49B9	N82610	CH7A
49BA	N82611	CH7A
49BC	N82613	PA18
49BE	N82615	CH7A
49BF	N82616	P28B
49C0	N82617	PA18
49C1	N82618	PA18
49C2	N82619	PA18
49C4	N8262A	P28A
49C7	N8262D	BE33
49C8	N8262E	P28A
49CA	N8262G	C188
49CB	N8262H	P28A
49CD	N8262K	P28A
49CE	N8262L	C172
49CF	N8262M	C210
49D0	N8262N	P28A
49D3	N8262R	BL17
49D4	N8262S	P28A
49D5	N8262T	C175
49D6	N8262U	P28A
49D7	N8262V	C182
49D8	N8262W	P28A
49D9	N8262X	C172
49DA	N8262Y	PA30
49DC	N82620	CH7A
49DD	N82621	CH7A
49DF	N82623	YK52
49E0	N82624	CH7A
49E1	N82625	CH7A
49E2	N82626	CH7A
49E3	N82627	YK52
49E5	N82629	P28A
49E7	N8263A	BE33
49E8	N8263B	C172
49EA	N8263D	BE35
49EB	N8263E	PA32
49ED	N8263G	T206
49F0	N8263K	G164
49F2	N8263M	PA44
49F3	N8263N	P28A
49F8	N8263T	C175
49FA	N8263V	BT36
49FB	N8263W	P28A
49FC	N8263X	C172
49FE	N8263Z	P28B
49FF	N82630	CH7A
4A00	N82631	P28B
4A01	N82632	P28B
4A02	N82633	PA18
4A03	N82634	P28B
4A04	N82635	PA18
4A06	N82637	CH7A
4A08	N82639	CH7A
4A09	N8264	C208
4A0E	N8264E	ST75
4A0F	N8264F	PA44
4A10	N8264G	P28B
4A14	N8264L	C172
4A16	N8264N	P28A
4A17	N8264P	PA24
4A18	N8264Q	T206
4A1D	N8264V	P28A
4A1E	N8264W	P28A
4A20	N8264Y	PA30
4A25	N82643	CH7A
4A26	N82644	R22
4A28	N82646	PA36
4A2B	N82649	CH7A
4A2F	N8265C	P28A
4A30	N8265D	BE35
4A33	N8265G	C77R
4A34	N8265H	P28A
4A37	N8265L	C172
4A39	N8265N	P28A
4A3A	N8265P	PA24
4A3C	N8265R	BL17
4A3D	N8265S	P28R
4A3E	N8265T	C175
4A41	N8265W	P28A
4A42	N8265X	BE36
4A45	N82650	CH7A
4A48	N82653	CH7A
4A49	N82654	PA32
4A4A	N82655	CH7A
4A4B	N82656	PA36
4A4C	N82657	CH7A
4A4D	N82658	CH7A
4A51	N8266B	C172
4A52	N8266C	PA22
4A53	N8266D	PA32
4A54	N8266E	C172
4A55	N8266F	C150
4A56	N8266G	C77R
4A59	N8266K	S108
4A5B	N8266M	C210
4A5D	N8266P	PA24
4A60	N8266S	C150
4A61	N8266T	C175
4A64	N8266W	P28A
4A66	N8266Y	PA30
4A68	N82660	CH7A
4A69	N82661	PTS1
4A6A	N82662	CH7A
4A6D	N82665	PA18
4A6E	N82666	CH7A
4A6F	N82667	PA18
4A71	N82669	PA18
4A72	N8267	FOX
4A73	N8267A	C170
4A75	N8267C	PA22
4A77	N8267E	BDOG
4A78	N8267F	C150
4A7F	N8267N	P28A
4A84	N8267T	C175
4A89	N8267Y	PA30
4A8C	N82671	C172
4A8D	N82672	CH7A
4A8F	N82674	L29
4A91	N82676	P28A
4A92	N82677	CH7A
4A96	N8268A	C170
4A97	N8268B	P28A
4A98	N8268C	P28A
4A99	N8268D	BE35
4A9A	N8268E	C172
4A9B	N8268F	C150
4A9D	N8268H	P28A
4AA1	N8268M	C182
4AA2	N8268N	P28A
4AA7	N8268T	BE33
4AA9	N8268V	PA32
4AAA	N8268W	P28A
4AAB	N8268X	C172
4AAC	N8268Y	PA30
4AAD	N8268Z	C210
4AAE	N82680	CH7A
4AAF	N82681	CH7A
4AB0	N82682	CH7A
4AB4	N82686	CH7A
4AB5	N82687	T206
4AB6	N82688	PA36
4ABA	N8269B	P28B
4ABD	N8269E	C172
4ABF	N8269G	C182
4AC3	N8269L	C172
4AC6	N8269P	PA24
4AC7	N8269Q	C185
4ACA	N8269T	PA44
4ACC	N8269V	BE36
4AD0	N8269Z	P28A
4AD1	N82690	M26
4AD3	N82692	PA36
4AD4	N82693	CH7A
4AD5	N82694	CH7A
4AD9	N82698	PA36
4ADA	N82699	CH7A
4ADB	N827	GLID
4ADC	N827A	COL3
4ADD	N827AA	FA20
4AE0	N827AD	PA34
4AE6	N827AK	RV7
4AE9	N827AN	B789
4AEE	N827AT	PA44
4AF0	N827AV	A319
4AF1	N827AW	A319
4AF3	N827AY	CRJ2
4AF5	N827B	BE33
4AF7	N827BB	GLIM
4AFA	N827BE	SH36
4B03	N827BP	P46T
4B0A	N827BW	C172
4B0E	N827C	RV8
4B11	N827CC	R66
4B12	N827CD	SR22
4B1A	N827CM	P46T
4B1B	N827CN	SR20
4B1C	N827CP	C82T
4B1E	N827CR	C56X
4B20	N827CT	S22T
4B29	N827DB	PA34
4B2A	N827DC	GLF6
4B2B	N827DD	CL35
4B2D	N827DF	C150
4B2E	N827DG	T206
4B2F	N827DH	BOLT
4B32	N827DL	BE30
4B33	N827DM	SR20
4B34	N827DN	B739
4B35	N827DP	C56X
4B3B	N827DV	R44
4B42	N827EB	BE58
4B43	N827EC	PA23
4B50	N827ER	C172
4B52	N827ET	C180
4B54	N827EV	EVSS
4B6A	N827FS	CJ6
4B73	N827GA	GLF4
4B74	N827GB	RV6
4B7D	N827GL	G2T1
4B8D	N827HB	PC24
4B92	N827HG	S61
4B94	N827HJ	HDJT
4BA6	N827JB	A320
4BA7	N827JC	P32R
4BA9	N827JE	R44
4BAC	N827JH	RV4
4BB1	N827JN	C56X
4BB2	N827JP	RV8
4BB4	N827JR	NAVI
4BB5	N827JS	C56X
4BBF	N827KB	BE9L
4BC5	N827KH	A660
4BCE	N827KS	C72R
4BD2	N827KW	B772
4BD6	N827L	BE35
4BD7	N827LA	AT5T
4BE1	N827LL	S22T
4BE4	N827LP	PA31
4BE7	N827LS	R44
4BF0	N827MA	C72R
4BF7	N827MH	B764
4C09	N827NA	AS50
4C0C	N827ND	P28A
4C15	N827NN	B738
4C1C	N827NV	B38M
4C1D	N827NW	A333
4C21	N827P	RV8
4C22	N827PA	C172
4C2D	N827PM	VELO
4C3A	N827Q	A321
4C4B	N827QS	C700
4C53	N827R	BE35
4C54	N827RA	P28R
4C56	N827RC	B763
4C57	N827RD	PA31
4C5B	N827RH	PA11
4C5C	N827RJ	PA46
4C61	N827RP	P210
4C6C	N827S	SR22
4C6E	N827SB	BE40
4C6F	N827SC	R22
4C70	N827SD	AS50
4C74	N827SH	R22
4C76	N827SK	CRJ9
4C78	N827SM	C680
4C7E	N827ST	UH1
4C83	N827SY	B738
4C8B	N827TF	GLEX
4C91	N827TM	DFLY
4C96	N827TS	BE58
4C9A	N827TW	C210
4C9E	N827U	F2TH
4C9F	N827UA	A319
4CAC	N827UP	B350
4CAE	N827UR	SR22
4CB7	N827V	BE36
4CC5	N827VP	C175
4CC9	N827VT	CASS
4CCA	N827VU	BE95
4CD0	N827W	BE35
4CD6	N827WF	SR22
4CE2	N827WT	CH7B
4D10	N827YP	T206
4D1A	N827YZ	S22T
4D1B	N827Z	GLF5
4D37	N8270C	PA22
4D41	N8270N	P28A
4D42	N8270P	PA24
4D45	N8270S	C150
4D46	N8270T	C175
4D49	N8270W	P28A
4D4A	N8270X	C172
4D4D	N82700	CH7A
4D4E	N82701	CH7A
4D50	N82703	CH7A
4D51	N82704	CH7A
4D52	N82705	CH7A
4D58	N8271A	C170
4D5A	N8271C	CH70
4D5E	N8271G	C77R
4D62	N8271L	C172
4D63	N8271M	T210
4D65	N8271P	YK52
4D68	N8271S	C150
4D6B	N8271V	P28B
4D6C	N8271W	P28A
4D6D	N8271X	C172
4D6E	N8271Y	PA30
4D6F	N8271Z	P28R
4D70	N82710	P32R
4D71	N82711	CH7A
4D72	N82712	PA18
4D74	N82714	PA18
4D78	N82718	PA18
4D79	N82719	PA18
4D7A	N8272	MUS2
4D7B	N8272A	P28B
4D7C	N8272B	BE58
4D7D	N8272C	P28A
4D7E	N8272D	BE35
4D80	N8272F	P28A
4D85	N8272L	C172
4D8A	N8272R	BDOG
4D8C	N8272T	BE35
4D8D	N8272U	C172
4D8E	N8272V	P28A
4D93	N82720	P28A
4D94	N82721	CH7A
4D96	N82723	PA32
4D97	N82724	CH7A
4D98	N82725	PA18
4D9A	N82727	PA18
4D9E	N8273A	P28A
4D9F	N8273B	C172
4DA1	N8273D	C170
4DA6	N8273J	MOR2
4DA7	N8273K	S108
4DAA	N8273N	P28A
4DAB	N8273P	C180
4DAC	N8273Q	T206
4DAF	N8273T	C175
4DB0	N8273U	C172
4DB1	N8273V	P28A
4DB4	N8273Y	PA30
4DB5	N8273Z	C210
4DB6	N82730	CH7A
4DB8	N82732	PA18
4DB9	N82733	CH7A
4DBA	N82734	CH7A
4DBB	N82735	PA18
4DBC	N82736	PA18
4DBD	N82737	PA18
4DBF	N82739	CH7A
4DC1	N8274A	C170
4DC4	N8274D	BE35
4DC5	N8274E	C172
4DC7	N8274G	C77R
4DC8	N8274H	P28A
4DCA	N8274K	S108
4DCD	N8274N	P28A
4DCE	N8274P	PA24
4DCF	N8274Q	T206
4DD2	N8274T	C175
4DD4	N8274V	P28B
4DD5	N8274W	P28A
4DD6	N8274X	P28B
4DD7	N8274Y	PA30
4DD9	N82740	PA18
4DDA	N82741	PA18
4DDB	N82742	CH7A
4DDC	N82743	P28A
4DDE	N82745	CH7A
4DDF	N82746	P28A
4DE0	N82747	CH7A
4DE1	N82748	PA18
4DE2	N82749	PA18
4DE4	N8275A	BE36
4DE5	N8275B	C172
4DE6	N8275C	PA22
4DE7	N8275D	P28A
4DE8	N8275E	CH7A
4DE9	N8275F	C150
4DEB	N8275H	P28B
4DED	N8275K	S108
4DEF	N8275M	C210
4DF0	N8275N	P28A
4DF2	N8275Q	T206
4DF3	N8275R	BL17
4DF4	N8275S	C150
4DF6	N8275U	PA18
4DF7	N8275V	P28A
4DF9	N8275X	C172
4DFC	N82750	P28A
4DFD	N82751	PA18
4E00	N82754	PA18
4E01	N82755	CH7A
4E03	N82757	P28A
4E04	N82758	CH7A
4E07	N8276A	PA44
4E08	N8276B	C172
4E0A	N8276D	BE95
4E0B	N8276E	C172
4E0E	N8276H	P28A
4E10	N8276K	G164
4E11	N8276L	C172
4E13	N8276N	P28A
4E16	N8276R	BL17
4E18	N8276T	C175
4E19	N8276U	C150
4E1A	N8276V	P28A
4E1B	N8276W	P28A
4E1C	N8276X	P28A
4E1D	N8276Y	C180
4E1E	N8276Z	P28A
4E21	N82762	CH7A
4E22	N82763	DH82
4E23	N82764	CH7A
4E24	N82765	P28A
4E25	N82766	CH7A
4E26	N82767	CH7A
4E27	N82768	CH7A
4E2A	N8277A	P28R
4E2B	N8277B	C172
4E2D	N8277D	BE36
4E30	N8277G	C188
4E34	N8277L	C172
4E35	N8277M	T210
4E3C	N8277U	C172
4E42	N82770	SA30
4E43	N82771	CH7A
4E45	N82773	CH7A
4E49	N82777	CH7A
4E4A	N82778	B06
4E4B	N82779	P28A
4E51	N8278E	C172
4E52	N8278F	C150
4E57	N8278L	C172
4E59	N8278N	P28A
4E5A	N8278P	PA24
4E5C	N8278R	BL17
4E5E	N8278T	BE58
4E5F	N8278U	C172
4E61	N8278W	P28A
4E62	N8278X	C172
4E64	N8278Z	BE95
4E65	N82780	CH7A
4E66	N82781	CH7A
4E68	N82783	P28A
4E6C	N82787	CH7A
4E6D	N82788	CH7A
4E6E	N82789	CH7A
4E70	N8279A	C170
4E73	N8279D	BE35
4E74	N8279E	C172
4E7C	N8279N	P28A
4E81	N8279T	C175
4E84	N8279W	P28R
4E86	N8279Y	PA32
4E87	N8279Z	C210
4E89	N82791	B06
4E8A	N82792	CJ6
4E8E	N82796	CH7A
4E91	N82799	CH7A
4E92	N828	O1
4E93	N828A	PA22
4E94	N828AA	B789
4E95	N828AB	SR22
4E98	N828AE	E135
4E9B	N828AH	GLF2
4E9D	N828AK	R44
4EA1	N828AP	AS50
4EA8	N828AW	A319
4EA9	N828AX	B772
4EAC	N828B	C208
4EAF	N828BC	C182
4EB0	N828BD	PA31
4EB3	N828BG	C550
4EB4	N828BH	GLIM
4EB8	N828BM	C72R
4EB9	N828BN	RV8
4EBA	N828BP	M20P
4EBC	N828BR	SR20
4EC1	N828BW	SLG4
4EC5	N828C	SR22
4EC6	N828CA	A332
4EC7	N828CB	BEAR
4EC9	N828CD	SR22
4ECB	N828CF	C72R
4ECD	N828CH	S92
4ECE	N828CJ	BE30
4ED0	N828CL	C700
4ED3	N828CP	C82T
4ED5	N828CR	P28B
4ED7	N828CT	SF50
4EDE	N828D	P28A
4EE1	N828DC	C208
4EE2	N828DD	TBM7
4EE4	N828DF	SR22
4EEA	N828DM	EAGL
4EEB	N828DN	B739
4EEC	N828DP	M20P
4EEE	N828DR	C56X
4EEF	N828DS	BE36
4EF0	N828DT	SR22
4EF6	N828DZ	S22T
4EFA	N828EC	SR22
4F00	N828EJ	R44
4F07	N828ER	C172
4F0B	N828EV	EVSS
4F0D	N828EX	SR22
4F13	N828FC	BE9L
4F15	N828FE	C208
4F17	N828FG	C172
4F1B	N828FL	G280
4F2B	N828GB	AT8T
4F30	N828GG	SR22
4F37	N828GP	PA46
4F3A	N828GS	RF10
4F3E	N828GW	CC11
4F42	N828H	SSTL
4F43	N828HA	B06
4F44	N828HB	J3
4F4B	N828HJ	PA31
4F50	N828HP	LGEZ
4F5B	N828J	RV12
4F5D	N828JB	A320
4F5E	N828JC	T28
4F61	N828JF	FA50
4F62	N828JG	BE35
4F66	N828JL	B47G
4F67	N828JM	P28B
4F68	N828JN	GLIM
4F69	N828JP	PA18
4F6C	N828JS	C56X
4F6D	N828JT	C77R
4F70	N828JW	ST75
4F74	N828K	G2T1
4F75	N828KA	BE33
4F78	N828KD	GA5C
4F80	N828KM	BE58
4F82	N828KP	SR22
4F85	N828KS	C72R
4F86	N828KT	PA31
4F8D	N828L	S22T
4F92	N828LE	SR22
4F93	N828LF	C182
4F98	N828LL	S22T
4F99	N828LM	LEG2
4F9B	N828LP	C172
4F9E	N828LS	AA5
4F9F	N828LT	C25B
4FA0	N828LU	PA23
4FA6	N828M	BE95
4FA7	N828MA	P46T
4FA9	N828MC	P28A
4FAB	N828ME	SR22
4FAE	N828MH	B764
4FB1	N828ML	F900
4FB4	N828MP	SF50
4FB6	N828MR	SR22
4FB7	N828MS	AT5T
4FB8	N828MT	EC35
4FC2	N828NC	BE9L
4FD3	N828NV	B38M
4FD4	N828NW	A333
4FD8	N828P	ST75
4FDA	N828PB	C182
4FDB	N828PC	PC7
4FDC	N828PD	TB21
4FDF	N828PG	BE30
4FE2	N828PK	C172
4FE3	N828PL	BE95
4FE4	N828PM	PA46
4FE5	N828PN	J3
4FED	N828PW	S22T
5002	N828QS	C700
500A	N828R	BE35
500C	N828RB	CL30
500E	N828RD	R44
5012	N828RH	C182
5013	N828RJ	T210
5017	N828RN	C208
5018	N828RP	S22T
501A	N828RR	SR22
501E	N828RV	RV8
501F	N828RW	RV6
5020	N828RX	PC12
5024	N828SA	PC12
5025	N828SB	BT36
5026	N828SC	WAIX
5029	N828SF	RV9
502A	N828SG	C182
502C	N828SJ	S22T
502D	N828SK	CL30
502F	N828SM	SLG2
5031	N828SP	C172
5033	N828SR	P32R
5034	N828SS	BE20
503A	N828SY	B738
503C	N828T	BE36
503D	N828TA	C185
5045	N828TJ	EVOP
5046	N828TK	CL60
5048	N828TM	SR22
504C	N828TR	E55P
504E	N828TT	BE58
5056	N828UA	A319
5063	N828UP	B350
506E	N828V	BE36
5080	N828VT	SR22
5082	N828VV	PC12
508A	N828WC	GLST
508B	N828WD	JAB4
508E	N828WG	CL60
5095	N828WP	B06
5099	N828WT	BE36
509C	N828WW	C172
50B9	N828Y	C172
50EA	N828ZZ	S22T
50ED	N8280B	C172
50EE	N8280C	PA18
50F0	N8280E	C82R
50FD	N8280T	C175
5100	N8280W	P28A
5101	N8280X	C172
5102	N8280Y	AN2
5106	N82802	CH7A
5109	N82805	CH7A
510C	N82808	P28B
510D	N82809	CH7A
5111	N8281C	PA18
5113	N8281E	C172
5115	N8281G	C77R
5119	N8281L	C172
511C	N8281P	PA24
511D	N8281Q	T206
511E	N8281R	BL17
5122	N8281V	RV8
5123	N8281W	P28A
5124	N8281X	C172
5125	N8281Y	PA32
5126	N8281Z	T206
5129	N82812	CH7A
512A	N82813	PA32
512D	N82816	CH7A
512F	N82818	PA34
5130	N82819	CH7A
5132	N8282A	C170
5133	N8282B	C172
5135	N8282D	BE35
513B	N8282K	P32R
513E	N8282N	P32R
5141	N8282R	BL17
5143	N8282T	C175
5145	N8282V	P28A
5146	N8282W	P28A
514B	N82821	P28R
514D	N82823	P28R
514F	N82825	CH7A
5150	N82826	CH7A
5153	N82829	P28B
5156	N8283B	P28B
5161	N8283N	P28A
5162	N8283P	PA24
5167	N8283U	C172
5168	N8283V	P28A
5169	N8283W	BE33
516A	N8283X	C172
516B	N8283Y	P28A
516C	N8283Z	C210
516D	N82830	CH7A
516E	N82831	P28A
516F	N82832	P28A
5170	N82833	CH7A
5171	N82834	CH7A
5173	N82836	P28A
5179	N8284B	P28R
517D	N8284F	BE33
5182	N8284L	C172
5184	N8284N	P28A
5185	N8284P	PA24
5187	N8284R	P28R
518C	N8284W	P28A
518E	N8284Y	P28B
5190	N82840	CH7A
5192	N82842	CH7A
5193	N82843	CH7A
5195	N82845	CH7A
5197	N82847	CH7A
519A	N8285	C185
519B	N8285A	C170
519C	N8285B	P28A
519D	N8285C	BE36
519F	N8285E	C172
51A0	N8285F	C150
51A4	N8285K	G164
51A5	N8285L	BE33
51A8	N8285P	PA24
51AA	N8285R	BL17
51AD	N8285U	C172
51AF	N8285W	P28A
51B0	N8285X	C172
51B1	N8285Y	P28A
51B2	N8285Z	C210
51B3	N82850	CH7A
51B4	N82851	B06
51B5	N82852	T33
51B8	N82855	B06
51B9	N82856	CH7A
51BA	N82857	B06
51BC	N82859	P28R
51BD	N8286	H60
51BE	N8286A	J3
51BF	N8286B	P28R
51C0	N8286C	P28A
51C1	N8286D	EXEC
51C2	N8286E	C172
51C8	N8286L	C172
51C9	N8286M	T210
51CA	N8286N	P28A
51CB	N8286P	PA24
51CF	N8286T	C175
51D4	N8286Y	PA30
51D9	N82863	SREY
51DA	N82864	P28A
51DD	N82867	CH7A
51DE	N82868	CH7A
51E0	N8287	PTS1
51E1	N8287A	C170
51E2	N8287B	PA18
51E4	N8287D	BE35
51E5	N8287E	BE9L
51EB	N8287L	C172
51EC	N8287M	C210
51EE	N8287P	PA24
51EF	N8287Q	T206
51F0	N8287R	BL17
51F3	N8287U	PA34
51F6	N8287X	C172
51F7	N8287Y	P28B
51F8	N8287Z	C210
51F9	N82870	CH7A
51FC	N82873	CH7A
51FD	N82874	CH7A
51FE	N82875	CH7A
51FF	N82876	CH7A
5204	N8288A	P28A
5206	N8288C	PA18
5209	N8288F	P28A
520A	N8288G	C188
520C	N8288J	MOR2
520D	N8288K	S108
520E	N8288L	P28R
520F	N8288M	C210
5211	N8288P	PA24
5213	N8288R	C25A
5214	N8288S	C150
5215	N8288T	C175
5219	N8288X	C172
521B	N8288Z	P28A
521D	N82881	CH7A
521E	N82882	CH7A
5224	N82888	CH7A
5225	N82889	CH7A
5227	N8289A	P28A
5228	N8289B	C172
5229	N8289C	PA18
522C	N8289F	C150
522F	N8289J	MOR2
5230	N8289K	G164
5231	N8289L	C172
5233	N8289N	BE33
5236	N8289R	BL17
5239	N8289U	C172
523C	N8289X	P28A
5241	N82892	CH7A
5249	N829	RV4
524A	N829A	PA22
524F	N829AE	E135
5254	N829AK	R44
5257	N829AN	B789
525A	N829AR	GLF6
525F	N829AW	A319
5261	N829AY	CRJ2
5263	N829B	L8
5264	N829BA	P210
5266	N829BC	C525
526F	N829BM	RV12
5274	N829BS	RV6
5275	N829BT	S22T
5278	N829BW	C72R
527C	N829C	PA32
527E	N829CB	C550
527F	N829CC	PA11
5280	N829CD	SR20
5282	N829CF	SR22
5289	N829CN	SR22
528A	N829CP	C82T
528E	N829CT	FDCT
5297	N829DB	R44
52A0	N829DL	HDJT
52A2	N829DN	B739
52A5	N829DR	GLAS
52A6	N829DS	DA40
52AD	N829DZ	RV8
52AE	N829E	C402
52B1	N829EC	RV10
52B7	N829EJ	RV12
52BE	N829ER	C172
52C7	N829F	FOX
52C8	N829FA	C82T
52E0	N829G	BE95
52F5	N829GW	RV10
5305	N829HM	BE40
530A	N829HS	S22T
530B	N829HT	FOX
5314	N829JB	CH7B
5315	N829JC	G280
5320	N829JP	C208
5323	N829JS	P28A
532B	N829K	R44
532C	N829KA	PA46
532D	N829KB	H60
5335	N829KK	BE40
533C	N829KS	C72R
5340	N829KW	B772
5346	N829LB	RV7
5354	N829LR	HDJT
5355	N829LS	P32R
5356	N829LT	BL8
535E	N829MA	C82S
5360	N829MC	BE20
5365	N829MH	B764
5369	N829MM	SR20
536D	N829MR	BE58
536E	N829MS	RV14
5370	N829MU	BE33
5383	N829NN	B738
538A	N829NV	B38M
538B	N829NW	A333
5390	N829PA	T206
5396	N829PG	RV14
5398	N829PJ	C177
53A4	N829PW	PA18
53A7	N829PZ	RV7
53B9	N829QS	C700
53C2	N829RA	GLEX
53C4	N829RC	SR22
53CD	N829RM	RV7
53CF	N829RP	R44
53D5	N829RV	RV7
53D6	N829RW	RV6
53DB	N829SA	PC12
53E2	N829SH	S52
53E3	N829SJ	EVOP
53E4	N829SK	CRJ9
53E7	N829SN	A139
53EA	N829SR	SREY
53F1	N829SY	B738
53F3	N829T	BE35
53F5	N829TB	BE20
53F7	N829TD	DA42
53FA	N829TG	C550
53FC	N829TJ	C195
5408	N829TW	C550
5409	N829TX	P180
540D	N829UA	A319
5426	N829VA	RV12
543E	N829W	SR22
544C	N829WP	DHC1
5454	N829WX	VEZE
547A	N829YK	YK52
54A4	N8290B	C172
54A5	N8290C	PA20
54A6	N8290D	BE95
54A7	N8290E	BE36
54AD	N8290L	C172
54AF	N8290N	P28A
54B0	N8290P	PA24
54B2	N8290R	BL17
54B3	N8290S	C150
54B5	N8290U	BE58
54B7	N8290W	P28A
54B8	N8290X	PA32
54BB	N82900	CH7A
54BC	N82901	CH7A
54BE	N82903	BE33
54C0	N82905	PA18
54C1	N82906	P28R
54C2	N82907	PA18
54C3	N82908	PA32
54C4	N82909	CH7A
54C6	N8291A	C170
54C8	N8291C	PA22
54CA	N8291E	C172
54CC	N8291G	C77R
54D0	N8291L	C172
54D1	N8291M	C182
54D2	N8291N	P28A
54D3	N8291P	PA24
54D6	N8291S	C150
54D7	N8291T	C175
54D8	N8291U	C172
54DA	N8291W	P28A
54DB	N8291X	C172
54DE	N82910	P32R
54DF	N82911	CH7A
54E0	N82912	PA18
54E2	N82914	PA18
54E4	N82916	CH7A
54E6	N82918	PA18
54E7	N82919	CH7A
54E8	N8292	C72R
54E9	N8292A	C170
54EA	N8292B	C172
54EC	N8292D	P28A
54ED	N8292E	C172
54F3	N8292L	C172
54F4	N8292M	T210
54F6	N8292P	PA24
54F7	N8292Q	C185
54F9	N8292S	C182
54FA	N8292T	P32R
54FB	N8292U	C172
54FD	N8292W	P28A
54FE	N8292X	C172
5500	N8292Z	C210
5502	N82921	P28A
5505	N82924	CH7A
5506	N82925	CH7A
550C	N8293A	C170
550D	N8293B	C172
550E	N8293C	PA18
550F	N8293D	BE35
5510	N8293E	C172
5517	N8293M	BE36
5518	N8293N	P28A
5519	N8293P	P28B
551A	N8293Q	T206
551B	N8293R	C182
551D	N8293T	C175
5521	N8293X	P28B
5523	N8293Z	C210
5526	N82932	CH7A
5527	N82933	P28B
5528	N82934	CH7A
5529	N82935	CH7A
552C	N82938	CH7A
552D	N82939	CH7A
5531	N8294C	PA22
5534	N8294F	C150
5538	N8294K	P32R
5539	N8294L	P28A
553F	N8294S	C150
5544	N8294X	C172
5545	N8294Y	PA30
5547	N82940	CH7A
5548	N82941	PA18
5549	N82942	PA18
554B	N82944	CH7A
554C	N82945	PA18
554D	N82946	PA18
554E	N82947	PA18
5550	N82949	PA18
5552	N8295A	C170
5553	N8295B	C172
5555	N8295D	BE35
5556	N8295E	C172
5559	N8295H	P28A
555E	N8295N	P28A
5563	N8295T	P28A
5564	N8295U	C172
5566	N8295W	P28A
5568	N8295Y	BE36
5569	N8295Z	P28A
556A	N82950	CH7A
556B	N82951	PA18
556D	N82953	P28A
556E	N82954	P28R
5570	N82956	PA18
5572	N82958	CH7A
5573	N82959	CH7A
5579	N8296E	C172
557B	N8296G	C188
557E	N8296K	G164
557F	N8296L	BE36
5581	N8296N	P28A
5582	N8296P	PA32
5584	N8296R	BE36
5587	N8296U	BE36
5589	N8296W	P28A
558B	N8296Y	PA30
558E	N82961	PA18
558F	N82962	PA18
5590	N82963	CH7A
5591	N82964	BE33
5592	N82965	PA32
5593	N82966	BE33
5594	N82967	P32R
5595	N82968	PA18
5596	N82969	PA18
5598	N8297A	BE36
5599	N8297B	C172
559A	N8297C	PA22
559B	N8297D	BE35
559C	N8297E	C172
55A1	N8297K	G164
55A4	N8297N	P28A
55A8	N8297S	C150
55AA	N8297U	C172
55AC	N8297W	P28A
55AF	N8297Z	C210
55B2	N82972	PA18
55B3	N82973	CH7A
55B5	N82975	CH7A
55B6	N82976	PA18
55B7	N82977	PA18
55BF	N8298E	C172
55C0	N8298F	C150
55C2	N8298H	BE33
55C3	N8298J	MOR2
55C5	N8298L	P28R
55C6	N8298M	P28B
55C8	N8298P	PA24
55CC	N8298T	P28B
55CF	N8298W	P28B
55D1	N8298Y	PA30
55D3	N82980	PA18
55D4	N82981	PA18
55D5	N82982	PA18
55D6	N82983	PA18
55D8	N82985	PA18
55D9	N82986	PA18
55DA	N82987	CH7A
55DC	N82989	CH7A
55DE	N8299A	C170
55DF	N8299B	C172
55E1	N8299D	BE36
55E2	N8299E	C172
55E4	N8299G	BE33
55E6	N8299J	MOR2
55E7	N8299K	S108
55EB	N8299P	PA24
55ED	N8299R	BL17
55EE	N8299S	C150
55EF	N8299T	PA32
55F1	N8299V	P32R
55F2	N8299W	BE36
55F3	N8299X	C172
55F5	N8299Z	BT36
55F8	N82992	CH7A
55F9	N82993	CH7A
55FA	N82994	CH7A
55FB	N82995	CH7A
55FC	N82996	CH7A
55FF	N82999	PA18
5600	N83	BE30
5601	N83A	C441
5603	N83AB	RV6
5605	N83AD	VELO
5606	N83AE	B06
5607	N83AF	C72R
5608	N83AG	RV8
5609	N83AH	HUCO
560A	N83AJ	PC12
560C	N83AL	T206
560F	N83AP	B06
5611	N83AR	DHC6
5612	N83AS	L13M
5615	N83AV	BE58
5616	N83AW	T28
561B	N83BA	A5
561D	N83BC	PA11
5620	N83BF	PA23
5622	N83BH	H60
5626	N83BM	C210
5628	N83BP	T206
562B	N83BS	VEZE
562C	N83BT	C208
562F	N83BW	PA30
5634	N83CA	PA31
5635	N83CB	C180
5636	N83CC	S22T
5637	N83CD	SR20
5638	N83CE	P210
563B	N83CH	C425
563C	N83CJ	TAIL
563E	N83CL	BE95
563F	N83CM	S22T
5640	N83CN	O1
5643	N83CR	LGEZ
5644	N83CS	GLID
5645	N83CT	BE36
5648	N83CW	GLF6
564C	N83D	C414
5651	N83DE	VEZE
5652	N83DF	LGEZ
5653	N83DG	GLIM
5654	N83DH	BL8
565A	N83DP	VELO
565C	N83DR	SRAI
565D	N83DS	SF50
565E	N83DT	LGEZ
5666	N83EA	CRJ7
5668	N83EC	PA46
5669	N83ED	P28R
566A	N83EE	RV12
5673	N83EP	C560
5675	N83ER	BE76
567D	N83EZ	VEZE
5680	N83FB	HUSK
5682	N83FD	GLST
5683	N83FE	BE9L
5684	N83FF	G200
5685	N83FG	C510
5687	N83FJ	FA50
5689	N83FL	M20P
568B	N83FN	LJ35
568C	N83FP	C172
5690	N83FT	BE20
5698	N83GA	BE20
5699	N83GB	C56X
569C	N83GE	SRAI
569D	N83GF	MD83
569E	N83GG	BE36
569F	N83GH	C310
56A3	N83GM	PA14
56A5	N83GP	MG15
56A8	N83GS	GLST
56A9	N83GT	P46T
56AB	N83GV	S22T
56AD	N83GX	GX
56B0	N83H	T6
56B1	N83HA	C560
56B4	N83HD	F900
56B8	N83HH	B427
56BE	N83HP	CH7A
56C1	N83HS	GA7C
56CA	N83JA	C340
56CC	N83JC	CORS
56CD	N83JD	RV8
56CE	N83JE	RV4
56CF	N83JF	LNC4
56D2	N83JJ	GL7T
56D3	N83JK	LEG2
56D5	N83JM	LGEZ
56DB	N83JT	C414
56DD	N83JV	C82R
56DE	N83JW	PA23
56E2	N83K	RELI
56E3	N83KA	BE20
56E4	N83KB	B350
56E6	N83KD	P51
56E7	N83KE	BE30
56E8	N83KF	FOX
56EC	N83KK	BE58
56ED	N83KL	P32R
56EE	N83KM	C25B
56F0	N83KP	BE33
56F3	N83KS	E300
56F5	N83KU	GLST
56FB	N83L	L37
56FE	N83LC	J3
56FF	N83LD	MM16
5703	N83LH	RV6
5705	N83LK	MUS2
5706	N83LL	C82S
5707	N83LM	P28A
5709	N83LP	B06
570B	N83LR	RV12
570C	N83LS	EVSS
5710	N83LW	CB1
5714	N83M	GLF5
5715	N83MA	AA5
5718	N83MD	H25B
5719	N83ME	BEAR
571A	N83MF	M20P
571B	N83MG	PA31
571C	N83MH	PA23
571E	PR-BKA	BE9L
571F	N83ML	B429
5721	N83MN	GLIM
5722	N83MP	BE20
5724	N83MR	SF50
5725	N83MS	BE33
5726	N83MT	COZY
5729	N83MW	SR22
572C	N83MZ	COZY
572D	N83N	C140
5730	N83NC	HDJT
5739	N83NM	LGEZ
5742	N83NW	C500
5747	N83PA	PA31
5748	N83PB	C402
5749	N83PC	COZY
574D	N83PG	R44
574E	N83PH	H269
574F	N83PJ	LGEZ
5756	N83PR	M20P
5757	N83PS	PTS2
5758	N83PT	CAMP
575B	N83PW	BE20
575D	N83PY	PA18
5778	N83R	SA10
5779	N83RA	PA31
577A	N83RB	C185
577B	N83RC	RV8
577E	N83RF	DV20
577F	N83RG	BE33
5780	N83RH	PA31
5781	N83RJ	M20P
5784	N83RM	PA34
5786	N83RP	VEZE
5787	N83RQ	AA5
5788	N83RR	SM19
578A	N83RT	LGEZ
578C	N83RV	RV14
578E	N83RX	E55P
5794	N83SC	PA11
5795	N83SD	C680
5796	N83SE	RV8
5797	N83SF	C172
5798	N83SG	WW24
579A	N83SJ	C25B
579B	N83SK	EFOX
579D	N83SM	C82S
579F	N83SP	C56X
57A0	N83SQ	R66
57A2	N83SS	C185
57A6	N83SW	C182
57AA	N83T	S76
57AC	N83TB	T33
57AD	N83TC	BE9L
57B0	N83TF	C25B
57B2	N83TH	PTS2
57B3	N83TJ	B06
57B6	N83TM	C152
57B8	N83TP	PA11
57C0	N83TX	PTS1
57C1	N83TY	FA50
57C3	N83U	B06
57C9	N83UF	CL60
57DC	N83V	WAIX
57DF	N83VC	BE24
57E6	N83VK	P32R
57EC	N83VR	DHC2
57F0	N83VV	LA25
57F5	N83W	SF50
57F6	N83WA	PC12
57F8	N83WC	PA23
57FA	N83WE	BE9L
57FC	N83WG	GLEX
57FD	N83WH	C82S
57FE	N83WJ	GP3
5800	N83WL	H60
5805	N83WR	DR1
5807	N83WT	BE36
580C	N83WY	HUSK
580E	N83X	RLU1
5841	N83ZA	C560
5843	N83ZC	PA11
5859	N830	H25B
585E	N830AD	PP3
585F	N830AE	E135
5861	N830AG	CLON
5864	N830AK	R44
5867	N830AN	B789
586F	N830AW	A319
5871	N830AY	CRJ2
5872	N830AZ	CH75
5874	N830BA	C82R
5875	N830BB	GLIM
587C	N830BJ	C340
5884	N830BS	DA40
5887	N830BV	P28B
588E	N830CB	BE18
588F	N830CC	BE58
5890	N830CD	SR22
5898	N830CM	PA34
589A	N830CP	C82T
589D	N830CS	DC6
58A6	N830DA	AT8T
58A7	N830DB	BE10
58AB	N830DF	C25M
58AD	N830DH	AEST
58AF	N830DK	GLID
58B1	N830DM	FA50
58B2	N830DN	B739
58B3	N830DP	SRAI
58B6	N830DS	SR22
58C1	N830EC	C550
58CA	N830EM	GL7T
58CE	N830ER	K100
58E0	N830FJ	M20P
58E3	N830FM	R44
58F7	N830GG	C680
5901	N830GS	GLF5
5902	N830GT	GLF5
5915	N830HM	FOX
5922	N830J	R22
5923	N830JA	C210
5924	N830JB	C560
5926	N830JD	C150
5933	N830JS	C56X
593D	N830KB	H60
593E	N830KC	JAB4
594C	N830KS	C172
5950	N830KW	B772
5954	N830L	C310
5957	N830LC	C180
5960	N830LM	M7
596D	N830M	PA46
596E	N830MA	C172
5970	N830MC	PA31
5971	N830MD	PA22
5974	N830MG	C650
5975	N830MH	B764
597F	N830MT	EC35
5993	N830NN	B738
5996	N830NR	GLF5
599B	N830NW	A333
599F	N830P	P28A
59A0	N830PA	AS50
59A2	N830PC	P28R
59A3	N830PD	GLID
59C9	N830QS	C700
59D1	N830R	FOX
59D4	N830RC	P28A
59E1	N830RR	PC12
59E5	N830RV	RV6
59EC	N830SB	GLID
59F2	N830SH	RV12
59F3	N830SJ	SJ30
59F4	N830SK	CRJ9
59F8	N830SP	C172
59FA	N830SR	SREY
59FF	N830SW	C185
5A01	N830SY	B738
5A06	N830TC	P32R
5A07	N830TD	BE36
5A10	N830TN	C172
5A11	N830TP	PA46
5A15	N830TT	C340
5A1C	N830U	BE95
5A1D	N830UA	A319
5A2A	N830UP	B350
5A43	N830VP	B06
5A4E	N830W	C182
5A56	N830WH	C150
5A58	N830WK	B06
5A5C	N830WP	AT8T
5A82	N830YB	K900
5A84	N830YD	PA34
5A99	N830Z	TAIL
5AB2	N8300	CH7A
5AB3	N8300A	C170
5AB4	N8300B	C172
5AB5	N8300C	DH8C
5AB6	N8300D	BE35
5AB9	N8300G	DH8C
5ABB	N8300J	P32R
5ABC	N8300K	S108
5ABE	N8300M	C182
5ABF	N8300N	BE35
5AC1	N8300Q	T206
5AC5	N8300U	C172
5ACA	N8300Z	BT36
5ACB	N83000	BE36
5ACD	N83002	CH7A
5ACE	N83003	PA44
5ACF	N83004	CH7A
5AD6	N8301A	C170
5AD7	N8301B	C172
5AD8	N8301C	P28R
5ADA	N8301E	P28A
5ADB	N8301F	PA32
5ADE	N8301J	B738
5ADF	N8301K	G164
5AE0	N8301L	P28R
5AE3	N8301P	PA18
5AE5	N8301R	P32R
5AE8	N8301U	C172
5AEA	N8301W	P28A
5AEB	N8301X	C172
5AEF	N83011	CH7A
5AF0	N83012	CH7A
5AF1	N83013	P28A
5AF4	N83016	P28A
5AF6	N83018	CH7A
5AF7	N83019	CH7A
5AF9	N8302A	P28A
5AFB	N8302C	P28B
5AFC	N8302D	BE35
5AFE	N8302F	B738
5AFF	N8302G	C150
5B01	N8302J	C150
5B02	N8302K	S108
5B08	N8302R	P28A
5B0A	N8302T	P28A
5B0C	N8302V	CH7A
5B0D	N8302W	P28A
5B0E	N8302X	C172
5B0F	N8302Y	PA30
5B10	N8302Z	C210
5B12	N83021	P28A
5B14	N83023	CH7A
5B15	N83024	CH7A
5B1B	N8303	CRBN
5B1C	N8303A	C170
5B1D	N8303B	C172
5B1F	N8303D	P28B
5B24	N8303J	C150
5B25	N8303K	S108
5B29	N8303P	PA44
5B2A	N8303Q	P28B
5B2B	N8303R	B738
5B2C	N8303S	C182
5B2D	N8303T	C175
5B2E	N8303U	PA34
5B30	N8303W	P28A
5B31	N8303X	PA34
5B35	N83031	CH7A
5B36	N83032	CH7A
5B37	N83033	B212
5B38	N83034	CH7A
5B39	N83035	CH7A
5B3D	N83039	P28A
5B3F	N8304A	C170
5B40	N8304B	C172
5B42	N8304D	P28A
5B48	N8304K	P28A
5B49	N8304L	P28A
5B4A	N8304M	C182
5B4B	N8304N	P28R
5B4C	N8304P	PA24
5B4E	N8304R	P28A
5B52	N8304V	CH7B
5B53	N8304W	P28A
5B54	N8304X	C172
5B55	N8304Y	PA30
5B58	N83041	CH7A
5B5D	N83046	CH7A
5B5E	N83047	P28R
5B5F	N83048	CH7A
5B63	N8305B	C172
5B66	N8305E	B738
5B67	N8305F	H500
5B6C	N8305L	PA32
5B6D	N8305M	C150
5B72	N8305S	C182
5B73	N8305T	C175
5B74	N8305U	C172
5B75	N8305V	CH7B
5B76	N8305W	PA32
5B79	N8305Z	C210
5B7A	N83050	CH7A
5B7C	N83052	PA32
5B80	N83056	CH7A
5B82	N83058	CH7A
5B83	N83059	CH7A
5B87	N8306C	P28A
5B88	N8306D	BE95
5B89	N8306E	P32R
5B8A	N8306F	H500
5B8B	N8306G	C150
5B8C	N8306H	B738
5B8E	N8306K	S108
5B8F	N8306L	PA34
5B90	N8306M	C182
5B91	N8306N	PA34
5B94	N8306R	P28A
5B95	N8306S	C182
5B96	N8306T	C175
5B98	N8306V	CH7A
5B9A	N8306X	C172
5BA2	N83065	CH7A
5BA3	N83066	CH7A
5BA4	N83067	CH7A
5BA7	N8307	P32R
5BA8	N8307A	C170
5BA9	N8307B	C172
5BAC	N8307E	PA44
5BAE	N8307G	C150
5BB1	N8307K	B738
5BB2	N8307L	P28R
5BB7	N8307R	P28A
5BB8	N8307S	C182
5BB9	N8307T	C175
5BBB	N8307V	CH7A
5BBC	N8307W	P28A
5BBE	N8307Y	P28A
5BC4	N83074	CH7A
5BC5	N83075	CH7A
5BCB	N8308A	C170
5BCC	N8308B	C172
5BCD	N8308C	P28A
5BCF	N8308E	M20P
5BD0	N8308F	H500
5BD1	N8308G	C150
5BD4	N8308K	B738
5BD6	N8308M	PA32
5BDA	N8308R	P28A
5BDB	N8308S	C182
5BDC	N8308T	C175
5BDE	N8308V	P32R
5BDF	N8308W	P28A
5BE5	N83082	CH7A
5BE6	N83083	CH7A
5BEB	N83088	CH7A
5BEC	N83089	PA32
5BEE	N8309A	PA32
5BF0	N8309C	B738
5BF1	N8309D	BE35
5BF2	N8309E	P28A
5BF4	N8309G	C150
5BF7	N8309K	P28A
5BF9	N8309M	C182
5BFA	N8309N	BE35
5BFD	N8309R	P28A
5BFF	N8309T	C175
5C01	N8309V	CH7B
5C03	N8309X	P28B
5C04	N8309Y	PA30
5C05	N8309Z	C210
5C07	N83091	CH7A
5C08	N83092	CH7A
5C0C	N83096	CH7A
5C0E	N83098	CH7A
5C10	N831	TAIL
5C11	N831A	PA22
5C12	N831AA	B789
5C14	N831AC	BL8
5C16	N831AE	E135
5C1B	N831AK	GLAS
5C1D	N831AM	SR22
5C21	N831AR	SRAI
5C22	N831AS	PP3
5C23	N831AT	BE30
5C26	N831AW	A319
5C28	N831AY	CRJ2
5C29	N831AZ	SR22
5C2A	N831B	L8
5C2B	N831BA	DA40
5C2C	N831BB	P32R
5C2E	N831BD	C25A
5C30	N831BF	P28A
5C36	N831BM	C414
5C3A	N831BR	C172
5C43	N831C	PA46
5C44	N831CA	BE36
5C45	N831CB	C182
5C46	N831CC	SR22
5C47	N831CD	SR22
5C53	N831CR	RV7
5C55	N831CT	FOX
5C58	N831CW	LJ35
5C5C	N831D	EFOX
5C5D	N831DA	AT8T
5C5E	N831DB	RV10
5C5F	N831DC	C182
5C61	N831DE	S22T
5C64	N831DH	RV8
5C65	N831DJ	SF50
5C66	N831DK	C82S
5C67	N831DL	L39
5C69	N831DN	B739
5C6C	N831DR	F2TH
5C6E	N831DT	C182
5C71	N831DW	S22T
5C72	N831DX	SF50
5C78	N831EC	E550
5C79	N831ED	SR22
5C7B	N831EF	L39
5C81	N831EM	H25B
5C85	N831ER	C172
5C8E	N831F	BE58
5C91	N831FC	C25B
5C93	N831FE	C208
5C99	N831FL	CRJ2
5C9E	N831FR	GA6C
5CA9	N831GB	LGEZ
5CAC	N831GE	BE58
5CB2	N831GL	C56X
5CB7	N831GR	T18
5CBC	N831GW	AEST
5CC0	N831H	R44
5CC1	N831HA	AS50
5CCD	N831HN	C82R
5CD1	N831HS	C25B
5CD9	N831J	G2T1
5CDB	N831JB	BE58
5CDD	N831JD	COL4
5CDF	N831JF	CH60
5CE4	N831JL	DA40
5CE5	N831JM	A30B
5CE7	N831JP	LJ55
5CE9	N831JR	PA24
5CEA	N831JS	JS31
5CEB	N831JT	RAF2
5CED	N831JV	RV9
5CF4	N831KB	BE40
5CFE	N831KM	CH70
5D03	N831KS	C172
5D04	N831KT	BE23
5D0D	N831LB	CH7B
5D11	N831LF	EC35
5D16	N831LL	C182
5D1C	N831LS	BE30
5D21	N831LX	H25B
5D25	N831MA	C172
5D27	N831MC	ASTR
5D29	N831ME	EC35
5D2A	N831MF	C510
5D2C	N831MH	B764
5D30	N831MM	S22T
5D31	N831MN	RV9
5D32	N831MP	PC12
5D36	N831MT	G280
5D39	N831MW	BE20
5D3A	N831MX	SONX
5D3D	N831N	KR34
5D40	N831NC	C175
5D4A	N831NN	B738
5D52	N831NW	A333
5D56	N831P	TWEN
5D58	N831PB	ASTR
5D62	N831PM	P28A
5D66	N831PR	T206
5D67	N831PS	P46T
5D68	N831PT	BE30
5D6E	N831PZ	C182
5D80	N831QS	C700
5D88	N831R	BE35
5D8A	N831RB	C150
5D8B	N831RC	GX
5D90	N831RH	BL8
5D93	N831RL	B06
5D94	N831RM	BE36
5D98	N831RR	T210
5D99	N831RS	CRER
5D9A	N831RT	VTRA
5D9C	N831RV	RV12
5D9D	N831RW	FA50
5DA1	N831S	RV10
5DA3	N831SB	AS50
5DA5	N831SD	B06
5DA8	N831SG	SR22
5DA9	N831SH	R22
5DAB	N831SK	CRJ9
5DAF	N831SP	C212
5DB8	N831SY	B738
5DBA	N831T	M20P
5DBB	N831TA	SR22
5DBE	N831TD	SR22
5DC2	N831TH	P32R
5DC6	N831TM	BE20
5DCB	N831TS	P28A
5DCC	N831TT	C25C
5DCF	N831TW	DV20
5DD0	N831TX	S22T
5DD1	N831TY	PA11
5DD4	N831UA	A319
5DE1	N831UP	B350
5DE4	N831US	MD83
5DED	N831VA	R44
5DF2	N831VF	EPIC
5DFA	N831VP	C650
5E13	N831WP	BE20
5E16	N831WS	RV12
5E1E	N831X	LNP4
5E6A	N8310A	C170
5E6C	N8310C	B738
5E71	N8310H	PA32
5E72	N8310J	C150
5E75	N8310M	C150
5E76	N8310N	BE33
5E77	N8310P	PA24
5E78	N8310Q	C185
5E7A	N8310S	C182
5E7C	N8310U	C172
5E7E	N8310W	P28A
5E7F	N8310X	C172
5E80	N8310Y	P32R
5E81	N8310Z	C210
5E83	N83101	CH7A
5E89	N83107	P32R
5E8C	N8311	S22T
5E8D	N8311A	R22
5E8E	N8311B	C172
5E8F	N8311C	P32R
5E90	N8311D	BE35
5E92	N8311F	BE23
5E95	N8311J	C150
5E96	N8311K	PA32
5E97	N8311L	P28A
5E98	N8311M	C182
5E99	N8311N	PA32
5E9B	N8311Q	B738
5E9F	N8311U	C172
5EA1	N8311W	P28A
5EA2	N8311X	C172
5EA3	N8311Y	PA30
5EA5	N83110	G164
5EA8	N83113	P28A
5EA9	N83114	CH7A
5EAE	N83119	CH7A
5EB0	N8312A	P32R
5EB2	N8312C	B738
5EB6	N8312G	C150
5EB7	N8312H	P28A
5EBD	N8312P	P28A
5EC0	N8312S	C182
5EC1	N8312T	R22
5EC2	N8312U	C172
5EC3	N8312V	CH7A
5EC4	N8312W	P28A
5EC5	N8312X	C172
5EC8	N83120	CH7A
5ECB	N83123	CH7A
5ECC	N83124	CH7A
5ECE	N83126	P28B
5ED1	N83129	CH7A
5ED2	N8313	CRBN
5ED3	N8313A	P28B
5ED6	N8313D	BE35
5ED7	N8313E	R22
5ED8	N8313F	B738
5EDC	N8313K	S108
5EDF	N8313N	BE95
5EE0	N8313P	PA24
5EE2	N8313R	P28R
5EE4	N8313T	P32R
5EE6	N8313V	CH7A
5EE7	N8313W	P28A
5EE8	N8313X	C172
5EE9	N8313Y	PA30
5EEA	N8313Z	RV12
5EEB	N83130	R22
5EEE	N83133	ST75
5EF6	N8314A	C170
5EF7	N8314B	P32R
5EF8	N8314C	PA32
5EF9	N8314D	BE35
5EFF	N8314K	P32R
5F00	N8314L	B738
5F01	N8314M	C150
5F07	N8314T	C175
5F08	N8314U	C172
5F0A	N8314W	P28A
5F0B	N8314X	C172
5F0F	N83141	CH7A
5F11	N83143	CH7A
5F15	N83147	CH7A
5F17	N83149	B06
5F18	N8315	RV10
5F19	N8315A	PA34
5F1A	N8315B	P28R
5F1B	N8315C	B738
5F1C	N8315D	BE35
5F1F	N8315G	C150
5F20	N8315H	PA32
5F22	N8315K	G164
5F24	N8315M	PA18
5F26	N8315P	PA24
5F28	N8315R	R22
5F29	N8315S	P28R
5F2C	N8315V	CH7A
5F2D	N8315W	P28A
5F2E	N8315X	C172
5F2F	N8315Y	PA30
5F30	N8315Z	R22
5F33	N83152	CH7A
5F3D	N8316B	C172
5F3E	N8316C	P28A
5F3F	N8316D	R22
5F40	N8316E	P28A
5F43	N8316H	B738
5F46	N8316L	C172
5F48	N8316N	R22
5F49	N8316P	PA24
5F4B	N8316R	P28A
5F4C	N8316S	P28A
5F4D	N8316T	C175
5F53	N8316Z	C210
5F54	N83160	P28B
5F57	N83163	CH7A
5F58	N83164	P28R
5F5B	N83167	CH7A
5F5C	N83168	CH7A
5F5D	N83169	CH7A
5F5F	N8317A	C170
5F61	N8317C	RV7
5F63	N8317E	P32R
5F64	N8317F	P32R
5F65	N8317G	C172
5F68	N8317K	G164
5F69	N8317L	C172
5F6A	N8317M	B738
5F6B	N8317N	BE33
5F6E	N8317R	RV6
5F70	N8317T	C175
5F71	N8317U	C172
5F72	N8317V	CH7B
5F74	N8317X	C172
5F75	N8317Y	PA32
5F76	N8317Z	C210
5F7A	N83173	CH7A
5F7B	N83174	CH7A
5F7C	N83175	CH7A
5F7E	N83177	P28A
5F81	N8318	PTS1
5F82	N8318A	EXEC
5F83	N8318B	C172
5F84	N8318C	P28A
5F85	N8318D	BE35
5F86	N8318E	C172
5F87	N8318F	B738
5F89	N8318H	P28A
5F8A	N8318J	C150
5F8E	N8318N	BE35
5F8F	N8318P	PA24
5F90	N8318Q	P28A
5F91	N8318R	P28A
5F94	N8318U	C172
5F95	N8318V	CH7B
5F98	N8318Y	P28A
5F9A	N83180	P28A
5F9C	N83182	P32R
5F9F	N83185	CH7A
5FA1	N83187	PA32
5FA3	N83189	CH7A
5FA5	N8319A	C170
5FA6	N8319B	C172
5FAA	N8319F	B738
5FAF	N8319L	C172
5FB1	N8319N	P32R
5FB5	N8319S	P28B
5FB7	N8319U	A319
5FB9	N8319W	P28A
5FBE	N83191	CH7A
5FBF	N83192	CH7A
5FC0	N83193	B06
5FC2	N83195	CH7A
5FC3	N83196	P28R
5FC4	N83197	P28B
5FC8	N832A	PA22
5FC9	N832AA	B789
5FCA	N832AB	VELO
5FCD	N832AE	E135
5FD1	N832AJ	T6
5FD2	N832AK	R44
5FDA	N832AT	PA44
5FDD	N832AW	A319
5FDF	N832AY	CRJ2
5FE2	N832BA	A5
5FFB	N832CA	TL30
5FFC	N832CB	C650
6008	N832CP	C82T
600B	N832CS	EC35
6015	N832DB	SSTL
6016	N832DC	C172
601B	N832DH	UH1
6020	N832DN	B739
6029	N832DX	P28A
6032	N832EF	SR20
603C	N832ER	C172
603D	N832ES	ECHO
603E	N832ET	FB1A
6056	N832FS	CRER
6061	N832GC	EC30
6077	N832H	BE36
6081	N832HK	E145
6091	N832JA	P28R
6092	N832JB	A37
6098	N832JH	SR20
60BA	N832KS	C172
60C3	N832LA	CL30
60CE	N832LM	SR22
60D3	N832LS	BD4
60DB	N832M	UH1
60DC	N832MA	C172
60DE	N832MC	C82S
60E3	N832MH	B764
6101	N832NN	B738
6108	N832NV	B38M
610D	N832P	L8
610E	N832PA	HA4T
6116	N832PJ	GLEX
6137	N832QS	C700
613F	N832R	C560
614B	N832RM	LNC2
6150	N832RS	BE36
615A	N832SB	AS50
615B	N832SC	CL60
6160	N832SH	R22
6162	N832SK	CRJ9
6164	N832SM	GLID
6166	N832SP	P32R
616F	N832SY	B738
6171	N832T	M7
6172	N832TA	SF50
6174	N832TC	C82T
6187	N832TX	MT
618B	N832UA	A319
6198	N832UP	B350
619B	N832US	MD88
61A6	N832VC	CAMP
61B4	N832VS	KR1
61C0	N832WD	FA10
61CA	N832WP	DHC1
61CD	N832WS	GLIM
6221	N8320A	R22
6223	N8320C	P28A
6224	N8320D	BE35
6225	N8320E	P28R
6228	N8320H	P28R
6229	N8320J	B738
622B	N8320L	R22
622C	N8320M	C182
622E	N8320P	PA24
6232	N8320T	C175
6234	N8320V	CH7B
6235	N8320W	P28A
6236	N8320X	C172
6237	N8320Y	PA30
6238	N8320Z	C210
6239	N83200	CH7A
623A	N83201	CH7A
6240	N83207	P28A
6241	N83208	P28A
6245	N8321B	C172
6246	N8321C	P28R
6247	N8321D	B738
624A	N8321G	C150
624B	N8321H	P28A
624E	N8321L	P28A
624F	N8321M	P28A
6250	N8321N	BE35
6251	N8321P	R22
6253	N8321R	P28A
6255	N8321T	P28A
6256	N8321U	C172
6258	N8321W	P28A
6259	N8321X	P28R
625B	N8321Z	C210
625C	N83210	PA32
625E	N83212	P32R
625F	N83213	P32R
6261	N83215	CH7A
6262	N83216	CH7A
6263	N83217	CH7A
6265	N83219	CH7A
6267	N8322A	C170
626A	N8322D	BE35
626B	N8322E	M20P
626F	N8322J	C150
6270	N8322K	P32R
6271	N8322L	P32R
6272	N8322M	C150
6274	N8322P	P32R
6277	N8322S	PA44
6279	N8322U	C172
627A	N8322V	CH7B
627B	N8322W	P28A
627C	N8322X	B738
627D	N8322Y	PA30
6284	N83225	P28R
6285	N83226	CH7A
6286	N83227	CH7A
6287	N83228	CH7A
628A	N8323A	P28A
628B	N8323B	R22
628C	N8323C	B738
628D	N8323D	BE35
628E	N8323E	C82R
628F	N8323F	C82S
6290	N8323G	C150
6292	N8323J	C150
6295	N8323M	C150
629A	N8323S	PA32
629C	N8323U	C172
629D	N8323V	CH7B
629F	N8323X	C172
62A0	N8323Y	P28B
62A1	N8323Z	P28B
62A2	N83230	B212
62A3	N83231	P28B
62A5	N83233	CH7A
62A6	N83234	CH7A
62A8	N83236	P28R
62AB	N83239	CH7A
62AC	N8324	PA18
62AD	N8324A	B738
62AE	N8324B	C172
62AF	N8324C	PA34
62B0	N8324D	BE35
62B1	N8324E	C172
62B3	N8324G	C150
62B6	N8324K	S108
62B7	N8324L	P28R
62B8	N8324M	C150
62BA	N8324P	PA24
62BD	N8324S	C182
62BE	N8324T	PA32
62BF	N8324U	R22
62C1	N8324W	P28A
62C2	N8324X	C172
62C3	N8324Y	PA30
62C6	N83241	CH7A
62C9	N83244	CH7A
62CB	N83246	B47G
62CC	N83247	CH7A
62CD	N83248	CH7A
62CE	N83249	CH7A
62D0	N8325A	C170
62D1	N8325B	C172
62D2	N8325C	P28R
62D3	N8325D	B738
62D4	N8325E	M20P
62D7	N8325H	P28A
62DA	N8325L	P28A
62DB	N8325M	P28A
62DC	N8325N	BE35
62DF	N8325R	P28A
62E1	N8325T	P28A
62E2	N8325U	C172
62E3	N8325V	P28A
62E4	N8325W	P28A
62E8	N83250	CH7A
62E9	N83251	CH7A
62EC	N83254	CH7A
62F0	N83258	CH7A
62F1	N83259	P28A
62F3	N8326A	C170
62F5	N8326C	P28A
62F6	N8326D	BE35
62F7	N8326E	M20P
62F8	N8326F	B738
62FC	N8326K	G164
62FD	N8326L	P28R
62FE	N8326M	C150
62FF	N8326N	BE35
6305	N8326U	C150
6307	N8326W	P28A
6308	N8326X	C172
6309	N8326Y	PA30
630C	N83261	CH7A
630F	N83264	CH7A
6312	N83267	CH7A
6313	N83268	PA18
6316	N8327A	B738
6317	N8327B	P28R
6319	N8327D	BE35
631D	N8327H	P28R
631E	N8327J	C150
6320	N8327L	P28B
6321	N8327M	C150
6325	N8327R	P28A
6327	N8327T	C175
632A	N8327W	P28A
632B	N8327X	C172
632C	N8327Y	PA30
632F	N83271	PA18
6330	N83272	PA18
6333	N83275	PA18
6334	N83276	CH7A
6335	N83277	CH7A
6336	N83278	PA18
6337	N83279	CH7A
6339	N8328A	B738
633A	N8328B	C172
633B	N8328C	P28A
633C	N8328D	P32R
6340	N8328H	R44
6341	N8328J	C150
6342	N8328K	S108
6343	N8328L	R44
6344	N8328M	C150
6345	N8328N	BE35
6346	N8328P	PA24
6349	N8328S	C182
634A	N8328T	PA44
634B	N8328U	R22
634C	N8328V	PA34
634D	N8328W	P28A
634E	N8328X	C172
634F	N8328Y	PA30
6351	N83280	CH7A
6352	N83281	PA18
6354	N83283	PA18
6356	N83285	PA18
635A	N83289	CH7A
635C	N8329A	C170
635D	N8329B	B738
6364	N8329J	C150
6365	N8329K	S108
6368	N8329N	BE33
636C	N8329S	C182
636E	N8329U	C172
6370	N8329W	P28B
6372	N8329Y	PA30
6373	N8329Z	C210
6375	N83291	CH7A
6377	N83293	CH7A
6379	N83295	CH7A
637A	N83296	PA18
637D	N83299	PA18
637E	N833	BE33
637F	N833A	PA22
6380	N833AA	B789
6384	N833AE	E135
6389	N833AK	GLIM
638B	N833AM	B06
638D	N833AP	RV6
638F	N833AR	S61
6391	N833AT	PA44
6394	N833AW	A319
6398	N833B	BE95
6399	N833BA	A5
63AD	N833BW	GLAS
63B1	N833C	S108
63B2	N833CA	P212
63B3	N833CB	C172
63B4	N833CC	B350
63B7	N833CF	SR22
63B8	N833CG	C206
63B9	N833CH	BE17
63BF	N833CP	C82T
63C2	N833CS	EC35
63CC	N833DB	HROC
63D0	N833DF	PA30
63D7	N833DN	B739
63D8	N833DP	R22
63DB	N833DS	DA40
63DC	N833DT	FOX
63E9	N833EF	SR20
63F3	N833ER	C172
6418	N833GC	EC30
6426	N833GS	PA32
6447	N833J	SONX
6449	N833JB	F2TH
644B	N833JD	S22T
644F	N833JH	RS12
6455	N833JP	C550
6457	N833JR	S22T
6458	N833JS	C56X
6460	N833K	G2T1
6461	N833KA	SR22
6462	N833KB	H60
6471	N833KS	C172
6479	N833L	BE95
647C	N833LC	E55P
6492	N833M	SR22
6493	N833MA	C172
6495	N833MC	MA5
6497	N833ME	DA62
649A	N833MH	B764
64AB	N833N	KR34
64AF	N833ND	P28A
64B8	N833NN	B738
64C6	N833PB	BE36
64D0	N833PM	BE33
64D5	N833PS	PRM1
64DD	N833Q	BE50
64EE	N833QS	C700
64F6	N833R	BE35
64F9	N833RC	SR22
6508	N833RT	P210
650A	N833RV	RV6
6510	N833SA	C82T
6511	N833SB	AS50
6512	N833SC	PA34
6513	N833SD	SR22
6519	N833SK	CRJ9
651F	N833SR	SR22
6520	N833SS	RF6
6521	N833ST	MR35
6526	N833SY	B738
652A	N833TB	P28A
652C	N833TD	BE33
652D	N833TE	RF6
653D	N833TW	C72R
653E	N833TX	BE58
6542	N833UA	A319
654F	N833UP	B350
6552	N833US	MD88
6553	N833UT	RF6
6581	N833WP	DHC1
6585	N833WT	P28A
659E	N833XT	RF6
65B7	N833YT	RF6
65D6	N833ZZ	C172
65D8	N8330A	C170
65D9	N8330B	C206
65DB	N8330D	BE35
65E1	N8330K	S108
65E2	N8330L	P28A
65E5	N8330P	H500
65E7	N8330R	P28A
65E9	N8330T	C175
65EB	N8330V	CH7B
65ED	N8330X	P28A
65EF	N8330Z	P28A
65F0	N83300	CH7A
65F2	N83302	PA18
65F3	N83303	CH7A
65F4	N83304	CH7A
65F8	N83308	CH7A
65F9	N83309	CH7A
65FD	N8331C	P28A
65FE	N8331D	BE35
65FF	N8331E	PA32
6601	N8331G	C150
6604	N8331K	G164
6605	N8331L	C172
6607	N8331N	BE95
660A	N8331R	T28
660D	N8331U	P32R
660E	N8331V	CH7A
6612	N8331Z	C210
6613	N83310	PA18
6614	N83311	CH7A
6615	N83312	PA18
6617	N83314	CH7A
6619	N83316	PA18
661A	N83317	CH7A
661B	N83318	CH7A
661D	N8332	CRBN
661F	N8332B	P28R
6620	N8332C	P28R
6624	N8332G	C150
6625	N8332H	P28A
662A	N8332N	BE35
662B	N8332P	PA24
662D	N8332R	P28A
662E	N8332S	C182
662F	N8332T	R22
6630	N8332U	C172
6632	N8332W	P28A
6633	N8332X	C172
6634	N8332Y	P28R
6635	N8332Z	C210
6636	N83320	CH7A
6637	N83321	CH7A
6638	N83322	CH7A
6639	N83323	CH7A
663A	N83324	PA18
663B	N83325	PA18
663C	N83326	PA18
663D	N83327	CH7A
663E	N83328	PA18
663F	N83329	E75L
6640	N8333	CRBN
6643	N8333C	PA32
6644	N8333D	BE35
6645	N8333E	M20P
6647	N8333G	C150
6648	N8333H	P32R
664B	N8333L	C172
664D	N8333N	PA44
6652	N8333T	P28A
6655	N8333W	P28A
6656	N8333X	C172
6658	N8333Z	R44
6659	N83330	PA18
665B	N83332	PA18
665D	N83334	P28B
665E	N83335	PA18
665F	N83336	CH7A
6660	N83337	PA18
6666	N8334C	PA34
6667	N8334D	BE35
666A	N8334G	C150
666E	N8334L	C172
6670	N8334N	PA32
6671	N8334P	P28A
6672	N8334Q	T206
6675	N8334T	C175
6676	N8334U	C172
6677	N8334V	CH7A
6678	N8334W	P28A
6679	N8334X	C172
667A	N8334Y	P28A
667B	N8334Z	P28A
667C	N83340	CH7A
667D	N83341	CH7A
6681	N83345	P28A
6682	N83346	PA18
6683	N83347	PA18
6684	N83348	CH7A
6687	N8335A	C170
6689	N8335C	PA34
668A	N8335D	R44
668B	N8335E	M20P
668E	N8335H	T6
6695	N8335Q	C185
6698	N8335T	C175
6699	N8335U	C172
669A	N8335V	CH7A
669B	N8335W	P28A
669E	N8335Z	C210
66A1	N83352	CH7A
66A3	N83354	PA18
66A4	N83355	CH7A
66A6	N83357	CH7A
66A7	N83358	PA18
66A8	N83359	PA18
66AA	N8336A	C170
66AC	N8336C	DC3
66AD	N8336D	P28A
66B0	N8336G	P28A
66B1	N8336H	P28A
66B2	N8336J	C150
66B5	N8336M	C150
66B6	N8336N	BE35
66B7	N8336P	PA24
66B9	N8336R	P28A
66BA	N8336S	C182
66BB	N8336T	C175
66BF	N8336X	R44
66C0	N8336Y	PA30
66C1	N8336Z	R44
66C2	N83360	CH7A
66C3	N83361	CH7A
66C4	N83362	PA18
66C5	N83363	CH7A
66C6	N83364	P28A
66C7	N83365	CH7A
66C8	N83366	CH7A
66C9	N83367	PA18
66CA	N83368	PA18
66CC	N8337	CRBN
66CD	N8337A	P28B
66CF	N8337C	P32R
66D1	N8337E	M20P
66D4	N8337H	PA32
66D5	N8337J	C150
66D6	N8337K	G164
66DF	N8337U	C172
66E0	N8337V	CH7A
66E2	N8337X	C172
66E3	N8337Y	PA30
66E9	N83374	PA18
66ED	N83378	PA18
66EE	N83379	PA18
66F0	N8338A	C170
66F1	N8338B	C172
66F2	N8338C	P28A
66F3	N8338D	P28A
66F7	N8338H	BT36
66FA	N8338L	C172
66FD	N8338P	PA24
66FF	N8338R	P28A
6701	N8338T	C175
6703	N8338V	CH7A
6704	N8338W	P28A
6705	N8338X	C172
6706	N8338Y	PA30
6707	N8338Z	C210
6709	N83381	PA18
670D	N83385	CH7A
670E	N83386	PA18
670F	N83387	CH7A
6710	N83388	CH7A
6711	N83389	CH7A
6714	N8339B	C172
6715	N8339C	P28A
6716	N8339D	P28A
6719	N8339G	R44
671D	N8339L	C172
671F	N8339N	BE35
6722	N8339R	P28A
6725	N8339U	C172
6727	N8339W	P28A
6728	N8339X	PA32
6729	N8339Y	PA30
672A	N8339Z	PA32
672C	N83391	CH7A
672E	N83393	CH7A
672F	N83394	PA18
6730	N83395	PA18
6732	N83397	PA18
6734	N83399	CH7A
6735	N834	T34P
6737	N834AA	B789
673B	N834AE	E135
673C	N834AF	LJ31
6740	N834AK	SR22
6742	N834AM	HUSK
6748	N834AT	PA44
674B	N834AW	A319
674D	N834AY	CRJ2
6767	N834BZ	B737
6768	N834C	S108
6769	N834CA	C68A
676B	N834CC	P32R
676C	N834CD	SR22
6776	N834CP	C82T
6779	N834CS	EC35
6781	N834D	C172
6783	N834DB	T34P
6784	N834DC	C550
678E	N834DN	B739
6792	N834DS	DA40
6795	N834DV	P28A
67A0	N834EF	SR20
67C4	N834FS	RF6
67CC	N834G	T34P
67CF	N834GC	EC30
67D4	N834GH	RF6
67DE	N834GT	C152
67F3	N834HP	P32T
67FF	N834JA	RF6
6800	N834JB	A320
6806	N834JH	C208
680F	N834JS	C56X
6817	N834K	G2T1
6819	N834KB	M7
681A	N834KC	DA40
6824	N834KN	RF6
6828	N834KS	C172
6829	N834KT	BE23
682C	N834KW	B773
6831	N834LA	SR22
6851	N834MH	B764
6855	N834MM	H25B
6866	N834ND	P28A
6869	N834NG	PC12
686F	N834NN	B738
6871	N834NQ	PA31
687C	N834PA	AS50
68A5	N834QS	C700
68B9	N834RM	C421
68BD	N834RR	K100
68BE	N834RS	CH60
68C1	N834RV	PA34
68C8	N834SB	AS50
68C9	N834SC	GALX
68CE	N834SH	R22
68D0	N834SK	CRJ9
68D4	N834SP	FOX
68D7	N834SS	RF6
68D8	N834ST	RV7
68DD	N834SY	B738
68DF	N834T	PTS1
68EB	N834TM	BE35
68F9	N834UA	A319
6906	N834UP	B350
6909	N834US	MD88
690D	N834UW	EC35
693E	N834WV	RV8
695C	N834Y	SKRA
6975	N834Z	C180
698F	N8340A	C170
6993	N8340E	M20P
6999	N8340L	C172
699A	N8340M	C150
699C	N8340P	PA24
699E	N8340R	P28A
699F	N8340S	R22
69A0	N8340T	C175
69A3	N8340W	P28A
69A6	N8340Z	C210
69A7	N83400	P32R
69A8	N83401	CH7A
69A9	N83402	CH7A
69AA	N83403	PA18
69AB	N83404	PA18
69AC	N83405	CH7A
69AD	N83406	CH7A
69AE	N83407	CH7A
69AF	N83408	CH7A
69B0	N83409	CH7A
69B2	N8341A	P28A
69B3	N8341B	C172
69B4	N8341C	C25A
69B9	N8341H	P32R
69BB	N8341K	G164
69BD	N8341M	C150
69BE	N8341N	R22
69BF	N8341P	PA24
69C1	N8341R	P28A
69C3	N8341T	C175
69CA	N83410	CH7A
69CB	N83411	PA18
69CC	N83412	PA18
69CE	N83414	CH7A
69CF	N83415	CH7A
69D0	N83416	P28A
69D1	N83417	PA18
69D2	N83418	PA18
69D4	N8342	DHC1
69D6	N8342B	C172
69D7	N8342C	P28R
69D8	N8342D	BE35
69DA	N8342F	P32R
69DC	N8342H	P28A
69DE	N8342K	S108
69E0	N8342M	C150
69E1	N8342N	P28A
69E2	N8342P	PA24
69E4	N8342R	P28A
69E5	N8342S	C182
69E8	N8342V	CH7A
69EA	N8342X	C172
69EB	N8342Y	P28A
69ED	N83420	CH7A
69EE	N83421	PA18
69EF	N83422	PA18
69F1	N83424	PA18
69F2	N83425	CH7A
69F3	N83426	CH7A
69F4	N83427	CH7A
69F6	N83429	CH7A
69F9	N8343B	PA32
69FF	N8343H	P32R
6A01	N8343K	S108
6A03	N8343M	C150
6A04	N8343N	BE35
6A07	N8343R	P28A
6A08	N8343S	C182
6A0A	N8343U	P32R
6A0C	N8343W	P28A
6A0D	N8343X	C172
6A0E	N8343Y	PA30
6A0F	N8343Z	C210
6A10	N83430	CH7A
6A11	N83431	CH7A
6A13	N83433	PA18
6A14	N83434	PA18
6A15	N83435	PA34
6A16	N83436	CH7A
6A17	N83437	PA18
6A19	N83439	CH7A
6A1B	N8344A	PA44
6A21	N8344G	C150
6A25	N8344L	C172
6A26	N8344M	C550
6A27	N8344N	BE33
6A28	N8344P	PA24
6A2B	N8344S	C182
6A2C	N8344T	C175
6A2E	N8344V	P28A
6A32	N8344Z	C210
6A33	N83440	CH7A
6A35	N83442	PA18
6A36	N83443	PA18
6A38	N83445	CH7A
6A39	N83446	PA34
6A3A	N83447	PA18
6A3B	N83448	CH7A
6A3C	N83449	PA18
6A40	N8345C	P28A
6A42	N8345E	M20P
6A43	N8345F	H500
6A47	N8345K	SCOR
6A49	N8345M	C150
6A4A	N8345N	BE33
6A4B	N8345P	PA24
6A4C	N8345Q	T206
6A4D	N8345R	P28A
6A4E	N8345S	C182
6A50	N8345U	C172
6A55	N8345Z	P28A
6A56	N83450	CH7A
6A58	N83452	PA18
6A5A	N83454	PA18
6A5B	N83455	PA18
6A5D	N83457	CH7A
6A5E	N83458	PA18
6A63	N8346C	P28A
6A64	N8346D	BE35
6A67	N8346G	C150
6A69	N8346J	C150
6A6B	N8346L	C172
6A6D	N8346N	P28A
6A6E	N8346P	PA24
6A71	N8346S	P28A
6A72	N8346T	P28A
6A74	N8346V	CH7B
6A75	N8346W	P28A
6A76	N8346X	C172
6A78	N8346Z	C210
6A79	N83460	CH7A
6A7D	N83464	PA18
6A7E	N83465	CH7A
6A82	N83469	CH7A
6A83	N8347	TAYD
6A86	N8347C	P28A
6A8A	N8347G	C150
6A8D	N8347K	G164
6A8E	N8347L	C172
6A94	N8347S	C182
6A96	N8347U	C172
6A98	N8347W	P32R
6A9E	N83472	PA18
6A9F	N83473	PA18
6AA0	N83474	CH7A
6AA2	N83476	PA18
6AA3	N83477	PA18
6AA4	N83478	CH7A
6AA5	N83479	CH7A
6AA6	N8348	J3
6AA7	N8348A	C170
6AA8	N8348B	C172
6AAA	N8348D	BE35
6AAC	N8348F	H500
6AAD	N8348G	P32R
6AAE	N8348H	P32R
6AB1	N8348L	C172
6AB2	N8348M	C72R
6AB4	N8348P	PA24
6AB6	N8348R	P28A
6AB9	N8348U	R22
6ABB	N8348W	P28A
6ABC	N8348X	R44
6ABD	N8348Y	PA30
6ABF	N83480	PA18
6AC2	N83483	CH7A
6AC3	N83484	P28R
6AC5	N83486	P28R
6AC6	N83487	CH7A
6AC7	N83488	CH7A
6AC8	N83489	CH7A
6AC9	N8349	GLID
6ACA	N8349A	C170
6ACD	N8349D	BE35
6ACE	N8349E	C172
6AD2	N8349J	MOR2
6AD5	N8349M	C150
6AD7	N8349P	PA24
6AD9	N8349R	R44
6ADB	N8349T	C175
6ADC	N8349U	C172
6ADF	N8349X	C172
6AE4	N83492	CH7A
6AE6	N83494	PA18
6AE7	N83495	CH7A
6AE8	N83496	CH7A
6AE9	N83497	PA18
6AEB	N83499	CH7A
6AF0	N835AC	AT8T
6AF2	N835AE	E135
6AF3	N835AF	PC12
6AF4	N835AG	PA14
6AF7	N835AK	R44
6AF9	N835AM	AP22
6AFA	N835AN	B789
6AFF	N835AT	PA44
6B02	N835AW	A319
6B04	N835AY	CRJ2
6B06	N835B	BE35
6B09	N835BC	RV6
6B1E	N835BZ	B737
6B20	N835CA	TBM7
6B21	N835CB	C25B
6B22	N835CC	AC90
6B24	N835CE	CN35
6B2D	N835CP	C82T
6B30	N835CS	EC35
6B40	N835DH	EC35
6B41	N835DJ	HIGH
6B45	N835DN	B739
6B49	N835DS	DA40
6B57	N835EF	SR20
6B7B	N835FS	GX
6B86	N835GC	EC30
6B93	N835GR	CH75
6BA6	N835HK	E145
6BB7	N835JB	SREY
6BC6	N835JS	C56X
6BDA	N835KM	TBM7
6BDF	N835KS	C172
6C01	N835MA	C208
6C03	N835MC	LJ35
6C04	N835MD	C182
6C08	N835MH	B764
6C11	N835MS	LGEZ
6C19	N835N	KR34
6C1D	N835ND	PA44
6C26	N835NN	B738
6C2B	N835NT	HIGH
6C33	N835PA	AS50
6C5C	N835QS	C700
6C67	N835RC	C404
6C75	N835RS	TUCA
6C78	N835RV	RV12
6C7F	N835SB	AS50
6C85	N835SH	R22
6C8B	N835SP	PETR
6C8E	N835SS	RF6
6C92	N835SW	PA18
6C94	N835SY	B738
6C96	N835T	NG5
6C97	N835TA	C182
6CAC	N835TX	EC35
6CB0	N835UA	A319
6CBD	N835UP	B350
6CC0	N835US	MD88
6CE3	N835WB	SR20
6D16	N835YC	RV6
6D2C	N835Z	S22T
6D3E	N835ZT	PRM1
6D46	N8350A	C170
6D4E	N8350J	C150
6D4F	N8350K	S108
6D51	N8350M	R22
6D55	N8350R	P28A
6D56	N8350S	C182
6D57	N8350T	C175
6D58	N8350U	C172
6D59	N8350V	CH7A
6D5A	N8350W	P28A
6D5B	N8350X	C172
6D5C	N8350Y	PA30
6D5D	N8350Z	PA34
6D5E	N83500	CH7A
6D5F	N83501	PA18
6D60	N83502	CH7A
6D62	N83504	CH7A
6D65	N83507	CH7A
6D66	N83508	PA18
6D68	N8351	PTS1
6D6A	N8351B	PA34
6D6B	N8351C	PA34
6D6C	N8351D	BE35
6D71	N8351J	C150
6D72	N8351K	G164
6D73	N8351L	C172
6D74	N8351M	C150
6D75	N8351N	R44
6D76	N8351P	PA24
6D7A	N8351T	C175
6D7D	N8351W	P28A
6D7E	N8351X	C172
6D81	N83510	PA18
6D86	N83515	CH7A
6D87	N83516	PA18
6D88	N83517	PA18
6D89	N83518	CH7A
6D8C	N8352A	C170
6D8D	N8352B	C172
6D8F	N8352D	P28A
6D95	N8352K	S108
6D96	N8352L	C172
6D97	N8352M	C150
6D9A	N8352Q	T206
6D9B	N8352R	P28A
6D9C	N8352S	C182
6D9D	N8352T	P28A
6D9F	N8352V	CH7A
6DA0	N8352W	P28A
6DA1	N8352X	C172
6DA2	N8352Y	PA30
6DA5	N83521	CH7A
6DA8	N83524	PA18
6DA9	N83525	B17
6DAA	N83526	CH7A
6DB0	N8353B	C172
6DB1	N8353C	P28R
6DB2	N8353D	P28A
6DB4	N8353F	H500
6DB5	N8353G	C150
6DB6	N8353H	P28B
6DB7	N8353J	C150
6DB8	N8353K	R44
6DBA	N8353M	R22
6DBB	N8353N	BE35
6DBE	N8353R	P28A
6DC2	N8353V	CH7A
6DC3	N8353W	P28A
6DC4	N8353X	C172
6DC5	N8353Y	PA30
6DC6	N8353Z	C210
6DCA	N83533	CH7A
6DCB	N83534	PA18
6DCD	N83536	PA18
6DD0	N83539	PA18
6DD3	N8354B	C172
6DD4	N8354C	P28A
6DD6	N8354E	M20P
6DDC	N8354L	C172
6DE0	N8354Q	PA32
6DE1	N8354R	P28A
6DE2	N8354S	C182
6DE4	N8354U	C172
6DE6	N8354W	P28A
6DE7	N8354X	C172
6DE8	N8354Y	PA32
6DEA	N83540	P28A
6DEC	N83542	CH7A
6DEE	N83544	CH7A
6DEF	N83545	PA18
6DF2	N83548	CH7A
6DF3	N83549	PA18
6DF4	N8355	C421
6DF5	N8355A	R22
6DF6	N8355B	C172
6DF9	N8355E	P32R
6DFB	N8355G	C150
6DFC	N8355H	P32R
6DFD	N8355J	C150
6E00	N8355M	C150
6E01	N8355N	R22
6E02	N8355P	PA24
6E03	N8355Q	T206
6E05	N8355S	C182
6E06	N8355T	C175
6E07	N8355U	C150
6E0A	N8355X	P32R
6E0F	N83552	PA18
6E12	N83555	CH7A
6E14	N83557	CH7A
6E15	N83558	PA18
6E16	N83559	CH7A
6E18	N8356A	C170
6E1D	N8356F	H500
6E23	N8356M	C150
6E24	N8356N	BE35
6E25	N8356P	PA24
6E27	N8356R	R22
6E28	N8356S	C182
6E2A	N8356U	C172
6E2B	N8356V	CH7A
6E2C	N8356W	P28A
6E2D	N8356X	PA34
6E31	N83561	CH7A
6E32	N83562	PA34
6E33	N83563	CH7A
6E34	N83564	CH7A
6E36	N83566	PA18
6E38	N83568	PA18
6E39	N83569	CH7A
6E3B	N8357A	C170
6E3C	N8357B	C172
6E3E	N8357D	BE35
6E40	N8357F	H500
6E43	N8357J	C150
6E44	N8357K	C150
6E46	N8357M	C182
6E48	N8357P	PA24
6E4A	N8357R	P28A
6E4E	N8357V	CH7B
6E51	N8357Y	PA30
6E55	N83572	PA18
6E56	N83573	PA18
6E5A	N83577	PA18
6E5C	N83579	PA18
6E5F	N8358B	CH65
6E61	N8358D	BE35
6E63	N8358F	R22
6E66	N8358J	C150
6E67	N8358K	S108
6E68	N8358L	C172
6E69	N8358M	R22
6E6A	N8358N	BE35
6E6D	N8358R	P28A
6E6E	N8358S	C182
6E6F	N8358T	C175
6E70	N8358U	C172
6E72	N8358W	P28A
6E74	N8358Y	PA30
6E75	N8358Z	P28A
6E76	N83580	PA18
6E77	N83581	CH7A
6E78	N83582	PA18
6E79	N83583	CH7A
6E7E	N83588	CH7A
6E81	N8359A	C170
6E85	N8359E	P28R
6E87	N8359G	C188
6E89	N8359J	C150
6E8C	N8359M	PA32
6E8D	N8359N	BE35
6E91	N8359S	PA32
6E93	N8359U	C172
6E94	N8359V	CH7A
6E95	N8359W	P28A
6E96	N8359X	P32R
6E97	N8359Y	PA30
6E9A	N83591	CH7A
6E9D	N83594	PA18
6E9F	N83596	PA18
6EA1	N83598	PA18
6EA3	N836	CB1
6EA4	N836A	PA22
6EA5	N836AA	B789
6EA9	N836AE	E135
6EB0	N836AM	AP22
6EB6	N836AT	PA44
6EB9	N836AW	A319
6EBB	N836AY	CRJ2
6EBD	N836B	L8
6EBE	N836BA	B737
6EC0	N836BC	BE36
6EC8	N836BL	RV12
6ED6	N836C	SR20
6EE2	N836CM	CL60
6EE4	N836CP	C82T
6EE6	N836CR	LGEZ
6EE7	N836CS	EC35
6EF1	N836DB	C177
6EF4	N836DE	PA11
6EFC	N836DN	B739
6F00	N836DS	DA40
6F08	N836E	BE36
6F09	N836EA	TBM7
6F0B	N836EC	GC1
6F0E	N836EF	SR20
6F2D	N836FM	MT
6F32	N836FS	P28A
6F3A	N836G	T6
6F3D	N836GC	EC30
6F3E	N836GD	GA7C
6F5D	N836HK	E145
6F64	N836HS	PP3
6F6E	N836JB	BE36
6F78	N836JM	A30B
6F7D	N836JS	C56X
6F96	N836KS	C172
6F97	N836KT	BE23
6FA4	N836LF	EC35
6FA5	N836LG	BE36
6FA9	N836LL	CRUZ
6FB7	N836M	DC3
6FBF	N836MH	B764
6FC3	N836MM	AT8T
6FCD	N836MX	F5
6FD1	N836NA	F15
6FDD	N836NN	B738
6FEA	N836PA	AS50
701B	N836R	BE35
7021	N836RF	COL3
7027	N836RM	RV6
702C	N836RS	RV6
702F	N836RV	RV6
7036	N836SB	AS50
703E	N836SK	CRJ9
7042	N836SP	C172
7044	N836SR	SREY
7045	N836SS	RF6
704B	N836SY	B738
704F	N836TB	C82S
705B	N836TP	BE36
7067	N836UA	A319
7074	N836UP	B350
7077	N836US	MD88
7098	N836W	WACF
709B	N836WC	EC45
7100	N8360D	BE35
7102	N8360F	R22
7103	N8360G	P32R
7104	N8360H	J3
7106	N8360K	PA44
7108	N8360M	C150
7109	N8360N	BE35
710B	N8360Q	C185
710C	N8360R	R22
710F	N8360U	C150
7110	N8360V	PA44
7112	N8360X	C172
7113	N8360Y	P28A
7115	N83600	CH7A
7118	N83603	CH7A
7119	N83604	PA18
711A	N83605	CH7A
711B	N83606	CH7A
7120	N8361A	C170
7121	N8361B	C172
7123	N8361D	BE35
7128	N8361J	C150
7129	N8361K	S108
712A	N8361L	C172
712B	N8361M	R44
7132	N8361U	C172
7134	N8361W	P28A
7135	N8361X	R44
7137	N8361Z	C210
7138	N83610	CH7A
713B	N83613	PA18
713C	N83614	PA18
713D	N83615	P32R
713E	N83616	PA18
713F	N83617	CH7A
7140	N83618	CH7A
7141	N83619	CH7A
7144	N8362B	C172
714D	N8362L	R22
714F	N8362N	R44
7150	N8362P	PA18
7152	N8362R	P28A
7153	N8362S	R44
7155	N8362U	C172
7157	N8362W	P28A
7158	N8362X	C172
7159	N8362Y	PA34
715A	N8362Z	C210
715D	N83622	PA18
7161	N83626	PA18
7162	N83627	CH7A
7164	N83629	PA18
7168	N8363C	H269
716A	N8363E	P28A
716D	N8363H	P28A
716F	N8363K	G164
7171	N8363M	C182
7172	N8363N	R44
7173	N8363P	P28A
7175	N8363R	P28A
7176	N8363S	C182
7178	N8363U	C172
717A	N8363W	P28A
717D	N8363Z	P28A
717E	N83630	CH7A
7180	N83632	CH7A
7183	N83635	CH7A
7184	N83636	PA18
7186	N83638	CH7A
7187	N83639	CH7A
718A	N8364B	C172
718B	N8364C	P28A
718C	N8364D	BE35
718D	N8364E	M20P
718F	N8364G	P28A
7192	N8364K	S108
7194	N8364M	C150
7197	N8364Q	R22
7198	N8364R	P28A
719A	N8364T	C175
719C	N8364V	P28R
71A0	N8364Z	R44
71A3	N83642	PA18
71A5	N83644	CH7A
71A7	N83646	CH7A
71A8	N83647	CH7A
71AC	N8365A	C170
71AD	N8365B	C172
71B0	N8365E	R22
71B2	N8365G	C150
71B6	N8365L	C172
71B9	N8365P	PA24
71BA	N8365Q	R44
71BB	N8365R	P28A
71BE	N8365U	C172
71C0	N8365W	P28A
71C2	N8365Y	PA30
71C4	N83650	CH7A
71C5	N83651	CH7A
71C6	N83652	CH7A
71C7	N83653	CH7A
71C9	N83655	CH7A
71CA	N83656	CH7A
71CF	N8366A	C170
71D1	N8366C	T206
71D2	N8366D	BE35
71D4	N8366F	H500
71D5	N8366G	C150
71D7	N8366J	C150
71D9	N8366L	C172
71DA	N8366M	C150
71DB	N8366N	P28A
71DC	N8366P	PA24
71DD	N8366Q	T206
71DE	N8366R	P28A
71E0	N8366T	C175
71E1	N8366U	C172
71E4	N8366X	C172
71E5	N8366Y	PA30
71E6	N8366Z	P28A
71EC	N83665	PA18
71ED	N83666	R22
71EE	N83667	CH7A
71EF	N83668	CH7A
71F0	N83669	PA18
71F2	N8367A	C170
71F3	N8367B	C172
71F4	N8367C	PA32
71F5	N8367D	BE35
71F6	N8367E	C182
71F8	N8367G	C150
71F9	N8367H	L5
71FC	N8367L	C172
71FD	N8367M	C150
71FE	N8367N	BE35
71FF	N8367P	PA24
7200	N8367Q	C185
7201	N8367R	P28A
7202	N8367S	P28A
7203	N8367T	P28A
7204	N8367U	C172
7206	N8367W	P28A
7207	N8367X	C172
7209	N8367Z	C210
720A	N83670	P28A
720C	N83672	PA18
720D	N83673	CH7A
720F	N83675	PA18
7211	N83677	CH7A
7213	N83679	PA18
7215	N8368A	C170
7217	N8368C	P32R
721B	N8368G	C150
721C	N8368H	P28R
721D	N8368J	C150
721E	N8368K	S108
721F	N8368L	C172
7221	N8368N	BE33
7222	N8368P	PA24
7223	N8368Q	T206
7224	N8368R	P28A
7225	N8368S	C182
7226	N8368T	C175
7228	N8368V	CH7B
7229	N8368W	P28A
722A	N8368X	C172
722B	N8368Y	PA30
722E	N83681	PA18
722F	N83682	P28R
7230	N83683	CH7A
7232	N83685	P28R
7233	N83686	CH7A
7234	N83687	CH7A
7235	N83688	CH7A
7237	N8369	WACO
7239	N8369B	C172
723B	N8369D	BE35
723D	N8369F	R44
7240	N8369J	C150
7242	N8369L	C172
7245	N8369P	PA24
7247	N8369R	P28A
724A	N8369U	C172
724C	N8369W	P28A
724D	N8369X	P28A
724F	N8369Z	P28A
7250	N83690	CH7A
7256	N83696	CH7A
7260	N837AE	E135
7267	N837AM	B39M
7268	N837AN	B789
7270	N837AW	A319
7274	N837B	L8
7275	N837BA	A5
728D	N837C	S108
729B	N837CP	C172
729E	N837CS	EC35
72AA	N837DD	C172
72B3	N837DN	B739
72B7	N837DS	DA40
72BB	N837DW	RV8
72C5	N837EF	SR20
72C6	N837EG	BE36
72D5	N837EX	DH8A
72DC	N837FD	B77L
72DE	N837FF	H25B
72F1	N837G	FW90
72F2	N837GA	C182
72F4	N837GC	EC30
730C	N837HB	PA23
732C	N837JJ	KR2
7334	N837JS	C56X
7335	N837JT	SREY
734D	N837KS	C172
734E	N837KT	BE23
7376	N837MH	B764
7379	N837ML	BT36
737A	N837MM	SR22
7380	N837MT	TB30
738B	N837ND	P28A
7394	N837NN	B738
73A0	N837P	P28A
73A6	N837PF	C525
73A7	N837PG	PA30
73AE	N837PP	RV7
73CA	N837QS	C700
73D2	N837R	BE35
73D7	N837RE	HA4T
73DB	N837RJ	BE60
73F5	N837SK	CRJ9
73F9	N837SP	C172
73FB	N837SR	SREY
73FC	N837SS	RF6
7402	N837SY	B738
7405	N837TA	ASTO
740D	N837TJ	PC24
741E	N837UA	A319
742E	N837US	MD88
7436	N837V	WACO
7437	N837VA	A320
7447	N837VS	SREY
749B	N837ZA	L39
74A8	N837ZP	GLF5
74B4	N8370A	P32T
74B5	N8370B	C172
74B6	N8370C	P28A
74B7	N8370D	BE35
74BA	N8370G	C150
74BB	N8370H	J3
74BC	N8370J	C150
74BF	N8370M	C150
74C0	N8370N	BE33
74C1	N8370P	PA24
74C2	N8370Q	T206
74C3	N8370R	P28A
74C4	N8370S	C182
74C5	N8370T	C175
74C6	N8370U	C172
74C8	N8370W	P28A
74CA	N8370Y	P32R
74CF	N83703	CH7A
74D6	N8371	SONX
74D8	N8371B	PA34
74D9	N8371C	R22
74DC	N8371F	H500
74E1	N8371L	C172
74E2	N8371M	C150
74E3	N8371N	BE35
74E7	N8371S	C182
74EA	N8371V	CH7B
74EB	N8371W	P28A
74ED	N8371Y	PA30
74EF	N83710	CH7A
74F0	N83711	CH7A
74F1	N83712	SRAI
74F4	N83715	CH7A
74F5	N83716	CH7A
74F8	N83719	CH7A
74FA	N8372A	C172
74FC	N8372C	P28A
74FD	N8372D	BE35
74FF	N8372F	H500
7500	N8372G	R22
7501	N8372H	R44
7502	N8372J	C150
7503	N8372K	R44
7504	N8372L	C172
7505	N8372M	C182
7509	N8372R	R22
750C	N8372U	PA34
750D	N8372V	CH7A
750F	N8372X	C172
7512	N83720	CH7A
7517	N83725	CH7A
751B	N83729	CH7A
751D	N8373A	C170
751E	N8373B	C172
751F	N8373C	P28A
7520	N8373D	P28A
7521	N8373E	M20P
7522	N8373F	H500
7523	N8373G	C150
7526	N8373K	R22
7527	N8373L	C172
7528	N8373M	C150
7529	N8373N	BE55
752A	N8373P	PA24
752B	N8373Q	C185
752D	N8373S	C182
752F	N8373U	C172
7530	N8373V	CH7B
7531	N8373W	P28A
7532	N8373X	C172
7533	N8373Y	P28A
7537	N83732	CH7A
7538	N83733	CH7A
753A	N83735	CH7A
753E	N83739	CH7A
7540	N8374A	C170
7541	N8374B	C172
7543	N8374D	BE35
7549	N8374K	S108
754A	N8374L	C172
754D	N8374P	PA32
754E	N8374Q	T206
7551	N8374T	PA32
7554	N8374W	P28A
7559	N83741	P28B
755E	N83746	CH7A
7560	N83748	CH7A
7564	N8375B	C172
7565	N8375C	P32R
756B	N8375J	C150
756F	N8375N	PA34
7570	N8375P	PA24
7571	N8375Q	C185
7572	N8375R	P28A
7573	N8375S	C182
7574	N8375T	C172
7576	N8375V	CH7A
7577	N8375W	P28A
7578	N8375X	C172
7579	N8375Y	PA30
757B	N83750	PA44
757C	N83751	CH7A
7581	N83756	CH7A
7582	N83757	CH7A
7583	N83758	CH7A
7586	N8376A	PA44
7587	N8376B	C172
758C	N8376G	C337
758F	N8376K	G164
7591	N8376M	C150
7593	N8376P	PA18
7594	N8376Q	P28B
7595	N8376R	P28A
7596	N8376S	C182
7599	N8376V	CH7A
759A	N8376W	P28A
759B	N8376X	C172
759C	N8376Y	PA30
759E	N83760	CH7A
75A0	N83762	P28R
75A1	N83763	PA32
75A2	N83764	PA32
75AA	N8377B	C172
75AF	N8377G	P32R
75B0	N8377H	C172
75B2	N8377K	S108
75B3	N8377L	PA44
75B4	N8377M	C150
75B5	N8377N	BE33
75B6	N8377P	PA24
75B7	N8377Q	C185
75B8	N8377R	P28A
75B9	N8377S	PA34
75BC	N8377V	CH7A
75BD	N8377W	P28A
75C2	N83771	CH7A
75C4	N83773	CH7A
75C5	N83774	CH7A
75C6	N83775	P28A
75C9	N83778	DHC1
75CB	N8378	G164
75CC	N8378A	P28A
75CD	N8378B	P28R
75CE	N8378C	P28A
75D2	N8378G	C421
75D3	N8378H	P28A
75D6	N8378L	C172
75D7	N8378M	C150
75D8	N8378N	BE35
75D9	N8378P	PA24
75DA	N8378Q	T206
75DB	N8378R	P28A
75DC	N8378S	C182
75DE	N8378U	C150
75DF	N8378V	CH7A
75E2	N8378Y	PA30
75E3	N8378Z	C210
75E4	N83780	CH7A
75E6	N83782	CORS
75EC	N83788	CAMP
75EE	N8379	G164
75EF	N8379A	C170
75F7	N8379J	C150
75F9	N8379L	C172
75FD	N8379Q	C185
75FE	N8379R	UH1
75FF	N8379S	C182
7603	N8379W	P28A
7605	N8379Y	PA30
7606	N8379Z	R22
7607	N83790	CH7A
7608	N83791	CH7A
7609	N83792	CH7A
760E	N83797	CH7A
7611	N838	BE17
7612	N838A	J3
7613	N838AA	B789
7617	N838AE	E135
7618	N838AF	SW4
7619	N838AG	BE35
761C	N838AK	B38M
761E	N838AM	B39M
7627	N838AW	A319
762C	N838BA	A5
762D	N838BB	H25B
762E	N838BC	BL8
7639	N838BP	R44
7644	N838C	C56X
7647	N838CC	G280
7648	N838CD	SR22
764B	N838CG	M20P
7652	N838CP	CH70
7655	N838CS	EC35
765D	N838D	DC7
7660	N838DC	RV6
7665	N838DH	P28A
766A	N838DN	B739
766D	N838DR	FOX
7678	N838EB	BE36
767C	N838EF	SR20
7686	N838ER	C172
768C	N838EX	DH8A
769A	N838FL	FA50
76A8	N838G	SR22
76AC	N838GD	C25B
76AF	N838GG	R66
76B2	N838GK	TBM7
76B9	N838GS	RV8
76BC	N838GV	C208
76C8	N838HG	M20P
76CB	N838HK	E145
76CF	N838HP	C150
76E6	N838JM	CL35
76EB	N838JS	C56X
76EF	N838JW	PA18
76F5	N838KB	H60
76F8	N838KE	GLF5
7701	N838KP	PP3
7704	N838KS	C172
7708	N838KW	MT
7715	N838LJ	CL60
7717	N838LL	B47G
7726	N838MA	P28A
7727	N838MB	GLAS
772B	N838MF	GLF6
772D	N838MH	B764
7731	N838MM	C82T
7733	N838MP	C172
773E	N838N	TL20
774B	N838NN	B738
7757	N838P	P28A
7758	N838PA	AS50
775A	N838PC	PA44
775E	N838PG	C182
7768	N838PS	BE20
7770	N838Q	FDCT
7781	N838QS	C700
778A	N838RA	TBM7
7797	N838RP	RV12
77A2	N838S	PA18
77A3	N838SA	K100
77A4	N838SB	EA50
77AA	N838SH	R22
77AB	N838SJ	RV8
77AC	N838SK	CRJ9
77B0	N838SP	C172
77B1	N838SQ	CH70
77B3	N838SS	RF6
77B7	N838SW	GLEX
77B8	N838SX	SONX
77B9	N838SY	B738
77BB	N838T	BE95
77CC	N838TS	CC11
77D5	N838UA	A319
77E2	N838UP	B350
77E5	N838US	DV20
77EE	N838VA	A320
77F7	N838VK	COL4
7811	N838WL	C25B
7814	N838WP	SR22
7816	N838WR	CH70
7818	N838WT	RV7
781F	N838X	G2T1
782F	N838XR	TB30
786B	N8380A	C170
786C	N8380B	C172
786D	N8380C	P28A
7873	N8380J	RV9
7874	N8380K	G164
7875	N8380L	P28A
7878	N8380P	P28A
787D	N8380U	C172
787E	N8380V	CH7B
787F	N8380W	P28A
7883	N83800	CH7A
7885	N83802	CH7A
7888	N83805	CH7A
7889	N83806	CH7A
788B	N83808	P32R
788F	N8381B	C172
7890	N8381C	P28A
7891	N8381D	BE35
7896	N8381J	C150
7897	N8381K	S108
7898	N8381L	C172
789B	N8381P	PA24
789E	N8381S	C82T
789F	N8381T	C175
78A0	N8381U	C172
78A1	N8381V	PA32
78A4	N8381Y	PA30
78A5	N8381Z	C210
78A8	N83812	CH7A
78A9	N83813	CH7A
78AA	N83814	P28A
78B0	N8382	L8
78B1	N8382A	P28A
78B2	N8382B	C172
78B3	N8382C	P28R
78B4	N8382D	BE35
78B5	N8382E	M20P
78B7	N8382G	C150
78B9	N8382J	C150
78BB	N8382L	C172
78BE	N8382P	PA24
78C1	N8382S	C182
78C2	N8382T	P28R
78C5	N8382W	P28A
78C8	N8382Z	P28B
78CB	N83822	CH7A
78CC	N83823	CH7A
78CD	N83824	CH7A
78D0	N83827	FB1A
78D4	N8383A	GLF6
78D5	N8383B	C172
78D7	N8383D	BE35
78DA	N8383G	C150
78DB	N8383H	P28A
78DD	N8383K	S108
78E0	N8383N	BE33
78E1	N8383P	PA24
78E2	N8383Q	C185
78E4	N8383S	P28R
78E5	N8383T	P28A
78E6	N8383U	C172
78E7	N8383V	P28A
78E8	N8383W	P28A
78E9	N8383X	P28A
78EA	N8383Y	PA30
78EB	N8383Z	P28A
78ED	N83831	P28A
78EF	N83833	P28A
78F1	N83835	CH7A
78F3	N83837	CH7A
78F4	N83838	CH7A
78F9	N8384C	P32R
78FB	N8384E	P28A
78FD	N8384G	C150
78FE	N8384H	P28A
78FF	N8384J	C150
7901	N8384L	P32R
7902	N8384M	C150
7904	N8384P	PA24
7907	N8384S	P28B
790B	N8384W	P28A
790C	N8384X	C172
790D	N8384Y	P28B
7911	N83842	CH7A
7914	N83845	J4
7918	N83849	CH7A
791B	N8385B	C172
791C	N8385C	PA34
791E	N8385E	TB30
7922	N8385J	C150
7923	N8385K	S108
7924	N8385L	C172
7926	N8385N	BE33
7928	N8385Q	PA32
792A	N8385S	PA32
792C	N8385U	C172
792E	N8385W	P28A
7930	N8385Y	PA30
7931	N8385Z	C210
7936	N83854	CH7A
7938	N83856	CH7A
793C	N8386	G164
793D	N8386A	C170
793E	N8386B	P32R
793F	N8386C	P28A
7943	N8386G	C150
7944	N8386H	P32R
7945	N8386J	C150
7946	N8386K	G164
7947	N8386L	C172
7948	N8386M	T206
794B	N8386Q	T206
794C	N8386R	P28A
794D	N8386S	C182
7950	N8386V	CH7B
7952	N8386X	C172
7956	N83861	CH7A
7957	N83862	CH7A
795B	N83866	CH7A
795E	N83869	CAMP
7962	N8387C	P28A
7963	N8387D	P32R
7966	N8387G	C150
7968	N8387J	MOR2
796A	N8387L	C172
796C	N8387N	BE33
796F	N8387R	P28A
7972	N8387U	C172
7973	N8387V	CH7A
7974	N8387W	P28A
7976	N8387Y	PA30
7979	N83871	CH7A
797F	N83877	CH7A
7981	N83879	CH7A
7982	N8388	G164
7983	N8388A	C170
7984	N8388B	C172
7988	N8388F	H500
7989	N8388G	SR22
798C	N8388K	G164
798E	N8388M	C182
7992	N8388R	P28A
7993	N8388S	C182
7994	N8388T	SR22
7995	N8388U	C172
7996	N8388V	CH7A
7997	N8388W	P28A
7999	N8388Y	P28A
799B	N83880	CH7A
799C	N83881	CH7A
799E	N83883	CH7A
79A1	N83886	CH7A
79A6	N8389A	P28A
79AA	N8389E	M20P
79AD	N8389H	BE18
79B0	N8389L	C172
79B1	N8389M	C150
79B2	N8389N	BE35
79B6	N8389S	C182
79B7	N8389T	C175
79B9	N8389V	CH7A
79BF	N83891	CH7A
79C2	N83894	PA32
79C4	N83896	PA44
79C7	N83899	CH7A
79C9	N839A	PP3
79CA	N839AA	B789
79CB	N839AB	RV8
79CC	N839AC	RJ85
79CE	N839AE	E135
79D0	N839AG	A332
79D3	N839AK	B38M
79D4	N839AL	P28A
79D9	N839AR	P28R
79DE	N839AW	A319
79E0	N839AY	CRJ2
79E3	N839BA	B737
79FB	N839C	S108
79FC	N839CA	DH8C
7A09	N839CP	C172
7A0C	N839CS	EC35
7A0D	N839CT	SR22
7A13	N839CZ	GLID
7A20	N839DM	C25B
7A21	N839DN	B739
7A2E	N839EA	TB30
7A33	N839EF	SR20
7A3D	N839ER	C172
7A43	N839EX	DH8A
7A5B	N839FW	CH70
7A78	N839H	H269
7A7E	N839HF	P210
7A82	N839HK	E145
7A94	N839JC	P28R
7A9C	N839JL	HUSK
7A9D	N839JM	CL35
7AA2	N839JS	C56X
7AAA	N839K	G2T1
7AB0	N839KF	UH1
7ABB	N839KS	C172
7ABC	N839KT	BE23
7ADD	N839MA	C208
7AE2	N839MF	UH1
7AE4	N839MH	B764
7AF5	N839N	E55P
7AFB	N839NF	UH1
7B02	N839NN	B738
7B14	N839PF	UH1
7B17	N839PJ	L39
7B2D	N839QF	UH1
7B38	N839QS	C700
7B44	N839RD	PA34
7B49	N839RJ	FOX
7B4C	N839RM	R44
7B51	N839RS	L39
7B54	N839RV	RV9
7B59	N839S	RV6
7B5A	N839SA	T206
7B63	N839SK	CRJ9
7B67	N839SP	C172
7B69	N839SR	SR22
7B70	N839SY	B738
7B8C	N839UA	A319
7B91	N839UF	UH1
7BA5	N839VA	A320
7BAA	N839VF	UH1
7BD3	N839WX	SR22
7C21	N8390	RV8
7C22	N8390A	CRJ2
7C24	N8390C	P28A
7C25	N8390D	BE35
7C2A	N8390J	PA32
7C2B	N8390K	PA44
7C2C	N8390L	C172
7C2D	N8390M	C150
7C2F	N8390P	PA24
7C33	N8390T	C175
7C35	N8390V	CH7A
7C36	N8390W	P28A
7C37	N8390X	C172
7C39	N8390Z	C210
7C43	N83909	CH7A
7C48	N8391D	BE35
7C4B	N8391G	C150
7C4D	N8391J	C150
7C4E	N8391K	S108
7C50	N8391M	GLST
7C51	N8391N	BE55
7C52	N8391P	PA24
7C53	N8391Q	P28A
7C54	N8391R	P28A
7C55	N8391S	P28A
7C56	N8391T	C175
7C58	N8391V	CH7B
7C59	N8391W	P28A
7C5A	N8391X	C172
7C5B	N8391Y	P28A
7C5C	N8391Z	C210
7C5E	N83911	CH7A
7C61	N83914	P28A
7C63	N83916	CH7A
7C65	N83918	CH7A
7C66	N83919	CH7A
7C69	N8392B	C172
7C6B	N8392D	BE35
7C6E	N8392G	C150
7C70	N8392J	C150
7C74	N8392N	BE35
7C75	N8392P	PA24
7C78	N8392S	C182
7C79	N8392T	P28R
7C7A	N8392U	C172
7C7B	N8392V	P28R
7C7E	N8392Y	PA30
7C82	N83922	PA32
7C84	N83924	P32R
7C85	N83925	CH7A
7C87	N83927	CH7A
7C89	N83929	CH7A
7C8B	N8393A	P32R
7C8D	N8393C	P28A
7C8E	N8393D	BE35
7C91	N8393G	P32R
7C95	N8393L	C172
7C96	N8393M	C150
7C97	N8393N	BE35
7C98	N8393P	PA24
7C9A	N8393R	P28A
7C9B	N8393S	C182
7C9D	N8393U	C150
7CA0	N8393X	P32R
7CA1	N8393Y	PA34
7CA2	N8393Z	C210
7CA5	N83932	PA34
7CA8	N83935	CH7A
7CA9	N83936	CH7A
7CAA	N83937	CH7A
7CAC	N83939	CH7A
7CAE	N8394A	PA34
7CB0	N8394C	P28A
7CB1	N8394D	P28A
7CBB	N8394P	PA24
7CBF	N8394T	C175
7CC2	N8394W	P28A
7CC3	N8394X	C172
7CC4	N8394Y	P28A
7CC5	N8394Z	C210
7CC7	N83941	CH7A
7CC8	N83942	CH7A
7CCA	N83944	CH7A
7CCB	N83945	CH7A
7CCD	N83947	P28A
7CCE	N83948	CH7A
7CD1	N8395A	P28A
7CD2	N8395B	C172
7CD3	N8395C	P28A
7CD4	N8395D	BE35
7CD7	N8395G	C150
7CD8	N8395H	P28A
7CDC	N8395M	C150
7CDD	N8395N	BE35
7CDF	N8395Q	C185
7CE0	N8395R	P28A
7CE4	N8395V	CH7A
7CE6	N8395X	C172
7CE7	N8395Y	P28R
7CEB	N83952	CH7A
7CEF	N83956	P28R
7CF0	N83957	CH7A
7CF1	N83958	CH7A
7CF2	N83959	CH7A
7CF3	N8396	GLIM
7CF8	N8396E	M20P
7CFA	N8396G	C150
7CFC	N8396J	P32R
7CFE	N8396L	P28A
7CFF	N8396M	C150
7D00	N8396N	BE56
7D03	N8396R	P28A
7D04	N8396S	C182
7D09	N8396X	C172
7D0A	N8396Y	PA30
7D0B	N8396Z	P28A
7D0C	N83960	P28A
7D0F	N83963	CH7A
7D10	N83964	CH7A
7D13	N83967	CH7A
7D15	N83969	CH7A
7D16	N8397	CRBN
7D18	N8397B	C172
7D19	N8397C	P28R
7D1A	N8397D	BE35
7D1B	N8397E	M20P
7D1E	N8397H	TBM
7D1F	N8397J	C150
7D21	N8397L	P28A
7D25	N8397Q	T206
7D26	N8397R	P28A
7D28	N8397T	C175
7D2B	N8397W	P28A
7D2C	N8397X	C172
7D2E	N8397Z	C210
7D2F	N83970	CH7A
7D30	N83971	CH7A
7D33	N83974	P28A
7D35	N83976	CH7A
7D36	N83977	CH7A
7D3A	N8398A	R22
7D3B	N8398B	C172
7D41	N8398H	P28R
7D42	N8398J	PA32
7D44	N8398L	C172
7D45	N8398M	C150
7D47	N8398P	PA24
7D49	N8398R	P28A
7D4A	N8398S	C182
7D4C	N8398U	C172
7D4D	N8398V	CH7A
7D4E	N8398W	P28A
7D4F	N8398X	C172
7D53	N83981	CH7A
7D54	N83982	CH7A
7D56	N83984	CH7A
7D59	N83987	CH7A
7D5B	N83989	CH7A
7D5D	N8399A	PA34
7D5E	N8399B	C172
7D67	N8399L	C172
7D72	N8399X	C172
7D73	N8399Y	PA30
7D77	N83992	CH7A
7D78	N83993	P28A
7D79	N83994	CH7A
7D7A	N83995	CH7A
7D7B	N83996	CH7A
7D7C	N83997	CH7A
7D7F	N84	BE30
7D80	N84A	WAIX
7D82	N84AB	M20P
7D83	N84AC	CH7B
7D84	N84AD	S22T
7D87	N84AG	GLAS
7D88	N84AH	AR6T
7D89	N84AJ	PA18
7D8A	N84AK	BE36
7D8E	N84AP	SA30
7D92	N84AT	C72R
7D93	N84AU	P32T
7D94	N84AV	TB20
7D95	N84AW	E35L
7D99	N84B	BE36
7D9A	N84BA	C25A
7D9B	N84BB	BE35
7D9C	N84BC	C140
7D9D	N84BD	C208
7D9E	N84BE	BE36
7D9F	N84BF	BE36
7DA1	N84BH	BE35
7DA2	N84BJ	GLID
7DA3	N84BK	MIMU
7DA4	N84BL	B407
7DA5	N84BM	RV4
7DA9	N84BR	RV14
7DAB	N84BT	BT36
7DAE	N84BW	EAGL
7DB0	N84BY	GLID
7DB1	N84BZ	LEG2
7DB2	N84C	P337
7DB3	N84CA	BE20
7DB4	N84CB	SA30
7DB5	N84CC	C172
7DB6	N84CD	TAIL
7DB7	N84CE	CC11
7DB8	N84CF	PA31
7DB9	N84CG	C340
7DBC	N84CK	B06
7DBD	N84CL	QUIC
7DBE	N84CM	EA50
7DBF	N84CN	SF50
7DC7	N84CW	G280
7DCB	N84D	BE35
7DCC	N84DA	C414
7DCE	N84DC	BE58
7DD1	N84DF	GLIM
7DD3	N84DH	EN28
7DD4	N84DJ	RV8
7DD5	N84DK	LGEZ
7DD6	N84DL	C172
7DD7	N84DM	C182
7DD9	N84DP	RV6
7DDB	N84DR	EPIC
7DE0	N84DW	AA5
7DE2	N84DY	LGEZ
7DE4	N84E	P337
7DE6	N84EB	PA32
7DE7	N84EC	C550
7DE8	N84ED	C82S
7DE9	N84EE	HIGH
7DF4	N84ER	M20P
7DF5	N84ES	RV8
7DF8	N84EV	EVOT
7DFF	N84FB	BE35
7E00	N84FC	AT3T
7E01	N84FD	RV8
7E02	N84FE	GLIM
7E03	N84FF	C182
7E04	N84FG	C25C
7E08	N84FL	BE36
7E0A	N84FN	LJ35
7E0E	N84FS	FOX
7E16	N84G	U21
7E17	N84GA	LNP4
7E18	N84GB	VEZE
7E19	N84GC	C550
7E1D	N84GG	GLAS
7E1E	N84GH	PC12
7E21	N84GL	E545
7E22	N84GM	RV9
7E23	N84GN	RV8
7E24	N84GP	GLF5
7E26	N84GR	C340
7E27	N84GS	AA5
7E28	N84GT	TB20
7E29	N84GU	AC90
7E2C	N84GX	GX
7E2F	N84H	RV8
7E30	N84HA	C421
7E31	N84HB	PTS1
7E32	N84HC	C340
7E33	N84HD	F900
7E3F	N84HR	GLID
7E40	N84HS	TBM7
7E41	N84HT	LJ60
7E44	N84HW	GLAS
7E45	N84HX	RV8
7E46	N84HY	HUSK
7E48	N84J	C172
7E49	N84JA	RV8
7E4A	N84JB	C340
7E4B	N84JC	CRUZ
7E4C	N84JD	BL8
7E4D	N84JE	RV8
7E4E	N84JF	RV12
7E50	N84JH	C650
7E52	N84JK	RV8
7E53	N84JL	BE9T
7E55	N84JN	BE36
7E56	N84JP	PA24
7E59	N84JS	PA30
7E61	N84K	BE35
7E62	N84KA	P32R
7E63	N84KB	DC3
7E66	N84KE	PC24
7E67	N84KF	FOX
7E6A	N84KJ	VELO
7E6B	N84KK	T33
7E6C	N84KL	P32R
7E72	N84KS	G109
7E73	N84KT	RV8
7E76	N84KW	T34P
7E78	N84KY	RV4
7E7A	N84L	CH7A
7E7B	N84LA	P32R
7E7C	N84LB	BE55
7E7D	N84LC	P337
7E7F	N84LE	BE30
7E80	N84LF	B350
7E81	N84LG	C550
7E84	N84LK	ST75
7E85	N84LL	LGEZ
7E86	N84LM	C182
7E88	N84LP	RV6
7E8B	N84LS	C182
7E8C	N84LT	DA62
7E92	N84LZ	LGEZ
7E93	N84M	VELO
7E94	N84MA	RV7
7E96	N84MC	T210
7E97	N84MD	BE33
7E98	N84ME	RV8
7E99	N84MF	HROC
7E9A	N84MG	RV10
7E9D	N84MK	C152
7E9F	N84MM	SA30
7EA1	N84MP	QUIC
7EA3	N84MR	SR20
7EA4	N84MS	PA12
7EA8	N84MW	E550
7EAA	N84MY	RV12
7EAC	N84N	RV6
7EB0	N84ND	P210
7EB1	N84NE	BE9L
7EB3	N84NG	C650
7EC7	N84PB	P28A
7EC8	N84PC	BE20
7EC9	N84PD	SR22
7ECA	N84PE	BE58
7ECB	N84PF	LA4
7ECC	N84PG	G164
7ECD	N84PH	F900
7ECE	N84PJ	F2TH
7ED0	N84PL	LNC4
7ED5	N84PR	C414
7EDA	N84PW	SR22
7EF7	N84R	BE36
7EF8	N84RA	QIC2
7EF9	N84RB	S22T
7EFD	N84RF	GLIM
7F01	N84RK	TAIL
7F02	N84RL	BD4
7F03	N84RM	RV4
7F05	N84RP	RV6
7F09	N84RT	C421
7F0B	N84RV	PA15
7F0C	N84RW	LGEZ
7F11	N84SA	RV8
7F12	N84SB	CC11
7F14	N84SD	FOX
7F15	N84SE	SRAI
7F16	N84SF	GLST
7F17	N84SG	GLID
7F19	N84SJ	T210
7F1A	N84SK	GLAS
7F1B	N84SL	BE36
7F1C	N84SM	AEST
7F1E	N84SP	GLIM
7F20	N84SR	BE33
7F21	N84SS	P32R
7F24	N84SV	F2TH
7F29	N84T	GLIM
7F2A	N84TA	BE95
7F2B	N84TB	T33
7F2C	N84TC	RV4
7F2D	N84TD	PA30
7F2E	N84TE	K100
7F2F	N84TF	TTWO
7F30	N84TG	RV8
7F31	N84TH	RV8
7F32	N84TJ	FA10
7F33	N84TK	RV6
7F35	N84TM	C185
7F3B	N84TT	BE35
7F3E	N84TW	SRAI
7F3F	N84TX	RV8
7F45	N84UC	EC45
7F4F	N84UN	RV8
7F50	N84UP	H25B
7F52	N84UR	EA50
7F53	N84US	C180
7F5B	N84V	LEG2
7F5C	N84VA	PRM1
7F5E	N84VC	RV7
7F63	N84VH	RV7
7F64	N84VJ	SF50
7F65	N84VK	PA24
7F6C	N84VS	PC24
7F6F	N84VV	DV20
7F75	N84WA	C82S
7F76	N84WB	SR20
7F77	N84WC	C25B
7F78	N84WD	LGEZ
7F79	N84WE	C82S
7F7A	N84WF	RV8
7F7B	N84WG	SONX
7F7C	N84WH	BE35
7F7D	N84WJ	RV8
7F7E	N84WK	RV7
7F7F	N84WL	H60
7F80	N84WM	HUSK
7F82	N84WP	P28B
7F86	N84WT	PA32
7F8B	N84WY	HUSK
7F9B	N84XP	BE20
7FB0	N84YK	YK52
7FBF	N84Z	BE95
7FD8	N840	YALE
7FDA	N840AA	C560
7FDB	N840AB	DA40
7FDC	N840AC	LJ45
7FDE	N840AE	E135
7FE3	N840AK	AC90
7FE5	N840AM	AC90
7FE6	N840AN	B789
7FEE	N840AW	A319
7FF0	N840AY	CRJ2
7FF3	N840BA	A5
7FF6	N840BD	AC90
7FFE	N840BM	C650
800B	N840C	GLIM
800C	N840CA	B350
800D	N840CB	E545
800F	N840CD	SR20
8011	N840CF	AC90
8019	N840CP	BE20
801C	N840CS	R44
801D	N840CT	C560
8020	N840CW	P28R
8024	N840D	PA46
8031	N840DN	B739
8032	N840DP	FA20
8034	N840DR	AC90
8039	N840DW	C82S
8043	N840EF	SR20
804D	N840ER	GLF4
805A	N840FD	B77L
806F	N840G	AC90
8077	N840GH	AC90
8088	N840H	PA23
80A2	N840JA	C208
80A3	N840JB	BE60
80AD	N840JM	LJ45
80B2	N840JS	C56X
80B6	N840JW	AC90
80BC	N840KB	AC90
80CB	N840KS	C172
80D5	N840LB	B412
80E1	N840LP	C82T
80EC	N840M	AC90
80ED	N840MA	C208
80EF	N840MC	C172
80F4	N840MH	B764
80FB	N840MQ	F5
8112	N840NN	B738
811E	N840P	BE35
811F	N840PA	C172
812A	N840PM	C25A
812B	N840PN	AC90
812F	N840PS	AC90
8152	N840RB	AC90
8164	N840RV	RV8
8169	N840S	BE65
816D	N840SD	B06
816E	N840SE	AC90
8171	N840SH	RV12
8173	N840SK	CRJ9
8179	N840SR	SREY
817C	N840SU	C172
817E	N840SW	LJ31
8180	N840SY	B738
8197	N840TW	AC90
8198	N840TX	H25B
819C	N840UA	A319
81B5	N840VA	A320
81CE	N840WA	BL8
81D0	N840WC	SR20
81D9	N840WM	PA32
8233	N8400B	C150
823A	N8400J	C150
823B	N8400K	G164
823C	N8400L	C172
823D	N8400M	C150
823E	N8400N	BE35
823F	N8400P	PA24
8240	N8400Q	C185
8242	N8400S	P28A
8247	N8400X	C172
824B	N84001	P28A
824C	N84002	CH7A
824D	N84003	CH7A
824E	N84004	CH7A
8250	N84006	CH7A
8251	N84007	P28A
8252	N84008	P28R
8253	N84009	C172
8255	N8401A	C421
8256	N8401B	P32R
8258	N8401D	P32R
825A	N8401F	P28A
825F	N8401L	C172
8260	N8401M	PA34
8261	N8401N	BE33
8262	N8401P	PA24
8263	N8401Q	C185
8264	N8401R	P28A
8265	N8401S	LA25
8266	N8401T	P28A
8267	N8401U	C172
8268	N8401V	A9
826A	N8401X	C172
826F	N84012	CH7A
8271	N84014	P28A
8272	N84015	P28A
8273	N84016	CH7A
8275	N84018	CH7A
8276	N84019	C172
8277	N8402	RV14
8279	N8402B	P28B
827A	N8402C	P28A
827D	N8402F	SR22
8281	N8402K	G164
8282	N8402L	C172
8284	N8402N	BE35
8286	N8402Q	SR22
8287	N8402R	P28A
8288	N8402S	PA32
8289	N8402T	C182
828A	N8402U	C172
828C	N8402W	P28A
828D	N8402X	C172
8290	N84020	CH7A
8291	N84021	CH7A
8293	N84023	P32R
8294	N84024	C172
8295	N84025	CH7A
8296	N84026	C172
8299	N84029	CH7A
829B	N8403A	BE35
829C	N8403B	P32R
829E	N8403D	P32R
829F	N8403E	B47G
82A3	N8403J	PA34
82A5	N8403L	R22
82A8	N8403P	PA24
82A9	N8403Q	C185
82AA	N8403R	P28A
82AC	N8403T	C182
82AD	N8403U	C172
82AE	N8403V	A9
82B1	N8403Y	PA30
82B3	N84030	CH7A
82B4	N84031	CH7A
82B5	N84032	CH7A
82B6	N84033	CH7A
82B8	N84035	CH7A
82BE	N8404A	BE35
82C0	N8404C	P28R
82C6	N8404J	C150
82C7	N8404K	S108
82C9	N8404M	C150
82CA	N8404N	BE35
82CB	N8404P	PA24
82CF	N8404T	C182
82D0	N8404U	C172
82D3	N8404X	C172
82D5	N8404Z	C210
82DC	N84046	CH7A
82DE	N84048	C172
82DF	N84049	CH7A
82E1	N8405A	BE35
82E2	N8405B	P28A
82EA	N8405K	G164
82EC	N8405M	P28A
82ED	N8405N	BE35
82EE	N8405P	PA24
82EF	N8405Q	T206
82F0	N8405R	P28A
82F1	N8405S	P28A
82F2	N8405T	C182
82F5	N8405W	P28A
82F7	N8405Y	PA30
82F9	N84050	C172
82FC	N84053	CH7A
82FD	N84054	P28A
82FE	N84055	CH7A
82FF	N84056	CH7A
8302	N84059	CH7A
8304	N8406A	P28A
830B	N8406H	P28A
830E	N8406L	C172
8314	N8406S	C182
8315	N8406T	P28R
8316	N8406U	C172
8318	N8406W	P28A
831A	N8406Y	PA30
831B	N8406Z	C210
831E	N84062	C172
831F	N84063	C172
8321	N84065	CH7A
8323	N84067	CH7A
8324	N84068	C172
8325	N84069	CH7A
8326	N8407	TRIM
832A	N8407D	PA22
832C	N8407F	PA34
8331	N8407L	C172
8332	N8407M	C150
8334	N8407P	PA18
8336	N8407R	PA34
8337	N8407S	C182
8338	N8407T	C182
833A	N8407V	A9
833B	N8407W	LA25
833C	N8407X	C172
833D	N8407Y	PA30
833F	N84070	CH7A
8340	N84071	C172
8341	N84072	C172
8343	N84074	CH7A
8344	N84075	CH7A
8345	N84076	C172
834B	N8408B	P28A
834C	N8408C	P28A
834D	N8408D	PA22
834E	N8408E	P28A
8353	N8408K	S108
8354	N8408L	P28A
8357	N8408P	PA24
835B	N8408T	LA25
835C	N8408U	C172
8361	N8408Z	C210
8362	N84080	CH7A
8363	N84081	CH7A
8364	N84082	C172
8365	N84083	CH7A
8366	N84084	CH7A
8368	N84086	C172
836D	N8409A	P32R
836E	N8409B	LA25
8370	N8409D	PA22
8371	N8409E	B47G
8372	N8409F	C402
8373	N8409G	C150
8374	N8409H	P32R
8376	N8409K	S108
8377	N8409L	C172
8379	N8409N	CRJ2
837A	N8409P	PA24
837B	N8409Q	T206
837C	N8409R	P28A
837D	N8409S	C182
8381	N8409W	P28A
8382	N8409X	C172
8383	N8409Y	P32R
8386	N84091	CH7A
8387	N84092	C172
8388	N84093	C172
838B	N84096	CH7A
838C	N84097	C172
838E	N84099	C182
8390	N841A	PA22
8394	N841AD	PA32
839A	N841AK	R44
839C	N841AM	C25B
839D	N841AN	B789
83A2	N841AT	P32R
83A5	N841AW	M7
83A7	N841AY	CRJ2
83A9	N841B	C172
83AF	N841BF	AT8T
83B7	N841BP	AS50
83C2	N841C	SR22
83C4	N841CB	GLIM
83C6	N841CD	SR22
83C8	N841CF	A169
83CE	N841CM	P28A
83D0	N841CP	O1
83E7	N841DM	C82S
83E8	N841DN	B739
83E9	N841DP	C195
83EC	N841DS	DA40
83F0	N841DW	C56X
83F4	N841E	EUPA
83F8	N841ED	P28A
83FA	N841EF	SR20
840D	N841F	UH1
8411	N841FD	B77L
8412	N841FE	C208
8418	N841FL	CRJ2
8426	N841G	RV8
8428	N841GB	BE35
843F	N841H	G2T1
8449	N841HK	E145
844C	N841HN	PC12
8459	N841JA	C172
8463	N841JL	T210
8469	N841JS	C56X
846D	N841JW	C172
8471	N841K	EFOX
8472	N841KA	B350
8482	N841KS	C172
8488	N841KY	BE20
848A	N841L	BE95
848B	N841LA	AT5T
8490	N841LF	EC35
8496	N841LM	C206
849B	N841LS	RV8
84A3	N841M	UH1
84A4	N841MA	C208
84A5	N841MB	GA8
84AB	N841MH	B764
84AE	N841ML	J3
84B4	N841MS	C650
84BC	N841N	CL60
84C0	N841ND	P28A
84C2	N841NF	AT8T
84C4	N841NH	BPAT
84C9	N841NN	B738
84D5	N841P	GLST
84D6	N841PA	AS50
84E1	N841PM	WAIX
84E6	N841PS	PA24
84FF	N841QS	C700
8516	N841RQ	T206
8518	N841RS	DO28
851B	N841RV	RV6
852E	N841SP	C172
8530	N841SR	SR22
8532	N841ST	PA46
8537	N841SY	B738
8539	N841T	SR20
853C	N841TC	H25B
853F	N841TF	LJ35
854B	N841TT	CL30
854E	N841TW	BE36
8553	N841UA	A319
8560	N841UP	B350
856C	N841VA	A320
8586	N841WB	P32R
859D	N841X	WAIX
85AB	N841XP	PISI
85C8	N841YT	B06
85E0	N841ZS	BE33
85EB	N8410C	P28A
85ED	N8410E	C172
85F1	N8410J	C150
85F2	N8410K	S108
85F3	N8410L	C172
85F4	N8410M	C150
85F5	N8410N	BE33
85F6	N8410P	PA34
85F9	N8410S	P28A
85FA	N8410T	C182
85FB	N8410U	C172
85FD	N8410W	P28A
85FE	N8410X	C172
8600	N8410Z	C210
8601	N84100	CH7A
8605	N84104	C172
8606	N84105	C172
8609	N84108	C172
860A	N84109	P28A
860D	N8411B	P28A
860E	N8411C	P28A
860F	N8411D	PA22
8615	N8411K	S108
861B	N8411R	P28A
861D	N8411T	C182
861E	N8411U	C172
8621	N8411X	C172
8623	N8411Z	C210
8627	N84113	CH7A
8628	N84114	C172
862A	N84116	CH7A
862B	N84117	C172
8630	N8412B	P28R
8631	N8412C	P28A
8635	N8412G	C150
8637	N8412J	C150
8638	N8412K	G164
8639	N8412L	C172
863C	N8412P	PA32
863E	N8412R	P28A
863F	N8412S	C182
8640	N8412T	C182
8641	N8412U	C172
8644	N8412X	C172
8646	N8412Z	P32R
8647	N84120	CH7A
8648	N84121	CH7A
8649	N84122	C172
864A	N84123	CH7A
864B	N84124	CH7A
864C	N84125	C172
864D	N84126	CH7A
864E	N84127	CH7A
8650	N84129	C172
8654	N8413C	P28R
8655	N8413D	B47G
865C	N8413L	C172
865E	N8413N	PA34
8661	N8413R	P28A
8662	N8413S	C182
8663	N8413T	PA34
8666	N8413W	P28A
8667	N8413X	C172
8668	N8413Y	PA18
866A	N84130	C172
866F	N84135	L8
8673	N84139	CH7A
8677	N8414C	P28R
867A	N8414F	P28A
867B	N8414G	C150
867D	N8414J	C150
867F	N8414L	C172
8680	N8414M	P28A
8681	N8414N	P28A
8682	N8414P	PA24
8683	N8414Q	C185
8684	N8414R	P28A
8685	N8414S	C182
8686	N8414T	C182
8687	N8414U	C172
8688	N8414V	A9
8689	N8414W	P28A
868A	N8414X	C172
868B	N8414Y	P28A
868C	N8414Z	P28B
868D	N84140	C172
868E	N84141	C172
8691	N84144	CH7A
8693	N84146	C172
8694	N84147	C172
8696	N84149	CH7A
8697	N8415	C172
869D	N8415F	P32R
869F	N8415H	P32R
86A1	N8415K	S108
86A3	N8415M	C150
86A5	N8415P	LA25
86A7	N8415R	P28A
86AE	N8415Y	PA18
86B1	N84151	C172
86B3	N84153	C172
86B5	N84155	CH7A
86B7	N84157	CH7A
86B8	N84158	CH7A
86BB	N8416A	BE35
86BC	N8416B	CRJ2
86C1	N8416G	C150
86C3	N8416J	R22
86C4	N8416K	P32R
86C6	N8416M	C150
86CA	N8416R	P28A
86CB	N8416S	C182
86CC	N8416T	GLST
86CD	N8416U	C172
86CF	N8416W	P28A
86D0	N8416X	C172
86D1	N8416Y	PA30
86D2	N8416Z	C210
86D3	N84160	CH7A
86D5	N84162	C172
86D6	N84163	CH7A
86D7	N84164	CH7A
86D9	N84166	CH7A
86DA	N84167	CH7A
86DB	N84168	CH7A
86DC	N84169	C172
86E0	N8417C	P28A
86E5	N8417H	PA34
86E6	N8417J	MOR2
86EB	N8417P	PA24
86F0	N8417U	C172
86F4	N8417Y	PA18
86F6	N84170	C172
86F7	N84171	CH7A
86FB	N84175	P28A
86FC	N84176	P28A
86FD	N84177	CH7A
86FE	N84178	CH7A
8703	N8418C	P28A
8704	N8418D	PA22
8705	N8418E	P28B
8707	N8418G	C150
8708	N8418H	P28R
8710	N8418R	P28A
8711	N8418S	C182
8712	N8418T	C182
8715	N8418W	P28A
8717	N8418Y	PA30
8719	N84180	P28R
871A	N84181	CH7A
871C	N84183	C172
871D	N84184	CH7A
871F	N84186	C172
8724	N8419A	BE35
8726	N8419C	P28A
872B	N8419H	P28A
8730	N8419N	BE35
8733	N8419R	P28A
8735	N8419T	C182
873B	N8419Z	C210
873C	N84190	C172
873E	N84192	CH7A
873F	N84193	C172
8740	N84194	C172
8741	N84195	C172
8745	N84199	CH7A
8746	N842	DSA1
8747	N842A	C56X
8748	N842AA	B789
874A	N842AC	BL8
874C	N842AE	E135
8751	N842AK	B38M
8757	N842AR	DHC6
875C	N842AW	C700
8760	N842B	L8
8761	N842BA	B762
8762	N842BB	RV8
8765	N842BE	BT36
8768	N842BH	FOX
8769	N842BJ	P28A
876E	N842BP	AS50
8779	N842C	S108
877A	N842CA	TBM7
877C	N842CC	GLID
8781	N842CH	BL8
8785	N842CM	RV6
8787	N842CP	SR22
878A	N842CS	BL8
878B	N842CT	BE30
8794	N842DB	RV7
879C	N842DK	RV8
879E	N842DM	C82S
879F	N842DN	B739
87A0	N842DP	RV6
87A4	N842DT	RV8
87A9	N842DY	C421
87AB	N842E	B190
87AD	N842EB	C208
87B1	N842EF	SR20
87C1	N842EX	B350
87C8	N842FD	B77L
87CA	N842FF	ACAM
87D0	N842FM	RV8
87F6	N842H	AT8T
87FF	N842HJ	SR22
8800	N842HK	E145
8810	N842JA	C82S
8817	N842JH	H500
881B	N842JM	PP3
8820	N842JS	C56X
8824	N842JW	NAVI
8828	N842K	G2T1
8829	N842KA	AT8T
8836	N842KP	C172
883A	N842KT	E300
8840	N842KZ	BE23
8842	N842LA	DA40
8843	N842LB	BL8
884F	N842LP	C172
885A	N842M	UH1
885B	N842MA	TBM7
885C	N842MB	LJ45
885D	N842MC	PA18
8862	N842MH	B764
8866	N842MM	P28B
8877	N842ND	PA44
8878	N842NE	RV8
8880	N842NN	B738
888C	N842P	E300
888D	N842PA	GLF4
88B6	N842QS	C700
88BE	N842R	BE35
88C1	N842RC	BLKS
88C6	N824RH	SLG2
88CF	N842RS	AVID
88DD	N842SF	SR20
88DE	N842SG	P46T
88DF	N842SH	R22
88E5	N842SP	C172
88E7	N842SR	SREY
88E9	N842ST	CRUZ
88EB	N842SV	R22
88EC	N842SW	SVNH
88EE	N842SY	B738
88F0	N842T	BE95
88F3	N842TC	C82S
88F8	N842TH	H60
8901	N842TS	P28R
8902	N842TT	P28A
890A	N842UA	A319
8917	N842UP	B350
891A	N842US	MD88
8936	N842VV	S22T
893C	N842WA	G164
893E	N842WC	BE30
8941	N842WF	PC12
894D	N842WT	SR22
8952	N842WY	AVID
8954	N842X	COL4
89A1	N8420B	LA25
89A2	N8420C	P28A
89A3	N8420D	PA22
89A9	N8420K	S108
89AA	N8420L	C172
89AB	N8420M	C150
89AC	N8420N	BE35
89AF	N8420R	P28A
89B0	N8420S	C182
89B4	N8420W	P28A
89B6	N8420Y	PA18
89BA	N84202	C172
89BD	N84205	LA25
89BE	N84206	CH7A
89C1	N84209	LA25
89C2	N8421	DSA1
89C3	N8421A	PA32
89C6	N8421D	PA22
89C7	N8421E	PC12
89C8	N8421F	SR22
89CB	N8421J	MOR2
89CC	N8421K	S108
89CF	N8421N	BE35
89D0	N8421P	PA24
89D2	N8421R	P28A
89D3	N8421S	C182
89D4	N8421T	C182
89D5	N8421U	C172
89D9	N8421Y	PA30
89DA	N8421Z	C210
89DB	N84210	C172
89DF	N84214	C172
89E0	N84215	CH7A
89E3	N84218	CH7A
89E4	N84219	LA25
89ED	N8422H	P28A
89EF	N8422K	G164
89F0	N8422L	C172
89F1	N8422M	P28R
89F2	N8422N	P28A
89F3	N8422P	PA24
89F5	N8422R	P28A
89F6	N8422S	C182
89F7	N8422T	C182
89FA	N8422W	P28A
89FB	N8422X	C172
89FD	N8422Z	C210
89FF	N84221	C172
8A00	N84222	CH7A
8A02	N84224	C172
8A03	N84225	C172
8A04	N84226	C172
8A05	N84227	P28A
8A06	N84228	CH7A
8A07	N84229	C172
8A09	N8423A	P28A
8A0C	N8423D	PA22
8A0F	N8423G	C150
8A10	N8423H	P28R
8A13	N8423L	C172
8A14	N8423M	P28R
8A15	N8423N	BE35
8A16	N8423P	PA32
8A17	N8423Q	LA25
8A19	N8423S	C182
8A1D	N8423W	P28A
8A20	N8423Z	C210
8A21	N84230	CH7A
8A22	N84231	CH7A
8A23	N84232	CH7A
8A25	N84234	C172
8A26	N84235	P32R
8A29	N84238	CH7A
8A2A	N84239	C182
8A2B	N8424	PTS1
8A2C	N8424A	P32R
8A2E	N8424C	PA32
8A36	N8424L	C172
8A37	N8424M	C150
8A3C	N8424S	C182
8A3F	N8424V	SS2P
8A40	N8424W	T210
8A41	N8424X	C172
8A45	N84241	CH7A
8A46	N84242	CH7A
8A47	N84243	C172
8A48	N84244	CH7A
8A4A	N84246	CH7A
8A4F	N8425A	BE35
8A54	N8425F	P28A
8A55	N8425G	C150
8A56	N8425H	P32R
8A5B	N8425N	BE35
8A5C	N8425P	P32R
8A5D	N8425Q	C185
8A5F	N8425S	C182
8A60	N8425T	P32R
8A63	N8425W	P28A
8A64	N8425X	C172
8A67	N84250	C172
8A69	N84252	CH7A
8A6B	N84254	CH7A
8A6C	N84255	CH7A
8A6D	N84256	C172
8A74	N8426C	P32R
8A78	N8426G	PA34
8A7E	N8426N	BE33
8A7F	N8426P	PA24
8A81	N8426R	P28A
8A83	N8426T	C182
8A85	N8426V	SS2P
8A8B	N84261	CH7A
8A8D	N84263	P32R
8A8F	N84265	C172
8A91	N84267	C172
8A92	N84268	CH7A
8A93	N84269	CH7A
8A97	N8427C	PA32
8A98	N8427D	PA22
8A99	N8427E	LA25
8A9B	N8427G	P28A
8A9E	N8427K	P28A
8AA4	N8427R	P28A
8AA6	N8427T	P28A
8AA7	N8427U	C172
8AA8	N8427V	SS2P
8AA9	N8427W	P28A
8AAB	N8427Y	PA30
8AAE	N84271	C172
8AAF	N84272	C172
8AB0	N84273	CH7A
8AB2	N84275	C172
8AB3	N84276	CH7A
8AB5	N84278	C172
8AB9	N8428B	P28A
8ABB	N8428D	PA22
8ABC	N8428E	B47G
8ABE	N8428G	C150
8ABF	N8428H	P28A
8AC0	N8428J	C150
8AC1	N8428K	S108
8AC3	N8428M	C182
8AC4	N8428N	BE35
8AC5	N8428P	PA24
8AC8	N8428S	P28A
8AC9	N8428T	C182
8ACC	N8428W	P28A
8AD1	N84281	CH7A
8AD5	N84285	P28B
8AD6	N84286	CH7A
8AD7	N84287	C172
8AD9	N84289	C172
8ADB	N8429A	P28B
8ADE	N8429D	PA22
8AE3	N8429J	C150
8AE4	N8429K	G164
8AE6	N8429M	C150
8AEB	N8429S	C182
8AED	N8429U	C172
8AEF	N8429W	P28A
8AF3	N84290	CH7A
8AF5	N84292	CH7A
8AF6	N84293	C172
8AF7	N84294	CH7A
8AF8	N84295	CH7A
8AF9	N84296	CH7A
8AFC	N84299	C172
8AFD	N843	IS28
8AFE	N843A	SR22
8B01	N843AC	BL8
8B03	N843AE	E135
8B06	N843AH	BE36
8B08	N843AK	R44
8B0A	N843AM	AP22
8B0B	N843AN	B789
8B10	N843AT	H500
8B1A	N843BC	BE20
8B1F	N843BH	TBM7
8B25	N843BP	AS50
8B31	N843CA	P212
8B33	N843CC	CL60
8B34	N843CD	SR22
8B3E	N843CP	LJ60
8B4C	N843DC	PA30
8B56	N843DN	B739
8B57	N843DP	C172
8B5B	N843DT	S22T
8B62	N843E	B190
8B68	N843EF	SR20
8B7F	N843FD	B77L
8B80	N843FE	C208
8B81	N843FF	GLEX
8B8B	N843FR	R44
8B8C	N843FS	B350
8BA2	N843GP	FA7X
8BA5	N843GS	CL60
8BAA	N843GX	GLEX
8BD7	N843JS	C56X
8BD8	N843JT	HDJT
8BE7	N843KH	SF34
8BF0	N843KS	C172
8C0D	N843LW	GLID
8C13	N843MB	DC3
8C15	N843MD	S22T
8C19	N843MH	B764
8C1F	N843MP	SKAR
8C2B	N843NA	F18H
8C37	N843NN	B738
8C6D	N843QS	C700
8C78	N843RC	F8L
8C7B	N843RF	RV6
8C7D	N843RH	BE40
8C8E	N843S	FA7X
8C8F	N843SA	C208
8C92	N843SD	RV6
8C95	N843SG	E50P
8C9B	N843SN	RV8
8C9E	N843SR	SREY
8CA5	N843SY	B738
8CA7	N843T	BE35
8CA9	N843TB	BE18
8CAA	N843TC	C82S
8CC1	N843UA	A319
8CCE	N843UP	B350
8CF4	N843WB	EXEC
8D04	N843WT	T206
8D36	N843YT	T210
8D57	N8430A	BE35
8D58	N8430B	P32R
8D5A	N8430D	PA22
8D5F	N8430J	C150
8D63	N8430N	C421
8D66	N8430R	P28A
8D67	N8430S	C182
8D68	N8430T	C182
8D6B	N8430W	P28A
8D6C	N8430X	C172
8D6D	N8430Y	PA30
8D70	N84301	P28A
8D72	N84303	CH7A
8D73	N84304	CH7A
8D75	N84306	CH7A
8D76	N84307	E75L
8D78	N84309	C172
8D7A	N8431A	BE35
8D80	N8431G	C150
8D84	N8431L	C172
8D88	N8431Q	C182
8D8A	N8431S	C182
8D8C	N8431U	C172
8D90	N8431Y	PA30
8D92	N84310	CH7A
8D94	N84312	CH7A
8D96	N84314	CH7A
8D97	N84315	CH7A
8D98	N84316	C172
8D99	N84317	C172
8D9A	N84318	CH7A
8D9B	N84319	CH7A
8D9C	N8432	RV8
8D9D	N8432A	CRJ2
8D9E	N8432B	P32R
8D9F	N8432C	P28A
8DA4	N8432H	PA34
8DA7	N8432L	C172
8DA8	N8432M	C150
8DAD	N8432S	C182
8DAE	N8432T	C182
8DAF	N8432U	C172
8DB1	N8432W	P28A
8DB3	N8432Y	PA30
8DB4	N8432Z	C210
8DB5	N84320	CH7A
8DB6	N84321	CH7A
8DBA	N84325	CH7A
8DBB	N84326	P28A
8DBD	N84328	CH7A
8DC0	N8433A	PA32
8DC3	N8433D	PA22
8DCA	N8433L	C172
8DCC	N8433N	PA32
8DD0	N8433S	C182
8DD3	N8433V	SS2P
8DD4	N8433W	P28A
8DD6	N8433Y	P32R
8DD8	N84330	C172
8DD9	N84331	P32R
8DDA	N84332	C172
8DDB	N84333	C172
8DDC	N84334	CH7A
8DE1	N84339	C172
8DE3	N8434A	BE35
8DE6	N8434D	PA22
8DE7	N8434E	LA25
8DEC	N8434K	S108
8DED	N8434L	C172
8DEE	N8434M	PA34
8DF2	N8434R	P28A
8DF5	N8434U	C172
8DF7	N8434W	P28A
8DF8	N8434X	C172
8DFD	N84342	C172
8DFE	N84343	C172
8E02	N84347	C172
8E09	N8435D	P28A
8E0A	N8435E	C172
8E0B	N8435F	P28A
8E0C	N8435G	P28A
8E0D	N8435H	LA25
8E10	N8435L	C172
8E15	N8435R	P28A
8E16	N8435S	C182
8E17	N8435T	C182
8E18	N8435U	P28A
8E1C	N8435Y	PA30
8E1E	N84350	P28A
8E1F	N84351	C172
8E20	N84352	C172
8E25	N84357	CH7A
8E26	N84358	C172
8E28	N8436	C150
8E31	N8436J	P28A
8E32	N8436K	S108
8E34	N8436M	C150
8E38	N8436R	P28A
8E39	N8436S	CH70
8E3A	N8436T	P28A
8E3B	N8436U	C172
8E3D	N8436W	P28A
8E40	N8436Z	C210
8E41	N84360	CH7A
8E43	N84362	CH7A
8E45	N84364	P28A
8E46	N84365	C172
8E47	N84366	P32R
8E48	N84367	C172
8E49	N84368	P32R
8E4A	N84369	C172
8E4E	N8437C	P28A
8E4F	N8437D	PA22
8E52	N8437G	C337
8E57	N8437M	T210
8E58	N8437N	PA34
8E5C	N8437S	C182
8E5D	N8437T	C182
8E5E	N8437U	PA34
8E60	N8437W	P28A
8E61	N8437X	C172
8E62	N8437Y	PA34
8E66	N84372	C182
8E67	N84373	CH7A
8E68	N84374	CH7A
8E6C	N84378	E75L
8E6D	N84379	C182
8E70	N8438B	P28B
8E73	N8438E	P28B
8E75	N8438G	C188
8E77	N8438J	C150
8E7C	N8438P	PA24
8E7E	N8438R	P28A
8E7F	N8438S	C182
8E80	N8438T	C182
8E81	N8438U	C172
8E84	N8438X	C172
8E85	N8438Y	PA18
8E86	N8438Z	C210
8E8C	N84385	C172
8E8D	N84386	C172
8E90	N84389	CH7A
8E92	N8439A	PA34
8E96	N8439E	P32R
8E98	N8439G	T206
8E9C	N8439L	C82S
8E9D	N8439M	R22
8EA2	N8439S	C182
8EA3	N8439T	P28A
8EA4	N8439U	C172
8EA6	N8439W	P28A
8EA7	N8439X	C172
8EA8	N8439Y	PA18
8EA9	N8439Z	P28A
8EAA	N84390	C172
8EAB	N84391	C172
8EAC	N84392	C172
8EAD	N84393	CH7A
8EB1	N84397	C172
8EB3	N84399	CH7A
8EB4	N844	RV4
8EB5	N844A	PP3
8EB7	N844AB	P28A
8EB8	N844AC	CRER
8EB9	N844AD	B06
8EBA	N844AE	E135
8EBB	N844AF	R44
8EBF	N844AK	R44
8EC1	N844AM	AP22
8EC9	N844AV	AT45
8ED1	N844BC	PA46
8ED3	N844BE	BE36
8EDC	N844BP	AS50
8EDF	N844BS	R44
8EE7	N844C	BE9L
8EE8	N844CA	BE30
8EE9	N844CB	GLF4
8EEA	N844CC	LNC4
8EEB	N844CD	SR22
8EEF	N844CH	AC90
8EF1	N844CK	C421
8EF3	N844CM	MM16
8EF5	N844CP	T206
8EF8	N844CS	BE35
8F00	N844D	TB20
8F04	N844DD	PP3
8F0D	N844DN	B739
8F11	N844DS	GLIM
8F12	N844DT	R44
8F1E	N844EE	BEAR
8F1F	N844EF	SR20
8F2A	N844ES	PA11
8F36	N844FD	B77L
8F37	N844FE	C208
8F51	N844GF	GLF4
8F52	N844GG	MM24
8F5D	N844GT	PC12
8F64	N844H	BE33
8F81	N844JD	H25B
8F8E	N844JS	C56X
8F96	N844K	GA6C
8F9C	N844KF	FOX
8FB2	N844LC	S76
8FC1	N844LT	PP3
8FC8	N844M	FDCT
8FC9	N844MA	R44
8FCA	N844MB	R44
8FCB	N844MC	B789
8FCD	N844ME	PA44
8FD0	N844MH	B764
8FD2	N844MK	H160
8FD4	N844MM	C25A
8FE1	N844N	BE65
8FEE	N844NN	B738
8FF2	N844NS	B06
8FFA	N844P	RV8
9001	N844PG	SBOY
900B	N844PS	PA24
900C	N844PT	C172
900F	N844PW	CRER
902C	N844R	BE35
9037	N844RL	FB1A
903C	N844RR	RV8
9040	N844RV	RV4
9046	N844SA	SYMP
9047	N844SB	R44
9048	N844SC	AC90
904E	N844SJ	GLF4
9055	N844SR	SREY
905C	N844SY	B738
905E	N844T	PA46
905F	N844TA	TAYD
9066	N844TH	DC3
9069	N844TL	COY2
9073	N844TW	DV20
9074	N844TX	AS50
9078	N844UA	A319
9085	N844UP	F2TH
9090	N844V	WACO
9092	N844VB	R44
90A9	N844W	SR22
90AA	N844WA	P47
90AB	N844WB	RV6
90B7	N844WP	RV10
90C2	N844X	EVOP
90DD	N844YB	H60
90ED	N844YT	C340
910E	N8440A	BE35
910F	N8440B	P28A
9111	N8440D	PA22
9112	N8440E	B47G
9115	N8440H	P28A
9118	N8440L	C172
9119	N8440M	P28A
911B	N8440P	PA24
911D	N8440R	P28A
911E	N8440S	C182
9120	N8440U	C150
9122	N8440W	P28A
9123	N8440X	C172
9126	N84400	P28A
912B	N84405	CH7A
912C	N84406	CH7A
912D	N84407	CH7A
912E	N84408	C172
9131	N8441A	PA30
9133	N8441C	P28A
9135	N8441E	B47G
9138	N8441H	P28A
9139	N8441J	C150
913B	N8441L	C172
913C	N8441M	P28A
913D	N8441N	BE35
9144	N8441V	SS2P
9145	N8441W	P28A
9148	N8441Z	C210
914A	N84411	CH7A
914B	N84412	C172
9150	N84417	CH7A
9151	N84418	CH7A
9154	N8442A	P28B
9157	N8442D	PA22
915B	N8442H	PA32
915D	N8442K	S108
915E	N8442L	P32R
915F	N8442M	RV12
9161	N8442P	P32R
9162	N8442Q	T206
9163	N8442R	P28A
9168	N8442W	P28A
9169	N8442X	C172
916B	N8442Z	C210
916D	N84421	CH7A
916E	N84422	C172
916F	N84423	CH7A
9172	N84426	CH7A
9173	N84427	CH7A
9174	N84428	CH7A
9175	N84429	C172
9178	N8443B	CRER
917D	N8443G	C150
917F	N8443J	C150
9181	N8443L	PA34
9182	N8443M	C182
9184	N8443P	PA24
9186	N8443R	P28A
918B	N8443W	P28A
918E	N8443Z	C210
918F	N84430	CH7A
9190	N84431	CH7A
9192	N84433	CH7A
9193	N84434	C172
919B	N8444B	P28A
919C	N8444C	PA44
919D	N8444D	P28A
919F	N8444F	CRJ2
91A2	N8444J	P28A
91A3	N8444K	G164
91A4	N8444L	C172
91A5	N8444M	C182
91AA	N8444S	P28A
91AB	N8444T	C182
91AE	N8444W	P28A
91B1	N8444Z	C210
91B2	N84440	C172
91B5	N84443	CH7A
91B9	N84447	CH7A
91BB	N84449	C172
91BD	N8445A	P28A
91BE	N8445B	P28A
91BF	N8445C	AC80
91C0	N8445D	PA22
91C3	N8445G	P28A
91C4	N8445H	P28A
91C7	N8445L	C172
91CC	N8445R	P28A
91CD	N8445S	P28A
91CE	N8445T	C182
91D2	N8445X	P28A
91D4	N8445Z	C210
91D5	N84450	CH7A
91D6	N84451	CH7A
91D8	N84453	CH7A
91DA	N84455	C172
91DB	N84456	C172
91DC	N84457	CH7A
91DD	N84458	CH7A
91DE	N84459	C172
91E1	N8446B	P28R
91E2	N8446C	PA34
91EE	N8446Q	C185
91EF	N8446R	P28A
91F0	N8446S	C182
91F1	N8446T	C182
91F5	N8446X	C172
91F7	N8446Z	C210
91FD	N84465	C172
91FE	N84466	C182
91FF	N84467	P28A
9200	N84468	C172
9201	N84469	CH7A
9208	N8447F	P28A
920A	N8447H	P28B
920C	N8447K	S108
920D	N8447L	P28A
9210	N8447P	PA24
9211	N8447Q	T206
9213	N8447S	C182
9216	N8447V	SS2P
9217	N8447W	P28A
9218	N8447X	C172
921A	N8447Z	C210
921E	N84473	C172
921F	N84474	P28A
9220	N84475	CH7A
9223	N84478	P28B
9226	N8448A	P28A
9228	N8448C	P28R
9229	N8448D	PA22
922C	N8448G	C150
922F	N8448K	G164
9231	N8448M	C150
9233	N8448P	PA24
9235	N8448R	P28A
9238	N8448U	C172
923A	N8448W	P28A
923C	N8448Y	P32R
923D	N8448Z	P32R
923E	N84480	CH7A
923F	N84481	P32R
9240	N84482	CH7A
9241	N84483	CH7A
9243	N84485	CH7A
9246	N84488	C182
9247	N84489	C172
924A	N8449B	CH75
924D	N8449E	C172
9250	N8449H	PA34
9251	N8449J	C150
9252	N8449K	G164
9253	N8449L	PA34
9254	N8449M	C150
9255	N8449N	BE35
9259	N8449S	C182
925A	N8449T	PA34
9260	N8449Z	P28A
9263	N84492	C182
9268	N84497	C188
9269	N84498	CH7A
926A	N84499	CH7A
926B	N845	C208
926F	N845AC	A319
9271	N845AE	E135
9276	N845AK	B38M
9278	N845AM	B738
927A	N845AP	A119
927D	N845AS	CRJ2
9286	N845BA	A5
9287	N845BB	C650
9288	N845BC	CH7B
928D	N845BH	H500
9293	N845BP	AS50
929C	N845BY	P28B
92A0	N845CB	GLF5
92A2	N845CD	SR22
92AA	N845CM	LNP4
92AC	N845CP	T206
92AF	N845CS	C240
92B7	N845D	P28B
92B8	N845DA	H25B
92B9	N845DB	BE36
92C1	N845DK	BE18
92C4	N845DN	B739
92C9	N845DT	RV6
92CC	N845DW	P46T
92D1	N845EA	SR20
92D4	N845ED	P28A
92D6	N845EF	SR20
92ED	N845FD	B77L
92EE	N845FE	C208
92F7	N845FP	C750
9302	N845G	P28A
9334	N845J	SR22
9336	N845JB	BE33
9344	N845JR	SR22
9345	N845JS	C56X
934D	N845K	C182
934E	N845KA	B350
9366	N845L	C340
9367	N845LA	DA40
9368	N845LB	C525
9371	N845LL	COL3
9373	N845LN	SREY
9374	N845LP	SR22
9380	N845MA	DA40
9381	N845MB	C56X
9382	N845MC	C82S
9383	N845MD	B789
9384	N845ME	EC35
9387	N845MH	B764
93A5	N845NN	B738
93B1	N845P	SR22
93B2	N845PA	DA40
93B7	N845PF	C25C
93C2	N845PS	F5
93DB	N845QS	C700
93E3	N845R	BE35
93E9	N845RF	RV7
93EE	N845RL	B212
93F7	N845RV	RV7
93FF	N845SC	LJ45
9404	N845SH	R22
940A	N845SP	EXEC
940C	N845SR	SREY
9418	ZP-BRG	BE20
942B	N845TX	WW24
942F	N845UA	A319
943C	N845UP	F2TH
9447	N845V	WACO
9448	N845VA	A320
9460	N845W	BEAR
9480	N845XG	SR22
9495	N845YC	C421
94A4	N845YT	BE20
94C8	N8450D	P28A
94C9	N8450E	C172
94CB	N8450G	P28A
94CF	N8450L	C172
94D0	N8450M	C150
94D2	N8450P	PA24
94D5	N8450S	P28A
94D6	N8450T	P28B
94D7	N8450U	C172
94DD	N84500	P32R
94E1	N84504	CH7A
94E3	N84506	CH7A
94E4	N84507	C182
94E5	N84508	C182
94E9	N8451B	P32R
94ED	N8451F	P28A
94F3	N8451M	C150
94F4	N8451N	BE55
94F5	N8451P	PA24
94F6	N8451Q	T206
94F9	N8451T	C182
94FC	N8451W	P28A
94FD	N8451X	C172
94FF	N8451Z	C210
9500	N84510	C172
9501	N84511	C172
9507	N84517	CH7A
9508	N84518	C172
9509	N84519	CH7A
950B	N8452A	BE35
950C	N8452B	P28A
950F	N8452E	B47G
9514	N8452K	S108
9515	N8452L	C172
9516	N8452M	C150
9517	N8452N	BE35
9518	N8452P	PA24
951C	N8452T	C182
951F	N8452W	P28A
9520	N8452X	C172
9521	N8452Y	PA30
9523	N84520	CH7A
9525	N84522	CH7A
9528	N84525	CH7A
952A	N84527	P28A
952B	N84528	P28A
952C	N84529	C172
952F	N8453B	P28A
9534	N8453G	C150
9537	N8453K	S108
9539	N8453M	C182
953E	N8453S	C182
953F	N8453T	C182
9540	N8453U	C172
9542	N8453W	P28A
9543	N8453X	PA44
9547	N84531	C172
954A	N84534	CH7A
954E	N84538	CH7A
954F	N84539	CH7A
9552	N8454B	P28A
9553	N8454C	CH7A
9555	N8454E	P32R
9556	N8454F	P28A
9558	N8454H	P28A
955C	N8454M	C182
955D	N8454N	P28A
9560	N8454R	PA32
9564	N8454V	SS2P
9568	N8454Z	C210
956A	N84541	C172
956B	N84542	CH7A
956C	N84543	EXEC
956D	N84544	C172
956E	N84545	CH7A
9573	N8455	S76
9577	N8455D	P32R
9579	N8455F	P32R
957B	N8455H	P32R
957C	N8455J	C150
9581	N8455P	PA24
9583	N8455R	P28A
9584	N8455S	C182
9585	N8455T	C182
9586	N8455U	C172
9588	N8455W	P28A
9589	N8455X	C172
958B	N8455Z	PA34
958C	N84550	CH7A
958F	N84553	CH7A
9590	N84554	CH7A
9591	N84555	CH7A
9592	N84556	CH7A
9593	N84557	CH7A
9596	N8456	T34P
9597	N8456A	BE35
9599	N8456C	PA34
959D	N8456G	C150
959E	N8456H	PA34
959F	N8456J	C150
95A1	N8456L	C172
95A3	N8456N	BE95
95A5	N8456Q	C185
95A7	N8456S	C182
95AD	N8456Y	PA30
95AE	N8456Z	C210
95B1	N84562	CH7A
95B3	N84564	CH7A
95B4	N84565	CH7A
95B5	N84566	C172
95B6	N84567	C172
95B8	N84569	C172
95B9	N8457	T34P
95BD	N8457D	PA22
95BF	N8457F	P32R
95C1	N8457H	PA44
95C3	N8457K	S108
95C6	N8457N	BE35
95C9	N8457R	PA11
95CC	N8457U	C172
95CD	N8457V	SS2P
95D1	N8457Z	C210
95D4	N84572	CH7A
95D5	N84573	C172
95D7	N84575	C172
95D9	N84577	P28A
95DA	N84578	C172
95DB	N84579	C172
95DD	N8458A	CRJ2
95E4	N8458H	P28A
95E5	N8458J	C150
95E7	N8458L	C172
95E8	N8458M	C150
95EA	N8458P	PA24
95EC	N8458R	P28A
95ED	N8458S	C182
95F0	N8458V	SS2P
95F3	N8458Y	PA30
95F4	N8458Z	C210
95F7	N84582	C172
95F8	N84583	CH7A
95FA	N84585	PA32
95FE	N84589	CH7A
9601	N8459B	P32R
9603	N8459D	PA22
9605	N8459F	P28A
960A	N8459L	C172
960C	N8459N	BE35
960D	N8459P	PA24
960F	N8459R	P28A
9612	N8459U	C172
9619	N84591	CH7A
961D	N84595	C172
961F	N84597	CH7A
9620	N84598	C182
9621	N84599	C172
9622	N846	PTS2
9628	N846AE	E135
962D	N846AK	B38M
9630	N846AN	B789
9636	N846AU	B763
9639	N846AX	B772
963D	N846BA	A5
9641	N846BE	BE30
9644	N846BH	BEAR
9647	N846BL	FINC
964A	N846BP	AS50
9655	N846C	S108
9657	N846CB	GLF6
9659	N846CD	SR22
9666	N846CS	BE36
966F	N846DA	AT8T
9677	N846DJ	B350
9679	N846DL	C172
967B	N846DN	B739
9687	N846E	RV6
968A	N846EC	S22T
968B	N846ED	BE35
968D	N846EF	SR20
9697	N846ER	C172
96A4	N846FD	B77L
96A5	N846FE	C208
96DC	N846HK	E145
96F7	N846JM	BRAV
96FC	N846JS	C56X
96FD	N846JT	M20P
9700	N846JW	PA34
9723	N846LF	EC35
9728	N846LL	PA14
972B	N846LP	SR20
9736	N846M	B47G
9737	N846MA	P46T
973A	N846MD	ERCO
973E	N846MH	EC30
9740	N846MK	C82S
9750	N846NA	F18H
975C	N846NN	B738
9768	N846P	PA24
9769	N846PA	T206
9779	N846PS	F5
977A	N846PT	WAIX
977D	N846PW	PC12
9792	N846QS	C700
979C	N846RB	COY2
979E	N846RD	P46T
97A3	N846RJ	RV6
97AF	N846RW	RV9
97C1	N846SP	C172
97C3	N846SR	SR22
97CA	N846SY	B738
97CC	N846T	C180
97E5	N846U	HUSK
97E6	N846UA	A319
97F3	N846UP	F2TH
985B	N846YT	B350
987C	N8460A	PA34
987E	N8460C	AC50
9884	N8460J	C150
9889	N8460P	PA24
988B	N8460R	P28A
9890	N8460W	P28A
9892	N8460Y	P28A
9896	N84602	P28B
9898	N84604	C172
9899	N84605	CH7A
989A	N84606	CH7A
989C	N84608	CH7A
989D	N84609	CH7A
989F	N8461A	BE35
98A1	N8461C	PA32
98A2	N8461D	PA18
98A5	N8461G	C150
98A6	N8461H	PA34
98A7	N8461J	C150
98A9	N8461L	C172
98B1	N8461U	P28A
98B3	N8461W	P28A
98B7	N84610	CH7A
98BB	N84614	CH7A
98BD	N84616	CH7A
98BF	N84618	CH7A
98C5	N8462D	PA18
98CB	N8462K	S108
98CE	N8462N	BE23
98D0	N8462Q	T206
98D6	N8462W	P28A
98D7	N8462X	C172
98D9	N8462Z	C210
98DC	N84622	CH7A
98DF	N84625	P28A
98E0	N84626	CH7A
98E2	N84628	C172
98E3	N84629	CH7A
98E8	N8463D	PA18
98EA	N8463F	P28A
98ED	N8463J	MOR2
98EE	N8463K	S108
98EF	N8463L	C172
98F0	N8463M	PA32
98F1	N8463N	BE35
98F2	N8463P	P28R
98F3	N8463Q	T206
98F5	N8463S	C182
98F6	N8463T	PA32
98F7	N8463U	C172
98F9	N8463W	P28A
98FA	N8463X	P32R
98FC	N8463Z	C210
98FD	N84630	CH7A
98FF	N84632	CH7A
9900	N84633	C172
9901	N84634	C172
9902	N84635	C182
9903	N84636	CH7A
9906	N84639	BE18
990B	N8464D	PA18
990E	N8464G	C150
9913	N8464M	C150
9915	N8464P	PA34
9917	N8464R	P28A
9918	N8464S	C182
9919	N8464T	C182
991C	N8464W	P28A
991D	N8464X	C172
991E	N8464Y	PA18
9920	N84640	CH7A
9922	N84642	C172
9924	N84644	C172
9925	N84645	R22
9926	N84646	CH7A
9927	N84647	C172
9928	N84648	C172
9929	N84649	CH7A
992A	N8465	GLID
992B	N8465A	BE35
992C	N8465B	PA44
992D	N8465C	P28A
992E	N8465D	RV6
992F	N8465E	B47G
9930	N8465F	P28A
9931	N8465G	C150
9937	N8465N	BE33
9938	N8465P	PA24
993B	N8465S	P28B
993C	N8465T	C182
9940	N8465X	C172
9942	N8465Z	C210
9949	N84656	C172
994A	N84657	C172
994C	N84659	C172
994E	N8466A	BE35
994F	N8466B	P28A
9950	N8466C	P28A
9952	N8466E	C172
9953	N8466F	P28A
9955	N8466H	P28A
9958	N8466L	C172
995A	N8466N	BE35
995B	N8466P	PA24
995C	N8466Q	C185
995D	N8466R	P28A
995F	N8466T	C182
9961	N8466V	SS2P
9965	N8466Z	C210
9968	N84662	C172
996D	N84667	CH7A
996F	N84669	CH7A
9971	N8467A	BE35
9972	N8467B	P28A
9974	N8467D	PA18
9976	N8467F	P28A
9980	N8467R	P28A
9984	N8467V	SS2P
9986	N8467X	PA34
9987	N8467Y	PA30
9989	N84670	CH7A
998B	N84672	C182
998C	N84673	CH7A
998F	N84676	CH7A
9991	N84678	C172
9996	N8468C	AC80
9997	N8468D	PA18
9998	N8468E	B47G
999A	N8468G	C150
999C	N8468J	PA34
999D	N8468K	S108
999E	N8468L	C172
99A1	N8468P	PA24
99A5	N8468T	C182
99A6	N8468U	C172
99A8	N8468W	P28A
99AA	N8468Y	PA30
99B0	N84684	C172
99B2	N84686	C172
99B3	N84687	CH7A
99B4	N84688	C172
99B6	N8469	VP2
99BA	N8469D	PA18
99BE	N8469H	P28A
99C1	N8469L	C172
99C8	N8469T	P28A
99C9	N8469U	C172
99CC	N8469X	C172
99CF	N84690	CH7A
99D1	N84692	CH7A
99D2	N84693	CH7A
99D3	N84694	CH7A
99D4	N84695	C172
99D8	N84699	P28A
99D9	N847	PA31
99DA	N847A	C56X
99DF	N847AE	E135
99E0	N847AF	C180
99E4	N847AK	SSTL
99E6	N847AM	P28A
99E8	N847AP	R44
99F4	N847BA	BE20
99F6	N847BC	CH75
99FD	N847BK	CH80
9A01	N847BP	AS50
9A03	N847BR	SONX
9A0F	N847CC	CL60
9A10	N847CD	SR22
9A1A	N847CP	P46T
9A1C	N847CR	RV7
9A1D	N847CS	RV10
9A25	N847D	BE10
9A29	N847DD	BE36
9A30	N847DL	CH7A
9A31	N847DM	RV6
9A32	N847DN	B739
9A3E	N847E	P28A
9A42	N847ED	PA30
9A44	N847EF	SR20
9A4E	N847ER	C172
9A58	N847FA	AT8T
9A5B	N847FD	B77L
9A5C	N847FE	C208
9A66	N847FQ	CAMP
9A77	N847GG	S22T
9A78	N847GH	GALX
9A92	N847HJ	RV7
9AA2	N847J	RV12
9AA8	N847JF	C182
9AA9	N847JG	SR22
9AAA	N847JH	RV10
9AAE	N847JM	AVID
9AB3	N847JS	C56X
9AB4	N847JT	SA30
9AB7	N847JW	C172
9ABB	N847K	G2T1
9AD8	N847LD	GLAS
9AE6	N847LT	PP3
9AED	N847M	B47G
9AEE	N847MA	C208
9AF0	N847MC	SR22
9AF3	N847MF	B789
9AF5	N847MH	EC30
9B0A	N847ND	PA44
9B13	N847NN	B738
9B1F	N847P	SR22
9B31	N847PT	COL4
9B49	N847QS	C700
9B54	N847RC	GLF4
9B5D	N847RM	RV8
9B62	N847RS	RV9
9B66	N847RW	RV10
9B78	N847SP	PA24
9B81	N847SY	B738
9B84	N847TA	F16
9B89	N847TF	C240
9B99	N847TX	H25B
9B9D	N847UA	A319
9BAA	N847UP	B350
9BB6	N847VA	A320
9BCF	N847WA	PA12
9BD3	N847WE	PC12
9BD9	N847WL	TAIL
9C36	N8470D	PA18
9C3A	N8470H	P28B
9C3D	N8470L	C172
9C3E	N8470M	C182
9C40	N8470P	PA32
9C45	N8470U	C172
9C49	N8470Y	PA32
9C4C	N84701	CH7A
9C50	N84705	CH7A
9C53	N84708	CH7A
9C57	N8471B	P32R
9C58	N8471C	P28A
9C59	N8471D	P32R
9C61	N8471M	C150
9C64	N8471Q	T206
9C65	N8471R	P28A
9C66	N8471S	P28A
9C67	N8471T	P28A
9C6A	N8471W	P28A
9C70	N84712	CH7A
9C72	N84714	CH7A
9C73	N84715	CH7A
9C75	N84717	C172
9C7A	N8472B	PA34
9C7C	N8472D	PA18
9C7F	N8472G	C150
9C81	N8472J	C150
9C82	N8472K	S108
9C8A	N8472T	C182
9C8C	N8472V	SS2P
9C8D	N8472W	P28A
9C90	N8472Z	C210
9C91	N84720	CH7A
9C92	N84721	C172
9C94	N84723	CH7A
9C95	N84724	C182
9C97	N84726	CH7A
9C99	N84728	CH7A
9C9A	N84729	CH7A
9C9D	N8473B	P28A
9C9E	N8473C	P32R
9C9F	N8473D	PA18
9CA0	N8473E	C172
9CA2	N8473G	C150
9CA4	N8473J	C150
9CA7	N8473M	C150
9CAB	N8473R	P28A
9CAE	N8473U	C172
9CB0	N8473W	P28A
9CB1	N8473X	P28R
9CB5	N84731	C182
9CB7	N84733	CH7A
9CB8	N84734	CH7A
9CB9	N84735	C185
9CBA	N84736	CH7A
9CBB	N84737	CH7A
9CBD	N84739	CH7A
9CC7	N8474J	C150
9CCA	N8474M	C150
9CCC	N8474P	PA24
9CCF	N8474S	C182
9CD0	N8474T	C182
9CD1	N8474U	T206
9CD6	N8474Z	C210
9CD7	N84740	C172
9CD8	N84741	CH7A
9CD9	N84742	C172
9CDB	N84744	CH7A
9CDC	N84745	CH7A
9CDD	N84746	CH7A
9CDE	N84747	CH7A
9CDF	N84748	C172
9CE3	N8475B	CRJ2
9CEA	N8475J	C150
9CED	N8475M	T210
9CEE	N8475N	BE33
9CEF	N8475P	PA24
9CF3	N8475T	C182
9CF4	N8475U	C172
9CF5	N8475V	SS2P
9CF6	N8475W	P28A
9CF7	N8475X	C172
9CF8	N8475Y	PA30
9CF9	N8475Z	C210
9CFA	N84750	CH7A
9CFB	N84751	CH7A
9CFD	N84753	C172
9D00	N84756	CH7A
9D0C	N8476H	BE18
9D0D	N8476J	PA14
9D0F	N8476L	C172
9D10	N8476M	AA5
9D11	N8476N	BE33
9D14	N8476R	P28A
9D15	N8476S	C182
9D17	N8476U	C172
9D1B	N8476Y	PA18
9D1D	N84760	C172
9D21	N84764	CH7A
9D26	N84769	CH7A
9D2C	N8477E	C172
9D32	N8477L	C172
9D35	N8477P	PA24
9D36	N8477Q	T206
9D37	N8477R	CRJ2
9D38	N8477S	C182
9D3A	N8477U	C172
9D3D	N8477X	C172
9D40	N84770	CH7A
9D43	N84773	CH7A
9D44	N84774	C172
9D45	N84775	CH7A
9D49	N84779	CH7A
9D4B	N8478A	BE35
9D4E	N8478D	B47G
9D51	N8478G	C150
9D52	N8478H	B47G
9D53	N8478J	C150
9D55	N8478L	B47G
9D5A	N8478R	P28A
9D5B	N8478S	C182
9D5C	N8478T	B47G
9D5D	N8478U	C172
9D62	N8478Z	C210
9D64	N84781	CH7A
9D65	N84782	C172
9D66	N84783	CH7A
9D6A	N84787	CH7A
9D6B	N84788	CH7A
9D6D	N8479	SA7
9D73	N8479F	P28A
9D77	N8479K	PA38
9D78	N8479L	C172
9D79	N8479M	C182
9D7C	N8479Q	T206
9D7E	N8479S	C182
9D7F	N8479T	C182
9D82	N8479W	P28A
9D83	N8479X	C172
9D84	N8479Y	PA18
9D88	N84792	CH7A
9D89	N84793	C172
9D8A	N84794	C172
9D8B	N84795	CH7A
9D8E	N84798	CH7A
9D8F	N84799	GC1
9D90	N848	AA5
9D95	N848AD	PP3
9D96	N848AE	E135
9D98	N848AG	LJ45
9D9E	N848AN	B789
9DAB	N848BA	C208
9DAD	N848BC	FA7X
9DB8	N848BP	AS50
9DC3	N848C	BE40
9DC5	N848CB	SR22
9DC6	N848CC	G280
9DC8	N848CE	AC90
9DCA	N848CG	MM16
9DD1	N848CP	C82T
9DD4	N848CS	CL30
9DD9	N848CX	C25M
9DDC	N848D	BE58
9DDE	N848DB	TBM7
9DE0	N848DD	S22T
9DE1	N848DE	SR22
9DE3	N848DG	GLIM
9DE5	N848DJ	R44
9DE9	N848DN	B739
9DEA	N848DP	RV8
9DF1	N848DW	RV8
9DF5	N848E	LNP4
9DFB	N848EF	SR20
9E01	N848EM	S22T
9E05	N848ER	C172
9E12	N848FD	B77L
9E13	N848FE	C208
9E27	N848G	C560
9E39	N848GT	B350
9E41	N848HA	AT8T
9E56	N848HX	UH1
9E5A	N848JA	GLF5
9E67	N848JP	RV7
9E8B	N848L	C172
9E92	N848LG	AC90
9EA4	N848M	SR22
9EA7	N848MC	RV8
9EA8	N848MD	SR22
9EA9	N848ME	SR22
9EAC	N848MH	EC30
9EAD	N848MJ	E145
9EBD	N848N	H25B
9EC3	N848NF	CH75
9ECA	N848NN	B738
9ED6	N848P	GLAS
9ED7	N848PA	C172
9F00	N848QS	C700
9F0F	N848RG	CH65
9F18	N848RR	PA11
9F1C	N848RV	RV8
9F21	N848S	C150
9F24	N848SC	S22T
9F31	N848SR	SR22
9F38	N848SY	B738
9F3A	N848T	P32R
9F3B	N848TA	F16
9F3E	N848TD	RV8
9F44	N848TK	H60
9F4B	N848TS	G280
9F4F	N848TW	PC12
9F54	N848UA	A319
9F5A	N848UG	H60
9F61	N848UP	B350
9F6C	N848V	BE36
9F6E	N848VB	RV8
9F97	N848WT	SF50
9F9E	N848X	CH7B
9F9F	N848XA	RV8
9FD0	N848Z	TOOT
9FEB	N8480B	PA12
9FEC	N8480C	P28A
9FED	N8480D	PA18
9FEF	N8480F	P28A
9FF0	N8480G	C150
9FF2	N8480J	C150
9FF4	N8480L	C172
9FF5	N8480M	C182
9FF7	N8480P	PA24
9FF9	N8480R	P28A
9FFC	N8480U	C172
A000	N8480Y	PA18
A002	N84800	CH7A
A003	N84801	C172
A006	N84804	CH7A
A008	N84806	CH7A
A00A	N84808	C172
A00B	N84809	C172
A010	N8481D	PA18
A012	N8481F	P28A
A013	N8481G	WACO
A014	N8481H	C68A
A016	N8481K	G164
A019	N8481N	BE33
A01A	N8481P	PA24
A01E	N8481T	C182
A01F	N8481U	C172
A020	N8481V	SS2P
A021	N8481W	P28A
A022	N8481X	C172
A026	N84811	C172
A029	N84814	CH7A
A02A	N84815	C172
A02E	N84819	C172
A030	N8482A	BE35
A033	N8482D	C185
A037	N8482H	J3
A03B	N8482M	C182
A03D	N8482P	PA24
A03E	N8482Q	T206
A03F	N8482R	P28A
A040	N8482S	C182
A041	N8482T	C182
A046	N8482Y	PA18
A049	N84821	CH7A
A04B	N84823	C172
A04F	N84827	C172
A053	N8483A	BE35
A055	N8483C	PA15
A057	N8483E	B47G
A058	N8483F	P28A
A05A	N8483H	TERM
A05C	N8483K	G164
A05D	N8483L	C172
A05F	N8483N	BE35
A060	N8483P	PA24
A062	N8483R	P28A
A063	N8483S	C182
A064	N8483T	C182
A065	N8483U	C172
A067	N8483W	P28A
A06A	N8483Z	C210
A06B	N84830	CH7A
A06C	N84831	CH7A
A06D	N84832	C172
A070	N84835	C172
A072	N84837	CH7A
A074	N84839	C172
A075	N8484	AC11
A078	N8484C	P28B
A07A	N8484E	B47G
A07B	N8484F	P28A
A07C	N8484G	C172
A07E	N8484J	C150
A082	N8484N	BE36
A084	N8484Q	C185
A085	N8484R	P28A
A088	N8484U	C172
A089	N8484V	SS2P
A08A	N8484W	P28A
A08D	N8484Z	C210
A08E	N84840	C172
A090	N84842	CH7A
A092	N84844	CH7A
A097	N84849	C172
A098	N8485	GLID
A09C	N8485D	PA18
A09E	N8485F	PA32
A09F	N8485G	C150
A0A4	N8485M	C182
A0A5	N8485N	BE35
A0AD	N8485W	GLIM
A0B2	N84851	CH7A
A0B8	N84857	CAT
A0B9	N84858	CH7A
A0BE	N8486C	P28A
A0C0	N8486E	B47G
A0C4	N8486J	C150
A0C5	N8486K	G164
A0C6	N8486L	C172
A0C7	N8486M	C182
A0C8	N8486N	BE36
A0CB	N8486R	P28A
A0CC	N8486S	C182
A0D0	N8486W	P28A
A0D3	N8486Z	PA30
A0D7	N84863	C172
A0D8	N84864	CH7A
A0DA	N84866	CH7A
A0DC	N84868	CH7A
A0E1	N8487C	P28A
A0E4	N8487F	PA34
A0E5	N8487G	RV14
A0E7	N8487J	C150
A0EF	N8487S	C182
A0F1	N8487U	C172
A0F3	N8487W	P28A
A0F5	N8487Y	PA30
A0F9	N84872	C172
A0FA	N84873	CH7A
A0FB	N84874	CH7A
A0FE	N84877	C172
A0FF	N84878	C172
A100	N84879	C172
A103	N8488B	FB1A
A104	N8488C	ACRO
A106	N8488E	AA5
A10C	N8488L	C172
A10D	N8488M	C182
A10E	N8488N	BE35
A111	N8488R	P28A
A115	N8488V	SS2P
A116	N8488W	P28A
A117	N8488X	C172
A118	N8488Y	PA30
A119	N8488Z	C210
A11A	N84880	CH7A
A11E	N84884	CH7A
A121	N84887	RV4
A122	N84888	C172
A123	N84889	CH7A
A128	N8489D	PA18
A129	N8489E	B47J
A12A	N8489F	PA34
A12E	N8489K	S108
A12F	N8489L	C172
A130	N8489M	C182
A134	N8489R	P28A
A135	N8489S	C182
A136	N8489T	C182
A139	N8489W	P28A
A13B	N8489Y	PA30
A13E	N84891	C172
A142	N84895	CH7A
A143	N84896	C172
A145	N84898	C172
A147	N849	CH7A
A148	N849A	PA22
A14D	N849AE	E135
A152	N849AK	B38M
A155	N849AN	B789
A159	N849AS	CRJ2
A162	N849BA	A5
A164	N849BC	C510
A16F	N849BP	AS50
A173	N849BT	P28R
A180	N849CF	C82S
A188	N849CP	C82T
A19A	N849DG	RV8
A1A0	N849DN	B739
A1A8	N849DW	PA31
A1B2	N849EF	SR20
A1C9	N849FD	B77L
A1CA	N849FE	C208
A1EF	N849GS	RV7
A210	N849J	CB1
A221	N849JS	JS31
A242	N849L	DA40
A248	N849LF	H60
A250	N849LP	BE58
A25B	N849M	ST75
A263	N849MH	EC30
A281	N849NN	B738
A282	N849NP	AS50
A28E	N849PA	C172
A28F	N849PB	S76
A2A2	N849PW	FOX
A2A6	N849Q	BE65
A2B7	N849QS	C700
A2D0	N849RS	RV8
A2D3	N849RV	RV9
A2ED	N849SW	S22T
A2EF	N849SY	B738
A2F2	N849TA	F16
A2FD	N849TM	RV8
A306	N849TW	PC12
A30B	N849UA	A319
A318	N849UP	B350
A324	N849VA	A320
A33C	N849W	CC11
A348	N849WM	SR22
A353	N849WY	R44
A360	N849XL	CH60
A3A1	N8490A	BE35
A3A4	N8490D	R22
A3A7	N8490G	C150
A3A9	N8490J	C150
A3AB	N8490L	C172
A3AC	N8490M	C150
A3AD	N8490N	BE35
A3B0	N8490R	P28A
A3B1	N8490S	C182
A3B3	N8490U	C172
A3B4	N8490V	RV3
A3B7	N8490Y	PA18
A3B9	N84900	CH7A
A3BA	N84901	C172
A3BC	N84903	CH7A
A3C0	N84907	C172
A3C1	N84908	CH7A
A3C2	N84909	CH7A
A3C4	N8491A	R22
A3C6	N8491C	P28A
A3C7	N8491D	PA22
A3C9	N8491F	P28A
A3CA	N8491G	C150
A3CD	N8491K	RV6
A3CE	N8491L	C172
A3CF	N8491M	C150
A3D0	N8491N	BE55
A3D1	N8491P	PA24
A3D2	N8491Q	T206
A3D3	N8491R	P28A
A3D4	N8491S	C182
A3D5	N8491T	BOLT
A3D6	N8491U	C172
A3D8	N8491W	P28A
A3D9	N8491X	C172
A3DA	N8491Y	PA18
A3DB	N8491Z	C210
A3DD	N84911	CH7A
A3DE	N84912	CH7A
A3DF	N84913	CH7A
A3E1	N84915	CH7A
A3E3	N84917	CH7A
A3E5	N84919	CH7A
A3E8	N8492B	CB1
A3E9	N8492C	CRJ2
A3EA	N8492D	PA22
A3EB	N8492E	B47G
A3EC	N8492F	P28A
A3ED	N8492G	C150
A3F1	N8492L	C172
A3F4	N8492P	SA30
A3F7	N8492S	C182
A3FB	N8492W	P28A
A3FD	N8492Y	PA30
A400	N84921	CH7A
A401	N84922	CH7A
A402	N84923	CH7A
A406	N84927	CH7A
A40C	N8493C	P32R
A40F	N8493F	P28A
A414	N8493L	C172
A415	N8493M	C182
A416	N8493N	BE95
A417	N8493P	PA24
A419	N8493R	P28A
A41A	N8493S	H25B
A41F	N8493X	C172
A423	N84931	CH7A
A426	N84934	CH7A
A427	N84935	CH7A
A42A	N84938	CH7A
A42B	N84939	CH7A
A430	N8494D	PA22
A432	N8494F	P28A
A433	N8494G	C150
A436	N8494K	G164
A437	N8494L	C172
A438	N8494M	C182
A43C	N8494R	P28A
A43F	N8494U	C150
A44C	N84947	CH7A
A44E	N84949	CH7A
A450	N8495A	BE18
A451	N8495B	CRJ2
A452	N8495C	P32R
A455	N8495F	P28A
A456	N8495G	C150
A458	N8495J	C150
A459	N8495K	S108
A45B	N8495M	T210
A461	N8495T	C182
A462	N8495U	C172
A464	N8495W	P28A
A465	N8495X	C172
A467	N8495Z	C210
A478	N8496F	P28A
A47F	N8496N	BE95
A481	N8496Q	T206
A483	N8496S	C182
A485	N8496U	C172
A486	N8496V	SS2P
A487	N8496W	P28A
A488	N8496X	C172
A489	N8496Y	PA30
A48A	N8496Z	C210
A48C	N84961	CH7A
A490	N84965	CH7A
A491	N84966	CH7A
A495	N8497	G164
A496	N8497A	BE35
A49C	N8497G	C150
A49E	N8497J	U16
A4A1	N8497M	C150
A4A3	N8497P	PA24
A4A8	N8497U	C172
A4AA	N8497W	P28A
A4AB	N8497X	C172
A4AE	N84970	CH7A
A4B0	N84972	CH7A
A4B1	N84973	CH7A
A4B2	N84974	CH7A
A4B4	N84976	CH7A
A4B9	N8498A	BE35
A4BA	N8498B	PA15
A4BB	N8498C	AC50
A4BC	N8498D	PA22
A4BE	N8498F	P32R
A4C3	N8498L	C172
A4C8	N8498R	P28A
A4CD	N8498W	P28A
A4CE	N8498X	C172
A4CF	N8498Y	DUCE
A4D4	N84983	CH7A
A4D7	N84986	CH7A
A4DD	N8499B	R22
A4DF	N8499D	PA22
A4E1	N8499F	P32R
A4E2	N8499G	C150
A4E5	N8499K	G164
A4E6	N8499L	C172
A4E7	N8499M	C182
A4EA	N8499Q	RBEL
A4EB	N8499R	P28A
A4EC	N8499S	C182
A4ED	N8499T	C182
A4F0	N8499W	P28A
A4F2	N8499Y	BD4
A4F5	N84991	CH7A
A4FB	N84997	CH7A
A4FC	N84998	CH7A
A4FD	N84999	CH7A
A4FE	N85	CL60
A4FF	N85A	C82R
A500	N85AA	GLID
A506	N85AG	PA34
A507	N85AH	SF50
A508	N85AJ	C185
A50B	N85AM	C414
A510	N85AS	FOX
A513	N85AV	C750
A514	N85AW	B06
A515	N85AX	BE36
A517	N85AZ	BABY
A518	N85B	C182
A519	N85BA	BE35
A51A	N85BB	BE36
A51B	N85BC	MIMU
A51D	N85BE	S22T
A51F	N85BG	C310
A520	N85BH	BEAR
A522	N85BK	P28A
A524	N85BM	EAGL
A526	N85BP	C185
A528	N85BR	RV4
A529	N85BS	PL4
A52D	N85BW	BE95
A531	N85C	CH7A
A532	N85CA	B06
A536	N85CE	GLAS
A537	N85CF	C185
A539	N85CH	PC12
A53A	N85CJ	TB20
A53E	N85CN	J3
A542	N85CS	AT8T
A543	N85CT	PA32
A546	N85CW	PA34
A54A	N85D	GLEX
A54B	N85DA	SR22
A54D	N85DC	PA18
A54E	N85DD	FOX
A550	N85DF	J3
A551	N85DG	CB1
A553	N85DJ	P32R
A555	N85DL	PA31
A55A	N85DR	BE9L
A55C	N85DT	C185
A55E	N85DV	K100
A55F	N85DW	P208
A564	N85EA	COL4
A565	N85EB	C560
A566	N85EC	BE36
A569	N85EF	C182
A56F	N85EM	S22T
A573	N85ER	C25B
A574	N85ES	C82S
A575	N85ET	BD4
A577	N85EV	EVOT
A579	N85EX	CB1
A580	N85FD	BE9L
A588	N85FM	TBM7
A58D	N85FS	BE58
A58E	N85FT	T18
A598	N85GC	GLF4
A59D	N85GH	C185
A59F	N85GK	C172
A5A3	N85GP	BL8
A5A5	N85GR	LJ45
A5A6	N85GS	BE35
A5AA	N85GW	BE9L
A5AF	N85HA	C56X
A5B1	N85HC	DHC2
A5B2	N85HD	F2TH
A5B3	N85HE	C550
A5B5	N85HG	LA25
A5B7	N85HJ	S58P
A5BA	N85HM	LGEZ
A5BD	N85HQ	RBEL
A5C3	N85HW	BE20
A5C7	N85J	BE35
A5C8	N85JA	C172
A5CD	N85JF	PTS1
A5D1	N85JK	TBM7
A5D3	N85JM	GLF5
A5D7	N85JR	T6
A5D8	N85JS	BE33
A5D9	N85JT	VTRA
A5DC	N85JW	C172
A5E0	N85K	PA34
A5E1	N85KA	C185
A5E2	N85KB	F900
A5E4	N85KD	SREY
A5EC	N85KM	C25A
A5F1	N85KS	C421
A5F2	N85KT	LGEZ
A5F4	N85KV	A109
A5F5	N85KW	LGEZ
A5F9	N85L	GLID
A5FB	N85LB	C340
A5FC	N85LC	C185
A5FD	N85LD	LGEZ
A5FE	N85LE	M7
A5FF	N85LF	EC45
A600	N85LG	BE9L
A601	N85LH	C510
A602	N85LJ	LJ60
A60D	N85LV	HROC
A60E	N85LW	RV6
A612	N85M	GA6C
A613	N85MA	M5
A614	N85MB	SA10
A616	N85MD	RV6
A617	N85ME	BE58
A61B	N85MJ	C310
A61D	N85ML	CH7A
A61E	N85MM	S22T
A622	N85MR	C25B
A623	N85MS	C650
A624	N85MT	DFLY
A626	N85MV	BE58
A627	N85MW	VEZE
A628	N85MX	GLF4
A62B	N85N	C182
A62C	N85NA	P28A
A62E	N85NC	TBM7
A632	N85NG	PC12
A634	N85NJ	TBM9
A639	N85NP	M20P
A63E	N85NU	HDJT
A63F	N85NV	GLF5
A644	N85P	DSA1
A646	N85PB	CRUZ
A647	N85PC	BE9L
A648	N85PD	EPIC
A649	N85PE	T206
A64B	N85PG	PA46
A64C	N85PH	BE9L
A64D	N85PJ	B06
A64E	N85PK	H25B
A64F	N85PL	PRM1
A652	N85PP	B212
A654	N85PR	SREY
A656	N85PT	WW24
A659	N85PW	RV4
A65D	N85Q	C185
A676	N85R	C182
A677	N85RA	SA30
A678	N85RB	B06
A679	N85RC	SA30
A67A	N85RD	SS2T
A67C	N85RF	DSA1
A67D	N85RG	MIMU
A67F	N85RJ	PA23
A686	N85RR	BE95
A687	N85RS	EAGL
A688	N85RT	PA46
A68A	N85RV	RV4
A68B	N85RW	P28A
A690	N85SA	DC3
A691	N85SB	GLAS
A692	N85SC	C525
A694	N85SE	PC24
A695	N85SF	FURY
A696	N85SG	E50P
A697	N85SH	KR2
A698	N85SJ	C182
A699	N85SK	EC30
A69B	N85SM	EA50
A69D	N85SP	P28A
A69F	N85SR	C310
A6A0	N85SS	C150
A6A1	N85ST	VEZE
A6A3	N85SV	LJ35
A6A4	N85SW	RV7
A6A5	N85SX	BE35
A6A8	N85T	C182
A6A9	N85TA	FOX
A6AA	N85TB	BE9L
A6AE	N85TF	VEZE
A6AF	N85TG	GLAS
A6B2	N85TK	P46T
A6B4	N85TM	BE50
A6B5	N85TN	FA50
A6B6	N85TP	HROC
A6B8	N85TR	AEST
A6B9	N85TS	CL35
A6BA	N85TT	COZY
A6D3	N85UT	BE20
A6DA	N85V	GLF5
A6DB	N85VA	L8
A6DC	N85VB	C182
A6DD	N85VC	C510
A6E5	N85VL	PA30
A6EA	N85VR	C25A
A6EE	N85VV	S22T
A6EF	N85VW	C25M
A6F2	N85VZ	TBM7
A6F4	N85WA	P28A
A6F5	N85WB	SR22
A6F6	N85WC	S22T
A6F7	N85WD	GLF4
A6F9	N85WF	SR22
A6FB	N85WH	C525
A6FD	N85WK	J3
A6FF	N85WM	BE33
A701	N85WP	DV20
A704	N85WS	PTS1
A705	N85WT	C650
A70A	N85WY	HUSK
A71A	N85XP	BE20
A722	N85XX	CC11
A72A	N85YE	AA5
A72F	N85YK	YK52
A735	N85YR	P46T
A745	N85ZG	TBM7
A759	N850AA	TBM7
A75C	N850AD	TBM7
A75D	N850AE	E135
A75F	N850AG	TBM7
A760	N850AH	TBM7
A761	N850AJ	TBM7
A765	N850AN	B789
A766	N850AP	TBM7
A768	N850AR	S92
A76C	N850AV	TBM7
A76E	N850AX	TBM7
A770	N850AZ	TBM7
A771	N850B	BE50
A772	N850BA	TBM7
A775	N850BD	TBM7
A778	N850BG	TBM7
A77B	N850BK	BE20
A77C	N850BL	TBM7
A77D	N850BM	B505
A77F	N850BP	AS50
A783	N850BT	TBM7
A786	N850BW	FA50
A787	N850BX	TBM7
A789	N850BZ	TBM7
A78B	N850CA	TBM7
A78D	N850CC	SBR1
A78F	N850CE	TBM7
A790	N850CF	TBM7
A791	N850CG	TBM7
A796	N850CM	BE60
A798	N850CP	C25B
A79B	N850CS	TBM7
A7A3	N850D	B350
A7A4	N850DA	C180
A7A6	N850DC	BE60
A7A7	N850DD	TBM7
A7A9	N850DF	R44
A7AD	N850DK	TBM7
A7B0	N850DN	B739
A7B1	N850DP	H25B
A7B3	N850DR	C150
A7B4	N850DS	DA40
A7B5	N850DT	TBM7
A7B7	N850DV	EPIC
A7B9	N850DX	TBM7
A7BC	N850E	TBM7
A7BE	N850EB	SR22
A7BF	N850EC	H25B
A7C0	N850ED	TBM7
A7C1	N850EE	TBM7
A7C2	N850EF	SR20
A7C7	N850EL	TBM7
A7C9	N850EN	FA50
A7D6	N850FA	TBM7
A7D7	N850FB	H25B
A7D9	N850FD	B77L
A7DA	N850FE	C208
A7DC	N850FG	C172
A7DE	N850FJ	FA50
A7E3	N850FP	TBM7
A7F6	N850GH	TBM7
A7FA	N850GM	TBM7
A7FF	N850GS	TBM7
A800	N850GT	B748
A802	N850GV	TBM7
A804	N850GX	TBM7
A807	N850H	C208
A808	N850HA	TBM7
A80B	N850HD	TBM7
A815	N850HP	TBM7
A817	N850HR	TBM7
A820	N850J	PC12
A821	N850JA	H25C
A822	N850JB	TBM7
A828	N850JH	TBM7
A82A	N850JK	TBM7
A82E	N850JP	H25B
A831	N850JS	H25B
A83A	N850KA	TBM7
A83D	N850KD	TBM7
A83F	N850KF	C310
A841	N850KH	TBM7
A842	N850KJ	TBM7
A843	N850KK	TBM7
A847	N850KP	TBM7
A84A	N850KS	BE36
A84B	N850KT	TBM7
A852	N850L	DA40
A855	N850LC	TBM7
A856	N850LD	TBM7
A859	N850LG	GLF4
A85A	N850LH	TBM7
A85D	N850LL	TBM7
A85E	N850LM	TBM7
A864	N850LT	TBM7
A86B	N850M	UH1
A86C	N850MA	C560
A86D	N850MB	TBM7
A86E	N850MC	FDMC
A871	N850MF	TBM7
A872	N850MG	C185
A873	N850MH	EC30
A875	N850MK	TBM7
A87B	N850MR	TBM7
A880	N850MW	TBM7
A882	N850MY	TBM7
A885	N850NA	F18H
A887	N850NC	P28R
A891	N850NN	B738
A892	N850NP	TBM9
A895	N850NS	EVOP
A89D	N850P	PA34
A89E	N850PA	TBM7
A8A0	N850PC	TBM7
A8A1	N850PD	TBM7
A8A2	N850PE	H25B
A8A3	N850PF	TBM7
A8A7	N850PK	TBM7
A8AD	N850PR	TBM7
A8AF	N850PT	TBM8
A8B0	N850PU	P28A
A8B2	N850PW	TBM7
A8CF	N850R	BE35
A8D0	N850RA	FA50
A8D1	N850RB	TBM7
A8D3	N850RD	CRJ2
A8D7	N850RH	TBM7
A8D8	N850RJ	CRJ2
A8D9	N850RK	GLIM
A8DA	N850RL	TBM7
A8DB	N850RM	C421
A8DD	N850RP	TBM7
A8E0	N850RS	RV4
A8EA	N850SB	TBM7
A8EB	N850SC	TBM7
A8EE	N850SF	TBM7
A8EF	N850SG	H25B
A8F1	N850SJ	TBM7
A8F6	N850SP	C172
A8FD	N850SW	PC12
A8FE	N850SX	H25B
A901	N850T	BE35
A902	N850TA	TBM7
A903	N850TB	TBM7
A904	N850TC	F2TH
A90A	N850TJ	TBM7
A90F	N850TP	TBM7
A912	N850TS	TBM7
A913	N850TT	TBM7
A915	N850TV	TBM7
A917	N850TX	TBM7
A91A	N850U	TBM7
A91B	N850UA	A319
A928	N850UP	BE30
A92F	N850UW	EC45
A930	N850UX	H25B
A933	N850V	WACF
A939	N850VF	TBM7
A93B	N850VH	RV12
A93C	N850VJ	TBM7
A93F	N897CA	TBM7
A941	N850VP	H25B
A947	N850VV	TBM7
A94D	N850WA	TBM7
A94E	N850WB	C185
A94F	N850WC	TBM7
A951	N850WE	TBM7
A953	N850WG	H25B
A956	N850WK	TBM7
A958	N850WM	TBM7
A95A	N850WP	TBM8
A95C	N850WR	AT5T
A95E	N850WT	TBM7
A961	N850WW	TBM7
A965	N850X	TBM7
A971	N850XM	H25B
A975	N850XR	H25B
A97E	N850Y	C172
A98E	N850YR	BE60
A9A3	N850ZM	TBM7
A9A8	N850ZS	TBM7
A9AF	N850ZZ	TBM7
A9B4	N8500D	PA22
A9B5	N8500E	P28A
A9B7	N8500G	C150
A9B8	N8500H	LA4
A9B9	N8500J	C150
A9BC	N8500M	BE35
A9BF	N8500Q	PA22
A9C1	N8500S	LA4
A9C2	N8500T	C182
A9CD	N85004	CH7A
A9D0	N85007	RV4
A9D2	N85009	CH7A
A9D4	N8501A	BE35
A9D6	N8501C	PA20
A9D7	N8501D	PA22
A9D9	N8501F	CRJ2
A9DC	N8501J	ERCO
A9DD	N8501K	C172
A9DE	N8501L	PA25
A9E1	N8501P	PA24
A9E4	N8501S	C182
A9E6	N8501U	C172
A9E7	N8501V	B738
A9E8	N8501W	C119
A9EB	N8501Z	J4
A9EC	N85010	CH7A
A9F4	N85018	CH7A
A9F5	N85019	CH7A
A9F6	N8502	S108
A9F7	N8502A	AT5T
A9F8	N8502B	C172
A9FA	N8502D	PA22
A9FB	N8502E	CH7B
A9FC	N8502F	CH2T
AA02	N8502M	BE35
AA03	N8502N	PA32
AA09	N8502U	C172
AA0A	N8502V	PA34
AA0B	N8502W	P28B
AA0E	N8502Z	B738
AA10	N85021	CH7A
AA11	N85022	AT3T
AA13	N85024	CH7A
AA15	N85026	CH7A
AA16	N85027	CH7A
AA18	N85029	CH7A
AA19	N8503	CH7A
AA1A	N8503A	B738
AA1C	N8503C	PA22
AA1E	N8503E	P28A
AA20	N8503G	C150
AA25	N8503M	BE35
AA26	N8503N	P28B
AA2A	N8503S	C182
AA2B	N8503T	C182
AA2C	N8503U	C150
AA2E	N8503W	AT8T
AA30	N8503Y	PA30
AA35	N85033	CH7A
AA3C	N8504	BE18
AA43	N8504G	B738
AA45	N8504J	ERCO
AA46	N8504K	S108
AA47	N8504L	PA25
AA49	N8504N	P28B
AA4C	N8504R	AT8T
AA4E	N8504T	AT8T
AA4F	N8504U	C172
AA54	N8504Z	C119
AA55	N85040	CH7A
AA56	N85041	CH7A
AA57	N85042	CH7A
AA5E	N85049	CH7A
AA60	N8505A	C119
AA61	N8505B	C172
AA63	N8505D	PA22
AA64	N8505E	AT8T
AA66	N8505G	DSA1
AA68	N8505J	C150
AA6B	N8505M	BE35
AA6C	N8505N	P28B
AA6E	N8505Q	CRJ2
AA6F	N8505R	B14A
AA70	N8505S	C182
AA72	N8505U	C172
AA74	N8505W	P28B
AA75	N8505X	C175
AA76	N8505Y	PA30
AA7A	N85052	BE55
AA7F	N85057	CH7A
AA81	N85059	CH7A
AA84	N8506B	C172
AA85	N8506C	CRJ2
AA8B	N8506J	C150
AA8C	N8506K	S108
AA8E	N8506M	BE35
AA8F	N8506N	P28B
AA90	N8506P	AT6T
AA91	N8506Q	T206
AA92	N8506R	B14A
AA94	N8506T	C182
AA96	N8506V	AT5T
AA97	N8506W	P28B
AA99	N8506Y	PA30
AA9D	N85062	CH7A
AA9E	N85063	CH7A
AAA0	N85065	CH7A
AAA1	N85066	CH7A
AAA3	N85068	CH7A
AAA6	N8507A	BE35
AAA7	N8507B	C172
AAA8	N8507C	B738
AAA9	N8507D	PA22
AAAA	N8507E	CH7B
AAAC	N8507G	C150
AAAE	N8507J	AT6T
AAAF	N8507K	AT8T
AAB1	N8507M	BE35
AAB2	N8507N	AT8T
AAB6	N8507S	AT5T
AAB9	N8507V	TRDO
AABC	N8507Y	PA30
AAC0	N85072	CH7A
AAC1	N85073	CH7A
AAC2	N85074	C182
AAC5	N85077	CH7A
AAC7	N85079	CH7A
AACA	N8508B	C172
AACB	N8508C	P28R
AACC	N8508D	PA22
AAD1	N8508J	C150
AAD5	N8508N	VEZE
AAD9	N8508S	C182
AADA	N8508T	C182
AADC	N8508V	SS2P
AADD	N8508W	B738
AADE	N8508X	GC1
AAE1	N85080	C172
AAE2	N85081	CH7A
AAE3	N85082	CH7A
AAE4	N85083	CH7A
AAE6	N85085	CH7A
AAE7	N85086	CH7A
AAE8	N85087	CH7A
AAE9	N85088	CH7A
AAEA	N85089	CH7A
AAEC	N8509A	VEZE
AAED	N8509B	C172
AAEE	N8509C	PA32
AAEF	N8509D	PA22
AAF2	N8509G	C150
AAF7	N8509M	BE35
AAF9	N8509P	PA24
AAFC	N8509S	AT8T
AAFE	N8509U	B738
AB05	N85091	CH7A
AB06	N85092	G3
AB08	N85094	CH7A
AB0D	N85099	CH7A
AB0E	N851	J3
AB12	N851AC	C56X
AB14	N851AE	E135
AB19	N851AK	C185
AB1A	N851AL	AS50
AB1F	N851AR	S92
AB21	N851AT	PA44
AB23	N851AV	CRJ2
AB2F	N851BG	GLID
AB30	N851BH	FOX
AB31	N851BJ	RV8
AB34	N851BM	H25B
AB42	N851CA	C82R
AB45	N851CD	SR22
AB46	N851CE	DC6
AB4D	N851CM	CC11
AB4F	N851CP	C172
AB52	N851CS	DFLY
AB5A	N851D	P51
AB5B	N851DA	C180
AB5C	N851DB	C25A
AB5D	N851DC	AT8T
AB5F	N851DE	C182
AB60	N851DF	AA5
AB67	N851DN	B739
AB75	N851EB	PC12
AB79	N851EF	SR20
AB7C	N851EJ	M18
AB7F	N851EM	BE20
AB90	N851FD	B77L
AB91	N851FE	C208
AB94	N851FH	RV6
AB9D	N851FS	C25A
ABA1	N851FW	SR22
ABAF	N851GK	CL60
ABB7	N851GT	B748
ABB9	N851GV	LJ60
ABBA	N851GW	PC12
ABC1	N851HC	B407
ABCF	N851HS	C550
ABD9	N851JB	C25A
ABDA	N851JC	RV8
ABDE	N851JG	T28
ABE1	N851JK	TBM7
ABE3	N851JM	RV8
ABE8	N851JS	C56X
ABEC	N851JW	SR22
ABF0	N851K	BE33
ABF1	N851KA	BE9L
AC01	N851KS	BE36
AC09	N851L	LJ35
AC0A	N851LA	AT5T
AC10	N851LG	E55P
AC1E	N851LW	C172
AC22	N851M	F2TH
AC23	N851MA	TBM7
AC24	N851MB	AS50
AC26	N851MD	C182
AC29	N851MG	G2CA
AC2A	N851MH	EC30
AC2C	N851MK	B789
AC3F	N851ND	PA44
AC48	N851NN	B738
AC50	N851NW	A332
AC54	N851P	P28A
AC55	N851PA	PA23
AC65	N851PS	DA40
AC67	N851PU	P28A
AC69	N851PW	EXEC
AC7E	N851QS	C700
AC8D	N851RG	H25B
AC92	N851RM	PC12
AC9F	N851S	RV6
ACA7	N851SH	C560
ACAD	N851SP	C172
ACAF	N851SR	SREY
ACB1	N851ST	SR20
ACB6	N851SY	B738
ACB8	N851T	BE56
ACB9	N851TA	C82S
ACBA	N851TB	TBM7
ACBB	N851TC	RS12
ACC4	N851TM	PRM1
ACC6	N851TP	UH1
ACD2	N851UA	A319
AD0F	N851WM	ST75
AD1C	N851X	RV8
AD6B	N8510D	PA22
AD6C	N8510E	B738
AD6D	N8510F	PA34
AD6F	N8510H	NAVI
AD72	N8510L	PA25
AD73	N8510M	AT8T
AD74	N8510N	P28B
AD78	N8510S	C182
AD79	N8510T	DHC3
AD7A	N8510U	C172
AD7C	N8510W	P28B
AD81	N85101	CH7A
AD84	N85104	P40
AD87	N85107	CH7A
AD88	N85108	CH7A
AD89	N85109	CH7A
AD8A	N8511	SR22
AD8B	N8511A	BE35
AD8D	N8511C	PA22
AD8F	N8511E	CH7A
AD90	N8511F	P28A
AD92	N8511H	NAVI
AD94	N8511K	B738
AD96	N8511M	BE95
AD97	N8511N	P28B
AD98	N8511P	PA24
AD99	N8511Q	AT6T
AD9A	N8511R	B14A
AD9B	N8511S	AT3P
AD9E	N8511V	SS2P
AD9F	N8511W	P28B
ADA0	N8511X	MIMU
ADA7	N85114	CH7A
ADAB	N85118	CH7A
ADAE	N8512A	JACE
ADB3	N8512F	AT8T
ADB8	N8512L	AT8T
ADB9	N8512M	BE35
ADBE	N8512S	C182
ADBF	N8512T	C182
ADC0	N8512U	B738
ADC2	N8512W	P28B
ADC4	N8512Y	PA30
ADC8	N85122	CH7A
ADD2	N8513B	C172
ADD3	N8513C	P32R
ADD4	N8513D	PA22
ADD5	N8513E	CH7A
ADD6	N8513F	B738
ADD7	N8513G	LA4
ADD9	N8513J	C150
ADDF	N8513Q	AT8T
ADE1	N8513S	C182
ADE4	N8513V	AT8T
ADE5	N8513W	P28B
ADE7	N8513Y	PA30
ADE8	N8513Z	CH60
ADE9	N85130	CH7A
ADEC	N85133	CH7A
ADF1	N85138	CH7A
ADF6	N8514C	PA34
ADF7	N8514D	PA22
ADF9	N8514F	B738
ADFB	N8514H	NAVI
ADFE	N8514L	PA25
ADFF	N8514M	BE35
AE01	N8514P	B47J
AE02	N8514Q	T206
AE06	N8514U	C172
AE09	N8514X	C175
AE0A	N8514Y	PA30
AE0D	N85141	CH7A
AE0E	N85142	CH7A
AE13	N85147	CH7A
AE14	N85148	CH7A
AE17	N8515A	CH7A
AE1B	N8515E	CH7B
AE1C	N8515F	CRJ2
AE1D	N8515G	AT8T
AE1E	N8515H	G164
AE1F	N8515J	C150
AE22	N8515M	BE35
AE23	N8515N	P28A
AE24	N8515P	PA24
AE27	N8515S	C182
AE28	N8515T	C182
AE2B	N8515W	P28B
AE2C	N8515X	B738
AE2D	N8515Y	PA30
AE2E	N8515Z	ST75
AE30	N85151	CH7A
AE3B	N8516B	C172
AE3C	N8516C	CRJ2
AE3D	N8516D	PA22
AE3F	N8516F	P28A
AE40	N8516G	C340
AE41	N8516H	G164
AE42	N8516J	AT6T
AE43	N8516K	AT5T
AE45	N8516M	C182
AE46	N8516N	P28B
AE47	N8516P	PA18
AE4A	N8516S	C182
AE4E	N8516W	P28B
AE53	N85161	CH7A
AE55	N85163	CH7A
AE58	N85166	CH7A
AE5A	N85168	CH7A
AE5B	N85169	T6
AE5F	N8517C	PA22
AE62	N8517F	B738
AE64	N8517H	NAVI
AE66	N8517K	PTS1
AE6D	N8517S	C182
AE6E	N8517T	C182
AE6F	N8517U	C172
AE70	N8517V	SS2P
AE71	N8517W	P28B
AE75	N85170	CH7A
AE78	N85173	CH7A
AE7E	N85179	CH7A
AE7F	N8518	SA6
AE80	N8518A	BE35
AE82	N8518C	PA20
AE83	N8518D	PA22
AE84	N8518E	CH7A
AE86	N8518G	C150
AE89	N8518K	S108
AE8A	N8518L	WACO
AE8F	N8518R	B738
AE94	N8518W	R22
AE95	N8518X	C175
AE97	N8518Z	B47G
AE99	N85181	CH7A
AE9A	N85182	CH7A
AE9E	N85186	CH7A
AEA0	N85188	CH7A
AEA1	N85189	CH7A
AEA3	N8519A	BE35
AEA4	N8519B	CAMP
AEA7	N8519E	CH7A
AEA9	N8519G	C150
AEAB	N8519J	SRAI
AEAC	N8519K	BLKS
AEAD	N8519L	PA25
AEB0	N8519P	PA24
AEB1	N8519Q	YK50
AEB2	N8519R	B738
AEB3	N8519S	C182
AEB6	N8519V	AT5T
AEB7	N8519W	P28B
AEB9	N8519Y	PA18
AEBA	N8519Z	SCOR
AEBC	N85191	CH7A
AEBD	N85192	CH7A
AEBF	N85194	CH7A
AEC3	N85198	CH7A
AEC4	N85199	CH7A
AEC9	N852AC	C560
AECB	N852AE	E135
AED1	N852AL	PC12
AED2	N852AM	TBM7
AED8	N852AT	PA34
AEDF	N852B	JACE
AEE6	N852BG	GLIM
AEF9	N852CA	TBM7
AEFA	N852CB	DA42
AEFC	N852CD	SR22
AF06	N852CP	C72R
AF0C	N659KB	EPIC
AF12	N852DA	C172
AF1B	N852DK	AT5T
AF1C	N852DL	CL35
AF1D	N852DM	EVOP
AF1E	N852DN	B739
AF21	N852DR	SW4
AF2A	N852E	FA20
AF30	N852EF	SR20
AF3F	N852EW	SR22
AF47	N852FD	B77L
AF53	N852FR	PC12
AF5F	N852GC	YK52
AF66	N852GK	FOX
AF6E	N852GT	B748
AF75	N852H	RV8
AF76	N852HA	C550
AF78	N852HC	RV6
AF80	N852HL	CH60
AF9B	N852JN	SONX
AF9C	N852JP	BE20
AF9F	N852JS	C56X
AFB5	N852KP	G2CA
AFB8	N852KS	SR20
AFB9	N852KT	BE33
AFD0	N852LR	C206
AFD5	N852LW	PULS
AFDA	N852MA	C208
AFDC	N852MC	B06
AFE0	N852MG	G2CA
AFE1	N852MH	EC30
AFE4	N852ML	B789
AFE5	N852MM	S22T
AFF2	N852N	GLAS
AFF3	N852NA	F18H
AFF6	N852ND	PA44
AFFF	N852NN	B738
B007	N852NW	A332
B00B	N852P	P28A
B00C	N852PA	C172
B012	N852PG	FOX
B019	N852PP	EXEC
B01C	N852PS	TBM7
B01E	N852PU	P28A
B035	N852QS	C700
B03D	N852R	BE35
B040	N852RC	SF50
B048	N852RL	B06
B051	N852RV	RV8
B056	N852S	P210
B05E	N852SH	C560
B060	N852SK	SSTL
B062	N852SM	RV8
B067	N852SS	B06
B06F	N852T	BE23
B070	N852TA	F16
B080	N852TS	C414
B085	N852TX	RV3
B089	N852UA	A319
B0A1	N852V	DC10
B0A2	N852VA	A320
B0BA	N852W	PC12
B0D3	N852X	TBM7
B10C	N852ZG	PZ04
B120	N8520B	C172
B121	N8520C	PA20
B122	N8520D	PA20
B12B	N8520N	P28B
B12C	N8520P	PA24
B12D	N8520Q	B738
B12F	N8520S	C182
B133	N8520W	P28B
B134	N8520X	C172
B136	N8520Z	AT8T
B13B	N85204	CH7A
B143	N8521B	C172
B144	N8521C	LJ45
B149	N8521H	NAVI
B14D	N8521M	BE35
B14E	N8521N	P28B
B14F	N8521P	AT3T
B150	N8521Q	AT5T
B155	N8521V	AT6T
B156	N8521W	AT8T
B158	N8521Y	PA18
B159	N8521Z	AT5T
B15D	N85213	LA4
B167	N8522C	PA22
B168	N8522D	PA22
B169	N8522E	CH7B
B16A	N8522F	B47G
B16D	N8522J	C150
B171	N8522N	BL17
B172	N8522P	B738
B175	N8522S	AT8T
B176	N8522T	C182
B177	N8522U	C172
B179	N8522W	P28B
B17A	N8522X	AT6T
B17B	N8522Y	AT8T
B17C	N8522Z	T28
B180	N85223	CH7A
B182	N85225	CH7A
B183	N85226	CH7A
B184	N85227	CH7A
B185	N85228	T28
B186	N85229	CH7A
B187	N8523	DHC2
B18E	N8523G	C150
B190	N8523J	AT8T
B192	N8523L	AT8T
B194	N8523N	P28B
B195	N8523P	PA18
B196	N8523Q	T206
B199	N8523T	C182
B19A	N8523U	C172
B19B	N8523V	SS2P
B19C	N8523W	B738
B19E	N8523Y	PA30
B19F	N8523Z	AT5T
B1A4	N85234	CH7A
B1A9	N85239	AT6T
B1AC	N8524B	C172
B1AE	N8524D	PA22
B1AF	N8524E	P28B
B1B0	N8524F	AT6T
B1B2	N8524H	AT8T
B1B5	N8524L	AT8T
B1B6	N8524M	BE35
B1B7	N8524N	P28B
B1B9	N8524Q	AT5T
B1BA	N8524R	B14A
B1BB	N8524S	C182
B1BC	N8524T	C182
B1BE	N8524V	AT5T
B1BF	N8524W	P28B
B1C0	N8524X	C172
B1C1	N8524Y	PA18
B1C2	N8524Z	B738
B1C6	N85243	CH7A
B1C7	N85244	CH7A
B1CA	N85247	CH7A
B1CB	N85248	CH7A
B1CE	N8525A	BE35
B1CF	N8525B	CRJ2
B1D2	N8525E	CH7A
B1D3	N8525F	AT3T
B1D5	N8525H	UH1
B1D7	N8525K	S108
B1DA	N8525N	P28B
B1DB	N8525P	PA24
B1DC	N8525Q	AT8T
B1DE	N8525S	B738
B1DF	N8525T	C182
B1E1	N8525V	AT5T
B1E3	N8525X	C172
B1E7	N85251	CH7A
B1E8	N85252	CH7A
B1E9	N85253	CH7A
B1EA	N85254	CH7A
B1EB	N85255	CH7A
B1ED	N85257	CH7A
B1EF	N85259	CH7A
B1F2	N8526B	C172
B1F6	N8526F	P28A
B1F7	N8526G	C150
B1F8	N8526H	AT5T
B1FA	N8526K	PA18
B1FB	N8526L	AT3T
B1FC	N8526M	AT5T
B1FD	N8526N	P28B
B1FE	N8526P	PA24
B1FF	N8526Q	T206
B202	N8526T	C182
B205	N8526W	B738
B206	N8526X	C172
B207	N8526Y	PA30
B208	N8526Z	PA20
B20B	N85262	CH7A
B20E	N85265	CH7A
B216	N8527C	PA22
B21A	N8527G	C150
B21B	N8527H	NAVI
B220	N8527N	P28B
B221	N8527P	VALI
B222	N8527Q	B738
B228	N8527W	P28B
B22A	N8527Y	PA30
B232	N85276	CH7A
B233	N85277	CH7A
B234	N85278	CH7A
B235	N85279	CH7A
B236	N8528	BL8
B238	N8528B	C172
B239	N8528C	P28A
B23A	N8528D	UH1
B23D	N8528G	C150
B240	N8528K	J3
B242	N8528M	BE35
B243	N8528N	ST75
B245	N8528Q	B738
B247	N8528S	C182
B248	N8528T	C182
B249	N8528U	C150
B24B	N8528W	P28B
B24C	N8528X	C172
B24D	N8528Y	PA30
B24E	N8528Z	N3N
B250	N85281	CH7A
B252	N85283	CH7A
B253	N85284	CH7A
B255	N85286	CH7A
B257	N85288	CH7A
B259	N8529	WACO
B25B	N8529B	C172
B262	N8529J	C150
B265	N8529M	BE35
B268	N8529Q	UH1
B269	N8529R	SNS7
B26A	N8529S	C182
B26F	N8529X	C172
B271	N8529Z	B738
B272	N85290	CH7A
B273	N85291	CH7A
B274	N85292	CH7A
B275	N85293	CH7A
B276	N85294	CH7A
B27C	N853	BE35
B282	N853AE	E135
B288	N853AL	PC12
B296	N853B	B350
B298	N853BB	UH12
B299	N853BC	DA40
B29C	N853BF	BD4
B29D	N853BG	GLID
B2A1	N853BL	RV8
B2A4	N853BP	AS50
B2A8	N853BT	P28R
B2AF	N853C	GC1
B2B2	N853CC	H25B
B2B4	N853CE	RBEL
B2BB	N853CM	SR22
B2BD	N853CP	C82T
B2BF	N853CR	C560
B2C1	N853CT	PA31
B2CA	N853DB	SR20
B2CE	N853DF	RV7
B2D0	N853DH	AVID
B2D5	N853DN	B739
B2D6	N853DP	EXEC
B2DD	N853DW	SA3
B2DF	N853DY	DV1
B2E1	N853E	GC1
B2E7	N853EF	SR20
B2FE	N853FD	B77L
B2FF	N853FE	C208
B323	N853GR	E55P
B325	N853GT	B748
B336	N853HK	E145
B337	N853HL	C82R
B33E	N853HT	COY2
B350	N853JL	B407
B351	N853JM	SR22
B356	N853JS	C56X
B35A	N853JW	RV7
B366	N853KH	EXEC
B370	N853KT	BE33
B377	N853L	DA40
B379	N853LB	SR20
B37A	N853LC	RV7
B38C	N853LW	JAB4
B392	N853MB	AS50
B393	N853MC	BE9L
B397	N853MG	G2CA
B398	N853MH	EC30
B399	N853MJ	E145
B3A2	N853MT	C421
B3AA	N853NA	F18H
B3AD	N853ND	P28A
B3B2	N853NJ	M18
B3B6	N853NN	B738
B3BE	N853NW	A332
B3C2	N853P	PP3
B3C3	N853PA	C172
B3CE	N853PM	C185
B3D5	N853PU	P28A
B3DC	N853QA	B212
B3EC	N853QS	C700
B3F4	N853R	BE35
B400	N853RM	HIGH
B408	N853RV	RV9
B40E	N853SA	PC12
B40F	N853SB	R44
B41D	N853SR	SREY
B41E	N853SS	B06
B426	N853T	BE35
B427	N853TA	F16
B440	N853UA	A319
B44D	N853UP	BE30
B459	N853VA	A320
B46C	N853VV	DC10
B471	N853W	RV8
B47D	N853WM	PC12
B47F	N853WP	TBM7
B4D9	N8530D	PA22
B4DD	N8530H	NAVI
B4E2	N8530N	P28B
B4E7	N8530T	C182
B4EA	N8530W	B738
B4EC	N8530Y	PA30
B4EF	N85301	CH7A
B4F0	N85302	CH7A
B4F1	N85303	U16
B4F6	N85308	CH7A
B4F9	N8531A	BE35
B4FD	N8531E	CH7A
B501	N8531J	C150
B504	N8531M	BE35
B505	N8531N	P28B
B507	N8531Q	B738
B508	N8531R	B14A
B509	N8531S	R44
B50A	N8531T	C182
B511	N85310	MRAI
B512	N85311	CH7A
B513	N85312	CH7A
B514	N85313	CH7A
B515	N85314	CH7A
B517	N85316	CH7A
B518	N85317	CH7A
B520	N8532E	CH7A
B522	N8532G	CRJ2
B524	N8532J	C150
B525	N8532K	S108
B528	N8532N	P28B
B529	N8532P	PA24
B52C	N8532S	B738
B52E	N8532U	C172
B530	N8532W	P28B
B534	N85320	E75L
B537	N85323	E75L
B53D	N85329	CH7A
B53E	N8533	CH7A
B540	N8533B	C172
B542	N8533D	CRJ2
B544	N8533F	EXEC
B54A	N8533M	BE35
B54E	N8533R	B14A
B54F	N8533S	B738
B550	N8533T	C182
B551	N8533U	C172
B554	N8533X	C172
B556	N8533Z	VP2
B558	N85331	CH7A
B55C	N85335	CH7A
B55E	N85337	CH7A
B55F	N85338	CH7A
B560	N85339	CH7A
B564	N8534C	PA22
B566	N8534E	CH7A
B568	N8534G	C150
B569	N8534H	NAVI
B56D	N8534M	BE35
B56E	N8534N	P28B
B571	N8534R	B14A
B572	N8534S	C182
B573	N8534T	C182
B574	N8534U	C172
B575	N8534V	SS2P
B577	N8534X	C172
B579	N8534Z	B738
B57A	N85340	E75L
B57D	N85343	CH7A
B57E	N85344	CH7A
B582	N85348	CH7A
B583	N85349	CH7A
B589	N8535E	P32R
B58B	N8535G	C150
B58C	N8535H	G164
B591	N8535N	P28B
B592	N8535P	PA24
B594	N8535R	B14A
B595	N8535S	B738
B597	N8535U	C172
B598	N8535V	SS2P
B59A	N8535X	G2CA
B59B	N8535Y	PA30
B59C	N8535Z	GLID
B59E	N85351	E75L
B59F	N85352	E75L
B5A0	N85353	CH7A
B5A1	N85354	E75L
B5A2	N85355	E75L
B5A3	N85356	E75L
B5A5	N85358	E75L
B5A6	N85359	B06
B5A7	N8536	AC50
B5AB	N8536D	PA22
B5AC	N8536E	CH7A
B5AE	N8536G	C150
B5B1	N8536K	C185
B5B3	N8536M	BE35
B5B5	N8536P	PA24
B5B8	N8536S	C182
B5B9	N8536T	C185
B5BA	N8536U	C150
B5BC	N8536W	P28B
B5BD	N8536X	LA4
B5BE	N8536Y	R22
B5BF	N8536Z	B738
B5C2	N85362	CH7A
B5C3	N85363	E75L
B5C4	N85364	CH7A
B5C5	N85365	UH1
B5C6	N85366	CH7A
B5C7	N85367	CH7A
B5C9	N85369	E75L
B5CA	N8537	CH7B
B5CF	N8537E	CH7A
B5D1	N8537G	C150
B5D6	N8537M	BE95
B5D7	N8537N	J3
B5DD	N8537U	C172
B5DF	N8537W	P28B
B5E1	N8537Y	G2T1
B5E2	N8537Z	B738
B5E3	N85370	E75L
B5E4	N85371	CH7A
B5E6	N85373	E75L
B5E7	N85374	E75L
B5E8	N85375	CH7A
B5E9	N85376	E75L
B5EA	N85377	E75L
B5EB	N85378	CH7A
B5EC	N85379	E75L
B5F1	N8538D	PA22
B5F2	N8538E	CH7A
B5F5	N8538H	NAVI
B5F9	N8538M	BE35
B5FA	N8538N	P28B
B5FB	N8538P	PA24
B600	N8538U	C172
B601	N8538V	B738
B603	N8538X	WACO
B604	N8538Y	PA30
B605	N8538Z	PA18
B606	N85380	CH7A
B607	N85381	CH7A
B609	N85383	CH7A
B60A	N85384	CH7A
B60D	N85387	CH7A
B611	N8539A	T28
B614	N8539D	PA22
B615	N8539E	CH7A
B61B	N8539L	T6
B61C	N8539M	BE35
B61D	N8539N	P28B
B621	N8539S	C182
B622	N8539T	C182
B624	N8539V	B738
B625	N8539W	P28B
B626	N8539X	C172
B627	N8539Y	PA30
B628	N8539Z	C182
B62C	N85393	CH7A
B62D	N85394	CH7A
B62F	N85396	CH7A
B630	N85397	CH7A
B631	N85398	CH7A
B633	N854	RV8
B634	N854A	GLID
B637	N854AC	C172
B639	N854AE	E135
B63C	N854AH	RV8
B63D	N854AJ	C150
B63E	N854AK	DA40
B63F	N854AL	PC12
B641	N854AN	C56X
B645	N854AS	CRJ2
B650	N854BC	SR22
B65B	N854BP	AS50
B666	N854C	BE58
B66A	N854CD	SR22
B672	N854CM	C208
B674	N854CP	C82T
B67F	N854D	RV8
B68C	N854DN	B739
B68D	N854DP	YAK3
B697	N854DZ	C82T
B69B	N854EC	EC45
B69E	N854EF	SR20
B6B5	N854FD	B77L
B6BC	N854FL	H25B
B6CA	N854G	RV7
B6CC	N854GB	FOX
B6DC	N854GT	B748
B6DF	N854GW	C172
B6E3	N854H	B407
B6E6	N854HC	GLST
B6E9	N854HF	HUCO
B6ED	N854HK	E145
B6FD	N854JA	C550
B6FF	N854JC	H25A
B711	N854JW	M5
B715	N854K	CRER
B721	N854KM	C152
B72E	N854L	DA40
B747	N854M	UH1
B748	N854MA	P46T
B749	N854MB	AS50
B74F	N854MH	EC30
B764	N854ND	PA44
B76D	N854NN	B738
B76E	N854NP	SONX
B775	N854NW	A332
B779	N854P	BE33
B77A	N854PA	C172
B77D	N854PD	AA5
B77E	N854PE	H60
B78C	N854PU	P28A
B794	N854QB	H60
B7A3	N854QS	C700
B7AB	N854R	BE35
B7AD	N854RB	H60
B7AE	N854RC	ST75
B7B4	N854RJ	B06
B7B7	N854RM	NAVI
B7BF	N854RV	RV4
B7C4	N854S	DV20
B7C5	N854SA	TBM7
B7C7	N854SC	C172
B7C8	N854SD	S22T
B7C9	N854SE	H60
B7D2	N854SP	PETR
B7D4	N854SR	SR22
B7DE	N854TA	F16
B7DF	N854TB	RV4
B7E0	N854TC	C82S
B7F7	N854UA	A319
B7F8	N854UB	H60
B7F9	N854UC	TBM7
B804	N854UP	BE30
B80F	N854V	WACF
B810	N854VA	A320
B829	N854WA	P46T
B82A	N854WB	H60
B839	N854WS	R44
B88C	N8540	WACO
B892	N8540F	P32R
B895	N8540J	C150
B896	N8540K	S108
B897	N8540L	PA25
B898	N8540M	BE95
B89A	N8540P	T6
B89C	N8540R	B14A
B89E	N8540T	C182
B89F	N8540U	T6
B8A0	N8540V	B738
B8A2	N8540X	C172
B8A6	N85401	CH7A
B8A8	N85403	CH7A
B8B1	N8541B	T6
B8B3	N8541D	CRJ2
B8B4	N8541E	R22
B8B6	N8541G	C150
B8B7	N8541H	NAVI
B8B9	N8541K	C172
B8BA	N8541L	C185
B8BB	N8541M	BE35
B8BC	N8541N	P28B
B8BD	N8541P	PA24
B8BF	N8541R	B14A
B8C0	N8541S	AT3P
B8C1	N8541T	C182
B8C2	N8541U	C172
B8C4	N8541W	B738
B8C5	N8541X	C172
B8C9	N85411	CH7A
B8CB	N85413	CH7A
B8D5	N8542C	PA22
B8D6	N8542D	B47G
B8D7	N8542E	CH7A
B8DB	N8542J	C150
B8DE	N8542M	BE35
B8DF	N8542N	P28B
B8E0	N8542P	PA24
B8E7	N8542W	P28B
B8E8	N8542X	C172
B8E9	N8542Y	PA30
B8EA	N8542Z	B738
B8EB	N85420	CH7A
B8EC	N85421	CH7A
B8EF	N85424	CH7A
B8F0	N85425	CH7A
B8F5	N8543	WACO
B8F7	N8543B	C172
B8F8	N8543C	LA4
B8F9	N8543D	PA22
B8FA	N8543E	P28A
B8FB	N8543F	CRJ2
B8FD	N8543H	LA4
B901	N8543M	BE35
B905	N8543R	B14A
B90D	N8543Z	B738
B90E	N85430	CH7A
B911	N85433	CH7A
B912	N85434	CH7A
B917	N85439	CH7A
B91A	N8544B	C172
B91B	N8544C	PA22
B91C	N8544D	PA22
B920	N8544H	BL17
B923	N8544L	PA25
B924	N8544M	BE35
B925	N8544N	P28B
B926	N8544P	PA24
B928	N8544R	B14A
B92A	N8544T	C182
B92B	N8544U	C172
B92D	N8544W	P28B
B92E	N8544X	C172
B92F	N8544Y	PA30
B930	N8544Z	B738
B931	N85440	CH7A
B933	N85442	CH7A
B939	N85448	CH7A
B93B	N8545	WACO
B93D	N8545B	C172
B93F	N8545D	PA22
B948	N8545N	P28B
B94B	N8545R	B14A
B94C	N8545S	C182
B94E	N8545U	C150
B94F	N8545V	B738
B954	N85450	CH7A
B958	N85454	CH7A
B959	N85455	CH7A
B95D	N85459	CH7A
B964	N8546F	P32R
B96A	N8546M	BE35
B96B	N8546N	P28B
B96D	N8546Q	T206
B970	N8546T	C182
B971	N8546U	C172
B972	N8546V	B738
B973	N8546W	P28B
B979	N85462	CH7A
B97A	N85463	CH7A
B97B	N85464	CH7A
B981	N8547	CH7A
B986	N8547E	CH7B
B987	N8547F	PA34
B98A	N8547J	C150
B98B	N8547K	S108
B98F	N8547P	PA24
B991	N8547R	B14A
B995	N8547V	B738
B999	N8547Z	DFLY
B9A3	N85479	CH7A
B9A4	N8548	BL8
B9A6	N8548B	C172
B9A7	N8548C	PA22
B9A9	N8548E	CH7A
B9AE	N8548K	S108
B9AF	N8548L	PA25
B9B1	N8548N	P28B
B9B2	N8548P	B738
B9B3	N8548Q	C185
B9B4	N8548R	B14A
B9BA	N8548X	C172
B9BB	N8548Y	LA25
B9BC	N8548Z	LA25
B9BD	N85480	CH7A
B9C3	N85486	CH7A
B9C7	N8549	CH7B
B9C8	N8549A	LA25
B9C9	N8549B	C172
B9CA	N8549C	P28B
B9CF	N8549H	G164
B9D2	N8549L	CJ1
B9D4	N8549N	P28B
B9D5	N8549P	PA24
B9D9	N8549T	C182
B9DA	N8549U	C172
B9DB	N8549V	SS2P
B9DC	N8549W	P28B
B9DF	N8549Z	B738
B9E1	N85491	CH7A
B9E9	N85499	CH7A
B9EA	N855	FOX
B9EB	N855A	G280
B9EE	N855AC	C56X
B9F3	N855AH	A139
B9FF	N855AV	PA44
BA05	N855BA	S58P
BA06	N855BB	C25A
BA07	N855BC	B77W
BA08	N855BD	C82S
BA1D	N855C	BE95
BA20	N855CC	CC11
BA21	N855CD	SR20
BA25	N855CH	EC30
BA29	N855CM	SR20
BA2B	N855CP	C72R
BA32	N855CW	B505
BA33	N855CX	SONX
BA36	N855D	BE55
BA39	N855DC	BE36
BA3B	N855DE	PA46
BA3C	N855DF	DV20
BA3D	N855DG	F2TH
BA43	N855DN	B739
BA47	N855DS	BE35
BA4F	N855E	B47G
BA53	N855ED	C25A
BA54	N855EE	E55P
BA55	N855EF	SR20
BA68	N855F	S108
BA6B	N855FC	CL30
BA6C	N855FD	B77L
BA6D	N855FE	C208
BA89	N855GH	GLID
BA8A	N855GJ	BE36
BA8B	N855GK	RV7
BA92	N855GS	GLST
BA93	N855GT	B748
BA9A	N855H	C414
BAA4	N855HK	E145
BAB3	N855J	C25M
BAB5	N855JB	PRM1
BAB7	N855JD	CRUZ
BABB	N855JH	COY2
BABE	N855JL	PA31
BAC4	N855JS	C56X
BACC	N855K	PA11
BAD8	N855KM	EVOP
BADA	N855KP	TBM7
BAE5	N855L	DA40
BAF6	N855LS	R44
BAFF	N855MA	P46T
BB00	N855MB	AS50
BB02	N855MD	NAVI
BB03	N855ME	EC35
BB08	N855MK	H160
BB0A	N855MM	CL60
BB0C	N855MP	AA1
BB0F	N855MS	EA50
BB13	N855MW	H25B
BB1A	N855NC	LJ55
BB1D	N855NF	AT8T
BB24	N855NN	B738
BB2C	N855NW	A332
BB30	N855P	P46T
BB33	N855PC	RV7
BB39	N855PJ	CC11
BB40	N855PR	SMAX
BB42	N855PT	LJ55
BB43	N855PU	P28A
BB5A	N855QS	C700
BB63	N855RA	BE40
BB67	N855RE	EAGL
BB6B	N855RJ	LJ55
BB6E	N855RM	PRM1
BB77	N855RW	E170
BB7B	N855S	AVID
BB7E	N855SC	C56X
BB83	N855SH	LNCE
BB85	N855SK	COL4
BB89	N855SP	C82R
BB95	N855TA	SR22
BB97	N855TC	S55P
BB9D	N855TJ	F2TH
BBA5	N855TS	PA18
BBA9	N855TW	C150
BBAA	N855TX	SF50
BBAE	N855UA	A319
BBBB	N855UP	BE30
BBC6	N855V	WACF
BBC7	N855VA	A320
BBCD	N855VG	B350
BBE7	N855WH	C182
BC43	N8550	WACM
BC46	N8550C	PA18
BC47	N8550D	PA22
BC48	N8550E	CH7A
BC4E	N8550L	PA25
BC4F	N8550M	BE35
BC51	N8550P	PA24
BC52	N8550Q	B738
BC56	N8550U	LA25
BC58	N8550W	P28B
BC5E	N85502	CH7A
BC5F	N85503	LA25
BC61	N85505	CH7A
BC6A	N8551D	LA25
BC6E	N8551H	NAVI
BC71	N8551L	PA25
BC73	N8551N	P28B
BC74	N8551P	PA24
BC75	N8551Q	B738
BC79	N8551U	C172
BC7A	N8551V	CH7B
BC7B	N8551W	P28B
BC7F	N85510	CH7A
BC80	N85511	CH7A
BC85	N85516	B190
BC89	N8552	CH7B
BC8B	N8552B	C172
BC8C	N8552C	PA18
BC8D	N8552D	PA22
BC8F	N8552F	B47J
BC94	N8552L	PA25
BC99	N8552R	BE33
BC9A	N8552S	C182
BC9D	N8552V	CH7B
BCA0	N8552Y	PA30
BCA1	N8552Z	B738
BCA5	N85523	CH7A
BCAA	N85528	CH7A
BCAE	N8553B	C172
BCAF	N8553C	PA18
BCB5	N8553J	C150
BCB6	N8553K	S108
BCBA	N8553P	PA15
BCBB	N8553Q	LA25
BCBF	N8553U	C172
BCC1	N8553W	B738
BCC3	N8553Y	LA25
BCC8	N85533	CH7A
BCC9	N85534	CH7A
BCCC	N85537	CH7A
BCD0	N8554A	CRJ2
BCD1	N8554B	C172
BCD3	N8554D	PA22
BCD5	N8554F	B47G
BCDB	N8554M	BE35
BCDF	N8554R	SR22
BCE1	N8554T	C182
BCE2	N8554U	C172
BCE3	N8554V	CH7A
BCE5	N8554X	B738
BCEA	N85542	CH7A
BCEB	N85543	CH7A
BCEC	N85544	CH7A
BCEF	N85547	CH7A
BCF1	N85549	CH7A
BCF2	N8555	PA44
BCF4	N8555B	C172
BCFA	N8555H	G164
BCFB	N8555J	C150
BCFD	N8555L	PA25
BCFF	N8555N	BE35
BD03	N8555S	C182
BD05	N8555U	C172
BD09	N8555Y	PA30
BD0A	N8555Z	B738
BD0C	N85551	CH7B
BD17	N8556B	C172
BD23	N8556P	PA24
BD26	N8556S	C182
BD29	N8556V	CH7B
BD2A	N8556W	P28B
BD2D	N8556Z	B738
BD31	N85563	CH7A
BD32	N85564	CH7A
BD36	N85568	CH7A
BD3C	N8557D	PA22
BD3F	N8557G	C150
BD40	N8557H	R22
BD41	N8557J	C150
BD44	N8557M	BE35
BD46	N8557P	PA24
BD47	N8557Q	B738
BD48	N8557R	BE95
BD49	N8557S	C182
BD4B	N8557U	C172
BD4C	N8557V	CH7B
BD4E	N8557X	C172
BD52	N85571	CH7A
BD55	N85574	CH7A
BD5B	N8558	WACO
BD5C	N8558A	BE35
BD5D	N8558B	C172
BD5E	N8558C	PA34
BD60	N8558E	CH7A
BD63	N8558H	NAVI
BD65	N8558K	S108
BD66	N8558L	PA25
BD67	N8558M	BE35
BD69	N8558P	PA24
BD6E	N8558U	C172
BD70	N8558W	P28B
BD72	N8558Y	PA30
BD73	N8558Z	B738
BD75	N85581	CH7A
BD76	N85582	CH7A
BD79	N85585	CH7A
BD7B	N85587	CH7A
BD7E	N8559	GLID
BD81	N8559C	PA18
BD83	N8559E	CH7A
BD85	N8559G	C150
BD88	N8559K	S108
BD8A	N8559M	BE35
BD8B	N8559N	P28B
BD8C	N8559P	PA24
BD8D	N8559Q	B738
BD8F	N8559S	C182
BD90	N8559T	C182
BD92	N8559V	CH7B
BD93	N8559W	P28B
BD96	N8559Z	R22
BD97	N85590	CH7A
BD98	N85591	CH7A
BD9A	N85593	T6
BD9D	N85596	CH7A
BD9F	N85598	CH7A
BDA7	N856AE	E135
BDAA	N856AH	A139
BDB3	N856AS	CRJ2
BDB5	N856AU	C172
BDB7	N856AW	RV7
BDBB	N856B	BE35
BDBD	N856BB	C25B
BDBE	N856BC	BN2P
BDC2	N856BG	GLIM
BDC9	N856BP	AS50
BDE2	N856CP	C72R
BDE5	N856CS	C82T
BDEE	N856DA	C152
BDEF	N856DB	RV8
BDF0	N856DC	T206
BDF3	N856DF	DV20
BDF7	N856DK	C82S
BDF9	N856DM	AR11
BDFA	N856DN	B739
BDFD	N856DR	C170
BDFE	N856DS	DA40
BE0C	N856EF	SR20
BE16	N856ER	C172
BE20	N856FA	PC6T
BE23	N856FD	B77L
BE24	N856FE	C208
BE3C	N856GD	PA18
BE48	N856GR	PC12
BE4A	N856GT	B748
BE51	N856H	P68
BE66	N856HW	AS50
BE6A	N856J	SLG4
BE75	N856JL	CL60
BE7B	N856JS	C56X
BE85	N856KB	DC3
BE89	N856KF	FOX
BE98	N856KW	CH7B
BE9C	N856L	G2T1
BEA2	N856LF	PC12
BEAE	N856LT	DC3
BEB6	N856MA	C208
BEB7	N856MB	AS50
BEBB	N856MF	TBM7
BEBD	N856MH	EC30
BECF	N856NA	RF10
BED2	N856ND	PA44
BEDB	N856NN	B738
BEE3	N856NW	A332
BEE7	N856P	P28A
BEE9	N856PB	RV10
BEFA	N856PU	P28A
BF02	N856QB	DC3
BF11	N856QS	C700
BF19	N856R	BE35
BF1B	N856RB	DC3
BF1C	N856RC	PA32
BF20	N856RG	RV6
BF21	N856RH	RV6
BF22	N856RJ	AVID
BF23	N856RK	ACAM
BF2E	N856RW	E170
BF34	N856SB	RV7
BF35	N856SC	P32R
BF3E	N856SM	PC12
BF40	N856SP	PA46
BF42	N856SR	SR22
BF44	N856ST	PC12
BF49	N856SY	B738
BF4B	N856T	GALX
BF4C	N856TA	F16
BF4E	N856TC	K100
BF70	N856UM	SF50
BF72	N856UP	BE30
BF9A	N856WD	HDJT
BFA4	N856WP	DHC1
BFCA	N856YB	DC3
BFFD	N8560C	PA18
BFFE	N8560D	PA22
C000	N8560F	CRJ2
C003	N8560J	C150
C005	N8560L	PA25
C006	N8560M	R22
C009	N8560Q	T206
C00C	N8560T	C182
C00F	N8560W	P28B
C011	N8560Y	PA30
C012	N8560Z	B738
C017	N85604	CH7A
C019	N85606	CH7A
C01A	N85607	CH7A
C01C	N85609	CH7A
C024	N8561G	C150
C02A	N8561N	P28B
C02F	N8561T	C182
C030	N8561U	C172
C031	N8561V	R22
C032	N8561W	P28B
C033	N8561X	C172
C035	N8561Z	B738
C037	N85611	CH7A
C039	N85613	CH7A
C03B	N85615	CH7A
C03D	N85617	CH7A
C043	N8562C	PA18
C044	N8562D	PA18
C046	N8562F	B47G
C04C	N8562M	BE35
C04D	N8562N	P28B
C04E	N8562P	PA24
C050	N8562R	BE33
C052	N8562T	C182
C053	N8562U	C172
C058	N8562Z	B738
C05B	N85622	FW90
C066	N8563C	PA18
C068	N8563E	TRDO
C06C	N8563J	C150
C06D	N8563K	S108
C076	N8563U	C172
C078	N8563W	P28B
C07A	N8563Y	LA4
C07B	N8563Z	B738
C07F	N85633	CH7A
C080	N85634	CH7A
C082	N85636	CH7A
C085	N85639	CH7A
C086	N8564	WACO
C088	N8564B	C172
C08C	N8564F	P28A
C093	N8564N	P28R
C095	N8564Q	T206
C096	N8564R	BE58
C098	N8564T	C182
C09B	N8564W	P28B
C09D	N8564Y	PA30
C09E	N8564Z	B738
C0A0	N85641	CH7A
C0A9	N8565	WACO
C0AA	N8565A	BE35
C0AB	N8565B	C172
C0AE	N8565E	CH7A
C0B0	N8565G	C150
C0B5	N8565M	BE35
C0B7	N8565P	PA24
C0BB	N8565T	C182
C0C1	N8565Z	B738
C0C2	N85650	TBM
C0C4	N85652	CH7A
C0C8	N85656	CH7A
C0CD	N8566A	CH70
C0CF	N8566C	PA18
C0D1	N8566E	CH7A
C0D3	N8566G	C150
C0D9	N8566N	P28B
C0DA	N8566P	PA24
C0DC	N8566R	BE35
C0DD	N8566S	C182
C0DE	N8566T	C182
C0E0	N8566V	BL8
C0E1	N8566W	P28B
C0E3	N8566Y	PA30
C0E4	N8566Z	B738
C0E6	N85661	CH7A
C0E8	N85663	CH7A
C0E9	N85664	CH7A
C0ED	N85668	CH7A
C0F3	N8567D	PA18
C0F7	N8567H	NAVI
C0FC	N8567N	P28B
C0FD	N8567P	PA24
C100	N8567S	TRDO
C102	N8567U	C172
C103	N8567V	CH7A
C104	N8567W	P28B
C106	N8567Y	PA30
C107	N8567Z	B738
C109	N85671	CH7A
C10B	N85673	CH7A
C10D	N85675	CH7A
C10E	N85676	CH7A
C115	N8568C	PA18
C116	N8568D	PA18
C117	N8568E	CH7A
C119	N8568G	C150
C11A	N8568H	NAVI
C11C	N8568K	S108
C11E	N8568M	BE35
C121	N8568Q	C172
C122	N8568R	BE58
C12A	N8568Z	B738
C12D	N85682	CH7A
C133	N85688	CH7A
C135	N8569	WACO
C138	N8569C	PA18
C139	N8569D	PA18
C13F	N8569K	S108
C144	N8569Q	P28A
C149	N8569V	CH7B
C14A	N8569W	P28B
C14D	N8569Z	B738
C14F	N85691	CH7A
C150	N85692	CH7A
C153	N85695	CH7A
C154	N85696	T6
C155	N85697	CH7A
C15C	N857AC	CH7A
C15E	N857AE	E135
C161	N857AH	A139
C164	N857AL	T206
C16A	N857AS	CRJ2
C16C	N857AU	C172
C171	N857AZ	COL4
C179	N857BG	G109
C17A	N857BH	RV7
C18D	N857CB	C56X
C18F	N857CD	SR22
C199	N857CP	C72R
C1B1	N857DN	C650
C1BC	N857DZ	B739
C1CD	N857ER	C152
C1DA	N857FD	B77L
C1DB	N857FE	C208
C1E9	N857FU	J3
C1EF	N857G	P28A
C1F0	N857GA	GLF5
C201	N857GT	B748
C212	N857HK	E145
C213	N857HL	R44
C21D	N857HW	EC30
C22F	N857JP	RV7
C232	N857JS	C56X
C236	N857JW	M20P
C253	N857L	DA40
C26D	N857MA	C208
C26E	N857MB	AS50
C274	N857MH	EC30
C278	N857MM	EN28
C279	N857MN	C208
C27A	N857MP	BE20
C281	N857MW	R66
C292	N857NN	B738
C297	N857NT	C82T
C29A	N857NW	A332
C29F	N857PA	DV20
C2A0	N857PB	CH75
C2A2	N857PD	C82S
C2AE	N857PR	GLF3
C2B1	N857PU	P28A
C2C7	N857QR	TTWO
C2C8	N857QS	C700
C2D0	N857R	BE35
C2D2	5Y-SXI	C208
C2D4	N857RD	R44
C2E4	N857RV	RV8
C2E5	N857RW	E170
C2E9	N857S	P28A
C2ED	N857SD	UH1
C2F7	N857SP	C172
C2FA	N857SS	F2TH
C2FB	N857ST	GLF4
C2FF	N857SX	SONX
C302	N857T	CH60
C303	N857TA	F16
C30D	N857TL	R66
C30E	N857TM	RV9
C34E	N857WA	P32R
C351	N857WD	P46T
C398	N857Z	GLID
C3AF	N857ZY	B505
C3B3	N8570B	C172
C3B4	N8570C	PA18
C3B7	N8570F	P28A
C3B8	N8570G	C150
C3BA	N8570J	C150
C3BB	N8570K	S108
C3BD	N8570M	BE35
C3C0	N8570Q	T206
C3C1	N8570R	P28A
C3C2	N8570S	AT3P
C3C3	N8570T	C182
C3C5	N8570V	CH7B
C3C6	N8570W	B738
C3CD	N85703	CH7A
C3CF	N85705	CH7A
C3D1	N85707	CH7A
C3D2	N85708	CH7A
C3D5	N8571A	BE35
C3DB	N8571G	C310
C3DD	N8571J	C150
C3E0	N8571M	BE35
C3E1	N8571N	P28B
C3E2	N8571P	PA24
C3E5	N8571S	C182
C3E7	N8571U	C172
C3E8	N8571V	CH7B
C3EA	N8571X	C172
C3EB	N8571Y	P28A
C3EC	N8571Z	B738
C3F0	N85713	CH7A
C3F2	N85715	CH7A
C3FB	N8572D	PA18
C3FC	N8572E	CH7A
C3FF	N8572H	NAVI
C402	N8572L	PA25
C403	N8572M	BE35
C405	N8572P	PA24
C407	N8572R	C210
C408	N8572S	C182
C409	N8572T	C182
C40A	N8572U	C150
C40B	N8572V	CH7A
C40C	N8572W	P28B
C40D	N8572X	B738
C40F	N8572Z	P28A
C411	N85721	CH7A
C415	N85725	CH7A
C419	N85729	CH7A
C41A	N8573	WACO
C41D	N8573C	PA18
C421	N8573G	C150
C423	N8573J	P28A
C424	N8573K	S108
C428	N8573P	PA24
C42B	N8573S	C182
C42E	N8573V	CH7B
C42F	N8573W	P28B
C430	N8573X	PA38
C432	N8573Z	B738
C433	N85730	CH7A
C440	N8574C	PA18
C445	N8574H	NAVI
C446	N8574J	C150
C447	N8574K	P28A
C449	N8574M	BE35
C453	N8574X	C172
C455	N8574Z	B738
C456	N85740	CH7A
C457	N85741	CH7A
C458	N85742	CH7A
C459	N85743	CH7A
C45B	N85745	CH7A
C45D	N85747	CH7A
C45E	N85748	CH7A
C462	N8575B	VELO
C463	N8575C	KR2
C465	N8575E	CH7A
C466	N8575F	P28A
C46A	N8575K	S108
C471	N8575S	C182
C472	N8575T	C182
C473	N8575U	C172
C474	N8575V	BL8
C475	N8575W	P28A
C478	N8575Z	B738
C479	N85750	CH7A
C47C	N85753	CH7A
C47D	N85754	CH7A
C480	N85757	CH7A
C485	N8576B	C172
C486	N8576C	PA18
C48A	N8576G	C150
C48B	N8576H	NAVI
C492	N8576Q	T206
C497	N8576V	CH7B
C498	N8576W	P28B
C499	N8576X	P28A
C49A	N8576Y	PA18
C49B	N8576Z	B738
C49E	N85762	CH7A
C49F	N85763	CH7A
C4A3	N85767	CH7A
C4A6	N8577	M20P
C4A7	N8577A	BE35
C4A9	N8577C	PA32
C4AA	N8577D	CRJ2
C4AD	N8577G	C150
C4B2	N8577M	BE95
C4B4	N8577P	PA24
C4B6	N8577R	BE36
C4B7	N8577S	C182
C4BA	N8577V	CH7B
C4BB	N8577W	P28B
C4BD	N8577Y	P28A
C4BE	N8577Z	B738
C4C0	N85771	CH7A
C4C3	N85774	CH7A
C4C6	N85777	CH7A
C4C7	N85778	CH7A
C4C9	N8578	CH7A
C4CA	N8578A	BE35
C4CC	N8578C	P28A
C4CD	N8578D	PA18
C4CE	N8578E	CH7B
C4D2	N8578J	C150
C4D6	N8578N	P28B
C4D7	N8578P	PA24
C4D8	N8578Q	B738
C4DD	N8578V	BL8
C4E1	N8578Z	P28A
C4E2	N85780	CH7A
C4EA	N85788	CH7A
C4EC	N8579	CH7B
C4EE	N8579B	FOX
C4EF	N8579C	PA18
C4F4	N8579H	NAVI
C4F9	N8579N	P28A
C4FA	N8579P	PA24
C4FD	N8579S	C182
C4FE	N8579T	C182
C4FF	N8579U	C172
C500	N8579V	CH7B
C501	N8579W	P28B
C504	N8579Z	B738
C505	N85790	CH7A
C506	N85791	CH7A
C507	N85792	CH7A
C50A	N85795	CH7A
C50C	N85797	CH7A
C50F	N858	GLID
C510	N858A	PA22
C511	N858AA	AT8T
C513	N858AC	C441
C516	N858AF	SF50
C518	N858AH	A139
C51B	N858AL	BE36
C523	N858AU	C172
C524	N858AV	H25B
C52B	N858BB	T210
C535	N858BM	T206
C53A	N858BS	SR22
C542	N858C	M700
C544	N858CB	C25B
C545	N858CC	G280
C549	N858CG	GLF6
C54A	N858CH	AEST
C550	N858CP	C72R
C554	N858CT	FDCT
C556	N858CV	CL60
C557	N858CW	GLST
C559	N858CY	JS32
C55B	N858D	BE35
C55C	N858DA	SR20
C55F	N858DD	C25A
C561	N858DF	DV20
C566	N858DL	GLEX
C567	N858DM	AVID
C569	N858DP	C525
C573	N858DZ	B739
C579	N858EE	E55P
C580	N858EM	J3
C582	N858EP	C25B
C584	N858ER	C172
C591	N858FD	B77L
C592	N858FE	C208
C59F	N858FT	B741
C5AB	N858GE	H60
C5B7	N858GS	EA50
C5B8	N858GT	B748
C5CD	N858HP	SR22
C5D4	N858HW	EC30
C5D9	N858JA	T206
C5DA	N858JB	M20P
C5DC	N858JD	RV8
C5E4	N858JM	BE95
C5E6	N858JP	RV6
C5F1	N858K	BE60
C5F6	N858KE	GLF5
C5FD	N858KM	RV6
C60A	N858L	DA40
C60B	N858LA	BE58
C60E	N858LD	PA32
C618	N858LP	BE58
C623	N858M	UH1
C624	N858MA	C208
C628	N858ME	C560
C62A	N858MG	C68A
C62B	N858MH	EC30
C62E	N858ML	BE58
C62F	N858MM	C240
C63C	N858N	TL20
C63F	N858NC	BE58
C640	N858ND	COL4
C649	N858NN	B738
C651	N858NW	A332
C655	N858P	BE58
C656	N858PA	DA40
C657	N858PB	BE58
C658	N858PC	BE36
C65C	N858PG	S22T
C665	N858PR	BE58
C666	N858PS	PC12
C668	N858PU	P28A
C66E	N858Q	PRM1
C67F	N858QS	C700
C689	N858RB	CH7A
C692	N858RL	COZY
C693	N858RM	C550
C698	N858RS	BOLT
C69B	N858RV	RV8
C69C	N858RW	E170
C6A0	N858S	AA5
C6A2	N858SB	RV6
C6A3	N858SC	C172
C6A4	N858SD	SR20
C6A9	N858SJ	CRJ2
C6AC	N858SM	P28A
C6AE	N858SP	FA10
C6B0	N858SR	P32R
C6BA	N858TA	F16
C6BC	N858TC	B58T
C6BD	N858TD	PA46
C6C1	N858TH	C750
C6C4	N858TL	S22T
C6C6	N858TN	S22T
C6CE	N858TW	SR22
C6F5	N858VK	C172
C704	N858W	BE58
C706	N858WB	RV7
C70E	N858WK	C172
C719	N858WW	ASTR
C71C	N858WZ	ASTR
C726	N858XJ	C172
C748	N858YT	C172
C74F	N858Z	R44
C756	N858ZG	S22T
C759	N858ZK	C172
C768	N8580	VP2
C769	N8580A	CRJ2
C76A	N8580B	C172
C76C	N8580D	PA18
C76D	N8580E	P28A
C76F	N8580G	C150
C771	N8580J	C150
C775	N8580N	P28B
C777	N8580Q	T206
C778	N8580R	BE95
C77A	N8580T	C182
C77B	N8580U	C172
C77E	N8580X	C172
C780	N8580Z	B738
C781	N85800	AR11
C782	N85801	AR11
C783	N85802	AR11
C786	N85805	AR11
C787	N85806	AR11
C789	N85808	AR11
C78F	N8581D	PA18
C791	N8581F	C182
C794	N8581J	P28A
C79C	N8581S	C182
C79E	N8581U	C172
C79F	N8581V	CH7B
C7A1	N8581X	C172
C7A3	N8581Z	B738
C7A4	N85810	AR11
C7A8	N85814	AR11
C7AB	N85817	AR11
C7B1	N8582C	P28R
C7B6	N8582H	NAVI
C7B7	N8582J	C150
C7BA	N8582M	P28R
C7BC	N8582P	PA24
C7C1	N8582U	C172
C7C2	N8582V	BL8
C7C6	N8582Z	B738
C7C8	N85821	AR11
C7CF	N85828	AR11
C7D1	N8583	CH7A
C7D2	N8583A	GA5C
C7DD	N8583M	BE35
C7DE	N8583N	P28R
C7DF	N8583P	PA24
C7E1	N8583R	BE33
C7E2	N8583S	C182
C7E4	N8583U	C172
C7E5	N8583V	BL8
C7E8	N8583Y	PA30
C7E9	N8583Z	B738
C7EE	N85834	AR11
C7EF	N85835	AR11
C7F3	N85839	AR11
C7F4	N8584	WACO
C7FD	N8584J	C150
C7FE	N8584K	S108
C800	N8584M	BE35
C802	N8584P	PA24
C804	N8584R	BE33
C805	N8584S	C182
C806	N8584T	P28R
C807	N8584U	C182
C808	N8584V	C172
C809	N8584W	P28B
C80C	N8584Z	B738
C80E	N85841	AR11
C811	N85844	AR11
C815	N85848	AR11
C816	N85849	AR11
C818	N8585A	BE35
C81B	N8585D	PA18
C81D	N8585F	B47J
C81E	N8585G	C150
C824	N8585N	P28B
C825	N8585P	PA24
C827	N8585R	BE60
C828	N8585S	C182
C829	N8585T	C182
C82A	N8585U	C172
C82D	N8585X	C172
C82E	N8585Y	PA30
C82F	N8585Z	P28R
C835	N85855	AR11
C836	N85856	AR11
C83B	N8586A	P28R
C83D	N8586C	PA22
C846	N8586M	BE35
C84A	N8586R	BE33
C84B	N8586S	AT3P
C84C	N8586T	C182
C851	N8586Y	PA30
C855	N85862	AR11
C858	N85865	AR11
C85F	N8587B	C172
C861	N8587D	PA22
C862	N8587E	CRJ2
C864	N8587G	C150
C865	N8587H	E35L
C866	N8587J	C150
C867	N8587K	P28R
C86B	N8587P	PA24
C86F	N8587T	PA32
C870	N8587U	C172
C871	N8587V	BL8
C876	N85870	AR11
C877	N85871	AR11
C87B	N85875	AR11
C881	N8588A	BE35
C882	N8588B	P28A
C884	N8588D	CRJ2
C885	N8588E	AA5
C887	N8588G	C150
C888	N8588H	NAVI
C889	N8588J	C150
C88B	N8588L	PA25
C88C	N8588M	BE35
C892	N8588T	C182
C893	N8588U	C172
C895	N8588W	P28B
C899	N85880	AR11
C89A	N85881	C337
C89D	N85884	AR11
C89F	N85886	C337
C8A0	N85887	AR11
C8A1	N85888	AR11
C8A2	N85889	AR11
C8A4	N8589A	BE17
C8A5	N8589B	C172
C8A7	N8589D	PA18
C8AA	N8589G	C150
C8AF	N8589M	BE35
C8B1	N8589P	RBEL
C8B3	N8589R	BE95
C8B7	N8589V	BL8
C8B8	N8589W	P28B
C8BD	N85891	AR11
C8BE	N85892	C182
C8C1	N85895	AR11
C8C4	N85898	C337
C8CE	N859AG	CL60
C8CF	N859AH	A139
C8D2	N859AL	T206
C8D3	N859AM	B738
C8D9	N859AT	M20P
C8DA	N859AU	B734
C8E1	N859BA	C82R
C8F9	N859C	BE36
C8FA	N859CA	TBM7
C8FB	N859CB	FOX
C8FC	N859CC	BE20
C8FF	N859CF	RV7
C907	N859CP	C72R
C90B	N859CT	RV9
C912	N859D	C172
C915	N859DC	HUSK
C91D	N859DL	C185
C91F	N859DN	B739
C923	N859DS	HUSK
C937	N859EM	EXEC
C948	N859FD	B77L
C949	N859FE	C208
C956	N859FT	C56X
C95E	N859GA	BE20
C96F	N859GT	B748
C98B	N859HW	EC30
C98F	N859J	SR22
C990	N859JA	C182
C992	N859JC	C68A
C996	N859JG	COL3
C99F	N859JR	B407
C9A1	N859JT	C172
C9B1	N859KJ	BE9L
C9C4	N859LC	B505
C9CC	N859LL	C25B
C9DB	N859MA	C208
C9DC	N859MB	AS50
C9E2	N859MH	RV6
C9F4	N859NA	X59
CA00	N859NN	B738
CA08	N859NW	A332
CA0D	N859PA	DA40
CA0E	N859PB	ONEX
CA17	N859PL	PC12
CA1C	N859PR	GLST
CA1F	N859PU	P28A
CA36	N859QS	C700
CA3F	N859RA	CH75
CA45	N859RG	C82S
CA53	N859RW	E170
CA58	N859SA	SLG2
CA65	N859SP	C172
CA67	N859SR	SR22
CA71	N859TA	F16
CA73	N859TC	TRDO
CAA2	N859V	WACF
CABD	N859WB	HIGH
CABF	N859WD	DHC3
CAC9	N859WP	B736
CAD8	N859XD	DHC3
CAF5	N859YH	DHC3
CB06	N859Z	C175
CB07	N859ZA	SF50
CB26	N8590G	C150
CB29	N8590K	S108
CB2B	N8590M	BE35
CB30	N8590S	AT3P
CB31	N8590T	C182
CB32	N8590U	C150
CB33	N8590V	BL8
CB36	N8590Y	PA30
CB39	N85901	C337
CB3D	N85905	AR11
CB3E	N85906	AR11
CB3F	N85907	AR11
CB44	N8591B	C172
CB46	N8591D	PA18
CB4A	N8591H	NAVI
CB4E	N8591M	BE35
CB53	N8591S	C182
CB54	N8591T	C182
CB57	N8591W	P28B
CB60	N85915	AR11
CB61	N85916	AR11
CB62	N85917	AR11
CB63	N85918	C337
CB64	N85919	AR11
CB67	N8592B	C172
CB69	N8592D	PA18
CB71	N8592M	BE35
CB72	N8592N	P28A
CB74	N8592Q	T206
CB79	N8592V	BL8
CB7E	N85920	AR11
CB7F	N85921	AR11
CB80	N85922	AR11
CB87	N85929	AR11
CB8A	N8593B	C172
CB8B	N8593C	PA22
CB8C	N8593D	PA18
CB8E	N8593F	B47G
CB9C	N8593V	CH7A
CB9D	N8593W	P28B
CB9F	N8593Y	PA30
CBA2	N85931	AR11
CBA3	N85932	AR11
CBA7	N85936	C182
CBA8	N85937	AR11
CBA9	N85938	C182
CBAB	N8594	CH7B
CBAD	N8594B	C172
CBAE	N8594C	P28A
CBAF	N8594D	PA18
CBB0	N8594E	CH7A
CBB8	N8594N	P28A
CBBA	N8594Q	T206
CBBF	N8594V	CH7B
CBC0	N8594W	P28B
CBC6	N85942	AR11
CBCC	N85948	AR11
CBCE	N8595	GLID
CBCF	N8595A	BE35
CBD0	N8595B	PA23
CBD5	N8595G	C150
CBDA	N8595M	BE95
CBDF	N8595S	AT3P
CBE1	N8595U	C172
CBE2	N8595V	CH7A
CBE5	N8595Y	PA30
CBE6	N8595Z	CRER
CBF1	N8596	AR11
CBFA	N8596J	C150
CBFE	N8596N	P28R
CC01	N8596R	BE95
CC04	N8596U	C172
CC06	N8596W	P28B
CC0C	N85962	AR11
CC0F	N85965	C337
CC13	N85969	AR11
CC18	N8597D	PA18
CC19	N8597E	CH7A
CC1F	N8597L	PA25
CC20	N8597M	BE35
CC22	N8597P	PA24
CC27	N8597U	C172
CC28	N8597V	BL8
CC2B	N8597Y	PA30
CC2D	N85970	AR11
CC2E	N85971	AR11
CC31	N85974	AR11
CC33	N85976	AR11
CC37	N8598	AR11
CC39	N8598B	CRJ2
CC3A	N8598C	PA22
CC3B	N8598D	PA22
CC3F	N8598H	G164
CC41	N8598K	S108
CC43	N8598M	BE35
CC46	N8598Q	T206
CC48	N8598S	C182
CC49	N8598T	C182
CC4A	N8598U	C172
CC51	N85981	AR11
CC56	N85986	AR11
CC58	N85988	C182
CC5A	N8599	WACO
CC5C	N8599B	C172
CC5F	N8599E	CH7A
CC61	N8599G	C150
CC64	N8599K	S108
CC67	N8599N	P28A
CC69	N8599Q	T206
CC6B	N8599S	C182
CC6C	N8599T	C182
CC6E	N8599V	BL8
CC6F	N8599W	P28B
CC74	N85991	AR11
CC75	N85992	C337
CC79	N85996	DH82
CC7A	N85997	AR11
CC7C	N85999	AR11
CC7D	N86	CL60
CC7E	N86A	B14A
CC80	N86AB	PA25
CC84	N86AF	B06
CC86	N86AH	SR22
CC87	N86AJ	PA32
CC8B	N86AN	GLF5
CC8D	N86AQ	C182
CC8E	N86AR	S22T
CC8F	N86AS	S22T
CC90	N86AT	AEST
CC92	N86AV	TB20
CC93	N86AW	C414
CC95	N86AY	P32R
CC96	N86AZ	FOX
CC99	N86BB	B350
CC9A	N86BC	SSTL
CC9B	N86BD	E300
CC9D	N86BF	M20P
CC9E	N86BG	GLIM
CCA0	N86BJ	C72R
CCA1	N86BK	HUSK
CCA5	N86BP	PA24
CCA8	N86BS	GLAS
CCA9	N86BT	LGEZ
CCAB	N86BV	BE33
CCAF	N86BZ	GLIM
CCB0	N86C	P337
CCB1	N86CA	PA32
CCB2	N86CB	BE95
CCB4	N86CD	BE36
CCB7	N86CG	C25B
CCB8	N86CH	TBM7
CCBA	N86CK	MUS2
CCBB	N86CL	RV8
CCBC	N86CM	PA31
CCBD	N86CN	HUSK
CCBE	N86CP	SF50
CCC0	N86CR	GLID
CCC1	N86CS	LGEZ
CCC3	N86CU	E55P
CCC4	N86CV	C560
CCC5	N86CW	G280
CCC7	N86CY	BL8
CCC8	N86CZ	COZY
CCC9	N86D	GLAS
CCCB	N86DB	C172
CCCD	N86DD	C182
CCCE	N86DE	COL4
CCD0	N86DG	GLID
CCD1	N86DH	T210
CCD2	N86DJ	DEFI
CCD4	N86DL	RV14
CCD8	N86DQ	GLF5
CCDA	N86DS	EXEC
CCDB	N86DT	C182
CCDF	N86DX	B06
CCE4	N86EB	C182
CCE5	N86EC	P28A
CCE6	N86ED	RV6
CCE8	N86EF	C82R
CCEA	N86EH	R22
CCEC	N86EK	CH60
CCED	N86EL	CRER
CCEE	N86EM	FB1A
CCF2	N86ER	C172
CCF4	N86ET	WAIX
CCF7	N86EW	SR22
CCF8	N86EX	C208
CCFA	N86EZ	VEZE
CCFB	N86F	F86
CCFC	N86FA	C25C
CCFE	N86FC	PIAT
CD00	N86FE	P28B
CD01	N86FF	SRAI
CD02	N86FG	RV10
CD03	N86FH	R22
CD06	N86FL	BE50
CD09	N86FP	C172
CD0B	N86FR	F86
CD0C	N86FS	RV12
CD10	N86FW	B06
CD15	N86GA	B350
CD17	N86GC	R22
CD19	N86GE	SR22
CD1C	N86GH	HROC
CD1D	N86GJ	SSTL
CD20	N86GM	RV4
CD22	N86GP	PTS1
CD24	N86GR	RV10
CD25	N86GS	GLID
CD28	N86GV	RV12
CD29	N86GW	RV6
CD2A	N86GX	GX
CD2D	N86H	C310
CD2E	N86HA	RV4
CD30	N86HC	P32R
CD31	N86HD	F2TH
CD33	N86HF	RV3
CD34	N86HG	DO27
CD36	N86HJ	C180
CD37	N86HK	TBM7
CD3F	N86HT	HUSK
CD42	N86HW	RV4
CD44	N86HY	HUSK
CD45	N86HZ	G2CA
CD48	N86JB	ACR2
CD4A	N86JD	R44
CD4B	N86JE	EFOX
CD4C	N86JF	VJ22
CD4F	N86JJ	RV4
CD50	N86JK	SR22
CD51	N86JL	EVOP
CD54	N86JP	LGEZ
CD58	N86JT	QIC2
CD5A	N86JV	RV9
CD5F	N86K	NAVI
CD62	N86KC	COL4
CD65	N86KF	FOX
CD6B	N86KM	HDJT
CD71	N86KT	H60
CD76	N86KY	MA5
CD7B	N86LC	J3
CD7D	N86LE	LGEZ
CD7F	N86LG	AEST
CD81	N86LJ	AS50
CD82	N86LK	GP3
CD84	N86LM	HUSK
CD86	N86LP	COL4
CD89	N86LS	FDCT
CD92	N86MA	HUSK
CD95	N86MD	M7
CD96	N86ME	BE36
CD99	N86MH	P46T
CD9B	N86MK	RV7
CD9D	N86MM	MIMU
CD9F	N86MP	K900
CDA1	N86MR	C182
CDA2	N86MS	GLF4
CDA3	N86MT	P210
CDAA	N86N	B06
CDAB	N86NA	F86
CDB8	N86NP	CL60
CDBC	N86NT	GLID
CDC0	N86NX	SR22
CDC6	N86PC	C550
CDC7	N86PD	C414
CDC9	N86PF	P28A
CDCA	N86PG	M20P
CDCB	N86PH	B06
CDCF	N86PM	P46T
CDD1	N86PP	PIPA
CDD3	N86PR	C185
CDD4	N86PS	PTS2
CDD5	N86PT	LGEZ
CDD6	N86PU	NAVI
CDD9	N86PX	RV10
CDF6	N86RA	BL8
CDF8	N86RC	EAGL
CDFB	N86RF	C208
CDFF	N86RK	DA42
CE01	N86RM	C340
CE03	N86RP	C82S
CE05	N86RR	PIAT
CE07	N86RT	BL8
CE09	N86RV	RV6
CE0F	N86SA	C152
CE12	N86SD	B47G
CE13	N86SE	VEZE
CE18	N86SK	T206
CE19	N86SL	R44
CE1A	N86SM	LGEZ
CE1C	N86SP	GLAS
CE1F	N86SS	C185
CE20	N86ST	H500
CE2B	N86TD	LGEZ
CE2D	N86TF	RV6
CE2E	N86TG	C25A
CE2F	N86TH	T18
CE30	N86TJ	R44
CE31	N86TK	PC12
CE33	N86TM	DH82
CE34	N86TN	FA50
CE38	N86TS	R44
CE3A	N86TU	P28A
CE3C	N86TW	TB30
CE3F	N86TZ	LGEZ
CE46	N86UF	PA12
CE4C	N86UM	M20P
CE50	N86UR	C550
CE59	N86V	FLE7
CE5A	N86VA	PA31
CE5B	N86VB	C172
CE67	N86VP	C25C
CE6A	N86VS	C414
CE73	N86WA	C150
CE74	N86WB	SR22
CE75	N86WC	RV6
CE76	N86WD	RV6
CE78	N86WF	CH75
CE7A	N86WH	C510
CE7B	N86WJ	BL8
CE7C	N86WK	LGEZ
CE7D	N86WL	H60
CE7E	N86WM	O1
CE80	N86WP	PA18
CE83	N86WS	G2T1
CE85	N86WU	C56X
CE87	N86WW	T6
CE89	N86WY	HUSK
CE8E	N86XC	GLID
CE99	N86XP	C172
CEB4	N86YR	SPHA
CEB7	N86YU	VELO
CED5	N86ZZ	BE23
CED6	N860	B407
CED7	N860A	BE33
CEDA	N860AC	P28A
CEDD	N860AF	PC12
CEDE	N860AG	F86
CEDF	N860AH	A139
CEE7	N860AR	B412
CEE8	N860AS	CRJ2
CEEA	N860AU	C172
CEF3	N860BC	M20P
CEFB	N860BL	DHC2
CF09	N860C	S108
CF0A	N860CA	TBM7
CF0B	N860CB	GALX
CF10	N860CG	BE95
CF15	N860CM	CL35
CF17	N860CP	C72R
CF19	N860CR	C560
CF1B	N860CT	E55P
CF23	N860DA	B772
CF24	N860DB	C25A
CF25	N860DC	M20P
CF26	N860DD	C25B
CF2E	N860DM	PA32
CF2F	N860DN	B739
CF30	N860DP	B06
CF58	N860FD	B77L
CF69	N860FW	C208
CF6D	N860G	SNS7
CF70	N860GC	BE20
CF7F	N860GT	B748
CF86	N860H	B350
CF9F	N860J	BE20
CFA0	N860JA	C650
CFA1	N860JB	TBM7
CFA8	N860JJ	CRJ2
CFB0	N860JS	C56X
CFEB	N860MA	MU2
CFEC	N860MB	AS50
CFF3	N860MJ	E145
D00B	N860NH	H60
D010	N860NN	B738
D018	N860NW	A332
D01C	N860P	SR20
D01D	N860PA	C172
D02D	N860PS	F2TH
D02F	N860PU	P28A
D046	N860QS	C700
D051	N860RC	C421
D05A	N860RM	RS20
D063	N860RW	E170
D067	N860S	LJ35
D068	N860SA	C172
D075	N860SP	C172
D077	N860SR	SREY
D07A	N860SU	FOX
D080	N860T	BE35
D081	N860TA	F16
D092	N860TT	B350
D096	N860TX	C750
D0B3	N860VA	R22
D0CD	N860WB	C185
D0E4	N860X	C182
D131	N8600B	C172
D132	N8600C	PA22
D133	N8600D	PA22
D135	N8600F	B738
D136	N8600G	C150
D139	N8600K	S108
D13C	N8600N	PA32
D13D	N8600P	PA24
D13E	N8600Q	BE35
D142	N8600U	C150
D146	N8600Y	PA30
D147	N8600Z	C206
D149	N86001	AR11
D14A	N86002	AR11
D14C	N86004	AR11
D14F	N86007	AR11
D150	N86008	AR11
D152	N8601	CH7A
D155	N8601C	B738
D156	N8601D	PA22
D159	N8601G	C150
D15C	N8601K	S108
D15F	N8601N	PA32
D160	N8601P	PA24
D162	N8601R	GLID
D164	N8601T	C182
D165	N8601U	C172
D167	N8601W	P28B
D168	N8601X	D1
D16D	N86012	AR11
D16E	N86013	AR11
D16F	N86014	AR11
D171	N86016	AR11
D174	N86019	AR11
D175	N8602	B505
D176	N8602A	BE35
D177	N8602B	C172
D178	N8602C	PA22
D179	N8602D	PA22
D17B	N8602F	B738
D17F	N8602K	D1
D181	N8602M	BE35
D183	N8602P	PA24
D184	N8602Q	BE35
D185	N8602R	GLID
D186	N8602S	D1
D187	N8602T	C182
D188	N8602U	C172
D189	N8602V	CH7A
D18E	N86020	C337
D18F	N86021	AR11
D191	N86023	AR11
D192	N86024	AR11
D196	N86028	P28A
D19A	N8603B	C172
D19E	N8603F	B738
D1A4	N8603M	BE35
D1A6	N8603P	PA24
D1A7	N8603Q	BE35
D1A8	N8603R	GLID
D1AA	N8603T	C182
D1AB	N8603U	T210
D1B4	N86033	AR11
D1B7	N86036	AR11
D1B8	N86037	AR11
D1BD	N8604B	C172
D1BE	N8604C	CRJ2
D1C4	N8604J	C150
D1C5	N8604K	B738
D1C7	N8604M	BE35
D1CA	N8604Q	BE35
D1CD	N8604T	C182
D1CE	N8604U	C172
D1D0	N8604W	P28B
D1D3	N8604Z	C206
D1D7	N86043	AR11
D1D9	N86045	AR11
D1DB	N86047	J3
D1DF	N8605A	BE35
D1E1	N8605C	PA22
D1E2	N8605D	PA22
D1E3	N8605E	B738
D1E5	N8605G	C150
D1E9	N8605L	PA25
D1EB	N8605N	P28A
D1F1	N8605U	C172
D1F2	N8605V	CH7B
D1F8	N86051	AR11
D1FF	N86058	AR11
D203	N8606B	C172
D204	N8606C	B738
D206	N8606E	P28R
D209	N8606H	NAVI
D20A	N8606J	C150
D20F	N8606P	PA24
D211	N8606R	GLID
D212	N8606S	C150
D213	N8606T	C182
D214	N8606U	C172
D21A	N86060	AR11
D221	N86067	AR11
D227	N8607C	PA22
D228	N8607D	PA22
D22B	N8607G	C150
D22E	N8607K	S108
D230	N8607M	B738
D232	N8607P	PA24
D236	N8607T	C182
D237	N8607U	C172
D23A	N8607X	C180
D240	N86073	AR11
D246	N86079	AR11
D248	N8608A	SVNH
D24B	N8608D	PA22
D24F	N8608H	NAVI
D250	N8608J	C150
D253	N8608M	BE35
D254	N8608N	B738
D255	N8608P	PA24
D257	N8608R	GLID
D258	N8608S	AT3P
D25B	N8608V	BL8
D261	N86081	VP2
D262	N86082	AR11
D266	N86086	AR11
D269	N86089	AR11
D26B	N8609A	B738
D271	N8609G	C150
D276	N8609M	BE35
D277	N8609N	P28A
D27E	N8609V	CH7A
D27F	N8609W	P28B
D280	N8609X	C180
D283	N86090	AR11
D285	N86092	C182
D289	N86096	AR11
D28D	N861	T34P
D291	N861AC	BL8
D294	N861AF	G120
D296	N861AH	A139
D299	N861AL	S76
D29F	N861AS	CRJ2
D2A0	N861AT	C172
D2A1	N861AU	C172
D2A7	N861B	RV7
D2A8	N861BA	C82S
D2A9	N861BB	E145
D2AA	N861BC	B772
D2B3	N861BM	BE36
D2C0	N861C	S108
D2C1	N861CA	P06T
D2C3	N861CC	B06
D2C7	N861CG	C25A
D2C8	N861CH	R22
D2D9	N861D	BE55
D2DA	N861DA	B772
D2DB	N861DB	COZY
D2E5	N861DM	SR20
D2E6	N861DN	B739
D2E7	N861DP	PA46
D2EA	N861DS	BE33
D2F2	N861E	RV7
D30B	N861F	S22T
D30F	N861FD	B77L
D310	N861FE	C208
D319	N861FP	C152
D325	N861GA	MD83
D336	N861GT	B748
D33E	N861HA	C25B
D340	N861HC	C421
D352	N861HW	EC30
D356	N861J	RV8
D35A	N861JD	LNCE
D367	N861JS	Z37P
D370	N861KA	BE9L
D390	N861LH	EC30
D391	N861LJ	LJ45
D3A1	N861M	WACO
D3A2	N861MA	C208
D3A3	N861MB	AS50
D3A4	N861MC	H500
D3A9	N861MH	FOX
D3AD	N861MM	RV8
D3B2	N861MS	SR22
D3B3	N861MT	B407
D3B6	N861MW	C208
D3BD	N861NC	B429
D3C1	N861NG	PC12
D3C7	N861NN	B738
D3CF	N861NW	A332
D3D3	N861P	P28A
D3D4	N861PA	PA34
D3DA	N861PG	SF50
D3E1	N861PP	PC12
D3E4	N861PS	M700
D3E6	N861PU	P28A
D3FD	N861QS	RV6
D405	N861R	BE35
D417	2612	B412
D419	N861RV	CL30
D41A	N861RW	E170
D41B	N861RX	BE36
D41E	N861S	EFOX
D421	N861SC	BE36
D424	N861SF	C82T
D426	N861SH	SR20
D429	N861SL	SLG4
D42E	N861SR	SREY
D434	N861SX	SONX
D437	N861T	BE35
D438	N861TA	F16
D448	N861TS	SR22
D44D	N861TX	C750
D44E	N861TY	AVID
D45E	N861UP	BE30
D474	N861VL	BN2P
D484	N861WB	C185
D490	N861WP	DHC1
D4D4	N861ZG	BE20
D4E6	N8610	CONI
D4E7	N8610A	B738
D4E9	N8610C	PA22
D4F2	N8610M	BE35
D4F3	N8610N	P28R
D4F4	N8610P	PA24
D4F5	N8610Q	BE35
D4F6	N8610R	RV9
D4F8	N8610T	C182
D4FE	N8610Z	C150
D501	N86102	C182
D505	N86106	C337
D508	N86109	C185
D50A	N8611A	CRJ2
D50B	N8611B	C172
D50C	N8611C	R44
D50F	N8611F	B738
D515	N8611M	BE35
D518	N8611Q	BE35
D519	N8611R	BE20
D51D	N8611V	BL8
D51E	N8611W	P28B
D51F	N8611X	C180
D520	N8611Y	PA30
D524	N86112	AR11
D526	N86114	AR11
D528	N86116	T6
D52C	N8612	CN12
D52E	N8612B	C172
D530	N8612D	PA22
D532	N8612F	H500
D533	N8612G	C150
D534	N8612H	NAVI
D535	N8612J	C150
D536	N8612K	B738
D53A	N8612P	PA24
D53B	N8612Q	BE35
D53C	N8612R	GLID
D545	N86120	AR11
D546	N86121	C337
D547	N86122	AR11
D54A	N86125	AR11
D54B	N86126	AR11
D551	N8613B	C172
D553	N8613D	PA22
D559	N8613K	B738
D55B	N8613M	BE95
D55F	N8613R	GLID
D560	N8613S	C150
D561	N8613T	C182
D563	N8613V	CH7B
D565	N8613X	CH70
D56B	N86133	AR11
D56D	N86135	AR11
D56E	N86136	AR11
D575	N8614C	PA22
D579	N8614G	C150
D57B	N8614J	C150
D57C	N8614K	S108
D57E	N8614M	B738
D57F	N8614N	PA32
D580	N8614P	PA24
D581	N8614Q	BE35
D584	N8614T	C182
D585	N8614U	C172
D587	N8614W	P28B
D588	N8614X	C180
D589	N8614Y	PA30
D58B	N86140	AR11
D591	N86146	AR11
D594	N86149	AR11
D5A1	N8615M	BE35
D5A5	N8615R	GLID
D5A8	N8615U	C172
D5A9	N8615V	CH7B
D5AA	N8615W	P28B
D5AC	N8615Y	PA30
D5B0	N86152	AR11
D5B2	N86154	AR11
D5B4	N86156	AR11
D5B6	N86158	AR11
D5BA	N8616B	C172
D5BC	N8616D	PA22
D5C0	N8616H	NAVI
D5C8	N8616R	GLID
D5CA	N8616T	C182
D5CB	N8616U	C172
D5CD	N8616W	P28B
D5D2	N86161	AR11
D5D7	N86166	AR11
D5D8	N86167	C182
D5D9	N86168	C182
D5DF	N8617D	PA22
D5E0	N8617E	B738
D5E1	N8617F	H500
D5E3	N8617H	EN28
D5E9	N8617P	PA24
D5EA	N8617Q	BE35
D5EC	N8617S	C150
D5ED	N8617T	C182
D5EE	N8617U	C172
D5F0	N8617W	P28B
D5F1	N8617X	C180
D5F2	N8617Y	EN28
D5FA	N86176	AR11
D5FC	N86178	C337
D600	N8618B	C172
D603	N8618E	P28A
D604	N8618F	H500
D605	N8618G	C340
D606	N8618H	NAVI
D609	N8618L	PA25
D60B	N8618N	B738
D60F	N8618S	C150
D611	N8618U	C172
D612	N8618V	CH7A
D613	N8618W	P28B
D615	N8618Y	PA30
D617	N86180	AR11
D618	N86181	AR11
D61A	N86183	EN28
D61B	N86184	RLU1
D61C	N86185	AR11
D61D	N86186	AR11
D620	N86189	AR11
D622	N8619A	EN28
D623	N8619B	C172
D625	N8619D	PA22
D626	N8619E	P28A
D627	N8619F	B738
D62A	N8619J	C150
D62B	N8619K	S108
D62C	N8619L	PA25
D62F	N8619P	PA24
D634	N8619U	C150
D635	N8619V	CH7B
D637	N8619X	C180
D638	N8619Y	PA30
D63A	N86190	AR11
D63B	N86191	VP2
D63D	N86193	AR11
D63F	N86195	AR11
D640	N86196	AR11
D642	N86198	EN28
D644	N862	O1
D648	N862AC	BL8
D64B	N862AF	G120
D64D	N862AH	A139
D650	N862AL	S76
D656	N862AS	CRJ2
D658	N862AU	C172
D659	N862AV	A320
D65A	N862AW	TBM7
D677	N862C	S108
D678	N862CA	P28R
D679	N862CB	C210
D67B	N862CD	SR22
D685	N862CP	C72R
D690	N862D	BE36
D691	N862DA	B772
D693	N862DC	TBM7
D69B	N862DL	RV8
D69D	N862DN	B739
D69E	N862DP	SR20
D6A5	N862DW	HDJT
D6A8	N862DZ	B06
D6C6	N862FD	B77L
D6C7	N862FE	C208
D6DC	N862GA	MD83
D6E3	N862GH	RV8
D6E7	N862GM	SR22
D6ED	N862GT	B748
D6FF	N862HL	M20P
D706	N862HT	BE20
D710	N862JC	P28A
D719	N862JM	SF50
D71E	N862JS	RV8
D726	N862K	C550
D727	N862KA	AT8T
D72A	N862KD	M600
D732	N862KM	BE23
D746	N862LG	E55P
D747	N862LH	EC30
D74A	N862LL	RV7
D758	N862M	B06
D75A	N862MB	AS50
D75B	N862MC	H500
D760	N862MH	EC30
D764	N862MM	R44
D768	N862MR	R44
D774	N862NC	B429
D77E	N862NN	B738
D792	N862PH	SR22
D79D	N862PU	P28A
D7A2	N862PZ	C82S
D7B4	N862QS	C700
D7C5	N862RJ	S22T
D7D1	N862RW	E170
D7D8	N862SC	BPAT
D7E0	N862SL	SLG4
D7E5	N862SR	SREY
D7E7	N862ST	T206
D7EC	N862SY	PA11
D7EE	N862T	BE35
D7EF	N862TA	F16
D7F1	N862TC	P28A
D7F6	N862TH	T28
D803	N862TW	C172
D815	N862UP	BE30
D820	N862V	WACF
D83B	N862WB	C185
D84B	N862WT	MM16
D86D	N862YB	B407
D8A0	N8620C	EN28
D8A1	N8620D	PA22
D8A7	N8620K	S108
D8A9	N8620M	BE35
D8AE	N8620S	C150
D8B2	N8620W	P28B
D8B4	N8620Y	PA30
D8B9	N86203	AR11
D8BD	N86207	AR11
D8C1	N8621A	B738
D8C2	N8621B	C172
D8C4	N8621D	PA22
D8C5	N8621E	P28A
D8C7	N8621G	C150
D8CC	N8621M	BE35
D8CD	N8621N	PA32
D8CF	N8621Q	BE35
D8D0	N8621R	GLID
D8D3	N8621U	C150
D8D7	N8621Y	PA30
D8DC	N86213	AR11
D8DF	N86216	AR11
D8E0	N86217	AR11
D8E2	N86219	AR11
D8E7	N8622D	PA22
D8E8	N8622E	EN28
D8EF	N8622M	BE35
D8F0	N8622N	PA32
D8F3	N8622R	GLID
D8F5	N8622T	C182
D8F6	N8622U	EN28
D8F7	N8622V	BL8
D8F8	N8622W	P28B
D8F9	N8622X	EN28
D8FA	N8622Y	PA30
D8FC	N86220	C337
D8FD	N86221	AR11
D8FF	N86223	AR11
D903	N86227	C182
D907	N8623A	CRJ2
D908	N8623B	EN28
D90A	N8623D	PA22
D90B	N8623E	P28A
D90C	N8623F	B738
D90E	N8623H	G164
D910	N8623K	S108
D914	N8623P	PA24
D915	N8623Q	BE35
D916	N8623R	GLID
D917	N8623S	C150
D918	N8623T	EN28
D919	N8623U	C172
D91B	N8623W	P28B
D91E	N8623Z	C206
D921	N86232	AR11
D926	N86237	PTS1
D927	N86238	EN28
D928	N86239	EN28
D92B	N8624B	EN28
D92C	N8624C	PA22
D92D	N8624D	PA22
D930	N8624G	EN28
D932	N8624J	B738
D937	N8624P	PA24
D938	N8624Q	EN28
D93D	N8624V	CH7B
D93E	N8624W	P28B
D940	N8624Y	PA30
D941	N8624Z	T206
D945	N86243	EN28
D946	N86244	EN28
D947	N86245	H60
D94B	N86249	AR11
D950	N8625D	PA22
D953	N8625G	C150
D956	N8625K	EN28
D958	N8625M	BE35
D959	N8625N	PA32
D95B	N8625Q	BE95
D95D	N8625S	C150
D95E	N8625T	C182
D95F	N8625U	C172
D960	N8625V	BL8
D961	N8625W	EN28
D964	N8625Z	EN28
D965	N86250	AR11
D967	N86252	AR11
D96A	N86255	C337
D96B	N86256	C337
D970	N8626A	EN28
D971	N8626B	B738
D974	N8626E	EN28
D975	N8626F	H500
D976	N8626G	C150
D978	N8626J	C150
D97B	N8626M	BE35
D97C	N8626N	PA32
D97D	N8626P	EN28
D980	N8626S	EN28
D981	N8626T	C182
D982	N8626U	C172
D983	N8626V	CH7B
D984	N8626W	P28B
D986	N8626Y	PA30
D989	N86261	C182
D98E	N86266	AR11
D993	N8627A	BE18
D999	N8627G	C150
D99B	N8627J	EN28
D99D	N8627L	PA25
D99E	N8627M	BE35
D9A0	N8627P	PA24
D9A2	N8627R	GLID
D9A4	N8627T	C182
D9A6	N8627V	CH7B
D9A7	N8627W	P28B
D9AB	N86270	AR11
D9AC	N86271	AR11
D9AD	N86272	AR11
D9AE	N86273	AR11
D9B3	N86278	AR11
D9B5	N8628	GA8C
D9B6	N8628A	B738
D9B7	N8628B	C172
D9B9	N8628D	PA22
D9BC	N8628G	C150
D9BE	N8628J	C150
D9C1	N8628M	BE35
D9C5	N8628R	GLID
D9C6	N8628S	C150
D9C7	N8628T	C182
D9C8	N8628U	C172
D9C9	N8628V	CH7A
D9CB	N8628X	B105
D9CD	N8628Z	C206
D9CE	N86280	TBM
D9D3	N86285	C337
D9D4	N86286	AR11
D9D5	N86287	AR11
D9D7	N86289	C182
D9D9	N8629A	B738
D9DB	N8629C	PA20
D9DC	N8629D	PA22
D9E0	N8629H	G164
D9E3	N8629L	PA25
D9E5	N8629N	PA32
D9E8	N8629R	GLID
D9EA	N8629T	C182
D9EB	N8629U	C172
D9EC	N8629V	CH7A
D9ED	N8629W	P28B
D9EF	N8629Y	PA30
D9F6	N86295	AR11
D9F7	N86296	AR11
D9F8	N86297	AR11
D9FC	N863A	PP3
D9FF	N863AC	FOX
DA00	N863AD	M700
DA02	N863AF	G120
DA04	N863AH	A139
DA0D	N863AS	CRJ2
DA0F	N863AU	C172
DA17	N863BB	H60
DA18	N863BC	BL8
DA19	N863BD	RV8
DA2A	N863BW	AA5
DA2E	N863C	S108
DA2F	N863CA	C68A
DA30	N863CB	PC12
DA32	N863CD	SR22
DA34	N863CF	SR22
DA3C	N863CP	C421
DA48	N863DA	B772
DA4A	N863DC	R44
DA4C	N863DE	PA11
DA54	N863DN	B739
DA57	N863DR	T206
DA5F	N863DZ	SH36
DA7D	N863FD	B77L
DA7E	N863FE	C208
DA93	N863GA	MD83
DAA4	N863GT	B748
DAC5	N863JA	T206
DAC6	N863JB	C560
DAC9	N863JE	RV6
DACD	N863JJ	RV6
DAD0	N863JM	HIGH
DAD5	N863JS	C56X
DADD	N863K	G2T1
DAF7	N863LA	B06
DAF8	N863LB	LJ45
DAFE	N863LH	EC30
DB04	N863LP	AR11
DB10	N863MA	C208
DB11	N863MB	AS50
DB12	N863MC	H500
DB17	N863MH	EC30
DB1D	N863MP	R44
DB2B	N863NC	EC35
DB2F	N863NG	PC12
DB35	N863NN	B738
DB41	N863P	P28A
DB42	N863PA	C172
DB49	N863PH	H500
DB4A	N863PJ	BE36
DB53	N863PT	ACR2
DB6B	N863QS	C700
DB7D	N863RK	KR2
DB83	N863RR	RV4
DB88	N863RW	E170
DB8C	N863S	BE35
DB97	N863SL	SLG4
DB9A	N863SP	C172
DB9C	N863SR	SR22
DBA5	N863T	BE95
DBA6	N863TA	C152
DBA8	N863TC	T206
DBD7	N863V	WACF
DBE2	N863VL	BN2P
DBF2	N863WB	C185
DBF3	N863WC	B350
DBFB	N863WL	RV3
DC54	N8630	F86
DC56	N8630B	B738
DC5B	N8630G	C150
DC5D	N8630J	C150
DC5E	N8630K	S108
DC61	N8630N	PA32
DC62	N8630P	PA24
DC66	N8630T	C182
DC67	N8630U	C172
DC69	N8630W	P28B
DC6B	N8630Y	EN28
DC6C	N8630Z	C206
DC6D	N86300	AR11
DC6E	N86301	AR11
DC71	N86304	AR11
DC73	N86306	C337
DC74	N86307	AR11
DC76	N86309	E75L
DC78	N8631A	B738
DC7A	N8631C	PA22
DC7B	N8631D	PA22
DC7C	N8631E	CRJ2
DC80	N8631J	C150
DC83	N8631M	BE35
DC84	N8631N	PA32
DC85	N8631P	EN28
DC87	N8631R	GLID
DC88	N8631S	C150
DC8A	N8631U	C172
DC8B	N8631V	CH7B
DC8E	N8631Y	EN28
DC90	N86310	AR11
DC91	N86311	E75L
DC92	N86312	E75L
DC93	N86313	AR11
DC94	N86314	AR11
DC96	N86316	E75L
DC97	N86317	AR11
DC98	N86318	AR11
DC99	N86319	AR11
DC9B	N8632A	B738
DC9D	N8632C	PA22
DC9E	N8632D	PA22
DCA1	N8632G	C150
DCA4	N8632K	C340
DCA6	N8632M	BE35
DCA8	N8632P	PA24
DCAC	N8632T	C182
DCAE	N8632V	CH7B
DCB1	N8632Y	PA30
DCB2	N8632Z	T206
DCB4	N86321	AR11
DCB5	N86322	E75L
DCB6	N86323	AR11
DCB7	N86324	E75L
DCB9	N86326	AR11
DCBB	N86328	AR11
DCBE	N8633A	B738
DCBF	N8633B	C172
DCC2	N8633E	P28A
DCC6	N8633J	C150
DCC7	N8633K	S108
DCC9	N8633M	BE35
DCCE	N8633S	C150
DCD1	N8633V	CH7B
DCD7	N86331	AR11
DCD9	N86333	AR11
DCDA	N86334	E75L
DCDB	N86335	AR11
DCDC	N86336	E75L
DCDD	N86337	AR11
DCDF	N86339	AR11
DCE1	N8634A	B738
DCE5	N8634E	P28A
DCE7	N8634G	C150
DCE8	N8634H	NAVI
DCE9	N8634J	C150
DCEA	N8634K	S108
DCED	N8634N	PA32
DCF1	N8634S	C150
DCF4	N8634V	CH7B
DCF5	N8634W	P28B
DCF9	N86340	BE35
DCFB	N86342	AR11
DCFC	N86343	AR11
DCFD	N86344	E75L
DD00	N86347	E75L
DD01	N86348	AR11
DD04	N8635A	BE35
DD05	N8635B	C172
DD09	N8635F	B738
DD0A	N8635G	C150
DD13	N8635R	GLID
DD14	N8635S	C150
DD16	N8635U	C150
DD1B	N8635Z	C206
DD1C	N86350	E75L
DD20	N86354	C182
DD26	N8636	GLID
DD27	N8636A	BE36
DD28	N8636B	C172
DD29	N8636C	PA22
DD2A	N8636D	PA22
DD30	N8636K	C340
DD32	N8636M	BE35
DD35	N8636Q	BE35
DD36	N8636R	GLID
DD39	N8636U	C172
DD40	N86361	AR11
DD42	N86363	AR11
DD43	N86364	AR11
DD47	N86368	AR11
DD4A	N8637A	B738
DD4C	N8637C	PA22
DD50	N8637G	C150
DD51	N8637H	NAVI
DD53	N8637K	C340
DD55	N8637M	BE35
DD57	N8637P	PA24
DD58	N8637Q	BE95
DD59	N8637R	GLID
DD5B	N8637T	C182
DD5D	N8637V	CH7B
DD63	N86371	E75L
DD64	N86372	E75L
DD66	N86374	AR11
DD67	N86375	E75L
DD74	N8638H	G164
DD77	N8638L	PA25
DD78	N8638M	BE35
DD7A	N8638P	PA24
DD7B	N8638Q	BE95
DD7D	N8638S	C150
DD7F	N8638U	C172
DD80	N8638V	BL8
DD84	N8638Z	C206
DD85	N86380	AR11
DD86	N86381	AR11
DD88	N86383	C337
DD8B	N86386	AR11
DD8C	N86387	AR11
DD90	N8639A	BE35
DD91	N8639B	B738
DD92	N8639C	PA22
DD96	N8639G	C150
DD97	N8639H	NAVI
DD9B	N8639M	BE35
DD9D	N8639P	PA24
DD9F	N8639R	GLID
DDA0	N8639S	AT3P
DDA9	N86391	AR11
DDAA	N86392	AR11
DDAD	N86395	C337
DDAE	N86396	AR11
DDB1	N86399	AR11
DDB2	N864	FB1A
DDB3	N864A	FB1A
DDB4	N864AA	PA44
DDB9	N864AF	G120
DDBB	N864AH	A139
DDBC	N864AJ	CH75
DDBD	N864AK	C185
DDBF	N864AM	H25B
DDC4	N864AS	CRJ2
DDC6	N864AU	C172
DDCD	N864BA	A5
DDD2	N864BF	H25B
DDD9	N864BN	RV12
DDE5	N864C	S108
DDE6	N864CA	BE30
DDE7	N864CB	LJ31
DDE9	N864CD	SR20
DDEF	N864CK	C172
DDF1	N864CM	C340
DDF3	N864CP	C82T
DDFF	N864DA	B772
DE01	N864DC	H25B
DE0B	N864DN	B739
DE10	N864DT	C25C
DE17	N864E	KIS4
DE34	N864FD	B77L
DE35	N864FE	C208
DE49	N864G	CC19
DE4A	N864GA	MD83
DE5B	N864GT	B743
DE62	N864H	B407
DE63	N864HA	C550
DE7B	N864J	CH7B
DE7D	N864JB	PA46
DE7E	N864JC	S22T
DE82	N864JG	GLEX
DE8C	N864JS	C56X
DE94	N864K	G2T1
DEA2	N864KP	EXEC
DEA8	N864KV	LJ31
DEAD	N864L	FB1A
DEB9	N864LM	P28A
DEC6	N864M	LNC2
DEC8	N864MB	AS50
DEC9	N864MC	C700
DECE	N864MH	EC30
DED2	N864MM	C750
DEE2	N864NC	EC35
DEEC	N864NN	B738
DEF8	N864P	BOLT
DEF9	N864PA	C72R
DEFE	N864PF	K100
DF0B	N864PU	P28A
DF0D	N864PW	SR22
DF22	N864QS	C700
DF2A	N864R	BE35
DF33	N864RJ	PC12
DF3A	N864RR	SE5A
DF3E	N864RV	RV12
DF3F	N864RW	E170
DF43	N864S	BE95
DF45	N864SB	RV7
DF49	N864SF	C208
DF51	N864SP	C172
DF53	N864SR	SR22
DF5D	N864TA	S22T
DF8E	N864V	WACF
DF97	N864VJ	C560
DF99	N864VL	BN2P
DFA7	N864W	FB1A
DFB3	N864WM	CH7A
DFF2	N864Z	B47G
E00E	N8640C	PA22
E00F	N8640D	B738
E010	N8640E	BE18
E012	N8640G	C150
E01D	N8640T	C182
E01E	N8640U	C172
E02B	N86407	C188
E030	N8641B	B738
E032	N8641D	PA22
E03A	N8641M	BE95
E03C	N8641P	PA24
E03E	N8641R	GLID
E03F	N8641S	C150
E041	N8641U	C172
E042	N8641V	BL8
E043	N8641W	P28B
E04E	N86417	C337
E051	N8642	GLID
E052	N8642A	BE35
E053	N8642B	C172
E055	N8642D	C72R
E059	N8642H	NAVI
E05C	N8642L	PA25
E05D	N8642M	BE35
E061	N8642R	GLID
E064	N8642U	C150
E066	N8642W	P28B
E072	N86428	CH7A
E074	N8643	CH7B
E075	N8643A	B738
E078	N8643D	PA22
E07C	N8643H	NAVI
E082	N8643P	PA24
E083	N8643Q	BE35
E088	N8643V	CH7B
E089	N8643W	P28B
E08C	N8643Z	C206
E091	N86434	CORS
E095	N86438	C182
E097	N8644	CH7A
E099	N8644B	C172
E09A	N8644C	B738
E09D	N8644F	H269
E09E	N8644G	C150
E09F	N8644H	G164
E0A1	N8644K	S108
E0A3	N8644M	BE35
E0A5	N8644P	PA24
E0A8	N8644S	C150
E0AA	N8644U	C172
E0AB	N8644V	CH7B
E0AC	N8644W	P28B
E0AF	N8644Z	C206
E0B0	N86440	C188
E0B8	N86448	C188
E0BB	N8645A	B738
E0BF	N8645E	P28A
E0C1	N8645G	B47G
E0C2	N8645H	NAVI
E0C6	N8645M	BE35
E0CA	N8645R	GLID
E0CD	N8645U	C150
E0D3	N86450	C182
E0D5	N86452	C337
E0DE	N8646A	CRJ2
E0DF	N8646B	B738
E0E0	N8646C	PA22
E0E1	N8646D	PA22
E0E5	N8646H	NAVI
E0E9	N8646M	BE35
E0EC	N8646Q	T206
E0ED	N8646R	GLID
E0EE	N8646S	C150
E0F1	N8646V	CH7A
E100	N8647	CH7B
E101	N8647A	B738
E105	N8647E	P28A
E10A	N8647K	C340
E10C	N8647M	C337
E10D	N8647N	P28R
E10F	N8647Q	T206
E110	N8647R	GLID
E112	N8647T	C182
E115	N8647W	P28B
E11B	N86472	RV8
E123	N8648	FLE2
E124	N8648A	B738
E125	N8648B	B105
E126	N8648C	PA22
E129	N8648F	H500
E12A	N8648G	C150
E12F	N8648M	BE35
E131	N8648P	PA24
E137	N8648V	BL8
E13A	N8648Y	PA30
E13F	N86483	PA22
E143	N86487	C337
E147	N8649A	B738
E14A	N8649D	PA22
E14D	N8649G	C150
E150	N8649K	S108
E153	N8649N	P28A
E154	N8649P	PA24
E156	N8649R	GLID
E157	N8649S	C150
E158	N8649T	C182
E15B	N8649W	P28B
E15E	N8649Z	T206
E161	N86492	L37
E162	N86493	L37
E169	N865	RV4
E16D	N865AC	P28A
E170	N865AF	G120
E175	N865AL	S76
E176	N865AM	BE40
E193	N865BR	E550
E19D	N865CA	C68A
E19E	N865CB	CH7A
E19F	N865CC	PA18
E1A0	N865CD	SR20
E1A8	N865CM	CC11
E1AA	N865CP	C72R
E1AE	N865CT	FDCT
E1B1	N865CW	C82T
E1B5	N865D	C172
E1B6	N865DA	B772
E1C0	N865DL	MT
E1C1	N865DM	RV4
E1C2	N865DN	B739
E1C6	N865DS	RV6
E1D1	N865EC	C680
E1D8	N865EK	SF50
E1DF	N865ES	PA18
E1E3	N865EW	SF50
E1E7	N865F	DC86
E1E9	2613	B412
E1EB	N865FD	B77L
E1EC	N865FE	C208
E200	N865G	P28A
E20C	N865GM	CC11
E20D	N865GN	SR22
E215	N865GW	C82S
E21B	N865HB	RV10
E21C	N865HC	C25A
E227	N865HP	C208
E232	N865J	PA11
E23E	N865JM	GLF4
E240	N865JP	C82S
E243	N865JS	C56X
E24C	N865KA	SR22
E252	N865KG	RV4
E255	N865KK	RV8
E257	N865KM	SR22
E265	N865LA	DA40
E274	N865LR	BE30
E276	N865LT	PP3
E27D	N865M	C56X
E27E	N865MA	C208
E27F	N865MB	S22T
E280	N865MC	BE55
E284	N865MG	AT5T
E287	N865MK	C25B
E289	N865MM	SR22
E28F	N865MT	EC35
E297	N865NA	T34T
E299	N865NC	EC35
E29C	N865NF	AT8T
E29D	N865NG	PC12
E2A3	N865NN	B738
E2B0	N865PA	C172
E2B1	N865PB	R44
E2B2	N865PC	FA50
E2B3	N865PD	AA5
E2B7	N865PH	C182
E2B9	N865PK	F2TH
E2C2	N865PU	P28A
E2D9	N865QS	C700
E2E1	N865R	GLF5
E2ED	N865RM	PRM1
E2F3	N865RT	FOX
E2F6	N865RW	E170
E2FD	N865SC	PA34
E302	N865SH	B350
E305	N865SL	SLG4
E30A	N865SR	S22T
E30B	N865SS	SR22
E313	N865T	BE18
E314	N865TA	F16
E33A	N865UP	BE30
E33E	N865UT	C56X
E350	N865VL	BN2P
E355	N865VR	RV10
E35E	N865W	C206
E35F	N865WA	P32R
E373	N865WW	CL30
E3C4	N8650B	C172
E3C5	N8650C	PA18
E3C7	N8650E	P28A
E3C8	N8650F	B738
E3CA	N8650H	NAVI
E3CC	N8650K	S108
E3CE	N8650M	BE35
E3CF	N8650N	P28R
E3D3	N8650S	C150
E3DA	N8650Z	C206
E3E3	N86508	C337
E3E6	N8651A	B738
E3E8	N8651C	P28R
E3EA	N8651E	P28R
E3ED	N8651H	G164
E3F3	N8651P	PA24
E3F5	N8651R	GLID
E3F9	N8651V	CH7B
E3FE	N86510	C182
E401	N86513	C337
E409	N8652A	BE35
E40A	N8652B	B738
E412	N8652K	C340
E414	N8652M	BE35
E415	N8652N	PA32
E417	N8652Q	EN48
E418	N8652R	BE36
E41A	N8652T	C182
E41D	N8652W	P28B
E427	N86526	C182
E42B	N8653	CH7B
E42C	N8653A	B738
E432	N8653G	C150
E437	N8653M	BE35
E43B	N8653R	GLID
E43E	N8653U	C172
E43F	N8653V	CH7B
E440	N8653W	P28B
E442	N8653Y	PA18
E448	N86534	B738
E44A	N86536	C182
E44B	N86537	C337
E44D	N86539	C337
E44F	N8654A	BE35
E450	N8654B	B738
E452	N8654D	PA22
E456	N8654H	NAVI
E45C	N8654P	PA24
E45D	N8654Q	BE35
E45E	N8654R	GLID
E461	N8654U	C172
E463	N8654W	P28B
E468	N86541	C182
E473	N8655B	C172
E474	N8655C	PA18
E475	N8655D	B738
E476	N8655E	PA18
E47F	N8655P	PA24
E486	N8655W	P28B
E48D	N86553	DC3
E496	N8656B	B738
E497	N8656C	PA18
E499	N8656E	SA3
E49B	N8656G	AA5
E49C	N8656H	NAVI
E49D	N8656J	C150
E49E	N8656K	S108
E49F	N8656L	PA25
E4A1	N8656N	PA32
E4A2	N8656P	PA24
E4A4	N8656R	GLID
E4A6	N8656T	C182
E4AF	N86562	NAVI
E4B4	N86567	C185
E4B8	N8657A	BE35
E4B9	N8657B	B738
E4BB	N8657D	PA22
E4BE	N8657G	C150
E4C0	N8657J	C150
E4C5	N8657P	PA24
E4C6	N8657Q	BE35
E4C7	N8657R	GLID
E4CA	N8657U	C172
E4CB	N8657V	CH7B
E4CD	N8657X	C180
E4D1	N86571	CH7B
E4D3	N86573	BL8
E4D6	N86576	CH7B
E4D8	N86578	BL8
E4D9	N86579	CH7B
E4DB	N8658A	B738
E4E5	N8658L	PA25
E4E6	N8658M	BE35
E4E7	N8658N	PA32
E4E8	N8658P	PA24
E4E9	N8658Q	BE35
E4EB	N8658S	C150
E4F0	N8658X	C180
E4F5	N86582	CH7B
E4F6	N86583	CH7A
E4F7	N86584	DC3
E4F8	N86585	BL8
E4FB	N86588	CH7B
E4FE	N8659A	BE35
E4FF	N8659B	CRJ2
E500	N8659C	PA18
E501	N8659D	B738
E502	N8659E	P28A
E504	N8659G	C150
E506	N8659J	C150
E50B	N8659P	PA24
E50C	N8659Q	C185
E50E	N8659S	C150
E50F	N8659T	C182
E512	N8659W	P28B
E514	N8659Y	PA30
E517	N86591	CH7A
E518	N86592	CH7A
E51A	N86594	CH7A
E51B	N86595	BL8
E524	N866AC	C25C
E525	N866AD	S22T
E528	N866AG	R66
E52C	N866AL	S76
E52D	N866AM	B39M
E532	N866AS	CRJ2
E53C	N866BB	GLF5
E53D	N866BC	CAMP
E548	N866BP	C25B
E552	N866BZ	RV6
E553	N866C	SR22
E555	N866CB	C25A
E557	N866CD	SR20
E561	N866CP	C172
E564	N866CS	C185
E56C	N866D	MU2
E56D	N866DA	B772
E56E	N866DB	CC11
E56F	N866DC	BE33
E577	N866DL	BL17
E578	N866DM	T206
E579	N866DN	B739
E57D	N866DS	DA40
E587	N866EB	CH75
E590	N866EL	B06
E5A2	N866FD	B77L
E5A3	N866FE	C208
E5B7	N866G	GALX
E5B8	N866GA	MD83
E5BB	N866GD	GA7C
E5C8	N866GS	R66
E5D0	N866H	B06
E5D1	N866HA	U16
E5D2	N866HB	CL35
E5EA	N866JA	BN2P
E5EC	N866JC	H25B
E5FA	N866JS	R44
E602	N866K	G2T1
E603	N866KA	C421
E608	N866KF	FOX
E60E	N866KM	PC12
E621	N866LF	PC12
E634	N866M	B06
E635	N866MA	P28A
E636	N866MB	AS50
E637	N866MC	AS50
E640	N866MM	PA18
E642	N866MP	R44
E65A	N866NN	B738
E666	N866P	BE35
E667	N866PA	C82S
E66E	N866PH	C185
E672	N866PM	C421
E677	N866PS	CC11
E679	N866PU	P28A
E690	N866QS	C700
E6A0	N866RH	GLST
E6A9	N866RS	FDCT
E6AC	N866RV	RV6
E6B2	N866SA	SAVG
E6BF	N866SP	GLST
E6C1	N866SR	R44
E6C3	N866ST	C25B
E6CA	N866T	COY2
E6CB	N866TA	F16
E6D6	N866TM	CL30
E6D8	N866TP	TRDO
E6DB	N866TS	PA18
E6DC	N866TT	C82T
E6F4	N866US	DA40
E71F	N866WK	PTS1
E760	N866Z	B47G
E77A	N8660A	B738
E77B	N8660B	C172
E781	N8660H	NAVI
E786	N8660N	PA32
E788	N8660Q	BE35
E789	N8660R	GLID
E78C	N8660U	C172
E78D	N8660V	CH7B
E792	N86600	ST75
E793	N86601	BL8
E797	N86605	CH7B
E799	N86607	BL8
E79B	N86609	G44
E79D	N8661A	B738
E79E	N8661B	C172
E7A0	N8661D	PA22
E7A5	N8661J	C150
E7A8	N8661M	BE35
E7A9	N8661N	PA32
E7AA	N8661P	PA24
E7AF	N8661U	C172
E7B0	N8661V	CH7B
E7B7	N86612	CH7A
E7BC	N86617	CH7B
E7BF	N8662	CH7B
E7C0	N8662A	BE35
E7C1	N8662B	C172
E7C2	N8662C	PA18
E7C4	N8662E	BE18
E7C5	N8662F	B738
E7C7	N8662H	NAVI
E7CE	N8662Q	BE35
E7CF	N8662R	GLID
E7D0	N8662S	C150
E7D1	N8662T	C182
E7D3	N8662V	CH7A
E7D6	N8662Y	PA30
E7D9	N86621	CH7B
E7DD	N86625	CH7B
E7DF	N86627	G44
E7E2	N8663	BL8
E7E3	N8663A	B738
E7E6	N8663D	PA22
E7E9	N8663G	C150
E7EE	N8663M	BE35
E7F0	N8663P	PA24
E7F2	N8663R	GLID
E7F4	N8663T	C182
E7F5	N8663U	C172
E7F7	N8663W	P28B
E7F9	N8663Y	PA30
E7FB	N86630	BL8
E7FE	N86633	CH7B
E7FF	N86634	CH7A
E801	N86636	CH7B
E802	N86637	BL8
E803	N86638	G44
E805	N8664	CH7B
E807	N8664B	C172
E808	N8664C	P28A
E809	N8664D	PA22
E80B	N8664F	H269
E80E	N8664J	B738
E80F	N8664K	S108
E811	N8664M	BE35
E816	N8664S	C150
E817	N8664T	C182
E819	N8664V	BL8
E81A	N8664W	P28B
E81C	N8664Y	PA18
E81F	N86641	CH7B
E820	N86642	CH7A
E825	N86647	CH7B
E827	N86649	G44
E829	N8665A	CRJ2
E82B	N8665C	PA18
E82C	N8665D	B738
E82E	N8665F	H269
E834	N8665M	BE35
E836	N8665P	PA24
E837	N8665Q	BE35
E83B	N8665U	C172
E83C	N8665V	BL8
E83E	N8665X	C180
E83F	N8665Y	PA30
E842	N86651	CH7B
E845	N86654	CH7A
E84D	N8666B	C172
E855	N8666K	S108
E858	N8666N	PA32
E85C	N8666S	C150
E85D	N8666T	C182
E85E	N8666U	C172
E85F	N8666V	BE35
E862	N8666Y	PA30
E864	N86660	L13M
E86D	N86669	SA3
E86F	N8667A	BE35
E870	N8667B	C172
E871	N8667C	P28R
E872	N8667D	B738
E876	N8667H	NAVI
E878	N8667K	S108
E87B	N8667N	PA32
E87C	N8667P	PA24
E87D	N8667Q	BE35
E87E	N8667R	GLID
E881	N8667U	C172
E882	N8667V	BL8
E883	N8667W	P28B
E885	N8667Y	PA30
E891	N8668	CH7A
E892	N8668A	B738
E893	N8668B	C172
E898	N8668G	C150
E89B	N8668K	S108
E89F	N8668P	PA24
E8A0	N8668Q	BE35
E8A2	N8668S	C150
E8A3	N8668T	C182
E8A4	N8668U	C172
E8A5	N8668V	R22
E8A8	N8668Y	PA30
E8AC	N86682	BL8
E8B5	N8669A	BE35
E8B6	N8669B	B738
E8B7	N8669C	P28R
E8C0	N8669M	BE35
E8C1	N8669N	PA32
E8C3	N8669Q	BE95
E8C6	N8669T	C182
E8CB	N8669Y	PA30
E8CD	N86690	UH12
E8D7	N867	S58P
E8D9	N867AA	C172
E8DE	N867AF	G120
E8E4	N867AM	B39M
E8F2	N867BA	C208
E8F5	N867BD	PA12
E8F7	N867BF	AT8T
E90A	N867C	S108
E90C	N867CB	BE36
E90D	N867CC	C208
E90E	N867CD	SR22
E912	N867CH	B06
E918	N867CP	C172
E91B	N867CS	S22T
E923	N867D	GLID
E924	N867DA	B772
E925	N867DB	BE33
E926	N867DC	PA23
E927	N867DD	PA11
E92E	N867DL	T6
E930	N867DN	B739
E934	N867DS	DA40
E94C	N867ER	C172
E94E	N867ET	EVOT
E959	N867FD	B77L
E95A	N867FE	C208
E97E	N867GR	PA18
E995	N867HP	C208
E9A2	N867JB	C560
E9A3	N867JC	C550
E9B1	N867JS	C56X
E9B9	N867K	EA50
E9C1	N867KH	AT5T
E9CA	N867KS	BE58
E9D3	N867LA	C172
E9D5	N867LC	BE36
E9E0	N867LP	C208
E9EE	N867MC	AS50
E9F3	N867MH	EC30
E9F7	N867MM	C82S
E9F9	N867MP	R44
EA00	N867MW	FB1A
EA05	N867NA	F18H
EA11	N867NN	B738
EA1D	N867P	P28A
EA2B	N867PP	PC12
EA30	N867PU	P28A
EA32	N867PW	C82T
EA47	N867QS	C700
EA4F	N867R	BE35
EA64	N867RW	E170
EA68	N867S	BE35
EA72	N867SK	ESCP
EA73	N867SL	BE20
EA78	N867SR	CH7A
EA79	N867SS	SRAI
EA81	N867T	BE95
EA84	N867TC	G200
EA97	N867TX	H25B
EAA8	N867UP	BE30
EACC	N867W	C56X
EAD8	N867WM	FOX
EB31	N8670A	B738
EB33	N8670C	PA18
EB37	N8670G	C310
EB3B	N8670L	PA25
EB3C	N8670M	BE35
EB40	N8670R	GLID
EB41	N8670S	C150
EB42	N8670T	C182
EB43	N8670U	C172
EB47	N8670Y	PA30
EB48	N8670Z	T206
EB49	N86700	B14A
EB4C	N86703	B14A
EB53	N8671	PTS1
EB56	N8671C	PA18
EB57	N8671D	B738
EB5C	N8671J	C150
EB5D	N8671K	C340
EB5F	N8671M	PA12
EB63	N8671R	GLID
EB65	N8671T	C182
EB68	N8671W	P28B
EB6D	N86711	CH7B
EB6F	N86713	CH7B
EB70	N86714	BL8
EB71	N86715	CH7A
EB72	N86716	B14A
EB75	N86719	B14A
EB77	N8672A	CRJ2
EB78	N8672B	C172
EB7A	N8672D	PA18
EB7B	N8672E	P28A
EB7C	N8672F	B738
EB7F	N8672J	C150
EB80	N8672K	S108
EB82	N8672M	BE35
EB87	N8672S	C150
EB89	N8672U	C172
EB8A	N8672V	BL8
EB8F	N86720	B14A
EB94	N86725	B14A
EB95	N86726	B14A
EB96	N86727	CH7B
EB97	N86728	B14A
EB98	N86729	B14A
EB9A	N8673A	BE35
EB9D	N8673D	CRJ2
EB9F	N8673F	B738
EBA2	N8673J	C150
EBA4	N8673L	PA25
EBA6	N8673N	PA32
EBA7	N8673P	PA24
EBAB	N8673T	C182
EBAC	N8673U	C172
EBAE	N8673W	P28B
EBB9	N86737	B14A
EBBA	N86738	CH7B
EBBB	N86739	B14A
EBBD	N8674A	CRJ2
EBBE	N8674B	B738
EBBF	N8674C	PA32
EBC9	N8674N	PA32
EBCA	N8674P	PA24
EBCB	N8674Q	BE35
EBCF	N8674U	C172
EBD0	N8674V	CH7B
EBD4	N8674Z	T206
EBD7	N86742	CH7B
EBD9	N86744	B14A
EBDA	N86745	B14A
EBDB	N86746	B14A
EBE0	N8675A	B738
EBE1	N8675B	C172
EBE2	N8675C	TB20
EBE4	N8675E	P28A
EBE9	N8675K	C340
EBEF	N8675R	RV6
EBF1	N8675T	C182
EBF4	N8675W	P28B
EBF6	N8675Y	PA30
EBF7	N8675Z	GLID
EBFA	N86752	CH7B
EBFF	N86757	B14A
EC01	N86759	B14A
EC02	N8676	BE95
EC03	N8676A	B738
EC05	N8676C	PA18
EC0A	N8676H	NAVI
EC0F	N8676N	PA32
EC12	N8676R	GLID
EC14	N8676T	C182
EC18	N8676X	C180
EC1C	N86761	B14A
EC1E	N86763	B14A
EC21	N86766	B14A
EC23	N86768	B14A
EC26	N8677A	B738
EC2A	N8677E	P51
EC2D	N8677H	G164
EC31	N8677M	BE35
EC32	N8677N	PA32
EC34	N8677Q	BE35
EC35	N8677R	GLID
EC36	N8677S	C150
EC37	N8677T	C182
EC38	N8677U	C172
EC39	N8677V	CH7B
EC3A	N8677W	P28B
EC3F	N86771	B14A
EC40	N86772	B14A
EC4A	N8678B	C172
EC4C	N8678D	PA18
EC4D	N8678E	B738
EC51	N8678J	C150
EC52	N8678K	S108
EC57	N8678Q	BE35
EC5D	N8678W	P28B
EC5E	N8678X	C180
EC5F	N8678Y	PA30
EC60	N8678Z	C206
EC61	N86780	B14A
EC67	N86786	B14A
EC68	N86787	B14A
EC6C	N8679A	B738
EC77	N8679M	BE35
EC7A	N8679Q	BE35
EC7B	N8679R	GLID
EC7D	N8679T	C182
EC7E	N8679U	C172
EC7F	N8679V	CH7A
EC80	N8679W	P28B
EC81	N8679X	C180
EC88	N86794	B14A
EC8A	N86796	CH7B
EC90	N868AA	F900
EC92	N868AC	C25A
EC9A	N868AL	S76
EC9B	N868AM	B38M
ECA0	N868AS	CRJ2
ECA1	N868AT	TBM7
ECA3	N868AV	P180
ECA8	N868B	RV7
ECAA	N868BB	GLF4
ECAB	N868BC	B772
ECB2	N868BK	SLG4
ECB8	N868BR	S22T
ECBA	N868BT	FA50
ECC2	N868CA	CRJ2
ECC3	N868CB	C25A
ECC4	N868CC	G280
ECC5	N868CD	SR22
ECC8	N868CG	C56X
ECCB	N868CK	SR22
ECCD	N868CM	C56X
ECCF	N868CP	S22T
ECD3	N868CT	BL17
ECD6	N868CW	C560
ECDD	N868DC	ESCP
ECE6	N868DM	C750
ECE7	N868DN	B739
ECF3	N868E	DA40
ED0D	N868FA	M20P
ED10	N868FD	B77L
ED25	N868G	PP3
ED37	N868GT	B748
ED3E	N868H	B06
ED58	N868JA	TBM7
ED59	N868JB	B06
ED5B	N868JD	BEAR
ED5D	N868JF	BE36
ED63	N868JM	RV8
ED68	N868JS	C56X
ED70	N868K	RLU1
ED75	N868KE	GLF6
ED76	N868KF	R22
ED7A	N868KK	B06
ED89	N868L	BE18
ED8B	N868LB	C182
ED8E	N868LE	S22T
ED91	N868LH	H269
ED92	N868LJ	CL30
ED96	N868LN	A5
ED9F	N868LX	G280
EDA5	N868MC	AS50
EDAA	N868MH	EC30
EDAE	N868MM	RV8
EDB3	N868MS	ESCP
EDB4	N868MT	P337
EDBC	N868NA	F18H
EDC8	N868NN	B738
EDCD	N868NT	RLU1
EDD4	N868P	P28A
EDD5	N868PA	DA40
EDD7	N868PC	M20P
EDD9	N868PE	PC12
EDDE	N868PK	PA18
EDEC	N868PZ	H25B
EDFE	N868QS	C700
EE08	N868RB	CL60
EE0F	N868RJ	GLAS
EE12	N868RM	RV8
EE17	N868RS	TB20
EE18	N868RT	PA18
EE1B	N868RW	E170
EE1C	N868RX	BE30
EE23	N868SD	C208
EE26	N868SG	DA62
EE27	N868SH	F2TH
EE2D	N868SP	C172
EE2F	N868SR	SR22
EE35	N868SX	SONX
EE38	N868T	BE95
EE39	N868TA	F16
EE3A	N868TB	C172
EE3B	N868TC	C82T
EE3F	N868TG	FOX
EE4D	N868TW	SR22
EE5F	N868UP	BE30
EE62	N868US	DA40
EE6B	N868VB	LJ45
EE6C	N868VC	B350
EE78	N868VP	A109
EE83	N868W	H500
EE8A	N868WG	C68A
EE96	N868WU	H25C
EE9C	N868X	HUSK
EEA7	N868XL	C56X
EEB1	N868XW	PA18
EECF	N868ZA	C208
EEE9	N8680B	C172
EEEA	N8680C	B738
EEEC	N8680E	P28R
EEF3	N8680M	BE35
EEF5	N8680P	PA24
EEF8	N8680S	C150
EEF9	N8680T	C182
EEFA	N8680U	C172
EEFB	N8680V	CH7B
EEFC	N8680W	P28B
EEFD	N8680X	C180
EF00	N86800	B14A
EF02	N86802	B14A
EF06	N86806	B14A
EF0B	N8681A	BE35
EF0D	N8681C	PA22
EF0E	N8681D	PA18
EF11	N8681G	C150
EF13	N8681J	C150
EF16	N8681M	B738
EF1D	N8681U	C172
EF26	N86813	CH7A
EF28	N86815	B14A
EF2F	N8682B	B738
EF31	N8682D	PA18
EF3C	N8682Q	BE35
EF3D	N8682R	GLID
EF3F	N8682T	C182
EF40	N8682U	C172
EF44	N8682Y	PA30
EF46	N86820	CH7B
EF48	N86822	CH7B
EF4C	N86826	B14A
EF4E	N86828	CH7A
EF52	N8683B	CRJ2
EF53	N8683C	PA22
EF54	N8683D	B738
EF5A	N8683K	S108
EF5D	N8683N	PA32
EF5E	N8683P	PA24
EF5F	N8683Q	BE95
EF60	N8683R	GLID
EF63	N8683U	C172
EF64	N8683V	CH7A
EF65	N8683W	P28B
EF6A	N86831	B14A
EF6D	N86834	CH7B
EF77	N8684D	PA18
EF78	N8684E	P28R
EF79	N8684F	B738
EF7A	N8684G	C150
EF7D	N8684K	C340
EF80	N8684N	PA32
EF81	N8684P	PA24
EF82	N8684Q	BE35
EF85	N8684T	C182
EF86	N8684U	C172
EF88	N8684W	P28B
EF8D	N86841	B14A
EF91	N86845	B14A
EF92	N86846	CH7B
EF95	N86849	BL8
EF98	N8685B	B738
EFA3	N8685N	PA32
EFA4	N8685P	PA24
EFA9	N8685U	C150
EFB0	N86851	B14A
EFB3	N86854	BL8
EFB6	N86857	B14A
EFBA	N8686A	B738
EFBB	N8686B	C172
EFBF	N8686F	F86
EFC5	N8686M	BE35
EFC6	N8686N	PA32
EFC8	N8686Q	T206
EFC9	N8686R	GLID
EFCA	N8686S	C150
EFCE	N8686W	P28B
EFD0	N8686Y	PA30
EFD3	N86861	B14A
EFD5	N86863	BL8
EFD8	N86866	B14A
EFDA	N86868	B14A
EFDC	N8687	FLE2
EFDD	N8687A	B738
EFDE	N8687B	C172
EFDF	N8687C	PA22
EFE3	N8687G	C150
EFE4	N8687H	NAVI
EFE5	N8687J	C150
EFE6	N8687K	S108
EFE8	N8687M	BE35
EFE9	N8687N	PA32
EFEB	N8687Q	BE35
EFED	N8687S	EXEC
EFEE	N8687T	C182
EFF0	N8687V	BL8
EFF1	N8687W	P28B
EFF7	N86872	CH7A
EFF8	N86873	B14A
EFFA	N86875	B14A
EFFE	N86879	CH7B
EFFF	N8688	J3
F002	N8688C	CRJ2
F003	N8688D	PA18
F008	N8688J	B738
F00C	N8688N	PA32
F00F	N8688R	GLID
F010	N8688S	C150
F012	N8688U	C172
F013	N8688V	CH7A
F014	N8688W	P28B
F016	N8688Y	PA30
F018	N86880	B14A
F019	N86881	B14A
F01B	N86883	CH7B
F01D	N86885	BL8
F021	N86889	B14A
F024	N8689B	C172
F025	N8689C	B738
F027	N8689E	PA32
F029	N8689G	C340
F02A	N8689H	NAVI
F02F	N8689N	PA32
F036	N8689V	CH7B
F039	N8689Y	PA30
F03B	N86890	CH7B
F03D	N86892	CH7B
F03F	N86894	C337
F042	N86897	B14A
F046	N869A	PP3
F048	N869AB	C120
F052	N869AM	RV8
F054	N869AP	GLEX
F056	N869AR	PIVI
F057	N869AS	CRJ2
F05B	N869AW	EA50
F061	N869BB	SSTL
F062	N869BC	C172
F06F	N869BR	DV20
F079	N869CA	EC20
F07A	N869CB	C25A
F082	N869CK	C25A
F084	N869CM	SREY
F086	N869CP	C72R
F094	N869DC	RV12
F09B	N869DK	SF50
F09C	N869DL	GLF5
F09E	N869DN	B739
F0BA	N869ER	C172
F0C7	N869FD	B77L
F0C8	N869FE	C208
F0CA	N869FG	C172
F0D4	N869FS	CH70
F0DC	N869G	P28A
F0ED	N869GS	C25A
F0F8	N869HC	AT8T
F0FD	N869HH	B736
F105	N869HR	B505
F10E	N869J	RV8
F110	N869JB	SR22
F11F	N869JS	C56X
F122	N869JV	K100
F127	N869K	PTS1
F129	N869KB	FOX
F12C	N869KE	CH60
F138	N869KS	BE58
F159	N869M	PA46
F15A	N869MA	P28A
F15D	N869MD	GLF4
F164	N869ML	AT8T
F167	N869MP	SR22
F173	N869NA	F18H
F177	N869NE	C152
F17F	N869NN	B738
F18E	N869PC	GLST
F1BD	N869R	BE35
F1BE	N869RA	C72R
F1C4	N869RG	RV8
F1C9	N869RM	R44
F1CD	N869RR	C152
F1D1	N869RV	RV9
F1D2	N869RW	E170
F1D7	N869SA	SAVG
F1D9	N869SC	GLF4
F1E2	N869SM	SR22
F1E7	N869SS	AT8T
F201	N869TT	CH7A
F202	N869TU	RV8
F232	N869VS	H500
F23D	N869WC	PA22
F254	N869XA	C208
F29F	N8690A	B738
F2A7	N8690J	C150
F2AA	N8690M	BE35
F2AC	N8690P	PA24
F2AD	N8690Q	BE35
F2AE	N8690R	GLID
F2AF	N8690S	C150
F2B0	N8690T	C182
F2B8	N86901	BL8
F2BA	N86903	B14A
F2C0	N86909	B14A
F2C2	N8691A	B738
F2C3	N8691B	C172
F2C4	N8691C	PA22
F2C5	N8691D	PA18
F2C6	N8691E	PA34
F2C8	N8691G	C150
F2CD	N8691M	BE95
F2CF	N8691P	PA24
F2D2	N8691S	C150
F2D8	N8691Y	PA30
F2DB	N86911	BL8
F2E0	N86916	B14A
F2E3	N86919	B14A
F2E4	N8692	DH82
F2E5	N8692A	BE35
F2E6	N8692B	C172
F2E7	N8692C	RV3
F2EA	N8692F	B738
F2F0	N8692M	BE35
F2F2	N8692P	PA24
F2F4	N8692R	GLID
F2F5	N8692S	C150
F2F8	N8692V	CH7B
F2FB	N8692Y	PA30
F2FD	N86920	B14A
F302	N86925	B14A
F303	N86926	BL8
F305	N86928	BL8
F308	N8693A	B738
F313	N8693M	BE35
F316	N8693Q	BE35
F317	N8693R	GLID
F318	N8693S	C150
F319	N8693T	C182
F31A	N8693U	C172
F31B	N8693V	BL8
F31C	N8693W	P28B
F31E	N8693Y	PA30
F320	N86930	B14A
F324	N86934	B14A
F325	N86935	B14A
F326	N86936	CH7B
F327	N86937	B14A
F32B	N8694A	CRJ2
F32C	N8694B	C172
F32E	N8694D	PA18
F32F	N8694E	B738
F334	N8694K	S108
F337	N8694N	PA32
F339	N8694Q	BE35
F33A	N8694R	GLID
F347	N86944	B14A
F34A	N86947	B14A
F34B	N86948	BL8
F34C	N86949	B14A
F34E	N8695A	BE35
F351	N8695D	B738
F359	N8695M	BE35
F35B	N8695P	PA24
F35F	N8695T	C182
F362	N8695W	P28B
F364	N8695Y	PA30
F366	N86950	BL8
F369	N86953	BL8
F36A	N86954	BL8
F36D	N86957	CH7B
F36F	N86959	CH7A
F373	N8696C	CRJ2
F374	N8696D	PA18
F375	N8696E	B738
F37C	N8696M	BE35
F37F	N8696Q	BE35
F381	N8696S	C150
F384	N8696V	CH7B
F38A	N86961	ERCO
F38E	N86965	ERCO
F391	N86968	BL8
F392	N86969	CH7B
F395	N8697B	C172
F396	N8697C	B738
F397	N8697D	PA18
F398	N8697E	P28A
F39A	N8697G	C150
F39E	N8697L	PA25
F3A2	N8697Q	BE35
F3A5	N8697T	RV12
F3A7	N8697V	CH7B
F3A9	N8697X	C180
F3AE	N86972	ERCO
F3B0	N86974	BL8
F3B3	N86977	CH7B
F3B7	N8698A	CRJ2
F3B8	N8698B	B738
F3B9	N8698C	PA22
F3BD	N8698G	C150
F3BE	N8698H	NAVI
F3BF	N8698J	C150
F3C3	N8698N	PA32
F3C5	N8698Q	BE35
F3C8	N8698T	C182
F3CA	N8698V	BL8
F3D1	N86982	ERCO
F3D2	N86983	CH7A
F3D3	N86984	ERCO
F3D4	N86985	BL8
F3D5	N86986	BL8
F3D7	N86988	M4
F3D8	N86989	BL8
F3D9	N8699	CH7B
F3DA	N8699A	B738
F3DC	N8699C	COY2
F3DD	N8699D	PA18
F3E0	N8699G	C150
F3E3	N8699K	S108
F3E6	N8699N	PA32
F3E7	N8699P	PA24
F3E8	N8699Q	BE35
F3E9	N8699R	SA3
F3EB	N8699T	C182
F3EF	N8699X	C180
F3F1	N8699Z	C206
F3F3	N86991	ERCO
F3F4	N86992	BL8
F3F5	N86993	BL8
F3F6	N86994	ERCO
F3F8	N86996	ERCO
F3F9	N86997	ERCO
F3FC	N87	CL60
F3FD	N87A	PA23
F403	N87AF	PA18
F404	N87AG	GA8
F405	N87AH	HUSK
F407	N87AK	R44
F409	N87AM	B412
F40C	N87AQ	S22T
F40D	N87AR	BE56
F40F	N87AT	LNP4
F411	N87AV	TB20
F412	N87AW	DHC3
F415	N87AZ	BE18
F416	N87B	GLIM
F417	N87BA	C550
F418	N87BB	B505
F419	N87BC	PC12
F41A	N87BD	GLIM
F41B	N87BE	C56X
F41D	N87BG	GLID
F421	N87BL	SR22
F423	N87BN	EV97
F424	N87BP	RV7
F426	N87BR	VELO
F427	N87BS	FOX
F42B	N87BW	T34P
F42F	N87C	P337
F430	N87CA	BE58
F432	N87CC	PA34
F435	N87CF	BE20
F436	N87CG	C402
F437	N87CH	BE9L
F438	N87CJ	CJ6
F439	N87CK	RV7
F43C	N87CN	MG15
F43D	N87CP	R44
F441	N87CT	RV3
F444	N87CW	PA30
F447	N87CZ	COZY
F448	N87D	C172
F449	N87DA	C208
F44A	N87DB	BE35
F44B	N87DC	PA18
F44F	N87DG	BE35
F450	N87DH	PA18
F451	N87DJ	GLAS
F453	N87DL	RV6
F454	N87DM	LGEZ
F456	N87DP	BE95
F457	N87DQ	GLEX
F459	N87DS	SR22
F45A	N87DT	C123
F45B	N87DU	BE55
F45D	N87DW	FOX
F45E	N87DX	RV7
F461	N87E	U21
F462	N87EA	CHR1
F463	N87EB	S22T
F464	N87EC	CH7A
F467	N87EF	C195
F46A	N87EJ	YK55
F46B	N87EK	C680
F46D	N87EM	RV7
F471	N87ER	M20P
F472	N87ES	BOLT
F473	N87ET	RV4
F475	N87EV	ERCO
F477	N87EX	EXEC
F47B	N87FA	M20P
F485	N87FL	C25C
F48B	N87FS	F86
F48C	N87FT	RV10
F493	N87G	G2T1
F494	N87GA	LNC2
F495	N87GB	B47G
F496	N87GC	DHC2
F499	N87GF	AS50
F49A	N87GG	GLAS
F49D	N87GK	C421
F49E	N87GL	G2T1
F49F	N87GM	C25B
F4A3	N87GR	T34T
F4A4	N87GS	CC11
F4A5	N87GT	RV6
F4A7	N87GV	C72R
F4A9	N87GX	GX
F4AC	N87H	T6
F4AD	N87HA	DV20
F4AE	N87HB	BE9L
F4B0	N87HD	F2TH
F4B1	N87HE	FOX
F4B2	N87HF	C172
F4B3	N87HG	E50P
F4B5	N87HJ	HDJT
F4B6	N87HK	SR22
F4B8	N87HM	QUIC
F4BA	N87HP	HUSK
F4BC	N87HR	R44
F4BF	N87HU	HUSK
F4C3	N87HY	M7
F4C6	N87JA	C172
F4C9	N87JD	VEZE
F4CB	N87JF	C208
F4CD	N87JH	TBM7
F4D1	N87JM	EAGL
F4D2	N87JN	LNC2
F4D5	N87JR	B06
F4D6	N87JS	BT36
F4D7	N87JT	PA34
F4DE	N87K	BE35
F4DF	N87KA	DHC3
F4E0	N87KB	FA50
F4E1	N87KC	E300
F4E2	N87KD	HUSK
F4E5	N87KG	P28R
F4E6	N87KH	K900
F4E8	N87KK	C182
F4EA	N87KM	RV7
F4EE	N87KR	MONI
F4F0	N87KT	BL17
F4F3	N87KW	BE35
F4F7	N87L	MOSP
F4F8	N87LA	LNC2
F4F9	N87LB	RV3
F4FC	N87LE	SR20
F500	N87LJ	GLAS
F505	N87LP	SR22
F508	N87LS	SR22
F509	N87LT	PA34
F510	N87M	PA22
F511	N87MA	PA31
F512	N87MB	PA34
F513	N87MC	P28A
F514	N87MD	R44
F515	N87ME	EC45
F516	N87MF	CC11
F518	N87MH	FOX
F519	N87MJ	BE58
F51A	N87MK	C421
F51B	N87ML	SR22
F51C	N87MM	T210
F520	N87MR	M7
F521	N87MS	C210
F522	N87MT	BE33
F524	N87MV	C208
F525	N87MW	FOX
F530	N87NG	PC12
F531	N87NH	PTS2
F535	N87NM	PA22
F53A	N87NS	C56X
F53E	N87NW	BE10
F546	N87PD	RV6
F54C	N87PK	H25B
F54E	N87PM	M20P
F550	N87PP	C421
F552	N87PR	RV9
F557	N87PW	E50P
F55B	N87Q	U21
F574	N87R	GLID
F576	N87RB	H25B
F578	N87RD	PA46
F57B	N87RG	BE58
F57C	N87RH	GLAS
F57D	N87RJ	C310
F57E	N87RK	LA4
F580	N87RM	C208
F582	N87RP	PA24
F584	N87RR	BE58
F585	N87RS	PTS2
F586	N87RT	FA10
F588	N87RV	RV4
F589	N87RW	T206
F58E	N87SA	BE20
F591	N87SD	SA10
F593	N87SF	C560
F596	N87SJ	B429
F597	N87SK	LJ45
F598	N87SL	P46T
F599	N87SM	BE58
F59A	N87SN	C650
F59B	N87SP	BE35
F59F	N87ST	C185
F5A1	N87SV	RV6
F5A3	N87SX	SX30
F5A8	N87TB	RV12
F5A9	N87TC	P46T
F5AF	N87TJ	FOX
F5B1	N87TL	ST75
F5B2	N87TM	C185
F5B5	N87TQ	QIC2
F5B7	N87TS	PA31
F5B9	N87TU	S22T
F5BC	N87TX	SSTL
F5BF	N87U	G21
F5CD	N87UP	PA34
F5CF	N87UR	S22T
F5D8	N87V	U21
F5D9	N87VA	E145
F5DA	N87VB	SR20
F5DE	N87VF	CH7B
F5E2	N87VK	PA22
F5E4	N87VM	C25B
F5E6	N87VP	CH7B
F5E9	N87VS	SF50
F5EC	N87VV	RV6
F5F1	N87W	P28A
F5F2	N87WA	BL8
F5F3	N87WB	GLAS
F5F4	N87WC	C510
F5F5	N87WD	GLF5
F5F7	N87WF	ST75
F5F9	N87WH	LGEZ
F5FA	N87WJ	RV4
F5FC	N87WL	H60
F5FD	N87WM	C180
F5FF	N87WP	B06
F601	N87WR	CH7A
F602	N87WS	C441
F603	N87WT	T206
F604	N87WU	C56X
F60D	N87XC	C441
F623	N87Y	C150
F62D	N87YK	YK52
F638	N87YW	FOX
F655	N870	PC7
F659	N870AC	BL8
F65B	N870AE	B407
F662	N870AM	P28A
F666	N870AR	F2TH
F667	N870AS	CRJ2
F66C	N870AX	B788
F66F	N870B	C550
F670	N870BA	WW24
F67F	N870BR	DA40
F68A	N870CB	PC12
F68C	N870CD	SR22
F692	N870CK	LJ35
F694	N870CM	GLF5
F696	N870CP	C72R
F6A2	N870DA	H25B
F6A4	N870DC	CRJ7
F6A7	N870DF	ERCO
F6A9	N870DH	BL8
F6AB	N870DK	R44
F6AE	N870DN	B739
F6B2	N870DS	DA40
F6BB	N870EA	BE36
F6D7	N870FD	B77L
F6D8	N870FE	C208
F6E4	N870FS	PA46
F6ED	N870GA	GA7C
F705	N870H	B06
F730	N870JT	AT8T
F737	N870K	BLKS
F73A	N870KC	PC12
F74E	N870KY	RV8
F751	N870LA	AT8T
F769	N870M	PA31
F76A	N870MA	P28A
F76B	N870MB	TBM7
F76C	N870MC	RV4
F783	N870NA	Q9
F785	N870NC	E170
F78F	N870NN	B738
F79B	N870P	C82T
F79C	N870PA	P28A
F79F	N870PD	C82S
F7AC	N870PS	GLF6
F7B5	N870QA	SF25
F7CE	N870RA	AT8T
F7E1	N870RV	RV7
F7E2	N870RW	E170
F7E6	N870S	BE95
F7E8	N870SB	F2TH
F7E9	N870SC	BE9L
F7F4	N870SP	C172
F7FF	N870T	BE35
F800	N870TA	F16
F810	N870TS	CH75
F815	N870TX	H25B
F818	N870U	BE58
F81A	N870UB	A319
F826	N870UP	BE30
F83C	N870VL	C402
F858	N870WP	S22T
F85C	N870WT	BL8
F895	N870Z	LJ45
F8AF	N8700A	BE35
F8B0	N8700B	C172
F8B2	N8700D	PA22
F8B4	N8700F	H269
F8BC	N8700P	PA24
F8C2	N8700V	A660
F8C4	N8700X	C182
F8C6	N8700Z	C185
F8CA	N87003	ERCO
F8CD	N87006	BL8
F8CF	N87008	BL8
F8D0	N87009	CH7B
F8D1	N8701	CH70
F8D5	N8701D	PA22
F8D9	N8701H	G164
F8DC	N8701L	C56X
F8DD	N8701M	BE23
F8DE	N8701N	P28A
F8DF	N8701P	PA24
F8E0	N8701Q	B38M
F8E2	N8701S	C150
F8E3	N8701T	CH70
F8E6	N8701W	CH70
F8E7	N8701X	C182
F8E8	N8701Y	PA30
F8E9	N8701Z	CH70
F8EA	N87010	CH7B
F8EF	N87015	CH7B
F8F0	N87016	ERCO
F8F2	N87018	ERCO
F8F3	N87019	CH7A
F8F4	N8702	BE35
F8F6	N8702B	C172
F8FB	N8702G	C150
F8FE	N8702K	C340
F8FF	N8702L	B38M
F906	N8702T	C182
F908	N8702V	BL8
F909	N8702W	P28B
F90B	N8702Y	PA30
F90C	N8702Z	C185
F90E	N87021	CH7A
F90F	N87022	ERCO
F911	N87024	ERCO
F912	N87025	CH7B
F919	N8703B	B505
F925	N8703P	PA24
F92A	N8703U	C172
F92D	N8703X	C182
F92E	N8703Y	PA30
F92F	N8703Z	C206
F930	N87030	ERCO
F931	N87031	CH7B
F932	N87032	BL8
F934	N87034	ERCO
F936	N87036	CH7B
F937	N87037	ERCO
F938	N87038	BL8
F93A	N8704	DC3
F946	N8704M	BE23
F948	N8704P	PA24
F949	N8704Q	B38M
F94C	N8704T	C182
F94E	N8704V	CH7B
F950	N8704X	C182
F952	N8704Z	C206
F953	N87040	ERCO
F954	N87041	CH7A
F955	N87042	ERCO
F956	N87043	BL8
F957	N87044	BL8
F958	N87045	C170
F959	N87046	ERCO
F95A	N87047	BL8
F960	N8705C	PA22
F964	N8705G	C150
F96A	N8705N	P28A
F96B	N8705P	PA24
F96C	N8705Q	B38M
F96D	N8705R	GLID
F96E	N8705S	AS14
F972	N8705W	P28B
F974	N8705Y	PA30
F976	N87050	BL8
F977	N87051	ERCO
F978	N87052	CH7B
F97A	N87054	ERCO
F97B	N87055	ERCO
F97D	N87057	CH7B
F982	N8706B	C172
F984	N8706D	PA22
F98E	N8706P	LJ60
F990	N8706R	DSA1
F991	N8706S	C150
F995	N8706W	B38M
F997	N8706Y	PA30
F998	N8706Z	T206
F99A	N87061	BL8
F9A0	N87067	BL8
F9A3	N8707	C25C
F9A5	N8707B	C172
F9A7	N8707D	PA22
F9AD	N8707K	C340
F9B1	N8707P	B38M
F9B7	N8707V	BL8
F9B9	N8707X	C182
F9BD	N87071	ERCO
F9BE	N87072	ERCO
F9C0	N87074	ERCO
F9C3	N87077	ERCO
F9C5	N87079	CH7B
F9C7	N8708A	BE35
F9CA	N8708D	PA22
F9CC	N8708F	H269
F9CE	N8708H	NAVI
F9D2	N8708M	BE23
F9D4	N8708P	PA24
F9D5	N8708Q	B38M
F9D7	N8708S	C150
F9DB	N8708W	P28B
F9DC	N8708X	C182
F9DD	N8708Y	PA30
F9DF	N87080	ERCO
F9E1	N87082	ERCO
F9E4	N87085	ERCO
F9E5	N87086	ERCO
F9EA	N8709A	CRJ2
F9EB	N8709B	C172
F9F1	N8709H	G164
F9F8	N8709Q	B38M
F9F9	N8709R	GLID
F9FC	N8709U	C172
F9FD	N8709V	CH7B
F9FF	N8709X	C182
FA02	N87090	BL8
FA03	N87091	ERCO
FA05	N87093	ERCO
FA08	N87096	ERCO
FA0C	N871	C310
FA0D	N871A	PA22
FA10	N871AC	P28A
FA19	N871AM	M20P
FA1A	N871AN	BE58
FA1B	N871AP	LNP4
FA1E	N871AS	CRJ2
FA24	N871AY	B788
FA36	N871BR	DA40
FA41	N871CB	C25A
FA42	N871CC	PA18
FA43	N871CD	SR20
FA46	N871CG	WAIX
FA4D	N871CP	C72R
FA50	N871CS	BE36
FA5B	N871DC	P28R
FA5F	N871DG	PC12
FA60	N871DH	FOX
FA63	N871DL	S22T
FA64	N871DM	P28R
FA65	N871DN	B739
FA69	N871DS	DA40
FA87	N871EX	RV12
FA8A	N871F	COZY
FA8E	N871FD	B77L
FA8F	N871FE	C208
FA9A	N871FR	GLF6
FAA6	N871GC	GB1
FAD7	N871JB	BE58
FAE5	N871JR	CL30
FAFF	N871KS	BE9L
FB08	N871LA	DA40
FB18	N871LS	AURA
FB20	N871M	B47G
FB21	N871MA	P28A
FB32	N871MT	C172
FB3A	N871NA	Q4
FB3D	N871ND	BDOG
FB40	N871NG	PC12
FB46	N871NN	B738
FB56	N871PD	C82S
FB84	N871R	BE35
FB85	N871RA	R44
FB8A	N871RF	C56X
FB98	N871RV	E50P
FB99	N871RW	E170
FB9D	N871S	EFOX
FB9E	N871SA	PC12
FBA0	N871SC	PA18
FBAF	N871ST	B407
FBB6	N871T	GLIM
FBB7	N871TA	F16
FBC0	N871TK	SREY
FBC7	N871TS	C337
FBCC	N871TX	M20P
FBD0	N871UA	A319
FBD1	N871UB	B350
FBDD	N871UP	BE30
FBF3	N871VL	C402
FBF6	N871VP	HA4T
FC66	N8710A	CRJ2
FC68	N8710C	PA22
FC6A	N8710E	P28B
FC6F	N8710K	S108
FC71	N8710M	B38M
FC73	N8710P	PA24
FC74	N8710Q	T206
FC75	N8710R	SA3
FC76	N8710S	C150
FC77	N8710T	C182
FC78	N8710U	C172
FC7B	N8710X	C182
FC7C	N8710Y	PA30
FC7D	N8710Z	C185
FC7E	N87100	ERCO
FC7F	N87101	ERCO
FC81	N87103	ERCO
FC82	N87104	ERCO
FC87	N87109	CH7B
FC8A	N8711B	C172
FC8F	N8711G	C150
FC90	N8711H	BE18
FC92	N8711K	C340
FC96	N8711P	PA24
FC97	N8711Q	B38M
FC99	N8711S	C150
FC9A	N8711T	C182
FC9D	N8711W	P28B
FC9E	N8711X	C182
FCA0	N8711Z	C206
FCA3	N87112	ERCO
FCA6	N87115	ERCO
FCA8	N87117	J3
FCA9	N87118	ERCO
FCAB	N8712	YK52
FCAE	N8712C	PA22
FCAF	N8712D	PA22
FCB0	N8712E	PA32
FCB5	N8712K	C340
FCB6	N8712L	B38M
FCB8	N8712N	P28A
FCBC	N8712S	C150
FCBD	N8712T	M20P
FCBF	N8712V	CH7B
FCC2	N8712Y	PA30
FCC5	N87121	ERCO
FCC8	N87124	ERCO
FCD1	N8713C	P28A
FCD8	N8713K	S108
FCDA	N8713M	B38M
FCDC	N8713P	PA24
FCE0	N8713T	C182
FCE4	N8713X	C182
FCE6	N8713Z	C206
FCEA	N87133	ERCO
FCF5	N8714D	PA22
FCF7	N8714F	H269
FCFD	N8714M	BE23
FCFE	N8714N	P28A
FCFF	N8714P	PA24
FD00	N8714Q	B38M
FD02	N8714S	LGEZ
FD03	N8714T	C182
FD07	N8714X	C182
FD0A	N87140	BE24
FD16	N8715B	C172
FD17	N8715C	P28A
FD18	N8715D	PA22
FD1C	N8715H	NAVI
FD1E	N8715K	S108
FD1F	N8715L	PA25
FD21	N8715N	P28A
FD23	N8715Q	B38M
FD24	N8715R	SA3
FD2C	N8715Z	C206
FD32	N87155	ERCO
FD39	N8716B	B38M
FD3B	N8716D	PA22
FD3F	N8716H	G164
FD43	N8716M	BE23
FD44	N8716N	P28A
FD49	N8716T	C182
FD4A	N8716U	C172
FD4C	N8716W	P28B
FD4D	N8716X	C182
FD51	N87161	ERCO
FD52	N87162	ERCO
FD5C	N8717B	C172
FD5D	N8717C	PA22
FD66	N8717M	B38M
FD69	N8717Q	C185
FD6E	N8717V	CH7B
FD70	N8717X	C182
FD71	N8717Y	PA30
FD72	N8717Z	C185
FD73	N87170	ERCO
FD74	N87171	ERCO
FD7E	N8718A	BE35
FD80	N8718C	PA22
FD81	N8718D	PA22
FD82	N8718E	CRJ2
FD85	N8718H	G164
FD89	N8718M	BE23
FD8A	N8718N	P28A
FD8C	N8718Q	B38M
FD90	N8718U	C172
FD91	N8718V	CH7A
FD92	N8718W	P28B
FD9D	N87187	ERCO
FDA2	N8719B	C172
FDA6	N8719F	H269
FDAE	N8719P	PA24
FDAF	N8719Q	B38M
FDB8	N8719Z	T206
FDC0	N87197	ERCO
FDC1	N87198	ERCO
FDC2	N87199	C310
FDC3	N872	GLIM
FDC6	N872AB	HUSK
FDC7	N872AC	BL8
FDC8	N872AD	CC11
FDCA	N872AF	PA46
FDD0	N872AM	P28A
FDD1	N872AN	B788
FDDF	N872BB	C56X
FDE0	N872BC	CL60
FDED	N872BR	DA40
FDF2	N872BW	ERCO
FDF6	N872C	S108
FDF8	N872CB	B38M
FDFA	N872CD	SR22
FE04	N872CP	SR22
FE12	N872DC	CRJ7
FE16	N872DG	PC12
FE1C	N872DN	B739
FE21	N872DT	M20P
FE41	N872F	TAYB
FE42	N872FA	C72R
FE44	N872FC	C172
FE45	N872FD	B77L
FE46	N872FE	C208
FE52	N872FS	C72R
FE67	N872GN	RV12
FE6B	N872GS	GLST
FE73	N872H	B741
FE7E	N872HL	CL35
FE8C	N872J	C25B
FE98	N872JM	CH7B
FE9A	N872JP	C550
FEA1	N872JW	BL17
FEA5	N872K	G2T1
FEA7	N872KB	C140
FEC2	N872LD	RV8
FEC7	N872LJ	RV14
FED7	N872M	M20P
FED8	N872MA	P28A
FEDF	N872MH	EC30
FEE0	N872MJ	CL35
FEF1	N872NA	Q4
FEF3	N872NC	C172
FEFD	N872NN	B738
FF3B	N872R	PA46
FF3C	N872RA	BE40
FF47	N872RM	RV12
FF4F	N872RV	RV9
FF50	N872RW	E170
FF5C	N872SH	AS50
FF5D	N872SJ	DC87
FF62	N872SP	C172
FF64	N872SR	SR22
FF66	N872ST	B407
FF6D	N872T	BE35
FF6E	N872TA	F16
FF87	N872UA	A319
FF94	N872UP	BE30
FFB8	N872W	B36T
FFB9	N872WA	P28R
FFC0	N872WH	BE58
FFC3	N872WL	P28R
FFCA	N872WT	SR20
FFD1	N872X	AA1
FFD8	N872XG	EXEC
