0001	N937DM	B739
0005	N937DR	C72R
0006	N937DS	DA40
001E	N937ER	C172
0022	N937EV	CRJ2
002B	N937FD	B752
0040	N937G	FOX
0041	N937GA	GA7C
0059	N937H	EFOX
0074	N937JB	A321
0083	N937JS	C680
0087	N937JW	KR2
0088	N937JX	E145
009D	N937KT	CH75
00A7	N937LC	NG5
00B6	N937LT	PA44
00BD	N937M	PIVI
00E0	N937NK	A20N
00E3	N937NN	B738
00F7	N937PH	S92
0108	N937Q	BE35
0119	N937QS	C68A
0122	N937RA	BE40
0128	N937RG	C25B
012D	N937RM	L8
0135	N937RV	BE40
013B	N937SA	C172
013D	N937SC	BE20
0146	N937SM	E55P
014F	N937SW	CRJ2
0153	N937T	BE35
0154	N937TA	E190
0158	N937TE	AA5
015A	N937TG	UF13
0165	N937TT	PA31
0169	N937TX	RS12
0185	N937V	BE95
019E	N937W	S05R
01A0	N937WB	BE33
01AB	N937WN	B737
01B7	N937X	FOX
01C0	N937XJ	CRJ9
0203	N9370A	C190
0205	N9370C	C180
0209	N9370G	C182
020A	N9370H	BE17
020F	N9370N	P28R
0211	N9370Q	BE33
0212	N9370R	C172
0213	N9370S	BE23
0215	N9370U	C82S
0216	N9370V	B38M
0218	N9370X	C82R
021A	N9370Z	BE18
0220	N93705	ERCO
0221	N93706	C152
0222	N93707	C172
0226	N9371A	C195
0228	N9371C	PA34
022A	N9371E	AR11
022E	N9371J	P28A
022F	N9371K	P28A
0232	N9371N	P28R
0233	N9371P	PA24
0234	N9371Q	BE35
0236	N9371S	BE24
0239	N9371V	M20P
023A	N9371W	P28B
023B	N9371X	C182
023C	N9371Y	C82S
023E	N93710	BL17
023F	N93711	CH7A
0240	N93712	ERCO
0242	N93714	BL17
0244	N93716	ERCO
0245	N93717	ERCO
024A	N9372B	C175
024F	N9372G	C182
0250	N9372H	C172
0251	N9372J	P28A
0255	N9372N	P28R
0256	N9372P	PA24
0257	N9372Q	BE33
0259	N9372S	BE24
025C	N9372V	M20P
025D	N9372W	P28B
025E	N9372X	C182
0262	N93721	ERCO
0263	N93722	M20P
0265	N93724	ERCO
0268	N93727	ERCO
026C	N9373A	C195
026F	N9373D	PA18
0270	N9373E	AR11
0271	N9373F	C72R
0277	N9373M	M20P
0278	N9373N	P28R
0279	N9373P	PA24
027C	N9373S	BE24
027D	N9373T	C180
027F	N9373V	M20P
0280	N9373W	P28B
0284	N93730	C152
0286	N93732	ERCO
0288	N93734	ERCO
0289	N93735	ERCO
0290	N9374B	C72R
0294	N9374F	H269
0295	N9374G	C182
0296	N9374H	C82R
029A	N9374M	M20P
02A1	N9374U	C150
02A3	N9374W	P28B
02AA	N93743	BL17
02AB	N93744	ERCO
02AD	N93746	ERCO
02B0	N93749	ERCO
02B2	N9375A	C195
02B3	N9375B	C175
02B4	N9375C	P28A
02BA	N9375J	P28A
02BD	N9375M	M20P
02BE	N9375N	P28R
02C3	N9375T	RV12
02C5	N9375V	M20P
02C7	N9375X	C182
02C8	N9375Y	BE18
02CA	N93750	ERCO
02CB	N93751	ERCO
02D3	N93759	BL17
02D7	N9376C	C180
02E0	N9376M	C172
02E6	N9376T	PA38
02E7	N9376U	G3
02EA	N9376X	C82S
02ED	N93760	ERCO
02F6	N93769	C185
02F8	N9377A	C190
02F9	N9377B	C175
02FA	N9377C	P28R
02FE	N9377G	GLID
02FF	N9377H	C172
0300	N9377J	P28A
0303	N9377M	M20P
0305	N9377P	PA18
030A	N9377U	C150
030C	N9377W	P28B
030E	N9377Y	BE95
0311	N93771	ERCO
0314	N93774	ERCO
0317	N93777	C185
031C	N9378B	C175
031E	N9378D	C72R
0323	N9378J	P28A
0326	N9378M	M20P
032D	N9378U	C150
032E	N9378V	M20P
0330	N9378X	C82R
0334	N93781	ERCO
033B	N93788	ERCO
033C	N93789	ERCO
033F	N9379B	C175
0340	N9379C	C180
0343	N9379F	C72R
0345	N9379H	C172
0346	N9379J	P28A
034A	N9379N	P28R
034B	N9379P	PA24
034C	N9379Q	BE36
034F	N9379T	C180
0352	N9379W	P28B
0353	N9379X	C182
0354	N9379Y	T210
035D	N93797	C185
035E	N93798	ERCO
0361	N938A	PA22
0362	N938AA	H60
0364	N938AC	SR22
0368	N938AG	RV9
036B	N938AK	B39M
036D	N938AM	C550
036E	N938AN	B738
0373	N938AT	B712
0375	N938AV	A20N
037A	N938B	CH60
037D	N938BC	B772
037E	N938BD	BE36
038B	N938BS	B350
0393	N938C	HUSK
03A1	N938CP	C82T
03A5	N938CT	FDCT
03AD	N938DA	DV20
03AE	N938DB	B739
03B0	N938DD	T206
03D5	N938ER	C172
03E2	N938FD	B752
03EE	N938FR	A319
03FA	N938GC	E550
0408	N938GS	RV6
0423	N938HU	MM22
0435	N938MJ	GLEX
043A	N938JS	C680
043E	N938JW	P46T
046D	N938LT	PA44
0474	N938M	H500
0477	N938MC	MD83
0497	N938NK	A20N
049A	N938NN	B738
04AD	N938PG	RV12
04AE	N938PH	FOX
04B2	N938PM	PA31
04BF	N938Q	BE95
04D0	N938QS	C68A
04D8	N938R	SR20
04DC	N938RD	C25B
04E3	N938RL	RV8
04F0	N938RZ	SF50
04F2	N938SA	C172
04F9	N938SH	R22
0506	N938SW	CRJ2
050D	N938TC	T38
050F	N938TE	AA5
0520	N938TX	C750
0538	N938UW	B752
053C	N938V	BE95
054A	N938VP	CH75
0555	N938W	RV8
055D	N938WH	RAF2
0562	N938WN	B737
05BB	N9380B	C175
05BC	N9380C	P28R
05C0	N9380G	C182
05C2	N9380J	P28A
05C3	N9380K	P32R
05C5	N9380M	M20P
05C6	N9380N	C185
05C7	N9380P	PA24
05C8	N9380Q	BE33
05C9	N9380R	C188
05CC	N9380U	C150
05CE	N9380W	P28B
05CF	N9380X	C182
05D5	N93803	ERCO
05D7	N93805	ERCO
05D9	N93807	ERCO
05DA	N93808	ERCO
05DE	N9381B	T206
05E0	N9381D	PA18
05E1	N9381E	AR11
05E4	N9381H	DG15
05E5	N9381J	P28A
05E6	N9381K	S108
05F2	N9381X	C182
05F3	N9381Y	BE35
05F7	N93812	ERCO
05F9	N93814	C185
05FC	N93817	ERCO
05FD	N93818	TBM
0600	N9382A	C195
0603	N9382D	C72R
0607	N9382H	C82R
0608	N9382J	P28A
060A	N9382L	AA1
060B	N9382M	M20P
060C	N9382N	P28R
060D	N9382P	PA24
0613	N9382V	M20P
0614	N9382W	P28B
0615	N9382X	C82R
0616	N9382Y	BE35
0618	N93820	ERCO
061B	N93823	ERCO
061C	N93824	C210
061E	N93826	ERCO
061F	N93827	C185
0620	N93828	ERCO
0625	N9383C	C180
0626	N9383D	SBOY
062A	N9383H	ST75
062B	N9383J	P28A
062E	N9383M	M20P
062F	N9383N	P28R
0635	N9383U	C150
0637	N9383W	P28B
063C	N93831	C152
063E	N93833	ERCO
063F	N93834	ERCO
0641	N93836	T210
0643	N93838	ERCO
0644	N93839	C152
0645	N9384	FA24
0647	N9384B	C175
0648	N9384C	C180
0649	N9384D	PA18
064A	N9384E	AR11
064E	N9384J	P28A
064F	N9384K	S108
0651	N9384M	M20P
0653	N9384P	PA24
0655	N9384R	M20P
065F	N93841	ERCO
0660	N93842	C185
0663	N93845	C210
066A	N9385B	C175
066B	N9385C	P32R
066E	N9385F	H269
066F	N9385G	C188
0670	N9385H	J3
0671	N9385J	P28A
0673	N9385L	C172
0675	N9385N	C185
0677	N9385Q	BE58
067E	N9385X	C182
0681	N93850	ERCO
0682	N93851	ERCO
0683	N93852	ERCO
068A	N93859	ERCO
068C	N9386A	C195
068E	N9386C	C180
068F	N9386D	PA18
0695	N9386K	S108
0697	N9386M	M20P
0698	N9386N	P28R
0699	N9386P	PA24
069B	N9386R	C182
069E	N9386U	C150
069F	N9386V	M20P
06A1	N9386X	C82R
06A2	N9386Y	BE35
06A6	N93862	ERCO
06AB	N93867	T210
06AC	N93868	ERCO
06AD	N93869	ERCO
06AF	N9387A	C190
06B2	N9387D	C72R
06B6	N9387H	C172
06B7	N9387J	P28A
06B8	N9387K	S108
06BA	N9387M	M20P
06C0	N9387T	PA38
06C2	N9387V	M20P
06C4	N9387X	C182
06C5	N9387Y	BE35
06C8	N93871	ERCO
06CE	N93877	ERCO
06D0	N93879	ERCO
06D3	N9388B	C175
06D6	N9388E	AR11
06E7	N9388X	C82R
06EA	N93880	ERCO
06ED	N93883	ERCO
06F0	N93886	ERCO
06F1	N93887	C210
06F2	N93888	ERCO
06F3	N93889	ERCO
06F5	N9389A	C195
06F6	N9389B	C175
06F7	N9389C	C180
06F8	N9389D	PA18
06F9	N9389E	C172
06FD	N9389J	P28A
06FF	N9389L	C172
0700	N9389M	M20P
0707	N9389U	C150
0708	N9389V	M20P
0709	N9389W	P28B
070A	N9389X	C182
070D	N93890	ERCO
070F	N93892	ERCO
0719	N939AA	RV3
071A	N939AB	CH7A
071B	N939AC	C152
071D	N939AE	E145
0721	N939AJ	E35L
0722	N939AK	HUSK
0724	N939AM	PC24
0725	N939AN	B738
0726	N939AP	GL5T
072A	N939AT	B712
072C	N939AV	A320
0733	N939BB	RV12
0736	N939BE	RV6
0738	N939BG	A139
0741	N939BR	PA11
0746	N939BW	BE30
074A	N939C	P46T
074B	N939CA	PA24
074C	N939CB	BL8
074D	N939CC	CL60
074E	N939CD	SR20
0750	N939CF	C680
0751	N939CG	R44
0756	N939CM	L39
0764	N939DA	DV20
0766	N939DC	C550
076A	N939DG	B739
076C	N939DJ	C182
076F	N939DM	RV10
0775	N939DT	RV9
078B	N939EQ	P28A
078E	N939ET	G280
0799	N939FD	B752
079A	N939FE	C208
07A1	N939FM	R44
07A5	N939FR	A319
07A6	N939FS	B350
07AE	N939G	P28A
07BF	N939GS	GL5T
07C7	N939H	SA30
07C9	N939HB	TEX2
07CC	N939HE	PC12
07E2	N939JB	PA31
07E9	N939JJ	FOX
07EB	N939JL	BE20
07F1	N939JS	CH75
0805	N939KM	GLF2
081A	N939LH	PA44
0822	N939LR	CRJ9
0824	N939LT	RV6
0836	N939ML	GLEX
0845	N939NA	T33
084E	N939NK	A20N
0851	N939NN	B738
085D	N939P	BE36
085E	N939PA	P46T
0860	N939PC	PC12
0864	N939PG	GLF4
0865	N939PH	S92
0887	N939QS	C68A
088F	N939R	DHC1
0893	N939RD	RV7
0898	N939RJ	P28A
089A	N939RL	C210
089B	N939RM	BE55
08A1	N939RT	C650
08AA	N939SB	RV10
08AE	N939SF	L39
08AF	N939SG	GLF6
08B0	N939SH	R22
08B6	N939SP	C172
08B8	N939SR	SR20
08BD	N939SW	CRJ2
08C6	N939TE	AA5
08D6	N939TW	C560
08D7	N939TX	C750
08EF	N939UW	B752
090C	N939W	ST75
0919	N939WN	B737
0925	N939X	G164
0972	N9390B	C72R
0974	N9390D	PA18
0975	N9390E	C172
0976	N9390F	H269
0978	N9390H	C172
0979	N9390J	P28A
097A	N9390K	S108
097C	N9390M	M20P
097D	N9390N	P28R
097E	N9390P	PA24
098B	N93902	ERCO
098D	N93904	C185
098E	N93905	ERCO
098F	N93906	ERCO
0993	N9391	DH82
0995	N9391B	C175
0997	N9391D	PA18
0998	N9391E	C172
099A	N9391G	C182
099B	N9391H	C172
099C	N9391J	P28A
099D	N9391K	S108
099F	N9391M	M20P
09A1	N9391P	PA24
09A7	N9391V	M20P
09A8	N9391W	P28B
09A9	N9391X	C182
09AA	N9391Y	BE35
09AF	N93913	C185
09B1	N93915	ERCO
09B8	N9392B	C175
09B9	N9392C	P28A
09BC	N9392F	C72R
09BE	N9392H	C172
09BF	N9392J	P28A
09C0	N9392K	P32R
09C3	N9392N	P28R
09C7	N9392S	FOX
09C9	N9392U	C150
09CA	N9392V	M20P
09CB	N9392W	P28B
09CC	N9392X	C182
09D0	N93921	ERCO
09D5	N93926	ERCO
09D6	N93927	C152
09DC	N9393C	C180
09DD	N9393D	PA18
09E0	N9393G	C188
09E1	N9393H	C82R
09E2	N9393J	P28A
09E5	N9393M	M20P
09E7	N9393P	PA24
09E8	N9393Q	BE33
09ED	N9393V	M20P
09EE	N9393W	P28B
09EF	N9393X	C82R
09F2	N93930	ERCO
09F3	N93931	ERCO
09F4	N93932	ERCO
09F6	N93934	C185
09F7	N93935	ERCO
09F8	N93936	ERCO
09FA	N93938	ERCO
09FB	N93939	ERCO
09FF	N9394C	C180
0A00	N9394D	C72R
0A04	N9394H	C172
0A05	N9394J	P28A
0A08	N9394M	M20P
0A09	N9394N	P28R
0A0A	N9394P	PA24
0A0E	N9394T	PA38
0A0F	N9394U	C150
0A11	N9394W	P28B
0A12	N9394X	C182
0A13	N9394Y	BE35
0A18	N93943	C185
0A1B	N93946	ERCO
0A1E	N93949	ERCO
0A20	N9395A	C195
0A21	N9395B	C72R
0A23	N9395D	PA18
0A27	N9395H	C172
0A28	N9395J	P28A
0A29	N9395K	S108
0A2C	N9395N	C185
0A2D	N9395P	PA24
0A33	N9395V	M20P
0A35	N9395X	C82R
0A38	N93950	ERCO
0A3B	N93953	ERCO
0A3D	N93955	ERCO
0A43	N9396A	C150
0A44	N9396B	C175
0A45	N9396C	P28A
0A46	N9396D	PA18
0A4A	N9396H	C172
0A4B	N9396J	P28A
0A50	N9396P	PA24
0A51	N9396Q	BE33
0A53	N9396S	RV9
0A55	N9396U	C150
0A56	N9396V	M20P
0A58	N9396X	C82R
0A5B	N93960	ERCO
0A5C	N93961	ERCO
0A5E	N93963	ERCO
0A61	N93966	ERCO
0A63	N93968	ERCO
0A65	N9397	FA24
0A66	N9397A	C195
0A68	N9397C	P28A
0A6D	N9397H	C172
0A6E	N9397J	P28A
0A73	N9397P	PA24
0A78	N9397U	C150
0A7A	N9397W	P28B
0A81	N93973	ERCO
0A82	N93974	C210
0A83	N93975	ERCO
0A85	N93977	ERCO
0A86	N93978	ERCO
0A89	N9398A	C190
0A8B	N9398C	C180
0A8C	N9398D	PA18
0A93	N9398L	AA1
0A94	N9398M	M20P
0A95	N9398N	P28R
0A96	N9398P	PA24
0A9B	N9398U	C150
0A9C	N9398V	M20P
0A9E	N9398X	C182
0AA1	N93980	C152
0AA5	N93984	ERCO
0AA6	N93985	ERCO
0AAA	N93989	C152
0AAC	N9399A	C195
0AAD	N9399B	C175
0AAE	N9399C	C180
0AAF	N9399D	PA18
0AB0	N9399E	C172
0AB7	N9399M	C207
0AB8	N9399N	P28R
0ABB	N9399R	AC50
0AC1	N9399X	C182
0AC2	N9399Y	BE95
0AC6	N93992	ERCO
0AC8	N93994	ERCO
0ACB	N93997	ERCO
0ACE	N94	CL60
0AD0	N94AA	RV3
0AD1	N94AB	RV6
0AD3	N94AD	SF50
0AD5	N94AF	LJ35
0AD6	N94AG	M7
0AD7	N94AH	A109
0AD8	N94AJ	C500
0AD9	N94AK	P32R
0ADA	N94AL	C25A
0ADD	N94AP	UH12
0ADF	N94AR	DHC6
0AE0	N94AS	EC30
0AE1	N94AT	BLKS
0AE4	N94AW	C208
0AE5	N94AX	G200
0AE7	N94AZ	C82R
0AE9	N94BA	BE9L
0AEB	N94BC	C182
0AEC	N94BD	RV8
0AEF	N94BG	GLIM
0AF4	N94BM	BL8
0AF5	N94BN	RV9
0AF6	N94BP	CH80
0AF9	N94BS	RV4
0AFA	N94BT	C180
0AFD	N94BW	BE35
0B01	N94C	ACAM
0B02	N94CA	C172
0B05	N94CD	BE9L
0B09	N94CH	C650
0B0B	N94CK	LJ45
0B0C	N94CL	AA5
0B0D	N94CM	CH7A
0B0F	N94CP	C172
0B11	N94CR	RV6
0B16	N94CW	BOLT
0B1A	N94D	P32R
0B1B	N94DA	RV4
0B1C	N94DB	ACR2
0B1D	N94DC	DHC2
0B1F	N94DE	JSX
0B20	N94DF	AEST
0B21	N94DG	RV6
0B22	N94DH	DH94
0B25	N94DL	P28A
0B26	N94DM	C185
0B27	N94DN	DHC2
0B2A	N94DR	ST75
0B2F	N94DW	RV8
0B34	N94EA	AC95
0B35	N94EB	SR22
0B36	N94EC	B06
0B39	N94EF	HDJT
0B3E	N94EL	T206
0B3F	N94EM	BE36
0B43	N94ER	C172
0B49	N94EX	E300
0B50	N94FD	RV8
0B53	N94FG	P46T
0B57	N94FL	FOX
0B5C	N94FR	RLU1
0B5E	N94FT	G280
0B61	N94FW	SAKO
0B68	N94GC	M7
0B6B	N94GF	P32R
0B73	N94GP	LJ35
0B75	N94GR	T34T
0B7A	N94GW	C82S
0B7E	N94H	BE18
0B7F	N94HA	F2TH
0B80	N94HB	BE9L
0B82	N94HD	C182
0B83	N94HE	BE40
0B84	N94HF	CH7B
0B86	N94HH	PA25
0B87	N94HJ	C172
0B89	N94HL	C25A
0B8A	N94HM	GLIM
0B8E	N94HR	C140
0B8F	N94HS	RV6
0B91	N94HU	HUSK
0B93	N94HW	RV9
0B95	N94HY	HUSK
0B97	N94J	ERCO
0B98	N94JA	C72R
0B99	N94JB	M20P
0B9B	N94JD	BE65
0B9C	N94JE	FOX
0B9D	N94JF	FOX
0BA1	N94JK	BE36
0BA2	N94JL	GLF4
0BA3	N94JM	PA31
0BAB	N94JV	BE36
0BAC	N94JW	C25C
0BB2	N94KB	RV6
0BB7	N94KG	GLID
0BBA	N94KK	RV9
0BBB	N94KL	VELO
0BBC	N94KM	BE58
0BC5	N94KW	M7
0BCB	N94LB	M7
0BCC	N94LC	J3
0BCD	N94LD	MU30
0BCE	N94LE	RV6
0BCF	N94LF	GLF5
0BD1	N94LH	BE40
0BD2	N94LJ	RV4
0BD9	N94LR	PULS
0BDA	N94LS	C182
0BDB	N94LT	RV7
0BE3	N94MA	PA46
0BE4	N94MB	RV4
0BE6	N94MD	AS65
0BE7	N94ME	RV9
0BEA	N94MH	GLIM
0BEB	N94MJ	BE20
0BEF	N94MN	C82R
0BF0	N94MP	C82S
0BF1	N94MQ	BE55
0BF2	N94MR	M20P
0BF3	N94MS	RV14
0BF4	N94MT	C208
0BF7	N94MW	CH70
0BFB	N94N	BE65
0BFC	N94NA	P28R
0C01	N94NF	RV9
0C02	N94NG	DA42
0C06	N94NL	L39
0C07	N94NM	T206
0C10	N94NW	UH1
0C14	N94P	PA32
0C15	N94PA	DA62
0C16	N94PB	BE58
0C17	N94PC	C680
0C18	N94PD	B06
0C19	N94PE	SS2T
0C1B	N94PG	BE9T
0C1E	N94PK	RV9
0C1F	N94PL	C550
0C20	N94PM	P28R
0C23	N94PQ	CRJ9
0C24	N94PR	SS2T
0C25	N94PS	P210
0C26	N94PT	LNC4
0C2D	N94Q	C120
0C3F	N94QT	H269
0C47	N94RA	PA11
0C4A	N94RD	AVID
0C4B	N94RE	M20P
0C4C	N94RF	SRAI
0C4E	N94RH	GLIM
0C53	N94RN	L5
0C56	N94RR	P28R
0C57	N94RS	SR20
0C58	N94RT	BEAR
0C5B	N94RW	C414
0C5E	N94RZ	RV9
0C5F	N94S	U21
0C60	N94SA	CH7A
0C61	N94SB	RV6
0C62	N94SC	T6
0C63	N94SD	PA12
0C65	N94SF	CL60
0C68	N94SJ	RV4
0C6D	N94SP	CH70
0C6F	N94SR	PA11
0C70	N94SS	BE35
0C71	N94ST	FOX
0C75	N94SX	SONX
0C7A	N94TB	RV6
0C7C	N94TD	RV7
0C7D	N94TE	ECHO
0C7E	N94TF	P32R
0C7F	N94TG	DR1
0C81	N94TJ	BE58
0C83	N94TL	SRAI
0C84	N94TM	SA30
0C86	N94TP	DHC2
0C89	N94TS	C172
0C8A	N94TT	M20P
0C8B	N94TU	PA18
0C8D	N94TW	E300
0CAA	N94V	BE35
0CAB	N94VA	VELO
0CB0	N94VF	RV4
0CB6	N94VM	B06
0CBF	N94VW	C170
0CC4	N94WA	P28A
0CC6	N94WC	R44
0CC7	N94WD	LGEZ
0CCF	N94WM	PA46
0CD3	N94WR	RV4
0CD4	N94WS	GLAS
0CD5	N94WT	AC80
0CD8	N94WW	BE36
0CDA	N94WY	HUSK
0CDC	N94X	PA18
0CF5	N94Y	VTUR
0CF8	N94YC	PA30
0D19	N94ZL	AT5T
0D27	N940	WACO
0D2A	N940AB	TBM7
0D31	N940AJ	GLF5
0D32	N940AK	P40
0D34	N940AM	C172
0D35	N940AN	B738
0D38	N940AR	TBM7
0D39	N940AS	B744
0D3A	N940AT	B712
0D3B	N940AU	TBM7
0D3C	N940AV	A20N
0D3D	N940AW	TBM7
0D3E	N940AX	TBM7
0D41	N940B	TBM7
0D42	N940BA	GLEX
0D44	N940BC	B772
0D4E	N940BN	TBM7
0D56	N940BW	P28A
0D5C	N940CB	GLIM
0D5D	N940CC	FA50
0D5E	N940CD	SR22
0D65	N940CL	F900
0D66	N940CM	TBM7
0D68	N940CP	C82T
0D6B	N940CS	TBM7
0D6F	N940CW	TBM7
0D70	N940CX	TBM7
0D73	N940D	S108
0D74	N940DA	DV20
0D77	N940DD	TBM7
0D79	N940DF	TBM7
0D7C	N940DJ	B739
0D7D	N940DK	TBM7
0D7F	N940DM	TBM7
0D83	N940DR	TBM7
0D85	N940DT	TBM7
0D87	N940DV	TBM9
0D8C	N940E	TBM7
0D97	N940EL	TBM7
0D98	N940EM	TBM7
0D9D	N940ES	TBM7
0DA9	N940FD	B752
0DAA	N940FE	C208
0DB1	N940FM	H25B
0DB5	N940FR	TBM7
0DD7	N940H	WACO
0DDA	N940HC	BE20
0DE5	N940HP	C206
0DEC	N940HW	TBM7
0DF0	N940J	FOX
0DF6	N940JF	C68A
0DF9	N940JJ	TBM7
0DFC	N940JM	BE40
0E09	N940K	TBM7
0E0D	N940KD	TBM7
0E15	N940KM	MA5
0E22	N940L	DA40
0E23	N940LA	TBM7
0E25	N940LC	LNC2
0E29	N940LG	TBM9
0E2A	N940LH	PA44
0E34	N940LT	TBM7
0E3D	N940MB	SSTL
0E3F	N940MD	TBM7
0E40	N940ME	TBM7
0E44	N940MJ	BE36
0E46	N940ML	TBM9
0E4B	N940MR	T206
0E4C	N940MS	TBM7
0E4F	N940MV	TBM7
0E5E	N940NK	A20N
0E61	N940NN	B738
0E6F	N940PB	GLIM
0E71	N940PD	TBM7
0E75	N940PH	S92
0E77	N940PK	TBM7
0E7B	N940PP	TBM7
0E7E	N940PS	TBM7
0E82	N940PW	TBM9
0E86	N940Q	BE35
0E97	N940QS	C68A
0E9F	N940R	BE55
0EA8	N940RJ	C152
0EAB	N940RM	C172
0EB4	N940RW	TBM7
0EB8	N940S	WACF
0EBA	N940SB	TBM7
0EBF	N940SG	TBM7
0EC4	N940SM	R22
0EC8	N940SR	BE36
0EC9	N940SS	PA18
0ECD	N940SW	C25A
0ED1	N940T	TBM7
0ED2	N940TA	P06T
0ED3	N940TB	TBM7
0ED4	N940TC	P28R
0ED6	N940TE	AA5
0ED7	N940TF	TBM9
0EDD	N940TM	TBM7
0EE3	N940TT	GLF5
0EE6	N940TW	TBM7
0EEA	N940U	AC80
0F03	N940V	ST75
0F04	N940VA	BE40
0F09	N940VF	TBM7
0F15	N940VT	TBM7
0F1C	N940W	C182
0F1E	N940WB	TBM7
0F22	N940WF	RV8
0F29	N940WN	B737
0F2A	N940WP	C421
0F4B	N940XX	TBM7
0F68	N940ZA	TBM7
0F7F	N940ZZ	TBM7
0F85	N9400E	C172
0F87	N9400G	T206
0F88	N9400H	C172
0F89	N9400J	P28A
0F8A	N9400K	P28A
0F8E	N9400P	PA24
0F8F	N9400Q	BE35
0F93	N9400U	C150
0F95	N9400W	P28B
0F96	N9400X	C210
0F9A	N94001	T210
0F9B	N94002	ERCO
0F9C	N94003	ERCO
0F9D	N94004	ERCO
0F9F	N94006	C152
0FA0	N94007	ERCO
0FA1	N94008	ERCO
0FA3	N9401	TBM7
0FA4	N9401A	C140
0FA6	N9401C	P28R
0FA7	N9401D	PA22
0FA8	N9401E	AR11
0FAA	N9401G	T206
0FAB	N9401H	C172
0FAE	N9401L	P28B
0FB0	N9401N	P28R
0FB1	N9401P	PA18
0FB7	N9401V	M20P
0FB8	N9401W	MD83
0FB9	N9401X	C82R
0FBE	N94012	ERCO
0FC4	N94018	C210
0FC9	N9402C	C180
0FCA	N9402D	C82T
0FCE	N9402H	FA24
0FCF	N9402J	P28A
0FD0	N9402K	P28A
0FD1	N9402L	AA1
0FD4	N9402P	PA24
0FD7	N9402S	BE35
0FD9	N9402U	C150
0FDB	N9402W	MD83
0FDC	N9402X	C210
0FDF	N94020	ERCO
0FE2	N94023	ERCO
0FE5	N94026	ERCO
0FE6	N94027	ERCO
0FE7	N94028	ERCO
0FE9	N9403	DH94
0FEC	N9403C	C180
0FED	N9403D	PA22
0FF3	N9403K	S108
0FF8	N9403Q	BE58
0FFA	N9403S	BE35
0FFC	N9403U	C150
0FFD	N9403V	M20P
1000	N9403Y	T210
1002	N94030	ERCO
1007	N94035	T210
1008	N94036	ERCO
100A	N94038	HCAT
100D	N9404A	C140
100E	N9404B	C175
100F	N9404C	C180
1011	N9404E	AR11
1012	N9404F	C72R
1014	N9404H	C172
1015	N9404J	P28A
1016	N9404K	P28A
1019	N9404N	P28R
101B	N9404Q	BE95
101D	N9404S	BE35
1020	N9404V	MD83
1025	N94040	ERCO
1026	N94041	ERCO
1028	N94043	ERCO
102A	N94045	ERCO
102C	N94047	ERCO
1030	N9405A	C140
1032	N9405C	C180
1033	N9405D	PA22
1034	N9405E	AR11
1037	N9405H	BE17
1038	N9405J	P28A
103C	N9405N	DHC1
103D	N9405P	PA18
103F	N9405R	T206
1040	N9405S	BE35
1041	N9405T	MD83
1043	N9405V	M20P
1048	N94050	ERCO
104F	N94057	ERCO
1051	N94059	C185
1053	N9406A	C140
105B	N9406J	P28A
105C	N9406K	S108
1060	N9406P	PA18
1063	N9406S	BE35
1065	N9406U	C150
1066	N9406V	M20P
106B	N94060	ERCO
106C	N94061	C185
1070	N94065	ERCO
1073	N94068	ERCO
1078	N9407C	C180
1079	N9407D	PA22
107D	N9407H	C172
107F	N9407K	P28A
1083	N9407P	PA24
1086	N9407S	BE35
1089	N9407V	M20P
108A	N9407W	P28B
108B	N9407X	C210
108F	N94071	ERCO
1094	N94076	C210
1095	N94077	C210
1096	N94078	C185
1097	N94079	C82S
10A0	N9408H	C82R
10A3	N9408L	C172
10A5	N9408N	P28R
10AA	N9408T	C210
10AB	N9408U	C150
10B3	N94082	ERCO
10B5	N94084	ERCO
10B6	N94085	ERCO
10B8	N94087	ERCO
10B9	N94088	ERCO
10BE	N9409C	P32R
10C1	N9409F	MD83
10C5	N9409K	S108
10C6	N9409L	C172
10C9	N9409P	PA24
10CD	N9409T	C210
10CE	N9409U	C150
10D0	N9409W	P28B
10D1	N9409X	C82R
10D2	N9409Y	BE35
10D7	N94093	ERCO
10DA	N94096	ERCO
10DB	N94097	C152
10DD	N94099	ERCO
10DF	N941A	BE35
10E0	N941AA	H60
10E9	N941AK	B39M
10EB	N941AM	B407
10EC	N941AN	B738
10F1	N941AT	DC3
10F9	N941BA	CH70
1104	N941BM	C82S
1114	N941CC	AS50
1115	N941CD	SR22
111D	N941CM	EA50
111F	N941CP	C82T
1122	N941CS	S22T
112B	N941DA	DV20
112C	N941DB	B739
1131	N941DG	S22T
1133	N941DJ	TBM7
1134	N941DK	E35L
1136	N941DM	CC11
1138	N941DP	RV4
113A	N941DR	RV6
114F	N941EM	AS50
1153	N941ER	C172
1160	N941FD	B752
1167	N941FL	RV12
116C	N941FR	A319
1175	N941G	P28A
1190	N941HB	TAYB
11A8	N941JA	AT5T
11A9	N941JB	CRUZ
11AF	N941JH	CH75
11B5	N941JP	C550
11B8	N941JS	C680
11BB	N941JV	B407
11BC	N941JW	C182
11C0	N941K	C172
11C1	N941KA	C56X
11C3	N941KC	RV12
11C4	N941KD	C25C
11D5	N941KW	JACE
11D9	N941L	DA40
11DA	N941LA	AT8T
11EB	N941LT	E145
11F2	N941M	UH12
11F3	N941MA	TBM7
11F5	N941MC	XNON
11F9	N941MG	ST75
11FD	N941ML	RV8
1200	N941MP	PA22
120C	N941NA	SGUP
120E	N941NC	EA50
1215	N941NK	A20N
1218	N941NN	B738
1223	N941NZ	P28R
1227	N941PC	T210
122C	N941PH	S92
123D	N941Q	BE35
1258	N941RB	C172
125F	N941RJ	C550
1264	N941RP	RV4
1267	N941RS	GLF4
126A	N941RV	RV9
126F	N941S	H25B
1272	N941SC	B06
1274	N941SE	SR22
127A	N941SL	SR22
127B	N941SM	C72R
127D	N941SP	CL30
127F	N941SR	SR20
1280	N941SS	S22T
1284	N941SW	CRJ2
1288	N941T	C82S
1289	N941TA	F260
128A	N941TB	RV12
128B	N941TC	COL3
129D	N941TW	C172
12DF	N941WM	C182
12E0	N941WN	B737
12E3	N941WR	RV9
12EC	N941X	HA4T
1305	N941Y	M20P
131E	N941Z	FOX
1337	N9410	DH82
1338	N9410A	C140
133A	N9410C	P32R
133C	N9410E	AR11
1340	N9410J	P28A
1341	N9410K	S108
1343	N9410M	C210
1346	N9410Q	BE36
1348	N9410S	BE35
134B	N9410V	M20P
134D	N9410X	C210
134E	N9410Y	BE35
1356	N94106	ERCO
1357	N94107	ERCO
1359	N94109	ERCO
135B	N9411A	C140
135D	N9411C	C180
135E	N9411D	PA22
135F	N9411E	AR11
1362	N9411H	C185
1363	N9411J	P28A
1364	N9411K	S108
1365	N9411L	C172
1367	N9411N	P28R
1368	N9411P	PA24
1369	N9411Q	BE58
136C	N9411T	PA38
1370	N9411X	C210
1375	N94112	C152
1376	N94113	ERCO
1377	N94114	ERCO
1378	N94115	ERCO
1379	N94116	ERCO
137A	N94117	ERCO
137B	N94118	C152
137E	N9412A	C140
137F	N9412B	C72R
1381	N9412D	PA22
1382	N9412E	C82R
1386	N9412J	P28A
1387	N9412K	P28A
1389	N9412M	C210
138A	N9412N	C185
138B	N9412P	PA24
138E	N9412S	BE35
1390	N9412U	C150
1395	N9412Z	T206
1398	N94122	T210
1399	N94123	ERCO
139B	N94125	ERCO
139D	N94127	ERCO
139F	N94129	ERCO
13A3	N9413C	C180
13A4	N9413D	PA22
13A6	N9413F	H500
13A8	N9413H	C172
13AD	N9413N	P28R
13AE	N9413P	DHC1
13B4	N9413V	M20P
13B6	N9413X	C210
13BA	N94131	ERCO
13BE	N94135	ERCO
13C1	N94138	C152
13C2	N94139	ERCO
13C4	N9414A	C414
13C5	N9414B	M20P
13C6	N9414C	C180
13C8	N9414E	AR11
13CB	N9414H	C172
13CC	N9414J	P28A
13D0	N9414N	C185
13D1	N9414P	PA24
13D2	N9414Q	BE33
13D4	N9414S	RV4
13D7	N9414V	M20P
13D9	N9414X	C210
13DC	N94140	C152
13DD	N94141	T206
13DE	N94142	RV6
13E1	N94145	ERCO
13E2	N94146	ERCO
13E4	N94148	T210
13E7	N9415A	C140
13E8	N9415B	C72R
13E9	N9415C	C303
13EA	N9415D	PA22
13EE	N9415H	C172
13EF	N9415J	P28A
13F2	N9415M	C182
13F3	N9415N	P28R
13F5	N9415Q	BE33
13F7	N9415S	BE95
13F9	N9415U	M20P
13FC	N9415X	C210
13FD	N9415Y	BE95
1406	N94157	ERCO
140B	N9416B	C175
140E	N9416E	AR11
1412	N9416J	P28A
141A	N9416S	BE95
141E	N9416W	P28B
1420	N9416Y	BE35
1422	N94160	ERCO
142A	N94168	C185
1431	N9417E	AR11
1436	N9417K	P28R
1437	N9417L	C172
1439	N9417N	P28R
143B	N9417Q	BE95
143E	N9417T	C210
1440	N9417V	M20P
1442	N9417X	C210
1443	N9417Y	BE35
1444	N9417Z	C72R
1446	N94171	ERCO
1449	N94174	ERCO
144A	N94175	ERCO
144E	N94179	C152
1452	N9418C	C180
1454	N9418E	AR11
1456	N9418G	T206
1458	N9418J	P28A
1459	N9418K	S108
145B	N9418M	C182
145E	N9418Q	BE36
1466	N9418Y	BE35
146C	N94184	ERCO
1470	N94188	ERCO
1471	N94189	ERCO
1476	N9419D	PA22
1479	N9419G	SREY
147A	N9419H	C82R
147B	N9419J	P28A
147C	N9419K	S108
1480	N9419P	PA24
1484	N9419T	C210
148C	N94191	ERCO
148E	N94193	ERCO
148F	N94194	C152
1490	N94195	ERCO
1491	N94196	ERCO
1499	N942AC	C208
149B	N942AE	AS50
14A0	N942AK	B39M
14A3	N942AN	B738
14A8	N942AT	B712
14AA	N942AV	A20N
14AF	N942B	PA46
14B1	N942BB	RV3
14B3	N942BD	BE40
14C8	N942C	GLAS
14C9	N942CA	P28A
14CC	N942CD	SR20
14CD	N942CE	BE20
14D6	N942CP	B58T
14E2	N942DA	DV20
14E3	N942DB	BE33
14E7	N942DF	DFLY
14E9	N942DH	HIGH
14EE	N942DN	MD90
14FA	N942E	PA31
1502	N942EH	T206
1503	N942EJ	FOX
1506	N942EM	AS50
1514	N942FA	C172
1517	N942FD	B752
151D	N942FK	LJ45
151E	N942FL	RV9
152C	N942G	GLIM
153F	N924GU	A139
154B	N942HF	HUCO
1560	N942JB	A321
1562	N942JD	ERCO
1564	N942JF	RV9
156A	N942JM	T206
156F	N942JS	C680
1570	N942JT	GLF5
1573	N942JW	FOX
1577	N942K	HIGH
1590	N942L	DA40
1592	N942LB	RV7
1593	N942LC	P32R
159B	N942LL	E145
15A0	N942LR	CRJ9
15AA	N942MA	EN28
15AB	N942MB	G280
15C9	N942NG	PC12
15CC	N942NK	A20N
15CF	N942NN	B738
15DB	N942P	RV9
15E3	N942PH	S92
15E7	N942PM	TBM9
15EC	N942PS	S22T
15ED	N942PT	RV9
15F7	N942QC	G164
160D	N942R	RV9
160E	N942RA	GLST
160F	N942RB	T206
1610	N942RC	LJ31
1626	N942S	GLAS
1627	N942SA	T206
1628	N942SB	RV9
1632	N942SM	T210
1636	N942SR	SR22
1637	N942SS	F900
163B	N942SW	C421
163F	N942T	BE95
1640	N942TA	F260
1641	N942TB	M20P
1644	N942TE	AA5
1671	N942V	BE36
1683	N942VT	BEAR
168E	N942WD	PA31
1691	N942WG	RV9
1697	N942WN	B737
16B9	N942XX	VELO
16F0	N9420B	C175
16F1	N9420C	C180
16F3	N9420E	C172
16F5	N9420G	COY2
16FA	N9420M	C210
16FB	N9420N	P28R
16FE	N9420R	T206
1701	N9420U	C150
1702	N9420V	M20P
1705	N9420Y	BE95
1709	N94202	T210
170A	N94203	T210
170D	N94206	C210
1712	N9421A	C140
1713	N9421B	GLST
1716	N9421E	C172
1717	N9421F	C208
1719	N9421H	B47G
171A	N9421J	P28A
171E	N9421N	P28R
1722	N9421S	BE35
1725	N9421V	M20P
1729	N9421Z	C72R
172B	N94211	C210
172C	N94212	C210
1733	N94219	C185
1736	N9422B	C175
173A	N9422F	H269
173C	N9422H	C82R
173E	N9422K	T206
173F	N9422L	AA1
1745	N9422S	BE35
1746	N9422T	C210
1747	N9422U	C150
1749	N9422W	P28B
174A	N9422X	C210
174B	N9422Y	T210
1754	N94227	T210
1758	N9423A	C140
1759	N9423B	C175
175C	N9423E	AR11
175D	N9423F	H269
175F	N9423H	C172
1760	N9423J	P28A
1763	N9423M	C182
1764	N9423N	P28R
1768	N9423S	BE35
176B	N9423V	M20P
1777	N94237	C185
177E	N9424D	PA22
177F	N9424E	C172
1780	N9424F	C72R
1782	N9424H	TAIL
178C	N9424T	C210
178F	N9424W	P28B
1791	N9424Y	BE35
1797	N94244	T210
1799	N94246	COY2
179A	N94247	C152
179E	N9425A	C140
179F	N9425B	C175
17A0	N9425C	C180
17A1	N9425D	C72R
17A5	N9425H	C172
17A6	N9425J	P28A
17AA	N9425N	P28R
17AC	N9425Q	BE33
17AF	N9425T	C210
17B1	N9425V	M20P
17B2	N9425W	P28B
17B3	N9425X	C82R
17B5	N9425Z	B26
17BE	N94258	COY2
17C3	N9426C	C180
17C5	N9426E	C172
17C9	N9426J	P28A
17CA	N9426K	T210
17CD	N9426N	P28R
17D4	N9426V	M20P
17D5	N9426W	P28B
17D6	N9426X	C210
17D9	N94260	C185
17DC	N94263	T210
17DF	N94266	C185
17E0	N94267	C210
17EB	N9427H	FINC
17ED	N9427K	S108
17EF	N9427M	C182
17F1	N9427P	PA24
17F7	N9427V	M20P
17FA	N9427Y	BE35
17FC	N94270	C152
1807	N9428A	C140
1809	N9428C	C180
180B	N9428E	AR11
180C	N9428F	H269
180D	N9428G	T206
1813	N9428N	P28R
1817	N9428S	BE35
181B	N9428W	P28A
181D	N9428Y	BE35
181F	N94280	C210
1824	N94285	C210
1825	N94286	C152
182A	N9429A	C140
182C	N9429C	C180
182D	N9429D	PA22
182E	N9429E	AR11
1838	N9429Q	BE58
183A	N9429S	BE35
183C	N9429U	C150
183D	N9429V	M20P
183F	N9429X	C82R
1844	N94292	C152
1845	N94293	BE35
1846	N94294	C152
184C	N943	B25
1852	N943AE	AS50
1855	N943AH	C210
185A	N943AN	B738
185F	N943AT	B712
1861	N943AV	A20N
1866	N943B	BE95
187A	N943BV	T210
187F	N943C	S108
1880	N943CA	TBM7
1881	N943CB	C25B
1883	N943CD	SR22
188D	N943CP	C82T
1898	N943D	CH70
1899	N943DA	DV20
189A	N943DB	B739
18BC	N943EL	C750
18C6	N943EW	GA6C
18CE	N943FD	B752
18CF	N943FE	C208
18D5	N943FL	C68A
18DA	N943FR	A319
18E3	N943G	M7
18E6	N943GC	C82S
1904	N943HH	HURI
190D	N943HS	P32R
1926	N943JS	C680
1927	N943JT	A321
193A	N943KM	P46T
193F	N943KS	C172
1947	N943L	DA40
1957	N943LR	CRJ9
1961	N943MA	RV10
1970	N943MR	F900
1983	N943NK	A20N
1986	N943NN	B738
1993	N943PA	DA40
19A7	N943PW	BE95
19AE	N943QC	G164
19BC	N943QS	C68A
19C6	N943RB	PA46
19CB	N943RG	P28B
19D9	N943RW	M20P
19DE	N943SA	C152
19DF	N943SB	GLID
19E0	N943SC	B06
19E1	N943SD	BE9L
19EB	N943SP	C172
19F2	N943SW	CRJ2
19F3	N943SX	WAIX
19F7	N943TA	F260
19FB	N943TE	AA5
19FC	N943TF	C550
1A02	N943TM	TBM7
1A08	N943TT	R44
1A4E	N943WN	B737
1A5A	N943X	G164
1A5D	N943XC	BE30
1A8D	N943ZA	C82S
1AA5	N9430	BE95
1AA6	N9430A	C140
1AA7	N9430B	C175
1AA8	N9430C	C180
1AB0	N9430L	AA1
1AB1	N9430M	C150
1AB2	N9430N	P28R
1AB3	N9430P	PA24
1AB4	N9430Q	BE35
1AB6	N9430S	BE35
1AB7	N9430T	C210
1AB8	N9430U	C150
1AB9	N9430V	M20P
1ABA	N9430W	P28B
1ABB	N9430X	C82R
1ABC	N9430Y	BE35
1AC1	N94303	C182
1AC2	N94304	C182
1AC4	N94306	ERCO
1AC5	N94307	ERCO
1AC6	N94308	ERCO
1AC9	N9431A	C140
1ACB	N9431C	P28A
1ACD	N9431E	AR11
1AD0	N9431H	GLID
1AD3	N9431L	AA1
1AD4	N9431M	C182
1AD7	N9431Q	BE33
1AD9	N9431S	BE35
1ADA	N9431T	PA38
1ADE	N9431X	C82R
1ADF	N9431Y	BE35
1AE1	N94310	ERCO
1AE3	N94312	M20P
1AE4	N94313	ERCO
1AE6	N94315	ERCO
1AE7	N94316	ERCO
1AED	N9432B	C175
1AEE	N9432C	C180
1AEF	N9432D	C72R
1AF3	N9432H	S52
1AF5	N9432K	S108
1AF7	N9432M	T210
1B04	N94320	ERCO
1B0B	N94327	ERCO
1B0C	N94328	C182
1B0E	N9433	FLE7
1B0F	N9433A	C140
1B11	N9433C	C180
1B12	N9433D	PA22
1B13	N9433E	C172
1B17	N9433J	P28A
1B18	N9433K	S108
1B19	N9433L	C172
1B1A	N9433M	C210
1B1E	N9433R	C206
1B1F	N9433S	BE35
1B20	N9433T	C210
1B23	N9433W	P28B
1B24	N9433X	C82R
1B2A	N94333	ERCO
1B2B	N94334	C182
1B2F	N94338	C182
1B32	N9434A	UH1
1B33	N9434B	C175
1B3A	N9434J	P28A
1B3E	N9434N	C185
1B3F	N9434P	PA24
1B43	N9434T	C210
1B45	N9434V	M20P
1B46	N9434W	P28B
1B4A	N94340	C152
1B4C	N94342	ERCO
1B4F	N94345	C182
1B52	N94348	ERCO
1B55	N9435A	C140
1B56	N9435B	C72R
1B57	N9435C	C180
1B5D	N9435J	P28A
1B60	N9435M	C182
1B62	N9435P	PA24
1B67	N9435U	C150
1B69	N9435W	P28B
1B6B	N9435Y	BE35
1B6C	N9435Z	C72R
1B6E	N94351	ERCO
1B6F	N94352	ERCO
1B71	N94354	ERCO
1B72	N94355	ERCO
1B74	N94357	ERCO
1B76	N94359	C182
1B78	N9436A	C140
1B79	N9436B	C175
1B83	N9436M	C207
1B86	N9436Q	BE33
1B88	N9436S	BE95
1B8C	N9436W	P28B
1B8D	N9436X	C210
1B8E	N9436Y	BE35
1B95	N94365	ERCO
1B96	N94366	ERCO
1B97	N94367	ERCO
1B9E	N9437D	C72R
1BA3	N9437J	P28A
1BA4	N9437K	S108
1BAB	N9437S	BE35
1BAD	N9437U	C150
1BAF	N9437W	P28B
1BB1	N9437Y	BE35
1BB4	N94371	C182
1BB5	N94372	ERCO
1BB6	N94373	ERCO
1BB9	N94376	ERCO
1BBB	N94378	ERCO
1BBC	N94379	ERCO
1BBE	N9438A	C140
1BC0	N9438C	C180
1BC1	N9438D	PA22
1BC9	N9438M	T206
1BCA	N9438N	C185
1BCB	N9438P	PA24
1BCE	N9438S	COY2
1BCF	N9438T	C210
1BD3	N9438X	C82R
1BD6	N94380	ERCO
1BD7	N94381	C152
1BDA	N94384	P51
1BDE	N94388	G44
1BE1	N9439A	C140
1BE2	N9439B	C72R
1BE3	N9439C	C180
1BE5	N9439E	C172
1BE7	N9439G	GLID
1BEA	N9439K	P28A
1BEB	N9439L	AA1
1BF1	N9439S	BE35
1BF5	N9439W	P28B
1BF6	N9439X	C210
1BF7	N9439Y	T210
1BF9	N94390	ERCO
1BFA	N94391	C182
1C00	N94397	C152
1C01	N94398	ERCO
1C04	N944A	PA22
1C0A	N944AF	RV8
1C0B	N944AG	CLON
1C0E	N944AK	R44
1C0F	N944AL	SF50
1C10	N944AM	EC45
1C11	N944AN	B738
1C12	N944AP	SF50
1C14	N944AR	R44
1C15	N944AS	R66
1C16	N944AT	B712
1C18	N944AV	A320
1C1E	N944BA	R44
1C1F	N944BB	H25B
1C20	N944BC	R44
1C21	N944BD	RV7
1C24	N944BG	R44
1C29	N944BM	TL20
1C2F	N944BT	PC12
1C36	N944C	BE20
1C38	N944CB	C172
1C3A	N944CD	R44
1C44	N944CP	BE35
1C48	N944CT	FDCT
1C50	N944DA	DV20
1C51	N944DB	P28R
1C52	N944DC	R44
1C56	N944DG	P28A
1C57	N944DH	P210
1C59	N944DK	R44
1C5C	N944DN	MD90
1C5D	N944DP	M20P
1C5F	N944DR	B739
1C68	N944E	R44
1C69	N944EA	TBM7
1C6A	N944EB	M20P
1C74	N944EM	BL17
1C78	N944ER	C172
1C7D	N944EW	AR15
1C85	N944FD	B752
1C9A	N944G	GLAS
1CA0	N944GF	R44
1CA5	N944GL	GLEX
1CA6	N944GM	PAY1
1CA8	N944GP	COZY
1CAB	N944GS	R44
1CB6	N944HC	SR22
1CCC	N944J	C525
1CD0	N944JD	PC12
1CD1	N944JE	FOX
1CD4	N944JH	C182
1CD6	N944JK	RV9
1CD8	N944JM	R44
1CDA	N944JP	SREY
1CDC	N944JR	RV9
1CDD	N944JS	GLID
1CDE	N944JT	A321
1CE1	N944JW	CASS
1CE5	N944K	BE9L
1CF1	N944KM	PA18
1CF5	N944KR	H25B
1CFE	N944L	DA40
1CFF	N944LA	C72R
1D00	N944LB	L5
1D01	N944LC	R44
1D04	N944LF	BE36
1D0E	N944LR	CRJ9
1D0F	N944LS	BE20
1D17	N944M	RV4
1D18	N944MA	HUSK
1D1C	N944ME	EC35
1D21	N944MK	PA11
1D23	N944MM	GLEX
1D27	N944MR	R44
1D3A	N944NK	A20N
1D3D	N944NN	B738
1D4A	N944PA	BT36
1D4B	N944PB	R44
1D4C	N944PC	R44
1D51	N944PH	S92
1D55	N944PM	C82R
1D62	N944Q	BE35
1D67	N944DZ	B739
1D7B	N944R	C172
1D86	N944RL	ACAM
1D87	N944RM	BE35
1D8B	N944RR	RV8
1D8F	N944RV	RV9
1D90	N944RW	CRUZ
1D94	N944S	PA46
1D97	N944SC	B06
1D9C	N944SH	R44
1D9D	N944SJ	LGEZ
1DA9	N944SW	CRJ2
1DAD	N944T	BE95
1DAE	N944TA	R44
1DAF	N944TB	H25B
1DB0	N944TC	B505
1DB3	N944TF	BE9L
1DB4	N944TG	B407
1DB8	N944TL	BL8
1DBF	N944TT	C172
1DD4	N944UP	CL30
1DDB	N944UW	E190
1DDF	N944V	BE23
1DE1	N944VB	R44
1DF8	N944W	CRBN
1DFA	N944WB	C182
1E04	N944WM	RV9
1E05	N944WN	B737
1E0A	N944WT	R44
1E14	N944XC	B350
1E5C	N9440	BE18
1E5E	N9440B	C175
1E60	N9440D	C72R
1E61	N9440E	AR11
1E62	N9440F	H269
1E65	N9440J	P28A
1E66	N9440K	S108
1E69	N9440N	P28R
1E6B	N9440Q	BE35
1E6F	N9440U	C150
1E70	N9440V	M20P
1E71	N9440W	P28B
1E72	N9440X	C82R
1E73	N9440Y	BE35
1E75	N94400	C152
1E76	N94401	C152
1E78	N94403	ERCO
1E7A	N94405	C206
1E7C	N94407	ERCO
1E80	N9441A	C140
1E81	N9441B	C175
1E8B	N9441M	C182
1E91	N9441T	C210
1E92	N9441U	C150
1E93	N9441V	M20P
1E94	N9441W	P28B
1E95	N9441X	C210
1E96	N9441Y	BE35
1E97	N9441Z	C82S
1E99	N94411	ERCO
1E9D	N94415	ERCO
1EA5	N9442C	PA32
1EA7	N9442E	AR11
1EA8	N9442F	H269
1EAA	N9442H	DG15
1EAC	N9442K	S108
1EAF	N9442N	P28R
1EB0	N9442P	PA18
1EB2	N9442R	C82R
1EB5	N9442U	C150
1EBD	N94422	HAR
1EBE	N94423	ERCO
1EC1	N94426	ERCO
1EC3	N94428	ERCO
1EC4	N94429	C152
1EC8	N9443C	C180
1ECA	N9443E	AR11
1ECD	N9443H	C172
1ECF	N9443K	S108
1ED0	N9443L	C172
1ED2	N9443N	P28R
1ED3	N9443P	PA24
1EDA	N9443W	P28B
1EDB	N9443X	C210
1EDF	N94431	ERCO
1EE0	N94432	ERCO
1EE3	N94435	P28A
1EE6	N94438	ERCO
1EEA	N9444B	C175
1EEB	N9444C	C180
1EEC	N9444D	PA18
1EF0	N9444H	C172
1EF4	N9444M	C210
1EFB	N9444U	C150
1EFD	N9444W	P28B
1F05	N94444	T6
1F08	N94447	C152
1F0C	N9445A	C140
1F0E	N9445C	C180
1F13	N9445H	C172
1F14	N9445J	P28A
1F15	N9445K	P28A
1F1D	N9445T	C210
1F20	N9445W	P28B
1F22	N9445Y	BE35
1F2D	N94459	B24
1F31	N9446C	C180
1F35	N9446G	T206
1F36	N9446H	H60
1F37	N9446J	P28A
1F3B	N9446N	C185
1F3C	N9446P	T206
1F3D	N9446Q	BE58
1F41	N9446U	C150
1F48	N94461	C172
1F4D	N94466	P40
1F59	N9447H	C172
1F5B	N9447K	S108
1F5C	N9447L	C172
1F5D	N9447M	C182
1F5E	N9447N	P28R
1F66	N9447W	P28B
1F67	N9447X	C82R
1F68	N9447Y	T210
1F6F	N94475	S55P
1F75	N9448A	C140
1F77	N9448C	C180
1F78	N9448D	PA18
1F79	N9448E	AR11
1F7D	N9448J	P28A
1F7E	N9448K	S108
1F80	N9448M	C182
1F81	N9448N	P28R
1F82	N9448P	PA18
1F86	N9448T	PA38
1F87	N9448U	C150
1F89	N9448W	P28B
1F8C	N9448Z	C72R
1F98	N9449A	C140
1F99	N9449B	C175
1F9B	N9449D	PA18
1F9C	N9449E	AR11
1FA4	N9449N	P28R
1FA8	N9449S	CH75
1FAB	N9449V	M20P
1FAC	N9449W	P28B
1FAD	N9449X	C210
1FB8	N94498	T33
1FBC	N945AA	SF50
1FBE	N945AC	CL30
1FC7	N945AM	M20P
1FC8	N945AN	B738
1FCC	N945AS	C337
1FCD	N945AT	B712
1FCF	N945AV	A320
1FD4	N945B	BE95
1FD7	N945BC	B772
1FD8	N945BD	SR22
1FDB	N945BG	C421
1FEE	N945CA	P212
1FF0	N945CC	PA11
1FF1	N945CD	SR22
1FF5	N945CH	H47
1FFB	N945CP	C82T
2006	N945D	RV9
2008	N945DB	P28A
2009	N945DC	EC45
2013	N945DN	MD90
2017	N945DS	P28A
2018	N945DT	M20P
2021	N945EB	C82S
2028	N945EJ	LJ45
2043	N945FL	B738
2049	N945FS	CL60
204D	N945FW	C82R
2051	N945G	C82T
2053	N945GB	GLST
205F	N945GP	SLG2
2066	N945GW	BE60
206A	N945H	WACO
206B	N945HA	UH12
206D	N945HC	LJ45
2084	N945JA	T206
208D	N945JK	PA32
2094	N945JS	C750
2095	N945JT	A321
20B5	N945L	DA40
20B7	N945LB	P28A
20B8	N945LC	E55P
20BB	N945LF	C525
20C5	N945LR	CRJ9
20D1	N945MC	C172
20D3	N945ME	BK17
20D4	N945MF	UH1
20DF	N945MS	TBM7
20E0	N945MT	EC45
20F1	N945NK	A20N
20F4	N945NN	B738
2100	N945P	SR22
2103	N945PC	DA40
2104	N945PD	C82T
2108	N945PH	S92
210A	N945PK	GLF2
2114	N945PV	E300
212A	N945QS	C68A
2135	N945RC	P210
2138	N945RF	B407
214B	N945S	PA46
214C	N945SA	C172
214E	N945SC	B06
2150	N945SE	SR22
2153	N945SH	BE30
2155	N945SK	C650
2157	N945SM	C172
2160	N945SW	CRJ2
2164	N945T	C172
2165	N945TA	F260
2167	N945TC	B505
2169	N945TE	AA5
216C	N945TH	PAY3
216F	N945TL	DA40
2170	N945TM	GLF5
2174	N945TR	SR22
217D	N945U	R44
2192	N945UW	E190
21A0	N945VK	RV6
21AF	N945W	LJ35
21BC	N945WN	B737
21C1	N945WT	SR22
21C4	N945WW	CH60
21CB	N945XC	GLF4
21FA	N945Z	GLID
2216	N9450C	PA34
2217	N9450D	C72R
2218	N9450E	C82R
221C	N9450J	P28A
221F	N9450M	C210
2221	N9450P	PA24
2224	N9450S	BE35
2228	N9450W	P28B
2229	N9450X	C210
222A	N9450Y	BE35
222C	N94500	C152
222D	N94501	P63
222E	N94502	C152
222F	N94503	ME62
2231	N94505	C152
2237	N9451A	C140
223B	N9451E	AR11
2240	N9451K	S108
2242	N9451M	C182
2243	N9451N	P28R
2247	N9451S	BE35
2248	N9451T	PA38
2249	N9451U	C150
2252	N94513	C152
2255	N94516	UH12
2256	N94517	UH12
225B	N9452B	C208
225C	N9452C	P32R
225E	N9452E	C172
2260	N9452G	T206
2261	N9452H	C172
2262	N9452J	P28A
2265	N9452M	C210
2266	N9452N	C185
2267	N9452P	PA24
226A	N9452S	FB1A
226C	N9452U	C150
226D	N9452V	M20P
226E	N9452W	P28B
2279	N94527	C182
227A	N94528	C152
227B	N94529	C182
227E	N9453B	C175
227F	N9453C	C180
2281	N9453E	AR11
2285	N9453J	P28A
2289	N9453N	P28R
228A	N9453P	PA24
228E	N9453T	C210
2290	N9453V	M20P
2291	N9453W	P28B
2292	N9453X	C82R
2294	N9453Z	C72R
2296	N94531	C182
2297	N94532	C152
229B	N94536	C182
229C	N94537	C182
229D	N94538	C182
229E	N94539	C182
22A0	N9454A	C140
22A1	N9454B	C208
22A2	N9454C	P28A
22A3	N9454D	PA18
22AD	N9454P	PA24
22B0	N9454S	RV7
22B5	N9454X	C82R
22BC	N94544	C182
22C1	N94549	C182
22C2	N9455	COZY
22C3	N9455A	C140
22CF	N9455N	P28R
22D2	N9455R	SREY
22D3	N9455S	BE35
22D8	N9455X	C82R
22DA	N9455Z	B25
22DB	N94550	B06
22DE	N94553	C152
22E1	N94556	A21N
22E8	N9456C	C180
22E9	N9456D	C72R
22F6	N9456S	BE35
22F7	N9456T	B350
22F8	N9456U	C150
22F9	N9456V	M20P
22FA	N9456W	P28B
22FB	N9456X	C82R
22FC	N9456Y	BE35
22FD	N9456Z	B25
2307	N94569	C152
230C	N9457D	C72R
230D	N9457E	AR11
2315	N9457N	P28R
2316	N9457P	PA24
2319	N9457S	BE35
231A	N9457T	C82S
231B	N9457U	C150
231D	N9457W	P28B
231E	N9457X	C210
231F	N9457Y	BE35
2321	N94570	C152
2323	N94572	CRER
2324	N94573	C152
2327	N94576	J3
2328	N94577	C152
2329	N94578	CH7A
2334	N9458J	P28A
2338	N9458N	P28R
2339	N9458P	PA24
2341	N9458X	C210
2348	N94584	C152
2349	N94585	C152
234B	N94587	C182
234C	N94588	C182
234D	N94589	C152
234E	N9459	MIMU
2350	N9459B	C175
2351	N9459C	C172
2359	N9459L	AA1
235A	N9459M	T206
235B	N9459N	P28R
235C	N9459P	PA24
2360	N9459T	PA38
2365	N9459Y	BE35
2369	N94592	C182
236E	N94597	J3
236F	N94598	C182
2370	N94599	C182
2372	N946A	PA22
2375	N946AC	C152
2378	N946AF	PA18
237A	N946AH	V1
237C	N946AK	B39M
237E	N946AM	BE9L
237F	N946AN	B738
2383	N946AS	C337
2384	N946AT	B712
2386	N946AV	A320
238B	N946B	BE95
238C	N946BA	GALX
238F	N946BD	RV4
2391	N946BF	ERCO
2393	N946BH	CRER
2399	N946BP	R44
239F	N946BV	RV4
23A0	N946BW	B06
23A5	N946CA	C82S
23A6	N946CB	B06
23A7	N946CC	RV6
23A8	N946CD	SR22
23AB	N946CG	BE30
23AC	N946CH	C172
23B2	N946CP	C82T
23B8	N946CV	RV6
23BE	N946DA	DV20
23C7	N946DK	CH7A
23CB	N946DP	PA46
23CE	N946DS	DA40
23D2	N946DW	SONX
23F3	N946FD	B752
23F4	N946FE	C208
2419	N946GS	LGEZ
2421	N946H	CH7A
2424	N946HC	ASTR
2431	N946HR	BE60
243D	N946JC	PISI
2443	N946JJ	PC12
2445	N946JL	A321
2448	N946JP	SREY
2459	N946KF	PA11
246C	N946L	DA40
246F	N946LC	PRM1
247C	N946LR	CRJ9
2485	N946M	B06
248E	N946MJ	CRUZ
2491	N946MM	F2TH
2493	N946MP	PRM1
2496	N946MS	CH7A
2497	N946MT	EC45
249F	N946NA	GLF2
24A8	N946NK	A20N
24AB	N946NN	B738
24B7	N946P	ERCO
24BB	N946PD	J3
24BF	N946PH	S92
24C1	N946PK	C172
24C3	N946PM	RV9
24C7	N946PR	HIGH
24E1	N946QS	C68A
24EB	N946RB	PC12
24F1	N946RH	AC11
24F5	N946RM	LJ45
2508	N946SF	C152
250A	N946SH	LNP4
250E	N946SM	C172
2514	N946ST	A119
2517	N946SW	CRJ2
251B	N946T	BE35
251E	N946TC	E550
2520	N946TE	AA5
252C	N946TS	C560
2530	N946TW	TAYB
2531	N946TX	C750
2545	N946US	DA40
2566	N946W	S05R
2573	N946WN	B737
2578	N946WT	H25B
25CC	N9460B	C175
25CE	N9460D	PA18
25CF	N9460E	AR11
25D3	N9460J	P28A
25DB	N9460S	BE35
25DC	N9460T	H500
25DD	N9460U	C150
25DE	N9460V	M20P
25E4	N94601	ERCO
25E6	N94603	ERCO
25E7	N94604	ERCO
25E9	N94606	ERCO
25EB	N94608	C182
25EC	N94609	C152
25F0	N9461C	P28A
25F1	N9461D	C72R
25F4	N9461G	T206
25F6	N9461J	P28A
25F7	N9461K	S108
25F9	N9461M	C210
25FA	N9461N	P28R
25FB	N9461P	PA18
25FC	N9461Q	BE35
25FD	N9461R	T206
25FE	N9461S	BE35
2601	N9461V	M20P
2605	N9461Z	T206
260E	N94618	C172
260F	N94619	C182
2612	N9462B	C175
2613	N9462C	C180
2614	N9462D	PA18
261B	N9462L	AA1
261D	N9462N	P28R
261F	N9462Q	BE36
262A	N94621	ERCO
262C	N94623	C182
262E	N94625	ERCO
262F	N94626	C152
2635	N9463B	C175
2636	N9463C	C180
2637	N9463D	C72R
263B	N9463H	BE17
263D	N9463K	P28A
263E	N9463L	C172
263F	N9463M	T210
2642	N9463Q	BE35
2645	N9463T	C210
2646	N9463U	C150
2647	N9463V	M20P
2648	N9463W	P28B
2649	N9463X	C210
264D	N94631	C172
264F	N94633	ERCO
2650	N94634	ERCO
2651	N94635	ERCO
2652	N94636	ERCO
2654	N94638	ERCO
2655	N94639	ERCO
2659	N9464C	C180
265E	N9464H	C185
265F	N9464J	P28A
2662	N9464M	C210
2663	N9464N	P28R
2665	N9464Q	BE33
2668	N9464T	C210
266B	N9464W	P28B
2672	N94643	C182
2674	N94645	C182
2677	N94648	ERCO
267A	N9465A	C140
267B	N9465B	C175
267C	N9465C	C180
267D	N9465D	C72R
2680	N9465G	T206
2682	N9465J	P28A
2685	N9465M	CH70
2686	N9465N	P28R
2687	N9465P	PA24
2688	N9465Q	BE35
2693	N94651	C182
2694	N94652	C152
2696	N94654	ERCO
2697	N94655	C152
2698	N94656	ERCO
269B	N94659	C152
269D	N9466A	C140
269F	N9466C	C180
26A1	N9466E	C172
26A4	N9466H	BE17
26A5	N9466J	P28A
26A6	N9466K	P28R
26A9	N9466N	P28R
26AA	N9466P	PA18
26AB	N9466Q	BE58
26B1	N9466W	P28B
26B2	N9466X	C172
26B5	N94660	C182
26B6	N94661	C152
26B9	N94664	ERCO
26BC	N94667	ERCO
26BE	N94669	C182
26BF	N9467	M20P
26C0	N9467A	C140
26C2	N9467C	P28A
26C3	N9467D	PA18
26C4	N9467E	AR11
26C8	N9467J	P28A
26C9	N9467K	S108
26CB	N9467M	C182
26CD	N9467P	PA24
26CE	N9467Q	BE58
26D0	N9467S	BE35
26D4	N9467W	P28B
26D6	N9467Y	C210
26D8	N94670	ERCO
26D9	N94671	C182
26DA	N94672	C182
26DB	N94673	C182
26DD	N94675	ERCO
26DE	N94676	ERCO
26DF	N94677	ERCO
26E4	N9468B	C175
26E5	N9468C	C180
26E6	N9468D	C72R
26E8	N9468F	H269
26EA	N9468H	C172
26EB	N9468J	P28A
26F0	N9468P	PA24
26F1	N9468Q	BE36
26F4	N9468T	C210
26F8	N9468X	C210
26FD	N94682	C172
26FF	N94684	C152
2703	N94688	C152
2706	N9469A	C140
2707	N9469B	C208
2709	N9469D	PA18
270A	N9469E	C172
270C	N9469G	T206
270D	N9469H	C172
270E	N9469J	P28A
2718	N9469U	C150
271B	N9469X	C210
271D	N9469Z	C182
271F	N94691	C182
2720	N94692	ERCO
2723	N94695	ERCO
2725	N94697	ERCO
2726	N94698	C182
272C	N947AC	DH8D
2733	N947AK	B39M
2735	N947AM	BE9L
2736	N947AN	B738
2739	N947AR	CH7A
273B	N947AT	B712
2741	N947AZ	AT75
2743	N947BA	B788
274A	N947BH	C82S
2757	N947BW	CB1
275D	N947CB	RV7
275F	N947CD	SR22
2763	N947CH	H47
2767	N947CM	BE35
2769	N947CP	C82T
2775	N947DA	DV20
277F	N947DL	MD88
2784	N947DR	CRUZ
2798	N947EL	C750
279F	N947ET	T206
27AA	N947FD	B752
27AB	N947FE	C208
27C1	N947GB	BE60
27DA	N947HB	CH75
27DB	N947HC	C25A
27DF	N947HG	GLST
27E3	N947HL	FOX
27F1	N947J	RV6
27F3	N947JB	A321
2802	N947JS	C750
2807	N947JX	E145
280D	N947KC	CH7A
2823	N947L	DA40
2827	N947LD	CRER
282B	N947LH	B407
282F	N947LM	AC90
2833	N947LR	CRJ9
2840	N947MD	B407
284C	N947MR	L8
284E	N947MT	BE35
285F	N947NK	A20N
2862	N947NN	B738
2887	N947Q	BE35
2898	N947QS	C68A
28AA	N947RK	DHC3
28B4	N947RV	RV14
28BF	N947SF	C152
28C1	N947SH	NAVI
28CB	N947ST	A119
28CE	N947SW	CRJ2
28D2	N947T	BE35
28D7	N947TE	AA5
28DA	N947TH	SR22
28E4	N947TT	RV4
28FC	N947US	DA40
2900	N947UW	E190
291E	N947WA	TBM7
292A	N947WN	B737
292F	N947WT	RV12
2968	N947Z	RV9
2984	N9470C	C180
2985	N9470D	PA18
2988	N9470G	T206
2989	N9470H	BE17
298B	N9470K	S108
298D	N9470M	B39M
298E	N9470N	P28R
2990	N9470Q	BE35
2996	N9470W	P28B
2997	N9470X	C210
29A1	N94707	ERCO
29A3	N94709	C182
29A5	N9471A	C140
29A6	N9471B	C208
29A7	N9471C	P28R
29A8	N9471D	PA18
29A9	N9471E	AR11
29B1	N9471N	C185
29B8	N9471V	M20P
29BA	N9471X	C210
29BB	N9471Y	BE35
29BF	N94712	ERCO
29C0	N94713	C182
29C1	N94714	C152
29C2	N94715	ERCO
29C3	N94716	ERCO
29C6	N94719	C152
29C9	N9472B	C175
29CA	N9472C	P28R
29CC	N9472E	C82R
29CD	N9472F	C82S
29CF	N9472H	C172
29D0	N9472J	P28A
29D3	N9472M	T210
29D9	N9472T	C210
29DC	N9472W	P28B
29DE	N9472Y	BE35
29E0	N94720	B47G
29E3	N94723	J3
29EC	N9473B	C175
29ED	N9473C	C180
29EE	N9473D	PA18
29F3	N9473J	P28A
29F4	N9473K	S108
29F6	N9473M	C210
29F9	N9473Q	BE36
29FE	N9473V	M20P
29FF	N9473W	P28B
2A02	N9473Z	C82S
2A05	N94732	ERCO
2A08	N94735	UH12
2A0A	N94737	ERCO
2A0F	N9474B	C72R
2A10	N9474C	C180
2A15	N9474H	FA62
2A16	N9474J	P28A
2A1A	N9474N	P28R
2A1F	N9474T	C210
2A20	N9474U	C150
2A21	N9474V	M20P
2A22	N9474W	P28B
2A23	N9474X	C210
2A24	N9474Y	BE35
2A26	N94740	ERCO
2A28	N94742	ERCO
2A2C	N94746	ERCO
2A2E	N94748	ERCO
2A33	N9475C	C180
2A34	N9475D	PA18
2A35	N9475E	C172
2A36	N9475F	C82S
2A3A	N9475K	S108
2A3C	N9475M	C207
2A3E	N9475P	PA24
2A40	N9475R	T206
2A42	N9475T	PA38
2A43	N9475U	C150
2A45	N9475W	P28B
2A47	N9475Y	BE35
2A4A	N94751	C182
2A4C	N94753	C182
2A50	N94757	C182
2A51	N94758	ERCO
2A54	N9476A	C140
2A55	N9476B	C175
2A56	N9476C	C303
2A58	N9476E	AR11
2A5B	N9476H	C172
2A5C	N9476J	P28A
2A60	N9476N	P28R
2A61	N9476P	PA24
2A64	N9476S	BE35
2A65	N9476T	C210
2A66	N9476U	C150
2A69	N9476X	C82R
2A6C	N94760	ERCO
2A6D	N94761	ERCO
2A71	N94765	ERCO
2A73	N94767	ERCO
2A74	N94768	C152
2A77	N9477A	C140
2A78	N9477B	C175
2A7A	N9477D	PA18
2A7F	N9477J	P28A
2A80	N9477K	S108
2A81	N9477L	C172
2A89	N9477U	C150
2A8A	N9477V	M20P
2A8B	N9477W	P28B
2A91	N94772	C182
2A95	N94776	ERCO
2A98	N94779	ERCO
2A9E	N9478E	C172
2AA0	N9478G	C182
2AA1	N9478H	ST75
2AA3	N9478K	S108
2AA6	N9478N	P28R
2AA8	N9478Q	BE95
2AAA	N9478S	BE35
2AAB	N9478T	C210
2AAE	N9478W	P28B
2AB4	N94782	ERCO
2AB7	N94785	ERCO
2ABA	N94788	ERCO
2AC0	N9479D	PA18
2AC3	N9479G	T206
2ACB	N9479Q	BE33
2ACD	N9479S	BE35
2ACE	N9479T	PA38
2AD1	N9479W	P28B
2AD3	N9479Y	BE35
2AD5	N94790	C152
2AD6	N94791	ERCO
2AD7	N94792	ERCO
2AD9	N94794	C82T
2ADD	N94798	ERCO
2AE0	N948A	PA22
2AEA	N948AK	B39M
2AEC	N948AM	BE9L
2AED	N948AN	B738
2AF2	N948AT	B712
2AF4	N948AV	A320
2AF9	N948B	GLIM
2AFA	N948BA	A320
2AFC	N948BC	PA23
2B13	N948CA	C82S
2B14	N948CB	T206
2B15	N948CC	C82T
2B16	N948CD	SR22
2B17	N948CE	BE20
2B1A	N948CH	H47
2B20	N948CP	C82T
2B2C	N948DA	DV20
2B2D	N948DB	PA22
2B34	N948DJ	B739
2B45	N948EA	SR22
2B5F	N948FB	PA34
2B61	N948FD	B752
2B6E	N948FS	J3
2B76	N948G	TBM7
2B8F	N948H	B212
2B91	N948HB	BE10
2B92	N948HC	SR22
2B95	N948HF	C25C
2BA9	N948JA	RV9
2BAA	N948JB	A321
2BBA	N948JT	LNC2
2BBE	N948JX	E145
2BDA	N948L	DA40
2BEA	N948LR	CRJ9
2C03	N948MR	PC12
2C05	N948MT	PA31
2C16	N948NK	A20N
2C19	N948NN	B738
2C26	N948PA	DV20
2C2D	N948PH	S92
2C3A	N948PW	LA4
2C4F	N948QS	C68A
2C57	N948R	C77R
2C63	N948RM	C25B
2C6B	N948RV	RV8
2C71	N948SA	TB20
2C7C	N948SM	C72R
2C7E	N948SP	K100
2C80	N948SR	SR22
2C82	N948ST	A119
2C89	N948T	BE95
2C8C	N948TC	B505
2C9E	N948TW	MD83
2C9F	N948TX	C750
2CB0	N948UP	CL30
2CB7	N948UW	E190
2CD6	N948WB	R22
2CD8	N948WD	RV7
2CDF	N948WL	R44
2CE1	N948WN	B737
2CED	N948X	SONX
2D3A	N9480B	C175
2D3B	N9480C	P28A
2D3C	N9480D	C72R
2D3D	N9480E	C172
2D40	N9480H	C172
2D41	N9480J	P28A
2D42	N9480K	PA34
2D45	N9480N	P28R
2D46	N9480P	PA24
2D47	N9480Q	BE33
2D49	N9480S	BE35
2D4B	N9480U	C150
2D51	N94800	C182
2D55	N94804	ERCO
2D56	N94805	ERCO
2D57	N94806	ERCO
2D5A	N94809	ERCO
2D5C	N9481A	C140
2D5D	N9481B	C175
2D5E	N9481C	C180
2D5F	N9481D	C72R
2D60	N9481E	AR11
2D61	N9481F	C208
2D64	N9481J	P28A
2D65	N9481K	P28A
2D68	N9481N	P28R
2D69	N9481P	PA24
2D6A	N9481Q	BE33
2D6C	N9481S	BE35
2D6D	N9481T	T206
2D6E	N9481U	C150
2D6F	N9481V	M20P
2D70	N9481W	P28B
2D71	N9481X	C210
2D72	N9481Y	BE35
2D74	N94810	C182
2D76	N94812	C182
2D78	N94814	M20P
2D79	N94815	ERCO
2D7D	N94819	ERCO
2D7F	N9482A	C140
2D81	N9482C	P28A
2D82	N9482D	PA18
2D83	N9482E	AR11
2D88	N9482K	S108
2D8A	N9482M	C207
2D8C	N9482P	PA24
2D8E	N9482R	C188
2D90	N9482T	PA38
2D91	N9482U	C150
2D93	N9482W	P28B
2D96	N9482Z	C72R
2D98	N94821	ERCO
2D99	N94822	C152
2D9A	N94823	C82T
2D9C	N94825	C82T
2D9F	N94828	ERCO
2DA0	N94829	ERCO
2DA1	N9483	S76
2DA2	N9483A	SRAI
2DA4	N9483C	P28A
2DA6	N9483E	AR11
2DA9	N9483H	C82R
2DAB	N9483K	S108
2DB2	N9483S	BE35
2DB3	N9483T	PA38
2DB5	N9483V	M20P
2DB6	N9483W	P28B
2DB8	N9483Y	T210
2DB9	RA-67200	C206
2DBA	N94830	ERCO
2DBD	N94833	ERCO
2DC1	N94837	C182
2DC5	N9484A	C140
2DC7	N9484C	C180
2DCA	N9484F	H269
2DCC	N9484H	C172
2DCE	N9484K	P28A
2DCF	N9484L	AA1
2DD1	N9484N	P28R
2DD2	N9484P	PA24
2DD8	N9484V	M20P
2DDA	N9484X	C82R
2DDE	N94841	ERCO
2DE1	N94844	ERCO
2DE5	N94848	ERCO
2DE6	N94849	ERCO
2DE8	N9485A	C140
2DE9	N9485B	C175
2DEC	N9485E	AR11
2DED	N9485F	H269
2DF0	N9485J	P28A
2DF1	N9485K	ERCO
2DF5	N9485P	PA24
2DF7	N9485R	C188
2DFB	N9485V	M20P
2DFD	N9485X	C210
2DFF	N9485Z	C72R
2E02	N94852	ERCO
2E03	N94853	C182
2E04	N94854	C182
2E05	N94855	ERCO
2E06	N94856	ERCO
2E07	N94857	ERCO
2E0C	N9486B	C72R
2E0D	N9486C	P28A
2E0F	N9486E	AR11
2E11	N9486G	T206
2E12	N9486H	C82R
2E13	N9486J	P28A
2E14	N9486K	P28A
2E16	N9486M	C210
2E17	N9486N	P28R
2E19	N9486Q	SS2P
2E1A	N9486R	C188
2E1F	N9486W	P28B
2E20	N9486X	C210
2E21	N9486Y	BE95
2E23	N94860	ERCO
2E25	N94862	C82S
2E28	N94865	ERCO
2E2A	N94867	ERCO
2E2B	N94868	ERCO
2E2E	N9487A	C140
2E2F	N9487B	C175
2E36	N9487J	P28A
2E37	N9487K	P28A
2E3A	N9487N	P28R
2E3C	N9487Q	BE35
2E3D	N9487R	C82R
2E3E	N9487S	BE35
2E40	N9487U	C150
2E42	N9487W	P28B
2E44	N9487Y	BE95
2E48	N94872	C182
2E4A	N94874	ERCO
2E4E	N94878	C152
2E51	N9488A	C140
2E53	N9488C	C303
2E54	N9488D	PA18
2E55	N9488E	BE36
2E57	N9488G	C172
2E59	N9488J	P28A
2E5B	N9488L	AA1
2E5C	N9488M	C182
2E5D	N9488N	P28R
2E5E	N9488P	PA24
2E63	N9488U	C150
2E64	N9488V	M20P
2E6A	N94881	ERCO
2E6F	N94886	ERCO
2E70	N94887	ERCO
2E71	N94888	ERCO
2E72	N94889	ERCO
2E74	N9489A	C140
2E79	N9489F	H269
2E7C	N9489J	P28A
2E84	N9489S	BE95
2E85	N9489T	C210
2E86	N9489U	C150
2E87	N9489V	M20P
2E89	N9489X	C210
2E8B	N9489Z	T206
2E8C	N94890	ERCO
2E8D	N94891	C152
2E90	N94894	ERCO
2E93	N94897	C182
2E94	N94898	ERCO
2E95	N94899	ERCO
2E97	N949A	SR22
2E9A	N949AC	S22T
2E9D	N949AF	C72R
2EA1	N949AK	B39M
2EA4	N949AN	B738
2EA7	N949AR	SLG2
2EA9	N949AT	B712
2EB0	N949B	BE35
2EB7	N949BG	BE36
2EB8	N949BH	S22T
2EBC	N949BM	HUSK
2EBE	N949BP	BE36
2EC5	N949BW	BE20
2EC8	N949BZ	TBM7
2EC9	N949C	C510
2ECA	N949CA	P212
2ECD	N949CD	C172
2ECF	N949CF	BE20
2ED1	N949CH	H47
2ED7	N949CP	C82T
2EDB	N949CT	FDCT
2EE2	N949D	S108
2EE3	N949DA	BE36
2EE4	N949DB	RV9
2EE7	N949DE	BE35
2EED	N949DL	MD88
2EEF	N949DN	MD90
2F10	N949EW	PA11
2F14	N949F	C208
2F18	N949FD	B752
2F1A	N949FF	GLF5
2F24	N949FR	A319
2F25	N949FS	PA18
2F2D	N949G	P28A
2F39	N949GM	GLF5
2F3E	N949GS	WACF
2F46	N949H	WACO
2F60	N949JA	H25B
2F61	N949JB	C510
2F6F	N949JR	B350
2F70	N949JS	ACAM
2F71	N949JT	A321
2F74	N949JW	RV8
2F75	N949JX	E145
2F78	N949K	BE99
2F79	N949KA	BE30
2F7B	N949KC	DA40
2F7D	N949KE	G2CA
2F83	N949KL	SR22
2F84	N949KM	S22T
2F9C	N949LL	HDJT
2FA3	N949LT	CH75
2FAA	N949M	RV8
2FAB	N949MA	BE20
2FAD	N949MC	CL60
2FAE	N949MD	T210
2FBF	N949MW	BL8
2FCD	N949NK	A20N
2FD0	N949NN	B738
2FDC	N949P	PA24
2FE3	N949PG	B732
2FE4	N949PH	S92
2FE8	N949PM	EPIC
3006	N949QS	C68A
300E	N949R	C310
3012	N949RD	S22T
3013	N949RE	BE20
3019	N949RL	T206
301E	N949RR	P2
301F	N949RS	HIGH
3022	N949RV	RV9
3027	N949S	TBM7
3028	N949SA	C650
302A	N949SC	BE20
302D	N949SF	C210
3033	N949SM	C72R
3035	N949SP	C172
3039	N949ST	A119
3045	N949TE	AA5
3046	N949TF	CH60
304C	N949TM	AT8T
3056	N949TX	GLST
3087	N949VW	C182
308B	N949W	RV9
308C	N949WA	PA31
308D	N949WB	SR22
308E	N949WC	RV6
3092	N949WG	RV9
3098	N949WN	B737
309B	N949WR	VELO
30A4	N949X	G164
30BD	N949Y	KIS4
30D6	N949Z	WAIX
30F2	N9490C	C180
30F4	N9490E	AR11
30F7	N9490H	C172
30FD	N9490P	PA24
3105	N9490X	C82R
3109	N94901	C172
310B	N94903	TAYB
310F	N94907	TAYB
3110	N94908	C182
3113	N9491A	C140
3114	N9491B	C175
3115	N9491C	C180
3116	N9491D	C82S
311A	N9491H	ST75
311B	N9491J	P28A
311D	N9491L	AA1
311F	N9491N	P28R
3120	N9491P	PA24
3121	N9491Q	BE36
3125	N9491U	C82S
3127	N9491W	P28B
312C	N94911	TAYB
312F	N94914	TAYB
3131	N94916	C182
3133	N94918	C182
3134	N94919	TAYB
3137	N9492B	C175
313A	N9492E	C172
313B	N9492F	H269
313D	N9492H	C172
3142	N9492N	P28R
3146	N9492S	BE35
3148	N9492U	C150
3149	N9492V	M20P
314A	N9492W	P28B
314E	N94920	TAYB
314F	N94921	TAYB
3152	N94924	GLF5
3153	N94925	TAYB
3156	N94928	TAYB
3159	N9493A	C140
315A	N9493B	C175
315B	N9493C	C180
315C	N9493D	PA18
315D	N9493E	AR11
3161	N9493J	P28A
3162	N9493K	S108
3165	N9493N	P28R
3166	N9493P	PA24
3169	N9493S	BE35
316A	N9493T	C210
3170	N9493Z	T206
3174	N94933	TAYB
3178	N94937	C182
317C	N9494A	C140
317E	N9494C	PA32
317F	N9494D	PA18
3182	N9494G	C152
3184	N9494J	P28A
3188	N9494N	C185
318C	N9494S	BE95
318E	N9494U	C150
318F	N9494V	M20P
3190	N9494W	P28B
3192	N9494Y	BE35
3193	N9494Z	E400
3194	N94940	C182
3195	N94941	TAYB
3198	N94944	C182
319A	N94946	C182
31A0	N9495B	C175
31A2	N9495D	C72R
31A4	N9495F	T206
31A6	N9495H	C172
31A8	N9495K	S108
31AB	N9495N	P28R
31AF	N9495S	BE35
31B2	N9495V	M20P
31B4	N9495X	C210
31B8	N94951	TAYB
31B9	N94952	TAYB
31BA	N94953	TAYB
31BF	N94958	TAYB
31C0	N94959	C152
31C4	N9496C	C180
31C5	N9496D	PA18
31C9	N9496H	C185
31CB	N9496K	S108
31CD	N9496M	T210
31D6	N9496W	P28B
31D7	N9496X	C210
31DA	N94960	TAYB
31DB	N94961	TAYB
31DD	N94963	C152
31E0	N94966	TAYB
31E1	N94967	TAYB
31E2	N94968	TAYB
31E3	N94969	T206
31E9	N9497E	C82R
31ED	N9497J	P28A
31F0	N9497M	C210
31F2	N9497P	PA24
31F9	N9497W	P28B
31FB	N9497Y	BE95
3201	N94974	TAYB
3203	N94976	TAYB
3204	N94977	TAYB
3205	N94978	TAYB
3208	N9498A	C140
3209	N9498B	C175
320C	N9498E	C182
320E	N9498G	C188
3210	N9498J	P28A
3211	N9498K	P28R
3212	N9498L	AA5
3213	N9498M	C210
3214	N9498N	P28R
321B	N9498V	M20P
321E	N9498Y	T210
3221	N94981	C240
3222	N94982	TAYB
3224	N94984	TAYB
3226	N94986	C182
322B	N9499A	C140
322C	N9499B	RV9
322F	N9499E	AR11
3231	N9499G	T206
3232	N9499H	J3
3234	N9499K	S108
3235	N9499L	AA1
3237	N9499N	P28R
3239	N9499Q	BE36
323D	N9499U	C150
323E	N9499V	M20P
3240	N9499X	C210
3241	N9499Y	T210
3242	N9499Z	C82S
3245	N94992	C82T
3246	N94993	C182
3247	N94994	TAYB
3248	N94995	TAYB
324A	N94997	TAYB
324D	N95	CL60
324F	N95AA	BE95
3250	N95AB	AC95
3251	N95AC	K100
3252	N95AD	UH1
3254	N95AF	C77R
3255	N95AG	PA46
3256	N95AH	PA18
3257	N95AJ	BE36
3259	N95AL	B06
325A	N95AM	C180
325B	N95AN	C550
325C	N95AP	P32R
325D	N95AQ	K900
325E	N95AR	AC50
3260	N95AT	S22T
3261	N95AU	BE35
3263	N95AW	RV6
3268	N95BA	BE55
326A	N95BC	EC30
326B	N95BD	F900
326C	N95BE	BE95
326D	N95BF	RV9
326F	N95BH	BE58
3272	N95BL	LJ45
3273	N95BM	DIMO
3274	N95BN	BN2P
3277	N95BR	P28A
3279	N95BT	MIMU
327C	N95BW	C180
327F	N95BZ	BE40
3285	N95CE	LJ60
3286	N95CF	BE33
3288	N95CH	RV8
3289	N95CJ	BE95
328A	N95CK	TBM7
328C	N95CM	SR22
328E	N95CP	C172
3291	N95CS	TFUN
3292	N95CT	C25C
3295	N95CW	LGEZ
3299	N95D	PA34
329A	N95DA	ST75
329B	N95DB	BE35
329D	N95DD	SA30
329F	N95DF	C750
32A0	N95DG	DHC2
32A1	N95DH	PA18
32A2	N95DJ	BE95
32A4	N95DL	BE95
32A5	N95DM	C185
32A7	N95DP	BE55
32A9	N95DR	RV8
32AB	N95DT	BE95
32B2	N95E	VEZE
32B6	N95ED	EXPR
32B7	N95EE	COL3
32B9	N95EG	LNC2
32BE	N95EM	C180
32C0	N95EP	P32R
32C2	N95ER	BE20
32C8	N95EX	E300
32CB	N95F	VEZE
32CD	N95FB	BE95
32CE	N95FC	C182
32CF	N95FD	F260
32D6	N95FL	BE95
32D7	N95FM	PC12
32D9	N95FP	C25C
32DC	N95FS	PA30
32E1	N95FX	FOX
32E5	N95GA	BE20
32E7	N95GC	C172
32E9	N95GE	PC12
32EA	N95GF	BE36
32EC	N95GH	FOX
32ED	N95GJ	PC12
32EE	N95GK	BE40
32F0	N95GM	C421
32F2	N95GP	SS2T
32F4	N95GR	C182
32F5	N95GS	C182
32F6	N95GT	SR22
32F9	N95GW	RV6
32FD	N95H	SF50
3300	N95HC	G2T1
3301	N95HD	RV4
3302	N95HE	E55P
3303	N95HF	P28R
3305	N95HH	RENE
3306	N95HJ	BE95
3309	N95HM	S22T
330B	N95HP	SAKO
330D	N95HR	HROC
330E	N95HS	BEAR
3312	N95HW	RV12
3314	N95HY	HUSK
3316	N95J	G44
3317	N95JA	C72R
3318	N95JB	P40
3319	N95JC	PA11
331A	N95JD	WACF
331C	N95JF	RV4
331F	N95JJ	RV9
3321	N95JL	RV6
3322	N95JM	AC90
3323	N95JN	LJ35
3324	N95JP	P28A
3326	N95JR	C185
3327	N95JS	GLIM
3328	N95JT	LNC4
3329	N95JU	FOX
332A	N95JV	LGEZ
332C	N95JX	C650
3330	N95KA	PA31
3331	N95KB	R44
3332	N95KC	BE95
3335	N95KF	FOX
3336	N95KG	GLID
3337	N95KH	PC12
3339	N95KK	BE95
333B	N95KM	BE58
333D	N95KP	BL8
3344	N95KW	P46T
3347	N95KZ	R44
334A	N95LB	BE9L
334C	N95LD	RV9
334E	N95LF	AC90
3351	N95LJ	LGEZ
3354	N95LM	BE20
3356	N95LP	B06
3359	N95LS	BE95
335A	N95LT	SREY
3361	N95M	PTS1
3363	N95MB	C182
3367	N95MF	FB1A
3368	N95MG	MM16
336A	N95MJ	GLF5
336B	N95MK	M20P
336D	N95MM	RV6
336F	N95MP	B407
3370	N95MQ	BLKS
3371	N95MR	C182
337B	N95NA	GLF5
337C	N95NB	C56X
337E	N95ND	B06
3381	N95NG	TBM9
3382	N95NH	BL8
3388	N95NP	C56X
338D	N95NU	HDJT
338F	N95NW	B748
3396	N95PC	BE9L
3397	N95PD	B06
3398	N95PE	LNC2
3399	N95PF	C182
339A	N95PG	P28R
339C	N95PJ	BE58
33A0	N95PN	BE58
33A1	N95PP	BE58
33A3	N95PR	BE36
33A5	N95PT	BE95
33A6	N95PU	BL8
33A8	N95PW	C550
33AA	N95PY	C210
33AC	N95Q	P28A
33C5	N95R	PTS1
33C6	N95RA	PA32
33C7	N95RB	CC11
33C8	N95RC	DHC2
33C9	N95RD	BE95
33CA	N95RE	C180
33CB	N95RF	FOX
33CD	N95RH	MONI
33CE	N95RJ	BE30
33CF	N95RK	RV7
33D1	N95RM	SF50
33D5	N95RR	BE36
33D6	N95RS	F2TH
33D9	N95RV	RV6
33DA	N95RW	RV4
33DD	N95RZ	A109
33DE	N95S	U21
33E0	N95SB	C25B
33E4	N95SF	COZY
33E5	N95SG	R44
33E6	N95SH	BE95
33E8	N95SK	B06
33E9	N95SL	BE55
33EE	N95SR	SREY
33EF	N95SS	C560
33F0	N95ST	LA4
33F1	N95SU	LJ75
33F2	N95SV	LJ45
33F3	N95SW	PA38
33F4	N95SX	PTMS
33F7	N95T	P32R
33F8	N95TA	PA31
33F9	N95TB	PC9
33FA	N95TC	PA31
33FB	N95TD	C560
33FC	N95TE	C680
33FD	N95TF	T206
33FE	N95TG	E55P
3400	N95TJ	BE20
3401	N95TK	PA23
3403	N95TM	BE50
3405	N95TP	PA18
3407	N95TR	TBM7
3408	N95TS	P28A
3409	N95TT	BE20
340B	N95TV	B06
340D	N95TX	C25B
340E	N95TY	C310
3410	N95U	C195
3412	N95UB	FOX
341E	N95UP	H25B
3422	N95UT	BE20
3426	N95UX	COL4
342A	N95VA	VEZE
342B	N95VB	BE9L
342C	N95VC	RV7
342E	N95VE	GA6C
3433	N95VK	RV7
3435	N95VM	C25B
3437	N95VP	BT36
343A	N95VS	LJ45
343B	N95VT	RV10
3443	N95WA	BE99
3446	N95WD	BE33
344A	N95WH	B58T
344C	N95WK	LJ55
344E	N95WM	T6
3450	N95WP	LGEZ
3454	N95WT	BE95
3457	N95WW	VELO
3459	N95WY	HUSK
345B	N95X	ST75
3469	N95XP	SR22
3471	N95XX	CA4
3474	N95Y	BE95
347E	N95YK	YK55
34A8	N950AA	BE99
34AA	N950AC	C172
34AC	N950AE	RV8
34B1	N950AK	GLIM
34B3	N950AM	B738
34B4	N950AN	B738
34B9	N950AT	B712
34BB	N950AV	A320
34BD	N950AX	TBM7
34C0	N950B	B47G
34C4	N950BD	FA50
34DA	N950CA	BE35
34E1	N950CH	H47
34E5	N950CM	GLF6
34E7	N950CP	C82T
34EB	N950CT	PA31
34F2	N950D	BE55
34F3	N950DA	B739
34F5	N950DC	BT36
34F8	N950DF	S61
34F9	N950DG	S61
34FA	N950DH	DHC1
34FC	N950DK	YK50
34FF	N950DN	MD90
3503	N950DS	P28R
3507	N950DW	HUSK
350B	N950E	WACO
3528	N950FD	B752
3529	N950FE	C208
352D	N950FJ	FA50
3535	N950FS	AS50
353D	N950G	P46T
3551	N950GV	P06T
3556	N950H	FA50
3559	N950HC	AT8T
3564	N950HP	C206
356F	N950J	B763
3570	N950JA	C172
3571	N950JB	F900
3572	N950JC	LGEZ
3577	N950JH	FOX
3579	N950JK	PRM1
3580	N950JS	C680
3581	N950JT	A321
3583	N950JV	E120
3584	N950JW	PA11
3585	N950JX	E145
3588	N950K	H500
3592	N950KK	TBM7
3594	N950KM	PC12
35A2	N950LA	AS50
35A6	N950LE	HUCO
35AF	N950LP	C172
35B1	N950LR	CRJ9
35BA	N950M	C750
35BC	N950MB	BE20
35BD	N950MC	BE35
35BE	N950MD	SW4
35BF	N950ME	C172
35C1	N950MG	C172
35C2	N950MH	BE30
35C8	N950MP	GLEX
35CA	N950MR	FA7X
35DD	N950NK	A20N
35E0	N950NN	B738
35E4	N950NS	MD83
35EC	N950P	C25A
35ED	N950PA	C208
35EF	N950PC	H25B
35F4	N950PH	S92
35FD	N950PS	BT36
3605	N950Q	BE35
360D	N950QH	C208
3616	N950QS	C68A
361F	N950RA	FA50
3624	N950RF	C208
3626	N950RH	GLIM
3629	N950RL	F2TH
362E	N950RR	E120
3632	N950RV	RV8
3633	N950RW	SAKO
3638	N950SA	PA31
363B	N950SD	C680
363D	N950SF	F900
363E	N950SG	AS32
3643	N950SM	T51
3647	N950SR	T210
364B	N950SV	C208
3650	N950T	P46T
3653	N950TC	ACAM
3654	N950TD	TBM7
3655	N950TE	AA5
365C	N950TM	B350
3660	N950TR	B737
3662	N950TT	C208
3682	N950V	BE36
368E	N950VM	TBM7
369C	N950WA	TBM7
369D	N950WB	PC12
369E	N950WC	BE33
36A2	N950WG	H25B
36A8	N950WN	B737
36B4	N950X	FA7X
36FF	N9500	WACO
3703	N9500D	PA22
3704	N9500E	AR11
3705	N9500F	BE30
3706	N9500G	C188
3708	N9500J	P28A
3709	N9500K	PA32
370A	N9500L	AA5
370B	N9500M	M20P
3715	N9500X	C210
3719	N95001	TAYB
371C	N95004	TAYB
371D	N95005	C152
371E	N95006	TAYB
371F	N95007	TLEG
3720	N95008	P28A
3722	N9501	GLID
3726	N9501D	PA22
3727	N9501E	AR11
3728	N9501F	C72R
372A	N9501H	ST75
372B	N9501J	P28A
372E	N9501M	M20P
3730	N9501P	PA24
3732	N9501R	BE35
3733	N9501S	CH7A
3734	N9501T	C210
3737	N9501W	C72R
3738	N9501X	C210
373E	N95013	TAYB
373F	N95014	TAYB
3741	N95016	TAYB
3743	N95018	TAYB
3745	N9502	GLID
3746	N9502A	SRAI
3747	N9502B	C72R
374A	N9502E	AR11
374D	N9502H	C172
374E	N9502J	P28A
374F	N9502K	S108
3751	N9502M	M20P
3756	N9502S	CH7A
3757	N9502T	C210
375A	N9502W	P28A
375C	N9502Y	T210
375F	N95021	C152
3763	N95025	TAYB
3764	N95026	TAYB
3765	N95027	TAYB
3767	N95029	TAYB
3768	N9503	WACO
3772	N9503K	S108
3774	N9503M	M20P
3776	N9503P	PA24
3777	N9503Q	C82S
377C	N9503V	M10
377F	N9503Y	C82S
3782	N95031	C152
3783	N95032	P28A
378A	N95039	TAYB
378B	N9504	WACO
378D	N9504B	C180
378F	N9504D	PA22
3791	N9504F	H269
3793	N9504H	C172
3795	N9504K	S108
3796	N9504L	C82S
3797	N9504M	M20P
379D	N9504T	PA38
379F	N9504V	M10
37A0	N9504W	P28A
37A6	N95042	TAYB
37A8	N95044	P28A
37B0	N9505B	C208
37B2	N9505D	PA22
37B3	N9505E	BL17
37B6	N9505H	C172
37B7	N9505J	P28A
37BA	N9505M	M20P
37BC	N9505P	PA24
37C7	N95050	P28A
37C8	N95051	TAYB
37CA	N95053	P28A
37CE	N95057	TAYB
37D0	N95059	TAYB
37D4	N9506C	P32R
37D6	N9506E	AR11
37D8	N9506G	GLEX
37DA	N9506J	P28A
37DF	N9506P	PA24
37E5	N9506V	M10
37E6	N9506W	C82S
37E7	N9506X	C82R
37ED	N95063	P28A
37EE	N95064	TAYB
37F1	N95067	TAYB
37F2	N95068	TAYB
37F3	N95069	P28A
37F4	N9507	GLID
37F5	N9507A	C170
37F6	N9507B	C180
37F8	N9507D	PA22
37FC	N9507H	RELI
37FF	N9507L	C172
3800	N9507M	M20P
3802	N9507P	PA24
3804	N9507R	BE35
3805	N9507S	CH7A
380E	N95071	P28A
380F	N95072	TAYB
3811	N95074	TAYB
3813	N95076	TAYB
3815	N95078	TAYB
3819	N9508B	C72R
381B	N9508D	PA22
3820	N9508J	P28A
3827	N9508R	BE35
382B	N9508V	M10
382C	N9508W	C72R
3830	N95080	P28A
3831	N95081	TAYB
3832	N95082	TAYB
3833	N95083	TAYB
3834	N95084	P28A
3835	N95085	TAYB
3836	N95086	P28A
3839	N95089	P28A
383E	N9509D	PA22
3841	N9509G	C188
3843	N9509J	P28A
384B	N9509S	CH7A
384C	N9509T	C210
384E	N9509V	M10
3850	N9509X	C210
3852	N9509Z	NAVI
3854	N95091	P28A
3858	N95095	TAYB
3859	N95096	TAYB
385B	N95098	TAYB
385F	N951AA	B738
3865	N951AG	BL8
3868	N951AK	GLIM
3869	N951AL	A109
386B	N951AN	AA5
3870	N951AT	B712
3872	N951AV	A320
3873	N951AW	SF50
3882	N951BL	R22
388C	N951BW	GLID
3890	N951C	C180
3893	N951CC	C182
3894	N951CD	SR22
3895	N951CE	DC6
389E	N951CP	H500
38A5	N951CW	RV14
38AA	N951DA	B739
38AB	N951DB	WW24
38AD	N951DD	BE36
38B0	N951DG	GLID
38B5	N951DM	RV9
38B6	N951DN	MD90
38BA	N951DS	BE58
38BB	N951DT	SR20
38BF	N951DX	B739
38C1	N951DZ	RV12
38C2	N951E	E55P
38CD	N951EL	PA18
38D2	N951ER	C152
38D5	N951EU	EUPA
38DC	N951FA	AT8T
38DF	N951FD	B752
38F5	N951GA	BIPL
38FC	N951GH	RV8
3902	N951GP	PA34
3906	N951GT	PA32
3908	N951GV	P06T
390F	N951HB	P51
3910	N951HC	C72R
3927	N951JA	C172
3928	N951JB	AC11
392A	N951JD	T51
3937	N951JS	GLID
3938	N951JT	GY20
3942	N951KC	R22
394F	N951KR	RV7
3959	N951LA	AS50
395A	N951LB	AS32
395D	N951LE	C320
3960	N951LH	BE36
3966	N951LP	RV7
3968	N951LR	CRJ9
3971	N951M	P51
3973	N951MB	BE58
3974	N951MC	C172
397B	N951MK	AA5
397D	N951MM	BE35
3986	N951MW	SLG2
3994	N951NK	A20N
3997	N951NN	B738
39A3	N951P	BE58
39A5	N951PB	SR22
39A6	N951PC	M20P
39AB	N951PH	S92
39AC	N951PJ	C25B
39B4	N951PS	CRUZ
39CD	N951QS	C68A
39D7	N951RB	FB1A
39E0	N951RL	RV7
39E3	N951RP	H500
39E9	N951RV	RV9
39EE	N951S	RV10
39F1	N951SC	C172
39FA	N951SM	M7
3A00	N951ST	WAIX
3A03	N951SW	CRJ2
3A07	N951T	BE35
3A08	N951TA	C172
3A09	N951TB	P46T
3A18	N951TS	P28B
3A19	N951TT	CH60
3A35	N951UW	E190
3A53	N951WA	C25A
3A57	N951WE	RV6
3A5E	N951WM	TEX2
3A5F	N951WN	B737
3A63	N951WS	RV8
3A64	N951WT	RV8
3A6B	N951X	ONEX
3AB6	N9510	GLID
3AB7	N9510A	C82S
3ABB	N9510E	AR11
3ABE	N9510H	C172
3ABF	N9510J	C188
3AC1	N9510L	C172
3AC4	N9510P	PA24
3AC6	N9510R	BE35
3AC7	N9510S	CH7A
3ACA	N9510V	M10
3ACC	N9510X	C210
3ACF	N95100	TAYB
3AD0	N95101	TAYB
3AD1	N95102	TAYB
3AD2	N95103	C152
3AD3	N95104	TAYB
3AD4	N95105	P28A
3AD5	N95106	TAYB
3AD7	N95108	TAYB
3AD8	N95109	TAYB
3AD9	N9511	AS50
3ADB	N9511B	C180
3ADD	N9511D	C72R
3AE0	N9511G	C82S
3AE2	N9511J	P28A
3AE3	N9511K	P28A
3AE5	N9511M	M20P
3AE9	N9511R	T206
3AED	N9511V	M10
3AF0	N9511Y	BE35
3AF3	N95111	P28A
3AF5	N95113	TAYB
3AF6	N95114	TAYB
3AFC	N9512	GLST
3AFD	N9512A	C170
3AFF	N9512C	P28A
3B00	N9512D	PA22
3B02	N9512F	C72R
3B04	N9512H	C172
3B05	N9512J	P28A
3B07	N9512L	C82S
3B08	N9512M	M20P
3B0C	N9512R	BE35
3B0F	N9512U	TBEE
3B10	N9512V	M10
3B12	N9512X	C210
3B13	N9512Y	C210
3B16	N95121	P28A
3B17	N95122	C152
3B1D	N95128	TAYB
3B1E	N95129	C72R
3B21	N9513B	C72R
3B22	N9513C	P28A
3B24	N9513E	AR11
3B26	N9513G	T206
3B27	N9513H	C172
3B28	N9513J	P28A
3B2B	N9513M	M20P
3B2D	N9513P	PA25
3B33	N9513V	M10
3B36	N9513Y	BE35
3B3A	N95132	TAYB
3B3B	N95133	P28A
3B3C	N95134	TAYB
3B3D	N95135	TAYB
3B3F	N95137	TAYB
3B46	N9514D	PA22
3B49	N9514G	T206
3B4A	N9514H	C172
3B4B	N9514J	P28A
3B4D	N9514L	AA5
3B4E	N9514M	M20P
3B56	N9514V	M10
3B5D	N95142	TAYB
3B60	N95145	TAYB
3B62	N95147	P28A
3B63	N95148	TAYB
3B64	N95149	TAYB
3B66	N9515A	C170
3B67	N9515B	C72R
3B69	N9515D	PA22
3B6A	N9515E	AR11
3B6C	N9515G	T206
3B6E	N9515J	P28A
3B6F	N9515K	P28A
3B71	N9515M	M20P
3B72	PR-HSD	PA34
3B74	N9515Q	C72R
3B75	N9515R	C185
3B76	N9515S	C72R
3B7B	N9515X	C210
3B7F	N95151	P28A
3B82	N95154	P28A
3B85	N95157	P28A
3B87	N95159	C152
3B89	N9516A	C170
3B8D	N9516E	BL17
3B8E	N9516F	H269
3B91	N9516J	C72R
3B92	N9516K	P28A
3B94	N9516M	M20P
3B98	N9516R	BE35
3B9C	N9516V	M10
3B9E	N9516X	C82R
3B9F	N9516Y	BE95
3BA1	N95160	P28A
3BA2	N95161	TAYB
3BA3	N95162	TAYB
3BA9	N95168	TAYB
3BAF	N9517D	PA22
3BB0	N9517E	BL17
3BB1	N9517F	H269
3BB3	N9517H	C82R
3BB4	N9517J	P28A
3BBA	N9517Q	BE35
3BBD	N9517T	C210
3BBF	N9517V	M10
3BC1	N9517X	C210
3BC7	N95173	P28A
3BC9	N95175	TAYB
3BCA	N95176	TAYB
3BCC	N95178	TAYB
3BCF	N9518A	C170
3BD2	N9518D	C82S
3BD3	N9518E	AR11
3BD5	N9518G	T206
3BD9	N9518L	AA1
3BDA	N9518M	M20P
3BDD	N9518Q	BE35
3BDF	N9518S	CH7A
3BE0	N9518T	C210
3BE3	N9518W	P28A
3BE5	N9518Y	BE50
3BE7	N95180	TAYB
3BE8	N95181	P28A
3BE9	N95182	TAYB
3BF0	N95189	TAYB
3BF4	N9519C	P32R
3BF5	N9519D	PA22
3BF6	N9519E	AR11
3BFA	N9519J	P28A
3BFD	N9519M	M20P
3C00	N9519Q	BE35
3C01	N9519R	BE35
3C02	N9519S	CH7A
3C05	N9519V	M10
3C0C	N95192	P28A
3C0D	N95193	TAYB
3C12	N95198	P28A
3C13	N95199	TAYB
3C14	N952	LNP4
3C15	N952A	P28A
3C16	N952AA	B738
3C1F	N952AK	B39M
3C20	N952AL	EC35
3C22	N952AN	PA23
3C26	N952AS	C337
3C27	N952AT	B712
3C29	N952AV	CHR4
3C2E	N952B	CH7B
3C2F	N952BA	C208
3C47	N952C	SR22
3C48	N952CA	B744
3C49	N952CB	C210
3C4A	N952CC	C182
3C55	N952CP	H500
3C60	N952D	S108
3C61	N952DA	P32R
3C67	N952DG	AC11
3C69	N952DJ	B739
3C6C	N952DM	M7
3C71	N952DS	SR20
3C89	N952ER	BL8
3C96	N952FD	B752
3C97	N952FE	C208
3C99	N952FG	RV12
3CAB	N952G	P46T
3CB6	N952GL	PRM1
3CBC	N952GS	AA1
3CBF	N952GV	P06T
3CDD	N952J	RV7
3CDE	N952JA	C172
3CDF	N952JB	A321
3CE0	N952JC	GLST
3CE5	N952JH	AS32
3D10	N952LA	AT5T
3D12	N952LC	RV10
3D1F	N952LR	CRJ9
3D28	N952M	M20P
3D2B	N952MC	C25B
3D34	N952MM	AS50
3D45	N952ND	P28A
3D4B	N952NK	A20N
3D4E	N952NN	B738
3D63	N952PJ	C68A
3D66	N952PM	P46T
3D6B	N952PS	CRUZ
3D84	N952QS	C68A
3D8C	N952R	EPIC
3D8E	N952RB	C56X
3D92	N952RF	C182
3D93	N952RG	R44
3D9E	N952RT	SR22
3DA7	N952SB	SR22
3DA8	N952SC	C172
3DA9	N952SD	H500
3DAD	N952SH	R22
3DB1	N952SM	M7
3DB2	N952SN	RV8
3DB3	N952SP	PRM1
3DB7	N952ST	A119
3DBA	N952SW	CRJ2
3DBE	N952T	BE35
3DBF	N952TA	P46T
3DC0	N952TB	RV6
3DC2	N952TD	G150
3DC7	N952TJ	CH60
3DCF	N952TS	DV20
3E01	N952VS	WAIX
3E08	N952VZ	CB1
3E09	N952W	GLAS
3E0A	N952WA	CH7B
3E0B	N952WB	BE58
3E16	N952WN	B737
3E1B	N952WT	RV12
3E30	N952XP	CH70
3E45	N952YK	YK52
3E71	N9520D	C72R
3E76	N9520J	P28A
3E79	N9520M	M20P
3E7C	N9520Q	BE35
3E7D	N9520R	BE35
3E7E	N9520S	CH7B
3E82	N9520W	C72R
3E84	N9520Y	BE35
3E85	N9520Z	C172
3E86	N95200	TAYB
3E88	N95202	TAYB
3E89	N95203	P28A
3E8A	N95204	TAYB
3E8D	N95207	P28A
3E8F	N95209	TAYB
3E91	N9521A	C170
3E93	N9521C	CAT
3E95	N9521E	BL17
3E98	N9521H	C172
3E99	N9521J	P28A
3EA4	N9521V	M10
3EA5	N9521W	P28A
3EA6	N9521X	C210
3EA9	N95210	TAYB
3EAA	N95211	P28A
3EAC	N95213	TAYB
3EAF	N95216	RV7
3EB0	N95217	P28A
3EB4	N9522A	C72R
3EB5	N9522B	C162
3EB6	N9522C	C182
3EB8	N9522E	BL17
3EBB	N9522H	C172
3EBE	N9522L	C172
3EBF	N9522M	M20P
3EC3	N9522R	BE35
3EC4	N9522S	C72R
3EC8	N9522W	P28A
3EC9	N9522X	C82R
3ECA	N9522Y	BE35
3ECF	N95223	TAYB
3ED1	N95225	P28A
3ED9	N9523C	T6
3EDA	N9523D	PA22
3EDE	N9523H	C172
3EDF	N9523J	P28A
3EE1	N9523L	AA5
3EE3	PT-FGN	PA34
3EE5	N9523Q	BE35
3EE6	N9523R	BE35
3EE7	N9523S	CH7A
3EE9	N9523U	AA1
3EEA	N9523V	M10
3EEB	N9523W	P28A
3EEF	N95230	TAYB
3EF0	N95231	P28A
3EF2	N95233	TAYB
3EF5	N95236	P28A
3EF6	N95237	P28A
3EF7	N95238	P28A
3EFA	N9524A	C170
3EFB	N9524B	C180
3F02	N9524J	P28A
3F03	N9524K	S108
3F04	N9524L	AA5
3F08	N9524Q	AEST
3F0D	N9524V	M10
3F0E	N9524W	WICH
3F14	N95242	C82S
3F16	N95244	P28A
3F19	N95247	TAYB
3F1D	N9525A	F9F
3F1F	N9525C	T6
3F20	N9525D	C82S
3F21	N9525E	BL17
3F24	N9525H	VALI
3F25	N9525J	P28A
3F28	N9525M	M20P
3F2A	N9525P	C82S
3F2E	N9525T	PA38
3F2F	N9525U	AA1
3F30	N9525V	C72R
3F32	N9525X	C210
3F33	N9525Y	BE35
3F35	N95250	TAYB
3F36	N95251	TAYB
3F37	N95252	TAYB
3F38	N95253	P28A
3F39	N95254	TAYB
3F3A	N95255	P28A
3F3D	N95258	TAYB
3F3E	N95259	P28A
3F3F	N9526	B47G
3F41	N9526B	C72R
3F44	N9526E	AR11
3F46	N9526G	C72R
3F47	N9526H	C172
3F48	N9526J	P28A
3F49	N9526K	P28A
3F4A	N9526L	AA5
3F4B	N9526M	M20P
3F4D	N9526P	PA24
3F4F	N9526R	BE35
3F52	N9526U	AA1
3F53	N9526V	M10
3F54	N9526W	P28A
3F56	N9526Y	BE95
3F58	N95260	C82S
3F5B	N95263	TAYB
3F5C	N95264	P28A
3F5D	N95265	P28A
3F5E	N95266	P28A
3F60	N95268	TAYB
3F65	N9527C	GLF6
3F6B	N9527J	P28A
3F6C	N9527K	S108
3F6E	N9527M	C207
3F74	N9527T	C210
3F76	N9527V	M10
3F77	N9527W	P28A
3F7B	N95270	P28A
3F7C	N95271	P28A
3F7D	N95272	TAYB
3F7E	N95273	TAYB
3F80	N95275	TAYB
3F81	N95276	TAYB
3F87	N9528B	C180
3F88	N9528C	PA34
3F89	N9528D	PA22
3F8E	N9528J	P28A
3F95	N9528R	BE35
3F98	N9528U	AA1
3F9A	N9528W	C72R
3F9C	N9528Y	T210
3F9E	N95280	TAYB
3FA0	N95282	TAYB
3FA3	N95285	P28A
3FAB	N9529C	C303
3FAC	N9529D	PA22
3FAF	N9529G	C208
3FB2	N9529K	S108
3FB3	N9529L	AA5
3FB4	N9529M	M20P
3FB6	N9529P	PA25
3FB7	N9529Q	AEST
3FB8	N9529R	BE35
3FB9	N9529S	CH7B
3FBA	N9529T	C210
3FBC	N9529V	M10
3FBD	N9529W	C72R
3FBF	N9529Y	BE35
3FC1	N95290	TAYB
3FC3	N95292	TAYB
3FC6	N95295	TAYB
3FC7	N95296	TAYB
3FC9	N95298	TAYB
3FCE	N953AB	SR22
3FCF	N953AC	C72R
3FD6	N953AK	B39M
3FD7	N953AL	EC35
3FD8	N953AM	RV7
3FD9	N953AN	B738
3FDD	N953AS	C337
3FDE	N953AT	B712
3FE0	N953AV	BEAR
3FE4	N953AZ	B06
3FE5	N953B	C152
3FE8	N953BC	P28A
3FF0	N953BL	RV6
3FFE	N953C	P46T
4001	N953CC	C182
400A	N953CM	P46T
4010	N953CT	DV20
4018	N953DA	DV20
401A	N953DC	B739
4023	N953DM	C340
4028	N953DS	BE58
4030	N953E	RV9
4036	N953EF	D328
4037	N953EG	SR22
4040	N953ER	BE24
4049	N953F	C560
404D	N953FD	B752
404E	N953FE	C208
404F	N953FF	C25C
4062	N953G	P28A
4064	N953GB	TAGO
406E	N953GM	B407
4076	N953GV	P06T
407C	N953HA	C170
4094	N953J	RV6
4096	N953JB	EA50
409A	N953JF	C650
40A0	N953JM	B744
40A5	N953JS	CL35
40A9	N953JW	AT5T
40B9	N953KM	RV10
40C2	N953KW	B763
40C7	N953LA	AS50
40C9	N953LC	GLST
40D6	N953LR	CRJ9
40DB	N953LW	AEST
40E0	N953MA	M20P
40E1	N953MB	SR22
40E7	N953MH	S22T
4102	N953NK	A20N
4105	N953NN	B738
4114	N953PC	C56X
411A	N953PJ	C25B
4122	N953PS	CRUZ
4123	N953PT	C25B
412A	N953Q	BE35
4139	N953QQ	E190
413B	N953QS	C68A
4153	N953RR	C82T
4157	N953RV	RV8
415D	N953SA	C152
415E	N953SB	T210
4168	N953SM	C72R
416E	N953ST	C210
4171	N953SW	CRJ2
4172	N953SX	SONX
4175	N953T	BE35
4179	N953TD	H25B
417A	N953TE	AA5
417E	N953TJ	C750
418A	N953TW	GLAS
41A3	N953UW	E190
41CD	N953WN	B737
41D2	N953WT	F260
41D9	N953X	BOLT
4226	N9530B	C72R
4227	N9530C	T6
4229	N9530E	AR11
422C	N9530H	C172
422D	N9530J	P28A
422F	N9530L	AA5
4234	N9530R	BE35
4236	N9530T	C210
4237	N9530U	AA1
4238	N9530V	M10
4239	N9530W	P28A
423B	N9530Y	BE35
423F	N95302	P28A
4240	N95303	P28A
4241	N95304	TAYB
4242	N95305	P28A
4243	N95306	PA24
4244	N95307	TAYB
4245	N95308	TAYB
4246	N95309	TAYB
4248	N9531A	C170
4249	N9531B	T210
424B	N9531D	C72R
424C	N9531E	BL17
4250	N9531J	P28A
4251	N9531K	P28B
4252	N9531L	AA5
4253	N9531M	M20P
4257	N9531R	BE35
4258	N9531S	CH7A
425A	N9531U	AA1
425E	N9531Y	BE35
4262	N95312	TAYB
4263	N95313	TAYB
4264	N95314	C172
4265	N95315	P28A
4267	N95317	TAYB
426B	N9532A	C170
426E	N9532D	PA22
426F	N9532E	AR11
4273	N9532J	P28A
4275	N9532L	AA5
4278	N9532P	PA25
427A	N9532R	BE35
427D	N9532U	AA1
4286	N95323	TAYB
4288	N95325	TAYB
428A	N95327	P28A
428C	N95329	P28A
428E	N9533A	C170
428F	N9533B	C180
4294	N9533G	C82S
4295	N9533H	C185
4296	N9533J	P28A
4297	N9533K	S108
4299	N9533M	M20P
429D	N9533R	BE35
429F	N9533T	C210
42A4	N9533Y	T210
42A8	N95332	TAYB
42AA	N95334	TAYB
42AB	N95335	TAYB
42B0	N9534	WACO
42B1	N9534A	C170
42B2	N9534B	C180
42B4	N9534D	PA22
42B5	N9534E	BL17
42B8	N9534H	C172
42B9	N9534J	P28A
42BB	N9534L	AA5
42BD	PR-PLC	P46T
42C1	N9534S	CH7A
42C2	N9534T	C210
42C3	N9534U	AA1
42C6	N9534X	C210
42C7	N9534Y	BE35
42CB	N95342	TAYB
42CC	N95343	P28A
42CE	N95345	TAYB
42CF	N95346	P28A
42D0	N95347	P28A
42DB	N9535H	C172
42DC	N9535J	P28A
42DD	N9535K	S108
42DF	N9535M	M20P
42E7	N9535V	M10
42E8	N9535W	P28A
42E9	N9535X	C210
42EA	N9535Y	T210
42EC	N95350	TAYB
42F2	N95356	TAYB
42F3	N95357	P28A
42FA	N9536D	C72R
42FC	N9536F	C206
42FE	N9536H	C172
42FF	N9536J	P28A
4301	N9536L	AA5
4302	N9536M	SR22
4304	N9536P	C208
4307	N9536S	CH7B
430A	N9536V	M10
430B	N9536W	P28A
4313	N95364	P28A
4314	N95365	P28A
4316	N95367	TAYB
4317	N95368	TAYB
4318	N95369	P28A
431C	N9537C	P28A
431E	N9537E	AR11
4324	N9537L	C172
4325	N9537M	M20P
4328	N9537Q	C72R
4329	N9537R	BE35
432A	N9537S	CH7B
432B	N9537T	C210
432D	N9537V	M10
432E	N9537W	P28A
4335	N95373	TAYB
4336	N95374	C152
4338	N95376	P28A
433A	N95378	TAYB
433C	N9538	WACO
433D	N9538A	C150
433F	N9538C	P28A
4341	N9538E	C82R
4344	N9538H	C172
4346	N9538K	S108
434C	N9538R	BE35
434D	N9538S	CH7A
434F	N9538U	AA1
4350	N9538V	M10
4351	N9538W	P28A
4352	N9538X	C210
4356	N95381	P28A
4358	N95383	P28A
435E	N95389	TAYB
435F	N9539	BE18
4361	N9539B	C72R
4362	N9539C	P28R
4363	N9539D	C82S
4364	N9539E	AR11
4365	N9539F	C208
4367	N9539H	C82R
436A	N9539L	C82S
436B	N9539M	M20P
436D	N9539P	C82S
4370	N9539S	CH7A
4372	N9539U	AA1
4373	N9539V	M10
4379	N95391	C152
437A	N95392	TAYB
4380	N95398	TAYB
4382	N954	BE18
4383	N954A	PA22
4386	N954AC	C72R
4389	N954AF	PC12
438D	N954AK	B39M
438E	N954AL	EC35
4390	N954AN	B738
4394	N954AS	C337
4395	N954AT	B712
4397	N954AV	A320
439D	N954BA	CL60
439F	N954BC	PNTH
43A7	N954BL	BE20
43AD	N954BS	BE9L
43B4	N954BZ	PA31
43B5	N954C	S108
43B7	N954CB	HROC
43B8	N954CC	C182
43B9	N954CD	SR22
43BD	N954CH	RV7
43C9	N954CV	SF50
43CA	N954CW	RV8
43CE	N954D	S108
43CF	N954DA	DV20
43D0	N954DB	FOX
43D7	N954DJ	B739
43DA	N954DM	SS2P
43DF	N954DS	BE40
43E0	N954DT	M20P
43E7	N954E	GLEX
43F7	N954ER	C336
4400	N954F	FOX
4402	N954FB	H269
4404	N954FD	B752
4405	N954FE	C208
4419	N954G	P28A
441F	N954GF	DHC2
442A	N954GS	BE9L
442D	N954GV	P06T
4432	N954H	H25B
444B	N954J	P28B
444C	N954JA	C172
444D	N954JB	A321
444F	N954JD	WACF
4453	N954JH	C172
4454	N954JJ	GLEX
445B	N954JR	BE40
445C	N954JS	C750
4460	N954JW	PA34
4461	N954JX	E145
4464	N954K	P32R
4466	N954KB	SR20
4470	N954KM	PC12
447E	N954LA	AS50
447F	N954LB	BE36
4482	N954LE	B190
448D	N954LR	CRJ9
448F	N954LT	HUSK
4496	N954M	C82S
4497	N954MA	PA32
4499	N954MC	C421
449B	N954ME	FA50
44A2	N954MM	RV7
44A7	N954MS	BE20
44AF	N954N	M20P
44B9	N954NK	A20N
44BC	N954NN	B738
44CB	N954PC	PA18
44CF	N954PG	SR22
44F2	N954QS	C680
44FA	N954R	BE33
44FB	N954RA	BE95
44FC	N954RB	RV6
44FD	N954RC	RV9
450B	N954RS	MM16
450C	N954RT	PA11
4513	N954S	BE58
4514	N954SA	C152
4516	N954SC	PA18
451A	N954SG	FA50
451D	N954SK	RV12
4521	N954SP	GLEX
4525	N954ST	P32T
4528	N954SW	CRJ2
452C	N954T	PA18
452F	N954TC	PA32
4531	N954TE	AA5
4535	N954TJ	B06
453E	N954TT	P32R
4584	N954WN	B737
45C2	N954Z	PA11
45C3	N954ZA	BE20
45DB	N9540	BE18
45DC	N9540A	C170
45DD	N9540B	C72R
45DF	N9540D	PA22
45E0	N9540E	AR11
45E2	N9540G	C188
45E6	N9540L	C172
45E7	N9540M	M20P
45E9	N9540P	PA25
45EB	N9540R	BE35
45EC	N9540S	CH7A
45ED	N9540T	C210
45EF	N9540V	M20P
45F1	N9540X	C82R
45F2	N9540Y	BE95
45F6	N95402	P28A
45F7	N95403	P28A
45F8	N95404	C152
45F9	N95405	P28A
45FD	N95409	C72R
45FE	N9541	WACO
4600	N9541B	C180
4605	N9541G	C188
4608	N9541K	P28A
4612	N9541V	M10
4615	N9541Y	BE95
4619	B-9822	C208
461A	N95413	P28A
461F	N95418	P28A
4620	N95419	P28A
4623	N9542B	C72R
4624	N9542C	P32R
4625	N9542D	P28A
4629	N9542H	C172
462C	N9542L	AA5
4633	N9542T	C210
4636	N9542W	C82S
4639	N9542Z	M20P
463C	N95422	P28A
463D	N95423	P28A
463E	N95424	P28A
4640	N95426	P28A
4641	N95427	P28A
4642	N95428	P28A
4649	N9543E	AR11
464A	N9543F	C82S
464B	N9543G	C82S
464C	N9543H	C172
464D	N9543J	P28A
464F	N9543L	AA5
4650	N9543M	M20P
4652	N9543P	C72R
4655	N9543S	CH7A
4658	N9543V	M10
4659	N9543W	P28A
465E	N95431	C152
4662	N95435	C152
4663	N95436	P28A
4664	N95437	P28A
4665	N95438	P28A
466A	N9544C	P28A
466B	N9544D	PA22
466C	N9544E	AR11
466F	N9544H	C172
4672	N9544L	AA5
4676	N9544Q	C82S
4678	N9544S	C82S
467B	N9544V	M10
467C	N9544W	P28A
467D	N9544X	C210
4682	N95442	M20P
4684	N95444	C152
4685	N95445	C152
4687	N95447	P28A
468B	N9545A	C170
468C	N9545B	C72R
468E	N9545D	PA22
4690	N9545F	C72R
4694	N9545K	S108
4695	N9545L	AA5
4696	N9545M	M20P
469E	N9545V	M10
469F	N9545W	P28A
46A0	N9545X	C210
46A1	N9545Y	BE35
46A3	N95450	P28A
46A5	N95452	P28A
46A7	N95454	P28A
46A8	N95455	P28A
46AA	N95457	P28A
46AC	N95459	P28A
46AE	N9546A	C170
46AF	N9546B	C208
46B1	N9546D	PA22
46B4	N9546G	C182
46B5	N9546H	C172
46B9	N9546M	M20P
46BB	N9546P	PA25
46BC	N9546Q	BE65
46BF	N9546T	C210
46C0	N9546U	AA1
46C1	N9546V	M10
46C2	N9546W	P28A
46C3	N9546X	C82R
46C4	N9546Y	BE35
46C7	N95461	P28A
46C8	N95462	DG15
46C9	N95463	P28A
46CD	N95467	G21
46CF	N95469	C152
46D1	N9547A	C170
46D4	N9547D	PA22
46D8	N9547H	RV4
46D9	N9547J	P28A
46DA	N9547K	P28A
46DB	N9547L	C172
46DC	N9547M	M20P
46E0	N9547R	BE35
46E3	N9547U	M20P
46E4	N9547V	M10
46E5	N9547W	C72R
46E6	N9547X	C210
46E8	N9547Z	TBM
46EA	N95471	P28A
46EC	N95473	P28A
46ED	N95474	C152
46EE	N95475	C152
46EF	N95476	P28A
46F0	N95477	P28A
46F2	N95479	P28A
46F8	N9548E	AR11
46FA	N9548G	C188
46FC	N9548J	P28A
46FF	N9548M	M20P
4703	N9548R	BE35
4706	N9548U	AA1
4708	N9548W	C72R
4709	N9548X	C210
470B	N9548Z	TBM
470D	N95481	P28A
4710	N95484	S55P
4711	N95485	S55P
4712	N95486	S55P
4718	N9549B	C180
471C	N9549F	C72R
471D	N9549G	T206
471E	N9549H	C172
4720	N9549K	S108
4721	N9549L	AA5
4726	N9549R	BE35
4727	N9549S	CH7A
4728	N9549T	PA38
472A	N9549V	M10
472D	N9549Y	BE95
4733	N95494	C182
4739	N955	B47G
473B	N955AA	C25B
473C	N955AB	GLF5
473D	N955AC	C172
4740	N955AF	PC12
4744	N955AK	B39M
4745	N955AL	EC35
4747	N955AN	B738
474B	N955AS	A320
474C	N955AT	B712
474E	N955AV	A320
4753	N955B	B47G
4756	N955BC	C182
475C	N955BJ	RV6
476D	N955CA	BE95
476E	N955CB	SR22
476F	N955CC	C172
477A	N955CP	C172
477E	N955CT	RV10
4781	N955CW	C310
4785	N955D	S108
4786	N955DA	DV20
4787	N955DB	BE95
478A	N955DE	B739
478C	N955DG	PA46
478E	N955DJ	BE95
478F	N955DK	RV8
4790	N955DL	MD88
4793	N955DP	H25B
4794	N955DQ	RV10
4796	N955DS	DA40
479A	N955DW	PA18
47B7	N955F	WAIX
47BB	N955FD	B752
47BC	N955FE	C208
47C8	N955FS	UH1
47D2	N955GB	BE36
47D8	N955GH	C750
47E4	N955GV	P06T
47ED	N955HD	AS50
47EE	N955HE	BE58
4803	N955JA	C172
4804	N955JB	A321
480D	N955JL	SR22
4810	N955JP	RV9
4812	N955JR	BE33
4817	N955JW	SR22
4835	N955LA	AS50
4836	N955LB	DFLY
4837	N955LC	C172
483D	N955LJ	BE36
4844	N955LR	CRJ9
4845	N955LS	C185
484E	N955MA	M20P
484F	N955MB	GLF4
4850	N955MC	PC12
4853	N955MF	UH1
485E	N955MS	C182
4867	N955NA	T38
4870	N955NK	A20N
4873	N955NN	B738
488A	N955PL	C208
4890	N955PS	PC24
4891	N955PT	C172
4898	N955Q	BE35
48A9	N955QS	C680
48B4	N955RC	SS2P
48B9	N955RH	BE95
48BF	N955RP	BE95
48C5	N955RV	HUSK
48CA	N955S	P28A
48CB	N955SA	CH7B
48D2	N955SH	PA46
48D4	N955SK	R22
48D5	N955SL	F2TH
48D6	N955SM	M7
48D8	N955SP	C172
48DA	N955SR	SR22
48DC	N955ST	A119
48DF	N955SW	CRJ2
48E6	N955TC	S55P
48EA	N955TG	B407
48EF	N955TM	CL60
48F4	N955TS	GLIM
48F9	N955TX	C25A
4911	N955UW	E190
491C	N955VG	FA50
492E	N955W	SR22
4930	N955WB	GA5C
4935	N955WG	P210
4938	N955WK	F900
493B	N955WN	B737
493C	N955WP	B350
4940	N955WT	SR22
4947	N955X	G164
4979	N955Z	MIMU
4994	N9550B	C72R
4997	N9550E	BL17
4999	N9550G	C72R
499B	N9550J	P28A
499C	N9550K	S108
499D	N9550L	AA5
499E	N9550M	M20P
49A1	N9550Q	C72R
49A2	N9550R	BE35
49A3	N9550S	C72R
49A5	N9550U	AA1
49AA	N9550Z	BE18
49AB	N95500	C182
49AD	N95502	TAYB
49AE	N95503	TAYB
49B2	N95507	TAYB
49B7	N9551B	C72R
49B9	N9551D	PA22
49BA	N9551E	BL17
49BE	N9551J	P28A
49C1	N9551M	M20P
49C5	N9551R	BE35
49C6	N9551S	CH7A
49C9	N9551V	M10
49CA	N9551W	C82S
49CC	N9551Y	BE35
49CD	N9551Z	BE18
49D1	N95513	TAYB
49D2	N95514	TAYB
49D3	N95515	TAYB
49D8	N9552	EN28
49D9	N9552A	C72R
49DD	N9552E	AR11
49DF	N9552G	C188
49E0	N9552H	C172
49E1	N9552J	P28A
49E2	N9552K	P28A
49E3	N9552L	AA5
49E8	N9552R	C82S
49E9	N9552S	CH7B
49EB	N9552U	AA1
49EC	N9552V	C172
49EF	N9552Y	BE35
49F2	N95521	C182
49F5	N95524	TAYB
49F7	N95526	TAYB
49F9	N95528	C182
49FB	N9553	WACO
49FC	N9553A	C72R
4A00	N9553E	BL17
4A04	N9553J	P28A
4A05	N9553K	S108
4A07	N9553M	M20P
4A0A	N9553Q	BE35
4A0B	N9553R	BE35
4A0C	N9553S	C82S
4A0E	N9553U	AA1
4A10	N9553W	P28A
4A11	N9553X	C210
4A14	N95530	TAYB
4A17	N95533	TAYB
4A1B	N95537	C152
4A1D	N95539	C152
4A1F	N9554A	C170
4A23	N9554E	BL17
4A25	N9554G	T206
4A28	N9554K	S108
4A29	N9554L	AA5
4A30	N9554T	T206
4A31	N9554U	M20P
4A32	N9554V	C172
4A35	N9554Y	BE35
4A36	N9554Z	CH60
4A37	N95540	C182
4A38	N95541	C182
4A3B	N95544	C182
4A3D	N95546	TAYB
4A41	N9555	EN28
4A43	N9555B	BE95
4A44	N9555C	P28A
4A45	N9555D	PA22
4A48	N9555G	C188
4A49	N9555H	C172
4A4A	N9555J	P28A
4A4B	N9555K	P28R
4A4C	N9555L	AA5
4A4D	N9555M	M20P
4A50	N9555Q	BE35
4A52	N9555S	CH7A
4A56	N9555W	P28A
4A57	N9555X	C182
4A58	N9555Y	BE95
4A5B	N95551	C152
4A5D	N95553	TAYB
4A5F	N95555	TAYB
4A60	N95556	C152
4A61	N95557	TAYB
4A63	N95559	TAYB
4A68	N9556D	PA22
4A6C	N9556H	C172
4A6D	N9556J	C188
4A6E	N9556K	P28A
4A70	N9556M	M20P
4A76	N9556T	C210
4A78	N9556V	C172
4A79	N9556W	P28A
4A7C	N9556Z	T206
4A7E	N95561	TAYB
4A84	N95567	TAYB
4A88	N9557A	C170
4A89	N9557B	C72R
4A91	N9557K	P28A
4A92	N9557L	AA5
4A95	N9557P	C82S
4A9A	N9557U	AA1
4A9B	N9557V	C172
4A9C	N9557W	P28A
4A9D	N9557X	C82R
4A9E	N9557Y	BE35
4AAC	N9558B	C180
4AAE	N9558D	PA22
4AAF	N9558E	BL17
4AB4	N9558K	S108
4AB8	N9558P	PA25
4ABB	N9558S	CH7B
4ABC	N9558T	C210
4AC0	N9558X	C82R
4AC3	N95580	UH12
4AC4	N95581	TAYB
4AC5	N95582	TAYB
4AC6	N95583	H269
4ACA	N95587	UH12
4ACE	N9559A	C170
4AD1	N9559D	C72R
4AD3	N9559F	H269
4AD9	N9559M	M20P
4ADE	N9559S	C72R
4ADF	N9559T	PA38
4AE0	N9559U	AA1
4AE1	N9559V	C72R
4AE2	N9559W	P28A
4AE3	N9559X	C82R
4AE5	N9559Z	NAVI
4AEA	N95594	PA24
4AED	N95597	TAYB
4AEE	N95598	TAYB
4AF4	N956AC	P32R
4AF5	N956AD	PA46
4AFB	N956AK	B39M
4AFD	N956AM	B407
4AFE	N956AN	B738
4B02	N956AS	C337
4B03	N956AT	B712
4B05	N956AV	A320
4B0D	N956BC	SREY
4B10	N956BF	C182
4B23	N956C	SR22
4B29	N956CF	C82T
4B31	N956CP	C82T
4B35	N956CT	DV20
4B3C	N956D	C208
4B3D	N956DA	DV20
4B3E	N956DB	R66
4B3F	N956DC	RBEL
4B40	N956DD	B739
4B47	N956DL	MD88
4B48	N956DM	RV6
4B4A	N956DP	BL8
4B54	N956DZ	B739
4B56	N956EA	C340
4B65	N956ER	C152
4B66	N956ES	C82T
4B72	N956FD	B752
4B73	N956FE	C208
4B93	N956GM	CH75
4B99	N956GT	RV9
4B9B	N956GV	P06T
4BA3	N956HC	C25B
4BBB	N956JB	DA40
4BC3	N956JK	VEZE
4BCA	N956JS	C750
4BCB	N956JT	A321
4BCE	N956JW	CH7B
4BD4	N956KB	B06
4BEC	N956LA	AS50
4BED	N956LB	PA18
4BFB	N956LR	CRJ9
4C00	N956LW	SAVG
4C04	N956M	VELO
4C05	N956MA	M20P
4C06	N956MB	C680
4C07	N956MC	PRM1
4C08	N956MD	PA18
4C21	N956ND	BE35
4C2A	N956NN	B738
4C39	N956PC	PC12
4C42	N956PM	BABY
4C44	N956PP	CL60
4C4A	N956PV	SR22
4C4F	N956Q	BE35
4C60	N956QS	C680
4C70	N956RH	CH7B
4C73	N956RL	C82S
4C74	N956RM	GLF6
4C7C	N956RV	RV9
4C7D	N956RW	PA38
4C81	N956S	FOX
4C82	N956SA	P28R
4C83	N956SB	BE55
4C84	N956SC	CRUZ
4C8C	N956SL	LA4
4C8D	N956SM	C82S
4C8F	N956SP	C172
4C93	N956ST	A119
4C96	N956SW	CRJ2
4C9A	N956T	PA15
4C9B	N956TA	R44
4C9E	N956TD	NAVI
4C9F	N956TE	AA5
4CAB	N956TS	RV6
4CB0	N956TX	C208
4CC8	N956UW	E190
4CCC	N956V	BE35
4CD3	N956PG	C560
4CF1	N956WM	PC24
4CF2	N956WN	B737
4D49	N9560	BE18
4D4B	N9560B	C180
4D4C	N9560C	T6
4D52	N9560J	P28A
4D53	N9560K	C188
4D55	N9560M	M20P
4D57	N9560P	PA25
4D59	N9560R	BE35
4D5A	N9560S	C72R
4D5B	N9560T	C210
4D5C	N9560U	AA1
4D5D	N9560V	C172
4D5E	N9560W	C72R
4D5F	N9560X	C82R
4D62	N95600	TAYB
4D63	N95601	TAYB
4D64	N95602	C182
4D67	N95605	TAYB
4D68	N95606	C152
4D6F	N9561C	P28A
4D70	N9561D	PA22
4D72	N9561F	H269
4D73	N9561G	C188
4D74	N9561H	RELI
4D76	N9561K	PA32
4D77	N9561L	AA5
4D78	N9561M	M20P
4D7B	N9561Q	BE35
4D7C	N9561R	BE35
4D7D	N9561S	CH7B
4D80	N9561V	C72R
4D82	N9561X	C210
4D86	N95611	TAYB
4D8A	N95615	C152
4D91	N9562B	C72R
4D93	N9562D	C82S
4D94	N9562E	AR11
4D97	N9562H	C172
4D98	N9562J	P28A
4D99	N9562K	S108
4D9B	N9562M	M20P
4D9D	N9562P	C72R
4D9E	N9562Q	C72R
4D9F	N9562R	BE35
4DA0	N9562S	CH7A
4DA1	N9562T	C210
4DA2	N9562U	AA1
4DA3	N9562V	C172
4DA4	N9562W	P28A
4DA5	N9562X	C210
4DA6	N9562Y	BE35
4DAA	N95622	TAYB
4DAB	N95623	TAYB
4DAE	N95626	C152
4DB2	N9563	EN28
4DB3	N9563A	C72R
4DB8	N9563F	H269
4DB9	N9563G	T206
4DBA	N9563H	C185
4DBD	N9563L	AA5
4DC0	N9563P	PA18
4DC1	N9563Q	BE35
4DC3	N9563S	CH7A
4DC4	N9563T	PA38
4DC5	N9563U	AA1
4DC7	N9563W	P28A
4DC8	N9563X	C210
4DCA	N9563Z	B17
4DCC	N95631	C182
4DCD	N95632	TAYB
4DD4	N95639	C152
4DD5	N9564	GLEX
4DD7	N9564B	C72R
4DD8	N9564C	P28A
4DDA	N9564E	AR11
4DDD	N9564H	C172
4DDE	N9564J	P28A
4DDF	N9564K	S108
4DE1	N9564M	M20P
4DE4	N9564Q	BE35
4DE5	N9564R	BE35
4DE6	N9564S	CH7A
4DEC	N9564Y	BE35
4DED	N9564Z	TBM
4DEE	N95640	C182
4DEF	N95641	TAYB
4DF1	N95643	TAYB
4DF3	N95645	TAYB
4DF4	N95646	C152
4DF7	N95649	C182
4DF8	N9565	EN28
4E01	N9565J	P28A
4E02	N9565K	PA34
4E04	N9565M	C82S
4E07	N9565Q	BE35
4E08	N9565R	BE35
4E09	N9565S	CH7A
4E0C	N9565V	C172
4E0E	N9565X	C210
4E11	N95650	C182
4E14	N95653	TAYB
4E18	N95657	TAYB
4E19	N95658	TAYB
4E1A	N95659	C182
4E1D	N9566B	C72R
4E1F	N9566D	PA22
4E23	N9566H	C172
4E26	N9566L	C172
4E2A	N9566Q	BE35
4E2E	N9566U	PA15
4E2F	N9566V	C172
4E32	N9566Y	BE35
4E35	N95661	C182
4E36	N95662	M20P
4E37	N95663	TAYB
4E39	N95665	P40
4E3B	N95667	TAYB
4E3C	N95668	TAYB
4E3D	N95669	COY2
4E3F	N9567A	C170
4E41	N9567C	B47G
4E42	N9567D	PA22
4E46	N9567H	C172
4E49	N9567L	C172
4E4A	N9567M	M20P
4E4D	N9567Q	BE35
4E51	N9567U	AA1
4E53	N9567W	P28A
4E57	N95670	C152
4E5A	N95673	TAYB
4E5B	N95674	TAYB
4E5D	N95676	TAYB
4E5F	N95678	C182
4E61	N9568	EN28
4E64	N9568C	P28A
4E68	N9568G	C172
4E69	N9568H	FA62
4E6A	N9568J	C82S
4E6C	N9568L	C172
4E6D	N9568M	M20P
4E70	N9568Q	BE35
4E71	N9568R	BE35
4E74	N9568U	AA5
4E75	N9568V	C172
4E76	N9568W	P28A
4E77	N9568X	C210
4E78	N9568Y	BE35
4E7A	N95680	C182
4E7C	N95682	C182
4E80	N95686	C182
4E8A	N9569F	H269
4E8C	N9569H	C172
4E8E	N9569K	S108
4E96	N9569T	C210
4E9A	N9569X	C210
4E9B	N9569Y	BE35
4E9E	N95691	TAYB
4EA2	N95695	TAYB
4EA3	N95696	C182
4EA6	N95699	TAYB
4EA8	N957A	PA22
4EAB	N957AC	S64
4EB3	N957AL	EC35
4EB4	N957AM	B738
4EB5	N957AN	B738
4EB8	N957AR	SW4
4EBA	N957AT	B712
4EBC	N957AV	A320
4EC9	N957BH	RV6
4ECA	N957BJ	C56X
4ED2	N957BS	PA11
4ED3	N957BT	T206
4ED6	N957BW	RV7
4EDA	N957C	S108
4EDC	N957CB	BE20
4EE3	N957CJ	FA20
4EE6	N957CM	C25C
4EE8	N957CP	F2TH
4EEA	N957CR	CL35
4EEB	N957CS	R44
4EEC	N957CT	DV20
4EEF	N957CW	AT3T
4EF3	N957D	P32R
4EF4	N957DA	DV20
4EF7	N957DD	C172
4EF9	N957DF	C185
4EFB	N957DH	RV6
4EFC	N957DJ	GLAS
4EFD	N957DK	HIGH
4EFF	N957DM	CH60
4F03	N957DR	B739
4F05	N957DT	CL30
4F0F	N957EC	FA10
4F10	N957ED	T6
4F1D	N957ES	C172
4F29	N957FD	B752
4F2A	N957FE	C208
4F52	N957GV	P06T
4F6E	N957HY	RV9
4F72	N957JB	A321
4F7B	N957JL	TAIL
4F7C	N957JM	COL4
4F7E	N957JP	SF50
4F81	N957JS	C750
4F89	N957K	S108
4F98	N957KQ	K100
4FA3	N957LA	AS50
4FB2	N957LR	CRJ9
4FBF	N957MD	BE10
4FC7	N957MM	BE95
4FDE	N957NK	A20N
4FE1	N957NN	B738
4FF0	N957PC	BE58
4FF1	N957PD	PTS2
4FFC	N957PQ	BE58
5022	N957RC	F900
5023	N957RD	PRM1
5030	N957RS	RV7
5033	N957RV	RV7
5046	N957SP	C208
5048	N957SR	S22T
504A	N957ST	PC12
504D	N957SW	CRJ2
5051	N957T	P32R
5056	N957TE	AA5
5063	N957TT	CRER
5067	N957TX	C750
5076	N957UM	AA5
507F	N957UW	E190
5083	N957V	FA24
5098	N957VW	RV14
509D	N957WA	TAMP
50A9	N957WN	B737
5101	N9570A	C82S
5102	N9570B	C180
5109	N9570J	P28A
510F	N9570Q	BE36
5110	N9570R	BE35
5113	N9570U	AA5
5114	N9570V	C82S
5117	N9570Y	BE35
511A	N95701	TAYB
511C	N95703	TAYB
511D	N95704	TAYB
511F	N95706	TAYB
5123	N9571	B47G
5125	N9571B	C180
512B	N9571H	C172
512C	N9571J	P28A
512D	N9571K	P28A
512F	N9571M	M20P
5133	N9571R	LA4
5134	N9571S	CH7A
5137	N9571V	C172
5139	N9571X	C210
513F	N95713	TAYB
5141	N95715	TAYB
5142	N95716	TAYB
5145	N95719	TAYB
5147	N9572A	C82S
5148	N9572B	C72R
5149	N9572C	P32R
514B	N9572E	AR11
514D	N9572G	T206
514E	N9572H	C172
5150	N9572K	S108
5151	N9572L	C172
5156	N9572R	BE35
515A	N9572V	C172
515B	N9572W	C72R
515C	N9572X	C210
515F	N95720	C182
5160	N95721	C182
5161	N95722	C152
5162	N95723	TAYB
5168	N95729	TAYB
5169	N9573	EN28
516B	N9573B	C72R
516C	N9573C	PA34
5171	N9573H	RELI
5174	N9573L	AA5
5175	N9573M	M20P
5177	N9573P	PA25
5178	N9573Q	C72R
517A	N9573S	CH7B
517B	N9573T	C210
517D	N9573V	C172
517E	N9573W	P28A
517F	N9573X	C82R
5181	N9573Z	T206
5184	N95732	TAYB
5186	N95734	TAYB
5187	N95735	TAYB
5189	N95737	C152
518B	N95739	TAYB
518D	N9574A	C82S
518E	N9574B	C72R
5191	N9574E	AR11
5193	N9574G	T206
5194	N9574H	C172
5197	N9574L	AA5
519B	N9574Q	BE35
519D	N9574S	CH7B
519E	N9574T	C210
51A2	N9574X	C210
51A5	N95740	C182
51A6	N95741	TAYB
51A7	N95742	TAYB
51A8	N95743	TAYB
51A9	N95744	TAYB
51AC	N95747	C182
51AE	N95749	C182
51B0	N9575A	C170
51B3	N9575D	PA18
51B4	N9575E	AR11
51B6	N9575G	T206
51B7	N9575H	C82R
51B8	N9575J	P28A
51BF	N9575R	BE35
51C2	N9575U	AA5
51C3	N9575V	C172
51C4	N9575W	P28A
51CA	N95752	TAYB
51CB	N95753	TAYB
51CE	N95756	TAYB
51D0	N95758	TAYB
51D2	N9576	EN28
51D5	N9576C	P28A
51D6	N9576D	PA18
51D7	N9576E	AR11
51D9	N9576G	C188
51DB	N9576J	P28A
51DC	N9576K	P28A
51DD	N9576L	AA1
51DE	N9576M	M20P
51E0	N9576P	PA25
51E2	N9576R	BE35
51E4	N9576T	C210
51E5	N9576U	AA5
51EF	N95764	C182
51F1	N95766	C182
51F7	N9577B	C72R
51F9	N9577D	PA18
51FA	N9577E	BL17
51FD	N9577H	WACO
51FE	N9577J	P28A
51FF	N9577K	S108
5200	N9577L	AA5
5201	N9577M	M20P
5203	N9577P	S22T
5205	N9577R	BE35
5206	N9577S	CH7A
5208	N9577U	AA5
5209	N9577V	C172
520A	N9577W	C72R
520B	N9577X	C82R
520C	N9577Y	T210
520D	N9577Z	C72R
520F	N95771	TAYB
5214	N95776	C182
5217	N95779	TAYB
521A	N9578B	C72R
521D	N9578E	BL17
5221	N9578J	P28A
5223	N9578L	AA5
5226	N9578P	PA18
5228	N9578R	BE35
5229	N9578S	CH7A
522B	N9578U	AA5
522F	N9578Y	BE35
5235	N95784	TAYB
5236	N95785	C182
5238	N95787	C152
523A	N95789	C182
523C	N9579A	C170
523E	N9579C	P28A
523F	N9579D	PA18
5240	N9579E	C82R
5244	N9579J	P28A
5246	N9579L	AA5
524B	N9579R	BE35
524D	N9579T	PA38
524E	N9579U	AA5
524F	N9579V	C72R
5251	N9579X	C82R
5254	N95790	TAYB
5255	N95791	TAYB
5256	N95792	TAYB
525B	N95797	C152
525F	N958A	PA22
5269	N958AK	B39M
526A	N958AL	EC35
526B	N958AM	B738
526C	N958AN	B738
526F	N958AR	C240
5271	N958AT	B712
5273	N958AV	A320
527B	N958BC	C150
527F	N958BG	F2TH
528E	N958BX	GLF4
5294	N958CC	BE58
5295	N958CD	SR22
529F	N958CP	H269
52A3	N958CT	DV20
52AB	N958DA	DV20
52AC	N958DB	DHC2
52B3	N958DJ	B739
52B5	N958DL	MD88
52B6	N958DM	BE33
52CA	N958EG	H269
52D3	N958ER	C172
52E0	N958FD	B752
52E1	N958FE	C208
52F7	N958GB	C560
52F8	N958GC	C550
5309	N958GV	P06T
530E	N958H	WACO
5311	N958HC	BE58
531C	N958HP	C82R
5329	N958JB	A321
532F	N958JH	BE9L
5337	N958JR	C180
533D	N958JX	E145
534C	N958KM	BN2P
5359	N958L	RV6
535A	N958LA	AS50
5362	N958LJ	RV12
5369	N958LR	CRJ9
5376	N958MD	C340
5379	N958MG	C25A
537C	N958MK	CRUZ
537D	N958ML	RV8
537E	N958MM	P46T
5395	N958NK	A20N
5398	N958NN	B738
53A4	N958P	BE58
53A6	N958PB	BE58
53A8	N958PD	JSX
53B6	N958PT	SR22
53CE	N958QS	C680
53E8	N958RT	RV9
53EA	N958RV	RV8
53EB	N958RW	AVID
53F1	N958SB	C82R
53FB	N958SM	M7
53FD	N958SP	C208
5401	N958ST	T206
5404	N958SW	CRJ2
540D	N958TE	AA5
5416	N958TP	BE30
5418	N958TR	B407
5436	N958UW	E190
5457	N958WD	BE58
5460	N958WN	B737
549E	N958Z	GLID
54B9	N9580B	C180
54BF	N9580H	ST75
54C0	N9580J	P28A
54C2	N9580L	AA5
54C3	N9580M	M20P
54C7	N9580R	BE35
54C8	N9580S	CH7A
54CA	N9580U	AA5
54CC	N9580W	P28A
54CD	N9580X	C210
54CE	N9580Y	BE35
54D0	N95800	TAYB
54D1	N95801	C182
54D2	N95802	C182
54D5	N95805	TAYB
54D7	N95807	C182
54D8	N95808	C182
54DB	N9581A	C170
54DF	N9581E	AR11
54E1	N9581G	C72R
54E2	N9581H	C185
54EB	N9581S	CH7A
54EE	N9581V	C82S
54F3	N95810	TAYB
54F7	N95814	TAYB
54F9	N95816	TAYB
54FA	N95817	TAYB
5501	N9582D	PA22
5502	N9582E	BL17
5505	N9582H	C172
5507	N9582K	S108
5509	N9582M	C207
550D	N9582R	BE35
5510	N9582U	M20P
5511	N9582V	C172
5512	N9582W	P28A
5514	N9582Y	BE95
5517	N95821	C152
5519	N95823	TAYB
551C	N95826	C182
551D	N95827	TAYB
5522	N9583B	C72R
5523	N9583C	PA32
5529	N9583J	P28A
552C	N9583M	T206
552F	N9583Q	BE35
5537	N9583Y	BE35
5539	N95830	TAYB
553A	N95831	C152
553C	N95833	TAYB
553D	N95834	C182
5542	N95839	TAYB
5544	N9584A	C170
5545	N9584B	C72R
554C	N9584J	P28A
554F	N9584M	M20P
5551	N9584P	PA25
5552	N9584Q	C82S
5553	N9584R	BE35
5554	N9584S	CH7A
5555	N9584T	C210
5557	N9584V	C172
5558	N9584W	P28A
555B	N9584Z	TBM
555C	N95840	C152
555D	N95841	C182
555E	N95842	TAYB
5564	N95848	C182
5565	N95849	TAYB
5569	N9585C	P32R
556A	N9585D	PA22
556D	N9585G	T206
5570	N9585K	P32R
5571	N9585L	AA5
5572	N9585M	M20P
5575	N9585Q	BE35
5579	N9585U	AA1
557A	N9585V	C172
557B	N9585W	P28A
557F	N95850	TAYB
5583	N95854	TAYB
5584	N95855	TAYB
5585	N95856	TAYB
5586	N95857	C182
5587	N95858	C182
558A	N9586A	KR2
558D	N9586D	PA22
558E	N9586E	AR11
5592	N9586J	P28A
5594	N9586L	AA5
5595	N9586M	M20P
5599	N9586R	BE35
559B	N9586T	C210
559C	N9586U	AA5
559E	N9586W	P28A
559F	N9586X	C210
55A1	N9586Z	TBM
55A2	N95860	C182
55A5	N95863	C182
55A7	N95865	C182
55A8	N95866	TAYB
55AA	N95868	C182
55AB	N95869	TAYB
55AD	N9587A	DUCE
55B1	N9587E	BL17
55B5	N9587J	P28A
55B7	N9587L	AA5
55B8	N9587M	M20P
55BB	N9587Q	BE35
55BC	N9587R	BE35
55BD	N9587S	CH7B
55BE	N9587T	TF19
55BF	N9587U	AA5
55C0	N9587V	C172
55C5	N95870	TAYB
55C6	N95871	TAYB
55CA	N95875	TAYB
55CD	N95878	TAYB
55CE	N95879	C182
55CF	N9588	EN28
55D0	N9588A	C170
55D1	N9588B	C180
55D3	N9588D	PA22
55D4	N9588E	AR11
55DB	N9588M	M20P
55DE	N9588Q	BE35
55E2	N9588U	AA5
55E3	N9588V	C172
55E5	N9588X	C210
55E6	N9588Y	BE35
55E8	N95880	TAYB
55ED	N95885	TAYB
55EE	N95886	M20P
55F1	N95889	TAYB
55F3	N9589A	C170
55F5	N9589C	T6
55F9	N9589G	C182
55FA	N9589H	C172
55FC	N9589K	S108
55FD	N9589L	AA5
5603	N9589S	CH7B
5608	N9589X	C210
5609	N9589Y	BE35
560E	N95893	TAYB
5611	N95896	TAYB
5612	N95897	C182
5613	N95898	TAYB
5615	N959	B47G
5617	N959AA	RV6
561A	N959AD	A4
561C	N959AF	PC12
561E	N959AH	HDJT
5620	N959AK	A109
5621	N959AL	EC35
5622	N959AM	B39M
5623	N959AN	B738
5628	N959AT	B712
5632	N959BC	R66
5637	N959BH	UH1
563D	N959BP	B737
5644	N959BW	C82R
5648	N959C	PA23
564B	N959CC	C56X
564C	N959CD	SR22
564E	N959CF	G2CA
5656	N959CP	C82T
5658	N959CR	BE40
565A	N959CT	FDCT
565D	N959CW	CH70
5661	N959D	S108
5662	N959DA	DV20
5663	N959DB	M7
5667	N959DF	LA4
5669	N959DH	SREY
566C	N959DL	MD88
5671	N959DR	SR22
5679	N959DZ	B739
567A	N959E	PA18
5687	N959EN	HDJT
5697	N959FD	B752
5698	N959FE	C208
56A5	N959FT	P40
56AC	N959G	P28A
56AD	N959GA	GA6C
56B3	N959GG	AT5T
56BD	N959GS	BE95
56BE	N959GT	C152
56C0	N959GV	P06T
56C5	N959H	WACO
56C8	N959HC	C172
56D1	N959HM	C25A
56DF	N959JA	C172
56E0	N959JB	A321
56E7	N959JJ	WW24
56EE	N959JR	RV7
56EF	N959JS	RV6
56F0	N959JT	T206
56F4	N959JX	E145
56FD	N959KF	GLEX
5711	N959LA	AS50
571E	N959LP	B407
5720	N959LR	CRJ9
572A	N959MA	PC12
5732	N959MJ	C414
5735	N959MM	P32R
5743	N959NA	T38
574C	N959NK	A20N
574F	N959NN	B738
575F	N959PD	CH7B
5767	N959PM	COL4
5769	N959PP	ASTR
5774	N959Q	BE35
5791	N959RD	PA18
5796	N959RJ	C550
5799	N959RM	C172
579B	N959RP	LJ45
579F	N959RT	SPIT
57A1	N959RV	RV10
57A2	N959RW	GA6C
57AA	N959SD	SSTL
57B2	N959SM	M7
57B4	N959SP	K100
57B7	N959SS	B350
57B8	N959ST	A119
57BB	N959SW	CRJ2
57C2	N959TC	C82S
57C4	N959TE	AA5
57CA	N959TL	B412
57D1	N959TT	C82S
57D3	N959TV	MOSQ
57D5	N959TX	C414
57D9	N959UA	C172
57ED	N959UW	E190
580B	N959WA	PA34
580C	N959WB	K100
580F	N959WE	C208
5817	N959WN	B737
581C	N959WT	SR22
581F	N959WW	B744
5837	N959XV	PA27
586E	N9590	EN28
586F	N9590A	C170
5878	N9590K	S108
587A	N9590M	M20P
5881	N9590U	M20P
5885	N9590Y	BE35
5886	N9590Z	TBM
5888	N95901	TAYB
588C	N95905	TAYB
5890	N95909	TAYB
5891	N9591	EN28
5893	N9591B	C72R
5894	N9591C	HUSK
5896	N9591E	BL17
589A	N9591J	P28A
589C	N9591L	C172
589D	N9591M	M20P
58A2	N9591S	CH7B
58A4	N9591U	AA5
58A7	N9591X	C210
58A8	N9591Y	BE35
58AA	N95910	TAYB
58AB	N95911	TAYB
58AC	N95912	C182
58AF	N95915	C182
58B0	N95916	TAYB
58B1	N95917	TAYB
58B2	N95918	TAYB
58B5	N9592A	C170
58B8	N9592D	PA22
58B9	N9592E	AR11
58BF	N9592L	AA5
58C4	N9592R	BE35
58C7	N9592U	AA5
58C9	N9592W	P28A
58CA	N9592X	C210
58CD	N95920	TAYB
58D3	N95926	TAYB
58D5	N95928	C182
58D9	N9593B	C72R
58DC	N9593E	AR11
58DF	N9593H	C172
58E0	N9593J	P28A
58E1	N9593K	P28A
58E2	N9593L	AA5
58E7	N9593R	BE35
58E8	N9593S	CH7A
58E9	N9593T	C210
58EA	N9593U	AA5
58EB	N9593V	C172
58ED	N9593X	C210
58F0	N95930	TAYB
58F1	N95931	TAYB
58F2	N95932	TAYB
58F3	N95933	TAYB
58F5	N95935	C182
58F6	N95936	C152
58F7	N95937	C182
58F8	N95938	TAYB
58FC	N9594B	C208
58FD	N9594C	P28R
5902	N9594H	C172
5903	N9594J	P28A
5909	N9594Q	BE95
590B	N9594S	CH7B
590C	N9594T	C210
590D	N9594U	AA5
590F	N9594W	P28A
5915	N95942	TAYB
5918	N95945	C182
591F	N9595B	B47G
5921	N9595D	PA22
5922	N9595E	AR11
5924	N9595G	T206
5926	N9595J	P28A
5927	N9595K	S108
5929	N9595M	M20P
592F	N9595T	HUSK
5930	N9595U	AA5
5931	N9595V	C172
5936	N95950	RV6
593B	N95955	TAYB
593D	N95957	TAYB
593F	N95959	TAYB
5941	N9596A	C170
5942	N9596B	C180
5944	N9596D	PA22
5945	N9596E	BL17
5948	N9596H	C172
5949	N9596J	P28A
594B	N9596L	AA5
5950	N9596R	BE35
5952	N9596T	C210
5953	N9596U	AA5
5954	N9596V	C172
5955	N9596W	P28A
5956	N9596X	C210
595B	N95962	HUSK
595C	N95963	C182
595E	N95965	HUSK
5960	N95967	C182
5962	N95969	TAYB
5964	N9597A	C170
5968	N9597E	BL17
596B	N9597H	BE17
596C	N9597J	P28A
596D	N9597K	S108
596E	N9597L	AA5
596F	N9597M	M20P
5973	N9597R	BE35
5977	N9597V	C172
5979	N9597X	C210
597A	N9597Y	BE35
597B	N9597Z	HUSK
5985	N95979	TAYB
598A	N9598D	PA22
598B	N9598E	AR11
598D	N9598G	C182
598E	N9598H	C172
5992	N9598M	M20P
5995	N9598Q	BE35
5996	N9598R	BE35
5999	N9598U	AA5
599A	N9598V	BE35
599C	N9598X	C210
599D	N9598Y	BE95
599E	N9598Z	HUSK
59A0	N95981	C182
59A3	N95984	TAYB
59A4	N95985	TAYB
59A6	N95987	TAYB
59AA	N9599A	C170
59AC	N9599C	PA32
59AD	N9599D	C140
59B1	N9599H	DG15
59B2	N9599J	P28A
59B3	N9599K	HUSK
59B8	N9599Q	BE35
59B9	N9599R	BE35
59BB	N9599T	C210
59BE	N9599W	P28A
59C1	N9599Z	HUSK
59C2	N95990	TAYB
59C5	N95993	C152
59C7	N95995	C152
59C9	N95997	TAYB
59CD	N96A	C195
59CF	N96AB	P46T
59D0	N96AC	LNC2
59D1	N96AD	G150
59D2	N96AE	B06
59D3	N96AF	AVID
59D4	N96AG	BE65
59D6	N96AJ	E55P
59D7	N96AK	C207
59D8	N96AL	SM19
59D9	N96AM	BE20
59DA	N96AN	RV6
59DB	N96AP	GLEX
59DE	N96AS	L13M
59DF	N96AT	SR22
59E1	N96AV	BE99
59E2	N96AW	M20P
59E6	N96B	WAIX
59E8	N96BB	SR22
59E9	N96BC	EAGL
59EA	N96BD	BE58
59EB	N96BE	FOX
59ED	N96BG	G109
59EF	N96BJ	QIC2
59F4	N96BP	C404
59F6	N96BR	GLF6
59F7	N96BS	BE35
59F8	N96BT	KIS4
59FB	N96BW	FOX
59FE	N96BZ	RLU1
59FF	N96C	TAYB
5A01	N96CB	M20P
5A02	N96CC	C210
5A03	N96CD	BE35
5A04	N96CE	BE20
5A06	N96CG	GLID
5A08	N96CJ	RV6
5A0B	N96CM	RV4
5A0C	N96CN	C182
5A11	N96CT	GLIM
5A14	N96CW	DUCE
5A18	N96D	PA18
5A1A	N96DB	BE35
5A1B	N96DC	PA18
5A1C	N96DD	C25A
5A1D	N96DE	PULS
5A1F	N96DG	DHC2
5A20	N96DH	BE35
5A21	N96DJ	FOX
5A22	N96DK	SONX
5A23	N96DL	RV4
5A29	N96DS	GC1
5A2A	N96DT	P28A
5A2D	N96DW	BE36
5A32	N96EA	CRJ2
5A33	N96EB	RV8
5A34	N96EC	UH1
5A35	N96ED	RV6
5A38	N96EG	EUPA
5A3C	N96EL	P28A
5A41	N96ER	M20P
5A42	N96ES	LNCE
5A45	N96EV	RV6
5A47	N96EX	PA18
5A49	N96EZ	LGEZ
5A4C	N96FB	C500
5A4E	N96FD	F260
5A4F	N96FE	F900
5A55	N96FL	SR22
5A56	N96FM	P46T
5A58	N96FP	C25A
5A5A	N96FR	C172
5A5B	N96FS	RV6
5A5C	N96FT	G280
5A5E	N96FV	PA18
5A60	N96FX	GLEX
5A63	N96G	C25B
5A64	N96GA	BE40
5A65	N96GB	BE58
5A66	N96GC	P28R
5A69	N96GF	LNC2
5A6F	N96GM	HUSK
5A73	N96GR	SAKO
5A74	N96GS	LJ35
5A75	N96GT	C82S
5A76	N96GU	B407
5A78	N96GW	RV3
5A7F	N96HC	T206
5A80	N96HD	TBM9
5A81	N96HE	C680
5A82	N96HF	BE76
5A83	N96HG	RBEL
5A84	N96HH	PTS1
5A85	N96HJ	AVID
5A88	N96HM	CL35
5A8A	N96HP	BE36
5A8D	N96HS	LGEZ
5A8F	N96HU	HUSK
5A95	N96J	SA3
5A97	N96JB	PA32
5A98	N96JC	PC6T
5A99	N96JD	M20P
5A9B	N96JF	BE9L
5A9D	N96JH	GLID
5A9E	N96JJ	BOLT
5A9F	N96JK	BE36
5AA1	N96JM	P51
5AA2	N96JN	PA30
5AA3	N96JP	RV4
5AA5	N96JR	TBM7
5AA7	N96JT	C650
5AAE	N96K	P28A
5AB0	N96KB	H500
5AB1	N96KC	P32R
5AB2	N96KD	RV9
5AB3	N96KE	RV10
5AB4	N96KF	FOX
5AB7	N96KJ	S22T
5AB8	N96KK	BE9T
5ABA	N96KM	PL2
5ABC	N96KP	VELO
5ABF	N96KS	M20P
5AC8	N96LA	F900
5ACA	N96LC	PA11
5ACC	N96LE	RV6
5ACE	N96LG	C180
5AD0	N96LJ	GP3
5AD2	N96LL	T210
5AD3	N96LM	A109
5AD7	N96LR	FOX
5AD8	N96LS	S22T
5AE1	N96MA	PA31
5AE2	N96MB	BE9L
5AE3	N96MC	BE35
5AE5	N96ME	M7
5AE6	N96MF	PULS
5AE7	N96MG	C30J
5AEA	N96MK	RV4
5AEB	N96ML	PA32
5AEC	N96MM	M22
5AF4	N96MV	PC12
5AFB	N96NB	C56X
5AFF	N96NF	C550
5B07	N96NP	C56X
5B0E	N96NW	B06
5B13	N96PA	HUSK
5B14	N96PB	C25B
5B15	N96PC	GLST
5B18	PR-HSG	BE9L
5B19	N96PG	PA34
5B1B	N96PJ	COZY
5B1C	N96PK	RV6
5B1D	N96PL	C68A
5B20	N96PP	PA46
5B22	N96PR	RV8
5B23	N96PS	BE36
5B24	N96PT	BE58
5B27	N96PW	T206
5B28	N96PX	C25B
5B2A	N96PZ	C525
5B35	N96QK	WAIX
5B46	N96RB	T210
5B47	N96RC	BE24
5B48	N96RD	GLAS
5B4B	N96RG	BOLT
5B4C	N96RH	P210
5B4D	N96RJ	LNC2
5B4E	N96RK	HUSK
5B51	N96RN	TBM9
5B52	N96RP	EXEC
5B54	N96RR	C172
5B55	N96RS	RV6
5B58	N96RV	RV9
5B59	N96RW	HAHU
5B5A	N96RX	C750
5B5D	N96S	BE65
5B5E	N96SA	SR22
5B5F	N96SB	SR22
5B60	N96SC	PA18
5B62	N96SE	RV6
5B65	N96SH	B47G
5B66	N96SJ	C182
5B68	N96SL	M7
5B69	N96SM	RV6
5B6B	N96SP	S76
5B6E	N96SS	PTS1
5B71	N96SV	C310
5B72	N96SW	C25A
5B73	N96SX	RF10
5B74	N96SY	SR22
5B78	N96TB	P28A
5B7A	N96TD	RV8
5B7C	N96TF	FOX
5B7D	N96TG	C82S
5B7F	N96TJ	RV6
5B80	N96TK	SREY
5B81	N96TL	RV6
5B82	N96TM	C501
5B84	N96TP	BD5
5B86	N96TR	PTS1
5B87	N96TS	R44
5B88	N96TT	BE9T
5B8C	N96TX	C750
5B8F	N96U	PTS1
5B90	N96UA	GLF5
5B92	N96UC	CAT
5B98	N96UJ	FA50
5BA9	N96VA	P28A
5BAD	N96VE	VEZE
5BAE	N96VF	BE36
5BBC	N96VV	RV4
5BBD	N96VW	BE36
5BC1	N96W	BE35
5BC3	N96WB	CL60
5BC4	N96WC	BE20
5BC5	N96WD	M7
5BC6	N96WE	BE58
5BC7	N96WF	BE58
5BC8	N96WG	RV6
5BC9	N96WH	ACR2
5BCC	N96WL	HROC
5BCF	N96WP	C82R
5BD6	N96WW	BL8
5BD8	N96WY	HUSK
5BDA	N96X	ST75
5BDD	N96XC	FOX
5BEF	N96XW	R44
5BF0	N96XX	GLST
5BF3	N96Y	BE65
5C03	N96YR	RV9
5C06	N96YU	PIVI
5C0A	N96YY	DV20
5C0B	N96YZ	SRAI
5C25	N960	ST75
5C27	N960AA	FA20
5C29	N960AC	P28A
5C2D	N960AG	BE35
5C2E	N960AH	TBM9
5C2F	N960AJ	TBM9
5C30	N960AK	B39M
5C31	N960AL	S22T
5C33	N960AN	B738
5C37	N960AS	LJ45
5C38	N960AT	B712
5C39	N960AU	C172
5C3A	N960AV	A320
5C43	N960BD	TBM9
5C4D	N960BP	SR22
5C50	N960BS	TBM9
5C54	N960BW	TBM9
5C58	N960C	TBM9
5C5B	N960CC	TBM9
5C63	N960CL	F900
5C64	N960CM	SR22
5C66	N960CP	C82T
5C68	N960CR	CL35
5C69	N960CS	T206
5C6A	N960CT	FDCT
5C71	N960D	CH65
5C72	N960DA	DV20
5C77	N960DF	C414
5C79	N960DH	TBM9
5C7C	N960DL	MD88
5C7D	N960DM	BE35
5C7E	N960DN	MD90
5C7F	N960DP	GLF4
5C83	N960DT	G280
5C86	N960DW	TBM9
5C87	N960DX	TBM9
5C8F	N960EE	TBM9
5C96	N960EM	C421
5CA3	N960F	TBM9
5CA7	N960FD	B752
5CA8	N960FE	C208
5CB1	N960FP	TBM9
5CBC	N960G	P46T
5CBF	N960GC	B407
5CC2	N960GF	TBM9
5CCC	N960GR	CL30
5CCE	N960GT	TBM9
5CD0	N960GV	P06T
5CD6	N960HA	TBM9
5CD9	N960HD	C680
5CDB	N960HF	TBM9
5CE0	N960HL	C208
5CEE	N960J	BE95
5CF0	N960JB	TBM9
5CF1	N960JC	TBM9
5CF5	N960JG	GLEX
5CFC	N960JP	BE20
5CFE	N960JR	TBM9
5CFF	N960JS	GLF4
5D02	N960JV	TBM9
5D07	N960K	TBM9
5D09	N960KB	GLIM
5D13	N960KM	RV8
5D21	N960LA	AS50
5D31	N960LS	GLF4
5D39	N960M	TBM9
5D3C	N960MC	F900
5D3D	N960MD	TBM9
5D47	N960MP	TBM9
5D49	N960MR	TBM9
5D4A	N960MS	C172
5D4E	N960MW	TBM9
5D53	N960NA	T38
5D57	N960NE	TBM9
5D5C	N960NK	A20N
5D5F	N960NN	B738
5D6B	N960P	SR22
5D6E	N960PC	TBM9
5D71	N960PF	TBM9
5D7D	N960PT	C510
5D9D	N960R	HUSK
5DA3	N960RF	EAGL
5DA9	N960RM	BL8
5DAA	N960RN	GA8
5DAD	N960RR	TBM9
5DAE	N960RS	AA5
5DAF	N960RT	E55P
5DB6	N960S	FA50
5DB7	N960SA	TBM9
5DB9	N960SC	LJ60
5DBC	N960SF	F900
5DBE	N960SH	R22
5DC6	N960SR	R44
5DCB	N960SW	CRJ2
5DCF	N960T	TBM9
5DD3	N960TD	TBM9
5DD4	N960TE	AA5
5DD5	N960TF	TBM9
5DDA	N960TL	TBM9
5E0D	N960VM	TBM9
5E12	N960VS	PA18
5E1D	N960WC	P28A
5E27	N960WN	B737
5E2C	N960WT	TBM9
5E6B	N960ZF	TBM9
5E7F	N9600A	C140
5E87	N9600J	HUSK
5E89	N9600L	AA1
5E8A	N9600M	M20P
5E8F	N9600S	CH7B
5E91	N9600U	P28A
5E97	N96000	TAYB
5EA0	N96009	HUSK
5EA5	N9601D	PA22
5EA6	N9601E	BL17
5EAA	N9601J	P28A
5EAB	N9601K	S108
5EB0	N9601Q	C172
5EB1	N9601R	BE95
5EB3	N9601T	FOX
5EB4	N9601U	AA5
5EB5	N9601V	M20P
5EB7	N9601X	C210
5EB8	N9601Y	BE35
5EBC	N96012	TAYB
5EBD	N96013	TAYB
5EBE	N96014	TAYB
5EBF	N96015	TAYB
5EC0	N96016	TAYB
5EC2	N96018	TAYB
5EC3	N96019	C180
5EC5	N9602A	C140
5EC6	N9602B	C72R
5EC9	N9602E	BL17
5ECA	N9602F	C208
5ECC	N9602H	C82R
5ED0	N9602M	M20P
5ED1	N9602N	GLST
5ED5	N9602S	CH7B
5ED8	N9602V	M20P
5EDA	N9602X	C210
5EDB	N9602Y	BE35
5EE1	N96024	C172
5EE3	N96026	TAYB
5EEA	N9603C	PA34
5EED	N9603F	HUSK
5EF6	N9603Q	C172
5EFA	N9603U	AA1
5EFB	N9603V	M20P
5EFC	N9603W	P28A
5EFD	N9603X	C210
5EFE	N9603Y	BE35
5F01	N96031	TAYB
5F03	N96033	HUSK
5F04	N96034	TAYB
5F05	N96035	TAYB
5F07	N96037	TAYB
5F08	N96038	LA60
5F0F	N9604E	AR11
5F11	N9604G	T206
5F14	N9604K	BE35
5F15	N9604L	AA1
5F19	N9604Q	HUSK
5F1A	N9604R	BE18
5F1B	N9604S	CH7B
5F1C	N9604T	C210
5F24	N96041	TAYB
5F25	N96042	HUSK
5F26	N96043	TAYB
5F27	N96044	TAYB
5F28	N96045	TAYB
5F29	N96046	TAYB
5F2A	N96047	C182
5F2E	N9605A	C140
5F30	N9605C	P28A
5F31	N9605D	PA22
5F32	N9605E	BL17
5F35	N9605H	C172
5F36	N9605J	C188
5F38	N9605L	AA1
5F39	N9605M	M20P
5F3C	N9605Q	C172
5F3D	N9605R	HUSK
5F40	N9605U	AA1
5F41	N9605V	HUSK
5F43	N9605X	C210
5F45	N9605Z	HUSK
5F47	N96051	C182
5F48	N96052	HUSK
5F52	N9606B	C180
5F54	N9606D	PA22
5F55	N9606E	BL17
5F57	N9606G	C188
5F5A	N9606K	BE35
5F64	N9606V	M20P
5F65	N9606W	P28A
5F66	N9606X	C210
5F67	N9606Y	BE95
5F69	N96060	HUSK
5F6A	N96061	C172
5F6F	N96066	TAYB
5F74	N9607A	C140
5F76	N9607C	P28A
5F77	N9607D	PA22
5F78	N9607E	BL17
5F7B	N9607H	C172
5F83	N9607R	BE95
5F85	N9607T	HUSK
5F88	N9607W	P28A
5F8A	N9607Y	T210
5F8D	N96071	UH12
5F8E	N96072	TAYB
5F90	N96074	TAYB
5F95	N96079	TAYB
5F9B	N9608E	AR11
5F9C	N9608F	H269
5F9D	N9608G	T206
5F9E	N9608H	C172
5F9F	N9608J	P28A
5FA0	N9608K	P28R
5FA2	N9608M	M20P
5FA5	N9608Q	C172
5FA6	N9608R	BE95
5FA9	N9608U	AA5
5FAB	N9608W	P28A
5FAC	N9608X	C210
5FAD	N9608Y	BE35
5FAF	N96080	TAYB
5FB4	N96085	TAYB
5FB7	N96088	HUSK
5FC1	N9609H	HUSK
5FC2	N9609J	P28A
5FC3	N9609K	S108
5FC7	N9609P	PA25
5FC8	N9609Q	C172
5FCC	N9609U	M20P
5FCD	N9609V	M20P
5FCE	N9609W	P28A
5FD4	N96092	C152
5FD7	N96095	TAYB
5FD8	N96096	C152
5FD9	N96097	TAYB
5FE7	N961AK	B39M
5FE8	N961AL	FOX
5FEA	N961AN	B738
5FEF	N961AT	B712
5FF0	N961AU	C172
5FF1	N961AV	A320
5FF2	N961AW	B738
5FF7	N961BA	T206
5FF9	N961BC	SF34
5FFE	N961BH	B429
6000	N961BK	B429
6010	N961CA	PA31
6013	N961CD	SR22
6014	N961CE	MD82
601A	N961CL	R22
601B	N961CM	SF50
6029	N961DA	P28A
602A	N961DB	M20T
602B	N961DC	PA46
6031	N961DJ	PA24
6033	N961DL	MD88
6034	N961DM	AA5
6039	N961DS	AC11
6051	N961ER	C182
605B	N961FA	TBM9
605E	N961FD	B752
605F	N961FE	C208
6073	N961G	P28A
607A	N961GG	TBM7
6087	N961GV	P06T
608C	N961H	EFOX
6097	N961HL	C208
60A7	N961JB	DA42
60AB	N961JF	GLF5
60AD	N961JH	GLID
60AE	N961JJ	RV6
60AF	N961JK	M20P
60B1	N961JM	GLIM
60B7	N961JT	A321
60BA	N961JW	L5
60BB	N961JX	E145
60BE	N961K	FB1A
60CF	N961KS	AA5
60D8	N961LA	AS50
60DA	N961LC	C172
60E9	N961LT	C172
60EC	N961LW	PA20
60F0	N961M	RV10
60F1	N961MA	PA46
60F3	N961MC	S22T
60F9	N961MJ	RV4
60FC	N961MM	LJ45
610A	N961NA	T38
6113	N961NK	A20N
6116	N961NN	B738
6123	N961PA	PA31
6124	N961PB	RV6
6125	N961PC	LNP4
6129	N961PG	TBM9
613E	N961QC	G164
6157	N961RC	BE36
6165	N961RS	PTS1
6169	N961RW	C82S
616E	N961SA	R44
6170	N961SC	AC50
6171	N961SD	AS50
6173	N961SF	BE35
617B	N961SP	F2TH
617F	N961ST	A119
6182	N961SW	CRJ2
6189	N961TC	CL60
618B	N961TE	AA5
6198	N961TT	COL3
619B	N961TW	MD83
61B4	N961UW	E190
61BA	N961VB	FOX
61D1	N961W	P28A
61D8	N961WG	P28A
61DE	N961WN	B737
61E2	N961WS	C82R
61E6	N961WW	BE33
6237	N9610B	HUSK
6238	N9610C	HUSK
6239	N9610D	PA22
623C	N9610G	T206
6240	N9610L	AA1
6244	N9610Q	C172
6245	N9610R	BE95
6246	N9610S	CH7A
6247	N9610T	C210
6248	N9610U	AA5
624B	N9610X	C210
624E	N96100	C172
6253	N96105	C172
6258	N9611	N3N
625B	N9611C	RV4
6260	N9611H	C82R
6261	N9611J	P28A
6264	N9611M	M20P
626B	N9611U	AA5
626F	N9611Y	BE95
6272	N96111	TAYB
6273	N96112	UH12
627C	N9612A	C140
627D	N9612B	C208
627F	N9612D	PA22
6280	N9612E	BL17
6282	N9612G	C182
6283	N9612H	C172
6284	N9612J	P28A
6285	N9612K	S108
6286	N9612L	AA1
628B	N9612R	T206
628E	N9612U	AA5
628F	N9612V	M20P
6290	N9612W	P28A
6295	N96121	TAYB
62A0	N9613B	C180
62A1	N9613C	P28R
62A3	N9613E	BL17
62A5	N9613G	T206
62A6	N9613H	C172
62A7	N9613J	P28A
62A9	N9613L	AA1
62AA	N9613M	M20P
62AD	N9613Q	HUSK
62B0	N9613T	C210
62B1	N9613U	AA5
62B3	N9613W	P28A
62B6	N9613Z	T206
62B7	N96130	TAYB
62B8	N96131	TAYB
62BA	N96133	B47G
62C0	N96139	TAYB
62C1	N9614	MX2
62C4	N9614C	PA32
62C6	N9614E	HUSK
62C8	N9614G	T206
62C9	N9614H	C172
62CA	N9614J	P28A
62CB	N9614K	C188
62CC	N9614L	HUSK
62CD	N9614M	M20P
62D0	N9614Q	C172
62D2	N9614S	CH7B
62D3	N9614T	C210
62D6	N9614W	P28A
62D7	N9614X	C210
62DD	N96143	T6
62DE	N96144	TAYB
62E2	N96148	TAYB
62E5	N9615A	C140
62E7	N9615C	PA32
62E8	N9615D	PA22
62E9	N9615E	AR11
62EC	N9615H	L5
62EF	N9615L	AA1
62F0	N9615M	M20P
62F4	N9615R	HUSK
62F6	N9615T	PA38
62F7	N9615U	AA5
62F9	N9615W	MD83
62FB	N9615Y	BE35
62FD	N96150	TAYB
6300	N96153	TAYB
6308	N9616A	HUSK
630A	N9616C	HUSK
630C	N9616E	C82R
630E	N9616G	MD83
6310	N9616J	P28A
6312	N9616L	C172
6313	N9616M	M20P
6314	N9616N	PA18
631B	N9616V	M20P
631C	N9616W	P28A
631D	N9616X	C210
631E	N9616Y	BE50
6321	N96161	B47G
6322	N96162	TAYB
6323	N96163	TAYB
6325	N96165	TAYB
632D	N9617C	P32R
632E	N9617D	PA22
6332	N9617H	C172
6333	N9617J	P28A
6334	N9617K	S108
6336	N9617M	M20P
6339	N9617Q	C172
633A	N9617R	MD83
633B	N9617S	CH7A
633F	N9617W	P28A
6342	N9617Z	T206
6348	N96175	TAYB
634C	N96179	TAYB
634E	N9618A	MD83
6351	N9618D	PA22
6353	N9618F	HUSK
6354	N9618G	C182
6355	N9618H	C185
6359	N9618M	M20P
635B	N9618P	HUSK
635E	N9618S	CH7A
6361	N9618V	M20P
6364	N9618Y	BE95
6366	N96180	C172
636C	N96186	HUSK
6371	N9619A	C140
6372	N9619B	C72R
6374	N9619D	PA22
6375	N9619E	C82R
6379	N9619J	P28A
637A	N9619K	S108
637B	N9619L	AA1
6381	N9619S	CH7B
6384	N9619V	MD83
6385	N9619W	P28A
6387	N9619Y	BE35
6389	N96190	TAYB
638B	N96192	C172
638C	N96193	TAYB
638F	N96196	TAYB
6391	N96198	H500
6394	N962A	ASTR
6395	N962AA	FA20
6397	N962AC	BL8
6399	N962AE	JS32
639A	N962AF	C77R
639E	N962AK	B39M
63A0	N962AM	C77R
63A1	N962AN	B738
63A7	N962AU	C172
63A8	N962AV	A20N
63AD	N962B	RV6
63BD	N962BR	FOX
63CB	N962CE	MD83
63D1	N962CL	B773
63D2	N962CM	SBOY
63D4	N962CP	C82T
63D7	N962CS	T206
63DF	N962D	S108
63E1	N962DB	TBM9
63E2	N962DC	RV7
63EA	N962DL	MD88
63EB	N962DM	E55P
63FA	N962EB	GLAS
63FB	N962EC	PA34
6411	N962F	P32R
6415	N962FD	B752
6416	N962FE	C208
642A	N962G	P28A
643E	N962GV	P06T
6446	N962HC	CL35
644E	N962HL	C208
645C	N962J	C550
645E	N962JB	C82T
6463	N962JG	RV7
646E	N962JT	A321
6472	N962JX	E145
6478	N962KC	C560
648A	N962KW	B412
648F	N962LA	AS50
6492	N962LD	TBM9
6495	N962LG	R66
649F	N962LS	FDCT
64A0	N962LT	C172
64A7	N962M	DA62
64A8	N962MA	PA46
64A9	N962MB	SR22
64AA	N962MC	RV9
64AB	N962MD	R66
64B3	N962MM	GLF5
64B8	N962MS	P28R
64CA	N962NK	A20N
64CD	N962NN	B738
64DB	N962PB	C82T
64E5	N962PM	M700
64EE	N962PW	SR22
64F5	N962QC	G164
650C	N962RA	EC30
6512	N962RG	T206
6524	N962S	GLAS
6525	N962SA	DA42
6527	N962SC	BE95
652C	N962SH	C172
652E	N962SK	S92
6530	N962SM	EN28
6534	N962SR	SR22
6536	N962ST	A119
6539	N962SW	CRJ2
6541	N962TD	BEAR
6542	N962TE	AA5
6543	N962TF	RV12
6552	N962TW	MD83
6553	N962TX	C750
656F	N962V	KR2
6588	N962W	BE17
658A	N962WB	CH70
658E	N962WF	PA46
658F	N962WG	P28A
6595	N962WN	B737
659D	N962WW	P28R
65F0	N9620D	MD83
65F1	N9620E	C82R
65F3	N9620G	C188
65F5	N9620J	P28A
65F6	N9620K	S108
65FB	N9620Q	C185
65FF	N9620U	AA5
6600	N9620V	M20P
6603	N9620Y	BE35
6604	N9620Z	HUSK
660B	N96206	HUSK
6611	N9621B	C180
6613	N9621D	PA22
6614	N9621E	AR11
6616	N9621G	AT5T
6618	N9621J	S22T
6619	N9621K	P32R
661A	N9621L	AA1
661B	N9621M	M20P
661F	N9621R	BE18
6623	N9621V	C172
6628	N96210	TAYB
662E	N96216	TAYB
6630	N96218	C172
6633	N9622A	MD83
6634	N9622B	C180
6635	N9622C	P28A
6637	N9622E	BL17
663A	N9622H	C172
663B	N9622J	P28A
663D	N9622L	AA1
663E	N9622M	M20P
6641	N9622Q	C172
6642	N9622R	BE35
6643	N9622S	AR11
6646	N9622V	HUSK
6647	N9622W	P28A
6649	N9622Y	BE35
6651	N96226	TAYB
6652	N96227	C172
6656	N9623A	C140
6657	N9623B	C208
665A	N9623E	BL17
665B	N9623F	H269
665C	N9623G	C188
665E	N9623J	P28A
6661	N9623M	M20P
6665	N9623R	T206
6668	N9623U	AA5
6669	N9623V	C172
666A	N9623W	P28A
666C	N9623Y	HUSK
666D	N9623Z	HUSK
666E	N96230	TAYB
6672	N96234	TAYB
6673	N96235	TAYB
6675	N96237	TAYB
6678	N9624	RLU1
6679	N9624A	C140
667B	N9624C	T28
667D	N9624E	C182
6681	N9624J	P28A
6684	N9624M	M20P
668A	N9624T	MD83
668D	N9624W	P28A
6691	N96240	BE18
6698	N96247	TAYB
669B	N9625	BD4
669F	N9625D	PA22
66A7	N9625M	M20P
66AA	N9625Q	C172
66AC	N9625S	CH7B
66AE	N9625U	AA1
66AF	N9625V	C172
66B0	N9625W	MD83
66B2	N9625Y	BE35
66B8	N96254	TAYB
66B9	N96255	GLID
66BF	N9626A	C140
66C0	N9626B	C72R
66C1	N9626C	P28A
66C4	N9626F	MD83
66C5	N9626G	T206
66C6	N9626H	C172
66C7	N9626J	P28A
66C8	N9626K	P28A
66CD	N9626Q	C172
66D4	N9626X	C210
66D5	N9626Y	BE35
66D9	N96262	TAYB
66E0	N96269	TAYB
66E6	N9627E	AR11
66E9	N9627H	C172
66EA	N9627J	P28A
66EB	N9627K	P28A
66EF	N9627P	PA18
66F3	N9627T	PA38
66F7	N9627X	C210
66FA	N96270	TAYB
66FF	N96275	TAYB
6701	N96277	TAYB
6706	N9628B	C180
670B	N9628G	C182
670C	N9628H	C172
670D	N9628J	P28A
670E	N9628K	P28A
6710	N9628M	M20P
6717	N9628U	AA5
6719	N9628W	MD83
671B	N9628Y	BE35
671E	N96281	TEX2
671F	N96282	TAYB
6722	N96285	TAYB
6728	N9629A	C140
6729	N9629B	C180
672A	N9629C	P28A
672B	N9629D	PA22
672C	N9629E	AR11
672E	N9629G	C188
672F	N9629H	MD83
6730	N9629J	P28A
6731	N9629K	P28A
6732	N9629L	AA1
6737	N9629R	BE95
6739	N9629T	C210
673C	N9629W	P28A
673E	N9629Y	BE35
6740	N96290	TAYB
6741	N96291	TAYB
6742	N96292	TAYB
6749	N96299	C172
674E	N963AC	C172
674F	N963AD	C56X
6755	N963AK	B39M
6758	N963AN	B738
675B	N963AR	S22T
675D	N963AT	B712
675E	N963AU	C172
6760	N963AW	S22T
6762	N963AY	C182
6766	N963BB	S22T
677D	N963C	S108
677E	N963CA	B752
677F	N963CB	PC12
6780	N963CC	R22
6781	N963CD	SR22
6782	N963CE	MD83
6784	N963CG	GLID
6785	N963CH	G150
678B	N963CP	C82T
6797	N963DA	DV20
6798	N963DB	SR22
679A	N963DD	SMAX
679C	N963DF	RV8
679E	N963DH	DHC2
67A1	N963DL	MD88
67A2	N963DM	SR22
67A3	N963DN	MD90
67A4	N963DP	PC12
67A7	169327	P8
67B0	N963EA	M20P
67BF	N963ER	C172
67C0	N963ES	AS50
67CC	N963FD	B752
67CD	N963FE	C208
67CE	N963FF	C510
67E3	N963GB	C25C
67F5	N963GV	P06T
6805	N963HL	C208
6813	N963J	PA24
6814	N963JA	C172
6815	N963JB	H25B
6819	N963JF	FA50
6821	N963JP	GLEX
6824	N963JS	B407
6829	N963JX	E145
682D	N963KA	BE9L
6831	N963SF	SF50
6838	N963KM	C172
683A	N963KP	A119
6845	N963L	LA4
684F	N963LK	PC12
6857	N963LT	C172
685A	N963LW	R44
685E	N963M	E50P
685F	N963MA	PA46
6861	N963MC	RV8
6867	N963MJ	CH60
686E	N963MR	P28B
686F	N963MS	C152
6881	N963NK	A20N
6884	N963NN	B738
688C	N963NW	H60
6890	N963P	RV7
6893	N963PC	HIGH
689C	N963PM	M20P
689E	N963PP	RV6
68A9	N963Q	BE35
68AC	N963QC	G164
68C2	N963R	FA7X
68C4	N963RB	SR22
68D3	N963RS	FA7X
68D4	N963RT	SR22
68D6	N963RV	RV4
68DC	N963SA	AS50
68DD	N963SB	PA46
68DF	N963SD	AS50
68E5	N963SK	PISI
68E7	N963SM	BE35
68E9	N963SP	C172
68ED	N963ST	A119
68F0	N963SW	CRJ2
68F5	N963TA	C172
68F6	N963TB	AC11
6900	N963TM	RV10
6902	N963TP	RV7
6906	N963TT	BL8
6909	N963TW	MD83
690D	N963U	GA5C
6922	N963UW	E190
6926	N963V	BE35
6941	N963WB	COY2
6942	N963WC	P28A
694B	N963WM	C172
694C	N963WN	B737
6954	N963WW	P28R
6966	N963XP	H25B
69A3	N9630	G164
69A4	N9630A	MD83
69B1	N9630P	GALX
69B2	N9630Q	C172
69B5	N9630T	C210
69B6	N9630U	AA5
69B7	N9630V	C172
69B8	N9630W	P28A
69B9	N9630X	C82R
69BA	N9630Y	BE35
69BC	N96300	TAYB
69BD	N96301	TAYB
69C3	N96307	TAYB
69C5	N96309	TAYB
69C7	N9631A	UH12
69C8	N9631B	C72R
69C9	N9631C	P28A
69CF	N9631J	P28A
69D0	N9631K	S108
69D1	N9631L	AA1
69D2	N9631M	M20P
69D4	N9631P	PA25
69D5	N9631Q	C172
69D6	N9631R	BE95
69D7	N9631S	CH7A
69D9	N9631U	AA5
69DA	N9631V	C172
69DD	N9631Y	BE35
69DF	N96310	TAYB
69E5	N96316	TAYB
69E9	N9632	G164
69EA	N9632A	C140
69EB	N9632B	C180
69EE	N9632E	BL17
69F5	N9632M	M20P
69F7	N9632P	RV12
69FC	N9632U	AA1
69FD	N9632V	C172
6A01	N9632Z	T206
6A02	N96320	TAYB
6A05	N96323	TAYB
6A06	N96324	TAYB
6A07	N96325	TAYB
6A0D	N9633A	C140
6A11	N9633E	AR11
6A14	N9633H	C172
6A17	N9633L	AA1
6A18	N9633M	M20P
6A1F	N9633U	AA1
6A21	N9633W	P28A
6A22	N9633X	C82R
6A23	N9633Y	BE35
6A25	N96330	TAYB
6A29	N96334	L18
6A2A	N96335	BT36
6A2C	N96337	TAYB
6A2D	N96338	TAYB
6A31	N9634B	C208
6A39	N9634K	P28R
6A3A	N9634L	AA1
6A3E	N9634Q	C172
6A40	N9634S	CB1
6A44	N9634W	P28A
6A45	N9634X	C210
6A46	N9634Y	BE95
6A4A	N96342	PA31
6A54	N9635B	C72R
6A55	N9635C	C303
6A5A	N9635H	C172
6A5C	N9635K	P28B
6A5D	N9635L	C172
6A5E	N9635M	M20P
6A61	N9635Q	C172
6A63	N9635S	CH7A
6A65	N9635U	AA5
6A66	N9635V	C172
6A67	N9635W	P28A
6A6C	N96351	TAYB
6A6D	N96352	TAYB
6A70	N96355	TAYB
6A73	N96358	DC4
6A7A	N9636E	AR11
6A7D	N9636H	C172
6A7F	N9636K	P32R
6A80	N9636L	AA5
6A81	N9636M	M20P
6A85	N9636R	BE95
6A88	N9636U	AA5
6A89	N9636V	C172
6A8C	N9636Y	T210
6A99	N9637A	C140
6A9C	N9637D	PA22
6AA2	N9637K	P32R
6AA7	N9637Q	C172
6AAC	N9637V	C172
6AAE	N9637X	C210
6AB2	N96371	TAYB
6ABE	N9638C	P28A
6AC3	N9638H	C172
6AC4	N9638J	P28A
6AC7	N9638M	M20P
6ACA	N9638Q	C172
6ACB	N9638R	BE95
6ACF	N9638V	C172
6AD1	N9638X	C82R
6AD2	N9638Y	BE35
6AD6	N96382	TAYB
6AD7	N96383	TAYB
6AD9	N96385	TAYB
6ADA	N96386	TAYB
6ADB	N96387	TAYB
6ADC	N96388	TAYB
6ADF	N9639A	C140
6AE1	N9639C	P28A
6AE2	N9639D	PA22
6AE4	N9639F	C208
6AE6	N9639H	FDCT
6AED	N9639Q	C172
6AF0	N9639T	PA38
6AF1	N9639U	AA5
6AF3	N9639W	P28A
6AF4	N9639X	C210
6AFA	N96393	C182
6B00	N96399	TAYB
6B03	N964AA	C172
6B04	N964AB	PTS1
6B05	N964AC	C206
6B08	N964AF	C182
6B0C	N964AK	B39M
6B0D	N964AL	COZY
6B0E	N964AM	B788
6B0F	N964AN	B738
6B14	N964AT	B712
6B15	N964AU	C172
6B16	N964AV	A20N
6B26	N964BL	TBM9
6B34	N964C	SBR1
6B37	N964CC	R44
6B38	N964CD	SR22
6B39	N964CE	MD83
6B40	N964CM	TBM7
6B42	N964CP	C82T
6B45	N964CS	GLID
6B4E	N964DA	T206
6B51	N964DD	R44
6B55	N964DH	TBM9
6B56	N964DJ	R44
6B58	N964DL	MD88
6B76	N964ER	C172
6B83	N964FD	B752
6B84	N964FE	C208
6B98	N964G	CH70
6B9A	N964GB	BE9L
6BAC	N964GV	P06T
6BB3	N964HB	BE35
6BC1	N964HR	SR22
6BCC	N964JB	RV7
6BCD	N964JC	M20P
6BD4	N964JK	TBM9
6BD5	N964JL	RV14
6BDA	N964JR	T206
6BDC	N964JT	A321
6BE7	N964KD	PA18
6BF1	N964KP	A119
6BFD	N964LA	LA4
6BFE	N964LB	B350
6C05	N964LJ	P32R
6C0E	N964LT	C172
6C15	N964M	E50P
6C16	N964MA	BT36
6C21	N964MM	PA23
6C26	N964MS	C150
6C38	N964NK	A20N
6C3B	N964NN	B738
6C43	N964NW	T206
6C52	N964PL	RV8
6C60	N964Q	BE35
6C71	N964QS	C68A
6C80	N964RG	RV8
6C86	N964RN	T18
6C8A	N964RS	BPAT
6C8D	N964RV	RV7
6C8E	N964RW	EXEC
6C92	N964S	BE35
6C93	N964SA	AS50
6C94	N964SB	H60
6C95	N964SC	CRUZ
6C97	N964SE	BL8
6C99	N964SG	COL4
6CA0	N964SP	C172
6CA4	N964ST	A119
6CA7	N964SW	CRJ2
6CAB	N964T	BE35
6CAC	N964TA	SCAM
6CB0	N964TE	AA5
6CB7	N964TM	C182
6CBC	N964TS	PRM1
6CC0	N964TW	MD83
6CD6	N964UT	SVNH
6CED	N964VR	C750
6CF9	N964WC	P28A
6CFC	N964WF	C82T
6D03	N964WN	B737
6D5A	N9640	G164
6D5C	N9640B	C180
6D62	N9640H	C172
6D65	N9640L	AA1
6D66	N9640M	M20P
6D69	N9640Q	C182
6D6B	N9640S	CH7B
6D6C	N9640T	C210
6D6D	N9640U	AA5
6D6E	N9640V	C172
6D71	N9640Y	BE35
6D76	N96403	C182
6D77	N96404	TAYB
6D79	N96406	TAYB
6D7B	N96408	TAYB
6D7E	N9641A	C140
6D7F	N9641B	C180
6D82	N9641E	AR11
6D83	N9641F	C208
6D85	N9641H	C172
6D86	N9641J	P28A
6D87	N9641K	P28A
6D89	N9641M	C207
6D8C	N9641Q	C172
6D90	N9641U	AA5
6D91	N9641V	C172
6D92	N9641W	P28A
6D95	N9641Z	T206
6D96	N96410	C182
6D97	N96411	C182
6D9C	N96416	C182
6D9D	N96417	TAYB
6D9E	N96418	C182
6D9F	N96419	C182
6DA3	N9642C	P28A
6DA4	N9642D	PA22
6DA6	N9642F	C208
6DA9	N9642J	P28A
6DAC	N9642M	M20P
6DAE	N9642P	PA25
6DB0	N9642R	BE95
6DB1	N9642S	CH7B
6DB2	N9642T	C210
6DB5	N9642W	P28A
6DB6	N9642X	DA42
6DB7	N9642Y	BE35
6DBA	N96421	TAYB
6DBB	N96422	C182
6DC4	N9643A	C140
6DC6	N9643C	B25
6DC7	N9643D	PA22
6DC8	N9643E	BL17
6DCB	N9643H	C172
6DCC	N9643J	P28A
6DCE	N9643L	AA1
6DCF	N9643M	M20P
6DD2	N9643Q	C172
6DD4	N9643S	CH7B
6DD5	N9643T	C210
6DD6	N9643U	AA1
6DD7	N9643V	C172
6DD8	N9643W	P28A
6DDA	N9643Y	BE35
6DDB	N9643Z	T206
6DDC	N96430	TAYB
6DE2	N96436	TAYB
6DE4	N96438	TAYB
6DE5	N96439	TAYB
6DE7	N9644A	C140
6DE9	N9644C	VO10
6DED	N9644G	T206
6DEF	N9644J	P28A
6DF0	N9644K	P28R
6DF1	N9644L	AA1
6DF2	N9644M	M20P
6DF5	N9644Q	C172
6DF7	N9644S	CH7A
6DF8	N9644T	C210
6DF9	N9644U	AA1
6DFF	N96440	TAYB
6E09	N9645	TRIM
6E0D	N9645D	PA22
6E0E	N9645E	AR11
6E10	N9645G	C182
6E11	N9645H	C172
6E12	N9645J	P28A
6E1C	N9645U	AA1
6E1D	N9645V	C172
6E1F	N9645X	C210
6E20	N9645Y	BE35
6E24	N96452	TAYB
6E25	N96453	TAYB
6E27	N96455	C182
6E2B	N96459	TAYB
6E2D	N9646A	SS2P
6E2E	N9646B	C72R
6E2F	N9646C	NAVI
6E30	N9646D	PA22
6E31	N9646E	AR11
6E36	N9646K	P32R
6E41	N9646W	P28A
6E42	N9646X	C210
6E47	N96462	C182
6E48	N96463	TAYB
6E4B	N96466	TAYB
6E4E	N96469	TAYB
6E50	N9647A	C140
6E51	N9647B	C72R
6E53	N9647D	PA22
6E54	N9647E	AR11
6E58	N9647J	P28A
6E59	N9647K	S108
6E5B	N9647M	M20P
6E5E	N9647Q	C172
6E60	N9647S	CH7A
6E62	N9647U	AA5
6E64	N9647W	P28A
6E66	N9647Y	BE35
6E68	N96470	TAYB
6E6B	N96473	TAYB
6E6C	N96474	C182
6E6D	N96475	C182
6E6E	N96476	C182
6E71	N96479	TAYB
6E7A	N9648H	C172
6E7B	N9648J	P28A
6E7E	N9648M	M20P
6E81	N9648Q	C172
6E85	N9648U	AA1
6E86	N9648V	C172
6E87	N9648W	P28A
6E88	N9648X	C210
6E8B	N96480	C182
6E8F	N96484	TAYB
6E96	N9649A	C140
6E97	N9649B	C72R
6E98	N9649C	T6
6E99	N9649D	PA22
6E9A	N9649E	BL17
6E9C	N9649G	T206
6E9D	N9649H	J3
6E9E	N9649J	P28A
6EA0	N9649L	AA1
6EA3	N9649P	PA25
6EA6	N9649S	CH7A
6EA9	N9649V	C172
6EAA	N9649W	P28A
6EAB	N9649X	C82R
6EAE	N96490	C182
6EAF	N96491	C182
6EB1	N96493	C172
6EB2	N96494	TAYB
6EB5	N96497	TAYB
6EB6	N96498	TAYB
6EB7	N96499	TAYB
6EBA	N965AA	C152
6EBC	N965AC	P28A
6EBD	N965AD	A4
6EC3	N965AK	PA18
6EC5	N965AM	B788
6EC6	N965AN	B738
6EC9	N965AR	AC80
6ECB	N965AT	B712
6ECC	N965AU	C172
6ECD	N965AV	A20N
6ED4	N965BB	C172
6ED5	N965BC	AC95
6EDB	N965BJ	P32R
6EE3	N965BS	C560
6EE7	N965BW	BE95
6EEC	N965CA	P212
6EF0	N965CE	MD83
6EF5	N965CK	C25A
6EF9	N965CP	C82T
6EFD	N965CT	DV20
6EFF	N965CV	CORS
6F00	N965CW	C82S
6F03	N965CZ	GLST
6F05	N965DA	DV20
6F07	N965DC	J3
6F0F	N965DL	MD88
6F10	N965DM	TBM7
6F14	N965DR	RV9
6F15	N965DS	DA40
6F16	N965DT	PISI
6F2D	N965ER	C172
6F3A	N965FD	B752
6F3B	N965FE	C208
6F50	N965GA	GA6C
6F52	N965GC	RV12
6F56	N965GG	TBM9
6F57	N965GH	SR22
6F63	N965GV	P06T
6F69	N965HA	DH8B
6F6E	N965HF	RV7
6F70	N965HH	BE30
6F73	N965HL	C208
6F83	N965JB	P32R
6F93	N965JT	A321
6FA8	N965KP	A119
6FAC	N965KT	B429
6FB5	N965LB	SLG4
6FBA	N965LG	BE9L
6FC5	N965LT	C172
6FCD	N965MA	BL8
6FD2	N965MF	UH1
6FD6	N965MK	E300
6FD8	N965MM	C150
6FDD	N965MS	C172
6FEF	N965NK	A20N
6FF2	N965NN	B738
7013	N965PW	SR22
7016	N965PZ	S22T
7017	N965Q	BE35
7039	N965RJ	HIGH
7042	N965RT	AVID
7049	N965S	C182
704B	N965SB	P46T
7059	N965SR	SREY
705E	N965SW	CRJ2
7062	N965T	BE35
7064	N965TB	TB20
7074	N965TT	PA46
7077	N965TW	MD83
7078	N965TX	C750
7090	N965UW	E190
709F	N965VL	RV7
70BA	N965WN	B737
70D2	N965XM	SR22
7111	N9650	G164
7112	N9650A	C140
7115	N9650D	PA22
7116	N9650E	AR11
7117	N9650F	H269
711A	N9650J	P28A
711C	N9650L	AA1
7120	N9650Q	C172
7124	N9650U	AA1
7125	N9650V	C172
7127	N9650X	C210
7128	N9650Y	BE35
712A	N96500	C182
712B	N96501	TAYB
712C	N96502	TAYB
712D	N96503	C172
7131	N96507	C172
7133	N96509	C182
7138	N9651D	PA22
713C	N9651H	CH7A
713F	N9651L	AA1
7140	N9651M	C207
7142	N9651P	PA18
7144	N9651R	BE95
7146	N9651T	PA38
7148	N9651V	C172
714B	N9651Y	BE35
714D	N96510	C182
714F	N96512	TAYB
7152	N96515	C182
7153	N96516	C182
7154	N96517	TAYB
7156	N96519	TAYB
715B	N9652D	PA22
715C	N9652E	BL17
715D	N9652F	C208
7161	N9652K	P32R
7162	N9652L	AA1
7163	N9652M	M20P
716A	N9652U	AA5
716B	N9652V	C172
716E	N9652Y	BE35
7174	N96524	C182
7179	N96529	TAYB
717C	N9653B	C72R
717E	N9653D	PA22
7183	N9653J	P28A
7185	N9653L	AA1
7186	N9653M	M20P
7188	N9653P	PA18
7189	N9653Q	C172
718A	N9653R	BE95
718B	N9653S	CH7A
718D	N9653U	AA5
718F	N9653W	P28A
7190	N9653X	C210
7191	N9653Y	BE35
7193	N96530	TAYB
7194	N96531	C182
7195	N96532	TAYB
7198	N96535	TAYB
7199	N96536	TAYB
719B	N96538	TAYB
719C	N96539	TAYB
719E	N9654A	C140
719F	N9654B	C72R
71A2	N9654E	AR11
71A6	N9654J	P28A
71A8	N9654L	AA1
71AC	N9654Q	C172
71B0	N9654U	AA5
71B1	N9654V	C172
71B3	N9654X	C210
71B4	N9654Y	BE35
71B6	N96540	TAYB
71BE	N96548	TAYB
71C0	N9655	SVNH
71C2	N9655B	C208
71C6	N9655F	H269
71C7	N9655G	T206
71C8	N9655H	CH7A
71C9	N9655J	P28A
71CB	N9655L	AA1
71CC	N9655M	M20P
71CE	N9655P	PA18
71D7	N9655Y	BE35
71DA	N96551	C182
71DB	N96552	TAYB
71DC	N96553	TAYB
71DD	N96554	TAYB
71DF	N96556	TAYB
71E0	N96557	C172
71E1	N96558	SA30
71E4	N9656A	C140
71E7	N9656D	PA22
71EA	N9656G	M20P
71EC	N9656J	P28A
71EE	N9656L	AA1
71EF	N9656M	M20P
71F1	N9656P	PA18
71F2	N9656Q	C172
71F3	N9656R	BE95
71F6	N9656U	AA5
71F9	N9656X	C82R
71FF	N96563	TAYB
7202	N96566	TAYB
7203	N96567	C172
7204	N96568	C182
7209	N9657C	PA32
720D	N9657G	C182
7211	N9657L	AA1
7214	N9657P	PA18
7217	N9657S	CH7B
7219	N9657U	AA5
721A	N9657V	C172
721B	N9657W	P28A
721D	N9657Y	BE35
7222	N96573	C172
7223	N96574	SA10
7224	N96575	C172
7225	N96576	SA30
7228	N96579	C172
722A	N9658A	C140
722B	N9658B	C72R
722D	N9658D	PA22
722E	N9658E	AR11
722F	N9658F	H269
7233	N9658K	P28A
7235	N9658M	M20P
723C	N9658U	AA5
723E	N9658W	P28A
723F	N9658X	C82R
7240	N9658Y	BE35
7243	N96581	TAYB
7244	N96582	TAYB
7245	N96583	C182
7249	N96587	TAYB
724D	N9659A	DUCE
7254	N9659H	C172
7256	N9659K	P28R
7257	N9659L	AA5
7258	N9659M	M20P
725B	N9659Q	C172
725D	N9659S	CH7B
7260	N9659V	C172
7261	N9659W	P28A
7263	N9659Y	BE35
7265	N96590	C182
7267	N96592	TAYB
7269	N96594	C182
726D	N96598	C182
726F	N966	FB1A
7270	N966A	PA22
7271	N966AA	PA44
7273	N966AC	C172
7274	N966AD	A321
7279	N966AJ	R66
727A	N966AK	B39M
727C	N966AM	B788
727D	N966AN	B738
7282	N966AT	B712
7283	N966AU	C172
7284	N966V	A20N
728B	N966BB	C525
728C	N966BC	BL8
7290	N966BG	FDCT
729D	N966BV	RV6
72A6	N966CD	ST75
72B0	N966CP	C82T
72B3	N966CS	T206
72B4	N966CT	DV20
72BC	N966DA	P28A
72BD	N966DB	RV6
72C0	N966DE	BE36
72C6	N966DL	MD88
72CC	N966DS	DA40
72D0	N966DW	WAIX
72E5	N966ES	PTS1
72EC	N966EZ	LGEZ
72ED	N966F	FOX
72F1	N966FD	B752
72F2	N966FE	C208
72FE	N966FS	AS50
7307	N966GA	R66
731A	N966GV	P06T
732A	N966HL	C208
7330	N966HS	RV9
733A	N966JB	AT5T
7344	N966JM	C680
7348	N966JR	M20P
734A	N966JT	A321
7351	N966K	T6
735D	N966KM	COY2
735F	N966KP	A119
737C	N966LT	C172
7386	N966MC	R66
738A	N966MG	SR22
7391	N966MP	VELO
739D	N966NA	T38
73A6	N966NK	A20N
73A9	N966NN	B738
73E7	N966R	P32R
73E8	N966RA	SVNH
73F1	N966RK	SR20
73F5	N966RP	T18
73F8	N966RS	HROC
73FB	N966RV	RV6
73FC	N966RW	GA6C
7402	N966SB	BE36
7404	N966SD	AS50
740A	N966SK	BE36
7410	N966SR	AT5T
7412	N966ST	C182
741E	N966TE	AA5
741F	N966TF	HUSK
7425	N966TM	RV6
742A	N966TS	GLIM
742B	N966TT	SR22
742E	N966TW	MD83
7432	N966U	R22
7433	N966UA	B735
7464	N966W	AVTR
7465	N966WA	PC12
7471	N966WN	B737
7479	N966WW	DA42
74C9	N9660A	C140
74CA	N9660B	C72R
74CD	N9660E	AR11
74D0	N9660H	C172
74D1	N9660J	P28A
74D4	N9660M	M20P
74D6	N9660P	PA18
74D9	N9660S	CH7A
74DD	N9660W	P28A
74DE	N9660X	C82R
74DF	N9660Y	BE35
74E3	N96602	C182
74E8	N96607	C182
74E9	N96608	TAYB
74EC	N9661A	C140
74ED	N9661B	C180
74F0	N9661E	AR11
74F2	N9661G	C182
74F4	N9661J	P28A
74FD	N9661T	C210
7501	N9661X	C210
7505	N96611	TAYB
7513	N9662E	AR11
751D	N9662Q	C172
7521	N9662U	AA5
7522	N9662V	C172
7525	N9662Y	BE35
7528	N96621	C172
7529	N96622	TAYB
752D	N96626	C172
752E	N96627	TAYB
7531	N9663	BE36
7535	N9663D	PA22
753A	N9663J	P28A
753C	N9663L	AA1
753F	N9663P	PA18
7541	N9663R	BE50
7546	N9663W	P28A
7547	N9663X	C210
754B	N96631	TAYB
754C	N96632	TAYB
754E	N96634	C182
7550	N96636	TAYB
7552	N96638	TAYB
7553	N96639	C182
755E	N9664K	C188
7562	N9664P	PA18
7564	N9664R	BE50
7566	N9664T	C210
7567	N9664U	AA5
756C	N9664Z	VEZE
756F	N96642	C182
7572	N96645	TAYB
7576	N96649	TAYB
7579	N9665B	C180
757C	N9665E	AR11
757D	N9665F	H269
757F	N9665H	C172
7580	N9665J	P28A
7581	N9665K	S108
7583	N9665M	M20P
7586	N9665Q	C172
7588	N9665S	CH7A
7589	N9665T	C210
758A	N9665U	AA5
758B	N9665V	C172
758C	N9665W	P28A
758D	N9665X	C210
7593	N96653	TAYB
7594	N96654	C182
7596	N96656	TAYB
759E	N9666D	PA18
75A1	N9666G	C182
75A2	N9666H	C172
75A3	N9666J	P28A
75A4	N9666K	S108
75A8	N9666P	PA18
75AC	N9666T	FOX
75AD	N9666U	AA1
75AE	N9666V	C172
75B1	N9666Y	BE50
75B3	N96660	TAYB
75B5	N96662	TAYB
75B8	N96665	C182
75BA	N96667	TAYB
75BB	N96668	C182
75BE	N9667A	C140
75C1	N9667D	PA22
75C6	N9667J	P28A
75C8	N9667L	AA1
75CB	N9667P	PA18
75CE	N9667S	CH7B
75D0	N9667U	AA1
75D1	N9667V	C172
75D3	N9667X	C210
75D5	N9667Z	CH75
75D7	N96671	B47G
75D8	N96672	TAYB
75D9	N96673	C182
75DA	N96674	TAYB
75DF	N96679	C182
75E3	N9668C	P28A
75E9	N9668J	P28A
75EC	N9668M	M20P
75F1	N9668S	CH7B
75F2	N9668T	C210
75F3	N9668U	AA5
75F4	N9668V	C172
75FA	N96681	TAYB
75FC	N96683	C182
7601	N96688	TAYB
7604	N9669A	C140
7606	N9669C	P28A
7607	N9669D	RV8
760A	N9669G	PA18
760D	N9669K	P32R
7610	N9669N	BE18
7612	N9669Q	C172
7613	N9669R	BE18
7615	N9669T	C210
7619	N9669X	C82R
761A	N9669Y	BE95
761D	N96691	TAYB
7621	N96695	TAYB
7623	N96697	TAYB
7628	N967AA	C172
762C	N967AE	C210
7631	N967AK	B39M
7633	N967AM	B788
7634	N967AN	B738
7638	N967AS	BE58
7639	N967AT	B712
763B	N976AV	A20N
763F	N967AZ	AT75
7640	N967B	C501
7647	N967BG	CL60
764A	N967BK	B429
7652	N967BT	RV7
7657	N967BY	E55P
7659	N967C	SR22
765C	N967CC	GLIM
765E	N967CE	MD83
7665	N967CM	CH7A
7667	N967CP	C82T
766B	N967CT	DV20
7672	N967D	S108
7673	N967DA	DV20
7679	N967DG	C182
767D	N967DL	MD88
7680	N967DP	SR20
7683	N967DS	DA40
7684	N967DT	CC11
768C	N967EA	BE36
7697	N967EM	RV7
76A2	N967EY	PA30
76A8	N967FD	B752
76A9	N967FE	C208
76BD	N967G	P28A
76BE	N967GA	GLF5
76D1	N967GV	P06T
76F3	N967JD	J3
76FF	N967JR	C172
7701	N967JT	A321
7733	N967LT	C172
7735	N967LV	P32T
773B	N967MA	CH70
774C	N967MT	FOX
7753	N967N	MT
7754	N967NA	T38
775D	N967NK	A20N
7760	N967NN	B738
776C	N967P	RV12
779E	N967R	PA23
77A1	N967RC	FOX
77A6	N967RH	CH70
77AF	N967RS	RV8
77B8	N967SA	C172
77BF	N967SH	R22
77C9	N967ST	A119
77CC	N967SW	CRJ2
77D0	N967T	BE35
77D2	N967TB	DHC2
77D3	N967TC	E545
77D7	N967TG	C25A
77DC	N967TM	SA50
77DF	N967TQ	FA7X
77E5	N967TW	MD83
77FE	N967UW	E190
7802	N967V	BE58
7827	N967WM	TB21
7828	N967WN	B737
7882	N9670C	T6
7886	N9670G	M20P
7887	N9670H	C172
7889	N9670K	PA34
788A	N9670L	AA1
788B	N9670M	M20P
788D	N9670P	PA18
788E	N9670Q	C172
7890	N9670S	CH7A
7892	N9670U	AA5
7893	N9670V	C172
7894	N9670W	P28A
789C	N96704	C182
789D	N96705	C172
789E	N96706	SR20
78A0	N96708	TAYB
78A1	N96709	TAYB
78A4	N9671B	C72R
78A8	N9671F	H269
78AB	N9671J	P28A
78AC	N9671K	P28A
78AD	N9671L	AA1
78AE	N9671M	M20P
78AF	N9671N	T28
78B0	N9671P	PA18
78B5	N9671U	AA5
78B6	N9671V	C172
78BB	N96710	TAYB
78BD	N96712	TAYB
78BE	N96713	C182
78C0	N96715	C182
78C3	N96718	TAYB
78C6	N9672A	C140
78CE	N9672J	P28A
78CF	N9672K	P28A
78D8	N9672U	AA5
78D9	N9672V	C172
78DB	N9672X	C210
78DE	N96720	C182
78DF	N96721	TAYB
78E3	N96725	C182
78E4	N96726	TAYB
78E5	N96727	TAYB
78E9	N9673A	C140
78ED	N9673E	BL17
78F1	N9673J	P28A
78FB	N9673U	AA1
78FC	N9673V	C172
78FF	N9673Y	BE35
7902	N96731	TAYB
7904	N96733	C182
7905	N96734	T210
7908	N96737	C182
790A	N96739	C182
790C	N9674A	C140
790F	N9674D	P28A
7912	N9674G	T206
7915	N9674K	P28A
7919	N9674P	PA18
791D	N9674T	PA38
7926	N96742	C182
7927	N96743	R44
7928	N96744	TAYB
792D	N96749	C182
7930	N9675B	C180
7931	N9675C	PA32
7933	N9675E	AR11
7939	N9675L	AA1
793A	N9675M	M20P
793C	N9675P	PA18
793E	N9675R	BE36
793F	N9675S	CH7A
7944	N9675X	C210
7945	N9675Y	BE35
7948	N96751	C172
7949	N96752	TAYB
794C	N96755	TAYB
7950	N96759	TAYB
7953	N9676B	C180
7954	N9676C	P32R
7959	N9676H	C185
795A	N9676J	P28A
795B	N9676K	P28A
795C	N9676L	AA1
795D	N9676M	M20P
7961	N9676R	BE50
7963	N9676T	P28R
7964	N9676U	AA5
7965	N9676V	C172
7967	N9676X	C210
796A	N96760	TAYB
796D	N96763	TAYB
7971	N96767	TAYB
7974	N9677	G164
7975	N9677A	C172
7979	N9677E	AR11
7981	N9677N	H500
7983	N9677Q	C172
7987	N9677U	AA5
7989	N9677W	MD83
798D	N96770	TAYB
798E	N96771	TAYB
7991	N96774	TAYB
7992	N96775	C172
7998	N9678A	C172
799A	N9678C	PA34
799C	N9678E	BL17
799F	N9678H	C172
79A0	N9678J	P28A
79A3	N9678M	M20P
79A6	N9678Q	C172
79AC	N9678W	P28A
79B1	N96781	TAYB
79B3	N96783	C182
79B4	N96784	C182
79B5	N96785	B47G
79B6	N96786	TAYB
79B8	N96788	C172
79BB	N9679A	C172
79BC	N9679B	C180
79C4	N9679K	S108
79C5	N9679L	AA1
79C6	N9679M	M20P
79C8	N9679P	PA18
79C9	N9679Q	C172
79CB	N9679S	CH7A
79CD	N9679U	AA5
79CE	N9679V	C172
79D0	N9679X	C210
79D5	N96792	C172
79D6	N96793	TAYB
79D7	N96794	TAYB
79DB	N96798	C182
79DD	N968	MG17
79DE	N968A	PA22
79DF	N968AA	C172
79E0	N968AB	H25B
79E1	N968AC	SONX
79E4	N968AF	SF34
79E8	N968AK	B39M
79EB	N968AN	B738
79F0	N968AT	B712
79F2	N968AV	A332
79FE	N968BG	SR22
7A08	N968BS	C56X
7A0D	N968BX	GLEX
7A10	N968C	PA34
7A11	N968CA	P28A
7A12	N968CB	RV7
7A14	N968CD	SR22
7A1B	N968CL	S61
7A1E	N968CP	C82T
7A21	N968CS	RV8
7A22	N968CT	DV20
7A2A	N968DA	DV20
7A2B	N968DB	BE9L
7A33	N968DK	RV7
7A34	N968DL	MD88
7A4E	N968EM	R22
7A5C	N968FA	GLF6
7A5F	N968FD	B752
7A60	N968FE	C208
7A75	N968GA	GA6C
7A88	N968GV	P06T
7A89	N968GW	B407
7A90	N968HC	C172
7A98	N968HL	P46T
7AA7	N968JA	S22T
7AB7	N968JS	RV6
7AB8	N968JT	A321
7ABF	N968K	C180
7AC1	N968KB	SRAI
7ACB	N968KM	SR22
7ACD	N968KP	RV8
7AD8	N968L	C172
7AEA	N968LT	C172
7AF2	N968MA	RV4
7B02	N968MS	C152
7B14	N968NK	A20N
7B17	N968NN	B738
7B23	N968P	BE36
7B2B	N968PH	SR22
7B38	N968PW	TBM8
7B55	N968R	S22T
7B56	N968RA	SR20
7B58	N968RC	C172
7B69	N968RV	RV9
7B6E	N968S	ACAM
7B6F	N968SA	P32R
7B7C	N968SP	C172
7B7E	N968SR	C560
7B80	N968ST	A119
7B83	N968SW	PA18
7B87	N968T	BE20
7B8A	N968TC	C208
7B93	N968TM	ACAM
7B9C	N968TW	MD83
7B9D	N968TX	C208
7BA1	N968UA	B735
7BB9	N968V	BE36
7BD5	N968WC	P28A
7BDF	N968WN	B737
7C38	N9680B	C208
7C39	N9680C	P28A
7C3A	N9680D	PA22
7C3D	N9680G	M20P
7C3F	N9680J	P28A
7C44	N9680P	PA18
7C45	N9680Q	C172
7C48	N9680T	PA31
7C4B	N9680W	P28A
7C4D	N9680Y	BE35
7C52	N96803	TAYB
7C53	N96804	C182
7C54	N96805	TAYB
7C55	N96806	TAYB
7C57	N96808	C172
7C58	N96809	C172
7C59	N9681	C82S
7C5A	N9681A	C140
7C5B	N9681B	MD83
7C5D	N9681D	PA22
7C5E	N9681E	AR11
7C5F	N9681F	C82S
7C61	N9681H	C172
7C66	N9681N	ST75
7C67	N9681P	PA18
7C6C	N9681U	AA1
7C6D	N9681V	C172
7C6F	N9681X	C210
7C70	N9681Y	BE35
7C72	N96810	C182
7C74	N96812	TAYB
7C76	N96814	C182
7C7A	N96818	TAYB
7C7D	N9682A	C140
7C7F	N9682C	B26
7C84	N9682H	C172
7C85	N9682J	P28A
7C88	N9682M	M20P
7C89	N9682N	AC11
7C8A	N9682P	PA18
7C8D	N9682S	CH7A
7C90	N9682V	C172
7C91	N9682W	P28A
7C94	N9682Z	TAIL
7C95	N96820	TAYB
7C96	N96821	C182
7C98	N96823	TAYB
7C9C	N96827	M20P
7CA0	N9683A	C140
7CA1	N9683B	C72R
7CA3	N9683D	PA22
7CA7	N9683H	C172
7CA8	N9683J	P28A
7CAA	N9683L	BE95
7CAB	N9683M	M20P
7CAD	N9683P	PA18
7CAE	N9683Q	C172
7CB1	N9683T	C210
7CB2	N9683U	AA5
7CB4	N9683W	P28A
7CB5	N9683X	C210
7CB6	N9683Y	BE55
7CBC	N96834	TAYB
7CBE	N96836	C172
7CC1	N96839	C172
7CC7	N9684E	AR11
7CCB	N9684J	P28A
7CCE	N9684M	M20P
7CD0	N9684P	PA18
7CD1	N9684Q	C172
7CD3	N9684S	CH7B
7CD4	N9684T	C210
7CD7	N9684W	P28A
7CDB	N96840	C182
7CDC	N96841	TAYB
7CDD	N96842	TAYB
7CDE	N96843	C182
7CDF	N96844	C182
7CE3	N96848	TAYB
7CE7	N9685B	C180
7CE8	N9685C	P28A
7CE9	N9685D	PA22
7CEC	N9685G	C172
7CED	N9685H	C172
7CEE	N9685J	P28A
7CF0	N9685L	AA1
7CF3	N9685P	PA18
7CF6	N9685S	CH7A
7CF7	N9685T	C210
7CF8	N9685U	AA5
7CF9	N9685V	C172
7CFC	N9685Y	BE35
7CFE	N96850	TAYB
7D00	N96852	C182
7D03	N96855	TAYB
7D0E	N9686F	ST75
7D10	N9686H	C172
7D11	N9686J	P28A
7D12	N9686K	P28R
7D14	N9686M	M20P
7D16	N9686P	PA18
7D17	N9686Q	C172
7D19	N9686S	CH7B
7D1D	N9686W	P28A
7D1E	N9686X	C210
7D22	N96861	TAYB
7D25	N96864	TAYB
7D28	N96867	C172
7D2C	N9687A	C140
7D30	N9687E	C82R
7D33	N9687H	C185
7D35	N9687K	P32R
7D37	N9687M	M20P
7D39	N9687P	PA18
7D3A	N9687Q	C172
7D3C	N9687S	CH7B
7D3D	N9687T	C210
7D3E	N9687U	AA5
7D3F	N9687V	C172
7D44	N96870	TAYB
7D46	N96872	TAYB
7D49	N96875	TAYB
7D4D	N96879	C172
7D4E	N9688	G164
7D4F	N9688A	C140
7D50	N9688B	C72R
7D53	N9688E	BL17
7D57	N9688J	P28A
7D5A	N9688M	M20P
7D5C	N9688P	PA18
7D5D	N9688Q	C172
7D5F	N9688S	CH7B
7D64	N9688X	C210
7D65	N9688Y	BE35
7D67	N96880	TAYB
7D6A	N96883	C182
7D6B	N96884	TAYB
7D6C	N96885	C182
7D73	N9689B	C180
7D75	N9689D	PA22
7D7B	N9689K	S108
7D7C	N9689L	AA1
7D7D	N9689M	M20P
7D7F	N9689P	PA18
7D80	N9689Q	C172
7D84	N9689U	AA5
7D86	N9689W	P28A
7D8A	N96890	C172
7D8D	N96893	C182
7D90	N96896	TAYB
7D93	N96899	TAYB
7D96	N969AA	BL8
7D97	N969AB	COL4
7D98	N969AC	DHC6
7D9B	N969AF	CL30
7D9F	N969AK	B39M
7DA1	N969AM	EAGL
7DA2	N969AN	B738
7DA7	N969AT	B712
7DAA	N969AW	M7
7DAF	N969BA	B38M
7DB1	N969BC	CH60
7DB7	N969BJ	SR22
7DBF	N969BS	S22T
7DC0	N969BT	R44
7DC8	N969CA	P212
7DCA	N969CC	BE35
7DCB	N969CD	FDCT
7DD7	N969CR	FDCT
7DD8	N969CS	AC11
7DD9	N969CT	FDCT
7DE2	N969DB	P28A
7DE3	N969DC	BE95
7DE5	N969DE	R66
7DEB	N969DL	B505
7DEC	N969DM	M7
7DF0	N969DR	RV7
7DF5	N969DW	S22T
7DF6	N969DX	TRDO
7DFE	N969EE	H25B
7E07	N969EP	GLEX
7E09	N969ER	R22
7E0B	N969ET	GLID
7E11	N969EZ	M7
7E12	N969F	RV8
7E16	N969FD	B752
7E17	N969FE	C208
7E19	N969FG	C172
7E20	N969FP	CH7B
7E2C	N969GA	GA6C
7E2E	N969GC	E55P
7E31	N969GF	R22
7E36	N969GL	DA40
7E3B	N969GR	BE58
7E3F	N969GV	P06T
7E44	N969H	HROC
7E48	N969HD	SR20
7E4F	N969HL	C208
7E59	N969HW	A5
7E5E	N969JA	HIGH
7E5F	N969JB	SR22
7E65	N969JH	C172
7E6E	N969JS	RV9
7E6F	N969JT	A321
7E71	N969JV	TBM9
7E78	N969KB	FOX
7E82	N969KM	C182
7E88	N969KT	EPIC
7E8F	N969L	C172
7E90	N969LA	P28R
7E93	N969LD	BE9L
7EA1	N969LT	C172
7EA9	N969MA	BE20
7EAB	N969MC	C208
7EAC	N969MD	SAKO
7EAF	N969MG	BE95
7EB0	N969MH	G2CA
7EB4	N969MM	A5
7EB9	N969MS	H500
7ECB	N969NK	A20N
7ECE	N969NN	B738
7EDA	N969P	BE35
7EDB	N969PA	DV20
7EE5	N969PL	C208
7EE6	N969PM	SS2P
7EEC	N969PT	HIGH
7EEF	N969PW	CL60
7EF3	N969Q	BE95
7F0D	N969RA	BE76
7F0E	N969RB	T206
7F0F	N969RC	ALGR
7F11	N969RE	PRM1
7F14	N969RH	T6
7F15	N969RJ	LEG2
7F18	N969RM	C182
7F1A	N969RP	M20P
7F1C	N969RR	C172
7F1D	N969RS	M20P
7F20	N969RV	RV12
7F25	N969S	C310
7F27	N969SB	T206
7F29	N969SD	P28A
7F2D	N969SH	AA5
7F30	N969SL	T210
7F33	N969SP	C172
7F35	N969SR	SR22
7F36	N969SS	SR22
7F37	N969ST	A119
7F3A	N969SW	CRJ2
7F3E	N969T	BE35
7F3F	N969TA	R44
7F41	N969TC	C208
7F42	N969TD	AC90
7F46	N969TH	C310
7F50	N969TT	C172
7F53	N969TW	MD83
7F54	N969TX	P210
7F58	N969UA	B735
7F81	N969VS	H500
7F8A	N969WA	PA34
7F8B	N969WB	C150
7F8C	N969WC	MC45
7F8D	N969WD	CH60
7F8F	N969WF	RV6
7F91	N969WH	MAGN
7F94	N969WL	S61
7F95	N969WM	C185
7F96	N969WN	B737
7F97	N969WP	AT8T
7F99	N969WR	G280
7F9A	N969WS	FOX
7F9B	N969WT	M20T
7FBB	N969Y	BE36
7FBE	N969YC	EC35
7FF0	N9690C	P28R
7FF1	N9690D	PA18
7FF5	N9690H	C172
7FF7	N9690K	P28A
7FF8	N9690L	AA1
7FF9	N9690M	M20P
7FFC	N9690Q	C172
7FFD	N9690R	BE18
7FFE	N9690S	CH7A
8000	N9690U	AA5
8001	N9690V	C172
8002	N9690W	P28A
8007	N96901	TAYB
8008	N96902	TAYB
800C	N96906	C182
800D	N96907	TAYB
800F	N96909	TAYB
8011	N9691A	C140
8012	N9691B	C180
8014	N9691D	PA18
8017	N9691G	C182
8018	N9691H	ST75
8019	N9691J	P28A
801C	N9691M	M20P
801E	N9691P	PA18
8024	N9691V	C172
8027	N9691Y	BE35
8028	N9691Z	T206
8029	N96910	TAYB
802B	N96912	TAYB
802D	N96914	TAYB
802F	N96916	TAYB
8030	N96917	TAYB
8031	N96918	TAYB
8032	N96919	C182
8035	N9692B	C72R
8037	N9692D	PA18
8038	N9692E	AR11
803C	N9692J	P28A
8040	N9692N	C123
8041	N9692P	PA18
8044	N9692S	CH7B
8045	N9692T	C210
8047	N9692V	C172
804A	N9692Y	C210
804F	N96923	C182
8050	N96924	TAYB
8054	N96928	C182
8055	N96929	C182
8057	N9693A	BE58
805A	N9693D	PA18
805E	N9693H	C172
8062	N9693M	M20P
8064	N9693P	PA18
8065	N9693Q	C172
8067	N9693S	CH7A
806A	N9693V	C172
806B	N9693W	P28A
806D	N9693Y	BE35
8071	N96932	C172
8074	N96935	TAYB
8076	N96937	TAYB
8077	N96938	TAYB
8079	N9694	G164
807A	N9694A	C140
8081	N9694H	C172
8082	N9694J	P28A
8084	N9694L	C172
8087	N9694P	PA18
8088	N9694Q	C172
808B	N9694T	C210
808D	N9694V	C172
808E	N9694W	P28A
808F	N9694X	C210
8093	N96941	TAYB
8095	N96943	C182
809B	N96949	C182
809F	N9695C	PA32
80A0	N9695D	PA18
80A4	N9695H	C172
80A5	N9695J	P28A
80A6	N9695K	S108
80AA	N9695P	PA18
80AC	N9695R	BE95
80AD	N9695S	CH7B
80AE	N9695T	PA38
80B2	N9695X	C210
80B6	N96951	TAYB
80B7	N96952	C182
80B8	N96953	TAYB
80BD	N96958	TAYB
80BF	N9696	CH60
80C0	N9696A	VEZE
80C5	N9696F	C82S
80C7	N9696H	C172
80C9	N9696K	AVTR
80CA	N9696L	C172
80D1	N9696T	C210
80D4	N9696W	S61
80D6	N9696Y	BE35
80DB	N96963	TAYB
80DD	N96965	TAYA
80E0	N96968	C182
80E6	N9697D	PA22
80E8	N9697F	C208
80ED	N9697L	AA1
80F0	N9697P	PA18
80F1	N9697Q	C185
80F3	N9697S	P32R
80F6	N9697V	C172
80F9	N9697Y	BE95
80FD	N96972	TAYB
8102	N96977	C182
8103	N96978	TAYB
8104	N96979	TAYB
8107	N9698B	T28
8109	N9698D	PA22
810A	N9698E	C82R
810C	N9698G	T206
810D	N9698H	C172
810E	N9698J	P28A
8111	N9698M	M20P
8116	N9698S	CH7B
8118	N9698U	AA1
8119	N9698V	C172
811A	N9698W	P28A
811E	N96980	TAYB
811F	N96981	TAYB
8121	N96983	TAYB
8124	N96986	TAYB
8126	N96988	C182
812C	N9699D	RV8
812F	N9699G	C182
8130	N9699H	C337
8131	N9699J	P28A
8132	N9699K	RV8
8139	N9699S	CH7A
813B	N9699U	AA1
813C	N9699V	C172
813F	N9699Y	BE35
8142	N96991	C182
8143	N96992	TAYB
8146	N96995	TAYB
814D	N97AA	PA46
8150	N97AD	P28A
8152	N97AF	RV4
8154	N97AH	BT36
8156	N97AK	GL5T
8157	N97AL	C650
8158	N97AM	AP22
8159	N97AN	VJ22
815A	N97AP	RV8
815B	N97AQ	C404
815D	N97AS	L13M
815E	N97AT	C172
815F	N97AU	GLST
8160	N97AV	C182
8161	N97AW	TEX2
8165	N97B	DG15
8168	N97BC	BL8
816A	N97BE	RV6
816B	N97BF	P46T
816D	N97BH	C560
816E	N97BJ	BE35
816F	N97BK	BE36
8171	N97BM	GLST
8176	N97BS	C172
8177	N97BT	CLBR
817A	N97BW	BE95
817F	N97CA	P46T
8184	N97CF	DA40
8185	N97CG	CAMP
8186	N97CH	M20P
8187	N97CJ	C25A
8188	N97CK	SR22
818C	N97CP	SF50
818E	N97CR	P32R
8190	N97CT	SR22
8191	N97CU	RV12
8192	N97CV	CH7B
8194	N97CX	PA46
8197	N97D	U21
8198	N97DA	E55P
819A	N97DC	RV7
819C	N97DE	FOX
819E	N97DG	GLIM
819F	N97DH	C421
81A0	N97DJ	RV6
81A1	N97DK	CL30
81A3	N97DM	M20P
81A6	N97DQ	GL7T
81A8	N97DS	C185
81AB	N97DV	AA5
81AC	N97DW	LEG2
81AF	N97DZ	DHC6
81B0	N97E	T210
81B1	N97EA	CRJ2
81B2	N97EB	BE30
81B3	N97EC	H269
81B5	N97EE	RV9
81B9	N97EJ	LJ45
81BB	N97EL	DHC2
81C0	N97ER	RV4
81C1	N97ES	BE9L
81CA	N97FA	C185
81CB	N97FB	RV12
81CC	N97FC	C180
81CE	N97FE	COY2
81D9	N97FR	C172
81DA	N97FS	PIPA
81DB	N97FT	GLF5
81DF	N97FX	GLEX
81E1	N97FZ	BL8
81E2	N97G	AA1
81E4	N97GB	M7
81E5	N97GC	RV6
81E9	N97GG	PC7
81EA	N97GH	G200
81F0	N97GP	TB20
81F3	N97GS	GLID
81F4	N97GT	TB21
81F7	N97GW	BE36
81FC	N97HA	C208
81FD	N97HB	C97
81FE	N97HC	C310
8203	N97HH	B06
8206	N97HL	P32R
8207	N97HM	BE9T
8209	N97HP	HUSK
820B	N97HR	PA32
820E	N97HU	HUSK
8212	N97HY	C82T
8215	N97JA	C25M
8217	N97JC	HUSK
8219	N97JE	RV6
821A	N97JF	P750
821B	N97JG	GLIM
821D	N97JJ	CC11
821E	N97JK	C414
8221	N97JN	GLAS
8225	N97JS	DHC1
8226	N97JT	RV8
8229	N97JW	C182
822A	N97JX	PTS2
822B	N97JY	LNP4
822F	N97KB	RV6
8230	N97KC	R44
8231	N97KD	GLAS
8232	N97KE	RV9
8233	N97KF	FOX
8234	N97KG	GLIM
8238	N97KL	H25B
8239	N97KM	CH7A
823C	N97KQ	K100
823E	N97KS	FA50
823F	N97KT	C25C
8247	N97LA	P32R
824B	N97LE	LJ35
824C	N97LF	C72R
824F	N97LJ	LJ60
8250	N97LK	BL8
8251	N97LL	CC19
8252	N97LM	BE36
8256	N97LR	P28B
8258	N97LT	SR22
825B	N97LW	RV4
825C	N97LX	S22T
825E	N97LZ	LGEZ
825F	N97M	M200
8260	N97MA	PA31
8261	N97MB	RV6
8262	N97MC	SF50
8263	N97MD	AS65
8266	N97MG	C208
8267	N97MH	GLIM
826B	N97MM	RV8
8271	N97MT	SAKO
8273	N97MV	PA46
8274	N97MW	C172
8279	N97NA	NAVI
8280	N97NH	PC24
8281	N97NJ	T206
8284	N97NM	M20P
828D	N97NW	UH1
8291	N97P	BL8
8294	N97PC	PA31
8295	N97PD	C172
8297	N97PF	P28A
8299	N97PH	B06
829A	N97PJ	B06
829B	N97PK	RV6
829C	N97PL	RV6
829D	N97PM	P46T
829F	N97PP	S22T
82A1	N97PR	RV8
82A6	N97PW	M20P
82A9	N97PZ	COZY
82BA	N97QR	B350
82C3	N97R	B58T
82C4	N97RA	P28B
82C7	N97RD	GLID
82C9	N97RF	FOX
82CA	N97RG	BE95
82CC	N97RJ	SR22
82CD	N97RK	BOLT
82D3	N97RR	B06
82D4	N97RS	BE58
82D5	N97RT	RV4
82D7	N97RV	RV4
82DD	N97SA	PA18
82DE	N97SB	IS28
82DF	N97SC	PTS2
82E4	N97SH	CL30
82E5	N97SJ	F2TH
82E6	N97SK	C25A
82E7	N97SL	GLID
82E8	N97SM	RF10
82EE	N97ST	M20P
82EF	N97SU	SR20
82F4	N97SZ	BE20
82F5	N97T	U21
82F7	N97TB	DHC2
82F9	N97TD	FA20
82FA	N97TE	C56X
82FB	N97TF	LA25
82FF	N97TK	R44
8300	N97TL	COZY
8301	N97TM	R66
8305	N97TR	T6
830B	N97TX	BKUT
830F	N97UA	P28R
831C	N97UP	R44
8320	N97UT	BE20
8327	N97V	RELI
8328	N97VA	C172
832A	N97VC	BE58
832C	N97VE	VELO
832D	N97VF	C25A
8331	N97VK	LNP4
8332	N97VL	RV6
8335	N97VP	PA30
8337	N97VR	T6
8338	N97VS	C56X
8339	N97VT	SR22
833B	N97VV	RV8
8340	N97W	LNC2
8343	N97WC	BE20
8345	N97WE	BE20
8346	N97WF	CH60
8348	N97WH	GLST
834A	N97WK	RV6
8351	N97WS	BE36
8357	N97WY	HUSK
8359	N97X	ST75
835C	N97XC	CC19
8364	N97XL	CH60
8367	N97XP	H25B
836A	N97XS	XNOS
836F	N97XX	C208
837C	N97YK	YK52
837E	N97YM	WACF
83A3	N97ZZ	M7
83A5	N970A	PA22
83A6	N970AA	SH36
83A8	N970AC	P28A
83AA	N970AE	AS50
83B2	N970AN	B738
83B5	N970AR	C210
83B7	N970AT	B712
83BE	N970B	C210
83C5	N970BG	GLF5
83D7	N970C	B407
83DA	N970CC	F900
83E2	N970CL	B407
83E5	N970CP	C82T
83E9	N970CT	FDCT
83F0	N970D	S108
83F1	N970DA	DA40
83F3	N970DC	E145
83FB	N970DL	MD88
83FC	N970DM	C25B
8401	N970DS	DA40
840A	N970EA	B190
841A	N970ES	GLST
841D	N970EV	CRJ2
8426	N970FD	B752
8427	N970FE	C208
843B	N970G	P46T
843E	N970GC	BE58
844F	N970GV	P06T
8450	N970GW	C650
846D	N970J	C210
846F	N970JB	A321
8471	N970JD	F900
8473	N970JF	AS50
847E	N970JS	C750
8496	N970KR	BE20
84B1	N970LT	C172
84BA	N970MB	KMAX
84BB	N970MC	GLST
84BF	N970MG	RS12
84C4	N970MM	C25A
84C8	N970MR	C210
84D2	N970NA	PC12
84DB	N970NK	A20N
84DC	N970NL	C210
84DE	N970NN	B738
84E7	N970NX	GL5T
84F1	N970PG	CH7B
84FB	N970PS	PA31
84FC	N970PT	C25B
8503	N970Q	B06
8514	N970QS	C68A
851C	N970R	SREY
851E	N970RB	C172
8535	N970S	S22T
8539	N970SD	F900
853A	N970SE	C152
853B	N970SF	F900
853E	N970SJ	GLF5
8545	N970SR	SR22
8547	N970ST	B737
854A	N970SW	CRJ2
8556	N970TH	AS50
855F	N970TS	PA23
8563	N970TW	MD83
857E	N970UY	A321
859A	N970WA	S05R
859C	N970WC	P28A
85A5	N970WM	RV7
85A7	N970WP	DHC1
85D2	N970YG	P210
8602	N9700E	AR11
8605	N9700H	C172
8606	N9700J	C188
8608	N9700L	BE19
8611	N9700V	C172
8614	N9700Y	BE35
8615	N9700Z	T206
8617	N97001	BE18
861A	N97004	C182
861C	N97006	S108
861D	N97007	C182
861F	N97009	S108
8620	N9701	CH70
8624	N9701D	PA22
8626	N9701F	C82
862A	N9701K	P28R
862E	N9701P	PA25
8631	N9701S	PA11
8635	N9701W	P28A
8638	N9701Z	T6
863B	N97012	C182
863D	N97014	S108
863E	N97015	S108
8640	N97017	ST75
8641	N97018	C182
8642	N97019	C172
8646	N9702C	P28A
8647	N9702D	PA22
864A	N9702G	C180
864E	N9702L	C172
864F	N9702M	M20P
8651	N9702P	PA18
8655	N9702T	C172
8656	N9702U	AA5
8659	N9702X	C210
865A	N9702Y	BE35
865D	N97021	C182
8660	N97024	C182
8661	N97025	S108
8664	N97028	S108
8667	N9703A	C170
8668	N9703B	C180
866F	N9703J	C188
8672	N9703M	M20P
8678	N9703T	C172
867C	N9703X	C210
867D	N9703Y	BE35
868C	N9704C	P28A
868D	N9704D	PA22
868E	N9704E	C82R
8690	N9704G	C180
8699	N9704R	BE35
86A2	N97040	S108
86A3	N97041	C182
86A4	N97042	C182
86A6	N97044	PA31
86A7	N97045	C172
86A8	N97046	C182
86AA	N97048	S108
86AB	N97049	C182
86AE	N9705B	C180
86B0	N9705D	PA22
86B4	N9705H	C185
86B5	N9705J	P28A
86B7	N9705L	BE23
86B9	N9705N	T6
86BB	N9705Q	BE24
86BD	N9705S	C82S
86C3	N9705Y	BE35
86C4	N9705Z	C180
86C6	N97051	C182
86C7	N97052	C182
86C9	N97054	S108
86CA	N97055	C172
86CD	N97058	C182
86D1	N9706B	C72R
86D6	N9706G	C180
86DA	N9706L	BE24
86DB	N9706M	M20P
86DE	N9706Q	C172
86DF	N9706R	BE35
86E1	N9706T	C172
86E3	N9706V	C172
86E5	N9706X	C210
86E8	N97060	S108
86EA	N97062	S108
86F0	N97068	S108
86F6	N9707D	PA22
86F9	N9707G	C180
86FB	N9707J	C188
86FD	N9707L	BE24
86FE	N9707M	M20P
8700	N9707P	PA18
8707	N9707W	P28A
870C	N97071	C182
870E	N97073	C182
8710	N97075	C172
8712	N97077	C182
8717	N9708B	C180
871B	N9708F	T206
871C	N9708G	C180
871E	N9708J	P28A
871F	N9708K	S108
8725	N9708R	BE35
872C	N9708Y	BE35
8732	N97084	C182
8736	N97088	S108
8738	N9709	G164
8739	N9709A	C170
873A	N9709B	C72R
873B	N9709C	P46T
873C	N9709D	PA22
873D	N9709E	BL17
8742	N9709K	P28A
8744	N9709M	M20P
8747	N9709Q	BE19
8748	N9709R	BE35
874D	N9709W	P28A
874F	N9709Y	BE35
8753	N97092	S108
8756	N97095	S108
8757	N97096	C182
8758	N97097	C182
875A	N97099	C182
875D	N971AA	C150
875F	N971AC	P28A
8766	N971AK	B39M
8768	N971AM	BE9L
8769	N971AN	B738
876E	N971AT	B712
8770	N971AV	FOX
8776	N971BA	A5
8777	N971BB	C182
877C	N971BG	BE33
8780	N971BL	VTRA
878A	N971BW	H500
878E	N971C	P28A
8791	N971CC	EC45
8792	N971CD	SR22
879C	N971CP	C82T
87A8	N971DA	DV20
87A9	N971DB	S22T
87AA	N971DC	E145
87B5	N971DP	RV6
87B8	N971DS	DA40
87B9	N971DT	GLAS
87C3	N971EC	EC35
87D4	N971EV	CRJ2
87DD	N971FD	B752
87DE	N971FE	C208
87E5	N971FM	C152
87EB	N971FT	PA23
87FB	N971GJ	R22
8806	N971GV	P06T
8825	N971JA	F2TH
8826	N971JB	M20P
8835	N971JS	C750
8836	N971JT	A321
8843	N971KF	FOX
8857	N971LA	C408
8861	N971LL	BE30
8871	N971MB	C525
8872	N971MC	CL30
887B	N971MM	DHC2
8881	N971MT	F2TH
8888	N971N	C208
8892	N971NK	A20N
8895	N971NN	B738
88A2	N971PA	PA44
88A4	N971PC	BE36
88A5	N971PD	BE58
88BA	N971Q	BE35
88CB	N971QS	C68A
88D3	N971R	BE36
88D4	N971RA	BE40
88D7	N971RD	DA40
88DB	N971RH	B06
88E8	N971RW	C182
88EC	N971S	EFOX
88EF	N971SC	BE9L
88F1	N971SE	P28A
88FC	N971SR	SR20
88FE	N971ST	P180
8901	N971SW	CRJ2
8902	N971SX	SONX
8905	N971T	BE35
8906	N971TA	C172
8907	N971TB	C25B
8908	N971TC	EPIC
890F	N971TK	SLG4
8911	N971TM	RV9
8917	N971TT	RV9
891A	N971TW	MD83
8926	N971UH	PA32
8935	N971UY	A321
8937	N971V	BE55
8953	N971WC	P28A
8958	N971WH	CL35
89B5	N9710A	C172
89B6	N9710B	C72R
89B9	N9710E	AR11
89BA	N9710F	C72R
89BB	N9710G	C180
89BD	N9710J	P28A
89BE	N9710K	S108
89C3	N9710Q	BE24
89C6	N9710T	C172
89C7	N9710U	AA1
89CB	N9710Y	BE35
89D2	N97105	S108
89D5	N97108	S108
89DC	N9711E	AR11
89DE	N9711G	C180
89E1	N9711K	S108
89E3	N9711M	M20P
89E5	N9711P	PA18
89E8	N9711S	SR20
89EC	N9711W	P28A
89F0	N97110	S108
89F1	N97111	DA40
89F3	N97113	S108
89F5	N97115	S108
89F6	N97116	C172
89FC	N9712B	C180
8A01	N9712G	C180
8A03	N9712J	P28A
8A04	N9712K	S108
8A07	N9712N	CH7A
8A0A	N9712R	BE35
8A0D	N9712U	AA5
8A15	N97122	S108
8A16	N97123	C182
8A17	N97124	S108
8A1A	N97127	C182
8A1E	N9713A	C170
8A21	N9713D	PA22
8A22	N9713E	AR11
8A23	N9713F	C72R
8A24	N9713G	C180
8A2B	N9713P	PA18
8A30	N9713U	AA5
8A32	N9713W	P28A
8A34	N9713Y	BE24
8A39	N97133	C182
8A3C	N97136	M20P
8A41	N9714A	C170
8A44	N9714D	PA22
8A47	N9714G	E55P
8A4A	N9714K	S108
8A4B	N9714L	BE19
8A4E	N9714P	PA18
8A50	N9714R	BE35
8A53	N9714U	AA5
8A56	N9714X	C210
8A57	N9714Y	BE35
8A58	N9714Z	GLID
8A59	N97140	S108
8A5A	N97141	S108
8A5F	N97146	C182
8A61	N97148	C182
8A64	N9715A	C170
8A65	N9715B	C72R
8A66	N9715C	P28A
8A67	N9715D	PA22
8A69	N9715F	C72R
8A6A	N9715G	C180
8A6C	N9715J	P28A
8A75	N9715T	PA38
8A7A	N9715Y	BE35
8A80	N97154	C172
8A82	N97156	C182
8A83	N97157	C182
8A85	N97159	C182
8A86	N9716	G164
8A88	N9716B	C180
8A8A	N9716D	PA22
8A8B	N9716E	AR11
8A91	N9716L	BE24
8A92	N9716M	M20P
8A94	N9716P	PA25
8A96	N9716R	BE35
8A9C	N9716X	C210
8A9F	N97160	C182
8AA1	N97162	S108
8AA2	N97163	C172
8AA3	N97164	S108
8AAA	N9717A	RV7
8AAB	N9717B	C72R
8AAC	N9717C	P28A
8AAE	N9717E	AR11
8AB0	N9717G	C180
8AB1	N9717H	C172
8AB2	N9717J	P28A
8AB4	N9717L	BE23
8AB7	N9717P	PA18
8AB8	N9717Q	C172
8AB9	N9717R	BE35
8ABC	N9717U	AA5
8ABD	N9717V	C172
8ABE	N9717W	T211
8ABF	N9717X	C210
8AC2	N97170	C182
8AC4	N97172	C172
8AC7	N97175	S108
8ACA	N97178	C182
8ACB	N97179	S108
8AD1	N9718E	BL17
8AD2	N9718F	C120
8AD3	N9718G	C180
8AD4	N9718H	C172
8AD6	N9718K	S108
8AD7	N9718L	BE19
8AD8	N9718M	M20P
8ADB	N9718Q	BE24
8ADC	N9718R	BE35
8ADF	N9718U	AA5
8AE2	N9718X	C210
8AE8	N97183	S108
8AEA	N97185	S108
8AF4	N9719E	BL17
8AFB	N9719M	M20P
8AFF	N9719R	BE35
8B02	N9719U	AA5
8B03	N9719V	C172
8B06	N9719Y	BE35
8B08	N97190	C182
8B0A	N97192	C182
8B0C	N97194	S108
8B0E	N97196	C182
8B10	N97198	S108
8B11	N97199	C182
8B12	N972	LNP4
8B13	N972A	O1
8B14	N972AA	SH36
8B16	N972AC	EC45
8B18	N972AE	AS50
8B19	N972AF	GLIM
8B1D	N972AK	B39M
8B20	N972AN	B738
8B23	N972AR	ALTO
8B25	N972AT	B712
8B28	N972AW	SLG2
8B2B	N972AZ	CH70
8B2C	N972B	B47G
8B2E	N972BB	C172
8B34	N972BH	AS50
8B35	N972BJ	B737
8B3C	N972BR	SR22
8B45	N972C	P28A
8B46	N972CA	P28A
8B47	N972CB	CRUZ
8B48	N972CC	EC45
8B49	N972CD	SR22
8B4C	N972CG	GLID
8B53	N972CP	SR22
8B5E	N972D	BL8
8B5F	N972DA	DV20
8B61	N972DC	E145
8B62	N972DD	PA46
8B69	N972DL	MD88
8B6A	N972DM	HUSK
8B6C	N972DP	C172
8B77	N972E	BE95
8B79	N972EB	BE36
8B8A	N972EU	S22T
8B8B	N972EV	CRJ2
8B8D	N972EX	B735
8B92	N972FB	PC24
8B93	N972FC	C172
8B94	N972FD	B752
8B95	N972FE	C208
8B9B	N972FL	CH70
8BB4	N972GL	CH60
8BBB	N972GT	AVID
8BBD	N972GV	P06T
8BDD	N972JB	SR22
8BE2	N972JG	B06
8BE3	N972JH	SR22
8BE7	N972JM	SR22
8BEC	N972JS	RV9
8BED	N972JT	A321
8BF8	N972KD	TBM7
8BFE	N972KK	RV9
8C0E	N972LA	C408
8C1F	N972LT	P28R
8C27	N972MA	C150
8C29	N972MC	CL60
8C32	N972MM	GALX
8C37	N972MS	GLF4
8C3B	N972MW	P28R
8C42	N972NC	C172
8C4C	N972NN	B738
8C59	N972PA	SR20
8C5B	N972PC	B407
8C5E	N972PF	PRM1
8C5F	N972PG	RV10
8C64	N972PM	C172
8C71	N972Q	BE35
8C74	N972QC	G164
8C7A	N972QJ	P28R
8C82	N972QS	C68A
8C8B	N972RA	MAKO
8C8E	N972RD	DA42
8C92	N972RH	B06
8CA4	N972SA	R44
8CA5	N972SB	S22T
8CA6	N972SC	CL35
8CAD	N972SK	S97
8CAF	N972SM	T206
8CB5	N972ST	A119
8CBC	N972T	BE35
8CBD	N972TA	C172
8CBE	N972TB	SR22
8CCA	N972TP	PC12
8CD1	N972TW	MD83
8CEC	N972UY	A321
8D08	N972WA	S05R
8D1C	N972WW	C172
8D6B	N9720	WASP
8D6E	N9720C	P28A
8D6F	N9720D	PA22
8D71	N9720F	C208
8D72	N9720G	C180
8D74	N9720J	P28A
8D75	N9720K	P28A
8D77	N9720M	C207
8D78	N9720N	C210
8D79	N9720P	PA18
8D7B	N9720R	C182
8D7F	N9720V	C172
8D80	N9720W	P28A
8D81	N9720X	C210
8D82	N9720Y	BE35
8D84	N97200	C182
8D87	N97203	S108
8D8A	N97206	S108
8D8B	N97207	S108
8D91	N9721C	P28R
8D95	N9721G	C180
8D96	N9721H	C172
8D97	N9721J	P28A
8D98	N9721K	P28A
8D99	N9721L	BE24
8D9A	N9721M	M20P
8D9D	N9721Q	BE19
8D9E	N9721R	BE35
8DA1	N9721U	AA5
8DA3	N9721W	P28A
8DA5	N9721Y	J3
8DA6	N9721Z	T206
8DA8	N97211	C182
8DAC	N97215	S108
8DAF	N97218	C182
8DB0	N97219	PA32
8DB1	N9722	G164
8DB3	N9722B	PA30
8DB4	N9722C	P28R
8DB5	N9722D	PA22
8DB9	N9722H	C172
8DBA	N9722J	P28A
8DBC	N9722L	C700
8DBE	N9722N	PA18
8DC3	N9722T	C172
8DC5	N9722V	C172
8DC6	N9722W	P28A
8DC7	N9722X	C210
8DC9	N9722Z	ST75
8DCA	N97220	C182
8DCB	N97221	C182
8DCD	N97223	S108
8DD8	N9723D	PA22
8DD9	N9723E	BL17
8DDC	N9723H	C172
8DDD	N9723J	P28A
8DDE	N9723K	S108
8DE0	N9723M	M20P
8DE6	N9723T	C172
8DE7	N9723U	AA1
8DEA	N9723X	C210
8DED	N97230	S108
8DEE	N97231	C182
8DEF	N97232	S108
8DF0	N97233	C182
8DF1	N97234	S108
8DF2	N97235	S108
8DF4	N97237	C182
8DF5	N97238	C182
8DF9	N9724B	C72R
8DFA	N9724C	P28R
8DFC	N9724E	AR11
8E01	N9724K	P28A
8E02	N9724L	BE24
8E03	N9724M	M20P
8E05	N9724P	PA18
8E06	N9724Q	BE23
8E07	N9724R	BE35
8E10	N97240	C182
8E15	N97245	S108
8E16	N97246	C182
8E1D	N9725C	PA32
8E1E	N9725D	PA22
8E1F	N9725E	AR11
8E21	N9725G	C180
8E23	N9725J	P28A
8E24	N9725K	S108
8E26	N9725M	M20P
8E28	N9725P	PA18
8E29	N9725Q	C172
8E2A	N9725R	T206
8E2D	N9725U	AA5
8E2E	N9725V	C188
8E30	N9725X	C210
8E31	N9725Y	BE95
8E32	N9725Z	C185
8E37	N97254	S108
8E39	N97256	S108
8E3A	N97257	C182
8E3B	N97258	M20P
8E42	N9726E	AR11
8E45	N9726H	J3
8E47	N9726K	S108
8E4B	N9726P	PA18
8E4F	N9726T	C172
8E52	N9726W	P28A
8E56	N97260	S108
8E5C	N97266	C172
8E5F	N97269	C172
8E61	N9727A	C170
8E65	N9727E	AR11
8E67	N9727G	C180
8E6B	N9727L	BE19
8E6C	N9727M	M20P
8E6E	N9727P	PA18
8E72	N9727T	C172
8E73	N9727U	AA5
8E74	N9727V	C172
8E75	N9727W	P28A
8E7E	N97275	S108
8E84	N9728A	C170
8E85	N9728B	C180
8E87	N9728D	PA22
8E8E	N9728L	BE19
8E8F	N9728M	C207
8E93	N9728R	BE35
8E95	N9728T	C172
8E96	N9728U	AA5
8E9A	N9728Y	BE35
8E9D	N97281	C182
8E9E	N97282	C182
8EA0	N97284	S108
8EA4	N97288	C182
8EA5	N97289	S108
8EA7	N9729A	C170
8EA8	N9729B	C180
8EA9	N9729C	PA32
8EAA	N9729D	PA22
8EAB	N9729E	AR11
8EAD	N9729G	C180
8EB0	N9729K	S108
8EB1	N9729L	BE23
8EB8	N9729T	C172
8EB9	N9729U	AA5
8EBB	N9729W	P28A
8EBF	N97290	S108
8EC4	N97295	C182
8EC6	N97297	S108
8EC7	N97298	C182
8ECB	N973AA	SH36
8ECC	N973AB	M7
8ECD	N973AC	GLF5
8ECF	N973AE	AS50
8ED4	N973AK	B39M
8ED7	N973AN	B738
8EDE	N973AV	A332
8EE4	N973BA	C130
8EE6	N973BC	C72R
8EF8	N973BW	CH7A
8EFC	N973C	S108
8EFF	N973CC	PA11
8F00	N973CD	SR22
8F0A	N973CP	PA32
8F11	N973CW	SS2T
8F16	N973DA	DV20
8F1F	N973DK	MT
8F20	N973DL	MD88
8F21	N973DM	SR20
8F26	N973DS	CAMP
8F3A	N973EM	H25B
8F3E	N973ER	C172
8F4B	N973FD	B752
8F4C	N973FE	C208
8F61	N973GA	BE9L
8F74	N973GV	P06T
8F7A	N973HA	C172
8F9A	N973JH	BE20
8F9E	N973JM	C182
8FA4	N973JT	A321
8FAB	N973K	BE23
8FB2	N973KG	C172
8FB9	N973KP	SR22
8FBC	N973KS	BE30
8FC4	N973L	BRAV
8FC6	N973LB	BE55
8FD6	N973LT	P28R
8FE3	N973MF	B407
8FEA	N973MN	GLF5
8FEF	N973MT	T210
9000	N973NK	A20N
9003	N973NN	B738
9010	N973PA	SR20
9012	N973PC	BE36
9039	N973QS	C68A
9041	N973R	SREY
9049	N973RH	B06
904C	N973RL	B407
9055	N973RV	RV7
905A	N973S	B36T
905C	N973SB	GLF5
905E	N973SD	SR22
9060	N973SF	PA32
9067	N973SN	S22T
906A	N973SR	C182
906C	N973ST	A119
906F	N973SW	CRJ2
907F	N973TM	P28A
9084	N973TS	VO10
908C	N973U	HIGH
90A3	N973UY	A321
90C2	N973WD	C175
90F0	N973Y	RV9
9126	N9730D	PA22
9128	N9730F	C72R
9129	N9730G	C180
912D	N9730L	BE23
912E	N9730M	M20P
9130	N9730P	PA18
9131	N9730Q	BE24
9135	N9730U	AA5
9136	N9730V	C172
9138	N9730X	C210
9139	N9730Y	BE35
913B	N97300	C182
913C	N97301	S108
9140	N97305	S108
9142	N97307	C182
9144	N97309	C182
9146	N9731A	C170
914A	N9731E	AR11
914B	N9731F	C72R
914D	N9731H	C172
914F	N9731K	PA34
9150	N9731L	BE23
9151	N9731M	M20P
9157	N9731T	C172
9158	N9731U	AA5
915A	N9731W	P28A
915B	N9731X	C210
915C	N9731Y	BE35
915F	N97311	C172
9161	N97313	C172
9169	N9732A	C170
916D	N9732E	BL17
916F	N9732G	C180
9170	N9732H	C172
9171	N9732J	P28A
9178	N9732R	BE35
917C	N9732V	C172
917D	N9732W	P28A
9184	N97323	S108
918B	N9733	P40
918C	N9733A	C152
918F	N9733D	PA22
9190	N9733E	BL17
9193	N9733H	C82R
9196	N9733L	C172
9197	N9733M	M20P
919F	N9733V	C172
91A2	N9733Y	BE95
91A6	N97332	S108
91A8	N97334	S108
91AA	N97336	C182
91AC	N97338	S108
91AF	N9734A	C170
91B0	N9734B	C72R
91B1	N9734C	UH12
91B3	N9734E	AR11
91B7	N9734J	P28A
91B8	N9734K	S108
91BA	N9734M	M20P
91BC	N9734P	PA18
91BE	N9734R	BE35
91C1	N9734U	AA5
91C7	N97340	S108
91C8	N97341	S108
91CA	N97343	S108
91CB	N97344	S108
91CC	N97345	C182
91CD	N97346	S108
91DB	N9735K	S108
91DF	N9735P	PA18
91E4	N9735U	AA5
91E7	N9735X	C210
91E8	N9735Y	BE35
91EA	N97350	S108
91ED	N97353	M20P
91EE	N97354	S108
91F2	N97358	C172
91F3	N97359	S108
91F6	N9736B	C180
91F8	N9736D	PA22
91F9	N9736E	AR11
91FB	N9736G	C180
91FC	N9736H	C82R
9200	N9736M	C207
9202	N9736P	PA25
9203	N9736Q	BE24
9204	N9736R	BE35
920B	N9736Y	BE35
920E	N97361	C182
9212	N97365	C182
9215	N97368	S108
9218	N9737A	FW90
921A	N9737C	UH12
921B	N9737D	PA22
921E	N9737G	C180
921F	N9737H	C82R
9222	N9737L	BE19
9226	N9737Q	BE24
9228	N9737S	BE58
9229	N9737T	PA38
922B	N9737V	C172
922C	N9737W	P28A
9231	N97371	S108
9239	N97379	S108
923B	N9738A	C170
923C	N9738B	C208
923F	N9738E	AR11
9242	N9738H	C82R
9246	N9738M	M20P
924A	N9738R	BE35
924F	N9738W	P28A
9250	N9738X	C210
9252	N9738Z	B47G
9253	N97380	C182
9258	N97385	C182
9259	N97386	C182
925C	N97389	S108
9260	N9739C	UH12
9262	N9739E	BL17
9264	N9739G	C180
9265	N9739H	C82R
9266	N9739J	P28A
926D	N9739R	BE35
9270	N9739U	AA1
9274	N9739Y	BE35
927A	N97394	C182
927C	N97396	C182
927E	N97398	C182
9280	N974	PTS2
9281	N974A	PA22
9282	N974AA	SH36
9284	N974AC	P28A
928B	N974AK	B39M
928D	N974AM	B39M
928E	N974AN	B738
9293	N974AT	B712
929A	N974B	BE35
929B	N974BA	C130
929D	N974BC	C72R
92A2	N974BH	CL60
92B3	N974C	P32T
92B6	N974CC	BE35
92B9	N974CF	C421
92C1	N974CP	BE55
92C2	N974CQ	GLID
92C4	N974CS	PA31
92C5	N974CT	DV20
92C8	N974CW	H269
92CD	N974DA	DV20
92CE	N974DB	C172
92D7	N974DL	MD88
92F9	N974EV	CRJ2
92FD	N974EZ	LGEZ
9302	N974FD	B752
9317	N974G	P32R
9318	N974GA	GA6C
932B	N974GV	SRAI
9330	N974H	B407
933E	N974HP	AS50
9340	N974HR	F2TH
9349	N974J	RAF2
934B	N974JB	K100
9355	N974JM	FOX
935A	N974JS	RV6
935B	N974JT	A321
9373	N974KS	S22T
9394	N974M	A321
9395	N974MA	P28A
939C	N974MH	C240
93A2	N974MP	PTS1
93AE	N974NA	RV7
93B7	N974NK	A20N
93C7	N974PA	SR20
93C9	N974PC	C82S
93DF	N974Q	BE35
93E0	N974QA	E300
93EF	N974QR	C208
93F0	N974QS	C68A
93F8	N974R	CONI
9400	N974RH	B230
9402	N974RK	SR20
9414	N974SC	E55P
9417	N974SF	C172
9418	N974SG	C82S
941F	N974SP	C172
9421	N974SR	SR22
9423	N974ST	A119
9429	N974SZ	GLF5
942A	N974T	BE35
942B	N974TA	C172
9432	N974TH	C172
945A	N974UY	A321
9460	N974VD	GLST
9470	N974VV	DC10
9477	N974WB	B06
947B	N974WF	COL4
94DD	N9740D	PA22
94DE	N9740E	BL17
94E0	N9740G	C180
94E2	N9740J	P28A
94E9	N9740R	BE35
94F3	N97401	L8
94F5	N97403	S108
94F7	N97405	S108
94F9	N97407	S108
94FA	N97408	S108
94FD	N9741A	C170
9502	N9741F	C72R
9505	N9741J	P28A
9508	N9741M	M20P
950C	N9741R	BE35
950E	N9741T	PA38
9512	N9741X	C210
9513	N9741Y	BE35
9515	N97410	C182
9516	N97411	S108
9518	N97413	C182
951A	N97415	S108
9521	N9742B	C72R
9523	N9742D	PA22
9524	N9742E	AR11
9527	N9742H	C82R
9529	N9742K	S108
952B	N9742M	M20P
952E	N9742Q	BE23
9533	N9742V	C188
9534	N9742W	P28A
9536	N9742Y	BE35
9538	N97420	S108
9539	N97421	S108
953C	N97424	B39M
9541	N97429	M20P
9543	N9743A	C170
9544	N9743B	C72R
9547	N9743E	AR11
954A	N9743H	C82S
954B	N9743J	P28A
954D	N9743L	BE23
954E	N9743M	M20P
954F	N9743N	VALI
9557	N9743W	P28A
955C	N97431	S108
955D	N97432	S108
955E	N97433	C182
9560	N97435	C182
9563	N97438	S108
9566	N9744A	C170
9569	N9744D	C72R
956A	N9744E	BL17
956D	N9744H	ST75
956E	N9744J	P28A
9571	N9744M	M20P
9573	N9744P	PA18
9574	N9744Q	BE23
9577	N9744T	DHC2
9578	N9744U	AA5
957A	N9744W	P28A
957C	N9744Y	BE35
957E	N97440	S108
9581	N97443	C182
9584	N97446	C182
958B	N9745C	P28A
958D	N9745E	BL17
9591	N9745J	P28A
9592	N9745K	S108
9594	N9745M	M20P
9598	N9745R	BE35
959A	N9745T	C172
959B	N9745U	AA5
959D	N9745W	P28A
95A3	N97452	C182
95A4	N97453	C182
95A5	N97454	S108
95A7	N97456	C182
95A9	N97458	S108
95AA	N97459	C172
95AC	N9746A	C170
95AD	N9746B	C72R
95AF	N9746D	PA22
95B0	N9746E	AR11
95B4	N9746J	P28A
95BA	N9746Q	BE24
95C0	N9746W	P28A
95C1	N9746X	C210
95C2	N9746Y	T210
95C9	N97465	C172
95CA	N97466	S108
95CB	N97467	C182
95CC	N97468	S108
95CD	N97469	C182
95D2	N9747D	PA22
95D5	N9747G	C188
95D6	N9747H	C82R
95D7	N9747J	P28A
95DA	N9747M	M20P
95E0	N9747T	C172
95E1	N9747U	AA5
95E3	N9747W	P28A
95E5	N9747Y	BE35
95E7	N97470	S108
95EA	N97473	C310
95F0	N97479	S108
95F2	N9748A	C170
95F6	N9748E	BL17
95F8	N9748G	C180
95FA	N9748J	P28A
9600	N9748Q	BE19
9601	N9748R	BE35
9604	N9748U	AA5
9606	N9748W	P28A
9608	N9748Y	T28
9609	N9748Z	T210
960C	N97482	S108
960E	N97484	S108
960F	N97485	C182
9610	N97486	S108
9611	N97487	C182
9613	N97489	C172
9616	N9749B	C180
9617	N9749C	UH12
9618	N9749D	PA22
961B	N9749G	C188
961D	N9749J	P28A
9623	N9749Q	BE23
9627	N9749U	AA5
962A	N9749X	C210
962B	N9749Y	BE95
962E	N97491	S108
9632	N97495	CH7A
9637	N975	BE95
9638	N975A	PA22
9639	N975AA	AC50
963A	N975AB	RV8
963B	N975AC	P28A
963E	N975AF	GLIM
9642	N975AK	B39M
9645	N975AN	B738
964A	N975AT	B712
964C	N975AV	A332
9651	N975B	BE35
9652	N975BA	C130
9654	N975BC	BL8
9656	N975BE	P32R
9659	N975BH	B47G
965D	N975BM	RV7
9662	N975BS	BL8
966A	N975C	S108
966B	N975CA	TBM7
966C	N975CB	GA6C
966D	N975CC	PA11
9678	N975CP	C82T
967B	N975CS	T206
967F	N975CW	SR22
9683	N975D	S108
968A	N975DG	HUSK
968F	N975DM	LJ45
9694	N975DS	DA40
96A2	N975EF	D328
96B1	N975EW	FOX
96CE	N975G	RV12
96DC	N975GP	RV9
96E2	N975GV	P06T
96F3	5Y-MSR	C55B
96F5	N975HP	AS50
9702	N975JB	TBM7
970C	N975JM	CH70
9711	N975JS	C750
9712	N975JT	A321
971A	N975KA	BE30
972A	N975KS	BE20
9732	N975L	DA40
9737	N975LE	P28A
973D	N975LL	RV4
9746	N975LV	LJ60
974C	N975MA	PA46
974E	N975MC	COL4
974F	N975MD	C56X
9757	N975MM	AS50
975B	N975MR	C208
975D	N975MT	F2TH
9769	N975NE	S22T
976E	N975NK	A20N
9787	N975PK	T18
978E	N975PS	CRUZ
9792	N975PW	SR22
9796	N975Q	BE35
9799	N975QC	BE35
97A7	N975QS	C68A
97AF	N975R	BE35
97B0	N975RA	LEG2
97B6	N975RG	GLF2
97B7	N975RH	B06
97B8	N975RJ	M20P
97C3	N975RV	RV10
97C8	N975S	CH7B
97CB	N975SC	B407
97CE	N975SF	AT5T
97D6	N975SP	BE9L
97D8	N975SR	C182
97DA	N975ST	A119
97DD	N975SW	CRJ2
97E1	N975T	BE35
97E2	N975TA	C172
97E3	N975TB	TBM7
97EB	N975TK	SR20
97F1	N975TR	B06
97F7	N975TX	C750
9811	N975UY	A321
9825	N975VT	RV10
982C	N975W	BE36
9838	N975WM	SREY
983A	N975WP	BE30
9841	N975WW	TBM9
9893	N9750C	BE35
9897	N9750G	C180
9899	N9750J	P28A
989B	N9750L	C172
989D	N9750N	E230
989F	N9750Q	C172
98A3	N9750U	AA5
98A8	N9750Z	G21
98AA	N97501	S108
98AC	N97503	C182
98AD	N97504	S108
98B0	N97507	S108
98B1	N97508	C182
98B4	N9751A	C170
98B5	N9751B	C180
98BA	N9751G	C180
98BD	N9751K	S108
98BF	N9751M	M20P
98C5	N9751T	C172
98C6	N9751U	AA5
98CA	N9751Y	BE35
98CF	N97513	C182
98D3	N97517	S108
98D4	N97518	S108
98D8	N9752B	C72R
98D9	N9752C	P28A
98DB	N9752E	AR11
98DE	N9752H	ST75
98E1	N9752L	BE24
98E3	N9752N	M5
98E5	N9752Q	AEST
98E6	N9752R	BE35
98E9	N9752U	AA5
98EC	N9752X	C210
98EE	N9752Z	T206
98EF	N97520	S108
98F2	N97523	C182
98F5	N97526	S108
98F7	N97528	C172
98FA	N9753A	C170
9903	N9753K	S108
9904	N9753L	FINC
9909	N9753R	BE35
990B	N9753T	C172
990C	N9753U	AA5
990D	N9753V	C188
990E	N9753W	P28A
9913	N97531	S108
9915	N97533	C182
9917	N97535	S108
9919	N97537	S108
991A	N97538	S108
991C	N9754	GLIM
991F	N9754C	UH12
9920	N9754D	PA22
9922	N9754F	C72R
9923	N9754G	C180
9925	N9754J	P28A
9928	N9754M	M20P
992C	N9754R	BE35
9935	N97540	C182
9938	N97543	C182
993D	N97548	S108
993E	N97549	C172
9941	N9755B	C180
9943	N9755D	C172
9947	N9755H	C82R
9948	N9755J	P28A
9949	N9755K	S108
994A	N9755L	BE24
994F	N9755R	BE35
9954	N9755W	P28A
995B	N97553	C182
995C	N97554	S108
995D	N97555	S108
9960	N97558	S108
9962	N9756	D25
9967	N9756E	AR11
996B	N9756J	P28A
996C	N9756K	S108
9972	N9756R	BE35
9976	N9756V	C188
9979	N9756Y	BE35
997E	N97563	C182
9982	N97567	S108
9983	N97568	S108
998A	N9757E	AR11
998E	N9757J	P28A
998F	N9757K	S108
9990	N9757L	BE23
9995	N9757R	BE35
9997	N9757T	PA38
9998	N9757U	AA5
999A	N9757W	P28A
999C	N9757Y	BE35
999D	N9757Z	PA22
999F	N97571	S108
99A0	N97572	S108
99A3	N97575	S108
99A5	N97577	S108
99A6	N97578	C182
99AA	N9758B	C72R
99AC	N9758D	PA22
99AD	N9758E	AR11
99B0	N9758H	C82R
99B1	N9758J	P28A
99B8	N9758R	BE35
99BE	N9758X	C210
99C1	N97580	C182
99C2	N97581	S108
99C7	N97586	S108
99C9	N97588	C172
99CC	N9759A	C170
99CD	N9759B	C180
99D2	N9759G	C188
99D3	N9759H	C82S
99D4	N9759J	P28A
99DB	N9759R	BE35
99DE	N9759U	M20P
99E1	N9759X	C210
99E5	N97591	S108
99E9	N97595	S108
99EA	N97596	C182
99EC	N97598	C182
99ED	N97599	S108
99EE	N976	ACR2
99F2	N976AC	P28A
99F6	N976AG	CLON
99F9	N976AK	B39M
99FA	N976AL	S76
99FC	N976AN	B738
9A04	N976AW	C337
9A07	N976AZ	PA23
9A09	N976BA	SR22
9A0A	N976BB	RV7
9A10	N976BH	L39
9A21	N976C	S108
9A22	N976CA	BE76
9A2A	N976CJ	S22T
9A2D	N976CM	TBM9
9A2F	N976CP	C82T
9A33	N976CT	DV20
9A36	N976CW	AT3T
9A3C	N976DB	T18
9A42	N976DH	SRAI
9A45	N976DL	MD88
9A48	N976DP	RV6
9A4A	N976DR	BKUT
9A4B	N976DS	BE35
9A53	N976E	C208
9A56	N976EC	RV12
9A67	N976EV	CRJ2
9A71	N976FE	C208
9A86	N976GA	C550
9A91	N976GM	RV7
9A99	N976GV	P06T
9AAC	N976HP	AS50
9AB9	N976JB	S22T
9ABA	N976JC	BEAR
9AC2	N976JL	CH75
9AC3	N976JM	B737
9AC8	N976JS	C750
9AC9	N976JT	A321
9ACC	N976JW	SR22
9AD3	N976KC	BE20
9AE9	N976L	DA40
9AFA	N976LS	RV6
9B02	N976M	FA10
9B03	N976MA	AC11
9B0C	N976MK	BE95
9B13	N976MS	AA5
9B25	N976NK	A20N
9B27	N976NM	AT8T
9B28	N976NN	B738
9B34	N976P	PTS1
9B35	N976PA	DV20
9B5E	N976QS	C68A
9B69	N976RC	BE30
9B6E	N976RH	RV6
9B7F	N976S	RV12
9B82	N976SC	H25B
9B85	N976SF	GAZL
9B87	N976SH	R22
9B8D	N976SP	C172
9B8F	N976SR	BE58
9B91	N976ST	A119
9B94	N976SW	CRJ2
9B98	N976T	BE35
9BA3	N976TL	ACAM
9BA8	N976TR	S76
9BAD	N976TW	MD83
9BC8	N976UY	A321
9BCA	N976V	BE55
9BE5	N976WB	P32R
9BE6	N976WC	P28R
9BEF	N976WM	RV14
9BF5	N976WT	C560
9C49	N9760B	C208
9C4A	N9760C	P28A
9C50	N9760J	P28A
9C53	N9760M	M20P
9C5A	N9760U	AA5
9C5C	N9760W	P28A
9C5D	N9760X	C210
9C61	N97601	C182
9C63	N97603	S108
9C65	N97605	S108
9C66	N97606	S108
9C67	N97607	S108
9C6C	N9761B	C208
9C6F	N9761E	AR11
9C72	N9761H	C82R
9C74	N9761K	S108
9C78	N9761P	PA18
9C7F	N9761W	P28A
9C80	N9761X	T206
9C81	N9761Y	BE35
9C83	N97610	S108
9C84	N97611	C182
9C87	N97614	S108
9C89	N97616	S108
9C8A	N97617	S108
9C8C	N97619	S108
9C8F	N9762B	C208
9C90	N9762C	UH12
9C91	N9762D	PA22
9C92	N9762E	C180
9C95	N9762H	FA62
9C97	N9762K	S108
9C99	N9762M	GLEX
9C9B	N9762P	PA25
9C9C	N9762Q	AEST
9CA3	N9762X	C210
9CA8	N97622	C182
9CAC	N97626	S108
9CAD	N97627	C182
9CAE	N97628	S108
9CAF	N97629	S108
9CB1	N9763A	C170
9CB2	N9763B	C180
9CB8	N9763H	C82S
9CB9	N9763J	P28A
9CBC	N9763M	M20P
9CC0	N9763R	BE35
9CC2	N9763T	PA38
9CC7	N9763Y	BE35
9CC9	N97630	C182
9CCB	N97632	C337
9CCC	N97633	C182
9CCD	N97634	S108
9CCE	N97635	S108
9CD5	N9764B	C180
9CD6	N9764C	P28A
9CD8	N9764E	BL17
9CD9	N9764F	C72R
9CDA	N9764G	C180
9CDD	N9764K	P28R
9CDF	N9764M	M20P
9CE3	N9764R	BE35
9CE8	N9764W	P28A
9CEA	N9764Y	BE35
9CEC	N97640	C182
9CEE	N97642	M20P
9CF0	N97644	S108
9CF3	N97647	S108
9CFA	N9765D	PA22
9CFF	N9765J	P28A
9D01	N9765L	BE23
9D02	N9765M	M20P
9D06	N9765R	BE35
9D0B	N9765W	P28A
9D0D	N9765Y	BE35
9D0F	N97650	C172
9D10	N97651	S108
9D11	N97652	S108
9D12	N97653	S108
9D13	N97654	S108
9D15	N97656	S108
9D1B	N9766B	C208
9D1D	N9766D	PA22
9D30	N9766Y	BE35
9D31	N9766Z	DHC2
9D33	N97661	C182
9D34	N97662	C172
9D35	N97663	S108
9D38	N97666	S108
9D3C	N9767	CAT
9D42	N9767F	C72R
9D43	N9767G	C180
9D44	N9767H	C82R
9D45	N9767J	P28A
9D48	N9767M	M20P
9D4A	N9767P	PA25
9D4C	N9767R	BE35
9D4F	N9767U	AA5
9D51	N9767W	P28A
9D52	N9767X	C210
9D57	N97672	C182
9D59	N97674	C172
9D5D	N97678	C182
9D5E	N97679	S108
9D5F	N9768	G164
9D60	N9768A	C170
9D62	N9768C	PA32
9D68	N9768J	P28A
9D69	N9768K	P28R
9D6F	N9768R	BE35
9D74	N9768W	P28A
9D79	N97681	C172
9D7B	N97683	C182
9D7D	N97685	C182
9D7E	N97686	S108
9D7F	N97687	C182
9D81	N97689	S108
9D83	N9769A	C170
9D85	N9769C	GLID
9D87	N9769E	AR11
9D8A	N9769H	C82R
9D8B	N9769J	P28A
9D9A	N9769Z	C180
9D9D	N97692	S108
9D9E	N97693	S108
9D9F	N97694	S108
9DA0	N97695	S108
9DA2	N97697	S108
9DA4	N97699	S108
9DA6	N977A	RV6
9DA7	N977AA	BE9L
9DA9	N977AC	P28A
9DAB	N977AE	G280
9DAC	N977AF	C750
9DAD	N977AG	BE95
9DB0	N977AK	B39M
9DB8	N977AT	B712
9DBA	N977AV	H25B
9DC0	N977BA	C130
9DC2	N977BC	P28R
9DC7	N977BH	C421
9DD9	N977CA	TBM9
9DDB	N977CC	PA11
9DE0	N977CH	B06
9DE1	N977CJ	CH75
9DE4	N977CM	SR22
9DE9	N977CS	T206
9DEA	N977CT	BE36
9DF2	N977DA	RV8
9DF3	N977DB	RV7
9DF4	N977DC	E145
9DF5	N977DD	C182
9DFD	N977DM	C560
9E02	N977DS	M20P
9E06	N977DW	C172
9E0E	N977ED	FA62
9E1A	N977ER	SR22
9E1E	N977EV	CRJ2
9E27	N977FD	B752
9E28	N977FE	C208
9E3C	N977G	PA31
9E42	N977GF	BE58
9E43	N977GG	T206
9E50	N977GV	P06T
9E5C	N977HG	H25B
9E66	N977HS	GLF5
9E71	N977JC	P46T
9E73	N977JE	A321
9E75	N977JG	B737
9E76	N977JH	C680
9E78	N977JK	E55P
9E79	N977JL	BE33
9E7A	N977JM	BE40
9E7C	N977JP	LJ31
9E7F	N977JS	RV4
9E80	N977JT	LGEZ
9E8E	N977KG	FA50
9E90	N977KJ	C172
9E93	N977KM	BE35
9EA0	N977L	DA40
9EA1	N977LA	C82R
9EA2	N977LB	PA34
9EA3	N977LC	H25B
9EB0	N977LR	M20P
9EB9	N977M	HROC
9EBA	N977MA	P28A
9EBB	N977MB	SF50
9EBC	N977MC	BE35
9EBD	N977MD	TBM7
9EC0	N977MG	M7
9EC7	N977MP	C441
9EC9	N977MR	C560
9ECA	N977MS	B407
9EDC	N977NK	A20N
9EDF	N977NN	B738
9EEC	N977PA	BE76
9EF7	N977PM	PA44
9F04	N977Q	BE35
9F15	N977QS	C68A
9F1D	N977R	CRER
9F1F	N977RB	COY2
9F26	N977RJ	LJ45
9F29	N977RM	AT8T
9F31	N977RV	RV7
9F3C	N977SF	PA34
9F42	N977SM	C421
9F45	N977SQ	C172
9F46	N977SR	SR22
9F4F	N977T	BE50
9F57	N977TH	C172
9F58	N977TJ	PA46
9F5B	N977TM	P32R
9F60	N977TS	GLIM
9F7F	N977UY	A321
9F81	N977V	BE95
9F89	N977VH	EA50
9F8D	N977VM	PA18
9F9A	N977W	CH65
9F9C	N977WB	R44
9F9D	N977WC	P28R
9FA0	N977WF	H500
9FA2	N977WH	P40
9FAC	N977WT	PULS
9FAF	N977WW	RV8
9FBE	N977XL	PC12
9FFF	N9770A	C170
A000	N9770B	C72R
A002	N9770D	PA18
A003	N9770E	AR11
A005	N9770G	C182
A007	N9770J	P28A
A008	N9770K	S108
A009	N9770L	BE23
A00A	N9770M	T206
A00E	N9770R	BE35
A011	N9770U	AA5
A012	N9770V	C188
A013	N9770W	P28A
A014	N9770X	C210
A017	N97700	C182
A018	N97701	C182
A019	N97702	C172
A01A	N97703	S108
A01B	N97704	C182
A01C	N97705	C172
A01E	N97707	S108
A021	N9771	GLST
A024	N9771C	CL60
A025	N9771D	PA18
A026	N9771E	AR11
A029	N9771H	C82R
A02A	N9771J	P28A
A02C	N9771L	BE23
A030	N9771Q	RV4
A033	N9771T	PA38
A03F	N97715	C182
A040	N97716	S108
A041	N97717	C182
A043	N97719	S108
A045	N9772A	C170
A046	N9772B	AVID
A04C	N9772H	C82R
A04D	N9772J	P28A
A04E	N9772K	S108
A050	N9772M	M10
A059	N9772W	P28A
A05C	N9772Z	BE18
A05D	N97720	S108
A061	N97724	S108
A066	N97729	S108
A067	N9773	GLID
A068	N9773A	C170
A069	N9773B	C72R
A06C	N9773E	AR11
A06E	N9773G	C180
A06F	N9773H	C82R
A070	N9773J	P28A
A07A	N9773U	AA5
A07E	N9773Y	BE35
A081	N97731	C182
A082	N97732	S108
A087	N97737	S108
A088	N97738	S108
A08B	N9774A	C170
A08C	N9774B	C72R
A08E	N9774D	PA18
A08F	N9774E	BL17
A090	N9774F	C82S
A092	N9774H	C82R
A09E	N9774V	C172
A0A1	N9774Y	BE35
A0A2	N9774Z	T206
A0A5	N97742	S108
A0A6	N97743	S108
A0A8	N97745	C182
A0A9	N97746	S108
A0AB	N97748	C182
A0AC	N97749	C172
A0AD	N9775	GLID
A0AE	N9775A	C170
A0AF	N9775B	C72R
A0B2	N9775E	C82R
A0B7	N9775K	S108
A0B8	N9775L	BE23
A0B9	N9775M	M10
A0BF	N9775T	PA38
A0C1	N9775V	M20P
A0C4	N9775Y	BE35
A0C6	N97750	S108
A0CB	N97755	C172
A0CF	N97759	S108
A0D1	N9776A	C170
A0D2	N9776B	C180
A0D4	N9776D	PA18
A0D5	N9776E	BL17
A0D9	N9776J	P28A
A0DA	N9776K	P32R
A0DC	N9776M	M10
A0E3	N9776U	AA5
A0E7	N9776Y	C210
A0E9	N97760	S108
A0EB	N97762	S108
A0ED	N97764	S108
A0EF	N97766	C172
A0F3	N9777	LA4
A0F4	N9777A	C170
A0F5	N9777B	C180
A0F7	N9777D	PA18
A0F9	N9777F	M20P
A0FC	N9777J	P28A
A0FE	N9777L	BE23
A0FF	N9777M	P28R
A101	N9777P	PA25
A103	N9777R	BE35
A106	N9777U	AA5
A107	N9777V	C188
A108	N9777W	P28A
A109	N9777X	C210
A10A	N9777Y	BE35
A10C	N97770	S108
A10D	N97771	S108
A114	N97778	M20P
A115	N97779	C172
A116	N9778	G164
A117	N9778A	C170
A11B	N9778E	BL17
A11F	N9778J	P28A
A130	N97781	S108
A131	N97782	S108
A133	N97784	C182
A134	N97785	S108
A135	N97786	S108
A138	N97789	C172
A13B	N9779B	C72R
A13D	N9779D	PA18
A13E	N9779E	AR11
A141	N9779H	C82R
A143	N9779K	S108
A149	N9779R	BE35
A14B	N9779T	C172
A14C	N9779U	AA5
A14D	N9779V	C172
A14E	N9779W	P28A
A150	N9779Y	BE95
A155	N97793	C182
A156	N97794	S108
A15B	N97799	C182
A15C	N978	C310
A160	N978AC	P28A
A163	N978AF	PC12
A167	N978AK	B39M
A16A	N978AN	B738
A16B	N978AP	C172
A16D	N978AR	CL60
A16F	N978AT	B712
A176	N978B	BE50
A18F	N978C	C182
A192	N978CC	GLF4
A196	N978CG	A5
A19B	N978CM	RV7
A19D	N978CP	C72R
A1A9	N978DA	DV20
A1AA	N978DB	C750
A1B5	N978DN	CC11
A1B9	N978DS	OSCR
A1D1	N978ER	CH60
A1D3	N978ET	R44
A1DB	N978FA	C172
A1DE	N978FD	B752
A1F4	N978GA	GLF6
A1FD	N978GK	BE36
A207	N978GV	P06T
A21A	N978HP	AS50
A227	N978JB	A321
A253	N978KW	C82T
A257	N978L	DA40
A25D	N978LF	EC35
A270	N978M	G280
A271	N978MA	C560
A272	N978MB	R66
A28C	N978NC	C303
A293	N978NK	A20N
A296	N978NN	B738
A29A	N978NS	S22T
A2A5	N978PC	E55P
A2B7	N978PW	F900
A2CC	N978QS	C68A
A2D5	N978RA	C82S
A2E5	N978RS	P32R
A2EE	N978SA	C172
A2EF	N978SB	PC12
A2F0	N978SC	CRUZ
A2F5	N978SH	CL35
A2F9	N978SM	GLF5
A2FB	N978SP	C172
A2FD	N978SR	SR22
A2FF	N978ST	A119
A302	N978SW	CRJ2
A306	N978T	BE35
A309	N978TC	PC24
A312	N978TM	RV3
A317	N978TS	BE30
A31B	N978TW	MD83
A31C	N978TX	C750
A336	N978UY	A321
A338	N978V	A139
A354	N978WC	PA44
A36A	N978X	F2TH
A3B7	N9780B	C180
A3B9	N9780D	PA18
A3BA	N9780E	AR11
A3BC	N9780G	C180
A3BD	N9780H	C82R
A3BE	N9780J	P28A
A3C0	N9780L	BE24
A3C1	N9780M	M20P
A3C3	N9780P	PA25
A3C4	N9780Q	AEST
A3C7	N9780T	C172
A3C8	N9780U	AA5
A3C9	N9780V	C188
A3CA	N9780W	P28A
A3CB	N9780X	C210
A3CE	N97800	S108
A3D1	N97803	C182
A3D2	N97804	C182
A3D4	N97806	S108
A3D5	N97807	S108
A3D6	N97808	C182
A3DD	N9781E	BL17
A3E0	N9781H	C82R
A3E1	N9781J	P28A
A3E3	N9781L	BE19
A3EA	N9781T	C172
A3EE	N9781X	C210
A3F2	N97811	C172
A3F5	N97814	C182
A3F7	N97816	C182
A3F8	N97817	S108
A3F9	N97818	S108
A3FB	N9782	G164
A3FD	N9782B	C180
A3FE	N9782C	P28A
A400	N9782E	BL17
A402	N9782G	C180
A406	N9782L	BE23
A407	N9782M	M20P
A40D	N9782T	C172
A40E	N9782U	AA1
A40F	N9782V	C172
A410	N9782W	P28A
A412	N9782Y	BE35
A414	N97820	S108
A415	N97821	M20P
A416	N97822	S108
A417	N97823	C182
A419	N97825	C182
A41A	N97826	C208
A41C	N97828	S108
A41D	N97829	C182
A422	N9783D	PA18
A423	N9783E	BL17
A425	N9783G	C180
A428	N9783K	S108
A429	N9783L	BE23
A42C	N9783P	C172
A42E	N9783R	BE35
A435	N9783Y	BE95
A438	N97831	S108
A43A	N97833	C182
A43B	N97834	S108
A43D	N97836	S108
A443	N9784B	C72R
A445	N9784D	PA18
A446	N9784E	AR11
A449	N9784H	C82R
A44A	N9784J	P28A
A44D	N9784M	M20P
A450	N9784Q	AEST
A45C	N97842	S108
A462	N97848	C182
A466	N9785B	C72R
A467	N9785C	UH12
A469	N9785E	AR11
A46C	N9785H	C82R
A46D	N9785J	P28A
A472	N9785P	PA25
A473	N9785Q	C150
A474	N9785R	BE35
A47B	N9785Y	BE35
A47F	N97852	C182
A481	N97854	V10
A482	N97855	C182
A484	N97857	S108
A486	N97859	C182
A48D	N9786F	P32R
A48E	N9786G	R44
A48F	N9786H	C82R
A492	N9786L	C172
A495	N9786P	PA18
A497	N9786R	BE35
A499	N9786T	C172
A49A	N9786U	AA1
A49C	N9786W	P28A
A49D	N9786X	C210
A4A0	N97860	S108
A4A2	N97862	S108
A4A3	N97863	C182
A4A8	N97868	S108
A4AA	N9787	DV20
A4AC	N9787B	C72R
A4AD	N9787C	P28A
A4AF	N9787E	BL17
A4B0	N9787F	H269
A4B2	N9787H	C82R
A4B3	N9787J	P28A
A4B4	N9787K	P28A
A4B6	N9787M	M20P
A4BA	N9787R	BE35
A4BC	N9787T	C172
A4C1	N9787Y	BE35
A4C5	N97872	C182
A4C6	N97873	C172
A4C7	N97874	S108
A4C8	N97875	C182
A4C9	N97876	S108
A4CA	N97877	S108
A4CF	N9788B	C180
A4D1	N9788D	PA18
A4D4	N9788G	C180
A4D5	N9788H	C82R
A4D8	N9788L	BE24
A4D9	N9788M	M20P
A4DF	N9788T	PA38
A4E0	N9788U	AA5
A4E2	N9788W	P28A
A4E4	N9788Y	BE35
A4E6	N97880	S108
A4E7	N97881	C182
A4E9	N97883	C172
A4EB	N97885	S108
A4EC	N97886	S108
A4ED	N97887	S108
A4F3	N9789C	P28R
A4F4	N9789D	PA18
A4F7	N9789G	C180
A4F8	N9789H	C82R
A4F9	N9789J	P28A
A4FB	N9789L	BE24
A4FC	N9789M	M20P
A500	N9789R	BE35
A506	N9789X	C210
A507	N9789Y	BE35
A50B	N97892	S108
A50F	N97896	S108
A510	N97897	C182
A514	N979A	P28A
A516	N979AB	BE35
A517	N979AC	B412
A51A	N979AF	P32R
A51E	N979AK	B39M
A520	N979AM	EC30
A521	N979AN	B738
A525	N979AS	GLID
A526	N979AT	B712
A52C	N979AZ	C56X
A530	N979BC	C72R
A546	N979C	P28A
A547	N979CA	P212
A548	N979CB	GLEX
A54C	N979CF	H25B
A554	N979CP	C72R
A557	N979CS	CL35
A558	N979CT	BE20
A560	N979DA	DV20
A561	N979DB	C68A
A56A	N979DL	MD88
A56B	N979DM	BE55
A56F	N979DR	LJ45
A570	N979DS	OSCR
A588	N979ER	C172
A58C	N979EV	CRJ2
A595	N979FD	B752
A59D	N979FM	H269
A5BE	N979GV	P06T
A5C5	N979HB	B06
A5D1	N979HP	AS50
A5DF	N979JC	FA50
A5E2	N979JF	C172
A5ED	N979JS	C750
A5EE	N979JT	A321
A5F1	N979JW	FA7X
A5F8	N979KC	CL35
A607	N979KT	KR2
A628	N979MA	BE36
A629	N979MB	TBM7
A633	N979MM	S22T
A640	N979N	B06
A641	N979NA	BE36
A64A	N979NK	A20N
A64D	N979NN	B738
A65C	N979PC	C510
A66A	N979PS	BE20
A66B	N979PT	C172
A672	N979Q	BE35
A683	N979QS	C68A
A691	N979RF	LJ35
A693	N979RH	B06
A697	N979RM	R44
A699	N979RP	E170
A69F	N979RV	RV9
A6A4	N979S	JUN1
A6A5	N979SA	P32R
A6A7	N979SC	CRUZ
A6AA	N979SF	C82S
A6AC	N979SH	R22
A6B2	N979SP	PA31
A6B4	N979SR	BE58
A6B5	N979SS	BE58
A6B6	N979ST	A119
A6B8	N979SV	C208
A6B9	N979SW	CRJ2
A6BA	N979SX	SONX
A6BD	N979T	BE35
A6BF	N979TB	H25B
A6C9	N979TM	HA4T
A6D2	N979TW	MD83
A6D3	N979TX	C525
A6ED	N979UY	A321
A709	N979WA	PA34
A70B	N979WC	C550
A70C	N979WD	C172
A714	N979WM	CL30
A71D	N979WW	LJ45
A721	N979X	SRAI
A73F	N979YE	VP2
A753	N979Z	SLG2
A76E	N9790B	C180
A771	N9790E	AR11
A773	N9790G	C172
A775	N9790J	P28A
A776	N9790K	S108
A778	N9790M	M20P
A77C	N9790R	BE35
A77F	N9790U	AA5
A781	N9790W	P28A
A782	N9790X	C210
A784	N9790Z	T6
A786	N97901	ONEX
A787	N97902	C182
A788	N97903	C182
A789	N97904	S108
A791	N9791B	C72R
A794	N9791E	AR11
A795	N9791F	C72R
A796	N9791G	T206
A797	N9791H	C82R
A798	N9791J	P28A
A79B	N9791M	M20P
A79E	N9791Q	AEST
A79F	N9791R	BE35
A7A2	N9791U	AA5
A7A3	N9791V	C188
A7A4	N9791W	P28A
A7A8	N97910	S108
A7A9	N97911	C182
A7AA	N97912	C182
A7AD	N97915	S108
A7AE	N97916	S108
A7B0	N97918	S108
A7B1	N97919	C172
A7B2	N9792	PC12
A7B6	N9792D	PA18
A7BD	N9792L	BE19
A7BE	N9792M	M20P
A7C3	N9792S	H500
A7C5	N9792U	AA1
A7C6	N9792V	C172
A7C7	N9792W	P28A
A7CC	N97921	C172
A7CF	N97924	C182
A7D1	N97926	S108
A7D2	N97927	C182
A7D3	N97928	S108
A7D6	N9793A	C170
A7DA	N9793E	BL17
A7DD	N9793H	C82R
A7DF	N9793K	H25C
A7E8	N9793U	AA5
A7EA	N9793W	P28A
A7EB	N9793X	C210
A7ED	N9793Z	T6
A7F0	N97932	S108
A7F2	N97934	S108
A7F4	N97936	S108
A7F5	N97937	S108
A7F7	N97939	S108
A7F8	N9794	G164
A7F9	N9794A	C170
A7FB	N9794C	PA32
A7FD	N9794E	BL17
A7FF	N9794G	C180
A801	N9794J	P28A
A802	N9794K	S108
A804	N9794M	C207
A80B	N9794U	AA5
A80C	N9794V	C172
A80F	N9794Y	BE35
A811	N97940	S108
A813	N97942	S108
A816	N97945	C172
A818	N97947	C172
A81C	N9795A	C170
A81D	N9795B	C72R
A81E	N9795C	PA32
A81F	N9795D	PA18
A820	N9795E	AR11
A823	N9795H	RELI
A825	N9795K	S108
A82B	N9795R	BE35
A82E	N9795U	AA5
A830	N9795W	P28A
A832	N9795Y	BE35
A838	N97954	S108
A839	N97955	S108
A83A	N97956	C182
A83B	N97957	C182
A83C	N97958	C182
A840	N9796B	C72R
A841	N9796C	P32R
A842	N9796D	PA18
A843	N9796E	AR11
A847	N9796J	P28A
A84B	N9796N	DC3
A84E	N9796R	BE35
A852	N9796V	C172
A853	N9796W	P28A
A854	N9796X	C210
A856	N9796Z	T6
A858	N97961	C182
A85A	N97963	C182
A85D	N97966	S108
A85F	N97968	C182
A861	N9797	D25
A866	N9797E	AR11
A867	N9797F	LGEZ
A868	N9797G	C180
A86B	N9797K	PA18
A871	N9797R	BE35
A873	N9797T	C172
A877	N9797X	C210
A878	N9797Y	BE35
A87A	N97970	C182
A87B	N97971	C182
A87C	N97972	S108
A87F	N97975	C182
A882	N97978	S108
A883	N97979	S108
A885	N9798A	C170
A887	N9798C	PA34
A889	N9798E	RS12
A88B	N9798G	C180
A88D	N9798J	P28A
A892	N9798P	PA18
A894	N9798R	BE35
A896	N9798T	C172
A897	N9798U	AA5
A89C	N9798Z	T206
A89E	N97981	C182
A8A0	N97983	M20P
A8A1	N97984	C172
A8A3	N97986	S108
A8A6	N97989	S108
A8AC	N9799E	C82R
A8AF	N9799H	C82R
A8B7	N9799R	BE35
A8B8	N9799S	G164
A8B9	N9799T	C172
A8BA	N9799U	AA5
A8BC	N9799W	P28A
A8C0	N97990	S108
A8C2	N97992	S108
A8C3	N97993	C182
A8C5	N97995	C182
A8C7	N97997	C182
A8C8	N97998	S108
A8CB	N98A	BL8
A8CC	N98AA	BE58
A8CE	N98AC	FA50
A8CF	N98AD	G280
A8D1	N98AF	LNCE
A8D2	N98AG	P68T
A8D3	N98AH	HUSK
A8D4	N98AJ	AC90
A8D5	N98AK	LA4
A8D6	N98AL	B06
A8D7	N98AM	PA18
A8D9	N98AP	MUS2
A8DB	N98AR	BE9L
A8DC	N98AS	ASTO
A8DF	N98AV	C501
A8E3	N98AZ	B06
A8E5	N98BA	J3
A8E6	N98BB	BE58
A8E7	N98BC	BE35
A8E9	N98BE	RV6
A8EB	N98BG	G109
A8EE	N98BK	SR22
A8F0	N98BM	WW24
A8F2	N98BP	RV6
A8F4	N98BR	M20P
A8F5	N98BS	G73
A8F8	N98BV	C150
A8FC	N98BZ	DV20
A900	N98CC	GLID
A901	N98CD	RV6
A902	N98CE	C414
A903	N98CF	P51
A905	N98CH	C25C
A906	N98CJ	HUSK
A908	N98CL	B06
A909	N98CM	B06
A90B	N98CP	H500
A90D	N98CR	FDCT
A90E	N98CS	GLST
A90F	N98CT	PA32
A910	N98CU	VELO
A913	N98CX	RV10
A915	N98CZ	COZY
A917	N98DA	RV7
A919	N98DC	BE55
A91A	N98DD	C182
A91C	N98DF	PA46
A91D	N98DG	AA5
A91E	N98DH	FA50
A920	N98DK	P46T
A921	N98DL	CH60
A922	N98DM	C310
A924	N98DP	HUSK
A925	N98DQ	A139
A926	N98DR	FB1A
A928	N98DT	C140
A92B	N98DW	PTS1
A92E	N98DZ	BIPL
A930	N98EA	B06
A931	N98EB	SW3
A932	N98EC	CL35
A934	N98EE	PA18
A935	N98EF	C750
A936	N98EG	B407
A938	N98EJ	VEZE
A93A	N98EL	DHC2
A93B	N98EM	C172
A93D	N98EP	C425
A93F	N98ER	G2CA
A941	N98ET	GLST
A945	N98EX	STOR
A948	N98F	UH1
A949	N98FA	PA31
A94D	N98FE	F900
A952	N98FK	EPIC
A956	N98FP	T6
A95D	N98FW	EN28
A95E	N98FX	GLEX
A961	N98G	RV7
A962	N98GA	M20P
A963	N98GB	RV4
A964	N98GC	C172
A967	N98GF	SF50
A969	N98GH	G2T1
A96B	N98GK	PA18
A96D	N98GM	BE35
A96F	N98GP	C82R
A971	N98GR	RV6
A972	N98GS	CJ6
A973	N98GT	EC30
A976	N98GW	BE60
A977	N98GX	PC12
A97B	N98HA	BE9T
A97D	N98HC	GLAS
A980	N98HF	BE9L
A981	N98HG	WW24
A982	N98HH	SR22
A984	N98HK	RV7
A985	N98HL	TMUS
A986	N98HM	BL17
A988	N98HP	WAIX
A98A	N98HR	VELO
A98B	N98HS	P28A
A98C	N98HT	C56X
A991	N98HY	HUSK
A993	N98J	NAVI
A995	N98JB	C185
A996	N98JC	B427
A998	N98JE	BOLT
A999	N98JF	P32R
A99A	N98JG	P28R
A99D	N98JK	B36T
A9A1	N98JP	CH7A
A9A4	N98JS	M20P
A9A5	N98JT	M20P
A9A7	N98JV	LJ60
A9AB	N98JZ	HROC
A9AD	N98KA	BE60
A9AE	N98KB	FOX
A9AF	N98KC	BE20
A9B2	N98KF	FOX
A9B3	N98KG	RV8
A9B6	N98KK	L13M
A9BA	N98KP	RV6
A9BB	N98KQ	K100
A9BD	N98KS	BE9L
A9C5	N98L	MOSP
A9C6	N98LA	P32R
A9C8	N98LC	LJ35
A9C9	N98LD	VELO
A9CA	N98LE	GLEX
A9CD	N98LH	RV8
A9CF	N98LK	BE35
A9D1	N98LM	SPUP
A9D5	N98LR	BE36
A9D6	N98LS	AP22
A9D7	N98LT	GLF4
A9DA	N98LW	SR22
A9DE	N98M	PA23
A9DF	N98MA	TBM7
A9E0	N98MB	RV7
A9E1	N98MC	BE35
A9E3	N98ME	DA62
A9E6	N98MH	F900
A9E8	N98MK	M600
A9E9	N98ML	C82T
A9EA	N98MM	C340
A9EB	N98MN	B350
A9EE	N98MR	BE35
A9EF	N98MS	P28A
A9F2	N98MV	P28A
A9F3	N98MW	BE33
A9FA	N98NC	DHC4
A9FD	N98NF	TBM7
AA09	N98NT	PA30
AA0C	N98NW	UH1
AA0D	N98NX	P46T
AA11	N98PA	BE95
AA13	N98PC	S76
AA16	N98PF	P28A
AA18	N98PH	B06
AA19	N98PJ	AC90
AA1A	N98PK	PA18
AA1B	N98PL	RV7
AA1C	N98PM	BE9L
AA21	N98PS	BE35
AA22	N98PT	BE35
AA24	N98PV	SLG4
AA26	N98PX	PULS
AA28	N98PZ	RV7
AA29	N98Q	C500
AA2C	N98QC	LJ45
AA38	N98QQ	LJ45
AA42	N98R	PTS2
AA43	N98RA	BE20
AA44	N98RB	VEZE
AA45	N98RC	C340
AA46	N98RD	AEST
AA47	N98RE	BE58
AA48	N98RF	SR22
AA4A	N98RH	COZY
AA4B	N98RJ	T6
AA4D	N98RL	C208
AA50	N98RP	F2TH
AA52	N98RR	PIVI
AA56	N98RV	RV3
AA57	N98RW	FOX
AA5C	N98SA	PA18
AA5D	N98SB	GLID
AA5E	N98SC	BE50
AA5F	N98SD	C310
AA61	N98SF	SF50
AA62	N98SG	BE95
AA66	N98SL	SR22
AA67	N98SM	B06
AA69	N98SP	C208
AA6B	N98SR	AS50
AA6C	N98SS	C150
AA70	N98SW	C77R
AA71	N98SX	SONX
AA74	N98T	DHC3
AA75	N98TA	BE10
AA77	N98TC	C182
AA78	N98TD	C82S
AA79	N98TE	AS50
AA7A	N98TF	VELO
AA7B	N98TG	PA31
AA7D	N98TJ	E300
AA7E	N98TK	SREY
AA7F	N98TL	P32R
AA80	N98TM	RV8
AA81	N98TN	S22T
AA82	N98TP	U16
AA85	N98TS	E300
AA86	N98TT	S22T
AA88	N98TV	TOBA
AA8E	N98UA	P28R
AA90	N98UC	SW3
AA93	N98UF	LJ60
AA99	N98UM	S22T
AA9F	N98UT	COL4
AAA7	N98VA	DHC6
AAA9	N98VC	BE36
AAAD	N98VG	BE20
AAAF	N98VJ	PA11
AAB0	N98VK	PC7
AAB1	N98VL	R44
AAB6	N98VR	RV8
AAC1	N98WB	S52
AAC3	N98WD	CAMP
AAC4	N98WE	BE36
AAC7	N98WH	C82S
AACA	N98WL	P32R
AACB	N98WM	ST75
AACD	N98WP	BE9L
AACF	N98WR	T210
AAD0	N98WS	PC12
AAD1	N98WT	GLST
AAD4	N98WW	P28A
AAD5	N98WX	GLID
AAD6	N98WY	C82S
AAD7	N98WZ	PA11
AAE6	N98XP	PULS
AAE9	N98XS	C650
AAF3	N98YB	C25B
AAF4	N98YC	F900
AAFB	N98YK	YK52
AB0B	N98ZA	B407
AB0F	N98ZE	J3
AB12	N98ZH	GAZL
AB1C	N98ZT	C172
AB23	N980	GLID
AB24	N980A	P28A
AB27	N980AC	P28R
AB29	N980AE	AC95
AB2E	N980AK	AC90
AB31	N980AN	B738
AB36	N980AT	B712
AB38	N980AV	A320
AB3A	N980AX	TBM9
AB40	N980BC	BE30
AB44	N980BG	LJ31
AB45	N980BH	AC95
AB56	N980C	S108
AB57	N980CA	PA31
AB59	N980CC	GLEX
AB5A	N980CD	SR20
AB5D	N980CG	R22
AB64	N980CP	C72R
AB66	N980CR	BE9T
AB68	N980CT	DV20
AB6B	N980CW	AC95
AB6F	N980D	S108
AB70	N980DA	DV20
AB71	N980DB	GLST
AB72	N980DC	RV7
AB73	N980DD	ERCO
AB77	N980DH	TBM9
AB7A	N980DL	MD88
AB7B	N980DM	FA50
AB7F	N980DR	BE35
AB80	N980DS	DA40
AB84	N980DW	BE9L
AB8A	N980EB	TBM9
AB8D	N980EE	AC95
AB92	N980EK	TBM9
AB99	N980ES	SF34
AB9C	N980EV	CRJ2
ABA1	N980F	CH7A
ABA6	N980FE	C208
ABBB	N980GA	G280
ABBD	N980GC	PA30
ABC1	N980GG	GL7T
ABC6	N980GM	TBM9
ABCA	N980GR	AC95
ABCE	N980GV	P06T
ABD5	N980HB	AC95
ABD7	N980HD	C56X
ABE1	N980HP	C82R
ABEC	N980J	E50P
ABED	N980JA	DA42
ABF2	N980JF	C68A
ABF3	N980JG	CH7B
ABF6	N980JK	C82R
ABFD	N980JS	C750
ABFE	N980JT	A321
AC11	N980KM	RV12
AC1E	N980L	C182
AC38	N980MA	M600
AC43	N980MM	TBM9
AC49	N980MT	EC45
AC5A	N980NK	A20N
AC5D	N980NN	B738
AC69	N980P	PA24
AC6A	N980PA	BE58
AC7A	N980PS	GLEX
AC7B	N980PT	LNC2
AC82	N980Q	BE35
ACA4	N980RJ	S22T
ACAB	N980RR	CL60
ACAF	N980RV	RV6
ACB4	N980S	FA50
ACB8	N980SD	B06
ACB9	N980SE	BE35
ACC2	N980SP	C172
ACC6	N980ST	B734
ACC9	N980SW	CRJ2
ACCD	N980T	RV4
ACCE	N980TA	C172
ACDF	N980TT	R44
ACE2	N980TW	MD83
ACE3	N980TX	H25B
ACF7	N980US	SR20
ACFD	N980UY	A321
AD02	N980VC	BE10
AD0D	N980VP	C25A
AD18	N980W	R66
AD31	N980X	TBM9
AD7D	N9800A	C195
AD7E	N9800B	B14A
AD80	N9800D	PA11
AD81	N9800E	AR11
AD85	N9800J	C150
AD8A	N9800P	PA18
AD8E	N9800T	C172
AD8F	N9800U	AA5
AD91	N9800W	P28A
AD96	N98001	P28A
AD97	N98002	J3
AD99	N98004	J3
AD9B	N98006	J3
AD9C	N98007	SR22
ADA0	N9801A	C195
ADA1	N9801B	B14A
ADA2	N9801C	T6
ADA6	N9801G	C172
ADAB	N9801M	M4
ADAF	N9801R	BE35
ADB4	N9801W	P28A
ADB6	N9801Y	M20P
ADBA	N98012	P28A
ADBC	N98014	P28A
ADBF	N98017	P28A
ADC3	N9802A	PA44
ADC7	N9802E	C182
ADCA	N9802H	C82R
ADCC	N9802K	CRER
ADCE	N9802M	M4
ADD0	N9802P	HIGH
ADD2	N9802R	BE35
ADD4	N9802T	C172
ADD5	N9802U	AA5
ADD8	N9802X	C185
ADDA	N9802Z	T206
ADDC	N98021	P28A
ADDD	N98022	J3
ADDE	N98023	J3
ADE0	N98025	J3
ADE1	N98026	J3
ADE3	N98028	J3
ADE8	N9803C	C172
ADE9	N9803D	PA22
ADED	N9803H	C82R
ADF3	N9803P	PA25
ADF9	N9803V	C188
ADFB	N9803X	C185
ADFC	N9803Y	CH7B
ADFD	N9803Z	C206
AE01	N98033	J3
AE03	N98035	J3
AE05	N98037	P28A
AE0A	N9804B	B14A
AE0B	N9804C	T6
AE0C	N9804D	PA22
AE0D	N9804E	AR11
AE11	N9804J	C150
AE14	N9804M	M4
AE18	N9804R	BE35
AE1A	N9804T	C172
AE1F	N9804Y	CH7A
AE21	N98040	J3
AE22	N98041	J3
AE23	N98042	J3
AE26	N98045	J3
AE28	N98047	J3
AE29	N98048	J3
AE2B	N9805	G164
AE2C	N9805A	C195
AE2D	N9805B	B14A
AE2E	N9805C	T6
AE32	N9805G	C172
AE35	N9805K	S108
AE3B	N9805R	BE35
AE3D	N9805T	C172
AE3E	N9805U	AA1
AE40	N9805W	P28A
AE42	N9805Y	CH7A
AE44	N98050	J3
AE45	N98051	P28A
AE48	N98054	J3
AE49	N98055	P28A
AE4B	N98057	J3
AE4D	N98059	P28A
AE4F	N9806A	RV6
AE50	N9806B	B14A
AE51	N9806C	T6
AE53	N9806E	C82R
AE55	N9806G	C172
AE5C	N9806P	PA25
AE5E	N9806R	BE35
AE64	N9806X	C185
AE68	N98061	P28A
AE6A	N98063	P28A
AE6C	N98065	P28A
AE73	N9807B	B14A
AE74	N9807C	P28A
AE78	N9807G	C172
AE79	N9807H	C82R
AE85	N9807V	C188
AE88	N9807Y	M20P
AE8B	N98071	J3
AE8C	N98072	P28A
AE8E	N98074	P28A
AE8F	N98075	P28A
AE91	N98077	P28A
AE98	N9808D	PA22
AE99	N9808E	AR11
AE9C	N9808H	C82R
AE9D	N9808J	C172
AE9F	N9808L	C320
AEA0	N9808M	M4
AEA4	N9808R	BE35
AEA6	N9808T	C172
AEA9	N9808W	P28A
AEAA	N9808X	C185
AEAD	N98080	P28A
AEAE	N98081	J3
AEAF	N98082	P28A
AEB0	N98083	J3
AEB2	N98085	J3
AEB3	N98086	P28A
AEB7	N9809	G164
AEB9	N9809B	B14A
AEBA	N9809C	T6
AEBC	N9809E	AR11
AEBE	N9809G	C172
AEBF	N9809H	C82R
AEC0	N9809J	C150
AEC1	N9809K	P28R
AEC2	N9809L	C320
AEC3	N9809M	TAYB
AEC5	N9809P	PA25
AEC7	N9809R	BE35
AECA	N9809U	AA5
AECB	N9809V	SONX
AED0	N98090	J3
AED2	N98092	P28A
AED5	N98095	P28A
AED6	N98096	J3
AEDA	N981	RV6
AEDE	N981AC	RV6
AEE2	N981AG	C560
AEE5	N981AK	T206
AEE6	N981AL	LJ35
AEE7	N981AM	C25B
AEE8	N981AN	B738
AEEB	N981AR	S22T
AEED	N981AT	B712
AEF5	N981BA	B38M
AEF6	N981BB	BE20
AEF7	N981BC	C72R
AF06	N981BT	C72R
AF10	N981CC	GLEX
AF11	N981CD	SR22
AF18	N981CL	H25B
AF19	N981CM	CH7B
AF1B	N981CP	C72R
AF28	N981DB	H25B
AF31	N981DL	MD88
AF32	N981DM	C340
AF3B	N981DW	AS50
AF50	N981ES	SF34
AF53	N981EV	CRJ2
AF5D	N981FE	C208
AF60	N981FH	F2TH
AF71	N981G	RV7
AF73	N981GB	DG15
AF83	N981GT	T206
AF98	N981HP	AS50
AFA4	N981JA	DA42
AFB5	N981JT	A321
AFBC	N981K	S22T
AFC8	N981KM	E300
AFD6	N981LA	VR7
AFE0	N981LL	BE30
AFF0	N981MB	BE36
AFF6	N981MH	GAZL
AFFA	N981MM	GLAS
AFFC	N981MP	LGEZ
AFFE	N981MR	C82T
B011	N981NK	A20N
B014	N981NN	B738
B01C	N981NW	M7
B020	N981P	SR22
B027	N981PG	S22T
B039	N981Q	BE35
B056	N981RD	T206
B05A	N981RH	B06
B066	N981RV	RV9
B067	N981RW	SLG4
B06B	N981S	SF50
B06E	N981SC	C180
B073	N981SH	R22
B076	N981SL	R22
B077	N981SM	M20P
B079	N981SP	C172
B07D	N981ST	A119
B07E	N981SU	P28A
B084	N981T	BE35
B08F	N981TL	RV7
B099	N981TW	C172
B0B4	N981UY	A321
B0E0	N981WS	C82S
B0E2	N981WU	C72R
B101	N981Y	BE35
B134	N9810A	C195
B135	N9810B	B14A
B13A	N9810G	C172
B13B	N9810H	C82R
B13C	N9810J	C150
B13F	N9810M	M4
B143	N9810R	BE35
B145	N9810T	C172
B146	N9810U	AA5
B14A	N9810Y	CH7B
B14C	N98100	P28A
B14F	N98103	P28A
B152	N98106	J3
B153	N98107	P28A
B155	N98109	J3
B158	N9811B	B14A
B15A	N9811D	PA22
B15B	N9811E	AR11
B15E	N9811H	C210
B15F	N9811J	C150
B160	N9811K	S108
B168	N9811T	PA38
B169	N9811U	AA5
B16A	N9811V	C172
B16B	N9811W	P28A
B16C	N9811X	J3
B16E	N9811Z	C206
B16F	N98110	J3
B170	N98111	J3
B171	N98112	J3
B174	N98115	J3
B175	N98116	P28A
B177	N98118	J3
B17B	N9812B	C72R
B17C	N9812C	P28A
B180	N9812G	C188
B181	N9812H	FA62
B182	N9812J	C172
B184	N9812L	C320
B18A	N9812S	AC95
B18B	N9812T	C172
B18E	N9812W	P28A
B18F	N9812X	C185
B195	N98123	J3
B197	N98125	C172
B199	N98127	P28A
B19B	N98129	J3
B19E	N9813B	C72R
B19F	N9813C	T6
B1A1	N9813E	C182
B1A4	N9813H	C82R
B1A6	N9813K	S108
B1A7	N9813L	C172
B1A8	N9813M	M4
B1AE	N9813T	C172
B1B0	N9813V	C172
B1B1	N9813W	P28A
B1B3	N9813Y	CH7A
B1B6	N98131	P28A
B1B8	N98133	J3
B1B9	N98134	P28A
B1BA	N98135	P28A
B1BB	N98136	P28A
B1BC	N98137	J3
B1C0	N9814A	GLID
B1C2	N9814C	P28A
B1C3	N9814D	PA22
B1C4	N9814E	AR11
B1C6	N9814G	T206
B1C7	N9814H	J3
B1C9	N9814K	S108
B1CD	N9814P	PA18
B1CF	N9814R	BE35
B1D1	N9814T	C172
B1D8	N98140	J3
B1DC	N98144	P28A
B1E3	N9815A	C195
B1E4	N9815B	B14A
B1E9	N9815G	C172
B1EA	N9815H	C82R
B1ED	N9815L	C172
B1F0	N9815P	PA25
B1F5	N9815U	AA5
B1FA	N9815Z	T206
B1FB	N98150	P28A
B1FC	N98151	P28A
B1FD	N98152	P28A
B201	N98156	J3
B202	N98157	J3
B203	N98158	P28A
B204	N98159	J3
B205	N9816	G164
B209	N9816D	PA22
B20A	N9816E	C82R
B20C	N9816G	C172
B210	N9816L	C320
B211	N9816M	M4
B215	N9816R	BE35
B218	N9816U	AA5
B21C	N9816Y	CH7A
B21E	N98160	J3
B21F	N98161	P28A
B220	N98162	J3
B222	N98164	J3
B223	N98165	J3
B224	N98166	P28A
B225	N98167	P28A
B226	N98168	P28A
B227	N98169	J3
B22A	N9817B	B14A
B22F	N9817G	C172
B230	N9817H	C82R
B231	N9817J	C150
B232	N9817K	P28R
B238	N9817R	BE35
B23F	N9817Y	CH7A
B242	N98171	P28A
B243	N98172	J3
B244	N98173	J3
B246	N98175	C172
B247	N98176	P28A
B248	N98177	J3
B249	N98178	J3
B24A	N98179	J3
B24D	N9818B	B14A
B24F	N9818D	RV8
B250	N9818E	AR11
B252	N9818G	C172
B253	N9818H	C82R
B25B	N9818R	BE35
B25E	N9818U	AA5
B260	N9818W	P28A
B261	N9818X	C185
B262	N9818Y	CH7A
B264	N98180	J3
B268	N98184	M20P
B26A	N98186	C172
B26B	N98187	J3
B26C	N98188	C172
B26D	N98189	C172
B270	N9819B	B14A
B272	N9819D	PA22
B276	N9819H	C82R
B277	N9819J	C150
B27A	N9819M	M4
B27C	N9819P	PA25
B27E	N9819R	BE35
B281	N9819U	AA5
B287	N98190	P28A
B289	N98192	P28A
B28C	N98195	J3
B28D	N98196	P28A
B28E	N98197	PA11
B28F	N98198	J3
B291	N982	GLID
B29C	N982AK	B39M
B29F	N982AN	B738
B2A4	N982AT	B712
B2A6	N982AV	SRAI
B2AE	N982BC	M7
B2B3	N982BH	AS50
B2BB	N982BR	C82S
B2BD	N982BT	C72R
B2C4	N982C	S108
B2C5	N982CA	MD83
B2C7	N982CC	GLEX
B2C8	N982CD	SR22
B2C9	N982CE	H25B
B2D0	N982CM	A321
B2D2	N982CP	C72R
B2DE	N982DA	DV20
B2E8	N982DL	MD88
B2EE	N982DS	OSCR
B2F2	N982DW	C750
B2F9	N982EC	H25C
B317	N982FH	C56X
B31A	N982FL	B350
B328	N982G	CH7A
B329	N982GA	BE20
B343	N982HB	BE36
B346	N982HE	J3
B34F	N982HP	AS50
B35C	N982JB	A321
B366	N982JM	M20P
B373	N982K	PAY2
B374	N982KA	GLIM
B392	N982LF	EC45
B39E	N982LT	HIGH
B3B1	N982MM	GALX
B3B5	N982MR	AT6T
B3BF	N982NA	C550
B3C1	N982NC	C182
B3C8	N982NK	A20N
B3CB	N982NN	B738
B3D3	N982NW	M7
B3DB	N982PD	GLID
B401	N982QS	C68A
B40A	N982RA	BE20
B411	N982RH	B230
B41D	N982RV	RV8
B41E	N982RW	GA6C
B423	N982SA	FDCT
B424	N982SB	BE9L
B425	N982SC	E545
B428	N982SF	C206
B42A	N982SH	CDUS
B42C	N982SK	C172
B430	N982SP	C172
B432	N982SR	SREY
B434	N982ST	B407
B437	N982SW	CRJ2
B438	N982SX	SONX
B43B	N982T	BE35
B447	N982TM	BE20
B449	N982TP	C208
B44C	N982TS	S76
B450	N982TW	MD83
B455	N982UA	B763
B476	N982VJ	A321
B486	N982W	PA22
B487	N982WA	S05R
B498	N982WT	GLID
B4B8	N982Y	RV4
B4D1	N982Z	DC3
B4EA	N9820	TVLB
B4ED	N9820C	T6
B4EF	N9820E	AR11
B4F0	N9820F	C208
B4F2	N9820H	C82R
B4F3	N9820J	C150
B4FC	N9820T	C172
B505	N98202	J3
B506	N98203	P28A
B508	N98205	P28A
B50A	N98207	C180
B50B	N98208	P28A
B50C	N98209	J3
B50D	N9821	GLID
B50E	N9821A	ST75
B50F	N9821B	B14A
B510	N9821C	C182
B512	N9821E	C182
B514	N9821G	C172
B515	N9821H	C82R
B51B	N9821P	M20P
B51D	N9821R	BE35
B520	N9821U	AA5
B526	N98210	P28A
B527	N98211	RV7
B528	N98212	P28A
B52A	N98214	J3
B52C	N98216	J3
B52E	N98218	P28A
B52F	N98219	C172
B531	N9822A	J3
B532	N9822B	B14A
B535	N9822E	C182
B538	N9822H	C82R
B539	N9822J	C150
B53A	N9822K	S108
B540	N9822R	BE35
B543	N9822U	AA5
B544	N9822V	C172
B546	N9822X	C185
B547	N9822Y	CH7B
B54B	N98222	P28A
B54C	N98223	P28A
B54E	N98225	J3
B550	N98227	J3
B554	N9823A	C195
B555	N9823B	B14A
B55E	N9823L	C172
B55F	N9823M	M4
B563	N9823R	BE35
B566	N9823U	AA5
B567	N9823V	C188
B569	N9823X	C185
B56A	N9823Y	CH7A
B56F	N98233	J3
B572	N98236	J3
B573	N98237	P28A
B574	N98238	J3
B575	N98239	P28A
B578	N9824B	B14A
B57E	N9824H	C82R
B57F	N9824J	C172
B581	N9824L	C172
B584	N9824P	PA25
B588	N9824T	C172
B589	N9824U	AA5
B58A	N9824V	C172
B58C	N9824X	C185
B58D	N9824Y	CH7A
B58F	N98240	P28A
B590	N98241	P28A
B591	N98242	P28A
B593	N98244	P28A
B595	N98246	J3
B597	N98248	J3
B598	N98249	P28A
B599	N9825	G164
B59C	N9825C	T6
B59E	N9825E	AR11
B5A0	N9825G	C172
B5A4	N9825L	C320
B5AB	N9825T	C172
B5AE	N9825W	COZY
B5B1	N9825Z	CAT
B5B3	N98251	C172
B5B4	N98252	J3
B5B9	N98257	P28A
B5BB	N98259	J3
B5BD	N9826A	C195
B5BE	N9826B	B14A
B5C8	N9826M	M4
B5CC	N9826R	BE35
B5CD	N9826S	GLEX
B5D1	N9826W	P28A
B5D6	N98261	J3
B5D7	N98262	J3
B5D8	N98263	P28A
B5D9	N98264	C172
B5DA	N98265	P28A
B5DB	N98266	P28A
B5DD	N98268	P28A
B5DE	N98269	P28A
B5DF	N9827	G164
B5E1	N9827B	B14A
B5E2	N9827C	C82R
B5E3	N9827D	PA22
B5E6	N9827G	C172
B5E7	N9827H	C82R
B5EB	N9827M	M4
B5ED	N9827P	PA25
B5F2	N9827U	AA5
B5F6	N9827Y	CH7B
B5F9	N98271	C172
B5FB	N98273	P28A
B5FC	N98274	J3
B5FF	N98277	J3
B600	N98278	J3
B603	N9828A	C195
B607	N9828E	C182
B60B	N9828J	C150
B60D	N9828L	C172
B611	N9828Q	AEST
B612	N9828R	BE35
B613	N9828S	SRAI
B614	N9828T	C172
B615	N9828U	AA5
B618	N9828X	C185
B61C	N98281	J3
B61E	N98283	PA11
B621	N98286	J3
B626	N9829A	C190
B627	N9829B	C208
B62D	N9829H	C82R
B62E	N9829J	C172
B631	N9829M	C207
B634	N9829Q	PA18
B637	N9829T	C172
B63D	N9829Z	COZY
B641	N98293	P28A
B642	N98294	J3
B645	N98297	P28A
B646	N98298	P28A
B653	N983AK	B39M
B655	N983AM	SA30
B656	N983AN	B738
B659	N983AR	BE30
B65B	N983AT	B712
B65D	N983AV	T206
B65E	N983AW	C182
B669	N983BG	M18
B67E	N983CC	PA11
B67F	N983CD	SR22
B680	N983CE	H25B
B681	N983CF	CAT
B683	N983CH	PC12
B687	N983CM	A321
B689	N983CP	C72R
B68B	N983CR	CL60
B695	N983DA	DV20
B696	N983DB	B36T
B697	N983DC	DC3
B69F	N983DL	MD88
B6A5	N983DS	OSCR
B6CB	N983FE	C208
B6D8	N983FT	BN2P
B6E4	N983GE	PA18
B6F1	N983GT	BE33
B6F9	N983HA	R44
B706	N983HP	AS50
B711	N983J	GLEX
B712	N983JA	C172
B713	N983JB	C340
B723	N983JT	A321
B744	N983LA	AT8T
B74D	N983LK	RV8
B77F	N983NK	A20N
B782	N983NN	B738
B790	N983PB	RV12
B7B8	N983QS	C68A
B7C1	N983RA	C72R
B7C8	N983RH	B06
B7D5	N983RW	SONX
B7DC	N983SC	PC12
B7E1	N983SH	R22
B7E5	N983SM	BE36
B7E7	N983SP	C172
B7E9	N983SR	P32R
B7EB	N983ST	A119
B7ED	N983SV	B429
B7EE	N983SW	CRJ2
B807	N983TW	MD83
B826	N983VB	C82R
B84B	N983WP	SR22
B850	N983WU	C72R
B852	N983WW	S61
B8A3	N9830B	B14A
B8A6	N9830E	AR11
B8A8	N9830G	C172
B8AA	N9830J	C150
B8AD	N9830M	M4
B8AF	N9830P	PA25
B8B1	N9830R	BE35
B8B2	N9830S	J3
B8B3	N9830T	C172
B8B5	N9830V	C172
B8B7	N9830X	C185
B8BA	N98300	J3
B8BB	N98301	P28A
B8BD	N98303	J3
B8BE	N98304	P28A
B8C0	N98306	C172
B8C1	N98307	J3
B8C2	N98308	P28A
B8C5	N9831A	J3
B8C6	N9831B	B14A
B8C8	N9831D	PA22
B8C9	N9831E	AR11
B8CB	N9831G	C172
B8CD	N9831J	C150
B8CF	N9831L	C320
B8D0	N9831M	M4
B8D3	N9831Q	PA18
B8D4	N9831R	BE35
B8DD	N98310	J3
B8DE	N98311	J3
B8E0	N98313	J3
B8E5	N98318	J3
B8E6	N98319	P28A
B8E9	N9832B	B14A
B8EB	N9832D	PA22
B8EC	N9832E	AR11
B8EF	N9832H	DG15
B8F0	N9832J	C150
B8F2	N9832L	C320
B8F7	N9832R	P32R
B8FA	N9832U	AA1
B8FC	N9832W	P28A
B8FD	N9832X	C185
B900	N98320	P28A
B903	N98323	C172
B904	N98324	J3
B906	N98326	C172
B907	N98327	J3
B908	N98328	J3
B90B	N9833A	C195
B90C	N9833B	B14A
B90F	N9833E	AR11
B910	N9833F	B06
B912	N9833H	C82R
B916	N9833M	M4
B919	N9833Q	PA18
B91A	N9833R	BE35
B91C	N9833T	PA38
B91E	N9833V	C172
B91F	N9833W	P28A
B922	N9833Z	L5
B925	N98332	J3
B926	N98333	J3
B928	N98335	P28A
B929	N98336	J3
B92C	N98339	BE23
B930	N9834C	C82R
B934	N9834G	C172
B937	N9834K	S108
B938	N9834L	C172
B939	N9834M	M4
B93B	N9834P	PA18
B93D	N9834R	BE35
B93F	N9834T	C172
B940	N9834U	AA5
B942	N9834W	P28A
B943	N9834X	C185
B945	N9834Z	N3N
B946	N98340	J3
B948	N98342	J3
B94B	N98345	P28A
B94D	N98347	J3
B94E	N98348	P28A
B94F	N98349	J3
B951	N9835A	C195
B954	N9835D	PA24
B955	N9835E	AR11
B957	N9835G	C172
B959	N9835J	C150
B95F	N9835Q	PA18
B960	N9835R	BE35
B962	N9835T	C172
B96A	N98351	P28A
B96B	N98352	C172
B96C	N98353	J3
B96D	N98354	C172
B96E	N98355	J3
B970	N98357	P28A
B971	N98358	J3
B972	N98359	J3
B974	N9836A	C195
B975	N9836B	C72R
B976	N9836C	C82R
B977	N9836D	PA22
B978	N9836E	AR11
B97A	N9836G	C172
B97B	N9836H	C82R
B97E	N9836L	C320
B981	N9836P	BE36
B982	N9836Q	PA18
B984	N9836S	BE36
B98A	N9836Y	CH7A
B98C	N98360	P28A
B98D	N98361	J3
B98F	N98363	P28A
B991	N98365	P28A
B992	N98366	J3
B994	N98368	J3
B99D	N9837G	C188
B99E	N9837H	C82R
B9A1	N9837L	C172
B9A5	N9837Q	PA18
B9A6	N9837R	BE35
B9A8	N9837T	C172
B9AB	N9837W	P28A
B9AF	N98370	J3
B9B0	N98371	P28A
B9B1	N98372	P28A
B9B2	N98373	J3
B9B6	N98377	P28A
B9B7	N98378	P28A
B9B9	N9838	GLID
B9BB	N9838B	C72R
B9BC	N9838C	C82R
B9BE	N9838E	CH7A
B9BF	N9838F	L5
B9C0	N9838G	C172
B9C1	N9838H	C82S
B9C3	N9838K	P28A
B9C5	N9838M	M4
B9C8	N9838Q	PA18
B9CD	N9838V	C172
B9CE	N9838W	P28A
B9D1	N9838Z	BE9L
B9D2	N98380	P28A
B9D3	N98381	C172
B9D4	N98382	J3
B9D5	N98383	P28A
B9D6	N98384	P28A
B9DA	N98388	P28A
B9DB	N98389	P28A
B9DE	N9839B	B14A
B9E0	N9839D	PA22
B9E1	N9839E	GLID
B9E3	N9839G	C172
B9E5	N9839J	C150
B9E6	N9839K	P28A
B9E8	N9839M	M4
B9EB	N9839Q	PA18
B9F1	N9839W	P28A
B9F3	N9839Y	CH7A
B9F5	N98390	J3
B9F6	N98391	J3
B9F9	N98394	J3
B9FA	N98395	C172
B9FB	N98396	J3
B9FC	N98397	J3
B9FE	N98399	J3
B9FF	N984	PA18
BA00	N984A	PA22
BA02	N984AB	B190
BA03	N984AC	C208
BA09	N984AJ	RV8
BA0A	N984AK	B39M
BA14	N984AV	C72R
BA15	N984AW	RV9
BA19	N984B	B47G
BA1C	N984BC	BE58
BA1F	N984BF	PC24
BA21	N984BH	LJ45
BA23	N984BK	F900
BA2B	N984BT	C72R
BA2F	N984BX	F900
BA37	N984CE	H25B
BA40	N984CP	C72R
BA44	N984CT	RV3
BA48	N984CX	BE9L
BA4C	N984DA	DV20
BA4E	N984DC	GLEX
BA5C	N984DS	C310
BA64	N984E	RV8
BA67	N984EC	EC35
BA75	N984ES	DA40
BA7D	N984F	FOX
BA82	N984FE	C208
BAB0	N984HA	DH8A
BABD	N984HP	AS50
BAC9	N984JA	C172
BACA	N984JB	A321
BACC	N984JD	C208
BAD9	N984JS	C82T
BADD	N984JW	GLF4
BAE1	N984K	AVID
BAE4	N984KC	SR22
BAFE	N984LD	CH70
BB02	N984LH	F900
BB08	N984LP	AVID
BB0B	N984LS	C25M
BB14	N984MA	BE9L
BB16	N984MC	RV10
BB18	N984ME	EC45
BB36	N984NK	A20N
BB39	N984NN	B738
BB45	N984P	LNP4
BB49	N984PD	C82S
BB4C	N984PG	SR20
BB50	N984PL	RV6
BB88	N984RS	RV6
BB92	N984SB	C510
BB93	N984SC	C310
BB9E	N984SP	C172
BBA2	N984ST	A119
BBA5	N984SW	P28A
BBA9	N984T	GLIM
BBAD	N984TD	M20P
BBB1	N984TH	SA30
BBBE	N984TW	MD83
BBE0	N984VE	PC24
BBF0	N984VW	M20P
BBF6	N984WB	PA22
BC07	N984WU	C72R
BC1D	N984XR	LJ45
BC59	N9840A	C82R
BC5A	N9840B	B14A
BC5B	N9840C	C82R
BC5C	N9840D	PA22
BC5D	N9840E	C182
BC5F	N9840G	C172
BC61	N9840J	C150
BC64	N9840M	M4
BC67	N9840Q	PA18
BC6B	N9840U	AA5
BC6D	N9840W	P28A
BC6F	N9840Y	CH7A
BC70	N9840Z	BE18
BC71	N98400	J3
BC76	N98405	J3
BC77	N98406	J3
BC78	N98407	C172
BC7D	N9841B	B14A
BC80	N9841E	GLID
BC82	N9841G	C172
BC83	N9841H	C82R
BC86	N9841L	C172
BC87	N9841M	M4
BC8E	N9841U	AA1
BC90	N9841W	P28A
BC91	N9841X	C82T
BC92	N9841Y	C210
BC94	N98410	C172
BC97	N98413	J3
BC9A	N98416	J3
BC9B	N98417	J3
BCA0	N9842B	B14A
BCA1	N9842C	C82R
BCA2	N9842D	PA22
BCA3	N9842E	C177
BCA5	N9842G	C172
BCA6	N9842H	C82R
BCA8	N9842K	S108
BCAD	N9842Q	PA18
BCAE	N9842R	BE35
BCB0	N9842T	PA38
BCB3	N9842W	P28A
BCB7	N98420	J3
BCB8	N98421	J3
BCB9	N98422	J3
BCBA	N98423	J3
BCBB	N98424	C172
BCBC	N98425	J3
BCBD	N98426	C172
BCBF	N98428	C172
BCC0	N98429	J3
BCC5	N9843D	PA22
BCC6	N9843E	GLID
BCC9	N9843H	C82R
BCCB	N9843K	P28A
BCCD	N9843M	M4
BCD0	N9843Q	PA18
BCD1	N9843R	BE35
BCD3	N9843T	C172
BCD4	N9843U	AA5
BCD5	N9843V	C172
BCD6	N9843W	P28A
BCD8	N9843Y	T210
BCDE	N98434	J3
BCE0	N98436	C72R
BCE1	N98437	C421
BCE3	N98439	J3
BCE6	N9844B	C72R
BCE9	N9844E	C82R
BCEC	N9844H	ST75
BCEE	N9844K	S108
BCEF	N9844L	C320
BCF2	N9844P	PA25
BCF4	N9844R	BE35
BCF5	N9844S	P28A
BCF8	N9844V	C172
BCF9	N9844W	P28A
BD01	N98444	M20P
BD02	N98445	J3
BD03	N98446	J3
BD09	N9845B	B14A
BD0B	N9845D	PA22
BD0F	N9845H	C82R
BD11	N9845K	P28A
BD12	N9845L	C172
BD13	N9845M	M4
BD16	N9845Q	PA18
BD19	N9845T	C172
BD1A	N9845U	AA5
BD1B	N9845V	C172
BD1C	N9845W	P28A
BD1D	N9845X	C185
BD20	N98450	J3
BD21	N98451	J3
BD22	N98452	J3
BD23	N98453	J3
BD26	N98456	C172
BD29	N98459	J3
BD2B	N9846A	C82R
BD2C	N9846B	B14A
BD2E	N9846D	PA18
BD31	N9846G	C172
BD35	N9846L	C172
BD36	N9846M	M4
BD38	N9846P	PA25
BD39	N9846Q	PA18
BD3A	N9846R	BE35
BD3D	N9846U	AA5
BD45	N98462	J3
BD46	N98463	C172
BD47	N98464	C421
BD4E	N9847A	C195
BD4F	N9847B	B14A
BD54	N9847G	C172
BD57	N9847K	S108
BD58	N9847L	C172
BD5B	N9847P	PA18
BD5D	N9847R	BE35
BD60	N9847U	AA1
BD61	N9847V	C172
BD62	N9847W	P28A
BD64	N9847Y	CH7A
BD68	N98472	J3
BD69	N98473	J3
BD6A	N98474	T6
BD6D	N98477	C172
BD6F	N98479	J3
BD71	N9848A	C190
BD73	N9848C	C82R
BD75	N9848E	GLID
BD77	N9848G	C172
BD78	N9848H	C82R
BD79	N9848J	C172
BD7A	N9848K	S108
BD7C	N9848M	T206
BD80	N9848R	BE35
BD82	N9848T	C172
BD83	N9848U	AA5
BD84	N9848V	C172
BD89	N98480	J3
BD8D	N98484	J3
BD8E	N98485	C172
BD94	N9849A	C195
BD95	N9849B	B14A
BD96	N9849C	C82R
BD9A	N9849G	C172
BD9B	N9849H	C82R
BD9D	N9849K	S108
BD9E	N9849L	C172
BD9F	N9849M	M4
BDA2	N9849Q	C172
BDA3	N9849R	BE35
BDA6	N9849U	AA5
BDA8	N9849W	P28A
BDAE	N98492	C172
BDB0	N98494	C172
BDB1	N98495	J3
BDB4	N98498	M20P
BDB6	N985	ST75
BDB7	N985A	PA22
BDB9	N985AB	BE9L
BDBA	N985AC	BL8
BDBE	N985AG	C56X
BDC1	N985AK	B39M
BDC9	N985AT	B712
BDCC	N985AW	PC12
BDD0	N985B	B47G
BDD1	N985BA	SREY
BDD2	N985BB	C25A
BDD4	N985BD	RV7
BDD9	N985BJ	C172
BDE5	N985BW	S22T
BDE9	N985C	P46T
BDEE	N985CC	H25B
BDF0	N985CG	RV6
BDF4	N985CL	H25B
BDF5	N985CM	A321
BDF7	N985CP	C72R
BE02	N985D	RELI
BE03	N985DA	DV20
BE04	N985DB	C180
BE0A	N985DH	DHC2
BE0D	N985DL	MD88
BE0E	N985DM	M7
BE13	N985DS	OSCR
BE1C	N985EA	C175
BE25	N985EK	SR22
BE26	N985EL	GL5T
BE2C	N985ES	SF34
BE35	N985FA	C172
BE38	N985FD	B752
BE39	N985FE	C208
BE3A	N985FF	ST75
BE4A	N985FX	C208
BE4D	N985G	RS12
BE53	N985GF	E50P
BE62	N985GW	C82R
BE66	N985H	ST75
BE67	N985HA	DH8B
BE74	N985HP	AS50
BE7B	N985HW	FURY
BE80	N985JA	DA42
BE81	N985JB	AT6T
BE89	N985JK	C310
BE91	N985JT	A321
BE99	N985KA	C172
BEA2	N985KK	C150
BEA4	N985KM	CL30
BECC	N985MB	B412
BECD	N985MC	B407
BED0	N985MF	B06
BEDB	N985MS	RV4
BEDE	N985MV	H500
BEED	N985NK	A20N
BEF0	N985NN	B738
BEFC	N985P	DHC2
BF15	N985Q	BE35
BF2E	N985R	G21
BF42	N985RV	WAIX
BF47	N985S	BE18
BF48	N985SA	AS50
BF4F	N985SH	R22
BF57	N985SR	PC12
BF59	N985ST	A119
BF5C	N985SW	BE17
BF60	N985T	BE35
BF87	N985UP	C750
BF92	N985V	RELI
BFAB	N985W	PA18
BFAC	N985WA	S05R
BFAE	N985WC	PC12
C019	N9850K	S108
C01B	N9850M	M4
C01F	N9850R	BE35
C022	N9850U	AA5
C023	N9850V	C172
C024	N9850W	P28A
C029	N98501	J3
C02A	N98502	C172
C02B	N98503	J3
C02C	N98504	J3
C02E	N98506	J3
C031	N98509	J3
C032	N9851	P180
C033	N9851A	C190
C034	N9851B	C72R
C035	N9851C	C82R
C036	N9851D	PA18
C03A	N9851H	C82R
C03B	N9851J	C150
C03C	N9851K	S108
C041	N9851Q	C172
C045	N9851U	AA5
C048	N9851X	C185
C049	N9851Y	CH7A
C04B	N98510	C72R
C04D	N98512	J3
C052	N98517	J3
C054	N98519	J3
C058	N9852C	C82R
C05E	N9852J	C150
C065	N9852R	BE35
C067	N9852T	C172
C068	N9852U	AA5
C06F	N98521	J3
C072	N98524	J3
C073	N98525	C172
C075	N98527	J3
C078	N9853	G164
C07B	N9853C	C303
C07D	N9853E	GLID
C07F	N9853G	C172
C080	N9853H	C82R
C081	N9853J	C172
C083	N9853L	C172
C084	N9853M	CH60
C088	N9853R	BE35
C08B	N9853U	AA5
C08D	N9853W	P28A
C091	N98530	C172
C093	N98532	J3
C094	N98533	C340
C095	N98534	J3
C097	N98536	J3
C099	N98538	J3
C09A	N98539	J3
C09C	N9854A	C190
C0A0	N9854E	GLID
C0A1	N9854F	J3
C0A4	N9854J	C150
C0AD	N9854T	C172
C0AE	N9854U	AA5
C0B0	N9854W	P28A
C0B1	N9854X	C185
C0B3	N9854Z	PC12
C0B4	N98540	J3
C0B7	N98543	J3
C0B9	N98545	J3
C0BC	N98548	J3
C0BD	N98549	J3
C0BF	N9855A	C195
C0C2	N9855D	PA18
C0C5	N9855G	C172
C0C7	N9855J	RV6
C0CA	N9855M	M4
C0CF	N9855S	P28A
C0D0	N9855T	C172
C0D1	N9855U	AA5
C0D3	N9855W	P28A
C0D4	N9855X	C185
C0D5	N9855Y	CH7A
C0DB	N98554	C340
C0DC	N98555	J3
C0DF	N98558	J3
C0E4	N9856C	B25
C0E6	N9856E	GLID
C0E7	N9856F	ST75
C0E8	N9856G	ST75
C0E9	N9856H	ST75
C0EC	N9856L	C320
C0F1	N9856R	BE35
C0F4	N9856U	AA5
C0F5	N9856V	C172
C0FB	N98561	C172
C0FF	N98565	J3
C102	N98568	J3
C105	N9857A	C195
C106	N9857B	CH7A
C109	N9857E	GLID
C10B	N9857G	C172
C10D	N9857J	C150
C112	N9857P	P51
C116	N9857T	C172
C11F	N98572	J3
C123	N98576	J3
C124	N98577	J3
C126	N98579	C340
C128	N9858A	C195
C12B	N9858D	PA18
C12D	N9858F	H269
C12E	N9858G	C172
C132	N9858L	AA1
C133	N9858M	M4
C135	N9858P	PA18
C137	N9858R	BE35
C139	N9858T	C172
C13C	N9858W	P28A
C13E	N9858Y	CH7A
C140	N98580	C172
C144	N98584	C172
C145	N98585	C340
C14A	N9859	YK52
C14B	N9859A	C195
C14C	N9859B	CH7A
C151	N9859G	C172
C152	N9859H	FA62
C153	N9859J	C150
C154	N9859K	PA34
C158	N9859P	PA18
C15A	N9859R	BE35
C15C	N9859T	C172
C15D	N9859U	AA1
C15E	N9859V	C172
C15F	N9859W	P28A
C163	N98590	C340
C165	N98592	C172
C169	N98596	J3
C16A	N98597	J3
C16D	N986	MIMU
C16F	N986AA	H60
C171	N986AC	PC12
C178	N986AK	MD87
C17B	N986AN	A321
C17E	N986AR	MD11
C17F	N986AS	B738
C180	N986AT	B712
C182	N986AV	C72R
C189	N986BB	FOX
C192	N986BL	LJ45
C195	N986BP	RV4
C199	N986BT	C72R
C1A1	N986CA	CRJ2
C1A2	N986CB	C340
C1A3	N986CC	SR20
C1A4	N986CD	SR22
C1A5	N986CE	H25B
C1AA	N986CK	PA18
C1AE	N986CP	C72R
C1C3	N986DK	C82T
C1C4	N986DL	MD88
C1C7	N986DP	F900
C1CA	N986DS	C501
C1CB	N986DT	S22T
C1E3	N986ES	ECHO
C1ED	N986FB	P28A
C1EF	N986FD	B752
C1F0	N986FE	C208
C201	N986FX	C208
C204	N986G	P28A
C210	N986GM	C414
C216	N986GT	RV4
C21E	N986HA	DH8B
C225	N986HH	ASTR
C22B	N986HP	AS50
C238	N986JB	A321
C239	N986JC	HA4T
C23C	N986JF	GLID
C242	N986JM	RV8
C248	N986JT	S22T
C24B	N986JW	RV6
C253	N986KD	PA18
C26E	N986LF	EC35
C28D	N986MM	SS2T
C293	N986MT	C82T
C2A4	N986NK	A20N
C2A7	N986NN	B738
C2B3	N986P	HUSK
C2C3	N986PR	C525
C2C8	N986PW	GLID
C2E5	N986R	M4
C2EC	N986RG	P46T
C2F1	N986RM	GLID
C2F9	N986RV	RV6
C2FF	N986SA	LJ35
C302	N986SD	H500
C306	N986SH	R22
C30C	N986SP	GLF4
C310	N986ST	C25C
C313	N986SW	CRJ2
C317	N986T	CRER
C318	N986TA	E190
C32D	N986TX	RV6
C362	N986W	C208
C363	N986WA	S05R
C375	N986WU	C72R
C37B	N986X	G164
C394	N986Y	BE36
C3CB	N9860E	GLID
C3CD	N9860G	C172
C3D5	N9860Q	C172
C3DB	N9860W	P28A
C3DF	N98600	J3
C3E1	N98602	J3
C3E2	N98603	J3
C3E5	N98606	J3
C3E7	N98608	J3
C3E9	N9861	VJ22
C3EC	N9861C	C82R
C3EE	N9861E	GLID
C3F0	N9861G	C172
C3F3	N9861K	S108
C3F5	N9861M	M4
C3F8	N9861Q	C172
C3F9	N9861R	BE35
C3FB	N9861T	C172
C3FC	N9861U	AA5
C400	N9861Y	T210
C401	N9861Z	T206
C403	N98611	J3
C404	N98612	J3
C405	N98613	C340
C407	N98615	J3
C408	N98616	C340
C40D	N9862A	RV10
C40F	N9862C	T28
C411	N9862E	GLID
C412	N9862F	C340
C414	N9862H	C82S
C415	N9862J	C172
C41C	N9862R	BE35
C41E	N9862T	C172
C41F	N9862U	AA1
C423	N9862Y	CH7A
C429	N98624	C340
C42B	N98626	J3
C42C	N98627	J3
C42E	N98629	L5
C42F	N9863	FOX
C430	N9863A	C195
C431	N9863B	C72R
C433	N9863D	PA18
C434	N9863E	C82R
C436	N9863G	C172
C437	N9863H	C82R
C43A	N9863L	C172
C43E	N9863Q	C185
C441	N9863T	C172
C442	N9863U	AA5
C444	N9863W	P28A
C447	N9863Z	CAMP
C44B	N98633	J3
C44F	N98637	C172
C454	N9864B	C72R
C455	N9864C	C82R
C457	N9864E	GLID
C459	N9864G	C172
C45B	N9864J	C150
C45D	N9864L	C172
C45E	N9864M	M4
C461	N9864Q	C172
C464	N9864T	C172
C465	N9864U	AA5
C46B	N98640	J3
C46C	N98641	J3
C46D	N98642	J3
C471	N98646	C172
C474	N98649	C402
C476	N9865A	C190
C479	N9865D	PA18
C47A	N9865E	GLID
C47C	N9865G	C172
C47D	N9865H	DG15
C47E	N9865J	C150
C480	N9865L	AA1
C481	N9865M	M4
C485	N9865R	BE35
C48B	N9865X	C185
C48C	N9865Y	CH7B
C48F	N98651	C172
C490	N98652	C172
C491	N98653	J3
C492	N98654	J3
C497	N98659	J3
C499	N9866A	C190
C4A1	N9866J	C172
C4A3	N9866L	C172
C4AB	N9866U	AA1
C4AC	N9866V	C188
C4AF	N9866Y	CH7B
C4B2	N98661	J3
C4B6	N98665	J3
C4B8	N98667	J3
C4BF	N9867D	PA18
C4C0	N9867E	GLID
C4C2	N9867G	C172
C4C4	N9867J	C172
C4C5	N9867K	S108
C4C6	N9867L	AA1
C4CA	N9867Q	C172
C4CB	N9867R	BE35
C4CD	N9867T	C172
C4D0	N9867W	P28A
C4D2	N9867Y	CH7B
C4D5	N98671	J3
C4D8	N98674	J3
C4DC	N98678	J3
C4DD	N98679	J3
C4E0	N9868B	CH7A
C4E2	N9868D	PA18
C4E5	N9868G	C172
C4E8	N9868K	RV8
C4EA	N9868M	M4
C4EE	N9868R	BE35
C4F1	N9868U	AA5
C4F2	N9868V	C172
C4F3	N9868W	P28A
C4F4	N9868X	C185
C4F8	N98681	J3
C4FB	N98684	C172
C4FD	N98686	J3
C4FE	N98687	J3
C500	N98689	J3
C504	N9869C	C82R
C505	N9869D	PA18
C506	N9869E	C182
C508	N9869G	C172
C509	N9869H	C82R
C50C	N9869L	AA1
C50D	N9869M	C207
C510	N9869Q	C172
C513	N9869T	C172
C514	N9869U	AA5
C516	N9869W	P28A
C518	N9869Y	CH7A
C51E	N98694	C172
C51F	N98695	C402
C520	N98696	J3
C521	N98697	C402
C522	N98698	J3
C523	N98699	J3
C524	N987	FA24
C525	N987A	BL8
C526	N987AA	SR22
C527	N987AB	BE9L
C52C	N987AG	CLON
C52F	N987AK	MD87
C531	N987AM	A321
C532	N987AN	B738
C537	N987AT	B712
C539	N987AV	C72R
C53E	N987B	H60
C540	N987BB	RV4
C541	N987BC	C72R
C545	N987BG	M18
C553	N987BW	LGEZ
C557	N987C	S108
C558	N987CA	S22T
C559	N987CB	H500
C55B	N987CD	SR22
C55D	N987CF	FA50
C560	N987CJ	C550
C561	N987CK	K100
C562	N987CL	H25B
C563	N987CM	C510
C565	N987CP	C72R
C569	N987CT	DV20
C56C	N987CW	RV7
C56F	N987CZ	C182
C570	N987D	S108
C571	N987DA	DA40
C572	N987DB	GLIM
C573	N987DC	P28R
C579	N987DJ	DFLY
C57B	N987DL	MD88
C57C	N987DM	GLID
C57D	N987DN	B712
C581	N987DS	PA31
C589	N987E	RV4
C58B	N987EB	SRAI
C58D	N987ED	COY2
C590	N987EG	P28R
C5A2	N987F	FA50
C5A3	N987FA	C172
C5A6	N987FD	B752
C5A7	N987FE	C208
C5AE	N987FM	C182
C5B4	N987FT	RF6
C5B8	N987FX	C208
C5BB	N987G	K900
C5BE	N987GC	MD87
C5CD	N987GT	TB20
C5ED	N987J	RV9
C5EF	N987JB	MA5
C5F0	N987JC	M20P
C5FE	N987JS	BE58
C5FF	N987JT	A321
C606	N987K	CRBN
C609	N987KC	BE36
C62D	N987LP	G280
C630	N987LS	RV12
C638	N987M	C210
C63A	N987MB	RV7
C63B	N987MC	C421
C640	N987MH	BE20
C642	N987MK	SF50
C646	N987MP	EPIC
C658	N987NG	EXNG
C65B	N987NK	A20N
C65E	N987NN	B738
C66A	N987P	HUSK
C66E	N987PD	CH70
C670	N987PF	C172
C672	N987PH	COUR
C675	N987PL	T210
C67B	N987PS	PA46
C69D	N987RA	C208
C69E	N987RB	GLID
C6A4	N987RH	EC45
C6A5	N987RJ	C240
C6A7	N987RL	AS50
C6B5	N987S	CRER
C6B6	N987SA	RV12
C6B7	N987SB	LA4
C6BB	N987SF	UH1
C6C0	N987SL	WAIX
C6C3	N987SP	DHC2
C6C7	N987ST	BE30
C6CA	N987SW	CRJ2
C6CF	N987TA	E190
C6D2	N987TD	P28R
C6DA	N987TM	SR22
C6DF	N987TS	DA42
C6E0	N987TT	BE36
C719	N987W	SR22
C721	N987WH	R44
C72B	N987WT	SR22
C73D	N987XL	CH65
C77F	N9870B	CH7A
C781	N9870D	PA18
C782	N9870E	C82R
C784	N9870G	C172
C788	N9870L	AA1
C78D	N9870R	BE35
C790	N9870U	AA5
C792	N9870W	P28A
C794	N9870Y	T210
C796	N98700	J3
C797	N98701	J3
C79E	N98708	C172
C7A1	N9871A	C195
C7A3	N9871C	T6
C7A4	N9871D	PA18
C7A5	N9871E	C182
C7A6	N9871F	MOSQ
C7AB	N9871L	AA1
C7B0	N9871R	F2TH
C7B5	N9871W	P28A
C7B9	N98710	C172
C7BA	N98711	J3
C7BB	N98712	J3
C7BD	N98714	C172
C7BE	N98715	C82S
C7C2	N98719	J3
C7C5	N9872B	CH7A
C7C8	N9872E	C82R
C7CC	N9872J	C172
C7CD	N9872K	P28A
C7CF	N9872M	M4
C7D7	N9872V	RV12
C7DA	N9872Y	CH7A
C7DF	N98723	J3
C7E0	N98724	J3
C7E1	N98725	C414
C7E4	N98728	J3
C7E8	N9873B	C72R
C7EB	N9873E	C82R
C7EC	N9873F	C402
C7EE	N9873H	BE17
C7EF	N9873J	C150
C7F5	N9873Q	C172
C7F8	N9873T	PA38
C7F9	N9873U	AA5
C7FA	N9873V	C172
C7FC	N9873X	C185
C800	N98731	C172
C802	N98733	J3
C803	N98734	J3
C804	N98735	J3
C806	N98737	J3
C807	N98738	C172
C809	N9874	G164
C80D	N9874D	PA18
C80E	N9874E	C172
C810	N9874G	C172
C813	N9874K	P28R
C815	N9874M	C207
C818	N9874Q	C172
C819	N9874R	BE35
C81B	N9874T	C172
C81D	N9874V	C172
C81E	N9874W	P28A
C824	N98742	J3
C828	N98746	J3
C829	N98747	C340
C82B	N98749	PA44
C830	N9875D	PA18
C833	N9875G	C172
C835	N9875J	C150
C838	N9875M	C172
C839	N9875N	BDOG
C83C	N9875R	BE35
C83E	N9875T	PA38
C840	N9875V	C188
C842	N9875X	C185
C845	N98750	J3
C847	N98752	J3
C84D	N98758	J3
C851	N9876B	CH7A
C854	N9876E	C182
C856	N9876G	C172
C858	N9876J	R44
C859	N9876K	P32R
C85B	N9876M	C182
C85E	N9876Q	C172
C85F	N9876R	BE35
C860	N9876S	PA25
C861	N9876T	BE36
C862	N9876U	BE58
C863	N9876V	C172
C864	N9876W	P28A
C867	N9876Z	T206
C869	N98761	J3
C86A	N98762	J3
C86B	N98763	C172
C86D	N98765	J3
C871	N98769	C172
C874	N9877B	C72R
C876	N9877D	PA18
C877	N9877E	C82R
C879	N9877G	C172
C87A	N9877H	C82R
C87D	N9877L	AA1
C87E	N9877M	C210
C881	N9877Q	GLST
C882	N9877R	DHC2
C884	N9877T	C172
C885	N9877U	AA5
C886	N9877V	C188
C88D	N98772	C172
C88F	N98774	C172
C891	N98776	C172
C893	N98778	J3
C897	N9878B	CH7A
C89A	N9878E	C182
C89C	N9878G	C172
C89D	N9878H	C210
C8A0	N9878L	AA1
C8A1	N9878M	C210
C8A3	N9878P	PA25
C8A4	N9878Q	C172
C8A8	N9878U	AA5
C8AA	N9878W	P28A
C8AC	N9878Y	CH7A
C8AE	N98780	J3
C8AF	N98781	J3
C8B6	N98788	J3
C8B9	N9879A	C195
C8BA	N9879B	CH7A
C8BC	N9879D	PA18
C8BD	N9879E	C82R
C8BE	N9879F	C82S
C8C4	N9879M	C182
C8C6	N9879P	PA25
C8C8	N9879R	BE35
C8CE	N9879X	C185
C8CF	N9879Y	T210
C8D1	N98790	J3
C8D3	N98792	C172
C8D5	N98794	J3
C8D6	N98795	C172
C8D8	N98797	J3
C8DD	N988AA	LJ25
C8DF	N988AC	DH8D
C8E6	N988AK	F900
C8E7	N988AL	A321
C8EA	N988AP	TBM9
C8EE	N988AT	B712
C8F1	N988AW	S61
C8F5	N988B	B06
C8F7	N988BB	RV4
C8F8	N988BC	E50P
C8FA	N988BE	C172
C90D	N988BZ	C82T
C90E	N988C	TBM7
C910	N988CB	S22T
C912	N988CD	SR22
C913	N988CE	H25B
C917	N988CJ	CJ6
C91A	N988CM	P337
C91C	N988CP	C72R
C91F	N988CS	RV6
C920	N988CT	DV20
C922	N988CV	CL60
C929	N988DB	RV8
C92D	N988DF	H500
C933	N988DM	C340
C934	N988DN	B712
C939	N988DT	CL35
C93B	N988DV	F2TH
C93C	N988DW	CL30
C93D	N988DX	GL7T
C943	N988EC	PC12
C94C	N988EM	T206
C959	N988F	GLF6
C95D	N988FD	B752
C96F	N988FX	C208
C970	N988FY	B429
C972	N988G	P28A
C979	N988GG	GLEX
C97A	N988GH	RV7
C984	N988GT	TB20
C98B	N988H	FA8X
C995	N988HK	GLF6
C999	N988HP	AS50
C9A5	N988JA	DA42
C9A6	N988JB	RV8
C9A7	N988JC	GLF5
C9AA	N988JF	P28A
C9AB	N988JG	B36T
C9AC	N988JH	ST75
C9B4	N988JR	S22T
C9B6	N988JT	A321
C9BD	N988K	CRBN
C9BE	N988KA	BE20
C9D8	N988LB	B06
C9E1	N988LL	SR20
C9EF	N988M	C82R
C9F2	N988MC	LJ45
C9F3	N988MD	AS50
C9F4	N988ME	B350
CA00	N988MS	M7
CA03	N988MV	T210
CA08	N988N	R44
CA09	N988NA	GLAS
CA0A	N988NB	RV8
CA0B	N988NC	GLF6
CA15	N988NN	B738
CA16	N988NP	C421
CA1D	N988NW	FA7X
CA21	N988P	COL4
CA22	N988PA	GLIM
CA23	N988PB	FDCT
CA2F	N988PP	C72R
CA32	N988PS	C182
CA36	N988PW	C172
CA3D	N988QC	LJ35
CA55	N988RB	E300
CA56	N988RC	LJ45
CA64	N988RS	H25B
CA65	N988RT	CL30
CA67	N988RV	RV8
CA6C	N988S	F2TH
CA6F	N988SC	BE30
CA74	N988SH	R22
CA77	N988SL	BE9L
CA7A	N988SP	K100
CA7C	N988SR	SR22
CA7E	N988ST	BE58
CA85	N988T	F900
CA88	N988TC	C82S
CA8F	N988TK	AT5T
CA96	N988TS	RV9
CA9A	N988TW	M7
CA9B	N988TX	C750
CAAC	N988UP	RBEL
CAC9	N988VT	BE35
CAD3	N988WC	BE20
CADB	N988WL	H60
CADE	N988WP	C501
CAE3	N988WU	C72R
CAE9	N988X	TRDO
CB14	N988YT	BT36
CB39	N9880E	C182
CB3B	N9880G	C172
CB3C	N9880H	J5
CB3F	N9880L	AA1
CB43	N9880Q	C172
CB46	N9880T	C172
CB47	N9880U	AA5
CB49	N9880W	P28A
CB4B	N9880Y	CH7B
CB4E	N98801	J3
CB4F	N98802	J3
CB53	N98806	J3
CB54	N98807	J3
CB56	N98809	J3
CB5C	N9881E	C182
CB5E	N9881G	C172
CB61	N9881K	P28A
CB63	N9881M	C182
CB65	N9881P	PA25
CB66	N9881Q	C172
CB67	N9881R	BE35
CB6A	N9881U	AA5
CB6B	N9881V	C172
CB71	N98811	C172
CB73	N98813	J3
CB75	N98815	J3
CB78	N98818	J3
CB79	N98819	C172
CB7B	N9882A	C195
CB7E	N9882D	PA18
CB7F	N9882E	C182
CB83	N9882J	C150
CB88	N9882P	PA25
CB8A	N9882R	BE35
CB8D	N9882U	AA5
CB97	N98824	C172
CB98	N98825	C172
CB9A	N98827	J3
CB9D	N9883	RV9
CB9E	N9883A	C195
CB9F	N9883B	CH7A
CBA0	N9883C	T6
CBA1	N9883D	PA18
CBA4	N9883G	C172
CBA5	N9883H	C82R
CBA9	N9883M	C182
CBAB	N9883P	PA25
CBB0	N9883U	AA1
CBB9	N98833	J3
CBBA	N98834	C310
CBBE	N98838	J3
CBC2	N9884B	CH7A
CBC4	N9884D	PA18
CBC7	N9884G	C172
CBC9	N9884J	C150
CBCA	N9884K	PA32
CBCB	N9884L	AA1
CBCE	N9884P	PA18
CBD4	N9884V	C172
CBD9	N98840	C82S
CBDB	N98842	C310
CBDC	N98843	C172
CBDE	N98845	J3
CBE4	N9885A	C195
CBE5	N9885B	CH7A
CBE7	N9885D	PA18
CBE9	N9885F	C82S
CBEB	N9885H	BE17
CBED	N9885K	PA32
CBEF	N9885M	C182
CBF1	N9885P	PA18
CBF2	N9885Q	C172
CBF6	N9885U	AA5
CBF7	N9885V	C172
CBFA	N9885Y	CH7B
CBFF	N98853	C82S
CC02	N98856	J3
CC09	N9886C	C82R
CC0B	N9886E	C182
CC0C	N9886F	C72R
CC10	N9886K	P28A
CC13	N9886N	RV4
CC1A	N9886V	C172
CC20	N98861	J3
CC21	N98862	J3
CC22	N98863	J3
CC23	N98864	J3
CC24	N98865	J3
CC27	N98868	J3
CC28	N98869	C310
CC2C	N9887C	C82R
CC2D	N9887D	PA18
CC30	N9887G	M20P
CC31	N9887H	DG15
CC34	N9887L	C172
CC3D	N9887V	C172
CC44	N98872	J3
CC45	N98873	C172
CC49	N98877	J3
CC4B	N98879	J3
CC4F	N9888C	C82R
CC50	N9888D	SREY
CC51	N9888E	C182
CC53	N9888G	C172
CC55	N9888J	C172
CC5F	N9888U	AA1
CC61	N9888W	P28A
CC65	N98880	J3
CC67	N98882	J3
CC68	N98883	J3
CC69	N98884	C172
CC6B	N98886	J3
CC6C	N98887	C172
CC6E	N98889	J3
CC73	N9889D	PA18
CC74	N9889E	C182
CC76	N9889G	C172
CC7A	N9889L	AA1
CC7B	N9889M	C182
CC7E	N9889Q	C172
CC83	N9889V	C188
CC84	N9889W	P28A
CC86	N9889Y	C210
CC87	N9889Z	BE18
CC8A	N98892	C310
CC8B	N98893	C172
CC8E	N98896	C82S
CC91	N98899	C310
CC93	N989A	PA12
CC95	N989AB	C550
CC96	N989AC	DH8D
CC98	N989AE	BE9L
CC99	N989AF	SF34
CC9A	N989AG	MT
CC9E	N989AL	LJ35
CCA0	N989AN	B738
CCA3	N989AR	GLF5
CCA4	N989AS	PA32
CCA5	N989AT	B712
CCA6	N989AU	A321
CCA7	N989AV	PA46
CCA8	N989AW	LJ55
CCAD	N989BA	G280
CCAF	N989BC	CL60
CCB0	N989BD	SR22
CCB5	N989BJ	P180
CCB8	N989BM	BE36
CCC1	N989BW	C208
CCC6	N989CA	P212
CCC8	N989CC	PA11
CCC9	N989CD	BL8
CCCA	N989CE	H25B
CCCC	N989CG	LJ31
CCCE	N989CJ	C25C
CCD1	N989CM	A321
CCD3	N989CP	C82T
CCD7	N989CT	DV20
CCE1	N989DC	M20T
CCE3	N989DE	T206
CCE4	N989DF	SR22
CCE7	N989DJ	PA11
CCE9	N989DL	MD88
CCEA	N989DM	GL5T
CCEB	N989DN	B712
CCEC	N989DP	R44
CCEF	N989DS	RV8
CCF3	N989DW	LGEZ
CCFA	N989EC	SR22
CD14	N989FD	B752
CD15	N989FE	C208
CD26	N989FX	C208
CD29	N989G	EFOX
CD42	N989H	F900
CD4C	N989HK	SR22
CD5E	N989JC	GLF5
CD66	N989JL	RV9
CD6B	N989JR	GL5T
CD6C	N989JS	C750
CD6D	N989JT	A321
CD70	N989JW	FA8X
CD77	N989KC	AEST
CD80	N989KM	GLF4
CD8E	N989LA	BE20
CD8F	N989LB	GLAS
CD92	N989LE	LGEZ
CD9D	N989LR	GLF5
CDA6	N989M	L8
CDBF	N989N	TL20
CDC9	N989NK	A20N
CDCC	N989NN	B738
CDD9	N989PA	DV20
CDDA	N989PB	H25B
CDE4	N989PM	M20P
CDE8	N989PR	TBM7
CDE9	N989PS	SR22
CDEA	N989PT	GA5C
CE0A	N989R	GLIM
CE0B	N989RA	C82S
CE10	N989RF	EA50
CE15	N989RL	B412
CE16	N989RM	M7
CE1A	N989RR	BE30
CE1B	N989RS	C25B
CE1E	N989RV	RV9
CE24	N989SA	B36T
CE25	N989SB	C441
CE27	N989SD	C182
CE29	N989SF	GLEX
CE2A	N989SG	PC12
CE31	N989SP	C172
CE33	N989SR	P32R
CE35	N989ST	H25B
CE3D	N989TA	E190
CE3E	N989TB	CC11
CE43	N989TG	M20P
CE4D	N989TS	RV10
CE52	N989TX	E55P
CE87	N989W	PA11
CE88	N989WA	S05R
CE89	N989WB	BL8
CE96	N989WQ	Q9
CE99	N989WT	TAIL
CE9A	N989WU	C72R
CEAB	N989XL	VELO
CEED	N9890B	CH7A
CEF0	N9890E	C82R
CEF3	N9890H	C82R
CEF4	N9890J	C150
CEF5	N9890K	P28R
CEF7	N9890M	C210
CF00	N9890W	P28A
CF01	N9890X	C185
CF02	N9890Y	T210
CF04	N98900	PA12
CF05	N98901	PA12
CF08	N98904	C310
CF0A	N98906	PA12
CF15	N9891G	C172
CF1E	N9891R	BE35
CF20	N9891T	C172
CF21	N9891U	AA5
CF23	N9891W	P28B
CF27	N98910	PA12
CF28	N98911	C310
CF29	N98912	PA12
CF2A	N98913	C172
CF2B	N98914	C172
CF2C	N98915	PA12
CF2E	N98917	PA12
CF30	N98919	PA12
CF31	N9892	G164
CF32	N9892A	C190
CF38	N9892G	C172
CF3C	N9892L	AA1
CF3D	N9892M	C182
CF3F	N9892P	PA25
CF40	N9892Q	C172
CF41	N9892R	BE35
CF44	N9892U	AA5
CF48	N9892Y	CH7B
CF4A	N98920	C310
CF4C	N98922	PA12
CF4D	N98923	C172
CF51	N98927	PA12
CF57	N9893C	T6
CF58	N9893D	PA18
CF5C	N9893H	C82R
CF5E	N9893K	P28R
CF5F	N9893L	AA1
CF63	N9893Q	C172
CF64	N9893R	BE35
CF67	N9893U	AA5
CF69	N9893W	P28A
CF6F	N98932	PA12
CF72	N98935	PA12
CF74	N98937	C310
CF77	N9894	S55P
CF78	N9894A	C195
CF79	N9894B	CH7A
CF7C	N9894E	C182
CF7E	N9894G	C172
CF80	N9894J	C150
CF82	N9894L	AA1
CF86	N9894Q	C172
CF8E	N9894Y	T210
CF91	N98941	PA12
CF93	N98943	C310
CF94	N98944	PA12
CF9A	N9895	F2TH
CF9F	N9895E	C82R
CFA0	N9895F	C72R
CFA1	N9895G	C172
CFA4	N9895K	PA34
CFA6	N9895M	C182
CFA9	N9895Q	C172
CFAE	N9895V	C172
CFB7	N98954	C172
CFBC	N98959	PA12
CFBD	N9896	P32R
CFC1	N9896D	PA18
CFC5	N9896H	C82R
CFC6	N9896J	C150
CFCB	N9896P	PA25
CFD0	N9896U	AA5
CFD2	N9896W	P28A
CFD3	N9896X	C185
CFD4	N9896Y	CH7B
CFD6	N98960	C172
CFD7	N98961	PA12
CFD8	N98962	PA12
CFDB	N98965	PA12
CFDE	N98968	M20P
CFE1	N9897A	C195
CFE2	N9897B	CH7A
CFE4	N9897D	PA18
CFE6	N9897F	C72R
CFEE	N9897P	PA25
CFEF	N9897Q	C172
CFF0	N9897R	BE35
CFF2	N9897T	C172
CFF3	N9897U	AA5
CFF7	N9897Y	CH7B
CFFA	N98971	PA12
CFFD	N98974	C310
D001	N98978	PA12
D002	N98979	PA12
D003	N9898	BE20
D008	N9898E	C182
D00C	N9898J	C150
D012	N9898Q	C172
D016	N9898U	AA5
D01C	N98980	C310
D01D	N98981	C172
D021	N98985	PA12
D023	N98987	C172
D025	N98989	M20P
D026	N9899	SS2T
D027	N9899A	M20P
D028	N9899B	CH7A
D02D	N9899G	C172
D02E	N9899H	C82R
D035	N9899Q	C172
D036	N9899R	BE35
D039	N9899U	AA5
D03D	N9899Y	CH7B
D041	N98992	PA12
D043	N98994	PA12
D048	N98999	PA12
D04A	N99A	C180
D04B	N99AA	PTS1
D04D	N99AC	BE9L
D050	N99AF	AVID
D051	N99AG	C25B
D052	N99AH	GLID
D054	N99AK	PTS1
D055	N99AL	PA23
D056	N99AM	C172
D057	N99AN	ST75
D058	N99AP	H25B
D05A	N99AR	PA30
D05C	N99AT	LJ31
D05F	N99AW	BE33
D062	N99AZ	EA50
D063	N99B	GC1
D064	N99BA	LGEZ
D066	N99BC	PRM1
D067	N99BD	BE36
D069	N99BF	P28R
D06A	N99BG	BE95
D06B	N99BH	C172
D06C	N99BJ	CH7A
D06D	N99BK	AVID
D06E	N99BL	SA50
D073	N99BR	BE36
D074	N99BS	P32R
D075	N99BT	MU2
D077	N99BV	RV4
D079	N99BX	LGEZ
D07A	N99BY	SR22
D07B	N99BZ	COL4
D07E	N99CB	RV4
D07F	N99CC	BE35
D080	N99CD	SR22
D082	N99CF	LA4
D083	N99CG	PA24
D085	N99CJ	C25A
D086	N99CK	C501
D087	N99CL	VEZE
D08A	N99CP	S22T
D08C	N99CR	LNC2
D08D	N99CS	S22T
D08E	N99CT	CL60
D090	N99CV	SF50
D092	N99CX	TBM7
D096	N99DA	BE58
D097	N99DB	SA30
D098	N99DC	P28R
D099	N99DD	C180
D09C	N99DG	BE33
D09D	N99DH	M7
D09E	N99DJ	RV6
D0A3	N99DP	BE95
D0A4	N99DQ	A139
D0A6	N99DS	C210
D0A7	N99DT	CH7A
D0A9	N99DV	BE17
D0AA	N99DW	GLID
D0AB	N99DX	EVOT
D0AD	N99DZ	M7
D0AE	N99E	C150
D0B0	N99EB	C172
D0B1	N99EC	SR20
D0B3	N99EE	LNC2
D0B4	N99EF	C680
D0B5	N99EG	PA31
D0B9	N99EL	SF50
D0BA	N99EM	BE35
D0BF	N99ES	PA32
D0C0	N99ET	TOBA
D0C4	N99EX	PA11
D0C7	N99F	SX30
D0C9	N99FB	PA24
D0CA	N99FC	C82R
D0CB	N99FD	F260
D0CC	N99FE	C182
D0CD	N99FF	CL60
D0D1	N99FK	SRAI
D0D3	N99FM	BE30
D0D5	N99FP	PA23
D0D8	N99FS	DC3
D0DC	N99FW	VEZE
D0DD	N99FX	GLEX
D0E0	N99G	U21
D0E1	N99GA	GA8
D0E2	N99GB	C210
D0E3	N99GC	FOX
D0E4	N99GD	VEZE
D0E6	N99GF	C182
D0E8	N99GH	BE99
D0EB	N99GL	G2T1
D0EC	N99GM	PC12
D0EE	N99GP	BE9L
D0F0	N99GR	BOLT
D0F2	N99GT	RV7
D0F3	N99GU	SF50
D0F4	N99GV	GLF5
D0F7	N99GY	GLF4
D0FA	N99HA	C172
D0FC	N99HC	PA11
D0FD	N99HD	PTS1
D0FE	N99HE	C172
D0FF	N99HF	C172
D100	N99HG	RV4
D103	N99HK	M5
D104	N99HL	EAGL
D107	N99HP	C185
D109	N99HR	C152
D10A	N99HS	S22T
D10B	N99HT	LNC2
D10D	N99HV	C172
D10E	N99HW	CRER
D10F	N99HX	CH75
D110	N99HY	HUSK
D111	N99HZ	RV6
D112	N99J	BE35
D113	N99JA	RV8
D115	N99JC	BE95
D116	N99JD	RV9
D118	N99JF	C82T
D11B	N99JJ	C208
D11D	N99JL	PA24
D11E	N99JM	P28A
D127	N99JW	SW3
D129	N99JY	RV6
D12A	N99JZ	BE58
D12C	N99KA	C150
D12E	N99KC	BE30
D130	N99KE	SR22
D131	N99KF	FOX
D132	N99KG	GLID
D134	N99KJ	M7
D139	N99KP	EA50
D13A	N99KQ	K100
D13B	N99KR	RV4
D13D	N99KT	VELO
D140	N99KW	CL60
D141	N99KX	FOX
D142	N99KY	BE35
D143	N99KZ	GLF6
D144	N99L	T34P
D146	N99LB	PA24
D147	N99LC	L8
D148	N99LD	GLIM
D149	N99LE	GLEX
D14A	N99LF	BE58
D14B	N99LG	BE33
D14D	N99LJ	RV9
D150	N99LM	C25B
D152	N99LP	CH7A
D153	N99LQ	AC50
D158	N99LV	CRER
D159	N99LW	M20P
D15D	N99M	BE33
D15E	N99MA	TAIL
D15F	N99MB	C210
D161	N99MD	PA23
D162	N99ME	COY2
D163	N99MF	PTS2
D164	N99MG	PA32
D165	N99MH	T206
D167	N99MK	BE33
D168	N99ML	BE20
D169	N99MM	COL4
D16A	N99MN	PRM1
D16C	N99MQ	BE55
D16D	N99MR	CL30
D16E	N99MS	M20P
D16F	N99MT	PA24
D171	N99MV	C182
D173	N99MX	R66
D176	N99N	T50
D177	N99NA	C177
D179	N99NC	P28A
D17A	N99ND	GLID
D17B	N99NE	GLID
D17C	N99NF	PTS2
D17D	N99NG	GLF5
D17F	N99NJ	LJ45
D180	N99NK	FLSS
D181	N99NL	DHC2
D183	N99NN	PC12
D184	N99NP	BE36
D186	N99NR	CH7A
D187	N99NS	TEX2
D18B	N99NW	B505
D18C	N99NX	PA18
D190	N99PA	BE58
D192	N99PC	CP30
D194	N99PE	E300
D196	N99PG	C172
D198	N99PJ	PA18
D199	N99PK	TAYB
D19A	N99PL	BE95
D19B	N99PM	COUR
D19E	N99PQ	RV6
D1A1	N99PT	C172
D1A2	N99PU	CH75
D1A3	N99PV	PULS
D1A4	N99PW	M20P
D1A7	N99PZ	RV6
D1A8	N99Q	BE35
D1B7	N99QQ	RV7
D1BA	N99QT	T206
D1C1	N99R	P28R
D1C2	N99RA	BE30
D1C3	N99RB	VP2
D1C6	N99RE	C25B
D1C7	N99RF	BE58
D1C8	N99RG	RC70
D1CA	N99RJ	F2TH
D1CB	N99RK	BE58
D1CC	N99RL	BE35
D1CE	N99RN	GLST
D1CF	N99RP	C82R
D1D1	N99RR	R44
D1D2	N99RS	LJ35
D1D3	N99RT	C172
D1D4	N99RU	PTS1
D1D5	N99RV	RV3
D1D6	N99RW	R44
D1D9	N99RZ	RV9
D1DB	N99SA	CH7B
D1DC	N99SB	BE36
D1DD	N99SC	GLF6
D1DE	N99SD	BE35
D1DF	N99SE	QUIC
D1E2	N99SH	C182
D1E5	N99SL	SR22
D1E7	N99SN	B06
D1E9	N99SQ	M7
D1EA	N99SR	MU2
D1EB	N99SS	CH7B
D1EC	N99ST	RV6
D1ED	N99SU	RV8
D1EE	N99SV	FOX
D1EF	N99SW	P28A
D1F0	N99SX	GLAS
D1F5	N99TB	PA31
D1F6	N99TC	C72R
D1F7	N99TD	BE58
D1F8	N99TE	EXEC
D1F9	N99TF	C212
D1FC	N99TJ	WAIX
D1FD	N99TK	C550
D1FE	N99TL	RV4
D1FF	N99TM	C210
D201	N99TP	U16
D203	N99TR	SRAI
D204	N99TS	C172
D205	N99TT	M20P
D206	N99TU	RV6
D207	N99TV	R44
D20B	N99TZ	RV6
D214	N99UH	R66
D21C	N99UR	G2CA
D21E	N99UT	FOX
D221	N99UW	S22T
D222	N99UX	CASS
D225	N99V	RV6
D226	N99VA	PA31
D227	N99VB	BT36
D22A	N99VE	VEZE
D22B	N99VF	T18
D22F	N99VK	C421
D230	N99VL	COL4
D231	N99VM	BT36
D235	N99VR	SHEK
D236	N99VS	BE40
D237	N99VT	RV9
D239	N99VV	VVIG
D23A	N99VW	CH7B
D23B	N99VX	SRAI
D240	N99WB	RV4
D241	N99WC	RV9
D243	N99WE	DA62
D244	N99WF	C82T
D245	N99WG	C210
D246	N99WH	GLAS
D247	N99WJ	PRM1
D248	N99WK	M20P
D249	N99WL	UH1
D24A	N99WM	BE35
D24C	N99WP	BE58
D24E	N99WR	GLAS
D250	N99WT	BE58
D252	N99WV	GLID
D255	N99WY	PA18
D256	N99WZ	M6
D25E	N99XG	EA50
D262	N99XL	S22T
D268	N99XS	CH70
D26B	N99XV	RV7
D270	N99Y	WACF
D272	N99YB	CJ1
D275	N99YE	C182
D27B	N99YL	RV9
D27C	N99YM	RV14
D281	N99YS	BE36
D282	N99YT	AA5
D287	N99YY	M20P
D288	N99YZ	T210
D289	N99Z	GLID
D28A	N99ZA	B06
D28B	N99ZB	BE40
D28D	N99ZD	SR22
D291	N99ZH	C180
D295	N99ZM	GLEX
D29E	N99ZW	PA18
D29F	N99ZX	BE35
D2A1	N99ZZ	SR20
D2A2	N990	GLID
D2A3	N990A	PA22
D2A6	N990AC	DH8D
D2A9	N990AF	BE99
D2AD	N990AK	B39M
D2B0	N990AN	B738
D2B1	N990AP	HROC
D2B4	N990AS	M20P
D2B5	N990AT	B712
D2B6	N990AU	A321
D2B7	N990AV	DH8A
D2B8	N990AW	H60
D2BC	N990B	C172
D2BD	N990BA	A5
D2BF	N990BC	BL8
D2C4	N990BH	DH8A
D2C8	N990BM	BE9T
D2CD	N990BS	SR22
D2D0	N990BV	RV8
D2D1	N990BW	BLKS
D2D5	N990C	CH7A
D2D6	N990CA	C150
D2D7	N990CB	BE9L
D2D8	N990CC	T6
D2D9	N990CD	SR22
D2DF	N990CK	C182
D2E3	N990CP	C72R
D2E6	N990CS	T206
D2EE	N990D	RV6
D2EF	N990DA	Q9
D2F0	N990DB	T28
D2F5	N990DG	M20P
D2F9	N990DL	MD88
D2FA	N990DM	P32R
D2FC	N990DP	P46T
D2FF	N990DS	GLST
D303	N990DW	C56X
D313	N990EM	LJ45
D320	N990F	BE9T
D324	N990FD	B752
D325	N990FE	C208
D334	N990FV	C25A
D336	N990FX	C208
D339	N990G	BL8
D349	N990GR	B350
D34A	N990GS	TLEG
D353	N990HA	FA7X
D355	N990HC	H25B
D360	N990HP	HUSK
D36D	N990JB	C340
D36E	N990JC	CL30
D36F	N990JD	M20P
D372	N990JG	J3
D373	N990JH	C560
D376	N990JL	A321
D377	N990JM	U21
D37D	N990JT	GALX
D380	N990JW	RC3
D384	N990K	BE95
D385	N990KA	B350
D386	N990KB	BE9L
D38A	N990KF	FOX
D396	N990KT	PA15
D39E	N990LA	BE9L
D3A0	N990LC	LJ35
D3AD	N990LR	PA31
D3AE	N990LS	BE9L
D3AF	N990LT	F900
D3B6	N990M	C550
D3BA	N990MD	BE35
D3BB	N990ME	TBM9
D3BC	N990MF	C56X
D3BD	N990MG	BE95
D3C0	N990MK	CH60
D3C2	N990MM	FA50
D3C4	N990MP	AVID
D3C6	N990MR	C550
D3C7	N990MS	C68A
D3CA	N990MV	G150
D3D0	N990NA	EA50
D3D1	N990NB	GLF6
D3D3	N990ND	GLF5
D3D4	N990NE	EA50
D3D9	N990NK	A20N
D3DC	N990NN	B738
D3E8	N990P	SR22
D3EB	N990PC	C414
D3F0	N990PH	P28A
D3F4	N990PM	F900
D3F9	N990PS	UH1
D401	N990Q	BE35
D412	N990QS	C68A
D41C	N990RB	C650
D422	N990RH	PA18
D424	N990RK	S22T
D42B	N990RS	P180
D42C	N990RT	RV6
D42E	N990RV	L39
D439	N990SF	F104
D43B	N990SH	BE20
D43E	N990SL	BK17
D441	N990SP	GLF4
D443	N990SR	H500
D445	N990ST	B734
D44C	N990T	BE35
D44F	N990TC	C550
D452	N990TF	CAMP
D45C	N990TR	RV10
D45D	N990TS	BE33
D45E	N990TT	FOX
D465	N990U	C210
D46D	N990UH	R44
D490	N990VT	P28A
D498	N990WA	LJ45
D4A0	N990WJ	F900
D4A3	N990WM	F900
D4A5	N990WP	C182
D4A7	N990WR	F900
D4AE	N990WY	CH7A
D4FB	N9900	SW3
D4FD	N9900B	C182
D4FE	N9900C	L8
D4FF	N9900D	BE36
D502	N9900G	C188
D503	N9900H	G44
D505	N9900K	P28A
D506	N9900L	AA1
D507	N9900M	RV10
D508	N9900N	C180
D509	N9900P	PA36
D50A	N9900Q	C172
D50B	N9900R	EA50
D50D	N9900T	C182
D50E	N9900U	AA5
D510	N9900W	P28A
D511	N9900X	YK52
D512	N9900Y	CH7A
D518	N99004	B772
D51C	N99008	ERCO
D51D	N99009	ERCO
D520	N9901B	C182
D523	N9901E	C182
D52B	N9901N	C180
D52C	N9901P	PA36
D532	N9901V	C180
D533	N9901W	P28A
D538	N99011	ERCO
D53A	N99013	ERCO
D546	N9902E	C182
D54B	N9902K	B06
D550	N9902Q	C172
D554	N9902U	AA1
D555	N9902V	C180
D556	N9902W	P28A
D558	N9902Y	CH7B
D55B	N99021	UH1
D55D	N99023	ERCO
D561	N99027	ERCO
D562	N99028	ERCO
D56B	N9903G	C150
D56D	N9903J	GLID
D56F	N9903L	AA1
D570	N9903M	C182
D576	N9903T	C182
D578	N9903V	C172
D57D	N99030	ERCO
D57E	N99031	PA18
D583	N99036	ERCO
D584	N99037	ERCO
D586	N99039	ERCO
D58F	N9904H	C82R
D590	N9904J	GLID
D595	N9904P	PA36
D596	N9904Q	C172
D598	N9904S	CH70
D59B	N9904V	C172
D59C	N9904W	P28A
D5A0	N99040	C172
D5A2	N99042	PA18
D5A3	N99043	ERCO
D5A5	N99045	C172
D5A7	N99047	ERCO
D5A9	N99049	ERCO
D5AB	N9905A	C170
D5AE	N9905D	BE35
D5AF	N9905E	C82R
D5B0	N9905F	C72R
D5B2	N9905H	C82R
D5B3	N9905J	GLID
D5B9	N9905Q	C172
D5C1	N9905Y	CH7A
D5C3	N99050	ERCO
D5C5	N99052	ERCO
D5C8	N99055	ERCO
D5C9	N99056	ERCO
D5CB	N99058	ERCO
D5CD	N9906	EC35
D5D0	N9906C	L8
D5D4	N9906G	C150
D5D8	N9906L	C172
D5D9	N9906M	C182
D5DF	N9906T	PA38
D5E0	N9906U	AA5
D5E1	N9906V	C180
D5E2	N9906W	P28A
D5E4	N9906Y	CH7B
D5EE	N99068	ERCO
D5EF	N99069	ERCO
D5F1	N9907A	C170
D5F2	N9907B	C182
D5F3	N9907C	C82R
D5F8	N9907H	C82R
D5FF	N9907Q	C172
D607	N9907Y	CH7B
D60E	N99075	ERCO
D614	N9908A	C170
D617	N9908D	PA18
D618	N9908E	C182
D61A	N9908G	C150
D61B	N9908H	C82S
D61D	N9908K	P28A
D626	N9908U	AA5
D627	N9908V	C172
D62A	N9908Y	CH7B
D62F	N99083	ERCO
D635	N99089	ERCO
D639	N9909C	L8
D63A	N9909D	PA18
D63B	N9909E	M20P
D643	N9909N	T210
D645	N9909Q	C172
D648	N9909T	C182
D649	N9909U	AA5
D64B	N9909W	P28A
D64C	N9909X	C185
D64E	N9909Z	T206
D64F	N99090	UH12
D650	N99091	ERCO
D651	N99092	ERCO
D65A	N991A	P28A
D65B	N991AA	C402
D65C	N991AB	BE77
D65D	N991AC	PA44
D65F	N991AE	B06
D660	N991AF	BE99
D663	N991AJ	COL4
D664	N991AK	BE99
D667	N991AN	B738
D668	N991AP	SLG4
D66B	N991AS	P32R
D66C	N991AT	B712
D66D	N991AU	A321
D675	N991BB	C510
D677	N991BD	AC80
D67B	N991BH	DH8A
D67C	N991BJ	P28A
D68C	N991C	HUSK
D68D	N991CA	E50P
D68E	N991CB	P28B
D68F	N991CC	SONX
D690	N991CD	FOX
D691	N991CE	F2TH
D692	N991CF	R44
D6A1	N991CW	R44
D6A5	N991D	BE95
D6A6	N991DA	DV20
D6A7	N991DB	LJ60
D6A8	N991DC	RODS
D6AB	N991DF	COL4
D6B0	N991DL	MD88
D6B1	N991DM	C337
D6B5	N991DR	PC12
D6B6	N991DS	FOX
D6BE	N991E	PA24
D6BF	N991EA	GALX
D6CA	N991EM	C414
D6D3	N991EW	S22T
D6DB	N991FD	B752
D6DC	N991FE	C208
D6E2	N991FL	CVLP
D6E5	N991FP	SR22
D6E7	N991FR	H25B
D6ED	N991FX	C208
D6F2	N991GB	PTS1
D6F6	N991GF	PC12
D6F9	N991GJ	C310
D6FB	N991GL	BE36
D6FC	N991GM	T6
D702	N991GT	BE9L
D709	N991H	WACM
D70A	N991HA	DH8B
D70B	N991HB	SVNH
D723	N991JA	PA34
D72D	N991JL	RV7
D734	N991JT	A321
D73B	N991K	PA24
D73E	N991KC	R22
D740	N991KE	R22
D749	N991KP	P46T
D75F	N991LL	BE30
D76E	N991MA	BE36
D770	N991MC	H500
D775	N991MH	B407
D777	N991MK	S76
D778	N991ML	PRM1
D779	N991MM	P46T
D77E	N991MS	RV8
D785	N991MZ	S22T
D787	N991NA	C172
D790	N991NK	A20N
D793	N991NN	B738
D794	N991NP	C25B
D79F	N991P	GLIM
D7A0	N991PA	DA40
D7A2	N991PC	S22T
D7AB	N991PM	SR22
D7B0	N991PS	H25B
D7B1	N991PT	N3N
D7BB	N991QC	G164
D7C9	N991QS	C68A
D7D1	N991R	P51
D7DB	N991RK	FOX
D7DC	N991RL	GALX
D7DD	N991RM	GLAS
D7E1	N991RR	GLST
D7E5	N991RV	RV10
D7E6	N991RW	C56X
D7EA	N991S	RV6
D7EC	N991SB	S22T
D7ED	N991SC	F5
D7F0	N991SF	F104
D7F2	N991SH	CL60
D7F5	N991SL	CC11
D7FC	N991ST	A119
D7FD	N991SU	BE20
D803	N991T	T206
D804	N991TA	P28A
D814	N991TS	SIRA
D817	N991TV	R44
D819	N991TX	C750
D82E	N991UT	B505
D845	N991VR	T6
D847	N991VT	P28R
D84E	N991W	B430
D85F	N991WS	SR22
D860	N991WT	C82S
D863	N991WW	BE20
D883	N991YC	B06
D8B3	N9910A	C170
D8B6	N9910D	PA18
D8B7	N9910E	C182
D8BB	N9910J	GLID
D8BD	N9910L	AA1
D8BE	N9910M	C210
D8BF	N9910N	C185
D8C1	N9910Q	C172
D8C5	N9910U	AA5
D8C8	N9910X	C185
D8C9	N9910Y	CH7A
D8CB	N99100	C172
D8CC	N99101	ERCO
D8CE	N99103	ERCO
D8CF	N99104	C172
D8D4	N99109	ERCO
D8D6	N9911A	C170
D8D7	N9911B	C182
D8D9	N9911D	PA18
D8DD	N9911H	C82R
D8E0	N9911L	PA24
D8E3	N9911P	PA36
D8E4	N9911Q	C172
D8E5	N9911R	BE95
D8E8	N9911U	AA5
D8E9	N9911V	C180
D8EA	N9911W	P28A
D8EB	N9911X	C185
D8EC	N9911Y	CH7B
D8F0	N99112	ERCO
D8F3	N99115	ERCO
D8F4	N99116	ERCO
D8F7	N99119	ERCO
D8F9	N9912A	C170
D8FC	N9912D	M7
D900	N9912H	ST75
D901	N9912J	GLID
D903	N9912L	C172
D905	N9912N	C180
D907	N9912Q	C172
D90A	N9912T	PA38
D912	N99121	ERCO
D913	N99122	ERCO
D91A	N99129	ERCO
D91E	N9913C	L8
D920	N9913E	C182
D922	N9913G	C150
D923	N9913H	C140
D925	N9913K	B06
D927	N9913M	C210
D92B	N9913R	PA24
D92E	N9913U	AA5
D92F	N9913V	C180
D930	N9913W	P28A
D931	N9913X	VELO
D937	N99133	ERCO
D938	N99134	ERCO
D93A	N99136	GLID
D93D	N99139	ERCO
D93F	N9914A	RV14
D940	N9914B	C182
D943	N9914E	C172
D946	N9914H	ST75
D947	N9914J	GLID
D949	N9914L	C172
D94C	N9914P	PA36
D94D	N9914Q	C172
D94F	N9914S	P28A
D950	N9914T	BE33
D951	N9914U	AA5
D952	N9914V	C180
D953	N9914W	P28A
D955	N9914Y	CH7B
D958	N99141	C172
D95A	N99143	ERCO
D962	N9915A	C170
D963	N9915B	C72R
D967	N9915F	C310
D969	N9915H	C82R
D96C	N9915L	AA1
D96D	N9915M	C182
D96E	N9915N	C180
D973	N9915T	PA38
D974	N9915U	AA5
D976	N9915W	P28A
D979	N9915Z	C25A
D97A	N99150	ERCO
D97D	N99153	T28
D981	N99157	C172
D983	N99159	ERCO
D984	N9916	C180
D987	N9916C	L8
D988	N9916D	PA18
D989	N9916E	C182
D98C	N9916H	C82R
D98D	N9916J	GLID
D98F	N9916L	AA1
D996	N9916T	PA38
D999	N9916W	P28A
D99B	N9916Y	CH7A
D99C	N9916Z	T206
D99D	N99160	T28
D9A1	N99164	ERCO
D9A2	N99165	J3
D9A4	N99167	IS28
D9A9	N9917B	C182
D9AC	N9917E	C182
D9B4	N9917N	C180
D9B6	N9917Q	C172
D9BC	N9917W	P28A
D9C1	N99171	C172
D9C4	N99174	ERCO
D9C5	N99175	T33
D9C7	N99177	ERCO
D9CE	N9918D	PA18
D9CF	N9918E	C172
D9D0	N9918F	C72R
D9D1	N9918G	M20P
D9D3	N9918J	GLID
D9D5	N9918L	AA1
D9D7	N9918N	C180
D9D9	N9918Q	C172
D9DA	N9918R	BE18
D9DB	N9918S	RC70
D9DC	N9918T	M6
D9DD	N9918U	AA5
D9DE	N9918V	C180
D9E3	N99180	ERCO
D9E4	N99181	ERCO
D9E9	N99186	ERCO
D9EB	N99188	ERCO
D9EC	N99189	ERCO
D9ED	N9919	GLID
D9EF	N9919B	C72R
D9F0	N9919C	L8
D9F6	N9919J	GLID
D9FC	N9919Q	C172
D9FF	N9919T	P32R
DA00	N9919U	AA5
DA01	N9919V	C172
DA06	N99190	ERCO
DA0C	N99196	C172
DA0E	N99198	ERCO
DA10	N992	PA23
DA14	N992AC	BN2P
DA17	N992AF	BE99
DA1B	N992AK	BE99
DA1E	N992AN	B738
DA23	N992AT	B712
DA24	N992AU	A321
DA25	N992AV	A320
DA2B	N992BA	C130
DA2C	N992BB	SM19
DA32	N992BH	DH8A
DA3F	N990WT	BE30
DA43	N992C	LEG2
DA48	N992CE	F2TH
DA4B	N992CH	H500
DA4F	N992CM	GLST
DA51	N992CP	C72R
DA54	N992CS	C550
DA5D	N992DA	DV20
DA5E	N992DB	C25C
DA5F	N992DC	CL30
DA67	N992DL	MD88
DA69	N992DN	COY2
DA6D	N992DS	OSCR
DA71	N992DW	T206
DA72	N992DX	P28A
DA8D	N992EZ	C170
DA92	N992FD	B752
DA93	N992FE	C208
DAA4	N992FX	C208
DAA7	N992G	M20P
DAB2	N992GL	E300
DAC1	N992HA	B505
DACE	N992HP	R66
DADA	N992JA	A333
DADB	N992JB	A321
DAF5	N992KC	R22
DB03	N992KS	RV6
DB0C	N992LA	BE9L
DB15	N992LK	SR22
DB1D	N992LT	A600
DB24	N992M	SR22
DB25	N992MA	BE30
DB26	N992MB	BE77
DB27	N992MC	H500
DB2B	N992MG	C750
DB35	N992MS	GLF4
DB3E	N992NA	GLF3
DB47	N992NK	A20N
DB4A	N992NN	B738
DB56	N992P	C310
DB59	N992PC	VELO
DB5B	N992PE	T18
DB67	N992PS	T210
DB6B	N992PW	GLST
DB6F	N992Q	BE35
DB72	N992QC	G164
DB93	N992RL	B212
DB9A	N992RT	L39
DB9D	N992RW	R44
DBA1	N992S	MUS2
DBA3	N992SB	RV9
DBA4	N992SC	PRM1
DBA5	N992SD	AS50
DBA7	N992SF	F104
DBAB	N992SK	S92
DBAF	N992SP	PETR
DBB3	N992ST	P46T
DBBA	N992T	GLST
DBBD	N992TC	R44
DBC0	N992TF	P28A
DBC5	N992TL	BE36
DBC8	N992TP	R44
DBD0	N992TX	C750
DBED	N992VA	R22
DBF5	N992VJ	SF50
DBFE	N992VT	C172
DC06	N992WA	S05R
DC09	N992WD	CAMP
DC0A	N992WE	LJ45
DC16	N992WS	HDJT
DC17	N992WT	C182
DC1A	N992WW	C72R
DC1C	N992WY	FOX
DC3A	N992YC	B06
DC6B	N9920B	C72R
DC6C	N9920C	L8
DC6F	N9920F	C310
DC74	N9920L	AA5
DC7C	N9920U	AA5
DC7D	N9920V	C172
DC7F	N9920X	C185
DC82	N99200	ERCO
DC83	N99201	ERCO
DC86	N99204	C182
DC88	N99206	ERCO
DC89	N99207	ERCO
DC8A	N99208	ERCO
DC8D	N9921A	C170
DC8F	N9921C	L8
DC90	N9921D	PA18
DC91	N9921E	C182
DC92	N9921F	C310
DC94	N9921H	C82R
DC97	N9921L	AA1
DC99	N9921N	C180
DC9D	N9921S	RC70
DC9F	N9921U	AA5
DCA1	N9921W	P28A
DCA2	N9921X	C185
DCA3	N9921Y	CH7A
DCAA	N99215	ERCO
DCAB	N99216	ERCO
DCAC	N99217	ERCO
DCB1	N9922B	C182
DCB5	N9922F	EA50
DCB6	N9922G	C150
DCB8	N9922J	GLID
DCB9	N9922K	FDCT
DCBC	N9922N	C180
DCBF	N9922R	BE35
DCC2	N9922U	AA1
DCC5	N9922X	C185
DCC6	N9922Y	T210
DCC7	N9922Z	FDCT
DCCC	N99224	ERCO
DCCE	N99226	ERCO
DCD0	N99228	ERCO
DCD1	N99229	ERCO
DCD4	N9923B	C182
DCD7	N9923E	C82R
DCD8	N9923F	C310
DCDA	N9923H	ST75
DCDF	N9923N	C180
DCE0	N9923P	PA36
DCE4	N9923T	C182
DCE6	N9923V	C180
DCE9	N9923Y	T210
DCEA	N9923Z	T206
DCEC	N99231	ERCO
DCEE	N99233	ERCO
DCF0	N99235	ERCO
DCF3	N99238	ERCO
DCF6	N9924A	C182
DCF7	N9924B	C72R
DCF8	N9924C	G164
DCF9	N9924D	PA18
DCFB	N9924F	C310
DCFE	N9924J	GLID
DD02	N9924N	C180
DD04	N9924Q	C172
DD05	N9924R	T206
DD07	N9924T	C182
DD09	N9924V	C172
DD0A	N9924W	P28A
DD11	N99243	C172
DD12	N99244	ERCO
DD14	N99246	ERCO
DD1A	N9925B	C182
DD1B	N9925C	L8
DD1C	N9925D	PA18
DD1D	N9925E	C182
DD1F	N9925G	C188
DD20	N9925H	C82S
DD23	N9925L	AA1
DD25	N9925N	C180
DD27	N9925Q	C172
DD2A	N9925T	BE95
DD2B	N9925U	AA1
DD2C	N9925V	C172
DD2D	N9925W	P28A
DD2F	N9925Y	CH7B
DD32	N99251	ERCO
DD34	N99253	C172
DD3B	N9926	G164
DD3C	N9926A	C170
DD40	N9926E	C82R
DD44	N9926J	GLID
DD48	N9926N	T210
DD4F	N9926V	C180
DD51	N9926X	C185
DD52	N9926Y	CH7B
DD56	N99262	UH12
DD57	N99263	C172
DD58	N99264	ERCO
DD59	N99265	C172
DD5A	N99266	ST75
DD5B	N99267	ERCO
DD5C	N99268	ST75
DD5F	N9927A	C170
DD61	N9927C	L8
DD66	N9927H	C82R
DD6D	N9927Q	C172
DD70	N9927T	C182
DD71	N9927U	AA5
DD72	N9927V	C172
DD7A	N99273	C172
DD7B	N99274	ERCO
DD83	N9928B	C182
DD84	N9928C	L8
DD86	N9928E	C182
DD87	N9928F	C340
DD8C	N9928L	AA1
DD8E	N9928N	T206
DD8F	N9928P	PA36
DD90	N9928Q	C172
DD91	N9928R	BE95
DD94	N9928U	AA5
DD95	N9928V	C180
DD98	N9928Y	T210
DD9A	N99280	ERCO
DD9B	N99281	ERCO
DD9C	N99282	ERCO
DD9E	N99284	ERCO
DDA5	N9929A	C170
DDA7	N9929C	L8
DDA9	N9929E	C182
DDB1	N9929N	C180
DDB2	N9929P	PA18
DDB6	N9929T	FDCT
DDB9	N9929W	P28A
DDC2	N99295	C172
DDC4	N99297	ERCO
DDC6	N99299	ERCO
DDC7	N993	RV9
DDC8	N993A	GLAS
DDCB	N993AC	DH8D
DDCE	N993AF	CH75
DDD2	N993AK	BE99
DDD5	N993AN	A321
DDD8	N993AR	A321
DDD9	N993AS	PA34
DDDA	N993AT	B712
DDE1	N993B	B47G
DDE2	N993BA	C130
DDE9	N993BH	DH8B
DDFB	N993CA	BE60
DDFC	N993CB	BE9L
DDFD	N993CC	PA18
DDFE	N993CD	C82S
DDFF	N993CE	F2TH
DE06	N993CM	WAIX
DE08	N993CP	C72R
DE0B	N993CS	T206
DE14	N993DA	DV20
DE15	N993DB	PA22
DE16	N993DC	RV6
DE1A	N993DG	RV8
DE1E	N993DL	MD88
DE25	N993DT	LNP4
DE28	N993DW	C182
DE3D	N993ES	BE55
DE46	N993FA	RV9
DE49	N993FD	B752
DE4A	N993FE	C208
DE5B	N993FX	C208
DE5E	N993G	P28A
DE5F	N993GA	C182
DE66	N993GH	F2TH
DE69	N993GL	C25A
DE6A	N993GM	E55P
DE87	N993HR	PA31
DE91	N993JA	A333
DE92	N993JB	M20P
DE95	N993JE	A321
DE9B	N993JL	CL35
DEA2	N993JT	M20P
DEB0	N993KG	SF50
DEBB	N993KT	C182
DECD	N993LL	SR22
DEDC	N993MA	GLIM
DEDF	N993MD	BE33
DEE7	N993MM	SR22
DEF0	N993MW	BE58
DEFE	N993NK	A20N
DF01	N993NN	B738
DF11	N993PD	C172
DF26	N993Q	BE35
DF50	N993RS	E55P
DF59	N993SA	CL60
DF5B	N993SC	T33
DF5C	N993SD	AS50
DF5E	N993SF	F104
DF5F	N993SG	H25B
DF61	N993SJ	FA7X
DF64	N993SM	SR22
DF68	N993SR	P210
DF6A	N993ST	A119
DF71	N993T	BE35
DF73	N993TB	CL30
DFBF	N993WC	TBM7
DFED	N993XZ	FA7X
E020	N9930	HA4T
E021	N9930A	C170
E022	N9930B	PRM1
E025	N9930E	C82R
E028	N9930H	C82R
E02F	N9930Q	C185
E030	N9930R	BE35
E031	N9930S	M20P
E032	N9930T	C182
E033	N9930U	AA5
E034	N9930V	C180
E036	N9930X	C185
E039	N99300	GLID
E03C	N99303	ERCO
E03D	N99304	ERCO
E03E	N99305	SVNH
E03F	N99306	ERCO
E040	N99307	ERCO
E042	N99309	ERCO
E044	N9931A	C170
E045	N9931B	C72R
E046	N9931C	L8
E048	N9931E	C172
E04B	N9931H	C82R
E04E	N9931L	AA1
E052	N9931Q	C172
E055	N9931T	C182
E056	N9931U	AA5
E05C	N99310	ERCO
E061	N99315	ERCO
E062	N99316	ERCO
E063	N99317	ERCO
E06B	N9932E	C182
E06E	N9932H	C82R
E073	N9932N	C180
E077	N9932S	M20P
E07E	N9932Z	T206
E081	N99322	ERCO
E082	N99323	PA18
E084	N99325	ERCO
E085	N99326	ERCO
E086	N99327	ERCO
E088	N99329	C172
E08A	N9933A	C170
E08B	N9933B	C182
E095	N9933M	C207
E099	N9933R	T206
E09B	N9933T	C182
E09C	N9933U	AA5
E09E	N9933W	P28A
E0A1	N9933Z	T206
E0A6	N99334	ERCO
E0A7	N99335	ERCO
E0A9	N99337	ERCO
E0AA	N99338	C172
E0AB	N99339	ERCO
E0AE	N9934B	C182
E0AF	N9934C	L8
E0B0	N9934D	PA18
E0B1	N9934E	C182
E0B3	N9934G	C150
E0B9	N9934N	C180
E0BA	N9934P	TB21
E0BB	N9934Q	C172
E0BF	N9934U	AA5
E0C0	N9934V	C180
E0C2	N9934X	T210
E0C4	N9934Z	T206
E0C5	N99340	ERCO
E0C6	N99341	C172
E0C9	N99344	C172
E0CA	N99345	ERCO
E0CC	N99347	C172
E0D0	N9935A	C170
E0D1	N9935B	C182
E0D3	N9935D	PA18
E0D4	N9935E	C82R
E0D5	N9935F	C72R
E0D7	N9935H	C82R
E0DA	N9935L	C172
E0DB	N9935M	C207
E0DC	N9935N	C180
E0DF	N9935R	T206
E0E3	N9935V	C172
E0E8	N99350	ERCO
E0EB	N99353	ERCO
E0EF	N99357	ERCO
E0F2	N9936	G164
E0FA	N9936H	BE17
E0FD	N9936L	AA1
E101	N9936Q	C172
E102	N9936R	BE35
E105	N9936U	AA5
E106	N9936V	C172
E107	N9936W	P28A
E10A	N9936Z	B25
E10B	N99360	ERCO
E10C	N99361	GLID
E110	N99365	ERCO
E112	N99367	ERCO
E114	N99369	ERCO
E116	N9937A	C170
E117	N9937B	L8
E118	N9937C	M20P
E119	N9937D	PA18
E11A	N9937E	C172
E124	N9937Q	C172
E12C	N9937Y	CH7B
E130	N99372	ERCO
E131	N99373	ERCO
E132	N99374	P28A
E134	N99376	M20P
E135	N99377	C172
E13C	N9938D	PA18
E145	N9938N	C180
E146	N9938P	PA36
E14A	N9938T	C182
E14B	N9938U	AA5
E14D	N9938W	P28A
E14F	N9938Y	CH7B
E150	N9938Z	T206
E158	N99387	ERCO
E159	N99388	ERCO
E15B	N9939	HIGH
E15E	N9939C	L8
E163	N9939H	C82S
E166	N9939L	AA1
E168	N9939N	C180
E169	N9939P	PA18
E16E	N9939U	AA5
E16F	N9939V	C180
E170	N9939W	P28A
E171	N9939X	C185
E172	N9939Y	CH7B
E173	N9939Z	T206
E175	N99391	ERCO
E178	N99394	T28
E179	N99395	T28
E17A	N99396	C172
E17C	N99398	ERCO
E17D	N99399	ERCO
E17E	N994	RV8
E17F	N994A	PA22
E182	N994AC	SSTL
E186	N994AG	MT
E18C	N994AN	A321
E191	N994AT	B712
E199	N994BA	C208
E19B	N994BC	P28R
E19C	N994BD	PA34
E1B1	N994C	S108
E1B4	N994CC	PA18
E1B5	N994CD	T210
E1B7	N994CF	BE30
E1B9	N994CH	TRDO
E1C2	N994CS	P28A
E1C3	N994CT	SR22
E1CB	N994DA	DV20
E1CC	N994DB	RV4
E1D0	N994DF	TBM7
E1D5	N994DL	MD88
E1D6	N994DM	FOX
E1DB	N994DS	OSCR
E1E4	N994EA	LJ35
E1FC	N994F	C208
E200	N994FD	B752
E201	N994FE	C208
E212	N994FX	C208
E249	N994JB	C82S
E24E	N994JG	C525
E252	N994JL	A321
E255	N994JP	C150
E263	N994KC	R44
E264	N994KD	S22T
E271	N994KS	RV9
E292	N994M	RV6
E293	N994MA	P46T
E294	N994MB	P28A
E299	N994MG	C82S
E29D	N994ML	BE20
E2A4	N994MT	C550
E2AC	N994NA	C172
E2B5	N994NK	A20N
E2B8	N994NN	B738
E2C3	N994NZ	T210
E2C4	N994P	LNP4
E2D0	N994PM	SR22
E2D6	N994PT	LNP4
E2DA	N994PX	S22T
E2DD	N994Q	BE35
E2FF	N994RJ	C185
E307	N994RS	C152
E30F	N994S	BE35
E311	N994SB	SR22
E313	N994SD	AS50
E31D	N994SP	SRAI
E321	N994ST	A119
E352	N994US	M20P
E373	N994W	RV9
E384	N994WS	HDJT
E388	N994WW	C72R
E3D9	N9940B	C182
E3DC	N9940E	C182
E3DD	N9940F	C340
E3E3	N9940M	T206
E3EB	N9940V	C172
E3EC	N9940W	P28A
E3EE	N9940Y	CH7B
E3F2	N99402	ERCO
E3F4	N99404	ERCO
E3F6	N99406	ERCO
E3F7	N99407	ERCO
E3FC	N9941B	C182
E3FD	N9941C	L8
E3FE	N9941D	PA18
E405	N9941L	AA1
E406	N9941M	C207
E40A	N9941R	RV8
E40D	N9941U	AA5
E40E	N9941V	C180
E412	N9941Z	T206
E414	N99411	ERCO
E420	N9942C	L8
E424	N9942G	PA31
E429	N9942M	C207
E42C	N9942Q	C172
E42E	N9942S	AC95
E430	N9942U	AA5
E432	N9942W	P28A
E434	N9942Y	CH7B
E436	N99420	B26
E437	N99421	ERCO
E43F	N99429	ERCO
E441	N9943A	C170
E443	N9943C	S22T
E445	N9943E	C172
E449	N9943J	GLID
E44C	N9943M	C207
E44E	N9943P	PC12
E44F	N9943Q	C172
E450	N9943R	E55P
E452	N9943T	T6
E453	N9943U	AA5
E454	N9943V	C180
E455	N9943W	CC11
E456	N9943X	C185
E457	N9943Y	CH7B
E458	N9943Z	T206
E459	N99430	ERCO
E45A	N99431	G44
E45B	N99432	ERCO
E45C	N99433	ERCO
E462	N99439	ERCO
E464	N9944A	C170
E466	N9944C	L8
E467	N9944D	PA18
E468	N9944E	C182
E46C	N9944J	GLID
E46D	N9944K	B06
E46E	N9944L	AA1
E470	N9944N	C180
E472	N9944Q	C172
E473	N9944R	T206
E477	N9944V	C180
E479	N9944X	C185
E47B	N9944Z	T206
E47E	N99442	C172
E483	N99447	C172
E484	N99448	ERCO
E489	N9945C	L8
E48B	N9945E	C172
E48E	N9945H	C82R
E491	N9945L	TRDO
E494	N9945P	PA18
E495	N9945Q	C172
E49F	N99450	SA30
E4A0	N99451	CB1
E4A7	N99458	ERCO
E4A9	N9946	G164
E4AB	N9946B	C182
E4AC	N9946C	P28R
E4AE	N9946E	C182
E4B5	N9946M	C207
E4B8	N9946Q	C172
E4BC	N9946U	AA1
E4BE	N9946W	P28A
E4BF	N9946X	C185
E4C3	N99461	CMAS
E4C4	N99462	ERCO
E4C5	N99463	ERCO
E4C7	N99465	C172
E4C8	N99466	ERCO
E4C9	N99467	C172
E4CE	N9947B	C182
E4CF	N9947C	C82R
E4D0	N9947D	PA18
E4D1	N9947E	C182
E4D3	N9947G	C188
E4D5	N9947J	GLID
E4DA	N9947P	PA36
E4DB	N9947Q	PA18
E4E1	N9947W	P28A
E4EC	N99477	ERCO
E4ED	N99478	UH1
E4EF	N9948	C195
E4F0	N9948A	C170
E4F2	N9948C	RC3
E4F7	N9948H	AR6T
E4F8	N9948J	GLID
E4FB	N9948M	C207
E4FE	N9948Q	PA18
E501	N9948T	C182
E502	N9948U	AA5
E503	N9948V	C172
E507	N9948Z	T206
E50D	N99485	ERCO
E510	N99488	ERCO
E515	N9949C	L8
E51D	N9949L	AA1
E51F	N9949N	C180
E522	N9949R	BE95
E525	N9949U	AA1
E52B	N99490	ERCO
E52E	N99493	ERCO
E52F	N99494	ERCO
E530	N99495	ERCO
E53C	N995AF	PC12
E540	N995AK	PA31
E541	N995AL	EC45
E543	N995AN	A321
E546	N995AR	TL20
E548	N995AT	B712
E549	N995AU	C510
E54F	N995B	H60
E550	N995BA	CL60
E552	N995BC	AS50
E556	N995BG	KR2
E55C	N995BN	G280
E569	N995CA	P212
E56A	N995CB	CL35
E56B	N995CC	PA18
E56D	N995CE	F2TH
E56E	N995CF	DC86
E574	N995CM	A321
E576	N995CP	C72R
E579	N995CS	C82S
E57A	N995CT	BE55
E582	N995DA	DA40
E588	N995DG	TBM7
E589	N995DH	DH82
E58C	N995DL	MD88
E58F	N995DP	LJ35
E5A1	N995EG	BT36
E5B2	N995EZ	GLIM
E5B7	N995FD	B752
E5B8	N995FE	C208
E5BF	N995FM	BE35
E5D3	N995GG	GLF4
E5DA	N995GP	C310
E5DE	N995GT	BE9L
E5FE	N995J	SAKO
E5FF	N995JA	C172
E602	N995JD	CH7B
E605	N995JG	DHC2
E609	N995JL	A321
E60A	N995JM	RV7
E617	N995K	M20P
E61E	N995KG	PTS2
E620	N995KJ	CH75
E625	N995KP	B06
E629	N995KT	PA46
E631	N995LA	DA62
E633	N995LC	SF50
E63E	N995LP	E55P
E64C	N995MC	SS2T
E650	N995MG	SS2T
E653	N995MK	PC9
E654	N995ML	GLEX
E65A	N995MS	BE20
E663	N995NA	C172
E66F	N995NN	B738
E672	N995NR	R22
E682	N995PG	ERCO
E687	N995PM	B06
E68B	N995PR	PA11
E68D	N995PT	BE20
E690	N995PW	S108
E694	N995Q	BE35
E6B0	N995RC	EC45
E6B4	N995RG	E550
E6BD	N995RR	CL35
E6C1	N995RV	RV9
E6C6	N995S	P46T
E6C8	N995SB	C182
E6C9	N995SC	F5
E6CA	N995SD	S22T
E6D4	N995SP	DHC2
E6DF	N995T	BE35
E6E1	N995TB	SR22
E6E7	N995TH	M7
E6F1	N995TT	SR22
E6F4	N995TW	RV8
E6F5	N995TX	BE20
E71A	N995VJ	SF50
E729	N995VZ	C77R
E72A	N995W	PA18
E72E	N995WD	SR22
E736	N995WM	BL8
E73B	N995WS	SR22
E73F	N995WW	C72R
E743	N995X	L39
E78F	N9950A	C170
E792	N9950D	PA22
E799	N9950L	AA1
E79D	N9950Q	PA18
E7A3	N9950W	P28A
E7A4	N9950X	C185
E7A5	N9950Y	CH7B
E7AE	N99507	R22
E7AF	N99508	C172
E7B1	N9951	M7
E7B5	N9951D	PA22
E7B6	N9951E	C182
E7B9	N9951H	C82R
E7BE	N9951N	C180
E7C5	N9951V	C172
E7C7	N9951X	C185
E7CB	N99511	JACE
E7CD	N99513	ERCO
E7CE	N99514	ERCO
E7D1	N99517	C172
E7D2	N99518	ERCO
E7D3	N99519	R44
E7D8	N9952D	PA22
E7E0	N9952M	C207
E7E3	N9952Q	PA18
E7E4	N9952R	T206
E7E6	N9952T	EXEC
E7EC	N9952Z	T206
E7ED	N99520	ERCO
E7F0	N99523	ERCO
E7F4	N99527	C172
E7F6	N99529	ERCO
E7FA	N9953C	C303
E7FB	N9953D	PA22
E7FC	N9953E	C182
E7FF	N9953H	C82R
E801	N9953K	B06
E803	N9953M	C207
E80A	N9953U	AA1
E80E	N9953Y	CH7B
E810	N99530	ERCO
E812	N99532	C172
E813	N99533	ERCO
E815	N99535	ERCO
E819	N99539	ERCO
E81B	N9954A	C170
E81C	N9954B	C182
E81E	N9954D	PA22
E81F	N9954E	C182
E822	N9954H	C82R
E825	N9954L	M20P
E827	N9954N	C180
E829	N9954Q	PA18
E82C	N9954T	C182
E836	N99543	ERCO
E83A	N99547	ERCO
E83E	N9955A	C170
E840	N9955C	C82R
E842	N9955E	C182
E845	N9955H	ST75
E846	N9955J	C188
E849	N9955M	BE58
E84C	N9955Q	PA18
E84D	N9955R	BE95
E84F	N9955T	C182
E850	N9955U	AA5
E853	N9955X	C185
E857	N99551	ERCO
E858	N99552	RV9
E859	N99553	C172
E85A	N99554	DUCE
E85E	N99558	ERCO
E862	N9956B	C208
E868	N9956H	C82R
E86C	N9956M	C207
E870	N9956R	BE95
E874	N9956V	C172
E87A	N99561	ERCO
E87D	N99564	ERCO
E87F	N99566	C172
E881	N99568	ERCO
E884	N9957A	C170
E885	N9957B	C182
E887	N9957D	PA22
E888	N9957E	C172
E88F	N9957M	C207
E890	N9957N	C180
E891	N9957P	PA36
E892	N9957Q	PA18
E893	N9957R	T206
E895	N9957T	C182
E896	N9957U	AA5
E899	N9957X	C185
E89F	N99573	ERCO
E8A3	N99577	ERCO
E8A5	N99579	UH12
E8A7	N9958A	C170
E8A8	N9958B	C182
E8AA	N9958D	PA22
E8AB	N9958E	C182
E8AE	N9958H	C82R
E8B1	N9958L	AA1
E8B3	N9958N	C180
E8B8	N9958T	C182
E8BD	N9958Y	CH7B
E8C2	N99583	C172
E8C5	N99586	ERCO
E8C6	N99587	PA18
E8C8	N99589	C172
E8CA	N9959A	C170
E8CB	N9959B	C182
E8CD	N9959D	PA22
E8CE	N9959E	C182
E8D1	N9959H	C82R
E8D4	N9959L	AA1
E8D9	N9959R	T206
E8DC	N9959U	AA5
E8DF	N9959X	C185
E8E0	N9959Y	T210
E8E3	N99591	ERCO
E8E4	N99592	ERCO
E8E8	N99596	ERCO
E8E9	N99597	ERCO
E8EA	N99598	C172
E8EC	N996	MG15
E8ED	N996A	S22T
E8EF	N996AB	AC90
E8F0	N996AC	C550
E8FA	N996AN	A321
E8FD	N996AR	B06
E8FF	N996AT	B712
E906	N996B	B47G
E907	N996BA	C208
E908	N996BB	RV6
E91F	N996C	PA46
E922	N996CC	PA18
E923	N996CD	SR22
E928	N996CJ	CJ6
E92A	N996CL	CL35
E92D	N996CP	C72R
E930	N996CS	T206
E939	N996DA	DV20
E93B	N996DC	PA11
E93F	N996DG	FOX
E941	N996DJ	LGEZ
E943	N996DL	MD88
E95F	N996EP	PA46
E96A	N996F	BE36
E96E	N996FD	B752
E96F	N996FE	C208
E984	N996GA	GLF5
E98E	N996GL	PC7
E99C	N996H	KR34
E99F	N996HC	LGEZ
E9B6	N996JA	A333
E9B7	N996JB	AT6T
E9B8	N996JC	RV10
E9BF	N996JK	BE36
E9C0	N996JL	A321
E9C3	N996JP	C501
E9C5	N996JR	C25A
E9CE	N996K	SA10
E9D4	N996KF	PC12
E9EA	N996LC	E55P
E9F3	N996LM	BE20
EA00	N996M	MC45
EA03	N996MC	B06
EA09	N996MJ	M20P
EA26	N996NN	B738
EA29	N996NR	R44
EA36	N996PD	AS50
EA3B	N996PJ	RV6
EA43	N996PS	G280
EA4B	N996Q	BE35
EA64	N996R	ERCO
EA65	N996RA	C72R
EA75	N996RS	AS50
EA78	N996RV	RV4
EA7D	N996S	RV10
EA7E	N996SA	C172
EA80	N996SC	E55P
EA8D	N996SR	CL60
EA93	N996SX	SONX
EA96	N996T	GLIM
EA97	N996TA	C172
EAAC	N996TX	C750
EAC0	N996US	RV6
EAC8	N996V	BE36
EAF6	N996WW	C72R
EAFA	N996X	G164
EB47	N9960B	C182
EB4A	N9960E	C172
EB50	N9960L	AA1
EB52	N9960N	C185
EB58	N9960U	AA5
EB5E	N99600	ERCO
EB5F	N99601	ERCO
EB61	N99603	R44
EB63	N99605	R44
EB64	N99606	C172
EB68	N9961	EFOX
EB6D	N9961E	C172
EB70	N9961H	FA62
EB78	N9961R	BE95
EB7B	N9961U	AA5
EB7C	N9961V	C172
EB7F	N9961Y	CH7A
EB82	N99611	PA15
EB87	N99616	ERCO
EB89	N99618	ERCO
EB8B	N9962	SR20
EB8F	N9962D	PA22
EB90	N9962E	C182
EB96	N9962L	AA1
EB97	N9962M	C207
EB9A	N9962Q	PA18
EB9D	N9962T	C182
EB9E	N9962U	AA5
EBA0	N9962W	P28A
EBA6	N99622	ERCO
EBAC	N99628	B47G
EBB2	N9963D	PA22
EBB3	N9963E	C172
EBB6	N9963H	S22T
EBB9	N9963L	AA1
EBBB	N9963N	C180
EBBD	N9963Q	PA18
EBC1	N9963U	AA5
EBC4	N9963X	SF50
EBC5	N9963Y	T210
EBC7	N99630	ERCO
EBCA	N99633	ERCO
EBD4	N9964C	C182
EBD6	N9964E	C182
EBD9	N9964H	C82R
EBDB	N9964K	C82T
EBDC	N9964L	C172
EBDD	N9964M	RV6
EBDF	N9964P	PA36
EBE0	N9964Q	PA18
EBE6	N9964W	P28A
EBE7	N9964X	C185
EBE8	N9964Y	T210
EBE9	N9964Z	CORS
EBEA	N99640	PA18
EBEB	N99641	ERCO
EBED	N99643	ERCO
EBEF	N99645	R44
EBF0	N99646	ERCO
EBF1	N99647	ERCO
EBF2	N99648	ERCO
EBF3	N99649	ERCO
EBF4	N9965	G164
EBF5	N9965A	C170
EBF6	N9965B	C182
EC02	N9965P	C172
EC03	N9965Q	PA18
EC07	N9965U	AA5
EC0A	N9965X	C185
EC0E	N99651	ERCO
EC14	N99657	ERCO
EC15	N99658	ERCO
EC1A	N9966C	GLIM
EC1B	N9966D	PA22
EC1E	N9966G	P32R
EC24	N9966N	C180
EC25	N9966P	PA36
EC26	N9966Q	PA18
EC29	N9966T	C182
EC2B	N9966V	C172
EC2D	N9966X	C185
EC32	N99662	TAYB
EC34	N99664	ERCO
EC36	N99666	ERCO
EC3D	N9967C	C82R
EC47	N9967N	C180
EC49	N9967Q	PA18
EC4A	N9967R	T206
EC4D	N9967U	AA5
EC51	N9967Y	CH7B
EC54	N99671	ERCO
EC55	N99672	ERCO
EC56	N99673	ERCO
EC57	N99674	ERCO
EC58	N99675	UH1
EC59	N99676	AS50
EC5E	N9968A	C170
EC60	N9968C	C82R
EC62	N9968E	C182
EC63	N9968F	C72R
EC64	N9968G	C188
EC66	N9968J	C188
EC68	N9968L	C172
EC6A	N9968N	T210
EC6B	N9968P	BE36
EC6C	N9968Q	PA18
EC6F	N9968T	C182
EC71	N9968V	C172
EC72	N9968W	P28A
EC73	N9968X	C185
EC74	N9968Y	CH7A
EC76	N99680	ERCO
EC7A	N99684	ERCO
EC7B	N99685	ERCO
EC7C	N99686	ERCO
EC81	N9969A	C170
EC82	N9969B	C72R
EC83	N9969C	C82R
EC85	N9969E	C182
EC92	N9969T	C182
EC93	N9969U	AA5
EC94	N9969V	C172
EC9C	N99693	R44
EC9F	N99696	ERCO
ECA0	N99697	C172
ECA1	N99698	ERCO
ECA3	N997	WAC9
ECA4	N997A	RV7
ECA5	N997AA	A321
ECA6	N997AB	R22
ECA7	N997AC	E300
ECAE	N997AK	C207
ECB0	N997AM	B737
ECB6	N997AT	B712
ECB8	N997AV	S22T
ECC0	N997BC	BE35
ECCF	N997BT	T206
ECD7	N997CA	DA40
ECD9	N997CC	PA18
ECDA	N997CD	SR22
ECDE	N997CH	T210
ECE4	N997CP	C82T
ECEB	N997CW	P28A
ECEF	N997D	M20P
ECF2	N997DC	CH60
ECF7	N997DH	DHC2
ECF8	N997DJ	PC12
ECFA	N997DL	MD88
ED09	N997EA	C560
ED14	N997EM	PULS
ED25	N997FD	B752
ED26	N997FE	C208
ED4F	N997GW	C82T
ED61	N997HP	EXPR
ED6C	N997J	BE33
ED6E	N997JB	C82R
ED70	N997JD	C414
ED73	N997JG	F900
ED74	N997JH	BE95
ED76	N997JK	COL4
ED77	N997JL	A321
ED78	N997JM	TBM7
ED7D	N997JS	B407
ED7E	N997JT	P32R
ED90	N997KL	M20T
EDAA	N997LM	BE20
EDAC	N997LP	LNCE
EDB8	N997MA	PA46
EDBA	N997MC	C72R
EDBB	N997MD	BE9L
EDBC	N997ME	BE10
EDBE	N997MG	DH8B
EDC0	N997MJ	PA46
EDC3	N997MM	COL4
EDCD	N997MX	BE40
EDD0	N997N	GLST
EDD3	N997NC	P28A
EDDD	N997NN	B738
EDEC	N997PC	C182
EDF5	N997PM	B06
EE05	N997QC	G164
EE1B	N997R	T210
EE1C	N997RA	C72R
EE25	N997RK	BE40
EE27	N997RM	M7
EE2C	N997RS	BE40
EE34	N997S	LNCE
EE36	N997SB	BE99
EE38	N997SD	AS50
EE39	N997SE	C172
EE3B	N997SG	P28A
EE3D	N997SJ	CRER
EE44	N997SR	R44
EE45	N997SS	C56X
EE47	N997SU	R44
EE4D	N997T	C510
EE4E	N997TA	C402
EE63	N997TX	C182
EE74	N997UP	PA20
EE7F	N997V	BE23
EE80	N997VA	R44
EE81	N997VB	AA5
EE98	N997W	FOX
EEA9	N997WS	HDJT
EEB1	N997X	FA7X
EEBA	N997XJ	C55B
EEFD	N9970A	C170
EF02	N9970F	UH1
EF04	N9970H	ST75
EF07	N9970L	AA1
EF10	N9970V	C172
EF11	N9970W	P28A
EF13	N9970Y	CH7A
EF14	N9970Z	T206
EF15	N99700	C172
EF16	N99701	ERCO
EF18	N99703	ERCO
EF1A	N99705	ERCO
EF1C	N99707	ERCO
EF1D	N99708	SCOR
EF1E	N99709	C172
EF20	N9971A	C170
EF24	N9971E	C172
EF2A	N9971L	AA1
EF2C	N9971N	C180
EF2E	N9971Q	PA18
EF31	N9971T	C182
EF32	N9971U	AA5
EF33	N9971V	C172
EF34	N9971W	P28A
EF36	N9971Y	CH7B
EF39	N99711	ERCO
EF3A	N99712	C172
EF3C	N99714	ERCO
EF3D	N99715	C172
EF3E	N99716	ERCO
EF43	N9972A	C170
EF48	N9972F	C140
EF4F	N9972N	C180
EF52	N9972R	BE35
EF53	N9972S	FOX
EF54	N9972T	PA38
EF56	N9972V	C172
EF5C	N99721	ERCO
EF60	N99725	C172
EF61	N99726	ERCO
EF62	N99727	ERCO
EF64	N99729	ERCO
EF66	N9973A	C170
EF69	N9973D	PA22
EF6B	N9973F	C180
EF75	N9973R	ACRO
EF77	N9973T	PA38
EF78	N9973U	AA5
EF80	N99732	ERCO
EF82	N99734	ERCO
EF87	N99739	ERCO
EF8D	N9974E	C82R
EF8E	N9974F	PA23
EF94	N9974M	T206
EF96	N9974P	RV7
EF97	N9974Q	PA18
EF9A	N9974T	PA38
EFA5	N99744	C172
EFB4	N9975J	C188
EFB6	N9975L	AA1
EFBD	N9975T	C182
EFC0	N9975W	P28A
EFC4	N99750	C172
EFC7	N99753	ERCO
EFCB	N99757	ERCO
EFCC	N99758	ERCO
EFCD	N99759	C172
EFCF	N9976A	C170
EFD0	N9976B	C182
EFD2	N9976D	PA22
EFD5	N9976G	C150
EFDA	N9976M	T206
EFDC	N9976P	PA36
EFDD	N9976Q	PA18
EFE0	N9976T	PA38
EFE8	N99761	ERCO
EFE9	N99762	ERCO
EFEB	N99764	ERCO
EFEC	N99765	C172
EFEE	N99767	RV8
EFEF	N99768	ERCO
EFF2	N9977A	C170
EFF4	N9977C	P28A
EFF5	N9977D	PA22
EFF6	N9977E	C182
EFFA	N9977J	C188
EFFE	N9977N	C180
F000	N9977Q	PA18
F003	N9977T	C182
F004	N9977U	AA5
F005	N9977V	C172
F008	N9977Y	PA18
F00A	N99770	C172
F00D	N99773	ERCO
F011	N99777	EPIC
F012	N99778	ERCO
F016	N9978B	C182
F019	N9978E	C82R
F01A	N9978F	C72R
F01C	N9978H	C82R
F021	N9978N	C180
F024	N9978R	BE95
F026	N9978T	PA38
F02A	N9978X	C185
F02D	N99780	ERCO
F02E	N99781	S108
F030	N99783	C172
F031	N99784	ERCO
F037	N9979	C172
F039	N9979B	C182
F03A	N9979C	C82R
F03B	N9979D	PA18
F03C	N9979E	C182
F03E	N9979G	C188
F044	N9979N	C180
F045	N9979P	PA36
F049	N9979T	C182
F04A	N9979U	AA1
F04D	N9979X	C185
F050	N99790	ERCO
F056	N99796	ERCO
F059	N99799	BE18
F05E	N998AC	DH8D
F062	N998AG	M20P
F065	N998AK	BE20
F066	N998AL	LJ45
F068	N998AN	A321
F06D	N998AT	B712
F074	N998B	CH7A
F076	N998BB	BE36
F077	N998BC	BL8
F080	N998BM	FA20
F089	N998BW	BE30
F08D	N998C	M600
F08E	N998CA	CRJ1
F090	N998CC	PA18
F091	N998CD	SR22
F097	N998CK	FA20
F099	N998CM	C525
F09B	N998CP	C172
F09F	N998CT	P28A
F0A3	N998CX	C750
F0A7	N998DA	BE36
F0A8	N998DB	B407
F0A9	N998DC	DV20
F0AC	N998DF	S22T
F0B1	N998DL	MD88
F0B2	N998DM	BE95
F0B7	N998DS	FOX
F0BB	N998DW	C172
F0C0	N998EA	C560
F0C1	N998EB	RV8
F0C2	N998EC	M20P
F0C4	N998EE	GLID
F0C9	N998EK	SR22
F0CB	N998EM	GLIM
F0DC	N998FD	B752
F0DD	N998FE	C208
F0DE	N998FF	BE40
F0F1	N998G	CL35
F0F3	N998GB	C560
F0F4	N998GC	E55P
F0FD	N998GM	RV8
F0FF	N998GP	GLF4
F110	N998HF	HUCO
F111	N998HG	RV8
F124	N998JA	C310
F128	N998JE	A321
F12A	N998JG	B36T
F134	N998JS	M7
F138	N998JW	SR22
F14E	N998KT	RS12
F160	N998LL	SR20
F161	N998LM	PA31
F166	N998LS	BE36
F167	N998LT	BE35
F16A	N998LW	CH70
F16E	N998M	C172
F16F	N998MA	P32R
F175	N998MG	KR2
F17A	N998MM	PA32
F17F	N998MS	R44
F189	N998NB	GLF5
F18A	N998NC	M20P
F190	N998NJ	LJ45
F194	N998NN	B738
F1A1	N998PA	PRM1
F1A2	N998PB	GLF6
F1AB	N998PL	BE36
F1AC	N998PM	BE36
F1AE	N998PP	AS50
F1B5	N998PW	P28B
F1B9	N998Q	BE95
F1BC	N998QC	G164
F1D2	N998R	GL7T
F1D3	N998RA	C172
F1D5	N998RC	SR22
F1E3	N998RS	GLID
F1E6	N998RV	RV8
F1EC	N998SA	C560
F1ED	N998SB	C82S
F1EE	N998SC	PA11
F1EF	N998SD	AS50
F1F0	N998SE	C172
F1F3	N998SH	H500
F1F7	N998SM	M20P
F1FB	N998SR	C550
F204	N998T	BE35
F205	N998TA	P208
F20B	N998TG	CRER
F20C	N998TH	LNC4
F20D	N998TJ	RV6
F210	N998TM	HROC
F212	N998TP	R44
F215	N998TS	C55B
F216	N998TT	RV8
F219	N998TW	C560
F21A	N998TX	C750
F24F	N998W	RV8
F25D	N998WP	RV4
F261	N998WT	SR22
F2B4	N9980A	C170
F2B5	N9980B	C182
F2B8	N9980E	C182
F2BA	N9980G	C188
F2BE	N9980L	AA1
F2C8	N9980W	P28A
F2CC	N99800	BE18
F2CD	N99801	BE18
F2D1	N99805	PC12
F2D3	N99807	ERCO
F2D4	N99808	ERCO
F2DC	N9981F	C72R
F2E3	N9981N	T206
F2E4	N9981P	PA36
F2E6	N9981R	BE95
F2E8	N9981T	PA38
F2E9	N9981U	AA5
F2EA	N9981V	C172
F2EF	N99810	ERCO
F2F0	N99811	ERCO
F2F1	N99812	ERCO
F2F5	N99816	ERCO
F2F9	N9982	G164
F2FB	N9982B	C182
F304	N9982L	AA1
F30B	N9982T	C182
F310	N9982Y	T210
F312	N99820	ERCO
F315	N99823	ERCO
F317	N99825	ERCO
F318	N99826	C172
F31A	N99828	ERCO
F31E	N9983B	C182
F324	N9983H	C82R
F325	N9983J	C188
F328	N9983M	T206
F32A	N9983P	M6
F32C	N9983R	T206
F32E	N9983T	C182
F32F	N9983U	AA5
F330	N9983V	C172
F333	N9983Y	CH7A
F337	N99832	C172
F338	N99833	ERCO
F33A	N99835	ERCO
F340	N9984A	C170
F342	N9984C	C82R
F344	N9984E	C182
F346	N9984G	SR22
F349	N9984K	B06
F352	N9984U	AA5
F353	N9984V	C172
F354	N9984W	P28A
F356	N9984Y	CH7A
F358	N99840	ERCO
F35B	N99843	ERCO
F360	N99848	ERCO
F364	N9985B	C72R
F366	N9985D	PA22
F36A	N9985H	ST75
F36F	N9985N	C180
F375	N9985U	AA5
F37E	N99853	ERCO
F37F	N99854	GLID
F380	N99855	M20P
F384	N99859	GLID
F386	N9986A	C170
F38D	N9986H	C82R
F391	N9986M	T206
F396	N9986S	CH7B
F397	N9986T	C182
F398	N9986U	AA5
F39C	N9986Y	CH7A
F3A9	N9987A	C170
F3B0	N9987H	C82R
F3B5	N9987N	C185
F3B9	N9987S	FH11
F3BC	N9987V	C172
F3BF	N9987Y	CH7A
F3C0	N9987Z	SREY
F3C1	N99870	C172
F3C2	N99871	C172
F3C3	N99872	C172
F3CA	N99879	ERCO
F3D1	N9988F	H269
F3DB	N9988R	BE95
F3DF	N9988V	C172
F3E0	N9988W	P28A
F3E1	N9988X	C185
F3E2	N9988Y	CH7A
F3E3	N9988Z	M20T
F3E5	N99881	C172
F3E8	N99884	ERCO
F3E9	N99885	C172
F3EC	N99888	H500
F3EF	N9989A	C170
F3F0	N9989B	C182
F3F3	N9989E	C182
F400	N9989T	C182
F401	N9989U	AA5
F402	N9989V	C172
F403	N9989W	P28A
F408	N99891	ERCO
F40B	N99894	ERCO
F40C	N99895	M20P
F410	N99899	ERCO
F413	N999AA	GLF4
F414	N999AB	P32R
F415	N999AC	ERCO
F416	N999AD	P28R
F417	N999AE	E300
F418	N999AF	C172
F419	N999AG	C180
F41A	N999AH	GLF4
F41B	N999AJ	BT36
F41C	N999AK	BE58
F41E	N999AM	C500
F41F	N999AN	SR22
F422	N999AR	C172
F426	N999AV	P210
F427	N999AW	PA31
F42C	N999BA	PA18
F42D	N999BB	BE35
F42E	N999BC	BE35
F431	N999BF	BT36
F433	N999BH	EXEC
F435	N999BK	E55P
F437	N999BM	C82R
F438	N999BN	PTS2
F43A	N999BQ	C525
F43B	N999BR	TAIL
F43C	N999BS	C320
F43D	N999BT	RV4
F43E	N999BU	RV6
F442	N999BY	SR22
F443	N999BZ	RV8
F444	N999C	S108
F445	N999CA	C680
F446	N999CB	C25C
F448	N999CD	P40
F449	N999CE	BT36
F44A	N999CF	C182
F44B	N999CG	C77R
F44C	N999CH	C172
F44E	N999CK	P32R
F44F	N999CL	P28A
F450	N999CM	LJ55
F452	N999CP	PA34
F454	N999CR	PA34
F456	N999CT	FDCT
F459	N999CW	BE58
F45A	N999CX	C56X
F45C	N999CZ	BE99
F45E	N999DA	AC50
F45F	N999DB	C25C
F460	N999DC	C340
F461	N999DD	LGEZ
F463	N999DF	P46T
F464	N999DG	C182
F466	N999DJ	C56X
F467	N999DK	C180
F468	N999DL	QIC2
F469	N999DM	C421
F46A	N999DN	MD88
F46B	N999DP	BE35
F46F	N999DT	BE20
F471	N999DV	RV8
F472	N999DW	B47G
F473	N999DX	SR22
F475	N999DZ	BE99
F476	N999E	PA12
F477	N999EA	F900
F478	N999EB	C340
F479	N999EC	T206
F47B	N999EE	PC12
F47C	N999EF	BL8
F47E	N999EH	F900
F482	N999EM	BE23
F486	N999ER	BE35
F487	N999ES	BE9L
F488	N999ET	SR22
F489	N999EU	C414
F48A	N999EV	R44
F48B	N999EW	PA34
F48C	N999EX	FOX
F48E	N999EZ	VEZE
F48F	N999F	BE33
F490	N999FA	S22T
F491	N999FB	BE36
F493	N999FD	B752
F494	N999FE	C208
F496	N999FG	F900
F498	N999FJ	B733
F499	N999FK	BT36
F49A	N999FL	PA23
F49B	N999FM	BE35
F49C	N999FN	EPIC
F49F	N999FR	R22
F4A0	N999FS	WAIX
F4A1	N999FT	M5
F4A4	N999FW	C172
F4A9	N999GA	BE20
F4AA	N999GB	AC50
F4AB	N999GC	GLF4
F4AD	N999GE	SR20
F4B2	N999GK	PA31
F4B3	N999GL	COL4
F4B4	N999GM	AC11
F4B8	N999GR	B47G
F4BA	N999GT	BE35
F4BE	N999GX	GX
F4BF	N999GY	C750
F4C1	N999H	KR34
F4C3	N999HB	P208
F4C6	N999HE	C172
F4C7	N999HF	C25C
F4CA	N999HJ	M20P
F4CB	N999HK	PA22
F4CC	N999HL	KR2
F4CD	N999HM	SA30
F4CF	N999HP	C82R
F4D0	N999HQ	C310
F4D1	N999HR	C177
F4D2	N999HS	P28R
F4D6	N999HW	GALX
F4DA	N999J	ACRO
F4DB	N999JA	C25B
F4DC	N999JB	HDJT
F4DD	N999JC	C150
F4DE	N999JD	C510
F4E0	N999JF	C82T
F4E1	N999JG	SREY
F4E2	N999JH	B06
F4E3	N999JJ	C182
F4E5	N999JL	C414
F4E6	N999JM	M20P
F4E9	N999JQ	A321
F4EB	N999JS	LJ35
F4EC	N999JT	C150
F4EE	N999JV	PA18
F4EF	N999JW	M20P
F4F3	N999K	CH7A
F4F4	N999KA	BE35
F4F5	N999KB	C182
F4F7	N999KD	P28A
F4F8	N999KE	XL2
F4F9	N999KF	S22T
F4FD	N999KK	P28B
F4FF	N999KM	P210
F500	N999KN	CL60
F504	N999KS	SR22
F505	N999KT	BE58
F508	N999KW	C82S
F50D	N999LA	PA44
F50E	N999LB	LJ45
F50F	N999LC	COL3
F512	N999LF	AEST
F513	N999LG	P32R
F514	N999LH	AC11
F515	N999LJ	SAKO
F518	N999LM	BE30
F51C	N999LR	GLF5
F520	N999LV	C68A
F521	N999LW	C172
F522	N999LX	GLF5
F525	N999M	P32R
F526	N999MA	C172
F528	N999MC	GALX
F52A	N999ME	M7
F52C	N999MG	B350
F52D	N999MH	C195
F52E	N999MJ	C82T
F52F	N999MK	FA50
F531	N999MM	BE20
F533	N999MP	PA18
F535	N999MR	RV4
F537	N999MT	BL17
F53A	N999MW	CP30
F53B	N999MX	SW4
F53C	N999MY	CL60
F53F	N999NA	CH60
F540	N999NB	GLF4
F542	N999ND	CL30
F544	N999NF	PA44
F545	N999NG	P46T
F547	N999NJ	GALX
F54A	N999NM	RS18
F54F	N999NS	EA50
F550	N999NT	PA22
F553	N999NW	BE23
F558	N999PA	C177
F559	N999PB	C172
F55A	N999PC	T210
F55B	N999PD	WACF
F55C	N999PE	MAGN
F55D	N999PF	COY2
F55E	N999PG	BE36
F55F	N999PH	R22
F561	N999PK	SF50
F562	N999PL	BE36
F563	N999PM	F900
F567	N999PR	H25B
F569	N999PT	EPIC
F56A	N999PU	R44
F56C	N999PW	C501
F56D	N999PX	CL60
F56F	N999PZ	BE36
F571	N999QA	C172
F573	N999QC	G164
F578	N999QH	C550
F57F	N999QQ	LA4
F589	N999R	GLIM
F58A	N999RA	WAIX
F58B	N999RB	BE95
F58C	N999RC	BE9T
F590	N999RG	P46T
F592	N999RJ	P28R
F593	N999RK	C414
F594	N999RL	R44
F597	N999RP	SRAI
F599	N999RR	DV20
F59B	N999RT	EC35
F59E	N999RW	P46T
F5A1	N999RZ	H25B
F5A2	N999S	NAVI
F5A4	N999SB	RV6
F5A8	N999SF	BE9L
F5A9	N999SG	BE36
F5AC	N999SK	BE58
F5AD	N999SL	EVSS
F5AE	N999SM	AS50
F5AF	N999SN	RV6
F5B0	N999SP	BL8
F5B2	N999SR	AA5
F5B3	N999SS	H25B
F5B6	N999SV	PC12
F5B7	N999SW	BE60
F5B8	N999SX	PA31
F5BB	N999T	BE35
F5BC	N999TA	TBM7
F5BD	N999TB	BE20
F5BE	N999TC	P32R
F5C0	N999TE	AA5
F5C5	N999TK	C182
F5C6	N999TL	PA23
F5C7	N999TM	R22
F5CB	N999TR	GLF4
F5CD	N999TT	R22
F5D0	N999TW	R22
F5D1	N999TX	PA25
F5D2	N999TY	B737
F5D4	N999U	M20P
F5D7	N999UC	C182
F5DC	N999UH	R44
F5E2	N999UP	MU2
F5E5	N999US	PA18
F5ED	N999V	GLEX
F5EE	N999VA	VELO
F5EF	N999VB	BE20
F5F0	N999VC	DA40
F5F3	N999VF	P28R
F5F5	N999VH	M7
F5F7	N999VK	CL60
F5F8	N999VL	PA22
F5FB	N999VP	EV97
F5FF	N999VT	SR20
F601	N999VV	M7
F607	N999WA	BE9L
F608	N999WB	C172
F60D	N999WG	LA4
F611	N999WL	C421
F612	N999WM	BE60
F613	N999WN	RV6
F614	N999WP	M7
F616	N999WR	GLIM
F617	N999WS	C501
F618	N999WT	DG15
F61A	N999WV	C208
F61B	N999WW	RV7
F626	N999XG	SR22
F630	N999XS	RV4
F635	N999XX	PETR
F638	N999Y	T34P
F63A	N999YB	BE40
F63B	N999YC	C25B
F63C	N999YD	C82T
F63F	N999YG	CRJ2
F64C	N999YV	B762
F64D	N999YW	CH70
F64E	N999YX	GLEX
F64F	N999YY	GA8C
F658	N999ZG	B350
F65F	N999ZP	C182
F666	N999ZW	BE58
F668	N999ZY	AS50
F669	N999ZZ	GLID
F66C	N9990B	C72R
F66F	N9990E	C182
F676	N9990M	E50P
F67E	N9990V	C172
F682	N9990Z	B26
F685	N99902	ERCO
F687	N99904	ERCO
F689	N99906	ERCO
F68A	N99907	ERCO
F68B	N99908	ERCO
F68C	N99909	ERCO
F68E	N9991A	C170
F68F	N9991B	C72R
F692	N9991E	C172
F694	N9991G	C172
F698	N9991L	AA1
F69A	N9991N	C180
F6A1	N9991V	C172
F6A4	N9991Y	T210
F6A6	N99910	BE35
F6A8	N99912	ERCO
F6A9	N99913	ERCO
F6AA	N99914	BE35
F6AC	N99916	ERCO
F6AD	N99917	C172
F6AF	N99919	ERCO
F6B0	N9992	BOLT
F6B2	N9992B	C182
F6B5	N9992E	C182
F6B7	N9992G	C182
F6BB	N9992L	AA1
F6BD	N9992N	T206
F6C3	N9992U	AA5
F6C4	N9992V	C172
F6C8	N9992Z	T206
F6C9	N99920	ERCO
F6CD	N99924	ERCO
F6D0	N99927	ERCO
F6D1	N99928	ERCO
F6D2	N99929	ERCO
F6D3	N9993	BE35
F6D6	N9993C	B06
F6D7	N9993D	PA22
F6D8	N9993E	C172
F6DB	N9993H	J5
F6DD	N9993K	B06
F6E3	N9993R	PA31
F6E5	N9993T	C182
F6E8	N9993W	P28A
F6EE	N99932	ERCO
F6F0	N99934	ERCO
F6F1	N99935	ERCO
F6F2	N99936	ERCO
F6F5	N99939	ERCO
F6FA	N9994D	PA22
F6FB	N9994E	C182
F6FC	N9994F	GLID
F6FD	N9994G	EAGL
F6FE	N9994H	C82R
F701	N9994L	AA1
F704	N9994P	LNP4
F706	N9994R	BE35
F709	N9994U	AA5
F70A	N9994V	C172
F70D	N9994Y	CH7A
F710	N99941	C172
F717	N99948	C172
F71B	N9995B	C182
F71E	N9995E	C182
F724	N9995L	AA1
F726	N9995N	C180
F729	N9995R	BE95
F72C	N9995U	AA5
F730	N9995Y	CH7A
F732	N99950	L13M
F734	N99952	L13M
F737	N99955	ERCO
F738	N99956	ERCO
F73A	N99958	ERCO
F73C	N9996	PA34
F741	N9996E	C182
F744	N9996H	C82R
F745	N9996J	C188
F747	N9996L	AA1
F748	N9996M	C207
F749	N9996N	C180
F74A	N9996P	PA36
F74B	N9996Q	T18
F74C	N9996R	BE35
F74F	N9996U	AA5
F750	N9996V	BL17
F755	N99960	ERCO
F757	N99962	ERCO
F75A	N99965	L13M
F75D	N99968	L13M
F75E	N99969	ERCO
F75F	N9997	C25B
F764	N9997E	C182
F765	N9997F	C172
F76A	N9997L	AA1
F76D	N9997P	C182
F771	N9997T	C182
F772	N9997U	AA5
F773	N9997V	C172
F775	N9997X	FA7X
F776	N9997Y	CH7B
F77C	N99974	GLID
F780	N99978	ERCO
F782	N9998	ST75
F783	N9998A	C170
F78A	N9998H	C82R
F78B	N9998J	C188
F78D	N9998L	AA1
F78F	N9998N	C180
F792	N9998R	BE95
F794	N9998T	C182
F796	N9998V	C172
F798	N9998X	C185
F79C	N99981	C172
F79D	N99982	ERCO
F79E	N99983	ERCO
F79F	N99984	ERCO
F7A0	N99985	ERCO
F7A6	N9999A	PA22
F7A7	N9999B	C182
F7A9	N9999D	PA22
F7AF	N9999K	AP22
F7B0	N9999L	AA1
F7B6	N9999S	M20P
F7B7	N9999T	C182
F7B8	N9999U	AA5
F7BA	N9999W	PA23
F7BB	N9999X	C185
F7BF	N99991	C172
F7C0	N99992	S10
F7C5	N99997	ERCO
FC60	91-0077	BE40
FC61	90-0412	BE40
FC62	90-0400	BE40
FC63	90-0405	BE40
FC64	89-0284	BE40
FC65	90-0404	BE40
FC66	90-0401	BE40
FC67	90-0402	BE40
FC68	90-0403	BE40
FC69	90-0407	BE40
FC6B	90-0408	BE40
FC6C	90-0409	BE40
FC6D	90-0410	BE40
FC6E	90-0411	BE40
FC6F	91-0413	BE40
FC70	91-0076	BE40
FC71	91-0075	BE40
FC72	91-0078	BE40
FC73	91-0079	BE40
FC74	91-0080	BE40
FC75	91-0081	BE40
FC76	91-0082	BE40
FC77	91-0083	BE40
FC78	91-0084	BE40
FC79	91-0085	BE40
FC7A	91-0086	BE40
FC7B	91-0087	BE40
FC7C	91-0088	BE40
FC7D	91-0089	BE40
FC7E	91-0090	BE40
FC7F	91-0091	BE40
FC80	91-0092	BE40
FC82	91-0094	BE40
FC83	91-0095	BE40
FC84	91-0096	BE40
FC86	91-0098	BE40
FC87	91-0099	BE40
FC88	91-0100	BE40
FC89	91-0101	BE40
FC8A	91-0102	BE40
FC8B	92-0330	BE40
FC8C	92-0331	BE40
FC8D	92-0332	BE40
FC8E	92-0333	BE40
FC8F	92-0334	BE40
FC90	92-0335	BE40
FC91	92-0336	BE40
FC92	92-0337	BE40
FC93	92-0338	BE40
FC94	92-0339	BE40
FC95	92-0340	BE40
FC96	92-0341	BE40
FC97	92-0342	BE40
FC98	92-0343	BE40
FC99	92-0344	BE40
FC9A	92-0345	BE40
FC9B	92-0346	BE40
FC9C	92-0347	BE40
FC9D	92-0348	BE40
FC9E	92-0349	BE40
FC9F	92-0350	BE40
FCA0	92-0351	BE40
FCA1	92-0352	BE40
FCA2	92-0353	BE40
FCA3	92-0354	BE40
FCA4	92-0355	BE40
FCA5	92-0356	BE40
FCA6	92-0357	BE40
FCA7	92-0358	BE40
FCA8	92-0359	BE40
FCA9	92-0360	BE40
FCAA	92-0361	BE40
FCAB	92-0362	BE40
FCAC	92-0363	BE40
FCAD	93-0621	BE40
FCAE	93-0622	BE40
FCB0	93-0624	BE40
FCB1	93-0625	BE40
FCB2	93-0626	BE40
FCB3	93-0627	BE40
FCB4	93-0628	BE40
FCB5	93-0629	BE40
FCB6	93-0630	BE40
FCB7	93-0631	BE40
FCB8	93-0632	BE40
FCBA	93-0634	BE40
FCBB	93-0635	BE40
FCBC	93-0636	BE40
FCBD	93-0637	BE40
FCBE	93-0638	BE40
FCBF	93-0639	BE40
FCC0	93-0640	BE40
FCC1	93-0641	BE40
FCC2	93-0642	BE40
FCC3	93-0643	BE40
FCC4	93-0644	BE40
FCC5	93-0645	BE40
FCC6	93-0646	BE40
FCC7	93-0647	BE40
FCC8	93-0648	BE40
FCC9	93-0649	BE40
FCCA	93-0650	BE40
FCCB	93-0651	BE40
FCCC	93-0652	BE40
FCCD	93-0653	BE40
FCCE	93-0654	BE40
FCCF	93-0655	BE40
FCD0	93-0656	BE40
FCD1	94-0114	BE40
FCD2	94-0115	BE40
FCD3	94-0116	BE40
FCD4	94-0117	BE40
FCD5	94-0118	BE40
FCD6	94-0119	BE40
FCD7	94-0120	BE40
FCD8	94-0121	BE40
FCD9	94-0122	BE40
FCDA	94-0123	BE40
FCDB	94-0124	BE40
FCDC	94-0125	BE40
FCDD	94-0126	BE40
FCDE	94-0127	BE40
FCDF	94-0128	BE40
FCE0	94-0129	BE40
FCE1	94-0130	BE40
FCE2	94-0131	BE40
FCE3	94-0132	BE40
FCE4	94-0133	BE40
FCE5	94-0134	BE40
FCE6	94-0135	BE40
FCE7	94-0136	BE40
FCE8	94-0137	BE40
FCE9	94-0138	BE40
FCEA	94-0139	BE40
FCEB	94-0140	BE40
FCEC	94-0141	BE40
FCED	94-0142	BE40
FCEE	94-0143	BE40
FCEF	94-0144	BE40
FCF0	94-0145	BE40
FCF1	94-0146	BE40
FCF2	94-0147	BE40
FCF3	94-0148	BE40
FCF4	95-0040	BE40
FCF5	95-0041	BE40
FCF6	95-0042	BE40
FCF7	95-0043	BE40
FCF8	95-0044	BE40
FCF9	95-0045	BE40
FCFA	95-0046	BE40
FCFB	95-0047	BE40
FCFC	95-0048	BE40
FCFD	95-0049	BE40
FCFE	95-0050	BE40
FCFF	95-0051	BE40
FD00	95-0052	BE40
FD01	95-0053	BE40
FD02	95-0054	BE40
FD03	95-0055	BE40
FD04	95-0056	BE40
FD05	95-0057	BE40
FD06	95-0058	BE40
FD07	95-0059	BE40
FD08	95-0060	BE40
FD09	95-0061	BE40
FD0A	95-0062	BE40
FD0B	95-0063	BE40
FD0C	95-0064	BE40
FD0D	95-0065	BE40
FD0E	95-0066	BE40
FD0F	95-0067	BE40
FD10	95-0068	BE40
FD11	95-0069	BE40
FD12	95-0070	BE40
FD13	95-0071	BE40
FD6C	90-00527	SW4
FD6D	900528	SW4
FD6F	900530	SW4
FD70	900531	SW4
FD71	89-0515	SW4
FD72	910502	SW4
FD73	91-0512	SW4
FD74	910504	SW4
FD75	91-00505	SW4
FD76	91-0506	SW4
FD79	91-0509	SW4
FD7B	91-0511	SW4
FD7D	91-0513	SW4
FD7E	910514	SW4
FD7F	920373	SW4
FD80	91-00572	SW4
FD83	920370	SW4
FD86	94-00259	SW4
FD88	94-0261	SW4
FD89	94-0262	SW4
FD8A	94-0263	SW4
FDA3	860456	SW4
FDAB	90-00300	GLF4
FDAF	87-00140	GLF3
FDB4	92-1094	C130
FDB5	92-1095	C130
FDB6	93-1036	C130
FDB7	93-1037	C130
FDB8	93-1038	C130
FDB9	93-1039	C130
FDBA	93-1040	C130
FDBB	93-1041	C130
FDBE	93-7311	C130
FDBF	93-7312	C130
FDC0	93-7313	C130
FDC1	93-7314	C130
FDC2	93-1455	C130
FDC3	93-1456	C130
FDC4	93-1457	C130
FDC6	93-1459	C130
FDC7	93-1561	C130
FDC8	93-1562	C130
FDC9	93-1563	C130
FDCA	93-2041	C130
FDCB	93-2042	C130
FDCF	92-03327	BE20
FDD0	92-03328	BE20
FDD1	92-03329	BE20
FDD3	95-6709	C130
FDD4	95-6710	C130
FDD5	95-6711	C130
FDD6	95-6712	C130
FDD7	95-1001	C130
FDD8	95-1002	C130
FDDC	94-7315	C130
FDDD	94-7316	C130
FDDE	94-7317	C130
FDDF	94-7318	C130
FDE0	94-7319	C130
FDE1	94-7310	C130
FDE6	94-6701	C130
FDE7	94-6702	C130
FDE8	94-6703	C130
FDEA	94-6705	C130
FDEB	94-6706	C130
FDEC	94-6707	C130
FDED	94-6708	C130
FDEE	93-1096	C130
FDF8	82-8000	B742
FDF9	92-9000	B742
FE0E	1702	C130
FE0F	1703	C130
FE10	1704	C130
FE12	1706	C130
FE14	1708	C130	A
FE15	1709	C130
FE17	1711	C130
FE18	1712	C130
FE19	1713	C130
FE1A	1714	C130	A
FE1B	1715	C130
FE1C	1716	C130
FE1E	1718	C130
FE1F	1719	C130
FE20	1720	C130
FE31	2118	FA20
FE47	94-00315	BE20
FE48	94-00316	BE20
FE49	94-00317	BE20
FE4A	94-00318	BE20
FE4B	94-00319	BE20
FE4C	94-00320	BE20
FE4D	94-00321	BE20
FE51	94-00322	BE20
FE52	94-00323	BE20
FE53	94-00324	BE20
FE54	94-00325	BE20
FE55	94-00326	BE20
FE5A	90-1791	C130
FE5B	90-1792	C130
FE5C	90-1793	C130
FE5D	90-1794	C130
FE5E	90-1795	C130
FE5F	90-1796	C130
FE60	90-1797	C130
FE61	90-1798	C130
FE62	91-1231	C130
FE63	91-1232	C130
FE64	91-1233	C130
FE65	91-1234	C130
FE66	91-1235	C130
FE67	91-1236	C130
FE68	91-1237	C130
FE69	91-1238	C130
FE6D	91-1653	C130
FE6E	92-1531	C130
FE6F	92-1532	C130
FE70	92-1533	C130
FE71	92-1534	C130
FE72	92-1535	C130
FE73	92-1536	C130
FE74	92-1537	C130
FE75	92-1538	C130
FE76	92-1451	C130
FE77	92-1452	C130
FE78	92-1453	C130
FE79	92-1454	C130
FE7A	92-3281	C130
FE7B	92-3282	C130
FE7C	92-3283	C130
FE7D	92-3284	C130
FE7E	92-3285	C130
FE7F	92-3286	C130
FE80	92-3287	C130
FE81	92-3288	C130
FE82	92-0547	C130
FE83	92-0548	C130
FE84	92-0549	C130
FE85	92-0550	C130
FE86	92-0551	C130
FE87	92-0552	C130
FE88	92-0553	C130
FE89	92-0554	C130
FE8A	61-2666	C135
FE8D	95-00088	BE20
FE8E	95-00089	BE20
FE8F	95-00090	BE20
FE90	95-00091	BE20
FE91	95-00092	BE20
FE92	95-00093	BE20
FE93	95-00094	BE20
FE94	95-00095	BE20
FE95	95-00096	BE20
FE97	95-00098	BE20
FE98	95-00099	BE20
FE99	95-00100	BE20
FE9A	95-00101	BE20
FEA0	94-7320	C130
FEA1	94-7321	C130
FEA2	96-7322	C130
FEA3	96-7323	C130
FEA4	96-7324	C130
FEA5	96-7325	C130
FEA6	96-1003	C130
FEA7	96-1004	C130
FEA8	96-1005	C130
FEA9	96-1006	C130
FEAA	96-1007	C130
FEAB	96-1008	C130
FEAC	83-0081	DC10
FEAD	84-0192	DC10
FEAE	85-0033	DC10
FEB3	73-1676	B742
FEB4	73-1677	B742
FEB5	74-0787	B742
FEB6	75-0125	B742
FEB7	98-0001	B752
FEB8	98-0002	B752
FEB9	99-0003	B752
FEBA	99-0004	B752
FEBB	95-00123	C560
FEBC	95-00124	C560
FEBD	96-00107	C560
FEBE	96-00108	C560
FEBF	96-00109	C560
FEC0	96-00110	C560
FEC1	96-00111	C560
FEC9	84-00182	BE20
FECA	84-00484	BE20
FECB	84-00485	BE20
FECC	84-00486	BE20
FECD	84-00487	BE20
FECE	84-00488	BE20
FECF	84-00489	BE20
FED0	85-51262	BE20
FED1	85-51263	BE20
FED2	85-51264	BE20
FED3	85-51265	BE20
FED4	85-51266	BE20
FED5	85-51267	BE20
FED6	85-51268	BE20
FED7	85-51270	BE20
FED8	85-51271	BE20
FED9	85-51272	BE20
FEDA	86-00084	BE20
FEDB	86-00085	BE20
FEDC	86-00086	BE20
FEDD	86-00087	BE20
FEDE	86-00088	BE20
FEDF	62-3558	K35R
FEE0	87-00160	BE20
FEE1	87-0161	BE20
FEF1	161529	DC93
FEF2	161530	DC93
FF00	96-00112	B190
FF04	95-3002	TEX2
FF05	95-3003	TEX2
FF06	95-3004	TEX2
FF07	95-3005	TEX2
FF08	95-3006	TEX2
FF09	95-3007	TEX2
FF0C	60-0335	K35R
FF0D	62-3559	K35R
FF10	63-7995	K35R
FF3C	64-13189	T38
FF3E	64-13263	T38
FF3F	64-13279	T38
FF40	64-13283	T38
FF41	65-10317	T38
FF42	65-10343	T38
FF43	65-10390	T38
FF44	65-10440	T38
FF45	65-10458	T38
FF46	65-10460	T38
FF47	65-10463	T38
FF48	65-10469	T38
FF49	66-4328	T38
FF4A	66-4360	T38
FF4B	66-4365	T38
FF4C	66-4382	T38
FF4D	66-4389	T38
FF4E	66-8399	T38
FF4F	66-8403	T38
FF50	67-14827	T38
FF51	67-14829	T38
FF52	67-14853	T38
FF53	67-14917	T38
FF54	67-14947	T38
FF55	67-14950	T38
FF56	67-14953	T38
FF57	68-8112	T38
FF58	68-8124	T38
FF59	68-8132	T38
FF5A	68-8134	T38
FF5B	68-8135	T38
FF5C	68-8136	T38
FF5D	68-8137	T38
FF5E	68-8143	T38
FF5F	68-8190	T38
FF60	68-8191	T38
FF61	68-8213	T38
FF62	69-7083	T38
FF63	69-7085	T38
FF64	69-7087	T38
FF65	70-1549	T38
FF66	70-1554	T38
FF68	70-1951	T38
FF6A	65-10348	T38
FF6C	65-10374	T38
FF6D	65-10386	T38
FF6E	65-10387	T38
FF6F	65-10417	T38
FF71	66-4327	T38
FF72	66-4339	T38
FF73	66-4358	T38
FF74	66-4362	T38
FF75	66-4378	T38
FF76	66-4381	T38
FF77	66-8356	T38
FF78	66-8397	T38
FF79	67-14850	T38
FF7A	67-14854	T38
FF7C	67-14930	T38
FF7D	67-14934	T38
FF7E	67-14957	T38
FF7F	68-8098	T38
FF80	68-8099	T38
FF81	68-8101	T38
FF82	68-8104	T38
FF83	68-8105	T38
FF84	68-8188	T38
FF85	68-8122	T38
FF86	68-8125	T38
FF87	68-8127	T38
FF88	68-8146	T38
FF89	68-8148	T38
FF8A	68-8151	T38
FF8B	68-8157	T38
FF8C	68-8162	T38
FF8D	68-8163	T38
FF8E	68-8164	T38
FF8F	68-8166	T38
FF90	68-8167	T38
FF91	68-8170	T38
FF92	68-8180	T38
FF93	68-8181	T38
FF94	68-8187	T38
FF96	68-8198	T38
FF97	68-8199	T38
FF98	68-8200	T38
FF99	68-8202	T38
FF9A	68-8207	T38
FF9B	68-8208	T38
FF9C	68-8211	T38
FF9D	68-8215	T38
FF9E	69-7074	T38
FF9F	69-7075	T38
FFA0	69-7076	T38
FFA1	69-7078	T38
FFA2	70-1563	T38
FFA3	70-1566	T38
FFA4	70-1567	T38
FFA5	70-1569	T38
FFA6	70-1576	T38
FFA7	70-1577	T38
FFA8	70-1583	T38
FFA9	70-1590	T38
FFAA	70-1952	T38
FFAB	64-13183	T38
FFAC	64-13195	T38
FFAD	64-13196	T38
FFAE	64-13208	T38
FFAF	64-13210	T38
FFB0	64-13214	T38
FFB2	64-13222	T38
FFB3	64-13230	T38
FFB4	64-13251	T38
FFB5	64-13255	T38
FFB6	64-13257	T38
FFB7	64-13262	T38
FFB8	64-13272	T38
FFB9	64-13282	T38
FFBA	64-13284	T38
FFBB	65-10320	T38
FFBC	65-10331	T38
FFBE	65-10338	T38
FFBF	65-10345	T38
FFC0	65-10378	T38
FFC1	65-10379	T38
FFC3	65-10384	T38
FFC4	65-10388	T38
FFC5	65-10392	T38
FFC6	65-10394	T38
FFC7	65-10401	T38
FFC8	65-10407	T38
FFC9	65-10412	T38
FFCA	65-10413	T38
FFCB	65-10416	T38
FFCC	65-10420	T38
FFCD	65-10421	T38
FFCF	65-10427	T38
FFD0	65-10428	T38
FFD1	65-10438	T38
FFD2	65-10447	T38
FFD3	65-10449	T38
FFD4	65-10461	T38
FFD5	65-10464	T38
FFD6	65-10467	T38
FFD7	65-10468	T38
FFD8	65-10471	T38
FFD9	66-4326	T38
FFDA	66-4330	T38
FFDB	66-4334	T38
FFDC	66-4337	T38
FFDD	66-4338	T38
FFDE	66-4354	T38
FFDF	66-4359	T38
FFE0	66-4379	T38
FFE1	66-4380	T38
FFE2	66-4385	T38
FFE3	66-8400	T38
FFE4	67-14840	T38
FFE5	67-14844	T38
FFE6	67-14848	T38
FFE7	67-14852	T38
FFE8	67-14916	T38
FFE9	67-14924	T38
FFEA	67-14926	T38
FFEB	67-14927	T38
FFEC	67-14932	T38
FFED	67-14951	T38
FFEE	67-14955	T38
FFEF	68-8118	T38
FFF0	68-8121	T38
FFF1	68-8128	T38
FFF2	68-8147	T38
FFF4	68-8192	T38
FFF5	68-8217	T38
FFF6	69-7081	T38
FFF7	70-1551	T38
FFF8	70-1553	T38
FFF9	70-1561	T38
FFFA	70-1568	T38
FFFB	70-1582	T38
FFFC	70-1585	T38
FFFD	70-1586	T38
FFFE	70-1953	T38
FFFF	70-1954	T38
