0000	63-8146	T38
0001	64-13199	T38
0003	64-13225	T38
0004	64-13235	T38
0005	64-13233	T38
0006	64-13289	T38
0007	64-13293	T38
0008	64-13261	T38
0009	65-10335	T38
000A	65-10340	T38
000B	65-10349	T38
000C	65-10358	T38
000D	65-10364	T38
000E	65-10366	T38
000F	65-10369	T38
0010	65-10377	T38
0011	65-10385	T38
0012	65-10393	T38
0013	65-10395	T38
0014	65-10396	T38
0015	65-10430	T38
0016	65-10431	T38
0017	65-10434	T38
0018	65-10435	T38
0019	65-10473	T38
001A	66-4335	T38
001B	66-4370	T38
001D	67-14838	T38
001E	67-14851	T38
001F	67-14857	T38
0020	67-14858	T38
0021	67-14915	T38
0022	67-14921	T38
0023	67-14922	T38
0024	67-14928	T38
0025	67-14931	T38
0026	67-14936	T38
0027	67-14940	T38
0028	67-14941	T38
0029	67-14944	T38
002A	67-14945	T38
002B	67-14949	T38
002C	67-14958	T38
002D	68-8096	T38
002E	68-8102	T38
002F	68-8110	T38
0030	68-8117	T38
0031	68-8130	T38
0032	68-8144	T38
0033	68-8159	T38
0034	68-8160	T38
0035	68-8171	T38
0036	68-8173	T38
0037	68-8193	T38
0038	68-8196	T38
0039	68-8206	T38
003A	68-8210	T38
003B	69-7079	T38
003C	69-7080	T38
003D	70-1562	T38
003E	70-1564	T38
003F	70-1565	T38
0040	70-1571	T38
0041	70-1573	T38
0042	70-1581	T38
0043	70-1584	T38
0044	70-1589	T38
0045	70-1950	T38
0046	70-1955	T38
0047	63-8192	T38
0049	64-13224	T38
004A	64-13234	T38
004B	64-13239	T38
004C	64-13266	T38
004E	64-13295	T38
004F	65-10322	T38
0050	65-10332	T38
0051	65-10336	T38
0052	65-10339	T38
0053	65-10359	T38
0054	65-10414	T38
0055	65-10445	T38
0056	65-10459	T38
0057	65-10470	T38
0058	66-4320	T38
0059	66-4321	T38
005B	66-4324	T38
005C	66-4325	T38
005D	66-4333	T38
005E	66-4340	T38
005F	66-4341	T38
0060	66-4342	T38
0061	66-4343	T38
0062	66-4344	T38
0063	66-4345	T38
0064	66-4346	T38
0065	66-4347	T38
0066	66-4348	T38
0067	66-4349	T38
0068	66-4350	T38
0069	66-4351	T38
006A	66-4355	T38
006B	66-4363	T38
006C	66-4366	T38
006D	66-4367	T38
006E	66-4368	T38
006F	66-4369	T38
0070	66-4372	T38
0071	66-4374	T38
0072	66-4375	T38
0073	66-4384	T38
0074	66-4386	T38
0075	66-4387	T38
0076	66-8350	T38
0077	66-8352	T38
0078	66-8353	T38
0079	66-8357	T38
007A	66-8359	T38
007B	66-8360	T38
007C	66-8361	T38
007D	66-8362	T38
007E	66-8364	T38
007F	66-8365	T38
0080	66-8366	T38
0081	66-8367	T38
0082	66-8368	T38
0083	66-8369	T38
0084	66-8372	T38
0085	66-8373	T38
0086	66-8374	T38
0087	66-8375	T38
0088	66-8377	T38
0089	66-8378	T38
008A	66-8379	T38
008B	66-8380	T38
008C	66-8388	T38
008D	66-8389	T38
008E	66-8390	T38
008F	66-8391	T38
0090	66-8392	T38
0091	66-8393	T38
0092	66-8394	T38
0093	66-8395	T38
0094	67-14837	T38
0095	67-14841	T38
0096	67-14846	T38
0097	67-14849	T38
0098	67-14919	T38
0099	67-14929	T38
009A	67-14933	T38
009B	67-14935	T38
009C	67-14937	T38
009D	67-14938	T38
009E	67-14942	T38
009F	68-8129	T38
00A0	68-8145	T38
00A1	68-8155	T38
00A2	68-8203	T38
00A3	69-7073	T38
00A4	69-7077	T38
00A5	70-1557	T38
00A6	70-1570	T38
00A7	70-1578	T38
00A9	64-13197	T38
00AA	64-13302	T38
00AC	70-1558	T38
00B0	61-0807	T38
00B1	61-0835	T38
00B2	61-0845	T38
00B3	61-0847	T38
00B4	61-0851	T38
00B6	61-0860	T38
00B7	61-0863	T38
00B8	61-0866	T38
00B9	61-0875	T38
00BA	61-0876	T38
00BB	61-0880	T38
00BD	61-0899	T38
00BE	61-0911	T38
00BF	62-3641	T38
00C0	62-3678	T38
00C2	63-8247	T38
00C3	64-13232	T38
00C4	64-13259	T38
00C6	64-13298	T38
00C7	65-10382	T38
00C8	65-10404	T38
00C9	65-10422	T38
00CA	65-10425	T38
00CB	65-10437	T38
00CC	66-4357	T38
00CD	66-8398	T38
00CE	68-8106	T38
00CF	68-8109	T38
00D0	68-8140	T38
00D1	60-0553	T38
00D2	61-0940	T38
00D3	62-3703	T38
00D4	62-3752	T38
00D5	63-8112	T38
00D6	63-8162	T38
00D7	63-8175	T38
00D8	63-8187	T38
00D9	64-13172	T38
00DA	64-13193	T38
00DB	64-13203	T38
00DC	64-13211	T38
00DE	64-13264	T38
00E1	65-10367	T38
00E2	65-10371	T38
00E3	65-10403	T38
00E4	65-10433	T38
00E5	65-10452	T38
00E6	65-10453	T38
00E7	65-10466	T38
00E8	66-4361	T38
00E9	66-8358	T38
00EA	68-8097	T38
00EC	68-8120	T38
00ED	68-8142	T38
00EE	68-8169	T38
00EF	68-8189	T38
00F0	68-8195	T38
00F1	68-8197	T38
00F2	68-8201	T38
00F3	61-0848	T38
00F4	61-0938	T38
00F5	62-3632	T38
00F6	63-8207	T38
00F9	64-13286	T38
00FA	64-13288	T38
00FB	65-10350	T38
00FC	65-10381	T38
00FD	65-10399	T38
00FE	65-10432	T38
00FF	65-10457	T38
0100	65-10472	T38
0101	67-14842	T38
0102	67-14925	T38
0103	68-8138	T38
0104	68-8161	T38
0105	68-8165	T38
010D	97-0400	GLF5
010E	97-0401	GLF5
010F	94-1569	ASTR
0110	941570	ASTR
0111	96-5300	C30J
0112	96-5301	C30J
0113	96-5302	C30J
0114	97-5303	C30J
0115	97-5304	C30J
0116	97-5305	C30J
0117	97-5306	C30J
012E	97-00104	C560
012F	79-1950	DC10
0131	86-0034	DC10
0132	97-00101	C560
0133	97-00102	C560
0134	97-00103	C560
0136	97-00105	C560
0137	63-7978	K35R
0139	63-8003	K35R
013A	59-1488	K35R
013B	57-1435	K35R
013C	60-0344	K35R
013D	64-14839	K35R
013E	63-7981	K35R
013F	60-0358	K35R
0140	62-3553	K35R
0141	59-1510	K35R
0143	58-0035	K35R
0144	58-0060	K35R
0145	62-3547	K35R
0146	59-1482	K35R
0147	57-1462	K35R
0148	58-0098	K35R
0149	57-1468	K35R
014A	59-1466	K35R
014B	59-1522	K35R
014C	63-8025	K35R
014D	58-0023	K35R
014E	63-8872	K35R
014F	63-8036	K35R
0150	57-1430	K35R
0151	57-1493	K35R
0152	63-8034	K35R
0153	63-8002	K35R
0154	63-8045	K35R
0155	62-3507	K35R
0156	57-1456	K35R
0157	58-0083	K35R
0158	58-0112	K35R
0159	57-1512	K35R
015A	57-2598	K35R
015B	58-0104	K35R
015D	63-8879	K35R
015E	59-1512	K35R
015F	58-0119	K35R
0160	57-1479	K35R
0162	63-8022	K35R
0163	58-0052	K35R
0164	09-05634	H64
0167	86-0202	GLF3
016D	84-0075	LJ35
0171	84-0079	LJ35
0175	84-0120	LJ35
0178	84-0129	LJ35
017A	84-0142	LJ35
0181	84-0139	LJ35
018A	84-0096	LJ35
0191	84-0124	LJ35
0192	84-0125	LJ35
0193	84-0126	LJ35
0195	84-0135	LJ35
0197	84-0137	LJ35
01A1	86-0374	LJ35
01A4	86-0377	LJ35
01AA	84-0071	LJ35
01AB	84-0072	LJ35
01AE	84-0085	LJ35
01B0	84-0087	LJ35
01B9	84-0083	LJ35
01C0	165094	GLF4
01C2	165152	GLF4
01C3	64-14848	R135
01C4	64-14842	R135
01C5	64-14843	R135
01C6	64-14844	R135
01C7	64-14845	R135
01C8	64-14846	R135
01C9	64-14841	R135
01CA	63-9792	R135
01CB	62-4135	R135
01CC	62-4131	R135
01CD	62-4138	R135
01CE	62-4134	R135
01CF	62-4132	R135
01D0	62-4139	R135
01D1	62-4130	R135
01D2	62-4125	R135
01D3	62-4129	R135
01D4	64-14847	R135
01D5	64-14849	R135
01D6	61-2663	R135
01D7	62-4128	R135
01D8	61-2662	R135
01D9	62-4133	C135
01DB	83-0498	BE20
01DE	79-1949	DC10
01E0	86-0029	DC10
01E2	96-3010	TEX2
01E3	96-3011	TEX2
01E4	96-3012	TEX2
01E5	96-3013	TEX2
01E6	97-3014	TEX2
01E7	97-3015	TEX2
01E8	97-3016	TEX2
01E9	97-3017	TEX2
01EA	97-3018	TEX2
01EB	97-3019	TEX2
01EC	97-3020	TEX2
01ED	97-3021	TEX2
01EE	97-3022	TEX2
01EF	97-3023	TEX2
01F0	97-3024	TEX2
01F1	98-3025	TEX2
01F2	98-3026	TEX2
01F4	98-3028	TEX2
01F5	98-3029	TEX2
01F6	98-3030	TEX2
01F7	98-3031	TEX2
01F8	98-3032	TEX2
01F9	98-3033	TEX2
01FA	98-3034	TEX2
01FB	98-3035	TEX2
01FC	98-3036	TEX2
01FD	98-3037	TEX2
01FE	98-3038	TEX2
01FF	98-3539	TEX2
0200	98-3540	TEX2
0201	98-3541	TEX2
0202	98-3542	TEX2
0203	98-3543	TEX2
0204	98-3544	TEX2
0205	98-3545	TEX2
0206	98-3546	TEX2
0207	86-0081	B190
0208	79-0433	DC10
020E	79-1948	DC10
0212	82-0193	DC10
0215	83-0078	DC10
0219	84-0185	DC10
021A	84-0186	DC10
021B	84-0188	DC10
021D	84-0190	DC10
021E	84-0191	DC10
021F	85-0027	DC10
0221	85-0029	DC10
0222	85-0030	DC10
0224	85-0032	DC10
0225	85-0034	DC10
0226	86-0027	DC10
0227	86-0028	DC10
0228	86-0030	DC10
0229	86-0031	DC10
022A	86-0032	DC10
022B	86-0033	DC10
022C	86-0035	DC10
022D	86-0036	DC10
022E	86-0037	DC10
022F	86-0038	DC10
0230	87-0117	DC10
0231	87-0119	DC10
0232	87-0120	DC10
0234	87-0122	DC10
0236	87-0124	DC10
0237	61-0315	K35R
0238	58-0074	K35R
0239	63-7977	K35R
023B	57-1440	K35R
023C	63-8888	K35R
023D	58-0121	K35R
023E	64-14835	K35R
0240	59-1513	K35R
0241	63-8021	K35R
0242	58-0065	K35R
0243	58-0047	K35R
0244	63-8044	K35R
0245	94-8151	C30J
0246	94-8152	C30J
0247	96-8153	C30J
0248	96-8154	C30J
024D	62-3506	K35R
024E	97-1351	C30J
024F	97-1352	C30J
0250	97-1353	C30J
0251	97-1354	C30J
0252	97-1931	C30J
0253	98-1355	C30J
0254	98-1356	C30J
0255	98-1357	C30J
0256	98-1358	C30J
0257	98-1932	C30J
0258	98-5307	C30J
0259	98-5308	C30J
025C	58-0034	K35R
025D	58-0092	K35R
025E	61-0264	K35R
025F	61-0280	K35R
0260	61-0295	K35R
0261	61-0310	K35R
0262	61-0321	K35R
0263	61-0324	K35R
0264	60-0355	K35R
0265	57-1436	K35R
0266	57-1469	K35R
0267	57-1483	K35R
0268	59-1523	K35R
0269	57-2603	K35R
026B	62-3515	K35R
026C	62-3516	K35R
026D	62-3576	K35R
026E	63-7987	K35R
026F	63-8012	K35R
0270	63-8038	K35R
0271	63-8881	K35R
0272	64-14840	K35R
02C6	89-9102	C130
02C7	89-9103	C130
02C8	89-9104	C130
02C9	89-9105	C130
02CA	89-9106	C130
02CB	90-9107	C130
02CC	90-9108	C130
02D0	91-9144	C130
02D1	92-3021	C130
02D2	92-3022	C130
02D3	92-3023	C130
02D4	92-3024	C130
02D5	89-1051	C130
02D8	89-1054	C130
02D9	89-1181	C130
02DB	89-1183	C130
02DC	89-1184	C130
02DD	89-1185	C130
02DE	89-1186	C130
02DF	89-1187	C130
02E0	89-1188	C130
02E1	81-0626	C130
02E4	81-0629	C130
02ED	85-1364	C130
02EF	85-1366	C130
02F0	85-1367	C130
02F2	90-1057	C130
02F5	85-1365	C130
02F6	86-0413	C130
02F9	86-0418	C130
02FA	86-0419	C130
02FB	87-9288	C130
0307	73-1598	C130
030A	74-1666	C130
030C	74-1669	C130
0310	74-1674	C130
0313	74-1679	C130
0314	74-1680	C130
0316	74-1688	C130
031B	74-2065	C130
0320	74-2132	C130
0321	74-2134	C130
0323	74-1659	C130
0325	74-1661	C130
0329	74-1682	C130
032B	74-1685	C130
0355	74-1687	C130
0358	57-1427	K35R
0359	57-1439	K35R
035B	58-0054	K35R
035C	58-0062	K35R
035D	58-0063	K35R
035E	58-0077	K35R
035F	58-0085	K35R
0360	58-0094	K35R
0361	59-1444	K35R
0362	59-1453	K35R
0363	60-0341	K35R
0364	60-0347	K35R
0365	61-0314	K35R
0366	62-3575	K35R
0367	63-8011	K35R
0368	63-8013	K35R
0369	63-8024	K35R
036A	63-7985	K35R
036C	98-00006	C560
036D	98-00007	C560
036E	98-00008	C560
036F	98-00009	C560
0370	98-00010	C560
0371	59-1483	K35R
0372	60-0367	K35R
0374	57-1508	K35R
0375	58-0042	K35R
0376	60-0318	K35R
0377	62-3502	K35R
0378	62-3541	K35R
0379	63-7992	K35R
037A	63-7993	K35R
037C	63-8026	K35R
037E	63-8887	K35R
037F	64-14829	W135
0380	57-1454	K35R
0381	57-1506	K35R
0382	58-0051	K35R
0383	58-0079	K35R
0384	59-1458	K35R
0385	59-1467	K35R
0386	59-1468	K35R
0387	59-1472	K35R
0388	61-0292	K35R
0389	62-3514	K35R
038A	62-3531	K35R
038B	62-3543	K35R
038C	62-3573	K35R
038D	63-7976	K35R
038E	63-7982	K35R
038F	63-7996	K35R
0391	63-8039	K35R
0392	63-8880	K35R
0393	63-8885	K35R
0394	64-14832	K35R
03BE	992	C130
03C0	160627	C130
03C2	162308	C130
03C3	162309	C130
03C4	162310	C130
03C5	162311	C130
03C9	163023	C130
03CA	163310	C130
03CB	163311	C130
03CC	163591	C130
03CE	164105	C130
03CF	164106	C130
03D0	164180	C130
03D2	164441	C130
03D3	164442	C130
03D4	164597	C130
03D5	164598	C130
03D7	17-0601	C295
03DA	165315	C130
03DB	165316	C130
03DC	165352	C130
03DE	164762	C130
03E0	164993	C130
03E1	164994	C130
03E2	164995	C130
03E3	164996	C130
03E4	164997	C130
03E5	164998	C130
03E6	165158	C130
03E7	165159	C130
03E8	165160	C130
03E9	165161	C130
03EA	165313	C130
03EB	165314	C130
03EC	165348	C130
03ED	165349	C130
03EE	165350	C130
03EF	165351	C130
03F0	165378	C130
03F1	165379	C130
03F2	84-00174	BE20
03F3	84-00159	BE20
03F4	84-00145	BE20
03F5	84-00178	BE20
03F6	84-00171	BE20
03F7	84-00150	BE20
03F8	84-00154	BE20
03F9	84-00173	BE20
03FA	84-00146	BE20
03FB	84-00143	BE20
03FC	84-0176	BE20
03FD	84-00144	BE20
03FE	84-00152	BE20
03FF	84-00153	BE20
0400	84-00155	BE20
0401	84-00156	BE20
0402	84-00157	BE20
0403	84-00158	BE20
0404	84-00160	BE20
0405	97-01944	GLF5
0406	99-0402	GLF5
0407	165735	C30J
0408	165736	C30J
0409	165737	C30J
040A	165738	C30J
040B	165739	C30J
040D	162782	E6
040E	162783	E6
040F	162784	E6
0410	163918	E6
0411	163919	E6
0412	163920	E6
0413	164386	E6
0414	164387	E6
0415	164388	E6
0416	164404	E6
0417	164405	E6
0418	164406	E6
0419	164407	E6
041A	164408	E6
041B	164409	E6
041C	164410	E6
041D	57-1486	K35R
041E	57-1487	K35R
041F	57-1488	K35R
0420	58-0072	K35R
0421	58-0089	K35R
0422	59-1499	K35R
0423	59-1505	K35R
0424	60-0333	K35R
0425	60-0342	K35R
0426	60-0363	K35R
0427	61-0290	K35R
0428	62-3511	K35R
0429	62-3530	K35R
042B	63-8030	K35R
042C	64-14828	K35R
042D	64-14834	K35R
042E	64-14837	K35R
0433	02-5001	B752
0436	98-6027	CN35
0440	96-6002	DHC6
0441	96-6003	DHC6
0443	00-9001	B752
0446	99-6143	B752
0449	02-4452	B752
044A	162140	C2
044B	162143	C2
044C	162144	C2
044D	162145	C2
044E	13-0501	C295
044F	162152	C2
0451	162157	C2
0452	162159	C2
0453	162160	C2
0454	162166	C2
0455	162170	C2
0456	162172	C2
0457	162174	C2
0458	162177	C2
0459	162178	C2
045A	162155	C2
045B	162158	C2
045C	162168	C2
045D	162169	C2
045E	162176	C2
045F	162142	C2
0460	162141	C2
0462	162147	C2
0463	162148	C2
0464	162149	C2
0465	162150	C2
0466	162154	C2
0467	162161	C2
0468	162162	C2
0469	162163	C2
046A	162164	C2
046B	162165	C2
046C	162167	C2
046D	162171	C2
046E	162173	C2
0470	57-1428	K35R
0471	57-1451	K35R
0472	57-1459	K35R
0473	57-1472	K35R
0474	57-2599	K35R
0475	58-0001	K35R
0476	58-0027	K35R
0477	58-0038	K35R
0478	58-0046	K35R
0479	58-0061	K35R
047A	58-0073	K35R
047B	58-0117	K35R
047C	59-1448	K35R
047D	59-1450	K35R
047E	59-1492	K35R
047F	59-1509	K35R
0480	60-0324	K35R
0481	60-0329	K35R
0482	60-0337	K35R
0483	60-0339	K35R
0484	62-3509	K35R
0485	62-3521	K35R
0486	62-3542	K35R
0487	62-3556	K35R
0488	62-3577	K35R
0489	63-8007	K35R
048A	63-8008	K35R
048B	63-8032	K35R
048C	63-8883	K35R
048D	64-14836	W135
0499	58-0010	K35R
049A	61-0307	K35R
049B	61-0313	K35R
049C	59-1517	K35R
049D	99-1431	C30J
049E	99-1432	C30J
049F	99-1433	C30J
04A0	99-1933	C30J
04A1	99-5309	C30J
04A2	60-0359	K35R
04A3	62-3518	K35R
04A6	63-8033	K35R
04A7	165809	C30J
04A8	165810	C30J
04A9	99-00100	C560
04AA	99-00101	C560
04AB	99-00102	C560
04AC	99-00103	C560
04AD	99-00104	C560
04AE	165740	C560
04AF	165741	C560
04B0	57-1419	K35R
04B1	57-1432	K35R
04B2	57-1453	K35R
04B3	57-1473	K35R
04B4	57-1499	K35R
04B5	982	K35E
04B7	58-0004	K35R
04B8	58-0018	K35R
04B9	58-0030	K35R
04BA	58-0055	K35R
04BB	58-0056	K35R
04BC	58-0059	K35R
04BD	58-0076	K35R
04BE	58-0106	K35R
04BF	58-0123	K35R
04C0	58-0124	K35R
04C1	58-0125	K35R
04C2	59-1459	K35R
04C3	59-1470	K35R
04C4	59-1475	K35R
04C5	59-1476	K35R
04C6	59-1480	K35R
04C7	59-1490	K35R
04C8	59-1500	K35R
04C9	60-0314	K35R
04CA	60-0360	K35R
04CB	61-0318	K35R
04CC	62-3499	K35R
04CD	62-3503	K35R
04CE	62-3524	K35R
04CF	62-3537	K35R
04D0	62-3566	K35R
04D1	63-7984	K35R
04D7	165829	B737
04D8	165830	B737
04D9	165831	B737
04DA	165832	B737
04DB	57-1437	K35R
04DC	57-1461	K35R
04DD	57-1502	K35R
04DE	57-2597	K35R
04DF	58-0088	K35R
04E0	58-0109	K35R
04E1	58-0120	K35R
04E2	59-1446	K35R
04E3	59-1455	K35R
04E4	59-1469	K35R
04E5	59-1478	K35R
04E6	59-1516	K35R
04E7	60-0343	K35R
04E8	60-0356	K35R
04E9	61-0272	K35R
04EA	61-0276	K35R
04EB	61-0311	K35R
04EC	63-7991	K35R
04ED	63-8035	K35R
04EE	63-8041	K35R
04EF	86-00079	B190
04F1	84-00161	BE20
04F2	84-00162	BE20
04F3	84-00164	BE20
04F4	84-00165	BE20
04F5	58-0050	K35R
04F6	58-0069	K35R
04F7	59-1501	K35R
04F8	63-7988	K35R
04F9	99-0404	GLF5
04FA	84-0148	BE20
04FB	57-2605	K35R
04FC	58-0011	K35R
04FD	58-0095	K35R
04FE	58-0100	K35R
04FF	59-1463	K35R
0500	59-1495	K35R
0501	59-1504	K35R
0502	59-1511	K35R
0503	60-0336	K35R
0504	60-0345	K35R
0505	60-0366	K35R
0506	61-0293	K35R
0507	61-0323	K35R
0509	62-3552	K35R
050A	63-8018	K35R
051A	68-0213	C5M
051D	68-0216	C5M
0532	61-0308	K35R
053E	69-0024	C5M
0559	83-1285	C5M
055B	84-0060	C5M
055C	84-0061	C5M
055D	84-0062	C5M
055E	85-0001	C5M
055F	85-0002	C5M
0560	85-0003	C5M
0561	85-0004	C5M
0562	85-0005	C5M
0563	85-0006	C5M
0564	85-0007	C5M
0565	85-0008	C5M
0566	85-0009	C5M
0567	85-0010	C5M
0568	86-0011	C5M
0569	86-0012	C5M
056A	86-0013	C5M
056B	86-0014	C5M
056C	86-0015	C5M
056D	86-0016	C5M
056E	86-0017	C5M
056F	86-0018	C5M
0570	86-0019	C5M
0571	86-0020	C5M
0572	86-0021	C5M
0573	86-0022	C5M
0574	86-0023	C5M
0575	86-0024	C5M
0576	86-0025	C5M
0577	86-0026	C5M
0578	87-0027	C5M
0579	87-0028	C5M
057A	87-0029	C5M
057B	87-0030	C5M
057C	87-0031	C5M
057D	87-0032	C5M
057E	87-0033	C5M
057F	87-0034	C5M
0580	87-0035	C5M
0581	87-0036	C5M
0582	87-0037	C5M
0583	87-0038	C5M
0584	87-0039	C5M
0585	87-0040	C5M
0586	87-0041	C5M
0587	87-0042	C5M
0588	87-0043	C5M
0589	87-0044	C5M
058A	87-0045	C5M
058B	57-1514	K35R
058C	58-0009	K35R
058D	58-0016	K35R
058E	58-0021	K35R
058F	58-0045	K35R
0590	58-0066	K35R
0591	58-0075	K35R
0592	58-0103	K35R
0593	58-0113	K35R
0594	58-0128	K35R
0595	58-0130	K35R
0596	59-1460	K35R
0597	59-1502	K35R
0598	59-1521	K35R
0599	60-0315	K35R
059B	60-0323	K35R
059C	60-0350	K35R
059D	60-0362	K35R
059E	61-0266	K35R
059F	61-0294	K35R
05A0	61-0298	K35R
05A3	61-0309	K35R
05A4	62-3500	K35R
05A5	62-3508	K35R
05A6	62-3533	K35R
05A7	62-3544	K35R
05A8	62-3551	K35R
05A9	63-8015	K35R
05AA	63-8019	K35R
05AB	63-8028	K35R
05AC	63-8029	K35R
05AD	63-8043	K35R
05AE	63-8871	K35R
05AF	63-8875	K35R
05B0	63-8876	K35R
05B1	63-8878	K35R
05B6	88-1301	C130
05B7	88-1302	C130
05B8	88-1303	C130
05BA	88-1305	C130
05BC	88-1307	C130
05BE	90-1058	C130
05C6	65-0967	C130
05CF	82-0056	C130
05D3	82-0060	C130
05D4	82-0061	C130
05DE	87-9281	C130
05E0	87-9283	C130
05E1	87-9285	C130
05E2	87-9287	C130
05E3	88-4401	C130
05E4	88-4402	C130
05E5	88-4403	C130
05E7	88-4405	C130
05E8	88-4406	C130
0607	76-3301	C130
0608	76-3302	C130
060A	83-0487	C130
060C	83-0489	C130
060D	83-0490	C130
060E	83-0491	C130
060F	83-0492	C130
0610	83-0493	C130
0612	86-1392	C130
0618	89-1056	C130
061C	84-0206	C130
061D	84-0207	C130
061E	84-0208	C130
061F	84-0209	C130
0620	84-0210	C130
0622	84-0212	C130
0623	84-0213	C130
0624	89-1055	C130
0626	59-1461	K35R
0627	62-3512	K35R
0628	58-0122	K35R
0629	62-3526	K35R
062A	58-0129	K35R
062B	60-0353	K35R
062C	63-8874	K35R
062D	62-3571	K35R
062E	86-00082	B190
062F	84-00149	BE20
0630	84-00172	BE20
0631	84-00175	BE20
0632	84-00179	BE20
0635	73-3300	C130
063F	57-1441	K35R
0649	57-1494	K35R
064D	58-0015	K35R
064E	58-0036	K35R
0650	58-0049	K35R
0651	58-0057	K35R
0654	58-0071	K35R
0655	58-0084	K35R
0656	58-0102	K35R
0657	58-0126	K35R
0658	59-1462	K35R
0659	59-1464	K35R
065A	59-1486	K35R
065C	59-1507	K35R
065D	60-0320	K35R
065E	60-0332	K35R
065F	60-0346	K35R
0660	60-0348	K35R
0661	60-0351	K35R
0662	60-0357	K35R
0663	60-0364	K35R
0664	61-0277	K35R
0665	61-0299	K35R
0666	61-0305	K35R
0667	61-0317	K35R
0668	62-3523	K35R
0669	62-3540	K35R
066A	62-3549	K35R
066B	62-3554	K35R
066C	62-3562	K35R
066D	62-3565	K35R
066E	62-3569	K35R
066F	62-3580	K35R
0671	63-8000	K35R
0672	63-8014	K35R
0673	63-8027	K35R
0674	63-8040	K35R
0676	00-0171	C17
0677	00-0172	C17
0679	00-0174	C17
067A	00-1934	C30J
0681	58-0086	K35R
0683	60-0313	K35R
0685	60-0322	K35R
0686	60-0328	K35R
0687	60-0349	K35R
0689	61-0300	K35R
068B	62-3510	K35R
068C	62-3513	K35R
068D	62-3517	K35R
068E	62-3529	K35R
068F	62-3534	K35R
0690	62-3538	K35R
0691	62-3572	K35R
0692	63-7997	K35R
0693	63-8004	K35R
0694	63-8031	K35R
0696	63-8884	K35R
0698	165153	GLF4
06D8	163560	BE20
06D9	163561	BE20
06DA	163558	BE20
06DB	163559	BE20
06DC	163554	BE20
06DD	163555	BE20
06DE	163556	BE20
06DF	163557	BE20
06E0	163562	BE20
06E1	163553	BE20
06E4	163836	BE20
06E5	163845	BE20
06E6	163837	BE20
06E7	163838	BE20
06E8	163841	BE20
06E9	163844	BE20
074E	163840	BE20
074F	163843	BE20
0750	163839	BE20
0751	163842	BE20
0752	163846	BE20
075C	84-0147	BE20
0798	57-1474	K35R
079F	58-0093	K35R
07A1	58-0099	K35R
07A3	58-0118	K35R
07A5	59-1471	K35R
07A6	59-1474	K35R
07A7	59-1498	K35R
07A8	59-1508	K35R
07A9	59-1515	K35R
07AA	59-1520	K35R
07AB	60-0331	K35R
07AC	60-0334	K35R
07AD	60-0365	K35R
07AE	61-0267	K35R
07AF	61-0275	K35R
07B0	61-0284	K35R
07B1	61-0288	K35R
07B3	61-0320	K35R
07B4	62-3498	K35R
07B5	62-3505	K35R
07B6	62-3519	K35R
07B7	62-3528	K35R
07B9	62-3550	K35R
07BA	62-3557	K35R
07BB	62-3561	K35R
07BC	62-3564	K35R
07BD	62-3568	K35R
07BE	62-3578	K35R
07BF	63-7979	K35R
07C0	63-8006	K35R
07C1	63-8017	K35R
07C2	63-8020	K35R
07C3	63-8023	K35R
07C4	63-8873	K35R
07C6	64-14831	W135
07C8	165957	C30J
07CB	88-0265	C17
07CC	88-0266	C17
07CD	89-1189	C17
07CE	89-1190	C17
07CF	89-1191	C17
07D0	89-1192	C17
07D1	90-0532	C17
07D2	90-0533	C17
07D3	90-0534	C17
07D4	90-0535	C17
07D5	92-3291	C17
07D6	92-3292	C17
07D7	92-3293	C17
07D8	92-3294	C17
07D9	93-0599	C17
07DA	93-0600	C17
07DB	93-0601	C17
07DC	93-0602	C17
07DD	93-0603	C17
07DE	93-0604	C17
07DF	94-0065	C17
07E0	94-0066	C17
07E1	94-0067	C17
07E2	94-0068	C17
07E3	94-0069	C17
07E4	94-0070	C17
07E5	95-0102	C17
07E6	95-0103	C17
07E7	95-0104	C17
07E8	95-0105	C17
07E9	95-0106	C17
07EA	95-0107	C17
07EB	96-0001	C17
07EC	96-0002	C17
07ED	96-0003	C17
07EE	96-0004	C17
07EF	96-0005	C17
07F0	96-0006	C17
07F1	96-0007	C17
07F2	96-0008	C17
07F3	97-0041	C17
07F4	97-0042	C17
07F5	97-0043	C17
07F6	97-0044	C17
07F7	97-0045	C17
07F8	97-0046	C17
07F9	97-0047	C17
07FA	97-0048	C17
07FB	98-0049	C17
07FC	98-0050	C17
07FD	98-0051	C17
07FE	98-0052	C17
07FF	98-0053	C17
0800	98-0054	C17
0801	98-0055	C17
0802	98-0056	C17
0803	98-0057	C17
0804	99-0058	C17
0805	99-0059	C17
0806	99-0060	C17
0807	99-0061	C17
0808	99-0062	C17
0809	99-0063	C17
080A	99-0064	C17
080B	99-0165	C17
080C	99-0166	C17
080D	99-0167	C17
080E	99-0168	C17
080F	99-0169	C17
0810	99-0170	C17
0811	00-0175	C17
0812	00-0176	C17
0813	00-0177	C17
0814	00-0178	C17
0815	00-0179	C17
0816	00-0180	C17
0817	00-0181	C17
0818	00-0182	C17
0819	76-0165	BE20
0823	57-1438	K35R
0832	57-2606	K35R
0840	58-0058	K35R
0842	58-0067	K35R
0847	58-0107	K35R
0859	59-1506	K35R
085A	59-1519	K35R
085B	60-0316	K35R
0863	159351	S61
0865	159353	S61
0868	159356	S61
086A	159358	S61
086B	159359	S61
086F	163261	H60
0874	163266	H60
0875	150614	S61
0876	84-0151	BE20
0878	84-00181	BE20
087E	01-0028	GLF5
087F	01-0029	GLF5
0880	99-3547	TEX2
0881	99-3548	TEX2
0882	99-3549	TEX2
0883	99-3550	TEX2
0884	99-3551	TEX2
0885	99-3552	TEX2
0887	99-3554	TEX2
0888	99-3555	TEX2
0889	99-3556	TEX2
088A	99-3557	TEX2
088C	99-3559	TEX2
088D	99-3560	TEX2
088E	99-3561	TEX2
088F	99-3562	TEX2
0890	99-3563	TEX2
0891	99-3564	TEX2
0892	99-3565	TEX2
0893	99-3566	TEX2
0894	99-3567	TEX2
0895	99-3568	TEX2
0896	00-3569	TEX2
0897	00-3570	TEX2
0898	00-3571	TEX2
0899	00-3572	TEX2
089A	00-3573	TEX2
089B	00-3574	TEX2
089C	00-3575	TEX2
089D	00-3576	TEX2
089E	00-3577	TEX2
089F	00-3578	TEX2
08A1	00-3580	TEX2
08A2	00-3581	TEX2
08A3	00-3582	TEX2
08A4	00-3583	TEX2
08A5	00-3584	TEX2
08A6	00-3585	TEX2
08A7	00-3586	TEX2
08A8	00-3587	TEX2
08A9	00-3588	TEX2
08AA	00-3589	TEX2
08AB	00-3590	TEX2
08AC	00-3591	TEX2
08AD	00-3592	TEX2
08AE	00-3593	TEX2
08AF	00-3594	TEX2
08B0	00-3595	TEX2
08B1	00-3596	TEX2
08B2	165959	TEX2
08B3	165958	TEX2
08B4	165960	TEX2
08B5	165961	TEX2
08B6	165962	TEX2
08B7	165963	TEX2
08B8	165964	TEX2
08B9	165965	TEX2
08BA	165966	TEX2
08BB	165967	TEX2
08BC	165968	TEX2
08BD	165969	TEX2
08BE	00-0184	C17
08BF	76-0163	BE20
08C0	73-1214	BE20
08CF	00-0185	C17
08D5	61-2670	C135
08D6	61-2672	R135
08DA	166380	C30J
08DC	166381	C30J
08DE	166382	C30J
08E0	01-1935	C30J
08E1	01-1461	C30J
08E2	01-1462	C30J
08E3	00-0183	C17
08E6	73-1217	BE20
08E7	73-1218	BE20
08E8	76-0160	BE20
08E9	76-0168	BE20
08EA	76-0171	BE20
08EB	83-0494	BE20
08EC	83-0495	BE20
08ED	83-0496	BE20
08EE	83-0497	BE20
08EF	86-0078	BE20
08F0	83-0499	BE20
08F1	86-0083	B190
08F8	84-24375	BE20
08F9	84-24376	BE20
08FA	84-24377	BE20
08FB	84-24378	BE20
08FC	84-24379	BE20
08FD	84-24380	BE20
08FE	92-13121	BE20
093A	00-01051	C560
093B	00-01052	C560
093C	00-01053	C560
093D	01-00301	C560
093F	165939	C560
0940	166374	C560
0941	61-2667	C135
0942	73-01208	BE20
0943	86-0080	B190
0944	76-0161	BE20
0945	01-0040	B737
0949	68-10329	U2
094A	68-10331	U2
094B	68-10336	U2
094C	68-10337	U2
094E	80-1065	U2
094F	80-1066	U2
0950	80-1067	U2
0952	80-1069	U2
0953	80-1070	U2
0954	80-1071	U2
0955	80-1073	U2
0957	80-1076	U2
0958	80-1077	U2
095A	80-1079	U2
095B	80-1080	U2
095C	80-1081	U2
0961	80-1086	U2
0965	80-1091	U2
0966	80-1092	U2
0968	80-1094	U2
096A	80-1099	U2
0976	165833	B737
0977	165834	B737
0978	01-0076	GLF5
098B	00-26850	H60
098D	00-26866	H60
098E	98-26818	H60
0990	91-26327	H60
0992	91-26331	H60
0994	95-26604	H60
0995	95-26608	H60
0996	95-26609	H60
0997	95-26611	H60
0998	86-24522	H60
0999	88-26046	H60
099A	88-26049	H60
099C	94-26563	H60
099E	95-26600	H60
099F	95-26601	H60
09A0	95-26603	H60
09A1	95-26605	H60
09A2	95-26606	H60
09A3	95-26607	H60
09A4	95-26610	H60
09A7	85-24415	H60
09A8	85-24427	H60
09AA	86-24487	H60
09AB	87-24602	H60
09AC	87-24616	H60
09AD	87-24617	H60
09AE	87-24618	H60
09B0	87-24636	H60
09B1	87-24637	H60
09B3	85-24424	H60
09B4	85-24439	H60
09B5	89-26130	H60
09B6	89-26154	H60
09BA	90-26260	H60
09BB	90-26282	H60
09BC	91-26335	H60
09BD	94-26551	H60
09BE	94-26552	H60
09C0	94-26554	H60
09C1	94-26555	H60
09C2	94-26556	H60
09C4	94-26558	H60
09C5	94-26559	H60
09C7	94-26561	H60
09C8	94-26593	H60
09C9	94-26594	H60
09D1	84-23947	H60
09D2	84-23963	H60
09D4	84-23976	H60
09D6	84-23978	H60
09D8	84-23982	H60
09D9	84-23985	H60
09DA	84-23986	H60
09DE	87-24622	H60
09E8	89-26162	H60
09EB	84-23997	H60
09EE	81-23606	H60
09F3	82-23702	H60
09F5	82-23726	H60
09F7	78-22998	H60
09F8	90-26277	H60
09F9	90-26278	H60
09FB	92-26409	H60
09FC	95-26660	H60
0A00	04-27001	H60
0A04	83-23910	H60
0A07	85-24406	H60
0A09	85-24433	H60
0A0A	85-24436	H60
0A0B	86-24489	H60
0A0C	86-24497	H60
0A0E	86-24540	H60
0A0F	86-24541	H60
0A10	86-24545	H60
0A12	86-24553	H60
0A14	89-26168	H60
0A16	89-26172	H60
0A17	89-26181	H60
0A19	89-26187	H60
0A1A	89-26192	H60
0A1B	89-26193	H60
0A1F	90-26220	H60
0A20	90-26221	H60
0A21	90-26272	H60
0A23	90-26291	H60
0A25	90-26294	H60
0A29	90-26298	H60
0A2A	9026299	H60
0A2B	90-26301	H60
0A2E	90-26304	H60
0A2F	90-26306	H60
0A30	90-26307	H60
0A31	90-26308	H60
0A32	90-26313	H60
0A33	90-26314	H60
0A34	91-26318	H60
0A35	92-26421	H60
0A37	92-26423	H60
0A3A	92-26427	H60
0A3B	92-26428	H60
0A3C	92-26429	H60
0A3D	92-26459	H60
0A3E	94-26580	H60
0A3F	94-26581	H60
0A40	94-26582	H60
0A41	94-26583	H60
0A42	94-26584	H60
0A43	94-26585	H60
0A44	94-26586	H60
0A46	94-26588	H60
0A48	94-26590	H60
0A49	94-26591	H60
0A4A	94-26592	H60
0A4B	95-26596	H60
0A53	82-23711	H60
0A54	84-00170	BE20
0A55	92-26439	H60
0A67	80-23437	H60
0A6B	80-23485	H60
0A6E	84-23972	H60
0A70	85-24442	H60
0A71	86-24529	H60
0A72	86-24533	H60
0A74	00-26849	H60
0A75	87-24632	H60
0A76	89-26180	H60
0A77	90-26246	H60
0A78	90-26247	H60
0A79	90-26249	H60
0A7C	90-26255	H60
0A7D	90-26266	H60
0A7E	90-26267	H60
0A7F	90-26268	H60
0A83	90-26274	H60
0A84	90-26275	H60
0A86	93-26473	H60
0A87	93-26474	H60
0A88	93-26475	H60
0A89	93-26476	H60
0A8A	93-26480	H60
0A8B	93-26481	H60
0A8C	93-26482	H60
0A8D	93-26483	H60
0A8E	93-26484	H60
0A8F	93-26494	H60
0A90	93-26495	H60
0A92	93-26497	H60
0A97	81-23583	H60
0A9C	84-23943	H60
0A9D	79-23317	H60
0A9E	79-23326	H60
0AA0	79-23345	H60
0AA6	91-26326	H60
0AA7	91-26328	H60
0AA8	91-26330	H60
0AA9	92-26415	H60
0AAA	95-26656	H60
0AAB	95-26657	H60
0AAC	95-26658	H60
0AAD	95-26659	H60
0AAF	88-26084	H60
0AB2	00-26847	H60
0AB3	00-26848	H60
0AB5	99-26834	H60
0AB6	99-26835	H60
0AB7	99-26836	H60
0AB8	99-26837	H60
0ABA	99-26839	H60
0ABB	99-26840	H60
0ABC	99-26842	H60
0ABD	99-26843	H60
0ABE	99-26844	H60
0ABF	99-26845	H60
0AC0	99-26846	H60
0AC7	87-24609	H60
0AC9	88-26074	H60
0ACB	88-26032	H60
0AE2	80-23429	H60
0AE3	81-23549	H60
0AE4	83-23902	H60
0AE6	83-23883	H60
0AED	81-23600	H60
0AF2	85-24399	H60
0AF3	85-24434	H60
0AF4	85-24449	H60
0AF5	85-24456	H60
0AF8	86-24516	H60
0AF9	87-24582	H60
0AFA	87-24585	H60
0AFB	87-24619	H60
0AFC	87-24624	H60
0AFF	89-26171	H60
0B00	89-26213	H60
0B02	90-26243	H60
0B03	90-26244	H60
0B04	90-26245	H60
0B07	90-26261	H60
0B09	90-26263	H60
0B0A	90-26264	H60
0B0B	90-26265	H60
0B0D	90-26280	H60
0B0E	90-26283	H60
0B16	84-23968	H60
0B18	85-24428	H60
0B19	85-24461	H60
0B1B	86-24495	H60
0B1D	86-24556	H60
0B1E	86-24559	H60
0B1F	87-24607	H60
0B20	88-26066	H60
0B21	89-26157	H60
0B22	89-26158	H60
0B28	78-22980	H60
0B2B	85-24453	H60
0B30	82-23664	H60
0B32	82-23699	H60
0B39	86-24525	H60
0B3B	87-24623	H60
0B3E	87-24630	H60
0B40	88-26062	H60
0B48	79-23289	H60
0B52	83-23887	H60
0B59	85-24445	H60
0B60	80-23438	H60
0B68	84-24015	H60
0B69	85-24389	H60
0B6A	85-24403	H60
0B6B	85-24413	H60
0B6C	85-24414	H60
0B6D	85-24416	H60
0B6E	85-24417	H60
0B6F	85-24418	H60
0B71	86-24524	H60
0B72	86-24527	H60
0B73	86-24528	H60
0B75	84-23949	H60
0B77	85-24426	H60
0B7B	87-24592	H60
0B7C	94-26565	H60
0B7D	94-26566	H60
0B7E	94-26567	H60
0B80	94-26569	H60
0B82	94-26571	H60
0B83	94-26572	H60
0B84	94-26573	H60
0B85	94-26574	H60
0B86	94-26575	H60
0B87	94-26576	H60
0B88	94-26577	H60
0B89	94-26578	H60
0B8A	94-26579	H60
0B91	83-23903	H60
0B93	83-23925	H60
0B94	84-23967	H60
0B95	84-23974	H60
0B96	85-24430	H60
0B98	87-24612	H60
0B99	89-26140	H60
0B9A	86-24483	H60
0B9B	86-24491	H60
0B9C	86-24492	H60
0B9E	86-24506	H60
0BA0	87-24654	H60
0BA1	89-26143	H60
0BA2	91-26319	H60
0BA3	91-26320	H60
0BA5	91-26322	H60
0BA6	91-26332	H60
0BA7	91-26333	H60
0BA8	91-26337	H60
0BA9	89-26183	H60
0BAA	89-26190	H60
0BAB	89-26191	H60
0BAC	89-26216	H60
0BAD	79-23328	H60
0BAE	91-26323	H60
0BB0	91-26334	H60
0BB2	83-23896	H60
0BB4	85-24750	H60
0BB5	86-24490	H60
0BB7	87-24593	H60
0BB9	98-26803	H60
0BBA	98-26804	H60
0BBC	98-26806	H60
0BBD	98-26807	H60
0BBF	98-26809	H60
0BC0	98-26815	H60
0BC1	98-26816	H60
0BC2	98-26817	H60
0BC3	98-26823	H60
0BC4	98-26824	H60
0BC5	98-26825	H60
0BC8	98-26828	H60
0BCE	98-26819	H60
0BD2	79-23284	H60
0BD7	81-23610	H60
0BE1	88-26078	H60
0BE2	89-26167	H60
0BE3	77-22720	H60
0BEB	98-26805	H60
0BEC	88-26022	H60
0BED	89-26133	H60
0BEE	89-26147	H60
0BF9	85-24408	H60
0BFA	85-24464	H60
0BFB	86-24486	H60
0BFC	86-24523	H60
0BFD	86-24536	H60
0BFE	86-24537	H60
0BFF	87-24620	H60
0C00	87-24625	H60
0C01	87-24626	H60
0C02	89-26159	H60
0C03	89-26170	H60
0C05	92-26430	H60
0C07	92-26444	H60
0C08	92-26452	H60
0C09	92-26456	H60
0C0B	93-26498	H60
0C0C	93-26501	H60
0C0F	93-26528	H60
0C11	94-26537	H60
0C12	94-26540	H60
0C13	94-26549	H60
0C14	92-26433	H60
0C15	92-26436	H60
0C17	92-26447	H60
0C18	93-26478	H60
0C1A	93-26504	H60
0C1B	93-26510	H60
0C1D	93-26519	H60
0C1F	93-26525	H60
0C20	94-26534	H60
0C21	94-26543	H60
0C22	94-26546	H60
0C23	92-26420	H60
0C25	92-26445	H60
0C26	92-26451	H60
0C27	04-27009	H60
0C28	93-26499	H60
0C2A	93-26511	H60
0C2C	93-26523	H60
0C2F	94-26541	H60
0C30	94-26550	H60
0C32	92-26437	H60
0C33	92-26442	H60
0C36	93-26479	H60
0C37	93-26492	H60
0C38	93-26502	H60
0C39	93-26505	H60
0C3B	93-26520	H60
0C3C	93-26526	H60
0C3D	93-26532	H60
0C3E	94-26538	H60
0C3F	94-26544	H60
0C41	98-26811	H60
0C42	98-26812	H60
0C43	99-26829	H60
0C44	99-26830	H60
0C45	99-26831	H60
0C49	85-24457	H60
0C4A	85-24458	H60
0C4B	85-24459	H60
0C4E	88-26073	H60
0C4F	89-26160	H60
0C50	85-24444	H60
0C52	87-24580	H60
0C53	87-24590	H60
0C54	87-24595	H60
0C55	87-24604	H60
0C56	87-24633	H60
0C58	91-26351	H60
0C59	92-26435	H60
0C5A	92-26441	H60
0C5B	92-26446	H60
0C5C	92-26449	H60
0C5D	92-26450	H60
0C5E	92-26455	H60
0C5F	93-26477	H60
0C60	93-26485	H60
0C63	93-26515	H60
0C64	93-26527	H60
0C66	94-26545	H60
0C67	92-26432	H60
0C68	92-26438	H60
0C69	92-26443	H60
0C6A	92-26453	H60
0C6B	93-26493	H60
0C6C	93-26500	H60
0C6D	93-26503	H60
0C6E	93-26506	H60
0C70	93-26521	H60
0C71	93-26524	H60
0C72	93-26530	H60
0C73	94-26533	H60
0C74	94-26542	H60
0C77	79-23300	H60
0C7D	81-23574	H60
0C7F	85-24438	H60
0C81	89-26124	H60
0C83	00-26858	H60
0C84	00-26859	H60
0C86	79-23296	H60
0C8A	83-23890	H60
0C98	84-24000	H60
0C99	82-24405	H60
0C9A	89-26137	H60
0C9C	80-23446	H60
0C9F	79-23306	H60
0CA4	82-23666	H60
0CAA	83-23907	H60
0CAD	83-23889	H60
0CAF	83-23895	H60
0CB0	83-23898	H60
0CB4	83-23920	H60
0CB5	84-23992	H60
0CB6	83-23993	H60
0CB7	84-23994	H60
0CBA	84-24005	H60
0CBB	84-24006	H60
0CBC	84-24007	H60
0CBD	84-24008	H60
0CBE	84-24011	H60
0CBF	84-24012	H60
0CC0	84-24013	H60
0CC1	91-26338	H60
0CC2	91-26339	H60
0CC3	91-26340	H60
0CC4	91-26341	H60
0CC5	91-26342	H60
0CC6	91-26343	H60
0CC7	91-26344	H60
0CC8	91-26345	H60
0CCC	91-26349	H60
0CCD	91-26391	H60
0CCF	97-26739	H60
0CD0	97-26740	H60
0CD3	97-26743	H60
0CD4	98-26820	H60
0CD5	98-26821	H60
0CD7	87-24639	H60
0CD8	87-24640	H60
0CDB	80-23490	H60
0CDE	84-23971	H60
0CE8	85-24409	H60
0CEB	86-24534	H60
0CED	87-24591	H60
0CEE	87-24596	H60
0CF1	88-26018	H60
0CF2	88-26036	H60
0CF3	88-26064	H60
0CF4	88-26076	H60
0CF5	89-26127	H60
0CF6	89-26128	H60
0CF9	82-23706	H60
0CFD	87-24597	H60
0D03	79-23313	H60
0D08	80-23877	H60
0D0A	85-24452	H60
0D0B	85-24748	H60
0D10	84-24003	H60
0D12	84-24009	H60
0D15	85-24420	H60
0D16	85-24454	H60
0D1C	96-26693	H60
0D1D	96-26694	H60
0D1E	96-26695	H60
0D1F	96-26696	H60
0D23	96-26700	H60
0D24	96-26701	H60
0D25	96-26702	H60
0D26	96-26703	H60
0D29	96-26706	H60
0D2B	96-26708	H60
0D2E	96-26711	H60
0D2F	96-26712	H60
0D32	96-26715	H60
0D33	96-26716	H60
0D34	96-26717	H60
0D35	96-26718	H60
0D36	96-26719	H60
0D37	96-26720	H60
0D38	96-26721	H60
0D39	96-26722	H60
0D3A	96-26723	H60
0D3B	97-26745	H60
0D3F	80-23496	H60
0D41	88-26079	H60
0D42	78-22974	H60
0D44	80-23464	H60
0D47	84-23990	H60
0D4B	78-23014	H60
0D4D	80-23481	H60
0D53	82-23723	H60
0D57	80-23492	H60
0D61	82-23733	H60
0D62	84-23989	H60
0D63	84-23955	H60
0D65	96-26665	H60
0D66	96-26666	H60
0D67	96-26667	H60
0D68	96-26668	H60
0D69	96-26669	H60
0D6A	96-26670	H60
0D6B	96-26671	H60
0D6C	96-26672	H60
0D6D	96-26724	H60
0D6E	96-26725	H60
0D6F	96-26726	H60
0D70	96-26727	H60
0D71	96-26728	H60
0D76	79-23329	H60
0D7C	77-22718	H60
0D7D	80-23425	H60
0D7E	80-23427	H60
0D80	81-23553	H60
0D82	89-26150	H60
0D84	89-26136	H60
0D88	84-23948	H60
0D89	85-24392	H60
0D8B	85-24410	H60
0D8F	86-24493	H60
0D90	87-24614	H60
0D91	87-24648	H60
0D92	87-24655	H60
0D93	89-26163	H60
0D94	78-22966	H60
0D98	80-23491	H60
0D9D	79-23315	H60
0DA5	81-23558	H60
0DA7	83-23932	H60
0DA8	84-23946	H60
0DAC	90-26258	H60
0DB2	84-23937	H60
0DB4	85-24448	H60
0DB5	85-24450	H60
0DB6	85-24451	H60
0DB7	86-24496	H60
0DB9	83-23918	H60
0DBA	83-23929	H60
0DBB	83-23931	H60
0DBD	84-23933	H60
0DBF	84-23952	H60
0DC0	84-23954	H60
0DC3	84-23959	H60
0DC5	84-23962	H60
0DC6	84-23965	H60
0DC8	83-23860	H60
0DC9	83-23867	H60
0DCB	83-23886	H60
0DCD	83-23928	H60
0DCE	83-23930	H60
0DCF	84-23938	H60
0DD0	84-23942	H60
0DD2	84-23956	H60
0DD3	84-23957	H60
0DD5	84-23964	H60
0DD8	83-23863	H60
0DDA	83-23884	H60
0DDB	83-23885	H60
0DDC	83-23905	H60
0DDE	95-26613	H60
0DDF	95-26614	H60
0DE1	95-26616	H60
0DE3	95-26618	H60
0DE4	95-26620	H60
0DE5	95-26621	H60
0DE6	95-26622	H60
0DE7	95-26623	H60
0DE8	95-26624	H60
0DE9	95-26625	H60
0DEA	95-26626	H60
0DEB	95-26627	H60
0DEC	97-26744	H60
0DEE	97-26747	H60
0DEF	97-26748	H60
0DF0	97-26749	H60
0DF1	97-26750	H60
0DF4	97-26753	H60
0DF6	93-26508	H60
0DF7	97-26757	H60
0DF8	97-26758	H60
0DF9	97-26759	H60
0DFA	97-26760	H60
0DFB	97-26761	H60
0E01	83-23874	H60
0E02	83-23878	H60
0E03	83-23893	H60
0E06	83-23911	H60
0E08	83-23913	H60
0E09	83-23914	H60
0E0A	83-23915	H60
0E0B	83-23921	H60
0E0C	83-23922	H60
0E0D	87-24601	H60
0E0E	87-24603	H60
0E0F	87-26005	H60
0E10	88-26029	H60
0E13	88-26048	H60
0E14	88-26057	H60
0E15	88-26065	H60
0E16	88-26070	H60
0E17	88-26081	H60
0E18	88-26082	H60
0E19	89-26123	H60
0E1A	89-26129	H60
0E1B	89-26131	H60
0E1C	89-26132	H60
0E1D	89-26134	H60
0E1F	84-23975	H60
0E20	86-24554	H60
0E22	87-26003	H60
0E23	88-26021	H60
0E25	88-26028	H60
0E26	88-26037	H60
0E28	88-26041	H60
0E29	88-26042	H60
0E2A	88-26051	H60
0E2C	88-26053	H60
0E2D	88-26056	H60
0E2E	88-26063	H60
0E30	88-26077	H60
0E32	89-26142	H60
0E33	89-26145	H60
0E34	89-26153	H60
0E35	89-26164	H60
0E36	95-26641	H60
0E37	95-26642	H60
0E38	95-26643	H60
0E39	95-26645	H60
0E3A	95-26649	H60
0E3B	95-26650	H60
0E3C	95-26651	H60
0E3D	95-26652	H60
0E3F	95-26654	H60
0E40	95-26655	H60
0E41	95-26674	H60
0E42	96-26675	H60
0E43	96-26676	H60
0E44	96-26677	H60
0E45	96-26678	H60
0E46	96-26679	H60
0E47	96-26680	H60
0E49	96-26682	H60
0E4B	96-26684	H60
0E4C	96-26685	H60
0E4D	96-26686	H60
0E4E	96-26687	H60
0E4F	96-26688	H60
0E50	96-26689	H60
0E51	96-26690	H60
0E52	96-26691	H60
0E53	96-26692	H60
0E54	82-23761	H60
0E55	86-24498	H60
0E57	88-26068	H60
0E59	88-26075	H60
0E5A	88-26085	H60
0E5B	88-26086	H60
0E5C	97-26762	H60
0E5D	97-26763	H60
0E5E	97-26764	H60
0E5F	97-26765	H60
0E61	97-26767	H60
0E62	98-26795	H60
0E63	98-26796	H60
0E66	98-26799	H60
0E67	98-26800	H60
0E68	98-26801	H60
0E69	98-26802	H60
0E6A	98-26813	H60
0E6B	98-26814	H60
0E6C	82-23757	H60
0E6D	83-23855	H60
0E71	87-24621	H60
0E73	87-24647	H60
0E74	88-26019	H60
0E77	89-26165	H60
0E7E	84-23951	H60
0E7F	85-24391	H60
0E80	86-24531	H60
0E81	86-24532	H60
0E84	87-24644	H60
0E85	87-24645	H60
0E86	87-24646	H60
0E88	87-26004	H60
0E8A	88-26039	H60
0E8B	88-26040	H60
0E8C	88-26045	H60
0E8D	89-26138	H60
0E8E	89-26155	H60
0E8F	95-26628	H60
0E91	95-26630	H60
0E92	95-26631	H60
0E93	95-26632	H60
0E94	95-26633	H60
0E95	95-26635	H60
0E96	95-26636	H60
0E97	95-26637	H60
0E98	95-26638	H60
0E99	95-26639	H60
0E9A	95-26640	H60
0E9B	95-26644	H60
0E9D	95-26647	H60
0E9E	95-26648	H60
0EA4	82-23756	H60
0EA5	86-24550	H60
0EA6	86-24551	H60
0EA7	88-26020	H60
0EA8	88-26034	H60
0EA9	88-26054	H60
0EAA	88-26055	H60
0EAC	88-26080	H60
0EB5	86-24552	H60
0EB7	87-24581	H60
0EB8	87-24634	H60
0EBA	87-24656	H60
0EBE	89-26146	H60
0EBF	89-26151	H60
0EC5	80-23467	H60
0ED0	82-23722	H60
0ED4	84-23966	H60
0ED5	84-23973	H60
0EDE	86-24501	H60
0EE5	87-24649	H60
0EE6	87-24652	H60
0EED	89-26149	H60
0EF5	82-23672	H60
0EF9	83-23908	H60
0EFA	84-23980	H60
0EFC	85-24431	H60
0F00	86-24526	H60
0F02	89-26141	H60
0F03	90-26300	H60
0F04	160290	P3
0F92	170111	BE20
109A	CG-102	GLF5
10A7	88-00108	H47
10B3	01-0065	GLF5
10B5	01-0186	C17
10B6	01-0187	C17
10B7	01-0188	C17
10B8	01-0189	C17
10B9	01-0190	C17
10BA	01-0191	C17
10BB	01-0192	C17
10BC	01-0193	C17
10BD	01-0194	C17
10BE	01-0195	C17
10BF	01-0196	C17
10C0	01-0197	C17
10C1	01	GLF5	A
10C2	166375	GLF5
10DE	91-00518	BE20
10DF	92-13120	BE20
10E0	92-13122	BE20
10E1	92-13123	BE20
10E2	92-13124	BE20
10E3	92-13125	BE20
10E4	93-0698	BE20
10E5	93-00700	BE20
10E6	76-3239	BE20
10E7	2001	C30J
10E8	2002	C30J
10E9	2003	C30J
10EA	2004	C30J
10EB	2005	C30J
10EC	2006	C30J
10F0	76-0164	BE20
10F2	01-3598	TEX2
10F3	01-3599	TEX2
10F4	01-3600	TEX2
10F5	01-3601	TEX2
10F6	01-3602	TEX2
10F7	01-3603	TEX2
10F8	01-3604	TEX2
10F9	01-3605	TEX2
10FA	01-3606	TEX2
10FB	01-3607	TEX2
10FC	01-3608	TEX2
10FD	01-3609	TEX2
10FE	01-3610	TEX2
10FF	01-3611	TEX2
1100	01-3612	TEX2
1102	01-3614	TEX2
1103	165484	TEX2	A
1104	01-3616	TEX2
1105	01-3617	TEX2
1106	01-3618	TEX2
1107	01-3619	TEX2
1108	01-3620	TEX2
1109	01-3621	TEX2
110A	01-3622	TEX2
110B	01-3623	TEX2
110C	01-3624	TEX2
110D	01-3625	TEX2
110E	01-3626	TEX2
110F	01-3627	TEX2
1110	01-3628	TEX2
1111	01-3629	TEX2
1112	01-3630	TEX2
1113	01-3631	TEX2
1114	01-3632	TEX2
1115	02-3633	TEX2
1116	02-3634	TEX2
1117	02-3635	TEX2
1118	02-3636	TEX2
1119	02-3637	TEX2
111A	02-3638	TEX2
111B	02-3639	TEX2
111C	02-3640	TEX2
111D	02-3641	TEX2
111E	02-3642	TEX2
111F	02-3643	TEX2
1120	02-3645	TEX2
1121	02-3646	TEX2
1122	02-3647	TEX2
1123	02-3648	TEX2
1124	02-3649	TEX2
1125	02-3650	TEX2
1126	02-3651	TEX2
1127	02-3652	TEX2
1128	02-3653	TEX2
1129	02-3654	TEX2
112A	02-3655	TEX2
112B	02-3656	TEX2
112C	02-3657	TEX2
112D	02-3658	TEX2
112E	02-3659	TEX2
112F	02-3660	TEX2
1130	02-3661	TEX2
1131	02-3662	TEX2
1132	02-3663	TEX2
1133	02-3664	TEX2
1134	02-3665	TEX2
1135	02-3666	TEX2
1136	02-3667	TEX2
1137	02-3668	TEX2
1138	02-3669	TEX2
1139	02-3670	TEX2
113A	02-3671	TEX2
113B	02-3672	TEX2
113C	165970	TEX2
113D	165971	TEX2
113E	165972	TEX2
113F	165973	TEX2
1140	165974	TEX2
1141	165975	TEX2
1142	165976	TEX2
1143	165977	TEX2
1144	165978	TEX2
1145	165979	TEX2
1146	165980	TEX2
1147	165981	TEX2
1148	165982	TEX2
1149	165983	TEX2
114A	165984	TEX2
114B	165985	TEX2
114C	165986	TEX2
114D	165987	TEX2
114E	165988	TEX2
114F	165989	TEX2
1150	165990	TEX2
1151	165991	TEX2
1152	165992	TEX2
1153	165993	TEX2
1154	165994	TEX2
1155	165995	TEX2
1156	165996	TEX2
1157	165997	TEX2
1158	165998	TEX2
1159	165999	TEX2
115A	166000	TEX2
115D	01-0015	B737
115E	01-0030	GLF5
1160	02-1434	C30J
1161	02-1463	C30J
1162	02-1464	C30J
1163	02-8155	C30J
1164	02-0314	C30J
1165	02-0201	B737
1167	02-0202	B737
1169	84-00163	BE20
116A	84-00166	BE20
116B	84-00167	BE20
116C	84-00168	BE20
116E	84-00177	BE20
116F	84-00180	BE20
1170	02-1098	C17
1171	02-1099	C17
1172	02-1100	C17
1173	02-1101	C17
1174	02-1102	C17
1175	02-1103	C17
1176	02-1104	C17
1177	02-1105	C17
1178	02-1106	C17
1179	02-1107	C17
117A	02-1108	C17
117B	02-1109	C17
117C	02-1110	C17
117D	02-1111	C17
117E	02-1112	C17
1180	150521	P3
118A	02-01863	GLF5
1191	03-00016	C560
1192	166474	C560
1193	166500	C560
1194	166472	C30J
1195	166473	C30J
1196	03-3113	C17
1197	03-3114	C17
1198	03-3115	C17
1199	03-3116	C17
119A	03-3117	C17
119B	03-3118	C17
119C	03-3119	C17
119D	03-3120	C17
11AB	03-3673	TEX2
11AC	03-3674	TEX2
11AD	03-3675	TEX2
11AE	03-3676	TEX2
11AF	03-3677	TEX2
11B0	03-3678	TEX2
11B1	03-3679	TEX2
11B2	03-3680	TEX2
11B3	03-3681	TEX2
11B4	03-3682	TEX2
11B5	03-3683	TEX2
11B6	03-3684	TEX2
11B7	03-3685	TEX2
11B8	03-3686	TEX2
11B9	03-3687	TEX2
11BA	03-3688	TEX2
11BB	03-3689	TEX2
11BC	03-3690	TEX2
11BD	03-3691	TEX2
11BE	03-3692	TEX2
11BF	03-3693	TEX2
11C0	03-3694	TEX2
11C1	03-3695	TEX2
11C2	03-3696	TEX2
11C3	03-3697	TEX2
11C4	03-3698	TEX2
11C5	03-3699	TEX2
11C6	03-3700	TEX2
11C7	03-3701	TEX2
11C8	03-3702	TEX2
11C9	03-3703	TEX2
11CA	03-3704	TEX2
11CB	03-3705	TEX2
11CC	03-6201	TEX2
11CD	03-6202	TEX2
11CE	03-3706	TEX2
11CF	03-3707	TEX2
11D0	03-6203	TEX2
11D1	03-6204	TEX2
11D2	71-1407	E3TF
11D3	71-1408	E3TF
11D5	73-1675	E3TF
11D6	75-0556	E3TF
11D7	75-0557	E3TF
11D8	75-0558	E3TF
11DA	75-0560	E3TF
11DB	76-1604	E3TF
11DC	76-1605	E3TF
11DD	76-1606	E3TF
11DE	76-1607	E3TF
11DF	77-0351	E3TF
11E0	77-0352	E3TF
11E1	77-0353	E3TF
11E2	77-0355	E3TF
11E3	77-0356	E3TF
11E4	78-0576	E3TF
11E5	78-0577	E3TF
11E6	78-0578	E3TF
11E7	79-0001	E3TF
11E8	79-0002	E3TF
11E9	79-0003	E3TF
11EA	80-0137	E3TF
11EB	80-0138	E3TF
11EC	80-0139	E3TF
11ED	81-0004	E3TF
11EE	81-0005	E3TF
11EF	82-0006	E3TF
11F0	82-0007	E3TF
11F2	83-0009	E3TF
11F6	01-0041	B737
11F8	02-0042	B737
11FA	02-0203	B737
1200	89-00268	BE20
1201	89-00269	BE20
1204	89-00273	BE20
1205	89-00274	BE20
1206	89-00275	BE20
1207	89-00276	BE20
1208	91-00516	BE20
1209	91-00517	BE20
120A	93-00697	BE20
120B	93-00699	BE20
120C	93-00701	BE20
1211	03-00726	C560
1217	62-1859	C130
1232	03-3121	C17
1233	03-3122	C17
1234	03-3123	C17
1235	03-3124	C17
1236	03-3125	C17
1237	03-3126	C17
1238	03-3127	C17
1239	04-4129	C17
123A	04-4128	C17
123B	04-4130	C17
123C	04-4131	C17
123D	04-4132	C17
123E	04-4133	C17
123F	04-4134	C17
1240	04-4135	C17
1241	04-4136	C17
1242	04-4137	C17
1245	62-1784	C130
1251	165835	B737
1252	165836	B737
1253	62-4126	R135
1254	62-4127	C135
1255	166511	C30J
1256	166512	C30J
1258	166376	GLF5
1259	89-0280	C130
1273	73-1594	C130
1274	73-1595	C130
1275	73-1590	C130
1276	73-1580	C130
1279	73-1588	C130
127A	73-1592	C130
127B	73-1581	C130
127C	73-1583	C130
127D	73-1584	C130
127E	73-1585	C130
127F	73-1586	C130
128F	85-0011	C130
1290	87-0024	C130
1292	90-0162	C130
1293	89-0282	C130
1294	89-0283	C130
129A	69-6574	C130
129E	87-0128	C130
12A5	89-0510	C130
12A6	90-0164	C130
12A9	90-0165	C130
12AC	88-1803	C130
12AE	88-0195	C130
12B0	88-0191	C130
12B6	86-1699	C130
12B7	87-0023	C130
12B9	88-0194	C130
12BD	69-5832	C130
12C4	87-0126	C130
12C5	87-0125	C130
130C	166513	C30J
130D	166514	C30J
130F	73-1216	BE20
1346	21-6002	C30J
135F	163032	A6
1386	17-5567	GLF5
1388	03-8154	C30J
1389	04-8153	C30J
138A	04-3142	C30J
138B	04-3143	C30J
138D	158200	T38
138E	674943	T38
1390	610925	T38
1392	158198	T38
1393	688158	T38
1394	158201	T38
1395	614856	T38
1396	701579	T38
1397	638135	T38
139A	04-3708	TEX2
139B	04-3709	TEX2
139C	04-3710	TEX2
139D	04-3711	TEX2
139E	04-3712	TEX2
139F	04-3713	TEX2
13A0	04-3714	TEX2
13A1	04-3715	TEX2
13A2	04-3716	TEX2
13A3	04-3717	TEX2
13A4	04-3718	TEX2
13A5	04-3719	TEX2
13A6	04-3720	TEX2
13A7	04-3721	TEX2
13A8	04-3722	TEX2
13A9	04-3723	TEX2
13AA	04-3724	TEX2
13AB	04-3725	TEX2
13AC	04-3726	TEX2
13AD	04-3727	TEX2
13AE	04-3728	TEX2
13AF	04-3729	TEX2
13B0	04-3730	TEX2
13B1	04-3731	TEX2
13B2	04-3732	TEX2
13B3	04-3733	TEX2
13B4	04-3734	TEX2
13B5	04-3735	TEX2
13B6	04-3736	TEX2
13B7	04-3737	TEX2
13B8	04-3738	TEX2
13B9	04-3739	TEX2
13BA	04-3740	TEX2
13BB	04-3741	TEX2
13BC	04-3742	TEX2
13BD	04-3743	TEX2
13BE	04-3744	TEX2
13BF	04-3745	TEX2
13C0	04-3746	TEX2
13C1	04-3747	TEX2
13C2	04-3748	TEX2
13C3	04-3749	TEX2
13C4	04-3750	TEX2
13C5	04-3751	TEX2
13C6	04-3752	TEX2
13C7	04-3753	TEX2
13C8	04-3754	TEX2
13C9	04-3755	TEX2
13CA	04-3756	TEX2
13CB	04-3757	TEX2
13CC	04-3758	TEX2
13CD	04-3759	TEX2
13CE	04-6205	TEX2
13CF	04-6206	TEX2
13D1	04-01778	GLF5
13E5	62-3582	C135
13E6	78-23128	BE20
13EE	00-02160	H47
13EF	05-3760	TEX2
13F0	05-3761	TEX2
13F1	05-3762	TEX2
13F2	05-3763	TEX2
13F3	05-3764	TEX2
13F4	05-3765	TEX2
13F5	05-3766	TEX2
13F6	05-3767	TEX2
13F7	05-3768	TEX2
13F8	05-3769	TEX2
13F9	05-3770	TEX2
13FA	05-3771	TEX2
13FB	05-3772	TEX2
13FC	05-3773	TEX2
13FD	05-3774	TEX2
13FE	05-3775	TEX2
13FF	05-3776	TEX2
1400	05-3777	TEX2
1401	05-3778	TEX2
1402	05-3779	TEX2
1403	05-3780	TEX2
1404	05-3781	TEX2
1405	05-3782	TEX2
1406	05-3783	TEX2
1407	05-3784	TEX2
1408	05-3785	TEX2
1409	05-3786	TEX2
140A	05-3787	TEX2
140B	05-3788	TEX2
140C	05-3789	TEX2
140D	05-3790	TEX2
140E	05-3791	TEX2
140F	05-3792	TEX2
1410	05-3793	TEX2
1411	05-3794	TEX2
1412	05-3795	TEX2
1413	05-3796	TEX2
1414	05-3797	TEX2
1415	05-3798	TEX2
1416	05-3799	TEX2
1417	05-3800	TEX2
1418	05-3801	TEX2
1419	05-3802	TEX2
141A	05-3803	TEX2
141B	05-3804	TEX2
141C	05-3805	TEX2
141D	05-3806	TEX2
141E	05-3807	TEX2
141F	05-3808	TEX2
1420	05-3809	TEX2
1421	05-3810	TEX2
1422	05-3811	TEX2
1423	05-3812	TEX2
1424	05-6207	TEX2
1425	05-6208	TEX2
142B	03-03730	H47
142E	17-5579	GLF5
142F	03-03734	H47
1431	04-03736	H47
1436	19-5591	GLF5
1437	166712	C560
1438	166713	C560
1439	166714	C560
143A	166715	C560
143C	99-26841	H60
143D	05-1435	C30J
143E	05-1436	C30J
143F	05-1465	C30J
1440	05-1466	C30J
1441	05-8152	C30J
1442	05-8156	C30J
1443	05-8157	C30J
1444	05-8158	C30J
1445	05-3145	C30J
1446	05-3146	C30J
1447	05-3147	C30J
1448	04-4138	C17
1449	05-5139	C17
144A	05-5140	C17
144B	05-5141	C17
144C	05-5142	C17
144D	05-5143	C17
144E	05-5144	C17
144F	05-5145	C17
1450	05-5146	C17
1451	05-5147	C17
1452	05-5148	C17
1453	05-5149	C17
1454	05-5150	C17
1455	05-5151	C17
1456	05-5152	C17
1457	05-5153	C17
1458	06-6154	C17
1459	06-6155	C17
145A	06-6156	C17
145B	06-6157	C17
145C	06-6158	C17
145D	06-6159	C17
145E	06-6160	C17
145F	06-6161	C17
1460	06-6162	C17
1461	06-6163	C17
1462	06-6164	C17
1463	06-6165	C17
1464	06-6166	C17
1465	06-6167	C17
1466	06-6168	C17
1467	07-7169	C17
1468	07-7170	C17
1469	07-7171	C17
146A	07-7172	C17
146B	07-7173	C17
146C	07-7174	C17
146D	07-7175	C17
146E	07-7176	C17
146F	07-7177	C17
1470	07-7178	C17
1471	07-7179	C17
1472	07-7180	C17
1477	160978	BE9L
1478	166766	C560
1479	166767	C560
147A	166693	B737
147E	73-22133	UH1
147F	166762	C30J
1480	166763	C30J
1481	166764	C30J
1482	166765	C30J
149A	02-9111	B703
149C	160840	BE9L
149D	160841	BE9L
149E	160842	BE9L
149F	160843	BE9L
14A0	160844	BE9L
14A1	160845	BE9L
14A2	160846	BE9L
14A3	160847	BE9L
14A4	160848	BE9L
14A5	160849	BE9L
14A6	160850	BE9L
14A7	160851	BE9L
14A8	160852	BE9L
14A9	160853	BE9L
14AA	160854	BE9L
14AB	160855	BE9L
14AC	160856	BE9L
14AD	160968	BE9L
14AE	160969	BE9L
14AF	160970	BE9L
14B0	160971	BE9L
14B1	160972	BE9L
14B2	160973	BE9L
14B3	160974	BE9L
14B4	160977	BE9L
14B5	160979	BE9L
14B6	160981	BE9L
14B7	160982	BE9L
14B8	160983	BE9L
14B9	160984	BE9L
14BA	160985	BE9L
14BB	160986	BE9L
14BC	161057	BE9L
14BD	161058	BE9L
14BE	161060	BE9L
14BF	161061	BE9L
14C0	161062	BE9L
14C1	161063	BE9L
14C2	161064	BE9L
14C3	161065	BE9L
14C4	161066	BE9L
14C5	161068	BE9L
14C6	161069	BE9L
14C7	161070	BE9L
14C8	161071	BE9L
14C9	161072	BE9L
14CA	161073	BE9L
14CB	161074	BE9L
14CC	161075	BE9L
14CD	161076	BE9L
14CE	161077	BE9L
14CF	161078	BE9L
14D0	161079	BE9L
14D4	64-13216	T38
14D5	63-8241	T38
14D6	63-8184	T38
14D7	63-8230	T38
14F8	05-27047	H60
14FA	05-27050	H60
14FC	05-27052	H60
14FE	05-27054	H60
14FF	05-27055	H60
1514	63-8156	T38
1517	85-24396	H60
151A	166377	GLF5
151D	05-27058	H60
151E	05-27060	H60
151F	05-27061	H60
1520	05-27062	H60
1521	01-26892	H60
1524	167108	C30J
1525	167109	C30J
1526	167110	C30J
1527	167111	C30J
1528	167112	C30J
152C	166378	GLF5
152F	06-4631	C30J
1530	06-4632	C30J
1531	06-4633	C30J
1532	06-4634	C30J
1533	06-1437	C30J
1534	06-1438	C30J
1535	06-1467	C30J
1536	06-8159	C30J
1577	03-05350	H64
1591	03-05377	H64
1597	03-05383	H64
15C9	04-05433	H64
15D0	04-05440	H64
15EF	04-05471	H64
1613	05-27059	H60
161C	91-0360	F16
161D	91-0361	F16
1689	91-0404	F16
16E3	90-0813	F16
16E4	90-0818	F16
16E5	90-0827	F16
16E6	90-0828	F16
16E9	90-0833	F16
16ED	91-0338	F16
16F1	91-0342	F16
16F2	91-0343	F16
16F3	91-0344	F16
16F4	91-0351	F16
16F5	91-0352	F16
16FA	91-0402	F16
16FB	91-0403	F16
16FD	91-0407	F16
1700	91-0412	F16
1702	91-0416	F16
1703	91-0417	F16
1704	91-0418	F16
1708	91-0472	F16
170A	91-0481	F16
170C	92-3918	F16
170D	96-0080	F16
1710	96-0083	F16
1716	166335	H60
1718	166515	H60
171D	166010	TEX2
171F	06-3813	TEX2
1720	06-3814	TEX2
1721	06-3815	TEX2
1722	06-3816	TEX2
1723	06-3817	TEX2
1724	06-3818	TEX2
1725	06-3819	TEX2
1726	06-3820	TEX2
1727	06-3821	TEX2
1728	06-3822	TEX2
1729	06-3823	TEX2
172A	06-3824	TEX2
172B	06-3825	TEX2
172C	06-3826	TEX2
172D	06-3827	TEX2
172E	06-3828	TEX2
172F	06-3829	TEX2
1730	06-3830	TEX2
1731	06-3831	TEX2
1732	06-3832	TEX2
1733	06-3833	TEX2
1734	06-3834	TEX2
1735	06-3835	TEX2
1736	06-3836	TEX2
1737	06-3837	TEX2
1738	06-3838	TEX2
1739	06-3839	TEX2
173A	06-3840	TEX2
173B	06-3841	TEX2
173C	06-3842	TEX2
173D	06-3843	TEX2
173E	06-3844	TEX2
173F	06-3845	TEX2
1740	06-3846	TEX2
1741	06-3847	TEX2
1742	06-3848	TEX2
1743	06-3849	TEX2
1744	06-3850	TEX2
1746	06-3852	TEX2
1747	06-3853	TEX2
1748	06-3854	TEX2
1749	06-3855	TEX2
174A	06-3856	TEX2
174B	06-3857	TEX2
174C	06-3858	TEX2
174D	06-3859	TEX2
174E	06-3860	TEX2
174F	06-3861	TEX2
1750	06-3862	TEX2
1751	06-3863	TEX2
1752	06-3864	TEX2
1753	06-3865	TEX2
1754	06-3866	TEX2
1755	05-27063	H60
1758	83-23912	H60
175D	166451	F18S
1788	91-0317	F15
1789	00-3001	F15
178A	91-0306	F15
178B	00-3000	F15
178C	91-0315	F15
178D	91-0602	F15
178E	91-0604	F15
178F	01-2001	F15
1790	00-3004	F15
1791	01-2002	F15
1792	00-3003	F15
1793	01-2003	F15
1794	91-0605	F15
1795	00-3002	F15
1796	91-0335	F15
1797	91-0310	F15
1798	91-0314	F15
1799	01-2000	F15
179A	91-0603	F15
179B	91-0313	F15
179C	91-0316	F15
179D	91-0318	F15
179E	91-0320	F15
179F	91-0324	F15
17A0	91-0326	F15
17A1	91-0331	F15
17A2	91-0334	F15
17A3	01-2004	F15
17A4	91-0301	F15
17A5	91-0302	F15
17A6	91-0303	F15
17A8	91-0307	F15
17A9	91-0308	F15
17AA	91-0309	F15
17AB	91-0311	F15
17AC	91-0312	F15
17AD	91-0321	F15
17AE	91-0329	F15
17AF	91-0332	F15
17B0	92-0364	F15
17B1	96-0201	F15
17B2	96-0202	F15
17B3	96-0204	F15
17B4	96-0205	F15
17B6	97-0218	F15
17B7	97-0219	F15
17B8	97-0220	F15
17B9	97-0221	F15
17BA	97-0222	F15
17BB	98-0131	F15
17BD	98-0133	F15
17BE	98-0134	F15
17BF	98-0135	F15
17C0	163986	F18H
17CB	96-6048	C208
17CD	19-1587	GLF5
17CE	20-2344	GLF5
17E9	04-08701	H47
17ED	166509	Q4
17EF	05-0730	B737
17F3	05-20002	H60
17F5	05-20004	H60
17F7	06-20018	H60
17FB	05-20006	H60
17FF	05-20011	H60
1802	05-20013	H60
1803	06-20022	H60
1804	05-20014	H60
1805	05-20015	H60
1827	00-26868	H60
1828	00-26869	H60
1829	00-26870	H60
182A	01-26882	H60
182B	01-26883	H60
182C	01-26891	H60
182D	166421	F18S
1830	166336	H60
1836	166519	H60
1837	166520	H60
1838	166521	H60
1839	166522	H60
183B	166524	H60
183C	166525	H60
183D	166526	H60
183F	166528	H60
1841	166530	H60
1842	166531	H60
1844	166533	H60
1847	166536	H60
1849	71-20167	UH1
184A	71-20262	UH1
184B	71-20270	UH1
184C	70-16451	UH1
184D	71-20328	UH1
184E	70-16417	UH1
184F	74-22306	UH1
1850	73-21760	UH1
1851	03-03727	H47
1852	03-03728	H47
1854	03-03732	H47
1856	04-03735	H47
1857	04-03737	H47
1859	04-03739	H47
185D	04-03743	H47
185E	04-03744	H47
185F	04-03745	H47
1860	04-03746	H47
1862	04-03748	H47
1864	04-03750	H47
1866	05-03752	H47
1868	05-03754	H47
1869	05-03755	H47
186A	05-03756	H47
186B	05-03757	H47
186D	05-03759	H47
186E	05-03760	H47
186F	05-03761	H47
1870	05-03762	H47
1871	06-03763	H47
1872	06-03764	H47
1873	06-03765	H47
1897	63-8118	T38
1898	64-13194	T38
1899	06-72001	EC45
189A	05-4613	B737
189C	05-0932	B737
18AC	78-0582	A10
18AE	78-0631	A10
18B6	78-0632	A10
18BC	78-0619	A10
18C1	78-0655	A10
18CB	78-0659	A10
18CC	78-0670	A10
18D9	78-0696	A10
18E0	78-0707	A10
18E1	78-0709	A10
18E5	79-0089	A10
18E6	79-0087	A10
18E7	79-0088	A10
18EB	79-0093	A10
18EC	78-0702	A10
18EE	78-0704	A10
18F1	79-0107	A10
18F5	79-0111	A10
18F7	78-0719	A10
18F8	79-0117	A10
18F9	79-0118	A10
18FA	79-0119	A10
18FB	79-0086	A10
18FC	79-0121	A10
18FD	79-0122	A10
18FE	79-0123	A10
1902	79-0136	A10
1903	79-0138	A10
1904	79-0139	A10
1905	79-0105	A10
1908	79-0108	A10
1911	79-0120	A10
191C	79-0142	A10
191F	79-0146	A10
1921	79-0148	A10
1923	79-0150	A10
1924	79-0151	A10
192B	79-0162	A10
192D	79-0165	A10
1932	79-0199	A10
1935	79-0175	A10
1936	79-0177	A10
193C	79-0216	A10
1943	79-0194	A10
1946	79-0197	A10
1948	80-0152	A10
194A	80-0155	H500
194E	80-0163	A10
194F	79-0210	A10
1951	80-0166	A10
1953	80-0168	A10
1959	80-0176	A10
195E	80-0181	A10
1962	80-0160	A10
196D	80-0201	A10
1974	80-0210	A10
1976	80-0212	A10
197C	80-0218	A10
197D	80-0220	A10
1980	80-0223	A10
1985	80-0230	A10
198B	80-0238	A10
198E	80-0241	A10
1991	80-0244	A10
1997	80-0224	A10
199C	80-0257	A10
19A5	80-0270	A10
19A9	80-0275	A10
19B9	81-0947	A10
19BD	81-0951	A10
19C8	81-0963	A10
19CA	81-0965	A10
19CC	81-0944	A10
19D1	81-0974	A10
19D3	81-0976	A10
19DB	81-0984	A10
19DD	81-0988	A10
19E3	81-0995	A10
19E7	82-0646	A10
19E8	81-0975	A10
19EE	82-0653	A10
19F0	82-0656	A10
19F3	82-0659	A10
19F6	82-0662	A10
19F7	82-0663	A10
19F8	82-0664	A10
19FB	81-0997	A10
1A05	81-0962	A10
1A5D	165861	F18S
1AAE	166431	F18S
1AB7	166440	F18S
1AE0	166613	F18S
1AE8	166621	F18S
1AF9	166639	F18S
1AFB	166641	F18S
1B02	166650	F18S
1B29	166780	F18S
1B2D	166784	F18S
1B4F	166818	F18S
1B51	166820	F18S
1B54	166823	F18S
1B64	166839	F18S
1B69	166844	F18S
1B6E	166849	F18S
1B70	166851	F18S
1B77	166858	F18S
1B7B	166862	F18S
1B7D	166864	F18S
1B8C	166879	F18S
1B92	166885	F18S
1B9A	166893	F18S
1B9C	166895	F18S
1B9D	166898	F18S
1BA8	167923	C30J
1BA9	167924	C30J
1BAA	167925	C30J
1BAB	167926	C30J
1BEB	07-1468	C30J
1BEC	06-8610	C30J
1BED	06-8611	C30J
1BEE	06-8612	C30J
1BEF	07-4636	C30J
1BF0	07-4637	C30J
1BF1	07-4638	C30J
1BF2	07-4639	C30J
1BF3	07-46310	C30J
1BF4	07-6311	C30J
1BF5	07-46312	C30J
1BF6	07-4635	C30J
1BF8	63-7823	C130
1BFB	04-08702	H47
1BFC	04-08703	H47
1BFD	04-08704	H47
1BFF	04-08706	H47
1C02	04-08709	H47
1C04	04-08711	H47
1C05	04-08712	H47
1C06	04-08713	H47
1C07	04-08714	H47
1C08	04-08715	H47
1C09	04-08716	H47
1C0A	04-08717	H47
1C0B	05-08010	H47
1C0C	05-08011	H47
1C0E	05-08014	H47
1C0F	05-08015	H47
1C10	05-08016	H47
1C12	06-08018	H47
1C13	06-08019	H47
1C15	06-08021	H47
1C16	06-08022	H47
1C17	06-08023	H47
1C18	06-08024	H47
1C19	06-08025	H47
1C1B	06-08027	H47
1C1D	06-08029	H47
1C1E	06-08030	H47
1C1F	06-08031	H47
1C20	06-08032	H47
1C21	06-08718	H47
1C22	06-08719	H47
1C23	06-08720	H47
1C24	06-27078	H60
1C25	06-27080	H60
1C26	06-27081	H60
1C27	06-27082	H60
1C28	06-27083	H60
1C2A	06-72002	EC45
1C2B	06-72003	EC45
1C2C	06-72004	EC45
1C2D	06-72005	EC45
1C2E	06-72006	EC45
1C2F	06-72007	EC45
1C30	06-72008	EC45
1C31	07-72009	EC45
1C32	07-72010	EC45
1C33	07-72011	EC45
1C34	07-72012	EC45
1C35	07-72013	EC45
1C36	07-72014	EC45
1C38	07-72016	EC45
1C39	07-72017	EC45
1CC8	86-0156	F15
1CCB	86-0163	F15
1D00	158570	P3
1D13	158934	P3
1D19	159326	P3
1D2A	160293	P3
1D2B	160610	P3
1D3E	161012	P3
1D41	161121	P3
1D46	161128	P3
1D47	161132	P3
1D52	161404	P3
1D53	161405	P3
1D58	161411	P3
1D5A	161414	P3
1D5B	161415	P3
1D5D	161586	P3
1D5E	161587	P3
1D5F	161588	P3
1D60	161589	P3
1D61	161590	P3
1D64	161593	P3
1D71	162770	P3
1D79	162777	P3
1D7A	162778	P3
1D7B	162998	P3
1D7C	162999	P3
1D80	163003	P3
1D85	163291	P3
1D88	163294	P3
1D89	163295	P3
1D8A	156511	P3
1D8C	156517	P3
1D8F	156529	P3
1D90	157316	P3
1D91	157318	P3
1D92	157325	P3
1D94	159887	P3
1D95	159893	P3
1D97	160764	P3
1D98	161410	P3
1DA9	167813	H60
1DAA	167814	H60
1DAB	167815	H60
1DAC	167816	H60
1DAD	167817	H60
1DAF	167819	H60
1DB0	167820	H60
1DB1	167821	H60
1DB2	167822	H60
1DB3	167823	H60
1DB4	167824	H60
1DB5	167825	H60
1DB7	167827	H60
1DB8	167828	H60
1DBA	167830	H60
1DBB	167831	H60
1DBD	167833	H60
1DBE	167834	H60
1DBF	167835	H60
1DC0	167836	H60
1DC1	167837	H60
1DC2	167838	H60
1DC3	167839	H60
1DC4	167840	H60
1DC6	167842	H60
1DC7	167843	H60
1DC8	167844	H60
1DC9	167845	H60
1DCA	167846	H60
1DCB	167847	H60
1DD0	166541	H60
1DD2	166543	H60
1DD3	166544	H60
1DD5	166546	H60
1DD6	166547	H60
1DDB	166552	H60
1DDD	166554	H60
1DDE	166555	H60
1DE0	166557	H60
1DE1	166558	H60
1DE2	166559	H60
1DE4	166561	H60
1E43	07-3867	TEX2
1E44	07-3868	TEX2
1E45	07-3869	TEX2
1E46	07-3870	TEX2
1E47	07-3871	TEX2
1E48	07-3872	TEX2
1E49	07-3873	TEX2
1E4A	07-3874	TEX2
1E4B	07-3875	TEX2
1E4C	07-3876	TEX2
1E4D	07-3877	TEX2
1E4E	07-3878	TEX2
1E4F	07-3879	TEX2
1E50	07-3880	TEX2
1E51	07-3881	TEX2
1E52	07-3882	TEX2
1E53	07-3883	TEX2
1E54	07-3884	TEX2
1E55	07-3885	TEX2
1E56	07-3886	TEX2
1E57	07-3887	TEX2
1E58	07-3888	TEX2
1E59	07-3889	TEX2
1E5B	07-3891	TEX2
1E5C	07-3892	TEX2
1E5D	07-3893	TEX2
1E5E	07-3894	TEX2
1E5F	07-3895	TEX2
1E60	07-3896	TEX2
1E61	07-3897	TEX2
1E62	07-3898	TEX2
1E63	07-3899	TEX2
1E64	07-3900	TEX2
1E65	07-3901	TEX2
1E66	07-3902	TEX2
1E67	07-3903	TEX2
1E68	07-3904	TEX2
1E69	07-3905	TEX2
1E6A	166012	TEX2
1E6B	166013	TEX2
1E6C	166014	TEX2
1E6D	166015	TEX2
1E6E	166016	TEX2
1E6F	166017	TEX2
1E70	166018	TEX2
1E71	166019	TEX2
1E72	166020	TEX2
1E73	166021	TEX2
1E74	166022	TEX2
1E75	166023	TEX2
1E76	166024	TEX2
1E77	166025	TEX2
1E78	166026	TEX2
1E79	166027	TEX2
1E7A	166028	TEX2
1E7B	166029	TEX2
1E7C	166030	TEX2
1E7D	166031	TEX2
1E7E	166032	TEX2
1E7F	166033	TEX2
1E81	166035	TEX2
1E82	166036	TEX2
1E83	166037	TEX2
1E84	166038	TEX2
1E85	166039	TEX2
1E86	166040	TEX2
1E87	08-3906	TEX2
1E88	08-3907	TEX2
1E89	08-3908	TEX2
1E8A	08-3909	TEX2
1E8B	08-3910	TEX2
1E8C	08-3911	TEX2
1E8D	08-3912	TEX2
1E8E	08-3913	TEX2
1E8F	08-3914	TEX2
1E90	08-3915	TEX2
1E91	08-3916	TEX2
1E92	08-3917	TEX2
1E93	08-3918	TEX2
1E94	08-3919	TEX2
1E95	08-3920	TEX2
1E96	08-3921	TEX2
1E97	08-3922	TEX2
1E98	08-3923	TEX2
1E99	08-3924	TEX2
1E9B	08-3926	TEX2
1E9C	08-3927	TEX2
1E9D	08-3928	TEX2
1E9E	08-3929	TEX2
1E9F	08-3930	TEX2
1EA0	08-3931	TEX2
1EA1	08-3932	TEX2
1EA2	08-3933	TEX2
1EA3	08-3934	TEX2
1EA4	08-3935	TEX2
1EA5	08-3936	TEX2
1EA6	08-3937	TEX2
1EA7	08-3938	TEX2
1EA8	08-3939	TEX2
1EA9	08-3940	TEX2
1EAA	08-3941	TEX2
1EAB	08-3942	TEX2
1EAC	08-3943	TEX2
1EAD	08-3944	TEX2
1EAE	166041	TEX2
1EAF	166042	TEX2
1EB0	166043	TEX2
1EB1	166044	TEX2
1EB2	166045	TEX2
1EB3	166046	TEX2
1EB4	166047	TEX2
1EB5	166048	TEX2
1EB6	166049	TEX2
1EB7	166050	TEX2
1EB8	166051	TEX2
1EB9	166052	TEX2
1EBA	166053	TEX2
1EBB	166054	TEX2
1EBC	166055	TEX2
1EBE	166057	TEX2
1EBF	166058	TEX2
1EC0	166059	TEX2
1EC1	166060	TEX2
1EC2	166061	TEX2
1EC3	166062	TEX2
1EC4	166063	TEX2
1EC5	166064	TEX2
1EC6	166065	TEX2
1EC7	166066	TEX2
1EC8	166067	TEX2
1EC9	166068	TEX2
1ECA	166069	TEX2
1ECB	166070	TEX2
1ECC	166071	TEX2
1ECD	166072	TEX2
1ECE	166073	TEX2
1ECF	166074	TEX2
1ED0	166075	TEX2
1ED1	166076	TEX2
1ED2	166077	TEX2
1ED3	166078	TEX2
1ED4	166079	TEX2
1ED5	166080	TEX2
1ED6	166081	TEX2
1ED7	166082	TEX2
1ED8	166083	TEX2
1ED9	166084	TEX2
1F1B	07-03770	H47
1F1C	07-03771	H47
1F1D	07-03772	H47
1F1E	07-03773	H47
1F1F	07-03774	H47
1F22	07-72019	EC45
1F23	07-72020	EC45
1F24	07-72021	EC45
1F25	07-72022	EC45
1F26	07-72023	EC45
1F27	07-72024	EC45
1F28	07-72025	EC45
1F29	07-72026	EC45
1F2A	07-72027	EC45
1F2B	07-72028	EC45
1F2C	07-72029	EC45
1F2D	07-72030	EC45
1F2E	07-72031	EC45
1F2F	07-72032	EC45
1F30	07-72033	EC45
1F31	07-72034	EC45
1F32	07-72035	EC45
1F33	07-72036	EC45
1F34	07-72037	EC45
1F35	07-72038	EC45
1F36	07-72039	EC45
1F37	07-72040	EC45
1F38	07-72041	EC45
1F39	07-72042	EC45
1F3A	08-72043	EC45
1F3B	08-72044	EC45
1F3C	08-72045	EC45
1F3D	08-72046	EC45
1F3E	08-72047	EC45
1F3F	08-72048	EC45
1F40	08-72049	EC45
1F41	08-72050	EC45
1F42	08-72051	EC45
1F43	08-72052	EC45
1F45	08-72054	EC45
1F46	08-72055	EC45
1F47	08-72056	EC45
1F48	08-72057	EC45
1F49	08-72058	EC45
1F4A	08-72059	EC45
1F4B	08-72060	EC45
1F4C	08-72061	EC45
1F4D	08-72062	EC45
1F4E	08-72063	EC45
1F4F	08-72064	EC45
1F50	08-72065	EC45
1F51	08-72066	EC45
1F52	08-72067	EC45
1F53	08-72068	EC45
1F54	08-72069	EC45
1F55	08-72070	EC45
1F56	08-72071	EC45
1F57	08-72072	EC45
1F58	08-72073	EC45
1F59	08-72074	EC45
1F5A	08-72075	EC45
1F5B	08-72076	EC45
1F5C	08-72077	EC45
1F5D	08-72078	EC45
1F5E	08-72079	EC45
1F5F	08-72080	EC45
1F60	08-72081	EC45
1F61	08-72082	EC45
1F62	08-72083	EC45
1F63	08-72084	EC45
1F64	09-72085	EC45
1F65	09-72086	EC45
1F66	09-72087	EC45
1F67	09-72088	EC45
1F68	09-72089	EC45
1F69	09-72090	EC45
1F6A	09-72091	EC45
1F6B	09-72092	EC45
1F6C	09-72093	EC45
1F6D	09-72094	EC45
1F6E	09-72095	EC45
1F6F	09-72096	EC45
1F70	09-72097	EC45
1F71	09-72098	EC45
1F72	09-72099	EC45
1F73	09-72100	EC45
1F74	09-72101	EC45
1F76	09-72103	EC45
1F78	09-72105	EC45
1F79	09-72106	EC45
1F7A	09-72107	EC45
1F7B	09-72108	EC45
1F7C	09-72109	EC45
1F7D	09-72110	EC45
1F7E	09-72111	EC45
1F7F	09-72112	EC45
1F80	09-72113	EC45
1F81	09-72114	EC45
1F82	09-72115	EC45
1F83	09-72116	EC45
1F84	09-72117	EC45
1F85	09-72118	EC45
1F86	09-72119	EC45
1F87	09-72120	EC45
1F88	09-72121	EC45
1F89	09-72122	EC45
1F8A	09-72123	EC45
1F8B	09-72124	EC45
1F8C	09-72125	EC45
1F8D	09-72126	EC45
1F8E	09-72127	EC45
1F8F	09-72128	EC45
1F90	10-72129	EC45
1F91	10-72130	EC45
1F92	10-72131	EC45
1F93	10-72132	EC45
1F94	10-72133	EC45
1F95	10-72134	EC45
1F96	10-72135	EC45
1F97	10-72136	EC45
1F98	10-72137	EC45
1F99	10-72138	EC45
1F9A	10-72139	EC45
1F9B	10-72140	EC45
1F9C	10-72141	EC45
1F9D	10-72142	EC45
1F9E	10-72143	EC45
1F9F	10-72144	EC45
1FA0	10-72145	EC45
1FA1	10-72146	EC45
1FA2	10-72147	EC45
1FA3	10-72148	EC45
1FA4	10-72149	EC45
1FA5	10-72150	EC45
1FA6	10-72151	EC45
1FA7	10-72152	EC45
1FA8	10-72153	EC45
1FA9	10-72154	EC45
1FAA	10-72155	EC45
1FAB	10-72156	EC45
1FAC	10-72157	EC45
1FAD	10-72158	EC45
1FAE	10-72159	EC45
1FAF	10-72160	EC45
1FB0	10-72161	EC45
1FB1	10-72162	EC45
1FB2	10-72163	EC45
1FB3	10-72164	EC45
1FB4	10-72165	EC45
1FB5	10-72166	EC45
1FB6	10-72167	EC45
1FB7	10-72168	EC45
1FB8	10-72169	EC45
1FB9	10-72170	EC45
1FBA	10-72171	EC45
1FBB	10-72172	EC45
1FBC	10-72173	EC45
1FBD	10-72174	EC45
1FBE	10-72175	EC45
1FBF	10-72176	EC45
1FC0	10-72177	EC45
1FC1	10-72178	EC45
1FC2	10-72179	EC45
1FC3	10-72180	EC45
1FC4	10-72181	EC45
1FC5	10-72182	EC45
1FC6	10-72183	EC45
1FC7	11-72184	EC45
1FC8	10-72185	EC45
1FC9	11-72186	EC45
1FCA	11-72187	EC45
1FCB	11-72188	EC45
1FCC	11-72189	EC45
1FCD	11-72190	EC45
1FCE	11-72191	EC45
1FCF	11-72192	EC45
1FD0	11-72193	EC45
1FD1	11-72194	EC45
1FD2	11-72195	EC45
1FD3	11-72196	EC45
1FD4	11-72197	EC45
1FD5	11-72198	EC45
1FD6	11-72199	EC45
1FD7	11-72200	EC45
1FD8	11-72201	EC45
1FD9	11-72202	EC45
1FDA	11-72203	EC45
1FDB	11-72204	EC45
1FDC	11-72205	EC45
1FDD	11-72206	EC45
1FDE	11-72207	EC45
1FE0	11-72209	EC45
1FE1	11-72210	EC45
1FE2	11-72211	EC45
1FE3	11-72212	EC45
1FE4	11-72213	EC45
1FE5	11-72214	EC45
1FE6	12-72215	EC45
1FE7	11-72216	EC45
1FE8	11-72217	EC45
1FE9	12-72218	EC45
1FEA	11-72219	EC45
1FEB	12-72220	EC45
1FEC	12-72221	EC45
1FED	12-72222	EC45
1FEE	12-72223	EC45
1FEF	11-72224	EC45
1FF0	12-72225	EC45
1FF2	12-72227	EC45
1FF3	12-72228	EC45
1FF4	12-72229	EC45
1FF5	12-72230	EC45
1FF6	12-72231	EC45
1FF7	12-72232	EC45
1FF8	12-72233	EC45
1FF9	12-72234	EC45
1FFA	12-72235	EC45
1FFB	12-72236	EC45
1FFD	12-72238	EC45
1FFE	12-72239	EC45
1FFF	12-72240	EC45
2000	12-72241	EC45
2001	12-72242	EC45
2002	12-72243	EC45
2003	12-72244	EC45
2004	12-72245	EC45
2005	12-72246	EC45
2006	12-72247	EC45
2007	12-72248	EC45
2008	12-72249	EC45
2009	12-72250	EC45
200A	12-72251	EC45
200B	12-72252	EC45
200C	12-72253	EC45
200D	12-72254	EC45
200E	12-72255	EC45
200F	12-72256	EC45
2010	12-72257	EC45
2011	12-72258	EC45
2012	12-72259	EC45
2013	12-72260	EC45
2014	12-72261	EC45
2015	12-72262	EC45
2016	12-72263	EC45
2017	12-72264	EC45
2018	12-72265	EC45
2019	12-72266	EC45
201A	12-72267	EC45
201B	12-72268	EC45
201C	12-72269	EC45
201D	12-72270	EC45
201E	12-72271	EC45
201F	13-72272	EC45
2021	13-72274	EC45
2022	13-72275	EC45
2023	13-72276	EC45
2024	13-72277	EC45
2025	13-72278	EC45
2026	13-72279	EC45
2027	13-72280	EC45
2028	13-72281	EC45
2029	13-72282	EC45
202A	13-72283	EC45
202B	13-72284	EC45
202C	13-72285	EC45
202D	13-72286	EC45
202E	13-72287	EC45
202F	13-72288	EC45
2030	13-72289	EC45
2031	13-72290	EC45
2032	13-72291	EC45
2033	13-72292	EC45
2034	13-72293	EC45
2035	13-72294	EC45
2036	13-72295	EC45
2037	13-72296	EC45
2038	13-72297	EC45
2039	13-72298	EC45
203A	13-72299	EC45
203B	13-72300	EC45
203C	13-72301	EC45
203D	13-72302	EC45
203E	13-72303	EC45
203F	13-72304	EC45
2040	13-72305	EC45
2041	13-72306	EC45
2042	13-72307	EC45
2043	13-72308	EC45
2044	14-72309	EC45
2045	14-72310	EC45
2046	14-72311	EC45
2047	14-72312	EC45
2048	14-72313	EC45
2049	14-72314	EC45
204A	14-72315	EC45
204B	14-72316	EC45
204C	14-72317	EC45
204D	14-72318	EC45
204E	14-72319	EC45
204F	14-72320	EC45
2050	14-72321	EC45
2051	14-72322	EC45
2052	14-72323	EC45
2053	14-72324	EC45
2054	14-72325	EC45
2055	14-72326	EC45
2056	14-72327	EC45
2057	14-72328	EC45
2058	14-72329	EC45
2059	14-72330	EC45
205A	14-72331	EC45
205B	14-72332	EC45
205C	14-72333	EC45
205D	14-72334	EC45
205E	14-72335	EC45
205F	14-72336	EC45
2060	14-72337	EC45
2061	14-72338	EC45
2062	14-72339	EC45
2063	14-72340	EC45
2064	14-72341	EC45
2065	14-72342	EC45
2066	14-72343	EC45
2067	14-72344	EC45
2068	14-72345	EC45
206D	06-0500	GLF5
206F	06-27079	H60
2071	06-27085	H60
2076	06-27090	H60
20B7	167982	C30J
20B8	167983	C30J
20B9	167984	C30J
20BA	167985	C30J
20BB	74-22352	UH1
20BC	74-22369	UH1
20BD	72-21571	UH1
20BE	73-21793	UH1
20BF	72-21484	UH1
20C0	74-22401	UH1
20C1	6027	H60
20C2	07-7181	C17
20C3	07-7182	C17
20C4	07-7183	C17
20C5	07-7184	C17
20C6	07-7185	C17
20C7	07-7186	C17
20C8	07-7187	C17
20C9	07-7188	C17
20CA	07-7189	C17
20D9	166914	F18S
20DE	166919	F18S
20E1	166922	F18S
20E3	166924	F18S
20E4	166925	F18S
20E6	166927	F18S
20E9	166930	F18S
20EE	166935	F18S
20F5	166942	F18S
20F9	168275	E2
20FB	166944	F18S
20FD	166946	F18S
2107	166956	F18S
2108	166957	F18S
210C	166961	F18S
2114	166968	F18S
2115	166969	F18S
211B	166975	F18S
2125	07-27010	C27J
2126	07-27011	C27J
2129	03-26986	H60
212B	85-24479	H60
212D	01-26890	H60
212E	02-26966	H60
212F	02-26967	H60
2130	02-26968	H60
2131	03-26991	H60
2132	85-24747	H60
2134	06-27084	H60
2136	06-27086	H60
2137	06-27087	H60
2138	06-27088	H60
213C	00-26857	H60
213D	00-26860	H60
213E	00-26861	H60
2140	89-26148	H60
2141	02-26972	H60
2142	02-26975	H60
2144	01-26879	H60
2145	01-26880	H60
2146	06-27097	H60
2148	03-26982	H60
214B	06-27092	H60
214C	06-27093	H60
2151	04-27011	H60
215B	04-27007	H60
215D	93-26488	H60
215E	04-27010	H60
215F	04-27016	H60
2160	04-27017	H60
216A	86-24539	H60
216E	01-26878	H60
216F	88-26015	H60
2173	06-27106	H60
2174	06-27107	H60
2178	91-26348	H60
21A1	86-24557	H60
21B9	95-26629	H60
21BA	83-23900	H60
21BC	85-24481	H60
21BD	05-27070	H60
21BE	06-27108	H60
21C1	78-23013	H60
21C5	01-26893	H60
21C6	02-26973	H60
21C7	02-26974	H60
21C9	05-27043	H60
21CB	06-27074	H60
21CC	85-24447	H60
21CD	05-27069	H60
21CE	88-26023	H60
21CF	00-26863	H60
21D6	87-24657	H60
21D7	03-26993	H60
21D8	05-27042	H60
21DA	04-27013	H60
21DC	83-23662	H60
21DD	24473	H60
21DE	24662	H60
21DF	24670	H60
21E0	03-26994	H60
21E1	05-27044	H60
21E6	02-26963	H60
21E7	84-24022	H60
21E8	02-26955	H60
21E9	02-26956	H60
21EA	02-26957	H60
21EB	02-26958	H60
21EE	02-26962	H60
21EF	03-26980	H60
21F0	03-26981	H60
21F1	03-26984	H60
21F2	03-26985	H60
21F3	04-27006	H60
21F8	85-24477	H60
21FC	01-26889	H60
2207	04-27012	H60
2208	08-8601	C30J
2209	08-8602	C30J
220A	08-8603	C30J
220B	08-8604	C30J
220C	08-8605	C30J
220D	08-8606	C30J
220E	08-8607	C30J
220F	07-8608	C30J
2210	07-8609	C30J
2211	84-0048	DH8C
222C	167951	P8
222D	167952	P8
222E	167953	P8
222F	167954	P8
2230	167955	P8
2237	2301	CN35
2238	2302	CN35
223A	2303	CN35
223B	2304	CN35
223C	2305	CN35
223D	2306	CN35
223E	2307	CN35
223F	2308	CN35
234E	10-09003	H64
2350	11-09023	H64
2353	12-09029	H64
2364	12-09039	H64
2387	12-09031	H64
238C	10-09005	H64
2391	12-09028	H64
2398	11-09009	H64
2399	10-09007	H64
239D	12-09041	H64
23A0	10-09001	H64
23A3	10-09002	H64
23A4	12-09030	H64
23AA	10-09006	H64
23AB	11-09012	H64
23BD	05-07003	H64
23E1	07-05528	H64
2486	08-05559	H64
24A5	07-07035	H64
24A8	09-05609	H64
24C5	09-05596	H64
24C7	09-05598	H64
24E2	165647	E2
24E5	165650	E2
24E6	165811	E2
24E7	165812	E2
24E8	165813	E2
24EA	165815	E2
24EB	165816	E2
24EC	165817	E2
24EE	165819	E2
24EF	165820	E2
24F0	165821	E2
24F1	165822	E2
24F4	165825	E2
24F7	165828	E2
24F9	166508	E2
24FC	166506	E2
2600	166307	H60
2604	166361	H60
2605	166366	H60
2606	166341	H60
264F	73-1215	BE20
2650	76-0158	BE20
2651	76-0166	BE20
2652	167927	C30J
2655	08-03776	H47
2656	08-03777	H47
2657	08-03778	H47
2658	08-03779	H47
2659	08-03780	H47
265B	6501	AS65
265C	6502	AS65
265D	6503	AS65
265E	6504	AS65
2660	6506	AS65
2661	6507	AS65
2662	6508	AS65
2663	6509	AS65
2664	6510	AS65
2665	6511	AS65
2666	6512	AS65
2667	6513	AS65
2668	6514	AS65
2669	6515	AS65
266A	6516	AS65
266B	6517	AS65
266C	6518	AS65
266D	6519	AS65
266E	6520	AS65
266F	6521	AS65
2672	6524	AS65
2673	6525	AS65
2674	6526	AS65
2675	6527	AS65
2676	6528	AS65
2677	6529	AS65
2678	6530	AS65
2679	6531	AS65
267A	6532	AS65
267B	6533	AS65
267C	6534	AS65
267E	6536	AS65
267F	6537	AS65
2680	6538	AS65
2681	6539	AS65
2682	6540	AS65
2683	6542	AS65
2684	6543	AS65
2685	6545	AS65
2686	6547	AS65
2687	6548	AS65
2688	6550	AS65	A
2689	6551	AS65	A
268A	6552	AS65
268B	6553	AS65
268C	6554	AS65
268D	6555	AS65
268E	6556	AS65
268F	6557	AS65
2690	6558	AS65
2691	6559	AS65
2692	6560	AS65
2693	6561	AS65
2694	6562	AS65
2695	6563	AS65
2696	6564	AS65
2697	6565	AS65
2698	6566	AS65
2699	6567	AS65
269A	6568	AS65
269B	6569	AS65
269C	6570	AS65
269D	6571	AS65
269E	6572	AS65
269F	6573	AS65
26A0	6574	AS65
26A1	6575	AS65
26A2	6576	AS65
26A3	6577	AS65
26A4	6578	AS65
26A5	6579	AS65
26A6	6580	AS65
26A7	6581	AS65
26A8	6582	AS65
26A9	6583	AS65
26AA	6584	AS65
26AB	6585	AS65
26AC	6586	AS65
26AD	6587	AS65
26AE	6588	AS65
26AF	6589	AS65
26B0	6590	AS65
26B1	6591	AS65
26B2	6592	AS65
26B3	6593	AS65
26B4	6594	AS65
26B5	6595	AS65
26B6	6596	AS65
26B7	6597	AS65
26B8	6598	AS65
26B9	6599	AS65
26BA	6603	AS65
26BB	6604	AS65
26BC	6605	AS65
26BD	6606	AS65
26BE	6607	AS65
26BF	6608	AS65
26C4	88-0413	F16
26C7	88-0541	F16
26C9	89-2011	F16
26CA	89-2026	F16
26CB	89-2047	F16
26CC	89-2046	F16
26CD	89-2008	F16
26D1	88-0443	F16
26D2	88-0444	F16
26D4	90-0709	F16
26D6	89-2018	F16
26D8	89-2030	F16
26D9	89-2057	F16
26DA	89-2102	F16
26DB	89-2137	F16
26E0	88-0435	F16
26E2	90-0773	F16
26E3	89-2001	F16
26ED	90-0772	F16
26EE	88-0532	F16
26F1	89-2044	F16
26F3	88-0446	F16
26F5	90-0800	F16
26F6	05-0028	V22
26F7	05-0029	V22
2707	2309	CN35
2708	2310	CN35
2709	2311	CN35
270A	2312	CN35
272C	96-6042	CN35
272D	96-6043	CN35
272E	2703	C27J	A
2730	2705	C27J	A
2731	2706	C27J
2741	165748	H60
2742	165749	H60
2746	165753	H60
274B	165759	H60
274E	165762	H60
274F	165763	H60
2750	165764	H60
2751	165765	H60
2753	165767	H60
2756	165770	H60
275A	165775	H60
275B	165776	H60
275C	165777	H60
275D	165778	H60
275E	166289	H60
275F	166290	H60
2760	166291	H60
2761	166292	H60
2762	166293	H60
2763	166294	H60
2764	166295	H60
2767	166298	H60
2768	166299	H60
276F	166306	H60
2770	166308	H60
2771	166309	H60
2772	166311	H60
2774	166313	H60
2775	166314	H60
2776	166315	H60
2777	166316	H60
2778	166317	H60
2779	166318	H60
277A	166319	H60
277D	166322	H60
277E	166323	H60
2783	166328	H60
2784	166329	H60
2786	166331	H60
2787	166332	H60
278B	166339	H60
278C	166340	H60
278E	166343	H60
2791	166346	H60
2792	166347	H60
2793	166348	H60
2794	166349	H60
2795	166351	H60
2796	166352	H60
2797	166354	H60
2798	166355	H60
279C	166359	H60
27A0	166364	H60
27A2	166367	H60
27A4	166369	H60
27A5	166370	H60
27A6	84-0047	DH8A
27A7	04-2021	Q4
27F2	6001	H60	A
27F3	6002	H60	A
27F4	6003	H60
27F6	6005	H60
27F7	6006	H60
27F8	6007	H60
27F9	6008	H60
27FA	6009	H60
27FB	6010	H60
27FC	6011	H60
27FD	6012	H60
27FE	6013	H60
27FF	6014	H60
2817	86-0174	F15
2900	6015	H60
2901	6016	H60
2902	6018	H60
2903	6019	H60
2904	6020	H60
2905	6021	H60
2906	6022	H60
2907	6023	H60
2908	6024	H60
2909	6025	H60
290A	6026	H60
290C	6029	H60
290D	6030	H60
290E	6031	H60
290F	6032	H60
2910	6033	H60
2911	6034	H60
2912	6035	H60
2913	6036	H60
2914	6037	H60
2915	6038	H60
2916	6039	H60
2917	6040	H60
2918	6041	H60
2919	6042	H60
291A	6043	H60
291E	08-0376	B350
291F	08-0336	BE20
2920	08-0309	B350
2921	08-0353	B350
2923	08-00329	B350
2936	74-22424	UH1
2937	74-22502	UH1
2938	73-22067	UH1
2939	74-22311	UH1
293A	07-8613	C30J
293B	07-8614	C30J
29CE	08-6201	C30J
29CF	08-6202	C30J
29D0	08-6203	C30J
29D1	08-6204	C30J
29D2	08-6205	C30J
29D3	08-6206	C30J
29D4	09-6207	C30J
29D5	09-6208	C30J
29D6	09-6209	C30J
29D7	09-6210	C30J
29D8	09-0108	C30J
29D9	09-0109	C30J
29DA	07-3170	C30J
29DB	06-3171	C30J
29DC	08-3172	C30J
29DD	08-3173	C30J
29FC	168205	B350
29FD	166694	B737
29FE	166695	B737
2BCE	166736	V22
2BD3	167848	H60
2BD4	167849	H60
2BD6	167851	H60
2BD7	167852	H60
2BD8	167853	H60
2BD9	167854	H60
2BDA	167855	H60
2BDC	167857	H60
2BE0	167861	H60
2BE1	167862	H60
2BE2	167863	H60
2BE3	167864	H60
2BE4	167865	H60
2BE5	166562	H60
2BE6	166563	H60
2BE7	166564	H60
2BE8	166565	H60
2BE9	166566	H60
2BEA	166567	H60
2BEB	166568	H60
2BEC	166569	H60
2BED	166570	H60
2BEE	166571	H60
2BEF	166572	H60
2BF0	166573	H60
2BF1	166574	H60
2BF2	166575	H60
2BF3	166576	H60
2BF4	166577	H60
2BF5	166578	H60
2BF6	166579	H60
2BF7	166580	H60
2BF8	166581	H60
2BF9	166582	H60
2BFA	166583	H60
2BFB	166584	H60
2BFC	166585	H60
2BFD	166586	H60
2BFE	166587	H60
2BFF	166588	H60
2C00	166589	H60
2C3B	168247	EC45
2C3C	168248	EC45
2C3D	168249	EC45
2ED2	166085	TEX2
2ED3	166086	TEX2
2ED4	166087	TEX2
2ED5	166088	TEX2
2ED6	166089	TEX2
2ED7	166090	TEX2
2ED8	166091	TEX2
2ED9	166092	TEX2
2EDA	166093	TEX2
2EDB	166094	TEX2
2EDC	166095	TEX2
2EDD	166096	TEX2
2EDE	166097	TEX2
2EDF	166098	TEX2
2EE0	166099	TEX2
2EE1	166100	TEX2
2EE2	166101	TEX2
2EE3	166102	TEX2
2EE4	166103	TEX2
2EE5	166104	TEX2
2EE6	166105	TEX2
2EE7	166106	TEX2
2EE8	166107	TEX2
2EE9	166108	TEX2
2EEA	166109	TEX2
2EEB	166110	TEX2
2EEC	166111	TEX2
2EED	166112	TEX2
2EEE	166113	TEX2
2EEF	166114	TEX2
2EF0	166115	TEX2
2EF1	166116	TEX2
2EF2	166117	TEX2
2EF3	166118	TEX2
2EF4	166119	TEX2
2EF5	166120	TEX2
2EF6	166121	TEX2
2EF7	166122	TEX2
2EF8	166123	TEX2
2EF9	166124	TEX2
2EFA	166125	TEX2
2EFB	166126	TEX2
2EFC	166127	TEX2
2F10	168255	F18S
2F11	168256	F18S
2F13	168258	F18S
2F1A	168265	F18S
2F23	168274	F18S
2F25	81-23632	H500
2F2A	90-25357	H500
2F2C	95-25371	H500
2F31	98-25382	H500
2F34	81-23630	H500
2F40	98-25374	H500
2F41	98-25384	H500
2F45	89-25353	H500
2F47	98-25377	H500
2F48	81-23635	H500
2F54	98-25375	H500
2F55	98-25378	H500
2F56	09-0546	B350
2F57	09-0623	B350
2F58	09-0624	B350
2F59	09-0625	B350
2F5A	09-0626	B350
2F5B	09-0628	B350
2F5C	09-0635	B350
2F5D	09-0637	B350
2F5E	09-0639	B350
2F5F	09-0640	B350
2F60	09-0641	B350
2F61	09-00642	B350
2F62	09-00644	B350
2F63	09-00646	B350
2F64	09-0647	B350
2F65	09-0648	B350
2F66	09-0649	B350
2F67	09-0654	B350
2F68	09-0655	B350
2F69	09-0656	B350
2F6A	09-0659	B350
2F6B	09-0660	B350
2F6C	09-0661	B350
2F6D	09-0662	B350
2F6F	09-0678	B350
2F70	09-0681	B350
2F71	09-0684	B350
2F72	09-0685	B350
2F73	09-0686	B350
2F97	168065	C30J
2F98	168066	C30J
2F99	168067	C30J
2F9A	168068	C30J
2F9B	168069	C30J
2F9C	168070	C30J
2F9D	168071	C30J
2F9E	168072	C30J
2F9F	168073	C30J
2FA0	168074	C30J
2FA1	168075	C30J
2FA2	08-8190	C17
2FA3	08-8191	C17
2FA4	08-8192	C17
2FA5	08-8193	C17
2FA6	08-8194	C17
2FA7	08-8195	C17
2FA8	08-8196	C17
2FA9	08-8197	C17
2FAA	08-8198	C17
2FAB	08-8199	C17
2FAC	08-8200	C17
2FAD	08-8201	C17
2FAE	08-8202	C17
2FAF	08-8203	C17
2FB0	08-8204	C17
2FD2	166502	E2
2FD3	167929	E2
2FD4	167930	E2
2FD5	167931	E2
2FD6	168076	E2
2FD7	168077	E2
32FF	23-14558	H60
3300	25-21320	H60
3305	170780	BE20
3306	24-03537	H64
330A	22-46105	B762
3333	23-14548	H60
3341	22-1013	A139
3403	24-21294	H60
3406	18-20978	H60
3408	22-03466	H64
3409	21-14522	H60
340A	22-14532	H60
34BD	90-26302	H60
34BF	22-03467	H64
35CC	21-01903	T206
35CD	21-01970	T206
3620	N350PP	BE30
3FDF	05-27071	H60
4039	23-14562	H60
403D	25-21324	H60
403E	23-0012	AT8T
4043	24-03541	H64
4066	24-03531	H64
406C	170331	F18S
412A	24-21295	H60
412B	18-20979	H60
412C	95-26646	H60
412E	22-03468	H64
4130	24-21285	H60
414F	22-03469	H64
43C2	24-03553	H64
43DD	170746	BE20
43DE	170343	F18S
4405	08-0049	V22
4499	00-26871	H60
449B	22-03470	H64
44ED	25-21331	H60
44F2	24-03548	H64
454A	6069	H60
45C3	22-03471	H64
45C6	24-21286	H60
4788	07-20036	H60
4789	07-20037	H60
478A	07-20038	H60
478B	07-20039	H60
478C	07-20040	H60
478D	08-20127	H60
478E	08-20128	H60
478F	08-20129	H60
4790	08-20130	H60
4791	08-20131	H60
4792	08-20132	H60
4793	08-20133	H60
4794	08-20134	H60
4795	08-20135	H60
4796	08-20136	H60
4798	08-20138	H60
4799	08-20139	H60
479A	08-20140	H60
479B	08-20141	H60
479C	08-20142	H60
479D	08-20143	H60
479E	08-20144	H60
479F	08-20145	H60
47A0	08-20146	H60
47A1	08-20153	H60
47A2	08-20154	H60
47A3	08-20155	H60
47A4	08-20156	H60
47A5	08-20157	H60
47A6	08-20158	H60
47A7	08-20159	H60
47A8	08-20160	H60
47A9	08-20161	H60
47AA	08-20162	H60
47AB	08-20163	H60
47AC	08-20164	H60
47AD	08-20165	H60
47AE	08-20166	H60
47AF	08-20167	H60
47B0	08-20168	H60
47B1	08-20169	H60
47B2	08-20170	H60
47B3	08-20171	H60
47B4	08-20172	H60
47B5	09-20226	H60
47B6	09-20227	H60
47B7	09-20228	H60
47B8	09-20229	H60
47B9	09-20230	H60
47BA	09-20231	H60
47BB	09-20232	H60
47BC	09-20233	H60
47BD	09-20234	H60
47BE	09-20235	H60
47BF	09-20236	H60
47D8	09-20237	H60
47D9	07-20023	H60
47DA	07-20024	H60
47DB	07-20025	H60
47DC	07-20026	H60
47DD	07-20027	H60
47DE	07-20028	H60
47DF	07-20029	H60
47E0	07-20030	H60
47E1	07-20031	H60
47E2	07-20032	H60
47E3	07-20033	H60
47E4	07-20034	H60
47E5	07-20035	H60
47E6	07-20041	H60
47E7	07-20042	H60
47E8	07-20043	H60
47E9	07-20044	H60
47EA	07-20045	H60
47EB	07-20046	H60
47EC	07-20047	H60
47ED	07-20048	H60
47EE	07-20049	H60
47EF	07-20050	H60
47F0	07-20051	H60
47F1	07-20052	H60
47F2	07-20053	H60
47F3	07-20054	H60
47F4	07-20055	H60
47F5	07-20056	H60
47F6	07-20057	H60
47F7	07-20058	H60
47F8	07-20059	H60
47F9	07-20060	H60
47FA	07-20061	H60
47FC	07-20063	H60
47FD	07-20064	H60
47FE	07-20065	H60
47FF	07-20066	H60
4810	07-20067	H60
4811	07-20068	H60
4812	07-20069	H60
4813	07-20070	H60
4814	07-20071	H60
4815	07-20072	H60
4816	07-20073	H60
4817	07-20074	H60
4818	07-20075	H60
4819	07-20076	H60
481A	07-20077	H60
481B	07-20078	H60
481C	07-20079	H60
481D	07-20080	H60
481E	07-20081	H60
481F	07-20082	H60
4820	07-20083	H60
4821	07-20084	H60
4822	07-20085	H60
4823	07-20086	H60
4824	07-20087	H60
4825	07-20088	H60
4826	07-20089	H60
4827	07-20090	H60
4828	07-20091	H60
4829	07-20092	H60
482A	07-20093	H60
482B	07-20094	H60
4830	07-20095	H60
4831	08-20096	H60
4832	08-20097	H60
4833	08-20098	H60
4834	08-20099	H60
4835	08-20100	H60
4836	08-20101	H60
4837	08-20102	H60
4838	08-20103	H60
4839	08-20104	H60
483A	08-20105	H60
483B	08-20106	H60
483C	08-20107	H60
483D	08-20108	H60
483E	08-20109	H60
483F	08-20110	H60
4840	08-20111	H60
4841	08-20112	H60
4842	08-20113	H60
4843	08-20114	H60
4844	08-20115	H60
4845	08-20116	H60
4846	08-20117	H60
4847	08-20118	H60
4848	08-20119	H60
4849	08-20120	H60
484A	08-20121	H60
484B	08-20122	H60
484D	08-20124	H60
484E	08-20125	H60
4859	08-20147	H60
485A	08-20148	H60
485B	08-20149	H60
485C	08-20150	H60
485E	08-20152	H60
485F	09-20175	H60
4860	09-20178	H60
4861	09-20179	H60
4862	09-20180	H60
4863	09-20181	H60
4864	09-20182	H60
4865	09-20183	H60
4866	09-20184	H60
4867	09-20185	H60
4869	09-20187	H60
486A	09-20188	H60
486B	09-20189	H60
486D	09-20191	H60
486F	09-20193	H60
4870	09-20194	H60
4871	09-20195	H60
4872	09-20196	H60
4873	09-20197	H60
4876	09-20199	H60
4878	09-20201	H60
4879	09-20202	H60
487A	09-20203	H60
487B	09-20204	H60
487D	09-20206	H60
487E	09-20207	H60
487F	09-20208	H60
4880	09-20209	H60
4881	09-20210	H60
4882	09-20211	H60
4883	09-20212	H60
4885	09-20214	H60
4886	09-20215	H60
4887	09-20216	H60
4888	09-20217	H60
4889	09-20218	H60
488A	09-20219	H60
488B	09-20220	H60
488C	09-20221	H60
488D	09-20222	H60
488E	09-20223	H60
498A	08-0036	V22
498B	08-0037	V22
498C	08-0038	V22
498D	08-0039	V22
499F	164456	H60
49C1	09-9205	C17
49C2	09-9206	C17
49C3	09-9207	C17
49C4	09-9208	C17
49C5	09-9209	C17
49C6	09-9210	C17
49C7	09-9211	C17
49C8	09-9212	C17
49D8	168368	F18S
49DA	168370	F18S
49DD	168373	F18S
49DE	168374	F18S
49DF	168375	F18S
49E0	168376	F18S
49E4	168380	F18S
49E5	168381	F18S
49E7	168383	F18S
49E9	168385	F18S
49EC	168388	F18S
49ED	168389	F18S
49EE	168390	F18S
49F0	168392	F18S
49F2	88-0527	F16
49FB	89-2082	F16
4A08	09-20242	H60
4A09	166128	TEX2
4A0A	166129	TEX2
4A0B	166130	TEX2
4A0C	166131	TEX2
4A0D	166132	TEX2
4A0E	166133	TEX2
4A0F	166134	TEX2
4A10	166135	TEX2
4A11	166136	TEX2
4A12	166137	TEX2
4A13	166138	TEX2
4A14	166139	TEX2
4A15	166140	TEX2
4A16	166141	TEX2
4A17	166142	TEX2
4A18	166143	TEX2
4A19	166144	TEX2
4A1A	166145	TEX2
4A1B	166146	TEX2
4A1C	166147	TEX2
4A1D	166148	TEX2
4A1E	166149	TEX2
4A1F	166150	TEX2
4A20	166151	TEX2
4A21	166152	TEX2
4A22	166153	TEX2
4A23	166154	TEX2
4A24	166155	TEX2
4A25	166156	TEX2
4A26	166157	TEX2
4A27	166158	TEX2
4A28	166159	TEX2
4A29	166160	TEX2
4A2A	166161	TEX2
4A2B	166162	TEX2
4A2C	166163	TEX2
4A4B	6044	H60
4A4C	6045	H60
4A4D	08-03781	H47
4A4E	09-03782	H47
4A51	09-03785	H47
4A52	09-03786	H47
4A53	09-03787	H47
4A60	166696	B737
4A79	168206	BE20
4A7A	168204	B350
4A7C	168208	B350
4A7D	168209	B350
4A7E	06-0033	V22
4A7F	07-0034	V22
4A81	09-0525	GLF5
4A8F	88-0460	F16
4A94	88-0506	F16
4ABF	88-0521	F16
4ADF	2707	C27J
4AE0	2708	C27J
4AE1	2709	C27J
4AE2	2710	C27J	A
4AE3	2711	C27J
4AE4	2712	C27J
4AE5	2713	C27J
4AE6	09-0015	B752
4AE8	09-0016	B752
4AEA	09-0017	B752
4AEC	19-0018	B752
4AF0	08-3175	C30J
4AF1	08-3176	C30J
4AF2	08-3177	C30J
4AF3	08-3178	C30J
4AF4	08-3179	C30J
4AF5	08-5675	C30J
4AF6	08-5678	C30J
4AF7	08-5679	C30J
4AF8	08-5683	C30J
4AF9	08-5684	C30J
4AFA	08-5685	C30J
4AFB	08-5686	C30J
4AFC	08-5691	C30J
4AFD	08-5692	C30J
4AFE	08-5693	C30J
4B00	08-5697	C30J
4B25	161180	H53S
4B27	161182	H53S
4B29	161184	H53S
4B2A	161252	H53S
4B2D	161257	H53S
4B2F	161259	H53S
4B30	161260	H53S
4B31	161261	H53S
4B33	161263	H53S
4B34	161265	H53S
4B35	161381	H53S
4B36	161382	H53
4B37	161383	H53S
4B39	161385	H53
4B3B	161387	H53S
4B3D	161389	H53S
4B3E	161391	H53S
4B40	161394	H53S
4B41	161532	H53S
4B44	164539	H53
4B45	161540	H53S
4B46	161541	H53S
4B47	161542	H53S
4B49	161988	H53S
4B4A	161989	H53S
4B4B	161990	H53S
4B4C	161991	H53
4B4D	161992	H53S
4B4E	161993	H53S
4B50	161995	H53S
4B51	161996	H53S
4B53	162001	H53S
4B54	162002	H53S
4B55	162003	H53S
4B56	162004	H53S
4B57	162005	H53S
4B58	162006	H53S
4B5A	162010	H53S
4B5B	162011	H53S
4B5F	162479	H53S
4B60	162480	H53S
4B62	162482	H53S
4B66	162487	H53S
4B69	162493	H53S
4B6B	162496	H53S
4B6C	162499	H53S
4B6D	162500	H53S
4B6E	162501	H53S
4B6F	162502	H53S
4B71	162518	H53S
4B74	162522	H53S
4B75	162523	H53S
4B76	162524	H53S
4B77	162525	H53S
4B78	162526	H53S
4B7E	163072	H53S
4B80	163074	H53S
4B82	163076	H53S
4B83	163077	H53S
4B85	163079	H53S
4B86	163080	H53S
4B87	163081	H53
4B88	163083	H53S
4B89	163084	H53S
4B8A	163085	H53S
4B8B	163086	H53S
4B8C	163087	H53S
4B8E	164359	H53S
4B8F	164360	H53S
4B90	164361	H53S
4B91	164362	H53S
4B92	164363	H53S
4B93	164364	H53S
4B94	164365	H53S
4B95	164366	H53S
4B9A	164776	H53S
4B9B	164777	H53S
4B9C	164778	H53
4B9D	164779	H53S
4B9E	164780	H53S
4BA0	164783	H53S
4BA2	164786	H53S
4BA3	164787	H53S
4BA5	164789	H53S
4BA8	165244	H53	A
4BA9	164860	H53S
4BAA	165243	H53S
4BAB	165244	H53S	A
4BAC	165245	H53S
4BB0	165249	H53S
4BB5	165344	H53S
4BB6	165345	H53S
4BB7	165346	H53S
4BB8	165347	H53S
4BB9	165503	H53S
4BBA	165504	H53S
4BBB	165651	H53S
4BD7	CBP-104	Q9
4BD8	CBP-108	Q9
4BD9	CBP-110	Q9
4BDA	CBP-119	Q9
4BDC	08-5705	C30J
4BDD	10-5700	C30J
4BDE	10-5701	C30J
4BDF	09-5706	C30J
4BE0	09-5707	C30J
4BE1	09-5708	C30J
4BE2	09-5709	C30J
4BE3	10-5716	C30J
4BE5	09-5711	C30J
4BE6	09-5713	C30J
4BE7	10-5714	C30J
4BE8	2313	CN35
4BE9	74-22442	UH1
4BEA	74-22428	UH1
4BEB	72-21483	UH1
4BEC	74-22463	UH1
4BEE	2314	CN35
4BEF	2315	CN35
4BF0	2316	CN35
4BF1	2317	CN35
4BF2	2318	CN35
4BFC	167916	V22
4BFF	168008	V22
4C00	167917	V22
4C04	165944	V22
4C10	168021	V22
4C5E	10-00728	B350
4C5F	10-0729	B350
4C62	10-00742	B350
4C63	11-00289	B350
4CAA	05-20007	H60
4CAB	05-20012	H60
4CAC	06-20021	H60
4CAD	05-20010	H60
4CAE	05-20003	H60
4CB0	05-20009	H60
4CB1	06-20020	H60
4CEA	09-0043	V22
4CEB	09-0044	V22
4CEC	09-08071	H47
4CED	09-08072	H47
4CEE	09-08073	H47
4CEF	07-08744	H47
4CF0	07-08745	H47
4CF1	07-08746	H47
4CF2	0708747	H47
4CF3	07-08748	H47
4CF4	08-08749	H47
4CF5	08-08750	H47
4CF6	08-08751	H47
4CF7	2714	C27J
4CF8	10-27024	C27J
4CF9	10-27025	C27J
4CFA	10-27026	C27J
4CFB	10-27027	C27J
4CFC	10-27028	C27J
4CFD	10-27029	C27J
4CFE	10-27030	C27J
4D27	11-9001	GLEX
4D29	168531	H60
4D2A	168532	H60
4D2B	168533	H60
4D2C	168534	H60
4D2D	168535	H60
4D2F	168537	H60
4D30	168538	H60
4D31	168530	H60
4D32	168540	H60
4D33	168541	H60
4D34	168542	H60
4D35	168543	H60
4D36	168544	H60
4D37	168545	H60
4D38	168546	H60
4D3A	168548	H60
4D3B	168549	H60
4D3E	168552	H60
4D3F	168553	H60
4D41	168555	H60
4D42	168556	H60
4D43	168557	H60
4D45	168559	H60
4D47	168561	H60
4D48	168562	H60
4D4A	168564	H60
4D4B	168565	H60
4D4D	168567	H60
4D4E	168568	H60
4D50	168570	H60
4D51	168571	H60
4D52	168572	H60
4D54	168574	H60
4D56	168576	H60
4D57	168577	H60
4D58	168578	H60
4D5A	168580	H60
4D5B	168581	H60
4D5C	168582	H60
4D5F	168585	H60
4D60	168586	H60
4D63	168589	H60
4D64	168590	H60
4D65	168591	H60
4D66	10-0213	C17
4D67	10-0214	C17
4D68	10-0215	C17
4D69	10-0216	C17
4D6A	10-0217	C17
4D98	168600	E2
4D9A	158574	P3
4D9B	08-00262	DHC6
4DDD	11-0550	GLF5
4DDE	CBP-213	Q9
4DE1	11-9355	GLEX
4DFE	6046	H60
4DFF	6047	H60
4E00	6048	H60
4E01	6049	H60
4E02	6050	H60	A
4E03	6051	H60	A
4E04	6052	H60	A
4E08	08-5712	C30J
4E09	08-5715	C30J
4E0A	08-5724	C30J
4E0B	08-5726	C30J
4E0C	10-5728	C30J
4E0D	11-5740	C30J
4E0E	11-5732	C30J
4E0F	11-5734	C30J
4E10	11-5736	C30J
4E11	11-5738	C30J
4E12	11-5752	C30J
4E13	11-5745	C30J
4E14	11-5748	C30J
4E15	10-5717	C30J
4E16	11-5719	C30J
4E17	11-5725	C30J
4E18	11-5727	C30J
4E19	11-5731	C30J
4E1A	11-5729	C30J
4E1B	11-5733	C30J
4E1C	11-5735	C30J
4E1D	11-5737	C30J
4E1E	10-03788	H47
4E1F	10-03789	H47
4E20	12-03790	H47
4E21	74-22313	UH1
4E3B	166743	V22
4E4F	168216	V22
4E50	168218	V22
4E53	168243	V22
4E58	168225	V22
4E5C	168229	V22
4E64	168237	V22
4E6C	168278	V22
4E6E	168280	V22
4E8D	166164	TEX2
4E8E	166165	TEX2
4E8F	166166	TEX2
4E90	166167	TEX2
4E91	166168	TEX2
4E92	166169	TEX2
4E93	166170	TEX2
4E94	166171	TEX2
4E95	166199	TEX2
4E96	166172	TEX2
4E97	166173	TEX2
4E98	166174	TEX2
4E99	166175	TEX2
4E9A	166176	TEX2
4E9B	166177	TEX2
4E9C	166178	TEX2
4E9D	166179	TEX2
4E9E	166180	TEX2
4E9F	166181	TEX2
4EA0	166182	TEX2
4EA1	166183	TEX2
4EA2	166184	TEX2
4EA3	166185	TEX2
4EA4	166186	TEX2
4EA5	166187	TEX2
4EA6	166188	TEX2
4EA7	166189	TEX2
4EA8	166190	TEX2
4EA9	166191	TEX2
4EAA	166192	TEX2
4EAB	166193	TEX2
4EAC	166194	TEX2
4EAD	166195	TEX2
4EAE	166196	TEX2
4EAF	166197	TEX2
4EB0	166198	TEX2
4EB1	167956	P8
4EB2	168428	P8
4EB3	168429	P8
4EB4	168430	P8
4EB5	168431	P8
4EB6	168432	P8
4EB7	168433	P8
4EB8	168434	P8
4EB9	168435	P8
4EBB	168437	P8
4EBC	168438	P8
4EBD	168439	P8
4EBF	168754	P8
4EC0	168755	P8
4EC1	168756	P8
4EC2	168757	P8
4EC3	168758	P8
4EC4	168759	P8
4EC5	168760	P8
4EC6	168761	P8
4EC8	168763	P8
4EC9	168764	P8
4ECC	09-0045	V22
4ECD	09-0046	V22
4ECE	10-0052	V22
4ED0	10-0101	SR20
4ED1	10-0102	SR20
4ED2	10-0103	SR20
4ED3	10-0104	SR20
4ED4	10-0105	SR20
4ED5	10-0106	SR20
4ED6	10-0107	SR20
4ED7	10-0108	SR20
4ED8	10-0109	SR20
4ED9	10-0110	SR20
4EDA	10-0111	SR20
4EDB	10-0112	SR20
4EDC	10-0113	SR20
4EDD	11-0114	SR20
4EDE	11-0115	SR20
4EDF	11-0116	SR20
4EE1	11-0118	SR20
4EE2	11-0119	SR20
4EE3	11-0120	SR20
4EE4	11-0121	SR20
4EE5	11-0122	SR20
4EE6	11-0123	SR20
4EE7	11-0124	SR20
4EE8	11-0125	SR20
4EEA	09-0042	V22
4EEB	08-0047	V22
4EEC	10-0053	V22
4EED	10-0054	V22
4EEE	10-0055	V22
4EEF	10-0056	V22
4EF0	89-0264	C182
4EF1	89-0265	C182
4EF3	166491	V22
4EF4	166494	V22
4EFE	89-2005	F16
4F12	10-0218	C17
4F13	10-0219	C17
4F14	10-0220	C17
4F15	10-0221	C17
4F16	10-0222	C17
4F17	10-0223	C17
4F1D	167866	H60
4F1E	167867	H60
4F20	167869	H60
4F21	167870	H60
4F22	167871	H60
4F23	167872	H60
4F25	167874	H60
4F26	167875	H60
4F27	167876	H60
4F28	167877	H60
4F29	167878	H60
4F2C	167881	H60
4F2D	167882	H60
4F2F	167884	H60
4F31	167886	H60
4F32	167887	H60
4F33	167888	H60
4F36	167891	H60
4F3C	167897	H60
4F3F	167900	H60
4F40	167901	H60
4F41	168394	H60
4F42	168395	H60
4F44	168397	H60
4F47	166592	H60
4F48	166593	H60
4F4A	166595	H60
4F4B	166596	H60
4F4C	166597	H60
4F4F	166995	H60
4F51	166997	H60
4F53	166999	H60
4F54	167000	H60
4F55	167001	H60
4F56	167002	H60
4F5A	167006	H60
4F5C	167008	H60
4F5E	167010	H60
4F5F	167013	H60
4F64	167016	H60
4F65	167017	H60
4F68	167020	H60
4F69	167021	H60
4F6A	167022	H60
4F6C	167024	H60
4F6E	167026	H60
4F6F	167029	H60
4F74	167033	H60
4F76	167034	H60
4F77	167035	H60
4F78	168037	H60
4F7B	167040	H60
4F7F	167044	H60
4F80	167045	H60
4F81	167047	H60
4F82	167048	H60
4F83	167049	H60
4F84	167050	H60
4F85	167051	H60
4F87	167053	H60
4F88	167054	H60
4F8A	167056	H60
4F8B	167057	H60
4F8C	167058	H60
4F8E	167060	H60
4F8F	167061	H60
4F90	167062	H60
4F91	167063	H60
4F92	167064	H60
4F93	167065	H60
4F94	167066	H60
4F95	167067	H60
4F96	167068	H60
4F97	167069	H60
4F98	167070	H60
4F99	167071	H60
4F9A	167072	H60
4F9B	167779	H60
4F9C	167780	H60
4F9D	167781	H60
4F9E	168078	H60
4F9F	168079	H60
4FA0	168080	H60
4FA1	168081	H60
4FA2	168082	H60
4FA3	168083	H60
4FA4	168084	H60
4FA5	168085	H60
4FA6	168086	H60
4FA7	168087	H60
4FA8	168088	H60
4FA9	168089	H60
4FAA	168090	H60
4FAB	168091	H60
4FAC	168092	H60
4FAD	168093	H60
4FAE	168094	H60
4FAF	168095	H60
4FB0	168096	H60
4FB1	168097	H60
4FB2	168098	H60
4FB3	168099	H60
4FB4	168100	H60
4FB5	168101	H60
4FB6	168102	H60
4FB7	168103	H60
4FB8	168104	H60
4FB9	168105	H60
4FBA	168106	H60
4FBB	168107	H60
4FBC	168108	H60
4FBE	168110	H60
4FBF	168111	H60
4FC0	168112	H60
4FC1	168113	H60
4FC2	168114	H60
4FC3	168115	H60
4FC4	168116	H60
4FC5	168117	H60
4FC6	168118	H60
4FC7	168119	H60
4FC8	168120	H60
4FC9	168121	H60
4FCA	168122	H60
4FCB	168123	H60
4FCC	168124	H60
4FCD	168125	H60
4FCE	168126	H60
4FCF	168127	H60
4FD0	168128	H60
4FD1	168129	H60
4FD2	168130	H60
4FD3	168131	H60
4FD4	168132	H60
4FD5	168133	H60
4FD6	168134	H60
4FD7	168135	H60
4FD8	168136	H60
4FD9	168137	H60
4FDA	168138	H60
4FDB	168139	H60
4FDC	168140	H60
4FDD	168141	H60
4FDE	168142	H60
4FDF	168143	H60
4FE0	168144	H60
4FE1	168145	H60
4FE2	168146	H60
4FE3	168147	H60
4FE4	168148	H60
4FE5	168149	H60
4FE6	168150	H60
4FE7	168151	H60
4FE8	168152	H60
4FE9	168153	H60
4FEA	168154	H60
4FEB	168155	H60
4FEC	168156	H60
4FED	168157	H60
4FEE	168158	H60
4FEF	168159	H60
4FF0	168160	H60
4FF1	168161	H60
4FF2	168162	H60
4FF3	168163	H60
4FF4	168164	H60
4FF5	168165	H60
4FF6	168166	H60
4FF7	168167	H60
4FF8	168168	H60
4FF9	168169	H60
4FFA	168170	H60
4FFB	168171	H60
4FFC	168172	H60
4FFD	168173	H60
4FFE	168174	H60
5001	168177	H60
5003	168179	H60
5004	168180	H60
5006	168182	H60
503D	09-0540	B737
509D	10-80263	DHC6
509E	10-80264	DHC6
509F	6544	AS65
50AD	09-20176	H60
50AE	09-20177	H60
50B0	09-20224	H60
50B1	09-20225	H60
50B2	10-20238	H60
50B3	10-20239	H60
50B4	10-20244	H60
50B5	10-20245	H60
50B6	10-20246	H60
50B7	10-20247	H60
50B8	10-20248	H60
50B9	10-20249	H60
50BA	10-20250	H60
50BB	10-20251	H60
50BC	10-20252	H60
50BE	10-20254	H60
50BF	10-20255	H60
50C0	10-20256	H60
50C1	10-20257	H60
50C2	10-20258	H60
50C3	10-20259	H60
50C4	10-20260	H60
50C5	10-20261	H60
50C8	10-20264	H60
50C9	10-20265	H60
50CB	10-20267	H60
50CC	10-20268	H60
50CD	10-20269	H60
50CE	10-20270	H60
50CF	10-20271	H60
50D0	10-20272	H60
50D1	10-20273	H60
50D3	10-20275	H60
50D4	10-20276	H60
50D5	10-20277	H60
50D6	10-20278	H60
50D7	10-20279	H60
50D8	10-20280	H60
50D9	10-20281	H60
50DA	10-20282	H60
50DB	10-20283	H60
50DC	10-20284	H60
50DD	10-20285	H60
50DE	10-20286	H60
50DF	10-20287	H60
50E0	10-20288	H60
50E1	10-20289	H60
50E2	10-20311	H60
50E3	10-20312	H60
50E4	10-20313	H60
50E5	10-20314	H60
50E6	10-20315	H60
50E7	10-20316	H60
50E8	10-20317	H60
50E9	10-20318	H60
50EA	10-20319	H60
50EB	10-20320	H60
510B	10-20240	H60
510C	10-20290	H60
510D	10-20291	H60
510E	10-20292	H60
510F	10-20293	H60
5110	10-20294	H60
5111	10-20295	H60
5112	10-20296	H60
5113	10-20297	H60
5114	10-20298	H60
5115	10-20299	H60
5116	10-20300	H60
5117	10-20301	H60
5118	10-20302	H60
5119	10-20303	H60
511A	10-20304	H60
511B	10-20305	H60
511C	10-20306	H60
511D	10-20307	H60
511E	10-20308	H60
511F	10-20309	H60
5120	10-20310	H60
5121	10-20326	H60
5122	09-05645	H64
5137	09-05666	H64
513B	09-05670	H64
5140	09-05676	H64
5148	09-07058	H64
514E	09-07064	H64
5153	09-05680	H64
5156	09-05683	H64
515D	10-05619	H64
515E	88-00325	BE20
516F	168473	F18S
5170	168474	F18S
5175	168478	F18S
517E	168487	F18S
5180	168489	F18S
5181	168490	F18S
5183	168492	F18S
5187	168767	F18S
518B	168771	F18S
518D	168773	F18S
5193	10-20241	H60
5195	10-20243	H60
5196	10-20324	H60
5197	10-20325	H60
5198	10-20327	H60
5199	10-20330	H60
519A	10-20331	H60
519B	10-20334	H60
519C	10-20335	H60
519E	10-20337	H60
51A2	11-20340	H60
51A3	11-20341	H60
51A4	11-20343	H60
51A5	11-20345	H60
51A6	11-20346	H60
51A7	11-20348	H60
51A8	11-20356	H60
51A9	11-20357	H60
51AA	11-20358	H60
51AB	11-20359	H60
51AC	11-20360	H60
51AD	11-20361	H60
51AE	11-20362	H60
51AF	11-20363	H60
51B0	11-20364	H60
51B1	11-20365	H60
51B2	11-20366	H60
51B3	11-20367	H60
51B4	11-20369	H60
51B5	11-20370	H60
51B6	11-20371	H60
51B7	11-20372	H60
51B8	11-20373	H60
51B9	11-20375	H60
51BA	11-20386	H60
51BB	11-20387	H60
51BC	11-20388	H60
51BD	11-20389	H60
51BE	11-20390	H60
51BF	11-20391	H60
51C0	11-20393	H60
51C2	11-20395	H60
51C3	11-20396	H60
51C4	11-20397	H60
51C5	11-20398	H60
51C6	11-20399	H60
51C7	11-20401	H60
51C8	11-20412	H60
51C9	11-20413	H60
51CA	11-20414	H60
51CB	11-20415	H60
51CC	11-20416	H60
51CD	11-20417	H60
51CE	11-20418	H60
51CF	11-20419	H60
51D0	11-20420	H60
51D1	11-20422	H60
51D2	11-20423	H60
51D3	10-20332	H60
51D4	11-20349	H60
51D5	11-20350	H60
51D6	11-20351	H60
51D7	11-20352	H60
51D8	11-20353	H60
51D9	11-20354	H60
51DA	11-20355	H60
51DB	11-20376	H60
51DC	11-20377	H60
51DD	11-20378	H60
51DE	11-20379	H60
51DF	11-20380	H60
51E0	11-20381	H60
51E1	11-20382	H60
51E2	11-20383	H60
51E3	11-20384	H60
51E4	11-20402	H60
51E5	11-20403	H60
51E6	11-20404	H60
51E7	11-20405	H60
51E8	11-20406	H60
51E9	11-20407	H60
51EA	11-20408	H60
51EB	11-20409	H60
5209	73-21776	UH1
520F	165852	V22
5212	165945	V22
5237	07-08033	H47
5238	07-08034	H47
5239	07-08035	H47
523A	07-08036	H47
523B	07-08037	H47
523C	07-08038	H47
523D	07-08039	H47
523E	07-08040	H47
5240	07-08721	H47
5242	07-08723	H47
5243	07-08724	H47
5244	07-08725	H47
5245	07-08726	H47
5247	07-08728	H47
5248	07-08729	H47
5249	07-08730	H47
524B	07-08732	H47
524C	07-08733	H47
524D	07-08734	H47
524E	07-08735	H47
524F	07-08736	H47
5250	07-08737	H47
5251	07-08738	H47
5253	07-08740	H47
5254	07-08741	H47
5256	07-08743	H47
5258	08-08043	H47
525A	08-08045	H47
525B	08-08046	H47
525C	08-08047	H47
525E	08-08049	H47
525F	08-08050	H47
5260	08-08051	H47
5261	08-08052	H47
5262	08-08053	H47
5263	08-08054	H47
5265	08-08056	H47
5266	08-08057	H47
5267	08-08058	H47
5268	08-08752	H47
5269	08-08753	H47
526A	08-08754	H47
526B	08-08755	H47
526C	08-08756	H47
526D	08-08757	H47
526E	08-08758	H47
526F	08-08759	H47
5270	08-08760	H47
5272	08-08762	H47
5273	08-08763	H47
5274	08-08764	H47
5275	08-08765	H47
5276	08-08766	H47
5277	08-08767	H47
5278	08-08768	H47
527B	08-08771	H47
527C	08-08772	H47
527E	08-08774	H47
527F	08-08775	H47
5280	08-08776	H47
5282	09-08059	H47
5283	09-08060	H47
5284	09-08061	H47
5285	09-08062	H47
5287	09-08064	H47
5288	09-08065	H47
5289	09-08066	H47
528A	09-08067	H47
528B	09-08068	H47
528C	09-08069	H47
528D	09-08778	H47
528E	09-08779	H47
528F	09-08780	H47
5290	09-08781	H47
5291	09-08782	H47
5292	09-08783	H47
5293	09-08784	H47
5294	09-08785	H47
5295	09-08786	H47
5296	09-08787	H47
5297	09-08788	H47
5298	09-08789	H47
5299	09-08790	H47
529A	09-08791	H47
529C	09-08793	H47
529D	09-08794	H47
529E	09-08795	H47
529F	09-08796	H47
52A0	09-08797	H47
52A2	09-08799	H47
52A3	09-08800	H47
52A4	09-08822	H47
52A5	09-08823	H47
52A7	09-08825	H47
52A8	09-08826	H47
52A9	09-08827	H47
52AA	09-08828	H47
52AB	09-08829	H47
52AC	10-08074	H47
52AD	10-08075	H47
52AE	10-08076	H47
52AF	10-08077	H47
52B0	10-08078	H47
52B3	10-08081	H47
52B4	10-08082	H47
52B5	10-08083	H47
52B6	10-08084	H47
52B7	10-08085	H47
52B8	10-08086	H47
52B9	10-08087	H47
52BA	10-08801	H47
52BB	10-08802	H47
52BC	10-08803	H47
52BF	10-08806	H47
52C0	10-08807	H47
52C1	10-08808	H47
52C4	10-08811	H47
52C5	10-08812	H47
52C6	10-08813	H47
52C7	10-08814	H47
52C8	10-08815	H47
52C9	10-08816	H47
52CA	10-08817	H47
52CB	10-08818	H47
52CC	10-08819	H47
52CD	10-08820	H47
52CE	10-08821	H47
52CF	11-08088	H47
52D0	11-08089	H47
52D1	11-08090	H47
52D2	11-08091	H47
52D3	11-08092	H47
52D4	11-08093	H47
52D5	11-08094	H47
52D6	11-08095	H47
52D7	11-08096	H47
52D8	11-08097	H47
52D9	11-08098	H47
52DA	11-08830	H47
52DB	11-08831	H47
52DD	11-08833	H47
52DE	11-08834	H47
52DF	11-08835	H47
52E0	11-08836	H47
52E1	11-08837	H47
52E2	11-08838	H47
52E3	11-08839	H47
52E4	11-08840	H47
52E5	11-08841	H47
52E6	11-08842	H47
52E7	11-08843	H47
52E8	11-08844	H47
52E9	11-08845	H47
52EA	11-08846	H47
52EB	11-08847	H47
52EC	11-08848	H47
52EE	11-08850	H47
52EF	11-08851	H47
52F0	11-08852	H47
52F1	11-08853	H47
52F2	11-08854	H47
52F4	12-08100	H47
52F5	12-08101	H47
52F6	12-08102	H47
52F7	12-08103	H47
52F8	12-08104	H47
52F9	12-08105	H47
52FB	12-08107	H47
52FC	12-08108	H47
52FE	12-08110	H47
52FF	12-08111	H47
5300	12-08112	H47
5301	12-08113	H47
5302	12-08401	H47
5303	12-08402	H47
5304	12-08855	H47
5305	10-08856	H47
5306	12-08857	H47
530B	12-08862	H47
530C	12-08863	H47
530D	12-08864	H47
530E	12-08865	H47
530F	12-08866	H47
5310	12-08867	H47
5311	12-08868	H47
5312	12-08869	H47
5313	12-08874	H47
5314	12-08875	H47
5315	12-08876	H47
5316	12-08877	H47
5317	12-08878	H47
5318	12-08879	H47
5319	12-08880	H47
531A	12-08881	H47
531B	12-08882	H47
531C	12-08883	H47
531D	12-08884	H47
531E	12-08885	H47
531F	12-08886	H47
5320	12-08887	H47
5321	12-08888	H47
535D	11-20421	H60
535E	12-20460	H60
535F	12-20467	H60
5360	12-20455	H60
5361	12-20450	H60
5362	12-20457	H60
5363	12-20462	H60
5364	12-20469	H60
5365	12-20471	H60
5366	12-20473	H60
5367	12-20463	H60
5368	12-20464	H60
5369	12-20458	H60
536A	12-20465	H60
536B	12-20466	H60
536C	11-20392	H60
536D	11-20385	H60
536E	11-20433	H60
536F	11-20432	H60
5370	12-20449	H60
5371	11-20429	H60
5372	12-20461	H60
5373	12-20452	H60
5374	12-20448	H60
5375	12-20447	H60
5376	12-20454	H60
5377	12-20456	H60
5378	12-20472	H60
5379	12-20468	H60
537A	12-20470	H60
537B	11-20374	H60
537D	12-20453	H60
537E	12-20459	H60
537F	11-20424	H60
5381	11-20427	H60
5382	11-20428	H60
5383	11-20430	H60
5384	11-20431	H60
5385	168321	E2
5386	168592	E2
5387	168593	E2
5388	168594	E2
5389	168595	E2
538A	168596	E2
538B	168597	E2
538C	168598	E2
538D	168599	E2
538E	12-20505	H60
538F	12-20507	H60
5391	12-20506	H60
5392	12-20501	H60
5393	12-20498	H60
5394	12-20500	H60
5395	12-20495	H60
5396	12-20497	H60
5397	12-20504	H60
5398	12-20502	H60
5399	12-20496	H60
539A	12-20503	H60
539B	12-20499	H60
539C	12-20494	H60
539D	12-20451	H60
539E	11-20426	H60
53A0	11-20368	H60
53A1	11-20344	H60
53A2	11-20400	H60
53A3	10-20339	H60
53A4	11-20342	H60
53A5	11-20347	H60
53B5	168879	F18S
53B6	168880	F18S
53B8	168882	F18S
53BA	168884	F18S
53BD	168887	F18S
53C1	168891	F18S
53C5	168895	F18S
53CA	168900	F18S
53D2	73-21858	UH1
53D3	73-21785	UH1
53D4	73-21747	UH1
53D8	11-05694	H64
53E2	11-05704	H64
53EE	168327	V22
53F7	168335	V22
53F9	168689	V22
53FA	12-00280	B350
53FB	12-00279	B350
53FE	11-00282	B350
53FF	11-00283	B350
5402	11-00284	B350
5403	11-00285	B350
5406	08-0050	V22
5407	08-0051	V22
5409	11-0057	V22
540A	11-0058	V22
540B	11-0059	V22
540C	11-0060	V22
540D	11-0061	V22
541A	09-2039	Q4
5420	10-2045	Q4
5421	11-2046	Q4
5422	11-2048	Q4
543E	76-22558	BE20
54B4	12-9506	GLEX
54B6	11-2049	Q4
54C2	14-00065	TEX2
54C3	14-00066	TEX2
54C4	14-00067	TEX2
54C5	14-00068	TEX2
54C6	11-5765	C30J
54C7	12-5756	C30J
54C8	10-5771	C30J
54C9	12-5753	C30J
54CA	12-5755	C30J
54CB	12-5757	C30J
54CC	12-5759	C30J
54CD	12-5760	C30J
54CE	12-5761	C30J
54CF	12-5762	C30J
54D0	12-5763	C30J
54D1	12-5768	C30J
54D2	12-5769	C30J
54D3	13-5770	C30J
54D4	12-5772	C30J
54D5	12-5773	C30J
54D6	13-5775	C30J
54D7	13-5776	C30J
54D8	13-5777	C30J
54D9	13-5778	C30J
54DA	166200	TEX2
54DB	166201	TEX2
54DC	166202	TEX2
54DD	166203	TEX2
54DF	166205	TEX2
54E0	166206	TEX2
54E1	166207	TEX2
54E2	166208	TEX2
54E3	166209	TEX2
54E5	166211	TEX2
54E6	166212	TEX2
54E7	166213	TEX2
54E8	166214	TEX2
54E9	166215	TEX2
54EB	166217	TEX2
54EC	166218	TEX2
54ED	166219	TEX2
54EE	166220	TEX2
54EF	166221	TEX2
54F0	166222	TEX2
54F1	166223	TEX2
54F2	166224	TEX2
54F3	166225	TEX2
54F4	166226	TEX2
54F5	166227	TEX2
54F6	166228	TEX2
54F7	166229	TEX2
54F8	166230	TEX2
54FA	166232	TEX2
55A0	164703	F18H
55D5	164952	F18H
55DD	164970	F18H
5622	13-00282	B350
5623	13-00283	B350
562F	12-01106	Q1
5631	12-01108	Q1
5639	12-01116	Q1
563A	12-01117	Q1
5643	12-20540	H60
5644	11-20410	H60
5645	11-20411	H60
5646	12-20518	H60
5647	12-20519	H60
5648	12-20520	H60
5649	12-20521	H60
564A	12-20541	H60
564B	12-20542	H60
564C	12-20435	H60
564D	12-20436	H60
564E	12-20437	H60
564F	12-20438	H60
5650	12-20439	H60
5651	12-20440	H60
5652	12-20441	H60
5653	12-20442	H60
5654	12-20443	H60
5655	12-20444	H60
5656	12-20445	H60
5657	12-20446	H60
5658	12-20474	H60
5659	12-20475	H60
565A	12-20476	H60
565B	12-20477	H60
565C	12-20478	H60
565D	12-20479	H60
565E	12-20480	H60
565F	12-20481	H60
5660	12-20482	H60
5661	12-20483	H60
5662	12-20484	H60
5663	12-20485	H60
5664	12-20486	H60
5665	12-20487	H60
5666	12-20488	H60
5667	12-20489	H60
5668	12-20490	H60
566A	12-20492	H60
566B	12-20493	H60
566C	12-20509	H60
566D	12-20510	H60
566E	12-20511	H60
566F	12-20512	H60
5670	12-20513	H60
5671	12-20514	H60
5672	12-20515	H60
5673	12-20516	H60
5674	12-20517	H60
5675	12-20522	H60
5676	12-20523	H60
5677	12-20524	H60
5678	12-20525	H60
5679	12-20526	H60
567A	12-20527	H60
567B	12-20528	H60
567C	12-20529	H60
567D	12-20530	H60
567E	12-20531	H60
567F	12-20532	H60
5680	12-20533	H60
5681	12-20534	H60
5682	12-20535	H60
5683	12-20536	H60
5684	12-20537	H60
5685	12-20538	H60
5686	12-20539	H60
5688	12-20544	H60
5689	12-20545	H60
568A	13-20546	H60
568B	13-20547	H60
568C	13-20548	H60
568D	13-20549	H60
568E	13-20550	H60
568F	13-20551	H60
5690	13-20552	H60
5691	13-20553	H60
5693	13-20555	H60
5694	13-20556	H60
5695	13-20557	H60
5696	13-20558	H60
5697	13-20559	H60
5698	13-20560	H60
5699	13-20561	H60
569A	13-20562	H60
569B	13-20563	H60
569C	13-20564	H60
569D	13-20565	H60
569E	13-20566	H60
569F	13-20567	H60
56A0	13-20568	H60
56A2	13-20570	H60
56A3	13-20571	H60
56A4	13-20572	H60
56A5	13-20573	H60
56A6	13-20574	H60
56A7	13-20575	H60
56A8	13-20576	H60
56A9	13-20577	H60
56AA	13-20578	H60
56AB	13-20579	H60
56AC	13-20580	H60
56AD	13-20581	H60
56B0	13-20584	H60
56B1	13-20585	H60
56B2	13-20586	H60
56B3	13-20587	H60
56B4	13-20588	H60
56B5	13-20589	H60
56B7	13-20591	H60
56B8	13-20592	H60
56B9	13-20593	H60
56BA	13-20594	H60
56BB	13-20595	H60
56BC	13-20596	H60
56BD	13-20597	H60
56BE	13-20598	H60
56BF	13-20599	H60
56C0	13-20600	H60
56C1	13-20601	H60
56C2	13-20602	H60
56C4	13-20604	H60
56C5	13-20605	H60
56C6	13-20606	H60
56C7	13-20607	H60
56C8	13-20608	H60
56C9	13-20609	H60
56CA	13-20610	H60
56CB	13-20611	H60
56CC	13-20612	H60
56CD	13-20613	H60
56CE	13-20614	H60
56CF	13-20615	H60
56D0	13-20616	H60
56D1	13-20617	H60
56D2	13-20618	H60
56D3	13-20619	H60
56D4	13-20620	H60
56D5	13-20621	H60
56D6	13-20622	H60
56D7	13-20623	H60
56D9	13-20625	H60
56DA	13-20626	H60
56DB	13-20627	H60
56DC	13-20628	H60
56DD	13-20629	H60
56DE	13-20630	H60
56DF	13-20631	H60
56E0	13-20632	H60
56E1	13-20633	H60
56E2	13-20634	H60
56E3	13-20635	H60
56E4	13-20636	H60
56E5	13-20637	H60
56E9	12-1003	F15
56EE	90-26310	H60
56F0	12-20434	H60
56F1	13-03001	H64
56F2	13-03002	H64
56F3	13-03003	H64
56F4	13-03004	H64
56F6	13-03006	H64
56F8	13-03008	H64
5718	168980	B737
5719	168981	B737
571A	169036	B737
571B	10-00258	BE20
571C	12-0062	V22
571D	12-0063	V22
571E	12-0064	V22
571F	12-0065	V22
5720	12-0066	V22
5721	12-0067	V22
5722	13-0068	V22
5723	13-0069	V22
5724	13-0070	V22
5725	14-0071	V22
5726	14-0072	V22
5728	14-0074	V22
5729	14-03009	H64
572B	14-03011	H64
572C	14-03012	H64
5735	169018	C30J
5736	168642	V22
5737	13-2001	E314
5738	13-2002	E314
5739	13-2003	E314
573B	13-2005	E314
5741	13-2011	E314
574D	19-46007	B762
574F	15-46009	B762
5750	19-46010	B762
5751	15-46011	B762
5752	12-00277	B350
5765	14-03021	H64
5766	14-03022	H64
5767	14-03023	H64
5768	14-03024	H64
5769	14-03025	H64
576A	14-03026	H64
576B	14-03027	H64
576C	14-03028	H64
576D	14-03029	H64
576F	14-03031	H64
5772	10-00256	BE20
5773	10-00257	BE20
5774	10-00259	BE20
5775	10-00260	BE20
5776	13-20646	H60
5777	13-20647	H60
5778	14-20648	H60
5779	14-20649	H60
577A	14-20650	H60
577B	14-20651	H60
577C	14-20652	H60
577D	14-20653	H60
577E	14-20654	H60
577F	14-20655	H60
5780	14-20656	H60
5781	14-20657	H60
5782	14-20658	H60
5783	14-20659	H60
5784	14-20660	H60
5785	14-20661	H60
5786	14-20662	H60
5787	14-20663	H60
5788	14-20664	H60
5789	14-20665	H60
578A	14-20666	H60
578B	14-20667	H60
578C	14-20668	H60
578D	14-20669	H60
578E	14-20670	H60
578F	14-20671	H60
5790	14-20672	H60
5791	14-20673	H60
5792	14-20674	H60
5793	14-20675	H60
5794	14-20676	H60
5795	14-20677	H60
5796	14-20678	H60
5797	14-20679	H60
5798	14-20680	H60
5799	14-20681	H60
579A	14-20682	H60
579B	14-20683	H60
579C	14-20684	H60
579D	14-20685	H60
579E	14-20686	H60
579F	14-20687	H60
57A0	14-20688	H60
57A1	14-20689	H60
57A2	14-20690	H60
57A3	14-20691	H60
57A4	14-20692	H60
57A5	14-20693	H60
57A6	14-20694	H60
57A7	14-20695	H60
57A8	14-20696	H60
57A9	14-20697	H60
57AA	14-20698	H60
57AB	14-20699	H60
57AC	14-20700	H60
57AD	14-20701	H60
57AE	14-20702	H60
57B4	168848	P8
57B5	168849	P8
57B6	168850	P8
57B7	168851	P8
57B8	168852	P8
57B9	168853	P8
57BB	168855	P8
57BC	168856	P8
57BD	168857	P8
57BE	168858	P8
57C0	168860	P8
57C2	168997	P8
57C3	168998	P8
57C4	168999	P8
57C5	169000	P8
57C6	169001	P8
57C7	169002	P8
57C8	169003	P8
57CA	169005	P8
57CB	169006	P8
57CC	169007	P8
57CD	169008	P8
57CE	169009	P8
57D0	169011	P8
57D1	2007	C30J
57D2	2008	C30J
57D3	2009	C30J
57D4	2010	C30J
57D5	2011	C30J
57D7	10-00261	BE20
57D8	168331	V22
57D9	168334	V22
57DD	168290	V22
5870	60-0005	B52
5871	60-0007	B52
5872	60-0008	B52
5873	60-0009	B52
5874	60-0011	B52
5875	60-0012	B52
5876	60-0013	B52
5877	60-0015	B52
5878	60-0017	B52
5879	60-0018	B52
587A	60-0021	B52
587B	60-0022	B52
587C	60-0023	B52
587D	60-0024	B52
587E	60-0025	B52
587F	60-0026	B52
5880	60-0028	B52
5881	60-0029	B52
5882	60-0032	B52
5883	60-0033	B52
5885	60-0037	B52
5886	60-0038	B52
5887	60-0041	B52
5889	60-0044	B52
588A	60-0045	B52
588D	60-0051	B52
588E	60-0052	B52
588F	60-0054	B52
5890	60-0055	B52
5891	60-0056	B52
5892	60-0057	B52
5893	60-0058	B52
5894	60-0059	B52
5895	60-0060	B52
5897	60-0062	B52
5898	61-0001	B52
5899	61-0002	B52
589A	61-0003	B52
589C	61-0005	B52
589D	61-0006	B52
589E	61-0008	B52
589F	61-0010	B52
58A0	61-0011	B52
58A1	61-0012	B52
58A2	61-0013	B52
58A3	61-0014	B52
58A4	61-0015	B52
58A5	61-0016	B52
58A6	61-0017	B52
58A7	61-0018	B52
58A8	61-0019	B52
58A9	61-0020	B52
58AA	61-0021	B52
58AC	61-0029	B52
58AD	61-0031	B52
58AE	61-0034	B52
58B0	61-0036	B52
58B2	61-0039	B52
58B3	61-0040	B52
58B4	11-00265	B350
58B5	11-00268	B350
58B6	11-00266	B350
58B7	11-00267	B350
58B8	168905	F18S
58C0	168913	F18S
58C7	168920	F18S
58CA	168923	F18S
58D3	168932	F18S
58D7	168936	F18S
58DE	166233	TEX2
58DF	166234	TEX2
58E0	166235	TEX2
58E1	166236	TEX2
58E2	166237	TEX2
58E3	166238	TEX2
58E4	166239	TEX2
58E5	166240	TEX2
58E6	166241	TEX2
58E7	166242	TEX2
58E8	166243	TEX2
58E9	166244	TEX2
58EA	166245	TEX2
58EB	166246	TEX2
58EC	166247	TEX2
58ED	166248	TEX2
58EE	166249	TEX2
58EF	166250	TEX2
58F0	166251	TEX2
58F1	166252	TEX2
58F2	166253	TEX2
58F3	166254	TEX2
58F4	166255	TEX2
58F5	166256	TEX2
58F6	166257	TEX2
58F7	166258	TEX2
58F8	166259	TEX2
58F9	166260	TEX2
58FA	166261	TEX2
5913	168322	V22
5915	168328	V22
5918	AE5918	V22
5920	168345	V22
5924	168349	V22
5926	168351	V22
5928	165842	V22
592E	166386	V22
5930	166487	V22
5934	166488	V22
593A	168301	V22
593B	168303	V22
593E	168779	H53S
593F	168780	H53S
5940	168781	H53S
5941	168782	H53S
595B	13-5784	C30J
595C	14-5788	C30J
595D	14-5791	C30J
595E	14-5796	C30J
595F	14-5802	C30J
5960	14-5804	C30J
5961	14-5807	C30J
5962	13-5783	C30J
5963	13-5786	C30J
5964	14-5789	C30J
5965	14-5795	C30J
5966	14-5800	C30J
5967	14-5805	C30J
5968	14-5809	C30J
5969	14-5787	C30J
596A	14-5793	C30J
596B	14-5797	C30J
596C	14-5803	C30J
596D	13-5782	C30J
596E	13-5785	C30J
596F	13-5790	C30J
5970	61-0007	B52
5973	14-03035	H64
5975	14-03037	H64
5976	14-03038	H64
5977	14-03039	H64
5978	14-03040	H64
5979	14-03041	H64
597B	14-03043	H64
597C	14-03044	H64
5981	14-01003	H64
5983	14-01005	H64
5984	14-01006	H64
5985	14-01007	H64
5986	14-01008	H64
598A	10-08404	H47
598B	10-08405	H47
598C	10-08406	H47
598D	10-08407	H47
598E	11-08410	H47
598F	11-08411	H47
5990	11-08412	H47
5991	11-08413	H47
5992	12-08414	H47
5993	11-08415	H47
5994	12-08403	H47
5995	12-08400	H47
5996	13-08131	H47
5997	13-08132	H47
5998	13-08432	H47
5999	13-08133	H47
599A	13-08433	H47
599B	13-08134	H47
599C	13-08434	H47
599D	13-08435	H47
599E	13-08436	H47
599F	13-08437	H47
59A0	13-08135	H47
59A1	13-08438	H47
59A2	13-08136	H47
59A3	13-08439	H47
59A4	13-08440	H47
59A5	13-08441	H47
59A6	13-08442	H47
59A7	13-08137	H47
59A8	13-08138	H47
59A9	13-08139	H47
59AA	13-08443	H47
59AB	13-08140	H47
59AC	13-08141	H47
59AD	13-08142	H47
59AE	13-08143	H47
59AF	13-08144	H47
59B0	14-08444	H47
59B1	14-08445	H47
59B3	13-08146	H47
59B4	13-08147	H47
59B5	13-08148	H47
59B6	13-08149	H47
59B7	13-08150	H47
59B8	14-08151	H47
59B9	14-08152	H47
59BB	14-08154	H47
59BC	14-08155	H47
59BD	14-08156	H47
59BE	14-08157	H47
59BF	14-08158	H47
59C0	14-08159	H47
59C1	14-08160	H47
59C2	14-08161	H47
59C3	14-08162	H47
59C4	14-08163	H47
59C5	14-08164	H47
59C6	14-08165	H47
59C7	14-08166	H47
59C8	14-08167	H47
59C9	14-08168	H47
59CA	14-08169	H47
59CB	14-08170	H47
59CC	14-08171	H47
59CD	14-08452	H47
59CE	14-08453	H47
59CF	14-08454	H47
59D0	14-08455	H47
59D1	14-08456	H47
59D2	14-08457	H47
59D3	14-08458	H47
59D4	14-08459	H47
59D5	14-08460	H47
59D6	14-08461	H47
59D7	15-08172	H47
59D8	15-08173	H47
59D9	15-08174	H47
59DA	15-08175	H47
59DB	15-08176	H47
59DC	15-08177	H47
59DD	15-08178	H47
59DE	15-08179	H47
59DF	14-08462	H47
59E0	15-08180	H47
59E1	15-08181	H47
59E2	15-08182	H47
59E3	15-08183	H47
59E4	15-08463	H47
59E5	15-08184	H47
59E6	15-08185	H47
59E7	15-08186	H47
59E8	15-08187	H47
59E9	15-08188	H47
59EA	15-08189	H47
59EB	15-08190	H47
59EC	15-08191	H47
59ED	15-08192	H47
59EE	15-08464	H47
59EF	15-08193	H47
59F0	15-08194	H47
59F1	15-08195	H47
59F2	15-08196	H47
59F3	15-08465	H47
59F4	15-08197	H47
59F5	16-08198	H47
59F6	16-08199	H47
59F7	16-08200	H47
59F8	15-08466	H47
59F9	16-08201	H47
59FA	16-08202	H47
59FB	15-08467	H47
59FC	16-08203	H47
59FD	16-08204	H47
59FE	16-08205	H47
59FF	15-08468	H47
5A00	16-08206	H47
5A01	16-08207	H47
5A02	16-08469	H47
5A03	16-08208	H47
5A04	16-08209	H47
5A05	16-08470	H47
5A06	16-08471	H47
5A07	16-08210	H47
5A08	16-08211	H47
5A0A	16-08472	H47
5A0B	16-08213	H47
5A0C	16-08214	H47
5A0D	16-08473	H47
5A0F	16-08216	H47
5A11	16-08217	H47
5A12	16-08218	H47
5A13	16-08219	H47
5A14	16-08220	H47
5A15	16-08221	H47
5A17	16-08222	H47
5A18	16-08223	H47
5A19	16-08476	H47
5A1A	16-08224	H47
5A1B	17-08225	H47
5A1C	16-08477	H47
5A1D	17-08226	H47
5A1E	17-08227	H47
5A1F	17-08228	H47
5A20	17-08229	H47
5A21	17-08230	H47
5A22	17-08231	H47
5A23	17-08232	H47
5A28	17-08237	H47
5A29	17-08238	H47
5A2A	17-08239	H47
5A2B	17-08240	H47
5A2C	17-08241	H47
5A2D	17-08242	H47
5A2E	17-08243	H47
5A2F	17-08244	H47
5A30	17-08245	H47
5A31	17-08246	H47
5A37	10-08409	H47
5A38	11-08416	H47
5A3A	11-08417	H47
5A3B	14-08447	H47
5A3C	14-08451	H47
5A3E	14-08446	H47
5A3F	10-08408	H47
5A42	11-00286	B350
5A46	14-72346	EC45
5A47	14-72347	EC45
5A48	14-72348	EC45
5A49	14-72349	EC45
5A4A	14-72350	EC45
5A4B	14-72351	EC45
5A4C	14-72352	EC45
5A4D	14-72353	EC45
5A4E	14-72354	EC45
5A4F	14-72355	EC45
5A50	14-72356	EC45
5A51	14-72357	EC45
5A52	14-72358	EC45
5A53	15-72359	EC45
5A54	15-72360	EC45
5A55	15-72361	EC45
5A56	15-72362	EC45
5A57	15-72363	EC45
5A58	15-72364	EC45
5A59	15-72365	EC45
5A5A	15-72366	EC45
5A5B	15-72367	EC45
5A5C	15-72368	EC45
5A5D	15-72369	EC45
5A5E	15-72370	EC45
5A5F	15-72371	EC45
5A60	15-72372	EC45
5A61	15-72373	EC45
5A62	15-72374	EC45
5A63	15-72375	EC45
5A64	15-72376	EC45
5A65	15-72377	EC45
5A66	15-72378	EC45
5A67	15-72379	EC45
5A68	15-72380	EC45
5A69	15-72381	EC45
5A6A	15-72382	EC45
5A6B	15-72383	EC45
5A6C	15-72384	EC45
5A6D	15-72385	EC45
5A6E	15-72386	EC45
5A6F	15-72387	EC45
5A70	15-72388	EC45
5A71	15-72389	EC45
5A72	15-72390	EC45
5A73	15-72391	EC45
5A74	15-72392	EC45
5A75	15-72393	EC45
5A76	15-72394	EC45
5A77	15-72395	EC45
5A78	15-72396	EC45
5A79	15-72397	EC45
5A7A	15-72398	EC45
5A7B	15-72399	EC45
5A7C	15-72400	EC45
5A7D	15-72401	EC45
5A7E	15-72402	EC45
5A7F	15-72403	EC45
5A80	15-72404	EC45
5A81	15-72405	EC45
5A82	15-72406	EC45
5A83	15-72407	EC45
5A84	15-72408	EC45
5A85	15-72409	EC45
5A86	15-72410	EC45
5A87	15-72411	EC45
5A88	15-72412	EC45
5A89	18-72413	EC45
5A8A	18-72414	EC45
5A8B	18-72415	EC45
5A8C	18-72416	EC45
5A8D	18-72417	EC45
5A8E	18-72418	EC45
5A8F	18-72419	EC45
5A90	18-72420	EC45
5A91	18-72421	EC45
5A92	18-72422	EC45
5A93	18-72423	EC45
5A94	18-72424	EC45
5A95	18-72425	EC45
5A96	18-72426	EC45
5A97	18-72427	EC45
5A98	18-72428	EC45
5A9B	168603	V22
5A9D	168605	V22
5A9E	168606	V22
5A9F	168607	V22
5AA0	168608	V22
5AA1	168609	V22
5AA4	168612	V22
5AA6	168614	V22
5AA8	168616	V22
5AAB	168619	V22
5AAC	168620	V22
5AAD	168621	V22
5AAF	168610	V22
5AB0	15-20718	H60
5AB1	15-20719	H60
5AB2	15-20720	H60
5AB3	15-20721	H60
5AB4	15-20722	H60
5AB5	15-20723	H60
5AB6	15-20724	H60
5AB7	15-20725	H60
5AB8	15-20726	H60
5AB9	15-20727	H60
5ABA	15-20728	H60
5ABB	15-20729	H60
5ABC	15-20730	H60
5ABD	15-20731	H60
5ABE	15-20732	H60
5ABF	15-20733	H60
5AC0	15-20734	H60
5AC1	15-20735	H60
5AC2	15-20736	H60
5AC3	15-20737	H60
5AC4	15-20738	H60
5AC5	15-20739	H60
5AC6	15-20740	H60
5AC7	15-20741	H60
5AC8	15-20742	H60
5AC9	15-20743	H60
5ACA	15-20744	H60
5ACB	15-20745	H60
5ACC	15-20746	H60
5ACD	15-20747	H60
5ACE	15-20748	H60
5ACF	15-20749	H60
5AD0	15-20750	H60
5AD1	15-20751	H60
5AD2	15-20752	H60
5AD3	15-20753	H60
5AD4	15-20754	H60
5AD5	15-20755	H60
5AD6	15-20756	H60
5AD7	15-20757	H60
5AD8	15-20758	H60
5AD9	15-20759	H60
5ADA	15-20760	H60
5ADB	15-20761	H60
5ADC	15-20762	H60
5ADD	15-20763	H60
5ADE	15-20764	H60
5ADF	15-20765	H60
5AE0	15-20766	H60
5AE1	15-20767	H60
5AE2	15-20768	H60
5AE3	15-20769	H60
5AE4	15-20770	H60
5AE5	15-20771	H60
5AE6	15-20772	H60
5AE7	15-20773	H60
5AE8	15-20774	H60
5AE9	15-20775	H60
5AEA	15-20776	H60
5AEB	15-20777	H60
5AEC	15-20778	H60
5AED	15-20779	H60
5AEE	15-20780	H60
5AEF	15-20781	H60
5AF0	15-20782	H60
5B0F	15-03069	H64
5B13	07-61011	BE30
5B14	07-61012	B350
5B16	07-61015	B350
5B17	07-61016	B350
5B19	07-61018	BE30
5B1B	169114	F18S
5B1F	169118	F18S
5B26	169125	F18S
5B27	169126	F18S
5B28	169127	F18S
5B29	169128	F18S
5B2A	169129	F18S
5B2C	169131	F18S
5B2D	169132	F18S
5B2E	169133	F18S
5B2F	169134	F18S
5B35	169140	F18S
5B36	169141	F18S
5B37	169142	F18S
5B38	169143	F18S
5B39	169144	F18S
5B3A	169145	F18S
5B3B	169146	F18S
5B3D	14-20703	H60
5B3E	14-20704	H60
5B3F	14-20705	H60
5B40	14-20706	H60
5B41	14-20707	H60
5B42	14-20708	H60
5B43	14-20709	H60
5B44	14-20710	H60
5B45	14-20711	H60
5B46	14-20712	H60
5B47	14-20713	H60
5B48	14-20714	H60
5B49	14-20715	H60
5B67	169225	C30J
5B68	169226	C30J
5B69	169227	C30J
5B6A	169228	C30J
5B6B	169229	C30J
5B6C	169230	C30J
5B6D	05-0409	PC12
5B6E	06-0740	PC12
5B6F	05-0419	PC12
5B70	05-0424	PC12
5B71	05-0446	PC12
5B72	05-0447	PC12
5B73	05-0482	PC12
5B74	07-0488	PC12
5B75	08-0519	PC12
5B76	05-0556	PC12
5B77	05-0573	PC12
5B79	05-0597	PC12
5B7B	04-0688	PC12
5B7C	07-0691	PC12
5B7E	08-0700	PC12
5B7F	07-0711	PC12
5B80	07-0712	PC12
5B81	08-0718	PC12
5B83	07-0777	PC12
5B84	08-0790	PC12
5B85	07-0808	PC12
5B86	08-0809	PC12
5B87	07-0821	PC12
5B88	08-0822	PC12
5B89	07-0829	PC12
5B8A	08-0835	PC12
5B8B	07-0838	PC12
5B8C	07-0840	PC12
5B8D	08-0850	PC12
5BA9	169062	E2
5BAA	169063	E2
5BAB	169064	E2
5BAC	13-20639	H60
5BAD	13-20640	H60
5BAE	13-20641	H60
5BAF	13-20642	H60
5BB0	13-20643	H60
5BB1	13-20644	H60
5BB2	13-20645	H60
5BB4	A60-010	H60	A
5BBD	16-46012	B762
5BBE	16-46013	B762
5BBF	15-46014	B762
5BC0	16-46015	B762
5BC1	16-46016	B762
5BC2	16-46017	B762
5BC3	16-46018	B762
5BC4	16-46019	B762
5BC5	16-46020	B762
5BC6	16-46021	B762
5BC7	16-46022	B762
5BC8	16-46023	B762
5BC9	91-0327	F15
5BCA	15-20789	H60
5BCB	15-20783	H60
5BCC	15-20784	H60
5BCD	15-20785	H60
5BD0	15-20788	H60
5BD1	15-20790	H60
5BD2	15-20791	H60
5BD3	15-20792	H60
5BD4	15-20793	H60
5BD5	15-20794	H60
5BD6	15-20795	H60
5BD7	15-20796	H60
5BD8	15-20797	H60
5BD9	15-20798	H60
5BDA	15-20799	H60
5BDB	15-20800	H60
5BDC	15-20801	H60
5BDD	15-20802	H60
5BDE	15-20803	H60
5BDF	15-20804	H60
5BE0	15-20805	H60
5BE1	12-02901	H47
5BE2	13-02902	H47
5BE3	13-02903	H47
5BE4	13-02904	H47
5BE5	13-02905	H47
5BE6	13-02906	H47
5BE7	13-02907	H47
5BE8	13-02908	H47
5BEB	15-03072	H64
5BEC	15-03073	H64
5BED	15-03074	H64
5BEE	15-03075	H64
5BEF	15-03076	H64
5BF3	15-03080	H64
5BF4	16-03081	H64
5BF5	16-03082	H64
5BF7	16-03084	H64
5BF8	16-03085	H64
5BF9	16-03086	H64
5BFB	16-03088	H64
5BFE	16-03091	H64
5BFF	16-03092	H64
5C16	762256	DHC6
5C17	793255	DHC6
5C1F	169239	UH1Y
5C20	169240	UH1Y
5C52	169290	UH1Y
5C54	15-5810	C30J
5C55	15-20806	H60
5C56	169324	P8
5C57	169325	P8
5C58	169326	P8
5C5A	169328	P8
5C5B	169329	P8
5C5C	169330	P8
5C5D	169331	P8
5C5E	169332	P8
5C5F	169333	P8
5C60	169334	P8
5C62	169336	P8
5C63	169337	P8
5C64	169338	P8
5C65	169339	P8
5C66	169340	P8
5C67	169341	P8
5C68	169342	P8
5C69	169343	P8
5C6A	169344	P8
5C6B	169345	P8
5C6D	169347	P8
5C6E	169348	P8
5C71	168457	Q4
5C73	168459	Q4
5C74	168460	Q4
5C76	168462	Q4
5C77	169319	B350
5C8C	15-00352	DH8C
5C8D	15-00348	DH8C
5C8E	15-00358	DH8C
5C8F	15-00338	DH8C
5C90	15-00577	DH8C
5C91	15-00332	DH8C
5C92	11-00287	B350
5C93	15-5811	C30J
5C94	15-5813	C30J
5C95	14-5815	C30J
5C96	15-5817	C30J
5C97	15-5822	C30J
5C98	15-5825	C30J
5C99	15-5826	C30J
5C9A	15-5827	C30J
5C9B	15-5828	C30J
5C9C	15-5829	C30J
5C9D	15-5831	C30J
5C9E	15-5832	C30J
5C9F	15-5842	C30J
5CA0	05-27040	H60
5CA2	01-26881	H60
5CA3	05-27065	H60
5CA4	05-27068	H60
5CA5	05-27039	H60
5CA6	05-27045	H60
5CA7	05-27048	H60
5CA8	05-27051	H60
5CA9	05-27056	H60
5CAA	06-27075	H60
5CAB	05-27064	H60
5CAC	05-27066	H60
5CAD	06-27076	H60
5CAF	01-26885	H60
5CB0	01-26886	H60
5CB1	02-26970	H60
5CB2	02-26971	H60
5CB3	03-26979	H60
5CB4	03-26992	H60
5CB8	90-26224	H60
5CB9	90-26230	H60
5CBA	90-26236	H60
5CBB	89-26205	H60
5CBC	89-26207	H60
5CBD	91-26402	H60
5CC4	89-26195	H60
5CC5	90-26239	H60
5CC6	97-26779	H60
5CC9	92-26467	H60
5CCA	88-26107	H60
5CCB	90-26225	H60
5CCC	90-26231	H60
5CCE	89-26206	H60
5CCF	89-26209	H60
5CD0	91-26403	H60
5CD1	87-26007	H60
5CD6	89-26196	H60
5CD7	97-26774	H60
5CDA	88-26112	H60
5CDC	88-26115	H60
5CDD	90-26226	H60
5CDE	90-26232	H60
5CDF	90-26238	H60
5CE0	89-26208	H60
5CE1	89-26210	H60
5CE2	91-26405	H60
5CE5	91-26357	H60
5CEA	88-26113	H60
5CEB	92-26470	H60
5CED	90-26227	H60
5CEE	90-26233	H60
5CEF	89-26212	H60
5CF0	89-26211	H60
5CF1	91-26406	H60
5CF6	09-08070	H47
5CFA	88-26114	H60
5CFB	92-26471	H60
5CFE	90-26234	H60
5D08	89-26202	H60
5D09	92-26468	H60
5D0B	90-26229	H60
5D0C	90-26235	H60
5D0E	92-26463	H60
5D0F	92-26462	H60
5D10	97-26777	H60
5D13	89-26203	H60
5D14	162497	H53S
5D15	162503	H53S
5D16	162504	H53S
5D17	162507	H53S
5D18	162508	H53S
5D19	162510	H53S
5D1A	162513	H53S
5D1C	163054	H53S
5D1D	163055	H53S
5D1E	163056	H53S
5D1F	163066	H53S
5D24	164765	H53S
5D25	164766	H53S
5D26	164767	H53S
5D27	164768	H53S
5D28	164769	H53S
5D2A	164771	H53S
5D2B	164773	H53S
5D2D	164862	H53S
5D2E	164863	H53S
5D2F	164864	H53S
5D30	16-20807	H60
5D31	16-20808	H60
5D32	16-20809	H60
5D33	16-20810	H60
5D34	16-20811	H60
5D35	16-20812	H60
5D36	16-20813	H60
5D37	16-20814	H60
5D38	16-20815	H60
5D39	16-20816	H60
5D3A	16-20817	H60
5D3B	16-20818	H60
5D3C	16-20819	H60
5D3D	16-20820	H60
5D3E	16-20821	H60
5D3F	16-20822	H60
5D40	16-20823	H60
5D41	16-20824	H60
5D42	16-20825	H60
5D44	16-20827	H60
5D45	16-20828	H60
5D46	16-20829	H60
5D47	16-20830	H60
5D48	16-20831	H60
5D49	16-20832	H60
5D4A	16-20833	H60
5D4B	16-20834	H60
5D4C	16-20835	H60
5D4D	16-20836	H60
5D4E	16-20837	H60
5D4F	16-20838	H60
5D50	16-20839	H60
5D51	16-20840	H60
5D52	16-20841	H60
5D53	16-20842	H60
5D54	16-20843	H60
5D55	16-20844	H60
5D56	16-20845	H60
5D57	16-20846	H60
5D58	16-20847	H60
5D59	16-20848	H60
5D5A	16-20849	H60
5D5B	16-20850	H60
5D5C	16-20851	H60
5D5D	16-20852	H60
5D5E	16-20853	H60
5D5F	16-20854	H60
5D60	16-20855	H60
5D61	16-20856	H60
5D62	16-20857	H60
5D63	16-20858	H60
5D64	16-20859	H60
5D65	16-20860	H60
5D66	16-20861	H60
5D67	16-20862	H60
5D68	16-20863	H60
5D69	16-20864	H60
5D6A	16-20865	H60
5D6B	16-20866	H60
5D6C	16-20867	H60
5D6D	16-20868	H60
5D6E	16-20869	H60
5D6F	16-20870	H60
5D70	16-20871	H60
5D71	16-20872	H60
5D72	16-20873	H60
5D73	16-20874	H60
5D74	16-20875	H60
5D75	16-20876	H60
5D76	16-20877	H60
5D77	16-20878	H60
5D79	16-20879	H60
5D7A	16-20880	H60
5D7B	16-20881	H60
5D7C	16-20882	H60
5D7D	16-20883	H60
5D7E	16-20884	H60
5D7F	16-20885	H60
5D80	16-20886	H60
5D81	16-20887	H60
5D82	16-20888	H60
5D83	16-20889	H60
5D84	16-20890	H60
5D85	16-20891	H60
5D86	16-20892	H60
5D87	16-20893	H60
5D88	16-20894	H60
5D8A	16-20896	H60
5D8B	16-20897	H60
5D8C	16-20898	H60
5D8D	16-20899	H60
5D8E	16-20900	H60
5D8F	16-20901	H60
5D90	16-20902	H60
5D91	16-20903	H60
5D92	16-20904	H60
5D93	16-20905	H60
5D94	16-20906	H60
5D95	16-20907	H60
5D96	16-20908	H60
5D97	16-20909	H60
5D98	16-20910	H60
5D99	16-20911	H60
5D9A	16-20912	H60
5D9B	16-20913	H60
5DBE	169211	F18S
5DBF	169212	F18S
5DC0	169213	F18S
5DC2	169215	F18S
5DC4	169217	F18S
5DC5	169218	F18S
5DC6	169219	F18S
5DC7	169220	F18S
5DC8	16-20914	H60
5DCA	168623	V22
5DCB	168624	V22
5DCC	168625	V22
5DCD	168626	V22
5DCE	168627	V22
5DCF	168628	V22
5DD0	168629	V22
5DD2	168631	V22
5DD4	168633	V22
5DD6	168635	V22
5DD9	168638	V22
5DDA	16-03093	H64
5DDB	16-03094	H64
5DDC	16-03095	H64
5DDD	16-03096	H64
5DDE	16-03097	H64
5DDF	16-03098	H64
5DE0	16-03099	H64
5DE1	16-03100	H64
5DE2	16-03101	H64
5DE3	16-03102	H64
5DE4	16-03103	H64
5DE5	16-03104	H64
5DE6	16-03105	H64
5DE7	14-01011	H64
5DE8	14-01012	H64
5DE9	14-01013	H64
5DEA	14-01014	H64
5DEB	2012	C30J
5DEC	2013	C30J	A
5DED	2014	C30J
5DEE	2015	C30J
5DEF	2016	C30J
5DF0	2017	C30J	A
5DF1	2018	C30J	A
5DF2	2019	C30J	A
5DF6	15-5833	C30J
5DF7	16-5834	C30J
5DF8	16-5835	C30J
5DF9	16-5837	C30J
5DFA	16-5838	C30J
5DFB	16-5839	C30J
5DFC	16-5840	C30J
5DFD	16-5841	C30J
5DFE	16-5843	C30J
5DFF	16-5844	C30J
5E00	16-5846	C30J
5E01	16-5850	C30J
5E02	16-5852	C30J
5E03	16-5857	C30J
5E04	16-5858	C30J
5E05	17-46024	B762
5E06	17-46025	B762
5E07	17-46026	B762
5E08	17-46027	B762
5E09	17-46028	B762
5E0A	17-46029	B762
5E0B	17-46030	B762
5E0C	17-46031	B762
5E0D	17-46032	B762
5E0E	17-46033	B762
5E0F	17-46034	B762
5E10	17-46035	B762
5E11	17-46036	B762
5E12	17-46037	B762
5E13	17-46038	B762
5E14	162059	B06
5E15	163325	B06
5E16	16-20915	H60
5E17	169349	P8
5E18	169426	P8
5E48	169066	E2
5E4A	169068	E2
5E4C	169070	E2
5E4D	169071	E2
5E50	169074	E2
5E51	169075	E2
5E53	169077	E2
5E54	169078	E2
5E55	169079	E2
5E56	169080	E2
5E57	169081	E2
5E59	169083	E2
5E5C	16-20916	H60
5E60	16-03107	H64
5E61	16-03108	H64
5E63	16-03110	H64
5E64	16-03111	H64
5E65	16-03112	H64
5E66	16-03113	H64
5E67	16-03114	H64
5E69	17-03116	H64
5E6A	17-03117	H64
5E6C	17-03119	H64
5E6F	17-03122	H64
5E70	17-03123	H64
5E73	14-01015	H64
5E74	14-01016	H64
5E75	14-01017	H64
5E76	169178	S92
5E77	169177	S92
5E78	169179	S92
5E79	169180	S92
5E7A	16-01181	Q1
5E7B	16-01182	Q1
5E7C	16-01183	Q1
5E7D	16-01184	Q1
5E7E	168639	V22
5E83	168644	V22
5E84	168645	V22
5E85	168646	V22
5E87	168648	V22
5E8A	168651	V22
5E8C	168653	V22
5E8E	161695	B06
5E8F	161696	B06
5E90	161697	B06
5E91	161698	B06
5E92	161699	B06
5E93	161700	B06
5E94	161701	B06
5E95	162803	B06
5E96	162804	B06
5E97	162805	B06
5E98	162806	B06
5E99	162809	B06
5E9A	162810	B06
5E9B	163312	B06
5E9C	163313	B06
5E9D	163314	B06
5E9E	163315	B06
5E9F	163316	B06
5EA0	163317	B06
5EA1	163318	B06
5EA2	163319	B06
5EA3	163321	B06
5EA4	163322	B06
5EA5	163323	B06
5EA6	163324	B06
5EA7	163326	B06
5EA8	163328	B06
5EA9	163330	B06
5EAA	163331	B06
5EAB	163333	B06
5EAC	163338	B06
5EAD	163339	B06
5EAE	163340	B06
5EAF	163341	B06
5EB0	163342	B06
5EB1	163343	B06
5EB2	163344	B06
5EB3	163345	B06
5EB4	163346	B06
5EB5	163347	B06
5EB6	162013	B06
5EB7	162014	B06
5EB8	162015	B06
5EB9	162016	B06
5EBA	162020	B06
5EBB	162021	B06
5EBC	162022	B06
5EBD	162024	B06
5EBE	162025	B06
5EBF	162026	B06
5EC0	162027	B06
5EC1	162029	B06
5EC2	162030	B06
5EC3	162031	B06
5EC5	162034	B06
5EC6	162035	B06
5EC7	162036	B06
5EC8	162038	B06
5EC9	162039	B06
5ECA	162040	B06
5ECB	162041	B06
5ECC	162042	B06
5ECD	162043	B06
5ECE	162044	B06
5ED0	162046	B06
5ED1	162047	B06
5ED2	162048	B06
5ED3	162049	B06
5ED4	162050	B06
5ED5	162051	B06
5ED6	162052	B06
5ED7	162053	B06
5ED8	162054	B06
5ED9	162056	B06
5EDA	162057	B06
5EDB	162058	B06
5EDC	162060	B06
5EDD	162061	B06
5EDE	162062	B06
5EDF	162063	B06
5EE0	162064	B06
5EE1	162065	B06
5EE2	162066	B06
5EE3	162067	B06
5EE4	162666	B06
5EE7	162669	B06
5EE8	162670	B06
5EE9	162671	B06
5EEA	162672	B06
5EEB	162674	B06
5EEC	162675	B06
5EED	162676	B06
5EEE	162677	B06
5EEF	162678	B06
5EF0	162679	B06
5EF1	162680	B06
5EF2	162681	B06
5EF3	162683	B06
5EF4	162684	B06
5EF7	162811	B06
5EF8	162812	B06
5EF9	162813	B06
5EFA	162814	B06
5EFB	162815	B06
5EFC	162816	B06
5EFD	162817	B06
5EFF	162819	B06
5F00	162820	B06
5F01	162821	B06
5F03	162823	B06
5F04	150191	DHC2
5F05	164525	DHC2
5F06	144670	DHC3
5F08	16-5849	C30J
5F09	16-5851	C30J
5F0A	16-5853	C30J
5F0B	16-5855	C30J
5F0C	16-5856	C30J
5F0D	16-5859	C30J
5F0E	16-5861	C30J
5F0F	16-5862	C30J
5F10	16-5863	C30J
5F11	14-5864	C30J
5F12	17-5865	C30J
5F13	17-5867	C30J
5F14	17-5869	C30J
5F15	17-5870	C30J
5F16	10-20321	H60
5F17	10-20322	H60
5F18	10-20323	H60
5F19	16-00276	DH8C
5F1A	16-00397	DH8C
5F29	169398	F18S
5F31	169406	F18S
5F37	169542	P8
5F38	169543	P8
5F39	169544	P8
5F3A	169545	P8
5F3B	169546	P8
5F3C	169547	P8
5F3D	169548	P8
5F3E	169549	P8
5F3F	169550	P8
5F40	169551	P8
5F41	169552	P8
5F42	169553	P8
5F43	169554	P8
5F44	169555	P8
5F45	169556	P8
5F46	169557	P8
5F47	169558	P8
5F48	169559	P8
5F49	169560	P8
5F4B	169562	P8
5F4C	169563	P8
5F4D	169564	P8
5F4E	169565	P8
5F4F	169566	P8
5F50	169567	P8
5F51	169568	P8
5F52	169569	P8
5F53	169570	P8
5F54	169571	P8
5F55	169572	P8
5F76	17-03126	H64
5F79	17-03129	H64
5F7A	17-03130	H64
5F80	17-03136	H64
5F82	17-03138	H64
5F83	17-03139	H64
5F84	17-03140	H64
5F85	17-03141	H64
5F87	17-03143	H64
5F88	17-03144	H64
5F8B	17-03147	H64
5F8C	17-03148	H64
5F8D	17-03149	H64
5F8F	17-03151	H64
5F90	17-03152	H64
5F92	18-46039	B762
5F93	18-46040	B762
5F94	18-46041	B762
5F95	18-46042	B762
5F96	18-46043	B762
5F97	18-46044	B762
5F98	18-46045	B762
5F99	18-46046	B762
5F9A	18-46047	B762
5F9B	18-46048	B762
5F9C	18-46049	B762
5F9D	18-46050	B762
5F9E	18-46051	B762
5F9F	18-46052	B762
5FA0	18-46053	B762
5FA1	18-46054	B762
5FA2	18-46055	B762
5FA3	18-46056	B762
5FA4	11-46057	B762
5FA5	11-46058	B762
5FA6	11-46059	B762
5FA7	11-46060	B762
5FA8	21-46061	B762
5FA9	19-46062	B762
5FAA	19-46063	B762
5FAB	19-46064	B762
5FAC	19-46065	B762
5FAD	15-46066	B762
5FAE	15-46067	B762
5FAF	15-46068	B762
5FE7	82-23836	DHC6
5FE8	76-22565	DHC6
5FEA	163057	H53S
6004	17-20917	H60
6005	17-20918	H60
6006	17-20919	H60
6007	17-20920	H60
6008	17-20921	H60
6009	17-20922	H60
600A	17-20923	H60
600B	17-20924	H60
600C	17-20925	H60
600D	17-20926	H60
600E	17-20927	H60
600F	17-20928	H60
6010	17-20929	H60
6011	17-20930	H60
6012	17-20931	H60
6013	17-20932	H60
6014	17-20933	H60
6015	17-20934	H60
6016	17-20935	H60
6017	17-20936	H60
6018	17-20937	H60
6019	17-20938	H60
601A	17-20939	H60
601B	17-20940	H60
601C	17-20941	H60
601D	17-20942	H60
601E	17-20943	H60
601F	17-20944	H60
6020	17-20945	H60
6021	17-20946	H60
6022	17-20947	H60
6023	17-20948	H60
6024	17-20949	H60
6025	17-20950	H60
6026	17-20951	H60
6027	17-20952	H60
6028	17-20953	H60
6029	17-20954	H60
602A	17-20955	H60
602B	17-20956	H60
602C	17-20957	H60
602D	17-20958	H60
602E	17-20959	H60
602F	17-20960	H60
6030	17-20961	H60
6031	17-20962	H60
6032	17-20963	H60
6033	17-20964	H60
6034	17-20965	H60
6035	17-20966	H60
6036	17-20967	H60
6037	17-20968	H60
6038	17-20969	H60
6039	17-20970	H60
603A	17-20971	H60
603B	17-20972	H60
603C	17-20973	H60
603D	17-20974	H60
603E	17-20975	H60
603F	17-20976	H60
6040	17-20977	H60
6041	80-23378	BE20
6042	169532	C30J
6043	169533	C30J
6044	169534	C30J
6045	169535	C30J
6046	169536	C30J
6047	17-03154	H64
6048	17-03155	H64
6049	17-03156	H64
604A	17-03157	H64
604B	17-03158	H64
604D	17-03160	H64
604E	17-03161	H64
604F	17-03162	H64
6051	17-03164	H64
6052	17-03165	H64
6053	17-03166	H64
6055	17-03168	H64
6056	17-03169	H64
6057	17-03170	H64
6059	17-03172	H64
605A	17-03173	H64
605B	17-03174	H64
605C	17-03175	H64
605D	17-03176	H64
605F	17-03178	H64
6060	17-03179	H64
6061	17-03180	H64
6062	17-03181	H64
6063	17-03182	H64
6065	17-03184	H64
6066	17-03185	H64
6067	17-03186	H64
6068	17-03187	H64
6069	17-03188	H64
606A	17-03189	H64
606B	17-03190	H64
606C	17-03191	H64
606D	17-03192	H64
606E	17-03193	H64
606F	17-03194	H64
6070	17-03195	H64
6072	17-03197	H64
60AF	17-2029	E314
60B0	17-2030	E314
60B1	17-2031	E314
60B2	17-2032	E314
60C8	168656	V22
60C9	168657	V22
60CB	168659	V22
60CD	168661	V22
60D1	168665	V22
60D2	168666	V22
60D3	168667	V22
60D4	168668	V22
60D5	168669	V22
60D6	168670	V22
60DC	166385	V22
60DD	166387	V22
60E6	166686	V22
60E9	160472	T34T
60EA	160475	T34T
60EB	160478	T34T
60EC	160490	T34T
60ED	160506	T34T
60EE	160531	T34T
60EF	160937	T34T
60F0	160945	T34T
60F1	160949	T34T
60F2	161053	T34T
60F3	161832	T34T
60F4	161846	T34T
60F5	162635	T34T
60F6	164160	T34T
60F7	164162	T34T
60F8	09-1118	BE20
60FA	169642	F18S
60FB	169643	F18S
60FC	169644	F18S
60FE	169646	F18S
60FF	169647	F18S
6101	169649	F18S
6106	169654	F18S
610A	163186	HAR
614A	165002	HAR
6155	165587	HAR
6169	165428	HAR
6175	164129	HAR
618C	169189	S92
618E	169191	S92
6191	169194	S92
6193	169196	S92
6194	169197	S92
6195	169198	S92
6196	169199	S92
6197	79-23256	DHC6
61AD	14-0075	V22
61B3	82-23835	DHC6
61B4	169019	H53S
61B5	169020	H53S
61B6	169021	H53S
61B7	169022	H53S
61B8	169662	H53S
61B9	169663	H53S
61BD	761526	F5
61BE	761527	F5
61BF	761528	F5
61C0	761531	F5
61C1	761532	F5
61C2	761534	F5
61C3	761535	F5
61C4	761536	F5
61C5	761537	F5
61C6	761541	F5
61C9	761546	F5
61CA	761547	F5
61CB	761548	F5
61CC	761549	F5
61CE	761551	F5
61CF	761552	F5
61D0	761554	F5
61D1	761556	F5
61D3	761559	F5
61D6	761564	F5
61D9	761570	F5
61DA	761571	F5
61DB	761572	F5
61DC	761574	F5
61DD	761575	F5
61DE	761576	F5
61DF	761578	F5
61E0	761579	F5
61E5	761580	F5
61E6	761586	F5
61F6	17-5872	C30J
61F7	16-5873	C30J
61F8	17-5875	C30J
61F9	17-5876	C30J
61FA	17-5877	C30J
61FB	17-5878	C30J
61FC	18-5879	C30J
61FD	16-5880	C30J
61FE	18-5882	C30J
61FF	16-5883	C30J
6200	18-5884	C30J
6201	18-5886	C30J
6202	18-5888	C30J
6203	18-5891	C30J
6204	17-5892	C30J
6205	15-5893	C30J
6206	16-5895	C30J
6207	18-20995	H60
6209	18-20997	H60
620A	18-21098	H60
620B	18-20999	H60
620C	18-21000	H60
620D	18-21001	H60
620E	18-21002	H60
620F	18-21003	H60
6210	18-21004	H60
6211	18-21005	H60
6212	18-21006	H60
6213	18-21007	H60
6214	18-21008	H60
6215	18-21009	H60
6216	18-21010	H60
6217	18-21011	H60
6218	18-21012	H60
6219	18-21013	H60
621A	18-21014	H60
621B	18-21015	H60
621C	18-21016	H60
621D	18-21017	H60
621E	18-21018	H60
6220	18-21020	H60
6221	18-21021	H60
6222	18-21022	H60
6223	18-21023	H60
6224	18-21024	H60
6225	18-21025	H60
6226	18-21026	H60
6227	18-21027	H60
6228	69-6600	B212
6229	69-6604	B212
622A	69-6654	B212
622B	69-6610	B212
622C	69-6612	B212
622D	69-6613	B212
622E	69-6614	B212
622F	69-6617	B212
6230	69-6652	B212
6231	69-6626	B212
6232	69-6630	B212
6234	69-6636	B212
6235	69-6637	B212
6236	69-6639	B212
6237	69-6641	B212
6238	69-6642	B212
6239	69-6645	B212
623A	69-6646	B212
623B	69-6648	B212
623C	69-6649	B212
623D	69-6650	B212
623E	69-6653	B212
6240	69-6655	B212
6245	69-6661	B212
6246	69-6663	B212
6247	69-6665	B212
6248	69-6666	B212
624B	69-6669	B212
624C	69-7536	B212
624D	69-7537	B212
624E	69-7538	B212
624F	69-6668	B212
6251	74-59188	B212
6255	16-00374	DH8C
6257	169171	Q4
6258	169172	Q4
6259	169173	Q4
625B	169307	Q4
625C	169537	Q4
625D	169538	Q4
6262	163605	HAWK
6266	163609	HAWK
626A	163614	HAWK
626B	163615	HAWK
626F	163619	HAWK
6275	163625	HAWK
6278	163630	HAWK
627A	163633	HAWK
627D	163637	HAWK
6284	163647	HAWK
628B	163654	HAWK
6290	165057	HAWK
6298	165065	HAWK
6299	165067	HAWK
629F	165074	HAWK
62A3	165080	HAWK
62A5	165082	HAWK
62A7	165084	HAWK
62A8	165085	HAWK
62A9	165086	HAWK
62AB	165089	HAWK
62AC	165090	HAWK
62AF	165457	HAWK
62B0	165459	HAWK
62B1	165460	HAWK
62B4	165463	HAWK
62B5	165464	HAWK
62B6	165465	HAWK
62B9	165468	HAWK
62BE	165473	HAWK
62BF	165474	HAWK
62C0	165477	HAWK
62C3	165479	HAWK
62C4	165480	HAWK
62C5	165481	HAWK
62C6	165482	HAWK
62C7	165483	HAWK
62C8	165484	HAWK	A
62C9	165485	HAWK
62CA	165488	HAWK
62CB	165489	HAWK
62CC	165490	HAWK
62CF	165493	HAWK
62D1	165495	HAWK
62D5	165598	HAWK
62D7	165600	HAWK
62D8	165601	HAWK
62DB	165604	HAWK
62DC	165605	HAWK
62DF	165608	HAWK
62E0	165610	HAWK
62E4	165613	HAWK
62E5	165614	HAWK
62E6	165615	HAWK
62EA	165621	HAWK
62EB	165620	HAWK
62ED	165622	HAWK
62F2	165627	HAWK
62F3	165628	HAWK
62F4	165629	HAWK
62F5	165630	HAWK
62F7	165633	HAWK
62F8	165634	HAWK
62F9	165635	HAWK
62FB	165637	HAWK
62FC	165638	HAWK
62FF	165641	HAWK
6307	167077	HAWK
6308	167078	HAWK
630C	167083	HAWK
6311	167088	HAWK
6313	167090	HAWK
6318	167095	HAWK
6319	167096	HAWK
631B	167098	HAWK
6320	167103	HAWK
6324	16-72429	EC45
6325	16-72430	EC45
6326	16-72431	EC45
6327	16-72432	EC45
6328	19-72433	EC45
6329	19-72434	EC45
632A	19-72435	EC45
632B	19-72436	EC45
632C	19-72437	EC45
632D	19-72438	EC45
632E	19-72439	EC45
6330	19-72440	EC45
6331	19-72441	EC45
6332	19-72442	EC45
6333	19-72443	EC45
6334	19-72444	EC45
6335	19-72445	EC45
6336	19-72446	EC45
6337	19-72447	EC45
6338	19-72448	EC45
6339	19-72449	EC45
633A	19-72450	EC45
633B	19-72451	EC45
633C	19-72452	EC45
633D	19-72453	EC45
633E	19-72454	EC45
633F	19-72455	EC45
6340	19-72456	EC45
6341	19-72457	EC45
6342	19-72458	EC45
6343	19-72459	EC45
6344	19-72460	EC45
6345	19-72461	EC45
6346	19-72462	EC45
6347	19-72463	EC45
6348	21-72464	EC45
6349	21-72465	EC45
634A	21-72466	EC45
634B	21-72467	EC45
634C	21-72468	EC45
634D	21-72469	EC45
634E	21-72470	EC45
634F	22-72471	EC45
6350	22-72472	EC45
6351	22-72473	EC45
6352	22-72474	EC45
6353	22-72475	EC45
6354	22-72476	EC45
6355	22-72477	EC45
6356	22-72478	EC45
6357	22-72479	EC45
6358	22-72480	EC45
6359	22-72481	EC45
636C	18-21028	H60
636D	18-21029	H60
636E	18-21030	H60
636F	18-21031	H60
6370	18-21032	H60
6371	18-21033	H60
6372	18-03198	H64
6373	18-03199	H64
6374	18-03200	H64
6375	18-03201	H64
6376	18-03202	H64
6377	18-03203	H64
6378	18-03204	H64
6379	18-03205	H64
637A	18-03206	H64
637B	18-03207	H64
637D	18-03209	H64
637E	18-03210	H64
637F	18-03211	H64
6380	18-03212	H64
6381	18-03213	H64
6382	18-03214	H64
6383	18-03215	H64
6384	18-03216	H64
6385	18-03217	H64
6386	18-03218	H64
6388	18-03220	H64
6389	18-03221	H64
638A	18-03222	H64
638B	18-03223	H64
638D	169792	B737
638E	169793	B737
6391	18-25275	H500
6392	18-21034	H60
6393	18-21035	H60
6394	18-21036	H60
6395	18-21037	H60
63B1	19-46069	B762
63B2	15-46070	B762
63B3	19-46071	B762
63B4	20-46072	B762
63B5	20-46073	B762
63B6	20-46074	B762
63B7	20-46075	B762
63B8	20-46076	B762
63B9	20-46077	B762
63BA	20-46078	B762
63BB	20-46079	B762
63BC	20-46080	B762
63BD	20-46081	B762
63BE	20-46082	B762
63BF	20-46083	B762
63C0	21-46084	B762
63C1	21-46085	B762
63C2	21-46086	B762
63C3	21-46087	B762
63C4	21-46088	B762
63C5	21-46089	B762
63C6	21-46090	B762
63C7	21-46091	B762
63C8	21-46092	B762
63C9	21-46093	B762
63CA	21-46094	B762
63CB	21-46095	B762
63CC	21-46096	B762
63CD	21-46097	B762
63CE	21-46098	B762
63CF	64-13206	T38
63D0	64-13265	T38
63D2	65-10324	T38
63D3	65-10361	T38
63D6	65-10442	T38
63D7	66-8402	T38
63D8	67-14826	T38
63D9	67-14831	T38
63DA	67-14845	T38
63DB	67-14920	T38
63DC	68-8179	T38
63DD	64-13217	T38
63DE	64-13240	T38
63DF	64-13247	T38
63E0	64-13270	T38
63E1	64-13285	T38
63E2	64-13297	T38
63E3	64-13301	T38
63E4	64-13304	T38
63E5	65-10342	T38
63E6	65-10429	T38
63E7	66-4332	T38
63E8	62-3702	T38
63E9	63-8133	T38
63EA	63-8163	T38
63EB	63-8218	T38
63EC	63-8229	T38
63ED	67-14828	T38
63EE	67-14939	T38
63EF	62-3691	T38
63F0	62-3722	T38
63F1	63-8131	T38
63F2	64-13176	T38
63F3	68-8185	T38
63F4	68-8154	T38
63F5	62-3615	T38
63F6	62-3706	T38
63F7	63-8154	T38
63F8	66-8404	T38
63F9	67-14833	T38
63FA	67-14923	T38
63FB	68-8139	T38
63FC	68-8150	T38
63FD	68-8172	T38
63FE	68-8177	T38
63FF	68-8186	T38
6400	68-8204	T38
6401	70-1559	T38
6402	70-1574	T38
6403	68-8205	T38
6404	60-0582	T38
6405	63-8215	T38
6406	64-13269	T38
6407	61-0904	T38
6408	62-3715	T38
6409	62-3660	T38
6410	169740	F18S
6412	169742	F18S
6413	169743	F18S
6417	169747	F18S
6418	169748	F18S
641A	169750	F18S
641B	169751	F18S
6470	169539	BE20
6471	17-5897	C30J
6472	17-5898	C30J
6473	17-5900	C30J
6474	17-5901	C30J
6475	17-5902	C30J
6476	17-5903	C30J
6477	17-5904	C30J
6478	19-21038	H60
6479	19-21039	H60
647A	19-21040	H60
647B	19-21041	H60
647C	19-21042	H60
647D	19-21043	H60
647E	19-21044	H60
647F	19-21045	H60
6481	19-21047	H60
6482	19-21048	H60
6483	19-21049	H60
6484	19-21050	H60
6485	19-21051	H60
6486	19-21052	H60
6487	19-21053	H60
6488	19-21054	H60
6489	19-21055	H60
648A	19-21056	H60
648B	19-21057	H60
648C	19-21058	H60
648D	19-21059	H60
648E	19-21060	H60
648F	19-21061	H60
6490	19-21062	H60
6491	19-21063	H60
6492	19-21064	H60
6493	19-21065	H60
6494	19-21066	H60
6495	19-21067	H60
6496	19-21068	H60
6497	19-21069	H60
6498	19-21070	H60
6499	19-21071	H60
649A	19-21087	H60
649B	19-21088	H60
649C	19-21089	H60
649D	19-21090	H60
649E	19-21091	H60
649F	19-21092	H60
64A0	19-21093	H60
64A1	19-21094	H60
64A3	19-21072	H60
64A4	19-21073	H60
64A5	19-21074	H60
64A6	19-21075	H60
64A7	19-21076	H60
64A8	19-21077	H60
64A9	19-21078	H60
64AA	19-21079	H60
64AB	19-21080	H60
64AC	19-21081	H60
64AD	19-21082	H60
64AE	19-21083	H60
64AF	19-21084	H60
64B0	19-21085	H60
64B1	19-21086	H60
64B3	168675	V22
64B4	168676	V22
64B5	168677	V22
64B6	168678	V22
64B7	168679	V22
64B8	168680	V22
64B9	168681	V22
64BA	168682	V22
64BB	168683	V22
64BC	168684	V22
64BD	168685	V22
64BE	168686	V22
64BF	168687	V22
64C0	168688	V22
64C2	168690	V22
64C3	168691	V22
64C4	168692	V22
64C5	168693	V22
64CC	21-0024	B737
654A	73-1155	B732
65F4	18-03226	H64
65F5	18-03227	H64
65F6	18-03228	H64
65F7	18-03229	H64
65F8	18-03230	H64
65F9	18-03231	H64
65FA	18-03232	H64
65FC	18-03234	H64
65FD	18-03235	H64
65FE	18-03236	H64
65FF	18-03237	H64
6600	18-03238	H64
6601	18-03239	H64
6602	18-03240	H64
6603	18-03241	H64
6604	18-03242	H64
6605	18-03243	H64
6606	18-03244	H64
6607	18-03245	H64
6608	18-03246	H64
6609	18-03247	H64
660A	18-03248	H64
660C	17-01001	H47
660D	17-01002	H47
660E	17-01003	H47
6783	169346	P8
6790	169561	P8
67F4	6004	H60
6809	169010	P8
6820	169004	P8
68AD	97-3091	D328
68AE	99-3106	D328
68AF	97-3093	D328
68B1	10-3068	D328
68B2	10-3077	D328
68B3	11-3104	D328
68B4	10-3026	D328
68B5	11-3016	D328
68B6	11-3031	D328
68B7	11-3075	D328
68B8	11-3097	D328
68B9	12-3060	D328
68BA	12-3040	D328
68BB	12-3085	D328
68BC	12-3050	D328
68BD	12-3047	D328
68BE	15-3086	D328
68BF	16-3020	D328
68C0	16-3025	D328
68E0	95-3058	D328
68F0	01-0415	PC12
6901	169887	H60
6902	169888	H60
6903	169889	H60
6904	169890	H60
6905	169891	H60
6909	686958	B06
690A	696121	B06
690B	20376	B06
690C	705199	B06
690D	696225	B06
690E	18-5905	C30J
690F	18-5906	C30J
6910	18-5908	C30J
6911	18-5910	C30J
6912	18-5911	C30J
6913	18-5913	C30J
6914	18-5914	C30J
6915	18-5916	C30J
6916	18-5917	C30J
6917	18-5919	C30J
6918	18-5920	C30J
6919	18-5921	C30J
6953	169973	F18S
6959	19-5927	C30J
695A	19-5928	C30J
695B	19-5932	C30J
695C	19-5934	C30J
695D	19-5936	C30J
695E	19-5940	C30J
695F	19-5942	C30J
6960	19-5945	C30J
6961	18-1942	GLF5
6962	18-1947	GLF5
6963	170000	C30J
6964	81-23544	BE20
6965	83-24146	BE20
6966	83-24147	BE20
6987	79-23321	H60
6988	80-23423	H60
6989	79-23297	H60
698A	82-23747	H60
698B	78-23010	H60
698C	79-23320	H60
698D	79-23344	H60
698E	79-23350	H60
698F	80-23465	H60
6990	82-23670	H60
6996	16-08478	H47
6997	16-08479	H47
6998	16-08480	H47
6999	17-08481	H47
699A	17-08482	H47
699B	17-08483	H47
699C	18-08484	H47
699F	18-08487	H47
69C4	14-00183	MI8
69C5	14-00184	MI8
69C7	17-00186	MI8
69DC	14-00841	B350
6A12	170037	C30J
6A13	170038	C30J
6A14	170039	C30J
6A15	170040	C30J
6A16	20-21100	H60
6A17	20-21101	H60
6A18	20-21102	H60
6A19	20-21103	H60
6A1A	20-21104	H60
6A1B	20-21105	H60
6A1C	20-21106	H60
6A1D	20-21107	H60
6A1E	20-21108	H60
6A1F	20-21109	H60
6A20	20-21110	H60
6A21	20-21111	H60
6A22	20-21112	H60
6A23	20-21113	H60
6A24	20-21114	H60
6A25	20-21115	H60
6A26	20-21116	H60
6A27	20-21117	H60
6A28	20-21118	H60
6A29	20-21119	H60
6A2A	20-21120	H60
6A2B	20-21121	H60
6A2C	20-21122	H60
6A2D	20-21123	H60
6A2E	20-21124	H60
6A2F	20-21125	H60
6A30	20-21126	H60
6A31	20-21127	H60
6A32	20-21128	H60
6A33	20-21129	H60
6A34	20-21130	H60
6A35	20-21131	H60
6A36	20-21132	H60
6A37	20-21133	H60
6A38	20-21134	H60
6A39	20-21135	H60
6A3A	170013	P8
6A3B	170014	P8
6A3C	170015	P8
6A3D	170016	P8
6A3E	170017	P8
6A3F	170018	P8
6A40	170268	P8
6A41	170269	P8
6A43	19-03250	H64
6A46	19-03253	H64
6A47	19-03254	H64
6A4D	19-03260	H64
6A4F	19-03262	H64
6A54	19-03267	H64
6A55	19-03268	H64
6A58	19-03271	H64
6A59	19-03272	H64
6A6D	79-1711	DC10
6A6E	20-1101	TEX2
6A6F	20-1102	TEX2
6A70	20-2101	E314
6A71	20-2102	E314
6A72	19-21096	H60
6A73	19-21097	H60
6A74	19-21098	H60
6A75	19-21099	H60
6A76	20-21136	H60
6A77	20-21137	H60
6A78	20-21138	H60
6A79	20-21139	H60
6A7A	20-21140	H60
6A7B	20-21141	H60
6A7C	20-21142	H60
6A7D	20-21143	H60
6A7E	20-21144	H60
6A7F	20-21145	H60
6A80	20-21146	H60
6A81	20-21147	H60
6A82	20-21148	H60
6A83	20-21149	H60
6A84	20-21150	H60
6A85	20-21151	H60
6A86	20-21152	H60
6A87	20-21153	H60
6A88	20-21154	H60
6A89	20-21155	H60
6A8A	20-21156	H60
6A8B	20-21157	H60
6A8C	20-21158	H60
6A8D	20-21159	H60
6A8E	20-21160	H60
6A8F	20-21161	H60
6A90	20-21162	H60
6A91	20-21163	H60
6A92	20-21164	H60
6A93	20-21165	H60
6A94	20-21166	H60
6A95	20-21167	H60
6A96	20-21168	H60
6A97	20-21169	H60
6A98	20-21170	H60
6A99	20-21171	H60
6A9A	20-21172	H60
6A9B	20-21173	H60
6AA1	168694	V22
6AA2	168695	V22
6AA3	168696	V22
6AA4	168697	V22
6AA5	168698	V22
6AA6	168699	V22
6AA7	168700	V22
6AA8	168701	V22
6AA9	168702	V22
6AAA	168703	V22
6AAB	168704	V22
6AAC	168705	V22
6AAD	168706	V22
6AAE	168707	V22
6AAF	168708	V22
6AB0	168709	V22
6AB1	168710	V22
6AB2	168711	V22
6AB3	168712	V22
6AB7	168323	V22
6AB8	170001	H53S
6AB9	170002	H53S
6ABA	170003	H53S
6ABC	170005	H53S
6ABD	170006	H53S
6ABE	170007	H53S
6ABF	170008	H53S
6AC0	170009	H53S
6AC1	170010	H53S
6AC2	170011	H53S
6AC3	170012	H53S
6B7C	19-03274	H64
6B81	19-03279	H64
6B83	19-03298	H64
6B84	16-0076	V22
6B86	09-05674	H64
6B87	09-05687	H64
6B8A	19-03281	H64
6B8C	19-03283	H64
6B90	19-03288	H64
6B91	19-03289	H64
6B92	19-03300	H64
6B94	169435	V22
6B95	169436	V22
6B96	169437	V22
6B97	169438	V22
6B98	169439	V22
6B99	169440	V22
6B9A	169441	V22
6B9B	169442	V22
6B9C	169443	V22
6B9D	169444	V22
6B9E	169445	V22
6B9F	169446	V22
6BA0	169447	V22
6BA1	169448	V22
6BA2	169449	V22
6BA3	169450	V22
6BA4	169451	V22
6BA5	169452	V22
6BA6	169453	V22
6BA7	169454	V22
6BA8	169455	V22
6BA9	169456	V22
6BAA	169457	V22
6BAB	169458	V22
6BAC	169459	V22
6BAD	169460	V22
6BAE	169461	V22
6BAF	169462	V22
6BB0	169463	V22
6BB1	169464	V22
6BB2	169465	V22
6BB3	169466	V22
6BB4	169467	V22
6BB5	169468	V22
6BB6	169469	V22
6BB7	169470	V22
6BB8	169471	V22
6BB9	169472	V22
6BBA	169473	V22
6BBB	169474	V22
6BBD	169476	V22
6BC6	13-20582	H60
6BC7	13-20583	H60
6BC8	13-20590	H60
6BC9	13-20638	H60
6BCA	12-20543	H60
6BCB	19-21095	H60
6BCD	20-2103	E314
6BD1	85-0060	B1
6BD2	85-0061	B1
6BD3	85-0064	B1
6BD5	85-0069	B1
6BD6	85-0072	B1
6BD7	85-0073	B1
6BDC	85-0081	B1
6BDE	85-0084	B1
6BE1	85-0088	B1
6BE7	86-0097	B1
6BE8	86-0098	B1
6BEB	86-0102	B1
6BEC	86-0103	B1
6BEE	86-0105	B1
6BEF	86-0107	B1
6BF2	86-0110	B1
6BF3	86-0111	B1
6BF5	86-0113	B1
6BF7	86-0117	B1
6BF9	86-0119	B1
6BFA	86-0120	B1
6BFC	86-0122	B1
6BFE	86-0124	B1
6BFF	86-0125	B1
6C01	86-0127	B1
6C02	86-0129	B1
6C06	86-0135	B1
6C08	86-0137	B1
6C09	86-0138	B1
6C0A	86-0139	B1
6C0B	86-0140	B1
6C0C	19-5922	C30J
6C0D	19-5924	C30J
6C0E	19-5926	C30J
6C0F	20-5931	C30J
6C10	20-5933	C30J
6C11	20-5935	C30J
6C12	20-5937	C30J
6C13	170271	C30J
6C14	170272	C30J
6C15	170273	C30J
6C16	170274	C30J
6C17	170275	C30J
6C18	170276	C30J
6C19	170277	C30J
6C1A	170278	C30J
6C1B	170279	C30J
6C1C	170280	C30J
6C1D	170281	C30J
6C1E	170282	C30J
6C1F	170283	C30J
6C20	170284	C30J
6C21	170285	C30J
6C22	170286	C30J
6C23	170287	C30J
6C24	170288	C30J
6C25	170289	C30J
6C26	170290	C30J
6C2D	19-03299	H64
6C30	20-03303	H64
6C33	18-02909	H47
6C34	18-02910	H47
6C3B	20-0003	F15
6C41	14-14480	H60
6C42	14-14481	H60
6C43	14-14482	H60
6C44	14-14483	H60
6C45	14-14484	H60
6C46	17-14485	H60
6C47	17-14486	H60
6C48	17-14487	H60
6C49	17-14488	H60
6C4A	17-14489	H60
6C4C	21-21211	H60
6C4F	20-03305	H64
6C53	20-03309	H64
6C54	20-03310	H64
6C55	20-03311	H64
6C56	20-03312	H64
6C57	20-03313	H64
6C58	20-03314	H64
6C59	20-03315	H64
6C5A	20-03316	H64
6C5B	20-03317	H64
6C5C	20-03318	H64
6C5D	20-03319	H64
6C5E	20-03320	H64
6C5F	20-03321	H64
6C60	20-03322	H64
6C61	20-03323	H64
6C62	20-03324	H64
6C63	20-03325	H64
6C64	20-03326	H64
6C65	20-21174	H60
6C66	20-21175	H60
6C67	20-21176	H60
6C68	20-21177	H60
6C69	20-21178	H60
6C6A	20-21179	H60
6C6B	20-21180	H60
6C6C	20-21181	H60
6C6D	20-21182	H60
6C6E	20-21183	H60
6C6F	20-21184	H60
6C70	20-21185	H60
6C71	20-21186	H60
6C72	20-21187	H60
6C73	21-21188	H60
6C74	21-21189	H60
6C75	21-21190	H60
6C76	21-21191	H60
6C77	21-21192	H60
6C78	21-21193	H60
6C79	21-21194	H60
6C7A	20-21195	H60
6C7B	21-21196	H60
6C7C	21-21197	H60
6C7D	21-21198	H60
6C7E	21-21199	H60
6C7F	21-21200	H60
6C80	21-21201	H60
6C81	21-21202	H60
6C82	21-21203	H60
6C83	21-21204	H60
6C84	21-21205	H60
6C85	21-21206	H60
6C86	21-21207	H60
6C87	21-21208	H60
6C88	21-21209	H60
6CA4	22563	BE20
6CA5	23133	BE20
6CA7	20-03327	H64
6CA8	20-03328	H64
6CA9	20-03329	H64
6CAA	20-03330	H64
6CAB	20-03331	H64
6CAC	20-03332	H64
6CAD	20-03333	H64
6CAE	20-03334	H64
6CAF	20-03335	H64
6CB0	20-03336	H64
6CB1	20-03337	H64
6CB2	20-03338	H64
6CB3	20-03339	H64
6CB4	20-03340	H64
6CB5	20-03341	H64
6CB6	20-03342	H64
6CB7	20-03343	H64
6CB8	20-03344	H64
6CB9	20-03345	H64
6CBA	20-03346	H64
6CBB	20-03347	H64
6CBC	20-03348	H64
6CBD	20-03349	H64
6CBE	20-03350	H64
6CBF	20-03351	H64
6CC0	20-03352	H64
6CC1	20-03353	H64
6CC2	20-03354	H64
6CC3	20-03355	H64
6CC4	20-03356	H64
6CC5	20-03357	H64
6CC6	20-03358	H64
6CC7	20-03359	H64
6CC8	20-03360	H64
6CC9	20-03361	H64
6CCA	20-03362	H64
6CCB	20-03363	H64
6CCC	20-03364	H64
6CCD	20-03365	H64
6CCE	12-09034	H64
6CCF	12-09036	H64
6CD0	12-09038	H64
6CD2	17-03167	H64
6CD6	19-03286	H64
6CD7	19-03287	H64
6CDB	18-03224	H64
6CDD	19-03273	H64
6CDE	19-03276	H64
6CDF	19-03277	H64
6CE4	19-03278	H64
6CE7	6053	H60	A
6CE8	6054	H60
6CE9	6055	H60
6CEB	6056	H60
6CEC	6058	H60	A
6CED	6059	H60	A
6CEE	6060	H60	A
6CEF	6061	H60
6CF0	6062	H60	A
6CF1	20-1941	GLF5
6CF2	20-1949	GLF5
6CF3	18-02911	H47
6CF4	18-02912	H47
6CF5	19-02913	H47
6CF6	19-02914	H47
6CF7	19-02915	H47
6CF8	19-02916	H47
6CF9	19-02917	H47
6CFA	19-02918	H47
6CFB	19-02919	H47
6CFC	20-02920	H47
6CFD	20-02921	H47
6CFE	20-02922	H47
6CFF	20-02923	H47
6D00	20-02924	H47
6D01	20-02925	H47
6D02	20-02926	H47
6D03	21-02927	H47
6D05	21-02929	H47
6D06	21-02930	H47
6D07	21-02931	H47
6D08	21-02932	H47
6D09	21-02933	H47
6D0A	22-02934	H47
6D0B	22-02935	H47
6D0D	22-02937	H47
6D0E	22-02938	H47
6D3C	170138	A119
6D3D	170139	A119
6D3E	170140	A119
6D3F	170141	A119
6D40	170142	A119
6D41	170143	A119
6D42	170144	A119
6D43	170145	A119
6D44	170146	A119
6D45	170147	A119
6D46	170148	A119
6D47	170149	A119
6D48	170150	A119
6D49	170151	A119
6D4A	170152	A119
6D4B	170153	A119
6D4C	170154	A119
6D4D	170155	A119
6D4E	170156	A119
6D50	170158	A119
6D51	170159	A119
6D53	170161	A119
6D54	170162	A119
6D56	170164	A119
6D57	170165	A119
6D58	170166	A119
6D59	170167	A119
6D5A	170168	A119
6D5B	170169	A119
6D5F	21-21212	H60
6D60	21-21213	H60
6D63	08-07051	H64
6D67	11-09017	H64
6D68	11-09018	H64
6D6A	11-09020	H64
6D6C	19-03255	H64
6D6D	19-03284	H64
6D6F	19-03291	H64
6D70	19-03292	H64
6D72	19-03296	H64
6D73	19-03297	H64
6D74	21-7001	BT7
6D75	21-7002	BT7
6D76	21-7003	BT7
6D77	21-7004	BT7
6D78	21-7005	BT7
6D79	20-5939	C30J
6D7A	20-5941	C30J
6D7B	20-5943	C30J
6D7C	20-5946	C30J
6D7D	19-5947	C30J
6D7E	19-5948	C30J
6D7F	19-5950	C30J
6D80	19-5953	C30J
6D81	19-5957	C30J
6D82	20-5961	C30J
6D83	21-5965	C30J
6D84	21-5973	C30J
6D85	21-5976	C30J
6D86	21-5981	C30J
6D87	22-5985	C30J
6D88	22-5989	C30J
6D89	22-5993	C30J
6D8A	22-5994	C30J
6D8E	169956	F18S
6D8F	169957	F18S
6D9C	169970	F18S
6DA1	21-21214	H60
6DA2	21-21215	H60
6DA3	19-14490	H60
6DA4	19-14491	H60
6DA5	19-14492	H60
6DA6	19-14493	H60
6DA7	19-14494	H60
6DA8	19-14495	H60
6DA9	19-14496	H60
6DAA	19-14497	H60
6DAB	19-14498	H60
6DAC	19-14499	H60
6DAD	20-00924	B350
6DAE	21-03366	H64
6DAF	21-03367	H64
6DB0	21-03368	H64
6DB1	21-03369	H64
6DB2	21-03370	H64
6DB3	21-03371	H64
6DB4	21-03372	H64
6DB5	21-03373	H64
6DB6	21-03374	H64
6DB8	21-03376	H64
6DB9	21-03377	H64
6DBA	21-03378	H64
6DBB	21-03379	H64
6DBC	21-03380	H64
6DBD	21-03381	H64
6DBE	21-03382	H64
6DBF	21-03383	H64
6DC0	21-03384	H64
6DC1	21-03385	H64
6DC2	21-03386	H64
6DC3	21-03387	H64
6DC4	21-03388	H64
6DC5	21-03389	H64
6DC7	20-03307	H64
6DC8	20-03304	H64
6DC9	19-03308	H64
6DCA	19-03301	H64
6DCB	19-03293	H64
6DCC	19-03251	H64
6DCD	19-03256	H64
6DCE	19-03294	H64
6E74	20-14500	H60
6E75	20-14501	H60
6E76	20-14502	H60
6E77	20-14503	H60
6E78	20-14504	H60
6E79	20-14505	H60
6E7A	20-14506	H60
6E7B	20-14507	H60
6E7C	20-14508	H60
6E7D	20-14509	H60
6E7E	20-14510	H60
6E7F	20-14511	H60
6E80	11-3013	D328
6ED5	18-02971	H47
6ED6	18-02972	H47
6ED7	18-02973	H47
6ED8	18-02974	H47
6ED9	19-02975	H47
6EDA	20-02976	H47
6EDB	21-21210	H60
73D5	170170	A119
73D6	170171	A119
73D7	170172	A119
73D8	170173	A119
73DA	170175	A119
73DB	170176	A119
73DC	170177	A119
73DD	170178	A119
73DE	170179	A119
73DF	170180	A119
73E2	170183	A119
73E3	170184	A119
73E4	170185	A119
73E5	170186	A119
73E6	170187	A119
73E7	170188	A119
73E8	170189	A119
73E9	170190	A119
73EA	170191	A119
73EB	170192	A119
73EC	170193	A119
73ED	170194	A119
73EE	170195	A119
73EF	170196	A119
73F0	170197	A119
73F1	170198	A119
73F3	170200	A119
73F5	170202	A119
73F9	170206	A119
73FD	170210	A119
7401	170214	A119
7402	170215	A119
7403	170216	A119
7404	170217	A119
7405	170218	A119
7406	170219	A119
7407	170220	A119
7408	170221	A119
7409	170222	A119
740A	170223	A119
740B	170224	A119
740C	170225	A119
740D	170226	A119
740E	170227	A119
740F	170228	A119
7410	170229	A119
7411	170230	A119
7412	170231	A119
7413	170232	A119
7414	170233	A119
7415	170234	A119
7416	170235	A119
7417	170236	A119
7418	170237	A119
7419	170238	A119
741A	170239	A119
741B	170240	A119
741C	170241	A119
741D	170242	A119
741E	170243	A119
741F	170244	A119
7420	170245	A119
7421	170246	A119
7423	170248	A119
7424	170249	A119
7425	170250	A119
7426	170251	A119
7427	170252	A119
7429	170254	A119
742A	170255	A119
742B	170256	A119
742C	170257	A119
742E	170259	A119
7433	170264	A119
7436	170267	A119
743B	170487	H60
743C	170488	H60
743D	170489	H60
7442	170494	H60
7443	170495	H60
7444	170496	H60
7445	170497	H60
7446	170498	H60
7447	169863	E2
7448	169864	E2
7449	169865	E2
744A	169866	E2
744C	169868	E2
744D	169869	E2
744F	169871	E2
7451	169873	E2
7453	169875	E2
7457	170041	B737
7458	170042	B737
7466	21-9045	GLEX
746C	18-1001	A139
746D	18-1002	A139
746E	18-1003	A139
746F	18-1004	A139
7470	20-1005	A139
7473	21-03390	H64
7474	21-03391	H64
7475	21-03392	H64
7476	21-03393	H64
7477	21-03394	H64
7478	21-03395	H64
7479	21-03396	H64
747A	21-03397	H64
747B	21-03398	H64
747D	21-03400	H64
747E	21-03401	H64
747F	21-03402	H64
7480	21-03403	H64
7481	21-03404	H64
7482	21-03405	H64
7483	21-03406	H64
7484	21-03407	H64
7485	21-03408	H64
7486	21-03409	H64
7487	21-03410	H64
7488	21-03411	H64
7489	21-03412	H64
748A	21-03413	H64
748B	21-03414	H64
748C	21-03415	H64
748D	21-03416	H64
748E	21-03417	H64
748F	21-03418	H64
749B	170476	P8
749C	170477	P8
749D	170478	P8
749E	170479	P8
749F	170480	P8
74A0	170481	P8
74A6	22-21218	H60
74A7	22-21219	H60
74A8	22-21220	H60
74A9	22-21221	H60
74AA	22-21222	H60
74AB	22-21223	H60
74AC	22-21224	H60
74AD	22-21225	H60
74AE	22-21226	H60
74AF	22-21227	H60
74B0	22-21228	H60
74B1	22-21229	H60
74B2	22-21230	H60
74B3	22-21231	H60
74B4	22-21232	H60
74B5	22-21233	H60
74B6	22-21234	H60
74B7	22-21235	H60
74B8	22-21236	H60
74B9	22-21237	H60
74BA	22-21238	H60
74BB	22-21239	H60
74BC	22-21240	H60
74BD	22-21241	H60
74BE	21-03419	H64
74BF	21-03420	H64
74C0	21-03421	H64
74C1	21-03422	H64
74C2	21-03423	H64
74C3	21-03424	H64
74C4	21-03425	H64
74C5	21-03426	H64
74C6	21-03427	H64
74C7	21-03428	H64
74C8	21-03429	H64
74C9	21-03430	H64
74CA	21-03431	H64
74CB	21-03432	H64
74CC	21-03433	H64
74CD	21-03434	H64
74CE	21-03435	H64
74CF	21-03436	H64
74D0	21-03437	H64
74D1	21-03438	H64
74D2	21-03439	H64
74D3	21-03440	H64
74D4	22-03441	H64
74D5	22-03442	H64
74D6	22-03443	H64
74D7	22-03444	H64
74D8	22-03445	H64
74D9	22-03446	H64
74DA	22-03447	H64
74DB	22-03448	H64
74DC	22-03449	H64
74DD	22-03450	H64
74DE	22-03451	H64
74DF	22-03452	H64
74E0	22-03453	H64
74E1	22-03454	H64
74E2	22-03455	H64
74E3	22-03456	H64
74E4	22-03457	H64
74E5	22-03458	H64
74E6	22-03459	H64
74E7	22-03460	H64
74E8	22-03461	H64
74E9	22-03462	H64
74EA	22-03463	H64
74EB	22-03464	H64
74EC	22-03465	H64
74ED	22-21216	H60
74EE	22-21217	H60
7797	20-5975	C30J
7798	20-5980	C30J
779A	21-5998	C30J
779B	21-6001	C30J
779C	21-6003	C30J
779E	21-6006	C30J
779F	20-5982	C30J
77A0	20-5991	C30J
77A1	21-6009	C30J
77A3	22-9046	GLEX
77A4	22-9047	GLEX
77A5	23-9048	GLEX
77A7	170298	F18S
77B2	170309	F18S
77B8	170315	F18S
77BA	170317	F18S
77BE	22-21242	H60
77BF	22-21243	H60
77C0	22-21244	H60
77C1	22-21245	H60
77C2	22-21246	H60
77C3	22-21247	H60
77C4	22-21248	H60
77C5	94-07007	C208
77C6	22-21249	H60
77C7	22-21250	H60
77C8	23-21251	H60
77C9	23-21252	H60
77CA	23-21253	H60
77CB	23-21254	H60
77CC	23-21255	H60
77CD	23-21256	H60
77CE	23-21257	H60
77CF	23-21258	H60
77D0	23-21259	H60
77D1	23-21260	H60
77D2	23-21261	H60
77D3	23-21262	H60
77D4	23-21263	H60
77D5	23-21264	H60
77D6	23-21265	H60
77D7	23-21266	H60
77D8	23-21267	H60
77D9	23-21268	H60
77DA	23-21269	H60
77DB	23-21270	H60
77DC	23-21271	H60
77DD	23-21272	H60
77ED	23-21273	H60
77EE	23-21274	H60
77EF	23-21275	H60
77F0	23-21276	H60
77F1	24-21277	H60
77F2	24-21278	H60
77F3	24-21279	H60
77F4	24-21280	H60
77F5	24-21281	H60
77F6	24-21282	H60
77F7	24-21283	H60
77F8	21-14512	H60
77F9	21-14513	H60
77FA	21-14514	H60
77FB	21-14515	H60
77FC	21-14516	H60
77FD	21-14517	H60
77FE	21-14518	H60
77FF	21-14519	H60
7800	21-14520	H60
7801	21-14521	H60
7805	21-30804	H500
7807	21-30806	H500
7808	21-30807	H500
780D	22-30812	H500
7811	169602	Q4
7812	169659	Q4
7813	169660	Q4
7814	169661	Q4
7815	169804	Q4
7816	169805	Q4
7E91	22-03472	H64
86AC	22-03473	H64
87ED	22-03474	H64
8953	95-26662	H60
8955	22-03475	H64
9FF8	22-03476	H64
A0F9	22-03477	H64
AAAF	22-03478	H64
B3B5	22-03479	H64
BBCB	22-03480	H64
C2F2	22-03481	H64
C9C2	24-03559	H64
CAA3	170752	BE20
CB47	22-03482	H64
CB4A	90-26281	H60
D12A	170753	BE20
D15B	22-03483	H64
D1CD	22-03484	H64
D3F6	22-03485	H64
D489	22-46102	B762
D4A2	24-03534	H64
D4A6	170777	BE20
D4AD	24-21317	H60
D4AF	23-14555	H60
D554	22-14545	H60
D555	19-46110	B762
D557	24-1023	A139
D55D	170296	H53S
D55F	22-1010	A139
D572	170324	F18S
D60D	22-14533	H60
D610	24-21296	H60
D615	21-14523	H60
D618	22-03486	H64
D61A	91-26329	H60
D61D	18-20980	H60
D867	23-46124	B762
D870	24-03556	H64
D8B5	22-03487	H64
D922	170749	BE20
D9B7	22-03488	H64
D9B8	90-26250	H60
DA13	24-03535	H64
DA14	170350	H53S
DA18	170778	BE20
DA1D	25-21318	H60
DA1E	23-14556	H60
DA22	22-46103	B762
DAAB	24-1024	A139
DAAC	22-1011	A139
DAB7	170325	F18S
DAB9	170762	BE20
DABB	170773	BE20
DABF	23-14546	H60
DAE5	22-03489	H64
DB4C	22-14534	H60
DB4E	24-21297	H60
DB4F	22-03490	H64
DB51	93-26507	H60
DB53	18-20981	H60
DB55	21-14524	H60
E57A	22-03491	H64
F42D	24-03550	H64
F436	25-21333	H60
F4C4	170340	F18S
F550	22-03492	H64
F553	95-26612	H60
F829	22-46113	B762
F832	24-03545	H64
F83B	25-21328	H60
F94B	24-21287	H60
F94D	24-21298	H60
F94E	22-03493	H64
F953	18-20983	H60
FCDF	22-03494	H64
