0004	C-FAAD	RV6
0006	C-FAAF	PA31
0009	C-FAAI	M4
000C	C-FAAL	C208
0010	C-FAAP	PA32
0011	C-FAAR	GLID
0015	C-FAAV	C172
0018	C-FAAY	PA22
001A	C-FAAZ	AEST
001B	C-FABA	DH8A
001C	C-FABB	BL17
0020	C-FABF	C550
0022	C-FABH	F2TH
0026	C-FABL	C172
0028	C-FABN	PC12
0029	C-FABO	HIGH
002A	C-FABP	WAIX
002D	C-FABS	P28A
0032	C-FABX	C177
0033	C-FABY	NSTR
0037	C-FACC	R44
003A	C-FACF	DH8C
003B	C-FACG	K100
003E	C-FACJ	B752
0041	C-FACM	RV8
0042	C-FACN	CL60
0043	C-FACO	C560
0044	C-FACP	HROC
0046	C-FACR	C172
0048	C-FACT	DH8C
004A	C-FACV	DH8C
004C	C-FACX	FBA2
004E	C-FACZ	FBA2
0053	C-FADE	C340
0054	C-FADF	DH8C
0055	C-FADG	AA5
0057	C-FADI	C82R
0058	C-FADJ	P28R
0059	C-FADK	HROC
005A	C-FADL	C310
005C	C-FADN	GLID
005D	C-FADO	C180
0060	C-FADR	C185
0061	C-FADS	PA30
0066	C-FADX	CH70
006E	C-FAEF	AS50
0070	C-FAEH	GLEX
0071	C-FAEI	R22
0072	C-FAEJ	C150
0073	C-FAEK	C150
0074	C-FAEL	C185
0077	C-FAEO	R44
0079	C-FAEQ	C180
007B	C-FAES	P28A
007C	C-FAET	BE58
007F	C-FAEW	SR20
0084	C-FAFB	C172
0085	C-FAFC	C208
0087	C-FAFE	CL60
0088	C-FAFF	B350
0089	C-FAFG	C208
008A	C-FAFH	FE51
008F	C-FAFM	BE20
0091	C-FAFO	CL2P
0093	C-FAFQ	CL2P
0094	C-FAFR	SW4
0097	C-FAFU	C210
0098	C-FAFV	C208
0099	C-FAFW	C172
00A0	C-FAGD	P28A
00A1	C-FAGE	C172
00A6	C-FAGJ	CH7B
00A9	C-FAGM	R22
00AA	C-FAGN	CL35
00AE	C-FAGR	C185
00B5	C-FAGY	ERCO
00B8	C-FAHB	B212
00BB	C-FAHE	AS50
00BD	C-FAHG	B212
00BF	C-FAHI	B407
00C1	C-FAHK	B212
00C2	C-FAHL	B212
00C6	C-FAHP	T206
00C8	C-FAHR	B212
00C9	C-FAHS	AS50
00CB	C-FAHU	B06
00CD	C-FAHW	B407
00D1	C-FAIA	PA12
00D3	C-FAIC	S76
00D4	C-FAID	DH8C
00D9	C-FAII	T206
00E5	C-FAIU	ST75
00E6	C-FAIV	DH8A
00E8	C-FAIX	C150
00E9	C-FAIY	DHC6
00EB	C-FAJA	B789
00EC	C-FAJB	R44
00ED	C-FAJC	CL30
00EE	C-FAJD	PA32
00EF	C-FAJE	RV8
00F3	C-FAJI	R44
00F9	C-FAJO	RV9
00FC	C-FAJR	PA31
0103	C-FAJY	P28A
0104	C-FAJZ	P28R
0105	C-FAKA	AN2
0106	C-FAKB	DHC6
0107	C-FAKC	PA30
0108	C-FAKD	R44
010A	C-FAKF	CLON
010C	C-FAKH	C172
010D	C-FAKI	CH7A
010F	C-FAKK	C182
0111	C-FAKM	CL60
0112	C-FAKN	BE20
0113	C-FAKO	RV7
0114	C-FAKP	AC90
0115	C-FAKQ	C177
0117	C-FAKS	P28R
011A	C-FAKV	C208
011B	C-FAKW	BE30
011D	C-FAKY	PA24
011E	C-FAKZ	C208
011F	C-FALA	B212
0120	C-FALB	B212
0121	C-FALC	B407
0124	C-FALF	B407
0127	C-FALI	CL35
0129	C-FALK	B212
012A	C-FALL	C206
012C	C-FALN	ERCO
012D	C-FALO	ERCO
012F	C-FALQ	LJ45
0133	C-FALU	B407
0134	C-FALV	B212
0136	C-FALX	BE35
0137	C-FALY	C177
0139	C-FAMA	C185
013A	C-FAMB	CL60
013B	C-FAMC	SW4
013E	C-FAMF	SW3
013F	C-FAMG	GLIM
0140	C-FAMH	CH7B
0141	C-FAMI	CL60
0142	C-FAMJ	C55B
0143	C-FAMK	C208
0146	C-FAMN	CL60
0147	C-FAMO	DA40
014B	C-FAMS	PA31
014C	C-FAMT	RV8
014E	C-FAMV	GLID
014F	C-FAMW	C182
0151	C-FAMY	SPIT
0152	C-FAMZ	R44
0154	C-FANB	B734
0156	C-FAND	TBM8
0158	C-FANF	B735
0159	C-FANG	C150
015C	C-FANJ	PC12
0165	C-FANS	B738
0167	C-FANU	Z42
016A	C-FANX	C210
016B	C-FANY	CH20
016E	C-FAOB	C150
0172	C-FAOF	CL60
0174	C-FAOH	GLID
0176	C-FAOJ	C150
0177	C-FAOK	PA27
017C	C-FAOP	DHC2
017D	C-FAOQ	PA12
017F	C-FAOS	GLID
0184	C-FAOX	AS50
0186	C-FAOZ	AS50
0188	C-FAPB	WACF
0192	C-FAPL	PA31
0195	C-FAPO	C182
0196	C-FAPP	R44
0197	C-FAPQ	CL60
019D	C-FAPW	C210
019E	C-FAPX	C182
01A2	C-FAQB	CL60
01A4	C-FAQD	CL60
01AB	C-FAQK	CL60
01AD	C-FAQM	P28A
01AE	C-FAQN	P28A
01B1	C-FAQQ	P28A
01B2	C-FAQR	PA31
01B5	C-FAQU	CH7A
01B7	C-FAQW	P28A
01B9	C-FAQY	CL60
01BB	C-FARA	SC7
01BC	C-FARB	R22
01BD	C-FARC	C172
01BF	C-FARE	B407
01C1	C-FARG	AT5T
01C9	C-FARO	C182
01D0	C-FARV	RV3
01D3	C-FARY	C172
01D5	C-FASA	DH2T
01D6	C-FASB	BE10
01D7	C-FASC	C172
01D8	C-FASD	GLEX
01DA	C-FASF	E545
01DF	C-FASK	GLID
01E1	C-FASM	C210
01E2	C-FASN	E545
01E4	C-FASP	C25A
01E5	C-FASQ	DHC6
01E6	C-FASR	C25A
01E7	C-FASS	RV7
01E8	C-FAST	PA18
01EA	C-FASV	E545
01EB	C-FASW	C25A
01ED	C-FASY	C25B
01EF	C-FATA	BE20
01F3	C-FATE	RELI
01FA	C-FATL	AA5
01FB	C-FATM	DHC6
01FD	C-FATO	DHC6
01FE	C-FATP	C172
0200	C-FATR	EC30
0201	C-FATS	RV7
0204	C-FATV	C172
0205	C-FATW	DHC6
0206	C-FATX	W201
0208	C-FATZ	C82R
0209	C-FAUA	PA34
0210	C-FAUH	TRF1
0211	C-FAUI	CL60
0214	C-FAUL	C180
0217	C-FAUO	J3
0219	C-FAUQ	B407
021A	C-FAUR	CL60
021D	C-FAUU	J3
021E	C-FAUV	K100
021F	C-FAUW	P28A
0220	C-FAUX	C172
0222	C-FAUZ	M6
0223	C-FAVA	C172
0225	C-FAVC	B06
0226	C-FAVD	P28A
0227	C-FAVE	BE23
022B	C-FAVI	B407
022C	C-FAVJ	C180
022D	C-FAVK	C177
022E	C-FAVL	PA25
022F	C-FAVM	C140
0230	C-FAVN	C172
0232	C-FAVP	C210
0234	C-FAVR	C152
0236	C-FAVT	B407
0239	C-FAVW	B06
023A	C-FAVX	AS50
023B	C-FAVY	B407
023D	C-FAWA	DHC2
023E	C-FAWB	GLST
023F	C-FAWC	B738
0244	C-FAWH	C120
0246	C-FAWJ	B738
0247	C-FAWK	RV7
0248	C-FAWL	C182
0251	C-FAWU	CL60
0254	C-FAWX	C182
0255	C-FAWY	DHC2
0256	C-FAWZ	FA7X
025A	C-FAXD	B38M
025D	C-FAXG	LA4
0260	C-FAXJ	C182
0262	C-FAXL	C172
0263	C-FAXM	C172
0264	C-FAXN	CL60
0265	C-FAXO	RV14
0274	C-FAYD	CL60
0279	C-FAYI	C150
027B	C-FAYK	C172
027E	C-FAYN	RV12
0281	C-FAYQ	R44
0282	C-FAYR	B505
0284	C-FAYT	C172
0286	C-FAYV	PA27
0287	C-FAYW	R44
028B	C-FAZA	M20P
028D	C-FAZC	CL60
028F	C-FAZE	PA46
0295	C-FAZK	PA27
0298	C-FAZN	C150
0299	C-FAZO	CL60
029C	C-FAZR	C172
029D	C-FAZS	CL60
02A4	C-FAZZ	S108
02A9	C-FBAE	DC3
02AB	C-FBAG	C150
02B0	C-FBAL	CH70
02B5	C-FBAQ	L188
02B6	C-FBAR	P28A
02B9	C-FBAU	STRM
02BA	C-FBAV	AS50
02BD	C-FBAY	PA22
02C8	C-FBBJ	PA22
02CC	C-FBBN	C172
02CD	C-FBBO	ST75
02CE	C-FBBP	AA5
02CF	C-FBBQ	AT5T
02D0	C-FBBR	PA31
02D1	C-FBBS	ST75
02D2	C-FBBT	B214
02D3	C-FBBU	C180
02D4	C-FBBV	DHC6
02D5	C-FBBW	CL60
02D8	C-FBBZ	P28A
02DA	C-FBCB	R44
02DB	C-FBCC	BE18
02DD	C-FBCE	DV20
02DF	C-FBCG	C182
02E0	C-FBCH	EC20
02E4	C-FBCL	B350
02E5	C-FBCM	H269
02E6	C-FBCN	C25M
02E8	C-FBCP	G44
02E9	C-FBCQ	DV20
02EB	C-FBCS	BCS1
02EF	C-FBCW	C180
02F0	C-FBCX	DA40
02F5	C-FBDC	GLID
02F9	C-FBDG	DA40
02FD	C-FBDK	PA30
0300	C-FBDN	DA40
0302	C-FBDP	DA40
0303	C-FBDQ	C501
0305	C-FBDS	FA50
0306	C-FBDT	PC12
0307	C-FBDU	RV7
0308	C-FBDV	BE35
030D	C-FBEA	C180
030E	C-FBEB	HUSK
0310	C-FBED	HUSK
0317	C-FBEK	C182
0318	C-FBEL	CL60
031B	C-FBEO	DHC3
031C	C-FBEP	B212
031E	C-FBER	B06
0322	C-FBEV	P28A
0323	C-FBEW	C337
0329	C-FBFC	C172
0333	C-FBFM	PA30
0337	C-FBFQ	C172
033D	C-FBFW	C172
033E	C-FBFX	M20P
033F	C-FBFY	C172
0348	C-FBGH	C185
0349	C-FBGI	C185
034F	C-FBGO	R66
0350	C-FBGP	R44
0354	C-FBGT	R44
0355	C-FBGU	C172
0356	C-FBGV	C172
0357	C-FBGW	C172
035C	C-FBHB	AS55
035E	C-FBHD	AS50
0360	C-FBHF	B212
0362	C-FBHH	C421
0365	C-FBHK	AS50
0366	C-FBHL	PA18
0367	C-FBHM	B06
0368	C-FBHN	RV8
0369	C-FBHO	PA31
036A	C-FBHP	H500
036C	C-FBHR	B06
036D	C-FBHS	BK17
0370	C-FBHV	DHC6
0372	C-FBHX	WAIX
0379	C-FBIE	C82R
037B	C-FBIG	C185
037D	C-FBII	C172
0380	C-FBIL	PA27
0381	C-FBIM	B732
0385	C-FBIQ	M20P
0388	C-FBIT	C180
038D	C-FBIY	C182
0392	C-FBJD	BE17
0394	C-FBJF	TAIL
0397	C-FBJI	C170
0398	C-FBJJ	RV9
0399	C-FBJK	C310
039B	C-FBJM	C172
039D	C-FBJO	P28A
03A1	C-FBJS	C150
03A8	C-FBJZ	CRJ7
03A9	C-FBKA	A139
03AA	C-FBKB	DC3
03AB	C-FBKC	GLID
03AC	C-FBKD	CL60
03B2	C-FBKJ	C82R
03B6	C-FBKN	GLID
03BA	C-FBKR	C208
03BB	C-FBKS	B06
03C3	C-FBLA	R44
03C4	C-FBLB	P28A
03C7	C-FBLE	WAIX
03CB	C-FBLI	PA22
03CD	C-FBLK	C150
03D1	C-FBLO	R44
03D5	C-FBLS	P28A
03D7	C-FBLU	S76
03D8	C-FBLV	C150
03D9	C-FBLW	AS50
03DA	C-FBLX	LA25
03DB	C-FBLY	AA5
03E1	C-FBME	C337
03EA	C-FBMN	PC6T
03EB	C-FBMO	C185
03F0	C-FBMT	C185
03F1	C-FBMU	K100
03F9	C-FBNC	C182
03FE	C-FBNH	DHC1
0400	C-FBNJ	AS32
0401	C-FBNK	AT8T
0402	C-FBNL	DH82
0404	C-FBNN	RV7
040D	C-FBNW	AT8T
040E	C-FBNX	C337
040F	C-FBNY	C172
0413	C-FBOC	BE23
0416	C-FBOF	C150
0417	C-FBOG	C172
041D	C-FBOM	BE20
041E	C-FBON	GLID
0427	C-FBOW	M5
0432	C-FBPH	P28A
0434	C-FBPJ	R44
0436	C-FBPL	PRM1
043B	C-FBPQ	LA4
043F	C-FBPU	PA24
0444	C-FBPZ	BE20
0445	C-FBQA	P28A
0446	C-FBQB	T6
0447	C-FBQC	BE60
044D	C-FBQI	B06
044F	C-FBQK	C172
0452	C-FBQN	GLID
0454	C-FBQP	C172
045B	C-FBQW	C150
0460	C-FBRB	C185
0463	C-FBRE	D11
0465	C-FBRG	C337
0469	C-FBRK	C337
046A	C-FBRL	PA38
046E	C-FBRP	C25B
0472	C-FBRT	C55B
0474	C-FBRV	J3
0479	C-FBSA	C172
047E	C-FBSF	TBM9
047F	C-FBSG	C206
0480	C-FBSH	FBA2
0483	C-FBSK	C172
0487	C-FBSO	RV6
048F	C-FBSW	LA4
0490	C-FBSX	C414
0492	C-FBSZ	T206
0496	C-FBTD	B429
049C	C-FBTJ	C177
049D	C-FBTK	C180
049E	C-FBTL	SW4
04A0	C-FBTN	C150
04A3	C-FBTQ	T18
04A4	C-FBTR	B190
04A8	C-FBTV	AS50
04AA	C-FBTX	C150
04AC	C-FBTZ	P28A
04AE	C-FBUB	P46T
04AF	C-FBUC	B212
04B1	C-FBUE	C177
04B5	C-FBUI	STG2
04B8	C-FBUL	P28A
04BE	C-FBUR	H25B
04C0	C-FBUT	P28A
04C1	C-FBUU	C150
04C6	C-FBUZ	LNC2
04C8	C-FBVB	PA27
04C9	C-FBVC	C335
04CB	C-FBVE	C172
04CE	C-FBVH	H500
04CF	C-FBVI	RV14
04D1	C-FBVK	P28A
04D3	C-FBVM	C172
04D4	C-FBVN	C172
04D6	C-FBVP	RV9
04D8	C-FBVR	PA22
04DA	C-FBVT	C172
04E0	C-FBVZ	UH12
04E3	C-FBWC	C206
04E6	C-FBWF	SA02
04E7	C-FBWG	C172
04E8	C-FBWH	P32T
04E9	C-FBWI	B738
04EA	C-FBWJ	B737
04EE	C-FBWN	WAIX
04F2	C-FBWR	UH1
04F3	C-FBWS	B38M
04F5	C-FBWU	C172
04FA	C-FBWZ	LA4
04FB	C-FBXA	C177
04FF	C-FBXE	C152
0501	C-FBXG	DH8C
0502	C-FBXH	B212
0506	C-FBXL	C56X
050B	C-FBXQ	C150
050C	C-FBXR	R22
050D	C-FBXS	PA18
0510	C-FBXV	C172
0511	C-FBXW	C172
0513	C-FBXY	S92
0514	C-FBXZ	C150
0515	C-FBYA	C180
051B	C-FBYG	BE20
051F	C-FBYK	B350
0527	C-FBYS	C172
0528	C-FBYT	C172
0533	C-FBZE	C150
0539	C-FBZK	C150
053C	C-FBZN	AS50
053E	C-FBZP	C185
053F	C-FBZQ	C172
0546	C-FBZX	C150
054A	C-FCAB	R44
054C	C-FCAD	B212
054D	C-FCAE	B763
054F	C-FCAG	C560
0550	C-FCAH	BT36
0551	C-FCAI	PA30
0554	C-FCAL	PTS2
0556	C-FCAN	B212
0558	C-FCAP	C172
055A	C-FCAR	PA31
055D	C-FCAU	C172
055F	C-FCAW	C182
0561	C-FCAY	PA31
0563	C-FCBA	FA7X
0565	C-FCBC	PA18
0566	C-FCBD	C182
056A	C-FCBH	RBEL
0570	C-FCBN	M20P
0571	C-FCBO	SS2T
0572	C-FCBP	PA24
0573	C-FCBQ	C560
0574	C-FCBR	C172
057E	C-FCCB	R44
057F	C-FCCC	C172
0580	C-FCCD	P28R
0585	C-FCCI	AS50
0586	C-FCCJ	B763
0587	C-FCCK	B412
0589	C-FCCM	PA30
0590	C-FCCT	C185
0591	C-FCCU	C172
0594	C-FCCX	C206
0595	C-FCCY	C172
0599	C-FCDC	R44
059A	C-FCDD	GLID
059B	C-FCDE	GLEX
059C	C-FCDF	BE9T
059F	C-FCDI	PA30
05A0	C-FCDJ	PA16
05A2	C-FCDL	B06
05A4	C-FCDN	C182
05AA	C-FCDT	DHC2
05AF	C-FCDY	S108
05B0	C-FCDZ	PIVI
05B3	C-FCEC	CL35
05B4	C-FCED	C182
05B5	C-FCEE	C182
05B6	C-FCEF	C182
05B9	C-FCEI	C172
05BF	C-FCEO	AC11
05C3	C-FCES	C172
05C5	C-FCEU	A321
05C7	C-FCEW	SR20
05CA	C-FCEZ	AA5
05CD	C-FCFC	H25B
05CF	C-FCFE	C172
05D1	C-FCFG	P28A
05D3	C-FCFI	C182
05D4	C-FCFJ	C185
05D5	C-FCFK	P28A
05D6	C-FCFL	PA44
05D7	C-FCFM	P28A
05DA	C-FCFP	B407
05DD	C-FCFS	SR20
05DE	C-FCFT	C150
05DF	C-FCFU	P28A
05E2	C-FCFX	C172
05E3	C-FCFY	PA20
05E5	C-FCGA	RV14
05E9	C-FCGE	DH8A
05EB	C-FCGG	C172
05F0	C-FCGL	C188
05F2	C-FFUV	CL60
05F3	C-FCGO	B06
05F6	C-FCGR	C182
05F9	C-FCGU	BE20
0600	C-FCHB	C210
0601	C-FCHC	C172
0602	C-FCHD	UH1
0603	C-FCHE	UH1
0608	C-FCHJ	AS50
0609	C-FCHK	C182
060A	C-FCHL	C172
060C	C-FCHN	AS50
060D	C-FCHO	AS50
060E	C-FCHP	AS50
060F	C-FCHQ	B06
0611	C-FCHS	C150
0612	C-FCHT	EC35
0614	C-FCHV	B06
0617	C-FCHY	S76
0618	C-FCHZ	S76
061A	C-FCIB	CL60
061B	C-FCIC	C182
061E	C-FCIF	P28A
0621	C-FCII	GLF4
0622	C-FCIJ	AT43
0627	C-FCIO	PA24
062C	C-FCIT	BE23
0631	C-FCIY	C172
0632	C-FCIZ	PA30
0635	C-FCJC	R44
0636	C-FCJD	DH8A
0637	C-FCJE	DH8A
0638	C-FCJF	B722
063A	C-FCJH	C172
063B	C-FCJI	HUSK
063F	C-FCJM	P28R
0642	C-FCJP	B752
0645	C-FCJS	C10T
0646	C-FCJT	PA34
0647	C-FCJU	B763
064C	C-FCJZ	CRJ7
0650	C-FCKD	P28A
0652	C-FCKF	DH82
0657	C-FCKK	C182
0659	C-FCKM	MIMU
065C	C-FCKP	C150
0663	C-FCKW	DH2T
0668	C-FCLB	PC12
0669	C-FCLC	C172
066C	C-FCLF	C177
066F	C-FCLI	R22
0674	C-FCLN	P28A
0678	C-FCLR	TAYB
0679	C-FCLS	DH8A
067A	C-FCLT	C150
067E	C-FCLX	C170
0681	C-FCMA	C185
0682	C-FCMB	B190
0685	C-FCME	B190
0689	C-FCMI	C150
068A	C-FCMJ	P32R
068B	C-FCMK	CH7A
068C	C-FCML	COL4
068D	C-FCMM	LA4
068E	C-FCMN	B190
068F	C-FCMO	B190
0690	C-FCMP	B190
0692	C-FCMR	B190
0693	C-FCMS	C182
0694	C-FCMT	P28A
0695	C-FCMU	B190
0696	C-FCMV	B190
0697	C-FCMW	C177
069B	C-FCNA	C172
069C	C-FCNB	C172
069E	C-FCND	C175
069F	C-FCNE	P28A
06A1	C-FCNG	B06
06A2	C-FCNH	C185
06A3	C-FCNI	P28A
06AF	C-FCNU	B212
06B1	C-FCNW	B738
06B2	C-FCNX	GLAS
06B4	C-FCNZ	C210
06B5	C-FCOA	R44
06B6	C-FCOB	R44
06BA	C-FCOF	DH82
06BE	C-FCOJ	C185
06BF	C-FCOK	DA40
06C1	C-FCOM	GLID
06C2	C-FCON	E545
06C3	C-FCOO	DHC2
06C7	C-FCOS	EC20
06CC	C-FCOX	RV7
06CD	C-FCOY	B06
06D0	C-FCPB	CH20
06D2	C-FCPD	B763
06D5	C-FCPG	HROC
06D6	C-FCPH	B407
06D7	C-FCPI	BL8
06D8	C-FCPJ	C172
06D9	C-FCPK	P46T
06DB	C-FCPM	C208
06DD	C-FCPO	P28B
06E0	C-FCPR	C680
06E1	C-FCPS	AS50
06E2	C-FCPT	C206
06E4	C-FCPV	DHC6
06E5	C-FCPW	C182
06E6	C-FCPX	GLST
06E8	C-FCPZ	RV7
06EB	C-FCQC	C172
06EC	C-FCQD	A320
06EE	C-FCQF	EN28
06F2	C-FCQJ	B06
06F4	C-FCQL	P28A
06F6	C-FCQN	P28A
06F8	C-FCQP	DHC2
06FE	C-FCQV	C195
0700	C-FCQX	A320
0701	C-FCQY	C172
0706	C-FCRD	C177
0708	C-FCRF	AT5T
0709	C-FCRG	PA30
070C	C-FCRJ	RV8
070D	C-FCRK	RV9
0710	C-FCRN	AT6T
0713	C-FCRQ	LA4
0718	C-FCRV	RV6
071C	C-FCRZ	AT72
071D	C-FCSA	HROC
071E	C-FCSB	Z42
071F	C-FCSC	C340
0723	C-FCSG	AS50
0725	C-FCSI	CL30
0727	C-FCSK	DH8A
0729	C-FCSM	LA4
072B	C-FCSO	PA27
072C	C-FCSP	C172
0730	C-FCST	PA14
0731	C-FCSU	AS32
0732	C-FCSV	AS50
0734	C-FCSX	B738
0737	C-FCTA	B429
0738	C-FCTB	PRM1
073A	C-FCTD	C182
073D	C-FCTG	C206
0740	C-FCTJ	C172
0741	C-FCTK	B38M
0745	C-FCTO	C185
074D	C-FCTW	P28R
0757	C-FCUG	A320
075B	C-FCUK	C185
0760	C-FCUP	P28A
0762	C-FCUR	LEG2
0763	C-FCUS	DV20
0764	C-FCUT	C150
0769	C-FCUY	P28A
076B	C-FCVA	C185
076E	C-FCVD	PC12
0771	C-FCVG	BE23
0773	C-FCVI	DA42
0778	C-FCVN	L29
077C	C-FCVR	C172
077D	C-FCVS	C180
077F	C-FCVU	C182
0781	C-FCVW	C170
0783	C-FCVY	C172
078B	C-FCWG	C170
078C	C-FCWH	C150
078E	C-FCWJ	AS50
0792	C-FCWN	C185
0794	C-FCWP	DH8A
0797	C-FCWS	C172
07A2	C-FCXD	C172
07A7	C-FCXI	DHC1
07AB	C-FCXM	C180
07AC	C-FCXN	C185
07AD	C-FCXO	C185
07B3	C-FCXU	DA40
07B6	C-FCXX	CP10
07B7	C-FCXY	M20P
07B8	C-FCXZ	C172
07BE	C-FCYF	GLID
07C6	C-FCYN	DHC1
07C8	C-FCYP	P28B
07C9	C-FCYQ	BE23
07CD	C-FCYU	C152
07CE	C-FCYV	C152
07CF	C-FCYW	UH1
07D0	C-FCYX	A320
07D2	C-FCYZ	NAVI
07D3	C-FCZA	C172
07D4	C-FCZB	M20P
07D6	C-FCZD	BT36
07D8	C-FCZF	A320
07DF	C-FCZM	CASS
07E2	C-FCZP	DHC3
07E9	C-FCZW	C177
07EA	C-FCZX	C177
07EC	C-FCZZ	AC90
07ED	C-FDAA	PRM1
07EE	C-FDAB	C180
07F0	C-FDAD	M20P
07F6	C-FDAJ	C172
07F7	C-FDAK	DHC3
07F9	C-FDAM	C205
07FA	C-FDAN	F900
07FB	C-FDAO	DH8A
0800	C-FDAT	FOX
0801	C-FDAU	CL60
0804	C-FDAX	ASTR
0808	C-FDBB	CH2T
080A	C-FDBD	AC90
080B	C-FDBE	GLID
080C	C-FDBF	ERCO
0810	C-FDBJ	E55P
0814	C-FDBN	AEST
0816	C-FDBP	RV6
081A	C-FDBT	C172
081C	C-FDBV	C150
081D	C-FDBW	P28A
0821	C-FDCA	A320
0824	C-FDCD	CH7B
0825	CF-DCE	C172
0828	C-FDCH	S61
082D	C-FDCM	PA24
082E	C-FDCN	R44
082F	C-FDCO	C172
0830	C-FDCP	C150
0833	C-FDCS	CAD2
0834	C-FDCT	M20P
0836	C-FDCV	C172
0837	C-FDCW	C185
0839	C-FDCY	PA31
083D	C-FDDC	C172
083E	C-FDDD	CL60
083F	C-FDDE	AR15
0842	C-FDDH	AR15
0843	C-FDDI	H25B
084D	C-FDDS	DA40
084E	C-FDDT	M20P
0852	C-FDDX	DHC3
0856	C-FDEB	BE20
0859	C-FDEE	CNUK
085B	C-FDEG	PA46
085D	C-FDEI	C150
0863	C-FDEO	PAY1
0864	C-FDEP	HIGH
0869	C-FDEU	CRJ2
0871	C-FDFC	C150
0872	C-FDFD	HIGH
0874	C-FDFF	C185
0879	C-FDFK	AT75
0889	C-FDGA	AS50
088C	C-FDGD	GLID
0893	C-FDGK	AS50
0895	C-FDGM	C206
0897	C-FDGO	C172
0898	C-FDGP	B407
0899	C-FDGQ	A320
089E	C-FDGV	DHC6
08A4	C-FDHB	DHC6
08A6	C-FDHD	EC30
08A7	C-FDHE	AT8T
08A9	C-FDHG	M20T
08AD	C-FDHK	AT8T
08AE	C-FDHL	AT8T
08B0	C-FDHN	AT8T
08B1	C-FDHO	AT8T
08B5	C-FDHS	DH82
08B6	C-FDHT	DHC6
08B7	C-FDHU	A333
08B9	C-FDHW	AS50
08BA	C-FDHX	AT8T
08BB	C-FDHY	WAIX
08BC	C-FDHZ	AT8T
08C4	C-FDIH	C82R
08C5	C-FDII	PA24
08C6	C-FDIJ	B763
08C8	C-FDIL	GL5T
08CD	C-FDIQ	P28A
08D7	C-FDJA	CRJ2
08D8	C-FDJB	EC45
08D9	C-FDJC	RV7
08DA	C-FDJD	SR22
08DB	C-FDJE	C140
08DC	C-FDJF	DA42
08DF	C-FDJI	C172
08E1	C-FDJK	C177
08E4	C-FDJN	C208
08E8	CF-DJR	CP30
08EA	C-FDJT	PA24
08ED	C-FDJW	B407
08EE	C-FDJX	BE10
08F0	C-FDJZ	CRJ7
08F3	C-FDKC	CL35
08F5	C-FDKE	C150
08F8	C-FDKH	AS50
08FA	C-FDKJ	AS50
08FB	C-FDKK	AT3T
08FC	C-FDKL	B505
08FD	C-FDKM	C414
0900	C-FDKP	RC3
0908	C-FDKX	C172
090C	C-FDLB	SR22
090E	C-FDLD	C172
090F	C-FDLE	TBM9
0910	C-FDLF	C172
0911	C-FDLG	DH8A
0912	C-FDLH	C172
0914	C-FDLJ	C172
0919	C-FDLO	SS2T
091C	C-FDLR	C170
0920	C-FDLV	B06
0921	C-FDLW	C210
0923	C-FDLY	TAIL
0924	C-FDLZ	CJ6
0925	C-FDMA	C206
0926	C-FDMB	B738
0928	C-FDMD	BE55
0929	C-FDME	P28A
092D	C-FDMI	C182
0930	C-FDML	H500
0933	C-FDMO	BE76
0936	C-FDMR	R44
093F	C-FDNA	C680
0940	C-FDNB	BE33
0942	C-FDND	DH8A
0943	C-FDNE	B350
0945	C-FDNG	DH8A
0949	C-FDNK	EC20
094A	C-FDNL	CL2T
094B	C-FDNM	C172
094F	C-FDNQ	B212
0950	C-FDNR	EC20
0951	C-FDNS	RV6
0955	C-FDNW	T210
0956	C-FDNX	PA22
095C	C-FDOD	B412
095D	C-FDOE	B06
095E	C-FDOF	B212
095F	C-FDOG	RV6
0960	C-FDOH	S61
0964	C-FDOL	CL30
0966	C-FDON	C208
0968	C-FDOP	B212
0969	C-FDOQ	EC20
096B	C-FDOS	BE10
096D	C-FDOU	BE10
096E	C-FDOV	BE10
096F	C-FDOW	CRJ1
0971	C-FDOY	R44
0974	C-FDPB	CNUK
0977	C-FDPE	C150
097C	C-FDPJ	C172
0986	C-FDPT	NSTR
0989	C-FDPW	DHC2
098A	C-FDPX	C150
098C	C-FDPZ	CNUK
0993	C-FDQG	R44
099A	C-FDQN	C172
09A3	C-FDQW	R44
09AD	C-FDRG	CJ6
09AE	C-FDRH	E300
09B0	C-FDRJ	RV7
09B1	C-FDRK	A320
09B2	C-FDRL	BE55
09B4	C-FDRN	C185
09B5	C-FDRO	R44
09B6	C-FDRP	BK17
09B8	C-FDRR	C172
09BA	C-FDRT	C140
09BE	C-FDRX	BE30
09C0	C-FDRZ	BE30
09C3	C-FDSC	C82R
09C6	C-FDSF	RV6
09C7	C-FDSG	DHC2
09C8	C-FDSH	E545
09CE	C-FDSN	A320
09CF	C-FDSO	C172
09D4	C-FDST	A320
09D5	C-FDSU	A320
09D7	C-FDSW	C210
09DB	C-FDTA	C152
09DC	C-FDTB	SREY
09DD	C-FDTC	B350
09E0	C-FDTF	C210
09E3	C-FDTI	GLID
09E7	C-FDTM	T206
09E9	C-FDTO	C182
09EA	C-FDTP	BE30
09ED	C-FDTS	BE58
09EE	C-FDTT	C150
09F0	C-FDTV	R44
09F2	C-FDTX	C206
09F3	C-FDTY	DHC2
09F4	C-FDTZ	DHC2
09FA	C-FDUF	C172
0A05	C-FDUQ	PA25
0A0B	C-FDUW	BCS3
0A0E	C-FDUZ	GLID
0A0F	C-FDVA	PA24
0A19	HS-TVB	DA40
0A1F	C-FDVQ	C150
0A21	C-FDVS	C172
0A22	C-FDVT	DA40
0A28	C-FDVZ	PA22
0A33	C-FDWK	P28R
0A34	C-FDWL	PA27
0A35	C-FDWM	BE20
0A37	C-FDWO	DH8A
0A39	C-FDWQ	P28A
0A3A	C-FDWR	M20P
0A3D	C-FDWU	DA40
0A3E	C-FDWV	C172
0A4C	C-FDXJ	C182
0A4F	C-FDXM	RV8
0A53	C-FDXQ	C172
0A57	C-FXDU	C560
0A60	C-FDYD	B06
0A67	C-FDYK	P28T
0A68	C-FDYL	DHC6
0A6A	C-FDYN	D328
0A6C	C-FDYP	CNUK
0A6F	C-FDYS	AS50
0A70	C-FDYT	SR22
0A73	C-FDYW	DV20
0A75	C-FDYY	C172
0A79	C-FDZC	C172
0A7B	C-FDZE	UH1
0A80	C-FDZJ	C172
0A85	C-FDZO	P28R
0A86	C-FDZP	BE35
0A88	C-FDZR	C172
0A8A	C-FDZT	C180
0A8B	C-FDZU	C172
0A8D	C-FDZW	GLID
0A8F	C-FDZY	PTS2
0A92	C-FEAB	PA30
0A94	C-FEAD	CL35
0A97	C-FEAG	BE20
0A98	C-FEAH	P28A
0A99	C-FEAI	DH8C
0A9B	C-FEAK	B738
0A9E	C-FEAN	P28A
0AA5	C-FEAU	CNUK
0AAB	C-FEBA	C206
0AAD	C-FEBC	B407
0AB0	C-FEBF	B06
0AB1	C-FEBG	B06
0AB9	C-FEBO	B06
0ABA	C-FEBP	CNUK
0ABD	C-FEBS	BE30
0ABF	C-FEBU	BU31
0AC9	C-FECE	C185
0ACC	C-FECH	R66
0ACD	C-FECI	AT43
0AD1	C-FECM	RV8
0AD4	C-FECP	DV20
0AD6	C-FECR	C185
0AD7	C-FECS	C172
0AD9	C-FECU	C182
0ADC	C-FECX	C185
0AE2	C-FEDD	S108
0AE3	C-FEDE	CA4
0AE5	C-FEDG	CL35
0AE8	C-FEDJ	RV10
0AF0	C-FEDR	PA24
0AF1	C-FEDS	C182
0AF3	C-FEDU	SR22
0AF4	C-FEDV	E550
0AF5	C-FEDW	B14A
0AFA	C-FEEB	C172
0AFB	C-FEEC	B06
0AFD	C-FEEE	W62T
0B05	C-FEEM	RV8
0B07	C-FEEO	C140
0B09	C-FEEQ	C172
0B0B	C-FEES	RV9
0B0D	C-FEEU	AA5
0B10	C-FEEX	C185
0B11	C-FEEY	J3
0B13	C-FEFA	PA12
0B18	C-FEFF	C170
0B19	C-FEFG	DV20
0B1C	C-FEFJ	PA12
0B1F	C-FEFM	M20T
0B20	C-FEFN	C172
0B22	C-FEFP	WAIX
0B27	C-FEFU	CH70
0B29	C-FEFW	PA44
0B2B	C-FEFY	C172
0B2C	C-FEFZ	DV20
0B2F	C-FEGC	RV7
0B35	C-FEGI	B789
0B38	C-FEGL	DV20
0B3B	C-FEGO	DHC1
0B40	C-FEGT	RV7
0B41	C-FEGU	C172
0B47	C-FEHA	C172
0B48	C-FEHB	PA31
0B4E	C-FEHH	C210
0B50	C-FEHJ	BE35
0B5E	C-FEHX	ERCO
0B64	C-FEID	C172
0B65	C-FEIE	C172
0B6A	C-FEIJ	C177
0B6B	C-FEIK	C177
0B6E	C-FEIN	P28A
0B70	C-FEIP	P32T
0B71	C-FEIQ	E75S
0B73	C-FEIS	S92
0B76	C-FEIV	S108
0B78	C-FEIX	E75S
0B7A	C-FEIZ	C140
0B7B	C-FEJA	CRJ2
0B7C	C-FEJB	E75S
0B7D	C-FEJC	E75S
0B7E	C-FEJD	E75S
0B80	C-FEJF	E75S
0B83	C-FEJI	C150
0B86	C-FEJL	E75S
0B87	C-FEJM	FBA2
0B8A	C-FEJP	E75S
0B8B	C-FEJQ	P28A
0B8E	C-FEJT	C172
0B93	C-FEJY	E75S
0B94	C-FEJZ	P28A
0B98	C-FEKD	E75S
0B9A	C-FEKF	SR22
0B9C	C-FEKH	E75S
0B9D	C-FEKI	E75S
0B9E	C-FEKJ	E75S
0BA7	C-FEKS	E75S
0BA9	C-FEKU	C140
0BAB	C-FEKW	RV4
0BAC	C-FEKX	CH7B
0BAD	C-FEKY	C150
0BAE	C-FEKZ	C172
0BB0	C-FELB	C172
0BB4	CF-ELF	GY20
0BB7	C-FELI	PA24
0BB8	C-FELJ	RV7
0BBB	C-FELM	BE77
0BBC	C-FELN	P28A
0BC2	C-FELT	C180
0BC3	C-FELU	R66
0BC4	C-FELV	P28A
0BC6	C-FELX	C140
0BC7	C-FELY	C172
0BC8	C-FELZ	PA18
0BCB	C-FEMC	LJ40
0BCE	C-FEMF	LJ40
0BD0	C-FEMH	C175
0BD2	C-FEMJ	P28B
0BD3	C-FEMK	C140
0BD4	C-FEML	LJ45
0BD6	C-FEMN	DA62
0BD7	C-FEMO	C172
0BD8	C-FEMP	C172
0BDC	C-FEMT	LJ40
0BDD	C-FEMU	P28A
0BDF	C-FEMW	C150
0BE1	C-FEMY	P28A
0BE8	C-FENF	DV20
0BE9	C-FENG	ST75
0BEC	C-FENJ	DH8D
0BEE	C-FENL	C172
0BF1	C-FENO	DH8D
0BF2	C-FENP	CNUK
0BF4	C-FENR	GLID
0BF6	C-FENT	P28R
0BF7	C-FENU	DH8D
0BFB	C-FENY	B3XM
0C04	C-FEOH	CNUK
0C07	C-FEOK	C170
0C08	C-FEOL	C170
0C09	C-FEOM	C180
0C0A	C-FEON	PA31
0C0B	C-FEOO	C150
0C0C	C-FEOP	C150
0C0E	C-FEOR	BE58
0C16	C-FEOZ	PA18
0C17	C-FEPA	C510
0C19	C-FEPC	FOX
0C1A	C-FEPD	BE35
0C1D	C-FEPG	C206
0C21	C-FEPK	C185
0C22	C-FEPL	C208
0C26	C-FEPP	LNCE
0C28	C-FEPR	B407
0C2A	C-FEPT	C182
0C2C	C-FEPV	FOX
0C2E	C-FEPX	B412
0C30	C-FEPZ	DA40
0C32	C-FEQB	B429
0C35	C-FEQE	BE23
0C3B	C-FEQK	BE55
0C41	C-FEQQ	CH7A
0C4B	C-FERA	H500
0C4F	C-FERE	PA34
0C50	C-FERF	PA27
0C51	C-FERG	CH7A
0C54	C-FERJ	RJ85
0C5A	C-FERP	CH7A
0C5C	C-FERR	PA12
0C5E	C-FERT	R44
0C62	C-FERX	C180
0C67	C-FESC	C172
0C6D	C-FESI	C152
0C6E	C-FESJ	SREY
0C70	C-FESL	C172
0C71	C-FESM	M20P
0C77	C-FESS	B407
0C7F	C-FETA	AS50
0C81	C-FETC	B06
0C89	C-FETK	UH1
0C8B	C-FETM	BE35
0C8C	C-FETN	DH2T
0C8F	C-FETQ	AS50
0C90	C-FETR	B47G
0C91	C-FETS	P28B
0C93	C-FETU	S76
0C97	C-FETY	C180
0C98	C-FETZ	PIVI
0C9A	C-FEUB	PA12
0C9B	C-FEUC	M4
0CA0	C-FEUH	C172
0CA1	C-FEUI	C172
0CA8	C-FEUP	C208
0CAA	C-FEUR	AT72
0CAB	C-FEUS	C172
0CAF	C-FEUW	BT36
0CB6	C-FEVD	B738
0CBC	C-FEVJ	C150
0CC4	C-FEVR	C172
0CC5	C-FEVS	C172
0CC7	C-FEVU	C172
0CCA	C-FEVX	AS50
0CCD	C-FEWA	C150
0CD2	C-FEWF	CH7A
0CD3	C-FEWG	C172
0CD6	C-FEWJ	B38M
0CD7	C-FEWK	C172
0CDB	C-FEWO	C172
0CDC	C-FEWP	C206
0CDE	C-FEWR	SEAW
0CE2	C-FEWV	C172
0CE4	C-FEWX	C172
0CE9	C-FEXC	DFLY
0CEA	C-FEXD	FA10
0CEB	C-FEXE	C208
0CEC	C-FEXF	C208
0CEE	C-FEXH	C208
0CF1	C-FEXK	S108
0CF4	C-FEXN	C208
0CF5	C-FEXO	C208
0CFD	C-FEXW	C208
0CFE	C-FEXX	C208
0CFF	C-FEXY	C208
0D00	C-FEXZ	DH8C
0D01	C-FEYA	C170
0D05	C-FEYE	C340
0D07	C-FEYG	DH8C
0D08	C-FEYH	P28A
0D09	C-FEYI	P28A
0D0C	C-FEYL	P28A
0D10	C-FEYP	BE10
0D19	C-FEYY	GLST
0D1A	C-FEYZ	DA40
0D1C	C-FEZB	S108
0D22	C-FEZH	PA22
0D23	C-FEZI	NAVI
0D27	C-FEZM	C150
0D28	C-FEZN	C206
0D30	C-FEZV	PA24
0D32	C-FEZX	C152
0D34	C-FEZZ	P28A
0D36	C-FFAB	EC20
0D37	C-FFAC	HROC
0D40	C-FFAL	B732
0D42	C-FFAN	B350
0D43	C-FFAO	P28R
0D44	C-FFAP	BE20
0D46	C-FFAR	BE20
0D48	C-FFAT	PA11
0D4B	C-FFAW	C82R
0D4C	C-FFAX	HUSK
0D4D	C-FFAY	DC3
0D4E	C-FFAZ	C150
0D51	C-FFBC	B38M
0D53	C-FFBE	CL60
0D5B	C-FFBM	AS50
0D61	C-FFBS	LA4
0D63	C-FFBU	AS50
0D65	C-FFBW	H269
0D67	C-FFBY	RV6
0D6C	C-FFCD	GLEX
0D6D	C-FFCE	SR22
0D70	C-FFCH	B407
0D74	C-FFCL	AS32
0D76	C-FFCN	C172
0D79	C-FFCQ	C172
0D7B	C-FFCS	C170
0D7C	C-FFCT	C172
0D7D	C-FFCU	B190
0D85	C-FFDC	PA32
0D89	C-FFDG	C170
0D8B	C-FFDI	C172
0D8D	C-FFDK	BCS3
0D8E	C-FFDL	C180
0D8F	C-FFDM	C182
0D90	C-FFDN	RV6
0D91	C-FFDO	BCS3
0D99	C-FFDW	P46T
0D9D	C-FFEA	PA34
0D9E	C-FFEB	P28A
0D9F	C-FFEC	P28A
0DA1	C-FFEE	PA34
0DA2	C-FFEF	P28R
0DA7	C-FFEK	C310
0DA8	C-FFEL	B38M
0DB7	C-FFFA	SR22
0DB9	C-FFFC	PA31
0DCD	C-FFFW	SR22
0DCE	C-FFFX	B38M
0DD0	C-FFFZ	C180
0DD1	C-FFGA	C208
0DD3	C-FFGC	RV8
0DD9	C-FFGI	FA50
0DDE	C-FFGN	FBA2
0DE1	C-FFGQ	C170
0DE6	C-FFGV	LA4
0DE7	C-FFGW	RC3
0DE9	C-FFGY	NAVI
0DEA	C-FFGZ	A321
0DEB	C-FFHA	DHC2
0DEC	C-FFHB	PA31
0DF1	C-FFHG	C172
0DF2	C-FFHH	C150
0DF6	C-FFHL	B06
0DF7	C-FFHM	SM19
0DF8	C-FFHN	C152
0DF9	C-FFHO	DHC2
0DFA	C-FFHP	DH8D
0E0A	C-FFIF	AEST
0E0E	C-FFIJ	GL5T
0E0F	C-FFIK	B38M
0E10	C-FFIL	B407
0E11	C-FFIM	C82R
0E12	C-FFIN	C152
0E13	C-FFIO	P28A
0E14	C-FFIP	CL35
0E15	C-FFIQ	B38M
0E17	C-FFIS	B38M
0E1E	C-FFIZ	P28A
0E1F	C-FFJA	CRJ2
0E20	C-FFJB	AT5T
0E24	C-FFJF	B38M
0E25	C-FFJG	B38M
0E28	C-FFJJ	P28A
0E29	C-FFJK	C172
0E2A	C-FFJL	C310
0E2B	C-FFJM	SW3
0E34	C-FFJV	S108
0E35	C-FFJW	PA31
0E36	C-FFJX	C170
0E37	C-FFJY	UH1
0E39	C-FFKA	AS50
0E3E	C-FFKF	CVLT
0E3F	C-FFKG	P28A
0E40	C-FFKH	P28A
0E41	C-FFKI	C150
0E43	C-FFKK	AS50
0E47	C-FFKO	PA18
0E4C	C-FFKT	MIMU
0E54	C-FFLB	C182
0E55	C-FFLC	B738
0E5A	C-FFLH	C172
0E5C	C-FFLJ	B738
0E5E	C-FFLL	C120
0E5F	C-FFLM	C120
0E62	C-FFLP	C152
0E64	C-FFLR	C150
0E68	C-FFLV	BE35
0E6A	C-FFLX	C172
0E6C	C-FFLZ	B38M
0E6D	C-FFMA	C185
0E6E	C-FFMB	PA32
0E75	C-FFMI	CL60
0E7D	C-FFMQ	C152
0E83	C-FFMW	C182
0E87	C-FFNA	GLID
0E89	C-FFNC	B734
0E8B	C-FFNE	B734
0E8C	C-FFNF	B734
0E90	C-FFNJ	R44
0E93	C-FFNM	B734
0E97	C-FFNQ	LA4
0E9D	C-FFNW	B38M
0EA5	C-FFOE	C172
0EA6	C-FFOF	P28B
0EA7	C-FFOG	P28B
0EA8	C-FFOH	C172
0EAA	C-FFOJ	GLID
0EAD	C-FFOM	AC11
0EB2	C-FFOR	C150
0EB6	C-FFOV	C185
0EB7	C-FFOW	PA30
0EBB	C-FFPA	B752
0EBC	C-FFPB	LA4
0EC2	C-FFPH	B738
0EC6	C-FFPL	AT8T
0EC7	C-FFPM	P46T
0ECC	C-FFPR	C170
0ECE	C-FFPT	SR22
0ECF	C-FFPU	C170
0ED4	C-FFPZ	CH7A
0ED7	C-FFQC	CH7A
0ED9	C-FFQE	DH8D
0EDA	C-FFQF	DH8D
0EDB	C-FFQG	DH8D
0EDD	C-FFQI	DH8D
0EDF	C-FFQK	CH7A
0EE0	C-FFQL	DH8D
0EE1	C-FFQM	DV20
0EE2	C-FFQN	P28B
0EE3	C-FFQO	C152
0EE4	C-FFQP	P28A
0EE6	C-FFQR	AT8T
0EE7	C-FFQS	AT8T
0EE8	C-FFQT	DV20
0EEA	C-FFQV	DH8D
0EEF	C-FFRA	CH7B
0EF0	C-FFRB	FBA2
0EF3	C-FFRE	P32R
0EF4	C-FFRF	AS50
0F00	C-FFRR	C170
0F03	C-FFRU	C177
0F04	C-FFRV	C172
0F05	C-FFRW	C177
0F07	C-FFRY	PA31
0F08	C-FFRZ	PIVI
0F0A	C-FFSB	M4
0F0E	C-FFSF	AS65
0F11	C-FFSI	RV9
0F13	C-FFSK	C172
0F14	C-FFSL	PA31
0F15	C-FFSM	R44
0F1B	C-FFSS	MU2
0F27	C-FFTE	SR22
0F28	C-FFTF	C185
0F2A	C-FFTH	C172
0F2F	C-FFTM	BL8
0F34	C-FFTR	FA50
0F36	C-FFTT	P28A
0F37	C-FFTU	P28R
0F3B	C-FFTY	PA16
0F3D	C-FFUA	C172
0F3F	C-FFUC	AS50
0F40	C-FFUD	C172
0F44	C-FFUH	FA24
0F46	C-FFUJ	B06
0F4A	C-FFUN	B222
0F4C	C-FFUP	P28A
0F5A	C-FFVD	C170
0F62	C-FFVL	MUS2
0F63	C-FFVM	B738
0F69	C-FFVS	B412
0F6A	C-FFVT	EC20
0F6E	C-FFVX	RV10
0F77	C-FFWG	BE35
0F7B	C-FFWK	C172
0F7C	C-FFWL	C180
0F87	C-FFWW	C150
0F8E	C-FFXD	C208
0F96	C-FFXL	CH70
0F97	C-FFXM	B06
0F9C	C-FFXR	C182
0FA2	C-FFXX	A109
0FA3	C-FFXY	C172
0FA5	C-FFYA	C152
0FA6	C-FFYB	SEAW
0FA7	C-FFYC	C208
0FA8	C-FFYD	PA34
0FAA	C-FFYF	BE35
0FAB	C-FFYG	E75S
0FAC	C-FFYH	C172
0FAD	C-FFYI	C172
0FAE	C-FFYJ	E190
0FB1	C-FFYM	TBM9
0FB7	C-FFYS	CH7A
0FB8	C-FFYT	B505
0FBB	C-FFYW	DH82
0FBD	C-FFYY	FOX
0FC3	C-FFZE	DH8D
0FC4	C-FFZF	C172
0FC6	C-FFZH	C170
0FC8	C-FFZJ	DH8D
0FCB	C-FFZM	S92
0FCD	C-FFZO	C150
0FCE	C-FFZP	DH8D
0FCF	C-FFZQ	C182
0FD1	C-FFZS	C172
0FD6	C-FFZX	J3
0FD7	C-FFZY	DH8D
0FD8	C-FFZZ	SR22
0FDA	C-FGAB	PC12
0FDF	C-FGAG	PA20
0FE0	C-FGAH	RBEL
0FE1	C-FGAI	DV20
0FE2	C-FGAJ	B762
0FE4	C-FGAL	DHC6
0FEA	C-FGAR	C172
0FEB	C-FGAS	M20T
0FEC	C-FGAT	BE35
0FF0	C-FGAX	C150
0FF2	C-FGAZ	PA27
0FF3	C-FGBA	EC20
0FF7	C-FGBE	R44
0FF9	C-FGBG	AC52
1000	C-FGBN	P28A
1002	C-FGBP	CL35
1005	C-FGBS	C185
1006	C-FGBT	C150
100E	C-FGCB	GC1
1014	C-FGCH	C172
1015	C-FGCI	PA32
1016	C-FGCJ	CJ6
101A	C-FGCN	B733
101B	C-FGCO	B212
101C	C-FGCP	DH8A
101E	C-FGCR	P28A
1020	C-FGCT	PA31
1021	C-FGCU	CL35
1024	C-FGCX	DC3
1025	C-FGCY	DHC2
102B	C-FGDE	C152
102D	C-FGDG	C182
1032	C-FGDL	BE55
1033	C-FGDM	PA31
1034	C-FGDN	M20P
1035	C-FGDO	WAIX
103A	C-FGDT	B789
103B	C-FGDU	C421
103E	C-FGDX	B789
1040	C-FGDZ	B789
1045	C-FGEE	P28A
1046	C-FGEF	C182
1049	C-FGEI	B789
104B	C-FGEK	C152
104F	C-FGEO	B789
1050	C-FGEP	A109
105B	C-FGFA	C172
105C	C-FGFB	RV7
105D	C-FGFC	ERCO
1061	C-FGFG	CL60
1066	C-FGFL	PC12
1069	C-FGFO	R66
106F	C-FGFU	ERCO
1071	C-FGFW	COL4
1074	C-FGFZ	B789
1076	C-FGGB	B47G
1079	C-FGGE	B350
107A	C-FGGF	CL30
107C	C-FGGH	GL5T
107D	C-FGGI	PA31
1080	C-FGGL	R44
1081	C-FGGM	P28A
1083	C-FGGO	PA16
1091	C-FGHC	C182
109A	C-FGHL	LJ75
109B	C-FGHM	C206
109F	C-FGHQ	WAIX
10A1	C-FGHS	C172
10A2	C-FGHT	CAML
10A6	C-FGHX	RV4
10A8	C-FGHZ	B789
10A9	C-FGIA	CH7A
10AA	C-FGIB	DHC2
10AE	C-FGIF	C170
10B5	C-FGIM	C172
10B7	C-FGIO	C170
10B9	C-FGIQ	BE23
10BB	C-FGIS	PA27
10BF	C-FGIW	CL35
10C2	C-FGIZ	RV6
10C3	C-FGJA	P28A
10C4	C-FGJB	P28A
10C6	C-FGJD	L8
10CB	C-FGJI	A320
10CD	C-FGJK	C152
10D1	C-FGJO	C140
10D3	C-FGJQ	GLAS
10D5	C-FGJS	S92
10D6	C-FGJT	BE23
10DB	C-FGJY	C150
10DC	C-FGJZ	P28A
10DD	C-FGKA	C120
10E0	C-FGKD	PA44
10E4	C-FGKH	A320
10E6	C-FGKJ	B752
10EA	C-FGKN	A321
10EB	C-FGKO	AS50
10EC	C-FGKP	A321
10ED	C-FGKQ	BE35
10EF	C-FGKS	CL60
10F6	C-FGKZ	A321
10FC	C-FGLF	DHC6
10FD	C-FGLG	S92
10FF	CF-GLI	NORS
1106	C-FGLP	GLID
1107	C-FGLQ	GLEX
110A	C-FGLT	PA18
110B	C-FGLU	C172
110D	C-FGLW	GLEX
110E	C-FGLX	E190
110F	C-FGLY	E190
1111	C-FGMA	C185
1116	C-FGMF	E190
1119	C-FGMI	LA4
111C	C-FGML	PA30
111D	C-FGMM	PA30
1120	C-FGMP	C150
1121	C-FGMQ	PC12
1122	C-FGMR	R44
1123	C-FGMS	C182
1125	C-FGMU	P28A
1127	C-FGMW	P28A
112C	C-FGNB	CJ6
112E	C-FGND	RV9
1131	C-FGNG	P46T
1136	C-FGNL	BE23
113A	C-FGNP	C172
113D	C-FGNS	PA16
1142	C-FGNX	P28A
1145	C-FGOA	BE23
114B	C-FGOG	DHC6
114F	C-FGOK	R22
1150	C-FGOL	S76
1152	C-FGON	DHC6
1157	C-FGOS	M20P
115C	C-FGOX	C170
1161	C-FGPC	C185
1165	C-FGPG	C172
1167	C-FGPI	C210
1168	C-FGPJ	CH60
116A	C-FGPL	C185
116C	C-FGPN	PA27
1170	C-FGPR	P28A
1171	C-FGPS	R44
1172	C-FGPT	C170
1175	C-FGPW	L8
1179	C-FGQA	DHC2
117A	C-FGQB	C180
117E	C-FGQF	DHC2
117F	C-FGQG	DHC2
1185	C-FGQM	ERCO
1188	C-FGQP	R44
1192	C-FGQZ	DHC2
1195	C-FGRC	DH8A
119B	C-FGRI	C172
119F	C-FGRM	DH8A
11A2	C-FGRP	DH8A
11AD	C-FGSA	P28B
11AE	C-FGSB	AS50
11B6	C-FGSJ	B763
11B7	C-FGSK	C150
11B8	C-FGSL	B06
11B9	C-FGSM	C172
11BA	C-FGSN	C185
11BB	C-FGSO	C172
11BD	C-FGSQ	C172
11BF	C-FGSS	CL30
11C1	C-FGSU	BE30
11C2	C-FGSV	PA20
11C4	C-FGSX	BE30
11C6	C-FGSZ	P28A
11C8	C-FGTB	PA20
11CB	C-FGTE	GLST
11CC	C-FGTF	PA18
11CF	C-FGTI	BE9L
11D1	C-FGTK	C150
11D7	C-FGTQ	C172
11D9	C-FGTS	C172
11DA	C-FGTT	C170
11DB	C-FGTU	DH82
11DC	C-FGTV	DA42
11DD	C-FGTW	T206
11E1	C-FGUA	P28A
11E3	C-FGUC	PA32
11E4	C-FGUD	GLEX
11E7	C-FGUG	C170
11F1	C-FGUQ	M20P
11F2	C-FGUR	C172
11F3	C-FGUS	M20P
11F5	C-FGUU	C185
11F8	C-FGUX	BL17
11FA	C-FGUZ	C185
11FB	C-FGVA	P28S
11FC	C-FGVB	PA18
11FD	C-FGVC	S108
1203	C-FGVI	C172
1206	C-FGVL	C182
1207	C-FGVM	T206
120A	C-FGVP	CH7A
120B	C-FGVQ	AR11
120D	C-FGVS	R44
1212	C-FGVX	C150
1215	C-FGWA	PAY2
1218	C-FGWD	BE36
121B	CF-GWG	MAJR
121C	C-FGWH	C337
121E	C-FGWJ	B737
1220	C-FGWL	B06
1221	C-FGWM	C206
1223	C-FGWO	R22
1226	C-FGWR	BE20
1228	C-FGWT	A4
122B	C-FGWW	RV8
122F	C-FGXA	RV9
1230	C-FGXB	HROC
1235	C-FGXG	BE9L
1236	C-FGXH	BE9L
1237	C-FGXI	R44
1238	C-FGXJ	BE9L
1239	C-FGXK	SR20
123A	C-FGXL	BE9L
123B	C-FGXM	GLID
123D	C-FGXO	BE9L
1240	C-FGXR	BE20
1241	C-FGXS	BE9L
1242	C-FGXT	BE9L
1244	C-FGXV	M4
124C	C-FGYD	UL10
124D	C-FGYE	CLON
124E	C-FGYF	S108
124F	C-FGYG	PA18
1254	C-FGYL	A4
1255	C-FGYM	C182
1256	C-FGYN	DHC2
125B	C-FGYS	A4
1262	C-FGYZ	C150
1264	C-FGZB	C185
1265	C-FGZC	C170
1266	C-FGZD	A4
1267	C-FGZE	A4
1268	C-FGZF	C172
1269	C-FGZG	CH7A
126A	C-FGZH	A4
126B	C-FGZI	A4
1270	C-FGZN	C170
1271	C-FGZO	A4
1272	C-FGZP	BE35
1273	C-FGZQ	C340
1275	C-FGZS	A4
1276	C-FGZT	A4
1277	C-FGZU	C182
1279	C-FGZW	C150
127A	C-FGZX	RC3
127B	C-FGZY	C172
127D	C-FHAA	DHC3
127E	C-FHAB	PC12
1280	C-FHAD	DH3T
1283	C-FHAG	LJ75
1284	C-FHAH	AS50
1286	C-FHAJ	DH3T
1287	C-FHAK	AS50
128C	C-FHAP	AS50
1291	C-FHAU	AS50
1292	C-FHAV	R44
1294	C-FHAX	DHC3
1295	C-FHAY	C172
129D	C-FHBG	AS50
129E	C-FHBH	B06
12A3	C-FHBM	C180
12A5	C-FHBO	B737
12A7	C-FHBQ	BCS3
12A9	C-FHBS	GLAS
12AA	C-FHBT	BCS3
12AD	C-FHBW	C177
12AE	C-FHBX	AT45
12B0	C-FHBZ	RV6
12B1	C-FHCA	L8
12B3	C-FHCC	C150
12B5	C-FHCE	PC12
12B6	C-FHCF	C172
12B7	C-FHCG	R44
12BA	C-FHCJ	B762
12BC	C-FHCL	H269
12BD	C-FHCM	B38M
12BE	C-FHCN	H46
12C6	C-FHCV	C172
12C7	C-FHCW	LJ45
12C9	C-FHCY	R22
12CD	C-FHDC	PA22
12DA	C-FHDP	PA44
12DB	C-FHDQ	C206
12E4	C-FHDZ	P28A
12E8	C-FHED	B407
12E9	C-FHEE	BDOG
12ED	C-FHEI	BCS3
12EE	C-FHEJ	PA20
12EF	C-FHEK	C182
12F0	C-FHEL	C182
12F2	C-FHEN	DH8D
12F3	C-FHEO	M20T
12F5	C-FHEQ	RV6
12F6	C-FHER	C170
1301	C-FHFC	C177
1307	C-FHFI	C172
130C	C-FHFN	BCS3
130D	C-FHFO	C180
1310	C-FHFR	C150
1311	C-FHFS	PA44
1312	C-FHFT	C172
1315	C-FHFW	C150
1318	C-FHFZ	LA4
1319	C-FHGA	C208
131B	C-FHGC	PC12
131C	C-FHGD	RV7
131F	C-FHGG	BE10
1324	C-FHGL	R22
1325	C-FHGM	C150
132C	C-FHGT	C172
132D	C-FHGU	WAIX
1331	C-FHGY	C206
1333	C-FHHA	B06
1334	C-FHHB	B06
1335	C-FHHC	AS50
133C	C-FHHJ	B06
133F	C-FHHM	CL60
1342	C-FHHP	RV8
1347	C-FHHU	AS50
1348	C-FHHV	H500
134B	C-FHHY	AS50
1350	C-FHID	C180
1361	C-FHIU	E190
1365	C-FHIY	C172
1368	C-FHJB	C172
136A	C-FHJD	C170
136C	C-FHJF	GLAS
1370	C-FHJJ	E190
1371	C-FHJK	B407
1372	C-FHJL	SR22
1373	C-FHJM	C140
1374	C-FHJN	C180
1375	C-FHJO	S76
1379	C-FHJS	C150
1381	C-FHKA	E190
1383	C-FHKC	C182
1385	C-FHKE	H60
1386	C-FHKF	CVLT
1389	C-FHKI	E190
138E	C-FHKN	L8
138F	C-FHKO	C172
1393	C-FHKS	H60
1394	C-FHKT	S108
1395	C-FHKU	S61
13A1	C-FHLG	C550
13A2	C-FHLH	E190
13A3	C-FHLI	PA27
13AA	C-FHLP	BE9L
13AE	C-FHLT	C182
13AF	C-FHLU	CH30
13B2	C-FHLX	TAYA
13B3	C-FHLY	H60
13B5	C-FHMA	MU2
13B7	C-FHMC	SF34
13B8	C-FHMD	C414
13BA	C-FHMF	DH8B
13BB	C-FHMG	GLEX
13BC	C-FHMH	RV9
13BD	C-FHMI	R44
13BF	C-FHMK	C182
13C0	C-FHML	AC11
13C1	C-FHMM	C152
13C3	C-FHMO	BCS3
13C7	C-FHMS	RV9
13C8	C-FHMT	C182
13CB	C-FHMW	T206
13CC	C-FHMX	C172
13CE	C-FHMZ	GLEX
13D0	C-FHNB	BCS3
13D1	C-FHNC	DH8C
13D4	C-FHNF	B737
13D5	C-FHNG	C185
13D6	C-FHNH	B737
13D7	C-FHNI	B737
13D8	C-FHNJ	C56X
13D9	C-FHNK	PA18
13DA	C-FHNL	B737
13DC	C-FHNN	B737
13DD	C-FHNO	C172
13DE	C-FHNP	B737
13E1	C-FHNS	ASTR
13E6	C-FHNX	B737
13E8	C-FHNZ	AS50
13E9	C-FHOA	SONX
13EB	C-FHOC	C172
13ED	C-FHOE	PA32
13EF	C-FHOG	C206
13F2	C-FHOJ	J3
13F3	C-FHOK	PA22
13F6	C-FHON	AS50
13FB	C-FHOS	E190
1401	C-FHOY	BCS3
1402	C-FHOZ	R44
1404	C-FHPB	B350
1406	C-FHPD	RV6
1409	C-FHPG	AS55
140A	C-FHPH	RC3
140E	C-FHPL	AS50
140F	C-FHPM	GLF4
1410	C-FHPN	C206
1416	C-FHPT	C180
1418	C-FHPV	CH7A
1419	C-FHPW	AS55
141A	C-FHPX	C170
141E	C-FHQB	UH1
1422	C-FHQF	C172
1424	C-FHQH	B06
1426	C-FHQJ	PA12
1430	C-FHQT	C150
1437	C-FHRA	AT5T
1438	C-FHRB	C208
1439	C-FHRC	DH8A
143A	C-FHRD	AT5T
143E	C-FHRH	R66
1442	C-FHRL	CL60
1443	C-FHRM	C172
1444	C-FHRN	C182
144A	C-FHRT	DHC2
144B	C-FHRU	C180
144C	C-FHRV	RV4
1455	C-FHSE	C177
1456	C-FHSF	C180
1457	C-FHSG	C180
1460	C-FHSP	B350
1464	C-FHST	R44
1465	C-FHSU	B06
146D	C-FHTC	C172
1472	C-FHTH	TBM9
1473	C-FHTI	C172
1476	C-FHTL	C421
1477	C-FHTM	B06
1479	C-FHTO	AJET
147C	C-FHTR	B06
147D	C-FHTS	B06
147F	C-FHTU	Z42
1488	C-FHUD	C172
148D	CF-HUI	L8
1491	C-FHUM	RV4
1492	C-FHUN	RV7
1493	C-FHUO	BE35
1497	C-FHUS	N3N
1498	C-FHUT	C150
149B	C-FHUW	BE23
149C	C-FHUX	C182
149D	C-FHUY	B06
14A1	C-FHVC	B06
14A6	C-FHVH	AS50
14A8	C-FHVJ	C172
14AB	C-FHVM	EC20
14AD	C-FHVO	S92
14B1	C-FHVS	C170
14B4	C-FHVV	AS50
14B6	C-FHVX	D328
14B9	C-FHWA	C208
14C0	C-FHWH	P28A
14C3	C-FHWK	H60
14C5	C-FHWM	SW3
14C7	C-FHWO	C172
14C8	C-FHWP	C180
14CC	C-FHWT	C182
14CD	C-FHWU	C182
14D4	C-FHXB	S92
14D6	C-FHXD	EXEC
14D9	C-FHXG	AA1
14E0	C-FHXN	BCS3
14E2	C-FHXP	C172
14F4	C-FHYH	C172
14F8	C-FHYL	CL60
14FC	C-FHYP	PA31
1501	C-FHYU	AA5
1502	C-FHYV	AA5
1505	C-FHYY	BCS3
1508	C-FHZB	CB1
150B	C-FHZE	R44
150D	C-FHZG	BCS3
1516	C-FHZP	B06
1519	C-FHZS	C182
151F	C-FHZY	R44
1520	XA-CRO	B429
1528	C-FIAH	C172
1529	C-FIAI	DH8C
152C	C-FIAL	RV14
152E	C-FIAN	B06
1530	C-FIAP	C56X
1531	C-FIAQ	AT8T
1532	C-FIAR	RV6
1533	C-FIAS	C25A
1534	C-FIAT	C180
1536	C-FIAV	C185
1537	C-FIAW	PA18
153A	C-FIAZ	C182
153B	C-FIBA	B38M
153D	C-FIBC	H269
153E	C-FIBD	C208
1544	C-FIBJ	C180
1546	C-FIBL	C170
154B	C-FIBQ	C560
154C	C-FIBR	B350
154E	C-FIBT	C172
154F	C-FIBU	S108
1551	C-FIBW	B737
1552	C-FIBX	C152
1555	C-FICA	FA10
155C	C-FICH	C170
1569	C-FICU	BE20
1570	C-FIDB	RV7
1572	C-FIDD	AA1
1574	C-FIDF	DHC2
1575	C-FIDG	DHC2
157A	C-FIDL	DH8C
157D	C-FIDO	C170
158D	C-FIEE	B06
1595	C-FIEM	AS50
15A4	C-FIFB	C172
15A6	C-FIFD	PA22
15A7	C-FIFE	MU2
15A8	C-FIFF	RV8
15AB	C-FIFI	SR22
15AE	C-FIFL	AS50
15B0	C-FIFN	GLEX
15B2	C-FIFP	EC45
15B4	C-FIFR	PA18
15C0	C-FIGD	FA20
15C1	C-FIGE	PA12
15C2	C-FIGF	DHC2
15C3	C-FIGG	C182
15C6	C-FIGJ	CL2T
15C8	C-FIGL	C172
15CB	C-FIGO	S76
15CC	C-FIGP	C172
15CE	C-FIGR	KA27
15CF	C-FIGS	C337
15D0	C-FIGT	C177
15D1	C-FIGU	PA31
15D5	C-FIGY	C182
15D9	C-FIHC	B105
15DA	C-FIHD	PELI
15DE	C-FIHH	M20P
15E1	C-FIHK	C170
15E2	C-FIHL	AS50
15E9	C-FIHS	P28A
15F2	C-FIIB	ALBU
15F4	C-FIID	BL17
15F5	C-FIIE	S108
15F9	C-FIII	C150
15FB	C-FIIK	C172
15FC	C-FIIL	AC90
15FD	C-FIIM	P32R
15FE	C-FIIN	C172
1600	C-FIIP	C150
1603	C-FIIS	R44
1604	C-FIIT	M7
1605	C-FIIU	C172
1608	C-FIIX	C182
160B	C-FIJA	CRJ2
160F	C-FIJE	C180
1613	C-FIJI	R44
161E	C-FIJT	RV7
1622	C-FIJX	L188
1624	C-FIJZ	CRJ9
1625	C-FIKA	PA22
1627	C-FIKC	C170
162F	C-FIKK	AT3T
1631	C-FIKM	C337
1638	C-FIKT	GL5T
1639	C-FIKU	C172
163B	C-FIKW	PA22
163F	C-FILA	SR22
1640	C-FILB	C152
1641	C-FILC	C206
1643	C-FILE	C150
1647	C-FILI	C150
1648	C-FILJ	BE60
164D	C-FILO	C206
164F	C-FILQ	C150
1657	C-FILY	C185
165C	C-FIMD	C172
165F	C-FIMG	C172
1660	C-FIMH	C182
1664	C-FIML	C310
1667	C-FIMO	DA42
166B	C-FIMS	C150
166C	C-FIMT	C150
1670	C-FIMX	C185
1671	C-FIMY	P32R
1673	C-FINA	PA18
1674	C-FINB	AT72
1676	C-FIND	C172
1677	C-FINE	C170
1678	C-FINF	C180
167B	C-FINI	C172
1683	C-FINQ	C180
1686	C-FINT	RV9
168B	C-FINY	RV7
168C	C-FINZ	EC35
168D	C-FIOA	SW3
168E	C-FIOB	SW4
168F	C-FIOC	SW4
1692	C-FIOF	DHC3
1694	C-FIOH	SW4
1695	C-FIOI	RV10
1696	C-FIOJ	SW4
1697	C-FIOK	GLEX
1698	C-FIOL	G21
169A	C-FION	PA31
169C	C-FIOP	B429
169F	C-FIOS	C182
16A0	C-FIOT	C210
16A1	C-FIOU	M5
16A2	C-FIOV	CL30
16A4	C-FIOX	B429
16A9	C-FIPC	PC12
16AD	C-FIPG	C185
16B0	C-FIPJ	P32R
16B3	C-FIPM	P46T
16B4	C-FIPN	PC12
16B5	C-FIPO	H500
16B6	C-FIPP	LJ40
16B7	C-FIPQ	F2TH
16B8	C-FIPR	SR22
16BA	C-FIPT	C182
16BC	C-FIPV	PA31
16BE	C-FIPX	GLEX
16BF	C-FIPY	R44
16C0	C-FIPZ	C421
16C3	C-FIQC	C180
16C4	C-FIQD	P28A
16C7	C-FIQG	C180
16CF	C-FIQO	P28A
16D5	C-FIQU	AT43
16D8	C-FIQX	C172
16DE	C-FIRD	AC90
16DF	C-FIRE	AS50
16E1	C-FIRG	BE76
16E3	C-FIRI	C150
16E5	C-FIRK	CL60
16E8	C-FIRN	B38M
16ED	C-FIRS	EUPA
16EE	C-FIRT	C510
16F3	C-FIRY	RV6
16F7	C-FISC	SONX
16FB	C-FISG	B47G
16FC	C-FISH	MR35
16FE	C-FISJ	C182
1703	C-FISO	GALX
1706	C-FISR	C190
170C	C-FISX	C140
170D	C-FISY	PA44
1711	C-FITC	C25A
1714	C-FITF	DH3T
1716	C-FITH	RV6
1717	C-FITI	C180
1719	C-FITK	P28U
171A	C-FITL	B77W
171C	C-FITN	C170
171D	C-FITO	C180
1721	C-FITS	DHC3
1723	C-FITU	B77W
1725	C-FITW	B77W
1726	C-FITX	SS2T
1728	C-FITZ	R44
1729	C-FIUA	B77L
172A	C-FIUB	C180
172E	C-FIUF	B77L
172F	C-FIUG	C172
1730	C-FIUH	R44
1731	C-FIUI	C152
1732	C-FIUJ	B77L
1733	C-FIUK	PA23
1734	C-FIUL	B77W
1736	C-FIUN	PA18
1738	C-FIUP	PA18
173A	C-FIUR	B77W
173B	C-FIUS	DHC2
173C	C-FIUT	PA11
173E	C-FIUV	B77W
173F	C-FIUW	B77W
1749	C-FIVG	C172
174A	C-FIVH	PA22
174D	C-FIVK	B77L
174E	C-FIVL	M20P
174F	C-FIVM	B77W
1751	C-FIVO	AS50
1753	C-FIVQ	B77W
1754	C-FIVR	B77W
1755	C-FIVS	B77W
1758	C-FIVV	P28R
1759	C-FIVW	B77W
175A	C-FIVX	B77W
1761	C-FIWE	DH8D
1769	C-FIWM	C150
176E	C-FIWR	ERCO
1773	C-FIWW	C182
1776	C-FIWZ	TBM8
1777	C-FIXA	PA18
1780	C-FIXJ	SA02
1782	C-FIXL	PA34
1785	C-FIXO	C337
1788	C-FIXR	ALBU
1789	C-FIXS	C208
178E	C-FIXX	PA12
1790	C-FIXZ	RBEL
179A	C-FIYJ	C152
179C	C-FIYL	C152
179D	C-FIYM	AS50
179E	C-FIYN	C172
17A1	C-FIYQ	C414
17AB	C-FIZA	S61
17AF	C-FIZE	B407
17B0	C-FIZF	C172
17B8	C-FIZN	CH7A
17B9	C-FIZO	PA22
17BC	C-FIZR	L8
17BE	C-FIZT	C150
17C1	C-GHGA	B190
17C5	C-FJAA	R66
17CB	C-FJAG	DHC1
17CD	C-FJAI	P46T
17CE	C-FJAJ	C82R
17CF	C-FJAK	PAY2
17D5	C-FJAQ	Y18T
17D6	C-FJAR	C140
17D7	C-FJAS	E545
17D8	C-FJAT	C180
17D9	C-FJAU	GLEX
17DB	C-FJAW	RV6
17E5	C-FJBG	PA31
17E9	C-FJBK	C310
17EB	C-FJBM	C208
17EC	C-FJBN	C150
17ED	C-FJBO	E75S
17EE	C-FJBP	DHC2
17FA	C-FJCB	GL7T
17FC	C-FJCD	M6
1800	C-FJCH	B06
1801	C-FJCI	RBEL
1804	C-FJCL	C152
1809	C-FJCQ	AT72
180E	C-FJCV	PA22
1812	C-FJCZ	C550
1813	C-FJDA	C172
1815	C-FJDC	C414
1816	C-FJDD	C180
181E	C-FJDL	B06
1820	C-FJDN	CH7A
1823	C-FJDQ	BE10
1826	C-FJDT	C172
1829	C-FJDW	C170
182A	C-FJDX	GL5T
182C	C-FJDZ	C750
182D	C-FJEA	BE10
1833	C-FJEG	GL5T
183C	C-FJEP	SF34
1840	C-FJET	RV6
1849	C-FJFC	R66
184D	C-FJFG	C140
1850	C-FJFJ	SR20
1852	C-FJFL	DHC2
1853	C-FJFM	DH8C
1855	C-FJFO	C182
1856	C-FJFP	CH7B
1858	C-FJFR	DHC6
185D	C-FJFW	F2TH
185F	C-FJFY	RV9
1860	C-FJFZ	CRJ9
1861	CF-JGA	MC90
1862	C-FJGB	S92
1867	C-FJGG	LJ60
186B	C-FJGK	GLEX
1871	C-FJGQ	C180
1873	C-FJGS	DA40
1874	C-FJGT	C182
1878	C-FJGX	GLEX
187A	C-FJGZ	CRJ9
187B	C-FJHA	DH3T
187E	C-FJHD	C140
1881	C-FJHG	C172
1882	C-FJHH	AS50
1885	C-FJHK	J5
1889	C-FJHO	C152
188B	C-FJHQ	DHC7
188C	C-FJHR	C172
1891	C-FJHW	C182
1892	C-FJHX	S108
1897	C-FJIC	C750
1899	C-FJIE	C172
18A0	C-FJIL	C337
18A1	C-FJIM	DHC2
18A4	C-FJIP	C337
18A6	C-FJIR	BE18
18A9	C-FJIU	C180
18AC	C-FJIX	C172
18B1	C-FJJC	CL60
18B5	C-FJJG	P28A
18B6	C-FJJH	BE10
18B8	C-FJJJ	C180
18BB	C-FJJM	P28A
18BD	C-FJJO	H500
18BE	C-FJJP	C150
18C2	C-FJJT	HDJT
18C4	C-FJJV	CH7A
18C5	C-FJJW	C182
18C8	C-FJJZ	CRJ9
18C9	C-FJKA	PA24
18CF	C-FJKG	F900
18D0	C-FJKH	DHC2
18D3	C-FJKK	SW4
18D5	C-FJKM	PA31
18D6	C-FJKN	TAYA
18D7	C-FJKO	P28R
18DA	C-FJKR	PA22
18DB	C-FJKS	CL60
18DD	C-FJKU	B429
18DF	C-FJKW	CH7A
18E8	C-FJLF	B429
18ED	C-FJLK	R44
18F1	C-FJLO	SW4
18F2	C-FJLP	C182
18F8	C-FJLV	RBEL
18FD	C-FJMA	PA32
1901	C-FJME	B350
1907	C-FJMK	GLST
1909	C-FJMM	PA34
190C	C-FJMP	K100
190D	C-FJMQ	PIVI
190F	C-FJMS	PA24
1910	C-FJMT	C172
1912	C-FJMV	GLEX
1920	C-FJNJ	CH70
1924	C-FJNN	C172
192A	C-FJNT	C185
192B	C-FJNU	C182
192E	C-FJNX	A321
1932	C-FJOB	C172
1935	C-FJOE	C208
1938	C-FJOH	BE20
1939	C-FJOI	F900
193A	C-FJOJ	G200
193B	C-FJOK	A321
193C	C-FJOL	LJ60
1942	C-FJOR	B06
1943	C-FJOS	DHC2
1945	C-FJOU	A321
1948	C-FJOX	TAYA
194D	C-FJPC	C177
1956	C-FJPL	B06
1957	C-FJPM	C172
195D	C-FJPS	B06
1960	C-FJPV	R44
1962	C-FJPX	DHC2
1966	C-FJQB	WICH
1968	C-FJQD	A321
196B	C-FJQG	BE23
196C	C-FJQH	A321
196D	C-FJQI	PA31
1970	C-FJQL	A321
197E	C-FJQZ	CRJ9
1986	C-FJRH	VAMP
198A	C-FJRL	COUR
198C	C-FJRN	BE23
198D	C-FJRO	DHC2
198F	C-FJRQ	RV4
1991	C-FJRS	CL60
1993	C-FJRU	G115
1996	C-FJRX	C680
1999	C-FJSA	C310
199A	C-FJSB	RV8
199C	C-FJSD	C210
199F	C-FJSG	C185
19A0	C-FJSH	SR22
19A1	C-FJSI	BE55
19A7	C-FJSO	C152
19A8	C-FJSP	P28A
19A9	C-FJSQ	C206
19AC	C-FJST	C206
19AD	C-FJSU	F900
19B3	C-FJTA	C206
19B4	C-FJTB	AT5T
19B9	C-FJTG	UH1
19BC	C-FJTJ	B429
19C1	C-FJTO	B06
19C3	C-FJTQ	C208
19C4	C-FJTR	C172
19C5	C-FJTS	SW4
19CE	C-FJUB	EC30
19CF	C-FJUC	R44
19D1	C-FJUE	GLEX
19D9	C-FJUM	DA40
19DA	C-FJUN	J3
19E0	C-FJUT	B212
19E1	C-FJUU	B212
19E2	C-FJUV	CH75
19E7	C-FJVA	C180
19E9	C-FJVC	S108
19EA	C-FJVD	CVLT
19EB	C-FJVE	B738
19F2	C-FJVL	AT5T
19F8	C-FJVR	C441
19FC	C-FJVV	DH8C
19FD	C-FJVW	SF34
1A00	C-FJVZ	C140
1A03	C-FJWC	C172
1A05	C-FJWE	DH8D
1A12	C-FJWR	PA24
1A13	C-FJWS	B737
1A15	C-FJWU	BE9L
1A18	C-FJWX	C750
1A1C	C-FJXB	C208
1A1E	C-FJXD	DV20
1A24	C-FJXJ	COZY
1A30	C-FJXV	PA12
1A32	C-FJXX	AS50
1A33	C-FJXY	GLEX
1A34	C-FJXZ	DH8C
1A36	C-FJYB	R66
1A38	C-FJYD	C140
1A39	C-FJYE	PA34
1A3C	C-FJYH	C172
1A3E	C-FJYJ	BT36
1A40	C-FJYL	AS50
1A43	C-FJYO	B06
1A44	C-FJYP	C182
1A45	C-FJYQ	DV20
1A46	C-FJYR	C172
1A47	C-FJYS	DV20
1A49	C-FJYU	NAVI
1A4B	C-FJYW	AT76
1A4D	C-FJYY	M20P
1A4E	C-FJYZ	LA4
1A51	C-FJZC	DV20
1A52	C-FJZD	CRJ9
1A57	C-FJZI	CNUK
1A58	C-FJZJ	GLID
1A59	C-FJZK	B763
1A5A	C-FJZL	CRJ9
1A5C	C-FJZN	CRJ9
1A61	C-FJZS	B77W
1A64	C-FJZV	C180
1A6A	C-FKAB	PC12
1A6B	C-FKAC	FBA2
1A6D	C-FKAE	C208
1A70	C-FKAH	R44
1A71	C-FKAI	G150
1A72	C-FKAJ	B752
1A74	C-FKAL	DC3T
1A75	C-FKAM	A109
1A7C	C-FKAT	C172
1A7D	C-FKAU	B77W
1A7F	C-FKAW	B06
1A80	C-FKAX	B190
1A85	C-FKBC	C560
1A8B	C-FKBI	BE20
1A92	C-FKBP	PA11
1A97	C-FKBU	DHC6
1A98	C-FKBV	B06
1A9A	C-FKBX	DHC6
1A9C	C-FKBZ	BE60
1A9D	C-FKCA	C208
1A9E	CF-KCB	RC3
1AA1	C-FKCE	C550
1AA4	C-FKCH	R44
1AA5	C-FKCI	CL35
1AA6	C-FKCJ	B752
1AA8	C-FKCL	PA31
1AA9	C-FKCM	BK17
1AAA	C-FKCN	B733
1AAE	C-FKCR	A320
1AAF	C-FKCS	C195
1AB3	C-FKCW	C182
1AB4	C-FKCX	BE58
1AB5	C-FKCY	PA24
1ABC	C-FKDF	C180
1ABD	C-FKDG	C180
1AC1	C-FKDK	B06
1AC2	C-FKDL	C208
1AC5	C-FKDO	C172
1AC7	C-FKDQ	SKIM
1AC8	C-FKDR	P28A
1AC9	C-FKDS	AS50
1ACB	C-FKDU	CH7A
1ACE	C-FKDX	C550
1AD2	C-FKEB	C550
1AD5	C-FKEE	RV4
1AD8	C-FKEH	RV6
1ADA	C-FKEJ	BE20
1ADB	C-FKEK	C172
1AE4	C-FKET	RV6
1AE8	C-FKEX	BE20
1AE9	C-FKEY	C208
1AEB	C-FKFA	CVLT
1AF6	C-FKFL	CVLT
1AFE	C-FKFT	PA18
1B04	C-FKFZ	CVLT
1B09	C-FKGE	PC12
1B0E	C-FKGJ	R44
1B10	C-FKGL	DC3
1B13	C-FKGO	PC12
1B17	C-FKGS	B47G
1B18	C-FKGT	B212
1B1D	C-FKGY	CL60
1B22	C-FKHD	BE99
1B25	C-FKHG	AS50
1B28	C-FKHJ	C56X
1B31	C-FKHS	H500
1B33	C-FKHU	C175
1B36	C-FKHX	GLID
1B39	C-FKIA	S22T
1B3C	C-FKID	GLID
1B41	C-FKII	C182
1B48	C-FKIP	S22T
1B4F	C-FKIW	B737
1B51	C-FKIY	DH8D
1B5B	C-FKJI	BE20
1B5C	C-FKJJ	C172
1B5F	C-FKJM	CL60
1B60	C-FKJN	C172
1B61	C-FKJO	GLID
1B6A	C-FKJX	B212
1B6B	C-FKJY	C182
1B6C	C-FKJZ	CRJ7
1B6D	C-FKKA	R44
1B6E	C-FKKB	P28R
1B73	C-FKKG	C172
1B74	C-FKKH	B350
1B78	C-FKKL	C172
1B79	C-FKKM	B36T
1B7A	C-FKKN	R66
1B7C	C-FKKP	PA18
1B82	C-FKKV	AT3T
1B88	C-FKLB	C550
1B93	C-FKLM	FA24
1B94	C-FKLN	T210
1B95	C-FKLO	FOX
1B96	C-FKLP	PA24
1B97	C-FKLQ	B505
1B98	C-FKLR	C208
1BA1	C-FKMA	PA31
1BA2	C-FKMB	C172
1BA3	C-FKMC	CH7B
1BA4	C-FKMD	GC1
1BA5	C-FKME	AS50
1BA7	C-FKMG	B350
1BA9	C-FKMI	C180
1BAB	C-FKMK	C140
1BAF	C-FKMO	C182
1BB1	C-FKMQ	C150
1BB4	C-FKMT	C180
1BB8	C-FKMX	AS50
1BBD	C-FKNC	B47G
1BBE	C-FKND	C175
1BC0	C-FKNF	S92
1BC1	C-FKNG	EC30
1BC2	C-FKNH	M20T
1BC8	C-FKNN	CL60
1BC9	C-FKNO	B190
1BCB	C-FKNQ	AS55
1BCE	C-FKNT	B06
1BD2	C-FKNX	B06
1BD8	C-FKOD	B06
1BD9	C-FKOE	C185
1BDD	C-FKOI	AS50
1BDE	C-FKOJ	A320
1BE0	C-FKOL	AS50
1BE4	C-FKOP	B407
1BEA	C-FKOV	P32R
1BEC	C-FKOX	B06
1BEF	C-FKPA	PC12
1BF3	C-FKPE	R66
1BF7	C-FKPI	PC12
1BFB	C-FKPM	C414
1BFD	C-FKPO	R44
1C00	C-FKPR	C175
1C01	C-FKPS	PA24
1C02	C-FKPT	A320
1C06	C-FKPX	PC12
1C08	C-FKPZ	S108
1C0D	C-FKQE	C175
1C13	C-FKQK	K100
1C16	C-FKQN	S92
1C20	C-FKQX	C182
1C28	C-FKRF	B738
1C31	C-FKRO	LNC2
1C34	C-FKRR	TBM9
1C35	C-FKRS	PA18
1C36	C-FKRT	C172
1C3D	C-FKSA	R44
1C3E	C-FKSB	C425
1C40	C-FKSD	ERCO
1C42	C-FKSF	GLEX
1C43	C-FKSG	C177
1C47	C-FKSK	PA27
1C48	C-FKSL	PC12
1C4D	C-FKSQ	C170
1C52	C-FKSV	B789
1C53	C-FKSW	PA22
1C56	C-FKSZ	TAYB
1C59	C-FKTC	C172
1C5B	C-FKTE	B350
1C5D	C-FKTG	CH70
1C63	C-FKTM	R66
1C68	C-FKTR	PA24
1C6A	C-FKTT	C180
1C70	C-FKTZ	PA22
1C71	C-FKUA	C150
1C72	C-FKUB	C150
1C74	C-FKUD	C172
1C7C	C-FKUL	PA44
1C82	C-FKUR	EC30
1C85	C-FKUU	PA22
1C90	C-FKVF	B429
1C91	C-FKVG	B407
1C9F	C-FKVU	FOX
1CA1	C-FKVW	R66
1CA6	C-FKWB	B06
1CA8	C-FKWD	C310
1CA9	C-FKWE	DH8D
1CAD	C-FKWI	M20P
1CAE	C-FKWJ	B738
1CB3	C-FKWO	C172
1CB5	C-FKWQ	C77R
1CB6	C-FKWR	C77R
1CB7	C-FKWS	B38M
1CBA	C-FKWV	C182
1CBC	C-FKWX	C336
1CBE	C-FKWZ	DA40
1CBF	C-FKXA	S108
1CC1	C-FKXC	CL35
1CD4	C-FKXV	C172
1CD5	C-FKXW	C180
1CE2	C-FKYJ	C180
1CE3	C-FKYK	C175
1CE7	C-FKYO	C175
1CEA	C-FKYR	C172
1CEC	C-FKYT	P28R
1CED	C-FKYU	C182
1CF2	C-FKYZ	PA24
1CF6	C-FKZD	PA22
1CFB	C-FKZI	C185
1CFF	C-FKZM	PA22
1D01	C-FKZO	C206
1D0A	C-FKZX	C180
1D0B	C-FKZY	C150
1D0D	C-FLAA	C172
1D0F	C-FLAC	C208
1D10	C-FLAD	R44
1D14	C-FLAH	CLON
1D15	CF-LAI	PA18
1D16	C-FLAJ	B752
1D18	C-FLAL	PA23
1D19	C-FLAM	RV7
1D1A	C-FLAN	AS50
1D1F	C-FLAS	E545
1D22	C-FLAV	G280
1D24	CF-LAX	BE35
1D27	C-FLBA	EC20
1D2D	C-FLBG	B38M
1D2F	C-FLBI	R66
1D31	C-FLBK	MIMU
1D39	C-FLBS	C25C
1D3A	C-FLBT	DHC1
1D3C	C-FLBV	B738
1D3E	C-FLBX	C177
1D41	C-FLCA	R66
1D46	C-FLCF	C180
1D49	C-FLCI	EC45
1D4C	C-FLCL	R44
1D4E	C-FLCN	EC20
1D50	C-FLCP	RV7
1D52	C-FLCR	P28A
1D54	C-FLCT	P28A
1D59	C-FLCY	LEG2
1D5B	C-FLDA	R22
1D5D	C-FLDC	C208
1D5E	C-FLDD	CL30
1D60	C-FLDF	C177
1D62	C-FLDH	C172
1D63	C-FLDI	P28U
1D65	C-FLDK	R44
1D69	C-FLDO	AS50
1D6A	C-FLDP	T18
1D72	C-FLDX	B38M
1D7E	C-FLEJ	B38M
1D84	C-FLEP	WACO
1D85	C-FLEQ	C195
1D87	C-FLES	C180
1D89	C-FLEU	C177
1D8A	C-FLEV	DA40
1D91	C-FLFC	PA30
1D92	C-FLFD	S76
1D93	C-FLFE	C56X
1D96	C-FLFH	C180
1D9C	C-FLFN	S76
1DA2	C-FLFT	S76
1DA3	C-FLFU	R44
1DA8	C-FLFZ	C180
1DAC	C-FLGD	GLEX
1DB1	C-FLGI	SR22
1DB9	C-FLGQ	PA23
1DBA	C-FLGR	RV4
1DBF	C-FLGW	DH8D
1DC2	C-FLGZ	GLEX
1DC3	C-FLHA	C208
1DC7	C-FLHE	B734
1DCA	C-FLHH	C150
1DCB	C-FLHI	B38M
1DD0	C-FLHN	C172
1DD1	C-FLHO	RV8
1DD8	C-FLHV	PA24
1DDC	C-FLHZ	AS65
1DDD	C-FLIA	B06
1DDE	C-FLIB	GLID
1DE0	C-FLID	M20P
1DE1	C-FLIE	M20P
1DE5	C-FLII	C320
1DE7	C-FLIK	RODS
1DEA	C-FLIN	PA31
1DEB	C-FLIO	C175
1DF4	C-FLIX	E50P
1DF6	C-FLIZ	AS50
1DF9	C-FLJC	RV9
1DFA	C-FLJD	GLAS
1E02	C-FLJL	M20P
1E05	C-FLJO	L188
1E08	C-FLJR	DA62
1E09	C-FLJS	BD4
1E0D	C-FLJW	P28R
1E0F	C-FLJY	L8
1E10	C-FLJZ	CRJ7
1E11	C-FLKA	B38M
1E13	C-FLKC	B38M
1E17	C-FLKG	C172
1E1A	C-FLKJ	B38M
1E1B	C-FLKK	PA18
1E1F	C-FLKO	B38M
1E27	C-FLKW	SR22
1E28	C-FLKX	A321
1E29	C-FLKY	CRJ2
1E2B	C-FLLA	DHC2
1E30	C-FLLF	MR35
1E32	C-FLLH	P28A
1E33	C-FLLI	DIMO
1E38	C-FLLN	TBM7
1E39	C-FLLO	C182
1E40	C-FLLV	R44
1E42	C-FLLX	DHC2
1E45	C-FLMA	RV6
1E46	C-FLMB	R22
1E47	C-FLMC	AC11
1E48	C-FLMD	EXEC
1E4A	C-FLMF	BE99
1E4C	C-FLMH	C180
1E4D	C-FLMI	R44
1E4E	C-FLMJ	C185
1E4F	C-FLMK	GLEX	A
1E56	C-FLMR	C180
1E57	C-FLMS	CL60
1E5A	C-FLMV	R44
1E5B	C-FLMW	G280
1E5E	C-FLMZ	C182
1E62	C-FLND	PA24
1E69	C-FLNK	EC45
1E6B	C-FLNM	CH7A
1E6C	C-FLNN	PA31
1E6D	C-FLNO	C172
1E6F	C-FLMK	GLEX	A
1E70	C-FLNR	SR22
1E71	C-FLNS	NAVI
1E77	C-FLNY	PA38
1E78	C-FLNZ	PA31
1E79	C-FLOA	C180
1E7D	C-FLOE	AUS6
1E83	C-FLOK	G44
1E84	C-FLOL	PA15
1E89	C-FLOQ	M20P
1E8A	C-FLOR	BE9L
1E90	C-FLOX	E50P
1E93	C-FLPA	BE20
1E94	C-FLPB	GALX
1E95	C-FLPC	B350
1E96	C-FLPD	B763
1E99	C-FLPG	RV8
1E9A	C-FLPH	C172
1E9C	C-FLPJ	C120
1EA5	C-FLPS	GLIM
1EAF	C-FLQC	BL8
1EB3	C-FLQG	B38M
1EB4	C-FLQH	AS50
1EB6	C-FLQJ	PA22
1EB7	C-FLQK	PA22
1EB9	C-FLQM	AS50
1EBB	C-FLQO	B38M
1EBD	C-FLQQ	M20T
1EC3	C-FLQW	PA18
1EC4	C-FLQX	AS50
1EC5	C-FLQY	DH8D
1EC6	C-FLQZ	B38M
1EC8	C-FLRB	BE10
1ECA	C-FLRD	BE10
1ECC	C-FLRF	GLIM
1ECE	C-FLRH	B407
1ECF	C-FLRI	C206
1ED0	C-FLRJ	RJ85
1ED7	C-FLRQ	EXEC
1ED8	C-FLRR	C150
1EDB	C-FLRU	B230
1EDF	C-FLRY	SW4
1EE5	C-FLSE	ACR2
1EE6	C-FLSF	B738
1EE9	C-FLSI	AT8T
1EF3	C-FLSS	A320
1EF5	C-FLSU	A320
1EF8	C-FLSX	DH8A
1EFB	C-FLTA	AS50
1EFE	C-FLTD	C180
1EFF	C-FLTE	PA24
1F02	C-FLTH	BL8
1F03	C-FLTI	C421
1F04	C-FLTJ	C182
1F05	C-FLTK	C172
1F0D	C-FLTS	BE10
1F10	C-FLTV	C172
1F1B	C-FLUG	C150
1F1D	C-FLUI	PA24
1F1E	C-FLUJ	B738
1F20	C-FLUL	R22
1F21	C-FLUM	C150
1F22	C-FLUN	ERCO
1F28	C-FLUT	B38M
1F2F	C-FLVA	AA1
1F30	C-FLVB	L29
1F33	C-FLVE	PA18
1F34	C-FLVF	C180
1F36	C-FLVH	C175
1F42	C-FLVT	DHC6
1F4A	C-FLWB	R44
1F4E	C-FLWF	C170
1F50	C-FLWH	E190
1F52	C-FLWJ	B737
1F53	C-FLWK	B738
1F56	C-FLWN	RV7
1F58	C-FLWP	R44
1F5C	C-FLWT	C180
1F60	C-FLWX	C650
1F62	C-FLWZ	PA24
1F63	C-FLXA	PA24
1F6E	C-FLXL	DV20
1F6F	C-FLXM	C414
1F70	C-FLXN	S330
1F72	C-FLXP	DHC6
1F74	C-FLXR	MR35
1F76	C-FLXT	L188
1F78	C-FLXV	PA24
1F79	C-FLXW	B212
1F7F	C-FLYC	B06
1F80	C-FLYD	B407
1F82	C-FLYF	DV20
1F83	C-FLYG	B407
1F86	C-FLYJ	BE20
1F8B	C-FLYO	G115
1F90	C-FLYT	RV7
1F93	C-FLYW	P28A
1F99	C-FLZC	B429
1F9C	C-FLZF	PA12
1FA7	C-FLZQ	C172
1FB5	C-FMAE	C337
1FB6	C-FMAF	C185
1FB8	C-FMAH	RV14
1FB9	C-FMAI	B752
1FBA	C-FMAJ	B763
1FBB	C-FMAK	AT43
1FBC	C-FMAL	H500
1FBF	C-FMAO	PC12
1FC4	C-FMAT	R44
1FC5	C-FMAU	DHC3
1FC6	C-FMAV	SW4
1FC7	C-FMAW	DHC2
1FCA	C-FMAZ	DHC2
1FCD	C-FMBC	DA42
1FCE	C-FMBD	C172
1FCF	C-FMBE	BE35
1FD0	C-FMBF	C150
1FD4	C-FMBJ	C150
1FD6	C-FMBL	CH70
1FD9	C-FMBO	R44
1FDB	C-FMBQ	EC45
1FDD	C-FMBS	AS50
1FDF	C-FMBU	BK17
1FE2	C-FMBX	C152
1FE3	C-FMBY	C152
1FE4	C-FMBZ	C152
1FE7	C-FMCC	LA25
1FEA	C-FMCF	C182
1FEB	C-FMCG	C680
1FEC	C-FMCH	R66
1FED	C-FMCI	C680
1FEF	C-FMCK	P28A
1FF0	C-FMCL	F900
1FF1	C-FMCM	C172
1FF2	C-FMCN	B190
1FF9	C-FMCU	P28A
1FFA	C-FMCV	PA30
1FFB	C-FMCW	C172
1FFC	C-FMCX	AC90
1FFD	C-FMCY	CRJ2
2002	C-FMDD	PA24
2004	C-FMDF	PC24
2007	C-FMDI	B06
200B	C-FMDM	MR35
200C	C-FMDN	G150
2012	C-FMDT	PA22
2015	C-FMDW	DH8C
2016	C-FMDX	C182
2017	C-FMDY	C185
201B	C-FMEC	CAD2
201C	C-FMED	PA24
201D	C-FMEE	PA23
201E	C-FMEF	PA24
2020	C-FMEH	PA24
2023	C-FMEK	B752
2026	C-FMEN	C180
2028	C-FMEP	B752
2029	C-FMEQ	B752
202A	C-FMER	C140
202B	C-FMES	PC24
202D	C-FMEU	B752
2030	C-FMEX	BE23
2031	C-FMEY	S22T
2032	C-FMEZ	B752
2033	C-FMFA	C190
2035	C-FMFC	M20P
2037	C-FMFE	ERCO
2039	C-FMFG	B752
203A	C-FMFH	EC20
203D	C-FMFK	H500
203E	C-FMFL	F2TH
203F	C-FMFM	C550
2042	C-FMFP	AC90
2043	C-FMFQ	BE9L
2044	C-FMFR	BE9L
2045	C-FMFS	BE9L
2046	C-FMFT	C180
2047	C-FMFU	BE9L
2049	C-FMFW	B412
204A	C-FMFX	BE9L
204B	C-FMFY	BE9L
204C	C-FMFZ	BE9L
204E	C-FMGB	AS50
204F	C-FMGC	BE20
2054	C-FMGH	S108
2057	C-FMGK	B06
2058	C-FMGL	A139
2059	C-FMGM	KMAX
205C	C-FMGP	B350
2062	C-FMGV	M20T
2064	C-FMGX	S108
2066	C-FMGZ	T6
2067	C-FMHA	B752
2068	C-FMHB	P28A
206A	C-FMHD	B350
206B	C-FMHE	C172
206D	C-FMHG	R44
206F	C-FMHI	AS50
2070	C-FMHJ	PC12
2071	C-FMHK	PA18
2072	C-FMHL	GL7T
2073	C-FMHM	H500
2077	C-FMHQ	C206
2080	C-FMHZ	C172
2082	C-FMIB	MR35
2083	C-FMIC	C172
2089	C-FMII	C152
208A	C-FMIJ	B763
2092	C-FMIR	PA30
2093	C-FMIS	DV20
2094	C-FMIT	TB20
2095	C-FMIU	C182
2098	C-FMIX	CL35
209C	C-FMJB	TOBA
20A7	C-FMJM	DA42
20A9	C-FMJO	DHC6
20AA	C-FMJP	C172
20AB	C-FMJQ	RS12
20AD	C-FMJS	GLID
20AE	C-FMJT	BL17
20B6	C-FMKB	DC3
20B7	C-FMKC	DV20
20BA	C-FMKF	M700
20BC	C-FMKH	BE99
20BE	C-FMKJ	AT75
20C2	C-FMKN	GC1
20C4	C-FMKP	C208
20C7	C-FMKS	R44
20CA	C-FMKV	KA27
20CB	C-FMKW	PA22
20CE	C-FMKZ	SR22
20D0	C-FMLB	C195
20D3	C-FMLE	M7
20D5	C-FMLG	J3
20D8	C-FMLJ	PA22
20DD	C-FMLO	AA5
20E0	C-FMLR	PA22
20E2	C-FMLT	B212
20E9	C-FMMA	SS2P
20ED	C-FMME	GLID
20F0	C-FMMH	C172
20F4	C-FMML	PIVI
20F5	C-FMMM	M20P
20F6	C-FMMN	CH70
20F9	C-FMMQ	BE23
20FA	C-FMMR	DA40
20FC	C-FMMT	PA34
20FF	C-FMMW	DA40
2100	C-FMMX	DV20
2104	C-FMNB	C172
2107	C-FMNE	AS50
2109	C-FMNG	PA22
210A	C-FMNH	C172
210B	C-FMNI	FA50
210F	C-FMNM	PA24
2114	C-FMNR	EC30
2117	C-FMNU	C182
2118	C-FMNV	PA12
211A	C-FMNX	SONX
211F	C-FMOC	B752
2120	C-FMOD	DA42
2129	C-FMOM	T206
212E	C-FMOR	C150
2136	C-FMOZ	AS50
2137	C-FMPA	PC12
2138	C-FMPB	PC12
213A	C-FMPD	DHC2
213C	C-FMPF	PC12
213F	C-FMPI	B06
2141	C-FMPK	PC12
2143	C-FMPM	DHC2
2144	C-FMPN	E55P
2146	C-FMPP	AS50
2147	C-FMPQ	EC20
2150	C-FMPZ	B212
2153	C-FMQC	PA30
2156	C-FMQF	C150
2157	C-FMQG	T206
215B	C-FMQK	CDUS
215D	C-FMQM	DA42
215E	C-FMQN	UH1
2161	C-FMQQ	R44
2162	C-FMQR	C150
216A	C-FMQZ	C150
216C	C-FMRB	RV14
216D	C-FMRC	C180
2171	C-FMRG	C172
2173	C-FMRI	G2CA
217E	C-FMRT	CB1
2188	C-FMSD	C10T
218F	C-FMSK	M20T
2193	C-FMSO	PA22
2194	C-FMSP	C182
219C	C-FMSX	A320
219F	C-FMTA	T6
21A1	C-FMTC	TBM7
21A3	C-FMTE	R44
21A4	C-FMTF	C172
21A8	C-FMTJ	EC20
21A9	C-FMTK	T206
21AC	C-FMTN	BL8
21AF	C-FMTQ	PA24
21B4	C-FMTV	GLAS
21B5	C-FMTW	T6
21B8	C-FMTZ	C180
21BA	C-FMUB	C82R
21C4	C-FMUL	CHR4
21C5	C-FMUM	AC50
21C6	C-FMUN	B350
21CA	C-FMUR	C182
21CB	C-FMUS	CL60
21CC	C-FMUT	C182
21CE	C-FMUV	CRJ1
21D1	C-FMUY	C152
21D5	C-FMVC	B06
21DA	C-FMVH	C172
21E0	C-FMVN	MG15
21E7	C-FMVU	C172
21E8	C-FMVV	R44
21F0	C-FMWD	B06
21F6	C-FMWJ	B737
21F9	C-FMWM	BE10
21FC	C-FMWP	B763
21FF	C-FMWS	M20P
2203	C-FMWW	F8L
2204	C-FMWX	RV7
2205	C-FMWY	B3XM
2207	C-FMXA	B38M
220B	C-FMXE	C172
220D	C-FMXG	B38M
220E	C-FMXH	NAVI
220F	C-FMXI	C185
2212	C-FMXL	C172
2215	C-FMXO	C172
2218	C-FMXR	DHC2
221E	C-FMXX	PA18
2220	C-FMXZ	C182
2222	C-FMYB	PA24
2223	C-FMYC	HROC
2224	C-FMYD	GLAS
2237	C-FMYW	DH8D
2238	C-FMYX	BE95
223D	C-FMZC	DHC3
223E	C-FMZD	E190
223F	C-FMZE	TBM9
2251	C-FMZW	GLID
2254	C-FMZZ	DV20
2255	C-FNAA	JS32
2257	C-FNAC	DA40
2259	C-FNAE	JS32
225A	C-FNAF	JS31
225B	C-FNAG	PA31
225D	C-FNAI	TBM7
2260	C-FNAL	R44
2262	C-FNAN	E190
2263	C-FNAO	AC90
2264	C-FNAP	F900
2266	C-FNAR	R22
2267	C-FNAS	C25B
2268	C-FNAT	C180
226A	C-FNAV	PA31
226C	C-FNAX	B38M
226D	C-FNAY	AS50
2270	C-FNBB	C172
2277	C-FNBI	AS50
227A	C-FNBL	AA5
227B	C-FNBM	CL60
227C	C-FNBN	C182
227D	C-FNBO	RBEL
227E	C-FNBP	C152
2282	C-FNBT	SR22
228A	C-FNCB	C25B
228B	C-FNCC	PA46
2290	C-FNCH	AS50
2293	C-FNCK	GLID
2294	C-FNCL	B190
2298	C-FNCP	B190
229B	C-FNCS	P28R
229C	C-FNCT	C172
229D	C-FNCU	DH8C
229E	C-FNCV	BL8
229F	C-FNCW	M7
22A4	C-FNDB	T6
22A5	C-FNDC	DV20
22A6	C-FNDD	C172
22A7	C-FNDE	B407
22A8	C-FNDF	C560
22A9	C-FNDG	PA24
22AB	C-FNDI	PA24
22B0	C-FNDN	B407
22B1	C-FNDO	C337
22BF	C-FNEC	DA40
22C0	C-FNED	BE9L
22C4	C-FNEH	C140
22C7	C-FNEK	PA24
22C9	C-FNEM	PA38
22CA	C-FNEN	DH8D
22D0	C-FNET	T206
22D8	C-FNFB	C172
22DA	C-FNFD	C172
22DD	C-FNFG	P28A
22E5	C-FNFO	B429
22E9	C-FNFS	C25B
22ED	C-FNFW	C120
22F3	C-FNGC	PA22
22F5	C-FNGE	PC12
22FA	C-FNGJ	SSTL
22FC	C-FNGL	TAYA
2300	C-FNGP	R44
2305	C-FNGU	PA38
2308	C-FNGX	J3
230C	C-FNHB	B06
230D	C-FNHC	CH7A
2311	C-FNHG	B06
2314	C-FNHJ	R22
2316	C-FNHL	C337
2318	C-FNHN	TNAV
2319	C-FNHO	DV20
232A	C-FNIF	B06
232E	C-FNIJ	AT75
232F	C-FNIK	M7
2332	C-FNIN	DV20
2334	C-FNIP	C172
2335	C-FNIQ	C172
2337	C-FNIS	LJ45
233E	C-FNIZ	AS50
233F	C-FNJA	B738
2340	C-FNJB	C172
2341	C-FNJC	CL2T
2342	C-FNJD	C152
2343	C-FNJE	CAT
2344	C-FNJF	C152
2345	C-FNJG	RV9
2347	C-FNJI	C172
2348	C-FNJJ	B212
2355	C-FNJW	DV20
2358	C-FNJZ	CRJ7
2359	C-FNKA	C172
235C	C-FNKD	C175
2361	C-FNKI	GLID
236A	C-FNKR	PA17
236C	C-FNKT	C172
236E	C-FNKV	PA24
2376	C-FNLD	R44
2378	C-FNLF	BE35
237C	C-FNLJ	H269
237F	C-FNLM	C185
2387	C-FNLU	C172
238B	C-FNLY	RV6
238C	C-FNLZ	BROU
2391	C-FNME	C208
2393	C-FNMG	RV9
2398	C-FNML	PA27
23A2	C-FNMV	R44
23A9	C-FNNC	BE20
23AA	C-FNND	B77L
23AE	C-FNNH	B77L
23B3	C-FNNM	C82R
23B7	C-FNNQ	B77W
23B9	C-FNNS	RV8
23BB	C-FNNU	B77W
23BC	C-FNNV	C172
23BD	C-FNNW	B77W
23C1	C-FNOA	C185
23C2	C-FNOB	B407
23C5	C-FNOE	B789
23C7	C-FNOG	B789
23C8	C-FNOH	B789
23C9	C-FNOI	B789
23CA	C-FNOJ	C172
23D2	C-FNOR	FA62
23D5	C-FNOU	B212
23D7	C-FNOW	RV7
23D8	C-FNOX	G44
23DD	C-FNPC	RV7
23DF	C-FNPE	M20P
23E3	C-FNPI	C170
23E4	C-FNPJ	CH7A
23EB	C-FNPQ	R44
23EE	C-FNPT	EC45
23F3	C-FNPY	R44
23F7	C-FNQC	AUS6
23FC	C-FNQH	AT5T
23FD	C-FNQI	CH30
2402	C-FNQN	AT5T
2408	C-FNQT	Z42
240D	C-FNQY	L8
2411	C-FNRC	CVLT
241B	C-FNRM	AC90
241E	C-FNRP	AC90
2420	C-FNRR	B06
2422	C-FNRT	P28A
2423	C-FNRU	PELI
2427	C-FNRY	PA18
2429	C-FNSA	DH8C
242F	C-FNSG	BEVR
2431	C-FNSI	C140
2432	C-FNSJ	CL60
2434	C-FNSL	C152
2436	C-FNSN	B190
243A	C-FNSR	AS50
243B	C-FNSS	C172
243E	C-FNSV	B190
243F	C-FNSW	P28A
2441	C-FNSY	S108
2443	C-FNTA	B350
2445	C-FNTC	CH7A
2446	C-FNTD	CH7B
2448	C-FNTF	EXEC
2449	C-FNTG	BE35
244A	C-FNTH	C182
244B	C-FNTI	BE35
244C	C-FNTJ	DV20
244D	C-FNTK	DV20
244E	C-FNTL	R66
244F	C-FNTM	B06
2453	C-FNTQ	BE23
2454	C-FNTR	UH1
2455	C-FNTS	H269
2475	C-FNUY	C340
247A	C-FNVD	C185
2481	C-FNVK	C150
2487	C-FNVQ	GLID
248A	C-FNVT	CL60
248B	C-FNVU	A320
248C	C-FNVV	A320
248E	C-FNVX	PA24
2494	C-FNWD	B38M
2495	C-FNWE	AS50
2498	C-FNWH	B190
24A5	C-FNWU	C185
24AD	C-FNXC	C182
24B0	C-FNXF	DH8D
24B8	C-FNXN	DH8C
24BC	C-FNXR	C172
24C1	C-FNXW	PA22
24C5	C-FNYA	GLID
24D9	C-FNYU	A139
24DC	C-FNYX	C172
24DD	C-FNYY	BE24
24ED	C-FNZO	B407
24F2	C-FNZT	BE33
24F8	C-FNZZ	AS50
24FC	C-FOAD	C750
2501	C-FOAI	DH8C
250C	C-FOAT	CH7B
2510	C-FOAX	C172
2513	C-FOBA	BE58
251D	C-FOBK	MR35
2527	C-FOBU	DH8B
252D	C-FOCA	B763
2534	C-FOCH	EC20
2535	C-FOCI	CL35
2538	C-FOCL	CL30
253A	C-FOCN	DHC2
253C	C-FOCP	DHC2
253D	C-FOCQ	C177
253F	C-FOCS	DHC2
2548	C-FODB	DHC2
254A	C-FODD	EVOT
254F	C-FODI	AS50
2552	C-FODL	DH8A
255A	C-FODT	DHC3
255F	C-FODY	RV6
2560	C-FODZ	C208
2566	C-FOEF	C172
2567	C-FOEG	GLEX
2568	C-FOEH	DHC2
256D	C-FOEM	DA40
256E	C-FOEN	DH8D
2572	C-FOER	DH2T
2573	C-FOES	DH2T
2574	C-FOET	DA40
2575	C-FOEU	DH2T
2577	C-FOEW	DH2T
257B	C-FOFA	C421
257C	C-FOFB	B505
257E	C-FOFD	B429
257F	C-FOFE	B505
2582	C-FOFH	B407
2586	C-FOFL	C172
2587	C-FOFM	BE35
258C	C-FOFR	DH8A
2590	C-FOFV	C180
2591	C-FOFW	B407
259C	C-FOGH	BE35
259D	C-FOGI	C172
25A8	C-FOGT	CL60
25A9	C-FOGU	TAYB
25AC	C-FOGX	AS50
25AE	C-FOGZ	VTUR
25AF	C-FOHA	RV6
25B2	C-FOHD	H500
25B5	C-FOHG	B407
25B6	C-FOHH	C172
25B8	C-FOHJ	CH7A
25B9	C-FOHK	B212
25BA	C-FOHL	B430
25C0	C-FOHR	C182
25C2	C-FOHT	PA11
25C9	C-FOIA	SR22
25CA	C-FOIB	PA24
25CE	C-FOIF	PA24
25D2	C-FOIJ	B762
25DB	C-FOIS	BE23
25DE	C-FOIV	C185
25E5	C-FOJC	BE58
25EC	C-FOJJ	C185
25EE	C-FOJL	C152
25EF	C-FOJM	C182
25F8	C-FOJV	C150
25FC	C-FOJZ	CRJ9
25FD	C-FOKA	P32R
25FE	C-FOKB	WACF
260B	C-FOKO	B412
260E	C-FOKR	COY2
260F	C-FOKS	S22T
2612	C-FOKV	B212
2616	C-FOKZ	B407
2618	C-FOLB	AS50
261B	C-FOLE	C185
2625	C-FOLO	C750
2626	C-FOLP	C172
262F	C-FOLY	R44
2634	C-FOMD	M20P
2639	C-FOMI	FOX
263B	C-FOMK	C172
263E	C-FOMN	AS50
2640	C-FOMP	C206
2646	C-FOMV	R22
264B	C-FONA	EC30
264D	C-FONC	EC30
2653	C-FONI	B429
2655	C-FONK	B738
2657	C-FONM	EC30
265E	C-FONT	C175
2660	C-FONV	EC30
2664	C-FONZ	AS50
266C	C-FOOH	T206
2672	C-FOON	C175
2673	C-FOOO	PA31
2675	C-FOOQ	PA18
2676	C-FOOR	P28A
2677	C-FOOS	C206
2679	C-FOOU	C152
267B	C-FOOW	C172
267C	C-FOOX	ASTR
267F	C-FOPA	DH2T
2681	C-FOPC	C152
2682	C-FOPD	PC12
2683	C-FOPE	PC12
2685	C-FOPG	DHC6
2687	C-FOPI	DHC6
2688	C-FOPJ	DHC6
2689	C-FOPK	GLEX
268A	C-FOPL	PA18
268B	C-FOPM	M600
268C	C-FOPN	DHC6
268E	C-FOPP	EC35
268F	C-FOPQ	MR35
2692	C-FOPT	P28B
2698	C-FOPZ	HROC
2699	C-FOQA	AS50
269C	C-FOQD	B429
26A0	C-FOQH	AS50
26A4	C-FOQL	C310
26B2	C-FOQZ	C172
26B3	C-FORA	C182
26B5	C-FORC	DHC2
26B7	C-FORE	C172
26B9	C-FORG	PA24
26BA	C-FORH	PA31
26C1	C-FORO	C180
26C3	C-FORQ	R44
26C4	C-FORR	PA30
26C5	C-FORS	AS50
26C7	C-FORU	R66
26CF	C-FOSC	PA22
26D3	C-FOSG	PA30
26DC	C-FOSP	DHC2
26DE	C-FOSR	C172
26DF	C-FOSS	PA11
26E0	C-FOST	CH7B
26E7	C-FOTA	AJET
26EF	C-FOTI	RALL
26F1	C-FOTK	C150
26FD	C-FOTW	C208
26FF	C-FOTY	R44
2701	C-FOUA	C172
2705	C-FOUE	C172
2706	C-FOUF	C180
2707	C-FOUG	FOUG
2708	C-FOUH	BE35
2711	C-FOUQ	BCS3
2715	C-FOUU	RV4
2719	C-FOUY	BCS1
271E	C-FOVD	BCS3
2721	C-FOVG	BCS3
2722	C-FOVH	BCS3
2725	C-FOVK	BCS1
2726	C-FOVL	BCS1
272A	C-FOVP	BCS3
2732	C-FOVX	BCS3
2739	C-FOWE	DH8D
273A	C-FOWF	BCS3
273B	C-FOWG	C172
273E	C-FOWJ	PA18
273F	C-FOWK	CL60
2745	C-FOWQ	BCS3
2749	C-FOWU	BCS3
274A	C-FOWV	BCS3
274D	C-FOWY	BCS1
274F	C-FOXA	B06
2752	C-FOXD	FOX
2754	C-FOXF	FOX
2755	C-FOXG	L8
275A	C-FOXL	C152
275F	C-FOXQ	J3
2761	C-FOXS	C180
2763	C-FOXU	ST75
2764	C-FOXV	M20P
2769	C-FOYA	BCS1
276A	C-FOYB	A223
276D	C-FOYE	BCS3
276E	C-FOYF	GLEX
2776	C-FOYN	DA40
277B	C-FOYS	DA40
2785	C-FOZC	AS50
278B	C-FOZI	GLST
278E	C-FOZL	P28A
279D	C-FPAA	DHC2
279E	C-FPAB	RV8
279F	C-FPAC	C177
27A1	C-FPAE	DH8C
27A2	C-FPAF	PA30
27A3	C-FPAG	SF34
27A5	C-FPAI	A223
27A7	C-FPAK	C172
27A8	C-FPAL	DH8D
27A9	C-FPAM	C172
27AC	C-FPAP	C172
27AE	C-FPAR	CL35
27B1	C-FPAU	C172
27B2	C-FPAV	SR22
27B3	C-FPAW	B74S
27B4	C-FPAX	CH7B
27B5	C-FPAY	C172
27B7	C-FPBA	AS50
27B9	C-FPBC	BE10
27BA	C-FPBD	BCS3
27BB	C-FPBE	BCS3
27BE	C-FPBH	M20T
27BF	C-FPBI	PA30
27C4	C-FPBN	C172
27C5	C-FPBO	C182
27C7	C-FPBQ	BCS3
27C8	C-FPBR	P28T
27CD	C-FPBW	C177
27D0	C-FPBZ	CL60
27D1	C-FPCA	B763
27D3	C-FPCC	C208
27D7	C-FPCG	DHC2
27D8	C-FPCH	C206
27DA	C-FPCJ	B763
27DB	C-FPCK	M20P
27DC	C-FPCL	PC12
27DD	C-FPCM	PA27
27DE	C-FPCN	PC12
27DF	C-FPCO	B190
27E0	C-FPCP	B350
27E3	C-FPCS	C170
27E5	C-FPCU	SF34
27E6	C-FPCV	B190
27E7	C-FPCW	P28A
27E8	C-FPCX	B190
27EA	C-FPCZ	SF34
27EB	C-FPDA	SR20
27ED	C-FPDC	C185
27EE	C-FPDD	DA40
27EF	C-FPDE	BE55
27F7	C-FPDM	GLID
27FB	C-FPDQ	C172
27FC	C-FPDR	BCS1
2803	C-FPDY	EC30
2807	C-FPEC	C172
2810	C-FPEL	C172
2811	C-FPEM	DHC3
2816	C-FPER	AS50
281B	C-FPEW	CH7A
2820	C-FPFB	G120
2825	C-FPFG	G120
2828	C-FPFJ	G120
2829	C-FPFK	G120
282A	C-FPFL	G120
282B	C-FPFM	G120
282C	C-FPFN	G120
282D	C-FPFO	G120
282E	C-FPFP	M6
2831	C-FPFS	F900
2833	C-FPFU	G120
2834	C-FPFV	G120
2835	C-FPFW	G120
2836	C-FPFX	C750
2838	C-FPFZ	C172
283B	C-FPGC	L8
283D	C-FPGE	DHC6
2841	C-FPGI	BCS1
2845	C-FPGM	C172
2847	C-FPGO	C172
2848	C-FPGP	BCS1
284C	C-FPGT	PA32
284E	C-FPGV	B412
2851	C-FPGY	C172
2853	C-FPHA	VJ22
2854	C-FPHB	BCS1
2857	C-FPHE	C172
285A	C-FPHH	C72R
285D	C-FPHK	UH1
2861	C-FPHO	B06
2865	C-FPHS	B735
286B	C-FPHY	AS50
2872	C-FPIF	P28A
2876	C-FPIJ	B763
2879	C-FPIM	ERCO
287A	C-FPIN	C172
287B	C-FPIO	P28A
287E	C-FPIR	P28A
2887	C-FPJA	C172
2888	C-FPJB	PA16
288A	C-FPJD	GL7T
2890	C-FPJJ	AS50
2895	C-FPJO	C182
2896	C-FPJP	C140
289F	C-FPJY	C182
28A2	C-FPKB	P28A
28A4	C-FPKD	C150
28A5	C-FPKE	RBEL
28A8	C-FPKH	HUSK
28AC	C-FPKL	B407
28AD	C-FPKM	AS50
28B6	C-FPKV	P28A
28BD	C-FPLC	C180
28BE	C-FPLD	C182
28C4	C-FPLJ	MR35
28C6	C-FPLL	C150
28C9	C-FPLO	C82R
28CA	C-FPLP	C82R
28CC	C-FPLR	C180
28CD	C-FPLS	B738
28CE	C-FPLT	C182
28D4	C-FPLZ	BE9L
28D5	C-FPMA	DH2T
28D9	C-FPME	DV20
28DB	C-FPMG	S108
28DC	C-FPMH	PA44
28DF	C-FPMK	B06
28E6	C-FPMR	B212
28E7	C-FPMS	P28B
28EA	C-FPMV	GLID
28EB	C-FPMW	AS50
28EF	C-FPNA	PA24
28F0	C-FPNB	DH8D
28F4	C-FPNF	M20P
28F5	C-FPNG	PC12
28FB	C-FPNM	HUSK
2900	C-FPNR	R44
2901	C-FPNS	PA31
2905	C-FPNW	C172
2906	C-FPNX	BE20
2907	C-FPNY	PA30
2908	C-FPNZ	AS50
290A	C-FPOB	BE33
2913	C-FPOK	DHC6
2914	C-FPOL	C177
2919	C-FPOQ	B06
291A	C-FPOR	P28A
291B	C-FPOS	C208
291E	C-FPOV	P28A
2925	C-FPPC	R44
2927	C-FPPE	MR35
292B	C-FPPI	TBM8
292E	C-FPPL	P28A
2930	C-FPPN	AS50
2932	C-FPPP	C210
2933	C-FPPQ	C170
2934	C-FPPR	C182
2935	C-FPPS	C185
2938	C-FPPV	CLON
293A	C-FPPX	PA11
293D	C-FPQA	B105
293E	C-FPQB	B789
2945	C-FPQI	DH8D
2948	C-FPQL	CAT
294A	C-FPQN	C82R
294B	C-FPQO	CH70
294D	C-FPQQ	BE20
2954	C-FPQX	B06
2958	C-FPRB	B06
295D	C-FPRG	C172
2961	C-FPRK	PA18
2962	C-FPRL	ARV1
2963	C-FPRM	PC24
2964	C-FPRN	C172
2966	C-FPRP	B738
2967	C-FPRQ	C180
2968	C-FPRR	C172
2969	C-FPRS	BE35
296E	C-FPRX	GA8
2970	C-FPRZ	EC30
2971	C-FPSA	D228
2972	C-FPSB	R44
2973	C-FPSC	JS32
2976	C-FPSF	GLEX
2978	C-FPSH	D228
2979	C-FPSI	JS32
297B	C-FPSK	C172
297D	C-FPSM	DHC2
2982	C-FPSR	RBEL
2984	C-FPST	T6
2986	C-FPSV	C680
2987	C-FPSW	WAIX
298C	C-FPTB	ST75
2990	C-FPTF	C172
2991	C-FPTG	AS50
2992	C-FPTH	C182
2998	C-FPTN	C172
2999	C-FPTO	WAIX
299A	C-FPTP	T6
29A1	C-FPTW	C182
29A4	C-FPTZ	C82R
29A7	C-FPUC	C180
29AF	C-FPUK	AS32
29B0	C-FPUL	BE35
29B1	C-FPUM	GLEX
29B4	C-FPUP	C172
29B5	C-FPUQ	C152
29B6	C-FPUR	BE35
29B8	C-FPUT	C182
29BD	C-FPUY	C172
29C0	C-FPVB	SR22
29C8	C-FPVJ	DH8D
29C9	C-FPVK	C172
29CD	C-FPVO	CH20
29D0	C-FPVR	SREY
29D2	C-FPVT	C172
29D5	C-FPVW	C180
29D6	C-FPVX	C180
29DC	C-FPWD	A320
29DD	C-FPWE	A320
29DF	C-FPWG	C172
29E1	C-FPWI	PA12
29E3	C-FPWK	UH12
29E5	C-FPWM	C206
29E8	C-FPWP	P28S
29EA	C-FPWR	B350
29F1	C-FPWY	C150
29F3	C-FPXA	C152
29F6	C-FPXD	C208
29F8	C-FPXF	C150
29F9	C-FPXG	M20P
29FA	C-FPXH	M20P
29FB	C-FPXI	C172
29FC	C-FPXJ	C172
29FD	C-FPXK	C172
29FE	C-FPXL	PA31
29FF	C-FPXM	RV7
2A04	C-FPXR	GLID
2A05	C-FPXS	B429
2A06	C-FPXT	C180
2A09	C-FPXW	B429
2A0B	C-FPXY	C208
2A0C	C-FPXZ	C208
2A11	C-FPYE	C152
2A12	C-FPYF	S22T
2A1C	C-FPYP	C510
2A22	C-FPYV	C172
2A24	C-FPYX	SR20
2A29	C-FPZC	C152
2A32	C-FPZL	C182
2A3B	C-FPZU	M4
2A40	C-FPZZ	DHC2
2A42	C-FQAB	VO10
2A87	C-FQCS	C150
2A8F	C-FQDA	AS50
2AA5	C-FQDW	PA32
2AA7	C-FQDY	C185
2AB5	C-FQEM	P28R
2AB7	C-FQEO	P28A
2AB8	C-FQEP	P28A
2ABB	C-FQES	P28R
2ACB	C-FQFI	C150
2ACD	C-FQFK	C172
2AD7	C-FQFU	CH7B
2ADE	C-FQGB	M20P
2AE3	C-FQGG	B38M
2AF8	C-FQHB	B06
2B02	C-FQHL	AA1
2B05	C-FQHO	BE23
2B0B	C-FQHU	BE35
2B0C	C-FQHV	C150
2B0D	C-FQHW	C182
2B16	C-FQIF	C150
2B19	C-FQII	C172
2B30	C-FQJF	C172
2B35	C-FQJK	PA24
2B37	C-FQJM	P28A
2B3D	C-FQJS	GLID
2B40	C-FQJV	ST75
2B46	C-FQKB	C172
2B4F	C-FQKK	M20P
2B51	C-FQKM	M20P
2B5F	C-FQLA	C150
2B61	C-FQLC	PA31
2B65	C-FQLG	C182
2B69	C-FQLK	C185
2B6F	C-FQLQ	C172
2B72	C-FQLT	C182
2B76	C-FQLX	C180
2B78	C-FQLZ	C182
2B7B	C-FQMC	C182
2B95	C-FQNC	C172
2B96	C-FQND	DHC3
2B99	C-FQNG	S61
2B9F	C-FQNM	C177
2BA0	C-FQNN	C172
2BA5	C-FQNS	AS50
2BA8	C-FQNV	C172
2BBB	C-FQOO	P28A
2BC3	C-FQOW	P28R
2BC7	C-FQPA	PA24
2BCB	C-FQPE	C150
2BCC	C-FQPF	PA24
2BD6	C-FQPP	BE23
2BDD	C-FQPW	C150
2BDE	C-FQPX	C150
2BE1	C-FQQA	C150
2BEE	C-FQQN	BE35
2BF1	C-FQQQ	LNP4
2BF4	C-FQQT	M20P
2BF8	C-FQQX	P28A
2BFA	C-FQQZ	P28R
2C06	C-FQRL	M4
2C0C	C-FQRR	C172
2C10	C-FQRV	BE35
2C11	C-FQRW	C205
2C12	C-FQRX	S108
2C14	C-FQRZ	C182
2C15	C-FQSA	C172
2C27	C-FQSS	C172
2C2A	C-FQSV	C182
2C2B	C-FQSW	C172
2C2E	C-FQSZ	C172
2C2F	C-FQTA	C82R
2C30	C-FQTB	C172
2C31	C-FQTC	C82R
2C3C	C-FQTN	C170
2C3D	C-FQTO	C172
2C69	C-FQVG	RV6
2C6D	C-FQVK	C172
2C6E	C-FQVL	C182
2C6F	C-FQVM	BE23
2C74	C-FQVR	PELI
2C7B	C-FQVY	C150
2C7C	C-FQVZ	C150
2C7D	C-FQWA	B190
2C81	C-FQWE	DH8D
2C82	C-FQWF	PA12
2C8C	C-FQWP	PA31
2C8E	C-FQWR	C140
2C8F	C-FQWS	PA15
2C96	C-FQWZ	C172
2C9C	C-FQXF	C206
2CAA	C-FQXT	M20P
2CB0	C-FQXZ	RV6
2CB8	C-FQYH	PA32
2CBA	C-FQYJ	C172
2CBE	C-FQYN	C177
2CC4	C-FQYT	C310
2CCF	C-FQZE	C172
2CD7	C-FQZM	P28A
2CD8	C-FQZN	P28R
2CE1	C-FQZW	C177
2CE5	C-FRAA	C172
2CE6	C-FRAB	O1
2CF1	C-FRAM	B77W
2CF3	C-FRAO	C152
2CF5	C-FRAQ	GLID
2CF6	C-FRAR	C172
2CFA	C-FRAV	RV9
2CFC	C-FRAX	B38M
2D00	C-FRBB	BE20
2D01	C-FRBC	CH60
2D02	C-FRBD	AC50
2D07	C-FRBI	R22
2D0C	C-FRBN	HROC
2D0D	C-FRBO	R44
2D0E	C-FRBP	RV6
2D10	C-FRBR	PA14
2D14	C-FRBV	T206
2D17	C-FRBY	P28A
2D1B	C-FRCC	PA30
2D1F	C-FRCG	R44
2D21	C-FRCI	CL60
2D2E	CF-RCV	GLID
2D33	C-FRDA	FB1A
2D34	C-FRDB	C185
2D3B	C-FRDI	PA31
2D3F	C-FRDM	C414
2D40	C-FRDN	PA46
2D43	C-FRDQ	R22
2D4B	C-FRDY	CH70
2D4F	C-FREC	C150
2D50	C-FRED	AS32
2D51	C-FREE	G150
2D54	C-FREH	H500
2D5D	C-FREQ	C560
2D61	C-FREU	R22
2D73	C-FRFM	T206
2D74	C-FRFN	C152
2D76	C-FRFP	RBEL
2D77	C-FRFQ	C172
2D7A	C-FRFT	C150
2D7C	C-FRFV	C172
2D7D	C-FRFW	C182
2D80	C-FRFZ	C182
2D81	C-FRGA	T33
2D82	C-FRGB	AS32
2D87	C-FRGG	PA24
2D89	C-FRGI	PA27
2D8A	C-FRGJ	PA32
2D8E	C-FRGN	C82R
2D92	C-FRGR	C150
2D93	C-FRGS	GC1
2D94	C-FRGT	PIVI
2D97	C-FRGW	C172
2D99	C-FRGY	CL30
2D9A	C-FRGZ	S108
2D9B	C-FRHA	R44
2D9F	C-FRHE	R44
2DA2	C-FRHH	VJ22
2DA4	C-FRHJ	H269
2DA6	C-FRHL	C208
2DA7	C-FRHM	C208
2DAB	C-FRHQ	BL17
2DAC	C-FRHR	P28A
2DAE	C-FRHT	C152
2DB0	C-FRHV	PA24
2DB2	C-FRHX	C172
2DB4	C-FRHZ	BE20
2DB6	C-FRIB	BE20
2DBF	C-FRIK	AEST
2DC5	C-FRIQ	B06
2DC6	C-FRIR	C172
2DC8	C-FRIT	R22
2DCB	C-FRIW	P28A
2DCC	C-FRIX	C180
2DCE	C-FRIZ	DV20
2DCF	C-FRJA	CRJ9
2DD4	C-FRJF	BE23
2DD6	C-FRJH	C185
2DD8	C-FRJJ	M20P
2DE1	C-FRJS	SS2T
2DE3	C-FRJU	DV20
2DE7	C-FRJY	RJ1H
2DE8	C-FRJZ	ASTR
2DEE	C-FRKF	F2TH
2DEF	C-FRKG	PA31
2DF3	C-FRKK	P28A
2E00	C-FRKX	C180
2E0E	C-FRLL	RV7
2E0F	C-FRLM	BE20
2E19	C-FRLW	M20T
2E1B	C-FRLY	BE23
2E1F	C-FRMC	C172
2E20	C-FRMD	DA40
2E24	C-FRMH	S61
2E26	C-FRMJ	S108
2E32	C-FRMV	BE20
2E33	C-FRMW	HUSK
2E39	C-FRNC	B190
2E3D	C-FRNG	AS50
2E40	C-FRNJ	GLST
2E41	C-FRNK	C180
2E44	C-FRNN	P28A
2E4B	C-FRNU	M20P
2E4C	C-FRNV	GLIM
2E4D	C-FRNW	C172
2E51	C-FROA	T6
2E53	C-FROC	ERCO
2E55	C-FROE	P28A
2E57	C-FROG	C172
2E5A	C-FROJ	GLEX
2E5B	C-FROK	HROC
2E5E	C-FRON	C340
2E60	C-FROP	C172
2E62	C-FROR	PA24
2E65	C-FROU	P28A
2E68	C-FROX	PA24
2E71	C-FRPG	C170
2E73	C-FRPI	C210
2E7A	C-FRPP	C182
2E82	C-FRPX	SW3
2E87	C-FRQC	AT75
2E88	C-FRQD	BE18
2E89	C-FRQE	S108
2E8D	C-FRQI	BE99
2E8F	C-FRQK	E75S
2E91	C-FRQM	E75S
2E92	C-FRQN	E75S
2E94	C-FRQP	E75S
2E95	C-FRQQ	C120
2E96	C-FRQR	C182
2E97	C-FRQS	PA30
2E98	C-FRQT	BT36
2E99	C-FRQU	C182
2E9B	C-FRQW	E75S
2E9D	C-FRQY	PA22
2E9F	C-FRRA	C172
2EA0	C-FRRB	C172
2EA1	C-FRRC	C172
2EA5	C-FRRG	C172
2EAF	C-FRRQ	BE20
2EB0	C-FRRR	M20P
2EB3	C-FRRU	PA20
2EB9	C-FRSA	B789
2EBA	C-FRSB	PA22
2EBD	C-FRSE	B789
2EBF	C-FRSG	C182
2EC1	C-FRSI	B789
2EC2	C-FRSJ	ERCO
2EC3	C-FRSK	BK17
2EC4	C-FRSL	C185
2EC7	C-FRSO	B789
2ECA	C-FRSR	B789
2ECB	C-FRSS	P28A
2ECE	C-FRSV	R44
2ECF	C-FRSW	RV10
2ED1	C-FRSY	R44
2ED2	C-FRSZ	R44
2ED4	C-FRTB	R44
2ED9	C-FRTG	B789
2EE0	C-FRTN	T206
2EE2	C-FRTP	C182
2EE4	C-FRTR	P28A
2EE7	C-FRTU	B789
2EE8	C-FRTV	C208
2EE9	C-FRTW	B789
2EEC	C-FRTZ	C206
2EEF	C-FRUC	C152
2EF2	C-FRUF	C152
2EF8	C-FRUL	T6
2EF9	C-FRUM	C172
2EFD	C-FRUQ	AS50
2EFF	C-FRUS	PA16
2F00	C-FRUT	C172
2F01	C-FRUU	TBM8
2F07	C-FRVA	C150
2F08	C-FRVB	C182
2F0B	C-FRVE	RV4
2F0C	C-FRVF	RV7
2F0E	C-FRVH	C172
2F10	C-FRVJ	RV7
2F11	C-FRVK	RV7
2F12	C-FRVL	BE18
2F13	C-FRVM	C206
2F15	C-FRVO	C172
2F16	C-FRVP	RV6
2F18	C-FRVR	RV7
2F1F	C-FRVY	C185
2F21	C-FRWA	B738
2F24	C-FRWD	TBM9
2F26	C-FRWF	B212
2F27	C-FRWG	T28
2F28	C-FRWH	C170
2F2A	C-FRWJ	P28A
2F2B	C-FRWK	MU2
2F2C	C-FRWL	R66
2F34	C-FRWT	PA24
2F36	C-FRWV	T206
2F37	C-FRWW	SR22
2F3C	C-FRXB	PULS
2F46	C-FRXL	AT5T
2F49	C-FRXO	BE55
2F50	C-FRXV	P28A
2F5A	C-FRYF	C82R
2F64	C-FRYP	C82R
2F67	C-FRYS	LJ75
2F68	C-FRYT	C140
2F6A	C-FRYV	B38M
2F6D	C-FRYY	C172
2F6F	C-FRZA	LNCE
2F73	C-FRZE	C82R
2F75	C-FRZG	B738
2F80	C-FRZR	C172
2F87	C-FRZY	P28S
2F88	C-FRZZ	C172
2F8A	C-FSAB	PRM1
2F8E	C-FSAF	PA24
2F93	C-FSAK	P28A
2F94	C-FSAL	C414
2F97	C-FSAO	BE20
2F9B	C-FSAS	DA40
2F9C	C-FSAT	COL4
2FA0	C-FSAX	DHC2
2FA4	C-FSBB	C340
2FA9	C-FSBG	RV8
2FAC	C-FSBJ	C172
2FAD	C-FSBK	AS50
2FB4	C-FSBR	E550
2FB5	C-FSBS	C172
2FB6	C-FSBT	PA18
2FB8	C-FSBV	B789
2FBC	C-FSBZ	C180
2FC0	C-FSCD	C25B
2FC1	C-FSCE	C82R
2FC2	C-FSCF	C172
2FC3	C-FSCG	C172
2FC7	C-FSCK	C82R
2FC8	C-FSCL	C172
2FCB	C-FSCO	PC12
2FCD	C-FSCQ	CH7A
2FCE	C-FSCR	C82R
2FCF	C-FSCS	PA24
2FD2	C-FSCV	BE55
2FD3	C-FSCW	P28A
2FD4	C-FSCX	C82R
2FD5	C-FSCY	B38M
2FD6	C-FSCZ	SA75
2FD7	C-FSDA	AC90
2FD8	C-FSDB	B38M
2FD9	C-FSDC	FBA2
2FDD	C-FSDG	R44
2FDF	C-FSDI	C150
2FE1	C-FSDK	DA42
2FE2	C-FSDL	LJ75
2FE4	C-FSDN	C25B
2FE5	C-FSDO	E550
2FE7	C-FSDQ	B38M
2FE9	C-FSDS	C750
2FED	C-FSDW	B38M
2FF1	C-FSEA	C425
2FF4	C-FSED	C120
2FF5	C-FSEE	PA22
2FF6	C-FSEF	C25B
2FF9	C-FSEI	C303
2FFB	C-FSEK	PELI
2FFF	C-FSEO	CH7B
3000	C-FSEP	CL60
3001	C-FSEQ	B38M
3003	C-FSES	B38M
3006	C-FSEV	C172
3007	C-FSEW	BE30
300A	C-FSEZ	MR35
300D	C-FSFC	C140
300E	C-FSFD	C182
3010	C-FSFF	DA40
3012	C-FSFH	R22
3013	C-FSFI	PC12
3018	C-FSFN	Z42
3019	C-FSFO	C25B
301A	C-FSFP	C25B
301B	C-FSFQ	PA17
301D	C-FSFS	C25B
3023	C-FSFY	C170
3025	C-FSGA	C180
3026	C-FSGB	C180
302E	C-FSGJ	C150
3030	C-FSGL	C180
3031	C-FSGM	DA42
3032	C-FSGN	DA42
3036	C-FSGR	C182
3038	C-FSGT	C180
303B	C-FSGW	C206
303C	C-FSGX	C206
303D	C-FSGY	P28A
303F	C-FSHA	R44
3041	C-FSHC	AS50
3047	C-FSHI	P28A
304B	C-FSHM	FOX
3050	C-FSHR	EC20
305C	C-FSID	R22
3060	C-FSIH	C182
3063	C-FSIK	AS50
3064	C-FSIL	B38M
3066	C-FSIN	C177
3068	C-FSIP	B38M
3069	C-FSIQ	B38M
306F	C-FSIW	C337
3070	C-FSIX	T6
3071	C-FSIY	C337
3072	C-FSIZ	C337
3075	C-FSJC	C25C
3077	C-FSJE	GP3
3079	C-FSJG	P28A
307A	C-FSJH	B38M
307C	C-FSJJ	B38M
307D	C-FSJK	BE23
307F	C-FSJM	P28A
3082	C-FSJP	C172
3084	C-FSJR	CL60
3088	C-FSJV	DH2T
308B	C-FSJY	CL60
308D	C-FSKA	BE10
308F	C-FSKC	COL4
3098	C-FSKL	T6
309A	C-FSKN	BE20
309B	C-FSKO	BE20
309C	C-FSKP	S108
309E	C-FSKR	B06
309F	C-FSKS	C208
30A2	C-FSKV	AS50
30A3	C-FSKW	BE23
30A4	C-FSKX	BE20
30A5	C-FSKY	M7
30A6	C-FSKZ	B38M
30A7	C-FSLA	C180
30A8	C-FSLB	AS50
30AA	C-FSLD	C340
30AB	C-FSLE	RV9
30AD	C-FSLG	C177
30B9	C-FSLS	C172
30BB	C-FSLU	B38M
30BE	C-FSLX	KTOO
30BF	C-FSLY	C182
30C3	C-FSMC	C170
30C5	C-FSME	C172
30C7	C-FSMG	GLST
30C8	C-FSMH	M600
30C9	C-FSMI	UH1
30CE	C-FSMN	C170
30CF	C-FSMO	C172
30D7	C-FSMW	PA46
30DC	C-FSNB	C172
30DD	C-FSNC	C560
30E3	C-FSNI	C180
30E6	C-FSNL	TOBA
30EA	C-FSNP	C25B
30EB	C-FSNQ	B38M
30EF	C-FSNU	B38M
30F0	C-FSNV	C172
30F3	C-FSNY	E550
30F4	C-FSNZ	R44
30F7	C-FSOC	B38M
30FA	C-FSOF	C172
30FB	C-FSOG	RV8
30FD	C-FSOI	B38M
30FF	C-FSOK	P28A
3101	C-FSOM	C82R
3109	C-FSOU	DH8C
310E	C-FSOZ	AS50
3110	C-FSPB	RV6
3112	C-FSPD	AT3P
3114	C-FSPF	AS50
3119	C-FSPK	BE76
311B	C-FSPM	AC90
311C	C-FSPN	BE20
311F	C-FSPQ	PL1
3120	C-FSPR	AS50
3121	C-FSPS	C182
3122	C-FSPT	DA40
3124	C-FSPV	SS2P
3125	C-FSPW	BE23
3128	C-FSPZ	AT3P
3129	C-FSQA	C182
312A	C-FSQB	C185
312B	C-FSQC	AS50
312C	C-FSQD	AS50
3130	C-FSQH	C172
3135	C-FSQM	RV6
313B	C-FSQS	C182
313E	C-FSQV	C185
3140	C-FSQX	C25B
314A	C-FSRH	R44
314C	C-FSRJ	DH8D
314D	C-FSRK	GLID
3150	C-FSRN	DH8D
3154	C-FSRR	CH7A
3157	C-FSRU	PA12
3159	C-FSRW	DH8D
315A	C-FXRX	E550
315B	C-FSRY	C25B
315C	C-FSRZ	DH8D
315D	C-FSSA	C206
3160	C-FSSD	BE60
3162	C-FSSF	C172
3164	C-FSSH	C172
3165	C-FSSI	C172
3166	C-FSSJ	C172
3168	C-FSSL	C172
316E	C-FSSR	C150
3170	C-FSST	C182
3171	C-FSSU	R44
3176	C-FSSZ	R44
3177	C-FSTA	AJET
317B	C-FSTE	BE23
317C	C-FSTF	P28A
317D	C-FSTG	DA40
317E	CF-STH	C150
317F	C-FSTI	P28A
3180	C-FSTJ	B505
3182	C-FSTL	CH70
3186	C-FSTP	C172
3187	C-FSTQ	P28S
318B	C-FSTU	C150
318E	C-FSTX	C25C
318F	C-FSTY	C172
3191	C-FSUA	RJ1H
3194	C-FSUD	AC90
3195	C-FSUE	B429
3197	C-FSUG	BE20
319E	C-FSUN	PA31
31A0	C-FSUP	C25B
31A1	C-FSUQ	PA44
31A2	C-FSUR	PA24
31A6	C-FSUV	WAIX
31A7	C-FSUW	C172
31AD	C-FSVC	AS50
31B1	C-FSVG	B06
31B2	C-FSVH	H500
31B7	C-FSVM	CH7A
31BA	C-FSVP	C25B
31BF	C-FSVU	P28A
31C9	C-FSWE	DH8D
31CC	C-FSWH	P28A
31D2	C-FSWN	PA31
31D6	C-FSWR	M20P
31D7	C-FSWS	M20P
31DB	C-FSWW	T6
31DF	C-FSXA	DV20
31E2	C-FSXD	C172
31E4	C-FSXF	DV20
31E5	C-FSXG	BE9L
31E6	C-FSXH	BE30
31E7	C-FSXI	C150
31E9	C-FSXK	B407
31EA	C-FSXL	DA40
31EC	C-FSXN	GLID
31ED	C-FSXO	C172
31EE	C-FSXP	C172
31F0	C-FSXR	CL30
31F4	C-FSXV	C150
31F5	C-FSXW	C150
31FE	C-FSYF	PA34
3202	C-FSYJ	SR20
3203	C-FSYK	R44
3206	C-FSYN	C421
3207	C-FSYO	R44
3208	C-FSYP	PELI
320C	C-FSYT	R44
3210	C-FSYX	E545
3217	C-FSZE	C150
3219	C-FSZG	RBEL
321C	C-FSZJ	C172
321D	C-FSZK	C172
321E	C-FSZL	C172
321F	C-FSZM	C172
3220	C-FSZN	C150
3221	C-FSZO	GL5T
3224	C-FSZR	C150
3227	C-FSZU	C185
322B	CF-SZY	C172
322E	C-FTAB	PC12
322F	C-FTAC	BE95
3230	C-FTAD	GLID
3231	C-FTAE	AJET
3237	C-FTAK	DH8C
3239	C-FTAM	PA32
323E	C-FTAR	AT72
3240	C-FTAT	P28A
3244	C-FTAX	AJET
3245	C-FTAY	B06
324D	C-FTBG	TB20
3258	C-FTBR	DA42
3259	C-FTBS	DH82
325A	C-FTBT	PA20
3261	C-FTCA	B763
3265	C-FTCE	PA31
3267	C-FTCG	C172
3268	C-FTCH	R44
326A	C-FTCJ	CJ6
326B	C-FTCK	P28A
326C	C-FTCL	DH2T
326D	C-FTCM	P28R
326E	C-FTCN	P28A
3276	C-FTCV	C150
327B	C-FTDA	CL60
327C	C-FTDB	RV6
3282	C-FTDH	PA22
3283	C-FTDI	C172
3288	C-FTDN	C177
3289	C-FTDO	RV4
328B	C-FTDQ	RV4
3290	C-FTDV	C185
3295	C-FTEA	MD52
3297	C-FTEC	C414
3299	C-FTEE	C421
329F	C-FTEK	C82R
32A1	C-FTEM	M20P
32A2	C-FTEN	DH8D
32A4	C-FTEP	B06
32A7	C-FTES	C337
32B0	C-FTFB	R44
32B4	C-FTFF	C150
32B6	C-FTFH	C172
32B7	CF-TFI	M20P
32BB	C-FTFM	DH8A
32BC	C-FTFN	CAMP
32C0	C-FTFR	C150
32C2	C-FTFT	BE10
32C6	C-FTFX	DHC6
32C9	C-FTGA	O1
32CC	C-FTGD	BE24
32CE	C-FTGF	O1
32CF	C-FTGG	EC20
32D1	C-FTGI	DC3
32D5	C-FTGM	PA24
32DA	C-FTGR	C182
32DD	C-FTGU	O1
32E0	C-FTGX	DC3T
32E3	C-FTHA	B06
32E4	C-FTHB	B06
32E5	C-FTHC	B06
32E6	C-FTHD	B407
32E7	C-FTHE	PA31
32E8	C-FTHF	B38M
32EE	C-FTHL	B06
32F2	C-FTHP	B06
32F3	C-FTHQ	B06
32F4	C-FTHR	B06
32F5	C-FTHS	MR35
32F7	C-FTHU	B06
32F8	C-FTHV	B06
32F9	C-FTHW	B06
32FA	C-FTHX	B06
32FB	C-FTHY	AS50
32FC	C-FTHZ	AS50
3300	C-FTID	AT45
3301	C-FTIE	C182
3303	C-FTIG	SS2T
3307	C-FTIK	AT45
3308	C-FTIL	AT45
330B	C-FTIO	GLEX
330C	C-FTIP	PA24
330D	C-FTIQ	AT45
330E	C-FTIR	AT45
330F	C-FTIS	C421
3310	C-FTIT	EC30
3316	C-FTIZ	AT45
3318	C-FTJB	CL60
3319	C-FTJC	C560
331B	C-FTJE	RV9
331E	C-FTJH	B738
331F	C-FTJI	C152
3326	C-FTJP	CL60
3328	C-FTJR	A320
3329	C-FTJS	C750
332A	C-FTJT	RV10
332B	C-FTJU	B407
332C	C-FTJV	B38M
332E	C-FTJX	PA31
3330	C-FTJZ	CRJ7
3331	C-FTKA	BE55
3333	C-FTKC	B06
3336	C-FTKF	B190
3337	C-FTKG	DA42
3339	C-FTKI	C150
333C	C-FTKL	CJ6
333F	C-FTKO	AS50
3345	C-FTKU	C172
3346	C-FTKV	C150
3347	C-FTKW	BE23
334B	C-FTLA	C172
334E	C-FTLD	B06
3350	C-FTLF	M20P
3352	C-FTLH	F2TH
3357	C-FTLM	C185
335D	C-FTLS	C750
335F	C-FTLU	BE18
3361	C-FTLW	C208
3362	C-FTLX	DA40
3364	C-FTLZ	C182
3365	C-FTMA	CL30
3366	C-FTMB	SR22
3368	C-FTMD	RV10
336B	C-FTMG	BE35
336D	C-FTMI	F2TH
3370	C-FTML	CL60
3371	C-FTMM	C150
3372	C-FTMN	AT72
3373	C-FTMO	C208
3374	C-FTMP	M20T
3375	C-FTMQ	EC45
3378	C-FTMT	DA40
337B	C-FTMW	COL4
337C	C-FTMX	GLAS
337D	C-FTMY	AT72
337E	C-FTMZ	T206
3381	C-FTNC	R44
3384	C-FTNF	C310
3385	C-FTNG	PA34
3386	C-FTNH	C310
338E	C-FTNP	C182
3391	C-FTNS	B06
3393	C-FTNU	CH30
3397	C-FTNY	PA31
339C	C-FTOD	C150
33A5	C-FTOM	C560
33A7	C-FTOO	SA30
33A8	C-FTOP	PA24
33A9	C-FTOQ	B190
33AA	C-FTOR	C650
33AF	C-FTOW	B190
33B0	C-FTOX	RV7
33B1	C-FTOY	YK55
33B7	C-FTPE	BE9L
33BA	C-FTPH	SONX
33BC	C-FTPJ	C172
33BF	C-FTPM	HURI
33C0	C-FTPN	C206
33C3	C-FTPQ	C172
33C6	C-FTPT	PA24
33C9	C-FTPW	C150
33CA	C-FTPX	C150
33D2	C-FTQF	C172
33DE	C-FTQR	B190
33E1	C-FTQU	CJ6
33E6	C-FTQZ	BCS1
33E7	C-FTRA	C560
33E8	C-FTRB	P28A
33EB	C-FTRE	C172
33EE	C-FTRH	PTS1
33F1	C-FTRK	C150
33F3	C-FTRM	DA40
33F4	C-FTRN	B407
33F6	C-FTRP	G150
33F7	C-FTRQ	C172
33FA	C-FTRT	CP60
33FE	C-FTRX	PC12
3408	C-FTSH	AS50
340B	C-FTSK	SW4
3413	C-FTSS	ERCO
3415	C-FTSU	EC45
3419	C-FTSY	PA12
341A	C-FTSZ	P28A
3420	C-FTTF	C170
3422	C-FTTH	C177
3423	C-FTTI	P28A
3424	C-FTTJ	BE35
3426	C-FTTL	C206
3427	C-FTTM	C172
342B	C-FTTQ	RV6
3430	C-FTTV	C172
3431	C-FTTW	DIMO
3433	C-FTTY	PA25
3434	C-FTTZ	M20T
3436	C-FTUB	GLID
3437	C-FTUC	C150
3438	C-FTUD	P28A
343E	C-FTUJ	RBEL
3442	C-FTUN	B738
3445	C-FTUQ	RV6
3449	C-FTUU	PA44
344A	C-FTUV	CL2P
344B	C-FTUW	B407
344D	C-FTUY	C206
344E	C-FTUZ	B738
3450	C-FTVB	R22
3451	C-FTVC	COL3
3456	C-FTVH	AA1
345A	C-FTVL	B212
345C	C-FTVN	B505
345E	C-FTVP	C208
3463	C-FTVU	P28A
3464	C-FTVV	P28A
3465	C-FTVW	P28A
346A	C-FTWB	PA22
346B	C-FTWC	C210
346C	C-FTWD	C170
346D	C-FTWE	C172
346E	C-FTWF	C172
3471	C-FTWI	C172
3472	C-FTWJ	B738
3473	C-FTWK	PA30
3474	C-FTWL	C182
3475	C-FTWM	B06
3477	C-FTWO	RBEL
3478	C-FTWP	C180
347A	C-FTWR	GA8
347F	C-FTWW	PA27
3481	C-FTWY	CH7B
3482	C-FTWZ	C150
3483	C-FTXA	CL2P
3484	C-FTXB	BL8
3487	C-FTXE	B38M
3488	C-FTXF	B38M
348A	C-FTXH	PA34
3491	C-FTXO	PA23
3492	C-FTXP	P28A
3493	C-FTXQ	A321
3494	C-FTXR	GP3
349B	C-FTXY	C172
349D	C-FTYA	CH2T
34A1	C-FTYE	C150
34A9	C-FTYM	C150
34AB	C-FTYO	BE20
34AC	C-FTYP	C337
34B1	C-FTYU	SS2P
34B2	C-FTYV	B505
34B6	C-FTYZ	BE10
34BB	C-FTZE	E300
34BC	C-FTZF	GLID
34BF	C-FTZI	BE23
34CA	C-FTZT	BL8
34CD	C-FTZW	M20T
34D0	C-FTZZ	O1
34D2	C-FUAB	R22
34D4	C-FUAD	C10T
34D5	C-FUAE	C150
34D9	C-FUAI	C210
34DD	C-FUAM	PC12
34E1	C-FUAQ	M20P
34E2	C-FUAR	BE35
34E4	C-FUAT	T6
34E8	C-FUAX	BE35
34EA	C-FUAZ	G21
34EB	C-FUBA	BE23
34EC	C-FUBB	P28A
34F2	C-FUBH	AS50
34F5	C-FUBK	BK17
34F8	C-FUBN	C208
3509	C-FUCE	BE23
350C	C-FUCH	PA30
3512	C-FUCN	D228
3517	C-FUCS	B738
3523	C-FUDE	C182
3524	C-FUDF	C182
3525	C-FUDG	B505
3527	C-FUDI	C182
3529	C-FUDK	C182
352A	C-FUDL	C172
352B	C-FUDM	C172
352C	C-FUDN	C150
3532	C-FUDT	C150
3534	C-FUDV	RV6
353B	C-FUEC	C150
353D	C-FUEE	C172
3541	C-FUEI	C150
3546	C-FUEN	C172
3549	C-FUEQ	B06
354A	C-FUER	C172
354C	C-FUET	C180
354F	C-FUEW	C172
3550	C-FUEX	C172
3551	C-FUEY	C180
3552	C-FUEZ	B190
3553	C-FUFA	GLEX
3554	C-FUFB	AT5T
3555	C-FUFC	DA62
3556	C-FUFD	C172
3557	C-FUFE	C182
355B	C-FUFI	HROC
3560	C-FUFN	C185
3567	C-FUFU	C150
356D	C-FUGA	C150
3575	C-FUGI	C180
357A	C-FUGN	C180
357B	C-FUGO	C172
3581	C-FUGU	C172
3586	C-FUGZ	C172
3587	C-FUHA	P28R
3589	C-FUHC	C172
358A	C-FUHD	RV9
358B	C-FUHE	C150
3591	C-FUHK	C150
3595	C-FUHO	C150
3596	C-FUHP	C150
3597	C-FUHQ	C172
3599	C-FUHS	R44
35A2	C-FUIB	C172
35A5	C-FUIE	C185
35A7	C-FUIG	C180
35AA	C-FUIJ	C182
35AF	C-FUIO	C172
35B0	C-FUIP	RV6
35BB	C-FUJA	E75S
35BE	C-FUJD	C170
35BF	C-FUJE	E75S
35C0	C-FUJF	M20P
35CC	C-FUJR	B738
35D4	C-FUJZ	CRJ7
35D8	C-FUKD	P28A
35E1	C-FUKM	SNS7
35E5	C-FUKQ	BE36
35E9	C-FUKU	P28A
35EA	C-FUKV	C150
35F1	C-FULC	PA18
35F3	C-FULE	AT72
35F5	C-FULG	B429
35F6	C035F6	B38M
35F8	C-FULJ	B38M
35FB	C-FULM	S76
35FF	C-FULQ	P28A
3601	C-FULS	P32R
3602	C-FULT	PA18
3608	C-FULZ	P28A
360A	C-FUMB	C172
360B	C-FUMC	B06
360E	C-FUMF	B738
360F	C-FUMG	AT8T
3615	C-FUMM	J3
3616	C-FUMN	PA31
3617	C-FUMO	PNR3
3618	C-FUMP	P28A
3619	C-FUMQ	P28A
361D	C-FUMU	C152
361F	C-FUMW	S22T
3624	C-FUNB	RV7
3626	C-FUND	S92
3627	C-FUNE	E300
3628	C-FUNF	BE20
362C	C-FUNJ	BE35
3634	C-FUNR	YK52
3637	C-FUNU	M20P
363C	C-FUNZ	BOLT
3653	C-FUOW	C340
3655	C-FUOY	P28A
3664	C-FUPN	T33
3666	C-FUPP	T33
3667	C-FUPQ	BE10
3669	C-FUPS	C172
3671	C-FUQA	M20P
3675	C-FUQE	C180
3676	C-FUQF	C172
367B	C-FUQK	C185
367D	C-FUQM	C150
3680	C-FUQP	SAKO
3681	C-FUQQ	C150
3685	C-FUQU	C150
3689	C-FUQY	DH8A
3692	C-FURH	RV8
3693	C-FURI	P28A
3694	C-FURJ	P28A
369F	C-FURU	PA16
36A2	C-FURX	WAIX
36A4	C-FURZ	P28A
36A7	C-FUSC	PA18
36A9	C-FUSE	PA18
36AC	C-FUSH	P28A
36AF	C-FUSK	P28A
36B1	C-FUSM	B738
36B2	C-FUSN	BE55
36B3	C-FUSO	P28A
36B5	C-FUSQ	P28A
36B7	C-FUSS	P28A
36BB	C-FUSW	P28A
36BC	C-FUSX	SKIM
36BD	C-FUSY	SR22
36C2	C-FUTD	C150
36C4	C-FUTF	M20P
36C8	C-FUTJ	C172
36CA	C-FUTL	C525
36CD	C-FUTO	C172
36CE	C-FUTP	M20P
36D0	C-FUTR	M20P
36D1	C-FUTS	C150
36D2	C-FUTT	C182
36D7	C-FUTY	C150
36D9	C-FUUA	T206
36E2	C-FUUJ	C175
36FB	C-FUVI	B47G
36FC	C-FUVJ	BL8
36FF	C-FUVM	C172
3700	C-FUVN	C180
3703	C-FUVQ	DHC2
370A	C-FUVX	RV6
370E	C-FUWB	GLST
3711	C-FUWE	DH8D
3718	C-FUWL	C172
371A	C-FUWN	C172
371B	C-FUWO	C172
371E	C-FUWR	PA27
371F	C-FUWS	B737
3723	C-FUWW	C182
3725	C-FUWY	AS50
372F	C-FUXI	RV7
3733	C-FUXM	SASP
3737	C-FUXQ	PA18
373B	C-FUXU	LNP4
373F	C-FUXY	C172
3742	C-FUYB	C172
3743	C-FUYC	C208
3744	C-FUYD	PA30
3745	C-FUYE	GLID
3746	C-FUYF	P28A
374A	C-FUYJ	P28A
3752	C-FUYR	PA24
3753	C-FUYS	R44
3756	C-FUYV	DV20
375C	C-FUZB	ERCO
375F	C-FUZE	C210
3761	C-FUZG	DV20
3767	C-FUZM	CH7A
376C	C-FUZR	C172
3772	C-FUZX	CH7A
3774	C-FUZZ	M20P
3777	C-FVAC	C185
377B	C-FVAG	SR20
377C	C-FVAH	C210
377F	C-FVAK	C337
3780	C-FVAL	VJ22
3787	C-FVAS	C337
3788	C-FVAT	DHC6
378A	C-FVAV	B407
378C	C-FVAX	C425
378F	C-FVBA	R44
3791	C-FVBC	C172
3799	C-FVBK	C172
379B	C-FVBM	DV20
37A4	C-FVBV	C172
37AB	C-FVCC	BE20
37B0	C-FVCH	ERCO
37B6	C-FVCN	GLID
37BA	C-FVCR	GLEX
37BF	C-FVCW	AA5
37CA	C-FVDH	GLEX
37CC	C-FVDJ	C150
37CE	C-FVDL	C150
37D0	C-FVDN	CL60
37D1	C-FVDO	AT72
37DC	C-FVDZ	C180
37DF	C-FVEC	P28A
37E1	C-FVEE	CH7A
37E3	C-FVEG	DHC6
37E5	C-FVEI	C210
37E7	C-FVEK	PC12
37E8	C-FVEL	SEAW
37EC	C-FVEP	B412
37FD	C-FVFG	T6
3801	C-FVFK	AS50
3803	C-FVFM	P28A
3804	C-FVFN	BE20
3805	C-FVFO	BE35
380E	C-FVFX	C150
3814	C-FVGD	C82R
3816	C-FVGF	AT43
3818	C-FVGH	C172
3819	C-FVGI	C337
381A	C-FVGJ	C172
381D	C-FVGM	C185
381F	C-FVGO	C150
3820	C-FVGP	AT43
3822	C-FVGR	C150
3823	C-FVGS	C150
3829	C-FVGY	DHC6
382D	C-FVHC	B429
3830	C-FVHF	C182
3831	C-FVHG	B212
3834	C-FVHJ	PA31
3836	CF-VHL	C150
383E	C-FVHT	C172
383F	C-FVHU	M5
3841	C-FVHW	B06
3843	C-FVHY	C182
3844	C-FVHZ	T206
3847	C-FVIC	J3
384B	C-FVIG	AS50
384C	C-FVIH	AT5T
384F	C-FVIK	DHC6
3854	C-FVIP	MC45
385D	C-FVIY	PA27
3861	C-FVJC	BE95
3865	C-FVJG	C182
3870	C-FVJR	RV7
3887	C-FVKO	C172
388A	C-FVKR	SS2T
388C	C-FVKT	C210
3893	C-FVLA	P28A
3894	C-FVLB	P28A
3897	C-FVLE	PA30
3898	C-FVLF	C152
3899	C-FVLG	P28A
389D	C-FVLK	P28A
389E	C-FVLL	P28A
38A3	C-FVLQ	B789
38A4	C-FVLR	M20T
38A5	C-FVLS	C150
38A6	C-FVLT	P28A
38A7	C-FVLU	B789
38A8	C-FVLV	P28A
38A9	C-FVLW	C182
38AA	C-FVLX	B789
38AB	C-FVLY	B407
38AC	C-FVLZ	B789
38AD	C-FVMA	BE23
38AF	C-FVMC	PA12
38B1	C-FVME	R44
38B3	C-FVMG	T6
38B5	C-FVMI	S22T
38B9	C-FVMM	PA27
38BF	C-FVMS	PA31
38C3	C-FVMW	F2TH
38C8	C-FVNB	B789
38CA	C-FVND	B789
38CC	C-FVNF	B789
38D5	C-FVNO	P28A
38D6	C-FVNP	P28A
38D7	C-FVNQ	P28B
38D9	C-FVNS	DC3
38DA	C-FVNT	AT8T
38DC	C-FVNV	M4
38E7	C-FVOG	DHC6
38EC	C-FVOL	K100
38F3	C-FVOS	P28A
38F5	C-FVOU	P28A
38F7	C-FVOW	C337
38FA	C-FVOZ	B38M
38FC	C-FVPB	G280
3903	C-FVPI	P28A
3905	C-FVPK	PC12
3909	C-FVPO	P28A
390E	C-FVPT	C206
3910	C-FVPV	C172
3912	C-FVPX	P28A
3913	C-FVPY	P28A
3917	C-FVQC	C172
391F	C-FVQK	C180
3922	C-FVQN	P28A
3926	C-FVQR	BE55
3938	C-FVRJ	DH8A
393A	C-FVRL	RV9
393B	C-FVRM	C172
393C	CF-VRN	C172
3941	C-FVRS	C150
3942	C-FVRT	AS50
3947	C-FVRY	CLON
3948	C-FVRZ	B412
3949	C-FVSA	SYMP
394D	C-FVSE	WAIX
394F	C-FVSG	C152
3955	C-FVSM	PA30
3957	C-FVSO	C182
3958	C-FVSP	B06
395A	C-FVSR	CH7B
395B	C-FVSS	C150
3960	C-FVSX	C172
3965	C-FVTC	B407
396C	C-FVTJ	RV6
396D	C-FVTK	B06
396E	C-FVTL	PA31
396F	C-FVTM	AS50
3971	C-FVTO	PELI
3973	C-FVTQ	PA31
3975	C-FVTS	B212
3979	C-FVTW	C150
397C	C-FVTZ	CH60
3989	C-FVUM	C150
3994	C-FVUX	C172
3997	C-FVVA	B06
3998	C-FVVB	SR22
3999	C-FVVC	C150
399A	C-FVVD	C150
399B	C-FVVE	C25C
39A0	C-FVVJ	DV20
39A4	C-FVVN	DV20
39A5	C-FVVO	C172
39A8	C-FVVR	AS50
39A9	C-FVVS	PA31
39AB	C-FVVU	C182
39AF	C-FVVY	DV20
39B1	C-FVWA	SR22
39B3	C-FVWC	P40
39BF	C-FVWO	C150
39C0	C-FVWP	M20P
39C4	C-FVWT	Z42
39C5	C-FVWU	C175
39C9	C-FVWY	PA31
39CB	C-FVXA	C150
39CF	C-FVXE	C150
39D4	C-FVXJ	C172
39E0	C-FVXV	SIDE
39EA	C-FVYF	T6
39EF	C-FVYK	ERCO
39FB	C-FVYW	PA31
39FF	C-FVZA	C185
3A01	C-FVZC	G115
3A07	C-FVZI	C172
3A0B	C-FVZM	PA31
3A0C	C-FVZN	C172
3A10	C-FVZR	C172
3A11	C-FVZS	C185
3A14	C-FVZV	C337
3A16	C-FVZX	PA22
3A18	C-FVZZ	LYSA
3A19	C-FWAA	UH12
3A1E	C-FWAF	PC12
3A1F	C-FWAG	PA31
3A20	C-FWAH	DHC6
3A24	C-FWAL	PC12
3A25	C-FWAM	AA5
3A28	C-FWAP	TBM9
3A2A	C-FWAR	R44
3A2D	C-FWAU	B190
3A2F	C-FWAW	C208
3A30	C-FWAX	B190
3A33	C-FWBA	C175
3A3A	C-FWBH	B212
3A3C	C-FWBJ	BE60
3A3D	C-FWBK	C25B
3A3E	C-FWBL	R44
3A40	C-FWBN	EXEC
3A42	C-FWBP	ERCO
3A45	C-FWBS	T6
3A46	C-FWBT	PA24
3A49	C-FWBW	B212
3A4A	C-FWBX	B212
3A4C	C-FWBZ	C177
3A4D	C-FWCA	DHC2
3A4F	C-FWCC	GLEX
3A50	C-FWCD	AS50
3A51	C-FWCE	B06
3A56	C-FWCJ	LA4
3A57	C-FWCK	AS55
3A58	C-FWCL	AS50
3A59	C-FWCM	T206
3A5A	C-FWCN	B737
3A5C	C-FWCP	B430
3A5F	C-FWCS	AS50
3A64	C-FWCX	C150
3A69	C-FWDC	B350
3A6A	C-FWDD	C172
3A6F	C-FWDI	PA23
3A73	C-FWDM	BE23
3A83	C-FWEC	RV9
3A84	C-FWED	PA22
3A87	C-FWEG	P28A
3A88	C-FWEH	P28A
3A8C	C-FWEL	P28A
3A8D	C-FWEM	P46T
3A90	C-FWEP	DH8D
3A91	C-FWEQ	CH7A
3A94	C-FWET	C185
3A97	C-FWEW	DH8D
3A9A	C-FWEZ	DH8D
3A9B	C-FWFA	H269
3AA1	C-FWFG	P28A
3AA2	C-FWFH	B412
3AA4	C-FWFJ	EC30
3AA5	C-FWFK	P28A
3AAA	C-FWFP	WAIX
3AAD	C-FWFS	AS50
3AB5	C-FWGA	T6
3AB6	C-FWGB	LJ40
3ABA	C-FWGF	C150
3ABB	C-FWGG	C150
3ABC	C-FWGH	B350
3ABD	C-FWGI	L8
3ABE	C-FWGJ	P28A
3ABF	C-FWGK	P28A
3AC2	C-FWGN	B06
3AC3	C-FWGO	C172
3AC4	C-FWGP	C206
3AC7	C-FWGS	B06
3ACA	C-FWGV	WAIX
3ACF	C-FWHA	L8
3AD2	C-FWHD	C150
3AD7	C-FWHI	P28A
3AD8	C-FWHJ	P28A
3AD9	C-FWHK	GLST
3ADA	C-FWHL	P28A
3ADC	C-FWHN	P28A
3ADD	C-FWHO	P28A
3AE5	C-FWHW	C150
3AE7	C-FWHY	BT36
3AF2	C-FWIJ	B738
3AF5	C-FWIM	RV6
3AFB	C-FWIS	B407
3AFC	C-FWIT	C150
3B00	C-FWIX	PA18
3B05	C-FWJC	C180
3B07	C-FWJE	PA24
3B12	C-FWJP	C172
3B15	C-FWJS	B738
3B1C	C-FWJZ	C150
3B1E	C-FWKB	C172
3B1F	C-FWKC	C180
3B29	C-FWKM	AS50
3B2E	C-FWKR	GLID
3B35	C-FWKY	C170
3B38	C-FWLB	C172
3B3B	C-FWLE	PA32
3B3C	C-FWLF	P28A
3B3F	C-FWLI	MIMU
3B43	CF-WLM	PA24
3B45	C-FWLO	T6
3B47	C-FWLQ	C172
3B48	C-FWLR	R44
3B49	C-FWLS	B430
3B4A	C-FWLT	BE23
3B4B	C-FWLU	C172
3B4C	C-FWLV	C172
3B4E	C-FWLX	C172
3B4F	C-FWLY	C170
3B52	C-FWMB	RV9
3B54	C-FWMD	CL60
3B57	C-FWMG	S22T
3B5A	C-FWMJ	C180
3B5C	C-FWML	C172
3B5D	C-FWMM	C185
3B5E	C-FWMN	C172
3B63	C-FWMS	C185
3B68	C-FWMX	C150
3B6E	C-FWND	C172
3B6F	C-FWNE	PA31
3B71	C-FWNG	PA31
3B81	C-FWNW	M20P
3B84	C-FWNZ	GC1
3B85	C-FWOA	PA34
3B86	C-FWOB	M7
3B87	C-FWOC	C177
3B8A	C-FWOF	PAY1
3B8E	C-FWOJ	P28A
3B90	C-FWOL	P149
3B92	C-FWON	HROC
3B93	C-FWOO	C180
3B96	C-FWOR	C182
3B97	C-FWOS	C172
3B99	C-FWOU	C172
3B9D	C-FWOY	C150
3B9E	C-FWOZ	C150
3B9F	C-FWPA	BT36
3BA0	C-FWPB	H269
3BA2	C-FWPD	PA27
3BA4	C-FWPF	GLEX
3BA5	C-FWPG	BE10
3BA9	C-FWPK	T6
3BAA	C-FWPL	BE23
3BAD	C-FWPO	C185
3BB0	C-FWPR	M7
3BB2	C-FWPT	C182
3BB4	C-FWPV	C172
3BB8	C-FWPZ	PA12
3BBA	C-FWQB	PA32
3BBC	C-FWQD	RBEL
3BC3	C-FWQK	C182
3BCA	C-FWQR	P28R
3BCB	C-FWQS	P28A
3BCE	C-FWQV	B429
3BD2	C-FWQZ	C150
3BD4	C-FWRB	P28R
3BD5	C-FWRC	C177
3BD7	C-FWRE	RV10
3BD9	C-FWRG	DA42
3BDD	C-FWRK	TOOT
3BDE	C-FWRL	C441
3BDF	C-FWRM	BE10
3BE3	C-FWRQ	C172
3BE4	C-FWRR	CRJ1
3BE6	C-FWRT	GLID
3BE7	C-FWRU	CH7A
3BE8	C-FWRV	CH7B
3BEA	C-FWRX	C750
3BEE	C-FWSB	C185
3BF0	C-FWSD	RBEL
3BF1	C-FWSE	B738
3BF2	C-FWSF	B737
3BF4	C-FWSH	TWEN
3BF5	C-FWSI	B737
3BF7	C-FWSK	B737
3BFB	C-FWSO	B737
3BFC	C-FWSP	CH20
3BFD	C-FWSQ	M20P
3BFE	C-FWSR	P28A
3C00	C-FWST	P28A
3C02	C-FWSV	B737
3C04	C-FWSX	B737
3C05	C-FWSY	B737
3C08	C-FWTB	P28A
3C09	C-FWTC	P28R
3C0B	C-FWTE	B412
3C0C	C-FWTF	E55P
3C14	C-FWTN	C177
3C15	C-FWTO	C177
3C17	C-FWTQ	B412
3C1E	C-FWTX	SS2T
3C1F	C-FWTY	B412
3C21	C-FWUA	C177
3C26	C-FWUF	P28R
3C29	C-FWUI	DC3T
3C2B	C-FWUK	B407
3C2E	C-FWUN	CH7A
3C31	C-FWUQ	C182
3C34	C-FWUT	CL30
3C39	C-FWUY	C172
3C3C	C-FWVB	PRM1
3C3D	C-FWVC	COY2
3C3F	C-FWVE	P28A
3C40	C-FWVF	LA4
3C42	C-FWVH	PELI
3C44	C-FWVJ	B738
3C46	C-FWVL	C150
3C4D	C-FWVS	M20P
3C50	C-FWVV	G44
3C51	C-FWVW	C180
3C53	C-FWVY	DHC2
3C5A	C-FWWF	BE20
3C5F	C-FWWK	BE30
3C63	C-FWWO	T6
3C64	C-FWWP	B06
3C67	C-FWWS	LNC2
3C69	C-FWWU	CRJ2
3C6B	C-FWWW	A109
3C6C	C-FWWX	VO10
3C6D	C-FWWY	PA18
3C6F	C-FWXA	C150
3C71	C-FWXC	C182
3C75	C-FWXG	C177
3C77	C-FWXI	BE20
3C79	C-FWXK	C150
3C7A	C-FWXL	B190
3C7C	C-FWXN	C150
3C80	C-FWXR	G150
3C85	C-FWXW	C172
3C87	C-FWXY	T6
3C8B	C-FWYC	PA30
3C96	C-FWYN	BE10
3C9C	C-FWYT	C170
3C9E	C-FWYV	P28A
3CA5	C-FWZC	P28A
3CA7	C-FWZE	DHC2
3CA9	C-FWZG	C408
3CAA	C-FWZH	AS50
3CAB	C-FWZI	C182
3CAD	C-FWZK	B190
3CAE	C-FWZL	C185
3CAF	C-FWZM	M4
3CB0	C-FWZN	BE33
3CB1	C-FWZO	C185
3CB3	C-FWZQ	C172
3CB4	C-FWZR	C408
3CB8	C-FWZV	DHC7
3CBD	C-FXAA	C180
3CBE	C-FXAB	PC12
3CC3	C-FXAG	C208
3CC4	C-FXAH	AS50
3CC6	C-FXAJ	C750
3CC9	C-FXAM	C150
3CCB	C-FXAO	P28A
3CCE	C-FXAR	P28A
3CD0	C-FXAT	B350
3CD1	C-FXAU	P28A
3CD3	C-FXAW	WW24
3CD6	C-FXAZ	C208
3CD7	C-FXBA	P28A
3CD9	C-FXBC	GL7T
3CE2	C-FXBL	TAIL
3CE3	C-FXBM	P28A
3CE6	C-FXBP	AS50
3CE8	C-FXBR	BE23
3CEB	C-FXBU	C172
3CF0	C-FXBZ	B407
3CF1	C-FXCA	B763
3CF4	C-FXCD	A320
3CF6	C-FXCF	P28A
3CFC	C-FXCL	C208
3CFD	C-FXCM	C177
3CFE	C-FXCN	GLID
3CFF	C-FXCO	P28A
3D00	C-FXCP	P28A
3D08	C-FXCX	TAYA
3D09	C-FXCY	P28B
3D0A	C-FXCZ	C150
3D0C	C-FXDB	GLEX
3D0E	C-FXDD	T210
3D0F	C-FXDE	BE10
3D12	C-FXDH	C82R
3D14	C-FXDJ	C182
3D15	C-FXDK	PA44
3D18	C-FXDN	C150
3D19	C-FXDO	C172
3D1A	C-FXDP	WW24
3D1B	C-FXDQ	C172
3D1D	C-FXDS	BL8
3D25	C-FXEA	R44
3D26	C-FXEB	C172
3D27	C-FXEC	S61
3D28	C-FXED	AS50
3D2A	C-FXEF	P28A
3D2C	C-FXEH	C177
3D34	C-FXEP	B412
3D36	C-FXER	C172
3D3E	C-FXEZ	C172
3D40	C-FXFB	P28S
3D41	C-FXFC	C172
3D48	C-FXFJ	ST75
3D4A	C-FXFL	C172
3D4B	C-FXFM	C172
3D4C	C-FXFN	C172
3D52	C-FXFT	KMAX
3D56	C-FXFX	AS55
3D57	C-FXFY	CL35
3D59	C-FXGA	C56X
3D5B	C-FXGC	P28A
3D5E	C-FXGF	CL35
3D61	C-FXGI	Y18T
3D63	C-FXGK	PA18
3D67	C-FXGO	CL30
3D68	C-FXGP	WAIX
3D69	C-FXGQ	S76
3D6A	C-FXGR	C150
3D6E	C-FXGV	C180
3D73	C-FXHA	AS55
3D75	C-FXHC	CRJ2
3D77	C-FXHE	AS55
3D7A	C-FXHH	P28A
3D80	C-FXHN	FOX
3D81	C-FXHO	DA40
3D84	C-FXHR	C172
3D85	C-FXHS	AS50
3D8D	C-FXIA	R44
3D8E	C-FXIB	C172
3D91	C-FXIE	C172
3D94	C-FXIH	AS55
3D97	C-FXIK	C180
3D9A	C-FXIN	AS55
3D9C	C-FXIP	DH8D
3DA4	C-FXIX	J3
3DA9	C-FXJC	E75S
3DAA	C-FXJD	DV20
3DAC	C-FXJF	E75S
3DAD	C-FXJG	F900
3DAF	C-FXJI	C172
3DB3	C-FXJM	PA11
3DB9	C-FXJS	C240
3DBE	C-FXJX	C180
3DC3	C-FXKC	CHR1
3DC4	C-FXKD	C185
3DC5	C-FXKE	SR22
3DC9	C-FXKI	C180
3DCB	C-FXKK	C550
3DCC	C-FXKL	AS55
3DD0	C-FXKP	P28A
3DD3	C-FXKS	C150
3DD8	C-FXKX	C182
3DDA	C-FXKZ	PA44
3DDE	C-FXLD	AS50
3DE2	C-FXLH	CRJ2
3DE3	C-FXLI	P28A
3DE5	C-FXLK	C172
3DE7	C-FXLM	C172
3DE9	C-FXLO	B412
3DEC	C-FXLR	MR35
3DF0	C-FXLV	C182
3DF2	C-FXLX	CH7B
3DF7	C-FXMC	C150
3DFA	C-FXMF	C150
3DFC	C-FXMH	GC1
3DFD	C-FXMI	CJ6
3DFE	C-FXMJ	AS50
3E02	C-FXMN	C150
3E06	C-FXMR	C172
3E07	C-FXMS	B738
3E0D	C-FXMY	BE20
3E18	C-FXNJ	C172
3E19	C-FXNK	C150
3E25	C-FXNW	P28R
3E26	C-FXNX	RBEL
3E28	C-FXNZ	AS50
3E2F	C-FXOG	C150
3E34	C-FXOL	C172
3E37	C-FXOO	F900
3E3A	C-FXOR	C172
3E40	C-FXOX	AS50
3E43	C-FXPA	C150
3E44	C-FXPB	C150
3E46	C-FXPD	DHC2
3E48	C-FXPF	M20P
3E4A	C-FXPH	M20P
3E4C	C-FXPJ	AT5T
3E4D	C-FXPK	MAGN
3E4E	C-FXPL	AS50
3E50	C-FXPN	GLID
3E52	C-FXPP	P28A
3E53	C-FXPQ	RBEL
3E54	C-FXPR	DA42
3E56	C-FXPT	RV7
3E58	C-FXPV	AT5T
3E59	C-FXPW	C172
3E5C	C-FXPZ	M20P
3E5D	C-FXQA	RBEL
3E67	C-FXQK	C177
3E68	C-FXQL	C175
3E6B	C-FXQO	P28A
3E6D	C-FXQQ	P28A
3E76	C-FXQZ	PA24
3E78	C-FXRB	FBA2
3E7A	C-FXRD	PA31
3E80	C-FXRJ	RJ1H
3E81	C-FXRK	M20P
3E82	C-FXRL	M20P
3E84	C-FXRN	CH7A
3E86	C-FXRP	M20P
3E89	C-FXRS	P28A
3E91	C-FXSA	C152
3E92	C-FXSB	P28A
3E96	C-FXSF	C150
3E9D	C-FXSM	DA40
3EA3	C-FXSS	T206
3EA7	C-FXSW	P28A
3EAA	C-FXSZ	CH7A
3EB3	C-FXTI	C172
3EB8	C-FXTN	C150
3EB9	C-FXTO	AS55
3EBA	C-FXTP	P28B
3EC0	C-FXTV	P28A
3EC1	C-FXTW	P28A
3EC3	C-FXTY	GLEX
3EC4	C-FXTZ	LNC2
3ED2	C-FXUN	DHC2
3ED7	C-FXUS	SW4
3ED8	C-FXUT	C170
3EE1	C-FXVC	C150
3EE4	C-FXVF	AT8T
3EE6	C-FXVH	P28A
3EE7	C-FXVI	AS50
3EEA	C-FXVL	AT8T
3EEE	C-FXVP	DA40
3EF8	C-FXVZ	DV20
3EFA	C-FXWB	B412
3EFB	C-FXWC	C206
3EFC	C-FXWD	C182
3EFE	C-FXWF	TBM9
3EFF	C-FXWG	C150
3F00	C-FXWH	C206
3F02	C-FXWJ	B38M
3F0C	C-FXWT	CL60
3F0E	C-FXWV	C172
3F0F	C-FXWW	C172
3F10	C-FXWX	C150
3F1C	C-FXXJ	C185
3F1D	C-FXXK	C150
3F1E	C-FXXL	C170
3F20	C-FXXN	C510
3F25	C-FXXS	P28A
3F27	C-FXXU	F900
3F2E	C-FXYB	P28B
3F32	C-FXYF	B407
3F36	C-FXYJ	C172
3F37	C-FXYK	B38M
3F39	C-FXYM	P28A
3F40	C-FXYT	C172
3F41	C-FXYU	C172
3F45	C-FXYY	B505
3F48	C-FXZB	C172
3F4A	C-FXZD	AS50
3F4B	C-FXZE	C185
3F4D	C-FXZG	PA22
3F52	C-FXZL	PELI
3F57	C-FXZQ	C140
3F5E	C-FXZX	P28A
3F63	C-FYAC	CJ6
3F65	C-FYAE	C150
3F67	C-FYAG	SW4
3F69	C-FYAI	DH8C
3F6A	C-FYAJ	C150
3F6B	C-FYAK	C182
3F71	C-FYAQ	C180
3F75	C-FYAU	B738
3F76	C-FYAV	P28A
3F77	C-FYAW	C152
3F79	C-FYAY	PA24
3F7B	C-FYBA	C185
3F81	C-FYBG	PC12
3F85	C-FYBK	B738
3F87	C-FYBM	DH8D
3F88	C-FYBN	B738
3F8B	C-FYBQ	B06
3F90	C-FYBV	P68
3F91	C-FYBW	C150
3F96	C-FYCB	BE9L
3FA0	C-FYCL	C150
3FA2	C-FYCN	C172
3FA3	C-FYCO	AS50
3FA7	C-FYCS	C185
3FB8	C-FYDJ	PA12
3FC5	C-FYDW	C180
3FC7	C-FYDY	B738
3FC9	C-FYEA	PIVI
3FD4	C-FYEL	M20P
3FD5	C-FYEM	B738
3FDA	C-FYER	P28R
3FDB	C-FYES	PA18
3FDF	C-FYEW	C172
3FE0	C-FYEX	DHC2
3FE4	C-FYFB	P28R
3FE8	C-FYFF	PA31
3FEB	C-FYFI	PA24
3FEC	C-FYFJ	C185
3FF0	C-FYFN	AT8T
3FF1	C-FYFO	C172
3FF3	C-FYFQ	C182
3FF6	C-FYFT	C172
3FF9	C-FYFW	C172
3FFD	C-FYGA	C180
3FFE	C-FYGB	B06
4000	C-FYGD	AC11
4001	C-FYGE	B06
4002	C-FYGF	RBEL
4005	C-FYGI	RV6
4007	C-FYGK	R44
4008	C-FYGL	R22
4009	C-FYGM	PA34
400C	C-FYGP	YK50
400D	C-FYGQ	R44
400F	C-FYGS	C172
4012	C-FYGV	PA24
4015	C-FYGY	TAIL
4018	C-FYHB	B06
401A	C-FYHD	UH1
4022	C-FYHL	B427
4024	C-FYHN	B06
4029	C-FYHS	C180
402B	C-FYHU	PA24
402E	C-FYHX	M20P
402F	C-FYHY	AS50
4032	C-FYIB	T18
4034	C-FYID	TBM9
403C	C-FYIL	C150
403E	C-FYIN	C185
4040	C-FYIP	H500
4043	C-FYIS	C182
4044	C-FYIT	PA20
4045	C-FYIU	C182
4049	C-FYIY	A319
404C	C-FYJB	AS50
404E	C-FYJD	B738
404F	C-FYJE	A319
4051	C-FYJG	A319
4052	C-FYJH	A319
4053	C-FYJI	A319
4059	C-FYJO	B38M
405A	C-FYJP	A319
405F	C-FYJU	C150
4067	C-FYKC	A319
406A	C-FYKF	C152
406C	C-FYKH	C182
406D	C-FYKI	P28A
406E	C-FYKJ	P28A
406F	C-FYKK	S108
4071	C-FYKM	P28A
4072	C-FYKN	B350
4073	C-FYKO	C150
4076	C-FYKR	A319
4078	C-FYKT	GLID
407A	C-FYKV	C150
407B	C-FYKW	A319
407C	C-FYKX	CL60
407D	C-FYKY	C172
407E	C-FYKZ	C310
4082	C-FYLD	ASTR
408B	C-FYLM	P28A
4090	C-FYLR	EC20
4093	C-FYLU	WAIX
4097	C-FYLY	PA12
4099	C-FYMA	C172
409B	C-FYMC	C182
40A1	C-FYMI	P28U
40A3	C-FYMK	C208
40A5	C-FYMM	C560
40A6	C-FYMN	PC12
40A9	C-FYMQ	B38M
40AA	C-FYMR	WAIX
40AC	C-FYMT	C208
40B6	C-FYND	C172
40B8	C-FYNF	C172
40BB	C-FYNI	R44
40BC	C-FYNJ	C172
40BE	C-FYNL	M18
40BF	C-FYNM	PA18
40C1	C-FYNO	C180
40C2	C-FYNP	B407
40C4	C-FYNR	PA24
40C5	C-FYNS	A319
40CC	C-FYNZ	R44
40D0	C-FYOD	P28B
40D4	C-FYOH	C172
40D6	C-FYOJ	C185
40DB	C-FYOO	SR22
40E4	C-FYOX	P28S
40E6	C-FYOZ	C172
40E8	C-FYPB	B738
40EC	C-FYPF	P28A
40ED	C-FYPG	C150
40F1	C-FYPK	C150
40F2	C-FYPL	GLAS
40F4	C-FYPN	B732
40F5	C-FYPO	SS2P
40F6	C-FYPP	C182
40F7	C-FYPQ	C150
40F8	C-FYPR	P28A
40F9	C-FYPS	P28A
40FB	C-FYPU	P28A
40FC	C-FYPV	P28A
40FD	C-FYPW	P28A
40FF	C-FYPY	DA40
4102	C-FYQB	B429
4108	C-FYQH	CP60
410B	C-FYQK	C150
4111	C-FYQQ	C180
4113	C-FYQS	RV6
4118	C-FYQX	ERCO
411D	C-FYRC	GLF6
4121	C-FYRG	CLON
4122	C-FYRH	PC12
4125	C-FYRK	P28A
4127	C-FYRM	S76
4129	C-FYRO	SS2T
412B	C-FYRQ	C550
412E	C-FYRT	C170
412F	C-FYRU	GLEX
4131	C-FYRW	BE23
4135	C-FYSA	PA44
4138	C-FYSD	B738
4139	C-FYSE	C185
414A	C-FYSV	B738
414E	C-FYSZ	P28A
414F	C-FYTA	PA34
4152	C-FYTD	P28A
415C	C-FYTN	P28A
415F	C-FYTQ	RV4
4160	C-FYTR	M20T
4162	C-FYTT	C182
4166	C-FYTX	SS2T
4167	C-FYTY	BE30
4169	C-FYUA	PA24
416D	C-FYUE	P28A
416F	C-FYUG	M20P
4174	C-FYUL	C56X
417A	C-FYUR	M20P
417C	C-FYUT	PC12
417F	C-FYUW	B738
4180	C-FYUX	C182
4184	C-FYVB	B412
4191	C-FYVO	RV7
419D	C-FYWA	BE23
41A1	C-FYWE	S108
41A3	C-FYWG	SW4
41A5	C-FYWI	SR22
41A7	C-FYWK	CL2T
41AD	C-FYWQ	BE60
41B0	C-FYWT	DH2T
41B9	C-FYXC	B38M
41BC	C-FYXF	A321
41BF	C-FYXI	R44
41C5	C-FYXO	RV3
41C6	C-FYXP	T18
41C8	C-FYXR	RV7
41CA	C-FYXT	PISI
41D0	C-FYXZ	C172
41D1	C-FYYA	AS50
41D2	C-FYYB	C182
41D3	C-FYYC	J3
41D7	C-FYYG	RV10
41D9	C-FYYI	RBEL
41DA	C-FYYJ	L188
41DC	C-FYYL	C182
41E0	C-FYYP	AS50
41E3	C-FYYS	C82R
41E6	C-FYYV	T210
41E7	C-FYYW	DH2T
41E9	C-FYYY	M20P
41EF	C-FYZE	B412
41F0	C-FYZF	AS50
41F1	C-FYZG	P28A
41F3	C-FYZI	B412
41F5	C-FYZK	B412
41F6	C-FYZL	B412
41F7	C-FYZM	B412
41FA	C-FYZP	B412
41FB	C-FYZQ	B412
41FC	C-FYZR	B412
41FD	C-FYZS	PC12
41FE	C-FYZT	B412
4201	C-FYZW	P28R
4205	C-FZAA	S76
4206	C-FZAB	C172
420C	C-FZAH	C170
420D	C-FZAI	C172
4211	C-FZAM	C208
4212	C-FZAN	B505
4215	C-FZAQ	AS50
4217	C-FZAS	C185
4218	C-FZAT	CJ6
421B	C-FZAW	C150
4220	C-FZBB	C182
4222	C-FZBD	B412
4225	C-FZBG	PA22
4229	C-FZBK	C750
422C	C-FZBN	CH7A
422E	C-FZBP	PA32
422F	C-FZBQ	P28A
423A	C-FZCB	P28A
423C	C-FZCD	C172
423F	C-FZCG	AS50
4240	C-FZCH	R44
4244	C-FZCL	C182
4246	C-FZCN	C185
4247	C-FZCO	DHC2
4249	C-FZCQ	RV10
424B	C-FZCS	L188
424E	C-FZCV	G280
4254	C-FZDB	PA32
425E	C-FZDL	GLID
4260	C-FZDN	C185
4262	C-FZDP	P28A
4263	C-FZDQ	DHC6
4265	C-FZDS	DHC6
4271	C-FZEE	C182
4274	C-FZEH	C170
4276	C-FZEJ	C172
4278	C-FZEL	C185
427B	C-FZEO	C172
427D	C-FZEQ	P28A
427E	C-FZER	C177
427F	C-FZES	C172
4284	C-FZEX	B407
4285	C-FZEY	RV7
429A	C-FZFT	B505
429D	C-FZFW	C172
429E	C-FZFX	B429
42A1	C-FZGA	C172
42A6	C-FZGF	C150
42A9	C-FZGI	BL8
42AC	C-FZGL	B407
42AE	C-FZGN	B407
42AF	C-FZGO	C337
42B1	C-FZGQ	C172
42B2	C-FZGR	C177
42B4	C-FZGT	M20P
42B8	C-FZGX	B505
42BA	C-FZGZ	B505
42C0	C-FZHF	Z42
42C1	C-FZHG	PA31
42C5	C-FZHK	B06
42C8	C-FZHN	B505
42C9	C-FZHO	C182
42CE	C-FZHT	GLID
42CF	C-FZHU	B505
42D0	C-FZHV	C170
42D7	C-FZIC	B407
42D8	C-FZID	LNC4
42DA	C-FZIF	C185
42E0	C-FZIL	C172
42EC	C-FZIX	C152
42EE	C-FZIZ	PC6T
42EF	C-FZJA	CRJ2
42F0	C-FZJB	SR22
42F2	C-FZJD	GLID
42F8	C-FZJJ	SR22
42FB	C-FZJM	P28A
42FC	C-FZJN	P28A
42FD	C-FZJO	P28A
4301	C-FZJS	F900
4306	C-FZJX	C177
4307	C-FZJY	PA32
4308	C-FZJZ	P28A
430A	C-FZKB	C172
430D	C-FZKE	GL5T
430E	C-FZKF	P28A
430F	C-FZKG	PA44
4310	C-FZKH	PA44
4313	C-FZKK	C172
4314	C-FZKL	C152
431A	C-FZKR	C140
431B	C-FZKS	DHC2
431E	C-FZKV	DHC2
4325	C-FZLC	SA11
4326	C-FZLD	P28R
4328	C-FZLF	CH7B
4329	C-FZLG	ERCO
432C	C-FZLJ	PA44
4334	C-FZLR	AS50
4338	C-FZLV	S108
4339	C-FZLW	GL7T
433C	C-FZLZ	PC6T
433E	C-FZMB	C172
4340	C-FZMD	C172
4341	C-FZME	P28A
4347	C-FZMK	DA40
4349	C-FZMM	RV9
434E	C-FZMR	RV7
4356	C-FZMZ	C170
4358	C-FZNB	RV4
4362	C-FZNL	RV10
4363	C-FZNM	C185
4364	C-FZNN	C185
4365	C-FZNO	C185
4367	C-FZNQ	BE20
4368	C-FZNR	PA22
436A	C-FZNT	C177
436C	C-FZNV	C172
436D	C-FZNW	GOOS
436E	C-FZNX	C150
4370	C-FZNZ	C182
4371	C-FZOA	C172
4372	C-FZOB	C150
4378	C-FZOH	C340
437C	C-FZOL	C170
4380	C-FZOP	FA10
4388	CF-ZOX	C180
438C	C-FZPB	PA24
4394	C-FZPJ	PA31
4396	C-FZPL	C337
43A0	C-FZPV	AT8T
43A1	C-FZPW	BE20
43A6	C-FZQB	B212
43A9	C-FZQE	C150
43AA	C-FZQF	H269
43AB	C-FZQG	MU2
43B4	C-FZB4	DH8D
43B7	C-FZQS	A320
43B9	C-FZQU	C172
43BB	C-FZQW	AS50
43BF	C-FZRA	R44
43C3	C-FZRE	DV20
43C6	C-FZRH	C172
43C8	C-FZRJ	C208
43CB	C-FZRM	B738
43CC	C-FZRN	C172
43CD	C-FZRO	C172
43CF	C-FZRQ	AC90
43D0	C-FZRR	C206
43D2	C-FZRT	C170
43D4	C-FZRV	ACR2
43E2	C-FZSJ	B06
43E5	C-FZSM	C182
43EC	C-FZST	GLID
43ED	C-FZSU	AS50
43F0	C-FZSX	C152
43F2	C-FZSZ	LNC2
43F3	C-FZTA	AS50
43F8	C-FZTF	PA25
4407	C-FZTU	AT5T
4408	C-FZTV	M4
440B	C-FZTY	C208
440E	C-FZUB	A320
4411	C-FZUE	C185
4413	C-FZUG	A319
4415	C-FZUI	P28R
4419	C-FZUM	RV7
441D	C-FZUQ	B06
4420	C-FZUT	CH65
4421	C-FZUU	SR20
4422	C-FZUV	PA32
442E	C-FZVH	EXPL
4430	C-FZVJ	CH7A
4435	C-FZVO	C182
4436	C-FZVP	DHC2
4437	C-FZVQ	M20P
4438	C-FZVR	DHC2
443A	C-FZVT	B214
443E	C-FZVX	BE20
4443	C-FZWC	B06
4446	C-FZWF	TBM9
4447	C-FZWG	C180
444B	C-FZWK	AS50
444E	C-FZWN	S108
444F	C-FZWO	GLID
4450	C-FZWP	C177
4451	C-FZWQ	R22
4452	C-FZWR	C177
4453	C-FZWS	B38M
4454	C-FZWT	C172
4456	C-FZWV	C152
4457	C-FZWW	GLIM
445A	C-FZWZ	C172
445D	C-FZXC	CH75
4463	C-FZXI	B38M
4465	C-FZXK	C172
4467	C-FZXM	PA23
4469	C-FZXO	C170
4471	C-FZXW	R44
4473	C-FZXY	AS50
4474	C-FZXZ	DA40
4475	C-FZYA	C150
4486	C-FZYR	C172
4488	C-FZYT	P28T
448B	C-FZYW	P28S
448F	C-FZZA	C172
4491	C-FZZC	C150
4492	C-FZZD	P28A
4493	C-FZZE	RV6
4494	C-FZZF	C170
4498	C-FZZJ	DHC2
449A	C-FZZL	RV6
449B	C-FZZM	C182
449D	C-FZZO	C150
449F	C-FZZQ	C185
44A2	C-FZZT	P28R
44A5	C-FZZW	PA22
44A6	C-FZZX	CH70
44A8	C-FZZZ	C185
44A9	C-GAAA	C185
44AB	C-GAAC	RBEL
44AD	C-GAAE	C10T
44AE	C-GAAF	R44
44AF	C-GAAG	AT8T
44B0	C-GAAH	C208
44B2	C-GAAJ	B763
44B4	C-GAAL	AC90
44B6	C-GAAN	CH70
44BA	C-GAAR	C172
44BB	C-GAAS	C25B
44BC	C-GAAT	B190
44BD	C-GAAU	B190
44BE	C-GAAV	B190
44C0	C-GAAX	C208
44C2	C-GAAZ	C185
44C3	C-GABA	PA34
44C6	C-GABD	C206
44C7	C-GABE	G2CA
44C8	C-GABF	BE20
44C9	C-GABG	RV6
44CA	C-GABH	AS50
44CC	C-GABJ	R66
44CF	C-GABM	C208
44D0	C-GABN	C340
44D1	C-GABO	DH8C
44D2	C-GABP	DH8C
44D3	C-GABQ	NAVI
44D8	C-GABV	PA18
44DB	C-GABY	T18
44DE	C-GACB	C185
44E1	C-GACE	C172
44E2	C-GACF	C172
44E3	C-GACG	BT36
44E5	C-GACI	C206
44E6	C-GACJ	C172
44E7	C-GACK	DHC2
44E9	C-GACM	LAMA
44EB	C-GACO	C172
44ED	C-GACQ	C172
44EF	C-GACS	C150
44F0	C-GACT	C180
44F2	C-GACV	C150
44F3	C-GACW	C150
44F5	C-GACY	C150
44F7	C-GADA	UH1
44F9	C-GADC	AA5
44FA	C-GADD	DHC2
44FC	C-GADF	C172
44FF	C-GADI	B350
4501	C-GADK	RV7
4502	C-GADL	B429
4504	C-GADN	C150
4506	C-GADP	C182
450A	C-GADT	C172
450C	C-GADV	RV3
450E	C-GADX	M20P
4510	C-GADZ	C152
4511	C-GAEA	C310
4513	C-GAEC	C150
4514	C-GAED	B407
4516	C-GAEF	DHC2
4517	C-GAEG	C177
451D	C-GAEM	C172
451E	C-GAEN	C172
4520	C-GAEP	B429
4523	C-GAES	C150
4526	C-GAEV	C182
4527	C-GAEW	BE20
452B	C-GAFA	C150
452C	C-GAFB	C170
452D	C-GAFC	PA12
4530	C-GAFF	PA31
4535	C-GAFK	C185
4540	C-GAFV	C182
4541	C-GAFW	C172
4542	C-GAFX	M4
4544	C-GAFZ	C150
4545	C-GAGA	P28A
4547	C-GAGC	B78X
4548	C-GAGD	GLST
4549	C-GAGE	C441
454D	C-GAGI	B505
4550	C-GAGL	P28A
4551	C-GAGM	AT5T
4552	C-GAGN	C172
4554	C-GAGP	T206
4555	C-GAGQ	M20P
4558	C-GAGT	T206
455A	C-GAGV	C172
455B	C-GAGW	MR35
4562	C-GAHD	B212
4563	C-GAHE	R44
4565	C-GAHG	C172
4566	C-GAHH	AS50
456A	C-GAHL	AS50
456E	C-GAHP	AS50
456F	C-GAHQ	DV20
4571	C-GAHS	B06
4572	C-GAHT	C172
4575	C-GAHW	LA25
4579	C-GAIA	C152
457B	C-GAIC	DV20
457E	C-GAIF	MIMU
457F	C-GAIG	B732
4583	C-GAIK	C525
4586	C-GAIN	AA5
4588	C-GAIP	LNP4
4589	C-GAIQ	C172
458A	C-GAIR	C56X
458B	C-GAIS	DH8A
458C	C-GAIT	VELO
458F	C-GAIW	DH8C
4590	C-GAIX	C185
4592	C-GAIZ	C172
4595	C-GAJC	CHR1
4596	C-GAJD	C172
4599	C-GAJG	B763
459A	C-GAJH	B505
459B	C-GAJI	C150
459C	C-GAJJ	C180
45A1	C-GAJO	C185
45A3	C-GAJQ	C150
45A4	C-GAJR	B505
45A5	C-GAJS	LJ35
45A6	C-GAJT	PA31
45A7	C-GAJU	B752
45A9	C-GAJW	PA31
45AA	C-GAJX	C182
45AD	C-GAKA	R44
45B1	C-GAKE	PA27
45B2	C-GAKF	AS50
45B3	C-GAKG	BL8
45B5	C-GAKI	D228
45B6	C-GAKJ	PA34
45C3	C-GAKW	C172
45C5	C-GAKY	C150
45C6	C-GAKZ	C172
45C9	C-GALC	PA24
45CB	C-GALE	MM24
45CD	C-GALG	B407
45CE	C-GALH	B06
45CF	C-GALI	B212
45D0	C-GALJ	B06
45D1	C-GALK	B350
45D2	C-GALL	B06
45D4	C-GALN	C550
45D5	C-GALO	T206
45D6	C-GALP	T206
45D7	C-GALQ	AT3P
45DF	C-GALY	C185
45E5	C-GAME	HDJT
45E7	C-GAMG	C172
45E9	C-GAMI	SW4
45EA	C-GAMJ	C340
45EB	C-GAMK	C172
45ED	C-GAMM	AS50
45EE	C-GAMN	C172
45F0	C-GAMP	C172
45F1	C-GAMQ	B38M
45F2	C-GAMR	C210
45F5	C-GAMU	R44
45FA	C-GAMZ	C182
4601	C-GANG	PA32
4602	C-GANH	B735
4603	C-GANI	DH8A
4604	C-GANJ	B735
4605	C-GANK	DH8A
4607	C-GANM	C206
4608	C-GANN	P28A
460C	C-GANR	GLEX
460D	C-GANS	DH8A
460F	C-GANU	B735
4615	C-GAOA	C172
4617	C-GAOC	BE35
4620	C-GAOL	EC20
4621	C-GAOM	P28A
4623	C-GAOO	P28A
4624	C-GAOP	P28A
462D	C-GAOY	BE23
462E	C-GAOZ	PA34
4631	C-GAPC	C560
4632	C-GAPD	PC12
4637	C-GAPI	P28A
4639	C-GAPK	C185
463D	C-GAPO	P28B
4641	C-GAPS	C172
4642	C-GAPT	P180
4644	C-GAPV	RV6
4645	C-GAPW	MUS2
4647	C-GAPY	A319
4648	C-GAPZ	C414
464C	C-GAQD	C172
464F	C-GAQG	C172
4650	C-GAQH	C150
4655	C-GAQM	C180
4656	C-GAQN	DH8C
465A	C-GAQR	P28A
465B	C-GAQS	C177
465C	C-GAQT	B407
465F	C-GAQW	TNDR
4660	C-GAQX	C172
4662	C-GAQZ	C172
4663	C-GARA	RV6
4665	C-GARC	MIMU
4667	C-GARE	B06
4668	C-GARF	C150
466B	C-GARI	PA27
466C	C-GARJ	A319
466F	C-GARM	C172
4671	C-GARO	A319
4672	C-GARP	P28U
4676	C-GART	BT36
4678	C-GARV	RV6
4679	C-GARW	R66
467A	C-GARX	R66
467C	C-GARZ	CL60
467D	C-GASA	C172
467E	C-GASB	DH8A
467F	C-GASC	C172
4681	C-GASE	E545
4684	C-GASH	BE35
4685	C-GASI	BE10
4686	C-GASJ	C150
4687	C-GASK	E545
4688	C-GASL	E545
468C	C-GASP	P28A
468E	C-GASR	C25A
4691	C-GASU	C150
4693	C-GASW	C25B
4696	C-GASZ	C172
4697	C-GATA	AA1
4698	C-GATB	RV6
4699	C-GATC	C172
469A	C-GATD	C185
469C	C-GATF	AA5
469E	C-GATH	C208
469F	C-GATI	P28U
46A0	C-GATJ	DHC2
46A1	C-GATK	BE20
46A3	C-GATM	AS50
46A4	C-GATN	C172
46A6	C-GATP	FA62
46AC	C-GATV	PA36
46AE	C-GATX	AS50
46AF	C-GATY	C208
46B2	C-GAUB	C152
46BB	C-GAUK	GL7T
46BE	C-GAUN	RV4
46C1	C-GAUQ	RV4
46C3	C-GAUS	B505
46C4	C-GAUT	CH7B
46C5	C-GAUU	S22T
46C7	C-GAUW	DH8D
46C8	C-GAUX	PA32
46CA	C-GAUZ	WAIX
46CC	C-GAVB	BOLT
46CF	C-GAVE	C185
46D0	C-GAVF	B407
46D2	C-GAVH	B06
46D3	C-GAVI	BE10
46D6	C-GAVL	B407
46DF	C-GAVU	AS50
46E0	C-GAVV	C172
46E2	C-GAVX	M20P
46E4	C-GAVZ	PA23
46E5	C-GAWA	BE9L
46E9	C-GAWE	C150
46EA	C-GAWF	B429
46EC	C-GAWH	B407
46ED	C-GAWI	DC3
46F1	C-GAWM	SR22
46F4	C-GAWP	PC12
46F6	C-GAWR	C680
46F7	C-GAWS	B738
46F8	C-GAWT	C310
46FF	C-GAXA	C172
4700	C-GAXB	B06
4702	C-GAXD	C172
4703	C-GAXE	DHC2
4705	C-GAXG	GLID
470D	C-GAXO	P28R
470E	C-GAXP	C150
4713	C-GAXU	C172
4716	C-GAXX	C750
4718	C-GAXZ	P28A
471F	C-GAYG	C172
4721	C-GAYI	LNCE
4723	C-GAYK	C185
472C	C-GAYT	C172
4730	C-GAYX	AS50
4731	C-GAYY	PA31
4733	C-GAZA	C185
4735	C-GAZC	C185
4738	C-GAZF	B763
473B	C-GAZI	B763
473C	C-GAZJ	DHC2
473E	C-GAZL	P28S
4743	C-GAZQ	C172
4744	C-GAZR	C172
4747	C-GAZU	F900
4749	C-GAZW	C172
474A	C-GAZX	RV10
4755	C-GBAI	EC35
475B	C-GBAO	PA31
475C	C-GBAP	PC12
475D	C-GBAQ	C172
475F	C-GBAS	E55P
4760	C-GBAT	C172
4761	C-GBAU	BE55
4764	C-GBAX	C172
4765	C-GBAY	C172
4766	C-GBAZ	BL8
4767	C-GBBA	BE58
4768	C-GBBB	CL60
4769	C-GBBC	PA46
476D	C-GBBG	SR22
4770	C-GBBJ	H269
4772	C-GBBL	C182
4776	C-GBBP	C172
4778	C-GBBR	AT5T
4779	C-GBBS	BE20
4784	C-GBCD	SR22
4785	C-GBCE	SR22
4787	C-GBCG	BE30
4788	C-GBCH	DH8C
478B	C-GBCK	DA40
478D	C-GBCM	K100
478E	C-GBCN	AS50
478F	C-GBCO	TBM7
4790	C-GBCP	BE55
4791	C-GBCQ	C152
4794	C-GBCT	R44
4795	C-GBCU	RV9
4798	C-GBCX	P28A
479A	C-GBCZ	AS50
479B	C-GBDA	AS50
479C	C-GBDB	P28A
479E	C-GBDD	C182
479F	C-GBDE	BL8
47A3	C-GBDI	CL60
47A5	C-GBDK	AT3P
47A9	C-GBDO	C172
47AD	C-GBDS	GLAS
47AE	C-GBDT	SM19
47B3	C-GBDY	F900
47B4	C-GBDZ	P28A
47BA	C-GBEF	P28A
47BE	C-GBEJ	RV6
47C4	C-GBEP	B412
47C5	C-GBEQ	GLID
47C8	C-GBET	CH20
47CF	C-GBFA	C172
47D0	C-GBFB	C172
47D1	C-GBFC	C182
47D2	C-GBFD	C210
47D3	C-GBFE	BE10
47D5	C-GBFG	PA34
47D8	C-GBFJ	C172
47D9	C-GBFK	C172
47DB	C-GBFM	C172
47E0	C-GBFR	C172
47E1	C-GBFS	PA31
47E3	C-GBFU	BN2P
47E5	C-GBFW	B505
47E7	C-GBFY	C182
47E9	C-GBGA	C182
47EB	C-GBGC	GLF5
47EE	C-GBGF	RV3
47F0	C-GBGH	AS50
47F1	C-GBGI	C140
47F5	C-GBGM	C150
47F6	C-GBGN	NSTR
47FC	C-GBGT	AS50
47FE	C-GBGV	C172
4800	C-GBGX	C152
4802	C-GBGZ	C172
4804	C-GBHB	B06
4805	C-GBHC	PA34
4808	C-GBHF	B06
480A	C-GBHH	B212
480C	C-GBHJ	S76
480D	C-GBHK	BE55
4810	C-GBHN	A319
4811	C-GBHO	A319
4812	C-GBHP	AS50
4814	C-GBHR	A319
4815	C-GBHS	C150
4816	C-GBHT	PA24
4817	C-GBHU	C172
481A	C-GBHX	C172
481B	C-GBHY	A319
481C	C-GBHZ	A319
481D	C-GBIA	A319
481F	C-GBIC	C206
4825	C-GBII	PC12
4826	C-GBIJ	A319
4827	C-GBIK	A319
4829	C-GBIM	A319
482A	C-GBIN	A319
482C	C-GBIP	A319
482F	C-GBIS	P46T
4830	C-GBIT	DV20
4833	C-GBIW	DH2T
4834	C-GBIX	C206
4835	C-GBIY	BL8
4836	C-GBIZ	CUB2
483A	C-GBJD	C152
483D	C-GBJG	C172
483E	C-GBJH	CL30
4840	C-GBJJ	C340
4841	C-GBJK	P28U
4842	C-GBJL	C172
4845	C-GBJO	C172
4846	C-GBJP	BE35
4847	C-GBJQ	C152
484B	C-GBJU	C152
484C	C-GBJV	PC12
484D	C-GBJW	C152
484F	C-GBJY	GLID
4850	C-GBJZ	DH8D
4851	C-GBKA	C185
4852	C-GBKB	CL60
4854	C-GBKD	BK17
4855	C-GBKE	DV20
4857	C-GBKG	C172
4859	C-GBKI	HUSK
485A	C-GBKJ	C172
4860	C-GBKP	BK17
4861	C-GBKQ	C172
4864	C-GBKT	T206
4866	C-GBKV	R44
4867	C-GBKW	EC30
4868	C-GBKX	AS50
486D	C-GBLC	S22T
486E	C-GBLD	R44
4871	C-GBLG	C172
4874	C-GBLJ	C340
4875	C-GBLK	C180
4876	C-GBLL	B06
487A	C-GBLP	C172
487B	C-GBLQ	C172
487C	C-GBLR	C152
487D	C-GBLS	GLID
487E	C-GBLT	PA31
487F	C-GBLU	R44
4881	C-GBLW	C210
4882	C-GBLX	COL4
4887	C-GBMC	C150
488A	C-GBMF	PC12
488B	C-GBMG	C150
488D	C-GBMI	PA31
488F	C-GBMK	C172
4893	C-GBMO	C172
4895	C-GBMQ	CH7B
4896	C-GBMR	C150
489C	C-GBMX	PA31
489D	C-GBMY	BL17
489E	C-GBMZ	PA24
48A0	C-GBNB	C172
48A2	C-GBND	B412
48A3	C-GBNE	C560
48A5	C-GBNG	C172
48A6	C-GBNH	BK17
48A7	C-GBNI	SR22
48A9	C-GBNK	C150
48AB	C-GBNM	C182
48B6	C-GBNX	C560
48B7	C-GBNY	P28A
48B8	C-GBNZ	C206
48BB	C-GBOC	BE55
48BE	C-GBOF	C172
48BF	C-GBOG	NDAC
48C0	C-GBOH	C206
48C1	C-GBOI	BABY
48C8	C-GBOP	AS50
48C9	C-GBOQ	B505
48CB	C-GBOS	DH8C
48CC	C-GBOT	CL60
48CD	C-GBOU	R44
48D0	C-GBOX	RAF2
48D2	C-GBOZ	PA34
48D4	C-GBPB	B06
48D6	C-GBPD	CL2P
48D8	C-GBPF	C172
48DE	C-GBPL	DHC2
48DF	C-GBPM	R44
48E0	C-GBPN	CH80
48E2	C-GBPP	P28A
48E4	C-GBPR	R44
48E6	C-GBPT	C172
48E8	C-GBPV	AT8T
48EB	C-GBPY	AT8T
48ED	C-GBQA	C182
48EE	C-GBQB	T6
48F0	C-GBQD	AC90
48F3	C-GBQG	AS50
48F4	C-GBQH	B505
48F5	C-GBQI	BE23
48F7	C-GBQK	C152
48F8	C-GBQL	B407
48F9	C-GBQM	B429
48FC	C-GBQP	AEST
48FD	C-GBQQ	P28R
48FE	C-GBQR	SA02
4903	C-GBQW	C172
4909	C-GBRC	C310
490A	C-GBRD	C185
490C	C-GBRF	B412
490F	C-GBRI	BE60
4910	C-GBRJ	C180
4911	C-GBRK	GL5T
4912	C-GBRL	B407
4914	C-GBRN	C182
4915	C-GBRO	C172
491A	C-GBRT	CH70
491D	C-GBRW	G115
491E	C-GBRX	S22T
491F	C-GBRY	C172
4920	C-GBRZ	K100
4921	C-GBSA	C206
4923	C-GBSC	C82R
4925	C-GBSE	C180
4926	C-GBSF	B212
4927	C-GBSG	C240
492A	C-GBSJ	PELI
492C	C-GBSL	C172
492D	C-GBSM	C210
492E	C-GBSN	C172
4930	C-GBSP	S22T
4931	C-GBSQ	P28B
4932	C-GBSR	BE55
4935	C-GBSU	AS50
4936	C-GBSV	BE23
4937	C-GBSW	ASTR
4939	C-GBSY	COL4
493A	C-GBSZ	B505
493C	C-GBTB	PA46
493D	C-GBTC	BE23
493F	C-GBTE	R44
4940	C-GBTF	K100
4941	C-GBTG	BT36
4942	C-GBTH	PA22
4944	C-GBTJ	C185
494B	C-GBTQ	C152
494C	C-GBTR	RAF2
494D	C-GBTS	TBM7
494E	C-GBTT	BE55
4950	C-GBTV	P28B
4951	C-GBTW	C172
4953	C-GBTY	C150
4956	C-GBUB	B505
4957	C-GBUC	P28B
4958	C-GBUD	C172
495A	C-GBUF	TBM7
495C	C-GBUH	B505
495E	C-GBUJ	C182
4960	C-GBUL	DHC2
4961	C-GBUM	M7
4964	C-GBUP	B429
4968	C-GBUT	C170
4969	C-GBUU	DH8A
496A	C-GBUV	DA40
496C	C-GBUX	S22T
496E	C-GBUZ	PA30
496F	C-GBVA	C172
4970	C-GBVB	AEST
4972	C-GBVD	R44
4974	C-GBVF	GLID
4975	C-GBVG	RV4
4978	C-GBVJ	C182
497C	C-GBVN	GLID
497D	C-GBVO	GLID
4983	C-GBVU	CRJ2
4984	C-GBVV	RV4
498A	C-GBWB	PA31
498B	C-GBWC	AS50
498E	C-GBWF	AT5T
4991	C-GBWI	C172
4992	C-GBWJ	C152
4994	C-GBWL	SREY
4996	C-GBWN	B06
4999	C-GBWQ	C172
499A	C-GBWR	C172
499B	C-GBWS	B736
499C	C-GBWT	C337
499E	C-GBWV	C185
499F	C-GBWW	PA32
49A1	C-GBWY	PA25
49A2	C-GBWZ	BE35
49A4	C-GBXB	AS50
49A5	C-GBXC	FBA2
49A6	C-GBXD	C152
49A7	C-GBXE	PA25
49A8	C-GBXF	C152
49A9	C-GBXG	C182
49AB	C-GBXI	P32T
49AC	C-GBXJ	C152
49B2	C-GBXP	C172
49B3	C-GBXQ	C152
49B6	C-GBXT	BE33
49B7	C-GBXU	C177
49B9	C-GBXW	TBM7
49C0	C-GBYD	PA24
49C4	C-GBYH	B06
49C6	C-GBYJ	RBEL
49C7	C-GBYK	R44
49C9	C-GBYM	EXEC
49CA	C-GBYN	BE20
49CD	C-GBYQ	P28A
49CE	C-GBYR	GLID
49CF	C-GBYS	PIVI
49D0	C-GBYT	GLID
49D4	C-GBYX	CH7B
49D6	C-GBYZ	C152
49D8	C-GBZB	C152
49DA	C-GBZD	EXEC
49DB	C-GBZE	DHC2
49DF	C-GBZI	R66
49E0	C-GBZJ	AA5
49E1	C-GBZK	RV6
49E4	C-GBZN	PA38
49E8	C-GBZR	B763
49E9	C-GBZS	B738
49EB	C-GBZU	C172
49F0	C-GBZZ	R44
49F6	C-GCAF	C208
49F7	C-GCAG	C172
49F9	CGCAI	GLEX
49FB	C-GCAK	C182
49FC	C-GCAL	C182
49FD	C-GCAM	B38M
49FF	C-GCAO	B350
4A01	C-GCAQ	B350
4A06	C-GCAV	P28A
4A07	C-GCAW	C172
4A0A	C-GCAZ	C182
4A0B	C-GCBA	P28A
4A0C	C-GCBB	SR22
4A0D	C-GCBC	C150
4A0E	C-GCBD	AA5
4A0F	C-GCBE	C150
4A13	C-GCBI	C150
4A15	C-GCBK	DH8C
4A16	C-GCBL	C210
4A18	C-GCBN	C172
4A23	C-GCBY	C185
4A24	C-GCBZ	C185
4A25	C-GCCA	GL5T
4A28	C-GCCD	B412
4A2A	C-GCCF	C421
4A2B	C-GCCG	C414
4A2C	C-GCCH	C172
4A2D	C-GCCI	C10T
4A2F	C-GCCK	CH7A
4A37	C-GCCS	C172
4A3B	C-GCCW	C172
4A3E	C-GCCZ	C182
4A43	C-GCDE	BE35
4A46	C-GCDH	C172
4A48	C-GCDJ	C210
4A4C	C-GCDN	PA24
4A4D	C-GCDO	C172
4A4E	C-GCDP	C150
4A4F	C-GCDQ	CH7B
4A59	C-GCEA	B350
4A5B	C-GCEC	AS50
4A5D	C-GCEE	C182
4A5E	C-GCEF	DA42
4A61	C-GCEI	C182
4A66	C-GCEN	P28A
4A67	C-GCEO	C172
4A68	C-GCEP	P28A
4A6D	C-GCEU	B350
4A6E	C-GCEV	DHC7
4A6F	C-GCEW	C421
4A71	C-GCEY	C172
4A74	C-GCFB	BE9L
4A75	C-GCFC	BE55
4A76	C-GCFD	R44
4A77	C-GCFE	C182
4A78	C-GCFF	BE20
4A7B	C-GCFI	C182
4A7C	C-GCFJ	DH8A
4A7D	C-GCFK	DH8A
4A7E	C-GCFL	C560
4A7F	C-GCFM	BE9L
4A82	C-GCFP	GLIM
4A84	C-GCFR	DHC7
4A85	C-GCFS	C172
4A86	C-GCFT	B105
4A89	C-GCFW	BE23
4A8C	C-GCFZ	BE9L
4A8D	C-GCGA	C208
4A93	C-GCGG	PISI
4A94	C-GCGH	C172
4A95	C-GCGI	C152
4A99	C-GCGM	C172
4A9C	C-GCGP	B412
4A9D	C-GCGQ	B412
4A9E	C-GCGR	C421
4A9F	C-GCGS	B429
4AA0	C-GCGT	H25B
4AA1	C-GCGU	C56X
4AA2	C-GCGV	C152
4AA6	C-GCGZ	P28A
4AA8	C-GCHB	C182
4AA9	C-GCHC	C208
4AAB	C-GCHE	COL4
4AAC	C-GCHF	B212
4AAE	C-GCHH	AS50
4AAF	C-GCHI	R44
4AB0	C-GCHJ	S76
4AB2	C-GCHL	B06
4AB3	C-GCHM	B06
4AB5	C-GCHO	B06
4AB6	C-GCHP	B06
4AB7	C-GCHQ	B06
4AB8	C-GCHR	B06
4ABA	C-GCHT	B212
4ABB	C-GCHU	C172
4ABC	C-GCHV	B105
4ABD	C-GCHW	B105
4ABE	C-GCHX	AS50
4AC0	C-GCHZ	B06
4AC1	C-GCIA	C172
4AC6	C-GCIF	BE77
4AC9	C-GCII	C172
4ACA	C-GCIJ	B763
4ACF	C-GCIO	B429
4AD0	C-GCIP	B429
4AD1	C-GCIQ	B429
4AD2	C-GCIR	B412
4AD3	C-GCIS	P28A
4AD4	C-GCIT	SR20
4AD5	C-GCIU	P28R
4AD6	C-GCIV	B429
4AD7	C-GCIW	P28S
4AD9	C-GCIY	B429
4ADB	C-GCJA	C82R
4ADC	C-GCJB	B752
4AE0	C-GCJF	C185
4AE2	C-GCJH	PA31
4AE4	C-GCJJ	C177
4AE5	C-GCJK	A320
4AE8	C-GCJN	B763
4AE9	C-GCJO	C150
4AEC	C-GCJR	C177
4AED	C-GCJS	B752
4AEE	C-GCJT	B752
4AEF	C-GCJU	AA5
4AF0	C-GCJV	C180
4AF2	C-GCJX	PA31
4AF3	C-GCJY	B752
4AF4	C-GCJZ	CRJ9
4AF5	C-GCKA	C172
4AF6	C-GCKB	DHC6
4AF9	C-GCKE	M20P
4AFA	C-GCKF	AT5T
4AFE	C-GCKJ	C150
4B01	C-GCKM	P28R
4B05	C-GCKQ	B412
4B06	C-GCKR	A320
4B08	C-GCKT	AT5T
4B0A	C-GCKV	SS2T
4B0C	C-GCKX	AS50
4B0E	C-GCKZ	C185
4B1C	C-GCLN	GLID
4B1D	C-GCLO	C172
4B1F	C-GCLQ	BE20
4B29	C-GCMA	B190
4B2A	C-GCMB	RBEL
4B2C	C-GCMD	AS50
4B2E	C-GCMF	P28A
4B2F	C-GCMG	P28A
4B30	C-GCMH	C182
4B31	C-GCMI	C182
4B32	C-GCMJ	DH8C
4B33	C-GCMK	B407
4B34	C-GCML	B190
4B38	C-GCMP	LJ45
4B39	C-GCMQ	C172
4B3A	C-GCMR	LA4
4B3C	C-GCMT	BE58
4B3F	C-GCMW	C185
4B41	C-GCMY	B190
4B42	C-GCMZ	PA46
4B43	C-GCNA	C150
4B44	C-GCNB	C150
4B46	C-GCND	C150
4B47	C-GCNE	C140
4B4C	C-GCNJ	P28A
4B4D	C-GCNK	B733
4B51	C-GCNO	B733
4B54	C-GCNR	CL60
4B55	C-GCNS	B732
4B57	C-GCNU	B733
4B5C	C-GCNZ	B733
4B5D	C-GCOA	RV7
4B5E	C-GCOB	C172
4B60	C-GCOD	R44
4B62	C-GCOF	C172
4B63	C-GCOG	C172
4B64	C-GCOH	C172
4B65	C-GCOI	C172
4B66	C-GCOJ	C172
4B67	C-GCOK	C172
4B68	C-GCOL	P28A
4B69	C-GCOM	P180
4B70	C-GCOT	C150
4B74	C-GCOX	R66
4B76	C-GCOZ	C172
4B77	C-GCPA	PA32
4B7A	C-GCPD	RV7
4B7D	C-GCPG	C177
4B7F	C-GCPI	B429
4B80	C-GCPJ	B429
4B83	C-GCPM	RV7
4B85	C-GCPO	BL17
4B89	C-GCPS	MD52
4B8A	C-GCPT	RV9
4B8B	C-GCPU	C150
4B8C	C-GCPV	B429
4B8D	C-GCPW	J328
4B8E	C-GCPX	SW3
4B90	C-GCPZ	B190
4B92	C-GCQB	B429
4B94	C-GCQD	C150
4B97	C-GCQG	B429
4B99	C-GCQI	P28A
4B9A	C-GCQJ	C150
4B9B	C-GCQK	B429
4B9D	C-GCQM	C172
4BA2	C-GCQR	B429
4BA3	C-GCQS	B429
4BA4	C-GCQT	B429
4BAB	C-GCRA	B412
4BAC	C-GCRB	C182
4BAE	C-GCRD	MR35
4BB7	C-GCRM	PA24
4BB8	C-GCRN	PC12
4BB9	C-GCRO	C172
4BBB	C-GCRQ	C172
4BBD	C-GCRS	P28A
4BBF	C-GCRU	B429
4BC0	C-GCRV	RV6
4BC3	C-GCRY	CP30
4BC6	C-GCSB	P28A
4BC7	C-GCSC	C182
4BC9	C-GCSE	P28R
4BCA	C-GCSF	PA31
4BD2	C-GCSN	ACRO
4BD3	C-GCSO	DA42
4BD5	C-GCSQ	RV8
4BD6	C-GCSR	SKYR
4BD7	C-GCSS	P32R
4BD9	C-GCSU	AS50
4BDB	C-GCSW	SIDE
4BDF	C-GCTA	AJET
4BE6	C-GCTH	PA31
4BE7	C-GCTI	C182
4BE8	C-GCTJ	C172
4BEB	C-GCTM	C206
4BED	C-GCTO	SR22
4BEF	C-GCTQ	B06
4BF0	C-GCTR	C152
4BF1	C-GCTS	B505
4BF6	C-GCTX	R44
4BF9	C-GCUA	B738
4BFB	C-GCUC	C185
4BFC	C-GCUD	CH20
4C02	C-GCUJ	C152
4C04	C-GCUL	FA7X
4C06	C-GCUN	RV6
4C08	C-GCUP	RV6
4C09	C-GCUQ	B412
4C0B	C-GCUS	C177
4C0E	C-GCUV	CH70
4C12	C-GCUZ	SR22
4C15	C-GCVC	R44
4C17	C-GCVE	B412
4C1A	C-GCVH	NAVI
4C1B	C-GCVI	B407
4C1C	C-GCVJ	B407
4C1D	C-GCVK	C172
4C1E	C-GCVL	H269
4C1F	C-GCVM	T210
4C21	C-GCVO	C172
4C25	C-GCVS	BE20
4C26	C-GCVT	BE55
4C27	C-GCVU	PA18
4C29	C-GCVW	RV7
4C2A	C-GCVX	DV20
4C2C	C-GCVZ	RV6
4C32	C-GCWF	C82R
4C36	C-GCWJ	B737
4C37	C-GCWK	CHIN
4C39	C-GCWM	B25
4C3C	C-GCWP	C172
4C41	C-GCWU	AS50
4C42	C-GCWV	DHC6
4C43	C-GCWW	AS50
4C45	C-GCWY	AT3P
4C4A	C-GCXD	PA46
4C4D	C-GCXG	LA25
4C53	C-GCXM	C337
4C54	C-GCXN	C402
4C5A	C-GCXT	BE33
4C5B	C-GCXU	CH60
4C5C	C-GCXV	C172
4C5D	C-GCXW	C182
4C5E	C-GCXX	C182
4C61	C-GCYA	C185
4C66	C-GCYF	C172
4C67	C-GCYG	C172
4C69	C-GCYI	C172
4C6A	C-GCYJ	P28A
4C6D	C-GCYM	DHC2
4C6E	C-GCYN	BE20
4C6F	C-GCYO	TAYA
4C72	C-GCYR	C172
4C73	C-GCYS	C185
4C74	C-GCYT	C150
4C75	C-GCYU	C172
4C7F	C-GCZE	C182
4C83	C-GCZI	C182
4C84	C-GCZJ	C150
4C85	C-GCZK	C172
4C87	C-GCZM	C172
4C88	C-GCZN	C172
4C8A	C-GCZP	M20P
4C8C	C-GCZR	C182
4C8F	C-GCZU	M18
4C94	C-GCZZ	PA15
4C95	C-GDAA	AC90
4C96	C-GDAB	C172
4C97	C-GDAC	C185
4C9C	C-GDAH	C172
4C9E	C-GDAJ	C210
4CA0	C-GDAL	C337
4CA1	C-GDAM	C340
4CA2	C-GDAN	YK55
4CA3	C-GDAO	B212
4CA4	C-GDAP	BE35
4CA6	C-GDAR	C172
4CAA	C-GDAV	PELI
4CAD	C-GDAY	BL17
4CAF	C-GDBA	B06
4CB1	C-GDBC	A5
4CB4	C-GDBF	M20T
4CB5	C-GDBG	C182
4CB6	C-GDBH	RV4
4CB8	C-GDBJ	PC12
4CB9	C-GDBK	PA31
4CBB	C-GDBM	T206
4CBD	C-GDBO	C206
4CBE	C-GDBP	BE76
4CC2	C-GDBT	PA32
4CC3	C-GDBU	GLID
4CC7	C-GDBY	P28A
4CC8	C-GDBZ	SR22
4CCB	C-GDCC	CL35
4CCC	C-GDCD	AT5T
4CCD	C-GDCE	C185
4CCF	C-GDCG	B190
4CD4	C-GDCL	AC90
4CD7	C-GDCO	WAIX
4CDA	C-GDCR	M20T
4CDF	C-GDCW	PA34
4CE1	C-GDCY	PA18
4CE2	C-GDCZ	B412
4CE4	C-GDDB	P32R
4CE5	C-GDDC	COY2
4CE8	C-GDDF	C185
4CE9	C-GDDG	PA38
4CEC	C-GDDJ	G21
4CED	C-GDDK	C172
4CEF	C-GDDM	GLID
4CF0	C-GDDN	HUSK
4CF2	C-GDDP	DV20
4CF3	C-GDDQ	CLBR
4CF4	C-GDDR	B38M
4CF7	C-GDDU	M20P
4CFA	C-GDDX	PA31
4D00	C-GDED	RV6
4D02	C-GDEF	DV20
4D04	C-GDEH	AS50
4D06	C-GDEJ	B737
4D07	C-GDEK	C525
4D09	C-GDEM	M18
4D0A	C-GDEN	DH8D
4D0D	C-GDEQ	C172
4D10	C-GDET	SR20
4D12	C-GDEV	M20T
4D13	C-GDEW	DH8D
4D17	C-GDFA	C172
4D18	C-GDFB	DV20
4D19	C-GDFC	C337
4D1B	C-GDFE	DA40
4D1C	C-GDFF	BE9L
4D1E	C-GDFH	T206
4D20	C-GDFJ	DV20
4D21	C-GDFK	PA31
4D22	C-GDFL	P28R
4D24	C-GDFN	BE20
4D25	C-GDFO	DV20
4D26	C-GDFP	DV20
4D27	C-GDFQ	DV20
4D32	C-GDGB	C152
4D33	C-GDGC	BT36
4D34	C-GDGD	PC12
4D35	C-GDGE	C172
4D37	C-GDGG	RV7
4D38	C-GDGH	B06
4D3C	C-GDGL	P28B
4D3D	C-GDGM	BE35
4D3E	C-GDGN	S22T
4D3F	C-GDGO	CL30
4D42	C-GDGR	M20P
4D43	C-GDGS	P28A
4D44	C-GDGT	B407
4D45	C-GDGU	BE35
4D46	C-GDGV	C150
4D4B	C-GDHA	C414
4D4D	C-GDHC	DHC6
4D4E	C-GDHD	EC30
4D50	C-GDHF	BE20
4D51	C-GDHG	GLEX
4D52	C-GDHH	AS50
4D55	C-GDHK	QIC2
4D58	C-GDHN	CL2P
4D59	C-GDHO	C172
4D5C	C-GDHR	C172
4D5D	C-GDHS	BE9L
4D5F	C-GDHU	GL7T
4D60	C-GDHV	C150
4D61	C-GDHW	DHC3
4D66	C-GDIB	DV20
4D70	C-GDIL	CL35
4D71	C-GDIM	C182
4D73	C-GDIO	GLEX
4D74	C-GDIP	C185
4D76	C-GDIR	C185
4D7A	C-GDIV	S108
4D7D	C-GDIY	C177
4D7F	C-GDJA	RV6
4D80	C-GDJB	C185
4D82	C-GDJD	RBEL
4D83	C-GDJE	RV10
4D84	C-GDJF	VTUR
4D8A	C-GDJL	WAIX
4D8E	C-GDJP	C172
4D90	C-GDJR	PA31
4D93	C-GDJU	RBEL
4D95	C-GDJW	B06
4D96	C-GDJX	BOLT
4D98	C-GDJZ	CRJ7
4D99	C-GDKA	DHC2
4D9B	C-GDKC	C72R
4D9C	C-GDKD	AS50
4DA1	C-GDKI	HUSK
4DA2	C-GDKJ	P28A
4DA3	C-GDKK	AC11
4DA4	C-GDKL	C185
4DA5	C-GDKM	P28A
4DA6	C-GDKN	S92
4DA7	C-GDKO	AT3T
4DA8	C-GDKP	C182
4DAA	C-GDKR	T28
4DAD	C-GDKU	AT3T
4DB0	C-GDKX	C172
4DB2	C-GDKZ	C82R
4DB5	C-GDLC	C208
4DB8	C-GDLF	P28A
4DB9	C-GDLG	L29
4DBA	C-GDLH	P28B
4DBB	C-GDLI	CL60
4DBD	C-GDLK	RV7
4DBE	C-GDLL	C510
4DBF	C-GDLM	PA38
4DC0	C-GDLN	C210
4DC1	C-GDLO	C206
4DC4	C-GDLR	DA40
4DC5	C-GDLS	C180
4DCA	C-GDLX	BE33
4DCD	C-GDMA	C150
4DCE	C-GDMB	DA40
4DD0	C-GDMD	C421
4DD1	C-GDME	DV20
4DD2	C-GDMF	RV6
4DD4	C-GDMH	RV10
4DD6	C-GDMJ	B36T
4DD7	C-GDMK	EN28
4DD9	C-GDMM	AS50
4DDC	C-GDMP	B738
4DDF	C-GDMS	C210
4DE3	C-GDMW	M20P
4DE4	C-GDMX	SR22
4DE6	C-GDMZ	M6
4DE7	C-GDNA	C172
4DED	C-GDNG	C175
4DEE	C-GDNH	C177
4DEF	C-GDNI	C172
4DF3	C-GDNM	C177
4DF5	C-GDNO	C185
4DF6	C-GDNP	C185
4DF8	C-GDNR	PA22
4DF9	C-GDNS	C172
4DFA	C-GDNT	C172
4DFD	C-GDNW	P28A
4DFF	C-GDNY	P28A
4E05	C-GDOE	R44
4E0D	C-GDOM	DH8D
4E0E	C-GDON	C172
4E12	C-GDOR	BL17
4E16	C-GDOV	C206
4E19	C-GDOY	C172
4E1B	C-GDPA	B732
4E1D	C-GDPC	C340
4E1F	C-GDPE	B06
4E20	C-GDPF	GLEX
4E21	C-GDPG	GL5T
4E23	C-GDPI	BE10
4E26	C-GDPL	SVNH
4E2A	C-GDPP	C212
4E30	C-GDPV	PTS1
4E31	C-GDPW	S22T
4E33	C-GDPY	PA34
4E34	C-GDPZ	C172
4E39	C-GDQE	M20P
4E3D	C-GDQI	C182
4E3F	C-GDQK	CH7B
4E40	C-GDQL	NAVI
4E41	C-GDQM	C340
4E43	C-GDQO	P28A
4E45	C-GDQQ	CH7A
4E48	C-GDQT	P28A
4E49	C-GDQU	C337
4E52	C-GDRD	PA34
4E55	C-GDRG	C170
4E56	C-GDRH	AS50
4E58	C-GDRJ	RV9
4E5B	C-GDRM	C206
4E5C	C-GDRN	M20P
4E61	C-GDRS	BL8
4E62	C-GDRT	C180
4E63	C-GDRU	GLEX
4E67	C-GDRY	C82R
4E68	C-GDRZ	C150
4E6B	C-GDSC	PA38
4E6C	C-GDSD	C172
4E6E	C-GDSF	WAIX
4E6F	C-GDSG	B190
4E70	C-GDSH	C25C
4E71	C-GDSI	C172
4E72	C-GDSJ	C182
4E74	C-GDSL	C172
4E75	C-GDSM	PA32
4E76	C-GDSN	GLID
4E77	C-GDSO	DHC6
4E78	C-GDSP	SR22
4E79	C-GDSQ	AS50
4E7A	C-GDSR	WW24
4E7B	C-GDSS	AT43
4E7C	C-GDST	PA31
4E7D	C-GDSU	PRM1
4E7F	C-GDSW	C172
4E80	C-GDSX	AS50
4E81	C-GDSY	PA30
4E82	C-GDSZ	TOBA
4E83	C-GDTA	C150
4E84	C-GDTB	DH2T
4E86	C-GDTD	CRJ2
4E87	C-GDTE	R44
4E88	C-GDTF	RV6
4E8A	C-GDTH	C150
4E8E	C-GDTL	PC12
4E8F	C-GDTM	C441
4E94	C-GDTR	GLEX
4E96	C-GDTT	P28A
4E97	C-GDTU	P28A
4E98	C-GDTV	PA27
4E9A	C-GDTX	C182
4E9C	C-GDTZ	PA22
4E9D	C-GDUA	C441
4EAA	C-GDUN	SR22
4EAB	C-GDUO	GLID
4EAE	C-GDUR	BT36
4EAF	C-GDUS	SS2T
4EB4	C-GDUX	GL7T
4EB6	C-GDUZ	B763
4EB7	C-GDVA	NAVI
4EB9	C-GDVC	RV10
4EBA	C-GDVD	BE58
4EBC	C-GDVF	C208
4EBD	C-GDVG	SR22
4EBE	C-GDVH	C172
4EC0	C-GDVJ	PA18
4EC1	C-GDVK	BD4
4EC2	C-GDVL	M20T
4EC4	C-GDVN	C182
4EC6	C-GDVP	P28A
4EC7	C-GDVQ	P28A
4EC8	C-GDVR	P28A
4ECA	C-GDVT	P28A
4ECC	C-GDVV	T206
4ECE	C-GDVX	BL8
4ED0	C-GDVZ	PA30
4ED3	C-GDWC	B105
4ED6	C-GDWF	CL60
4ED7	C-GDWG	C172
4ED8	C-GDWH	GLST
4EDA	C-GDWJ	AS50
4EDD	C-GDWM	AS50
4EDE	C-GDWN	C182
4EE0	C-GDWP	DHC2
4EE1	C-GDWQ	FBA2
4EE3	C-GDWS	C510
4EE9	C-GDWY	C152
4EED	C-GDXC	RV6
4EEE	C-GDXD	C150
4EEF	C-GDXE	C172
4EF0	C-GDXF	C172
4EF2	C-GDXH	C185
4EF3	C-GDXI	PA32
4EF6	C-GDXL	P28A
4EFE	C-GDXT	GLID
4F02	C-GDXK	GLID
4F06	C-GDYB	P28A
4F0D	C-GDYI	PA25
4F0E	C-GDYJ	GLID
4F0F	C-GDYK	PA34
4F10	C-GDYL	PA18
4F14	C-GDYP	C150
4F15	C-GDYQ	C185
4F16	C-GDYR	C185
4F18	C-GDYT	M700
4F19	C-GDYU	PA22
4F1B	C-GDYW	BE23
4F1E	C-GDYZ	B214
4F1F	C-GDZA	C172
4F20	C-GDZB	P28A
4F25	C-GDZG	C177
4F2F	C-GDZQ	C172
4F34	C-GDZV	PA30
4F35	C-GDZW	P28A
4F36	C-GDZX	PTMS
4F37	C-GDZY	DA40
4F39	C-GEAA	PA31
4F3D	C-GEAE	C180
4F3F	C-GEAG	BE20
4F40	C-GEAH	P28A
4F41	C-GEAI	DC3
4F42	C-GEAJ	DC3
4F43	C-GEAK	R66
4F44	C-GEAL	P28S
4F45	C-GEAM	M20P
4F4A	C-GEAR	M20P
4F4C	C-GEAT	R44
4F4D	C-GEAU	RV4
4F4E	C-GEAV	AS50
4F53	C-GEBA	F900
4F54	C-GEBB	C172
4F56	C-GEBD	C172
4F5D	C-GEBK	C172
4F5F	C-GEBM	SR22
4F60	C-GEBN	B06
4F62	C-GEBP	C172
4F6C	C-GEBZ	C207
4F6D	C-GECA	C172
4F6E	C-GECB	C182
4F70	C-GECD	PAY1
4F73	C-GECG	C25B
4F75	C-GECI	C172
4F76	C-GECJ	P28A
4F78	C-GECL	C182
4F79	C-GECM	T206
4F7B	C-GECO	C185
4F7D	C-GECQ	C172
4F7F	C-GECS	C180
4F80	C-GECT	PC12
4F81	C-GECU	C170
4F83	C-GECW	C185
4F84	C-GECX	C750
4F87	C-GEDA	C421
4F89	C-GEDC	C172
4F8D	C-GEDG	E55P
4F8E	C-GEDH	C172
4F8F	C-GEDI	EC20
4F92	C-GEDL	AS50
4F93	C-GEDM	C177
4F96	C-GEDP	CH7A
4F98	C-GEDR	AT8T
4F9B	C-GEDU	C172
4F9C	C-GEDV	BE20
4FA2	C-GEEB	C177
4FA4	C-GEED	C172
4FA8	C-GEEH	C150
4FA9	C-GEEI	C210
4FAC	C-GEEL	C310
4FAE	C-GEEN	DH8D
4FB0	C-GEEP	P28R
4FB2	C-GEER	C182
4FB4	C-GEET	R44
4FB5	C-GEEU	C150
4FB6	C-GEEV	C206
4FB8	C-GEEX	C185
4FBB	C-GEFA	A333
4FC1	C-GEFG	P28A
4FC2	C-GEFH	C172
4FC4	C-GEFJ	C172
4FC5	C-GEFK	C172
4FC7	C-GEFM	C150
4FC9	C-GEFO	P28R
4FCB	C-GEFQ	C172
4FCC	C-GEFR	C172
4FD4	C-GEFZ	C172
4FD6	C-GEGB	P28A
4FD7	C-GEGC	A333
4FDA	C-GEGF	P28A
4FDB	C-GEGG	C172
4FDD	C-GEGI	A333
4FDF	C-GEGK	MA5
4FE0	C-GEGL	P28A
4FE4	C-GEGP	A333
4FE5	C-GEGQ	C172
4FEA	C-GEGV	P28A
4FEC	C-GEGX	RV6
4FED	C-GEGY	C182
4FF1	C-GEHC	AA5
4FF3	C-GEHE	R66
4FF4	C-GEHF	B38M
4FF7	C-GEHI	B38M
4FF8	C-GEHJ	C185
4FF9	C-GEHK	SR22
4FFB	C-GEHM	P28A
4FFC	C-GEHN	C177
4FFF	C-GEHQ	B38M
5001	C-GEHS	BE20
5002	C-GEHT	P28R
5004	C-GEHV	B38M
5007	C-GEHY	B38M
500D	C-GEIE	C150
500E	C-GEIF	C206
5012	C-GEIJ	C172
5013	C-GEIK	C150
5015	C-GEIM	P28B
5016	C-GEIN	CH7A
5019	C-GEIQ	C172
501C	C-GEIT	C172
501E	C-GEIV	B38M
501F	C-GEIW	PA32
5023	C-GEJA	P28A
5026	C-GEJD	CL35
5027	C-GEJE	B350
5029	C-GEJG	C172
502A	C-GEJH	PA24
502B	C-GEJI	CH7B
502D	C-GEJK	C150
502E	C-GEJL	B38M
5030	C-GEJN	B38M
5031	C-GEJO	P28A
5034	C-GEJR	C172
5035	C-GEJS	PA11
5038	C-GEJV	C82R
5039	C-GEJW	C172
503A	C-GEJX	C172
503B	C-GEJY	C172
503D	C-GEKA	C172
503E	C-GEKB	P28A
5043	C-GEKG	C172
5044	C-GEKH	B38M
5046	C-GEKJ	C177
504A	C-GEKN	S92
504B	C-GEKO	C172
504C	C-GEKP	AA5
5050	C-GEKT	C150
5051	C-GEKU	C172
5053	C-GEKW	CH2T
5054	C-GEKX	B38M
5055	C-GEKY	C172
5056	C-GEKZ	B38M
5057	C-GELA	P28R
5058	C-GELB	WAIX
5059	C-GELC	AS50
505A	C-GELD	PA31
505B	C-GELE	R66
5060	C-GELJ	B38M
5064	C-GELN	C172
5066	C-GELP	G2CA
5067	C05067	B38M
5069	C-GELS	RV6
506B	C0506B	B38M
506C	C-GELV	PA18
506F	C-GELY	EAGL
5070	C-GELZ	B06
5071	C-GEMA	C185
5072	C-GEMB	E55P
5079	C-GEMI	C152
507A	C-GEMJ	AS50
507C	C-GEML	DV20
5081	C-GEMQ	RV8
5086	C05086	B38M
508A	C-GEMZ	BE58
508E	C-GEND	DHC3
5093	C-GENI	M5
5095	C-GENK	DH8D
5096	C-GENL	CL60
5097	C-GENM	DH8D
5099	C-GENO	DH8D
509A	C-GENP	C337
509D	C-GENS	LA4
509F	C-GENU	DH8D
50A0	C-GENV	DH8D
50A1	C-GENW	F2TH
50A2	C-GENX	BE77
50A7	C-GEOC	AS50
50A8	C-GEOD	GLID
50AB	C-GEOG	AC68
50AE	C050AE	B38M
50AF	C-GEOK	M20P
50B0	C-GEOL	PA31
50B2	C-GEON	C10T
50B5	C-GEOQ	AS50
50B6	C-GEOR	C337
50BB	C-GEOW	PC12
50BD	C-GEOY	RV6
50BF	C-GEPA	B407
50C0	C050C0	B38M
50C1	C-GEPC	C185
50C4	C050C4	B38M
50C5	C-GEPG	B38M
50C6	C-GEPH	AS50
50C8	C-GEPJ	P28R
50CA	C-GEPL	PA14
50CF	C-GEPQ	C172
50D0	C-GEPR	EC20
50D1	C-GEPS	AS50
50D2	C-GEPT	RV10
50D4	C-GEPV	DV20
50D5	C-GEPW	AS50
50D8	C-GEPZ	DV20
50D9	C-GEQA	DV20
50DA	C-GEQB	C172
50E6	C-GEQN	C172
50E9	C-GEQQ	RV9
50EB	C-GEQS	C150
50EC	C-GEQT	C150
50ED	C-GEQU	M20P
50EF	C-GEQW	P28A
50F2	C-GEQZ	P28R
50F4	C-GERB	B06
50F6	C-GERD	C182
50FA	C-GERH	B212
50FB	C-GERI	B190
5101	C-GERO	SS2T
5102	C-GERP	EC35
5104	C-GERR	Z42
5108	C-GERV	RV8
510A	C-GERX	B06
510C	C-GERZ	RV6
510E	C-GESB	RV6
5114	C-GESH	DH8A
5116	C-GESJ	C152
5117	C-GESK	CH7A
5118	C-GESL	CH30
5119	C-GESM	PA30
511B	C-GESO	SS2T
511E	C-GESR	M20P
511F	C-GESS	T206
5120	C-GEST	GLID
5122	C-GESV	B407
5125	C-GESY	GLST
5126	C-GESZ	C172
5127	C-GETA	DH8C
5128	C-GETB	SA02
5129	C-GETC	BE35
512B	C-GETE	RAF2
512D	C-GETG	C337
512E	C-GETH	AC50
512F	C-GETI	G2CA
5130	C-GETJ	AC50
5132	C-GETL	C172
5135	C-GETO	C180
5138	C-GETR	TBM9
513B	C-GETU	PA30
513D	C-GETW	PA31
513E	C-GETX	C172
5142	C-GEUB	C172
5143	C-GEUC	SREY
5144	C-GEUD	AA5
5145	C-GEUE	R22
5146	C-GEUF	C172
5148	C-GEUH	P28A
5150	C-GEUP	C172
5152	C-GEUR	P28A
515C	C-GEVB	MIMU
515E	C-GEVD	DV20
515F	C-GEVE	C172
5163	C-GEVI	TFUN
5164	C-GEVJ	C152
5169	C-GEVO	HROC
516C	C-GEVR	C177
5170	C-GEVV	C172
5175	C-GEWA	P28A
5177	C-GEWC	P28A
5178	C-GEWD	C172
517E	C-GEWJ	B736
517F	C-GEWK	PA24
5181	C-GEWM	DV20
5182	C-GEWN	C185
5185	C-GEWQ	DH8C
5186	C-GEWR	DH8D
5188	C-GEWT	DV20
518B	C-GEWW	CH70
518E	C-GEWZ	CJ6
5190	C-GEXB	A321
5192	C-GEXD	B505
5193	C-GEXE	C10T
5196	C-GEXH	C172
5197	C-GEXI	A320
519C	C-GEXN	C172
519F	C-GEXQ	C172
51A0	C-GEXR	GLID
51AA	C-GEYB	C340
51AE	C-GEYF	C150
51B1	C-GEYI	C172
51B3	C-GEYK	P28A
51B4	C-GEYL	P28A
51B6	C-GEYN	AS50
51B7	C-GEYO	M5
51B9	C-GEYQ	C177
51BA	C-GEYR	C185
51BB	C-GEYS	M5
51C0	C-GEYX	C185
51C4	C-GEZB	C177
51C6	C-GEZD	A321
51CB	C-GEZI	AA5
51CC	C-GEZJ	A321
51CD	C-GEZK	P28R
51D0	C-GEZN	A321
51D1	C-GEZO	A321
51DA	C-GEZX	A321
51DB	C-GEZY	A321
51DE	C-GFAB	LNC2
51E0	C-GFAD	BE20
51E1	C-GFAE	BE20
51E2	C-GFAF	A333
51E4	C-GFAH	A333
51E6	C-GFAJ	A333
51E8	C-GFAL	BE20
51E9	C-GFAM	B505
51EC	C-GFAP	CL60
51F0	C-GFAT	A310
51F2	C-GFAV	BE20
51F3	C-GFAW	LA4
51F4	C-GFAX	CH60
51F7	C-GFBA	C172
51F8	C-GFBB	C152
51F9	C-GFBC	U21
51FB	C-GFBE	C206
51FD	C-GFBG	CL2P
51FE	C-GFBH	WAIX
5201	C-GFBK	C182
5204	C-GFBN	CL2P
5205	C-GFBO	GLID
5207	C-GFBQ	C180
5208	C-GFBR	AN2
5209	C-GFBS	HROC
520A	C-GFBT	RV7
520D	C-GFBW	AS50
520F	C-GFBY	LNC2
5211	C-GFCA	R44
5212	C-GFCB	CL60
5213	C-GFCC	LJ45
5214	C-GFCD	DH8C
5215	C-GFCE	SR22
5217	C-GFCG	C185
5218	C-GFCH	A320
5219	C-GFCI	A320
5220	C-GFCP	A320
5221	C-GFCQ	P28A
5223	C-GFCS	DA40
5224	C-GFCT	PA34
5226	C-GFCV	C206
522F	C-GFDE	C150
5230	C-GFDF	RV6
5231	C-GFDG	C172
5232	C-GFDH	C150
5233	C-GFDI	DHC2
5235	C-GFDK	C172
523D	C-GFDS	RV6
523F	C-GFDU	A320
5240	C-GFDV	B212
5241	C-GFDW	C150
5244	C-GFDZ	C172
5246	C-GFEB	C172
5247	C-GFEC	B06
524C	C-GFEH	B738
524E	C-GFEJ	C172
5251	C-GFEM	C182
5253	C-GFEO	C170
5254	C-GFEP	GLID
5256	C-GFER	C206
525A	C-GFEV	C185
525C	C-GFEX	CH65
5260	C-GFFB	LA4
5261	C-GFFC	DV20
5264	C-GFFF	C170
5265	C-GFFG	C150
5267	C-GFFI	PA31
526B	C-GFFM	DO27
526C	C-GFFN	B733
526F	C-GFFQ	C172
5271	C-GFFS	C25B
5272	C-GFFT	LJ70
5274	C-GFFV	R44
5275	C-GFFW	B407
5278	C-GFFZ	C172
527B	C-GFGC	CL60
527D	C-GFGE	PA22
5284	C-GFGL	C172
5285	C-GFGM	P28A
5289	C-GFGQ	C172
528B	C-GFGS	C172
528C	C-GFGT	C340
5291	C-GFGY	C172
5292	C-GFGZ	P28A
5293	C-GFHA	DHC6
5295	C-GFHC	R44
5298	C-GFHF	EC20
5299	C-GFHG	BE55
529A	C-GFHH	B06
529B	C-GFHI	PA24
529D	C-GFHK	C152
52A1	C-GFHO	B407
52A2	C-GFHP	AS50
52A4	C-GFHR	CL30
52A5	C-GFHS	AS50
52A9	C-GFHW	UH1
52AC	C-GFHZ	MOR2
52AD	C-GFIA	C208
52AF	C-GFIC	C172
52B2	C-GFIF	CH25
52BB	C-GFIO	CRJ2
52BE	C-GFIR	C185
52C0	C-GFIT	C182
52C2	C-GFIV	B06
52C4	C-GFIX	C206
52C7	C-GFJA	G280
52C8	C-GFJB	AT5T
52CA	C-GFJD	B38M
52CB	C-GFJE	C172
52CE	C-GFJH	C172
52D3	C-GFJM	B38M
52D5	C-GFJO	GL7T
52D7	C-GFJQ	GL7T
52D9	C-GFJS	RV7
52DA	C-GFJT	L39
52DC	C-GFJV	C152
52DD	C-GFJW	AS50
52DE	C-GFJX	FA10
52E0	C-GFJZ	CRJ7
52E1	C-GFKA	PC12
52E3	C-GFKC	RV10
52E7	C-GFKG	C172
52E8	C-GFKH	R66
52EB	C-GFKK	TBM8
52F0	C-GFKP	BD5
52F2	C-GFKR	RV7
52F3	C-GFKS	C172
52F5	C-GFKU	COL3
52FB	C-GFLA	PC12
52FC	C-GFLB	C82R
5301	C-GFLG	RV6
5304	C-GFLJ	PA38
5306	C-GFLL	R22
5307	C-GFLM	C182
5308	C-GFLN	PC12
530C	C-GFLR	R44
530E	C-GFLT	DHC2
530F	C-GFLU	GL5T
5310	C-GFLV	PA34
5312	C-GFLX	ST75
5313	C-GFLY	P28R
5314	C-GFLZ	B350
5315	C-GFMA	C310
5323	C-GFMO	C172
5325	C-GFMQ	DH8A
532B	C-GFMW	PA17
532C	C-GFMX	DH8C
5330	C-GFNB	AS50
5331	C-GFNC	AC11
5334	C-GFNF	SSTL
5337	C-GFNI	C82R
5338	C-GFNJ	L39
5339	C-GFNK	L39
533A	C-GFNL	B505
533B	C-GFNM	B407
533D	C-GFNO	L39
533E	C-GFNP	B407
533F	C-GFNQ	PA44
5340	C-GFNR	B429
5343	C-GFNU	B412
5346	C-GFNX	B412
5347	C-GFNY	B407
5348	C-GFNZ	C172
5349	C-GFOA	C172
534A	C-GFOB	PA27
534D	C-GFOE	C175
534E	C-GFOF	B38M
534F	C-GFOG	C152
5354	C-GFOL	BE20
5356	C-GFON	B3XM
5358	C-GFOP	GLID
535A	C-GFOR	GLID
535F	C-GFOW	C152
5360	C-GFOX	P180
5363	C-GFPA	C152
5365	C-GFPC	P32R
5367	C-GFPE	C152
536B	C-GFPI	BE24
536E	C-GFPL	AT8T
5372	C-GFPP	AC90
5376	C-GFPT	BE33
537B	C-GFPY	B407
5383	C-GFQG	PA32
5387	C-GFQK	LA25
5389	C-GFQM	GLID
538A	C-GFQN	B212
538C	C-GFQP	B212
5397	C-GFRA	AT76
5398	C-GFRB	CHIN
539B	C-GFRE	UH1
539D	C-GFRG	EC45
53A1	C-GFRK	C172
53A9	C-GFRS	PTS2
53AB	C-GFRU	C172
53B1	C-GFSA	AT72
53B2	C-GFSB	BE20
53B3	C-GFSC	C337
53B4	C-GFSD	C25B
53B5	C-GFSE	AS50
53B6	C-GFSF	PA31
53B7	C-GFSG	BE20
53BA	C-GFSJ	C25B
53BB	C-GFSK	CL2P
53BC	C-GFSL	CL2P
53BD	C-GFSM	CL2P
53C0	C-GFSP	C172
53C5	C-GFSU	C177
53C6	C-GFSV	B190
53C7	C-GFSW	C414
53C8	C-GFSX	C25B
53C9	C-GFSY	EUPA
53CE	C-GFTD	P28R
53D2	C-GFTH	C172
53D5	C-GFTK	M20P
53D6	C-GFTL	CL60
53D9	C-GFTO	AJET
53DC	C-GFTR	GLID
53DD	C-GFTS	PA25
53DE	C-GFTT	PA24
53DF	C-GFTU	R22
53E3	C-GFTY	C172
53EB	C-GFUG	AS50
53F0	C-GFUL	GLST
53F2	C-GFUN	GLID
53F4	C-GFUP	C206
53F6	C-GFUR	A333
53F8	C-GFUT	DHC3
53F9	C-GFUU	GLIM
53FC	C-GFUX	C182
5400	C-GFVB	C172
5405	C-GFVG	BE60
5406	C-GFVH	C150
5407	C-GFVI	C150
540B	C-GFVM	B738
540F	C-GFVQ	C172
5411	C-GFVS	C172
5413	C-GFVU	EN28
5414	C-GFVV	H12T
5415	C-GFVW	P28A
5416	C-GFVX	B38M
5419	C-GFWA	PA24
541B	C-GFWC	P28A
541C	C-GFWD	CL60
5420	C-GFWH	S108
5422	C-GFWJ	C150
5425	C-GFWM	C172
5426	C-GFWN	C172
5429	C-GFWQ	C172
542A	C-GFWR	RV8
542B	C-GFWS	C182
5430	C-GFWX	A320
5432	C-GFWZ	B06
5433	C-GFXA	C310
5434	C-GFXB	M20P
5438	C-GFXF	C680
543C	C-GFXJ	GLST
543E	C-GFXL	C150
5441	C-GFXO	M20P
5445	C-GFXS	C172
5446	C-GFXT	C177
5448	C-GFXV	C172
544C	C-GFXZ	P28A
544D	C-GFYA	UH1
544E	C-GFYB	C180
5455	C-GFYI	C172
5457	C-GFYK	C206
5459	C-GFYM	GLST
545A	C-GFYN	DHC6
545F	C-GFYS	RV6
5460	C-GFYT	C172
5462	C-GFYV	C172
5463	C-GFYW	C172
546F	C-GFZI	C150
5473	C-GFZM	P46T
5477	C-GFZQ	C206
5479	C-GFZS	C172
547A	C-GFZT	C206
547E	C-GFZX	C185
5481	C-GGAA	AC90
5484	C-GGAD	C172
5485	C-GGAE	C172
5486	C-GGAF	P149
5487	C-GGAG	PA24
5488	C-GGAH	DH8D
5489	C-GGAI	C150
548A	C-GGAJ	R44
548B	C-GGAK	C172
548D	C-GGAM	C180
5490	C-GGAP	PA22
5491	C-GGAQ	CL35
5494	C-GGAT	B212
549D	C-GGBC	F900
54A0	C-GGBF	DH8D
54A1	C-GGBG	BE23
54A3	C-GGBI	PA31
54A4	C-GGBJ	PA34
54A6	C-GGBL	C172
54A8	C-GGBN	C152
54AB	C-GGBQ	C172
54AC	C-GGBR	C172
54AE	C-GGBT	RV7
54B0	C-GGBV	C185
54B1	C-GGBW	GLID
54B3	C-GGBY	B190
54B4	C-GGBZ	C206
54B5	C-GGCA	B190
54B8	C-GGCD	C177
54BB	C-GGCG	C172
54BC	C-GGCH	B427
54BD	C-GGCI	DH8D
54BE	C-GGCJ	C150
54C2	C-GGCN	C172
54C4	C-GGCP	C172
54C5	C-GGCQ	C140
54C7	C-GGCS	GLID
54C9	C-GGCU	P28A
54CB	C-GGCW	C177
54D0	C-GGDB	P28R
54D1	C-GGDC	MU2
54D5	C-GGDG	C182
54D9	C-GGDK	PA25
54DB	C-GGDM	C180
54DC	C-GGDN	C182
54DD	C-GGDO	DV20
54DE	C-GGDP	P28A
54E0	C-GGDR	SONX
54E1	C-GGDS	SR20
54E2	C-GGDT	C172
54E3	C-GGDU	DH8D
54E5	C-GGDW	PA18
54E7	C-GGDY	T206
54EE	C-GGEF	C172
54F3	C-GGEK	C207
54F6	C-GGEN	M20T
54FA	C-GGER	BE58
54FB	C-GGES	P28A
54FD	C-GGEU	C152
5501	C-GGEY	C172
5503	C-GGFA	C337
5505	C-GGFC	C172
5507	C-GGFE	C172
550C	C-GGFJ	DH8D
5512	C-GGFP	DH8D
5514	C-GGFR	C152
5515	C-GGFS	P28B
551A	C-GGFX	C152
551B	C-GGFY	C182
551D	C-GGGA	B190
551F	C-GGGC	R44
5521	C-GGGE	GLID
5524	C-GGGH	P28A
5526	C-GGGJ	J3
5528	C-GGGL	H269
552A	C-GGGN	C152
552B	C-GGGO	C180
552C	C-GGGP	C152
552D	C-GGGQ	BE20
552E	C-GGGR	C172
5530	C-GGGT	G150
5534	C-GGGX	BE58
5535	C-GGGY	P28R
5536	C-GGGZ	SR22
5538	C-GGHB	C172
553A	C-GGHD	C172
553B	C-GGHE	PA30
553C	C-GGHF	C172
553D	C-GGHG	RV7
5540	C-GGHJ	C72R
5543	C-GGHM	C82R
5545	C-GGHO	C421
5546	C-GGHP	TBM8
5547	C-GGHQ	C185
5549	C-GGHS	AT5T
554A	C-GGHT	BSTP
554D	C-GGHW	PA27
554E	C-GGHX	C172
5552	C-GGIB	C56X
5553	C-GGIC	RV6
5554	C-GGID	P28A
5555	C-GGIE	AS50
5557	C-GGIG	C172
555A	C-GGIJ	P28U
555D	C-GGIM	M20P
5560	C-GGIP	SR22
5561	C-GGIQ	PA31
5563	C-GGIS	AS50
5566	C-GGIV	CH7B
5568	C-GGIX	GLID
556A	C-GGIZ	PA22
556B	C-GGJA	CRJ2
556C	C-GGJB	PA32
556D	C-GGJC	P28A
556F	C-GGJE	P28A
5571	C-GGJG	BN2P
5574	C-GGJJ	SR22
5575	C-GGJK	C172
5576	C-GGJL	P28A
557B	C-GGJQ	P28A
557E	C-GGJT	C172
557F	C-GGJU	GLID
5584	C-GGJZ	P28A
5585	C-GGKA	C185
5588	C-GGKD	DV20
558B	C-GGKG	C82R
558C	C-GGKH	C152
558E	C-GGKJ	C185
558F	C-GGKK	AEST
5590	C-GGKL	PA24
5591	C-GGKM	TB20
5594	C-GGKP	BE23
5595	C-GGKQ	P28U
5596	C-GGKR	AA5
559A	C-GGKV	C150
559C	C-GGKX	CRUZ
559F	C-GGLA	R44
55A0	C-GGLB	C210
55A2	C-GGLD	C172
55A5	C-GGLG	CH60
55AA	C-GGLL	M20P
55AB	C-GGLM	AS50
55AC	C-GGLN	C182
55AE	C-GGLP	C182
55B0	C-GGLR	CL60
55B1	C-GGLS	C206
55B4	C-GGLV	C172
55B8	C-GGLZ	R44
55B9	C-GGMA	C172
55BB	C-GGMC	BE9L
55BD	C-GGME	G164
55C1	C-GGMI	DH8D
55C3	C-GGMK	M20T
55C5	C-GGMM	K100
55C6	C-GGMN	DH8D
55C8	C-GGMP	C185
55C9	C-GGMQ	DH8D
55CC	C-GGMT	P28A
55CD	C-GGMU	DH8D
55CE	C-GGMV	DV20
55CF	C-GGMW	CH70
55D0	C-GGMX	C182
55D2	C-GGMZ	DH8D
55D5	C-GGNC	B06
55D6	C-GGND	DH8D
55D8	C-GGNF	DH8D
55DB	C-GGNI	CUB2
55DC	C-GGNJ	C150
55DD	C-GGNK	C150
55E2	C-GGNP	C177
55E3	C-GGNQ	C172
55E4	C-GGNR	C170
55E6	C-GGNT	BE58
55E7	C-GGNU	AS50
55E9	C-GGNW	DH8D
55EA	C-GGNX	RV9
55EB	C-GGNY	DH8D
55EC	C-GGNZ	DH8D
55ED	C-GGOA	PA18
55F0	C-GGOD	BE55
55F2	C-GGOF	DH8D
55F5	C-GGOI	DH8D
55F6	C-GGOJ	ACR2
55FA	C-GGON	COL4
55FB	C-GGOO	PA44
55FE	C-GGOR	P28A
5600	C-GGOT	DV20
5601	C-GGOU	C185
5603	C-GGOW	C172
5604	C-GGOX	GLID
5607	C-GGPA	C180
5608	C-GGPB	C206
5609	C-GGPC	AA5
560B	C-GGPE	C152
560C	C-GGPF	AS50
560D	C-GGPG	M20T
560E	C-GGPH	P32R
5611	C-GGPK	C310
5613	C-GGPM	GLF5
5614	C-GGPN	BE58
5615	C-GGPO	C172
5616	C-GGPP	C172
5617	C-GGPQ	C172
5618	C-GGPR	PA27
561A	C-GGPT	RV4
561B	C-GGPU	C206
561E	C-GGPX	BE20
561F	C-GGPY	P28R
5620	C-GGPZ	PA11
5625	C-GGQE	LNC2
562B	C-GGQK	BL8
562E	C-GGQN	P28A
5633	C-GGQS	C172
5635	C-GGQU	PA31
5636	C-GGQV	HUSK
5637	C-GGQW	CH7B
563E	C-GGRD	C208
5643	C-GGRI	L29
564D	C-GGRS	PA30
564F	C-GGRU	C206
5650	C-GGRV	RV3
5652	C-GGRX	C172
5653	C-GGRY	L29
5655	C-GGSA	BK17
5658	C-GGSD	B429
565B	C-GGSG	T206
565E	C-GGSJ	P28A
5661	C-GGSM	RV9
5662	C-GGSN	C172
5664	C-GGSP	PA34
5665	C-GGSQ	P28S
5666	C-GGSR	SR22
5667	C-GGSS	C185
5668	C-GGST	C172
5669	C-GGSU	DC3
566B	C-GGSW	AS50
566C	C-GGSX	B06
566E	C-GGSZ	B06
566F	C-GGTA	GA8
5670	C-GGTB	C172
5675	C-GGTG	AA5
5677	C-GGTI	GLID
5678	C-GGTJ	C172
567B	C-GGTM	C172
567C	C-GGTN	P28A
567D	C-GGTO	AS50
567F	C-GGTQ	C172
5680	C-GGTR	C188
5681	C-GGTS	A332
5684	C-GGTV	S108
568A	C-GGUB	WAIX
568B	C-GGUC	C172
5690	C-GGUH	C208
5691	C-GGUI	C150
5693	C-GGUK	DV20
5695	C-GGUM	C172
5696	C-GGUN	SR22
5698	C-GGUP	P28R
569D	C-GGUU	PA46
569E	C-GGUV	CLON
569F	C-GGUW	C150
56A0	C-GGUX	C172
56A3	C-GGVA	P28A
56A4	C-GGVB	M7
56A7	C-GGVE	P28A
56AB	C-GGVI	GLF6
56AE	C-GGVL	C172
56B2	C-GGVP	C150
56B4	C-GGVR	C172
56B6	C-GGVT	C180
56B9	C-GGVW	R44
56BA	C-GGVX	EXPR
56BB	C-GGVY	C150
56BC	C-GGVZ	C172
56BF	C-GGWC	CH7B
56C0	C-GGWD	C182
56C2	C-GGWF	B734
56C3	C-GGWG	PA44
56C4	C-GGWH	SR22
56C5	C-GGWI	S92
56C6	C-GGWJ	B737
56C7	C-GGWK	P28R
56C8	C-GGWL	GLAS
56CA	C-GGWN	M5
56D1	C-GGWU	P28R
56D2	C-GGWV	B734
56D3	C-GGWW	S22T
56D4	C-GGWX	B734
56D8	C-GGXB	C150
56DC	C-GGXF	AC11
56DD	C-GGXG	GLEX
56E3	C-GGXM	P28A
56E4	C-GGXN	C150
56E6	C-GGXP	C172
56EA	C-GGXT	GLID
56EB	C-GGXU	C185
56EF	C-GGXY	RV9
56F0	C-GGXZ	B212
56F2	C-GGYB	C172
56F5	C-GGYE	P28A
56F7	C-GGYG	C172
56FD	C-GGYM	P32T
56FE	C-GGYN	CH7B
56FF	C-GGYO	S108
5707	C-GGYW	AA5
5708	C-GGYX	RBEL
570A	C-GGYZ	C172
570D	C-GGZC	C172
570E	C-GGZD	C172
570F	C-GGZE	C170
5711	C-GGZG	C172
5713	C-GGZI	C77R
5714	C-GGZJ	PA32
5715	C-GGZK	C182
5716	C-GGZL	C172
5719	C-GGZO	PA22
571B	C-GGZQ	B06
571D	C-GGZS	B212
571F	C-GGZU	PA22
5723	C-GGZY	AC11
5724	C-GGZZ	C208
5729	C-GHAE	M20P
572B	C-GHAG	DHC3
572C	C-GHAH	C205
5730	C-GHAL	PA12
5731	C-GHAM	C185
5732	C-GHAN	C172
5734	C-GHAP	DHC6
5735	C-GHAQ	DH3T
5736	C-GHAR	DH3T
5737	C-GHAS	DH3T
573A	C-GHAV	AS50
573B	C-GHAW	C210
573E	C-GHAZ	DHC3
5741	C-GHBC	P28A
5748	C-GHBJ	GLID
574B	C-GHBM	BE20
574F	C-GHBQ	CH20
5751	C-GHBS	CL60
5753	C-GHBU	P28A
5757	C-GHBY	B06
5759	C-GHCA	AA5
575B	C-GHCC	C172
575C	C-GHCD	AS55
575D	C-GHCE	C421
575F	C-GHCG	PA20
5760	C-GHCH	C177
5762	C-GHCJ	C172
5763	C-GHCK	C150
5768	C-GHCP	AT43
576B	C-GHCS	B190
576C	C-GHCT	AS50
576E	C-GHCV	C680
576F	C-GHCW	C560
5773	C-GHDA	C206
5778	C-GHDF	B429
577B	C-GHDI	P28A
577D	C-GHDK	C310
577F	C-GHDM	AC11
5781	C-GHDO	LA4
5782	C-GHDP	BE20
5783	C-GHDQ	B06
5784	C-GHDR	GLID
5785	C-GHDS	P28A
578C	C-GHDZ	C172
578D	C-GHEA	DA40
578F	C-GHEC	C182
5790	C-GHED	HDJT
5792	C-GHEF	C172
5793	C-GHEG	B407
5796	C-GHEJ	AS50
5797	C-GHEK	C172
5798	C-GHEL	R44
5799	C-GHEM	AA5
579F	C-GHES	B407
57A0	C-GHET	P28A
57A2	C-GHEV	C172
57A4	C-GHEX	AS50
57A7	C-GHFA	H500
57A8	C-GHFB	C172
57AA	C-GHFD	B407
57AD	C-GHFG	C172
57AE	C-GHFH	C172
57AF	C-GHFI	B407
57B2	C-GHFL	H500
57B3	C-GHFM	C210
57B5	C-GHFO	BE35
57B6	C-GHFP	B429
57B7	C-GHFQ	C172
57C0	C-GHFZ	B429
57C3	C-GHGC	B407
57C5	C-GHGE	C205
57C6	C-GHGF	DC3
57C7	C-GHGG	C172
57C9	C-GHGI	B407
57CA	C-GHGJ	C182
57D0	C-GHGP	P28A
57D3	C-GHGS	B06
57D4	C-GHGT	C206
57D5	C-GHGU	AA5
57DB	C-GHHA	DHC6
57DD	C-GHHC	AA5
57DE	C-GHHD	B505
57DF	C-GHHE	B06
57E0	C-GHHF	B06
57E1	C-GHHG	B06
57E2	C-GHHH	AS50
57E4	C-GHHJ	S76
57E6	C-GHHL	B06
57E7	C-GHHM	SR22
57E8	C-GHHN	R44
57E9	C-GHHO	DH8D
57EB	C-GHHQ	C206
57F0	C-GHHV	AS50
57F1	C-GHHW	AS50
57F2	C-GHHX	DH8D
57F5	C-GHIA	C182
57FA	C-GHIF	C185
57FE	C-GHIJ	M20P
57FF	C-GHIK	CRER
5801	C-GHIM	PA24
5804	C-GHIP	ERCO
5809	C-GHIU	LA4
5810	C-GHJB	C206
5814	C-GHJF	BE20
5818	C-GHJJ	S76
5819	C-GHJK	S76
581A	C-GHJL	S76
581B	C-GHJM	C172
581E	C-GHJP	S76
5821	C-GHJS	AS50
5822	C-GHJT	S76
5823	C-GHJU	LJ31
5824	C-GHJV	S76
5825	C-GHJW	S76
5826	C-GHJX	C172
5829	C-GHKA	DH8D
582B	C-GHKC	A333
5831	C-GHKI	C172
5832	C-GHKJ	C172
5835	C-GHKM	AS50
5836	C-GHKN	GLAS
5838	C-GHKP	C172
5839	C-GHKQ	C172
583A	C-GHKR	A333
583B	C-GHKS	P28A
583D	C-GHKU	C182
583E	C-GHKV	C172
583F	C-GHKW	A333
5840	C-GHKX	A333
5844	C-GHLB	AA5
5845	C-GHLC	AA5
5848	C-GHLF	P28A
584B	C-GHLI	C208
584E	C-GHLL	C150
584F	C-GHLM	A333
5850	C-GHLN	AA5
5851	C-GHLO	C182
5852	C-GHLP	C172
5854	C-GHLR	C177
5856	C-GHLT	B763
5857	C-GHLU	B763
5858	C-GHLV	B763
5859	C-GHLW	PA34
585A	C-GHLX	AS50
585E	C-GHMB	RV6
5860	C-GHMD	AS50
5861	C-GHME	C172
5863	C-GHMG	AT5T
5864	C-GHMH	B06
5865	C-GHMI	DHC2
5866	C-GHMJ	PA27
5868	C-GHML	CL60
586A	C-GHMN	PA27
586F	C-GHMS	DHC2
5873	C-GHMW	CL60
5877	C-GHNA	C172
5878	C-GHNB	C172
5879	C-GHNC	C172
587B	C-GHNE	P28A
587E	C-GHNH	B407
5880	C-GHNJ	C172
5881	C-GHNK	S108
5884	C-GHNN	C182
5885	C-GHNO	PA18
588E	C-GHNX	C150
5890	C-GHNZ	C172
5894	C-GHOD	AS50
5896	C-GHOF	C152
5897	C-GHOG	PA31
5898	C-GHOH	AS50
589B	C-GHOK	AT5T
589D	C-GHOM	CH60
589E	C-GHON	AS50
58A0	C-GHOP	BE20
58A1	C-GHOQ	AS50
58A5	C-GHOU	C172
58A9	C-GHOY	AS50
58AA	C-GHOZ	B763
58AC	C-GHPB	C182
58AE	C-GHPD	A321
58AF	C-GHPE	PTS2
58B0	C-GHPF	PC12
58B1	C-GHPG	DHC2
58B2	C-GHPH	SR22
58B4	C-GHPJ	A321
58B5	C-GHPK	C150
58B7	C-GHPM	PA24
58B9	C-GHPO	B06
58BA	C-GHPP	CH65
58BB	C-GHPQ	B788
58BE	C-GHPT	B788
58BF	C-GHPU	B788
58C0	C-GHPV	B788
58C1	C-GHPW	B06
58C2	C-GHPX	B788
58C3	C-GHPY	B788
58C4	C-GHPZ	C185
58C6	C-GHQB	BE23
58CA	C-GHQF	PA31
58CB	C-GHQG	A321
58CC	C-GHQH	C150
58CD	C-GHQI	A321
58CF	C-GHQK	C172
58D0	C-GHQL	DH8D
58D2	C-GHQN	NAVI
58D4	C-GHQP	DH8D
58D5	C-GHQQ	B788
58D7	C-GHQS	C150
58D8	C-GHQT	C180
58DB	C-GHQW	B06
58DD	C-GHQY	B788
58DE	C-GHQZ	DH8C
58E2	C-GHRD	AS50
58E5	C-GHRG	CH60
58E7	C-GHRI	R44
58E8	C-GHRJ	DH8C
58E9	C-GHRK	BN2P
58EA	C-GHRL	PA31
58F7	C-GHRY	C525
58F8	C-GHRZ	C82R
58FE	C-GHSF	M20T
58FF	C-GHSG	RV9
5900	C-GHSH	RV7
5903	C-GHSK	C172
5904	C-GHSL	AS50
5909	C-GHSQ	B350
590C	C-GHST	C182
590E	C-GHSV	AT5T
590F	C-GHSW	GL7T
5910	C-GHSX	BE23
5913	C-GHTA	DH8C
5915	C-GHTC	C150
5916	C-GHTD	C172
5919	C-GHTG	B212
591D	C-GHTK	B212
591E	C-GHTL	B212
591F	C-GHTM	C172
5920	C-GHTN	BSTP
5921	C-GHTO	DV20
5922	C-GHTP	C177
5924	C-GHTR	C177
5925	C-GHTS	C172
5929	C-GHTW	C182
5931	C-GHUE	B190
5932	C-GHUF	UH1
5934	C-GHUH	SKIM
5936	C-GHUJ	C172
5939	C-GHUM	UH1
593C	C-GHUP	C172
593F	C-GHUS	D11
5940	C-GHUT	RV12
5941	C-GHUU	C172
5942	C-GHUV	RV6
5946	C-GHUZ	C177
5948	C-GHVB	GLIM
5949	C-GHVC	C82R
594E	C-GHVH	B212
5950	C-GHVJ	C82R
5951	C-GHVK	EC20
5953	C-GHVM	P46T
5957	C-GHVQ	EC30
5959	C-GHVS	TBM9
595B	C-GHVU	AS50
595C	C-GHVV	DHC6
595D	C-GHVW	O1
5962	C-GHWB	C82R
5963	C-GHWC	B06
5964	C-GHWD	H500
5965	C-GHWE	RV6
5966	C-GHWF	AC90
5967	C-GHWG	P28A
5969	C-GHWI	R44
596B	C-GHWK	C172
596C	C-GHWL	C172
596E	C-GHWN	C172
596F	C-GHWO	C185
5970	C-GHWP	C180
5974	C-GHWT	C208
5977	C-GHWW	EC20
5978	C-GHWX	C172
5979	C-GHWY	P28B
597D	C-GHXC	C182
5980	C-GHXF	Z42
5981	C-GHXG	Z42
5989	C-GHXO	C180
598A	C-GHXP	P28R
598B	C-GHXQ	C210
598D	C-GHXS	C172
598E	C-GHXT	C172
598F	C-GHXU	C172
5992	C-GHXX	GLID
5995	C-GHYA	FOX
5997	C-GHYC	LA4
599D	C-GHYI	C172
59A1	C-GHYM	P28R
59B1	C-GHZC	P28R
59B7	C-GHZI	L188
59B8	C-GHZJ	C172
59B9	C-GHZK	C172
59BA	C-GHZL	C150
59C5	C-GHZW	C177
59C6	C-GHZX	C172
59C8	C-GHZZ	RV8
59C9	C-GIAA	AC90
59CA	C-GIAB	DH8C
59CB	C-GIAC	GLF5
59CE	C-GIAF	C25B
59CF	C-GIAG	PA27
59D2	C-GIAJ	B752
59D3	C-GIAK	GLID
59D4	C-GIAL	C185
59D5	C-GIAM	C185
59D6	C-GIAN	PTS1
59D7	C-GIAO	GL5T
59DA	C-GIAR	R66
59DB	C-GIAS	C25B
59DF	C-GIAW	WW24
59E1	C-GIAY	C185
59E2	C-GIAZ	T206
59E3	C-GIBA	CH7A
59E6	C-GIBD	CH7A
59E8	C-GIBF	Z42
59EA	C-GIBH	L39
59F1	C-GIBO	EC30
59F3	C-GIBQ	CL60
59F4	C-GIBR	BE33
59F5	C-GIBS	B06
59F6	C-GIBT	GLID
59FB	C-GIBY	CH7A
59FD	C-GICA	P28A
59FE	C-GICB	S92
59FF	C-GICC	SONX
5A00	C-GICD	RV9
5A01	C-GICE	C172
5A02	C-GICF	C172
5A03	C-GICG	C172
5A04	C-GICH	R44
5A05	C-GICI	C172
5A08	C-GICL	CRJ9
5A09	C-GICM	BE55
5A0A	C-GICN	B733
5A0C	C-GICP	CRJ9
5A0E	C-GICR	PC12
5A10	C-GICT	C172
5A12	C-GICV	AC11
5A14	C-GICX	LNCE
5A16	C-GICZ	BE33
5A18	C-GIDB	AS50
5A1A	C-GIDD	C172
5A1C	C-GIDF	C172
5A1D	C-GIDG	B429
5A1E	C-GIDH	PA22
5A23	C-GIDM	Z42
5A26	C-GIDP	P28A
5A27	C-GIDQ	P28A
5A29	C-GIDS	C150
5A2D	C-GIDW	C172
5A2E	C-GIDX	C180
5A2F	C-GIDY	C182
5A33	C-GIEC	C172
5A34	C-GIED	DHC6
5A38	C-GIEH	B06
5A3C	C-GIEL	C172
5A3E	C-GIEN	C180
5A3F	C-GIEO	C172
5A41	C-GIEQ	AS50
5A42	C-GIER	CRJ1
5A44	C-GIET	EUPA
5A45	C-GIEU	C185
5A46	C-GIEV	P28A
5A4A	C-GIEZ	GLID
5A4C	C-GIFB	PA30
5A4D	C-GIFC	P28A
5A4E	C-GIFD	SEAW
5A56	C-GIFL	C182
5A57	C-GIFM	C172
5A58	C-GIFN	C172
5A59	C-GIFO	C150
5A5A	C-GIFP	C172
5A5B	C-GIFQ	PA17
5A62	C-GIFX	GLID
5A66	C-GIGB	C337
5A68	C-GIGD	CH30
5A6E	C-GIGJ	WAIX
5A6F	C-GIGK	DHC6
5A70	C-GIGL	PA14
5A73	C-GIGO	C208
5A79	C-GIGU	C172
5A7B	C-GIGW	C172
5A80	C-GIHB	C172
5A82	C-GIHD	C182
5A86	C-GIHH	C172
5A88	C-GIHJ	S76
5A8F	C-GIHQ	AC11
5A91	C-GIHS	S76
5A96	C-GIHX	C210
5A99	C-GIIA	C172
5A9C	C-GIID	BL17
5AA2	C-GIIJ	P28A
5AA3	C-GIIK	C172
5AA4	C-GIIL	DV20
5AA5	C-GIIM	DV20
5AA6	C-GIIN	DV20
5AAA	C-GIIR	GLAS
5AAB	C-GIIS	C185
5AAC	C-GIIT	CL60
5AB0	C-GIIX	PELI
5AB2	C-GIIZ	B38M
5AB3	C-GIJA	C172
5AB4	C-GIJB	C172
5AB6	C-GIJD	C150
5AB8	C-GIJF	C310
5AC0	C-GIJN	C185
5AC1	C-GIJO	C172
5AC2	C-GIJP	C560
5AC5	C-GIJS	EVSS
5AC6	C-GIJT	C172
5ACA	C-GIJX	C150
5ACC	C-GIJZ	DH8D
5ACD	C-GIKA	DV20
5AD0	C-GIKD	C172
5AD8	C-GIKL	C180
5AD9	C-GIKM	J3
5ADF	C-GIKS	B06
5AE0	C-GIKT	PTS2
5AE1	C-GIKU	C182
5AE4	C-GIKX	B06
5AE5	C-GIKY	C172
5AE9	C-GILC	C172
5AEB	C-GILE	R22
5AED	C-GILG	C177
5AF1	C-GILK	B350
5AF3	C-GILM	R44
5AF4	C-GILN	C172
5AF6	C-GILP	P28A
5AF9	C-GILS	BN2P
5AFC	C-GILV	PA31
5AFD	C-GILW	C337
5AFF	C-GILY	PA44
5B00	C-GILZ	AS50
5B03	C-GIMC	M20P
5B04	C-GIMD	C172
5B05	C-GIME	RV7
5B07	C-GIMG	AS50
5B08	C-GIMH	B412
5B0B	C-GIMK	DHC6
5B0D	C-GIMM	AS50
5B0F	C-GIMO	S58P
5B13	C-GIMS	C172
5B17	C-GIMW	DA40
5B1E	C-GIND	PA34
5B21	C-GING	C210
5B25	C-GINK	C152
5B28	C-GINN	PA30
5B2A	C-GINP	C185
5B2C	C-GINR	C172
5B2D	C-GINS	C172
5B30	C-GINV	B06
5B31	C-GINW	C172
5B37	C-GIOC	S76
5B38	C-GIOD	BE95
5B3B	C-GIOG	C337
5B42	C-GION	DH8A
5B44	C-GIOP	C172
5B45	C-GIOQ	C172
5B48	C-GIOT	C172
5B4C	C-GIOX	PC12
5B4D	C-GIOY	SR22
5B4E	C-GIOZ	AT5T
5B4F	C-GIPA	C172
5B52	C-GIPD	C210
5B55	C-GIPG	B06
5B58	C-GIPJ	BE55
5B5A	C-GIPL	AC95
5B5C	C-GIPN	TNDR
5B5D	C-GIPO	M4
5B5E	C-GIPP	C172
5B5F	C-GIPQ	C150
5B60	C-GIPR	C208
5B63	C-GIPU	GA8
5B64	C-GIPV	PA31
5B67	C-GIPY	RV6
5B68	C-GIPZ	CL30
5B6A	C-GIQB	C172
5B6B	C-GIQC	PA27
5B6F	C-GIQG	SW4
5B70	C-GIQH	C172
5B72	C-GIQJ	C172
5B73	C-GIQK	SW4
5B74	C-GIQL	B429
5B76	C-GIQN	B412
5B77	C-GIQO	AA5
5B78	C-GIQP	C82R
5B79	C-GIQQ	B412
5B7B	C-GIQS	RV8
5B7C	C-GIQT	C172
5B7D	C-GIQU	B505
5B7F	C-GIQW	B505
5B82	C-GIQZ	B505
5B85	C-GIRC	P28A
5B86	C-GIRD	B429
5B87	C-GIRE	CLON
5B8B	C-GIRI	B505
5B8D	C-GIRK	PA38
5B8E	C-GIRL	C525
5B90	C-GIRN	B505
5B92	C-GIRP	C182
5B94	C-GIRR	BE35
5B96	C-GIRT	C172
5B98	C-GIRV	C185
5B9B	C-GIRY	T206
5B9C	C-GIRZ	B212
5B9D	C-GISA	PA30
5BA1	C-GISE	C182
5BA2	C-GISF	GLST
5BA3	C-GISG	P28A
5BA9	C-GISM	B38M
5BAA	C-GISN	G2CA
5BAB	C-GISO	P68
5BAF	C-GISS	C172
5BB0	C-GIST	C172
5BB3	C-GISW	GLID
5BB5	C-GISY	B505
5BB6	C-GISZ	BE20
5BB7	C-GITA	AJET
5BBF	C-GITI	C206
5BC0	C-GITJ	PA31
5BC2	C-GITL	SR22
5BC3	C-GITM	PA32
5BC4	C-GITN	C172
5BC6	C-GITP	A319
5BC8	C-GITR	A319
5BC9	C-GITS	A332
5BCB	C-GITU	A321
5BCF	C-GITY	A321
5BD1	C-GIUA	M20P
5BD2	C-GIUB	A321
5BD3	C-GIUC	P28A
5BD5	C-GIUE	A321
5BD6	C-GIUF	A321
5BD7	C-GIUG	C172
5BDA	C-GIUJ	C182
5BDB	C-GIUK	P28A
5BDD	C-GIUM	PA18
5BE0	C-GIUP	B212
5BE2	C-GIUR	C185
5BEA	C-GIUZ	M20P
5BED	C-GIVC	C172
5BEE	C-GIVD	DV20
5BF5	C-GIVK	C185
5BF6	C-GIVL	WAIX
5BF7	C-GIVM	P32R
5BFF	C-GIVU	P28R
5C00	C-GIVV	B06
5C03	C-GIVY	C82R
5C04	C-GIVZ	PA30
5C06	C-GIWB	B06
5C08	C-GIWD	DHC6
5C0D	C-GIWI	P28A
5C0E	C-GIWJ	B38M
5C11	C-GIWM	C172
5C13	C-GIWO	C208
5C14	C-GIWP	C404
5C1B	C-GIWW	R66
5C1E	C-GIWZ	C750
5C1F	C-GIXA	PA38
5C22	C-GIXD	BE76
5C23	C-GIXE	PA31
5C24	C-GIXF	DH8C
5C26	C-GIXH	C172
5C27	C-GIXI	CL60
5C2A	C-GIXL	DA40
5C2C	C-GIXN	C82R
5C2D	C-GIXO	DV20
5C2E	C-GIXP	T18
5C2F	C-GIXQ	C172
5C30	C-GIXR	CRJ2
5C32	C-GIXT	CRJ2
5C34	C-GIXV	P28U
5C36	C-GIXX	C172
5C37	C-GIXY	CRJ2
5C3D	C-GIYE	P28S
5C3E	C-GIYF	C172
5C3F	C-GIYG	P28A
5C44	C-GIYL	PA18
5C45	C-GIYM	P28A
5C46	C-GIYN	AS50
5C4C	C-GIYT	C172
5C4E	C-GIYV	DHC2
5C57	C-GIZE	B06
5C58	C-GIZF	DHC6
5C59	C-GIZG	B38M
5C5A	C-GIZH	P28A
5C5B	C-GIZI	P28R
5C66	C-GIZT	GLID
5C68	C-GIZV	AC50
5C69	C-GIZW	C180
5C6A	C-GIZX	BE10
5C6C	C-GIZZ	PA46
5C6D	C-GJAA	M20P
5C6E	C-GJAB	AA5
5C70	C-GJAD	C182
5C71	C-GJAE	C680
5C73	C-GJAG	R44
5C75	C-GJAI	RBEL
5C79	C-GJAM	AA5
5C7A	C-GJAN	CRJ9
5C7C	C-GJAP	C150
5C7F	C-GJAS	C208
5C80	C-GJAT	BE35
5C83	C-GJAW	PC12
5C84	C-GJAX	C310
5C86	C-GJAZ	CRJ7
5C88	C-GJBB	PA31
5C8A	C-GJBD	AT5T
5C8C	C-GJBF	C152
5C8D	C-GJBG	PA31
5C8E	C-GJBH	AT5T
5C90	C-GJBJ	PA44
5C91	C-GJBK	A119
5C92	C-GJBL	C82R
5C93	C-GJBM	RV6
5C94	C-GJBN	C185
5C95	C-GJBO	PA22
5C99	C-GJBS	PA32
5C9A	C-GJBT	C210
5C9C	C-GJBV	BE10
5C9E	C-GJBX	BE35
5C9F	C-GJBY	P28A
5CA2	C-GJCB	GL5T
5CA3	C-GJCC	C172
5CA6	C-GJCF	C172
5CA7	C-GJCG	SR22
5CAA	C-GJCJ	CL30
5CAE	C-GJCN	DH8C
5CB0	C-GJCP	C182
5CB6	C-GJCV	C150
5CB9	C-GJCY	B212
5CBA	C-GJCZ	GLID
5CBC	C-GJDB	C172
5CBE	C-GJDD	PA31
5CBF	C-GJDE	DHC6
5CC0	C-GJDF	C337
5CC3	C-GJDI	BE20
5CC6	C-GJDL	P28R
5CC8	C-GJDN	C172
5CCA	C-GJDP	M20P
5CCC	C-GJDR	GLEX
5CCE	C-GJDT	LNCE
5CCF	C-GJDU	CL35
5CD4	C-GJDZ	C177
5CD6	C-GJEB	R44
5CD7	C-GJEC	GLID
5CDB	C-GJEG	P28S
5CDD	C-GJEI	CL35
5CE1	C-GJEM	P32R
5CE2	C-GJEN	DH8D
5CE7	C-GJES	C172
5CE8	C-GJET	C560
5CE9	C-GJEU	R44
5CEA	C-GJEV	C206
5CEE	C-GJEZ	M20P
5CF0	C-GJFB	RBEL
5CF1	C-GJFC	PC12
5CF5	C-GJFG	GALX
5CF6	C-GJFH	RV6
5CFD	C-GJFO	AC90
5D04	C-GJFV	CH20
5D05	C-GJFW	AT5T
5D06	C-GJFX	BE23
5D07	C-GJFY	BE20
5D08	C-GJFZ	CRJ9
5D09	C-GJGA	CH7A
5D0A	C-GJGB	PTS1
5D0C	C-GJGD	RV7
5D0D	C-GJGE	C182
5D13	C-GJGK	AS50
5D18	C-GJGP	C185
5D1B	C-GJGS	AS50
5D1E	C-GJGV	P28B
5D23	C-GJHA	C185
5D29	C-GJHG	SREY
5D2A	C-GJHH	C172
5D2D	C-GJHK	B38M
5D2E	C-GJHL	AS50
5D30	C-GJHN	BE33
5D32	C-GJHP	BE58
5D35	C-GJHS	C150
5D36	C-GJHT	COUR
5D37	C-GJHU	H500
5D3A	C-GJHX	PA31
5D3C	C-GJHZ	CRJ9
5D3E	C-GJIB	SREY
5D44	C-GJIH	C210
5D45	C-GJII	PA32
5D48	C-GJIL	C172
5D49	C-GJIM	C172
5D4B	C-GJIO	M5
5D4C	C-GJIP	RV4
5D4D	C-GJIQ	PA32
5D54	C-GJIX	AS50
5D56	C-GJIZ	CRJ9
5D58	C-GJJB	AT5T
5D59	C-GJJC	RV8
5D5A	C-GJJD	C172
5D5C	C-GJJF	BE10
5D5D	C-GJJG	S22T
5D5E	C-GJJH	P46T
5D61	C-GJJK	AT8T
5D62	C-GJJL	C172
5D63	C-GJJM	C208
5D64	C-GJJN	S22T
5D68	C-GJJR	GLID
5D69	C-GJJS	GLID
5D6C	C-GJJV	C172
5D6F	C-GJJY	C210
5D71	C-GJKA	C25M
5D72	C-GJKB	DC3T
5D73	C-GJKC	BE58
5D74	C-GJKD	GL7T
5D75	C-GJKE	C152
5D79	C-GJKI	F2TH
5D7A	C-GJKJ	GLID
5D7B	C-GJKK	B38M
5D7C	C-GJKL	B350
5D80	C-GJKP	C182
5D81	C-GJKQ	P28R
5D82	C-GJKR	C172
5D88	C-GJKX	C172
5D8A	C-GJKZ	PA11
5D8C	C-GJLB	FA50
5D8D	C-GJLC	H500
5D8E	C-GJLD	C182
5D90	C-GJLF	PA18
5D91	C-GJLG	C172
5D93	C-GJLI	BE20
5D94	C-GJLJ	BE10
5D95	C-GJLK	B350
5D98	C-GJLN	CL60
5D99	C-GJLO	AC50
5D9B	C-GJLQ	A320
5D9C	C-GJLR	GALX
5D9D	C-GJLS	B738
5DA2	C-GJLX	C185
5DA4	C-GJLZ	B738
5DA5	C-GJMA	AC50
5DA7	C-GJMC	RBEL
5DA8	C-GJMD	C172
5DAA	C-GJMF	LA4
5DAB	C-GJMG	PA34
5DAC	C-GJMH	P28A
5DB0	C-GJML	BE23
5DB2	C-GJMN	C172
5DB3	C-GJMO	DH8A
5DB6	C-GJMR	P28B
5DB7	C-GJMS	C177
5DB8	C-GJMT	PA31
5DBE	C-GJMZ	P68
5DC0	C-GJNB	PA18
5DC3	C-GJNE	C550
5DC7	C-GJNI	C182
5DCA	C-GJNL	DH8C
5DCB	C-GJNM	BE33
5DCD	C-GJNO	MM24
5DCE	C-GJNP	C180
5DCF	C-GJNQ	C172
5DD1	C-GJNS	C177
5DD5	C-GJNW	ERCO
5DD8	C-GJNZ	CRJ9
5DD9	C-GJOA	P28A
5DDE	C-GJOF	M20P
5DDF	C-GJOG	M20P
5DE1	C-GJOI	PA32
5DE2	C-GJOJ	DA40
5DE4	C-GJOL	DA62
5DE6	C-GJON	AT5T
5DE8	C-GJOP	DH8A
5DEA	C-GJOR	Z42
5DEC	C-GJOT	DV20
5DF0	C-GJOX	C172
5DF3	C-GJPA	AS50
5DF5	C-GJPC	AS50
5DF6	C-GJPD	PA32
5DF8	C-GJPF	C206
5DF9	C-GJPG	F900
5DFB	C-GJPI	DHC7
5DFC	C-GJPJ	C152
5DFD	C-GJPK	G164
5E00	C-GJPN	AS50
5E04	C-GJPR	C172
5E05	C-GJPS	M5
5E09	C-GJPW	F2TH
5E0A	C-GJPX	C208
5E0B	C-GJPY	AT72
5E0D	C-GJQA	C185
5E0F	C-GJQC	P28A
5E10	C-GJQD	C180
5E13	C-GJQG	S61
5E14	C-GJQH	C172
5E15	C-GJQI	M5
5E16	C-GJQJ	P28A
5E1A	C-GJQN	S61
5E1C	C-GJQP	P28A
5E1E	C-GJQR	BE24
5E21	C-GJQU	C82R
5E27	C-GJRA	R44
5E2B	C-GJRE	R44
5E2C	C-GJRF	DH8D
5E2D	C-GJRG	PC12
5E2E	C-GJRH	PA31
5E2F	C-GJRI	R44
5E31	C-GJRK	M20P
5E34	C-GJRN	DHC2
5E39	C-GJRS	C172
5E3C	C-GJRV	P28A
5E3F	C-GJRY	DHC3
5E40	C-GJRZ	C210
5E41	C-GJSA	C206
5E44	C-GJSD	B06
5E47	C-GJSG	B06
5E49	C-GJSI	S22T
5E4A	C-GJSJ	GLID
5E4B	C-GJSK	C172
5E4C	C-GJSL	B38M
5E4D	C-GJSM	C172
5E4F	C-GJSO	DV20
5E50	C-GJSP	RV14
5E51	C-GJSQ	C172
5E55	C-GJSU	C182
5E56	C-GJSV	DH8A
5E59	C-GJSY	RV10
5E5B	C-GJTA	AJET
5E5E	C-GJTD	C172
5E60	C-GJTF	C182
5E62	C-GJTH	A321
5E65	C-GJTK	AA5
5E66	C-GJTL	PA24
5E68	C-GJTN	C172
5E6A	C-GJTP	HDJT
5E6B	C-GJTQ	C210
5E6D	C-GJTS	FB1A
5E71	C-GJTW	HUSK
5E72	C-GJTX	A321
5E73	C-GJTY	RV6
5E79	C-GJUE	T206
5E7A	C-GJUF	C172
5E80	C-GJUL	AS50
5E89	C-GJUU	C172
5E8E	C-GJUZ	CRJ9
5E8F	C-GJVA	C182
5E91	C-GJVC	SW4
5E92	C-GJVD	C152
5E96	C-GJVH	SW4
5E99	C-GJVK	C500
5E9B	C-GJVM	PC12
5E9D	C-GJVO	SW4
5EA1	C-GJVS	C182
5EA2	C-GJVT	A320
5EA3	C-GJVU	C172
5EA4	C-GJVV	C182
5EA5	C-GJVW	SW4
5EA6	C-GJVX	A321
5EA8	C-GJVZ	B06
5EAC	C-GJWD	A321
5EAD	C-GJWE	DH8D
5EB1	C-GJWI	A321
5EB4	C-GJWL	B06
5EB6	C-GJWN	A321
5EB7	C-GJWO	A321
5EBA	C-GJWR	PA32
5EBB	C-GJWS	B738
5EC1	C-GJWY	P210
5EC2	C-GJWZ	BD4
5EC3	C-GJXA	GLID
5EC4	C-GJXB	B06
5EC7	C-GJXE	BCS3
5EC9	C-GJXG	GLID
5ECC	C-GJXJ	RV8
5ECE	C-GJXL	RBEL
5ECF	C-GJXM	LJ75
5ED0	C-GJXN	BCS3
5ED1	C-GJXO	C170
5ED2	C-GJXP	AT5T
5ED3	C-GJXQ	C180
5ED4	C-GJXR	C177
5ED5	C-GJXS	C182
5ED6	C-GJXT	C172
5ED7	C-GJXU	C172
5ED8	C-GJXV	BCS3
5ED9	C-GJXW	BCS3
5EDA	C-GJXX	P28A
5EDB	C-GJXY	BCS3
5EDD	C-GJYA	BCS3
5EDE	C-GJYB	C172
5EDF	C-GJYC	BCS3
5EE0	C-GJYD	C150
5EE1	C-GJYE	BCS3
5EE5	C-GJYI	BCS3
5EE8	C-GJYL	C560
5EE9	C-GJYM	C182
5EEB	C-GJYO	C172
5EED	C-GJYQ	C152
5EF2	C-GJYV	M20P
5EF3	C-GJYW	B505
5EF5	C-GJYY	C172
5EF6	C-GJYZ	DH8C
5EF7	C-GJZA	DH8D
5EF8	C-GJZB	C172
5EF9	C-GJZC	DH8D
5EFA	C-GJZD	DH8D
5EFB	C-GJZE	DHC2
5EFC	C-GJZF	DH8D
5EFD	C-GJZG	DH8D
5EFE	C-GJZH	DH8D
5EFF	C-GJZI	RV6
5F00	C-GJZJ	CRJ2
5F01	C-GJZK	DH8D
5F02	C-GJZL	T210
5F04	C-GJZN	DH8D
5F05	C-GJZO	T206
5F06	C-GJZP	C182
5F08	C-GJZR	DH8D
5F09	C-GJZS	CRJ9
5F0A	C-GJZT	CRJ9
5F0C	C-GJZV	CRJ9
5F0E	C-GJZX	DH8D
5F0F	C-GJZY	DH8D
5F10	C-GJZZ	CRJ2
5F11	C-GKAA	C172
5F15	C-GKAE	C172
5F16	C-GKAF	SR22
5F17	C-GKAG	C336
5F18	HS-TVC	DA40
5F19	C-GKAI	DV20
5F1A	C-GKAJ	BE10
5F1C	C-GKAL	M20T
5F1F	C-GKAO	PC12
5F23	C-GKAS	C310
5F25	C-GKAU	PC12
5F27	C-GKAW	BN2P
5F28	C-GKAX	BE18
5F29	C-GKAY	PC12
5F2C	C-GKBB	BE9L
5F31	C-GKBG	DHC6
5F32	C-GKBH	DHC6
5F34	C-GKBJ	P28R
5F37	C-GKBM	BE30
5F39	C-GKBO	DHC6
5F3A	C-GKBP	BE20
5F3E	C-GKBT	C172
5F40	C-GKBV	DHC6
5F43	C-GKBY	B505
5F44	C-GKBZ	BE10
5F45	C-GKCA	B06
5F46	C-GKCB	PA34
5F47	C-GKCC	RV6
5F4C	C-GKCH	B212
5F4E	C-GKCJ	DHC6
5F50	C-GKCL	C185
5F51	C-GKCM	PA30
5F52	C-GKCN	PA31
5F53	C-GKCO	C182
5F54	C-GKCP	CL60
5F57	C-GKCS	DHC6
5F5A	C-GKCV	C185
5F5C	C-GKCX	CL60
5F5D	C-GKCY	SF34
5F5F	C-GKDA	DIMO
5F60	C-GKDB	NAVI
5F61	C-GKDC	LA60
5F65	C-GKDG	K100
5F68	C-GKDJ	C150
5F69	C-GKDK	P32T
5F6B	C-GKDM	PA46
5F72	C-GKDT	R44
5F74	C-GKDV	R44
5F76	C-GKDX	GLID
5F77	C-GKDY	CH7B
5F78	C-GKDZ	AC90
5F79	C-GKEA	AA5
5F7A	C-GKEB	AC11
5F7C	C-GKED	GLID
5F7D	C-GKEE	AC50
5F7E	C-GKEF	C172
5F83	C-GKEK	CRJ2
5F84	C-GKEL	RV9
5F88	C-GKEP	CRJ2
5F8B	C-GKES	C182
5F8E	C-GKEV	PA30
5F8F	C-GKEW	C560
5F93	C-GKFA	A321
5F94	C-GKFB	A321
5F95	C-GKFC	B412
5F96	C-GKFD	DC10
5F97	C-GKFE	C337
5F98	C-GKFF	CVLT
5F99	C-GKFG	CVLT
5F9A	C-GKFH	DV20
5F9C	C-GKFJ	CL60
5F9F	C-GKFM	C310
5FA2	C-GKFP	CL60
5FA3	C-GKFQ	CL35
5FA5	C-GKFS	CVLT
5FA9	C-GKFW	S76
5FAA	C-GKFX	BE60
5FB2	C-GKGF	AS50
5FB3	C-GKGG	C170
5FB4	C-GKGH	PA32
5FB5	C-GKGI	B06
5FB7	C-GKGK	AS50
5FBA	C-GKGN	CL60
5FBC	C-GKGP	CHR1
5FBF	C-GKGS	PAY3
5FCA	C-GKHD	B350
5FCE	C-GKHH	HUSK
5FCF	C-GKHI	BE20
5FD0	C-GKHJ	C182
5FD2	C-GKHL	KA27
5FD3	C-GKHM	H500
5FDB	C-GKHU	GLID
5FDE	C-GKHX	B06
5FE1	C-GKIA	EVOT
5FE3	C-GKIC	P28B
5FE8	C-GKIH	B06
5FEC	C-GKIL	DHC3
5FEE	C-GKIN	B407
5FF0	C-GKIP	K100
5FF1	C-GKIQ	GLID
5FF2	C-GKIR	B06
5FF4	C-GKIT	C337
5FF6	C-GKIV	C560
5FF8	C-GKIX	PC12
5FFC	C-GKJB	C185
6000	C-GKJF	C172
6001	C-GKJG	C82R
6003	C-GKJI	C172
6004	C-GKJJ	C172
6007	C-GKJM	C82R
600A	C-GKJP	C82R
600D	C-GKJS	BE55
600E	C-GKJT	C172
6011	C-GKJW	C208
6012	C-GKJX	C206
6014	C-GKJZ	B407
6016	C-GKKB	DC3
6017	C-GKKC	SW4
601B	C-GKKG	LEG2
601D	C-GKKI	C172
601E	C-GKKJ	GLID
6021	C-GKKM	M20P
6022	C-GKKN	B789
6023	C-GKKO	RV10
6024	C-GKKP	C172
6025	C-GKKQ	R66
6026	C-GKKR	AT43
6028	C-GKKT	SR22
602A	C-GKKV	DV20
602D	C-GKKY	LNC2
602E	C-GKKZ	DV20
602F	C-GKLA	C172
6030	C-GKLB	AT43
6031	C-GKLC	CRJ2
6032	C-GKLD	R44
6034	C-GKLF	GL7T
6035	C-GKLG	P28A
6037	C-GKLI	GLID
6039	C-GKLK	SW4
603B	C-GKLM	AS50
603C	C-GKLN	GL7T
603F	C-GKLQ	B06
6043	C-GKLU	C172
6044	C-GKLV	PEGZ
6047	C-GKLY	EC45
6049	C-GKMA	DA40
604A	C-GKMB	C185
604B	C-GKMC	C172
604C	C-GKMD	C182
6050	C-GKMH	C172
6051	C-GKMI	C182
6052	C-GKMJ	B06
6054	C-GKML	P28A
6057	C-GKMO	AS50
6059	C-GKMQ	C182
605B	C-GKMS	B06
605C	C-GKMT	C425
605E	C-GKMV	GLST
6061	C-GKMY	C172
6067	C-GKNE	C172
606A	C-GKNH	C172
606D	C-GKNK	O1
6072	C-GKNP	R44
6074	C-GKNR	S92
6076	C-GKNT	M20P
6078	C-GKNV	BE20
6079	C-GKNW	PC12
607B	C-GKNY	C77R
607D	C-GKOA	SC7
607F	C-GKOC	RV9
6080	C-GKOD	A320
6081	C-GKOE	A320
6082	C-GKOF	C180
6087	C-GKOK	P28B
6088	C-GKOL	T28
6089	C-GKOM	C208
608A	C-GKON	DH8A
608C	C-GKOP	R44
608E	C-GKOR	B407
6099	C-GKPC	C206
609B	C-GKPE	GLEX
609E	C-GKPH	AS50
609F	C-GKPI	C82R
60A1	C-GKPK	C340
60A2	C-GKPL	T210
60A3	C-GKPM	B407
60A4	C-GKPN	WAIX
60A6	C-GKPP	C182
60A7	C-GKPQ	C10T
60A9	C-GKPS	PTS2
60AC	C-GKPV	PA34
60AE	C-GKPX	SW4
60AF	C-GKPY	PA44
60B0	C-GKPZ	C170
60B1	C-GKQA	DH8D
60B2	C-GKQB	DH8D
60B3	C-GKQC	DH8D
60B4	C-GKQD	DH8D
60B5	C-GKQE	DH8D
60B6	C-GKQF	DH8D
60B7	C-GKQG	DH8D
60B8	C-GKQH	DH8D
60B9	C-GKQI	DH8D
60BA	C-GKQJ	E295
60BB	C-GKQK	E295
60BC	C-GKQL	E295
60BD	C-GKQM	E295
60BE	C-GKQN	E295
60BF	C-GKQO	E295
60C0	C-GKQP	E295
60C1	C-GKQQ	E295
60C2	C-GKQR	E295
60C3	C-GKQS	E295
60C4	C-GKQT	E295
60C5	C-GKQU	E295
60C6	C-GKQV	E295
60C7	C-GKQW	E295
60C8	C-GKQX	E295
60C9	C-GKQY	E295
60CA	C-GKQZ	E295
60CB	C-GKRA	AT76
60CC	C-GKRB	CP30
60CF	C-GKRE	AS50
60D0	C-GKRF	C172
60D2	C-GKRH	B06
60D4	C-GKRJ	C185
60D5	C-GKRK	C172
60DA	C-GKRP	M20T
60E1	C-GKRW	B06
60E5	C-GKSA	C150
60E7	C-GKSC	BE9T
60E8	C-GKSD	C182
60EA	C-GKSF	C180
60EC	C-GKSH	AS50
60ED	C-GKSI	PA31
60EF	C-GKSK	C172
60F4	C-GKSP	PA31
60F5	C-GKSQ	DH8C
60F8	C-GKST	GLID
60FA	C-GKSV	PA31
60FC	C-GKSX	PA31
60FD	C-GKSY	PA31
60FE	C-GKSZ	RV8
60FF	C-GKTA	DH8C
6102	C-GKTD	M5
6104	C-GKTF	C172
6107	C-GKTI	C206
6108	C-GKTJ	C152
6109	C-GKTK	AA5
610A	C-GKTL	B212
610C	C-GKTN	B407
610D	C-GKTO	FA7X
6110	C-GKTR	C172
6111	C-GKTS	A333
6112	C-GKTT	P32R
6114	C-GKTV	B06
6115	C-GKTW	PA18
6116	C-GKTX	K100
6118	C-GKTZ	PA31
6119	C-GKUA	AS50
611B	C-GKUC	PC12
611F	C-GKUG	A333
6120	C-GKUH	A333
6123	C-GKUK	DH8D
6124	C-GKUL	B407
6125	C-GKUM	R44
6126	C-GKUN	R44
6127	C-GKUO	WAIX
612B	C-GKUS	AA5
6135	C-GKVC	S22T
6137	C-GKVE	GLAS
6139	C-GKVG	C172
613B	C-GKVI	UH1
613C	C-GKVJ	C185
613D	C-GKVK	P32T
613E	C-GKVL	B738
613F	C-GKVM	RV7
6142	C-GKVP	B738
6145	C-GKVS	EC30
6148	C-GKVV	B738
6149	C-GKVW	DA40
614A	C-GKVX	B06
614D	C-GKWA	B738
614F	C-GKWC	C310
6150	C-GKWD	GLEX
6151	C-GKWE	DH8D
6153	C-GKWG	C172
6156	C-GKWJ	B738
6158	C-GKWL	C172
6159	C-GKWM	C172
615A	C-GKWN	EC20
6161	C-GKWU	AT5T
6163	C-GKWW	B105
6166	C-GKWZ	DH8D
6167	C-GKXA	E295
616B	C-GKXE	R44
616C	C-GKXF	E295
616E	C-GKXH	DH8D
6170	C-GKXJ	CH7B
6171	C-GKXK	E295
6173	C-GKXM	DH8D
6174	C-GKXN	E295
6175	C-GKXO	E295
6177	C-GKXQ	E295
6178	C-GKXR	E295
6179	C-GKXS	C56X
617A	C-GKXT	E295
617B	C-GKXU	C150
617C	C-GKXV	E295
617D	C-GKXW	E295
6181	C-GKYA	C172
6182	C-GKYB	PIVI
6183	C-GKYC	DH8D
6184	C-GKYD	C182
6186	C-GKYF	C182
618A	C-GKYJ	SR22
618B	C-GKYK	SR22
618C	C-GKYL	E295
618E	C-GKYN	E295
618F	C-GKYO	CL60
6193	C-GKYS	E295
6194	C-GKYT	C185
6196	C-GKYV	E295
6197	C-GKYW	E295
6198	C-GKYX	AS50
619A	C-GKYZ	P28A
619B	C-GKZA	E295
619C	C-GKZB	C560
619D	C-GKZC	E295
619F	C-GKZE	B738
61A2	C-GKZH	E295
61A9	C-GKZO	C560
61B0	C-GKZV	R44
61B2	C-GKZX	PA46
61B3	C-GKZY	C170
61B5	C-GLAA	AS50
61B9	C-GLAE	EC30
61BB	C-GLAG	CL35
61BC	C-GLAH	AS50
61BD	C-GLAI	DHC6
61BE	C-GLAJ	C208
61BF	C-GLAK	LA4
61C9	C-GLAU	SR22
61CA	C-GLAV	B06
61CC	C-GLAX	PA32
61CE	C-GLAZ	PA31
61D0	C-GLBB	DA40
61D1	C-GLBC	C182
61D3	C-GLBE	AA1
61D4	C-GLBF	RV7
61D5	C-GLBG	GL7T
61D7	C-GLBI	R44
61DC	C-GLBN	C172
61DD	C-GLBO	GL7T
61DE	C-GLBP	LA25
61E0	C-GLBR	GL7T
61E1	C-GLBS	P32R
61E2	C-GLBT	C525
61E4	C-GLBV	RV8
61E5	C-GLBW	C180
61E6	C-GLBX	GL7T
61E7	C-GLBY	EC30
61E9	C-GLCA	B763
61F4	C-GLCL	DV20
61F6	C-GLCN	EC20
61F7	C-GLCO	DHC3
61F8	C-GLCP	DHC3
61FC	C-GLCT	C182
61FD	C-GLCU	C25C
61FE	C-GLCV	BE36
6200	C-GLCX	P28A
6202	C-GLCZ	PA22
6205	C-GLDC	C182
6206	C-GLDD	C172
6207	C-GLDE	AT43
6209	C-GLDG	C172
620A	C-GLDH	C172
620B	C-GLDI	BT36
620C	C-GLDJ	TAYA
620D	C-GLDK	M20P
6210	C-GLDN	C150
6211	C-GLDO	C172
6212	C-GLDP	C172
6213	C-GLDQ	C177
6218	C-GLDV	C172
6219	C-GLDW	PA22
621C	C-GLDZ	PAY2
621D	C-GLEA	M20T
6221	C-GLEE	M20T
6225	C-GLEI	AT3T
6226	C-GLEJ	HDJT
6227	C-GLEK	GLID
6228	C-GLEL	EC45
6229	C-GLEM	P180
622A	C-GLEN	C172
622B	C-GLEO	RV7
622C	C-GLEP	RV14
622D	C-GLEQ	DA40
622E	C-GLER	P46T
622F	C-GLES	B36T
6230	C-GLET	GLID
6231	C-GLEU	G150
6237	C-GLFA	C188
6238	C-GLFB	EN28
6239	C-GLFC	DV20
623A	C-GLFD	DH8C
6240	C-GLFJ	C150
6247	C-GLFQ	C172
624A	C-GLFT	B212
624C	C-GLFV	GLF5
624D	C-GLFW	C180
624E	C-GLFX	P46T
6251	C-GLGA	C208
6253	C-GLGC	GLID
6254	C-GLGD	C206
625F	EC-MVQ	B412
6261	C-GLGQ	C82R
6262	C-GLGR	C185
6265	C-GLGU	EC30
626C	C-GLHB	P28A
626D	C-GLHC	C182
626F	C-GLHE	UH1
6271	C-GLHG	GLID
6272	C-GLHH	UH1
6273	C-GLHI	H500
6276	C-GLHL	B06
6277	C-GLHM	P32R
6278	C-GLHN	AA5
6279	C-GLHO	B190
627B	C-GLHQ	H500
627D	C-GLHS	H500
6281	C-GLHW	H500
6282	C-GLHX	AS50
6283	C-GLHY	AS50
6284	C-GLHZ	AS50
6286	C-GLIB	C210
628D	C-GLII	E300
628E	C-GLIJ	AVID
628F	C-GLIK	PA46
6292	C-GLIN	C172
6293	C-GLIO	R44
6294	C-GLIP	PA16
6295	C-GLIQ	GLID
6297	C-GLIS	EXEC
629A	C-GLIV	AT8T
629C	C-GLIX	RBEL
629F	C-GLJA	M20P
62A2	C-GLJD	C177
62A5	C-GLJG	AVID
62AA	C-GLJL	C172
62AB	C-GLJM	PA44
62AF	C-GLJQ	M20P
62B0	C-GLJR	C172
62B2	C-GLJT	GLF5
62B4	C-GLJV	BE20
62B7	C-GLJY	C177
62B8	C-GLJZ	CRJ7
62B9	C-GLKA	C180
62BB	C-GLKC	GLST
62BC	C-GLKD	P28A
62BD	C-GLKE	LA25
62C3	C-GLKK	C185
62C7	C-GLKO	B06
62C8	C-GLKP	GLID
62CC	C-GLKT	PA44
62CD	C-GLKU	Z42
62D1	C-GLKY	DH8C
62D2	C-GLKZ	TBM9
62DA	C-GLLH	RV6
62DF	C-GLLM	C150
62E1	C-GLLO	TBM9
62E4	C-GLLR	PA46
62E5	C-GLLS	EC45
62E6	C-GLLT	RV7
62E8	C-GLLV	C172
62EA	C-GLLX	SR22
62EB	C-GLLY	RV7
62EC	C-GLLZ	CH60
62EE	C-GLMB	M20P
62F3	C-GLMG	PA18
62F5	C-GLMI	C680
62F7	C-GLMK	C550
62F9	C-GLMM	CL35
62FA	C-GLMN	AA1
62FB	C-GLMO	PA46
62FD	C-GLMQ	AS50
62FF	C-GLMS	P28A
6302	C-GLMV	B06
6303	C-GLMW	AS50
6304	C-GLMX	B06
6307	C-GLNA	LNC2
630E	C-GLNH	M20P
630F	C-GLNI	M20P
6311	C-GLNK	AS50
6312	C-GLNL	LJ35
6313	C-GLNM	AS50
6314	C-GLNN	C170
6315	C-GLNO	AS50
6316	C-GLNP	M20P
631F	C-GLNY	C172
6323	C-GLOC	ACR2
6327	C-GLOG	B06
6328	C-GLOH	C180
632B	C-GLOK	HROC
632C	C-GLOL	GALX
632F	C-GLOO	C170
6332	C-GLOR	PELI
6334	C-GLOT	M20T
6336	C-GLOV	RV8
6338	C-GLOX	B350
6339	C-GLOY	GLEX
633C	C-GLPB	RV9
6342	C-GLPH	BE35
6344	C-GLPJ	B190
6349	C-GLPO	PA44
634A	C-GLPP	CL60
634B	C-GLPQ	R66
6350	C-GLPV	LNC2
6352	C-GLPX	CH80
6356	C-GLQB	DH8D
6357	C-GLQC	DH8D
6358	C-GLQD	DH8D
6359	C-GLQE	DH8D
635A	C-GLQF	DH8D
635B	C-GLQG	DH8D
635C	C-GLQH	DH8D
635E	C-GLQJ	DH8D
635F	C-GLQK	DH8D
6360	C-GLQL	DH8D
6361	C-GLQM	DH8D
6362	C-GLQN	DH8D
6363	C-GLQO	DH8D
6364	C-GLQP	DH8D
6365	C-GLQQ	DH8D
6366	C-GLQR	DH8D
636A	C-GLQV	DH8D
636C	C-GLQX	DH8D
636D	C-GLQY	B06
636E	C-GLQZ	DH8D
636F	C-GLRA	HUSK
6373	C-GLRE	PAY1
6374	C-GLRF	AA5
6375	C-GLRG	C172
6377	C-GLRI	C177
6379	C-GLRK	C172
637A	C-GLRL	C680
637B	C-GLRM	C152
637C	C-GLRN	B738
637D	C-GLRO	RV6
637E	C-GLRP	LJ40
6380	C-GLRR	PA31
6381	C-GLRS	PA44
6382	C-GLRT	C208
6383	C-GLRU	C172
6384	C-GLRV	RV6
6385	C-GLRW	C172
6386	C-GLRX	C152
6387	C-GLRY	AC11
638A	C-GLSB	HDJT
638C	C-GLSD	P28R
638F	C-GLSG	P28A
6390	C-GLSH	B06
6391	C-GLSI	P68
6393	C-GLSK	EC20
6394	C-GLSL	PA30
6395	C-GLSM	PA18
6399	C-GLSQ	P28A
639A	C-GLSR	C206
639B	C-GLSS	DA42
639C	C-GLST	GLEX
63A0	C-GLSX	WAIX
63A1	C-GLSY	M20P
63A3	C-GLTA	DH8C
63A8	C-GLTF	C185
63A9	C-GLTG	TBM9
63AB	C-GLTI	C421
63AC	C-GLTJ	PA27
63AE	C-GLTL	C172
63AF	C-GLTM	P28A
63B0	C-GLTN	C185
63B1	C-GLTO	AJET
63B2	C-GLTP	COL3
63B5	C-GLTS	C172
63B7	C-GLTU	GLID
63BB	C-GLTY	AS50
63BD	C-GLUA	C172
63BF	C-GLUC	C172
63C0	C-GLUD	B350
63C2	C-GLUF	BE20
63C3	C-GLUG	RV10
63C4	C-GLUH	BE20
63C5	C-GLUI	LA4
63C6	C-GLUJ	C172
63C7	C-GLUK	BE23
63C8	C-GLUL	BE20
63C9	C-GLUM	MM24
63CA	C-GLUN	BE20
63CC	C-GLUP	BE20
63CD	C-GLUQ	BE20
63CE	C-GLUR	BE20
63D0	C-GLUT	BE20
63D2	C-GLUV	F900
63D7	C-GLVA	DHC6
63D8	C-GLVB	C182
63DD	C-GLVG	AEST
63DE	C-GLVH	C182
63E1	C-GLVK	CL60
63E3	C-GLVM	PA46
63E4	C-GLVN	C172
63E5	C-GLVO	C172
63E8	C-GLVR	P28A
63EA	C-GLVT	EC30
63EB	C-GLVU	B38M
63EC	C-GLVV	C150
63ED	C-GLVW	RV6
63F5	C-GLWE	C172
63F8	C-GLWH	EC20
63FA	C-GLWJ	DH8D
63FC	C-GLWL	PA31
63FD	C-GLWM	RV10
63FE	C-GLWN	DH8C
63FF	C-GLWO	P180
6400	C-GLWP	R44
6401	C-GLWQ	P180
6402	C-GLWR	CH7B
6403	C-GLWS	B38M
6405	C-GLWU	C310
6407	C-GLWW	M5
6409	C-GLWY	R44
640B	C-GLXA	BOLT
6411	C-GLXG	B38M
6412	C-GLXH	C182
6415	C-GLXK	RV7
6416	C-GLXL	DA40
6417	C-GLXM	GLEX
6418	C-GLXN	S108
641A	C-GLXP	C172
641B	C-GLXQ	RV4
6420	C-GLXV	B190
6421	C-GLXW	AA5
6423	C-GLXY	SONX
6426	C-GLYB	R44
6427	C-GLYC	BE23
642A	C-GLYF	B407
6432	C-GLYN	GC1
6433	C-GLYO	B212
6436	C-GLYR	R44
6438	C-GLYT	RV6
643A	C-GLYV	AS50
643C	C-GLYX	B38M
643E	C-GLYZ	C150
643F	C-GLZA	B407
6440	C-GLZB	M20P
6442	C-GLZD	TBM7
6443	C-GLZE	B407
6446	C-GLZH	B407
6447	C-GLZI	PA34
6449	C-GLZK	B407
644A	C-GLZL	C185
644E	C-GLZP	C150
6450	C-GLZR	PA27
645A	C-GMAB	C172
645B	C-GMAC	C185
6460	C-GMAH	C182
6461	C-GMAI	B732
6462	C-GMAJ	C172
6466	C-GMAN	AC90
6468	C-GMAP	C152
646B	C-GMAS	DHC6
646C	C-GMAT	C172
646F	C-GMAW	C172
6470	C-GMAX	C152
6472	C-GMAZ	C172
6473	C-GMBA	AT5T
6474	C-GMBB	AT6T
6475	C-GMBC	B407
6477	C-GMBE	AT5T
647D	C-GMBK	QIC2
647E	C-GMBL	BE58
647F	C-GMBM	PA31
6482	C-GMBP	EAGL
6485	C-GMBS	AT5T
6486	C-GMBT	AT3P
6488	C-GMBV	AT6T
6489	C-GMBW	BE23
648A	C-GMBX	PA44
648B	C-GMBY	CL60
648C	C-GMBZ	AT5T
648D	C-GMCA	BE33
6490	C-GMCD	BE35
6491	C-GMCE	RV10
6494	C-GMCH	S92
6496	C-GMCJ	C152
6497	C-GMCK	AT5T
6499	C-GMCM	M20P
649A	C-GMCN	RV7
649B	C-GMCO	C172
649C	C-GMCP	LJ45
649D	C-GMCQ	P28B
64A1	C-GMCU	C182
64A2	C-GMCV	C152
64A4	C-GMCX	C152
64A5	C-GMCY	M7
64A9	C-GMDC	DHC6
64AB	C-GMDE	PA24
64AC	C-GMDF	PAY1
64AE	C-GMDH	T206
64AF	C-GMDI	C172
64B1	C-GMDK	PA46
64B2	C-GMDL	PA31
64B3	C-GMDM	C340
64B4	C-GMDN	C185
64B8	C-GMDR	RV7
64B9	C-GMDS	C172
64BA	C-GMDT	C172
64BC	C-GMDV	RV10
64BE	C-GMDX	B06
64BF	C-GMDY	C182
64C0	C-GMDZ	C172
64C1	C-GMEA	PA44
64C3	C-GMEC	PA31
64C4	C-GMED	BD4
64C5	C-GMEE	PTS1
64C7	C-GMEG	C185
64C9	C-GMEI	C185
64CB	C-GMEK	EC20
64CD	C-GMEM	SR22
64CE	C-GMEN	C172
64D2	C-GMER	SR22
64D3	C-GMES	C172
64D7	C-GMEW	SW4
64D8	C-GMEX	B38M
64D9	C-GMEY	AS50
64DC	C-GMFB	H25B
64DD	C-GMFC	PA44
64DF	C-GMFE	DV20
64E0	C-GMFF	DV20
64E1	C-GMFG	C185
64E3	C-GMFI	DV20
64E5	C-GMFK	DV20
64E7	C-GMFM	C172
64E8	C-GMFN	M20P
64EC	C-GMFR	C172
64EF	C-GMFU	B190
64F0	C-GMFV	C206
64F1	C-GMFW	CL2T
64F3	C-GMFY	CL2T
64F4	C-GMFZ	CL2T
64F5	C-GMGA	B190
64F6	C-GMGB	C337
64F7	C-GMGC	B407
64F8	C-GMGD	DHC2
64FA	C-GMGF	C152
64FB	C-GMGG	R44
64FD	C-GMGI	C152
6500	C-GMGL	M20P
6501	C-GMGM	C172
6502	C-GMGN	AS50
6503	C-GMGO	AS50
6504	C-GMGP	C185
6506	C-GMGR	M20P
6507	C-GMGS	C177
650B	C-GMGW	C182
650C	C-GMGX	FA7X
650E	C-GMGZ	C208
6510	C-GMHB	R44
6511	C-GMHC	AS50
6513	C-GMHE	UH1
6515	C-GMHG	LJ75
6518	C-GMHJ	C182
651A	C-GMHL	R66
651B	C-GMHM	EC20
651D	C-GMHO	AS55
651F	C-GMHQ	P28A
6520	C-GMHR	L8
6521	C-GMHS	B06
6522	C-GMHT	B06
6524	C-GMHV	RV14
6525	C-GMHW	SA30
6527	C-GMHY	B06
652B	C-GMIC	R44
652C	C-GMID	C82R
652D	C-GMIE	B06
6533	C-GMIK	C185
6535	C-GMIM	AS50
6537	C-GMIO	M20P
6539	C-GMIQ	B738
653A	C-GMIR	C185
653D	C-GMIU	B38M
653F	C-GMIW	B38M
6541	C-GMIY	B38M
6542	C-GMIZ	AS50
6543	C-GMJA	CRJ2
6544	C-GMJB	RV4
6547	C-GMJE	P32R
654A	C-GMJH	LGEZ
654B	C-GMJI	B38M
654C	C-GMJJ	PRM1
6550	C-GMJN	C550
6555	C-GMJS	B06
6556	C-GMJT	C182
6557	C-GMJU	AA5
6558	C-GMJV	B38M
655C	C-GMJZ	HUSK
6560	C-GMKD	T206
6563	C-GMKG	C172
6564	C-GMKH	C172
6565	C-GMKI	C172
6567	C-GMKK	BE35
6568	C-GMKL	P28R
6569	C-GMKM	C185
656D	C-GMKQ	P28A
656F	C-GMKS	B789
6570	C-GMKT	HDJT
6572	C-GMKV	M7
6573	C-GMKW	C208
6574	C-GMKX	C182
6575	C-GMKY	BE23
6576	C-GMKZ	M20T
6579	C-GMLC	SR22
657A	C-GMLD	PA34
657C	C-GMLF	PC12
6580	C-GMLJ	RV8
6581	C-GMLK	B06
6583	C-GMLM	M20P
6584	C-GMLN	C310
6585	C-GMLO	SS2T
6586	C-GMLP	R44
6587	C-GMLQ	TRF1
6589	C-GMLS	B38M
658A	C-GMLT	HUSK
658F	C-GMLY	C172
6590	C-GMLZ	B38M
6591	C-GMMA	C10T
6592	C-GMMB	M20P
6593	C-GMMC	CH75
6594	C-GMMD	PA32
6595	C-GMME	C172
6596	C-GMMF	M600
6597	C-GMMG	PTS1
6599	C-GMMI	C182
659A	C-GMMJ	RV7
659D	C-GMMM	M20P
659E	C-GMMN	C182
65A0	C-GMMP	C182
65A2	C-GMMR	RV6
65A3	C-GMMS	E300
65A4	C-GMMT	C550
65A5	C-GMMU	C25M
65A9	C-GMMY	C182
65AB	C-GMNA	RV6
65AD	C-GMNC	B190
65AE	C-GMND	RV9
65AF	C-GMNE	C206
65B0	C-GMNF	C172
65B2	C-GMNH	C182
65B4	C-GMNJ	SR22
65B6	C-GMNL	BE10
65B7	C-GMNM	BE20
65BB	C-GMNQ	PA31
65BC	C-GMNR	B06
65BD	C-GMNS	AT5T
65BE	C-GMNT	DH2T
65BF	C-GMNU	H500
65C0	C-GMNV	C172
65C6	C-GMOB	PA31
65C7	C-GMOC	BE20
65C8	C-GMOD	M20P
65C9	C-GMOE	PA23
65CE	C-GMOJ	PA31
65CF	C-GMOK	C207
65D0	C-GMOL	SR20
65D2	C-GMON	DH8C
65D4	C-GMOP	RV4
65D6	C-GMOR	UH1
65D8	C-GMOT	C172
65DB	C-GMOW	C208
65DF	C-GMPA	PC12
65E0	C-GMPB	PC12
65E2	C-GMPD	C82R
65E3	C-GMPE	PC12
65E6	C-GMPH	PA24
65E8	C-GMPJ	DHC6
65EA	C-GMPL	M20T
65EB	C-GMPM	PC12
65ED	C-GMPO	PC12
65EE	C-GMPP	PC12
65EF	C-GMPQ	PC12
65F0	C-GMPR	C208
65F1	C-GMPS	B06
65F2	C-GMPT	EC20
65F4	C-GMPV	PC12
65F5	C-GMPW	PC12
65F6	C-GMPX	PC12
65F7	C-GMPY	PC12
65F9	C-GMQA	SS2T
65FA	C-GMQB	SS2T
65FB	C-GMQC	SS2T
65FC	C-GMQD	SS2T
6603	C-GMQK	M18
6605	C-GMQM	AS50
6609	C-GMQQ	AC11
660F	C-GMQW	AT5T
6612	C-GMQZ	PC12
6614	C-GMRB	C172
6615	C-GMRC	PA24
6617	C-GMRE	C180
6619	C-GMRG	C150
661C	C-GMRJ	M20P
661D	C-GMRK	M20T
6620	C-GMRN	M20P
6623	C-GMRQ	C177
6624	C-GMRR	C172
6627	C-GMRU	C172
6628	C-GMRV	P28R
6629	C-GMRW	C310
662A	C-GMRX	GLF4
662B	C-GMRY	C182
662C	C-GMRZ	BE33
662F	C-GMSC	C170
6630	C-GMSD	C152
6631	C-GMSE	M20P
6634	C-GMSH	C182
6635	C-GMSI	T206
6636	C-GMSJ	RV10
6637	C-GMSK	AS50
6638	C-GMSL	R44
6639	C-GMSM	PA24
663E	C-GMSR	MR35
663F	C-GMSS	BE35
6640	C-GMST	C182
6642	C-GMSV	P28A
6644	C-GMSX	PC12
6645	C-GMSY	LJ45
6647	C-GMTA	BT36
6649	C-GMTC	B36T
664B	C-GMTE	C172
664C	C-GMTF	PELI
664D	C-GMTG	C82T
664F	C-GMTI	C25A
6650	C-GMTJ	R44
6652	C-GMTL	PA34
6653	C-GMTM	C185
6657	C-GMTQ	SR20
6658	C-GMTR	M7
665A	C-GMTT	BE23
665C	C-GMTV	M7
665D	C-GMTW	PA30
6660	C-GMTZ	R66
6663	C-GMUC	C185
6664	C-GMUD	M7
6666	C-GMUF	C172
6668	C-GMUH	TL20
6669	C-GMUI	CDUS
666B	C-GMUK	AS50
6670	C-GMUP	C172
6671	C-GMUQ	C172
6673	C-GMUS	M600
6674	C-GMUT	C182
6675	C-GMUU	MU2
6679	C-GMUY	M20T
667C	C-GMVB	C208
667E	C-GMVD	LNC4
6680	C-GMVF	AS50
6687	C-GMVM	LNC2
6688	C-GMVN	GLEX
6689	C-GMVO	R44
668A	C-GMVP	BE9L
668B	C-GMVQ	R44
668E	C-GMVT	P28A
668F	C-GMVU	C185
6690	C-GMVV	PA44
6694	C-GMVZ	RV4
669A	C-GMWF	C172
669B	C-GMWG	M20P
669C	C-GMWH	C172
669D	C-GMWI	C172
669E	C-GMWJ	B737
66A1	C-GMWM	M20P
66A3	C-GMWO	PA31
66A5	C-GMWQ	B06
66A6	C-GMWR	GLEX
66A7	C-GMWS	P28R
66A8	C-GMWT	DH8C
66A9	C-GMWU	G115
66AB	C-GMWW	B350
66AC	C-GMWX	M20T
66B0	C-GMXB	B38M
66B2	C-GMXD	PC12
66B6	C-GMXH	B38M
66B7	C-GMXI	C182
66BA	C-GMXL	DA40
66BE	C-GMXP	AT5T
66C0	C-GMXR	PTS2
66C2	C-GMXT	C182
66C4	C-GMXV	C172
66C5	C-GMXW	C152
66C8	C-GMXZ	GLEX
66C9	C-GMYA	C172
66CD	C-GMYE	GLEX
66CE	C-GMYF	C172
66CF	C-GMYG	AS50
66D2	C-GMYJ	M20P
66D3	C-GMYK	RV4
66D4	C-GMYL	RV7
66D5	C-GMYM	SR22
66D9	C-GMYQ	B06
66DB	C-GMYS	C182
66DD	C-GMYU	BCS3
66DE	C-GMYV	PA34
66DF	C-GMYW	B407
66E1	C-GMYY	B190
66E2	C-GMYZ	J3
66E3	C-GMZA	C152
66E5	C-GMZC	C152
66E6	C-GMZD	BE23
66E8	C-GMZF	C172
66EA	C-GMZH	B06
66ED	C-GMZK	C182
66EF	C-GMZM	C182
66F0	C-GMZN	BCS3
66F2	C-GMZP	C152
66F4	C-GMZR	BCS3
66F8	C-GMZV	LJ35
66F9	C-GMZW	C152
66FB	C-GMZY	BCS3
66FC	C-GMZZ	GLIM
6701	C-GNAE	PA31
6703	C-GNAG	BE20
6706	C-GNAJ	B190
6709	C-GNAM	BCS3
670C	C-GNAP	PA27
670F	C-GNAS	C25B
6710	C-GNAT	PA18
6717	C-GNBA	S22T
6718	C-GNBB	BE20
6719	C-GNBC	C182
671B	C-GNBE	BCS3
671E	C-GNBH	C172
671F	C-GNBI	C150
6720	C-GNBJ	C172
6721	C-GNBK	BK17
6722	C-GNBL	C150
6723	C-GNBM	C150
6724	C-GNBN	BCS3
6725	C-GNBO	P28A
6726	C-GNBP	P28A
6727	C-GNBQ	P28A
6728	C-GNBR	P28A
672E	C-GNBX	MM16
672F	C-GNBY	P28A
6730	C-GNBZ	C172
6732	C-GNCB	GLEX
6734	C-GNCD	BE20
6735	C-GNCE	B190
6736	C-GNCF	DH8C
6738	C-GNCH	B738
6739	C-GNCI	SR22
673A	C-GNCJ	C140
673D	C-GNCM	TB20
673E	C-GNCN	CL60
6743	C-GNCS	CL2P
6744	C-GNCT	C182
6745	C-GNCU	BE20
6746	C-GNCV	BE10
6747	C-GNCW	DA40
6748	C-GNCX	RV10
6749	C-GNCY	C172
674A	C-GNCZ	C172
674C	C-GNDB	B36T
674D	C-GNDC	R44
6750	C-GNDF	B06
6751	C-GNDG	B738
6752	C-GNDH	C25B
6756	C-GNDL	PA30
6757	C-GNDM	COL4
6758	C-GNDN	GLF6
6759	C-GNDO	DHC6
675A	C-GNDP	C172
675B	C-GNDQ	C205
675C	C-GNDR	TBM9
675D	C-GNDS	M20P
6760	C-GNDV	B505
6761	C-GNDW	P210
6765	C-GNEA	C172
6767	C-GNEC	R44
6768	C-GNED	C172
676B	C-GNEG	P28A
676C	C-GNEH	GLID
6770	C-GNEL	C510
6774	C-GNEP	B350
677B	C-GNEW	PA46
677C	C-GNEX	BE10
677E	C-GNEZ	LGEZ
677F	C-GNFA	C182
6781	C-GNFC	PA30
6785	C-GNFG	PA34
6786	C-GNFH	P28A
6787	C-GNFI	P28A
6788	C-GNFJ	C172
678C	C-GNFN	C208
678D	C-GNFO	C172
6790	C-GNFR	ERCO
6796	C-GNFX	C172
6798	C-GNFZ	DHC6
679A	C-GNGB	C172
679B	C-GNGC	C185
679D	C-GNGE	P28A
67A0	C-GNGH	P28A
67A1	C-GNGI	PC12
67A3	C-GNGK	AS50
67A4	C-GNGL	RV7
67A5	C-GNGM	PA20
67A6	C-GNGN	RV8
67AB	C-GNGS	DH82
67AD	C-GNGU	BL8
67AE	C-GNGV	BCS3
67B0	C-GNGX	P28A
67B5	C-GNHC	C140
67BA	C-GNHH	AS50
67BB	C-GNHI	P28A
67BC	C-GNHJ	GLID
67BD	C-GNHK	RV8
67BE	C-GNHL	C182
67BF	C-GNHM	BE20
67C2	C-GNHP	MT
67C3	C-GNHQ	C172
67C4	C-GNHR	B505
67C7	C-GNHU	C185
67C8	C-GNHV	C172
67CE	C-GNIB	PA18
67D0	C-GNID	C340
67D1	C-GNIE	P28T
67D2	C-GNIF	P28R
67D7	C-GNIK	PA22
67D9	C-GNIM	GLID
67DB	C-GNIO	BE23
67DE	C-GNIR	B505
67DF	C-GNIS	B407
67E1	C-GNIU	B407
67E2	C-GNIV	P28A
67E3	C-GNIW	P28A
67E4	C-GNIX	AS50
67E6	C-GNIZ	B407
67E7	C-GNJA	CRJ2
67E9	C-GNJC	C172
67EA	C-GNJD	B412
67EC	C-GNJF	P28B
67EE	C-GNJH	B505
67F0	C-GNJJ	C152
67F2	C-GNJL	PA31
67F3	C-GNJM	PC12
67F7	C-GNJQ	B429
67FE	C-GNJX	PA34
6800	C-GNJZ	CRJ9
6801	C-GNKA	B06
6802	C-GNKB	PA22
6807	C-GNKG	C172
680B	C-GNKK	SR20
680C	C-GNKL	P32R
680E	C-GNKN	C185
6810	C-GNKP	GLF4
6813	C-GNKS	P28A
6817	C-GNKW	TBM7
6819	C-GNKY	P28A
681B	C-GNLA	B732
681C	C-GNLB	B06
681E	C-GNLD	B06
681F	C-GNLE	B732
6820	C-GNLF	B350
6821	C-GNLG	B06
6824	C-GNLJ	C180
6825	C-GNLK	B732
6828	C-GNLN	B732
6829	C-GNLO	B350
682B	C-GNLQ	B733
682C	C-GNLR	C172
682D	C-GNLS	BE55
682E	C-GNLT	B06
6831	C-GNLW	B732
6833	C-GNLY	C150
6834	C-GNLZ	C152
6837	C-GNMC	B06
6839	C-GNME	AS50
683A	C-GNMF	AT5T
683D	C-GNMI	B06
683E	C-GNMJ	AS50
6841	C-GNMM	M20T
6843	C-GNMO	DH8D
6846	C-GNMR	RBEL
6847	C-GNMS	BD4
6848	C-GNMT	GLID
684A	C-GNMV	PA34
684B	C-GNMW	PA25
6852	C-GNND	EC30
685B	C-GNNM	M20P
685E	C-GNNP	B505
6860	C-GNNR	BE20
6863	C-GNNU	C172
6866	C-GNNX	C150
6867	C-GNNY	C150
6868	C-GNNZ	C150
686A	C-GNOB	AS50
686B	C-GNOC	P28A
6870	C-GNOH	PA46
6871	C-GNOI	BE23
6872	C-GNOJ	BL8
6874	C-GNOL	PA34
6875	C-GNOM	M20T
6877	C-GNOO	PA18
6878	C-GNOP	P28A
687A	C-GNOR	C206
687B	C-GNOS	SIDE
687C	C-GNOT	R44
687E	C-GNOV	PA31
6883	C-GNPA	PA27
6887	C-GNPE	DV20
6889	C-GNPG	F2TH
688F	C-GNPM	C340
6892	C-GNPP	M20P
6895	C-GNPS	DHC6
6898	C-GNPV	C170
689C	C-GNPZ	EUPA
689F	C-GNQC	P28A
68A2	C-GNQF	P28A
68A9	C-GNQM	J4B2
68AC	C-GNQP	C210
68B2	C-GNQV	C150
68B6	C-GNQZ	PC12
68B8	C-GNRB	AS50
68B9	C-GNRC	CL60
68BA	C-GNRD	B732
68BC	C-GNRF	C152
68BD	C-GNRG	C140
68C0	C-GNRJ	C172
68C4	C-GNRN	T206
68C5	C-GNRO	C337
68C6	C-GNRP	J3
68CA	C-GNRT	P28R
68CC	C-GNRV	C172
68CD	C-GNRW	C170
68CE	C-GNRX	AS50
68D2	C-GNSB	E55P
68D3	C-GNSC	LJ45
68D7	C-GNSG	S22T
68D8	C-GNSH	C172
68DB	C-GNSK	GLST
68DC	C-GNSL	C310
68DD	C-GNSM	C441
68E1	C-GNSQ	B06
68E3	C-GNSS	PA31
68E6	C-GNSV	DH8D
68EA	C-GNSZ	C77R
68EB	C-GNTA	AJET
68EC	C-GNTB	DHC2
68F0	C-GNTF	C182
68F7	C-GNTM	AT8T
68FD	C-GNTS	R44
68FF	C-GNTU	SR22
6903	C-GNTY	P28A
6904	C-GNTZ	C510
6906	C-GNUB	P28A
6908	C-GNUD	BT36
6909	C-GNUE	C172
6914	C-GNUP	GLID
6915	C-GNUQ	C150
6917	C-GNUS	BE77
6921	C-GNVC	CRJ2
6923	C-GNVE	P28A
6925	C-GNVG	C152
6927	C-GNVI	LJ45
6928	C-GNVJ	PA31
692A	C-GNVL	PA30
692C	C-GNVN	C177
692D	C-GNVO	C182
692E	C-GNVP	C172
6930	C-GNVR	B738
693C	C-GNWD	C208
693E	C-GNWF	PTS2
693F	C-GNWG	C208
6941	C-GNWI	C208
6943	C-GNWK	M20P
6945	C-GNWM	C550
6948	C-GNWP	C182
694C	C-GNWT	BE20
694D	C-GNWU	C208
694E	C-GNWV	C208
6950	C-GNWX	PC12
6952	C-GNWZ	PC12
6953	C-GNXA	C150
6956	C-GNXD	C150
6959	C-GNXG	DHC2
695C	C-GNXJ	C150
695E	C-GNXL	C172
695F	C-GNXM	C172
6965	C-GNXS	C210
6966	C-GNXT	C172
696C	C-GNXZ	P28U
696D	C-GNYA	M20P
696E	C-GNYB	T206
6970	C-GNYD	RV7
6971	C-GNYE	R44
6972	C-GNYF	BE35
6973	C-GNYG	BE23
6974	C-GNYH	B212
6978	C-GNYL	P28A
697A	C-GNYN	C150
697B	C-GNYO	C208
697C	C-GNYP	C172
6984	C-GNYX	C185
6985	C-GNYY	P28A
6987	C-GNZA	AS55
6988	C-GNZB	AS55
698C	C-GNZF	AS50
6991	C-GNZK	BE23
6998	C-GNZR	B06
6999	C-GNZS	AS55
699F	C-GNZY	GLID
69A1	C-GOAA	B38M
69A2	C-GOAB	GLEX
69A3	C-GOAC	CJ6
69A4	C-GOAD	CH60
69A6	C-GOAF	R44
69A7	C-GOAG	F900
69A9	C-GOAI	PC24
69AB	C-GOAK	C172
69AC	C-GOAL	C82R
69AD	C-GOAM	C172
69B1	C-GOAQ	C172
69B6	C-GOAV	AS50
69B9	C-GOAY	C177
69BA	C-GOAZ	PA34
69BD	C-GOBC	DHC2
69BE	C-GOBD	P28A
69C0	C-GOBF	GLID
69C1	C-GOBG	GLID
69C4	C-GOBJ	PA31
69C7	C-GOBM	LEG2
69C8	C-GOBN	P28R
69C9	C-GOBO	P28A
69CA	C-GOBP	PA31
69CB	C-GOBQ	P28A
69CC	C-GOBR	C150
69CD	C-GOBS	C150
69D0	C-GOBV	CH7B
69D2	C-GOBX	BL8
69D6	C-GOCB	C150
69D8	C-GOCD	B738
69D9	C-GOCE	P28A
69DA	C-GOCF	DV20
69DB	C-GOCG	P28A
69DC	C-GOCH	P28A
69DE	C-GOCJ	B763
69DF	C-GOCK	PA44
69E2	C-GOCN	C208
69E6	C-GOCR	R44
69EA	C-GOCV	AC11
69ED	C-GOCY	C170
69EF	C-GODA	C207
69F0	C-GODB	CL60
69F1	C-GODC	GLID
69F2	C-GODD	C182
69F3	C-GODE	PC12
69F5	C-GODG	AS55
69F6	C-GODH	DHC2
69FA	C-GODL	M20T
69FB	C-GODM	GLST
69FC	C-GODN	AA1
69FF	C-GODQ	P28A
6A04	C-GODV	C182
6A06	C-GODX	C82R
6A07	C-GODY	GLID
6A08	C-GODZ	AC11
6A0A	C-GOEB	C340
6A0C	C-GOED	GLID
6A0D	C-GOEE	C150
6A10	C-GOEH	C150
6A11	C-GOEI	PC24
6A14	C-GOEL	AA5
6A15	C-GOEM	C182
6A16	C-GOEN	BE24
6A17	C-GOEO	C177
6A1B	C-GOES	RV7
6A1E	C-GOEV	EVOT
6A1F	C-GOEW	M20P
6A20	C-GOEX	E300
6A21	C-GOEY	C150
6A22	C-GOEZ	RV8
6A23	C-GOFA	C182
6A26	C-GOFD	C172
6A28	C-GOFF	AS50
6A2B	C-GOFI	B06
6A2C	C-GOFJ	FA7X
6A2D	C-GOFK	C140
6A2F	C-GOFM	RV9
6A30	C-GOFN	WAIX
6A32	C-GOFP	AEST
6A34	C-GOFR	CP23
6A35	C-GOFS	PC12
6A36	C-GOFT	RV14
6A37	C-GOFU	R44
6A38	C-GOFV	A333
6A39	C-GOFW	A333
6A3B	C-GOFY	C170
6A3D	C-GOGA	DHC6
6A3E	C-GOGB	DHC6
6A3F	C-GOGC	DHC6
6A46	C-GOGJ	AS50
6A48	C-GOGL	AS50
6A49	C-GOGM	B505
6A4B	C-GOGO	RV8
6A4D	C-GOGQ	AS50
6A4E	C-GOGR	B212
6A4F	C-GOGS	PC24
6A50	C-GOGT	BE20
6A54	C-GOGX	CL2T
6A55	C-GOGY	CL2T
6A57	C-GOHA	AS55
6A58	C-GOHB	F2TH
6A5E	C-GOHH	AS50
6A5F	C-GOHI	PC12
6A60	C-GOHJ	F900
6A61	C-GOHK	AS50
6A62	C-GOHL	R44
6A63	C-GOHM	RV9
6A64	C-GOHN	R44
6A65	C-GOHO	PA31
6A66	C-GOHP	AS50
6A68	C-GOHR	M20P
6A69	C-GOHS	AS50
6A6E	C-GOHX	CL35
6A6F	C-GOHY	AS50
6A70	C-GOHZ	RV6
6A71	C-GOIA	SF34
6A73	C-GOIC	B350
6A75	C-GOIE	A21N
6A76	C-GOIF	A21N
6A77	C-GOIG	DA40
6A78	C-GOIH	A21N
6A7A	C-GOIJ	A21N
6A7B	C-GOIK	A21N
6A7C	C-GOIL	GL5T
6A7D	C-GOIM	A21N
6A7E	C-GOIN	P32R
6A7F	C-GOIO	A21N
6A80	C-GO_IP	A21N
6A81	C-GOIQ	C172
6A82	C-GOIR	A21N
6A83	C-GOIS	A21N
6A86	C-GOIV	RV4
6A87	C-GOIW	A21N
6A88	C-GOIX	A21N
6A8B	C-GOJA	CRJ2
6A8D	C-GOJC	A21N
6A8E	C-GOJD	PA30
6A91	C-GOJG	BE30
6A96	C-GOJL	C172
6A97	C-GOJM	BT36
6A98	C-GOJN	S61
6A9B	C-GOJQ	A21N
6A9F	C-GOJU	M20T
6AA3	C-GOJY	RV9
6AA4	C-GOJZ	CRJ7
6AA7	C-GOKC	A21N
6AA9	C-GOKE	A21N
6AAA	C-GOKF	A21N
6AAB	C-GOKG	A21N
6AAC	C-GOKH	A21N
6AAD	C-GOKI	B350
6AB1	C-GOKM	C182
6AB2	C-GOKN	DH8A
6AB3	C-GOKO	C55B
6AB7	C-GOKS	BE58
6AB8	C-GOKT	BE24
6AB9	C-GOKU	PA27
6ABC	C-GOKX	B212
6AC1	C-GOLC	DHC2
6AC2	C-GOLD	GL5T
6AC3	C-GOLE	M20P
6AC4	C-GOLF	C185
6AC7	C-GOLI	C172
6AC8	C-GOLJ	C172
6AC9	C-GOLK	C152
6ACD	C-GOLO	AT5T
6ACE	C-GOLP	PA44
6AD4	C-GOLV	AS50
6AD5	C-GOLW	AA5
6AD6	C-GOLX	GL7T
6AD9	C-GOMA	DV20
6ADB	C-GOMC	CH7A
6ADD	C-GOME	C10T
6ADE	C-GOMF	PA30
6ADF	C-GOMG	PA34
6AE0	C-GOMH	R44
6AE1	C-GOMI	P28A
6AE3	C-GOMK	B06
6AE7	C-GOMO	B06
6AE9	C-GOMQ	C150
6AED	C-GOMU	P28R
6AEF	C-GOMW	PA22
6AF1	C-GOMY	PA27
6AF2	C-GOMZ	C150
6AF4	C-GONB	EC30
6AF5	C-GONC	AA5
6AF6	C-GOND	DH8A
6AF9	C-GONG	PA34
6AFA	C-GONH	AS50
6AFC	C-GONJ	DH8A
6B02	C-GONP	C140
6B05	C-GONS	C152
6B06	C-GONT	C414
6B0C	C-GONZ	C206
6B10	C-GOOD	C182
6B14	C-GOOH	RV10
6B15	C-GOOI	R44
6B19	C-GOOM	RV7
6B1B	C-GOOO	AS50
6B1C	C-GOOP	P28R
6B1D	C-GOOQ	B06
6B21	C-GOOU	DC3
6B22	C-GOOV	C172
6B28	C-GOPB	FA6X
6B29	C-GOPC	C177
6B2B	C-GOPE	C182
6B2C	C-GOPF	B06
6B2E	C-GOPH	C182
6B2F	C-GOPI	NAVI
6B31	C-GOPK	B06
6B38	C-GOPR	C182
6B3A	C-GOPT	P46T
6B3C	C-GOPV	C172
6B3D	C-GOPW	B732
6B3E	C-GOPX	SR20
6B3F	C-GOPY	C414
6B40	C-GOPZ	SR22
6B43	C-GOQC	T206
6B48	C-GOQH	R44
6B55	C-GOQU	C150
6B5A	C-GOQZ	CH7B
6B5B	C-GORA	B190
6B5D	C-GORC	B190
6B5E	C-GORD	CL60
6B5F	C-GORE	GLID
6B60	C-GORF	B190
6B61	C-GORG	M5
6B62	C-GORH	B212
6B63	C-GORI	B190
6B66	C-GORL	C172
6B68	C-GORN	B190
6B69	C-GORO	B06
6B6A	C-GORP	B38M
6B6B	C-GORQ	BE23
6B6D	C-GORS	M20P
6B71	C-GORW	PA31
6B72	C-GORX	P28A
6B75	C-GOSA	AT72
6B76	C-GOSB	C172
6B7E	C-GOSJ	P68
6B80	C-GOSL	BE35
6B81	C-GOSM	C172
6B82	C-GOSN	CL60
6B83	C-GOSO	HDJT
6B85	C-GOSQ	C172
6B86	C-GOSR	PA34
6B87	C-GOSS	C210
6B88	C-GOST	C182
6B8A	C-GOSV	RV7
6B8C	C-GOSX	AEST
6B8F	C-GOTA	SR22
6B90	C-GOTB	C185
6B91	C-GOTC	C172
6B94	C-GOTF	P28A
6B95	C-GOTG	C172
6B9A	C-GOTL	C172
6B9C	C-GOTN	M20P
6B9D	C-GOTO	C177
6B9E	C-GOTP	P28A
6B9F	C-GOTQ	C150
6BA3	C-GOTU	B407
6BA4	C-GOTV	C150
6BA7	C-GOTY	BE23
6BB0	C-GOUH	AC11
6BB5	C-GOUM	P28R
6BB7	C-GOUO	P28A
6BB8	C-GOUP	P28A
6BB9	C-GOUQ	C177
6BC6	C-GOVD	AS50
6BC7	C-GOVE	BE23
6BC8	C-GOVF	AC95
6BC9	C-GOVG	C150
6BCB	C-GOVI	T206
6BCC	C-GOVJ	AC95
6BCE	C-GOVL	BE23
6BCF	C-GOVM	SR22
6BD3	C-GOVQ	BE55
6BD4	C-GOVR	P28A
6BD6	C-GOVT	AC90
6BD7	C-GOVU	AC95
6BD8	C-GOVV	PA34
6BDA	C-GOVX	PA31
6BDB	C-GOVY	GL7T
6BE0	C-GOWD	PA30
6BE3	C-GOWG	B738
6BE4	C-GOWH	C172
6BE5	C-GOWI	GLF4
6BEB	C-GOWO	CL35
6BED	C-GOWQ	CL35
6BEF	C-GOWS	P28R
6BF0	C-GOWT	C182
6BF2	C-GOWV	C182
6BF4	C-GOWX	TBM8
6BF6	C-GOWZ	RV9
6BF8	C-GOXB	CL35
6BFA	C-GOXD	CL35
6BFC	C-GOXF	C170
6BFD	C-GOXG	CL35
6C00	C-GOXJ	P28A
6C01	C-GOXK	TAYB
6C02	C-GOXL	C208
6C03	C-GOXM	CL35
6C04	C-GOXN	GL7T
6C07	C-GOXQ	PA22
6C08	C-GOXR	CL35
6C09	C-GOXS	M20P
6C0B	C-GOXU	CL35
6C0C	C-GOXV	CL35
6C0D	C-GOXW	CL35
6C0F	C-GOXY	C206
6C10	C-GOXZ	CL35
6C11	C-GOYA	RV7
6C13	C-GOYC	C172
6C15	C-GOYE	C172
6C17	C-GOYG	CL35
6C18	C-GOYH	C172
6C19	C-GOYI	C172
6C1A	C-GOYJ	C172
6C1C	C-GOYL	CL35
6C1D	C-GOYM	C170
6C1E	C-GOYN	P28A
6C1F	C-GOYO	CL35
6C21	C-GOYQ	C182
6C22	C-GOYR	C172
6C25	C-GOYU	P28A
6C26	C-GOYV	P28A
6C2A	C-GOYZ	M20P
6C2B	C-GOZA	L39
6C2E	C-GOZD	C172
6C30	C-GOZF	P28A
6C31	C-GOZG	PA32
6C32	C-GOZH	P28A
6C33	C-GOZI	C180
6C36	C-GOZL	C150
6C37	C-GOZM	C177
6C38	C-GOZN	C172
6C39	C-GOZO	SR22
6C43	C-GOZY	P28A
6C44	C-GOZZ	P28A
6C45	C-GPAA	PA23
6C46	C-GPAB	DH8A
6C48	C-GPAD	LA25
6C49	C-GPAE	C182
6C4A	C-GPAF	C185
6C4E	C-GPAJ	CL60
6C4F	C-GPAK	PA31
6C51	C-GPAM	DHC2
6C53	C-GPAO	DH8D
6C55	C-GPAQ	C185
6C56	C-GPAR	DH8C
6C57	C-GPAS	C172
6C58	C-GPAT	B350
6C59	C-GPAU	DH8A
6C5A	C-GPAV	PA27
6C5B	C-GPAW	C56X
6C5E	C-GPAZ	PL2
6C5F	C-GPBA	AS50
6C60	C-GPBB	AC11
6C61	C-GPBC	C172
6C64	C-GPBF	C172
6C65	C-GPBG	B190
6C67	C-GPBI	M5
6C6A	C-GPBL	C177
6C6B	C-GPBM	C182
6C6C	C-GPBN	PA31
6C6E	C-GPBP	C172
6C70	C-GPBR	AT72
6C72	C-GPBT	C182
6C75	C-GPBW	P28A
6C76	C-GPBX	AC95
6C77	C-GPBY	AS50
6C79	C-GPCA	PA31
6C7D	C-GPCE	B190
6C7E	C-GPCF	SF34
6C81	C-GPCI	SF34
6C82	C-GPCJ	SF34
6C83	C-GPCK	BL8
6C84	C-GPCL	B190
6C85	C-GPCM	C172
6C86	C-GPCN	SF34
6C87	C-GPCO	B190
6C88	C-GPCP	CH75
6C8A	C-GPCR	B190
6C8B	C-GPCS	R66
6C8C	C-GPCT	C525
6C8F	C-GPCW	SH36
6C90	C-GPCX	B06
6C91	C-GPCY	B190
6C92	C-GPCZ	AEST
6C93	C-GPDA	P46T
6C94	C-GPDB	LJ45
6C95	C-GPDC	B350
6C96	C-GPDD	C82R
6C97	C-GPDE	HUSK
6C98	C-GPDF	BE24
6C9C	C-GPDJ	B763
6C9D	C-GPDK	R66
6C9E	C-GPDL	C182
6C9F	C-GPDM	C414
6CA0	C-GPDN	DA40
6CA2	C-GPDP	DA40
6CA3	C-GPDQ	CL30
6CA4	C-GPDR	BT36
6CA6	C-GPDT	COOT
6CA9	C-GPDW	C177
6CAA	C-GPDX	R44
6CAC	C-GPDZ	RAV5
6CAE	C-GPEB	P28A
6CB0	C-GPED	R44
6CB1	C-GPEE	C82R
6CB6	C-GPEJ	C152
6CB7	C-GPEK	R44
6CB8	C-GPEL	EUPA
6CBB	C-GPEO	C185
6CBC	C-GPEP	PZ04
6CBF	C-GPES	RV10
6CC0	C-GPET	SR22
6CC1	C-GPEU	C182
6CC2	C-GPEV	R44
6CC3	C-GPEW	C172
6CC4	C-GPEX	GP4
6CC5	C-GPEY	C182
6CC6	C-GPEZ	B06
6CC7	C-GPFA	C310
6CCB	C-GPFE	G120
6CCC	C-GPFF	C152
6CCD	C-GPFG	GL7T
6CCF	C-GPFI	GL7T
6CD5	C-GPFO	C172
6CD6	C-GPFP	PA27
6CD7	C-GPFQ	A109
6CD8	C-GPFR	GL7T
6CD9	C-GPFS	M20P
6CDA	C-GPFT	B38M
6CDC	C-GPFV	PA38
6CDD	C-GPFW	C172
6CDE	C-GPFX	C152
6CE0	C-GPFZ	G120
6CE1	C-GPGA	CL60
6CE2	C-GPGB	CL30
6CE3	C-GPGC	DA42
6CE4	C-GPGD	CL60
6CE5	C-GPGE	H500
6CE6	C-GPGF	CL30
6CE7	C-GPGG	C172
6CE8	C-GPGH	DH8D
6CEB	C-GPGK	C172
6CED	C-GPGM	RBEL
6CEE	C-GPGN	BE23
6CF0	C-GPGP	B06
6CF2	C-GPGR	BE20
6CF3	C-GPGS	M20P
6CF4	C-GPGT	C172
6CF7	C-GPGW	M20T
6CFA	C-GPGZ	R44
6CFD	C-GPHC	GL7T
6D05	C-GPHK	PA44
6D06	C-GPHL	LEG2
6D0D	C-GPHS	P28A
6D0E	C-GPHT	P28R
6D0F	C-GPHU	B407
6D10	C-GPHV	B06
6D11	C-GPHW	C172
6D13	C-GPHY	C170
6D15	C-GPIA	BE20
6D16	C-GPIB	C182
6D18	C-GPID	B505
6D21	C-GPIM	C310
6D22	C-GPIN	BE58
6D25	C-GPIQ	C172
6D26	C-GPIR	BE76
6D2A	C-GPIV	LNP4
6D2C	C-GPIX	DH8D
6D2F	C-GPJA	C180
6D31	C-GPJC	C172
6D33	C-GPJE	SR22
6D36	C-GPJH	BCS3
6D38	C-GPJJ	CL35
6D39	C-GPJK	C172
6D3C	C-GPJN	P28A
6D3D	C-GPJO	P28A
6D40	C-GPJR	P28R
6D41	C-GPJS	P28A
6D42	C-GPJT	B407
6D43	C-GPJU	AS50
6D45	C-GPJW	B06
6D46	C-GPJX	B412
6D47	C-GPJY	RV14
6D48	C-GPJZ	CRJ7
6D49	C-GPKA	C172
6D4D	C-GPKE	M20P
6D4E	C-GPKF	C172
6D4F	C-GPKG	P28R
6D51	C-GPKI	SR20
6D54	C-GPKL	R44
6D56	C-GPKN	C150
6D5A	C-GPKR	C210
6D5B	C-GPKS	COL3
6D5F	C-GPKW	C182
6D60	C-GPKX	C525
6D62	C-GPKZ	GLID
6D63	C-GPLA	BE23
6D69	C-GPLG	C172
6D6A	C-GPLH	R44
6D6B	C-GPLI	AS50
6D6C	C-GPLJ	C182
6D6D	C-GPLK	DA40
6D70	C-GPLN	C500
6D71	C-GPLO	R44
6D72	C-GPLP	P28B
6D73	C-GPLQ	BT36
6D74	C-GPLR	C182
6D75	C-GPLS	T210
6D76	C-GPLT	C208
6D79	C-GPLW	C182
6D7B	C-GPLY	SR22
6D7D	C-GPMA	C337
6D7E	C-GPMB	C182
6D82	C-GPMF	P46T
6D84	C-GPMH	P28A
6D86	C-GPMJ	C152
6D87	C-GPMK	C150
6D88	C-GPML	C340
6D89	C-GPMM	C421
6D8A	C-GPMN	PTS1
6D8B	C-GPMO	C172
6D8D	C-GPMQ	BE23
6D8E	C-GPMR	C172
6D90	C-GPMT	FOX
6D91	C-GPMU	BCS3
6D92	C-GPMV	PA31
6D93	C-GPMW	C25B
6D94	C-GPMX	M5
6D95	C-GPMY	B06
6D96	C-GPMZ	VR7
6D97	C-GPNA	DH8D
6D98	C-GPNB	BCS3
6D99	C-GPNC	B350
6D9A	C-GPND	B407
6D9B	C-GPNE	DH8D
6DA2	C-GPNL	B733
6DA3	C-GPNM	RV8
6DA4	C-GPNN	GLID
6DA5	C-GPNO	BE55
6DA6	C-GPNP	C152
6DA9	C-GPNS	B212
6DAC	C-GPNV	DH8D
6DB1	C-GPOA	LNP4
6DB2	C-GPOB	P28R
6DB5	C-GPOE	DH8D
6DB7	C-GPOG	C185
6DB8	C-GPOH	EN28
6DBA	C-GPOJ	DH8D
6DBB	C-GPOK	SR22
6DBD	C-GPOM	BCS3
6DBF	C-GPOO	C152
6DC0	C-GPOP	C650
6DC1	C-GPOQ	DHC6
6DC3	C-GPOS	BCS3
6DC7	C-GPOW	C414
6DC8	C-GPOX	DH8D
6DCA	C-GPOZ	C172
6DCB	C-GPPA	C182
6DCD	C-GPPC	P28A
6DD1	C-GPPG	BE55
6DD3	C-GPPI	GL5T
6DD6	C-GPPL	PELI
6DD8	C-GPPN	C172
6DDB	C-GPPQ	K100
6DDC	C-GPPR	P28T
6DDD	C-GPPS	JS32
6DDE	C-GPPT	M20P
6DDF	C-GPPU	E55P
6DE0	C-GPPV	C172
6DE1	C-GPPW	DH8D
6DE2	C-GPPX	GLEX
6DE3	C-GPPY	S22T
6DE5	C-GPQA	DH8D
6DE6	C-GPQB	R44
6DE8	C-GPQD	DH8D
6DE9	C-GPQE	P28B
6DEA	C-GPQF	PA38
6DEB	C-GPQG	PA38
6DED	C-GPQI	BCS3
6DEF	C-GPQK	P28A
6DF0	C-GPQL	C150
6DF2	C-GPQN	C210
6DF3	C-GPQO	DH8C
6DF4	C-GPQP	BCS3
6DF5	C-GPQQ	P32R
6DF7	C-GPQS	B06
6DF8	C-GPQT	RV7
6DF9	C-GPQU	PA44
6DFC	C-GPQX	PIVI
6DFE	C-GPQZ	BCS3
6E01	C-GPRC	R44
6E02	C-GPRD	DH8D
6E03	C-GPRE	P28A
6E04	C-GPRF	P28A
6E06	C-GPRH	C337
6E08	C-GPRJ	PA46
6E0A	C-GPRL	B190
6E0C	C-GPRN	G150
6E12	C-GPRT	TOBA
6E14	C-GPRV	RV7
6E16	C-GPRX	C182
6E17	C-GPRY	PC12
6E1B	C-GPSC	C82R
6E1D	C-GPSE	P28T
6E22	C-GPSJ	C10T
6E23	C-GPSK	JS32
6E26	C-GPSN	BCS3
6E28	C-GPSP	C510
6E29	C-GPSQ	PC12
6E2D	C-GPSU	C150
6E2F	C-GPSW	BCS3
6E30	C-GPSX	B06
6E34	C-GPTB	PA31
6E35	C-GPTC	C10T
6E36	C-GPTD	M20P
6E38	C-GPTF	C172
6E39	C-GPTG	P46T
6E3A	C-GPTH	PA34
6E3D	C-GPTK	C182
6E3E	C-GPTL	AS50
6E3F	C-GPTM	C172
6E41	C-GPTO	C172
6E42	C-GPTP	C182
6E43	C-GPTQ	C206
6E45	C-GPTS	A332
6E46	C-GPTT	GLST
6E47	C-GPTU	PA31
6E48	C-GPTV	C210
6E49	C-GPTW	C172
6E4A	C-GPTX	PA34
6E4F	C-GPUC	TBM8
6E55	C-GPUI	B06
6E57	C-GPUK	C152
6E60	C-GPUT	TBM9
6E62	C-GPUV	BCS3
6E64	C-GPUX	DV20
6E65	C-GPUY	C150
6E67	C-GPVA	C172
6E68	C-GPVB	TBM9
6E6A	C-GPVD	BCS3
6E6B	C-GPVE	BCS3
6E6C	C-GPVF	BCS3
6E6F	C-GPVI	C172
6E72	C-GPVL	R44
6E75	C-GPVO	C172
6E7C	C-GPVV	SR22
6E7D	C-GPVW	C172
6E7E	C-GPVX	C172
6E80	C-GPVZ	C180
6E82	C-GPWB	AS50
6E83	C-GPWC	BCS3
6E84	C-GPWD	C172
6E85	C-GPWE	DH8D
6E86	C-GPWF	TBM9
6E87	C-GPWG	A320
6E88	C-GPWH	B06
6E8A	C-GPWJ	BCS3
6E8D	C-GPWM	C182
6E91	C-GPWQ	AS50
6E92	C-GPWR	C172
6E93	C-GPWS	B736
6E94	C-GPWT	UH1
6E97	C-GPWW	PA22
6E98	C-GPWX	B212
6E9B	C-GPXA	C206
6EA0	C-GPXF	C152
6EA1	C-GPXG	TBM9
6EA5	C-GPXK	MR35
6EA6	C-GPXL	PA18
6EA7	C-GPXM	C150
6EB0	C-GPXV	P28A
6EB1	C-GPXW	SR22
6EB3	C-GPXY	P32R
6EB7	C-GPYC	M5
6EB8	C-GPYD	C172
6EBB	C-GPYG	P28R
6EBC	C-GPYH	P28A
6EBF	C-GPYK	C182
6EC4	C-GPYP	C182
6EC6	C-GPYR	P28R
6ECA	C-GPYV	C150
6ECB	C-GPYW	C172
6ECC	C-GPYX	GL7T
6ECE	C-GPYZ	C182
6ED0	C-GPZB	C172
6ED2	C-GPZD	C172
6ED7	C-GPZI	C172
6ED9	C-GPZK	B36T
6EDB	C-GPZM	DV20
6EDC	C-GPZN	LA4
6EDD	C-GPZO	PA34
6EDF	C-GPZQ	GLID
6EE2	C-GPZT	P28A
6EE4	C-GPZV	C172
6EE6	C-GPZX	BCS3
6EEA	C-GQAB	C185
6F03	C-GQBA	CL2T
6F04	C-GQBB	R44
6F05	C-GQBC	CL2T
6F06	C-GQBD	CL2T
6F07	C-GQBE	CL2T
6F08	C-GQBF	CL2T
6F09	C-GQBG	CL2T
6F0B	C-GQBI	CL2T
6F0D	C-GQBK	CL2P
6F13	C-GQBQ	CL60
6F16	C-GQBT	DH8B
6F1F	C-GQCC	C550
6F24	C-GQCH	S92
6F28	C-GQCL	C172
6F2F	C-GQCS	C172
6F31	C-GQCU	C172
6F33	C-GQCW	AS50
6F3D	C-GQDG	C206
6F48	C-GQDR	AS50
6F49	C-GQDS	C185
6F4A	C-GQDT	C185
6F5D	C-GQEM	P28A
6F62	C-GQER	P28A
6F67	C-GQEW	P28A
6F6A	C-GQEZ	B06
6F6B	C-GQFA	C172
6F74	C-GQFJ	C182
6F77	C-GQFM	P28A
6F78	C-GQFN	P28A
6F81	C-GQFW	C172
6F84	C-GQFZ	C172
6F87	C-GQGC	P28A
6F88	C-GQGD	P28A
6F8A	C-GQGF	P28A
6F96	C-GQGR	C172
6F97	C-GQGS	C172
6F9A	C-GQGV	P28A
6FA4	C-GQHF	P28A
6FA9	C-GQHK	AS50
6FAA	C-GQHL	C310
6FAF	C-GQHQ	SS2P
6FB1	C-GQHS	C172
6FB2	C-GQHT	DHC2
6FB3	C-GQHU	C150
6FB4	C-GQHV	PA31
6FB5	C-GQHW	B06
6FB8	C-GQHZ	P28A
6FBC	C-GQID	CH7A
6FBD	C-GQIE	AA5
6FC0	C-GQIH	CH7B
6FC3	C-GQIK	M20P
6FC4	C-GQIL	CH7B
6FC7	C-GQIO	CH7B
6FCA	C-GQIR	P28A
6FCB	C-GQIS	C210
6FCC	C-GQIT	C172
6FD3	C-GQJA	CRJ2
6FD7	C-GQJE	M5
6FD8	C-GQJF	M5
6FDB	C-GQJI	C182
6FDF	C-GQJM	C150
6FE2	C-GQJP	P28S
6FE9	C-GQJW	P28A
6FF0	C-GQKD	AT5T
6FF3	C-GQKG	PA30
6FFD	C-GQKQ	PA27
7000	C-GQKT	B06
7004	C-GQKX	C150
7012	C-GQLL	UH1
701B	C-GQLU	C172
7024	C-GQMD	P28A
7027	C-GQMG	C182
702C	C-GQML	AC11
7032	C-GQMR	B407
7033	C-GQMS	M20T
7038	C-GQMX	P28A
7039	C-GQMY	P28A
703B	C-GQNA	P28S
703C	C-GQNB	P28S
7040	C-GQNF	C150
7042	C-GQNH	C172
7044	C-GQNJ	BE20
7049	C-GQNO	C172
704B	C-GQNQ	BL8
704C	C-GQNR	S92
705A	C-GQOF	C206
705E	C-GQOJ	P28A
7064	C-GQOP	C152
7067	C-GQOS	C152
7068	C-GQOT	M20P
7069	C-GQOU	C152
706B	C-GQOW	C185
706E	C-GQOZ	C152
706F	C-GQPA	CL60
7070	C-GQPB	C172
7071	C-GQPC	TOBA
7072	C-GQPD	P28A
707B	C-GQPM	LJ45
707C	C-GQPN	P28A
7080	C-GQPR	P28A
7083	C-GQPU	C182
7087	C-GQPY	MIMU
708E	C-GQQF	C185
7093	C-GQQK	C172
7098	C-GQQP	P28A
70A6	C-GQRD	P28R
70A8	C-GQRF	C150
70B2	C-GQRP	PA38
70B4	C-GQRR	C152
70BD	C-GQSA	PA34
70BE	C-GQSB	CH7B
70BF	C-GQSC	BL8
70C1	C-GQSE	M20T
70CD	C-GQSQ	C152
70CF	C-GQSS	C152
70D1	C-GQSU	C152
70D3	C-GQSW	AS50
70D4	C-GQSX	PA27
70D7	C-GQTA	AJET
70DC	C-GQTF	C177
70E1	C-GQTK	C152
70EB	C-GQTU	QIC2
70EE	C-GQTX	C172
70F2	C-GQUB	C150
70FF	C-GQUO	C172
7104	C-GQUT	P28A
710D	C-GQVC	C208
710E	C-GQVD	C172
7112	C-GQVH	C172
7115	C-GQVK	C185
7118	C-GQVN	C206
711A	C-GQVP	PA31
711B	C-GQVQ	C152
711D	C-GQVS	C172
7120	C-GQVV	C172
7124	C-GQVZ	C172
7128	C-GQWD	P28R
712E	C-GQWJ	B737
7132	C-GQWN	PA18
7140	C-GQXB	PA22
7142	C-GQXD	PA31
714E	C-GQXP	P28A
714F	C-GQXQ	P28A
7150	C-GQXR	P28A
7151	C-GQXS	C172
7152	C-GQXT	P28A
7153	C-GQXU	P28A
7154	C-GQXV	P28A
7156	C-GQXX	PA31
715A	C-GQYB	R66
715C	C-GQYD	PA18
715F	C-GQYG	P28S
7160	C-GQYH	P28A
7161	C-GQYI	P28R
716C	C-GQYT	C172
7172	C-GQYZ	C185
7174	C-GQZB	C152
717F	C-GQZM	C150
718F	C-GRAC	C210
7190	C-GRAD	DA42
7191	C-GRAE	C150
7192	C-GRAF	AS50
7193	C-GRAG	B38M
7195	C-GRAI	DH8C
7199	C-GRAM	C206
719B	C-GRAO	C182
719E	C-GRAR	RV7
719F	C-GRAS	C340
71A0	C-GRAT	DV20
71A4	C-GRAX	B38M
71A7	C-GRBA	FA6X
71A8	C-GRBB	C210
71AD	C-GRBG	PA34
71AE	C-GRBH	C182
71B1	C-GRBK	RV6
71B2	C-GRBL	PA46
71B4	C-GRBN	PA24
71B6	C-GRBP	FA10
71B8	C-GRBR	C337
71BA	C-GRBT	AS50
71BD	C-GRBW	C414
71BF	C-GRBY	EC30
71C1	C-GRCA	C152
71C3	C-GRCC	C56X
71C4	C-GRCD	C152
71C9	C-GRCI	CL60
71CB	C-GRCK	GLID
71CC	C-GRCL	GLST
71D0	C-GRCP	P28R
71D1	C-GRCQ	B06
71D4	C-GRCT	S22T
71D5	C-GRCU	RV6
71D8	C-GRCX	P28U
71D9	C-GRCY	CL60
71DA	C-GRCZ	GLID
71DB	C-GRDA	C150
71DC	C-GRDB	C172
71E0	C-GRDF	PAY3
71E1	C-GRDG	PA34
71E2	C-GRDH	RBEL
71E3	C-GRDI	AS50
71E5	C-GRDK	PA32
71E8	C-GRDN	VEZE
71EA	C-GRDP	C177
71ED	C-GRDS	SF34
71EE	C-GRDT	R44
71EF	C-GRDU	DA40
71F1	C-GRDW	C310
71F7	C-GREC	P28A
71F9	C-GREE	G150
71FB	C-GREG	C82R
71FC	C-GREH	C337
71FD	C-GREI	C172
71FE	C-GREJ	AT75
7205	C-GREQ	C680
7208	C-GRET	R44
7209	C-GREU	UH1
720D	C-GREY	C340
7210	C-GRFB	C172
7211	C-GRFC	C560
7212	C-GRFD	B06
7214	C-GRFF	P46T
7215	C-GRFG	C182
7216	C-GRFH	P28B
7219	C-GRFK	C172
721A	C-GRFL	C340
721B	C-GRFM	AS50
7223	C-GRFU	AT72
7225	C-GRFW	C172
7228	C-GRFZ	B06
722B	C-GRGC	C182
722E	C-GRGF	B350
7231	C-GRGI	DH8A
7232	C-GRGJ	AS50
7235	C-GRGM	FA7X
7239	C-GRGQ	B212
723A	C-GRGR	BE23
723C	C-GRGT	B06
7241	C-GRGY	UH1
7243	C-GRHA	B212
7244	C-GRHB	C208
7246	C-GRHD	E550
7247	C-GRHE	BE20
724A	C-GRHH	AS50
724B	C-GRHI	B212
724D	C-GRHK	AS50
724E	C-GRHL	AS50
724F	C-GRHM	R44
7250	C-GRHN	AS50
7251	C-GRHO	C150
7254	C-GRHR	GLF6
7255	C-GRHS	B212
7256	C-GRHT	C152
7257	C-GRHU	UH1
725B	C-GRHY	B06
725D	C-GRIA	CRJ2
725E	C-GRIB	BE55
7260	C-GRID	H500
7261	C-GRIE	P28A
7267	C-GRIK	AEST
7268	C-GRIL	B212
7269	C-GRIM	C172
726A	C-GRIN	AA5
726B	C-GRIO	B407
726D	C-GRIQ	AS50
726F	C-GRIS	DA40
7272	C-GRIV	RV6
7273	C-GRIW	C185
7277	C-GRJA	PA31
7278	C-GRJB	SR22
727D	C-GRJG	C182
7284	C-GRJN	S92
7285	C-GRJO	AS50
7286	C-GRJP	ASTR
7288	C-GRJR	P180
728A	C-GRJT	RV4
728D	C-GRJW	C182
728F	C-GRJY	C172
7290	C-GRJZ	B350
7292	C-GRKB	B738
7293	C-GRKC	C152
7299	C-GRKI	PA38
72A2	C-GRKR	PA24
72A4	C-GRKT	AC11
72A7	C-GRKW	GLID
72A9	C-GRKY	AT5T
72AA	C-GRKZ	P28A
72AB	C-GRLA	WAIX
72AD	C-GRLC	PA18
72AF	C-GRLE	DH8D
72B3	C-GRLI	C170
72B5	C-GRLK	B06
72B6	C-GRLL	DA40
72B9	C-GRLO	HROC
72BC	C-GRLR	RV4
72BF	C-GRLU	C182
72C3	C-GRLY	C172
72C4	C-GRLZ	M7
72C8	C-GRMD	AA5
72CA	C-GRMF	AA5
72CB	C-GRMG	PA24
72CC	C-GRMH	B06
72CF	C-GRMK	BE33
72D0	C-GRML	EC20
72D1	C-GRMM	AA1
72D2	C-GRMN	AA5
72D3	C-GRMO	AA5
72D4	C-GRMP	AA5
72D6	C-GRMR	AA5
72D9	C-GRMU	C208
72DA	C-GRMV	AA5
72DD	C-GRMY	AA5
72E3	C-GRNE	PA31
72E6	C-GRNH	PA12
72EA	C-GRNL	P28R
72EB	C-GRNM	BE35
72EF	C-GRNF	C172
72F0	C-GRNR	B212
72F2	C-GRNT	B462
72FB	C-GROC	C182
72FD	C-GROE	C172
72FF	C-GROG	F2TH
7301	C-GROI	M20P
7303	C-GROK	RV10
7305	C-GROM	AA5
730C	C-GROT	C210
730D	C-GROU	C82R
730E	C-GROV	BCS3
7310	C-GROX	C182
7313	C-GRPA	RV6
7315	C-GRPC	C182
731A	C-GRPH	M20P
731C	C-GRPJ	RV7
731F	C-GRPM	MM24
7320	C-GRPN	P28A
7321	C-GRPO	R44
7324	C-GRPR	C172
7329	C-GRPW	PELI
732B	C-GRPY	RV10
732E	C-GRQB	RV9
7334	C-GRQH	PA31
7336	C-GRQJ	PIVI
7339	C-GRQM	P28A
733A	C-GRQN	PA18
733C	C-GRQP	DH8D
733E	C-GRQR	P28A
733F	C-GRQS	C421
7340	C-GRQT	P28A
7341	C-GRQU	PA38
7343	C-GRQW	P28B
7344	C-GRQX	B505
7345	C-GRQY	CL30
7346	C-GRQZ	B505
7348	C-GRRB	AA5
7349	C-GRRC	AA5
734A	C-GRRD	C510
734B	C-GRRE	B505
734E	C-GRRH	AA1
7351	C-GRRK	DA40
7352	C-GRRL	Z42
7353	C-GRRM	GA7
7354	C-GRRN	LA4
7356	C-GRRP	C206
7357	C-GRRQ	B505
7358	C-GRRR	P28U
735D	C-GRRW	AA5
735E	C-GRRX	AA5
735F	C-GRRY	AA5
7362	C-GRSB	DC3
7369	C-GRSI	B505
736C	C-GRSL	BE9L
7370	C-GRSP	P06T
7374	C-GRST	GALX
7375	C-GRSU	B505
7376	C-GRSV	B412
7377	C-GRSW	C185
7378	C-GRSX	O1
737A	C-GRSZ	B429
737B	C-GRTA	FA7X
737C	C-GRTB	B738
737D	C-GRTC	PA44
737E	C-GRTD	C180
7380	C-GRTF	C172
7381	C-GRTG	P180
7383	C-GRTI	C182
7384	C-GRTJ	DV20
7385	C-GRTK	P28S
7386	C-GRTL	AS50
7388	C-GRTN	RV6
7389	C-GRTO	PA27
738F	C-GRTU	B505
7391	C-GRTW	B505
7395	C-GRUA	C82R
7396	C-GRUB	CL60
7397	C-GRUC	C208
7398	C-GRUD	C177
739A	C-GRUF	RV4
739B	C-GRUG	C172
739D	C-GRUI	C152
739E	C-GRUJ	BE35
73A0	C-GRUL	C182
73A1	C-GRUM	C180
73A5	C-GRUQ	BE35
73A6	C-GRUR	DH8C
73A7	C-GRUS	BT36
73A9	C-GRUU	B350
73AF	C-GRVA	PA38
73B0	C-GRVB	RV6
73B1	C-GRVC	C172
73B3	C-GRVE	RV7
73B4	C-GRVF	RV7
73B7	C-GRVI	C172
73B8	C-GRVJ	RV9
73B9	C-GRVK	PA38
73BA	C-GRVL	C172
73BB	C-GRVM	RV4
73BC	C-GRVN	RV9
73C1	C-GRVS	GLID
73C3	C-GRVU	RV8
73C5	C-GRVW	RV8
73CA	C-GRWB	P28A
73CC	C-GRWD	BE55
73CD	C-GRWE	RV7
73CF	C-GRWG	B06
73D2	C-GRWJ	P28R
73D3	C-GRWK	UH1
73D4	C-GRWL	AA5
73D5	C-GRWM	PA18
73D6	C-GRWN	PA31
73D7	C-GRWO	BE35
73DA	C-GRWR	PA32
73DB	C-GRWS	B38M
73DE	C-GRWV	AS65
73DF	C-GRWW	P28A
73E4	C-GRXB	PC12
73E6	C-GRXD	PC12
73E7	C-GRXE	PC12
73EA	C-GRXH	PC12
73ED	C-GRXK	C182
73EF	C-GRXM	PC12
73F0	C-GRXN	PC12
73F1	C-GRXO	PC12
73F2	C-GRXP	PC12
73F3	C-GRXQ	GLID
73F4	C-GRXR	PC12
73FA	C-GRXX	B350
73FD	C-GRYA	R44
73FE	C-GRYB	C152
73FF	C-GRYC	C560
7405	C-GRYI	AT45
7406	C-GRYJ	C172
740C	C-GRYP	C172
740F	C-GRYS	BE20
7413	C-GRYW	AS50
7415	C-GRYY	C172
7416	C-GRYZ	PA11
741A	C-GRZD	C172
741B	C-GRZE	AA5
741D	C-GRZG	C172
741E	C-GRZH	GLIM
7426	C-GRZP	P28A
7428	C-GRZR	P28R
742D	C-GRZW	PA38
742F	C-GRZY	PA18
7432	C-GSAB	C510
7433	C-GSAC	C172
7435	C-GSAE	BE20
7437	C-GSAG	PC12
7438	C-GSAH	BE20
7439	C-GSAI	C206
743A	C-GSAJ	AC11
743B	C-GSAK	BE95
7440	C-GSAP	GLEX
7441	C-GSAQ	C150
7442	C-GSAR	C172
7443	C-GSAS	C208
7444	C-GSAT	CL60
7445	C-GSAU	BE20
7446	C-GSAV	BE20
7448	C-GSAX	D228
744A	C-GSAZ	PA31
744C	C-GSBB	EAGL
744D	C-GSBC	F2TH
744F	C-GSBE	C172
7450	C-GSBF	SR22
7451	C-GSBG	PA31
7457	C-GSBM	BE55
7459	C-GSBO	C172
745C	C-GSBR	EC30
745D	C-GSBS	GLST
745E	C-GSBT	P28A
7464	C-GSBZ	RV6
7465	C-GSCA	LEG2
7466	C-GSCB	C172
7467	C-GSCC	C82R
7468	C-GSCD	C82R
7469	C-GSCE	C170
746B	C-GSCG	C82R
746C	C-GSCH	S92
746D	C-GSCI	C82R
7470	C-GSCL	R44
7474	C-GSCP	C150
7475	C-GSCQ	C172
7476	C-GSCR	C172
7477	C-GSCS	C172
7478	C-GSCT	C172
7479	C-GSCU	BE33
747B	C-GSCW	BE33
747C	C-GSCX	C172
747D	C-GSCY	BE33
747F	C-GSDA	BPUM
7482	C-GSDD	C172
7483	C-GSDE	M20P
7484	C-GSDF	R44
7485	C-GSDG	C208
7486	C-GSDH	BE35
7489	C-GSDK	ST75
748A	C-GSDL	C172
748B	C-GSDM	SR22
748C	C-GSDN	C82R
7490	C-GSDR	RV7
7492	C-GSDT	PA31
7493	C-GSDU	R66
7495	C-GSDW	C206
7498	C-GSDZ	C172
7499	C-GSEA	C182
749A	C-GSEB	B06
749C	C-GSED	GLST
74A0	C-GSEH	C182
74A2	C-GSEJ	RV7
74A3	C-GSEK	LNC4
74A5	C-GSEM	LNP4
74A6	C-GSEN	C172
74A7	C-GSEO	C172
74A9	C-GSEQ	C172
74AA	C-GSER	PA24
74AD	C-GSEU	C172
74AE	C-GSEV	RV6
74AF	C-GSEW	CP32
74B1	C-GSEY	C172
74B2	C-GSEZ	C205
74B3	C-GSFA	C206
74B4	C-GSFB	BE76
74B5	C-GSFC	C172
74B6	C-GSFD	C172
74B7	C-GSFE	M7
74BB	C-GSFI	T206
74BE	C-GSFL	PA25
74C0	C-GSFN	PA31
74C1	C-GSFO	C172
74C4	C-GSFR	C172
74C5	C-GSFS	C152
74C6	C-GSFT	C172
74C7	C-GSFU	F2TH
74CA	C-GSFX	C172
74CB	C-GSFY	GLEX
74CD	C-GSGA	C208
74CE	C-GSGB	PA24
74CF	C-GSGC	SR22
74D1	C-GSGE	P28R
74D2	C-GSGF	DHC6
74D3	C-GSGG	C172
74D4	C-GSGH	AS50
74D6	C-GSGJ	C208
74D7	C-GSGK	UH1
74D8	C-GSGL	C208
74DA	C-GSGN	C180
74DC	C-GSGP	DHC6
74DD	C-GSGQ	C340
74DE	C-GSGR	BN2P
74E0	C-GSGT	B212
74E1	C-GSGU	C208
74E2	C-GSGV	C208
74E3	C-GSGW	C208
74E5	C-GSGY	C208
74E6	C-GSGZ	C208
74E9	C-GSHC	B212
74EA	C-GSHD	A119
74EC	C-GSHF	B06
74ED	C-GSHG	UH1
74EE	C-GSHH	DA40
74EF	C-GSHI	C56X
74F0	C-GSHJ	B06
74F5	C-GSHO	GLAS
74F6	C-GSHP	SH36
74F7	C-GSHQ	AC95
74F8	C-GSHR	C150
74F9	C-GSHS	C310
74FB	C-GSHU	E550
74FD	C-GSHW	B06
74FF	C-GSHY	A169
7501	C-GSIA	BE20
7503	C-GSIC	RBEL
7505	C-GSIE	M20P
7506	C-GSIF	C172
750F	C-GSIO	A169
7512	C-GSIR	PA27
7515	C-GSIU	DA40
7516	C-GSIV	A169
751A	C-GSIZ	P28R
751B	C-GSJA	PA24
751C	C-GSJB	A319
751D	C-GSJC	C172
751E	C-GSJD	P28R
7520	C-GSJF	PA38
7522	C-GSJH	M20P
7524	C-GSJJ	C206
7525	C-GSJK	CL30
7526	C-GSJL	HROC
7527	C-GSJM	PA14
752C	C-GSJR	R44
752E	C-GSJT	C172
7530	C-GSJV	LJ40
7531	C-GSJW	P28A
7532	C-GSJX	P28A
7533	C-GSJY	C172
7534	C-GSJZ	DH8D
7535	C-GSKA	B190
7536	C-GSKB	B190
7538	C-GSKD	HUSK
753A	C-GSKF	C172
753B	C-GSKG	B190
753D	C-GSKI	AS50
753E	C-GSKJ	AS50
7541	C-GSKM	B190
7542	C-GSKN	B190
7544	C-GSKP	C172
7545	C-GSKQ	CVLT
7546	C-GSKR	CVLT
7547	C-GSKS	DA40
7548	C-GSKT	AS50
754A	C-GSKV	C208
754B	C-GSKW	B190
754C	C-GSKX	B06
754F	C-GSLA	T28
7551	C-GSLC	C56X
7555	C-GSLG	GLID
7556	C-GSLH	B212
7557	C-GSLI	B212
7558	C-GSLJ	A119
7559	C-GSLK	AT5T
755B	C-GSLM	P28A
755F	C-GSLQ	B212
7560	C-GSLR	B212
7561	C-GSLS	C182
7562	C-GSLT	PA46
7564	C-GSLV	B06
7565	C-GSLW	C25B
7566	C-GSLX	B190
7567	C-GSLY	AS50
7568	C-GSLZ	B212
756B	C-GSMC	RV7
756C	C-GSMD	PA34
756D	C-GSME	M20P
7571	C-GSMI	M20P
7572	C-GSMJ	PC12
7575	C-GSMM	P28A
757A	C-GSMR	F2TH
757C	C-GSMT	DV20
757D	C-GSMU	S22T
7580	C-GSMX	C206
7585	C-GSNC	P32R
7587	C-GSNE	R66
7588	C-GSNF	BE20
7589	C-GSNG	BE58
758B	C-GSNI	BE20
758F	C-GSNM	BE9L
7591	C-GSNO	M20P
7593	C-GSNQ	B190
7594	C-GSNR	BE20
7595	C-GSNS	RV6
759D	C-GSOA	AS50
75A0	C-GSOD	C182
75A2	C-GSOF	AS32
75A8	C-GSOL	R44
75AC	C-GSOP	Z42
75B1	C-GSOU	EC30
75B3	C-GSOW	R44
75B4	C-GSOX	AS50
75B6	C-GSOZ	DHC6
75B7	C-GSPA	C172
75B8	C-GSPB	DA40
75B9	C-GSPC	GLST
75BA	C-GSPD	C172
75BB	C-GSPE	B407
75BE	C-GSPH	LNCE
75C0	C-GSPJ	BE24
75C1	C-GSPK	C185
75C2	C-GSPL	M20P
75C4	C-GSPN	P28A
75C7	C-GSPQ	C172
75CB	C-GSPU	B407
75CC	C-GSPV	GLEX
75CD	C-GSPW	B732
75CE	C-GSPX	P28R
75CF	C-GSPY	C172
75D0	C-GSPZ	B505
75D2	C-GSQB	B407
75D3	C-GSQC	H25B
75D4	C-GSQD	C402
75D5	C-GSQE	WW24
75DB	C-GSQK	B429
75DD	C-GSQM	B212
75DE	C-GSQN	C172
75DF	C-GSQO	B429
75E0	C-GSQP	EC45
75E1	C-GSQQ	B412
75E4	C-GSQT	PA24
75E6	C-GSQV	P28A
75E9	C-GSQY	CLB1
75EB	C-GSRA	CH7B
75EC	C-GSRB	M20T
75ED	C-GSRC	SR22
75F1	C-GSRG	C525
75F2	C-GSRH	B212
75F3	C-GSRI	AT8T
75F4	C-GSRJ	C182
75FB	C-GSRQ	AS50
75FC	C-GSRR	AT43
7600	C-GSRV	RV4
7601	C-GSRW	PA31
7603	C-GSRY	P28S
7606	C-GSSB	C177
7607	C-GSSC	C208
760A	C-GSSF	BT36
7611	C-GSSM	C172
7613	C-GSSO	CH70
7614	C-GSSP	C172
7617	C-GSSS	AS50
761E	C-GSSZ	C172
7621	C-GSTC	C172
7625	C-GSTG	CL60
7626	C-GSTH	R44
7627	C-GSTI	GLF6
762D	C-GSTO	C172
762F	C-GSTQ	C172
7630	C-GSTR	DA40
7632	C-GSTT	RV9
7633	C-GSTU	PA27
7634	C-GSTV	AS50
7637	C-GSTY	RF6
7638	C-GSTZ	AS50
763A	C-GSUB	C182
7641	C-GSUI	RJ1H
7642	C-GSUJ	AC90
7646	C-GSUN	GLEX
7649	C-GSUQ	C421
764A	C-GSUR	DH8C
764E	C-GSUV	DHC3
7652	C-GSUZ	T206
7654	C-GSVB	SV4
765B	C-GSVI	C310
765F	C-GSVM	A169
7660	C-GSVN	C180
7662	C-GSVP	C172
7664	C-GSVR	R22
7665	C-GSVS	C150
7667	C-GSVU	M20T
7668	C-GSVV	T206
766B	C-GSVY	AS50
766E	C-GSWB	B190
766F	C-GSWC	C185
7671	C-GSWE	C310
7674	C-GSWH	C182
7676	C-GSWJ	B38M
7677	C-GSWK	SW4
7678	C-GSWL	B738
7679	C-GSWM	C150
767D	C-GSWQ	LJ45
767E	C-GSWR	C182
767F	C-GSWS	AS50
7680	C-GSWT	GC1
7681	C-GSWU	BE20
7682	C-GSWV	B190
7684	C-GSWX	B190
7685	C-GSWY	PA31
7686	C-GSWZ	B190
7689	C-GSXC	FA10
768D	C-GSXG	P28A
7690	C-GSXJ	FA10
7692	C-GSXL	C82R
7693	C-GSXM	FBA2
7699	C-GSXS	C182
769A	C-GSXT	C150
769B	C-GSXU	C152
769C	C-GSXV	R44
769E	C-GSXX	C525
76A1	C-GSYA	M20T
76A2	C-GSYB	AT8T
76A3	C-GSYC	B350
76A6	C-GSYF	AT8T
76A7	C-GSYG	H269
76A8	C-GSYH	PA27
76A9	C-GSYI	PA25
76AA	C-GSYJ	C172
76AB	C-GSYK	AT8T
76AC	C-GSYL	CH30
76AD	C-GSYM	C525
76AE	C-GSYN	G2CA
76B0	C-GSYP	C140
76B3	C-GSYS	C180
76B4	C-GSYT	C206
76B6	C-GSYV	RBEL
76B8	C-GSYX	AS55
76B9	C-GSYY	CH7B
76BD	C-GSZC	C172
76C7	C-GSZM	H500
76CC	C-GSZR	AT5T
76CE	C-GSZT	C182
76D5	C-GTAA	C185
76D6	C-GTAB	PA34
76D9	C-GTAE	C172
76DA	C-GTAF	M20P
76DB	C-GTAG	DH8C
76DD	C-GTAI	PC12
76DE	C-GTAJ	M20T
76E1	C-GTAM	AS50
76E3	C-GTAO	PA46
76E5	C-GTAQ	DH8C
76E7	C-GTAS	SS2P
76E8	C-GTAT	DH8C
76EA	C-GTAV	C337
76EE	C-GTAZ	C172
76F0	C-GTBB	H269
76F2	C-GTBD	E545
76F4	C-GTBF	C172
76F5	C-GTBG	AT3P
76F7	C-GTBI	C182
76F9	C-GTBK	PA22
76FB	C-GTBM	TBM8
76FF	C-GTBQ	DHC2
7700	C-GTBR	TOBA
7701	C-GTBS	TB21
7702	C-GTBT	TB20
7703	C-GTBU	SC7
7704	C-GTBV	DHC2
7705	C-GTBW	TB20
7707	C-GTBY	C208
7708	C-GTBZ	TB20
7709	C-GTCA	QUIC
770A	C-GTCB	P46T
770D	C-GTCE	B06
770F	C-GTCG	PA34
7710	C-GTCH	BL17
7712	C-GTCJ	B752
7716	C-GTCN	C172
7717	C-GTCO	DH8A
7718	C-GTCP	B06
771B	C-GTCS	AT5T
771C	C-GTCT	RV7
771E	C-GTCV	B06
7720	C-GTCX	AS50
7721	C-GTCY	A321
7722	C-GTCZ	COZY
7724	C-GTDB	BE30
7726	C-GTDD	GLAS
7728	C-GTDF	DV20
772B	C-GTDI	C172
772D	C-GTDK	C172
772E	C-GTDL	C180
7730	C-GTDN	BT36
7731	C-GTDO	DV20
7732	C-GTDP	RV9
7736	C-GTDT	C152
7737	C-GTDU	AT6T
7739	C-GTDW	P28B
773A	C-GTDX	DA42
773B	C-GTDY	AA1
773E	C-GTEB	C182
7740	C-GTED	K100
7748	C-GTEL	C337
7749	C-GTEM	B350
774C	C-GTEP	PA44
774D	C-GTEQ	AS50
774E	C-GTER	P28B
774F	C-GTES	S22T
7752	C-GTEV	BE9T
7753	C-GTEW	PA31
7754	C-GTEX	C172
7757	C-GTFA	CH30
7759	C-GTFC	CVLP
775B	C-GTFE	CH70
775C	C-GTFF	B74S
7761	C-GTFK	AS50
7762	C-GTFL	AA5
7763	C-GTFM	PA34
7768	C-GTFR	TRF1
776A	C-GTFT	C182
776B	C-GTFU	GALX
776E	C-GTFX	AS50
7771	C-GTGA	B190
7778	C-GTGH	C152
777B	C-GTGK	BE23
777C	C-GTGL	C172
777D	C-GTGM	PA30
777E	C-GTGN	C185
777F	C-GTGO	C560
7780	C-GTGP	BE20
7781	C-GTGQ	C303
7782	C-GTGR	C421
7789	C-GTGY	P28A
778A	C-GTGZ	COL3
778E	C-GTHD	PA46
7790	C-GTHF	C182
7791	C-GTHG	C177
7793	C-GTHI	F900
7795	C-GTHK	B212
7796	C-GTHL	C172
7797	C-GTHM	R44
7799	C-GTHO	LNCE
779B	C-GTHQ	R44
77A1	C-GTHW	B06
77A2	C-GTHX	PA24
77A5	C-GTIA	AS50
77A8	C-GTID	CRJ9
77A9	C-GTIE	GL5T
77AA	C-GTIF	M20T
77AE	C-GTIJ	M20P
77B0	C-GTIL	R66
77B1	C-GTIM	SW4
77B4	C-GTIP	BE33
77B6	C-GTIR	C172
77B7	C-GTIS	B06
77BA	C-GTIV	PA27
77BB	C-GTIW	PA31
77BC	C-GTIX	WAIX
77BF	C-GTJA	CRJ2
77C0	C-GTJB	PA46
77C2	C-GTJD	R44
77C3	C-GTJE	RV10
77C4	C-GTJF	PA31
77C5	C-GTJG	P28T
77C6	C-GTJH	P28A
77C8	C-GTJJ	PA31
77C9	C-GTJK	MR35
77CA	C-GTJL	LJ35
77CD	C-GTJO	CL60
77D1	C-GTJS	BE24
77D5	C-GTJW	C72R
77D9	C-GTKA	BE23
77DA	C-GTKB	DHC6
77DB	C-GTKC	P32R
77DC	C-GTKD	C206
77E8	C-GTKP	GLID
77E9	C-GTKQ	P28A
77EB	C-GTKS	SR20
77EC	C-GTKT	C172
77F1	C-GTKY	SR22
77F3	C-GTLA	F900
77F5	C-GTLC	AS55
77F6	C-GTLD	C182
77F8	C-GTLF	C172
77F9	C-GTLG	DA40
77FC	C-GTLJ	SR20
77FE	C-GTLL	C150
7800	C-GTLN	M7
7802	C-GTLP	LJ70
7804	C-GTLR	C177
7805	C-GTLS	BE10
7806	C-GTLT	DHC2
7809	C-GTLW	AS65
780A	C-GTLX	PC24
780C	C-GTLZ	C172
7811	C-GTME	Y18T
7816	C-GTMJ	C414
7817	C-GTMK	P28A
7819	C-GTMM	PAY1
781A	C-GTMN	P46T
781B	C-GTMO	C150
781D	C-GTMQ	C206
781E	C-GTMR	C182
7823	C-GTMW	DHC3
7826	C-GTMZ	P28A
7827	C-GTNA	PA30
782A	C-GTND	C182
782B	C-GTNE	C185
782C	C-GTNF	PA34
782D	C-GTNG	AT76
7831	C-GTNK	B06
7832	C-GTNL	M600
7833	C-GTNM	C425
7835	C-GTNO	C208
7838	C-GTNR	AS50
783A	C-GTNT	M20P
783B	C-GTNU	AS50
783D	C-GTNW	BT36
783E	C-GTNX	GL7T
783F	C-GTNY	B06
7844	C-GTOD	CA4
7845	C-GTOE	M20P
7847	C-GTOG	C680
784B	C-GTOK	B06
784C	C-GTOL	C501
784D	C-GTOM	B06
784E	C-GTON	C172
7850	C-GTOP	C340
7851	C-GTOQ	C172
7852	C-GTOR	K100
7854	C-GTOT	PA23
7859	C-GTOY	C182
785A	C-GTOZ	L39
785B	C-GTPA	C182
785D	C-GTPC	RV8
7860	C-GTPF	AS50
7861	C-GTPG	R66
7864	C-GTPJ	CL35
7866	C-GTPL	F2TH
7868	C-GTPN	P28A
786B	C-GTPQ	R44
786D	C-GTPS	PTS2
7871	C-GTPW	C150
7873	C-GTPY	GLST
7874	C-GTPZ	C340
7878	C-GTQD	B06
787D	C-GTQI	GL7T
7880	C-GTQL	C172
7883	C-GTQO	DV20
7884	C-GTQP	GL7T
7885	C-GTQQ	C172
7887	C-GTQS	R44
788F	C-GTRA	C172
7890	C-GTRB	BL8
7892	C-GTRD	DA40
7893	C-GTRE	B06
7894	C-GTRF	GLID
7895	C-GTRG	GALX
7896	C-GTRH	B212
7897	C-GTRI	PA24
789B	C-GTRM	GLID
789F	C-GTRQ	PA38
78A6	C-GTRX	AC11
78A7	C-GTRY	C182
78A9	C-GTSA	M20P
78AC	C-GTSD	A333
78AE	C-GTSF	A310
78B0	C-GTSH	BE30
78B1	C-GTSI	C414
78B2	C-GTSJ	A332
78B3	C-GTSK	C182
78B5	C-GTSM	SR22
78B6	C-GTSN	BE10
78B9	C-GTSQ	SR20
78BA	C-GTSR	A332
78BC	C-GTST	T206
78BF	C-GTSW	B38M
78C0	C-GTSX	C25B
78C1	C-GTSY	A310
78C2	C-GTSZ	A332
78C4	C-GTTB	C210
78C6	C-GTTD	AEST
78C7	C-GTTE	AS50
78C9	C-GTTG	M20P
78CA	C-GTTH	R44
78CB	C-GTTI	T28
78CC	C-GTTJ	C182
78CD	C-GTTK	C210
78CF	C-GTTM	SW3
78D1	C-GTTO	R44
78D5	C-GTTS	C25M
78D7	C-GTTU	DHC2
78D8	C-GTTV	PA46
78D9	C-GTTW	BE23
78DA	C-GTTX	BT36
78E2	C-GTUF	CL35
78E7	C-GTUK	B732
78ED	C-GTUQ	EC45
78EE	C-GTUR	C206
78EF	C-GTUS	AC11
78F2	C-GTUV	P210
78F3	C-GTUW	AT5T
78F7	C-GTVA	B06
78F8	C-GTVB	BE35
78FE	C-GTVH	AS50
78FF	C-GTVI	C172
7902	C-GTVL	B06
7903	C-GTVM	C185
7905	C-GTVO	B732
7909	C-GTVS	B738
790A	C-GTVT	C172
790C	C-GTVV	AS65
790E	C-GTVX	M20P
790F	C-GTVY	AS50
7911	C-GTWA	C185
7913	C-GTWC	C150
7915	C-GTWE	DH8D
7916	C-GTWF	B412
7919	C-GTWI	B412
791B	C-GTWK	SF34
7923	C-GTWS	B737
7925	C-GTWU	G2CA
7927	C-GTWW	BE9L
7929	C-GTWY	PA31
792A	C-GTWZ	C172
792B	C-GTXA	C172
792C	C-GTXB	C180
792F	C-GTXE	LJ35
7931	C-GTXG	PA34
7934	C-GTXJ	HUSK
7935	C-GTXK	AS50
7937	C-GTXM	LJ35
793A	C-GTXP	HUSK
793D	C-GTXS	LJ35
793E	C-GTXT	C82R
793F	C-GTXU	C210
7946	C-GTYB	C152
7947	C-GTYC	HUSK
794B	C-GTYG	PC12
794C	C-GTYH	PA34
794D	C-GTYI	C152
7951	C-GTYM	C172
7952	C-GTYN	BE23
7955	C-GTYQ	C152
7957	C-GTYS	RV8
7958	C-GTYT	RV6
7959	C-GTYU	B06
795A	C-GTYV	B06
795C	C-GTYX	DHC6
7960	C-GTZB	B06
7963	C-GTZE	CH7B
7965	C-GTZG	RV9
7966	C-GTZH	BCS3
796C	C-GTZN	EC30
796D	C-GTZO	EC30
796E	C-GTZP	AS50
796F	C-GTZQ	AS50
7970	C-GTZR	H500
7971	C-GTZS	BCS3
7973	C-GTZU	BCS3
7975	C-GTZW	PA38
7977	C-GTZY	PA38
7978	C-GTZZ	GLID
7979	C-GUAA	E300
797A	C-GUAB	P28B
797B	C-GUAC	BCS3
797C	C-GUAD	C182
797D	C-GUAE	C172
7980	C-GUAH	PA34
7981	C-GUAI	DH8C
7982	C-GUAJ	B763
7984	C-GUAL	C180
7988	C-GUAP	B06
7989	C-GUAQ	BE35
798A	C-GUAR	R22
7991	C-GUAY	C208
7993	C-GUBA	A332
7994	C-GUBB	DA40
7995	C-GUBC	A332
7996	C-GUBD	A332
7997	C-GUBE	P28A
7998	C-GUBF	A332
799A	C-GUBH	A332
799B	C-GUBI	C172
799D	C-GUBK	C182
799E	C-GUBL	A332
79A1	C-GUBO	A333
79A2	C-GUBP	C182
79A4	C-GUBR	C172
79A6	C-GUBT	A332
79A7	C-GUBU	DH8D
79AA	C-GUBX	P28A
79AB	C-GUBY	C172
79AD	C-GUCA	PA31
79AE	C-GUCB	C170
79B0	C-GUCD	PA25
79B4	C-GUCH	C172
79B6	C-GUCJ	C172
79B8	C-GUCL	C180
79BD	C-GUCQ	DH8D
79C0	C-GUCT	C185
79C1	C-GUCU	C172
79C3	C-GUCW	C150
79C5	C-GUCY	C185
79C7	C-GUDA	C172
79C8	C-GUDB	C150
79C9	C-GUDC	DH8D
79CD	C-GUDG	AA5
79CE	C-GUDH	B789
79CF	C-GUDI	C170
79D1	C-GUDK	DHC3
79D2	C-GUDL	M7
79D3	C-GUDM	GLID
79D5	C-GUDO	B789
79D7	C-GUDQ	C172
79D8	C-GUDR	AA5
79D9	C-GUDS	C172
79DA	C-GUDT	C150
79DB	C-GUDU	C180
79DC	C-GUDV	P28A
79DF	C-GUDY	SR22
79E4	C-GUED	RV7
79E5	C-GUEE	R44
79EB	C-GUEK	C206
79F1	C-GUEQ	B505
79F4	C-GUET	G2CA
79F7	C-GUEW	RV10
79F9	C-GUEY	C140
79FB	C-GUFA	FOX
79FC	C-GUFB	C172
79FD	C-GUFC	C172
79FF	C-GUFE	C180
7A00	C-GUFF	C185
7A04	C-GUFJ	C206
7A07	C-GUFM	C140
7A08	C-GUFN	C150
7A0C	C-GUFR	A332
7A0E	C-GUFT	AA5
7A13	C-GUFY	M700
7A14	C-GUFZ	A332
7A15	C-GUGA	P28A
7A16	C-GUGB	C172
7A17	C-GUGC	C150
7A18	C-GUGD	C185
7A1B	C-GUGG	B06
7A1E	C-GUGJ	HUSK
7A1F	C-GUGK	C182
7A23	C-GUGO	C150
7A24	C-GUGP	C172
7A25	C-GUGQ	DHC2
7A27	C-GUGS	CL35
7A28	C-GUGT	C172
7A29	C-GUGU	GLF5
7A2D	C-GUGY	CL35
7A2E	C-GUGZ	C172
7A31	C-GUHC	AA5
7A32	C-GUHD	AA5
7A33	C-GUHE	CL35
7A35	C-GUHG	AA5
7A38	C-GUHJ	P28A
7A39	C-GUHK	AEST
7A3B	C-GUHM	B06
7A40	C-GUHR	C172
7A45	C-GUHW	C172
7A4A	C-GUIB	C150
7A4F	C-GUIG	R44
7A51	C-GUII	C180
7A52	C-GUIJ	C182
7A54	C-GUIL	C150
7A55	C-GUIM	C172
7A56	C-GUIN	P28A
7A5E	C-GUIV	P28A
7A62	C-GUIZ	DH8D
7A63	C-GUJA	CRJ2
7A65	C-GUJC	B407
7A68	C-GUJF	GLID
7A69	C-GUJG	GLID
7A6D	C-GUJK	DH8D
7A6F	C-GUJM	C185
7A71	C-GUJO	C172
7A74	C-GUJR	C172
7A75	C-GUJS	C172
7A78	C-GUJV	DH8D
7A7C	C-GUJZ	DH8D
7A7D	C-GUKA	PA27
7A83	C-GUKG	P28A
7A84	C-GUKH	DH8D
7A85	C-GUKI	C172
7A8E	C-GUKR	RV6
7A92	C-GUKV	S76
7A9C	C-GULF	RV7
7A9F	C-GULI	T28
7AA1	C-GULK	BE33
7AA3	C-GULM	PA31
7AA4	C-GULN	B38M
7AAB	C-GULU	AT43
7AB0	C-GULZ	P32R
7AB2	C-GUMB	R44
7AB4	C-GUMD	PA46
7AB6	C-GUMF	C182
7ABB	C-GUMK	R44
7ABE	C-GUMN	C182
7AC1	C-GUMQ	PA31
7AC3	C-GUMS	C172
7AC4	C-GUMT	P32R
7AC6	C-GUMV	C172
7AC7	C-GUMW	CL2P
7ACB	C-GUNA	SS2T
7ACC	C-GUNB	C172
7ACD	C-GUNC	C82R
7ACE	C-GUND	BE20
7ACF	C-GUNE	C172
7AD2	C-GUNH	C340
7AD4	C-GUNJ	C182
7AD5	C-GUNK	C185
7AD6	C-GUNL	EC30
7AD9	C-GUNO	AT43
7ADA	C-GUNP	PA31
7AE3	C-GUNY	R22
7AE5	C-GUOA	C177
7AE6	C-GUOB	C172
7AEA	C-GUOF	DHC6
7AF1	C-GUOM	C172
7AF5	C-GUOQ	PA22
7AF9	C-GUOU	C172
7AFF	C-GUPA	C172
7B02	C-GUPD	PL2
7B05	C-GUPG	BCS3
7B06	C-GUPH	AS50
7B07	C-GUPI	DA40
7B09	C-GUPK	BCS3
7B0A	C-GUPL	BCS3
7B0B	C-GUPM	DHC2
7B0E	C-GUPP	BE10
7B11	C-GUPS	C140
7B15	C-GUPW	B190
7B18	C-GUPZ	MM24
7B19	C-GUQA	P28A
7B1A	C-GUQB	C150
7B1F	C-GUQG	R44
7B22	C-GUQJ	C150
7B23	C-GUQK	C172
7B24	C-GUQL	BE23
7B25	C-GUQM	BE23
7B28	C-GUQP	ERCO
7B2E	C-GUQV	C185
7B31	C-GUQY	CH7A
7B38	C-GURF	B190
7B39	C-GURG	CL60
7B3A	C-GURH	P28A
7B3B	C-GURI	KA27
7B3C	C-GURJ	CL60
7B3F	C-GURM	DH8C
7B41	C-GURO	SS2P
7B42	C-GURP	B789
7B44	C-GURR	AA5
7B49	C-GURW	PA34
7B4D	C-GUSA	AT72
7B4E	C-GUSB	C182
7B55	C-GUSI	P46T
7B59	C-GUSM	LJ45
7B5C	C-GUSP	B36T
7B63	C-GUSW	B06
7B65	C-GUSY	C82R
7B67	C-GUTA	AJET
7B69	C-GUTC	C172
7B6B	C-GUTE	G2CA
7B6E	C-GUTH	B06
7B6F	C-GUTI	AS50
7B71	C-GUTK	AA5
7B75	C-GUTO	AJET
7B7A	C-GUTT	TLEG
7B7F	C-GUTY	AEST
7B87	C-GUUG	GL7T
7B88	C-GUUH	P28A
7B8C	C-GUUL	B37M
7B8F	C-GUUO	C180
7B93	C-GUUS	C208
7B94	C-GUUT	C180
7B95	C-GUUU	SR22
7B97	C-GUUW	B190
7B99	C-GUUY	C152
7BA0	C-GUVF	P28A
7BA2	C-GUVH	BCS3
7BA3	C-GUVI	C182
7BA6	C-GUVL	C172
7BA7	C-GUVM	BE23
7BA8	C-GUVN	BE23
7BAE	C-GUVT	DHC6
7BB0	C-GUVV	GLID
7BB2	C-GUVX	P28A
7BB6	C-GUWB	C172
7BB7	C-GUWC	S92
7BBA	C-GUWF	DHC2
7BBC	C-GUWH	KR2
7BBD	C-GUWI	C150
7BBE	C-GUWJ	B737
7BC5	C-GUWQ	C172
7BC6	C-GUWR	C172
7BC7	C-GUWS	B737
7BC9	C-GUWU	BE23
7BCA	C-GUWV	C172
7BCB	C-GUWW	SC7
7BCC	C-GUWX	B212
7BCD	C-GUWY	C140
7BD0	C-GUXB	GL7T
7BD3	C-GUXE	BE23
7BD4	C-GUXF	DH8A
7BD5	C-GUXG	GL7T
7BDA	C-GUXL	P28A
7BDC	C-GUXN	AA5
7BE3	C-GUXU	C172
7BE8	C-GUXZ	DH8C
7BE9	C-GUYA	B429
7BEC	C-GUYD	BE60
7BED	C-GUYE	PA24
7BEE	C-GUYF	PA22
7BF1	C-GUYI	R44
7BF4	C-GUYL	C172
7BF5	C-GUYM	RV4
7BFC	C-GUYT	C172
7BFF	C-GUYW	RV7
7C01	C-GUYY	C172
7C03	C-GUZA	M20P
7C05	C-GUZC	C172
7C06	C-GUZD	C172
7C09	C-GUZG	C152
7C0B	C-GUZI	C152
7C0C	C-GUZJ	C152
7C0F	C-GUZM	BT36
7C14	C-GUZR	C152
7C16	C-GUZT	C172
7C1C	C-GUZZ	C172
7C23	C-GVAG	PA31
7C24	C-GVAH	B06
7C26	C-GVAJ	B752
7C27	C-GVAK	C182
7C2A	C-GVAN	CH7B
7C2B	C-GVAO	C172
7C2F	C-GVAS	S76
7C31	C-GVAU	CH7B
7C32	C-GVAV	AS50
7C34	C-GVAX	C172
7C35	C-GVAY	C172
7C37	C-GVBA	C172
7C38	C-GVBB	C172
7C39	C-GVBC	AS50
7C3A	C-GVBD	AS50
7C3D	C-GVBG	C177
7C40	C-GVBJ	R44
7C43	C-GVBM	PA24
7C46	C-GVBP	C185
7C49	C-GVBS	C82R
7C4A	C-GVBT	AT5T
7C4B	C-GVBU	P28A
7C4C	C-GVBV	C172
7C4E	C-GVBX	RV4
7C4F	C-GVBY	R66
7C51	C-GVCA	C172
7C53	C-GVCC	M7
7C54	C-GVCD	PA31
7C55	C-GVCE	DA62
7C56	C-GVCF	M20T
7C58	C-GVCH	S92
7C59	C-GVCI	C425
7C5E	C-GVCN	B427
7C5F	C-GVCO	C172
7C60	C-GVCP	C172
7C62	C-GVCR	C172
7C63	C-GVCS	AS32
7C64	C-GVCT	R44
7C65	C-GVCU	B350
7C66	C-GVCV	C82R
7C68	C-GVCX	AS50
7C69	C-GVCY	B212
7C6E	C-GVDD	C182
7C6F	C-GVDE	AS50
7C70	C-GVDF	B36T
7C71	C-GVDG	PC12
7C72	C-GVDH	DHC6
7C73	C-GVDI	T206
7C78	G-GVDN	CRJ2
7C7A	C-GVDP	BCS3
7C7B	C-GVDQ	BCS3
7C7C	C-GVDR	PA24
7C7E	C-GVDT	C82R
7C7F	C-GVDU	C150
7C81	C-GVDW	LNC2
7C83	C-GVDY	AS50
7C88	C-GVED	AS50
7C8A	C-GVEF	C182
7C8B	C-GVEG	HUSK
7C8C	C-GVEH	PA30
7C8D	C-GVEI	AS50
7C91	C-GVEM	AS50
7C92	C-GVEN	DH8D
7C93	C-GVEO	SR20
7C96	C-GVER	C180
7C9B	C-GVEW	P28B
7C9F	C-GVFA	GLAS
7CA0	C-GVFB	ST75
7CA2	C-GVFD	C172
7CA3	C-GVFE	C172
7CA4	C-GVFF	WAIX
7CA5	C-GVFG	C172
7CA6	C-GVFH	RJ85
7CA9	C-GVFK	RJ85
7CAB	C-GVFM	CH7B
7CAC	C-GVFN	S92
7CAE	C-GVFP	DHC6
7CAF	C-GVFQ	B407
7CB2	C-GVFT	RJ85
7CB5	C-GVFW	C172
7CB6	C-GVFX	CL30
7CB9	C-GVGA	B190
7CBB	C-GVGC	PA32
7CBC	C-GVGD	BL8
7CBF	C-GVGG	BE56
7CC0	C-GVGH	GLAS
7CC6	C-GVGN	PA22
7CC9	C-GVGQ	B429
7CCC	C-GVGT	C337
7CCD	C-GVGU	C172
7CCF	C-GVGW	PA34
7CD0	C-GVGX	B407
7CD3	C-GVHA	B47G
7CD4	C-GVHB	B407
7CD5	C-GVHC	AS55
7CD7	C-GVHE	C172
7CDB	C-GVHI	AS50
7CDC	C-GVHJ	GLID
7CDF	C-GVHM	AS50
7CE2	C-GVHP	AS50
7CE4	C-GVHR	C172
7CE5	C-GVHS	R44
7CEA	C-GVHX	B06
7CEC	C-GVHZ	C206
7CEE	C-GVIB	F2TH
7CF1	C-GVIE	UH1
7CF3	C-GVIG	S76
7CF4	C-GVIH	B407
7CF5	C-GVII	B06
7CF6	C-GVIJ	B763
7CF9	C-GVIM	LJ75
7CFA	C-GVIN	AS50
7CFC	C-GVIP	BE23
7D02	C-GVIV	AS50
7D04	C-GVIX	DHC3
7D09	C-GVJC	RV7
7D0B	C-GVJE	C172
7D0D	C-GVJG	AA5
7D11	C-GVJK	C172
7D15	C-GVJO	C172
7D18	C-GVJR	AS3B
7D19	C-GVJS	BE35
7D1A	C-GVJT	C560
7D1C	C-GVJV	E50P
7D1F	C-GVJY	M20P
7D20	C-GVJZ	DH8D
7D22	C-GVKB	DC3
7D23	C-GVKC	PC12
7D25	C-GVKE	BE24
7D26	C-GVKF	BL8
7D29	C-GVKI	DHC6
7D2A	C-GVKJ	C205
7D2D	C-GVKM	P28A
7D30	C-GVKP	C172
7D33	C-GVKS	BL17
7D34	C-GVKT	C172
7D36	C-GVKV	AA5
7D3B	C-GVLA	GLIM
7D3E	C-GVLD	C172
7D3F	C-GVLE	DHC6
7D41	C-GVLG	C172
7D45	C-GVLK	C206
7D46	C-GVLL	T34P
7D49	C-GVLO	CH70
7D4B	C-GVLQ	C206
7D4D	C-GVLS	B212
7D4F	C-GVLU	B38M
7D50	C-GVLV	AA5
7D54	C-GVLZ	M20P
7D57	C-GVMC	P28S
7D5A	C-GVMF	AS50
7D5B	C-GVMG	C185
7D5D	C-GVMI	BE10
7D5E	C-GVMJ	R44
7D60	C-GVML	PA11
7D63	C-GVMO	AEST
7D64	C-GVMP	R66
7D65	C-GVMQ	AA1
7D67	C-GVMS	C177
7D68	C-GVMT	RV4
7D69	C-GVMU	A119
7D6B	C-GVMW	M20T
7D6D	C-GVMY	BE58
7D6F	C-GVNA	C175
7D72	C-GVND	C185
7D75	C-GVNG	CH75
7D76	C-GVNH	C172
7D77	C-GVNI	AA5
7D7B	C-GVNM	C152
7D80	C-GVNR	AS50
7D83	C-GVNU	C152
7D84	C-GVNV	C172
7D86	C-GVNX	DHC3
7D87	C-GVNY	AJET
7D88	C-GVNZ	DV20
7D8B	C-GVOC	R44
7D8D	C-GVOE	AA5
7D8E	C-GVOF	GA7
7D8F	C-GVOG	C172
7D96	C-GVON	DH8C
7D9A	C-GVOR	C172
7D9C	C-GVOT	DHC6
7DA3	C-GVPA	DH8C
7DA4	C-GVPB	DHC2
7DA5	C-GVPC	P28U
7DA7	C-GVPE	C185
7DA9	C-GVPG	GLID
7DAC	C-GVPJ	C182
7DAE	C-GVPL	P28A
7DAF	C-GVPM	CH10
7DB1	C-GVPO	PA22
7DB4	C-GVPR	C10T
7DB7	C-GVPU	C210
7DB8	C-GVPV	BL8
7DC8	C-GVQL	GL7T
7DCB	C-GVQO	C172
7DCC	C-GVQP	C172
7DCE	C-GVQR	BE56
7DD0	C-GVQT	BL8
7DD5	C-GVQY	GL7T
7DD7	C-GVRA	LANC
7DDB	C-GVRE	T210
7DDE	C-GVRH	B407
7DDF	C-GVRI	P46T
7DE2	C-GVRL	HROC
7DE3	C-GVRM	B06
7DE5	C-GVRO	GLIM
7DE6	C-GVRP	RV6
7DEC	C-GVRV	RV4
7DED	C-GVRW	PTS2
7DF3	C-GVSC	T206
7DF7	C-GVSG	PA31
7DF8	C-GVSH	C185
7DFB	C-GVSK	CVLP
7DFD	C-GVSM	M600
7DFF	C-GVSO	PA31
7E00	C-GVSP	PA31
7E01	C-GVSQ	B412
7E03	C-GVSS	P28S
7E07	C-GVSW	DHC6
7E0B	C-GVTA	AJET
7E0E	C-GVTD	P28R
7E11	C-GVTG	P28A
7E12	C-GVTH	B407
7E15	C-GVTK	B06
7E1C	C-GVTR	GLID
7E1D	C-GVTS	C172
7E1E	C-GVTT	T206
7E22	C-GVTX	BE35
7E23	C-GVTY	C172
7E25	C-GVUA	ST30
7E26	C-GVUB	R44
7E28	C-GVUD	RV9
7E29	C-GVUE	C340
7E2A	C-GVUF	R66
7E2C	C-GVUH	BCS3
7E2F	C-GVUK	C177
7E32	C-GVUN	BCS3
7E33	C-GVUO	BCS3
7E36	C-GVUR	C172
7E37	C-GVUS	DA40
7E38	C-GVUT	C180
7E39	C-GVUU	PA34
7E3F	C-GVVA	DHC6
7E41	C-GVVC	C172
7E42	C-GVVD	C172
7E45	C-GVVG	C152
7E47	C-GVVI	C210
7E4B	C-GVVM	GLID
7E4D	C-GVVO	PA34
7E4F	C-GVVQ	CL60
7E50	C-GVVR	C172
7E51	C-GVVS	M20T
7E52	C-GVVT	RV7
7E53	C-GVVU	P28A
7E56	C-GVVX	P28A
7E58	C-GVVZ	LJ45
7E59	C-GVWA	B738
7E5A	C-GVWB	AS50
7E5D	C-GVWE	DH8D
7E62	C-GVWJ	B737
7E63	C-GVWK	P28A
7E66	C-GVWN	C172
7E68	C-GVWP	AC11
7E6C	C-GVWT	C172
7E6E	C-GVWV	SR20
7E70	C-GVWX	RC70
7E72	C-GVWZ	B212
7E7F	C-GVXM	C172
7E81	C-GVXO	AA5
7E83	C-GVXQ	GLID
7E86	C-GVXT	C340
7E88	C-GVXV	C185
7E89	C-GVXW	MIMU
7E8B	C-GVXY	AA5
7E8C	C-GVXZ	C172
7E90	C-GVYD	C152
7E94	C-GVYH	B06
7E97	C-GVYK	GL7T
7E99	C-GVYM	PA31
7E9B	C-GVYO	B06
7EA0	C-GVYT	RV9
7EA5	C-GVYY	GLID
7EA6	C-GVYZ	B190
7EA7	C-GVZA	EN48
7EA8	C-GVZB	B738
7EAB	C-GVZE	DV20
7EB3	C-GVZM	BT36
7EB8	C-GVZR	P46T
7EBF	C-GVZY	C172
7EC0	C-GVZZ	SR22
7EC7	C-GWAG	PA27
7EC8	C-GWAH	P28A
7ECF	C-GWAO	LAMA
7ED3	C-GWAS	C206
7ED5	C-GWAU	C182
7ED6	C-GWAV	PA22
7ED7	C-GWAW	C182
7EDA	C-GWAZ	B737
7EDC	C-GWBB	C172
7EE0	C-GWBF	B737
7EE4	C-GWBJ	B737
7EE6	C-GWBL	B738
7EE8	C-GWBN	B737
7EE9	C-GWBO	R44
7EEB	C-GWBQ	C172
7EEE	C-GWBT	B737
7EEF	C-GWBU	B738
7EF0	C-GWBV	M5
7EF1	C-GWBW	AA5
7EF2	C-GWBX	B737
7EF3	C-GWBY	P28R
7EF4	C-GWBZ	AS50
7EF5	C-GWCA	PA24
7EF6	C-GWCB	GLF6
7EFA	C-GWCF	B407
7EFB	C-GWCG	C172
7F01	C-GWCM	B737
7F02	C-GWCN	B737
7F04	C-GWCP	PA32
7F05	C-GWCQ	B736
7F08	C-GWCT	B736
7F09	C-GWCU	C182
7F0D	C-GWCY	B736
7F0E	C-GWCZ	C172
7F0F	C-GWDA	C170
7F10	C-GWDB	C172
7F11	C-GWDC	SR22
7F12	C-GWDD	RV8
7F13	C-GWDE	P28A
7F15	C-GWDG	P28A
7F16	C-GWDH	P28A
7F1B	C-GWDM	C172
7F21	C-GWDS	P28A
7F26	C-GWDX	C172
7F2A	C-GWEB	C182
7F2C	C-GWED	M20P
7F2E	C-GWEF	DH8D
7F2F	C-GWEG	DH8D
7F32	C-GWEJ	DH8D
7F33	C-GWEK	RV6
7F34	C-GWEL	PC12
7F36	C-GWEN	DH8D
7F37	C-GWEO	DH8D
7F38	C-GWEP	DH8D
7F39	C-GWEQ	DH8D
7F3B	C-GWES	AA5
7F3C	C-GWET	C172
7F3D	C-GWEU	DH8D
7F3F	C-GWEW	AC90
7F43	C-GWFA	P28S
7F47	C-GWFE	DH8D
7F49	C-GWFG	LJ35
7F4A	C-GWFH	B06
7F4C	C-GWFJ	M20T
7F4D	C-GWFK	FA50
7F4F	C-GWFM	F900
7F52	C-GWFP	C550
7F53	C-GWFQ	LJ45
7F55	C-GWFS	C172
7F56	C-GWFT	M20P
7F58	C-GWFV	CRJ9
7F59	C-GWFW	B06
7F5C	C-GWFZ	PA31
7F5D	C-GWGA	B190
7F5E	C-GWGB	PA24
7F5F	C-GWGC	C210
7F62	C-GWGF	C82R
7F65	C-GWGI	CL35
7F66	C-GWGJ	PA27
7F67	C-GWGK	AS50
7F6A	C-GWGN	P28R
7F6C	C-GWGP	B06
7F6E	C-GWGR	P28B
7F70	C-GWGT	BL8
7F75	C-GWGY	AA1
7F77	C-GWHA	SR22
7F79	C-GWHC	C172
7F7C	C-GWHF	GLEX
7F7D	C-GWHG	BE23
7F80	C-GWHJ	C172
7F83	C-GWHM	B06
7F84	C-GWHN	P32R
7F86	C-GWHP	C177
7F8A	C-GWHT	BE58
7F92	C-GWIB	PA30
7F94	C-GWID	C172
7F99	C-GWII	C185
7F9C	C-GWIL	M20T
7F9D	C-GWIM	GLST
7F9F	C-GWIO	C337
7FA1	C-GWIQ	PA27
7FA3	C-GWIS	C182
7FA7	C-GWIW	C185
7FA8	C-GWIX	BE23
7FAD	C-GWJC	C150
7FAF	C-GWJE	B738
7FB0	C-GWJF	B737
7FB1	C-GWJG	B737
7FB4	C-GWJJ	B38M
7FB5	C-GWJK	DH8D
7FB7	C-GWJM	C172
7FB8	C-GWJN	B38M
7FB9	C-GWJO	B737
7FBA	C-GWJP	C172
7FBB	C-GWJQ	B38M
7FBC	C-GWJR	C172
7FBD	C-GWJS	BE35
7FBE	C-GWJT	B737
7FBF	C-GWJU	B38M
7FC4	C-GWJZ	C172
7FC7	C-GWKC	C172
7FC9	C-GWKE	R66
7FCF	C-GWKK	C337
7FD0	C-GWKL	M4
7FD3	C-GWKO	C208
7FD5	C-GWKQ	LNC2
7FD7	C-GWKS	RV6
7FDA	C-GWKV	TBM8
7FDB	C-GWKW	FA7X
7FDD	C-GWKY	B06
7FE1	C-GWLC	C185
7FE2	C-GWLD	C180
7FE4	C-GWLF	C180
7FE6	C-GWLH	PA46
7FE9	C-GWLK	B38M
7FEA	C-GWLL	CL60
7FEB	C-GWLM	C182
7FF1	C-GWLS	C182
7FF6	C-GWLX	C182
7FF7	C-GWLY	C172
7FF9	C-GWMA	C185
7FFA	C-GWMB	C172
7FFB	C-GWMC	P28A
7FFC	C-GWMD	RV7
7FFE	C-GWMF	TBM9
7FFF	C-GWMG	C182
8002	C-GWMJ	C172
8007	C-GWMO	AS50
800A	C-GWMR	C182
800C	C-GWMT	C414
800E	C-GWMV	C182
8010	C-GWMX	C172
8013	C-GWNA	C172
8018	C-GWNF	AT8T
8019	C-GWNG	AEST
801C	C-GWNJ	C172
801E	C-GWNL	S92
8022	C-GWNP	P28A
8025	C-GWNS	C182
8026	C-GWNT	C77R
8027	C-GWNU	AT8T
802C	C-GWNZ	C150
802E	C-GWOB	C172
802F	C-GWOC	RBEL
8030	C-GWOD	C150
8031	C-GWOE	P28A
8032	C-GWOF	C150
8035	C-GWOI	C172
8036	C-GWOJ	GLID
8037	C-GWOK	C172
8038	C-GWOL	C82R
8039	C-GWOM	C185
803A	C-GWON	E550
803B	C-GWOO	BT36
803D	C-GWOQ	AS50
803E	C-GWOR	C172
8041	C-GWOU	C150
8042	C-GWOV	B190
8044	C-GWOX	B190
8045	C-GWOY	HUSK
8047	C-GWPA	TAYA
804C	C-GWPF	GL5T
804E	C-GWPH	C182
804F	C-GWPI	M20T
8052	C-GWPL	C150
8056	C-GWPP	C205
8058	C-GWPR	C82R
8059	C-GWPS	DH8A
805A	C-GWPT	C205
805D	C-GWPW	R66
805F	C-GWPY	RV7
8060	C-GWPZ	C172
8063	C-GWQC	DHC6
806D	C-GWQM	G150
806E	C-GWQN	C172
806F	C-GWQO	C172
8071	C-GWQQ	RV9
8074	C-GWQT	C150
8075	C-GWQU	C150
8079	C-GWQY	B505
807C	C-GWRB	R66
807D	C-GWRC	EC45
807E	C-GWRD	B429
807F	C-GWRE	DH8D
8081	C-GWRG	B738
8083	C-GWRI	DH8A
8085	C-GWRK	C208
8086	C-GWRL	SR22
8087	C-GWRM	C402
8089	C-GWRO	RV12
808A	C-GWRP	T206
808D	C-GWRS	BE20
808E	C-GWRT	C172
8095	C-GWSA	B738
8096	C-GWSB	B38M
8097	C-GWSC	P28R
8098	C-GWSD	C172
8099	C-GWSE	RV12
809A	C-GWSF	DFLY
809C	C-GWSH	B737
809D	C-GWSI	B38M
809E	C-GWSJ	B38M
809F	C-GWSK	B736
80A0	C-GWSL	B736
80A2	C-GWSN	B737
80A3	C-GWSO	B737
80A4	C-GWSP	B737
80A5	C-GWSQ	B737
80A6	C-GWSR	B738
80A8	C-GWST	C182
80AA	C-GWSV	B738
80AB	C-GWSW	B06
80AC	C-GWSX	B738
80AD	C-GWSY	B38M
80AE	C-GWSZ	B738
80B3	C-GWTE	C172
80B6	C-GWTH	PA15
80BD	C-GWTO	C172
80BE	C-GWTP	C177
80C1	C-GWTS	P28A
80C2	C-GWTT	C172
80C4	C-GWTV	RBEL
80C5	C-GWTW	C172
80C7	C-GWTY	C172
80CC	C-GWUD	C172
80CD	C-GWUE	DH8D
80CE	C-GWUF	SR22
80CF	C-GWUG	DH8D
80D0	C-GWUH	DH8D
80D3	C-GWUK	DHC6
80D8	C-GWUP	AT5T
80D9	C-GWUQ	BCS3
80DA	C-GWUR	CUB2
80DB	C-GWUS	BCS3
80DC	C-GWUT	BCS3
80DD	C-GWUU	B789
80DE	C-GWUV	C170
80E0	C-GWUX	B738
80E3	C-GWVA	SR20
80E8	C-GWVF	C185
80EA	C-GWVH	SW4
80EB	C-GWVI	C182
80ED	C-GWVK	C150
80EF	C-GWVM	P32R
80F1	C-GWVO	S92
80F2	C-GWVP	C177
80F4	C-GWVR	C172
80F6	C-GWVT	C206
80F8	C-GWVV	R44
80FC	C-GWVZ	C182
80FF	C-GWWC	AT43
8100	C-GWWD	AT43
8106	C-GWWJ	B738
8107	C-GWWK	B190
8108	C-GWWL	B212
810A	C-GWWN	BE20
810B	C-GWWO	C182
810C	C-GWWP	UH1
810D	C-GWWQ	B06
8111	C-GWWU	C560
8114	C-GWWX	B190
8116	C-GWWZ	C421
8119	C-GWXC	PTMS
811C	C-GWXF	C177
811D	C-GWXG	C172
811F	C-GWXI	C185
8122	C-GWXL	AT8T
8123	C-GWXM	BL8
8125	C-GWXO	C182
8126	C-GWXP	EXPL
812B	C-GWXU	C172
812C	C-GWXV	C172
812E	C-GWXX	S108
8131	C-GWYA	BL8
8132	C-GWYB	C172
8133	C-GWYC	C172
8134	C-GWYD	BCS1
8136	C-GWYF	C206
8139	C-GWYI	BPUM
813D	C-GWYM	C10T
813E	C-GWYN	HUSK
813F	C-GWYO	C172
8141	C-GWYQ	C180
8142	C-GWYR	RV4
8144	C-GWYT	HIGH
8149	C-GWYY	C182
814B	C-GWZA	P28S
814C	C-GWZB	C172
814E	C-GWZD	C172
814F	C-GWZE	RV7
8152	C-GWZH	C172
8154	C-GWZJ	GLEX
8156	C-GWZL	C182
8158	C-GWZN	C150
8159	C-GWZO	B06
8160	C-GWZV	C172
8162	C-GWZX	C182
8163	C-GWZY	AJET
8165	C-GXAA	C172
816D	C-GXAI	DH8C
816E	C-GXAJ	B763
8172	C-GXAN	A21N
8174	C-GXAP	C206
8176	C-GXAR	PA34
8177	C-GXAS	E545
8179	C-GXAU	A21N
817A	C-GXAV	AA5
817C	C-GXAX	B38M
817D	C-GXAY	P28A
817E	C-GXAZ	P46T
817F	C-GXBA	P28A
8181	C-GXBC	C182
8182	C-GXBD	C185
8185	C-GXBG	C150
8186	C-GXBH	B06
8189	C-GXBK	BK17
818D	C-GXBO	C172
8190	C-GXBR	C150
8191	C-GXBS	C172
8192	C-GXBT	C172
8194	C-GXBV	C172
8195	C-GXBW	C172
8199	C-GXCA	B190
819A	C-GXCB	GLID
819B	C-GXCC	P28A
819C	C-GXCD	SS2T
819E	C-GXCF	C421
81A0	C-GXCH	B06
81A3	C-GXCK	C172
81A5	C-GXCM	B407
81A6	C-GXCN	DH8A
81A9	C-GXCQ	KR2
81AA	C-GXCR	PA18
81AD	C-GXCU	R44
81AF	C-GXCW	C182
81B1	C-GXCY	PA31
81B2	C-GXCZ	FOX
81B6	C-GXDD	GLID
81B9	C-GXDG	P32R
81BB	C-GXDI	C182
81BC	C-GXDJ	C172
81BD	C-GXDK	JPRO
81C0	C-GXDN	DHC6
81C1	C-GXDO	C182
81C3	C-GXDQ	PA27
81C4	C-GXDR	AA5
81C6	C-GXDT	C172
81CA	C-GXDX	C182
81CE	C-GXEB	PA14
81D1	C-GXEE	C340
81D3	C-GXEG	R22
81D5	C-GXEI	C150
81D8	C-GXEL	C150
81DB	C-GXEO	C177
81E0	C-GXET	C182
81E4	C-GXEX	F900
81E9	C-GXFC	L188
81F0	C-GXFJ	C172
81F3	C-GXFM	CH7B
81F5	C-GXFO	C172
81F9	C-GXFS	P28A
81FA	C-GXFT	P28A
81FD	C-GXFW	C172
8206	C-GXGF	C172
8207	C-GXGG	C208
8208	C-GXGH	PA24
820B	C-GXGK	C172
820D	C-GXGM	GLEX
8210	C-GXGP	RV6
8212	C-GXGR	C172
8213	C-GXGS	G200
8216	C-GXGV	C172
8217	C-GXGW	GLEX
8218	C-GXGX	AS50
8219	C-GXGY	DV20
821D	C-GXHC	B06
8222	C-GXHH	AS50
8223	C-GXHI	B763
8224	C-GXHJ	B06
8225	C-GXHK	PA31
8226	C-GXHL	PA31
8227	C-GXHM	B763
8229	C-GXHO	P28A
822A	C-GXHP	PA46
822B	C-GXHQ	CRJ2
822C	C-GXHR	BE20
822D	C-GXHS	BE20
822F	C-GXHU	CH70
8231	C-GXHW	SR22
8238	C-GXID	C150
8239	C-GXIE	C150
823B	C-GXIG	CRJ9
823C	C-GXIH	B105
823D	C-GXII	TBM8
8240	C-GXIL	GLEX
8242	C-GXIN	C172
8243	C-GXIO	C172
8245	C-GXIQ	PA24
8248	C-GXIT	PA27
824A	C-GXIV	C414
824D	C-GXIY	C172
824E	C-GXIZ	C172
824F	C-GXJA	CRJ2
8250	C-GXJB	C172
8251	C-GXJC	C182
8252	C-GXJD	PA32
8254	C-GXJF	P28A
8255	C-GXJG	C172
8256	C-GXJH	P28A
825A	C-GXJL	C206
8260	C-GXJR	B38M
8261	C-GXJS	E545
8262	C-GXJT	R66
8263	C-GXJU	C172
8264	C-GXJV	GLEX
8265	C-GXJW	BE58
8268	C-GXJZ	DH8D
8269	C-GXKA	TBM8
826B	C-GXKC	AC90
826C	C-GXKD	C150
826E	C-GXKF	GLIM
8279	C-GXKQ	C182
827C	C-GXKT	LA4
827E	C-GXKV	PA24
8282	C-GXKZ	C185
8287	C-GXLE	AS50
8288	C-GXLF	TBM8
8289	C-GXLG	AT8T
828A	C-GXLH	AT8T
828B	C-GXLI	C560
828C	C-GXLJ	SR22
828D	C-GXLK	AT8T
828E	C-GXLL	C172
828F	C-GXLM	GLEX
8290	C-GXLN	C172
8291	C-GXLO	DA40
8292	C-GXLP	CH60
8294	C-GXLR	A21N
8295	C-GXLS	DA40
829A	C-GXLX	DA40
829B	C-GXLY	AT6T
829D	C-GXMA	C337
829E	C-GXMB	P28A
82A2	C-GXMF	C172
82A4	C-GXMH	C150
82A7	C-GXMK	C172
82AC	C-GXMP	PA27
82AD	C-GXMQ	RV7
82AF	C-GXMS	DV20
82B2	C-GXMV	M20P
82B5	C-GXMY	C182
82B7	C-GXNA	K100
82B9	C-GXNC	C172
82BA	C-GXND	C177
82BC	C-GXNF	PA27
82BD	C-GXNG	M5
82BF	C-GXNI	BE23
82C2	C-GXNL	DH8D
82C4	C-GXNN	C140
82C8	C-GXNR	B732
82C9	C-GXNS	C172
82CA	C-GXNT	DV20
82CB	C-GXNU	GL7T
82CF	C-GXNY	AT8T
82D0	C-GXNZ	M5
82D1	C-GXOA	M5
82D2	C-GXOB	AT8T
82D3	C-GXOC	C188
82D4	C-GXOD	AT8T
82D6	C-GXOF	C172
82DB	C-GXOK	BE23
82DD	C-GXOM	AA5
82E2	C-GXOR	C170
82E8	C-GXOX	AS50
82EA	C-GXOZ	BE35
82EC	C-GXPB	SR22
82EE	C-GXPD	M20P
82EF	C-GXPE	PA31
82F0	C-GXPF	G120
82F1	C-GXPG	H25B
82F2	C-GXPH	C172
82F3	C-GXPI	LEG2
82F5	C-GXPK	C177
82F6	C-GXPL	DA40
82F7	C-GXPM	AT5T
82F8	C-GXPN	AT5T
82F9	C-GXPO	AT5T
82FA	C-GXPP	C172
82FE	C-GXPT	C421
8301	C-GXPW	M20T
8303	C-GXPY	GLID
8305	C-GXQA	BT36
8307	C-GXQC	C152
830E	C-GXQJ	C182
8313	C-GXQO	QIC2
8318	C-GXQT	C172
831A	C-GXQV	C185
831B	C-GXQW	C185
831D	C-GXQY	C172
831E	C-GXQZ	DV20
831F	C-GXRA	E300
8320	C-GXRB	ST75
8321	C-GXRC	SR20
8323	C-GXRE	DA42
8324	C-GXRF	C172
8325	C-GXRG	C172
832A	C-GXRL	C172
832B	C-GXRM	C172
832E	C-GXRP	PA27
832F	C-GXRQ	C172
8331	C-GXRS	G200
8332	C-GXRT	RV6
8333	C-GXRU	DV20
8335	C-GXRW	B738
8337	C-GXRY	P28A
833D	C-GXSE	B06
8340	C-GXSH	AA5
8341	C-GXSI	DV20
8342	C-GXSJ	GLEX
8344	C-GXSL	P28R
8346	C-GXSN	C185
8348	C-GXSP	C172
834D	C-GXSU	DA42
834E	C-GXSV	DA42
834F	C-GXSW	AA5
8350	C-GXSX	P28A
8354	C-GXTB	PC12
8355	C-GXTC	S22T
8356	C-GXTD	PA18
8357	C-GXTE	GLEX
8358	C-GXTF	B212
835A	C-GXTH	AS50
835B	C-GXTI	S108
835E	C-GXTL	C172
835F	C-GXTM	CH7B
8360	C-GXTN	C172
8363	C-GXTQ	P28A
8366	C-GXTT	P28S
8368	C-GXTV	C170
836C	C-GXTZ	C172
836E	C-GXUB	C182
836F	C-GXUC	C182
8370	C-GXUD	C172
8372	C-GXUF	GLEX
8373	C-GXUG	PA31
8379	C-GXUM	PA32
8382	C-GXUV	C172
8383	C-GXUW	S22T
8385	C-GXUY	C172
8386	C-GXUZ	C172
8387	C-GXVA	C185
8389	C-GXVC	SKRA
838D	C-GXVG	B505
838F	C-GXVI	C172
8394	C-GXVN	PA24
8397	C-GXVQ	C185
8399	C-GXVS	B06
839B	C-GXVU	C172
83A3	C-GXWC	FOX
83A5	C-GXWE	AA5
83A8	C-GXWH	P28A
83A9	C-GXWI	PA25
83AA	C-GXWJ	B736
83AB	C-GXWK	C172
83AC	C-GXWL	C172
83AD	C-GXWM	C172
83B0	C-GXWP	C172
83B3	C-GXWS	C172
83B8	C-GXWX	M20P
83BA	C-GXWZ	C82R
83BB	C-GXXA	BE23
83BC	C-GXXB	DHC6
83BE	C-GXXD	GL5T
83BF	C-GXXE	M20P
83C0	C-GXXF	AC68
83C1	C-GXXG	GLSP
83C2	C-GXXH	B407
83C3	C-GXXI	P32R
83C4	C-GXXJ	S22T
83CC	C-GXXR	AA1
83D1	C-GXXW	AA5
83D6	C-GXYB	DA62
83D7	C-GXYC	L8
83E3	C-GXYO	P28R
83E4	C-GXYP	R66
83E5	C-GXYQ	PULS
83E8	C-GYXT	P06T
83EA	C-GXYV	HUSK
83EC	C-GXYX	S92
83ED	C-GXYY	C182
83EE	C-GXYZ	EC30
83EF	C-GXZA	C185
83F2	C-GXZD	A333
83F7	C-GXZI	AA5
83FB	C-GXZM	AT5T
83FD	C-GXZO	PA32
83FE	C-GXZP	C206
8400	C-GXZR	GLEX
8401	C-GXZS	C182
8403	C-GXZU	P28A
8407	C-GXZY	P28R
8409	C-GYAA	B407
840A	C-GYAB	C172
840C	C-GYAD	C172
840D	C-GYAE	AS50
840E	C-GYAF	AT5T
8410	C-GYAH	C185
8411	C-GYAI	PA24
8412	C-GYAJ	B763
8414	C-GYAL	PA38
8415	C-GYAM	M20T
8416	C-GYAN	C172
8418	C-GYAP	C152
841A	C-GYAR	C172
841B	C-GYAS	C172
841C	C-GYAT	C152
841D	C-GYAU	C172
841E	C-GYAV	AS50
8421	C-GYAY	P28A
8422	C-GYAZ	PA34
8426	C-GYBD	C172
8428	C-GYBF	AT8T
8429	C-GYBG	C152
842B	C-GYBI	C152
842D	C-GYBK	B06
842E	C-GYBL	C180
8432	C-GYBP	C180
8438	C-GYBV	C172
843A	C-GYBX	PC12
843B	C-GYBY	P28A
843E	C-GYCB	C150
8441	C-GYCE	C150
8442	C-GYCF	C172
8444	C-GYCH	B06
8448	C-GYCL	C182
8449	C-GYCM	DV20
844C	C-GYCP	C172
844F	C-GYCS	DA40
8451	C-GYCU	GLST
8452	C-GYCV	DH8C
8456	C-GYCZ	C172
8458	C-GYDB	C150
8459	C-GYDC	EC20
845B	C-GYDE	C172
845C	C-GYDF	C172
845D	C-GYDG	C172
845E	C-GYDH	C182
8461	G-YDK	GL5T
8462	C-GYDL	RV7
8463	C-GYDM	C421
8465	C-GYDO	C182
8467	C-GYDQ	BE20
8469	C-GYDS	EC20
846A	C-GYDT	BE36
846C	C-GYDV	C150
846D	C-GYDW	C172
8470	C-GYDZ	C150
8472	C-GYEB	C185
8475	C-GYEE	C172
8477	C-GYEG	C150
8478	C-GYEH	C172
847B	C-GYEK	AA5
847C	C-GYEL	P28A
8480	C-GYEP	C172
8487	C-GYEW	C172
848A	C-GYEZ	CLON
848B	C-GYFA	P32R
8494	C-GYFJ	C172
8497	C-GYFM	A321
8498	C-GYFN	C172
8499	C-GYFO	C180
849A	C-GYFP	C182
849D	C-GYFS	AS50
849E	C-GYFT	C150
84A0	C-GYFV	C172
84A1	C-GYFW	C185
84A3	C-GYFY	A321
84A5	C-GYGA	C182
84A7	C-GYGC	C172
84AC	C-GYGH	C150
84AD	C-GYGI	P28A
84B1	C-GYGM	M20P
84B2	C-GYGN	M20P
84B3	C-GYGO	C172
84B5	C-GYGQ	C172
84B6	C-GYGR	C172
84B7	C-GYGS	P28A
84B8	C-GYGT	BE20
84B9	C-GYGU	A321
84BC	C-GYGX	C172
84BD	C-GYGY	P32R
84BE	C-GYGZ	P28A
84BF	C-GYHA	C172
84C1	C-GYHC	C170
84C2	C-GYHD	SW4
84C3	C-GYHE	C172
84C4	C-GYHF	B212
84C6	C-GYHH	C82R
84C8	C-GYHJ	C185
84CA	C-GYHL	B06
84CC	C-GYHN	C152
84CD	C-GYHO	C188
84CF	C-GYHQ	B212
84D1	C-GYHS	C152
84D2	C-GYHT	B06
84D3	C-GYHU	UH1
84DA	C-GYIB	C172
84DC	C-GYID	C177
84E4	C-GYIL	C172
84E9	C-GYIQ	M5
84EB	C-GYIS	C185
84EC	C-GYIT	C172
84F0	C-GYIX	C185
84F4	C-GYJB	CL2P
84F8	C-GYJF	C185
84FA	C-GYJH	H25B
84FC	C-GYJJ	C152
84FD	C-GYJK	C152
84FE	C-GYJL	C152
84FF	C-GYJM	PA14
8501	C-GYJO	COZY
8509	C-GYJW	B789
850A	C-GYJX	C185
850C	C-GYJZ	DH8D
850F	C-GYKC	C150
8510	C-GYKD	C182
8511	C-GYKE	C185
8512	C-GYKF	C182
8514	C-GYKH	C82R
8515	C-GYKI	BE20
8517	C-GYKK	CJ6
8518	C-GYKL	PA34
8519	C-GYKM	CH7B
851C	C-GYKP	P28A
8521	C-GYKU	C150
8524	C-GYKX	C172
8525	C-GYKY	C172
8526	C-GYKZ	C172
8528	C-GYLB	C185
852A	C-GYLD	AC90
852B	C-GYLE	C172
852C	C-GYLF	C172
8533	C-GYLM	C172
8535	C-GYLO	T206
8536	C-GYLP	B38M
8537	C-GYLQ	BCS3
8538	C-GYLR	BE20
853C	C-GYLV	C182
8540	C-GYLZ	BE9L
8541	C-GYMA	C172
8543	C-GYMC	C56X
8544	C-GYMD	LJ75
8545	C-GYME	TB20
854A	C-GYMJ	BE36
854C	C-GYML	CH20
854D	C-GYMM	SR22
8551	C-GYMQ	DHC6
8552	C-GYMR	C172
8557	C-GYMW	RV6
8558	C-GYMX	E55P
855A	C-GYMZ	GLID
855B	C-GYNA	P28A
855C	C-GYNB	RV4
855E	C-GYND	HUSK
855F	C-GYNE	SR20
8560	C-GYNF	A139
8561	C-GYNG	A139
8562	C-GYNH	A139
8563	C-GYNI	P28A
8564	C-GYNJ	A139
8565	C-GYNK	A139
8566	C-GYNL	A139
8567	C-GYNM	A139
8568	C-GYNN	A139
8569	C-GYNO	A139
856A	C-GYNP	A139
856C	C-GYNR	AS50
856D	C-GYNS	C340
856F	C-GYNU	CRJ2
8571	C-GYNW	T206
8573	C-GYNY	P28U
8574	C-GYNZ	A139
8575	C-GYOA	C182
8576	C-GYOB	C337
8577	C-GYOC	C172
857C	C-GYOH	GLID
857F	C-GYOK	DHC2
8583	C-GYOO	RV9
8585	C-GYOQ	CH7A
8588	C-GYOT	C310
8589	C-GYOU	C206
858E	C-GYOZ	WAIX
858F	C-GYPA	BE10
8590	C-GYPB	C172
8592	C-GYPD	PA34
8595	C-GYPG	C182
8597	C-GYPI	C182
8599	C-GYPK	P28A
859B	C-GYPM	C172
859C	C-GYPN	C172
859D	C-GYPO	BE23
85A3	C-GYPU	PA38
85A4	C-GYPV	PRM1
85A5	C-GYPW	C172
85A8	C-GYPZ	C172
85A9	C-GYQA	C180
85AA	C-GYQB	C172
85AB	C-GYQC	P28A
85AF	C-GYQG	B350
85B0	C-GYQH	B06
85B3	C-GYQK	BE10
85B9	C-GYQQ	SPIT
85BA	C-GYQR	C172
85C0	C-GYQX	C172
85C4	C-GYRB	EDGE
85C7	C-GYRE	GLID
85CB	C-GYRI	E55P
85CC	C-GYRJ	C182
85CE	C-GYRL	SW4
85D3	C-GYRQ	C208
85D5	C-GYRS	B789
85D8	C-GYRV	RV4
85D9	C-GYRW	C172
85DF	C-GYSC	BE20
85E0	C-GYSD	B738
85E1	C-GYSE	DV20
85E2	C-GYSF	B212
85E3	C-GYSG	M5
85E4	C-GYSH	AS50
85E6	C-GYSJ	DH8A
85E7	C-GYSK	CVLP
85EB	C-GYSO	GLID
85EE	C-GYSR	R44
85F0	C-GYST	DHC2
85F2	C-GYSV	C185
85F8	C-GYTB	C206
85FA	C-GYTD	C150
85FB	C-GYTE	M20P
85FD	C-GYTG	C172
85FF	C-GYTI	C172
8602	C-GYTL	SW4
8603	C-GYTM	C172
8605	C-GYTO	AJET
8607	C-GYTQ	C185
860A	C-GYTT	P28A
860B	C-GYTU	C172
860F	C-GYTY	DH8C
8611	C-GYUA	MU2
8618	C-GYUH	P28A
8620	C-GYUP	DH8B
8621	C-GYUQ	C182
8622	C-GYUR	P28A
8623	C-GYUS	C172
8624	C-GYUT	C172
8626	C-GYUV	GLST
8628	C-GYUX	P28A
862F	C-GYVE	C182
8630	C-GYVF	C182
8631	C-GYVG	G21
8634	C-GYVJ	C172
8636	C-GYVL	F2TH
8638	C-GYVN	P28A
8639	C-GYVO	C172
863D	C-GYVS	CH7A
863F	C-GYVU	C152
8640	C-GYVV	C172
8641	C-GYVW	C172
8643	C-GYVY	C182
8644	C-GYVZ	C185
8645	C-GYWA	C152
8646	C-GYWB	AS50
8648	C-GYWD	P28R
864C	C-GYWH	C172
864D	C-GYWI	C172
864E	C-GYWJ	B737
8650	C-GYWL	C172
8652	C-GYWN	C172
8653	C-GYWO	C152
8655	C-GYWQ	C206
8656	C-GYWR	RV8
8658	C-GYWT	S22T
865C	C-GYWX	DH8A
865D	C-GYWY	M7
8662	C-GYXD	C172
8666	C-GYXH	C210
8668	C-GYXJ	TOBA
8669	C-GYXK	C182
866A	C-GYXL	SW4
866C	C-GYXN	C152
866E	C-GYXP	AT5T
866F	C-GYXQ	CH60
8670	C-GYXR	RV9
8674	C-GYXV	C150
8677	C-GYXY	C185
8678	C-GYXZ	C182
867C	C-GYYD	C172
867D	C-GYYE	C172
867E	C-GYYF	S108
867F	C-GYYG	C152
8685	C-GYYM	C172
8686	C-GYYN	R44
8688	C-GYYP	PA31
868A	C-GYYR	DH8D
868B	C-GYYS	B38M
868C	C-GYYT	TAIL
868E	C-GYYV	CH64
8690	C-GYYX	C172
8693	C-GYZA	C172
8694	C-GYZB	C150
8696	C-GYZD	C152
8698	C-GYZF	C182
8699	C-GYZG	C182
869A	C-GYZH	C182
86A0	C-GYZN	C172
86A1	C-GYZO	GLID
86A8	C-GYZV	RBEL
86AD	C-GZAA	C172
86AE	C-GZAB	P28R
86B0	C-GZAD	AS50
86B3	C-GZAG	C185
86B4	C-GZAH	AS50
86B5	C-GZAI	C82R
86B6	C-GZAJ	PA34
86B7	C-GZAK	C150
86BA	C-GZAN	B212
86BC	C-GZAP	GLAS
86BD	C-GZAQ	C150
86BE	C-GZAR	R22
86BF	C-GZAS	C25A
86C2	C-GZAV	B407
86C4	C-GZAX	RV6
86C5	C-GZAY	BE35
86C7	C-GZBA	AS50
86C8	C-GZBB	R66
86C9	C-GZBC	C172
86CC	C-GZBF	C172
86CF	C-GZBI	C82R
86D1	C-GZBK	RV7
86D2	C-GZBL	AS55
86D4	C-GZBN	C188
86D6	C-GZBP	C182
86DA	C-GZBT	P28A
86DB	C-GZBU	C414
86DD	C-GZBW	P28U
86E1	C-GZCA	GLID
86E2	C-GZCB	BT36
86E6	C-GZCF	L188
86EA	C-GZCJ	PA32
86EB	C-GZCK	FBA2
86EE	C-GZCN	B733
86F0	C-GZCP	C152
86F1	C-GZCQ	C182
86F3	C-GZCS	C182
86F7	C-GZCW	C172
86FA	C-GZCZ	G150
86FC	C-GZDB	C172
86FE	C-GZDD	C172
8701	C-GZDG	DV20
8707	C-GZDM	B06
8708	C-GZDN	C185
870A	C-GZDP	C172
870D	C-GZDS	R44
8712	C-GZDX	C172
8714	C-GZDZ	AA5
8716	C-GZEB	C182
8718	C-GZED	EC45
871B	C-GZEG	CH30
871C	C-GZEH	B738
871F	C-GZEK	S05R
8721	C-GZEM	AA5
8726	C-GZER	B212
872A	C-GZEV	BE23
872B	C-GZEW	DH8C
8731	C-GZFC	C182
8732	C-GZFD	M20P
8735	C-GZFG	AA5
8737	C-GZFI	C208
8742	C-GZFT	GLID
8743	C-GZFU	C188
8745	C-GZFW	BE55
8749	C-GZGA	B190
874A	C-GZGB	C172
874F	C-GZGG	H269
8751	C-GZGI	PTS1
8752	C-GZGJ	C180
8753	C-GZGK	UH1
8754	C-GZGL	BE9L
8755	C-GZGM	AS50
8757	C-GZGO	BN2P
8758	C-GZGP	CL60
8759	C-GZGQ	CH60
875C	C-GZGT	LGEZ
875E	C-GZGV	RV6
875F	C-GZGW	C185
8761	C-GZGY	LA4
8762	C-GZGZ	PC12
8767	C-GZHE	C185
8768	C-GZHF	C152
876A	C-GZHH	C182
876E	C-GZHL	C152
8774	C-GZHR	C172
8779	C-GZHW	PA22
877A	C-GZHX	AS50
877C	C-GZHZ	B212
8784	C-GZIH	C172
8787	C-GZIK	AS50
8789	C-GZIM	C206
878A	C-GZIN	GLIM
878F	C-GZIS	PA31
8790	C-GZIT	C172
8791	C-GZIU	BE23
8792	C-GZIV	AS50
8796	C-GZIZ	C208
8797	C-GZJA	CRJ2
8798	C-GZJB	C177
8799	C-GZJC	DH8A
879A	C-GZJD	R66
879C	C-GZJF	C152
879D	C-GZJG	CH60
87A2	C-GZJL	C172
87A3	C-GZJM	C172
87A8	C-GZJR	GLEX
87A9	C-GZJS	C152
87AB	C-GZJU	C172
87B0	C-GZJZ	P28A
87B1	C-GZKA	C172
87B2	C-GZKB	C172
87B3	C-GZKC	CH7A
87B4	C-GZKD	C152
87B5	C-GZKE	C152
87B9	C-GZKI	C152
87BA	C-GZKJ	C152
87BB	C-GZKK	C152
87BD	C-GZKM	C152
87C2	C-GZKR	C172
87C4	C-GZKT	C152
87C7	C-GZKW	P28R
87CB	C-GZLA	RBEL
87CE	C-GZLD	C177
87CF	C-GZLE	C152
87D0	C-GZLF	C152
87D1	C-GZLG	C152
87D3	C-GZLI	C10T
87D4	C-GZLJ	C172
87D6	C-GZLL	P210
87D7	C-GZLM	GLEX
87D9	C-GZLO	PA11
87DA	C-GZLP	PA11
87DE	C-GZLT	C172
87DF	C-GZLU	C172
87E3	C-GZLY	B505
87E5	C-GZMA	C172
87E7	C-GZMC	C172
87E8	C-GZMD	C182
87E9	C-GZME	GC1
87EC	C-GZMH	C172
87ED	C-GZMI	C172
87EE	C-GZMJ	C172
87EF	C-GZMK	C172
87F0	C-GZML	C182
87F4	C-GZMP	T206
87F5	C-GZMQ	C172
87F6	C-GZMR	C172
87F7	C-GZMS	C172
87F8	C-GZMT	C172
87F9	C-GZMU	C172
87FA	C-GZMV	PA30
87FB	C-GZMW	C172
8800	C-GZNB	PA31
8801	C-GZNC	Z42
8803	C-GZNE	B06
8804	C-GZNF	B212
8805	C-GZNG	PA32
8807	C-GZNI	C188
8809	C-GZNK	B212
880A	C-GZNL	FOX
8810	C-GZNR	AS50
8811	C-GZNS	MU2
8818	C-GZNZ	Z42
881B	C-GZOC	PA31
8820	C-GZOH	B212
8821	C-GZOI	B212
8822	C-GZOJ	PA18
8823	C-GZOK	RV6
8824	C-GZOL	B212
8828	C-GZOP	C185
882A	C-GZOR	PA34
882F	C-GZOW	S22T
8830	C-GZOX	FA20
8833	C-GZPA	DH8A
8835	C-GZPC	RV4
8837	C-GZPE	C152
8838	C-GZPF	B06
8839	C-GZPG	PTS2
883A	C-GZPH	B06
883B	C-GZPI	B06
883C	C-GZPJ	B06
883D	C-GZPK	C172
8840	C-GZPN	B06
8841	C-GZPO	C152
8842	C-GZPP	C182
8843	C-GZPQ	S22T
8846	C-GZPT	SR22
8847	C-GZPU	PAY4
8848	C-GZPV	C152
884C	C-GZPZ	RV3
884D	C-GZQA	GLEX
884E	C-GZQB	E295
884F	C-GZQC	E295
8851	C-GZQE	E295
8852	C-GZQF	E295
8853	C-GZQG	E295
8854	C-GZQH	B06
8857	C-GZQK	E295
8859	C-GZQM	E295
885B	C-GZQO	CRJ9
885E	C-GZQR	E295
8860	C-GZQT	SR22
8861	C-GZQU	E295
8862	C-GZQV	E295
8863	C-GZQW	E295
8864	C-GZQX	E295
8865	C-GZQY	C177
8866	C-GZQZ	E295
8867	C-GZRA	C172
8868	C-GZRB	C150
886D	C-GZRG	C172
886E	C-GZRH	AT8T
8870	C-GZRJ	RJ1H
8872	C-GZRL	AA5
8874	C-GZRN	B407
8875	C-GZRO	PTS1
8879	C-GZRS	B06
8880	C-GZRZ	R44
8881	C-GZSA	C152
8882	C-GZSB	C152
8883	C-GZSC	C152
8886	C-GZSF	C177
8887	C-GZSG	B38M
8888	C-GZSH	C185
888A	C-GZSJ	CRJ9
888C	C-GZSL	BE23
888D	C-GZSM	B350
888E	C-GZSN	C340
8890	C-GZSP	C152
8893	C-GZSS	C152
8895	C-GZSU	C152
8896	C-GZSV	C152
889B	C-GZTA	C172
889C	C-GZTB	B06
889E	C-GZTD	F8L
889F	C-GZTE	C172
88A0	C-GZTF	C172
88A3	C-GZTI	C172
88A5	C-GZTK	GLEX
88A7	C-GZTM	C182
88A8	C-GZTN	C182
88A9	C-GZTO	AJET
88AA	C-GZTP	P28B
88AC	C-GZTR	C210
88AF	C-GZTU	CRJ7
88B1	C-GZTW	BE35
88B2	C-GZTX	C185
88B3	C-GZTY	DHC2
88B4	C-GZTZ	C152
88B9	C-GZUE	AT8T
88BC	C-GZUH	CRJ9
88C0	C-GZUL	GLIM
88C1	C-GZUM	CL60
88C2	C-GZUN	H500
88C5	C-GZUQ	CL60
88C7	C-GZUS	RV9
88D1	C-GZVC	C182
88D2	C-GZVD	RV6
88D6	C-GZVH	GLEX
88D7	C-GZVI	SONX
88D8	C-GZVJ	B190
88DA	C-GZVL	C182
88DB	C-GZVM	L188
88DC	C-GZVN	RV6
88E0	C-GZVR	CRJ9
88E3	C-GZVU	CRJ9
88EB	C-GZWC	C182
88EE	C-GZWF	C337
88EF	C-GZWG	C180
88F0	C-GZWH	PA18
88F1	C-GZWI	C152
88F2	C-GZWJ	C152
88F3	C-GZWK	C172
88F4	C-GZWL	C172
88F6	C-GZWN	C182
88F8	C-GZWP	C185
88FA	C-GZWR	RV8
88FB	C-GZWS	B738
88FC	C-GZWT	C182
8905	C-GZXC	GLID
890C	C-GZXJ	C152
890E	C-GZXL	CH7B
8911	C-GZXO	C82R
8913	C-GZXQ	C172
8921	C-GZYE	C172
8922	C-GZYF	BE33
8925	C-GZYI	C172
8927	C-GZYK	CRJ9
8929	C-GZYM	P28B
892A	C-GZYN	C185
892B	C-GZYO	BE20
892E	C-GZYR	C172
892F	C-GZYS	C172
8930	C-GZYT	C172
8931	C-GZYU	C182
8934	C-GZYX	FA20
8935	C-GZYY	C185
8936	C-GZYZ	C152
8937	C-GZZA	COUR
8939	C-GZZC	C185
893D	C-GZZG	SR22
8942	C-GZZL	COUR
8946	C-GZZP	C172
8948	C-GZZR	R44
8998	C-IACT	FDCT
8C6A	C-IBEN	VL3
8F3B	C-ICGG	ECHO
9244	C-IDKD	FEST
999D	C-IGEM	PELI
A032	C-IIRH	EVSS
A231	C-IJKY	EVSS
A274	C-IJNN	BPUM
A585	C-IKRS	C42
A852	C-ILTH	EVSS
A9F5	C-IMJK	EVSS
AC04	C-INDR	PRIM
AC35	C-INFO	EVSS
B134	C-IPCT	FDCT
B342	C-IPWZ	HUML
B3A0	C-IQAP	B738
BD39	C-ITRC	SMAX
BF59	C-IUMA	BPUM
C1F6	C-IVLT	VL3
C385	C-IWBC	CTAH
C5F0	C-IWYX	WAIX
CB64	C-IZAP	PIAT
CC93	C-IZMG	FDCT
CDF2	C-IZZT	BPUM
