{"type":"FeatureCollection","features":[{"type":"Feature","id":"1730087247","properties":{"name":"Sint Nicolaas","rank":8},"geometry":{"type":"Point","coordinates":[-69.923557,12.4375]}},{"type":"Feature","id":"1730087249","properties":{"name":"Campana","rank":8},"geometry":{"type":"Point","coordinates":[-58.951413,-34.153333]}},{"type":"Feature","id":"1730087251","properties":{"name":"Zarate","rank":8},"geometry":{"type":"Point","coordinates":[-59.004947,-34.098889]}},{"type":"Feature","id":"1730087255","properties":{"name":"Puerto Belgrano/Bahia Blanca","rank":8},"geometry":{"type":"Point","coordinates":[-62.100883,-38.894444]}},{"type":"Feature","id":"1730087257","properties":{"name":"Puerto Galvan/Bahia Blanca","rank":8},"geometry":{"type":"Point","coordinates":[-62.30053,-38.783056]}},{"type":"Feature","id":"1730087259","properties":{"name":"Ingeniero White/Bahia Blanca","rank":8},"geometry":{"type":"Point","coordinates":[-62.259894,-38.791944]}},{"type":"Feature","id":"1730087261","properties":{"name":"Saint John's","rank":8},"geometry":{"type":"Point","coordinates":[-61.852297,17.122778]}},{"type":"Feature","id":"1730087263","properties":{"name":"Fremantle","rank":8},"geometry":{"type":"Point","coordinates":[115.738104,-32.0475]}},{"type":"Feature","id":"1730087265","properties":{"name":"Botany Bay","rank":8},"geometry":{"type":"Point","coordinates":[151.209541,-33.973056]}},{"type":"Feature","id":"1730087267","properties":{"name":"Rockhampton","rank":8},"geometry":{"type":"Point","coordinates":[151.284217,-23.851111]}},{"type":"Feature","id":"1730087269","properties":{"name":"Oostende (Ostend)","rank":8},"geometry":{"type":"Point","coordinates":[2.933687,51.23]}},{"type":"Feature","id":"1730087273","properties":{"name":"Zeebrugge","rank":8},"geometry":{"type":"Point","coordinates":[3.204594,51.336389]}},{"type":"Feature","id":"1730087275","properties":{"name":"Burgas","rank":8},"geometry":{"type":"Point","coordinates":[27.458304,42.47]}},{"type":"Feature","id":"1730087277","properties":{"name":"Mina Sulman Port","rank":8},"geometry":{"type":"Point","coordinates":[50.607597,26.198611]}},{"type":"Feature","id":"1730087279","properties":{"name":"Sitrah","rank":8},"geometry":{"type":"Point","coordinates":[50.658834,26.158611]}},{"type":"Feature","id":"1730087281","properties":{"name":"Saint George","rank":8},"geometry":{"type":"Point","coordinates":[-64.673027,32.379444]}},{"type":"Feature","id":"1730087283","properties":{"name":"Mucuripe","rank":8},"geometry":{"type":"Point","coordinates":[-38.473204,-3.7075]}},{"type":"Feature","id":"1730087285","properties":{"name":"Niteroi","rank":8},"geometry":{"type":"Point","coordinates":[-43.124617,-22.879167]}},{"type":"Feature","id":"1730087287","properties":{"name":"Sao Francisco do Sul","rank":8},"geometry":{"type":"Point","coordinates":[-48.635453,-26.238056]}},{"type":"Feature","id":"1730087291","properties":{"name":"Chatham","rank":8},"geometry":{"type":"Point","coordinates":[-65.467727,47.034444]}},{"type":"Feature","id":"1730087293","properties":{"name":"Clarenville","rank":8},"geometry":{"type":"Point","coordinates":[-53.95689,48.163333]}},{"type":"Feature","id":"1730087295","properties":{"name":"Comox","rank":8},"geometry":{"type":"Point","coordinates":[-124.924441,49.670833]}},{"type":"Feature","id":"1730087297","properties":{"name":"Esquimalt","rank":8},"geometry":{"type":"Point","coordinates":[-123.434393,48.436389]}},{"type":"Feature","id":"1730087299","properties":{"name":"Grand Bank","rank":8},"geometry":{"type":"Point","coordinates":[-55.75106,47.100278]}},{"type":"Feature","id":"1730087301","properties":{"name":"North Sydney","rank":8},"geometry":{"type":"Point","coordinates":[-60.23934,46.208889]}},{"type":"Feature","id":"1730087303","properties":{"name":"Caraquet","rank":8},"geometry":{"type":"Point","coordinates":[-64.924617,47.796389]}},{"type":"Feature","id":"1730087305","properties":{"name":"Chicoutimi","rank":8},"geometry":{"type":"Point","coordinates":[-71.05265,48.43]}},{"type":"Feature","id":"1730087309","properties":{"name":"Corner Brook","rank":8},"geometry":{"type":"Point","coordinates":[-57.936337,48.960556]}},{"type":"Feature","id":"1730087311","properties":{"name":"Digby","rank":8},"geometry":{"type":"Point","coordinates":[-65.752297,44.625278]}},{"type":"Feature","id":"1730087313","properties":{"name":"Harbour Grace","rank":8},"geometry":{"type":"Point","coordinates":[-53.21702,47.690278]}},{"type":"Feature","id":"1730087315","properties":{"name":"Pictou","rank":8},"geometry":{"type":"Point","coordinates":[-62.704417,45.674722]}},{"type":"Feature","id":"1730087317","properties":{"name":"Shelburne","rank":8},"geometry":{"type":"Point","coordinates":[-65.317727,43.749722]}},{"type":"Feature","id":"1730087319","properties":{"name":"Sorel","rank":8},"geometry":{"type":"Point","coordinates":[-73.11808,46.041111]}},{"type":"Feature","id":"1730087321","properties":{"name":"Springdale","rank":8},"geometry":{"type":"Point","coordinates":[-56.059894,49.499722]}},{"type":"Feature","id":"1730087323","properties":{"name":"Saint-John's","rank":8},"geometry":{"type":"Point","coordinates":[-52.692344,47.5625]}},{"type":"Feature","id":"1730087327","properties":{"name":"Coronel","rank":8},"geometry":{"type":"Point","coordinates":[-73.153357,-37.028333]}},{"type":"Feature","id":"1730087329","properties":{"name":"Lota","rank":8},"geometry":{"type":"Point","coordinates":[-73.158481,-37.098056]}},{"type":"Feature","id":"1730087331","properties":{"name":"Talcahuano","rank":8},"geometry":{"type":"Point","coordinates":[-73.102297,-36.705278]}},{"type":"Feature","id":"1730087333","properties":{"name":"San Antonio","rank":8},"geometry":{"type":"Point","coordinates":[-71.61808,-33.5875]}},{"type":"Feature","id":"1730087335","properties":{"name":"Haimen","rank":8},"geometry":{"type":"Point","coordinates":[121.441814,28.690278]}},{"type":"Feature","id":"1730087337","properties":{"name":"Qinhuangdao","rank":8},"geometry":{"type":"Point","coordinates":[119.585983,39.906667]}},{"type":"Feature","id":"1730087339","properties":{"name":"Yantian","rank":8},"geometry":{"type":"Point","coordinates":[114.26702,22.574167]}},{"type":"Feature","id":"1730087341","properties":{"name":"Yingkou","rank":8},"geometry":{"type":"Point","coordinates":[122.2351,40.695833]}},{"type":"Feature","id":"1730087345","properties":{"name":"Moin","rank":8},"geometry":{"type":"Point","coordinates":[-83.074087,10.005556]}},{"type":"Feature","id":"1730087347","properties":{"name":"Banes","rank":8},"geometry":{"type":"Point","coordinates":[-75.703357,20.919167]}},{"type":"Feature","id":"1730087349","properties":{"name":"Caibarien","rank":8},"geometry":{"type":"Point","coordinates":[-79.469317,22.529167]}},{"type":"Feature","id":"1730087351","properties":{"name":"Isabela de Sagua","rank":8},"geometry":{"type":"Point","coordinates":[-80.007597,22.940278]}},{"type":"Feature","id":"1730087353","properties":{"name":"Nuevitas","rank":8},"geometry":{"type":"Point","coordinates":[-77.239517,21.563056]}},{"type":"Feature","id":"1730087355","properties":{"name":"Famagusta","rank":8},"geometry":{"type":"Point","coordinates":[33.940047,35.127778]}},{"type":"Feature","id":"1730087357","properties":{"name":"Cuxhaven","rank":8},"geometry":{"type":"Point","coordinates":[8.707244,53.864722]}},{"type":"Feature","id":"1730087359","properties":{"name":"Eckernforde","rank":8},"geometry":{"type":"Point","coordinates":[9.835807,54.473611]}},{"type":"Feature","id":"1730087363","properties":{"name":"Nordenham","rank":8},"geometry":{"type":"Point","coordinates":[8.489517,53.4875]}},{"type":"Feature","id":"1730087365","properties":{"name":"Papenburg","rank":8},"geometry":{"type":"Point","coordinates":[7.368963,53.096389]}},{"type":"Feature","id":"1730087367","properties":{"name":"Wismar","rank":8},"geometry":{"type":"Point","coordinates":[11.439164,53.906389]}},{"type":"Feature","id":"1730087369","properties":{"name":"Nyborg","rank":8},"geometry":{"type":"Point","coordinates":[10.80689,55.298889]}},{"type":"Feature","id":"1730087371","properties":{"name":"Helsingor","rank":8},"geometry":{"type":"Point","coordinates":[12.61702,56.034444]}},{"type":"Feature","id":"1730087373","properties":{"name":"Odense","rank":8},"geometry":{"type":"Point","coordinates":[10.524971,55.466389]}},{"type":"Feature","id":"1730087375","properties":{"name":"Nyborg","rank":8},"geometry":{"type":"Point","coordinates":[10.788104,55.306944]}},{"type":"Feature","id":"1730087377","properties":{"name":"Frederikshavn","rank":8},"geometry":{"type":"Point","coordinates":[10.541461,57.437778]}},{"type":"Feature","id":"1730087381","properties":{"name":"Haderslev","rank":8},"geometry":{"type":"Point","coordinates":[9.504417,55.251111]}},{"type":"Feature","id":"1730087383","properties":{"name":"Horsens","rank":8},"geometry":{"type":"Point","coordinates":[9.868433,55.854167]}},{"type":"Feature","id":"1730087385","properties":{"name":"Kalundborg","rank":8},"geometry":{"type":"Point","coordinates":[11.085984,55.669444]}},{"type":"Feature","id":"1730087387","properties":{"name":"Kolding","rank":8},"geometry":{"type":"Point","coordinates":[9.493404,55.492778]}},{"type":"Feature","id":"1730087389","properties":{"name":"Nakskov","rank":8},"geometry":{"type":"Point","coordinates":[11.121084,54.832222]}},{"type":"Feature","id":"1730087391","properties":{"name":"Nykobing Falster","rank":8},"geometry":{"type":"Point","coordinates":[11.857067,54.770833]}},{"type":"Feature","id":"1730087393","properties":{"name":"Randers","rank":8},"geometry":{"type":"Point","coordinates":[10.05265,56.460278]}},{"type":"Feature","id":"1730087395","properties":{"name":"Rudkobing","rank":8},"geometry":{"type":"Point","coordinates":[10.704947,54.939722]}},{"type":"Feature","id":"1730087399","properties":{"name":"Svendborg","rank":8},"geometry":{"type":"Point","coordinates":[10.61702,55.058611]}},{"type":"Feature","id":"1730087401","properties":{"name":"Vejle","rank":8},"geometry":{"type":"Point","coordinates":[9.551943,55.705556]}},{"type":"Feature","id":"1730087403","properties":{"name":"Skagen","rank":8},"geometry":{"type":"Point","coordinates":[10.58881,57.718611]}},{"type":"Feature","id":"1730087405","properties":{"name":"Puerto Plata","rank":8},"geometry":{"type":"Point","coordinates":[-70.70053,19.803611]}},{"type":"Feature","id":"1730087407","properties":{"name":"Rio Haina","rank":8},"geometry":{"type":"Point","coordinates":[-70.01808,18.420278]}},{"type":"Feature","id":"1730087409","properties":{"name":"Mostaganem","rank":8},"geometry":{"type":"Point","coordinates":[0.07126,35.934444]}},{"type":"Feature","id":"1730087411","properties":{"name":"Damietta","rank":8},"geometry":{"type":"Point","coordinates":[31.759187,31.466667]}},{"type":"Feature","id":"1730087413","properties":{"name":"Safaga","rank":8},"geometry":{"type":"Point","coordinates":[33.941284,26.742222]}},{"type":"Feature","id":"1730087417","properties":{"name":"Algeciras","rank":8},"geometry":{"type":"Point","coordinates":[-5.400353,36.147778]}},{"type":"Feature","id":"1730087419","properties":{"name":"Aviles","rank":8},"geometry":{"type":"Point","coordinates":[-5.920024,43.578611]}},{"type":"Feature","id":"1730087421","properties":{"name":"Ferrol","rank":8},"geometry":{"type":"Point","coordinates":[-8.250883,43.479722]}},{"type":"Feature","id":"1730087423","properties":{"name":"Huelva","rank":8},"geometry":{"type":"Point","coordinates":[-6.935807,37.192778]}},{"type":"Feature","id":"1730087425","properties":{"name":"Pasajes","rank":8},"geometry":{"type":"Point","coordinates":[-1.918787,43.323333]}},{"type":"Feature","id":"1730087427","properties":{"name":"Rota","rank":8},"geometry":{"type":"Point","coordinates":[-6.33457,36.619444]}},{"type":"Feature","id":"1730087429","properties":{"name":"Cadiz","rank":8},"geometry":{"type":"Point","coordinates":[-6.258834,36.52]}},{"type":"Feature","id":"1730087431","properties":{"name":"Kotka","rank":8},"geometry":{"type":"Point","coordinates":[26.941814,60.461111]}},{"type":"Feature","id":"1730087435","properties":{"name":"Veitsiluoto","rank":8},"geometry":{"type":"Point","coordinates":[24.616667,65.683056]}},{"type":"Feature","id":"1730087437","properties":{"name":"Arcachon","rank":8},"geometry":{"type":"Point","coordinates":[-1.142344,44.659167]}},{"type":"Feature","id":"1730087439","properties":{"name":"Deauville","rank":8},"geometry":{"type":"Point","coordinates":[0.07338,49.365833]}},{"type":"Feature","id":"1730087441","properties":{"name":"Fecamp","rank":8},"geometry":{"type":"Point","coordinates":[0.369494,49.761944]}},{"type":"Feature","id":"1730087443","properties":{"name":"La Pallice","rank":8},"geometry":{"type":"Point","coordinates":[-1.22391,46.157222]}},{"type":"Feature","id":"1730087445","properties":{"name":"Saint-Malo","rank":8},"geometry":{"type":"Point","coordinates":[-2.02285,48.644444]}},{"type":"Feature","id":"1730087447","properties":{"name":"Sete","rank":8},"geometry":{"type":"Point","coordinates":[3.710247,43.404722]}},{"type":"Feature","id":"1730087449","properties":{"name":"Greenock","rank":8},"geometry":{"type":"Point","coordinates":[-4.756714,55.954722]}},{"type":"Feature","id":"1730087453","properties":{"name":"Poole","rank":8},"geometry":{"type":"Point","coordinates":[-1.986514,50.714444]}},{"type":"Feature","id":"1730087455","properties":{"name":"Falmouth","rank":8},"geometry":{"type":"Point","coordinates":[-5.053534,50.152778]}},{"type":"Feature","id":"1730087457","properties":{"name":"Leith","rank":8},"geometry":{"type":"Point","coordinates":[-3.17179,55.9825]}},{"type":"Feature","id":"1730087459","properties":{"name":"Montrose","rank":8},"geometry":{"type":"Point","coordinates":[-2.467903,56.704444]}},{"type":"Feature","id":"1730087461","properties":{"name":"Newport","rank":8},"geometry":{"type":"Point","coordinates":[-2.984747,51.558889]}},{"type":"Feature","id":"1730087463","properties":{"name":"Sunderland","rank":8},"geometry":{"type":"Point","coordinates":[-1.356184,54.906944]}},{"type":"Feature","id":"1730087465","properties":{"name":"Teesport","rank":8},"geometry":{"type":"Point","coordinates":[-1.157067,54.608056]}},{"type":"Feature","id":"1730087467","properties":{"name":"Poti","rank":8},"geometry":{"type":"Point","coordinates":[41.652827,42.155]}},{"type":"Feature","id":"1730087471","properties":{"name":"Piraeus","rank":8},"geometry":{"type":"Point","coordinates":[23.656537,37.937222]}},{"type":"Feature","id":"1730087473","properties":{"name":"Piraeus","rank":8},"geometry":{"type":"Point","coordinates":[23.633687,37.941111]}},{"type":"Feature","id":"1730087475","properties":{"name":"Piraeus","rank":8},"geometry":{"type":"Point","coordinates":[23.643051,37.934444]}},{"type":"Feature","id":"1730087477","properties":{"name":"Saint George's","rank":8},"geometry":{"type":"Point","coordinates":[-61.75053,12.047222]}},{"type":"Feature","id":"1730087479","properties":{"name":"Cayenne","rank":8},"geometry":{"type":"Point","coordinates":[-52.271967,4.853056]}},{"type":"Feature","id":"1730087481","properties":{"name":"Bakar","rank":8},"geometry":{"type":"Point","coordinates":[14.540754,45.299722]}},{"type":"Feature","id":"1730087483","properties":{"name":"Rovinj","rank":8},"geometry":{"type":"Point","coordinates":[13.634923,45.080556]}},{"type":"Feature","id":"1730087485","properties":{"name":"Sibenik","rank":8},"geometry":{"type":"Point","coordinates":[15.891637,43.726389]}},{"type":"Feature","id":"1730087489","properties":{"name":"Gonaives","rank":8},"geometry":{"type":"Point","coordinates":[-72.70371,19.448333]}},{"type":"Feature","id":"1730087491","properties":{"name":"Sorong","rank":8},"geometry":{"type":"Point","coordinates":[131.242521,-0.876944]}},{"type":"Feature","id":"1730087493","properties":{"name":"Alleppey","rank":8},"geometry":{"type":"Point","coordinates":[76.310424,9.491944]}},{"type":"Feature","id":"1730087495","properties":{"name":"Kakinada","rank":8},"geometry":{"type":"Point","coordinates":[82.274617,16.977778]}},{"type":"Feature","id":"1730087497","properties":{"name":"Tuticorin","rank":8},"geometry":{"type":"Point","coordinates":[78.187044,8.758333]}},{"type":"Feature","id":"1730087499","properties":{"name":"Sligo","rank":8},"geometry":{"type":"Point","coordinates":[-8.47126,54.271667]}},{"type":"Feature","id":"1730087501","properties":{"name":"Licata","rank":8},"geometry":{"type":"Point","coordinates":[13.93828,37.090278]}},{"type":"Feature","id":"1730087503","properties":{"name":"Alghero","rank":8},"geometry":{"type":"Point","coordinates":[8.307951,40.562778]}},{"type":"Feature","id":"1730087507","properties":{"name":"Bagnoli","rank":8},"geometry":{"type":"Point","coordinates":[14.160071,40.803333]}},{"type":"Feature","id":"1730087509","properties":{"name":"Barletta","rank":8},"geometry":{"type":"Point","coordinates":[16.28775,41.325556]}},{"type":"Feature","id":"1730087511","properties":{"name":"Brindisi","rank":8},"geometry":{"type":"Point","coordinates":[17.956007,40.646389]}},{"type":"Feature","id":"1730087513","properties":{"name":"Crotone","rank":8},"geometry":{"type":"Point","coordinates":[17.12338,39.086111]}},{"type":"Feature","id":"1730087515","properties":{"name":"Gallipoli","rank":8},"geometry":{"type":"Point","coordinates":[17.975677,40.055833]}},{"type":"Feature","id":"1730087517","properties":{"name":"Imperia","rank":8},"geometry":{"type":"Point","coordinates":[8.026914,43.882778]}},{"type":"Feature","id":"1730087519","properties":{"name":"La Maddalena","rank":8},"geometry":{"type":"Point","coordinates":[9.409364,41.213333]}},{"type":"Feature","id":"1730087521","properties":{"name":"La Spezia","rank":8},"geometry":{"type":"Point","coordinates":[9.850353,44.087222]}},{"type":"Feature","id":"1730087525","properties":{"name":"Marsala","rank":8},"geometry":{"type":"Point","coordinates":[12.435453,37.789722]}},{"type":"Feature","id":"1730087527","properties":{"name":"Messina","rank":8},"geometry":{"type":"Point","coordinates":[15.559187,38.200278]}},{"type":"Feature","id":"1730087529","properties":{"name":"Molfetta","rank":8},"geometry":{"type":"Point","coordinates":[16.58775,41.208333]}},{"type":"Feature","id":"1730087531","properties":{"name":"Monfalcone","rank":8},"geometry":{"type":"Point","coordinates":[13.55265,45.788611]}},{"type":"Feature","id":"1730087533","properties":{"name":"Monopoli","rank":8},"geometry":{"type":"Point","coordinates":[17.300353,40.956111]}},{"type":"Feature","id":"1730087535","properties":{"name":"Pesaro","rank":8},"geometry":{"type":"Point","coordinates":[12.902473,43.920833]}},{"type":"Feature","id":"1730087537","properties":{"name":"Porto Torres","rank":8},"geometry":{"type":"Point","coordinates":[8.392167,40.843611]}},{"type":"Feature","id":"1730087539","properties":{"name":"Ravenna","rank":8},"geometry":{"type":"Point","coordinates":[12.250353,44.462222]}},{"type":"Feature","id":"1730087543","properties":{"name":"Siracusa","rank":8},"geometry":{"type":"Point","coordinates":[15.287574,37.066111]}},{"type":"Feature","id":"1730087545","properties":{"name":"Taranto","rank":8},"geometry":{"type":"Point","coordinates":[17.188987,40.488056]}},{"type":"Feature","id":"1730087547","properties":{"name":"Torre Annunziata","rank":8},"geometry":{"type":"Point","coordinates":[14.442874,40.75]}},{"type":"Feature","id":"1730087549","properties":{"name":"Omura","rank":8},"geometry":{"type":"Point","coordinates":[129.950353,32.901667]}},{"type":"Feature","id":"1730087551","properties":{"name":"Amagasaki","rank":8},"geometry":{"type":"Point","coordinates":[135.383333,34.691389]}},{"type":"Feature","id":"1730087553","properties":{"name":"Fushiki","rank":8},"geometry":{"type":"Point","coordinates":[137.108481,36.775833]}},{"type":"Feature","id":"1730087555","properties":{"name":"Imabari","rank":8},"geometry":{"type":"Point","coordinates":[133.006184,34.068056]}},{"type":"Feature","id":"1730087557","properties":{"name":"Iwakuni","rank":8},"geometry":{"type":"Point","coordinates":[132.235277,34.176944]}},{"type":"Feature","id":"1730087561","properties":{"name":"Kainan","rank":8},"geometry":{"type":"Point","coordinates":[135.188457,34.153056]}},{"type":"Feature","id":"1730087563","properties":{"name":"Kanazawa","rank":8},"geometry":{"type":"Point","coordinates":[136.606537,36.616944]}},{"type":"Feature","id":"1730087565","properties":{"name":"Kawasaki","rank":8},"geometry":{"type":"Point","coordinates":[139.743757,35.506389]}},{"type":"Feature","id":"1730087567","properties":{"name":"Kokura","rank":8},"geometry":{"type":"Point","coordinates":[130.873557,33.908333]}},{"type":"Feature","id":"1730087569","properties":{"name":"Maizuru","rank":8},"geometry":{"type":"Point","coordinates":[135.385277,35.481667]}},{"type":"Feature","id":"1730087571","properties":{"name":"Matsusaka","rank":8},"geometry":{"type":"Point","coordinates":[136.553357,34.608056]}},{"type":"Feature","id":"1730087573","properties":{"name":"Miyazu","rank":8},"geometry":{"type":"Point","coordinates":[135.193404,35.543333]}},{"type":"Feature","id":"1730087575","properties":{"name":"Muroran","rank":8},"geometry":{"type":"Point","coordinates":[140.954064,42.335833]}},{"type":"Feature","id":"1730087579","properties":{"name":"Niigata","rank":8},"geometry":{"type":"Point","coordinates":[139.124794,37.955]}},{"type":"Feature","id":"1730087581","properties":{"name":"Saganoseki","rank":8},"geometry":{"type":"Point","coordinates":[131.869317,33.251389]}},{"type":"Feature","id":"1730087583","properties":{"name":"Sasebo","rank":8},"geometry":{"type":"Point","coordinates":[129.707774,33.156944]}},{"type":"Feature","id":"1730087585","properties":{"name":"Shimizu","rank":8},"geometry":{"type":"Point","coordinates":[138.509894,35.014444]}},{"type":"Feature","id":"1730087587","properties":{"name":"Shimotsu","rank":8},"geometry":{"type":"Point","coordinates":[135.133333,34.116389]}},{"type":"Feature","id":"1730087589","properties":{"name":"Wakayama","rank":8},"geometry":{"type":"Point","coordinates":[135.127091,34.223056]}},{"type":"Feature","id":"1730087591","properties":{"name":"Yokosuka","rank":8},"geometry":{"type":"Point","coordinates":[139.654417,35.304444]}},{"type":"Feature","id":"1730087593","properties":{"name":"Galle","rank":8},"geometry":{"type":"Point","coordinates":[80.224971,6.033333]}},{"type":"Feature","id":"1730087597","properties":{"name":"Ventspils","rank":8},"geometry":{"type":"Point","coordinates":[21.537044,57.403056]}},{"type":"Feature","id":"1730087599","properties":{"name":"Frontera","rank":8},"geometry":{"type":"Point","coordinates":[-92.65212,18.530278]}},{"type":"Feature","id":"1730087601","properties":{"name":"Minatitlan","rank":8},"geometry":{"type":"Point","coordinates":[-94.53457,17.975833]}},{"type":"Feature","id":"1730087603","properties":{"name":"Pajaritos","rank":8},"geometry":{"type":"Point","coordinates":[-94.40053,18.1275]}},{"type":"Feature","id":"1730087605","properties":{"name":"Santa Rosalia","rank":8},"geometry":{"type":"Point","coordinates":[-112.258481,27.339167]}},{"type":"Feature","id":"1730087607","properties":{"name":"Progreso","rank":8},"geometry":{"type":"Point","coordinates":[-89.670554,21.313611]}},{"type":"Feature","id":"1730087609","properties":{"name":"Tuxpan","rank":8},"geometry":{"type":"Point","coordinates":[-97.370554,20.940556]}},{"type":"Feature","id":"1730087611","properties":{"name":"Kemaman","rank":8},"geometry":{"type":"Point","coordinates":[103.459187,4.249444]}},{"type":"Feature","id":"1730087615","properties":{"name":"Den Helder","rank":8},"geometry":{"type":"Point","coordinates":[4.783687,52.958056]}},{"type":"Feature","id":"1730087617","properties":{"name":"Dordrecht","rank":8},"geometry":{"type":"Point","coordinates":[4.651413,51.805833]}},{"type":"Feature","id":"1730087619","properties":{"name":"Delfzijl","rank":8},"geometry":{"type":"Point","coordinates":[6.955477,53.320556]}},{"type":"Feature","id":"1730087621","properties":{"name":"Arendal","rank":8},"geometry":{"type":"Point","coordinates":[8.75742,58.454167]}},{"type":"Feature","id":"1730087623","properties":{"name":"Drammen","rank":8},"geometry":{"type":"Point","coordinates":[10.224971,59.736667]}},{"type":"Feature","id":"1730087625","properties":{"name":"Halden","rank":8},"geometry":{"type":"Point","coordinates":[11.375324,59.118056]}},{"type":"Feature","id":"1730087627","properties":{"name":"Harstad","rank":8},"geometry":{"type":"Point","coordinates":[16.541637,68.789167]}},{"type":"Feature","id":"1730087629","properties":{"name":"Larvik","rank":8},"geometry":{"type":"Point","coordinates":[10.025501,59.045278]}},{"type":"Feature","id":"1730087633","properties":{"name":"Moss","rank":8},"geometry":{"type":"Point","coordinates":[10.652827,59.432222]}},{"type":"Feature","id":"1730087635","properties":{"name":"Sandefjord","rank":8},"geometry":{"type":"Point","coordinates":[10.224971,59.123611]}},{"type":"Feature","id":"1730087637","properties":{"name":"Tonsberg","rank":8},"geometry":{"type":"Point","coordinates":[10.404947,59.265]}},{"type":"Feature","id":"1730087639","properties":{"name":"Lyttelton","rank":8},"geometry":{"type":"Point","coordinates":[172.710247,-43.606111]}},{"type":"Feature","id":"1730087641","properties":{"name":"Qalhat","rank":8},"geometry":{"type":"Point","coordinates":[59.420554,22.656667]}},{"type":"Feature","id":"1730087643","properties":{"name":"Sohar","rank":8},"geometry":{"type":"Point","coordinates":[56.737927,24.378333]}},{"type":"Feature","id":"1730087645","properties":{"name":"Balboa","rank":8},"geometry":{"type":"Point","coordinates":[-79.568787,8.955556]}},{"type":"Feature","id":"1730087647","properties":{"name":"Cristobal","rank":8},"geometry":{"type":"Point","coordinates":[-79.90477,9.350278]}},{"type":"Feature","id":"1730087651","properties":{"name":"Pedregal","rank":8},"geometry":{"type":"Point","coordinates":[-82.43457,8.365]}},{"type":"Feature","id":"1730087653","properties":{"name":"Callao","rank":8},"geometry":{"type":"Point","coordinates":[-77.141814,-12.045278]}},{"type":"Feature","id":"1730087655","properties":{"name":"Matarani","rank":8},"geometry":{"type":"Point","coordinates":[-72.10424,-16.997778]}},{"type":"Feature","id":"1730087657","properties":{"name":"Swinoujscie","rank":8},"geometry":{"type":"Point","coordinates":[14.26861,53.905]}},{"type":"Feature","id":"1730087659","properties":{"name":"Leixoes","rank":8},"geometry":{"type":"Point","coordinates":[-8.692874,41.185]}},{"type":"Feature","id":"1730087661","properties":{"name":"Setubal","rank":8},"geometry":{"type":"Point","coordinates":[-8.821437,38.489722]}},{"type":"Feature","id":"1730087663","properties":{"name":"Aveiro","rank":8},"geometry":{"type":"Point","coordinates":[-8.71967,40.643611]}},{"type":"Feature","id":"1730087665","properties":{"name":"Viana do Castelo","rank":8},"geometry":{"type":"Point","coordinates":[-8.823027,41.686389]}},{"type":"Feature","id":"1730087669","properties":{"name":"Galati","rank":8},"geometry":{"type":"Point","coordinates":[28.083863,45.441667]}},{"type":"Feature","id":"1730087671","properties":{"name":"Nakhodka","rank":8},"geometry":{"type":"Point","coordinates":[132.907597,42.804722]}},{"type":"Feature","id":"1730087673","properties":{"name":"Kandalaksha","rank":8},"geometry":{"type":"Point","coordinates":[32.404947,67.135]}},{"type":"Feature","id":"1730087675","properties":{"name":"Kholmsk","rank":8},"geometry":{"type":"Point","coordinates":[142.040047,47.050556]}},{"type":"Feature","id":"1730087677","properties":{"name":"Korsakov","rank":8},"geometry":{"type":"Point","coordinates":[142.758481,46.626667]}},{"type":"Feature","id":"1730087679","properties":{"name":"Kronshtadt","rank":8},"geometry":{"type":"Point","coordinates":[29.767373,59.986944]}},{"type":"Feature","id":"1730087681","properties":{"name":"Nakhodka","rank":8},"geometry":{"type":"Point","coordinates":[132.88616,42.8]}},{"type":"Feature","id":"1730087683","properties":{"name":"Novorossiysk","rank":8},"geometry":{"type":"Point","coordinates":[37.804417,44.715]}},{"type":"Feature","id":"1730087687","properties":{"name":"Tuapse","rank":8},"geometry":{"type":"Point","coordinates":[39.066667,44.091944]}},{"type":"Feature","id":"1730087689","properties":{"name":"Jubail","rank":8},"geometry":{"type":"Point","coordinates":[49.670907,27.028611]}},{"type":"Feature","id":"1730087691","properties":{"name":"Jubail","rank":8},"geometry":{"type":"Point","coordinates":[49.673027,27.087778]}},{"type":"Feature","id":"1730087693","properties":{"name":"Ras al Khafji","rank":8},"geometry":{"type":"Point","coordinates":[48.522497,28.415]}},{"type":"Feature","id":"1730087695","properties":{"name":"Falkenberg","rank":8},"geometry":{"type":"Point","coordinates":[12.476384,56.889444]}},{"type":"Feature","id":"1730087697","properties":{"name":"Ahus","rank":8},"geometry":{"type":"Point","coordinates":[14.305477,55.925556]}},{"type":"Feature","id":"1730087699","properties":{"name":"Harnosand","rank":8},"geometry":{"type":"Point","coordinates":[17.93881,62.640833]}},{"type":"Feature","id":"1730087701","properties":{"name":"Hoganas","rank":8},"geometry":{"type":"Point","coordinates":[12.541461,56.198611]}},{"type":"Feature","id":"1730087705","properties":{"name":"Karlshamn","rank":8},"geometry":{"type":"Point","coordinates":[14.858304,56.1625]}},{"type":"Feature","id":"1730087707","properties":{"name":"Karlskrona","rank":8},"geometry":{"type":"Point","coordinates":[15.585984,56.16]}},{"type":"Feature","id":"1730087709","properties":{"name":"Nynashamn","rank":8},"geometry":{"type":"Point","coordinates":[17.958127,58.913333]}},{"type":"Feature","id":"1730087711","properties":{"name":"Oskarshamn","rank":8},"geometry":{"type":"Point","coordinates":[16.47073,57.265]}},{"type":"Feature","id":"1730087713","properties":{"name":"Oxelosund","rank":8},"geometry":{"type":"Point","coordinates":[17.107951,58.661667]}},{"type":"Feature","id":"1730087715","properties":{"name":"Pitea","rank":8},"geometry":{"type":"Point","coordinates":[21.470377,65.308889]}},{"type":"Feature","id":"1730087717","properties":{"name":"Sodertalje","rank":8},"geometry":{"type":"Point","coordinates":[17.659187,59.169722]}},{"type":"Feature","id":"1730087719","properties":{"name":"Trelleborg","rank":8},"geometry":{"type":"Point","coordinates":[13.15159,55.368056]}},{"type":"Feature","id":"1730087723","properties":{"name":"Uddevalla","rank":8},"geometry":{"type":"Point","coordinates":[11.90477,58.348056]}},{"type":"Feature","id":"1730087725","properties":{"name":"Ystad","rank":8},"geometry":{"type":"Point","coordinates":[13.82073,55.421389]}},{"type":"Feature","id":"1730087727","properties":{"name":"Bangkok","rank":8},"geometry":{"type":"Point","coordinates":[100.584923,13.695833]}},{"type":"Feature","id":"1730087729","properties":{"name":"Laem Chabang","rank":8},"geometry":{"type":"Point","coordinates":[100.89093,13.073889]}},{"type":"Feature","id":"1730087731","properties":{"name":"Sriracha","rank":8},"geometry":{"type":"Point","coordinates":[100.91861,13.171389]}},{"type":"Feature","id":"1730087733","properties":{"name":"Point Lisas","rank":8},"geometry":{"type":"Point","coordinates":[-61.489517,10.388333]}},{"type":"Feature","id":"1730087735","properties":{"name":"Mersin","rank":8},"geometry":{"type":"Point","coordinates":[34.640577,36.796944]}},{"type":"Feature","id":"1730087737","properties":{"name":"Berdyansk","rank":8},"geometry":{"type":"Point","coordinates":[36.773204,46.751389]}},{"type":"Feature","id":"1730087741","properties":{"name":"Kerch","rank":8},"geometry":{"type":"Point","coordinates":[36.48563,45.355]}},{"type":"Feature","id":"1730087743","properties":{"name":"Richmond","rank":8},"geometry":{"type":"Point","coordinates":[-122.359011,37.913889]}},{"type":"Feature","id":"1730087745","properties":{"name":"Wilmington","rank":8},"geometry":{"type":"Point","coordinates":[-75.519847,39.716667]}},{"type":"Feature","id":"1730087747","properties":{"name":"Quincy","rank":8},"geometry":{"type":"Point","coordinates":[-70.968963,42.241389]}},{"type":"Feature","id":"1730087749","properties":{"name":"Nawiliwili","rank":8},"geometry":{"type":"Point","coordinates":[-159.353003,21.953889]}},{"type":"Feature","id":"1730087751","properties":{"name":"Monterey","rank":8},"geometry":{"type":"Point","coordinates":[-121.888987,36.605556]}},{"type":"Feature","id":"1730087753","properties":{"name":"Wilmington","rank":8},"geometry":{"type":"Point","coordinates":[-77.95265,34.191944]}},{"type":"Feature","id":"1730087755","properties":{"name":"Gloucester City","rank":8},"geometry":{"type":"Point","coordinates":[-75.122674,39.903611]}},{"type":"Feature","id":"1730087759","properties":{"name":"Bayonne","rank":8},"geometry":{"type":"Point","coordinates":[-74.102474,40.6625]}},{"type":"Feature","id":"1730087761","properties":{"name":"Baltimore","rank":8},"geometry":{"type":"Point","coordinates":[-76.555654,39.2325]}},{"type":"Feature","id":"1730087763","properties":{"name":"Jacksonville","rank":8},"geometry":{"type":"Point","coordinates":[-81.559187,30.380833]}},{"type":"Feature","id":"1730087765","properties":{"name":"Newport News","rank":8},"geometry":{"type":"Point","coordinates":[-76.426207,36.980556]}},{"type":"Feature","id":"1730087767","properties":{"name":"Port Arthur","rank":8},"geometry":{"type":"Point","coordinates":[-93.957067,29.843056]}},{"type":"Feature","id":"1730087769","properties":{"name":"Portsmouth","rank":8},"geometry":{"type":"Point","coordinates":[-76.28828,36.816667]}},{"type":"Feature","id":"1730087771","properties":{"name":"Wilmington","rank":8},"geometry":{"type":"Point","coordinates":[-77.95265,34.191944]}},{"type":"Feature","id":"1730087773","properties":{"name":"Port Arthur","rank":8},"geometry":{"type":"Point","coordinates":[-93.957067,29.843056]}},{"type":"Feature","id":"1730087777","properties":{"name":"Alexandria","rank":8},"geometry":{"type":"Point","coordinates":[-77.03722,38.801111]}},{"type":"Feature","id":"1730087779","properties":{"name":"Newport News","rank":8},"geometry":{"type":"Point","coordinates":[-76.426207,36.980556]}},{"type":"Feature","id":"1730087781","properties":{"name":"Brownsville","rank":8},"geometry":{"type":"Point","coordinates":[-122.608657,47.651389]}},{"type":"Feature","id":"1730087783","properties":{"name":"Vancouver","rank":8},"geometry":{"type":"Point","coordinates":[-122.703887,45.634722]}},{"type":"Feature","id":"1730087785","properties":{"name":"Guanta","rank":8},"geometry":{"type":"Point","coordinates":[-64.5904,10.249167]}},{"type":"Feature","id":"1730087787","properties":{"name":"Keelung","rank":8},"geometry":{"type":"Point","coordinates":[121.725837,25.22076]}},{"type":"Feature","id":"1730087789","properties":{"name":"Arrecife","rank":8},"geometry":{"type":"Point","coordinates":[-13.623954,28.948965]}},{"type":"Feature","id":"1730087791","properties":{"name":"St Thomas","rank":8},"geometry":{"type":"Point","coordinates":[-64.928415,18.332123]}},{"type":"Feature","id":"1730087795","properties":{"name":"Basseterre","rank":8},"geometry":{"type":"Point","coordinates":[-62.750002,17.278827]}},{"type":"Feature","id":"1730087797","properties":{"name":"New Orleans","rank":8},"geometry":{"type":"Point","coordinates":[-90.056371,29.9342]}},{"type":"Feature","id":"1730087799","properties":{"name":"Freeport","rank":8},"geometry":{"type":"Point","coordinates":[-78.727664,26.538411]}},{"type":"Feature","id":"1730087801","properties":{"name":"Trenton","rank":8},"geometry":{"type":"Point","coordinates":[-77.56,44.1]}},{"type":"Feature","id":"1730087803","properties":{"name":"Goderich","rank":8},"geometry":{"type":"Point","coordinates":[-81.73,43.75]}},{"type":"Feature","id":"1730087805","properties":{"name":"Midland","rank":8},"geometry":{"type":"Point","coordinates":[-79.91,44.75]}},{"type":"Feature","id":"1730087807","properties":{"name":"St Joseph","rank":8},"geometry":{"type":"Point","coordinates":[-86.48,42.11]}},{"type":"Feature","id":"1730087809","properties":{"name":"Racine","rank":8},"geometry":{"type":"Point","coordinates":[-87.78,42.73]}},{"type":"Feature","id":"1730087813","properties":{"name":"Menominee","rank":8},"geometry":{"type":"Point","coordinates":[-87.6,45.1]}},{"type":"Feature","id":"1730087815","properties":{"name":"Escanaba","rank":8},"geometry":{"type":"Point","coordinates":[-87.05,45.76]}},{"type":"Feature","id":"1730087817","properties":{"name":"Sacramento","rank":8},"geometry":{"type":"Point","coordinates":[-121.5,38.58]}},{"type":"Feature","id":"1730087819","properties":{"name":"Great Yarmouth","rank":8},"geometry":{"type":"Point","coordinates":[1.73,52.61]}},{"type":"Feature","id":"1730087821","properties":{"name":"Dundee","rank":8},"geometry":{"type":"Point","coordinates":[-2.96,56.46]}},{"type":"Feature","id":"1730087823","properties":{"name":"Portmahomack Harbor","rank":8},"geometry":{"type":"Point","coordinates":[-3.83,57.83]}},{"type":"Feature","id":"1730087825","properties":{"name":"Wick","rank":8},"geometry":{"type":"Point","coordinates":[-3.08,58.43]}},{"type":"Feature","id":"1730087827","properties":{"name":"Oban","rank":8},"geometry":{"type":"Point","coordinates":[-5.46,56.41]}},{"type":"Feature","id":"1730087831","properties":{"name":"Douglas","rank":8},"geometry":{"type":"Point","coordinates":[-4.46,54.15]}},{"type":"Feature","id":"1730087833","properties":{"name":"Londonderry","rank":8},"geometry":{"type":"Point","coordinates":[-7.31,55]}},{"type":"Feature","id":"1730087835","properties":{"name":"Silloth","rank":8},"geometry":{"type":"Point","coordinates":[-3.4,54.86]}},{"type":"Feature","id":"1730087837","properties":{"name":"Ambriz","rank":7},"geometry":{"type":"Point","coordinates":[13.093757,-7.833056]}},{"type":"Feature","id":"1730087839","properties":{"name":"Cabinda","rank":7},"geometry":{"type":"Point","coordinates":[12.190224,-5.55]}},{"type":"Feature","id":"1730087841","properties":{"name":"Soyo","rank":7},"geometry":{"type":"Point","coordinates":[12.320377,-6.121389]}},{"type":"Feature","id":"1730087843","properties":{"name":"Durres","rank":7},"geometry":{"type":"Point","coordinates":[19.453004,41.307778]}},{"type":"Feature","id":"1730087845","properties":{"name":"Curacao","rank":7},"geometry":{"type":"Point","coordinates":[-68.918257,12.119167]}},{"type":"Feature","id":"1730087849","properties":{"name":"Al Fujayrah","rank":7},"geometry":{"type":"Point","coordinates":[56.356537,25.178333]}},{"type":"Feature","id":"1730087851","properties":{"name":"Caleta Olivia","rank":7},"geometry":{"type":"Point","coordinates":[-67.508481,-46.433056]}},{"type":"Feature","id":"1730087853","properties":{"name":"Puerto Deseado","rank":7},"geometry":{"type":"Point","coordinates":[-65.904064,-47.755556]}},{"type":"Feature","id":"1730087855","properties":{"name":"Rio Gallegos","rank":7},"geometry":{"type":"Point","coordinates":[-69.218257,-51.611667]}},{"type":"Feature","id":"1730087857","properties":{"name":"Rio Grande","rank":7},"geometry":{"type":"Point","coordinates":[-67.702473,-53.794444]}},{"type":"Feature","id":"1730087859","properties":{"name":"San Julian","rank":7},"geometry":{"type":"Point","coordinates":[-67.718963,-49.299722]}},{"type":"Feature","id":"1730087861","properties":{"name":"Coffs Harbour","rank":7},"geometry":{"type":"Point","coordinates":[153.14146,-30.3075]}},{"type":"Feature","id":"1730087863","properties":{"name":"Esperance","rank":7},"geometry":{"type":"Point","coordinates":[121.893404,-33.871944]}},{"type":"Feature","id":"1730087867","properties":{"name":"Port Augusta","rank":7},"geometry":{"type":"Point","coordinates":[137.756714,-32.488611]}},{"type":"Feature","id":"1730087869","properties":{"name":"Bowen","rank":7},"geometry":{"type":"Point","coordinates":[148.25053,-20.020833]}},{"type":"Feature","id":"1730087871","properties":{"name":"Bundaberg","rank":7},"geometry":{"type":"Point","coordinates":[152.388457,-24.767222]}},{"type":"Feature","id":"1730087873","properties":{"name":"Burketown","rank":7},"geometry":{"type":"Point","coordinates":[139.737927,-17.553611]}},{"type":"Feature","id":"1730087875","properties":{"name":"Carnarvon","rank":7},"geometry":{"type":"Point","coordinates":[113.642874,-24.895]}},{"type":"Feature","id":"1730087877","properties":{"name":"Cooktown","rank":7},"geometry":{"type":"Point","coordinates":[145.243757,-15.459722]}},{"type":"Feature","id":"1730087879","properties":{"name":"Derby","rank":7},"geometry":{"type":"Point","coordinates":[123.605124,-17.292222]}},{"type":"Feature","id":"1730087881","properties":{"name":"Eden","rank":7},"geometry":{"type":"Point","coordinates":[149.9053,-37.071944]}},{"type":"Feature","id":"1730087885","properties":{"name":"George Town","rank":7},"geometry":{"type":"Point","coordinates":[146.8202,-41.109722]}},{"type":"Feature","id":"1730087887","properties":{"name":"Geraldton","rank":7},"geometry":{"type":"Point","coordinates":[114.600707,-28.772778]}},{"type":"Feature","id":"1730087889","properties":{"name":"Karumba","rank":7},"geometry":{"type":"Point","coordinates":[140.833333,-17.489444]}},{"type":"Feature","id":"1730087891","properties":{"name":"Kingscote","rank":7},"geometry":{"type":"Point","coordinates":[137.639517,-35.655]}},{"type":"Feature","id":"1730087893","properties":{"name":"Maryborough","rank":7},"geometry":{"type":"Point","coordinates":[152.906007,-25.295]}},{"type":"Feature","id":"1730087895","properties":{"name":"Strahan","rank":7},"geometry":{"type":"Point","coordinates":[145.320554,-42.158333]}},{"type":"Feature","id":"1730087897","properties":{"name":"Mongla","rank":7},"geometry":{"type":"Point","coordinates":[89.585984,22.486944]}},{"type":"Feature","id":"1730087899","properties":{"name":"Aracaju","rank":7},"geometry":{"type":"Point","coordinates":[-37.039517,-10.925278]}},{"type":"Feature","id":"1730087903","properties":{"name":"Fortaleza","rank":7},"geometry":{"type":"Point","coordinates":[-38.521437,-3.7175]}},{"type":"Feature","id":"1730087905","properties":{"name":"Macapa","rank":7},"geometry":{"type":"Point","coordinates":[-51.042697,0.032222]}},{"type":"Feature","id":"1730087907","properties":{"name":"Navegantes","rank":7},"geometry":{"type":"Point","coordinates":[-48.65424,-26.898889]}},{"type":"Feature","id":"1730087909","properties":{"name":"Pelotas","rank":7},"geometry":{"type":"Point","coordinates":[-52.323734,-31.781944]}},{"type":"Feature","id":"1730087911","properties":{"name":"Campbell River","rank":7},"geometry":{"type":"Point","coordinates":[-125.238634,50.031944]}},{"type":"Feature","id":"1730087913","properties":{"name":"Goose Bay","rank":7},"geometry":{"type":"Point","coordinates":[-60.342344,53.384444]}},{"type":"Feature","id":"1730087915","properties":{"name":"Masset","rank":7},"geometry":{"type":"Point","coordinates":[-132.141107,54.006667]}},{"type":"Feature","id":"1730087917","properties":{"name":"Matane","rank":7},"geometry":{"type":"Point","coordinates":[-67.57126,48.841944]}},{"type":"Feature","id":"1730087921","properties":{"name":"Nanisivik","rank":7},"geometry":{"type":"Point","coordinates":[-84.543051,73.068611]}},{"type":"Feature","id":"1730087923","properties":{"name":"New Richmond","rank":7},"geometry":{"type":"Point","coordinates":[-65.834923,48.138611]}},{"type":"Feature","id":"1730087925","properties":{"name":"Port Hardy","rank":7},"geometry":{"type":"Point","coordinates":[-127.483687,50.721111]}},{"type":"Feature","id":"1730087927","properties":{"name":"Port Hawkesbury","rank":7},"geometry":{"type":"Point","coordinates":[-61.355654,45.61]}},{"type":"Feature","id":"1730087929","properties":{"name":"Squamish","rank":7},"geometry":{"type":"Point","coordinates":[-123.166667,49.683056]}},{"type":"Feature","id":"1730087931","properties":{"name":"Stephenville","rank":7},"geometry":{"type":"Point","coordinates":[-58.540754,48.535278]}},{"type":"Feature","id":"1730087933","properties":{"name":"Stewart","rank":7},"geometry":{"type":"Point","coordinates":[-129.989517,55.928611]}},{"type":"Feature","id":"1730087935","properties":{"name":"Tahsis","rank":7},"geometry":{"type":"Point","coordinates":[-126.654064,49.9175]}},{"type":"Feature","id":"1730087939","properties":{"name":"Sandspit","rank":7},"geometry":{"type":"Point","coordinates":[-131.81967,53.255278]}},{"type":"Feature","id":"1730087941","properties":{"name":"Tuktoyaktuk","rank":7},"geometry":{"type":"Point","coordinates":[-132.985807,69.431389]}},{"type":"Feature","id":"1730087943","properties":{"name":"Ancud","rank":7},"geometry":{"type":"Point","coordinates":[-73.825677,-41.868611]}},{"type":"Feature","id":"1730087945","properties":{"name":"Castro","rank":7},"geometry":{"type":"Point","coordinates":[-73.766843,-42.482778]}},{"type":"Feature","id":"1730087947","properties":{"name":"Chanaral","rank":7},"geometry":{"type":"Point","coordinates":[-70.634393,-26.350556]}},{"type":"Feature","id":"1730087949","properties":{"name":"Puerto Natales","rank":7},"geometry":{"type":"Point","coordinates":[-72.509364,-51.731111]}},{"type":"Feature","id":"1730087951","properties":{"name":"Taltal","rank":7},"geometry":{"type":"Point","coordinates":[-70.48457,-25.397222]}},{"type":"Feature","id":"1730087953","properties":{"name":"Guangzhou","rank":7},"geometry":{"type":"Point","coordinates":[113.671084,22.640278]}},{"type":"Feature","id":"1730087957","properties":{"name":"Jiangyin","rank":7},"geometry":{"type":"Point","coordinates":[120.22126,31.931944]}},{"type":"Feature","id":"1730087959","properties":{"name":"Lianyungang","rank":7},"geometry":{"type":"Point","coordinates":[119.408481,34.745278]}},{"type":"Feature","id":"1730087961","properties":{"name":"Sanya","rank":7},"geometry":{"type":"Point","coordinates":[109.50053,18.239722]}},{"type":"Feature","id":"1730087963","properties":{"name":"Zhanjiang","rank":7},"geometry":{"type":"Point","coordinates":[110.40636,21.169722]}},{"type":"Feature","id":"1730087965","properties":{"name":"Zhoushan","rank":7},"geometry":{"type":"Point","coordinates":[122.10265,30.003333]}},{"type":"Feature","id":"1730087967","properties":{"name":"San-Pedro","rank":7},"geometry":{"type":"Point","coordinates":[-6.61702,4.743056]}},{"type":"Feature","id":"1730087969","properties":{"name":"Cartagena","rank":7},"geometry":{"type":"Point","coordinates":[-75.525677,10.403333]}},{"type":"Feature","id":"1730087971","properties":{"name":"Tolu","rank":7},"geometry":{"type":"Point","coordinates":[-75.585277,9.520278]}},{"type":"Feature","id":"1730087975","properties":{"name":"Tumaco","rank":7},"geometry":{"type":"Point","coordinates":[-78.759541,1.813056]}},{"type":"Feature","id":"1730087977","properties":{"name":"Turbo","rank":7},"geometry":{"type":"Point","coordinates":[-76.733863,8.087778]}},{"type":"Feature","id":"1730087979","properties":{"name":"Baracoa","rank":7},"geometry":{"type":"Point","coordinates":[-74.502297,20.353056]}},{"type":"Feature","id":"1730087981","properties":{"name":"Nicaro","rank":7},"geometry":{"type":"Point","coordinates":[-75.550883,20.713333]}},{"type":"Feature","id":"1730087983","properties":{"name":"Nueva Gerona","rank":7},"geometry":{"type":"Point","coordinates":[-82.793227,21.903333]}},{"type":"Feature","id":"1730087985","properties":{"name":"Helgoland","rank":7},"geometry":{"type":"Point","coordinates":[7.891284,54.1775]}},{"type":"Feature","id":"1730087987","properties":{"name":"Travemunde","rank":7},"geometry":{"type":"Point","coordinates":[10.868257,53.952222]}},{"type":"Feature","id":"1730087989","properties":{"name":"Thisted","rank":7},"geometry":{"type":"Point","coordinates":[8.692167,56.952778]}},{"type":"Feature","id":"1730087993","properties":{"name":"Manta","rank":7},"geometry":{"type":"Point","coordinates":[-80.720907,-0.935556]}},{"type":"Feature","id":"1730087995","properties":{"name":"Esmeraldas","rank":7},"geometry":{"type":"Point","coordinates":[-79.642697,0.989444]}},{"type":"Feature","id":"1730087997","properties":{"name":"Corralejo","rank":7},"geometry":{"type":"Point","coordinates":[-13.858834,28.741389]}},{"type":"Feature","id":"1730087999","properties":{"name":"Ceuta","rank":7},"geometry":{"type":"Point","coordinates":[-5.310424,35.890278]}},{"type":"Feature","id":"1730088001","properties":{"name":"Melilla","rank":7},"geometry":{"type":"Point","coordinates":[-2.92285,35.28]}},{"type":"Feature","id":"1730088003","properties":{"name":"San Sebastian de la Gomera","rank":7},"geometry":{"type":"Point","coordinates":[-17.105124,28.088056]}},{"type":"Feature","id":"1730088005","properties":{"name":"Santa Cruz de La Palma","rank":7},"geometry":{"type":"Point","coordinates":[-17.766667,28.675833]}},{"type":"Feature","id":"1730088007","properties":{"name":"Parnu","rank":7},"geometry":{"type":"Point","coordinates":[24.474617,58.381111]}},{"type":"Feature","id":"1730088011","properties":{"name":"Kuopio","rank":7},"geometry":{"type":"Point","coordinates":[27.68987,62.888333]}},{"type":"Feature","id":"1730088013","properties":{"name":"Joensuu","rank":7},"geometry":{"type":"Point","coordinates":[29.777091,62.604444]}},{"type":"Feature","id":"1730088015","properties":{"name":"Varkaus","rank":7},"geometry":{"type":"Point","coordinates":[27.874794,62.3125]}},{"type":"Feature","id":"1730088017","properties":{"name":"Savusavu","rank":7},"geometry":{"type":"Point","coordinates":[179.309364,-16.817778]}},{"type":"Feature","id":"1730088019","properties":{"name":"Cherbourg","rank":7},"geometry":{"type":"Point","coordinates":[-1.620377,49.646389]}},{"type":"Feature","id":"1730088021","properties":{"name":"Caen","rank":7},"geometry":{"type":"Point","coordinates":[-0.326384,49.190556]}},{"type":"Feature","id":"1730088023","properties":{"name":"Calvi","rank":7},"geometry":{"type":"Point","coordinates":[8.7553,42.565833]}},{"type":"Feature","id":"1730088025","properties":{"name":"Propriano","rank":7},"geometry":{"type":"Point","coordinates":[8.900353,41.676944]}},{"type":"Feature","id":"1730088029","properties":{"name":"Quimper","rank":7},"geometry":{"type":"Point","coordinates":[-4.108127,47.989444]}},{"type":"Feature","id":"1730088031","properties":{"name":"Vannes","rank":7},"geometry":{"type":"Point","coordinates":[-2.75636,47.643889]}},{"type":"Feature","id":"1730088033","properties":{"name":"Yap","rank":7},"geometry":{"type":"Point","coordinates":[138.119494,9.513333]}},{"type":"Feature","id":"1730088035","properties":{"name":"Bristol","rank":7},"geometry":{"type":"Point","coordinates":[-2.707774,51.498889]}},{"type":"Feature","id":"1730088037","properties":{"name":"Hull","rank":7},"geometry":{"type":"Point","coordinates":[-0.2851,53.743611]}},{"type":"Feature","id":"1730088039","properties":{"name":"Newcastle upon Tyne","rank":7},"geometry":{"type":"Point","coordinates":[-1.590931,54.965]}},{"type":"Feature","id":"1730088041","properties":{"name":"Tyne","rank":7},"geometry":{"type":"Point","coordinates":[-1.440931,54.994444]}},{"type":"Feature","id":"1730088043","properties":{"name":"Rochester","rank":7},"geometry":{"type":"Point","coordinates":[0.685807,51.434722]}},{"type":"Feature","id":"1730088047","properties":{"name":"Tema","rank":7},"geometry":{"type":"Point","coordinates":[0.00742,5.631944]}},{"type":"Feature","id":"1730088049","properties":{"name":"Alexandroupolis","rank":7},"geometry":{"type":"Point","coordinates":[25.889164,40.841389]}},{"type":"Feature","id":"1730088051","properties":{"name":"Kos","rank":7},"geometry":{"type":"Point","coordinates":[27.28987,36.894444]}},{"type":"Feature","id":"1730088053","properties":{"name":"Paros","rank":7},"geometry":{"type":"Point","coordinates":[25.150707,37.087778]}},{"type":"Feature","id":"1730088055","properties":{"name":"Samos","rank":7},"geometry":{"type":"Point","coordinates":[26.966667,37.754444]}},{"type":"Feature","id":"1730088057","properties":{"name":"Nanortalik","rank":7},"geometry":{"type":"Point","coordinates":[-45.238104,60.139722]}},{"type":"Feature","id":"1730088059","properties":{"name":"Qaanaaq","rank":7},"geometry":{"type":"Point","coordinates":[-69.2351,77.466944]}},{"type":"Feature","id":"1730088061","properties":{"name":"New Amsterdam","rank":7},"geometry":{"type":"Point","coordinates":[-57.52179,6.237778]}},{"type":"Feature","id":"1730088065","properties":{"name":"La Ceiba","rank":7},"geometry":{"type":"Point","coordinates":[-86.75689,15.793889]}},{"type":"Feature","id":"1730088067","properties":{"name":"Tela","rank":7},"geometry":{"type":"Point","coordinates":[-87.45583,15.783889]}},{"type":"Feature","id":"1730088069","properties":{"name":"Mali Losinj","rank":7},"geometry":{"type":"Point","coordinates":[14.457597,44.538333]}},{"type":"Feature","id":"1730088071","properties":{"name":"Jacmel","rank":7},"geometry":{"type":"Point","coordinates":[-72.535984,18.231667]}},{"type":"Feature","id":"1730088073","properties":{"name":"Jeremie","rank":7},"geometry":{"type":"Point","coordinates":[-74.107067,18.643611]}},{"type":"Feature","id":"1730088075","properties":{"name":"Sorong","rank":7},"geometry":{"type":"Point","coordinates":[131.020377,-1.3075]}},{"type":"Feature","id":"1730088077","properties":{"name":"Lhokseumawe","rank":7},"geometry":{"type":"Point","coordinates":[97.142874,5.166667]}},{"type":"Feature","id":"1730088079","properties":{"name":"Nunukan","rank":7},"geometry":{"type":"Point","coordinates":[117.654947,4.145556]}},{"type":"Feature","id":"1730088083","properties":{"name":"Panjang","rank":7},"geometry":{"type":"Point","coordinates":[105.307067,-5.460278]}},{"type":"Feature","id":"1730088085","properties":{"name":"Tanjung Priok","rank":7},"geometry":{"type":"Point","coordinates":[106.8904,-6.101389]}},{"type":"Feature","id":"1730088087","properties":{"name":"Mangalore","rank":7},"geometry":{"type":"Point","coordinates":[74.80742,12.926944]}},{"type":"Feature","id":"1730088089","properties":{"name":"Porbandar","rank":7},"geometry":{"type":"Point","coordinates":[69.587397,21.639444]}},{"type":"Feature","id":"1730088091","properties":{"name":"Ratnagiri","rank":7},"geometry":{"type":"Point","coordinates":[73.27179,17.001944]}},{"type":"Feature","id":"1730088093","properties":{"name":"Bantry","rank":7},"geometry":{"type":"Point","coordinates":[-9.456184,51.680556]}},{"type":"Feature","id":"1730088095","properties":{"name":"Wexford","rank":7},"geometry":{"type":"Point","coordinates":[-6.456184,52.341111]}},{"type":"Feature","id":"1730088097","properties":{"name":"Khorramshahr","rank":7},"geometry":{"type":"Point","coordinates":[48.185453,30.4325]}},{"type":"Feature","id":"1730088101","properties":{"name":"Djupivogur","rank":7},"geometry":{"type":"Point","coordinates":[-14.286514,64.660556]}},{"type":"Feature","id":"1730088103","properties":{"name":"Faskrudsfjordur","rank":7},"geometry":{"type":"Point","coordinates":[-14.008834,64.929722]}},{"type":"Feature","id":"1730088105","properties":{"name":"Raufarhofn","rank":7},"geometry":{"type":"Point","coordinates":[-15.941461,66.456389]}},{"type":"Feature","id":"1730088107","properties":{"name":"Pantelleria","rank":7},"geometry":{"type":"Point","coordinates":[11.937927,36.833333]}},{"type":"Feature","id":"1730088109","properties":{"name":"Catania","rank":7},"geometry":{"type":"Point","coordinates":[15.090931,37.495833]}},{"type":"Feature","id":"1730088111","properties":{"name":"Fiumicino","rank":7},"geometry":{"type":"Point","coordinates":[12.235453,41.755833]}},{"type":"Feature","id":"1730088113","properties":{"name":"Lampedusa","rank":7},"geometry":{"type":"Point","coordinates":[12.602474,35.499167]}},{"type":"Feature","id":"1730088115","properties":{"name":"Manfredonia","rank":7},"geometry":{"type":"Point","coordinates":[15.925324,41.624167]}},{"type":"Feature","id":"1730088119","properties":{"name":"Ocho Rios","rank":7},"geometry":{"type":"Point","coordinates":[-77.106714,18.410278]}},{"type":"Feature","id":"1730088121","properties":{"name":"Port Antonio","rank":7},"geometry":{"type":"Point","coordinates":[-76.451767,18.181111]}},{"type":"Feature","id":"1730088123","properties":{"name":"Nishinoomote","rank":7},"geometry":{"type":"Point","coordinates":[130.98563,30.731667]}},{"type":"Feature","id":"1730088125","properties":{"name":"Akita","rank":7},"geometry":{"type":"Point","coordinates":[140.03987,39.762222]}},{"type":"Feature","id":"1730088127","properties":{"name":"Hachinohe","rank":7},"geometry":{"type":"Point","coordinates":[141.523557,40.545833]}},{"type":"Feature","id":"1730088129","properties":{"name":"Ishigaki","rank":7},"geometry":{"type":"Point","coordinates":[124.151237,24.335556]}},{"type":"Feature","id":"1730088131","properties":{"name":"Matsuyama","rank":7},"geometry":{"type":"Point","coordinates":[132.693404,33.855278]}},{"type":"Feature","id":"1730088133","properties":{"name":"Sakata","rank":7},"geometry":{"type":"Point","coordinates":[139.803534,38.939444]}},{"type":"Feature","id":"1730088137","properties":{"name":"Takamatsu","rank":7},"geometry":{"type":"Point","coordinates":[134.053357,34.355278]}},{"type":"Feature","id":"1730088139","properties":{"name":"Wakkanai","rank":7},"geometry":{"type":"Point","coordinates":[141.689164,45.410556]}},{"type":"Feature","id":"1730088141","properties":{"name":"Tottori","rank":7},"geometry":{"type":"Point","coordinates":[134.187927,35.540278]}},{"type":"Feature","id":"1730088143","properties":{"name":"Lamu","rank":7},"geometry":{"type":"Point","coordinates":[40.90159,-2.268056]}},{"type":"Feature","id":"1730088145","properties":{"name":"Gunsan","rank":7},"geometry":{"type":"Point","coordinates":[126.588104,35.959722]}},{"type":"Feature","id":"1730088147","properties":{"name":"Pohang","rank":7},"geometry":{"type":"Point","coordinates":[129.402827,36.019722]}},{"type":"Feature","id":"1730088149","properties":{"name":"Samcheok","rank":7},"geometry":{"type":"Point","coordinates":[129.18828,37.433611]}},{"type":"Feature","id":"1730088151","properties":{"name":"Sokcho","rank":7},"geometry":{"type":"Point","coordinates":[128.592344,38.206944]}},{"type":"Feature","id":"1730088155","properties":{"name":"Ulsan","rank":7},"geometry":{"type":"Point","coordinates":[129.38563,35.487778]}},{"type":"Feature","id":"1730088157","properties":{"name":"Tripoli","rank":7},"geometry":{"type":"Point","coordinates":[35.81914,34.455278]}},{"type":"Feature","id":"1730088159","properties":{"name":"Buchanan","rank":7},"geometry":{"type":"Point","coordinates":[-10.05265,5.858056]}},{"type":"Feature","id":"1730088161","properties":{"name":"Tripoli","rank":7},"geometry":{"type":"Point","coordinates":[13.193581,32.9075]}},{"type":"Feature","id":"1730088163","properties":{"name":"Agadir","rank":7},"geometry":{"type":"Point","coordinates":[-9.634923,30.423889]}},{"type":"Feature","id":"1730088165","properties":{"name":"Al Hoceima","rank":7},"geometry":{"type":"Point","coordinates":[-3.919847,35.247778]}},{"type":"Feature","id":"1730088167","properties":{"name":"Dakhla","rank":7},"geometry":{"type":"Point","coordinates":[-15.933863,23.682222]}},{"type":"Feature","id":"1730088169","properties":{"name":"Antalaha","rank":7},"geometry":{"type":"Point","coordinates":[50.276207,-14.9]}},{"type":"Feature","id":"1730088173","properties":{"name":"Manakara","rank":7},"geometry":{"type":"Point","coordinates":[48.018787,-22.1425]}},{"type":"Feature","id":"1730088175","properties":{"name":"Mananjary","rank":7},"geometry":{"type":"Point","coordinates":[48.326207,-21.249167]}},{"type":"Feature","id":"1730088177","properties":{"name":"Morondava","rank":7},"geometry":{"type":"Point","coordinates":[44.271967,-20.288611]}},{"type":"Feature","id":"1730088179","properties":{"name":"Toamasina","rank":7},"geometry":{"type":"Point","coordinates":[49.421967,-18.157222]}},{"type":"Feature","id":"1730088181","properties":{"name":"Loreto","rank":7},"geometry":{"type":"Point","coordinates":[-111.336867,26.014722]}},{"type":"Feature","id":"1730088183","properties":{"name":"Campeche","rank":7},"geometry":{"type":"Point","coordinates":[-90.5904,19.8125]}},{"type":"Feature","id":"1730088185","properties":{"name":"Cozumel","rank":7},"geometry":{"type":"Point","coordinates":[-86.95742,20.495]}},{"type":"Feature","id":"1730088187","properties":{"name":"La Paz","rank":7},"geometry":{"type":"Point","coordinates":[-110.310424,24.169444]}},{"type":"Feature","id":"1730088191","properties":{"name":"Playa del Carmen","rank":7},"geometry":{"type":"Point","coordinates":[-87.067727,20.624444]}},{"type":"Feature","id":"1730088193","properties":{"name":"Puerto Penasco","rank":7},"geometry":{"type":"Point","coordinates":[-113.542344,31.306111]}},{"type":"Feature","id":"1730088195","properties":{"name":"Puerto Vallarta","rank":7},"geometry":{"type":"Point","coordinates":[-105.240931,20.659167]}},{"type":"Feature","id":"1730088197","properties":{"name":"Coatzacoalcos","rank":7},"geometry":{"type":"Point","coordinates":[-94.418963,18.129722]}},{"type":"Feature","id":"1730088199","properties":{"name":"Bassein","rank":7},"geometry":{"type":"Point","coordinates":[94.72338,16.779722]}},{"type":"Feature","id":"1730088201","properties":{"name":"Nacala","rank":7},"geometry":{"type":"Point","coordinates":[40.667197,-14.541389]}},{"type":"Feature","id":"1730088203","properties":{"name":"Pemba","rank":7},"geometry":{"type":"Point","coordinates":[40.484923,-12.966667]}},{"type":"Feature","id":"1730088205","properties":{"name":"Quelimane","rank":7},"geometry":{"type":"Point","coordinates":[36.877091,-17.881667]}},{"type":"Feature","id":"1730088209","properties":{"name":"Port Louis","rank":7},"geometry":{"type":"Point","coordinates":[57.48987,-20.148056]}},{"type":"Feature","id":"1730088211","properties":{"name":"Malacca","rank":7},"geometry":{"type":"Point","coordinates":[102.12338,2.248889]}},{"type":"Feature","id":"1730088213","properties":{"name":"Port Dickson","rank":7},"geometry":{"type":"Point","coordinates":[101.788634,2.536111]}},{"type":"Feature","id":"1730088215","properties":{"name":"Walvis Bay","rank":7},"geometry":{"type":"Point","coordinates":[14.50053,-22.940556]}},{"type":"Feature","id":"1730088217","properties":{"name":"Calabar","rank":7},"geometry":{"type":"Point","coordinates":[8.316843,4.986389]}},{"type":"Feature","id":"1730088219","properties":{"name":"Groningen","rank":7},"geometry":{"type":"Point","coordinates":[6.586867,53.218333]}},{"type":"Feature","id":"1730088221","properties":{"name":"Alta","rank":7},"geometry":{"type":"Point","coordinates":[23.237044,69.967778]}},{"type":"Feature","id":"1730088223","properties":{"name":"Andenes","rank":7},"geometry":{"type":"Point","coordinates":[16.123734,69.324167]}},{"type":"Feature","id":"1730088227","properties":{"name":"Bronnoysund","rank":7},"geometry":{"type":"Point","coordinates":[12.201943,65.4725]}},{"type":"Feature","id":"1730088229","properties":{"name":"Farsund","rank":7},"geometry":{"type":"Point","coordinates":[6.78987,58.088611]}},{"type":"Feature","id":"1730088231","properties":{"name":"Floro","rank":7},"geometry":{"type":"Point","coordinates":[5.002827,61.597778]}},{"type":"Feature","id":"1730088233","properties":{"name":"Kristiansand","rank":7},"geometry":{"type":"Point","coordinates":[7.986337,58.141944]}},{"type":"Feature","id":"1730088235","properties":{"name":"Namsos","rank":7},"geometry":{"type":"Point","coordinates":[11.490047,64.464167]}},{"type":"Feature","id":"1730088237","properties":{"name":"Rorvik","rank":7},"geometry":{"type":"Point","coordinates":[11.226914,64.860556]}},{"type":"Feature","id":"1730088239","properties":{"name":"Sandnessjoen","rank":7},"geometry":{"type":"Point","coordinates":[12.618787,66.021667]}},{"type":"Feature","id":"1730088241","properties":{"name":"Stokmarknes","rank":7},"geometry":{"type":"Point","coordinates":[14.909894,68.568333]}},{"type":"Feature","id":"1730088245","properties":{"name":"Stord","rank":7},"geometry":{"type":"Point","coordinates":[5.501413,59.78]}},{"type":"Feature","id":"1730088247","properties":{"name":"Picton","rank":7},"geometry":{"type":"Point","coordinates":[174.004417,-41.285556]}},{"type":"Feature","id":"1730088249","properties":{"name":"Dunedin","rank":7},"geometry":{"type":"Point","coordinates":[170.519317,-45.875833]}},{"type":"Feature","id":"1730088251","properties":{"name":"Salalah","rank":7},"geometry":{"type":"Point","coordinates":[54.00318,16.941667]}},{"type":"Feature","id":"1730088253","properties":{"name":"Gwadar","rank":7},"geometry":{"type":"Point","coordinates":[62.338634,25.112222]}},{"type":"Feature","id":"1730088255","properties":{"name":"Bocas del Toro","rank":7},"geometry":{"type":"Point","coordinates":[-82.237574,9.34]}},{"type":"Feature","id":"1730088257","properties":{"name":"La Palma","rank":7},"geometry":{"type":"Point","coordinates":[-78.15106,8.413611]}},{"type":"Feature","id":"1730088259","properties":{"name":"Chimbote","rank":7},"geometry":{"type":"Point","coordinates":[-78.607774,-9.076667]}},{"type":"Feature","id":"1730088263","properties":{"name":"Ilo","rank":7},"geometry":{"type":"Point","coordinates":[-71.343757,-17.646944]}},{"type":"Feature","id":"1730088265","properties":{"name":"Mollendo","rank":7},"geometry":{"type":"Point","coordinates":[-72.010247,-17.031111]}},{"type":"Feature","id":"1730088267","properties":{"name":"Pisco","rank":7},"geometry":{"type":"Point","coordinates":[-76.221967,-13.733056]}},{"type":"Feature","id":"1730088269","properties":{"name":"Dumaguete","rank":7},"geometry":{"type":"Point","coordinates":[123.308127,9.311944]}},{"type":"Feature","id":"1730088271","properties":{"name":"General Santos","rank":7},"geometry":{"type":"Point","coordinates":[125.15424,6.086111]}},{"type":"Feature","id":"1730088273","properties":{"name":"Buka","rank":7},"geometry":{"type":"Point","coordinates":[154.671967,-5.431944]}},{"type":"Feature","id":"1730088275","properties":{"name":"Daru","rank":7},"geometry":{"type":"Point","coordinates":[143.206537,-9.068333]}},{"type":"Feature","id":"1730088277","properties":{"name":"Lae","rank":7},"geometry":{"type":"Point","coordinates":[146.984747,-6.741111]}},{"type":"Feature","id":"1730088281","properties":{"name":"Madang","rank":7},"geometry":{"type":"Point","coordinates":[145.800353,-5.213333]}},{"type":"Feature","id":"1730088283","properties":{"name":"Gdansk","rank":7},"geometry":{"type":"Point","coordinates":[18.668787,54.393333]}},{"type":"Feature","id":"1730088285","properties":{"name":"Gdynia","rank":7},"geometry":{"type":"Point","coordinates":[18.538457,54.533333]}},{"type":"Feature","id":"1730088287","properties":{"name":"Aguadilla","rank":7},"geometry":{"type":"Point","coordinates":[-67.157067,18.429444]}},{"type":"Feature","id":"1730088289","properties":{"name":"Arecibo","rank":7},"geometry":{"type":"Point","coordinates":[-66.700353,18.481389]}},{"type":"Feature","id":"1730088291","properties":{"name":"Mayaguez","rank":7},"geometry":{"type":"Point","coordinates":[-67.15689,18.213889]}},{"type":"Feature","id":"1730088293","properties":{"name":"Faro","rank":7},"geometry":{"type":"Point","coordinates":[-7.926031,37.010556]}},{"type":"Feature","id":"1730088295","properties":{"name":"Bora-Bora","rank":7},"geometry":{"type":"Point","coordinates":[-151.75,-16.516667]}},{"type":"Feature","id":"1730088299","properties":{"name":"Tulcea","rank":7},"geometry":{"type":"Point","coordinates":[28.816843,45.191111]}},{"type":"Feature","id":"1730088301","properties":{"name":"Amderma","rank":7},"geometry":{"type":"Point","coordinates":[61.559187,69.756111]}},{"type":"Feature","id":"1730088303","properties":{"name":"Anadyr","rank":7},"geometry":{"type":"Point","coordinates":[177.538634,64.744167]}},{"type":"Feature","id":"1730088305","properties":{"name":"Pevek","rank":7},"geometry":{"type":"Point","coordinates":[170.277091,69.701667]}},{"type":"Feature","id":"1730088307","properties":{"name":"Kaolack","rank":7},"geometry":{"type":"Point","coordinates":[-16.071967,14.129444]}},{"type":"Feature","id":"1730088309","properties":{"name":"Ziguinchor","rank":7},"geometry":{"type":"Point","coordinates":[-16.26808,12.589722]}},{"type":"Feature","id":"1730088311","properties":{"name":"Longyearbyen","rank":7},"geometry":{"type":"Point","coordinates":[15.623734,78.226111]}},{"type":"Feature","id":"1730088313","properties":{"name":"Gizo","rank":7},"geometry":{"type":"Point","coordinates":[156.83881,-8.101389]}},{"type":"Feature","id":"1730088317","properties":{"name":"Viru Harbour","rank":7},"geometry":{"type":"Point","coordinates":[157.726031,-8.499722]}},{"type":"Feature","id":"1730088319","properties":{"name":"Kismayu","rank":7},"geometry":{"type":"Point","coordinates":[42.541107,-0.374167]}},{"type":"Feature","id":"1730088321","properties":{"name":"Karlstad","rank":7},"geometry":{"type":"Point","coordinates":[13.5202,59.375278]}},{"type":"Feature","id":"1730088323","properties":{"name":"Lidkoping","rank":7},"geometry":{"type":"Point","coordinates":[13.159364,58.509167]}},{"type":"Feature","id":"1730088325","properties":{"name":"Skelleftea","rank":7},"geometry":{"type":"Point","coordinates":[21.251767,64.678333]}},{"type":"Feature","id":"1730088327","properties":{"name":"Umea","rank":7},"geometry":{"type":"Point","coordinates":[20.267727,63.816667]}},{"type":"Feature","id":"1730088329","properties":{"name":"Providenciales","rank":7},"geometry":{"type":"Point","coordinates":[-72.256007,21.762778]}},{"type":"Feature","id":"1730088331","properties":{"name":"Songkhla","rank":7},"geometry":{"type":"Point","coordinates":[100.56967,7.228611]}},{"type":"Feature","id":"1730088335","properties":{"name":"Bandirma","rank":7},"geometry":{"type":"Point","coordinates":[27.957244,40.354167]}},{"type":"Feature","id":"1730088337","properties":{"name":"Samsun","rank":7},"geometry":{"type":"Point","coordinates":[36.3404,41.299722]}},{"type":"Feature","id":"1730088339","properties":{"name":"Sinop","rank":7},"geometry":{"type":"Point","coordinates":[35.142874,42.023333]}},{"type":"Feature","id":"1730088341","properties":{"name":"Trabzon","rank":7},"geometry":{"type":"Point","coordinates":[39.736514,41.005556]}},{"type":"Feature","id":"1730088343","properties":{"name":"Sevastopol","rank":7},"geometry":{"type":"Point","coordinates":[33.541461,44.618889]}},{"type":"Feature","id":"1730088345","properties":{"name":"Skagway","rank":7},"geometry":{"type":"Point","coordinates":[-135.32232,59.450833]}},{"type":"Feature","id":"1730088347","properties":{"name":"Valdez","rank":7},"geometry":{"type":"Point","coordinates":[-146.357067,61.103611]}},{"type":"Feature","id":"1730088349","properties":{"name":"Apalachicola","rank":7},"geometry":{"type":"Point","coordinates":[-84.98669,29.7275]}},{"type":"Feature","id":"1730088353","properties":{"name":"Annapolis","rank":7},"geometry":{"type":"Point","coordinates":[-76.474264,38.965]}},{"type":"Feature","id":"1730088355","properties":{"name":"Cambridge","rank":7},"geometry":{"type":"Point","coordinates":[-76.071084,38.574167]}},{"type":"Feature","id":"1730088357","properties":{"name":"Portland","rank":7},"geometry":{"type":"Point","coordinates":[-122.783687,45.605833]}},{"type":"Feature","id":"1730088359","properties":{"name":"Bremerton","rank":7},"geometry":{"type":"Point","coordinates":[-122.63775,47.5625]}},{"type":"Feature","id":"1730088361","properties":{"name":"Rockland","rank":7},"geometry":{"type":"Point","coordinates":[-69.10212,44.103056]}},{"type":"Feature","id":"1730088363","properties":{"name":"Santa Cruz","rank":7},"geometry":{"type":"Point","coordinates":[-122.001413,36.966389]}},{"type":"Feature","id":"1730088365","properties":{"name":"Chesapeake","rank":7},"geometry":{"type":"Point","coordinates":[-76.239517,36.7225]}},{"type":"Feature","id":"1730088367","properties":{"name":"Cumana","rank":7},"geometry":{"type":"Point","coordinates":[-64.18775,10.474167]}},{"type":"Feature","id":"1730088371","properties":{"name":"Hai Phong","rank":7},"geometry":{"type":"Point","coordinates":[106.675147,20.867222]}},{"type":"Feature","id":"1730088373","properties":{"name":"Corfu","rank":7},"geometry":{"type":"Point","coordinates":[19.910572,39.62195]}},{"type":"Feature","id":"1730088375","properties":{"name":"Alexandria","rank":7},"geometry":{"type":"Point","coordinates":[30.167657,31.334923]}},{"type":"Feature","id":"1730088377","properties":{"name":"Tangier","rank":7},"geometry":{"type":"Point","coordinates":[-5.824954,35.796114]}},{"type":"Feature","id":"1730088379","properties":{"name":"Hamilton","rank":7},"geometry":{"type":"Point","coordinates":[-79.85,43.25]}},{"type":"Feature","id":"1730088381","properties":{"name":"Windsor","rank":7},"geometry":{"type":"Point","coordinates":[-83.03,42.31]}},{"type":"Feature","id":"1730088383","properties":{"name":"Rouge River","rank":7},"geometry":{"type":"Point","coordinates":[-83.11,42.28]}},{"type":"Feature","id":"1730088385","properties":{"name":"Owen Sound","rank":7},"geometry":{"type":"Point","coordinates":[-80.93,44.58]}},{"type":"Feature","id":"1730088389","properties":{"name":"Sault Ste Marie","rank":7},"geometry":{"type":"Point","coordinates":[-84.35,46.51]}},{"type":"Feature","id":"1730088391","properties":{"name":"Saginaw","rank":7},"geometry":{"type":"Point","coordinates":[-83.93,43.43]}},{"type":"Feature","id":"1730088393","properties":{"name":"Cheboygan","rank":7},"geometry":{"type":"Point","coordinates":[-84.46,45.65]}},{"type":"Feature","id":"1730088395","properties":{"name":"Sault Ste Marie","rank":7},"geometry":{"type":"Point","coordinates":[-84.35,46.5]}},{"type":"Feature","id":"1730088397","properties":{"name":"Muskegon","rank":7},"geometry":{"type":"Point","coordinates":[-86.26,43.23]}},{"type":"Feature","id":"1730088399","properties":{"name":"Gary","rank":7},"geometry":{"type":"Point","coordinates":[-87.33,41.61]}},{"type":"Feature","id":"1730088401","properties":{"name":"Waukegan","rank":7},"geometry":{"type":"Point","coordinates":[-87.81,42.36]}},{"type":"Feature","id":"1730088403","properties":{"name":"Houghton","rank":7},"geometry":{"type":"Point","coordinates":[-88.56,47.11]}},{"type":"Feature","id":"1730088407","properties":{"name":"Wrangell","rank":7},"geometry":{"type":"Point","coordinates":[-132.38,56.46]}},{"type":"Feature","id":"1730088409","properties":{"name":"Petersburg","rank":7},"geometry":{"type":"Point","coordinates":[-132.95,56.81]}},{"type":"Feature","id":"1730088411","properties":{"name":"Kemi","rank":7},"geometry":{"type":"Point","coordinates":[24.56,65.73]}},{"type":"Feature","id":"1730088413","properties":{"name":"Vaasa","rank":7},"geometry":{"type":"Point","coordinates":[21.58,63.1]}},{"type":"Feature","id":"1730088415","properties":{"name":"Turku","rank":7},"geometry":{"type":"Point","coordinates":[22.23,60.45]}},{"type":"Feature","id":"1730088417","properties":{"name":"Liepaja","rank":7},"geometry":{"type":"Point","coordinates":[21.01,56.51]}},{"type":"Feature","id":"1730088419","properties":{"name":"Europoort","rank":7},"geometry":{"type":"Point","coordinates":[4.11,51.95]}},{"type":"Feature","id":"1730088421","properties":{"name":"Stornoway Harbor","rank":7},"geometry":{"type":"Point","coordinates":[-6.36,58.18]}},{"type":"Feature","id":"1730088425","properties":{"name":"Lisboa","rank":7},"geometry":{"type":"Point","coordinates":[-9.16,38.7]}},{"type":"Feature","id":"1730088427","properties":{"name":"Bonanza","rank":7},"geometry":{"type":"Point","coordinates":[-6.33,36.8]}},{"type":"Feature","id":"1730088429","properties":{"name":"Ibiza","rank":7},"geometry":{"type":"Point","coordinates":[1.45,38.9]}},{"type":"Feature","id":"1730088431","properties":{"name":"Rostov-Na-Donu","rank":7},"geometry":{"type":"Point","coordinates":[39.71,47.16]}},{"type":"Feature","id":"1730088433","properties":{"name":"Tel Aviv Yafo","rank":7},"geometry":{"type":"Point","coordinates":[34.76,32.06]}},{"type":"Feature","id":"1730088435","properties":{"name":"Tunis","rank":7},"geometry":{"type":"Point","coordinates":[10.25,36.8]}},{"type":"Feature","id":"1730088437","properties":{"name":"Bejaia","rank":7},"geometry":{"type":"Point","coordinates":[5.08,36.75]}},{"type":"Feature","id":"1730088439","properties":{"name":"Alger","rank":7},"geometry":{"type":"Point","coordinates":[3.06,36.76]}},{"type":"Feature","id":"1730088443","properties":{"name":"St Louis","rank":7},"geometry":{"type":"Point","coordinates":[-16.51,16.01]}},{"type":"Feature","id":"1730088445","properties":{"name":"Tin Can Island","rank":7},"geometry":{"type":"Point","coordinates":[3.3,6.41]}},{"type":"Feature","id":"1730088447","properties":{"name":"Mocambique","rank":7},"geometry":{"type":"Point","coordinates":[40.73,-15.03]}},{"type":"Feature","id":"1730088449","properties":{"name":"Assab","rank":7},"geometry":{"type":"Point","coordinates":[42.75,13]}},{"type":"Feature","id":"1730088451","properties":{"name":"Massawa","rank":7},"geometry":{"type":"Point","coordinates":[39.46,15.61]}},{"type":"Feature","id":"1730088453","properties":{"name":"Elat","rank":7},"geometry":{"type":"Point","coordinates":[34.95,29.55]}},{"type":"Feature","id":"1730088455","properties":{"name":"Al Kuwayt","rank":7},"geometry":{"type":"Point","coordinates":[47.96,29.38]}},{"type":"Feature","id":"1730088457","properties":{"name":"Bombay","rank":7},"geometry":{"type":"Point","coordinates":[72.83,18.83]}},{"type":"Feature","id":"1730088461","properties":{"name":"Jawaharlal Nehru Port","rank":7},"geometry":{"type":"Point","coordinates":[72.93,18.95]}},{"type":"Feature","id":"1730088463","properties":{"name":"Cochin","rank":7},"geometry":{"type":"Point","coordinates":[76.23,9.96]}},{"type":"Feature","id":"1730088465","properties":{"name":"Madras","rank":7},"geometry":{"type":"Point","coordinates":[80.3,13.1]}},{"type":"Feature","id":"1730088467","properties":{"name":"Calcutta","rank":7},"geometry":{"type":"Point","coordinates":[88.31,22.55]}},{"type":"Feature","id":"1730088469","properties":{"name":"Phuket","rank":7},"geometry":{"type":"Point","coordinates":[98.4,7.83]}},{"type":"Feature","id":"1730088471","properties":{"name":"Pulau Pinang","rank":7},"geometry":{"type":"Point","coordinates":[100.35,5.41]}},{"type":"Feature","id":"1730088473","properties":{"name":"Belawan","rank":7},"geometry":{"type":"Point","coordinates":[98.68,3.78]}},{"type":"Feature","id":"1730088475","properties":{"name":"Semarang","rank":7},"geometry":{"type":"Point","coordinates":[110.41,-6.95]}},{"type":"Feature","id":"1730088479","properties":{"name":"Kupang","rank":7},"geometry":{"type":"Point","coordinates":[123.58,-10.16]}},{"type":"Feature","id":"1730088481","properties":{"name":"Kuching","rank":7},"geometry":{"type":"Point","coordinates":[110.35,1.56]}},{"type":"Feature","id":"1730088483","properties":{"name":"Miri","rank":7},"geometry":{"type":"Point","coordinates":[113.96,4.38]}},{"type":"Feature","id":"1730088485","properties":{"name":"Kota Kinabalu","rank":7},"geometry":{"type":"Point","coordinates":[116.06,5.98]}},{"type":"Feature","id":"1730088487","properties":{"name":"Pelabuhan Sandakan","rank":7},"geometry":{"type":"Point","coordinates":[118.11,5.83]}},{"type":"Feature","id":"1730088489","properties":{"name":"Ujungpandang","rank":7},"geometry":{"type":"Point","coordinates":[119.4,-5.13]}},{"type":"Feature","id":"1730088491","properties":{"name":"Davao","rank":7},"geometry":{"type":"Point","coordinates":[125.61,7.06]}},{"type":"Feature","id":"1730088493","properties":{"name":"Nanjing","rank":7},"geometry":{"type":"Point","coordinates":[118.75,32.08]}},{"type":"Feature","id":"1730088497","properties":{"name":"Hankow","rank":7},"geometry":{"type":"Point","coordinates":[114.28,30.58]}},{"type":"Feature","id":"1730088499","properties":{"name":"Chang Sha","rank":7},"geometry":{"type":"Point","coordinates":[112.98,28.2]}},{"type":"Feature","id":"1730088501","properties":{"name":"Khabarovsk","rank":7},"geometry":{"type":"Point","coordinates":[135.16,48.5]}},{"type":"Feature","id":"1730088503","properties":{"name":"Petropavlovsk","rank":7},"geometry":{"type":"Point","coordinates":[158.65,53.05]}},{"type":"Feature","id":"1730088505","properties":{"name":"Namibe","rank":6},"geometry":{"type":"Point","coordinates":[12.135453,-15.193611]}},{"type":"Feature","id":"1730088507","properties":{"name":"Bahia Blanca","rank":6},"geometry":{"type":"Point","coordinates":[-62.270907,-38.791389]}},{"type":"Feature","id":"1730088509","properties":{"name":"La Plata","rank":6},"geometry":{"type":"Point","coordinates":[-57.890224,-34.855278]}},{"type":"Feature","id":"1730088511","properties":{"name":"Ushuaia","rank":6},"geometry":{"type":"Point","coordinates":[-68.300883,-54.809444]}},{"type":"Feature","id":"1730088515","properties":{"name":"Puerto Madryn","rank":6},"geometry":{"type":"Point","coordinates":[-65.033333,-42.736111]}},{"type":"Feature","id":"1730088517","properties":{"name":"Pago Pago","rank":6},"geometry":{"type":"Point","coordinates":[-170.687927,-14.274167]}},{"type":"Feature","id":"1730088519","properties":{"name":"Mackay","rank":6},"geometry":{"type":"Point","coordinates":[149.223734,-21.108333]}},{"type":"Feature","id":"1730088521","properties":{"name":"Port Lincoln","rank":6},"geometry":{"type":"Point","coordinates":[135.869494,-34.718333]}},{"type":"Feature","id":"1730088523","properties":{"name":"Port Pirie","rank":6},"geometry":{"type":"Point","coordinates":[138.007244,-33.176944]}},{"type":"Feature","id":"1730088525","properties":{"name":"Albany","rank":6},"geometry":{"type":"Point","coordinates":[117.88669,-35.031667]}},{"type":"Feature","id":"1730088527","properties":{"name":"Barrow Island","rank":6},"geometry":{"type":"Point","coordinates":[115.470907,-20.725833]}},{"type":"Feature","id":"1730088529","properties":{"name":"Bunbury","rank":6},"geometry":{"type":"Point","coordinates":[115.651237,-33.315278]}},{"type":"Feature","id":"1730088533","properties":{"name":"Burnie","rank":6},"geometry":{"type":"Point","coordinates":[145.908127,-41.052778]}},{"type":"Feature","id":"1730088535","properties":{"name":"Geelong","rank":6},"geometry":{"type":"Point","coordinates":[144.387397,-38.126667]}},{"type":"Feature","id":"1730088537","properties":{"name":"Gladstone","rank":6},"geometry":{"type":"Point","coordinates":[151.251767,-23.83]}},{"type":"Feature","id":"1730088539","properties":{"name":"Newcastle","rank":6},"geometry":{"type":"Point","coordinates":[151.76914,-32.9075]}},{"type":"Feature","id":"1730088541","properties":{"name":"Port Kembla","rank":6},"geometry":{"type":"Point","coordinates":[150.893581,-34.4625]}},{"type":"Feature","id":"1730088543","properties":{"name":"Portland","rank":6},"geometry":{"type":"Point","coordinates":[141.609364,-38.349167]}},{"type":"Feature","id":"1730088545","properties":{"name":"Thursday Island","rank":6},"geometry":{"type":"Point","coordinates":[142.218964,-10.585556]}},{"type":"Feature","id":"1730088547","properties":{"name":"Townsville","rank":6},"geometry":{"type":"Point","coordinates":[146.824794,-19.250833]}},{"type":"Feature","id":"1730088551","properties":{"name":"Weipa","rank":6},"geometry":{"type":"Point","coordinates":[141.866667,-12.67]}},{"type":"Feature","id":"1730088553","properties":{"name":"Whyalla","rank":6},"geometry":{"type":"Point","coordinates":[137.590754,-33.038333]}},{"type":"Feature","id":"1730088555","properties":{"name":"Wyndham","rank":6},"geometry":{"type":"Point","coordinates":[128.100883,-15.451389]}},{"type":"Feature","id":"1730088557","properties":{"name":"Brussel (Bruxelles)","rank":6},"geometry":{"type":"Point","coordinates":[4.38616,50.886111]}},{"type":"Feature","id":"1730088559","properties":{"name":"Gent (Ghent)","rank":6},"geometry":{"type":"Point","coordinates":[3.767373,51.114444]}},{"type":"Feature","id":"1730088561","properties":{"name":"Ilheus","rank":6},"geometry":{"type":"Point","coordinates":[-39.025677,-14.780278]}},{"type":"Feature","id":"1730088563","properties":{"name":"Maceio","rank":6},"geometry":{"type":"Point","coordinates":[-35.72232,-9.678889]}},{"type":"Feature","id":"1730088565","properties":{"name":"Natal","rank":6},"geometry":{"type":"Point","coordinates":[-35.2,-5.783056]}},{"type":"Feature","id":"1730088569","properties":{"name":"Rio Grande","rank":6},"geometry":{"type":"Point","coordinates":[-52.076207,-32.056111]}},{"type":"Feature","id":"1730088571","properties":{"name":"Vitoria","rank":6},"geometry":{"type":"Point","coordinates":[-40.3351,-20.323333]}},{"type":"Feature","id":"1730088573","properties":{"name":"Ocean Falls","rank":6},"geometry":{"type":"Point","coordinates":[-127.68881,52.350833]}},{"type":"Feature","id":"1730088575","properties":{"name":"Argentia","rank":6},"geometry":{"type":"Point","coordinates":[-53.986867,47.293056]}},{"type":"Feature","id":"1730088577","properties":{"name":"Bathurst","rank":6},"geometry":{"type":"Point","coordinates":[-65.65,47.616667]}},{"type":"Feature","id":"1730088579","properties":{"name":"Gaspe","rank":6},"geometry":{"type":"Point","coordinates":[-64.43722,48.824444]}},{"type":"Feature","id":"1730088581","properties":{"name":"Port Alberni","rank":6},"geometry":{"type":"Point","coordinates":[-124.819317,49.23]}},{"type":"Feature","id":"1730088583","properties":{"name":"Powell River","rank":6},"geometry":{"type":"Point","coordinates":[-124.524794,49.835]}},{"type":"Feature","id":"1730088587","properties":{"name":"Sept-Iles","rank":6},"geometry":{"type":"Point","coordinates":[-66.383863,50.206389]}},{"type":"Feature","id":"1730088589","properties":{"name":"Sydney","rank":6},"geometry":{"type":"Point","coordinates":[-60.203004,46.141944]}},{"type":"Feature","id":"1730088591","properties":{"name":"Trois-Rivieres (Three Rivers)","rank":6},"geometry":{"type":"Point","coordinates":[-72.538987,46.335833]}},{"type":"Feature","id":"1730088593","properties":{"name":"Yarmouth","rank":6},"geometry":{"type":"Point","coordinates":[-66.120907,43.835556]}},{"type":"Feature","id":"1730088595","properties":{"name":"Rimouski","rank":6},"geometry":{"type":"Point","coordinates":[-68.508127,48.477778]}},{"type":"Feature","id":"1730088597","properties":{"name":"Riviere-du-Loup","rank":6},"geometry":{"type":"Point","coordinates":[-69.56808,47.846667]}},{"type":"Feature","id":"1730088599","properties":{"name":"Saint-Anthony","rank":6},"geometry":{"type":"Point","coordinates":[-55.577091,51.366667]}},{"type":"Feature","id":"1730088601","properties":{"name":"Summerside","rank":6},"geometry":{"type":"Point","coordinates":[-63.787044,46.388611]}},{"type":"Feature","id":"1730088605","properties":{"name":"Arica","rank":6},"geometry":{"type":"Point","coordinates":[-70.321967,-18.473056]}},{"type":"Feature","id":"1730088607","properties":{"name":"Tocopilla","rank":6},"geometry":{"type":"Point","coordinates":[-70.205654,-22.086111]}},{"type":"Feature","id":"1730088609","properties":{"name":"Beihai","rank":6},"geometry":{"type":"Point","coordinates":[109.070554,21.458611]}},{"type":"Feature","id":"1730088611","properties":{"name":"Jiangmen","rank":6},"geometry":{"type":"Point","coordinates":[113.001943,22.5025]}},{"type":"Feature","id":"1730088613","properties":{"name":"Wenzhou","rank":6},"geometry":{"type":"Point","coordinates":[120.884747,27.998333]}},{"type":"Feature","id":"1730088615","properties":{"name":"Yantai","rank":6},"geometry":{"type":"Point","coordinates":[121.388987,37.571111]}},{"type":"Feature","id":"1730088617","properties":{"name":"Zhuhai","rank":6},"geometry":{"type":"Point","coordinates":[113.584217,22.239722]}},{"type":"Feature","id":"1730088619","properties":{"name":"Santa Marta","rank":6},"geometry":{"type":"Point","coordinates":[-74.21702,11.251944]}},{"type":"Feature","id":"1730088623","properties":{"name":"Buenaventura","rank":6},"geometry":{"type":"Point","coordinates":[-77.053357,3.883056]}},{"type":"Feature","id":"1730088625","properties":{"name":"Praia","rank":6},"geometry":{"type":"Point","coordinates":[-23.50318,14.944722]}},{"type":"Feature","id":"1730088627","properties":{"name":"Golfito","rank":6},"geometry":{"type":"Point","coordinates":[-83.166667,8.637778]}},{"type":"Feature","id":"1730088629","properties":{"name":"Cienfuegos","rank":6},"geometry":{"type":"Point","coordinates":[-80.45371,22.14]}},{"type":"Feature","id":"1730088631","properties":{"name":"Manzanillo","rank":6},"geometry":{"type":"Point","coordinates":[-77.13351,20.3375]}},{"type":"Feature","id":"1730088633","properties":{"name":"Matanzas","rank":6},"geometry":{"type":"Point","coordinates":[-81.537044,23.051389]}},{"type":"Feature","id":"1730088635","properties":{"name":"Santiago de Cuba","rank":6},"geometry":{"type":"Point","coordinates":[-75.856714,20.001667]}},{"type":"Feature","id":"1730088637","properties":{"name":"Emden","rank":6},"geometry":{"type":"Point","coordinates":[7.192874,53.346111]}},{"type":"Feature","id":"1730088641","properties":{"name":"Flensburg","rank":6},"geometry":{"type":"Point","coordinates":[9.436867,54.803333]}},{"type":"Feature","id":"1730088643","properties":{"name":"Wilhelmshaven","rank":6},"geometry":{"type":"Point","coordinates":[8.122144,53.53]}},{"type":"Feature","id":"1730088645","properties":{"name":"Esbjerg","rank":6},"geometry":{"type":"Point","coordinates":[8.433863,55.465556]}},{"type":"Feature","id":"1730088647","properties":{"name":"Odense","rank":6},"geometry":{"type":"Point","coordinates":[10.386867,55.4175]}},{"type":"Feature","id":"1730088649","properties":{"name":"Sonderborg","rank":6},"geometry":{"type":"Point","coordinates":[9.776737,54.906944]}},{"type":"Feature","id":"1730088651","properties":{"name":"Ronne","rank":6},"geometry":{"type":"Point","coordinates":[14.68775,55.096111]}},{"type":"Feature","id":"1730088653","properties":{"name":"Barahona","rank":6},"geometry":{"type":"Point","coordinates":[-71.086514,18.212222]}},{"type":"Feature","id":"1730088655","properties":{"name":"Cabo Rojo","rank":6},"geometry":{"type":"Point","coordinates":[-71.654947,17.925278]}},{"type":"Feature","id":"1730088659","properties":{"name":"Oran","rank":6},"geometry":{"type":"Point","coordinates":[-0.63669,35.7125]}},{"type":"Feature","id":"1730088661","properties":{"name":"A Coruna","rank":6},"geometry":{"type":"Point","coordinates":[-8.387927,43.363056]}},{"type":"Feature","id":"1730088663","properties":{"name":"Almeria","rank":6},"geometry":{"type":"Point","coordinates":[-2.47126,36.832222]}},{"type":"Feature","id":"1730088665","properties":{"name":"Gijon","rank":6},"geometry":{"type":"Point","coordinates":[-5.688634,43.558611]}},{"type":"Feature","id":"1730088667","properties":{"name":"San Sebastian","rank":6},"geometry":{"type":"Point","coordinates":[-1.986867,43.322778]}},{"type":"Feature","id":"1730088669","properties":{"name":"Santander","rank":6},"geometry":{"type":"Point","coordinates":[-3.804947,43.442222]}},{"type":"Feature","id":"1730088671","properties":{"name":"Tarragona","rank":6},"geometry":{"type":"Point","coordinates":[1.2202,41.096111]}},{"type":"Feature","id":"1730088673","properties":{"name":"Oulu","rank":6},"geometry":{"type":"Point","coordinates":[25.454594,65.015833]}},{"type":"Feature","id":"1730088677","properties":{"name":"Bayonne","rank":6},"geometry":{"type":"Point","coordinates":[-1.493757,43.519722]}},{"type":"Feature","id":"1730088679","properties":{"name":"Boulogne-sur-Mer","rank":6},"geometry":{"type":"Point","coordinates":[1.575501,50.723611]}},{"type":"Feature","id":"1730088681","properties":{"name":"Brest","rank":6},"geometry":{"type":"Point","coordinates":[-4.471437,48.380556]}},{"type":"Feature","id":"1730088683","properties":{"name":"Cannes","rank":6},"geometry":{"type":"Point","coordinates":[7.009187,43.548056]}},{"type":"Feature","id":"1730088685","properties":{"name":"Cherbourg","rank":6},"geometry":{"type":"Point","coordinates":[-1.61755,49.652222]}},{"type":"Feature","id":"1730088687","properties":{"name":"Dieppe","rank":6},"geometry":{"type":"Point","coordinates":[1.085984,49.926389]}},{"type":"Feature","id":"1730088689","properties":{"name":"Granville","rank":6},"geometry":{"type":"Point","coordinates":[-1.60106,48.834722]}},{"type":"Feature","id":"1730088691","properties":{"name":"La Rochelle","rank":6},"geometry":{"type":"Point","coordinates":[-1.157774,46.146667]}},{"type":"Feature","id":"1730088695","properties":{"name":"Lorient","rank":6},"geometry":{"type":"Point","coordinates":[-3.35212,47.734167]}},{"type":"Feature","id":"1730088697","properties":{"name":"Morlaix","rank":6},"geometry":{"type":"Point","coordinates":[-3.834923,48.585278]}},{"type":"Feature","id":"1730088699","properties":{"name":"Rochefort","rank":6},"geometry":{"type":"Point","coordinates":[-0.953004,45.949167]}},{"type":"Feature","id":"1730088701","properties":{"name":"Toulon","rank":6},"geometry":{"type":"Point","coordinates":[5.90477,43.110556]}},{"type":"Feature","id":"1730088703","properties":{"name":"Owendo","rank":6},"geometry":{"type":"Point","coordinates":[9.500883,0.288333]}},{"type":"Feature","id":"1730088705","properties":{"name":"Aberdeen","rank":6},"geometry":{"type":"Point","coordinates":[-2.074617,57.142222]}},{"type":"Feature","id":"1730088707","properties":{"name":"Liverpool","rank":6},"geometry":{"type":"Point","coordinates":[-3.007244,53.436389]}},{"type":"Feature","id":"1730088709","properties":{"name":"Plymouth","rank":6},"geometry":{"type":"Point","coordinates":[-4.154064,50.364722]}},{"type":"Feature","id":"1730088713","properties":{"name":"Portsmouth","rank":6},"geometry":{"type":"Point","coordinates":[-1.1,50.8075]}},{"type":"Feature","id":"1730088715","properties":{"name":"Batumi","rank":6},"geometry":{"type":"Point","coordinates":[41.65053,41.648889]}},{"type":"Feature","id":"1730088717","properties":{"name":"Kavala","rank":6},"geometry":{"type":"Point","coordinates":[24.401943,40.931389]}},{"type":"Feature","id":"1730088719","properties":{"name":"Chios","rank":6},"geometry":{"type":"Point","coordinates":[26.13775,38.377222]}},{"type":"Feature","id":"1730088721","properties":{"name":"Kalamata","rank":6},"geometry":{"type":"Point","coordinates":[22.108127,37.022778]}},{"type":"Feature","id":"1730088723","properties":{"name":"Patras","rank":6},"geometry":{"type":"Point","coordinates":[21.734923,38.254444]}},{"type":"Feature","id":"1730088725","properties":{"name":"Volos","rank":6},"geometry":{"type":"Point","coordinates":[22.93669,39.352778]}},{"type":"Feature","id":"1730088727","properties":{"name":"Uummannaq","rank":6},"geometry":{"type":"Point","coordinates":[-52.11914,70.674722]}},{"type":"Feature","id":"1730088731","properties":{"name":"Puerto Barrios","rank":6},"geometry":{"type":"Point","coordinates":[-88.604064,15.728333]}},{"type":"Feature","id":"1730088733","properties":{"name":"Pula","rank":6},"geometry":{"type":"Point","coordinates":[13.834747,44.871667]}},{"type":"Feature","id":"1730088735","properties":{"name":"Rijeka","rank":6},"geometry":{"type":"Point","coordinates":[14.42232,45.3275]}},{"type":"Feature","id":"1730088737","properties":{"name":"Split","rank":6},"geometry":{"type":"Point","coordinates":[16.425501,43.515]}},{"type":"Feature","id":"1730088739","properties":{"name":"Banjarmasin","rank":6},"geometry":{"type":"Point","coordinates":[114.5553,-3.321944]}},{"type":"Feature","id":"1730088741","properties":{"name":"Tanjung Pandan","rank":6},"geometry":{"type":"Point","coordinates":[107.627091,-2.75]}},{"type":"Feature","id":"1730088743","properties":{"name":"Port Blair","rank":6},"geometry":{"type":"Point","coordinates":[92.72391,11.672222]}},{"type":"Feature","id":"1730088745","properties":{"name":"Kandla","rank":6},"geometry":{"type":"Point","coordinates":[70.22232,23.013611]}},{"type":"Feature","id":"1730088749","properties":{"name":"Pondicherry","rank":6},"geometry":{"type":"Point","coordinates":[79.82232,11.914167]}},{"type":"Feature","id":"1730088751","properties":{"name":"Cork","rank":6},"geometry":{"type":"Point","coordinates":[-8.424441,51.901111]}},{"type":"Feature","id":"1730088753","properties":{"name":"Galway","rank":6},"geometry":{"type":"Point","coordinates":[-9.043757,53.27]}},{"type":"Feature","id":"1730088755","properties":{"name":"Bushehr","rank":6},"geometry":{"type":"Point","coordinates":[50.836867,28.984722]}},{"type":"Feature","id":"1730088757","properties":{"name":"Ancona","rank":6},"geometry":{"type":"Point","coordinates":[13.492344,43.618333]}},{"type":"Feature","id":"1730088759","properties":{"name":"Bari","rank":6},"geometry":{"type":"Point","coordinates":[16.8553,41.136944]}},{"type":"Feature","id":"1730088761","properties":{"name":"Cagliari","rank":6},"geometry":{"type":"Point","coordinates":[9.107597,39.204167]}},{"type":"Feature","id":"1730088763","properties":{"name":"Olbia","rank":6},"geometry":{"type":"Point","coordinates":[9.517903,40.922778]}},{"type":"Feature","id":"1730088767","properties":{"name":"Pescara","rank":6},"geometry":{"type":"Point","coordinates":[14.223734,42.467778]}},{"type":"Feature","id":"1730088769","properties":{"name":"Reggio Calabria","rank":6},"geometry":{"type":"Point","coordinates":[15.643757,38.124444]}},{"type":"Feature","id":"1730088771","properties":{"name":"Trapani","rank":6},"geometry":{"type":"Point","coordinates":[12.503887,38.013611]}},{"type":"Feature","id":"1730088773","properties":{"name":"Aomori","rank":6},"geometry":{"type":"Point","coordinates":[140.742874,40.831389]}},{"type":"Feature","id":"1730088775","properties":{"name":"Hakodate","rank":6},"geometry":{"type":"Point","coordinates":[140.709011,41.787778]}},{"type":"Feature","id":"1730088777","properties":{"name":"Kagoshima","rank":6},"geometry":{"type":"Point","coordinates":[130.568787,31.5925]}},{"type":"Feature","id":"1730088779","properties":{"name":"Kochi","rank":6},"geometry":{"type":"Point","coordinates":[133.557067,33.524167]}},{"type":"Feature","id":"1730088781","properties":{"name":"Kushiro","rank":6},"geometry":{"type":"Point","coordinates":[144.352297,42.988611]}},{"type":"Feature","id":"1730088785","properties":{"name":"Niihama","rank":6},"geometry":{"type":"Point","coordinates":[133.259541,33.970833]}},{"type":"Feature","id":"1730088787","properties":{"name":"Oita","rank":6},"geometry":{"type":"Point","coordinates":[131.676031,33.272222]}},{"type":"Feature","id":"1730088789","properties":{"name":"Shimonoseki","rank":6},"geometry":{"type":"Point","coordinates":[130.90106,33.934444]}},{"type":"Feature","id":"1730088791","properties":{"name":"Tomakomai","rank":6},"geometry":{"type":"Point","coordinates":[141.653357,42.6375]}},{"type":"Feature","id":"1730088793","properties":{"name":"Toyama","rank":6},"geometry":{"type":"Point","coordinates":[137.222674,36.757222]}},{"type":"Feature","id":"1730088795","properties":{"name":"Ube","rank":6},"geometry":{"type":"Point","coordinates":[131.23775,33.938333]}},{"type":"Feature","id":"1730088797","properties":{"name":"Malindi","rank":6},"geometry":{"type":"Point","coordinates":[40.123027,-3.213611]}},{"type":"Feature","id":"1730088799","properties":{"name":"Trincomalee","rank":6},"geometry":{"type":"Point","coordinates":[81.203887,8.558333]}},{"type":"Feature","id":"1730088803","properties":{"name":"Klaipeda","rank":6},"geometry":{"type":"Point","coordinates":[21.134217,55.687222]}},{"type":"Feature","id":"1730088805","properties":{"name":"Safi","rank":6},"geometry":{"type":"Point","coordinates":[-9.242697,32.3075]}},{"type":"Feature","id":"1730088807","properties":{"name":"Ensenada","rank":6},"geometry":{"type":"Point","coordinates":[-116.62285,31.850833]}},{"type":"Feature","id":"1730088809","properties":{"name":"Guaymas","rank":6},"geometry":{"type":"Point","coordinates":[-110.868787,27.919167]}},{"type":"Feature","id":"1730088811","properties":{"name":"Manzanillo","rank":6},"geometry":{"type":"Point","coordinates":[-104.300883,19.070556]}},{"type":"Feature","id":"1730088813","properties":{"name":"Salina Cruz","rank":6},"geometry":{"type":"Point","coordinates":[-95.201943,16.157222]}},{"type":"Feature","id":"1730088815","properties":{"name":"Saipan","rank":6},"geometry":{"type":"Point","coordinates":[145.734923,15.225833]}},{"type":"Feature","id":"1730088817","properties":{"name":"Nouadhibou","rank":6},"geometry":{"type":"Point","coordinates":[-17.041814,20.9075]}},{"type":"Feature","id":"1730088821","properties":{"name":"Luderitz","rank":6},"geometry":{"type":"Point","coordinates":[15.15371,-26.637778]}},{"type":"Feature","id":"1730088823","properties":{"name":"Bluefields","rank":6},"geometry":{"type":"Point","coordinates":[-83.75689,12.011944]}},{"type":"Feature","id":"1730088825","properties":{"name":"Alesund","rank":6},"geometry":{"type":"Point","coordinates":[6.171614,62.4725]}},{"type":"Feature","id":"1730088827","properties":{"name":"Batsfjord","rank":6},"geometry":{"type":"Point","coordinates":[29.717727,70.634167]}},{"type":"Feature","id":"1730088829","properties":{"name":"Bodo","rank":6},"geometry":{"type":"Point","coordinates":[14.372674,67.288889]}},{"type":"Feature","id":"1730088831","properties":{"name":"Hammerfest","rank":6},"geometry":{"type":"Point","coordinates":[23.671084,70.667222]}},{"type":"Feature","id":"1730088833","properties":{"name":"Haugesund","rank":6},"geometry":{"type":"Point","coordinates":[5.255654,59.412222]}},{"type":"Feature","id":"1730088835","properties":{"name":"Kirkenes","rank":6},"geometry":{"type":"Point","coordinates":[30.055654,69.728333]}},{"type":"Feature","id":"1730088839","properties":{"name":"Kristiansund","rank":6},"geometry":{"type":"Point","coordinates":[7.733333,63.115]}},{"type":"Feature","id":"1730088841","properties":{"name":"Mo i Rana","rank":6},"geometry":{"type":"Point","coordinates":[14.123734,66.315]}},{"type":"Feature","id":"1730088843","properties":{"name":"Molde","rank":6},"geometry":{"type":"Point","coordinates":[7.15742,62.736389]}},{"type":"Feature","id":"1730088845","properties":{"name":"Mosjoen","rank":6},"geometry":{"type":"Point","coordinates":[13.186867,65.851944]}},{"type":"Feature","id":"1730088847","properties":{"name":"Narvik","rank":6},"geometry":{"type":"Point","coordinates":[17.41861,68.438611]}},{"type":"Feature","id":"1730088849","properties":{"name":"Stavanger","rank":6},"geometry":{"type":"Point","coordinates":[5.73722,58.978889]}},{"type":"Feature","id":"1730088851","properties":{"name":"Vadso","rank":6},"geometry":{"type":"Point","coordinates":[29.737574,70.071111]}},{"type":"Feature","id":"1730088853","properties":{"name":"Vardo","rank":6},"geometry":{"type":"Point","coordinates":[31.103887,70.373333]}},{"type":"Feature","id":"1730088857","properties":{"name":"New Plymouth","rank":6},"geometry":{"type":"Point","coordinates":[174.03775,-39.057222]}},{"type":"Feature","id":"1730088859","properties":{"name":"Gisborne","rank":6},"geometry":{"type":"Point","coordinates":[178.022497,-38.6725]}},{"type":"Feature","id":"1730088861","properties":{"name":"Greymouth","rank":6},"geometry":{"type":"Point","coordinates":[171.20053,-42.444722]}},{"type":"Feature","id":"1730088863","properties":{"name":"Napier","rank":6},"geometry":{"type":"Point","coordinates":[176.91808,-39.475]}},{"type":"Feature","id":"1730088865","properties":{"name":"Tauranga","rank":6},"geometry":{"type":"Point","coordinates":[176.174087,-37.659444]}},{"type":"Feature","id":"1730088867","properties":{"name":"Wanganui","rank":6},"geometry":{"type":"Point","coordinates":[174.989517,-39.944167]}},{"type":"Feature","id":"1730088869","properties":{"name":"Westport","rank":6},"geometry":{"type":"Point","coordinates":[171.591284,-41.750278]}},{"type":"Feature","id":"1730088871","properties":{"name":"Whangarei","rank":6},"geometry":{"type":"Point","coordinates":[174.342697,-35.751111]}},{"type":"Feature","id":"1730088875","properties":{"name":"Timaru","rank":6},"geometry":{"type":"Point","coordinates":[171.25424,-44.389167]}},{"type":"Feature","id":"1730088877","properties":{"name":"Talara","rank":6},"geometry":{"type":"Point","coordinates":[-81.274617,-4.573056]}},{"type":"Feature","id":"1730088879","properties":{"name":"Masbate","rank":6},"geometry":{"type":"Point","coordinates":[123.619847,12.368056]}},{"type":"Feature","id":"1730088881","properties":{"name":"Subic Bay","rank":6},"geometry":{"type":"Point","coordinates":[120.274794,14.808333]}},{"type":"Feature","id":"1730088883","properties":{"name":"Alotau","rank":6},"geometry":{"type":"Point","coordinates":[150.45106,-10.312778]}},{"type":"Feature","id":"1730088885","properties":{"name":"Kavieng","rank":6},"geometry":{"type":"Point","coordinates":[150.78669,-2.584722]}},{"type":"Feature","id":"1730088887","properties":{"name":"Kieta","rank":6},"geometry":{"type":"Point","coordinates":[155.626914,-6.215278]}},{"type":"Feature","id":"1730088889","properties":{"name":"Rabaul","rank":6},"geometry":{"type":"Point","coordinates":[152.1851,-4.241111]}},{"type":"Feature","id":"1730088893","properties":{"name":"Vanimo","rank":6},"geometry":{"type":"Point","coordinates":[141.292344,-2.683611]}},{"type":"Feature","id":"1730088895","properties":{"name":"Ponce","rank":6},"geometry":{"type":"Point","coordinates":[-66.610247,17.968056]}},{"type":"Feature","id":"1730088897","properties":{"name":"Sines","rank":6},"geometry":{"type":"Point","coordinates":[-8.86702,37.942778]}},{"type":"Feature","id":"1730088899","properties":{"name":"Horta","rank":6},"geometry":{"type":"Point","coordinates":[-28.621967,38.53]}},{"type":"Feature","id":"1730088901","properties":{"name":"Arkhangelsk","rank":6},"geometry":{"type":"Point","coordinates":[40.55636,64.5425]}},{"type":"Feature","id":"1730088903","properties":{"name":"Murmansk","rank":6},"geometry":{"type":"Point","coordinates":[33.041461,68.9725]}},{"type":"Feature","id":"1730088905","properties":{"name":"Tiksi","rank":6},"geometry":{"type":"Point","coordinates":[128.87285,71.643056]}},{"type":"Feature","id":"1730088907","properties":{"name":"Jizan","rank":6},"geometry":{"type":"Point","coordinates":[42.535277,16.890278]}},{"type":"Feature","id":"1730088911","properties":{"name":"Berbera","rank":6},"geometry":{"type":"Point","coordinates":[45,10.440833]}},{"type":"Feature","id":"1730088913","properties":{"name":"Nieuw Nickerie","rank":6},"geometry":{"type":"Point","coordinates":[-57.001767,5.951667]}},{"type":"Feature","id":"1730088915","properties":{"name":"Malmo","rank":6},"geometry":{"type":"Point","coordinates":[13.00159,55.625556]}},{"type":"Feature","id":"1730088917","properties":{"name":"Gavle","rank":6},"geometry":{"type":"Point","coordinates":[17.192697,60.684444]}},{"type":"Feature","id":"1730088919","properties":{"name":"Halmstad","rank":6},"geometry":{"type":"Point","coordinates":[12.85,56.655]}},{"type":"Feature","id":"1730088921","properties":{"name":"Helsingborg","rank":6},"geometry":{"type":"Point","coordinates":[12.687574,56.033333]}},{"type":"Feature","id":"1730088923","properties":{"name":"Hudiksvall","rank":6},"geometry":{"type":"Point","coordinates":[17.11861,61.721667]}},{"type":"Feature","id":"1730088925","properties":{"name":"Kalmar","rank":6},"geometry":{"type":"Point","coordinates":[16.36914,56.659167]}},{"type":"Feature","id":"1730088929","properties":{"name":"Ornskoldsvik","rank":6},"geometry":{"type":"Point","coordinates":[18.725854,63.276111]}},{"type":"Feature","id":"1730088931","properties":{"name":"Ronneby","rank":6},"geometry":{"type":"Point","coordinates":[15.3,56.174722]}},{"type":"Feature","id":"1730088933","properties":{"name":"Soderhamn","rank":6},"geometry":{"type":"Point","coordinates":[17.08934,61.308333]}},{"type":"Feature","id":"1730088935","properties":{"name":"Vastervik","rank":6},"geometry":{"type":"Point","coordinates":[16.651943,57.755833]}},{"type":"Feature","id":"1730088937","properties":{"name":"Visby","rank":6},"geometry":{"type":"Point","coordinates":[18.274617,57.635556]}},{"type":"Feature","id":"1730088939","properties":{"name":"Tekirdag","rank":6},"geometry":{"type":"Point","coordinates":[27.507951,40.9675]}},{"type":"Feature","id":"1730088941","properties":{"name":"Tanga","rank":6},"geometry":{"type":"Point","coordinates":[39.10318,-5.065556]}},{"type":"Feature","id":"1730088943","properties":{"name":"Kherson","rank":6},"geometry":{"type":"Point","coordinates":[32.60742,46.618611]}},{"type":"Feature","id":"1730088947","properties":{"name":"Colonia","rank":6},"geometry":{"type":"Point","coordinates":[-57.842167,-34.471667]}},{"type":"Feature","id":"1730088949","properties":{"name":"Cordova","rank":6},"geometry":{"type":"Point","coordinates":[-145.75636,60.55]}},{"type":"Feature","id":"1730088951","properties":{"name":"Ketchikan","rank":6},"geometry":{"type":"Point","coordinates":[-131.67126,55.346944]}},{"type":"Feature","id":"1730088953","properties":{"name":"Bangor","rank":6},"geometry":{"type":"Point","coordinates":[-68.769847,44.791944]}},{"type":"Feature","id":"1730088955","properties":{"name":"Stockton","rank":6},"geometry":{"type":"Point","coordinates":[-121.323027,37.950556]}},{"type":"Feature","id":"1730088957","properties":{"name":"Bridgeport","rank":6},"geometry":{"type":"Point","coordinates":[-73.176384,41.1725]}},{"type":"Feature","id":"1730088959","properties":{"name":"New Haven","rank":6},"geometry":{"type":"Point","coordinates":[-72.909541,41.286389]}},{"type":"Feature","id":"1730088961","properties":{"name":"Port Everglades","rank":6},"geometry":{"type":"Point","coordinates":[-80.108657,26.084444]}},{"type":"Feature","id":"1730088965","properties":{"name":"Savannah","rank":6},"geometry":{"type":"Point","coordinates":[-81.122497,32.110833]}},{"type":"Feature","id":"1730088967","properties":{"name":"Portland","rank":6},"geometry":{"type":"Point","coordinates":[-70.239517,43.653333]}},{"type":"Feature","id":"1730088969","properties":{"name":"Gulfport","rank":6},"geometry":{"type":"Point","coordinates":[-89.088457,30.358611]}},{"type":"Feature","id":"1730088971","properties":{"name":"Portsmouth","rank":6},"geometry":{"type":"Point","coordinates":[-70.76861,43.0875]}},{"type":"Feature","id":"1730088973","properties":{"name":"Newark","rank":6},"geometry":{"type":"Point","coordinates":[-74.13722,40.7]}},{"type":"Feature","id":"1730088975","properties":{"name":"Astoria","rank":6},"geometry":{"type":"Point","coordinates":[-123.826207,46.189444]}},{"type":"Feature","id":"1730088977","properties":{"name":"Port Everglades","rank":6},"geometry":{"type":"Point","coordinates":[-80.108657,26.084444]}},{"type":"Feature","id":"1730088979","properties":{"name":"Corpus Christi","rank":6},"geometry":{"type":"Point","coordinates":[-97.404594,27.812778]}},{"type":"Feature","id":"1730088983","properties":{"name":"Pascagoula","rank":6},"geometry":{"type":"Point","coordinates":[-88.53722,30.351389]}},{"type":"Feature","id":"1730088985","properties":{"name":"Tacoma","rank":6},"geometry":{"type":"Point","coordinates":[-122.40424,47.267222]}},{"type":"Feature","id":"1730088987","properties":{"name":"Beaumont","rank":6},"geometry":{"type":"Point","coordinates":[-94.084217,30.077778]}},{"type":"Feature","id":"1730088989","properties":{"name":"Olympia","rank":6},"geometry":{"type":"Point","coordinates":[-122.900707,47.053333]}},{"type":"Feature","id":"1730088991","properties":{"name":"Port Angeles","rank":6},"geometry":{"type":"Point","coordinates":[-123.4351,48.130833]}},{"type":"Feature","id":"1730088993","properties":{"name":"Port Townsend","rank":6},"geometry":{"type":"Point","coordinates":[-122.75318,48.114444]}},{"type":"Feature","id":"1730088995","properties":{"name":"Puerto Cabello","rank":6},"geometry":{"type":"Point","coordinates":[-67.993051,10.477222]}},{"type":"Feature","id":"1730088997","properties":{"name":"Mukalla","rank":6},"geometry":{"type":"Point","coordinates":[49.143757,14.522222]}},{"type":"Feature","id":"1730089001","properties":{"name":"East London","rank":6},"geometry":{"type":"Point","coordinates":[27.90477,-33.025278]}},{"type":"Feature","id":"1730089003","properties":{"name":"Mossel Bay","rank":6},"geometry":{"type":"Point","coordinates":[21.418257,-34.375278]}},{"type":"Feature","id":"1730089005","properties":{"name":"Richards Bay","rank":6},"geometry":{"type":"Point","coordinates":[32.056184,-28.804722]}},{"type":"Feature","id":"1730089007","properties":{"name":"Erie","rank":6},"geometry":{"type":"Point","coordinates":[-80.1,42.15]}},{"type":"Feature","id":"1730089009","properties":{"name":"Bay City","rank":6},"geometry":{"type":"Point","coordinates":[-83.86,43.6]}},{"type":"Feature","id":"1730089011","properties":{"name":"Milwaukee","rank":6},"geometry":{"type":"Point","coordinates":[-87.88,43.03]}},{"type":"Feature","id":"1730089013","properties":{"name":"Coos Bay","rank":6},"geometry":{"type":"Point","coordinates":[-124.21,43.36]}},{"type":"Feature","id":"1730089015","properties":{"name":"Sitka","rank":6},"geometry":{"type":"Point","coordinates":[-135.33,57.05]}},{"type":"Feature","id":"1730089019","properties":{"name":"Kodiak","rank":6},"geometry":{"type":"Point","coordinates":[-152.4,57.78]}},{"type":"Feature","id":"1730089021","properties":{"name":"Lobito","rank":5},"geometry":{"type":"Point","coordinates":[13.569317,-12.336944]}},{"type":"Feature","id":"1730089023","properties":{"name":"Abu Dhabi","rank":5},"geometry":{"type":"Point","coordinates":[54.372674,24.525]}},{"type":"Feature","id":"1730089025","properties":{"name":"Comodoro Rivadavia","rank":5},"geometry":{"type":"Point","coordinates":[-67.459894,-45.855833]}},{"type":"Feature","id":"1730089027","properties":{"name":"Mar del Plata","rank":5},"geometry":{"type":"Point","coordinates":[-57.533333,-38.042778]}},{"type":"Feature","id":"1730089029","properties":{"name":"Cairns","rank":5},"geometry":{"type":"Point","coordinates":[145.775501,-16.929722]}},{"type":"Feature","id":"1730089031","properties":{"name":"Broome","rank":5},"geometry":{"type":"Point","coordinates":[122.209187,-18.0025]}},{"type":"Feature","id":"1730089033","properties":{"name":"Devonport","rank":5},"geometry":{"type":"Point","coordinates":[146.36755,-41.167778]}},{"type":"Feature","id":"1730089037","properties":{"name":"Hobart","rank":5},"geometry":{"type":"Point","coordinates":[147.335807,-42.880278]}},{"type":"Feature","id":"1730089039","properties":{"name":"Antwerpen","rank":5},"geometry":{"type":"Point","coordinates":[4.293757,51.297778]}},{"type":"Feature","id":"1730089041","properties":{"name":"Varna","rank":5},"geometry":{"type":"Point","coordinates":[27.888634,43.194444]}},{"type":"Feature","id":"1730089043","properties":{"name":"Belize City","rank":5},"geometry":{"type":"Point","coordinates":[-88.201943,17.479722]}},{"type":"Feature","id":"1730089045","properties":{"name":"Hamilton","rank":5},"geometry":{"type":"Point","coordinates":[-64.776384,32.291111]}},{"type":"Feature","id":"1730089047","properties":{"name":"Belem","rank":5},"geometry":{"type":"Point","coordinates":[-48.484747,-1.451667]}},{"type":"Feature","id":"1730089049","properties":{"name":"Paranagua","rank":5},"geometry":{"type":"Point","coordinates":[-48.51914,-25.500833]}},{"type":"Feature","id":"1730089051","properties":{"name":"Porto Alegre","rank":5},"geometry":{"type":"Point","coordinates":[-51.224087,-30.0175]}},{"type":"Feature","id":"1730089055","properties":{"name":"Recife","rank":5},"geometry":{"type":"Point","coordinates":[-34.868963,-8.053611]}},{"type":"Feature","id":"1730089057","properties":{"name":"Salvador","rank":5},"geometry":{"type":"Point","coordinates":[-38.50477,-12.958611]}},{"type":"Feature","id":"1730089059","properties":{"name":"Santos","rank":5},"geometry":{"type":"Point","coordinates":[-46.30053,-23.968889]}},{"type":"Feature","id":"1730089061","properties":{"name":"Charlottetown","rank":5},"geometry":{"type":"Point","coordinates":[-63.118963,46.231667]}},{"type":"Feature","id":"1730089063","properties":{"name":"Halifax","rank":5},"geometry":{"type":"Point","coordinates":[-63.574441,44.656944]}},{"type":"Feature","id":"1730089065","properties":{"name":"Nanaimo","rank":5},"geometry":{"type":"Point","coordinates":[-123.926384,49.169444]}},{"type":"Feature","id":"1730089067","properties":{"name":"Quebec","rank":5},"geometry":{"type":"Point","coordinates":[-71.209011,46.805833]}},{"type":"Feature","id":"1730089069","properties":{"name":"Victoria","rank":5},"geometry":{"type":"Point","coordinates":[-123.406537,48.431111]}},{"type":"Feature","id":"1730089073","properties":{"name":"Prince Rupert","rank":5},"geometry":{"type":"Point","coordinates":[-130.337044,54.309722]}},{"type":"Feature","id":"1730089075","properties":{"name":"Saint-John","rank":5},"geometry":{"type":"Point","coordinates":[-66.059894,45.267778]}},{"type":"Feature","id":"1730089077","properties":{"name":"Antofagasta","rank":5},"geometry":{"type":"Point","coordinates":[-70.40371,-23.650278]}},{"type":"Feature","id":"1730089079","properties":{"name":"Iquique","rank":5},"geometry":{"type":"Point","coordinates":[-70.151767,-20.202778]}},{"type":"Feature","id":"1730089081","properties":{"name":"Puerto Montt","rank":5},"geometry":{"type":"Point","coordinates":[-72.954417,-41.483611]}},{"type":"Feature","id":"1730089083","properties":{"name":"Haikou","rank":5},"geometry":{"type":"Point","coordinates":[110.274971,20.027778]}},{"type":"Feature","id":"1730089085","properties":{"name":"Ningbo","rank":5},"geometry":{"type":"Point","coordinates":[121.553357,29.866667]}},{"type":"Feature","id":"1730089087","properties":{"name":"Xiamen","rank":5},"geometry":{"type":"Point","coordinates":[118.020024,24.45]}},{"type":"Feature","id":"1730089091","properties":{"name":"Abidjan","rank":5},"geometry":{"type":"Point","coordinates":[-3.966667,5.233056]}},{"type":"Feature","id":"1730089093","properties":{"name":"Douala","rank":5},"geometry":{"type":"Point","coordinates":[9.68563,4.055]}},{"type":"Feature","id":"1730089095","properties":{"name":"Pointe Noire","rank":5},"geometry":{"type":"Point","coordinates":[11.826914,-4.784444]}},{"type":"Feature","id":"1730089097","properties":{"name":"Barranquilla","rank":5},"geometry":{"type":"Point","coordinates":[-74.756184,10.967222]}},{"type":"Feature","id":"1730089099","properties":{"name":"Moroni","rank":5},"geometry":{"type":"Point","coordinates":[43.243227,-11.701389]}},{"type":"Feature","id":"1730089101","properties":{"name":"Mariel","rank":5},"geometry":{"type":"Point","coordinates":[-82.756007,23.006389]}},{"type":"Feature","id":"1730089103","properties":{"name":"Larnaca","rank":5},"geometry":{"type":"Point","coordinates":[33.63934,34.924167]}},{"type":"Feature","id":"1730089105","properties":{"name":"Limassol","rank":5},"geometry":{"type":"Point","coordinates":[33.017727,34.65]}},{"type":"Feature","id":"1730089109","properties":{"name":"Bremen","rank":5},"geometry":{"type":"Point","coordinates":[8.75106,53.0975]}},{"type":"Feature","id":"1730089111","properties":{"name":"Hamburg","rank":5},"geometry":{"type":"Point","coordinates":[9.958481,53.524722]}},{"type":"Feature","id":"1730089113","properties":{"name":"Djibouti","rank":5},"geometry":{"type":"Point","coordinates":[43.13563,11.601944]}},{"type":"Feature","id":"1730089115","properties":{"name":"Aalborg","rank":5},"geometry":{"type":"Point","coordinates":[10.0053,57.061111]}},{"type":"Feature","id":"1730089117","properties":{"name":"Fredericia","rank":5},"geometry":{"type":"Point","coordinates":[9.740577,55.558056]}},{"type":"Feature","id":"1730089119","properties":{"name":"Alicante","rank":5},"geometry":{"type":"Point","coordinates":[-0.48828,38.335278]}},{"type":"Feature","id":"1730089121","properties":{"name":"Bilbao","rank":5},"geometry":{"type":"Point","coordinates":[-3.026914,43.3425]}},{"type":"Feature","id":"1730089123","properties":{"name":"Valencia","rank":5},"geometry":{"type":"Point","coordinates":[-0.318433,39.444167]}},{"type":"Feature","id":"1730089127","properties":{"name":"Fox Bay","rank":5},"geometry":{"type":"Point","coordinates":[-60.07073,-51.955556]}},{"type":"Feature","id":"1730089129","properties":{"name":"Ajaccio","rank":5},"geometry":{"type":"Point","coordinates":[8.73881,41.92]}},{"type":"Feature","id":"1730089131","properties":{"name":"Bastia","rank":5},"geometry":{"type":"Point","coordinates":[9.451943,42.7]}},{"type":"Feature","id":"1730089133","properties":{"name":"Bordeaux","rank":5},"geometry":{"type":"Point","coordinates":[-0.55318,44.865278]}},{"type":"Feature","id":"1730089135","properties":{"name":"Calais","rank":5},"geometry":{"type":"Point","coordinates":[1.850177,50.965833]}},{"type":"Feature","id":"1730089137","properties":{"name":"Dunkerque","rank":5},"geometry":{"type":"Point","coordinates":[2.170907,51.021667]}},{"type":"Feature","id":"1730089139","properties":{"name":"Honfleur","rank":5},"geometry":{"type":"Point","coordinates":[0.2351,49.422222]}},{"type":"Feature","id":"1730089141","properties":{"name":"Libreville","rank":5},"geometry":{"type":"Point","coordinates":[9.433687,0.400833]}},{"type":"Feature","id":"1730089145","properties":{"name":"Port Gentil","rank":5},"geometry":{"type":"Point","coordinates":[8.785277,-0.711944]}},{"type":"Feature","id":"1730089147","properties":{"name":"Belfast","rank":5},"geometry":{"type":"Point","coordinates":[-5.891107,54.620556]}},{"type":"Feature","id":"1730089149","properties":{"name":"Dover","rank":5},"geometry":{"type":"Point","coordinates":[1.322144,51.120833]}},{"type":"Feature","id":"1730089151","properties":{"name":"Inverness","rank":5},"geometry":{"type":"Point","coordinates":[-4.234747,57.486667]}},{"type":"Feature","id":"1730089153","properties":{"name":"Takoradi","rank":5},"geometry":{"type":"Point","coordinates":[-1.738457,4.884167]}},{"type":"Feature","id":"1730089155","properties":{"name":"Basse-Terre","rank":5},"geometry":{"type":"Point","coordinates":[-61.727091,15.996389]}},{"type":"Feature","id":"1730089157","properties":{"name":"Pointe-a-Pitre","rank":5},"geometry":{"type":"Point","coordinates":[-61.538457,16.233889]}},{"type":"Feature","id":"1730089159","properties":{"name":"Banjul","rank":5},"geometry":{"type":"Point","coordinates":[-16.570377,13.444444]}},{"type":"Feature","id":"1730089163","properties":{"name":"Bata","rank":5},"geometry":{"type":"Point","coordinates":[9.738104,1.824167]}},{"type":"Feature","id":"1730089165","properties":{"name":"Iraklion","rank":5},"geometry":{"type":"Point","coordinates":[25.141107,35.345556]}},{"type":"Feature","id":"1730089167","properties":{"name":"Thessaloniki","rank":5},"geometry":{"type":"Point","coordinates":[22.917727,40.635]}},{"type":"Feature","id":"1730089169","properties":{"name":"Cayenne","rank":5},"geometry":{"type":"Point","coordinates":[-52.33616,4.935278]}},{"type":"Feature","id":"1730089171","properties":{"name":"Kourou","rank":5},"geometry":{"type":"Point","coordinates":[-52.624264,5.158889]}},{"type":"Feature","id":"1730089173","properties":{"name":"Georgetown","rank":5},"geometry":{"type":"Point","coordinates":[-58.167197,6.819444]}},{"type":"Feature","id":"1730089175","properties":{"name":"Puerto Cortes","rank":5},"geometry":{"type":"Point","coordinates":[-87.940224,15.833333]}},{"type":"Feature","id":"1730089177","properties":{"name":"Zadar","rank":5},"geometry":{"type":"Point","coordinates":[15.219317,44.1175]}},{"type":"Feature","id":"1730089181","properties":{"name":"Surabaya","rank":5},"geometry":{"type":"Point","coordinates":[113.916667,-7.616667]}},{"type":"Feature","id":"1730089183","properties":{"name":"Manado","rank":5},"geometry":{"type":"Point","coordinates":[124.825854,1.481944]}},{"type":"Feature","id":"1730089185","properties":{"name":"Senipah","rank":5},"geometry":{"type":"Point","coordinates":[117.216667,-1.05]}},{"type":"Feature","id":"1730089187","properties":{"name":"Bhavnagar","rank":5},"geometry":{"type":"Point","coordinates":[72.206007,21.77]}},{"type":"Feature","id":"1730089189","properties":{"name":"Visakhapatnam","rank":5},"geometry":{"type":"Point","coordinates":[83.28722,17.693333]}},{"type":"Feature","id":"1730089191","properties":{"name":"Limerick","rank":5},"geometry":{"type":"Point","coordinates":[-8.633333,52.662778]}},{"type":"Feature","id":"1730089193","properties":{"name":"Bandar Abbas","rank":5},"geometry":{"type":"Point","coordinates":[56.20424,27.140833]}},{"type":"Feature","id":"1730089195","properties":{"name":"Reykjavik","rank":5},"geometry":{"type":"Point","coordinates":[-21.837927,64.148333]}},{"type":"Feature","id":"1730089199","properties":{"name":"Seydisfjordur","rank":5},"geometry":{"type":"Point","coordinates":[-14.00424,65.262778]}},{"type":"Feature","id":"1730089201","properties":{"name":"Trieste","rank":5},"geometry":{"type":"Point","coordinates":[13.75424,45.645]}},{"type":"Feature","id":"1730089203","properties":{"name":"Hiroshima","rank":5},"geometry":{"type":"Point","coordinates":[132.421437,34.365278]}},{"type":"Feature","id":"1730089205","properties":{"name":"Kobe","rank":5},"geometry":{"type":"Point","coordinates":[135.238104,34.684167]}},{"type":"Feature","id":"1730089207","properties":{"name":"Nagasaki","rank":5},"geometry":{"type":"Point","coordinates":[129.859541,32.740278]}},{"type":"Feature","id":"1730089209","properties":{"name":"Otaru","rank":5},"geometry":{"type":"Point","coordinates":[141.016667,43.196944]}},{"type":"Feature","id":"1730089211","properties":{"name":"Tokyo","rank":5},"geometry":{"type":"Point","coordinates":[139.788457,35.624722]}},{"type":"Feature","id":"1730089213","properties":{"name":"Monrovia","rank":5},"geometry":{"type":"Point","coordinates":[-10.793757,6.345556]}},{"type":"Feature","id":"1730089217","properties":{"name":"Colombo","rank":5},"geometry":{"type":"Point","coordinates":[79.850177,6.951389]}},{"type":"Feature","id":"1730089219","properties":{"name":"Casablanca","rank":5},"geometry":{"type":"Point","coordinates":[-7.600177,33.608889]}},{"type":"Feature","id":"1730089221","properties":{"name":"Monaco","rank":5},"geometry":{"type":"Point","coordinates":[7.420907,43.731944]}},{"type":"Feature","id":"1730089223","properties":{"name":"Acapulco","rank":5},"geometry":{"type":"Point","coordinates":[-99.902473,16.844444]}},{"type":"Feature","id":"1730089225","properties":{"name":"Mazatlan","rank":5},"geometry":{"type":"Point","coordinates":[-106.393404,23.192222]}},{"type":"Feature","id":"1730089227","properties":{"name":"Tampico","rank":5},"geometry":{"type":"Point","coordinates":[-97.833687,22.236944]}},{"type":"Feature","id":"1730089229","properties":{"name":"Beira","rank":5},"geometry":{"type":"Point","coordinates":[34.83351,-19.819167]}},{"type":"Feature","id":"1730089231","properties":{"name":"Maputo","rank":5},"geometry":{"type":"Point","coordinates":[32.557067,-25.972778]}},{"type":"Feature","id":"1730089235","properties":{"name":"Nouakchott","rank":5},"geometry":{"type":"Point","coordinates":[-16.021437,18.035278]}},{"type":"Feature","id":"1730089237","properties":{"name":"Plymouth","rank":5},"geometry":{"type":"Point","coordinates":[-62.219847,16.703333]}},{"type":"Feature","id":"1730089239","properties":{"name":"Fort-de-France","rank":5},"geometry":{"type":"Point","coordinates":[-61.05689,14.599167]}},{"type":"Feature","id":"1730089241","properties":{"name":"Noumea","rank":5},"geometry":{"type":"Point","coordinates":[166.425854,-22.259722]}},{"type":"Feature","id":"1730089243","properties":{"name":"Port Harcourt","rank":5},"geometry":{"type":"Point","coordinates":[7.00318,4.769167]}},{"type":"Feature","id":"1730089245","properties":{"name":"Corinto","rank":5},"geometry":{"type":"Point","coordinates":[-87.16914,12.481944]}},{"type":"Feature","id":"1730089247","properties":{"name":"Rotterdam","rank":5},"geometry":{"type":"Point","coordinates":[4.292874,51.927222]}},{"type":"Feature","id":"1730089249","properties":{"name":"Bergen","rank":5},"geometry":{"type":"Point","coordinates":[5.31967,60.396944]}},{"type":"Feature","id":"1730089253","properties":{"name":"Tromso","rank":5},"geometry":{"type":"Point","coordinates":[18.968787,69.655833]}},{"type":"Feature","id":"1730089255","properties":{"name":"Trondheim","rank":5},"geometry":{"type":"Point","coordinates":[10.388987,63.437778]}},{"type":"Feature","id":"1730089257","properties":{"name":"Nelson","rank":5},"geometry":{"type":"Point","coordinates":[173.271967,-41.259722]}},{"type":"Feature","id":"1730089259","properties":{"name":"Muscat","rank":5},"geometry":{"type":"Point","coordinates":[58.409011,23.606667]}},{"type":"Feature","id":"1730089261","properties":{"name":"Cebu","rank":5},"geometry":{"type":"Point","coordinates":[123.922674,10.306389]}},{"type":"Feature","id":"1730089263","properties":{"name":"Zamboanga","rank":5},"geometry":{"type":"Point","coordinates":[122.071437,6.902778]}},{"type":"Feature","id":"1730089265","properties":{"name":"Port Moresby","rank":5},"geometry":{"type":"Point","coordinates":[147.15106,-9.467222]}},{"type":"Feature","id":"1730089267","properties":{"name":"Wewak","rank":5},"geometry":{"type":"Point","coordinates":[143.65053,-3.57]}},{"type":"Feature","id":"1730089271","properties":{"name":"Porto","rank":5},"geometry":{"type":"Point","coordinates":[-8.61861,41.141111]}},{"type":"Feature","id":"1730089273","properties":{"name":"Ponta Delgada","rank":5},"geometry":{"type":"Point","coordinates":[-25.658834,37.736944]}},{"type":"Feature","id":"1730089275","properties":{"name":"Papeete","rank":5},"geometry":{"type":"Point","coordinates":[-149.56967,-17.531111]}},{"type":"Feature","id":"1730089277","properties":{"name":"Doha","rank":5},"geometry":{"type":"Point","coordinates":[51.555654,25.298056]}},{"type":"Feature","id":"1730089279","properties":{"name":"Kaliningrad","rank":5},"geometry":{"type":"Point","coordinates":[20.455477,54.7]}},{"type":"Feature","id":"1730089281","properties":{"name":"Vladivostok","rank":5},"geometry":{"type":"Point","coordinates":[131.88775,43.094444]}},{"type":"Feature","id":"1730089283","properties":{"name":"Vyborg","rank":5},"geometry":{"type":"Point","coordinates":[28.726384,60.705]}},{"type":"Feature","id":"1730089285","properties":{"name":"Port Sudan","rank":5},"geometry":{"type":"Point","coordinates":[37.221614,19.615833]}},{"type":"Feature","id":"1730089289","properties":{"name":"Mogadishu","rank":5},"geometry":{"type":"Point","coordinates":[45.340931,2.028889]}},{"type":"Feature","id":"1730089291","properties":{"name":"Paramaribo","rank":5},"geometry":{"type":"Point","coordinates":[-55.138987,5.82]}},{"type":"Feature","id":"1730089293","properties":{"name":"Goteborg","rank":5},"geometry":{"type":"Point","coordinates":[11.870024,57.689167]}},{"type":"Feature","id":"1730089295","properties":{"name":"Lulea","rank":5},"geometry":{"type":"Point","coordinates":[22.158304,65.578889]}},{"type":"Feature","id":"1730089297","properties":{"name":"Norrkoping","rank":5},"geometry":{"type":"Point","coordinates":[16.225677,58.610278]}},{"type":"Feature","id":"1730089299","properties":{"name":"Lome","rank":5},"geometry":{"type":"Point","coordinates":[1.284923,6.139167]}},{"type":"Feature","id":"1730089301","properties":{"name":"Izmir","rank":5},"geometry":{"type":"Point","coordinates":[27.153887,38.443889]}},{"type":"Feature","id":"1730089303","properties":{"name":"Kaohsiung","rank":5},"geometry":{"type":"Point","coordinates":[120.307067,22.565278]}},{"type":"Feature","id":"1730089307","properties":{"name":"Taichung","rank":5},"geometry":{"type":"Point","coordinates":[120.503887,24.258333]}},{"type":"Feature","id":"1730089309","properties":{"name":"Odessa","rank":5},"geometry":{"type":"Point","coordinates":[30.737044,46.501111]}},{"type":"Feature","id":"1730089311","properties":{"name":"Montevideo","rank":5},"geometry":{"type":"Point","coordinates":[-56.20424,-34.900556]}},{"type":"Feature","id":"1730089313","properties":{"name":"Juneau","rank":5},"geometry":{"type":"Point","coordinates":[-134.670024,58.379167]}},{"type":"Feature","id":"1730089315","properties":{"name":"Nome","rank":5},"geometry":{"type":"Point","coordinates":[-165.425147,64.498333]}},{"type":"Feature","id":"1730089317","properties":{"name":"Hilo","rank":5},"geometry":{"type":"Point","coordinates":[-155.06861,19.733333]}},{"type":"Feature","id":"1730089319","properties":{"name":"Bellingham","rank":5},"geometry":{"type":"Point","coordinates":[-122.500353,48.740556]}},{"type":"Feature","id":"1730089321","properties":{"name":"Houston","rank":5},"geometry":{"type":"Point","coordinates":[-95.20212,29.739167]}},{"type":"Feature","id":"1730089325","properties":{"name":"Brownsville","rank":5},"geometry":{"type":"Point","coordinates":[-97.38457,25.957222]}},{"type":"Feature","id":"1730089327","properties":{"name":"Longview","rank":5},"geometry":{"type":"Point","coordinates":[-122.96702,46.112778]}},{"type":"Feature","id":"1730089329","properties":{"name":"Kingstown","rank":5},"geometry":{"type":"Point","coordinates":[-61.242874,13.169167]}},{"type":"Feature","id":"1730089331","properties":{"name":"La Guaira","rank":5},"geometry":{"type":"Point","coordinates":[-66.940224,10.602778]}},{"type":"Feature","id":"1730089333","properties":{"name":"Maracaibo","rank":5},"geometry":{"type":"Point","coordinates":[-71.58828,10.683611]}},{"type":"Feature","id":"1730089335","properties":{"name":"Da Nang","rank":5},"geometry":{"type":"Point","coordinates":[108.223204,16.082222]}},{"type":"Feature","id":"1730089337","properties":{"name":"Port Vila","rank":5},"geometry":{"type":"Point","coordinates":[168.30583,-17.747222]}},{"type":"Feature","id":"1730089339","properties":{"name":"Apia","rank":5},"geometry":{"type":"Point","coordinates":[-171.75795,-13.828333]}},{"type":"Feature","id":"1730089343","properties":{"name":"Hodeidah","rank":5},"geometry":{"type":"Point","coordinates":[42.935277,14.833611]}},{"type":"Feature","id":"1730089345","properties":{"name":"Ottawa","rank":5},"geometry":{"type":"Point","coordinates":[-75.7,45.43]}},{"type":"Feature","id":"1730089347","properties":{"name":"Buffalo","rank":5},"geometry":{"type":"Point","coordinates":[-78.88,42.88]}},{"type":"Feature","id":"1730089349","properties":{"name":"Cleveland","rank":5},"geometry":{"type":"Point","coordinates":[-81.71,41.5]}},{"type":"Feature","id":"1730089351","properties":{"name":"Green Bay","rank":5},"geometry":{"type":"Point","coordinates":[-88.01,44.51]}},{"type":"Feature","id":"1730089353","properties":{"name":"Duluth","rank":5},"geometry":{"type":"Point","coordinates":[-92.1,46.76]}},{"type":"Feature","id":"1730089355","properties":{"name":"Eureka","rank":5},"geometry":{"type":"Point","coordinates":[-124.18,40.8]}},{"type":"Feature","id":"1730089357","properties":{"name":"Luanda","rank":4},"geometry":{"type":"Point","coordinates":[13.250883,-8.783889]}},{"type":"Feature","id":"1730089361","properties":{"name":"Kralendijk, Bonaire","rank":4},"geometry":{"type":"Point","coordinates":[-68.273557,12.148333]}},{"type":"Feature","id":"1730089363","properties":{"name":"Philipsburg","rank":4},"geometry":{"type":"Point","coordinates":[-63.043757,18.014444]}},{"type":"Feature","id":"1730089365","properties":{"name":"Adelaide","rank":4},"geometry":{"type":"Point","coordinates":[138.50795,-34.799167]}},{"type":"Feature","id":"1730089367","properties":{"name":"Brisbane","rank":4},"geometry":{"type":"Point","coordinates":[153.168433,-27.3825]}},{"type":"Feature","id":"1730089369","properties":{"name":"Port Hedland","rank":4},"geometry":{"type":"Point","coordinates":[118.573204,-20.3175]}},{"type":"Feature","id":"1730089371","properties":{"name":"Chittagong","rank":4},"geometry":{"type":"Point","coordinates":[91.825854,22.268889]}},{"type":"Feature","id":"1730089373","properties":{"name":"Bridgetown","rank":4},"geometry":{"type":"Point","coordinates":[-59.624087,13.106944]}},{"type":"Feature","id":"1730089375","properties":{"name":"Montreal","rank":4},"geometry":{"type":"Point","coordinates":[-73.524617,45.543611]}},{"type":"Feature","id":"1730089379","properties":{"name":"Punta Arenas","rank":4},"geometry":{"type":"Point","coordinates":[-70.90477,-53.168333]}},{"type":"Feature","id":"1730089381","properties":{"name":"Valdivia","rank":4},"geometry":{"type":"Point","coordinates":[-73.226561,-39.816667]}},{"type":"Feature","id":"1730089383","properties":{"name":"Dalian","rank":4},"geometry":{"type":"Point","coordinates":[121.650353,38.933611]}},{"type":"Feature","id":"1730089385","properties":{"name":"Fuzhou","rank":4},"geometry":{"type":"Point","coordinates":[119.30053,26.0475]}},{"type":"Feature","id":"1730089387","properties":{"name":"Qingdao","rank":4},"geometry":{"type":"Point","coordinates":[120.31702,36.095833]}},{"type":"Feature","id":"1730089389","properties":{"name":"Shanghai","rank":4},"geometry":{"type":"Point","coordinates":[121.48722,31.221944]}},{"type":"Feature","id":"1730089391","properties":{"name":"Shantou","rank":4},"geometry":{"type":"Point","coordinates":[116.704064,23.354722]}},{"type":"Feature","id":"1730089393","properties":{"name":"Puntarenas","rank":4},"geometry":{"type":"Point","coordinates":[-84.80424,9.981667]}},{"type":"Feature","id":"1730089397","properties":{"name":"Kiel","rank":4},"geometry":{"type":"Point","coordinates":[10.15689,54.330833]}},{"type":"Feature","id":"1730089399","properties":{"name":"Roseau","rank":4},"geometry":{"type":"Point","coordinates":[-61.385984,15.296389]}},{"type":"Feature","id":"1730089401","properties":{"name":"Santo Domingo","rank":4},"geometry":{"type":"Point","coordinates":[-69.875854,18.475278]}},{"type":"Feature","id":"1730089403","properties":{"name":"Cartagena","rank":4},"geometry":{"type":"Point","coordinates":[-0.985984,37.589444]}},{"type":"Feature","id":"1730089405","properties":{"name":"Vigo","rank":4},"geometry":{"type":"Point","coordinates":[-8.726207,42.2425]}},{"type":"Feature","id":"1730089407","properties":{"name":"Santa Cruz de Tenerife","rank":4},"geometry":{"type":"Point","coordinates":[-16.226561,28.474722]}},{"type":"Feature","id":"1730089409","properties":{"name":"Tallinn","rank":4},"geometry":{"type":"Point","coordinates":[24.690754,59.46]}},{"type":"Feature","id":"1730089411","properties":{"name":"Suva","rank":4},"geometry":{"type":"Point","coordinates":[178.421084,-18.1325]}},{"type":"Feature","id":"1730089415","properties":{"name":"Saint-Tropez","rank":4},"geometry":{"type":"Point","coordinates":[6.633333,43.270556]}},{"type":"Feature","id":"1730089417","properties":{"name":"Glasgow","rank":4},"geometry":{"type":"Point","coordinates":[-4.30318,55.863056]}},{"type":"Feature","id":"1730089419","properties":{"name":"Southampton","rank":4},"geometry":{"type":"Point","coordinates":[-1.424441,50.9025]}},{"type":"Feature","id":"1730089421","properties":{"name":"Gibraltar","rank":4},"geometry":{"type":"Point","coordinates":[-5.357244,36.136944]}},{"type":"Feature","id":"1730089423","properties":{"name":"Conakry","rank":4},"geometry":{"type":"Point","coordinates":[-13.709894,9.516389]}},{"type":"Feature","id":"1730089425","properties":{"name":"Bissau","rank":4},"geometry":{"type":"Point","coordinates":[-15.572674,11.858333]}},{"type":"Feature","id":"1730089427","properties":{"name":"Canea","rank":4},"geometry":{"type":"Point","coordinates":[24.009717,35.518056]}},{"type":"Feature","id":"1730089429","properties":{"name":"Katakolon","rank":4},"geometry":{"type":"Point","coordinates":[21.31861,37.646389]}},{"type":"Feature","id":"1730089433","properties":{"name":"San Jose","rank":4},"geometry":{"type":"Point","coordinates":[-90.841284,13.915556]}},{"type":"Feature","id":"1730089435","properties":{"name":"Hong Kong","rank":4},"geometry":{"type":"Point","coordinates":[114.156184,22.321111]}},{"type":"Feature","id":"1730089437","properties":{"name":"Port-au-Prince","rank":4},"geometry":{"type":"Point","coordinates":[-72.339694,18.565833]}},{"type":"Feature","id":"1730089439","properties":{"name":"Surabaya","rank":4},"geometry":{"type":"Point","coordinates":[112.723911,-7.206389]}},{"type":"Feature","id":"1730089441","properties":{"name":"Dublin","rank":4},"geometry":{"type":"Point","coordinates":[-6.206007,53.344444]}},{"type":"Feature","id":"1730089443","properties":{"name":"Waterford","rank":4},"geometry":{"type":"Point","coordinates":[-7.118787,52.266389]}},{"type":"Feature","id":"1730089445","properties":{"name":"Haifa","rank":4},"geometry":{"type":"Point","coordinates":[35.018257,32.8225]}},{"type":"Feature","id":"1730089447","properties":{"name":"Livorno","rank":4},"geometry":{"type":"Point","coordinates":[10.301943,43.555833]}},{"type":"Feature","id":"1730089451","properties":{"name":"Ischia","rank":4},"geometry":{"type":"Point","coordinates":[13.938104,40.745278]}},{"type":"Feature","id":"1730089453","properties":{"name":"Kingston","rank":4},"geometry":{"type":"Point","coordinates":[-76.824794,17.981667]}},{"type":"Feature","id":"1730089455","properties":{"name":"Kitakyushu","rank":4},"geometry":{"type":"Point","coordinates":[130.85424,33.9225]}},{"type":"Feature","id":"1730089457","properties":{"name":"Mombasa","rank":4},"geometry":{"type":"Point","coordinates":[39.622144,-4.053056]}},{"type":"Feature","id":"1730089459","properties":{"name":"Phnom Penh","rank":4},"geometry":{"type":"Point","coordinates":[104.920907,11.583056]}},{"type":"Feature","id":"1730089461","properties":{"name":"Beirut","rank":4},"geometry":{"type":"Point","coordinates":[35.519494,33.905]}},{"type":"Feature","id":"1730089463","properties":{"name":"Male","rank":4},"geometry":{"type":"Point","coordinates":[73.507067,4.175]}},{"type":"Feature","id":"1730089465","properties":{"name":"Veracruz","rank":4},"geometry":{"type":"Point","coordinates":[-96.133687,19.208333]}},{"type":"Feature","id":"1730089469","properties":{"name":"Yangon","rank":4},"geometry":{"type":"Point","coordinates":[96.168787,16.765833]}},{"type":"Feature","id":"1730089471","properties":{"name":"Wellington","rank":4},"geometry":{"type":"Point","coordinates":[174.78987,-41.2775]}},{"type":"Feature","id":"1730089473","properties":{"name":"Szczecin","rank":4},"geometry":{"type":"Point","coordinates":[14.585807,53.430556]}},{"type":"Feature","id":"1730089475","properties":{"name":"Jeddah","rank":4},"geometry":{"type":"Point","coordinates":[39.159011,21.458611]}},{"type":"Feature","id":"1730089477","properties":{"name":"Dakar","rank":4},"geometry":{"type":"Point","coordinates":[-17.425147,14.682222]}},{"type":"Feature","id":"1730089479","properties":{"name":"Singapore","rank":4},"geometry":{"type":"Point","coordinates":[103.722144,1.292778]}},{"type":"Feature","id":"1730089481","properties":{"name":"Freetown","rank":4},"geometry":{"type":"Point","coordinates":[-13.207951,8.494167]}},{"type":"Feature","id":"1730089483","properties":{"name":"Stockholm","rank":4},"geometry":{"type":"Point","coordinates":[18.109364,59.335]}},{"type":"Feature","id":"1730089487","properties":{"name":"Bangkok","rank":4},"geometry":{"type":"Point","coordinates":[100.56914,13.606944]}},{"type":"Feature","id":"1730089489","properties":{"name":"Canakkale","rank":4},"geometry":{"type":"Point","coordinates":[26.521967,40.264722]}},{"type":"Feature","id":"1730089491","properties":{"name":"Anchorage","rank":4},"geometry":{"type":"Point","coordinates":[-149.88775,61.235556]}},{"type":"Feature","id":"1730089493","properties":{"name":"Long Beach","rank":4},"geometry":{"type":"Point","coordinates":[-118.200707,33.748889]}},{"type":"Feature","id":"1730089495","properties":{"name":"Oakland","rank":4},"geometry":{"type":"Point","coordinates":[-122.301237,37.799444]}},{"type":"Feature","id":"1730089497","properties":{"name":"Jacksonville","rank":4},"geometry":{"type":"Point","coordinates":[-81.559187,30.380833]}},{"type":"Feature","id":"1730089499","properties":{"name":"Philadelphia","rank":4},"geometry":{"type":"Point","coordinates":[-75.13457,39.895278]}},{"type":"Feature","id":"1730089501","properties":{"name":"Charleston","rank":4},"geometry":{"type":"Point","coordinates":[-79.923557,32.822222]}},{"type":"Feature","id":"1730089505","properties":{"name":"Newport","rank":4},"geometry":{"type":"Point","coordinates":[-71.324441,41.4825]}},{"type":"Feature","id":"1730089507","properties":{"name":"Ho Chi Minh City","rank":4},"geometry":{"type":"Point","coordinates":[106.72179,10.793889]}},{"type":"Feature","id":"1730089509","properties":{"name":"Aden","rank":4},"geometry":{"type":"Point","coordinates":[44.989694,12.795556]}},{"type":"Feature","id":"1730089511","properties":{"name":"Durban","rank":4},"geometry":{"type":"Point","coordinates":[31.02338,-29.881111]}},{"type":"Feature","id":"1730089513","properties":{"name":"Port Elizabeth","rank":4},"geometry":{"type":"Point","coordinates":[25.635277,-33.961389]}},{"type":"Feature","id":"1730089515","properties":{"name":"Port Elizabeth","rank":4},"geometry":{"type":"Point","coordinates":[25.635277,-33.961389]}},{"type":"Feature","id":"1730089517","properties":{"name":"Detroit","rank":4},"geometry":{"type":"Point","coordinates":[-83.03,42.33]}},{"type":"Feature","id":"1730089519","properties":{"name":"Port Of Memphis","rank":4},"geometry":{"type":"Point","coordinates":[-90.16,35.06]}},{"type":"Feature","id":"1730089523","properties":{"name":"Tri-City Port","rank":4},"geometry":{"type":"Point","coordinates":[-90.2,38.71]}},{"type":"Feature","id":"1730089525","properties":{"name":"Helsinki","rank":4},"geometry":{"type":"Point","coordinates":[24.96,60.16]}},{"type":"Feature","id":"1730089527","properties":{"name":"Sankt-Peterburg","rank":4},"geometry":{"type":"Point","coordinates":[30.3,59.93]}},{"type":"Feature","id":"1730089529","properties":{"name":"Oranjestad","rank":3},"geometry":{"type":"Point","coordinates":[-70.03881,12.52]}},{"type":"Feature","id":"1730089531","properties":{"name":"Dubai","rank":3},"geometry":{"type":"Point","coordinates":[55.269317,25.267222]}},{"type":"Feature","id":"1730089533","properties":{"name":"Buenos Aires","rank":3},"geometry":{"type":"Point","coordinates":[-58.36967,-34.599167]}},{"type":"Feature","id":"1730089535","properties":{"name":"Darwin","rank":3},"geometry":{"type":"Point","coordinates":[130.854947,-12.470278]}},{"type":"Feature","id":"1730089537","properties":{"name":"Melbourne","rank":3},"geometry":{"type":"Point","coordinates":[144.917197,-37.832778]}},{"type":"Feature","id":"1730089541","properties":{"name":"Perth","rank":3},"geometry":{"type":"Point","coordinates":[115.855477,-31.965278]}},{"type":"Feature","id":"1730089543","properties":{"name":"Sydney","rank":3},"geometry":{"type":"Point","coordinates":[151.189164,-33.862222]}},{"type":"Feature","id":"1730089545","properties":{"name":"Cotonou","rank":3},"geometry":{"type":"Point","coordinates":[2.42232,6.346667]}},{"type":"Feature","id":"1730089547","properties":{"name":"Nassau","rank":3},"geometry":{"type":"Point","coordinates":[-77.32126,25.076667]}},{"type":"Feature","id":"1730089549","properties":{"name":"Rio de Janeiro","rank":3},"geometry":{"type":"Point","coordinates":[-43.191814,-22.883056]}},{"type":"Feature","id":"1730089551","properties":{"name":"Vancouver","rank":3},"geometry":{"type":"Point","coordinates":[-123.071437,49.297778]}},{"type":"Feature","id":"1730089553","properties":{"name":"Liverpool","rank":3},"geometry":{"type":"Point","coordinates":[-64.70371,44.043333]}},{"type":"Feature","id":"1730089555","properties":{"name":"Valparaiso","rank":3},"geometry":{"type":"Point","coordinates":[-71.61914,-33.035278]}},{"type":"Feature","id":"1730089559","properties":{"name":"Guangzhou","rank":3},"geometry":{"type":"Point","coordinates":[113.409364,23.094167]}},{"type":"Feature","id":"1730089561","properties":{"name":"Tianjin","rank":3},"geometry":{"type":"Point","coordinates":[117.456537,39.009444]}},{"type":"Feature","id":"1730089563","properties":{"name":"Abidjan","rank":3},"geometry":{"type":"Point","coordinates":[-4.02126,5.283333]}},{"type":"Feature","id":"1730089565","properties":{"name":"Bremerhaven","rank":3},"geometry":{"type":"Point","coordinates":[8.553004,53.563611]}},{"type":"Feature","id":"1730089567","properties":{"name":"Rostock","rank":3},"geometry":{"type":"Point","coordinates":[12.117903,54.1525]}},{"type":"Feature","id":"1730089569","properties":{"name":"Tuborg","rank":3},"geometry":{"type":"Point","coordinates":[12.58404,55.726111]}},{"type":"Feature","id":"1730089571","properties":{"name":"Guayaquil","rank":3},"geometry":{"type":"Point","coordinates":[-79.902473,-2.284167]}},{"type":"Feature","id":"1730089573","properties":{"name":"Port Said","rank":3},"geometry":{"type":"Point","coordinates":[32.306007,31.253333]}},{"type":"Feature","id":"1730089577","properties":{"name":"Barcelona","rank":3},"geometry":{"type":"Point","coordinates":[2.168787,41.354722]}},{"type":"Feature","id":"1730089579","properties":{"name":"Malaga","rank":3},"geometry":{"type":"Point","coordinates":[-4.418257,36.709444]}},{"type":"Feature","id":"1730089581","properties":{"name":"Palma de Mallorca","rank":3},"geometry":{"type":"Point","coordinates":[2.625324,39.551111]}},{"type":"Feature","id":"1730089583","properties":{"name":"Le Havre","rank":3},"geometry":{"type":"Point","coordinates":[0.173734,49.466944]}},{"type":"Feature","id":"1730089585","properties":{"name":"Marseille","rank":3},"geometry":{"type":"Point","coordinates":[5.341284,43.329444]}},{"type":"Feature","id":"1730089587","properties":{"name":"Nice","rank":3},"geometry":{"type":"Point","coordinates":[7.28563,43.693889]}},{"type":"Feature","id":"1730089589","properties":{"name":"London","rank":3},"geometry":{"type":"Point","coordinates":[-0.067197,51.502778]}},{"type":"Feature","id":"1730089591","properties":{"name":"Gythion","rank":3},"geometry":{"type":"Point","coordinates":[22.56755,36.76]}},{"type":"Feature","id":"1730089595","properties":{"name":"Rhodes","rank":3},"geometry":{"type":"Point","coordinates":[28.23351,36.443611]}},{"type":"Feature","id":"1730089597","properties":{"name":"Dubrovnik","rank":3},"geometry":{"type":"Point","coordinates":[18.076384,42.66]}},{"type":"Feature","id":"1730089599","properties":{"name":"Civitavecchia","rank":3},"geometry":{"type":"Point","coordinates":[11.775677,42.098889]}},{"type":"Feature","id":"1730089601","properties":{"name":"Palermo","rank":3},"geometry":{"type":"Point","coordinates":[13.369847,38.130833]}},{"type":"Feature","id":"1730089603","properties":{"name":"Savona","rank":3},"geometry":{"type":"Point","coordinates":[8.489517,44.311667]}},{"type":"Feature","id":"1730089605","properties":{"name":"Marghera","rank":3},"geometry":{"type":"Point","coordinates":[12.240577,45.453056]}},{"type":"Feature","id":"1730089607","properties":{"name":"Montego Bay","rank":3},"geometry":{"type":"Point","coordinates":[-77.935453,18.4675]}},{"type":"Feature","id":"1730089609","properties":{"name":"Osaka","rank":3},"geometry":{"type":"Point","coordinates":[135.433863,34.635833]}},{"type":"Feature","id":"1730089613","properties":{"name":"Yokohama","rank":3},"geometry":{"type":"Point","coordinates":[139.667373,35.436389]}},{"type":"Feature","id":"1730089615","properties":{"name":"Riga","rank":3},"geometry":{"type":"Point","coordinates":[24.088104,57.007778]}},{"type":"Feature","id":"1730089617","properties":{"name":"Cabo San Lucas","rank":3},"geometry":{"type":"Point","coordinates":[-109.900707,22.883889]}},{"type":"Feature","id":"1730089619","properties":{"name":"Marsaxlokk","rank":3},"geometry":{"type":"Point","coordinates":[14.541284,35.826111]}},{"type":"Feature","id":"1730089621","properties":{"name":"Amsterdam","rank":3},"geometry":{"type":"Point","coordinates":[4.824087,52.413056]}},{"type":"Feature","id":"1730089623","properties":{"name":"Oslo","rank":3},"geometry":{"type":"Point","coordinates":[10.73457,59.897222]}},{"type":"Feature","id":"1730089625","properties":{"name":"Auckland","rank":3},"geometry":{"type":"Point","coordinates":[174.769494,-36.836389]}},{"type":"Feature","id":"1730089627","properties":{"name":"Karachi","rank":3},"geometry":{"type":"Point","coordinates":[66.973734,24.835]}},{"type":"Feature","id":"1730089631","properties":{"name":"Colon","rank":3},"geometry":{"type":"Point","coordinates":[-79.8851,9.373333]}},{"type":"Feature","id":"1730089633","properties":{"name":"Manila","rank":3},"geometry":{"type":"Point","coordinates":[120.943404,14.524167]}},{"type":"Feature","id":"1730089635","properties":{"name":"San Juan","rank":3},"geometry":{"type":"Point","coordinates":[-66.091284,18.436111]}},{"type":"Feature","id":"1730089637","properties":{"name":"Istanbul","rank":3},"geometry":{"type":"Point","coordinates":[28.993404,41.012778]}},{"type":"Feature","id":"1730089639","properties":{"name":"Taipei","rank":3},"geometry":{"type":"Point","coordinates":[121.374617,25.151944]}},{"type":"Feature","id":"1730089641","properties":{"name":"Dar es Salaam","rank":3},"geometry":{"type":"Point","coordinates":[39.293404,-6.834444]}},{"type":"Feature","id":"1730089643","properties":{"name":"Mobile","rank":3},"geometry":{"type":"Point","coordinates":[-88.03775,30.711389]}},{"type":"Feature","id":"1730089645","properties":{"name":"Los Angeles","rank":3},"geometry":{"type":"Point","coordinates":[-118.259717,33.731944]}},{"type":"Feature","id":"1730089649","properties":{"name":"San Diego","rank":3},"geometry":{"type":"Point","coordinates":[-117.157244,32.684444]}},{"type":"Feature","id":"1730089651","properties":{"name":"San Francisco","rank":3},"geometry":{"type":"Point","coordinates":[-122.400883,37.788611]}},{"type":"Feature","id":"1730089653","properties":{"name":"Miami","rank":3},"geometry":{"type":"Point","coordinates":[-80.16702,25.775]}},{"type":"Feature","id":"1730089655","properties":{"name":"Tampa","rank":3},"geometry":{"type":"Point","coordinates":[-82.43616,27.93]}},{"type":"Feature","id":"1730089657","properties":{"name":"Honolulu","rank":3},"geometry":{"type":"Point","coordinates":[-157.873734,21.309444]}},{"type":"Feature","id":"1730089659","properties":{"name":"Boston","rank":3},"geometry":{"type":"Point","coordinates":[-71.035453,42.363611]}},{"type":"Feature","id":"1730089661","properties":{"name":"Baltimore","rank":3},"geometry":{"type":"Point","coordinates":[-76.555654,39.2325]}},{"type":"Feature","id":"1730089663","properties":{"name":"New York","rank":3},"geometry":{"type":"Point","coordinates":[-74.024264,40.688333]}},{"type":"Feature","id":"1730089667","properties":{"name":"Galveston","rank":3},"geometry":{"type":"Point","coordinates":[-94.817903,29.304167]}},{"type":"Feature","id":"1730089669","properties":{"name":"Norfolk","rank":3},"geometry":{"type":"Point","coordinates":[-76.292521,36.901944]}},{"type":"Feature","id":"1730089671","properties":{"name":"Seattle","rank":3},"geometry":{"type":"Point","coordinates":[-122.359717,47.602222]}},{"type":"Feature","id":"1730089673","properties":{"name":"Cape Town","rank":3},"geometry":{"type":"Point","coordinates":[18.435277,-33.909167]}},{"type":"Feature","id":"1730089675","properties":{"name":"Toronto","rank":3},"geometry":{"type":"Point","coordinates":[-79.38,43.61]}},{"type":"Feature","id":"1730089677","properties":{"name":"Chicago","rank":3},"geometry":{"type":"Point","coordinates":[-87.6,41.88]}}]}
